PLAN_ID,SOURCE_PLAN_CODE,SOURCE_PLAN_NAME,QLADMIN_PLAN_CODE,PRODUCT_FAMILY,BASE_OR_RIDER,PARTICIPATING_STATUS,INTEREST_SENSITIVE_STATUS,ISSUE_DATE_FROM,ISSUE_DATE_TO,SOURCE_REVIEW_STATUS,BUSINESS_CLASSIFICATION_STATUS,PLAN_MAPPING_STATUS,PRODUCT_SETUP_STATUS,RATE_IDENTIFICATION_STATUS,CONVERSION_STATUS,VALIDATION_STATUS,CLIENT_REVIEW_STATUS,OWNER,OPEN_ISSUE_COUNT,SOURCE_AUTHORITY,NOTES,PLAN_UNIVERSE_STATUS,PLAN_AUTHORITY_STATUS,PLAN_IDENTITY_CONFIDENCE,TRACKER_INDICATOR,PLAN_DBF_INDICATOR,CROSSWALK_INDICATOR,RATE_REQUIREMENTS_INDICATOR,RESERVE_STAGING_INDICATOR,DRAFT_OUTPUT_INDICATOR,POSSIBLE_ALIAS,CANONICAL_PLAN_CODE,CLIENT_REVIEW_REQUIRED,ACTUARIAL_REVIEW_REQUIRED,INTERNAL_REVIEW_REQUIRED,RELATED_DECISION_ID
CIT-PLAN-0001,$GS2,,,,BASE,UNKNOWN,UNKNOWN,,,READY_FOR_REVIEW,NOT_STARTED,NOT_STARTED,NOT_STARTED,NOT_STARTED,NOT_STARTED,NOT_STARTED,NOT_STARTED,,1,PENDING_REVIEW,Working governance row from Stage 4A; not client-approved,IN_SCOPE_BASE_PLAN,PENDING_REVIEW,MEDIUM,N,Y,N,N,N,N,,$GS2,Y,Y,Y,CIT-DEC-003
CIT-PLAN-0002,.822,,,,BASE,UNKNOWN,UNKNOWN,,,READY_FOR_REVIEW,NOT_STARTED,NOT_STARTED,NOT_STARTED,READY_FOR_REVIEW,IN_PROGRESS,NOT_STARTED,NOT_STARTED,,0,PENDING_REVIEW,Working governance row from Stage 4A; not client-approved,IN_SCOPE_PENDING_SOURCE,PENDING_REVIEW,LOW,N,N,N,N,Y,Y,,.822,N,Y,Y,
CIT-PLAN-0003,0000,,,,BASE,UNKNOWN,UNKNOWN,,,READY_FOR_REVIEW,NOT_STARTED,NOT_STARTED,NOT_STARTED,READY_FOR_REVIEW,IN_PROGRESS,NOT_STARTED,NOT_STARTED,,0,PENDING_REVIEW,Working governance row from Stage 4A; not client-approved,IN_SCOPE_PENDING_SOURCE,PENDING_REVIEW,LOW,N,N,N,N,Y,Y,,0000,N,Y,Y,
CIT-PLAN-0004,010G,WAIVER OF PREMIUM,10010G,Rider,RIDER,UNKNOWN,UNKNOWN,,,READY_FOR_REVIEW,IN_PROGRESS,IN_PROGRESS,NOT_STARTED,IN_PROGRESS,NOT_STARTED,NOT_STARTED,NOT_STARTED,,0,PENDING_REVIEW,Working governance row from Stage 4A; not client-approved,IN_SCOPE_RIDER,PENDING_REVIEW,HIGH,Y,Y,Y,Y,N,N,,010G,N,N,Y,
CIT-PLAN-0005,011G,WAIVER OF PREMIUM,10011G,Rider,RIDER,UNKNOWN,UNKNOWN,,,READY_FOR_REVIEW,IN_PROGRESS,IN_PROGRESS,NOT_STARTED,IN_PROGRESS,NOT_STARTED,NOT_STARTED,NOT_STARTED,,0,PENDING_REVIEW,Working governance row from Stage 4A; not client-approved,IN_SCOPE_RIDER,PENDING_REVIEW,HIGH,Y,Y,Y,Y,N,N,,011G,N,N,Y,
CIT-PLAN-0006,012G,WAIVER OF PREMIUM,10012G,Rider,RIDER,UNKNOWN,UNKNOWN,,,READY_FOR_REVIEW,IN_PROGRESS,IN_PROGRESS,NOT_STARTED,IN_PROGRESS,NOT_STARTED,NOT_STARTED,NOT_STARTED,,0,PENDING_REVIEW,Working governance row from Stage 4A; not client-approved,IN_SCOPE_RIDER,PENDING_REVIEW,HIGH,Y,Y,Y,Y,N,N,,012G,N,N,Y,
CIT-PLAN-0007,013G,WAIVER OF PREMIUM,10013G,Rider,RIDER,UNKNOWN,UNKNOWN,,,READY_FOR_REVIEW,IN_PROGRESS,IN_PROGRESS,NOT_STARTED,IN_PROGRESS,NOT_STARTED,NOT_STARTED,NOT_STARTED,,0,PENDING_REVIEW,Working governance row from Stage 4A; not client-approved,IN_SCOPE_RIDER,PENDING_REVIEW,HIGH,Y,Y,Y,Y,N,N,,013G,N,N,Y,
CIT-PLAN-0008,014G,WAIVER OF PREMIUM,10014G,Rider,RIDER,UNKNOWN,UNKNOWN,,,READY_FOR_REVIEW,IN_PROGRESS,IN_PROGRESS,NOT_STARTED,IN_PROGRESS,NOT_STARTED,NOT_STARTED,NOT_STARTED,,0,PENDING_REVIEW,Working governance row from Stage 4A; not client-approved,IN_SCOPE_RIDER,PENDING_REVIEW,HIGH,Y,Y,Y,Y,N,N,,014G,N,N,Y,
CIT-PLAN-0009,020G,WAVIER OF PREMIUM,,Rider,RIDER,UNKNOWN,UNKNOWN,,,READY_FOR_REVIEW,IN_PROGRESS,NOT_STARTED,NOT_STARTED,IN_PROGRESS,NOT_STARTED,NOT_STARTED,NOT_STARTED,,1,PENDING_REVIEW,Working governance row from Stage 4A; not client-approved,IN_SCOPE_RIDER,PENDING_REVIEW,HIGH,Y,Y,N,Y,N,N,,020G,N,N,Y,CIT-DEC-004
CIT-PLAN-0010,021G,WPOB D/D,,Rider,RIDER,UNKNOWN,UNKNOWN,,,READY_FOR_REVIEW,IN_PROGRESS,NOT_STARTED,NOT_STARTED,IN_PROGRESS,NOT_STARTED,NOT_STARTED,NOT_STARTED,,1,PENDING_REVIEW,Working governance row from Stage 4A; not client-approved,IN_SCOPE_RIDER,PENDING_REVIEW,HIGH,Y,Y,N,Y,N,N,,021G,N,N,Y,CIT-DEC-004
CIT-PLAN-0011,051G,ACCIDENTAL DEATH BENEFIT,9051G,Rider,RIDER,UNKNOWN,UNKNOWN,,,READY_FOR_REVIEW,IN_PROGRESS,IN_PROGRESS,NOT_STARTED,IN_PROGRESS,NOT_STARTED,NOT_STARTED,NOT_STARTED,,0,PENDING_REVIEW,Working governance row from Stage 4A; not client-approved,IN_SCOPE_RIDER,PENDING_REVIEW,HIGH,Y,Y,Y,Y,N,N,,051G,N,N,Y,
CIT-PLAN-0012,052G,ACCIDENTAL DEATH BENEFIT,9052G,Rider,RIDER,UNKNOWN,UNKNOWN,,,READY_FOR_REVIEW,IN_PROGRESS,IN_PROGRESS,NOT_STARTED,IN_PROGRESS,NOT_STARTED,NOT_STARTED,NOT_STARTED,,0,PENDING_REVIEW,Working governance row from Stage 4A; not client-approved,IN_SCOPE_RIDER,PENDING_REVIEW,HIGH,Y,Y,Y,Y,N,N,,052G,N,N,Y,
CIT-PLAN-0013,053G,ACCIDENTAL DEATH BENEFIT,9053G,Rider,RIDER,UNKNOWN,UNKNOWN,,,READY_FOR_REVIEW,IN_PROGRESS,IN_PROGRESS,NOT_STARTED,IN_PROGRESS,NOT_STARTED,NOT_STARTED,NOT_STARTED,,0,PENDING_REVIEW,Working governance row from Stage 4A; not client-approved,IN_SCOPE_RIDER,PENDING_REVIEW,HIGH,Y,Y,Y,Y,N,N,,053G,N,N,Y,
CIT-PLAN-0014,054G,ACCIDENTAL DEATH BENEFIT,9054G,Rider,RIDER,UNKNOWN,UNKNOWN,,,READY_FOR_REVIEW,IN_PROGRESS,IN_PROGRESS,NOT_STARTED,IN_PROGRESS,NOT_STARTED,NOT_STARTED,NOT_STARTED,,0,PENDING_REVIEW,Working governance row from Stage 4A; not client-approved,IN_SCOPE_RIDER,PENDING_REVIEW,HIGH,Y,Y,Y,Y,N,N,,054G,N,N,Y,
CIT-PLAN-0015,057,,,,BASE,UNKNOWN,UNKNOWN,,,READY_FOR_REVIEW,NOT_STARTED,NOT_STARTED,NOT_STARTED,READY_FOR_REVIEW,IN_PROGRESS,NOT_STARTED,NOT_STARTED,,0,PENDING_REVIEW,Working governance row from Stage 4A; not client-approved,IN_SCOPE_PENDING_SOURCE,PENDING_REVIEW,LOW,N,N,N,N,Y,Y,,057,N,Y,Y,
CIT-PLAN-0016,057F,,,,BASE,UNKNOWN,UNKNOWN,,,READY_FOR_REVIEW,NOT_STARTED,NOT_STARTED,NOT_STARTED,READY_FOR_REVIEW,IN_PROGRESS,NOT_STARTED,NOT_STARTED,,0,PENDING_REVIEW,Working governance row from Stage 4A; not client-approved,IN_SCOPE_PENDING_SOURCE,PENDING_REVIEW,LOW,N,N,N,N,Y,Y,,057F,N,Y,Y,
CIT-PLAN-0017,057G,ACCIDENTAL DEATH BENEFIT,9057G,Rider,RIDER,UNKNOWN,UNKNOWN,,,READY_FOR_REVIEW,IN_PROGRESS,IN_PROGRESS,NOT_STARTED,READY_FOR_REVIEW,IN_PROGRESS,NOT_STARTED,NOT_STARTED,,0,PENDING_REVIEW,Working governance row from Stage 4A; not client-approved,IN_SCOPE_RIDER,PENDING_REVIEW,HIGH,Y,Y,Y,Y,Y,Y,,057G,N,N,Y,
CIT-PLAN-0018,0D0G,RATING,,Rated Premium / Substandard,BASE,UNKNOWN,UNKNOWN,,,READY_FOR_REVIEW,IN_PROGRESS,NOT_STARTED,NOT_STARTED,IN_PROGRESS,NOT_STARTED,NOT_STARTED,NOT_STARTED,,1,PENDING_REVIEW,Working governance row from Stage 4A; not client-approved,IN_SCOPE_BASE_PLAN,PENDING_REVIEW,HIGH,Y,Y,N,Y,N,N,,0D0G,N,Y,Y,CIT-DEC-004
CIT-PLAN-0019,10,,,,BASE,UNKNOWN,UNKNOWN,,,READY_FOR_REVIEW,NOT_STARTED,NOT_STARTED,NOT_STARTED,READY_FOR_REVIEW,IN_PROGRESS,NOT_STARTED,NOT_STARTED,,0,PENDING_REVIEW,Working governance row from Stage 4A; not client-approved,IN_SCOPE_PENDING_SOURCE,PENDING_REVIEW,LOW,N,N,N,N,Y,Y,,10,N,Y,Y,
CIT-PLAN-0020,100,MERCHANDISE/SERVICE,100100,Paid-Up / Nonforfeiture,BASE,UNKNOWN,UNKNOWN,,,READY_FOR_REVIEW,IN_PROGRESS,IN_PROGRESS,NOT_STARTED,IN_PROGRESS,NOT_STARTED,NOT_STARTED,NOT_STARTED,,0,PENDING_REVIEW,Working governance row from Stage 4A; not client-approved,IN_SCOPE_BASE_PLAN,PENDING_REVIEW,HIGH,Y,Y,Y,Y,N,N,,100,N,Y,Y,
CIT-PLAN-0021,100V,SPECIAL VAULT POLICY,,,BASE,UNKNOWN,UNKNOWN,,,READY_FOR_REVIEW,NOT_STARTED,IN_PROGRESS,NOT_STARTED,NOT_STARTED,NOT_STARTED,NOT_STARTED,NOT_STARTED,,1,PENDING_REVIEW,Working governance row from Stage 4A; not client-approved,IN_SCOPE_BASE_PLAN,PENDING_REVIEW,MEDIUM,N,Y,Y,N,N,N,,100V,Y,Y,Y,CIT-DEC-003
CIT-PLAN-0022,1011,PAID UP/PAID IN FULL 2001 CSO,,Paid-Up / Nonforfeiture,BASE,UNKNOWN,UNKNOWN,,,READY_FOR_REVIEW,IN_PROGRESS,NOT_STARTED,NOT_STARTED,IN_PROGRESS,NOT_STARTED,NOT_STARTED,NOT_STARTED,,1,PENDING_REVIEW,Working governance row from Stage 4A; not client-approved,IN_SCOPE_BASE_PLAN,PENDING_REVIEW,HIGH,Y,Y,N,Y,N,N,,1011,N,Y,Y,CIT-DEC-004
CIT-PLAN-0023,1012,PAIDUP/PAID IN FULL 2001 CSO,,Paid-Up / Nonforfeiture,BASE,UNKNOWN,UNKNOWN,,,READY_FOR_REVIEW,IN_PROGRESS,NOT_STARTED,NOT_STARTED,IN_PROGRESS,NOT_STARTED,NOT_STARTED,NOT_STARTED,,1,PENDING_REVIEW,Working governance row from Stage 4A; not client-approved,IN_SCOPE_BASE_PLAN,PENDING_REVIEW,HIGH,Y,Y,N,Y,N,N,,1012,N,Y,Y,CIT-DEC-004
CIT-PLAN-0024,1013,PAID UP/PAID IN FULL 2001 CSO,,Paid-Up / Nonforfeiture,BASE,UNKNOWN,UNKNOWN,,,READY_FOR_REVIEW,IN_PROGRESS,NOT_STARTED,NOT_STARTED,IN_PROGRESS,NOT_STARTED,NOT_STARTED,NOT_STARTED,,1,PENDING_REVIEW,Working governance row from Stage 4A; not client-approved,IN_SCOPE_BASE_PLAN,PENDING_REVIEW,HIGH,Y,Y,N,Y,N,N,,1013,N,Y,Y,CIT-DEC-004
CIT-PLAN-0025,1014,PAID UP/PAID IN FULL 2001 CSO,,Paid-Up / Nonforfeiture,BASE,UNKNOWN,UNKNOWN,,,READY_FOR_REVIEW,IN_PROGRESS,NOT_STARTED,NOT_STARTED,IN_PROGRESS,NOT_STARTED,NOT_STARTED,NOT_STARTED,,1,PENDING_REVIEW,Working governance row from Stage 4A; not client-approved,IN_SCOPE_BASE_PLAN,PENDING_REVIEW,HIGH,Y,Y,N,Y,N,N,,1014,N,Y,Y,CIT-DEC-004
CIT-PLAN-0026,1015,REDUCED PAID UP LIFE 41 CSO 3,101015,Paid-Up / Nonforfeiture,BASE,UNKNOWN,UNKNOWN,,,READY_FOR_REVIEW,IN_PROGRESS,IN_PROGRESS,NOT_STARTED,IN_PROGRESS,NOT_STARTED,NOT_STARTED,NOT_STARTED,,0,PENDING_REVIEW,Working governance row from Stage 4A; not client-approved,IN_SCOPE_BASE_PLAN,PENDING_REVIEW,HIGH,Y,Y,Y,Y,N,N,,1015,N,Y,Y,
CIT-PLAN-0027,101C,PAID-UP/REDUCED PD UP 2001 COM,,Paid-Up / Nonforfeiture,BASE,UNKNOWN,UNKNOWN,,,READY_FOR_REVIEW,IN_PROGRESS,NOT_STARTED,NOT_STARTED,IN_PROGRESS,NOT_STARTED,NOT_STARTED,NOT_STARTED,,1,PENDING_REVIEW,Working governance row from Stage 4A; not client-approved,IN_SCOPE_BASE_PLAN,PENDING_REVIEW,HIGH,Y,Y,N,Y,N,N,,101C,N,Y,Y,CIT-DEC-004
CIT-PLAN-0028,101G,REDUCED PAID UP LIFE 58 CSO 3,10101G,Paid-Up / Nonforfeiture,BASE,UNKNOWN,UNKNOWN,,,READY_FOR_REVIEW,IN_PROGRESS,IN_PROGRESS,NOT_STARTED,READY_FOR_REVIEW,IN_PROGRESS,NOT_STARTED,NOT_STARTED,,0,PENDING_REVIEW,Working governance row from Stage 4A; not client-approved,IN_SCOPE_BASE_PLAN,PENDING_REVIEW,HIGH,Y,Y,Y,Y,Y,Y,,101G,N,Y,Y,
CIT-PLAN-0029,101K,PAID UP/REDUCED PD UP 80 CSO,,Paid-Up / Nonforfeiture,BASE,UNKNOWN,UNKNOWN,,,READY_FOR_REVIEW,IN_PROGRESS,NOT_STARTED,NOT_STARTED,IN_PROGRESS,NOT_STARTED,NOT_STARTED,NOT_STARTED,,1,PENDING_REVIEW,Working governance row from Stage 4A; not client-approved,IN_SCOPE_BASE_PLAN,PENDING_REVIEW,HIGH,Y,Y,N,Y,N,N,,101K,N,Y,Y,CIT-DEC-004
CIT-PLAN-0030,101M,PD UP OR PD IN FULL 80 CSO,10101M,Paid-Up / Nonforfeiture,BASE,UNKNOWN,UNKNOWN,,,READY_FOR_REVIEW,IN_PROGRESS,IN_PROGRESS,NOT_STARTED,IN_PROGRESS,NOT_STARTED,NOT_STARTED,NOT_STARTED,,0,PENDING_REVIEW,Working governance row from Stage 4A; not client-approved,IN_SCOPE_BASE_PLAN,PENDING_REVIEW,HIGH,Y,Y,Y,Y,N,N,,101M,N,Y,Y,
CIT-PLAN-0031,101N,PAID UP/PAID IN FULL 2001 CSO,,Paid-Up / Nonforfeiture,BASE,UNKNOWN,UNKNOWN,,,READY_FOR_REVIEW,IN_PROGRESS,NOT_STARTED,NOT_STARTED,IN_PROGRESS,NOT_STARTED,NOT_STARTED,NOT_STARTED,,1,PENDING_REVIEW,Working governance row from Stage 4A; not client-approved,IN_SCOPE_BASE_PLAN,PENDING_REVIEW,HIGH,Y,Y,N,Y,N,N,,101N,N,Y,Y,CIT-DEC-004
CIT-PLAN-0032,101P,PAID UP/PAID IN FULL 2001 CSO,,Paid-Up / Nonforfeiture,BASE,UNKNOWN,UNKNOWN,,,READY_FOR_REVIEW,IN_PROGRESS,NOT_STARTED,NOT_STARTED,IN_PROGRESS,NOT_STARTED,NOT_STARTED,NOT_STARTED,,1,PENDING_REVIEW,Working governance row from Stage 4A; not client-approved,IN_SCOPE_BASE_PLAN,PENDING_REVIEW,HIGH,Y,Y,N,Y,N,N,,101P,N,Y,Y,CIT-DEC-004
CIT-PLAN-0033,101Q,PAID UP/PAID IN FULL 2001 CSO,,Paid-Up / Nonforfeiture,BASE,UNKNOWN,UNKNOWN,,,READY_FOR_REVIEW,IN_PROGRESS,NOT_STARTED,NOT_STARTED,IN_PROGRESS,NOT_STARTED,NOT_STARTED,NOT_STARTED,,1,PENDING_REVIEW,Working governance row from Stage 4A; not client-approved,IN_SCOPE_BASE_PLAN,PENDING_REVIEW,HIGH,Y,Y,N,Y,N,N,,101Q,N,Y,Y,CIT-DEC-004
CIT-PLAN-0034,101R,PAID UP/PAID IN FULL 2001 CSO,,Paid-Up / Nonforfeiture,BASE,UNKNOWN,UNKNOWN,,,READY_FOR_REVIEW,IN_PROGRESS,NOT_STARTED,NOT_STARTED,IN_PROGRESS,NOT_STARTED,NOT_STARTED,NOT_STARTED,,1,PENDING_REVIEW,Working governance row from Stage 4A; not client-approved,IN_SCOPE_BASE_PLAN,PENDING_REVIEW,HIGH,Y,Y,N,Y,N,N,,101R,N,Y,Y,CIT-DEC-004
CIT-PLAN-0035,101X,PAID UP/PAID IN FULL 2001 CSO,10101X,Paid-Up / Nonforfeiture,BASE,UNKNOWN,UNKNOWN,,,READY_FOR_REVIEW,IN_PROGRESS,IN_PROGRESS,NOT_STARTED,IN_PROGRESS,NOT_STARTED,NOT_STARTED,NOT_STARTED,,0,PENDING_REVIEW,Working governance row from Stage 4A; not client-approved,IN_SCOPE_BASE_PLAN,PENDING_REVIEW,HIGH,Y,Y,Y,Y,N,N,,101X,N,Y,Y,
CIT-PLAN-0036,165,LIFE PAID UP AT 65,100165,Paid-Up / Nonforfeiture,BASE,UNKNOWN,UNKNOWN,,,READY_FOR_REVIEW,IN_PROGRESS,IN_PROGRESS,NOT_STARTED,IN_PROGRESS,NOT_STARTED,NOT_STARTED,NOT_STARTED,,0,PENDING_REVIEW,Working governance row from Stage 4A; not client-approved,IN_SCOPE_BASE_PLAN,PENDING_REVIEW,HIGH,Y,Y,Y,Y,N,N,,165,N,Y,Y,
CIT-PLAN-0037,3ALF,SINGLE PREMIUM FEMALE,103ALF,Traditional Permanent Life,BASE,UNKNOWN,UNKNOWN,,,READY_FOR_REVIEW,IN_PROGRESS,IN_PROGRESS,NOT_STARTED,IN_PROGRESS,NOT_STARTED,NOT_STARTED,NOT_STARTED,,0,PENDING_REVIEW,Working governance row from Stage 4A; not client-approved,IN_SCOPE_BASE_PLAN,PENDING_REVIEW,HIGH,Y,Y,Y,Y,N,N,,3ALF,N,Y,Y,
CIT-PLAN-0038,3ALM,SINGLE PREMIUM MALE,103ALM,Traditional Permanent Life,BASE,UNKNOWN,UNKNOWN,,,READY_FOR_REVIEW,IN_PROGRESS,IN_PROGRESS,NOT_STARTED,IN_PROGRESS,NOT_STARTED,NOT_STARTED,NOT_STARTED,,0,PENDING_REVIEW,Working governance row from Stage 4A; not client-approved,IN_SCOPE_BASE_PLAN,PENDING_REVIEW,HIGH,Y,Y,Y,Y,N,N,,3ALM,N,Y,Y,
CIT-PLAN-0039,3PFN,PERMA LIFE FEMALE 13N,"103PFN,103PFS, 103PMN, 103PMS",Traditional Permanent Life,BASE,UNKNOWN,UNKNOWN,,,READY_FOR_REVIEW,IN_PROGRESS,IN_PROGRESS,NOT_STARTED,READY_FOR_REVIEW,IN_PROGRESS,NOT_STARTED,NOT_STARTED,,0,PENDING_REVIEW,Working governance row from Stage 4A; not client-approved,IN_SCOPE_BASE_PLAN,PENDING_REVIEW,HIGH,Y,Y,Y,Y,Y,Y,SEX_SMOKER_FAMILY:3P,3PFN,N,Y,Y,
CIT-PLAN-0040,3PFS,PERMA LIFE FEMALE 13S,"103PFN,103PFS, 103PMN, 103PMS",Traditional Permanent Life,BASE,UNKNOWN,UNKNOWN,,,READY_FOR_REVIEW,IN_PROGRESS,IN_PROGRESS,NOT_STARTED,READY_FOR_REVIEW,IN_PROGRESS,NOT_STARTED,NOT_STARTED,,0,PENDING_REVIEW,Working governance row from Stage 4A; not client-approved,IN_SCOPE_BASE_PLAN,PENDING_REVIEW,HIGH,Y,Y,Y,Y,Y,Y,SEX_SMOKER_FAMILY:3P,3PFS,N,Y,Y,
CIT-PLAN-0041,3PMN,PERMA LIFE MALE 13N,"103PFN,103PFS, 103PMN, 103PMS",Traditional Permanent Life,BASE,UNKNOWN,UNKNOWN,,,READY_FOR_REVIEW,IN_PROGRESS,IN_PROGRESS,NOT_STARTED,READY_FOR_REVIEW,IN_PROGRESS,NOT_STARTED,NOT_STARTED,,0,PENDING_REVIEW,Working governance row from Stage 4A; not client-approved,IN_SCOPE_BASE_PLAN,PENDING_REVIEW,HIGH,Y,Y,Y,Y,Y,Y,SEX_SMOKER_FAMILY:3P,3PMN,N,Y,Y,
CIT-PLAN-0042,3PMS,PERMA LIFE MALE 13S,"103PFN,103PFS, 103PMN, 103PMS",Traditional Permanent Life,BASE,UNKNOWN,UNKNOWN,,,READY_FOR_REVIEW,IN_PROGRESS,IN_PROGRESS,NOT_STARTED,READY_FOR_REVIEW,IN_PROGRESS,NOT_STARTED,NOT_STARTED,,0,PENDING_REVIEW,Working governance row from Stage 4A; not client-approved,IN_SCOPE_BASE_PLAN,PENDING_REVIEW,HIGH,Y,Y,Y,Y,Y,Y,SEX_SMOKER_FAMILY:3P,3PMS,N,Y,Y,
CIT-PLAN-0043,3R1F,FEMALE TEN YEAR TERM,,Rider,RIDER,UNKNOWN,UNKNOWN,,,READY_FOR_REVIEW,IN_PROGRESS,NOT_STARTED,NOT_STARTED,READY_FOR_REVIEW,IN_PROGRESS,NOT_STARTED,NOT_STARTED,,1,PENDING_REVIEW,Working governance row from Stage 4A; not client-approved,IN_SCOPE_RIDER,PENDING_REVIEW,HIGH,Y,Y,N,Y,Y,Y,,3R1F,N,N,Y,CIT-DEC-004
CIT-PLAN-0044,3R1M,MALE TEN YEAR TERM,,Rider,RIDER,UNKNOWN,UNKNOWN,,,READY_FOR_REVIEW,IN_PROGRESS,NOT_STARTED,NOT_STARTED,READY_FOR_REVIEW,IN_PROGRESS,NOT_STARTED,NOT_STARTED,,1,PENDING_REVIEW,Working governance row from Stage 4A; not client-approved,IN_SCOPE_RIDER,PENDING_REVIEW,HIGH,Y,Y,N,Y,Y,Y,,3R1M,N,N,Y,CIT-DEC-004
CIT-PLAN-0045,3R2G,20 YEAR PAY,103R2G,Traditional Permanent Life,BASE,UNKNOWN,UNKNOWN,,,READY_FOR_REVIEW,IN_PROGRESS,IN_PROGRESS,NOT_STARTED,READY_FOR_REVIEW,IN_PROGRESS,NOT_STARTED,NOT_STARTED,,0,PENDING_REVIEW,Working governance row from Stage 4A; not client-approved,IN_SCOPE_BASE_PLAN,PENDING_REVIEW,HIGH,Y,Y,Y,Y,Y,Y,,3R2G,N,Y,Y,
CIT-PLAN-0046,3R5F,FEMALE FIVE YEAR TERM RIDER,,Rider,RIDER,UNKNOWN,UNKNOWN,,,READY_FOR_REVIEW,IN_PROGRESS,NOT_STARTED,NOT_STARTED,READY_FOR_REVIEW,IN_PROGRESS,NOT_STARTED,NOT_STARTED,,1,PENDING_REVIEW,Working governance row from Stage 4A; not client-approved,IN_SCOPE_RIDER,PENDING_REVIEW,HIGH,Y,Y,N,Y,Y,Y,,3R5F,N,N,Y,CIT-DEC-004
CIT-PLAN-0047,3R5M,MALE FIVE YEAR TERM RIDER,,Rider,RIDER,UNKNOWN,UNKNOWN,,,READY_FOR_REVIEW,IN_PROGRESS,NOT_STARTED,NOT_STARTED,READY_FOR_REVIEW,IN_PROGRESS,NOT_STARTED,NOT_STARTED,,1,PENDING_REVIEW,Working governance row from Stage 4A; not client-approved,IN_SCOPE_RIDER,PENDING_REVIEW,HIGH,Y,Y,N,Y,Y,Y,,3R5M,N,N,Y,CIT-DEC-004
CIT-PLAN-0048,3R6G,PAID UP AT 65,,Traditional Permanent Life,BASE,UNKNOWN,UNKNOWN,,,READY_FOR_REVIEW,IN_PROGRESS,NOT_STARTED,NOT_STARTED,READY_FOR_REVIEW,IN_PROGRESS,NOT_STARTED,NOT_STARTED,,1,PENDING_REVIEW,Working governance row from Stage 4A; not client-approved,IN_SCOPE_BASE_PLAN,PENDING_REVIEW,HIGH,Y,Y,N,Y,Y,Y,,3R6G,N,Y,Y,CIT-DEC-004
CIT-PLAN-0049,3RWG,WHOLE LIFE CASH,103RWG,Traditional Permanent Life,BASE,UNKNOWN,UNKNOWN,,,READY_FOR_REVIEW,IN_PROGRESS,IN_PROGRESS,NOT_STARTED,READY_FOR_REVIEW,IN_PROGRESS,NOT_STARTED,NOT_STARTED,,0,PENDING_REVIEW,Working governance row from Stage 4A; not client-approved,IN_SCOPE_BASE_PLAN,PENDING_REVIEW,HIGH,Y,Y,Y,Y,Y,Y,,3RWG,N,Y,Y,
CIT-PLAN-0050,3X1F,FEMALE TEN YEAR TERM,103X1F,Term Life,BASE,UNKNOWN,UNKNOWN,,,READY_FOR_REVIEW,IN_PROGRESS,IN_PROGRESS,NOT_STARTED,READY_FOR_REVIEW,IN_PROGRESS,NOT_STARTED,NOT_STARTED,,0,PENDING_REVIEW,Working governance row from Stage 4A; not client-approved,IN_SCOPE_BASE_PLAN,PENDING_REVIEW,HIGH,Y,Y,Y,Y,Y,Y,,3X1F,N,Y,Y,
CIT-PLAN-0051,3X1M,MALE TEN YEAR TERM,,Term Life,BASE,UNKNOWN,UNKNOWN,,,READY_FOR_REVIEW,IN_PROGRESS,NOT_STARTED,NOT_STARTED,READY_FOR_REVIEW,IN_PROGRESS,NOT_STARTED,NOT_STARTED,,1,PENDING_REVIEW,Working governance row from Stage 4A; not client-approved,IN_SCOPE_BASE_PLAN,PENDING_REVIEW,HIGH,Y,Y,N,Y,Y,Y,,3X1M,N,Y,Y,CIT-DEC-004
CIT-PLAN-0052,3X5F,FEMALE FIVE YEAR TERM,,Term Life,BASE,UNKNOWN,UNKNOWN,,,READY_FOR_REVIEW,IN_PROGRESS,NOT_STARTED,NOT_STARTED,READY_FOR_REVIEW,IN_PROGRESS,NOT_STARTED,NOT_STARTED,,1,PENDING_REVIEW,Working governance row from Stage 4A; not client-approved,IN_SCOPE_BASE_PLAN,PENDING_REVIEW,HIGH,Y,Y,N,Y,Y,Y,,3X5F,N,Y,Y,CIT-DEC-004
CIT-PLAN-0053,3X5M,MALE FIVE YEAR TERM,103X1F,Term Life,BASE,UNKNOWN,UNKNOWN,,,READY_FOR_REVIEW,IN_PROGRESS,IN_PROGRESS,NOT_STARTED,READY_FOR_REVIEW,IN_PROGRESS,NOT_STARTED,NOT_STARTED,,0,PENDING_REVIEW,Working governance row from Stage 4A; not client-approved,IN_SCOPE_BASE_PLAN,PENDING_REVIEW,HIGH,Y,Y,Y,Y,Y,Y,,3X5M,N,Y,Y,
CIT-PLAN-0054,466G,REDUCED PAID-UP ENDOW @ 65 58,,Paid-Up / Nonforfeiture,BASE,UNKNOWN,UNKNOWN,,,READY_FOR_REVIEW,IN_PROGRESS,NOT_STARTED,NOT_STARTED,IN_PROGRESS,NOT_STARTED,NOT_STARTED,NOT_STARTED,,1,PENDING_REVIEW,Working governance row from Stage 4A; not client-approved,IN_SCOPE_BASE_PLAN,PENDING_REVIEW,HIGH,Y,Y,N,Y,N,N,,466G,N,Y,Y,CIT-DEC-004
CIT-PLAN-0055,6,,,,BASE,UNKNOWN,UNKNOWN,,,READY_FOR_REVIEW,NOT_STARTED,NOT_STARTED,NOT_STARTED,READY_FOR_REVIEW,IN_PROGRESS,NOT_STARTED,NOT_STARTED,,0,PENDING_REVIEW,Working governance row from Stage 4A; not client-approved,IN_SCOPE_PENDING_SOURCE,PENDING_REVIEW,LOW,N,N,N,N,Y,Y,,6,N,Y,Y,
CIT-PLAN-0056,8021,EXTENDED INSURANCE 2001 CET,108021,Nonforfeiture Status,BASE,UNKNOWN,UNKNOWN,,,READY_FOR_REVIEW,IN_PROGRESS,IN_PROGRESS,NOT_STARTED,IN_PROGRESS,NOT_STARTED,NOT_STARTED,NOT_STARTED,,0,PENDING_REVIEW,Working governance row from Stage 4A; not client-approved,IN_SCOPE_BASE_PLAN,PENDING_REVIEW,HIGH,Y,Y,Y,Y,N,N,,8021,N,Y,Y,
CIT-PLAN-0057,8022,EXTENDED TERM,108022,Nonforfeiture Status,BASE,UNKNOWN,UNKNOWN,,,READY_FOR_REVIEW,IN_PROGRESS,IN_PROGRESS,NOT_STARTED,IN_PROGRESS,NOT_STARTED,NOT_STARTED,NOT_STARTED,,0,PENDING_REVIEW,Working governance row from Stage 4A; not client-approved,IN_SCOPE_BASE_PLAN,PENDING_REVIEW,HIGH,Y,Y,Y,Y,N,N,,8022,N,Y,Y,
CIT-PLAN-0058,8023,EXTENDED TERM,108023,Nonforfeiture Status,BASE,UNKNOWN,UNKNOWN,,,READY_FOR_REVIEW,IN_PROGRESS,IN_PROGRESS,NOT_STARTED,IN_PROGRESS,NOT_STARTED,NOT_STARTED,NOT_STARTED,,0,PENDING_REVIEW,Working governance row from Stage 4A; not client-approved,IN_SCOPE_BASE_PLAN,PENDING_REVIEW,HIGH,Y,Y,Y,Y,N,N,,8023,N,Y,Y,
CIT-PLAN-0059,8024,EXTENDED TERM,108024,Nonforfeiture Status,BASE,UNKNOWN,UNKNOWN,,,READY_FOR_REVIEW,IN_PROGRESS,IN_PROGRESS,NOT_STARTED,IN_PROGRESS,NOT_STARTED,NOT_STARTED,NOT_STARTED,,0,PENDING_REVIEW,Working governance row from Stage 4A; not client-approved,IN_SCOPE_BASE_PLAN,PENDING_REVIEW,HIGH,Y,Y,Y,Y,N,N,,8024,N,Y,Y,
CIT-PLAN-0060,8025,EXTENDED INSURANCE 41 CSO 3 1/,108025,Nonforfeiture Status,BASE,UNKNOWN,UNKNOWN,,,READY_FOR_REVIEW,IN_PROGRESS,IN_PROGRESS,NOT_STARTED,IN_PROGRESS,NOT_STARTED,NOT_STARTED,NOT_STARTED,,0,PENDING_REVIEW,Working governance row from Stage 4A; not client-approved,IN_SCOPE_BASE_PLAN,PENDING_REVIEW,HIGH,Y,Y,Y,Y,N,N,,8025,N,Y,Y,
CIT-PLAN-0061,802C,EXTENDED INSURANCE 2001 CSO,10802C,Nonforfeiture Status,BASE,UNKNOWN,UNKNOWN,,,READY_FOR_REVIEW,IN_PROGRESS,IN_PROGRESS,NOT_STARTED,IN_PROGRESS,NOT_STARTED,NOT_STARTED,NOT_STARTED,,0,PENDING_REVIEW,Working governance row from Stage 4A; not client-approved,IN_SCOPE_BASE_PLAN,PENDING_REVIEW,HIGH,Y,Y,Y,Y,N,N,,802C,N,Y,Y,
CIT-PLAN-0062,802E,EXTENDED TERM 2017 CSO RESERVE,,,BASE,UNKNOWN,UNKNOWN,,,READY_FOR_REVIEW,NOT_STARTED,NOT_STARTED,NOT_STARTED,NOT_STARTED,NOT_STARTED,NOT_STARTED,NOT_STARTED,,1,PENDING_REVIEW,Working governance row from Stage 4A; not client-approved,IN_SCOPE_BASE_PLAN,PENDING_REVIEW,MEDIUM,N,Y,N,N,N,N,,802E,Y,Y,Y,CIT-DEC-003
CIT-PLAN-0063,802G,EXTENDED INSURANCE 58 CSO 3,10802G,Nonforfeiture Status,BASE,UNKNOWN,UNKNOWN,,,READY_FOR_REVIEW,IN_PROGRESS,IN_PROGRESS,NOT_STARTED,IN_PROGRESS,NOT_STARTED,NOT_STARTED,NOT_STARTED,,0,PENDING_REVIEW,Working governance row from Stage 4A; not client-approved,IN_SCOPE_BASE_PLAN,PENDING_REVIEW,HIGH,Y,Y,Y,Y,N,N,,802G,N,Y,Y,
CIT-PLAN-0064,802K,EXTENDED INSURANCE 80 CET,10802K,Nonforfeiture Status,BASE,UNKNOWN,UNKNOWN,,,READY_FOR_REVIEW,IN_PROGRESS,IN_PROGRESS,NOT_STARTED,IN_PROGRESS,NOT_STARTED,NOT_STARTED,NOT_STARTED,,0,PENDING_REVIEW,Working governance row from Stage 4A; not client-approved,IN_SCOPE_BASE_PLAN,PENDING_REVIEW,HIGH,Y,Y,Y,Y,N,N,,802K,N,Y,Y,
CIT-PLAN-0065,802L,EXTENDED INSURANCE 80 CSO 4.5%,10802L,Nonforfeiture Status,BASE,UNKNOWN,UNKNOWN,,,READY_FOR_REVIEW,IN_PROGRESS,IN_PROGRESS,NOT_STARTED,IN_PROGRESS,NOT_STARTED,NOT_STARTED,NOT_STARTED,,0,PENDING_REVIEW,Working governance row from Stage 4A; not client-approved,IN_SCOPE_BASE_PLAN,PENDING_REVIEW,HIGH,Y,Y,Y,Y,N,N,,802L,N,Y,Y,
CIT-PLAN-0066,802M,EXTENDED TERM 80 CSO,10802M,Nonforfeiture Status,BASE,UNKNOWN,UNKNOWN,,,READY_FOR_REVIEW,IN_PROGRESS,IN_PROGRESS,NOT_STARTED,READY_FOR_REVIEW,NOT_STARTED,NOT_STARTED,NOT_STARTED,,0,PENDING_REVIEW,Working governance row from Stage 4A; not client-approved,IN_SCOPE_BASE_PLAN,PENDING_REVIEW,HIGH,Y,Y,Y,Y,N,N,,802M,N,Y,Y,
CIT-PLAN-0067,802N,Nonforfeiture Status,,Nonforfeiture Status,BASE,UNKNOWN,UNKNOWN,,,READY_FOR_REVIEW,IN_PROGRESS,NOT_STARTED,NOT_STARTED,IN_PROGRESS,NOT_STARTED,NOT_STARTED,NOT_STARTED,,1,PENDING_REVIEW,Working governance row from Stage 4A; not client-approved,IN_SCOPE_BASE_PLAN,PENDING_REVIEW,MEDIUM,Y,N,N,Y,N,N,,802N,Y,Y,Y,CIT-DEC-002
CIT-PLAN-0068,802P,Nonforfeiture Status,,Nonforfeiture Status,BASE,UNKNOWN,UNKNOWN,,,READY_FOR_REVIEW,IN_PROGRESS,NOT_STARTED,NOT_STARTED,IN_PROGRESS,NOT_STARTED,NOT_STARTED,NOT_STARTED,,1,PENDING_REVIEW,Working governance row from Stage 4A; not client-approved,IN_SCOPE_BASE_PLAN,PENDING_REVIEW,MEDIUM,Y,N,N,Y,N,N,,802P,Y,Y,Y,CIT-DEC-002
CIT-PLAN-0069,802Q,Nonforfeiture Status,,Nonforfeiture Status,BASE,UNKNOWN,UNKNOWN,,,READY_FOR_REVIEW,IN_PROGRESS,NOT_STARTED,NOT_STARTED,IN_PROGRESS,NOT_STARTED,NOT_STARTED,NOT_STARTED,,1,PENDING_REVIEW,Working governance row from Stage 4A; not client-approved,IN_SCOPE_BASE_PLAN,PENDING_REVIEW,MEDIUM,Y,N,N,Y,N,N,,802Q,Y,Y,Y,CIT-DEC-002
CIT-PLAN-0070,802R,Nonforfeiture Status,,Nonforfeiture Status,BASE,UNKNOWN,UNKNOWN,,,READY_FOR_REVIEW,IN_PROGRESS,NOT_STARTED,NOT_STARTED,IN_PROGRESS,NOT_STARTED,NOT_STARTED,NOT_STARTED,,1,PENDING_REVIEW,Working governance row from Stage 4A; not client-approved,IN_SCOPE_BASE_PLAN,PENDING_REVIEW,MEDIUM,Y,N,N,Y,N,N,,802R,Y,Y,Y,CIT-DEC-002
CIT-PLAN-0071,802S,EXTENDED TERM,10802S,Nonforfeiture Status,BASE,UNKNOWN,UNKNOWN,,,READY_FOR_REVIEW,IN_PROGRESS,IN_PROGRESS,NOT_STARTED,IN_PROGRESS,NOT_STARTED,NOT_STARTED,NOT_STARTED,,0,PENDING_REVIEW,Working governance row from Stage 4A; not client-approved,IN_SCOPE_BASE_PLAN,PENDING_REVIEW,HIGH,Y,Y,Y,Y,N,N,,802S,N,Y,Y,
CIT-PLAN-0072,802W,EXTENDED INSURANCE 58 CET 3,10802W,Nonforfeiture Status,BASE,UNKNOWN,UNKNOWN,,,READY_FOR_REVIEW,IN_PROGRESS,IN_PROGRESS,NOT_STARTED,READY_FOR_REVIEW,NOT_STARTED,NOT_STARTED,NOT_STARTED,,0,PENDING_REVIEW,Working governance row from Stage 4A; not client-approved,IN_SCOPE_BASE_PLAN,PENDING_REVIEW,HIGH,Y,Y,Y,Y,N,N,,802W,N,Y,Y,
CIT-PLAN-0073,802X,EXTENDED TERM 2001 CSO RESERVE,10802X,Nonforfeiture Status,BASE,UNKNOWN,UNKNOWN,,,READY_FOR_REVIEW,IN_PROGRESS,IN_PROGRESS,NOT_STARTED,IN_PROGRESS,NOT_STARTED,NOT_STARTED,NOT_STARTED,,0,PENDING_REVIEW,Working governance row from Stage 4A; not client-approved,IN_SCOPE_BASE_PLAN,PENDING_REVIEW,HIGH,Y,Y,Y,Y,N,N,,802X,N,Y,Y,
CIT-PLAN-0074,802Z,EXTENDED TERM 1980 CS RESERVE,10802Z,Nonforfeiture Status,BASE,UNKNOWN,UNKNOWN,,,READY_FOR_REVIEW,IN_PROGRESS,IN_PROGRESS,NOT_STARTED,IN_PROGRESS,NOT_STARTED,NOT_STARTED,NOT_STARTED,,0,PENDING_REVIEW,Working governance row from Stage 4A; not client-approved,IN_SCOPE_BASE_PLAN,PENDING_REVIEW,HIGH,Y,Y,Y,Y,N,N,,802Z,N,Y,Y,
CIT-PLAN-0075,803E,EXTENDED TERM 2017 CSO RESERVE,10803E,Nonforfeiture Status,BASE,UNKNOWN,UNKNOWN,,,READY_FOR_REVIEW,IN_PROGRESS,IN_PROGRESS,NOT_STARTED,IN_PROGRESS,NOT_STARTED,NOT_STARTED,NOT_STARTED,,0,PENDING_REVIEW,Working governance row from Stage 4A; not client-approved,IN_SCOPE_BASE_PLAN,PENDING_REVIEW,HIGH,Y,Y,Y,Y,N,N,,803E,N,Y,Y,
CIT-PLAN-0076,803G,EXTENDED TERM 2017 CSO RESERVE,,Nonforfeiture Status,BASE,UNKNOWN,UNKNOWN,,,READY_FOR_REVIEW,IN_PROGRESS,NOT_STARTED,NOT_STARTED,IN_PROGRESS,NOT_STARTED,NOT_STARTED,NOT_STARTED,,1,PENDING_REVIEW,Working governance row from Stage 4A; not client-approved,IN_SCOPE_BASE_PLAN,PENDING_REVIEW,HIGH,Y,Y,N,Y,N,N,,803G,N,Y,Y,CIT-DEC-004
CIT-PLAN-0077,803H,EXTENDED TERM 2017 CSO RESERVE,10803H,Nonforfeiture Status,BASE,UNKNOWN,UNKNOWN,,,READY_FOR_REVIEW,IN_PROGRESS,IN_PROGRESS,NOT_STARTED,IN_PROGRESS,NOT_STARTED,NOT_STARTED,NOT_STARTED,,0,PENDING_REVIEW,Working governance row from Stage 4A; not client-approved,IN_SCOPE_BASE_PLAN,PENDING_REVIEW,HIGH,Y,Y,Y,Y,N,N,,803H,N,Y,Y,
CIT-PLAN-0078,803K,EXTENDED INSURANCE 2020 CSO,10803K,Nonforfeiture Status,BASE,UNKNOWN,UNKNOWN,,,READY_FOR_REVIEW,IN_PROGRESS,IN_PROGRESS,NOT_STARTED,IN_PROGRESS,NOT_STARTED,NOT_STARTED,NOT_STARTED,,0,PENDING_REVIEW,Working governance row from Stage 4A; not client-approved,IN_SCOPE_BASE_PLAN,PENDING_REVIEW,HIGH,Y,Y,Y,Y,N,N,,803K,N,Y,Y,
CIT-PLAN-0079,803N,EXTENDED INSURANCE 2020 RESERV,0803N,Nonforfeiture Status,BASE,UNKNOWN,UNKNOWN,,,READY_FOR_REVIEW,IN_PROGRESS,IN_PROGRESS,NOT_STARTED,IN_PROGRESS,NOT_STARTED,NOT_STARTED,NOT_STARTED,,0,PENDING_REVIEW,Working governance row from Stage 4A; not client-approved,IN_SCOPE_BASE_PLAN,PENDING_REVIEW,HIGH,Y,Y,Y,Y,N,N,,803N,N,Y,Y,
CIT-PLAN-0080,938,ACC PROFESSIONAL 2A/2B/2,,Accident & Health,BASE,UNKNOWN,UNKNOWN,,,READY_FOR_REVIEW,IN_PROGRESS,NOT_STARTED,NOT_STARTED,IN_PROGRESS,NOT_STARTED,NOT_STARTED,NOT_STARTED,,1,PENDING_REVIEW,Working governance row from Stage 4A; not client-approved,IN_SCOPE_BASE_PLAN,PENDING_REVIEW,HIGH,Y,Y,N,Y,N,N,,938,N,Y,Y,CIT-DEC-004
CIT-PLAN-0081,951,CANCER - INDIVIDUAL,,Accident & Health,BASE,UNKNOWN,UNKNOWN,,,READY_FOR_REVIEW,IN_PROGRESS,NOT_STARTED,NOT_STARTED,IN_PROGRESS,NOT_STARTED,NOT_STARTED,NOT_STARTED,,1,PENDING_REVIEW,Working governance row from Stage 4A; not client-approved,IN_SCOPE_BASE_PLAN,PENDING_REVIEW,HIGH,Y,Y,N,Y,N,N,,951,N,Y,Y,CIT-DEC-004
CIT-PLAN-0082,952,CANCER - FAMILY,,Accident & Health,BASE,UNKNOWN,UNKNOWN,,,READY_FOR_REVIEW,IN_PROGRESS,NOT_STARTED,NOT_STARTED,IN_PROGRESS,NOT_STARTED,NOT_STARTED,NOT_STARTED,,1,PENDING_REVIEW,Working governance row from Stage 4A; not client-approved,IN_SCOPE_BASE_PLAN,PENDING_REVIEW,HIGH,Y,Y,N,Y,N,N,,952,N,Y,Y,CIT-DEC-004
CIT-PLAN-0083,961,ACC/SICKNESS,,Accident & Health,BASE,UNKNOWN,UNKNOWN,,,READY_FOR_REVIEW,IN_PROGRESS,NOT_STARTED,NOT_STARTED,IN_PROGRESS,NOT_STARTED,NOT_STARTED,NOT_STARTED,,1,PENDING_REVIEW,Working governance row from Stage 4A; not client-approved,IN_SCOPE_BASE_PLAN,PENDING_REVIEW,HIGH,Y,Y,N,Y,N,N,,961,N,Y,Y,CIT-DEC-004
CIT-PLAN-0084,962,Accident & Health,,Accident & Health,BASE,UNKNOWN,UNKNOWN,,,READY_FOR_REVIEW,IN_PROGRESS,NOT_STARTED,NOT_STARTED,IN_PROGRESS,NOT_STARTED,NOT_STARTED,NOT_STARTED,,1,PENDING_REVIEW,Working governance row from Stage 4A; not client-approved,IN_SCOPE_BASE_PLAN,PENDING_REVIEW,HIGH,Y,Y,N,Y,N,N,,962,N,Y,Y,CIT-DEC-004
CIT-PLAN-0085,963,Accident & Health,,Accident & Health,BASE,UNKNOWN,UNKNOWN,,,READY_FOR_REVIEW,IN_PROGRESS,NOT_STARTED,NOT_STARTED,IN_PROGRESS,NOT_STARTED,NOT_STARTED,NOT_STARTED,,1,PENDING_REVIEW,Working governance row from Stage 4A; not client-approved,IN_SCOPE_BASE_PLAN,PENDING_REVIEW,HIGH,Y,Y,N,Y,N,N,,963,N,Y,Y,CIT-DEC-004
CIT-PLAN-0086,964,Accident & Health,,Accident & Health,BASE,UNKNOWN,UNKNOWN,,,READY_FOR_REVIEW,IN_PROGRESS,NOT_STARTED,NOT_STARTED,IN_PROGRESS,NOT_STARTED,NOT_STARTED,NOT_STARTED,,1,PENDING_REVIEW,Working governance row from Stage 4A; not client-approved,IN_SCOPE_BASE_PLAN,PENDING_REVIEW,HIGH,Y,Y,N,Y,N,N,,964,N,Y,Y,CIT-DEC-004
CIT-PLAN-0087,965,Accident & Health,,Accident & Health,BASE,UNKNOWN,UNKNOWN,,,READY_FOR_REVIEW,IN_PROGRESS,NOT_STARTED,NOT_STARTED,IN_PROGRESS,NOT_STARTED,NOT_STARTED,NOT_STARTED,,1,PENDING_REVIEW,Working governance row from Stage 4A; not client-approved,IN_SCOPE_BASE_PLAN,PENDING_REVIEW,HIGH,Y,Y,N,Y,N,N,,965,N,Y,Y,CIT-DEC-004
CIT-PLAN-0088,971,ACC DEATH & DISMEMBERMENT,,Accident & Health,BASE,UNKNOWN,UNKNOWN,,,READY_FOR_REVIEW,IN_PROGRESS,NOT_STARTED,NOT_STARTED,IN_PROGRESS,NOT_STARTED,NOT_STARTED,NOT_STARTED,,1,PENDING_REVIEW,Working governance row from Stage 4A; not client-approved,IN_SCOPE_BASE_PLAN,PENDING_REVIEW,HIGH,Y,Y,N,Y,N,N,,971,N,Y,Y,CIT-DEC-004
CIT-PLAN-0089,972,ACC COMPREHENSIVE,,Accident & Health,BASE,UNKNOWN,UNKNOWN,,,READY_FOR_REVIEW,IN_PROGRESS,NOT_STARTED,NOT_STARTED,IN_PROGRESS,NOT_STARTED,NOT_STARTED,NOT_STARTED,,1,PENDING_REVIEW,Working governance row from Stage 4A; not client-approved,IN_SCOPE_BASE_PLAN,PENDING_REVIEW,HIGH,Y,Y,N,Y,N,N,,972,N,Y,Y,CIT-DEC-004
CIT-PLAN-0090,973,Accident & Health,,Accident & Health,BASE,UNKNOWN,UNKNOWN,,,READY_FOR_REVIEW,IN_PROGRESS,NOT_STARTED,NOT_STARTED,IN_PROGRESS,NOT_STARTED,NOT_STARTED,NOT_STARTED,,1,PENDING_REVIEW,Working governance row from Stage 4A; not client-approved,IN_SCOPE_BASE_PLAN,PENDING_REVIEW,HIGH,Y,Y,N,Y,N,N,,973,N,Y,Y,CIT-DEC-004
CIT-PLAN-0091,978,ACC PROFESSIONAL 1,,Accident & Health,BASE,UNKNOWN,UNKNOWN,,,READY_FOR_REVIEW,IN_PROGRESS,NOT_STARTED,NOT_STARTED,IN_PROGRESS,NOT_STARTED,NOT_STARTED,NOT_STARTED,,1,PENDING_REVIEW,Working governance row from Stage 4A; not client-approved,IN_SCOPE_BASE_PLAN,PENDING_REVIEW,HIGH,Y,Y,N,Y,N,N,,978,N,Y,Y,CIT-DEC-004
CIT-PLAN-0092,9FMN,,109FMN/019PMN,,BASE,UNKNOWN,UNKNOWN,,,READY_FOR_REVIEW,NOT_STARTED,IN_PROGRESS,NOT_STARTED,NOT_STARTED,NOT_STARTED,NOT_STARTED,NOT_STARTED,,0,PENDING_REVIEW,Working governance row from Stage 4A; not client-approved,REQUIRES_REVIEW,PENDING_REVIEW,LOW,N,N,Y,N,N,N,SEX_SMOKER_FAMILY:9F,9FMN,Y,Y,Y,
CIT-PLAN-0093,9PFM,,,,BASE,UNKNOWN,UNKNOWN,,,READY_FOR_REVIEW,NOT_STARTED,NOT_STARTED,NOT_STARTED,NOT_STARTED,NOT_STARTED,NOT_STARTED,NOT_STARTED,,1,PENDING_REVIEW,Working governance row from Stage 4A; not client-approved,IN_SCOPE_BASE_PLAN,PENDING_REVIEW,MEDIUM,N,Y,N,N,N,N,,9PFM,Y,Y,Y,CIT-DEC-003
CIT-PLAN-0094,9PFN,PERMA LIFE FEMALE 19N,"109PFN, 9PFS",Traditional Permanent Life,BASE,UNKNOWN,UNKNOWN,,,READY_FOR_REVIEW,IN_PROGRESS,IN_PROGRESS,NOT_STARTED,READY_FOR_REVIEW,IN_PROGRESS,NOT_STARTED,NOT_STARTED,,0,PENDING_REVIEW,Working governance row from Stage 4A; not client-approved,IN_SCOPE_BASE_PLAN,PENDING_REVIEW,HIGH,Y,Y,Y,Y,Y,Y,SEX_SMOKER_FAMILY:9P,9PFN,N,Y,Y,
CIT-PLAN-0095,9PFS,PERMA LIFE FEMALE 19S,"109PFN, 9PFS",Traditional Permanent Life,BASE,UNKNOWN,UNKNOWN,,,READY_FOR_REVIEW,IN_PROGRESS,IN_PROGRESS,NOT_STARTED,READY_FOR_REVIEW,IN_PROGRESS,NOT_STARTED,NOT_STARTED,,0,PENDING_REVIEW,Working governance row from Stage 4A; not client-approved,IN_SCOPE_BASE_PLAN,PENDING_REVIEW,HIGH,Y,Y,Y,Y,Y,Y,SEX_SMOKER_FAMILY:9P,9PFS,N,Y,Y,
CIT-PLAN-0096,9PMN,PERMA LIFE MALE 19N,109PMN,Traditional Permanent Life,BASE,UNKNOWN,UNKNOWN,,,READY_FOR_REVIEW,IN_PROGRESS,IN_PROGRESS,NOT_STARTED,READY_FOR_REVIEW,IN_PROGRESS,NOT_STARTED,NOT_STARTED,,0,PENDING_REVIEW,Working governance row from Stage 4A; not client-approved,IN_SCOPE_BASE_PLAN,PENDING_REVIEW,HIGH,Y,Y,Y,Y,Y,Y,SEX_SMOKER_FAMILY:9P,9PMN,N,Y,Y,
CIT-PLAN-0097,9PMS,PERMA LIFE MALE 19S,,Traditional Permanent Life,BASE,UNKNOWN,UNKNOWN,,,READY_FOR_REVIEW,IN_PROGRESS,NOT_STARTED,NOT_STARTED,READY_FOR_REVIEW,IN_PROGRESS,NOT_STARTED,NOT_STARTED,,1,PENDING_REVIEW,Working governance row from Stage 4A; not client-approved,IN_SCOPE_BASE_PLAN,PENDING_REVIEW,HIGH,Y,Y,N,Y,Y,Y,SEX_SMOKER_FAMILY:9P,9PMS,N,Y,Y,CIT-DEC-004
CIT-PLAN-0098,9R1F,Rider,,Rider,RIDER,UNKNOWN,UNKNOWN,,,READY_FOR_REVIEW,IN_PROGRESS,NOT_STARTED,NOT_STARTED,IN_PROGRESS,NOT_STARTED,NOT_STARTED,NOT_STARTED,,1,PENDING_REVIEW,Working governance row from Stage 4A; not client-approved,IN_SCOPE_RIDER,PENDING_REVIEW,MEDIUM,Y,N,N,Y,N,N,,9R1F,Y,N,Y,CIT-DEC-002
CIT-PLAN-0099,9R1M,Rider,,Rider,RIDER,UNKNOWN,UNKNOWN,,,READY_FOR_REVIEW,IN_PROGRESS,NOT_STARTED,NOT_STARTED,IN_PROGRESS,NOT_STARTED,NOT_STARTED,NOT_STARTED,,1,PENDING_REVIEW,Working governance row from Stage 4A; not client-approved,IN_SCOPE_RIDER,PENDING_REVIEW,MEDIUM,Y,N,N,Y,N,N,,9R1M,Y,N,Y,CIT-DEC-002
CIT-PLAN-0100,9R2G,20 YEAR PAY,"109R2G, 9RWG",Traditional Permanent Life,BASE,UNKNOWN,UNKNOWN,,,READY_FOR_REVIEW,IN_PROGRESS,IN_PROGRESS,NOT_STARTED,READY_FOR_REVIEW,IN_PROGRESS,NOT_STARTED,NOT_STARTED,,0,PENDING_REVIEW,Working governance row from Stage 4A; not client-approved,IN_SCOPE_BASE_PLAN,PENDING_REVIEW,HIGH,Y,Y,Y,Y,Y,Y,,9R2G,N,Y,Y,
CIT-PLAN-0101,9R5F,Rider,,Rider,RIDER,UNKNOWN,UNKNOWN,,,READY_FOR_REVIEW,IN_PROGRESS,NOT_STARTED,NOT_STARTED,IN_PROGRESS,NOT_STARTED,NOT_STARTED,NOT_STARTED,,1,PENDING_REVIEW,Working governance row from Stage 4A; not client-approved,IN_SCOPE_RIDER,PENDING_REVIEW,MEDIUM,Y,N,N,Y,N,N,,9R5F,Y,N,Y,CIT-DEC-002
CIT-PLAN-0102,9R5M,Rider,,Rider,RIDER,UNKNOWN,UNKNOWN,,,READY_FOR_REVIEW,IN_PROGRESS,NOT_STARTED,NOT_STARTED,IN_PROGRESS,NOT_STARTED,NOT_STARTED,NOT_STARTED,,1,PENDING_REVIEW,Working governance row from Stage 4A; not client-approved,IN_SCOPE_RIDER,PENDING_REVIEW,MEDIUM,Y,N,N,Y,N,N,,9R5M,Y,N,Y,CIT-DEC-002
CIT-PLAN-0103,9R6G,PAID UP AT AGE 65,,Traditional Permanent Life,BASE,UNKNOWN,UNKNOWN,,,READY_FOR_REVIEW,IN_PROGRESS,NOT_STARTED,NOT_STARTED,READY_FOR_REVIEW,IN_PROGRESS,NOT_STARTED,NOT_STARTED,,1,PENDING_REVIEW,Working governance row from Stage 4A; not client-approved,IN_SCOPE_BASE_PLAN,PENDING_REVIEW,HIGH,Y,Y,N,Y,Y,Y,,9R6G,N,Y,Y,CIT-DEC-004
CIT-PLAN-0104,9RWG,WHOLE LIFE,"109R2G, 9RWG",Traditional Permanent Life,BASE,UNKNOWN,UNKNOWN,,,READY_FOR_REVIEW,IN_PROGRESS,IN_PROGRESS,NOT_STARTED,READY_FOR_REVIEW,IN_PROGRESS,NOT_STARTED,NOT_STARTED,,0,PENDING_REVIEW,Working governance row from Stage 4A; not client-approved,IN_SCOPE_BASE_PLAN,PENDING_REVIEW,HIGH,Y,Y,Y,Y,Y,Y,,9RWG,N,Y,Y,
CIT-PLAN-0105,9X1F,FEMALE 10 YEAR TERM,,Term Life,BASE,UNKNOWN,UNKNOWN,,,READY_FOR_REVIEW,IN_PROGRESS,NOT_STARTED,NOT_STARTED,IN_PROGRESS,NOT_STARTED,NOT_STARTED,NOT_STARTED,,1,PENDING_REVIEW,Working governance row from Stage 4A; not client-approved,IN_SCOPE_BASE_PLAN,PENDING_REVIEW,HIGH,Y,Y,N,Y,N,N,,9X1F,N,Y,Y,CIT-DEC-004
CIT-PLAN-0106,9X1M,MALE 10 YEAR TERM,,Term Life,BASE,UNKNOWN,UNKNOWN,,,READY_FOR_REVIEW,IN_PROGRESS,NOT_STARTED,NOT_STARTED,IN_PROGRESS,NOT_STARTED,NOT_STARTED,NOT_STARTED,,1,PENDING_REVIEW,Working governance row from Stage 4A; not client-approved,IN_SCOPE_BASE_PLAN,PENDING_REVIEW,HIGH,Y,Y,N,Y,N,N,,9X1M,N,Y,Y,CIT-DEC-004
CIT-PLAN-0107,9X5F,FEMALE FIVE YEAR TERM,,Term Life,BASE,UNKNOWN,UNKNOWN,,,READY_FOR_REVIEW,IN_PROGRESS,NOT_STARTED,NOT_STARTED,IN_PROGRESS,NOT_STARTED,NOT_STARTED,NOT_STARTED,,1,PENDING_REVIEW,Working governance row from Stage 4A; not client-approved,IN_SCOPE_BASE_PLAN,PENDING_REVIEW,HIGH,Y,Y,N,Y,N,N,,9X5F,N,Y,Y,CIT-DEC-004
CIT-PLAN-0108,9X5M,MALE FIVE YEAR TERM,,Term Life,BASE,UNKNOWN,UNKNOWN,,,READY_FOR_REVIEW,IN_PROGRESS,NOT_STARTED,NOT_STARTED,IN_PROGRESS,NOT_STARTED,NOT_STARTED,NOT_STARTED,,1,PENDING_REVIEW,Working governance row from Stage 4A; not client-approved,IN_SCOPE_BASE_PLAN,PENDING_REVIEW,HIGH,Y,Y,N,Y,N,N,,9X5M,N,Y,Y,CIT-DEC-004
CIT-PLAN-0109,A6N,,,,BASE,UNKNOWN,UNKNOWN,,,READY_FOR_REVIEW,NOT_STARTED,NOT_STARTED,NOT_STARTED,READY_FOR_REVIEW,IN_PROGRESS,NOT_STARTED,NOT_STARTED,,0,PENDING_REVIEW,Working governance row from Stage 4A; not client-approved,IN_SCOPE_PENDING_SOURCE,PENDING_REVIEW,LOW,N,N,N,N,Y,Y,,A6N,N,Y,Y,
CIT-PLAN-0110,ABFN,ACCELERATED BENEFIT PLAN,"10ABFN, 10ABFS, 10ABMN, 10ADMS",Traditional Permanent Life,BASE,UNKNOWN,UNKNOWN,,,READY_FOR_REVIEW,IN_PROGRESS,IN_PROGRESS,NOT_STARTED,READY_FOR_REVIEW,IN_PROGRESS,NOT_STARTED,NOT_STARTED,,0,PENDING_REVIEW,Working governance row from Stage 4A; not client-approved,IN_SCOPE_BASE_PLAN,PENDING_REVIEW,HIGH,Y,Y,Y,Y,Y,Y,SEX_SMOKER_FAMILY:AB,ABFN,N,Y,Y,
CIT-PLAN-0111,ABFS,ACCELERATED BENEFIT PLAN,"10ABFN, 10ABFS, 10ABMN, 10ADMS",Traditional Permanent Life,BASE,UNKNOWN,UNKNOWN,,,READY_FOR_REVIEW,IN_PROGRESS,IN_PROGRESS,NOT_STARTED,READY_FOR_REVIEW,IN_PROGRESS,NOT_STARTED,NOT_STARTED,,0,PENDING_REVIEW,Working governance row from Stage 4A; not client-approved,IN_SCOPE_BASE_PLAN,PENDING_REVIEW,HIGH,Y,Y,Y,Y,Y,Y,SEX_SMOKER_FAMILY:AB,ABFS,N,Y,Y,
CIT-PLAN-0112,ABMN,ACCELERATED BENEFIT PLAN,"10ABFN, 10ABFS, 10ABMN, 10ADMS",Traditional Permanent Life,BASE,UNKNOWN,UNKNOWN,,,READY_FOR_REVIEW,IN_PROGRESS,IN_PROGRESS,NOT_STARTED,READY_FOR_REVIEW,IN_PROGRESS,NOT_STARTED,NOT_STARTED,,0,PENDING_REVIEW,Working governance row from Stage 4A; not client-approved,IN_SCOPE_BASE_PLAN,PENDING_REVIEW,HIGH,Y,Y,Y,Y,Y,Y,SEX_SMOKER_FAMILY:AB,ABMN,N,Y,Y,
CIT-PLAN-0113,ABMS,ACCELERATED BENEFIT PLAN,"10ABFN, 10ABFS, 10ABMN, 10ADMS",Traditional Permanent Life,BASE,UNKNOWN,UNKNOWN,,,READY_FOR_REVIEW,IN_PROGRESS,IN_PROGRESS,NOT_STARTED,READY_FOR_REVIEW,IN_PROGRESS,NOT_STARTED,NOT_STARTED,,0,PENDING_REVIEW,Working governance row from Stage 4A; not client-approved,IN_SCOPE_BASE_PLAN,PENDING_REVIEW,HIGH,Y,Y,Y,Y,Y,Y,SEX_SMOKER_FAMILY:AB,ABMS,N,Y,Y,
CIT-PLAN-0114,ALBR,ACCELERATED BENEFIT RIDER,,Rider,RIDER,UNKNOWN,UNKNOWN,,,READY_FOR_REVIEW,IN_PROGRESS,NOT_STARTED,NOT_STARTED,IN_PROGRESS,NOT_STARTED,NOT_STARTED,NOT_STARTED,,1,PENDING_REVIEW,Working governance row from Stage 4A; not client-approved,IN_SCOPE_RIDER,PENDING_REVIEW,HIGH,Y,Y,N,Y,N,N,,ALBR,N,N,Y,CIT-DEC-004
CIT-PLAN-0115,ALP2,ADDITIONAL PAID UP,"10ALP2, ALPS",Traditional Permanent Life,BASE,UNKNOWN,UNKNOWN,,,READY_FOR_REVIEW,IN_PROGRESS,IN_PROGRESS,NOT_STARTED,READY_FOR_REVIEW,IN_PROGRESS,NOT_STARTED,NOT_STARTED,,0,PENDING_REVIEW,Working governance row from Stage 4A; not client-approved,IN_SCOPE_BASE_PLAN,PENDING_REVIEW,HIGH,Y,Y,Y,Y,Y,Y,,ALP2,N,Y,Y,
CIT-PLAN-0116,ALP6,ADDITIONAL PAID UP,"10ALP2, ALPS",Traditional Permanent Life,BASE,UNKNOWN,UNKNOWN,,,READY_FOR_REVIEW,IN_PROGRESS,IN_PROGRESS,NOT_STARTED,READY_FOR_REVIEW,IN_PROGRESS,NOT_STARTED,NOT_STARTED,,0,PENDING_REVIEW,Working governance row from Stage 4A; not client-approved,IN_SCOPE_BASE_PLAN,PENDING_REVIEW,HIGH,Y,Y,Y,Y,Y,Y,,ALP6,N,Y,Y,
CIT-PLAN-0117,ALPF,ADDITIONAL PAID UP FEMALE,"10ALPF, ALPM",Traditional Permanent Life,BASE,UNKNOWN,UNKNOWN,,,READY_FOR_REVIEW,IN_PROGRESS,IN_PROGRESS,NOT_STARTED,IN_PROGRESS,NOT_STARTED,NOT_STARTED,NOT_STARTED,,0,PENDING_REVIEW,Working governance row from Stage 4A; not client-approved,IN_SCOPE_BASE_PLAN,PENDING_REVIEW,HIGH,Y,Y,Y,Y,N,N,,ALPF,N,Y,Y,
CIT-PLAN-0118,ALPM,ADDITIONAL PAID UP MALE,"10ALPF, ALPM",Traditional Permanent Life,BASE,UNKNOWN,UNKNOWN,,,READY_FOR_REVIEW,IN_PROGRESS,IN_PROGRESS,NOT_STARTED,IN_PROGRESS,NOT_STARTED,NOT_STARTED,NOT_STARTED,,0,PENDING_REVIEW,Working governance row from Stage 4A; not client-approved,IN_SCOPE_BASE_PLAN,PENDING_REVIEW,HIGH,Y,Y,Y,Y,N,N,,ALPM,N,Y,Y,
CIT-PLAN-0119,ALPS,ADDITIONAL PAID UP,"10ALP2, ALPS",Traditional Permanent Life,BASE,UNKNOWN,UNKNOWN,,,READY_FOR_REVIEW,IN_PROGRESS,IN_PROGRESS,NOT_STARTED,IN_PROGRESS,NOT_STARTED,NOT_STARTED,NOT_STARTED,,0,PENDING_REVIEW,Working governance row from Stage 4A; not client-approved,IN_SCOPE_BASE_PLAN,PENDING_REVIEW,HIGH,Y,Y,Y,Y,N,N,,ALPS,N,Y,Y,
CIT-PLAN-0120,B1B,15 PAY BURIAL,,Merchandise / Burial Service,BASE,UNKNOWN,UNKNOWN,,,READY_FOR_REVIEW,IN_PROGRESS,NOT_STARTED,NOT_STARTED,IN_PROGRESS,NOT_STARTED,NOT_STARTED,NOT_STARTED,,1,PENDING_REVIEW,Working governance row from Stage 4A; not client-approved,IN_SCOPE_BASE_PLAN,PENDING_REVIEW,HIGH,Y,Y,N,Y,N,N,,B1B,N,Y,Y,CIT-DEC-004
CIT-PLAN-0121,B1FN,10 YR TERM FEMALE NON-TOBACCO,,Term Life,BASE,UNKNOWN,UNKNOWN,,,READY_FOR_REVIEW,IN_PROGRESS,NOT_STARTED,NOT_STARTED,READY_FOR_REVIEW,IN_PROGRESS,NOT_STARTED,NOT_STARTED,,1,PENDING_REVIEW,Working governance row from Stage 4A; not client-approved,IN_SCOPE_BASE_PLAN,PENDING_REVIEW,HIGH,Y,Y,N,Y,Y,Y,SEX_SMOKER_FAMILY:B1,B1FN,N,Y,Y,CIT-DEC-004
CIT-PLAN-0122,B1FS,10 YR TERM FEMALE SMOKER,,Term Life,BASE,UNKNOWN,UNKNOWN,,,READY_FOR_REVIEW,IN_PROGRESS,NOT_STARTED,NOT_STARTED,READY_FOR_REVIEW,IN_PROGRESS,NOT_STARTED,NOT_STARTED,,1,PENDING_REVIEW,Working governance row from Stage 4A; not client-approved,IN_SCOPE_BASE_PLAN,PENDING_REVIEW,HIGH,Y,Y,N,Y,Y,Y,SEX_SMOKER_FAMILY:B1,B1FS,N,Y,Y,CIT-DEC-004
CIT-PLAN-0123,B1MN,Term Life,,Term Life,BASE,UNKNOWN,UNKNOWN,,,READY_FOR_REVIEW,IN_PROGRESS,NOT_STARTED,NOT_STARTED,READY_FOR_REVIEW,IN_PROGRESS,NOT_STARTED,NOT_STARTED,,1,PENDING_REVIEW,Working governance row from Stage 4A; not client-approved,IN_SCOPE_BASE_PLAN,PENDING_REVIEW,MEDIUM,Y,N,N,Y,Y,Y,SEX_SMOKER_FAMILY:B1,B1MN,Y,Y,Y,CIT-DEC-002
CIT-PLAN-0124,B1MS,Term Life,,Term Life,BASE,UNKNOWN,UNKNOWN,,,READY_FOR_REVIEW,IN_PROGRESS,NOT_STARTED,NOT_STARTED,READY_FOR_REVIEW,IN_PROGRESS,NOT_STARTED,NOT_STARTED,,1,PENDING_REVIEW,Working governance row from Stage 4A; not client-approved,IN_SCOPE_BASE_PLAN,PENDING_REVIEW,MEDIUM,Y,N,N,Y,Y,Y,SEX_SMOKER_FAMILY:B1,B1MS,Y,Y,Y,CIT-DEC-002
CIT-PLAN-0125,B2B,20 PAY BURIAL,,Merchandise / Burial Service,BASE,UNKNOWN,UNKNOWN,,,READY_FOR_REVIEW,IN_PROGRESS,NOT_STARTED,NOT_STARTED,IN_PROGRESS,NOT_STARTED,NOT_STARTED,NOT_STARTED,,1,PENDING_REVIEW,Working governance row from Stage 4A; not client-approved,IN_SCOPE_BASE_PLAN,PENDING_REVIEW,HIGH,Y,Y,N,Y,N,N,,B2B,N,Y,Y,CIT-DEC-004
CIT-PLAN-0126,B2FN,20 YR TERM FEMALE NON-TOBACCO,,Term Life,BASE,UNKNOWN,UNKNOWN,,,READY_FOR_REVIEW,IN_PROGRESS,NOT_STARTED,NOT_STARTED,READY_FOR_REVIEW,IN_PROGRESS,NOT_STARTED,NOT_STARTED,,1,PENDING_REVIEW,Working governance row from Stage 4A; not client-approved,IN_SCOPE_BASE_PLAN,PENDING_REVIEW,HIGH,Y,Y,N,Y,Y,Y,SEX_SMOKER_FAMILY:B2,B2FN,N,Y,Y,CIT-DEC-004
CIT-PLAN-0127,B2FS,Term Life,,Term Life,BASE,UNKNOWN,UNKNOWN,,,READY_FOR_REVIEW,IN_PROGRESS,NOT_STARTED,NOT_STARTED,READY_FOR_REVIEW,IN_PROGRESS,NOT_STARTED,NOT_STARTED,,1,PENDING_REVIEW,Working governance row from Stage 4A; not client-approved,IN_SCOPE_BASE_PLAN,PENDING_REVIEW,MEDIUM,Y,N,N,Y,Y,Y,SEX_SMOKER_FAMILY:B2,B2FS,Y,Y,Y,CIT-DEC-002
CIT-PLAN-0128,B2MN,20 YEAR TERM MALE NON-TOBACCO,,Term Life,BASE,UNKNOWN,UNKNOWN,,,READY_FOR_REVIEW,IN_PROGRESS,NOT_STARTED,NOT_STARTED,READY_FOR_REVIEW,IN_PROGRESS,NOT_STARTED,NOT_STARTED,,1,PENDING_REVIEW,Working governance row from Stage 4A; not client-approved,IN_SCOPE_BASE_PLAN,PENDING_REVIEW,HIGH,Y,Y,N,Y,Y,Y,SEX_SMOKER_FAMILY:B2,B2MN,N,Y,Y,CIT-DEC-004
CIT-PLAN-0129,B2MS,Term Life,,Term Life,BASE,UNKNOWN,UNKNOWN,,,READY_FOR_REVIEW,IN_PROGRESS,NOT_STARTED,NOT_STARTED,READY_FOR_REVIEW,IN_PROGRESS,NOT_STARTED,NOT_STARTED,,1,PENDING_REVIEW,Working governance row from Stage 4A; not client-approved,IN_SCOPE_BASE_PLAN,PENDING_REVIEW,MEDIUM,Y,N,N,Y,Y,Y,SEX_SMOKER_FAMILY:B2,B2MS,Y,Y,Y,CIT-DEC-002
CIT-PLAN-0130,B3FN,30 YR TERM FEMALE NON-TOBACCO,,Term Life,BASE,UNKNOWN,UNKNOWN,,,READY_FOR_REVIEW,IN_PROGRESS,NOT_STARTED,NOT_STARTED,IN_PROGRESS,NOT_STARTED,NOT_STARTED,NOT_STARTED,,1,PENDING_REVIEW,Working governance row from Stage 4A; not client-approved,IN_SCOPE_BASE_PLAN,PENDING_REVIEW,HIGH,Y,Y,N,Y,N,N,SEX_SMOKER_FAMILY:B3,B3FN,N,Y,Y,CIT-DEC-004
CIT-PLAN-0131,B3FS,Term Life,,Term Life,BASE,UNKNOWN,UNKNOWN,,,READY_FOR_REVIEW,IN_PROGRESS,NOT_STARTED,NOT_STARTED,IN_PROGRESS,NOT_STARTED,NOT_STARTED,NOT_STARTED,,1,PENDING_REVIEW,Working governance row from Stage 4A; not client-approved,IN_SCOPE_BASE_PLAN,PENDING_REVIEW,MEDIUM,Y,N,N,Y,N,N,SEX_SMOKER_FAMILY:B3,B3FS,Y,Y,Y,CIT-DEC-002
CIT-PLAN-0132,B3MN,30 YR TERM MALE NON-TOBACCO,,Term Life,BASE,UNKNOWN,UNKNOWN,,,READY_FOR_REVIEW,IN_PROGRESS,NOT_STARTED,NOT_STARTED,IN_PROGRESS,NOT_STARTED,NOT_STARTED,NOT_STARTED,,1,PENDING_REVIEW,Working governance row from Stage 4A; not client-approved,IN_SCOPE_BASE_PLAN,PENDING_REVIEW,HIGH,Y,Y,N,Y,N,N,SEX_SMOKER_FAMILY:B3,B3MN,N,Y,Y,CIT-DEC-004
CIT-PLAN-0133,B3MS,Term Life,,Term Life,BASE,UNKNOWN,UNKNOWN,,,READY_FOR_REVIEW,IN_PROGRESS,NOT_STARTED,NOT_STARTED,IN_PROGRESS,NOT_STARTED,NOT_STARTED,NOT_STARTED,,1,PENDING_REVIEW,Working governance row from Stage 4A; not client-approved,IN_SCOPE_BASE_PLAN,PENDING_REVIEW,MEDIUM,Y,N,N,Y,N,N,SEX_SMOKER_FAMILY:B3,B3MS,Y,Y,Y,CIT-DEC-002
CIT-PLAN-0134,BA1,ROLLER BURIAL ASSOCIATION,,Merchandise / Burial Service,BASE,UNKNOWN,UNKNOWN,,,READY_FOR_REVIEW,IN_PROGRESS,NOT_STARTED,NOT_STARTED,IN_PROGRESS,NOT_STARTED,NOT_STARTED,NOT_STARTED,,1,PENDING_REVIEW,Working governance row from Stage 4A; not client-approved,IN_SCOPE_BASE_PLAN,PENDING_REVIEW,HIGH,Y,Y,N,Y,N,N,,BA1,N,Y,Y,CIT-DEC-004
CIT-PLAN-0135,BA2,ROLLER BURIAL ASSOCIATION,,Merchandise / Burial Service,BASE,UNKNOWN,UNKNOWN,,,READY_FOR_REVIEW,IN_PROGRESS,NOT_STARTED,NOT_STARTED,IN_PROGRESS,NOT_STARTED,NOT_STARTED,NOT_STARTED,,1,PENDING_REVIEW,Working governance row from Stage 4A; not client-approved,IN_SCOPE_BASE_PLAN,PENDING_REVIEW,HIGH,Y,Y,N,Y,N,N,,BA2,N,Y,Y,CIT-DEC-004
CIT-PLAN-0136,BA3,ROLLER BURIAL ASSOCIATION,,Merchandise / Burial Service,BASE,UNKNOWN,UNKNOWN,,,READY_FOR_REVIEW,IN_PROGRESS,NOT_STARTED,NOT_STARTED,IN_PROGRESS,NOT_STARTED,NOT_STARTED,NOT_STARTED,,1,PENDING_REVIEW,Working governance row from Stage 4A; not client-approved,IN_SCOPE_BASE_PLAN,PENDING_REVIEW,HIGH,Y,Y,N,Y,N,N,,BA3,N,Y,Y,CIT-DEC-004
CIT-PLAN-0137,BA4,ROLLER BURIAL ASSOCIATION,,Merchandise / Burial Service,BASE,UNKNOWN,UNKNOWN,,,READY_FOR_REVIEW,IN_PROGRESS,NOT_STARTED,NOT_STARTED,IN_PROGRESS,NOT_STARTED,NOT_STARTED,NOT_STARTED,,1,PENDING_REVIEW,Working governance row from Stage 4A; not client-approved,IN_SCOPE_BASE_PLAN,PENDING_REVIEW,HIGH,Y,Y,N,Y,N,N,,BA4,N,Y,Y,CIT-DEC-004
CIT-PLAN-0138,BA5,ROLLER BURIAL ASSOCIATION,,Merchandise / Burial Service,BASE,UNKNOWN,UNKNOWN,,,READY_FOR_REVIEW,IN_PROGRESS,NOT_STARTED,NOT_STARTED,IN_PROGRESS,NOT_STARTED,NOT_STARTED,NOT_STARTED,,1,PENDING_REVIEW,Working governance row from Stage 4A; not client-approved,IN_SCOPE_BASE_PLAN,PENDING_REVIEW,HIGH,Y,Y,N,Y,N,N,,BA5,N,Y,Y,CIT-DEC-004
CIT-PLAN-0139,BA5N,ROLLER BURIAL ASSOCIATION,,Merchandise / Burial Service,BASE,UNKNOWN,UNKNOWN,,,READY_FOR_REVIEW,IN_PROGRESS,NOT_STARTED,NOT_STARTED,READY_FOR_REVIEW,IN_PROGRESS,NOT_STARTED,NOT_STARTED,,1,PENDING_REVIEW,Working governance row from Stage 4A; not client-approved,IN_SCOPE_BASE_PLAN,PENDING_REVIEW,HIGH,Y,Y,N,Y,Y,Y,,BA5N,N,Y,Y,CIT-DEC-004
CIT-PLAN-0140,BA6,SALINE COUNTY BURIAL,,Merchandise / Burial Service,BASE,UNKNOWN,UNKNOWN,,,READY_FOR_REVIEW,IN_PROGRESS,NOT_STARTED,NOT_STARTED,IN_PROGRESS,NOT_STARTED,NOT_STARTED,NOT_STARTED,,1,PENDING_REVIEW,Working governance row from Stage 4A; not client-approved,IN_SCOPE_BASE_PLAN,PENDING_REVIEW,HIGH,Y,Y,N,Y,N,N,,BA6,N,Y,Y,CIT-DEC-004
CIT-PLAN-0141,BA6B,,,,BASE,UNKNOWN,UNKNOWN,,,READY_FOR_REVIEW,NOT_STARTED,NOT_STARTED,NOT_STARTED,READY_FOR_REVIEW,IN_PROGRESS,NOT_STARTED,NOT_STARTED,,0,PENDING_REVIEW,Working governance row from Stage 4A; not client-approved,IN_SCOPE_PENDING_SOURCE,PENDING_REVIEW,LOW,N,N,N,N,Y,Y,,BA6B,N,Y,Y,
CIT-PLAN-0142,BA6N,SALINE COUNTY BURIAL,,Merchandise / Burial Service,BASE,UNKNOWN,UNKNOWN,,,READY_FOR_REVIEW,IN_PROGRESS,NOT_STARTED,NOT_STARTED,READY_FOR_REVIEW,IN_PROGRESS,NOT_STARTED,NOT_STARTED,,1,PENDING_REVIEW,Working governance row from Stage 4A; not client-approved,IN_SCOPE_BASE_PLAN,PENDING_REVIEW,HIGH,Y,Y,N,Y,Y,Y,,BA6N,N,Y,Y,CIT-DEC-004
CIT-PLAN-0143,BA7,TRI COUNTY BURIAL CLUB,,Merchandise / Burial Service,BASE,UNKNOWN,UNKNOWN,,,READY_FOR_REVIEW,IN_PROGRESS,NOT_STARTED,NOT_STARTED,IN_PROGRESS,NOT_STARTED,NOT_STARTED,NOT_STARTED,,1,PENDING_REVIEW,Working governance row from Stage 4A; not client-approved,IN_SCOPE_BASE_PLAN,PENDING_REVIEW,HIGH,Y,Y,N,Y,N,N,,BA7,N,Y,Y,CIT-DEC-004
CIT-PLAN-0144,BA7N,TRI COUNTY BURIAL CLUB,,Merchandise / Burial Service,BASE,UNKNOWN,UNKNOWN,,,READY_FOR_REVIEW,IN_PROGRESS,NOT_STARTED,NOT_STARTED,IN_PROGRESS,NOT_STARTED,NOT_STARTED,NOT_STARTED,,1,PENDING_REVIEW,Working governance row from Stage 4A; not client-approved,IN_SCOPE_BASE_PLAN,PENDING_REVIEW,HIGH,Y,Y,N,Y,N,N,,BA7N,N,Y,Y,CIT-DEC-004
CIT-PLAN-0145,BA8,ROLLER BURIAL ASSOCIATION,,Merchandise / Burial Service,BASE,UNKNOWN,UNKNOWN,,,READY_FOR_REVIEW,IN_PROGRESS,NOT_STARTED,NOT_STARTED,IN_PROGRESS,NOT_STARTED,NOT_STARTED,NOT_STARTED,,1,PENDING_REVIEW,Working governance row from Stage 4A; not client-approved,IN_SCOPE_BASE_PLAN,PENDING_REVIEW,HIGH,Y,Y,N,Y,N,N,,BA8,N,Y,Y,CIT-DEC-004
CIT-PLAN-0146,BA8N,ROLLER BURIAL ASSOCIATION,,Merchandise / Burial Service,BASE,UNKNOWN,UNKNOWN,,,READY_FOR_REVIEW,IN_PROGRESS,NOT_STARTED,NOT_STARTED,IN_PROGRESS,NOT_STARTED,NOT_STARTED,NOT_STARTED,,1,PENDING_REVIEW,Working governance row from Stage 4A; not client-approved,IN_SCOPE_BASE_PLAN,PENDING_REVIEW,HIGH,Y,Y,N,Y,N,N,,BA8N,N,Y,Y,CIT-DEC-004
CIT-PLAN-0147,BA9,ROLLER BURIAL ASSOCIATION,,Merchandise / Burial Service,BASE,UNKNOWN,UNKNOWN,,,READY_FOR_REVIEW,IN_PROGRESS,NOT_STARTED,NOT_STARTED,IN_PROGRESS,NOT_STARTED,NOT_STARTED,NOT_STARTED,,1,PENDING_REVIEW,Working governance row from Stage 4A; not client-approved,IN_SCOPE_BASE_PLAN,PENDING_REVIEW,HIGH,Y,Y,N,Y,N,N,,BA9,N,Y,Y,CIT-DEC-004
CIT-PLAN-0148,BA9N,ROLLER BURIAL ASSOCIATION,,Merchandise / Burial Service,BASE,UNKNOWN,UNKNOWN,,,READY_FOR_REVIEW,IN_PROGRESS,NOT_STARTED,NOT_STARTED,IN_PROGRESS,NOT_STARTED,NOT_STARTED,NOT_STARTED,,1,PENDING_REVIEW,Working governance row from Stage 4A; not client-approved,IN_SCOPE_BASE_PLAN,PENDING_REVIEW,HIGH,Y,Y,N,Y,N,N,,BA9N,N,Y,Y,CIT-DEC-004
CIT-PLAN-0149,BAC,CHRISTESON BURIAL ASSOCIATION,,Merchandise / Burial Service,BASE,UNKNOWN,UNKNOWN,,,READY_FOR_REVIEW,IN_PROGRESS,NOT_STARTED,NOT_STARTED,IN_PROGRESS,NOT_STARTED,NOT_STARTED,NOT_STARTED,,1,PENDING_REVIEW,Working governance row from Stage 4A; not client-approved,IN_SCOPE_BASE_PLAN,PENDING_REVIEW,HIGH,Y,Y,N,Y,N,N,,BAC,N,Y,Y,CIT-DEC-004
CIT-PLAN-0150,BACN,CHRISTESON BURIAL ASSOCIATION,,Merchandise / Burial Service,BASE,UNKNOWN,UNKNOWN,,,READY_FOR_REVIEW,IN_PROGRESS,NOT_STARTED,NOT_STARTED,IN_PROGRESS,NOT_STARTED,NOT_STARTED,NOT_STARTED,,1,PENDING_REVIEW,Working governance row from Stage 4A; not client-approved,IN_SCOPE_BASE_PLAN,PENDING_REVIEW,HIGH,Y,Y,N,Y,N,N,,BACN,N,Y,Y,CIT-DEC-004
CIT-PLAN-0151,BAY,MARION CO BURIAL ASSOCIATION,,Merchandise / Burial Service,BASE,UNKNOWN,UNKNOWN,,,READY_FOR_REVIEW,IN_PROGRESS,NOT_STARTED,NOT_STARTED,IN_PROGRESS,NOT_STARTED,NOT_STARTED,NOT_STARTED,,1,PENDING_REVIEW,Working governance row from Stage 4A; not client-approved,IN_SCOPE_BASE_PLAN,PENDING_REVIEW,HIGH,Y,Y,N,Y,N,N,,BAY,N,Y,Y,CIT-DEC-004
CIT-PLAN-0152,BAYN,MARION CO BURIAL ASSOCIATION,,,BASE,UNKNOWN,UNKNOWN,,,READY_FOR_REVIEW,NOT_STARTED,NOT_STARTED,NOT_STARTED,NOT_STARTED,NOT_STARTED,NOT_STARTED,NOT_STARTED,,1,PENDING_REVIEW,Working governance row from Stage 4A; not client-approved,IN_SCOPE_BASE_PLAN,PENDING_REVIEW,MEDIUM,N,Y,N,N,N,N,,BAYN,Y,Y,Y,CIT-DEC-003
CIT-PLAN-0153,BLFN,WHOLE LIFE CASH POLICY,,Traditional Permanent Life,BASE,UNKNOWN,UNKNOWN,,,READY_FOR_REVIEW,IN_PROGRESS,NOT_STARTED,NOT_STARTED,READY_FOR_REVIEW,IN_PROGRESS,NOT_STARTED,NOT_STARTED,,1,PENDING_REVIEW,Working governance row from Stage 4A; not client-approved,IN_SCOPE_BASE_PLAN,PENDING_REVIEW,HIGH,Y,Y,N,Y,Y,Y,SEX_SMOKER_FAMILY:BL,BLFN,N,Y,Y,CIT-DEC-004
CIT-PLAN-0154,BLFS,WHOLE LIFE CASH POLICY,,Traditional Permanent Life,BASE,UNKNOWN,UNKNOWN,,,READY_FOR_REVIEW,IN_PROGRESS,NOT_STARTED,NOT_STARTED,READY_FOR_REVIEW,IN_PROGRESS,NOT_STARTED,NOT_STARTED,,1,PENDING_REVIEW,Working governance row from Stage 4A; not client-approved,IN_SCOPE_BASE_PLAN,PENDING_REVIEW,HIGH,Y,Y,N,Y,Y,Y,SEX_SMOKER_FAMILY:BL,BLFS,N,Y,Y,CIT-DEC-004
CIT-PLAN-0155,BLMN,WHOLE LIFE CASH POLICY,,Traditional Permanent Life,BASE,UNKNOWN,UNKNOWN,,,READY_FOR_REVIEW,IN_PROGRESS,NOT_STARTED,NOT_STARTED,READY_FOR_REVIEW,IN_PROGRESS,NOT_STARTED,NOT_STARTED,,1,PENDING_REVIEW,Working governance row from Stage 4A; not client-approved,IN_SCOPE_BASE_PLAN,PENDING_REVIEW,HIGH,Y,Y,N,Y,Y,Y,SEX_SMOKER_FAMILY:BL,BLMN,N,Y,Y,CIT-DEC-004
CIT-PLAN-0156,BLMS,MALE SMOKER CASH POLICY,,Traditional Permanent Life,BASE,UNKNOWN,UNKNOWN,,,READY_FOR_REVIEW,IN_PROGRESS,NOT_STARTED,NOT_STARTED,READY_FOR_REVIEW,IN_PROGRESS,NOT_STARTED,NOT_STARTED,,1,PENDING_REVIEW,Working governance row from Stage 4A; not client-approved,IN_SCOPE_BASE_PLAN,PENDING_REVIEW,HIGH,Y,Y,N,Y,Y,Y,SEX_SMOKER_FAMILY:BL,BLMS,N,Y,Y,CIT-DEC-004
CIT-PLAN-0157,BPU,PAID UP STIPULATED,,Merchandise / Burial Service,BASE,UNKNOWN,UNKNOWN,,,READY_FOR_REVIEW,IN_PROGRESS,NOT_STARTED,NOT_STARTED,IN_PROGRESS,NOT_STARTED,NOT_STARTED,NOT_STARTED,,1,PENDING_REVIEW,Working governance row from Stage 4A; not client-approved,IN_SCOPE_BASE_PLAN,PENDING_REVIEW,HIGH,Y,Y,N,Y,N,N,,BPU,N,Y,Y,CIT-DEC-004
CIT-PLAN-0158,BS6N,,,,BASE,UNKNOWN,UNKNOWN,,,READY_FOR_REVIEW,NOT_STARTED,NOT_STARTED,NOT_STARTED,READY_FOR_REVIEW,IN_PROGRESS,NOT_STARTED,NOT_STARTED,,0,PENDING_REVIEW,Working governance row from Stage 4A; not client-approved,IN_SCOPE_PENDING_SOURCE,PENDING_REVIEW,LOW,N,N,N,N,Y,Y,,BS6N,N,Y,Y,
CIT-PLAN-0159,BW,BURIAL/MERCHANDISE SERVICE,,Merchandise / Burial Service,BASE,UNKNOWN,UNKNOWN,,,READY_FOR_REVIEW,IN_PROGRESS,NOT_STARTED,NOT_STARTED,IN_PROGRESS,NOT_STARTED,NOT_STARTED,NOT_STARTED,,1,PENDING_REVIEW,Working governance row from Stage 4A; not client-approved,IN_SCOPE_BASE_PLAN,PENDING_REVIEW,HIGH,Y,Y,N,Y,N,N,,BW,N,Y,Y,CIT-DEC-004
CIT-PLAN-0160,BWB,SPECIFIED BURIAL,,Merchandise / Burial Service,BASE,UNKNOWN,UNKNOWN,,,READY_FOR_REVIEW,IN_PROGRESS,NOT_STARTED,NOT_STARTED,IN_PROGRESS,NOT_STARTED,NOT_STARTED,NOT_STARTED,,1,PENDING_REVIEW,Working governance row from Stage 4A; not client-approved,IN_SCOPE_BASE_PLAN,PENDING_REVIEW,HIGH,Y,Y,N,Y,N,N,,BWB,N,Y,Y,CIT-DEC-004
CIT-PLAN-0161,BWS,SPECIFIED BURIAL,,Merchandise / Burial Service,BASE,UNKNOWN,UNKNOWN,,,READY_FOR_REVIEW,IN_PROGRESS,NOT_STARTED,NOT_STARTED,IN_PROGRESS,NOT_STARTED,NOT_STARTED,NOT_STARTED,,1,PENDING_REVIEW,Working governance row from Stage 4A; not client-approved,IN_SCOPE_BASE_PLAN,PENDING_REVIEW,HIGH,Y,Y,N,Y,N,N,,BWS,N,Y,Y,CIT-DEC-004
CIT-PLAN-0162,CFA0,FLEXIBLE OREM DEFERRED ANNUITY,,,BASE,UNKNOWN,UNKNOWN,,,READY_FOR_REVIEW,NOT_STARTED,NOT_STARTED,NOT_STARTED,NOT_STARTED,NOT_STARTED,NOT_STARTED,NOT_STARTED,,1,PENDING_REVIEW,Working governance row from Stage 4A; not client-approved,IN_SCOPE_BASE_PLAN,PENDING_REVIEW,MEDIUM,N,Y,N,N,N,N,,CFA0,Y,Y,Y,CIT-DEC-003
CIT-PLAN-0163,CFA3,FLEXIBLE PREM DEFFERED ANNUITY,A0CFA3,Annuity,BASE,UNKNOWN,UNKNOWN,,,READY_FOR_REVIEW,IN_PROGRESS,IN_PROGRESS,NOT_STARTED,IN_PROGRESS,NOT_STARTED,NOT_STARTED,NOT_STARTED,,0,PENDING_REVIEW,Working governance row from Stage 4A; not client-approved,IN_SCOPE_BASE_PLAN,PENDING_REVIEW,HIGH,Y,Y,Y,Y,N,N,,CFA3,N,Y,Y,
CIT-PLAN-0164,CFA4,Annuity,,Annuity,BASE,UNKNOWN,UNKNOWN,,,READY_FOR_REVIEW,IN_PROGRESS,NOT_STARTED,NOT_STARTED,IN_PROGRESS,NOT_STARTED,NOT_STARTED,NOT_STARTED,,1,PENDING_REVIEW,Working governance row from Stage 4A; not client-approved,IN_SCOPE_BASE_PLAN,PENDING_REVIEW,MEDIUM,Y,N,N,Y,N,N,,CFA4,Y,Y,Y,CIT-DEC-002
CIT-PLAN-0165,CFA7,Annuity,,Annuity,BASE,UNKNOWN,UNKNOWN,,,READY_FOR_REVIEW,IN_PROGRESS,NOT_STARTED,NOT_STARTED,IN_PROGRESS,NOT_STARTED,NOT_STARTED,NOT_STARTED,,1,PENDING_REVIEW,Working governance row from Stage 4A; not client-approved,IN_SCOPE_BASE_PLAN,PENDING_REVIEW,MEDIUM,Y,N,N,Y,N,N,,CFA7,Y,Y,Y,CIT-DEC-002
CIT-PLAN-0166,CP05,5 YR PAY W/INCREASE DEATH BENE,10CP05,Traditional Permanent Life,BASE,UNKNOWN,UNKNOWN,,,READY_FOR_REVIEW,IN_PROGRESS,IN_PROGRESS,NOT_STARTED,READY_FOR_REVIEW,IN_PROGRESS,NOT_STARTED,NOT_STARTED,,0,PENDING_REVIEW,Working governance row from Stage 4A; not client-approved,IN_SCOPE_BASE_PLAN,PENDING_REVIEW,HIGH,Y,Y,Y,Y,Y,Y,,CP05,N,Y,Y,
CIT-PLAN-0167,CP10,10 PAY LIFE W/INCREASE DEATH,10CP05,Traditional Permanent Life,BASE,UNKNOWN,UNKNOWN,,,READY_FOR_REVIEW,IN_PROGRESS,IN_PROGRESS,NOT_STARTED,READY_FOR_REVIEW,IN_PROGRESS,NOT_STARTED,NOT_STARTED,,0,PENDING_REVIEW,Working governance row from Stage 4A; not client-approved,IN_SCOPE_BASE_PLAN,PENDING_REVIEW,HIGH,Y,Y,Y,Y,Y,Y,,CP10,N,Y,Y,
CIT-PLAN-0168,CP20,20 PAY LIFE INCREASE DEATH BEN,10CP05,Traditional Permanent Life,BASE,UNKNOWN,UNKNOWN,,,READY_FOR_REVIEW,IN_PROGRESS,IN_PROGRESS,NOT_STARTED,READY_FOR_REVIEW,IN_PROGRESS,NOT_STARTED,NOT_STARTED,,0,PENDING_REVIEW,Working governance row from Stage 4A; not client-approved,IN_SCOPE_BASE_PLAN,PENDING_REVIEW,HIGH,Y,Y,Y,Y,Y,Y,,CP20,N,Y,Y,
CIT-PLAN-0169,CPSP,SINGLE PREMIUM INCREASING BENE,10CPSP,Traditional Permanent Life,BASE,UNKNOWN,UNKNOWN,,,READY_FOR_REVIEW,IN_PROGRESS,IN_PROGRESS,NOT_STARTED,READY_FOR_REVIEW,IN_PROGRESS,NOT_STARTED,NOT_STARTED,,0,PENDING_REVIEW,Working governance row from Stage 4A; not client-approved,IN_SCOPE_BASE_PLAN,PENDING_REVIEW,HIGH,Y,Y,Y,Y,Y,Y,,CPSP,N,Y,Y,
CIT-PLAN-0170,CSPB,MERCHANDISE/SERVICE BURIAL,,Merchandise / Burial Service,BASE,UNKNOWN,UNKNOWN,,,READY_FOR_REVIEW,IN_PROGRESS,NOT_STARTED,NOT_STARTED,IN_PROGRESS,NOT_STARTED,NOT_STARTED,NOT_STARTED,,1,PENDING_REVIEW,Working governance row from Stage 4A; not client-approved,IN_SCOPE_BASE_PLAN,PENDING_REVIEW,HIGH,Y,Y,N,Y,N,N,,CSPB,N,Y,Y,CIT-DEC-004
CIT-PLAN-0171,CTR,CHILD TERM RIDER,500CTR,Rider,RIDER,UNKNOWN,UNKNOWN,,,READY_FOR_REVIEW,IN_PROGRESS,IN_PROGRESS,NOT_STARTED,IN_PROGRESS,NOT_STARTED,NOT_STARTED,NOT_STARTED,,0,PENDING_REVIEW,Working governance row from Stage 4A; not client-approved,IN_SCOPE_RIDER,PENDING_REVIEW,HIGH,Y,Y,Y,Y,N,N,,CTR,N,N,Y,
CIT-PLAN-0172,CTRP,PAID UP CHILDRENS TERM RIDER,,,BASE,UNKNOWN,UNKNOWN,,,READY_FOR_REVIEW,NOT_STARTED,NOT_STARTED,NOT_STARTED,NOT_STARTED,NOT_STARTED,NOT_STARTED,NOT_STARTED,,1,PENDING_REVIEW,Working governance row from Stage 4A; not client-approved,IN_SCOPE_BASE_PLAN,PENDING_REVIEW,MEDIUM,N,Y,N,N,N,N,,CTRP,Y,Y,Y,CIT-DEC-003
CIT-PLAN-0173,CW,CASH BENEFIT,,Merchandise / Burial Service,BASE,UNKNOWN,UNKNOWN,,,READY_FOR_REVIEW,IN_PROGRESS,NOT_STARTED,NOT_STARTED,IN_PROGRESS,NOT_STARTED,NOT_STARTED,NOT_STARTED,,1,PENDING_REVIEW,Working governance row from Stage 4A; not client-approved,IN_SCOPE_BASE_PLAN,PENDING_REVIEW,HIGH,Y,Y,N,Y,N,N,,CW,N,Y,Y,CIT-DEC-004
CIT-PLAN-0174,CW58,WHOLE LIFE,10CW58,Traditional Permanent Life,BASE,UNKNOWN,UNKNOWN,,,READY_FOR_REVIEW,IN_PROGRESS,IN_PROGRESS,NOT_STARTED,IN_PROGRESS,NOT_STARTED,NOT_STARTED,NOT_STARTED,,0,PENDING_REVIEW,Working governance row from Stage 4A; not client-approved,IN_SCOPE_BASE_PLAN,PENDING_REVIEW,HIGH,Y,Y,Y,Y,N,N,,CW58,N,Y,Y,
CIT-PLAN-0175,CW80,WHOLE LIFE,10CW80,Traditional Permanent Life,BASE,UNKNOWN,UNKNOWN,,,READY_FOR_REVIEW,IN_PROGRESS,IN_PROGRESS,NOT_STARTED,IN_PROGRESS,NOT_STARTED,NOT_STARTED,NOT_STARTED,,0,PENDING_REVIEW,Working governance row from Stage 4A; not client-approved,IN_SCOPE_BASE_PLAN,PENDING_REVIEW,HIGH,Y,Y,Y,Y,N,N,,CW80,N,Y,Y,
CIT-PLAN-0176,DPFN,PERMA LIFE FEMALE N,"10DPFN, 10DPMN, 10DPMS",Traditional Permanent Life,BASE,UNKNOWN,UNKNOWN,,,READY_FOR_REVIEW,IN_PROGRESS,IN_PROGRESS,NOT_STARTED,READY_FOR_REVIEW,IN_PROGRESS,NOT_STARTED,NOT_STARTED,,0,PENDING_REVIEW,Working governance row from Stage 4A; not client-approved,IN_SCOPE_BASE_PLAN,PENDING_REVIEW,HIGH,Y,Y,Y,Y,Y,Y,SEX_SMOKER_FAMILY:DP,DPFN,N,Y,Y,
CIT-PLAN-0177,DPFS,PERMA LIFE FEMALE S,,Traditional Permanent Life,BASE,UNKNOWN,UNKNOWN,,,READY_FOR_REVIEW,IN_PROGRESS,NOT_STARTED,NOT_STARTED,READY_FOR_REVIEW,IN_PROGRESS,NOT_STARTED,NOT_STARTED,,1,PENDING_REVIEW,Working governance row from Stage 4A; not client-approved,IN_SCOPE_BASE_PLAN,PENDING_REVIEW,HIGH,Y,Y,N,Y,Y,Y,SEX_SMOKER_FAMILY:DP,DPFS,N,Y,Y,CIT-DEC-004
CIT-PLAN-0178,DPMN,PERMA LIFE MALE N,"10DPFN, 10DPMN, 10DPMS",Traditional Permanent Life,BASE,UNKNOWN,UNKNOWN,,,READY_FOR_REVIEW,IN_PROGRESS,IN_PROGRESS,NOT_STARTED,READY_FOR_REVIEW,IN_PROGRESS,NOT_STARTED,NOT_STARTED,,0,PENDING_REVIEW,Working governance row from Stage 4A; not client-approved,IN_SCOPE_BASE_PLAN,PENDING_REVIEW,HIGH,Y,Y,Y,Y,Y,Y,SEX_SMOKER_FAMILY:DP,DPMN,N,Y,Y,
CIT-PLAN-0179,DPMS,PERMA LIFE MALE S,"10DPFN, 10DPMN, 10DPMS",Traditional Permanent Life,BASE,UNKNOWN,UNKNOWN,,,READY_FOR_REVIEW,IN_PROGRESS,IN_PROGRESS,NOT_STARTED,READY_FOR_REVIEW,IN_PROGRESS,NOT_STARTED,NOT_STARTED,,0,PENDING_REVIEW,Working governance row from Stage 4A; not client-approved,IN_SCOPE_BASE_PLAN,PENDING_REVIEW,HIGH,Y,Y,Y,Y,Y,Y,SEX_SMOKER_FAMILY:DP,DPMS,N,Y,Y,
CIT-PLAN-0180,DR1F,Term Life,,Term Life,BASE,UNKNOWN,UNKNOWN,,,READY_FOR_REVIEW,IN_PROGRESS,NOT_STARTED,NOT_STARTED,IN_PROGRESS,NOT_STARTED,NOT_STARTED,NOT_STARTED,,1,PENDING_REVIEW,Working governance row from Stage 4A; not client-approved,IN_SCOPE_BASE_PLAN,PENDING_REVIEW,MEDIUM,Y,N,N,Y,N,N,,DR1F,Y,Y,Y,CIT-DEC-002
CIT-PLAN-0181,DR1M,Term Life,,Term Life,BASE,UNKNOWN,UNKNOWN,,,READY_FOR_REVIEW,IN_PROGRESS,NOT_STARTED,NOT_STARTED,IN_PROGRESS,NOT_STARTED,NOT_STARTED,NOT_STARTED,,1,PENDING_REVIEW,Working governance row from Stage 4A; not client-approved,IN_SCOPE_BASE_PLAN,PENDING_REVIEW,MEDIUM,Y,N,N,Y,N,N,,DR1M,Y,Y,Y,CIT-DEC-002
CIT-PLAN-0182,DR2G,20 YEAR PAY CASH POLICY,"10DR2G, 10DRWG",Traditional Permanent Life,BASE,UNKNOWN,UNKNOWN,,,READY_FOR_REVIEW,IN_PROGRESS,IN_PROGRESS,NOT_STARTED,READY_FOR_REVIEW,IN_PROGRESS,NOT_STARTED,NOT_STARTED,,0,PENDING_REVIEW,Working governance row from Stage 4A; not client-approved,IN_SCOPE_BASE_PLAN,PENDING_REVIEW,HIGH,Y,Y,Y,Y,Y,Y,,DR2G,N,Y,Y,
CIT-PLAN-0183,DR5F,Term Life,,Term Life,BASE,UNKNOWN,UNKNOWN,,,READY_FOR_REVIEW,IN_PROGRESS,NOT_STARTED,NOT_STARTED,IN_PROGRESS,NOT_STARTED,NOT_STARTED,NOT_STARTED,,1,PENDING_REVIEW,Working governance row from Stage 4A; not client-approved,IN_SCOPE_BASE_PLAN,PENDING_REVIEW,MEDIUM,Y,N,N,Y,N,N,,DR5F,Y,Y,Y,CIT-DEC-002
CIT-PLAN-0184,DR5M,Term Life,,Term Life,BASE,UNKNOWN,UNKNOWN,,,READY_FOR_REVIEW,IN_PROGRESS,NOT_STARTED,NOT_STARTED,IN_PROGRESS,NOT_STARTED,NOT_STARTED,NOT_STARTED,,1,PENDING_REVIEW,Working governance row from Stage 4A; not client-approved,IN_SCOPE_BASE_PLAN,PENDING_REVIEW,MEDIUM,Y,N,N,Y,N,N,,DR5M,Y,Y,Y,CIT-DEC-002
CIT-PLAN-0185,DR6G,PAID UP AT AGE 65,,,BASE,UNKNOWN,UNKNOWN,,,READY_FOR_REVIEW,NOT_STARTED,NOT_STARTED,NOT_STARTED,READY_FOR_REVIEW,IN_PROGRESS,NOT_STARTED,NOT_STARTED,,1,PENDING_REVIEW,Working governance row from Stage 4A; not client-approved,IN_SCOPE_BASE_PLAN,PENDING_REVIEW,MEDIUM,N,Y,N,N,Y,Y,,DR6G,Y,Y,Y,CIT-DEC-003
CIT-PLAN-0186,DRWG,WHOLE LIFE CASH POLICY,"10DR2G, 10DRWG",Traditional Permanent Life,BASE,UNKNOWN,UNKNOWN,,,READY_FOR_REVIEW,IN_PROGRESS,IN_PROGRESS,NOT_STARTED,READY_FOR_REVIEW,IN_PROGRESS,NOT_STARTED,NOT_STARTED,,0,PENDING_REVIEW,Working governance row from Stage 4A; not client-approved,IN_SCOPE_BASE_PLAN,PENDING_REVIEW,HIGH,Y,Y,Y,Y,Y,Y,,DRWG,N,Y,Y,
CIT-PLAN-0187,DX1F,FEMALE TEN YEAR TERM,,,BASE,UNKNOWN,UNKNOWN,,,READY_FOR_REVIEW,NOT_STARTED,NOT_STARTED,NOT_STARTED,READY_FOR_REVIEW,IN_PROGRESS,NOT_STARTED,NOT_STARTED,,1,PENDING_REVIEW,Working governance row from Stage 4A; not client-approved,IN_SCOPE_BASE_PLAN,PENDING_REVIEW,MEDIUM,N,Y,N,N,Y,Y,,DX1F,Y,Y,Y,CIT-DEC-003
CIT-PLAN-0188,DX1M,,,,BASE,UNKNOWN,UNKNOWN,,,READY_FOR_REVIEW,NOT_STARTED,NOT_STARTED,NOT_STARTED,READY_FOR_REVIEW,IN_PROGRESS,NOT_STARTED,NOT_STARTED,,0,PENDING_REVIEW,Working governance row from Stage 4A; not client-approved,IN_SCOPE_PENDING_SOURCE,PENDING_REVIEW,LOW,N,N,N,N,Y,Y,,DX1M,N,Y,Y,
CIT-PLAN-0189,DX51,,,,BASE,UNKNOWN,UNKNOWN,,,READY_FOR_REVIEW,NOT_STARTED,NOT_STARTED,NOT_STARTED,NOT_STARTED,NOT_STARTED,NOT_STARTED,NOT_STARTED,,1,PENDING_REVIEW,Working governance row from Stage 4A; not client-approved,IN_SCOPE_BASE_PLAN,PENDING_REVIEW,MEDIUM,N,Y,N,N,N,N,,DX51,Y,Y,Y,CIT-DEC-003
CIT-PLAN-0190,DX5F,FEMALE FIVE YEAR TERM,,,BASE,UNKNOWN,UNKNOWN,,,READY_FOR_REVIEW,NOT_STARTED,NOT_STARTED,NOT_STARTED,READY_FOR_REVIEW,IN_PROGRESS,NOT_STARTED,NOT_STARTED,,1,PENDING_REVIEW,Working governance row from Stage 4A; not client-approved,IN_SCOPE_BASE_PLAN,PENDING_REVIEW,MEDIUM,N,Y,N,N,Y,Y,,DX5F,Y,Y,Y,CIT-DEC-003
CIT-PLAN-0191,DX5M,MALE FIVE YEAR TERM,,,BASE,UNKNOWN,UNKNOWN,,,READY_FOR_REVIEW,NOT_STARTED,NOT_STARTED,NOT_STARTED,READY_FOR_REVIEW,IN_PROGRESS,NOT_STARTED,NOT_STARTED,,1,PENDING_REVIEW,Working governance row from Stage 4A; not client-approved,IN_SCOPE_BASE_PLAN,PENDING_REVIEW,MEDIUM,N,Y,N,N,Y,Y,,DX5M,Y,Y,Y,CIT-DEC-003
CIT-PLAN-0192,F14,15 PAY BURIAL,,Merchandise / Burial Service,BASE,UNKNOWN,UNKNOWN,,,READY_FOR_REVIEW,IN_PROGRESS,NOT_STARTED,NOT_STARTED,IN_PROGRESS,NOT_STARTED,NOT_STARTED,NOT_STARTED,,1,PENDING_REVIEW,Working governance row from Stage 4A; not client-approved,IN_SCOPE_BASE_PLAN,PENDING_REVIEW,HIGH,Y,Y,N,Y,N,N,,F14,N,Y,Y,CIT-DEC-004
CIT-PLAN-0193,F24,20 PAY BURIAL,,Merchandise / Burial Service,BASE,UNKNOWN,UNKNOWN,,,READY_FOR_REVIEW,IN_PROGRESS,NOT_STARTED,NOT_STARTED,IN_PROGRESS,NOT_STARTED,NOT_STARTED,NOT_STARTED,,1,PENDING_REVIEW,Working governance row from Stage 4A; not client-approved,IN_SCOPE_BASE_PLAN,PENDING_REVIEW,HIGH,Y,Y,N,Y,N,N,,F24,N,Y,Y,CIT-DEC-004
CIT-PLAN-0194,F25,MERCHANIDSE/SERVICE 20 YR PAY,,Merchandise / Burial Service,BASE,UNKNOWN,UNKNOWN,,,READY_FOR_REVIEW,IN_PROGRESS,NOT_STARTED,NOT_STARTED,IN_PROGRESS,NOT_STARTED,NOT_STARTED,NOT_STARTED,,1,PENDING_REVIEW,Working governance row from Stage 4A; not client-approved,IN_SCOPE_BASE_PLAN,PENDING_REVIEW,HIGH,Y,Y,N,Y,N,N,,F25,N,Y,Y,CIT-DEC-004
CIT-PLAN-0195,F65,LIFE PAID UP AT 65,100F65,Merchandise / Burial Service,BASE,UNKNOWN,UNKNOWN,,,READY_FOR_REVIEW,IN_PROGRESS,IN_PROGRESS,NOT_STARTED,IN_PROGRESS,NOT_STARTED,NOT_STARTED,NOT_STARTED,,0,PENDING_REVIEW,Working governance row from Stage 4A; not client-approved,IN_SCOPE_BASE_PLAN,PENDING_REVIEW,HIGH,Y,Y,Y,Y,N,N,,F65,N,Y,Y,
CIT-PLAN-0196,FBAF,,,,BASE,UNKNOWN,UNKNOWN,,,READY_FOR_REVIEW,NOT_STARTED,NOT_STARTED,NOT_STARTED,NOT_STARTED,NOT_STARTED,NOT_STARTED,NOT_STARTED,,1,PENDING_REVIEW,Working governance row from Stage 4A; not client-approved,IN_SCOPE_BASE_PLAN,PENDING_REVIEW,MEDIUM,N,Y,N,N,N,N,,FBAF,Y,Y,Y,CIT-DEC-003
CIT-PLAN-0197,FDAA,FIVE YEAR ANNUITY,A0FDAA,Annuity,BASE,UNKNOWN,UNKNOWN,,,READY_FOR_REVIEW,IN_PROGRESS,IN_PROGRESS,NOT_STARTED,IN_PROGRESS,NOT_STARTED,NOT_STARTED,NOT_STARTED,,0,PENDING_REVIEW,Working governance row from Stage 4A; not client-approved,IN_SCOPE_BASE_PLAN,PENDING_REVIEW,HIGH,Y,Y,Y,Y,N,N,,FDAA,N,Y,Y,
CIT-PLAN-0198,FDAB,TEN YEAR ANNUITY,A0FDAB,Annuity,BASE,UNKNOWN,UNKNOWN,,,READY_FOR_REVIEW,IN_PROGRESS,IN_PROGRESS,NOT_STARTED,IN_PROGRESS,NOT_STARTED,NOT_STARTED,NOT_STARTED,,0,PENDING_REVIEW,Working governance row from Stage 4A; not client-approved,IN_SCOPE_BASE_PLAN,PENDING_REVIEW,HIGH,Y,Y,Y,Y,N,N,,FDAB,N,Y,Y,
CIT-PLAN-0199,FDAC,FIFTEEN YEAR ANNUITY,A0FDAC,Annuity,BASE,UNKNOWN,UNKNOWN,,,READY_FOR_REVIEW,IN_PROGRESS,IN_PROGRESS,NOT_STARTED,IN_PROGRESS,NOT_STARTED,NOT_STARTED,NOT_STARTED,,0,PENDING_REVIEW,Working governance row from Stage 4A; not client-approved,IN_SCOPE_BASE_PLAN,PENDING_REVIEW,HIGH,Y,Y,Y,Y,N,N,,FDAC,N,Y,Y,
CIT-PLAN-0200,FDAD,TWENTY YEAR ANNUITY,A0FDAD,Annuity,BASE,UNKNOWN,UNKNOWN,,,READY_FOR_REVIEW,IN_PROGRESS,IN_PROGRESS,NOT_STARTED,IN_PROGRESS,NOT_STARTED,NOT_STARTED,NOT_STARTED,,0,PENDING_REVIEW,Working governance row from Stage 4A; not client-approved,IN_SCOPE_BASE_PLAN,PENDING_REVIEW,HIGH,Y,Y,Y,Y,N,N,,FDAD,N,Y,Y,
CIT-PLAN-0201,FDAP,PAID UP FLEX/DEF ANNUITY,A0FDAP,Annuity,BASE,UNKNOWN,UNKNOWN,,,READY_FOR_REVIEW,IN_PROGRESS,IN_PROGRESS,NOT_STARTED,IN_PROGRESS,NOT_STARTED,NOT_STARTED,NOT_STARTED,,0,PENDING_REVIEW,Working governance row from Stage 4A; not client-approved,IN_SCOPE_BASE_PLAN,PENDING_REVIEW,HIGH,Y,Y,Y,Y,N,N,,FDAP,N,Y,Y,
CIT-PLAN-0202,FDAS,SINGLE PREMIUM ANNUITY,A0FDAS,Annuity,BASE,UNKNOWN,UNKNOWN,,,READY_FOR_REVIEW,IN_PROGRESS,IN_PROGRESS,NOT_STARTED,IN_PROGRESS,NOT_STARTED,NOT_STARTED,NOT_STARTED,,0,PENDING_REVIEW,Working governance row from Stage 4A; not client-approved,IN_SCOPE_BASE_PLAN,PENDING_REVIEW,HIGH,Y,Y,Y,Y,N,N,,FDAS,N,Y,Y,
CIT-PLAN-0203,FF14,SINGLE PREMIUM ANNUITY SSLI,A0FF14,Annuity,BASE,UNKNOWN,UNKNOWN,,,READY_FOR_REVIEW,IN_PROGRESS,IN_PROGRESS,NOT_STARTED,IN_PROGRESS,NOT_STARTED,NOT_STARTED,NOT_STARTED,,0,PENDING_REVIEW,Working governance row from Stage 4A; not client-approved,IN_SCOPE_BASE_PLAN,PENDING_REVIEW,HIGH,Y,Y,Y,Y,N,N,,FF14,N,Y,Y,
CIT-PLAN-0204,FF15,SINGLE PREMIUM ANNUITY SSLI,,Annuity,BASE,UNKNOWN,UNKNOWN,,,READY_FOR_REVIEW,IN_PROGRESS,NOT_STARTED,NOT_STARTED,IN_PROGRESS,NOT_STARTED,NOT_STARTED,NOT_STARTED,,1,PENDING_REVIEW,Working governance row from Stage 4A; not client-approved,IN_SCOPE_BASE_PLAN,PENDING_REVIEW,HIGH,Y,Y,N,Y,N,N,,FF15,N,Y,Y,CIT-DEC-004
CIT-PLAN-0205,FF24,TWO YEAR ANNUITY  SSLI,,Annuity,BASE,UNKNOWN,UNKNOWN,,,READY_FOR_REVIEW,IN_PROGRESS,NOT_STARTED,NOT_STARTED,IN_PROGRESS,NOT_STARTED,NOT_STARTED,NOT_STARTED,,1,PENDING_REVIEW,Working governance row from Stage 4A; not client-approved,IN_SCOPE_BASE_PLAN,PENDING_REVIEW,HIGH,Y,Y,N,Y,N,N,,FF24,N,Y,Y,CIT-DEC-004
CIT-PLAN-0206,FF25,TWO YEAR ANNUITY   SSLI,,Annuity,BASE,UNKNOWN,UNKNOWN,,,READY_FOR_REVIEW,IN_PROGRESS,NOT_STARTED,NOT_STARTED,IN_PROGRESS,NOT_STARTED,NOT_STARTED,NOT_STARTED,,1,PENDING_REVIEW,Working governance row from Stage 4A; not client-approved,IN_SCOPE_BASE_PLAN,PENDING_REVIEW,HIGH,Y,Y,N,Y,N,N,,FF25,N,Y,Y,CIT-DEC-004
CIT-PLAN-0207,FF44,FOUR YEAR ANNUITY SSLI,,Annuity,BASE,UNKNOWN,UNKNOWN,,,READY_FOR_REVIEW,IN_PROGRESS,NOT_STARTED,NOT_STARTED,IN_PROGRESS,NOT_STARTED,NOT_STARTED,NOT_STARTED,,1,PENDING_REVIEW,Working governance row from Stage 4A; not client-approved,IN_SCOPE_BASE_PLAN,PENDING_REVIEW,HIGH,Y,Y,N,Y,N,N,,FF44,N,Y,Y,CIT-DEC-004
CIT-PLAN-0208,FF45,FOUR YEAR ANNUITY SSLI,,Annuity,BASE,UNKNOWN,UNKNOWN,,,READY_FOR_REVIEW,IN_PROGRESS,NOT_STARTED,NOT_STARTED,IN_PROGRESS,NOT_STARTED,NOT_STARTED,NOT_STARTED,,1,PENDING_REVIEW,Working governance row from Stage 4A; not client-approved,IN_SCOPE_BASE_PLAN,PENDING_REVIEW,HIGH,Y,Y,N,Y,N,N,,FF45,N,Y,Y,CIT-DEC-004
CIT-PLAN-0209,FF54,FIVE YEAR ANNUITY   SSLI,,Annuity,BASE,UNKNOWN,UNKNOWN,,,READY_FOR_REVIEW,IN_PROGRESS,NOT_STARTED,NOT_STARTED,IN_PROGRESS,NOT_STARTED,NOT_STARTED,NOT_STARTED,,1,PENDING_REVIEW,Working governance row from Stage 4A; not client-approved,IN_SCOPE_BASE_PLAN,PENDING_REVIEW,HIGH,Y,Y,N,Y,N,N,,FF54,N,Y,Y,CIT-DEC-004
CIT-PLAN-0210,FF55,FIVE YEAR ANNUITY  SSLI,A0FF55,Annuity,BASE,UNKNOWN,UNKNOWN,,,READY_FOR_REVIEW,IN_PROGRESS,IN_PROGRESS,NOT_STARTED,IN_PROGRESS,NOT_STARTED,NOT_STARTED,NOT_STARTED,,0,PENDING_REVIEW,Working governance row from Stage 4A; not client-approved,IN_SCOPE_BASE_PLAN,PENDING_REVIEW,HIGH,Y,Y,Y,Y,N,N,,FF55,N,Y,Y,
CIT-PLAN-0211,FFAA,FIVE YEAR ANNUITY,A0FFAA,Annuity,BASE,UNKNOWN,UNKNOWN,,,READY_FOR_REVIEW,IN_PROGRESS,IN_PROGRESS,NOT_STARTED,IN_PROGRESS,NOT_STARTED,NOT_STARTED,NOT_STARTED,,0,PENDING_REVIEW,Working governance row from Stage 4A; not client-approved,IN_SCOPE_BASE_PLAN,PENDING_REVIEW,HIGH,Y,Y,Y,Y,N,N,,FFAA,N,Y,Y,
CIT-PLAN-0212,FFAB,TEN YEAR ANNUITY,A0FFAB,Annuity,BASE,UNKNOWN,UNKNOWN,,,READY_FOR_REVIEW,IN_PROGRESS,IN_PROGRESS,NOT_STARTED,IN_PROGRESS,NOT_STARTED,NOT_STARTED,NOT_STARTED,,0,PENDING_REVIEW,Working governance row from Stage 4A; not client-approved,IN_SCOPE_BASE_PLAN,PENDING_REVIEW,HIGH,Y,Y,Y,Y,N,N,,FFAB,N,Y,Y,
CIT-PLAN-0213,FFAC,FIFTEEN YEAR ANNUITY,A0FFAC,Annuity,BASE,UNKNOWN,UNKNOWN,,,READY_FOR_REVIEW,IN_PROGRESS,IN_PROGRESS,NOT_STARTED,IN_PROGRESS,NOT_STARTED,NOT_STARTED,NOT_STARTED,,0,PENDING_REVIEW,Working governance row from Stage 4A; not client-approved,IN_SCOPE_BASE_PLAN,PENDING_REVIEW,HIGH,Y,Y,Y,Y,N,N,,FFAC,N,Y,Y,
CIT-PLAN-0214,FFAD,TWENTY YEAR ANNUITY,A0FFAD,Annuity,BASE,UNKNOWN,UNKNOWN,,,READY_FOR_REVIEW,IN_PROGRESS,IN_PROGRESS,NOT_STARTED,IN_PROGRESS,NOT_STARTED,NOT_STARTED,NOT_STARTED,,0,PENDING_REVIEW,Working governance row from Stage 4A; not client-approved,IN_SCOPE_BASE_PLAN,PENDING_REVIEW,HIGH,Y,Y,Y,Y,N,N,,FFAD,N,Y,Y,
CIT-PLAN-0215,FFAP,PAID UP OR MATURED PAID UP,A0FFAP,Annuity,BASE,UNKNOWN,UNKNOWN,,,READY_FOR_REVIEW,IN_PROGRESS,IN_PROGRESS,NOT_STARTED,IN_PROGRESS,NOT_STARTED,NOT_STARTED,NOT_STARTED,,0,PENDING_REVIEW,Working governance row from Stage 4A; not client-approved,IN_SCOPE_BASE_PLAN,PENDING_REVIEW,HIGH,Y,Y,Y,Y,N,N,,FFAP,N,Y,Y,
CIT-PLAN-0216,FFAS,SINGLE PREMIUM ANNUITY,A0FFAS,Annuity,BASE,UNKNOWN,UNKNOWN,,,READY_FOR_REVIEW,IN_PROGRESS,IN_PROGRESS,NOT_STARTED,IN_PROGRESS,NOT_STARTED,NOT_STARTED,NOT_STARTED,,0,PENDING_REVIEW,Working governance row from Stage 4A; not client-approved,IN_SCOPE_BASE_PLAN,PENDING_REVIEW,HIGH,Y,Y,Y,Y,N,N,,FFAS,N,Y,Y,
CIT-PLAN-0217,FS4,SINGLE BURIAL,100FS4,Merchandise / Burial Service,BASE,UNKNOWN,UNKNOWN,,,READY_FOR_REVIEW,IN_PROGRESS,IN_PROGRESS,NOT_STARTED,IN_PROGRESS,NOT_STARTED,NOT_STARTED,NOT_STARTED,,0,PENDING_REVIEW,Working governance row from Stage 4A; not client-approved,IN_SCOPE_BASE_PLAN,PENDING_REVIEW,HIGH,Y,Y,Y,Y,N,N,,FS4,N,Y,Y,
CIT-PLAN-0218,FW,STIPULATED,,Merchandise / Burial Service,BASE,UNKNOWN,UNKNOWN,,,READY_FOR_REVIEW,IN_PROGRESS,NOT_STARTED,NOT_STARTED,IN_PROGRESS,NOT_STARTED,NOT_STARTED,NOT_STARTED,,1,PENDING_REVIEW,Working governance row from Stage 4A; not client-approved,IN_SCOPE_BASE_PLAN,PENDING_REVIEW,HIGH,Y,Y,N,Y,N,N,,FW,N,Y,Y,CIT-DEC-004
CIT-PLAN-0219,FW4,MERCHANDISE/SERVICE BURIAL,,Merchandise / Burial Service,BASE,UNKNOWN,UNKNOWN,,,READY_FOR_REVIEW,IN_PROGRESS,NOT_STARTED,NOT_STARTED,IN_PROGRESS,NOT_STARTED,NOT_STARTED,NOT_STARTED,,1,PENDING_REVIEW,Working governance row from Stage 4A; not client-approved,IN_SCOPE_BASE_PLAN,PENDING_REVIEW,HIGH,Y,Y,N,Y,N,N,,FW4,N,Y,Y,CIT-DEC-004
CIT-PLAN-0220,FW5,MERCHANDISE/SERVICE BURIAL,"100FW5, 10FW5C",Merchandise / Burial Service,BASE,UNKNOWN,UNKNOWN,,,READY_FOR_REVIEW,IN_PROGRESS,IN_PROGRESS,NOT_STARTED,READY_FOR_REVIEW,IN_PROGRESS,NOT_STARTED,NOT_STARTED,,0,PENDING_REVIEW,Working governance row from Stage 4A; not client-approved,IN_SCOPE_BASE_PLAN,PENDING_REVIEW,HIGH,Y,Y,Y,Y,Y,Y,,FW5,N,Y,Y,
CIT-PLAN-0221,FW5C,MERCHANDISE/SERVICE BURIAL,"100FW5, 10FW5C",Merchandise / Burial Service,BASE,UNKNOWN,UNKNOWN,,,READY_FOR_REVIEW,IN_PROGRESS,IN_PROGRESS,NOT_STARTED,IN_PROGRESS,NOT_STARTED,NOT_STARTED,NOT_STARTED,,0,PENDING_REVIEW,Working governance row from Stage 4A; not client-approved,IN_SCOPE_BASE_PLAN,PENDING_REVIEW,HIGH,Y,Y,Y,Y,N,N,,FW5C,N,Y,Y,
CIT-PLAN-0222,GDB,GRADED DEATH BENEFIT,100GDB,Traditional Permanent Life,BASE,UNKNOWN,UNKNOWN,,,READY_FOR_REVIEW,IN_PROGRESS,IN_PROGRESS,NOT_STARTED,READY_FOR_REVIEW,IN_PROGRESS,NOT_STARTED,NOT_STARTED,,0,PENDING_REVIEW,Working governance row from Stage 4A; not client-approved,IN_SCOPE_BASE_PLAN,PENDING_REVIEW,HIGH,Y,Y,Y,Y,Y,Y,,GDB,N,Y,Y,
CIT-PLAN-0223,GLI,GUARANTY LIFE,,External Servicing,BASE,UNKNOWN,UNKNOWN,,,READY_FOR_REVIEW,IN_PROGRESS,NOT_STARTED,NOT_STARTED,IN_PROGRESS,NOT_STARTED,NOT_STARTED,NOT_STARTED,,1,PENDING_REVIEW,Working governance row from Stage 4A; not client-approved,IN_SCOPE_BASE_PLAN,PENDING_REVIEW,HIGH,Y,Y,N,Y,N,N,,GLI,N,Y,Y,CIT-DEC-004
CIT-PLAN-0224,GS28,20 YEAR PAY CASH,,,BASE,UNKNOWN,UNKNOWN,,,READY_FOR_REVIEW,NOT_STARTED,NOT_STARTED,NOT_STARTED,NOT_STARTED,NOT_STARTED,NOT_STARTED,NOT_STARTED,,1,PENDING_REVIEW,Working governance row from Stage 4A; not client-approved,IN_SCOPE_BASE_PLAN,PENDING_REVIEW,MEDIUM,N,Y,N,N,N,N,,GS28,Y,Y,Y,CIT-DEC-003
CIT-PLAN-0225,HIV,GROUP ACCIDENTIAL,,,BASE,UNKNOWN,UNKNOWN,,,READY_FOR_REVIEW,NOT_STARTED,NOT_STARTED,NOT_STARTED,NOT_STARTED,NOT_STARTED,NOT_STARTED,NOT_STARTED,,1,PENDING_REVIEW,Working governance row from Stage 4A; not client-approved,IN_SCOPE_BASE_PLAN,PENDING_REVIEW,MEDIUM,N,Y,N,N,N,N,,HIV,Y,Y,Y,CIT-DEC-003
CIT-PLAN-0226,HPFN,PERMA LIFE FEMALE N,10HPFN,Traditional Permanent Life,BASE,UNKNOWN,UNKNOWN,,,READY_FOR_REVIEW,IN_PROGRESS,IN_PROGRESS,NOT_STARTED,READY_FOR_REVIEW,IN_PROGRESS,NOT_STARTED,NOT_STARTED,,0,PENDING_REVIEW,Working governance row from Stage 4A; not client-approved,IN_SCOPE_BASE_PLAN,PENDING_REVIEW,HIGH,Y,Y,Y,Y,Y,Y,SEX_SMOKER_FAMILY:HP,HPFN,N,Y,Y,
CIT-PLAN-0227,HPFS,PERMAN LIFE FEMALE S,10HPFS,Traditional Permanent Life,BASE,UNKNOWN,UNKNOWN,,,READY_FOR_REVIEW,IN_PROGRESS,IN_PROGRESS,NOT_STARTED,READY_FOR_REVIEW,IN_PROGRESS,NOT_STARTED,NOT_STARTED,,0,PENDING_REVIEW,Working governance row from Stage 4A; not client-approved,IN_SCOPE_BASE_PLAN,PENDING_REVIEW,HIGH,Y,Y,Y,Y,Y,Y,SEX_SMOKER_FAMILY:HP,HPFS,N,Y,Y,
CIT-PLAN-0228,HPMN,PERMAN LIFE MALE N,10HPMN,Traditional Permanent Life,BASE,UNKNOWN,UNKNOWN,,,READY_FOR_REVIEW,IN_PROGRESS,IN_PROGRESS,NOT_STARTED,READY_FOR_REVIEW,IN_PROGRESS,NOT_STARTED,NOT_STARTED,,0,PENDING_REVIEW,Working governance row from Stage 4A; not client-approved,IN_SCOPE_BASE_PLAN,PENDING_REVIEW,HIGH,Y,Y,Y,Y,Y,Y,SEX_SMOKER_FAMILY:HP,HPMN,N,Y,Y,
CIT-PLAN-0229,HPMS,PERMAN LIFE MALE S,10HPMS,Traditional Permanent Life,BASE,UNKNOWN,UNKNOWN,,,READY_FOR_REVIEW,IN_PROGRESS,IN_PROGRESS,NOT_STARTED,READY_FOR_REVIEW,IN_PROGRESS,NOT_STARTED,NOT_STARTED,,0,PENDING_REVIEW,Working governance row from Stage 4A; not client-approved,IN_SCOPE_BASE_PLAN,PENDING_REVIEW,HIGH,Y,Y,Y,Y,Y,Y,SEX_SMOKER_FAMILY:HP,HPMS,N,Y,Y,
CIT-PLAN-0230,HR2G,20 YEAR PAY CASH POLICY,10HR2G,Traditional Permanent Life,BASE,UNKNOWN,UNKNOWN,,,READY_FOR_REVIEW,IN_PROGRESS,IN_PROGRESS,NOT_STARTED,READY_FOR_REVIEW,IN_PROGRESS,NOT_STARTED,NOT_STARTED,,0,PENDING_REVIEW,Working governance row from Stage 4A; not client-approved,IN_SCOPE_BASE_PLAN,PENDING_REVIEW,HIGH,Y,Y,Y,Y,Y,Y,,HR2G,N,Y,Y,
CIT-PLAN-0231,HR6G,WHOLE LIFE CASH PD UP AT 65,,Traditional Permanent Life,BASE,UNKNOWN,UNKNOWN,,,READY_FOR_REVIEW,IN_PROGRESS,NOT_STARTED,NOT_STARTED,READY_FOR_REVIEW,IN_PROGRESS,NOT_STARTED,NOT_STARTED,,1,PENDING_REVIEW,Working governance row from Stage 4A; not client-approved,IN_SCOPE_BASE_PLAN,PENDING_REVIEW,HIGH,Y,Y,N,Y,Y,Y,,HR6G,N,Y,Y,CIT-DEC-004
CIT-PLAN-0232,HRWG,WHOLE LIFE CASH POLICY,10HRWG,Traditional Permanent Life,BASE,UNKNOWN,UNKNOWN,,,READY_FOR_REVIEW,IN_PROGRESS,IN_PROGRESS,NOT_STARTED,READY_FOR_REVIEW,IN_PROGRESS,NOT_STARTED,NOT_STARTED,,0,PENDING_REVIEW,Working governance row from Stage 4A; not client-approved,IN_SCOPE_BASE_PLAN,PENDING_REVIEW,HIGH,Y,Y,Y,Y,Y,Y,,HRWG,N,Y,Y,
CIT-PLAN-0233,IFF1,,,,BASE,UNKNOWN,UNKNOWN,,,READY_FOR_REVIEW,NOT_STARTED,NOT_STARTED,NOT_STARTED,READY_FOR_REVIEW,IN_PROGRESS,NOT_STARTED,NOT_STARTED,,0,PENDING_REVIEW,Working governance row from Stage 4A; not client-approved,IN_SCOPE_PENDING_SOURCE,PENDING_REVIEW,LOW,N,N,N,N,Y,Y,,IFF1,N,Y,Y,
CIT-PLAN-0234,IFF5,,,,BASE,UNKNOWN,UNKNOWN,,,READY_FOR_REVIEW,NOT_STARTED,NOT_STARTED,NOT_STARTED,READY_FOR_REVIEW,IN_PROGRESS,NOT_STARTED,NOT_STARTED,,0,PENDING_REVIEW,Working governance row from Stage 4A; not client-approved,IN_SCOPE_PENDING_SOURCE,PENDING_REVIEW,LOW,N,N,N,N,Y,Y,,IFF5,N,Y,Y,
CIT-PLAN-0235,IFFS,,,,BASE,UNKNOWN,UNKNOWN,,,READY_FOR_REVIEW,NOT_STARTED,NOT_STARTED,NOT_STARTED,READY_FOR_REVIEW,IN_PROGRESS,NOT_STARTED,NOT_STARTED,,0,PENDING_REVIEW,Working governance row from Stage 4A; not client-approved,IN_SCOPE_PENDING_SOURCE,PENDING_REVIEW,LOW,N,N,N,N,Y,Y,SEX_SMOKER_FAMILY:IF,IFFS,N,Y,Y,
CIT-PLAN-0236,LBR,,,,BASE,UNKNOWN,UNKNOWN,,,READY_FOR_REVIEW,NOT_STARTED,NOT_STARTED,NOT_STARTED,READY_FOR_REVIEW,IN_PROGRESS,NOT_STARTED,NOT_STARTED,,0,PENDING_REVIEW,Working governance row from Stage 4A; not client-approved,IN_SCOPE_PENDING_SOURCE,PENDING_REVIEW,LOW,N,N,N,N,Y,Y,,LBR,N,Y,Y,
CIT-PLAN-0237,LPI2,20 PAY LIFE,,Traditional Permanent Life,BASE,UNKNOWN,UNKNOWN,,,READY_FOR_REVIEW,IN_PROGRESS,NOT_STARTED,NOT_STARTED,READY_FOR_REVIEW,IN_PROGRESS,NOT_STARTED,NOT_STARTED,,1,PENDING_REVIEW,Working governance row from Stage 4A; not client-approved,IN_SCOPE_BASE_PLAN,PENDING_REVIEW,HIGH,Y,Y,N,Y,Y,Y,,LPI2,N,Y,Y,CIT-DEC-004
CIT-PLAN-0238,LPI6,LIFE PAID UP AT 65,"10LPI6,10LPIS",Traditional Permanent Life,BASE,UNKNOWN,UNKNOWN,,,READY_FOR_REVIEW,IN_PROGRESS,IN_PROGRESS,NOT_STARTED,READY_FOR_REVIEW,IN_PROGRESS,NOT_STARTED,NOT_STARTED,,0,PENDING_REVIEW,Working governance row from Stage 4A; not client-approved,IN_SCOPE_BASE_PLAN,PENDING_REVIEW,HIGH,Y,Y,Y,Y,Y,Y,,LPI6,N,Y,Y,
CIT-PLAN-0239,LPIS,SINGLE PREMIUM,"10LPI6,10LPIS",Traditional Permanent Life,BASE,UNKNOWN,UNKNOWN,,,READY_FOR_REVIEW,IN_PROGRESS,IN_PROGRESS,NOT_STARTED,READY_FOR_REVIEW,IN_PROGRESS,NOT_STARTED,NOT_STARTED,,0,PENDING_REVIEW,Working governance row from Stage 4A; not client-approved,IN_SCOPE_BASE_PLAN,PENDING_REVIEW,HIGH,Y,Y,Y,Y,Y,Y,,LPIS,N,Y,Y,
CIT-PLAN-0240,M10,MORTGAGE CANCEL 10 YR,,Term Life,BASE,UNKNOWN,UNKNOWN,,,READY_FOR_REVIEW,IN_PROGRESS,NOT_STARTED,NOT_STARTED,IN_PROGRESS,NOT_STARTED,NOT_STARTED,NOT_STARTED,,1,PENDING_REVIEW,Working governance row from Stage 4A; not client-approved,IN_SCOPE_BASE_PLAN,PENDING_REVIEW,HIGH,Y,Y,N,Y,N,N,,M10,N,Y,Y,CIT-DEC-004
CIT-PLAN-0241,M15,MORTGAGE CANCEL 15 YR,,Term Life,BASE,UNKNOWN,UNKNOWN,,,READY_FOR_REVIEW,IN_PROGRESS,NOT_STARTED,NOT_STARTED,IN_PROGRESS,NOT_STARTED,NOT_STARTED,NOT_STARTED,,1,PENDING_REVIEW,Working governance row from Stage 4A; not client-approved,IN_SCOPE_BASE_PLAN,PENDING_REVIEW,HIGH,Y,Y,N,Y,N,N,,M15,N,Y,Y,CIT-DEC-004
CIT-PLAN-0242,M20,MORTGAGE CANCEL 20 YR,,Term Life,BASE,UNKNOWN,UNKNOWN,,,READY_FOR_REVIEW,IN_PROGRESS,NOT_STARTED,NOT_STARTED,IN_PROGRESS,NOT_STARTED,NOT_STARTED,NOT_STARTED,,1,PENDING_REVIEW,Working governance row from Stage 4A; not client-approved,IN_SCOPE_BASE_PLAN,PENDING_REVIEW,HIGH,Y,Y,N,Y,N,N,,M20,N,Y,Y,CIT-DEC-004
CIT-PLAN-0243,M25,MORTGAGE CANCEL 25 YR,,Term Life,BASE,UNKNOWN,UNKNOWN,,,READY_FOR_REVIEW,IN_PROGRESS,NOT_STARTED,NOT_STARTED,IN_PROGRESS,NOT_STARTED,NOT_STARTED,NOT_STARTED,,1,PENDING_REVIEW,Working governance row from Stage 4A; not client-approved,IN_SCOPE_BASE_PLAN,PENDING_REVIEW,HIGH,Y,Y,N,Y,N,N,,M25,N,Y,Y,CIT-DEC-004
CIT-PLAN-0244,M30,MORTGAGE CANCEL 30 YR,,Term Life,BASE,UNKNOWN,UNKNOWN,,,READY_FOR_REVIEW,IN_PROGRESS,NOT_STARTED,NOT_STARTED,IN_PROGRESS,NOT_STARTED,NOT_STARTED,NOT_STARTED,,1,PENDING_REVIEW,Working governance row from Stage 4A; not client-approved,IN_SCOPE_BASE_PLAN,PENDING_REVIEW,HIGH,Y,Y,N,Y,N,N,,M30,N,Y,Y,CIT-DEC-004
CIT-PLAN-0245,MEB,ESTATE BUILDER - SP AGE 21 TO,,,BASE,UNKNOWN,UNKNOWN,,,READY_FOR_REVIEW,NOT_STARTED,NOT_STARTED,NOT_STARTED,NOT_STARTED,NOT_STARTED,NOT_STARTED,NOT_STARTED,,1,PENDING_REVIEW,Working governance row from Stage 4A; not client-approved,IN_SCOPE_BASE_PLAN,PENDING_REVIEW,MEDIUM,N,Y,N,N,N,N,,MEB,Y,Y,Y,CIT-DEC-003
CIT-PLAN-0246,MIC,STIPULATED,,External Servicing,BASE,UNKNOWN,UNKNOWN,,,READY_FOR_REVIEW,IN_PROGRESS,NOT_STARTED,NOT_STARTED,IN_PROGRESS,NOT_STARTED,NOT_STARTED,NOT_STARTED,,1,PENDING_REVIEW,Working governance row from Stage 4A; not client-approved,IN_SCOPE_BASE_PLAN,PENDING_REVIEW,HIGH,Y,Y,N,Y,N,N,,MIC,N,Y,Y,CIT-DEC-004
CIT-PLAN-0247,P7FN,PERMA LIFE 7N FEMALE,"10P7FN, 10P7FS, 10P7MN, 10P7MS",Traditional Permanent Life,BASE,UNKNOWN,UNKNOWN,,,READY_FOR_REVIEW,IN_PROGRESS,IN_PROGRESS,NOT_STARTED,READY_FOR_REVIEW,IN_PROGRESS,NOT_STARTED,NOT_STARTED,,0,PENDING_REVIEW,Working governance row from Stage 4A; not client-approved,IN_SCOPE_BASE_PLAN,PENDING_REVIEW,HIGH,Y,Y,Y,Y,Y,Y,SEX_SMOKER_FAMILY:P7,P7FN,N,Y,Y,
CIT-PLAN-0248,P7FS,PERMA LIFE 7S FEMALE,"10P7FN, 10P7FS, 10P7MN, 10P7MS",Traditional Permanent Life,BASE,UNKNOWN,UNKNOWN,,,READY_FOR_REVIEW,IN_PROGRESS,IN_PROGRESS,NOT_STARTED,READY_FOR_REVIEW,IN_PROGRESS,NOT_STARTED,NOT_STARTED,,0,PENDING_REVIEW,Working governance row from Stage 4A; not client-approved,IN_SCOPE_BASE_PLAN,PENDING_REVIEW,HIGH,Y,Y,Y,Y,Y,Y,SEX_SMOKER_FAMILY:P7,P7FS,N,Y,Y,
CIT-PLAN-0249,P7MN,PERMA LIFE 7N MALE,"10P7FN, 10P7FS, 10P7MN, 10P7MS",Traditional Permanent Life,BASE,UNKNOWN,UNKNOWN,,,READY_FOR_REVIEW,IN_PROGRESS,IN_PROGRESS,NOT_STARTED,READY_FOR_REVIEW,IN_PROGRESS,NOT_STARTED,NOT_STARTED,,0,PENDING_REVIEW,Working governance row from Stage 4A; not client-approved,IN_SCOPE_BASE_PLAN,PENDING_REVIEW,HIGH,Y,Y,Y,Y,Y,Y,SEX_SMOKER_FAMILY:P7,P7MN,N,Y,Y,
CIT-PLAN-0250,P7MS,PERMA LIFE 7S MALE,"10P7FN, 10P7FS, 10P7MN, 10P7MS",Traditional Permanent Life,BASE,UNKNOWN,UNKNOWN,,,READY_FOR_REVIEW,IN_PROGRESS,IN_PROGRESS,NOT_STARTED,READY_FOR_REVIEW,IN_PROGRESS,NOT_STARTED,NOT_STARTED,,0,PENDING_REVIEW,Working governance row from Stage 4A; not client-approved,IN_SCOPE_BASE_PLAN,PENDING_REVIEW,HIGH,Y,Y,Y,Y,Y,Y,SEX_SMOKER_FAMILY:P7,P7MS,N,Y,Y,
CIT-PLAN-0251,P8FJ,PERMA LIFE 8 FEMALE JUVENILE,"10P8FJ, 10P8FN, 10P8FS, 10P8MJ, 10P8MN, 10P8MS",Traditional Permanent Life,BASE,UNKNOWN,UNKNOWN,,,READY_FOR_REVIEW,IN_PROGRESS,IN_PROGRESS,NOT_STARTED,READY_FOR_REVIEW,IN_PROGRESS,NOT_STARTED,NOT_STARTED,,0,PENDING_REVIEW,Working governance row from Stage 4A; not client-approved,IN_SCOPE_BASE_PLAN,PENDING_REVIEW,HIGH,Y,Y,Y,Y,Y,Y,SEX_SMOKER_FAMILY:P8,P8FJ,N,Y,Y,
CIT-PLAN-0252,P8FN,PERMA LIFE 8N FEMALE,"10P8FJ, 10P8FN, 10P8FS, 10P8MJ, 10P8MN, 10P8MS",Traditional Permanent Life,BASE,UNKNOWN,UNKNOWN,,,READY_FOR_REVIEW,IN_PROGRESS,IN_PROGRESS,NOT_STARTED,READY_FOR_REVIEW,IN_PROGRESS,NOT_STARTED,NOT_STARTED,,0,PENDING_REVIEW,Working governance row from Stage 4A; not client-approved,IN_SCOPE_BASE_PLAN,PENDING_REVIEW,HIGH,Y,Y,Y,Y,Y,Y,SEX_SMOKER_FAMILY:P8,P8FN,N,Y,Y,
CIT-PLAN-0253,P8FS,PERMA LIFE 8S FEMALE,"10P8FJ, 10P8FN, 10P8FS, 10P8MJ, 10P8MN, 10P8MS",Traditional Permanent Life,BASE,UNKNOWN,UNKNOWN,,,READY_FOR_REVIEW,IN_PROGRESS,IN_PROGRESS,NOT_STARTED,READY_FOR_REVIEW,IN_PROGRESS,NOT_STARTED,NOT_STARTED,,0,PENDING_REVIEW,Working governance row from Stage 4A; not client-approved,IN_SCOPE_BASE_PLAN,PENDING_REVIEW,HIGH,Y,Y,Y,Y,Y,Y,SEX_SMOKER_FAMILY:P8,P8FS,N,Y,Y,
CIT-PLAN-0254,P8MJ,PERMA LIFE 8 MALE JUVENILE,"10P8FJ, 10P8FN, 10P8FS, 10P8MJ, 10P8MN, 10P8MS",Traditional Permanent Life,BASE,UNKNOWN,UNKNOWN,,,READY_FOR_REVIEW,IN_PROGRESS,IN_PROGRESS,NOT_STARTED,READY_FOR_REVIEW,IN_PROGRESS,NOT_STARTED,NOT_STARTED,,0,PENDING_REVIEW,Working governance row from Stage 4A; not client-approved,IN_SCOPE_BASE_PLAN,PENDING_REVIEW,HIGH,Y,Y,Y,Y,Y,Y,SEX_SMOKER_FAMILY:P8,P8MJ,N,Y,Y,
CIT-PLAN-0255,P8MN,PERMA LIFE 8N MALE,"10P8FJ, 10P8FN, 10P8FS, 10P8MJ, 10P8MN, 10P8MS",Traditional Permanent Life,BASE,UNKNOWN,UNKNOWN,,,READY_FOR_REVIEW,IN_PROGRESS,IN_PROGRESS,NOT_STARTED,READY_FOR_REVIEW,IN_PROGRESS,NOT_STARTED,NOT_STARTED,,0,PENDING_REVIEW,Working governance row from Stage 4A; not client-approved,IN_SCOPE_BASE_PLAN,PENDING_REVIEW,HIGH,Y,Y,Y,Y,Y,Y,SEX_SMOKER_FAMILY:P8,P8MN,N,Y,Y,
CIT-PLAN-0256,P8MS,PERMA LIFE 8S MALE,"10P8FJ, 10P8FN, 10P8FS, 10P8MJ, 10P8MN, 10P8MS",Traditional Permanent Life,BASE,UNKNOWN,UNKNOWN,,,READY_FOR_REVIEW,IN_PROGRESS,IN_PROGRESS,NOT_STARTED,READY_FOR_REVIEW,IN_PROGRESS,NOT_STARTED,NOT_STARTED,,0,PENDING_REVIEW,Working governance row from Stage 4A; not client-approved,IN_SCOPE_BASE_PLAN,PENDING_REVIEW,HIGH,Y,Y,Y,Y,Y,Y,SEX_SMOKER_FAMILY:P8,P8MS,N,Y,Y,
CIT-PLAN-0257,P9FJ,PERMA LIFE 9 FEMALE JUVENILE,"10P9FJ, 10P9FN, 10P9FS, 10P9MJ, 10P9MN, 10P9MS",Traditional Permanent Life,BASE,UNKNOWN,UNKNOWN,,,READY_FOR_REVIEW,IN_PROGRESS,IN_PROGRESS,NOT_STARTED,READY_FOR_REVIEW,IN_PROGRESS,NOT_STARTED,NOT_STARTED,,0,PENDING_REVIEW,Working governance row from Stage 4A; not client-approved,IN_SCOPE_BASE_PLAN,PENDING_REVIEW,HIGH,Y,Y,Y,Y,Y,Y,SEX_SMOKER_FAMILY:P9,P9FJ,N,Y,Y,
CIT-PLAN-0258,P9FN,PERMA LIFE 9N FEMALE,"10P9FJ, 10P9FN, 10P9FS, 10P9MJ, 10P9MN, 10P9MS",Traditional Permanent Life,BASE,UNKNOWN,UNKNOWN,,,READY_FOR_REVIEW,IN_PROGRESS,IN_PROGRESS,NOT_STARTED,READY_FOR_REVIEW,IN_PROGRESS,NOT_STARTED,NOT_STARTED,,0,PENDING_REVIEW,Working governance row from Stage 4A; not client-approved,IN_SCOPE_BASE_PLAN,PENDING_REVIEW,HIGH,Y,Y,Y,Y,Y,Y,SEX_SMOKER_FAMILY:P9,P9FN,N,Y,Y,
CIT-PLAN-0259,P9FS,PERMA LIFE 9S FEMALE,"10P9FJ, 10P9FN, 10P9FS, 10P9MJ, 10P9MN, 10P9MS",Traditional Permanent Life,BASE,UNKNOWN,UNKNOWN,,,READY_FOR_REVIEW,IN_PROGRESS,IN_PROGRESS,NOT_STARTED,READY_FOR_REVIEW,IN_PROGRESS,NOT_STARTED,NOT_STARTED,,0,PENDING_REVIEW,Working governance row from Stage 4A; not client-approved,IN_SCOPE_BASE_PLAN,PENDING_REVIEW,HIGH,Y,Y,Y,Y,Y,Y,SEX_SMOKER_FAMILY:P9,P9FS,N,Y,Y,
CIT-PLAN-0260,P9MJ,PERMA LIFE 9 MALE JUVENILE,"10P9FJ, 10P9FN, 10P9FS, 10P9MJ, 10P9MN, 10P9MS",Traditional Permanent Life,BASE,UNKNOWN,UNKNOWN,,,READY_FOR_REVIEW,IN_PROGRESS,IN_PROGRESS,NOT_STARTED,READY_FOR_REVIEW,IN_PROGRESS,NOT_STARTED,NOT_STARTED,,0,PENDING_REVIEW,Working governance row from Stage 4A; not client-approved,IN_SCOPE_BASE_PLAN,PENDING_REVIEW,HIGH,Y,Y,Y,Y,Y,Y,SEX_SMOKER_FAMILY:P9,P9MJ,N,Y,Y,
CIT-PLAN-0261,P9MN,PERMA LIFE 9N MALE,"10P9FJ, 10P9FN, 10P9FS, 10P9MJ, 10P9MN, 10P9MS",Traditional Permanent Life,BASE,UNKNOWN,UNKNOWN,,,READY_FOR_REVIEW,IN_PROGRESS,IN_PROGRESS,NOT_STARTED,READY_FOR_REVIEW,IN_PROGRESS,NOT_STARTED,NOT_STARTED,,0,PENDING_REVIEW,Working governance row from Stage 4A; not client-approved,IN_SCOPE_BASE_PLAN,PENDING_REVIEW,HIGH,Y,Y,Y,Y,Y,Y,SEX_SMOKER_FAMILY:P9,P9MN,N,Y,Y,
CIT-PLAN-0262,P9MS,PERMA LIFE 9S MALE,"10P9FJ, 10P9FN, 10P9FS, 10P9MJ, 10P9MN, 10P9MS",Traditional Permanent Life,BASE,UNKNOWN,UNKNOWN,,,READY_FOR_REVIEW,IN_PROGRESS,IN_PROGRESS,NOT_STARTED,READY_FOR_REVIEW,IN_PROGRESS,NOT_STARTED,NOT_STARTED,,0,PENDING_REVIEW,Working governance row from Stage 4A; not client-approved,IN_SCOPE_BASE_PLAN,PENDING_REVIEW,HIGH,Y,Y,Y,Y,Y,Y,SEX_SMOKER_FAMILY:P9,P9MS,N,Y,Y,
CIT-PLAN-0263,PLP,INCREASING DEATH BENEFIT PLAN,"100PLP, 10PLP6",Traditional Permanent Life,BASE,UNKNOWN,UNKNOWN,,,READY_FOR_REVIEW,IN_PROGRESS,IN_PROGRESS,NOT_STARTED,READY_FOR_REVIEW,IN_PROGRESS,NOT_STARTED,NOT_STARTED,,0,PENDING_REVIEW,Working governance row from Stage 4A; not client-approved,IN_SCOPE_BASE_PLAN,PENDING_REVIEW,HIGH,Y,Y,Y,Y,Y,Y,,PLP,N,Y,Y,
CIT-PLAN-0264,PLP6,INCREASING DEATH BENEFIT PLAN,"100PLP, 10PLP6",Traditional Permanent Life,BASE,UNKNOWN,UNKNOWN,,,READY_FOR_REVIEW,IN_PROGRESS,IN_PROGRESS,NOT_STARTED,READY_FOR_REVIEW,IN_PROGRESS,NOT_STARTED,NOT_STARTED,,0,PENDING_REVIEW,Working governance row from Stage 4A; not client-approved,IN_SCOPE_BASE_PLAN,PENDING_REVIEW,HIGH,Y,Y,Y,Y,Y,Y,,PLP6,N,Y,Y,
CIT-PLAN-0265,Q1FN,10 YR TERM FEMALE NON-TOBACCO,"10Q1FN, 10Q1MN, 10Q1MS, 10Q2FN, 10Q2MN, 10Q3FN, 10Q3MN, ",Term Life,BASE,UNKNOWN,UNKNOWN,,,READY_FOR_REVIEW,IN_PROGRESS,IN_PROGRESS,NOT_STARTED,READY_FOR_REVIEW,IN_PROGRESS,NOT_STARTED,NOT_STARTED,,0,PENDING_REVIEW,Working governance row from Stage 4A; not client-approved,IN_SCOPE_BASE_PLAN,PENDING_REVIEW,HIGH,Y,Y,Y,Y,Y,Y,SEX_SMOKER_FAMILY:Q1,Q1FN,N,Y,Y,
CIT-PLAN-0266,Q1FS,10 YEAR TERM FEMALE TOBACCO,,Term Life,BASE,UNKNOWN,UNKNOWN,,,READY_FOR_REVIEW,IN_PROGRESS,NOT_STARTED,NOT_STARTED,READY_FOR_REVIEW,IN_PROGRESS,NOT_STARTED,NOT_STARTED,,1,PENDING_REVIEW,Working governance row from Stage 4A; not client-approved,IN_SCOPE_BASE_PLAN,PENDING_REVIEW,HIGH,Y,Y,N,Y,Y,Y,SEX_SMOKER_FAMILY:Q1,Q1FS,N,Y,Y,CIT-DEC-004
CIT-PLAN-0267,Q1MN,10 YEAR TERM MALE NON-TOBACCO,"10Q1FN, 10Q1MN, 10Q1MS, 10Q2FN, 10Q2MN, 10Q3FN, 10Q3MN, ",Term Life,BASE,UNKNOWN,UNKNOWN,,,READY_FOR_REVIEW,IN_PROGRESS,IN_PROGRESS,NOT_STARTED,READY_FOR_REVIEW,IN_PROGRESS,NOT_STARTED,NOT_STARTED,,0,PENDING_REVIEW,Working governance row from Stage 4A; not client-approved,IN_SCOPE_BASE_PLAN,PENDING_REVIEW,HIGH,Y,Y,Y,Y,Y,Y,SEX_SMOKER_FAMILY:Q1,Q1MN,N,Y,Y,
CIT-PLAN-0268,Q1MS,10 YEAR TERM MALE -TOBACCO,"10Q1FN, 10Q1MN, 10Q1MS, 10Q2FN, 10Q2MN, 10Q3FN, 10Q3MN, ",Term Life,BASE,UNKNOWN,UNKNOWN,,,READY_FOR_REVIEW,IN_PROGRESS,IN_PROGRESS,NOT_STARTED,READY_FOR_REVIEW,IN_PROGRESS,NOT_STARTED,NOT_STARTED,,0,PENDING_REVIEW,Working governance row from Stage 4A; not client-approved,IN_SCOPE_BASE_PLAN,PENDING_REVIEW,HIGH,Y,Y,Y,Y,Y,Y,SEX_SMOKER_FAMILY:Q1,Q1MS,N,Y,Y,
CIT-PLAN-0269,Q2FN,20 YR TERM FEMALE NON-TOBACCO,"10Q1FN, 10Q1MN, 10Q1MS, 10Q2FN, 10Q2MN, 10Q3FN, 10Q3MN, ",Term Life,BASE,UNKNOWN,UNKNOWN,,,READY_FOR_REVIEW,IN_PROGRESS,IN_PROGRESS,NOT_STARTED,READY_FOR_REVIEW,IN_PROGRESS,NOT_STARTED,NOT_STARTED,,0,PENDING_REVIEW,Working governance row from Stage 4A; not client-approved,IN_SCOPE_BASE_PLAN,PENDING_REVIEW,HIGH,Y,Y,Y,Y,Y,Y,SEX_SMOKER_FAMILY:Q2,Q2FN,N,Y,Y,
CIT-PLAN-0270,Q2FS,20 YEAR TERM FEMALE TOBACCO,,Term Life,BASE,UNKNOWN,UNKNOWN,,,READY_FOR_REVIEW,IN_PROGRESS,NOT_STARTED,NOT_STARTED,READY_FOR_REVIEW,IN_PROGRESS,NOT_STARTED,NOT_STARTED,,1,PENDING_REVIEW,Working governance row from Stage 4A; not client-approved,IN_SCOPE_BASE_PLAN,PENDING_REVIEW,HIGH,Y,Y,N,Y,Y,Y,SEX_SMOKER_FAMILY:Q2,Q2FS,N,Y,Y,CIT-DEC-004
CIT-PLAN-0271,Q2MN,20 YEAR TERM MALE NON-TOBACCO,"10Q1FN, 10Q1MN, 10Q1MS, 10Q2FN, 10Q2MN, 10Q3FN, 10Q3MN, ",Term Life,BASE,UNKNOWN,UNKNOWN,,,READY_FOR_REVIEW,IN_PROGRESS,IN_PROGRESS,NOT_STARTED,READY_FOR_REVIEW,IN_PROGRESS,NOT_STARTED,NOT_STARTED,,0,PENDING_REVIEW,Working governance row from Stage 4A; not client-approved,IN_SCOPE_BASE_PLAN,PENDING_REVIEW,HIGH,Y,Y,Y,Y,Y,Y,SEX_SMOKER_FAMILY:Q2,Q2MN,N,Y,Y,
CIT-PLAN-0272,Q2MS,20 YEAR TERM MALE TOBACCO,,Term Life,BASE,UNKNOWN,UNKNOWN,,,READY_FOR_REVIEW,IN_PROGRESS,NOT_STARTED,NOT_STARTED,READY_FOR_REVIEW,IN_PROGRESS,NOT_STARTED,NOT_STARTED,,1,PENDING_REVIEW,Working governance row from Stage 4A; not client-approved,IN_SCOPE_BASE_PLAN,PENDING_REVIEW,HIGH,Y,Y,N,Y,Y,Y,SEX_SMOKER_FAMILY:Q2,Q2MS,N,Y,Y,CIT-DEC-004
CIT-PLAN-0273,Q3FN,30 YR TERM FEMALE NON-TOBACCO,"10Q1FN, 10Q1MN, 10Q1MS, 10Q2FN, 10Q2MN, 10Q3FN, 10Q3MN, ",Term Life,BASE,UNKNOWN,UNKNOWN,,,READY_FOR_REVIEW,IN_PROGRESS,IN_PROGRESS,NOT_STARTED,READY_FOR_REVIEW,IN_PROGRESS,NOT_STARTED,NOT_STARTED,,0,PENDING_REVIEW,Working governance row from Stage 4A; not client-approved,IN_SCOPE_BASE_PLAN,PENDING_REVIEW,HIGH,Y,Y,Y,Y,Y,Y,SEX_SMOKER_FAMILY:Q3,Q3FN,N,Y,Y,
CIT-PLAN-0274,Q3FS,30 YEAR TERM FEMALE TOBACCO,,Term Life,BASE,UNKNOWN,UNKNOWN,,,READY_FOR_REVIEW,IN_PROGRESS,NOT_STARTED,NOT_STARTED,READY_FOR_REVIEW,IN_PROGRESS,NOT_STARTED,NOT_STARTED,,1,PENDING_REVIEW,Working governance row from Stage 4A; not client-approved,IN_SCOPE_BASE_PLAN,PENDING_REVIEW,HIGH,Y,Y,N,Y,Y,Y,SEX_SMOKER_FAMILY:Q3,Q3FS,N,Y,Y,CIT-DEC-004
CIT-PLAN-0275,Q3MN,30 YEAR TERM MALE NON-TOBACCO,"10Q1FN, 10Q1MN, 10Q1MS, 10Q2FN, 10Q2MN, 10Q3FN, 10Q3MN, ",Term Life,BASE,UNKNOWN,UNKNOWN,,,READY_FOR_REVIEW,IN_PROGRESS,IN_PROGRESS,NOT_STARTED,READY_FOR_REVIEW,IN_PROGRESS,NOT_STARTED,NOT_STARTED,,0,PENDING_REVIEW,Working governance row from Stage 4A; not client-approved,IN_SCOPE_BASE_PLAN,PENDING_REVIEW,HIGH,Y,Y,Y,Y,Y,Y,SEX_SMOKER_FAMILY:Q3,Q3MN,N,Y,Y,
CIT-PLAN-0276,Q3MS,30 YEAR TERM MALE TOBACCO,,Term Life,BASE,UNKNOWN,UNKNOWN,,,READY_FOR_REVIEW,IN_PROGRESS,NOT_STARTED,NOT_STARTED,READY_FOR_REVIEW,IN_PROGRESS,NOT_STARTED,NOT_STARTED,,1,PENDING_REVIEW,Working governance row from Stage 4A; not client-approved,IN_SCOPE_BASE_PLAN,PENDING_REVIEW,HIGH,Y,Y,N,Y,Y,Y,SEX_SMOKER_FAMILY:Q3,Q3MS,N,Y,Y,CIT-DEC-004
CIT-PLAN-0277,QLFN,WHOLE LIFE FEMALE NON TOBACCO,"10QLFN, 10QLMN",Traditional Permanent Life,BASE,UNKNOWN,UNKNOWN,,,READY_FOR_REVIEW,IN_PROGRESS,IN_PROGRESS,NOT_STARTED,READY_FOR_REVIEW,IN_PROGRESS,NOT_STARTED,NOT_STARTED,,0,PENDING_REVIEW,Working governance row from Stage 4A; not client-approved,IN_SCOPE_BASE_PLAN,PENDING_REVIEW,HIGH,Y,Y,Y,Y,Y,Y,SEX_SMOKER_FAMILY:QL,QLFN,N,Y,Y,
CIT-PLAN-0278,QLFS,WHOLE LIFE FEMALE TOBACCO,,Traditional Permanent Life,BASE,UNKNOWN,UNKNOWN,,,READY_FOR_REVIEW,IN_PROGRESS,NOT_STARTED,NOT_STARTED,READY_FOR_REVIEW,IN_PROGRESS,NOT_STARTED,NOT_STARTED,,1,PENDING_REVIEW,Working governance row from Stage 4A; not client-approved,IN_SCOPE_BASE_PLAN,PENDING_REVIEW,HIGH,Y,Y,N,Y,Y,Y,SEX_SMOKER_FAMILY:QL,QLFS,N,Y,Y,CIT-DEC-004
CIT-PLAN-0279,QLMN,WHOLE LIFE MALE NON TOBACCO,"10QLFN, 10QLMN",Traditional Permanent Life,BASE,UNKNOWN,UNKNOWN,,,READY_FOR_REVIEW,IN_PROGRESS,IN_PROGRESS,NOT_STARTED,READY_FOR_REVIEW,IN_PROGRESS,NOT_STARTED,NOT_STARTED,,0,PENDING_REVIEW,Working governance row from Stage 4A; not client-approved,IN_SCOPE_BASE_PLAN,PENDING_REVIEW,HIGH,Y,Y,Y,Y,Y,Y,SEX_SMOKER_FAMILY:QL,QLMN,N,Y,Y,
CIT-PLAN-0280,QLMS,WHOLE LIFE MALE TOBACCO,,Traditional Permanent Life,BASE,UNKNOWN,UNKNOWN,,,READY_FOR_REVIEW,IN_PROGRESS,NOT_STARTED,NOT_STARTED,READY_FOR_REVIEW,IN_PROGRESS,NOT_STARTED,NOT_STARTED,,1,PENDING_REVIEW,Working governance row from Stage 4A; not client-approved,IN_SCOPE_BASE_PLAN,PENDING_REVIEW,HIGH,Y,Y,N,Y,Y,Y,SEX_SMOKER_FAMILY:QL,QLMS,N,Y,Y,CIT-DEC-004
CIT-PLAN-0281,R2,20 PAY CASH,,Traditional Permanent Life,BASE,UNKNOWN,UNKNOWN,,,READY_FOR_REVIEW,IN_PROGRESS,NOT_STARTED,NOT_STARTED,IN_PROGRESS,NOT_STARTED,NOT_STARTED,NOT_STARTED,,1,PENDING_REVIEW,Working governance row from Stage 4A; not client-approved,IN_SCOPE_BASE_PLAN,PENDING_REVIEW,HIGH,Y,Y,N,Y,N,N,,R2,N,Y,Y,CIT-DEC-004
CIT-PLAN-0282,R28,20 PAY CASH,"100R28, 10R28A, 10R28G",Traditional Permanent Life,BASE,UNKNOWN,UNKNOWN,,,READY_FOR_REVIEW,IN_PROGRESS,IN_PROGRESS,NOT_STARTED,READY_FOR_REVIEW,IN_PROGRESS,NOT_STARTED,NOT_STARTED,,0,PENDING_REVIEW,Working governance row from Stage 4A; not client-approved,IN_SCOPE_BASE_PLAN,PENDING_REVIEW,HIGH,Y,Y,Y,Y,Y,Y,,R28,N,Y,Y,
CIT-PLAN-0283,R28A,20 YEAR PAY (A),"100R28, 10R28A, 10R28G",Traditional Permanent Life,BASE,UNKNOWN,UNKNOWN,,,READY_FOR_REVIEW,IN_PROGRESS,IN_PROGRESS,NOT_STARTED,READY_FOR_REVIEW,IN_PROGRESS,NOT_STARTED,NOT_STARTED,,0,PENDING_REVIEW,Working governance row from Stage 4A; not client-approved,IN_SCOPE_BASE_PLAN,PENDING_REVIEW,HIGH,Y,Y,Y,Y,Y,Y,,R28A,N,Y,Y,
CIT-PLAN-0284,R28G,WHOLE LIFE CASH 20 YEAR PAY,"100R28, 10R28A, 10R28G",Traditional Permanent Life,BASE,UNKNOWN,UNKNOWN,,,READY_FOR_REVIEW,IN_PROGRESS,IN_PROGRESS,NOT_STARTED,READY_FOR_REVIEW,IN_PROGRESS,NOT_STARTED,NOT_STARTED,,0,PENDING_REVIEW,Working governance row from Stage 4A; not client-approved,IN_SCOPE_BASE_PLAN,PENDING_REVIEW,HIGH,Y,Y,Y,Y,Y,Y,,R28G,N,Y,Y,
CIT-PLAN-0285,R29,Traditional Permanent Life,,Traditional Permanent Life,BASE,UNKNOWN,UNKNOWN,,,READY_FOR_REVIEW,IN_PROGRESS,NOT_STARTED,NOT_STARTED,IN_PROGRESS,NOT_STARTED,NOT_STARTED,NOT_STARTED,,1,PENDING_REVIEW,Working governance row from Stage 4A; not client-approved,IN_SCOPE_BASE_PLAN,PENDING_REVIEW,MEDIUM,Y,N,N,Y,N,N,,R29,Y,Y,Y,CIT-DEC-002
CIT-PLAN-0286,R29G,WHOLE LIFE CASH 20 YEAR PAY,10R29G,Traditional Permanent Life,BASE,UNKNOWN,UNKNOWN,,,READY_FOR_REVIEW,IN_PROGRESS,IN_PROGRESS,NOT_STARTED,READY_FOR_REVIEW,IN_PROGRESS,NOT_STARTED,NOT_STARTED,,0,PENDING_REVIEW,Working governance row from Stage 4A; not client-approved,IN_SCOPE_BASE_PLAN,PENDING_REVIEW,HIGH,Y,Y,Y,Y,Y,Y,,R29G,N,Y,Y,
CIT-PLAN-0287,R2G,WHOLE LIFE CASH 20 YEAR PAY,,Traditional Permanent Life,BASE,UNKNOWN,UNKNOWN,,,READY_FOR_REVIEW,IN_PROGRESS,NOT_STARTED,NOT_STARTED,IN_PROGRESS,NOT_STARTED,NOT_STARTED,NOT_STARTED,,1,PENDING_REVIEW,Working governance row from Stage 4A; not client-approved,IN_SCOPE_BASE_PLAN,PENDING_REVIEW,HIGH,Y,Y,N,Y,N,N,,R2G,N,Y,Y,CIT-DEC-004
CIT-PLAN-0288,R68,WHOLE LIFE CASH PAID UP AT 65,"100R68, 10R68G",Traditional Permanent Life,BASE,UNKNOWN,UNKNOWN,,,READY_FOR_REVIEW,IN_PROGRESS,IN_PROGRESS,NOT_STARTED,READY_FOR_REVIEW,IN_PROGRESS,NOT_STARTED,NOT_STARTED,,0,PENDING_REVIEW,Working governance row from Stage 4A; not client-approved,IN_SCOPE_BASE_PLAN,PENDING_REVIEW,HIGH,Y,Y,Y,Y,Y,Y,,R68,N,Y,Y,
CIT-PLAN-0289,R68A,PIAD UP AT 65 (A),,Traditional Permanent Life,BASE,UNKNOWN,UNKNOWN,,,READY_FOR_REVIEW,IN_PROGRESS,NOT_STARTED,NOT_STARTED,IN_PROGRESS,NOT_STARTED,NOT_STARTED,NOT_STARTED,,1,PENDING_REVIEW,Working governance row from Stage 4A; not client-approved,IN_SCOPE_BASE_PLAN,PENDING_REVIEW,HIGH,Y,Y,N,Y,N,N,,R68A,N,Y,Y,CIT-DEC-004
CIT-PLAN-0290,R68G,WHOLE LIFE CASH PAID UP AT 65,"100R68, 10R68G",Traditional Permanent Life,BASE,UNKNOWN,UNKNOWN,,,READY_FOR_REVIEW,IN_PROGRESS,IN_PROGRESS,NOT_STARTED,READY_FOR_REVIEW,IN_PROGRESS,NOT_STARTED,NOT_STARTED,,0,PENDING_REVIEW,Working governance row from Stage 4A; not client-approved,IN_SCOPE_BASE_PLAN,PENDING_REVIEW,HIGH,Y,Y,Y,Y,Y,Y,,R68G,N,Y,Y,
CIT-PLAN-0291,R69,Traditional Permanent Life,,Traditional Permanent Life,BASE,UNKNOWN,UNKNOWN,,,READY_FOR_REVIEW,IN_PROGRESS,NOT_STARTED,NOT_STARTED,IN_PROGRESS,NOT_STARTED,NOT_STARTED,NOT_STARTED,,1,PENDING_REVIEW,Working governance row from Stage 4A; not client-approved,IN_SCOPE_BASE_PLAN,PENDING_REVIEW,MEDIUM,Y,N,N,Y,N,N,,R69,Y,Y,Y,CIT-DEC-002
CIT-PLAN-0292,R69G,WHOLE LIFE CASH PAID UP AT 65,,Traditional Permanent Life,BASE,UNKNOWN,UNKNOWN,,,READY_FOR_REVIEW,IN_PROGRESS,NOT_STARTED,NOT_STARTED,READY_FOR_REVIEW,IN_PROGRESS,NOT_STARTED,NOT_STARTED,,1,PENDING_REVIEW,Working governance row from Stage 4A; not client-approved,IN_SCOPE_BASE_PLAN,PENDING_REVIEW,HIGH,Y,Y,N,Y,Y,Y,,R69G,N,Y,Y,CIT-DEC-004
CIT-PLAN-0293,RE1,ENDOWMENT AT 65,100RE1,Traditional Permanent Life,BASE,UNKNOWN,UNKNOWN,,,READY_FOR_REVIEW,IN_PROGRESS,IN_PROGRESS,NOT_STARTED,IN_PROGRESS,NOT_STARTED,NOT_STARTED,NOT_STARTED,,0,PENDING_REVIEW,Working governance row from Stage 4A; not client-approved,IN_SCOPE_BASE_PLAN,PENDING_REVIEW,HIGH,Y,Y,Y,Y,N,N,,RE1,N,Y,Y,
CIT-PLAN-0294,RE2,YOUTH ESTATE,100RE2,Traditional Permanent Life,BASE,UNKNOWN,UNKNOWN,,,READY_FOR_REVIEW,IN_PROGRESS,IN_PROGRESS,NOT_STARTED,IN_PROGRESS,NOT_STARTED,NOT_STARTED,NOT_STARTED,,0,PENDING_REVIEW,Working governance row from Stage 4A; not client-approved,IN_SCOPE_BASE_PLAN,PENDING_REVIEW,HIGH,Y,Y,Y,Y,N,N,,RE2,N,Y,Y,
CIT-PLAN-0295,RJ,JOINT LIFE,1000RJ,Traditional Permanent Life,BASE,UNKNOWN,UNKNOWN,,,READY_FOR_REVIEW,IN_PROGRESS,IN_PROGRESS,NOT_STARTED,IN_PROGRESS,NOT_STARTED,NOT_STARTED,NOT_STARTED,,0,PENDING_REVIEW,Working governance row from Stage 4A; not client-approved,IN_SCOPE_BASE_PLAN,PENDING_REVIEW,HIGH,Y,Y,Y,Y,N,N,,RJ,N,Y,Y,
CIT-PLAN-0296,RS5,Paid-Up / Nonforfeiture,100RS5,Paid-Up / Nonforfeiture,BASE,UNKNOWN,UNKNOWN,,,READY_FOR_REVIEW,IN_PROGRESS,IN_PROGRESS,NOT_STARTED,IN_PROGRESS,NOT_STARTED,NOT_STARTED,NOT_STARTED,,0,PENDING_REVIEW,Working governance row from Stage 4A; not client-approved,IN_SCOPE_BASE_PLAN,PENDING_REVIEW,HIGH,Y,Y,Y,Y,N,N,,RS5,N,Y,Y,
CIT-PLAN-0297,RW,WHOLE LIFE CASH  D,"1000RW, 100RWC",Traditional Permanent Life,BASE,UNKNOWN,UNKNOWN,,,READY_FOR_REVIEW,IN_PROGRESS,IN_PROGRESS,NOT_STARTED,IN_PROGRESS,NOT_STARTED,NOT_STARTED,NOT_STARTED,,0,PENDING_REVIEW,Working governance row from Stage 4A; not client-approved,IN_SCOPE_BASE_PLAN,PENDING_REVIEW,HIGH,Y,Y,Y,Y,N,N,,RW,N,Y,Y,
CIT-PLAN-0298,RW1,FAMILY PLAN - SINGLE,100RW1,Traditional Permanent Life,BASE,UNKNOWN,UNKNOWN,,,READY_FOR_REVIEW,IN_PROGRESS,IN_PROGRESS,NOT_STARTED,IN_PROGRESS,NOT_STARTED,NOT_STARTED,NOT_STARTED,,0,PENDING_REVIEW,Working governance row from Stage 4A; not client-approved,IN_SCOPE_BASE_PLAN,PENDING_REVIEW,HIGH,Y,Y,Y,Y,N,N,,RW1,N,Y,Y,
CIT-PLAN-0299,RW18,FAMILY PLAN 1 PARENT,10RW18,Traditional Permanent Life,BASE,UNKNOWN,UNKNOWN,,,READY_FOR_REVIEW,IN_PROGRESS,IN_PROGRESS,NOT_STARTED,READY_FOR_REVIEW,IN_PROGRESS,NOT_STARTED,NOT_STARTED,,0,PENDING_REVIEW,Working governance row from Stage 4A; not client-approved,IN_SCOPE_BASE_PLAN,PENDING_REVIEW,HIGH,Y,Y,Y,Y,Y,Y,,RW18,N,Y,Y,
CIT-PLAN-0300,RW2,FAMILY PLAN - TWO PARENT,100RW2,Traditional Permanent Life,BASE,UNKNOWN,UNKNOWN,,,READY_FOR_REVIEW,IN_PROGRESS,IN_PROGRESS,NOT_STARTED,IN_PROGRESS,NOT_STARTED,NOT_STARTED,NOT_STARTED,,0,PENDING_REVIEW,Working governance row from Stage 4A; not client-approved,IN_SCOPE_BASE_PLAN,PENDING_REVIEW,HIGH,Y,Y,Y,Y,N,N,,RW2,N,Y,Y,
CIT-PLAN-0301,RW28,FAMILY PLAN 2 PARENT,10RW28,Traditional Permanent Life,BASE,UNKNOWN,UNKNOWN,,,READY_FOR_REVIEW,IN_PROGRESS,IN_PROGRESS,NOT_STARTED,READY_FOR_REVIEW,IN_PROGRESS,NOT_STARTED,NOT_STARTED,,0,PENDING_REVIEW,Working governance row from Stage 4A; not client-approved,IN_SCOPE_BASE_PLAN,PENDING_REVIEW,HIGH,Y,Y,Y,Y,Y,Y,,RW28,N,Y,Y,
CIT-PLAN-0302,RW8,WHOLE LIFE CASH,"100RW8, 10RW8A, 10RW8G",Traditional Permanent Life,BASE,UNKNOWN,UNKNOWN,,,READY_FOR_REVIEW,IN_PROGRESS,IN_PROGRESS,NOT_STARTED,READY_FOR_REVIEW,IN_PROGRESS,NOT_STARTED,NOT_STARTED,,0,PENDING_REVIEW,Working governance row from Stage 4A; not client-approved,IN_SCOPE_BASE_PLAN,PENDING_REVIEW,HIGH,Y,Y,Y,Y,Y,Y,,RW8,N,Y,Y,
CIT-PLAN-0303,RW8A,WHOLE LIFE CASH (A),"100RW8, 10RW8A, 10RW8G",Traditional Permanent Life,BASE,UNKNOWN,UNKNOWN,,,READY_FOR_REVIEW,IN_PROGRESS,IN_PROGRESS,NOT_STARTED,READY_FOR_REVIEW,IN_PROGRESS,NOT_STARTED,NOT_STARTED,,0,PENDING_REVIEW,Working governance row from Stage 4A; not client-approved,IN_SCOPE_BASE_PLAN,PENDING_REVIEW,HIGH,Y,Y,Y,Y,Y,Y,,RW8A,N,Y,Y,
CIT-PLAN-0304,RW8G,WHOLE LIFE CASH,"100RW8, 10RW8A, 10RW8G",Traditional Permanent Life,BASE,UNKNOWN,UNKNOWN,,,READY_FOR_REVIEW,IN_PROGRESS,IN_PROGRESS,NOT_STARTED,READY_FOR_REVIEW,IN_PROGRESS,NOT_STARTED,NOT_STARTED,,0,PENDING_REVIEW,Working governance row from Stage 4A; not client-approved,IN_SCOPE_BASE_PLAN,PENDING_REVIEW,HIGH,Y,Y,Y,Y,Y,Y,,RW8G,N,Y,Y,
CIT-PLAN-0305,RW9,Traditional Permanent Life,,Traditional Permanent Life,BASE,UNKNOWN,UNKNOWN,,,READY_FOR_REVIEW,IN_PROGRESS,NOT_STARTED,NOT_STARTED,IN_PROGRESS,NOT_STARTED,NOT_STARTED,NOT_STARTED,,1,PENDING_REVIEW,Working governance row from Stage 4A; not client-approved,IN_SCOPE_BASE_PLAN,PENDING_REVIEW,MEDIUM,Y,N,N,Y,N,N,,RW9,Y,Y,Y,CIT-DEC-002
CIT-PLAN-0306,RW9G,WHOLE LIFE CASH,10RW9G,Traditional Permanent Life,BASE,UNKNOWN,UNKNOWN,,,READY_FOR_REVIEW,IN_PROGRESS,IN_PROGRESS,NOT_STARTED,READY_FOR_REVIEW,IN_PROGRESS,NOT_STARTED,NOT_STARTED,,0,PENDING_REVIEW,Working governance row from Stage 4A; not client-approved,IN_SCOPE_BASE_PLAN,PENDING_REVIEW,HIGH,Y,Y,Y,Y,Y,Y,,RW9G,N,Y,Y,
CIT-PLAN-0307,RWC,WHOLE LIFE CASH,"1000RW, 100RWC",Traditional Permanent Life,BASE,UNKNOWN,UNKNOWN,,,READY_FOR_REVIEW,IN_PROGRESS,IN_PROGRESS,NOT_STARTED,IN_PROGRESS,NOT_STARTED,NOT_STARTED,NOT_STARTED,,0,PENDING_REVIEW,Working governance row from Stage 4A; not client-approved,IN_SCOPE_BASE_PLAN,PENDING_REVIEW,HIGH,Y,Y,Y,Y,N,N,,RWC,N,Y,Y,
CIT-PLAN-0308,S28G,WHOLE LIFE CASH 20 YEAR PAY,,Traditional Permanent Life,BASE,UNKNOWN,UNKNOWN,,,READY_FOR_REVIEW,IN_PROGRESS,NOT_STARTED,NOT_STARTED,READY_FOR_REVIEW,IN_PROGRESS,NOT_STARTED,NOT_STARTED,,1,PENDING_REVIEW,Working governance row from Stage 4A; not client-approved,IN_SCOPE_BASE_PLAN,PENDING_REVIEW,HIGH,Y,Y,N,Y,Y,Y,,S28G,N,Y,Y,CIT-DEC-004
CIT-PLAN-0309,SLP2,TWENTY PAY INCREASING BENEFIT,,Traditional Permanent Life,BASE,UNKNOWN,UNKNOWN,,,READY_FOR_REVIEW,IN_PROGRESS,NOT_STARTED,NOT_STARTED,IN_PROGRESS,NOT_STARTED,NOT_STARTED,NOT_STARTED,,1,PENDING_REVIEW,Working governance row from Stage 4A; not client-approved,IN_SCOPE_BASE_PLAN,PENDING_REVIEW,HIGH,Y,Y,N,Y,N,N,,SLP2,N,Y,Y,CIT-DEC-004
CIT-PLAN-0310,SLP5,5 YEAR INCREASING BENEFIT,,Traditional Permanent Life,BASE,UNKNOWN,UNKNOWN,,,READY_FOR_REVIEW,IN_PROGRESS,NOT_STARTED,NOT_STARTED,IN_PROGRESS,NOT_STARTED,NOT_STARTED,NOT_STARTED,,1,PENDING_REVIEW,Working governance row from Stage 4A; not client-approved,IN_SCOPE_BASE_PLAN,PENDING_REVIEW,HIGH,Y,Y,N,Y,N,N,,SLP5,N,Y,Y,CIT-DEC-004
CIT-PLAN-0311,SLPW,WHOLE LIFE  SSLI,,Traditional Permanent Life,BASE,UNKNOWN,UNKNOWN,,,READY_FOR_REVIEW,IN_PROGRESS,NOT_STARTED,NOT_STARTED,READY_FOR_REVIEW,IN_PROGRESS,NOT_STARTED,NOT_STARTED,,1,PENDING_REVIEW,Working governance row from Stage 4A; not client-approved,IN_SCOPE_BASE_PLAN,PENDING_REVIEW,HIGH,Y,Y,N,Y,Y,Y,,SLPW,N,Y,Y,CIT-DEC-004
CIT-PLAN-0312,SRW,WHOLE LIFE SSLI,,Traditional Permanent Life,BASE,UNKNOWN,UNKNOWN,,,READY_FOR_REVIEW,IN_PROGRESS,NOT_STARTED,NOT_STARTED,IN_PROGRESS,NOT_STARTED,NOT_STARTED,NOT_STARTED,,1,PENDING_REVIEW,Working governance row from Stage 4A; not client-approved,IN_SCOPE_BASE_PLAN,PENDING_REVIEW,HIGH,Y,Y,N,Y,N,N,,SRW,N,Y,Y,CIT-DEC-004
CIT-PLAN-0313,SRW2,20 PAY WHOLE LIFE SSLI,,Traditional Permanent Life,BASE,UNKNOWN,UNKNOWN,,,READY_FOR_REVIEW,IN_PROGRESS,NOT_STARTED,NOT_STARTED,IN_PROGRESS,NOT_STARTED,NOT_STARTED,NOT_STARTED,,1,PENDING_REVIEW,Working governance row from Stage 4A; not client-approved,IN_SCOPE_BASE_PLAN,PENDING_REVIEW,HIGH,Y,Y,N,Y,N,N,,SRW2,N,Y,Y,CIT-DEC-004
CIT-PLAN-0314,T10F,10 YR RC TERM - FEMALE,,Term Life,BASE,UNKNOWN,UNKNOWN,,,READY_FOR_REVIEW,IN_PROGRESS,NOT_STARTED,NOT_STARTED,IN_PROGRESS,NOT_STARTED,NOT_STARTED,NOT_STARTED,,1,PENDING_REVIEW,Working governance row from Stage 4A; not client-approved,IN_SCOPE_BASE_PLAN,PENDING_REVIEW,HIGH,Y,Y,N,Y,N,N,,T10F,N,Y,Y,CIT-DEC-004
CIT-PLAN-0315,T10M,10 TR RC TERM - MALE,,Term Life,BASE,UNKNOWN,UNKNOWN,,,READY_FOR_REVIEW,IN_PROGRESS,NOT_STARTED,NOT_STARTED,IN_PROGRESS,NOT_STARTED,NOT_STARTED,NOT_STARTED,,1,PENDING_REVIEW,Working governance row from Stage 4A; not client-approved,IN_SCOPE_BASE_PLAN,PENDING_REVIEW,HIGH,Y,Y,N,Y,N,N,,T10M,N,Y,Y,CIT-DEC-004
CIT-PLAN-0316,T18F,10 YEAR TERM,,Term Life,BASE,UNKNOWN,UNKNOWN,,,READY_FOR_REVIEW,IN_PROGRESS,NOT_STARTED,NOT_STARTED,IN_PROGRESS,NOT_STARTED,NOT_STARTED,NOT_STARTED,,1,PENDING_REVIEW,Working governance row from Stage 4A; not client-approved,IN_SCOPE_BASE_PLAN,PENDING_REVIEW,HIGH,Y,Y,N,Y,N,N,,T18F,N,Y,Y,CIT-DEC-004
CIT-PLAN-0317,T18M,10 YEAR TERM,,Term Life,BASE,UNKNOWN,UNKNOWN,,,READY_FOR_REVIEW,IN_PROGRESS,NOT_STARTED,NOT_STARTED,IN_PROGRESS,NOT_STARTED,NOT_STARTED,NOT_STARTED,,1,PENDING_REVIEW,Working governance row from Stage 4A; not client-approved,IN_SCOPE_BASE_PLAN,PENDING_REVIEW,HIGH,Y,Y,N,Y,N,N,,T18M,N,Y,Y,CIT-DEC-004
CIT-PLAN-0318,T25,FAMILY PLAN - CHILD,,Rider,RIDER,UNKNOWN,UNKNOWN,,,READY_FOR_REVIEW,IN_PROGRESS,NOT_STARTED,NOT_STARTED,IN_PROGRESS,NOT_STARTED,NOT_STARTED,NOT_STARTED,,1,PENDING_REVIEW,Working governance row from Stage 4A; not client-approved,IN_SCOPE_RIDER,PENDING_REVIEW,HIGH,Y,Y,N,Y,N,N,,T25,N,N,Y,CIT-DEC-004
CIT-PLAN-0319,T28,FAMILY PLAN - CHILD,,Rider,RIDER,UNKNOWN,UNKNOWN,,,READY_FOR_REVIEW,IN_PROGRESS,NOT_STARTED,NOT_STARTED,IN_PROGRESS,NOT_STARTED,NOT_STARTED,NOT_STARTED,,1,PENDING_REVIEW,Working governance row from Stage 4A; not client-approved,IN_SCOPE_RIDER,PENDING_REVIEW,HIGH,Y,Y,N,Y,N,N,,T28,N,N,Y,CIT-DEC-004
CIT-PLAN-0320,T58F,FIVE YEAR TERM,,Term Life,BASE,UNKNOWN,UNKNOWN,,,READY_FOR_REVIEW,IN_PROGRESS,NOT_STARTED,NOT_STARTED,IN_PROGRESS,NOT_STARTED,NOT_STARTED,NOT_STARTED,,1,PENDING_REVIEW,Working governance row from Stage 4A; not client-approved,IN_SCOPE_BASE_PLAN,PENDING_REVIEW,HIGH,Y,Y,N,Y,N,N,,T58F,N,Y,Y,CIT-DEC-004
CIT-PLAN-0321,T58M,FIVE YEAR TERM,,Term Life,BASE,UNKNOWN,UNKNOWN,,,READY_FOR_REVIEW,IN_PROGRESS,NOT_STARTED,NOT_STARTED,IN_PROGRESS,NOT_STARTED,NOT_STARTED,NOT_STARTED,,1,PENDING_REVIEW,Working governance row from Stage 4A; not client-approved,IN_SCOPE_BASE_PLAN,PENDING_REVIEW,HIGH,Y,Y,N,Y,N,N,,T58M,N,Y,Y,CIT-DEC-004
CIT-PLAN-0322,T5F,5 YR RC TERM - FEMALE,,Term Life,BASE,UNKNOWN,UNKNOWN,,,READY_FOR_REVIEW,IN_PROGRESS,NOT_STARTED,NOT_STARTED,IN_PROGRESS,NOT_STARTED,NOT_STARTED,NOT_STARTED,,1,PENDING_REVIEW,Working governance row from Stage 4A; not client-approved,IN_SCOPE_BASE_PLAN,PENDING_REVIEW,HIGH,Y,Y,N,Y,N,N,,T5F,N,Y,Y,CIT-DEC-004
CIT-PLAN-0323,T5M,5 YR RC TERM - MALE,,Term Life,BASE,UNKNOWN,UNKNOWN,,,READY_FOR_REVIEW,IN_PROGRESS,NOT_STARTED,NOT_STARTED,IN_PROGRESS,NOT_STARTED,NOT_STARTED,NOT_STARTED,,1,PENDING_REVIEW,Working governance row from Stage 4A; not client-approved,IN_SCOPE_BASE_PLAN,PENDING_REVIEW,HIGH,Y,Y,N,Y,N,N,,T5M,N,Y,Y,CIT-DEC-004
CIT-PLAN-0324,TAF,,,,BASE,UNKNOWN,UNKNOWN,,,READY_FOR_REVIEW,NOT_STARTED,NOT_STARTED,NOT_STARTED,READY_FOR_REVIEW,IN_PROGRESS,NOT_STARTED,NOT_STARTED,,0,PENDING_REVIEW,Working governance row from Stage 4A; not client-approved,IN_SCOPE_PENDING_SOURCE,PENDING_REVIEW,LOW,N,N,N,N,Y,Y,,TAF,N,Y,Y,
CIT-PLAN-0325,TAFA,FIVE YEAR DECREASING TERM,10TAFA,Rider,RIDER,UNKNOWN,UNKNOWN,,,READY_FOR_REVIEW,IN_PROGRESS,IN_PROGRESS,NOT_STARTED,READY_FOR_REVIEW,IN_PROGRESS,NOT_STARTED,NOT_STARTED,,0,PENDING_REVIEW,Working governance row from Stage 4A; not client-approved,IN_SCOPE_RIDER,PENDING_REVIEW,HIGH,Y,Y,Y,Y,Y,Y,,TAFA,N,N,Y,
CIT-PLAN-0326,TAFB,TEN YEAR DECREASING TERM,,Rider,RIDER,UNKNOWN,UNKNOWN,,,READY_FOR_REVIEW,IN_PROGRESS,NOT_STARTED,NOT_STARTED,READY_FOR_REVIEW,IN_PROGRESS,NOT_STARTED,NOT_STARTED,,1,PENDING_REVIEW,Working governance row from Stage 4A; not client-approved,IN_SCOPE_RIDER,PENDING_REVIEW,HIGH,Y,Y,N,Y,Y,Y,,TAFB,N,N,Y,CIT-DEC-004
CIT-PLAN-0327,TAFC,15 YEAR DECREASING TERM,,Rider,RIDER,UNKNOWN,UNKNOWN,,,READY_FOR_REVIEW,IN_PROGRESS,NOT_STARTED,NOT_STARTED,READY_FOR_REVIEW,IN_PROGRESS,NOT_STARTED,NOT_STARTED,,1,PENDING_REVIEW,Working governance row from Stage 4A; not client-approved,IN_SCOPE_RIDER,PENDING_REVIEW,HIGH,Y,Y,N,Y,Y,Y,,TAFC,N,N,Y,CIT-DEC-004
CIT-PLAN-0328,TAFD,20 YEAR DECREASING TERM,,Rider,RIDER,UNKNOWN,UNKNOWN,,,READY_FOR_REVIEW,IN_PROGRESS,NOT_STARTED,NOT_STARTED,READY_FOR_REVIEW,IN_PROGRESS,NOT_STARTED,NOT_STARTED,,1,PENDING_REVIEW,Working governance row from Stage 4A; not client-approved,IN_SCOPE_RIDER,PENDING_REVIEW,HIGH,Y,Y,N,Y,Y,Y,,TAFD,N,N,Y,CIT-DEC-004
CIT-PLAN-0329,TR1F,TEN YEAR TERM RIDER,,Rider,RIDER,UNKNOWN,UNKNOWN,,,READY_FOR_REVIEW,IN_PROGRESS,NOT_STARTED,NOT_STARTED,IN_PROGRESS,NOT_STARTED,NOT_STARTED,NOT_STARTED,,1,PENDING_REVIEW,Working governance row from Stage 4A; not client-approved,IN_SCOPE_RIDER,PENDING_REVIEW,HIGH,Y,Y,N,Y,N,N,,TR1F,N,N,Y,CIT-DEC-004
CIT-PLAN-0330,TR1M,10 YEAR TERM RIDER,,Rider,RIDER,UNKNOWN,UNKNOWN,,,READY_FOR_REVIEW,IN_PROGRESS,NOT_STARTED,NOT_STARTED,IN_PROGRESS,NOT_STARTED,NOT_STARTED,NOT_STARTED,,1,PENDING_REVIEW,Working governance row from Stage 4A; not client-approved,IN_SCOPE_RIDER,PENDING_REVIEW,HIGH,Y,Y,N,Y,N,N,,TR1M,N,N,Y,CIT-DEC-004
CIT-PLAN-0331,TR5F,FIVE YEAR TERM RIDER,,Rider,RIDER,UNKNOWN,UNKNOWN,,,READY_FOR_REVIEW,IN_PROGRESS,NOT_STARTED,NOT_STARTED,IN_PROGRESS,NOT_STARTED,NOT_STARTED,NOT_STARTED,,1,PENDING_REVIEW,Working governance row from Stage 4A; not client-approved,IN_SCOPE_RIDER,PENDING_REVIEW,HIGH,Y,Y,N,Y,N,N,,TR5F,N,N,Y,CIT-DEC-004
CIT-PLAN-0332,TR5M,FIVE YEAR TERM RIDER,,Rider,RIDER,UNKNOWN,UNKNOWN,,,READY_FOR_REVIEW,IN_PROGRESS,NOT_STARTED,NOT_STARTED,IN_PROGRESS,NOT_STARTED,NOT_STARTED,NOT_STARTED,,1,PENDING_REVIEW,Working governance row from Stage 4A; not client-approved,IN_SCOPE_RIDER,PENDING_REVIEW,HIGH,Y,Y,N,Y,N,N,,TR5M,N,N,Y,CIT-DEC-004
CIT-PLAN-0333,X18F,10 YEAR TERM,10X18F,Term Life,BASE,UNKNOWN,UNKNOWN,,,READY_FOR_REVIEW,IN_PROGRESS,IN_PROGRESS,NOT_STARTED,IN_PROGRESS,NOT_STARTED,NOT_STARTED,NOT_STARTED,,0,PENDING_REVIEW,Working governance row from Stage 4A; not client-approved,IN_SCOPE_BASE_PLAN,PENDING_REVIEW,HIGH,Y,Y,Y,Y,N,N,,X18F,N,Y,Y,
CIT-PLAN-0334,X18M,10 YEAR TERM,10X18M,Term Life,BASE,UNKNOWN,UNKNOWN,,,READY_FOR_REVIEW,IN_PROGRESS,IN_PROGRESS,NOT_STARTED,IN_PROGRESS,NOT_STARTED,NOT_STARTED,NOT_STARTED,,0,PENDING_REVIEW,Working governance row from Stage 4A; not client-approved,IN_SCOPE_BASE_PLAN,PENDING_REVIEW,HIGH,Y,Y,Y,Y,N,N,,X18M,N,Y,Y,
CIT-PLAN-0335,X58F,5 YEAR TERM,10X58F,Term Life,BASE,UNKNOWN,UNKNOWN,,,READY_FOR_REVIEW,IN_PROGRESS,IN_PROGRESS,NOT_STARTED,IN_PROGRESS,NOT_STARTED,NOT_STARTED,NOT_STARTED,,0,PENDING_REVIEW,Working governance row from Stage 4A; not client-approved,IN_SCOPE_BASE_PLAN,PENDING_REVIEW,HIGH,Y,Y,Y,Y,N,N,,X58F,N,Y,Y,
CIT-PLAN-0336,X58M,5 YEAR TERM,10X58M,Term Life,BASE,UNKNOWN,UNKNOWN,,,READY_FOR_REVIEW,IN_PROGRESS,IN_PROGRESS,NOT_STARTED,IN_PROGRESS,NOT_STARTED,NOT_STARTED,NOT_STARTED,,0,PENDING_REVIEW,Working governance row from Stage 4A; not client-approved,IN_SCOPE_BASE_PLAN,PENDING_REVIEW,HIGH,Y,Y,Y,Y,N,N,,X58M,N,Y,Y,
CIT-PLAN-0337,XR1F,TEN YEAR TERM RIDER,10XR1F,Rider,RIDER,UNKNOWN,UNKNOWN,,,READY_FOR_REVIEW,IN_PROGRESS,IN_PROGRESS,NOT_STARTED,IN_PROGRESS,NOT_STARTED,NOT_STARTED,NOT_STARTED,,0,PENDING_REVIEW,Working governance row from Stage 4A; not client-approved,IN_SCOPE_RIDER,PENDING_REVIEW,HIGH,Y,Y,Y,Y,N,N,,XR1F,N,N,Y,
CIT-PLAN-0338,XR1M,10 YEAR TERM RIDER, 10XR1M,Rider,RIDER,UNKNOWN,UNKNOWN,,,READY_FOR_REVIEW,IN_PROGRESS,IN_PROGRESS,NOT_STARTED,IN_PROGRESS,NOT_STARTED,NOT_STARTED,NOT_STARTED,,0,PENDING_REVIEW,Working governance row from Stage 4A; not client-approved,IN_SCOPE_RIDER,PENDING_REVIEW,HIGH,Y,Y,Y,Y,N,N,,XR1M,N,N,Y,
CIT-PLAN-0339,XR5F,FIVE YEAR TERM RIDER,10XR5F,Rider,RIDER,UNKNOWN,UNKNOWN,,,READY_FOR_REVIEW,IN_PROGRESS,IN_PROGRESS,NOT_STARTED,IN_PROGRESS,NOT_STARTED,NOT_STARTED,NOT_STARTED,,0,PENDING_REVIEW,Working governance row from Stage 4A; not client-approved,IN_SCOPE_RIDER,PENDING_REVIEW,HIGH,Y,Y,Y,Y,N,N,,XR5F,N,N,Y,
CIT-PLAN-0340,XR5M,FIVE YEAR TERM RIDER,10XR5M,Rider,RIDER,UNKNOWN,UNKNOWN,,,READY_FOR_REVIEW,IN_PROGRESS,IN_PROGRESS,NOT_STARTED,IN_PROGRESS,NOT_STARTED,NOT_STARTED,NOT_STARTED,,0,PENDING_REVIEW,Working governance row from Stage 4A; not client-approved,IN_SCOPE_RIDER,PENDING_REVIEW,HIGH,Y,Y,Y,Y,N,N,,XR5M,N,N,Y,
