cfic_plan,ql_plan,gender,uwclass,band,issue_age,policy_year,cash_value,pup_ins,term_rsv,mean_rsv,rl_netprem,fy_netprem,death_ben,source_file
QLFS,10QLFS,F,SM,00,18,1,0.00,0,0.00,0.25,0.501330,0.501330,1000.00,cifi0007.DBF
QLFS,10QLFS,F,SM,00,18,2,0.00,0,4.29,4.49,4.692800,0.501330,1000.00,cifi0007.DBF
QLFS,10QLFS,F,SM,00,18,3,0.00,0,8.70,8.84,4.692800,0.501330,1000.00,cifi0007.DBF
QLFS,10QLFS,F,SM,00,18,4,0.00,0,13.23,13.31,4.692800,0.501330,1000.00,cifi0007.DBF
QLFS,10QLFS,F,SM,00,18,5,2.92,33,17.89,17.91,4.692800,0.501330,1000.00,cifi0007.DBF
QLFS,10QLFS,F,SM,00,18,6,6.77,74,22.69,22.64,4.692800,0.501330,1000.00,cifi0007.DBF
QLFS,10QLFS,F,SM,00,18,7,10.76,113,27.62,27.50,4.692800,0.501330,1000.00,cifi0007.DBF
QLFS,10QLFS,F,SM,00,18,8,14.87,150,32.66,32.49,4.692800,0.501330,1000.00,cifi0007.DBF
QLFS,10QLFS,F,SM,00,18,9,19.12,186,37.84,37.60,4.692800,0.501330,1000.00,cifi0007.DBF
QLFS,10QLFS,F,SM,00,18,10,23.51,220,43.15,42.84,4.692800,0.501330,1000.00,cifi0007.DBF
QLFS,10QLFS,F,SM,00,18,11,28.05,253,48.60,48.22,4.692800,0.501330,1000.00,cifi0007.DBF
QLFS,10QLFS,F,SM,00,18,12,32.74,285,54.19,53.74,4.692800,0.501330,1000.00,cifi0007.DBF
QLFS,10QLFS,F,SM,00,18,13,37.59,316,59.92,59.40,4.692800,0.501330,1000.00,cifi0007.DBF
QLFS,10QLFS,F,SM,00,18,14,42.58,345,65.78,65.19,4.692800,0.501330,1000.00,cifi0007.DBF
QLFS,10QLFS,F,SM,00,18,15,47.73,373,71.77,71.12,4.692800,0.501330,1000.00,cifi0007.DBF
QLFS,10QLFS,F,SM,00,18,16,53.03,400,77.89,77.18,4.692800,0.501330,1000.00,cifi0007.DBF
QLFS,10QLFS,F,SM,00,18,17,58.44,426,84.11,83.35,4.692800,0.501330,1000.00,cifi0007.DBF
QLFS,10QLFS,F,SM,00,18,18,63.99,450,90.44,89.62,4.692800,0.501330,1000.00,cifi0007.DBF
QLFS,10QLFS,F,SM,00,18,19,69.67,474,96.88,96.00,4.692800,0.501330,1000.00,cifi0007.DBF
QLFS,10QLFS,F,SM,00,18,20,75.52,496,103.45,102.51,4.692800,0.501330,1000.00,cifi0007.DBF
QLFS,10QLFS,F,SM,00,18,21,81.54,518,110.17,109.16,4.692800,0.501330,1000.00,cifi0007.DBF
QLFS,10QLFS,F,SM,00,18,22,87.73,539,117.03,115.95,4.692800,0.501330,1000.00,cifi0007.DBF
QLFS,10QLFS,F,SM,00,18,23,94.10,559,124.03,122.87,4.692800,0.501330,1000.00,cifi0007.DBF
QLFS,10QLFS,F,SM,00,18,24,100.64,579,131.15,129.93,4.692800,0.501330,1000.00,cifi0007.DBF
QLFS,10QLFS,F,SM,00,18,25,107.31,597,138.37,137.11,4.692800,0.501330,1000.00,cifi0007.DBF
QLFS,10QLFS,F,SM,00,18,26,114.12,615,145.68,144.38,4.692800,0.501330,1000.00,cifi0007.DBF
QLFS,10QLFS,F,SM,00,18,27,121.03,632,153.06,151.72,4.692800,0.501330,1000.00,cifi0007.DBF
QLFS,10QLFS,F,SM,00,18,28,128.02,648,160.46,159.10,4.692800,0.501330,1000.00,cifi0007.DBF
QLFS,10QLFS,F,SM,00,18,29,135.06,664,167.86,166.51,4.692800,0.501330,1000.00,cifi0007.DBF
QLFS,10QLFS,F,SM,00,18,30,142.07,678,175.19,173.87,4.692800,0.501330,1000.00,cifi0007.DBF
QLFS,10QLFS,F,SM,00,18,31,149.01,692,182.38,181.13,4.692800,0.501330,1000.00,cifi0007.DBF
QLFS,10QLFS,F,SM,00,18,32,155.81,705,189.40,188.24,4.692800,0.501330,1000.00,cifi0007.DBF
QLFS,10QLFS,F,SM,00,18,33,162.45,717,196.21,195.15,4.692800,0.501330,1000.00,cifi0007.DBF
QLFS,10QLFS,F,SM,00,18,34,168.88,728,202.75,201.83,4.692800,0.501330,1000.00,cifi0007.DBF
QLFS,10QLFS,F,SM,00,18,35,175.05,739,208.99,208.22,4.692800,0.501330,1000.00,cifi0007.DBF
QLFS,10QLFS,F,SM,00,18,36,180.91,749,214.87,214.28,4.692800,0.501330,1000.00,cifi0007.DBF
QLFS,10QLFS,F,SM,00,18,37,186.41,758,220.34,219.95,4.692800,0.501330,1000.00,cifi0007.DBF
QLFS,10QLFS,F,SM,00,18,38,191.50,766,225.36,225.20,4.692800,0.501330,1000.00,cifi0007.DBF
QLFS,10QLFS,F,SM,00,18,39,196.11,774,229.87,229.96,4.692800,0.501330,1000.00,cifi0007.DBF
QLFS,10QLFS,F,SM,00,18,40,200.23,781,233.84,234.20,4.692800,0.501330,1000.00,cifi0007.DBF
QLFS,10QLFS,F,SM,00,18,41,203.78,788,237.22,237.88,4.692800,0.501330,1000.00,cifi0007.DBF
QLFS,10QLFS,F,SM,00,18,42,206.70,794,239.94,240.93,4.692800,0.501330,1000.00,cifi0007.DBF
QLFS,10QLFS,F,SM,00,18,43,208.92,799,241.94,243.29,4.692800,0.501330,1000.00,cifi0007.DBF
QLFS,10QLFS,F,SM,00,18,44,210.33,804,243.11,244.87,4.692800,0.501330,1000.00,cifi0007.DBF
QLFS,10QLFS,F,SM,00,18,45,210.82,808,243.35,245.58,4.692800,0.501330,1000.00,cifi0007.DBF
QLFS,10QLFS,F,SM,00,18,46,210.32,812,242.60,245.32,4.692800,0.501330,1000.00,cifi0007.DBF
QLFS,10QLFS,F,SM,00,18,47,208.67,407,240.72,244.01,4.692800,0.501330,1000.00,cifi0007.DBF
QLFS,10QLFS,F,SM,00,18,48,216.48,412,248.51,246.96,4.692800,0.501330,500.00,cifi0007.DBF
QLFS,10QLFS,F,SM,00,18,49,224.37,417,256.33,254.77,4.692800,0.501330,500.00,cifi0007.DBF
QLFS,10QLFS,F,SM,00,18,50,232.30,421,264.17,262.60,4.692800,0.501330,500.00,cifi0007.DBF
QLFS,10QLFS,F,SM,00,18,51,240.28,425,272.00,270.43,4.692800,0.501330,500.00,cifi0007.DBF
QLFS,10QLFS,F,SM,00,18,52,248.29,429,279.82,278.25,4.692800,0.501330,500.00,cifi0007.DBF
QLFS,10QLFS,F,SM,00,18,53,256.28,433,287.59,286.05,4.692800,0.501330,500.00,cifi0007.DBF
QLFS,10QLFS,F,SM,00,18,54,264.24,437,295.29,293.78,4.692800,0.501330,500.00,cifi0007.DBF
QLFS,10QLFS,F,SM,00,18,55,272.14,440,302.90,301.44,4.692800,0.501330,500.00,cifi0007.DBF
QLFS,10QLFS,F,SM,00,18,56,279.97,444,310.41,309.00,4.692800,0.501330,500.00,cifi0007.DBF
QLFS,10QLFS,F,SM,00,18,57,287.75,447,317.83,316.47,4.692800,0.501330,500.00,cifi0007.DBF
QLFS,10QLFS,F,SM,00,18,58,295.48,450,325.18,323.85,4.692800,0.501330,500.00,cifi0007.DBF
QLFS,10QLFS,F,SM,00,18,59,303.16,452,332.45,331.16,4.692800,0.501330,500.00,cifi0007.DBF
QLFS,10QLFS,F,SM,00,18,60,310.78,455,339.63,338.38,4.692800,0.501330,500.00,cifi0007.DBF
QLFS,10QLFS,F,SM,00,18,61,318.35,458,346.72,345.52,4.692800,0.501330,500.00,cifi0007.DBF
QLFS,10QLFS,F,SM,00,18,62,325.87,460,353.74,352.58,4.692800,0.501330,500.00,cifi0007.DBF
QLFS,10QLFS,F,SM,00,18,63,333.20,463,360.54,359.49,4.692800,0.501330,500.00,cifi0007.DBF
QLFS,10QLFS,F,SM,00,18,64,340.17,465,367.00,366.12,4.692800,0.501330,500.00,cifi0007.DBF
QLFS,10QLFS,F,SM,00,18,65,346.80,467,373.13,372.41,4.692800,0.501330,500.00,cifi0007.DBF
QLFS,10QLFS,F,SM,00,18,66,353.14,469,378.97,378.40,4.692800,0.501330,500.00,cifi0007.DBF
QLFS,10QLFS,F,SM,00,18,67,359.20,470,384.53,384.10,4.692800,0.501330,500.00,cifi0007.DBF
QLFS,10QLFS,F,SM,00,18,68,365.11,472,389.95,389.59,4.692800,0.501330,500.00,cifi0007.DBF
QLFS,10QLFS,F,SM,00,18,69,370.81,474,395.15,394.90,4.692800,0.501330,500.00,cifi0007.DBF
QLFS,10QLFS,F,SM,00,18,70,376.04,475,399.93,399.88,4.692800,0.501330,500.00,cifi0007.DBF
QLFS,10QLFS,F,SM,00,18,71,380.86,476,404.31,404.47,4.692800,0.501330,500.00,cifi0007.DBF
QLFS,10QLFS,F,SM,00,18,72,385.40,477,408.45,408.73,4.692800,0.501330,500.00,cifi0007.DBF
QLFS,10QLFS,F,SM,00,18,73,390.26,478,412.85,413.00,4.692800,0.501330,500.00,cifi0007.DBF
QLFS,10QLFS,F,SM,00,18,74,395.69,480,417.74,417.64,4.692800,0.501330,500.00,cifi0007.DBF
QLFS,10QLFS,F,SM,00,18,75,401.29,481,422.75,422.59,4.692800,0.501330,500.00,cifi0007.DBF
QLFS,10QLFS,F,SM,00,18,76,406.76,482,427.63,427.54,4.692800,0.501330,500.00,cifi0007.DBF
QLFS,10QLFS,F,SM,00,18,77,411.64,484,431.98,432.15,4.692800,0.501330,500.00,cifi0007.DBF
QLFS,10QLFS,F,SM,00,18,78,415.62,484,435.51,436.09,4.692800,0.501330,500.00,cifi0007.DBF
QLFS,10QLFS,F,SM,00,18,79,418.69,485,438.25,439.23,4.692800,0.501330,500.00,cifi0007.DBF
QLFS,10QLFS,F,SM,00,18,80,421.59,486,440.85,441.90,4.692800,0.501330,500.00,cifi0007.DBF
QLFS,10QLFS,F,SM,00,18,81,425.17,486,444.02,444.78,4.692800,0.501330,500.00,cifi0007.DBF
QLFS,10QLFS,F,SM,00,18,82,428.90,487,447.32,448.01,4.692800,0.501330,500.00,cifi0007.DBF
QLFS,10QLFS,F,SM,00,18,83,432.54,488,450.52,451.27,4.692800,0.501330,500.00,cifi0007.DBF
QLFS,10QLFS,F,SM,00,18,84,436.08,489,453.65,454.43,4.692800,0.501330,500.00,cifi0007.DBF
QLFS,10QLFS,F,SM,00,18,85,439.55,489,456.69,457.52,4.692800,0.501330,500.00,cifi0007.DBF
QLFS,10QLFS,F,SM,00,18,86,442.98,490,459.69,460.54,4.692800,0.501330,500.00,cifi0007.DBF
QLFS,10QLFS,F,SM,00,18,87,446.27,491,462.57,463.48,4.692800,0.501330,500.00,cifi0007.DBF
QLFS,10QLFS,F,SM,00,18,88,449.29,491,465.20,466.23,4.692800,0.501330,500.00,cifi0007.DBF
QLFS,10QLFS,F,SM,00,18,89,452.04,492,467.60,468.75,4.692800,0.501330,500.00,cifi0007.DBF
QLFS,10QLFS,F,SM,00,18,90,454.57,492,469.80,471.05,4.692800,0.501330,500.00,cifi0007.DBF
QLFS,10QLFS,F,SM,00,18,91,456.89,493,471.81,473.15,4.692800,0.501330,500.00,cifi0007.DBF
QLFS,10QLFS,F,SM,00,18,92,458.98,493,473.63,475.07,4.692800,0.501330,500.00,cifi0007.DBF
QLFS,10QLFS,F,SM,00,18,93,460.85,494,475.25,476.78,4.692800,0.501330,500.00,cifi0007.DBF
QLFS,10QLFS,F,SM,00,18,94,462.54,494,476.71,478.32,4.692800,0.501330,500.00,cifi0007.DBF
QLFS,10QLFS,F,SM,00,18,95,464.18,494,478.13,479.77,4.692800,0.501330,500.00,cifi0007.DBF
QLFS,10QLFS,F,SM,00,18,96,465.92,495,479.63,481.23,4.692800,0.501330,500.00,cifi0007.DBF
QLFS,10QLFS,F,SM,00,18,97,467.46,495,480.96,482.64,4.692800,0.501330,500.00,cifi0007.DBF
QLFS,10QLFS,F,SM,00,18,98,468.94,495,482.23,483.94,4.692800,0.501330,500.00,cifi0007.DBF
QLFS,10QLFS,F,SM,00,18,99,470.36,495,483.45,485.19,4.692800,0.501330,500.00,cifi0007.DBF
QLFS,10QLFS,F,SM,00,18,100,471.71,496,484.57,486.35,4.692800,0.501330,500.00,cifi0007.DBF
QLFS,10QLFS,F,SM,00,18,101,474.25,496,486.29,487.78,4.692800,0.501330,500.00,cifi0007.DBF
QLFS,10QLFS,F,SM,00,18,102,500.00,500,500.00,495.49,4.692800,0.501330,500.00,cifi0007.DBF
QLFS,10QLFS,F,SM,00,19,1,0.00,0,0.00,0.28,0.550480,0.550480,1000.00,cifi0007.DBF
QLFS,10QLFS,F,SM,00,19,2,0.00,0,4.44,4.65,4.866960,0.550480,1000.00,cifi0007.DBF
QLFS,10QLFS,F,SM,00,19,3,0.00,0,9.00,9.15,4.866960,0.550480,1000.00,cifi0007.DBF
QLFS,10QLFS,F,SM,00,19,4,0.00,0,13.69,13.78,4.866960,0.550480,1000.00,cifi0007.DBF
QLFS,10QLFS,F,SM,00,19,5,3.42,38,18.51,18.53,4.866960,0.550480,1000.00,cifi0007.DBF
QLFS,10QLFS,F,SM,00,19,6,7.43,78,23.47,23.43,4.866960,0.550480,1000.00,cifi0007.DBF
QLFS,10QLFS,F,SM,00,19,7,11.56,117,28.55,28.45,4.866960,0.550480,1000.00,cifi0007.DBF
QLFS,10QLFS,F,SM,00,19,8,15.83,154,33.76,33.59,4.866960,0.550480,1000.00,cifi0007.DBF
QLFS,10QLFS,F,SM,00,19,9,20.25,190,39.11,38.87,4.866960,0.550480,1000.00,cifi0007.DBF
QLFS,10QLFS,F,SM,00,19,10,24.81,224,44.59,44.28,4.866960,0.550480,1000.00,cifi0007.DBF
QLFS,10QLFS,F,SM,00,19,11,29.52,257,50.21,49.84,4.866960,0.550480,1000.00,cifi0007.DBF
QLFS,10QLFS,F,SM,00,19,12,34.39,289,55.98,55.53,4.866960,0.550480,1000.00,cifi0007.DBF
QLFS,10QLFS,F,SM,00,19,13,39.41,319,61.88,61.36,4.866960,0.550480,1000.00,cifi0007.DBF
QLFS,10QLFS,F,SM,00,19,14,44.59,348,67.91,67.33,4.866960,0.550480,1000.00,cifi0007.DBF
QLFS,10QLFS,F,SM,00,19,15,49.91,376,74.07,73.43,4.866960,0.550480,1000.00,cifi0007.DBF
QLFS,10QLFS,F,SM,00,19,16,55.35,403,80.33,79.64,4.866960,0.550480,1000.00,cifi0007.DBF
QLFS,10QLFS,F,SM,00,19,17,60.92,429,86.70,85.95,4.866960,0.550480,1000.00,cifi0007.DBF
QLFS,10QLFS,F,SM,00,19,18,66.64,453,93.18,92.38,4.866960,0.550480,1000.00,cifi0007.DBF
QLFS,10QLFS,F,SM,00,19,19,72.52,477,99.80,98.93,4.866960,0.550480,1000.00,cifi0007.DBF
QLFS,10QLFS,F,SM,00,19,20,78.57,499,106.57,105.62,4.866960,0.550480,1000.00,cifi0007.DBF
QLFS,10QLFS,F,SM,00,19,21,84.80,521,113.47,112.45,4.866960,0.550480,1000.00,cifi0007.DBF
QLFS,10QLFS,F,SM,00,19,22,91.20,542,120.52,119.43,4.866960,0.550480,1000.00,cifi0007.DBF
QLFS,10QLFS,F,SM,00,19,23,97.77,562,127.69,126.54,4.866960,0.550480,1000.00,cifi0007.DBF
QLFS,10QLFS,F,SM,00,19,24,104.48,581,134.97,133.76,4.866960,0.550480,1000.00,cifi0007.DBF
QLFS,10QLFS,F,SM,00,19,25,111.32,600,142.33,141.08,4.866960,0.550480,1000.00,cifi0007.DBF
QLFS,10QLFS,F,SM,00,19,26,118.27,618,149.75,148.47,4.866960,0.550480,1000.00,cifi0007.DBF
QLFS,10QLFS,F,SM,00,19,27,125.30,635,157.21,155.92,4.866960,0.550480,1000.00,cifi0007.DBF
QLFS,10QLFS,F,SM,00,19,28,132.37,651,164.66,163.37,4.866960,0.550480,1000.00,cifi0007.DBF
QLFS,10QLFS,F,SM,00,19,29,139.43,666,172.05,170.79,4.866960,0.550480,1000.00,cifi0007.DBF
QLFS,10QLFS,F,SM,00,19,30,146.41,680,179.30,178.11,4.866960,0.550480,1000.00,cifi0007.DBF
QLFS,10QLFS,F,SM,00,19,31,153.25,693,186.38,185.27,4.866960,0.550480,1000.00,cifi0007.DBF
QLFS,10QLFS,F,SM,00,19,32,159.94,706,193.24,192.24,4.866960,0.550480,1000.00,cifi0007.DBF
QLFS,10QLFS,F,SM,00,19,33,166.41,718,199.84,198.97,4.866960,0.550480,1000.00,cifi0007.DBF
QLFS,10QLFS,F,SM,00,19,34,172.63,729,206.14,205.42,4.866960,0.550480,1000.00,cifi0007.DBF
QLFS,10QLFS,F,SM,00,19,35,178.53,739,212.08,211.54,4.866960,0.550480,1000.00,cifi0007.DBF
QLFS,10QLFS,F,SM,00,19,36,184.07,748,217.61,217.28,4.866960,0.550480,1000.00,cifi0007.DBF
QLFS,10QLFS,F,SM,00,19,37,189.21,757,222.69,222.58,4.866960,0.550480,1000.00,cifi0007.DBF
QLFS,10QLFS,F,SM,00,19,38,193.87,765,227.26,227.41,4.866960,0.550480,1000.00,cifi0007.DBF
QLFS,10QLFS,F,SM,00,19,39,198.03,773,231.29,231.70,4.866960,0.550480,1000.00,cifi0007.DBF
QLFS,10QLFS,F,SM,00,19,40,201.63,779,234.73,235.44,4.866960,0.550480,1000.00,cifi0007.DBF
QLFS,10QLFS,F,SM,00,19,41,204.60,786,237.51,238.55,4.866960,0.550480,1000.00,cifi0007.DBF
QLFS,10QLFS,F,SM,00,19,42,206.86,791,239.56,240.97,4.866960,0.550480,1000.00,cifi0007.DBF
QLFS,10QLFS,F,SM,00,19,43,208.32,796,240.79,242.61,4.866960,0.550480,1000.00,cifi0007.DBF
QLFS,10QLFS,F,SM,00,19,44,208.86,801,241.10,243.38,4.866960,0.550480,1000.00,cifi0007.DBF
QLFS,10QLFS,F,SM,00,19,45,208.41,804,240.41,243.19,4.866960,0.550480,1000.00,cifi0007.DBF
QLFS,10QLFS,F,SM,00,19,46,206.81,404,238.59,241.93,4.866960,0.550480,1000.00,cifi0007.DBF
QLFS,10QLFS,F,SM,00,19,47,214.67,409,246.44,244.95,4.866960,0.550480,500.00,cifi0007.DBF
QLFS,10QLFS,F,SM,00,19,48,222.60,414,254.33,252.82,4.866960,0.550480,500.00,cifi0007.DBF
QLFS,10QLFS,F,SM,00,19,49,230.59,418,262.22,260.71,4.866960,0.550480,500.00,cifi0007.DBF
QLFS,10QLFS,F,SM,00,19,50,238.62,422,270.12,268.60,4.866960,0.550480,500.00,cifi0007.DBF
QLFS,10QLFS,F,SM,00,19,51,246.67,427,278.00,276.49,4.866960,0.550480,500.00,cifi0007.DBF
QLFS,10QLFS,F,SM,00,19,52,254.72,431,285.83,284.35,4.866960,0.550480,500.00,cifi0007.DBF
QLFS,10QLFS,F,SM,00,19,53,262.73,434,293.59,292.14,4.866960,0.550480,500.00,cifi0007.DBF
QLFS,10QLFS,F,SM,00,19,54,270.68,438,301.26,299.86,4.866960,0.550480,500.00,cifi0007.DBF
QLFS,10QLFS,F,SM,00,19,55,278.56,441,308.83,307.48,4.866960,0.550480,500.00,cifi0007.DBF
QLFS,10QLFS,F,SM,00,19,56,286.39,445,316.32,315.01,4.866960,0.550480,500.00,cifi0007.DBF
QLFS,10QLFS,F,SM,00,19,57,294.17,448,323.72,322.45,4.866960,0.550480,500.00,cifi0007.DBF
QLFS,10QLFS,F,SM,00,19,58,301.90,451,331.04,329.82,4.866960,0.550480,500.00,cifi0007.DBF
QLFS,10QLFS,F,SM,00,19,59,309.57,453,338.28,337.10,4.866960,0.550480,500.00,cifi0007.DBF
QLFS,10QLFS,F,SM,00,19,60,317.19,456,345.44,344.29,4.866960,0.550480,500.00,cifi0007.DBF
QLFS,10QLFS,F,SM,00,19,61,324.76,459,352.51,351.40,4.866960,0.550480,500.00,cifi0007.DBF
QLFS,10QLFS,F,SM,00,19,62,332.13,461,359.37,358.37,4.866960,0.550480,500.00,cifi0007.DBF
QLFS,10QLFS,F,SM,00,19,63,339.14,463,365.87,365.05,4.866960,0.550480,500.00,cifi0007.DBF
QLFS,10QLFS,F,SM,00,19,64,345.82,465,372.05,371.40,4.866960,0.550480,500.00,cifi0007.DBF
QLFS,10QLFS,F,SM,00,19,65,352.20,467,377.94,377.43,4.866960,0.550480,500.00,cifi0007.DBF
QLFS,10QLFS,F,SM,00,19,66,358.29,469,383.55,383.18,4.866960,0.550480,500.00,cifi0007.DBF
QLFS,10QLFS,F,SM,00,19,67,364.25,471,389.01,388.71,4.866960,0.550480,500.00,cifi0007.DBF
QLFS,10QLFS,F,SM,00,19,68,369.98,472,394.25,394.06,4.866960,0.550480,500.00,cifi0007.DBF
QLFS,10QLFS,F,SM,00,19,69,375.25,474,399.06,399.09,4.866960,0.550480,500.00,cifi0007.DBF
QLFS,10QLFS,F,SM,00,19,70,380.10,475,403.48,403.71,4.866960,0.550480,500.00,cifi0007.DBF
QLFS,10QLFS,F,SM,00,19,71,384.67,476,407.65,408.00,4.866960,0.550480,500.00,cifi0007.DBF
QLFS,10QLFS,F,SM,00,19,72,389.56,478,412.09,412.30,4.866960,0.550480,500.00,cifi0007.DBF
QLFS,10QLFS,F,SM,00,19,73,395.03,479,417.02,416.99,4.866960,0.550480,500.00,cifi0007.DBF
QLFS,10QLFS,F,SM,00,19,74,400.66,480,422.07,421.98,4.866960,0.550480,500.00,cifi0007.DBF
QLFS,10QLFS,F,SM,00,19,75,406.16,482,426.98,426.96,4.866960,0.550480,500.00,cifi0007.DBF
QLFS,10QLFS,F,SM,00,19,76,411.08,483,431.37,431.61,4.866960,0.550480,500.00,cifi0007.DBF
QLFS,10QLFS,F,SM,00,19,77,415.08,484,434.93,435.58,4.866960,0.550480,500.00,cifi0007.DBF
QLFS,10QLFS,F,SM,00,19,78,418.17,484,437.69,438.74,4.866960,0.550480,500.00,cifi0007.DBF
QLFS,10QLFS,F,SM,00,19,79,421.09,485,440.31,441.43,4.866960,0.550480,500.00,cifi0007.DBF
QLFS,10QLFS,F,SM,00,19,80,424.69,486,443.50,444.34,4.866960,0.550480,500.00,cifi0007.DBF
QLFS,10QLFS,F,SM,00,19,81,428.44,487,446.83,447.60,4.866960,0.550480,500.00,cifi0007.DBF
QLFS,10QLFS,F,SM,00,19,82,432.10,488,450.06,450.88,4.866960,0.550480,500.00,cifi0007.DBF
QLFS,10QLFS,F,SM,00,19,83,435.67,488,453.21,454.07,4.866960,0.550480,500.00,cifi0007.DBF
QLFS,10QLFS,F,SM,00,19,84,439.16,489,456.28,457.18,4.866960,0.550480,500.00,cifi0007.DBF
QLFS,10QLFS,F,SM,00,19,85,442.61,490,459.30,460.22,4.866960,0.550480,500.00,cifi0007.DBF
QLFS,10QLFS,F,SM,00,19,86,445.93,490,462.21,463.19,4.866960,0.550480,500.00,cifi0007.DBF
QLFS,10QLFS,F,SM,00,19,87,448.96,491,464.86,465.97,4.866960,0.550480,500.00,cifi0007.DBF
QLFS,10QLFS,F,SM,00,19,88,451.73,492,467.27,468.50,4.866960,0.550480,500.00,cifi0007.DBF
QLFS,10QLFS,F,SM,00,19,89,454.28,492,469.49,470.81,4.866960,0.550480,500.00,cifi0007.DBF
QLFS,10QLFS,F,SM,00,19,90,456.61,493,471.52,472.94,4.866960,0.550480,500.00,cifi0007.DBF
QLFS,10QLFS,F,SM,00,19,91,458.72,493,473.35,474.87,4.866960,0.550480,500.00,cifi0007.DBF
QLFS,10QLFS,F,SM,00,19,92,460.60,493,474.98,476.60,4.866960,0.550480,500.00,cifi0007.DBF
QLFS,10QLFS,F,SM,00,19,93,462.30,494,476.45,478.15,4.866960,0.550480,500.00,cifi0007.DBF
QLFS,10QLFS,F,SM,00,19,94,463.95,494,477.89,479.60,4.866960,0.550480,500.00,cifi0007.DBF
QLFS,10QLFS,F,SM,00,19,95,465.70,494,479.40,481.08,4.866960,0.550480,500.00,cifi0007.DBF
QLFS,10QLFS,F,SM,00,19,96,467.26,495,480.74,482.51,4.866960,0.550480,500.00,cifi0007.DBF
QLFS,10QLFS,F,SM,00,19,97,468.74,495,482.02,483.82,4.866960,0.550480,500.00,cifi0007.DBF
QLFS,10QLFS,F,SM,00,19,98,470.17,495,483.25,485.07,4.866960,0.550480,500.00,cifi0007.DBF
QLFS,10QLFS,F,SM,00,19,99,471.53,495,484.38,486.25,4.866960,0.550480,500.00,cifi0007.DBF
QLFS,10QLFS,F,SM,00,19,100,474.09,496,486.12,487.68,4.866960,0.550480,500.00,cifi0007.DBF
QLFS,10QLFS,F,SM,00,19,101,500.00,500,500.00,495.49,4.866960,0.550480,500.00,cifi0007.DBF
QLFS,10QLFS,F,SM,00,20,1,0.00,0,0.00,0.29,0.579970,0.579970,1000.00,cifi0007.DBF
QLFS,10QLFS,F,SM,00,20,2,0.00,0,4.59,4.82,5.048380,0.579970,1000.00,cifi0007.DBF
QLFS,10QLFS,F,SM,00,20,3,0.00,0,9.31,9.47,5.048380,0.579970,1000.00,cifi0007.DBF
QLFS,10QLFS,F,SM,00,20,4,0.00,0,14.17,14.26,5.048380,0.579970,1000.00,cifi0007.DBF
QLFS,10QLFS,F,SM,00,20,5,3.97,42,19.16,19.19,5.048380,0.579970,1000.00,cifi0007.DBF
QLFS,10QLFS,F,SM,00,20,6,8.12,82,24.27,24.24,5.048380,0.579970,1000.00,cifi0007.DBF
QLFS,10QLFS,F,SM,00,20,7,12.41,121,29.51,29.42,5.048380,0.579970,1000.00,cifi0007.DBF
QLFS,10QLFS,F,SM,00,20,8,16.85,158,34.90,34.73,5.048380,0.579970,1000.00,cifi0007.DBF
QLFS,10QLFS,F,SM,00,20,9,21.44,194,40.42,40.18,5.048380,0.579970,1000.00,cifi0007.DBF
QLFS,10QLFS,F,SM,00,20,10,26.17,228,46.07,45.77,5.048380,0.579970,1000.00,cifi0007.DBF
QLFS,10QLFS,F,SM,00,20,11,31.07,261,51.88,51.50,5.048380,0.579970,1000.00,cifi0007.DBF
QLFS,10QLFS,F,SM,00,20,12,36.12,293,57.82,57.37,5.048380,0.579970,1000.00,cifi0007.DBF
QLFS,10QLFS,F,SM,00,20,13,41.32,323,63.89,63.38,5.048380,0.579970,1000.00,cifi0007.DBF
QLFS,10QLFS,F,SM,00,20,14,46.66,352,70.09,69.52,5.048380,0.579970,1000.00,cifi0007.DBF
QLFS,10QLFS,F,SM,00,20,15,52.14,380,76.40,75.77,5.048380,0.579970,1000.00,cifi0007.DBF
QLFS,10QLFS,F,SM,00,20,16,57.74,406,82.81,82.13,5.048380,0.579970,1000.00,cifi0007.DBF
QLFS,10QLFS,F,SM,00,20,17,63.48,432,89.34,88.60,5.048380,0.579970,1000.00,cifi0007.DBF
QLFS,10QLFS,F,SM,00,20,18,69.39,456,96.00,95.20,5.048380,0.579970,1000.00,cifi0007.DBF
QLFS,10QLFS,F,SM,00,20,19,75.48,480,102.81,101.93,5.048380,0.579970,1000.00,cifi0007.DBF
QLFS,10QLFS,F,SM,00,20,20,81.74,502,109.77,108.82,5.048380,0.579970,1000.00,cifi0007.DBF
QLFS,10QLFS,F,SM,00,20,21,88.18,524,116.86,115.84,5.048380,0.579970,1000.00,cifi0007.DBF
QLFS,10QLFS,F,SM,00,20,22,94.78,545,124.09,123.00,5.048380,0.579970,1000.00,cifi0007.DBF
QLFS,10QLFS,F,SM,00,20,23,101.53,565,131.41,130.28,5.048380,0.579970,1000.00,cifi0007.DBF
QLFS,10QLFS,F,SM,00,20,24,108.41,584,138.83,137.65,5.048380,0.579970,1000.00,cifi0007.DBF
QLFS,10QLFS,F,SM,00,20,25,115.40,603,146.31,145.10,5.048380,0.579970,1000.00,cifi0007.DBF
QLFS,10QLFS,F,SM,00,20,26,122.47,620,153.83,152.59,5.048380,0.579970,1000.00,cifi0007.DBF
QLFS,10QLFS,F,SM,00,20,27,129.59,637,161.34,160.10,5.048380,0.579970,1000.00,cifi0007.DBF
QLFS,10QLFS,F,SM,00,20,28,136.69,653,168.78,167.58,5.048380,0.579970,1000.00,cifi0007.DBF
QLFS,10QLFS,F,SM,00,20,29,143.70,667,176.09,174.96,5.048380,0.579970,1000.00,cifi0007.DBF
QLFS,10QLFS,F,SM,00,20,30,150.59,681,183.23,182.18,5.048380,0.579970,1000.00,cifi0007.DBF
QLFS,10QLFS,F,SM,00,20,31,157.32,694,190.15,189.21,5.048380,0.579970,1000.00,cifi0007.DBF
QLFS,10QLFS,F,SM,00,20,32,163.84,707,196.81,196.00,5.048380,0.579970,1000.00,cifi0007.DBF
QLFS,10QLFS,F,SM,00,20,33,170.10,718,203.17,202.51,5.048380,0.579970,1000.00,cifi0007.DBF
QLFS,10QLFS,F,SM,00,20,34,176.05,728,209.17,208.69,5.048380,0.579970,1000.00,cifi0007.DBF
QLFS,10QLFS,F,SM,00,20,35,181.64,738,214.76,214.49,5.048380,0.579970,1000.00,cifi0007.DBF
QLFS,10QLFS,F,SM,00,20,36,186.82,747,219.90,219.86,5.048380,0.579970,1000.00,cifi0007.DBF
QLFS,10QLFS,F,SM,00,20,37,191.53,756,224.53,224.74,5.048380,0.579970,1000.00,cifi0007.DBF
QLFS,10QLFS,F,SM,00,20,38,195.74,764,228.62,229.10,5.048380,0.579970,1000.00,cifi0007.DBF
QLFS,10QLFS,F,SM,00,20,39,199.39,771,232.13,232.90,5.048380,0.579970,1000.00,cifi0007.DBF
QLFS,10QLFS,F,SM,00,20,40,202.41,777,234.97,236.07,5.048380,0.579970,1000.00,cifi0007.DBF
QLFS,10QLFS,F,SM,00,20,41,204.72,783,237.09,238.55,5.048380,0.579970,1000.00,cifi0007.DBF
QLFS,10QLFS,F,SM,00,20,42,206.23,788,238.38,240.26,5.048380,0.579970,1000.00,cifi0007.DBF
QLFS,10QLFS,F,SM,00,20,43,206.82,793,238.75,241.09,5.048380,0.579970,1000.00,cifi0007.DBF
QLFS,10QLFS,F,SM,00,20,44,206.42,797,238.13,240.96,5.048380,0.579970,1000.00,cifi0007.DBF
QLFS,10QLFS,F,SM,00,20,45,204.87,400,236.37,239.77,5.048380,0.579970,1000.00,cifi0007.DBF
QLFS,10QLFS,F,SM,00,20,46,212.78,405,244.29,242.85,5.048380,0.579970,500.00,cifi0007.DBF
QLFS,10QLFS,F,SM,00,20,47,220.77,410,252.24,250.79,5.048380,0.579970,500.00,cifi0007.DBF
QLFS,10QLFS,F,SM,00,20,48,228.81,415,260.20,258.74,5.048380,0.579970,500.00,cifi0007.DBF
QLFS,10QLFS,F,SM,00,20,49,236.89,419,268.16,266.70,5.048380,0.579970,500.00,cifi0007.DBF
QLFS,10QLFS,F,SM,00,20,50,245.00,424,276.10,274.65,5.048380,0.579970,500.00,cifi0007.DBF
QLFS,10QLFS,F,SM,00,20,51,253.10,428,284.00,282.57,5.048380,0.579970,500.00,cifi0007.DBF
QLFS,10QLFS,F,SM,00,20,52,261.16,432,291.82,290.43,5.048380,0.579970,500.00,cifi0007.DBF
QLFS,10QLFS,F,SM,00,20,53,269.17,435,299.56,298.21,5.048380,0.579970,500.00,cifi0007.DBF
QLFS,10QLFS,F,SM,00,20,54,277.10,439,307.19,305.90,5.048380,0.579970,500.00,cifi0007.DBF
QLFS,10QLFS,F,SM,00,20,55,284.98,442,314.73,313.49,5.048380,0.579970,500.00,cifi0007.DBF
QLFS,10QLFS,F,SM,00,20,56,292.81,446,322.20,320.99,5.048380,0.579970,500.00,cifi0007.DBF
QLFS,10QLFS,F,SM,00,20,57,300.59,449,329.58,328.42,5.048380,0.579970,500.00,cifi0007.DBF
QLFS,10QLFS,F,SM,00,20,58,308.31,452,336.88,335.76,5.048380,0.579970,500.00,cifi0007.DBF
QLFS,10QLFS,F,SM,00,20,59,315.98,454,344.09,343.01,5.048380,0.579970,500.00,cifi0007.DBF
QLFS,10QLFS,F,SM,00,20,60,323.60,457,351.22,350.18,5.048380,0.579970,500.00,cifi0007.DBF
QLFS,10QLFS,F,SM,00,20,61,331.02,460,358.14,357.20,5.048380,0.579970,500.00,cifi0007.DBF
QLFS,10QLFS,F,SM,00,20,62,338.08,462,364.70,363.94,5.048380,0.579970,500.00,cifi0007.DBF
QLFS,10QLFS,F,SM,00,20,63,344.80,464,370.93,370.34,5.048380,0.579970,500.00,cifi0007.DBF
QLFS,10QLFS,F,SM,00,20,64,351.22,466,376.87,376.42,5.048380,0.579970,500.00,cifi0007.DBF
QLFS,10QLFS,F,SM,00,20,65,357.36,468,382.52,382.22,5.048380,0.579970,500.00,cifi0007.DBF
QLFS,10QLFS,F,SM,00,20,66,363.35,470,388.03,387.80,5.048380,0.579970,500.00,cifi0007.DBF
QLFS,10QLFS,F,SM,00,20,67,369.12,471,393.31,393.19,5.048380,0.579970,500.00,cifi0007.DBF
QLFS,10QLFS,F,SM,00,20,68,374.43,473,398.16,398.26,5.048380,0.579970,500.00,cifi0007.DBF
QLFS,10QLFS,F,SM,00,20,69,379.31,474,402.62,402.91,5.048380,0.579970,500.00,cifi0007.DBF
QLFS,10QLFS,F,SM,00,20,70,383.91,475,406.82,407.24,5.048380,0.579970,500.00,cifi0007.DBF
QLFS,10QLFS,F,SM,00,20,71,388.83,477,411.29,411.58,5.048380,0.579970,500.00,cifi0007.DBF
QLFS,10QLFS,F,SM,00,20,72,394.33,478,416.26,416.30,5.048380,0.579970,500.00,cifi0007.DBF
QLFS,10QLFS,F,SM,00,20,73,400.00,480,421.36,421.33,5.048380,0.579970,500.00,cifi0007.DBF
QLFS,10QLFS,F,SM,00,20,74,405.54,481,426.31,426.36,5.048380,0.579970,500.00,cifi0007.DBF
QLFS,10QLFS,F,SM,00,20,75,410.49,482,430.73,431.04,5.048380,0.579970,500.00,cifi0007.DBF
QLFS,10QLFS,F,SM,00,20,76,414.52,483,434.32,435.05,5.048380,0.579970,500.00,cifi0007.DBF
QLFS,10QLFS,F,SM,00,20,77,417.62,484,437.11,438.24,5.048380,0.579970,500.00,cifi0007.DBF
QLFS,10QLFS,F,SM,00,20,78,420.57,485,439.74,440.95,5.048380,0.579970,500.00,cifi0007.DBF
QLFS,10QLFS,F,SM,00,20,79,424.19,485,442.97,443.88,5.048380,0.579970,500.00,cifi0007.DBF
QLFS,10QLFS,F,SM,00,20,80,427.97,486,446.32,447.17,5.048380,0.579970,500.00,cifi0007.DBF
QLFS,10QLFS,F,SM,00,20,81,431.65,487,449.58,450.47,5.048380,0.579970,500.00,cifi0007.DBF
QLFS,10QLFS,F,SM,00,20,82,435.25,488,452.75,453.69,5.048380,0.579970,500.00,cifi0007.DBF
QLFS,10QLFS,F,SM,00,20,83,438.76,489,455.85,456.82,5.048380,0.579970,500.00,cifi0007.DBF
QLFS,10QLFS,F,SM,00,20,84,442.23,489,458.90,459.90,5.048380,0.579970,500.00,cifi0007.DBF
QLFS,10QLFS,F,SM,00,20,85,445.57,490,461.82,462.88,5.048380,0.579970,500.00,cifi0007.DBF
QLFS,10QLFS,F,SM,00,20,86,448.63,491,464.50,465.68,5.048380,0.579970,500.00,cifi0007.DBF
QLFS,10QLFS,F,SM,00,20,87,451.42,491,466.93,468.24,5.048380,0.579970,500.00,cifi0007.DBF
QLFS,10QLFS,F,SM,00,20,88,453.97,492,469.16,470.57,5.048380,0.579970,500.00,cifi0007.DBF
QLFS,10QLFS,F,SM,00,20,89,456.33,492,471.21,472.71,5.048380,0.579970,500.00,cifi0007.DBF
QLFS,10QLFS,F,SM,00,20,90,458.45,493,473.06,474.66,5.048380,0.579970,500.00,cifi0007.DBF
QLFS,10QLFS,F,SM,00,20,91,460.34,493,474.70,476.41,5.048380,0.579970,500.00,cifi0007.DBF
QLFS,10QLFS,F,SM,00,20,92,462.05,493,476.19,477.97,5.048380,0.579970,500.00,cifi0007.DBF
QLFS,10QLFS,F,SM,00,20,93,463.71,494,477.63,479.43,5.048380,0.579970,500.00,cifi0007.DBF
QLFS,10QLFS,F,SM,00,20,94,465.48,494,479.16,480.92,5.048380,0.579970,500.00,cifi0007.DBF
QLFS,10QLFS,F,SM,00,20,95,467.04,494,480.51,482.36,5.048380,0.579970,500.00,cifi0007.DBF
QLFS,10QLFS,F,SM,00,20,96,468.53,495,481.80,483.68,5.048380,0.579970,500.00,cifi0007.DBF
QLFS,10QLFS,F,SM,00,20,97,469.97,495,483.04,484.94,5.048380,0.579970,500.00,cifi0007.DBF
QLFS,10QLFS,F,SM,00,20,98,471.34,495,484.18,486.13,5.048380,0.579970,500.00,cifi0007.DBF
QLFS,10QLFS,F,SM,00,20,99,473.92,496,485.94,487.58,5.048380,0.579970,500.00,cifi0007.DBF
QLFS,10QLFS,F,SM,00,20,100,500.00,500,500.00,495.49,5.048380,0.579970,500.00,cifi0007.DBF
QLFS,10QLFS,F,SM,00,21,1,0.00,0,0.00,0.31,0.619290,0.619290,1000.00,cifi0007.DBF
QLFS,10QLFS,F,SM,00,21,2,0.00,0,4.75,4.99,5.237070,0.619290,1000.00,cifi0007.DBF
QLFS,10QLFS,F,SM,00,21,3,0.00,0,9.64,9.82,5.237070,0.619290,1000.00,cifi0007.DBF
QLFS,10QLFS,F,SM,00,21,4,0.35,4,14.67,14.77,5.237070,0.619290,1000.00,cifi0007.DBF
QLFS,10QLFS,F,SM,00,21,5,4.52,46,19.81,19.86,5.237070,0.619290,1000.00,cifi0007.DBF
QLFS,10QLFS,F,SM,00,21,6,8.84,86,25.10,25.07,5.237070,0.619290,1000.00,cifi0007.DBF
QLFS,10QLFS,F,SM,00,21,7,13.30,125,30.52,30.42,5.237070,0.619290,1000.00,cifi0007.DBF
QLFS,10QLFS,F,SM,00,21,8,17.91,162,36.07,35.91,5.237070,0.619290,1000.00,cifi0007.DBF
QLFS,10QLFS,F,SM,00,21,9,22.67,198,41.77,41.54,5.237070,0.619290,1000.00,cifi0007.DBF
QLFS,10QLFS,F,SM,00,21,10,27.59,232,47.61,47.31,5.237070,0.619290,1000.00,cifi0007.DBF
QLFS,10QLFS,F,SM,00,21,11,32.66,265,53.59,53.22,5.237070,0.619290,1000.00,cifi0007.DBF
QLFS,10QLFS,F,SM,00,21,12,37.89,296,59.71,59.27,5.237070,0.619290,1000.00,cifi0007.DBF
QLFS,10QLFS,F,SM,00,21,13,43.27,326,65.96,65.45,5.237070,0.619290,1000.00,cifi0007.DBF
QLFS,10QLFS,F,SM,00,21,14,48.77,355,72.30,71.75,5.237070,0.619290,1000.00,cifi0007.DBF
QLFS,10QLFS,F,SM,00,21,15,54.41,383,78.76,78.15,5.237070,0.619290,1000.00,cifi0007.DBF
QLFS,10QLFS,F,SM,00,21,16,60.18,409,85.34,84.67,5.237070,0.619290,1000.00,cifi0007.DBF
QLFS,10QLFS,F,SM,00,21,17,66.12,435,92.05,91.31,5.237070,0.619290,1000.00,cifi0007.DBF
QLFS,10QLFS,F,SM,00,21,18,72.24,459,98.91,98.10,5.237070,0.619290,1000.00,cifi0007.DBF
QLFS,10QLFS,F,SM,00,21,19,78.54,483,105.92,105.03,5.237070,0.619290,1000.00,cifi0007.DBF
QLFS,10QLFS,F,SM,00,21,20,85.01,505,113.06,112.11,5.237070,0.619290,1000.00,cifi0007.DBF
QLFS,10QLFS,F,SM,00,21,21,91.66,527,120.34,119.32,5.237070,0.619290,1000.00,cifi0007.DBF
QLFS,10QLFS,F,SM,00,21,22,98.44,548,127.72,126.65,5.237070,0.619290,1000.00,cifi0007.DBF
QLFS,10QLFS,F,SM,00,21,23,105.36,568,135.20,134.08,5.237070,0.619290,1000.00,cifi0007.DBF
QLFS,10QLFS,F,SM,00,21,24,112.39,587,142.73,141.58,5.237070,0.619290,1000.00,cifi0007.DBF
QLFS,10QLFS,F,SM,00,21,25,119.51,605,150.30,149.14,5.237070,0.619290,1000.00,cifi0007.DBF
QLFS,10QLFS,F,SM,00,21,26,126.67,623,157.87,156.71,5.237070,0.619290,1000.00,cifi0007.DBF
QLFS,10QLFS,F,SM,00,21,27,133.81,639,165.38,164.24,5.237070,0.619290,1000.00,cifi0007.DBF
QLFS,10QLFS,F,SM,00,21,28,140.88,654,172.75,171.68,5.237070,0.619290,1000.00,cifi0007.DBF
QLFS,10QLFS,F,SM,00,21,29,147.81,669,179.95,178.97,5.237070,0.619290,1000.00,cifi0007.DBF
QLFS,10QLFS,F,SM,00,21,30,154.59,682,186.93,186.06,5.237070,0.619290,1000.00,cifi0007.DBF
QLFS,10QLFS,F,SM,00,21,31,161.15,695,193.66,192.91,5.237070,0.619290,1000.00,cifi0007.DBF
QLFS,10QLFS,F,SM,00,21,32,167.46,707,200.08,199.48,5.237070,0.619290,1000.00,cifi0007.DBF
QLFS,10QLFS,F,SM,00,21,33,173.46,718,206.14,205.73,5.237070,0.619290,1000.00,cifi0007.DBF
QLFS,10QLFS,F,SM,00,21,34,179.10,728,211.80,211.59,5.237070,0.619290,1000.00,cifi0007.DBF
QLFS,10QLFS,F,SM,00,21,35,184.33,737,217.00,217.02,5.237070,0.619290,1000.00,cifi0007.DBF
QLFS,10QLFS,F,SM,00,21,36,189.08,746,221.70,221.97,5.237070,0.619290,1000.00,cifi0007.DBF
QLFS,10QLFS,F,SM,00,21,37,193.34,754,225.85,226.39,5.237070,0.619290,1000.00,cifi0007.DBF
QLFS,10QLFS,F,SM,00,21,38,197.04,762,229.42,230.26,5.237070,0.619290,1000.00,cifi0007.DBF
QLFS,10QLFS,F,SM,00,21,39,200.11,768,232.33,233.49,5.237070,0.619290,1000.00,cifi0007.DBF
QLFS,10QLFS,F,SM,00,21,40,202.48,775,234.51,236.04,5.237070,0.619290,1000.00,cifi0007.DBF
QLFS,10QLFS,F,SM,00,21,41,204.04,780,235.87,237.81,5.237070,0.619290,1000.00,cifi0007.DBF
QLFS,10QLFS,F,SM,00,21,42,204.68,785,236.31,238.71,5.237070,0.619290,1000.00,cifi0007.DBF
QLFS,10QLFS,F,SM,00,21,43,204.33,789,235.75,238.65,5.237070,0.619290,1000.00,cifi0007.DBF
QLFS,10QLFS,F,SM,00,21,44,202.84,396,234.06,237.52,5.237070,0.619290,1000.00,cifi0007.DBF
QLFS,10QLFS,F,SM,00,21,45,210.81,401,242.05,240.67,5.237070,0.619290,500.00,cifi0007.DBF
QLFS,10QLFS,F,SM,00,21,46,218.85,407,250.06,248.67,5.237070,0.619290,500.00,cifi0007.DBF
QLFS,10QLFS,F,SM,00,21,47,226.94,411,258.09,256.69,5.237070,0.619290,500.00,cifi0007.DBF
QLFS,10QLFS,F,SM,00,21,48,235.08,416,266.12,264.72,5.237070,0.619290,500.00,cifi0007.DBF
QLFS,10QLFS,F,SM,00,21,49,243.25,421,274.13,272.74,5.237070,0.619290,500.00,cifi0007.DBF
QLFS,10QLFS,F,SM,00,21,50,251.40,425,282.09,280.73,5.237070,0.619290,500.00,cifi0007.DBF
QLFS,10QLFS,F,SM,00,21,51,259.52,429,289.98,288.66,5.237070,0.619290,500.00,cifi0007.DBF
QLFS,10QLFS,F,SM,00,21,52,267.58,433,297.78,296.50,5.237070,0.619290,500.00,cifi0007.DBF
QLFS,10QLFS,F,SM,00,21,53,275.57,437,305.48,304.25,5.237070,0.619290,500.00,cifi0007.DBF
QLFS,10QLFS,F,SM,00,21,54,283.50,440,313.09,311.90,5.237070,0.619290,500.00,cifi0007.DBF
QLFS,10QLFS,F,SM,00,21,55,291.38,443,320.62,319.47,5.237070,0.619290,500.00,cifi0007.DBF
QLFS,10QLFS,F,SM,00,21,56,299.22,447,328.06,326.96,5.237070,0.619290,500.00,cifi0007.DBF
QLFS,10QLFS,F,SM,00,21,57,307.00,450,335.42,334.36,5.237070,0.619290,500.00,cifi0007.DBF
QLFS,10QLFS,F,SM,00,21,58,314.72,453,342.70,341.68,5.237070,0.619290,500.00,cifi0007.DBF
QLFS,10QLFS,F,SM,00,21,59,322.39,455,349.89,348.91,5.237070,0.619290,500.00,cifi0007.DBF
QLFS,10QLFS,F,SM,00,21,60,329.86,458,356.86,355.99,5.237070,0.619290,500.00,cifi0007.DBF
QLFS,10QLFS,F,SM,00,21,61,336.97,460,363.48,362.79,5.237070,0.619290,500.00,cifi0007.DBF
QLFS,10QLFS,F,SM,00,21,62,343.73,463,369.76,369.24,5.237070,0.619290,500.00,cifi0007.DBF
QLFS,10QLFS,F,SM,00,21,63,350.20,465,375.75,375.37,5.237070,0.619290,500.00,cifi0007.DBF
QLFS,10QLFS,F,SM,00,21,64,356.38,467,381.45,381.22,5.237070,0.619290,500.00,cifi0007.DBF
QLFS,10QLFS,F,SM,00,21,65,362.41,468,387.00,386.84,5.237070,0.619290,500.00,cifi0007.DBF
QLFS,10QLFS,F,SM,00,21,66,368.22,470,392.33,392.28,5.237070,0.619290,500.00,cifi0007.DBF
QLFS,10QLFS,F,SM,00,21,67,373.56,472,397.22,397.39,5.237070,0.619290,500.00,cifi0007.DBF
QLFS,10QLFS,F,SM,00,21,68,378.48,473,401.72,402.09,5.237070,0.619290,500.00,cifi0007.DBF
QLFS,10QLFS,F,SM,00,21,69,383.11,474,405.96,406.46,5.237070,0.619290,500.00,cifi0007.DBF
QLFS,10QLFS,F,SM,00,21,70,388.06,476,410.47,410.83,5.237070,0.619290,500.00,cifi0007.DBF
QLFS,10QLFS,F,SM,00,21,71,393.61,477,415.48,415.59,5.237070,0.619290,500.00,cifi0007.DBF
QLFS,10QLFS,F,SM,00,21,72,399.31,479,420.61,420.67,5.237070,0.619290,500.00,cifi0007.DBF
QLFS,10QLFS,F,SM,00,21,73,404.89,480,425.61,425.73,5.237070,0.619290,500.00,cifi0007.DBF
QLFS,10QLFS,F,SM,00,21,74,409.87,481,430.07,430.46,5.237070,0.619290,500.00,cifi0007.DBF
QLFS,10QLFS,F,SM,00,21,75,413.93,482,433.69,434.50,5.237070,0.619290,500.00,cifi0007.DBF
QLFS,10QLFS,F,SM,00,21,76,417.06,483,436.50,437.72,5.237070,0.619290,500.00,cifi0007.DBF
QLFS,10QLFS,F,SM,00,21,77,420.02,484,439.16,440.45,5.237070,0.619290,500.00,cifi0007.DBF
QLFS,10QLFS,F,SM,00,21,78,423.67,485,442.41,443.40,5.237070,0.619290,500.00,cifi0007.DBF
QLFS,10QLFS,F,SM,00,21,79,427.48,486,445.79,446.72,5.237070,0.619290,500.00,cifi0007.DBF
QLFS,10QLFS,F,SM,00,21,80,431.18,487,449.08,450.05,5.237070,0.619290,500.00,cifi0007.DBF
QLFS,10QLFS,F,SM,00,21,81,434.80,487,452.28,453.30,5.237070,0.619290,500.00,cifi0007.DBF
QLFS,10QLFS,F,SM,00,21,82,438.34,488,455.40,456.46,5.237070,0.619290,500.00,cifi0007.DBF
QLFS,10QLFS,F,SM,00,21,83,441.83,489,458.47,459.55,5.237070,0.619290,500.00,cifi0007.DBF
QLFS,10QLFS,F,SM,00,21,84,445.20,490,461.43,462.57,5.237070,0.619290,500.00,cifi0007.DBF
QLFS,10QLFS,F,SM,00,21,85,448.27,490,464.12,465.39,5.237070,0.619290,500.00,cifi0007.DBF
QLFS,10QLFS,F,SM,00,21,86,451.08,491,466.58,467.97,5.237070,0.619290,500.00,cifi0007.DBF
QLFS,10QLFS,F,SM,00,21,87,453.66,491,468.83,470.32,5.237070,0.619290,500.00,cifi0007.DBF
QLFS,10QLFS,F,SM,00,21,88,456.03,492,470.90,472.48,5.237070,0.619290,500.00,cifi0007.DBF
QLFS,10QLFS,F,SM,00,21,89,458.16,492,472.76,474.45,5.237070,0.619290,500.00,cifi0007.DBF
QLFS,10QLFS,F,SM,00,21,90,460.06,493,474.41,476.21,5.237070,0.619290,500.00,cifi0007.DBF
QLFS,10QLFS,F,SM,00,21,91,461.79,493,475.91,477.78,5.237070,0.619290,500.00,cifi0007.DBF
QLFS,10QLFS,F,SM,00,21,92,463.46,493,477.37,479.26,5.237070,0.619290,500.00,cifi0007.DBF
QLFS,10QLFS,F,SM,00,21,93,465.24,494,478.91,480.76,5.237070,0.619290,500.00,cifi0007.DBF
QLFS,10QLFS,F,SM,00,21,94,466.81,494,480.27,482.21,5.237070,0.619290,500.00,cifi0007.DBF
QLFS,10QLFS,F,SM,00,21,95,468.31,494,481.57,483.54,5.237070,0.619290,500.00,cifi0007.DBF
QLFS,10QLFS,F,SM,00,21,96,469.76,495,482.82,484.82,5.237070,0.619290,500.00,cifi0007.DBF
QLFS,10QLFS,F,SM,00,21,97,471.14,495,483.97,486.01,5.237070,0.619290,500.00,cifi0007.DBF
QLFS,10QLFS,F,SM,00,21,98,473.74,496,485.75,487.48,5.237070,0.619290,500.00,cifi0007.DBF
QLFS,10QLFS,F,SM,00,21,99,500.00,500,500.00,495.49,5.237070,0.619290,500.00,cifi0007.DBF
QLFS,10QLFS,F,SM,00,22,1,0.00,0,0.00,0.32,0.648780,0.648780,1000.00,cifi0007.DBF
QLFS,10QLFS,F,SM,00,22,2,0.00,0,4.93,5.18,5.433910,0.648780,1000.00,cifi0007.DBF
QLFS,10QLFS,F,SM,00,22,3,0.00,0,9.99,10.17,5.433910,0.648780,1000.00,cifi0007.DBF
QLFS,10QLFS,F,SM,00,22,4,0.76,8,15.17,15.29,5.433910,0.648780,1000.00,cifi0007.DBF
QLFS,10QLFS,F,SM,00,22,5,5.10,50,20.49,20.54,5.433910,0.648780,1000.00,cifi0007.DBF
QLFS,10QLFS,F,SM,00,22,6,9.58,90,25.94,25.93,5.433910,0.648780,1000.00,cifi0007.DBF
QLFS,10QLFS,F,SM,00,22,7,14.22,129,31.54,31.46,5.433910,0.648780,1000.00,cifi0007.DBF
QLFS,10QLFS,F,SM,00,22,8,19.01,166,37.28,37.13,5.433910,0.648780,1000.00,cifi0007.DBF
QLFS,10QLFS,F,SM,00,22,9,23.96,201,43.16,42.94,5.433910,0.648780,1000.00,cifi0007.DBF
QLFS,10QLFS,F,SM,00,22,10,29.06,235,49.19,48.89,5.433910,0.648780,1000.00,cifi0007.DBF
QLFS,10QLFS,F,SM,00,22,11,34.32,268,55.35,54.98,5.433910,0.648780,1000.00,cifi0007.DBF
QLFS,10QLFS,F,SM,00,22,12,39.72,300,61.64,61.21,5.433910,0.648780,1000.00,cifi0007.DBF
QLFS,10QLFS,F,SM,00,22,13,45.26,330,68.03,67.55,5.433910,0.648780,1000.00,cifi0007.DBF
QLFS,10QLFS,F,SM,00,22,14,50.92,358,74.54,74.00,5.433910,0.648780,1000.00,cifi0007.DBF
QLFS,10QLFS,F,SM,00,22,15,56.73,386,81.16,80.57,5.433910,0.648780,1000.00,cifi0007.DBF
QLFS,10QLFS,F,SM,00,22,16,62.71,412,87.93,87.26,5.433910,0.648780,1000.00,cifi0007.DBF
QLFS,10QLFS,F,SM,00,22,17,68.86,438,94.84,94.10,5.433910,0.648780,1000.00,cifi0007.DBF
QLFS,10QLFS,F,SM,00,22,18,75.19,462,101.90,101.08,5.433910,0.648780,1000.00,cifi0007.DBF
QLFS,10QLFS,F,SM,00,22,19,81.71,486,109.10,108.21,5.433910,0.648780,1000.00,cifi0007.DBF
QLFS,10QLFS,F,SM,00,22,20,88.39,508,116.43,115.48,5.433910,0.648780,1000.00,cifi0007.DBF
QLFS,10QLFS,F,SM,00,22,21,95.22,530,123.87,122.87,5.433910,0.648780,1000.00,cifi0007.DBF
QLFS,10QLFS,F,SM,00,22,22,102.18,551,131.40,130.35,5.433910,0.648780,1000.00,cifi0007.DBF
QLFS,10QLFS,F,SM,00,22,23,109.25,571,139.00,137.92,5.433910,0.648780,1000.00,cifi0007.DBF
QLFS,10QLFS,F,SM,00,22,24,116.41,590,146.63,145.53,5.433910,0.648780,1000.00,cifi0007.DBF
QLFS,10QLFS,F,SM,00,22,25,123.62,608,154.26,153.16,5.433910,0.648780,1000.00,cifi0007.DBF
QLFS,10QLFS,F,SM,00,22,26,130.81,625,161.83,160.76,5.433910,0.648780,1000.00,cifi0007.DBF
QLFS,10QLFS,F,SM,00,22,27,137.92,641,169.27,168.27,5.433910,0.648780,1000.00,cifi0007.DBF
QLFS,10QLFS,F,SM,00,22,28,144.90,656,176.53,175.61,5.433910,0.648780,1000.00,cifi0007.DBF
QLFS,10QLFS,F,SM,00,22,29,151.73,670,183.58,182.77,5.433910,0.648780,1000.00,cifi0007.DBF
QLFS,10QLFS,F,SM,00,22,30,158.34,683,190.37,189.69,5.433910,0.648780,1000.00,cifi0007.DBF
QLFS,10QLFS,F,SM,00,22,31,164.70,695,196.85,196.33,5.433910,0.648780,1000.00,cifi0007.DBF
QLFS,10QLFS,F,SM,00,22,32,170.75,707,202.98,202.63,5.433910,0.648780,1000.00,cifi0007.DBF
QLFS,10QLFS,F,SM,00,22,33,176.44,717,208.71,208.56,5.433910,0.648780,1000.00,cifi0007.DBF
QLFS,10QLFS,F,SM,00,22,34,181.72,727,213.98,214.06,5.433910,0.648780,1000.00,cifi0007.DBF
QLFS,10QLFS,F,SM,00,22,35,186.53,736,218.74,219.08,5.433910,0.648780,1000.00,cifi0007.DBF
QLFS,10QLFS,F,SM,00,22,36,190.84,744,222.96,223.57,5.433910,0.648780,1000.00,cifi0007.DBF
QLFS,10QLFS,F,SM,00,22,37,194.59,752,226.60,227.50,5.433910,0.648780,1000.00,cifi0007.DBF
QLFS,10QLFS,F,SM,00,22,38,197.71,759,229.57,230.80,5.433910,0.648780,1000.00,cifi0007.DBF
QLFS,10QLFS,F,SM,00,22,39,200.14,766,231.83,233.42,5.433910,0.648780,1000.00,cifi0007.DBF
QLFS,10QLFS,F,SM,00,22,40,201.75,771,233.25,235.26,5.433910,0.648780,1000.00,cifi0007.DBF
QLFS,10QLFS,F,SM,00,22,41,202.45,776,233.76,236.22,5.433910,0.648780,1000.00,cifi0007.DBF
QLFS,10QLFS,F,SM,00,22,42,202.15,780,233.27,236.23,5.433910,0.648780,1000.00,cifi0007.DBF
QLFS,10QLFS,F,SM,00,22,43,200.72,392,231.65,235.18,5.433910,0.648780,1000.00,cifi0007.DBF
QLFS,10QLFS,F,SM,00,22,44,208.74,397,239.71,238.39,5.433910,0.648780,500.00,cifi0007.DBF
QLFS,10QLFS,F,SM,00,22,45,216.84,403,247.79,246.47,5.433910,0.648780,500.00,cifi0007.DBF
QLFS,10QLFS,F,SM,00,22,46,224.99,408,255.89,254.56,5.433910,0.648780,500.00,cifi0007.DBF
QLFS,10QLFS,F,SM,00,22,47,233.19,413,263.99,262.66,5.433910,0.648780,500.00,cifi0007.DBF
QLFS,10QLFS,F,SM,00,22,48,241.41,417,272.07,270.75,5.433910,0.648780,500.00,cifi0007.DBF
QLFS,10QLFS,F,SM,00,22,49,249.63,422,280.10,278.80,5.433910,0.648780,500.00,cifi0007.DBF
QLFS,10QLFS,F,SM,00,22,50,257.80,426,288.06,286.80,5.433910,0.648780,500.00,cifi0007.DBF
QLFS,10QLFS,F,SM,00,22,51,265.92,430,295.93,294.72,5.433910,0.648780,500.00,cifi0007.DBF
QLFS,10QLFS,F,SM,00,22,52,273.96,434,303.70,302.53,5.433910,0.648780,500.00,cifi0007.DBF
QLFS,10QLFS,F,SM,00,22,53,281.95,438,311.37,310.25,5.433910,0.648780,500.00,cifi0007.DBF
QLFS,10QLFS,F,SM,00,22,54,289.89,441,318.97,317.89,5.433910,0.648780,500.00,cifi0007.DBF
QLFS,10QLFS,F,SM,00,22,55,297.78,444,326.48,325.44,5.433910,0.648780,500.00,cifi0007.DBF
QLFS,10QLFS,F,SM,00,22,56,305.62,448,333.90,332.91,5.433910,0.648780,500.00,cifi0007.DBF
QLFS,10QLFS,F,SM,00,22,57,313.39,451,341.24,340.29,5.433910,0.648780,500.00,cifi0007.DBF
QLFS,10QLFS,F,SM,00,22,58,321.12,454,348.49,347.58,5.433910,0.648780,500.00,cifi0007.DBF
QLFS,10QLFS,F,SM,00,22,59,328.64,456,355.53,354.73,5.433910,0.648780,500.00,cifi0007.DBF
QLFS,10QLFS,F,SM,00,22,60,335.80,459,362.20,361.58,5.433910,0.648780,500.00,cifi0007.DBF
QLFS,10QLFS,F,SM,00,22,61,342.62,461,368.54,368.09,5.433910,0.648780,500.00,cifi0007.DBF
QLFS,10QLFS,F,SM,00,22,62,349.13,463,374.58,374.28,5.433910,0.648780,500.00,cifi0007.DBF
QLFS,10QLFS,F,SM,00,22,63,355.35,465,380.33,380.17,5.433910,0.648780,500.00,cifi0007.DBF
QLFS,10QLFS,F,SM,00,22,64,361.43,467,385.93,385.85,5.433910,0.648780,500.00,cifi0007.DBF
QLFS,10QLFS,F,SM,00,22,65,367.28,469,391.31,391.34,5.433910,0.648780,500.00,cifi0007.DBF
QLFS,10QLFS,F,SM,00,22,66,372.66,471,396.24,396.49,5.433910,0.648780,500.00,cifi0007.DBF
QLFS,10QLFS,F,SM,00,22,67,377.61,472,400.78,401.23,5.433910,0.648780,500.00,cifi0007.DBF
QLFS,10QLFS,F,SM,00,22,68,382.27,473,405.06,405.64,5.433910,0.648780,500.00,cifi0007.DBF
QLFS,10QLFS,F,SM,00,22,69,387.26,475,409.60,410.05,5.433910,0.648780,500.00,cifi0007.DBF
QLFS,10QLFS,F,SM,00,22,70,392.85,476,414.66,414.85,5.433910,0.648780,500.00,cifi0007.DBF
QLFS,10QLFS,F,SM,00,22,71,398.59,478,419.84,419.97,5.433910,0.648780,500.00,cifi0007.DBF
QLFS,10QLFS,F,SM,00,22,72,404.21,479,424.88,425.08,5.433910,0.648780,500.00,cifi0007.DBF
QLFS,10QLFS,F,SM,00,22,73,409.23,481,429.38,429.85,5.433910,0.648780,500.00,cifi0007.DBF
QLFS,10QLFS,F,SM,00,22,74,413.31,482,433.04,433.92,5.433910,0.648780,500.00,cifi0007.DBF
QLFS,10QLFS,F,SM,00,22,75,416.47,483,435.87,437.17,5.433910,0.648780,500.00,cifi0007.DBF
QLFS,10QLFS,F,SM,00,22,76,419.45,483,438.55,439.92,5.433910,0.648780,500.00,cifi0007.DBF
QLFS,10QLFS,F,SM,00,22,77,423.13,484,441.83,442.91,5.433910,0.648780,500.00,cifi0007.DBF
QLFS,10QLFS,F,SM,00,22,78,426.96,485,445.24,446.25,5.433910,0.648780,500.00,cifi0007.DBF
QLFS,10QLFS,F,SM,00,22,79,430.69,486,448.55,449.61,5.433910,0.648780,500.00,cifi0007.DBF
QLFS,10QLFS,F,SM,00,22,80,434.34,487,451.78,452.89,5.433910,0.648780,500.00,cifi0007.DBF
QLFS,10QLFS,F,SM,00,22,81,437.90,488,454.93,456.07,5.433910,0.648780,500.00,cifi0007.DBF
QLFS,10QLFS,F,SM,00,22,82,441.42,488,458.03,459.20,5.433910,0.648780,500.00,cifi0007.DBF
QLFS,10QLFS,F,SM,00,22,83,444.81,489,461.01,462.24,5.433910,0.648780,500.00,cifi0007.DBF
QLFS,10QLFS,F,SM,00,22,84,447.90,490,463.73,465.09,5.433910,0.648780,500.00,cifi0007.DBF
QLFS,10QLFS,F,SM,00,22,85,450.73,491,466.21,467.69,5.433910,0.648780,500.00,cifi0007.DBF
QLFS,10QLFS,F,SM,00,22,86,453.33,491,468.48,470.06,5.433910,0.648780,500.00,cifi0007.DBF
QLFS,10QLFS,F,SM,00,22,87,455.71,492,470.56,472.24,5.433910,0.648780,500.00,cifi0007.DBF
QLFS,10QLFS,F,SM,00,22,88,457.86,492,472.44,474.22,5.433910,0.648780,500.00,cifi0007.DBF
QLFS,10QLFS,F,SM,00,22,89,459.78,492,474.11,476.00,5.433910,0.648780,500.00,cifi0007.DBF
QLFS,10QLFS,F,SM,00,22,90,461.51,493,475.62,477.59,5.433910,0.648780,500.00,cifi0007.DBF
QLFS,10QLFS,F,SM,00,22,91,463.20,493,477.09,479.08,5.433910,0.648780,500.00,cifi0007.DBF
QLFS,10QLFS,F,SM,00,22,92,464.99,494,478.65,480.59,5.433910,0.648780,500.00,cifi0007.DBF
QLFS,10QLFS,F,SM,00,22,93,466.58,494,480.02,482.05,5.433910,0.648780,500.00,cifi0007.DBF
QLFS,10QLFS,F,SM,00,22,94,468.09,494,481.34,483.40,5.433910,0.648780,500.00,cifi0007.DBF
QLFS,10QLFS,F,SM,00,22,95,469.55,495,482.59,484.68,5.433910,0.648780,500.00,cifi0007.DBF
QLFS,10QLFS,F,SM,00,22,96,470.94,495,483.75,485.89,5.433910,0.648780,500.00,cifi0007.DBF
QLFS,10QLFS,F,SM,00,22,97,473.55,495,485.55,487.37,5.433910,0.648780,500.00,cifi0007.DBF
QLFS,10QLFS,F,SM,00,22,98,500.00,500,500.00,495.49,5.433910,0.648780,500.00,cifi0007.DBF
QLFS,10QLFS,F,SM,00,23,1,0.00,0,0.00,0.34,0.678270,0.678270,1000.00,cifi0007.DBF
QLFS,10QLFS,F,SM,00,23,2,0.00,0,5.10,5.37,5.639420,0.678270,1000.00,cifi0007.DBF
QLFS,10QLFS,F,SM,00,23,3,0.00,0,10.32,10.53,5.639420,0.678270,1000.00,cifi0007.DBF
QLFS,10QLFS,F,SM,00,23,4,1.18,12,15.67,15.82,5.639420,0.678270,1000.00,cifi0007.DBF
QLFS,10QLFS,F,SM,00,23,5,5.69,54,21.17,21.24,5.639420,0.678270,1000.00,cifi0007.DBF
QLFS,10QLFS,F,SM,00,23,6,10.35,94,26.81,26.81,5.639420,0.678270,1000.00,cifi0007.DBF
QLFS,10QLFS,F,SM,00,23,7,15.17,132,32.59,32.52,5.639420,0.678270,1000.00,cifi0007.DBF
QLFS,10QLFS,F,SM,00,23,8,20.14,169,38.52,38.37,5.639420,0.678270,1000.00,cifi0007.DBF
QLFS,10QLFS,F,SM,00,23,9,25.27,205,44.59,44.37,5.639420,0.678270,1000.00,cifi0007.DBF
QLFS,10QLFS,F,SM,00,23,10,30.56,239,50.79,50.51,5.639420,0.678270,1000.00,cifi0007.DBF
QLFS,10QLFS,F,SM,00,23,11,36.00,272,57.13,56.78,5.639420,0.678270,1000.00,cifi0007.DBF
QLFS,10QLFS,F,SM,00,23,12,41.57,303,63.58,63.17,5.639420,0.678270,1000.00,cifi0007.DBF
QLFS,10QLFS,F,SM,00,23,13,47.27,333,70.13,69.67,5.639420,0.678270,1000.00,cifi0007.DBF
QLFS,10QLFS,F,SM,00,23,14,53.11,361,76.81,76.29,5.639420,0.678270,1000.00,cifi0007.DBF
QLFS,10QLFS,F,SM,00,23,15,59.12,389,83.62,83.03,5.639420,0.678270,1000.00,cifi0007.DBF
QLFS,10QLFS,F,SM,00,23,16,65.32,415,90.59,89.92,5.639420,0.678270,1000.00,cifi0007.DBF
QLFS,10QLFS,F,SM,00,23,17,71.69,441,97.70,96.96,5.639420,0.678270,1000.00,cifi0007.DBF
QLFS,10QLFS,F,SM,00,23,18,78.24,465,104.96,104.15,5.639420,0.678270,1000.00,cifi0007.DBF
QLFS,10QLFS,F,SM,00,23,19,84.96,489,112.35,111.47,5.639420,0.678270,1000.00,cifi0007.DBF
QLFS,10QLFS,F,SM,00,23,20,91.83,511,119.85,118.92,5.639420,0.678270,1000.00,cifi0007.DBF
QLFS,10QLFS,F,SM,00,23,21,98.84,533,127.44,126.46,5.639420,0.678270,1000.00,cifi0007.DBF
QLFS,10QLFS,F,SM,00,23,22,105.96,553,135.10,134.09,5.639420,0.678270,1000.00,cifi0007.DBF
QLFS,10QLFS,F,SM,00,23,23,113.16,573,142.80,141.77,5.639420,0.678270,1000.00,cifi0007.DBF
QLFS,10QLFS,F,SM,00,23,24,120.42,592,150.49,149.47,5.639420,0.678270,1000.00,cifi0007.DBF
QLFS,10QLFS,F,SM,00,23,25,127.66,610,158.13,157.13,5.639420,0.678270,1000.00,cifi0007.DBF
QLFS,10QLFS,F,SM,00,23,26,134.82,626,165.63,164.70,5.639420,0.678270,1000.00,cifi0007.DBF
QLFS,10QLFS,F,SM,00,23,27,141.85,642,172.96,172.11,5.639420,0.678270,1000.00,cifi0007.DBF
QLFS,10QLFS,F,SM,00,23,28,148.73,656,180.08,179.34,5.639420,0.678270,1000.00,cifi0007.DBF
QLFS,10QLFS,F,SM,00,23,29,155.39,670,186.93,186.32,5.639420,0.678270,1000.00,cifi0007.DBF
QLFS,10QLFS,F,SM,00,23,30,161.81,683,193.49,193.03,5.639420,0.678270,1000.00,cifi0007.DBF
QLFS,10QLFS,F,SM,00,23,31,167.91,695,199.69,199.41,5.639420,0.678270,1000.00,cifi0007.DBF
QLFS,10QLFS,F,SM,00,23,32,173.65,706,205.48,205.40,5.639420,0.678270,1000.00,cifi0007.DBF
QLFS,10QLFS,F,SM,00,23,33,178.99,716,210.82,210.97,5.639420,0.678270,1000.00,cifi0007.DBF
QLFS,10QLFS,F,SM,00,23,34,183.85,726,215.65,216.06,5.639420,0.678270,1000.00,cifi0007.DBF
QLFS,10QLFS,F,SM,00,23,35,188.21,734,219.94,220.62,5.639420,0.678270,1000.00,cifi0007.DBF
QLFS,10QLFS,F,SM,00,23,36,192.02,742,223.65,224.62,5.639420,0.678270,1000.00,cifi0007.DBF
QLFS,10QLFS,F,SM,00,23,37,195.20,750,226.70,228.00,5.639420,0.678270,1000.00,cifi0007.DBF
QLFS,10QLFS,F,SM,00,23,38,197.68,756,229.02,230.68,5.639420,0.678270,1000.00,cifi0007.DBF
QLFS,10QLFS,F,SM,00,23,39,199.35,762,230.52,232.59,5.639420,0.678270,1000.00,cifi0007.DBF
QLFS,10QLFS,F,SM,00,23,40,200.11,767,231.10,233.63,5.639420,0.678270,1000.00,cifi0007.DBF
QLFS,10QLFS,F,SM,00,23,41,199.87,771,230.68,233.71,5.639420,0.678270,1000.00,cifi0007.DBF
QLFS,10QLFS,F,SM,00,23,42,198.49,388,229.13,232.73,5.639420,0.678270,1000.00,cifi0007.DBF
QLFS,10QLFS,F,SM,00,23,43,206.58,393,237.26,236.02,5.639420,0.678270,500.00,cifi0007.DBF
QLFS,10QLFS,F,SM,00,23,44,214.74,399,245.42,244.16,5.639420,0.678270,500.00,cifi0007.DBF
QLFS,10QLFS,F,SM,00,23,45,222.95,404,253.59,252.33,5.639420,0.678270,500.00,cifi0007.DBF
QLFS,10QLFS,F,SM,00,23,46,231.21,409,261.77,260.50,5.639420,0.678270,500.00,cifi0007.DBF
QLFS,10QLFS,F,SM,00,23,47,239.49,414,269.92,268.66,5.639420,0.678270,500.00,cifi0007.DBF
QLFS,10QLFS,F,SM,00,23,48,247.76,419,278.03,276.79,5.639420,0.678270,500.00,cifi0007.DBF
QLFS,10QLFS,F,SM,00,23,49,256.00,423,286.06,284.86,5.639420,0.678270,500.00,cifi0007.DBF
QLFS,10QLFS,F,SM,00,23,50,264.18,427,294.00,292.85,5.639420,0.678270,500.00,cifi0007.DBF
QLFS,10QLFS,F,SM,00,23,51,272.28,431,301.84,300.74,5.639420,0.678270,500.00,cifi0007.DBF
QLFS,10QLFS,F,SM,00,23,52,280.33,435,309.58,308.53,5.639420,0.678270,500.00,cifi0007.DBF
QLFS,10QLFS,F,SM,00,23,53,288.33,439,317.25,316.23,5.639420,0.678270,500.00,cifi0007.DBF
QLFS,10QLFS,F,SM,00,23,54,296.28,442,324.82,323.86,5.639420,0.678270,500.00,cifi0007.DBF
QLFS,10QLFS,F,SM,00,23,55,304.17,446,332.32,331.39,5.639420,0.678270,500.00,cifi0007.DBF
QLFS,10QLFS,F,SM,00,23,56,312.01,449,339.72,338.84,5.639420,0.678270,500.00,cifi0007.DBF
QLFS,10QLFS,F,SM,00,23,57,319.79,452,347.04,346.20,5.639420,0.678270,500.00,cifi0007.DBF
QLFS,10QLFS,F,SM,00,23,58,327.37,455,354.14,353.41,5.639420,0.678270,500.00,cifi0007.DBF
QLFS,10QLFS,F,SM,00,23,59,334.58,457,360.87,360.33,5.639420,0.678270,500.00,cifi0007.DBF
QLFS,10QLFS,F,SM,00,23,60,341.45,460,367.27,366.89,5.639420,0.678270,500.00,cifi0007.DBF
QLFS,10QLFS,F,SM,00,23,61,348.01,462,373.36,373.14,5.639420,0.678270,500.00,cifi0007.DBF
QLFS,10QLFS,F,SM,00,23,62,354.28,464,379.17,379.08,5.639420,0.678270,500.00,cifi0007.DBF
QLFS,10QLFS,F,SM,00,23,63,360.40,466,384.82,384.81,5.639420,0.678270,500.00,cifi0007.DBF
QLFS,10QLFS,F,SM,00,23,64,366.29,468,390.24,390.35,5.639420,0.678270,500.00,cifi0007.DBF
QLFS,10QLFS,F,SM,00,23,65,371.71,469,395.22,395.55,5.639420,0.678270,500.00,cifi0007.DBF
QLFS,10QLFS,F,SM,00,23,66,376.70,471,399.80,400.33,5.639420,0.678270,500.00,cifi0007.DBF
QLFS,10QLFS,F,SM,00,23,67,381.40,472,404.12,404.78,5.639420,0.678270,500.00,cifi0007.DBF
QLFS,10QLFS,F,SM,00,23,68,386.42,474,408.71,409.23,5.639420,0.678270,500.00,cifi0007.DBF
QLFS,10QLFS,F,SM,00,23,69,392.05,475,413.81,414.08,5.639420,0.678270,500.00,cifi0007.DBF
QLFS,10QLFS,F,SM,00,23,70,397.84,477,419.04,419.24,5.639420,0.678270,500.00,cifi0007.DBF
QLFS,10QLFS,F,SM,00,23,71,403.50,479,424.12,424.40,5.639420,0.678270,500.00,cifi0007.DBF
QLFS,10QLFS,F,SM,00,23,72,408.56,480,428.66,429.21,5.639420,0.678270,500.00,cifi0007.DBF
QLFS,10QLFS,F,SM,00,23,73,412.67,481,432.35,433.32,5.639420,0.678270,500.00,cifi0007.DBF
QLFS,10QLFS,F,SM,00,23,74,415.84,482,435.21,436.60,5.639420,0.678270,500.00,cifi0007.DBF
QLFS,10QLFS,F,SM,00,23,75,418.85,483,437.91,439.38,5.639420,0.678270,500.00,cifi0007.DBF
QLFS,10QLFS,F,SM,00,23,76,422.55,484,441.22,442.39,5.639420,0.678270,500.00,cifi0007.DBF
QLFS,10QLFS,F,SM,00,23,77,426.42,484,444.66,445.76,5.639420,0.678270,500.00,cifi0007.DBF
QLFS,10QLFS,F,SM,00,23,78,430.18,485,448.01,449.16,5.639420,0.678270,500.00,cifi0007.DBF
QLFS,10QLFS,F,SM,00,23,79,433.85,486,451.27,452.46,5.639420,0.678270,500.00,cifi0007.DBF
QLFS,10QLFS,F,SM,00,23,80,437.44,487,454.44,455.67,5.639420,0.678270,500.00,cifi0007.DBF
QLFS,10QLFS,F,SM,00,23,81,440.98,488,457.57,458.83,5.639420,0.678270,500.00,cifi0007.DBF
QLFS,10QLFS,F,SM,00,23,82,444.40,489,460.58,461.90,5.639420,0.678270,500.00,cifi0007.DBF
QLFS,10QLFS,F,SM,00,23,83,447.52,489,463.32,464.77,5.639420,0.678270,500.00,cifi0007.DBF
QLFS,10QLFS,F,SM,00,23,84,450.37,490,465.82,467.39,5.639420,0.678270,500.00,cifi0007.DBF
QLFS,10QLFS,F,SM,00,23,85,452.98,491,468.11,469.79,5.639420,0.678270,500.00,cifi0007.DBF
QLFS,10QLFS,F,SM,00,23,86,455.38,491,470.22,471.99,5.639420,0.678270,500.00,cifi0007.DBF
QLFS,10QLFS,F,SM,00,23,87,457.55,492,472.11,473.99,5.639420,0.678270,500.00,cifi0007.DBF
QLFS,10QLFS,F,SM,00,23,88,459.48,492,473.80,475.78,5.639420,0.678270,500.00,cifi0007.DBF
QLFS,10QLFS,F,SM,00,23,89,461.23,493,475.32,477.38,5.639420,0.678270,500.00,cifi0007.DBF
QLFS,10QLFS,F,SM,00,23,90,462.93,493,476.81,478.89,5.639420,0.678270,500.00,cifi0007.DBF
QLFS,10QLFS,F,SM,00,23,91,464.73,493,478.37,480.41,5.639420,0.678270,500.00,cifi0007.DBF
QLFS,10QLFS,F,SM,00,23,92,466.33,494,479.76,481.89,5.639420,0.678270,500.00,cifi0007.DBF
QLFS,10QLFS,F,SM,00,23,93,467.85,494,481.09,483.25,5.639420,0.678270,500.00,cifi0007.DBF
QLFS,10QLFS,F,SM,00,23,94,469.32,494,482.36,484.54,5.639420,0.678270,500.00,cifi0007.DBF
QLFS,10QLFS,F,SM,00,23,95,470.72,495,483.53,485.76,5.639420,0.678270,500.00,cifi0007.DBF
QLFS,10QLFS,F,SM,00,23,96,473.35,495,485.35,487.26,5.639420,0.678270,500.00,cifi0007.DBF
QLFS,10QLFS,F,SM,00,23,97,500.00,500,500.00,495.49,5.639420,0.678270,500.00,cifi0007.DBF
QLFS,10QLFS,F,SM,00,24,1,0.00,0,0.00,0.36,0.717590,0.717590,1000.00,cifi0007.DBF
QLFS,10QLFS,F,SM,00,24,2,0.00,0,5.26,5.56,5.853710,0.717590,1000.00,cifi0007.DBF
QLFS,10QLFS,F,SM,00,24,3,0.00,0,10.66,10.88,5.853710,0.717590,1000.00,cifi0007.DBF
QLFS,10QLFS,F,SM,00,24,4,1.60,15,16.20,16.35,5.853710,0.717590,1000.00,cifi0007.DBF
QLFS,10QLFS,F,SM,00,24,5,6.29,57,21.88,21.96,5.853710,0.717590,1000.00,cifi0007.DBF
QLFS,10QLFS,F,SM,00,24,6,11.14,97,27.70,27.72,5.853710,0.717590,1000.00,cifi0007.DBF
QLFS,10QLFS,F,SM,00,24,7,16.14,136,33.68,33.62,5.853710,0.717590,1000.00,cifi0007.DBF
QLFS,10QLFS,F,SM,00,24,8,21.30,173,39.79,39.66,5.853710,0.717590,1000.00,cifi0007.DBF
QLFS,10QLFS,F,SM,00,24,9,26.63,208,46.05,45.84,5.853710,0.717590,1000.00,cifi0007.DBF
QLFS,10QLFS,F,SM,00,24,10,32.10,242,52.43,52.17,5.853710,0.717590,1000.00,cifi0007.DBF
QLFS,10QLFS,F,SM,00,24,11,37.70,275,58.93,58.61,5.853710,0.717590,1000.00,cifi0007.DBF
QLFS,10QLFS,F,SM,00,24,12,43.43,306,65.53,65.16,5.853710,0.717590,1000.00,cifi0007.DBF
QLFS,10QLFS,F,SM,00,24,13,49.31,335,72.26,71.82,5.853710,0.717590,1000.00,cifi0007.DBF
QLFS,10QLFS,F,SM,00,24,14,55.36,364,79.13,78.62,5.853710,0.717590,1000.00,cifi0007.DBF
QLFS,10QLFS,F,SM,00,24,15,61.59,391,86.15,85.57,5.853710,0.717590,1000.00,cifi0007.DBF
QLFS,10QLFS,F,SM,00,24,16,68.01,418,93.32,92.67,5.853710,0.717590,1000.00,cifi0007.DBF
QLFS,10QLFS,F,SM,00,24,17,74.60,443,100.64,99.91,5.853710,0.717590,1000.00,cifi0007.DBF
QLFS,10QLFS,F,SM,00,24,18,81.37,468,108.09,107.29,5.853710,0.717590,1000.00,cifi0007.DBF
QLFS,10QLFS,F,SM,00,24,19,88.28,491,115.65,114.80,5.853710,0.717590,1000.00,cifi0007.DBF
QLFS,10QLFS,F,SM,00,24,20,95.34,514,123.31,122.41,5.853710,0.717590,1000.00,cifi0007.DBF
QLFS,10QLFS,F,SM,00,24,21,102.50,535,131.04,130.10,5.853710,0.717590,1000.00,cifi0007.DBF
QLFS,10QLFS,F,SM,00,24,22,109.76,556,138.80,137.84,5.853710,0.717590,1000.00,cifi0007.DBF
QLFS,10QLFS,F,SM,00,24,23,117.06,575,146.56,145.61,5.853710,0.717590,1000.00,cifi0007.DBF
QLFS,10QLFS,F,SM,00,24,24,124.35,594,154.26,153.34,5.853710,0.717590,1000.00,cifi0007.DBF
QLFS,10QLFS,F,SM,00,24,25,131.56,611,161.84,160.98,5.853710,0.717590,1000.00,cifi0007.DBF
QLFS,10QLFS,F,SM,00,24,26,138.65,627,169.24,168.46,5.853710,0.717590,1000.00,cifi0007.DBF
QLFS,10QLFS,F,SM,00,24,27,145.58,643,176.42,175.76,5.853710,0.717590,1000.00,cifi0007.DBF
QLFS,10QLFS,F,SM,00,24,28,152.30,657,183.35,182.81,5.853710,0.717590,1000.00,cifi0007.DBF
QLFS,10QLFS,F,SM,00,24,29,158.77,670,189.98,189.59,5.853710,0.717590,1000.00,cifi0007.DBF
QLFS,10QLFS,F,SM,00,24,30,164.92,682,196.25,196.04,5.853710,0.717590,1000.00,cifi0007.DBF
QLFS,10QLFS,F,SM,00,24,31,170.73,694,202.12,202.11,5.853710,0.717590,1000.00,cifi0007.DBF
QLFS,10QLFS,F,SM,00,24,32,176.12,705,207.53,207.75,5.853710,0.717590,1000.00,cifi0007.DBF
QLFS,10QLFS,F,SM,00,24,33,181.04,714,212.43,212.91,5.853710,0.717590,1000.00,cifi0007.DBF
QLFS,10QLFS,F,SM,00,24,34,185.46,724,216.80,217.54,5.853710,0.717590,1000.00,cifi0007.DBF
QLFS,10QLFS,F,SM,00,24,35,189.33,732,220.58,221.62,5.853710,0.717590,1000.00,cifi0007.DBF
QLFS,10QLFS,F,SM,00,24,36,192.56,739,223.70,225.07,5.853710,0.717590,1000.00,cifi0007.DBF
QLFS,10QLFS,F,SM,00,24,37,195.10,746,226.10,227.83,5.853710,0.717590,1000.00,cifi0007.DBF
QLFS,10QLFS,F,SM,00,24,38,196.83,752,227.67,229.81,5.853710,0.717590,1000.00,cifi0007.DBF
QLFS,10QLFS,F,SM,00,24,39,197.65,758,228.32,230.92,5.853710,0.717590,1000.00,cifi0007.DBF
QLFS,10QLFS,F,SM,00,24,40,197.47,762,227.98,231.08,5.853710,0.717590,1000.00,cifi0007.DBF
QLFS,10QLFS,F,SM,00,24,41,196.16,383,226.51,230.17,5.853710,0.717590,1000.00,cifi0007.DBF
QLFS,10QLFS,F,SM,00,24,42,204.30,389,234.72,233.54,5.853710,0.717590,500.00,cifi0007.DBF
QLFS,10QLFS,F,SM,00,24,43,212.53,395,242.95,241.76,5.853710,0.717590,500.00,cifi0007.DBF
QLFS,10QLFS,F,SM,00,24,44,220.80,400,251.20,250.00,5.853710,0.717590,500.00,cifi0007.DBF
QLFS,10QLFS,F,SM,00,24,45,229.13,406,259.45,258.25,5.853710,0.717590,500.00,cifi0007.DBF
QLFS,10QLFS,F,SM,00,24,46,237.47,411,267.68,266.49,5.853710,0.717590,500.00,cifi0007.DBF
QLFS,10QLFS,F,SM,00,24,47,245.81,415,275.86,274.70,5.853710,0.717590,500.00,cifi0007.DBF
QLFS,10QLFS,F,SM,00,24,48,254.11,420,283.97,282.85,5.853710,0.717590,500.00,cifi0007.DBF
QLFS,10QLFS,F,SM,00,24,49,262.35,424,291.99,290.91,5.853710,0.717590,500.00,cifi0007.DBF
QLFS,10QLFS,F,SM,00,24,50,270.52,429,299.90,298.87,5.853710,0.717590,500.00,cifi0007.DBF
QLFS,10QLFS,F,SM,00,24,51,278.63,432,307.71,306.73,5.853710,0.717590,500.00,cifi0007.DBF
QLFS,10QLFS,F,SM,00,24,52,286.69,436,315.45,314.51,5.853710,0.717590,500.00,cifi0007.DBF
QLFS,10QLFS,F,SM,00,24,53,294.70,440,323.10,322.20,5.853710,0.717590,500.00,cifi0007.DBF
QLFS,10QLFS,F,SM,00,24,54,302.66,443,330.66,329.81,5.853710,0.717590,500.00,cifi0007.DBF
QLFS,10QLFS,F,SM,00,24,55,310.55,447,338.14,337.33,5.853710,0.717590,500.00,cifi0007.DBF
QLFS,10QLFS,F,SM,00,24,56,318.39,450,345.52,344.76,5.853710,0.717590,500.00,cifi0007.DBF
QLFS,10QLFS,F,SM,00,24,57,326.03,453,352.69,352.03,5.853710,0.717590,500.00,cifi0007.DBF
QLFS,10QLFS,F,SM,00,24,58,333.30,455,359.49,359.01,5.853710,0.717590,500.00,cifi0007.DBF
QLFS,10QLFS,F,SM,00,24,59,340.22,458,365.94,365.64,5.853710,0.717590,500.00,cifi0007.DBF
QLFS,10QLFS,F,SM,00,24,60,346.83,460,372.09,371.95,5.853710,0.717590,500.00,cifi0007.DBF
QLFS,10QLFS,F,SM,00,24,61,353.15,462,377.95,377.95,5.853710,0.717590,500.00,cifi0007.DBF
QLFS,10QLFS,F,SM,00,24,62,359.32,465,383.66,383.73,5.853710,0.717590,500.00,cifi0007.DBF
QLFS,10QLFS,F,SM,00,24,63,365.26,466,389.13,389.32,5.853710,0.717590,500.00,cifi0007.DBF
QLFS,10QLFS,F,SM,00,24,64,370.72,468,394.16,394.57,5.853710,0.717590,500.00,cifi0007.DBF
QLFS,10QLFS,F,SM,00,24,65,375.74,470,398.78,399.40,5.853710,0.717590,500.00,cifi0007.DBF
QLFS,10QLFS,F,SM,00,24,66,380.48,471,403.13,403.88,5.853710,0.717590,500.00,cifi0007.DBF
QLFS,10QLFS,F,SM,00,24,67,385.54,473,407.77,408.38,5.853710,0.717590,500.00,cifi0007.DBF
QLFS,10QLFS,F,SM,00,24,68,391.21,474,412.92,413.27,5.853710,0.717590,500.00,cifi0007.DBF
QLFS,10QLFS,F,SM,00,24,69,397.05,476,418.19,418.48,5.853710,0.717590,500.00,cifi0007.DBF
QLFS,10QLFS,F,SM,00,24,70,402.75,478,423.33,423.69,5.853710,0.717590,500.00,cifi0007.DBF
QLFS,10QLFS,F,SM,00,24,71,407.85,479,427.91,428.55,5.853710,0.717590,500.00,cifi0007.DBF
QLFS,10QLFS,F,SM,00,24,72,411.99,480,431.63,432.70,5.853710,0.717590,500.00,cifi0007.DBF
QLFS,10QLFS,F,SM,00,24,73,415.19,481,434.52,436.00,5.853710,0.717590,500.00,cifi0007.DBF
QLFS,10QLFS,F,SM,00,24,74,418.22,482,437.25,438.81,5.853710,0.717590,500.00,cifi0007.DBF
QLFS,10QLFS,F,SM,00,24,75,421.95,483,440.59,441.85,5.853710,0.717590,500.00,cifi0007.DBF
QLFS,10QLFS,F,SM,00,24,76,425.85,484,444.06,445.25,5.853710,0.717590,500.00,cifi0007.DBF
QLFS,10QLFS,F,SM,00,24,77,429.64,485,447.44,448.68,5.853710,0.717590,500.00,cifi0007.DBF
QLFS,10QLFS,F,SM,00,24,78,433.34,486,450.73,452.01,5.853710,0.717590,500.00,cifi0007.DBF
QLFS,10QLFS,F,SM,00,24,79,436.95,487,453.93,455.26,5.853710,0.717590,500.00,cifi0007.DBF
QLFS,10QLFS,F,SM,00,24,80,440.53,487,457.09,458.44,5.853710,0.717590,500.00,cifi0007.DBF
QLFS,10QLFS,F,SM,00,24,81,443.97,488,460.13,461.54,5.853710,0.717590,500.00,cifi0007.DBF
QLFS,10QLFS,F,SM,00,24,82,447.11,489,462.90,464.44,5.853710,0.717590,500.00,cifi0007.DBF
QLFS,10QLFS,F,SM,00,24,83,449.98,490,465.42,467.09,5.853710,0.717590,500.00,cifi0007.DBF
QLFS,10QLFS,F,SM,00,24,84,452.61,490,467.73,469.50,5.853710,0.717590,500.00,cifi0007.DBF
QLFS,10QLFS,F,SM,00,24,85,455.04,491,469.86,471.72,5.853710,0.717590,500.00,cifi0007.DBF
QLFS,10QLFS,F,SM,00,24,86,457.22,491,471.77,473.74,5.853710,0.717590,500.00,cifi0007.DBF
QLFS,10QLFS,F,SM,00,24,87,459.17,492,473.47,475.55,5.853710,0.717590,500.00,cifi0007.DBF
QLFS,10QLFS,F,SM,00,24,88,460.93,492,475.01,477.17,5.853710,0.717590,500.00,cifi0007.DBF
QLFS,10QLFS,F,SM,00,24,89,462.64,493,476.51,478.69,5.853710,0.717590,500.00,cifi0007.DBF
QLFS,10QLFS,F,SM,00,24,90,464.46,493,478.09,480.23,5.853710,0.717590,500.00,cifi0007.DBF
QLFS,10QLFS,F,SM,00,24,91,466.07,493,479.49,481.72,5.853710,0.717590,500.00,cifi0007.DBF
QLFS,10QLFS,F,SM,00,24,92,467.60,494,480.83,483.09,5.853710,0.717590,500.00,cifi0007.DBF
QLFS,10QLFS,F,SM,00,24,93,469.08,494,482.11,484.40,5.853710,0.717590,500.00,cifi0007.DBF
QLFS,10QLFS,F,SM,00,24,94,470.49,494,483.29,485.63,5.853710,0.717590,500.00,cifi0007.DBF
QLFS,10QLFS,F,SM,00,24,95,473.15,495,485.13,487.14,5.853710,0.717590,500.00,cifi0007.DBF
QLFS,10QLFS,F,SM,00,24,96,500.00,500,500.00,495.49,5.853710,0.717590,500.00,cifi0007.DBF
QLFS,10QLFS,F,SM,00,25,1,0.00,0,0.00,0.39,0.776570,0.776570,1000.00,cifi0007.DBF
QLFS,10QLFS,F,SM,00,25,2,0.00,0,5.44,5.76,6.076500,0.776570,1000.00,cifi0007.DBF
QLFS,10QLFS,F,SM,00,25,3,0.00,0,11.02,11.27,6.076500,0.776570,1000.00,cifi0007.DBF
QLFS,10QLFS,F,SM,00,25,4,2.04,19,16.75,16.92,6.076500,0.776570,1000.00,cifi0007.DBF
QLFS,10QLFS,F,SM,00,25,5,6.91,61,22.62,22.72,6.076500,0.776570,1000.00,cifi0007.DBF
QLFS,10QLFS,F,SM,00,25,6,11.95,101,28.64,28.67,6.076500,0.776570,1000.00,cifi0007.DBF
QLFS,10QLFS,F,SM,00,25,7,17.14,139,34.80,34.76,6.076500,0.776570,1000.00,cifi0007.DBF
QLFS,10QLFS,F,SM,00,25,8,22.50,176,41.11,40.99,6.076500,0.776570,1000.00,cifi0007.DBF
QLFS,10QLFS,F,SM,00,25,9,28.01,211,47.55,47.37,6.076500,0.776570,1000.00,cifi0007.DBF
QLFS,10QLFS,F,SM,00,25,10,33.64,245,54.09,53.86,6.076500,0.776570,1000.00,cifi0007.DBF
QLFS,10QLFS,F,SM,00,25,11,39.41,277,60.76,60.46,6.076500,0.776570,1000.00,cifi0007.DBF
QLFS,10QLFS,F,SM,00,25,12,45.33,308,67.54,67.18,6.076500,0.776570,1000.00,cifi0007.DBF
QLFS,10QLFS,F,SM,00,25,13,51.42,338,74.46,74.04,6.076500,0.776570,1000.00,cifi0007.DBF
QLFS,10QLFS,F,SM,00,25,14,57.69,367,81.54,81.04,6.076500,0.776570,1000.00,cifi0007.DBF
QLFS,10QLFS,F,SM,00,25,15,64.15,394,88.77,88.20,6.076500,0.776570,1000.00,cifi0007.DBF
QLFS,10QLFS,F,SM,00,25,16,70.79,421,96.15,95.50,6.076500,0.776570,1000.00,cifi0007.DBF
QLFS,10QLFS,F,SM,00,25,17,77.60,446,103.67,102.95,6.076500,0.776570,1000.00,cifi0007.DBF
QLFS,10QLFS,F,SM,00,25,18,84.56,471,111.29,110.52,6.076500,0.776570,1000.00,cifi0007.DBF
QLFS,10QLFS,F,SM,00,25,19,91.66,494,119.02,118.19,6.076500,0.776570,1000.00,cifi0007.DBF
QLFS,10QLFS,F,SM,00,25,20,98.88,516,126.81,125.95,6.076500,0.776570,1000.00,cifi0007.DBF
QLFS,10QLFS,F,SM,00,25,21,106.19,538,134.64,133.76,6.076500,0.776570,1000.00,cifi0007.DBF
QLFS,10QLFS,F,SM,00,25,22,113.54,558,142.48,141.60,6.076500,0.776570,1000.00,cifi0007.DBF
QLFS,10QLFS,F,SM,00,25,23,120.89,577,150.25,149.40,6.076500,0.776570,1000.00,cifi0007.DBF
QLFS,10QLFS,F,SM,00,25,24,128.15,595,157.89,157.11,6.076500,0.776570,1000.00,cifi0007.DBF
QLFS,10QLFS,F,SM,00,25,25,135.30,612,165.36,164.67,6.076500,0.776570,1000.00,cifi0007.DBF
QLFS,10QLFS,F,SM,00,25,26,142.28,628,172.63,172.03,6.076500,0.776570,1000.00,cifi0007.DBF
QLFS,10QLFS,F,SM,00,25,27,149.06,643,179.63,179.17,6.076500,0.776570,1000.00,cifi0007.DBF
QLFS,10QLFS,F,SM,00,25,28,155.58,657,186.33,186.02,6.076500,0.776570,1000.00,cifi0007.DBF
QLFS,10QLFS,F,SM,00,25,29,161.80,670,192.67,192.54,6.076500,0.776570,1000.00,cifi0007.DBF
QLFS,10QLFS,F,SM,00,25,30,167.66,682,198.62,198.68,6.076500,0.776570,1000.00,cifi0007.DBF
QLFS,10QLFS,F,SM,00,25,31,173.11,693,204.11,204.40,6.076500,0.776570,1000.00,cifi0007.DBF
QLFS,10QLFS,F,SM,00,25,32,178.09,703,209.09,209.63,6.076500,0.776570,1000.00,cifi0007.DBF
QLFS,10QLFS,F,SM,00,25,33,182.57,712,213.53,214.34,6.076500,0.776570,1000.00,cifi0007.DBF
QLFS,10QLFS,F,SM,00,25,34,186.50,721,217.39,218.50,6.076500,0.776570,1000.00,cifi0007.DBF
QLFS,10QLFS,F,SM,00,25,35,189.80,729,220.58,222.02,6.076500,0.776570,1000.00,cifi0007.DBF
QLFS,10QLFS,F,SM,00,25,36,192.40,736,223.06,224.86,6.076500,0.776570,1000.00,cifi0007.DBF
QLFS,10QLFS,F,SM,00,25,37,194.19,742,224.71,226.92,6.076500,0.776570,1000.00,cifi0007.DBF
QLFS,10QLFS,F,SM,00,25,38,195.07,748,225.44,228.11,6.076500,0.776570,1000.00,cifi0007.DBF
QLFS,10QLFS,F,SM,00,25,39,194.96,752,225.18,228.35,6.076500,0.776570,1000.00,cifi0007.DBF
QLFS,10QLFS,F,SM,00,25,40,193.71,378,223.79,227.52,6.076500,0.776570,1000.00,cifi0007.DBF
QLFS,10QLFS,F,SM,00,25,41,201.92,385,232.07,230.97,6.076500,0.776570,500.00,cifi0007.DBF
QLFS,10QLFS,F,SM,00,25,42,210.21,391,240.39,239.27,6.076500,0.776570,500.00,cifi0007.DBF
QLFS,10QLFS,F,SM,00,25,43,218.56,396,248.71,247.59,6.076500,0.776570,500.00,cifi0007.DBF
QLFS,10QLFS,F,SM,00,25,44,226.94,402,257.04,255.92,6.076500,0.776570,500.00,cifi0007.DBF
QLFS,10QLFS,F,SM,00,25,45,235.36,407,265.35,264.23,6.076500,0.776570,500.00,cifi0007.DBF
QLFS,10QLFS,F,SM,00,25,46,243.76,412,273.62,272.52,6.076500,0.776570,500.00,cifi0007.DBF
QLFS,10QLFS,F,SM,00,25,47,252.13,417,281.80,280.75,6.076500,0.776570,500.00,cifi0007.DBF
QLFS,10QLFS,F,SM,00,25,48,260.44,421,289.89,288.89,6.076500,0.776570,500.00,cifi0007.DBF
QLFS,10QLFS,F,SM,00,25,49,268.67,426,297.88,296.92,6.076500,0.776570,500.00,cifi0007.DBF
QLFS,10QLFS,F,SM,00,25,50,276.85,430,305.77,304.86,6.076500,0.776570,500.00,cifi0007.DBF
QLFS,10QLFS,F,SM,00,25,51,284.97,434,313.58,312.71,6.076500,0.776570,500.00,cifi0007.DBF
QLFS,10QLFS,F,SM,00,25,52,293.05,437,321.31,320.48,6.076500,0.776570,500.00,cifi0007.DBF
QLFS,10QLFS,F,SM,00,25,53,301.07,441,328.94,328.16,6.076500,0.776570,500.00,cifi0007.DBF
QLFS,10QLFS,F,SM,00,25,54,309.03,444,336.49,335.75,6.076500,0.776570,500.00,cifi0007.DBF
QLFS,10QLFS,F,SM,00,25,55,316.93,448,343.94,343.25,6.076500,0.776570,500.00,cifi0007.DBF
QLFS,10QLFS,F,SM,00,25,56,324.63,451,351.18,350.60,6.076500,0.776570,500.00,cifi0007.DBF
QLFS,10QLFS,F,SM,00,25,57,331.96,454,358.05,357.65,6.076500,0.776570,500.00,cifi0007.DBF
QLFS,10QLFS,F,SM,00,25,58,338.93,456,364.56,364.34,6.076500,0.776570,500.00,cifi0007.DBF
QLFS,10QLFS,F,SM,00,25,59,345.60,459,370.77,370.71,6.076500,0.776570,500.00,cifi0007.DBF
QLFS,10QLFS,F,SM,00,25,60,351.96,461,376.69,376.77,6.076500,0.776570,500.00,cifi0007.DBF
QLFS,10QLFS,F,SM,00,25,61,358.19,463,382.45,382.61,6.076500,0.776570,500.00,cifi0007.DBF
QLFS,10QLFS,F,SM,00,25,62,364.17,465,387.97,388.25,6.076500,0.776570,500.00,cifi0007.DBF
QLFS,10QLFS,F,SM,00,25,63,369.68,467,393.05,393.55,6.076500,0.776570,500.00,cifi0007.DBF
QLFS,10QLFS,F,SM,00,25,64,374.74,468,397.72,398.42,6.076500,0.776570,500.00,cifi0007.DBF
QLFS,10QLFS,F,SM,00,25,65,379.52,470,402.11,402.95,6.076500,0.776570,500.00,cifi0007.DBF
QLFS,10QLFS,F,SM,00,25,66,384.62,472,406.79,407.49,6.076500,0.776570,500.00,cifi0007.DBF
QLFS,10QLFS,F,SM,00,25,67,390.34,473,411.99,412.43,6.076500,0.776570,500.00,cifi0007.DBF
QLFS,10QLFS,F,SM,00,25,68,396.22,475,417.32,417.69,6.076500,0.776570,500.00,cifi0007.DBF
QLFS,10QLFS,F,SM,00,25,69,401.97,477,422.50,422.95,6.076500,0.776570,500.00,cifi0007.DBF
QLFS,10QLFS,F,SM,00,25,70,407.11,478,427.13,427.85,6.076500,0.776570,500.00,cifi0007.DBF
QLFS,10QLFS,F,SM,00,25,71,411.28,479,430.89,432.05,6.076500,0.776570,500.00,cifi0007.DBF
QLFS,10QLFS,F,SM,00,25,72,414.51,480,433.80,435.38,6.076500,0.776570,500.00,cifi0007.DBF
QLFS,10QLFS,F,SM,00,25,73,417.57,481,436.56,438.22,6.076500,0.776570,500.00,cifi0007.DBF
QLFS,10QLFS,F,SM,00,25,74,421.33,482,439.93,441.28,6.076500,0.776570,500.00,cifi0007.DBF
QLFS,10QLFS,F,SM,00,25,75,425.25,483,443.44,444.72,6.076500,0.776570,500.00,cifi0007.DBF
QLFS,10QLFS,F,SM,00,25,76,429.07,484,446.85,448.18,6.076500,0.776570,500.00,cifi0007.DBF
QLFS,10QLFS,F,SM,00,25,77,432.80,485,450.17,451.55,6.076500,0.776570,500.00,cifi0007.DBF
QLFS,10QLFS,F,SM,00,25,78,436.45,486,453.40,454.82,6.076500,0.776570,500.00,cifi0007.DBF
QLFS,10QLFS,F,SM,00,25,79,440.05,487,456.59,458.04,6.076500,0.776570,500.00,cifi0007.DBF
QLFS,10QLFS,F,SM,00,25,80,443.52,488,459.66,461.17,6.076500,0.776570,500.00,cifi0007.DBF
QLFS,10QLFS,F,SM,00,25,81,446.68,489,462.45,464.09,6.076500,0.776570,500.00,cifi0007.DBF
QLFS,10QLFS,F,SM,00,25,82,449.58,489,465.00,466.77,6.076500,0.776570,500.00,cifi0007.DBF
QLFS,10QLFS,F,SM,00,25,83,452.23,490,467.34,469.21,6.076500,0.776570,500.00,cifi0007.DBF
QLFS,10QLFS,F,SM,00,25,84,454.67,491,469.48,471.45,6.076500,0.776570,500.00,cifi0007.DBF
QLFS,10QLFS,F,SM,00,25,85,456.88,491,471.41,473.49,6.076500,0.776570,500.00,cifi0007.DBF
QLFS,10QLFS,F,SM,00,25,86,458.84,491,473.13,475.31,6.076500,0.776570,500.00,cifi0007.DBF
QLFS,10QLFS,F,SM,00,25,87,460.61,492,474.69,476.95,6.076500,0.776570,500.00,cifi0007.DBF
QLFS,10QLFS,F,SM,00,25,88,462.34,492,476.20,478.48,6.076500,0.776570,500.00,cifi0007.DBF
QLFS,10QLFS,F,SM,00,25,89,464.17,493,477.79,480.03,6.076500,0.776570,500.00,cifi0007.DBF
QLFS,10QLFS,F,SM,00,25,90,465.79,493,479.21,481.54,6.076500,0.776570,500.00,cifi0007.DBF
QLFS,10QLFS,F,SM,00,25,91,467.34,493,480.56,482.92,6.076500,0.776570,500.00,cifi0007.DBF
QLFS,10QLFS,F,SM,00,25,92,468.83,494,481.85,484.24,6.076500,0.776570,500.00,cifi0007.DBF
QLFS,10QLFS,F,SM,00,25,93,470.26,494,483.05,485.49,6.076500,0.776570,500.00,cifi0007.DBF
QLFS,10QLFS,F,SM,00,25,94,472.93,495,484.91,487.02,6.076500,0.776570,500.00,cifi0007.DBF
QLFS,10QLFS,F,SM,00,25,95,500.00,500,500.00,495.49,6.076500,0.776570,500.00,cifi0007.DBF
QLFS,10QLFS,F,SM,00,26,1,0.00,0,0.00,0.41,0.825720,0.825720,1000.00,cifi0007.DBF
QLFS,10QLFS,F,SM,00,26,2,0.00,0,5.63,5.97,6.308780,0.825720,1000.00,cifi0007.DBF
QLFS,10QLFS,F,SM,00,26,3,0.00,0,11.40,11.67,6.308780,0.825720,1000.00,cifi0007.DBF
QLFS,10QLFS,F,SM,00,26,4,2.50,22,17.32,17.51,6.308780,0.825720,1000.00,cifi0007.DBF
QLFS,10QLFS,F,SM,00,26,5,7.57,64,23.39,23.51,6.308780,0.825720,1000.00,cifi0007.DBF
QLFS,10QLFS,F,SM,00,26,6,12.80,104,29.60,29.65,6.308780,0.825720,1000.00,cifi0007.DBF
QLFS,10QLFS,F,SM,00,26,7,18.19,142,35.96,35.94,6.308780,0.825720,1000.00,cifi0007.DBF
QLFS,10QLFS,F,SM,00,26,8,23.73,179,42.45,42.36,6.308780,0.825720,1000.00,cifi0007.DBF
QLFS,10QLFS,F,SM,00,26,9,29.41,214,49.05,48.91,6.308780,0.825720,1000.00,cifi0007.DBF
QLFS,10QLFS,F,SM,00,26,10,35.22,248,55.77,55.57,6.308780,0.825720,1000.00,cifi0007.DBF
QLFS,10QLFS,F,SM,00,26,11,41.18,280,62.61,62.35,6.308780,0.825720,1000.00,cifi0007.DBF
QLFS,10QLFS,F,SM,00,26,12,47.31,311,69.60,69.26,6.308780,0.825720,1000.00,cifi0007.DBF
QLFS,10QLFS,F,SM,00,26,13,53.62,341,76.74,76.32,6.308780,0.825720,1000.00,cifi0007.DBF
QLFS,10QLFS,F,SM,00,26,14,60.12,370,84.03,83.54,6.308780,0.825720,1000.00,cifi0007.DBF
QLFS,10QLFS,F,SM,00,26,15,66.81,397,91.47,90.91,6.308780,0.825720,1000.00,cifi0007.DBF
QLFS,10QLFS,F,SM,00,26,16,73.67,424,99.06,98.42,6.308780,0.825720,1000.00,cifi0007.DBF
QLFS,10QLFS,F,SM,00,26,17,80.68,449,106.75,106.06,6.308780,0.825720,1000.00,cifi0007.DBF
QLFS,10QLFS,F,SM,00,26,18,87.83,473,114.54,113.80,6.308780,0.825720,1000.00,cifi0007.DBF
QLFS,10QLFS,F,SM,00,26,19,95.10,497,122.40,121.63,6.308780,0.825720,1000.00,cifi0007.DBF
QLFS,10QLFS,F,SM,00,26,20,102.46,519,130.31,129.51,6.308780,0.825720,1000.00,cifi0007.DBF
QLFS,10QLFS,F,SM,00,26,21,109.87,540,138.22,137.42,6.308780,0.825720,1000.00,cifi0007.DBF
QLFS,10QLFS,F,SM,00,26,22,117.27,560,146.06,145.29,6.308780,0.825720,1000.00,cifi0007.DBF
QLFS,10QLFS,F,SM,00,26,23,124.59,579,153.78,153.08,6.308780,0.825720,1000.00,cifi0007.DBF
QLFS,10QLFS,F,SM,00,26,24,131.79,596,161.33,160.71,6.308780,0.825720,1000.00,cifi0007.DBF
QLFS,10QLFS,F,SM,00,26,25,138.84,613,168.67,168.15,6.308780,0.825720,1000.00,cifi0007.DBF
QLFS,10QLFS,F,SM,00,26,26,145.67,628,175.75,175.36,6.308780,0.825720,1000.00,cifi0007.DBF
QLFS,10QLFS,F,SM,00,26,27,152.26,643,182.53,182.29,6.308780,0.825720,1000.00,cifi0007.DBF
QLFS,10QLFS,F,SM,00,26,28,158.54,656,188.95,188.89,6.308780,0.825720,1000.00,cifi0007.DBF
QLFS,10QLFS,F,SM,00,26,29,164.46,669,194.97,195.11,6.308780,0.825720,1000.00,cifi0007.DBF
QLFS,10QLFS,F,SM,00,26,30,169.97,680,200.54,200.91,6.308780,0.825720,1000.00,cifi0007.DBF
QLFS,10QLFS,F,SM,00,26,31,175.01,691,205.60,206.22,6.308780,0.825720,1000.00,cifi0007.DBF
QLFS,10QLFS,F,SM,00,26,32,179.55,700,210.12,211.01,6.308780,0.825720,1000.00,cifi0007.DBF
QLFS,10QLFS,F,SM,00,26,33,183.55,710,214.06,215.24,6.308780,0.825720,1000.00,cifi0007.DBF
QLFS,10QLFS,F,SM,00,26,34,186.91,718,217.33,218.85,6.308780,0.825720,1000.00,cifi0007.DBF
QLFS,10QLFS,F,SM,00,26,35,189.58,725,219.89,221.77,6.308780,0.825720,1000.00,cifi0007.DBF
QLFS,10QLFS,F,SM,00,26,36,191.44,732,221.62,223.91,6.308780,0.825720,1000.00,cifi0007.DBF
QLFS,10QLFS,F,SM,00,26,37,192.38,737,222.43,225.18,6.308780,0.825720,1000.00,cifi0007.DBF
QLFS,10QLFS,F,SM,00,26,38,192.34,742,222.25,225.50,6.308780,0.825720,1000.00,cifi0007.DBF
QLFS,10QLFS,F,SM,00,26,39,191.15,373,220.94,224.75,6.308780,0.825720,1000.00,cifi0007.DBF
QLFS,10QLFS,F,SM,00,26,40,199.44,380,229.31,228.28,6.308780,0.825720,500.00,cifi0007.DBF
QLFS,10QLFS,F,SM,00,26,41,207.79,386,237.71,236.66,6.308780,0.825720,500.00,cifi0007.DBF
QLFS,10QLFS,F,SM,00,26,42,216.21,392,246.12,245.07,6.308780,0.825720,500.00,cifi0007.DBF
QLFS,10QLFS,F,SM,00,26,43,224.67,398,254.53,253.48,6.308780,0.825720,500.00,cifi0007.DBF
QLFS,10QLFS,F,SM,00,26,44,233.15,403,262.92,261.88,6.308780,0.825720,500.00,cifi0007.DBF
QLFS,10QLFS,F,SM,00,26,45,241.63,408,271.27,270.25,6.308780,0.825720,500.00,cifi0007.DBF
QLFS,10QLFS,F,SM,00,26,46,250.06,413,279.54,278.56,6.308780,0.825720,500.00,cifi0007.DBF
QLFS,10QLFS,F,SM,00,26,47,258.44,418,287.71,286.78,6.308780,0.825720,500.00,cifi0007.DBF
QLFS,10QLFS,F,SM,00,26,48,266.74,423,295.78,294.90,6.308780,0.825720,500.00,cifi0007.DBF
QLFS,10QLFS,F,SM,00,26,49,274.99,427,303.75,302.92,6.308780,0.825720,500.00,cifi0007.DBF
QLFS,10QLFS,F,SM,00,26,50,283.18,431,311.64,310.85,6.308780,0.825720,500.00,cifi0007.DBF
QLFS,10QLFS,F,SM,00,26,51,291.32,435,319.44,318.69,6.308780,0.825720,500.00,cifi0007.DBF
QLFS,10QLFS,F,SM,00,26,52,299.41,439,327.15,326.45,6.308780,0.825720,500.00,cifi0007.DBF
QLFS,10QLFS,F,SM,00,26,53,307.43,442,334.77,334.11,6.308780,0.825720,500.00,cifi0007.DBF
QLFS,10QLFS,F,SM,00,26,54,315.40,446,342.30,341.69,6.308780,0.825720,500.00,cifi0007.DBF
QLFS,10QLFS,F,SM,00,26,55,323.17,449,349.61,349.11,6.308780,0.825720,500.00,cifi0007.DBF
QLFS,10QLFS,F,SM,00,26,56,330.56,452,356.54,356.23,6.308780,0.825720,500.00,cifi0007.DBF
QLFS,10QLFS,F,SM,00,26,57,337.59,454,363.13,362.99,6.308780,0.825720,500.00,cifi0007.DBF
QLFS,10QLFS,F,SM,00,26,58,344.31,457,369.40,369.42,6.308780,0.825720,500.00,cifi0007.DBF
QLFS,10QLFS,F,SM,00,26,59,350.73,459,375.37,375.54,6.308780,0.825720,500.00,cifi0007.DBF
QLFS,10QLFS,F,SM,00,26,60,357.00,462,381.19,381.43,6.308780,0.825720,500.00,cifi0007.DBF
QLFS,10QLFS,F,SM,00,26,61,363.04,464,386.77,387.13,6.308780,0.825720,500.00,cifi0007.DBF
QLFS,10QLFS,F,SM,00,26,62,368.59,465,391.90,392.49,6.308780,0.825720,500.00,cifi0007.DBF
QLFS,10QLFS,F,SM,00,26,63,373.70,467,396.61,397.41,6.308780,0.825720,500.00,cifi0007.DBF
QLFS,10QLFS,F,SM,00,26,64,378.51,469,401.05,401.99,6.308780,0.825720,500.00,cifi0007.DBF
QLFS,10QLFS,F,SM,00,26,65,383.66,470,405.78,406.57,6.308780,0.825720,500.00,cifi0007.DBF
QLFS,10QLFS,F,SM,00,26,66,389.42,472,411.03,411.56,6.308780,0.825720,500.00,cifi0007.DBF
QLFS,10QLFS,F,SM,00,26,67,395.35,474,416.41,416.87,6.308780,0.825720,500.00,cifi0007.DBF
QLFS,10QLFS,F,SM,00,26,68,401.15,476,421.64,422.18,6.308780,0.825720,500.00,cifi0007.DBF
QLFS,10QLFS,F,SM,00,26,69,406.33,477,426.31,427.13,6.308780,0.825720,500.00,cifi0007.DBF
QLFS,10QLFS,F,SM,00,26,70,410.54,479,430.11,431.37,6.308780,0.825720,500.00,cifi0007.DBF
QLFS,10QLFS,F,SM,00,26,71,413.80,479,433.05,434.74,6.308780,0.825720,500.00,cifi0007.DBF
QLFS,10QLFS,F,SM,00,26,72,416.88,480,435.84,437.60,6.308780,0.825720,500.00,cifi0007.DBF
QLFS,10QLFS,F,SM,00,26,73,420.67,481,439.24,440.70,6.308780,0.825720,500.00,cifi0007.DBF
QLFS,10QLFS,F,SM,00,26,74,424.62,482,442.79,444.17,6.308780,0.825720,500.00,cifi0007.DBF
QLFS,10QLFS,F,SM,00,26,75,428.48,483,446.23,447.66,6.308780,0.825720,500.00,cifi0007.DBF
QLFS,10QLFS,F,SM,00,26,76,432.24,484,449.58,451.06,6.308780,0.825720,500.00,cifi0007.DBF
QLFS,10QLFS,F,SM,00,26,77,435.92,485,452.85,454.37,6.308780,0.825720,500.00,cifi0007.DBF
QLFS,10QLFS,F,SM,00,26,78,439.55,486,456.07,457.62,6.308780,0.825720,500.00,cifi0007.DBF
QLFS,10QLFS,F,SM,00,26,79,443.04,487,459.17,460.78,6.308780,0.825720,500.00,cifi0007.DBF
QLFS,10QLFS,F,SM,00,26,80,446.24,488,461.99,463.74,6.308780,0.825720,500.00,cifi0007.DBF
QLFS,10QLFS,F,SM,00,26,81,449.16,489,464.57,466.43,6.308780,0.825720,500.00,cifi0007.DBF
QLFS,10QLFS,F,SM,00,26,82,451.83,489,466.93,468.90,6.308780,0.825720,500.00,cifi0007.DBF
QLFS,10QLFS,F,SM,00,26,83,454.30,490,469.09,471.16,6.308780,0.825720,500.00,cifi0007.DBF
QLFS,10QLFS,F,SM,00,26,84,456.52,491,471.04,473.22,6.308780,0.825720,500.00,cifi0007.DBF
QLFS,10QLFS,F,SM,00,26,85,458.49,491,472.78,475.06,6.308780,0.825720,500.00,cifi0007.DBF
QLFS,10QLFS,F,SM,00,26,86,460.28,492,474.35,476.72,6.308780,0.825720,500.00,cifi0007.DBF
QLFS,10QLFS,F,SM,00,26,87,462.03,492,475.87,478.26,6.308780,0.825720,500.00,cifi0007.DBF
QLFS,10QLFS,F,SM,00,26,88,463.87,492,477.49,479.83,6.308780,0.825720,500.00,cifi0007.DBF
QLFS,10QLFS,F,SM,00,26,89,465.51,493,478.92,481.36,6.308780,0.825720,500.00,cifi0007.DBF
QLFS,10QLFS,F,SM,00,26,90,467.07,493,480.28,482.75,6.308780,0.825720,500.00,cifi0007.DBF
QLFS,10QLFS,F,SM,00,26,91,468.57,494,481.58,484.09,6.308780,0.825720,500.00,cifi0007.DBF
QLFS,10QLFS,F,SM,00,26,92,470.01,494,482.79,485.34,6.308780,0.825720,500.00,cifi0007.DBF
QLFS,10QLFS,F,SM,00,26,93,472.71,494,484.68,486.89,6.308780,0.825720,500.00,cifi0007.DBF
QLFS,10QLFS,F,SM,00,26,94,500.00,500,500.00,495.49,6.308780,0.825720,500.00,cifi0007.DBF
QLFS,10QLFS,F,SM,00,27,1,0.00,0,0.00,0.44,0.874870,0.874870,1000.00,cifi0007.DBF
QLFS,10QLFS,F,SM,00,27,2,0.00,0,5.82,6.19,6.551200,0.874870,1000.00,cifi0007.DBF
QLFS,10QLFS,F,SM,00,27,3,0.00,0,11.79,12.08,6.551200,0.874870,1000.00,cifi0007.DBF
QLFS,10QLFS,F,SM,00,27,4,2.99,26,17.91,18.13,6.551200,0.874870,1000.00,cifi0007.DBF
QLFS,10QLFS,F,SM,00,27,5,8.25,67,24.18,24.32,6.551200,0.874870,1000.00,cifi0007.DBF
QLFS,10QLFS,F,SM,00,27,6,13.68,107,30.59,30.66,6.551200,0.874870,1000.00,cifi0007.DBF
QLFS,10QLFS,F,SM,00,27,7,19.26,146,37.14,37.14,6.551200,0.874870,1000.00,cifi0007.DBF
QLFS,10QLFS,F,SM,00,27,8,24.97,182,43.80,43.74,6.551200,0.874870,1000.00,cifi0007.DBF
QLFS,10QLFS,F,SM,00,27,9,30.82,217,50.57,50.46,6.551200,0.874870,1000.00,cifi0007.DBF
QLFS,10QLFS,F,SM,00,27,10,36.82,251,57.47,57.30,6.551200,0.874870,1000.00,cifi0007.DBF
QLFS,10QLFS,F,SM,00,27,11,43.00,283,64.52,64.27,6.551200,0.874870,1000.00,cifi0007.DBF
QLFS,10QLFS,F,SM,00,27,12,49.36,314,71.72,71.40,6.551200,0.874870,1000.00,cifi0007.DBF
QLFS,10QLFS,F,SM,00,27,13,55.90,344,79.08,78.68,6.551200,0.874870,1000.00,cifi0007.DBF
QLFS,10QLFS,F,SM,00,27,14,62.64,372,86.59,86.11,6.551200,0.874870,1000.00,cifi0007.DBF
QLFS,10QLFS,F,SM,00,27,15,69.55,400,94.24,93.69,6.551200,0.874870,1000.00,cifi0007.DBF
QLFS,10QLFS,F,SM,00,27,16,76.61,427,102.01,101.40,6.551200,0.874870,1000.00,cifi0007.DBF
QLFS,10QLFS,F,SM,00,27,17,83.81,452,109.87,109.21,6.551200,0.874870,1000.00,cifi0007.DBF
QLFS,10QLFS,F,SM,00,27,18,91.14,476,117.81,117.11,6.551200,0.874870,1000.00,cifi0007.DBF
QLFS,10QLFS,F,SM,00,27,19,98.55,499,125.78,125.07,6.551200,0.874870,1000.00,cifi0007.DBF
QLFS,10QLFS,F,SM,00,27,20,106.02,521,133.77,133.05,6.551200,0.874870,1000.00,cifi0007.DBF
QLFS,10QLFS,F,SM,00,27,21,113.48,542,141.69,141.01,6.551200,0.874870,1000.00,cifi0007.DBF
QLFS,10QLFS,F,SM,00,27,22,120.86,561,149.49,148.87,6.551200,0.874870,1000.00,cifi0007.DBF
QLFS,10QLFS,F,SM,00,27,23,128.12,580,157.12,156.58,6.551200,0.874870,1000.00,cifi0007.DBF
QLFS,10QLFS,F,SM,00,27,24,135.23,597,164.54,164.10,6.551200,0.874870,1000.00,cifi0007.DBF
QLFS,10QLFS,F,SM,00,27,25,142.13,613,171.70,171.39,6.551200,0.874870,1000.00,cifi0007.DBF
QLFS,10QLFS,F,SM,00,27,26,148.78,628,178.56,178.40,6.551200,0.874870,1000.00,cifi0007.DBF
QLFS,10QLFS,F,SM,00,27,27,155.12,642,185.06,185.08,6.551200,0.874870,1000.00,cifi0007.DBF
QLFS,10QLFS,F,SM,00,27,28,161.10,655,191.16,191.39,6.551200,0.874870,1000.00,cifi0007.DBF
QLFS,10QLFS,F,SM,00,27,29,166.68,667,196.81,197.26,6.551200,0.874870,1000.00,cifi0007.DBF
QLFS,10QLFS,F,SM,00,27,30,171.79,678,201.95,202.66,6.551200,0.874870,1000.00,cifi0007.DBF
QLFS,10QLFS,F,SM,00,27,31,176.40,688,206.56,207.53,6.551200,0.874870,1000.00,cifi0007.DBF
QLFS,10QLFS,F,SM,00,27,32,180.46,698,210.58,211.85,6.551200,0.874870,1000.00,cifi0007.DBF
QLFS,10QLFS,F,SM,00,27,33,183.89,706,213.94,215.54,6.551200,0.874870,1000.00,cifi0007.DBF
QLFS,10QLFS,F,SM,00,27,34,186.62,714,216.58,218.54,6.551200,0.874870,1000.00,cifi0007.DBF
QLFS,10QLFS,F,SM,00,27,35,188.55,721,218.40,220.77,6.551200,0.874870,1000.00,cifi0007.DBF
QLFS,10QLFS,F,SM,00,27,36,189.57,727,219.29,222.12,6.551200,0.874870,1000.00,cifi0007.DBF
QLFS,10QLFS,F,SM,00,27,37,189.59,732,219.20,222.52,6.551200,0.874870,1000.00,cifi0007.DBF
QLFS,10QLFS,F,SM,00,27,38,188.48,368,217.98,221.86,6.551200,0.874870,1000.00,cifi0007.DBF
QLFS,10QLFS,F,SM,00,27,39,196.83,375,226.43,225.48,6.551200,0.874870,500.00,cifi0007.DBF
QLFS,10QLFS,F,SM,00,27,40,205.26,381,234.91,233.95,6.551200,0.874870,500.00,cifi0007.DBF
QLFS,10QLFS,F,SM,00,27,41,213.75,388,243.41,242.44,6.551200,0.874870,500.00,cifi0007.DBF
QLFS,10QLFS,F,SM,00,27,42,222.28,393,251.91,250.94,6.551200,0.874870,500.00,cifi0007.DBF
QLFS,10QLFS,F,SM,00,27,43,230.84,399,260.39,259.43,6.551200,0.874870,500.00,cifi0007.DBF
QLFS,10QLFS,F,SM,00,27,44,239.39,405,268.82,267.88,6.551200,0.874870,500.00,cifi0007.DBF
QLFS,10QLFS,F,SM,00,27,45,247.90,410,277.17,276.27,6.551200,0.874870,500.00,cifi0007.DBF
QLFS,10QLFS,F,SM,00,27,46,256.35,415,285.43,284.58,6.551200,0.874870,500.00,cifi0007.DBF
QLFS,10QLFS,F,SM,00,27,47,264.72,419,293.58,292.78,6.551200,0.874870,500.00,cifi0007.DBF
QLFS,10QLFS,F,SM,00,27,48,273.04,424,301.63,300.88,6.551200,0.874870,500.00,cifi0007.DBF
QLFS,10QLFS,F,SM,00,27,49,281.30,428,309.60,308.89,6.551200,0.874870,500.00,cifi0007.DBF
QLFS,10QLFS,F,SM,00,27,50,289.51,432,317.49,316.82,6.551200,0.874870,500.00,cifi0007.DBF
QLFS,10QLFS,F,SM,00,27,51,297.67,436,325.28,324.66,6.551200,0.874870,500.00,cifi0007.DBF
QLFS,10QLFS,F,SM,00,27,52,305.76,440,332.98,332.40,6.551200,0.874870,500.00,cifi0007.DBF
QLFS,10QLFS,F,SM,00,27,53,313.80,443,340.59,340.06,6.551200,0.874870,500.00,cifi0007.DBF
QLFS,10QLFS,F,SM,00,27,54,321.64,447,347.97,347.55,6.551200,0.874870,500.00,cifi0007.DBF
QLFS,10QLFS,F,SM,00,27,55,329.09,450,354.97,354.75,6.551200,0.874870,500.00,cifi0007.DBF
QLFS,10QLFS,F,SM,00,27,56,336.18,452,361.63,361.57,6.551200,0.874870,500.00,cifi0007.DBF
QLFS,10QLFS,F,SM,00,27,57,342.96,455,367.96,368.07,6.551200,0.874870,500.00,cifi0007.DBF
QLFS,10QLFS,F,SM,00,27,58,349.44,458,373.99,374.25,6.551200,0.874870,500.00,cifi0007.DBF
QLFS,10QLFS,F,SM,00,27,59,355.77,460,379.87,380.21,6.551200,0.874870,500.00,cifi0007.DBF
QLFS,10QLFS,F,SM,00,27,60,361.85,462,385.51,385.97,6.551200,0.874870,500.00,cifi0007.DBF
QLFS,10QLFS,F,SM,00,27,61,367.45,464,390.69,391.38,6.551200,0.874870,500.00,cifi0007.DBF
QLFS,10QLFS,F,SM,00,27,62,372.60,466,395.45,396.35,6.551200,0.874870,500.00,cifi0007.DBF
QLFS,10QLFS,F,SM,00,27,63,377.46,467,399.94,400.97,6.551200,0.874870,500.00,cifi0007.DBF
QLFS,10QLFS,F,SM,00,27,64,382.65,469,404.71,405.60,6.551200,0.874870,500.00,cifi0007.DBF
QLFS,10QLFS,F,SM,00,27,65,388.47,471,410.02,410.64,6.551200,0.874870,500.00,cifi0007.DBF
QLFS,10QLFS,F,SM,00,27,66,394.45,473,415.46,416.01,6.551200,0.874870,500.00,cifi0007.DBF
QLFS,10QLFS,F,SM,00,27,67,400.29,475,420.75,421.38,6.551200,0.874870,500.00,cifi0007.DBF
QLFS,10QLFS,F,SM,00,27,68,405.52,476,425.46,426.38,6.551200,0.874870,500.00,cifi0007.DBF
QLFS,10QLFS,F,SM,00,27,69,409.77,478,429.30,430.66,6.551200,0.874870,500.00,cifi0007.DBF
QLFS,10QLFS,F,SM,00,27,70,413.05,479,432.27,434.06,6.551200,0.874870,500.00,cifi0007.DBF
QLFS,10QLFS,F,SM,00,27,71,416.16,479,435.09,436.95,6.551200,0.874870,500.00,cifi0007.DBF
QLFS,10QLFS,F,SM,00,27,72,419.98,481,438.53,440.08,6.551200,0.874870,500.00,cifi0007.DBF
QLFS,10QLFS,F,SM,00,27,73,423.97,482,442.11,443.59,6.551200,0.874870,500.00,cifi0007.DBF
QLFS,10QLFS,F,SM,00,27,74,427.86,483,445.59,447.12,6.551200,0.874870,500.00,cifi0007.DBF
QLFS,10QLFS,F,SM,00,27,75,431.65,484,448.97,450.56,6.551200,0.874870,500.00,cifi0007.DBF
QLFS,10QLFS,F,SM,00,27,76,435.36,485,452.28,453.90,6.551200,0.874870,500.00,cifi0007.DBF
QLFS,10QLFS,F,SM,00,27,77,439.02,486,455.53,457.18,6.551200,0.874870,500.00,cifi0007.DBF
QLFS,10QLFS,F,SM,00,27,78,442.55,487,458.66,460.37,6.551200,0.874870,500.00,cifi0007.DBF
QLFS,10QLFS,F,SM,00,27,79,445.77,488,461.51,463.36,6.551200,0.874870,500.00,cifi0007.DBF
QLFS,10QLFS,F,SM,00,27,80,448.72,488,464.11,466.09,6.551200,0.874870,500.00,cifi0007.DBF
QLFS,10QLFS,F,SM,00,27,81,451.42,489,466.49,468.58,6.551200,0.874870,500.00,cifi0007.DBF
QLFS,10QLFS,F,SM,00,27,82,453.90,490,468.68,470.86,6.551200,0.874870,500.00,cifi0007.DBF
QLFS,10QLFS,F,SM,00,27,83,456.14,490,470.65,472.94,6.551200,0.874870,500.00,cifi0007.DBF
QLFS,10QLFS,F,SM,00,27,84,458.13,491,472.41,474.81,6.551200,0.874870,500.00,cifi0007.DBF
QLFS,10QLFS,F,SM,00,27,85,459.94,491,473.99,476.47,6.551200,0.874870,500.00,cifi0007.DBF
QLFS,10QLFS,F,SM,00,27,86,461.70,492,475.53,478.04,6.551200,0.874870,500.00,cifi0007.DBF
QLFS,10QLFS,F,SM,00,27,87,463.56,492,477.16,479.63,6.551200,0.874870,500.00,cifi0007.DBF
QLFS,10QLFS,F,SM,00,27,88,465.21,492,478.61,481.16,6.551200,0.874870,500.00,cifi0007.DBF
QLFS,10QLFS,F,SM,00,27,89,466.78,493,479.98,482.57,6.551200,0.874870,500.00,cifi0007.DBF
QLFS,10QLFS,F,SM,00,27,90,468.30,493,481.31,483.92,6.551200,0.874870,500.00,cifi0007.DBF
QLFS,10QLFS,F,SM,00,27,91,469.75,494,482.52,485.19,6.551200,0.874870,500.00,cifi0007.DBF
QLFS,10QLFS,F,SM,00,27,92,472.47,494,484.43,486.75,6.551200,0.874870,500.00,cifi0007.DBF
QLFS,10QLFS,F,SM,00,27,93,500.00,500,500.00,495.49,6.551200,0.874870,500.00,cifi0007.DBF
QLFS,10QLFS,F,SM,00,28,1,0.00,0,0.00,0.47,0.933850,0.933850,1000.00,cifi0007.DBF
QLFS,10QLFS,F,SM,00,28,2,0.00,0,6.02,6.41,6.803990,0.933850,1000.00,cifi0007.DBF
QLFS,10QLFS,F,SM,00,28,3,0.00,0,12.20,12.51,6.803990,0.933850,1000.00,cifi0007.DBF
QLFS,10QLFS,F,SM,00,28,4,3.48,29,18.52,18.76,6.803990,0.933850,1000.00,cifi0007.DBF
QLFS,10QLFS,F,SM,00,28,5,8.95,70,24.99,25.16,6.803990,0.933850,1000.00,cifi0007.DBF
QLFS,10QLFS,F,SM,00,28,6,14.57,110,31.59,31.69,6.803990,0.933850,1000.00,cifi0007.DBF
QLFS,10QLFS,F,SM,00,28,7,20.32,148,38.31,38.35,6.803990,0.933850,1000.00,cifi0007.DBF
QLFS,10QLFS,F,SM,00,28,8,26.21,185,45.15,45.13,6.803990,0.933850,1000.00,cifi0007.DBF
QLFS,10QLFS,F,SM,00,28,9,32.26,220,52.11,52.03,6.803990,0.933850,1000.00,cifi0007.DBF
QLFS,10QLFS,F,SM,00,28,10,38.48,253,59.22,59.07,6.803990,0.933850,1000.00,cifi0007.DBF
QLFS,10QLFS,F,SM,00,28,11,44.88,285,66.49,66.26,6.803990,0.933850,1000.00,cifi0007.DBF
QLFS,10QLFS,F,SM,00,28,12,51.48,316,73.92,73.61,6.803990,0.933850,1000.00,cifi0007.DBF
QLFS,10QLFS,F,SM,00,28,13,58.26,346,81.50,81.11,6.803990,0.933850,1000.00,cifi0007.DBF
QLFS,10QLFS,F,SM,00,28,14,65.22,375,89.22,88.76,6.803990,0.933850,1000.00,cifi0007.DBF
QLFS,10QLFS,F,SM,00,28,15,72.34,403,97.06,96.54,6.803990,0.933850,1000.00,cifi0007.DBF
QLFS,10QLFS,F,SM,00,28,16,79.60,429,105.00,104.43,6.803990,0.933850,1000.00,cifi0007.DBF
QLFS,10QLFS,F,SM,00,28,17,86.98,454,113.01,112.41,6.803990,0.933850,1000.00,cifi0007.DBF
QLFS,10QLFS,F,SM,00,28,18,94.46,478,121.07,120.44,6.803990,0.933850,1000.00,cifi0007.DBF
QLFS,10QLFS,F,SM,00,28,19,101.98,501,129.13,128.50,6.803990,0.933850,1000.00,cifi0007.DBF
QLFS,10QLFS,F,SM,00,28,20,109.50,523,137.14,136.54,6.803990,0.933850,1000.00,cifi0007.DBF
QLFS,10QLFS,F,SM,00,28,21,116.95,543,145.02,144.48,6.803990,0.933850,1000.00,cifi0007.DBF
QLFS,10QLFS,F,SM,00,28,22,124.28,562,152.73,152.27,6.803990,0.933850,1000.00,cifi0007.DBF
QLFS,10QLFS,F,SM,00,28,23,131.45,580,160.23,159.88,6.803990,0.933850,1000.00,cifi0007.DBF
QLFS,10QLFS,F,SM,00,28,24,138.41,597,167.47,167.25,6.803990,0.933850,1000.00,cifi0007.DBF
QLFS,10QLFS,F,SM,00,28,25,145.12,613,174.42,174.35,6.803990,0.933850,1000.00,cifi0007.DBF
QLFS,10QLFS,F,SM,00,28,26,151.53,627,181.01,181.11,6.803990,0.933850,1000.00,cifi0007.DBF
QLFS,10QLFS,F,SM,00,28,27,157.58,641,187.19,187.50,6.803990,0.933850,1000.00,cifi0007.DBF
QLFS,10QLFS,F,SM,00,28,28,163.23,653,192.93,193.46,6.803990,0.933850,1000.00,cifi0007.DBF
QLFS,10QLFS,F,SM,00,28,29,168.40,665,198.16,198.95,6.803990,0.933850,1000.00,cifi0007.DBF
QLFS,10QLFS,F,SM,00,28,30,173.08,675,202.85,203.90,6.803990,0.933850,1000.00,cifi0007.DBF
QLFS,10QLFS,F,SM,00,28,31,177.22,685,206.96,208.30,6.803990,0.933850,1000.00,cifi0007.DBF
QLFS,10QLFS,F,SM,00,28,32,180.72,694,210.40,212.08,6.803990,0.933850,1000.00,cifi0007.DBF
QLFS,10QLFS,F,SM,00,28,33,183.52,702,213.13,215.17,6.803990,0.933850,1000.00,cifi0007.DBF
QLFS,10QLFS,F,SM,00,28,34,185.52,709,215.04,217.49,6.803990,0.933850,1000.00,cifi0007.DBF
QLFS,10QLFS,F,SM,00,28,35,186.61,715,216.02,218.93,6.803990,0.933850,1000.00,cifi0007.DBF
QLFS,10QLFS,F,SM,00,28,36,186.71,721,216.02,219.42,6.803990,0.933850,1000.00,cifi0007.DBF
QLFS,10QLFS,F,SM,00,28,37,185.67,363,214.88,218.85,6.803990,0.933850,1000.00,cifi0007.DBF
QLFS,10QLFS,F,SM,00,28,38,194.10,370,223.42,222.56,6.803990,0.933850,500.00,cifi0007.DBF
QLFS,10QLFS,F,SM,00,28,39,202.61,376,232.00,231.11,6.803990,0.933850,500.00,cifi0007.DBF
QLFS,10QLFS,F,SM,00,28,40,211.17,383,240.59,239.70,6.803990,0.933850,500.00,cifi0007.DBF
QLFS,10QLFS,F,SM,00,28,41,219.78,389,249.18,248.28,6.803990,0.933850,500.00,cifi0007.DBF
QLFS,10QLFS,F,SM,00,28,42,228.41,395,257.75,256.86,6.803990,0.933850,500.00,cifi0007.DBF
QLFS,10QLFS,F,SM,00,28,43,237.04,401,266.27,265.41,6.803990,0.933850,500.00,cifi0007.DBF
QLFS,10QLFS,F,SM,00,28,44,245.63,406,274.71,273.89,6.803990,0.933850,500.00,cifi0007.DBF
QLFS,10QLFS,F,SM,00,28,45,254.15,411,283.06,282.28,6.803990,0.933850,500.00,cifi0007.DBF
QLFS,10QLFS,F,SM,00,28,46,262.60,416,291.29,290.58,6.803990,0.933850,500.00,cifi0007.DBF
QLFS,10QLFS,F,SM,00,28,47,270.99,421,299.43,298.76,6.803990,0.933850,500.00,cifi0007.DBF
QLFS,10QLFS,F,SM,00,28,48,279.33,425,307.48,306.86,6.803990,0.933850,500.00,cifi0007.DBF
QLFS,10QLFS,F,SM,00,28,49,287.62,429,315.45,314.87,6.803990,0.933850,500.00,cifi0007.DBF
QLFS,10QLFS,F,SM,00,28,50,295.85,433,323.32,322.79,6.803990,0.933850,500.00,cifi0007.DBF
QLFS,10QLFS,F,SM,00,28,51,304.01,437,331.11,330.62,6.803990,0.933850,500.00,cifi0007.DBF
QLFS,10QLFS,F,SM,00,28,52,312.13,441,338.80,338.35,6.803990,0.933850,500.00,cifi0007.DBF
QLFS,10QLFS,F,SM,00,28,53,320.03,444,346.26,345.93,6.803990,0.933850,500.00,cifi0007.DBF
QLFS,10QLFS,F,SM,00,28,54,327.55,448,353.34,353.20,6.803990,0.933850,500.00,cifi0007.DBF
QLFS,10QLFS,F,SM,00,28,55,334.71,451,360.06,360.10,6.803990,0.933850,500.00,cifi0007.DBF
QLFS,10QLFS,F,SM,00,28,56,341.55,453,366.46,366.66,6.803990,0.933850,500.00,cifi0007.DBF
QLFS,10QLFS,F,SM,00,28,57,348.08,456,372.56,372.91,6.803990,0.933850,500.00,cifi0007.DBF
QLFS,10QLFS,F,SM,00,28,58,354.47,458,378.50,378.93,6.803990,0.933850,500.00,cifi0007.DBF
QLFS,10QLFS,F,SM,00,28,59,360.61,461,384.20,384.75,6.803990,0.933850,500.00,cifi0007.DBF
QLFS,10QLFS,F,SM,00,28,60,366.26,463,389.44,390.22,6.803990,0.933850,500.00,cifi0007.DBF
QLFS,10QLFS,F,SM,00,28,61,371.46,464,394.25,395.25,6.803990,0.933850,500.00,cifi0007.DBF
QLFS,10QLFS,F,SM,00,28,62,376.36,466,398.78,399.92,6.803990,0.933850,500.00,cifi0007.DBF
QLFS,10QLFS,F,SM,00,28,63,381.60,468,403.61,404.60,6.803990,0.933850,500.00,cifi0007.DBF
QLFS,10QLFS,F,SM,00,28,64,387.46,470,408.97,409.69,6.803990,0.933850,500.00,cifi0007.DBF
QLFS,10QLFS,F,SM,00,28,65,393.50,472,414.46,415.12,6.803990,0.933850,500.00,cifi0007.DBF
QLFS,10QLFS,F,SM,00,28,66,399.40,474,419.81,420.54,6.803990,0.933850,500.00,cifi0007.DBF
QLFS,10QLFS,F,SM,00,28,67,404.67,475,424.58,425.60,6.803990,0.933850,500.00,cifi0007.DBF
QLFS,10QLFS,F,SM,00,28,68,408.96,477,428.46,429.92,6.803990,0.933850,500.00,cifi0007.DBF
QLFS,10QLFS,F,SM,00,28,69,412.27,478,431.46,433.36,6.803990,0.933850,500.00,cifi0007.DBF
QLFS,10QLFS,F,SM,00,28,70,415.40,479,434.30,436.28,6.803990,0.933850,500.00,cifi0007.DBF
QLFS,10QLFS,F,SM,00,28,71,419.26,480,437.78,439.44,6.803990,0.933850,500.00,cifi0007.DBF
QLFS,10QLFS,F,SM,00,28,72,423.29,481,441.40,442.99,6.803990,0.933850,500.00,cifi0007.DBF
QLFS,10QLFS,F,SM,00,28,73,427.21,482,444.91,446.56,6.803990,0.933850,500.00,cifi0007.DBF
QLFS,10QLFS,F,SM,00,28,74,431.04,483,448.34,450.03,6.803990,0.933850,500.00,cifi0007.DBF
QLFS,10QLFS,F,SM,00,28,75,434.78,484,451.68,453.41,6.803990,0.933850,500.00,cifi0007.DBF
QLFS,10QLFS,F,SM,00,28,76,438.47,485,454.97,456.72,6.803990,0.933850,500.00,cifi0007.DBF
QLFS,10QLFS,F,SM,00,28,77,442.03,486,458.13,459.95,6.803990,0.933850,500.00,cifi0007.DBF
QLFS,10QLFS,F,SM,00,28,78,445.28,487,461.01,462.97,6.803990,0.933850,500.00,cifi0007.DBF
QLFS,10QLFS,F,SM,00,28,79,448.26,488,463.64,465.73,6.803990,0.933850,500.00,cifi0007.DBF
QLFS,10QLFS,F,SM,00,28,80,450.98,489,466.05,468.24,6.803990,0.933850,500.00,cifi0007.DBF
QLFS,10QLFS,F,SM,00,28,81,453.48,489,468.26,470.55,6.803990,0.933850,500.00,cifi0007.DBF
QLFS,10QLFS,F,SM,00,28,82,455.75,490,470.25,472.66,6.803990,0.933850,500.00,cifi0007.DBF
QLFS,10QLFS,F,SM,00,28,83,457.76,490,472.02,474.54,6.803990,0.933850,500.00,cifi0007.DBF
QLFS,10QLFS,F,SM,00,28,84,459.58,491,473.62,476.22,6.803990,0.933850,500.00,cifi0007.DBF
QLFS,10QLFS,F,SM,00,28,85,461.35,491,475.18,477.80,6.803990,0.933850,500.00,cifi0007.DBF
QLFS,10QLFS,F,SM,00,28,86,463.23,492,476.83,479.41,6.803990,0.933850,500.00,cifi0007.DBF
QLFS,10QLFS,F,SM,00,28,87,464.90,492,478.29,480.96,6.803990,0.933850,500.00,cifi0007.DBF
QLFS,10QLFS,F,SM,00,28,88,466.48,493,479.68,482.39,6.803990,0.933850,500.00,cifi0007.DBF
QLFS,10QLFS,F,SM,00,28,89,468.02,493,481.01,483.75,6.803990,0.933850,500.00,cifi0007.DBF
QLFS,10QLFS,F,SM,00,28,90,469.48,493,482.25,485.03,6.803990,0.933850,500.00,cifi0007.DBF
QLFS,10QLFS,F,SM,00,28,91,472.22,494,484.18,486.62,6.803990,0.933850,500.00,cifi0007.DBF
QLFS,10QLFS,F,SM,00,28,92,500.00,500,500.00,495.49,6.803990,0.933850,500.00,cifi0007.DBF
QLFS,10QLFS,F,SM,00,29,1,0.00,0,0.00,0.50,0.992820,0.992820,1000.00,cifi0007.DBF
QLFS,10QLFS,F,SM,00,29,2,0.00,0,6.23,6.65,7.067880,0.992820,1000.00,cifi0007.DBF
QLFS,10QLFS,F,SM,00,29,3,0.00,0,12.61,12.96,7.067880,0.992820,1000.00,cifi0007.DBF
QLFS,10QLFS,F,SM,00,29,4,3.99,32,19.14,19.41,7.067880,0.992820,1000.00,cifi0007.DBF
QLFS,10QLFS,F,SM,00,29,5,9.65,73,25.81,26.01,7.067880,0.992820,1000.00,cifi0007.DBF
QLFS,10QLFS,F,SM,00,29,6,15.45,113,32.59,32.73,7.067880,0.992820,1000.00,cifi0007.DBF
QLFS,10QLFS,F,SM,00,29,7,21.38,151,39.49,39.57,7.067880,0.992820,1000.00,cifi0007.DBF
QLFS,10QLFS,F,SM,00,29,8,27.47,187,46.52,46.54,7.067880,0.992820,1000.00,cifi0007.DBF
QLFS,10QLFS,F,SM,00,29,9,33.74,222,53.70,53.64,7.067880,0.992820,1000.00,cifi0007.DBF
QLFS,10QLFS,F,SM,00,29,10,40.20,256,61.03,60.90,7.067880,0.992820,1000.00,cifi0007.DBF
QLFS,10QLFS,F,SM,00,29,11,46.84,288,68.53,68.32,7.067880,0.992820,1000.00,cifi0007.DBF
QLFS,10QLFS,F,SM,00,29,12,53.68,319,76.18,75.89,7.067880,0.992820,1000.00,cifi0007.DBF
QLFS,10QLFS,F,SM,00,29,13,60.70,349,83.98,83.62,7.067880,0.992820,1000.00,cifi0007.DBF
QLFS,10QLFS,F,SM,00,29,14,67.87,378,91.89,91.47,7.067880,0.992820,1000.00,cifi0007.DBF
QLFS,10QLFS,F,SM,00,29,15,75.19,405,99.91,99.44,7.067880,0.992820,1000.00,cifi0007.DBF
QLFS,10QLFS,F,SM,00,29,16,82.63,432,108.00,107.49,7.067880,0.992820,1000.00,cifi0007.DBF
QLFS,10QLFS,F,SM,00,29,17,90.17,457,116.14,115.61,7.067880,0.992820,1000.00,cifi0007.DBF
QLFS,10QLFS,F,SM,00,29,18,97.76,481,124.29,123.75,7.067880,0.992820,1000.00,cifi0007.DBF
QLFS,10QLFS,F,SM,00,29,19,105.34,503,132.38,131.87,7.067880,0.992820,1000.00,cifi0007.DBF
QLFS,10QLFS,F,SM,00,29,20,112.85,524,140.35,139.90,7.067880,0.992820,1000.00,cifi0007.DBF
QLFS,10QLFS,F,SM,00,29,21,120.25,544,148.14,147.78,7.067880,0.992820,1000.00,cifi0007.DBF
QLFS,10QLFS,F,SM,00,29,22,127.48,563,155.73,155.47,7.067880,0.992820,1000.00,cifi0007.DBF
QLFS,10QLFS,F,SM,00,29,23,134.52,580,163.06,162.93,7.067880,0.992820,1000.00,cifi0007.DBF
QLFS,10QLFS,F,SM,00,29,24,141.30,596,170.10,170.11,7.067880,0.992820,1000.00,cifi0007.DBF
QLFS,10QLFS,F,SM,00,29,25,147.78,612,176.77,176.97,7.067880,0.992820,1000.00,cifi0007.DBF
QLFS,10QLFS,F,SM,00,29,26,153.90,626,183.05,183.45,7.067880,0.992820,1000.00,cifi0007.DBF
QLFS,10QLFS,F,SM,00,29,27,159.62,639,188.88,189.50,7.067880,0.992820,1000.00,cifi0007.DBF
QLFS,10QLFS,F,SM,00,29,28,164.86,651,194.19,195.07,7.067880,0.992820,1000.00,cifi0007.DBF
QLFS,10QLFS,F,SM,00,29,29,169.61,662,198.97,200.12,7.067880,0.992820,1000.00,cifi0007.DBF
QLFS,10QLFS,F,SM,00,29,30,173.82,672,203.17,204.61,7.067880,0.992820,1000.00,cifi0007.DBF
QLFS,10QLFS,F,SM,00,29,31,177.39,681,206.71,208.48,7.067880,0.992820,1000.00,cifi0007.DBF
QLFS,10QLFS,F,SM,00,29,32,180.27,690,209.53,211.66,7.067880,0.992820,1000.00,cifi0007.DBF
QLFS,10QLFS,F,SM,00,29,33,182.35,697,211.53,214.06,7.067880,0.992820,1000.00,cifi0007.DBF
QLFS,10QLFS,F,SM,00,29,34,183.52,704,212.61,215.60,7.067880,0.992820,1000.00,cifi0007.DBF
QLFS,10QLFS,F,SM,00,29,35,183.69,709,212.69,216.18,7.067880,0.992820,1000.00,cifi0007.DBF
QLFS,10QLFS,F,SM,00,29,36,182.73,357,211.65,215.71,7.067880,0.992820,1000.00,cifi0007.DBF
QLFS,10QLFS,F,SM,00,29,37,191.24,364,220.29,219.50,7.067880,0.992820,500.00,cifi0007.DBF
QLFS,10QLFS,F,SM,00,29,38,199.83,371,228.96,228.16,7.067880,0.992820,500.00,cifi0007.DBF
QLFS,10QLFS,F,SM,00,29,39,208.47,378,237.64,236.83,7.067880,0.992820,500.00,cifi0007.DBF
QLFS,10QLFS,F,SM,00,29,40,217.16,384,246.32,245.52,7.067880,0.992820,500.00,cifi0007.DBF
QLFS,10QLFS,F,SM,00,29,41,225.87,391,254.99,254.19,7.067880,0.992820,500.00,cifi0007.DBF
QLFS,10QLFS,F,SM,00,29,42,234.58,397,263.60,262.83,7.067880,0.992820,500.00,cifi0007.DBF
QLFS,10QLFS,F,SM,00,29,43,243.25,402,272.14,271.40,7.067880,0.992820,500.00,cifi0007.DBF
QLFS,10QLFS,F,SM,00,29,44,251.85,407,280.58,279.89,7.067880,0.992820,500.00,cifi0007.DBF
QLFS,10QLFS,F,SM,00,29,45,260.38,413,288.90,288.27,7.067880,0.992820,500.00,cifi0007.DBF
QLFS,10QLFS,F,SM,00,29,46,268.85,417,297.13,296.55,7.067880,0.992820,500.00,cifi0007.DBF
QLFS,10QLFS,F,SM,00,29,47,277.27,422,305.27,304.73,7.067880,0.992820,500.00,cifi0007.DBF
QLFS,10QLFS,F,SM,00,29,48,285.63,426,313.33,312.83,7.067880,0.992820,500.00,cifi0007.DBF
QLFS,10QLFS,F,SM,00,29,49,293.94,431,321.29,320.84,7.067880,0.992820,500.00,cifi0007.DBF
QLFS,10QLFS,F,SM,00,29,50,302.18,435,329.15,328.75,7.067880,0.992820,500.00,cifi0007.DBF
QLFS,10QLFS,F,SM,00,29,51,310.37,438,336.93,336.57,7.067880,0.992820,500.00,cifi0007.DBF
QLFS,10QLFS,F,SM,00,29,52,318.35,442,344.47,344.23,7.067880,0.992820,500.00,cifi0007.DBF
QLFS,10QLFS,F,SM,00,29,53,325.93,445,351.63,351.59,7.067880,0.992820,500.00,cifi0007.DBF
QLFS,10QLFS,F,SM,00,29,54,333.16,448,358.43,358.56,7.067880,0.992820,500.00,cifi0007.DBF
QLFS,10QLFS,F,SM,00,29,55,340.07,451,364.90,365.20,7.067880,0.992820,500.00,cifi0007.DBF
QLFS,10QLFS,F,SM,00,29,56,346.66,454,371.06,371.52,7.067880,0.992820,500.00,cifi0007.DBF
QLFS,10QLFS,F,SM,00,29,57,353.10,456,377.07,377.60,7.067880,0.992820,500.00,cifi0007.DBF
QLFS,10QLFS,F,SM,00,29,58,359.30,459,382.83,383.49,7.067880,0.992820,500.00,cifi0007.DBF
QLFS,10QLFS,F,SM,00,29,59,365.01,461,388.13,389.01,7.067880,0.992820,500.00,cifi0007.DBF
QLFS,10QLFS,F,SM,00,29,60,370.25,463,392.99,394.09,7.067880,0.992820,500.00,cifi0007.DBF
QLFS,10QLFS,F,SM,00,29,61,375.20,465,397.58,398.82,7.067880,0.992820,500.00,cifi0007.DBF
QLFS,10QLFS,F,SM,00,29,62,380.49,467,402.45,403.55,7.067880,0.992820,500.00,cifi0007.DBF
QLFS,10QLFS,F,SM,00,29,63,386.41,469,407.87,408.70,7.067880,0.992820,500.00,cifi0007.DBF
QLFS,10QLFS,F,SM,00,29,64,392.50,471,413.43,414.18,7.067880,0.992820,500.00,cifi0007.DBF
QLFS,10QLFS,F,SM,00,29,65,398.45,473,418.83,419.66,7.067880,0.992820,500.00,cifi0007.DBF
QLFS,10QLFS,F,SM,00,29,66,403.78,474,423.65,424.78,7.067880,0.992820,500.00,cifi0007.DBF
QLFS,10QLFS,F,SM,00,29,67,408.11,476,427.57,429.15,7.067880,0.992820,500.00,cifi0007.DBF
QLFS,10QLFS,F,SM,00,29,68,411.45,477,430.61,432.63,7.067880,0.992820,500.00,cifi0007.DBF
QLFS,10QLFS,F,SM,00,29,69,414.61,478,433.49,435.58,7.067880,0.992820,500.00,cifi0007.DBF
QLFS,10QLFS,F,SM,00,29,70,418.51,479,437.00,438.78,7.067880,0.992820,500.00,cifi0007.DBF
QLFS,10QLFS,F,SM,00,29,71,422.57,480,440.66,442.36,7.067880,0.992820,500.00,cifi0007.DBF
QLFS,10QLFS,F,SM,00,29,72,426.53,481,444.21,445.97,7.067880,0.992820,500.00,cifi0007.DBF
QLFS,10QLFS,F,SM,00,29,73,430.39,482,447.67,449.48,7.067880,0.992820,500.00,cifi0007.DBF
QLFS,10QLFS,F,SM,00,29,74,434.17,484,451.05,452.90,7.067880,0.992820,500.00,cifi0007.DBF
QLFS,10QLFS,F,SM,00,29,75,437.90,485,454.38,456.25,7.067880,0.992820,500.00,cifi0007.DBF
QLFS,10QLFS,F,SM,00,29,76,441.49,486,457.57,459.51,7.067880,0.992820,500.00,cifi0007.DBF
QLFS,10QLFS,F,SM,00,29,77,444.77,486,460.48,462.56,7.067880,0.992820,500.00,cifi0007.DBF
QLFS,10QLFS,F,SM,00,29,78,447.77,487,463.14,465.35,7.067880,0.992820,500.00,cifi0007.DBF
QLFS,10QLFS,F,SM,00,29,79,450.52,488,465.58,467.89,7.067880,0.992820,500.00,cifi0007.DBF
QLFS,10QLFS,F,SM,00,29,80,453.05,489,467.81,470.23,7.067880,0.992820,500.00,cifi0007.DBF
QLFS,10QLFS,F,SM,00,29,81,455.33,489,469.83,472.35,7.067880,0.992820,500.00,cifi0007.DBF
QLFS,10QLFS,F,SM,00,29,82,457.36,490,471.62,474.26,7.067880,0.992820,500.00,cifi0007.DBF
QLFS,10QLFS,F,SM,00,29,83,459.20,490,473.24,475.96,7.067880,0.992820,500.00,cifi0007.DBF
QLFS,10QLFS,F,SM,00,29,84,460.99,491,474.81,477.56,7.067880,0.992820,500.00,cifi0007.DBF
QLFS,10QLFS,F,SM,00,29,85,462.89,491,476.48,479.18,7.067880,0.992820,500.00,cifi0007.DBF
QLFS,10QLFS,F,SM,00,29,86,464.57,492,477.95,480.75,7.067880,0.992820,500.00,cifi0007.DBF
QLFS,10QLFS,F,SM,00,29,87,466.17,492,479.36,482.19,7.067880,0.992820,500.00,cifi0007.DBF
QLFS,10QLFS,F,SM,00,29,88,467.72,493,480.71,483.57,7.067880,0.992820,500.00,cifi0007.DBF
QLFS,10QLFS,F,SM,00,29,89,469.19,493,481.96,484.87,7.067880,0.992820,500.00,cifi0007.DBF
QLFS,10QLFS,F,SM,00,29,90,471.96,494,483.92,486.47,7.067880,0.992820,500.00,cifi0007.DBF
QLFS,10QLFS,F,SM,00,29,91,500.00,500,500.00,495.49,7.067880,0.992820,500.00,cifi0007.DBF
QLFS,10QLFS,F,SM,00,30,1,0.00,0,0.00,0.53,1.051800,1.051800,1000.00,cifi0007.DBF
QLFS,10QLFS,F,SM,00,30,2,0.00,0,6.44,6.89,7.343660,1.051800,1000.00,cifi0007.DBF
QLFS,10QLFS,F,SM,00,30,3,0.00,0,13.03,13.41,7.343660,1.051800,1000.00,cifi0007.DBF
QLFS,10QLFS,F,SM,00,30,4,4.49,34,19.76,20.07,7.343660,1.051800,1000.00,cifi0007.DBF
QLFS,10QLFS,F,SM,00,30,5,10.33,76,26.60,26.85,7.343660,1.051800,1000.00,cifi0007.DBF
QLFS,10QLFS,F,SM,00,30,6,16.32,115,33.57,33.76,7.343660,1.051800,1000.00,cifi0007.DBF
QLFS,10QLFS,F,SM,00,30,7,22.46,153,40.67,40.79,7.343660,1.051800,1000.00,cifi0007.DBF
QLFS,10QLFS,F,SM,00,30,8,28.78,189,47.92,47.96,7.343660,1.051800,1000.00,cifi0007.DBF
QLFS,10QLFS,F,SM,00,30,9,35.28,224,55.33,55.29,7.343660,1.051800,1000.00,cifi0007.DBF
QLFS,10QLFS,F,SM,00,30,10,41.98,258,62.90,62.79,7.343660,1.051800,1000.00,cifi0007.DBF
QLFS,10QLFS,F,SM,00,30,11,48.87,291,70.63,70.44,7.343660,1.051800,1000.00,cifi0007.DBF
QLFS,10QLFS,F,SM,00,30,12,55.95,322,78.50,78.24,7.343660,1.051800,1000.00,cifi0007.DBF
QLFS,10QLFS,F,SM,00,30,13,63.18,352,86.50,86.17,7.343660,1.051800,1000.00,cifi0007.DBF
QLFS,10QLFS,F,SM,00,30,14,70.56,380,94.60,94.22,7.343660,1.051800,1000.00,cifi0007.DBF
QLFS,10QLFS,F,SM,00,30,15,78.07,408,102.77,102.36,7.343660,1.051800,1000.00,cifi0007.DBF
QLFS,10QLFS,F,SM,00,30,16,85.67,434,111.00,110.56,7.343660,1.051800,1000.00,cifi0007.DBF
QLFS,10QLFS,F,SM,00,30,17,93.32,459,119.23,118.79,7.343660,1.051800,1000.00,cifi0007.DBF
QLFS,10QLFS,F,SM,00,30,18,100.98,482,127.41,126.99,7.343660,1.051800,1000.00,cifi0007.DBF
QLFS,10QLFS,F,SM,00,30,19,108.56,504,135.47,135.11,7.343660,1.051800,1000.00,cifi0007.DBF
QLFS,10QLFS,F,SM,00,30,20,116.02,525,143.35,143.08,7.343660,1.051800,1000.00,cifi0007.DBF
QLFS,10QLFS,F,SM,00,30,21,123.33,544,151.03,150.86,7.343660,1.051800,1000.00,cifi0007.DBF
QLFS,10QLFS,F,SM,00,30,22,130.43,563,158.46,158.42,7.343660,1.051800,1000.00,cifi0007.DBF
QLFS,10QLFS,F,SM,00,30,23,137.29,580,165.58,165.69,7.343660,1.051800,1000.00,cifi0007.DBF
QLFS,10QLFS,F,SM,00,30,24,143.84,595,172.35,172.64,7.343660,1.051800,1000.00,cifi0007.DBF
QLFS,10QLFS,F,SM,00,30,25,150.03,610,178.72,179.21,7.343660,1.051800,1000.00,cifi0007.DBF
QLFS,10QLFS,F,SM,00,30,26,155.82,623,184.64,185.35,7.343660,1.051800,1000.00,cifi0007.DBF
QLFS,10QLFS,F,SM,00,30,27,161.15,636,190.05,191.02,7.343660,1.051800,1000.00,cifi0007.DBF
QLFS,10QLFS,F,SM,00,30,28,165.98,648,194.93,196.16,7.343660,1.051800,1000.00,cifi0007.DBF
QLFS,10QLFS,F,SM,00,30,29,170.26,658,199.22,200.74,7.343660,1.051800,1000.00,cifi0007.DBF
QLFS,10QLFS,F,SM,00,30,30,173.91,668,202.85,204.71,7.343660,1.051800,1000.00,cifi0007.DBF
QLFS,10QLFS,F,SM,00,30,31,176.87,677,205.77,207.98,7.343660,1.051800,1000.00,cifi0007.DBF
QLFS,10QLFS,F,SM,00,30,32,179.02,684,207.86,210.49,7.343660,1.051800,1000.00,cifi0007.DBF
QLFS,10QLFS,F,SM,00,30,33,180.27,691,209.04,212.12,7.343660,1.051800,1000.00,cifi0007.DBF
QLFS,10QLFS,F,SM,00,30,34,180.53,697,209.22,212.80,7.343660,1.051800,1000.00,cifi0007.DBF
QLFS,10QLFS,F,SM,00,30,35,179.65,351,208.28,212.42,7.343660,1.051800,1000.00,cifi0007.DBF
QLFS,10QLFS,F,SM,00,30,36,188.24,359,217.01,216.32,7.343660,1.051800,500.00,cifi0007.DBF
QLFS,10QLFS,F,SM,00,30,37,196.91,366,225.78,225.07,7.343660,1.051800,500.00,cifi0007.DBF
QLFS,10QLFS,F,SM,00,30,38,205.64,373,234.56,233.84,7.343660,1.051800,500.00,cifi0007.DBF
QLFS,10QLFS,F,SM,00,30,39,214.41,380,243.34,242.62,7.343660,1.051800,500.00,cifi0007.DBF
QLFS,10QLFS,F,SM,00,30,40,223.21,386,252.11,251.40,7.343660,1.051800,500.00,cifi0007.DBF
QLFS,10QLFS,F,SM,00,30,41,232.00,392,260.82,260.13,7.343660,1.051800,500.00,cifi0007.DBF
QLFS,10QLFS,F,SM,00,30,42,240.75,398,269.45,268.81,7.343660,1.051800,500.00,cifi0007.DBF
QLFS,10QLFS,F,SM,00,30,43,249.44,404,277.98,277.39,7.343660,1.051800,500.00,cifi0007.DBF
QLFS,10QLFS,F,SM,00,30,44,258.05,409,286.40,285.87,7.343660,1.051800,500.00,cifi0007.DBF
QLFS,10QLFS,F,SM,00,30,45,266.60,414,294.73,294.24,7.343660,1.051800,500.00,cifi0007.DBF
QLFS,10QLFS,F,SM,00,30,46,275.10,419,302.96,302.51,7.343660,1.051800,500.00,cifi0007.DBF
QLFS,10QLFS,F,SM,00,30,47,283.55,423,311.11,310.71,7.343660,1.051800,500.00,cifi0007.DBF
QLFS,10QLFS,F,SM,00,30,48,291.93,428,319.16,318.80,7.343660,1.051800,500.00,cifi0007.DBF
QLFS,10QLFS,F,SM,00,30,49,300.26,432,327.11,326.81,7.343660,1.051800,500.00,cifi0007.DBF
QLFS,10QLFS,F,SM,00,30,50,308.53,436,334.98,334.72,7.343660,1.051800,500.00,cifi0007.DBF
QLFS,10QLFS,F,SM,00,30,51,316.58,440,342.61,342.46,7.343660,1.051800,500.00,cifi0007.DBF
QLFS,10QLFS,F,SM,00,30,52,324.24,443,349.84,349.90,7.343660,1.051800,500.00,cifi0007.DBF
QLFS,10QLFS,F,SM,00,30,53,331.54,446,356.72,356.95,7.343660,1.051800,500.00,cifi0007.DBF
QLFS,10QLFS,F,SM,00,30,54,338.51,449,363.27,363.66,7.343660,1.051800,500.00,cifi0007.DBF
QLFS,10QLFS,F,SM,00,30,55,345.17,452,369.50,370.06,7.343660,1.051800,500.00,cifi0007.DBF
QLFS,10QLFS,F,SM,00,30,56,351.68,455,375.58,376.21,7.343660,1.051800,500.00,cifi0007.DBF
QLFS,10QLFS,F,SM,00,30,57,357.94,457,381.40,382.16,7.343660,1.051800,500.00,cifi0007.DBF
QLFS,10QLFS,F,SM,00,30,58,363.70,459,386.76,387.75,7.343660,1.051800,500.00,cifi0007.DBF
QLFS,10QLFS,F,SM,00,30,59,368.99,461,391.68,392.89,7.343660,1.051800,500.00,cifi0007.DBF
QLFS,10QLFS,F,SM,00,30,60,373.99,463,396.31,397.67,7.343660,1.051800,500.00,cifi0007.DBF
QLFS,10QLFS,F,SM,00,30,61,379.33,465,401.24,402.45,7.343660,1.051800,500.00,cifi0007.DBF
QLFS,10QLFS,F,SM,00,30,62,385.30,467,406.73,407.66,7.343660,1.051800,500.00,cifi0007.DBF
QLFS,10QLFS,F,SM,00,30,63,391.46,469,412.35,413.21,7.343660,1.051800,500.00,cifi0007.DBF
QLFS,10QLFS,F,SM,00,30,64,397.47,471,417.81,418.75,7.343660,1.051800,500.00,cifi0007.DBF
QLFS,10QLFS,F,SM,00,30,65,402.84,473,422.69,423.92,7.343660,1.051800,500.00,cifi0007.DBF
QLFS,10QLFS,F,SM,00,30,66,407.21,475,426.65,428.34,7.343660,1.051800,500.00,cifi0007.DBF
QLFS,10QLFS,F,SM,00,30,67,410.59,476,429.72,431.86,7.343660,1.051800,500.00,cifi0007.DBF
QLFS,10QLFS,F,SM,00,30,68,413.78,477,432.63,434.85,7.343660,1.051800,500.00,cifi0007.DBF
QLFS,10QLFS,F,SM,00,30,69,417.71,478,436.19,438.08,7.343660,1.051800,500.00,cifi0007.DBF
QLFS,10QLFS,F,SM,00,30,70,421.82,479,439.89,441.71,7.343660,1.051800,500.00,cifi0007.DBF
QLFS,10QLFS,F,SM,00,30,71,425.81,480,443.48,445.35,7.343660,1.051800,500.00,cifi0007.DBF
QLFS,10QLFS,F,SM,00,30,72,429.72,482,446.98,448.90,7.343660,1.051800,500.00,cifi0007.DBF
QLFS,10QLFS,F,SM,00,30,73,433.53,483,450.39,452.36,7.343660,1.051800,500.00,cifi0007.DBF
QLFS,10QLFS,F,SM,00,30,74,437.30,484,453.76,455.75,7.343660,1.051800,500.00,cifi0007.DBF
QLFS,10QLFS,F,SM,00,30,75,440.92,485,456.99,459.05,7.343660,1.051800,500.00,cifi0007.DBF
QLFS,10QLFS,F,SM,00,30,76,444.24,486,459.94,462.13,7.343660,1.051800,500.00,cifi0007.DBF
QLFS,10QLFS,F,SM,00,30,77,447.26,487,462.63,464.95,7.343660,1.051800,500.00,cifi0007.DBF
QLFS,10QLFS,F,SM,00,30,78,450.04,488,465.09,467.53,7.343660,1.051800,500.00,cifi0007.DBF
QLFS,10QLFS,F,SM,00,30,79,452.59,488,467.35,469.89,7.343660,1.051800,500.00,cifi0007.DBF
QLFS,10QLFS,F,SM,00,30,80,454.90,489,469.38,472.04,7.343660,1.051800,500.00,cifi0007.DBF
QLFS,10QLFS,F,SM,00,30,81,456.95,489,471.20,473.96,7.343660,1.051800,500.00,cifi0007.DBF
QLFS,10QLFS,F,SM,00,30,82,458.80,490,472.83,475.69,7.343660,1.051800,500.00,cifi0007.DBF
QLFS,10QLFS,F,SM,00,30,83,460.61,490,474.43,477.30,7.343660,1.051800,500.00,cifi0007.DBF
QLFS,10QLFS,F,SM,00,30,84,462.53,491,476.11,478.94,7.343660,1.051800,500.00,cifi0007.DBF
QLFS,10QLFS,F,SM,00,30,85,464.22,491,477.61,480.53,7.343660,1.051800,500.00,cifi0007.DBF
QLFS,10QLFS,F,SM,00,30,86,465.84,492,479.03,481.99,7.343660,1.051800,500.00,cifi0007.DBF
QLFS,10QLFS,F,SM,00,30,87,467.40,492,480.39,483.38,7.343660,1.051800,500.00,cifi0007.DBF
QLFS,10QLFS,F,SM,00,30,88,468.89,493,481.65,484.69,7.343660,1.051800,500.00,cifi0007.DBF
QLFS,10QLFS,F,SM,00,30,89,471.69,493,483.64,486.32,7.343660,1.051800,500.00,cifi0007.DBF
QLFS,10QLFS,F,SM,00,30,90,500.00,500,500.00,495.49,7.343660,1.051800,500.00,cifi0007.DBF
QLFS,10QLFS,F,SM,00,31,1,0.00,0,0.00,0.57,1.130440,1.130440,1000.00,cifi0007.DBF
QLFS,10QLFS,F,SM,00,31,2,0.00,0,6.66,7.14,7.631280,1.130440,1000.00,cifi0007.DBF
QLFS,10QLFS,F,SM,00,31,3,0.00,0,13.45,13.87,7.631280,1.130440,1000.00,cifi0007.DBF
QLFS,10QLFS,F,SM,00,31,4,4.97,37,20.36,20.72,7.631280,1.130440,1000.00,cifi0007.DBF
QLFS,10QLFS,F,SM,00,31,5,11.00,78,27.40,27.70,7.631280,1.130440,1000.00,cifi0007.DBF
QLFS,10QLFS,F,SM,00,31,6,17.19,117,34.57,34.80,7.631280,1.130440,1000.00,cifi0007.DBF
QLFS,10QLFS,F,SM,00,31,7,23.56,155,41.89,42.05,7.631280,1.130440,1000.00,cifi0007.DBF
QLFS,10QLFS,F,SM,00,31,8,30.12,192,49.38,49.45,7.631280,1.130440,1000.00,cifi0007.DBF
QLFS,10QLFS,F,SM,00,31,9,36.88,227,57.03,57.02,7.631280,1.130440,1000.00,cifi0007.DBF
QLFS,10QLFS,F,SM,00,31,10,43.83,261,64.83,64.75,7.631280,1.130440,1000.00,cifi0007.DBF
QLFS,10QLFS,F,SM,00,31,11,50.96,293,72.79,72.63,7.631280,1.130440,1000.00,cifi0007.DBF
QLFS,10QLFS,F,SM,00,31,12,58.26,324,80.87,80.65,7.631280,1.130440,1000.00,cifi0007.DBF
QLFS,10QLFS,F,SM,00,31,13,65.70,354,89.05,88.78,7.631280,1.130440,1000.00,cifi0007.DBF
QLFS,10QLFS,F,SM,00,31,14,73.27,383,97.32,97.00,7.631280,1.130440,1000.00,cifi0007.DBF
QLFS,10QLFS,F,SM,00,31,15,80.94,410,105.63,105.29,7.631280,1.130440,1000.00,cifi0007.DBF
QLFS,10QLFS,F,SM,00,31,16,88.67,436,113.96,113.61,7.631280,1.130440,1000.00,cifi0007.DBF
QLFS,10QLFS,F,SM,00,31,17,96.39,460,122.23,121.91,7.631280,1.130440,1000.00,cifi0007.DBF
QLFS,10QLFS,F,SM,00,31,18,104.04,483,130.38,130.12,7.631280,1.130440,1000.00,cifi0007.DBF
QLFS,10QLFS,F,SM,00,31,19,111.58,505,138.36,138.18,7.631280,1.130440,1000.00,cifi0007.DBF
QLFS,10QLFS,F,SM,00,31,20,118.96,525,146.13,146.06,7.631280,1.130440,1000.00,cifi0007.DBF
QLFS,10QLFS,F,SM,00,31,21,126.14,544,153.65,153.71,7.631280,1.130440,1000.00,cifi0007.DBF
QLFS,10QLFS,F,SM,00,31,22,133.07,562,160.87,161.08,7.631280,1.130440,1000.00,cifi0007.DBF
QLFS,10QLFS,F,SM,00,31,23,139.70,578,167.74,168.12,7.631280,1.130440,1000.00,cifi0007.DBF
QLFS,10QLFS,F,SM,00,31,24,145.97,593,174.20,174.79,7.631280,1.130440,1000.00,cifi0007.DBF
QLFS,10QLFS,F,SM,00,31,25,151.84,608,180.22,181.03,7.631280,1.130440,1000.00,cifi0007.DBF
QLFS,10QLFS,F,SM,00,31,26,157.25,621,185.73,186.79,7.631280,1.130440,1000.00,cifi0007.DBF
QLFS,10QLFS,F,SM,00,31,27,162.15,633,190.70,192.03,7.631280,1.130440,1000.00,cifi0007.DBF
QLFS,10QLFS,F,SM,00,31,28,166.52,644,195.10,196.71,7.631280,1.130440,1000.00,cifi0007.DBF
QLFS,10QLFS,F,SM,00,31,29,170.25,654,198.83,200.78,7.631280,1.130440,1000.00,cifi0007.DBF
QLFS,10QLFS,F,SM,00,31,30,173.29,663,201.84,204.15,7.631280,1.130440,1000.00,cifi0007.DBF
QLFS,10QLFS,F,SM,00,31,31,175.53,671,204.04,206.76,7.631280,1.130440,1000.00,cifi0007.DBF
QLFS,10QLFS,F,SM,00,31,32,176.86,678,205.31,208.49,7.631280,1.130440,1000.00,cifi0007.DBF
QLFS,10QLFS,F,SM,00,31,33,177.20,684,205.60,209.27,7.631280,1.130440,1000.00,cifi0007.DBF
QLFS,10QLFS,F,SM,00,31,34,176.41,345,204.76,208.99,7.631280,1.130440,1000.00,cifi0007.DBF
QLFS,10QLFS,F,SM,00,31,35,185.09,353,213.59,212.99,7.631280,1.130440,500.00,cifi0007.DBF
QLFS,10QLFS,F,SM,00,31,36,193.84,360,222.46,221.85,7.631280,1.130440,500.00,cifi0007.DBF
QLFS,10QLFS,F,SM,00,31,37,202.66,367,231.35,230.72,7.631280,1.130440,500.00,cifi0007.DBF
QLFS,10QLFS,F,SM,00,31,38,211.52,374,240.23,239.61,7.631280,1.130440,500.00,cifi0007.DBF
QLFS,10QLFS,F,SM,00,31,39,220.41,381,249.10,248.48,7.631280,1.130440,500.00,cifi0007.DBF
QLFS,10QLFS,F,SM,00,31,40,229.29,388,257.91,257.32,7.631280,1.130440,500.00,cifi0007.DBF
QLFS,10QLFS,F,SM,00,31,41,238.13,394,266.65,266.10,7.631280,1.130440,500.00,cifi0007.DBF
QLFS,10QLFS,F,SM,00,31,42,246.91,399,275.28,274.78,7.631280,1.130440,500.00,cifi0007.DBF
QLFS,10QLFS,F,SM,00,31,43,255.61,405,283.80,283.36,7.631280,1.130440,500.00,cifi0007.DBF
QLFS,10QLFS,F,SM,00,31,44,264.24,410,292.22,291.82,7.631280,1.130440,500.00,cifi0007.DBF
QLFS,10QLFS,F,SM,00,31,45,272.83,415,300.55,300.20,7.631280,1.130440,500.00,cifi0007.DBF
QLFS,10QLFS,F,SM,00,31,46,281.36,420,308.79,308.49,7.631280,1.130440,500.00,cifi0007.DBF
QLFS,10QLFS,F,SM,00,31,47,289.83,425,316.94,316.68,7.631280,1.130440,500.00,cifi0007.DBF
QLFS,10QLFS,F,SM,00,31,48,298.24,429,324.99,324.78,7.631280,1.130440,500.00,cifi0007.DBF
QLFS,10QLFS,F,SM,00,31,49,306.59,433,332.94,332.78,7.631280,1.130440,500.00,cifi0007.DBF
QLFS,10QLFS,F,SM,00,31,50,314.73,437,340.66,340.62,7.631280,1.130440,500.00,cifi0007.DBF
QLFS,10QLFS,F,SM,00,31,51,322.47,441,347.98,348.14,7.631280,1.130440,500.00,cifi0007.DBF
QLFS,10QLFS,F,SM,00,31,52,329.84,444,354.94,355.28,7.631280,1.130440,500.00,cifi0007.DBF
QLFS,10QLFS,F,SM,00,31,53,336.88,447,361.56,362.07,7.631280,1.130440,500.00,cifi0007.DBF
QLFS,10QLFS,F,SM,00,31,54,343.60,450,367.87,368.53,7.631280,1.130440,500.00,cifi0007.DBF
QLFS,10QLFS,F,SM,00,31,55,350.18,453,374.02,374.76,7.631280,1.130440,500.00,cifi0007.DBF
QLFS,10QLFS,F,SM,00,31,56,356.50,455,379.91,380.78,7.631280,1.130440,500.00,cifi0007.DBF
QLFS,10QLFS,F,SM,00,31,57,362.32,458,385.33,386.43,7.631280,1.130440,500.00,cifi0007.DBF
QLFS,10QLFS,F,SM,00,31,58,367.67,460,390.31,391.63,7.631280,1.130440,500.00,cifi0007.DBF
QLFS,10QLFS,F,SM,00,31,59,372.71,462,395.00,396.47,7.631280,1.130440,500.00,cifi0007.DBF
QLFS,10QLFS,F,SM,00,31,60,378.11,464,399.99,401.31,7.631280,1.130440,500.00,cifi0007.DBF
QLFS,10QLFS,F,SM,00,31,61,384.14,466,405.53,406.58,7.631280,1.130440,500.00,cifi0007.DBF
QLFS,10QLFS,F,SM,00,31,62,390.36,468,411.22,412.19,7.631280,1.130440,500.00,cifi0007.DBF
QLFS,10QLFS,F,SM,00,31,63,396.43,470,416.75,417.80,7.631280,1.130440,500.00,cifi0007.DBF
QLFS,10QLFS,F,SM,00,31,64,401.86,472,421.68,423.03,7.631280,1.130440,500.00,cifi0007.DBF
QLFS,10QLFS,F,SM,00,31,65,406.27,474,425.69,427.50,7.631280,1.130440,500.00,cifi0007.DBF
QLFS,10QLFS,F,SM,00,31,66,409.68,475,428.80,431.06,7.631280,1.130440,500.00,cifi0007.DBF
QLFS,10QLFS,F,SM,00,31,67,412.91,476,431.74,434.08,7.631280,1.130440,500.00,cifi0007.DBF
QLFS,10QLFS,F,SM,00,31,68,416.88,477,435.34,437.35,7.631280,1.130440,500.00,cifi0007.DBF
QLFS,10QLFS,F,SM,00,31,69,421.03,478,439.08,441.02,7.631280,1.130440,500.00,cifi0007.DBF
QLFS,10QLFS,F,SM,00,31,70,425.06,480,442.72,444.71,7.631280,1.130440,500.00,cifi0007.DBF
QLFS,10QLFS,F,SM,00,31,71,429.01,481,446.26,448.30,7.631280,1.130440,500.00,cifi0007.DBF
QLFS,10QLFS,F,SM,00,31,72,432.86,482,449.71,451.80,7.631280,1.130440,500.00,cifi0007.DBF
QLFS,10QLFS,F,SM,00,31,73,436.66,483,453.11,455.23,7.631280,1.130440,500.00,cifi0007.DBF
QLFS,10QLFS,F,SM,00,31,74,440.32,484,456.38,458.56,7.631280,1.130440,500.00,cifi0007.DBF
QLFS,10QLFS,F,SM,00,31,75,443.67,485,459.36,461.69,7.631280,1.130440,500.00,cifi0007.DBF
QLFS,10QLFS,F,SM,00,31,76,446.73,486,462.09,464.54,7.631280,1.130440,500.00,cifi0007.DBF
QLFS,10QLFS,F,SM,00,31,77,449.53,487,464.58,467.15,7.631280,1.130440,500.00,cifi0007.DBF
QLFS,10QLFS,F,SM,00,31,78,452.11,488,466.86,469.53,7.631280,1.130440,500.00,cifi0007.DBF
QLFS,10QLFS,F,SM,00,31,79,454.44,488,468.92,471.71,7.631280,1.130440,500.00,cifi0007.DBF
QLFS,10QLFS,F,SM,00,31,80,456.51,489,470.76,473.66,7.631280,1.130440,500.00,cifi0007.DBF
QLFS,10QLFS,F,SM,00,31,81,458.39,490,472.41,475.40,7.631280,1.130440,500.00,cifi0007.DBF
QLFS,10QLFS,F,SM,00,31,82,460.21,490,474.03,477.04,7.631280,1.130440,500.00,cifi0007.DBF
QLFS,10QLFS,F,SM,00,31,83,462.15,491,475.73,478.69,7.631280,1.130440,500.00,cifi0007.DBF
QLFS,10QLFS,F,SM,00,31,84,463.86,491,477.24,480.30,7.631280,1.130440,500.00,cifi0007.DBF
QLFS,10QLFS,F,SM,00,31,85,465.50,492,478.68,481.78,7.631280,1.130440,500.00,cifi0007.DBF
QLFS,10QLFS,F,SM,00,31,86,467.07,492,480.06,483.19,7.631280,1.130440,500.00,cifi0007.DBF
QLFS,10QLFS,F,SM,00,31,87,468.58,492,481.34,484.51,7.631280,1.130440,500.00,cifi0007.DBF
QLFS,10QLFS,F,SM,00,31,88,471.40,493,483.35,486.16,7.631280,1.130440,500.00,cifi0007.DBF
QLFS,10QLFS,F,SM,00,31,89,500.00,500,500.00,495.49,7.631280,1.130440,500.00,cifi0007.DBF
QLFS,10QLFS,F,SM,00,32,1,0.00,0,0.00,0.60,1.209080,1.209080,1000.00,cifi0007.DBF
QLFS,10QLFS,F,SM,00,32,2,0.00,0,6.87,7.40,7.931610,1.209080,1000.00,cifi0007.DBF
QLFS,10QLFS,F,SM,00,32,3,0.00,0,13.85,14.32,7.931610,1.209080,1000.00,cifi0007.DBF
QLFS,10QLFS,F,SM,00,32,4,5.43,39,20.96,21.37,7.931610,1.209080,1000.00,cifi0007.DBF
QLFS,10QLFS,F,SM,00,32,5,11.67,80,28.20,28.55,7.931610,1.209080,1000.00,cifi0007.DBF
QLFS,10QLFS,F,SM,00,32,6,18.10,119,35.60,35.87,7.931610,1.209080,1000.00,cifi0007.DBF
QLFS,10QLFS,F,SM,00,32,7,24.72,157,43.17,43.35,7.931610,1.209080,1000.00,cifi0007.DBF
QLFS,10QLFS,F,SM,00,32,8,31.53,194,50.89,51.00,7.931610,1.209080,1000.00,cifi0007.DBF
QLFS,10QLFS,F,SM,00,32,9,38.54,229,58.79,58.81,7.931610,1.209080,1000.00,cifi0007.DBF
QLFS,10QLFS,F,SM,00,32,10,45.74,263,66.83,66.77,7.931610,1.209080,1000.00,cifi0007.DBF
QLFS,10QLFS,F,SM,00,32,11,53.10,296,74.99,74.88,7.931610,1.209080,1000.00,cifi0007.DBF
QLFS,10QLFS,F,SM,00,32,12,60.61,327,83.27,83.09,7.931610,1.209080,1000.00,cifi0007.DBF
QLFS,10QLFS,F,SM,00,32,13,68.25,357,91.62,91.41,7.931610,1.209080,1000.00,cifi0007.DBF
QLFS,10QLFS,F,SM,00,32,14,75.99,385,100.03,99.79,7.931610,1.209080,1000.00,cifi0007.DBF
QLFS,10QLFS,F,SM,00,32,15,83.79,412,108.45,108.20,7.931610,1.209080,1000.00,cifi0007.DBF
QLFS,10QLFS,F,SM,00,32,16,91.59,437,116.81,116.60,7.931610,1.209080,1000.00,cifi0007.DBF
QLFS,10QLFS,F,SM,00,32,17,99.32,461,125.06,124.90,7.931610,1.209080,1000.00,cifi0007.DBF
QLFS,10QLFS,F,SM,00,32,18,106.93,484,133.14,133.07,7.931610,1.209080,1000.00,cifi0007.DBF
QLFS,10QLFS,F,SM,00,32,19,114.39,505,141.01,141.04,7.931610,1.209080,1000.00,cifi0007.DBF
QLFS,10QLFS,F,SM,00,32,20,121.65,525,148.63,148.79,7.931610,1.209080,1000.00,cifi0007.DBF
QLFS,10QLFS,F,SM,00,32,21,128.66,543,155.95,156.26,7.931610,1.209080,1000.00,cifi0007.DBF
QLFS,10QLFS,F,SM,00,32,22,135.37,560,162.92,163.40,7.931610,1.209080,1000.00,cifi0007.DBF
QLFS,10QLFS,F,SM,00,32,23,141.72,576,169.49,170.17,7.931610,1.209080,1000.00,cifi0007.DBF
QLFS,10QLFS,F,SM,00,32,24,147.67,591,175.61,176.51,7.931610,1.209080,1000.00,cifi0007.DBF
QLFS,10QLFS,F,SM,00,32,25,153.16,605,181.22,182.38,7.931610,1.209080,1000.00,cifi0007.DBF
QLFS,10QLFS,F,SM,00,32,26,158.15,617,186.29,187.72,7.931610,1.209080,1000.00,cifi0007.DBF
QLFS,10QLFS,F,SM,00,32,27,162.60,629,190.79,192.51,7.931610,1.209080,1000.00,cifi0007.DBF
QLFS,10QLFS,F,SM,00,32,28,166.42,639,194.63,196.67,7.931610,1.209080,1000.00,cifi0007.DBF
QLFS,10QLFS,F,SM,00,32,29,169.54,649,197.75,200.15,7.931610,1.209080,1000.00,cifi0007.DBF
QLFS,10QLFS,F,SM,00,32,30,171.87,657,200.04,202.86,7.931610,1.209080,1000.00,cifi0007.DBF
QLFS,10QLFS,F,SM,00,32,31,173.29,664,201.42,204.70,7.931610,1.209080,1000.00,cifi0007.DBF
QLFS,10QLFS,F,SM,00,32,32,173.72,671,201.82,205.59,7.931610,1.209080,1000.00,cifi0007.DBF
QLFS,10QLFS,F,SM,00,32,33,173.02,338,201.08,205.41,7.931610,1.209080,1000.00,cifi0007.DBF
QLFS,10QLFS,F,SM,00,32,34,181.79,346,210.03,209.52,7.931610,1.209080,500.00,cifi0007.DBF
QLFS,10QLFS,F,SM,00,32,35,190.64,354,219.00,218.48,7.931610,1.209080,500.00,cifi0007.DBF
QLFS,10QLFS,F,SM,00,32,36,199.54,362,227.99,227.46,7.931610,1.209080,500.00,cifi0007.DBF
QLFS,10QLFS,F,SM,00,32,37,208.50,369,236.99,236.46,7.931610,1.209080,500.00,cifi0007.DBF
QLFS,10QLFS,F,SM,00,32,38,217.48,376,245.96,245.44,7.931610,1.209080,500.00,cifi0007.DBF
QLFS,10QLFS,F,SM,00,32,39,226.45,383,254.88,254.39,7.931610,1.209080,500.00,cifi0007.DBF
QLFS,10QLFS,F,SM,00,32,40,235.38,389,263.72,263.27,7.931610,1.209080,500.00,cifi0007.DBF
QLFS,10QLFS,F,SM,00,32,41,244.26,395,272.46,272.05,7.931610,1.209080,500.00,cifi0007.DBF
QLFS,10QLFS,F,SM,00,32,42,253.05,401,281.08,280.73,7.931610,1.209080,500.00,cifi0007.DBF
QLFS,10QLFS,F,SM,00,32,43,261.77,406,289.60,289.31,7.931610,1.209080,500.00,cifi0007.DBF
QLFS,10QLFS,F,SM,00,32,44,270.45,412,298.03,297.78,7.931610,1.209080,500.00,cifi0007.DBF
QLFS,10QLFS,F,SM,00,32,45,279.07,417,306.37,306.17,7.931610,1.209080,500.00,cifi0007.DBF
QLFS,10QLFS,F,SM,00,32,46,287.63,421,314.62,314.46,7.931610,1.209080,500.00,cifi0007.DBF
QLFS,10QLFS,F,SM,00,32,47,296.12,426,322.76,322.66,7.931610,1.209080,500.00,cifi0007.DBF
QLFS,10QLFS,F,SM,00,32,48,304.56,430,330.82,330.76,7.931610,1.209080,500.00,cifi0007.DBF
QLFS,10QLFS,F,SM,00,32,49,312.78,434,338.63,338.69,7.931610,1.209080,500.00,cifi0007.DBF
QLFS,10QLFS,F,SM,00,32,50,320.60,438,346.04,346.30,7.931610,1.209080,500.00,cifi0007.DBF
QLFS,10QLFS,F,SM,00,32,51,328.05,442,353.08,353.52,7.931610,1.209080,500.00,cifi0007.DBF
QLFS,10QLFS,F,SM,00,32,52,335.17,445,359.78,360.40,7.931610,1.209080,500.00,cifi0007.DBF
QLFS,10QLFS,F,SM,00,32,53,341.96,448,366.17,366.94,7.931610,1.209080,500.00,cifi0007.DBF
QLFS,10QLFS,F,SM,00,32,54,348.61,451,372.39,373.24,7.931610,1.209080,500.00,cifi0007.DBF
QLFS,10QLFS,F,SM,00,32,55,355.00,453,378.35,379.34,7.931610,1.209080,500.00,cifi0007.DBF
QLFS,10QLFS,F,SM,00,32,56,360.88,456,383.84,385.06,7.931610,1.209080,500.00,cifi0007.DBF
QLFS,10QLFS,F,SM,00,32,57,366.28,458,388.87,390.32,7.931610,1.209080,500.00,cifi0007.DBF
QLFS,10QLFS,F,SM,00,32,58,371.38,460,393.62,395.21,7.931610,1.209080,500.00,cifi0007.DBF
QLFS,10QLFS,F,SM,00,32,59,376.83,462,398.67,400.11,7.931610,1.209080,500.00,cifi0007.DBF
QLFS,10QLFS,F,SM,00,32,60,382.93,464,404.29,405.44,7.931610,1.209080,500.00,cifi0007.DBF
QLFS,10QLFS,F,SM,00,32,61,389.21,467,410.04,411.13,7.931610,1.209080,500.00,cifi0007.DBF
QLFS,10QLFS,F,SM,00,32,62,395.35,469,415.63,416.80,7.931610,1.209080,500.00,cifi0007.DBF
QLFS,10QLFS,F,SM,00,32,63,400.83,471,420.63,422.10,7.931610,1.209080,500.00,cifi0007.DBF
QLFS,10QLFS,F,SM,00,32,64,405.29,472,424.69,426.62,7.931610,1.209080,500.00,cifi0007.DBF
QLFS,10QLFS,F,SM,00,32,65,408.73,474,427.83,430.22,7.931610,1.209080,500.00,cifi0007.DBF
QLFS,10QLFS,F,SM,00,32,66,412.00,475,430.81,433.29,7.931610,1.209080,500.00,cifi0007.DBF
QLFS,10QLFS,F,SM,00,32,67,416.01,476,434.45,436.60,7.931610,1.209080,500.00,cifi0007.DBF
QLFS,10QLFS,F,SM,00,32,68,420.20,477,438.24,440.31,7.931610,1.209080,500.00,cifi0007.DBF
QLFS,10QLFS,F,SM,00,32,69,424.28,479,441.92,444.04,7.931610,1.209080,500.00,cifi0007.DBF
QLFS,10QLFS,F,SM,00,32,70,428.26,480,445.50,447.68,7.931610,1.209080,500.00,cifi0007.DBF
QLFS,10QLFS,F,SM,00,32,71,432.15,481,449.00,451.22,7.931610,1.209080,500.00,cifi0007.DBF
QLFS,10QLFS,F,SM,00,32,72,436.00,482,452.44,454.69,7.931610,1.209080,500.00,cifi0007.DBF
QLFS,10QLFS,F,SM,00,32,73,439.70,484,455.75,458.06,7.931610,1.209080,500.00,cifi0007.DBF
QLFS,10QLFS,F,SM,00,32,74,443.08,485,458.77,461.23,7.931610,1.209080,500.00,cifi0007.DBF
QLFS,10QLFS,F,SM,00,32,75,446.17,486,461.52,464.11,7.931610,1.209080,500.00,cifi0007.DBF
QLFS,10QLFS,F,SM,00,32,76,449.01,486,464.04,466.75,7.931610,1.209080,500.00,cifi0007.DBF
QLFS,10QLFS,F,SM,00,32,77,451.61,487,466.36,469.17,7.931610,1.209080,500.00,cifi0007.DBF
QLFS,10QLFS,F,SM,00,32,78,453.96,488,468.44,471.37,7.931610,1.209080,500.00,cifi0007.DBF
QLFS,10QLFS,F,SM,00,32,79,456.06,489,470.30,473.34,7.931610,1.209080,500.00,cifi0007.DBF
QLFS,10QLFS,F,SM,00,32,80,457.95,489,471.98,475.10,7.931610,1.209080,500.00,cifi0007.DBF
QLFS,10QLFS,F,SM,00,32,81,459.80,490,473.61,476.76,7.931610,1.209080,500.00,cifi0007.DBF
QLFS,10QLFS,F,SM,00,32,82,461.75,490,475.33,478.44,7.931610,1.209080,500.00,cifi0007.DBF
QLFS,10QLFS,F,SM,00,32,83,463.48,491,476.86,480.06,7.931610,1.209080,500.00,cifi0007.DBF
QLFS,10QLFS,F,SM,00,32,84,465.13,491,478.32,481.55,7.931610,1.209080,500.00,cifi0007.DBF
QLFS,10QLFS,F,SM,00,32,85,466.73,492,479.71,482.98,7.931610,1.209080,500.00,cifi0007.DBF
QLFS,10QLFS,F,SM,00,32,86,468.25,492,481.01,484.33,7.931610,1.209080,500.00,cifi0007.DBF
QLFS,10QLFS,F,SM,00,32,87,471.10,493,483.05,486.00,7.931610,1.209080,500.00,cifi0007.DBF
QLFS,10QLFS,F,SM,00,32,88,500.00,500,500.00,495.49,7.931610,1.209080,500.00,cifi0007.DBF
QLFS,10QLFS,F,SM,00,33,1,0.00,0,0.00,0.65,1.307380,1.307380,1000.00,cifi0007.DBF
QLFS,10QLFS,F,SM,00,33,2,0.00,0,7.06,7.65,8.244660,1.307380,1000.00,cifi0007.DBF
QLFS,10QLFS,F,SM,00,33,3,0.00,0,14.24,14.77,8.244660,1.307380,1000.00,cifi0007.DBF
QLFS,10QLFS,F,SM,00,33,4,5.89,40,21.56,22.03,8.244660,1.307380,1000.00,cifi0007.DBF
QLFS,10QLFS,F,SM,00,33,5,12.37,82,29.04,29.42,8.244660,1.307380,1000.00,cifi0007.DBF
QLFS,10QLFS,F,SM,00,33,6,19.05,121,36.69,36.99,8.244660,1.307380,1000.00,cifi0007.DBF
QLFS,10QLFS,F,SM,00,33,7,25.92,160,44.50,44.72,8.244660,1.307380,1000.00,cifi0007.DBF
QLFS,10QLFS,F,SM,00,33,8,33.00,196,52.48,52.61,8.244660,1.307380,1000.00,cifi0007.DBF
QLFS,10QLFS,F,SM,00,33,9,40.26,232,60.61,60.67,8.244660,1.307380,1000.00,cifi0007.DBF
QLFS,10QLFS,F,SM,00,33,10,47.69,266,68.87,68.86,8.244660,1.307380,1000.00,cifi0007.DBF
QLFS,10QLFS,F,SM,00,33,11,55.27,298,77.23,77.17,8.244660,1.307380,1000.00,cifi0007.DBF
QLFS,10QLFS,F,SM,00,33,12,62.99,329,85.68,85.58,8.244660,1.307380,1000.00,cifi0007.DBF
QLFS,10QLFS,F,SM,00,33,13,70.80,359,94.19,94.06,8.244660,1.307380,1000.00,cifi0007.DBF
QLFS,10QLFS,F,SM,00,33,14,78.67,387,102.71,102.57,8.244660,1.307380,1000.00,cifi0007.DBF
QLFS,10QLFS,F,SM,00,33,15,86.55,413,111.17,111.06,8.244660,1.307380,1000.00,cifi0007.DBF
QLFS,10QLFS,F,SM,00,33,16,94.36,438,119.52,119.47,8.244660,1.307380,1000.00,cifi0007.DBF
QLFS,10QLFS,F,SM,00,33,17,102.05,462,127.70,127.73,8.244660,1.307380,1000.00,cifi0007.DBF
QLFS,10QLFS,F,SM,00,33,18,109.59,484,135.68,135.81,8.244660,1.307380,1000.00,cifi0007.DBF
QLFS,10QLFS,F,SM,00,33,19,116.93,504,143.40,143.66,8.244660,1.307380,1000.00,cifi0007.DBF
QLFS,10QLFS,F,SM,00,33,20,124.03,524,150.83,151.23,8.244660,1.307380,1000.00,cifi0007.DBF
QLFS,10QLFS,F,SM,00,33,21,130.82,541,157.90,158.48,8.244660,1.307380,1000.00,cifi0007.DBF
QLFS,10QLFS,F,SM,00,33,22,137.26,558,164.57,165.36,8.244660,1.307380,1000.00,cifi0007.DBF
QLFS,10QLFS,F,SM,00,33,23,143.30,573,170.80,171.81,8.244660,1.307380,1000.00,cifi0007.DBF
QLFS,10QLFS,F,SM,00,33,24,148.87,588,176.51,177.78,8.244660,1.307380,1000.00,cifi0007.DBF
QLFS,10QLFS,F,SM,00,33,25,153.95,601,181.70,183.23,8.244660,1.307380,1000.00,cifi0007.DBF
QLFS,10QLFS,F,SM,00,33,26,158.49,613,186.30,188.12,8.244660,1.307380,1000.00,cifi0007.DBF
QLFS,10QLFS,F,SM,00,33,27,162.40,624,190.25,192.40,8.244660,1.307380,1000.00,cifi0007.DBF
QLFS,10QLFS,F,SM,00,33,28,165.62,634,193.48,195.98,8.244660,1.307380,1000.00,cifi0007.DBF
QLFS,10QLFS,F,SM,00,33,29,168.03,642,195.88,198.80,8.244660,1.307380,1000.00,cifi0007.DBF
QLFS,10QLFS,F,SM,00,33,30,169.54,650,197.37,200.75,8.244660,1.307380,1000.00,cifi0007.DBF
QLFS,10QLFS,F,SM,00,33,31,170.07,656,197.87,201.74,8.244660,1.307380,1000.00,cifi0007.DBF
QLFS,10QLFS,F,SM,00,33,32,169.46,331,197.25,201.68,8.244660,1.307380,1000.00,cifi0007.DBF
QLFS,10QLFS,F,SM,00,33,33,178.32,340,206.30,205.90,8.244660,1.307380,500.00,cifi0007.DBF
QLFS,10QLFS,F,SM,00,33,34,187.27,348,215.39,214.97,8.244660,1.307380,500.00,cifi0007.DBF
QLFS,10QLFS,F,SM,00,33,35,196.27,356,224.50,224.07,8.244660,1.307380,500.00,cifi0007.DBF
QLFS,10QLFS,F,SM,00,33,36,205.33,364,233.60,233.17,8.244660,1.307380,500.00,cifi0007.DBF
QLFS,10QLFS,F,SM,00,33,37,214.41,371,242.69,242.27,8.244660,1.307380,500.00,cifi0007.DBF
QLFS,10QLFS,F,SM,00,33,38,223.48,378,251.72,251.33,8.244660,1.307380,500.00,cifi0007.DBF
QLFS,10QLFS,F,SM,00,33,39,232.51,384,260.67,260.32,8.244660,1.307380,500.00,cifi0007.DBF
QLFS,10QLFS,F,SM,00,33,40,241.47,391,269.51,269.21,8.244660,1.307380,500.00,cifi0007.DBF
QLFS,10QLFS,F,SM,00,33,41,250.36,397,278.24,278.00,8.244660,1.307380,500.00,cifi0007.DBF
QLFS,10QLFS,F,SM,00,33,42,259.18,402,286.87,286.68,8.244660,1.307380,500.00,cifi0007.DBF
QLFS,10QLFS,F,SM,00,33,43,267.95,408,295.41,295.26,8.244660,1.307380,500.00,cifi0007.DBF
QLFS,10QLFS,F,SM,00,33,44,276.66,413,303.85,303.75,8.244660,1.307380,500.00,cifi0007.DBF
QLFS,10QLFS,F,SM,00,33,45,285.32,418,312.20,312.15,8.244660,1.307380,500.00,cifi0007.DBF
QLFS,10QLFS,F,SM,00,33,46,293.91,423,320.45,320.45,8.244660,1.307380,500.00,cifi0007.DBF
QLFS,10QLFS,F,SM,00,33,47,302.44,427,328.60,328.65,8.244660,1.307380,500.00,cifi0007.DBF
QLFS,10QLFS,F,SM,00,33,48,310.75,431,336.51,336.68,8.244660,1.307380,500.00,cifi0007.DBF
QLFS,10QLFS,F,SM,00,33,49,318.65,435,344.01,344.38,8.244660,1.307380,500.00,cifi0007.DBF
QLFS,10QLFS,F,SM,00,33,50,326.18,439,351.14,351.70,8.244660,1.307380,500.00,cifi0007.DBF
QLFS,10QLFS,F,SM,00,33,51,333.38,442,357.93,358.66,8.244660,1.307380,500.00,cifi0007.DBF
QLFS,10QLFS,F,SM,00,33,52,340.24,446,364.39,365.28,8.244660,1.307380,500.00,cifi0007.DBF
QLFS,10QLFS,F,SM,00,33,53,346.96,449,370.69,371.66,8.244660,1.307380,500.00,cifi0007.DBF
QLFS,10QLFS,F,SM,00,33,54,353.42,451,376.73,377.83,8.244660,1.307380,500.00,cifi0007.DBF
QLFS,10QLFS,F,SM,00,33,55,359.36,454,382.28,383.63,8.244660,1.307380,500.00,cifi0007.DBF
QLFS,10QLFS,F,SM,00,33,56,364.83,456,387.38,388.95,8.244660,1.307380,500.00,cifi0007.DBF
QLFS,10QLFS,F,SM,00,33,57,369.98,458,392.19,393.91,8.244660,1.307380,500.00,cifi0007.DBF
QLFS,10QLFS,F,SM,00,33,58,375.49,460,397.30,398.87,8.244660,1.307380,500.00,cifi0007.DBF
QLFS,10QLFS,F,SM,00,33,59,381.66,463,402.99,404.27,8.244660,1.307380,500.00,cifi0007.DBF
QLFS,10QLFS,F,SM,00,33,60,388.00,465,408.81,410.02,8.244660,1.307380,500.00,cifi0007.DBF
QLFS,10QLFS,F,SM,00,33,61,394.21,468,414.48,415.76,8.244660,1.307380,500.00,cifi0007.DBF
QLFS,10QLFS,F,SM,00,33,62,399.75,470,419.53,421.13,8.244660,1.307380,500.00,cifi0007.DBF
QLFS,10QLFS,F,SM,00,33,63,404.26,471,423.64,425.71,8.244660,1.307380,500.00,cifi0007.DBF
QLFS,10QLFS,F,SM,00,33,64,407.74,472,426.82,429.35,8.244660,1.307380,500.00,cifi0007.DBF
QLFS,10QLFS,F,SM,00,33,65,411.04,474,429.84,432.45,8.244660,1.307380,500.00,cifi0007.DBF
QLFS,10QLFS,F,SM,00,33,66,415.10,475,433.53,435.80,8.244660,1.307380,500.00,cifi0007.DBF
QLFS,10QLFS,F,SM,00,33,67,419.33,476,437.36,439.56,8.244660,1.307380,500.00,cifi0007.DBF
QLFS,10QLFS,F,SM,00,33,68,423.45,478,441.09,443.35,8.244660,1.307380,500.00,cifi0007.DBF
QLFS,10QLFS,F,SM,00,33,69,427.48,479,444.72,447.02,8.244660,1.307380,500.00,cifi0007.DBF
QLFS,10QLFS,F,SM,00,33,70,431.42,480,448.25,450.61,8.244660,1.307380,500.00,cifi0007.DBF
QLFS,10QLFS,F,SM,00,33,71,435.30,482,451.74,454.12,8.244660,1.307380,500.00,cifi0007.DBF
QLFS,10QLFS,F,SM,00,33,72,439.04,483,455.09,457.54,8.244660,1.307380,500.00,cifi0007.DBF
QLFS,10QLFS,F,SM,00,33,73,442.46,484,458.15,460.74,8.244660,1.307380,500.00,cifi0007.DBF
QLFS,10QLFS,F,SM,00,33,74,445.59,485,460.93,463.66,8.244660,1.307380,500.00,cifi0007.DBF
QLFS,10QLFS,F,SM,00,33,75,448.45,486,463.49,466.33,8.244660,1.307380,500.00,cifi0007.DBF
QLFS,10QLFS,F,SM,00,33,76,451.09,487,465.83,468.78,8.244660,1.307380,500.00,cifi0007.DBF
QLFS,10QLFS,F,SM,00,33,77,453.46,487,467.94,471.01,8.244660,1.307380,500.00,cifi0007.DBF
QLFS,10QLFS,F,SM,00,33,78,455.58,488,469.82,473.00,8.244660,1.307380,500.00,cifi0007.DBF
QLFS,10QLFS,F,SM,00,33,79,457.49,489,471.52,474.79,8.244660,1.307380,500.00,cifi0007.DBF
QLFS,10QLFS,F,SM,00,33,80,459.36,489,473.17,476.47,8.244660,1.307380,500.00,cifi0007.DBF
QLFS,10QLFS,F,SM,00,33,81,461.33,490,474.92,478.17,8.244660,1.307380,500.00,cifi0007.DBF
QLFS,10QLFS,F,SM,00,33,82,463.09,490,476.46,479.81,8.244660,1.307380,500.00,cifi0007.DBF
QLFS,10QLFS,F,SM,00,33,83,464.76,491,477.94,481.32,8.244660,1.307380,500.00,cifi0007.DBF
QLFS,10QLFS,F,SM,00,33,84,466.37,491,479.35,482.77,8.244660,1.307380,500.00,cifi0007.DBF
QLFS,10QLFS,F,SM,00,33,85,467.90,492,480.66,484.13,8.244660,1.307380,500.00,cifi0007.DBF
QLFS,10QLFS,F,SM,00,33,86,470.79,492,482.74,485.82,8.244660,1.307380,500.00,cifi0007.DBF
QLFS,10QLFS,F,SM,00,33,87,500.00,500,500.00,495.49,8.244660,1.307380,500.00,cifi0007.DBF
QLFS,10QLFS,F,SM,00,34,1,0.00,0,0.00,0.72,1.435170,1.435170,1000.00,cifi0007.DBF
QLFS,10QLFS,F,SM,00,34,2,0.00,0,7.26,7.92,8.570010,1.435170,1000.00,cifi0007.DBF
QLFS,10QLFS,F,SM,00,34,3,0.00,0,14.66,15.25,8.570010,1.435170,1000.00,cifi0007.DBF
QLFS,10QLFS,F,SM,00,34,4,6.37,42,22.23,22.73,8.570010,1.435170,1000.00,cifi0007.DBF
QLFS,10QLFS,F,SM,00,34,5,13.11,84,29.96,30.38,8.570010,1.435170,1000.00,cifi0007.DBF
QLFS,10QLFS,F,SM,00,34,6,20.05,124,37.86,38.19,8.570010,1.435170,1000.00,cifi0007.DBF
QLFS,10QLFS,F,SM,00,34,7,27.19,162,45.93,46.18,8.570010,1.435170,1000.00,cifi0007.DBF
QLFS,10QLFS,F,SM,00,34,8,34.53,199,54.15,54.32,8.570010,1.435170,1000.00,cifi0007.DBF
QLFS,10QLFS,F,SM,00,34,9,42.03,234,62.50,62.61,8.570010,1.435170,1000.00,cifi0007.DBF
QLFS,10QLFS,F,SM,00,34,10,49.69,268,70.96,71.02,8.570010,1.435170,1000.00,cifi0007.DBF
QLFS,10QLFS,F,SM,00,34,11,57.47,300,79.51,79.52,8.570010,1.435170,1000.00,cifi0007.DBF
QLFS,10QLFS,F,SM,00,34,12,65.36,331,88.12,88.10,8.570010,1.435170,1000.00,cifi0007.DBF
QLFS,10QLFS,F,SM,00,34,13,73.32,361,96.74,96.71,8.570010,1.435170,1000.00,cifi0007.DBF
QLFS,10QLFS,F,SM,00,34,14,81.28,388,105.31,105.31,8.570010,1.435170,1000.00,cifi0007.DBF
QLFS,10QLFS,F,SM,00,34,15,89.17,414,113.76,113.82,8.570010,1.435170,1000.00,cifi0007.DBF
QLFS,10QLFS,F,SM,00,34,16,96.95,439,122.05,122.19,8.570010,1.435170,1000.00,cifi0007.DBF
QLFS,10QLFS,F,SM,00,34,17,104.57,462,130.13,130.37,8.570010,1.435170,1000.00,cifi0007.DBF
QLFS,10QLFS,F,SM,00,34,18,112.00,483,137.96,138.33,8.570010,1.435170,1000.00,cifi0007.DBF
QLFS,10QLFS,F,SM,00,34,19,119.18,503,145.50,146.02,8.570010,1.435170,1000.00,cifi0007.DBF
QLFS,10QLFS,F,SM,00,34,20,126.06,522,152.68,153.37,8.570010,1.435170,1000.00,cifi0007.DBF
QLFS,10QLFS,F,SM,00,34,21,132.60,539,159.46,160.36,8.570010,1.435170,1000.00,cifi0007.DBF
QLFS,10QLFS,F,SM,00,34,22,138.72,555,165.80,166.92,8.570010,1.435170,1000.00,cifi0007.DBF
QLFS,10QLFS,F,SM,00,34,23,144.39,570,171.63,173.00,8.570010,1.435170,1000.00,cifi0007.DBF
QLFS,10QLFS,F,SM,00,34,24,149.56,584,176.92,178.56,8.570010,1.435170,1000.00,cifi0007.DBF
QLFS,10QLFS,F,SM,00,34,25,154.19,596,181.64,183.56,8.570010,1.435170,1000.00,cifi0007.DBF
QLFS,10QLFS,F,SM,00,34,26,158.19,608,185.69,187.95,8.570010,1.435170,1000.00,cifi0007.DBF
QLFS,10QLFS,F,SM,00,34,27,161.50,618,189.04,191.65,8.570010,1.435170,1000.00,cifi0007.DBF
QLFS,10QLFS,F,SM,00,34,28,164.01,627,191.56,194.58,8.570010,1.435170,1000.00,cifi0007.DBF
QLFS,10QLFS,F,SM,00,34,29,165.62,635,193.16,196.64,8.570010,1.435170,1000.00,cifi0007.DBF
QLFS,10QLFS,F,SM,00,34,30,166.25,642,193.78,197.75,8.570010,1.435170,1000.00,cifi0007.DBF
QLFS,10QLFS,F,SM,00,34,31,165.74,324,193.27,197.81,8.570010,1.435170,1000.00,cifi0007.DBF
QLFS,10QLFS,F,SM,00,34,32,174.70,333,202.44,202.14,8.570010,1.435170,500.00,cifi0007.DBF
QLFS,10QLFS,F,SM,00,34,33,183.75,341,211.64,211.33,8.570010,1.435170,500.00,cifi0007.DBF
QLFS,10QLFS,F,SM,00,34,34,192.85,350,220.86,220.54,8.570010,1.435170,500.00,cifi0007.DBF
QLFS,10QLFS,F,SM,00,34,35,202.01,358,230.08,229.76,8.570010,1.435170,500.00,cifi0007.DBF
QLFS,10QLFS,F,SM,00,34,36,211.19,365,239.29,238.97,8.570010,1.435170,500.00,cifi0007.DBF
QLFS,10QLFS,F,SM,00,34,37,220.36,373,248.43,248.15,8.570010,1.435170,500.00,cifi0007.DBF
QLFS,10QLFS,F,SM,00,34,38,229.49,379,257.50,257.25,8.570010,1.435170,500.00,cifi0007.DBF
QLFS,10QLFS,F,SM,00,34,39,238.56,386,266.46,266.26,8.570010,1.435170,500.00,cifi0007.DBF
QLFS,10QLFS,F,SM,00,34,40,247.55,392,275.30,275.16,8.570010,1.435170,500.00,cifi0007.DBF
QLFS,10QLFS,F,SM,00,34,41,256.47,398,284.03,283.95,8.570010,1.435170,500.00,cifi0007.DBF
QLFS,10QLFS,F,SM,00,34,42,265.34,404,292.68,292.64,8.570010,1.435170,500.00,cifi0007.DBF
QLFS,10QLFS,F,SM,00,34,43,274.15,409,301.23,301.24,8.570010,1.435170,500.00,cifi0007.DBF
QLFS,10QLFS,F,SM,00,34,44,282.90,414,309.69,309.75,8.570010,1.435170,500.00,cifi0007.DBF
QLFS,10QLFS,F,SM,00,34,45,291.58,419,318.04,318.15,8.570010,1.435170,500.00,cifi0007.DBF
QLFS,10QLFS,F,SM,00,34,46,300.21,424,326.30,326.45,8.570010,1.435170,500.00,cifi0007.DBF
QLFS,10QLFS,F,SM,00,34,47,308.61,429,334.31,334.59,8.570010,1.435170,500.00,cifi0007.DBF
QLFS,10QLFS,F,SM,00,34,48,316.61,433,341.91,342.39,8.570010,1.435170,500.00,cifi0007.DBF
QLFS,10QLFS,F,SM,00,34,49,324.22,436,349.13,349.80,8.570010,1.435170,500.00,cifi0007.DBF
QLFS,10QLFS,F,SM,00,34,50,331.50,440,356.00,356.85,8.570010,1.435170,500.00,cifi0007.DBF
QLFS,10QLFS,F,SM,00,34,51,338.44,443,362.55,363.56,8.570010,1.435170,500.00,cifi0007.DBF
QLFS,10QLFS,F,SM,00,34,52,345.24,446,368.93,370.02,8.570010,1.435170,500.00,cifi0007.DBF
QLFS,10QLFS,F,SM,00,34,53,351.77,449,375.04,376.27,8.570010,1.435170,500.00,cifi0007.DBF
QLFS,10QLFS,F,SM,00,34,54,357.78,452,380.66,382.14,8.570010,1.435170,500.00,cifi0007.DBF
QLFS,10QLFS,F,SM,00,34,55,363.30,454,385.83,387.53,8.570010,1.435170,500.00,cifi0007.DBF
QLFS,10QLFS,F,SM,00,34,56,368.51,456,390.70,392.55,8.570010,1.435170,500.00,cifi0007.DBF
QLFS,10QLFS,F,SM,00,34,57,374.09,459,395.88,397.57,8.570010,1.435170,500.00,cifi0007.DBF
QLFS,10QLFS,F,SM,00,34,58,380.32,461,401.63,403.04,8.570010,1.435170,500.00,cifi0007.DBF
QLFS,10QLFS,F,SM,00,34,59,386.74,464,407.53,408.87,8.570010,1.435170,500.00,cifi0007.DBF
QLFS,10QLFS,F,SM,00,34,60,393.01,466,413.27,414.69,8.570010,1.435170,500.00,cifi0007.DBF
QLFS,10QLFS,F,SM,00,34,61,398.62,468,418.39,420.12,8.570010,1.435170,500.00,cifi0007.DBF
QLFS,10QLFS,F,SM,00,34,62,403.18,470,422.55,424.76,8.570010,1.435170,500.00,cifi0007.DBF
QLFS,10QLFS,F,SM,00,34,63,406.70,471,425.78,428.45,8.570010,1.435170,500.00,cifi0007.DBF
QLFS,10QLFS,F,SM,00,34,64,410.04,472,428.83,431.59,8.570010,1.435170,500.00,cifi0007.DBF
QLFS,10QLFS,F,SM,00,34,65,414.14,474,432.56,434.98,8.570010,1.435170,500.00,cifi0007.DBF
QLFS,10QLFS,F,SM,00,34,66,418.42,475,436.45,438.79,8.570010,1.435170,500.00,cifi0007.DBF
QLFS,10QLFS,F,SM,00,34,67,422.59,477,440.22,442.62,8.570010,1.435170,500.00,cifi0007.DBF
QLFS,10QLFS,F,SM,00,34,68,426.66,478,443.90,446.34,8.570010,1.435170,500.00,cifi0007.DBF
QLFS,10QLFS,F,SM,00,34,69,430.64,480,447.48,449.97,8.570010,1.435170,500.00,cifi0007.DBF
QLFS,10QLFS,F,SM,00,34,70,434.57,481,451.01,453.53,8.570010,1.435170,500.00,cifi0007.DBF
QLFS,10QLFS,F,SM,00,34,71,438.36,482,454.41,456.99,8.570010,1.435170,500.00,cifi0007.DBF
QLFS,10QLFS,F,SM,00,34,72,441.81,483,457.50,460.24,8.570010,1.435170,500.00,cifi0007.DBF
QLFS,10QLFS,F,SM,00,34,73,444.97,484,460.32,463.20,8.570010,1.435170,500.00,cifi0007.DBF
QLFS,10QLFS,F,SM,00,34,74,447.87,485,462.91,465.90,8.570010,1.435170,500.00,cifi0007.DBF
QLFS,10QLFS,F,SM,00,34,75,450.53,486,465.28,468.38,8.570010,1.435170,500.00,cifi0007.DBF
QLFS,10QLFS,F,SM,00,34,76,452.94,487,467.42,470.64,8.570010,1.435170,500.00,cifi0007.DBF
QLFS,10QLFS,F,SM,00,34,77,455.08,487,469.32,472.66,8.570010,1.435170,500.00,cifi0007.DBF
QLFS,10QLFS,F,SM,00,34,78,457.02,488,471.04,474.47,8.570010,1.435170,500.00,cifi0007.DBF
QLFS,10QLFS,F,SM,00,34,79,458.90,489,472.72,476.16,8.570010,1.435170,500.00,cifi0007.DBF
QLFS,10QLFS,F,SM,00,34,80,460.90,489,474.48,477.89,8.570010,1.435170,500.00,cifi0007.DBF
QLFS,10QLFS,F,SM,00,34,81,462.67,490,476.05,479.55,8.570010,1.435170,500.00,cifi0007.DBF
QLFS,10QLFS,F,SM,00,34,82,464.36,490,477.54,481.08,8.570010,1.435170,500.00,cifi0007.DBF
QLFS,10QLFS,F,SM,00,34,83,465.99,491,478.98,482.55,8.570010,1.435170,500.00,cifi0007.DBF
QLFS,10QLFS,F,SM,00,34,84,467.54,491,480.30,483.93,8.570010,1.435170,500.00,cifi0007.DBF
QLFS,10QLFS,F,SM,00,34,85,470.46,492,482.42,485.64,8.570010,1.435170,500.00,cifi0007.DBF
QLFS,10QLFS,F,SM,00,34,86,500.00,500,500.00,495.49,8.570010,1.435170,500.00,cifi0007.DBF
QLFS,10QLFS,F,SM,00,35,1,0.00,0,0.00,0.78,1.562960,1.562960,1000.00,cifi0007.DBF
QLFS,10QLFS,F,SM,00,35,2,0.00,0,7.48,8.20,8.908620,1.562960,1000.00,cifi0007.DBF
QLFS,10QLFS,F,SM,00,35,3,0.11,1,15.13,15.76,8.908620,1.562960,1000.00,cifi0007.DBF
QLFS,10QLFS,F,SM,00,35,4,6.92,44,22.95,23.50,8.908620,1.562960,1000.00,cifi0007.DBF
QLFS,10QLFS,F,SM,00,35,5,13.93,86,30.94,31.40,8.908620,1.562960,1000.00,cifi0007.DBF
QLFS,10QLFS,F,SM,00,35,6,21.14,126,39.10,39.48,8.908620,1.562960,1000.00,cifi0007.DBF
QLFS,10QLFS,F,SM,00,35,7,28.55,165,47.42,47.72,8.908620,1.562960,1000.00,cifi0007.DBF
QLFS,10QLFS,F,SM,00,35,8,36.12,201,55.87,56.10,8.908620,1.562960,1000.00,cifi0007.DBF
QLFS,10QLFS,F,SM,00,35,9,43.86,237,64.44,64.61,8.908620,1.562960,1000.00,cifi0007.DBF
QLFS,10QLFS,F,SM,00,35,10,51.72,270,73.09,73.22,8.908620,1.562960,1000.00,cifi0007.DBF
QLFS,10QLFS,F,SM,00,35,11,59.69,303,81.80,81.90,8.908620,1.562960,1000.00,cifi0007.DBF
QLFS,10QLFS,F,SM,00,35,12,67.73,333,90.53,90.62,8.908620,1.562960,1000.00,cifi0007.DBF
QLFS,10QLFS,F,SM,00,35,13,75.78,362,99.21,99.32,8.908620,1.562960,1000.00,cifi0007.DBF
QLFS,10QLFS,F,SM,00,35,14,83.76,389,107.77,107.94,8.908620,1.562960,1000.00,cifi0007.DBF
QLFS,10QLFS,F,SM,00,35,15,91.62,415,116.17,116.42,8.908620,1.562960,1000.00,cifi0007.DBF
QLFS,10QLFS,F,SM,00,35,16,99.34,439,124.36,124.72,8.908620,1.562960,1000.00,cifi0007.DBF
QLFS,10QLFS,F,SM,00,35,17,106.86,461,132.30,132.79,8.908620,1.562960,1000.00,cifi0007.DBF
QLFS,10QLFS,F,SM,00,35,18,114.13,482,139.95,140.58,8.908620,1.562960,1000.00,cifi0007.DBF
QLFS,10QLFS,F,SM,00,35,19,121.10,501,147.25,148.06,8.908620,1.562960,1000.00,cifi0007.DBF
QLFS,10QLFS,F,SM,00,35,20,127.73,519,154.15,155.15,8.908620,1.562960,1000.00,cifi0007.DBF
QLFS,10QLFS,F,SM,00,35,21,133.95,536,160.60,161.83,8.908620,1.562960,1000.00,cifi0007.DBF
QLFS,10QLFS,F,SM,00,35,22,139.71,551,166.54,168.02,8.908620,1.562960,1000.00,cifi0007.DBF
QLFS,10QLFS,F,SM,00,35,23,144.97,566,171.95,173.70,8.908620,1.562960,1000.00,cifi0007.DBF
QLFS,10QLFS,F,SM,00,35,24,149.70,579,176.78,178.82,8.908620,1.562960,1000.00,cifi0007.DBF
QLFS,10QLFS,F,SM,00,35,25,153.80,591,180.96,183.32,8.908620,1.562960,1000.00,cifi0007.DBF
QLFS,10QLFS,F,SM,00,35,26,157.21,601,184.42,187.14,8.908620,1.562960,1000.00,cifi0007.DBF
QLFS,10QLFS,F,SM,00,35,27,159.82,611,187.05,190.19,8.908620,1.562960,1000.00,cifi0007.DBF
QLFS,10QLFS,F,SM,00,35,28,161.53,619,188.78,192.37,8.908620,1.562960,1000.00,cifi0007.DBF
QLFS,10QLFS,F,SM,00,35,29,162.26,626,189.51,193.60,8.908620,1.562960,1000.00,cifi0007.DBF
QLFS,10QLFS,F,SM,00,35,30,161.85,316,189.12,193.77,8.908620,1.562960,1000.00,cifi0007.DBF
QLFS,10QLFS,F,SM,00,35,31,170.92,326,198.41,198.22,8.908620,1.562960,500.00,cifi0007.DBF
QLFS,10QLFS,F,SM,00,35,32,180.07,335,207.74,207.53,8.908620,1.562960,500.00,cifi0007.DBF
QLFS,10QLFS,F,SM,00,35,33,189.28,343,217.08,216.87,8.908620,1.562960,500.00,cifi0007.DBF
QLFS,10QLFS,F,SM,00,35,34,198.54,352,226.42,226.21,8.908620,1.562960,500.00,cifi0007.DBF
QLFS,10QLFS,F,SM,00,35,35,207.83,359,235.75,235.54,8.908620,1.562960,500.00,cifi0007.DBF
QLFS,10QLFS,F,SM,00,35,36,217.11,367,245.01,244.83,8.908620,1.562960,500.00,cifi0007.DBF
QLFS,10QLFS,F,SM,00,35,37,226.35,374,254.20,254.06,8.908620,1.562960,500.00,cifi0007.DBF
QLFS,10QLFS,F,SM,00,35,38,235.52,381,263.27,263.19,8.908620,1.562960,500.00,cifi0007.DBF
QLFS,10QLFS,F,SM,00,35,39,244.61,388,272.23,272.21,8.908620,1.562960,500.00,cifi0007.DBF
QLFS,10QLFS,F,SM,00,35,40,253.64,394,281.08,281.11,8.908620,1.562960,500.00,cifi0007.DBF
QLFS,10QLFS,F,SM,00,35,41,262.61,400,289.84,289.92,8.908620,1.562960,500.00,cifi0007.DBF
QLFS,10QLFS,F,SM,00,35,42,271.52,405,298.51,298.63,8.908620,1.562960,500.00,cifi0007.DBF
QLFS,10QLFS,F,SM,00,35,43,280.37,411,307.07,307.24,8.908620,1.562960,500.00,cifi0007.DBF
QLFS,10QLFS,F,SM,00,35,44,289.16,416,315.54,315.76,8.908620,1.562960,500.00,cifi0007.DBF
QLFS,10QLFS,F,SM,00,35,45,297.89,421,323.90,324.17,8.908620,1.562960,500.00,cifi0007.DBF
QLFS,10QLFS,F,SM,00,35,46,306.39,425,332.02,332.41,8.908620,1.562960,500.00,cifi0007.DBF
QLFS,10QLFS,F,SM,00,35,47,314.48,430,339.72,340.32,8.908620,1.562960,500.00,cifi0007.DBF
QLFS,10QLFS,F,SM,00,35,48,322.18,434,347.03,347.83,8.908620,1.562960,500.00,cifi0007.DBF
QLFS,10QLFS,F,SM,00,35,49,329.54,437,353.99,354.97,8.908620,1.562960,500.00,cifi0007.DBF
QLFS,10QLFS,F,SM,00,35,50,336.57,441,360.63,361.76,8.908620,1.562960,500.00,cifi0007.DBF
QLFS,10QLFS,F,SM,00,35,51,343.44,444,367.09,368.31,8.908620,1.562960,500.00,cifi0007.DBF
QLFS,10QLFS,F,SM,00,35,52,350.04,447,373.29,374.64,8.908620,1.562960,500.00,cifi0007.DBF
QLFS,10QLFS,F,SM,00,35,53,356.12,450,378.98,380.59,8.908620,1.562960,500.00,cifi0007.DBF
QLFS,10QLFS,F,SM,00,35,54,361.71,452,384.22,386.05,8.908620,1.562960,500.00,cifi0007.DBF
QLFS,10QLFS,F,SM,00,35,55,366.99,455,389.15,391.14,8.908620,1.562960,500.00,cifi0007.DBF
QLFS,10QLFS,F,SM,00,35,56,372.62,457,394.39,396.22,8.908620,1.562960,500.00,cifi0007.DBF
QLFS,10QLFS,F,SM,00,35,57,378.93,460,400.23,401.76,8.908620,1.562960,500.00,cifi0007.DBF
QLFS,10QLFS,F,SM,00,35,58,385.43,462,406.20,407.67,8.908620,1.562960,500.00,cifi0007.DBF
QLFS,10QLFS,F,SM,00,35,59,391.77,465,412.02,413.56,8.908620,1.562960,500.00,cifi0007.DBF
QLFS,10QLFS,F,SM,00,35,60,397.44,467,417.20,419.06,8.908620,1.562960,500.00,cifi0007.DBF
QLFS,10QLFS,F,SM,00,35,61,402.06,469,421.42,423.77,8.908620,1.562960,500.00,cifi0007.DBF
QLFS,10QLFS,F,SM,00,35,62,405.62,470,424.69,427.51,8.908620,1.562960,500.00,cifi0007.DBF
QLFS,10QLFS,F,SM,00,35,63,408.99,471,427.78,430.69,8.908620,1.562960,500.00,cifi0007.DBF
QLFS,10QLFS,F,SM,00,35,64,413.14,473,431.56,434.13,8.908620,1.562960,500.00,cifi0007.DBF
QLFS,10QLFS,F,SM,00,35,65,417.47,474,435.50,437.99,8.908620,1.562960,500.00,cifi0007.DBF
QLFS,10QLFS,F,SM,00,35,66,421.69,476,439.32,441.86,8.908620,1.562960,500.00,cifi0007.DBF
QLFS,10QLFS,F,SM,00,35,67,425.81,477,443.05,445.64,8.908620,1.562960,500.00,cifi0007.DBF
QLFS,10QLFS,F,SM,00,35,68,429.84,479,446.68,449.32,8.908620,1.562960,500.00,cifi0007.DBF
QLFS,10QLFS,F,SM,00,35,69,433.81,480,450.26,452.92,8.908620,1.562960,500.00,cifi0007.DBF
QLFS,10QLFS,F,SM,00,35,70,437.64,481,453.69,456.43,8.908620,1.562960,500.00,cifi0007.DBF
QLFS,10QLFS,F,SM,00,35,71,441.14,483,456.83,459.71,8.908620,1.562960,500.00,cifi0007.DBF
QLFS,10QLFS,F,SM,00,35,72,444.33,484,459.69,462.71,8.908620,1.562960,500.00,cifi0007.DBF
QLFS,10QLFS,F,SM,00,35,73,447.26,485,462.31,465.45,8.908620,1.562960,500.00,cifi0007.DBF
QLFS,10QLFS,F,SM,00,35,74,449.96,485,464.71,467.96,8.908620,1.562960,500.00,cifi0007.DBF
QLFS,10QLFS,F,SM,00,35,75,452.39,486,466.88,470.25,8.908620,1.562960,500.00,cifi0007.DBF
QLFS,10QLFS,F,SM,00,35,76,454.56,487,468.80,472.30,8.908620,1.562960,500.00,cifi0007.DBF
QLFS,10QLFS,F,SM,00,35,77,456.52,488,470.55,474.13,8.908620,1.562960,500.00,cifi0007.DBF
QLFS,10QLFS,F,SM,00,35,78,458.42,488,472.24,475.85,8.908620,1.562960,500.00,cifi0007.DBF
QLFS,10QLFS,F,SM,00,35,79,460.44,489,474.03,477.59,8.908620,1.562960,500.00,cifi0007.DBF
QLFS,10QLFS,F,SM,00,35,80,462.24,489,475.62,479.28,8.908620,1.562960,500.00,cifi0007.DBF
QLFS,10QLFS,F,SM,00,35,81,463.94,490,477.13,480.83,8.908620,1.562960,500.00,cifi0007.DBF
QLFS,10QLFS,F,SM,00,35,82,465.59,490,478.59,482.32,8.908620,1.562960,500.00,cifi0007.DBF
QLFS,10QLFS,F,SM,00,35,83,467.16,491,479.93,483.71,8.908620,1.562960,500.00,cifi0007.DBF
QLFS,10QLFS,F,SM,00,35,84,470.12,492,482.08,485.46,8.908620,1.562960,500.00,cifi0007.DBF
QLFS,10QLFS,F,SM,00,35,85,500.00,500,500.00,495.49,8.908620,1.562960,500.00,cifi0007.DBF
QLFS,10QLFS,F,SM,00,36,1,0.00,0,0.00,0.85,1.690750,1.690750,1000.00,cifi0007.DBF
QLFS,10QLFS,F,SM,00,36,2,0.00,0,7.74,8.50,9.261530,1.690750,1000.00,cifi0007.DBF
QLFS,10QLFS,F,SM,00,36,3,0.45,3,15.65,16.33,9.261530,1.690750,1000.00,cifi0007.DBF
QLFS,10QLFS,F,SM,00,36,4,7.53,47,23.74,24.33,9.261530,1.690750,1000.00,cifi0007.DBF
QLFS,10QLFS,F,SM,00,36,5,14.82,88,32.00,32.50,9.261530,1.690750,1000.00,cifi0007.DBF
QLFS,10QLFS,F,SM,00,36,6,22.30,129,40.42,40.84,9.261530,1.690750,1000.00,cifi0007.DBF
QLFS,10QLFS,F,SM,00,36,7,29.95,167,48.97,49.32,9.261530,1.690750,1000.00,cifi0007.DBF
QLFS,10QLFS,F,SM,00,36,8,37.77,204,57.64,57.93,9.261530,1.690750,1000.00,cifi0007.DBF
QLFS,10QLFS,F,SM,00,36,9,45.72,239,66.39,66.65,9.261530,1.690750,1000.00,cifi0007.DBF
QLFS,10QLFS,F,SM,00,36,10,53.77,273,75.21,75.44,9.261530,1.690750,1000.00,cifi0007.DBF
QLFS,10QLFS,F,SM,00,36,11,61.90,304,84.05,84.26,9.261530,1.690750,1000.00,cifi0007.DBF
QLFS,10QLFS,F,SM,00,36,12,70.03,335,92.85,93.08,9.261530,1.690750,1000.00,cifi0007.DBF
QLFS,10QLFS,F,SM,00,36,13,78.10,363,101.52,101.82,9.261530,1.690750,1000.00,cifi0007.DBF
QLFS,10QLFS,F,SM,00,36,14,86.06,390,110.03,110.41,9.261530,1.690750,1000.00,cifi0007.DBF
QLFS,10QLFS,F,SM,00,36,15,93.87,414,118.35,118.82,9.261530,1.690750,1000.00,cifi0007.DBF
QLFS,10QLFS,F,SM,00,36,16,101.48,438,126.41,127.01,9.261530,1.690750,1000.00,cifi0007.DBF
QLFS,10QLFS,F,SM,00,36,17,108.85,460,134.17,134.92,9.261530,1.690750,1000.00,cifi0007.DBF
QLFS,10QLFS,F,SM,00,36,18,115.92,480,141.59,142.51,9.261530,1.690750,1000.00,cifi0007.DBF
QLFS,10QLFS,F,SM,00,36,19,122.64,499,148.61,149.73,9.261530,1.690750,1000.00,cifi0007.DBF
QLFS,10QLFS,F,SM,00,36,20,128.96,516,155.18,156.52,9.261530,1.690750,1000.00,cifi0007.DBF
QLFS,10QLFS,F,SM,00,36,21,134.82,532,161.24,162.84,9.261530,1.690750,1000.00,cifi0007.DBF
QLFS,10QLFS,F,SM,00,36,22,140.19,547,166.77,168.63,9.261530,1.690750,1000.00,cifi0007.DBF
QLFS,10QLFS,F,SM,00,36,23,145.01,561,171.72,173.88,9.261530,1.690750,1000.00,cifi0007.DBF
QLFS,10QLFS,F,SM,00,36,24,149.21,573,176.02,178.50,9.261530,1.690750,1000.00,cifi0007.DBF
QLFS,10QLFS,F,SM,00,36,25,152.73,584,179.60,182.44,9.261530,1.690750,1000.00,cifi0007.DBF
QLFS,10QLFS,F,SM,00,36,26,155.45,594,182.36,185.61,9.261530,1.690750,1000.00,cifi0007.DBF
QLFS,10QLFS,F,SM,00,36,27,157.26,603,184.21,187.92,9.261530,1.690750,1000.00,cifi0007.DBF
QLFS,10QLFS,F,SM,00,36,28,158.09,610,185.07,189.27,9.261530,1.690750,1000.00,cifi0007.DBF
QLFS,10QLFS,F,SM,00,36,29,157.79,308,184.80,189.57,9.261530,1.690750,1000.00,cifi0007.DBF
QLFS,10QLFS,F,SM,00,36,30,166.97,318,194.22,194.14,9.261530,1.690750,500.00,cifi0007.DBF
QLFS,10QLFS,F,SM,00,36,31,176.23,327,203.67,203.58,9.261530,1.690750,500.00,cifi0007.DBF
QLFS,10QLFS,F,SM,00,36,32,185.55,336,213.14,213.04,9.261530,1.690750,500.00,cifi0007.DBF
QLFS,10QLFS,F,SM,00,36,33,194.93,345,222.61,222.51,9.261530,1.690750,500.00,cifi0007.DBF
QLFS,10QLFS,F,SM,00,36,34,204.33,353,232.06,231.96,9.261530,1.690750,500.00,cifi0007.DBF
QLFS,10QLFS,F,SM,00,36,35,213.72,361,241.45,241.38,9.261530,1.690750,500.00,cifi0007.DBF
QLFS,10QLFS,F,SM,00,36,36,223.06,369,250.76,250.73,9.261530,1.690750,500.00,cifi0007.DBF
QLFS,10QLFS,F,SM,00,36,37,232.35,376,259.96,259.99,9.261530,1.690750,500.00,cifi0007.DBF
QLFS,10QLFS,F,SM,00,36,38,241.55,383,269.04,269.13,9.261530,1.690750,500.00,cifi0007.DBF
QLFS,10QLFS,F,SM,00,36,39,250.68,389,278.01,278.15,9.261530,1.690750,500.00,cifi0007.DBF
QLFS,10QLFS,F,SM,00,36,40,259.76,395,286.89,287.08,9.261530,1.690750,500.00,cifi0007.DBF
QLFS,10QLFS,F,SM,00,36,41,268.78,401,295.67,295.91,9.261530,1.690750,500.00,cifi0007.DBF
QLFS,10QLFS,F,SM,00,36,42,277.74,407,304.35,304.64,9.261530,1.690750,500.00,cifi0007.DBF
QLFS,10QLFS,F,SM,00,36,43,286.63,412,312.93,313.27,9.261530,1.690750,500.00,cifi0007.DBF
QLFS,10QLFS,F,SM,00,36,44,295.46,417,321.40,321.79,9.261530,1.690750,500.00,cifi0007.DBF
QLFS,10QLFS,F,SM,00,36,45,304.07,422,329.63,330.15,9.261530,1.690750,500.00,cifi0007.DBF
QLFS,10QLFS,F,SM,00,36,46,312.25,427,337.43,338.16,9.261530,1.690750,500.00,cifi0007.DBF
QLFS,10QLFS,F,SM,00,36,47,320.05,431,344.84,345.77,9.261530,1.690750,500.00,cifi0007.DBF
QLFS,10QLFS,F,SM,00,36,48,327.49,435,351.90,353.00,9.261530,1.690750,500.00,cifi0007.DBF
QLFS,10QLFS,F,SM,00,36,49,334.61,438,358.62,359.89,9.261530,1.690750,500.00,cifi0007.DBF
QLFS,10QLFS,F,SM,00,36,50,341.56,442,365.18,366.53,9.261530,1.690750,500.00,cifi0007.DBF
QLFS,10QLFS,F,SM,00,36,51,348.24,445,371.46,372.95,9.261530,1.690750,500.00,cifi0007.DBF
QLFS,10QLFS,F,SM,00,36,52,354.40,448,377.23,378.97,9.261530,1.690750,500.00,cifi0007.DBF
QLFS,10QLFS,F,SM,00,36,53,360.05,450,382.53,384.51,9.261530,1.690750,500.00,cifi0007.DBF
QLFS,10QLFS,F,SM,00,36,54,365.39,453,387.53,389.66,9.261530,1.690750,500.00,cifi0007.DBF
QLFS,10QLFS,F,SM,00,36,55,371.09,455,392.85,394.82,9.261530,1.690750,500.00,cifi0007.DBF
QLFS,10QLFS,F,SM,00,36,56,377.48,458,398.76,400.44,9.261530,1.690750,500.00,cifi0007.DBF
QLFS,10QLFS,F,SM,00,36,57,384.05,460,404.82,406.42,9.261530,1.690750,500.00,cifi0007.DBF
QLFS,10QLFS,F,SM,00,36,58,390.47,463,410.71,412.39,9.261530,1.690750,500.00,cifi0007.DBF
QLFS,10QLFS,F,SM,00,36,59,396.21,465,415.97,417.97,9.261530,1.690750,500.00,cifi0007.DBF
QLFS,10QLFS,F,SM,00,36,60,400.88,467,420.24,422.74,9.261530,1.690750,500.00,cifi0007.DBF
QLFS,10QLFS,F,SM,00,36,61,404.49,469,423.55,426.53,9.261530,1.690750,500.00,cifi0007.DBF
QLFS,10QLFS,F,SM,00,36,62,407.90,470,426.69,429.75,9.261530,1.690750,500.00,cifi0007.DBF
QLFS,10QLFS,F,SM,00,36,63,412.10,472,430.52,433.24,9.261530,1.690750,500.00,cifi0007.DBF
QLFS,10QLFS,F,SM,00,36,64,416.48,473,434.51,437.15,9.261530,1.690750,500.00,cifi0007.DBF
QLFS,10QLFS,F,SM,00,36,65,420.75,475,438.38,441.08,9.261530,1.690750,500.00,cifi0007.DBF
QLFS,10QLFS,F,SM,00,36,66,424.92,476,442.16,444.90,9.261530,1.690750,500.00,cifi0007.DBF
QLFS,10QLFS,F,SM,00,36,67,428.99,478,445.84,448.63,9.261530,1.690750,500.00,cifi0007.DBF
QLFS,10QLFS,F,SM,00,36,68,433.02,479,449.47,452.28,9.261530,1.690750,500.00,cifi0007.DBF
QLFS,10QLFS,F,SM,00,36,69,436.89,481,452.95,455.84,9.261530,1.690750,500.00,cifi0007.DBF
QLFS,10QLFS,F,SM,00,36,70,440.43,482,456.13,459.17,9.261530,1.690750,500.00,cifi0007.DBF
QLFS,10QLFS,F,SM,00,36,71,443.67,483,459.03,462.21,9.261530,1.690750,500.00,cifi0007.DBF
QLFS,10QLFS,F,SM,00,36,72,446.63,484,461.68,464.98,9.261530,1.690750,500.00,cifi0007.DBF
QLFS,10QLFS,F,SM,00,36,73,449.36,485,464.12,467.53,9.261530,1.690750,500.00,cifi0007.DBF
QLFS,10QLFS,F,SM,00,36,74,451.82,486,466.31,469.85,9.261530,1.690750,500.00,cifi0007.DBF
QLFS,10QLFS,F,SM,00,36,75,454.01,486,468.27,471.92,9.261530,1.690750,500.00,cifi0007.DBF
QLFS,10QLFS,F,SM,00,36,76,455.99,487,470.03,473.78,9.261530,1.690750,500.00,cifi0007.DBF
QLFS,10QLFS,F,SM,00,36,77,457.93,488,471.75,475.52,9.261530,1.690750,500.00,cifi0007.DBF
QLFS,10QLFS,F,SM,00,36,78,459.97,488,473.57,477.29,9.261530,1.690750,500.00,cifi0007.DBF
QLFS,10QLFS,F,SM,00,36,79,461.78,489,475.18,479.00,9.261530,1.690750,500.00,cifi0007.DBF
QLFS,10QLFS,F,SM,00,36,80,463.51,489,476.71,480.57,9.261530,1.690750,500.00,cifi0007.DBF
QLFS,10QLFS,F,SM,00,36,81,465.18,490,478.18,482.08,9.261530,1.690750,500.00,cifi0007.DBF
QLFS,10QLFS,F,SM,00,36,82,466.77,490,479.54,483.49,9.261530,1.690750,500.00,cifi0007.DBF
QLFS,10QLFS,F,SM,00,36,83,469.76,491,481.72,485.26,9.261530,1.690750,500.00,cifi0007.DBF
QLFS,10QLFS,F,SM,00,36,84,500.00,500,500.00,495.49,9.261530,1.690750,500.00,cifi0007.DBF
QLFS,10QLFS,F,SM,00,37,1,0.00,0,0.00,0.90,1.798880,1.798880,1000.00,cifi0007.DBF
QLFS,10QLFS,F,SM,00,37,2,0.00,0,8.01,8.82,9.630890,1.798880,1000.00,cifi0007.DBF
QLFS,10QLFS,F,SM,00,37,3,0.84,6,16.20,16.92,9.630890,1.798880,1000.00,cifi0007.DBF
QLFS,10QLFS,F,SM,00,37,4,8.20,49,24.56,25.19,9.630890,1.798880,1000.00,cifi0007.DBF
QLFS,10QLFS,F,SM,00,37,5,15.76,91,33.08,33.63,9.630890,1.798880,1000.00,cifi0007.DBF
QLFS,10QLFS,F,SM,00,37,6,23.50,131,41.74,42.22,9.630890,1.798880,1000.00,cifi0007.DBF
QLFS,10QLFS,F,SM,00,37,7,31.39,170,50.52,50.94,9.630890,1.798880,1000.00,cifi0007.DBF
QLFS,10QLFS,F,SM,00,37,8,39.43,206,59.39,59.77,9.630890,1.798880,1000.00,cifi0007.DBF
QLFS,10QLFS,F,SM,00,37,9,47.58,241,68.32,68.67,9.630890,1.798880,1000.00,cifi0007.DBF
QLFS,10QLFS,F,SM,00,37,10,55.79,274,77.28,77.62,9.630890,1.798880,1000.00,cifi0007.DBF
QLFS,10QLFS,F,SM,00,37,11,64.02,306,86.19,86.55,9.630890,1.798880,1000.00,cifi0007.DBF
QLFS,10QLFS,F,SM,00,37,12,72.18,335,94.99,95.40,9.630890,1.798880,1000.00,cifi0007.DBF
QLFS,10QLFS,F,SM,00,37,13,80.24,363,103.62,104.12,9.630890,1.798880,1000.00,cifi0007.DBF
QLFS,10QLFS,F,SM,00,37,14,88.14,389,112.05,112.65,9.630890,1.798880,1000.00,cifi0007.DBF
QLFS,10QLFS,F,SM,00,37,15,95.85,414,120.24,120.96,9.630890,1.798880,1000.00,cifi0007.DBF
QLFS,10QLFS,F,SM,00,37,16,103.32,436,128.12,129.00,9.630890,1.798880,1000.00,cifi0007.DBF
QLFS,10QLFS,F,SM,00,37,17,110.49,457,135.66,136.71,9.630890,1.798880,1000.00,cifi0007.DBF
QLFS,10QLFS,F,SM,00,37,18,117.32,477,142.81,144.05,9.630890,1.798880,1000.00,cifi0007.DBF
QLFS,10QLFS,F,SM,00,37,19,123.74,495,149.50,150.97,9.630890,1.798880,1000.00,cifi0007.DBF
QLFS,10QLFS,F,SM,00,37,20,129.70,512,155.69,157.41,9.630890,1.798880,1000.00,cifi0007.DBF
QLFS,10QLFS,F,SM,00,37,21,135.17,527,161.35,163.33,9.630890,1.798880,1000.00,cifi0007.DBF
QLFS,10QLFS,F,SM,00,37,22,140.11,542,166.43,168.70,9.630890,1.798880,1000.00,cifi0007.DBF
QLFS,10QLFS,F,SM,00,37,23,144.42,555,170.85,173.45,9.630890,1.798880,1000.00,cifi0007.DBF
QLFS,10QLFS,F,SM,00,37,24,148.04,566,174.56,177.52,9.630890,1.798880,1000.00,cifi0007.DBF
QLFS,10QLFS,F,SM,00,37,25,150.87,577,177.45,180.82,9.630890,1.798880,1000.00,cifi0007.DBF
QLFS,10QLFS,F,SM,00,37,26,152.79,586,179.43,183.25,9.630890,1.798880,1000.00,cifi0007.DBF
QLFS,10QLFS,F,SM,00,37,27,153.73,593,180.42,184.74,9.630890,1.798880,1000.00,cifi0007.DBF
QLFS,10QLFS,F,SM,00,37,28,153.55,300,180.28,185.16,9.630890,1.798880,1000.00,cifi0007.DBF
QLFS,10QLFS,F,SM,00,37,29,162.84,310,189.83,189.87,9.630890,1.798880,500.00,cifi0007.DBF
QLFS,10QLFS,F,SM,00,37,30,172.21,320,199.42,199.44,9.630890,1.798880,500.00,cifi0007.DBF
QLFS,10QLFS,F,SM,00,37,31,181.65,329,209.02,209.03,9.630890,1.798880,500.00,cifi0007.DBF
QLFS,10QLFS,F,SM,00,37,32,191.14,338,218.62,218.63,9.630890,1.798880,500.00,cifi0007.DBF
QLFS,10QLFS,F,SM,00,37,33,200.66,347,228.20,228.22,9.630890,1.798880,500.00,cifi0007.DBF
QLFS,10QLFS,F,SM,00,37,34,210.17,355,237.72,237.77,9.630890,1.798880,500.00,cifi0007.DBF
QLFS,10QLFS,F,SM,00,37,35,219.63,363,247.16,247.25,9.630890,1.798880,500.00,cifi0007.DBF
QLFS,10QLFS,F,SM,00,37,36,229.03,371,256.49,256.64,9.630890,1.798880,500.00,cifi0007.DBF
QLFS,10QLFS,F,SM,00,37,37,238.34,378,265.69,265.90,9.630890,1.798880,500.00,cifi0007.DBF
QLFS,10QLFS,F,SM,00,37,38,247.59,384,274.79,275.05,9.630890,1.798880,500.00,cifi0007.DBF
QLFS,10QLFS,F,SM,00,37,39,256.78,391,283.79,284.10,9.630890,1.798880,500.00,cifi0007.DBF
QLFS,10QLFS,F,SM,00,37,40,265.91,397,292.69,293.06,9.630890,1.798880,500.00,cifi0007.DBF
QLFS,10QLFS,F,SM,00,37,41,274.98,403,301.50,301.91,9.630890,1.798880,500.00,cifi0007.DBF
QLFS,10QLFS,F,SM,00,37,42,283.99,408,310.19,310.66,9.630890,1.798880,500.00,cifi0007.DBF
QLFS,10QLFS,F,SM,00,37,43,292.93,414,318.79,319.31,9.630890,1.798880,500.00,cifi0007.DBF
QLFS,10QLFS,F,SM,00,37,44,301.64,419,327.13,327.78,9.630890,1.798880,500.00,cifi0007.DBF
QLFS,10QLFS,F,SM,00,37,45,309.92,424,335.04,335.90,9.630890,1.798880,500.00,cifi0007.DBF
QLFS,10QLFS,F,SM,00,37,46,317.82,428,342.56,343.62,9.630890,1.798880,500.00,cifi0007.DBF
QLFS,10QLFS,F,SM,00,37,47,325.35,432,349.71,350.95,9.630890,1.798880,500.00,cifi0007.DBF
QLFS,10QLFS,F,SM,00,37,48,332.55,435,356.53,357.94,9.630890,1.798880,500.00,cifi0007.DBF
QLFS,10QLFS,F,SM,00,37,49,339.59,439,363.17,364.67,9.630890,1.798880,500.00,cifi0007.DBF
QLFS,10QLFS,F,SM,00,37,50,346.36,442,369.54,371.17,9.630890,1.798880,500.00,cifi0007.DBF
QLFS,10QLFS,F,SM,00,37,51,352.59,445,375.39,377.28,9.630890,1.798880,500.00,cifi0007.DBF
QLFS,10QLFS,F,SM,00,37,52,358.32,448,380.77,382.90,9.630890,1.798880,500.00,cifi0007.DBF
QLFS,10QLFS,F,SM,00,37,53,363.72,450,385.84,388.12,9.630890,1.798880,500.00,cifi0007.DBF
QLFS,10QLFS,F,SM,00,37,54,369.49,453,391.23,393.35,9.630890,1.798880,500.00,cifi0007.DBF
QLFS,10QLFS,F,SM,00,37,55,375.96,456,397.23,399.04,9.630890,1.798880,500.00,cifi0007.DBF
QLFS,10QLFS,F,SM,00,37,56,382.61,459,403.37,405.11,9.630890,1.798880,500.00,cifi0007.DBF
QLFS,10QLFS,F,SM,00,37,57,389.11,462,409.34,411.17,9.630890,1.798880,500.00,cifi0007.DBF
QLFS,10QLFS,F,SM,00,37,58,394.93,464,414.67,416.82,9.630890,1.798880,500.00,cifi0007.DBF
QLFS,10QLFS,F,SM,00,37,59,399.65,466,419.01,421.66,9.630890,1.798880,500.00,cifi0007.DBF
QLFS,10QLFS,F,SM,00,37,60,403.30,467,422.36,425.50,9.630890,1.798880,500.00,cifi0007.DBF
QLFS,10QLFS,F,SM,00,37,61,406.76,469,425.54,428.77,9.630890,1.798880,500.00,cifi0007.DBF
QLFS,10QLFS,F,SM,00,37,62,411.01,470,429.43,432.30,9.630890,1.798880,500.00,cifi0007.DBF
QLFS,10QLFS,F,SM,00,37,63,415.45,472,433.47,436.27,9.630890,1.798880,500.00,cifi0007.DBF
QLFS,10QLFS,F,SM,00,37,64,419.77,474,437.40,440.25,9.630890,1.798880,500.00,cifi0007.DBF
QLFS,10QLFS,F,SM,00,37,65,423.99,475,441.23,444.13,9.630890,1.798880,500.00,cifi0007.DBF
QLFS,10QLFS,F,SM,00,37,66,428.11,477,444.96,447.91,9.630890,1.798880,500.00,cifi0007.DBF
QLFS,10QLFS,F,SM,00,37,67,432.19,478,448.64,451.62,9.630890,1.798880,500.00,cifi0007.DBF
QLFS,10QLFS,F,SM,00,37,68,436.11,480,452.17,455.22,9.630890,1.798880,500.00,cifi0007.DBF
QLFS,10QLFS,F,SM,00,37,69,439.69,481,455.39,458.60,9.630890,1.798880,500.00,cifi0007.DBF
QLFS,10QLFS,F,SM,00,37,70,442.97,482,458.33,461.68,9.630890,1.798880,500.00,cifi0007.DBF
QLFS,10QLFS,F,SM,00,37,71,445.97,483,461.02,464.49,9.630890,1.798880,500.00,cifi0007.DBF
QLFS,10QLFS,F,SM,00,37,72,448.73,484,463.49,467.07,9.630890,1.798880,500.00,cifi0007.DBF
QLFS,10QLFS,F,SM,00,37,73,451.22,485,465.72,469.42,9.630890,1.798880,500.00,cifi0007.DBF
QLFS,10QLFS,F,SM,00,37,74,453.44,486,467.70,471.53,9.630890,1.798880,500.00,cifi0007.DBF
QLFS,10QLFS,F,SM,00,37,75,455.45,486,469.49,473.41,9.630890,1.798880,500.00,cifi0007.DBF
QLFS,10QLFS,F,SM,00,37,76,457.40,487,471.24,475.18,9.630890,1.798880,500.00,cifi0007.DBF
QLFS,10QLFS,F,SM,00,37,77,459.47,488,473.08,476.97,9.630890,1.798880,500.00,cifi0007.DBF
QLFS,10QLFS,F,SM,00,37,78,461.31,488,474.71,478.71,9.630890,1.798880,500.00,cifi0007.DBF
QLFS,10QLFS,F,SM,00,37,79,463.06,489,476.26,480.30,9.630890,1.798880,500.00,cifi0007.DBF
QLFS,10QLFS,F,SM,00,37,80,464.75,489,477.75,481.82,9.630890,1.798880,500.00,cifi0007.DBF
QLFS,10QLFS,F,SM,00,37,81,466.36,490,479.14,483.26,9.630890,1.798880,500.00,cifi0007.DBF
QLFS,10QLFS,F,SM,00,37,82,469.38,491,481.35,485.06,9.630890,1.798880,500.00,cifi0007.DBF
QLFS,10QLFS,F,SM,00,37,83,500.00,500,500.00,495.49,9.630890,1.798880,500.00,cifi0007.DBF
QLFS,10QLFS,F,SM,00,38,1,0.00,0,0.00,0.95,1.907010,1.907010,1000.00,cifi0007.DBF
QLFS,10QLFS,F,SM,00,38,2,0.00,0,8.29,9.15,10.018050,1.907010,1000.00,cifi0007.DBF
QLFS,10QLFS,F,SM,00,38,3,1.24,8,16.76,17.53,10.018050,1.907010,1000.00,cifi0007.DBF
QLFS,10QLFS,F,SM,00,38,4,8.89,52,25.39,26.08,10.018050,1.907010,1000.00,cifi0007.DBF
QLFS,10QLFS,F,SM,00,38,5,16.71,93,34.16,34.79,10.018050,1.907010,1000.00,cifi0007.DBF
QLFS,10QLFS,F,SM,00,38,6,24.70,134,43.06,43.62,10.018050,1.907010,1000.00,cifi0007.DBF
QLFS,10QLFS,F,SM,00,38,7,32.82,172,52.04,52.56,10.018050,1.907010,1000.00,cifi0007.DBF
QLFS,10QLFS,F,SM,00,38,8,41.06,208,61.10,61.58,10.018050,1.907010,1000.00,cifi0007.DBF
QLFS,10QLFS,F,SM,00,38,9,49.38,243,70.18,70.65,10.018050,1.907010,1000.00,cifi0007.DBF
QLFS,10QLFS,F,SM,00,38,10,57.70,276,79.21,79.70,10.018050,1.907010,1000.00,cifi0007.DBF
QLFS,10QLFS,F,SM,00,38,11,65.96,307,88.13,88.68,10.018050,1.907010,1000.00,cifi0007.DBF
QLFS,10QLFS,F,SM,00,38,12,74.11,336,96.89,97.52,10.018050,1.907010,1000.00,cifi0007.DBF
QLFS,10QLFS,F,SM,00,38,13,82.13,363,105.45,106.18,10.018050,1.907010,1000.00,cifi0007.DBF
QLFS,10QLFS,F,SM,00,38,14,89.94,388,113.77,114.62,10.018050,1.907010,1000.00,cifi0007.DBF
QLFS,10QLFS,F,SM,00,38,15,97.51,412,121.78,122.78,10.018050,1.907010,1000.00,cifi0007.DBF
QLFS,10QLFS,F,SM,00,38,16,104.79,434,129.45,130.63,10.018050,1.907010,1000.00,cifi0007.DBF
QLFS,10QLFS,F,SM,00,38,17,111.72,454,136.73,138.10,10.018050,1.907010,1000.00,cifi0007.DBF
QLFS,10QLFS,F,SM,00,38,18,118.25,473,143.55,145.15,10.018050,1.907010,1000.00,cifi0007.DBF
QLFS,10QLFS,F,SM,00,38,19,124.32,491,149.87,151.72,10.018050,1.907010,1000.00,cifi0007.DBF
QLFS,10QLFS,F,SM,00,38,20,129.91,507,155.66,157.78,10.018050,1.907010,1000.00,cifi0007.DBF
QLFS,10QLFS,F,SM,00,38,21,134.95,522,160.88,163.28,10.018050,1.907010,1000.00,cifi0007.DBF
QLFS,10QLFS,F,SM,00,38,22,139.37,535,165.43,168.16,10.018050,1.907010,1000.00,cifi0007.DBF
QLFS,10QLFS,F,SM,00,38,23,143.11,548,169.28,172.36,10.018050,1.907010,1000.00,cifi0007.DBF
QLFS,10QLFS,F,SM,00,38,24,146.05,558,172.30,175.80,10.018050,1.907010,1000.00,cifi0007.DBF
QLFS,10QLFS,F,SM,00,38,25,148.09,568,174.41,178.37,10.018050,1.907010,1000.00,cifi0007.DBF
QLFS,10QLFS,F,SM,00,38,26,149.15,576,175.54,179.99,10.018050,1.907010,1000.00,cifi0007.DBF
QLFS,10QLFS,F,SM,00,38,27,149.08,291,175.54,180.55,10.018050,1.907010,1000.00,cifi0007.DBF
QLFS,10QLFS,F,SM,00,38,28,158.49,302,185.23,185.40,10.018050,1.907010,500.00,cifi0007.DBF
QLFS,10QLFS,F,SM,00,38,29,167.99,312,194.95,195.10,10.018050,1.907010,500.00,cifi0007.DBF
QLFS,10QLFS,F,SM,00,38,30,177.55,322,204.69,204.83,10.018050,1.907010,500.00,cifi0007.DBF
QLFS,10QLFS,F,SM,00,38,31,187.16,331,214.43,214.57,10.018050,1.907010,500.00,cifi0007.DBF
QLFS,10QLFS,F,SM,00,38,32,196.80,340,224.15,224.30,10.018050,1.907010,500.00,cifi0007.DBF
QLFS,10QLFS,F,SM,00,38,33,206.43,349,233.81,233.99,10.018050,1.907010,500.00,cifi0007.DBF
QLFS,10QLFS,F,SM,00,38,34,216.02,357,243.38,243.61,10.018050,1.907010,500.00,cifi0007.DBF
QLFS,10QLFS,F,SM,00,38,35,225.54,365,252.85,253.12,10.018050,1.907010,500.00,cifi0007.DBF
QLFS,10QLFS,F,SM,00,38,36,234.97,372,262.18,262.52,10.018050,1.907010,500.00,cifi0007.DBF
QLFS,10QLFS,F,SM,00,38,37,244.33,379,271.41,271.81,10.018050,1.907010,500.00,cifi0007.DBF
QLFS,10QLFS,F,SM,00,38,38,253.65,386,280.55,280.99,10.018050,1.907010,500.00,cifi0007.DBF
QLFS,10QLFS,F,SM,00,38,39,262.90,392,289.58,290.07,10.018050,1.907010,500.00,cifi0007.DBF
QLFS,10QLFS,F,SM,00,38,40,272.08,399,298.51,299.05,10.018050,1.907010,500.00,cifi0007.DBF
QLFS,10QLFS,F,SM,00,38,41,281.20,404,307.33,307.93,10.018050,1.907010,500.00,cifi0007.DBF
QLFS,10QLFS,F,SM,00,38,42,290.26,410,316.05,316.70,10.018050,1.907010,500.00,cifi0007.DBF
QLFS,10QLFS,F,SM,00,38,43,299.08,415,324.51,325.29,10.018050,1.907010,500.00,cifi0007.DBF
QLFS,10QLFS,F,SM,00,38,44,307.47,420,332.54,333.53,10.018050,1.907010,500.00,cifi0007.DBF
QLFS,10QLFS,F,SM,00,38,45,315.47,425,340.16,341.36,10.018050,1.907010,500.00,cifi0007.DBF
QLFS,10QLFS,F,SM,00,38,46,323.10,429,347.42,348.80,10.018050,1.907010,500.00,cifi0007.DBF
QLFS,10QLFS,F,SM,00,38,47,330.40,433,354.33,355.89,10.018050,1.907010,500.00,cifi0007.DBF
QLFS,10QLFS,F,SM,00,38,48,337.53,436,361.07,362.71,10.018050,1.907010,500.00,cifi0007.DBF
QLFS,10QLFS,F,SM,00,38,49,344.38,440,367.53,369.31,10.018050,1.907010,500.00,cifi0007.DBF
QLFS,10QLFS,F,SM,00,38,50,350.69,443,373.47,375.51,10.018050,1.907010,500.00,cifi0007.DBF
QLFS,10QLFS,F,SM,00,38,51,356.49,446,378.93,381.21,10.018050,1.907010,500.00,cifi0007.DBF
QLFS,10QLFS,F,SM,00,38,52,361.96,448,384.07,386.51,10.018050,1.907010,500.00,cifi0007.DBF
QLFS,10QLFS,F,SM,00,38,53,367.81,451,389.54,391.81,10.018050,1.907010,500.00,cifi0007.DBF
QLFS,10QLFS,F,SM,00,38,54,374.36,454,395.62,397.59,10.018050,1.907010,500.00,cifi0007.DBF
QLFS,10QLFS,F,SM,00,38,55,381.10,457,401.85,403.74,10.018050,1.907010,500.00,cifi0007.DBF
QLFS,10QLFS,F,SM,00,38,56,387.69,460,407.91,409.89,10.018050,1.907010,500.00,cifi0007.DBF
QLFS,10QLFS,F,SM,00,38,57,393.57,462,413.32,415.62,10.018050,1.907010,500.00,cifi0007.DBF
QLFS,10QLFS,F,SM,00,38,58,398.36,464,417.71,420.52,10.018050,1.907010,500.00,cifi0007.DBF
QLFS,10QLFS,F,SM,00,38,59,402.05,466,421.12,424.42,10.018050,1.907010,500.00,cifi0007.DBF
QLFS,10QLFS,F,SM,00,38,60,405.56,467,424.34,427.74,10.018050,1.907010,500.00,cifi0007.DBF
QLFS,10QLFS,F,SM,00,38,61,409.86,469,428.29,431.32,10.018050,1.907010,500.00,cifi0007.DBF
QLFS,10QLFS,F,SM,00,38,62,414.36,471,432.39,435.35,10.018050,1.907010,500.00,cifi0007.DBF
QLFS,10QLFS,F,SM,00,38,63,418.74,473,436.37,439.39,10.018050,1.907010,500.00,cifi0007.DBF
QLFS,10QLFS,F,SM,00,38,64,423.01,474,440.26,443.32,10.018050,1.907010,500.00,cifi0007.DBF
QLFS,10QLFS,F,SM,00,38,65,427.19,476,444.04,447.16,10.018050,1.907010,500.00,cifi0007.DBF
QLFS,10QLFS,F,SM,00,38,66,431.31,477,447.77,450.92,10.018050,1.907010,500.00,cifi0007.DBF
QLFS,10QLFS,F,SM,00,38,67,435.29,479,451.36,454.57,10.018050,1.907010,500.00,cifi0007.DBF
QLFS,10QLFS,F,SM,00,38,68,438.92,480,454.62,458.00,10.018050,1.907010,500.00,cifi0007.DBF
QLFS,10QLFS,F,SM,00,38,69,442.23,481,457.61,461.12,10.018050,1.907010,500.00,cifi0007.DBF
QLFS,10QLFS,F,SM,00,38,70,445.27,482,460.33,463.98,10.018050,1.907010,500.00,cifi0007.DBF
QLFS,10QLFS,F,SM,00,38,71,448.07,483,462.84,466.60,10.018050,1.907010,500.00,cifi0007.DBF
QLFS,10QLFS,F,SM,00,38,72,450.59,484,465.10,468.98,10.018050,1.907010,500.00,cifi0007.DBF
QLFS,10QLFS,F,SM,00,38,73,452.84,485,467.11,471.11,10.018050,1.907010,500.00,cifi0007.DBF
QLFS,10QLFS,F,SM,00,38,74,454.87,486,468.93,473.03,10.018050,1.907010,500.00,cifi0007.DBF
QLFS,10QLFS,F,SM,00,38,75,456.85,486,470.69,474.82,10.018050,1.907010,500.00,cifi0007.DBF
QLFS,10QLFS,F,SM,00,38,76,458.95,487,472.56,476.64,10.018050,1.907010,500.00,cifi0007.DBF
QLFS,10QLFS,F,SM,00,38,77,460.81,488,474.22,478.40,10.018050,1.907010,500.00,cifi0007.DBF
QLFS,10QLFS,F,SM,00,38,78,462.58,488,475.79,480.01,10.018050,1.907010,500.00,cifi0007.DBF
QLFS,10QLFS,F,SM,00,38,79,464.29,489,477.31,481.56,10.018050,1.907010,500.00,cifi0007.DBF
QLFS,10QLFS,F,SM,00,38,80,465.92,490,478.71,483.02,10.018050,1.907010,500.00,cifi0007.DBF
QLFS,10QLFS,F,SM,00,38,81,468.99,491,480.97,484.85,10.018050,1.907010,500.00,cifi0007.DBF
QLFS,10QLFS,F,SM,00,38,82,500.00,500,500.00,495.49,10.018050,1.907010,500.00,cifi0007.DBF
QLFS,10QLFS,F,SM,00,39,1,0.00,0,0.00,1.01,2.024970,2.024970,1000.00,cifi0007.DBF
QLFS,10QLFS,F,SM,00,39,2,0.00,0,8.58,9.50,10.424030,2.024970,1000.00,cifi0007.DBF
QLFS,10QLFS,F,SM,00,39,3,1.65,10,17.33,18.17,10.424030,2.024970,1000.00,cifi0007.DBF
QLFS,10QLFS,F,SM,00,39,4,9.56,54,26.22,26.98,10.424030,2.024970,1000.00,cifi0007.DBF
QLFS,10QLFS,F,SM,00,39,5,17.64,95,35.23,35.94,10.424030,2.024970,1000.00,cifi0007.DBF
QLFS,10QLFS,F,SM,00,39,6,25.86,135,44.34,45.00,10.424030,2.024970,1000.00,cifi0007.DBF
QLFS,10QLFS,F,SM,00,39,7,34.20,174,53.52,54.15,10.424030,2.024970,1000.00,cifi0007.DBF
QLFS,10QLFS,F,SM,00,39,8,42.62,210,62.73,63.34,10.424030,2.024970,1000.00,cifi0007.DBF
QLFS,10QLFS,F,SM,00,39,9,51.04,244,71.89,72.52,10.424030,2.024970,1000.00,cifi0007.DBF
QLFS,10QLFS,F,SM,00,39,10,59.41,276,80.95,81.63,10.424030,2.024970,1000.00,cifi0007.DBF
QLFS,10QLFS,F,SM,00,39,11,67.67,306,89.84,90.61,10.424030,2.024970,1000.00,cifi0007.DBF
QLFS,10QLFS,F,SM,00,39,12,75.79,335,98.54,99.40,10.424030,2.024970,1000.00,cifi0007.DBF
QLFS,10QLFS,F,SM,00,39,13,83.71,361,106.98,107.97,10.424030,2.024970,1000.00,cifi0007.DBF
QLFS,10QLFS,F,SM,00,39,14,91.40,386,115.14,116.27,10.424030,2.024970,1000.00,cifi0007.DBF
QLFS,10QLFS,F,SM,00,39,15,98.79,409,122.94,124.25,10.424030,2.024970,1000.00,cifi0007.DBF
QLFS,10QLFS,F,SM,00,39,16,105.83,430,130.35,131.86,10.424030,2.024970,1000.00,cifi0007.DBF
QLFS,10QLFS,F,SM,00,39,17,112.48,450,137.32,139.05,10.424030,2.024970,1000.00,cifi0007.DBF
QLFS,10QLFS,F,SM,00,39,18,118.66,468,143.77,145.76,10.424030,2.024970,1000.00,cifi0007.DBF
QLFS,10QLFS,F,SM,00,39,19,124.36,485,149.70,151.95,10.424030,2.024970,1000.00,cifi0007.DBF
QLFS,10QLFS,F,SM,00,39,20,129.52,501,155.06,157.59,10.424030,2.024970,1000.00,cifi0007.DBF
QLFS,10QLFS,F,SM,00,39,21,134.06,515,159.75,162.62,10.424030,2.024970,1000.00,cifi0007.DBF
QLFS,10QLFS,F,SM,00,39,22,137.92,528,163.74,166.96,10.424030,2.024970,1000.00,cifi0007.DBF
QLFS,10QLFS,F,SM,00,39,23,140.98,539,166.91,170.53,10.424030,2.024970,1000.00,cifi0007.DBF
QLFS,10QLFS,F,SM,00,39,24,143.14,549,169.16,173.24,10.424030,2.024970,1000.00,cifi0007.DBF
QLFS,10QLFS,F,SM,00,39,25,144.32,557,170.43,175.00,10.424030,2.024970,1000.00,cifi0007.DBF
QLFS,10QLFS,F,SM,00,39,26,144.38,282,170.57,175.71,10.424030,2.024970,1000.00,cifi0007.DBF
QLFS,10QLFS,F,SM,00,39,27,153.92,293,180.41,180.70,10.424030,2.024970,500.00,cifi0007.DBF
QLFS,10QLFS,F,SM,00,39,28,163.54,304,190.28,190.55,10.424030,2.024970,500.00,cifi0007.DBF
QLFS,10QLFS,F,SM,00,39,29,173.23,314,200.16,200.43,10.424030,2.024970,500.00,cifi0007.DBF
QLFS,10QLFS,F,SM,00,39,30,182.97,324,210.04,210.31,10.424030,2.024970,500.00,cifi0007.DBF
QLFS,10QLFS,F,SM,00,39,31,192.74,333,219.90,220.19,10.424030,2.024970,500.00,cifi0007.DBF
QLFS,10QLFS,F,SM,00,39,32,202.50,342,229.71,230.02,10.424030,2.024970,500.00,cifi0007.DBF
QLFS,10QLFS,F,SM,00,39,33,212.21,351,239.42,239.78,10.424030,2.024970,500.00,cifi0007.DBF
QLFS,10QLFS,F,SM,00,39,34,221.86,359,249.03,249.44,10.424030,2.024970,500.00,cifi0007.DBF
QLFS,10QLFS,F,SM,00,39,35,231.42,367,258.51,258.98,10.424030,2.024970,500.00,cifi0007.DBF
QLFS,10QLFS,F,SM,00,39,36,240.91,374,267.87,268.40,10.424030,2.024970,500.00,cifi0007.DBF
QLFS,10QLFS,F,SM,00,39,37,250.34,381,277.14,277.72,10.424030,2.024970,500.00,cifi0007.DBF
QLFS,10QLFS,F,SM,00,39,38,259.72,388,286.31,286.94,10.424030,2.024970,500.00,cifi0007.DBF
QLFS,10QLFS,F,SM,00,39,39,269.03,394,295.37,296.05,10.424030,2.024970,500.00,cifi0007.DBF
QLFS,10QLFS,F,SM,00,39,40,278.27,400,304.33,305.06,10.424030,2.024970,500.00,cifi0007.DBF
QLFS,10QLFS,F,SM,00,39,41,287.45,406,313.18,313.96,10.424030,2.024970,500.00,cifi0007.DBF
QLFS,10QLFS,F,SM,00,39,42,296.39,412,321.76,322.68,10.424030,2.024970,500.00,cifi0007.DBF
QLFS,10QLFS,F,SM,00,39,43,304.89,417,329.91,331.05,10.424030,2.024970,500.00,cifi0007.DBF
QLFS,10QLFS,F,SM,00,39,44,313.00,421,337.65,338.99,10.424030,2.024970,500.00,cifi0007.DBF
QLFS,10QLFS,F,SM,00,39,45,320.73,426,345.01,346.54,10.424030,2.024970,500.00,cifi0007.DBF
QLFS,10QLFS,F,SM,00,39,46,328.12,430,352.03,353.74,10.424030,2.024970,500.00,cifi0007.DBF
QLFS,10QLFS,F,SM,00,39,47,335.35,434,358.87,360.66,10.424030,2.024970,500.00,cifi0007.DBF
QLFS,10QLFS,F,SM,00,39,48,342.30,437,365.43,367.36,10.424030,2.024970,500.00,cifi0007.DBF
QLFS,10QLFS,F,SM,00,39,49,348.69,440,371.45,373.65,10.424030,2.024970,500.00,cifi0007.DBF
QLFS,10QLFS,F,SM,00,39,50,354.57,443,376.99,379.43,10.424030,2.024970,500.00,cifi0007.DBF
QLFS,10QLFS,F,SM,00,39,51,360.11,446,382.21,384.81,10.424030,2.024970,500.00,cifi0007.DBF
QLFS,10QLFS,F,SM,00,39,52,366.04,449,387.76,390.20,10.424030,2.024970,500.00,cifi0007.DBF
QLFS,10QLFS,F,SM,00,39,53,372.68,452,393.93,396.06,10.424030,2.024970,500.00,cifi0007.DBF
QLFS,10QLFS,F,SM,00,39,54,379.51,455,400.25,402.30,10.424030,2.024970,500.00,cifi0007.DBF
QLFS,10QLFS,F,SM,00,39,55,386.18,458,406.41,408.54,10.424030,2.024970,500.00,cifi0007.DBF
QLFS,10QLFS,F,SM,00,39,56,392.15,461,411.89,414.36,10.424030,2.024970,500.00,cifi0007.DBF
QLFS,10QLFS,F,SM,00,39,57,397.00,463,416.36,419.34,10.424030,2.024970,500.00,cifi0007.DBF
QLFS,10QLFS,F,SM,00,39,58,400.74,464,419.81,423.30,10.424030,2.024970,500.00,cifi0007.DBF
QLFS,10QLFS,F,SM,00,39,59,404.29,466,423.08,426.66,10.424030,2.024970,500.00,cifi0007.DBF
QLFS,10QLFS,F,SM,00,39,60,408.66,468,427.09,430.30,10.424030,2.024970,500.00,cifi0007.DBF
QLFS,10QLFS,F,SM,00,39,61,413.21,469,431.25,434.38,10.424030,2.024970,500.00,cifi0007.DBF
QLFS,10QLFS,F,SM,00,39,62,417.65,471,435.30,438.48,10.424030,2.024970,500.00,cifi0007.DBF
QLFS,10QLFS,F,SM,00,39,63,421.98,473,439.24,442.48,10.424030,2.024970,500.00,cifi0007.DBF
QLFS,10QLFS,F,SM,00,39,64,426.21,475,443.08,446.37,10.424030,2.024970,500.00,cifi0007.DBF
QLFS,10QLFS,F,SM,00,39,65,430.39,476,446.86,450.18,10.424030,2.024970,500.00,cifi0007.DBF
QLFS,10QLFS,F,SM,00,39,66,434.42,478,450.50,453.89,10.424030,2.024970,500.00,cifi0007.DBF
QLFS,10QLFS,F,SM,00,39,67,438.10,479,453.82,457.37,10.424030,2.024970,500.00,cifi0007.DBF
QLFS,10QLFS,F,SM,00,39,68,441.46,480,456.84,460.54,10.424030,2.024970,500.00,cifi0007.DBF
QLFS,10QLFS,F,SM,00,39,69,444.54,482,459.61,463.44,10.424030,2.024970,500.00,cifi0007.DBF
QLFS,10QLFS,F,SM,00,39,70,447.37,483,462.16,466.10,10.424030,2.024970,500.00,cifi0007.DBF
QLFS,10QLFS,F,SM,00,39,71,449.93,484,464.45,468.52,10.424030,2.024970,500.00,cifi0007.DBF
QLFS,10QLFS,F,SM,00,39,72,452.21,484,466.49,470.68,10.424030,2.024970,500.00,cifi0007.DBF
QLFS,10QLFS,F,SM,00,39,73,454.27,485,468.33,472.62,10.424030,2.024970,500.00,cifi0007.DBF
QLFS,10QLFS,F,SM,00,39,74,456.28,486,470.13,474.44,10.424030,2.024970,500.00,cifi0007.DBF
QLFS,10QLFS,F,SM,00,39,75,458.40,487,472.02,476.29,10.424030,2.024970,500.00,cifi0007.DBF
QLFS,10QLFS,F,SM,00,39,76,460.28,487,473.70,478.08,10.424030,2.024970,500.00,cifi0007.DBF
QLFS,10QLFS,F,SM,00,39,77,462.08,488,475.30,479.72,10.424030,2.024970,500.00,cifi0007.DBF
QLFS,10QLFS,F,SM,00,39,78,463.82,489,476.84,481.28,10.424030,2.024970,500.00,cifi0007.DBF
QLFS,10QLFS,F,SM,00,39,79,465.47,489,478.26,482.76,10.424030,2.024970,500.00,cifi0007.DBF
QLFS,10QLFS,F,SM,00,39,80,468.57,490,480.56,484.63,10.424030,2.024970,500.00,cifi0007.DBF
QLFS,10QLFS,F,SM,00,39,81,500.00,500,500.00,495.49,10.424030,2.024970,500.00,cifi0007.DBF
QLFS,10QLFS,F,SM,00,40,1,0.00,0,0.00,1.08,2.152760,2.152760,1000.00,cifi0007.DBF
QLFS,10QLFS,F,SM,00,40,2,0.00,0,8.87,9.86,10.849950,2.152760,1000.00,cifi0007.DBF
QLFS,10QLFS,F,SM,00,40,3,2.03,12,17.88,18.80,10.849950,2.152760,1000.00,cifi0007.DBF
QLFS,10QLFS,F,SM,00,40,4,10.21,55,27.02,27.88,10.849950,2.152760,1000.00,cifi0007.DBF
QLFS,10QLFS,F,SM,00,40,5,18.53,97,36.26,37.07,10.849950,2.152760,1000.00,cifi0007.DBF
QLFS,10QLFS,F,SM,00,40,6,26.97,137,45.58,46.35,10.849950,2.152760,1000.00,cifi0007.DBF
QLFS,10QLFS,F,SM,00,40,7,35.49,175,54.92,55.67,10.849950,2.152760,1000.00,cifi0007.DBF
QLFS,10QLFS,F,SM,00,40,8,44.03,211,64.22,64.99,10.849950,2.152760,1000.00,cifi0007.DBF
QLFS,10QLFS,F,SM,00,40,9,52.51,244,73.41,74.24,10.849950,2.152760,1000.00,cifi0007.DBF
QLFS,10QLFS,F,SM,00,40,10,60.88,276,82.44,83.35,10.849950,2.152760,1000.00,cifi0007.DBF
QLFS,10QLFS,F,SM,00,40,11,69.11,305,91.28,92.28,10.849950,2.152760,1000.00,cifi0007.DBF
QLFS,10QLFS,F,SM,00,40,12,77.15,333,99.87,101.00,10.849950,2.152760,1000.00,cifi0007.DBF
QLFS,10QLFS,F,SM,00,40,13,84.95,359,108.16,109.44,10.849950,2.152760,1000.00,cifi0007.DBF
QLFS,10QLFS,F,SM,00,40,14,92.46,383,116.11,117.56,10.849950,2.152760,1000.00,cifi0007.DBF
QLFS,10QLFS,F,SM,00,40,15,99.62,405,123.67,125.31,10.849950,2.152760,1000.00,cifi0007.DBF
QLFS,10QLFS,F,SM,00,40,16,106.39,426,130.77,132.64,10.849950,2.152760,1000.00,cifi0007.DBF
QLFS,10QLFS,F,SM,00,40,17,112.69,445,137.38,139.50,10.849950,2.152760,1000.00,cifi0007.DBF
QLFS,10QLFS,F,SM,00,40,18,118.51,463,143.45,145.84,10.849950,2.152760,1000.00,cifi0007.DBF
QLFS,10QLFS,F,SM,00,40,19,123.80,479,148.95,151.62,10.849950,2.152760,1000.00,cifi0007.DBF
QLFS,10QLFS,F,SM,00,40,20,128.46,493,153.79,156.80,10.849950,2.152760,1000.00,cifi0007.DBF
QLFS,10QLFS,F,SM,00,40,21,132.45,507,157.93,161.29,10.849950,2.152760,1000.00,cifi0007.DBF
QLFS,10QLFS,F,SM,00,40,22,135.63,519,161.24,165.01,10.849950,2.152760,1000.00,cifi0007.DBF
QLFS,10QLFS,F,SM,00,40,23,137.93,529,163.64,167.87,10.849950,2.152760,1000.00,cifi0007.DBF
QLFS,10QLFS,F,SM,00,40,24,139.24,538,165.06,169.78,10.849950,2.152760,1000.00,cifi0007.DBF
QLFS,10QLFS,F,SM,00,40,25,139.43,272,165.36,170.64,10.849950,2.152760,1000.00,cifi0007.DBF
QLFS,10QLFS,F,SM,00,40,26,149.10,284,175.35,175.78,10.849950,2.152760,500.00,cifi0007.DBF
QLFS,10QLFS,F,SM,00,40,27,158.86,295,185.37,185.78,10.849950,2.152760,500.00,cifi0007.DBF
QLFS,10QLFS,F,SM,00,40,28,168.68,306,195.40,195.81,10.849950,2.152760,500.00,cifi0007.DBF
QLFS,10QLFS,F,SM,00,40,29,178.55,316,205.44,205.84,10.849950,2.152760,500.00,cifi0007.DBF
QLFS,10QLFS,F,SM,00,40,30,188.46,326,215.45,215.87,10.849950,2.152760,500.00,cifi0007.DBF
QLFS,10QLFS,F,SM,00,40,31,198.35,335,225.41,225.86,10.849950,2.152760,500.00,cifi0007.DBF
QLFS,10QLFS,F,SM,00,40,32,208.20,344,235.27,235.77,10.849950,2.152760,500.00,cifi0007.DBF
QLFS,10QLFS,F,SM,00,40,33,217.98,353,245.03,245.58,10.849950,2.152760,500.00,cifi0007.DBF
QLFS,10QLFS,F,SM,00,40,34,227.68,361,254.65,255.26,10.849950,2.152760,500.00,cifi0007.DBF
QLFS,10QLFS,F,SM,00,40,35,237.30,368,264.16,264.83,10.849950,2.152760,500.00,cifi0007.DBF
QLFS,10QLFS,F,SM,00,40,36,246.87,376,273.57,274.29,10.849950,2.152760,500.00,cifi0007.DBF
QLFS,10QLFS,F,SM,00,40,37,256.37,383,282.88,283.65,10.849950,2.152760,500.00,cifi0007.DBF
QLFS,10QLFS,F,SM,00,40,38,265.81,389,292.08,292.91,10.849950,2.152760,500.00,cifi0007.DBF
QLFS,10QLFS,F,SM,00,40,39,275.18,396,301.17,302.05,10.849950,2.152760,500.00,cifi0007.DBF
QLFS,10QLFS,F,SM,00,40,40,284.49,402,310.16,311.09,10.849950,2.152760,500.00,cifi0007.DBF
QLFS,10QLFS,F,SM,00,40,41,293.55,408,318.88,319.95,10.849950,2.152760,500.00,cifi0007.DBF
QLFS,10QLFS,F,SM,00,40,42,302.18,413,327.15,328.44,10.849950,2.152760,500.00,cifi0007.DBF
QLFS,10QLFS,F,SM,00,40,43,310.39,418,335.01,336.51,10.849950,2.152760,500.00,cifi0007.DBF
QLFS,10QLFS,F,SM,00,40,44,318.24,422,342.49,344.17,10.849950,2.152760,500.00,cifi0007.DBF
QLFS,10QLFS,F,SM,00,40,45,325.73,427,349.62,351.48,10.849950,2.152760,500.00,cifi0007.DBF
QLFS,10QLFS,F,SM,00,40,46,333.06,431,356.56,358.51,10.849950,2.152760,500.00,cifi0007.DBF
QLFS,10QLFS,F,SM,00,40,47,340.10,434,363.22,365.31,10.849950,2.152760,500.00,cifi0007.DBF
QLFS,10QLFS,F,SM,00,40,48,346.58,438,369.34,371.70,10.849950,2.152760,500.00,cifi0007.DBF
QLFS,10QLFS,F,SM,00,40,49,352.54,441,374.96,377.57,10.849950,2.152760,500.00,cifi0007.DBF
QLFS,10QLFS,F,SM,00,40,50,358.17,444,380.26,383.03,10.849950,2.152760,500.00,cifi0007.DBF
QLFS,10QLFS,F,SM,00,40,51,364.18,447,385.90,388.50,10.849950,2.152760,500.00,cifi0007.DBF
QLFS,10QLFS,F,SM,00,40,52,370.90,450,392.16,394.45,10.849950,2.152760,500.00,cifi0007.DBF
QLFS,10QLFS,F,SM,00,40,53,377.83,453,398.58,400.80,10.849950,2.152760,500.00,cifi0007.DBF
QLFS,10QLFS,F,SM,00,40,54,384.59,456,404.83,407.13,10.849950,2.152760,500.00,cifi0007.DBF
QLFS,10QLFS,F,SM,00,40,55,390.64,459,410.40,413.04,10.849950,2.152760,500.00,cifi0007.DBF
QLFS,10QLFS,F,SM,00,40,56,395.56,461,414.93,418.09,10.849950,2.152760,500.00,cifi0007.DBF
QLFS,10QLFS,F,SM,00,40,57,399.36,463,418.44,422.11,10.849950,2.152760,500.00,cifi0007.DBF
QLFS,10QLFS,F,SM,00,40,58,402.96,464,421.76,425.53,10.849950,2.152760,500.00,cifi0007.DBF
QLFS,10QLFS,F,SM,00,40,59,407.38,466,425.83,429.22,10.849950,2.152760,500.00,cifi0007.DBF
QLFS,10QLFS,F,SM,00,40,60,412.00,468,430.06,433.37,10.849950,2.152760,500.00,cifi0007.DBF
QLFS,10QLFS,F,SM,00,40,61,416.50,470,434.16,437.53,10.849950,2.152760,500.00,cifi0007.DBF
QLFS,10QLFS,F,SM,00,40,62,420.89,472,438.16,441.59,10.849950,2.152760,500.00,cifi0007.DBF
QLFS,10QLFS,F,SM,00,40,63,425.18,474,442.07,445.54,10.849950,2.152760,500.00,cifi0007.DBF
QLFS,10QLFS,F,SM,00,40,64,429.42,475,445.91,449.41,10.849950,2.152760,500.00,cifi0007.DBF
QLFS,10QLFS,F,SM,00,40,65,433.51,477,449.60,453.18,10.849950,2.152760,500.00,cifi0007.DBF
QLFS,10QLFS,F,SM,00,40,66,437.23,478,452.97,456.71,10.849950,2.152760,500.00,cifi0007.DBF
QLFS,10QLFS,F,SM,00,40,67,440.64,480,456.04,459.93,10.849950,2.152760,500.00,cifi0007.DBF
QLFS,10QLFS,F,SM,00,40,68,443.77,481,458.86,462.88,10.849950,2.152760,500.00,cifi0007.DBF
QLFS,10QLFS,F,SM,00,40,69,446.64,482,461.44,465.57,10.849950,2.152760,500.00,cifi0007.DBF
QLFS,10QLFS,F,SM,00,40,70,449.24,483,463.77,468.03,10.849950,2.152760,500.00,cifi0007.DBF
QLFS,10QLFS,F,SM,00,40,71,451.54,484,465.84,470.23,10.849950,2.152760,500.00,cifi0007.DBF
QLFS,10QLFS,F,SM,00,40,72,453.63,484,467.71,472.20,10.849950,2.152760,500.00,cifi0007.DBF
QLFS,10QLFS,F,SM,00,40,73,455.67,485,469.53,474.05,10.849950,2.152760,500.00,cifi0007.DBF
QLFS,10QLFS,F,SM,00,40,74,457.82,486,471.46,475.92,10.849950,2.152760,500.00,cifi0007.DBF
QLFS,10QLFS,F,SM,00,40,75,459.73,487,473.16,477.74,10.849950,2.152760,500.00,cifi0007.DBF
QLFS,10QLFS,F,SM,00,40,76,461.55,487,474.79,479.40,10.849950,2.152760,500.00,cifi0007.DBF
QLFS,10QLFS,F,SM,00,40,77,463.31,488,476.35,480.99,10.849950,2.152760,500.00,cifi0007.DBF
QLFS,10QLFS,F,SM,00,40,78,464.98,489,477.80,482.50,10.849950,2.152760,500.00,cifi0007.DBF
QLFS,10QLFS,F,SM,00,40,79,468.13,490,480.14,484.39,10.849950,2.152760,500.00,cifi0007.DBF
QLFS,10QLFS,F,SM,00,40,80,500.00,500,500.00,495.49,10.849950,2.152760,500.00,cifi0007.DBF
QLFS,10QLFS,F,SM,00,41,1,0.00,0,0.00,1.15,2.300210,2.300210,1000.00,cifi0007.DBF
QLFS,10QLFS,F,SM,00,41,2,0.00,0,9.14,10.22,11.296570,2.300210,1000.00,cifi0007.DBF
QLFS,10QLFS,F,SM,00,41,3,2.37,13,18.42,19.43,11.296570,2.300210,1000.00,cifi0007.DBF
QLFS,10QLFS,F,SM,00,41,4,10.80,57,27.79,28.75,11.296570,2.300210,1000.00,cifi0007.DBF
QLFS,10QLFS,F,SM,00,41,5,19.35,98,37.24,38.17,11.296570,2.300210,1000.00,cifi0007.DBF
QLFS,10QLFS,F,SM,00,41,6,27.98,138,46.72,47.63,11.296570,2.300210,1000.00,cifi0007.DBF
QLFS,10QLFS,F,SM,00,41,7,36.63,175,56.17,57.09,11.296570,2.300210,1000.00,cifi0007.DBF
QLFS,10QLFS,F,SM,00,41,8,45.23,210,65.50,66.49,11.296570,2.300210,1000.00,cifi0007.DBF
QLFS,10QLFS,F,SM,00,41,9,53.72,243,74.68,75.74,11.296570,2.300210,1000.00,cifi0007.DBF
QLFS,10QLFS,F,SM,00,41,10,62.07,274,83.67,84.82,11.296570,2.300210,1000.00,cifi0007.DBF
QLFS,10QLFS,F,SM,00,41,11,70.23,303,92.40,93.68,11.296570,2.300210,1000.00,cifi0007.DBF
QLFS,10QLFS,F,SM,00,41,12,78.16,330,100.85,102.27,11.296570,2.300210,1000.00,cifi0007.DBF
QLFS,10QLFS,F,SM,00,41,13,85.79,355,108.95,110.55,11.296570,2.300210,1000.00,cifi0007.DBF
QLFS,10QLFS,F,SM,00,41,14,93.08,379,116.65,118.45,11.296570,2.300210,1000.00,cifi0007.DBF
QLFS,10QLFS,F,SM,00,41,15,99.97,400,123.91,125.93,11.296570,2.300210,1000.00,cifi0007.DBF
QLFS,10QLFS,F,SM,00,41,16,106.40,420,130.67,132.94,11.296570,2.300210,1000.00,cifi0007.DBF
QLFS,10QLFS,F,SM,00,41,17,112.35,438,136.89,139.43,11.296570,2.300210,1000.00,cifi0007.DBF
QLFS,10QLFS,F,SM,00,41,18,117.77,455,142.55,145.37,11.296570,2.300210,1000.00,cifi0007.DBF
QLFS,10QLFS,F,SM,00,41,19,122.56,471,147.54,150.69,11.296570,2.300210,1000.00,cifi0007.DBF
QLFS,10QLFS,F,SM,00,41,20,126.68,485,151.83,155.34,11.296570,2.300210,1000.00,cifi0007.DBF
QLFS,10QLFS,F,SM,00,41,21,130.00,497,155.30,159.22,11.296570,2.300210,1000.00,cifi0007.DBF
QLFS,10QLFS,F,SM,00,41,22,132.43,508,157.86,162.23,11.296570,2.300210,1000.00,cifi0007.DBF
QLFS,10QLFS,F,SM,00,41,23,133.88,517,159.44,164.30,11.296570,2.300210,1000.00,cifi0007.DBF
QLFS,10QLFS,F,SM,00,41,24,134.21,262,159.90,165.32,11.296570,2.300210,1000.00,cifi0007.DBF
QLFS,10QLFS,F,SM,00,41,25,144.02,274,170.04,170.62,11.296570,2.300210,500.00,cifi0007.DBF
QLFS,10QLFS,F,SM,00,41,26,153.91,286,180.22,180.78,11.296570,2.300210,500.00,cifi0007.DBF
QLFS,10QLFS,F,SM,00,41,27,163.88,297,190.41,190.96,11.296570,2.300210,500.00,cifi0007.DBF
QLFS,10QLFS,F,SM,00,41,28,173.90,308,200.61,201.16,11.296570,2.300210,500.00,cifi0007.DBF
QLFS,10QLFS,F,SM,00,41,29,183.95,318,210.78,211.34,11.296570,2.300210,500.00,cifi0007.DBF
QLFS,10QLFS,F,SM,00,41,30,193.99,328,220.90,221.49,11.296570,2.300210,500.00,cifi0007.DBF
QLFS,10QLFS,F,SM,00,41,31,203.98,337,230.92,231.56,11.296570,2.300210,500.00,cifi0007.DBF
QLFS,10QLFS,F,SM,00,41,32,213.90,346,240.83,241.52,11.296570,2.300210,500.00,cifi0007.DBF
QLFS,10QLFS,F,SM,00,41,33,223.73,355,250.61,251.37,11.296570,2.300210,500.00,cifi0007.DBF
QLFS,10QLFS,F,SM,00,41,34,233.49,363,260.27,261.08,11.296570,2.300210,500.00,cifi0007.DBF
QLFS,10QLFS,F,SM,00,41,35,243.20,370,269.83,270.70,11.296570,2.300210,500.00,cifi0007.DBF
QLFS,10QLFS,F,SM,00,41,36,252.84,377,279.29,280.21,11.296570,2.300210,500.00,cifi0007.DBF
QLFS,10QLFS,F,SM,00,41,37,262.42,384,288.63,289.61,11.296570,2.300210,500.00,cifi0007.DBF
QLFS,10QLFS,F,SM,00,41,38,271.93,391,297.87,298.90,11.296570,2.300210,500.00,cifi0007.DBF
QLFS,10QLFS,F,SM,00,41,39,281.37,397,307.00,308.08,11.296570,2.300210,500.00,cifi0007.DBF
QLFS,10QLFS,F,SM,00,41,40,290.56,403,315.86,317.08,11.296570,2.300210,500.00,cifi0007.DBF
QLFS,10QLFS,F,SM,00,41,41,299.31,409,324.26,325.71,11.296570,2.300210,500.00,cifi0007.DBF
QLFS,10QLFS,F,SM,00,41,42,307.64,414,332.24,333.90,11.296570,2.300210,500.00,cifi0007.DBF
QLFS,10QLFS,F,SM,00,41,43,315.60,419,339.85,341.69,11.296570,2.300210,500.00,cifi0007.DBF
QLFS,10QLFS,F,SM,00,41,44,323.20,423,347.08,349.11,11.296570,2.300210,500.00,cifi0007.DBF
QLFS,10QLFS,F,SM,00,41,45,330.64,427,354.14,356.26,11.296570,2.300210,500.00,cifi0007.DBF
QLFS,10QLFS,F,SM,00,41,46,337.78,431,360.90,363.17,11.296570,2.300210,500.00,cifi0007.DBF
QLFS,10QLFS,F,SM,00,41,47,344.36,435,367.12,369.66,11.296570,2.300210,500.00,cifi0007.DBF
QLFS,10QLFS,F,SM,00,41,48,350.41,438,372.83,375.62,11.296570,2.300210,500.00,cifi0007.DBF
QLFS,10QLFS,F,SM,00,41,49,356.11,441,378.21,381.17,11.296570,2.300210,500.00,cifi0007.DBF
QLFS,10QLFS,F,SM,00,41,50,362.21,444,383.94,386.73,11.296570,2.300210,500.00,cifi0007.DBF
QLFS,10QLFS,F,SM,00,41,51,369.03,448,390.31,392.77,11.296570,2.300210,500.00,cifi0007.DBF
QLFS,10QLFS,F,SM,00,41,52,376.06,451,396.83,399.22,11.296570,2.300210,500.00,cifi0007.DBF
QLFS,10QLFS,F,SM,00,41,53,382.92,454,403.18,405.65,11.296570,2.300210,500.00,cifi0007.DBF
QLFS,10QLFS,F,SM,00,41,54,389.06,457,408.84,411.65,11.296570,2.300210,500.00,cifi0007.DBF
QLFS,10QLFS,F,SM,00,41,55,394.05,459,413.44,416.79,11.296570,2.300210,500.00,cifi0007.DBF
QLFS,10QLFS,F,SM,00,41,56,397.90,461,417.00,420.87,11.296570,2.300210,500.00,cifi0007.DBF
QLFS,10QLFS,F,SM,00,41,57,401.55,463,420.38,424.34,11.296570,2.300210,500.00,cifi0007.DBF
QLFS,10QLFS,F,SM,00,41,58,406.04,465,424.51,428.09,11.296570,2.300210,500.00,cifi0007.DBF
QLFS,10QLFS,F,SM,00,41,59,410.73,467,428.80,432.30,11.296570,2.300210,500.00,cifi0007.DBF
QLFS,10QLFS,F,SM,00,41,60,415.29,469,432.98,436.54,11.296570,2.300210,500.00,cifi0007.DBF
QLFS,10QLFS,F,SM,00,41,61,419.75,470,437.04,440.66,11.296570,2.300210,500.00,cifi0007.DBF
QLFS,10QLFS,F,SM,00,41,62,424.10,472,441.01,444.67,11.296570,2.300210,500.00,cifi0007.DBF
QLFS,10QLFS,F,SM,00,41,63,428.40,474,444.91,448.61,11.296570,2.300210,500.00,cifi0007.DBF
QLFS,10QLFS,F,SM,00,41,64,432.54,476,448.66,452.43,11.296570,2.300210,500.00,cifi0007.DBF
QLFS,10QLFS,F,SM,00,41,65,436.33,477,452.08,456.02,11.296570,2.300210,500.00,cifi0007.DBF
QLFS,10QLFS,F,SM,00,41,66,439.78,479,455.21,459.29,11.296570,2.300210,500.00,cifi0007.DBF
QLFS,10QLFS,F,SM,00,41,67,442.95,480,458.06,462.28,11.296570,2.300210,500.00,cifi0007.DBF
QLFS,10QLFS,F,SM,00,41,68,445.87,481,460.69,465.02,11.296570,2.300210,500.00,cifi0007.DBF
QLFS,10QLFS,F,SM,00,41,69,448.50,482,463.05,467.52,11.296570,2.300210,500.00,cifi0007.DBF
QLFS,10QLFS,F,SM,00,41,70,450.84,483,465.16,469.75,11.296570,2.300210,500.00,cifi0007.DBF
QLFS,10QLFS,F,SM,00,41,71,452.96,484,467.06,471.76,11.296570,2.300210,500.00,cifi0007.DBF
QLFS,10QLFS,F,SM,00,41,72,455.03,485,468.91,473.63,11.296570,2.300210,500.00,cifi0007.DBF
QLFS,10QLFS,F,SM,00,41,73,457.21,485,470.86,475.54,11.296570,2.300210,500.00,cifi0007.DBF
QLFS,10QLFS,F,SM,00,41,74,459.15,486,472.60,477.38,11.296570,2.300210,500.00,cifi0007.DBF
QLFS,10QLFS,F,SM,00,41,75,461.00,487,474.25,479.07,11.296570,2.300210,500.00,cifi0007.DBF
QLFS,10QLFS,F,SM,00,41,76,462.78,487,475.83,480.69,11.296570,2.300210,500.00,cifi0007.DBF
QLFS,10QLFS,F,SM,00,41,77,464.48,488,477.30,482.22,11.296570,2.300210,500.00,cifi0007.DBF
QLFS,10QLFS,F,SM,00,41,78,467.67,489,479.69,484.15,11.296570,2.300210,500.00,cifi0007.DBF
QLFS,10QLFS,F,SM,00,41,79,500.00,500,500.00,495.49,11.296570,2.300210,500.00,cifi0007.DBF
QLFS,10QLFS,F,SM,00,42,1,0.00,0,0.00,1.24,2.486980,2.486980,1000.00,cifi0007.DBF
QLFS,10QLFS,F,SM,00,42,2,0.00,0,9.41,10.59,11.763680,2.486980,1000.00,cifi0007.DBF
QLFS,10QLFS,F,SM,00,42,3,2.66,14,18.93,20.06,11.763680,2.486980,1000.00,cifi0007.DBF
QLFS,10QLFS,F,SM,00,42,4,11.32,58,28.53,29.61,11.763680,2.486980,1000.00,cifi0007.DBF
QLFS,10QLFS,F,SM,00,42,5,20.07,99,38.16,39.22,11.763680,2.486980,1000.00,cifi0007.DBF
QLFS,10QLFS,F,SM,00,42,6,28.84,138,47.75,48.84,11.763680,2.486980,1000.00,cifi0007.DBF
QLFS,10QLFS,F,SM,00,42,7,37.56,175,57.24,58.38,11.763680,2.486980,1000.00,cifi0007.DBF
QLFS,10QLFS,F,SM,00,42,8,46.18,209,66.57,67.78,11.763680,2.486980,1000.00,cifi0007.DBF
QLFS,10QLFS,F,SM,00,42,9,54.65,242,75.70,77.02,11.763680,2.486980,1000.00,cifi0007.DBF
QLFS,10QLFS,F,SM,00,42,10,62.94,272,84.60,86.03,11.763680,2.486980,1000.00,cifi0007.DBF
QLFS,10QLFS,F,SM,00,42,11,71.00,300,93.20,94.78,11.763680,2.486980,1000.00,cifi0007.DBF
QLFS,10QLFS,F,SM,00,42,12,78.76,326,101.46,103.21,11.763680,2.486980,1000.00,cifi0007.DBF
QLFS,10QLFS,F,SM,00,42,13,86.18,351,109.32,111.27,11.763680,2.486980,1000.00,cifi0007.DBF
QLFS,10QLFS,F,SM,00,42,14,93.21,373,116.74,118.91,11.763680,2.486980,1000.00,cifi0007.DBF
QLFS,10QLFS,F,SM,00,42,15,99.77,394,123.65,126.07,11.763680,2.486980,1000.00,cifi0007.DBF
QLFS,10QLFS,F,SM,00,42,16,105.86,413,130.04,132.72,11.763680,2.486980,1000.00,cifi0007.DBF
QLFS,10QLFS,F,SM,00,42,17,111.41,431,135.85,138.82,11.763680,2.486980,1000.00,cifi0007.DBF
QLFS,10QLFS,F,SM,00,42,18,116.35,447,141.01,144.31,11.763680,2.486980,1000.00,cifi0007.DBF
QLFS,10QLFS,F,SM,00,42,19,120.60,462,145.46,149.12,11.763680,2.486980,1000.00,cifi0007.DBF
QLFS,10QLFS,F,SM,00,42,20,124.07,474,149.09,153.16,11.763680,2.486980,1000.00,cifi0007.DBF
QLFS,10QLFS,F,SM,00,42,21,126.64,486,151.82,156.34,11.763680,2.486980,1000.00,cifi0007.DBF
QLFS,10QLFS,F,SM,00,42,22,128.23,495,153.56,158.57,11.763680,2.486980,1000.00,cifi0007.DBF
QLFS,10QLFS,F,SM,00,42,23,128.70,252,154.18,159.75,11.763680,2.486980,1000.00,cifi0007.DBF
QLFS,10QLFS,F,SM,00,42,24,138.66,264,164.49,165.21,11.763680,2.486980,500.00,cifi0007.DBF
QLFS,10QLFS,F,SM,00,42,25,148.71,276,174.83,175.54,11.763680,2.486980,500.00,cifi0007.DBF
QLFS,10QLFS,F,SM,00,42,26,158.83,288,185.20,185.90,11.763680,2.486980,500.00,cifi0007.DBF
QLFS,10QLFS,F,SM,00,42,27,168.99,299,195.56,196.26,11.763680,2.486980,500.00,cifi0007.DBF
QLFS,10QLFS,F,SM,00,42,28,179.19,310,205.90,206.61,11.763680,2.486980,500.00,cifi0007.DBF
QLFS,10QLFS,F,SM,00,42,29,189.38,320,216.18,216.92,11.763680,2.486980,500.00,cifi0007.DBF
QLFS,10QLFS,F,SM,00,42,30,199.52,330,226.37,227.16,11.763680,2.486980,500.00,cifi0007.DBF
QLFS,10QLFS,F,SM,00,42,31,209.60,339,236.44,237.28,11.763680,2.486980,500.00,cifi0007.DBF
QLFS,10QLFS,F,SM,00,42,32,219.58,348,246.37,247.29,11.763680,2.486980,500.00,cifi0007.DBF
QLFS,10QLFS,F,SM,00,42,33,229.49,356,256.19,257.17,11.763680,2.486980,500.00,cifi0007.DBF
QLFS,10QLFS,F,SM,00,42,34,239.34,364,265.91,266.94,11.763680,2.486980,500.00,cifi0007.DBF
QLFS,10QLFS,F,SM,00,42,35,249.13,372,275.53,276.60,11.763680,2.486980,500.00,cifi0007.DBF
QLFS,10QLFS,F,SM,00,42,36,258.85,379,285.03,286.16,11.763680,2.486980,500.00,cifi0007.DBF
QLFS,10QLFS,F,SM,00,42,37,268.50,386,294.41,295.60,11.763680,2.486980,500.00,cifi0007.DBF
QLFS,10QLFS,F,SM,00,42,38,278.08,393,303.69,304.94,11.763680,2.486980,500.00,cifi0007.DBF
QLFS,10QLFS,F,SM,00,42,39,287.41,399,312.70,314.08,11.763680,2.486980,500.00,cifi0007.DBF
QLFS,10QLFS,F,SM,00,42,40,296.29,405,321.24,322.85,11.763680,2.486980,500.00,cifi0007.DBF
QLFS,10QLFS,F,SM,00,42,41,304.75,410,329.35,331.18,11.763680,2.486980,500.00,cifi0007.DBF
QLFS,10QLFS,F,SM,00,42,42,312.83,415,337.08,339.10,11.763680,2.486980,500.00,cifi0007.DBF
QLFS,10QLFS,F,SM,00,42,43,320.55,420,344.44,346.64,11.763680,2.486980,500.00,cifi0007.DBF
QLFS,10QLFS,F,SM,00,42,44,328.09,424,351.61,353.90,11.763680,2.486980,500.00,cifi0007.DBF
QLFS,10QLFS,F,SM,00,42,45,335.34,428,358.48,360.92,11.763680,2.486980,500.00,cifi0007.DBF
QLFS,10QLFS,F,SM,00,42,46,342.02,432,364.80,367.52,11.763680,2.486980,500.00,cifi0007.DBF
QLFS,10QLFS,F,SM,00,42,47,348.16,435,370.60,373.58,11.763680,2.486980,500.00,cifi0007.DBF
QLFS,10QLFS,F,SM,00,42,48,353.95,438,376.07,379.22,11.763680,2.486980,500.00,cifi0007.DBF
QLFS,10QLFS,F,SM,00,42,49,360.14,442,381.90,384.87,11.763680,2.486980,500.00,cifi0007.DBF
QLFS,10QLFS,F,SM,00,42,50,367.06,445,388.37,391.01,11.763680,2.486980,500.00,cifi0007.DBF
QLFS,10QLFS,F,SM,00,42,51,374.19,449,394.99,397.56,11.763680,2.486980,500.00,cifi0007.DBF
QLFS,10QLFS,F,SM,00,42,52,381.16,452,401.45,404.10,11.763680,2.486980,500.00,cifi0007.DBF
QLFS,10QLFS,F,SM,00,42,53,387.39,455,407.20,410.20,11.763680,2.486980,500.00,cifi0007.DBF
QLFS,10QLFS,F,SM,00,42,54,392.46,457,411.88,415.42,11.763680,2.486980,500.00,cifi0007.DBF
QLFS,10QLFS,F,SM,00,42,55,396.37,459,415.50,419.57,11.763680,2.486980,500.00,cifi0007.DBF
QLFS,10QLFS,F,SM,00,42,56,400.07,461,418.93,423.10,11.763680,2.486980,500.00,cifi0007.DBF
QLFS,10QLFS,F,SM,00,42,57,404.63,463,423.13,426.91,11.763680,2.486980,500.00,cifi0007.DBF
QLFS,10QLFS,F,SM,00,42,58,409.38,465,427.49,431.19,11.763680,2.486980,500.00,cifi0007.DBF
QLFS,10QLFS,F,SM,00,42,59,414.02,467,431.74,435.50,11.763680,2.486980,500.00,cifi0007.DBF
QLFS,10QLFS,F,SM,00,42,60,418.54,469,435.87,439.68,11.763680,2.486980,500.00,cifi0007.DBF
QLFS,10QLFS,F,SM,00,42,61,422.96,471,439.90,443.76,11.763680,2.486980,500.00,cifi0007.DBF
QLFS,10QLFS,F,SM,00,42,62,427.32,473,443.87,447.76,11.763680,2.486980,500.00,cifi0007.DBF
QLFS,10QLFS,F,SM,00,42,63,431.53,475,447.68,451.65,11.763680,2.486980,500.00,cifi0007.DBF
QLFS,10QLFS,F,SM,00,42,64,435.37,476,451.16,455.30,11.763680,2.486980,500.00,cifi0007.DBF
QLFS,10QLFS,F,SM,00,42,65,438.88,478,454.33,458.62,11.763680,2.486980,500.00,cifi0007.DBF
QLFS,10QLFS,F,SM,00,42,66,442.09,479,457.23,461.66,11.763680,2.486980,500.00,cifi0007.DBF
QLFS,10QLFS,F,SM,00,42,67,445.05,480,459.90,464.45,11.763680,2.486980,500.00,cifi0007.DBF
QLFS,10QLFS,F,SM,00,42,68,447.73,481,462.31,466.99,11.763680,2.486980,500.00,cifi0007.DBF
QLFS,10QLFS,F,SM,00,42,69,450.10,482,464.44,469.26,11.763680,2.486980,500.00,cifi0007.DBF
QLFS,10QLFS,F,SM,00,42,70,452.25,483,466.38,471.29,11.763680,2.486980,500.00,cifi0007.DBF
QLFS,10QLFS,F,SM,00,42,71,454.35,484,468.26,473.20,11.763680,2.486980,500.00,cifi0007.DBF
QLFS,10QLFS,F,SM,00,42,72,456.57,485,470.24,475.13,11.763680,2.486980,500.00,cifi0007.DBF
QLFS,10QLFS,F,SM,00,42,73,458.53,485,472.01,477.01,11.763680,2.486980,500.00,cifi0007.DBF
QLFS,10QLFS,F,SM,00,42,74,460.41,486,473.68,478.73,11.763680,2.486980,500.00,cifi0007.DBF
QLFS,10QLFS,F,SM,00,42,75,462.22,487,475.30,480.37,11.763680,2.486980,500.00,cifi0007.DBF
QLFS,10QLFS,F,SM,00,42,76,463.94,487,476.79,481.93,11.763680,2.486980,500.00,cifi0007.DBF
QLFS,10QLFS,F,SM,00,42,77,467.19,489,479.22,483.89,11.763680,2.486980,500.00,cifi0007.DBF
QLFS,10QLFS,F,SM,00,42,78,500.00,500,500.00,495.49,11.763680,2.486980,500.00,cifi0007.DBF
QLFS,10QLFS,F,SM,00,43,1,0.00,0,0.00,1.35,2.693410,2.693410,1000.00,cifi0007.DBF
QLFS,10QLFS,F,SM,00,43,2,0.00,0,9.67,10.96,12.252130,2.693410,1000.00,cifi0007.DBF
QLFS,10QLFS,F,SM,00,43,3,2.89,15,19.41,20.67,12.252130,2.693410,1000.00,cifi0007.DBF
QLFS,10QLFS,F,SM,00,43,4,11.76,58,29.20,30.43,12.252130,2.693410,1000.00,cifi0007.DBF
QLFS,10QLFS,F,SM,00,43,5,20.66,99,38.95,40.20,12.252130,2.693410,1000.00,cifi0007.DBF
QLFS,10QLFS,F,SM,00,43,6,29.51,137,48.59,49.90,12.252130,2.693410,1000.00,cifi0007.DBF
QLFS,10QLFS,F,SM,00,43,7,38.25,173,58.08,59.46,12.252130,2.693410,1000.00,cifi0007.DBF
QLFS,10QLFS,F,SM,00,43,8,46.86,207,67.38,68.86,12.252130,2.693410,1000.00,cifi0007.DBF
QLFS,10QLFS,F,SM,00,43,9,55.29,239,76.44,78.03,12.252130,2.693410,1000.00,cifi0007.DBF
QLFS,10QLFS,F,SM,00,43,10,63.48,268,85.20,86.94,12.252130,2.693410,1000.00,cifi0007.DBF
QLFS,10QLFS,F,SM,00,43,11,71.38,296,93.62,95.54,12.252130,2.693410,1000.00,cifi0007.DBF
QLFS,10QLFS,F,SM,00,43,12,78.94,321,101.65,103.76,12.252130,2.693410,1000.00,cifi0007.DBF
QLFS,10QLFS,F,SM,00,43,13,86.10,345,109.23,111.57,12.252130,2.693410,1000.00,cifi0007.DBF
QLFS,10QLFS,F,SM,00,43,14,92.81,367,116.31,118.90,12.252130,2.693410,1000.00,cifi0007.DBF
QLFS,10QLFS,F,SM,00,43,15,99.04,387,122.87,125.71,12.252130,2.693410,1000.00,cifi0007.DBF
QLFS,10QLFS,F,SM,00,43,16,104.73,405,128.85,131.98,12.252130,2.693410,1000.00,cifi0007.DBF
QLFS,10QLFS,F,SM,00,43,17,109.82,422,134.17,137.64,12.252130,2.693410,1000.00,cifi0007.DBF
QLFS,10QLFS,F,SM,00,43,18,114.22,437,138.79,142.61,12.252130,2.693410,1000.00,cifi0007.DBF
QLFS,10QLFS,F,SM,00,43,19,117.83,451,142.60,146.82,12.252130,2.693410,1000.00,cifi0007.DBF
QLFS,10QLFS,F,SM,00,43,20,120.55,462,145.49,150.17,12.252130,2.693410,1000.00,cifi0007.DBF
QLFS,10QLFS,F,SM,00,43,21,122.30,472,147.41,152.57,12.252130,2.693410,1000.00,cifi0007.DBF
QLFS,10QLFS,F,SM,00,43,22,122.93,240,148.20,153.93,12.252130,2.693410,1000.00,cifi0007.DBF
QLFS,10QLFS,F,SM,00,43,23,133.04,254,158.68,159.57,12.252130,2.693410,500.00,cifi0007.DBF
QLFS,10QLFS,F,SM,00,43,24,143.24,266,169.20,170.07,12.252130,2.693410,500.00,cifi0007.DBF
QLFS,10QLFS,F,SM,00,43,25,153.51,278,179.74,180.60,12.252130,2.693410,500.00,cifi0007.DBF
QLFS,10QLFS,F,SM,00,43,26,163.84,290,190.28,191.14,12.252130,2.693410,500.00,cifi0007.DBF
QLFS,10QLFS,F,SM,00,43,27,174.20,301,200.79,201.66,12.252130,2.693410,500.00,cifi0007.DBF
QLFS,10QLFS,F,SM,00,43,28,184.55,312,211.25,212.15,12.252130,2.693410,500.00,cifi0007.DBF
QLFS,10QLFS,F,SM,00,43,29,194.85,322,221.61,222.55,12.252130,2.693410,500.00,cifi0007.DBF
QLFS,10QLFS,F,SM,00,43,30,205.08,332,231.85,232.85,12.252130,2.693410,500.00,cifi0007.DBF
QLFS,10QLFS,F,SM,00,43,31,215.21,341,241.95,243.03,12.252130,2.693410,500.00,cifi0007.DBF
QLFS,10QLFS,F,SM,00,43,32,225.28,350,251.94,253.07,12.252130,2.693410,500.00,cifi0007.DBF
QLFS,10QLFS,F,SM,00,43,33,235.28,358,261.82,263.00,12.252130,2.693410,500.00,cifi0007.DBF
QLFS,10QLFS,F,SM,00,43,34,245.22,366,271.59,272.83,12.252130,2.693410,500.00,cifi0007.DBF
QLFS,10QLFS,F,SM,00,43,35,255.09,374,281.25,282.55,12.252130,2.693410,500.00,cifi0007.DBF
QLFS,10QLFS,F,SM,00,43,36,264.89,381,290.80,292.15,12.252130,2.693410,500.00,cifi0007.DBF
QLFS,10QLFS,F,SM,00,43,37,274.62,388,300.24,301.65,12.252130,2.693410,500.00,cifi0007.DBF
QLFS,10QLFS,F,SM,00,43,38,284.10,395,309.39,310.94,12.252130,2.693410,500.00,cifi0007.DBF
QLFS,10QLFS,F,SM,00,43,39,293.12,401,318.08,319.86,12.252130,2.693410,500.00,cifi0007.DBF
QLFS,10QLFS,F,SM,00,43,40,301.71,406,326.33,328.33,12.252130,2.693410,500.00,cifi0007.DBF
QLFS,10QLFS,F,SM,00,43,41,309.92,411,334.18,336.38,12.252130,2.693410,500.00,cifi0007.DBF
QLFS,10QLFS,F,SM,00,43,42,317.75,416,341.67,344.05,12.252130,2.693410,500.00,cifi0007.DBF
QLFS,10QLFS,F,SM,00,43,43,325.41,421,348.96,351.44,12.252130,2.693410,500.00,cifi0007.DBF
QLFS,10QLFS,F,SM,00,43,44,332.78,425,355.95,358.58,12.252130,2.693410,500.00,cifi0007.DBF
QLFS,10QLFS,F,SM,00,43,45,339.56,429,362.37,365.29,12.252130,2.693410,500.00,cifi0007.DBF
QLFS,10QLFS,F,SM,00,43,46,345.80,432,368.28,371.45,12.252130,2.693410,500.00,cifi0007.DBF
QLFS,10QLFS,F,SM,00,43,47,351.67,436,373.84,377.18,12.252130,2.693410,500.00,cifi0007.DBF
QLFS,10QLFS,F,SM,00,43,48,357.96,439,379.76,382.92,12.252130,2.693410,500.00,cifi0007.DBF
QLFS,10QLFS,F,SM,00,43,49,365.00,443,386.34,389.17,12.252130,2.693410,500.00,cifi0007.DBF
QLFS,10QLFS,F,SM,00,43,50,372.24,446,393.08,395.83,12.252130,2.693410,500.00,cifi0007.DBF
QLFS,10QLFS,F,SM,00,43,51,379.31,450,399.64,402.48,12.252130,2.693410,500.00,cifi0007.DBF
QLFS,10QLFS,F,SM,00,43,52,385.64,453,405.49,408.69,12.252130,2.693410,500.00,cifi0007.DBF
QLFS,10QLFS,F,SM,00,43,53,390.78,455,410.25,413.99,12.252130,2.693410,500.00,cifi0007.DBF
QLFS,10QLFS,F,SM,00,43,54,394.75,457,413.93,418.21,12.252130,2.693410,500.00,cifi0007.DBF
QLFS,10QLFS,F,SM,00,43,55,398.52,459,417.42,421.80,12.252130,2.693410,500.00,cifi0007.DBF
QLFS,10QLFS,F,SM,00,43,56,403.14,461,421.69,425.68,12.252130,2.693410,500.00,cifi0007.DBF
QLFS,10QLFS,F,SM,00,43,57,407.97,464,426.12,430.03,12.252130,2.693410,500.00,cifi0007.DBF
QLFS,10QLFS,F,SM,00,43,58,412.68,466,430.44,434.41,12.252130,2.693410,500.00,cifi0007.DBF
QLFS,10QLFS,F,SM,00,43,59,417.27,468,434.64,438.66,12.252130,2.693410,500.00,cifi0007.DBF
QLFS,10QLFS,F,SM,00,43,60,421.76,470,438.74,442.81,12.252130,2.693410,500.00,cifi0007.DBF
QLFS,10QLFS,F,SM,00,43,61,426.19,472,442.77,446.88,12.252130,2.693410,500.00,cifi0007.DBF
QLFS,10QLFS,F,SM,00,43,62,430.46,473,446.65,450.84,12.252130,2.693410,500.00,cifi0007.DBF
QLFS,10QLFS,F,SM,00,43,63,434.36,475,450.19,454.54,12.252130,2.693410,500.00,cifi0007.DBF
QLFS,10QLFS,F,SM,00,43,64,437.93,477,453.41,457.92,12.252130,2.693410,500.00,cifi0007.DBF
QLFS,10QLFS,F,SM,00,43,65,441.19,478,456.37,461.01,12.252130,2.693410,500.00,cifi0007.DBF
QLFS,10QLFS,F,SM,00,43,66,444.20,479,459.08,463.85,12.252130,2.693410,500.00,cifi0007.DBF
QLFS,10QLFS,F,SM,00,43,67,446.91,480,461.52,466.43,12.252130,2.693410,500.00,cifi0007.DBF
QLFS,10QLFS,F,SM,00,43,68,449.32,481,463.70,468.74,12.252130,2.693410,500.00,cifi0007.DBF
QLFS,10QLFS,F,SM,00,43,69,451.51,482,465.66,470.81,12.252130,2.693410,500.00,cifi0007.DBF
QLFS,10QLFS,F,SM,00,43,70,453.64,483,467.58,472.74,12.252130,2.693410,500.00,cifi0007.DBF
QLFS,10QLFS,F,SM,00,43,71,455.89,484,469.60,474.71,12.252130,2.693410,500.00,cifi0007.DBF
QLFS,10QLFS,F,SM,00,43,72,457.89,485,471.39,476.62,12.252130,2.693410,500.00,cifi0007.DBF
QLFS,10QLFS,F,SM,00,43,73,459.79,485,473.09,478.37,12.252130,2.693410,500.00,cifi0007.DBF
QLFS,10QLFS,F,SM,00,43,74,461.63,486,474.73,480.04,12.252130,2.693410,500.00,cifi0007.DBF
QLFS,10QLFS,F,SM,00,43,75,463.38,487,476.25,481.62,12.252130,2.693410,500.00,cifi0007.DBF
QLFS,10QLFS,F,SM,00,43,76,466.68,488,478.73,483.62,12.252130,2.693410,500.00,cifi0007.DBF
QLFS,10QLFS,F,SM,00,43,77,500.00,500,500.00,495.49,12.252130,2.693410,500.00,cifi0007.DBF
QLFS,10QLFS,F,SM,00,44,1,0.00,0,0.00,1.47,2.939150,2.939150,1000.00,cifi0007.DBF
QLFS,10QLFS,F,SM,00,44,2,0.00,0,9.90,11.33,12.761810,2.939150,1000.00,cifi0007.DBF
QLFS,10QLFS,F,SM,00,44,3,3.04,15,19.85,21.26,12.761810,2.939150,1000.00,cifi0007.DBF
QLFS,10QLFS,F,SM,00,44,4,12.06,58,29.76,31.19,12.761810,2.939150,1000.00,cifi0007.DBF
QLFS,10QLFS,F,SM,00,44,5,21.05,98,39.57,41.05,12.761810,2.939150,1000.00,cifi0007.DBF
QLFS,10QLFS,F,SM,00,44,6,29.93,136,49.23,50.78,12.761810,2.939150,1000.00,cifi0007.DBF
QLFS,10QLFS,F,SM,00,44,7,38.68,171,58.69,60.34,12.761810,2.939150,1000.00,cifi0007.DBF
QLFS,10QLFS,F,SM,00,44,8,47.25,204,67.92,69.69,12.761810,2.939150,1000.00,cifi0007.DBF
QLFS,10QLFS,F,SM,00,44,9,55.58,235,76.85,78.77,12.761810,2.939150,1000.00,cifi0007.DBF
QLFS,10QLFS,F,SM,00,44,10,63.62,264,85.45,87.53,12.761810,2.939150,1000.00,cifi0007.DBF
QLFS,10QLFS,F,SM,00,44,11,71.33,290,93.65,95.93,12.761810,2.939150,1000.00,cifi0007.DBF
QLFS,10QLFS,F,SM,00,44,12,78.64,315,101.40,103.90,12.761810,2.939150,1000.00,cifi0007.DBF
QLFS,10QLFS,F,SM,00,44,13,85.50,338,108.65,111.41,12.761810,2.939150,1000.00,cifi0007.DBF
QLFS,10QLFS,F,SM,00,44,14,91.88,359,115.38,118.40,12.761810,2.939150,1000.00,cifi0007.DBF
QLFS,10QLFS,F,SM,00,44,15,97.72,378,121.54,124.84,12.761810,2.939150,1000.00,cifi0007.DBF
QLFS,10QLFS,F,SM,00,44,16,102.96,396,127.04,130.67,12.761810,2.939150,1000.00,cifi0007.DBF
QLFS,10QLFS,F,SM,00,44,17,107.51,411,131.84,135.82,12.761810,2.939150,1000.00,cifi0007.DBF
QLFS,10QLFS,F,SM,00,44,18,111.28,426,135.82,140.21,12.761810,2.939150,1000.00,cifi0007.DBF
QLFS,10QLFS,F,SM,00,44,19,114.16,438,138.89,143.74,12.761810,2.939150,1000.00,cifi0007.DBF
QLFS,10QLFS,F,SM,00,44,20,116.07,448,140.99,146.32,12.761810,2.939150,1000.00,cifi0007.DBF
QLFS,10QLFS,F,SM,00,44,21,116.86,228,141.96,147.86,12.761810,2.939150,1000.00,cifi0007.DBF
QLFS,10QLFS,F,SM,00,44,22,127.13,242,152.63,153.68,12.761810,2.939150,500.00,cifi0007.DBF
QLFS,10QLFS,F,SM,00,44,23,137.50,256,163.33,164.36,12.761810,2.939150,500.00,cifi0007.DBF
QLFS,10QLFS,F,SM,00,44,24,147.94,268,174.05,175.07,12.761810,2.939150,500.00,cifi0007.DBF
QLFS,10QLFS,F,SM,00,44,25,158.43,281,184.77,185.79,12.761810,2.939150,500.00,cifi0007.DBF
QLFS,10QLFS,F,SM,00,44,26,168.96,292,195.47,196.50,12.761810,2.939150,500.00,cifi0007.DBF
QLFS,10QLFS,F,SM,00,44,27,179.47,303,206.10,207.17,12.761810,2.939150,500.00,cifi0007.DBF
QLFS,10QLFS,F,SM,00,44,28,189.93,314,216.64,217.75,12.761810,2.939150,500.00,cifi0007.DBF
QLFS,10QLFS,F,SM,00,44,29,200.33,324,227.06,228.23,12.761810,2.939150,500.00,cifi0007.DBF
QLFS,10QLFS,F,SM,00,44,30,210.63,334,237.34,238.58,12.761810,2.939150,500.00,cifi0007.DBF
QLFS,10QLFS,F,SM,00,44,31,220.85,343,247.49,248.80,12.761810,2.939150,500.00,cifi0007.DBF
QLFS,10QLFS,F,SM,00,44,32,231.02,352,257.55,258.90,12.761810,2.939150,500.00,cifi0007.DBF
QLFS,10QLFS,F,SM,00,44,33,241.12,360,267.49,268.90,12.761810,2.939150,500.00,cifi0007.DBF
QLFS,10QLFS,F,SM,00,44,34,251.15,368,277.32,278.79,12.761810,2.939150,500.00,cifi0007.DBF
QLFS,10QLFS,F,SM,00,44,35,261.11,376,287.03,288.56,12.761810,2.939150,500.00,cifi0007.DBF
QLFS,10QLFS,F,SM,00,44,36,271.00,383,296.63,298.21,12.761810,2.939150,500.00,cifi0007.DBF
QLFS,10QLFS,F,SM,00,44,37,280.63,390,305.94,307.67,12.761810,2.939150,500.00,cifi0007.DBF
QLFS,10QLFS,F,SM,00,44,38,289.79,396,314.78,316.74,12.761810,2.939150,500.00,cifi0007.DBF
QLFS,10QLFS,F,SM,00,44,39,298.52,402,323.17,325.36,12.761810,2.939150,500.00,cifi0007.DBF
QLFS,10QLFS,F,SM,00,44,40,306.86,407,331.16,333.55,12.761810,2.939150,500.00,cifi0007.DBF
QLFS,10QLFS,F,SM,00,44,41,314.82,412,338.77,341.35,12.761810,2.939150,500.00,cifi0007.DBF
QLFS,10QLFS,F,SM,00,44,42,322.60,417,346.19,348.86,12.761810,2.939150,500.00,cifi0007.DBF
QLFS,10QLFS,F,SM,00,44,43,330.09,422,353.30,356.13,12.761810,2.939150,500.00,cifi0007.DBF
QLFS,10QLFS,F,SM,00,44,44,336.98,426,359.84,362.95,12.761810,2.939150,500.00,cifi0007.DBF
QLFS,10QLFS,F,SM,00,44,45,343.31,429,365.85,369.22,12.761810,2.939150,500.00,cifi0007.DBF
QLFS,10QLFS,F,SM,00,44,46,349.29,433,371.50,375.06,12.761810,2.939150,500.00,cifi0007.DBF
QLFS,10QLFS,F,SM,00,44,47,355.67,436,377.53,380.90,12.761810,2.939150,500.00,cifi0007.DBF
QLFS,10QLFS,F,SM,00,44,48,362.82,440,384.22,387.25,12.761810,2.939150,500.00,cifi0007.DBF
QLFS,10QLFS,F,SM,00,44,49,370.18,444,391.08,394.03,12.761810,2.939150,500.00,cifi0007.DBF
QLFS,10QLFS,F,SM,00,44,50,377.37,448,397.75,400.79,12.761810,2.939150,500.00,cifi0007.DBF
QLFS,10QLFS,F,SM,00,44,51,383.80,451,403.70,407.11,12.761810,2.939150,500.00,cifi0007.DBF
QLFS,10QLFS,F,SM,00,44,52,389.02,453,408.54,412.50,12.761810,2.939150,500.00,cifi0007.DBF
QLFS,10QLFS,F,SM,00,44,53,393.06,455,412.29,416.80,12.761810,2.939150,500.00,cifi0007.DBF
QLFS,10QLFS,F,SM,00,44,54,396.88,457,415.84,420.45,12.761810,2.939150,500.00,cifi0007.DBF
QLFS,10QLFS,F,SM,00,44,55,401.59,460,420.18,424.39,12.761810,2.939150,500.00,cifi0007.DBF
QLFS,10QLFS,F,SM,00,44,56,406.49,462,424.70,428.82,12.761810,2.939150,500.00,cifi0007.DBF
QLFS,10QLFS,F,SM,00,44,57,411.27,464,429.08,433.27,12.761810,2.939150,500.00,cifi0007.DBF
QLFS,10QLFS,F,SM,00,44,58,415.94,466,433.36,437.60,12.761810,2.939150,500.00,cifi0007.DBF
QLFS,10QLFS,F,SM,00,44,59,420.50,468,437.52,441.82,12.761810,2.939150,500.00,cifi0007.DBF
QLFS,10QLFS,F,SM,00,44,60,425.00,470,441.63,445.96,12.761810,2.939150,500.00,cifi0007.DBF
QLFS,10QLFS,F,SM,00,44,61,429.34,472,445.58,449.98,12.761810,2.939150,500.00,cifi0007.DBF
QLFS,10QLFS,F,SM,00,44,62,433.31,474,449.17,453.75,12.761810,2.939150,500.00,cifi0007.DBF
QLFS,10QLFS,F,SM,00,44,63,436.93,476,452.46,457.19,12.761810,2.939150,500.00,cifi0007.DBF
QLFS,10QLFS,F,SM,00,44,64,440.25,477,455.46,460.34,12.761810,2.939150,500.00,cifi0007.DBF
QLFS,10QLFS,F,SM,00,44,65,443.30,478,458.22,463.22,12.761810,2.939150,500.00,cifi0007.DBF
QLFS,10QLFS,F,SM,00,44,66,446.06,479,460.71,465.84,12.761810,2.939150,500.00,cifi0007.DBF
QLFS,10QLFS,F,SM,00,44,67,448.51,480,462.92,468.19,12.761810,2.939150,500.00,cifi0007.DBF
QLFS,10QLFS,F,SM,00,44,68,450.73,481,464.92,470.30,12.761810,2.939150,500.00,cifi0007.DBF
QLFS,10QLFS,F,SM,00,44,69,452.89,482,466.86,472.27,12.761810,2.939150,500.00,cifi0007.DBF
QLFS,10QLFS,F,SM,00,44,70,455.18,483,468.92,474.27,12.761810,2.939150,500.00,cifi0007.DBF
QLFS,10QLFS,F,SM,00,44,71,457.21,484,470.74,476.21,12.761810,2.939150,500.00,cifi0007.DBF
QLFS,10QLFS,F,SM,00,44,72,459.15,485,472.48,477.99,12.761810,2.939150,500.00,cifi0007.DBF
QLFS,10QLFS,F,SM,00,44,73,461.01,486,474.14,479.69,12.761810,2.939150,500.00,cifi0007.DBF
QLFS,10QLFS,F,SM,00,44,74,462.79,486,475.69,481.30,12.761810,2.939150,500.00,cifi0007.DBF
QLFS,10QLFS,F,SM,00,44,75,466.14,488,478.22,483.34,12.761810,2.939150,500.00,cifi0007.DBF
QLFS,10QLFS,F,SM,00,44,76,500.00,500,500.00,495.49,12.761810,2.939150,500.00,cifi0007.DBF
QLFS,10QLFS,F,SM,00,45,1,0.00,0,0.00,1.61,3.224220,3.224220,1000.00,cifi0007.DBF
QLFS,10QLFS,F,SM,00,45,2,0.00,0,10.11,11.70,13.292600,3.224220,1000.00,cifi0007.DBF
QLFS,10QLFS,F,SM,00,45,3,3.06,15,20.19,21.80,13.292600,3.224220,1000.00,cifi0007.DBF
QLFS,10QLFS,F,SM,00,45,4,12.18,57,30.18,31.83,13.292600,3.224220,1000.00,cifi0007.DBF
QLFS,10QLFS,F,SM,00,45,5,21.21,96,40.01,41.74,13.292600,3.224220,1000.00,cifi0007.DBF
QLFS,10QLFS,F,SM,00,45,6,30.11,133,49.65,51.47,13.292600,3.224220,1000.00,cifi0007.DBF
QLFS,10QLFS,F,SM,00,45,7,38.82,168,59.05,60.99,13.292600,3.224220,1000.00,cifi0007.DBF
QLFS,10QLFS,F,SM,00,45,8,47.30,200,68.16,70.25,13.292600,3.224220,1000.00,cifi0007.DBF
QLFS,10QLFS,F,SM,00,45,9,55.50,230,76.93,79.19,13.292600,3.224220,1000.00,cifi0007.DBF
QLFS,10QLFS,F,SM,00,45,10,63.35,258,85.31,87.77,13.292600,3.224220,1000.00,cifi0007.DBF
QLFS,10QLFS,F,SM,00,45,11,70.82,284,93.25,95.93,13.292600,3.224220,1000.00,cifi0007.DBF
QLFS,10QLFS,F,SM,00,45,12,77.83,307,100.68,103.61,13.292600,3.224220,1000.00,cifi0007.DBF
QLFS,10QLFS,F,SM,00,45,13,84.37,329,107.59,110.78,13.292600,3.224220,1000.00,cifi0007.DBF
QLFS,10QLFS,F,SM,00,45,14,90.38,350,113.93,117.41,13.292600,3.224220,1000.00,cifi0007.DBF
QLFS,10QLFS,F,SM,00,45,15,95.77,368,119.62,123.42,13.292600,3.224220,1000.00,cifi0007.DBF
QLFS,10QLFS,F,SM,00,45,16,100.49,385,124.60,128.75,13.292600,3.224220,1000.00,cifi0007.DBF
QLFS,10QLFS,F,SM,00,45,17,104.42,399,128.76,133.33,13.292600,3.224220,1000.00,cifi0007.DBF
QLFS,10QLFS,F,SM,00,45,18,107.46,412,132.02,137.04,13.292600,3.224220,1000.00,cifi0007.DBF
QLFS,10QLFS,F,SM,00,45,19,109.54,423,134.30,139.81,13.292600,3.224220,1000.00,cifi0007.DBF
QLFS,10QLFS,F,SM,00,45,20,110.49,216,135.47,141.53,13.292600,3.224220,1000.00,cifi0007.DBF
QLFS,10QLFS,F,SM,00,45,21,120.94,231,146.32,147.54,13.292600,3.224220,500.00,cifi0007.DBF
QLFS,10QLFS,F,SM,00,45,22,131.48,244,157.21,158.41,13.292600,3.224220,500.00,cifi0007.DBF
QLFS,10QLFS,F,SM,00,45,23,142.09,258,168.12,169.31,13.292600,3.224220,500.00,cifi0007.DBF
QLFS,10QLFS,F,SM,00,45,24,152.76,271,179.03,180.22,13.292600,3.224220,500.00,cifi0007.DBF
QLFS,10QLFS,F,SM,00,45,25,163.46,283,189.92,191.12,13.292600,3.224220,500.00,cifi0007.DBF
QLFS,10QLFS,F,SM,00,45,26,174.15,294,200.74,201.98,13.292600,3.224220,500.00,cifi0007.DBF
QLFS,10QLFS,F,SM,00,45,27,184.79,306,211.46,212.75,13.292600,3.224220,500.00,cifi0007.DBF
QLFS,10QLFS,F,SM,00,45,28,195.35,316,222.07,223.41,13.292600,3.224220,500.00,cifi0007.DBF
QLFS,10QLFS,F,SM,00,45,29,205.83,326,232.53,233.94,13.292600,3.224220,500.00,cifi0007.DBF
QLFS,10QLFS,F,SM,00,45,30,216.22,336,242.87,244.34,13.292600,3.224220,500.00,cifi0007.DBF
QLFS,10QLFS,F,SM,00,45,31,226.56,345,253.10,254.63,13.292600,3.224220,500.00,cifi0007.DBF
QLFS,10QLFS,F,SM,00,45,32,236.82,354,263.22,264.80,13.292600,3.224220,500.00,cifi0007.DBF
QLFS,10QLFS,F,SM,00,45,33,247.02,362,273.22,274.87,13.292600,3.224220,500.00,cifi0007.DBF
QLFS,10QLFS,F,SM,00,45,34,257.14,370,283.10,284.81,13.292600,3.224220,500.00,cifi0007.DBF
QLFS,10QLFS,F,SM,00,45,35,267.19,377,292.87,294.64,13.292600,3.224220,500.00,cifi0007.DBF
QLFS,10QLFS,F,SM,00,45,36,276.99,385,302.35,304.26,13.292600,3.224220,500.00,cifi0007.DBF
QLFS,10QLFS,F,SM,00,45,37,286.30,391,311.35,313.50,13.292600,3.224220,500.00,cifi0007.DBF
QLFS,10QLFS,F,SM,00,45,38,295.18,397,319.88,322.26,13.292600,3.224220,500.00,cifi0007.DBF
QLFS,10QLFS,F,SM,00,45,39,303.65,403,328.02,330.60,13.292600,3.224220,500.00,cifi0007.DBF
QLFS,10QLFS,F,SM,00,45,40,311.74,408,335.76,338.54,13.292600,3.224220,500.00,cifi0007.DBF
QLFS,10QLFS,F,SM,00,45,41,319.66,413,343.31,346.19,13.292600,3.224220,500.00,cifi0007.DBF
QLFS,10QLFS,F,SM,00,45,42,327.27,418,350.55,353.58,13.292600,3.224220,500.00,cifi0007.DBF
QLFS,10QLFS,F,SM,00,45,43,334.27,422,357.20,360.52,13.292600,3.224220,500.00,cifi0007.DBF
QLFS,10QLFS,F,SM,00,45,44,340.71,426,363.32,366.91,13.292600,3.224220,500.00,cifi0007.DBF
QLFS,10QLFS,F,SM,00,45,45,346.78,430,369.07,372.84,13.292600,3.224220,500.00,cifi0007.DBF
QLFS,10QLFS,F,SM,00,45,46,353.28,433,375.20,378.78,13.292600,3.224220,500.00,cifi0007.DBF
QLFS,10QLFS,F,SM,00,45,47,360.54,437,382.01,385.25,13.292600,3.224220,500.00,cifi0007.DBF
QLFS,10QLFS,F,SM,00,45,48,368.02,441,388.99,392.15,13.292600,3.224220,500.00,cifi0007.DBF
QLFS,10QLFS,F,SM,00,45,49,375.33,445,395.78,399.04,13.292600,3.224220,500.00,cifi0007.DBF
QLFS,10QLFS,F,SM,00,45,50,381.87,449,401.84,405.46,13.292600,3.224220,500.00,cifi0007.DBF
QLFS,10QLFS,F,SM,00,45,51,387.18,451,406.77,410.95,13.292600,3.224220,500.00,cifi0007.DBF
QLFS,10QLFS,F,SM,00,45,52,391.28,453,410.58,415.32,13.292600,3.224220,500.00,cifi0007.DBF
QLFS,10QLFS,F,SM,00,45,53,395.17,455,414.19,419.03,13.292600,3.224220,500.00,cifi0007.DBF
QLFS,10QLFS,F,SM,00,45,54,399.95,458,418.61,423.05,13.292600,3.224220,500.00,cifi0007.DBF
QLFS,10QLFS,F,SM,00,45,55,404.94,460,423.21,427.56,13.292600,3.224220,500.00,cifi0007.DBF
QLFS,10QLFS,F,SM,00,45,56,409.80,462,427.67,432.09,13.292600,3.224220,500.00,cifi0007.DBF
QLFS,10QLFS,F,SM,00,45,57,414.54,465,432.02,436.49,13.292600,3.224220,500.00,cifi0007.DBF
QLFS,10QLFS,F,SM,00,45,58,419.18,467,436.26,440.79,13.292600,3.224220,500.00,cifi0007.DBF
QLFS,10QLFS,F,SM,00,45,59,423.76,469,440.44,445.00,13.292600,3.224220,500.00,cifi0007.DBF
QLFS,10QLFS,F,SM,00,45,60,428.17,471,444.46,449.10,13.292600,3.224220,500.00,cifi0007.DBF
QLFS,10QLFS,F,SM,00,45,61,432.20,473,448.12,452.93,13.292600,3.224220,500.00,cifi0007.DBF
QLFS,10QLFS,F,SM,00,45,62,435.88,474,451.46,456.43,13.292600,3.224220,500.00,cifi0007.DBF
QLFS,10QLFS,F,SM,00,45,63,439.25,476,454.52,459.63,13.292600,3.224220,500.00,cifi0007.DBF
QLFS,10QLFS,F,SM,00,45,64,442.36,477,457.33,462.57,13.292600,3.224220,500.00,cifi0007.DBF
QLFS,10QLFS,F,SM,00,45,65,445.16,478,459.86,465.24,13.292600,3.224220,500.00,cifi0007.DBF
QLFS,10QLFS,F,SM,00,45,66,447.65,480,462.11,467.63,13.292600,3.224220,500.00,cifi0007.DBF
QLFS,10QLFS,F,SM,00,45,67,449.91,480,464.14,469.77,13.292600,3.224220,500.00,cifi0007.DBF
QLFS,10QLFS,F,SM,00,45,68,452.11,481,466.12,471.78,13.292600,3.224220,500.00,cifi0007.DBF
QLFS,10QLFS,F,SM,00,45,69,454.44,482,468.21,473.81,13.292600,3.224220,500.00,cifi0007.DBF
QLFS,10QLFS,F,SM,00,45,70,456.50,483,470.07,475.79,13.292600,3.224220,500.00,cifi0007.DBF
QLFS,10QLFS,F,SM,00,45,71,458.47,484,471.84,477.60,13.292600,3.224220,500.00,cifi0007.DBF
QLFS,10QLFS,F,SM,00,45,72,460.37,485,473.53,479.33,13.292600,3.224220,500.00,cifi0007.DBF
QLFS,10QLFS,F,SM,00,45,73,462.17,486,475.11,480.97,13.292600,3.224220,500.00,cifi0007.DBF
QLFS,10QLFS,F,SM,00,45,74,465.58,487,477.69,483.05,13.292600,3.224220,500.00,cifi0007.DBF
QLFS,10QLFS,F,SM,00,45,75,500.00,500,500.00,495.49,13.292600,3.224220,500.00,cifi0007.DBF
QLFS,10QLFS,F,SM,00,46,1,0.00,0,0.00,1.78,3.558440,3.558440,1000.00,cifi0007.DBF
QLFS,10QLFS,F,SM,00,46,2,0.00,0,10.26,12.05,13.843850,3.558440,1000.00,cifi0007.DBF
QLFS,10QLFS,F,SM,00,46,3,2.91,14,20.42,22.26,13.843850,3.558440,1000.00,cifi0007.DBF
QLFS,10QLFS,F,SM,00,46,4,12.09,55,30.43,32.35,13.843850,3.558440,1000.00,cifi0007.DBF
QLFS,10QLFS,F,SM,00,46,5,21.14,94,40.25,42.26,13.843850,3.558440,1000.00,cifi0007.DBF
QLFS,10QLFS,F,SM,00,46,6,30.01,130,49.84,51.97,13.843850,3.558440,1000.00,cifi0007.DBF
QLFS,10QLFS,F,SM,00,46,7,38.65,164,59.14,61.41,13.843850,3.558440,1000.00,cifi0007.DBF
QLFS,10QLFS,F,SM,00,46,8,47.00,195,68.09,70.54,13.843850,3.558440,1000.00,cifi0007.DBF
QLFS,10QLFS,F,SM,00,46,9,55.02,224,76.66,79.30,13.843850,3.558440,1000.00,cifi0007.DBF
QLFS,10QLFS,F,SM,00,46,10,62.65,251,84.78,87.64,13.843850,3.558440,1000.00,cifi0007.DBF
QLFS,10QLFS,F,SM,00,46,11,69.82,276,92.40,95.51,13.843850,3.558440,1000.00,cifi0007.DBF
QLFS,10QLFS,F,SM,00,46,12,76.52,299,99.50,102.87,13.843850,3.558440,1000.00,cifi0007.DBF
QLFS,10QLFS,F,SM,00,46,13,82.69,320,106.03,109.68,13.843850,3.558440,1000.00,cifi0007.DBF
QLFS,10QLFS,F,SM,00,46,14,88.25,339,111.90,115.89,13.843850,3.558440,1000.00,cifi0007.DBF
QLFS,10QLFS,F,SM,00,46,15,93.14,357,117.08,121.41,13.843850,3.558440,1000.00,cifi0007.DBF
QLFS,10QLFS,F,SM,00,46,16,97.25,372,121.44,126.18,13.843850,3.558440,1000.00,cifi0007.DBF
QLFS,10QLFS,F,SM,00,46,17,100.46,385,124.89,130.08,13.843850,3.558440,1000.00,cifi0007.DBF
QLFS,10QLFS,F,SM,00,46,18,102.71,397,127.36,133.05,13.843850,3.558440,1000.00,cifi0007.DBF
QLFS,10QLFS,F,SM,00,46,19,103.84,203,128.72,134.96,13.843850,3.558440,1000.00,cifi0007.DBF
QLFS,10QLFS,F,SM,00,46,20,114.47,218,139.77,141.17,13.843850,3.558440,500.00,cifi0007.DBF
QLFS,10QLFS,F,SM,00,46,21,125.19,233,150.86,152.24,13.843850,3.558440,500.00,cifi0007.DBF
QLFS,10QLFS,F,SM,00,46,22,135.98,247,161.96,163.33,13.843850,3.558440,500.00,cifi0007.DBF
QLFS,10QLFS,F,SM,00,46,23,146.83,260,173.07,174.44,13.843850,3.558440,500.00,cifi0007.DBF
QLFS,10QLFS,F,SM,00,46,24,157.71,273,184.16,185.54,13.843850,3.558440,500.00,cifi0007.DBF
QLFS,10QLFS,F,SM,00,46,25,168.59,285,195.18,196.59,13.843850,3.558440,500.00,cifi0007.DBF
QLFS,10QLFS,F,SM,00,46,26,179.40,297,206.09,207.56,13.843850,3.558440,500.00,cifi0007.DBF
QLFS,10QLFS,F,SM,00,46,27,190.15,308,216.89,218.41,13.843850,3.558440,500.00,cifi0007.DBF
QLFS,10QLFS,F,SM,00,46,28,200.80,318,227.54,229.13,13.843850,3.558440,500.00,cifi0007.DBF
QLFS,10QLFS,F,SM,00,46,29,211.37,328,238.06,239.72,13.843850,3.558440,500.00,cifi0007.DBF
QLFS,10QLFS,F,SM,00,46,30,221.89,338,248.48,250.19,13.843850,3.558440,500.00,cifi0007.DBF
QLFS,10QLFS,F,SM,00,46,31,232.33,347,258.78,260.55,13.843850,3.558440,500.00,cifi0007.DBF
QLFS,10QLFS,F,SM,00,46,32,242.70,356,268.96,270.79,13.843850,3.558440,500.00,cifi0007.DBF
QLFS,10QLFS,F,SM,00,46,33,252.99,364,279.03,280.92,13.843850,3.558440,500.00,cifi0007.DBF
QLFS,10QLFS,F,SM,00,46,34,263.22,372,288.97,290.92,13.843850,3.558440,500.00,cifi0007.DBF
QLFS,10QLFS,F,SM,00,46,35,273.18,379,298.62,300.72,13.843850,3.558440,500.00,cifi0007.DBF
QLFS,10QLFS,F,SM,00,46,36,282.65,386,307.78,310.12,13.843850,3.558440,500.00,cifi0007.DBF
QLFS,10QLFS,F,SM,00,46,37,291.68,393,316.47,319.05,13.843850,3.558440,500.00,cifi0007.DBF
QLFS,10QLFS,F,SM,00,46,38,300.30,399,324.75,327.53,13.843850,3.558440,500.00,cifi0007.DBF
QLFS,10QLFS,F,SM,00,46,39,308.53,404,332.64,335.62,13.843850,3.558440,500.00,cifi0007.DBF
QLFS,10QLFS,F,SM,00,46,40,316.58,409,340.32,343.40,13.843850,3.558440,500.00,cifi0007.DBF
QLFS,10QLFS,F,SM,00,46,41,324.32,414,347.69,350.93,13.843850,3.558440,500.00,cifi0007.DBF
QLFS,10QLFS,F,SM,00,46,42,331.44,419,354.46,358.00,13.843850,3.558440,500.00,cifi0007.DBF
QLFS,10QLFS,F,SM,00,46,43,337.99,423,360.69,364.50,13.843850,3.558440,500.00,cifi0007.DBF
QLFS,10QLFS,F,SM,00,46,44,344.17,426,366.55,370.54,13.843850,3.558440,500.00,cifi0007.DBF
QLFS,10QLFS,F,SM,00,46,45,350.77,430,372.79,376.59,13.843850,3.558440,500.00,cifi0007.DBF
QLFS,10QLFS,F,SM,00,46,46,358.16,434,379.72,383.18,13.843850,3.558440,500.00,cifi0007.DBF
QLFS,10QLFS,F,SM,00,46,47,365.77,439,386.83,390.20,13.843850,3.558440,500.00,cifi0007.DBF
QLFS,10QLFS,F,SM,00,46,48,373.21,443,393.74,397.21,13.843850,3.558440,500.00,cifi0007.DBF
QLFS,10QLFS,F,SM,00,46,49,379.85,446,399.91,403.75,13.843850,3.558440,500.00,cifi0007.DBF
QLFS,10QLFS,F,SM,00,46,50,385.26,449,404.93,409.34,13.843850,3.558440,500.00,cifi0007.DBF
QLFS,10QLFS,F,SM,00,46,51,389.43,451,408.81,413.79,13.843850,3.558440,500.00,cifi0007.DBF
QLFS,10QLFS,F,SM,00,46,52,393.38,453,412.49,417.57,13.843850,3.558440,500.00,cifi0007.DBF
QLFS,10QLFS,F,SM,00,46,53,398.24,456,416.99,421.66,13.843850,3.558440,500.00,cifi0007.DBF
QLFS,10QLFS,F,SM,00,46,54,403.32,458,421.66,426.25,13.843850,3.558440,500.00,cifi0007.DBF
QLFS,10QLFS,F,SM,00,46,55,408.26,461,426.21,430.86,13.843850,3.558440,500.00,cifi0007.DBF
QLFS,10QLFS,F,SM,00,46,56,413.08,463,430.64,435.34,13.843850,3.558440,500.00,cifi0007.DBF
QLFS,10QLFS,F,SM,00,46,57,417.80,465,434.95,439.72,13.843850,3.558440,500.00,cifi0007.DBF
QLFS,10QLFS,F,SM,00,46,58,422.46,468,439.21,444.00,13.843850,3.558440,500.00,cifi0007.DBF
QLFS,10QLFS,F,SM,00,46,59,426.94,470,443.30,448.17,13.843850,3.558440,500.00,cifi0007.DBF
QLFS,10QLFS,F,SM,00,46,60,431.04,471,447.02,452.08,13.843850,3.558440,500.00,cifi0007.DBF
QLFS,10QLFS,F,SM,00,46,61,434.78,473,450.42,455.65,13.843850,3.558440,500.00,cifi0007.DBF
QLFS,10QLFS,F,SM,00,46,62,438.22,475,453.54,458.90,13.843850,3.558440,500.00,cifi0007.DBF
QLFS,10QLFS,F,SM,00,46,63,441.38,476,456.40,461.89,13.843850,3.558440,500.00,cifi0007.DBF
QLFS,10QLFS,F,SM,00,46,64,444.23,477,458.97,464.61,13.843850,3.558440,500.00,cifi0007.DBF
QLFS,10QLFS,F,SM,00,46,65,446.76,479,461.26,467.04,13.843850,3.558440,500.00,cifi0007.DBF
QLFS,10QLFS,F,SM,00,46,66,449.06,480,463.34,469.22,13.843850,3.558440,500.00,cifi0007.DBF
QLFS,10QLFS,F,SM,00,46,67,451.29,481,465.35,471.27,13.843850,3.558440,500.00,cifi0007.DBF
QLFS,10QLFS,F,SM,00,46,68,453.66,482,467.48,473.34,13.843850,3.558440,500.00,cifi0007.DBF
QLFS,10QLFS,F,SM,00,46,69,455.76,482,469.37,475.35,13.843850,3.558440,500.00,cifi0007.DBF
QLFS,10QLFS,F,SM,00,46,70,457.76,483,471.17,477.19,13.843850,3.558440,500.00,cifi0007.DBF
QLFS,10QLFS,F,SM,00,46,71,459.69,484,472.90,478.95,13.843850,3.558440,500.00,cifi0007.DBF
QLFS,10QLFS,F,SM,00,46,72,461.53,485,474.50,480.62,13.843850,3.558440,500.00,cifi0007.DBF
QLFS,10QLFS,F,SM,00,46,73,464.99,486,477.14,482.74,13.843850,3.558440,500.00,cifi0007.DBF
QLFS,10QLFS,F,SM,00,46,74,500.00,500,500.00,495.49,13.843850,3.558440,500.00,cifi0007.DBF
QLFS,10QLFS,F,SM,00,47,1,0.00,0,0.00,1.99,3.971300,3.971300,1000.00,cifi0007.DBF
QLFS,10QLFS,F,SM,00,47,2,0.00,0,10.35,12.38,14.413100,3.971300,1000.00,cifi0007.DBF
QLFS,10QLFS,F,SM,00,47,3,2.58,12,20.54,22.65,14.413100,3.971300,1000.00,cifi0007.DBF
QLFS,10QLFS,F,SM,00,47,4,11.79,52,30.55,32.75,14.413100,3.971300,1000.00,cifi0007.DBF
QLFS,10QLFS,F,SM,00,47,5,20.82,90,40.33,42.65,14.413100,3.971300,1000.00,cifi0007.DBF
QLFS,10QLFS,F,SM,00,47,6,29.62,125,49.81,52.28,14.413100,3.971300,1000.00,cifi0007.DBF
QLFS,10QLFS,F,SM,00,47,7,38.14,158,58.96,61.59,14.413100,3.971300,1000.00,cifi0007.DBF
QLFS,10QLFS,F,SM,00,47,8,46.33,189,67.72,70.55,14.413100,3.971300,1000.00,cifi0007.DBF
QLFS,10QLFS,F,SM,00,47,9,54.12,217,76.03,79.08,14.413100,3.971300,1000.00,cifi0007.DBF
QLFS,10QLFS,F,SM,00,47,10,61.47,243,83.85,87.15,14.413100,3.971300,1000.00,cifi0007.DBF
QLFS,10QLFS,F,SM,00,47,11,68.34,267,91.14,94.70,14.413100,3.971300,1000.00,cifi0007.DBF
QLFS,10QLFS,F,SM,00,47,12,74.68,289,97.86,101.71,14.413100,3.971300,1000.00,cifi0007.DBF
QLFS,10QLFS,F,SM,00,47,13,80.42,309,103.94,108.11,14.413100,3.971300,1000.00,cifi0007.DBF
QLFS,10QLFS,F,SM,00,47,14,85.48,327,109.31,113.83,14.413100,3.971300,1000.00,cifi0007.DBF
QLFS,10QLFS,F,SM,00,47,15,89.77,343,113.87,118.79,14.413100,3.971300,1000.00,cifi0007.DBF
QLFS,10QLFS,F,SM,00,47,16,93.16,357,117.52,122.90,14.413100,3.971300,1000.00,cifi0007.DBF
QLFS,10QLFS,F,SM,00,47,17,95.59,369,120.19,126.06,14.413100,3.971300,1000.00,cifi0007.DBF
QLFS,10QLFS,F,SM,00,47,18,96.91,190,121.75,128.18,14.413100,3.971300,1000.00,cifi0007.DBF
QLFS,10QLFS,F,SM,00,47,19,107.72,205,133.00,134.58,14.413100,3.971300,500.00,cifi0007.DBF
QLFS,10QLFS,F,SM,00,47,20,118.63,221,144.30,145.86,14.413100,3.971300,500.00,cifi0007.DBF
QLFS,10QLFS,F,SM,00,47,21,129.61,235,155.61,157.16,14.413100,3.971300,500.00,cifi0007.DBF
QLFS,10QLFS,F,SM,00,47,22,140.65,249,166.92,168.47,14.413100,3.971300,500.00,cifi0007.DBF
QLFS,10QLFS,F,SM,00,47,23,151.72,263,178.20,179.77,14.413100,3.971300,500.00,cifi0007.DBF
QLFS,10QLFS,F,SM,00,47,24,162.78,275,189.43,191.02,14.413100,3.971300,500.00,cifi0007.DBF
QLFS,10QLFS,F,SM,00,47,25,173.79,287,200.54,202.19,14.413100,3.971300,500.00,cifi0007.DBF
QLFS,10QLFS,F,SM,00,47,26,184.73,299,211.54,213.25,14.413100,3.971300,500.00,cifi0007.DBF
QLFS,10QLFS,F,SM,00,47,27,195.56,310,222.38,224.16,14.413100,3.971300,500.00,cifi0007.DBF
QLFS,10QLFS,F,SM,00,47,28,206.32,320,233.10,234.95,14.413100,3.971300,500.00,cifi0007.DBF
QLFS,10QLFS,F,SM,00,47,29,217.02,330,243.71,245.61,14.413100,3.971300,500.00,cifi0007.DBF
QLFS,10QLFS,F,SM,00,47,30,227.64,340,254.20,256.16,14.413100,3.971300,500.00,cifi0007.DBF
QLFS,10QLFS,F,SM,00,47,31,238.20,349,264.57,266.59,14.413100,3.971300,500.00,cifi0007.DBF
QLFS,10QLFS,F,SM,00,47,32,248.67,358,274.81,276.90,14.413100,3.971300,500.00,cifi0007.DBF
QLFS,10QLFS,F,SM,00,47,33,259.07,366,284.94,287.09,14.413100,3.971300,500.00,cifi0007.DBF
QLFS,10QLFS,F,SM,00,47,34,269.21,374,294.77,297.06,14.413100,3.971300,500.00,cifi0007.DBF
QLFS,10QLFS,F,SM,00,47,35,278.85,381,304.09,306.64,14.413100,3.971300,500.00,cifi0007.DBF
QLFS,10QLFS,F,SM,00,47,36,288.03,388,312.95,315.73,14.413100,3.971300,500.00,cifi0007.DBF
QLFS,10QLFS,F,SM,00,47,37,296.80,394,321.38,324.37,14.413100,3.971300,500.00,cifi0007.DBF
QLFS,10QLFS,F,SM,00,47,38,305.18,400,329.41,332.60,14.413100,3.971300,500.00,cifi0007.DBF
QLFS,10QLFS,F,SM,00,47,39,313.37,405,337.24,340.53,14.413100,3.971300,500.00,cifi0007.DBF
QLFS,10QLFS,F,SM,00,47,40,321.24,410,344.74,348.19,14.413100,3.971300,500.00,cifi0007.DBF
QLFS,10QLFS,F,SM,00,47,41,328.49,415,351.64,355.39,14.413100,3.971300,500.00,cifi0007.DBF
QLFS,10QLFS,F,SM,00,47,42,335.16,419,357.97,362.01,14.413100,3.971300,500.00,cifi0007.DBF
QLFS,10QLFS,F,SM,00,47,43,341.44,423,363.94,368.17,14.413100,3.971300,500.00,cifi0007.DBF
QLFS,10QLFS,F,SM,00,47,44,348.16,427,370.30,374.33,14.413100,3.971300,500.00,cifi0007.DBF
QLFS,10QLFS,F,SM,00,47,45,355.68,431,377.36,381.03,14.413100,3.971300,500.00,cifi0007.DBF
QLFS,10QLFS,F,SM,00,47,46,363.42,436,384.59,388.18,14.413100,3.971300,500.00,cifi0007.DBF
QLFS,10QLFS,F,SM,00,47,47,370.99,440,391.64,395.32,14.413100,3.971300,500.00,cifi0007.DBF
QLFS,10QLFS,F,SM,00,47,48,377.75,444,397.92,401.98,14.413100,3.971300,500.00,cifi0007.DBF
QLFS,10QLFS,F,SM,00,47,49,383.25,447,403.02,407.68,14.413100,3.971300,500.00,cifi0007.DBF
QLFS,10QLFS,F,SM,00,47,50,387.49,449,406.98,412.21,14.413100,3.971300,500.00,cifi0007.DBF
QLFS,10QLFS,F,SM,00,47,51,391.51,451,410.72,416.06,14.413100,3.971300,500.00,cifi0007.DBF
QLFS,10QLFS,F,SM,00,47,52,396.46,454,415.30,420.22,14.413100,3.971300,500.00,cifi0007.DBF
QLFS,10QLFS,F,SM,00,47,53,401.62,456,420.07,424.89,14.413100,3.971300,500.00,cifi0007.DBF
QLFS,10QLFS,F,SM,00,47,54,406.65,459,424.70,429.59,14.413100,3.971300,500.00,cifi0007.DBF
QLFS,10QLFS,F,SM,00,47,55,411.56,461,429.21,434.16,14.413100,3.971300,500.00,cifi0007.DBF
QLFS,10QLFS,F,SM,00,47,56,416.36,464,433.60,438.61,14.413100,3.971300,500.00,cifi0007.DBF
QLFS,10QLFS,F,SM,00,47,57,421.10,466,437.94,442.98,14.413100,3.971300,500.00,cifi0007.DBF
QLFS,10QLFS,F,SM,00,47,58,425.66,468,442.10,447.22,14.413100,3.971300,500.00,cifi0007.DBF
QLFS,10QLFS,F,SM,00,47,59,429.83,470,445.89,451.20,14.413100,3.971300,500.00,cifi0007.DBF
QLFS,10QLFS,F,SM,00,47,60,433.64,472,449.36,454.83,14.413100,3.971300,500.00,cifi0007.DBF
QLFS,10QLFS,F,SM,00,47,61,437.14,474,452.53,458.15,14.413100,3.971300,500.00,cifi0007.DBF
QLFS,10QLFS,F,SM,00,47,62,440.35,475,455.44,461.19,14.413100,3.971300,500.00,cifi0007.DBF
QLFS,10QLFS,F,SM,00,47,63,443.25,476,458.06,463.96,14.413100,3.971300,500.00,cifi0007.DBF
QLFS,10QLFS,F,SM,00,47,64,445.83,478,460.39,466.43,14.413100,3.971300,500.00,cifi0007.DBF
QLFS,10QLFS,F,SM,00,47,65,448.16,479,462.50,468.66,14.413100,3.971300,500.00,cifi0007.DBF
QLFS,10QLFS,F,SM,00,47,66,450.44,480,464.56,470.74,14.413100,3.971300,500.00,cifi0007.DBF
QLFS,10QLFS,F,SM,00,47,67,452.85,481,466.73,472.85,14.413100,3.971300,500.00,cifi0007.DBF
QLFS,10QLFS,F,SM,00,47,68,454.98,482,468.65,474.90,14.413100,3.971300,500.00,cifi0007.DBF
QLFS,10QLFS,F,SM,00,47,69,457.02,483,470.48,476.77,14.413100,3.971300,500.00,cifi0007.DBF
QLFS,10QLFS,F,SM,00,47,70,458.98,483,472.24,478.57,14.413100,3.971300,500.00,cifi0007.DBF
QLFS,10QLFS,F,SM,00,47,71,460.86,484,473.88,480.27,14.413100,3.971300,500.00,cifi0007.DBF
QLFS,10QLFS,F,SM,00,47,72,464.38,486,476.57,482.43,14.413100,3.971300,500.00,cifi0007.DBF
QLFS,10QLFS,F,SM,00,47,73,500.00,500,500.00,495.49,14.413100,3.971300,500.00,cifi0007.DBF
QLFS,10QLFS,F,SM,00,48,1,0.00,0,0.00,2.23,4.462800,4.462800,1000.00,cifi0007.DBF
QLFS,10QLFS,F,SM,00,48,2,0.00,0,10.39,12.69,14.997630,4.462800,1000.00,cifi0007.DBF
QLFS,10QLFS,F,SM,00,48,3,2.11,10,20.59,22.99,14.997630,4.462800,1000.00,cifi0007.DBF
QLFS,10QLFS,F,SM,00,48,4,11.30,49,30.56,33.07,14.997630,4.462800,1000.00,cifi0007.DBF
QLFS,10QLFS,F,SM,00,48,5,20.27,86,40.24,42.90,14.997630,4.462800,1000.00,cifi0007.DBF
QLFS,10QLFS,F,SM,00,48,6,28.96,120,49.58,52.41,14.997630,4.462800,1000.00,cifi0007.DBF
QLFS,10QLFS,F,SM,00,48,7,37.32,152,58.54,61.56,14.997630,4.462800,1000.00,cifi0007.DBF
QLFS,10QLFS,F,SM,00,48,8,45.29,182,67.05,70.30,14.997630,4.462800,1000.00,cifi0007.DBF
QLFS,10QLFS,F,SM,00,48,9,52.81,209,75.07,78.56,14.997630,4.462800,1000.00,cifi0007.DBF
QLFS,10QLFS,F,SM,00,48,10,59.86,234,82.56,86.31,14.997630,4.462800,1000.00,cifi0007.DBF
QLFS,10QLFS,F,SM,00,48,11,66.38,257,89.48,93.52,14.997630,4.462800,1000.00,cifi0007.DBF
QLFS,10QLFS,F,SM,00,48,12,72.30,278,95.76,100.12,14.997630,4.462800,1000.00,cifi0007.DBF
QLFS,10QLFS,F,SM,00,48,13,77.55,297,101.33,106.05,14.997630,4.462800,1000.00,cifi0007.DBF
QLFS,10QLFS,F,SM,00,48,14,82.02,314,106.10,111.21,14.997630,4.462800,1000.00,cifi0007.DBF
QLFS,10QLFS,F,SM,00,48,15,85.60,328,109.95,115.52,14.997630,4.462800,1000.00,cifi0007.DBF
QLFS,10QLFS,F,SM,00,48,16,88.22,341,112.83,118.89,14.997630,4.462800,1000.00,cifi0007.DBF
QLFS,10QLFS,F,SM,00,48,17,89.72,175,114.60,121.21,14.997630,4.462800,1000.00,cifi0007.DBF
QLFS,10QLFS,F,SM,00,48,18,100.73,192,126.06,127.83,14.997630,4.462800,500.00,cifi0007.DBF
QLFS,10QLFS,F,SM,00,48,19,111.83,208,137.56,139.31,14.997630,4.462800,500.00,cifi0007.DBF
QLFS,10QLFS,F,SM,00,48,20,123.01,223,149.08,150.82,14.997630,4.462800,500.00,cifi0007.DBF
QLFS,10QLFS,F,SM,00,48,21,134.24,238,160.60,162.34,14.997630,4.462800,500.00,cifi0007.DBF
QLFS,10QLFS,F,SM,00,48,22,145.51,252,172.09,173.85,14.997630,4.462800,500.00,cifi0007.DBF
QLFS,10QLFS,F,SM,00,48,23,156.77,265,183.52,185.31,14.997630,4.462800,500.00,cifi0007.DBF
QLFS,10QLFS,F,SM,00,48,24,167.98,278,194.85,196.68,14.997630,4.462800,500.00,cifi0007.DBF
QLFS,10QLFS,F,SM,00,48,25,179.11,290,206.04,207.94,14.997630,4.462800,500.00,cifi0007.DBF
QLFS,10QLFS,F,SM,00,48,26,190.14,301,217.09,219.06,14.997630,4.462800,500.00,cifi0007.DBF
QLFS,10QLFS,F,SM,00,48,27,201.09,312,228.00,230.04,14.997630,4.462800,500.00,cifi0007.DBF
QLFS,10QLFS,F,SM,00,48,28,211.97,323,238.81,240.90,14.997630,4.462800,500.00,cifi0007.DBF
QLFS,10QLFS,F,SM,00,48,29,222.79,333,249.49,251.65,14.997630,4.462800,500.00,cifi0007.DBF
QLFS,10QLFS,F,SM,00,48,30,233.53,342,260.05,262.27,14.997630,4.462800,500.00,cifi0007.DBF
QLFS,10QLFS,F,SM,00,48,31,244.19,351,270.49,272.77,14.997630,4.462800,500.00,cifi0007.DBF
QLFS,10QLFS,F,SM,00,48,32,254.78,360,280.81,283.15,14.997630,4.462800,500.00,cifi0007.DBF
QLFS,10QLFS,F,SM,00,48,33,265.09,368,290.82,293.31,14.997630,4.462800,500.00,cifi0007.DBF
QLFS,10QLFS,F,SM,00,48,34,274.91,376,300.31,303.06,14.997630,4.462800,500.00,cifi0007.DBF
QLFS,10QLFS,F,SM,00,48,35,284.25,383,309.33,312.32,14.997630,4.462800,500.00,cifi0007.DBF
QLFS,10QLFS,F,SM,00,48,36,293.18,389,317.92,321.12,14.997630,4.462800,500.00,cifi0007.DBF
QLFS,10QLFS,F,SM,00,48,37,301.71,395,326.10,329.51,14.997630,4.462800,500.00,cifi0007.DBF
QLFS,10QLFS,F,SM,00,48,38,310.04,401,334.07,337.58,14.997630,4.462800,500.00,cifi0007.DBF
QLFS,10QLFS,F,SM,00,48,39,318.06,406,341.71,345.39,14.997630,4.462800,500.00,cifi0007.DBF
QLFS,10QLFS,F,SM,00,48,40,325.44,411,348.73,352.72,14.997630,4.462800,500.00,cifi0007.DBF
QLFS,10QLFS,F,SM,00,48,41,332.22,415,355.19,359.46,14.997630,4.462800,500.00,cifi0007.DBF
QLFS,10QLFS,F,SM,00,48,42,338.61,419,361.27,365.73,14.997630,4.462800,500.00,cifi0007.DBF
QLFS,10QLFS,F,SM,00,48,43,345.45,424,367.74,372.00,14.997630,4.462800,500.00,cifi0007.DBF
QLFS,10QLFS,F,SM,00,48,44,353.11,428,374.93,378.83,14.997630,4.462800,500.00,cifi0007.DBF
QLFS,10QLFS,F,SM,00,48,45,360.99,433,382.30,386.11,14.997630,4.462800,500.00,cifi0007.DBF
QLFS,10QLFS,F,SM,00,48,46,368.69,437,389.47,393.38,14.997630,4.462800,500.00,cifi0007.DBF
QLFS,10QLFS,F,SM,00,48,47,375.57,441,395.87,400.17,14.997630,4.462800,500.00,cifi0007.DBF
QLFS,10QLFS,F,SM,00,48,48,381.17,444,401.07,405.97,14.997630,4.462800,500.00,cifi0007.DBF
QLFS,10QLFS,F,SM,00,48,49,385.49,447,405.10,410.58,14.997630,4.462800,500.00,cifi0007.DBF
QLFS,10QLFS,F,SM,00,48,50,389.58,449,408.91,414.50,14.997630,4.462800,500.00,cifi0007.DBF
QLFS,10QLFS,F,SM,00,48,51,394.62,452,413.58,418.74,14.997630,4.462800,500.00,cifi0007.DBF
QLFS,10QLFS,F,SM,00,48,52,399.87,454,418.43,423.50,14.997630,4.462800,500.00,cifi0007.DBF
QLFS,10QLFS,F,SM,00,48,53,404.99,457,423.14,428.28,14.997630,4.462800,500.00,cifi0007.DBF
QLFS,10QLFS,F,SM,00,48,54,409.99,460,427.74,432.94,14.997630,4.462800,500.00,cifi0007.DBF
QLFS,10QLFS,F,SM,00,48,55,414.87,462,432.21,437.47,14.997630,4.462800,500.00,cifi0007.DBF
QLFS,10QLFS,F,SM,00,48,56,419.69,464,436.63,441.92,14.997630,4.462800,500.00,cifi0007.DBF
QLFS,10QLFS,F,SM,00,48,57,424.34,467,440.87,446.24,14.997630,4.462800,500.00,cifi0007.DBF
QLFS,10QLFS,F,SM,00,48,58,428.58,469,444.73,450.30,14.997630,4.462800,500.00,cifi0007.DBF
QLFS,10QLFS,F,SM,00,48,59,432.46,471,448.26,453.99,14.997630,4.462800,500.00,cifi0007.DBF
QLFS,10QLFS,F,SM,00,48,60,436.02,472,451.49,457.37,14.997630,4.462800,500.00,cifi0007.DBF
QLFS,10QLFS,F,SM,00,48,61,439.29,474,454.45,460.47,14.997630,4.462800,500.00,cifi0007.DBF
QLFS,10QLFS,F,SM,00,48,62,442.24,475,457.13,463.29,14.997630,4.462800,500.00,cifi0007.DBF
QLFS,10QLFS,F,SM,00,48,63,444.86,477,459.50,465.81,14.997630,4.462800,500.00,cifi0007.DBF
QLFS,10QLFS,F,SM,00,48,64,447.24,478,461.65,468.07,14.997630,4.462800,500.00,cifi0007.DBF
QLFS,10QLFS,F,SM,00,48,65,449.56,479,463.74,470.20,14.997630,4.462800,500.00,cifi0007.DBF
QLFS,10QLFS,F,SM,00,48,66,452.01,480,465.95,472.35,14.997630,4.462800,500.00,cifi0007.DBF
QLFS,10QLFS,F,SM,00,48,67,454.18,481,467.91,474.43,14.997630,4.462800,500.00,cifi0007.DBF
QLFS,10QLFS,F,SM,00,48,68,456.25,482,469.77,476.34,14.997630,4.462800,500.00,cifi0007.DBF
QLFS,10QLFS,F,SM,00,48,69,458.25,483,471.57,478.17,14.997630,4.462800,500.00,cifi0007.DBF
QLFS,10QLFS,F,SM,00,48,70,460.16,484,473.23,479.90,14.997630,4.462800,500.00,cifi0007.DBF
QLFS,10QLFS,F,SM,00,48,71,463.74,485,475.99,482.11,14.997630,4.462800,500.00,cifi0007.DBF
QLFS,10QLFS,F,SM,00,48,72,500.00,500,500.00,495.49,14.997630,4.462800,500.00,cifi0007.DBF
QLFS,10QLFS,F,SM,00,49,1,0.00,0,0.00,2.51,5.013270,5.013270,1000.00,cifi0007.DBF
QLFS,10QLFS,F,SM,00,49,2,0.00,0,10.40,13.00,15.595530,5.013270,1000.00,cifi0007.DBF
QLFS,10QLFS,F,SM,00,49,3,1.50,7,20.57,23.28,15.595530,5.013270,1000.00,cifi0007.DBF
QLFS,10QLFS,F,SM,00,49,4,10.64,45,30.45,33.31,15.595530,5.013270,1000.00,cifi0007.DBF
QLFS,10QLFS,F,SM,00,49,5,19.51,81,39.99,43.02,15.595530,5.013270,1000.00,cifi0007.DBF
QLFS,10QLFS,F,SM,00,49,6,28.04,114,49.15,52.37,15.595530,5.013270,1000.00,cifi0007.DBF
QLFS,10QLFS,F,SM,00,49,7,36.19,145,57.87,61.31,15.595530,5.013270,1000.00,cifi0007.DBF
QLFS,10QLFS,F,SM,00,49,8,43.89,174,66.08,69.77,15.595530,5.013270,1000.00,cifi0007.DBF
QLFS,10QLFS,F,SM,00,49,9,51.12,200,73.78,77.73,15.595530,5.013270,1000.00,cifi0007.DBF
QLFS,10QLFS,F,SM,00,49,10,57.83,224,80.91,85.14,15.595530,5.013270,1000.00,cifi0007.DBF
QLFS,10QLFS,F,SM,00,49,11,63.94,246,87.39,91.95,15.595530,5.013270,1000.00,cifi0007.DBF
QLFS,10QLFS,F,SM,00,49,12,69.37,266,93.18,98.08,15.595530,5.013270,1000.00,cifi0007.DBF
QLFS,10QLFS,F,SM,00,49,13,74.03,283,98.15,103.46,15.595530,5.013270,1000.00,cifi0007.DBF
QLFS,10QLFS,F,SM,00,49,14,77.80,299,102.21,107.98,15.595530,5.013270,1000.00,cifi0007.DBF
QLFS,10QLFS,F,SM,00,49,15,80.62,311,105.30,111.55,15.595530,5.013270,1000.00,cifi0007.DBF
QLFS,10QLFS,F,SM,00,49,16,82.32,161,107.28,114.09,15.595530,5.013270,1000.00,cifi0007.DBF
QLFS,10QLFS,F,SM,00,49,17,93.52,178,118.95,120.91,15.595530,5.013270,500.00,cifi0007.DBF
QLFS,10QLFS,F,SM,00,49,18,104.83,195,130.67,132.61,15.595530,5.013270,500.00,cifi0007.DBF
QLFS,10QLFS,F,SM,00,49,19,116.21,211,142.40,144.33,15.595530,5.013270,500.00,cifi0007.DBF
QLFS,10QLFS,F,SM,00,49,20,127.64,226,154.13,156.07,15.595530,5.013270,500.00,cifi0007.DBF
QLFS,10QLFS,F,SM,00,49,21,139.12,241,165.84,167.79,15.595530,5.013270,500.00,cifi0007.DBF
QLFS,10QLFS,F,SM,00,49,22,150.58,255,177.49,179.46,15.595530,5.013270,500.00,cifi0007.DBF
QLFS,10QLFS,F,SM,00,49,23,161.99,268,189.02,191.05,15.595530,5.013270,500.00,cifi0007.DBF
QLFS,10QLFS,F,SM,00,49,24,173.32,281,200.42,202.52,15.595530,5.013270,500.00,cifi0007.DBF
QLFS,10QLFS,F,SM,00,49,25,184.55,293,211.67,213.84,15.595530,5.013270,500.00,cifi0007.DBF
QLFS,10QLFS,F,SM,00,49,26,195.69,304,222.79,225.03,15.595530,5.013270,500.00,cifi0007.DBF
QLFS,10QLFS,F,SM,00,49,27,206.78,315,233.80,236.09,15.595530,5.013270,500.00,cifi0007.DBF
QLFS,10QLFS,F,SM,00,49,28,217.79,325,244.68,247.04,15.595530,5.013270,500.00,cifi0007.DBF
QLFS,10QLFS,F,SM,00,49,29,228.72,335,255.44,257.86,15.595530,5.013270,500.00,cifi0007.DBF
QLFS,10QLFS,F,SM,00,49,30,239.58,345,266.07,268.55,15.595530,5.013270,500.00,cifi0007.DBF
QLFS,10QLFS,F,SM,00,49,31,250.36,354,276.57,279.12,15.595530,5.013270,500.00,cifi0007.DBF
QLFS,10QLFS,F,SM,00,49,32,260.86,362,286.77,289.47,15.595530,5.013270,500.00,cifi0007.DBF
QLFS,10QLFS,F,SM,00,49,33,270.85,370,296.44,299.40,15.595530,5.013270,500.00,cifi0007.DBF
QLFS,10QLFS,F,SM,00,49,34,280.36,377,305.63,308.83,15.595530,5.013270,500.00,cifi0007.DBF
QLFS,10QLFS,F,SM,00,49,35,289.45,384,314.37,317.80,15.595530,5.013270,500.00,cifi0007.DBF
QLFS,10QLFS,F,SM,00,49,36,298.13,390,322.71,326.34,15.595530,5.013270,500.00,cifi0007.DBF
QLFS,10QLFS,F,SM,00,49,37,306.62,396,330.82,334.56,15.595530,5.013270,500.00,cifi0007.DBF
QLFS,10QLFS,F,SM,00,49,38,314.78,402,338.61,342.51,15.595530,5.013270,500.00,cifi0007.DBF
QLFS,10QLFS,F,SM,00,49,39,322.29,407,345.76,349.98,15.595530,5.013270,500.00,cifi0007.DBF
QLFS,10QLFS,F,SM,00,49,40,329.19,412,352.34,356.85,15.595530,5.013270,500.00,cifi0007.DBF
QLFS,10QLFS,F,SM,00,49,41,335.70,416,358.53,363.23,15.595530,5.013270,500.00,cifi0007.DBF
QLFS,10QLFS,F,SM,00,49,42,342.66,420,365.12,369.62,15.595530,5.013270,500.00,cifi0007.DBF
QLFS,10QLFS,F,SM,00,49,43,350.46,425,372.45,376.58,15.595530,5.013270,500.00,cifi0007.DBF
QLFS,10QLFS,F,SM,00,49,44,358.48,430,379.95,384.00,15.595530,5.013270,500.00,cifi0007.DBF
QLFS,10QLFS,F,SM,00,49,45,366.32,435,387.26,391.40,15.595530,5.013270,500.00,cifi0007.DBF
QLFS,10QLFS,F,SM,00,49,46,373.32,439,393.77,398.31,15.595530,5.013270,500.00,cifi0007.DBF
QLFS,10QLFS,F,SM,00,49,47,379.02,442,399.07,404.22,15.595530,5.013270,500.00,cifi0007.DBF
QLFS,10QLFS,F,SM,00,49,48,383.42,444,403.17,408.92,15.595530,5.013270,500.00,cifi0007.DBF
QLFS,10QLFS,F,SM,00,49,49,387.59,447,407.06,412.91,15.595530,5.013270,500.00,cifi0007.DBF
QLFS,10QLFS,F,SM,00,49,50,392.72,449,411.81,417.23,15.595530,5.013270,500.00,cifi0007.DBF
QLFS,10QLFS,F,SM,00,49,51,398.06,452,416.75,422.08,15.595530,5.013270,500.00,cifi0007.DBF
QLFS,10QLFS,F,SM,00,49,52,403.28,455,421.55,426.95,15.595530,5.013270,500.00,cifi0007.DBF
QLFS,10QLFS,F,SM,00,49,53,408.36,458,426.23,431.69,15.595530,5.013270,500.00,cifi0007.DBF
QLFS,10QLFS,F,SM,00,49,54,413.33,460,430.79,436.31,15.595530,5.013270,500.00,cifi0007.DBF
QLFS,10QLFS,F,SM,00,49,55,418.25,463,435.29,440.84,15.595530,5.013270,500.00,cifi0007.DBF
QLFS,10QLFS,F,SM,00,49,56,422.97,465,439.61,445.24,15.595530,5.013270,500.00,cifi0007.DBF
QLFS,10QLFS,F,SM,00,49,57,427.29,467,443.54,449.37,15.595530,5.013270,500.00,cifi0007.DBF
QLFS,10QLFS,F,SM,00,49,58,431.24,469,447.14,453.14,15.595530,5.013270,500.00,cifi0007.DBF
QLFS,10QLFS,F,SM,00,49,59,434.86,471,450.42,456.58,15.595530,5.013270,500.00,cifi0007.DBF
QLFS,10QLFS,F,SM,00,49,60,438.19,473,453.45,459.73,15.595530,5.013270,500.00,cifi0007.DBF
QLFS,10QLFS,F,SM,00,49,61,441.20,474,456.17,462.60,15.595530,5.013270,500.00,cifi0007.DBF
QLFS,10QLFS,F,SM,00,49,62,443.87,475,458.59,465.18,15.595530,5.013270,500.00,cifi0007.DBF
QLFS,10QLFS,F,SM,00,49,63,446.29,477,460.78,467.48,15.595530,5.013270,500.00,cifi0007.DBF
QLFS,10QLFS,F,SM,00,49,64,448.65,478,462.91,469.64,15.595530,5.013270,500.00,cifi0007.DBF
QLFS,10QLFS,F,SM,00,49,65,451.14,479,465.16,471.83,15.595530,5.013270,500.00,cifi0007.DBF
QLFS,10QLFS,F,SM,00,49,66,453.35,480,467.15,473.95,15.595530,5.013270,500.00,cifi0007.DBF
QLFS,10QLFS,F,SM,00,49,67,455.46,481,469.05,475.90,15.595530,5.013270,500.00,cifi0007.DBF
QLFS,10QLFS,F,SM,00,49,68,457.50,482,470.88,477.76,15.595530,5.013270,500.00,cifi0007.DBF
QLFS,10QLFS,F,SM,00,49,69,459.44,483,472.58,479.52,15.595530,5.013270,500.00,cifi0007.DBF
QLFS,10QLFS,F,SM,00,49,70,463.09,484,475.39,481.78,15.595530,5.013270,500.00,cifi0007.DBF
QLFS,10QLFS,F,SM,00,49,71,500.00,500,500.00,495.49,15.595530,5.013270,500.00,cifi0007.DBF
QLFS,10QLFS,F,SM,00,50,1,0.00,0,0.00,2.80,5.603070,5.603070,1000.00,cifi0007.DBF
QLFS,10QLFS,F,SM,00,50,2,0.00,0,10.37,13.29,16.205870,5.603070,1000.00,cifi0007.DBF
QLFS,10QLFS,F,SM,00,50,3,0.77,4,20.46,23.52,16.205870,5.603070,1000.00,cifi0007.DBF
QLFS,10QLFS,F,SM,00,50,4,9.81,41,30.21,33.43,16.205870,5.603070,1000.00,cifi0007.DBF
QLFS,10QLFS,F,SM,00,50,5,18.53,76,39.57,42.99,16.205870,5.603070,1000.00,cifi0007.DBF
QLFS,10QLFS,F,SM,00,50,6,26.86,108,48.49,52.13,16.205870,5.603070,1000.00,cifi0007.DBF
QLFS,10QLFS,F,SM,00,50,7,34.75,138,56.92,60.81,16.205870,5.603070,1000.00,cifi0007.DBF
QLFS,10QLFS,F,SM,00,50,8,42.16,165,64.82,68.97,16.205870,5.603070,1000.00,cifi0007.DBF
QLFS,10QLFS,F,SM,00,50,9,49.06,190,72.16,76.59,16.205870,5.603070,1000.00,cifi0007.DBF
QLFS,10QLFS,F,SM,00,50,10,55.36,213,78.86,83.61,16.205870,5.603070,1000.00,cifi0007.DBF
QLFS,10QLFS,F,SM,00,50,11,60.99,234,84.85,89.95,16.205870,5.603070,1000.00,cifi0007.DBF
QLFS,10QLFS,F,SM,00,50,12,65.84,252,90.03,95.54,16.205870,5.603070,1000.00,cifi0007.DBF
QLFS,10QLFS,F,SM,00,50,13,69.81,268,94.31,100.27,16.205870,5.603070,1000.00,cifi0007.DBF
QLFS,10QLFS,F,SM,00,50,14,72.82,281,97.61,104.06,16.205870,5.603070,1000.00,cifi0007.DBF
QLFS,10QLFS,F,SM,00,50,15,74.73,146,99.81,106.82,16.205870,5.603070,1000.00,cifi0007.DBF
QLFS,10QLFS,F,SM,00,50,16,86.14,164,111.70,113.86,16.205870,5.603070,500.00,cifi0007.DBF
QLFS,10QLFS,F,SM,00,50,17,97.64,182,123.63,125.77,16.205870,5.603070,500.00,cifi0007.DBF
QLFS,10QLFS,F,SM,00,50,18,109.23,198,135.58,137.71,16.205870,5.603070,500.00,cifi0007.DBF
QLFS,10QLFS,F,SM,00,50,19,120.88,214,147.54,149.66,16.205870,5.603070,500.00,cifi0007.DBF
QLFS,10QLFS,F,SM,00,50,20,132.56,229,159.46,161.60,16.205870,5.603070,500.00,cifi0007.DBF
QLFS,10QLFS,F,SM,00,50,21,144.23,244,171.32,173.50,16.205870,5.603070,500.00,cifi0007.DBF
QLFS,10QLFS,F,SM,00,50,22,155.84,258,183.07,185.30,16.205870,5.603070,500.00,cifi0007.DBF
QLFS,10QLFS,F,SM,00,50,23,167.38,271,194.68,196.98,16.205870,5.603070,500.00,cifi0007.DBF
QLFS,10QLFS,F,SM,00,50,24,178.81,283,206.15,208.52,16.205870,5.603070,500.00,cifi0007.DBF
QLFS,10QLFS,F,SM,00,50,25,190.16,295,217.47,219.91,16.205870,5.603070,500.00,cifi0007.DBF
QLFS,10QLFS,F,SM,00,50,26,201.45,307,228.68,231.18,16.205870,5.603070,500.00,cifi0007.DBF
QLFS,10QLFS,F,SM,00,50,27,212.66,318,239.77,242.33,16.205870,5.603070,500.00,cifi0007.DBF
QLFS,10QLFS,F,SM,00,50,28,223.79,328,250.72,253.35,16.205870,5.603070,500.00,cifi0007.DBF
QLFS,10QLFS,F,SM,00,50,29,234.84,338,261.55,264.24,16.205870,5.603070,500.00,cifi0007.DBF
QLFS,10QLFS,F,SM,00,50,30,245.82,347,272.26,275.01,16.205870,5.603070,500.00,cifi0007.DBF
QLFS,10QLFS,F,SM,00,50,31,256.51,356,282.64,285.55,16.205870,5.603070,500.00,cifi0007.DBF
QLFS,10QLFS,F,SM,00,50,32,266.68,364,292.49,295.67,16.205870,5.603070,500.00,cifi0007.DBF
QLFS,10QLFS,F,SM,00,50,33,276.37,372,301.85,305.27,16.205870,5.603070,500.00,cifi0007.DBF
QLFS,10QLFS,F,SM,00,50,34,285.62,379,310.76,314.41,16.205870,5.603070,500.00,cifi0007.DBF
QLFS,10QLFS,F,SM,00,50,35,294.46,386,319.24,323.10,16.205870,5.603070,500.00,cifi0007.DBF
QLFS,10QLFS,F,SM,00,50,36,303.10,392,327.51,331.48,16.205870,5.603070,500.00,cifi0007.DBF
QLFS,10QLFS,F,SM,00,50,37,311.41,398,335.44,339.58,16.205870,5.603070,500.00,cifi0007.DBF
QLFS,10QLFS,F,SM,00,50,38,319.06,403,342.73,347.19,16.205870,5.603070,500.00,cifi0007.DBF
QLFS,10QLFS,F,SM,00,50,39,326.09,408,349.43,354.18,16.205870,5.603070,500.00,cifi0007.DBF
QLFS,10QLFS,F,SM,00,50,40,332.72,412,355.74,360.68,16.205870,5.603070,500.00,cifi0007.DBF
QLFS,10QLFS,F,SM,00,50,41,339.80,417,362.45,367.20,16.205870,5.603070,500.00,cifi0007.DBF
QLFS,10QLFS,F,SM,00,50,42,347.74,422,369.91,374.28,16.205870,5.603070,500.00,cifi0007.DBF
QLFS,10QLFS,F,SM,00,50,43,355.91,427,377.56,381.84,16.205870,5.603070,500.00,cifi0007.DBF
QLFS,10QLFS,F,SM,00,50,44,363.89,432,385.00,389.38,16.205870,5.603070,500.00,cifi0007.DBF
QLFS,10QLFS,F,SM,00,50,45,371.02,436,391.63,396.42,16.205870,5.603070,500.00,cifi0007.DBF
QLFS,10QLFS,F,SM,00,50,46,376.82,439,397.03,402.43,16.205870,5.603070,500.00,cifi0007.DBF
QLFS,10QLFS,F,SM,00,50,47,381.30,442,401.21,407.22,16.205870,5.603070,500.00,cifi0007.DBF
QLFS,10QLFS,F,SM,00,50,48,385.54,444,405.17,411.29,16.205870,5.603070,500.00,cifi0007.DBF
QLFS,10QLFS,F,SM,00,50,49,390.76,447,410.01,415.69,16.205870,5.603070,500.00,cifi0007.DBF
QLFS,10QLFS,F,SM,00,50,50,396.21,450,415.04,420.63,16.205870,5.603070,500.00,cifi0007.DBF
QLFS,10QLFS,F,SM,00,50,51,401.52,453,419.93,425.59,16.205870,5.603070,500.00,cifi0007.DBF
QLFS,10QLFS,F,SM,00,50,52,406.70,456,424.70,430.42,16.205870,5.603070,500.00,cifi0007.DBF
QLFS,10QLFS,F,SM,00,50,53,411.76,459,429.34,435.12,16.205870,5.603070,500.00,cifi0007.DBF
QLFS,10QLFS,F,SM,00,50,54,416.76,461,433.92,439.74,16.205870,5.603070,500.00,cifi0007.DBF
QLFS,10QLFS,F,SM,00,50,55,421.57,464,438.32,444.22,16.205870,5.603070,500.00,cifi0007.DBF
QLFS,10QLFS,F,SM,00,50,56,425.97,466,442.33,448.43,16.205870,5.603070,500.00,cifi0007.DBF
QLFS,10QLFS,F,SM,00,50,57,429.99,468,445.99,452.26,16.205870,5.603070,500.00,cifi0007.DBF
QLFS,10QLFS,F,SM,00,50,58,433.68,470,449.34,455.77,16.205870,5.603070,500.00,cifi0007.DBF
QLFS,10QLFS,F,SM,00,50,59,437.07,472,452.42,458.98,16.205870,5.603070,500.00,cifi0007.DBF
QLFS,10QLFS,F,SM,00,50,60,440.13,473,455.19,461.91,16.205870,5.603070,500.00,cifi0007.DBF
QLFS,10QLFS,F,SM,00,50,61,442.85,474,457.65,464.53,16.205870,5.603070,500.00,cifi0007.DBF
QLFS,10QLFS,F,SM,00,50,62,445.31,476,459.89,466.87,16.205870,5.603070,500.00,cifi0007.DBF
QLFS,10QLFS,F,SM,00,50,63,447.71,477,462.06,469.07,16.205870,5.603070,500.00,cifi0007.DBF
QLFS,10QLFS,F,SM,00,50,64,450.25,478,464.35,471.30,16.205870,5.603070,500.00,cifi0007.DBF
QLFS,10QLFS,F,SM,00,50,65,452.51,479,466.38,473.47,16.205870,5.603070,500.00,cifi0007.DBF
QLFS,10QLFS,F,SM,00,50,66,454.65,480,468.31,475.45,16.205870,5.603070,500.00,cifi0007.DBF
QLFS,10QLFS,F,SM,00,50,67,456.73,481,470.17,477.35,16.205870,5.603070,500.00,cifi0007.DBF
QLFS,10QLFS,F,SM,00,50,68,458.70,482,471.91,479.14,16.205870,5.603070,500.00,cifi0007.DBF
QLFS,10QLFS,F,SM,00,50,69,462.42,484,474.78,481.45,16.205870,5.603070,500.00,cifi0007.DBF
QLFS,10QLFS,F,SM,00,50,70,500.00,500,500.00,495.49,16.205870,5.603070,500.00,cifi0007.DBF
QLFS,10QLFS,F,SM,00,51,1,0.00,0,0.00,3.13,6.251850,6.251850,1000.00,cifi0007.DBF
QLFS,10QLFS,F,SM,00,51,2,0.00,0,10.30,13.56,16.826360,6.251850,1000.00,cifi0007.DBF
QLFS,10QLFS,F,SM,00,51,3,0.00,0,20.25,23.69,16.826360,6.251850,1000.00,cifi0007.DBF
QLFS,10QLFS,F,SM,00,51,4,8.78,36,29.82,33.45,16.826360,6.251850,1000.00,cifi0007.DBF
QLFS,10QLFS,F,SM,00,51,5,17.31,70,38.96,42.81,16.826360,6.251850,1000.00,cifi0007.DBF
QLFS,10QLFS,F,SM,00,51,6,25.38,101,47.59,51.69,16.826360,6.251850,1000.00,cifi0007.DBF
QLFS,10QLFS,F,SM,00,51,7,32.99,129,55.71,60.07,16.826360,6.251850,1000.00,cifi0007.DBF
QLFS,10QLFS,F,SM,00,51,8,40.09,155,63.26,67.90,16.826360,6.251850,1000.00,cifi0007.DBF
QLFS,10QLFS,F,SM,00,51,9,46.58,179,70.17,75.13,16.826360,6.251850,1000.00,cifi0007.DBF
QLFS,10QLFS,F,SM,00,51,10,52.40,201,76.38,81.69,16.826360,6.251850,1000.00,cifi0007.DBF
QLFS,10QLFS,F,SM,00,51,11,57.46,220,81.78,87.49,16.826360,6.251850,1000.00,cifi0007.DBF
QLFS,10QLFS,F,SM,00,51,12,61.63,237,86.28,92.44,16.826360,6.251850,1000.00,cifi0007.DBF
QLFS,10QLFS,F,SM,00,51,13,64.85,251,89.80,96.45,16.826360,6.251850,1000.00,cifi0007.DBF
QLFS,10QLFS,F,SM,00,51,14,66.96,131,92.22,99.42,16.826360,6.251850,1000.00,cifi0007.DBF
QLFS,10QLFS,F,SM,00,51,15,78.57,150,104.33,106.68,16.826360,6.251850,500.00,cifi0007.DBF
QLFS,10QLFS,F,SM,00,51,16,90.29,168,116.48,118.82,16.826360,6.251850,500.00,cifi0007.DBF
QLFS,10QLFS,F,SM,00,51,17,102.09,185,128.66,130.98,16.826360,6.251850,500.00,cifi0007.DBF
QLFS,10QLFS,F,SM,00,51,18,113.95,202,140.83,143.15,16.826360,6.251850,500.00,cifi0007.DBF
QLFS,10QLFS,F,SM,00,51,19,125.84,218,152.98,155.32,16.826360,6.251850,500.00,cifi0007.DBF
QLFS,10QLFS,F,SM,00,51,20,137.73,233,165.06,167.43,16.826360,6.251850,500.00,cifi0007.DBF
QLFS,10QLFS,F,SM,00,51,21,149.55,247,177.02,179.45,16.826360,6.251850,500.00,cifi0007.DBF
QLFS,10QLFS,F,SM,00,51,22,161.30,261,188.85,191.35,16.826360,6.251850,500.00,cifi0007.DBF
QLFS,10QLFS,F,SM,00,51,23,172.94,274,200.53,203.10,16.826360,6.251850,500.00,cifi0007.DBF
QLFS,10QLFS,F,SM,00,51,24,184.50,287,212.06,214.71,16.826360,6.251850,500.00,cifi0007.DBF
QLFS,10QLFS,F,SM,00,51,25,195.99,298,223.48,226.18,16.826360,6.251850,500.00,cifi0007.DBF
QLFS,10QLFS,F,SM,00,51,26,207.41,310,234.77,237.54,16.826360,6.251850,500.00,cifi0007.DBF
QLFS,10QLFS,F,SM,00,51,27,218.74,321,245.93,248.77,16.826360,6.251850,500.00,cifi0007.DBF
QLFS,10QLFS,F,SM,00,51,28,230.00,331,256.96,259.86,16.826360,6.251850,500.00,cifi0007.DBF
QLFS,10QLFS,F,SM,00,51,29,241.17,341,267.86,270.83,16.826360,6.251850,500.00,cifi0007.DBF
QLFS,10QLFS,F,SM,00,51,30,252.06,350,278.44,281.57,16.826360,6.251850,500.00,cifi0007.DBF
QLFS,10QLFS,F,SM,00,51,31,262.42,359,288.48,291.87,16.826360,6.251850,500.00,cifi0007.DBF
QLFS,10QLFS,F,SM,00,51,32,272.28,367,298.00,301.65,16.826360,6.251850,500.00,cifi0007.DBF
QLFS,10QLFS,F,SM,00,51,33,281.70,374,307.08,310.96,16.826360,6.251850,500.00,cifi0007.DBF
QLFS,10QLFS,F,SM,00,51,34,290.70,381,315.73,319.82,16.826360,6.251850,500.00,cifi0007.DBF
QLFS,10QLFS,F,SM,00,51,35,299.50,387,324.15,328.35,16.826360,6.251850,500.00,cifi0007.DBF
QLFS,10QLFS,F,SM,00,51,36,307.96,393,332.22,336.60,16.826360,6.251850,500.00,cifi0007.DBF
QLFS,10QLFS,F,SM,00,51,37,315.75,399,339.65,344.35,16.826360,6.251850,500.00,cifi0007.DBF
QLFS,10QLFS,F,SM,00,51,38,322.91,404,346.47,351.47,16.826360,6.251850,500.00,cifi0007.DBF
QLFS,10QLFS,F,SM,00,51,39,329.66,408,352.89,358.09,16.826360,6.251850,500.00,cifi0007.DBF
QLFS,10QLFS,F,SM,00,51,40,336.88,413,359.73,364.73,16.826360,6.251850,500.00,cifi0007.DBF
QLFS,10QLFS,F,SM,00,51,41,344.96,418,367.33,371.95,16.826360,6.251850,500.00,cifi0007.DBF
QLFS,10QLFS,F,SM,00,51,42,353.27,424,375.12,379.64,16.826360,6.251850,500.00,cifi0007.DBF
QLFS,10QLFS,F,SM,00,51,43,361.40,429,382.70,387.32,16.826360,6.251850,500.00,cifi0007.DBF
QLFS,10QLFS,F,SM,00,51,44,368.66,433,389.46,394.49,16.826360,6.251850,500.00,cifi0007.DBF
QLFS,10QLFS,F,SM,00,51,45,374.57,437,394.96,400.62,16.826360,6.251850,500.00,cifi0007.DBF
QLFS,10QLFS,F,SM,00,51,46,379.13,439,399.21,405.50,16.826360,6.251850,500.00,cifi0007.DBF
QLFS,10QLFS,F,SM,00,51,47,383.45,442,403.24,409.64,16.826360,6.251850,500.00,cifi0007.DBF
QLFS,10QLFS,F,SM,00,51,48,388.77,445,408.17,414.12,16.826360,6.251850,500.00,cifi0007.DBF
QLFS,10QLFS,F,SM,00,51,49,394.31,448,413.30,419.15,16.826360,6.251850,500.00,cifi0007.DBF
QLFS,10QLFS,F,SM,00,51,50,399.72,451,418.28,424.21,16.826360,6.251850,500.00,cifi0007.DBF
QLFS,10QLFS,F,SM,00,51,51,404.99,454,423.14,429.12,16.826360,6.251850,500.00,cifi0007.DBF
QLFS,10QLFS,F,SM,00,51,52,410.15,457,427.87,433.92,16.826360,6.251850,500.00,cifi0007.DBF
QLFS,10QLFS,F,SM,00,51,53,415.24,460,432.53,438.62,16.826360,6.251850,500.00,cifi0007.DBF
QLFS,10QLFS,F,SM,00,51,54,420.14,462,437.01,443.19,16.826360,6.251850,500.00,cifi0007.DBF
QLFS,10QLFS,F,SM,00,51,55,424.62,464,441.10,447.47,16.826360,6.251850,500.00,cifi0007.DBF
QLFS,10QLFS,F,SM,00,51,56,428.71,467,444.83,451.37,16.826360,6.251850,500.00,cifi0007.DBF
QLFS,10QLFS,F,SM,00,51,57,432.47,469,448.24,454.94,16.826360,6.251850,500.00,cifi0007.DBF
QLFS,10QLFS,F,SM,00,51,58,435.92,470,451.37,458.22,16.826360,6.251850,500.00,cifi0007.DBF
QLFS,10QLFS,F,SM,00,51,59,439.03,472,454.20,461.20,16.826360,6.251850,500.00,cifi0007.DBF
QLFS,10QLFS,F,SM,00,51,60,441.80,473,456.71,463.86,16.826360,6.251850,500.00,cifi0007.DBF
QLFS,10QLFS,F,SM,00,51,61,444.31,475,458.98,466.26,16.826360,6.251850,500.00,cifi0007.DBF
QLFS,10QLFS,F,SM,00,51,62,446.76,476,461.19,468.50,16.826360,6.251850,500.00,cifi0007.DBF
QLFS,10QLFS,F,SM,00,51,63,449.34,477,463.52,470.77,16.826360,6.251850,500.00,cifi0007.DBF
QLFS,10QLFS,F,SM,00,51,64,451.64,478,465.59,472.97,16.826360,6.251850,500.00,cifi0007.DBF
QLFS,10QLFS,F,SM,00,51,65,453.83,479,467.56,474.99,16.826360,6.251850,500.00,cifi0007.DBF
QLFS,10QLFS,F,SM,00,51,66,455.94,480,469.46,476.92,16.826360,6.251850,500.00,cifi0007.DBF
QLFS,10QLFS,F,SM,00,51,67,457.95,481,471.22,478.75,16.826360,6.251850,500.00,cifi0007.DBF
QLFS,10QLFS,F,SM,00,51,68,461.73,483,474.16,481.10,16.826360,6.251850,500.00,cifi0007.DBF
QLFS,10QLFS,F,SM,00,51,69,500.00,500,500.00,495.49,16.826360,6.251850,500.00,cifi0007.DBF
QLFS,10QLFS,F,SM,00,52,1,0.00,0,0.00,3.47,6.949770,6.949770,1000.00,cifi0007.DBF
QLFS,10QLFS,F,SM,00,52,2,0.00,0,10.17,13.81,17.455040,6.949770,1000.00,cifi0007.DBF
QLFS,10QLFS,F,SM,00,52,3,0.00,0,19.95,23.79,17.455040,6.949770,1000.00,cifi0007.DBF
QLFS,10QLFS,F,SM,00,52,4,7.57,31,29.30,33.35,17.455040,6.949770,1000.00,cifi0007.DBF
QLFS,10QLFS,F,SM,00,52,5,15.84,63,38.15,42.45,17.455040,6.949770,1000.00,cifi0007.DBF
QLFS,10QLFS,F,SM,00,52,6,23.64,93,46.48,51.04,17.455040,6.949770,1000.00,cifi0007.DBF
QLFS,10QLFS,F,SM,00,52,7,30.93,120,54.25,59.09,17.455040,6.949770,1000.00,cifi0007.DBF
QLFS,10QLFS,F,SM,00,52,8,37.62,145,61.38,66.54,17.455040,6.949770,1000.00,cifi0007.DBF
QLFS,10QLFS,F,SM,00,52,9,43.65,167,67.80,73.32,17.455040,6.949770,1000.00,cifi0007.DBF
QLFS,10QLFS,F,SM,00,52,10,48.91,187,73.42,79.34,17.455040,6.949770,1000.00,cifi0007.DBF
QLFS,10QLFS,F,SM,00,52,11,53.29,205,78.14,84.51,17.455040,6.949770,1000.00,cifi0007.DBF
QLFS,10QLFS,F,SM,00,52,12,56.71,219,81.88,88.74,17.455040,6.949770,1000.00,cifi0007.DBF
QLFS,10QLFS,F,SM,00,52,13,59.04,116,84.52,91.93,17.455040,6.949770,1000.00,cifi0007.DBF
QLFS,10QLFS,F,SM,00,52,14,70.86,135,96.86,99.42,17.455040,6.949770,500.00,cifi0007.DBF
QLFS,10QLFS,F,SM,00,52,15,82.79,154,109.24,111.77,17.455040,6.949770,500.00,cifi0007.DBF
QLFS,10QLFS,F,SM,00,52,16,94.81,172,121.63,124.16,17.455040,6.949770,500.00,cifi0007.DBF
QLFS,10QLFS,F,SM,00,52,17,106.88,189,134.03,136.56,17.455040,6.949770,500.00,cifi0007.DBF
QLFS,10QLFS,F,SM,00,52,18,119.00,206,146.41,148.95,17.455040,6.949770,500.00,cifi0007.DBF
QLFS,10QLFS,F,SM,00,52,19,131.10,222,158.71,161.28,17.455040,6.949770,500.00,cifi0007.DBF
QLFS,10QLFS,F,SM,00,52,20,143.14,237,170.89,173.53,17.455040,6.949770,500.00,cifi0007.DBF
QLFS,10QLFS,F,SM,00,52,21,155.11,251,182.94,185.65,17.455040,6.949770,500.00,cifi0007.DBF
QLFS,10QLFS,F,SM,00,52,22,166.96,265,194.83,197.62,17.455040,6.949770,500.00,cifi0007.DBF
QLFS,10QLFS,F,SM,00,52,23,178.73,278,206.58,209.43,17.455040,6.949770,500.00,cifi0007.DBF
QLFS,10QLFS,F,SM,00,52,24,190.43,290,218.21,221.12,17.455040,6.949770,500.00,cifi0007.DBF
QLFS,10QLFS,F,SM,00,52,25,202.05,302,229.71,232.69,17.455040,6.949770,500.00,cifi0007.DBF
QLFS,10QLFS,F,SM,00,52,26,213.60,313,241.08,244.12,17.455040,6.949770,500.00,cifi0007.DBF
QLFS,10QLFS,F,SM,00,52,27,225.06,324,252.31,255.42,17.455040,6.949770,500.00,cifi0007.DBF
QLFS,10QLFS,F,SM,00,52,28,236.44,334,263.41,266.59,17.455040,6.949770,500.00,cifi0007.DBF
QLFS,10QLFS,F,SM,00,52,29,247.52,344,274.19,277.53,17.455040,6.949770,500.00,cifi0007.DBF
QLFS,10QLFS,F,SM,00,52,30,258.07,353,284.41,288.02,17.455040,6.949770,500.00,cifi0007.DBF
QLFS,10QLFS,F,SM,00,52,31,268.12,361,294.11,297.99,17.455040,6.949770,500.00,cifi0007.DBF
QLFS,10QLFS,F,SM,00,52,32,277.71,369,303.36,307.46,17.455040,6.949770,500.00,cifi0007.DBF
QLFS,10QLFS,F,SM,00,52,33,286.87,376,312.16,316.49,17.455040,6.949770,500.00,cifi0007.DBF
QLFS,10QLFS,F,SM,00,52,34,295.83,383,320.74,325.18,17.455040,6.949770,500.00,cifi0007.DBF
QLFS,10QLFS,F,SM,00,52,35,304.45,389,328.96,333.58,17.455040,6.949770,500.00,cifi0007.DBF
QLFS,10QLFS,F,SM,00,52,36,312.38,395,336.52,341.47,17.455040,6.949770,500.00,cifi0007.DBF
QLFS,10QLFS,F,SM,00,52,37,319.67,400,343.47,348.73,17.455040,6.949770,500.00,cifi0007.DBF
QLFS,10QLFS,F,SM,00,52,38,326.54,404,350.02,355.47,17.455040,6.949770,500.00,cifi0007.DBF
QLFS,10QLFS,F,SM,00,52,39,333.89,409,356.98,362.23,17.455040,6.949770,500.00,cifi0007.DBF
QLFS,10QLFS,F,SM,00,52,40,342.12,415,364.72,369.58,17.455040,6.949770,500.00,cifi0007.DBF
QLFS,10QLFS,F,SM,00,52,41,350.59,420,372.65,377.42,17.455040,6.949770,500.00,cifi0007.DBF
QLFS,10QLFS,F,SM,00,52,42,358.86,426,380.37,385.24,17.455040,6.949770,500.00,cifi0007.DBF
QLFS,10QLFS,F,SM,00,52,43,366.26,430,387.26,392.54,17.455040,6.949770,500.00,cifi0007.DBF
QLFS,10QLFS,F,SM,00,52,44,372.28,434,392.85,398.78,17.455040,6.949770,500.00,cifi0007.DBF
QLFS,10QLFS,F,SM,00,52,45,376.92,437,397.19,403.75,17.455040,6.949770,500.00,cifi0007.DBF
QLFS,10QLFS,F,SM,00,52,46,381.32,439,401.30,407.97,17.455040,6.949770,500.00,cifi0007.DBF
QLFS,10QLFS,F,SM,00,52,47,386.73,443,406.32,412.53,17.455040,6.949770,500.00,cifi0007.DBF
QLFS,10QLFS,F,SM,00,52,48,392.38,446,411.54,417.66,17.455040,6.949770,500.00,cifi0007.DBF
QLFS,10QLFS,F,SM,00,52,49,397.88,449,416.61,422.80,17.455040,6.949770,500.00,cifi0007.DBF
QLFS,10QLFS,F,SM,00,52,50,403.25,452,421.56,427.81,17.455040,6.949770,500.00,cifi0007.DBF
QLFS,10QLFS,F,SM,00,52,51,408.50,455,426.38,432.69,17.455040,6.949770,500.00,cifi0007.DBF
QLFS,10QLFS,F,SM,00,52,52,413.69,458,431.13,437.48,17.455040,6.949770,500.00,cifi0007.DBF
QLFS,10QLFS,F,SM,00,52,53,418.68,461,435.69,442.13,17.455040,6.949770,500.00,cifi0007.DBF
QLFS,10QLFS,F,SM,00,52,54,423.24,463,439.85,446.50,17.455040,6.949770,500.00,cifi0007.DBF
QLFS,10QLFS,F,SM,00,52,55,427.41,465,443.65,450.47,17.455040,6.949770,500.00,cifi0007.DBF
QLFS,10QLFS,F,SM,00,52,56,431.23,467,447.12,454.11,17.455040,6.949770,500.00,cifi0007.DBF
QLFS,10QLFS,F,SM,00,52,57,434.75,469,450.31,457.44,17.455040,6.949770,500.00,cifi0007.DBF
QLFS,10QLFS,F,SM,00,52,58,437.92,471,453.19,460.48,17.455040,6.949770,500.00,cifi0007.DBF
QLFS,10QLFS,F,SM,00,52,59,440.74,472,455.75,463.20,17.455040,6.949770,500.00,cifi0007.DBF
QLFS,10QLFS,F,SM,00,52,60,443.29,473,458.06,465.63,17.455040,6.949770,500.00,cifi0007.DBF
QLFS,10QLFS,F,SM,00,52,61,445.78,475,460.31,467.91,17.455040,6.949770,500.00,cifi0007.DBF
QLFS,10QLFS,F,SM,00,52,62,448.42,476,462.69,470.23,17.455040,6.949770,500.00,cifi0007.DBF
QLFS,10QLFS,F,SM,00,52,63,450.75,477,464.80,472.47,17.455040,6.949770,500.00,cifi0007.DBF
QLFS,10QLFS,F,SM,00,52,64,452.98,478,466.80,474.53,17.455040,6.949770,500.00,cifi0007.DBF
QLFS,10QLFS,F,SM,00,52,65,455.13,479,468.73,476.50,17.455040,6.949770,500.00,cifi0007.DBF
QLFS,10QLFS,F,SM,00,52,66,457.18,480,470.53,478.36,17.455040,6.949770,500.00,cifi0007.DBF
QLFS,10QLFS,F,SM,00,52,67,461.03,482,473.53,480.76,17.455040,6.949770,500.00,cifi0007.DBF
QLFS,10QLFS,F,SM,00,52,68,500.00,500,500.00,495.49,17.455040,6.949770,500.00,cifi0007.DBF
QLFS,10QLFS,F,SM,00,53,1,0.00,0,0.00,3.85,7.706680,7.706680,1000.00,cifi0007.DBF
QLFS,10QLFS,F,SM,00,53,2,0.00,0,10.00,14.04,18.089060,7.706680,1000.00,cifi0007.DBF
QLFS,10QLFS,F,SM,00,53,3,0.00,0,19.56,23.82,18.089060,7.706680,1000.00,cifi0007.DBF
QLFS,10QLFS,F,SM,00,53,4,6.14,25,28.63,33.14,18.089060,7.706680,1000.00,cifi0007.DBF
QLFS,10QLFS,F,SM,00,53,5,14.15,56,37.17,41.94,18.089060,7.706680,1000.00,cifi0007.DBF
QLFS,10QLFS,F,SM,00,53,6,21.64,84,45.16,50.21,18.089060,7.706680,1000.00,cifi0007.DBF
QLFS,10QLFS,F,SM,00,53,7,28.53,110,52.51,57.88,18.089060,7.706680,1000.00,cifi0007.DBF
QLFS,10QLFS,F,SM,00,53,8,34.77,133,59.15,64.87,18.089060,7.706680,1000.00,cifi0007.DBF
QLFS,10QLFS,F,SM,00,53,9,40.23,154,64.99,71.12,18.089060,7.706680,1000.00,cifi0007.DBF
QLFS,10QLFS,F,SM,00,53,10,44.81,172,69.93,76.50,18.089060,7.706680,1000.00,cifi0007.DBF
QLFS,10QLFS,F,SM,00,53,11,48.45,187,73.90,80.96,18.089060,7.706680,1000.00,cifi0007.DBF
QLFS,10QLFS,F,SM,00,53,12,50.99,100,76.76,84.37,18.089060,7.706680,1000.00,cifi0007.DBF
QLFS,10QLFS,F,SM,00,53,13,63.03,120,89.32,92.09,18.089060,7.706680,500.00,cifi0007.DBF
QLFS,10QLFS,F,SM,00,53,14,75.18,140,101.93,104.67,18.089060,7.706680,500.00,cifi0007.DBF
QLFS,10QLFS,F,SM,00,53,15,87.41,159,114.55,117.28,18.089060,7.706680,500.00,cifi0007.DBF
QLFS,10QLFS,F,SM,00,53,16,99.71,177,127.18,129.91,18.089060,7.706680,500.00,cifi0007.DBF
QLFS,10QLFS,F,SM,00,53,17,112.04,194,139.78,142.52,18.089060,7.706680,500.00,cifi0007.DBF
QLFS,10QLFS,F,SM,00,53,18,124.37,210,152.30,155.09,18.089060,7.706680,500.00,cifi0007.DBF
QLFS,10QLFS,F,SM,00,53,19,136.63,226,164.71,167.55,18.089060,7.706680,500.00,cifi0007.DBF
QLFS,10QLFS,F,SM,00,53,20,148.81,241,176.98,179.89,18.089060,7.706680,500.00,cifi0007.DBF
QLFS,10QLFS,F,SM,00,53,21,160.88,255,189.09,192.08,18.089060,7.706680,500.00,cifi0007.DBF
QLFS,10QLFS,F,SM,00,53,22,172.86,269,201.05,204.12,18.089060,7.706680,500.00,cifi0007.DBF
QLFS,10QLFS,F,SM,00,53,23,184.78,281,212.90,216.02,18.089060,7.706680,500.00,cifi0007.DBF
QLFS,10QLFS,F,SM,00,53,24,196.62,294,224.61,227.80,18.089060,7.706680,500.00,cifi0007.DBF
QLFS,10QLFS,F,SM,00,53,25,208.37,305,236.18,239.44,18.089060,7.706680,500.00,cifi0007.DBF
QLFS,10QLFS,F,SM,00,53,26,220.04,317,247.62,250.95,18.089060,7.706680,500.00,cifi0007.DBF
QLFS,10QLFS,F,SM,00,53,27,231.63,327,258.93,262.32,18.089060,7.706680,500.00,cifi0007.DBF
QLFS,10QLFS,F,SM,00,53,28,242.92,337,269.90,273.46,18.089060,7.706680,500.00,cifi0007.DBF
QLFS,10QLFS,F,SM,00,53,29,253.65,347,280.30,284.15,18.089060,7.706680,500.00,cifi0007.DBF
QLFS,10QLFS,F,SM,00,53,30,263.88,355,290.19,294.29,18.089060,7.706680,500.00,cifi0007.DBF
QLFS,10QLFS,F,SM,00,53,31,273.65,363,299.60,303.94,18.089060,7.706680,500.00,cifi0007.DBF
QLFS,10QLFS,F,SM,00,53,32,282.98,371,308.56,313.13,18.089060,7.706680,500.00,cifi0007.DBF
QLFS,10QLFS,F,SM,00,53,33,292.11,378,317.30,321.98,18.089060,7.706680,500.00,cifi0007.DBF
QLFS,10QLFS,F,SM,00,53,34,300.88,384,325.68,330.53,18.089060,7.706680,500.00,cifi0007.DBF
QLFS,10QLFS,F,SM,00,53,35,308.95,390,333.37,338.57,18.089060,7.706680,500.00,cifi0007.DBF
QLFS,10QLFS,F,SM,00,53,36,316.38,396,340.45,345.96,18.089060,7.706680,500.00,cifi0007.DBF
QLFS,10QLFS,F,SM,00,53,37,323.38,401,347.11,352.83,18.089060,7.706680,500.00,cifi0007.DBF
QLFS,10QLFS,F,SM,00,53,38,330.86,406,354.20,359.70,18.089060,7.706680,500.00,cifi0007.DBF
QLFS,10QLFS,F,SM,00,53,39,339.24,411,362.09,367.19,18.089060,7.706680,500.00,cifi0007.DBF
QLFS,10QLFS,F,SM,00,53,40,347.86,417,370.16,375.17,18.089060,7.706680,500.00,cifi0007.DBF
QLFS,10QLFS,F,SM,00,53,41,356.29,423,378.02,383.14,18.089060,7.706680,500.00,cifi0007.DBF
QLFS,10QLFS,F,SM,00,53,42,363.82,427,385.03,390.57,18.089060,7.706680,500.00,cifi0007.DBF
QLFS,10QLFS,F,SM,00,53,43,369.95,431,390.74,396.93,18.089060,7.706680,500.00,cifi0007.DBF
QLFS,10QLFS,F,SM,00,53,44,374.67,434,395.15,401.99,18.089060,7.706680,500.00,cifi0007.DBF
QLFS,10QLFS,F,SM,00,53,45,379.15,437,399.33,406.28,18.089060,7.706680,500.00,cifi0007.DBF
QLFS,10QLFS,F,SM,00,53,46,384.67,440,404.44,410.93,18.089060,7.706680,500.00,cifi0007.DBF
QLFS,10QLFS,F,SM,00,53,47,390.42,444,409.76,416.15,18.089060,7.706680,500.00,cifi0007.DBF
QLFS,10QLFS,F,SM,00,53,48,396.02,447,414.93,421.39,18.089060,7.706680,500.00,cifi0007.DBF
QLFS,10QLFS,F,SM,00,53,49,401.49,450,419.96,426.49,18.089060,7.706680,500.00,cifi0007.DBF
QLFS,10QLFS,F,SM,00,53,50,406.83,453,424.87,431.46,18.089060,7.706680,500.00,cifi0007.DBF
QLFS,10QLFS,F,SM,00,53,51,412.11,456,429.71,436.33,18.089060,7.706680,500.00,cifi0007.DBF
QLFS,10QLFS,F,SM,00,53,52,417.20,459,434.35,441.07,18.089060,7.706680,500.00,cifi0007.DBF
QLFS,10QLFS,F,SM,00,53,53,421.84,461,438.59,445.52,18.089060,7.706680,500.00,cifi0007.DBF
QLFS,10QLFS,F,SM,00,53,54,426.08,464,442.46,449.57,18.089060,7.706680,500.00,cifi0007.DBF
QLFS,10QLFS,F,SM,00,53,55,429.97,466,445.99,453.27,18.089060,7.706680,500.00,cifi0007.DBF
QLFS,10QLFS,F,SM,00,53,56,433.55,468,449.24,456.66,18.089060,7.706680,500.00,cifi0007.DBF
QLFS,10QLFS,F,SM,00,53,57,436.78,469,452.17,459.75,18.089060,7.706680,500.00,cifi0007.DBF
QLFS,10QLFS,F,SM,00,53,58,439.66,471,454.78,462.52,18.089060,7.706680,500.00,cifi0007.DBF
QLFS,10QLFS,F,SM,00,53,59,442.26,472,457.13,465.00,18.089060,7.706680,500.00,cifi0007.DBF
QLFS,10QLFS,F,SM,00,53,60,444.79,474,459.43,467.32,18.089060,7.706680,500.00,cifi0007.DBF
QLFS,10QLFS,F,SM,00,53,61,447.48,475,461.85,469.68,18.089060,7.706680,500.00,cifi0007.DBF
QLFS,10QLFS,F,SM,00,53,62,449.85,476,463.99,471.96,18.089060,7.706680,500.00,cifi0007.DBF
QLFS,10QLFS,F,SM,00,53,63,452.12,477,466.04,474.06,18.089060,7.706680,500.00,cifi0007.DBF
QLFS,10QLFS,F,SM,00,53,64,454.31,479,468.00,476.06,18.089060,7.706680,500.00,cifi0007.DBF
QLFS,10QLFS,F,SM,00,53,65,456.40,480,469.83,477.96,18.089060,7.706680,500.00,cifi0007.DBF
QLFS,10QLFS,F,SM,00,53,66,460.32,482,472.90,480.41,18.089060,7.706680,500.00,cifi0007.DBF
QLFS,10QLFS,F,SM,00,53,67,500.00,500,500.00,495.49,18.089060,7.706680,500.00,cifi0007.DBF
QLFS,10QLFS,F,SM,00,54,1,0.00,0,0.00,4.26,8.512740,8.512740,1000.00,cifi0007.DBF
QLFS,10QLFS,F,SM,00,54,2,0.00,0,9.78,14.25,18.725810,8.512740,1000.00,cifi0007.DBF
QLFS,10QLFS,F,SM,00,54,3,0.00,0,19.06,23.78,18.725810,8.512740,1000.00,cifi0007.DBF
QLFS,10QLFS,F,SM,00,54,4,4.54,18,27.83,32.81,18.725810,8.512740,1000.00,cifi0007.DBF
QLFS,10QLFS,F,SM,00,54,5,12.24,48,36.03,41.29,18.725810,8.512740,1000.00,cifi0007.DBF
QLFS,10QLFS,F,SM,00,54,6,19.34,75,43.60,49.18,18.725810,8.512740,1000.00,cifi0007.DBF
QLFS,10QLFS,F,SM,00,54,7,25.78,99,50.46,56.39,18.725810,8.512740,1000.00,cifi0007.DBF
QLFS,10QLFS,F,SM,00,54,8,31.45,121,56.53,62.86,18.725810,8.512740,1000.00,cifi0007.DBF
QLFS,10QLFS,F,SM,00,54,9,36.25,139,61.69,68.47,18.725810,8.512740,1000.00,cifi0007.DBF
QLFS,10QLFS,F,SM,00,54,10,40.10,155,65.88,73.15,18.725810,8.512740,1000.00,cifi0007.DBF
QLFS,10QLFS,F,SM,00,54,11,42.85,84,68.97,76.79,18.725810,8.512740,1000.00,cifi0007.DBF
QLFS,10QLFS,F,SM,00,54,12,55.11,105,81.75,84.72,18.725810,8.512740,500.00,cifi0007.DBF
QLFS,10QLFS,F,SM,00,54,13,67.48,126,94.59,97.53,18.725810,8.512740,500.00,cifi0007.DBF
QLFS,10QLFS,F,SM,00,54,14,79.94,145,107.44,110.38,18.725810,8.512740,500.00,cifi0007.DBF
QLFS,10QLFS,F,SM,00,54,15,92.46,164,120.29,123.23,18.725810,8.512740,500.00,cifi0007.DBF
QLFS,10QLFS,F,SM,00,54,16,105.01,182,133.12,136.07,18.725810,8.512740,500.00,cifi0007.DBF
QLFS,10QLFS,F,SM,00,54,17,117.56,199,145.87,148.86,18.725810,8.512740,500.00,cifi0007.DBF
QLFS,10QLFS,F,SM,00,54,18,130.05,215,158.51,161.55,18.725810,8.512740,500.00,cifi0007.DBF
QLFS,10QLFS,F,SM,00,54,19,142.45,231,171.00,174.12,18.725810,8.512740,500.00,cifi0007.DBF
QLFS,10QLFS,F,SM,00,54,20,154.74,245,183.32,186.52,18.725810,8.512740,500.00,cifi0007.DBF
QLFS,10QLFS,F,SM,00,54,21,166.94,259,195.50,198.78,18.725810,8.512740,500.00,cifi0007.DBF
QLFS,10QLFS,F,SM,00,54,22,179.07,273,207.56,210.89,18.725810,8.512740,500.00,cifi0007.DBF
QLFS,10QLFS,F,SM,00,54,23,191.12,285,219.48,222.88,18.725810,8.512740,500.00,cifi0007.DBF
QLFS,10QLFS,F,SM,00,54,24,203.09,298,231.27,234.74,18.725810,8.512740,500.00,cifi0007.DBF
QLFS,10QLFS,F,SM,00,54,25,214.97,309,242.91,246.45,18.725810,8.512740,500.00,cifi0007.DBF
QLFS,10QLFS,F,SM,00,54,26,226.76,320,254.42,258.03,18.725810,8.512740,500.00,cifi0007.DBF
QLFS,10QLFS,F,SM,00,54,27,238.26,331,265.59,269.37,18.725810,8.512740,500.00,cifi0007.DBF
QLFS,10QLFS,F,SM,00,54,28,249.19,341,276.18,280.25,18.725810,8.512740,500.00,cifi0007.DBF
QLFS,10QLFS,F,SM,00,54,29,259.60,350,286.24,290.58,18.725810,8.512740,500.00,cifi0007.DBF
QLFS,10QLFS,F,SM,00,54,30,269.55,358,295.83,300.40,18.725810,8.512740,500.00,cifi0007.DBF
QLFS,10QLFS,F,SM,00,54,31,279.05,366,304.95,309.75,18.725810,8.512740,500.00,cifi0007.DBF
QLFS,10QLFS,F,SM,00,54,32,288.34,373,313.85,318.76,18.725810,8.512740,500.00,cifi0007.DBF
QLFS,10QLFS,F,SM,00,54,33,297.27,380,322.37,327.47,18.725810,8.512740,500.00,cifi0007.DBF
QLFS,10QLFS,F,SM,00,54,34,305.49,386,330.21,335.66,18.725810,8.512740,500.00,cifi0007.DBF
QLFS,10QLFS,F,SM,00,54,35,313.05,391,337.41,343.17,18.725810,8.512740,500.00,cifi0007.DBF
QLFS,10QLFS,F,SM,00,54,36,320.18,397,344.20,350.17,18.725810,8.512740,500.00,cifi0007.DBF
QLFS,10QLFS,F,SM,00,54,37,327.80,402,351.42,357.17,18.725810,8.512740,500.00,cifi0007.DBF
QLFS,10QLFS,F,SM,00,54,38,336.33,408,359.44,364.79,18.725810,8.512740,500.00,cifi0007.DBF
QLFS,10QLFS,F,SM,00,54,39,345.11,414,367.67,372.92,18.725810,8.512740,500.00,cifi0007.DBF
QLFS,10QLFS,F,SM,00,54,40,353.68,420,375.67,381.03,18.725810,8.512740,500.00,cifi0007.DBF
QLFS,10QLFS,F,SM,00,54,41,361.35,425,382.80,388.60,18.725810,8.512740,500.00,cifi0007.DBF
QLFS,10QLFS,F,SM,00,54,42,367.59,428,388.61,395.07,18.725810,8.512740,500.00,cifi0007.DBF
QLFS,10QLFS,F,SM,00,54,43,372.40,432,393.10,400.22,18.725810,8.512740,500.00,cifi0007.DBF
QLFS,10QLFS,F,SM,00,54,44,376.96,434,397.36,404.59,18.725810,8.512740,500.00,cifi0007.DBF
QLFS,10QLFS,F,SM,00,54,45,382.58,438,402.56,409.32,18.725810,8.512740,500.00,cifi0007.DBF
QLFS,10QLFS,F,SM,00,54,46,388.43,441,407.98,414.63,18.725810,8.512740,500.00,cifi0007.DBF
QLFS,10QLFS,F,SM,00,54,47,394.14,445,413.24,419.97,18.725810,8.512740,500.00,cifi0007.DBF
QLFS,10QLFS,F,SM,00,54,48,399.70,448,418.36,425.16,18.725810,8.512740,500.00,cifi0007.DBF
QLFS,10QLFS,F,SM,00,54,49,405.14,451,423.36,430.22,18.725810,8.512740,500.00,cifi0007.DBF
QLFS,10QLFS,F,SM,00,54,50,410.52,454,428.28,435.18,18.725810,8.512740,500.00,cifi0007.DBF
QLFS,10QLFS,F,SM,00,54,51,415.69,457,433.01,440.01,18.725810,8.512740,500.00,cifi0007.DBF
QLFS,10QLFS,F,SM,00,54,52,420.42,460,437.32,444.53,18.725810,8.512740,500.00,cifi0007.DBF
QLFS,10QLFS,F,SM,00,54,53,424.74,462,441.26,448.66,18.725810,8.512740,500.00,cifi0007.DBF
QLFS,10QLFS,F,SM,00,54,54,428.71,464,444.86,452.42,18.725810,8.512740,500.00,cifi0007.DBF
QLFS,10QLFS,F,SM,00,54,55,432.35,466,448.17,455.88,18.725810,8.512740,500.00,cifi0007.DBF
QLFS,10QLFS,F,SM,00,54,56,435.64,468,451.15,459.03,18.725810,8.512740,500.00,cifi0007.DBF
QLFS,10QLFS,F,SM,00,54,57,438.56,470,453.80,461.84,18.725810,8.512740,500.00,cifi0007.DBF
QLFS,10QLFS,F,SM,00,54,58,441.21,471,456.20,464.37,18.725810,8.512740,500.00,cifi0007.DBF
QLFS,10QLFS,F,SM,00,54,59,443.79,473,458.54,466.73,18.725810,8.512740,500.00,cifi0007.DBF
QLFS,10QLFS,F,SM,00,54,60,446.52,474,461.00,469.13,18.725810,8.512740,500.00,cifi0007.DBF
QLFS,10QLFS,F,SM,00,54,61,448.95,475,463.19,471.46,18.725810,8.512740,500.00,cifi0007.DBF
QLFS,10QLFS,F,SM,00,54,62,451.26,476,465.27,473.59,18.725810,8.512740,500.00,cifi0007.DBF
QLFS,10QLFS,F,SM,00,54,63,453.48,478,467.27,475.63,18.725810,8.512740,500.00,cifi0007.DBF
QLFS,10QLFS,F,SM,00,54,64,455.61,479,469.13,477.56,18.725810,8.512740,500.00,cifi0007.DBF
QLFS,10QLFS,F,SM,00,54,65,459.60,481,472.26,480.06,18.725810,8.512740,500.00,cifi0007.DBF
QLFS,10QLFS,F,SM,00,54,66,500.00,500,500.00,495.49,18.725810,8.512740,500.00,cifi0007.DBF
QLFS,10QLFS,F,SM,00,55,1,0.00,0,0.00,4.68,9.367940,9.367940,1000.00,cifi0007.DBF
QLFS,10QLFS,F,SM,00,55,2,0.00,0,9.50,14.43,19.362320,9.367940,1000.00,cifi0007.DBF
QLFS,10QLFS,F,SM,00,55,3,0.00,0,18.48,23.67,19.362320,9.367940,1000.00,cifi0007.DBF
QLFS,10QLFS,F,SM,00,55,4,2.78,11,26.91,32.38,19.362320,9.367940,1000.00,cifi0007.DBF
QLFS,10QLFS,F,SM,00,55,5,10.08,39,34.69,40.48,19.362320,9.367940,1000.00,cifi0007.DBF
QLFS,10QLFS,F,SM,00,55,6,16.73,64,41.78,47.92,19.362320,9.367940,1000.00,cifi0007.DBF
QLFS,10QLFS,F,SM,00,55,7,22.62,87,48.06,54.60,19.362320,9.367940,1000.00,cifi0007.DBF
QLFS,10QLFS,F,SM,00,55,8,27.63,106,53.45,60.44,19.362320,9.367940,1000.00,cifi0007.DBF
QLFS,10QLFS,F,SM,00,55,9,31.69,123,57.86,65.34,19.362320,9.367940,1000.00,cifi0007.DBF
QLFS,10QLFS,F,SM,00,55,10,34.66,68,61.18,69.20,19.362320,9.367940,1000.00,cifi0007.DBF
QLFS,10QLFS,F,SM,00,55,11,47.14,90,74.19,77.37,19.362320,9.367940,500.00,cifi0007.DBF
QLFS,10QLFS,F,SM,00,55,12,59.73,111,87.25,90.40,19.362320,9.367940,500.00,cifi0007.DBF
QLFS,10QLFS,F,SM,00,55,13,72.41,132,100.33,103.47,19.362320,9.367940,500.00,cifi0007.DBF
QLFS,10QLFS,F,SM,00,55,14,85.16,151,113.41,116.55,19.362320,9.367940,500.00,cifi0007.DBF
QLFS,10QLFS,F,SM,00,55,15,97.94,170,126.47,129.62,19.362320,9.367940,500.00,cifi0007.DBF
QLFS,10QLFS,F,SM,00,55,16,110.71,187,139.45,142.64,19.362320,9.367940,500.00,cifi0007.DBF
QLFS,10QLFS,F,SM,00,55,17,123.42,204,152.30,155.56,19.362320,9.367940,500.00,cifi0007.DBF
QLFS,10QLFS,F,SM,00,55,18,136.04,220,165.02,168.34,19.362320,9.367940,500.00,cifi0007.DBF
QLFS,10QLFS,F,SM,00,55,19,148.55,236,177.56,180.97,19.362320,9.367940,500.00,cifi0007.DBF
QLFS,10QLFS,F,SM,00,55,20,160.97,250,189.96,193.44,19.362320,9.367940,500.00,cifi0007.DBF
QLFS,10QLFS,F,SM,00,55,21,173.32,264,202.22,205.77,19.362320,9.367940,500.00,cifi0007.DBF
QLFS,10QLFS,F,SM,00,55,22,185.58,277,214.36,217.97,19.362320,9.367940,500.00,cifi0007.DBF
QLFS,10QLFS,F,SM,00,55,23,197.77,290,226.35,230.03,19.362320,9.367940,500.00,cifi0007.DBF
QLFS,10QLFS,F,SM,00,55,24,209.86,302,238.20,241.96,19.362320,9.367940,500.00,cifi0007.DBF
QLFS,10QLFS,F,SM,00,55,25,221.87,314,249.92,253.74,19.362320,9.367940,500.00,cifi0007.DBF
QLFS,10QLFS,F,SM,00,55,26,233.57,324,261.28,265.28,19.362320,9.367940,500.00,cifi0007.DBF
QLFS,10QLFS,F,SM,00,55,27,244.70,334,272.06,276.35,19.362320,9.367940,500.00,cifi0007.DBF
QLFS,10QLFS,F,SM,00,55,28,255.30,344,282.30,286.86,19.362320,9.367940,500.00,cifi0007.DBF
QLFS,10QLFS,F,SM,00,55,29,265.42,352,292.06,296.86,19.362320,9.367940,500.00,cifi0007.DBF
QLFS,10QLFS,F,SM,00,55,30,275.09,360,301.34,306.38,19.362320,9.367940,500.00,cifi0007.DBF
QLFS,10QLFS,F,SM,00,55,31,284.55,368,310.40,315.55,19.362320,9.367940,500.00,cifi0007.DBF
QLFS,10QLFS,F,SM,00,55,32,293.64,375,319.07,324.42,19.362320,9.367940,500.00,cifi0007.DBF
QLFS,10QLFS,F,SM,00,55,33,302.01,382,327.05,332.74,19.362320,9.367940,500.00,cifi0007.DBF
QLFS,10QLFS,F,SM,00,55,34,309.70,387,334.38,340.39,19.362320,9.367940,500.00,cifi0007.DBF
QLFS,10QLFS,F,SM,00,55,35,316.95,393,341.28,347.51,19.362320,9.367940,500.00,cifi0007.DBF
QLFS,10QLFS,F,SM,00,55,36,324.71,398,348.63,354.64,19.362320,9.367940,500.00,cifi0007.DBF
QLFS,10QLFS,F,SM,00,55,37,333.39,404,356.80,362.40,19.362320,9.367940,500.00,cifi0007.DBF
QLFS,10QLFS,F,SM,00,55,38,342.33,411,365.17,370.66,19.362320,9.367940,500.00,cifi0007.DBF
QLFS,10QLFS,F,SM,00,55,39,351.06,416,373.31,378.92,19.362320,9.367940,500.00,cifi0007.DBF
QLFS,10QLFS,F,SM,00,55,40,358.87,422,380.57,386.62,19.362320,9.367940,500.00,cifi0007.DBF
QLFS,10QLFS,F,SM,00,55,41,365.22,426,386.48,393.21,19.362320,9.367940,500.00,cifi0007.DBF
QLFS,10QLFS,F,SM,00,55,42,370.12,429,391.05,398.45,19.362320,9.367940,500.00,cifi0007.DBF
QLFS,10QLFS,F,SM,00,55,43,374.76,432,395.38,402.90,19.362320,9.367940,500.00,cifi0007.DBF
QLFS,10QLFS,F,SM,00,55,44,380.47,435,400.68,407.71,19.362320,9.367940,500.00,cifi0007.DBF
QLFS,10QLFS,F,SM,00,55,45,386.43,439,406.19,413.12,19.362320,9.367940,500.00,cifi0007.DBF
QLFS,10QLFS,F,SM,00,55,46,392.24,443,411.55,418.55,19.362320,9.367940,500.00,cifi0007.DBF
QLFS,10QLFS,F,SM,00,55,47,397.91,446,416.76,423.83,19.362320,9.367940,500.00,cifi0007.DBF
QLFS,10QLFS,F,SM,00,55,48,403.45,449,421.85,428.99,19.362320,9.367940,500.00,cifi0007.DBF
QLFS,10QLFS,F,SM,00,55,49,408.92,453,426.86,434.03,19.362320,9.367940,500.00,cifi0007.DBF
QLFS,10QLFS,F,SM,00,55,50,414.18,456,431.67,438.94,19.362320,9.367940,500.00,cifi0007.DBF
QLFS,10QLFS,F,SM,00,55,51,419.00,458,436.06,443.55,19.362320,9.367940,500.00,cifi0007.DBF
QLFS,10QLFS,F,SM,00,55,52,423.40,461,440.07,447.74,19.362320,9.367940,500.00,cifi0007.DBF
QLFS,10QLFS,F,SM,00,55,53,427.43,463,443.73,451.58,19.362320,9.367940,500.00,cifi0007.DBF
QLFS,10QLFS,F,SM,00,55,54,431.14,465,447.10,455.10,19.362320,9.367940,500.00,cifi0007.DBF
QLFS,10QLFS,F,SM,00,55,55,434.49,467,450.13,458.30,19.362320,9.367940,500.00,cifi0007.DBF
QLFS,10QLFS,F,SM,00,55,56,437.46,469,452.83,461.16,19.362320,9.367940,500.00,cifi0007.DBF
QLFS,10QLFS,F,SM,00,55,57,440.16,470,455.27,463.73,19.362320,9.367940,500.00,cifi0007.DBF
QLFS,10QLFS,F,SM,00,55,58,442.79,472,457.65,466.14,19.362320,9.367940,500.00,cifi0007.DBF
QLFS,10QLFS,F,SM,00,55,59,445.57,473,460.16,468.58,19.362320,9.367940,500.00,cifi0007.DBF
QLFS,10QLFS,F,SM,00,55,60,448.03,474,462.38,470.95,19.362320,9.367940,500.00,cifi0007.DBF
QLFS,10QLFS,F,SM,00,55,61,450.38,476,464.50,473.12,19.362320,9.367940,500.00,cifi0007.DBF
QLFS,10QLFS,F,SM,00,55,62,452.65,477,466.53,475.20,19.362320,9.367940,500.00,cifi0007.DBF
QLFS,10QLFS,F,SM,00,55,63,454.81,478,468.43,477.17,19.362320,9.367940,500.00,cifi0007.DBF
QLFS,10QLFS,F,SM,00,55,64,458.88,480,471.62,479.71,19.362320,9.367940,500.00,cifi0007.DBF
QLFS,10QLFS,F,SM,00,55,65,500.00,500,500.00,495.49,19.362320,9.367940,500.00,cifi0007.DBF
QLFS,10QLFS,F,SM,00,56,1,0.00,0,0.00,5.14,10.282130,10.282130,1000.00,cifi0007.DBF
QLFS,10QLFS,F,SM,00,56,2,0.00,0,9.20,14.60,19.994520,10.282130,1000.00,cifi0007.DBF
QLFS,10QLFS,F,SM,00,56,3,0.00,0,17.84,23.52,19.994520,10.282130,1000.00,cifi0007.DBF
QLFS,10QLFS,F,SM,00,56,4,1.27,5,25.84,31.84,19.994520,10.282130,1000.00,cifi0007.DBF
QLFS,10QLFS,F,SM,00,56,5,8.12,32,33.15,39.50,19.994520,10.282130,1000.00,cifi0007.DBF
QLFS,10QLFS,F,SM,00,56,6,14.20,55,39.66,46.40,19.994520,10.282130,1000.00,cifi0007.DBF
QLFS,10QLFS,F,SM,00,56,7,19.42,75,45.26,52.46,19.994520,10.282130,1000.00,cifi0007.DBF
QLFS,10QLFS,F,SM,00,56,8,23.69,92,49.90,57.58,19.994520,10.282130,1000.00,cifi0007.DBF
QLFS,10QLFS,F,SM,00,56,9,26.86,53,53.44,61.67,19.994520,10.282130,1000.00,cifi0007.DBF
QLFS,10QLFS,F,SM,00,56,10,39.55,76,66.68,70.06,19.994520,10.282130,500.00,cifi0007.DBF
QLFS,10QLFS,F,SM,00,56,11,52.36,98,79.97,83.32,19.994520,10.282130,500.00,cifi0007.DBF
QLFS,10QLFS,F,SM,00,56,12,65.25,119,93.27,96.62,19.994520,10.282130,500.00,cifi0007.DBF
QLFS,10QLFS,F,SM,00,56,13,78.20,139,106.58,109.92,19.994520,10.282130,500.00,cifi0007.DBF
QLFS,10QLFS,F,SM,00,56,14,91.20,158,119.86,123.22,19.994520,10.282130,500.00,cifi0007.DBF
QLFS,10QLFS,F,SM,00,56,15,104.19,176,133.06,136.46,19.994520,10.282130,500.00,cifi0007.DBF
QLFS,10QLFS,F,SM,00,56,16,117.11,194,146.14,149.60,19.994520,10.282130,500.00,cifi0007.DBF
QLFS,10QLFS,F,SM,00,56,17,129.94,210,159.07,162.60,19.994520,10.282130,500.00,cifi0007.DBF
QLFS,10QLFS,F,SM,00,56,18,142.66,226,171.83,175.45,19.994520,10.282130,500.00,cifi0007.DBF
QLFS,10QLFS,F,SM,00,56,19,155.29,241,184.44,188.14,19.994520,10.282130,500.00,cifi0007.DBF
QLFS,10QLFS,F,SM,00,56,20,167.84,256,196.92,200.68,19.994520,10.282130,500.00,cifi0007.DBF
QLFS,10QLFS,F,SM,00,56,21,180.32,269,209.27,213.09,19.994520,10.282130,500.00,cifi0007.DBF
QLFS,10QLFS,F,SM,00,56,22,192.70,282,221.47,225.37,19.994520,10.282130,500.00,cifi0007.DBF
QLFS,10QLFS,F,SM,00,56,23,205.00,295,233.52,237.49,19.994520,10.282130,500.00,cifi0007.DBF
QLFS,10QLFS,F,SM,00,56,24,217.21,307,245.44,249.48,19.994520,10.282130,500.00,cifi0007.DBF
QLFS,10QLFS,F,SM,00,56,25,229.10,318,257.00,261.22,19.994520,10.282130,500.00,cifi0007.DBF
QLFS,10QLFS,F,SM,00,56,26,240.42,329,267.97,272.49,19.994520,10.282130,500.00,cifi0007.DBF
QLFS,10QLFS,F,SM,00,56,27,251.20,338,278.39,283.18,19.994520,10.282130,500.00,cifi0007.DBF
QLFS,10QLFS,F,SM,00,56,28,261.49,347,288.31,293.35,19.994520,10.282130,500.00,cifi0007.DBF
QLFS,10QLFS,F,SM,00,56,29,271.32,355,297.76,303.03,19.994520,10.282130,500.00,cifi0007.DBF
QLFS,10QLFS,F,SM,00,56,30,280.94,363,306.97,312.36,19.994520,10.282130,500.00,cifi0007.DBF
QLFS,10QLFS,F,SM,00,56,31,290.18,371,315.79,321.38,19.994520,10.282130,500.00,cifi0007.DBF
QLFS,10QLFS,F,SM,00,56,32,298.69,377,323.91,329.85,19.994520,10.282130,500.00,cifi0007.DBF
QLFS,10QLFS,F,SM,00,56,33,306.51,383,331.36,337.63,19.994520,10.282130,500.00,cifi0007.DBF
QLFS,10QLFS,F,SM,00,56,34,313.89,389,338.39,344.87,19.994520,10.282130,500.00,cifi0007.DBF
QLFS,10QLFS,F,SM,00,56,35,321.77,395,345.86,352.12,19.994520,10.282130,500.00,cifi0007.DBF
QLFS,10QLFS,F,SM,00,56,36,330.60,401,354.17,360.02,19.994520,10.282130,500.00,cifi0007.DBF
QLFS,10QLFS,F,SM,00,56,37,339.69,407,362.68,368.43,19.994520,10.282130,500.00,cifi0007.DBF
QLFS,10QLFS,F,SM,00,56,38,348.57,413,370.97,376.82,19.994520,10.282130,500.00,cifi0007.DBF
QLFS,10QLFS,F,SM,00,56,39,356.50,419,378.36,384.66,19.994520,10.282130,500.00,cifi0007.DBF
QLFS,10QLFS,F,SM,00,56,40,362.96,423,384.37,391.36,19.994520,10.282130,500.00,cifi0007.DBF
QLFS,10QLFS,F,SM,00,56,41,367.94,426,389.02,396.69,19.994520,10.282130,500.00,cifi0007.DBF
QLFS,10QLFS,F,SM,00,56,42,372.66,429,393.43,401.22,19.994520,10.282130,500.00,cifi0007.DBF
QLFS,10QLFS,F,SM,00,56,43,378.47,433,398.82,406.12,19.994520,10.282130,500.00,cifi0007.DBF
QLFS,10QLFS,F,SM,00,56,44,384.53,437,404.42,411.61,19.994520,10.282130,500.00,cifi0007.DBF
QLFS,10QLFS,F,SM,00,56,45,390.43,441,409.87,417.14,19.994520,10.282130,500.00,cifi0007.DBF
QLFS,10QLFS,F,SM,00,56,46,396.20,444,415.17,422.52,19.994520,10.282130,500.00,cifi0007.DBF
QLFS,10QLFS,F,SM,00,56,47,401.83,448,420.34,427.76,19.994520,10.282130,500.00,cifi0007.DBF
QLFS,10QLFS,F,SM,00,56,48,407.39,451,425.44,432.89,19.994520,10.282130,500.00,cifi0007.DBF
QLFS,10QLFS,F,SM,00,56,49,412.75,454,430.34,437.89,19.994520,10.282130,500.00,cifi0007.DBF
QLFS,10QLFS,F,SM,00,56,50,417.64,457,434.80,442.57,19.994520,10.282130,500.00,cifi0007.DBF
QLFS,10QLFS,F,SM,00,56,51,422.11,459,438.88,446.84,19.994520,10.282130,500.00,cifi0007.DBF
QLFS,10QLFS,F,SM,00,56,52,426.21,462,442.61,450.74,19.994520,10.282130,500.00,cifi0007.DBF
QLFS,10QLFS,F,SM,00,56,53,429.98,464,446.03,454.32,19.994520,10.282130,500.00,cifi0007.DBF
QLFS,10QLFS,F,SM,00,56,54,433.39,466,449.12,457.58,19.994520,10.282130,500.00,cifi0007.DBF
QLFS,10QLFS,F,SM,00,56,55,436.41,467,451.87,460.49,19.994520,10.282130,500.00,cifi0007.DBF
QLFS,10QLFS,F,SM,00,56,56,439.16,469,454.35,463.10,19.994520,10.282130,500.00,cifi0007.DBF
QLFS,10QLFS,F,SM,00,56,57,441.83,470,456.77,465.55,19.994520,10.282130,500.00,cifi0007.DBF
QLFS,10QLFS,F,SM,00,56,58,444.65,472,459.32,468.04,19.994520,10.282130,500.00,cifi0007.DBF
QLFS,10QLFS,F,SM,00,56,59,447.16,473,461.58,470.45,19.994520,10.282130,500.00,cifi0007.DBF
QLFS,10QLFS,F,SM,00,56,60,449.55,475,463.73,472.65,19.994520,10.282130,500.00,cifi0007.DBF
QLFS,10QLFS,F,SM,00,56,61,451.86,476,465.81,474.77,19.994520,10.282130,500.00,cifi0007.DBF
QLFS,10QLFS,F,SM,00,56,62,454.05,477,467.74,476.77,19.994520,10.282130,500.00,cifi0007.DBF
QLFS,10QLFS,F,SM,00,56,63,458.19,479,470.99,479.36,19.994520,10.282130,500.00,cifi0007.DBF
QLFS,10QLFS,F,SM,00,56,64,500.00,500,500.00,495.49,19.994520,10.282130,500.00,cifi0007.DBF
QLFS,10QLFS,F,SM,00,57,1,0.00,0,0.00,5.60,11.206140,11.206140,1000.00,cifi0007.DBF
QLFS,10QLFS,F,SM,00,57,2,0.00,0,8.86,14.74,20.621250,11.206140,1000.00,cifi0007.DBF
QLFS,10QLFS,F,SM,00,57,3,0.00,0,17.08,23.28,20.621250,11.206140,1000.00,cifi0007.DBF
QLFS,10QLFS,F,SM,00,57,4,0.00,0,24.60,31.15,20.621250,11.206140,1000.00,cifi0007.DBF
QLFS,10QLFS,F,SM,00,57,5,5.85,23,31.32,38.27,20.621250,11.206140,1000.00,cifi0007.DBF
QLFS,10QLFS,F,SM,00,57,6,11.27,44,37.15,44.55,20.621250,11.206140,1000.00,cifi0007.DBF
QLFS,10QLFS,F,SM,00,57,7,15.74,61,42.01,49.89,20.621250,11.206140,1000.00,cifi0007.DBF
QLFS,10QLFS,F,SM,00,57,8,19.12,38,45.77,54.20,20.621250,11.206140,1000.00,cifi0007.DBF
QLFS,10QLFS,F,SM,00,57,9,32.02,61,59.23,62.81,20.621250,11.206140,500.00,cifi0007.DBF
QLFS,10QLFS,F,SM,00,57,10,45.03,84,72.74,76.30,20.621250,11.206140,500.00,cifi0007.DBF
QLFS,10QLFS,F,SM,00,57,11,58.13,106,86.27,89.82,20.621250,11.206140,500.00,cifi0007.DBF
QLFS,10QLFS,F,SM,00,57,12,71.30,127,99.80,103.35,20.621250,11.206140,500.00,cifi0007.DBF
QLFS,10QLFS,F,SM,00,57,13,84.51,146,113.31,116.87,20.621250,11.206140,500.00,cifi0007.DBF
QLFS,10QLFS,F,SM,00,57,14,97.71,165,126.73,130.33,20.621250,11.206140,500.00,cifi0007.DBF
QLFS,10QLFS,F,SM,00,57,15,110.84,184,140.03,143.69,20.621250,11.206140,500.00,cifi0007.DBF
QLFS,10QLFS,F,SM,00,57,16,123.89,201,153.18,156.92,20.621250,11.206140,500.00,cifi0007.DBF
QLFS,10QLFS,F,SM,00,57,17,136.82,217,166.16,169.98,20.621250,11.206140,500.00,cifi0007.DBF
QLFS,10QLFS,F,SM,00,57,18,149.65,233,178.98,182.88,20.621250,11.206140,500.00,cifi0007.DBF
QLFS,10QLFS,F,SM,00,57,19,162.41,247,191.67,195.64,20.621250,11.206140,500.00,cifi0007.DBF
QLFS,10QLFS,F,SM,00,57,20,175.08,262,204.22,208.26,20.621250,11.206140,500.00,cifi0007.DBF
QLFS,10QLFS,F,SM,00,57,21,187.67,275,216.63,220.74,20.621250,11.206140,500.00,cifi0007.DBF
QLFS,10QLFS,F,SM,00,57,22,200.17,288,228.89,233.07,20.621250,11.206140,500.00,cifi0007.DBF
QLFS,10QLFS,F,SM,00,57,23,212.58,300,241.01,245.26,20.621250,11.206140,500.00,cifi0007.DBF
QLFS,10QLFS,F,SM,00,57,24,224.67,312,252.76,257.20,20.621250,11.206140,500.00,cifi0007.DBF
QLFS,10QLFS,F,SM,00,57,25,236.17,323,263.92,268.65,20.621250,11.206140,500.00,cifi0007.DBF
QLFS,10QLFS,F,SM,00,57,26,247.13,333,274.51,279.52,20.621250,11.206140,500.00,cifi0007.DBF
QLFS,10QLFS,F,SM,00,57,27,257.59,342,284.60,289.86,20.621250,11.206140,500.00,cifi0007.DBF
QLFS,10QLFS,F,SM,00,57,28,267.58,351,294.20,299.71,20.621250,11.206140,500.00,cifi0007.DBF
QLFS,10QLFS,F,SM,00,57,29,277.35,359,303.57,309.20,20.621250,11.206140,500.00,cifi0007.DBF
QLFS,10QLFS,F,SM,00,57,30,286.75,366,312.54,318.37,20.621250,11.206140,500.00,cifi0007.DBF
QLFS,10QLFS,F,SM,00,57,31,295.40,373,320.79,326.98,20.621250,11.206140,500.00,cifi0007.DBF
QLFS,10QLFS,F,SM,00,57,32,303.34,379,328.38,334.90,20.621250,11.206140,500.00,cifi0007.DBF
QLFS,10QLFS,F,SM,00,57,33,310.84,385,335.52,342.26,20.621250,11.206140,500.00,cifi0007.DBF
QLFS,10QLFS,F,SM,00,57,34,318.86,391,343.12,349.63,20.621250,11.206140,500.00,cifi0007.DBF
QLFS,10QLFS,F,SM,00,57,35,327.83,398,351.57,357.66,20.621250,11.206140,500.00,cifi0007.DBF
QLFS,10QLFS,F,SM,00,57,36,337.07,404,360.22,366.21,20.621250,11.206140,500.00,cifi0007.DBF
QLFS,10QLFS,F,SM,00,57,37,346.09,411,368.65,374.75,20.621250,11.206140,500.00,cifi0007.DBF
QLFS,10QLFS,F,SM,00,57,38,354.16,416,376.16,382.72,20.621250,11.206140,500.00,cifi0007.DBF
QLFS,10QLFS,F,SM,00,57,39,360.72,420,382.27,389.53,20.621250,11.206140,500.00,cifi0007.DBF
QLFS,10QLFS,F,SM,00,57,40,365.78,424,387.00,394.95,20.621250,11.206140,500.00,cifi0007.DBF
QLFS,10QLFS,F,SM,00,57,41,370.58,427,391.48,399.55,20.621250,11.206140,500.00,cifi0007.DBF
QLFS,10QLFS,F,SM,00,57,42,376.48,431,396.96,404.53,20.621250,11.206140,500.00,cifi0007.DBF
QLFS,10QLFS,F,SM,00,57,43,382.64,435,402.66,410.12,20.621250,11.206140,500.00,cifi0007.DBF
QLFS,10QLFS,F,SM,00,57,44,388.64,439,408.20,415.74,20.621250,11.206140,500.00,cifi0007.DBF
QLFS,10QLFS,F,SM,00,57,45,394.50,442,413.60,421.21,20.621250,11.206140,500.00,cifi0007.DBF
QLFS,10QLFS,F,SM,00,57,46,400.22,446,418.86,426.54,20.621250,11.206140,500.00,cifi0007.DBF
QLFS,10QLFS,F,SM,00,57,47,405.87,449,424.04,431.76,20.621250,11.206140,500.00,cifi0007.DBF
QLFS,10QLFS,F,SM,00,57,48,411.32,452,429.02,436.84,20.621250,11.206140,500.00,cifi0007.DBF
QLFS,10QLFS,F,SM,00,57,49,416.29,455,433.56,441.60,20.621250,11.206140,500.00,cifi0007.DBF
QLFS,10QLFS,F,SM,00,57,50,420.84,458,437.70,445.94,20.621250,11.206140,500.00,cifi0007.DBF
QLFS,10QLFS,F,SM,00,57,51,425.00,460,441.50,449.91,20.621250,11.206140,500.00,cifi0007.DBF
QLFS,10QLFS,F,SM,00,57,52,428.84,463,444.98,453.55,20.621250,11.206140,500.00,cifi0007.DBF
QLFS,10QLFS,F,SM,00,57,53,432.30,465,448.12,456.86,20.621250,11.206140,500.00,cifi0007.DBF
QLFS,10QLFS,F,SM,00,57,54,435.37,466,450.91,459.82,20.621250,11.206140,500.00,cifi0007.DBF
QLFS,10QLFS,F,SM,00,57,55,438.16,468,453.43,462.48,20.621250,11.206140,500.00,cifi0007.DBF
QLFS,10QLFS,F,SM,00,57,56,440.88,469,455.89,464.97,20.621250,11.206140,500.00,cifi0007.DBF
QLFS,10QLFS,F,SM,00,57,57,443.75,471,458.49,467.50,20.621250,11.206140,500.00,cifi0007.DBF
QLFS,10QLFS,F,SM,00,57,58,446.30,472,460.79,469.95,20.621250,11.206140,500.00,cifi0007.DBF
QLFS,10QLFS,F,SM,00,57,59,448.73,474,462.98,472.19,20.621250,11.206140,500.00,cifi0007.DBF
QLFS,10QLFS,F,SM,00,57,60,451.07,475,465.08,474.34,20.621250,11.206140,500.00,cifi0007.DBF
QLFS,10QLFS,F,SM,00,57,61,453.30,476,467.05,476.38,20.621250,11.206140,500.00,cifi0007.DBF
QLFS,10QLFS,F,SM,00,57,62,457.50,479,470.36,479.02,20.621250,11.206140,500.00,cifi0007.DBF
QLFS,10QLFS,F,SM,00,57,63,500.00,500,500.00,495.49,20.621250,11.206140,500.00,cifi0007.DBF
QLFS,10QLFS,F,SM,00,58,1,0.00,0,0.00,6.08,12.169480,12.169480,1000.00,cifi0007.DBF
QLFS,10QLFS,F,SM,00,58,2,0.00,0,8.43,14.84,21.239040,12.169480,1000.00,cifi0007.DBF
QLFS,10QLFS,F,SM,00,58,3,0.00,0,16.17,22.92,21.239040,12.169480,1000.00,cifi0007.DBF
QLFS,10QLFS,F,SM,00,58,4,0.00,0,23.11,30.26,21.239040,12.169480,1000.00,cifi0007.DBF
QLFS,10QLFS,F,SM,00,58,5,3.19,13,29.15,36.75,21.239040,12.169480,1000.00,cifi0007.DBF
QLFS,10QLFS,F,SM,00,58,6,7.86,31,34.23,42.31,21.239040,12.169480,1000.00,cifi0007.DBF
QLFS,10QLFS,F,SM,00,58,7,11.45,23,38.21,46.84,21.239040,12.169480,1000.00,cifi0007.DBF
QLFS,10QLFS,F,SM,00,58,8,24.55,47,51.89,55.67,21.239040,12.169480,500.00,cifi0007.DBF
QLFS,10QLFS,F,SM,00,58,9,37.77,71,65.62,69.37,21.239040,12.169480,500.00,cifi0007.DBF
QLFS,10QLFS,F,SM,00,58,10,51.08,93,79.37,83.12,21.239040,12.169480,500.00,cifi0007.DBF
QLFS,10QLFS,F,SM,00,58,11,64.46,114,93.12,96.87,21.239040,12.169480,500.00,cifi0007.DBF
QLFS,10QLFS,F,SM,00,58,12,77.88,135,106.85,110.61,21.239040,12.169480,500.00,cifi0007.DBF
QLFS,10QLFS,F,SM,00,58,13,91.29,155,120.49,124.29,21.239040,12.169480,500.00,cifi0007.DBF
QLFS,10QLFS,F,SM,00,58,14,104.63,173,134.01,137.87,21.239040,12.169480,500.00,cifi0007.DBF
QLFS,10QLFS,F,SM,00,58,15,117.89,191,147.38,151.31,21.239040,12.169480,500.00,cifi0007.DBF
QLFS,10QLFS,F,SM,00,58,16,131.02,208,160.56,164.59,21.239040,12.169480,500.00,cifi0007.DBF
QLFS,10QLFS,F,SM,00,58,17,144.06,224,173.60,177.70,21.239040,12.169480,500.00,cifi0007.DBF
QLFS,10QLFS,F,SM,00,58,18,157.02,239,186.49,190.66,21.239040,12.169480,500.00,cifi0007.DBF
QLFS,10QLFS,F,SM,00,58,19,169.90,254,199.25,203.49,21.239040,12.169480,500.00,cifi0007.DBF
QLFS,10QLFS,F,SM,00,58,20,182.69,268,211.86,216.17,21.239040,12.169480,500.00,cifi0007.DBF
QLFS,10QLFS,F,SM,00,58,21,195.39,281,224.32,228.71,21.239040,12.169480,500.00,cifi0007.DBF
QLFS,10QLFS,F,SM,00,58,22,208.00,294,236.63,241.10,21.239040,12.169480,500.00,cifi0007.DBF
QLFS,10QLFS,F,SM,00,58,23,220.28,306,248.58,253.23,21.239040,12.169480,500.00,cifi0007.DBF
QLFS,10QLFS,F,SM,00,58,24,231.96,317,259.92,264.87,21.239040,12.169480,500.00,cifi0007.DBF
QLFS,10QLFS,F,SM,00,58,25,243.09,327,270.68,275.92,21.239040,12.169480,500.00,cifi0007.DBF
QLFS,10QLFS,F,SM,00,58,26,253.72,337,280.94,286.43,21.239040,12.169480,500.00,cifi0007.DBF
QLFS,10QLFS,F,SM,00,58,27,263.87,346,290.70,296.44,21.239040,12.169480,500.00,cifi0007.DBF
QLFS,10QLFS,F,SM,00,58,28,273.80,354,300.22,306.08,21.239040,12.169480,500.00,cifi0007.DBF
QLFS,10QLFS,F,SM,00,58,29,283.35,362,309.34,315.40,21.239040,12.169480,500.00,cifi0007.DBF
QLFS,10QLFS,F,SM,00,58,30,292.13,369,317.73,324.15,21.239040,12.169480,500.00,cifi0007.DBF
QLFS,10QLFS,F,SM,00,58,31,300.21,375,325.43,332.20,21.239040,12.169480,500.00,cifi0007.DBF
QLFS,10QLFS,F,SM,00,58,32,307.82,381,332.69,339.68,21.239040,12.169480,500.00,cifi0007.DBF
QLFS,10QLFS,F,SM,00,58,33,315.97,388,340.41,347.17,21.239040,12.169480,500.00,cifi0007.DBF
QLFS,10QLFS,F,SM,00,58,34,325.08,394,349.00,355.33,21.239040,12.169480,500.00,cifi0007.DBF
QLFS,10QLFS,F,SM,00,58,35,334.47,401,357.80,364.02,21.239040,12.169480,500.00,cifi0007.DBF
QLFS,10QLFS,F,SM,00,58,36,343.63,408,366.36,372.70,21.239040,12.169480,500.00,cifi0007.DBF
QLFS,10QLFS,F,SM,00,58,37,351.83,413,374.00,380.80,21.239040,12.169480,500.00,cifi0007.DBF
QLFS,10QLFS,F,SM,00,58,38,358.50,418,380.21,387.72,21.239040,12.169480,500.00,cifi0007.DBF
QLFS,10QLFS,F,SM,00,58,39,363.64,421,385.01,393.23,21.239040,12.169480,500.00,cifi0007.DBF
QLFS,10QLFS,F,SM,00,58,40,368.51,425,389.57,397.91,21.239040,12.169480,500.00,cifi0007.DBF
QLFS,10QLFS,F,SM,00,58,41,374.51,429,395.14,402.97,21.239040,12.169480,500.00,cifi0007.DBF
QLFS,10QLFS,F,SM,00,58,42,380.77,433,400.93,408.65,21.239040,12.169480,500.00,cifi0007.DBF
QLFS,10QLFS,F,SM,00,58,43,386.86,437,406.56,414.36,21.239040,12.169480,500.00,cifi0007.DBF
QLFS,10QLFS,F,SM,00,58,44,392.81,440,412.04,419.92,21.239040,12.169480,500.00,cifi0007.DBF
QLFS,10QLFS,F,SM,00,58,45,398.63,444,417.39,425.34,21.239040,12.169480,500.00,cifi0007.DBF
QLFS,10QLFS,F,SM,00,58,46,404.37,448,422.66,430.64,21.239040,12.169480,500.00,cifi0007.DBF
QLFS,10QLFS,F,SM,00,58,47,409.90,451,427.72,435.81,21.239040,12.169480,500.00,cifi0007.DBF
QLFS,10QLFS,F,SM,00,58,48,414.96,454,432.33,440.64,21.239040,12.169480,500.00,cifi0007.DBF
QLFS,10QLFS,F,SM,00,58,49,419.57,457,436.54,445.06,21.239040,12.169480,500.00,cifi0007.DBF
QLFS,10QLFS,F,SM,00,58,50,423.81,459,440.40,449.09,21.239040,12.169480,500.00,cifi0007.DBF
QLFS,10QLFS,F,SM,00,58,51,427.70,461,443.94,452.79,21.239040,12.169480,500.00,cifi0007.DBF
QLFS,10QLFS,F,SM,00,58,52,431.22,463,447.13,456.15,21.239040,12.169480,500.00,cifi0007.DBF
QLFS,10QLFS,F,SM,00,58,53,434.34,465,449.96,459.17,21.239040,12.169480,500.00,cifi0007.DBF
QLFS,10QLFS,F,SM,00,58,54,437.18,467,452.53,461.87,21.239040,12.169480,500.00,cifi0007.DBF
QLFS,10QLFS,F,SM,00,58,55,439.93,468,455.03,464.40,21.239040,12.169480,500.00,cifi0007.DBF
QLFS,10QLFS,F,SM,00,58,56,442.85,470,457.66,466.97,21.239040,12.169480,500.00,cifi0007.DBF
QLFS,10QLFS,F,SM,00,58,57,445.44,472,460.00,469.45,21.239040,12.169480,500.00,cifi0007.DBF
QLFS,10QLFS,F,SM,00,58,58,447.91,473,462.23,471.74,21.239040,12.169480,500.00,cifi0007.DBF
QLFS,10QLFS,F,SM,00,58,59,450.29,474,464.37,473.92,21.239040,12.169480,500.00,cifi0007.DBF
QLFS,10QLFS,F,SM,00,58,60,452.56,476,466.37,475.99,21.239040,12.169480,500.00,cifi0007.DBF
QLFS,10QLFS,F,SM,00,58,61,456.82,478,469.75,478.68,21.239040,12.169480,500.00,cifi0007.DBF
QLFS,10QLFS,F,SM,00,58,62,500.00,500,500.00,495.49,21.239040,12.169480,500.00,cifi0007.DBF
QLFS,10QLFS,F,SM,00,59,1,0.00,0,0.00,6.60,13.201620,13.201620,1000.00,cifi0007.DBF
QLFS,10QLFS,F,SM,00,59,2,0.00,0,7.95,14.90,21.841670,13.201620,1000.00,cifi0007.DBF
QLFS,10QLFS,F,SM,00,59,3,0.00,0,15.10,22.44,21.841670,13.201620,1000.00,cifi0007.DBF
QLFS,10QLFS,F,SM,00,59,4,0.00,0,21.35,29.14,21.841670,13.201620,1000.00,cifi0007.DBF
QLFS,10QLFS,F,SM,00,59,5,0.11,1,26.64,34.92,21.841670,13.201620,1000.00,cifi0007.DBF
QLFS,10QLFS,F,SM,00,59,6,3.90,8,30.83,39.66,21.841670,13.201620,1000.00,cifi0007.DBF
QLFS,10QLFS,F,SM,00,59,7,17.20,33,44.73,48.70,21.841670,13.201620,500.00,cifi0007.DBF
QLFS,10QLFS,F,SM,00,59,8,30.63,57,58.67,62.62,21.841670,13.201620,500.00,cifi0007.DBF
QLFS,10QLFS,F,SM,00,59,9,44.15,80,72.64,76.58,21.841670,13.201620,500.00,cifi0007.DBF
QLFS,10QLFS,F,SM,00,59,10,57.73,103,86.61,90.55,21.841670,13.201620,500.00,cifi0007.DBF
QLFS,10QLFS,F,SM,00,59,11,71.36,124,100.55,104.50,21.841670,13.201620,500.00,cifi0007.DBF
QLFS,10QLFS,F,SM,00,59,12,84.97,144,114.41,118.40,21.841670,13.201620,500.00,cifi0007.DBF
QLFS,10QLFS,F,SM,00,59,13,98.52,163,128.14,132.19,21.841670,13.201620,500.00,cifi0007.DBF
QLFS,10QLFS,F,SM,00,59,14,111.98,181,141.71,145.85,21.841670,13.201620,500.00,cifi0007.DBF
QLFS,10QLFS,F,SM,00,59,15,125.32,199,155.11,159.33,21.841670,13.201620,500.00,cifi0007.DBF
QLFS,10QLFS,F,SM,00,59,16,138.56,215,168.34,172.64,21.841670,13.201620,500.00,cifi0007.DBF
QLFS,10QLFS,F,SM,00,59,17,151.72,231,181.44,185.81,21.841670,13.201620,500.00,cifi0007.DBF
QLFS,10QLFS,F,SM,00,59,18,164.80,246,194.40,198.84,21.841670,13.201620,500.00,cifi0007.DBF
QLFS,10QLFS,F,SM,00,59,19,177.79,261,207.20,211.72,21.841670,13.201620,500.00,cifi0007.DBF
QLFS,10QLFS,F,SM,00,59,20,190.68,274,219.86,224.45,21.841670,13.201620,500.00,cifi0007.DBF
QLFS,10QLFS,F,SM,00,59,21,203.48,288,232.37,237.03,21.841670,13.201620,500.00,cifi0007.DBF
QLFS,10QLFS,F,SM,00,59,22,215.95,300,244.51,249.36,21.841670,13.201620,500.00,cifi0007.DBF
QLFS,10QLFS,F,SM,00,59,23,227.82,311,256.02,261.18,21.841670,13.201620,500.00,cifi0007.DBF
QLFS,10QLFS,F,SM,00,59,24,239.12,322,266.95,272.41,21.841670,13.201620,500.00,cifi0007.DBF
QLFS,10QLFS,F,SM,00,59,25,249.92,332,277.37,283.08,21.841670,13.201620,500.00,cifi0007.DBF
QLFS,10QLFS,F,SM,00,59,26,260.23,341,287.28,293.25,21.841670,13.201620,500.00,cifi0007.DBF
QLFS,10QLFS,F,SM,00,59,27,270.31,350,296.95,303.04,21.841670,13.201620,500.00,cifi0007.DBF
QLFS,10QLFS,F,SM,00,59,28,280.00,358,306.21,312.50,21.841670,13.201620,500.00,cifi0007.DBF
QLFS,10QLFS,F,SM,00,59,29,288.92,365,314.73,321.39,21.841670,13.201620,500.00,cifi0007.DBF
QLFS,10QLFS,F,SM,00,59,30,297.12,372,322.56,329.57,21.841670,13.201620,500.00,cifi0007.DBF
QLFS,10QLFS,F,SM,00,59,31,304.85,378,329.93,337.17,21.841670,13.201620,500.00,cifi0007.DBF
QLFS,10QLFS,F,SM,00,59,32,313.12,384,337.78,344.78,21.841670,13.201620,500.00,cifi0007.DBF
QLFS,10QLFS,F,SM,00,59,33,322.38,391,346.50,353.06,21.841670,13.201620,500.00,cifi0007.DBF
QLFS,10QLFS,F,SM,00,59,34,331.91,398,355.43,361.89,21.841670,13.201620,500.00,cifi0007.DBF
QLFS,10QLFS,F,SM,00,59,35,341.22,405,364.13,370.70,21.841670,13.201620,500.00,cifi0007.DBF
QLFS,10QLFS,F,SM,00,59,36,349.54,411,371.88,378.93,21.841670,13.201620,500.00,cifi0007.DBF
QLFS,10QLFS,F,SM,00,59,37,356.31,415,378.19,385.96,21.841670,13.201620,500.00,cifi0007.DBF
QLFS,10QLFS,F,SM,00,59,38,361.53,419,383.07,391.55,21.841670,13.201620,500.00,cifi0007.DBF
QLFS,10QLFS,F,SM,00,59,39,366.48,422,387.70,396.31,21.841670,13.201620,500.00,cifi0007.DBF
QLFS,10QLFS,F,SM,00,59,40,372.57,426,393.36,401.45,21.841670,13.201620,500.00,cifi0007.DBF
QLFS,10QLFS,F,SM,00,59,41,378.92,431,399.24,407.22,21.841670,13.201620,500.00,cifi0007.DBF
QLFS,10QLFS,F,SM,00,59,42,385.12,435,404.96,413.02,21.841670,13.201620,500.00,cifi0007.DBF
QLFS,10QLFS,F,SM,00,59,43,391.16,438,410.53,418.66,21.841670,13.201620,500.00,cifi0007.DBF
QLFS,10QLFS,F,SM,00,59,44,397.06,442,415.96,424.16,21.841670,13.201620,500.00,cifi0007.DBF
QLFS,10QLFS,F,SM,00,59,45,402.90,446,421.31,429.55,21.841670,13.201620,500.00,cifi0007.DBF
QLFS,10QLFS,F,SM,00,59,46,408.51,449,426.45,434.80,21.841670,13.201620,500.00,cifi0007.DBF
QLFS,10QLFS,F,SM,00,59,47,413.64,452,431.13,439.71,21.841670,13.201620,500.00,cifi0007.DBF
QLFS,10QLFS,F,SM,00,59,48,418.33,455,435.41,444.19,21.841670,13.201620,500.00,cifi0007.DBF
QLFS,10QLFS,F,SM,00,59,49,422.63,458,439.33,448.29,21.841670,13.201620,500.00,cifi0007.DBF
QLFS,10QLFS,F,SM,00,59,50,426.59,460,442.92,452.05,21.841670,13.201620,500.00,cifi0007.DBF
QLFS,10QLFS,F,SM,00,59,51,430.15,462,446.16,455.46,21.841670,13.201620,500.00,cifi0007.DBF
QLFS,10QLFS,F,SM,00,59,52,433.33,464,449.04,458.52,21.841670,13.201620,500.00,cifi0007.DBF
QLFS,10QLFS,F,SM,00,59,53,436.20,466,451.65,461.27,21.841670,13.201620,500.00,cifi0007.DBF
QLFS,10QLFS,F,SM,00,59,54,439.00,467,454.19,463.84,21.841670,13.201620,500.00,cifi0007.DBF
QLFS,10QLFS,F,SM,00,59,55,441.97,469,456.86,466.45,21.841670,13.201620,500.00,cifi0007.DBF
QLFS,10QLFS,F,SM,00,59,56,444.60,471,459.24,468.97,21.841670,13.201620,500.00,cifi0007.DBF
QLFS,10QLFS,F,SM,00,59,57,447.10,472,461.50,471.29,21.841670,13.201620,500.00,cifi0007.DBF
QLFS,10QLFS,F,SM,00,59,58,449.52,473,463.68,473.51,21.841670,13.201620,500.00,cifi0007.DBF
QLFS,10QLFS,F,SM,00,59,59,451.82,475,465.71,475.61,21.841670,13.201620,500.00,cifi0007.DBF
QLFS,10QLFS,F,SM,00,59,60,456.16,477,469.14,478.35,21.841670,13.201620,500.00,cifi0007.DBF
QLFS,10QLFS,F,SM,00,59,61,500.00,500,500.00,495.49,21.841670,13.201620,500.00,cifi0007.DBF
QLFS,10QLFS,F,SM,00,60,1,0.00,0,0.00,7.14,14.273090,14.273090,1000.00,cifi0007.DBF
QLFS,10QLFS,F,SM,00,60,2,0.00,0,7.35,14.89,22.424240,14.273090,1000.00,cifi0007.DBF
QLFS,10QLFS,F,SM,00,60,3,0.00,0,13.81,21.79,22.424240,14.273090,1000.00,cifi0007.DBF
QLFS,10QLFS,F,SM,00,60,4,0.00,0,19.30,27.77,22.424240,14.273090,1000.00,cifi0007.DBF
QLFS,10QLFS,F,SM,00,60,5,0.00,0,23.70,32.72,22.424240,14.273090,1000.00,cifi0007.DBF
QLFS,10QLFS,F,SM,00,60,6,10.06,20,37.80,41.97,22.424240,14.273090,500.00,cifi0007.DBF
QLFS,10QLFS,F,SM,00,60,7,23.68,44,51.96,56.09,22.424240,14.273090,500.00,cifi0007.DBF
QLFS,10QLFS,F,SM,00,60,8,37.40,68,66.14,70.26,22.424240,14.273090,500.00,cifi0007.DBF
QLFS,10QLFS,F,SM,00,60,9,51.18,91,80.31,84.44,22.424240,14.273090,500.00,cifi0007.DBF
QLFS,10QLFS,F,SM,00,60,10,65.01,113,94.46,98.60,22.424240,14.273090,500.00,cifi0007.DBF
QLFS,10QLFS,F,SM,00,60,11,78.83,134,108.53,112.70,22.424240,14.273090,500.00,cifi0007.DBF
QLFS,10QLFS,F,SM,00,60,12,92.58,153,122.46,126.70,22.424240,14.273090,500.00,cifi0007.DBF
QLFS,10QLFS,F,SM,00,60,13,106.24,172,136.24,140.56,22.424240,14.273090,500.00,cifi0007.DBF
QLFS,10QLFS,F,SM,00,60,14,119.77,190,149.83,154.25,22.424240,14.273090,500.00,cifi0007.DBF
QLFS,10QLFS,F,SM,00,60,15,133.21,207,163.26,167.76,22.424240,14.273090,500.00,cifi0007.DBF
QLFS,10QLFS,F,SM,00,60,16,146.57,223,176.56,181.12,22.424240,14.273090,500.00,cifi0007.DBF
QLFS,10QLFS,F,SM,00,60,17,159.84,239,189.71,194.35,22.424240,14.273090,500.00,cifi0007.DBF
QLFS,10QLFS,F,SM,00,60,18,173.02,254,202.71,207.42,22.424240,14.273090,500.00,cifi0007.DBF
QLFS,10QLFS,F,SM,00,60,19,186.10,268,215.55,220.34,22.424240,14.273090,500.00,cifi0007.DBF
QLFS,10QLFS,F,SM,00,60,20,199.09,281,228.25,233.11,22.424240,14.273090,500.00,cifi0007.DBF
QLFS,10QLFS,F,SM,00,60,21,211.75,294,240.56,245.62,22.424240,14.273090,500.00,cifi0007.DBF
QLFS,10QLFS,F,SM,00,60,22,223.79,306,252.25,257.62,22.424240,14.273090,500.00,cifi0007.DBF
QLFS,10QLFS,F,SM,00,60,23,235.26,317,263.34,269.01,22.424240,14.273090,500.00,cifi0007.DBF
QLFS,10QLFS,F,SM,00,60,24,246.21,327,273.91,279.84,22.424240,14.273090,500.00,cifi0007.DBF
QLFS,10QLFS,F,SM,00,60,25,256.68,336,283.98,290.16,22.424240,14.273090,500.00,cifi0007.DBF
QLFS,10QLFS,F,SM,00,60,26,266.91,345,293.79,300.10,22.424240,14.273090,500.00,cifi0007.DBF
QLFS,10QLFS,F,SM,00,60,27,276.74,354,303.19,309.70,22.424240,14.273090,500.00,cifi0007.DBF
QLFS,10QLFS,F,SM,00,60,28,285.79,361,311.84,318.73,22.424240,14.273090,500.00,cifi0007.DBF
QLFS,10QLFS,F,SM,00,60,29,294.12,368,319.78,327.02,22.424240,14.273090,500.00,cifi0007.DBF
QLFS,10QLFS,F,SM,00,60,30,301.96,374,327.26,334.73,22.424240,14.273090,500.00,cifi0007.DBF
QLFS,10QLFS,F,SM,00,60,31,310.36,381,335.23,342.46,22.424240,14.273090,500.00,cifi0007.DBF
QLFS,10QLFS,F,SM,00,60,32,319.75,388,344.08,350.87,22.424240,14.273090,500.00,cifi0007.DBF
QLFS,10QLFS,F,SM,00,60,33,329.42,395,353.15,359.83,22.424240,14.273090,500.00,cifi0007.DBF
QLFS,10QLFS,F,SM,00,60,34,338.87,402,361.97,368.77,22.424240,14.273090,500.00,cifi0007.DBF
QLFS,10QLFS,F,SM,00,60,35,347.31,408,369.84,377.12,22.424240,14.273090,500.00,cifi0007.DBF
QLFS,10QLFS,F,SM,00,60,36,354.18,413,376.24,384.26,22.424240,14.273090,500.00,cifi0007.DBF
QLFS,10QLFS,F,SM,00,60,37,359.48,417,381.20,389.93,22.424240,14.273090,500.00,cifi0007.DBF
QLFS,10QLFS,F,SM,00,60,38,364.50,420,385.90,394.76,22.424240,14.273090,500.00,cifi0007.DBF
QLFS,10QLFS,F,SM,00,60,39,370.68,424,391.64,399.98,22.424240,14.273090,500.00,cifi0007.DBF
QLFS,10QLFS,F,SM,00,60,40,377.13,429,397.61,405.83,22.424240,14.273090,500.00,cifi0007.DBF
QLFS,10QLFS,F,SM,00,60,41,383.41,433,403.41,411.72,22.424240,14.273090,500.00,cifi0007.DBF
QLFS,10QLFS,F,SM,00,60,42,389.55,437,409.06,417.45,22.424240,14.273090,500.00,cifi0007.DBF
QLFS,10QLFS,F,SM,00,60,43,395.54,441,414.57,423.03,22.424240,14.273090,500.00,cifi0007.DBF
QLFS,10QLFS,F,SM,00,60,44,401.46,444,420.00,428.50,22.424240,14.273090,500.00,cifi0007.DBF
QLFS,10QLFS,F,SM,00,60,45,407.16,448,425.22,433.82,22.424240,14.273090,500.00,cifi0007.DBF
QLFS,10QLFS,F,SM,00,60,46,412.36,451,429.98,438.81,22.424240,14.273090,500.00,cifi0007.DBF
QLFS,10QLFS,F,SM,00,60,47,417.12,454,434.32,443.36,22.424240,14.273090,500.00,cifi0007.DBF
QLFS,10QLFS,F,SM,00,60,48,421.49,457,438.29,447.52,22.424240,14.273090,500.00,cifi0007.DBF
QLFS,10QLFS,F,SM,00,60,49,425.50,459,441.94,451.33,22.424240,14.273090,500.00,cifi0007.DBF
QLFS,10QLFS,F,SM,00,60,50,429.12,461,445.23,454.80,22.424240,14.273090,500.00,cifi0007.DBF
QLFS,10QLFS,F,SM,00,60,51,432.34,463,448.15,457.90,22.424240,14.273090,500.00,cifi0007.DBF
QLFS,10QLFS,F,SM,00,60,52,435.26,465,450.80,460.69,22.424240,14.273090,500.00,cifi0007.DBF
QLFS,10QLFS,F,SM,00,60,53,438.10,467,453.37,463.30,22.424240,14.273090,500.00,cifi0007.DBF
QLFS,10QLFS,F,SM,00,60,54,441.11,468,456.09,465.94,22.424240,14.273090,500.00,cifi0007.DBF
QLFS,10QLFS,F,SM,00,60,55,443.78,470,458.50,468.51,22.424240,14.273090,500.00,cifi0007.DBF
QLFS,10QLFS,F,SM,00,60,56,446.32,471,460.80,470.86,22.424240,14.273090,500.00,cifi0007.DBF
QLFS,10QLFS,F,SM,00,60,57,448.77,473,463.00,473.11,22.424240,14.273090,500.00,cifi0007.DBF
QLFS,10QLFS,F,SM,00,60,58,451.11,474,465.07,475.25,22.424240,14.273090,500.00,cifi0007.DBF
QLFS,10QLFS,F,SM,00,60,59,455.51,477,468.56,478.03,22.424240,14.273090,500.00,cifi0007.DBF
QLFS,10QLFS,F,SM,00,60,60,500.00,500,500.00,495.49,22.424240,14.273090,500.00,cifi0007.DBF
