cfic_plan,ql_plan,gender,uwclass,band,issue_age,policy_year,cash_value,pup_ins,term_rsv,mean_rsv,rl_netprem,fy_netprem,death_ben,source_file
P9FJ,10P9FJ,F,00,00,0,1,0.00,0,0.00,0.23,0.000000,0.460000,1000.00,cifi0007.DBF
P9FJ,10P9FJ,F,00,00,0,2,0.00,0,0.00,2.01,2.140000,0.460000,1000.00,cifi0007.DBF
P9FJ,10P9FJ,F,00,00,0,3,0.00,0,0.00,3.97,2.140000,0.460000,1000.00,cifi0007.DBF
P9FJ,10P9FJ,F,00,00,0,4,0.00,0,0.00,6.09,2.140000,0.460000,1000.00,cifi0007.DBF
P9FJ,10P9FJ,F,00,00,0,5,0.00,0,0.00,8.33,2.140000,0.460000,1000.00,cifi0007.DBF
P9FJ,10P9FJ,F,00,00,0,6,0.00,0,0.00,10.66,2.140000,0.460000,1000.00,cifi0007.DBF
P9FJ,10P9FJ,F,00,00,0,7,0.00,0,0.00,13.10,2.140000,0.460000,1000.00,cifi0007.DBF
P9FJ,10P9FJ,F,00,00,0,8,0.00,0,0.00,15.62,2.140000,0.460000,1000.00,cifi0007.DBF
P9FJ,10P9FJ,F,00,00,0,9,1.30,33,0.00,18.22,2.140000,0.460000,1000.00,cifi0007.DBF
P9FJ,10P9FJ,F,00,00,0,10,3.18,76,0.00,20.93,2.140000,0.460000,1000.00,cifi0007.DBF
P9FJ,10P9FJ,F,00,00,0,11,5.15,118,0.00,23.74,2.140000,0.460000,1000.00,cifi0007.DBF
P9FJ,10P9FJ,F,00,00,0,12,7.20,158,0.00,26.66,2.140000,0.460000,1000.00,cifi0007.DBF
P9FJ,10P9FJ,F,00,00,0,13,9.32,195,0.00,29.67,2.140000,0.460000,1000.00,cifi0007.DBF
P9FJ,10P9FJ,F,00,00,0,14,11.52,231,0.00,32.76,2.140000,0.460000,1000.00,cifi0007.DBF
P9FJ,10P9FJ,F,00,00,0,15,13.79,265,0.00,35.96,2.140000,0.460000,1000.00,cifi0007.DBF
P9FJ,10P9FJ,F,00,00,0,16,16.18,297,0.00,39.26,2.140000,0.460000,1000.00,cifi0007.DBF
P9FJ,10P9FJ,F,00,00,0,17,18.63,328,0.00,42.68,2.140000,0.460000,1000.00,cifi0007.DBF
P9FJ,10P9FJ,F,00,00,0,18,21.19,358,0.00,46.19,2.140000,0.460000,1000.00,cifi0007.DBF
P9FJ,10P9FJ,F,00,00,0,19,23.86,386,0.00,49.83,2.140000,0.460000,1000.00,cifi0007.DBF
P9FJ,10P9FJ,F,00,00,0,20,26.65,413,0.00,53.60,2.140000,0.460000,1000.00,cifi0007.DBF
P9FJ,10P9FJ,F,00,00,0,21,29.57,440,0.00,57.50,2.140000,0.460000,1000.00,cifi0007.DBF
P9FJ,10P9FJ,F,00,00,0,22,32.62,465,0.00,61.56,2.140000,0.460000,1000.00,cifi0007.DBF
P9FJ,10P9FJ,F,00,00,0,23,35.82,489,0.00,65.77,2.140000,0.460000,1000.00,cifi0007.DBF
P9FJ,10P9FJ,F,00,00,0,24,39.17,512,0.00,70.14,2.140000,0.460000,1000.00,cifi0007.DBF
P9FJ,10P9FJ,F,00,00,0,25,42.68,534,0.00,74.68,2.140000,0.460000,1000.00,cifi0007.DBF
P9FJ,10P9FJ,F,00,00,0,26,46.36,556,0.00,79.39,2.140000,0.460000,1000.00,cifi0007.DBF
P9FJ,10P9FJ,F,00,00,0,27,50.20,576,0.00,84.28,2.140000,0.460000,1000.00,cifi0007.DBF
P9FJ,10P9FJ,F,00,00,0,28,54.20,596,0.00,89.33,2.140000,0.460000,1000.00,cifi0007.DBF
P9FJ,10P9FJ,F,00,00,0,29,58.39,615,0.00,94.57,2.140000,0.460000,1000.00,cifi0007.DBF
P9FJ,10P9FJ,F,00,00,0,30,62.75,633,0.00,100.00,2.140000,0.460000,1000.00,cifi0007.DBF
P9FJ,10P9FJ,F,00,00,0,31,67.32,650,0.00,105.62,2.140000,0.460000,1000.00,cifi0007.DBF
P9FJ,10P9FJ,F,00,00,0,32,72.08,667,0.00,111.45,2.140000,0.460000,1000.00,cifi0007.DBF
P9FJ,10P9FJ,F,00,00,0,33,77.04,682,0.00,117.47,2.140000,0.460000,1000.00,cifi0007.DBF
P9FJ,10P9FJ,F,00,00,0,34,82.23,698,0.00,123.71,2.140000,0.460000,1000.00,cifi0007.DBF
P9FJ,10P9FJ,F,00,00,0,35,87.61,712,0.00,130.15,2.140000,0.460000,1000.00,cifi0007.DBF
P9FJ,10P9FJ,F,00,00,0,36,93.21,726,0.00,136.81,2.140000,0.460000,1000.00,cifi0007.DBF
P9FJ,10P9FJ,F,00,00,0,37,99.04,739,0.00,143.68,2.140000,0.460000,1000.00,cifi0007.DBF
P9FJ,10P9FJ,F,00,00,0,38,105.10,752,0.00,150.77,2.140000,0.460000,1000.00,cifi0007.DBF
P9FJ,10P9FJ,F,00,00,0,39,111.43,764,0.00,158.10,2.140000,0.460000,1000.00,cifi0007.DBF
P9FJ,10P9FJ,F,00,00,0,40,118.03,775,0.00,165.69,2.140000,0.460000,1000.00,cifi0007.DBF
P9FJ,10P9FJ,F,00,00,0,41,124.91,786,0.00,173.54,2.140000,0.460000,1000.00,cifi0007.DBF
P9FJ,10P9FJ,F,00,00,0,42,132.08,797,0.00,181.66,2.140000,0.460000,1000.00,cifi0007.DBF
P9FJ,10P9FJ,F,00,00,0,43,139.54,807,0.00,190.05,2.140000,0.460000,1000.00,cifi0007.DBF
P9FJ,10P9FJ,F,00,00,0,44,147.31,817,0.00,198.71,2.140000,0.460000,1000.00,cifi0007.DBF
P9FJ,10P9FJ,F,00,00,0,45,155.38,826,0.00,207.65,2.140000,0.460000,1000.00,cifi0007.DBF
P9FJ,10P9FJ,F,00,00,0,46,163.74,835,0.00,216.86,2.140000,0.460000,1000.00,cifi0007.DBF
P9FJ,10P9FJ,F,00,00,0,47,172.40,843,0.00,226.33,2.140000,0.460000,1000.00,cifi0007.DBF
P9FJ,10P9FJ,F,00,00,0,48,181.36,851,0.00,236.06,2.140000,0.460000,1000.00,cifi0007.DBF
P9FJ,10P9FJ,F,00,00,0,49,190.60,859,0.00,246.05,2.140000,0.460000,1000.00,cifi0007.DBF
P9FJ,10P9FJ,F,00,00,0,50,200.13,866,0.00,256.28,2.140000,0.460000,1000.00,cifi0007.DBF
P9FJ,10P9FJ,F,00,00,0,51,209.94,873,0.00,266.76,2.140000,0.460000,1000.00,cifi0007.DBF
P9FJ,10P9FJ,F,00,00,0,52,220.03,879,0.00,277.47,2.140000,0.460000,1000.00,cifi0007.DBF
P9FJ,10P9FJ,F,00,00,0,53,230.39,885,0.00,288.41,2.140000,0.460000,1000.00,cifi0007.DBF
P9FJ,10P9FJ,F,00,00,0,54,241.01,891,0.00,299.57,2.140000,0.460000,1000.00,cifi0007.DBF
P9FJ,10P9FJ,F,00,00,0,55,251.90,897,0.00,310.94,2.140000,0.460000,1000.00,cifi0007.DBF
P9FJ,10P9FJ,F,00,00,0,56,263.08,902,0.00,322.54,2.140000,0.460000,1000.00,cifi0007.DBF
P9FJ,10P9FJ,F,00,00,0,57,274.50,907,0.00,334.34,2.140000,0.460000,1000.00,cifi0007.DBF
P9FJ,10P9FJ,F,00,00,0,58,286.18,912,0.00,346.34,2.140000,0.460000,1000.00,cifi0007.DBF
P9FJ,10P9FJ,F,00,00,0,59,298.12,917,0.00,358.54,2.140000,0.460000,1000.00,cifi0007.DBF
P9FJ,10P9FJ,F,00,00,0,60,310.35,921,0.00,370.94,2.140000,0.460000,1000.00,cifi0007.DBF
P9FJ,10P9FJ,F,00,00,0,61,322.88,925,0.00,383.58,2.140000,0.460000,1000.00,cifi0007.DBF
P9FJ,10P9FJ,F,00,00,0,62,335.72,929,0.00,396.45,2.140000,0.460000,1000.00,cifi0007.DBF
P9FJ,10P9FJ,F,00,00,0,63,348.85,933,0.00,409.54,2.140000,0.460000,1000.00,cifi0007.DBF
P9FJ,10P9FJ,F,00,00,0,64,362.30,936,0.00,422.86,2.140000,0.460000,1000.00,cifi0007.DBF
P9FJ,10P9FJ,F,00,00,0,65,376.08,940,0.00,436.42,2.140000,0.460000,1000.00,cifi0007.DBF
P9FJ,10P9FJ,F,00,00,0,66,390.17,943,0.00,450.22,2.140000,0.460000,1000.00,cifi0007.DBF
P9FJ,10P9FJ,F,00,00,0,67,404.57,946,0.00,464.23,2.140000,0.460000,1000.00,cifi0007.DBF
P9FJ,10P9FJ,F,00,00,0,68,419.26,949,0.00,478.45,2.140000,0.460000,1000.00,cifi0007.DBF
P9FJ,10P9FJ,F,00,00,0,69,434.23,952,0.00,492.87,2.140000,0.460000,1000.00,cifi0007.DBF
P9FJ,10P9FJ,F,00,00,0,70,449.47,955,0.00,507.47,2.140000,0.460000,1000.00,cifi0007.DBF
P9FJ,10P9FJ,F,00,00,0,71,464.97,958,0.00,522.24,2.140000,0.460000,1000.00,cifi0007.DBF
P9FJ,10P9FJ,F,00,00,0,72,480.68,960,0.00,537.15,2.140000,0.460000,1000.00,cifi0007.DBF
P9FJ,10P9FJ,F,00,00,0,73,496.57,963,0.00,552.16,2.140000,0.460000,1000.00,cifi0007.DBF
P9FJ,10P9FJ,F,00,00,0,74,512.63,965,0.00,567.25,2.140000,0.460000,1000.00,cifi0007.DBF
P9FJ,10P9FJ,F,00,00,0,75,528.84,967,0.00,582.41,2.140000,0.460000,1000.00,cifi0007.DBF
P9FJ,10P9FJ,F,00,00,0,76,545.20,969,0.00,597.63,2.140000,0.460000,1000.00,cifi0007.DBF
P9FJ,10P9FJ,F,00,00,0,77,561.67,971,0.00,612.89,2.140000,0.460000,1000.00,cifi0007.DBF
P9FJ,10P9FJ,F,00,00,0,78,578.25,973,0.00,628.17,2.140000,0.460000,1000.00,cifi0007.DBF
P9FJ,10P9FJ,F,00,00,0,79,594.92,975,0.00,643.46,2.140000,0.460000,1000.00,cifi0007.DBF
P9FJ,10P9FJ,F,00,00,0,80,611.69,976,0.00,658.76,2.140000,0.460000,1000.00,cifi0007.DBF
P9FJ,10P9FJ,F,00,00,0,81,628.53,978,0.00,674.06,2.140000,0.460000,1000.00,cifi0007.DBF
P9FJ,10P9FJ,F,00,00,0,82,645.10,980,0.00,689.19,2.140000,0.460000,1000.00,cifi0007.DBF
P9FJ,10P9FJ,F,00,00,0,83,661.29,981,0.00,703.96,2.140000,0.460000,1000.00,cifi0007.DBF
P9FJ,10P9FJ,F,00,00,0,84,677.27,982,0.00,718.41,2.140000,0.460000,1000.00,cifi0007.DBF
P9FJ,10P9FJ,F,00,00,0,85,693.01,984,0.00,732.59,2.140000,0.460000,1000.00,cifi0007.DBF
P9FJ,10P9FJ,F,00,00,0,86,708.45,985,0.00,746.48,2.140000,0.460000,1000.00,cifi0007.DBF
P9FJ,10P9FJ,F,00,00,0,87,723.99,986,0.00,760.22,2.140000,0.460000,1000.00,cifi0007.DBF
P9FJ,10P9FJ,F,00,00,0,88,738.91,987,0.00,773.67,2.140000,0.460000,1000.00,cifi0007.DBF
P9FJ,10P9FJ,F,00,00,0,89,753.32,988,0.00,786.59,2.140000,0.460000,1000.00,cifi0007.DBF
P9FJ,10P9FJ,F,00,00,0,90,767.30,989,0.00,799.06,2.140000,0.460000,1000.00,cifi0007.DBF
P9FJ,10P9FJ,F,00,00,0,91,781.30,990,0.00,811.30,2.140000,0.460000,1000.00,cifi0007.DBF
P9FJ,10P9FJ,F,00,00,0,92,796.84,991,0.00,824.16,2.140000,0.460000,1000.00,cifi0007.DBF
P9FJ,10P9FJ,F,00,00,0,93,813.35,992,0.00,838.02,2.140000,0.460000,1000.00,cifi0007.DBF
P9FJ,10P9FJ,F,00,00,0,94,830.48,993,0.00,852.49,2.140000,0.460000,1000.00,cifi0007.DBF
P9FJ,10P9FJ,F,00,00,0,95,848.30,994,0.00,867.43,2.140000,0.460000,1000.00,cifi0007.DBF
P9FJ,10P9FJ,F,00,00,0,96,867.10,995,0.00,883.01,2.140000,0.460000,1000.00,cifi0007.DBF
P9FJ,10P9FJ,F,00,00,0,97,888.51,996,0.00,899.99,2.140000,0.460000,1000.00,cifi0007.DBF
P9FJ,10P9FJ,F,00,00,0,98,914.67,997,0.00,919.93,2.140000,0.460000,1000.00,cifi0007.DBF
P9FJ,10P9FJ,F,00,00,0,99,950.45,998,0.00,945.66,2.140000,0.460000,1000.00,cifi0007.DBF
P9FJ,10P9FJ,F,00,00,1,1,0.00,0,0.00,0.17,0.000000,0.340000,1000.00,cifi0007.DBF
P9FJ,10P9FJ,F,00,00,1,2,0.00,0,0.00,2.13,2.220000,0.340000,1000.00,cifi0007.DBF
P9FJ,10P9FJ,F,00,00,1,3,0.00,0,0.00,4.25,2.220000,0.340000,1000.00,cifi0007.DBF
P9FJ,10P9FJ,F,00,00,1,4,0.00,0,0.00,6.49,2.220000,0.340000,1000.00,cifi0007.DBF
P9FJ,10P9FJ,F,00,00,1,5,0.00,0,0.00,8.84,2.220000,0.340000,1000.00,cifi0007.DBF
P9FJ,10P9FJ,F,00,00,1,6,0.00,0,0.00,11.27,2.220000,0.340000,1000.00,cifi0007.DBF
P9FJ,10P9FJ,F,00,00,1,7,0.00,0,0.00,13.80,2.220000,0.340000,1000.00,cifi0007.DBF
P9FJ,10P9FJ,F,00,00,1,8,0.30,8,0.00,16.41,2.220000,0.340000,1000.00,cifi0007.DBF
P9FJ,10P9FJ,F,00,00,1,9,2.18,52,0.00,19.12,2.220000,0.340000,1000.00,cifi0007.DBF
P9FJ,10P9FJ,F,00,00,1,10,4.15,95,0.00,21.94,2.220000,0.340000,1000.00,cifi0007.DBF
P9FJ,10P9FJ,F,00,00,1,11,6.21,136,0.00,24.86,2.220000,0.340000,1000.00,cifi0007.DBF
P9FJ,10P9FJ,F,00,00,1,12,8.33,174,0.00,27.88,2.220000,0.340000,1000.00,cifi0007.DBF
P9FJ,10P9FJ,F,00,00,1,13,10.52,211,0.00,30.98,2.220000,0.340000,1000.00,cifi0007.DBF
P9FJ,10P9FJ,F,00,00,1,14,12.80,246,0.00,34.18,2.220000,0.340000,1000.00,cifi0007.DBF
P9FJ,10P9FJ,F,00,00,1,15,15.19,279,0.00,37.49,2.220000,0.340000,1000.00,cifi0007.DBF
P9FJ,10P9FJ,F,00,00,1,16,17.65,311,0.00,40.91,2.220000,0.340000,1000.00,cifi0007.DBF
P9FJ,10P9FJ,F,00,00,1,17,20.21,341,0.00,44.43,2.220000,0.340000,1000.00,cifi0007.DBF
P9FJ,10P9FJ,F,00,00,1,18,22.88,370,0.00,48.07,2.220000,0.340000,1000.00,cifi0007.DBF
P9FJ,10P9FJ,F,00,00,1,19,25.67,398,0.00,51.85,2.220000,0.340000,1000.00,cifi0007.DBF
P9FJ,10P9FJ,F,00,00,1,20,28.59,425,0.00,55.76,2.220000,0.340000,1000.00,cifi0007.DBF
P9FJ,10P9FJ,F,00,00,1,21,31.65,451,0.00,59.83,2.220000,0.340000,1000.00,cifi0007.DBF
P9FJ,10P9FJ,F,00,00,1,22,34.85,476,0.00,64.04,2.220000,0.340000,1000.00,cifi0007.DBF
P9FJ,10P9FJ,F,00,00,1,23,38.21,499,0.00,68.42,2.220000,0.340000,1000.00,cifi0007.DBF
P9FJ,10P9FJ,F,00,00,1,24,41.72,522,0.00,72.97,2.220000,0.340000,1000.00,cifi0007.DBF
P9FJ,10P9FJ,F,00,00,1,25,45.41,544,0.00,77.69,2.220000,0.340000,1000.00,cifi0007.DBF
P9FJ,10P9FJ,F,00,00,1,26,49.25,565,0.00,82.59,2.220000,0.340000,1000.00,cifi0007.DBF
P9FJ,10P9FJ,F,00,00,1,27,53.25,585,0.00,87.65,2.220000,0.340000,1000.00,cifi0007.DBF
P9FJ,10P9FJ,F,00,00,1,28,57.44,605,0.00,92.90,2.220000,0.340000,1000.00,cifi0007.DBF
P9FJ,10P9FJ,F,00,00,1,29,61.81,623,0.00,98.34,2.220000,0.340000,1000.00,cifi0007.DBF
P9FJ,10P9FJ,F,00,00,1,30,66.38,641,0.00,103.97,2.220000,0.340000,1000.00,cifi0007.DBF
P9FJ,10P9FJ,F,00,00,1,31,71.15,658,0.00,109.81,2.220000,0.340000,1000.00,cifi0007.DBF
P9FJ,10P9FJ,F,00,00,1,32,76.12,674,0.00,115.85,2.220000,0.340000,1000.00,cifi0007.DBF
P9FJ,10P9FJ,F,00,00,1,33,81.31,690,0.00,122.09,2.220000,0.340000,1000.00,cifi0007.DBF
P9FJ,10P9FJ,F,00,00,1,34,86.70,705,0.00,128.55,2.220000,0.340000,1000.00,cifi0007.DBF
P9FJ,10P9FJ,F,00,00,1,35,92.30,719,0.00,135.22,2.220000,0.340000,1000.00,cifi0007.DBF
P9FJ,10P9FJ,F,00,00,1,36,98.14,732,0.00,142.10,2.220000,0.340000,1000.00,cifi0007.DBF
P9FJ,10P9FJ,F,00,00,1,37,104.20,745,0.00,149.20,2.220000,0.340000,1000.00,cifi0007.DBF
P9FJ,10P9FJ,F,00,00,1,38,110.54,757,0.00,156.55,2.220000,0.340000,1000.00,cifi0007.DBF
P9FJ,10P9FJ,F,00,00,1,39,117.15,769,0.00,164.16,2.220000,0.340000,1000.00,cifi0007.DBF
P9FJ,10P9FJ,F,00,00,1,40,124.03,781,0.00,172.02,2.220000,0.340000,1000.00,cifi0007.DBF
P9FJ,10P9FJ,F,00,00,1,41,131.21,792,0.00,180.15,2.220000,0.340000,1000.00,cifi0007.DBF
P9FJ,10P9FJ,F,00,00,1,42,138.68,802,0.00,188.56,2.220000,0.340000,1000.00,cifi0007.DBF
P9FJ,10P9FJ,F,00,00,1,43,146.45,812,0.00,197.24,2.220000,0.340000,1000.00,cifi0007.DBF
P9FJ,10P9FJ,F,00,00,1,44,154.53,821,0.00,206.19,2.220000,0.340000,1000.00,cifi0007.DBF
P9FJ,10P9FJ,F,00,00,1,45,162.90,830,0.00,215.42,2.220000,0.340000,1000.00,cifi0007.DBF
P9FJ,10P9FJ,F,00,00,1,46,171.57,839,0.00,224.91,2.220000,0.340000,1000.00,cifi0007.DBF
P9FJ,10P9FJ,F,00,00,1,47,180.53,847,0.00,234.66,2.220000,0.340000,1000.00,cifi0007.DBF
P9FJ,10P9FJ,F,00,00,1,48,189.78,855,0.00,244.66,2.220000,0.340000,1000.00,cifi0007.DBF
P9FJ,10P9FJ,F,00,00,1,49,199.32,862,0.00,254.92,2.220000,0.340000,1000.00,cifi0007.DBF
P9FJ,10P9FJ,F,00,00,1,50,209.15,869,0.00,265.41,2.220000,0.340000,1000.00,cifi0007.DBF
P9FJ,10P9FJ,F,00,00,1,51,219.25,876,0.00,276.15,2.220000,0.340000,1000.00,cifi0007.DBF
P9FJ,10P9FJ,F,00,00,1,52,229.61,882,0.00,287.10,2.220000,0.340000,1000.00,cifi0007.DBF
P9FJ,10P9FJ,F,00,00,1,53,240.25,888,0.00,298.28,2.220000,0.340000,1000.00,cifi0007.DBF
P9FJ,10P9FJ,F,00,00,1,54,251.15,894,0.00,309.68,2.220000,0.340000,1000.00,cifi0007.DBF
P9FJ,10P9FJ,F,00,00,1,55,262.34,900,0.00,321.30,2.220000,0.340000,1000.00,cifi0007.DBF
P9FJ,10P9FJ,F,00,00,1,56,273.77,905,0.00,333.12,2.220000,0.340000,1000.00,cifi0007.DBF
P9FJ,10P9FJ,F,00,00,1,57,285.46,910,0.00,345.14,2.220000,0.340000,1000.00,cifi0007.DBF
P9FJ,10P9FJ,F,00,00,1,58,297.42,914,0.00,357.36,2.220000,0.340000,1000.00,cifi0007.DBF
P9FJ,10P9FJ,F,00,00,1,59,309.66,919,0.00,369.80,2.220000,0.340000,1000.00,cifi0007.DBF
P9FJ,10P9FJ,F,00,00,1,60,322.20,923,0.00,382.46,2.220000,0.340000,1000.00,cifi0007.DBF
P9FJ,10P9FJ,F,00,00,1,61,335.05,927,0.00,395.35,2.220000,0.340000,1000.00,cifi0007.DBF
P9FJ,10P9FJ,F,00,00,1,62,348.20,931,0.00,408.46,2.220000,0.340000,1000.00,cifi0007.DBF
P9FJ,10P9FJ,F,00,00,1,63,361.66,935,0.00,421.81,2.220000,0.340000,1000.00,cifi0007.DBF
P9FJ,10P9FJ,F,00,00,1,64,375.46,938,0.00,435.40,2.220000,0.340000,1000.00,cifi0007.DBF
P9FJ,10P9FJ,F,00,00,1,65,389.56,942,0.00,449.22,2.220000,0.340000,1000.00,cifi0007.DBF
P9FJ,10P9FJ,F,00,00,1,66,403.97,945,0.00,463.26,2.220000,0.340000,1000.00,cifi0007.DBF
P9FJ,10P9FJ,F,00,00,1,67,418.68,948,0.00,477.51,2.220000,0.340000,1000.00,cifi0007.DBF
P9FJ,10P9FJ,F,00,00,1,68,433.66,951,0.00,491.95,2.220000,0.340000,1000.00,cifi0007.DBF
P9FJ,10P9FJ,F,00,00,1,69,448.92,954,0.00,506.58,2.220000,0.340000,1000.00,cifi0007.DBF
P9FJ,10P9FJ,F,00,00,1,70,464.44,957,0.00,521.38,2.220000,0.340000,1000.00,cifi0007.DBF
P9FJ,10P9FJ,F,00,00,1,71,480.16,959,0.00,536.31,2.220000,0.340000,1000.00,cifi0007.DBF
P9FJ,10P9FJ,F,00,00,1,72,496.06,962,0.00,551.35,2.220000,0.340000,1000.00,cifi0007.DBF
P9FJ,10P9FJ,F,00,00,1,73,512.14,964,0.00,566.47,2.220000,0.340000,1000.00,cifi0007.DBF
P9FJ,10P9FJ,F,00,00,1,74,528.37,966,0.00,581.66,2.220000,0.340000,1000.00,cifi0007.DBF
P9FJ,10P9FJ,F,00,00,1,75,544.74,968,0.00,596.91,2.220000,0.340000,1000.00,cifi0007.DBF
P9FJ,10P9FJ,F,00,00,1,76,561.23,970,0.00,612.20,2.220000,0.340000,1000.00,cifi0007.DBF
P9FJ,10P9FJ,F,00,00,1,77,577.82,972,0.00,627.51,2.220000,0.340000,1000.00,cifi0007.DBF
P9FJ,10P9FJ,F,00,00,1,78,594.51,974,0.00,642.83,2.220000,0.340000,1000.00,cifi0007.DBF
P9FJ,10P9FJ,F,00,00,1,79,611.30,976,0.00,658.15,2.220000,0.340000,1000.00,cifi0007.DBF
P9FJ,10P9FJ,F,00,00,1,80,628.16,977,0.00,673.48,2.220000,0.340000,1000.00,cifi0007.DBF
P9FJ,10P9FJ,F,00,00,1,81,644.74,979,0.00,688.64,2.220000,0.340000,1000.00,cifi0007.DBF
P9FJ,10P9FJ,F,00,00,1,82,660.95,980,0.00,703.44,2.220000,0.340000,1000.00,cifi0007.DBF
P9FJ,10P9FJ,F,00,00,1,83,676.94,982,0.00,717.91,2.220000,0.340000,1000.00,cifi0007.DBF
P9FJ,10P9FJ,F,00,00,1,84,692.70,983,0.00,732.13,2.220000,0.340000,1000.00,cifi0007.DBF
P9FJ,10P9FJ,F,00,00,1,85,708.16,984,0.00,746.04,2.220000,0.340000,1000.00,cifi0007.DBF
P9FJ,10P9FJ,F,00,00,1,86,723.71,985,0.00,759.80,2.220000,0.340000,1000.00,cifi0007.DBF
P9FJ,10P9FJ,F,00,00,1,87,738.65,987,0.00,773.28,2.220000,0.340000,1000.00,cifi0007.DBF
P9FJ,10P9FJ,F,00,00,1,88,753.08,988,0.00,786.23,2.220000,0.340000,1000.00,cifi0007.DBF
P9FJ,10P9FJ,F,00,00,1,89,767.06,989,0.00,798.71,2.220000,0.340000,1000.00,cifi0007.DBF
P9FJ,10P9FJ,F,00,00,1,90,781.08,989,0.00,810.98,2.220000,0.340000,1000.00,cifi0007.DBF
P9FJ,10P9FJ,F,00,00,1,91,796.63,990,0.00,823.86,2.220000,0.340000,1000.00,cifi0007.DBF
P9FJ,10P9FJ,F,00,00,1,92,813.16,991,0.00,837.75,2.220000,0.340000,1000.00,cifi0007.DBF
P9FJ,10P9FJ,F,00,00,1,93,830.31,992,0.00,852.24,2.220000,0.340000,1000.00,cifi0007.DBF
P9FJ,10P9FJ,F,00,00,1,94,848.15,993,0.00,867.22,2.220000,0.340000,1000.00,cifi0007.DBF
P9FJ,10P9FJ,F,00,00,1,95,866.97,994,0.00,882.82,2.220000,0.340000,1000.00,cifi0007.DBF
P9FJ,10P9FJ,F,00,00,1,96,888.40,996,0.00,899.84,2.220000,0.340000,1000.00,cifi0007.DBF
P9FJ,10P9FJ,F,00,00,1,97,914.58,997,0.00,919.82,2.220000,0.340000,1000.00,cifi0007.DBF
P9FJ,10P9FJ,F,00,00,1,98,950.40,998,0.00,945.60,2.220000,0.340000,1000.00,cifi0007.DBF
P9FJ,10P9FJ,F,00,00,2,1,0.00,0,0.00,0.13,0.000000,0.250000,1000.00,cifi0007.DBF
P9FJ,10P9FJ,F,00,00,2,2,0.00,0,0.00,2.25,2.300000,0.250000,1000.00,cifi0007.DBF
P9FJ,10P9FJ,F,00,00,2,3,0.00,0,0.00,4.49,2.300000,0.250000,1000.00,cifi0007.DBF
P9FJ,10P9FJ,F,00,00,2,4,0.00,0,0.00,6.84,2.300000,0.250000,1000.00,cifi0007.DBF
P9FJ,10P9FJ,F,00,00,2,5,0.00,0,0.00,9.28,2.300000,0.250000,1000.00,cifi0007.DBF
P9FJ,10P9FJ,F,00,00,2,6,0.00,0,0.00,11.81,2.300000,0.250000,1000.00,cifi0007.DBF
P9FJ,10P9FJ,F,00,00,2,7,0.00,0,0.00,14.43,2.300000,0.250000,1000.00,cifi0007.DBF
P9FJ,10P9FJ,F,00,00,2,8,0.99,24,0.00,17.15,2.300000,0.250000,1000.00,cifi0007.DBF
P9FJ,10P9FJ,F,00,00,2,9,2.96,68,0.00,19.97,2.300000,0.250000,1000.00,cifi0007.DBF
P9FJ,10P9FJ,F,00,00,2,10,5.02,110,0.00,22.90,2.300000,0.250000,1000.00,cifi0007.DBF
P9FJ,10P9FJ,F,00,00,2,11,7.14,150,0.00,25.92,2.300000,0.250000,1000.00,cifi0007.DBF
P9FJ,10P9FJ,F,00,00,2,12,9.34,187,0.00,29.03,2.300000,0.250000,1000.00,cifi0007.DBF
P9FJ,10P9FJ,F,00,00,2,13,11.62,223,0.00,32.23,2.300000,0.250000,1000.00,cifi0007.DBF
P9FJ,10P9FJ,F,00,00,2,14,14.02,258,0.00,35.56,2.300000,0.250000,1000.00,cifi0007.DBF
P9FJ,10P9FJ,F,00,00,2,15,16.48,290,0.00,38.98,2.300000,0.250000,1000.00,cifi0007.DBF
P9FJ,10P9FJ,F,00,00,2,16,19.04,322,0.00,42.51,2.300000,0.250000,1000.00,cifi0007.DBF
P9FJ,10P9FJ,F,00,00,2,17,21.72,352,0.00,46.16,2.300000,0.250000,1000.00,cifi0007.DBF
P9FJ,10P9FJ,F,00,00,2,18,24.51,380,0.00,49.94,2.300000,0.250000,1000.00,cifi0007.DBF
P9FJ,10P9FJ,F,00,00,2,19,27.43,408,0.00,53.86,2.300000,0.250000,1000.00,cifi0007.DBF
P9FJ,10P9FJ,F,00,00,2,20,30.50,434,0.00,57.94,2.300000,0.250000,1000.00,cifi0007.DBF
P9FJ,10P9FJ,F,00,00,2,21,33.70,460,0.00,62.16,2.300000,0.250000,1000.00,cifi0007.DBF
P9FJ,10P9FJ,F,00,00,2,22,37.06,484,0.00,66.55,2.300000,0.250000,1000.00,cifi0007.DBF
P9FJ,10P9FJ,F,00,00,2,23,40.58,508,0.00,71.11,2.300000,0.250000,1000.00,cifi0007.DBF
P9FJ,10P9FJ,F,00,00,2,24,44.27,531,0.00,75.84,2.300000,0.250000,1000.00,cifi0007.DBF
P9FJ,10P9FJ,F,00,00,2,25,48.12,552,0.00,80.74,2.300000,0.250000,1000.00,cifi0007.DBF
P9FJ,10P9FJ,F,00,00,2,26,52.12,573,0.00,85.82,2.300000,0.250000,1000.00,cifi0007.DBF
P9FJ,10P9FJ,F,00,00,2,27,56.32,593,0.00,91.08,2.300000,0.250000,1000.00,cifi0007.DBF
P9FJ,10P9FJ,F,00,00,2,28,60.69,612,0.00,96.53,2.300000,0.250000,1000.00,cifi0007.DBF
P9FJ,10P9FJ,F,00,00,2,29,65.27,630,0.00,102.17,2.300000,0.250000,1000.00,cifi0007.DBF
P9FJ,10P9FJ,F,00,00,2,30,70.04,648,0.00,108.02,2.300000,0.250000,1000.00,cifi0007.DBF
P9FJ,10P9FJ,F,00,00,2,31,75.02,665,0.00,114.07,2.300000,0.250000,1000.00,cifi0007.DBF
P9FJ,10P9FJ,F,00,00,2,32,80.21,680,0.00,120.33,2.300000,0.250000,1000.00,cifi0007.DBF
P9FJ,10P9FJ,F,00,00,2,33,85.61,696,0.00,126.80,2.300000,0.250000,1000.00,cifi0007.DBF
P9FJ,10P9FJ,F,00,00,2,34,91.22,710,0.00,133.48,2.300000,0.250000,1000.00,cifi0007.DBF
P9FJ,10P9FJ,F,00,00,2,35,97.06,724,0.00,140.38,2.300000,0.250000,1000.00,cifi0007.DBF
P9FJ,10P9FJ,F,00,00,2,36,103.13,737,0.00,147.50,2.300000,0.250000,1000.00,cifi0007.DBF
P9FJ,10P9FJ,F,00,00,2,37,109.48,750,0.00,154.86,2.300000,0.250000,1000.00,cifi0007.DBF
P9FJ,10P9FJ,F,00,00,2,38,116.09,762,0.00,162.48,2.300000,0.250000,1000.00,cifi0007.DBF
P9FJ,10P9FJ,F,00,00,2,39,122.98,774,0.00,170.36,2.300000,0.250000,1000.00,cifi0007.DBF
P9FJ,10P9FJ,F,00,00,2,40,130.17,785,0.00,178.51,2.300000,0.250000,1000.00,cifi0007.DBF
P9FJ,10P9FJ,F,00,00,2,41,137.65,796,0.00,186.93,2.300000,0.250000,1000.00,cifi0007.DBF
P9FJ,10P9FJ,F,00,00,2,42,145.44,806,0.00,195.63,2.300000,0.250000,1000.00,cifi0007.DBF
P9FJ,10P9FJ,F,00,00,2,43,153.52,816,0.00,204.60,2.300000,0.250000,1000.00,cifi0007.DBF
P9FJ,10P9FJ,F,00,00,2,44,161.90,825,0.00,213.85,2.300000,0.250000,1000.00,cifi0007.DBF
P9FJ,10P9FJ,F,00,00,2,45,170.59,834,0.00,223.36,2.300000,0.250000,1000.00,cifi0007.DBF
P9FJ,10P9FJ,F,00,00,2,46,179.56,843,0.00,233.13,2.300000,0.250000,1000.00,cifi0007.DBF
P9FJ,10P9FJ,F,00,00,2,47,188.82,851,0.00,243.15,2.300000,0.250000,1000.00,cifi0007.DBF
P9FJ,10P9FJ,F,00,00,2,48,198.37,858,0.00,253.43,2.300000,0.250000,1000.00,cifi0007.DBF
P9FJ,10P9FJ,F,00,00,2,49,208.20,865,0.00,263.95,2.300000,0.250000,1000.00,cifi0007.DBF
P9FJ,10P9FJ,F,00,00,2,50,218.31,872,0.00,274.70,2.300000,0.250000,1000.00,cifi0007.DBF
P9FJ,10P9FJ,F,00,00,2,51,228.69,879,0.00,285.68,2.300000,0.250000,1000.00,cifi0007.DBF
P9FJ,10P9FJ,F,00,00,2,52,239.34,885,0.00,296.88,2.300000,0.250000,1000.00,cifi0007.DBF
P9FJ,10P9FJ,F,00,00,2,53,250.26,891,0.00,308.30,2.300000,0.250000,1000.00,cifi0007.DBF
P9FJ,10P9FJ,F,00,00,2,54,261.46,897,0.00,319.94,2.300000,0.250000,1000.00,cifi0007.DBF
P9FJ,10P9FJ,F,00,00,2,55,272.90,902,0.00,331.79,2.300000,0.250000,1000.00,cifi0007.DBF
P9FJ,10P9FJ,F,00,00,2,56,284.61,907,0.00,343.84,2.300000,0.250000,1000.00,cifi0007.DBF
P9FJ,10P9FJ,F,00,00,2,57,296.58,912,0.00,356.08,2.300000,0.250000,1000.00,cifi0007.DBF
P9FJ,10P9FJ,F,00,00,2,58,308.83,916,0.00,368.54,2.300000,0.250000,1000.00,cifi0007.DBF
P9FJ,10P9FJ,F,00,00,2,59,321.39,921,0.00,381.23,2.300000,0.250000,1000.00,cifi0007.DBF
P9FJ,10P9FJ,F,00,00,2,60,334.26,925,0.00,394.14,2.300000,0.250000,1000.00,cifi0007.DBF
P9FJ,10P9FJ,F,00,00,2,61,347.42,929,0.00,407.29,2.300000,0.250000,1000.00,cifi0007.DBF
P9FJ,10P9FJ,F,00,00,2,62,360.90,933,0.00,420.66,2.300000,0.250000,1000.00,cifi0007.DBF
P9FJ,10P9FJ,F,00,00,2,63,374.71,936,0.00,434.28,2.300000,0.250000,1000.00,cifi0007.DBF
P9FJ,10P9FJ,F,00,00,2,64,388.83,940,0.00,448.13,2.300000,0.250000,1000.00,cifi0007.DBF
P9FJ,10P9FJ,F,00,00,2,65,403.26,943,0.00,462.19,2.300000,0.250000,1000.00,cifi0007.DBF
P9FJ,10P9FJ,F,00,00,2,66,417.98,946,0.00,476.47,2.300000,0.250000,1000.00,cifi0007.DBF
P9FJ,10P9FJ,F,00,00,2,67,432.99,949,0.00,490.95,2.300000,0.250000,1000.00,cifi0007.DBF
P9FJ,10P9FJ,F,00,00,2,68,448.26,952,0.00,505.61,2.300000,0.250000,1000.00,cifi0007.DBF
P9FJ,10P9FJ,F,00,00,2,69,463.80,955,0.00,520.44,2.300000,0.250000,1000.00,cifi0007.DBF
P9FJ,10P9FJ,F,00,00,2,70,479.54,958,0.00,535.40,2.300000,0.250000,1000.00,cifi0007.DBF
P9FJ,10P9FJ,F,00,00,2,71,495.46,960,0.00,550.47,2.300000,0.250000,1000.00,cifi0007.DBF
P9FJ,10P9FJ,F,00,00,2,72,511.56,963,0.00,565.62,2.300000,0.250000,1000.00,cifi0007.DBF
P9FJ,10P9FJ,F,00,00,2,73,527.81,965,0.00,580.84,2.300000,0.250000,1000.00,cifi0007.DBF
P9FJ,10P9FJ,F,00,00,2,74,544.20,967,0.00,596.13,2.300000,0.250000,1000.00,cifi0007.DBF
P9FJ,10P9FJ,F,00,00,2,75,560.71,969,0.00,611.44,2.300000,0.250000,1000.00,cifi0007.DBF
P9FJ,10P9FJ,F,00,00,2,76,577.32,971,0.00,626.79,2.300000,0.250000,1000.00,cifi0007.DBF
P9FJ,10P9FJ,F,00,00,2,77,594.02,973,0.00,642.14,2.300000,0.250000,1000.00,cifi0007.DBF
P9FJ,10P9FJ,F,00,00,2,78,610.83,975,0.00,657.49,2.300000,0.250000,1000.00,cifi0007.DBF
P9FJ,10P9FJ,F,00,00,2,79,627.72,977,0.00,672.85,2.300000,0.250000,1000.00,cifi0007.DBF
P9FJ,10P9FJ,F,00,00,2,80,644.32,978,0.00,688.04,2.300000,0.250000,1000.00,cifi0007.DBF
P9FJ,10P9FJ,F,00,00,2,81,660.54,980,0.00,702.87,2.300000,0.250000,1000.00,cifi0007.DBF
P9FJ,10P9FJ,F,00,00,2,82,676.56,981,0.00,717.37,2.300000,0.250000,1000.00,cifi0007.DBF
P9FJ,10P9FJ,F,00,00,2,83,692.34,983,0.00,731.62,2.300000,0.250000,1000.00,cifi0007.DBF
P9FJ,10P9FJ,F,00,00,2,84,707.81,984,0.00,745.56,2.300000,0.250000,1000.00,cifi0007.DBF
P9FJ,10P9FJ,F,00,00,2,85,723.38,985,0.00,759.35,2.300000,0.250000,1000.00,cifi0007.DBF
P9FJ,10P9FJ,F,00,00,2,86,738.34,986,0.00,772.86,2.300000,0.250000,1000.00,cifi0007.DBF
P9FJ,10P9FJ,F,00,00,2,87,752.78,987,0.00,785.83,2.300000,0.250000,1000.00,cifi0007.DBF
P9FJ,10P9FJ,F,00,00,2,88,766.78,988,0.00,798.34,2.300000,0.250000,1000.00,cifi0007.DBF
P9FJ,10P9FJ,F,00,00,2,89,780.82,989,0.00,810.63,2.300000,0.250000,1000.00,cifi0007.DBF
P9FJ,10P9FJ,F,00,00,2,90,796.39,990,0.00,823.54,2.300000,0.250000,1000.00,cifi0007.DBF
P9FJ,10P9FJ,F,00,00,2,91,812.94,991,0.00,837.46,2.300000,0.250000,1000.00,cifi0007.DBF
P9FJ,10P9FJ,F,00,00,2,92,830.11,992,0.00,851.98,2.300000,0.250000,1000.00,cifi0007.DBF
P9FJ,10P9FJ,F,00,00,2,93,847.97,993,0.00,866.99,2.300000,0.250000,1000.00,cifi0007.DBF
P9FJ,10P9FJ,F,00,00,2,94,866.81,994,0.00,882.62,2.300000,0.250000,1000.00,cifi0007.DBF
P9FJ,10P9FJ,F,00,00,2,95,888.26,995,0.00,899.68,2.300000,0.250000,1000.00,cifi0007.DBF
P9FJ,10P9FJ,F,00,00,2,96,914.48,997,0.00,919.69,2.300000,0.250000,1000.00,cifi0007.DBF
P9FJ,10P9FJ,F,00,00,2,97,950.34,998,0.00,945.53,2.300000,0.250000,1000.00,cifi0007.DBF
P9FJ,10P9FJ,F,00,00,3,1,0.00,0,0.00,0.10,0.000000,0.190000,1000.00,cifi0007.DBF
P9FJ,10P9FJ,F,00,00,3,2,0.00,0,0.00,2.35,2.390000,0.190000,1000.00,cifi0007.DBF
P9FJ,10P9FJ,F,00,00,3,3,0.00,0,0.00,4.70,2.390000,0.190000,1000.00,cifi0007.DBF
P9FJ,10P9FJ,F,00,00,3,4,0.00,0,0.00,7.15,2.390000,0.190000,1000.00,cifi0007.DBF
P9FJ,10P9FJ,F,00,00,3,5,0.00,0,0.00,9.68,2.390000,0.190000,1000.00,cifi0007.DBF
P9FJ,10P9FJ,F,00,00,3,6,0.00,0,0.00,12.30,2.390000,0.190000,1000.00,cifi0007.DBF
P9FJ,10P9FJ,F,00,00,3,7,0.00,0,0.00,15.03,2.390000,0.190000,1000.00,cifi0007.DBF
P9FJ,10P9FJ,F,00,00,3,8,1.62,37,0.00,17.86,2.390000,0.190000,1000.00,cifi0007.DBF
P9FJ,10P9FJ,F,00,00,3,9,3.68,81,0.00,20.79,2.390000,0.190000,1000.00,cifi0007.DBF
P9FJ,10P9FJ,F,00,00,3,10,5.80,122,0.00,23.82,2.390000,0.190000,1000.00,cifi0007.DBF
P9FJ,10P9FJ,F,00,00,3,11,8.01,161,0.00,26.94,2.390000,0.190000,1000.00,cifi0007.DBF
P9FJ,10P9FJ,F,00,00,3,12,10.29,198,0.00,30.15,2.390000,0.190000,1000.00,cifi0007.DBF
P9FJ,10P9FJ,F,00,00,3,13,12.69,233,0.00,33.48,2.390000,0.190000,1000.00,cifi0007.DBF
P9FJ,10P9FJ,F,00,00,3,14,15.15,267,0.00,36.91,2.390000,0.190000,1000.00,cifi0007.DBF
P9FJ,10P9FJ,F,00,00,3,15,17.71,299,0.00,40.44,2.390000,0.190000,1000.00,cifi0007.DBF
P9FJ,10P9FJ,F,00,00,3,16,20.40,330,0.00,44.10,2.390000,0.190000,1000.00,cifi0007.DBF
P9FJ,10P9FJ,F,00,00,3,17,23.19,360,0.00,47.89,2.390000,0.190000,1000.00,cifi0007.DBF
P9FJ,10P9FJ,F,00,00,3,18,26.12,388,0.00,51.82,2.390000,0.190000,1000.00,cifi0007.DBF
P9FJ,10P9FJ,F,00,00,3,19,29.19,416,0.00,55.91,2.390000,0.190000,1000.00,cifi0007.DBF
P9FJ,10P9FJ,F,00,00,3,20,32.40,442,0.00,60.14,2.390000,0.190000,1000.00,cifi0007.DBF
P9FJ,10P9FJ,F,00,00,3,21,35.76,467,0.00,64.54,2.390000,0.190000,1000.00,cifi0007.DBF
P9FJ,10P9FJ,F,00,00,3,22,39.28,492,0.00,69.10,2.390000,0.190000,1000.00,cifi0007.DBF
P9FJ,10P9FJ,F,00,00,3,23,42.98,515,0.00,73.85,2.390000,0.190000,1000.00,cifi0007.DBF
P9FJ,10P9FJ,F,00,00,3,24,46.83,538,0.00,78.77,2.390000,0.190000,1000.00,cifi0007.DBF
P9FJ,10P9FJ,F,00,00,3,25,50.84,559,0.00,83.85,2.390000,0.190000,1000.00,cifi0007.DBF
P9FJ,10P9FJ,F,00,00,3,26,55.05,580,0.00,89.12,2.390000,0.190000,1000.00,cifi0007.DBF
P9FJ,10P9FJ,F,00,00,3,27,59.43,599,0.00,94.58,2.390000,0.190000,1000.00,cifi0007.DBF
P9FJ,10P9FJ,F,00,00,3,28,64.01,618,0.00,100.24,2.390000,0.190000,1000.00,cifi0007.DBF
P9FJ,10P9FJ,F,00,00,3,29,68.79,636,0.00,106.10,2.390000,0.190000,1000.00,cifi0007.DBF
P9FJ,10P9FJ,F,00,00,3,30,73.77,653,0.00,112.16,2.390000,0.190000,1000.00,cifi0007.DBF
P9FJ,10P9FJ,F,00,00,3,31,78.97,670,0.00,118.44,2.390000,0.190000,1000.00,cifi0007.DBF
P9FJ,10P9FJ,F,00,00,3,32,84.38,686,0.00,124.92,2.390000,0.190000,1000.00,cifi0007.DBF
P9FJ,10P9FJ,F,00,00,3,33,90.00,701,0.00,131.62,2.390000,0.190000,1000.00,cifi0007.DBF
P9FJ,10P9FJ,F,00,00,3,34,95.85,715,0.00,138.53,2.390000,0.190000,1000.00,cifi0007.DBF
P9FJ,10P9FJ,F,00,00,3,35,101.92,729,0.00,145.66,2.390000,0.190000,1000.00,cifi0007.DBF
P9FJ,10P9FJ,F,00,00,3,36,108.28,742,0.00,153.04,2.390000,0.190000,1000.00,cifi0007.DBF
P9FJ,10P9FJ,F,00,00,3,37,114.90,755,0.00,160.68,2.390000,0.190000,1000.00,cifi0007.DBF
P9FJ,10P9FJ,F,00,00,3,38,121.80,767,0.00,168.58,2.390000,0.190000,1000.00,cifi0007.DBF
P9FJ,10P9FJ,F,00,00,3,39,129.00,778,0.00,176.75,2.390000,0.190000,1000.00,cifi0007.DBF
P9FJ,10P9FJ,F,00,00,3,40,136.49,789,0.00,185.19,2.390000,0.190000,1000.00,cifi0007.DBF
P9FJ,10P9FJ,F,00,00,3,41,144.28,800,0.00,193.91,2.390000,0.190000,1000.00,cifi0007.DBF
P9FJ,10P9FJ,F,00,00,3,42,152.38,810,0.00,202.90,2.390000,0.190000,1000.00,cifi0007.DBF
P9FJ,10P9FJ,F,00,00,3,43,160.77,820,0.00,212.16,2.390000,0.190000,1000.00,cifi0007.DBF
P9FJ,10P9FJ,F,00,00,3,44,169.47,829,0.00,221.69,2.390000,0.190000,1000.00,cifi0007.DBF
P9FJ,10P9FJ,F,00,00,3,45,178.45,837,0.00,231.49,2.390000,0.190000,1000.00,cifi0007.DBF
P9FJ,10P9FJ,F,00,00,3,46,187.72,846,0.00,241.53,2.390000,0.190000,1000.00,cifi0007.DBF
P9FJ,10P9FJ,F,00,00,3,47,197.29,854,0.00,251.83,2.390000,0.190000,1000.00,cifi0007.DBF
P9FJ,10P9FJ,F,00,00,3,48,207.13,861,0.00,262.37,2.390000,0.190000,1000.00,cifi0007.DBF
P9FJ,10P9FJ,F,00,00,3,49,217.26,868,0.00,273.15,2.390000,0.190000,1000.00,cifi0007.DBF
P9FJ,10P9FJ,F,00,00,3,50,227.65,875,0.00,284.15,2.390000,0.190000,1000.00,cifi0007.DBF
P9FJ,10P9FJ,F,00,00,3,51,238.31,881,0.00,295.38,2.390000,0.190000,1000.00,cifi0007.DBF
P9FJ,10P9FJ,F,00,00,3,52,249.25,887,0.00,306.82,2.390000,0.190000,1000.00,cifi0007.DBF
P9FJ,10P9FJ,F,00,00,3,53,260.46,893,0.00,318.49,2.390000,0.190000,1000.00,cifi0007.DBF
P9FJ,10P9FJ,F,00,00,3,54,271.92,899,0.00,330.36,2.390000,0.190000,1000.00,cifi0007.DBF
P9FJ,10P9FJ,F,00,00,3,55,283.65,904,0.00,342.44,2.390000,0.190000,1000.00,cifi0007.DBF
P9FJ,10P9FJ,F,00,00,3,56,295.63,909,0.00,354.71,2.390000,0.190000,1000.00,cifi0007.DBF
P9FJ,10P9FJ,F,00,00,3,57,307.90,914,0.00,367.20,2.390000,0.190000,1000.00,cifi0007.DBF
P9FJ,10P9FJ,F,00,00,3,58,320.48,918,0.00,379.91,2.390000,0.190000,1000.00,cifi0007.DBF
P9FJ,10P9FJ,F,00,00,3,59,333.36,922,0.00,392.85,2.390000,0.190000,1000.00,cifi0007.DBF
P9FJ,10P9FJ,F,00,00,3,60,346.54,927,0.00,406.03,2.390000,0.190000,1000.00,cifi0007.DBF
P9FJ,10P9FJ,F,00,00,3,61,360.04,931,0.00,419.43,2.390000,0.190000,1000.00,cifi0007.DBF
P9FJ,10P9FJ,F,00,00,3,62,373.87,934,0.00,433.08,2.390000,0.190000,1000.00,cifi0007.DBF
P9FJ,10P9FJ,F,00,00,3,63,388.01,938,0.00,446.95,2.390000,0.190000,1000.00,cifi0007.DBF
P9FJ,10P9FJ,F,00,00,3,64,402.45,941,0.00,461.05,2.390000,0.190000,1000.00,cifi0007.DBF
P9FJ,10P9FJ,F,00,00,3,65,417.20,945,0.00,475.36,2.390000,0.190000,1000.00,cifi0007.DBF
P9FJ,10P9FJ,F,00,00,3,66,432.22,948,0.00,489.87,2.390000,0.190000,1000.00,cifi0007.DBF
P9FJ,10P9FJ,F,00,00,3,67,447.52,951,0.00,504.56,2.390000,0.190000,1000.00,cifi0007.DBF
P9FJ,10P9FJ,F,00,00,3,68,463.08,954,0.00,519.42,2.390000,0.190000,1000.00,cifi0007.DBF
P9FJ,10P9FJ,F,00,00,3,69,478.84,956,0.00,534.42,2.390000,0.190000,1000.00,cifi0007.DBF
P9FJ,10P9FJ,F,00,00,3,70,494.78,959,0.00,549.52,2.390000,0.190000,1000.00,cifi0007.DBF
P9FJ,10P9FJ,F,00,00,3,71,510.90,962,0.00,564.71,2.390000,0.190000,1000.00,cifi0007.DBF
P9FJ,10P9FJ,F,00,00,3,72,527.17,964,0.00,579.97,2.390000,0.190000,1000.00,cifi0007.DBF
P9FJ,10P9FJ,F,00,00,3,73,543.58,966,0.00,595.28,2.390000,0.190000,1000.00,cifi0007.DBF
P9FJ,10P9FJ,F,00,00,3,74,560.11,968,0.00,610.63,2.390000,0.190000,1000.00,cifi0007.DBF
P9FJ,10P9FJ,F,00,00,3,75,576.75,970,0.00,626.01,2.390000,0.190000,1000.00,cifi0007.DBF
P9FJ,10P9FJ,F,00,00,3,76,593.48,972,0.00,641.39,2.390000,0.190000,1000.00,cifi0007.DBF
P9FJ,10P9FJ,F,00,00,3,77,610.31,974,0.00,656.78,2.390000,0.190000,1000.00,cifi0007.DBF
P9FJ,10P9FJ,F,00,00,3,78,627.22,976,0.00,672.17,2.390000,0.190000,1000.00,cifi0007.DBF
P9FJ,10P9FJ,F,00,00,3,79,643.84,978,0.00,687.39,2.390000,0.190000,1000.00,cifi0007.DBF
P9FJ,10P9FJ,F,00,00,3,80,660.08,979,0.00,702.26,2.390000,0.190000,1000.00,cifi0007.DBF
P9FJ,10P9FJ,F,00,00,3,81,676.12,981,0.00,716.79,2.390000,0.190000,1000.00,cifi0007.DBF
P9FJ,10P9FJ,F,00,00,3,82,691.92,982,0.00,731.07,2.390000,0.190000,1000.00,cifi0007.DBF
P9FJ,10P9FJ,F,00,00,3,83,707.42,983,0.00,745.04,2.390000,0.190000,1000.00,cifi0007.DBF
P9FJ,10P9FJ,F,00,00,3,84,723.01,985,0.00,758.86,2.390000,0.190000,1000.00,cifi0007.DBF
P9FJ,10P9FJ,F,00,00,3,85,737.98,986,0.00,772.40,2.390000,0.190000,1000.00,cifi0007.DBF
P9FJ,10P9FJ,F,00,00,3,86,752.45,987,0.00,785.40,2.390000,0.190000,1000.00,cifi0007.DBF
P9FJ,10P9FJ,F,00,00,3,87,766.47,988,0.00,797.94,2.390000,0.190000,1000.00,cifi0007.DBF
P9FJ,10P9FJ,F,00,00,3,88,780.52,989,0.00,810.26,2.390000,0.190000,1000.00,cifi0007.DBF
P9FJ,10P9FJ,F,00,00,3,89,796.12,990,0.00,823.19,2.390000,0.190000,1000.00,cifi0007.DBF
P9FJ,10P9FJ,F,00,00,3,90,812.69,991,0.00,837.14,2.390000,0.190000,1000.00,cifi0007.DBF
P9FJ,10P9FJ,F,00,00,3,91,829.88,992,0.00,851.70,2.390000,0.190000,1000.00,cifi0007.DBF
P9FJ,10P9FJ,F,00,00,3,92,847.76,993,0.00,866.74,2.390000,0.190000,1000.00,cifi0007.DBF
P9FJ,10P9FJ,F,00,00,3,93,866.63,994,0.00,882.40,2.390000,0.190000,1000.00,cifi0007.DBF
P9FJ,10P9FJ,F,00,00,3,94,888.11,995,0.00,899.50,2.390000,0.190000,1000.00,cifi0007.DBF
P9FJ,10P9FJ,F,00,00,3,95,914.37,997,0.00,919.56,2.390000,0.190000,1000.00,cifi0007.DBF
P9FJ,10P9FJ,F,00,00,3,96,950.28,998,0.00,945.45,2.390000,0.190000,1000.00,cifi0007.DBF
P9FJ,10P9FJ,F,00,00,4,1,0.00,0,0.00,0.09,0.000000,0.180000,1000.00,cifi0007.DBF
P9FJ,10P9FJ,F,00,00,4,2,0.00,0,0.00,2.45,2.490000,0.180000,1000.00,cifi0007.DBF
P9FJ,10P9FJ,F,00,00,4,3,0.00,0,0.00,4.90,2.490000,0.180000,1000.00,cifi0007.DBF
P9FJ,10P9FJ,F,00,00,4,4,0.00,0,0.00,7.44,2.490000,0.180000,1000.00,cifi0007.DBF
P9FJ,10P9FJ,F,00,00,4,5,0.00,0,0.00,10.07,2.490000,0.180000,1000.00,cifi0007.DBF
P9FJ,10P9FJ,F,00,00,4,6,0.00,0,0.00,12.80,2.490000,0.180000,1000.00,cifi0007.DBF
P9FJ,10P9FJ,F,00,00,4,7,0.13,3,0.00,15.64,2.490000,0.180000,1000.00,cifi0007.DBF
P9FJ,10P9FJ,F,00,00,4,8,2.20,48,0.00,18.58,2.490000,0.180000,1000.00,cifi0007.DBF
P9FJ,10P9FJ,F,00,00,4,9,4.33,91,0.00,21.61,2.490000,0.180000,1000.00,cifi0007.DBF
P9FJ,10P9FJ,F,00,00,4,10,6.53,131,0.00,24.74,2.490000,0.180000,1000.00,cifi0007.DBF
P9FJ,10P9FJ,F,00,00,4,11,8.82,169,0.00,27.96,2.490000,0.180000,1000.00,cifi0007.DBF
P9FJ,10P9FJ,F,00,00,4,12,11.22,206,0.00,31.29,2.490000,0.180000,1000.00,cifi0007.DBF
P9FJ,10P9FJ,F,00,00,4,13,13.69,241,0.00,34.73,2.490000,0.180000,1000.00,cifi0007.DBF
P9FJ,10P9FJ,F,00,00,4,14,16.26,275,0.00,38.27,2.490000,0.180000,1000.00,cifi0007.DBF
P9FJ,10P9FJ,F,00,00,4,15,18.95,307,0.00,41.94,2.490000,0.180000,1000.00,cifi0007.DBF
P9FJ,10P9FJ,F,00,00,4,16,21.74,337,0.00,45.74,2.490000,0.180000,1000.00,cifi0007.DBF
P9FJ,10P9FJ,F,00,00,4,17,24.68,367,0.00,49.68,2.490000,0.180000,1000.00,cifi0007.DBF
P9FJ,10P9FJ,F,00,00,4,18,27.75,395,0.00,53.77,2.490000,0.180000,1000.00,cifi0007.DBF
P9FJ,10P9FJ,F,00,00,4,19,30.96,423,0.00,58.02,2.490000,0.180000,1000.00,cifi0007.DBF
P9FJ,10P9FJ,F,00,00,4,20,34.33,449,0.00,62.43,2.490000,0.180000,1000.00,cifi0007.DBF
P9FJ,10P9FJ,F,00,00,4,21,37.86,474,0.00,67.00,2.490000,0.180000,1000.00,cifi0007.DBF
P9FJ,10P9FJ,F,00,00,4,22,41.56,498,0.00,71.75,2.490000,0.180000,1000.00,cifi0007.DBF
P9FJ,10P9FJ,F,00,00,4,23,45.42,521,0.00,76.69,2.490000,0.180000,1000.00,cifi0007.DBF
P9FJ,10P9FJ,F,00,00,4,24,49.44,544,0.00,81.78,2.490000,0.180000,1000.00,cifi0007.DBF
P9FJ,10P9FJ,F,00,00,4,25,53.65,565,0.00,87.07,2.490000,0.180000,1000.00,cifi0007.DBF
P9FJ,10P9FJ,F,00,00,4,26,58.03,585,0.00,92.54,2.490000,0.180000,1000.00,cifi0007.DBF
P9FJ,10P9FJ,F,00,00,4,27,62.62,605,0.00,98.21,2.490000,0.180000,1000.00,cifi0007.DBF
P9FJ,10P9FJ,F,00,00,4,28,67.40,623,0.00,104.08,2.490000,0.180000,1000.00,cifi0007.DBF
P9FJ,10P9FJ,F,00,00,4,29,72.39,641,0.00,110.16,2.490000,0.180000,1000.00,cifi0007.DBF
P9FJ,10P9FJ,F,00,00,4,30,77.60,658,0.00,116.45,2.490000,0.180000,1000.00,cifi0007.DBF
P9FJ,10P9FJ,F,00,00,4,31,83.02,675,0.00,122.95,2.490000,0.180000,1000.00,cifi0007.DBF
P9FJ,10P9FJ,F,00,00,4,32,88.65,690,0.00,129.66,2.490000,0.180000,1000.00,cifi0007.DBF
P9FJ,10P9FJ,F,00,00,4,33,94.50,705,0.00,136.59,2.490000,0.180000,1000.00,cifi0007.DBF
P9FJ,10P9FJ,F,00,00,4,34,100.59,719,0.00,143.74,2.490000,0.180000,1000.00,cifi0007.DBF
P9FJ,10P9FJ,F,00,00,4,35,106.95,733,0.00,151.13,2.490000,0.180000,1000.00,cifi0007.DBF
P9FJ,10P9FJ,F,00,00,4,36,113.59,746,0.00,158.79,2.490000,0.180000,1000.00,cifi0007.DBF
P9FJ,10P9FJ,F,00,00,4,37,120.50,758,0.00,166.71,2.490000,0.180000,1000.00,cifi0007.DBF
P9FJ,10P9FJ,F,00,00,4,38,127.70,770,0.00,174.89,2.490000,0.180000,1000.00,cifi0007.DBF
P9FJ,10P9FJ,F,00,00,4,39,135.21,782,0.00,183.35,2.490000,0.180000,1000.00,cifi0007.DBF
P9FJ,10P9FJ,F,00,00,4,40,143.01,793,0.00,192.09,2.490000,0.180000,1000.00,cifi0007.DBF
P9FJ,10P9FJ,F,00,00,4,41,151.12,803,0.00,201.10,2.490000,0.180000,1000.00,cifi0007.DBF
P9FJ,10P9FJ,F,00,00,4,42,159.53,813,0.00,210.39,2.490000,0.180000,1000.00,cifi0007.DBF
P9FJ,10P9FJ,F,00,00,4,43,168.23,823,0.00,219.94,2.490000,0.180000,1000.00,cifi0007.DBF
P9FJ,10P9FJ,F,00,00,4,44,177.23,832,0.00,229.76,2.490000,0.180000,1000.00,cifi0007.DBF
P9FJ,10P9FJ,F,00,00,4,45,186.52,840,0.00,239.83,2.490000,0.180000,1000.00,cifi0007.DBF
P9FJ,10P9FJ,F,00,00,4,46,196.10,848,0.00,250.15,2.490000,0.180000,1000.00,cifi0007.DBF
P9FJ,10P9FJ,F,00,00,4,47,205.96,856,0.00,260.71,2.490000,0.180000,1000.00,cifi0007.DBF
P9FJ,10P9FJ,F,00,00,4,48,216.10,864,0.00,271.51,2.490000,0.180000,1000.00,cifi0007.DBF
P9FJ,10P9FJ,F,00,00,4,49,226.51,871,0.00,282.55,2.490000,0.180000,1000.00,cifi0007.DBF
P9FJ,10P9FJ,F,00,00,4,50,237.18,877,0.00,293.80,2.490000,0.180000,1000.00,cifi0007.DBF
P9FJ,10P9FJ,F,00,00,4,51,248.13,883,0.00,305.27,2.490000,0.180000,1000.00,cifi0007.DBF
P9FJ,10P9FJ,F,00,00,4,52,259.36,889,0.00,316.96,2.490000,0.180000,1000.00,cifi0007.DBF
P9FJ,10P9FJ,F,00,00,4,53,270.84,895,0.00,328.86,2.490000,0.180000,1000.00,cifi0007.DBF
P9FJ,10P9FJ,F,00,00,4,54,282.58,901,0.00,340.96,2.490000,0.180000,1000.00,cifi0007.DBF
P9FJ,10P9FJ,F,00,00,4,55,294.58,906,0.00,353.27,2.490000,0.180000,1000.00,cifi0007.DBF
P9FJ,10P9FJ,F,00,00,4,56,306.87,911,0.00,365.78,2.490000,0.180000,1000.00,cifi0007.DBF
P9FJ,10P9FJ,F,00,00,4,57,319.47,915,0.00,378.52,2.490000,0.180000,1000.00,cifi0007.DBF
P9FJ,10P9FJ,F,00,00,4,58,332.37,920,0.00,391.50,2.490000,0.180000,1000.00,cifi0007.DBF
P9FJ,10P9FJ,F,00,00,4,59,345.57,924,0.00,404.70,2.490000,0.180000,1000.00,cifi0007.DBF
P9FJ,10P9FJ,F,00,00,4,60,359.09,928,0.00,418.14,2.490000,0.180000,1000.00,cifi0007.DBF
P9FJ,10P9FJ,F,00,00,4,61,372.94,932,0.00,431.81,2.490000,0.180000,1000.00,cifi0007.DBF
P9FJ,10P9FJ,F,00,00,4,62,387.10,936,0.00,445.72,2.490000,0.180000,1000.00,cifi0007.DBF
P9FJ,10P9FJ,F,00,00,4,63,401.57,939,0.00,459.86,2.490000,0.180000,1000.00,cifi0007.DBF
P9FJ,10P9FJ,F,00,00,4,64,416.33,943,0.00,474.20,2.490000,0.180000,1000.00,cifi0007.DBF
P9FJ,10P9FJ,F,00,00,4,65,431.38,946,0.00,488.74,2.490000,0.180000,1000.00,cifi0007.DBF
P9FJ,10P9FJ,F,00,00,4,66,446.70,949,0.00,503.46,2.490000,0.180000,1000.00,cifi0007.DBF
P9FJ,10P9FJ,F,00,00,4,67,462.28,952,0.00,518.36,2.490000,0.180000,1000.00,cifi0007.DBF
P9FJ,10P9FJ,F,00,00,4,68,478.07,955,0.00,533.39,2.490000,0.180000,1000.00,cifi0007.DBF
P9FJ,10P9FJ,F,00,00,4,69,494.03,958,0.00,548.53,2.490000,0.180000,1000.00,cifi0007.DBF
P9FJ,10P9FJ,F,00,00,4,70,510.17,960,0.00,563.75,2.490000,0.180000,1000.00,cifi0007.DBF
P9FJ,10P9FJ,F,00,00,4,71,526.47,963,0.00,579.04,2.490000,0.180000,1000.00,cifi0007.DBF
P9FJ,10P9FJ,F,00,00,4,72,542.90,965,0.00,594.39,2.490000,0.180000,1000.00,cifi0007.DBF
P9FJ,10P9FJ,F,00,00,4,73,559.46,967,0.00,609.78,2.490000,0.180000,1000.00,cifi0007.DBF
P9FJ,10P9FJ,F,00,00,4,74,576.12,969,0.00,625.19,2.490000,0.180000,1000.00,cifi0007.DBF
P9FJ,10P9FJ,F,00,00,4,75,592.87,971,0.00,640.61,2.490000,0.180000,1000.00,cifi0007.DBF
P9FJ,10P9FJ,F,00,00,4,76,609.73,973,0.00,656.03,2.490000,0.180000,1000.00,cifi0007.DBF
P9FJ,10P9FJ,F,00,00,4,77,626.66,975,0.00,671.46,2.490000,0.180000,1000.00,cifi0007.DBF
P9FJ,10P9FJ,F,00,00,4,78,643.31,977,0.00,686.72,2.490000,0.180000,1000.00,cifi0007.DBF
P9FJ,10P9FJ,F,00,00,4,79,659.58,978,0.00,701.61,2.490000,0.180000,1000.00,cifi0007.DBF
P9FJ,10P9FJ,F,00,00,4,80,675.64,980,0.00,716.18,2.490000,0.180000,1000.00,cifi0007.DBF
P9FJ,10P9FJ,F,00,00,4,81,691.46,981,0.00,730.49,2.490000,0.180000,1000.00,cifi0007.DBF
P9FJ,10P9FJ,F,00,00,4,82,706.98,983,0.00,744.50,2.490000,0.180000,1000.00,cifi0007.DBF
P9FJ,10P9FJ,F,00,00,4,83,722.60,984,0.00,758.35,2.490000,0.180000,1000.00,cifi0007.DBF
P9FJ,10P9FJ,F,00,00,4,84,737.59,985,0.00,771.92,2.490000,0.180000,1000.00,cifi0007.DBF
P9FJ,10P9FJ,F,00,00,4,85,752.08,986,0.00,784.95,2.490000,0.180000,1000.00,cifi0007.DBF
P9FJ,10P9FJ,F,00,00,4,86,766.12,987,0.00,797.52,2.490000,0.180000,1000.00,cifi0007.DBF
P9FJ,10P9FJ,F,00,00,4,87,780.20,988,0.00,809.86,2.490000,0.180000,1000.00,cifi0007.DBF
P9FJ,10P9FJ,F,00,00,4,88,795.81,989,0.00,822.83,2.490000,0.180000,1000.00,cifi0007.DBF
P9FJ,10P9FJ,F,00,00,4,89,812.41,990,0.00,836.81,2.490000,0.180000,1000.00,cifi0007.DBF
P9FJ,10P9FJ,F,00,00,4,90,829.63,992,0.00,851.40,2.490000,0.180000,1000.00,cifi0007.DBF
P9FJ,10P9FJ,F,00,00,4,91,847.54,993,0.00,866.47,2.490000,0.180000,1000.00,cifi0007.DBF
P9FJ,10P9FJ,F,00,00,4,92,866.43,994,0.00,882.18,2.490000,0.180000,1000.00,cifi0007.DBF
P9FJ,10P9FJ,F,00,00,4,93,887.95,995,0.00,899.31,2.490000,0.180000,1000.00,cifi0007.DBF
P9FJ,10P9FJ,F,00,00,4,94,914.24,996,0.00,919.42,2.490000,0.180000,1000.00,cifi0007.DBF
P9FJ,10P9FJ,F,00,00,4,95,950.20,998,0.00,945.37,2.490000,0.180000,1000.00,cifi0007.DBF
P9FJ,10P9FJ,F,00,00,5,1,0.00,0,0.00,0.09,0.000000,0.170000,1000.00,cifi0007.DBF
P9FJ,10P9FJ,F,00,00,5,2,0.00,0,0.00,2.55,2.590000,0.170000,1000.00,cifi0007.DBF
P9FJ,10P9FJ,F,00,00,5,3,0.00,0,0.00,5.09,2.590000,0.170000,1000.00,cifi0007.DBF
P9FJ,10P9FJ,F,00,00,5,4,0.00,0,0.00,7.73,2.590000,0.170000,1000.00,cifi0007.DBF
P9FJ,10P9FJ,F,00,00,5,5,0.00,0,0.00,10.46,2.590000,0.170000,1000.00,cifi0007.DBF
P9FJ,10P9FJ,F,00,00,5,6,0.00,0,0.00,13.31,2.590000,0.170000,1000.00,cifi0007.DBF
P9FJ,10P9FJ,F,00,00,5,7,0.63,14,0.00,16.26,2.590000,0.170000,1000.00,cifi0007.DBF
P9FJ,10P9FJ,F,00,00,5,8,2.76,58,0.00,19.30,2.590000,0.170000,1000.00,cifi0007.DBF
P9FJ,10P9FJ,F,00,00,5,9,4.97,100,0.00,22.43,2.590000,0.170000,1000.00,cifi0007.DBF
P9FJ,10P9FJ,F,00,00,5,10,7.26,140,0.00,25.66,2.590000,0.170000,1000.00,cifi0007.DBF
P9FJ,10P9FJ,F,00,00,5,11,9.67,178,0.00,29.00,2.590000,0.170000,1000.00,cifi0007.DBF
P9FJ,10P9FJ,F,00,00,5,12,12.14,214,0.00,32.45,2.590000,0.170000,1000.00,cifi0007.DBF
P9FJ,10P9FJ,F,00,00,5,13,14.71,249,0.00,36.00,2.590000,0.170000,1000.00,cifi0007.DBF
P9FJ,10P9FJ,F,00,00,5,14,17.40,282,0.00,39.68,2.590000,0.170000,1000.00,cifi0007.DBF
P9FJ,10P9FJ,F,00,00,5,15,20.20,313,0.00,43.49,2.590000,0.170000,1000.00,cifi0007.DBF
P9FJ,10P9FJ,F,00,00,5,16,23.14,344,0.00,47.44,2.590000,0.170000,1000.00,cifi0007.DBF
P9FJ,10P9FJ,F,00,00,5,17,26.22,374,0.00,51.54,2.590000,0.170000,1000.00,cifi0007.DBF
P9FJ,10P9FJ,F,00,00,5,18,29.44,402,0.00,55.79,2.590000,0.170000,1000.00,cifi0007.DBF
P9FJ,10P9FJ,F,00,00,5,19,32.82,429,0.00,60.21,2.590000,0.170000,1000.00,cifi0007.DBF
P9FJ,10P9FJ,F,00,00,5,20,36.34,455,0.00,64.80,2.590000,0.170000,1000.00,cifi0007.DBF
P9FJ,10P9FJ,F,00,00,5,21,40.05,480,0.00,69.56,2.590000,0.170000,1000.00,cifi0007.DBF
P9FJ,10P9FJ,F,00,00,5,22,43.92,504,0.00,74.50,2.590000,0.170000,1000.00,cifi0007.DBF
P9FJ,10P9FJ,F,00,00,5,23,47.94,527,0.00,79.62,2.590000,0.170000,1000.00,cifi0007.DBF
P9FJ,10P9FJ,F,00,00,5,24,52.16,549,0.00,84.91,2.590000,0.170000,1000.00,cifi0007.DBF
P9FJ,10P9FJ,F,00,00,5,25,56.55,570,0.00,90.40,2.590000,0.170000,1000.00,cifi0007.DBF
P9FJ,10P9FJ,F,00,00,5,26,61.15,591,0.00,96.08,2.590000,0.170000,1000.00,cifi0007.DBF
P9FJ,10P9FJ,F,00,00,5,27,65.94,610,0.00,101.97,2.590000,0.170000,1000.00,cifi0007.DBF
P9FJ,10P9FJ,F,00,00,5,28,70.94,628,0.00,108.06,2.590000,0.170000,1000.00,cifi0007.DBF
P9FJ,10P9FJ,F,00,00,5,29,76.15,646,0.00,114.36,2.590000,0.170000,1000.00,cifi0007.DBF
P9FJ,10P9FJ,F,00,00,5,30,81.58,663,0.00,120.88,2.590000,0.170000,1000.00,cifi0007.DBF
P9FJ,10P9FJ,F,00,00,5,31,87.21,679,0.00,127.61,2.590000,0.170000,1000.00,cifi0007.DBF
P9FJ,10P9FJ,F,00,00,5,32,93.08,694,0.00,134.55,2.590000,0.170000,1000.00,cifi0007.DBF
P9FJ,10P9FJ,F,00,00,5,33,99.18,709,0.00,141.72,2.590000,0.170000,1000.00,cifi0007.DBF
P9FJ,10P9FJ,F,00,00,5,34,105.55,723,0.00,149.13,2.590000,0.170000,1000.00,cifi0007.DBF
P9FJ,10P9FJ,F,00,00,5,35,112.19,737,0.00,156.81,2.590000,0.170000,1000.00,cifi0007.DBF
P9FJ,10P9FJ,F,00,00,5,36,119.12,750,0.00,164.74,2.590000,0.170000,1000.00,cifi0007.DBF
P9FJ,10P9FJ,F,00,00,5,37,126.33,762,0.00,172.95,2.590000,0.170000,1000.00,cifi0007.DBF
P9FJ,10P9FJ,F,00,00,5,38,133.85,774,0.00,181.43,2.590000,0.170000,1000.00,cifi0007.DBF
P9FJ,10P9FJ,F,00,00,5,39,141.67,785,0.00,190.19,2.590000,0.170000,1000.00,cifi0007.DBF
P9FJ,10P9FJ,F,00,00,5,40,149.79,796,0.00,199.22,2.590000,0.170000,1000.00,cifi0007.DBF
P9FJ,10P9FJ,F,00,00,5,41,158.21,806,0.00,208.53,2.590000,0.170000,1000.00,cifi0007.DBF
P9FJ,10P9FJ,F,00,00,5,42,166.93,816,0.00,218.11,2.590000,0.170000,1000.00,cifi0007.DBF
P9FJ,10P9FJ,F,00,00,5,43,175.94,826,0.00,227.95,2.590000,0.170000,1000.00,cifi0007.DBF
P9FJ,10P9FJ,F,00,00,5,44,185.24,835,0.00,238.04,2.590000,0.170000,1000.00,cifi0007.DBF
P9FJ,10P9FJ,F,00,00,5,45,194.83,843,0.00,248.38,2.590000,0.170000,1000.00,cifi0007.DBF
P9FJ,10P9FJ,F,00,00,5,46,204.71,851,0.00,258.97,2.590000,0.170000,1000.00,cifi0007.DBF
P9FJ,10P9FJ,F,00,00,5,47,214.87,859,0.00,269.80,2.590000,0.170000,1000.00,cifi0007.DBF
P9FJ,10P9FJ,F,00,00,5,48,225.29,866,0.00,280.86,2.590000,0.170000,1000.00,cifi0007.DBF
P9FJ,10P9FJ,F,00,00,5,49,235.98,873,0.00,292.14,2.590000,0.170000,1000.00,cifi0007.DBF
P9FJ,10P9FJ,F,00,00,5,50,246.95,879,0.00,303.64,2.590000,0.170000,1000.00,cifi0007.DBF
P9FJ,10P9FJ,F,00,00,5,51,258.20,885,0.00,315.36,2.590000,0.170000,1000.00,cifi0007.DBF
P9FJ,10P9FJ,F,00,00,5,52,269.70,891,0.00,327.29,2.590000,0.170000,1000.00,cifi0007.DBF
P9FJ,10P9FJ,F,00,00,5,53,281.46,897,0.00,339.42,2.590000,0.170000,1000.00,cifi0007.DBF
P9FJ,10P9FJ,F,00,00,5,54,293.48,902,0.00,351.75,2.590000,0.170000,1000.00,cifi0007.DBF
P9FJ,10P9FJ,F,00,00,5,55,305.78,907,0.00,364.30,2.590000,0.170000,1000.00,cifi0007.DBF
P9FJ,10P9FJ,F,00,00,5,56,318.40,912,0.00,377.07,2.590000,0.170000,1000.00,cifi0007.DBF
P9FJ,10P9FJ,F,00,00,5,57,331.32,917,0.00,390.08,2.590000,0.170000,1000.00,cifi0007.DBF
P9FJ,10P9FJ,F,00,00,5,58,344.54,921,0.00,403.31,2.590000,0.170000,1000.00,cifi0007.DBF
P9FJ,10P9FJ,F,00,00,5,59,358.08,925,0.00,416.78,2.590000,0.170000,1000.00,cifi0007.DBF
P9FJ,10P9FJ,F,00,00,5,60,371.95,930,0.00,430.49,2.590000,0.170000,1000.00,cifi0007.DBF
P9FJ,10P9FJ,F,00,00,5,61,386.14,933,0.00,444.43,2.590000,0.170000,1000.00,cifi0007.DBF
P9FJ,10P9FJ,F,00,00,5,62,400.63,937,0.00,458.60,2.590000,0.170000,1000.00,cifi0007.DBF
P9FJ,10P9FJ,F,00,00,5,63,415.42,941,0.00,472.98,2.590000,0.170000,1000.00,cifi0007.DBF
P9FJ,10P9FJ,F,00,00,5,64,430.49,944,0.00,487.55,2.590000,0.170000,1000.00,cifi0007.DBF
P9FJ,10P9FJ,F,00,00,5,65,445.83,947,0.00,502.31,2.590000,0.170000,1000.00,cifi0007.DBF
P9FJ,10P9FJ,F,00,00,5,66,461.43,950,0.00,517.24,2.590000,0.170000,1000.00,cifi0007.DBF
P9FJ,10P9FJ,F,00,00,5,67,477.25,953,0.00,532.31,2.590000,0.170000,1000.00,cifi0007.DBF
P9FJ,10P9FJ,F,00,00,5,68,493.24,956,0.00,547.49,2.590000,0.170000,1000.00,cifi0007.DBF
P9FJ,10P9FJ,F,00,00,5,69,509.40,959,0.00,562.74,2.590000,0.170000,1000.00,cifi0007.DBF
P9FJ,10P9FJ,F,00,00,5,70,525.73,961,0.00,578.07,2.590000,0.170000,1000.00,cifi0007.DBF
P9FJ,10P9FJ,F,00,00,5,71,542.19,964,0.00,593.46,2.590000,0.170000,1000.00,cifi0007.DBF
P9FJ,10P9FJ,F,00,00,5,72,558.77,966,0.00,608.88,2.590000,0.170000,1000.00,cifi0007.DBF
P9FJ,10P9FJ,F,00,00,5,73,575.46,968,0.00,624.33,2.590000,0.170000,1000.00,cifi0007.DBF
P9FJ,10P9FJ,F,00,00,5,74,592.23,970,0.00,639.79,2.590000,0.170000,1000.00,cifi0007.DBF
P9FJ,10P9FJ,F,00,00,5,75,609.12,972,0.00,655.25,2.590000,0.170000,1000.00,cifi0007.DBF
P9FJ,10P9FJ,F,00,00,5,76,626.08,974,0.00,670.71,2.590000,0.170000,1000.00,cifi0007.DBF
P9FJ,10P9FJ,F,00,00,5,77,642.75,976,0.00,686.01,2.590000,0.170000,1000.00,cifi0007.DBF
P9FJ,10P9FJ,F,00,00,5,78,659.04,978,0.00,700.94,2.590000,0.170000,1000.00,cifi0007.DBF
P9FJ,10P9FJ,F,00,00,5,79,675.13,979,0.00,715.55,2.590000,0.170000,1000.00,cifi0007.DBF
P9FJ,10P9FJ,F,00,00,5,80,690.98,981,0.00,729.89,2.590000,0.170000,1000.00,cifi0007.DBF
P9FJ,10P9FJ,F,00,00,5,81,706.52,982,0.00,743.93,2.590000,0.170000,1000.00,cifi0007.DBF
P9FJ,10P9FJ,F,00,00,5,82,722.16,983,0.00,757.82,2.590000,0.170000,1000.00,cifi0007.DBF
P9FJ,10P9FJ,F,00,00,5,83,737.18,985,0.00,771.42,2.590000,0.170000,1000.00,cifi0007.DBF
P9FJ,10P9FJ,F,00,00,5,84,751.69,986,0.00,784.48,2.590000,0.170000,1000.00,cifi0007.DBF
P9FJ,10P9FJ,F,00,00,5,85,765.75,987,0.00,797.08,2.590000,0.170000,1000.00,cifi0007.DBF
P9FJ,10P9FJ,F,00,00,5,86,779.85,988,0.00,809.45,2.590000,0.170000,1000.00,cifi0007.DBF
P9FJ,10P9FJ,F,00,00,5,87,795.49,989,0.00,822.45,2.590000,0.170000,1000.00,cifi0007.DBF
P9FJ,10P9FJ,F,00,00,5,88,812.12,990,0.00,836.46,2.590000,0.170000,1000.00,cifi0007.DBF
P9FJ,10P9FJ,F,00,00,5,89,829.36,991,0.00,851.09,2.590000,0.170000,1000.00,cifi0007.DBF
P9FJ,10P9FJ,F,00,00,5,90,847.30,992,0.00,866.20,2.590000,0.170000,1000.00,cifi0007.DBF
P9FJ,10P9FJ,F,00,00,5,91,866.22,994,0.00,881.94,2.590000,0.170000,1000.00,cifi0007.DBF
P9FJ,10P9FJ,F,00,00,5,92,887.77,995,0.00,899.11,2.590000,0.170000,1000.00,cifi0007.DBF
P9FJ,10P9FJ,F,00,00,5,93,914.10,996,0.00,919.27,2.590000,0.170000,1000.00,cifi0007.DBF
P9FJ,10P9FJ,F,00,00,5,94,950.12,998,0.00,945.28,2.590000,0.170000,1000.00,cifi0007.DBF
P9FJ,10P9FJ,F,00,00,6,1,0.00,0,0.00,0.09,0.000000,0.170000,1000.00,cifi0007.DBF
P9FJ,10P9FJ,F,00,00,6,2,0.00,0,0.00,2.64,2.690000,0.170000,1000.00,cifi0007.DBF
P9FJ,10P9FJ,F,00,00,6,3,0.00,0,0.00,5.28,2.690000,0.170000,1000.00,cifi0007.DBF
P9FJ,10P9FJ,F,00,00,6,4,0.00,0,0.00,8.02,2.690000,0.170000,1000.00,cifi0007.DBF
P9FJ,10P9FJ,F,00,00,6,5,0.00,0,0.00,10.88,2.690000,0.170000,1000.00,cifi0007.DBF
P9FJ,10P9FJ,F,00,00,6,6,0.00,0,0.00,13.83,2.690000,0.170000,1000.00,cifi0007.DBF
P9FJ,10P9FJ,F,00,00,6,7,1.10,23,0.00,16.88,2.690000,0.170000,1000.00,cifi0007.DBF
P9FJ,10P9FJ,F,00,00,6,8,3.32,67,0.00,20.02,2.690000,0.170000,1000.00,cifi0007.DBF
P9FJ,10P9FJ,F,00,00,6,9,5.61,108,0.00,23.25,2.690000,0.170000,1000.00,cifi0007.DBF
P9FJ,10P9FJ,F,00,00,6,10,8.02,148,0.00,26.61,2.690000,0.170000,1000.00,cifi0007.DBF
P9FJ,10P9FJ,F,00,00,6,11,10.49,185,0.00,30.07,2.690000,0.170000,1000.00,cifi0007.DBF
P9FJ,10P9FJ,F,00,00,6,12,13.07,221,0.00,33.62,2.690000,0.170000,1000.00,cifi0007.DBF
P9FJ,10P9FJ,F,00,00,6,13,15.77,255,0.00,37.31,2.690000,0.170000,1000.00,cifi0007.DBF
P9FJ,10P9FJ,F,00,00,6,14,18.57,288,0.00,41.13,2.690000,0.170000,1000.00,cifi0007.DBF
P9FJ,10P9FJ,F,00,00,6,15,21.52,320,0.00,45.09,2.690000,0.170000,1000.00,cifi0007.DBF
P9FJ,10P9FJ,F,00,00,6,16,24.60,350,0.00,49.20,2.690000,0.170000,1000.00,cifi0007.DBF
P9FJ,10P9FJ,F,00,00,6,17,27.82,380,0.00,53.47,2.690000,0.170000,1000.00,cifi0007.DBF
P9FJ,10P9FJ,F,00,00,6,18,31.21,408,0.00,57.90,2.690000,0.170000,1000.00,cifi0007.DBF
P9FJ,10P9FJ,F,00,00,6,19,34.74,435,0.00,62.49,2.690000,0.170000,1000.00,cifi0007.DBF
P9FJ,10P9FJ,F,00,00,6,20,38.46,461,0.00,67.27,2.690000,0.170000,1000.00,cifi0007.DBF
P9FJ,10P9FJ,F,00,00,6,21,42.33,486,0.00,72.22,2.690000,0.170000,1000.00,cifi0007.DBF
P9FJ,10P9FJ,F,00,00,6,22,46.36,510,0.00,77.35,2.690000,0.170000,1000.00,cifi0007.DBF
P9FJ,10P9FJ,F,00,00,6,23,50.58,533,0.00,82.66,2.690000,0.170000,1000.00,cifi0007.DBF
P9FJ,10P9FJ,F,00,00,6,24,54.98,554,0.00,88.16,2.690000,0.170000,1000.00,cifi0007.DBF
P9FJ,10P9FJ,F,00,00,6,25,59.59,576,0.00,93.86,2.690000,0.170000,1000.00,cifi0007.DBF
P9FJ,10P9FJ,F,00,00,6,26,64.39,596,0.00,99.76,2.690000,0.170000,1000.00,cifi0007.DBF
P9FJ,10P9FJ,F,00,00,6,27,69.39,615,0.00,105.86,2.690000,0.170000,1000.00,cifi0007.DBF
P9FJ,10P9FJ,F,00,00,6,28,74.62,633,0.00,112.18,2.690000,0.170000,1000.00,cifi0007.DBF
P9FJ,10P9FJ,F,00,00,6,29,80.05,651,0.00,118.72,2.690000,0.170000,1000.00,cifi0007.DBF
P9FJ,10P9FJ,F,00,00,6,30,85.70,667,0.00,125.46,2.690000,0.170000,1000.00,cifi0007.DBF
P9FJ,10P9FJ,F,00,00,6,31,91.57,683,0.00,132.42,2.690000,0.170000,1000.00,cifi0007.DBF
P9FJ,10P9FJ,F,00,00,6,32,97.68,699,0.00,139.61,2.690000,0.170000,1000.00,cifi0007.DBF
P9FJ,10P9FJ,F,00,00,6,33,104.06,713,0.00,147.04,2.690000,0.170000,1000.00,cifi0007.DBF
P9FJ,10P9FJ,F,00,00,6,34,110.72,727,0.00,154.74,2.690000,0.170000,1000.00,cifi0007.DBF
P9FJ,10P9FJ,F,00,00,6,35,117.65,741,0.00,162.69,2.690000,0.170000,1000.00,cifi0007.DBF
P9FJ,10P9FJ,F,00,00,6,36,124.88,753,0.00,170.92,2.690000,0.170000,1000.00,cifi0007.DBF
P9FJ,10P9FJ,F,00,00,6,37,132.41,766,0.00,179.42,2.690000,0.170000,1000.00,cifi0007.DBF
P9FJ,10P9FJ,F,00,00,6,38,140.24,777,0.00,188.20,2.690000,0.170000,1000.00,cifi0007.DBF
P9FJ,10P9FJ,F,00,00,6,39,148.37,789,0.00,197.26,2.690000,0.170000,1000.00,cifi0007.DBF
P9FJ,10P9FJ,F,00,00,6,40,156.81,799,0.00,206.59,2.690000,0.170000,1000.00,cifi0007.DBF
P9FJ,10P9FJ,F,00,00,6,41,165.54,809,0.00,216.19,2.690000,0.170000,1000.00,cifi0007.DBF
P9FJ,10P9FJ,F,00,00,6,42,174.57,819,0.00,226.05,2.690000,0.170000,1000.00,cifi0007.DBF
P9FJ,10P9FJ,F,00,00,6,43,183.88,828,0.00,236.17,2.690000,0.170000,1000.00,cifi0007.DBF
P9FJ,10P9FJ,F,00,00,6,44,193.49,837,0.00,246.54,2.690000,0.170000,1000.00,cifi0007.DBF
P9FJ,10P9FJ,F,00,00,6,45,203.39,845,0.00,257.16,2.690000,0.170000,1000.00,cifi0007.DBF
P9FJ,10P9FJ,F,00,00,6,46,213.56,853,0.00,268.02,2.690000,0.170000,1000.00,cifi0007.DBF
P9FJ,10P9FJ,F,00,00,6,47,224.00,861,0.00,279.10,2.690000,0.170000,1000.00,cifi0007.DBF
P9FJ,10P9FJ,F,00,00,6,48,234.71,868,0.00,290.41,2.690000,0.170000,1000.00,cifi0007.DBF
P9FJ,10P9FJ,F,00,00,6,49,245.70,875,0.00,301.93,2.690000,0.170000,1000.00,cifi0007.DBF
P9FJ,10P9FJ,F,00,00,6,50,256.97,881,0.00,313.69,2.690000,0.170000,1000.00,cifi0007.DBF
P9FJ,10P9FJ,F,00,00,6,51,268.48,887,0.00,325.65,2.690000,0.170000,1000.00,cifi0007.DBF
P9FJ,10P9FJ,F,00,00,6,52,280.26,893,0.00,337.81,2.690000,0.170000,1000.00,cifi0007.DBF
P9FJ,10P9FJ,F,00,00,6,53,292.30,899,0.00,350.17,2.690000,0.170000,1000.00,cifi0007.DBF
P9FJ,10P9FJ,F,00,00,6,54,304.63,904,0.00,362.75,2.690000,0.170000,1000.00,cifi0007.DBF
P9FJ,10P9FJ,F,00,00,6,55,317.27,909,0.00,375.55,2.690000,0.170000,1000.00,cifi0007.DBF
P9FJ,10P9FJ,F,00,00,6,56,330.21,914,0.00,388.59,2.690000,0.170000,1000.00,cifi0007.DBF
P9FJ,10P9FJ,F,00,00,6,57,343.45,918,0.00,401.86,2.690000,0.170000,1000.00,cifi0007.DBF
P9FJ,10P9FJ,F,00,00,6,58,357.02,923,0.00,415.36,2.690000,0.170000,1000.00,cifi0007.DBF
P9FJ,10P9FJ,F,00,00,6,59,370.91,927,0.00,429.10,2.690000,0.170000,1000.00,cifi0007.DBF
P9FJ,10P9FJ,F,00,00,6,60,385.12,931,0.00,443.08,2.690000,0.170000,1000.00,cifi0007.DBF
P9FJ,10P9FJ,F,00,00,6,61,399.63,935,0.00,457.28,2.690000,0.170000,1000.00,cifi0007.DBF
P9FJ,10P9FJ,F,00,00,6,62,414.45,938,0.00,471.70,2.690000,0.170000,1000.00,cifi0007.DBF
P9FJ,10P9FJ,F,00,00,6,63,429.54,942,0.00,486.31,2.690000,0.170000,1000.00,cifi0007.DBF
P9FJ,10P9FJ,F,00,00,6,64,444.91,945,0.00,501.11,2.690000,0.170000,1000.00,cifi0007.DBF
P9FJ,10P9FJ,F,00,00,6,65,460.54,948,0.00,516.08,2.690000,0.170000,1000.00,cifi0007.DBF
P9FJ,10P9FJ,F,00,00,6,66,476.38,952,0.00,531.19,2.690000,0.170000,1000.00,cifi0007.DBF
P9FJ,10P9FJ,F,00,00,6,67,492.39,954,0.00,546.40,2.690000,0.170000,1000.00,cifi0007.DBF
P9FJ,10P9FJ,F,00,00,6,68,508.59,957,0.00,561.69,2.690000,0.170000,1000.00,cifi0007.DBF
P9FJ,10P9FJ,F,00,00,6,69,524.94,960,0.00,577.06,2.690000,0.170000,1000.00,cifi0007.DBF
P9FJ,10P9FJ,F,00,00,6,70,541.42,962,0.00,592.48,2.690000,0.170000,1000.00,cifi0007.DBF
P9FJ,10P9FJ,F,00,00,6,71,558.03,965,0.00,607.95,2.690000,0.170000,1000.00,cifi0007.DBF
P9FJ,10P9FJ,F,00,00,6,72,574.75,967,0.00,623.43,2.690000,0.170000,1000.00,cifi0007.DBF
P9FJ,10P9FJ,F,00,00,6,73,591.56,969,0.00,638.93,2.690000,0.170000,1000.00,cifi0007.DBF
P9FJ,10P9FJ,F,00,00,6,74,608.47,971,0.00,654.43,2.690000,0.170000,1000.00,cifi0007.DBF
P9FJ,10P9FJ,F,00,00,6,75,625.45,973,0.00,669.93,2.690000,0.170000,1000.00,cifi0007.DBF
P9FJ,10P9FJ,F,00,00,6,76,642.15,975,0.00,685.27,2.690000,0.170000,1000.00,cifi0007.DBF
P9FJ,10P9FJ,F,00,00,6,77,658.48,977,0.00,700.24,2.690000,0.170000,1000.00,cifi0007.DBF
P9FJ,10P9FJ,F,00,00,6,78,674.59,978,0.00,714.88,2.690000,0.170000,1000.00,cifi0007.DBF
P9FJ,10P9FJ,F,00,00,6,79,690.47,980,0.00,729.26,2.690000,0.170000,1000.00,cifi0007.DBF
P9FJ,10P9FJ,F,00,00,6,80,706.03,981,0.00,743.33,2.690000,0.170000,1000.00,cifi0007.DBF
P9FJ,10P9FJ,F,00,00,6,81,721.70,983,0.00,757.25,2.690000,0.170000,1000.00,cifi0007.DBF
P9FJ,10P9FJ,F,00,00,6,82,736.74,984,0.00,770.89,2.690000,0.170000,1000.00,cifi0007.DBF
P9FJ,10P9FJ,F,00,00,6,83,751.28,985,0.00,783.98,2.690000,0.170000,1000.00,cifi0007.DBF
P9FJ,10P9FJ,F,00,00,6,84,765.37,986,0.00,796.61,2.690000,0.170000,1000.00,cifi0007.DBF
P9FJ,10P9FJ,F,00,00,6,85,779.49,987,0.00,809.02,2.690000,0.170000,1000.00,cifi0007.DBF
P9FJ,10P9FJ,F,00,00,6,86,795.15,989,0.00,822.05,2.690000,0.170000,1000.00,cifi0007.DBF
P9FJ,10P9FJ,F,00,00,6,87,811.80,990,0.00,836.10,2.690000,0.170000,1000.00,cifi0007.DBF
P9FJ,10P9FJ,F,00,00,6,88,829.08,991,0.00,850.76,2.690000,0.170000,1000.00,cifi0007.DBF
P9FJ,10P9FJ,F,00,00,6,89,847.04,992,0.00,865.91,2.690000,0.170000,1000.00,cifi0007.DBF
P9FJ,10P9FJ,F,00,00,6,90,866.00,993,0.00,881.69,2.690000,0.170000,1000.00,cifi0007.DBF
P9FJ,10P9FJ,F,00,00,6,91,887.58,995,0.00,898.91,2.690000,0.170000,1000.00,cifi0007.DBF
P9FJ,10P9FJ,F,00,00,6,92,913.96,996,0.00,919.12,2.690000,0.170000,1000.00,cifi0007.DBF
P9FJ,10P9FJ,F,00,00,6,93,950.04,998,0.00,945.19,2.690000,0.170000,1000.00,cifi0007.DBF
P9FJ,10P9FJ,F,00,00,7,1,0.00,0,0.00,0.10,0.000000,0.200000,1000.00,cifi0007.DBF
P9FJ,10P9FJ,F,00,00,7,2,0.00,0,0.00,2.75,2.800000,0.200000,1000.00,cifi0007.DBF
P9FJ,10P9FJ,F,00,00,7,3,0.00,0,0.00,5.50,2.800000,0.200000,1000.00,cifi0007.DBF
P9FJ,10P9FJ,F,00,00,7,4,0.00,0,0.00,8.36,2.800000,0.200000,1000.00,cifi0007.DBF
P9FJ,10P9FJ,F,00,00,7,5,0.00,0,0.00,11.32,2.800000,0.200000,1000.00,cifi0007.DBF
P9FJ,10P9FJ,F,00,00,7,6,0.00,0,0.00,14.38,2.800000,0.200000,1000.00,cifi0007.DBF
P9FJ,10P9FJ,F,00,00,7,7,1.58,32,0.00,17.52,2.800000,0.200000,1000.00,cifi0007.DBF
P9FJ,10P9FJ,F,00,00,7,8,3.87,75,0.00,20.77,2.800000,0.200000,1000.00,cifi0007.DBF
P9FJ,10P9FJ,F,00,00,7,9,6.29,116,0.00,24.13,2.800000,0.200000,1000.00,cifi0007.DBF
P9FJ,10P9FJ,F,00,00,7,10,8.76,155,0.00,27.60,2.800000,0.200000,1000.00,cifi0007.DBF
P9FJ,10P9FJ,F,00,00,7,11,11.35,192,0.00,31.17,2.800000,0.200000,1000.00,cifi0007.DBF
P9FJ,10P9FJ,F,00,00,7,12,14.05,228,0.00,34.86,2.800000,0.200000,1000.00,cifi0007.DBF
P9FJ,10P9FJ,F,00,00,7,13,16.86,262,0.00,38.69,2.800000,0.200000,1000.00,cifi0007.DBF
P9FJ,10P9FJ,F,00,00,7,14,19.81,295,0.00,42.66,2.800000,0.200000,1000.00,cifi0007.DBF
P9FJ,10P9FJ,F,00,00,7,15,22.90,326,0.00,46.78,2.800000,0.200000,1000.00,cifi0007.DBF
P9FJ,10P9FJ,F,00,00,7,16,26.12,357,0.00,51.06,2.800000,0.200000,1000.00,cifi0007.DBF
P9FJ,10P9FJ,F,00,00,7,17,29.51,386,0.00,55.50,2.800000,0.200000,1000.00,cifi0007.DBF
P9FJ,10P9FJ,F,00,00,7,18,33.05,414,0.00,60.11,2.800000,0.200000,1000.00,cifi0007.DBF
P9FJ,10P9FJ,F,00,00,7,19,36.77,441,0.00,64.90,2.800000,0.200000,1000.00,cifi0007.DBF
P9FJ,10P9FJ,F,00,00,7,20,40.65,467,0.00,69.87,2.800000,0.200000,1000.00,cifi0007.DBF
P9FJ,10P9FJ,F,00,00,7,21,44.69,491,0.00,75.00,2.800000,0.200000,1000.00,cifi0007.DBF
P9FJ,10P9FJ,F,00,00,7,22,48.92,515,0.00,80.33,2.800000,0.200000,1000.00,cifi0007.DBF
P9FJ,10P9FJ,F,00,00,7,23,53.33,538,0.00,85.84,2.800000,0.200000,1000.00,cifi0007.DBF
P9FJ,10P9FJ,F,00,00,7,24,57.94,560,0.00,91.55,2.800000,0.200000,1000.00,cifi0007.DBF
P9FJ,10P9FJ,F,00,00,7,25,62.75,580,0.00,97.47,2.800000,0.200000,1000.00,cifi0007.DBF
P9FJ,10P9FJ,F,00,00,7,26,67.76,600,0.00,103.59,2.800000,0.200000,1000.00,cifi0007.DBF
P9FJ,10P9FJ,F,00,00,7,27,73.00,619,0.00,109.93,2.800000,0.200000,1000.00,cifi0007.DBF
P9FJ,10P9FJ,F,00,00,7,28,78.44,638,0.00,116.48,2.800000,0.200000,1000.00,cifi0007.DBF
P9FJ,10P9FJ,F,00,00,7,29,84.10,655,0.00,123.24,2.800000,0.200000,1000.00,cifi0007.DBF
P9FJ,10P9FJ,F,00,00,7,30,89.98,671,0.00,130.22,2.800000,0.200000,1000.00,cifi0007.DBF
P9FJ,10P9FJ,F,00,00,7,31,96.10,687,0.00,137.43,2.800000,0.200000,1000.00,cifi0007.DBF
P9FJ,10P9FJ,F,00,00,7,32,102.50,702,0.00,144.88,2.800000,0.200000,1000.00,cifi0007.DBF
P9FJ,10P9FJ,F,00,00,7,33,109.16,717,0.00,152.59,2.800000,0.200000,1000.00,cifi0007.DBF
P9FJ,10P9FJ,F,00,00,7,34,116.11,731,0.00,160.57,2.800000,0.200000,1000.00,cifi0007.DBF
P9FJ,10P9FJ,F,00,00,7,35,123.35,744,0.00,168.81,2.800000,0.200000,1000.00,cifi0007.DBF
P9FJ,10P9FJ,F,00,00,7,36,130.89,757,0.00,177.34,2.800000,0.200000,1000.00,cifi0007.DBF
P9FJ,10P9FJ,F,00,00,7,37,138.73,769,0.00,186.14,2.800000,0.200000,1000.00,cifi0007.DBF
P9FJ,10P9FJ,F,00,00,7,38,146.88,781,0.00,195.22,2.800000,0.200000,1000.00,cifi0007.DBF
P9FJ,10P9FJ,F,00,00,7,39,155.33,792,0.00,204.58,2.800000,0.200000,1000.00,cifi0007.DBF
P9FJ,10P9FJ,F,00,00,7,40,164.08,802,0.00,214.20,2.800000,0.200000,1000.00,cifi0007.DBF
P9FJ,10P9FJ,F,00,00,7,41,173.12,812,0.00,224.09,2.800000,0.200000,1000.00,cifi0007.DBF
P9FJ,10P9FJ,F,00,00,7,42,182.46,822,0.00,234.24,2.800000,0.200000,1000.00,cifi0007.DBF
P9FJ,10P9FJ,F,00,00,7,43,192.08,831,0.00,244.63,2.800000,0.200000,1000.00,cifi0007.DBF
P9FJ,10P9FJ,F,00,00,7,44,201.99,840,0.00,255.28,2.800000,0.200000,1000.00,cifi0007.DBF
P9FJ,10P9FJ,F,00,00,7,45,212.19,848,0.00,266.16,2.800000,0.200000,1000.00,cifi0007.DBF
P9FJ,10P9FJ,F,00,00,7,46,222.65,856,0.00,277.28,2.800000,0.200000,1000.00,cifi0007.DBF
P9FJ,10P9FJ,F,00,00,7,47,233.38,863,0.00,288.61,2.800000,0.200000,1000.00,cifi0007.DBF
P9FJ,10P9FJ,F,00,00,7,48,244.38,870,0.00,300.17,2.800000,0.200000,1000.00,cifi0007.DBF
P9FJ,10P9FJ,F,00,00,7,49,255.67,877,0.00,311.95,2.800000,0.200000,1000.00,cifi0007.DBF
P9FJ,10P9FJ,F,00,00,7,50,267.20,883,0.00,323.95,2.800000,0.200000,1000.00,cifi0007.DBF
P9FJ,10P9FJ,F,00,00,7,51,279.00,889,0.00,336.14,2.800000,0.200000,1000.00,cifi0007.DBF
P9FJ,10P9FJ,F,00,00,7,52,291.06,895,0.00,348.53,2.800000,0.200000,1000.00,cifi0007.DBF
P9FJ,10P9FJ,F,00,00,7,53,303.41,900,0.00,361.14,2.800000,0.200000,1000.00,cifi0007.DBF
P9FJ,10P9FJ,F,00,00,7,54,316.07,906,0.00,373.98,2.800000,0.200000,1000.00,cifi0007.DBF
P9FJ,10P9FJ,F,00,00,7,55,329.04,911,0.00,387.05,2.800000,0.200000,1000.00,cifi0007.DBF
P9FJ,10P9FJ,F,00,00,7,56,342.30,915,0.00,400.36,2.800000,0.200000,1000.00,cifi0007.DBF
P9FJ,10P9FJ,F,00,00,7,57,355.89,920,0.00,413.89,2.800000,0.200000,1000.00,cifi0007.DBF
P9FJ,10P9FJ,F,00,00,7,58,369.81,924,0.00,427.67,2.800000,0.200000,1000.00,cifi0007.DBF
P9FJ,10P9FJ,F,00,00,7,59,384.04,928,0.00,441.69,2.800000,0.200000,1000.00,cifi0007.DBF
P9FJ,10P9FJ,F,00,00,7,60,398.58,932,0.00,455.93,2.800000,0.200000,1000.00,cifi0007.DBF
P9FJ,10P9FJ,F,00,00,7,61,413.42,936,0.00,470.38,2.800000,0.200000,1000.00,cifi0007.DBF
P9FJ,10P9FJ,F,00,00,7,62,428.54,940,0.00,485.03,2.800000,0.200000,1000.00,cifi0007.DBF
P9FJ,10P9FJ,F,00,00,7,63,443.94,943,0.00,499.86,2.800000,0.200000,1000.00,cifi0007.DBF
P9FJ,10P9FJ,F,00,00,7,64,459.59,947,0.00,514.87,2.800000,0.200000,1000.00,cifi0007.DBF
P9FJ,10P9FJ,F,00,00,7,65,475.46,950,0.00,530.02,2.800000,0.200000,1000.00,cifi0007.DBF
P9FJ,10P9FJ,F,00,00,7,66,491.51,953,0.00,545.27,2.800000,0.200000,1000.00,cifi0007.DBF
P9FJ,10P9FJ,F,00,00,7,67,507.73,956,0.00,560.60,2.800000,0.200000,1000.00,cifi0007.DBF
P9FJ,10P9FJ,F,00,00,7,68,524.11,958,0.00,576.01,2.800000,0.200000,1000.00,cifi0007.DBF
P9FJ,10P9FJ,F,00,00,7,69,540.62,961,0.00,591.48,2.800000,0.200000,1000.00,cifi0007.DBF
P9FJ,10P9FJ,F,00,00,7,70,557.26,963,0.00,606.98,2.800000,0.200000,1000.00,cifi0007.DBF
P9FJ,10P9FJ,F,00,00,7,71,574.01,966,0.00,622.51,2.800000,0.200000,1000.00,cifi0007.DBF
P9FJ,10P9FJ,F,00,00,7,72,590.84,968,0.00,638.04,2.800000,0.200000,1000.00,cifi0007.DBF
P9FJ,10P9FJ,F,00,00,7,73,607.78,970,0.00,653.58,2.800000,0.200000,1000.00,cifi0007.DBF
P9FJ,10P9FJ,F,00,00,7,74,624.80,972,0.00,669.13,2.800000,0.200000,1000.00,cifi0007.DBF
P9FJ,10P9FJ,F,00,00,7,75,641.53,974,0.00,684.50,2.800000,0.200000,1000.00,cifi0007.DBF
P9FJ,10P9FJ,F,00,00,7,76,657.88,976,0.00,699.51,2.800000,0.200000,1000.00,cifi0007.DBF
P9FJ,10P9FJ,F,00,00,7,77,674.02,978,0.00,714.19,2.800000,0.200000,1000.00,cifi0007.DBF
P9FJ,10P9FJ,F,00,00,7,78,689.92,979,0.00,728.61,2.800000,0.200000,1000.00,cifi0007.DBF
P9FJ,10P9FJ,F,00,00,7,79,705.52,981,0.00,742.72,2.800000,0.200000,1000.00,cifi0007.DBF
P9FJ,10P9FJ,F,00,00,7,80,721.21,982,0.00,756.67,2.800000,0.200000,1000.00,cifi0007.DBF
P9FJ,10P9FJ,F,00,00,7,81,736.28,983,0.00,770.34,2.800000,0.200000,1000.00,cifi0007.DBF
P9FJ,10P9FJ,F,00,00,7,82,750.84,985,0.00,783.47,2.800000,0.200000,1000.00,cifi0007.DBF
P9FJ,10P9FJ,F,00,00,7,83,764.96,986,0.00,796.13,2.800000,0.200000,1000.00,cifi0007.DBF
P9FJ,10P9FJ,F,00,00,7,84,779.10,987,0.00,808.58,2.800000,0.200000,1000.00,cifi0007.DBF
P9FJ,10P9FJ,F,00,00,7,85,794.80,988,0.00,821.64,2.800000,0.200000,1000.00,cifi0007.DBF
P9FJ,10P9FJ,F,00,00,7,86,811.47,989,0.00,835.72,2.800000,0.200000,1000.00,cifi0007.DBF
P9FJ,10P9FJ,F,00,00,7,87,828.78,991,0.00,850.42,2.800000,0.200000,1000.00,cifi0007.DBF
P9FJ,10P9FJ,F,00,00,7,88,846.77,992,0.00,865.61,2.800000,0.200000,1000.00,cifi0007.DBF
P9FJ,10P9FJ,F,00,00,7,89,865.77,993,0.00,881.43,2.800000,0.200000,1000.00,cifi0007.DBF
P9FJ,10P9FJ,F,00,00,7,90,887.39,994,0.00,898.70,2.800000,0.200000,1000.00,cifi0007.DBF
P9FJ,10P9FJ,F,00,00,7,91,913.81,996,0.00,918.96,2.800000,0.200000,1000.00,cifi0007.DBF
P9FJ,10P9FJ,F,00,00,7,92,949.95,998,0.00,945.10,2.800000,0.200000,1000.00,cifi0007.DBF
P9FJ,10P9FJ,F,00,00,8,1,0.00,0,0.00,0.10,0.000000,0.200000,1000.00,cifi0007.DBF
P9FJ,10P9FJ,F,00,00,8,2,0.00,0,0.00,2.86,2.910000,0.200000,1000.00,cifi0007.DBF
P9FJ,10P9FJ,F,00,00,8,3,0.00,0,0.00,5.73,2.910000,0.200000,1000.00,cifi0007.DBF
P9FJ,10P9FJ,F,00,00,8,4,0.00,0,0.00,8.70,2.910000,0.200000,1000.00,cifi0007.DBF
P9FJ,10P9FJ,F,00,00,8,5,0.00,0,0.00,11.76,2.910000,0.200000,1000.00,cifi0007.DBF
P9FJ,10P9FJ,F,00,00,8,6,0.00,0,0.00,14.92,2.910000,0.200000,1000.00,cifi0007.DBF
P9FJ,10P9FJ,F,00,00,8,7,2.07,40,0.00,18.17,2.910000,0.200000,1000.00,cifi0007.DBF
P9FJ,10P9FJ,F,00,00,8,8,4.49,83,0.00,21.54,2.910000,0.200000,1000.00,cifi0007.DBF
P9FJ,10P9FJ,F,00,00,8,9,6.97,123,0.00,25.02,2.910000,0.200000,1000.00,cifi0007.DBF
P9FJ,10P9FJ,F,00,00,8,10,9.56,162,0.00,28.60,2.910000,0.200000,1000.00,cifi0007.DBF
P9FJ,10P9FJ,F,00,00,8,11,12.26,199,0.00,32.30,2.910000,0.200000,1000.00,cifi0007.DBF
P9FJ,10P9FJ,F,00,00,8,12,15.08,234,0.00,36.14,2.910000,0.200000,1000.00,cifi0007.DBF
P9FJ,10P9FJ,F,00,00,8,13,18.04,268,0.00,40.12,2.910000,0.200000,1000.00,cifi0007.DBF
P9FJ,10P9FJ,F,00,00,8,14,21.13,301,0.00,44.26,2.910000,0.200000,1000.00,cifi0007.DBF
P9FJ,10P9FJ,F,00,00,8,15,24.36,333,0.00,48.54,2.910000,0.200000,1000.00,cifi0007.DBF
P9FJ,10P9FJ,F,00,00,8,16,27.76,363,0.00,53.00,2.910000,0.200000,1000.00,cifi0007.DBF
P9FJ,10P9FJ,F,00,00,8,17,31.30,392,0.00,57.62,2.910000,0.200000,1000.00,cifi0007.DBF
P9FJ,10P9FJ,F,00,00,8,18,35.03,420,0.00,62.42,2.910000,0.200000,1000.00,cifi0007.DBF
P9FJ,10P9FJ,F,00,00,8,19,38.92,447,0.00,67.40,2.910000,0.200000,1000.00,cifi0007.DBF
P9FJ,10P9FJ,F,00,00,8,20,42.96,472,0.00,72.55,2.910000,0.200000,1000.00,cifi0007.DBF
P9FJ,10P9FJ,F,00,00,8,21,47.20,497,0.00,77.89,2.910000,0.200000,1000.00,cifi0007.DBF
P9FJ,10P9FJ,F,00,00,8,22,51.62,521,0.00,83.42,2.910000,0.200000,1000.00,cifi0007.DBF
P9FJ,10P9FJ,F,00,00,8,23,56.24,543,0.00,89.15,2.910000,0.200000,1000.00,cifi0007.DBF
P9FJ,10P9FJ,F,00,00,8,24,61.05,565,0.00,95.08,2.910000,0.200000,1000.00,cifi0007.DBF
P9FJ,10P9FJ,F,00,00,8,25,66.08,585,0.00,101.22,2.910000,0.200000,1000.00,cifi0007.DBF
P9FJ,10P9FJ,F,00,00,8,26,71.32,605,0.00,107.57,2.910000,0.200000,1000.00,cifi0007.DBF
P9FJ,10P9FJ,F,00,00,8,27,76.77,624,0.00,114.14,2.910000,0.200000,1000.00,cifi0007.DBF
P9FJ,10P9FJ,F,00,00,8,28,82.44,642,0.00,120.92,2.910000,0.200000,1000.00,cifi0007.DBF
P9FJ,10P9FJ,F,00,00,8,29,88.34,659,0.00,127.92,2.910000,0.200000,1000.00,cifi0007.DBF
P9FJ,10P9FJ,F,00,00,8,30,94.46,675,0.00,135.15,2.910000,0.200000,1000.00,cifi0007.DBF
P9FJ,10P9FJ,F,00,00,8,31,100.87,691,0.00,142.62,2.910000,0.200000,1000.00,cifi0007.DBF
P9FJ,10P9FJ,F,00,00,8,32,107.55,706,0.00,150.35,2.910000,0.200000,1000.00,cifi0007.DBF
P9FJ,10P9FJ,F,00,00,8,33,114.51,721,0.00,158.35,2.910000,0.200000,1000.00,cifi0007.DBF
P9FJ,10P9FJ,F,00,00,8,34,121.76,735,0.00,166.62,2.910000,0.200000,1000.00,cifi0007.DBF
P9FJ,10P9FJ,F,00,00,8,35,129.32,748,0.00,175.17,2.910000,0.200000,1000.00,cifi0007.DBF
P9FJ,10P9FJ,F,00,00,8,36,137.18,760,0.00,183.99,2.910000,0.200000,1000.00,cifi0007.DBF
P9FJ,10P9FJ,F,00,00,8,37,145.34,773,0.00,193.10,2.910000,0.200000,1000.00,cifi0007.DBF
P9FJ,10P9FJ,F,00,00,8,38,153.80,784,0.00,202.48,2.910000,0.200000,1000.00,cifi0007.DBF
P9FJ,10P9FJ,F,00,00,8,39,162.57,795,0.00,212.13,2.910000,0.200000,1000.00,cifi0007.DBF
P9FJ,10P9FJ,F,00,00,8,40,171.63,805,0.00,222.05,2.910000,0.200000,1000.00,cifi0007.DBF
P9FJ,10P9FJ,F,00,00,8,41,180.98,815,0.00,232.22,2.910000,0.200000,1000.00,cifi0007.DBF
P9FJ,10P9FJ,F,00,00,8,42,190.62,825,0.00,242.64,2.910000,0.200000,1000.00,cifi0007.DBF
P9FJ,10P9FJ,F,00,00,8,43,200.55,834,0.00,253.32,2.910000,0.200000,1000.00,cifi0007.DBF
P9FJ,10P9FJ,F,00,00,8,44,210.76,842,0.00,264.23,2.910000,0.200000,1000.00,cifi0007.DBF
P9FJ,10P9FJ,F,00,00,8,45,221.24,850,0.00,275.38,2.910000,0.200000,1000.00,cifi0007.DBF
P9FJ,10P9FJ,F,00,00,8,46,231.99,858,0.00,286.74,2.910000,0.200000,1000.00,cifi0007.DBF
P9FJ,10P9FJ,F,00,00,8,47,243.01,865,0.00,298.33,2.910000,0.200000,1000.00,cifi0007.DBF
P9FJ,10P9FJ,F,00,00,8,48,254.32,872,0.00,310.15,2.910000,0.200000,1000.00,cifi0007.DBF
P9FJ,10P9FJ,F,00,00,8,49,265.88,879,0.00,322.17,2.910000,0.200000,1000.00,cifi0007.DBF
P9FJ,10P9FJ,F,00,00,8,50,277.70,885,0.00,334.40,2.910000,0.200000,1000.00,cifi0007.DBF
P9FJ,10P9FJ,F,00,00,8,51,289.78,891,0.00,346.82,2.910000,0.200000,1000.00,cifi0007.DBF
P9FJ,10P9FJ,F,00,00,8,52,302.15,897,0.00,359.47,2.910000,0.200000,1000.00,cifi0007.DBF
P9FJ,10P9FJ,F,00,00,8,53,314.84,902,0.00,372.34,2.910000,0.200000,1000.00,cifi0007.DBF
P9FJ,10P9FJ,F,00,00,8,54,327.82,907,0.00,385.45,2.910000,0.200000,1000.00,cifi0007.DBF
P9FJ,10P9FJ,F,00,00,8,55,341.11,912,0.00,398.79,2.910000,0.200000,1000.00,cifi0007.DBF
P9FJ,10P9FJ,F,00,00,8,56,354.73,917,0.00,412.36,2.910000,0.200000,1000.00,cifi0007.DBF
P9FJ,10P9FJ,F,00,00,8,57,368.67,921,0.00,426.18,2.910000,0.200000,1000.00,cifi0007.DBF
P9FJ,10P9FJ,F,00,00,8,58,382.93,926,0.00,440.23,2.910000,0.200000,1000.00,cifi0007.DBF
P9FJ,10P9FJ,F,00,00,8,59,397.49,930,0.00,454.51,2.910000,0.200000,1000.00,cifi0007.DBF
P9FJ,10P9FJ,F,00,00,8,60,412.36,934,0.00,469.00,2.910000,0.200000,1000.00,cifi0007.DBF
P9FJ,10P9FJ,F,00,00,8,61,427.51,937,0.00,483.69,2.910000,0.200000,1000.00,cifi0007.DBF
P9FJ,10P9FJ,F,00,00,8,62,442.93,941,0.00,498.56,2.910000,0.200000,1000.00,cifi0007.DBF
P9FJ,10P9FJ,F,00,00,8,63,458.62,945,0.00,513.61,2.910000,0.200000,1000.00,cifi0007.DBF
P9FJ,10P9FJ,F,00,00,8,64,474.51,948,0.00,528.80,2.910000,0.200000,1000.00,cifi0007.DBF
P9FJ,10P9FJ,F,00,00,8,65,490.59,951,0.00,544.09,2.910000,0.200000,1000.00,cifi0007.DBF
P9FJ,10P9FJ,F,00,00,8,66,506.84,954,0.00,559.47,2.910000,0.200000,1000.00,cifi0007.DBF
P9FJ,10P9FJ,F,00,00,8,67,523.25,957,0.00,574.92,2.910000,0.200000,1000.00,cifi0007.DBF
P9FJ,10P9FJ,F,00,00,8,68,539.79,959,0.00,590.42,2.910000,0.200000,1000.00,cifi0007.DBF
P9FJ,10P9FJ,F,00,00,8,69,556.46,962,0.00,605.97,2.910000,0.200000,1000.00,cifi0007.DBF
P9FJ,10P9FJ,F,00,00,8,70,573.24,964,0.00,621.54,2.910000,0.200000,1000.00,cifi0007.DBF
P9FJ,10P9FJ,F,00,00,8,71,590.10,967,0.00,637.12,2.910000,0.200000,1000.00,cifi0007.DBF
P9FJ,10P9FJ,F,00,00,8,72,607.07,969,0.00,652.70,2.910000,0.200000,1000.00,cifi0007.DBF
P9FJ,10P9FJ,F,00,00,8,73,624.12,971,0.00,668.28,2.910000,0.200000,1000.00,cifi0007.DBF
P9FJ,10P9FJ,F,00,00,8,74,640.88,973,0.00,683.70,2.910000,0.200000,1000.00,cifi0007.DBF
P9FJ,10P9FJ,F,00,00,8,75,657.26,975,0.00,698.75,2.910000,0.200000,1000.00,cifi0007.DBF
P9FJ,10P9FJ,F,00,00,8,76,673.43,977,0.00,713.47,2.910000,0.200000,1000.00,cifi0007.DBF
P9FJ,10P9FJ,F,00,00,8,77,689.36,978,0.00,727.92,2.910000,0.200000,1000.00,cifi0007.DBF
P9FJ,10P9FJ,F,00,00,8,78,704.99,980,0.00,742.07,2.910000,0.200000,1000.00,cifi0007.DBF
P9FJ,10P9FJ,F,00,00,8,79,720.71,981,0.00,756.07,2.910000,0.200000,1000.00,cifi0007.DBF
P9FJ,10P9FJ,F,00,00,8,80,735.81,983,0.00,769.78,2.910000,0.200000,1000.00,cifi0007.DBF
P9FJ,10P9FJ,F,00,00,8,81,750.39,984,0.00,782.94,2.910000,0.200000,1000.00,cifi0007.DBF
P9FJ,10P9FJ,F,00,00,8,82,764.53,985,0.00,795.64,2.910000,0.200000,1000.00,cifi0007.DBF
P9FJ,10P9FJ,F,00,00,8,83,778.70,986,0.00,808.11,2.910000,0.200000,1000.00,cifi0007.DBF
P9FJ,10P9FJ,F,00,00,8,84,794.42,988,0.00,821.21,2.910000,0.200000,1000.00,cifi0007.DBF
P9FJ,10P9FJ,F,00,00,8,85,811.13,989,0.00,835.33,2.910000,0.200000,1000.00,cifi0007.DBF
P9FJ,10P9FJ,F,00,00,8,86,828.47,990,0.00,850.07,2.910000,0.200000,1000.00,cifi0007.DBF
P9FJ,10P9FJ,F,00,00,8,87,846.50,991,0.00,865.30,2.910000,0.200000,1000.00,cifi0007.DBF
P9FJ,10P9FJ,F,00,00,8,88,865.52,993,0.00,881.17,2.910000,0.200000,1000.00,cifi0007.DBF
P9FJ,10P9FJ,F,00,00,8,89,887.18,994,0.00,898.47,2.910000,0.200000,1000.00,cifi0007.DBF
P9FJ,10P9FJ,F,00,00,8,90,913.65,996,0.00,918.79,2.910000,0.200000,1000.00,cifi0007.DBF
P9FJ,10P9FJ,F,00,00,8,91,949.86,998,0.00,945.00,2.910000,0.200000,1000.00,cifi0007.DBF
P9FJ,10P9FJ,F,00,00,9,1,0.00,0,0.00,0.10,0.000000,0.200000,1000.00,cifi0007.DBF
P9FJ,10P9FJ,F,00,00,9,2,0.00,0,0.00,2.98,3.020000,0.200000,1000.00,cifi0007.DBF
P9FJ,10P9FJ,F,00,00,9,3,0.00,0,0.00,5.96,3.020000,0.200000,1000.00,cifi0007.DBF
P9FJ,10P9FJ,F,00,00,9,4,0.00,0,0.00,9.03,3.020000,0.200000,1000.00,cifi0007.DBF
P9FJ,10P9FJ,F,00,00,9,5,0.00,0,0.00,12.19,3.020000,0.200000,1000.00,cifi0007.DBF
P9FJ,10P9FJ,F,00,00,9,6,0.17,4,0.00,15.46,3.020000,0.200000,1000.00,cifi0007.DBF
P9FJ,10P9FJ,F,00,00,9,7,2.60,48,0.00,18.84,3.020000,0.200000,1000.00,cifi0007.DBF
P9FJ,10P9FJ,F,00,00,9,8,5.08,90,0.00,22.32,3.020000,0.200000,1000.00,cifi0007.DBF
P9FJ,10P9FJ,F,00,00,9,9,7.67,130,0.00,25.91,3.020000,0.200000,1000.00,cifi0007.DBF
P9FJ,10P9FJ,F,00,00,9,10,10.38,168,0.00,29.63,3.020000,0.200000,1000.00,cifi0007.DBF
P9FJ,10P9FJ,F,00,00,9,11,13.20,205,0.00,33.48,3.020000,0.200000,1000.00,cifi0007.DBF
P9FJ,10P9FJ,F,00,00,9,12,16.17,241,0.00,37.47,3.020000,0.200000,1000.00,cifi0007.DBF
P9FJ,10P9FJ,F,00,00,9,13,19.26,275,0.00,41.61,3.020000,0.200000,1000.00,cifi0007.DBF
P9FJ,10P9FJ,F,00,00,9,14,22.50,307,0.00,45.91,3.020000,0.200000,1000.00,cifi0007.DBF
P9FJ,10P9FJ,F,00,00,9,15,25.91,339,0.00,50.38,3.020000,0.200000,1000.00,cifi0007.DBF
P9FJ,10P9FJ,F,00,00,9,16,29.46,369,0.00,55.02,3.020000,0.200000,1000.00,cifi0007.DBF
P9FJ,10P9FJ,F,00,00,9,17,33.19,398,0.00,59.83,3.020000,0.200000,1000.00,cifi0007.DBF
P9FJ,10P9FJ,F,00,00,9,18,37.09,426,0.00,64.83,3.020000,0.200000,1000.00,cifi0007.DBF
P9FJ,10P9FJ,F,00,00,9,19,41.14,452,0.00,69.99,3.020000,0.200000,1000.00,cifi0007.DBF
P9FJ,10P9FJ,F,00,00,9,20,45.39,478,0.00,75.34,3.020000,0.200000,1000.00,cifi0007.DBF
P9FJ,10P9FJ,F,00,00,9,21,49.81,502,0.00,80.89,3.020000,0.200000,1000.00,cifi0007.DBF
P9FJ,10P9FJ,F,00,00,9,22,54.44,526,0.00,86.63,3.020000,0.200000,1000.00,cifi0007.DBF
P9FJ,10P9FJ,F,00,00,9,23,59.27,548,0.00,92.58,3.020000,0.200000,1000.00,cifi0007.DBF
P9FJ,10P9FJ,F,00,00,9,24,64.30,570,0.00,98.74,3.020000,0.200000,1000.00,cifi0007.DBF
P9FJ,10P9FJ,F,00,00,9,25,69.55,590,0.00,105.11,3.020000,0.200000,1000.00,cifi0007.DBF
P9FJ,10P9FJ,F,00,00,9,26,75.01,610,0.00,111.70,3.020000,0.200000,1000.00,cifi0007.DBF
P9FJ,10P9FJ,F,00,00,9,27,80.69,628,0.00,118.50,3.020000,0.200000,1000.00,cifi0007.DBF
P9FJ,10P9FJ,F,00,00,9,28,86.60,646,0.00,125.51,3.020000,0.200000,1000.00,cifi0007.DBF
P9FJ,10P9FJ,F,00,00,9,29,92.74,663,0.00,132.76,3.020000,0.200000,1000.00,cifi0007.DBF
P9FJ,10P9FJ,F,00,00,9,30,99.16,680,0.00,140.25,3.020000,0.200000,1000.00,cifi0007.DBF
P9FJ,10P9FJ,F,00,00,9,31,105.85,695,0.00,148.01,3.020000,0.200000,1000.00,cifi0007.DBF
P9FJ,10P9FJ,F,00,00,9,32,112.82,710,0.00,156.03,3.020000,0.200000,1000.00,cifi0007.DBF
P9FJ,10P9FJ,F,00,00,9,33,120.09,725,0.00,164.32,3.020000,0.200000,1000.00,cifi0007.DBF
P9FJ,10P9FJ,F,00,00,9,34,127.66,738,0.00,172.89,3.020000,0.200000,1000.00,cifi0007.DBF
P9FJ,10P9FJ,F,00,00,9,35,135.53,751,0.00,181.75,3.020000,0.200000,1000.00,cifi0007.DBF
P9FJ,10P9FJ,F,00,00,9,36,143.71,764,0.00,190.88,3.020000,0.200000,1000.00,cifi0007.DBF
P9FJ,10P9FJ,F,00,00,9,37,152.19,776,0.00,200.28,3.020000,0.200000,1000.00,cifi0007.DBF
P9FJ,10P9FJ,F,00,00,9,38,160.98,787,0.00,209.96,3.020000,0.200000,1000.00,cifi0007.DBF
P9FJ,10P9FJ,F,00,00,9,39,170.05,798,0.00,219.91,3.020000,0.200000,1000.00,cifi0007.DBF
P9FJ,10P9FJ,F,00,00,9,40,179.42,808,0.00,230.11,3.020000,0.200000,1000.00,cifi0007.DBF
P9FJ,10P9FJ,F,00,00,9,41,189.08,818,0.00,240.56,3.020000,0.200000,1000.00,cifi0007.DBF
P9FJ,10P9FJ,F,00,00,9,42,199.03,827,0.00,251.27,3.020000,0.200000,1000.00,cifi0007.DBF
P9FJ,10P9FJ,F,00,00,9,43,209.26,836,0.00,262.21,3.020000,0.200000,1000.00,cifi0007.DBF
P9FJ,10P9FJ,F,00,00,9,44,219.76,845,0.00,273.39,3.020000,0.200000,1000.00,cifi0007.DBF
P9FJ,10P9FJ,F,00,00,9,45,230.53,853,0.00,284.78,3.020000,0.200000,1000.00,cifi0007.DBF
P9FJ,10P9FJ,F,00,00,9,46,241.57,860,0.00,296.41,3.020000,0.200000,1000.00,cifi0007.DBF
P9FJ,10P9FJ,F,00,00,9,47,252.90,867,0.00,308.25,3.020000,0.200000,1000.00,cifi0007.DBF
P9FJ,10P9FJ,F,00,00,9,48,264.48,874,0.00,320.31,3.020000,0.200000,1000.00,cifi0007.DBF
P9FJ,10P9FJ,F,00,00,9,49,276.32,881,0.00,332.57,3.020000,0.200000,1000.00,cifi0007.DBF
P9FJ,10P9FJ,F,00,00,9,50,288.43,887,0.00,345.04,3.020000,0.200000,1000.00,cifi0007.DBF
P9FJ,10P9FJ,F,00,00,9,51,300.82,893,0.00,357.71,3.020000,0.200000,1000.00,cifi0007.DBF
P9FJ,10P9FJ,F,00,00,9,52,313.53,898,0.00,370.62,3.020000,0.200000,1000.00,cifi0007.DBF
P9FJ,10P9FJ,F,00,00,9,53,326.54,904,0.00,383.77,3.020000,0.200000,1000.00,cifi0007.DBF
P9FJ,10P9FJ,F,00,00,9,54,339.86,909,0.00,397.14,3.020000,0.200000,1000.00,cifi0007.DBF
P9FJ,10P9FJ,F,00,00,9,55,353.50,914,0.00,410.76,3.020000,0.200000,1000.00,cifi0007.DBF
P9FJ,10P9FJ,F,00,00,9,56,367.47,918,0.00,424.61,3.020000,0.200000,1000.00,cifi0007.DBF
P9FJ,10P9FJ,F,00,00,9,57,381.75,923,0.00,438.70,3.020000,0.200000,1000.00,cifi0007.DBF
P9FJ,10P9FJ,F,00,00,9,58,396.34,927,0.00,453.02,3.020000,0.200000,1000.00,cifi0007.DBF
P9FJ,10P9FJ,F,00,00,9,59,411.24,931,0.00,467.55,3.020000,0.200000,1000.00,cifi0007.DBF
P9FJ,10P9FJ,F,00,00,9,60,426.42,935,0.00,482.29,3.020000,0.200000,1000.00,cifi0007.DBF
P9FJ,10P9FJ,F,00,00,9,61,441.87,939,0.00,497.20,3.020000,0.200000,1000.00,cifi0007.DBF
P9FJ,10P9FJ,F,00,00,9,62,457.59,942,0.00,512.29,3.020000,0.200000,1000.00,cifi0007.DBF
P9FJ,10P9FJ,F,00,00,9,63,473.51,946,0.00,527.52,3.020000,0.200000,1000.00,cifi0007.DBF
P9FJ,10P9FJ,F,00,00,9,64,489.62,949,0.00,542.86,3.020000,0.200000,1000.00,cifi0007.DBF
P9FJ,10P9FJ,F,00,00,9,65,505.90,952,0.00,558.28,3.020000,0.200000,1000.00,cifi0007.DBF
P9FJ,10P9FJ,F,00,00,9,66,522.34,955,0.00,573.77,3.020000,0.200000,1000.00,cifi0007.DBF
P9FJ,10P9FJ,F,00,00,9,67,538.92,958,0.00,589.32,3.020000,0.200000,1000.00,cifi0007.DBF
P9FJ,10P9FJ,F,00,00,9,68,555.62,961,0.00,604.91,3.020000,0.200000,1000.00,cifi0007.DBF
P9FJ,10P9FJ,F,00,00,9,69,572.42,963,0.00,620.52,3.020000,0.200000,1000.00,cifi0007.DBF
P9FJ,10P9FJ,F,00,00,9,70,589.32,966,0.00,636.15,3.020000,0.200000,1000.00,cifi0007.DBF
P9FJ,10P9FJ,F,00,00,9,71,606.32,968,0.00,651.77,3.020000,0.200000,1000.00,cifi0007.DBF
P9FJ,10P9FJ,F,00,00,9,72,623.40,970,0.00,667.40,3.020000,0.200000,1000.00,cifi0007.DBF
P9FJ,10P9FJ,F,00,00,9,73,640.20,972,0.00,682.86,3.020000,0.200000,1000.00,cifi0007.DBF
P9FJ,10P9FJ,F,00,00,9,74,656.61,974,0.00,697.95,3.020000,0.200000,1000.00,cifi0007.DBF
P9FJ,10P9FJ,F,00,00,9,75,672.81,976,0.00,712.71,3.020000,0.200000,1000.00,cifi0007.DBF
P9FJ,10P9FJ,F,00,00,9,76,688.77,978,0.00,727.21,3.020000,0.200000,1000.00,cifi0007.DBF
P9FJ,10P9FJ,F,00,00,9,77,704.43,979,0.00,741.40,3.020000,0.200000,1000.00,cifi0007.DBF
P9FJ,10P9FJ,F,00,00,9,78,720.18,981,0.00,755.43,3.020000,0.200000,1000.00,cifi0007.DBF
P9FJ,10P9FJ,F,00,00,9,79,735.30,982,0.00,769.18,3.020000,0.200000,1000.00,cifi0007.DBF
P9FJ,10P9FJ,F,00,00,9,80,749.92,983,0.00,782.38,3.020000,0.200000,1000.00,cifi0007.DBF
P9FJ,10P9FJ,F,00,00,9,81,764.08,985,0.00,795.11,3.020000,0.200000,1000.00,cifi0007.DBF
P9FJ,10P9FJ,F,00,00,9,82,778.28,986,0.00,807.62,3.020000,0.200000,1000.00,cifi0007.DBF
P9FJ,10P9FJ,F,00,00,9,83,794.03,987,0.00,820.76,3.020000,0.200000,1000.00,cifi0007.DBF
P9FJ,10P9FJ,F,00,00,9,84,810.77,988,0.00,834.92,3.020000,0.200000,1000.00,cifi0007.DBF
P9FJ,10P9FJ,F,00,00,9,85,828.14,990,0.00,849.70,3.020000,0.200000,1000.00,cifi0007.DBF
P9FJ,10P9FJ,F,00,00,9,86,846.21,991,0.00,864.97,3.020000,0.200000,1000.00,cifi0007.DBF
P9FJ,10P9FJ,F,00,00,9,87,865.27,992,0.00,880.88,3.020000,0.200000,1000.00,cifi0007.DBF
P9FJ,10P9FJ,F,00,00,9,88,886.97,994,0.00,898.24,3.020000,0.200000,1000.00,cifi0007.DBF
P9FJ,10P9FJ,F,00,00,9,89,913.49,996,0.00,918.61,3.020000,0.200000,1000.00,cifi0007.DBF
P9FJ,10P9FJ,F,00,00,9,90,949.77,998,0.00,944.90,3.020000,0.200000,1000.00,cifi0007.DBF
P9FJ,10P9FJ,F,00,00,10,1,0.00,0,0.00,0.11,0.000000,0.210000,1000.00,cifi0007.DBF
P9FJ,10P9FJ,F,00,00,10,2,0.00,0,0.00,3.09,3.150000,0.210000,1000.00,cifi0007.DBF
P9FJ,10P9FJ,F,00,00,10,3,0.00,0,0.00,6.18,3.150000,0.210000,1000.00,cifi0007.DBF
P9FJ,10P9FJ,F,00,00,10,4,0.00,0,0.00,9.35,3.150000,0.210000,1000.00,cifi0007.DBF
P9FJ,10P9FJ,F,00,00,10,5,0.00,0,0.00,12.62,3.150000,0.210000,1000.00,cifi0007.DBF
P9FJ,10P9FJ,F,00,00,10,6,0.60,12,0.00,16.01,3.150000,0.210000,1000.00,cifi0007.DBF
P9FJ,10P9FJ,F,00,00,10,7,3.09,55,0.00,19.51,3.150000,0.210000,1000.00,cifi0007.DBF
P9FJ,10P9FJ,F,00,00,10,8,5.68,96,0.00,23.11,3.150000,0.210000,1000.00,cifi0007.DBF
P9FJ,10P9FJ,F,00,00,10,9,8.40,136,0.00,26.83,3.150000,0.210000,1000.00,cifi0007.DBF
P9FJ,10P9FJ,F,00,00,10,10,11.23,174,0.00,30.70,3.150000,0.210000,1000.00,cifi0007.DBF
P9FJ,10P9FJ,F,00,00,10,11,14.19,211,0.00,34.70,3.150000,0.210000,1000.00,cifi0007.DBF
P9FJ,10P9FJ,F,00,00,10,12,17.30,247,0.00,38.86,3.150000,0.210000,1000.00,cifi0007.DBF
P9FJ,10P9FJ,F,00,00,10,13,20.55,281,0.00,43.17,3.150000,0.210000,1000.00,cifi0007.DBF
P9FJ,10P9FJ,F,00,00,10,14,23.95,313,0.00,47.65,3.150000,0.210000,1000.00,cifi0007.DBF
P9FJ,10P9FJ,F,00,00,10,15,27.51,345,0.00,52.30,3.150000,0.210000,1000.00,cifi0007.DBF
P9FJ,10P9FJ,F,00,00,10,16,31.26,375,0.00,57.12,3.150000,0.210000,1000.00,cifi0007.DBF
P9FJ,10P9FJ,F,00,00,10,17,35.16,404,0.00,62.13,3.150000,0.210000,1000.00,cifi0007.DBF
P9FJ,10P9FJ,F,00,00,10,18,39.22,431,0.00,67.32,3.150000,0.210000,1000.00,cifi0007.DBF
P9FJ,10P9FJ,F,00,00,10,19,43.47,458,0.00,72.68,3.150000,0.210000,1000.00,cifi0007.DBF
P9FJ,10P9FJ,F,00,00,10,20,47.91,483,0.00,78.25,3.150000,0.210000,1000.00,cifi0007.DBF
P9FJ,10P9FJ,F,00,00,10,21,52.54,507,0.00,84.01,3.150000,0.210000,1000.00,cifi0007.DBF
P9FJ,10P9FJ,F,00,00,10,22,57.38,531,0.00,89.97,3.150000,0.210000,1000.00,cifi0007.DBF
P9FJ,10P9FJ,F,00,00,10,23,62.42,553,0.00,96.15,3.150000,0.210000,1000.00,cifi0007.DBF
P9FJ,10P9FJ,F,00,00,10,24,67.69,574,0.00,102.54,3.150000,0.210000,1000.00,cifi0007.DBF
P9FJ,10P9FJ,F,00,00,10,25,73.16,595,0.00,109.15,3.150000,0.210000,1000.00,cifi0007.DBF
P9FJ,10P9FJ,F,00,00,10,26,78.85,614,0.00,115.96,3.150000,0.210000,1000.00,cifi0007.DBF
P9FJ,10P9FJ,F,00,00,10,27,84.77,633,0.00,123.00,3.150000,0.210000,1000.00,cifi0007.DBF
P9FJ,10P9FJ,F,00,00,10,28,90.92,650,0.00,130.27,3.150000,0.210000,1000.00,cifi0007.DBF
P9FJ,10P9FJ,F,00,00,10,29,97.35,667,0.00,137.78,3.150000,0.210000,1000.00,cifi0007.DBF
P9FJ,10P9FJ,F,00,00,10,30,104.06,683,0.00,145.56,3.150000,0.210000,1000.00,cifi0007.DBF
P9FJ,10P9FJ,F,00,00,10,31,111.04,699,0.00,153.61,3.150000,0.210000,1000.00,cifi0007.DBF
P9FJ,10P9FJ,F,00,00,10,32,118.33,714,0.00,161.92,3.150000,0.210000,1000.00,cifi0007.DBF
P9FJ,10P9FJ,F,00,00,10,33,125.91,728,0.00,170.52,3.150000,0.210000,1000.00,cifi0007.DBF
P9FJ,10P9FJ,F,00,00,10,34,133.80,742,0.00,179.40,3.150000,0.210000,1000.00,cifi0007.DBF
P9FJ,10P9FJ,F,00,00,10,35,142.00,755,0.00,188.55,3.150000,0.210000,1000.00,cifi0007.DBF
P9FJ,10P9FJ,F,00,00,10,36,150.49,767,0.00,197.99,3.150000,0.210000,1000.00,cifi0007.DBF
P9FJ,10P9FJ,F,00,00,10,37,159.29,779,0.00,207.70,3.150000,0.210000,1000.00,cifi0007.DBF
P9FJ,10P9FJ,F,00,00,10,38,168.39,790,0.00,217.67,3.150000,0.210000,1000.00,cifi0007.DBF
P9FJ,10P9FJ,F,00,00,10,39,177.77,801,0.00,227.90,3.150000,0.210000,1000.00,cifi0007.DBF
P9FJ,10P9FJ,F,00,00,10,40,187.46,811,0.00,238.39,3.150000,0.210000,1000.00,cifi0007.DBF
P9FJ,10P9FJ,F,00,00,10,41,197.42,821,0.00,249.12,3.150000,0.210000,1000.00,cifi0007.DBF
P9FJ,10P9FJ,F,00,00,10,42,207.67,830,0.00,260.10,3.150000,0.210000,1000.00,cifi0007.DBF
P9FJ,10P9FJ,F,00,00,10,43,218.19,839,0.00,271.31,3.150000,0.210000,1000.00,cifi0007.DBF
P9FJ,10P9FJ,F,00,00,10,44,228.98,847,0.00,282.74,3.150000,0.210000,1000.00,cifi0007.DBF
P9FJ,10P9FJ,F,00,00,10,45,240.05,855,0.00,294.40,3.150000,0.210000,1000.00,cifi0007.DBF
P9FJ,10P9FJ,F,00,00,10,46,251.40,862,0.00,306.28,3.150000,0.210000,1000.00,cifi0007.DBF
P9FJ,10P9FJ,F,00,00,10,47,263.01,869,0.00,318.37,3.150000,0.210000,1000.00,cifi0007.DBF
P9FJ,10P9FJ,F,00,00,10,48,274.87,876,0.00,330.67,3.150000,0.210000,1000.00,cifi0007.DBF
P9FJ,10P9FJ,F,00,00,10,49,287.00,882,0.00,343.17,3.150000,0.210000,1000.00,cifi0007.DBF
P9FJ,10P9FJ,F,00,00,10,50,299.42,888,0.00,355.88,3.150000,0.210000,1000.00,cifi0007.DBF
P9FJ,10P9FJ,F,00,00,10,51,312.16,894,0.00,368.83,3.150000,0.210000,1000.00,cifi0007.DBF
P9FJ,10P9FJ,F,00,00,10,52,325.19,900,0.00,382.01,3.150000,0.210000,1000.00,cifi0007.DBF
P9FJ,10P9FJ,F,00,00,10,53,338.54,905,0.00,395.43,3.150000,0.210000,1000.00,cifi0007.DBF
P9FJ,10P9FJ,F,00,00,10,54,352.20,910,0.00,409.08,3.150000,0.210000,1000.00,cifi0007.DBF
P9FJ,10P9FJ,F,00,00,10,55,366.20,915,0.00,422.98,3.150000,0.210000,1000.00,cifi0007.DBF
P9FJ,10P9FJ,F,00,00,10,56,380.51,920,0.00,437.11,3.150000,0.210000,1000.00,cifi0007.DBF
P9FJ,10P9FJ,F,00,00,10,57,395.14,924,0.00,451.47,3.150000,0.210000,1000.00,cifi0007.DBF
P9FJ,10P9FJ,F,00,00,10,58,410.06,929,0.00,466.05,3.150000,0.210000,1000.00,cifi0007.DBF
P9FJ,10P9FJ,F,00,00,10,59,425.27,933,0.00,480.82,3.150000,0.210000,1000.00,cifi0007.DBF
P9FJ,10P9FJ,F,00,00,10,60,440.75,936,0.00,495.78,3.150000,0.210000,1000.00,cifi0007.DBF
P9FJ,10P9FJ,F,00,00,10,61,456.50,940,0.00,510.92,3.150000,0.210000,1000.00,cifi0007.DBF
P9FJ,10P9FJ,F,00,00,10,62,472.46,944,0.00,526.19,3.150000,0.210000,1000.00,cifi0007.DBF
P9FJ,10P9FJ,F,00,00,10,63,488.59,947,0.00,541.57,3.150000,0.210000,1000.00,cifi0007.DBF
P9FJ,10P9FJ,F,00,00,10,64,504.91,950,0.00,557.04,3.150000,0.210000,1000.00,cifi0007.DBF
P9FJ,10P9FJ,F,00,00,10,65,521.38,953,0.00,572.58,3.150000,0.210000,1000.00,cifi0007.DBF
P9FJ,10P9FJ,F,00,00,10,66,537.99,956,0.00,588.17,3.150000,0.210000,1000.00,cifi0007.DBF
P9FJ,10P9FJ,F,00,00,10,67,554.73,959,0.00,603.81,3.150000,0.210000,1000.00,cifi0007.DBF
P9FJ,10P9FJ,F,00,00,10,68,571.57,962,0.00,619.47,3.150000,0.210000,1000.00,cifi0007.DBF
P9FJ,10P9FJ,F,00,00,10,69,588.50,964,0.00,635.13,3.150000,0.210000,1000.00,cifi0007.DBF
P9FJ,10P9FJ,F,00,00,10,70,605.53,967,0.00,650.81,3.150000,0.210000,1000.00,cifi0007.DBF
P9FJ,10P9FJ,F,00,00,10,71,622.65,969,0.00,666.48,3.150000,0.210000,1000.00,cifi0007.DBF
P9FJ,10P9FJ,F,00,00,10,72,639.47,971,0.00,681.99,3.150000,0.210000,1000.00,cifi0007.DBF
P9FJ,10P9FJ,F,00,00,10,73,655.92,973,0.00,697.12,3.150000,0.210000,1000.00,cifi0007.DBF
P9FJ,10P9FJ,F,00,00,10,74,672.16,975,0.00,711.93,3.150000,0.210000,1000.00,cifi0007.DBF
P9FJ,10P9FJ,F,00,00,10,75,688.15,977,0.00,726.46,3.150000,0.210000,1000.00,cifi0007.DBF
P9FJ,10P9FJ,F,00,00,10,76,703.83,978,0.00,740.70,3.150000,0.210000,1000.00,cifi0007.DBF
P9FJ,10P9FJ,F,00,00,10,77,719.61,980,0.00,754.77,3.150000,0.210000,1000.00,cifi0007.DBF
P9FJ,10P9FJ,F,00,00,10,78,734.77,981,0.00,768.56,3.150000,0.210000,1000.00,cifi0007.DBF
P9FJ,10P9FJ,F,00,00,10,79,749.42,983,0.00,781.80,3.150000,0.210000,1000.00,cifi0007.DBF
P9FJ,10P9FJ,F,00,00,10,80,763.61,984,0.00,794.57,3.150000,0.210000,1000.00,cifi0007.DBF
P9FJ,10P9FJ,F,00,00,10,81,777.83,985,0.00,807.11,3.150000,0.210000,1000.00,cifi0007.DBF
P9FJ,10P9FJ,F,00,00,10,82,793.62,987,0.00,820.29,3.150000,0.210000,1000.00,cifi0007.DBF
P9FJ,10P9FJ,F,00,00,10,83,810.39,988,0.00,834.49,3.150000,0.210000,1000.00,cifi0007.DBF
P9FJ,10P9FJ,F,00,00,10,84,827.80,989,0.00,849.32,3.150000,0.210000,1000.00,cifi0007.DBF
P9FJ,10P9FJ,F,00,00,10,85,845.90,991,0.00,864.63,3.150000,0.210000,1000.00,cifi0007.DBF
P9FJ,10P9FJ,F,00,00,10,86,865.00,992,0.00,880.59,3.150000,0.210000,1000.00,cifi0007.DBF
P9FJ,10P9FJ,F,00,00,10,87,886.74,994,0.00,898.00,3.150000,0.210000,1000.00,cifi0007.DBF
P9FJ,10P9FJ,F,00,00,10,88,913.32,995,0.00,918.43,3.150000,0.210000,1000.00,cifi0007.DBF
P9FJ,10P9FJ,F,00,00,10,89,949.67,998,0.00,944.80,3.150000,0.210000,1000.00,cifi0007.DBF
P9FJ,10P9FJ,F,00,00,11,1,0.00,0,0.00,0.11,0.000000,0.220000,1000.00,cifi0007.DBF
P9FJ,10P9FJ,F,00,00,11,2,0.00,0,0.00,3.20,3.270000,0.220000,1000.00,cifi0007.DBF
P9FJ,10P9FJ,F,00,00,11,3,0.00,0,0.00,6.39,3.270000,0.220000,1000.00,cifi0007.DBF
P9FJ,10P9FJ,F,00,00,11,4,0.00,0,0.00,9.67,3.270000,0.220000,1000.00,cifi0007.DBF
P9FJ,10P9FJ,F,00,00,11,5,0.00,0,0.00,13.07,3.270000,0.220000,1000.00,cifi0007.DBF
P9FJ,10P9FJ,F,00,00,11,6,1.00,18,0.00,16.58,3.270000,0.220000,1000.00,cifi0007.DBF
P9FJ,10P9FJ,F,00,00,11,7,3.60,61,0.00,20.19,3.270000,0.220000,1000.00,cifi0007.DBF
P9FJ,10P9FJ,F,00,00,11,8,6.32,103,0.00,23.93,3.270000,0.220000,1000.00,cifi0007.DBF
P9FJ,10P9FJ,F,00,00,11,9,9.15,142,0.00,27.80,3.270000,0.220000,1000.00,cifi0007.DBF
P9FJ,10P9FJ,F,00,00,11,10,12.13,181,0.00,31.81,3.270000,0.220000,1000.00,cifi0007.DBF
P9FJ,10P9FJ,F,00,00,11,11,15.24,217,0.00,35.98,3.270000,0.220000,1000.00,cifi0007.DBF
P9FJ,10P9FJ,F,00,00,11,12,18.49,253,0.00,40.31,3.270000,0.220000,1000.00,cifi0007.DBF
P9FJ,10P9FJ,F,00,00,11,13,21.91,287,0.00,44.80,3.270000,0.220000,1000.00,cifi0007.DBF
P9FJ,10P9FJ,F,00,00,11,14,25.48,319,0.00,49.47,3.270000,0.220000,1000.00,cifi0007.DBF
P9FJ,10P9FJ,F,00,00,11,15,29.23,351,0.00,54.31,3.270000,0.220000,1000.00,cifi0007.DBF
P9FJ,10P9FJ,F,00,00,11,16,33.13,381,0.00,59.33,3.270000,0.220000,1000.00,cifi0007.DBF
P9FJ,10P9FJ,F,00,00,11,17,37.20,409,0.00,64.53,3.270000,0.220000,1000.00,cifi0007.DBF
P9FJ,10P9FJ,F,00,00,11,18,41.47,437,0.00,69.91,3.270000,0.220000,1000.00,cifi0007.DBF
P9FJ,10P9FJ,F,00,00,11,19,45.91,463,0.00,75.49,3.270000,0.220000,1000.00,cifi0007.DBF
P9FJ,10P9FJ,F,00,00,11,20,50.56,488,0.00,81.27,3.270000,0.220000,1000.00,cifi0007.DBF
P9FJ,10P9FJ,F,00,00,11,21,55.40,512,0.00,87.26,3.270000,0.220000,1000.00,cifi0007.DBF
P9FJ,10P9FJ,F,00,00,11,22,60.46,536,0.00,93.45,3.270000,0.220000,1000.00,cifi0007.DBF
P9FJ,10P9FJ,F,00,00,11,23,65.73,558,0.00,99.86,3.270000,0.220000,1000.00,cifi0007.DBF
P9FJ,10P9FJ,F,00,00,11,24,71.22,579,0.00,106.49,3.270000,0.220000,1000.00,cifi0007.DBF
P9FJ,10P9FJ,F,00,00,11,25,76.92,599,0.00,113.33,3.270000,0.220000,1000.00,cifi0007.DBF
P9FJ,10P9FJ,F,00,00,11,26,82.85,618,0.00,120.39,3.270000,0.220000,1000.00,cifi0007.DBF
P9FJ,10P9FJ,F,00,00,11,27,89.02,637,0.00,127.67,3.270000,0.220000,1000.00,cifi0007.DBF
P9FJ,10P9FJ,F,00,00,11,28,95.46,654,0.00,135.21,3.270000,0.220000,1000.00,cifi0007.DBF
P9FJ,10P9FJ,F,00,00,11,29,102.18,671,0.00,143.02,3.270000,0.220000,1000.00,cifi0007.DBF
P9FJ,10P9FJ,F,00,00,11,30,109.18,687,0.00,151.08,3.270000,0.220000,1000.00,cifi0007.DBF
P9FJ,10P9FJ,F,00,00,11,31,116.48,703,0.00,159.42,3.270000,0.220000,1000.00,cifi0007.DBF
P9FJ,10P9FJ,F,00,00,11,32,124.08,718,0.00,168.05,3.270000,0.220000,1000.00,cifi0007.DBF
P9FJ,10P9FJ,F,00,00,11,33,131.99,732,0.00,176.95,3.270000,0.220000,1000.00,cifi0007.DBF
P9FJ,10P9FJ,F,00,00,11,34,140.20,745,0.00,186.14,3.270000,0.220000,1000.00,cifi0007.DBF
P9FJ,10P9FJ,F,00,00,11,35,148.71,758,0.00,195.60,3.270000,0.220000,1000.00,cifi0007.DBF
P9FJ,10P9FJ,F,00,00,11,36,157.53,770,0.00,205.34,3.270000,0.220000,1000.00,cifi0007.DBF
P9FJ,10P9FJ,F,00,00,11,37,166.64,782,0.00,215.34,3.270000,0.220000,1000.00,cifi0007.DBF
P9FJ,10P9FJ,F,00,00,11,38,176.05,793,0.00,225.61,3.270000,0.220000,1000.00,cifi0007.DBF
P9FJ,10P9FJ,F,00,00,11,39,185.75,804,0.00,236.12,3.270000,0.220000,1000.00,cifi0007.DBF
P9FJ,10P9FJ,F,00,00,11,40,195.74,814,0.00,246.89,3.270000,0.220000,1000.00,cifi0007.DBF
P9FJ,10P9FJ,F,00,00,11,41,206.01,823,0.00,257.90,3.270000,0.220000,1000.00,cifi0007.DBF
P9FJ,10P9FJ,F,00,00,11,42,216.55,832,0.00,269.14,3.270000,0.220000,1000.00,cifi0007.DBF
P9FJ,10P9FJ,F,00,00,11,43,227.37,841,0.00,280.61,3.270000,0.220000,1000.00,cifi0007.DBF
P9FJ,10P9FJ,F,00,00,11,44,238.46,849,0.00,292.30,3.270000,0.220000,1000.00,cifi0007.DBF
P9FJ,10P9FJ,F,00,00,11,45,249.83,857,0.00,304.22,3.270000,0.220000,1000.00,cifi0007.DBF
P9FJ,10P9FJ,F,00,00,11,46,261.46,864,0.00,316.35,3.270000,0.220000,1000.00,cifi0007.DBF
P9FJ,10P9FJ,F,00,00,11,47,273.35,871,0.00,328.69,3.270000,0.220000,1000.00,cifi0007.DBF
P9FJ,10P9FJ,F,00,00,11,48,285.51,878,0.00,341.22,3.270000,0.220000,1000.00,cifi0007.DBF
P9FJ,10P9FJ,F,00,00,11,49,297.96,884,0.00,353.98,3.270000,0.220000,1000.00,cifi0007.DBF
P9FJ,10P9FJ,F,00,00,11,50,310.71,890,0.00,366.96,3.270000,0.220000,1000.00,cifi0007.DBF
P9FJ,10P9FJ,F,00,00,11,51,323.78,896,0.00,380.19,3.270000,0.220000,1000.00,cifi0007.DBF
P9FJ,10P9FJ,F,00,00,11,52,337.15,901,0.00,393.65,3.270000,0.220000,1000.00,cifi0007.DBF
P9FJ,10P9FJ,F,00,00,11,53,350.84,907,0.00,407.34,3.270000,0.220000,1000.00,cifi0007.DBF
P9FJ,10P9FJ,F,00,00,11,54,364.87,912,0.00,421.28,3.270000,0.220000,1000.00,cifi0007.DBF
P9FJ,10P9FJ,F,00,00,11,55,379.21,917,0.00,435.45,3.270000,0.220000,1000.00,cifi0007.DBF
P9FJ,10P9FJ,F,00,00,11,56,393.87,921,0.00,449.86,3.270000,0.220000,1000.00,cifi0007.DBF
P9FJ,10P9FJ,F,00,00,11,57,408.82,926,0.00,464.48,3.270000,0.220000,1000.00,cifi0007.DBF
P9FJ,10P9FJ,F,00,00,11,58,424.06,930,0.00,479.30,3.270000,0.220000,1000.00,cifi0007.DBF
P9FJ,10P9FJ,F,00,00,11,59,439.58,934,0.00,494.30,3.270000,0.220000,1000.00,cifi0007.DBF
P9FJ,10P9FJ,F,00,00,11,60,455.36,938,0.00,509.48,3.270000,0.220000,1000.00,cifi0007.DBF
P9FJ,10P9FJ,F,00,00,11,61,471.35,942,0.00,524.81,3.270000,0.220000,1000.00,cifi0007.DBF
P9FJ,10P9FJ,F,00,00,11,62,487.52,945,0.00,540.23,3.270000,0.220000,1000.00,cifi0007.DBF
P9FJ,10P9FJ,F,00,00,11,63,503.87,948,0.00,555.74,3.270000,0.220000,1000.00,cifi0007.DBF
P9FJ,10P9FJ,F,00,00,11,64,520.38,952,0.00,571.33,3.270000,0.220000,1000.00,cifi0007.DBF
P9FJ,10P9FJ,F,00,00,11,65,537.02,955,0.00,586.98,3.270000,0.220000,1000.00,cifi0007.DBF
P9FJ,10P9FJ,F,00,00,11,66,553.79,957,0.00,602.66,3.270000,0.220000,1000.00,cifi0007.DBF
P9FJ,10P9FJ,F,00,00,11,67,570.67,960,0.00,618.36,3.270000,0.220000,1000.00,cifi0007.DBF
P9FJ,10P9FJ,F,00,00,11,68,587.64,963,0.00,634.08,3.270000,0.220000,1000.00,cifi0007.DBF
P9FJ,10P9FJ,F,00,00,11,69,604.71,965,0.00,649.80,3.270000,0.220000,1000.00,cifi0007.DBF
P9FJ,10P9FJ,F,00,00,11,70,621.86,968,0.00,665.52,3.270000,0.220000,1000.00,cifi0007.DBF
P9FJ,10P9FJ,F,00,00,11,71,638.72,970,0.00,681.07,3.270000,0.220000,1000.00,cifi0007.DBF
P9FJ,10P9FJ,F,00,00,11,72,655.20,972,0.00,696.26,3.270000,0.220000,1000.00,cifi0007.DBF
P9FJ,10P9FJ,F,00,00,11,73,671.47,974,0.00,711.11,3.270000,0.220000,1000.00,cifi0007.DBF
P9FJ,10P9FJ,F,00,00,11,74,687.49,976,0.00,725.69,3.270000,0.220000,1000.00,cifi0007.DBF
P9FJ,10P9FJ,F,00,00,11,75,703.21,977,0.00,739.97,3.270000,0.220000,1000.00,cifi0007.DBF
P9FJ,10P9FJ,F,00,00,11,76,719.03,979,0.00,754.08,3.270000,0.220000,1000.00,cifi0007.DBF
P9FJ,10P9FJ,F,00,00,11,77,734.22,981,0.00,767.91,3.270000,0.220000,1000.00,cifi0007.DBF
P9FJ,10P9FJ,F,00,00,11,78,748.89,982,0.00,781.19,3.270000,0.220000,1000.00,cifi0007.DBF
P9FJ,10P9FJ,F,00,00,11,79,763.11,983,0.00,794.00,3.270000,0.220000,1000.00,cifi0007.DBF
P9FJ,10P9FJ,F,00,00,11,80,777.37,985,0.00,806.58,3.270000,0.220000,1000.00,cifi0007.DBF
P9FJ,10P9FJ,F,00,00,11,81,793.19,986,0.00,819.80,3.270000,0.220000,1000.00,cifi0007.DBF
P9FJ,10P9FJ,F,00,00,11,82,810.00,988,0.00,834.05,3.270000,0.220000,1000.00,cifi0007.DBF
P9FJ,10P9FJ,F,00,00,11,83,827.44,989,0.00,848.92,3.270000,0.220000,1000.00,cifi0007.DBF
P9FJ,10P9FJ,F,00,00,11,84,845.57,990,0.00,864.28,3.270000,0.220000,1000.00,cifi0007.DBF
P9FJ,10P9FJ,F,00,00,11,85,864.71,992,0.00,880.29,3.270000,0.220000,1000.00,cifi0007.DBF
P9FJ,10P9FJ,F,00,00,11,86,886.50,993,0.00,897.75,3.270000,0.220000,1000.00,cifi0007.DBF
P9FJ,10P9FJ,F,00,00,11,87,913.13,995,0.00,918.24,3.270000,0.220000,1000.00,cifi0007.DBF
P9FJ,10P9FJ,F,00,00,11,88,949.56,998,0.00,944.69,3.270000,0.220000,1000.00,cifi0007.DBF
P9FJ,10P9FJ,F,00,00,12,1,0.00,0,0.00,0.13,0.000000,0.260000,1000.00,cifi0007.DBF
P9FJ,10P9FJ,F,00,00,12,2,0.00,0,0.00,3.32,3.400000,0.260000,1000.00,cifi0007.DBF
P9FJ,10P9FJ,F,00,00,12,3,0.00,0,0.00,6.61,3.400000,0.260000,1000.00,cifi0007.DBF
P9FJ,10P9FJ,F,00,00,12,4,0.00,0,0.00,10.02,3.400000,0.260000,1000.00,cifi0007.DBF
P9FJ,10P9FJ,F,00,00,12,5,0.00,0,0.00,13.54,3.400000,0.260000,1000.00,cifi0007.DBF
P9FJ,10P9FJ,F,00,00,12,6,1.41,24,0.00,17.16,3.400000,0.260000,1000.00,cifi0007.DBF
P9FJ,10P9FJ,F,00,00,12,7,4.14,67,0.00,20.92,3.400000,0.260000,1000.00,cifi0007.DBF
P9FJ,10P9FJ,F,00,00,12,8,6.98,109,0.00,24.80,3.400000,0.260000,1000.00,cifi0007.DBF
P9FJ,10P9FJ,F,00,00,12,9,9.96,148,0.00,28.83,3.400000,0.260000,1000.00,cifi0007.DBF
P9FJ,10P9FJ,F,00,00,12,10,13.08,187,0.00,33.01,3.400000,0.260000,1000.00,cifi0007.DBF
P9FJ,10P9FJ,F,00,00,12,11,16.34,223,0.00,37.35,3.400000,0.260000,1000.00,cifi0007.DBF
P9FJ,10P9FJ,F,00,00,12,12,19.76,259,0.00,41.86,3.400000,0.260000,1000.00,cifi0007.DBF
P9FJ,10P9FJ,F,00,00,12,13,23.33,292,0.00,46.54,3.400000,0.260000,1000.00,cifi0007.DBF
P9FJ,10P9FJ,F,00,00,12,14,27.09,325,0.00,51.39,3.400000,0.260000,1000.00,cifi0007.DBF
P9FJ,10P9FJ,F,00,00,12,15,31.01,356,0.00,56.44,3.400000,0.260000,1000.00,cifi0007.DBF
P9FJ,10P9FJ,F,00,00,12,16,35.09,386,0.00,61.65,3.400000,0.260000,1000.00,cifi0007.DBF
P9FJ,10P9FJ,F,00,00,12,17,39.36,415,0.00,67.05,3.400000,0.260000,1000.00,cifi0007.DBF
P9FJ,10P9FJ,F,00,00,12,18,43.81,442,0.00,72.65,3.400000,0.260000,1000.00,cifi0007.DBF
P9FJ,10P9FJ,F,00,00,12,19,48.47,468,0.00,78.44,3.400000,0.260000,1000.00,cifi0007.DBF
P9FJ,10P9FJ,F,00,00,12,20,53.33,493,0.00,84.45,3.400000,0.260000,1000.00,cifi0007.DBF
P9FJ,10P9FJ,F,00,00,12,21,58.39,517,0.00,90.66,3.400000,0.260000,1000.00,cifi0007.DBF
P9FJ,10P9FJ,F,00,00,12,22,63.68,540,0.00,97.09,3.400000,0.260000,1000.00,cifi0007.DBF
P9FJ,10P9FJ,F,00,00,12,23,69.18,562,0.00,103.74,3.400000,0.260000,1000.00,cifi0007.DBF
P9FJ,10P9FJ,F,00,00,12,24,74.89,583,0.00,110.60,3.400000,0.260000,1000.00,cifi0007.DBF
P9FJ,10P9FJ,F,00,00,12,25,80.84,603,0.00,117.68,3.400000,0.260000,1000.00,cifi0007.DBF
P9FJ,10P9FJ,F,00,00,12,26,87.02,622,0.00,124.99,3.400000,0.260000,1000.00,cifi0007.DBF
P9FJ,10P9FJ,F,00,00,12,27,93.47,641,0.00,132.55,3.400000,0.260000,1000.00,cifi0007.DBF
P9FJ,10P9FJ,F,00,00,12,28,100.21,658,0.00,140.38,3.400000,0.260000,1000.00,cifi0007.DBF
P9FJ,10P9FJ,F,00,00,12,29,107.22,675,0.00,148.47,3.400000,0.260000,1000.00,cifi0007.DBF
P9FJ,10P9FJ,F,00,00,12,30,114.54,691,0.00,156.84,3.400000,0.260000,1000.00,cifi0007.DBF
P9FJ,10P9FJ,F,00,00,12,31,122.16,706,0.00,165.49,3.400000,0.260000,1000.00,cifi0007.DBF
P9FJ,10P9FJ,F,00,00,12,32,130.08,721,0.00,174.43,3.400000,0.260000,1000.00,cifi0007.DBF
P9FJ,10P9FJ,F,00,00,12,33,138.31,735,0.00,183.64,3.400000,0.260000,1000.00,cifi0007.DBF
P9FJ,10P9FJ,F,00,00,12,34,146.84,749,0.00,193.13,3.400000,0.260000,1000.00,cifi0007.DBF
P9FJ,10P9FJ,F,00,00,12,35,155.68,761,0.00,202.90,3.400000,0.260000,1000.00,cifi0007.DBF
P9FJ,10P9FJ,F,00,00,12,36,164.81,773,0.00,212.94,3.400000,0.260000,1000.00,cifi0007.DBF
P9FJ,10P9FJ,F,00,00,12,37,174.24,785,0.00,223.23,3.400000,0.260000,1000.00,cifi0007.DBF
P9FJ,10P9FJ,F,00,00,12,38,183.96,796,0.00,233.78,3.400000,0.260000,1000.00,cifi0007.DBF
P9FJ,10P9FJ,F,00,00,12,39,193.97,806,0.00,244.58,3.400000,0.260000,1000.00,cifi0007.DBF
P9FJ,10P9FJ,F,00,00,12,40,204.27,816,0.00,255.63,3.400000,0.260000,1000.00,cifi0007.DBF
P9FJ,10P9FJ,F,00,00,12,41,214.83,826,0.00,266.91,3.400000,0.260000,1000.00,cifi0007.DBF
P9FJ,10P9FJ,F,00,00,12,42,225.67,835,0.00,278.41,3.400000,0.260000,1000.00,cifi0007.DBF
P9FJ,10P9FJ,F,00,00,12,43,236.79,843,0.00,290.14,3.400000,0.260000,1000.00,cifi0007.DBF
P9FJ,10P9FJ,F,00,00,12,44,248.18,851,0.00,302.09,3.400000,0.260000,1000.00,cifi0007.DBF
P9FJ,10P9FJ,F,00,00,12,45,259.84,859,0.00,314.26,3.400000,0.260000,1000.00,cifi0007.DBF
P9FJ,10P9FJ,F,00,00,12,46,271.75,866,0.00,326.63,3.400000,0.260000,1000.00,cifi0007.DBF
P9FJ,10P9FJ,F,00,00,12,47,283.94,873,0.00,339.21,3.400000,0.260000,1000.00,cifi0007.DBF
P9FJ,10P9FJ,F,00,00,12,48,296.41,880,0.00,352.01,3.400000,0.260000,1000.00,cifi0007.DBF
P9FJ,10P9FJ,F,00,00,12,49,309.20,886,0.00,365.03,3.400000,0.260000,1000.00,cifi0007.DBF
P9FJ,10P9FJ,F,00,00,12,50,322.29,892,0.00,378.30,3.400000,0.260000,1000.00,cifi0007.DBF
P9FJ,10P9FJ,F,00,00,12,51,335.69,898,0.00,391.80,3.400000,0.260000,1000.00,cifi0007.DBF
P9FJ,10P9FJ,F,00,00,12,52,349.42,903,0.00,405.53,3.400000,0.260000,1000.00,cifi0007.DBF
P9FJ,10P9FJ,F,00,00,12,53,363.47,908,0.00,419.52,3.400000,0.260000,1000.00,cifi0007.DBF
P9FJ,10P9FJ,F,00,00,12,54,377.85,913,0.00,433.74,3.400000,0.260000,1000.00,cifi0007.DBF
P9FJ,10P9FJ,F,00,00,12,55,392.53,918,0.00,448.19,3.400000,0.260000,1000.00,cifi0007.DBF
P9FJ,10P9FJ,F,00,00,12,56,407.52,923,0.00,462.85,3.400000,0.260000,1000.00,cifi0007.DBF
P9FJ,10P9FJ,F,00,00,12,57,422.80,927,0.00,477.72,3.400000,0.260000,1000.00,cifi0007.DBF
P9FJ,10P9FJ,F,00,00,12,58,438.35,931,0.00,492.77,3.400000,0.260000,1000.00,cifi0007.DBF
P9FJ,10P9FJ,F,00,00,12,59,454.16,935,0.00,508.00,3.400000,0.260000,1000.00,cifi0007.DBF
P9FJ,10P9FJ,F,00,00,12,60,470.19,939,0.00,523.37,3.400000,0.260000,1000.00,cifi0007.DBF
P9FJ,10P9FJ,F,00,00,12,61,486.39,943,0.00,538.85,3.400000,0.260000,1000.00,cifi0007.DBF
P9FJ,10P9FJ,F,00,00,12,62,502.78,946,0.00,554.41,3.400000,0.260000,1000.00,cifi0007.DBF
P9FJ,10P9FJ,F,00,00,12,63,519.32,950,0.00,570.04,3.400000,0.260000,1000.00,cifi0007.DBF
P9FJ,10P9FJ,F,00,00,12,64,536.01,953,0.00,585.74,3.400000,0.260000,1000.00,cifi0007.DBF
P9FJ,10P9FJ,F,00,00,12,65,552.81,956,0.00,601.47,3.400000,0.260000,1000.00,cifi0007.DBF
P9FJ,10P9FJ,F,00,00,12,66,569.73,959,0.00,617.22,3.400000,0.260000,1000.00,cifi0007.DBF
P9FJ,10P9FJ,F,00,00,12,67,586.73,961,0.00,632.99,3.400000,0.260000,1000.00,cifi0007.DBF
P9FJ,10P9FJ,F,00,00,12,68,603.84,964,0.00,648.76,3.400000,0.260000,1000.00,cifi0007.DBF
P9FJ,10P9FJ,F,00,00,12,69,621.03,966,0.00,664.53,3.400000,0.260000,1000.00,cifi0007.DBF
P9FJ,10P9FJ,F,00,00,12,70,637.92,969,0.00,680.13,3.400000,0.260000,1000.00,cifi0007.DBF
P9FJ,10P9FJ,F,00,00,12,71,654.44,971,0.00,695.36,3.400000,0.260000,1000.00,cifi0007.DBF
P9FJ,10P9FJ,F,00,00,12,72,670.75,973,0.00,710.26,3.400000,0.260000,1000.00,cifi0007.DBF
P9FJ,10P9FJ,F,00,00,12,73,686.81,975,0.00,724.89,3.400000,0.260000,1000.00,cifi0007.DBF
P9FJ,10P9FJ,F,00,00,12,74,702.56,977,0.00,739.21,3.400000,0.260000,1000.00,cifi0007.DBF
P9FJ,10P9FJ,F,00,00,12,75,718.41,978,0.00,753.37,3.400000,0.260000,1000.00,cifi0007.DBF
P9FJ,10P9FJ,F,00,00,12,76,733.63,980,0.00,767.24,3.400000,0.260000,1000.00,cifi0007.DBF
P9FJ,10P9FJ,F,00,00,12,77,748.34,981,0.00,780.56,3.400000,0.260000,1000.00,cifi0007.DBF
P9FJ,10P9FJ,F,00,00,12,78,762.59,983,0.00,793.41,3.400000,0.260000,1000.00,cifi0007.DBF
P9FJ,10P9FJ,F,00,00,12,79,776.88,984,0.00,806.04,3.400000,0.260000,1000.00,cifi0007.DBF
P9FJ,10P9FJ,F,00,00,12,80,792.73,986,0.00,819.29,3.400000,0.260000,1000.00,cifi0007.DBF
P9FJ,10P9FJ,F,00,00,12,81,809.58,987,0.00,833.58,3.400000,0.260000,1000.00,cifi0007.DBF
P9FJ,10P9FJ,F,00,00,12,82,827.06,989,0.00,848.50,3.400000,0.260000,1000.00,cifi0007.DBF
P9FJ,10P9FJ,F,00,00,12,83,845.23,990,0.00,863.91,3.400000,0.260000,1000.00,cifi0007.DBF
P9FJ,10P9FJ,F,00,00,12,84,864.42,991,0.00,879.97,3.400000,0.260000,1000.00,cifi0007.DBF
P9FJ,10P9FJ,F,00,00,12,85,886.26,993,0.00,897.49,3.400000,0.260000,1000.00,cifi0007.DBF
P9FJ,10P9FJ,F,00,00,12,86,912.94,995,0.00,918.05,3.400000,0.260000,1000.00,cifi0007.DBF
P9FJ,10P9FJ,F,00,00,12,87,949.45,997,0.00,944.57,3.400000,0.260000,1000.00,cifi0007.DBF
P9FJ,10P9FJ,F,00,00,13,1,0.00,0,0.00,0.14,0.000000,0.290000,1000.00,cifi0007.DBF
P9FJ,10P9FJ,F,00,00,13,2,0.00,0,0.00,3.45,3.540000,0.290000,1000.00,cifi0007.DBF
P9FJ,10P9FJ,F,00,00,13,3,0.00,0,0.00,6.87,3.540000,0.290000,1000.00,cifi0007.DBF
P9FJ,10P9FJ,F,00,00,13,4,0.00,0,0.00,10.40,3.540000,0.290000,1000.00,cifi0007.DBF
P9FJ,10P9FJ,F,00,00,13,5,0.00,0,0.00,14.03,3.540000,0.290000,1000.00,cifi0007.DBF
P9FJ,10P9FJ,F,00,00,13,6,1.88,31,0.00,17.80,3.540000,0.290000,1000.00,cifi0007.DBF
P9FJ,10P9FJ,F,00,00,13,7,4.72,74,0.00,21.69,3.540000,0.290000,1000.00,cifi0007.DBF
P9FJ,10P9FJ,F,00,00,13,8,7.71,115,0.00,25.73,3.540000,0.290000,1000.00,cifi0007.DBF
P9FJ,10P9FJ,F,00,00,13,9,10.84,155,0.00,29.93,3.540000,0.290000,1000.00,cifi0007.DBF
P9FJ,10P9FJ,F,00,00,13,10,14.10,193,0.00,34.28,3.540000,0.290000,1000.00,cifi0007.DBF
P9FJ,10P9FJ,F,00,00,13,11,17.53,229,0.00,38.80,3.540000,0.290000,1000.00,cifi0007.DBF
P9FJ,10P9FJ,F,00,00,13,12,21.12,265,0.00,43.50,3.540000,0.290000,1000.00,cifi0007.DBF
P9FJ,10P9FJ,F,00,00,13,13,24.88,298,0.00,48.37,3.540000,0.290000,1000.00,cifi0007.DBF
P9FJ,10P9FJ,F,00,00,13,14,28.81,331,0.00,53.43,3.540000,0.290000,1000.00,cifi0007.DBF
P9FJ,10P9FJ,F,00,00,13,15,32.90,362,0.00,58.66,3.540000,0.290000,1000.00,cifi0007.DBF
P9FJ,10P9FJ,F,00,00,13,16,37.18,392,0.00,64.08,3.540000,0.290000,1000.00,cifi0007.DBF
P9FJ,10P9FJ,F,00,00,13,17,41.64,420,0.00,69.69,3.540000,0.290000,1000.00,cifi0007.DBF
P9FJ,10P9FJ,F,00,00,13,18,46.31,447,0.00,75.51,3.540000,0.290000,1000.00,cifi0007.DBF
P9FJ,10P9FJ,F,00,00,13,19,51.18,473,0.00,81.53,3.540000,0.290000,1000.00,cifi0007.DBF
P9FJ,10P9FJ,F,00,00,13,20,56.26,498,0.00,87.77,3.540000,0.290000,1000.00,cifi0007.DBF
P9FJ,10P9FJ,F,00,00,13,21,61.55,522,0.00,94.22,3.540000,0.290000,1000.00,cifi0007.DBF
P9FJ,10P9FJ,F,00,00,13,22,67.06,545,0.00,100.89,3.540000,0.290000,1000.00,cifi0007.DBF
P9FJ,10P9FJ,F,00,00,13,23,72.79,567,0.00,107.77,3.540000,0.290000,1000.00,cifi0007.DBF
P9FJ,10P9FJ,F,00,00,13,24,78.75,588,0.00,114.87,3.540000,0.290000,1000.00,cifi0007.DBF
P9FJ,10P9FJ,F,00,00,13,25,84.94,607,0.00,122.21,3.540000,0.290000,1000.00,cifi0007.DBF
P9FJ,10P9FJ,F,00,00,13,26,91.42,627,0.00,129.79,3.540000,0.290000,1000.00,cifi0007.DBF
P9FJ,10P9FJ,F,00,00,13,27,98.17,645,0.00,137.65,3.540000,0.290000,1000.00,cifi0007.DBF
P9FJ,10P9FJ,F,00,00,13,28,105.20,662,0.00,145.77,3.540000,0.290000,1000.00,cifi0007.DBF
P9FJ,10P9FJ,F,00,00,13,29,112.53,679,0.00,154.16,3.540000,0.290000,1000.00,cifi0007.DBF
P9FJ,10P9FJ,F,00,00,13,30,120.16,695,0.00,162.84,3.540000,0.290000,1000.00,cifi0007.DBF
P9FJ,10P9FJ,F,00,00,13,31,128.10,710,0.00,171.80,3.540000,0.290000,1000.00,cifi0007.DBF
P9FJ,10P9FJ,F,00,00,13,32,136.35,725,0.00,181.05,3.540000,0.290000,1000.00,cifi0007.DBF
P9FJ,10P9FJ,F,00,00,13,33,144.90,739,0.00,190.57,3.540000,0.290000,1000.00,cifi0007.DBF
P9FJ,10P9FJ,F,00,00,13,34,153.76,752,0.00,200.37,3.540000,0.290000,1000.00,cifi0007.DBF
P9FJ,10P9FJ,F,00,00,13,35,162.92,765,0.00,210.44,3.540000,0.290000,1000.00,cifi0007.DBF
P9FJ,10P9FJ,F,00,00,13,36,172.37,777,0.00,220.77,3.540000,0.290000,1000.00,cifi0007.DBF
P9FJ,10P9FJ,F,00,00,13,37,182.11,788,0.00,231.35,3.540000,0.290000,1000.00,cifi0007.DBF
P9FJ,10P9FJ,F,00,00,13,38,192.14,799,0.00,242.19,3.540000,0.290000,1000.00,cifi0007.DBF
P9FJ,10P9FJ,F,00,00,13,39,202.46,809,0.00,253.27,3.540000,0.290000,1000.00,cifi0007.DBF
P9FJ,10P9FJ,F,00,00,13,40,213.05,819,0.00,264.59,3.540000,0.290000,1000.00,cifi0007.DBF
P9FJ,10P9FJ,F,00,00,13,41,223.91,828,0.00,276.13,3.540000,0.290000,1000.00,cifi0007.DBF
P9FJ,10P9FJ,F,00,00,13,42,235.05,837,0.00,287.89,3.540000,0.290000,1000.00,cifi0007.DBF
P9FJ,10P9FJ,F,00,00,13,43,246.48,845,0.00,299.89,3.540000,0.290000,1000.00,cifi0007.DBF
P9FJ,10P9FJ,F,00,00,13,44,258.16,853,0.00,312.10,3.540000,0.290000,1000.00,cifi0007.DBF
P9FJ,10P9FJ,F,00,00,13,45,270.10,861,0.00,324.51,3.540000,0.290000,1000.00,cifi0007.DBF
P9FJ,10P9FJ,F,00,00,13,46,282.31,868,0.00,337.13,3.540000,0.290000,1000.00,cifi0007.DBF
P9FJ,10P9FJ,F,00,00,13,47,294.82,875,0.00,349.96,3.540000,0.290000,1000.00,cifi0007.DBF
P9FJ,10P9FJ,F,00,00,13,48,307.63,881,0.00,363.03,3.540000,0.290000,1000.00,cifi0007.DBF
P9FJ,10P9FJ,F,00,00,13,49,320.75,888,0.00,376.34,3.540000,0.290000,1000.00,cifi0007.DBF
P9FJ,10P9FJ,F,00,00,13,50,334.18,894,0.00,389.88,3.540000,0.290000,1000.00,cifi0007.DBF
P9FJ,10P9FJ,F,00,00,13,51,347.94,899,0.00,403.66,3.540000,0.290000,1000.00,cifi0007.DBF
P9FJ,10P9FJ,F,00,00,13,52,362.03,905,0.00,417.69,3.540000,0.290000,1000.00,cifi0007.DBF
P9FJ,10P9FJ,F,00,00,13,53,376.44,910,0.00,431.96,3.540000,0.290000,1000.00,cifi0007.DBF
P9FJ,10P9FJ,F,00,00,13,54,391.16,915,0.00,446.46,3.540000,0.290000,1000.00,cifi0007.DBF
P9FJ,10P9FJ,F,00,00,13,55,406.18,920,0.00,461.17,3.540000,0.290000,1000.00,cifi0007.DBF
P9FJ,10P9FJ,F,00,00,13,56,421.49,924,0.00,476.08,3.540000,0.290000,1000.00,cifi0007.DBF
P9FJ,10P9FJ,F,00,00,13,57,437.07,929,0.00,491.19,3.540000,0.290000,1000.00,cifi0007.DBF
P9FJ,10P9FJ,F,00,00,13,58,452.92,933,0.00,506.47,3.540000,0.290000,1000.00,cifi0007.DBF
P9FJ,10P9FJ,F,00,00,13,59,468.99,937,0.00,521.89,3.540000,0.290000,1000.00,cifi0007.DBF
P9FJ,10P9FJ,F,00,00,13,60,485.23,941,0.00,537.41,3.540000,0.290000,1000.00,cifi0007.DBF
P9FJ,10P9FJ,F,00,00,13,61,501.65,944,0.00,553.02,3.540000,0.290000,1000.00,cifi0007.DBF
P9FJ,10P9FJ,F,00,00,13,62,518.23,948,0.00,568.71,3.540000,0.290000,1000.00,cifi0007.DBF
P9FJ,10P9FJ,F,00,00,13,63,534.95,951,0.00,584.45,3.540000,0.290000,1000.00,cifi0007.DBF
P9FJ,10P9FJ,F,00,00,13,64,551.80,954,0.00,600.23,3.540000,0.290000,1000.00,cifi0007.DBF
P9FJ,10P9FJ,F,00,00,13,65,568.75,957,0.00,616.04,3.540000,0.290000,1000.00,cifi0007.DBF
P9FJ,10P9FJ,F,00,00,13,66,585.79,960,0.00,631.86,3.540000,0.290000,1000.00,cifi0007.DBF
P9FJ,10P9FJ,F,00,00,13,67,602.94,962,0.00,647.68,3.540000,0.290000,1000.00,cifi0007.DBF
P9FJ,10P9FJ,F,00,00,13,68,620.17,965,0.00,663.50,3.540000,0.290000,1000.00,cifi0007.DBF
P9FJ,10P9FJ,F,00,00,13,69,637.10,967,0.00,679.15,3.540000,0.290000,1000.00,cifi0007.DBF
P9FJ,10P9FJ,F,00,00,13,70,653.66,970,0.00,694.43,3.540000,0.290000,1000.00,cifi0007.DBF
P9FJ,10P9FJ,F,00,00,13,71,670.00,972,0.00,709.38,3.540000,0.290000,1000.00,cifi0007.DBF
P9FJ,10P9FJ,F,00,00,13,72,686.10,974,0.00,724.06,3.540000,0.290000,1000.00,cifi0007.DBF
P9FJ,10P9FJ,F,00,00,13,73,701.88,976,0.00,738.42,3.540000,0.290000,1000.00,cifi0007.DBF
P9FJ,10P9FJ,F,00,00,13,74,717.77,977,0.00,752.63,3.540000,0.290000,1000.00,cifi0007.DBF
P9FJ,10P9FJ,F,00,00,13,75,733.03,979,0.00,766.55,3.540000,0.290000,1000.00,cifi0007.DBF
P9FJ,10P9FJ,F,00,00,13,76,747.77,981,0.00,779.91,3.540000,0.290000,1000.00,cifi0007.DBF
P9FJ,10P9FJ,F,00,00,13,77,762.05,982,0.00,792.80,3.540000,0.290000,1000.00,cifi0007.DBF
P9FJ,10P9FJ,F,00,00,13,78,776.37,983,0.00,805.47,3.540000,0.290000,1000.00,cifi0007.DBF
P9FJ,10P9FJ,F,00,00,13,79,792.26,985,0.00,818.77,3.540000,0.290000,1000.00,cifi0007.DBF
P9FJ,10P9FJ,F,00,00,13,80,809.15,987,0.00,833.11,3.540000,0.290000,1000.00,cifi0007.DBF
P9FJ,10P9FJ,F,00,00,13,81,826.67,988,0.00,848.07,3.540000,0.290000,1000.00,cifi0007.DBF
P9FJ,10P9FJ,F,00,00,13,82,844.88,990,0.00,863.53,3.540000,0.290000,1000.00,cifi0007.DBF
P9FJ,10P9FJ,F,00,00,13,83,864.11,991,0.00,879.64,3.540000,0.290000,1000.00,cifi0007.DBF
P9FJ,10P9FJ,F,00,00,13,84,886.00,993,0.00,897.22,3.540000,0.290000,1000.00,cifi0007.DBF
P9FJ,10P9FJ,F,00,00,13,85,912.75,995,0.00,917.84,3.540000,0.290000,1000.00,cifi0007.DBF
P9FJ,10P9FJ,F,00,00,13,86,949.34,997,0.00,944.46,3.540000,0.290000,1000.00,cifi0007.DBF
P9FJ,10P9FJ,F,00,00,14,1,0.00,0,0.00,0.16,0.000000,0.320000,1000.00,cifi0007.DBF
P9FJ,10P9FJ,F,00,00,14,2,0.00,0,0.00,3.59,3.680000,0.320000,1000.00,cifi0007.DBF
P9FJ,10P9FJ,F,00,00,14,3,0.00,0,0.00,7.13,3.680000,0.320000,1000.00,cifi0007.DBF
P9FJ,10P9FJ,F,00,00,14,4,0.00,0,0.00,10.78,3.680000,0.320000,1000.00,cifi0007.DBF
P9FJ,10P9FJ,F,00,00,14,5,0.00,0,0.00,14.55,3.680000,0.320000,1000.00,cifi0007.DBF
P9FJ,10P9FJ,F,00,00,14,6,2.37,37,0.00,18.46,3.680000,0.320000,1000.00,cifi0007.DBF
P9FJ,10P9FJ,F,00,00,14,7,5.37,80,0.00,22.52,3.680000,0.320000,1000.00,cifi0007.DBF
P9FJ,10P9FJ,F,00,00,14,8,8.50,121,0.00,26.73,3.680000,0.320000,1000.00,cifi0007.DBF
P9FJ,10P9FJ,F,00,00,14,9,11.78,161,0.00,31.10,3.680000,0.320000,1000.00,cifi0007.DBF
P9FJ,10P9FJ,F,00,00,14,10,15.22,199,0.00,35.63,3.680000,0.320000,1000.00,cifi0007.DBF
P9FJ,10P9FJ,F,00,00,14,11,18.81,236,0.00,40.34,3.680000,0.320000,1000.00,cifi0007.DBF
P9FJ,10P9FJ,F,00,00,14,12,22.58,271,0.00,45.23,3.680000,0.320000,1000.00,cifi0007.DBF
P9FJ,10P9FJ,F,00,00,14,13,26.52,305,0.00,50.31,3.680000,0.320000,1000.00,cifi0007.DBF
P9FJ,10P9FJ,F,00,00,14,14,30.62,337,0.00,55.56,3.680000,0.320000,1000.00,cifi0007.DBF
P9FJ,10P9FJ,F,00,00,14,15,34.91,368,0.00,60.99,3.680000,0.320000,1000.00,cifi0007.DBF
P9FJ,10P9FJ,F,00,00,14,16,39.38,397,0.00,66.63,3.680000,0.320000,1000.00,cifi0007.DBF
P9FJ,10P9FJ,F,00,00,14,17,44.06,426,0.00,72.46,3.680000,0.320000,1000.00,cifi0007.DBF
P9FJ,10P9FJ,F,00,00,14,18,48.94,453,0.00,78.51,3.680000,0.320000,1000.00,cifi0007.DBF
P9FJ,10P9FJ,F,00,00,14,19,54.03,479,0.00,84.76,3.680000,0.320000,1000.00,cifi0007.DBF
P9FJ,10P9FJ,F,00,00,14,20,59.34,504,0.00,91.23,3.680000,0.320000,1000.00,cifi0007.DBF
P9FJ,10P9FJ,F,00,00,14,21,64.86,527,0.00,97.92,3.680000,0.320000,1000.00,cifi0007.DBF
P9FJ,10P9FJ,F,00,00,14,22,70.60,550,0.00,104.83,3.680000,0.320000,1000.00,cifi0007.DBF
P9FJ,10P9FJ,F,00,00,14,23,76.58,571,0.00,111.96,3.680000,0.320000,1000.00,cifi0007.DBF
P9FJ,10P9FJ,F,00,00,14,24,82.78,592,0.00,119.32,3.680000,0.320000,1000.00,cifi0007.DBF
P9FJ,10P9FJ,F,00,00,14,25,89.27,612,0.00,126.93,3.680000,0.320000,1000.00,cifi0007.DBF
P9FJ,10P9FJ,F,00,00,14,26,96.04,631,0.00,134.81,3.680000,0.320000,1000.00,cifi0007.DBF
P9FJ,10P9FJ,F,00,00,14,27,103.09,649,0.00,142.96,3.680000,0.320000,1000.00,cifi0007.DBF
P9FJ,10P9FJ,F,00,00,14,28,110.44,666,0.00,151.38,3.680000,0.320000,1000.00,cifi0007.DBF
P9FJ,10P9FJ,F,00,00,14,29,118.09,683,0.00,160.09,3.680000,0.320000,1000.00,cifi0007.DBF
P9FJ,10P9FJ,F,00,00,14,30,126.05,699,0.00,169.08,3.680000,0.320000,1000.00,cifi0007.DBF
P9FJ,10P9FJ,F,00,00,14,31,134.31,714,0.00,178.36,3.680000,0.320000,1000.00,cifi0007.DBF
P9FJ,10P9FJ,F,00,00,14,32,142.89,728,0.00,187.91,3.680000,0.320000,1000.00,cifi0007.DBF
P9FJ,10P9FJ,F,00,00,14,33,151.77,742,0.00,197.75,3.680000,0.320000,1000.00,cifi0007.DBF
P9FJ,10P9FJ,F,00,00,14,34,160.94,755,0.00,207.85,3.680000,0.320000,1000.00,cifi0007.DBF
P9FJ,10P9FJ,F,00,00,14,35,170.41,768,0.00,218.21,3.680000,0.320000,1000.00,cifi0007.DBF
P9FJ,10P9FJ,F,00,00,14,36,180.18,780,0.00,228.83,3.680000,0.320000,1000.00,cifi0007.DBF
P9FJ,10P9FJ,F,00,00,14,37,190.24,791,0.00,239.71,3.680000,0.320000,1000.00,cifi0007.DBF
P9FJ,10P9FJ,F,00,00,14,38,200.58,802,0.00,250.82,3.680000,0.320000,1000.00,cifi0007.DBF
P9FJ,10P9FJ,F,00,00,14,39,211.19,812,0.00,262.18,3.680000,0.320000,1000.00,cifi0007.DBF
P9FJ,10P9FJ,F,00,00,14,40,222.08,821,0.00,273.75,3.680000,0.320000,1000.00,cifi0007.DBF
P9FJ,10P9FJ,F,00,00,14,41,233.25,830,0.00,285.56,3.680000,0.320000,1000.00,cifi0007.DBF
P9FJ,10P9FJ,F,00,00,14,42,244.70,839,0.00,297.60,3.680000,0.320000,1000.00,cifi0007.DBF
P9FJ,10P9FJ,F,00,00,14,43,256.41,847,0.00,309.85,3.680000,0.320000,1000.00,cifi0007.DBF
P9FJ,10P9FJ,F,00,00,14,44,268.38,855,0.00,322.30,3.680000,0.320000,1000.00,cifi0007.DBF
P9FJ,10P9FJ,F,00,00,14,45,280.62,863,0.00,334.96,3.680000,0.320000,1000.00,cifi0007.DBF
P9FJ,10P9FJ,F,00,00,14,46,293.15,870,0.00,347.84,3.680000,0.320000,1000.00,cifi0007.DBF
P9FJ,10P9FJ,F,00,00,14,47,306.00,877,0.00,360.95,3.680000,0.320000,1000.00,cifi0007.DBF
P9FJ,10P9FJ,F,00,00,14,48,319.15,883,0.00,374.31,3.680000,0.320000,1000.00,cifi0007.DBF
P9FJ,10P9FJ,F,00,00,14,49,332.61,889,0.00,387.89,3.680000,0.320000,1000.00,cifi0007.DBF
P9FJ,10P9FJ,F,00,00,14,50,346.40,895,0.00,401.72,3.680000,0.320000,1000.00,cifi0007.DBF
P9FJ,10P9FJ,F,00,00,14,51,360.52,901,0.00,415.80,3.680000,0.320000,1000.00,cifi0007.DBF
P9FJ,10P9FJ,F,00,00,14,52,374.97,906,0.00,430.11,3.680000,0.320000,1000.00,cifi0007.DBF
P9FJ,10P9FJ,F,00,00,14,53,389.72,912,0.00,444.66,3.680000,0.320000,1000.00,cifi0007.DBF
P9FJ,10P9FJ,F,00,00,14,54,404.78,917,0.00,459.42,3.680000,0.320000,1000.00,cifi0007.DBF
P9FJ,10P9FJ,F,00,00,14,55,420.12,921,0.00,474.39,3.680000,0.320000,1000.00,cifi0007.DBF
P9FJ,10P9FJ,F,00,00,14,56,435.75,926,0.00,489.54,3.680000,0.320000,1000.00,cifi0007.DBF
P9FJ,10P9FJ,F,00,00,14,57,451.63,930,0.00,504.87,3.680000,0.320000,1000.00,cifi0007.DBF
P9FJ,10P9FJ,F,00,00,14,58,467.73,934,0.00,520.34,3.680000,0.320000,1000.00,cifi0007.DBF
P9FJ,10P9FJ,F,00,00,14,59,484.01,938,0.00,535.92,3.680000,0.320000,1000.00,cifi0007.DBF
P9FJ,10P9FJ,F,00,00,14,60,500.47,942,0.00,551.58,3.680000,0.320000,1000.00,cifi0007.DBF
P9FJ,10P9FJ,F,00,00,14,61,517.10,946,0.00,567.32,3.680000,0.320000,1000.00,cifi0007.DBF
P9FJ,10P9FJ,F,00,00,14,62,533.86,949,0.00,583.12,3.680000,0.320000,1000.00,cifi0007.DBF
P9FJ,10P9FJ,F,00,00,14,63,550.74,952,0.00,598.95,3.680000,0.320000,1000.00,cifi0007.DBF
P9FJ,10P9FJ,F,00,00,14,64,567.73,955,0.00,614.81,3.680000,0.320000,1000.00,cifi0007.DBF
P9FJ,10P9FJ,F,00,00,14,65,584.81,958,0.00,630.68,3.680000,0.320000,1000.00,cifi0007.DBF
P9FJ,10P9FJ,F,00,00,14,66,602.00,961,0.00,646.56,3.680000,0.320000,1000.00,cifi0007.DBF
P9FJ,10P9FJ,F,00,00,14,67,619.27,964,0.00,662.44,3.680000,0.320000,1000.00,cifi0007.DBF
P9FJ,10P9FJ,F,00,00,14,68,636.25,966,0.00,678.14,3.680000,0.320000,1000.00,cifi0007.DBF
P9FJ,10P9FJ,F,00,00,14,69,652.84,968,0.00,693.47,3.680000,0.320000,1000.00,cifi0007.DBF
P9FJ,10P9FJ,F,00,00,14,70,669.22,971,0.00,708.47,3.680000,0.320000,1000.00,cifi0007.DBF
P9FJ,10P9FJ,F,00,00,14,71,685.36,973,0.00,723.19,3.680000,0.320000,1000.00,cifi0007.DBF
P9FJ,10P9FJ,F,00,00,14,72,701.18,975,0.00,737.61,3.680000,0.320000,1000.00,cifi0007.DBF
P9FJ,10P9FJ,F,00,00,14,73,717.10,976,0.00,751.86,3.680000,0.320000,1000.00,cifi0007.DBF
P9FJ,10P9FJ,F,00,00,14,74,732.40,978,0.00,765.83,3.680000,0.320000,1000.00,cifi0007.DBF
P9FJ,10P9FJ,F,00,00,14,75,747.17,980,0.00,779.24,3.680000,0.320000,1000.00,cifi0007.DBF
P9FJ,10P9FJ,F,00,00,14,76,761.49,981,0.00,792.17,3.680000,0.320000,1000.00,cifi0007.DBF
P9FJ,10P9FJ,F,00,00,14,77,775.85,983,0.00,804.88,3.680000,0.320000,1000.00,cifi0007.DBF
P9FJ,10P9FJ,F,00,00,14,78,791.77,984,0.00,818.22,3.680000,0.320000,1000.00,cifi0007.DBF
P9FJ,10P9FJ,F,00,00,14,79,808.70,986,0.00,832.61,3.680000,0.320000,1000.00,cifi0007.DBF
P9FJ,10P9FJ,F,00,00,14,80,826.26,988,0.00,847.62,3.680000,0.320000,1000.00,cifi0007.DBF
P9FJ,10P9FJ,F,00,00,14,81,844.52,989,0.00,863.14,3.680000,0.320000,1000.00,cifi0007.DBF
P9FJ,10P9FJ,F,00,00,14,82,863.79,991,0.00,879.30,3.680000,0.320000,1000.00,cifi0007.DBF
P9FJ,10P9FJ,F,00,00,14,83,885.73,993,0.00,896.93,3.680000,0.320000,1000.00,cifi0007.DBF
P9FJ,10P9FJ,F,00,00,14,84,912.54,995,0.00,917.63,3.680000,0.320000,1000.00,cifi0007.DBF
P9FJ,10P9FJ,F,00,00,14,85,949.22,997,0.00,944.33,3.680000,0.320000,1000.00,cifi0007.DBF
P9FJ,10P9FJ,F,00,00,15,1,0.00,0,0.00,0.16,0.000000,0.320000,1000.00,cifi0007.DBF
P9FJ,10P9FJ,F,00,00,15,2,0.00,0,0.00,3.71,3.830000,0.320000,1000.00,cifi0007.DBF
P9FJ,10P9FJ,F,00,00,15,3,0.00,0,0.00,7.37,3.830000,0.320000,1000.00,cifi0007.DBF
P9FJ,10P9FJ,F,00,00,15,4,0.00,0,0.00,11.16,3.830000,0.320000,1000.00,cifi0007.DBF
P9FJ,10P9FJ,F,00,00,15,5,0.00,0,0.00,15.08,3.830000,0.320000,1000.00,cifi0007.DBF
P9FJ,10P9FJ,F,00,00,15,6,2.93,44,0.00,19.15,3.830000,0.320000,1000.00,cifi0007.DBF
P9FJ,10P9FJ,F,00,00,15,7,6.07,87,0.00,23.38,3.830000,0.320000,1000.00,cifi0007.DBF
P9FJ,10P9FJ,F,00,00,15,8,9.35,128,0.00,27.76,3.830000,0.320000,1000.00,cifi0007.DBF
P9FJ,10P9FJ,F,00,00,15,9,12.80,168,0.00,32.31,3.830000,0.320000,1000.00,cifi0007.DBF
P9FJ,10P9FJ,F,00,00,15,10,16.40,206,0.00,37.04,3.830000,0.320000,1000.00,cifi0007.DBF
P9FJ,10P9FJ,F,00,00,15,11,20.19,242,0.00,41.95,3.830000,0.320000,1000.00,cifi0007.DBF
P9FJ,10P9FJ,F,00,00,15,12,24.13,277,0.00,47.04,3.830000,0.320000,1000.00,cifi0007.DBF
P9FJ,10P9FJ,F,00,00,15,13,28.24,311,0.00,52.31,3.830000,0.320000,1000.00,cifi0007.DBF
P9FJ,10P9FJ,F,00,00,15,14,32.54,343,0.00,57.76,3.830000,0.320000,1000.00,cifi0007.DBF
P9FJ,10P9FJ,F,00,00,15,15,37.03,374,0.00,63.42,3.830000,0.320000,1000.00,cifi0007.DBF
P9FJ,10P9FJ,F,00,00,15,16,41.72,403,0.00,69.27,3.830000,0.320000,1000.00,cifi0007.DBF
P9FJ,10P9FJ,F,00,00,15,17,46.61,431,0.00,75.34,3.830000,0.320000,1000.00,cifi0007.DBF
P9FJ,10P9FJ,F,00,00,15,18,51.71,458,0.00,81.61,3.830000,0.320000,1000.00,cifi0007.DBF
P9FJ,10P9FJ,F,00,00,15,19,57.04,484,0.00,88.11,3.830000,0.320000,1000.00,cifi0007.DBF
P9FJ,10P9FJ,F,00,00,15,20,62.57,509,0.00,94.82,3.830000,0.320000,1000.00,cifi0007.DBF
P9FJ,10P9FJ,F,00,00,15,21,68.32,532,0.00,101.75,3.830000,0.320000,1000.00,cifi0007.DBF
P9FJ,10P9FJ,F,00,00,15,22,74.31,555,0.00,108.91,3.830000,0.320000,1000.00,cifi0007.DBF
P9FJ,10P9FJ,F,00,00,15,23,80.54,576,0.00,116.29,3.830000,0.320000,1000.00,cifi0007.DBF
P9FJ,10P9FJ,F,00,00,15,24,87.04,597,0.00,123.93,3.830000,0.320000,1000.00,cifi0007.DBF
P9FJ,10P9FJ,F,00,00,15,25,93.82,616,0.00,131.84,3.830000,0.320000,1000.00,cifi0007.DBF
P9FJ,10P9FJ,F,00,00,15,26,100.89,635,0.00,140.01,3.830000,0.320000,1000.00,cifi0007.DBF
P9FJ,10P9FJ,F,00,00,15,27,108.25,653,0.00,148.47,3.830000,0.320000,1000.00,cifi0007.DBF
P9FJ,10P9FJ,F,00,00,15,28,115.93,670,0.00,157.21,3.830000,0.320000,1000.00,cifi0007.DBF
P9FJ,10P9FJ,F,00,00,15,29,123.90,687,0.00,166.23,3.830000,0.320000,1000.00,cifi0007.DBF
P9FJ,10P9FJ,F,00,00,15,30,132.19,703,0.00,175.54,3.830000,0.320000,1000.00,cifi0007.DBF
P9FJ,10P9FJ,F,00,00,15,31,140.79,718,0.00,185.13,3.830000,0.320000,1000.00,cifi0007.DBF
P9FJ,10P9FJ,F,00,00,15,32,149.69,732,0.00,194.99,3.830000,0.320000,1000.00,cifi0007.DBF
P9FJ,10P9FJ,F,00,00,15,33,158.89,746,0.00,205.13,3.830000,0.320000,1000.00,cifi0007.DBF
P9FJ,10P9FJ,F,00,00,15,34,168.38,759,0.00,215.53,3.830000,0.320000,1000.00,cifi0007.DBF
P9FJ,10P9FJ,F,00,00,15,35,178.17,771,0.00,226.19,3.830000,0.320000,1000.00,cifi0007.DBF
P9FJ,10P9FJ,F,00,00,15,36,188.25,783,0.00,237.10,3.830000,0.320000,1000.00,cifi0007.DBF
P9FJ,10P9FJ,F,00,00,15,37,198.62,794,0.00,248.26,3.830000,0.320000,1000.00,cifi0007.DBF
P9FJ,10P9FJ,F,00,00,15,38,209.26,804,0.00,259.65,3.830000,0.320000,1000.00,cifi0007.DBF
P9FJ,10P9FJ,F,00,00,15,39,220.18,814,0.00,271.27,3.830000,0.320000,1000.00,cifi0007.DBF
P9FJ,10P9FJ,F,00,00,15,40,231.37,824,0.00,283.12,3.830000,0.320000,1000.00,cifi0007.DBF
P9FJ,10P9FJ,F,00,00,15,41,242.85,833,0.00,295.19,3.830000,0.320000,1000.00,cifi0007.DBF
P9FJ,10P9FJ,F,00,00,15,42,254.58,841,0.00,307.49,3.830000,0.320000,1000.00,cifi0007.DBF
P9FJ,10P9FJ,F,00,00,15,43,266.59,850,0.00,319.99,3.830000,0.320000,1000.00,cifi0007.DBF
P9FJ,10P9FJ,F,00,00,15,44,278.86,857,0.00,332.69,3.830000,0.320000,1000.00,cifi0007.DBF
P9FJ,10P9FJ,F,00,00,15,45,291.42,865,0.00,345.61,3.830000,0.320000,1000.00,cifi0007.DBF
P9FJ,10P9FJ,F,00,00,15,46,304.30,872,0.00,358.78,3.830000,0.320000,1000.00,cifi0007.DBF
P9FJ,10P9FJ,F,00,00,15,47,317.48,879,0.00,372.18,3.830000,0.320000,1000.00,cifi0007.DBF
P9FJ,10P9FJ,F,00,00,15,48,330.98,885,0.00,385.81,3.830000,0.320000,1000.00,cifi0007.DBF
P9FJ,10P9FJ,F,00,00,15,49,344.80,891,0.00,399.69,3.830000,0.320000,1000.00,cifi0007.DBF
P9FJ,10P9FJ,F,00,00,15,50,358.96,897,0.00,413.81,3.830000,0.320000,1000.00,cifi0007.DBF
P9FJ,10P9FJ,F,00,00,15,51,373.43,903,0.00,428.18,3.830000,0.320000,1000.00,cifi0007.DBF
P9FJ,10P9FJ,F,00,00,15,52,388.22,908,0.00,442.77,3.830000,0.320000,1000.00,cifi0007.DBF
P9FJ,10P9FJ,F,00,00,15,53,403.32,913,0.00,457.59,3.830000,0.320000,1000.00,cifi0007.DBF
P9FJ,10P9FJ,F,00,00,15,54,418.70,918,0.00,472.61,3.830000,0.320000,1000.00,cifi0007.DBF
P9FJ,10P9FJ,F,00,00,15,55,434.36,923,0.00,487.81,3.830000,0.320000,1000.00,cifi0007.DBF
P9FJ,10P9FJ,F,00,00,15,56,450.29,927,0.00,503.20,3.830000,0.320000,1000.00,cifi0007.DBF
P9FJ,10P9FJ,F,00,00,15,57,466.43,932,0.00,518.72,3.830000,0.320000,1000.00,cifi0007.DBF
P9FJ,10P9FJ,F,00,00,15,58,482.75,936,0.00,534.35,3.830000,0.320000,1000.00,cifi0007.DBF
P9FJ,10P9FJ,F,00,00,15,59,499.25,940,0.00,550.07,3.830000,0.320000,1000.00,cifi0007.DBF
P9FJ,10P9FJ,F,00,00,15,60,515.91,943,0.00,565.87,3.830000,0.320000,1000.00,cifi0007.DBF
P9FJ,10P9FJ,F,00,00,15,61,532.71,947,0.00,581.72,3.830000,0.320000,1000.00,cifi0007.DBF
P9FJ,10P9FJ,F,00,00,15,62,549.64,950,0.00,597.61,3.830000,0.320000,1000.00,cifi0007.DBF
P9FJ,10P9FJ,F,00,00,15,63,566.67,953,0.00,613.53,3.830000,0.320000,1000.00,cifi0007.DBF
P9FJ,10P9FJ,F,00,00,15,64,583.80,956,0.00,629.45,3.830000,0.320000,1000.00,cifi0007.DBF
P9FJ,10P9FJ,F,00,00,15,65,601.03,959,0.00,645.39,3.830000,0.320000,1000.00,cifi0007.DBF
P9FJ,10P9FJ,F,00,00,15,66,618.34,962,0.00,661.32,3.830000,0.320000,1000.00,cifi0007.DBF
P9FJ,10P9FJ,F,00,00,15,67,635.36,965,0.00,677.08,3.830000,0.320000,1000.00,cifi0007.DBF
P9FJ,10P9FJ,F,00,00,15,68,651.99,967,0.00,692.46,3.830000,0.320000,1000.00,cifi0007.DBF
P9FJ,10P9FJ,F,00,00,15,69,668.41,969,0.00,707.51,3.830000,0.320000,1000.00,cifi0007.DBF
P9FJ,10P9FJ,F,00,00,15,70,684.59,972,0.00,722.29,3.830000,0.320000,1000.00,cifi0007.DBF
P9FJ,10P9FJ,F,00,00,15,71,700.45,974,0.00,736.75,3.830000,0.320000,1000.00,cifi0007.DBF
P9FJ,10P9FJ,F,00,00,15,72,716.41,976,0.00,751.06,3.830000,0.320000,1000.00,cifi0007.DBF
P9FJ,10P9FJ,F,00,00,15,73,731.74,977,0.00,765.07,3.830000,0.320000,1000.00,cifi0007.DBF
P9FJ,10P9FJ,F,00,00,15,74,746.55,979,0.00,778.53,3.830000,0.320000,1000.00,cifi0007.DBF
P9FJ,10P9FJ,F,00,00,15,75,760.91,981,0.00,791.51,3.830000,0.320000,1000.00,cifi0007.DBF
P9FJ,10P9FJ,F,00,00,15,76,775.30,982,0.00,804.26,3.830000,0.320000,1000.00,cifi0007.DBF
P9FJ,10P9FJ,F,00,00,15,77,791.26,984,0.00,817.65,3.830000,0.320000,1000.00,cifi0007.DBF
P9FJ,10P9FJ,F,00,00,15,78,808.23,985,0.00,832.09,3.830000,0.320000,1000.00,cifi0007.DBF
P9FJ,10P9FJ,F,00,00,15,79,825.83,987,0.00,847.16,3.830000,0.320000,1000.00,cifi0007.DBF
P9FJ,10P9FJ,F,00,00,15,80,844.14,989,0.00,862.72,3.830000,0.320000,1000.00,cifi0007.DBF
P9FJ,10P9FJ,F,00,00,15,81,863.45,990,0.00,878.95,3.830000,0.320000,1000.00,cifi0007.DBF
P9FJ,10P9FJ,F,00,00,15,82,885.45,992,0.00,896.64,3.830000,0.320000,1000.00,cifi0007.DBF
P9FJ,10P9FJ,F,00,00,15,83,912.33,994,0.00,917.41,3.830000,0.320000,1000.00,cifi0007.DBF
P9FJ,10P9FJ,F,00,00,15,84,949.09,997,0.00,944.21,3.830000,0.320000,1000.00,cifi0007.DBF
P9FJ,10P9FJ,F,00,00,16,1,0.00,0,0.00,0.19,0.000000,0.380000,1000.00,cifi0007.DBF
P9FJ,10P9FJ,F,00,00,16,2,0.00,0,0.00,3.86,3.980000,0.380000,1000.00,cifi0007.DBF
P9FJ,10P9FJ,F,00,00,16,3,0.00,0,0.00,7.66,3.980000,0.380000,1000.00,cifi0007.DBF
P9FJ,10P9FJ,F,00,00,16,4,0.00,0,0.00,11.60,3.980000,0.380000,1000.00,cifi0007.DBF
P9FJ,10P9FJ,F,00,00,16,5,0.36,6,0.00,15.68,3.980000,0.380000,1000.00,cifi0007.DBF
P9FJ,10P9FJ,F,00,00,16,6,3.51,50,0.00,19.92,3.980000,0.380000,1000.00,cifi0007.DBF
P9FJ,10P9FJ,F,00,00,16,7,6.80,93,0.00,24.32,3.980000,0.380000,1000.00,cifi0007.DBF
P9FJ,10P9FJ,F,00,00,16,8,10.25,134,0.00,28.89,3.980000,0.380000,1000.00,cifi0007.DBF
P9FJ,10P9FJ,F,00,00,16,9,13.87,174,0.00,33.64,3.980000,0.380000,1000.00,cifi0007.DBF
P9FJ,10P9FJ,F,00,00,16,10,17.66,212,0.00,38.56,3.980000,0.380000,1000.00,cifi0007.DBF
P9FJ,10P9FJ,F,00,00,16,11,21.62,248,0.00,43.67,3.980000,0.380000,1000.00,cifi0007.DBF
P9FJ,10P9FJ,F,00,00,16,12,25.73,283,0.00,48.96,3.980000,0.380000,1000.00,cifi0007.DBF
P9FJ,10P9FJ,F,00,00,16,13,30.05,317,0.00,54.43,3.980000,0.380000,1000.00,cifi0007.DBF
P9FJ,10P9FJ,F,00,00,16,14,34.54,349,0.00,60.11,3.980000,0.380000,1000.00,cifi0007.DBF
P9FJ,10P9FJ,F,00,00,16,15,39.25,379,0.00,65.98,3.980000,0.380000,1000.00,cifi0007.DBF
P9FJ,10P9FJ,F,00,00,16,16,44.15,409,0.00,72.07,3.980000,0.380000,1000.00,cifi0007.DBF
P9FJ,10P9FJ,F,00,00,16,17,49.26,437,0.00,78.37,3.980000,0.380000,1000.00,cifi0007.DBF
P9FJ,10P9FJ,F,00,00,16,18,54.60,463,0.00,84.89,3.980000,0.380000,1000.00,cifi0007.DBF
P9FJ,10P9FJ,F,00,00,16,19,60.15,489,0.00,91.63,3.980000,0.380000,1000.00,cifi0007.DBF
P9FJ,10P9FJ,F,00,00,16,20,65.92,513,0.00,98.58,3.980000,0.380000,1000.00,cifi0007.DBF
P9FJ,10P9FJ,F,00,00,16,21,71.93,537,0.00,105.76,3.980000,0.380000,1000.00,cifi0007.DBF
P9FJ,10P9FJ,F,00,00,16,22,78.16,559,0.00,113.17,3.980000,0.380000,1000.00,cifi0007.DBF
P9FJ,10P9FJ,F,00,00,16,23,84.69,580,0.00,120.84,3.980000,0.380000,1000.00,cifi0007.DBF
P9FJ,10P9FJ,F,00,00,16,24,91.48,601,0.00,128.78,3.980000,0.380000,1000.00,cifi0007.DBF
P9FJ,10P9FJ,F,00,00,16,25,98.57,621,0.00,136.98,3.980000,0.380000,1000.00,cifi0007.DBF
P9FJ,10P9FJ,F,00,00,16,26,105.95,639,0.00,145.46,3.980000,0.380000,1000.00,cifi0007.DBF
P9FJ,10P9FJ,F,00,00,16,27,113.64,657,0.00,154.23,3.980000,0.380000,1000.00,cifi0007.DBF
P9FJ,10P9FJ,F,00,00,16,28,121.64,674,0.00,163.29,3.980000,0.380000,1000.00,cifi0007.DBF
P9FJ,10P9FJ,F,00,00,16,29,129.95,691,0.00,172.63,3.980000,0.380000,1000.00,cifi0007.DBF
P9FJ,10P9FJ,F,00,00,16,30,138.57,706,0.00,182.26,3.980000,0.380000,1000.00,cifi0007.DBF
P9FJ,10P9FJ,F,00,00,16,31,147.49,721,0.00,192.16,3.980000,0.380000,1000.00,cifi0007.DBF
P9FJ,10P9FJ,F,00,00,16,32,156.72,735,0.00,202.33,3.980000,0.380000,1000.00,cifi0007.DBF
P9FJ,10P9FJ,F,00,00,16,33,166.23,749,0.00,212.77,3.980000,0.380000,1000.00,cifi0007.DBF
P9FJ,10P9FJ,F,00,00,16,34,176.05,762,0.00,223.47,3.980000,0.380000,1000.00,cifi0007.DBF
P9FJ,10P9FJ,F,00,00,16,35,186.16,774,0.00,234.42,3.980000,0.380000,1000.00,cifi0007.DBF
P9FJ,10P9FJ,F,00,00,16,36,196.55,785,0.00,245.62,3.980000,0.380000,1000.00,cifi0007.DBF
P9FJ,10P9FJ,F,00,00,16,37,207.22,796,0.00,257.05,3.980000,0.380000,1000.00,cifi0007.DBF
P9FJ,10P9FJ,F,00,00,16,38,218.16,807,0.00,268.71,3.980000,0.380000,1000.00,cifi0007.DBF
P9FJ,10P9FJ,F,00,00,16,39,229.39,817,0.00,280.60,3.980000,0.380000,1000.00,cifi0007.DBF
P9FJ,10P9FJ,F,00,00,16,40,240.90,826,0.00,292.72,3.980000,0.380000,1000.00,cifi0007.DBF
P9FJ,10P9FJ,F,00,00,16,41,252.66,835,0.00,305.06,3.980000,0.380000,1000.00,cifi0007.DBF
P9FJ,10P9FJ,F,00,00,16,42,264.69,844,0.00,317.60,3.980000,0.380000,1000.00,cifi0007.DBF
P9FJ,10P9FJ,F,00,00,16,43,277.00,852,0.00,330.35,3.980000,0.380000,1000.00,cifi0007.DBF
P9FJ,10P9FJ,F,00,00,16,44,289.59,859,0.00,343.32,3.980000,0.380000,1000.00,cifi0007.DBF
P9FJ,10P9FJ,F,00,00,16,45,302.50,867,0.00,356.53,3.980000,0.380000,1000.00,cifi0007.DBF
P9FJ,10P9FJ,F,00,00,16,46,315.72,874,0.00,369.98,3.980000,0.380000,1000.00,cifi0007.DBF
P9FJ,10P9FJ,F,00,00,16,47,329.25,880,0.00,383.67,3.980000,0.380000,1000.00,cifi0007.DBF
P9FJ,10P9FJ,F,00,00,16,48,343.11,887,0.00,397.59,3.980000,0.380000,1000.00,cifi0007.DBF
P9FJ,10P9FJ,F,00,00,16,49,357.30,893,0.00,411.77,3.980000,0.380000,1000.00,cifi0007.DBF
P9FJ,10P9FJ,F,00,00,16,50,371.82,899,0.00,426.18,3.980000,0.380000,1000.00,cifi0007.DBF
P9FJ,10P9FJ,F,00,00,16,51,386.65,904,0.00,440.83,3.980000,0.380000,1000.00,cifi0007.DBF
P9FJ,10P9FJ,F,00,00,16,52,401.78,910,0.00,455.70,3.980000,0.380000,1000.00,cifi0007.DBF
P9FJ,10P9FJ,F,00,00,16,53,417.20,915,0.00,470.77,3.980000,0.380000,1000.00,cifi0007.DBF
P9FJ,10P9FJ,F,00,00,16,54,432.90,920,0.00,486.04,3.980000,0.380000,1000.00,cifi0007.DBF
P9FJ,10P9FJ,F,00,00,16,55,448.87,924,0.00,501.47,3.980000,0.380000,1000.00,cifi0007.DBF
P9FJ,10P9FJ,F,00,00,16,56,465.05,929,0.00,517.06,3.980000,0.380000,1000.00,cifi0007.DBF
P9FJ,10P9FJ,F,00,00,16,57,481.41,933,0.00,532.74,3.980000,0.380000,1000.00,cifi0007.DBF
P9FJ,10P9FJ,F,00,00,16,58,497.96,937,0.00,548.52,3.980000,0.380000,1000.00,cifi0007.DBF
P9FJ,10P9FJ,F,00,00,16,59,514.66,941,0.00,564.37,3.980000,0.380000,1000.00,cifi0007.DBF
P9FJ,10P9FJ,F,00,00,16,60,531.51,945,0.00,580.28,3.980000,0.380000,1000.00,cifi0007.DBF
P9FJ,10P9FJ,F,00,00,16,61,548.48,948,0.00,596.23,3.980000,0.380000,1000.00,cifi0007.DBF
P9FJ,10P9FJ,F,00,00,16,62,565.55,952,0.00,612.20,3.980000,0.380000,1000.00,cifi0007.DBF
P9FJ,10P9FJ,F,00,00,16,63,582.72,955,0.00,628.19,3.980000,0.380000,1000.00,cifi0007.DBF
P9FJ,10P9FJ,F,00,00,16,64,600.00,958,0.00,644.18,3.980000,0.380000,1000.00,cifi0007.DBF
P9FJ,10P9FJ,F,00,00,16,65,617.35,961,0.00,660.17,3.980000,0.380000,1000.00,cifi0007.DBF
P9FJ,10P9FJ,F,00,00,16,66,634.41,963,0.00,675.98,3.980000,0.380000,1000.00,cifi0007.DBF
P9FJ,10P9FJ,F,00,00,16,67,651.09,966,0.00,691.42,3.980000,0.380000,1000.00,cifi0007.DBF
P9FJ,10P9FJ,F,00,00,16,68,667.55,968,0.00,706.52,3.980000,0.380000,1000.00,cifi0007.DBF
P9FJ,10P9FJ,F,00,00,16,69,683.77,970,0.00,721.35,3.980000,0.380000,1000.00,cifi0007.DBF
P9FJ,10P9FJ,F,00,00,16,70,699.68,973,0.00,735.87,3.980000,0.380000,1000.00,cifi0007.DBF
P9FJ,10P9FJ,F,00,00,16,71,715.68,975,0.00,750.23,3.980000,0.380000,1000.00,cifi0007.DBF
P9FJ,10P9FJ,F,00,00,16,72,731.05,976,0.00,764.29,3.980000,0.380000,1000.00,cifi0007.DBF
P9FJ,10P9FJ,F,00,00,16,73,745.90,978,0.00,777.80,3.980000,0.380000,1000.00,cifi0007.DBF
P9FJ,10P9FJ,F,00,00,16,74,760.29,980,0.00,790.83,3.980000,0.380000,1000.00,cifi0007.DBF
P9FJ,10P9FJ,F,00,00,16,75,774.72,981,0.00,803.62,3.980000,0.380000,1000.00,cifi0007.DBF
P9FJ,10P9FJ,F,00,00,16,76,790.72,983,0.00,817.06,3.980000,0.380000,1000.00,cifi0007.DBF
P9FJ,10P9FJ,F,00,00,16,77,807.73,985,0.00,831.55,3.980000,0.380000,1000.00,cifi0007.DBF
P9FJ,10P9FJ,F,00,00,16,78,825.38,987,0.00,846.67,3.980000,0.380000,1000.00,cifi0007.DBF
P9FJ,10P9FJ,F,00,00,16,79,843.73,988,0.00,862.30,3.980000,0.380000,1000.00,cifi0007.DBF
P9FJ,10P9FJ,F,00,00,16,80,863.10,990,0.00,878.58,3.980000,0.380000,1000.00,cifi0007.DBF
P9FJ,10P9FJ,F,00,00,16,81,885.15,992,0.00,896.34,3.980000,0.380000,1000.00,cifi0007.DBF
P9FJ,10P9FJ,F,00,00,16,82,912.10,994,0.00,917.18,3.980000,0.380000,1000.00,cifi0007.DBF
P9FJ,10P9FJ,F,00,00,16,83,948.96,997,0.00,944.07,3.980000,0.380000,1000.00,cifi0007.DBF
P9FJ,10P9FJ,F,00,00,17,1,0.00,0,0.00,0.20,0.000000,0.390000,1000.00,cifi0007.DBF
P9FJ,10P9FJ,F,00,00,17,2,0.00,0,0.00,4.02,4.140000,0.390000,1000.00,cifi0007.DBF
P9FJ,10P9FJ,F,00,00,17,3,0.00,0,0.00,7.97,4.140000,0.390000,1000.00,cifi0007.DBF
P9FJ,10P9FJ,F,00,00,17,4,0.00,0,0.00,12.07,4.140000,0.390000,1000.00,cifi0007.DBF
P9FJ,10P9FJ,F,00,00,17,5,0.86,13,0.00,16.32,4.140000,0.390000,1000.00,cifi0007.DBF
P9FJ,10P9FJ,F,00,00,17,6,4.16,57,0.00,20.74,4.140000,0.390000,1000.00,cifi0007.DBF
P9FJ,10P9FJ,F,00,00,17,7,7.63,100,0.00,25.32,4.140000,0.390000,1000.00,cifi0007.DBF
P9FJ,10P9FJ,F,00,00,17,8,11.25,141,0.00,30.09,4.140000,0.390000,1000.00,cifi0007.DBF
P9FJ,10P9FJ,F,00,00,17,9,15.05,181,0.00,35.03,4.140000,0.390000,1000.00,cifi0007.DBF
P9FJ,10P9FJ,F,00,00,17,10,19.02,219,0.00,40.16,4.140000,0.390000,1000.00,cifi0007.DBF
P9FJ,10P9FJ,F,00,00,17,11,23.15,255,0.00,45.47,4.140000,0.390000,1000.00,cifi0007.DBF
P9FJ,10P9FJ,F,00,00,17,12,27.48,290,0.00,50.96,4.140000,0.390000,1000.00,cifi0007.DBF
P9FJ,10P9FJ,F,00,00,17,13,31.98,323,0.00,56.66,4.140000,0.390000,1000.00,cifi0007.DBF
P9FJ,10P9FJ,F,00,00,17,14,36.70,355,0.00,62.55,4.140000,0.390000,1000.00,cifi0007.DBF
P9FJ,10P9FJ,F,00,00,17,15,41.62,385,0.00,68.67,4.140000,0.390000,1000.00,cifi0007.DBF
P9FJ,10P9FJ,F,00,00,17,16,46.74,414,0.00,74.99,4.140000,0.390000,1000.00,cifi0007.DBF
P9FJ,10P9FJ,F,00,00,17,17,52.09,442,0.00,81.53,4.140000,0.390000,1000.00,cifi0007.DBF
P9FJ,10P9FJ,F,00,00,17,18,57.66,469,0.00,88.29,4.140000,0.390000,1000.00,cifi0007.DBF
P9FJ,10P9FJ,F,00,00,17,19,63.44,494,0.00,95.28,4.140000,0.390000,1000.00,cifi0007.DBF
P9FJ,10P9FJ,F,00,00,17,20,69.46,518,0.00,102.48,4.140000,0.390000,1000.00,cifi0007.DBF
P9FJ,10P9FJ,F,00,00,17,21,75.72,542,0.00,109.92,4.140000,0.390000,1000.00,cifi0007.DBF
P9FJ,10P9FJ,F,00,00,17,22,82.26,564,0.00,117.62,4.140000,0.390000,1000.00,cifi0007.DBF
P9FJ,10P9FJ,F,00,00,17,23,89.07,585,0.00,125.58,4.140000,0.390000,1000.00,cifi0007.DBF
P9FJ,10P9FJ,F,00,00,17,24,96.18,605,0.00,133.82,4.140000,0.390000,1000.00,cifi0007.DBF
P9FJ,10P9FJ,F,00,00,17,25,103.58,625,0.00,142.33,4.140000,0.390000,1000.00,cifi0007.DBF
P9FJ,10P9FJ,F,00,00,17,26,111.29,644,0.00,151.14,4.140000,0.390000,1000.00,cifi0007.DBF
P9FJ,10P9FJ,F,00,00,17,27,119.31,661,0.00,160.23,4.140000,0.390000,1000.00,cifi0007.DBF
P9FJ,10P9FJ,F,00,00,17,28,127.65,679,0.00,169.60,4.140000,0.390000,1000.00,cifi0007.DBF
P9FJ,10P9FJ,F,00,00,17,29,136.28,695,0.00,179.26,4.140000,0.390000,1000.00,cifi0007.DBF
P9FJ,10P9FJ,F,00,00,17,30,145.23,710,0.00,189.20,4.140000,0.390000,1000.00,cifi0007.DBF
P9FJ,10P9FJ,F,00,00,17,31,154.48,725,0.00,199.42,4.140000,0.390000,1000.00,cifi0007.DBF
P9FJ,10P9FJ,F,00,00,17,32,164.02,739,0.00,209.89,4.140000,0.390000,1000.00,cifi0007.DBF
P9FJ,10P9FJ,F,00,00,17,33,173.87,752,0.00,220.63,4.140000,0.390000,1000.00,cifi0007.DBF
P9FJ,10P9FJ,F,00,00,17,34,184.00,765,0.00,231.62,4.140000,0.390000,1000.00,cifi0007.DBF
P9FJ,10P9FJ,F,00,00,17,35,194.42,777,0.00,242.86,4.140000,0.390000,1000.00,cifi0007.DBF
P9FJ,10P9FJ,F,00,00,17,36,205.12,788,0.00,254.34,4.140000,0.390000,1000.00,cifi0007.DBF
P9FJ,10P9FJ,F,00,00,17,37,216.09,799,0.00,266.04,4.140000,0.390000,1000.00,cifi0007.DBF
P9FJ,10P9FJ,F,00,00,17,38,227.34,809,0.00,277.98,4.140000,0.390000,1000.00,cifi0007.DBF
P9FJ,10P9FJ,F,00,00,17,39,238.88,819,0.00,290.14,4.140000,0.390000,1000.00,cifi0007.DBF
P9FJ,10P9FJ,F,00,00,17,40,250.68,829,0.00,302.53,4.140000,0.390000,1000.00,cifi0007.DBF
P9FJ,10P9FJ,F,00,00,17,41,262.74,837,0.00,315.12,4.140000,0.390000,1000.00,cifi0007.DBF
P9FJ,10P9FJ,F,00,00,17,42,275.08,846,0.00,327.92,4.140000,0.390000,1000.00,cifi0007.DBF
P9FJ,10P9FJ,F,00,00,17,43,287.71,854,0.00,340.93,4.140000,0.390000,1000.00,cifi0007.DBF
P9FJ,10P9FJ,F,00,00,17,44,300.65,861,0.00,354.19,4.140000,0.390000,1000.00,cifi0007.DBF
P9FJ,10P9FJ,F,00,00,17,45,313.91,869,0.00,367.69,4.140000,0.390000,1000.00,cifi0007.DBF
P9FJ,10P9FJ,F,00,00,17,46,327.47,876,0.00,381.43,4.140000,0.390000,1000.00,cifi0007.DBF
P9FJ,10P9FJ,F,00,00,17,47,341.37,882,0.00,395.41,4.140000,0.390000,1000.00,cifi0007.DBF
P9FJ,10P9FJ,F,00,00,17,48,355.60,889,0.00,409.63,4.140000,0.390000,1000.00,cifi0007.DBF
P9FJ,10P9FJ,F,00,00,17,49,370.15,895,0.00,424.11,4.140000,0.390000,1000.00,cifi0007.DBF
P9FJ,10P9FJ,F,00,00,17,50,385.02,901,0.00,438.81,4.140000,0.390000,1000.00,cifi0007.DBF
P9FJ,10P9FJ,F,00,00,17,51,400.19,906,0.00,453.73,4.140000,0.390000,1000.00,cifi0007.DBF
P9FJ,10P9FJ,F,00,00,17,52,415.66,912,0.00,468.86,4.140000,0.390000,1000.00,cifi0007.DBF
P9FJ,10P9FJ,F,00,00,17,53,431.40,917,0.00,484.18,4.140000,0.390000,1000.00,cifi0007.DBF
P9FJ,10P9FJ,F,00,00,17,54,447.41,921,0.00,499.68,4.140000,0.390000,1000.00,cifi0007.DBF
P9FJ,10P9FJ,F,00,00,17,55,463.63,926,0.00,515.32,4.140000,0.390000,1000.00,cifi0007.DBF
P9FJ,10P9FJ,F,00,00,17,56,480.04,931,0.00,531.07,4.140000,0.390000,1000.00,cifi0007.DBF
P9FJ,10P9FJ,F,00,00,17,57,496.63,935,0.00,546.90,4.140000,0.390000,1000.00,cifi0007.DBF
P9FJ,10P9FJ,F,00,00,17,58,513.38,939,0.00,562.81,4.140000,0.390000,1000.00,cifi0007.DBF
P9FJ,10P9FJ,F,00,00,17,59,530.26,943,0.00,578.78,4.140000,0.390000,1000.00,cifi0007.DBF
P9FJ,10P9FJ,F,00,00,17,60,547.28,946,0.00,594.79,4.140000,0.390000,1000.00,cifi0007.DBF
P9FJ,10P9FJ,F,00,00,17,61,564.40,950,0.00,610.82,4.140000,0.390000,1000.00,cifi0007.DBF
P9FJ,10P9FJ,F,00,00,17,62,581.62,953,0.00,626.87,4.140000,0.390000,1000.00,cifi0007.DBF
P9FJ,10P9FJ,F,00,00,17,63,598.94,956,0.00,642.91,4.140000,0.390000,1000.00,cifi0007.DBF
P9FJ,10P9FJ,F,00,00,17,64,616.34,959,0.00,658.96,4.140000,0.390000,1000.00,cifi0007.DBF
P9FJ,10P9FJ,F,00,00,17,65,633.44,962,0.00,674.84,4.140000,0.390000,1000.00,cifi0007.DBF
P9FJ,10P9FJ,F,00,00,17,66,650.17,964,0.00,690.34,4.140000,0.390000,1000.00,cifi0007.DBF
P9FJ,10P9FJ,F,00,00,17,67,666.67,967,0.00,705.50,4.140000,0.390000,1000.00,cifi0007.DBF
P9FJ,10P9FJ,F,00,00,17,68,682.93,969,0.00,720.38,4.140000,0.390000,1000.00,cifi0007.DBF
P9FJ,10P9FJ,F,00,00,17,69,698.88,971,0.00,734.95,4.140000,0.390000,1000.00,cifi0007.DBF
P9FJ,10P9FJ,F,00,00,17,70,714.93,974,0.00,749.37,4.140000,0.390000,1000.00,cifi0007.DBF
P9FJ,10P9FJ,F,00,00,17,71,730.34,975,0.00,763.48,4.140000,0.390000,1000.00,cifi0007.DBF
P9FJ,10P9FJ,F,00,00,17,72,745.23,977,0.00,777.04,4.140000,0.390000,1000.00,cifi0007.DBF
P9FJ,10P9FJ,F,00,00,17,73,759.66,979,0.00,790.11,4.140000,0.390000,1000.00,cifi0007.DBF
P9FJ,10P9FJ,F,00,00,17,74,774.12,981,0.00,802.96,4.140000,0.390000,1000.00,cifi0007.DBF
P9FJ,10P9FJ,F,00,00,17,75,790.17,982,0.00,816.45,4.140000,0.390000,1000.00,cifi0007.DBF
P9FJ,10P9FJ,F,00,00,17,76,807.22,984,0.00,830.99,4.140000,0.390000,1000.00,cifi0007.DBF
P9FJ,10P9FJ,F,00,00,17,77,824.92,986,0.00,846.17,4.140000,0.390000,1000.00,cifi0007.DBF
P9FJ,10P9FJ,F,00,00,17,78,843.32,988,0.00,861.85,4.140000,0.390000,1000.00,cifi0007.DBF
P9FJ,10P9FJ,F,00,00,17,79,862.74,990,0.00,878.19,4.140000,0.390000,1000.00,cifi0007.DBF
P9FJ,10P9FJ,F,00,00,17,80,884.85,992,0.00,896.02,4.140000,0.390000,1000.00,cifi0007.DBF
P9FJ,10P9FJ,F,00,00,17,81,911.87,994,0.00,916.94,4.140000,0.390000,1000.00,cifi0007.DBF
P9FJ,10P9FJ,F,00,00,17,82,948.83,997,0.00,943.94,4.140000,0.390000,1000.00,cifi0007.DBF
P9FJ,10P9FJ,F,00,00,18,1,0.00,0,0.00,0.20,0.000000,0.400000,1000.00,cifi0007.DBF
P9FJ,10P9FJ,F,00,00,18,2,0.00,0,0.00,4.17,4.310000,0.400000,1000.00,cifi0007.DBF
P9FJ,10P9FJ,F,00,00,18,3,0.00,0,0.00,8.28,4.310000,0.400000,1000.00,cifi0007.DBF
P9FJ,10P9FJ,F,00,00,18,4,0.00,0,0.00,12.56,4.310000,0.400000,1000.00,cifi0007.DBF
P9FJ,10P9FJ,F,00,00,18,5,1.40,20,0.00,16.99,4.310000,0.400000,1000.00,cifi0007.DBF
P9FJ,10P9FJ,F,00,00,18,6,4.88,64,0.00,21.59,4.310000,0.400000,1000.00,cifi0007.DBF
P9FJ,10P9FJ,F,00,00,18,7,8.51,107,0.00,26.37,4.310000,0.400000,1000.00,cifi0007.DBF
P9FJ,10P9FJ,F,00,00,18,8,12.32,148,0.00,31.34,4.310000,0.400000,1000.00,cifi0007.DBF
P9FJ,10P9FJ,F,00,00,18,9,16.30,187,0.00,36.49,4.310000,0.400000,1000.00,cifi0007.DBF
P9FJ,10P9FJ,F,00,00,18,10,20.44,225,0.00,41.81,4.310000,0.400000,1000.00,cifi0007.DBF
P9FJ,10P9FJ,F,00,00,18,11,24.78,261,0.00,47.33,4.310000,0.400000,1000.00,cifi0007.DBF
P9FJ,10P9FJ,F,00,00,18,12,29.30,296,0.00,53.05,4.310000,0.400000,1000.00,cifi0007.DBF
P9FJ,10P9FJ,F,00,00,18,13,34.03,329,0.00,58.97,4.310000,0.400000,1000.00,cifi0007.DBF
P9FJ,10P9FJ,F,00,00,18,14,38.96,361,0.00,65.10,4.310000,0.400000,1000.00,cifi0007.DBF
P9FJ,10P9FJ,F,00,00,18,15,44.10,391,0.00,71.45,4.310000,0.400000,1000.00,cifi0007.DBF
P9FJ,10P9FJ,F,00,00,18,16,49.46,420,0.00,78.02,4.310000,0.400000,1000.00,cifi0007.DBF
P9FJ,10P9FJ,F,00,00,18,17,55.05,448,0.00,84.81,4.310000,0.400000,1000.00,cifi0007.DBF
P9FJ,10P9FJ,F,00,00,18,18,60.85,474,0.00,91.82,4.310000,0.400000,1000.00,cifi0007.DBF
P9FJ,10P9FJ,F,00,00,18,19,66.88,499,0.00,99.05,4.310000,0.400000,1000.00,cifi0007.DBF
P9FJ,10P9FJ,F,00,00,18,20,73.15,523,0.00,106.52,4.310000,0.400000,1000.00,cifi0007.DBF
P9FJ,10P9FJ,F,00,00,18,21,79.71,546,0.00,114.25,4.310000,0.400000,1000.00,cifi0007.DBF
P9FJ,10P9FJ,F,00,00,18,22,86.55,569,0.00,122.24,4.310000,0.400000,1000.00,cifi0007.DBF
P9FJ,10P9FJ,F,00,00,18,23,93.67,590,0.00,130.51,4.310000,0.400000,1000.00,cifi0007.DBF
P9FJ,10P9FJ,F,00,00,18,24,101.10,610,0.00,139.06,4.310000,0.400000,1000.00,cifi0007.DBF
P9FJ,10P9FJ,F,00,00,18,25,108.83,629,0.00,147.90,4.310000,0.400000,1000.00,cifi0007.DBF
P9FJ,10P9FJ,F,00,00,18,26,116.87,648,0.00,157.02,4.310000,0.400000,1000.00,cifi0007.DBF
P9FJ,10P9FJ,F,00,00,18,27,125.23,666,0.00,166.44,4.310000,0.400000,1000.00,cifi0007.DBF
P9FJ,10P9FJ,F,00,00,18,28,133.89,683,0.00,176.14,4.310000,0.400000,1000.00,cifi0007.DBF
P9FJ,10P9FJ,F,00,00,18,29,142.86,699,0.00,186.11,4.310000,0.400000,1000.00,cifi0007.DBF
P9FJ,10P9FJ,F,00,00,18,30,152.13,714,0.00,196.37,4.310000,0.400000,1000.00,cifi0007.DBF
P9FJ,10P9FJ,F,00,00,18,31,161.70,729,0.00,206.88,4.310000,0.400000,1000.00,cifi0007.DBF
P9FJ,10P9FJ,F,00,00,18,32,171.57,742,0.00,217.66,4.310000,0.400000,1000.00,cifi0007.DBF
P9FJ,10P9FJ,F,00,00,18,33,181.74,756,0.00,228.70,4.310000,0.400000,1000.00,cifi0007.DBF
P9FJ,10P9FJ,F,00,00,18,34,192.19,768,0.00,239.98,4.310000,0.400000,1000.00,cifi0007.DBF
P9FJ,10P9FJ,F,00,00,18,35,202.91,780,0.00,251.50,4.310000,0.400000,1000.00,cifi0007.DBF
P9FJ,10P9FJ,F,00,00,18,36,213.91,791,0.00,263.25,4.310000,0.400000,1000.00,cifi0007.DBF
P9FJ,10P9FJ,F,00,00,18,37,225.20,802,0.00,275.23,4.310000,0.400000,1000.00,cifi0007.DBF
P9FJ,10P9FJ,F,00,00,18,38,236.77,812,0.00,287.45,4.310000,0.400000,1000.00,cifi0007.DBF
P9FJ,10P9FJ,F,00,00,18,39,248.60,822,0.00,299.88,4.310000,0.400000,1000.00,cifi0007.DBF
P9FJ,10P9FJ,F,00,00,18,40,260.70,831,0.00,312.52,4.310000,0.400000,1000.00,cifi0007.DBF
P9FJ,10P9FJ,F,00,00,18,41,273.07,840,0.00,325.37,4.310000,0.400000,1000.00,cifi0007.DBF
P9FJ,10P9FJ,F,00,00,18,42,285.73,848,0.00,338.44,4.310000,0.400000,1000.00,cifi0007.DBF
P9FJ,10P9FJ,F,00,00,18,43,298.71,856,0.00,351.75,4.310000,0.400000,1000.00,cifi0007.DBF
P9FJ,10P9FJ,F,00,00,18,44,312.00,863,0.00,365.30,4.310000,0.400000,1000.00,cifi0007.DBF
P9FJ,10P9FJ,F,00,00,18,45,325.61,871,0.00,379.09,4.310000,0.400000,1000.00,cifi0007.DBF
P9FJ,10P9FJ,F,00,00,18,46,339.54,878,0.00,393.12,4.310000,0.400000,1000.00,cifi0007.DBF
P9FJ,10P9FJ,F,00,00,18,47,353.81,884,0.00,407.40,4.310000,0.400000,1000.00,cifi0007.DBF
P9FJ,10P9FJ,F,00,00,18,48,368.40,891,0.00,421.93,4.310000,0.400000,1000.00,cifi0007.DBF
P9FJ,10P9FJ,F,00,00,18,49,383.31,897,0.00,436.69,4.310000,0.400000,1000.00,cifi0007.DBF
P9FJ,10P9FJ,F,00,00,18,50,398.53,902,0.00,451.68,4.310000,0.400000,1000.00,cifi0007.DBF
P9FJ,10P9FJ,F,00,00,18,51,414.04,908,0.00,466.86,4.310000,0.400000,1000.00,cifi0007.DBF
P9FJ,10P9FJ,F,00,00,18,52,429.82,913,0.00,482.24,4.310000,0.400000,1000.00,cifi0007.DBF
P9FJ,10P9FJ,F,00,00,18,53,445.88,918,0.00,497.80,4.310000,0.400000,1000.00,cifi0007.DBF
P9FJ,10P9FJ,F,00,00,18,54,462.14,923,0.00,513.50,4.310000,0.400000,1000.00,cifi0007.DBF
P9FJ,10P9FJ,F,00,00,18,55,478.60,928,0.00,529.31,4.310000,0.400000,1000.00,cifi0007.DBF
P9FJ,10P9FJ,F,00,00,18,56,495.23,932,0.00,545.21,4.310000,0.400000,1000.00,cifi0007.DBF
P9FJ,10P9FJ,F,00,00,18,57,512.03,936,0.00,561.18,4.310000,0.400000,1000.00,cifi0007.DBF
P9FJ,10P9FJ,F,00,00,18,58,528.96,940,0.00,577.21,4.310000,0.400000,1000.00,cifi0007.DBF
P9FJ,10P9FJ,F,00,00,18,59,546.02,944,0.00,593.28,4.310000,0.400000,1000.00,cifi0007.DBF
P9FJ,10P9FJ,F,00,00,18,60,563.19,948,0.00,609.38,4.310000,0.400000,1000.00,cifi0007.DBF
P9FJ,10P9FJ,F,00,00,18,61,580.46,951,0.00,625.48,4.310000,0.400000,1000.00,cifi0007.DBF
P9FJ,10P9FJ,F,00,00,18,62,597.82,954,0.00,641.60,4.310000,0.400000,1000.00,cifi0007.DBF
P9FJ,10P9FJ,F,00,00,18,63,615.27,957,0.00,657.71,4.310000,0.400000,1000.00,cifi0007.DBF
P9FJ,10P9FJ,F,00,00,18,64,632.43,960,0.00,673.64,4.310000,0.400000,1000.00,cifi0007.DBF
P9FJ,10P9FJ,F,00,00,18,65,649.20,963,0.00,689.20,4.310000,0.400000,1000.00,cifi0007.DBF
P9FJ,10P9FJ,F,00,00,18,66,665.75,966,0.00,704.42,4.310000,0.400000,1000.00,cifi0007.DBF
P9FJ,10P9FJ,F,00,00,18,67,682.05,968,0.00,719.37,4.310000,0.400000,1000.00,cifi0007.DBF
P9FJ,10P9FJ,F,00,00,18,68,698.04,970,0.00,734.00,4.310000,0.400000,1000.00,cifi0007.DBF
P9FJ,10P9FJ,F,00,00,18,69,714.13,972,0.00,748.46,4.310000,0.400000,1000.00,cifi0007.DBF
P9FJ,10P9FJ,F,00,00,18,70,729.59,974,0.00,762.63,4.310000,0.400000,1000.00,cifi0007.DBF
P9FJ,10P9FJ,F,00,00,18,71,744.52,976,0.00,776.24,4.310000,0.400000,1000.00,cifi0007.DBF
P9FJ,10P9FJ,F,00,00,18,72,758.99,978,0.00,789.37,4.310000,0.400000,1000.00,cifi0007.DBF
P9FJ,10P9FJ,F,00,00,18,73,773.49,980,0.00,802.27,4.310000,0.400000,1000.00,cifi0007.DBF
P9FJ,10P9FJ,F,00,00,18,74,789.59,982,0.00,815.81,4.310000,0.400000,1000.00,cifi0007.DBF
P9FJ,10P9FJ,F,00,00,18,75,806.69,984,0.00,830.41,4.310000,0.400000,1000.00,cifi0007.DBF
P9FJ,10P9FJ,F,00,00,18,76,824.43,985,0.00,845.65,4.310000,0.400000,1000.00,cifi0007.DBF
P9FJ,10P9FJ,F,00,00,18,77,842.88,987,0.00,861.39,4.310000,0.400000,1000.00,cifi0007.DBF
P9FJ,10P9FJ,F,00,00,18,78,862.36,989,0.00,877.79,4.310000,0.400000,1000.00,cifi0007.DBF
P9FJ,10P9FJ,F,00,00,18,79,884.53,991,0.00,895.69,4.310000,0.400000,1000.00,cifi0007.DBF
P9FJ,10P9FJ,F,00,00,18,80,911.62,994,0.00,916.69,4.310000,0.400000,1000.00,cifi0007.DBF
P9FJ,10P9FJ,F,00,00,18,81,948.68,997,0.00,943.79,4.310000,0.400000,1000.00,cifi0007.DBF
