cfic_plan,ql_plan,gender,uwclass,band,issue_age,policy_year,cash_value,pup_ins,term_rsv,mean_rsv,rl_netprem,fy_netprem,death_ben,source_file
ALP2,10ALP2,0,00,00,0,1,0.00,0,0.00,2.00,5.085433,4.000000,1000.00,cifi0007.DBF
ALP2,10ALP2,0,00,00,0,2,0.00,0,4.00,5.00,5.085433,4.000000,1000.00,cifi0007.DBF
ALP2,10ALP2,0,00,00,0,3,0.00,0,9.00,9.00,5.085433,4.000000,1000.00,cifi0007.DBF
ALP2,10ALP2,0,00,00,0,4,1.00,14,14.00,14.00,5.085433,4.000000,1000.00,cifi0007.DBF
ALP2,10ALP2,0,00,00,0,5,6.00,80,19.00,19.00,5.085433,4.000000,1000.00,cifi0007.DBF
ALP2,10ALP2,0,00,00,0,6,12.00,155,24.00,24.00,5.085433,4.000000,1000.00,cifi0007.DBF
ALP2,10ALP2,0,00,00,0,7,18.00,224,29.00,29.00,5.085433,4.000000,1000.00,cifi0007.DBF
ALP2,10ALP2,0,00,00,0,8,25.00,300,35.00,35.00,5.085433,4.000000,1000.00,cifi0007.DBF
ALP2,10ALP2,0,00,00,0,9,32.00,371,41.00,41.00,5.085433,4.000000,1000.00,cifi0007.DBF
ALP2,10ALP2,0,00,00,0,10,39.00,435,48.00,47.00,5.085433,4.000000,1000.00,cifi0007.DBF
ALP2,10ALP2,0,00,00,0,11,47.00,505,55.00,54.00,5.085433,4.000000,1000.00,cifi0007.DBF
ALP2,10ALP2,0,00,00,0,12,54.00,560,62.00,61.00,5.085433,4.000000,1000.00,cifi0007.DBF
ALP2,10ALP2,0,00,00,0,13,63.00,630,69.00,68.00,5.085433,4.000000,1000.00,cifi0007.DBF
ALP2,10ALP2,0,00,00,0,14,71.00,685,76.00,75.00,5.085433,4.000000,1000.00,cifi0007.DBF
ALP2,10ALP2,0,00,00,0,15,79.00,736,84.00,83.00,5.085433,4.000000,1000.00,cifi0007.DBF
ALP2,10ALP2,0,00,00,0,16,88.00,793,92.00,91.00,5.085433,4.000000,1000.00,cifi0007.DBF
ALP2,10ALP2,0,00,00,0,17,97.00,846,100.00,99.00,5.085433,4.000000,1000.00,cifi0007.DBF
ALP2,10ALP2,0,00,00,0,18,107.00,904,108.00,107.00,5.085433,4.000000,1000.00,cifi0007.DBF
ALP2,10ALP2,0,00,00,0,19,116.00,950,117.00,115.00,5.085433,4.000000,1000.00,cifi0007.DBF
ALP2,10ALP2,0,00,00,0,20,127.00,9999,126.00,124.00,5.085433,4.000000,1000.00,cifi0007.DBF
ALP2,10ALP2,0,00,00,0,60,488.00,9999,,,,,0.00,cifi0007.DBF
ALP2,10ALP2,0,00,00,0,65,558.00,9999,,,,,0.00,cifi0007.DBF
ALP2,10ALP2,0,00,00,1,1,0.00,0,0.00,1.00,5.237736,1.023924,1000.00,cifi0007.DBF
ALP2,10ALP2,0,00,00,1,2,0.00,0,4.00,5.00,5.237736,1.023924,1000.00,cifi0007.DBF
ALP2,10ALP2,0,00,00,1,3,0.00,0,9.00,9.00,5.237736,1.023924,1000.00,cifi0007.DBF
ALP2,10ALP2,0,00,00,1,4,4.00,54,14.00,14.00,5.237736,1.023924,1000.00,cifi0007.DBF
ALP2,10ALP2,0,00,00,1,5,10.00,129,19.00,19.00,5.237736,1.023924,1000.00,cifi0007.DBF
ALP2,10ALP2,0,00,00,1,6,16.00,199,25.00,25.00,5.237736,1.023924,1000.00,cifi0007.DBF
ALP2,10ALP2,0,00,00,1,7,22.00,264,31.00,31.00,5.237736,1.023924,1000.00,cifi0007.DBF
ALP2,10ALP2,0,00,00,1,8,29.00,336,37.00,37.00,5.237736,1.023924,1000.00,cifi0007.DBF
ALP2,10ALP2,0,00,00,1,9,36.00,402,43.00,43.00,5.237736,1.023924,1000.00,cifi0007.DBF
ALP2,10ALP2,0,00,00,1,10,43.00,462,50.00,49.00,5.237736,1.023924,1000.00,cifi0007.DBF
ALP2,10ALP2,0,00,00,1,11,51.00,529,57.00,56.00,5.237736,1.023924,1000.00,cifi0007.DBF
ALP2,10ALP2,0,00,00,1,12,59.00,590,64.00,63.00,5.237736,1.023924,1000.00,cifi0007.DBF
ALP2,10ALP2,0,00,00,1,13,67.00,646,72.00,71.00,5.237736,1.023924,1000.00,cifi0007.DBF
ALP2,10ALP2,0,00,00,1,14,75.00,699,79.00,78.00,5.237736,1.023924,1000.00,cifi0007.DBF
ALP2,10ALP2,0,00,00,1,15,84.00,757,87.00,86.00,5.237736,1.023924,1000.00,cifi0007.DBF
ALP2,10ALP2,0,00,00,1,16,92.00,802,95.00,94.00,5.237736,1.023924,1000.00,cifi0007.DBF
ALP2,10ALP2,0,00,00,1,17,101.00,853,103.00,102.00,5.237736,1.023924,1000.00,cifi0007.DBF
ALP2,10ALP2,0,00,00,1,18,111.00,909,112.00,110.00,5.237736,1.023924,1000.00,cifi0007.DBF
ALP2,10ALP2,0,00,00,1,19,120.00,952,121.00,119.00,5.237736,1.023924,1000.00,cifi0007.DBF
ALP2,10ALP2,0,00,00,1,20,131.00,9999,130.00,128.00,5.237736,1.023924,1000.00,cifi0007.DBF
ALP2,10ALP2,0,00,00,1,60,488.00,9999,,,,,0.00,cifi0007.DBF
ALP2,10ALP2,0,00,00,1,65,558.00,9999,,,,,0.00,cifi0007.DBF
ALP2,10ALP2,0,00,00,2,1,0.00,0,0.00,0.00,5.403445,0.947368,1000.00,cifi0007.DBF
ALP2,10ALP2,0,00,00,2,2,0.00,0,5.00,5.00,5.403445,0.947368,1000.00,cifi0007.DBF
ALP2,10ALP2,0,00,00,2,3,0.00,0,10.00,10.00,5.403445,0.947368,1000.00,cifi0007.DBF
ALP2,10ALP2,0,00,00,2,4,5.00,65,15.00,15.00,5.403445,0.947368,1000.00,cifi0007.DBF
ALP2,10ALP2,0,00,00,2,5,11.00,137,20.00,20.00,5.403445,0.947368,1000.00,cifi0007.DBF
ALP2,10ALP2,0,00,00,2,6,17.00,204,26.00,26.00,5.403445,0.947368,1000.00,cifi0007.DBF
ALP2,10ALP2,0,00,00,2,7,24.00,278,32.00,32.00,5.403445,0.947368,1000.00,cifi0007.DBF
ALP2,10ALP2,0,00,00,2,8,31.00,346,38.00,38.00,5.403445,0.947368,1000.00,cifi0007.DBF
ALP2,10ALP2,0,00,00,2,9,38.00,409,45.00,44.00,5.403445,0.947368,1000.00,cifi0007.DBF
ALP2,10ALP2,0,00,00,2,10,45.00,466,52.00,51.00,5.403445,0.947368,1000.00,cifi0007.DBF
ALP2,10ALP2,0,00,00,2,11,53.00,530,59.00,58.00,5.403445,0.947368,1000.00,cifi0007.DBF
ALP2,10ALP2,0,00,00,2,12,61.00,588,67.00,66.00,5.403445,0.947368,1000.00,cifi0007.DBF
ALP2,10ALP2,0,00,00,2,13,69.00,643,74.00,73.00,5.403445,0.947368,1000.00,cifi0007.DBF
ALP2,10ALP2,0,00,00,2,14,78.00,703,82.00,81.00,5.403445,0.947368,1000.00,cifi0007.DBF
ALP2,10ALP2,0,00,00,2,15,86.00,750,90.00,89.00,5.403445,0.947368,1000.00,cifi0007.DBF
ALP2,10ALP2,0,00,00,2,16,95.00,803,98.00,97.00,5.403445,0.947368,1000.00,cifi0007.DBF
ALP2,10ALP2,0,00,00,2,17,105.00,860,107.00,105.00,5.403445,0.947368,1000.00,cifi0007.DBF
ALP2,10ALP2,0,00,00,2,18,114.00,905,115.00,114.00,5.403445,0.947368,1000.00,cifi0007.DBF
ALP2,10ALP2,0,00,00,2,19,124.00,954,125.00,123.00,5.403445,0.947368,1000.00,cifi0007.DBF
ALP2,10ALP2,0,00,00,2,20,135.00,9999,134.00,132.00,5.403445,0.947368,1000.00,cifi0007.DBF
ALP2,10ALP2,0,00,00,2,60,488.00,9999,,,,,0.00,cifi0007.DBF
ALP2,10ALP2,0,00,00,2,65,558.00,9999,,,,,0.00,cifi0007.DBF
ALP2,10ALP2,0,00,00,3,1,0.00,0,0.00,0.00,5.577658,0.937799,1000.00,cifi0007.DBF
ALP2,10ALP2,0,00,00,3,2,0.00,0,5.00,5.00,5.577658,0.937799,1000.00,cifi0007.DBF
ALP2,10ALP2,0,00,00,3,3,0.00,0,10.00,10.00,5.577658,0.937799,1000.00,cifi0007.DBF
ALP2,10ALP2,0,00,00,3,4,6.00,75,15.00,15.00,5.577658,0.937799,1000.00,cifi0007.DBF
ALP2,10ALP2,0,00,00,3,5,12.00,144,21.00,21.00,5.577658,0.937799,1000.00,cifi0007.DBF
ALP2,10ALP2,0,00,00,3,6,18.00,209,27.00,27.00,5.577658,0.937799,1000.00,cifi0007.DBF
ALP2,10ALP2,0,00,00,3,7,25.00,279,34.00,33.00,5.577658,0.937799,1000.00,cifi0007.DBF
ALP2,10ALP2,0,00,00,3,8,32.00,344,40.00,40.00,5.577658,0.937799,1000.00,cifi0007.DBF
ALP2,10ALP2,0,00,00,3,9,40.00,415,47.00,46.00,5.577658,0.937799,1000.00,cifi0007.DBF
ALP2,10ALP2,0,00,00,3,10,48.00,480,54.00,53.00,5.577658,0.937799,1000.00,cifi0007.DBF
ALP2,10ALP2,0,00,00,3,11,55.00,531,62.00,61.00,5.577658,0.937799,1000.00,cifi0007.DBF
ALP2,10ALP2,0,00,00,3,12,64.00,596,69.00,68.00,5.577658,0.937799,1000.00,cifi0007.DBF
ALP2,10ALP2,0,00,00,3,13,72.00,649,77.00,76.00,5.577658,0.937799,1000.00,cifi0007.DBF
ALP2,10ALP2,0,00,00,3,14,81.00,707,85.00,84.00,5.577658,0.937799,1000.00,cifi0007.DBF
ALP2,10ALP2,0,00,00,3,15,89.00,752,93.00,92.00,5.577658,0.937799,1000.00,cifi0007.DBF
ALP2,10ALP2,0,00,00,3,16,99.00,811,101.00,100.00,5.577658,0.937799,1000.00,cifi0007.DBF
ALP2,10ALP2,0,00,00,3,17,108.00,857,110.00,108.00,5.577658,0.937799,1000.00,cifi0007.DBF
ALP2,10ALP2,0,00,00,3,18,118.00,908,119.00,117.00,5.577658,0.937799,1000.00,cifi0007.DBF
ALP2,10ALP2,0,00,00,3,19,128.00,954,129.00,127.00,5.577658,0.937799,1000.00,cifi0007.DBF
ALP2,10ALP2,0,00,00,3,20,139.00,9999,139.00,137.00,5.577658,0.937799,1000.00,cifi0007.DBF
ALP2,10ALP2,0,00,00,3,60,488.00,9999,,,,,0.00,cifi0007.DBF
ALP2,10ALP2,0,00,00,3,65,558.00,9999,,,,,0.00,cifi0007.DBF
ALP2,10ALP2,0,00,00,4,1,0.00,0,0.00,0.00,5.762364,0.909090,1000.00,cifi0007.DBF
ALP2,10ALP2,0,00,00,4,2,0.00,0,5.00,5.00,5.762364,0.909090,1000.00,cifi0007.DBF
ALP2,10ALP2,0,00,00,4,3,0.00,0,11.00,11.00,5.762364,0.909090,1000.00,cifi0007.DBF
ALP2,10ALP2,0,00,00,4,4,6.00,72,16.00,16.00,5.762364,0.909090,1000.00,cifi0007.DBF
ALP2,10ALP2,0,00,00,4,5,13.00,151,22.00,22.00,5.762364,0.909090,1000.00,cifi0007.DBF
ALP2,10ALP2,0,00,00,4,6,20.00,223,29.00,28.00,5.762364,0.909090,1000.00,cifi0007.DBF
ALP2,10ALP2,0,00,00,4,7,27.00,291,35.00,35.00,5.762364,0.909090,1000.00,cifi0007.DBF
ALP2,10ALP2,0,00,00,4,8,34.00,353,42.00,41.00,5.762364,0.909090,1000.00,cifi0007.DBF
ALP2,10ALP2,0,00,00,4,9,42.00,420,49.00,48.00,5.762364,0.909090,1000.00,cifi0007.DBF
ALP2,10ALP2,0,00,00,4,10,50.00,482,56.00,55.00,5.762364,0.909090,1000.00,cifi0007.DBF
ALP2,10ALP2,0,00,00,4,11,58.00,540,64.00,63.00,5.762364,0.909090,1000.00,cifi0007.DBF
ALP2,10ALP2,0,00,00,4,12,66.00,595,72.00,71.00,5.762364,0.909090,1000.00,cifi0007.DBF
ALP2,10ALP2,0,00,00,4,13,75.00,654,79.00,78.00,5.762364,0.909090,1000.00,cifi0007.DBF
ALP2,10ALP2,0,00,00,4,14,83.00,701,87.00,86.00,5.762364,0.909090,1000.00,cifi0007.DBF
ALP2,10ALP2,0,00,00,4,15,92.00,753,96.00,94.00,5.762364,0.909090,1000.00,cifi0007.DBF
ALP2,10ALP2,0,00,00,4,16,102.00,810,105.00,103.00,5.762364,0.909090,1000.00,cifi0007.DBF
ALP2,10ALP2,0,00,00,4,17,112.00,862,114.00,112.00,5.762364,0.909090,1000.00,cifi0007.DBF
ALP2,10ALP2,0,00,00,4,18,122.00,909,123.00,121.00,5.762364,0.909090,1000.00,cifi0007.DBF
ALP2,10ALP2,0,00,00,4,19,133.00,959,133.00,131.00,5.762364,0.909090,1000.00,cifi0007.DBF
ALP2,10ALP2,0,00,00,4,20,144.00,9999,143.00,141.00,5.762364,0.909090,1000.00,cifi0007.DBF
ALP2,10ALP2,0,00,00,4,60,488.00,9999,,,,,0.00,cifi0007.DBF
ALP2,10ALP2,0,00,00,4,65,558.00,9999,,,,,0.00,cifi0007.DBF
ALP2,10ALP2,0,00,00,5,1,0.00,0,0.00,0.00,5.960016,0.861244,1000.00,cifi0007.DBF
ALP2,10ALP2,0,00,00,5,2,0.00,0,5.00,5.00,5.960016,0.861244,1000.00,cifi0007.DBF
ALP2,10ALP2,0,00,00,5,3,1.00,12,11.00,11.00,5.960016,0.861244,1000.00,cifi0007.DBF
ALP2,10ALP2,0,00,00,5,4,7.00,81,17.00,17.00,5.960016,0.861244,1000.00,cifi0007.DBF
ALP2,10ALP2,0,00,00,5,5,14.00,157,23.00,23.00,5.960016,0.861244,1000.00,cifi0007.DBF
ALP2,10ALP2,0,00,00,5,6,21.00,226,30.00,29.00,5.960016,0.861244,1000.00,cifi0007.DBF
ALP2,10ALP2,0,00,00,5,7,28.00,290,37.00,36.00,5.960016,0.861244,1000.00,cifi0007.DBF
ALP2,10ALP2,0,00,00,5,8,36.00,360,44.00,43.00,5.960016,0.861244,1000.00,cifi0007.DBF
ALP2,10ALP2,0,00,00,5,9,44.00,425,51.00,50.00,5.960016,0.861244,1000.00,cifi0007.DBF
ALP2,10ALP2,0,00,00,5,10,52.00,485,58.00,57.00,5.960016,0.861244,1000.00,cifi0007.DBF
ALP2,10ALP2,0,00,00,5,11,60.00,541,66.00,65.00,5.960016,0.861244,1000.00,cifi0007.DBF
ALP2,10ALP2,0,00,00,5,12,68.00,593,74.00,73.00,5.960016,0.861244,1000.00,cifi0007.DBF
ALP2,10ALP2,0,00,00,5,13,77.00,651,82.00,81.00,5.960016,0.861244,1000.00,cifi0007.DBF
ALP2,10ALP2,0,00,00,5,14,86.00,704,90.00,89.00,5.960016,0.861244,1000.00,cifi0007.DBF
ALP2,10ALP2,0,00,00,5,15,95.00,754,99.00,97.00,5.960016,0.861244,1000.00,cifi0007.DBF
ALP2,10ALP2,0,00,00,5,16,105.00,808,108.00,106.00,5.960016,0.861244,1000.00,cifi0007.DBF
ALP2,10ALP2,0,00,00,5,17,115.00,857,117.00,115.00,5.960016,0.861244,1000.00,cifi0007.DBF
ALP2,10ALP2,0,00,00,5,18,126.00,909,127.00,125.00,5.960016,0.861244,1000.00,cifi0007.DBF
ALP2,10ALP2,0,00,00,5,19,137.00,956,137.00,135.00,5.960016,0.861244,1000.00,cifi0007.DBF
ALP2,10ALP2,0,00,00,5,20,149.00,9999,148.00,145.00,5.960016,0.861244,1000.00,cifi0007.DBF
ALP2,10ALP2,0,00,00,5,60,488.00,9999,,,,,0.00,cifi0007.DBF
ALP2,10ALP2,0,00,00,5,65,558.00,9999,,,,,0.00,cifi0007.DBF
ALP2,10ALP2,0,00,00,6,1,0.00,0,0.00,0.00,6.169657,0.822966,1000.00,cifi0007.DBF
ALP2,10ALP2,0,00,00,6,2,0.00,0,6.00,6.00,6.169657,0.822966,1000.00,cifi0007.DBF
ALP2,10ALP2,0,00,00,6,3,1.00,12,12.00,12.00,6.169657,0.822966,1000.00,cifi0007.DBF
ALP2,10ALP2,0,00,00,6,4,8.00,90,18.00,18.00,6.169657,0.822966,1000.00,cifi0007.DBF
ALP2,10ALP2,0,00,00,6,5,15.00,162,24.00,24.00,6.169657,0.822966,1000.00,cifi0007.DBF
ALP2,10ALP2,0,00,00,6,6,22.00,228,31.00,31.00,6.169657,0.822966,1000.00,cifi0007.DBF
ALP2,10ALP2,0,00,00,6,7,30.00,300,38.00,38.00,6.169657,0.822966,1000.00,cifi0007.DBF
ALP2,10ALP2,0,00,00,6,8,38.00,367,45.00,45.00,6.169657,0.822966,1000.00,cifi0007.DBF
ALP2,10ALP2,0,00,00,6,9,46.00,429,53.00,52.00,6.169657,0.822966,1000.00,cifi0007.DBF
ALP2,10ALP2,0,00,00,6,10,54.00,487,60.00,60.00,6.169657,0.822966,1000.00,cifi0007.DBF
ALP2,10ALP2,0,00,00,6,11,62.00,541,68.00,67.00,6.169657,0.822966,1000.00,cifi0007.DBF
ALP2,10ALP2,0,00,00,6,12,71.00,600,76.00,75.00,6.169657,0.822966,1000.00,cifi0007.DBF
ALP2,10ALP2,0,00,00,6,13,79.00,647,84.00,83.00,6.169657,0.822966,1000.00,cifi0007.DBF
ALP2,10ALP2,0,00,00,6,14,89.00,707,93.00,92.00,6.169657,0.822966,1000.00,cifi0007.DBF
ALP2,10ALP2,0,00,00,6,15,98.00,754,102.00,101.00,6.169657,0.822966,1000.00,cifi0007.DBF
ALP2,10ALP2,0,00,00,6,16,108.00,805,111.00,110.00,6.169657,0.822966,1000.00,cifi0007.DBF
ALP2,10ALP2,0,00,00,6,17,119.00,859,121.00,119.00,6.169657,0.822966,1000.00,cifi0007.DBF
ALP2,10ALP2,0,00,00,6,18,130.00,907,131.00,129.00,6.169657,0.822966,1000.00,cifi0007.DBF
ALP2,10ALP2,0,00,00,6,19,142.00,958,142.00,140.00,6.169657,0.822966,1000.00,cifi0007.DBF
ALP2,10ALP2,0,00,00,6,20,154.00,9999,153.00,151.00,6.169657,0.822966,1000.00,cifi0007.DBF
ALP2,10ALP2,0,00,00,6,60,488.00,9999,,,,,0.00,cifi0007.DBF
ALP2,10ALP2,0,00,00,6,65,558.00,9999,,,,,0.00,cifi0007.DBF
ALP2,10ALP2,0,00,00,7,1,0.00,0,0.00,0.00,6.394159,0.765550,1000.00,cifi0007.DBF
ALP2,10ALP2,0,00,00,7,2,0.00,0,6.00,6.00,6.394159,0.765550,1000.00,cifi0007.DBF
ALP2,10ALP2,0,00,00,7,3,2.00,23,12.00,12.00,6.394159,0.765550,1000.00,cifi0007.DBF
ALP2,10ALP2,0,00,00,7,4,9.00,97,19.00,19.00,6.394159,0.765550,1000.00,cifi0007.DBF
ALP2,10ALP2,0,00,00,7,5,16.00,166,25.00,25.00,6.394159,0.765550,1000.00,cifi0007.DBF
ALP2,10ALP2,0,00,00,7,6,24.00,240,32.00,32.00,6.394159,0.765550,1000.00,cifi0007.DBF
ALP2,10ALP2,0,00,00,7,7,31.00,299,40.00,39.00,6.394159,0.765550,1000.00,cifi0007.DBF
ALP2,10ALP2,0,00,00,7,8,39.00,364,47.00,47.00,6.394159,0.765550,1000.00,cifi0007.DBF
ALP2,10ALP2,0,00,00,7,9,47.00,424,55.00,54.00,6.394159,0.765550,1000.00,cifi0007.DBF
ALP2,10ALP2,0,00,00,7,10,56.00,489,62.00,62.00,6.394159,0.765550,1000.00,cifi0007.DBF
ALP2,10ALP2,0,00,00,7,11,64.00,541,70.00,69.00,6.394159,0.765550,1000.00,cifi0007.DBF
ALP2,10ALP2,0,00,00,7,12,73.00,598,78.00,77.00,6.394159,0.765550,1000.00,cifi0007.DBF
ALP2,10ALP2,0,00,00,7,13,82.00,651,87.00,86.00,6.394159,0.765550,1000.00,cifi0007.DBF
ALP2,10ALP2,0,00,00,7,14,92.00,708,96.00,95.00,6.394159,0.765550,1000.00,cifi0007.DBF
ALP2,10ALP2,0,00,00,7,15,102.00,760,105.00,104.00,6.394159,0.765550,1000.00,cifi0007.DBF
ALP2,10ALP2,0,00,00,7,16,112.00,808,115.00,113.00,6.394159,0.765550,1000.00,cifi0007.DBF
ALP2,10ALP2,0,00,00,7,17,123.00,859,125.00,123.00,6.394159,0.765550,1000.00,cifi0007.DBF
ALP2,10ALP2,0,00,00,7,18,135.00,911,136.00,134.00,6.394159,0.765550,1000.00,cifi0007.DBF
ALP2,10ALP2,0,00,00,7,19,147.00,959,147.00,145.00,6.394159,0.765550,1000.00,cifi0007.DBF
ALP2,10ALP2,0,00,00,7,20,159.00,9999,159.00,156.00,6.394159,0.765550,1000.00,cifi0007.DBF
ALP2,10ALP2,0,00,00,7,60,488.00,9999,,,,,0.00,cifi0007.DBF
ALP2,10ALP2,0,00,00,7,65,558.00,9999,,,,,0.00,cifi0007.DBF
ALP2,10ALP2,0,00,00,8,1,0.00,0,0.00,0.00,6.632335,0.727272,1000.00,cifi0007.DBF
ALP2,10ALP2,0,00,00,8,2,0.00,0,6.00,6.00,6.632335,0.727272,1000.00,cifi0007.DBF
ALP2,10ALP2,0,00,00,8,3,3.00,33,13.00,13.00,6.632335,0.727272,1000.00,cifi0007.DBF
ALP2,10ALP2,0,00,00,8,4,10.00,104,19.00,19.00,6.632335,0.727272,1000.00,cifi0007.DBF
ALP2,10ALP2,0,00,00,8,5,17.00,170,26.00,26.00,6.632335,0.727272,1000.00,cifi0007.DBF
ALP2,10ALP2,0,00,00,8,6,25.00,241,34.00,33.00,6.632335,0.727272,1000.00,cifi0007.DBF
ALP2,10ALP2,0,00,00,8,7,33.00,308,41.00,41.00,6.632335,0.727272,1000.00,cifi0007.DBF
ALP2,10ALP2,0,00,00,8,8,41.00,370,48.00,48.00,6.632335,0.727272,1000.00,cifi0007.DBF
ALP2,10ALP2,0,00,00,8,9,49.00,428,56.00,55.00,6.632335,0.727272,1000.00,cifi0007.DBF
ALP2,10ALP2,0,00,00,8,10,57.00,482,64.00,63.00,6.632335,0.727272,1000.00,cifi0007.DBF
ALP2,10ALP2,0,00,00,8,11,66.00,541,72.00,71.00,6.632335,0.727272,1000.00,cifi0007.DBF
ALP2,10ALP2,0,00,00,8,12,75.00,595,81.00,80.00,6.632335,0.727272,1000.00,cifi0007.DBF
ALP2,10ALP2,0,00,00,8,13,85.00,654,89.00,88.00,6.632335,0.727272,1000.00,cifi0007.DBF
ALP2,10ALP2,0,00,00,8,14,94.00,701,99.00,97.00,6.632335,0.727272,1000.00,cifi0007.DBF
ALP2,10ALP2,0,00,00,8,15,105.00,758,108.00,107.00,6.632335,0.727272,1000.00,cifi0007.DBF
ALP2,10ALP2,0,00,00,8,16,116.00,810,119.00,117.00,6.632335,0.727272,1000.00,cifi0007.DBF
ALP2,10ALP2,0,00,00,8,17,127.00,857,129.00,127.00,6.632335,0.727272,1000.00,cifi0007.DBF
ALP2,10ALP2,0,00,00,8,18,139.00,907,140.00,138.00,6.632335,0.727272,1000.00,cifi0007.DBF
ALP2,10ALP2,0,00,00,8,19,152.00,957,152.00,149.00,6.632335,0.727272,1000.00,cifi0007.DBF
ALP2,10ALP2,0,00,00,8,20,165.00,9999,165.00,162.00,6.632335,0.727272,1000.00,cifi0007.DBF
ALP2,10ALP2,0,00,00,8,60,488.00,9999,,,,,0.00,cifi0007.DBF
ALP2,10ALP2,0,00,00,8,65,558.00,9999,,,,,0.00,cifi0007.DBF
ALP2,10ALP2,0,00,00,9,1,0.00,0,0.00,0.00,6.883492,0.708134,1000.00,cifi0007.DBF
ALP2,10ALP2,0,00,00,9,2,0.00,0,6.00,6.00,6.883492,0.708134,1000.00,cifi0007.DBF
ALP2,10ALP2,0,00,00,9,3,3.00,32,13.00,13.00,6.883492,0.708134,1000.00,cifi0007.DBF
ALP2,10ALP2,0,00,00,9,4,10.00,100,20.00,20.00,6.883492,0.708134,1000.00,cifi0007.DBF
ALP2,10ALP2,0,00,00,9,5,18.00,174,27.00,27.00,6.883492,0.708134,1000.00,cifi0007.DBF
ALP2,10ALP2,0,00,00,9,6,26.00,243,35.00,34.00,6.883492,0.708134,1000.00,cifi0007.DBF
ALP2,10ALP2,0,00,00,9,7,34.00,307,42.00,42.00,6.883492,0.708134,1000.00,cifi0007.DBF
ALP2,10ALP2,0,00,00,9,8,42.00,367,50.00,49.00,6.883492,0.708134,1000.00,cifi0007.DBF
ALP2,10ALP2,0,00,00,9,9,50.00,423,58.00,57.00,6.883492,0.708134,1000.00,cifi0007.DBF
ALP2,10ALP2,0,00,00,9,10,59.00,483,66.00,65.00,6.883492,0.708134,1000.00,cifi0007.DBF
ALP2,10ALP2,0,00,00,9,11,68.00,540,74.00,73.00,6.883492,0.708134,1000.00,cifi0007.DBF
ALP2,10ALP2,0,00,00,9,12,77.00,592,83.00,82.00,6.883492,0.708134,1000.00,cifi0007.DBF
ALP2,10ALP2,0,00,00,9,13,87.00,648,92.00,91.00,6.883492,0.708134,1000.00,cifi0007.DBF
ALP2,10ALP2,0,00,00,9,14,98.00,707,102.00,100.00,6.883492,0.708134,1000.00,cifi0007.DBF
ALP2,10ALP2,0,00,00,9,15,108.00,754,112.00,110.00,6.883492,0.708134,1000.00,cifi0007.DBF
ALP2,10ALP2,0,00,00,9,16,120.00,810,122.00,120.00,6.883492,0.708134,1000.00,cifi0007.DBF
ALP2,10ALP2,0,00,00,9,17,132.00,861,134.00,131.00,6.883492,0.708134,1000.00,cifi0007.DBF
ALP2,10ALP2,0,00,00,9,18,144.00,907,145.00,143.00,6.883492,0.708134,1000.00,cifi0007.DBF
ALP2,10ALP2,0,00,00,9,19,157.00,954,158.00,155.00,6.883492,0.708134,1000.00,cifi0007.DBF
ALP2,10ALP2,0,00,00,9,20,171.00,9999,171.00,168.00,6.883492,0.708134,1000.00,cifi0007.DBF
ALP2,10ALP2,0,00,00,9,60,488.00,9999,,,,,0.00,cifi0007.DBF
ALP2,10ALP2,0,00,00,9,65,558.00,9999,,,,,0.00,cifi0007.DBF
ALP2,10ALP2,0,00,00,10,1,0.00,0,0.00,0.00,7.147568,0.698564,1000.00,cifi0007.DBF
ALP2,10ALP2,0,00,00,10,2,0.00,0,7.00,7.00,7.147568,0.698564,1000.00,cifi0007.DBF
ALP2,10ALP2,0,00,00,10,3,3.00,30,14.00,14.00,7.147568,0.698564,1000.00,cifi0007.DBF
ALP2,10ALP2,0,00,00,10,4,11.00,107,21.00,21.00,7.147568,0.698564,1000.00,cifi0007.DBF
ALP2,10ALP2,0,00,00,10,5,19.00,177,28.00,28.00,7.147568,0.698564,1000.00,cifi0007.DBF
ALP2,10ALP2,0,00,00,10,6,27.00,244,35.00,35.00,7.147568,0.698564,1000.00,cifi0007.DBF
ALP2,10ALP2,0,00,00,10,7,35.00,306,43.00,43.00,7.147568,0.698564,1000.00,cifi0007.DBF
ALP2,10ALP2,0,00,00,10,8,43.00,364,51.00,51.00,7.147568,0.698564,1000.00,cifi0007.DBF
ALP2,10ALP2,0,00,00,10,9,52.00,426,59.00,59.00,7.147568,0.698564,1000.00,cifi0007.DBF
ALP2,10ALP2,0,00,00,10,10,61.00,484,67.00,67.00,7.147568,0.698564,1000.00,cifi0007.DBF
ALP2,10ALP2,0,00,00,10,11,70.00,539,76.00,75.00,7.147568,0.698564,1000.00,cifi0007.DBF
ALP2,10ALP2,0,00,00,10,12,80.00,596,85.00,84.00,7.147568,0.698564,1000.00,cifi0007.DBF
ALP2,10ALP2,0,00,00,10,13,90.00,649,95.00,94.00,7.147568,0.698564,1000.00,cifi0007.DBF
ALP2,10ALP2,0,00,00,10,14,101.00,705,105.00,104.00,7.147568,0.698564,1000.00,cifi0007.DBF
ALP2,10ALP2,0,00,00,10,15,112.00,756,116.00,114.00,7.147568,0.698564,1000.00,cifi0007.DBF
ALP2,10ALP2,0,00,00,10,16,124.00,809,127.00,125.00,7.147568,0.698564,1000.00,cifi0007.DBF
ALP2,10ALP2,0,00,00,10,17,136.00,857,138.00,136.00,7.147568,0.698564,1000.00,cifi0007.DBF
ALP2,10ALP2,0,00,00,10,18,149.00,906,151.00,148.00,7.147568,0.698564,1000.00,cifi0007.DBF
ALP2,10ALP2,0,00,00,10,19,163.00,956,163.00,161.00,7.147568,0.698564,1000.00,cifi0007.DBF
ALP2,10ALP2,0,00,00,10,20,177.00,9999,177.00,174.00,7.147568,0.698564,1000.00,cifi0007.DBF
ALP2,10ALP2,0,00,00,10,60,488.00,9999,,,,,0.00,cifi0007.DBF
ALP2,10ALP2,0,00,00,10,65,558.00,9999,,,,,0.00,cifi0007.DBF
ALP2,10ALP2,0,00,00,11,1,0.00,0,0.00,0.00,7.421189,0.736842,1000.00,cifi0007.DBF
ALP2,10ALP2,0,00,00,11,2,0.00,0,7.00,7.00,7.421189,0.736842,1000.00,cifi0007.DBF
ALP2,10ALP2,0,00,00,11,3,4.00,39,14.00,14.00,7.421189,0.736842,1000.00,cifi0007.DBF
ALP2,10ALP2,0,00,00,11,4,11.00,103,21.00,21.00,7.421189,0.736842,1000.00,cifi0007.DBF
ALP2,10ALP2,0,00,00,11,5,19.00,172,29.00,29.00,7.421189,0.736842,1000.00,cifi0007.DBF
ALP2,10ALP2,0,00,00,11,6,27.00,236,36.00,36.00,7.421189,0.736842,1000.00,cifi0007.DBF
ALP2,10ALP2,0,00,00,11,7,36.00,305,44.00,44.00,7.421189,0.736842,1000.00,cifi0007.DBF
ALP2,10ALP2,0,00,00,11,8,44.00,361,52.00,52.00,7.421189,0.736842,1000.00,cifi0007.DBF
ALP2,10ALP2,0,00,00,11,9,53.00,421,60.00,60.00,7.421189,0.736842,1000.00,cifi0007.DBF
ALP2,10ALP2,0,00,00,11,10,62.00,477,69.00,68.00,7.421189,0.736842,1000.00,cifi0007.DBF
ALP2,10ALP2,0,00,00,11,11,72.00,537,78.00,77.00,7.421189,0.736842,1000.00,cifi0007.DBF
ALP2,10ALP2,0,00,00,11,12,82.00,592,88.00,87.00,7.421189,0.736842,1000.00,cifi0007.DBF
ALP2,10ALP2,0,00,00,11,13,93.00,649,98.00,97.00,7.421189,0.736842,1000.00,cifi0007.DBF
ALP2,10ALP2,0,00,00,11,14,104.00,702,108.00,107.00,7.421189,0.736842,1000.00,cifi0007.DBF
ALP2,10ALP2,0,00,00,11,15,116.00,757,119.00,117.00,7.421189,0.736842,1000.00,cifi0007.DBF
ALP2,10ALP2,0,00,00,11,16,128.00,806,131.00,129.00,7.421189,0.736842,1000.00,cifi0007.DBF
ALP2,10ALP2,0,00,00,11,17,141.00,857,143.00,141.00,7.421189,0.736842,1000.00,cifi0007.DBF
ALP2,10ALP2,0,00,00,11,18,155.00,909,156.00,153.00,7.421189,0.736842,1000.00,cifi0007.DBF
ALP2,10ALP2,0,00,00,11,19,169.00,956,169.00,166.00,7.421189,0.736842,1000.00,cifi0007.DBF
ALP2,10ALP2,0,00,00,11,20,184.00,9999,183.00,180.00,7.421189,0.736842,1000.00,cifi0007.DBF
ALP2,10ALP2,0,00,00,11,60,488.00,9999,,,,,0.00,cifi0007.DBF
ALP2,10ALP2,0,00,00,11,65,558.00,9999,,,,,0.00,cifi0007.DBF
ALP2,10ALP2,0,00,00,12,1,0.00,0,0.00,0.00,7.701850,0.813397,1000.00,cifi0007.DBF
ALP2,10ALP2,0,00,00,12,2,0.00,0,7.00,7.00,7.701850,0.813397,1000.00,cifi0007.DBF
ALP2,10ALP2,0,00,00,12,3,4.00,38,14.00,14.00,7.701850,0.813397,1000.00,cifi0007.DBF
ALP2,10ALP2,0,00,00,12,4,12.00,109,22.00,22.00,7.701850,0.813397,1000.00,cifi0007.DBF
ALP2,10ALP2,0,00,00,12,5,20.00,175,29.00,29.00,7.701850,0.813397,1000.00,cifi0007.DBF
ALP2,10ALP2,0,00,00,12,6,28.00,237,37.00,37.00,7.701850,0.813397,1000.00,cifi0007.DBF
ALP2,10ALP2,0,00,00,12,7,36.00,295,45.00,45.00,7.701850,0.813397,1000.00,cifi0007.DBF
ALP2,10ALP2,0,00,00,12,8,45.00,357,53.00,53.00,7.701850,0.813397,1000.00,cifi0007.DBF
ALP2,10ALP2,0,00,00,12,9,55.00,423,62.00,61.00,7.701850,0.813397,1000.00,cifi0007.DBF
ALP2,10ALP2,0,00,00,12,10,64.00,477,71.00,70.00,7.701850,0.813397,1000.00,cifi0007.DBF
ALP2,10ALP2,0,00,00,12,11,74.00,534,81.00,80.00,7.701850,0.813397,1000.00,cifi0007.DBF
ALP2,10ALP2,0,00,00,12,12,85.00,594,91.00,90.00,7.701850,0.813397,1000.00,cifi0007.DBF
ALP2,10ALP2,0,00,00,12,13,96.00,648,101.00,100.00,7.701850,0.813397,1000.00,cifi0007.DBF
ALP2,10ALP2,0,00,00,12,14,108.00,705,112.00,110.00,7.701850,0.813397,1000.00,cifi0007.DBF
ALP2,10ALP2,0,00,00,12,15,120.00,756,124.00,122.00,7.701850,0.813397,1000.00,cifi0007.DBF
ALP2,10ALP2,0,00,00,12,16,133.00,809,136.00,134.00,7.701850,0.813397,1000.00,cifi0007.DBF
ALP2,10ALP2,0,00,00,12,17,146.00,856,148.00,146.00,7.701850,0.813397,1000.00,cifi0007.DBF
ALP2,10ALP2,0,00,00,12,18,161.00,911,162.00,159.00,7.701850,0.813397,1000.00,cifi0007.DBF
ALP2,10ALP2,0,00,00,12,19,175.00,955,176.00,173.00,7.701850,0.813397,1000.00,cifi0007.DBF
ALP2,10ALP2,0,00,00,12,20,191.00,9999,190.00,187.00,7.701850,0.813397,1000.00,cifi0007.DBF
ALP2,10ALP2,0,00,00,12,60,488.00,9999,,,,,0.00,cifi0007.DBF
ALP2,10ALP2,0,00,00,12,65,558.00,9999,,,,,0.00,cifi0007.DBF
ALP2,10ALP2,0,00,00,13,1,0.00,0,0.00,0.00,7.985377,0.947368,1000.00,cifi0007.DBF
ALP2,10ALP2,0,00,00,13,2,0.00,0,7.00,7.00,7.985377,0.947368,1000.00,cifi0007.DBF
ALP2,10ALP2,0,00,00,13,3,4.00,37,15.00,15.00,7.985377,0.947368,1000.00,cifi0007.DBF
ALP2,10ALP2,0,00,00,13,4,12.00,105,22.00,22.00,7.985377,0.947368,1000.00,cifi0007.DBF
ALP2,10ALP2,0,00,00,13,5,20.00,169,30.00,30.00,7.985377,0.947368,1000.00,cifi0007.DBF
ALP2,10ALP2,0,00,00,13,6,29.00,238,38.00,38.00,7.985377,0.947368,1000.00,cifi0007.DBF
ALP2,10ALP2,0,00,00,13,7,37.00,294,46.00,46.00,7.985377,0.947368,1000.00,cifi0007.DBF
ALP2,10ALP2,0,00,00,13,8,47.00,362,55.00,54.00,7.985377,0.947368,1000.00,cifi0007.DBF
ALP2,10ALP2,0,00,00,13,9,56.00,418,64.00,63.00,7.985377,0.947368,1000.00,cifi0007.DBF
ALP2,10ALP2,0,00,00,13,10,66.00,476,73.00,72.00,7.985377,0.947368,1000.00,cifi0007.DBF
ALP2,10ALP2,0,00,00,13,11,77.00,538,83.00,82.00,7.985377,0.947368,1000.00,cifi0007.DBF
ALP2,10ALP2,0,00,00,13,12,88.00,594,94.00,92.00,7.985377,0.947368,1000.00,cifi0007.DBF
ALP2,10ALP2,0,00,00,13,13,99.00,646,104.00,103.00,7.985377,0.947368,1000.00,cifi0007.DBF
ALP2,10ALP2,0,00,00,13,14,112.00,706,116.00,114.00,7.985377,0.947368,1000.00,cifi0007.DBF
ALP2,10ALP2,0,00,00,13,15,124.00,754,128.00,126.00,7.985377,0.947368,1000.00,cifi0007.DBF
ALP2,10ALP2,0,00,00,13,16,138.00,810,141.00,138.00,7.985377,0.947368,1000.00,cifi0007.DBF
ALP2,10ALP2,0,00,00,13,17,152.00,860,154.00,151.00,7.985377,0.947368,1000.00,cifi0007.DBF
ALP2,10ALP2,0,00,00,13,18,166.00,906,168.00,165.00,7.985377,0.947368,1000.00,cifi0007.DBF
ALP2,10ALP2,0,00,00,13,19,182.00,957,182.00,179.00,7.985377,0.947368,1000.00,cifi0007.DBF
ALP2,10ALP2,0,00,00,13,20,198.00,9999,197.00,193.00,7.985377,0.947368,1000.00,cifi0007.DBF
ALP2,10ALP2,0,00,00,13,60,488.00,9999,,,,,0.00,cifi0007.DBF
ALP2,10ALP2,0,00,00,13,65,558.00,9999,,,,,0.00,cifi0007.DBF
ALP2,10ALP2,0,00,00,14,1,0.00,0,0.00,1.00,8.270194,1.100479,1000.00,cifi0007.DBF
ALP2,10ALP2,0,00,00,14,2,0.00,0,7.00,8.00,8.270194,1.100479,1000.00,cifi0007.DBF
ALP2,10ALP2,0,00,00,14,3,4.00,35,15.00,15.00,8.270194,1.100479,1000.00,cifi0007.DBF
ALP2,10ALP2,0,00,00,14,4,12.00,102,22.00,23.00,8.270194,1.100479,1000.00,cifi0007.DBF
ALP2,10ALP2,0,00,00,14,5,21.00,172,30.00,30.00,8.270194,1.100479,1000.00,cifi0007.DBF
ALP2,10ALP2,0,00,00,14,6,29.00,231,39.00,39.00,8.270194,1.100479,1000.00,cifi0007.DBF
ALP2,10ALP2,0,00,00,14,7,38.00,293,47.00,47.00,8.270194,1.100479,1000.00,cifi0007.DBF
ALP2,10ALP2,0,00,00,14,8,48.00,358,56.00,56.00,8.270194,1.100479,1000.00,cifi0007.DBF
ALP2,10ALP2,0,00,00,14,9,58.00,419,66.00,65.00,8.270194,1.100479,1000.00,cifi0007.DBF
ALP2,10ALP2,0,00,00,14,10,68.00,475,75.00,75.00,8.270194,1.100479,1000.00,cifi0007.DBF
ALP2,10ALP2,0,00,00,14,11,79.00,533,86.00,85.00,8.270194,1.100479,1000.00,cifi0007.DBF
ALP2,10ALP2,0,00,00,14,12,91.00,594,97.00,96.00,8.270194,1.100479,1000.00,cifi0007.DBF
ALP2,10ALP2,0,00,00,14,13,103.00,649,108.00,107.00,8.270194,1.100479,1000.00,cifi0007.DBF
ALP2,10ALP2,0,00,00,14,14,116.00,705,120.00,118.00,8.270194,1.100479,1000.00,cifi0007.DBF
ALP2,10ALP2,0,00,00,14,15,129.00,757,133.00,131.00,8.270194,1.100479,1000.00,cifi0007.DBF
ALP2,10ALP2,0,00,00,14,16,143.00,809,146.00,144.00,8.270194,1.100479,1000.00,cifi0007.DBF
ALP2,10ALP2,0,00,00,14,17,157.00,857,160.00,157.00,8.270194,1.100479,1000.00,cifi0007.DBF
ALP2,10ALP2,0,00,00,14,18,173.00,910,174.00,171.00,8.270194,1.100479,1000.00,cifi0007.DBF
ALP2,10ALP2,0,00,00,14,19,189.00,959,189.00,186.00,8.270194,1.100479,1000.00,cifi0007.DBF
ALP2,10ALP2,0,00,00,14,20,205.00,9999,205.00,201.00,8.270194,1.100479,1000.00,cifi0007.DBF
ALP2,10ALP2,0,00,00,14,60,488.00,9999,,,,,0.00,cifi0007.DBF
ALP2,10ALP2,0,00,00,14,65,558.00,9999,,,,,0.00,cifi0007.DBF
ALP2,10ALP2,0,00,00,15,1,0.00,0,0.00,1.00,8.554708,1.272727,1000.00,cifi0007.DBF
ALP2,10ALP2,0,00,00,15,2,0.00,0,7.00,8.00,8.554708,1.272727,1000.00,cifi0007.DBF
ALP2,10ALP2,0,00,00,15,3,4.00,34,15.00,15.00,8.554708,1.272727,1000.00,cifi0007.DBF
ALP2,10ALP2,0,00,00,15,4,12.00,99,23.00,23.00,8.554708,1.272727,1000.00,cifi0007.DBF
ALP2,10ALP2,0,00,00,15,5,21.00,167,31.00,31.00,8.554708,1.272727,1000.00,cifi0007.DBF
ALP2,10ALP2,0,00,00,15,6,30.00,231,40.00,40.00,8.554708,1.272727,1000.00,cifi0007.DBF
ALP2,10ALP2,0,00,00,15,7,40.00,298,49.00,49.00,8.554708,1.272727,1000.00,cifi0007.DBF
ALP2,10ALP2,0,00,00,15,8,49.00,354,58.00,58.00,8.554708,1.272727,1000.00,cifi0007.DBF
ALP2,10ALP2,0,00,00,15,9,60.00,419,68.00,67.00,8.554708,1.272727,1000.00,cifi0007.DBF
ALP2,10ALP2,0,00,00,15,10,71.00,479,78.00,77.00,8.554708,1.272727,1000.00,cifi0007.DBF
ALP2,10ALP2,0,00,00,15,11,82.00,535,89.00,88.00,8.554708,1.272727,1000.00,cifi0007.DBF
ALP2,10ALP2,0,00,00,15,12,94.00,592,100.00,99.00,8.554708,1.272727,1000.00,cifi0007.DBF
ALP2,10ALP2,0,00,00,15,13,107.00,651,112.00,110.00,8.554708,1.272727,1000.00,cifi0007.DBF
ALP2,10ALP2,0,00,00,15,14,120.00,704,125.00,123.00,8.554708,1.272727,1000.00,cifi0007.DBF
ALP2,10ALP2,0,00,00,15,15,134.00,758,138.00,136.00,8.554708,1.272727,1000.00,cifi0007.DBF
ALP2,10ALP2,0,00,00,15,16,148.00,808,151.00,149.00,8.554708,1.272727,1000.00,cifi0007.DBF
ALP2,10ALP2,0,00,00,15,17,163.00,858,166.00,163.00,8.554708,1.272727,1000.00,cifi0007.DBF
ALP2,10ALP2,0,00,00,15,18,179.00,908,181.00,178.00,8.554708,1.272727,1000.00,cifi0007.DBF
ALP2,10ALP2,0,00,00,15,19,196.00,958,196.00,193.00,8.554708,1.272727,1000.00,cifi0007.DBF
ALP2,10ALP2,0,00,00,15,20,213.00,9999,212.00,208.00,8.554708,1.272727,1000.00,cifi0007.DBF
ALP2,10ALP2,0,00,00,15,60,488.00,9999,,,,,0.00,cifi0007.DBF
ALP2,10ALP2,0,00,00,15,65,558.00,9999,,,,,0.00,cifi0007.DBF
ALP2,10ALP2,0,00,00,16,1,0.00,0,0.00,1.00,8.839155,1.444976,1000.00,cifi0007.DBF
ALP2,10ALP2,0,00,00,16,2,0.00,0,8.00,8.00,8.839155,1.444976,1000.00,cifi0007.DBF
ALP2,10ALP2,0,00,00,16,3,4.00,33,15.00,16.00,8.839155,1.444976,1000.00,cifi0007.DBF
ALP2,10ALP2,0,00,00,16,4,13.00,104,24.00,24.00,8.839155,1.444976,1000.00,cifi0007.DBF
ALP2,10ALP2,0,00,00,16,5,22.00,170,32.00,32.00,8.839155,1.444976,1000.00,cifi0007.DBF
ALP2,10ALP2,0,00,00,16,6,31.00,231,41.00,41.00,8.839155,1.444976,1000.00,cifi0007.DBF
ALP2,10ALP2,0,00,00,16,7,41.00,296,50.00,50.00,8.839155,1.444976,1000.00,cifi0007.DBF
ALP2,10ALP2,0,00,00,16,8,51.00,356,60.00,59.00,8.839155,1.444976,1000.00,cifi0007.DBF
ALP2,10ALP2,0,00,00,16,9,62.00,419,70.00,69.00,8.839155,1.444976,1000.00,cifi0007.DBF
ALP2,10ALP2,0,00,00,16,10,73.00,476,81.00,80.00,8.839155,1.444976,1000.00,cifi0007.DBF
ALP2,10ALP2,0,00,00,16,11,85.00,536,92.00,91.00,8.839155,1.444976,1000.00,cifi0007.DBF
ALP2,10ALP2,0,00,00,16,12,98.00,596,104.00,102.00,8.839155,1.444976,1000.00,cifi0007.DBF
ALP2,10ALP2,0,00,00,16,13,111.00,651,116.00,114.00,8.839155,1.444976,1000.00,cifi0007.DBF
ALP2,10ALP2,0,00,00,16,14,125.00,707,129.00,127.00,8.839155,1.444976,1000.00,cifi0007.DBF
ALP2,10ALP2,0,00,00,16,15,139.00,758,143.00,140.00,8.839155,1.444976,1000.00,cifi0007.DBF
ALP2,10ALP2,0,00,00,16,16,154.00,810,157.00,154.00,8.839155,1.444976,1000.00,cifi0007.DBF
ALP2,10ALP2,0,00,00,16,17,170.00,862,172.00,169.00,8.839155,1.444976,1000.00,cifi0007.DBF
ALP2,10ALP2,0,00,00,16,18,186.00,909,187.00,184.00,8.839155,1.444976,1000.00,cifi0007.DBF
ALP2,10ALP2,0,00,00,16,19,203.00,957,203.00,199.00,8.839155,1.444976,1000.00,cifi0007.DBF
ALP2,10ALP2,0,00,00,16,20,221.00,9999,220.00,216.00,8.839155,1.444976,1000.00,cifi0007.DBF
ALP2,10ALP2,0,00,00,16,60,488.00,9999,,,,,0.00,cifi0007.DBF
ALP2,10ALP2,0,00,00,16,65,558.00,9999,,,,,0.00,cifi0007.DBF
ALP2,10ALP2,0,00,00,17,1,0.00,0,0.00,1.00,9.124986,1.598086,1000.00,cifi0007.DBF
ALP2,10ALP2,0,00,00,17,2,0.00,0,8.00,9.00,9.124986,1.598086,1000.00,cifi0007.DBF
ALP2,10ALP2,0,00,00,17,3,4.00,32,16.00,17.00,9.124986,1.598086,1000.00,cifi0007.DBF
ALP2,10ALP2,0,00,00,17,4,13.00,100,24.00,25.00,9.124986,1.598086,1000.00,cifi0007.DBF
ALP2,10ALP2,0,00,00,17,5,23.00,172,33.00,33.00,9.124986,1.598086,1000.00,cifi0007.DBF
ALP2,10ALP2,0,00,00,17,6,32.00,231,42.00,42.00,9.124986,1.598086,1000.00,cifi0007.DBF
ALP2,10ALP2,0,00,00,17,7,43.00,300,52.00,52.00,9.124986,1.598086,1000.00,cifi0007.DBF
ALP2,10ALP2,0,00,00,17,8,53.00,358,62.00,62.00,9.124986,1.598086,1000.00,cifi0007.DBF
ALP2,10ALP2,0,00,00,17,9,65.00,424,73.00,72.00,9.124986,1.598086,1000.00,cifi0007.DBF
ALP2,10ALP2,0,00,00,17,10,76.00,479,84.00,83.00,9.124986,1.598086,1000.00,cifi0007.DBF
ALP2,10ALP2,0,00,00,17,11,89.00,541,96.00,95.00,9.124986,1.598086,1000.00,cifi0007.DBF
ALP2,10ALP2,0,00,00,17,12,102.00,598,108.00,107.00,9.124986,1.598086,1000.00,cifi0007.DBF
ALP2,10ALP2,0,00,00,17,13,115.00,651,121.00,119.00,9.124986,1.598086,1000.00,cifi0007.DBF
ALP2,10ALP2,0,00,00,17,14,130.00,709,134.00,132.00,9.124986,1.598086,1000.00,cifi0007.DBF
ALP2,10ALP2,0,00,00,17,15,144.00,758,148.00,146.00,9.124986,1.598086,1000.00,cifi0007.DBF
ALP2,10ALP2,0,00,00,17,16,160.00,812,163.00,160.00,9.124986,1.598086,1000.00,cifi0007.DBF
ALP2,10ALP2,0,00,00,17,17,176.00,861,178.00,175.00,9.124986,1.598086,1000.00,cifi0007.DBF
ALP2,10ALP2,0,00,00,17,18,193.00,910,194.00,191.00,9.124986,1.598086,1000.00,cifi0007.DBF
ALP2,10ALP2,0,00,00,17,19,211.00,959,211.00,207.00,9.124986,1.598086,1000.00,cifi0007.DBF
ALP2,10ALP2,0,00,00,17,20,229.00,9999,228.00,224.00,9.124986,1.598086,1000.00,cifi0007.DBF
ALP2,10ALP2,0,00,00,17,60,488.00,9999,,,,,0.00,cifi0007.DBF
ALP2,10ALP2,0,00,00,17,65,558.00,9999,,,,,0.00,cifi0007.DBF
ALP2,10ALP2,0,00,00,18,1,0.00,0,1.00,0.00,9.415731,1.703349,1000.00,cifi0007.DBF
ALP2,10ALP2,0,00,00,18,2,0.00,0,8.00,9.00,9.415731,1.703349,1000.00,cifi0007.DBF
ALP2,10ALP2,0,00,00,18,3,5.00,39,16.00,17.00,9.415731,1.703349,1000.00,cifi0007.DBF
ALP2,10ALP2,0,00,00,18,4,14.00,105,25.00,25.00,9.415731,1.703349,1000.00,cifi0007.DBF
ALP2,10ALP2,0,00,00,18,5,24.00,174,34.00,34.00,9.415731,1.703349,1000.00,cifi0007.DBF
ALP2,10ALP2,0,00,00,18,6,34.00,238,44.00,44.00,9.415731,1.703349,1000.00,cifi0007.DBF
ALP2,10ALP2,0,00,00,18,7,44.00,297,54.00,54.00,9.415731,1.703349,1000.00,cifi0007.DBF
ALP2,10ALP2,0,00,00,18,8,56.00,366,64.00,64.00,9.415731,1.703349,1000.00,cifi0007.DBF
ALP2,10ALP2,0,00,00,18,9,67.00,422,76.00,75.00,9.415731,1.703349,1000.00,cifi0007.DBF
ALP2,10ALP2,0,00,00,18,10,80.00,487,87.00,86.00,9.415731,1.703349,1000.00,cifi0007.DBF
ALP2,10ALP2,0,00,00,18,11,93.00,546,100.00,98.00,9.415731,1.703349,1000.00,cifi0007.DBF
ALP2,10ALP2,0,00,00,18,12,106.00,600,112.00,111.00,9.415731,1.703349,1000.00,cifi0007.DBF
ALP2,10ALP2,0,00,00,18,13,120.00,655,126.00,124.00,9.415731,1.703349,1000.00,cifi0007.DBF
ALP2,10ALP2,0,00,00,18,14,135.00,710,140.00,138.00,9.415731,1.703349,1000.00,cifi0007.DBF
ALP2,10ALP2,0,00,00,18,15,150.00,761,154.00,152.00,9.415731,1.703349,1000.00,cifi0007.DBF
ALP2,10ALP2,0,00,00,18,16,166.00,812,169.00,166.00,9.415731,1.703349,1000.00,cifi0007.DBF
ALP2,10ALP2,0,00,00,18,17,183.00,863,185.00,182.00,9.415731,1.703349,1000.00,cifi0007.DBF
ALP2,10ALP2,0,00,00,18,18,200.00,909,202.00,198.00,9.415731,1.703349,1000.00,cifi0007.DBF
ALP2,10ALP2,0,00,00,18,19,218.00,955,219.00,215.00,9.415731,1.703349,1000.00,cifi0007.DBF
ALP2,10ALP2,0,00,00,18,20,237.00,9999,237.00,233.00,9.415731,1.703349,1000.00,cifi0007.DBF
ALP2,10ALP2,0,00,00,18,60,488.00,9999,,,,,0.00,cifi0007.DBF
ALP2,10ALP2,0,00,00,18,65,558.00,9999,,,,,0.00,cifi0007.DBF
ALP2,10ALP2,0,00,00,19,1,0.00,0,0.00,1.00,9.714198,1.779904,1000.00,cifi0007.DBF
ALP2,10ALP2,0,00,00,19,2,0.00,0,8.00,9.00,9.714198,1.779904,1000.00,cifi0007.DBF
ALP2,10ALP2,0,00,00,19,3,5.00,38,17.00,17.00,9.714198,1.779904,1000.00,cifi0007.DBF
ALP2,10ALP2,0,00,00,19,4,15.00,109,26.00,26.00,9.714198,1.779904,1000.00,cifi0007.DBF
ALP2,10ALP2,0,00,00,19,5,25.00,175,36.00,36.00,9.714198,1.779904,1000.00,cifi0007.DBF
ALP2,10ALP2,0,00,00,19,6,35.00,237,46.00,46.00,9.714198,1.779904,1000.00,cifi0007.DBF
ALP2,10ALP2,0,00,00,19,7,46.00,300,56.00,56.00,9.714198,1.779904,1000.00,cifi0007.DBF
ALP2,10ALP2,0,00,00,19,8,58.00,366,67.00,66.00,9.714198,1.779904,1000.00,cifi0007.DBF
ALP2,10ALP2,0,00,00,19,9,70.00,426,79.00,78.00,9.714198,1.779904,1000.00,cifi0007.DBF
ALP2,10ALP2,0,00,00,19,10,83.00,487,91.00,90.00,9.714198,1.779904,1000.00,cifi0007.DBF
ALP2,10ALP2,0,00,00,19,11,96.00,543,104.00,102.00,9.714198,1.779904,1000.00,cifi0007.DBF
ALP2,10ALP2,0,00,00,19,12,110.00,600,117.00,115.00,9.714198,1.779904,1000.00,cifi0007.DBF
ALP2,10ALP2,0,00,00,19,13,125.00,658,131.00,129.00,9.714198,1.779904,1000.00,cifi0007.DBF
ALP2,10ALP2,0,00,00,19,14,140.00,710,145.00,143.00,9.714198,1.779904,1000.00,cifi0007.DBF
ALP2,10ALP2,0,00,00,19,15,156.00,763,160.00,157.00,9.714198,1.779904,1000.00,cifi0007.DBF
ALP2,10ALP2,0,00,00,19,16,173.00,815,176.00,173.00,9.714198,1.779904,1000.00,cifi0007.DBF
ALP2,10ALP2,0,00,00,19,17,190.00,863,192.00,189.00,9.714198,1.779904,1000.00,cifi0007.DBF
ALP2,10ALP2,0,00,00,19,18,208.00,911,209.00,205.00,9.714198,1.779904,1000.00,cifi0007.DBF
ALP2,10ALP2,0,00,00,19,19,227.00,959,227.00,223.00,9.714198,1.779904,1000.00,cifi0007.DBF
ALP2,10ALP2,0,00,00,19,20,246.00,9999,246.00,241.00,9.714198,1.779904,1000.00,cifi0007.DBF
ALP2,10ALP2,0,00,00,19,60,488.00,9999,,,,,0.00,cifi0007.DBF
ALP2,10ALP2,0,00,00,19,65,558.00,9999,,,,,0.00,cifi0007.DBF
ALP2,10ALP2,0,00,00,20,1,0.00,0,0.00,1.00,10.023920,1.818182,1000.00,cifi0007.DBF
ALP2,10ALP2,0,00,00,20,2,0.00,0,9.00,10.00,10.023920,1.818182,1000.00,cifi0007.DBF
ALP2,10ALP2,0,00,00,20,3,6.00,44,18.00,19.00,10.023920,1.818182,1000.00,cifi0007.DBF
ALP2,10ALP2,0,00,00,20,4,16.00,112,27.00,28.00,10.023920,1.818182,1000.00,cifi0007.DBF
ALP2,10ALP2,0,00,00,20,5,26.00,176,37.00,37.00,10.023920,1.818182,1000.00,cifi0007.DBF
ALP2,10ALP2,0,00,00,20,6,37.00,242,47.00,47.00,10.023920,1.818182,1000.00,cifi0007.DBF
ALP2,10ALP2,0,00,00,20,7,49.00,309,58.00,58.00,10.023920,1.818182,1000.00,cifi0007.DBF
ALP2,10ALP2,0,00,00,20,8,61.00,371,70.00,69.00,10.023920,1.818182,1000.00,cifi0007.DBF
ALP2,10ALP2,0,00,00,20,9,74.00,434,82.00,81.00,10.023920,1.818182,1000.00,cifi0007.DBF
ALP2,10ALP2,0,00,00,20,10,87.00,492,95.00,94.00,10.023920,1.818182,1000.00,cifi0007.DBF
ALP2,10ALP2,0,00,00,20,11,101.00,551,108.00,107.00,10.023920,1.818182,1000.00,cifi0007.DBF
ALP2,10ALP2,0,00,00,20,12,115.00,605,122.00,120.00,10.023920,1.818182,1000.00,cifi0007.DBF
ALP2,10ALP2,0,00,00,20,13,130.00,659,136.00,134.00,10.023920,1.818182,1000.00,cifi0007.DBF
ALP2,10ALP2,0,00,00,20,14,146.00,714,151.00,149.00,10.023920,1.818182,1000.00,cifi0007.DBF
ALP2,10ALP2,0,00,00,20,15,162.00,764,166.00,164.00,10.023920,1.818182,1000.00,cifi0007.DBF
ALP2,10ALP2,0,00,00,20,16,179.00,813,183.00,180.00,10.023920,1.818182,1000.00,cifi0007.DBF
ALP2,10ALP2,0,00,00,20,17,197.00,863,200.00,197.00,10.023920,1.818182,1000.00,cifi0007.DBF
ALP2,10ALP2,0,00,00,20,18,216.00,913,217.00,214.00,10.023920,1.818182,1000.00,cifi0007.DBF
ALP2,10ALP2,0,00,00,20,19,235.00,958,235.00,231.00,10.023920,1.818182,1000.00,cifi0007.DBF
ALP2,10ALP2,0,00,00,20,20,255.00,9999,254.00,250.00,10.023920,1.818182,1000.00,cifi0007.DBF
ALP2,10ALP2,0,00,00,20,60,488.00,9999,,,,,0.00,cifi0007.DBF
ALP2,10ALP2,0,00,00,20,65,558.00,9999,,,,,0.00,cifi0007.DBF
ALP2,10ALP2,0,00,00,21,1,0.00,0,0.00,1.00,10.347810,1.827751,1000.00,cifi0007.DBF
ALP2,10ALP2,0,00,00,21,2,0.00,0,9.00,10.00,10.347810,1.827751,1000.00,cifi0007.DBF
ALP2,10ALP2,0,00,00,21,3,7.00,49,18.00,19.00,10.347810,1.827751,1000.00,cifi0007.DBF
ALP2,10ALP2,0,00,00,21,4,17.00,115,28.00,28.00,10.347810,1.827751,1000.00,cifi0007.DBF
ALP2,10ALP2,0,00,00,21,5,28.00,183,39.00,39.00,10.347810,1.827751,1000.00,cifi0007.DBF
ALP2,10ALP2,0,00,00,21,6,39.00,246,49.00,49.00,10.347810,1.827751,1000.00,cifi0007.DBF
ALP2,10ALP2,0,00,00,21,7,51.00,310,61.00,60.00,10.347810,1.827751,1000.00,cifi0007.DBF
ALP2,10ALP2,0,00,00,21,8,64.00,376,73.00,72.00,10.347810,1.827751,1000.00,cifi0007.DBF
ALP2,10ALP2,0,00,00,21,9,77.00,436,85.00,84.00,10.347810,1.827751,1000.00,cifi0007.DBF
ALP2,10ALP2,0,00,00,21,10,91.00,497,99.00,97.00,10.347810,1.827751,1000.00,cifi0007.DBF
ALP2,10ALP2,0,00,00,21,11,105.00,553,112.00,111.00,10.347810,1.827751,1000.00,cifi0007.DBF
ALP2,10ALP2,0,00,00,21,12,120.00,609,126.00,124.00,10.347810,1.827751,1000.00,cifi0007.DBF
ALP2,10ALP2,0,00,00,21,13,136.00,665,141.00,139.00,10.347810,1.827751,1000.00,cifi0007.DBF
ALP2,10ALP2,0,00,00,21,14,152.00,717,157.00,154.00,10.347810,1.827751,1000.00,cifi0007.DBF
ALP2,10ALP2,0,00,00,21,15,169.00,768,173.00,170.00,10.347810,1.827751,1000.00,cifi0007.DBF
ALP2,10ALP2,0,00,00,21,16,186.00,815,190.00,187.00,10.347810,1.827751,1000.00,cifi0007.DBF
ALP2,10ALP2,0,00,00,21,17,205.00,866,207.00,204.00,10.347810,1.827751,1000.00,cifi0007.DBF
ALP2,10ALP2,0,00,00,21,18,224.00,913,225.00,221.00,10.347810,1.827751,1000.00,cifi0007.DBF
ALP2,10ALP2,0,00,00,21,19,244.00,959,244.00,240.00,10.347810,1.827751,1000.00,cifi0007.DBF
ALP2,10ALP2,0,00,00,21,20,264.00,9999,264.00,259.00,10.347810,1.827751,1000.00,cifi0007.DBF
ALP2,10ALP2,0,00,00,21,60,488.00,9999,,,,,0.00,cifi0007.DBF
ALP2,10ALP2,0,00,00,21,65,558.00,9999,,,,,0.00,cifi0007.DBF
ALP2,10ALP2,0,00,00,22,1,0.00,0,0.00,1.00,10.688790,1.808613,1000.00,cifi0007.DBF
ALP2,10ALP2,0,00,00,22,2,0.00,0,9.00,10.00,10.688790,1.808613,1000.00,cifi0007.DBF
ALP2,10ALP2,0,00,00,22,3,7.00,48,19.00,19.00,10.688790,1.808613,1000.00,cifi0007.DBF
ALP2,10ALP2,0,00,00,22,4,18.00,118,29.00,29.00,10.688790,1.808613,1000.00,cifi0007.DBF
ALP2,10ALP2,0,00,00,22,5,29.00,183,40.00,40.00,10.688790,1.808613,1000.00,cifi0007.DBF
ALP2,10ALP2,0,00,00,22,6,41.00,250,52.00,51.00,10.688790,1.808613,1000.00,cifi0007.DBF
ALP2,10ALP2,0,00,00,22,7,54.00,317,64.00,63.00,10.688790,1.808613,1000.00,cifi0007.DBF
ALP2,10ALP2,0,00,00,22,8,67.00,379,76.00,75.00,10.688790,1.808613,1000.00,cifi0007.DBF
ALP2,10ALP2,0,00,00,22,9,80.00,437,89.00,88.00,10.688790,1.808613,1000.00,cifi0007.DBF
ALP2,10ALP2,0,00,00,22,10,95.00,500,103.00,101.00,10.688790,1.808613,1000.00,cifi0007.DBF
ALP2,10ALP2,0,00,00,22,11,110.00,558,117.00,115.00,10.688790,1.808613,1000.00,cifi0007.DBF
ALP2,10ALP2,0,00,00,22,12,125.00,611,132.00,130.00,10.688790,1.808613,1000.00,cifi0007.DBF
ALP2,10ALP2,0,00,00,22,13,141.00,665,147.00,145.00,10.688790,1.808613,1000.00,cifi0007.DBF
ALP2,10ALP2,0,00,00,22,14,158.00,718,163.00,160.00,10.688790,1.808613,1000.00,cifi0007.DBF
ALP2,10ALP2,0,00,00,22,15,175.00,767,180.00,177.00,10.688790,1.808613,1000.00,cifi0007.DBF
ALP2,10ALP2,0,00,00,22,16,194.00,820,197.00,194.00,10.688790,1.808613,1000.00,cifi0007.DBF
ALP2,10ALP2,0,00,00,22,17,212.00,864,215.00,211.00,10.688790,1.808613,1000.00,cifi0007.DBF
ALP2,10ALP2,0,00,00,22,18,232.00,912,234.00,230.00,10.688790,1.808613,1000.00,cifi0007.DBF
ALP2,10ALP2,0,00,00,22,19,253.00,960,253.00,249.00,10.688790,1.808613,1000.00,cifi0007.DBF
ALP2,10ALP2,0,00,00,22,20,274.00,9999,273.00,268.00,10.688790,1.808613,1000.00,cifi0007.DBF
ALP2,10ALP2,0,00,00,22,60,488.00,9999,,,,,0.00,cifi0007.DBF
ALP2,10ALP2,0,00,00,22,65,558.00,9999,,,,,0.00,cifi0007.DBF
ALP2,10ALP2,0,00,00,23,1,0.00,0,0.00,1.00,11.048440,1.779904,1000.00,cifi0007.DBF
ALP2,10ALP2,0,00,00,23,2,0.00,0,10.00,11.00,11.048440,1.779904,1000.00,cifi0007.DBF
ALP2,10ALP2,0,00,00,23,3,8.00,53,20.00,21.00,11.048440,1.779904,1000.00,cifi0007.DBF
ALP2,10ALP2,0,00,00,23,4,19.00,120,31.00,31.00,11.048440,1.779904,1000.00,cifi0007.DBF
ALP2,10ALP2,0,00,00,23,5,31.00,189,42.00,42.00,11.048440,1.779904,1000.00,cifi0007.DBF
ALP2,10ALP2,0,00,00,23,6,44.00,258,54.00,54.00,11.048440,1.779904,1000.00,cifi0007.DBF
ALP2,10ALP2,0,00,00,23,7,57.00,323,66.00,66.00,11.048440,1.779904,1000.00,cifi0007.DBF
ALP2,10ALP2,0,00,00,23,8,70.00,382,79.00,78.00,11.048440,1.779904,1000.00,cifi0007.DBF
ALP2,10ALP2,0,00,00,23,9,84.00,442,93.00,92.00,11.048440,1.779904,1000.00,cifi0007.DBF
ALP2,10ALP2,0,00,00,23,10,99.00,502,107.00,106.00,11.048440,1.779904,1000.00,cifi0007.DBF
ALP2,10ALP2,0,00,00,23,11,114.00,558,121.00,120.00,11.048440,1.779904,1000.00,cifi0007.DBF
ALP2,10ALP2,0,00,00,23,12,130.00,613,137.00,135.00,11.048440,1.779904,1000.00,cifi0007.DBF
ALP2,10ALP2,0,00,00,23,13,147.00,668,153.00,151.00,11.048440,1.779904,1000.00,cifi0007.DBF
ALP2,10ALP2,0,00,00,23,14,164.00,719,169.00,167.00,11.048440,1.779904,1000.00,cifi0007.DBF
ALP2,10ALP2,0,00,00,23,15,182.00,769,186.00,183.00,11.048440,1.779904,1000.00,cifi0007.DBF
ALP2,10ALP2,0,00,00,23,16,201.00,819,204.00,201.00,11.048440,1.779904,1000.00,cifi0007.DBF
ALP2,10ALP2,0,00,00,23,17,220.00,865,223.00,219.00,11.048440,1.779904,1000.00,cifi0007.DBF
ALP2,10ALP2,0,00,00,23,18,241.00,914,242.00,238.00,11.048440,1.779904,1000.00,cifi0007.DBF
ALP2,10ALP2,0,00,00,23,19,262.00,960,262.00,258.00,11.048440,1.779904,1000.00,cifi0007.DBF
ALP2,10ALP2,0,00,00,23,20,283.00,9999,283.00,278.00,11.048440,1.779904,1000.00,cifi0007.DBF
ALP2,10ALP2,0,00,00,23,60,488.00,9999,,,,,0.00,cifi0007.DBF
ALP2,10ALP2,0,00,00,23,65,558.00,9999,,,,,0.00,cifi0007.DBF
ALP2,10ALP2,0,00,00,24,1,0.00,0,0.00,1.00,11.429110,1.741627,1000.00,cifi0007.DBF
ALP2,10ALP2,0,00,00,24,2,0.00,0,10.00,11.00,11.429110,1.741627,1000.00,cifi0007.DBF
ALP2,10ALP2,0,00,00,24,3,9.00,57,21.00,21.00,11.429110,1.741627,1000.00,cifi0007.DBF
ALP2,10ALP2,0,00,00,24,4,21.00,128,32.00,32.00,11.429110,1.741627,1000.00,cifi0007.DBF
ALP2,10ALP2,0,00,00,24,5,33.00,194,44.00,44.00,11.429110,1.741627,1000.00,cifi0007.DBF
ALP2,10ALP2,0,00,00,24,6,46.00,261,56.00,56.00,11.429110,1.741627,1000.00,cifi0007.DBF
ALP2,10ALP2,0,00,00,24,7,59.00,322,69.00,68.00,11.429110,1.741627,1000.00,cifi0007.DBF
ALP2,10ALP2,0,00,00,24,8,73.00,384,82.00,81.00,11.429110,1.741627,1000.00,cifi0007.DBF
ALP2,10ALP2,0,00,00,24,9,88.00,447,96.00,95.00,11.429110,1.741627,1000.00,cifi0007.DBF
ALP2,10ALP2,0,00,00,24,10,103.00,504,111.00,109.00,11.429110,1.741627,1000.00,cifi0007.DBF
ALP2,10ALP2,0,00,00,24,11,119.00,561,126.00,124.00,11.429110,1.741627,1000.00,cifi0007.DBF
ALP2,10ALP2,0,00,00,24,12,136.00,618,142.00,140.00,11.429110,1.741627,1000.00,cifi0007.DBF
ALP2,10ALP2,0,00,00,24,13,153.00,670,159.00,156.00,11.429110,1.741627,1000.00,cifi0007.DBF
ALP2,10ALP2,0,00,00,24,14,171.00,723,176.00,173.00,11.429110,1.741627,1000.00,cifi0007.DBF
ALP2,10ALP2,0,00,00,24,15,189.00,770,193.00,190.00,11.429110,1.741627,1000.00,cifi0007.DBF
ALP2,10ALP2,0,00,00,24,16,209.00,822,212.00,208.00,11.429110,1.741627,1000.00,cifi0007.DBF
ALP2,10ALP2,0,00,00,24,17,229.00,869,231.00,227.00,11.429110,1.741627,1000.00,cifi0007.DBF
ALP2,10ALP2,0,00,00,24,18,249.00,912,251.00,247.00,11.429110,1.741627,1000.00,cifi0007.DBF
ALP2,10ALP2,0,00,00,24,19,271.00,958,272.00,267.00,11.429110,1.741627,1000.00,cifi0007.DBF
ALP2,10ALP2,0,00,00,24,20,293.00,9999,293.00,288.00,11.429110,1.741627,1000.00,cifi0007.DBF
ALP2,10ALP2,0,00,00,24,60,488.00,9999,,,,,0.00,cifi0007.DBF
ALP2,10ALP2,0,00,00,24,65,558.00,9999,,,,,0.00,cifi0007.DBF
ALP2,10ALP2,0,00,00,25,1,0.00,0,0.00,1.00,11.832460,1.693780,1000.00,cifi0007.DBF
ALP2,10ALP2,0,00,00,25,2,0.00,0,11.00,11.00,11.832460,1.693780,1000.00,cifi0007.DBF
ALP2,10ALP2,0,00,00,25,3,10.00,61,22.00,22.00,11.832460,1.693780,1000.00,cifi0007.DBF
ALP2,10ALP2,0,00,00,25,4,22.00,129,34.00,34.00,11.832460,1.693780,1000.00,cifi0007.DBF
ALP2,10ALP2,0,00,00,25,5,35.00,198,46.00,46.00,11.832460,1.693780,1000.00,cifi0007.DBF
ALP2,10ALP2,0,00,00,25,6,48.00,262,59.00,58.00,11.832460,1.693780,1000.00,cifi0007.DBF
ALP2,10ALP2,0,00,00,25,7,62.00,326,72.00,71.00,11.832460,1.693780,1000.00,cifi0007.DBF
ALP2,10ALP2,0,00,00,25,8,77.00,391,86.00,85.00,11.832460,1.693780,1000.00,cifi0007.DBF
ALP2,10ALP2,0,00,00,25,9,92.00,450,100.00,99.00,11.832460,1.693780,1000.00,cifi0007.DBF
ALP2,10ALP2,0,00,00,25,10,108.00,509,115.00,113.00,11.832460,1.693780,1000.00,cifi0007.DBF
ALP2,10ALP2,0,00,00,25,11,124.00,564,131.00,129.00,11.832460,1.693780,1000.00,cifi0007.DBF
ALP2,10ALP2,0,00,00,25,12,141.00,618,148.00,145.00,11.832460,1.693780,1000.00,cifi0007.DBF
ALP2,10ALP2,0,00,00,25,13,159.00,672,165.00,162.00,11.832460,1.693780,1000.00,cifi0007.DBF
ALP2,10ALP2,0,00,00,25,14,177.00,721,182.00,179.00,11.832460,1.693780,1000.00,cifi0007.DBF
ALP2,10ALP2,0,00,00,25,15,196.00,771,201.00,197.00,11.832460,1.693780,1000.00,cifi0007.DBF
ALP2,10ALP2,0,00,00,25,16,216.00,820,220.00,216.00,11.832460,1.693780,1000.00,cifi0007.DBF
ALP2,10ALP2,0,00,00,25,17,237.00,868,239.00,235.00,11.832460,1.693780,1000.00,cifi0007.DBF
ALP2,10ALP2,0,00,00,25,18,258.00,912,260.00,255.00,11.832460,1.693780,1000.00,cifi0007.DBF
ALP2,10ALP2,0,00,00,25,19,281.00,960,281.00,276.00,11.832460,1.693780,1000.00,cifi0007.DBF
ALP2,10ALP2,0,00,00,25,20,304.00,9999,303.00,298.00,11.832460,1.693780,1000.00,cifi0007.DBF
ALP2,10ALP2,0,00,00,25,60,488.00,9999,,,,,0.00,cifi0007.DBF
ALP2,10ALP2,0,00,00,25,65,558.00,9999,,,,,0.00,cifi0007.DBF
ALP2,10ALP2,0,00,00,26,1,0.00,0,0.00,1.00,12.259080,1.655503,1000.00,cifi0007.DBF
ALP2,10ALP2,0,00,00,26,2,0.00,0,11.00,12.00,12.259080,1.655503,1000.00,cifi0007.DBF
ALP2,10ALP2,0,00,00,26,3,11.00,65,23.00,23.00,12.259080,1.655503,1000.00,cifi0007.DBF
ALP2,10ALP2,0,00,00,26,4,24.00,136,35.00,35.00,12.259080,1.655503,1000.00,cifi0007.DBF
ALP2,10ALP2,0,00,00,26,5,37.00,202,48.00,48.00,12.259080,1.655503,1000.00,cifi0007.DBF
ALP2,10ALP2,0,00,00,26,6,51.00,269,61.00,61.00,12.259080,1.655503,1000.00,cifi0007.DBF
ALP2,10ALP2,0,00,00,26,7,65.00,330,75.00,74.00,12.259080,1.655503,1000.00,cifi0007.DBF
ALP2,10ALP2,0,00,00,26,8,80.00,391,89.00,88.00,12.259080,1.655503,1000.00,cifi0007.DBF
ALP2,10ALP2,0,00,00,26,9,96.00,453,104.00,103.00,12.259080,1.655503,1000.00,cifi0007.DBF
ALP2,10ALP2,0,00,00,26,10,112.00,509,120.00,118.00,12.259080,1.655503,1000.00,cifi0007.DBF
ALP2,10ALP2,0,00,00,26,11,129.00,565,136.00,134.00,12.259080,1.655503,1000.00,cifi0007.DBF
ALP2,10ALP2,0,00,00,26,12,147.00,621,153.00,151.00,12.259080,1.655503,1000.00,cifi0007.DBF
ALP2,10ALP2,0,00,00,26,13,165.00,673,171.00,168.00,12.259080,1.655503,1000.00,cifi0007.DBF
ALP2,10ALP2,0,00,00,26,14,184.00,724,189.00,186.00,12.259080,1.655503,1000.00,cifi0007.DBF
ALP2,10ALP2,0,00,00,26,15,204.00,774,208.00,205.00,12.259080,1.655503,1000.00,cifi0007.DBF
ALP2,10ALP2,0,00,00,26,16,224.00,820,227.00,224.00,12.259080,1.655503,1000.00,cifi0007.DBF
ALP2,10ALP2,0,00,00,26,17,245.00,866,248.00,244.00,12.259080,1.655503,1000.00,cifi0007.DBF
ALP2,10ALP2,0,00,00,26,18,267.00,912,269.00,265.00,12.259080,1.655503,1000.00,cifi0007.DBF
ALP2,10ALP2,0,00,00,26,19,290.00,957,291.00,286.00,12.259080,1.655503,1000.00,cifi0007.DBF
ALP2,10ALP2,0,00,00,26,20,314.00,9999,314.00,309.00,12.259080,1.655503,1000.00,cifi0007.DBF
ALP2,10ALP2,0,00,00,26,60,488.00,9999,,,,,0.00,cifi0007.DBF
ALP2,10ALP2,0,00,00,26,65,558.00,9999,,,,,0.00,cifi0007.DBF
ALP2,10ALP2,0,00,00,27,1,0.00,0,0.00,1.00,12.708940,1.636364,1000.00,cifi0007.DBF
ALP2,10ALP2,0,00,00,27,2,0.00,0,12.00,12.00,12.708940,1.636364,1000.00,cifi0007.DBF
ALP2,10ALP2,0,00,00,27,3,12.00,68,24.00,24.00,12.708940,1.636364,1000.00,cifi0007.DBF
ALP2,10ALP2,0,00,00,27,4,25.00,137,36.00,36.00,12.708940,1.636364,1000.00,cifi0007.DBF
ALP2,10ALP2,0,00,00,27,5,39.00,206,50.00,49.00,12.708940,1.636364,1000.00,cifi0007.DBF
ALP2,10ALP2,0,00,00,27,6,53.00,269,63.00,63.00,12.708940,1.636364,1000.00,cifi0007.DBF
ALP2,10ALP2,0,00,00,27,7,68.00,333,78.00,77.00,12.708940,1.636364,1000.00,cifi0007.DBF
ALP2,10ALP2,0,00,00,27,8,84.00,396,93.00,92.00,12.708940,1.636364,1000.00,cifi0007.DBF
ALP2,10ALP2,0,00,00,27,9,100.00,455,108.00,107.00,12.708940,1.636364,1000.00,cifi0007.DBF
ALP2,10ALP2,0,00,00,27,10,117.00,513,125.00,123.00,12.708940,1.636364,1000.00,cifi0007.DBF
ALP2,10ALP2,0,00,00,27,11,134.00,566,141.00,139.00,12.708940,1.636364,1000.00,cifi0007.DBF
ALP2,10ALP2,0,00,00,27,12,152.00,620,159.00,156.00,12.708940,1.636364,1000.00,cifi0007.DBF
ALP2,10ALP2,0,00,00,27,13,171.00,672,177.00,174.00,12.708940,1.636364,1000.00,cifi0007.DBF
ALP2,10ALP2,0,00,00,27,14,191.00,725,196.00,193.00,12.708940,1.636364,1000.00,cifi0007.DBF
ALP2,10ALP2,0,00,00,27,15,211.00,773,215.00,212.00,12.708940,1.636364,1000.00,cifi0007.DBF
ALP2,10ALP2,0,00,00,27,16,232.00,820,236.00,232.00,12.708940,1.636364,1000.00,cifi0007.DBF
ALP2,10ALP2,0,00,00,27,17,254.00,868,257.00,253.00,12.708940,1.636364,1000.00,cifi0007.DBF
ALP2,10ALP2,0,00,00,27,18,277.00,914,278.00,274.00,12.708940,1.636364,1000.00,cifi0007.DBF
ALP2,10ALP2,0,00,00,27,19,300.00,957,301.00,296.00,12.708940,1.636364,1000.00,cifi0007.DBF
ALP2,10ALP2,0,00,00,27,20,325.00,9999,325.00,319.00,12.708940,1.636364,1000.00,cifi0007.DBF
ALP2,10ALP2,0,00,00,27,60,488.00,9999,,,,,0.00,cifi0007.DBF
ALP2,10ALP2,0,00,00,27,65,558.00,9999,,,,,0.00,cifi0007.DBF
ALP2,10ALP2,0,00,00,28,1,0.00,0,0.00,1.00,13.182710,1.626794,1000.00,cifi0007.DBF
ALP2,10ALP2,0,00,00,28,2,0.00,0,12.00,13.00,13.182710,1.626794,1000.00,cifi0007.DBF
ALP2,10ALP2,0,00,00,28,3,13.00,71,25.00,25.00,13.182710,1.626794,1000.00,cifi0007.DBF
ALP2,10ALP2,0,00,00,28,4,26.00,137,38.00,38.00,13.182710,1.626794,1000.00,cifi0007.DBF
ALP2,10ALP2,0,00,00,28,5,41.00,208,52.00,52.00,13.182710,1.626794,1000.00,cifi0007.DBF
ALP2,10ALP2,0,00,00,28,6,56.00,274,66.00,66.00,13.182710,1.626794,1000.00,cifi0007.DBF
ALP2,10ALP2,0,00,00,28,7,71.00,335,81.00,80.00,13.182710,1.626794,1000.00,cifi0007.DBF
ALP2,10ALP2,0,00,00,28,8,87.00,396,96.00,95.00,13.182710,1.626794,1000.00,cifi0007.DBF
ALP2,10ALP2,0,00,00,28,9,104.00,456,112.00,111.00,13.182710,1.626794,1000.00,cifi0007.DBF
ALP2,10ALP2,0,00,00,28,10,121.00,511,129.00,127.00,13.182710,1.626794,1000.00,cifi0007.DBF
ALP2,10ALP2,0,00,00,28,11,139.00,567,147.00,145.00,13.182710,1.626794,1000.00,cifi0007.DBF
ALP2,10ALP2,0,00,00,28,12,158.00,621,165.00,163.00,13.182710,1.626794,1000.00,cifi0007.DBF
ALP2,10ALP2,0,00,00,28,13,178.00,675,183.00,181.00,13.182710,1.626794,1000.00,cifi0007.DBF
ALP2,10ALP2,0,00,00,28,14,198.00,725,203.00,200.00,13.182710,1.626794,1000.00,cifi0007.DBF
ALP2,10ALP2,0,00,00,28,15,219.00,775,223.00,220.00,13.182710,1.626794,1000.00,cifi0007.DBF
ALP2,10ALP2,0,00,00,28,16,240.00,820,244.00,240.00,13.182710,1.626794,1000.00,cifi0007.DBF
ALP2,10ALP2,0,00,00,28,17,263.00,868,265.00,261.00,13.182710,1.626794,1000.00,cifi0007.DBF
ALP2,10ALP2,0,00,00,28,18,286.00,912,288.00,283.00,13.182710,1.626794,1000.00,cifi0007.DBF
ALP2,10ALP2,0,00,00,28,19,311.00,959,311.00,306.00,13.182710,1.626794,1000.00,cifi0007.DBF
ALP2,10ALP2,0,00,00,28,20,336.00,9999,336.00,330.00,13.182710,1.626794,1000.00,cifi0007.DBF
ALP2,10ALP2,0,00,00,28,60,488.00,9999,,,,,0.00,cifi0007.DBF
ALP2,10ALP2,0,00,00,28,65,558.00,9999,,,,,0.00,cifi0007.DBF
ALP2,10ALP2,0,00,00,29,1,0.00,0,0.00,1.00,13.680270,1.636364,1000.00,cifi0007.DBF
ALP2,10ALP2,0,00,00,29,2,0.00,0,13.00,13.00,13.680270,1.636364,1000.00,cifi0007.DBF
ALP2,10ALP2,0,00,00,29,3,14.00,74,26.00,26.00,13.680270,1.636364,1000.00,cifi0007.DBF
ALP2,10ALP2,0,00,00,29,4,28.00,142,39.00,39.00,13.680270,1.636364,1000.00,cifi0007.DBF
ALP2,10ALP2,0,00,00,29,5,43.00,211,54.00,53.00,13.680270,1.636364,1000.00,cifi0007.DBF
ALP2,10ALP2,0,00,00,29,6,58.00,274,69.00,68.00,13.680270,1.636364,1000.00,cifi0007.DBF
ALP2,10ALP2,0,00,00,29,7,74.00,337,84.00,83.00,13.680270,1.636364,1000.00,cifi0007.DBF
ALP2,10ALP2,0,00,00,29,8,91.00,399,100.00,99.00,13.680270,1.636364,1000.00,cifi0007.DBF
ALP2,10ALP2,0,00,00,29,9,108.00,457,117.00,115.00,13.680270,1.636364,1000.00,cifi0007.DBF
ALP2,10ALP2,0,00,00,29,10,126.00,514,134.00,132.00,13.680270,1.636364,1000.00,cifi0007.DBF
ALP2,10ALP2,0,00,00,29,11,145.00,570,152.00,150.00,13.680270,1.636364,1000.00,cifi0007.DBF
ALP2,10ALP2,0,00,00,29,12,164.00,622,171.00,168.00,13.680270,1.636364,1000.00,cifi0007.DBF
ALP2,10ALP2,0,00,00,29,13,184.00,674,190.00,187.00,13.680270,1.636364,1000.00,cifi0007.DBF
ALP2,10ALP2,0,00,00,29,14,205.00,725,210.00,207.00,13.680270,1.636364,1000.00,cifi0007.DBF
ALP2,10ALP2,0,00,00,29,15,226.00,772,231.00,227.00,13.680270,1.636364,1000.00,cifi0007.DBF
ALP2,10ALP2,0,00,00,29,16,249.00,822,252.00,248.00,13.680270,1.636364,1000.00,cifi0007.DBF
ALP2,10ALP2,0,00,00,29,17,272.00,868,275.00,270.00,13.680270,1.636364,1000.00,cifi0007.DBF
ALP2,10ALP2,0,00,00,29,18,296.00,913,298.00,293.00,13.680270,1.636364,1000.00,cifi0007.DBF
ALP2,10ALP2,0,00,00,29,19,321.00,957,322.00,317.00,13.680270,1.636364,1000.00,cifi0007.DBF
ALP2,10ALP2,0,00,00,29,20,347.00,9999,347.00,341.00,13.680270,1.636364,1000.00,cifi0007.DBF
ALP2,10ALP2,0,00,00,29,60,488.00,9999,,,,,0.00,cifi0007.DBF
ALP2,10ALP2,0,00,00,29,65,558.00,9999,,,,,0.00,cifi0007.DBF
ALP2,10ALP2,0,00,00,30,1,0.00,0,0.00,1.00,14.202540,1.655503,1000.00,cifi0007.DBF
ALP2,10ALP2,0,00,00,30,2,0.00,0,13.00,14.00,14.202540,1.655503,1000.00,cifi0007.DBF
ALP2,10ALP2,0,00,00,30,3,15.00,77,27.00,27.00,14.202540,1.655503,1000.00,cifi0007.DBF
ALP2,10ALP2,0,00,00,30,4,29.00,142,41.00,41.00,14.202540,1.655503,1000.00,cifi0007.DBF
ALP2,10ALP2,0,00,00,30,5,45.00,212,56.00,56.00,14.202540,1.655503,1000.00,cifi0007.DBF
ALP2,10ALP2,0,00,00,30,6,61.00,278,71.00,71.00,14.202540,1.655503,1000.00,cifi0007.DBF
ALP2,10ALP2,0,00,00,30,7,77.00,338,87.00,86.00,14.202540,1.655503,1000.00,cifi0007.DBF
ALP2,10ALP2,0,00,00,30,8,94.00,397,104.00,103.00,14.202540,1.655503,1000.00,cifi0007.DBF
ALP2,10ALP2,0,00,00,30,9,112.00,457,121.00,120.00,14.202540,1.655503,1000.00,cifi0007.DBF
ALP2,10ALP2,0,00,00,30,10,131.00,515,139.00,137.00,14.202540,1.655503,1000.00,cifi0007.DBF
ALP2,10ALP2,0,00,00,30,11,150.00,569,157.00,155.00,14.202540,1.655503,1000.00,cifi0007.DBF
ALP2,10ALP2,0,00,00,30,12,170.00,623,177.00,174.00,14.202540,1.655503,1000.00,cifi0007.DBF
ALP2,10ALP2,0,00,00,30,13,191.00,676,197.00,194.00,14.202540,1.655503,1000.00,cifi0007.DBF
ALP2,10ALP2,0,00,00,30,14,212.00,724,217.00,214.00,14.202540,1.655503,1000.00,cifi0007.DBF
ALP2,10ALP2,0,00,00,30,15,234.00,772,239.00,235.00,14.202540,1.655503,1000.00,cifi0007.DBF
ALP2,10ALP2,0,00,00,30,16,257.00,820,261.00,257.00,14.202540,1.655503,1000.00,cifi0007.DBF
ALP2,10ALP2,0,00,00,30,17,281.00,866,284.00,280.00,14.202540,1.655503,1000.00,cifi0007.DBF
ALP2,10ALP2,0,00,00,30,18,306.00,912,308.00,303.00,14.202540,1.655503,1000.00,cifi0007.DBF
ALP2,10ALP2,0,00,00,30,19,332.00,957,333.00,328.00,14.202540,1.655503,1000.00,cifi0007.DBF
ALP2,10ALP2,0,00,00,30,20,359.00,9999,359.00,353.00,14.202540,1.655503,1000.00,cifi0007.DBF
ALP2,10ALP2,0,00,00,30,60,488.00,9999,,,,,0.00,cifi0007.DBF
ALP2,10ALP2,0,00,00,30,65,558.00,9999,,,,,0.00,cifi0007.DBF
ALP2,10ALP2,0,00,00,31,1,0.00,0,0.00,1.00,14.748750,1.703349,1000.00,cifi0007.DBF
ALP2,10ALP2,0,00,00,31,2,1.00,6,14.00,14.00,14.748750,1.703349,1000.00,cifi0007.DBF
ALP2,10ALP2,0,00,00,31,3,16.00,79,28.00,28.00,14.748750,1.703349,1000.00,cifi0007.DBF
ALP2,10ALP2,0,00,00,31,4,31.00,147,43.00,43.00,14.748750,1.703349,1000.00,cifi0007.DBF
ALP2,10ALP2,0,00,00,31,5,47.00,214,58.00,58.00,14.748750,1.703349,1000.00,cifi0007.DBF
ALP2,10ALP2,0,00,00,31,6,63.00,276,74.00,73.00,14.748750,1.703349,1000.00,cifi0007.DBF
ALP2,10ALP2,0,00,00,31,7,80.00,338,90.00,89.00,14.748750,1.703349,1000.00,cifi0007.DBF
ALP2,10ALP2,0,00,00,31,8,98.00,400,108.00,106.00,14.748750,1.703349,1000.00,cifi0007.DBF
ALP2,10ALP2,0,00,00,31,9,117.00,460,125.00,124.00,14.748750,1.703349,1000.00,cifi0007.DBF
ALP2,10ALP2,0,00,00,31,10,136.00,516,144.00,142.00,14.748750,1.703349,1000.00,cifi0007.DBF
ALP2,10ALP2,0,00,00,31,11,155.00,568,163.00,161.00,14.748750,1.703349,1000.00,cifi0007.DBF
ALP2,10ALP2,0,00,00,31,12,176.00,623,183.00,180.00,14.748750,1.703349,1000.00,cifi0007.DBF
ALP2,10ALP2,0,00,00,31,13,197.00,673,203.00,200.00,14.748750,1.703349,1000.00,cifi0007.DBF
ALP2,10ALP2,0,00,00,31,14,219.00,723,225.00,221.00,14.748750,1.703349,1000.00,cifi0007.DBF
ALP2,10ALP2,0,00,00,31,15,242.00,772,247.00,243.00,14.748750,1.703349,1000.00,cifi0007.DBF
ALP2,10ALP2,0,00,00,31,16,266.00,820,270.00,266.00,14.748750,1.703349,1000.00,cifi0007.DBF
ALP2,10ALP2,0,00,00,31,17,291.00,868,293.00,289.00,14.748750,1.703349,1000.00,cifi0007.DBF
ALP2,10ALP2,0,00,00,31,18,317.00,914,318.00,313.00,14.748750,1.703349,1000.00,cifi0007.DBF
ALP2,10ALP2,0,00,00,31,19,343.00,957,344.00,338.00,14.748750,1.703349,1000.00,cifi0007.DBF
ALP2,10ALP2,0,00,00,31,20,371.00,9999,370.00,364.00,14.748750,1.703349,1000.00,cifi0007.DBF
ALP2,10ALP2,0,00,00,31,60,488.00,9999,,,,,0.00,cifi0007.DBF
ALP2,10ALP2,0,00,00,31,65,558.00,9999,,,,,0.00,cifi0007.DBF
ALP2,10ALP2,0,00,00,32,1,0.00,0,0.00,1.00,15.320790,1.751196,1000.00,cifi0007.DBF
ALP2,10ALP2,0,00,00,32,2,1.00,5,14.00,15.00,15.320790,1.751196,1000.00,cifi0007.DBF
ALP2,10ALP2,0,00,00,32,3,16.00,76,29.00,29.00,15.320790,1.751196,1000.00,cifi0007.DBF
ALP2,10ALP2,0,00,00,32,4,32.00,146,44.00,44.00,15.320790,1.751196,1000.00,cifi0007.DBF
ALP2,10ALP2,0,00,00,32,5,49.00,215,60.00,60.00,15.320790,1.751196,1000.00,cifi0007.DBF
ALP2,10ALP2,0,00,00,32,6,66.00,279,77.00,76.00,15.320790,1.751196,1000.00,cifi0007.DBF
ALP2,10ALP2,0,00,00,32,7,83.00,339,94.00,93.00,15.320790,1.751196,1000.00,cifi0007.DBF
ALP2,10ALP2,0,00,00,32,8,102.00,401,111.00,110.00,15.320790,1.751196,1000.00,cifi0007.DBF
ALP2,10ALP2,0,00,00,32,9,121.00,459,130.00,128.00,15.320790,1.751196,1000.00,cifi0007.DBF
ALP2,10ALP2,0,00,00,32,10,141.00,517,149.00,147.00,15.320790,1.751196,1000.00,cifi0007.DBF
ALP2,10ALP2,0,00,00,32,11,161.00,570,169.00,167.00,15.320790,1.751196,1000.00,cifi0007.DBF
ALP2,10ALP2,0,00,00,32,12,182.00,622,189.00,187.00,15.320790,1.751196,1000.00,cifi0007.DBF
ALP2,10ALP2,0,00,00,32,13,204.00,673,210.00,207.00,15.320790,1.751196,1000.00,cifi0007.DBF
ALP2,10ALP2,0,00,00,32,14,227.00,724,232.00,229.00,15.320790,1.751196,1000.00,cifi0007.DBF
ALP2,10ALP2,0,00,00,32,15,251.00,774,255.00,251.00,15.320790,1.751196,1000.00,cifi0007.DBF
ALP2,10ALP2,0,00,00,32,16,275.00,820,279.00,275.00,15.320790,1.751196,1000.00,cifi0007.DBF
ALP2,10ALP2,0,00,00,32,17,301.00,868,303.00,299.00,15.320790,1.751196,1000.00,cifi0007.DBF
ALP2,10ALP2,0,00,00,32,18,327.00,913,329.00,324.00,15.320790,1.751196,1000.00,cifi0007.DBF
ALP2,10ALP2,0,00,00,32,19,355.00,959,355.00,350.00,15.320790,1.751196,1000.00,cifi0007.DBF
ALP2,10ALP2,0,00,00,32,20,383.00,9999,383.00,377.00,15.320790,1.751196,1000.00,cifi0007.DBF
ALP2,10ALP2,0,00,00,32,60,488.00,9999,,,,,0.00,cifi0007.DBF
ALP2,10ALP2,0,00,00,32,65,558.00,9999,,,,,0.00,cifi0007.DBF
ALP2,10ALP2,0,00,00,33,1,0.00,0,0.00,1.00,15.918060,1.827751,1000.00,cifi0007.DBF
ALP2,10ALP2,0,00,00,33,2,2.00,10,15.00,15.00,15.918060,1.827751,1000.00,cifi0007.DBF
ALP2,10ALP2,0,00,00,33,3,17.00,78,30.00,30.00,15.918060,1.827751,1000.00,cifi0007.DBF
ALP2,10ALP2,0,00,00,33,4,34.00,149,46.00,46.00,15.918060,1.827751,1000.00,cifi0007.DBF
ALP2,10ALP2,0,00,00,33,5,51.00,216,62.00,62.00,15.918060,1.827751,1000.00,cifi0007.DBF
ALP2,10ALP2,0,00,00,33,6,68.00,277,79.00,78.00,15.918060,1.827751,1000.00,cifi0007.DBF
ALP2,10ALP2,0,00,00,33,7,87.00,342,97.00,96.00,15.918060,1.827751,1000.00,cifi0007.DBF
ALP2,10ALP2,0,00,00,33,8,106.00,402,115.00,114.00,15.918060,1.827751,1000.00,cifi0007.DBF
ALP2,10ALP2,0,00,00,33,9,125.00,458,134.00,132.00,15.918060,1.827751,1000.00,cifi0007.DBF
ALP2,10ALP2,0,00,00,33,10,146.00,517,154.00,152.00,15.918060,1.827751,1000.00,cifi0007.DBF
ALP2,10ALP2,0,00,00,33,11,167.00,571,174.00,172.00,15.918060,1.827751,1000.00,cifi0007.DBF
ALP2,10ALP2,0,00,00,33,12,188.00,621,195.00,192.00,15.918060,1.827751,1000.00,cifi0007.DBF
ALP2,10ALP2,0,00,00,33,13,211.00,673,217.00,214.00,15.918060,1.827751,1000.00,cifi0007.DBF
ALP2,10ALP2,0,00,00,33,14,235.00,725,240.00,236.00,15.918060,1.827751,1000.00,cifi0007.DBF
ALP2,10ALP2,0,00,00,33,15,259.00,772,263.00,259.00,15.918060,1.827751,1000.00,cifi0007.DBF
ALP2,10ALP2,0,00,00,33,16,284.00,819,288.00,283.00,15.918060,1.827751,1000.00,cifi0007.DBF
ALP2,10ALP2,0,00,00,33,17,311.00,868,313.00,308.00,15.918060,1.827751,1000.00,cifi0007.DBF
ALP2,10ALP2,0,00,00,33,18,338.00,913,339.00,334.00,15.918060,1.827751,1000.00,cifi0007.DBF
ALP2,10ALP2,0,00,00,33,19,366.00,957,367.00,361.00,15.918060,1.827751,1000.00,cifi0007.DBF
ALP2,10ALP2,0,00,00,33,20,396.00,9999,395.00,389.00,15.918060,1.827751,1000.00,cifi0007.DBF
ALP2,10ALP2,0,00,00,33,60,488.00,9999,,,,,0.00,cifi0007.DBF
ALP2,10ALP2,0,00,00,33,65,558.00,9999,,,,,0.00,cifi0007.DBF
ALP2,10ALP2,0,00,00,34,1,0.00,0,0.00,1.00,16.541610,1.913876,1000.00,cifi0007.DBF
ALP2,10ALP2,0,00,00,34,2,2.00,10,15.00,16.00,16.541610,1.913876,1000.00,cifi0007.DBF
ALP2,10ALP2,0,00,00,34,3,18.00,79,31.00,31.00,16.541610,1.913876,1000.00,cifi0007.DBF
ALP2,10ALP2,0,00,00,34,4,35.00,148,47.00,47.00,16.541610,1.913876,1000.00,cifi0007.DBF
ALP2,10ALP2,0,00,00,34,5,53.00,216,64.00,64.00,16.541610,1.913876,1000.00,cifi0007.DBF
ALP2,10ALP2,0,00,00,34,6,71.00,279,82.00,81.00,16.541610,1.913876,1000.00,cifi0007.DBF
ALP2,10ALP2,0,00,00,34,7,90.00,342,100.00,99.00,16.541610,1.913876,1000.00,cifi0007.DBF
ALP2,10ALP2,0,00,00,34,8,109.00,399,119.00,118.00,16.541610,1.913876,1000.00,cifi0007.DBF
ALP2,10ALP2,0,00,00,34,9,130.00,460,139.00,137.00,16.541610,1.913876,1000.00,cifi0007.DBF
ALP2,10ALP2,0,00,00,34,10,151.00,516,159.00,157.00,16.541610,1.913876,1000.00,cifi0007.DBF
ALP2,10ALP2,0,00,00,34,11,172.00,568,180.00,178.00,16.541610,1.913876,1000.00,cifi0007.DBF
ALP2,10ALP2,0,00,00,34,12,195.00,622,202.00,199.00,16.541610,1.913876,1000.00,cifi0007.DBF
ALP2,10ALP2,0,00,00,34,13,218.00,672,224.00,221.00,16.541610,1.913876,1000.00,cifi0007.DBF
ALP2,10ALP2,0,00,00,34,14,242.00,722,248.00,244.00,16.541610,1.913876,1000.00,cifi0007.DBF
ALP2,10ALP2,0,00,00,34,15,267.00,770,272.00,268.00,16.541610,1.913876,1000.00,cifi0007.DBF
ALP2,10ALP2,0,00,00,34,16,294.00,820,297.00,293.00,16.541610,1.913876,1000.00,cifi0007.DBF
ALP2,10ALP2,0,00,00,34,17,321.00,867,323.00,318.00,16.541610,1.913876,1000.00,cifi0007.DBF
ALP2,10ALP2,0,00,00,34,18,349.00,913,350.00,345.00,16.541610,1.913876,1000.00,cifi0007.DBF
ALP2,10ALP2,0,00,00,34,19,378.00,957,378.00,372.00,16.541610,1.913876,1000.00,cifi0007.DBF
ALP2,10ALP2,0,00,00,34,20,408.00,9999,408.00,401.00,16.541610,1.913876,1000.00,cifi0007.DBF
ALP2,10ALP2,0,00,00,34,60,488.00,9999,,,,,0.00,cifi0007.DBF
ALP2,10ALP2,0,00,00,34,65,558.00,9999,,,,,0.00,cifi0007.DBF
ALP2,10ALP2,0,00,00,35,1,0.00,0,0.00,1.00,17.192260,2.019139,1000.00,cifi0007.DBF
ALP2,10ALP2,0,00,00,35,2,2.00,9,16.00,17.00,17.192260,2.019139,1000.00,cifi0007.DBF
ALP2,10ALP2,0,00,00,35,3,19.00,81,32.00,33.00,17.192260,2.019139,1000.00,cifi0007.DBF
ALP2,10ALP2,0,00,00,35,4,37.00,151,49.00,49.00,17.192260,2.019139,1000.00,cifi0007.DBF
ALP2,10ALP2,0,00,00,35,5,55.00,217,67.00,67.00,17.192260,2.019139,1000.00,cifi0007.DBF
ALP2,10ALP2,0,00,00,35,6,74.00,281,85.00,85.00,17.192260,2.019139,1000.00,cifi0007.DBF
ALP2,10ALP2,0,00,00,35,7,93.00,341,104.00,103.00,17.192260,2.019139,1000.00,cifi0007.DBF
ALP2,10ALP2,0,00,00,35,8,113.00,400,123.00,122.00,17.192260,2.019139,1000.00,cifi0007.DBF
ALP2,10ALP2,0,00,00,35,9,134.00,458,143.00,142.00,17.192260,2.019139,1000.00,cifi0007.DBF
ALP2,10ALP2,0,00,00,35,10,156.00,515,164.00,162.00,17.192260,2.019139,1000.00,cifi0007.DBF
ALP2,10ALP2,0,00,00,35,11,178.00,568,186.00,184.00,17.192260,2.019139,1000.00,cifi0007.DBF
ALP2,10ALP2,0,00,00,35,12,201.00,620,208.00,206.00,17.192260,2.019139,1000.00,cifi0007.DBF
ALP2,10ALP2,0,00,00,35,13,225.00,671,232.00,229.00,17.192260,2.019139,1000.00,cifi0007.DBF
ALP2,10ALP2,0,00,00,35,14,250.00,721,256.00,253.00,17.192260,2.019139,1000.00,cifi0007.DBF
ALP2,10ALP2,0,00,00,35,15,276.00,770,281.00,277.00,17.192260,2.019139,1000.00,cifi0007.DBF
ALP2,10ALP2,0,00,00,35,16,303.00,818,307.00,303.00,17.192260,2.019139,1000.00,cifi0007.DBF
ALP2,10ALP2,0,00,00,35,17,331.00,866,334.00,329.00,17.192260,2.019139,1000.00,cifi0007.DBF
ALP2,10ALP2,0,00,00,35,18,360.00,912,362.00,357.00,17.192260,2.019139,1000.00,cifi0007.DBF
ALP2,10ALP2,0,00,00,35,19,390.00,957,390.00,385.00,17.192260,2.019139,1000.00,cifi0007.DBF
ALP2,10ALP2,0,00,00,35,20,421.00,9999,420.00,414.00,17.192260,2.019139,1000.00,cifi0007.DBF
ALP2,10ALP2,0,00,00,35,60,488.00,9999,,,,,0.00,cifi0007.DBF
ALP2,10ALP2,0,00,00,35,65,558.00,9999,,,,,0.00,cifi0007.DBF
ALP2,10ALP2,0,00,00,36,1,0.00,0,0.00,1.00,17.870480,2.143541,1000.00,cifi0007.DBF
ALP2,10ALP2,0,00,00,36,2,3.00,13,16.00,17.00,17.870480,2.143541,1000.00,cifi0007.DBF
ALP2,10ALP2,0,00,00,36,3,20.00,82,33.00,33.00,17.870480,2.143541,1000.00,cifi0007.DBF
ALP2,10ALP2,0,00,00,36,4,38.00,150,51.00,51.00,17.870480,2.143541,1000.00,cifi0007.DBF
ALP2,10ALP2,0,00,00,36,5,57.00,217,69.00,69.00,17.870480,2.143541,1000.00,cifi0007.DBF
ALP2,10ALP2,0,00,00,36,6,76.00,279,88.00,87.00,17.870480,2.143541,1000.00,cifi0007.DBF
ALP2,10ALP2,0,00,00,36,7,96.00,340,107.00,106.00,17.870480,2.143541,1000.00,cifi0007.DBF
ALP2,10ALP2,0,00,00,36,8,117.00,400,127.00,126.00,17.870480,2.143541,1000.00,cifi0007.DBF
ALP2,10ALP2,0,00,00,36,9,139.00,459,148.00,146.00,17.870480,2.143541,1000.00,cifi0007.DBF
ALP2,10ALP2,0,00,00,36,10,161.00,514,170.00,168.00,17.870480,2.143541,1000.00,cifi0007.DBF
ALP2,10ALP2,0,00,00,36,11,184.00,568,192.00,190.00,17.870480,2.143541,1000.00,cifi0007.DBF
ALP2,10ALP2,0,00,00,36,12,208.00,620,215.00,212.00,17.870480,2.143541,1000.00,cifi0007.DBF
ALP2,10ALP2,0,00,00,36,13,233.00,672,239.00,236.00,17.870480,2.143541,1000.00,cifi0007.DBF
ALP2,10ALP2,0,00,00,36,14,258.00,720,264.00,260.00,17.870480,2.143541,1000.00,cifi0007.DBF
ALP2,10ALP2,0,00,00,36,15,285.00,770,290.00,286.00,17.870480,2.143541,1000.00,cifi0007.DBF
ALP2,10ALP2,0,00,00,36,16,313.00,819,316.00,312.00,17.870480,2.143541,1000.00,cifi0007.DBF
ALP2,10ALP2,0,00,00,36,17,341.00,864,344.00,339.00,17.870480,2.143541,1000.00,cifi0007.DBF
ALP2,10ALP2,0,00,00,36,18,371.00,911,373.00,367.00,17.870480,2.143541,1000.00,cifi0007.DBF
ALP2,10ALP2,0,00,00,36,19,402.00,957,403.00,397.00,17.870480,2.143541,1000.00,cifi0007.DBF
ALP2,10ALP2,0,00,00,36,20,434.00,9999,433.00,427.00,17.870480,2.143541,1000.00,cifi0007.DBF
ALP2,10ALP2,0,00,00,36,60,488.00,9999,,,,,0.00,cifi0007.DBF
ALP2,10ALP2,0,00,00,36,65,558.00,9999,,,,,0.00,cifi0007.DBF
ALP2,10ALP2,0,00,00,37,1,0.00,0,0.00,1.00,18.576610,2.296651,1000.00,cifi0007.DBF
ALP2,10ALP2,0,00,00,37,2,3.00,13,17.00,18.00,18.576610,2.296651,1000.00,cifi0007.DBF
ALP2,10ALP2,0,00,00,37,3,21.00,83,34.00,35.00,18.576610,2.296651,1000.00,cifi0007.DBF
ALP2,10ALP2,0,00,00,37,4,40.00,152,52.00,52.00,18.576610,2.296651,1000.00,cifi0007.DBF
ALP2,10ALP2,0,00,00,37,5,59.00,216,71.00,71.00,18.576610,2.296651,1000.00,cifi0007.DBF
ALP2,10ALP2,0,00,00,37,6,79.00,280,91.00,90.00,18.576610,2.296651,1000.00,cifi0007.DBF
ALP2,10ALP2,0,00,00,37,7,100.00,342,111.00,110.00,18.576610,2.296651,1000.00,cifi0007.DBF
ALP2,10ALP2,0,00,00,37,8,121.00,400,131.00,130.00,18.576610,2.296651,1000.00,cifi0007.DBF
ALP2,10ALP2,0,00,00,37,9,143.00,456,153.00,151.00,18.576610,2.296651,1000.00,cifi0007.DBF
ALP2,10ALP2,0,00,00,37,10,166.00,512,175.00,173.00,18.576610,2.296651,1000.00,cifi0007.DBF
ALP2,10ALP2,0,00,00,37,11,190.00,567,198.00,196.00,18.576610,2.296651,1000.00,cifi0007.DBF
ALP2,10ALP2,0,00,00,37,12,215.00,620,222.00,219.00,18.576610,2.296651,1000.00,cifi0007.DBF
ALP2,10ALP2,0,00,00,37,13,240.00,670,247.00,244.00,18.576610,2.296651,1000.00,cifi0007.DBF
ALP2,10ALP2,0,00,00,37,14,267.00,721,272.00,269.00,18.576610,2.296651,1000.00,cifi0007.DBF
ALP2,10ALP2,0,00,00,37,15,294.00,769,299.00,295.00,18.576610,2.296651,1000.00,cifi0007.DBF
ALP2,10ALP2,0,00,00,37,16,322.00,816,326.00,322.00,18.576610,2.296651,1000.00,cifi0007.DBF
ALP2,10ALP2,0,00,00,37,17,352.00,864,355.00,350.00,18.576610,2.296651,1000.00,cifi0007.DBF
ALP2,10ALP2,0,00,00,37,18,383.00,911,384.00,379.00,18.576610,2.296651,1000.00,cifi0007.DBF
ALP2,10ALP2,0,00,00,37,19,414.00,956,415.00,409.00,18.576610,2.296651,1000.00,cifi0007.DBF
ALP2,10ALP2,0,00,00,37,20,447.00,9999,447.00,440.00,18.576610,2.296651,1000.00,cifi0007.DBF
ALP2,10ALP2,0,00,00,37,60,488.00,9999,,,,,0.00,cifi0007.DBF
ALP2,10ALP2,0,00,00,37,65,558.00,9999,,,,,0.00,cifi0007.DBF
ALP2,10ALP2,0,00,00,38,1,0.00,0,0.00,1.00,19.311280,2.468900,1000.00,cifi0007.DBF
ALP2,10ALP2,0,00,00,38,2,3.00,12,17.00,18.00,19.311280,2.468900,1000.00,cifi0007.DBF
ALP2,10ALP2,0,00,00,38,3,22.00,84,35.00,36.00,19.311280,2.468900,1000.00,cifi0007.DBF
ALP2,10ALP2,0,00,00,38,4,41.00,151,54.00,54.00,19.311280,2.468900,1000.00,cifi0007.DBF
ALP2,10ALP2,0,00,00,38,5,61.00,216,73.00,73.00,19.311280,2.468900,1000.00,cifi0007.DBF
ALP2,10ALP2,0,00,00,38,6,82.00,280,93.00,93.00,19.311280,2.468900,1000.00,cifi0007.DBF
ALP2,10ALP2,0,00,00,38,7,103.00,340,114.00,113.00,19.311280,2.468900,1000.00,cifi0007.DBF
ALP2,10ALP2,0,00,00,38,8,125.00,399,136.00,135.00,19.311280,2.468900,1000.00,cifi0007.DBF
ALP2,10ALP2,0,00,00,38,9,148.00,457,158.00,157.00,19.311280,2.468900,1000.00,cifi0007.DBF
ALP2,10ALP2,0,00,00,38,10,171.00,510,181.00,179.00,19.311280,2.468900,1000.00,cifi0007.DBF
ALP2,10ALP2,0,00,00,38,11,196.00,565,204.00,202.00,19.311280,2.468900,1000.00,cifi0007.DBF
ALP2,10ALP2,0,00,00,38,12,221.00,617,229.00,226.00,19.311280,2.468900,1000.00,cifi0007.DBF
ALP2,10ALP2,0,00,00,38,13,248.00,670,254.00,251.00,19.311280,2.468900,1000.00,cifi0007.DBF
ALP2,10ALP2,0,00,00,38,14,275.00,719,281.00,277.00,19.311280,2.468900,1000.00,cifi0007.DBF
ALP2,10ALP2,0,00,00,38,15,303.00,768,308.00,304.00,19.311280,2.468900,1000.00,cifi0007.DBF
ALP2,10ALP2,0,00,00,38,16,332.00,815,336.00,332.00,19.311280,2.468900,1000.00,cifi0007.DBF
ALP2,10ALP2,0,00,00,38,17,363.00,864,366.00,361.00,19.311280,2.468900,1000.00,cifi0007.DBF
ALP2,10ALP2,0,00,00,38,18,394.00,910,396.00,391.00,19.311280,2.468900,1000.00,cifi0007.DBF
ALP2,10ALP2,0,00,00,38,19,427.00,957,427.00,421.00,19.311280,2.468900,1000.00,cifi0007.DBF
ALP2,10ALP2,0,00,00,38,20,460.00,9999,460.00,453.00,19.311280,2.468900,1000.00,cifi0007.DBF
ALP2,10ALP2,0,00,00,38,60,488.00,9999,,,,,0.00,cifi0007.DBF
ALP2,10ALP2,0,00,00,38,65,558.00,9999,,,,,0.00,cifi0007.DBF
ALP2,10ALP2,0,00,00,39,1,0.00,0,0.00,1.00,20.075000,2.669857,1000.00,cifi0007.DBF
ALP2,10ALP2,0,00,00,39,2,4.00,16,18.00,19.00,20.075000,2.669857,1000.00,cifi0007.DBF
ALP2,10ALP2,0,00,00,39,3,23.00,85,37.00,38.00,20.075000,2.669857,1000.00,cifi0007.DBF
ALP2,10ALP2,0,00,00,39,4,43.00,152,56.00,57.00,20.075000,2.669857,1000.00,cifi0007.DBF
ALP2,10ALP2,0,00,00,39,5,63.00,216,76.00,76.00,20.075000,2.669857,1000.00,cifi0007.DBF
ALP2,10ALP2,0,00,00,39,6,84.00,278,96.00,96.00,20.075000,2.669857,1000.00,cifi0007.DBF
ALP2,10ALP2,0,00,00,39,7,106.00,338,118.00,117.00,20.075000,2.669857,1000.00,cifi0007.DBF
ALP2,10ALP2,0,00,00,39,8,129.00,398,140.00,139.00,20.075000,2.669857,1000.00,cifi0007.DBF
ALP2,10ALP2,0,00,00,39,9,153.00,456,163.00,162.00,20.075000,2.669857,1000.00,cifi0007.DBF
ALP2,10ALP2,0,00,00,39,10,177.00,511,186.00,185.00,20.075000,2.669857,1000.00,cifi0007.DBF
ALP2,10ALP2,0,00,00,39,11,202.00,564,211.00,209.00,20.075000,2.669857,1000.00,cifi0007.DBF
ALP2,10ALP2,0,00,00,39,12,228.00,616,236.00,234.00,20.075000,2.669857,1000.00,cifi0007.DBF
ALP2,10ALP2,0,00,00,39,13,255.00,667,262.00,259.00,20.075000,2.669857,1000.00,cifi0007.DBF
ALP2,10ALP2,0,00,00,39,14,283.00,717,289.00,286.00,20.075000,2.669857,1000.00,cifi0007.DBF
ALP2,10ALP2,0,00,00,39,15,312.00,766,317.00,313.00,20.075000,2.669857,1000.00,cifi0007.DBF
ALP2,10ALP2,0,00,00,39,16,342.00,814,346.00,342.00,20.075000,2.669857,1000.00,cifi0007.DBF
ALP2,10ALP2,0,00,00,39,17,373.00,861,376.00,371.00,20.075000,2.669857,1000.00,cifi0007.DBF
ALP2,10ALP2,0,00,00,39,18,406.00,910,408.00,402.00,20.075000,2.669857,1000.00,cifi0007.DBF
ALP2,10ALP2,0,00,00,39,19,439.00,955,440.00,434.00,20.075000,2.669857,1000.00,cifi0007.DBF
ALP2,10ALP2,0,00,00,39,20,474.00,9999,473.00,467.00,20.075000,2.669857,1000.00,cifi0007.DBF
ALP2,10ALP2,0,00,00,39,60,488.00,9999,,,,,0.00,cifi0007.DBF
ALP2,10ALP2,0,00,00,39,65,558.00,9999,,,,,0.00,cifi0007.DBF
ALP2,10ALP2,0,00,00,40,1,0.00,0,0.00,1.00,20.869150,2.889952,1000.00,cifi0007.DBF
ALP2,10ALP2,0,00,00,40,2,4.00,15,19.00,20.00,20.869150,2.889952,1000.00,cifi0007.DBF
ALP2,10ALP2,0,00,00,40,3,24.00,85,38.00,39.00,20.869150,2.889952,1000.00,cifi0007.DBF
ALP2,10ALP2,0,00,00,40,4,44.00,151,58.00,58.00,20.869150,2.889952,1000.00,cifi0007.DBF
ALP2,10ALP2,0,00,00,40,5,65.00,215,78.00,78.00,20.869150,2.889952,1000.00,cifi0007.DBF
ALP2,10ALP2,0,00,00,40,6,87.00,278,99.00,99.00,20.869150,2.889952,1000.00,cifi0007.DBF
ALP2,10ALP2,0,00,00,40,7,110.00,339,121.00,120.00,20.869150,2.889952,1000.00,cifi0007.DBF
ALP2,10ALP2,0,00,00,40,8,133.00,397,144.00,143.00,20.869150,2.889952,1000.00,cifi0007.DBF
ALP2,10ALP2,0,00,00,40,9,157.00,453,168.00,166.00,20.869150,2.889952,1000.00,cifi0007.DBF
ALP2,10ALP2,0,00,00,40,10,182.00,508,192.00,190.00,20.869150,2.889952,1000.00,cifi0007.DBF
ALP2,10ALP2,0,00,00,40,11,208.00,562,217.00,215.00,20.869150,2.889952,1000.00,cifi0007.DBF
ALP2,10ALP2,0,00,00,40,12,235.00,615,243.00,240.00,20.869150,2.889952,1000.00,cifi0007.DBF
ALP2,10ALP2,0,00,00,40,13,263.00,666,270.00,267.00,20.869150,2.889952,1000.00,cifi0007.DBF
ALP2,10ALP2,0,00,00,40,14,292.00,717,298.00,294.00,20.869150,2.889952,1000.00,cifi0007.DBF
ALP2,10ALP2,0,00,00,40,15,322.00,766,327.00,323.00,20.869150,2.889952,1000.00,cifi0007.DBF
ALP2,10ALP2,0,00,00,40,16,352.00,813,357.00,352.00,20.869150,2.889952,1000.00,cifi0007.DBF
ALP2,10ALP2,0,00,00,40,17,384.00,860,387.00,382.00,20.869150,2.889952,1000.00,cifi0007.DBF
ALP2,10ALP2,0,00,00,40,18,417.00,907,419.00,413.00,20.869150,2.889952,1000.00,cifi0007.DBF
ALP2,10ALP2,0,00,00,40,19,452.00,955,453.00,446.00,20.869150,2.889952,1000.00,cifi0007.DBF
ALP2,10ALP2,0,00,00,40,20,488.00,9999,487.00,480.00,20.869150,2.889952,1000.00,cifi0007.DBF
ALP2,10ALP2,0,00,00,40,65,558.00,9999,,,,,0.00,cifi0007.DBF
ALP2,10ALP2,0,00,00,41,1,0.00,0,0.00,2.00,21.693530,3.148326,1000.00,cifi0007.DBF
ALP2,10ALP2,0,00,00,41,2,4.00,15,19.00,20.00,21.693530,3.148326,1000.00,cifi0007.DBF
ALP2,10ALP2,0,00,00,41,3,24.00,82,39.00,40.00,21.693530,3.148326,1000.00,cifi0007.DBF
ALP2,10ALP2,0,00,00,41,4,45.00,149,59.00,60.00,21.693530,3.148326,1000.00,cifi0007.DBF
ALP2,10ALP2,0,00,00,41,5,67.00,214,81.00,81.00,21.693530,3.148326,1000.00,cifi0007.DBF
ALP2,10ALP2,0,00,00,41,6,90.00,278,103.00,103.00,21.693530,3.148326,1000.00,cifi0007.DBF
ALP2,10ALP2,0,00,00,41,7,113.00,337,125.00,125.00,21.693530,3.148326,1000.00,cifi0007.DBF
ALP2,10ALP2,0,00,00,41,8,137.00,395,149.00,148.00,21.693530,3.148326,1000.00,cifi0007.DBF
ALP2,10ALP2,0,00,00,41,9,162.00,452,173.00,172.00,21.693530,3.148326,1000.00,cifi0007.DBF
ALP2,10ALP2,0,00,00,41,10,188.00,508,198.00,196.00,21.693530,3.148326,1000.00,cifi0007.DBF
ALP2,10ALP2,0,00,00,41,11,215.00,562,224.00,222.00,21.693530,3.148326,1000.00,cifi0007.DBF
ALP2,10ALP2,0,00,00,41,12,242.00,613,251.00,248.00,21.693530,3.148326,1000.00,cifi0007.DBF
ALP2,10ALP2,0,00,00,41,13,271.00,665,278.00,275.00,21.693530,3.148326,1000.00,cifi0007.DBF
ALP2,10ALP2,0,00,00,41,14,300.00,714,307.00,303.00,21.693530,3.148326,1000.00,cifi0007.DBF
ALP2,10ALP2,0,00,00,41,15,331.00,764,336.00,332.00,21.693530,3.148326,1000.00,cifi0007.DBF
ALP2,10ALP2,0,00,00,41,16,363.00,813,367.00,362.00,21.693530,3.148326,1000.00,cifi0007.DBF
ALP2,10ALP2,0,00,00,41,17,395.00,859,398.00,393.00,21.693530,3.148326,1000.00,cifi0007.DBF
ALP2,10ALP2,0,00,00,41,18,429.00,907,431.00,425.00,21.693530,3.148326,1000.00,cifi0007.DBF
ALP2,10ALP2,0,00,00,41,19,465.00,955,466.00,459.00,21.693530,3.148326,1000.00,cifi0007.DBF
ALP2,10ALP2,0,00,00,41,20,502.00,9999,501.00,494.00,21.693530,3.148326,1000.00,cifi0007.DBF
ALP2,10ALP2,0,00,00,41,65,558.00,9999,,,,,0.00,cifi0007.DBF
ALP2,10ALP2,0,00,00,42,1,0.00,0,0.00,2.00,22.551400,3.406699,1000.00,cifi0007.DBF
ALP2,10ALP2,0,00,00,42,2,4.00,14,20.00,21.00,22.551400,3.406699,1000.00,cifi0007.DBF
ALP2,10ALP2,0,00,00,42,3,25.00,83,40.00,41.00,22.551400,3.406699,1000.00,cifi0007.DBF
ALP2,10ALP2,0,00,00,42,4,47.00,150,61.00,62.00,22.551400,3.406699,1000.00,cifi0007.DBF
ALP2,10ALP2,0,00,00,42,5,69.00,213,83.00,83.00,22.551400,3.406699,1000.00,cifi0007.DBF
ALP2,10ALP2,0,00,00,42,6,93.00,278,106.00,106.00,22.551400,3.406699,1000.00,cifi0007.DBF
ALP2,10ALP2,0,00,00,42,7,117.00,338,129.00,129.00,22.551400,3.406699,1000.00,cifi0007.DBF
ALP2,10ALP2,0,00,00,42,8,142.00,397,153.00,152.00,22.551400,3.406699,1000.00,cifi0007.DBF
ALP2,10ALP2,0,00,00,42,9,167.00,451,178.00,177.00,22.551400,3.406699,1000.00,cifi0007.DBF
ALP2,10ALP2,0,00,00,42,10,194.00,508,204.00,202.00,22.551400,3.406699,1000.00,cifi0007.DBF
ALP2,10ALP2,0,00,00,42,11,221.00,560,230.00,228.00,22.551400,3.406699,1000.00,cifi0007.DBF
ALP2,10ALP2,0,00,00,42,12,250.00,614,258.00,255.00,22.551400,3.406699,1000.00,cifi0007.DBF
ALP2,10ALP2,0,00,00,42,13,279.00,664,286.00,283.00,22.551400,3.406699,1000.00,cifi0007.DBF
ALP2,10ALP2,0,00,00,42,14,309.00,713,316.00,312.00,22.551400,3.406699,1000.00,cifi0007.DBF
ALP2,10ALP2,0,00,00,42,15,340.00,762,346.00,342.00,22.551400,3.406699,1000.00,cifi0007.DBF
ALP2,10ALP2,0,00,00,42,16,373.00,811,377.00,373.00,22.551400,3.406699,1000.00,cifi0007.DBF
ALP2,10ALP2,0,00,00,42,17,406.00,858,410.00,405.00,22.551400,3.406699,1000.00,cifi0007.DBF
ALP2,10ALP2,0,00,00,42,18,441.00,906,443.00,438.00,22.551400,3.406699,1000.00,cifi0007.DBF
ALP2,10ALP2,0,00,00,42,19,478.00,954,479.00,472.00,22.551400,3.406699,1000.00,cifi0007.DBF
ALP2,10ALP2,0,00,00,42,20,516.00,9999,515.00,508.00,22.551400,3.406699,1000.00,cifi0007.DBF
ALP2,10ALP2,0,00,00,42,65,558.00,9999,,,,,0.00,cifi0007.DBF
ALP2,10ALP2,0,00,00,43,1,0.00,0,0.00,2.00,23.443290,3.703349,1000.00,cifi0007.DBF
ALP2,10ALP2,0,00,00,43,2,4.00,14,20.00,22.00,23.443290,3.703349,1000.00,cifi0007.DBF
ALP2,10ALP2,0,00,00,43,3,26.00,83,41.00,42.00,23.443290,3.703349,1000.00,cifi0007.DBF
ALP2,10ALP2,0,00,00,43,4,48.00,148,63.00,64.00,23.443290,3.703349,1000.00,cifi0007.DBF
ALP2,10ALP2,0,00,00,43,5,72.00,215,86.00,86.00,23.443290,3.703349,1000.00,cifi0007.DBF
ALP2,10ALP2,0,00,00,43,6,96.00,277,109.00,109.00,23.443290,3.703349,1000.00,cifi0007.DBF
ALP2,10ALP2,0,00,00,43,7,120.00,335,133.00,133.00,23.443290,3.703349,1000.00,cifi0007.DBF
ALP2,10ALP2,0,00,00,43,8,146.00,395,158.00,157.00,23.443290,3.703349,1000.00,cifi0007.DBF
ALP2,10ALP2,0,00,00,43,9,172.00,450,183.00,182.00,23.443290,3.703349,1000.00,cifi0007.DBF
ALP2,10ALP2,0,00,00,43,10,200.00,507,210.00,208.00,23.443290,3.703349,1000.00,cifi0007.DBF
ALP2,10ALP2,0,00,00,43,11,228.00,560,237.00,235.00,23.443290,3.703349,1000.00,cifi0007.DBF
ALP2,10ALP2,0,00,00,43,12,257.00,612,265.00,263.00,23.443290,3.703349,1000.00,cifi0007.DBF
ALP2,10ALP2,0,00,00,43,13,287.00,663,294.00,291.00,23.443290,3.703349,1000.00,cifi0007.DBF
ALP2,10ALP2,0,00,00,43,14,318.00,713,324.00,321.00,23.443290,3.703349,1000.00,cifi0007.DBF
ALP2,10ALP2,0,00,00,43,15,350.00,761,355.00,351.00,23.443290,3.703349,1000.00,cifi0007.DBF
ALP2,10ALP2,0,00,00,43,16,383.00,809,388.00,383.00,23.443290,3.703349,1000.00,cifi0007.DBF
ALP2,10ALP2,0,00,00,43,17,418.00,858,421.00,416.00,23.443290,3.703349,1000.00,cifi0007.DBF
ALP2,10ALP2,0,00,00,43,18,453.00,904,456.00,450.00,23.443290,3.703349,1000.00,cifi0007.DBF
ALP2,10ALP2,0,00,00,43,19,491.00,954,492.00,486.00,23.443290,3.703349,1000.00,cifi0007.DBF
ALP2,10ALP2,0,00,00,43,20,530.00,9999,529.00,522.00,23.443290,3.703349,1000.00,cifi0007.DBF
ALP2,10ALP2,0,00,00,43,65,558.00,9999,,,,,0.00,cifi0007.DBF
ALP2,10ALP2,0,00,00,44,1,0.00,0,0.00,2.00,24.372490,4.009570,1000.00,cifi0007.DBF
ALP2,10ALP2,0,00,00,44,2,5.00,16,21.00,23.00,24.372490,4.009570,1000.00,cifi0007.DBF
ALP2,10ALP2,0,00,00,44,3,27.00,84,43.00,44.00,24.372490,4.009570,1000.00,cifi0007.DBF
ALP2,10ALP2,0,00,00,44,4,50.00,150,65.00,66.00,24.372490,4.009570,1000.00,cifi0007.DBF
ALP2,10ALP2,0,00,00,44,5,74.00,214,88.00,89.00,24.372490,4.009570,1000.00,cifi0007.DBF
ALP2,10ALP2,0,00,00,44,6,98.00,274,112.00,112.00,24.372490,4.009570,1000.00,cifi0007.DBF
ALP2,10ALP2,0,00,00,44,7,124.00,335,137.00,137.00,24.372490,4.009570,1000.00,cifi0007.DBF
ALP2,10ALP2,0,00,00,44,8,150.00,393,162.00,162.00,24.372490,4.009570,1000.00,cifi0007.DBF
ALP2,10ALP2,0,00,00,44,9,177.00,449,189.00,188.00,24.372490,4.009570,1000.00,cifi0007.DBF
ALP2,10ALP2,0,00,00,44,10,205.00,503,216.00,215.00,24.372490,4.009570,1000.00,cifi0007.DBF
ALP2,10ALP2,0,00,00,44,11,234.00,557,244.00,242.00,24.372490,4.009570,1000.00,cifi0007.DBF
ALP2,10ALP2,0,00,00,44,12,264.00,610,273.00,271.00,24.372490,4.009570,1000.00,cifi0007.DBF
ALP2,10ALP2,0,00,00,44,13,295.00,661,302.00,300.00,24.372490,4.009570,1000.00,cifi0007.DBF
ALP2,10ALP2,0,00,00,44,14,326.00,709,333.00,330.00,24.372490,4.009570,1000.00,cifi0007.DBF
ALP2,10ALP2,0,00,00,44,15,359.00,759,365.00,361.00,24.372490,4.009570,1000.00,cifi0007.DBF
ALP2,10ALP2,0,00,00,44,16,393.00,807,398.00,394.00,24.372490,4.009570,1000.00,cifi0007.DBF
ALP2,10ALP2,0,00,00,44,17,429.00,857,432.00,427.00,24.372490,4.009570,1000.00,cifi0007.DBF
ALP2,10ALP2,0,00,00,44,18,466.00,905,468.00,462.00,24.372490,4.009570,1000.00,cifi0007.DBF
ALP2,10ALP2,0,00,00,44,19,504.00,953,505.00,499.00,24.372490,4.009570,1000.00,cifi0007.DBF
ALP2,10ALP2,0,00,00,44,20,544.00,9999,544.00,537.00,24.372490,4.009570,1000.00,cifi0007.DBF
ALP2,10ALP2,0,00,00,44,65,558.00,9999,,,,,0.00,cifi0007.DBF
ALP2,10ALP2,0,00,00,45,1,0.00,0,0.00,2.00,25.340560,4.354068,1000.00,cifi0007.DBF
ALP2,10ALP2,0,00,00,45,2,5.00,16,22.00,24.00,25.340560,4.354068,1000.00,cifi0007.DBF
ALP2,10ALP2,0,00,00,45,3,28.00,84,44.00,46.00,25.340560,4.354068,1000.00,cifi0007.DBF
ALP2,10ALP2,0,00,00,45,4,52.00,150,67.00,68.00,25.340560,4.354068,1000.00,cifi0007.DBF
ALP2,10ALP2,0,00,00,45,5,76.00,212,91.00,92.00,25.340560,4.354068,1000.00,cifi0007.DBF
ALP2,10ALP2,0,00,00,45,6,101.00,273,116.00,116.00,25.340560,4.354068,1000.00,cifi0007.DBF
ALP2,10ALP2,0,00,00,45,7,128.00,335,141.00,141.00,25.340560,4.354068,1000.00,cifi0007.DBF
ALP2,10ALP2,0,00,00,45,8,155.00,393,167.00,167.00,25.340560,4.354068,1000.00,cifi0007.DBF
ALP2,10ALP2,0,00,00,45,9,182.00,447,194.00,193.00,25.340560,4.354068,1000.00,cifi0007.DBF
ALP2,10ALP2,0,00,00,45,10,211.00,502,222.00,221.00,25.340560,4.354068,1000.00,cifi0007.DBF
ALP2,10ALP2,0,00,00,45,11,241.00,557,251.00,249.00,25.340560,4.354068,1000.00,cifi0007.DBF
ALP2,10ALP2,0,00,00,45,12,271.00,607,280.00,278.00,25.340560,4.354068,1000.00,cifi0007.DBF
ALP2,10ALP2,0,00,00,45,13,303.00,659,311.00,308.00,25.340560,4.354068,1000.00,cifi0007.DBF
ALP2,10ALP2,0,00,00,45,14,335.00,708,342.00,339.00,25.340560,4.354068,1000.00,cifi0007.DBF
ALP2,10ALP2,0,00,00,45,15,369.00,758,375.00,371.00,25.340560,4.354068,1000.00,cifi0007.DBF
ALP2,10ALP2,0,00,00,45,16,404.00,807,409.00,405.00,25.340560,4.354068,1000.00,cifi0007.DBF
ALP2,10ALP2,0,00,00,45,17,440.00,855,444.00,439.00,25.340560,4.354068,1000.00,cifi0007.DBF
ALP2,10ALP2,0,00,00,45,18,478.00,904,480.00,475.00,25.340560,4.354068,1000.00,cifi0007.DBF
ALP2,10ALP2,0,00,00,45,19,517.00,952,518.00,512.00,25.340560,4.354068,1000.00,cifi0007.DBF
ALP2,10ALP2,0,00,00,45,20,558.00,9999,558.00,551.00,25.340560,4.354068,1000.00,cifi0007.DBF
ALP2,10ALP2,0,00,00,46,1,0.00,0,0.00,2.00,26.351470,4.708134,1000.00,cifi0007.DBF
ALP2,10ALP2,0,00,00,46,2,5.00,15,22.00,24.00,26.351470,4.708134,1000.00,cifi0007.DBF
ALP2,10ALP2,0,00,00,46,3,29.00,84,45.00,47.00,26.351470,4.708134,1000.00,cifi0007.DBF
ALP2,10ALP2,0,00,00,46,4,53.00,148,69.00,70.00,26.351470,4.708134,1000.00,cifi0007.DBF
ALP2,10ALP2,0,00,00,46,5,78.00,211,94.00,95.00,26.351470,4.708134,1000.00,cifi0007.DBF
ALP2,10ALP2,0,00,00,46,6,105.00,275,119.00,120.00,26.351470,4.708134,1000.00,cifi0007.DBF
ALP2,10ALP2,0,00,00,46,7,131.00,332,145.00,145.00,26.351470,4.708134,1000.00,cifi0007.DBF
ALP2,10ALP2,0,00,00,46,8,159.00,391,172.00,172.00,26.351470,4.708134,1000.00,cifi0007.DBF
ALP2,10ALP2,0,00,00,46,9,188.00,448,200.00,199.00,26.351470,4.708134,1000.00,cifi0007.DBF
ALP2,10ALP2,0,00,00,46,10,217.00,501,228.00,227.00,26.351470,4.708134,1000.00,cifi0007.DBF
ALP2,10ALP2,0,00,00,46,11,247.00,554,257.00,256.00,26.351470,4.708134,1000.00,cifi0007.DBF
ALP2,10ALP2,0,00,00,46,12,278.00,605,288.00,286.00,26.351470,4.708134,1000.00,cifi0007.DBF
ALP2,10ALP2,0,00,00,46,13,311.00,657,319.00,317.00,26.351470,4.708134,1000.00,cifi0007.DBF
ALP2,10ALP2,0,00,00,46,14,344.00,707,351.00,348.00,26.351470,4.708134,1000.00,cifi0007.DBF
ALP2,10ALP2,0,00,00,46,15,378.00,755,385.00,381.00,26.351470,4.708134,1000.00,cifi0007.DBF
ALP2,10ALP2,0,00,00,46,16,414.00,804,419.00,415.00,26.351470,4.708134,1000.00,cifi0007.DBF
ALP2,10ALP2,0,00,00,46,17,451.00,853,455.00,450.00,26.351470,4.708134,1000.00,cifi0007.DBF
ALP2,10ALP2,0,00,00,46,18,490.00,902,493.00,487.00,26.351470,4.708134,1000.00,cifi0007.DBF
ALP2,10ALP2,0,00,00,46,19,530.00,951,531.00,525.00,26.351470,4.708134,1000.00,cifi0007.DBF
ALP2,10ALP2,0,00,00,46,20,572.00,9999,572.00,565.00,26.351470,4.708134,1000.00,cifi0007.DBF
ALP2,10ALP2,0,00,00,47,1,0.00,0,0.00,3.00,27.408650,5.090910,1000.00,cifi0007.DBF
ALP2,10ALP2,0,00,00,47,2,5.00,15,23.00,25.00,27.408650,5.090910,1000.00,cifi0007.DBF
ALP2,10ALP2,0,00,00,47,3,30.00,84,47.00,49.00,27.408650,5.090910,1000.00,cifi0007.DBF
ALP2,10ALP2,0,00,00,47,4,55.00,149,71.00,73.00,27.408650,5.090910,1000.00,cifi0007.DBF
ALP2,10ALP2,0,00,00,47,5,81.00,212,97.00,98.00,27.408650,5.090910,1000.00,cifi0007.DBF
ALP2,10ALP2,0,00,00,47,6,108.00,274,123.00,124.00,27.408650,5.090910,1000.00,cifi0007.DBF
ALP2,10ALP2,0,00,00,47,7,135.00,332,149.00,150.00,27.408650,5.090910,1000.00,cifi0007.DBF
ALP2,10ALP2,0,00,00,47,8,163.00,388,177.00,177.00,27.408650,5.090910,1000.00,cifi0007.DBF
ALP2,10ALP2,0,00,00,47,9,193.00,446,205.00,205.00,27.408650,5.090910,1000.00,cifi0007.DBF
ALP2,10ALP2,0,00,00,47,10,223.00,500,234.00,233.00,27.408650,5.090910,1000.00,cifi0007.DBF
ALP2,10ALP2,0,00,00,47,11,254.00,553,264.00,263.00,27.408650,5.090910,1000.00,cifi0007.DBF
ALP2,10ALP2,0,00,00,47,12,285.00,602,295.00,293.00,27.408650,5.090910,1000.00,cifi0007.DBF
ALP2,10ALP2,0,00,00,47,13,318.00,653,327.00,325.00,27.408650,5.090910,1000.00,cifi0007.DBF
ALP2,10ALP2,0,00,00,47,14,353.00,705,360.00,357.00,27.408650,5.090910,1000.00,cifi0007.DBF
ALP2,10ALP2,0,00,00,47,15,388.00,754,394.00,391.00,27.408650,5.090910,1000.00,cifi0007.DBF
ALP2,10ALP2,0,00,00,47,16,425.00,803,430.00,426.00,27.408650,5.090910,1000.00,cifi0007.DBF
ALP2,10ALP2,0,00,00,47,17,463.00,852,467.00,462.00,27.408650,5.090910,1000.00,cifi0007.DBF
ALP2,10ALP2,0,00,00,47,18,502.00,901,505.00,500.00,27.408650,5.090910,1000.00,cifi0007.DBF
ALP2,10ALP2,0,00,00,47,19,544.00,952,545.00,539.00,27.408650,5.090910,1000.00,cifi0007.DBF
ALP2,10ALP2,0,00,00,47,20,587.00,9999,586.00,579.00,27.408650,5.090910,1000.00,cifi0007.DBF
ALP2,10ALP2,0,00,00,48,1,0.00,0,0.00,3.00,28.516880,5.492823,1000.00,cifi0007.DBF
ALP2,10ALP2,0,00,00,48,2,5.00,14,24.00,26.00,28.516880,5.492823,1000.00,cifi0007.DBF
ALP2,10ALP2,0,00,00,48,3,30.00,81,48.00,50.00,28.516880,5.492823,1000.00,cifi0007.DBF
ALP2,10ALP2,0,00,00,48,4,56.00,147,73.00,75.00,28.516880,5.492823,1000.00,cifi0007.DBF
ALP2,10ALP2,0,00,00,48,5,83.00,211,99.00,100.00,28.516880,5.492823,1000.00,cifi0007.DBF
ALP2,10ALP2,0,00,00,48,6,111.00,273,126.00,127.00,28.516880,5.492823,1000.00,cifi0007.DBF
ALP2,10ALP2,0,00,00,48,7,139.00,331,153.00,154.00,28.516880,5.492823,1000.00,cifi0007.DBF
ALP2,10ALP2,0,00,00,48,8,168.00,388,182.00,182.00,28.516880,5.492823,1000.00,cifi0007.DBF
ALP2,10ALP2,0,00,00,48,9,198.00,444,210.00,210.00,28.516880,5.492823,1000.00,cifi0007.DBF
ALP2,10ALP2,0,00,00,48,10,228.00,496,240.00,239.00,28.516880,5.492823,1000.00,cifi0007.DBF
ALP2,10ALP2,0,00,00,48,11,260.00,550,271.00,270.00,28.516880,5.492823,1000.00,cifi0007.DBF
ALP2,10ALP2,0,00,00,48,12,293.00,602,303.00,301.00,28.516880,5.492823,1000.00,cifi0007.DBF
ALP2,10ALP2,0,00,00,48,13,326.00,651,335.00,333.00,28.516880,5.492823,1000.00,cifi0007.DBF
ALP2,10ALP2,0,00,00,48,14,361.00,701,369.00,366.00,28.516880,5.492823,1000.00,cifi0007.DBF
ALP2,10ALP2,0,00,00,48,15,398.00,752,404.00,401.00,28.516880,5.492823,1000.00,cifi0007.DBF
ALP2,10ALP2,0,00,00,48,16,435.00,801,440.00,436.00,28.516880,5.492823,1000.00,cifi0007.DBF
ALP2,10ALP2,0,00,00,48,17,474.00,850,478.00,473.00,28.516880,5.492823,1000.00,cifi0007.DBF
ALP2,10ALP2,0,00,00,48,18,514.00,899,517.00,512.00,28.516880,5.492823,1000.00,cifi0007.DBF
ALP2,10ALP2,0,00,00,48,19,557.00,951,558.00,552.00,28.516880,5.492823,1000.00,cifi0007.DBF
ALP2,10ALP2,0,00,00,48,20,601.00,9999,600.00,593.00,28.516880,5.492823,1000.00,cifi0007.DBF
ALP2,10ALP2,0,00,00,49,1,0.00,0,0.00,3.00,29.679180,5.942584,1000.00,cifi0007.DBF
ALP2,10ALP2,0,00,00,49,2,5.00,14,24.00,27.00,29.679180,5.942584,1000.00,cifi0007.DBF
ALP2,10ALP2,0,00,00,49,3,31.00,82,50.00,52.00,29.679180,5.942584,1000.00,cifi0007.DBF
ALP2,10ALP2,0,00,00,49,4,58.00,147,76.00,78.00,29.679180,5.942584,1000.00,cifi0007.DBF
ALP2,10ALP2,0,00,00,49,5,85.00,209,102.00,104.00,29.679180,5.942584,1000.00,cifi0007.DBF
ALP2,10ALP2,0,00,00,49,6,113.00,269,129.00,130.00,29.679180,5.942584,1000.00,cifi0007.DBF
ALP2,10ALP2,0,00,00,49,7,142.00,328,157.00,158.00,29.679180,5.942584,1000.00,cifi0007.DBF
ALP2,10ALP2,0,00,00,49,8,172.00,386,186.00,186.00,29.679180,5.942584,1000.00,cifi0007.DBF
ALP2,10ALP2,0,00,00,49,9,202.00,440,216.00,216.00,29.679180,5.942584,1000.00,cifi0007.DBF
ALP2,10ALP2,0,00,00,49,10,234.00,495,246.00,246.00,29.679180,5.942584,1000.00,cifi0007.DBF
ALP2,10ALP2,0,00,00,49,11,266.00,546,278.00,277.00,29.679180,5.942584,1000.00,cifi0007.DBF
ALP2,10ALP2,0,00,00,49,12,300.00,599,310.00,309.00,29.679180,5.942584,1000.00,cifi0007.DBF
ALP2,10ALP2,0,00,00,49,13,334.00,649,344.00,342.00,29.679180,5.942584,1000.00,cifi0007.DBF
ALP2,10ALP2,0,00,00,49,14,370.00,700,378.00,376.00,29.679180,5.942584,1000.00,cifi0007.DBF
ALP2,10ALP2,0,00,00,49,15,407.00,749,414.00,411.00,29.679180,5.942584,1000.00,cifi0007.DBF
ALP2,10ALP2,0,00,00,49,16,445.00,798,451.00,447.00,29.679180,5.942584,1000.00,cifi0007.DBF
ALP2,10ALP2,0,00,00,49,17,485.00,848,489.00,485.00,29.679180,5.942584,1000.00,cifi0007.DBF
ALP2,10ALP2,0,00,00,49,18,526.00,898,529.00,524.00,29.679180,5.942584,1000.00,cifi0007.DBF
ALP2,10ALP2,0,00,00,49,19,570.00,950,571.00,565.00,29.679180,5.942584,1000.00,cifi0007.DBF
ALP2,10ALP2,0,00,00,49,20,615.00,9999,615.00,608.00,29.679180,5.942584,1000.00,cifi0007.DBF
ALP2,10ALP2,0,00,00,50,1,0.00,0,0.00,3.00,30.900910,6.421053,1000.00,cifi0007.DBF
ALP2,10ALP2,0,00,00,50,2,5.00,14,25.00,28.00,30.900910,6.421053,1000.00,cifi0007.DBF
ALP2,10ALP2,0,00,00,50,3,32.00,82,51.00,53.00,30.900910,6.421053,1000.00,cifi0007.DBF
ALP2,10ALP2,0,00,00,50,4,59.00,145,78.00,80.00,30.900910,6.421053,1000.00,cifi0007.DBF
ALP2,10ALP2,0,00,00,50,5,87.00,207,105.00,107.00,30.900910,6.421053,1000.00,cifi0007.DBF
ALP2,10ALP2,0,00,00,50,6,116.00,268,133.00,134.00,30.900910,6.421053,1000.00,cifi0007.DBF
ALP2,10ALP2,0,00,00,50,7,146.00,327,161.00,162.00,30.900910,6.421053,1000.00,cifi0007.DBF
ALP2,10ALP2,0,00,00,50,8,176.00,383,191.00,191.00,30.900910,6.421053,1000.00,cifi0007.DBF
ALP2,10ALP2,0,00,00,50,9,207.00,438,221.00,221.00,30.900910,6.421053,1000.00,cifi0007.DBF
ALP2,10ALP2,0,00,00,50,10,240.00,493,252.00,252.00,30.900910,6.421053,1000.00,cifi0007.DBF
ALP2,10ALP2,0,00,00,50,11,273.00,545,284.00,283.00,30.900910,6.421053,1000.00,cifi0007.DBF
ALP2,10ALP2,0,00,00,50,12,307.00,596,318.00,316.00,30.900910,6.421053,1000.00,cifi0007.DBF
ALP2,10ALP2,0,00,00,50,13,342.00,647,352.00,350.00,30.900910,6.421053,1000.00,cifi0007.DBF
ALP2,10ALP2,0,00,00,50,14,379.00,698,387.00,385.00,30.900910,6.421053,1000.00,cifi0007.DBF
ALP2,10ALP2,0,00,00,50,15,416.00,746,423.00,420.00,30.900910,6.421053,1000.00,cifi0007.DBF
ALP2,10ALP2,0,00,00,50,16,455.00,796,461.00,457.00,30.900910,6.421053,1000.00,cifi0007.DBF
ALP2,10ALP2,0,00,00,50,17,496.00,847,500.00,496.00,30.900910,6.421053,1000.00,cifi0007.DBF
ALP2,10ALP2,0,00,00,50,18,538.00,897,541.00,536.00,30.900910,6.421053,1000.00,cifi0007.DBF
ALP2,10ALP2,0,00,00,50,19,582.00,947,584.00,578.00,30.900910,6.421053,1000.00,cifi0007.DBF
ALP2,10ALP2,0,00,00,50,20,629.00,9999,529.00,622.00,30.900910,6.421053,1000.00,cifi0007.DBF
ALP2,10ALP2,0,00,00,51,1,0.00,0,0.00,3.00,32.183350,6.985646,1000.00,cifi0007.DBF
ALP2,10ALP2,0,00,00,51,2,5.00,13,26.00,29.00,32.183350,6.985646,1000.00,cifi0007.DBF
ALP2,10ALP2,0,00,00,51,3,33.00,81,52.00,55.00,32.183350,6.985646,1000.00,cifi0007.DBF
ALP2,10ALP2,0,00,00,51,4,61.00,146,80.00,82.00,32.183350,6.985646,1000.00,cifi0007.DBF
ALP2,10ALP2,0,00,00,51,5,89.00,206,107.00,110.00,32.183350,6.985646,1000.00,cifi0007.DBF
ALP2,10ALP2,0,00,00,51,6,119.00,267,136.00,138.00,32.183350,6.985646,1000.00,cifi0007.DBF
ALP2,10ALP2,0,00,00,51,7,149.00,324,165.00,167.00,32.183350,6.985646,1000.00,cifi0007.DBF
ALP2,10ALP2,0,00,00,51,8,180.00,381,196.00,197.00,32.183350,6.985646,1000.00,cifi0007.DBF
ALP2,10ALP2,0,00,00,51,9,212.00,436,227.00,228.00,32.183350,6.985646,1000.00,cifi0007.DBF
ALP2,10ALP2,0,00,00,51,10,245.00,489,258.00,259.00,32.183350,6.985646,1000.00,cifi0007.DBF
ALP2,10ALP2,0,00,00,51,11,279.00,542,291.00,291.00,32.183350,6.985646,1000.00,cifi0007.DBF
ALP2,10ALP2,0,00,00,51,12,314.00,594,325.00,324.00,32.183350,6.985646,1000.00,cifi0007.DBF
ALP2,10ALP2,0,00,00,51,13,350.00,644,360.00,359.00,32.183350,6.985646,1000.00,cifi0007.DBF
ALP2,10ALP2,0,00,00,51,14,387.00,694,396.00,394.00,32.183350,6.985646,1000.00,cifi0007.DBF
ALP2,10ALP2,0,00,00,51,15,425.00,744,433.00,431.00,32.183350,6.985646,1000.00,cifi0007.DBF
ALP2,10ALP2,0,00,00,51,16,465.00,794,471.00,468.00,32.183350,6.985646,1000.00,cifi0007.DBF
ALP2,10ALP2,0,00,00,51,17,506.00,843,511.00,507.00,32.183350,6.985646,1000.00,cifi0007.DBF
ALP2,10ALP2,0,00,00,51,18,550.00,895,553.00,548.00,32.183350,6.985646,1000.00,cifi0007.DBF
ALP2,10ALP2,0,00,00,51,19,595.00,947,597.00,591.00,32.183350,6.985646,1000.00,cifi0007.DBF
ALP2,10ALP2,0,00,00,51,20,644.00,9999,643.00,636.00,32.183350,6.985646,1000.00,cifi0007.DBF
ALP2,10ALP2,0,00,00,52,1,0.00,0,0.00,4.00,33.529970,7.617225,1000.00,cifi0007.DBF
ALP2,10ALP2,0,00,00,52,2,5.00,13,27.00,30.00,33.529970,7.617225,1000.00,cifi0007.DBF
ALP2,10ALP2,0,00,00,52,3,33.00,79,54.00,57.00,33.529970,7.617225,1000.00,cifi0007.DBF
ALP2,10ALP2,0,00,00,52,4,62.00,144,82.00,85.00,33.529970,7.617225,1000.00,cifi0007.DBF
ALP2,10ALP2,0,00,00,52,5,91.00,204,110.00,113.00,33.529970,7.617225,1000.00,cifi0007.DBF
ALP2,10ALP2,0,00,00,52,6,122.00,266,139.00,141.00,33.529970,7.617225,1000.00,cifi0007.DBF
ALP2,10ALP2,0,00,00,52,7,152.00,322,169.00,171.00,33.529970,7.617225,1000.00,cifi0007.DBF
ALP2,10ALP2,0,00,00,52,8,184.00,378,200.00,201.00,33.529970,7.617225,1000.00,cifi0007.DBF
ALP2,10ALP2,0,00,00,52,9,217.00,434,232.00,233.00,33.529970,7.617225,1000.00,cifi0007.DBF
ALP2,10ALP2,0,00,00,52,10,251.00,488,264.00,265.00,33.529970,7.617225,1000.00,cifi0007.DBF
ALP2,10ALP2,0,00,00,52,11,285.00,539,298.00,298.00,33.529970,7.617225,1000.00,cifi0007.DBF
ALP2,10ALP2,0,00,00,52,12,321.00,591,332.00,332.00,33.529970,7.617225,1000.00,cifi0007.DBF
ALP2,10ALP2,0,00,00,52,13,357.00,641,368.00,367.00,33.529970,7.617225,1000.00,cifi0007.DBF
ALP2,10ALP2,0,00,00,52,14,395.00,691,404.00,403.00,33.529970,7.617225,1000.00,cifi0007.DBF
ALP2,10ALP2,0,00,00,52,15,434.00,741,442.00,440.00,33.529970,7.617225,1000.00,cifi0007.DBF
ALP2,10ALP2,0,00,00,52,16,475.00,792,481.00,478.00,33.529970,7.617225,1000.00,cifi0007.DBF
ALP2,10ALP2,0,00,00,52,17,517.00,842,522.00,518.00,33.529970,7.617225,1000.00,cifi0007.DBF
ALP2,10ALP2,0,00,00,52,18,561.00,893,565.00,560.00,33.529970,7.617225,1000.00,cifi0007.DBF
ALP2,10ALP2,0,00,00,52,19,608.00,946,610.00,604.00,33.529970,7.617225,1000.00,cifi0007.DBF
ALP2,10ALP2,0,00,00,52,20,658.00,9999,657.00,650.00,33.529970,7.617225,1000.00,cifi0007.DBF
ALP2,10ALP2,0,00,00,53,1,0.00,0,0.00,4.00,34.943720,8.334929,1000.00,cifi0007.DBF
ALP2,10ALP2,0,00,00,53,2,5.00,12,27.00,31.00,34.943720,8.334929,1000.00,cifi0007.DBF
ALP2,10ALP2,0,00,00,53,3,34.00,79,55.00,58.00,34.943720,8.334929,1000.00,cifi0007.DBF
ALP2,10ALP2,0,00,00,53,4,63.00,142,84.00,87.00,34.943720,8.334929,1000.00,cifi0007.DBF
ALP2,10ALP2,0,00,00,53,5,93.00,203,113.00,116.00,34.943720,8.334929,1000.00,cifi0007.DBF
ALP2,10ALP2,0,00,00,53,6,124.00,262,143.00,145.00,34.943720,8.334929,1000.00,cifi0007.DBF
ALP2,10ALP2,0,00,00,53,7,156.00,321,173.00,175.00,34.943720,8.334929,1000.00,cifi0007.DBF
ALP2,10ALP2,0,00,00,53,8,188.00,376,205.00,206.00,34.943720,8.334929,1000.00,cifi0007.DBF
ALP2,10ALP2,0,00,00,53,9,222.00,431,237.00,238.00,34.943720,8.334929,1000.00,cifi0007.DBF
ALP2,10ALP2,0,00,00,53,10,256.00,484,271.00,271.00,34.943720,8.334929,1000.00,cifi0007.DBF
ALP2,10ALP2,0,00,00,53,11,291.00,536,305.00,305.00,34.943720,8.334929,1000.00,cifi0007.DBF
ALP2,10ALP2,0,00,00,53,12,327.00,587,339.00,339.00,34.943720,8.334929,1000.00,cifi0007.DBF
ALP2,10ALP2,0,00,00,53,13,365.00,639,375.00,374.00,34.943720,8.334929,1000.00,cifi0007.DBF
ALP2,10ALP2,0,00,00,53,14,403.00,688,412.00,411.00,34.943720,8.334929,1000.00,cifi0007.DBF
ALP2,10ALP2,0,00,00,53,15,443.00,738,451.00,449.00,34.943720,8.334929,1000.00,cifi0007.DBF
ALP2,10ALP2,0,00,00,53,16,484.00,788,491.00,488.00,34.943720,8.334929,1000.00,cifi0007.DBF
ALP2,10ALP2,0,00,00,53,17,527.00,839,532.00,529.00,34.943720,8.334929,1000.00,cifi0007.DBF
ALP2,10ALP2,0,00,00,53,18,573.00,892,576.00,571.00,34.943720,8.334929,1000.00,cifi0007.DBF
ALP2,10ALP2,0,00,00,53,19,621.00,945,622.00,616.00,34.943720,8.334929,1000.00,cifi0007.DBF
ALP2,10ALP2,0,00,00,53,20,672.00,9999,671.00,664.00,34.943720,8.334929,1000.00,cifi0007.DBF
ALP2,10ALP2,0,00,00,54,1,0.00,0,0.00,5.00,36.427780,9.148326,1000.00,cifi0007.DBF
ALP2,10ALP2,0,00,00,54,2,5.00,12,28.00,32.00,36.427780,9.148326,1000.00,cifi0007.DBF
ALP2,10ALP2,0,00,00,54,3,34.00,77,56.00,60.00,36.427780,9.148326,1000.00,cifi0007.DBF
ALP2,10ALP2,0,00,00,54,4,64.00,140,86.00,89.00,36.427780,9.148326,1000.00,cifi0007.DBF
ALP2,10ALP2,0,00,00,54,5,95.00,201,115.00,119.00,36.427780,9.148326,1000.00,cifi0007.DBF
ALP2,10ALP2,0,00,00,54,6,127.00,261,146.00,149.00,36.427780,9.148326,1000.00,cifi0007.DBF
ALP2,10ALP2,0,00,00,54,7,159.00,318,178.00,180.00,36.427780,9.148326,1000.00,cifi0007.DBF
ALP2,10ALP2,0,00,00,54,8,192.00,373,210.00,212.00,36.427780,9.148326,1000.00,cifi0007.DBF
ALP2,10ALP2,0,00,00,54,9,226.00,427,243.00,245.00,36.427780,9.148326,1000.00,cifi0007.DBF
ALP2,10ALP2,0,00,00,54,10,261.00,481,276.00,278.00,36.427780,9.148326,1000.00,cifi0007.DBF
ALP2,10ALP2,0,00,00,54,11,297.00,533,311.00,312.00,36.427780,9.148326,1000.00,cifi0007.DBF
ALP2,10ALP2,0,00,00,54,12,334.00,584,346.00,347.00,36.427780,9.148326,1000.00,cifi0007.DBF
ALP2,10ALP2,0,00,00,54,13,372.00,635,383.00,383.00,36.427780,9.148326,1000.00,cifi0007.DBF
ALP2,10ALP2,0,00,00,54,14,411.00,685,421.00,420.00,36.427780,9.148326,1000.00,cifi0007.DBF
ALP2,10ALP2,0,00,00,54,15,451.00,734,460.00,459.00,36.427780,9.148326,1000.00,cifi0007.DBF
ALP2,10ALP2,0,00,00,54,16,493.00,784,500.00,498.00,36.427780,9.148326,1000.00,cifi0007.DBF
ALP2,10ALP2,0,00,00,54,17,538.00,837,543.00,540.00,36.427780,9.148326,1000.00,cifi0007.DBF
ALP2,10ALP2,0,00,00,54,18,584.00,889,588.00,584.00,36.427780,9.148326,1000.00,cifi0007.DBF
ALP2,10ALP2,0,00,00,54,19,633.00,944,635.00,630.00,36.427780,9.148326,1000.00,cifi0007.DBF
ALP2,10ALP2,0,00,00,54,20,685.00,9999,685.00,678.00,36.427780,9.148326,1000.00,cifi0007.DBF
ALP2,10ALP2,0,00,00,55,1,0.00,0,0.00,5.00,37.989610,10.019140,1000.00,cifi0007.DBF
ALP2,10ALP2,0,00,00,55,2,4.00,9,29.00,33.00,37.989610,10.019140,1000.00,cifi0007.DBF
ALP2,10ALP2,0,00,00,55,3,34.00,74,58.00,62.00,37.989610,10.019140,1000.00,cifi0007.DBF
ALP2,10ALP2,0,00,00,55,4,65.00,138,88.00,92.00,37.989610,10.019140,1000.00,cifi0007.DBF
ALP2,10ALP2,0,00,00,55,5,97.00,200,118.00,122.00,37.989610,10.019140,1000.00,cifi0007.DBF
ALP2,10ALP2,0,00,00,55,6,129.00,258,150.00,153.00,37.989610,10.019140,1000.00,cifi0007.DBF
ALP2,10ALP2,0,00,00,55,7,162.00,315,182.00,185.00,37.989610,10.019140,1000.00,cifi0007.DBF
ALP2,10ALP2,0,00,00,55,8,196.00,371,215.00,217.00,37.989610,10.019140,1000.00,cifi0007.DBF
ALP2,10ALP2,0,00,00,55,9,231.00,425,248.00,250.00,37.989610,10.019140,1000.00,cifi0007.DBF
ALP2,10ALP2,0,00,00,55,10,267.00,479,282.00,284.00,37.989610,10.019140,1000.00,cifi0007.DBF
ALP2,10ALP2,0,00,00,55,11,303.00,530,317.00,318.00,37.989610,10.019140,1000.00,cifi0007.DBF
ALP2,10ALP2,0,00,00,55,12,340.00,581,353.00,354.00,37.989610,10.019140,1000.00,cifi0007.DBF
ALP2,10ALP2,0,00,00,55,13,378.00,630,390.00,390.00,37.989610,10.019140,1000.00,cifi0007.DBF
ALP2,10ALP2,0,00,00,55,14,418.00,681,429.00,428.00,37.989610,10.019140,1000.00,cifi0007.DBF
ALP2,10ALP2,0,00,00,55,15,459.00,730,468.00,467.00,37.989610,10.019140,1000.00,cifi0007.DBF
ALP2,10ALP2,0,00,00,55,16,502.00,781,510.00,508.00,37.989610,10.019140,1000.00,cifi0007.DBF
ALP2,10ALP2,0,00,00,55,17,547.00,833,553.00,550.00,37.989610,10.019140,1000.00,cifi0007.DBF
ALP2,10ALP2,0,00,00,55,18,595.00,887,599.00,595.00,37.989610,10.019140,1000.00,cifi0007.DBF
ALP2,10ALP2,0,00,00,55,19,645.00,943,647.00,642.00,37.989610,10.019140,1000.00,cifi0007.DBF
ALP2,10ALP2,0,00,00,55,20,698.00,9999,698.00,691.00,37.989610,10.019140,1000.00,cifi0007.DBF
ALP2,10ALP2,0,00,00,56,1,0.00,0,0.00,5.00,39.637200,10.966510,1000.00,cifi0007.DBF
ALP2,10ALP2,0,00,00,56,2,4.00,9,29.00,34.00,39.637200,10.966510,1000.00,cifi0007.DBF
ALP2,10ALP2,0,00,00,56,3,35.00,74,59.00,64.00,39.637200,10.966510,1000.00,cifi0007.DBF
ALP2,10ALP2,0,00,00,56,4,66.00,136,90.00,94.00,39.637200,10.966510,1000.00,cifi0007.DBF
ALP2,10ALP2,0,00,00,56,5,99.00,198,121.00,125.00,39.637200,10.966510,1000.00,cifi0007.DBF
ALP2,10ALP2,0,00,00,56,6,132.00,257,153.00,157.00,39.637200,10.966510,1000.00,cifi0007.DBF
ALP2,10ALP2,0,00,00,56,7,166.00,314,186.00,189.00,39.637200,10.966510,1000.00,cifi0007.DBF
ALP2,10ALP2,0,00,00,56,8,200.00,368,219.00,222.00,39.637200,10.966510,1000.00,cifi0007.DBF
ALP2,10ALP2,0,00,00,56,9,235.00,422,253.00,256.00,39.637200,10.966510,1000.00,cifi0007.DBF
ALP2,10ALP2,0,00,00,56,10,271.00,474,288.00,290.00,39.637200,10.966510,1000.00,cifi0007.DBF
ALP2,10ALP2,0,00,00,56,11,308.00,526,324.00,326.00,39.637200,10.966510,1000.00,cifi0007.DBF
ALP2,10ALP2,0,00,00,56,12,346.00,577,360.00,362.00,39.637200,10.966510,1000.00,cifi0007.DBF
ALP2,10ALP2,0,00,00,56,13,385.00,627,398.00,399.00,39.637200,10.966510,1000.00,cifi0007.DBF
ALP2,10ALP2,0,00,00,56,14,426.00,678,437.00,437.00,39.637200,10.966510,1000.00,cifi0007.DBF
ALP2,10ALP2,0,00,00,56,15,468.00,728,477.00,477.00,39.637200,10.966510,1000.00,cifi0007.DBF
ALP2,10ALP2,0,00,00,56,16,511.00,778,519.00,518.00,39.637200,10.966510,1000.00,cifi0007.DBF
ALP2,10ALP2,0,00,00,56,17,557.00,831,563.00,561.00,39.637200,10.966510,1000.00,cifi0007.DBF
ALP2,10ALP2,0,00,00,56,18,605.00,884,609.00,606.00,39.637200,10.966510,1000.00,cifi0007.DBF
ALP2,10ALP2,0,00,00,56,19,656.00,940,658.00,653.00,39.637200,10.966510,1000.00,cifi0007.DBF
ALP2,10ALP2,0,00,00,56,20,711.00,9999,711.00,704.00,39.637200,10.966510,1000.00,cifi0007.DBF
ALP2,10ALP2,0,00,00,57,1,0.00,0,0.00,6.00,41.383100,11.952150,1000.00,cifi0007.DBF
ALP2,10ALP2,0,00,00,57,2,3.00,7,30.00,36.00,41.383100,11.952150,1000.00,cifi0007.DBF
ALP2,10ALP2,0,00,00,57,3,35.00,72,61.00,66.00,41.383100,11.952150,1000.00,cifi0007.DBF
ALP2,10ALP2,0,00,00,57,4,68.00,136,92.00,97.00,41.383100,11.952150,1000.00,cifi0007.DBF
ALP2,10ALP2,0,00,00,57,5,101.00,197,124.00,129.00,41.383100,11.952150,1000.00,cifi0007.DBF
ALP2,10ALP2,0,00,00,57,6,135.00,256,157.00,161.00,41.383100,11.952150,1000.00,cifi0007.DBF
ALP2,10ALP2,0,00,00,57,7,169.00,311,190.00,194.00,41.383100,11.952150,1000.00,cifi0007.DBF
ALP2,10ALP2,0,00,00,57,8,204.00,366,224.00,228.00,41.383100,11.952150,1000.00,cifi0007.DBF
ALP2,10ALP2,0,00,00,57,9,240.00,420,258.00,262.00,41.383100,11.952150,1000.00,cifi0007.DBF
ALP2,10ALP2,0,00,00,57,10,276.00,471,294.00,297.00,41.383100,11.952150,1000.00,cifi0007.DBF
ALP2,10ALP2,0,00,00,57,11,314.00,523,330.00,333.00,41.383100,11.952150,1000.00,cifi0007.DBF
ALP2,10ALP2,0,00,00,57,12,352.00,573,367.00,369.00,41.383100,11.952150,1000.00,cifi0007.DBF
ALP2,10ALP2,0,00,00,57,13,392.00,624,405.00,407.00,41.383100,11.952150,1000.00,cifi0007.DBF
ALP2,10ALP2,0,00,00,57,14,433.00,674,444.00,445.00,41.383100,11.952150,1000.00,cifi0007.DBF
ALP2,10ALP2,0,00,00,57,15,475.00,723,485.00,485.00,41.383100,11.952150,1000.00,cifi0007.DBF
ALP2,10ALP2,0,00,00,57,16,520.00,775,528.00,527.00,41.383100,11.952150,1000.00,cifi0007.DBF
ALP2,10ALP2,0,00,00,57,17,566.00,827,573.00,571.00,41.383100,11.952150,1000.00,cifi0007.DBF
ALP2,10ALP2,0,00,00,57,18,615.00,882,619.00,617.00,41.383100,11.952150,1000.00,cifi0007.DBF
ALP2,10ALP2,0,00,00,57,19,667.00,939,669.00,665.00,41.383100,11.952150,1000.00,cifi0007.DBF
ALP2,10ALP2,0,00,00,57,20,724.00,9999,723.00,717.00,41.383100,11.952150,1000.00,cifi0007.DBF
ALP2,10ALP2,0,00,00,58,1,0.00,0,0.00,7.00,43.240020,13.004790,1000.00,cifi0007.DBF
ALP2,10ALP2,0,00,00,58,2,4.00,9,31.00,37.00,43.240020,13.004790,1000.00,cifi0007.DBF
ALP2,10ALP2,0,00,00,58,3,36.00,72,62.00,68.00,43.240020,13.004790,1000.00,cifi0007.DBF
ALP2,10ALP2,0,00,00,58,4,69.00,134,94.00,100.00,43.240020,13.004790,1000.00,cifi0007.DBF
ALP2,10ALP2,0,00,00,58,5,103.00,195,127.00,132.00,43.240020,13.004790,1000.00,cifi0007.DBF
ALP2,10ALP2,0,00,00,58,6,138.00,254,160.00,165.00,43.240020,13.004790,1000.00,cifi0007.DBF
ALP2,10ALP2,0,00,00,58,7,173.00,311,194.00,199.00,43.240020,13.004790,1000.00,cifi0007.DBF
ALP2,10ALP2,0,00,00,58,8,208.00,364,228.00,233.00,43.240020,13.004790,1000.00,cifi0007.DBF
ALP2,10ALP2,0,00,00,58,9,244.00,417,263.00,267.00,43.240020,13.004790,1000.00,cifi0007.DBF
ALP2,10ALP2,0,00,00,58,10,281.00,469,299.00,303.00,43.240020,13.004790,1000.00,cifi0007.DBF
ALP2,10ALP2,0,00,00,58,11,319.00,520,336.00,339.00,43.240020,13.004790,1000.00,cifi0007.DBF
ALP2,10ALP2,0,00,00,58,12,358.00,570,373.00,376.00,43.240020,13.004790,1000.00,cifi0007.DBF
ALP2,10ALP2,0,00,00,58,13,399.00,621,412.00,414.00,43.240020,13.004790,1000.00,cifi0007.DBF
ALP2,10ALP2,0,00,00,58,14,440.00,670,452.00,454.00,43.240020,13.004790,1000.00,cifi0007.DBF
ALP2,10ALP2,0,00,00,58,15,483.00,720,494.00,495.00,43.240020,13.004790,1000.00,cifi0007.DBF
ALP2,10ALP2,0,00,00,58,16,528.00,772,536.00,537.00,43.240020,13.004790,1000.00,cifi0007.DBF
ALP2,10ALP2,0,00,00,58,17,575.00,824,581.00,580.00,43.240020,13.004790,1000.00,cifi0007.DBF
ALP2,10ALP2,0,00,00,58,18,625.00,880,629.00,627.00,43.240020,13.004790,1000.00,cifi0007.DBF
ALP2,10ALP2,0,00,00,58,19,678.00,938,680.00,676.00,43.240020,13.004790,1000.00,cifi0007.DBF
ALP2,10ALP2,0,00,00,58,20,736.00,9999,735.00,729.00,43.240020,13.004790,1000.00,cifi0007.DBF
ALP2,10ALP2,0,00,00,59,1,0.00,0,0.00,7.00,45.221370,14.133970,1000.00,cifi0007.DBF
ALP2,10ALP2,0,00,00,59,2,5.00,10,32.00,39.00,45.221370,14.133970,1000.00,cifi0007.DBF
ALP2,10ALP2,0,00,00,59,3,39.00,76,64.00,71.00,45.221370,14.133970,1000.00,cifi0007.DBF
ALP2,10ALP2,0,00,00,59,4,72.00,137,97.00,103.00,45.221370,14.133970,1000.00,cifi0007.DBF
ALP2,10ALP2,0,00,00,59,5,107.00,197,130.00,136.00,45.221370,14.133970,1000.00,cifi0007.DBF
ALP2,10ALP2,0,00,00,59,6,142.00,255,164.00,170.00,45.221370,14.133970,1000.00,cifi0007.DBF
ALP2,10ALP2,0,00,00,59,7,177.00,310,198.00,204.00,45.221370,14.133970,1000.00,cifi0007.DBF
ALP2,10ALP2,0,00,00,59,8,213.00,364,233.00,238.00,45.221370,14.133970,1000.00,cifi0007.DBF
ALP2,10ALP2,0,00,00,59,9,250.00,417,268.00,273.00,45.221370,14.133970,1000.00,cifi0007.DBF
ALP2,10ALP2,0,00,00,59,10,287.00,467,305.00,309.00,45.221370,14.133970,1000.00,cifi0007.DBF
ALP2,10ALP2,0,00,00,59,11,326.00,519,342.00,346.00,45.221370,14.133970,1000.00,cifi0007.DBF
ALP2,10ALP2,0,00,00,59,12,365.00,568,380.00,384.00,45.221370,14.133970,1000.00,cifi0007.DBF
ALP2,10ALP2,0,00,00,59,13,406.00,618,419.00,422.00,45.221370,14.133970,1000.00,cifi0007.DBF
ALP2,10ALP2,0,00,00,59,14,448.00,668,459.00,462.00,45.221370,14.133970,1000.00,cifi0007.DBF
ALP2,10ALP2,0,00,00,59,15,491.00,718,501.00,503.00,45.221370,14.133970,1000.00,cifi0007.DBF
ALP2,10ALP2,0,00,00,59,16,536.00,769,544.00,545.00,45.221370,14.133970,1000.00,cifi0007.DBF
ALP2,10ALP2,0,00,00,59,17,583.00,821,590.00,590.00,45.221370,14.133970,1000.00,cifi0007.DBF
ALP2,10ALP2,0,00,00,59,18,634.00,877,638.00,637.00,45.221370,14.133970,1000.00,cifi0007.DBF
ALP2,10ALP2,0,00,00,59,19,688.00,936,690.00,687.00,45.221370,14.133970,1000.00,cifi0007.DBF
ALP2,10ALP2,0,00,00,59,20,748.00,9999,747.00,741.00,45.221370,14.133970,1000.00,cifi0007.DBF
ALP2,10ALP2,0,00,00,60,1,0.00,0,0.00,8.00,47.338580,15.387560,1000.00,cifi0007.DBF
ALP2,10ALP2,0,00,00,60,2,7.00,14,32.00,40.00,47.338580,15.387560,1000.00,cifi0007.DBF
ALP2,10ALP2,0,00,00,60,3,41.00,78,65.00,72.00,47.338580,15.387560,1000.00,cifi0007.DBF
ALP2,10ALP2,0,00,00,60,4,75.00,138,99.00,106.00,47.338580,15.387560,1000.00,cifi0007.DBF
ALP2,10ALP2,0,00,00,60,5,110.00,198,133.00,140.00,47.338580,15.387560,1000.00,cifi0007.DBF
ALP2,10ALP2,0,00,00,60,6,146.00,256,167.00,174.00,47.338580,15.387560,1000.00,cifi0007.DBF
ALP2,10ALP2,0,00,00,60,7,182.00,311,202.00,208.00,47.338580,15.387560,1000.00,cifi0007.DBF
ALP2,10ALP2,0,00,00,60,8,218.00,364,237.00,243.00,47.338580,15.387560,1000.00,cifi0007.DBF
ALP2,10ALP2,0,00,00,60,9,255.00,415,273.00,279.00,47.338580,15.387560,1000.00,cifi0007.DBF
ALP2,10ALP2,0,00,00,60,10,293.00,466,310.00,315.00,47.338580,15.387560,1000.00,cifi0007.DBF
ALP2,10ALP2,0,00,00,60,11,332.00,517,348.00,353.00,47.338580,15.387560,1000.00,cifi0007.DBF
ALP2,10ALP2,0,00,00,60,12,372.00,567,386.00,391.00,47.338580,15.387560,1000.00,cifi0007.DBF
ALP2,10ALP2,0,00,00,60,13,413.00,616,426.00,430.00,47.338580,15.387560,1000.00,cifi0007.DBF
ALP2,10ALP2,0,00,00,60,14,455.00,665,466.00,470.00,47.338580,15.387560,1000.00,cifi0007.DBF
ALP2,10ALP2,0,00,00,60,15,498.00,714,508.00,511.00,47.338580,15.387560,1000.00,cifi0007.DBF
ALP2,10ALP2,0,00,00,60,16,543.00,765,551.00,553.00,47.338580,15.387560,1000.00,cifi0007.DBF
ALP2,10ALP2,0,00,00,60,17,591.00,818,597.00,598.00,47.338580,15.387560,1000.00,cifi0007.DBF
ALP2,10ALP2,0,00,00,60,18,642.00,874,646.00,645.00,47.338580,15.387560,1000.00,cifi0007.DBF
ALP2,10ALP2,0,00,00,60,19,698.00,935,700.00,697.00,47.338580,15.387560,1000.00,cifi0007.DBF
ALP2,10ALP2,0,00,00,60,20,759.00,9999,759.00,753.00,47.338580,15.387560,1000.00,cifi0007.DBF
ALP2,10ALP2,0,00,00,61,1,0.00,0,0.00,8.00,49.602830,16.784690,1000.00,cifi0007.DBF
ALP2,10ALP2,0,00,00,61,2,9.00,18,33.00,41.00,49.602830,16.784690,1000.00,cifi0007.DBF
ALP2,10ALP2,0,00,00,61,3,43.00,80,67.00,75.00,49.602830,16.784690,1000.00,cifi0007.DBF
ALP2,10ALP2,0,00,00,61,4,78.00,140,101.00,109.00,49.602830,16.784690,1000.00,cifi0007.DBF
ALP2,10ALP2,0,00,00,61,5,114.00,200,135.00,143.00,49.602830,16.784690,1000.00,cifi0007.DBF
ALP2,10ALP2,0,00,00,61,6,150.00,256,170.00,177.00,49.602830,16.784690,1000.00,cifi0007.DBF
ALP2,10ALP2,0,00,00,61,7,186.00,310,206.00,213.00,49.602830,16.784690,1000.00,cifi0007.DBF
ALP2,10ALP2,0,00,00,61,8,223.00,363,241.00,248.00,49.602830,16.784690,1000.00,cifi0007.DBF
ALP2,10ALP2,0,00,00,61,9,261.00,416,278.00,284.00,49.602830,16.784690,1000.00,cifi0007.DBF
ALP2,10ALP2,0,00,00,61,10,299.00,465,315.00,321.00,49.602830,16.784690,1000.00,cifi0007.DBF
ALP2,10ALP2,0,00,00,61,11,338.00,515,353.00,359.00,49.602830,16.784690,1000.00,cifi0007.DBF
ALP2,10ALP2,0,00,00,61,12,378.00,564,392.00,397.00,49.602830,16.784690,1000.00,cifi0007.DBF
ALP2,10ALP2,0,00,00,61,13,419.00,612,432.00,437.00,49.602830,16.784690,1000.00,cifi0007.DBF
ALP2,10ALP2,0,00,00,61,14,461.00,661,472.00,477.00,49.602830,16.784690,1000.00,cifi0007.DBF
ALP2,10ALP2,0,00,00,61,15,505.00,711,514.00,518.00,49.602830,16.784690,1000.00,cifi0007.DBF
ALP2,10ALP2,0,00,00,61,16,550.00,761,558.00,561.00,49.602830,16.784690,1000.00,cifi0007.DBF
ALP2,10ALP2,0,00,00,61,17,598.00,814,604.00,606.00,49.602830,16.784690,1000.00,cifi0007.DBF
ALP2,10ALP2,0,00,00,61,18,650.00,870,654.00,654.00,49.602830,16.784690,1000.00,cifi0007.DBF
ALP2,10ALP2,0,00,00,61,19,707.00,932,709.00,706.00,49.602830,16.784690,1000.00,cifi0007.DBF
ALP2,10ALP2,0,00,00,61,20,771.00,9999,770.00,764.00,49.602830,16.784690,1000.00,cifi0007.DBF
ALP2,10ALP2,0,00,00,62,1,0.00,0,0.00,9.00,52.024270,18.363640,1000.00,cifi0007.DBF
ALP2,10ALP2,0,00,00,62,2,10.00,19,34.00,43.00,52.024270,18.363640,1000.00,cifi0007.DBF
ALP2,10ALP2,0,00,00,62,3,45.00,81,68.00,77.00,52.024270,18.363640,1000.00,cifi0007.DBF
ALP2,10ALP2,0,00,00,62,4,81.00,142,103.00,112.00,52.024270,18.363640,1000.00,cifi0007.DBF
ALP2,10ALP2,0,00,00,62,5,117.00,200,138.00,147.00,52.024270,18.363640,1000.00,cifi0007.DBF
ALP2,10ALP2,0,00,00,62,6,153.00,255,173.00,182.00,52.024270,18.363640,1000.00,cifi0007.DBF
ALP2,10ALP2,0,00,00,62,7,190.00,310,209.00,217.00,52.024270,18.363640,1000.00,cifi0007.DBF
ALP2,10ALP2,0,00,00,62,8,228.00,363,246.00,254.00,52.024270,18.363640,1000.00,cifi0007.DBF
ALP2,10ALP2,0,00,00,62,9,266.00,414,283.00,291.00,52.024270,18.363640,1000.00,cifi0007.DBF
ALP2,10ALP2,0,00,00,62,10,305.00,465,321.00,328.00,52.024270,18.363640,1000.00,cifi0007.DBF
ALP2,10ALP2,0,00,00,62,11,344.00,513,359.00,366.00,52.024270,18.363640,1000.00,cifi0007.DBF
ALP2,10ALP2,0,00,00,62,12,384.00,561,398.00,405.00,52.024270,18.363640,1000.00,cifi0007.DBF
ALP2,10ALP2,0,00,00,62,13,425.00,609,437.00,444.00,52.024270,18.363640,1000.00,cifi0007.DBF
ALP2,10ALP2,0,00,00,62,14,467.00,658,478.00,484.00,52.024270,18.363640,1000.00,cifi0007.DBF
ALP2,10ALP2,0,00,00,62,15,510.00,706,520.00,525.00,52.024270,18.363640,1000.00,cifi0007.DBF
ALP2,10ALP2,0,00,00,62,16,556.00,757,564.00,568.00,52.024270,18.363640,1000.00,cifi0007.DBF
ALP2,10ALP2,0,00,00,62,17,605.00,810,611.00,614.00,52.024270,18.363640,1000.00,cifi0007.DBF
ALP2,10ALP2,0,00,00,62,18,658.00,868,662.00,663.00,52.024270,18.363640,1000.00,cifi0007.DBF
ALP2,10ALP2,0,00,00,62,19,716.00,930,718.00,716.00,52.024270,18.363640,1000.00,cifi0007.DBF
ALP2,10ALP2,0,00,00,62,20,782.00,9999,781.00,776.00,52.024270,18.363640,1000.00,cifi0007.DBF
ALP2,10ALP2,0,00,00,63,1,0.00,0,0.00,0.10,54.611950,20.153110,1000.00,cifi0007.DBF
ALP2,10ALP2,0,00,00,63,2,12.00,22,35.00,45.10,54.611950,20.153110,1000.00,cifi0007.DBF
ALP2,10ALP2,0,00,00,63,3,47.00,83,70.00,80.10,54.611950,20.153110,1000.00,cifi0007.DBF
ALP2,10ALP2,0,00,00,63,4,84.00,144,105.00,115.10,54.611950,20.153110,1000.00,cifi0007.DBF
ALP2,10ALP2,0,00,00,63,5,120.00,200,141.00,150.10,54.611950,20.153110,1000.00,cifi0007.DBF
ALP2,10ALP2,0,00,00,63,6,157.00,256,177.00,186.10,54.611950,20.153110,1000.00,cifi0007.DBF
ALP2,10ALP2,0,00,00,63,7,195.00,311,213.00,222.10,54.611950,20.153110,1000.00,cifi0007.DBF
ALP2,10ALP2,0,00,00,63,8,233.00,363,250.00,259.10,54.611950,20.153110,1000.00,cifi0007.DBF
ALP2,10ALP2,0,00,00,63,9,272.00,414,288.00,296.10,54.611950,20.153110,1000.00,cifi0007.DBF
ALP2,10ALP2,0,00,00,63,10,311.00,464,326.00,334.10,54.611950,20.153110,1000.00,cifi0007.DBF
ALP2,10ALP2,0,00,00,63,11,350.00,512,364.00,372.10,54.611950,20.153110,1000.00,cifi0007.DBF
ALP2,10ALP2,0,00,00,63,12,390.00,559,403.00,411.10,54.611950,20.153110,1000.00,cifi0007.DBF
ALP2,10ALP2,0,00,00,63,13,430.00,606,442.00,450.10,54.611950,20.153110,1000.00,cifi0007.DBF
ALP2,10ALP2,0,00,00,63,14,472.00,653,482.00,489.10,54.611950,20.153110,1000.00,cifi0007.DBF
ALP2,10ALP2,0,00,00,63,15,516.00,702,525.00,531.10,54.611950,20.153110,1000.00,cifi0007.DBF
ALP2,10ALP2,0,00,00,63,16,562.00,753,569.00,574.10,54.611950,20.153110,1000.00,cifi0007.DBF
ALP2,10ALP2,0,00,00,63,17,611.00,806,617.00,620.10,54.611950,20.153110,1000.00,cifi0007.DBF
ALP2,10ALP2,0,00,00,63,18,665.00,864,669.00,670.10,54.611950,20.153110,1000.00,cifi0007.DBF
ALP2,10ALP2,0,00,00,63,19,725.00,928,727.00,725.10,54.611950,20.153110,1000.00,cifi0007.DBF
ALP2,10ALP2,0,00,00,63,20,793.00,9999,792.00,787.10,54.611950,20.153110,1000.00,cifi0007.DBF
ALP2,10ALP2,0,00,00,64,1,0.00,0,0.00,0.11,57.378060,22.143540,1000.00,cifi0007.DBF
ALP2,10ALP2,0,00,00,64,2,13.00,23,35.00,46.11,57.378060,22.143540,1000.00,cifi0007.DBF
ALP2,10ALP2,0,00,00,64,3,50.00,86,71.00,82.11,57.378060,22.143540,1000.00,cifi0007.DBF
ALP2,10ALP2,0,00,00,64,4,86.00,144,107.00,118.11,57.378060,22.143540,1000.00,cifi0007.DBF
ALP2,10ALP2,0,00,00,64,5,124.00,202,143.00,154.11,57.378060,22.143540,1000.00,cifi0007.DBF
ALP2,10ALP2,0,00,00,64,6,162.00,258,180.00,190.11,57.378060,22.143540,1000.00,cifi0007.DBF
ALP2,10ALP2,0,00,00,64,7,200.00,312,217.00,227.11,57.378060,22.143540,1000.00,cifi0007.DBF
ALP2,10ALP2,0,00,00,64,8,238.00,363,255.00,265.11,57.378060,22.143540,1000.00,cifi0007.DBF
ALP2,10ALP2,0,00,00,64,9,277.00,413,293.00,303.11,57.378060,22.143540,1000.00,cifi0007.DBF
ALP2,10ALP2,0,00,00,64,10,316.00,462,330.00,340.11,57.378060,22.143540,1000.00,cifi0007.DBF
ALP2,10ALP2,0,00,00,64,11,355.00,509,369.00,378.11,57.378060,22.143540,1000.00,cifi0007.DBF
ALP2,10ALP2,0,00,00,64,12,395.00,556,407.00,417.11,57.378060,22.143540,1000.00,cifi0007.DBF
ALP2,10ALP2,0,00,00,64,13,435.00,602,446.00,455.11,57.378060,22.143540,1000.00,cifi0007.DBF
ALP2,10ALP2,0,00,00,64,14,477.00,649,487.00,495.11,57.378060,22.143540,1000.00,cifi0007.DBF
ALP2,10ALP2,0,00,00,64,15,520.00,696,529.00,537.11,57.378060,22.143540,1000.00,cifi0007.DBF
ALP2,10ALP2,0,00,00,64,16,567.00,748,574.00,580.11,57.378060,22.143540,1000.00,cifi0007.DBF
ALP2,10ALP2,0,00,00,64,17,617.00,802,622.00,627.11,57.378060,22.143540,1000.00,cifi0007.DBF
ALP2,10ALP2,0,00,00,64,18,672.00,860,676.00,678.11,57.378060,22.143540,1000.00,cifi0007.DBF
ALP2,10ALP2,0,00,00,64,19,733.00,926,735.00,734.11,57.378060,22.143540,1000.00,cifi0007.DBF
ALP2,10ALP2,0,00,00,64,20,803.00,9999,803.00,798.11,57.378060,22.143540,1000.00,cifi0007.DBF
ALP2,10ALP2,0,00,00,65,1,0.00,0,0.00,12.00,60.339230,24.325360,1000.00,cifi0007.DBF
ALP2,10ALP2,0,00,00,65,2,14.00,24,36.00,48.00,60.339230,24.325360,1000.00,cifi0007.DBF
ALP2,10ALP2,0,00,00,65,3,52.00,87,73.00,85.00,60.339230,24.325360,1000.00,cifi0007.DBF
ALP2,10ALP2,0,00,00,65,4,90.00,147,109.00,121.00,60.339230,24.325360,1000.00,cifi0007.DBF
ALP2,10ALP2,0,00,00,65,5,128.00,204,147.00,158.00,60.339230,24.325360,1000.00,cifi0007.DBF
ALP2,10ALP2,0,00,00,65,6,166.00,259,184.00,196.00,60.339230,24.325360,1000.00,cifi0007.DBF
ALP2,10ALP2,0,00,00,65,7,204.00,311,222.00,233.00,60.339230,24.325360,1000.00,cifi0007.DBF
ALP2,10ALP2,0,00,00,65,8,243.00,363,259.00,271.00,60.339230,24.325360,1000.00,cifi0007.DBF
ALP2,10ALP2,0,00,00,65,9,282.00,412,297.00,308.00,60.339230,24.325360,1000.00,cifi0007.DBF
ALP2,10ALP2,0,00,00,65,10,321.00,460,335.00,346.00,60.339230,24.325360,1000.00,cifi0007.DBF
ALP2,10ALP2,0,00,00,65,11,359.00,506,373.00,384.00,60.339230,24.325360,1000.00,cifi0007.DBF
ALP2,10ALP2,0,00,00,65,12,399.00,552,411.00,422.00,60.339230,24.325360,1000.00,cifi0007.DBF
ALP2,10ALP2,0,00,00,65,13,439.00,598,450.00,461.00,60.339230,24.325360,1000.00,cifi0007.DBF
ALP2,10ALP2,0,00,00,65,14,481.00,644,491.00,501.00,60.339230,24.325360,1000.00,cifi0007.DBF
ALP2,10ALP2,0,00,00,65,15,525.00,692,533.00,542.00,60.339230,24.325360,1000.00,cifi0007.DBF
ALP2,10ALP2,0,00,00,65,16,571.00,742,579.00,586.00,60.339230,24.325360,1000.00,cifi0007.DBF
ALP2,10ALP2,0,00,00,65,17,622.00,796,628.00,634.00,60.339230,24.325360,1000.00,cifi0007.DBF
ALP2,10ALP2,0,00,00,65,18,678.00,856,682.00,685.00,60.339230,24.325360,1000.00,cifi0007.DBF
ALP2,10ALP2,0,00,00,65,19,740.00,923,742.00,742.00,60.339230,24.325360,1000.00,cifi0007.DBF
ALP2,10ALP2,0,00,00,65,20,813.00,9999,812.00,807.00,60.339230,24.325360,1000.00,cifi0007.DBF
ALP2,10ALP2,0,00,00,66,1,0.00,0,0.00,13.00,63.520450,26.650720,1000.00,cifi0007.DBF
ALP2,10ALP2,0,00,00,66,2,16.00,0,37.00,50.00,63.520450,26.650720,1000.00,cifi0007.DBF
ALP2,10ALP2,0,00,00,66,3,54.00,0,74.00,87.00,63.520450,26.650720,1000.00,cifi0007.DBF
ALP2,10ALP2,0,00,00,66,4,93.00,0,112.00,125.00,63.520450,26.650720,1000.00,cifi0007.DBF
ALP2,10ALP2,0,00,00,66,5,132.00,0,150.00,163.00,63.520450,26.650720,1000.00,cifi0007.DBF
ALP2,10ALP2,0,00,00,66,6,170.00,0,188.00,201.00,63.520450,26.650720,1000.00,cifi0007.DBF
ALP2,10ALP2,0,00,00,66,7,209.00,0,226.00,239.00,63.520450,26.650720,1000.00,cifi0007.DBF
ALP2,10ALP2,0,00,00,66,8,248.00,0,263.00,276.00,63.520450,26.650720,1000.00,cifi0007.DBF
ALP2,10ALP2,0,00,00,66,9,286.00,0,301.00,314.00,63.520450,26.650720,1000.00,cifi0007.DBF
ALP2,10ALP2,0,00,00,66,10,325.00,0,339.00,352.00,63.520450,26.650720,1000.00,cifi0007.DBF
ALP2,10ALP2,0,00,00,66,11,363.00,0,376.00,389.00,63.520450,26.650720,1000.00,cifi0007.DBF
ALP2,10ALP2,0,00,00,66,12,403.00,0,414.00,427.00,63.520450,26.650720,1000.00,cifi0007.DBF
ALP2,10ALP2,0,00,00,66,13,443.00,0,453.00,465.00,63.520450,26.650720,1000.00,cifi0007.DBF
ALP2,10ALP2,0,00,00,66,14,485.00,0,494.00,505.00,63.520450,26.650720,1000.00,cifi0007.DBF
ALP2,10ALP2,0,00,00,66,15,529.00,0,537.00,547.00,63.520450,26.650720,1000.00,cifi0007.DBF
ALP2,10ALP2,0,00,00,66,16,576.00,0,583.00,592.00,63.520450,26.650720,1000.00,cifi0007.DBF
ALP2,10ALP2,0,00,00,66,17,627.00,0,632.00,639.00,63.520450,26.650720,1000.00,cifi0007.DBF
ALP2,10ALP2,0,00,00,66,18,683.00,0,687.00,691.00,63.520450,26.650720,1000.00,cifi0007.DBF
ALP2,10ALP2,0,00,00,66,19,747.00,0,749.00,750.00,63.520450,26.650720,1000.00,cifi0007.DBF
ALP2,10ALP2,0,00,00,66,20,822.00,0,822.00,817.00,63.520450,26.650720,1000.00,cifi0007.DBF
ALP2,10ALP2,0,00,00,67,1,0.00,0,0.00,15.00,66.950800,29.129190,1000.00,cifi0007.DBF
ALP2,10ALP2,0,00,00,67,2,18.00,0,38.00,52.00,66.950800,29.129190,1000.00,cifi0007.DBF
ALP2,10ALP2,0,00,00,67,3,57.00,0,76.00,90.00,66.950800,29.129190,1000.00,cifi0007.DBF
ALP2,10ALP2,0,00,00,67,4,96.00,0,115.00,129.00,66.950800,29.129190,1000.00,cifi0007.DBF
ALP2,10ALP2,0,00,00,67,5,136.00,0,153.00,167.00,66.950800,29.129190,1000.00,cifi0007.DBF
ALP2,10ALP2,0,00,00,67,6,175.00,0,192.00,206.00,66.950800,29.129190,1000.00,cifi0007.DBF
ALP2,10ALP2,0,00,00,67,7,214.00,0,230.00,244.00,66.950800,29.129190,1000.00,cifi0007.DBF
ALP2,10ALP2,0,00,00,67,8,252.00,0,267.00,282.00,66.950800,29.129190,1000.00,cifi0007.DBF
ALP2,10ALP2,0,00,00,67,9,291.00,0,305.00,319.00,66.950800,29.129190,1000.00,cifi0007.DBF
ALP2,10ALP2,0,00,00,67,10,329.00,0,342.00,357.00,66.950800,29.129190,1000.00,cifi0007.DBF
ALP2,10ALP2,0,00,00,67,11,367.00,0,379.00,394.00,66.950800,29.129190,1000.00,cifi0007.DBF
ALP2,10ALP2,0,00,00,67,12,406.00,0,417.00,431.00,66.950800,29.129190,1000.00,cifi0007.DBF
ALP2,10ALP2,0,00,00,67,13,446.00,0,457.00,470.00,66.950800,29.129190,1000.00,cifi0007.DBF
ALP2,10ALP2,0,00,00,67,14,488.00,0,498.00,511.00,66.950800,29.129190,1000.00,cifi0007.DBF
ALP2,10ALP2,0,00,00,67,15,532.00,0,540.00,552.00,66.950800,29.129190,1000.00,cifi0007.DBF
ALP2,10ALP2,0,00,00,67,16,579.00,0,586.00,596.00,66.950800,29.129190,1000.00,cifi0007.DBF
ALP2,10ALP2,0,00,00,67,17,630.00,0,636.00,644.00,66.950800,29.129190,1000.00,cifi0007.DBF
ALP2,10ALP2,0,00,00,67,18,687.00,0,691.00,697.00,66.950800,29.129190,1000.00,cifi0007.DBF
ALP2,10ALP2,0,00,00,67,19,753.00,0,755.00,756.00,66.950800,29.129190,1000.00,cifi0007.DBF
ALP2,10ALP2,0,00,00,67,20,831.00,0,830.00,826.00,66.950800,29.129190,1000.00,cifi0007.DBF
ALP2,10ALP2,0,00,00,68,1,0.00,0,0.00,16.00,70.664890,31.760770,1000.00,cifi0007.DBF
ALP2,10ALP2,0,00,00,68,2,20.00,0,39.00,55.00,70.664890,31.760770,1000.00,cifi0007.DBF
ALP2,10ALP2,0,00,00,68,3,60.00,0,78.00,94.00,70.664890,31.760770,1000.00,cifi0007.DBF
ALP2,10ALP2,0,00,00,68,4,100.00,0,117.00,133.00,70.664890,31.760770,1000.00,cifi0007.DBF
ALP2,10ALP2,0,00,00,68,5,140.00,0,156.00,172.00,70.664890,31.760770,1000.00,cifi0007.DBF
ALP2,10ALP2,0,00,00,68,6,179.00,0,195.00,211.00,70.664890,31.760770,1000.00,cifi0007.DBF
ALP2,10ALP2,0,00,00,68,7,218.00,0,233.00,249.00,70.664890,31.760770,1000.00,cifi0007.DBF
ALP2,10ALP2,0,00,00,68,8,256.00,0,270.00,287.00,70.664890,31.760770,1000.00,cifi0007.DBF
ALP2,10ALP2,0,00,00,68,9,294.00,0,307.00,324.00,70.664890,31.760770,1000.00,cifi0007.DBF
ALP2,10ALP2,0,00,00,68,10,332.00,0,345.00,361.00,70.664890,31.760770,1000.00,cifi0007.DBF
ALP2,10ALP2,0,00,00,68,11,371.00,0,382.00,399.00,70.664890,31.760770,1000.00,cifi0007.DBF
ALP2,10ALP2,0,00,00,68,12,410.00,0,420.00,436.00,70.664890,31.760770,1000.00,cifi0007.DBF
ALP2,10ALP2,0,00,00,68,13,450.00,0,460.00,475.00,70.664890,31.760770,1000.00,cifi0007.DBF
ALP2,10ALP2,0,00,00,68,14,492.00,0,501.00,516.00,70.664890,31.760770,1000.00,cifi0007.DBF
ALP2,10ALP2,0,00,00,68,15,536.00,0,543.00,557.00,70.664890,31.760770,1000.00,cifi0007.DBF
ALP2,10ALP2,0,00,00,68,16,583.00,0,589.00,601.00,70.664890,31.760770,1000.00,cifi0007.DBF
ALP2,10ALP2,0,00,00,68,17,633.00,0,639.00,649.00,70.664890,31.760770,1000.00,cifi0007.DBF
ALP2,10ALP2,0,00,00,68,18,691.00,0,695.00,702.00,70.664890,31.760770,1000.00,cifi0007.DBF
ALP2,10ALP2,0,00,00,68,19,758.00,0,760.00,763.00,70.664890,31.760770,1000.00,cifi0007.DBF
ALP2,10ALP2,0,00,00,68,20,839.00,0,839.00,835.00,70.664890,31.760770,1000.00,cifi0007.DBF
ALP2,10ALP2,0,00,00,69,1,0.00,0,0.00,17.00,74.696060,34.612440,1000.00,cifi0007.DBF
ALP2,10ALP2,0,00,00,69,2,22.00,0,40.00,57.00,74.696060,34.612440,1000.00,cifi0007.DBF
ALP2,10ALP2,0,00,00,69,3,63.00,0,80.00,97.00,74.696060,34.612440,1000.00,cifi0007.DBF
ALP2,10ALP2,0,00,00,69,4,104.00,0,120.00,137.00,74.696060,34.612440,1000.00,cifi0007.DBF
ALP2,10ALP2,0,00,00,69,5,144.00,0,159.00,177.00,74.696060,34.612440,1000.00,cifi0007.DBF
ALP2,10ALP2,0,00,00,69,6,183.00,0,198.00,216.00,74.696060,34.612440,1000.00,cifi0007.DBF
ALP2,10ALP2,0,00,00,69,7,222.00,0,235.00,254.00,74.696060,34.612440,1000.00,cifi0007.DBF
ALP2,10ALP2,0,00,00,69,8,260.00,0,273.00,291.00,74.696060,34.612440,1000.00,cifi0007.DBF
ALP2,10ALP2,0,00,00,69,9,298.00,0,310.00,329.00,74.696060,34.612440,1000.00,cifi0007.DBF
ALP2,10ALP2,0,00,00,69,10,336.00,0,347.00,366.00,74.696060,34.612440,1000.00,cifi0007.DBF
ALP2,10ALP2,0,00,00,69,11,374.00,0,385.00,403.00,74.696060,34.612440,1000.00,cifi0007.DBF
ALP2,10ALP2,0,00,00,69,12,413.00,0,423.00,441.00,74.696060,34.612440,1000.00,cifi0007.DBF
ALP2,10ALP2,0,00,00,69,13,453.00,0,463.00,480.00,74.696060,34.612440,1000.00,cifi0007.DBF
ALP2,10ALP2,0,00,00,69,14,495.00,0,503.00,520.00,74.696060,34.612440,1000.00,cifi0007.DBF
ALP2,10ALP2,0,00,00,69,15,538.00,0,546.00,562.00,74.696060,34.612440,1000.00,cifi0007.DBF
ALP2,10ALP2,0,00,00,69,16,585.00,0,591.00,606.00,74.696060,34.612440,1000.00,cifi0007.DBF
ALP2,10ALP2,0,00,00,69,17,636.00,0,641.00,653.00,74.696060,34.612440,1000.00,cifi0007.DBF
ALP2,10ALP2,0,00,00,69,18,694.00,0,697.00,706.00,74.696060,34.612440,1000.00,cifi0007.DBF
ALP2,10ALP2,0,00,00,69,19,762.00,0,764.00,768.00,74.696060,34.612440,1000.00,cifi0007.DBF
ALP2,10ALP2,0,00,00,69,20,848.00,0,847.00,843.00,74.696060,34.612440,1000.00,cifi0007.DBF
ALP2,10ALP2,0,00,00,70,1,0.00,0,0.00,19.00,79.068530,37.808610,1000.00,cifi0007.DBF
ALP2,10ALP2,0,00,00,70,2,24.00,0,41.00,60.00,79.068530,37.808610,1000.00,cifi0007.DBF
ALP2,10ALP2,0,00,00,70,3,66.00,0,82.00,101.00,79.068530,37.808610,1000.00,cifi0007.DBF
ALP2,10ALP2,0,00,00,70,4,107.00,0,122.00,142.00,79.068530,37.808610,1000.00,cifi0007.DBF
ALP2,10ALP2,0,00,00,70,5,147.00,0,161.00,181.00,79.068530,37.808610,1000.00,cifi0007.DBF
ALP2,10ALP2,0,00,00,70,6,186.00,0,200.00,220.00,79.068530,37.808610,1000.00,cifi0007.DBF
ALP2,10ALP2,0,00,00,70,7,224.00,0,238.00,259.00,79.068530,37.808610,1000.00,cifi0007.DBF
ALP2,10ALP2,0,00,00,70,8,263.00,0,275.00,296.00,79.068530,37.808610,1000.00,cifi0007.DBF
ALP2,10ALP2,0,00,00,70,9,301.00,0,312.00,333.00,79.068530,37.808610,1000.00,cifi0007.DBF
ALP2,10ALP2,0,00,00,70,10,339.00,0,350.00,371.00,79.068530,37.808610,1000.00,cifi0007.DBF
ALP2,10ALP2,0,00,00,70,11,377.00,0,388.00,409.00,79.068530,37.808610,1000.00,cifi0007.DBF
ALP2,10ALP2,0,00,00,70,12,417.00,0,426.00,447.00,79.068530,37.808610,1000.00,cifi0007.DBF
ALP2,10ALP2,0,00,00,70,13,456.00,0,465.00,485.00,79.068530,37.808610,1000.00,cifi0007.DBF
ALP2,10ALP2,0,00,00,70,14,497.00,0,505.00,525.00,79.068530,37.808610,1000.00,cifi0007.DBF
ALP2,10ALP2,0,00,00,70,15,540.00,0,547.00,566.00,79.068530,37.808610,1000.00,cifi0007.DBF
ALP2,10ALP2,0,00,00,70,16,586.00,0,592.00,609.00,79.068530,37.808610,1000.00,cifi0007.DBF
ALP2,10ALP2,0,00,00,70,17,637.00,0,641.00,656.00,79.068530,37.808610,1000.00,cifi0007.DBF
ALP2,10ALP2,0,00,00,70,18,695.00,0,699.00,710.00,79.068530,37.808610,1000.00,cifi0007.DBF
ALP2,10ALP2,0,00,00,70,19,766.00,0,768.00,773.00,79.068530,37.808610,1000.00,cifi0007.DBF
ALP2,10ALP2,0,00,00,70,20,856.00,0,855.00,851.00,79.068530,37.808610,1000.00,cifi0007.DBF
ALP2,10ALP2,0,00,00,71,1,0.00,0,0.00,21.00,83.799010,41.435410,1000.00,cifi0007.DBF
ALP2,10ALP2,0,00,00,71,2,26.00,0,42.00,63.00,83.799010,41.435410,1000.00,cifi0007.DBF
ALP2,10ALP2,0,00,00,71,3,68.00,0,83.00,104.00,83.799010,41.435410,1000.00,cifi0007.DBF
ALP2,10ALP2,0,00,00,71,4,109.00,0,123.00,145.00,83.799010,41.435410,1000.00,cifi0007.DBF
ALP2,10ALP2,0,00,00,71,5,149.00,0,163.00,185.00,83.799010,41.435410,1000.00,cifi0007.DBF
ALP2,10ALP2,0,00,00,71,6,188.00,0,201.00,224.00,83.799010,41.435410,1000.00,cifi0007.DBF
ALP2,10ALP2,0,00,00,71,7,227.00,0,239.00,262.00,83.799010,41.435410,1000.00,cifi0007.DBF
ALP2,10ALP2,0,00,00,71,8,265.00,0,277.00,300.00,83.799010,41.435410,1000.00,cifi0007.DBF
ALP2,10ALP2,0,00,00,71,9,304.00,0,315.00,338.00,83.799010,41.435410,1000.00,cifi0007.DBF
ALP2,10ALP2,0,00,00,71,10,342.00,0,352.00,375.00,83.799010,41.435410,1000.00,cifi0007.DBF
ALP2,10ALP2,0,00,00,71,11,381.00,0,390.00,413.00,83.799010,41.435410,1000.00,cifi0007.DBF
ALP2,10ALP2,0,00,00,71,12,419.00,0,428.00,451.00,83.799010,41.435410,1000.00,cifi0007.DBF
ALP2,10ALP2,0,00,00,71,13,459.00,0,467.00,489.00,83.799010,41.435410,1000.00,cifi0007.DBF
ALP2,10ALP2,0,00,00,71,14,499.00,0,506.00,528.00,83.799010,41.435410,1000.00,cifi0007.DBF
ALP2,10ALP2,0,00,00,71,15,541.00,0,547.00,568.00,83.799010,41.435410,1000.00,cifi0007.DBF
ALP2,10ALP2,0,00,00,71,16,586.00,0,592.00,611.00,83.799010,41.435410,1000.00,cifi0007.DBF
ALP2,10ALP2,0,00,00,71,17,637.00,0,641.00,658.00,83.799010,41.435410,1000.00,cifi0007.DBF
ALP2,10ALP2,0,00,00,71,18,696.00,0,700.00,712.00,83.799010,41.435410,1000.00,cifi0007.DBF
ALP2,10ALP2,0,00,00,71,19,770.00,0,771.00,777.00,83.799010,41.435410,1000.00,cifi0007.DBF
ALP2,10ALP2,0,00,00,71,20,864.00,0,863.00,859.00,83.799010,41.435410,1000.00,cifi0007.DBF
ALP2,10ALP2,0,00,00,72,1,0.00,0,0.00,23.00,88.891530,45.598090,1000.00,cifi0007.DBF
ALP2,10ALP2,0,00,00,72,2,28.00,0,42.00,65.00,88.891530,45.598090,1000.00,cifi0007.DBF
ALP2,10ALP2,0,00,00,72,3,70.00,0,84.00,107.00,88.891530,45.598090,1000.00,cifi0007.DBF
ALP2,10ALP2,0,00,00,72,4,111.00,0,124.00,148.00,88.891530,45.598090,1000.00,cifi0007.DBF
ALP2,10ALP2,0,00,00,72,5,151.00,0,164.00,188.00,88.891530,45.598090,1000.00,cifi0007.DBF
ALP2,10ALP2,0,00,00,72,6,191.00,0,203.00,228.00,88.891530,45.598090,1000.00,cifi0007.DBF
ALP2,10ALP2,0,00,00,72,7,230.00,0,241.00,266.00,88.891530,45.598090,1000.00,cifi0007.DBF
ALP2,10ALP2,0,00,00,72,8,268.00,0,279.00,304.00,88.891530,45.598090,1000.00,cifi0007.DBF
ALP2,10ALP2,0,00,00,72,9,307.00,0,317.00,342.00,88.891530,45.598090,1000.00,cifi0007.DBF
ALP2,10ALP2,0,00,00,72,10,345.00,0,355.00,380.00,88.891530,45.598090,1000.00,cifi0007.DBF
ALP2,10ALP2,0,00,00,72,11,384.00,0,393.00,418.00,88.891530,45.598090,1000.00,cifi0007.DBF
ALP2,10ALP2,0,00,00,72,12,422.00,0,430.00,456.00,88.891530,45.598090,1000.00,cifi0007.DBF
ALP2,10ALP2,0,00,00,72,13,460.00,0,468.00,493.00,88.891530,45.598090,1000.00,cifi0007.DBF
ALP2,10ALP2,0,00,00,72,14,499.00,0,506.00,531.00,88.891530,45.598090,1000.00,cifi0007.DBF
ALP2,10ALP2,0,00,00,72,15,540.00,0,547.00,571.00,88.891530,45.598090,1000.00,cifi0007.DBF
ALP2,10ALP2,0,00,00,72,16,585.00,0,591.00,613.00,88.891530,45.598090,1000.00,cifi0007.DBF
ALP2,10ALP2,0,00,00,72,17,636.00,0,641.00,660.00,88.891530,45.598090,1000.00,cifi0007.DBF
ALP2,10ALP2,0,00,00,72,18,697.00,0,700.00,715.00,88.891530,45.598090,1000.00,cifi0007.DBF
ALP2,10ALP2,0,00,00,72,19,773.00,0,775.00,782.00,88.891530,45.598090,1000.00,cifi0007.DBF
ALP2,10ALP2,0,00,00,72,20,873.00,0,872.00,868.00,88.891530,45.598090,1000.00,cifi0007.DBF
ALP2,10ALP2,0,00,00,73,1,0.00,0,0.00,25.00,94.337160,50.373210,1000.00,cifi0007.DBF
ALP2,10ALP2,0,00,00,73,2,29.00,0,43.00,69.00,94.337160,50.373210,1000.00,cifi0007.DBF
ALP2,10ALP2,0,00,00,73,3,71.00,0,85.00,111.00,94.337160,50.373210,1000.00,cifi0007.DBF
ALP2,10ALP2,0,00,00,73,4,112.00,0,125.00,152.00,94.337160,50.373210,1000.00,cifi0007.DBF
ALP2,10ALP2,0,00,00,73,5,153.00,0,165.00,192.00,94.337160,50.373210,1000.00,cifi0007.DBF
ALP2,10ALP2,0,00,00,73,6,193.00,0,204.00,232.00,94.337160,50.373210,1000.00,cifi0007.DBF
ALP2,10ALP2,0,00,00,73,7,232.00,0,243.00,271.00,94.337160,50.373210,1000.00,cifi0007.DBF
ALP2,10ALP2,0,00,00,73,8,271.00,0,282.00,310.00,94.337160,50.373210,1000.00,cifi0007.DBF
ALP2,10ALP2,0,00,00,73,9,310.00,0,320.00,348.00,94.337160,50.373210,1000.00,cifi0007.DBF
ALP2,10ALP2,0,00,00,73,11,386.00,0,395.00,424.00,94.337160,50.373210,1000.00,cifi0007.DBF
ALP2,10ALP2,0,00,00,73,12,423.00,0,431.00,460.00,94.337160,50.373210,1000.00,cifi0007.DBF
ALP2,10ALP2,0,00,00,73,13,461.00,0,468.00,497.00,94.337160,50.373210,1000.00,cifi0007.DBF
ALP2,10ALP2,0,00,00,73,14,499.00,0,506.00,534.00,94.337160,50.373210,1000.00,cifi0007.DBF
ALP2,10ALP2,0,00,00,73,15,539.00,0,545.00,573.00,94.337160,50.373210,1000.00,cifi0007.DBF
ALP2,10ALP2,0,00,00,73,16,584.00,0,589.00,614.00,94.337160,50.373210,1000.00,cifi0007.DBF
ALP2,10ALP2,0,00,00,73,17,635.00,0,639.00,661.00,94.337160,50.373210,1000.00,cifi0007.DBF
ALP2,10ALP2,0,00,00,73,18,697.00,0,700.00,717.00,94.337160,50.373210,1000.00,cifi0007.DBF
ALP2,10ALP2,0,00,00,73,19,776.00,0,778.00,786.00,94.337160,50.373210,1000.00,cifi0007.DBF
ALP2,10ALP2,0,00,00,73,20,882.00,0,881.00,877.00,94.337160,50.373210,1000.00,cifi0007.DBF
ALP2,10ALP2,0,00,00,74,1,0.00,0,0.00,28.00,100.132700,55.684210,1000.00,cifi0007.DBF
ALP2,10ALP2,0,00,00,74,2,29.00,0,43.00,72.00,100.132700,55.684210,1000.00,cifi0007.DBF
ALP2,10ALP2,0,00,00,74,3,72.00,0,85.00,114.00,100.132700,55.684210,1000.00,cifi0007.DBF
ALP2,10ALP2,0,00,00,74,4,114.00,0,126.00,156.00,100.132700,55.684210,1000.00,cifi0007.DBF
ALP2,10ALP2,0,00,00,74,5,155.00,0,167.00,197.00,100.132700,55.684210,1000.00,cifi0007.DBF
ALP2,10ALP2,0,00,00,74,6,195.00,0,207.00,237.00,100.132700,55.684210,1000.00,cifi0007.DBF
ALP2,10ALP2,0,00,00,74,7,235.00,0,246.00,277.00,100.132700,55.684210,1000.00,cifi0007.DBF
ALP2,10ALP2,0,00,00,74,8,275.00,0,285.00,316.00,100.132700,55.684210,1000.00,cifi0007.DBF
ALP2,10ALP2,0,00,00,74,9,314.00,0,323.00,354.00,100.132700,55.684210,1000.00,cifi0007.DBF
ALP2,10ALP2,0,00,00,74,10,351.00,0,360.00,392.00,100.132700,55.684210,1000.00,cifi0007.DBF
ALP2,10ALP2,0,00,00,74,11,388.00,0,396.00,428.00,100.132700,55.684210,1000.00,cifi0007.DBF
ALP2,10ALP2,0,00,00,74,12,424.00,0,432.00,464.00,100.132700,55.684210,1000.00,cifi0007.DBF
ALP2,10ALP2,0,00,00,74,13,461.00,0,468.00,500.00,100.132700,55.684210,1000.00,cifi0007.DBF
ALP2,10ALP2,0,00,00,74,14,498.00,0,505.00,537.00,100.132700,55.684210,1000.00,cifi0007.DBF
ALP2,10ALP2,0,00,00,74,15,538.00,0,544.00,575.00,100.132700,55.684210,1000.00,cifi0007.DBF
ALP2,10ALP2,0,00,00,74,16,582.00,0,587.00,616.00,100.132700,55.684210,1000.00,cifi0007.DBF
ALP2,10ALP2,0,00,00,74,17,634.00,0,638.00,663.00,100.132700,55.684210,1000.00,cifi0007.DBF
ALP2,10ALP2,0,00,00,74,18,697.00,0,700.00,719.00,100.132700,55.684210,1000.00,cifi0007.DBF
ALP2,10ALP2,0,00,00,74,19,779.00,0,781.00,791.00,100.132700,55.684210,1000.00,cifi0007.DBF
ALP2,10ALP2,0,00,00,74,20,892.00,0,891.00,886.00,100.132700,55.684210,1000.00,cifi0007.DBF
ALP2,10ALP2,0,00,00,75,1,0.00,0,0.00,31.00,106.288500,61.425840,1000.00,cifi0007.DBF
ALP2,10ALP2,0,00,00,75,2,30.00,0,44.00,75.00,106.288500,61.425840,1000.00,cifi0007.DBF
ALP2,10ALP2,0,00,00,75,3,73.00,0,86.00,118.00,106.288500,61.425840,1000.00,cifi0007.DBF
ALP2,10ALP2,0,00,00,75,4,116.00,0,128.00,160.00,106.288500,61.425840,1000.00,cifi0007.DBF
ALP2,10ALP2,0,00,00,75,5,158.00,0,169.00,202.00,106.288500,61.425840,1000.00,cifi0007.DBF
ALP2,10ALP2,0,00,00,75,6,199.00,0,210.00,243.00,106.288500,61.425840,1000.00,cifi0007.DBF
ALP2,10ALP2,0,00,00,75,7,239.00,0,250.00,283.00,106.288500,61.425840,1000.00,cifi0007.DBF
ALP2,10ALP2,0,00,00,75,8,279.00,0,288.00,322.00,106.288500,61.425840,1000.00,cifi0007.DBF
ALP2,10ALP2,0,00,00,75,9,317.00,0,326.00,360.00,106.288500,61.425840,1000.00,cifi0007.DBF
ALP2,10ALP2,0,00,00,75,10,354.00,0,362.00,397.00,106.288500,61.425840,1000.00,cifi0007.DBF
ALP2,10ALP2,0,00,00,75,11,389.00,0,398.00,433.00,106.288500,61.425840,1000.00,cifi0007.DBF
ALP2,10ALP2,0,00,00,75,12,425.00,0,432.00,468.00,106.288500,61.425840,1000.00,cifi0007.DBF
ALP2,10ALP2,0,00,00,75,13,460.00,0,467.00,503.00,106.288500,61.425840,1000.00,cifi0007.DBF
ALP2,10ALP2,0,00,00,75,14,497.00,0,503.00,538.00,106.288500,61.425840,1000.00,cifi0007.DBF
ALP2,10ALP2,0,00,00,75,15,536.00,0,542.00,576.00,106.288500,61.425840,1000.00,cifi0007.DBF
ALP2,10ALP2,0,00,00,75,16,580.00,0,586.00,617.00,106.288500,61.425840,1000.00,cifi0007.DBF
ALP2,10ALP2,0,00,00,75,17,633.00,0,637.00,665.00,106.288500,61.425840,1000.00,cifi0007.DBF
ALP2,10ALP2,0,00,00,75,18,698.00,0,701.00,722.00,106.288500,61.425840,1000.00,cifi0007.DBF
ALP2,10ALP2,0,00,00,75,19,783.00,0,785.00,796.00,106.288500,61.425840,1000.00,cifi0007.DBF
ALP2,10ALP2,0,00,00,75,20,903.00,0,902.00,897.00,106.288500,61.425840,1000.00,cifi0007.DBF
ALP2,10ALP2,0,00,00,76,1,0.00,0,0.00,34.00,112.835800,67.492830,1000.00,cifi0007.DBF
ALP2,10ALP2,0,00,00,76,2,31.00,0,44.00,78.00,112.835800,67.492830,1000.00,cifi0007.DBF
ALP2,10ALP2,0,00,00,76,3,75.00,0,88.00,122.00,112.835800,67.492830,1000.00,cifi0007.DBF
ALP2,10ALP2,0,00,00,76,4,119.00,0,130.00,165.00,112.835800,67.492830,1000.00,cifi0007.DBF
ALP2,10ALP2,0,00,00,76,5,161.00,0,172.00,207.00,112.835800,67.492830,1000.00,cifi0007.DBF
ALP2,10ALP2,0,00,00,76,6,203.00,0,213.00,249.00,112.835800,67.492830,1000.00,cifi0007.DBF
ALP2,10ALP2,0,00,00,76,7,243.00,0,253.00,289.00,112.835800,67.492830,1000.00,cifi0007.DBF
ALP2,10ALP2,0,00,00,76,8,282.00,0,292.00,329.00,112.835800,67.492830,1000.00,cifi0007.DBF
ALP2,10ALP2,0,00,00,76,9,320.00,0,329.00,367.00,112.835800,67.492830,1000.00,cifi0007.DBF
ALP2,10ALP2,0,00,00,76,10,356.00,0,364.00,403.00,112.835800,67.492830,1000.00,cifi0007.DBF
ALP2,10ALP2,0,00,00,76,11,390.00,0,398.00,437.00,112.835800,67.492830,1000.00,cifi0007.DBF
ALP2,10ALP2,0,00,00,76,12,425.00,0,432.00,471.00,112.835800,67.492830,1000.00,cifi0007.DBF
ALP2,10ALP2,0,00,00,76,13,460.00,0,466.00,505.00,112.835800,67.492830,1000.00,cifi0007.DBF
ALP2,10ALP2,0,00,00,76,14,496.00,0,502.00,540.00,112.835800,67.492830,1000.00,cifi0007.DBF
ALP2,10ALP2,0,00,00,76,15,535.00,0,541.00,578.00,112.835800,67.492830,1000.00,cifi0007.DBF
ALP2,10ALP2,0,00,00,76,16,580.00,0,585.00,619.00,112.835800,67.492830,1000.00,cifi0007.DBF
ALP2,10ALP2,0,00,00,76,17,632.00,0,637.00,667.00,112.835800,67.492830,1000.00,cifi0007.DBF
ALP2,10ALP2,0,00,00,76,18,699.00,0,702.00,726.00,112.835800,67.492830,1000.00,cifi0007.DBF
ALP2,10ALP2,0,00,00,76,19,788.00,0,789.00,802.00,112.835800,67.492830,1000.00,cifi0007.DBF
ALP2,10ALP2,0,00,00,76,20,915.00,0,915.00,908.00,112.835800,67.492830,1000.00,cifi0007.DBF
ALP2,10ALP2,0,00,00,77,1,0.00,0,0.00,37.00,119.831300,73.799050,1000.00,cifi0007.DBF
ALP2,10ALP2,0,00,00,77,2,33.00,0,45.00,82.00,119.831300,73.799050,1000.00,cifi0007.DBF
ALP2,10ALP2,0,00,00,77,3,78.00,0,89.00,127.00,119.831300,73.799050,1000.00,cifi0007.DBF
ALP2,10ALP2,0,00,00,77,4,122.00,0,133.00,171.00,119.831300,73.799050,1000.00,cifi0007.DBF
ALP2,10ALP2,0,00,00,77,5,165.00,0,176.00,214.00,119.831300,73.799050,1000.00,cifi0007.DBF
ALP2,10ALP2,0,00,00,77,6,207.00,0,217.00,256.00,119.831300,73.799050,1000.00,cifi0007.DBF
ALP2,10ALP2,0,00,00,77,7,247.00,0,257.00,297.00,119.831300,73.799050,1000.00,cifi0007.DBF
ALP2,10ALP2,0,00,00,77,8,285.00,0,294.00,335.00,119.831300,73.799050,1000.00,cifi0007.DBF
ALP2,10ALP2,0,00,00,77,9,322.00,0,330.00,372.00,119.831300,73.799050,1000.00,cifi0007.DBF
ALP2,10ALP2,0,00,00,77,10,357.00,0,365.00,407.00,119.831300,73.799050,1000.00,cifi0007.DBF
ALP2,10ALP2,0,00,00,77,11,391.00,0,399.00,442.00,119.831300,73.799050,1000.00,cifi0007.DBF
ALP2,10ALP2,0,00,00,77,12,425.00,0,432.00,475.00,119.831300,73.799050,1000.00,cifi0007.DBF
ALP2,10ALP2,0,00,00,77,13,460.00,0,466.00,509.00,119.831300,73.799050,1000.00,cifi0007.DBF
ALP2,10ALP2,0,00,00,77,14,496.00,0,502.00,544.00,119.831300,73.799050,1000.00,cifi0007.DBF
ALP2,10ALP2,0,00,00,77,15,535.00,0,541.00,581.00,119.831300,73.799050,1000.00,cifi0007.DBF
ALP2,10ALP2,0,00,00,77,16,581.00,0,586.00,623.00,119.831300,73.799050,1000.00,cifi0007.DBF
ALP2,10ALP2,0,00,00,77,17,635.00,0,639.00,672.00,119.831300,73.799050,1000.00,cifi0007.DBF
ALP2,10ALP2,0,00,00,77,18,703.00,0,706.00,732.00,119.831300,73.799050,1000.00,cifi0007.DBF
ALP2,10ALP2,0,00,00,77,19,793.00,0,795.00,810.00,119.831300,73.799050,1000.00,cifi0007.DBF
ALP2,10ALP2,0,00,00,77,20,929.00,0,929.00,922.00,119.831300,73.799050,1000.00,cifi0007.DBF
ALP2,10ALP2,0,00,00,78,1,0.00,0,0.00,40.00,127.365300,80.287090,1000.00,cifi0007.DBF
ALP2,10ALP2,0,00,00,78,2,35.00,0,46.00,87.00,127.365300,80.287090,1000.00,cifi0007.DBF
ALP2,10ALP2,0,00,00,78,3,81.00,0,92.00,133.00,127.365300,80.287090,1000.00,cifi0007.DBF
ALP2,10ALP2,0,00,00,78,4,126.00,0,136.00,178.00,127.365300,80.287090,1000.00,cifi0007.DBF
ALP2,10ALP2,0,00,00,78,5,169.00,0,179.00,221.00,127.365300,80.287090,1000.00,cifi0007.DBF
ALP2,10ALP2,0,00,00,78,6,211.00,0,220.00,263.00,127.365300,80.287090,1000.00,cifi0007.DBF
ALP2,10ALP2,0,00,00,78,7,251.00,0,259.00,303.00,127.365300,80.287090,1000.00,cifi0007.DBF
ALP2,10ALP2,0,00,00,78,8,288.00,0,296.00,341.00,127.365300,80.287090,1000.00,cifi0007.DBF
ALP2,10ALP2,0,00,00,78,9,324.00,0,332.00,378.00,127.365300,80.287090,1000.00,cifi0007.DBF
ALP2,10ALP2,0,00,00,78,10,359.00,0,366.00,413.00,127.365300,80.287090,1000.00,cifi0007.DBF
ALP2,10ALP2,0,00,00,78,11,393.00,0,399.00,446.00,127.365300,80.287090,1000.00,cifi0007.DBF
ALP2,10ALP2,0,00,00,78,12,426.00,0,433.00,480.00,127.365300,80.287090,1000.00,cifi0007.DBF
ALP2,10ALP2,0,00,00,78,13,461.00,0,467.00,514.00,127.365300,80.287090,1000.00,cifi0007.DBF
ALP2,10ALP2,0,00,00,78,14,498.00,0,504.00,549.00,127.365300,80.287090,1000.00,cifi0007.DBF
ALP2,10ALP2,0,00,00,78,15,539.00,0,544.00,588.00,127.365300,80.287090,1000.00,cifi0007.DBF
ALP2,10ALP2,0,00,00,78,16,586.00,0,591.00,631.00,127.365300,80.287090,1000.00,cifi0007.DBF
ALP2,10ALP2,0,00,00,78,17,641.00,0,645.00,682.00,127.365300,80.287090,1000.00,cifi0007.DBF
ALP2,10ALP2,0,00,00,78,18,710.00,0,712.00,742.00,127.365300,80.287090,1000.00,cifi0007.DBF
ALP2,10ALP2,0,00,00,78,19,800.00,0,801.00,820.00,127.365300,80.287090,1000.00,cifi0007.DBF
ALP2,10ALP2,0,00,00,78,20,943.00,0,943.00,936.00,127.365300,80.287090,1000.00,cifi0007.DBF
ALP2,10ALP2,0,00,00,79,1,0.00,0,0.00,44.00,135.528300,87.129190,1000.00,cifi0007.DBF
ALP2,10ALP2,0,00,00,79,2,37.00,0,47.00,91.00,135.528300,87.129190,1000.00,cifi0007.DBF
ALP2,10ALP2,0,00,00,79,3,84.00,0,94.00,138.00,135.528300,87.129190,1000.00,cifi0007.DBF
ALP2,10ALP2,0,00,00,79,4,130.00,0,139.00,184.00,135.528300,87.129190,1000.00,cifi0007.DBF
ALP2,10ALP2,0,00,00,79,5,173.00,0,182.00,228.00,135.528300,87.129190,1000.00,cifi0007.DBF
ALP2,10ALP2,0,00,00,79,6,214.00,0,222.00,270.00,135.528300,87.129190,1000.00,cifi0007.DBF
ALP2,10ALP2,0,00,00,79,7,253.00,0,261.00,309.00,135.528300,87.129190,1000.00,cifi0007.DBF
ALP2,10ALP2,0,00,00,79,8,290.00,0,298.00,347.00,135.528300,87.129190,1000.00,cifi0007.DBF
ALP2,10ALP2,0,00,00,79,9,326.00,0,333.00,383.00,135.528300,87.129190,1000.00,cifi0007.DBF
ALP2,10ALP2,0,00,00,79,10,361.00,0,367.00,418.00,135.528300,87.129190,1000.00,cifi0007.DBF
ALP2,10ALP2,0,00,00,79,11,395.00,0,401.00,452.00,135.528300,87.129190,1000.00,cifi0007.DBF
ALP2,10ALP2,0,00,00,79,12,430.00,0,436.00,486.00,135.528300,87.129190,1000.00,cifi0007.DBF
ALP2,10ALP2,0,00,00,79,13,467.00,0,472.00,522.00,135.528300,87.129190,1000.00,cifi0007.DBF
ALP2,10ALP2,0,00,00,79,14,506.00,0,511.00,559.00,135.528300,87.129190,1000.00,cifi0007.DBF
ALP2,10ALP2,0,00,00,79,15,550.00,0,554.00,600.00,135.528300,87.129190,1000.00,cifi0007.DBF
ALP2,10ALP2,0,00,00,79,16,599.00,0,603.00,646.00,135.528300,87.129190,1000.00,cifi0007.DBF
ALP2,10ALP2,0,00,00,79,17,657.00,0,660.00,699.00,135.528300,87.129190,1000.00,cifi0007.DBF
ALP2,10ALP2,0,00,00,79,18,723.00,0,726.00,761.00,135.528300,87.129190,1000.00,cifi0007.DBF
ALP2,10ALP2,0,00,00,79,19,806.00,0,807.00,834.00,135.528300,87.129190,1000.00,cifi0007.DBF
ALP2,10ALP2,0,00,00,79,20,957.00,0,957.00,950.00,135.528300,87.129190,1000.00,cifi0007.DBF
ALP2,10ALP2,0,00,00,80,1,0.00,0,0.00,47.00,144.386400,94.583730,1000.00,cifi0007.DBF
ALP2,10ALP2,0,00,00,80,2,40.00,0,49.00,97.00,144.386400,94.583730,1000.00,cifi0007.DBF
ALP2,10ALP2,0,00,00,80,3,87.00,0,96.00,145.00,144.386400,94.583730,1000.00,cifi0007.DBF
ALP2,10ALP2,0,00,00,80,4,133.00,0,141.00,191.00,144.386400,94.583730,1000.00,cifi0007.DBF
ALP2,10ALP2,0,00,00,80,5,176.00,0,183.00,234.00,144.386400,94.583730,1000.00,cifi0007.DBF
ALP2,10ALP2,0,00,00,80,6,217.00,0,224.00,276.00,144.386400,94.583730,1000.00,cifi0007.DBF
ALP2,10ALP2,0,00,00,80,7,255.00,0,262.00,315.00,144.386400,94.583730,1000.00,cifi0007.DBF
ALP2,10ALP2,0,00,00,80,8,293.00,0,299.00,353.00,144.386400,94.583730,1000.00,cifi0007.DBF
ALP2,10ALP2,0,00,00,80,9,329.00,0,335.00,389.00,144.386400,94.583730,1000.00,cifi0007.DBF
ALP2,10ALP2,0,00,00,80,10,364.00,0,370.00,425.00,144.386400,94.583730,1000.00,cifi0007.DBF
ALP2,10ALP2,0,00,00,80,11,400.00,0,406.00,460.00,144.386400,94.583730,1000.00,cifi0007.DBF
ALP2,10ALP2,0,00,00,80,12,438.00,0,443.00,497.00,144.386400,94.583730,1000.00,cifi0007.DBF
ALP2,10ALP2,0,00,00,80,13,478.00,0,482.00,535.00,144.386400,94.583730,1000.00,cifi0007.DBF
ALP2,10ALP2,0,00,00,80,14,522.00,0,526.00,576.00,144.386400,94.583730,1000.00,cifi0007.DBF
ALP2,10ALP2,0,00,00,80,15,571.00,0,575.00,623.00,144.386400,94.583730,1000.00,cifi0007.DBF
ALP2,10ALP2,0,00,00,80,16,626.00,0,629.00,674.00,144.386400,94.583730,1000.00,cifi0007.DBF
ALP2,10ALP2,0,00,00,80,17,686.00,0,689.00,731.00,144.386400,94.583730,1000.00,cifi0007.DBF
ALP2,10ALP2,0,00,00,80,18,749.00,0,751.00,792.00,144.386400,94.583730,1000.00,cifi0007.DBF
ALP2,10ALP2,0,00,00,80,19,811.00,0,813.00,854.00,144.386400,94.583730,1000.00,cifi0007.DBF
ALP2,10ALP2,0,00,00,80,20,0.00,0,0.00,479.00,144.386400,94.583730,1000.00,cifi0007.DBF
ALP2,10ALP2,0,00,00,81,1,0.00,0,0.00,51.00,153.968000,102.851700,1000.00,cifi0007.DBF
ALP2,10ALP2,0,00,00,81,2,42.00,0,49.00,101.00,153.968000,102.851700,1000.00,cifi0007.DBF
ALP2,10ALP2,0,00,00,81,3,90.00,0,97.00,150.00,153.968000,102.851700,1000.00,cifi0007.DBF
ALP2,10ALP2,0,00,00,81,4,135.00,0,142.00,196.00,153.968000,102.851700,1000.00,cifi0007.DBF
ALP2,10ALP2,0,00,00,81,5,178.00,0,184.00,240.00,153.968000,102.851700,1000.00,cifi0007.DBF
ALP2,10ALP2,0,00,00,81,6,218.00,0,224.00,281.00,153.968000,102.851700,1000.00,cifi0007.DBF
ALP2,10ALP2,0,00,00,81,7,257.00,0,263.00,320.00,153.968000,102.851700,1000.00,cifi0007.DBF
ALP2,10ALP2,0,00,00,81,8,295.00,0,301.00,359.00,153.968000,102.851700,1000.00,cifi0007.DBF
ALP2,10ALP2,0,00,00,81,9,333.00,0,338.00,396.00,153.968000,102.851700,1000.00,cifi0007.DBF
ALP2,10ALP2,0,00,00,81,10,371.00,0,375.00,433.00,153.968000,102.851700,1000.00,cifi0007.DBF
ALP2,10ALP2,0,00,00,81,11,410.00,0,414.00,471.00,153.968000,102.851700,1000.00,cifi0007.DBF
ALP2,10ALP2,0,00,00,81,12,452.00,0,456.00,512.00,153.968000,102.851700,1000.00,cifi0007.DBF
ALP2,10ALP2,0,00,00,81,13,498.00,0,502.00,556.00,153.968000,102.851700,1000.00,cifi0007.DBF
ALP2,10ALP2,0,00,00,81,14,550.00,0,553.00,604.00,153.968000,102.851700,1000.00,cifi0007.DBF
ALP2,10ALP2,0,00,00,81,15,608.00,0,610.00,658.00,153.968000,102.851700,1000.00,cifi0007.DBF
ALP2,10ALP2,0,00,00,81,16,671.00,0,673.00,718.00,153.968000,102.851700,1000.00,cifi0007.DBF
ALP2,10ALP2,0,00,00,81,17,737.00,0,738.00,782.00,153.968000,102.851700,1000.00,cifi0007.DBF
ALP2,10ALP2,0,00,00,81,18,802.00,0,803.00,847.00,153.968000,102.851700,1000.00,cifi0007.DBF
ALP2,10ALP2,0,00,00,81,19,0.00,0,0.00,478.00,153.968000,102.851700,1000.00,cifi0007.DBF
ALP2,10ALP2,0,00,00,81,20,0.00,0,0.00,77.00,153.968000,102.851700,1000.00,cifi0007.DBF
