cfic_plan,ql_plan,gender,uwclass,band,issue_age,policy_year,cash_value,pup_ins,term_rsv,mean_rsv,rl_netprem,fy_netprem,death_ben,source_file
DX5F,10DX5F,0,00,00,15,1,0.00,0,0.00,0.09,0.184470,0.184470,1000.00,cifi0007.DBF
DX5F,10DX5F,0,00,00,15,2,0.00,0,0.66,0.78,0.898190,0.184470,1000.00,cifi0007.DBF
DX5F,10DX5F,0,00,00,15,3,0.00,0,1.28,1.42,0.898190,0.184470,1000.00,cifi0007.DBF
DX5F,10DX5F,0,00,00,15,4,0.00,0,1.91,2.05,0.898190,0.184470,1000.00,cifi0007.DBF
DX5F,10DX5F,0,00,00,15,5,0.00,0,2.57,2.69,0.898190,0.184470,1000.00,cifi0007.DBF
DX5F,10DX5F,0,00,00,15,6,0.00,0,3.24,3.35,0.898190,0.184470,1000.00,cifi0007.DBF
DX5F,10DX5F,0,00,00,15,7,0.00,0,3.94,4.04,0.898190,0.184470,1000.00,cifi0007.DBF
DX5F,10DX5F,0,00,00,15,8,0.00,0,4.65,4.74,0.898190,0.184470,1000.00,cifi0007.DBF
DX5F,10DX5F,0,00,00,15,9,0.00,0,5.37,5.46,0.898190,0.184470,1000.00,cifi0007.DBF
DX5F,10DX5F,0,00,00,15,10,0.00,0,6.06,6.16,0.898190,0.184470,1000.00,cifi0007.DBF
DX5F,10DX5F,0,00,00,15,11,0.00,0,6.76,6.86,0.898190,0.184470,1000.00,cifi0007.DBF
DX5F,10DX5F,0,00,00,15,12,0.00,0,7.49,7.57,0.898190,0.184470,1000.00,cifi0007.DBF
DX5F,10DX5F,0,00,00,15,13,0.00,0,8.23,8.31,0.898190,0.184470,1000.00,cifi0007.DBF
DX5F,10DX5F,0,00,00,15,14,0.00,0,8.98,9.06,0.898190,0.184470,1000.00,cifi0007.DBF
DX5F,10DX5F,0,00,00,15,15,0.00,0,9.74,9.81,0.898190,0.184470,1000.00,cifi0007.DBF
DX5F,10DX5F,0,00,00,15,16,0.00,0,10.50,10.57,0.908800,0.184470,1000.00,cifi0007.DBF
DX5F,10DX5F,0,00,00,15,17,0.00,0,11.24,11.32,0.908800,0.184470,1000.00,cifi0007.DBF
DX5F,10DX5F,0,00,00,15,18,0.00,0,11.98,12.07,0.908800,0.184470,1000.00,cifi0007.DBF
DX5F,10DX5F,0,00,00,15,19,0.00,0,12.70,12.79,0.908800,0.184470,1000.00,cifi0007.DBF
DX5F,10DX5F,0,00,00,15,20,0.00,0,13.37,13.49,0.908800,0.184470,1000.00,cifi0007.DBF
DX5F,10DX5F,0,00,00,15,21,0.00,0,14.01,14.15,0.919420,0.184470,1000.00,cifi0007.DBF
DX5F,10DX5F,0,00,00,15,22,0.00,0,14.58,14.75,0.919420,0.184470,1000.00,cifi0007.DBF
DX5F,10DX5F,0,00,00,15,23,0.00,0,15.07,15.28,0.919420,0.184470,1000.00,cifi0007.DBF
DX5F,10DX5F,0,00,00,15,24,0.00,0,15.48,15.73,0.919420,0.184470,1000.00,cifi0007.DBF
DX5F,10DX5F,0,00,00,15,25,0.00,0,15.83,16.12,0.919420,0.184470,1000.00,cifi0007.DBF
DX5F,10DX5F,0,00,00,15,26,0.00,0,16.18,16.49,0.966130,0.184470,1000.00,cifi0007.DBF
DX5F,10DX5F,0,00,00,15,27,0.00,0,16.48,16.81,0.966130,0.184470,1000.00,cifi0007.DBF
DX5F,10DX5F,0,00,00,15,28,0.00,0,16.75,17.10,0.966130,0.184470,1000.00,cifi0007.DBF
DX5F,10DX5F,0,00,00,15,29,0.00,0,16.99,17.35,0.966130,0.184470,1000.00,cifi0007.DBF
DX5F,10DX5F,0,00,00,15,30,0.00,0,17.19,17.57,0.966130,0.184470,1000.00,cifi0007.DBF
DX5F,10DX5F,0,00,00,15,31,0.00,0,17.53,17.93,1.148740,0.184470,1000.00,cifi0007.DBF
DX5F,10DX5F,0,00,00,15,32,0.00,0,17.78,18.23,1.148740,0.184470,1000.00,cifi0007.DBF
DX5F,10DX5F,0,00,00,15,33,0.00,0,17.92,18.42,1.148740,0.184470,1000.00,cifi0007.DBF
DX5F,10DX5F,0,00,00,15,34,0.00,0,17.94,18.51,1.148740,0.184470,1000.00,cifi0007.DBF
DX5F,10DX5F,0,00,00,15,35,0.00,0,17.83,18.46,1.148740,0.184470,1000.00,cifi0007.DBF
DX5F,10DX5F,0,00,00,15,36,0.00,0,18.00,18.70,1.573420,0.184470,1000.00,cifi0007.DBF
DX5F,10DX5F,0,00,00,15,37,0.00,0,18.01,18.79,1.573420,0.184470,1000.00,cifi0007.DBF
DX5F,10DX5F,0,00,00,15,38,0.00,0,17.83,18.71,1.573420,0.184470,1000.00,cifi0007.DBF
DX5F,10DX5F,0,00,00,15,39,0.00,0,17.44,18.42,1.573420,0.184470,1000.00,cifi0007.DBF
DX5F,10DX5F,0,00,00,15,40,0.00,0,16.81,17.92,1.573420,0.184470,1000.00,cifi0007.DBF
DX5F,10DX5F,0,00,00,15,41,0.00,0,16.59,17.82,2.235910,0.184470,1000.00,cifi0007.DBF
DX5F,10DX5F,0,00,00,15,42,0.00,0,16.08,17.45,2.235910,0.184470,1000.00,cifi0007.DBF
DX5F,10DX5F,0,00,00,15,43,0.00,0,15.23,16.77,2.235910,0.184470,1000.00,cifi0007.DBF
DX5F,10DX5F,0,00,00,15,44,0.00,0,14.00,15.73,2.235910,0.184470,1000.00,cifi0007.DBF
DX5F,10DX5F,0,00,00,15,45,0.00,0,12.31,14.27,2.235910,0.184470,1000.00,cifi0007.DBF
DX5F,10DX5F,0,00,00,15,46,0.00,0,11.17,13.38,3.265740,0.184470,1000.00,cifi0007.DBF
DX5F,10DX5F,0,00,00,15,47,0.00,0,9.46,11.95,3.265740,0.184470,1000.00,cifi0007.DBF
DX5F,10DX5F,0,00,00,15,48,0.00,0,7.10,9.92,3.265740,0.184470,1000.00,cifi0007.DBF
DX5F,10DX5F,0,00,00,15,49,0.00,0,3.99,7.18,3.265740,0.184470,1000.00,cifi0007.DBF
DX5F,10DX5F,0,00,00,15,50,0.00,0,0.00,3.63,3.265740,0.184470,1000.00,cifi0007.DBF
DX5F,10DX5F,0,00,00,16,1,0.00,0,0.00,0.13,0.262140,0.262140,1000.00,cifi0007.DBF
DX5F,10DX5F,0,00,00,16,2,0.00,0,0.63,0.77,0.917460,0.262140,1000.00,cifi0007.DBF
DX5F,10DX5F,0,00,00,16,3,0.00,0,1.26,1.40,0.917460,0.262140,1000.00,cifi0007.DBF
DX5F,10DX5F,0,00,00,16,4,0.00,0,1.91,2.04,0.917460,0.262140,1000.00,cifi0007.DBF
DX5F,10DX5F,0,00,00,16,5,0.00,0,2.59,2.71,0.917460,0.262140,1000.00,cifi0007.DBF
DX5F,10DX5F,0,00,00,16,6,0.00,0,3.28,3.39,0.917460,0.262140,1000.00,cifi0007.DBF
DX5F,10DX5F,0,00,00,16,7,0.00,0,3.99,4.10,0.917460,0.262140,1000.00,cifi0007.DBF
DX5F,10DX5F,0,00,00,16,8,0.00,0,4.71,4.81,0.917460,0.262140,1000.00,cifi0007.DBF
DX5F,10DX5F,0,00,00,16,9,0.00,0,5.41,5.52,0.917460,0.262140,1000.00,cifi0007.DBF
DX5F,10DX5F,0,00,00,16,10,0.00,0,6.11,6.22,0.917460,0.262140,1000.00,cifi0007.DBF
DX5F,10DX5F,0,00,00,16,11,0.00,0,6.83,6.93,0.919630,0.262140,1000.00,cifi0007.DBF
DX5F,10DX5F,0,00,00,16,12,0.00,0,7.58,7.66,0.919630,0.262140,1000.00,cifi0007.DBF
DX5F,10DX5F,0,00,00,16,13,0.00,0,8.34,8.42,0.919630,0.262140,1000.00,cifi0007.DBF
DX5F,10DX5F,0,00,00,16,14,0.00,0,9.10,9.18,0.919630,0.262140,1000.00,cifi0007.DBF
DX5F,10DX5F,0,00,00,16,15,0.00,0,9.84,9.93,0.919630,0.262140,1000.00,cifi0007.DBF
DX5F,10DX5F,0,00,00,16,16,0.00,0,10.59,10.68,0.930480,0.262140,1000.00,cifi0007.DBF
DX5F,10DX5F,0,00,00,16,17,0.00,0,11.33,11.43,0.930480,0.262140,1000.00,cifi0007.DBF
DX5F,10DX5F,0,00,00,16,18,0.00,0,12.05,12.16,0.930480,0.262140,1000.00,cifi0007.DBF
DX5F,10DX5F,0,00,00,16,19,0.00,0,12.73,12.85,0.930480,0.262140,1000.00,cifi0007.DBF
DX5F,10DX5F,0,00,00,16,20,0.00,0,13.36,13.51,0.930480,0.262140,1000.00,cifi0007.DBF
DX5F,10DX5F,0,00,00,16,21,0.00,0,13.93,14.12,0.943490,0.262140,1000.00,cifi0007.DBF
DX5F,10DX5F,0,00,00,16,22,0.00,0,14.42,14.65,0.943490,0.262140,1000.00,cifi0007.DBF
DX5F,10DX5F,0,00,00,16,23,0.00,0,14.84,15.10,0.943490,0.262140,1000.00,cifi0007.DBF
DX5F,10DX5F,0,00,00,16,24,0.00,0,15.20,15.49,0.943490,0.262140,1000.00,cifi0007.DBF
DX5F,10DX5F,0,00,00,16,25,0.00,0,15.50,15.82,0.943490,0.262140,1000.00,cifi0007.DBF
DX5F,10DX5F,0,00,00,16,26,0.00,0,15.83,16.17,1.010730,0.262140,1000.00,cifi0007.DBF
DX5F,10DX5F,0,00,00,16,27,0.00,0,16.12,16.48,1.010730,0.262140,1000.00,cifi0007.DBF
DX5F,10DX5F,0,00,00,16,28,0.00,0,16.39,16.76,1.010730,0.262140,1000.00,cifi0007.DBF
DX5F,10DX5F,0,00,00,16,29,0.00,0,16.61,17.01,1.010730,0.262140,1000.00,cifi0007.DBF
DX5F,10DX5F,0,00,00,16,30,0.00,0,16.80,17.21,1.010730,0.262140,1000.00,cifi0007.DBF
DX5F,10DX5F,0,00,00,16,31,0.00,0,17.11,17.57,1.238470,0.262140,1000.00,cifi0007.DBF
DX5F,10DX5F,0,00,00,16,32,0.00,0,17.33,17.84,1.238470,0.262140,1000.00,cifi0007.DBF
DX5F,10DX5F,0,00,00,16,33,0.00,0,17.42,17.99,1.238470,0.262140,1000.00,cifi0007.DBF
DX5F,10DX5F,0,00,00,16,34,0.00,0,17.38,18.02,1.238470,0.262140,1000.00,cifi0007.DBF
DX5F,10DX5F,0,00,00,16,35,0.00,0,17.20,17.91,1.238470,0.262140,1000.00,cifi0007.DBF
DX5F,10DX5F,0,00,00,16,36,0.00,0,17.33,18.13,1.724310,0.262140,1000.00,cifi0007.DBF
DX5F,10DX5F,0,00,00,16,37,0.00,0,17.29,18.18,1.724310,0.262140,1000.00,cifi0007.DBF
DX5F,10DX5F,0,00,00,16,38,0.00,0,17.04,18.03,1.724310,0.262140,1000.00,cifi0007.DBF
DX5F,10DX5F,0,00,00,16,39,0.00,0,16.56,17.66,1.724310,0.262140,1000.00,cifi0007.DBF
DX5F,10DX5F,0,00,00,16,40,0.00,0,15.80,17.04,1.724310,0.262140,1000.00,cifi0007.DBF
DX5F,10DX5F,0,00,00,16,41,0.00,0,15.48,16.87,2.455250,0.262140,1000.00,cifi0007.DBF
DX5F,10DX5F,0,00,00,16,42,0.00,0,14.84,16.39,2.455250,0.262140,1000.00,cifi0007.DBF
DX5F,10DX5F,0,00,00,16,43,0.00,0,13.82,15.56,2.455250,0.262140,1000.00,cifi0007.DBF
DX5F,10DX5F,0,00,00,16,44,0.00,0,12.36,14.32,2.455250,0.262140,1000.00,cifi0007.DBF
DX5F,10DX5F,0,00,00,16,45,0.00,0,10.38,12.60,2.455250,0.262140,1000.00,cifi0007.DBF
DX5F,10DX5F,0,00,00,16,46,0.00,0,8.86,11.36,3.474650,0.262140,1000.00,cifi0007.DBF
DX5F,10DX5F,0,00,00,16,47,0.00,0,6.69,9.51,3.474650,0.262140,1000.00,cifi0007.DBF
DX5F,10DX5F,0,00,00,16,48,0.00,0,3.78,6.97,3.474650,0.262140,1000.00,cifi0007.DBF
DX5F,10DX5F,0,00,00,16,49,0.00,0,0.00,3.63,3.474650,0.262140,1000.00,cifi0007.DBF
DX5F,10DX5F,0,00,00,17,1,0.00,0,0.00,0.16,0.310680,0.310680,1000.00,cifi0007.DBF
DX5F,10DX5F,0,00,00,17,2,0.00,0,0.63,0.79,0.936300,0.310680,1000.00,cifi0007.DBF
DX5F,10DX5F,0,00,00,17,3,0.00,0,1.29,1.43,0.936300,0.310680,1000.00,cifi0007.DBF
DX5F,10DX5F,0,00,00,17,4,0.00,0,1.96,2.09,0.936300,0.310680,1000.00,cifi0007.DBF
DX5F,10DX5F,0,00,00,17,5,0.00,0,2.66,2.78,0.936300,0.310680,1000.00,cifi0007.DBF
DX5F,10DX5F,0,00,00,17,6,0.00,0,3.37,3.48,0.936300,0.310680,1000.00,cifi0007.DBF
DX5F,10DX5F,0,00,00,17,7,0.00,0,4.09,4.20,0.936300,0.310680,1000.00,cifi0007.DBF
DX5F,10DX5F,0,00,00,17,8,0.00,0,4.79,4.91,0.936300,0.310680,1000.00,cifi0007.DBF
DX5F,10DX5F,0,00,00,17,9,0.00,0,5.49,5.61,0.936300,0.310680,1000.00,cifi0007.DBF
DX5F,10DX5F,0,00,00,17,10,0.00,0,6.21,6.32,0.936300,0.310680,1000.00,cifi0007.DBF
DX5F,10DX5F,0,00,00,17,11,0.00,0,6.96,7.05,0.940720,0.310680,1000.00,cifi0007.DBF
DX5F,10DX5F,0,00,00,17,12,0.00,0,7.72,7.81,0.940720,0.310680,1000.00,cifi0007.DBF
DX5F,10DX5F,0,00,00,17,13,0.00,0,8.48,8.57,0.940720,0.310680,1000.00,cifi0007.DBF
DX5F,10DX5F,0,00,00,17,14,0.00,0,9.23,9.33,0.940720,0.310680,1000.00,cifi0007.DBF
DX5F,10DX5F,0,00,00,17,15,0.00,0,9.97,10.07,0.940720,0.310680,1000.00,cifi0007.DBF
DX5F,10DX5F,0,00,00,17,16,0.00,0,10.72,10.82,0.951790,0.310680,1000.00,cifi0007.DBF
DX5F,10DX5F,0,00,00,17,17,0.00,0,11.43,11.55,0.951790,0.310680,1000.00,cifi0007.DBF
DX5F,10DX5F,0,00,00,17,18,0.00,0,12.12,12.25,0.951790,0.310680,1000.00,cifi0007.DBF
DX5F,10DX5F,0,00,00,17,19,0.00,0,12.75,12.91,0.951790,0.310680,1000.00,cifi0007.DBF
DX5F,10DX5F,0,00,00,17,20,0.00,0,13.31,13.51,0.951790,0.310680,1000.00,cifi0007.DBF
DX5F,10DX5F,0,00,00,17,21,0.00,0,13.81,14.05,0.967280,0.310680,1000.00,cifi0007.DBF
DX5F,10DX5F,0,00,00,17,22,0.00,0,14.24,14.51,0.967280,0.310680,1000.00,cifi0007.DBF
DX5F,10DX5F,0,00,00,17,23,0.00,0,14.60,14.90,0.967280,0.310680,1000.00,cifi0007.DBF
DX5F,10DX5F,0,00,00,17,24,0.00,0,14.91,15.23,0.967280,0.310680,1000.00,cifi0007.DBF
DX5F,10DX5F,0,00,00,17,25,0.00,0,15.17,15.52,0.967280,0.310680,1000.00,cifi0007.DBF
DX5F,10DX5F,0,00,00,17,26,0.00,0,15.50,15.86,1.062460,0.310680,1000.00,cifi0007.DBF
DX5F,10DX5F,0,00,00,17,27,0.00,0,15.80,16.18,1.062460,0.310680,1000.00,cifi0007.DBF
DX5F,10DX5F,0,00,00,17,28,0.00,0,16.06,16.46,1.062460,0.310680,1000.00,cifi0007.DBF
DX5F,10DX5F,0,00,00,17,29,0.00,0,16.27,16.70,1.062460,0.310680,1000.00,cifi0007.DBF
DX5F,10DX5F,0,00,00,17,30,0.00,0,16.39,16.86,1.062460,0.310680,1000.00,cifi0007.DBF
DX5F,10DX5F,0,00,00,17,31,0.00,0,16.69,17.21,1.341360,0.310680,1000.00,cifi0007.DBF
DX5F,10DX5F,0,00,00,17,32,0.00,0,16.87,17.45,1.341360,0.310680,1000.00,cifi0007.DBF
DX5F,10DX5F,0,00,00,17,33,0.00,0,16.92,17.57,1.341360,0.310680,1000.00,cifi0007.DBF
DX5F,10DX5F,0,00,00,17,34,0.00,0,16.83,17.54,1.341360,0.310680,1000.00,cifi0007.DBF
DX5F,10DX5F,0,00,00,17,35,0.00,0,16.56,17.36,1.341360,0.310680,1000.00,cifi0007.DBF
DX5F,10DX5F,0,00,00,17,36,0.00,0,16.66,17.55,1.885870,0.310680,1000.00,cifi0007.DBF
DX5F,10DX5F,0,00,00,17,37,0.00,0,16.55,17.55,1.885870,0.310680,1000.00,cifi0007.DBF
DX5F,10DX5F,0,00,00,17,38,0.00,0,16.22,17.33,1.885870,0.310680,1000.00,cifi0007.DBF
DX5F,10DX5F,0,00,00,17,39,0.00,0,15.61,16.86,1.885870,0.310680,1000.00,cifi0007.DBF
DX5F,10DX5F,0,00,00,17,40,0.00,0,14.70,16.10,1.885870,0.310680,1000.00,cifi0007.DBF
DX5F,10DX5F,0,00,00,17,41,0.00,0,14.29,15.84,2.698210,0.310680,1000.00,cifi0007.DBF
DX5F,10DX5F,0,00,00,17,42,0.00,0,13.50,15.24,2.698210,0.310680,1000.00,cifi0007.DBF
DX5F,10DX5F,0,00,00,17,43,0.00,0,12.28,14.24,2.698210,0.310680,1000.00,cifi0007.DBF
DX5F,10DX5F,0,00,00,17,44,0.00,0,10.55,12.76,2.698210,0.310680,1000.00,cifi0007.DBF
DX5F,10DX5F,0,00,00,17,45,0.00,0,8.23,10.74,2.698210,0.310680,1000.00,cifi0007.DBF
DX5F,10DX5F,0,00,00,17,46,0.00,0,6.27,9.09,3.692060,0.310680,1000.00,cifi0007.DBF
DX5F,10DX5F,0,00,00,17,47,0.00,0,3.56,6.76,3.692060,0.310680,1000.00,cifi0007.DBF
DX5F,10DX5F,0,00,00,17,48,0.00,0,0.00,3.63,3.692060,0.310680,1000.00,cifi0007.DBF
DX5F,10DX5F,0,00,00,18,1,0.00,0,0.00,0.16,0.320390,0.320390,1000.00,cifi0007.DBF
DX5F,10DX5F,0,00,00,18,2,0.00,0,0.65,0.80,0.955340,0.320390,1000.00,cifi0007.DBF
DX5F,10DX5F,0,00,00,18,3,0.00,0,1.33,1.47,0.955340,0.320390,1000.00,cifi0007.DBF
DX5F,10DX5F,0,00,00,18,4,0.00,0,2.02,2.15,0.955340,0.320390,1000.00,cifi0007.DBF
DX5F,10DX5F,0,00,00,18,5,0.00,0,2.74,2.86,0.955340,0.320390,1000.00,cifi0007.DBF
DX5F,10DX5F,0,00,00,18,6,0.00,0,3.46,3.57,0.955340,0.320390,1000.00,cifi0007.DBF
DX5F,10DX5F,0,00,00,18,7,0.00,0,4.16,4.28,0.955340,0.320390,1000.00,cifi0007.DBF
DX5F,10DX5F,0,00,00,18,8,0.00,0,4.86,4.98,0.955340,0.320390,1000.00,cifi0007.DBF
DX5F,10DX5F,0,00,00,18,9,0.00,0,5.58,5.69,0.955340,0.320390,1000.00,cifi0007.DBF
DX5F,10DX5F,0,00,00,18,10,0.00,0,6.32,6.43,0.955340,0.320390,1000.00,cifi0007.DBF
DX5F,10DX5F,0,00,00,18,11,0.00,0,7.09,7.18,0.962110,0.320390,1000.00,cifi0007.DBF
DX5F,10DX5F,0,00,00,18,12,0.00,0,7.85,7.95,0.962110,0.320390,1000.00,cifi0007.DBF
DX5F,10DX5F,0,00,00,18,13,0.00,0,8.60,8.71,0.962110,0.320390,1000.00,cifi0007.DBF
DX5F,10DX5F,0,00,00,18,14,0.00,0,9.35,9.46,0.962110,0.320390,1000.00,cifi0007.DBF
DX5F,10DX5F,0,00,00,18,15,0.00,0,10.08,10.20,0.962110,0.320390,1000.00,cifi0007.DBF
DX5F,10DX5F,0,00,00,18,16,0.00,0,10.80,10.93,0.973400,0.320390,1000.00,cifi0007.DBF
DX5F,10DX5F,0,00,00,18,17,0.00,0,11.49,11.63,0.973400,0.320390,1000.00,cifi0007.DBF
DX5F,10DX5F,0,00,00,18,18,0.00,0,12.13,12.29,0.973400,0.320390,1000.00,cifi0007.DBF
DX5F,10DX5F,0,00,00,18,19,0.00,0,12.69,12.90,0.973400,0.320390,1000.00,cifi0007.DBF
DX5F,10DX5F,0,00,00,18,20,0.00,0,13.18,13.42,0.973400,0.320390,1000.00,cifi0007.DBF
DX5F,10DX5F,0,00,00,18,21,0.00,0,13.61,13.89,0.995990,0.320390,1000.00,cifi0007.DBF
DX5F,10DX5F,0,00,00,18,22,0.00,0,13.98,14.29,0.995990,0.320390,1000.00,cifi0007.DBF
DX5F,10DX5F,0,00,00,18,23,0.00,0,14.30,14.64,0.995990,0.320390,1000.00,cifi0007.DBF
DX5F,10DX5F,0,00,00,18,24,0.00,0,14.58,14.94,0.995990,0.320390,1000.00,cifi0007.DBF
DX5F,10DX5F,0,00,00,18,25,0.00,0,14.82,15.19,0.995990,0.320390,1000.00,cifi0007.DBF
DX5F,10DX5F,0,00,00,18,26,0.00,0,15.15,15.55,1.120210,0.320390,1000.00,cifi0007.DBF
DX5F,10DX5F,0,00,00,18,27,0.00,0,15.45,15.86,1.120210,0.320390,1000.00,cifi0007.DBF
DX5F,10DX5F,0,00,00,18,28,0.00,0,15.71,16.14,1.120210,0.320390,1000.00,cifi0007.DBF
DX5F,10DX5F,0,00,00,18,29,0.00,0,15.87,16.35,1.120210,0.320390,1000.00,cifi0007.DBF
DX5F,10DX5F,0,00,00,18,30,0.00,0,15.93,16.46,1.120210,0.320390,1000.00,cifi0007.DBF
DX5F,10DX5F,0,00,00,18,31,0.00,0,16.21,16.80,1.461240,0.320390,1000.00,cifi0007.DBF
DX5F,10DX5F,0,00,00,18,32,0.00,0,16.36,17.01,1.461240,0.320390,1000.00,cifi0007.DBF
DX5F,10DX5F,0,00,00,18,33,0.00,0,16.37,17.09,1.461240,0.320390,1000.00,cifi0007.DBF
DX5F,10DX5F,0,00,00,18,34,0.00,0,16.21,17.02,1.461240,0.320390,1000.00,cifi0007.DBF
DX5F,10DX5F,0,00,00,18,35,0.00,0,15.86,16.77,1.461240,0.320390,1000.00,cifi0007.DBF
DX5F,10DX5F,0,00,00,18,36,0.00,0,15.91,16.92,2.064250,0.320390,1000.00,cifi0007.DBF
DX5F,10DX5F,0,00,00,18,37,0.00,0,15.74,16.86,2.064250,0.320390,1000.00,cifi0007.DBF
DX5F,10DX5F,0,00,00,18,38,0.00,0,15.31,16.56,2.064250,0.320390,1000.00,cifi0007.DBF
DX5F,10DX5F,0,00,00,18,39,0.00,0,14.57,15.97,2.064250,0.320390,1000.00,cifi0007.DBF
DX5F,10DX5F,0,00,00,18,40,0.00,0,13.49,15.06,2.064250,0.320390,1000.00,cifi0007.DBF
DX5F,10DX5F,0,00,00,18,41,0.00,0,12.96,14.71,2.969900,0.320390,1000.00,cifi0007.DBF
DX5F,10DX5F,0,00,00,18,42,0.00,0,12.00,13.97,2.969900,0.320390,1000.00,cifi0007.DBF
DX5F,10DX5F,0,00,00,18,43,0.00,0,10.54,12.76,2.969900,0.320390,1000.00,cifi0007.DBF
DX5F,10DX5F,0,00,00,18,44,0.00,0,8.50,11.01,2.969900,0.320390,1000.00,cifi0007.DBF
DX5F,10DX5F,0,00,00,18,45,0.00,0,5.80,8.64,2.969900,0.320390,1000.00,cifi0007.DBF
DX5F,10DX5F,0,00,00,18,46,0.00,0,3.32,6.53,3.927500,0.320390,1000.00,cifi0007.DBF
DX5F,10DX5F,0,00,00,18,47,0.00,0,0.00,3.63,3.927500,0.320390,1000.00,cifi0007.DBF
DX5F,10DX5F,0,00,00,19,1,0.00,0,0.00,0.16,0.320390,0.320390,1000.00,cifi0007.DBF
DX5F,10DX5F,0,00,00,19,2,0.00,0,0.68,0.83,0.982310,0.320390,1000.00,cifi0007.DBF
DX5F,10DX5F,0,00,00,19,3,0.00,0,1.38,1.52,0.982310,0.320390,1000.00,cifi0007.DBF
DX5F,10DX5F,0,00,00,19,4,0.00,0,2.11,2.24,0.982310,0.320390,1000.00,cifi0007.DBF
DX5F,10DX5F,0,00,00,19,5,0.00,0,2.83,2.96,0.982310,0.320390,1000.00,cifi0007.DBF
DX5F,10DX5F,0,00,00,19,6,0.00,0,3.54,3.68,0.982310,0.320390,1000.00,cifi0007.DBF
DX5F,10DX5F,0,00,00,19,7,0.00,0,4.25,4.39,0.982310,0.320390,1000.00,cifi0007.DBF
DX5F,10DX5F,0,00,00,19,8,0.00,0,4.98,5.11,0.982310,0.320390,1000.00,cifi0007.DBF
DX5F,10DX5F,0,00,00,19,9,0.00,0,5.74,5.85,0.982310,0.320390,1000.00,cifi0007.DBF
DX5F,10DX5F,0,00,00,19,10,0.00,0,6.50,6.61,0.982310,0.320390,1000.00,cifi0007.DBF
DX5F,10DX5F,0,00,00,19,11,0.00,0,7.28,7.39,0.991590,0.320390,1000.00,cifi0007.DBF
DX5F,10DX5F,0,00,00,19,12,0.00,0,8.05,8.16,0.991590,0.320390,1000.00,cifi0007.DBF
DX5F,10DX5F,0,00,00,19,13,0.00,0,8.81,8.92,0.991590,0.320390,1000.00,cifi0007.DBF
DX5F,10DX5F,0,00,00,19,14,0.00,0,9.56,9.68,0.991590,0.320390,1000.00,cifi0007.DBF
DX5F,10DX5F,0,00,00,19,15,0.00,0,10.28,10.41,0.991590,0.320390,1000.00,cifi0007.DBF
DX5F,10DX5F,0,00,00,19,16,0.00,0,10.98,11.13,1.003210,0.320390,1000.00,cifi0007.DBF
DX5F,10DX5F,0,00,00,19,17,0.00,0,11.63,11.81,1.003210,0.320390,1000.00,cifi0007.DBF
DX5F,10DX5F,0,00,00,19,18,0.00,0,12.21,12.42,1.003210,0.320390,1000.00,cifi0007.DBF
DX5F,10DX5F,0,00,00,19,19,0.00,0,12.71,12.96,1.003210,0.320390,1000.00,cifi0007.DBF
DX5F,10DX5F,0,00,00,19,20,0.00,0,13.14,13.43,1.003210,0.320390,1000.00,cifi0007.DBF
DX5F,10DX5F,0,00,00,19,21,0.00,0,13.54,13.86,1.038040,0.320390,1000.00,cifi0007.DBF
DX5F,10DX5F,0,00,00,19,22,0.00,0,13.89,14.23,1.038040,0.320390,1000.00,cifi0007.DBF
DX5F,10DX5F,0,00,00,19,23,0.00,0,14.19,14.56,1.038040,0.320390,1000.00,cifi0007.DBF
DX5F,10DX5F,0,00,00,19,24,0.00,0,14.47,14.85,1.038040,0.320390,1000.00,cifi0007.DBF
DX5F,10DX5F,0,00,00,19,25,0.00,0,14.71,15.11,1.038040,0.320390,1000.00,cifi0007.DBF
DX5F,10DX5F,0,00,00,19,26,0.00,0,15.08,15.49,1.200600,0.320390,1000.00,cifi0007.DBF
DX5F,10DX5F,0,00,00,19,27,0.00,0,15.41,15.84,1.200600,0.320390,1000.00,cifi0007.DBF
DX5F,10DX5F,0,00,00,19,28,0.00,0,15.64,16.12,1.200600,0.320390,1000.00,cifi0007.DBF
DX5F,10DX5F,0,00,00,19,29,0.00,0,15.77,16.30,1.200600,0.320390,1000.00,cifi0007.DBF
DX5F,10DX5F,0,00,00,19,30,0.00,0,15.78,16.37,1.200600,0.320390,1000.00,cifi0007.DBF
DX5F,10DX5F,0,00,00,19,31,0.00,0,16.06,16.72,1.606990,0.320390,1000.00,cifi0007.DBF
DX5F,10DX5F,0,00,00,19,32,0.00,0,16.21,16.94,1.606990,0.320390,1000.00,cifi0007.DBF
DX5F,10DX5F,0,00,00,19,33,0.00,0,16.20,17.01,1.606990,0.320390,1000.00,cifi0007.DBF
DX5F,10DX5F,0,00,00,19,34,0.00,0,16.00,16.90,1.606990,0.320390,1000.00,cifi0007.DBF
DX5F,10DX5F,0,00,00,19,35,0.00,0,15.59,16.60,1.606990,0.320390,1000.00,cifi0007.DBF
DX5F,10DX5F,0,00,00,19,36,0.00,0,15.47,16.60,2.131810,0.320390,1000.00,cifi0007.DBF
DX5F,10DX5F,0,00,00,19,37,0.00,0,15.10,16.35,2.131810,0.320390,1000.00,cifi0007.DBF
DX5F,10DX5F,0,00,00,19,38,0.00,0,14.43,15.83,2.131810,0.320390,1000.00,cifi0007.DBF
DX5F,10DX5F,0,00,00,19,39,0.00,0,13.42,14.99,2.131810,0.320390,1000.00,cifi0007.DBF
DX5F,10DX5F,0,00,00,19,40,0.00,0,12.01,13.78,2.131810,0.320390,1000.00,cifi0007.DBF
DX5F,10DX5F,0,00,00,19,41,0.00,0,11.36,13.34,3.299900,0.320390,1000.00,cifi0007.DBF
DX5F,10DX5F,0,00,00,19,42,0.00,0,10.22,12.44,3.299900,0.320390,1000.00,cifi0007.DBF
DX5F,10DX5F,0,00,00,19,43,0.00,0,8.51,11.02,3.299900,0.320390,1000.00,cifi0007.DBF
DX5F,10DX5F,0,00,00,19,44,0.00,0,6.16,8.99,3.299900,0.320390,1000.00,cifi0007.DBF
DX5F,10DX5F,0,00,00,19,45,0.00,0,3.04,6.25,3.299900,0.320390,1000.00,cifi0007.DBF
DX5F,10DX5F,0,00,00,19,46,0.00,0,0.00,3.63,4.212530,0.320390,1000.00,cifi0007.DBF
DX5F,10DX5F,0,00,00,20,1,0.00,0,0.00,0.16,0.320390,0.320390,1000.00,cifi0007.DBF
DX5F,10DX5F,0,00,00,20,2,0.00,0,0.70,0.85,0.995900,0.320390,1000.00,cifi0007.DBF
DX5F,10DX5F,0,00,00,20,3,0.00,0,1.41,1.55,0.995900,0.320390,1000.00,cifi0007.DBF
DX5F,10DX5F,0,00,00,20,4,0.00,0,2.13,2.27,0.995900,0.320390,1000.00,cifi0007.DBF
DX5F,10DX5F,0,00,00,20,5,0.00,0,2.83,2.98,0.995900,0.320390,1000.00,cifi0007.DBF
DX5F,10DX5F,0,00,00,20,6,0.00,0,3.54,3.68,0.995900,0.320390,1000.00,cifi0007.DBF
DX5F,10DX5F,0,00,00,20,7,0.00,0,4.26,4.39,0.995900,0.320390,1000.00,cifi0007.DBF
DX5F,10DX5F,0,00,00,20,8,0.00,0,5.00,5.13,0.995900,0.320390,1000.00,cifi0007.DBF
DX5F,10DX5F,0,00,00,20,9,0.00,0,5.76,5.88,0.995900,0.320390,1000.00,cifi0007.DBF
DX5F,10DX5F,0,00,00,20,10,0.00,0,6.52,6.64,0.995900,0.320390,1000.00,cifi0007.DBF
DX5F,10DX5F,0,00,00,20,11,0.00,0,7.28,7.41,1.007680,0.320390,1000.00,cifi0007.DBF
DX5F,10DX5F,0,00,00,20,12,0.00,0,8.03,8.16,1.007680,0.320390,1000.00,cifi0007.DBF
DX5F,10DX5F,0,00,00,20,13,0.00,0,8.78,8.91,1.007680,0.320390,1000.00,cifi0007.DBF
DX5F,10DX5F,0,00,00,20,14,0.00,0,9.49,9.64,1.007680,0.320390,1000.00,cifi0007.DBF
DX5F,10DX5F,0,00,00,20,15,0.00,0,10.17,10.34,1.007680,0.320390,1000.00,cifi0007.DBF
DX5F,10DX5F,0,00,00,20,16,0.00,0,10.81,11.00,1.019450,0.320390,1000.00,cifi0007.DBF
DX5F,10DX5F,0,00,00,20,17,0.00,0,11.39,11.61,1.019450,0.320390,1000.00,cifi0007.DBF
DX5F,10DX5F,0,00,00,20,18,0.00,0,11.88,12.14,1.019450,0.320390,1000.00,cifi0007.DBF
DX5F,10DX5F,0,00,00,20,19,0.00,0,12.30,12.60,1.019450,0.320390,1000.00,cifi0007.DBF
DX5F,10DX5F,0,00,00,20,20,0.00,0,12.65,12.99,1.019450,0.320390,1000.00,cifi0007.DBF
DX5F,10DX5F,0,00,00,20,21,0.00,0,13.01,13.37,1.071240,0.320390,1000.00,cifi0007.DBF
DX5F,10DX5F,0,00,00,20,22,0.00,0,13.32,13.70,1.071240,0.320390,1000.00,cifi0007.DBF
DX5F,10DX5F,0,00,00,20,23,0.00,0,13.60,13.99,1.071240,0.320390,1000.00,cifi0007.DBF
DX5F,10DX5F,0,00,00,20,24,0.00,0,13.85,14.26,1.071240,0.320390,1000.00,cifi0007.DBF
DX5F,10DX5F,0,00,00,20,25,0.00,0,14.06,14.49,1.071240,0.320390,1000.00,cifi0007.DBF
DX5F,10DX5F,0,00,00,20,26,0.00,0,14.43,14.88,1.273720,0.320390,1000.00,cifi0007.DBF
DX5F,10DX5F,0,00,00,20,27,0.00,0,14.71,15.20,1.273720,0.320390,1000.00,cifi0007.DBF
DX5F,10DX5F,0,00,00,20,28,0.00,0,14.88,15.43,1.273720,0.320390,1000.00,cifi0007.DBF
DX5F,10DX5F,0,00,00,20,29,0.00,0,14.94,15.55,1.273720,0.320390,1000.00,cifi0007.DBF
DX5F,10DX5F,0,00,00,20,30,0.00,0,14.85,15.53,1.273720,0.320390,1000.00,cifi0007.DBF
DX5F,10DX5F,0,00,00,20,31,0.00,0,15.11,15.85,1.744600,0.320390,1000.00,cifi0007.DBF
DX5F,10DX5F,0,00,00,20,32,0.00,0,15.20,16.03,1.744600,0.320390,1000.00,cifi0007.DBF
DX5F,10DX5F,0,00,00,20,33,0.00,0,15.11,16.03,1.744600,0.320390,1000.00,cifi0007.DBF
DX5F,10DX5F,0,00,00,20,34,0.00,0,14.81,15.83,1.744600,0.320390,1000.00,cifi0007.DBF
DX5F,10DX5F,0,00,00,20,35,0.00,0,14.27,15.41,1.744600,0.320390,1000.00,cifi0007.DBF
DX5F,10DX5F,0,00,00,20,36,0.00,0,14.22,15.48,2.479160,0.320390,1000.00,cifi0007.DBF
DX5F,10DX5F,0,00,00,20,37,0.00,0,13.87,15.28,2.479160,0.320390,1000.00,cifi0007.DBF
DX5F,10DX5F,0,00,00,20,38,0.00,0,13.20,14.78,2.479160,0.320390,1000.00,cifi0007.DBF
DX5F,10DX5F,0,00,00,20,39,0.00,0,12.15,13.92,2.479160,0.320390,1000.00,cifi0007.DBF
DX5F,10DX5F,0,00,00,20,40,0.00,0,10.66,12.64,2.479160,0.320390,1000.00,cifi0007.DBF
DX5F,10DX5F,0,00,00,20,41,0.00,0,9.82,12.05,3.621040,0.320390,1000.00,cifi0007.DBF
DX5F,10DX5F,0,00,00,20,42,0.00,0,8.43,10.94,3.621040,0.320390,1000.00,cifi0007.DBF
DX5F,10DX5F,0,00,00,20,43,0.00,0,6.41,9.23,3.621040,0.320390,1000.00,cifi0007.DBF
DX5F,10DX5F,0,00,00,20,44,0.00,0,3.63,6.83,3.621040,0.320390,1000.00,cifi0007.DBF
DX5F,10DX5F,0,00,00,20,45,0.00,0,0.00,3.63,3.621040,0.320390,1000.00,cifi0007.DBF
DX5F,10DX5F,0,00,00,21,1,0.00,0,0.00,0.16,0.320390,0.320390,1000.00,cifi0007.DBF
DX5F,10DX5F,0,00,00,21,2,0.00,0,0.72,0.87,1.016350,0.320390,1000.00,cifi0007.DBF
DX5F,10DX5F,0,00,00,21,3,0.00,0,1.44,1.58,1.016350,0.320390,1000.00,cifi0007.DBF
DX5F,10DX5F,0,00,00,21,4,0.00,0,2.14,2.29,1.016350,0.320390,1000.00,cifi0007.DBF
DX5F,10DX5F,0,00,00,21,5,0.00,0,2.84,3.00,1.016350,0.320390,1000.00,cifi0007.DBF
DX5F,10DX5F,0,00,00,21,6,0.00,0,3.56,3.71,1.018760,0.320390,1000.00,cifi0007.DBF
DX5F,10DX5F,0,00,00,21,7,0.00,0,4.31,4.45,1.018760,0.320390,1000.00,cifi0007.DBF
DX5F,10DX5F,0,00,00,21,8,0.00,0,5.07,5.20,1.018760,0.320390,1000.00,cifi0007.DBF
DX5F,10DX5F,0,00,00,21,9,0.00,0,5.84,5.97,1.018760,0.320390,1000.00,cifi0007.DBF
DX5F,10DX5F,0,00,00,21,10,0.00,0,6.59,6.72,1.018760,0.320390,1000.00,cifi0007.DBF
DX5F,10DX5F,0,00,00,21,11,0.00,0,7.34,7.48,1.030770,0.320390,1000.00,cifi0007.DBF
DX5F,10DX5F,0,00,00,21,12,0.00,0,8.08,8.23,1.030770,0.320390,1000.00,cifi0007.DBF
DX5F,10DX5F,0,00,00,21,13,0.00,0,8.80,8.96,1.030770,0.320390,1000.00,cifi0007.DBF
DX5F,10DX5F,0,00,00,21,14,0.00,0,9.49,9.66,1.030770,0.320390,1000.00,cifi0007.DBF
DX5F,10DX5F,0,00,00,21,15,0.00,0,10.12,10.32,1.030770,0.320390,1000.00,cifi0007.DBF
DX5F,10DX5F,0,00,00,21,16,0.00,0,10.70,10.93,1.045190,0.320390,1000.00,cifi0007.DBF
DX5F,10DX5F,0,00,00,21,17,0.00,0,11.20,11.47,1.045190,0.320390,1000.00,cifi0007.DBF
DX5F,10DX5F,0,00,00,21,18,0.00,0,11.62,11.93,1.045190,0.320390,1000.00,cifi0007.DBF
DX5F,10DX5F,0,00,00,21,19,0.00,0,11.98,12.32,1.045190,0.320390,1000.00,cifi0007.DBF
DX5F,10DX5F,0,00,00,21,20,0.00,0,12.29,12.66,1.045190,0.320390,1000.00,cifi0007.DBF
DX5F,10DX5F,0,00,00,21,21,0.00,0,12.63,13.02,1.119670,0.320390,1000.00,cifi0007.DBF
DX5F,10DX5F,0,00,00,21,22,0.00,0,12.93,13.34,1.119670,0.320390,1000.00,cifi0007.DBF
DX5F,10DX5F,0,00,00,21,23,0.00,0,13.21,13.63,1.119670,0.320390,1000.00,cifi0007.DBF
DX5F,10DX5F,0,00,00,21,24,0.00,0,13.45,13.89,1.119670,0.320390,1000.00,cifi0007.DBF
DX5F,10DX5F,0,00,00,21,25,0.00,0,13.64,14.11,1.119670,0.320390,1000.00,cifi0007.DBF
DX5F,10DX5F,0,00,00,21,26,0.00,0,14.00,14.51,1.371960,0.320390,1000.00,cifi0007.DBF
DX5F,10DX5F,0,00,00,21,27,0.00,0,14.25,14.81,1.371960,0.320390,1000.00,cifi0007.DBF
DX5F,10DX5F,0,00,00,21,28,0.00,0,14.39,15.01,1.371960,0.320390,1000.00,cifi0007.DBF
DX5F,10DX5F,0,00,00,21,29,0.00,0,14.39,15.08,1.371960,0.320390,1000.00,cifi0007.DBF
DX5F,10DX5F,0,00,00,21,30,0.00,0,14.24,15.00,1.371960,0.320390,1000.00,cifi0007.DBF
DX5F,10DX5F,0,00,00,21,31,0.00,0,14.48,15.32,1.910170,0.320390,1000.00,cifi0007.DBF
DX5F,10DX5F,0,00,00,21,32,0.00,0,14.54,15.46,1.910170,0.320390,1000.00,cifi0007.DBF
DX5F,10DX5F,0,00,00,21,33,0.00,0,14.39,15.42,1.910170,0.320390,1000.00,cifi0007.DBF
DX5F,10DX5F,0,00,00,21,34,0.00,0,14.01,15.15,1.910170,0.320390,1000.00,cifi0007.DBF
DX5F,10DX5F,0,00,00,21,35,0.00,0,13.36,14.64,1.910170,0.320390,1000.00,cifi0007.DBF
DX5F,10DX5F,0,00,00,21,36,0.00,0,13.23,14.65,2.719890,0.320390,1000.00,cifi0007.DBF
DX5F,10DX5F,0,00,00,21,37,0.00,0,12.79,14.37,2.719890,0.320390,1000.00,cifi0007.DBF
DX5F,10DX5F,0,00,00,21,38,0.00,0,11.97,13.74,2.719890,0.320390,1000.00,cifi0007.DBF
DX5F,10DX5F,0,00,00,21,39,0.00,0,10.72,12.71,2.719890,0.320390,1000.00,cifi0007.DBF
DX5F,10DX5F,0,00,00,21,40,0.00,0,8.96,11.20,2.719890,0.320390,1000.00,cifi0007.DBF
DX5F,10DX5F,0,00,00,21,41,0.00,0,7.77,10.29,3.849170,0.320390,1000.00,cifi0007.DBF
DX5F,10DX5F,0,00,00,21,42,0.00,0,5.96,8.79,3.849170,0.320390,1000.00,cifi0007.DBF
DX5F,10DX5F,0,00,00,21,43,0.00,0,3.40,6.60,3.849170,0.320390,1000.00,cifi0007.DBF
DX5F,10DX5F,0,00,00,21,44,0.00,0,0.00,3.63,6.208910,0.320390,1000.00,cifi0007.DBF
DX5F,10DX5F,0,00,00,22,1,0.00,0,0.00,0.16,0.320390,0.320390,1000.00,cifi0007.DBF
DX5F,10DX5F,0,00,00,22,2,0.00,0,0.72,0.88,1.038030,0.320390,1000.00,cifi0007.DBF
DX5F,10DX5F,0,00,00,22,3,0.00,0,1.42,1.59,1.038030,0.320390,1000.00,cifi0007.DBF
DX5F,10DX5F,0,00,00,22,4,0.00,0,2.12,2.29,1.038030,0.320390,1000.00,cifi0007.DBF
DX5F,10DX5F,0,00,00,22,5,0.00,0,2.85,3.00,1.038030,0.320390,1000.00,cifi0007.DBF
DX5F,10DX5F,0,00,00,22,6,0.00,0,3.60,3.74,1.042940,0.320390,1000.00,cifi0007.DBF
DX5F,10DX5F,0,00,00,22,7,0.00,0,4.36,4.50,1.042940,0.320390,1000.00,cifi0007.DBF
DX5F,10DX5F,0,00,00,22,8,0.00,0,5.13,5.27,1.042940,0.320390,1000.00,cifi0007.DBF
DX5F,10DX5F,0,00,00,22,9,0.00,0,5.88,6.03,1.042940,0.320390,1000.00,cifi0007.DBF
DX5F,10DX5F,0,00,00,22,10,0.00,0,6.62,6.77,1.042940,0.320390,1000.00,cifi0007.DBF
DX5F,10DX5F,0,00,00,22,11,0.00,0,7.37,7.53,1.055210,0.320390,1000.00,cifi0007.DBF
DX5F,10DX5F,0,00,00,22,12,0.00,0,8.10,8.26,1.055210,0.320390,1000.00,cifi0007.DBF
DX5F,10DX5F,0,00,00,22,13,0.00,0,8.78,8.97,1.055210,0.320390,1000.00,cifi0007.DBF
DX5F,10DX5F,0,00,00,22,14,0.00,0,9.42,9.63,1.055210,0.320390,1000.00,cifi0007.DBF
DX5F,10DX5F,0,00,00,22,15,0.00,0,9.99,10.23,1.055210,0.320390,1000.00,cifi0007.DBF
DX5F,10DX5F,0,00,00,22,16,0.00,0,10.49,10.78,1.072390,0.320390,1000.00,cifi0007.DBF
DX5F,10DX5F,0,00,00,22,17,0.00,0,10.92,11.24,1.072390,0.320390,1000.00,cifi0007.DBF
DX5F,10DX5F,0,00,00,22,18,0.00,0,11.29,11.64,1.072390,0.320390,1000.00,cifi0007.DBF
DX5F,10DX5F,0,00,00,22,19,0.00,0,11.60,11.98,1.072390,0.320390,1000.00,cifi0007.DBF
DX5F,10DX5F,0,00,00,22,20,0.00,0,11.87,12.27,1.072390,0.320390,1000.00,cifi0007.DBF
DX5F,10DX5F,0,00,00,22,21,0.00,0,12.21,12.63,1.177910,0.320390,1000.00,cifi0007.DBF
DX5F,10DX5F,0,00,00,22,22,0.00,0,12.53,12.96,1.177910,0.320390,1000.00,cifi0007.DBF
DX5F,10DX5F,0,00,00,22,23,0.00,0,12.81,13.26,1.177910,0.320390,1000.00,cifi0007.DBF
DX5F,10DX5F,0,00,00,22,24,0.00,0,13.04,13.51,1.177910,0.320390,1000.00,cifi0007.DBF
DX5F,10DX5F,0,00,00,22,25,0.00,0,13.17,13.70,1.177910,0.320390,1000.00,cifi0007.DBF
DX5F,10DX5F,0,00,00,22,26,0.00,0,13.52,14.09,1.487110,0.320390,1000.00,cifi0007.DBF
DX5F,10DX5F,0,00,00,22,27,0.00,0,13.75,14.38,1.487110,0.320390,1000.00,cifi0007.DBF
DX5F,10DX5F,0,00,00,22,28,0.00,0,13.86,14.55,1.487110,0.320390,1000.00,cifi0007.DBF
DX5F,10DX5F,0,00,00,22,29,0.00,0,13.81,14.58,1.487110,0.320390,1000.00,cifi0007.DBF
DX5F,10DX5F,0,00,00,22,30,0.00,0,13.60,14.45,1.487110,0.320390,1000.00,cifi0007.DBF
DX5F,10DX5F,0,00,00,22,31,0.00,0,13.81,14.75,2.090790,0.320390,1000.00,cifi0007.DBF
DX5F,10DX5F,0,00,00,22,32,0.00,0,13.82,14.86,2.090790,0.320390,1000.00,cifi0007.DBF
DX5F,10DX5F,0,00,00,22,33,0.00,0,13.61,14.76,2.090790,0.320390,1000.00,cifi0007.DBF
DX5F,10DX5F,0,00,00,22,34,0.00,0,13.13,14.42,2.090790,0.320390,1000.00,cifi0007.DBF
DX5F,10DX5F,0,00,00,22,35,0.00,0,12.35,13.79,2.090790,0.320390,1000.00,cifi0007.DBF
DX5F,10DX5F,0,00,00,22,36,0.00,0,12.16,13.75,2.991390,0.320390,1000.00,cifi0007.DBF
DX5F,10DX5F,0,00,00,22,37,0.00,0,11.60,13.38,2.991390,0.320390,1000.00,cifi0007.DBF
DX5F,10DX5F,0,00,00,22,38,0.00,0,10.62,12.61,2.991390,0.320390,1000.00,cifi0007.DBF
DX5F,10DX5F,0,00,00,22,39,0.00,0,9.13,11.37,2.991390,0.320390,1000.00,cifi0007.DBF
DX5F,10DX5F,0,00,00,22,40,0.00,0,7.07,9.60,2.991390,0.320390,1000.00,cifi0007.DBF
DX5F,10DX5F,0,00,00,22,41,0.00,0,5.48,8.32,4.093230,0.320390,1000.00,cifi0007.DBF
DX5F,10DX5F,0,00,00,22,42,0.00,0,3.16,6.37,4.093230,0.320390,1000.00,cifi0007.DBF
DX5F,10DX5F,0,00,00,22,43,0.00,0,0.00,3.63,4.093230,0.320390,1000.00,cifi0007.DBF
DX5F,10DX5F,0,00,00,23,1,0.00,0,0.00,0.17,0.339810,0.339810,1000.00,cifi0007.DBF
DX5F,10DX5F,0,00,00,23,2,0.00,0,0.70,0.88,1.059690,0.339810,1000.00,cifi0007.DBF
DX5F,10DX5F,0,00,00,23,3,0.00,0,1.40,1.58,1.059690,0.339810,1000.00,cifi0007.DBF
DX5F,10DX5F,0,00,00,23,4,0.00,0,2.13,2.30,1.059690,0.339810,1000.00,cifi0007.DBF
DX5F,10DX5F,0,00,00,23,5,0.00,0,2.88,3.03,1.059690,0.339810,1000.00,cifi0007.DBF
DX5F,10DX5F,0,00,00,23,6,0.00,0,3.64,3.79,1.067200,0.339810,1000.00,cifi0007.DBF
DX5F,10DX5F,0,00,00,23,7,0.00,0,4.41,4.56,1.067200,0.339810,1000.00,cifi0007.DBF
DX5F,10DX5F,0,00,00,23,8,0.00,0,5.17,5.32,1.067200,0.339810,1000.00,cifi0007.DBF
DX5F,10DX5F,0,00,00,23,9,0.00,0,5.91,6.07,1.067200,0.339810,1000.00,cifi0007.DBF
DX5F,10DX5F,0,00,00,23,10,0.00,0,6.65,6.82,1.067200,0.339810,1000.00,cifi0007.DBF
DX5F,10DX5F,0,00,00,23,11,0.00,0,7.38,7.56,1.079730,0.339810,1000.00,cifi0007.DBF
DX5F,10DX5F,0,00,00,23,12,0.00,0,8.07,8.27,1.079730,0.339810,1000.00,cifi0007.DBF
DX5F,10DX5F,0,00,00,23,13,0.00,0,8.71,8.93,1.079730,0.339810,1000.00,cifi0007.DBF
DX5F,10DX5F,0,00,00,23,14,0.00,0,9.28,9.54,1.079730,0.339810,1000.00,cifi0007.DBF
DX5F,10DX5F,0,00,00,23,15,0.00,0,9.77,10.07,1.079730,0.339810,1000.00,cifi0007.DBF
DX5F,10DX5F,0,00,00,23,16,0.00,0,10.21,10.54,1.104780,0.339810,1000.00,cifi0007.DBF
DX5F,10DX5F,0,00,00,23,17,0.00,0,10.59,10.95,1.104780,0.339810,1000.00,cifi0007.DBF
DX5F,10DX5F,0,00,00,23,18,0.00,0,10.92,11.30,1.104780,0.339810,1000.00,cifi0007.DBF
DX5F,10DX5F,0,00,00,23,19,0.00,0,11.19,11.61,1.104780,0.339810,1000.00,cifi0007.DBF
DX5F,10DX5F,0,00,00,23,20,0.00,0,11.44,11.87,1.104780,0.339810,1000.00,cifi0007.DBF
DX5F,10DX5F,0,00,00,23,21,0.00,0,11.80,12.24,1.242560,0.339810,1000.00,cifi0007.DBF
DX5F,10DX5F,0,00,00,23,22,0.00,0,12.12,12.58,1.242560,0.339810,1000.00,cifi0007.DBF
DX5F,10DX5F,0,00,00,23,23,0.00,0,12.40,12.88,1.242560,0.339810,1000.00,cifi0007.DBF
DX5F,10DX5F,0,00,00,23,24,0.00,0,12.58,13.11,1.242560,0.339810,1000.00,cifi0007.DBF
DX5F,10DX5F,0,00,00,23,25,0.00,0,12.66,13.24,1.242560,0.339810,1000.00,cifi0007.DBF
DX5F,10DX5F,0,00,00,23,26,0.00,0,13.00,13.64,1.620840,0.339810,1000.00,cifi0007.DBF
DX5F,10DX5F,0,00,00,23,27,0.00,0,13.22,13.92,1.620840,0.339810,1000.00,cifi0007.DBF
DX5F,10DX5F,0,00,00,23,28,0.00,0,13.29,14.06,1.620840,0.339810,1000.00,cifi0007.DBF
DX5F,10DX5F,0,00,00,23,29,0.00,0,13.20,14.05,1.620840,0.339810,1000.00,cifi0007.DBF
DX5F,10DX5F,0,00,00,23,30,0.00,0,12.91,13.86,1.620840,0.339810,1000.00,cifi0007.DBF
DX5F,10DX5F,0,00,00,23,31,0.00,0,13.10,14.15,2.289720,0.339810,1000.00,cifi0007.DBF
DX5F,10DX5F,0,00,00,23,32,0.00,0,13.07,14.23,2.289720,0.339810,1000.00,cifi0007.DBF
DX5F,10DX5F,0,00,00,23,33,0.00,0,12.78,14.07,2.289720,0.339810,1000.00,cifi0007.DBF
DX5F,10DX5F,0,00,00,23,34,0.00,0,12.19,13.63,2.289720,0.339810,1000.00,cifi0007.DBF
DX5F,10DX5F,0,00,00,23,35,0.00,0,11.27,12.87,2.289720,0.339810,1000.00,cifi0007.DBF
DX5F,10DX5F,0,00,00,23,36,0.00,0,10.99,12.78,3.294290,0.339810,1000.00,cifi0007.DBF
DX5F,10DX5F,0,00,00,23,37,0.00,0,10.30,12.29,3.294290,0.339810,1000.00,cifi0007.DBF
DX5F,10DX5F,0,00,00,23,38,0.00,0,9.12,11.36,3.294290,0.339810,1000.00,cifi0007.DBF
DX5F,10DX5F,0,00,00,23,39,0.00,0,7.37,9.89,3.294290,0.339810,1000.00,cifi0007.DBF
DX5F,10DX5F,0,00,00,23,40,0.00,0,4.96,7.81,3.294290,0.339810,1000.00,cifi0007.DBF
DX5F,10DX5F,0,00,00,23,41,0.00,0,2.90,6.11,4.356490,0.339810,1000.00,cifi0007.DBF
DX5F,10DX5F,0,00,00,23,42,0.00,0,0.00,3.63,4.356490,0.339810,1000.00,cifi0007.DBF
DX5F,10DX5F,0,00,00,24,1,0.00,0,0.00,0.19,0.378640,0.378640,1000.00,cifi0007.DBF
DX5F,10DX5F,0,00,00,24,2,0.00,0,0.71,0.90,1.090300,0.378640,1000.00,cifi0007.DBF
DX5F,10DX5F,0,00,00,24,3,0.00,0,1.45,1.63,1.090300,0.378640,1000.00,cifi0007.DBF
DX5F,10DX5F,0,00,00,24,4,0.00,0,2.21,2.37,1.090300,0.378640,1000.00,cifi0007.DBF
DX5F,10DX5F,0,00,00,24,5,0.00,0,2.98,3.14,1.090300,0.378640,1000.00,cifi0007.DBF
DX5F,10DX5F,0,00,00,24,6,0.00,0,3.76,3.92,1.100610,0.378640,1000.00,cifi0007.DBF
DX5F,10DX5F,0,00,00,24,7,0.00,0,4.53,4.70,1.100610,0.378640,1000.00,cifi0007.DBF
DX5F,10DX5F,0,00,00,24,8,0.00,0,5.29,5.46,1.100610,0.378640,1000.00,cifi0007.DBF
DX5F,10DX5F,0,00,00,24,9,0.00,0,6.05,6.22,1.100610,0.378640,1000.00,cifi0007.DBF
DX5F,10DX5F,0,00,00,24,10,0.00,0,6.78,6.96,1.100610,0.378640,1000.00,cifi0007.DBF
DX5F,10DX5F,0,00,00,24,11,0.00,0,7.48,7.69,1.113490,0.378640,1000.00,cifi0007.DBF
DX5F,10DX5F,0,00,00,24,12,0.00,0,8.14,8.37,1.113490,0.378640,1000.00,cifi0007.DBF
DX5F,10DX5F,0,00,00,24,13,0.00,0,8.73,8.99,1.113490,0.378640,1000.00,cifi0007.DBF
DX5F,10DX5F,0,00,00,24,14,0.00,0,9.23,9.54,1.113490,0.378640,1000.00,cifi0007.DBF
DX5F,10DX5F,0,00,00,24,15,0.00,0,9.67,10.01,1.113490,0.378640,1000.00,cifi0007.DBF
DX5F,10DX5F,0,00,00,24,16,0.00,0,10.07,10.45,1.152160,0.378640,1000.00,cifi0007.DBF
DX5F,10DX5F,0,00,00,24,17,0.00,0,10.44,10.83,1.152160,0.378640,1000.00,cifi0007.DBF
DX5F,10DX5F,0,00,00,24,18,0.00,0,10.75,11.17,1.152160,0.378640,1000.00,cifi0007.DBF
DX5F,10DX5F,0,00,00,24,19,0.00,0,11.03,11.47,1.152160,0.378640,1000.00,cifi0007.DBF
DX5F,10DX5F,0,00,00,24,20,0.00,0,11.28,11.73,1.152160,0.378640,1000.00,cifi0007.DBF
DX5F,10DX5F,0,00,00,24,21,0.00,0,11.68,12.15,1.332580,0.378640,1000.00,cifi0007.DBF
DX5F,10DX5F,0,00,00,24,22,0.00,0,12.04,12.53,1.332580,0.378640,1000.00,cifi0007.DBF
DX5F,10DX5F,0,00,00,24,23,0.00,0,12.30,12.84,1.332580,0.378640,1000.00,cifi0007.DBF
DX5F,10DX5F,0,00,00,24,24,0.00,0,12.46,13.05,1.332580,0.378640,1000.00,cifi0007.DBF
DX5F,10DX5F,0,00,00,24,25,0.00,0,12.50,13.15,1.332580,0.378640,1000.00,cifi0007.DBF
DX5F,10DX5F,0,00,00,24,26,0.00,0,12.87,13.58,1.783650,0.378640,1000.00,cifi0007.DBF
DX5F,10DX5F,0,00,00,24,27,0.00,0,13.10,13.87,1.783650,0.378640,1000.00,cifi0007.DBF
DX5F,10DX5F,0,00,00,24,28,0.00,0,13.17,14.02,1.783650,0.378640,1000.00,cifi0007.DBF
DX5F,10DX5F,0,00,00,24,29,0.00,0,13.05,14.00,1.783650,0.378640,1000.00,cifi0007.DBF
DX5F,10DX5F,0,00,00,24,30,0.00,0,12.72,13.78,1.783650,0.378640,1000.00,cifi0007.DBF
DX5F,10DX5F,0,00,00,24,31,0.00,0,12.76,13.92,2.366170,0.378640,1000.00,cifi0007.DBF
DX5F,10DX5F,0,00,00,24,32,0.00,0,12.53,13.83,2.366170,0.378640,1000.00,cifi0007.DBF
DX5F,10DX5F,0,00,00,24,33,0.00,0,12.02,13.46,2.366170,0.378640,1000.00,cifi0007.DBF
DX5F,10DX5F,0,00,00,24,34,0.00,0,11.17,12.78,2.366170,0.378640,1000.00,cifi0007.DBF
DX5F,10DX5F,0,00,00,24,35,0.00,0,9.93,11.73,2.366170,0.378640,1000.00,cifi0007.DBF
DX5F,10DX5F,0,00,00,24,36,0.00,0,9.58,11.59,3.662670,0.378640,1000.00,cifi0007.DBF
DX5F,10DX5F,0,00,00,24,37,0.00,0,8.76,11.00,3.662670,0.378640,1000.00,cifi0007.DBF
DX5F,10DX5F,0,00,00,24,38,0.00,0,7.37,9.89,3.662670,0.378640,1000.00,cifi0007.DBF
DX5F,10DX5F,0,00,00,24,39,0.00,0,5.35,8.19,3.662670,0.378640,1000.00,cifi0007.DBF
DX5F,10DX5F,0,00,00,24,40,0.00,0,2.58,5.79,3.662670,0.378640,1000.00,cifi0007.DBF
DX5F,10DX5F,0,00,00,24,41,0.00,0,0.00,3.63,4.675640,0.378640,1000.00,cifi0007.DBF
DX5F,10DX5F,0,00,00,25,1,0.00,0,0.00,0.20,0.398060,0.398060,1000.00,cifi0007.DBF
DX5F,10DX5F,0,00,00,25,2,0.00,0,0.73,0.91,1.102870,0.398060,1000.00,cifi0007.DBF
DX5F,10DX5F,0,00,00,25,3,0.00,0,1.47,1.65,1.102870,0.398060,1000.00,cifi0007.DBF
DX5F,10DX5F,0,00,00,25,4,0.00,0,2.24,2.41,1.102870,0.398060,1000.00,cifi0007.DBF
DX5F,10DX5F,0,00,00,25,5,0.00,0,3.00,3.17,1.102870,0.398060,1000.00,cifi0007.DBF
DX5F,10DX5F,0,00,00,25,6,0.00,0,3.76,3.94,1.115910,0.398060,1000.00,cifi0007.DBF
DX5F,10DX5F,0,00,00,25,7,0.00,0,4.52,4.70,1.115910,0.398060,1000.00,cifi0007.DBF
DX5F,10DX5F,0,00,00,25,8,0.00,0,5.26,5.45,1.115910,0.398060,1000.00,cifi0007.DBF
DX5F,10DX5F,0,00,00,25,9,0.00,0,5.98,6.18,1.115910,0.398060,1000.00,cifi0007.DBF
DX5F,10DX5F,0,00,00,25,10,0.00,0,6.67,6.88,1.115910,0.398060,1000.00,cifi0007.DBF
DX5F,10DX5F,0,00,00,25,11,0.00,0,7.32,7.56,1.128940,0.398060,1000.00,cifi0007.DBF
DX5F,10DX5F,0,00,00,25,12,0.00,0,7.89,8.17,1.128940,0.398060,1000.00,cifi0007.DBF
DX5F,10DX5F,0,00,00,25,13,0.00,0,8.39,8.71,1.128940,0.398060,1000.00,cifi0007.DBF
DX5F,10DX5F,0,00,00,25,14,0.00,0,8.81,9.17,1.128940,0.398060,1000.00,cifi0007.DBF
DX5F,10DX5F,0,00,00,25,15,0.00,0,9.17,9.56,1.128940,0.398060,1000.00,cifi0007.DBF
DX5F,10DX5F,0,00,00,25,16,0.00,0,9.54,9.95,1.186300,0.398060,1000.00,cifi0007.DBF
DX5F,10DX5F,0,00,00,25,17,0.00,0,9.86,10.29,1.186300,0.398060,1000.00,cifi0007.DBF
DX5F,10DX5F,0,00,00,25,18,0.00,0,10.15,10.60,1.186300,0.398060,1000.00,cifi0007.DBF
DX5F,10DX5F,0,00,00,25,19,0.00,0,10.41,10.87,1.186300,0.398060,1000.00,cifi0007.DBF
DX5F,10DX5F,0,00,00,25,20,0.00,0,10.63,11.11,1.186300,0.398060,1000.00,cifi0007.DBF
DX5F,10DX5F,0,00,00,25,21,0.00,0,11.04,11.54,1.410530,0.398060,1000.00,cifi0007.DBF
DX5F,10DX5F,0,00,00,25,22,0.00,0,11.35,11.90,1.410530,0.398060,1000.00,cifi0007.DBF
DX5F,10DX5F,0,00,00,25,23,0.00,0,11.56,12.16,1.410530,0.398060,1000.00,cifi0007.DBF
DX5F,10DX5F,0,00,00,25,24,0.00,0,11.65,12.31,1.410530,0.398060,1000.00,cifi0007.DBF
DX5F,10DX5F,0,00,00,25,25,0.00,0,11.60,12.33,1.410530,0.398060,1000.00,cifi0007.DBF
DX5F,10DX5F,0,00,00,25,26,0.00,0,11.94,12.74,1.931980,0.398060,1000.00,cifi0007.DBF
DX5F,10DX5F,0,00,00,25,27,0.00,0,12.13,13.00,1.931980,0.398060,1000.00,cifi0007.DBF
DX5F,10DX5F,0,00,00,25,28,0.00,0,12.13,13.10,1.931980,0.398060,1000.00,cifi0007.DBF
DX5F,10DX5F,0,00,00,25,29,0.00,0,11.93,12.99,1.931980,0.398060,1000.00,cifi0007.DBF
DX5F,10DX5F,0,00,00,25,30,0.00,0,11.49,12.67,1.931980,0.398060,1000.00,cifi0007.DBF
DX5F,10DX5F,0,00,00,25,31,0.00,0,11.61,12.92,2.745440,0.398060,1000.00,cifi0007.DBF
DX5F,10DX5F,0,00,00,25,32,0.00,0,11.46,12.91,2.745440,0.398060,1000.00,cifi0007.DBF
DX5F,10DX5F,0,00,00,25,33,0.00,0,10.98,12.59,2.745440,0.398060,1000.00,cifi0007.DBF
DX5F,10DX5F,0,00,00,25,34,0.00,0,10.13,11.93,2.745440,0.398060,1000.00,cifi0007.DBF
DX5F,10DX5F,0,00,00,25,35,0.00,0,8.84,10.86,2.745440,0.398060,1000.00,cifi0007.DBF
DX5F,10DX5F,0,00,00,25,36,0.00,0,8.35,10.60,4.009960,0.398060,1000.00,cifi0007.DBF
DX5F,10DX5F,0,00,00,25,37,0.00,0,7.31,9.83,4.009960,0.398060,1000.00,cifi0007.DBF
DX5F,10DX5F,0,00,00,25,38,0.00,0,5.64,8.48,4.009960,0.398060,1000.00,cifi0007.DBF
DX5F,10DX5F,0,00,00,25,39,0.00,0,3.24,6.45,4.009960,0.398060,1000.00,cifi0007.DBF
DX5F,10DX5F,0,00,00,25,40,0.00,0,0.00,3.63,4.009960,0.398060,1000.00,cifi0007.DBF
DX5F,10DX5F,0,00,00,26,1,0.00,0,0.00,0.20,0.398060,0.398060,1000.00,cifi0007.DBF
DX5F,10DX5F,0,00,00,26,2,0.00,0,0.75,0.94,1.126900,0.398060,1000.00,cifi0007.DBF
DX5F,10DX5F,0,00,00,26,3,0.00,0,1.51,1.70,1.126900,0.398060,1000.00,cifi0007.DBF
DX5F,10DX5F,0,00,00,26,4,0.00,0,2.28,2.46,1.126900,0.398060,1000.00,cifi0007.DBF
DX5F,10DX5F,0,00,00,26,5,0.00,0,3.03,3.22,1.126900,0.398060,1000.00,cifi0007.DBF
DX5F,10DX5F,0,00,00,26,6,0.00,0,3.79,3.98,1.140190,0.398060,1000.00,cifi0007.DBF
DX5F,10DX5F,0,00,00,26,7,0.00,0,4.54,4.74,1.140190,0.398060,1000.00,cifi0007.DBF
DX5F,10DX5F,0,00,00,26,8,0.00,0,5.26,5.47,1.140190,0.398060,1000.00,cifi0007.DBF
DX5F,10DX5F,0,00,00,26,9,0.00,0,5.95,6.18,1.140190,0.398060,1000.00,cifi0007.DBF
DX5F,10DX5F,0,00,00,26,10,0.00,0,6.59,6.84,1.140190,0.398060,1000.00,cifi0007.DBF
DX5F,10DX5F,0,00,00,26,11,0.00,0,7.17,7.46,1.156130,0.398060,1000.00,cifi0007.DBF
DX5F,10DX5F,0,00,00,26,12,0.00,0,7.68,8.00,1.156130,0.398060,1000.00,cifi0007.DBF
DX5F,10DX5F,0,00,00,26,13,0.00,0,8.10,8.47,1.156130,0.398060,1000.00,cifi0007.DBF
DX5F,10DX5F,0,00,00,26,14,0.00,0,8.47,8.86,1.156130,0.398060,1000.00,cifi0007.DBF
DX5F,10DX5F,0,00,00,26,15,0.00,0,8.78,9.20,1.156130,0.398060,1000.00,cifi0007.DBF
DX5F,10DX5F,0,00,00,26,16,0.00,0,9.13,9.58,1.238520,0.398060,1000.00,cifi0007.DBF
DX5F,10DX5F,0,00,00,26,17,0.00,0,9.45,9.91,1.238520,0.398060,1000.00,cifi0007.DBF
DX5F,10DX5F,0,00,00,26,18,0.00,0,9.75,10.22,1.238520,0.398060,1000.00,cifi0007.DBF
DX5F,10DX5F,0,00,00,26,19,0.00,0,10.00,10.49,1.238520,0.398060,1000.00,cifi0007.DBF
DX5F,10DX5F,0,00,00,26,20,0.00,0,10.21,10.72,1.238520,0.398060,1000.00,cifi0007.DBF
DX5F,10DX5F,0,00,00,26,21,0.00,0,10.60,11.16,1.517590,0.398060,1000.00,cifi0007.DBF
DX5F,10DX5F,0,00,00,26,22,0.00,0,10.90,11.51,1.517590,0.398060,1000.00,cifi0007.DBF
DX5F,10DX5F,0,00,00,26,23,0.00,0,11.08,11.75,1.517590,0.398060,1000.00,cifi0007.DBF
DX5F,10DX5F,0,00,00,26,24,0.00,0,11.13,11.86,1.517590,0.398060,1000.00,cifi0007.DBF
DX5F,10DX5F,0,00,00,26,25,0.00,0,11.03,11.83,1.517590,0.398060,1000.00,cifi0007.DBF
DX5F,10DX5F,0,00,00,26,26,0.00,0,11.37,12.25,2.112930,0.398060,1000.00,cifi0007.DBF
DX5F,10DX5F,0,00,00,26,27,0.00,0,11.53,12.51,2.112930,0.398060,1000.00,cifi0007.DBF
DX5F,10DX5F,0,00,00,26,28,0.00,0,11.49,12.57,2.112930,0.398060,1000.00,cifi0007.DBF
DX5F,10DX5F,0,00,00,26,29,0.00,0,11.23,12.42,2.112930,0.398060,1000.00,cifi0007.DBF
DX5F,10DX5F,0,00,00,26,30,0.00,0,10.69,12.02,2.112930,0.398060,1000.00,cifi0007.DBF
DX5F,10DX5F,0,00,00,26,31,0.00,0,10.78,12.24,3.008600,0.398060,1000.00,cifi0007.DBF
DX5F,10DX5F,0,00,00,26,32,0.00,0,10.55,12.17,3.008600,0.398060,1000.00,cifi0007.DBF
DX5F,10DX5F,0,00,00,26,33,0.00,0,9.96,11.76,3.008600,0.398060,1000.00,cifi0007.DBF
DX5F,10DX5F,0,00,00,26,34,0.00,0,8.93,10.95,3.008600,0.398060,1000.00,cifi0007.DBF
DX5F,10DX5F,0,00,00,26,35,0.00,0,7.41,9.67,3.008600,0.398060,1000.00,cifi0007.DBF
DX5F,10DX5F,0,00,00,26,36,0.00,0,6.59,9.13,4.257760,0.398060,1000.00,cifi0007.DBF
DX5F,10DX5F,0,00,00,26,37,0.00,0,5.15,8.00,4.257760,0.398060,1000.00,cifi0007.DBF
DX5F,10DX5F,0,00,00,26,38,0.00,0,2.99,6.20,4.257760,0.398060,1000.00,cifi0007.DBF
DX5F,10DX5F,0,00,00,26,39,0.00,0,0.00,3.63,4.257760,0.398060,1000.00,cifi0007.DBF
DX5F,10DX5F,0,00,00,27,1,0.00,0,0.00,0.20,0.398060,0.398060,1000.00,cifi0007.DBF
DX5F,10DX5F,0,00,00,27,2,0.00,0,0.77,0.96,1.152460,0.398060,1000.00,cifi0007.DBF
DX5F,10DX5F,0,00,00,27,3,0.00,0,1.54,1.73,1.152460,0.398060,1000.00,cifi0007.DBF
DX5F,10DX5F,0,00,00,27,4,0.00,0,2.29,2.49,1.152460,0.398060,1000.00,cifi0007.DBF
DX5F,10DX5F,0,00,00,27,5,0.00,0,3.04,3.24,1.152460,0.398060,1000.00,cifi0007.DBF
DX5F,10DX5F,0,00,00,27,6,0.00,0,3.79,4.00,1.166020,0.398060,1000.00,cifi0007.DBF
DX5F,10DX5F,0,00,00,27,7,0.00,0,4.52,4.74,1.166020,0.398060,1000.00,cifi0007.DBF
DX5F,10DX5F,0,00,00,27,8,0.00,0,5.21,5.45,1.166020,0.398060,1000.00,cifi0007.DBF
DX5F,10DX5F,0,00,00,27,9,0.00,0,5.85,6.12,1.166020,0.398060,1000.00,cifi0007.DBF
DX5F,10DX5F,0,00,00,27,10,0.00,0,6.42,6.72,1.166020,0.398060,1000.00,cifi0007.DBF
DX5F,10DX5F,0,00,00,27,11,0.00,0,6.93,7.27,1.185000,0.398060,1000.00,cifi0007.DBF
DX5F,10DX5F,0,00,00,27,12,0.00,0,7.37,7.74,1.185000,0.398060,1000.00,cifi0007.DBF
DX5F,10DX5F,0,00,00,27,13,0.00,0,7.74,8.15,1.185000,0.398060,1000.00,cifi0007.DBF
DX5F,10DX5F,0,00,00,27,14,0.00,0,8.06,8.49,1.185000,0.398060,1000.00,cifi0007.DBF
DX5F,10DX5F,0,00,00,27,15,0.00,0,8.33,8.79,1.185000,0.398060,1000.00,cifi0007.DBF
DX5F,10DX5F,0,00,00,27,16,0.00,0,8.70,9.17,1.301600,0.398060,1000.00,cifi0007.DBF
DX5F,10DX5F,0,00,00,27,17,0.00,0,9.03,9.51,1.301600,0.398060,1000.00,cifi0007.DBF
DX5F,10DX5F,0,00,00,27,18,0.00,0,9.32,9.83,1.301600,0.398060,1000.00,cifi0007.DBF
DX5F,10DX5F,0,00,00,27,19,0.00,0,9.58,10.10,1.301600,0.398060,1000.00,cifi0007.DBF
DX5F,10DX5F,0,00,00,27,20,0.00,0,9.73,10.30,1.301600,0.398060,1000.00,cifi0007.DBF
DX5F,10DX5F,0,00,00,27,21,0.00,0,10.13,10.75,1.643270,0.398060,1000.00,cifi0007.DBF
DX5F,10DX5F,0,00,00,27,22,0.00,0,10.41,11.09,1.643270,0.398060,1000.00,cifi0007.DBF
DX5F,10DX5F,0,00,00,27,23,0.00,0,10.57,11.31,1.643270,0.398060,1000.00,cifi0007.DBF
DX5F,10DX5F,0,00,00,27,24,0.00,0,10.58,11.40,1.643270,0.398060,1000.00,cifi0007.DBF
DX5F,10DX5F,0,00,00,27,25,0.00,0,10.42,11.32,1.643270,0.398060,1000.00,cifi0007.DBF
DX5F,10DX5F,0,00,00,27,26,0.00,0,10.76,11.75,2.310340,0.398060,1000.00,cifi0007.DBF
DX5F,10DX5F,0,00,00,27,27,0.00,0,10.90,11.99,2.310340,0.398060,1000.00,cifi0007.DBF
DX5F,10DX5F,0,00,00,27,28,0.00,0,10.82,12.02,2.310340,0.398060,1000.00,cifi0007.DBF
DX5F,10DX5F,0,00,00,27,29,0.00,0,10.48,11.80,2.310340,0.398060,1000.00,cifi0007.DBF
DX5F,10DX5F,0,00,00,27,30,0.00,0,9.83,11.31,2.310340,0.398060,1000.00,cifi0007.DBF
DX5F,10DX5F,0,00,00,27,31,0.00,0,9.88,11.51,3.305520,0.398060,1000.00,cifi0007.DBF
DX5F,10DX5F,0,00,00,27,32,0.00,0,9.57,11.38,3.305520,0.398060,1000.00,cifi0007.DBF
DX5F,10DX5F,0,00,00,27,33,0.00,0,8.84,10.86,3.305520,0.398060,1000.00,cifi0007.DBF
DX5F,10DX5F,0,00,00,27,34,0.00,0,7.62,9.88,3.305520,0.398060,1000.00,cifi0007.DBF
DX5F,10DX5F,0,00,00,27,35,0.00,0,5.82,8.37,3.305520,0.398060,1000.00,cifi0007.DBF
DX5F,10DX5F,0,00,00,27,36,0.00,0,4.63,7.49,4.523060,0.398060,1000.00,cifi0007.DBF
DX5F,10DX5F,0,00,00,27,37,0.00,0,2.73,5.94,4.523060,0.398060,1000.00,cifi0007.DBF
DX5F,10DX5F,0,00,00,27,38,0.00,0,0.00,3.63,4.523060,0.398060,1000.00,cifi0007.DBF
DX5F,10DX5F,0,00,00,28,1,0.00,0,0.00,0.20,0.407770,0.407770,1000.00,cifi0007.DBF
DX5F,10DX5F,0,00,00,28,2,0.00,0,0.77,0.98,1.178420,0.407770,1000.00,cifi0007.DBF
DX5F,10DX5F,0,00,00,28,3,0.00,0,1.53,1.74,1.178420,0.407770,1000.00,cifi0007.DBF
DX5F,10DX5F,0,00,00,28,4,0.00,0,2.28,2.50,1.178420,0.407770,1000.00,cifi0007.DBF
DX5F,10DX5F,0,00,00,28,5,0.00,0,3.03,3.24,1.178420,0.407770,1000.00,cifi0007.DBF
DX5F,10DX5F,0,00,00,28,6,0.00,0,3.76,3.99,1.192250,0.407770,1000.00,cifi0007.DBF
DX5F,10DX5F,0,00,00,28,7,0.00,0,4.45,4.70,1.192250,0.407770,1000.00,cifi0007.DBF
DX5F,10DX5F,0,00,00,28,8,0.00,0,5.10,5.37,1.192250,0.407770,1000.00,cifi0007.DBF
DX5F,10DX5F,0,00,00,28,9,0.00,0,5.67,5.98,1.192250,0.407770,1000.00,cifi0007.DBF
DX5F,10DX5F,0,00,00,28,10,0.00,0,6.17,6.52,1.192250,0.407770,1000.00,cifi0007.DBF
DX5F,10DX5F,0,00,00,28,11,0.00,0,6.61,7.00,1.219910,0.407770,1000.00,cifi0007.DBF
DX5F,10DX5F,0,00,00,28,12,0.00,0,7.00,7.42,1.219910,0.407770,1000.00,cifi0007.DBF
DX5F,10DX5F,0,00,00,28,13,0.00,0,7.33,7.77,1.219910,0.407770,1000.00,cifi0007.DBF
DX5F,10DX5F,0,00,00,28,14,0.00,0,7.62,8.08,1.219910,0.407770,1000.00,cifi0007.DBF
DX5F,10DX5F,0,00,00,28,15,0.00,0,7.87,8.35,1.219910,0.407770,1000.00,cifi0007.DBF
DX5F,10DX5F,0,00,00,28,16,0.00,0,8.25,8.75,1.372050,0.407770,1000.00,cifi0007.DBF
DX5F,10DX5F,0,00,00,28,17,0.00,0,8.59,9.11,1.372050,0.407770,1000.00,cifi0007.DBF
DX5F,10DX5F,0,00,00,28,18,0.00,0,8.90,9.43,1.372050,0.407770,1000.00,cifi0007.DBF
DX5F,10DX5F,0,00,00,28,19,0.00,0,9.10,9.68,1.372050,0.407770,1000.00,cifi0007.DBF
DX5F,10DX5F,0,00,00,28,20,0.00,0,9.20,9.84,1.372050,0.407770,1000.00,cifi0007.DBF
DX5F,10DX5F,0,00,00,28,21,0.00,0,9.61,10.30,1.789760,0.407770,1000.00,cifi0007.DBF
DX5F,10DX5F,0,00,00,28,22,0.00,0,9.89,10.64,1.789760,0.407770,1000.00,cifi0007.DBF
DX5F,10DX5F,0,00,00,28,23,0.00,0,10.03,10.85,1.789760,0.407770,1000.00,cifi0007.DBF
DX5F,10DX5F,0,00,00,28,24,0.00,0,10.00,10.91,1.789760,0.407770,1000.00,cifi0007.DBF
DX5F,10DX5F,0,00,00,28,25,0.00,0,9.79,10.79,1.789760,0.407770,1000.00,cifi0007.DBF
DX5F,10DX5F,0,00,00,28,26,0.00,0,10.13,11.22,2.528340,0.407770,1000.00,cifi0007.DBF
DX5F,10DX5F,0,00,00,28,27,0.00,0,10.24,11.45,2.528340,0.407770,1000.00,cifi0007.DBF
DX5F,10DX5F,0,00,00,28,28,0.00,0,10.10,11.44,2.528340,0.407770,1000.00,cifi0007.DBF
DX5F,10DX5F,0,00,00,28,29,0.00,0,9.67,11.15,2.528340,0.407770,1000.00,cifi0007.DBF
DX5F,10DX5F,0,00,00,28,30,0.00,0,8.91,10.56,2.528340,0.407770,1000.00,cifi0007.DBF
DX5F,10DX5F,0,00,00,28,31,0.00,0,8.91,10.73,3.637600,0.407770,1000.00,cifi0007.DBF
DX5F,10DX5F,0,00,00,28,32,0.00,0,8.50,10.53,3.637600,0.407770,1000.00,cifi0007.DBF
DX5F,10DX5F,0,00,00,28,33,0.00,0,7.61,9.88,3.637600,0.407770,1000.00,cifi0007.DBF
DX5F,10DX5F,0,00,00,28,34,0.00,0,6.16,8.71,3.637600,0.407770,1000.00,cifi0007.DBF
DX5F,10DX5F,0,00,00,28,35,0.00,0,4.07,6.93,3.637600,0.407770,1000.00,cifi0007.DBF
DX5F,10DX5F,0,00,00,28,36,0.00,0,2.44,5.66,4.810490,0.407770,1000.00,cifi0007.DBF
DX5F,10DX5F,0,00,00,28,37,0.00,0,0.00,3.63,4.810490,0.407770,1000.00,cifi0007.DBF
DX5F,10DX5F,0,00,00,29,1,0.00,0,0.00,0.21,0.427180,0.427180,1000.00,cifi0007.DBF
DX5F,10DX5F,0,00,00,29,2,0.00,0,0.77,1.00,1.216950,0.427180,1000.00,cifi0007.DBF
DX5F,10DX5F,0,00,00,29,3,0.00,0,1.54,1.77,1.216950,0.427180,1000.00,cifi0007.DBF
DX5F,10DX5F,0,00,00,29,4,0.00,0,2.30,2.53,1.216950,0.427180,1000.00,cifi0007.DBF
DX5F,10DX5F,0,00,00,29,5,0.00,0,3.04,3.28,1.216950,0.427180,1000.00,cifi0007.DBF
DX5F,10DX5F,0,00,00,29,6,0.00,0,3.75,4.01,1.231200,0.427180,1000.00,cifi0007.DBF
DX5F,10DX5F,0,00,00,29,7,0.00,0,4.41,4.70,1.231200,0.427180,1000.00,cifi0007.DBF
DX5F,10DX5F,0,00,00,29,8,0.00,0,5.01,5.32,1.231200,0.427180,1000.00,cifi0007.DBF
DX5F,10DX5F,0,00,00,29,9,0.00,0,5.52,5.88,1.231200,0.427180,1000.00,cifi0007.DBF
DX5F,10DX5F,0,00,00,29,10,0.00,0,5.96,6.36,1.231200,0.427180,1000.00,cifi0007.DBF
DX5F,10DX5F,0,00,00,29,11,0.00,0,6.38,6.81,1.273950,0.427180,1000.00,cifi0007.DBF
DX5F,10DX5F,0,00,00,29,12,0.00,0,6.75,7.20,1.273950,0.427180,1000.00,cifi0007.DBF
DX5F,10DX5F,0,00,00,29,13,0.00,0,7.07,7.55,1.273950,0.427180,1000.00,cifi0007.DBF
DX5F,10DX5F,0,00,00,29,14,0.00,0,7.37,7.86,1.273950,0.427180,1000.00,cifi0007.DBF
DX5F,10DX5F,0,00,00,29,15,0.00,0,7.63,8.13,1.273950,0.427180,1000.00,cifi0007.DBF
DX5F,10DX5F,0,00,00,29,16,0.00,0,8.06,8.58,1.473450,0.427180,1000.00,cifi0007.DBF
DX5F,10DX5F,0,00,00,29,17,0.00,0,8.45,8.99,1.473450,0.427180,1000.00,cifi0007.DBF
DX5F,10DX5F,0,00,00,29,18,0.00,0,8.74,9.33,1.473450,0.427180,1000.00,cifi0007.DBF
DX5F,10DX5F,0,00,00,29,19,0.00,0,8.93,9.57,1.473450,0.427180,1000.00,cifi0007.DBF
DX5F,10DX5F,0,00,00,29,20,0.00,0,9.01,9.71,1.473450,0.427180,1000.00,cifi0007.DBF
DX5F,10DX5F,0,00,00,29,21,0.00,0,9.46,10.22,1.972210,0.427180,1000.00,cifi0007.DBF
DX5F,10DX5F,0,00,00,29,22,0.00,0,9.77,10.60,1.972210,0.427180,1000.00,cifi0007.DBF
DX5F,10DX5F,0,00,00,29,23,0.00,0,9.93,10.83,1.972210,0.427180,1000.00,cifi0007.DBF
DX5F,10DX5F,0,00,00,29,24,0.00,0,9.90,10.90,1.972210,0.427180,1000.00,cifi0007.DBF
DX5F,10DX5F,0,00,00,29,25,0.00,0,9.66,10.77,1.972210,0.427180,1000.00,cifi0007.DBF
DX5F,10DX5F,0,00,00,29,26,0.00,0,9.85,11.07,2.616310,0.427180,1000.00,cifi0007.DBF
DX5F,10DX5F,0,00,00,29,27,0.00,0,9.80,11.13,2.616310,0.427180,1000.00,cifi0007.DBF
DX5F,10DX5F,0,00,00,29,28,0.00,0,9.45,10.93,2.616310,0.427180,1000.00,cifi0007.DBF
DX5F,10DX5F,0,00,00,29,29,0.00,0,8.77,10.41,2.616310,0.427180,1000.00,cifi0007.DBF
DX5F,10DX5F,0,00,00,29,30,0.00,0,7.71,9.54,2.616310,0.427180,1000.00,cifi0007.DBF
DX5F,10DX5F,0,00,00,29,31,0.00,0,7.68,9.72,4.049860,0.427180,1000.00,cifi0007.DBF
DX5F,10DX5F,0,00,00,29,32,0.00,0,7.19,9.46,4.049860,0.427180,1000.00,cifi0007.DBF
DX5F,10DX5F,0,00,00,29,33,0.00,0,6.15,8.69,4.049860,0.427180,1000.00,cifi0007.DBF
DX5F,10DX5F,0,00,00,29,34,0.00,0,4.48,7.34,4.049860,0.427180,1000.00,cifi0007.DBF
DX5F,10DX5F,0,00,00,29,35,0.00,0,2.08,5.31,4.049860,0.427180,1000.00,cifi0007.DBF
DX5F,10DX5F,0,00,00,29,36,0.00,0,0.00,3.63,5.169910,0.427180,1000.00,cifi0007.DBF
DX5F,10DX5F,0,00,00,30,1,0.00,0,0.00,0.23,0.466020,0.466020,1000.00,cifi0007.DBF
DX5F,10DX5F,0,00,00,30,2,0.00,0,0.76,1.00,1.231560,0.466020,1000.00,cifi0007.DBF
DX5F,10DX5F,0,00,00,30,3,0.00,0,1.51,1.75,1.231560,0.466020,1000.00,cifi0007.DBF
DX5F,10DX5F,0,00,00,30,4,0.00,0,2.24,2.49,1.231560,0.466020,1000.00,cifi0007.DBF
DX5F,10DX5F,0,00,00,30,5,0.00,0,2.92,3.20,1.231560,0.466020,1000.00,cifi0007.DBF
DX5F,10DX5F,0,00,00,30,6,0.00,0,3.58,3.87,1.245940,0.466020,1000.00,cifi0007.DBF
DX5F,10DX5F,0,00,00,30,7,0.00,0,4.16,4.49,1.245940,0.466020,1000.00,cifi0007.DBF
DX5F,10DX5F,0,00,00,30,8,0.00,0,4.66,5.04,1.245940,0.466020,1000.00,cifi0007.DBF
DX5F,10DX5F,0,00,00,30,9,0.00,0,5.09,5.50,1.245940,0.466020,1000.00,cifi0007.DBF
DX5F,10DX5F,0,00,00,30,10,0.00,0,5.45,5.90,1.245940,0.466020,1000.00,cifi0007.DBF
DX5F,10DX5F,0,00,00,30,11,0.00,0,5.83,6.30,1.309250,0.466020,1000.00,cifi0007.DBF
DX5F,10DX5F,0,00,00,30,12,0.00,0,6.16,6.65,1.309250,0.466020,1000.00,cifi0007.DBF
DX5F,10DX5F,0,00,00,30,13,0.00,0,6.47,6.97,1.309250,0.466020,1000.00,cifi0007.DBF
DX5F,10DX5F,0,00,00,30,14,0.00,0,6.74,7.26,1.309250,0.466020,1000.00,cifi0007.DBF
DX5F,10DX5F,0,00,00,30,15,0.00,0,6.97,7.51,1.309250,0.466020,1000.00,cifi0007.DBF
DX5F,10DX5F,0,00,00,30,16,0.00,0,7.41,7.97,1.556710,0.466020,1000.00,cifi0007.DBF
DX5F,10DX5F,0,00,00,30,17,0.00,0,7.76,8.36,1.556710,0.466020,1000.00,cifi0007.DBF
DX5F,10DX5F,0,00,00,30,18,0.00,0,8.00,8.66,1.556710,0.466020,1000.00,cifi0007.DBF
DX5F,10DX5F,0,00,00,30,19,0.00,0,8.13,8.85,1.556710,0.466020,1000.00,cifi0007.DBF
DX5F,10DX5F,0,00,00,30,20,0.00,0,8.12,8.91,1.556710,0.466020,1000.00,cifi0007.DBF
DX5F,10DX5F,0,00,00,30,21,0.00,0,8.56,9.41,2.132200,0.466020,1000.00,cifi0007.DBF
DX5F,10DX5F,0,00,00,30,22,0.00,0,8.84,9.77,2.132200,0.466020,1000.00,cifi0007.DBF
DX5F,10DX5F,0,00,00,30,23,0.00,0,8.95,9.96,2.132200,0.466020,1000.00,cifi0007.DBF
DX5F,10DX5F,0,00,00,30,24,0.00,0,8.84,9.96,2.132200,0.466020,1000.00,cifi0007.DBF
DX5F,10DX5F,0,00,00,30,25,0.00,0,8.51,9.74,2.132200,0.466020,1000.00,cifi0007.DBF
DX5F,10DX5F,0,00,00,30,26,0.00,0,8.83,10.19,3.029970,0.466020,1000.00,cifi0007.DBF
DX5F,10DX5F,0,00,00,30,27,0.00,0,8.88,10.37,3.029970,0.466020,1000.00,cifi0007.DBF
DX5F,10DX5F,0,00,00,30,28,0.00,0,8.61,10.26,3.029970,0.466020,1000.00,cifi0007.DBF
DX5F,10DX5F,0,00,00,30,29,0.00,0,7.97,9.80,3.029970,0.466020,1000.00,cifi0007.DBF
DX5F,10DX5F,0,00,00,30,30,0.00,0,6.90,8.95,3.029970,0.466020,1000.00,cifi0007.DBF
DX5F,10DX5F,0,00,00,30,31,0.00,0,6.77,9.05,4.425540,0.466020,1000.00,cifi0007.DBF
DX5F,10DX5F,0,00,00,30,32,0.00,0,6.10,8.65,4.425540,0.466020,1000.00,cifi0007.DBF
DX5F,10DX5F,0,00,00,30,33,0.00,0,4.82,7.68,4.425540,0.466020,1000.00,cifi0007.DBF
DX5F,10DX5F,0,00,00,30,34,0.00,0,2.83,6.04,4.425540,0.466020,1000.00,cifi0007.DBF
DX5F,10DX5F,0,00,00,30,35,0.00,0,0.00,3.63,4.425540,0.466020,1000.00,cifi0007.DBF
DX5F,10DX5F,0,00,00,31,1,0.00,0,0.00,0.25,0.495150,0.495150,1000.00,cifi0007.DBF
DX5F,10DX5F,0,00,00,31,2,0.00,0,0.76,1.01,1.257050,0.495150,1000.00,cifi0007.DBF
DX5F,10DX5F,0,00,00,31,3,0.00,0,1.48,1.75,1.257050,0.495150,1000.00,cifi0007.DBF
DX5F,10DX5F,0,00,00,31,4,0.00,0,2.17,2.46,1.257050,0.495150,1000.00,cifi0007.DBF
DX5F,10DX5F,0,00,00,31,5,0.00,0,2.82,3.12,1.257050,0.495150,1000.00,cifi0007.DBF
DX5F,10DX5F,0,00,00,31,6,0.00,0,3.41,3.75,1.274630,0.495150,1000.00,cifi0007.DBF
DX5F,10DX5F,0,00,00,31,7,0.00,0,3.91,4.30,1.274630,0.495150,1000.00,cifi0007.DBF
DX5F,10DX5F,0,00,00,31,8,0.00,0,4.35,4.77,1.274630,0.495150,1000.00,cifi0007.DBF
DX5F,10DX5F,0,00,00,31,9,0.00,0,4.72,5.17,1.274630,0.495150,1000.00,cifi0007.DBF
DX5F,10DX5F,0,00,00,31,10,0.00,0,5.04,5.52,1.274630,0.495150,1000.00,cifi0007.DBF
DX5F,10DX5F,0,00,00,31,11,0.00,0,5.40,5.90,1.365470,0.495150,1000.00,cifi0007.DBF
DX5F,10DX5F,0,00,00,31,12,0.00,0,5.74,6.25,1.365470,0.495150,1000.00,cifi0007.DBF
DX5F,10DX5F,0,00,00,31,13,0.00,0,6.04,6.57,1.365470,0.495150,1000.00,cifi0007.DBF
DX5F,10DX5F,0,00,00,31,14,0.00,0,6.31,6.86,1.365470,0.495150,1000.00,cifi0007.DBF
DX5F,10DX5F,0,00,00,31,15,0.00,0,6.54,7.11,1.365470,0.495150,1000.00,cifi0007.DBF
DX5F,10DX5F,0,00,00,31,16,0.00,0,6.97,7.59,1.673140,0.495150,1000.00,cifi0007.DBF
DX5F,10DX5F,0,00,00,31,17,0.00,0,7.32,7.98,1.673140,0.495150,1000.00,cifi0007.DBF
DX5F,10DX5F,0,00,00,31,18,0.00,0,7.55,8.27,1.673140,0.495150,1000.00,cifi0007.DBF
DX5F,10DX5F,0,00,00,31,19,0.00,0,7.64,8.43,1.673140,0.495150,1000.00,cifi0007.DBF
DX5F,10DX5F,0,00,00,31,20,0.00,0,7.59,8.45,1.673140,0.495150,1000.00,cifi0007.DBF
DX5F,10DX5F,0,00,00,31,21,0.00,0,8.04,8.98,2.329500,0.495150,1000.00,cifi0007.DBF
DX5F,10DX5F,0,00,00,31,22,0.00,0,8.32,9.35,2.329500,0.495150,1000.00,cifi0007.DBF
DX5F,10DX5F,0,00,00,31,23,0.00,0,8.40,9.53,2.329500,0.495150,1000.00,cifi0007.DBF
DX5F,10DX5F,0,00,00,31,24,0.00,0,8.26,9.49,2.329500,0.495150,1000.00,cifi0007.DBF
DX5F,10DX5F,0,00,00,31,25,0.00,0,7.85,9.22,2.329500,0.495150,1000.00,cifi0007.DBF
DX5F,10DX5F,0,00,00,31,26,0.00,0,8.16,9.66,3.316970,0.495150,1000.00,cifi0007.DBF
DX5F,10DX5F,0,00,00,31,27,0.00,0,8.16,9.82,3.316970,0.495150,1000.00,cifi0007.DBF
DX5F,10DX5F,0,00,00,31,28,0.00,0,7.80,9.64,3.316970,0.495150,1000.00,cifi0007.DBF
DX5F,10DX5F,0,00,00,31,29,0.00,0,7.02,9.07,3.316970,0.495150,1000.00,cifi0007.DBF
DX5F,10DX5F,0,00,00,31,30,0.00,0,5.75,8.05,3.316970,0.495150,1000.00,cifi0007.DBF
DX5F,10DX5F,0,00,00,31,31,0.00,0,5.33,7.89,4.694160,0.495150,1000.00,cifi0007.DBF
DX5F,10DX5F,0,00,00,31,32,0.00,0,4.30,7.16,4.694160,0.495150,1000.00,cifi0007.DBF
DX5F,10DX5F,0,00,00,31,33,0.00,0,2.56,5.77,4.694160,0.495150,1000.00,cifi0007.DBF
DX5F,10DX5F,0,00,00,31,34,0.00,0,0.00,3.63,4.694160,0.495150,1000.00,cifi0007.DBF
DX5F,10DX5F,0,00,00,32,1,0.00,0,0.00,0.26,0.524270,0.524270,1000.00,cifi0007.DBF
DX5F,10DX5F,0,00,00,32,2,0.00,0,0.73,1.01,1.283430,0.524270,1000.00,cifi0007.DBF
DX5F,10DX5F,0,00,00,32,3,0.00,0,1.43,1.72,1.283430,0.524270,1000.00,cifi0007.DBF
DX5F,10DX5F,0,00,00,32,4,0.00,0,2.07,2.39,1.283430,0.524270,1000.00,cifi0007.DBF
DX5F,10DX5F,0,00,00,32,5,0.00,0,2.65,3.00,1.283430,0.524270,1000.00,cifi0007.DBF
DX5F,10DX5F,0,00,00,32,6,0.00,0,3.17,3.56,1.304320,0.524270,1000.00,cifi0007.DBF
DX5F,10DX5F,0,00,00,32,7,0.00,0,3.61,4.04,1.304320,0.524270,1000.00,cifi0007.DBF
DX5F,10DX5F,0,00,00,32,8,0.00,0,3.98,4.45,1.304320,0.524270,1000.00,cifi0007.DBF
DX5F,10DX5F,0,00,00,32,9,0.00,0,4.31,4.80,1.304320,0.524270,1000.00,cifi0007.DBF
DX5F,10DX5F,0,00,00,32,10,0.00,0,4.59,5.10,1.304320,0.524270,1000.00,cifi0007.DBF
DX5F,10DX5F,0,00,00,32,11,0.00,0,4.97,5.50,1.432660,0.524270,1000.00,cifi0007.DBF
DX5F,10DX5F,0,00,00,32,12,0.00,0,5.32,5.86,1.432660,0.524270,1000.00,cifi0007.DBF
DX5F,10DX5F,0,00,00,32,13,0.00,0,5.63,6.19,1.432660,0.524270,1000.00,cifi0007.DBF
DX5F,10DX5F,0,00,00,32,14,0.00,0,5.91,6.49,1.432660,0.524270,1000.00,cifi0007.DBF
DX5F,10DX5F,0,00,00,32,15,0.00,0,6.08,6.71,1.432660,0.524270,1000.00,cifi0007.DBF
DX5F,10DX5F,0,00,00,32,16,0.00,0,6.53,7.21,1.808740,0.524270,1000.00,cifi0007.DBF
DX5F,10DX5F,0,00,00,32,17,0.00,0,6.87,7.61,1.808740,0.524270,1000.00,cifi0007.DBF
DX5F,10DX5F,0,00,00,32,18,0.00,0,7.09,7.89,1.808740,0.524270,1000.00,cifi0007.DBF
DX5F,10DX5F,0,00,00,32,19,0.00,0,7.16,8.03,1.808740,0.524270,1000.00,cifi0007.DBF
DX5F,10DX5F,0,00,00,32,20,0.00,0,7.06,8.01,1.808740,0.524270,1000.00,cifi0007.DBF
DX5F,10DX5F,0,00,00,32,21,0.00,0,7.53,8.57,2.542980,0.524270,1000.00,cifi0007.DBF
DX5F,10DX5F,0,00,00,32,22,0.00,0,7.81,8.94,2.542980,0.524270,1000.00,cifi0007.DBF
DX5F,10DX5F,0,00,00,32,23,0.00,0,7.86,9.10,2.542980,0.524270,1000.00,cifi0007.DBF
DX5F,10DX5F,0,00,00,32,24,0.00,0,7.66,9.03,2.542980,0.524270,1000.00,cifi0007.DBF
DX5F,10DX5F,0,00,00,32,25,0.00,0,7.16,8.68,2.542980,0.524270,1000.00,cifi0007.DBF
DX5F,10DX5F,0,00,00,32,26,0.00,0,7.46,9.13,3.638370,0.524270,1000.00,cifi0007.DBF
DX5F,10DX5F,0,00,00,32,27,0.00,0,7.41,9.26,3.638370,0.524270,1000.00,cifi0007.DBF
DX5F,10DX5F,0,00,00,32,28,0.00,0,6.95,9.00,3.638370,0.524270,1000.00,cifi0007.DBF
DX5F,10DX5F,0,00,00,32,29,0.00,0,6.01,8.30,3.638370,0.524270,1000.00,cifi0007.DBF
DX5F,10DX5F,0,00,00,32,30,0.00,0,4.50,7.08,3.638370,0.524270,1000.00,cifi0007.DBF
DX5F,10DX5F,0,00,00,32,31,0.00,0,3.74,6.61,4.978510,0.524270,1000.00,cifi0007.DBF
DX5F,10DX5F,0,00,00,32,32,0.00,0,2.27,5.50,4.978510,0.524270,1000.00,cifi0007.DBF
DX5F,10DX5F,0,00,00,32,33,0.00,0,0.00,3.63,4.978510,0.524270,1000.00,cifi0007.DBF
DX5F,10DX5F,0,00,00,33,1,0.00,0,0.00,0.29,0.572820,0.572820,1000.00,cifi0007.DBF
DX5F,10DX5F,0,00,00,33,2,0.00,0,0.70,1.00,1.308940,0.572820,1000.00,cifi0007.DBF
DX5F,10DX5F,0,00,00,33,3,0.00,0,1.35,1.68,1.308940,0.572820,1000.00,cifi0007.DBF
DX5F,10DX5F,0,00,00,33,4,0.00,0,1.93,2.29,1.308940,0.572820,1000.00,cifi0007.DBF
DX5F,10DX5F,0,00,00,33,5,0.00,0,2.43,2.83,1.308940,0.572820,1000.00,cifi0007.DBF
DX5F,10DX5F,0,00,00,33,6,0.00,0,2.88,3.32,1.339310,0.572820,1000.00,cifi0007.DBF
DX5F,10DX5F,0,00,00,33,7,0.00,0,3.27,3.75,1.339310,0.572820,1000.00,cifi0007.DBF
DX5F,10DX5F,0,00,00,33,8,0.00,0,3.61,4.11,1.339310,0.572820,1000.00,cifi0007.DBF
DX5F,10DX5F,0,00,00,33,9,0.00,0,3.91,4.43,1.339310,0.572820,1000.00,cifi0007.DBF
DX5F,10DX5F,0,00,00,33,10,0.00,0,4.17,4.71,1.339310,0.572820,1000.00,cifi0007.DBF
DX5F,10DX5F,0,00,00,33,11,0.00,0,4.57,5.12,1.506340,0.572820,1000.00,cifi0007.DBF
DX5F,10DX5F,0,00,00,33,12,0.00,0,4.94,5.51,1.506340,0.572820,1000.00,cifi0007.DBF
DX5F,10DX5F,0,00,00,33,13,0.00,0,5.26,5.85,1.506340,0.572820,1000.00,cifi0007.DBF
DX5F,10DX5F,0,00,00,33,14,0.00,0,5.49,6.13,1.506340,0.572820,1000.00,cifi0007.DBF
DX5F,10DX5F,0,00,00,33,15,0.00,0,5.62,6.31,1.506340,0.572820,1000.00,cifi0007.DBF
DX5F,10DX5F,0,00,00,33,16,0.00,0,6.09,6.83,1.964920,0.572820,1000.00,cifi0007.DBF
DX5F,10DX5F,0,00,00,33,17,0.00,0,6.44,7.25,1.964920,0.572820,1000.00,cifi0007.DBF
DX5F,10DX5F,0,00,00,33,18,0.00,0,6.65,7.52,1.964920,0.572820,1000.00,cifi0007.DBF
DX5F,10DX5F,0,00,00,33,19,0.00,0,6.70,7.65,1.964920,0.572820,1000.00,cifi0007.DBF
DX5F,10DX5F,0,00,00,33,20,0.00,0,6.56,7.61,1.964920,0.572820,1000.00,cifi0007.DBF
DX5F,10DX5F,0,00,00,33,21,0.00,0,7.04,8.19,2.775800,0.572820,1000.00,cifi0007.DBF
DX5F,10DX5F,0,00,00,33,22,0.00,0,7.31,8.56,2.775800,0.572820,1000.00,cifi0007.DBF
DX5F,10DX5F,0,00,00,33,23,0.00,0,7.33,8.71,2.775800,0.572820,1000.00,cifi0007.DBF
DX5F,10DX5F,0,00,00,33,24,0.00,0,7.06,8.59,2.775800,0.572820,1000.00,cifi0007.DBF
DX5F,10DX5F,0,00,00,33,25,0.00,0,6.47,8.15,2.775800,0.572820,1000.00,cifi0007.DBF
DX5F,10DX5F,0,00,00,33,26,0.00,0,6.75,8.61,3.993620,0.572820,1000.00,cifi0007.DBF
DX5F,10DX5F,0,00,00,33,27,0.00,0,6.64,8.69,3.993620,0.572820,1000.00,cifi0007.DBF
DX5F,10DX5F,0,00,00,33,28,0.00,0,6.05,8.34,3.993620,0.572820,1000.00,cifi0007.DBF
DX5F,10DX5F,0,00,00,33,29,0.00,0,4.91,7.48,3.993620,0.572820,1000.00,cifi0007.DBF
DX5F,10DX5F,0,00,00,33,30,0.00,0,3.14,6.03,3.993620,0.572820,1000.00,cifi0007.DBF
DX5F,10DX5F,0,00,00,33,31,0.00,0,1.97,5.20,5.281300,0.572820,1000.00,cifi0007.DBF
DX5F,10DX5F,0,00,00,33,32,0.00,0,0.00,3.63,5.281300,0.572820,1000.00,cifi0007.DBF
DX5F,10DX5F,0,00,00,34,1,0.00,0,0.00,0.32,0.631070,0.631070,1000.00,cifi0007.DBF
DX5F,10DX5F,0,00,00,34,2,0.00,0,0.67,1.01,1.349400,0.631070,1000.00,cifi0007.DBF
DX5F,10DX5F,0,00,00,34,3,0.00,0,1.27,1.65,1.349400,0.631070,1000.00,cifi0007.DBF
DX5F,10DX5F,0,00,00,34,4,0.00,0,1.79,2.21,1.349400,0.631070,1000.00,cifi0007.DBF
DX5F,10DX5F,0,00,00,34,5,0.00,0,2.24,2.69,1.349400,0.631070,1000.00,cifi0007.DBF
DX5F,10DX5F,0,00,00,34,6,0.00,0,2.66,3.15,1.396250,0.631070,1000.00,cifi0007.DBF
DX5F,10DX5F,0,00,00,34,7,0.00,0,3.05,3.55,1.396250,0.631070,1000.00,cifi0007.DBF
DX5F,10DX5F,0,00,00,34,8,0.00,0,3.38,3.91,1.396250,0.631070,1000.00,cifi0007.DBF
DX5F,10DX5F,0,00,00,34,9,0.00,0,3.68,4.23,1.396250,0.631070,1000.00,cifi0007.DBF
DX5F,10DX5F,0,00,00,34,10,0.00,0,3.96,4.52,1.396250,0.631070,1000.00,cifi0007.DBF
DX5F,10DX5F,0,00,00,34,11,0.00,0,4.42,4.99,1.614900,0.631070,1000.00,cifi0007.DBF
DX5F,10DX5F,0,00,00,34,12,0.00,0,4.84,5.43,1.614900,0.631070,1000.00,cifi0007.DBF
DX5F,10DX5F,0,00,00,34,13,0.00,0,5.16,5.81,1.614900,0.631070,1000.00,cifi0007.DBF
DX5F,10DX5F,0,00,00,34,14,0.00,0,5.39,6.09,1.614900,0.631070,1000.00,cifi0007.DBF
DX5F,10DX5F,0,00,00,34,15,0.00,0,5.50,6.25,1.614900,0.631070,1000.00,cifi0007.DBF
DX5F,10DX5F,0,00,00,34,16,0.00,0,6.03,6.84,2.161530,0.631070,1000.00,cifi0007.DBF
DX5F,10DX5F,0,00,00,34,17,0.00,0,6.43,7.31,2.161530,0.631070,1000.00,cifi0007.DBF
DX5F,10DX5F,0,00,00,34,18,0.00,0,6.67,7.63,2.161530,0.631070,1000.00,cifi0007.DBF
DX5F,10DX5F,0,00,00,34,19,0.00,0,6.74,7.78,2.161530,0.631070,1000.00,cifi0007.DBF
DX5F,10DX5F,0,00,00,34,20,0.00,0,6.59,7.74,2.161530,0.631070,1000.00,cifi0007.DBF
DX5F,10DX5F,0,00,00,34,21,0.00,0,6.94,8.20,2.867470,0.631070,1000.00,cifi0007.DBF
DX5F,10DX5F,0,00,00,34,22,0.00,0,7.05,8.43,2.867470,0.631070,1000.00,cifi0007.DBF
DX5F,10DX5F,0,00,00,34,23,0.00,0,6.86,8.39,2.867470,0.631070,1000.00,cifi0007.DBF
DX5F,10DX5F,0,00,00,34,24,0.00,0,6.36,8.04,2.867470,0.631070,1000.00,cifi0007.DBF
DX5F,10DX5F,0,00,00,34,25,0.00,0,5.47,7.35,2.867470,0.631070,1000.00,cifi0007.DBF
DX5F,10DX5F,0,00,00,34,26,0.00,0,5.77,7.84,4.438640,0.631070,1000.00,cifi0007.DBF
DX5F,10DX5F,0,00,00,34,27,0.00,0,5.62,7.91,4.438640,0.631070,1000.00,cifi0007.DBF
DX5F,10DX5F,0,00,00,34,28,0.00,0,4.92,7.49,4.438640,0.631070,1000.00,cifi0007.DBF
DX5F,10DX5F,0,00,00,34,29,0.00,0,3.62,6.49,4.438640,0.631070,1000.00,cifi0007.DBF
DX5F,10DX5F,0,00,00,34,30,0.00,0,1.59,4.82,4.438640,0.631070,1000.00,cifi0007.DBF
DX5F,10DX5F,0,00,00,34,31,0.00,0,0.00,3.63,5.666220,0.631070,1000.00,cifi0007.DBF
DX5F,10DX5F,0,00,00,35,1,0.00,0,0.00,0.35,0.699030,0.699030,1000.00,cifi0007.DBF
DX5F,10DX5F,0,00,00,35,2,0.00,0,0.59,0.97,1.357900,0.699030,1000.00,cifi0007.DBF
DX5F,10DX5F,0,00,00,35,3,0.00,0,1.10,1.52,1.357900,0.699030,1000.00,cifi0007.DBF
DX5F,10DX5F,0,00,00,35,4,0.00,0,1.53,1.99,1.357900,0.699030,1000.00,cifi0007.DBF
DX5F,10DX5F,0,00,00,35,5,0.00,0,1.90,2.39,1.357900,0.699030,1000.00,cifi0007.DBF
DX5F,10DX5F,0,00,00,35,6,0.00,0,2.29,2.80,1.426890,0.699030,1000.00,cifi0007.DBF
DX5F,10DX5F,0,00,00,35,7,0.00,0,2.63,3.17,1.426890,0.699030,1000.00,cifi0007.DBF
DX5F,10DX5F,0,00,00,35,8,0.00,0,2.94,3.50,1.426890,0.699030,1000.00,cifi0007.DBF
DX5F,10DX5F,0,00,00,35,9,0.00,0,3.22,3.79,1.426890,0.699030,1000.00,cifi0007.DBF
DX5F,10DX5F,0,00,00,35,10,0.00,0,3.46,4.05,1.426890,0.699030,1000.00,cifi0007.DBF
DX5F,10DX5F,0,00,00,35,11,0.00,0,3.94,4.55,1.696590,0.699030,1000.00,cifi0007.DBF
DX5F,10DX5F,0,00,00,35,12,0.00,0,4.32,4.98,1.696590,0.699030,1000.00,cifi0007.DBF
DX5F,10DX5F,0,00,00,35,13,0.00,0,4.60,5.31,1.696590,0.699030,1000.00,cifi0007.DBF
DX5F,10DX5F,0,00,00,35,14,0.00,0,4.77,5.54,1.696590,0.699030,1000.00,cifi0007.DBF
DX5F,10DX5F,0,00,00,35,15,0.00,0,4.80,5.63,1.696590,0.699030,1000.00,cifi0007.DBF
DX5F,10DX5F,0,00,00,35,16,0.00,0,5.33,6.22,2.323790,0.699030,1000.00,cifi0007.DBF
DX5F,10DX5F,0,00,00,35,17,0.00,0,5.70,6.68,2.323790,0.699030,1000.00,cifi0007.DBF
DX5F,10DX5F,0,00,00,35,18,0.00,0,5.90,6.96,2.323790,0.699030,1000.00,cifi0007.DBF
DX5F,10DX5F,0,00,00,35,19,0.00,0,5.90,7.06,2.323790,0.699030,1000.00,cifi0007.DBF
DX5F,10DX5F,0,00,00,35,20,0.00,0,5.66,6.94,2.323790,0.699030,1000.00,cifi0007.DBF
DX5F,10DX5F,0,00,00,35,21,0.00,0,6.17,7.57,3.302230,0.699030,1000.00,cifi0007.DBF
DX5F,10DX5F,0,00,00,35,22,0.00,0,6.41,7.94,3.302230,0.699030,1000.00,cifi0007.DBF
DX5F,10DX5F,0,00,00,35,23,0.00,0,6.34,8.03,3.302230,0.699030,1000.00,cifi0007.DBF
DX5F,10DX5F,0,00,00,35,24,0.00,0,5.90,7.77,3.302230,0.699030,1000.00,cifi0007.DBF
DX5F,10DX5F,0,00,00,35,25,0.00,0,5.04,7.13,3.302230,0.699030,1000.00,cifi0007.DBF
DX5F,10DX5F,0,00,00,35,26,0.00,0,5.26,7.56,4.823200,0.699030,1000.00,cifi0007.DBF
DX5F,10DX5F,0,00,00,35,27,0.00,0,4.95,7.52,4.823200,0.699030,1000.00,cifi0007.DBF
DX5F,10DX5F,0,00,00,35,28,0.00,0,4.04,6.91,4.823200,0.699030,1000.00,cifi0007.DBF
DX5F,10DX5F,0,00,00,35,29,0.00,0,2.43,5.65,4.823200,0.699030,1000.00,cifi0007.DBF
DX5F,10DX5F,0,00,00,35,30,0.00,0,0.00,3.63,4.823200,0.699030,1000.00,cifi0007.DBF
DX5F,10DX5F,0,00,00,36,1,0.00,0,0.00,0.39,0.786410,0.786410,1000.00,cifi0007.DBF
DX5F,10DX5F,0,00,00,36,2,0.00,0,0.51,0.95,1.381810,0.786410,1000.00,cifi0007.DBF
DX5F,10DX5F,0,00,00,36,3,0.00,0,0.95,1.42,1.381810,0.786410,1000.00,cifi0007.DBF
DX5F,10DX5F,0,00,00,36,4,0.00,0,1.33,1.83,1.381810,0.786410,1000.00,cifi0007.DBF
DX5F,10DX5F,0,00,00,36,5,0.00,0,1.65,2.18,1.381810,0.786410,1000.00,cifi0007.DBF
DX5F,10DX5F,0,00,00,36,6,0.00,0,2.03,2.58,1.480290,0.786410,1000.00,cifi0007.DBF
DX5F,10DX5F,0,00,00,36,7,0.00,0,2.38,2.94,1.480290,0.786410,1000.00,cifi0007.DBF
DX5F,10DX5F,0,00,00,36,8,0.00,0,2.70,3.28,1.480290,0.786410,1000.00,cifi0007.DBF
DX5F,10DX5F,0,00,00,36,9,0.00,0,2.98,3.58,1.480290,0.786410,1000.00,cifi0007.DBF
DX5F,10DX5F,0,00,00,36,10,0.00,0,3.21,3.84,1.480290,0.786410,1000.00,cifi0007.DBF
DX5F,10DX5F,0,00,00,36,11,0.00,0,3.69,4.36,1.813830,0.786410,1000.00,cifi0007.DBF
DX5F,10DX5F,0,00,00,36,12,0.00,0,4.08,4.79,1.813830,0.786410,1000.00,cifi0007.DBF
DX5F,10DX5F,0,00,00,36,13,0.00,0,4.35,5.12,1.813830,0.786410,1000.00,cifi0007.DBF
DX5F,10DX5F,0,00,00,36,14,0.00,0,4.49,5.32,1.813830,0.786410,1000.00,cifi0007.DBF
DX5F,10DX5F,0,00,00,36,15,0.00,0,4.48,5.39,1.813830,0.786410,1000.00,cifi0007.DBF
DX5F,10DX5F,0,00,00,36,16,0.00,0,5.03,6.02,2.525380,0.786410,1000.00,cifi0007.DBF
DX5F,10DX5F,0,00,00,36,17,0.00,0,5.42,6.49,2.525380,0.786410,1000.00,cifi0007.DBF
DX5F,10DX5F,0,00,00,36,18,0.00,0,5.61,6.78,2.525380,0.786410,1000.00,cifi0007.DBF
DX5F,10DX5F,0,00,00,36,19,0.00,0,5.57,6.85,2.525380,0.786410,1000.00,cifi0007.DBF
DX5F,10DX5F,0,00,00,36,20,0.00,0,5.28,6.69,2.525380,0.786410,1000.00,cifi0007.DBF
DX5F,10DX5F,0,00,00,36,21,0.00,0,5.79,7.33,3.595890,0.786410,1000.00,cifi0007.DBF
DX5F,10DX5F,0,00,00,36,22,0.00,0,6.00,7.69,3.595890,0.786410,1000.00,cifi0007.DBF
DX5F,10DX5F,0,00,00,36,23,0.00,0,5.85,7.72,3.595890,0.786410,1000.00,cifi0007.DBF
DX5F,10DX5F,0,00,00,36,24,0.00,0,5.30,7.37,3.595890,0.786410,1000.00,cifi0007.DBF
DX5F,10DX5F,0,00,00,36,25,0.00,0,4.25,6.57,3.595890,0.786410,1000.00,cifi0007.DBF
DX5F,10DX5F,0,00,00,36,26,0.00,0,4.18,6.76,5.088880,0.786410,1000.00,cifi0007.DBF
DX5F,10DX5F,0,00,00,36,27,0.00,0,3.52,6.40,5.088880,0.786410,1000.00,cifi0007.DBF
DX5F,10DX5F,0,00,00,36,28,0.00,0,2.16,5.39,5.088880,0.786410,1000.00,cifi0007.DBF
DX5F,10DX5F,0,00,00,36,29,0.00,0,0.00,3.63,5.088880,0.786410,1000.00,cifi0007.DBF
DX5F,10DX5F,0,00,00,37,1,0.00,0,0.00,0.44,0.883500,0.883500,1000.00,cifi0007.DBF
DX5F,10DX5F,0,00,00,37,2,0.00,0,0.45,0.93,1.404540,0.883500,1000.00,cifi0007.DBF
DX5F,10DX5F,0,00,00,37,3,0.00,0,0.83,1.34,1.404540,0.883500,1000.00,cifi0007.DBF
DX5F,10DX5F,0,00,00,37,4,0.00,0,1.16,1.70,1.404540,0.883500,1000.00,cifi0007.DBF
DX5F,10DX5F,0,00,00,37,5,0.00,0,1.44,2.00,1.404540,0.883500,1000.00,cifi0007.DBF
DX5F,10DX5F,0,00,00,37,6,0.00,0,1.84,2.41,1.542750,0.883500,1000.00,cifi0007.DBF
DX5F,10DX5F,0,00,00,37,7,0.00,0,2.21,2.79,1.542750,0.883500,1000.00,cifi0007.DBF
DX5F,10DX5F,0,00,00,37,8,0.00,0,2.53,3.14,1.542750,0.883500,1000.00,cifi0007.DBF
DX5F,10DX5F,0,00,00,37,9,0.00,0,2.82,3.45,1.542750,0.883500,1000.00,cifi0007.DBF
DX5F,10DX5F,0,00,00,37,10,0.00,0,3.01,3.69,1.542750,0.883500,1000.00,cifi0007.DBF
DX5F,10DX5F,0,00,00,37,11,0.00,0,3.51,4.24,1.947720,0.883500,1000.00,cifi0007.DBF
DX5F,10DX5F,0,00,00,37,12,0.00,0,3.90,4.68,1.947720,0.883500,1000.00,cifi0007.DBF
DX5F,10DX5F,0,00,00,37,13,0.00,0,4.16,5.01,1.947720,0.883500,1000.00,cifi0007.DBF
DX5F,10DX5F,0,00,00,37,14,0.00,0,4.28,5.20,1.947720,0.883500,1000.00,cifi0007.DBF
DX5F,10DX5F,0,00,00,37,15,0.00,0,4.24,5.23,1.947720,0.883500,1000.00,cifi0007.DBF
DX5F,10DX5F,0,00,00,37,16,0.00,0,4.82,5.90,2.738380,0.883500,1000.00,cifi0007.DBF
DX5F,10DX5F,0,00,00,37,17,0.00,0,5.20,6.38,2.738380,0.883500,1000.00,cifi0007.DBF
DX5F,10DX5F,0,00,00,37,18,0.00,0,5.38,6.66,2.738380,0.883500,1000.00,cifi0007.DBF
DX5F,10DX5F,0,00,00,37,19,0.00,0,5.29,6.70,2.738380,0.883500,1000.00,cifi0007.DBF
DX5F,10DX5F,0,00,00,37,20,0.00,0,4.92,6.48,2.738380,0.883500,1000.00,cifi0007.DBF
DX5F,10DX5F,0,00,00,37,21,0.00,0,5.43,7.14,3.917930,0.883500,1000.00,cifi0007.DBF
DX5F,10DX5F,0,00,00,37,22,0.00,0,5.60,7.48,3.917930,0.883500,1000.00,cifi0007.DBF
DX5F,10DX5F,0,00,00,37,23,0.00,0,5.37,7.45,3.917930,0.883500,1000.00,cifi0007.DBF
DX5F,10DX5F,0,00,00,37,24,0.00,0,4.66,6.98,3.917930,0.883500,1000.00,cifi0007.DBF
DX5F,10DX5F,0,00,00,37,25,0.00,0,3.40,5.99,3.917930,0.883500,1000.00,cifi0007.DBF
DX5F,10DX5F,0,00,00,37,26,0.00,0,2.99,5.87,5.361050,0.883500,1000.00,cifi0007.DBF
DX5F,10DX5F,0,00,00,37,27,0.00,0,1.89,5.12,5.361050,0.883500,1000.00,cifi0007.DBF
DX5F,10DX5F,0,00,00,37,28,0.00,0,0.00,3.63,5.361050,0.883500,1000.00,cifi0007.DBF
DX5F,10DX5F,0,00,00,38,1,0.00,0,0.00,0.49,0.970870,0.970870,1000.00,cifi0007.DBF
DX5F,10DX5F,0,00,00,38,2,0.00,0,0.39,0.91,1.431540,0.970870,1000.00,cifi0007.DBF
DX5F,10DX5F,0,00,00,38,3,0.00,0,0.74,1.28,1.431540,0.970870,1000.00,cifi0007.DBF
DX5F,10DX5F,0,00,00,38,4,0.00,0,1.04,1.61,1.431540,0.970870,1000.00,cifi0007.DBF
DX5F,10DX5F,0,00,00,38,5,0.00,0,1.31,1.89,1.431540,0.970870,1000.00,cifi0007.DBF
DX5F,10DX5F,0,00,00,38,6,0.00,0,1.73,2.32,1.610080,0.970870,1000.00,cifi0007.DBF
DX5F,10DX5F,0,00,00,38,7,0.00,0,2.11,2.72,1.610080,0.970870,1000.00,cifi0007.DBF
DX5F,10DX5F,0,00,00,38,8,0.00,0,2.46,3.09,1.610080,0.970870,1000.00,cifi0007.DBF
DX5F,10DX5F,0,00,00,38,9,0.00,0,2.70,3.38,1.610080,0.970870,1000.00,cifi0007.DBF
DX5F,10DX5F,0,00,00,38,10,0.00,0,2.85,3.58,1.610080,0.970870,1000.00,cifi0007.DBF
DX5F,10DX5F,0,00,00,38,11,0.00,0,3.37,4.16,2.100240,0.970870,1000.00,cifi0007.DBF
DX5F,10DX5F,0,00,00,38,12,0.00,0,3.77,4.62,2.100240,0.970870,1000.00,cifi0007.DBF
DX5F,10DX5F,0,00,00,38,13,0.00,0,4.04,4.95,2.100240,0.970870,1000.00,cifi0007.DBF
DX5F,10DX5F,0,00,00,38,14,0.00,0,4.14,5.14,2.100240,0.970870,1000.00,cifi0007.DBF
DX5F,10DX5F,0,00,00,38,15,0.00,0,4.06,5.15,2.100240,0.970870,1000.00,cifi0007.DBF
DX5F,10DX5F,0,00,00,38,16,0.00,0,4.66,5.84,2.966960,0.970870,1000.00,cifi0007.DBF
DX5F,10DX5F,0,00,00,38,17,0.00,0,5.05,6.33,2.966960,0.970870,1000.00,cifi0007.DBF
DX5F,10DX5F,0,00,00,38,18,0.00,0,5.19,6.60,2.966960,0.970870,1000.00,cifi0007.DBF
DX5F,10DX5F,0,00,00,38,19,0.00,0,5.05,6.60,2.966960,0.970870,1000.00,cifi0007.DBF
DX5F,10DX5F,0,00,00,38,20,0.00,0,4.58,6.30,2.966960,0.970870,1000.00,cifi0007.DBF
DX5F,10DX5F,0,00,00,38,21,0.00,0,5.09,6.97,4.268650,0.970870,1000.00,cifi0007.DBF
DX5F,10DX5F,0,00,00,38,22,0.00,0,5.20,7.28,4.268650,0.970870,1000.00,cifi0007.DBF
DX5F,10DX5F,0,00,00,38,23,0.00,0,4.85,7.16,4.268650,0.970870,1000.00,cifi0007.DBF
DX5F,10DX5F,0,00,00,38,24,0.00,0,3.95,6.53,4.268650,0.970870,1000.00,cifi0007.DBF
DX5F,10DX5F,0,00,00,38,25,0.00,0,2.43,5.32,4.268650,0.970870,1000.00,cifi0007.DBF
DX5F,10DX5F,0,00,00,38,26,0.00,0,1.61,4.84,5.645010,0.970870,1000.00,cifi0007.DBF
DX5F,10DX5F,0,00,00,38,27,0.00,0,0.00,3.63,5.645010,0.970870,1000.00,cifi0007.DBF
DX5F,10DX5F,0,00,00,39,1,0.00,0,0.00,0.52,1.048540,1.048540,1000.00,cifi0007.DBF
DX5F,10DX5F,0,00,00,39,2,0.00,0,0.39,0.94,1.484040,1.048540,1000.00,cifi0007.DBF
DX5F,10DX5F,0,00,00,39,3,0.00,0,0.73,1.30,1.484040,1.048540,1000.00,cifi0007.DBF
DX5F,10DX5F,0,00,00,39,4,0.00,0,1.04,1.63,1.484040,1.048540,1000.00,cifi0007.DBF
DX5F,10DX5F,0,00,00,39,5,0.00,0,1.32,1.92,1.484040,1.048540,1000.00,cifi0007.DBF
DX5F,10DX5F,0,00,00,39,6,0.00,0,1.80,2.42,1.716440,1.048540,1000.00,cifi0007.DBF
DX5F,10DX5F,0,00,00,39,7,0.00,0,2.25,2.88,1.716440,1.048540,1000.00,cifi0007.DBF
DX5F,10DX5F,0,00,00,39,8,0.00,0,2.60,3.28,1.716440,1.048540,1000.00,cifi0007.DBF
DX5F,10DX5F,0,00,00,39,9,0.00,0,2.85,3.58,1.716440,1.048540,1000.00,cifi0007.DBF
DX5F,10DX5F,0,00,00,39,10,0.00,0,2.98,3.77,1.716440,1.048540,1000.00,cifi0007.DBF
DX5F,10DX5F,0,00,00,39,11,0.00,0,3.57,4.42,2.297440,1.048540,1000.00,cifi0007.DBF
DX5F,10DX5F,0,00,00,39,12,0.00,0,4.03,4.95,2.297440,1.048540,1000.00,cifi0007.DBF
DX5F,10DX5F,0,00,00,39,13,0.00,0,4.34,5.33,2.297440,1.048540,1000.00,cifi0007.DBF
DX5F,10DX5F,0,00,00,39,14,0.00,0,4.46,5.55,2.297440,1.048540,1000.00,cifi0007.DBF
DX5F,10DX5F,0,00,00,39,15,0.00,0,4.39,5.57,2.297440,1.048540,1000.00,cifi0007.DBF
DX5F,10DX5F,0,00,00,39,16,0.00,0,4.85,6.14,3.047760,1.048540,1000.00,cifi0007.DBF
DX5F,10DX5F,0,00,00,39,17,0.00,0,5.07,6.48,3.047760,1.048540,1000.00,cifi0007.DBF
DX5F,10DX5F,0,00,00,39,18,0.00,0,5.01,6.56,3.047760,1.048540,1000.00,cifi0007.DBF
DX5F,10DX5F,0,00,00,39,19,0.00,0,4.63,6.34,3.047760,1.048540,1000.00,cifi0007.DBF
DX5F,10DX5F,0,00,00,39,20,0.00,0,3.87,5.77,3.047760,1.048540,1000.00,cifi0007.DBF
DX5F,10DX5F,0,00,00,39,21,0.00,0,4.40,6.50,4.717730,1.048540,1000.00,cifi0007.DBF
DX5F,10DX5F,0,00,00,39,22,0.00,0,4.49,6.81,4.717730,1.048540,1000.00,cifi0007.DBF
DX5F,10DX5F,0,00,00,39,23,0.00,0,4.04,6.62,4.717730,1.048540,1000.00,cifi0007.DBF
DX5F,10DX5F,0,00,00,39,24,0.00,0,2.99,5.88,4.717730,1.048540,1000.00,cifi0007.DBF
DX5F,10DX5F,0,00,00,39,25,0.00,0,1.23,4.47,4.717730,1.048540,1000.00,cifi0007.DBF
DX5F,10DX5F,0,00,00,39,26,0.00,0,0.00,3.63,6.022490,1.048540,1000.00,cifi0007.DBF
DX5F,10DX5F,0,00,00,40,1,0.00,0,0.00,0.55,1.106800,1.106800,1000.00,cifi0007.DBF
DX5F,10DX5F,0,00,00,40,2,0.00,0,0.35,0.93,1.502670,1.106800,1000.00,cifi0007.DBF
DX5F,10DX5F,0,00,00,40,3,0.00,0,0.67,1.26,1.502670,1.106800,1000.00,cifi0007.DBF
DX5F,10DX5F,0,00,00,40,4,0.00,0,0.96,1.56,1.502670,1.106800,1000.00,cifi0007.DBF
DX5F,10DX5F,0,00,00,40,5,0.00,0,1.20,1.83,1.502670,1.106800,1000.00,cifi0007.DBF
DX5F,10DX5F,0,00,00,40,6,0.00,0,1.70,2.35,1.786690,1.106800,1000.00,cifi0007.DBF
DX5F,10DX5F,0,00,00,40,7,0.00,0,2.11,2.80,1.786690,1.106800,1000.00,cifi0007.DBF
DX5F,10DX5F,0,00,00,40,8,0.00,0,2.41,3.15,1.786690,1.106800,1000.00,cifi0007.DBF
DX5F,10DX5F,0,00,00,40,9,0.00,0,2.60,3.40,1.786690,1.106800,1000.00,cifi0007.DBF
DX5F,10DX5F,0,00,00,40,10,0.00,0,2.66,3.52,1.786690,1.106800,1000.00,cifi0007.DBF
DX5F,10DX5F,0,00,00,40,11,0.00,0,3.24,4.17,2.447210,1.106800,1000.00,cifi0007.DBF
DX5F,10DX5F,0,00,00,40,12,0.00,0,3.68,4.68,2.447210,1.106800,1000.00,cifi0007.DBF
DX5F,10DX5F,0,00,00,40,13,0.00,0,3.94,5.03,2.447210,1.106800,1000.00,cifi0007.DBF
DX5F,10DX5F,0,00,00,40,14,0.00,0,4.00,5.19,2.447210,1.106800,1000.00,cifi0007.DBF
DX5F,10DX5F,0,00,00,40,15,0.00,0,3.83,5.14,2.447210,1.106800,1000.00,cifi0007.DBF
DX5F,10DX5F,0,00,00,40,16,0.00,0,4.46,5.88,3.477610,1.106800,1000.00,cifi0007.DBF
DX5F,10DX5F,0,00,00,40,17,0.00,0,4.82,6.38,3.477610,1.106800,1000.00,cifi0007.DBF
DX5F,10DX5F,0,00,00,40,18,0.00,0,4.88,6.59,3.477610,1.106800,1000.00,cifi0007.DBF
DX5F,10DX5F,0,00,00,40,19,0.00,0,4.57,6.46,3.477610,1.106800,1000.00,cifi0007.DBF
DX5F,10DX5F,0,00,00,40,20,0.00,0,3.85,5.95,3.477610,1.106800,1000.00,cifi0007.DBF
DX5F,10DX5F,0,00,00,40,21,0.00,0,4.29,6.61,5.079360,1.106800,1000.00,cifi0007.DBF
DX5F,10DX5F,0,00,00,40,22,0.00,0,4.21,6.79,5.079360,1.106800,1000.00,cifi0007.DBF
DX5F,10DX5F,0,00,00,40,23,0.00,0,3.54,6.42,5.079360,1.106800,1000.00,cifi0007.DBF
DX5F,10DX5F,0,00,00,40,24,0.00,0,2.17,5.40,5.079360,1.106800,1000.00,cifi0007.DBF
DX5F,10DX5F,0,00,00,40,25,0.00,0,0.00,3.63,5.079360,1.106800,1000.00,cifi0007.DBF
DX5F,10DX5F,0,00,00,41,1,0.00,0,0.00,0.58,1.165050,1.165050,1000.00,cifi0007.DBF
DX5F,10DX5F,0,00,00,41,2,0.00,0,0.36,0.95,1.549310,1.165050,1000.00,cifi0007.DBF
DX5F,10DX5F,0,00,00,41,3,0.00,0,0.68,1.29,1.549310,1.165050,1000.00,cifi0007.DBF
DX5F,10DX5F,0,00,00,41,4,0.00,0,0.97,1.60,1.549310,1.165050,1000.00,cifi0007.DBF
DX5F,10DX5F,0,00,00,41,5,0.00,0,1.22,1.87,1.549310,1.165050,1000.00,cifi0007.DBF
DX5F,10DX5F,0,00,00,41,6,0.00,0,1.72,2.42,1.898400,1.165050,1000.00,cifi0007.DBF
DX5F,10DX5F,0,00,00,41,7,0.00,0,2.13,2.88,1.898400,1.165050,1000.00,cifi0007.DBF
DX5F,10DX5F,0,00,00,41,8,0.00,0,2.43,3.23,1.898400,1.165050,1000.00,cifi0007.DBF
DX5F,10DX5F,0,00,00,41,9,0.00,0,2.59,3.46,1.898400,1.165050,1000.00,cifi0007.DBF
DX5F,10DX5F,0,00,00,41,10,0.00,0,2.61,3.55,1.898400,1.165050,1000.00,cifi0007.DBF
DX5F,10DX5F,0,00,00,41,11,0.00,0,3.23,4.24,2.643140,1.165050,1000.00,cifi0007.DBF
DX5F,10DX5F,0,00,00,41,12,0.00,0,3.67,4.77,2.643140,1.165050,1000.00,cifi0007.DBF
DX5F,10DX5F,0,00,00,41,13,0.00,0,3.93,5.12,2.643140,1.165050,1000.00,cifi0007.DBF
DX5F,10DX5F,0,00,00,41,14,0.00,0,3.96,5.26,2.643140,1.165050,1000.00,cifi0007.DBF
DX5F,10DX5F,0,00,00,41,15,0.00,0,3.73,5.17,2.643140,1.165050,1000.00,cifi0007.DBF
DX5F,10DX5F,0,00,00,41,16,0.00,0,4.36,5.93,3.763560,1.165050,1000.00,cifi0007.DBF
DX5F,10DX5F,0,00,00,41,17,0.00,0,4.70,6.41,3.763560,1.165050,1000.00,cifi0007.DBF
DX5F,10DX5F,0,00,00,41,18,0.00,0,4.68,6.57,3.763560,1.165050,1000.00,cifi0007.DBF
DX5F,10DX5F,0,00,00,41,19,0.00,0,4.26,6.35,3.763560,1.165050,1000.00,cifi0007.DBF
DX5F,10DX5F,0,00,00,41,20,0.00,0,3.35,5.69,3.763560,1.165050,1000.00,cifi0007.DBF
DX5F,10DX5F,0,00,00,41,21,0.00,0,3.50,6.09,5.326170,1.165050,1000.00,cifi0007.DBF
DX5F,10DX5F,0,00,00,41,22,0.00,0,3.06,5.94,5.326170,1.165050,1000.00,cifi0007.DBF
DX5F,10DX5F,0,00,00,41,23,0.00,0,1.93,5.15,5.326170,1.165050,1000.00,cifi0007.DBF
DX5F,10DX5F,0,00,00,41,24,0.00,0,0.00,3.63,5.326170,1.165050,1000.00,cifi0007.DBF
DX5F,10DX5F,0,00,00,42,1,0.00,0,0.00,0.60,1.203880,1.203880,1000.00,cifi0007.DBF
DX5F,10DX5F,0,00,00,42,2,0.00,0,0.38,0.99,1.607410,1.203880,1000.00,cifi0007.DBF
DX5F,10DX5F,0,00,00,42,3,0.00,0,0.71,1.35,1.607410,1.203880,1000.00,cifi0007.DBF
DX5F,10DX5F,0,00,00,42,4,0.00,0,1.01,1.67,1.607410,1.203880,1000.00,cifi0007.DBF
DX5F,10DX5F,0,00,00,42,5,0.00,0,1.21,1.92,1.607410,1.203880,1000.00,cifi0007.DBF
DX5F,10DX5F,0,00,00,42,6,0.00,0,1.74,2.49,2.029360,1.203880,1000.00,cifi0007.DBF
DX5F,10DX5F,0,00,00,42,7,0.00,0,2.16,2.96,2.029360,1.203880,1000.00,cifi0007.DBF
DX5F,10DX5F,0,00,00,42,8,0.00,0,2.45,3.32,2.029360,1.203880,1000.00,cifi0007.DBF
DX5F,10DX5F,0,00,00,42,9,0.00,0,2.59,3.53,2.029360,1.203880,1000.00,cifi0007.DBF
DX5F,10DX5F,0,00,00,42,10,0.00,0,2.58,3.60,2.029360,1.203880,1000.00,cifi0007.DBF
DX5F,10DX5F,0,00,00,42,11,0.00,0,3.22,4.33,2.853150,1.203880,1000.00,cifi0007.DBF
DX5F,10DX5F,0,00,00,42,12,0.00,0,3.68,4.88,2.853150,1.203880,1000.00,cifi0007.DBF
DX5F,10DX5F,0,00,00,42,13,0.00,0,3.92,5.22,2.853150,1.203880,1000.00,cifi0007.DBF
DX5F,10DX5F,0,00,00,42,14,0.00,0,3.90,5.34,2.853150,1.203880,1000.00,cifi0007.DBF
DX5F,10DX5F,0,00,00,42,15,0.00,0,3.60,5.18,2.853150,1.203880,1000.00,cifi0007.DBF
DX5F,10DX5F,0,00,00,42,16,0.00,0,4.24,5.96,4.082150,1.203880,1000.00,cifi0007.DBF
DX5F,10DX5F,0,00,00,42,17,0.00,0,4.54,6.43,4.082150,1.203880,1000.00,cifi0007.DBF
DX5F,10DX5F,0,00,00,42,18,0.00,0,4.44,6.53,4.082150,1.203880,1000.00,cifi0007.DBF
DX5F,10DX5F,0,00,00,42,19,0.00,0,3.87,6.20,4.082150,1.203880,1000.00,cifi0007.DBF
DX5F,10DX5F,0,00,00,42,20,0.00,0,2.74,5.35,4.082150,1.203880,1000.00,cifi0007.DBF
DX5F,10DX5F,0,00,00,42,21,0.00,0,2.55,5.44,5.585750,1.203880,1000.00,cifi0007.DBF
DX5F,10DX5F,0,00,00,42,22,0.00,0,1.67,4.90,5.585750,1.203880,1000.00,cifi0007.DBF
DX5F,10DX5F,0,00,00,42,23,0.00,0,0.00,3.63,5.585750,1.203880,1000.00,cifi0007.DBF
DX5F,10DX5F,0,00,00,43,1,0.00,0,0.00,0.62,1.242720,1.242720,1000.00,cifi0007.DBF
DX5F,10DX5F,0,00,00,43,2,0.00,0,0.39,1.03,1.673090,1.242720,1000.00,cifi0007.DBF
DX5F,10DX5F,0,00,00,43,3,0.00,0,0.75,1.41,1.673090,1.242720,1000.00,cifi0007.DBF
DX5F,10DX5F,0,00,00,43,4,0.00,0,1.01,1.72,1.673090,1.242720,1000.00,cifi0007.DBF
DX5F,10DX5F,0,00,00,43,5,0.00,0,1.16,1.92,1.673090,1.242720,1000.00,cifi0007.DBF
DX5F,10DX5F,0,00,00,43,6,0.00,0,1.72,2.53,2.182440,1.242720,1000.00,cifi0007.DBF
DX5F,10DX5F,0,00,00,43,7,0.00,0,2.15,3.03,2.182440,1.242720,1000.00,cifi0007.DBF
DX5F,10DX5F,0,00,00,43,8,0.00,0,2.45,3.39,2.182440,1.242720,1000.00,cifi0007.DBF
DX5F,10DX5F,0,00,00,43,9,0.00,0,2.59,3.61,2.182440,1.242720,1000.00,cifi0007.DBF
DX5F,10DX5F,0,00,00,43,10,0.00,0,2.54,3.65,2.182440,1.242720,1000.00,cifi0007.DBF
DX5F,10DX5F,0,00,00,43,11,0.00,0,3.21,4.41,3.083070,1.242720,1000.00,cifi0007.DBF
DX5F,10DX5F,0,00,00,43,12,0.00,0,3.67,4.98,3.083070,1.242720,1000.00,cifi0007.DBF
DX5F,10DX5F,0,00,00,43,13,0.00,0,3.89,5.32,3.083070,1.242720,1000.00,cifi0007.DBF
DX5F,10DX5F,0,00,00,43,14,0.00,0,3.82,5.40,3.083070,1.242720,1000.00,cifi0007.DBF
DX5F,10DX5F,0,00,00,43,15,0.00,0,3.44,5.17,3.083070,1.242720,1000.00,cifi0007.DBF
DX5F,10DX5F,0,00,00,43,16,0.00,0,4.07,5.97,4.435710,1.242720,1000.00,cifi0007.DBF
DX5F,10DX5F,0,00,00,43,17,0.00,0,4.32,6.42,4.435710,1.242720,1000.00,cifi0007.DBF
DX5F,10DX5F,0,00,00,43,18,0.00,0,4.11,6.44,4.435710,1.242720,1000.00,cifi0007.DBF
DX5F,10DX5F,0,00,00,43,19,0.00,0,3.36,5.96,4.435710,1.242720,1000.00,cifi0007.DBF
DX5F,10DX5F,0,00,00,43,20,0.00,0,2.00,4.90,4.435710,1.242720,1000.00,cifi0007.DBF
DX5F,10DX5F,0,00,00,43,21,0.00,0,1.39,4.62,5.865940,1.242720,1000.00,cifi0007.DBF
DX5F,10DX5F,0,00,00,43,22,0.00,0,0.00,3.63,5.865940,1.242720,1000.00,cifi0007.DBF
DX5F,10DX5F,0,00,00,44,1,0.00,0,0.00,0.65,1.291260,1.291260,1000.00,cifi0007.DBF
DX5F,10DX5F,0,00,00,44,2,0.00,0,0.46,1.12,1.786530,1.291260,1000.00,cifi0007.DBF
DX5F,10DX5F,0,00,00,44,3,0.00,0,0.83,1.54,1.786530,1.291260,1000.00,cifi0007.DBF
DX5F,10DX5F,0,00,00,44,4,0.00,0,1.09,1.85,1.786530,1.291260,1000.00,cifi0007.DBF
DX5F,10DX5F,0,00,00,44,5,0.00,0,1.24,2.06,1.786530,1.291260,1000.00,cifi0007.DBF
DX5F,10DX5F,0,00,00,44,6,0.00,0,1.87,2.75,2.391260,1.291260,1000.00,cifi0007.DBF
DX5F,10DX5F,0,00,00,44,7,0.00,0,2.38,3.32,2.391260,1.291260,1000.00,cifi0007.DBF
DX5F,10DX5F,0,00,00,44,8,0.00,0,2.73,3.75,2.391260,1.291260,1000.00,cifi0007.DBF
DX5F,10DX5F,0,00,00,44,9,0.00,0,2.90,4.01,2.391260,1.291260,1000.00,cifi0007.DBF
DX5F,10DX5F,0,00,00,44,10,0.00,0,2.86,4.08,2.391260,1.291260,1000.00,cifi0007.DBF
DX5F,10DX5F,0,00,00,44,11,0.00,0,3.41,4.72,3.172220,1.291260,1000.00,cifi0007.DBF
DX5F,10DX5F,0,00,00,44,12,0.00,0,3.71,5.14,3.172220,1.291260,1000.00,cifi0007.DBF
DX5F,10DX5F,0,00,00,44,13,0.00,0,3.73,5.31,3.172220,1.291260,1000.00,cifi0007.DBF
DX5F,10DX5F,0,00,00,44,14,0.00,0,3.43,5.17,3.172220,1.291260,1000.00,cifi0007.DBF
DX5F,10DX5F,0,00,00,44,15,0.00,0,2.76,4.68,3.172220,1.291260,1000.00,cifi0007.DBF
DX5F,10DX5F,0,00,00,44,16,0.00,0,3.46,5.57,4.910380,1.291260,1000.00,cifi0007.DBF
DX5F,10DX5F,0,00,00,44,17,0.00,0,3.71,6.04,4.910380,1.291260,1000.00,cifi0007.DBF
DX5F,10DX5F,0,00,00,44,18,0.00,0,3.44,6.03,4.910380,1.291260,1000.00,cifi0007.DBF
DX5F,10DX5F,0,00,00,44,19,0.00,0,2.56,5.45,4.910380,1.291260,1000.00,cifi0007.DBF
DX5F,10DX5F,0,00,00,44,20,0.00,0,0.98,4.23,4.910380,1.291260,1000.00,cifi0007.DBF
DX5F,10DX5F,0,00,00,44,21,0.00,0,0.00,3.63,6.268420,1.291260,1000.00,cifi0007.DBF
DX5F,10DX5F,0,00,00,45,1,0.00,0,0.00,0.67,1.339810,1.339810,1000.00,cifi0007.DBF
DX5F,10DX5F,0,00,00,45,2,0.00,0,0.42,1.14,1.855340,1.339810,1000.00,cifi0007.DBF
DX5F,10DX5F,0,00,00,45,3,0.00,0,0.75,1.51,1.855340,1.339810,1000.00,cifi0007.DBF
DX5F,10DX5F,0,00,00,45,4,0.00,0,0.95,1.78,1.855340,1.339810,1000.00,cifi0007.DBF
DX5F,10DX5F,0,00,00,45,5,0.00,0,1.02,1.91,1.855340,1.339810,1000.00,cifi0007.DBF
DX5F,10DX5F,0,00,00,45,6,0.00,0,1.65,2.61,2.541230,1.339810,1000.00,cifi0007.DBF
DX5F,10DX5F,0,00,00,45,7,0.00,0,2.14,3.17,2.541230,1.339810,1000.00,cifi0007.DBF
DX5F,10DX5F,0,00,00,45,8,0.00,0,2.44,3.56,2.541230,1.339810,1000.00,cifi0007.DBF
DX5F,10DX5F,0,00,00,45,9,0.00,0,2.55,3.77,2.541230,1.339810,1000.00,cifi0007.DBF
DX5F,10DX5F,0,00,00,45,10,0.00,0,2.43,3.76,2.541230,1.339810,1000.00,cifi0007.DBF
DX5F,10DX5F,0,00,00,45,11,0.00,0,3.15,4.60,3.611220,1.339810,1000.00,cifi0007.DBF
DX5F,10DX5F,0,00,00,45,12,0.00,0,3.61,5.19,3.611220,1.339810,1000.00,cifi0007.DBF
DX5F,10DX5F,0,00,00,45,13,0.00,0,3.76,5.49,3.611220,1.339810,1000.00,cifi0007.DBF
DX5F,10DX5F,0,00,00,45,14,0.00,0,3.56,5.47,3.611220,1.339810,1000.00,cifi0007.DBF
DX5F,10DX5F,0,00,00,45,15,0.00,0,2.94,5.05,3.611220,1.339810,1000.00,cifi0007.DBF
DX5F,10DX5F,0,00,00,45,16,0.00,0,3.55,5.88,5.274510,1.339810,1000.00,cifi0007.DBF
DX5F,10DX5F,0,00,00,45,17,0.00,0,3.65,6.23,5.274510,1.339810,1000.00,cifi0007.DBF
DX5F,10DX5F,0,00,00,45,18,0.00,0,3.16,6.04,5.274510,1.339810,1000.00,cifi0007.DBF
DX5F,10DX5F,0,00,00,45,19,0.00,0,1.98,5.20,5.274510,1.339810,1000.00,cifi0007.DBF
DX5F,10DX5F,0,00,00,45,20,0.00,0,0.00,3.63,5.274510,1.339810,1000.00,cifi0007.DBF
DX5F,10DX5F,0,00,00,46,1,0.00,0,0.00,0.72,1.446600,1.446600,1000.00,cifi0007.DBF
DX5F,10DX5F,0,00,00,46,2,0.00,0,0.43,1.20,1.972260,1.446600,1000.00,cifi0007.DBF
DX5F,10DX5F,0,00,00,46,3,0.00,0,0.75,1.58,1.972260,1.446600,1000.00,cifi0007.DBF
DX5F,10DX5F,0,00,00,46,4,0.00,0,0.93,1.83,1.972260,1.446600,1000.00,cifi0007.DBF
DX5F,10DX5F,0,00,00,46,5,0.00,0,0.97,1.94,1.972260,1.446600,1000.00,cifi0007.DBF
DX5F,10DX5F,0,00,00,46,6,0.00,0,1.65,2.68,2.745970,1.446600,1000.00,cifi0007.DBF
DX5F,10DX5F,0,00,00,46,7,0.00,0,2.15,3.27,2.745970,1.446600,1000.00,cifi0007.DBF
DX5F,10DX5F,0,00,00,46,8,0.00,0,2.46,3.68,2.745970,1.446600,1000.00,cifi0007.DBF
DX5F,10DX5F,0,00,00,46,9,0.00,0,2.55,3.88,2.745970,1.446600,1000.00,cifi0007.DBF
DX5F,10DX5F,0,00,00,46,10,0.00,0,2.38,3.84,2.745970,1.446600,1000.00,cifi0007.DBF
DX5F,10DX5F,0,00,00,46,11,0.00,0,3.12,4.70,3.909990,1.446600,1000.00,cifi0007.DBF
DX5F,10DX5F,0,00,00,46,12,0.00,0,3.56,5.30,3.909990,1.446600,1000.00,cifi0007.DBF
DX5F,10DX5F,0,00,00,46,13,0.00,0,3.66,5.57,3.909990,1.446600,1000.00,cifi0007.DBF
DX5F,10DX5F,0,00,00,46,14,0.00,0,3.35,5.46,3.909990,1.446600,1000.00,cifi0007.DBF
DX5F,10DX5F,0,00,00,46,15,0.00,0,2.56,4.91,3.909990,1.446600,1000.00,cifi0007.DBF
DX5F,10DX5F,0,00,00,46,16,0.00,0,2.90,5.50,5.533390,1.446600,1000.00,cifi0007.DBF
DX5F,10DX5F,0,00,00,46,17,0.00,0,2.65,5.54,5.533390,1.446600,1000.00,cifi0007.DBF
DX5F,10DX5F,0,00,00,46,18,0.00,0,1.72,4.95,5.533390,1.446600,1000.00,cifi0007.DBF
DX5F,10DX5F,0,00,00,46,19,0.00,0,0.00,3.63,5.533390,1.446600,1000.00,cifi0007.DBF
DX5F,10DX5F,0,00,00,47,1,0.00,0,0.00,0.78,1.553400,1.553400,1000.00,cifi0007.DBF
DX5F,10DX5F,0,00,00,47,2,0.00,0,0.44,1.28,2.109400,1.553400,1000.00,cifi0007.DBF
DX5F,10DX5F,0,00,00,47,3,0.00,0,0.76,1.66,2.109400,1.553400,1000.00,cifi0007.DBF
DX5F,10DX5F,0,00,00,47,4,0.00,0,0.94,1.90,2.109400,1.553400,1000.00,cifi0007.DBF
DX5F,10DX5F,0,00,00,47,5,0.00,0,0.95,2.00,2.109400,1.553400,1000.00,cifi0007.DBF
DX5F,10DX5F,0,00,00,47,6,0.00,0,1.66,2.79,2.965700,1.553400,1000.00,cifi0007.DBF
DX5F,10DX5F,0,00,00,47,7,0.00,0,2.18,3.40,2.965700,1.553400,1000.00,cifi0007.DBF
DX5F,10DX5F,0,00,00,47,8,0.00,0,2.49,3.81,2.965700,1.553400,1000.00,cifi0007.DBF
DX5F,10DX5F,0,00,00,47,9,0.00,0,2.54,4.00,2.965700,1.553400,1000.00,cifi0007.DBF
DX5F,10DX5F,0,00,00,47,10,0.00,0,2.31,3.91,2.965700,1.553400,1000.00,cifi0007.DBF
DX5F,10DX5F,0,00,00,47,11,0.00,0,3.07,4.81,4.243170,1.553400,1000.00,cifi0007.DBF
DX5F,10DX5F,0,00,00,47,12,0.00,0,3.50,5.41,4.243170,1.553400,1000.00,cifi0007.DBF
DX5F,10DX5F,0,00,00,47,13,0.00,0,3.53,5.64,4.243170,1.553400,1000.00,cifi0007.DBF
DX5F,10DX5F,0,00,00,47,14,0.00,0,3.09,5.43,4.243170,1.553400,1000.00,cifi0007.DBF
DX5F,10DX5F,0,00,00,47,15,0.00,0,2.11,4.72,4.243170,1.553400,1000.00,cifi0007.DBF
DX5F,10DX5F,0,00,00,47,16,0.00,0,2.11,5.01,5.806080,1.553400,1000.00,cifi0007.DBF
DX5F,10DX5F,0,00,00,47,17,0.00,0,1.45,4.68,5.806080,1.553400,1000.00,cifi0007.DBF
DX5F,10DX5F,0,00,00,47,18,0.00,0,0.00,3.63,5.806080,1.553400,1000.00,cifi0007.DBF
DX5F,10DX5F,0,00,00,48,1,0.00,0,0.00,0.84,1.679610,1.679610,1000.00,cifi0007.DBF
DX5F,10DX5F,0,00,00,48,2,0.00,0,0.47,1.37,2.267970,1.679610,1000.00,cifi0007.DBF
DX5F,10DX5F,0,00,00,48,3,0.00,0,0.80,1.77,2.267970,1.679610,1000.00,cifi0007.DBF
DX5F,10DX5F,0,00,00,48,4,0.00,0,0.97,2.02,2.267970,1.679610,1000.00,cifi0007.DBF
DX5F,10DX5F,0,00,00,48,5,0.00,0,0.96,2.10,2.267970,1.679610,1000.00,cifi0007.DBF
DX5F,10DX5F,0,00,00,48,6,0.00,0,1.70,2.93,3.203900,1.679610,1000.00,cifi0007.DBF
DX5F,10DX5F,0,00,00,48,7,0.00,0,2.24,3.57,3.203900,1.679610,1000.00,cifi0007.DBF
DX5F,10DX5F,0,00,00,48,8,0.00,0,2.53,3.99,3.203900,1.679610,1000.00,cifi0007.DBF
DX5F,10DX5F,0,00,00,48,9,0.00,0,2.55,4.14,3.203900,1.679610,1000.00,cifi0007.DBF
DX5F,10DX5F,0,00,00,48,10,0.00,0,2.24,4.00,3.203900,1.679610,1000.00,cifi0007.DBF
DX5F,10DX5F,0,00,00,48,11,0.00,0,3.02,4.94,4.609550,1.679610,1000.00,cifi0007.DBF
DX5F,10DX5F,0,00,00,48,12,0.00,0,3.41,5.52,4.609550,1.679610,1000.00,cifi0007.DBF
DX5F,10DX5F,0,00,00,48,13,0.00,0,3.35,5.69,4.609550,1.679610,1000.00,cifi0007.DBF
DX5F,10DX5F,0,00,00,48,14,0.00,0,2.75,5.36,4.609550,1.679610,1000.00,cifi0007.DBF
DX5F,10DX5F,0,00,00,48,15,0.00,0,1.54,4.45,4.609550,1.679610,1000.00,cifi0007.DBF
DX5F,10DX5F,0,00,00,48,16,0.00,0,1.16,4.40,6.095820,1.679610,1000.00,cifi0007.DBF
DX5F,10DX5F,0,00,00,48,17,0.00,0,0.00,3.63,6.095820,1.679610,1000.00,cifi0007.DBF
DX5F,10DX5F,0,00,00,49,1,0.00,0,0.00,0.91,1.815530,1.815530,1000.00,cifi0007.DBF
DX5F,10DX5F,0,00,00,49,2,0.00,0,0.55,1.52,2.494660,1.815530,1000.00,cifi0007.DBF
DX5F,10DX5F,0,00,00,49,3,0.00,0,0.95,2.00,2.494660,1.815530,1000.00,cifi0007.DBF
DX5F,10DX5F,0,00,00,49,4,0.00,0,1.17,2.31,2.494660,1.815530,1000.00,cifi0007.DBF
DX5F,10DX5F,0,00,00,49,5,0.00,0,1.19,2.43,2.494660,1.815530,1000.00,cifi0007.DBF
DX5F,10DX5F,0,00,00,49,6,0.00,0,1.82,3.16,3.309390,1.815530,1000.00,cifi0007.DBF
DX5F,10DX5F,0,00,00,49,7,0.00,0,2.21,3.67,3.309390,1.815530,1000.00,cifi0007.DBF
DX5F,10DX5F,0,00,00,49,8,0.00,0,2.32,3.92,3.309390,1.815530,1000.00,cifi0007.DBF
DX5F,10DX5F,0,00,00,49,9,0.00,0,2.12,3.87,3.309390,1.815530,1000.00,cifi0007.DBF
DX5F,10DX5F,0,00,00,49,10,0.00,0,1.54,3.48,3.309390,1.815530,1000.00,cifi0007.DBF
DX5F,10DX5F,0,00,00,49,11,0.00,0,2.42,4.54,5.122710,1.815530,1000.00,cifi0007.DBF
DX5F,10DX5F,0,00,00,49,12,0.00,0,2.85,5.19,5.122710,1.815530,1000.00,cifi0007.DBF
DX5F,10DX5F,0,00,00,49,13,0.00,0,2.77,5.37,5.122710,1.815530,1000.00,cifi0007.DBF
DX5F,10DX5F,0,00,00,49,14,0.00,0,2.09,4.99,5.122710,1.815530,1000.00,cifi0007.DBF
DX5F,10DX5F,0,00,00,49,15,0.00,0,0.71,3.96,5.122710,1.815530,1000.00,cifi0007.DBF
DX5F,10DX5F,0,00,00,49,16,0.00,0,0.00,3.63,6.539480,1.815530,1000.00,cifi0007.DBF
DX5F,10DX5F,0,00,00,50,1,0.00,0,0.00,0.98,1.961170,1.961170,1000.00,cifi0007.DBF
DX5F,10DX5F,0,00,00,50,2,0.00,0,0.53,1.58,2.639200,1.961170,1000.00,cifi0007.DBF
DX5F,10DX5F,0,00,00,50,3,0.00,0,0.89,2.03,2.639200,1.961170,1000.00,cifi0007.DBF
DX5F,10DX5F,0,00,00,50,4,0.00,0,1.04,2.28,2.639200,1.961170,1000.00,cifi0007.DBF
DX5F,10DX5F,0,00,00,50,5,0.00,0,0.98,2.33,2.639200,1.961170,1000.00,cifi0007.DBF
DX5F,10DX5F,0,00,00,50,6,0.00,0,1.79,3.26,3.750440,1.961170,1000.00,cifi0007.DBF
DX5F,10DX5F,0,00,00,50,7,0.00,0,2.35,3.95,3.750440,1.961170,1000.00,cifi0007.DBF
DX5F,10DX5F,0,00,00,50,8,0.00,0,2.60,4.35,3.750440,1.961170,1000.00,cifi0007.DBF
DX5F,10DX5F,0,00,00,50,9,0.00,0,2.50,4.43,3.750440,1.961170,1000.00,cifi0007.DBF
DX5F,10DX5F,0,00,00,50,10,0.00,0,1.99,4.12,3.750440,1.961170,1000.00,cifi0007.DBF
DX5F,10DX5F,0,00,00,50,11,0.00,0,2.78,5.12,5.477850,1.961170,1000.00,cifi0007.DBF
DX5F,10DX5F,0,00,00,50,12,0.00,0,3.06,5.66,5.477850,1.961170,1000.00,cifi0007.DBF
DX5F,10DX5F,0,00,00,50,13,0.00,0,2.76,5.65,5.477850,1.961170,1000.00,cifi0007.DBF
DX5F,10DX5F,0,00,00,50,14,0.00,0,1.77,5.01,5.477850,1.961170,1000.00,cifi0007.DBF
DX5F,10DX5F,0,00,00,50,15,0.00,0,0.00,3.63,5.477850,1.961170,1000.00,cifi0007.DBF
DX5F,10DX5F,0,00,00,51,1,0.00,0,0.00,1.06,2.126210,2.126210,1000.00,cifi0007.DBF
DX5F,10DX5F,0,00,00,51,2,0.00,0,0.56,1.71,2.853160,2.126210,1000.00,cifi0007.DBF
DX5F,10DX5F,0,00,00,51,3,0.00,0,0.93,2.17,2.853160,2.126210,1000.00,cifi0007.DBF
DX5F,10DX5F,0,00,00,51,4,0.00,0,1.08,2.43,2.853160,2.126210,1000.00,cifi0007.DBF
DX5F,10DX5F,0,00,00,51,5,0.00,0,0.97,2.45,2.853160,2.126210,1000.00,cifi0007.DBF
DX5F,10DX5F,0,00,00,51,6,0.00,0,1.82,3.43,4.062610,2.126210,1000.00,cifi0007.DBF
DX5F,10DX5F,0,00,00,51,7,0.00,0,2.38,4.13,4.062610,2.126210,1000.00,cifi0007.DBF
DX5F,10DX5F,0,00,00,51,8,0.00,0,2.60,4.52,4.062610,2.126210,1000.00,cifi0007.DBF
DX5F,10DX5F,0,00,00,51,9,0.00,0,2.41,4.53,4.062610,2.126210,1000.00,cifi0007.DBF
DX5F,10DX5F,0,00,00,51,10,0.00,0,1.74,4.11,4.062610,2.126210,1000.00,cifi0007.DBF
DX5F,10DX5F,0,00,00,51,11,0.00,0,2.27,4.88,5.749380,2.126210,1000.00,cifi0007.DBF
DX5F,10DX5F,0,00,00,51,12,0.00,0,2.22,5.12,5.749380,2.126210,1000.00,cifi0007.DBF
DX5F,10DX5F,0,00,00,51,13,0.00,0,1.50,4.74,5.749380,2.126210,1000.00,cifi0007.DBF
DX5F,10DX5F,0,00,00,51,14,0.00,0,0.00,3.63,5.749380,2.126210,1000.00,cifi0007.DBF
DX5F,10DX5F,0,00,00,52,1,0.00,0,0.00,1.16,2.310680,2.310680,1000.00,cifi0007.DBF
DX5F,10DX5F,0,00,00,52,2,0.00,0,0.59,1.84,3.085090,2.310680,1000.00,cifi0007.DBF
DX5F,10DX5F,0,00,00,52,3,0.00,0,0.97,2.32,3.085090,2.310680,1000.00,cifi0007.DBF
DX5F,10DX5F,0,00,00,52,4,0.00,0,1.10,2.57,3.085090,2.310680,1000.00,cifi0007.DBF
DX5F,10DX5F,0,00,00,52,5,0.00,0,0.94,2.56,3.085090,2.310680,1000.00,cifi0007.DBF
DX5F,10DX5F,0,00,00,52,6,0.00,0,1.83,3.59,4.414000,2.310680,1000.00,cifi0007.DBF
DX5F,10DX5F,0,00,00,52,7,0.00,0,2.39,4.32,4.414000,2.310680,1000.00,cifi0007.DBF
DX5F,10DX5F,0,00,00,52,8,0.00,0,2.56,4.69,4.414000,2.310680,1000.00,cifi0007.DBF
DX5F,10DX5F,0,00,00,52,9,0.00,0,2.27,4.62,4.414000,2.310680,1000.00,cifi0007.DBF
DX5F,10DX5F,0,00,00,52,10,0.00,0,1.43,4.06,4.414000,2.310680,1000.00,cifi0007.DBF
DX5F,10DX5F,0,00,00,52,11,0.00,0,1.65,4.56,6.039830,2.310680,1000.00,cifi0007.DBF
DX5F,10DX5F,0,00,00,52,12,0.00,0,1.21,4.45,6.039830,2.310680,1000.00,cifi0007.DBF
DX5F,10DX5F,0,00,00,52,13,0.00,0,0.00,3.63,6.039830,2.310680,1000.00,cifi0007.DBF
DX5F,10DX5F,0,00,00,53,1,0.00,0,0.00,1.26,2.514560,2.514560,1000.00,cifi0007.DBF
DX5F,10DX5F,0,00,00,53,2,0.00,0,0.62,1.98,3.340320,2.514560,1000.00,cifi0007.DBF
DX5F,10DX5F,0,00,00,53,3,0.00,0,1.00,2.48,3.340320,2.514560,1000.00,cifi0007.DBF
DX5F,10DX5F,0,00,00,53,4,0.00,0,1.11,2.73,3.340320,2.514560,1000.00,cifi0007.DBF
DX5F,10DX5F,0,00,00,53,5,0.00,0,0.90,2.67,3.340320,2.514560,1000.00,cifi0007.DBF
DX5F,10DX5F,0,00,00,53,6,0.00,0,1.83,3.77,4.805820,2.514560,1000.00,cifi0007.DBF
DX5F,10DX5F,0,00,00,53,7,0.00,0,2.39,4.51,4.805820,2.514560,1000.00,cifi0007.DBF
DX5F,10DX5F,0,00,00,53,8,0.00,0,2.49,4.84,4.805820,2.514560,1000.00,cifi0007.DBF
DX5F,10DX5F,0,00,00,53,9,0.00,0,2.07,4.68,4.805820,2.514560,1000.00,cifi0007.DBF
DX5F,10DX5F,0,00,00,53,10,0.00,0,1.03,3.95,4.805820,2.514560,1000.00,cifi0007.DBF
DX5F,10DX5F,0,00,00,53,11,0.00,0,0.90,4.14,6.355380,2.514560,1000.00,cifi0007.DBF
DX5F,10DX5F,0,00,00,53,12,0.00,0,0.00,3.63,6.355380,2.514560,1000.00,cifi0007.DBF
DX5F,10DX5F,0,00,00,54,1,0.00,0,0.00,1.37,2.737860,2.737860,1000.00,cifi0007.DBF
DX5F,10DX5F,0,00,00,54,2,0.00,0,0.49,1.98,3.466030,2.737860,1000.00,cifi0007.DBF
DX5F,10DX5F,0,00,00,54,3,0.00,0,0.71,2.33,3.466030,2.737860,1000.00,cifi0007.DBF
DX5F,10DX5F,0,00,00,54,4,0.00,0,0.61,2.39,3.466030,2.737860,1000.00,cifi0007.DBF
DX5F,10DX5F,0,00,00,54,5,0.00,0,0.15,2.11,3.466030,2.737860,1000.00,cifi0007.DBF
DX5F,10DX5F,0,00,00,54,6,0.00,0,1.23,3.37,5.365170,2.737860,1000.00,cifi0007.DBF
DX5F,10DX5F,0,00,00,54,7,0.00,0,1.87,4.23,5.365170,2.737860,1000.00,cifi0007.DBF
DX5F,10DX5F,0,00,00,54,8,0.00,0,2.00,4.62,5.365170,2.737860,1000.00,cifi0007.DBF
DX5F,10DX5F,0,00,00,54,9,0.00,0,1.55,4.46,5.365170,2.737860,1000.00,cifi0007.DBF
DX5F,10DX5F,0,00,00,54,10,0.00,0,0.40,3.66,5.365170,2.737860,1000.00,cifi0007.DBF
DX5F,10DX5F,0,00,00,54,11,0.00,0,0.00,3.63,6.848990,2.737860,1000.00,cifi0007.DBF
DX5F,10DX5F,0,00,00,55,1,0.00,0,0.00,1.50,2.990290,2.990290,1000.00,cifi0007.DBF
DX5F,10DX5F,0,00,00,55,2,0.00,0,0.68,2.31,3.934010,2.990290,1000.00,cifi0007.DBF
DX5F,10DX5F,0,00,00,55,3,0.00,0,1.07,2.84,3.934010,2.990290,1000.00,cifi0007.DBF
DX5F,10DX5F,0,00,00,55,4,0.00,0,1.11,3.06,3.934010,2.990290,1000.00,cifi0007.DBF
DX5F,10DX5F,0,00,00,55,5,0.00,0,0.74,2.89,3.934010,2.990290,1000.00,cifi0007.DBF
DX5F,10DX5F,0,00,00,55,6,0.00,0,1.76,4.12,5.745970,2.990290,1000.00,cifi0007.DBF
DX5F,10DX5F,0,00,00,55,7,0.00,0,2.28,4.89,5.745970,2.990290,1000.00,cifi0007.DBF
DX5F,10DX5F,0,00,00,55,8,0.00,0,2.23,5.13,5.745970,2.990290,1000.00,cifi0007.DBF
DX5F,10DX5F,0,00,00,55,9,0.00,0,1.51,4.74,5.745970,2.990290,1000.00,cifi0007.DBF
DX5F,10DX5F,0,00,00,55,10,0.00,0,0.00,3.63,5.745970,2.990290,1000.00,cifi0007.DBF
DX5F,10DX5F,0,00,00,56,1,0.00,0,0.00,1.64,3.271840,3.271840,1000.00,cifi0007.DBF
DX5F,10DX5F,0,00,00,56,2,0.00,0,0.72,2.50,4.276950,3.271840,1000.00,cifi0007.DBF
DX5F,10DX5F,0,00,00,56,3,0.00,0,1.10,3.05,4.276950,3.271840,1000.00,cifi0007.DBF
DX5F,10DX5F,0,00,00,56,4,0.00,0,1.08,3.23,4.276950,3.271840,1000.00,cifi0007.DBF
DX5F,10DX5F,0,00,00,56,5,0.00,0,0.59,2.98,4.276950,3.271840,1000.00,cifi0007.DBF
DX5F,10DX5F,0,00,00,56,6,0.00,0,1.39,4.02,6.052720,3.271840,1000.00,cifi0007.DBF
DX5F,10DX5F,0,00,00,56,7,0.00,0,1.63,4.54,6.052720,3.271840,1000.00,cifi0007.DBF
DX5F,10DX5F,0,00,00,56,8,0.00,0,1.20,4.44,6.052720,3.271840,1000.00,cifi0007.DBF
DX5F,10DX5F,0,00,00,56,9,0.00,0,0.00,3.63,6.052720,3.271840,1000.00,cifi0007.DBF
DX5F,10DX5F,0,00,00,57,1,0.00,0,0.00,1.79,3.582520,3.582520,1000.00,cifi0007.DBF
DX5F,10DX5F,0,00,00,57,2,0.00,0,0.76,2.71,4.666440,3.582520,1000.00,cifi0007.DBF
DX5F,10DX5F,0,00,00,57,3,0.00,0,1.13,3.28,4.666440,3.582520,1000.00,cifi0007.DBF
DX5F,10DX5F,0,00,00,57,4,0.00,0,1.05,3.42,4.666440,3.582520,1000.00,cifi0007.DBF
DX5F,10DX5F,0,00,00,57,5,0.00,0,0.43,3.07,4.666440,3.582520,1000.00,cifi0007.DBF
DX5F,10DX5F,0,00,00,57,6,0.00,0,0.98,3.90,6.385250,3.582520,1000.00,cifi0007.DBF
DX5F,10DX5F,0,00,00,57,7,0.00,0,0.87,4.11,6.385250,3.582520,1000.00,cifi0007.DBF
DX5F,10DX5F,0,00,00,57,8,0.00,0,0.00,3.63,6.385250,3.582520,1000.00,cifi0007.DBF
DX5F,10DX5F,0,00,00,58,1,0.00,0,0.00,1.97,3.932040,3.932040,1000.00,cifi0007.DBF
DX5F,10DX5F,0,00,00,58,2,0.00,0,0.80,2.96,5.107760,3.932040,1000.00,cifi0007.DBF
DX5F,10DX5F,0,00,00,58,3,0.00,0,1.17,3.54,5.107760,3.932040,1000.00,cifi0007.DBF
DX5F,10DX5F,0,00,00,58,4,0.00,0,1.01,3.64,5.107760,3.932040,1000.00,cifi0007.DBF
DX5F,10DX5F,0,00,00,58,5,0.00,0,0.25,3.18,5.107760,3.932040,1000.00,cifi0007.DBF
DX5F,10DX5F,0,00,00,58,6,0.00,0,0.50,3.75,6.754670,3.932040,1000.00,cifi0007.DBF
DX5F,10DX5F,0,00,00,58,7,0.00,0,0.00,3.63,6.754670,3.932040,1000.00,cifi0007.DBF
DX5F,10DX5F,0,00,00,59,1,0.00,0,0.00,2.17,4.330100,4.330100,1000.00,cifi0007.DBF
DX5F,10DX5F,0,00,00,59,2,0.00,0,0.86,3.24,5.615270,4.330100,1000.00,cifi0007.DBF
DX5F,10DX5F,0,00,00,59,3,0.00,0,1.21,3.84,5.615270,4.330100,1000.00,cifi0007.DBF
DX5F,10DX5F,0,00,00,59,4,0.00,0,0.99,3.91,5.615270,4.330100,1000.00,cifi0007.DBF
DX5F,10DX5F,0,00,00,59,5,0.00,0,0.08,3.34,5.615270,4.330100,1000.00,cifi0007.DBF
DX5F,10DX5F,0,00,00,59,6,0.00,0,0.00,3.63,7.168260,4.330100,1000.00,cifi0007.DBF
DX5F,10DX5F,0,00,00,60,1,0.00,0,0.00,2.39,4.786410,4.786410,1000.00,cifi0007.DBF
DX5F,10DX5F,0,00,00,60,2,0.00,0,0.94,3.57,6.208910,4.786410,1000.00,cifi0007.DBF
DX5F,10DX5F,0,00,00,60,3,0.00,0,1.32,4.24,6.208910,4.786410,1000.00,cifi0007.DBF
DX5F,10DX5F,0,00,00,60,4,0.00,0,1.04,4.29,6.208910,4.786410,1000.00,cifi0007.DBF
DX5F,10DX5F,0,00,00,60,5,0.00,0,0.00,3.63,6.208910,4.786410,1000.00,cifi0007.DBF
