cfic_plan,ql_plan,gender,uwclass,band,issue_age,policy_year,cash_value,pup_ins,term_rsv,mean_rsv,rl_netprem,fy_netprem,death_ben,source_file
BA6N,10BA6N,0,00,00,0,1,,,,1.00,10.000000,10.000000,1000.00,cifi0007.DBF
BA6N,10BA6N,0,00,00,0,7,,,,1.00,10.000000,10.000000,1000.00,cifi0007.DBF
BA6N,10BA6N,0,00,00,0,14,,,1.00,1.00,10.000000,10.000000,1000.00,cifi0007.DBF
BA6N,10BA6N,0,00,00,0,15,,,3.00,3.00,10.000000,10.000000,1000.00,cifi0007.DBF
BA6N,10BA6N,0,00,00,0,16,,,4.00,4.00,10.000000,10.000000,1000.00,cifi0007.DBF
BA6N,10BA6N,0,00,00,0,17,,,5.00,5.00,10.000000,10.000000,1000.00,cifi0007.DBF
BA6N,10BA6N,0,00,00,0,18,,,6.00,6.00,10.000000,10.000000,1000.00,cifi0007.DBF
BA6N,10BA6N,0,00,00,0,19,,,8.00,8.00,10.000000,10.000000,1000.00,cifi0007.DBF
BA6N,10BA6N,0,00,00,0,20,,,9.00,9.00,10.000000,10.000000,1000.00,cifi0007.DBF
BA6N,10BA6N,0,00,00,0,21,,,11.00,11.00,10.000000,10.000000,1000.00,cifi0007.DBF
BA6N,10BA6N,0,00,00,0,22,,,13.00,13.00,10.000000,10.000000,1000.00,cifi0007.DBF
BA6N,10BA6N,0,00,00,0,23,,,15.00,15.00,10.000000,10.000000,1000.00,cifi0007.DBF
BA6N,10BA6N,0,00,00,0,24,,,17.00,17.00,10.000000,10.000000,1000.00,cifi0007.DBF
BA6N,10BA6N,0,00,00,0,25,,,19.00,19.00,10.000000,10.000000,1000.00,cifi0007.DBF
BA6N,10BA6N,0,00,00,1,1,,,,1.00,10.000000,10.000000,1000.00,cifi0007.DBF
BA6N,10BA6N,0,00,00,1,14,,,1.00,1.00,10.000000,10.000000,1000.00,cifi0007.DBF
BA6N,10BA6N,0,00,00,1,15,,,3.00,3.00,10.000000,10.000000,1000.00,cifi0007.DBF
BA6N,10BA6N,0,00,00,1,16,0.00,,4.00,4.00,10.000000,10.000000,1000.00,cifi0007.DBF
BA6N,10BA6N,0,00,00,1,17,,,5.00,5.00,10.000000,10.000000,1000.00,cifi0007.DBF
BA6N,10BA6N,0,00,00,1,18,,,6.00,6.00,10.000000,10.000000,1000.00,cifi0007.DBF
BA6N,10BA6N,0,00,00,1,19,,,8.00,8.00,10.000000,10.000000,1000.00,cifi0007.DBF
BA6N,10BA6N,0,00,00,1,20,,,9.00,9.00,10.000000,10.000000,1000.00,cifi0007.DBF
BA6N,10BA6N,0,00,00,1,21,,,11.00,11.00,10.000000,10.000000,1000.00,cifi0007.DBF
BA6N,10BA6N,0,00,00,1,22,,,13.00,13.00,10.000000,10.000000,1000.00,cifi0007.DBF
BA6N,10BA6N,0,00,00,1,23,,,15.00,15.00,10.000000,10.000000,1000.00,cifi0007.DBF
BA6N,10BA6N,0,00,00,1,24,,,17.00,17.00,10.000000,10.000000,1000.00,cifi0007.DBF
BA6N,10BA6N,0,00,00,1,25,,,19.00,19.00,10.000000,10.000000,1000.00,cifi0007.DBF
BA6N,10BA6N,0,00,00,2,1,,,1.00,1.00,10.000000,10.000000,1000.00,cifi0007.DBF
BA6N,10BA6N,0,00,00,2,7,,,1.00,1.00,10.000000,10.000000,1000.00,cifi0007.DBF
BA6N,10BA6N,0,00,00,2,8,,,1.00,1.00,10.000000,10.000000,1000.00,cifi0007.DBF
BA6N,10BA6N,0,00,00,2,9,,,2.00,2.00,10.000000,10.000000,1000.00,cifi0007.DBF
BA6N,10BA6N,0,00,00,2,10,,,3.00,3.00,10.000000,10.000000,1000.00,cifi0007.DBF
BA6N,10BA6N,0,00,00,2,11,,,4.00,4.00,10.000000,10.000000,1000.00,cifi0007.DBF
BA6N,10BA6N,0,00,00,2,12,,,5.00,5.00,10.000000,10.000000,1000.00,cifi0007.DBF
BA6N,10BA6N,0,00,00,2,13,,,7.00,7.00,10.000000,10.000000,1000.00,cifi0007.DBF
BA6N,10BA6N,0,00,00,2,14,,,8.00,8.00,10.000000,10.000000,1000.00,cifi0007.DBF
BA6N,10BA6N,0,00,00,2,15,,,9.00,9.00,10.000000,10.000000,1000.00,cifi0007.DBF
BA6N,10BA6N,0,00,00,2,16,,,10.00,10.00,10.000000,10.000000,1000.00,cifi0007.DBF
BA6N,10BA6N,0,00,00,2,17,,,12.00,12.00,10.000000,10.000000,1000.00,cifi0007.DBF
BA6N,10BA6N,0,00,00,2,18,,,13.00,13.00,10.000000,10.000000,1000.00,cifi0007.DBF
BA6N,10BA6N,0,00,00,2,19,,,15.00,15.00,10.000000,10.000000,1000.00,cifi0007.DBF
BA6N,10BA6N,0,00,00,2,20,,,16.00,16.00,10.000000,10.000000,1000.00,cifi0007.DBF
BA6N,10BA6N,0,00,00,2,21,,,18.00,18.00,10.000000,10.000000,1000.00,cifi0007.DBF
BA6N,10BA6N,0,00,00,2,22,,,20.00,20.00,10.000000,10.000000,1000.00,cifi0007.DBF
BA6N,10BA6N,0,00,00,2,23,,,22.00,22.00,10.000000,10.000000,1000.00,cifi0007.DBF
BA6N,10BA6N,0,00,00,2,24,,,25.00,25.00,10.000000,10.000000,1000.00,cifi0007.DBF
BA6N,10BA6N,0,00,00,2,25,,,27.00,27.00,10.000000,10.000000,1000.00,cifi0007.DBF
BA6N,10BA6N,0,00,00,3,1,,,1.00,1.00,10.000000,10.000000,1000.00,cifi0007.DBF
BA6N,10BA6N,0,00,00,3,2,,,1.00,1.00,10.000000,10.000000,1000.00,cifi0007.DBF
BA6N,10BA6N,0,00,00,3,3,,,1.00,1.00,10.000000,10.000000,1000.00,cifi0007.DBF
BA6N,10BA6N,0,00,00,3,4,,,1.00,1.00,10.000000,10.000000,1000.00,cifi0007.DBF
BA6N,10BA6N,0,00,00,3,5,,,1.00,1.00,10.000000,10.000000,1000.00,cifi0007.DBF
BA6N,10BA6N,0,00,00,3,6,,,1.00,1.00,10.000000,10.000000,1000.00,cifi0007.DBF
BA6N,10BA6N,0,00,00,3,7,,,2.00,2.00,10.000000,10.000000,1000.00,cifi0007.DBF
BA6N,10BA6N,0,00,00,3,8,,,3.00,3.00,10.000000,10.000000,1000.00,cifi0007.DBF
BA6N,10BA6N,0,00,00,3,9,,,4.00,4.00,10.000000,10.000000,1000.00,cifi0007.DBF
BA6N,10BA6N,0,00,00,3,10,,,5.00,5.00,10.000000,10.000000,1000.00,cifi0007.DBF
BA6N,10BA6N,0,00,00,3,11,,,6.00,6.00,10.000000,10.000000,1000.00,cifi0007.DBF
BA6N,10BA6N,0,00,00,3,12,,,7.00,7.00,10.000000,10.000000,1000.00,cifi0007.DBF
BA6N,10BA6N,0,00,00,3,13,,,9.00,9.00,10.000000,10.000000,1000.00,cifi0007.DBF
BA6N,10BA6N,0,00,00,3,14,,,8.00,8.00,10.000000,10.000000,1000.00,cifi0007.DBF
BA6N,10BA6N,0,00,00,3,15,,,8.00,8.00,10.000000,10.000000,1000.00,cifi0007.DBF
BA6N,10BA6N,0,00,00,3,16,,,13.00,13.00,10.000000,10.000000,1000.00,cifi0007.DBF
BA6N,10BA6N,0,00,00,3,17,,,14.00,14.00,10.000000,10.000000,1000.00,cifi0007.DBF
BA6N,10BA6N,0,00,00,3,18,,,16.00,16.00,10.000000,10.000000,1000.00,cifi0007.DBF
BA6N,10BA6N,0,00,00,3,19,,,17.00,17.00,10.000000,10.000000,1000.00,cifi0007.DBF
BA6N,10BA6N,0,00,00,3,20,,,19.00,19.00,10.000000,10.000000,1000.00,cifi0007.DBF
BA6N,10BA6N,0,00,00,3,21,,,21.00,21.00,10.000000,10.000000,1000.00,cifi0007.DBF
BA6N,10BA6N,0,00,00,3,22,,,23.00,23.00,10.000000,10.000000,1000.00,cifi0007.DBF
BA6N,10BA6N,0,00,00,3,23,,,25.00,25.00,10.000000,10.000000,1000.00,cifi0007.DBF
BA6N,10BA6N,0,00,00,3,24,,,28.00,28.00,10.000000,10.000000,1000.00,cifi0007.DBF
BA6N,10BA6N,0,00,00,3,25,,,31.00,31.00,10.000000,10.000000,1000.00,cifi0007.DBF
BA6N,10BA6N,0,00,00,4,1,,,1.00,1.00,10.000000,10.000000,1000.00,cifi0007.DBF
BA6N,10BA6N,0,00,00,4,2,,,1.00,1.00,10.000000,10.000000,1000.00,cifi0007.DBF
BA6N,10BA6N,0,00,00,4,3,,,1.00,1.00,10.000000,10.000000,1000.00,cifi0007.DBF
BA6N,10BA6N,0,00,00,4,4,,,1.00,1.00,10.000000,10.000000,1000.00,cifi0007.DBF
BA6N,10BA6N,0,00,00,4,5,,,2.00,2.00,10.000000,10.000000,1000.00,cifi0007.DBF
BA6N,10BA6N,0,00,00,4,6,,,3.00,3.00,10.000000,10.000000,1000.00,cifi0007.DBF
BA6N,10BA6N,0,00,00,4,7,,,3.00,3.00,10.000000,10.000000,1000.00,cifi0007.DBF
BA6N,10BA6N,0,00,00,4,8,,,4.00,4.00,10.000000,10.000000,1000.00,cifi0007.DBF
BA6N,10BA6N,0,00,00,4,9,,,6.00,6.00,10.000000,10.000000,1000.00,cifi0007.DBF
BA6N,10BA6N,0,00,00,4,10,,,7.00,7.00,10.000000,10.000000,1000.00,cifi0007.DBF
BA6N,10BA6N,0,00,00,4,11,,,8.00,8.00,10.000000,10.000000,1000.00,cifi0007.DBF
BA6N,10BA6N,0,00,00,4,12,,,9.00,9.00,10.000000,10.000000,1000.00,cifi0007.DBF
BA6N,10BA6N,0,00,00,4,13,,,10.00,10.00,10.000000,10.000000,1000.00,cifi0007.DBF
BA6N,10BA6N,0,00,00,4,14,,,12.00,12.00,10.000000,10.000000,1000.00,cifi0007.DBF
BA6N,10BA6N,0,00,00,4,15,,,13.00,13.00,10.000000,10.000000,1000.00,cifi0007.DBF
BA6N,10BA6N,0,00,00,4,16,,,15.00,15.00,10.000000,10.000000,1000.00,cifi0007.DBF
BA6N,10BA6N,0,00,00,4,17,,,16.00,16.00,10.000000,10.000000,1000.00,cifi0007.DBF
BA6N,10BA6N,0,00,00,4,18,,,18.00,18.00,10.000000,10.000000,1000.00,cifi0007.DBF
BA6N,10BA6N,0,00,00,4,19,,,20.00,20.00,10.000000,10.000000,1000.00,cifi0007.DBF
BA6N,10BA6N,0,00,00,4,20,,,22.00,22.00,10.000000,10.000000,1000.00,cifi0007.DBF
BA6N,10BA6N,0,00,00,4,21,,,24.00,24.00,10.000000,10.000000,1000.00,cifi0007.DBF
BA6N,10BA6N,0,00,00,4,22,,,26.00,26.00,10.000000,10.000000,1000.00,cifi0007.DBF
BA6N,10BA6N,0,00,00,4,23,,,29.00,29.00,10.000000,10.000000,1000.00,cifi0007.DBF
BA6N,10BA6N,0,00,00,4,24,,,31.00,31.00,10.000000,10.000000,1000.00,cifi0007.DBF
BA6N,10BA6N,0,00,00,4,25,,,34.00,34.00,10.000000,10.000000,1000.00,cifi0007.DBF
BA6N,10BA6N,0,00,00,5,1,,,1.00,1.00,10.000000,10.000000,1000.00,cifi0007.DBF
BA6N,10BA6N,0,00,00,5,2,,,1.00,1.00,10.000000,10.000000,1000.00,cifi0007.DBF
BA6N,10BA6N,0,00,00,5,3,,,2.00,2.00,10.000000,10.000000,1000.00,cifi0007.DBF
BA6N,10BA6N,0,00,00,5,4,,,2.00,2.00,10.000000,10.000000,1000.00,cifi0007.DBF
BA6N,10BA6N,0,00,00,5,5,,,3.00,3.00,10.000000,10.000000,1000.00,cifi0007.DBF
BA6N,10BA6N,0,00,00,5,6,,,4.00,4.00,10.000000,10.000000,1000.00,cifi0007.DBF
BA6N,10BA6N,0,00,00,5,7,,,5.00,5.00,10.000000,10.000000,1000.00,cifi0007.DBF
BA6N,10BA6N,0,00,00,5,8,,,6.00,6.00,10.000000,10.000000,1000.00,cifi0007.DBF
BA6N,10BA6N,0,00,00,5,9,,,7.00,7.00,10.000000,10.000000,1000.00,cifi0007.DBF
BA6N,10BA6N,0,00,00,5,10,,,8.00,8.00,10.000000,10.000000,1000.00,cifi0007.DBF
BA6N,10BA6N,0,00,00,5,11,0.00,,9.00,9.00,10.000000,10.000000,1000.00,cifi0007.DBF
BA6N,10BA6N,0,00,00,5,12,,,11.00,11.00,10.000000,10.000000,1000.00,cifi0007.DBF
BA6N,10BA6N,0,00,00,5,13,,,12.00,12.00,10.000000,10.000000,1000.00,cifi0007.DBF
BA6N,10BA6N,0,00,00,5,14,,,13.00,13.00,10.000000,10.000000,1000.00,cifi0007.DBF
BA6N,10BA6N,0,00,00,5,15,,,15.00,15.00,10.000000,10.000000,1000.00,cifi0007.DBF
BA6N,10BA6N,0,00,00,5,16,,,16.00,16.00,10.000000,10.000000,1000.00,cifi0007.DBF
BA6N,10BA6N,0,00,00,5,17,,,18.00,18.00,10.000000,10.000000,1000.00,cifi0007.DBF
BA6N,10BA6N,0,00,00,5,18,,,20.00,20.00,10.000000,10.000000,1000.00,cifi0007.DBF
BA6N,10BA6N,0,00,00,5,19,,,22.00,22.00,10.000000,10.000000,1000.00,cifi0007.DBF
BA6N,10BA6N,0,00,00,5,20,,,24.00,24.00,10.000000,10.000000,1000.00,cifi0007.DBF
BA6N,10BA6N,0,00,00,5,21,,,26.00,26.00,10.000000,10.000000,1000.00,cifi0007.DBF
BA6N,10BA6N,0,00,00,5,22,,,29.00,29.00,10.000000,10.000000,1000.00,cifi0007.DBF
BA6N,10BA6N,0,00,00,5,23,,,32.00,32.00,10.000000,10.000000,1000.00,cifi0007.DBF
BA6N,10BA6N,0,00,00,5,24,,,35.00,35.00,10.000000,10.000000,1000.00,cifi0007.DBF
BA6N,10BA6N,0,00,00,5,25,,,38.00,38.00,10.000000,10.000000,1000.00,cifi0007.DBF
BA6N,10BA6N,0,00,00,6,1,,,1.00,1.00,10.000000,10.000000,1000.00,cifi0007.DBF
BA6N,10BA6N,0,00,00,6,2,,,2.00,2.00,10.000000,10.000000,1000.00,cifi0007.DBF
BA6N,10BA6N,0,00,00,6,3,0.00,0,2.00,2.00,10.000000,10.000000,1000.00,cifi0007.DBF
BA6N,10BA6N,0,00,00,6,4,,,3.00,3.00,10.000000,10.000000,1000.00,cifi0007.DBF
BA6N,10BA6N,0,00,00,6,5,,,4.00,4.00,10.000000,10.000000,1000.00,cifi0007.DBF
BA6N,10BA6N,0,00,00,6,6,,,5.00,5.00,10.000000,10.000000,1000.00,cifi0007.DBF
BA6N,10BA6N,0,00,00,6,7,,,6.00,6.00,10.000000,10.000000,1000.00,cifi0007.DBF
BA6N,10BA6N,0,00,00,6,8,,,7.00,7.00,10.000000,10.000000,1000.00,cifi0007.DBF
BA6N,10BA6N,0,00,00,6,9,,,8.00,8.00,10.000000,10.000000,1000.00,cifi0007.DBF
BA6N,10BA6N,0,00,00,6,10,,,10.00,10.00,10.000000,10.000000,1000.00,cifi0007.DBF
BA6N,10BA6N,0,00,00,6,11,,,11.00,11.00,10.000000,10.000000,1000.00,cifi0007.DBF
BA6N,10BA6N,0,00,00,6,12,,,12.00,12.00,10.000000,10.000000,1000.00,cifi0007.DBF
BA6N,10BA6N,0,00,00,6,13,,,14.00,14.00,10.000000,10.000000,1000.00,cifi0007.DBF
BA6N,10BA6N,0,00,00,6,14,,,15.00,15.00,10.000000,10.000000,1000.00,cifi0007.DBF
BA6N,10BA6N,0,00,00,6,15,,,17.00,17.00,10.000000,10.000000,1000.00,cifi0007.DBF
BA6N,10BA6N,0,00,00,6,16,,,18.00,18.00,10.000000,10.000000,1000.00,cifi0007.DBF
BA6N,10BA6N,0,00,00,6,17,,,20.00,20.00,10.000000,10.000000,1000.00,cifi0007.DBF
BA6N,10BA6N,0,00,00,6,18,,,22.00,22.00,10.000000,10.000000,1000.00,cifi0007.DBF
BA6N,10BA6N,0,00,00,6,19,,,24.00,24.00,10.000000,10.000000,1000.00,cifi0007.DBF
BA6N,10BA6N,0,00,00,6,20,,,27.00,27.00,10.000000,10.000000,1000.00,cifi0007.DBF
BA6N,10BA6N,0,00,00,6,22,,,32.00,32.00,10.000000,10.000000,1000.00,cifi0007.DBF
BA6N,10BA6N,0,00,00,6,23,,,35.00,35.00,10.000000,10.000000,1000.00,cifi0007.DBF
BA6N,10BA6N,0,00,00,6,24,,,38.00,38.00,10.000000,10.000000,1000.00,cifi0007.DBF
BA6N,10BA6N,0,00,00,6,25,,,42.00,42.00,10.000000,10.000000,1000.00,cifi0007.DBF
BA6N,10BA6N,0,00,00,7,1,,,1.00,1.00,10.000000,10.000000,1000.00,cifi0007.DBF
BA6N,10BA6N,0,00,00,7,2,,,2.00,2.00,10.000000,10.000000,1000.00,cifi0007.DBF
BA6N,10BA6N,0,00,00,7,3,,,3.00,3.00,10.000000,10.000000,1000.00,cifi0007.DBF
BA6N,10BA6N,0,00,00,7,4,,,4.00,4.00,10.000000,10.000000,1000.00,cifi0007.DBF
BA6N,10BA6N,0,00,00,7,5,,,5.00,5.00,10.000000,10.000000,1000.00,cifi0007.DBF
BA6N,10BA6N,0,00,00,7,6,,,6.00,6.00,10.000000,10.000000,1000.00,cifi0007.DBF
BA6N,10BA6N,0,00,00,7,7,,,7.00,7.00,10.000000,10.000000,1000.00,cifi0007.DBF
BA6N,10BA6N,0,00,00,7,8,,,8.00,8.00,10.000000,10.000000,1000.00,cifi0007.DBF
BA6N,10BA6N,0,00,00,7,9,,,9.00,9.00,10.000000,10.000000,1000.00,cifi0007.DBF
BA6N,10BA6N,0,00,00,7,10,,,11.00,11.00,10.000000,10.000000,1000.00,cifi0007.DBF
BA6N,10BA6N,0,00,00,7,11,,,12.00,12.00,10.000000,10.000000,1000.00,cifi0007.DBF
BA6N,10BA6N,0,00,00,7,12,,,13.00,13.00,10.000000,10.000000,1000.00,cifi0007.DBF
BA6N,10BA6N,0,00,00,7,13,,,15.00,15.00,10.000000,10.000000,1000.00,cifi0007.DBF
BA6N,10BA6N,0,00,00,7,14,,,17.00,17.00,10.000000,10.000000,1000.00,cifi0007.DBF
BA6N,10BA6N,0,00,00,7,15,,,18.00,18.00,10.000000,10.000000,1000.00,cifi0007.DBF
BA6N,10BA6N,0,00,00,7,16,,,20.00,20.00,10.000000,10.000000,1000.00,cifi0007.DBF
BA6N,10BA6N,0,00,00,7,17,,,22.00,22.00,10.000000,10.000000,1000.00,cifi0007.DBF
BA6N,10BA6N,0,00,00,7,18,,,24.00,24.00,10.000000,10.000000,1000.00,cifi0007.DBF
BA6N,10BA6N,0,00,00,7,19,,,26.00,26.00,10.000000,10.000000,1000.00,cifi0007.DBF
BA6N,10BA6N,0,00,00,7,20,,,29.00,29.00,10.000000,10.000000,1000.00,cifi0007.DBF
BA6N,10BA6N,0,00,00,7,21,,,32.00,32.00,10.000000,10.000000,1000.00,cifi0007.DBF
BA6N,10BA6N,0,00,00,7,22,,,35.00,35.00,10.000000,10.000000,1000.00,cifi0007.DBF
BA6N,10BA6N,0,00,00,7,23,,,38.00,38.00,10.000000,10.000000,1000.00,cifi0007.DBF
BA6N,10BA6N,0,00,00,7,24,,,42.00,42.00,10.000000,10.000000,1000.00,cifi0007.DBF
BA6N,10BA6N,0,00,00,7,25,,,46.00,46.00,10.000000,10.000000,1000.00,cifi0007.DBF
BA6N,10BA6N,0,00,00,8,1,,,1.00,1.00,10.000000,10.000000,1000.00,cifi0007.DBF
BA6N,10BA6N,0,00,00,8,2,,,2.00,2.00,10.000000,10.000000,1000.00,cifi0007.DBF
BA6N,10BA6N,0,00,00,8,3,,,3.00,3.00,10.000000,10.000000,1000.00,cifi0007.DBF
BA6N,10BA6N,0,00,00,8,4,,,5.00,5.00,10.000000,10.000000,1000.00,cifi0007.DBF
BA6N,10BA6N,0,00,00,8,5,,,6.00,6.00,10.000000,10.000000,1000.00,cifi0007.DBF
BA6N,10BA6N,0,00,00,8,6,,,7.00,7.00,10.000000,10.000000,1000.00,cifi0007.DBF
BA6N,10BA6N,0,00,00,8,7,,,8.00,8.00,10.000000,10.000000,1000.00,cifi0007.DBF
BA6N,10BA6N,0,00,00,8,8,,,9.00,9.00,10.000000,10.000000,1000.00,cifi0007.DBF
BA6N,10BA6N,0,00,00,8,9,,,11.00,11.00,10.000000,10.000000,1000.00,cifi0007.DBF
BA6N,10BA6N,0,00,00,8,10,,,12.00,12.00,10.000000,10.000000,1000.00,cifi0007.DBF
BA6N,10BA6N,0,00,00,8,11,,,13.00,13.00,10.000000,10.000000,1000.00,cifi0007.DBF
BA6N,10BA6N,0,00,00,8,12,,,15.00,15.00,10.000000,10.000000,1000.00,cifi0007.DBF
BA6N,10BA6N,0,00,00,8,13,,,16.00,16.00,10.000000,10.000000,1000.00,cifi0007.DBF
BA6N,10BA6N,0,00,00,8,14,,,18.00,18.00,10.000000,10.000000,1000.00,cifi0007.DBF
BA6N,10BA6N,0,00,00,8,15,,,20.00,20.00,10.000000,10.000000,1000.00,cifi0007.DBF
BA6N,10BA6N,0,00,00,8,16,,,22.00,22.00,10.000000,10.000000,1000.00,cifi0007.DBF
BA6N,10BA6N,0,00,00,8,17,0.00,,24.00,24.00,10.000000,10.000000,1000.00,cifi0007.DBF
BA6N,10BA6N,0,00,00,8,18,,,26.00,26.00,10.000000,10.000000,1000.00,cifi0007.DBF
BA6N,10BA6N,0,00,00,8,19,,,29.00,29.00,10.000000,10.000000,1000.00,cifi0007.DBF
BA6N,10BA6N,0,00,00,8,20,,,32.00,32.00,10.000000,10.000000,1000.00,cifi0007.DBF
BA6N,10BA6N,0,00,00,8,21,,,35.00,35.00,10.000000,10.000000,1000.00,cifi0007.DBF
BA6N,10BA6N,0,00,00,8,22,,,38.00,38.00,10.000000,10.000000,1000.00,cifi0007.DBF
BA6N,10BA6N,0,00,00,8,23,,,42.00,42.00,10.000000,10.000000,1000.00,cifi0007.DBF
BA6N,10BA6N,0,00,00,8,24,,,46.00,46.00,10.000000,10.000000,1000.00,cifi0007.DBF
BA6N,10BA6N,0,00,00,8,25,,,50.00,50.00,10.000000,10.000000,1000.00,cifi0007.DBF
BA6N,10BA6N,0,00,00,9,1,,,1.00,1.00,10.000000,10.000000,1000.00,cifi0007.DBF
BA6N,10BA6N,0,00,00,9,2,,,3.00,3.00,10.000000,10.000000,1000.00,cifi0007.DBF
BA6N,10BA6N,0,00,00,9,3,,,4.00,4.00,10.000000,10.000000,1000.00,cifi0007.DBF
BA6N,10BA6N,0,00,00,9,4,,,5.00,5.00,10.000000,10.000000,1000.00,cifi0007.DBF
BA6N,10BA6N,0,00,00,9,5,,,6.00,6.00,10.000000,10.000000,1000.00,cifi0007.DBF
BA6N,10BA6N,0,00,00,9,6,,,8.00,8.00,10.000000,10.000000,1000.00,cifi0007.DBF
BA6N,10BA6N,0,00,00,9,7,,,9.00,9.00,10.000000,10.000000,1000.00,cifi0007.DBF
BA6N,10BA6N,0,00,00,9,8,,,10.00,10.00,10.000000,10.000000,1000.00,cifi0007.DBF
BA6N,10BA6N,0,00,00,9,9,,,11.00,11.00,10.000000,10.000000,1000.00,cifi0007.DBF
BA6N,10BA6N,0,00,00,9,10,,,13.00,13.00,10.000000,10.000000,1000.00,cifi0007.DBF
BA6N,10BA6N,0,00,00,9,11,,,14.00,14.00,10.000000,10.000000,1000.00,cifi0007.DBF
BA6N,10BA6N,0,00,00,9,12,,,16.00,16.00,10.000000,10.000000,1000.00,cifi0007.DBF
BA6N,10BA6N,0,00,00,9,13,,,18.00,18.00,10.000000,10.000000,1000.00,cifi0007.DBF
BA6N,10BA6N,0,00,00,9,14,,,14.00,14.00,10.000000,10.000000,1000.00,cifi0007.DBF
BA6N,10BA6N,0,00,00,9,15,,,21.00,21.00,10.000000,10.000000,1000.00,cifi0007.DBF
BA6N,10BA6N,0,00,00,9,16,,,23.00,23.00,10.000000,10.000000,1000.00,cifi0007.DBF
BA6N,10BA6N,0,00,00,9,17,,,26.00,26.00,10.000000,10.000000,1000.00,cifi0007.DBF
BA6N,10BA6N,0,00,00,9,18,,,28.00,28.00,10.000000,10.000000,1000.00,cifi0007.DBF
BA6N,10BA6N,0,00,00,9,19,,,31.00,31.00,10.000000,10.000000,1000.00,cifi0007.DBF
BA6N,10BA6N,0,00,00,9,20,,,34.00,34.00,10.000000,10.000000,1000.00,cifi0007.DBF
BA6N,10BA6N,0,00,00,9,21,,,37.00,37.00,10.000000,10.000000,1000.00,cifi0007.DBF
BA6N,10BA6N,0,00,00,9,22,,,41.00,41.00,10.000000,10.000000,1000.00,cifi0007.DBF
BA6N,10BA6N,0,00,00,9,23,,,45.00,45.00,10.000000,10.000000,1000.00,cifi0007.DBF
BA6N,10BA6N,0,00,00,9,24,,,49.00,49.00,10.000000,10.000000,1000.00,cifi0007.DBF
BA6N,10BA6N,0,00,00,9,25,,,54.00,54.00,10.000000,10.000000,1000.00,cifi0007.DBF
BA6N,10BA6N,0,00,00,10,1,,,1.00,1.00,12.000000,12.000000,1000.00,cifi0007.DBF
BA6N,10BA6N,0,00,00,10,2,,,3.00,3.00,12.000000,12.000000,1000.00,cifi0007.DBF
BA6N,10BA6N,0,00,00,10,3,,,4.00,4.00,12.000000,12.000000,1000.00,cifi0007.DBF
BA6N,10BA6N,0,00,00,10,4,,,6.00,6.00,12.000000,12.000000,1000.00,cifi0007.DBF
BA6N,10BA6N,0,00,00,10,5,,,7.00,7.00,12.000000,12.000000,1000.00,cifi0007.DBF
BA6N,10BA6N,0,00,00,10,6,,,8.00,8.00,12.000000,12.000000,1000.00,cifi0007.DBF
BA6N,10BA6N,0,00,00,10,7,,,9.00,9.00,12.000000,12.000000,1000.00,cifi0007.DBF
BA6N,10BA6N,0,00,00,10,8,,,11.00,11.00,12.000000,12.000000,1000.00,cifi0007.DBF
BA6N,10BA6N,0,00,00,10,9,,,12.00,12.00,12.000000,12.000000,1000.00,cifi0007.DBF
BA6N,10BA6N,0,00,00,10,10,,,14.00,14.00,12.000000,12.000000,1000.00,cifi0007.DBF
BA6N,10BA6N,0,00,00,10,11,,,15.00,15.00,12.000000,12.000000,1000.00,cifi0007.DBF
BA6N,10BA6N,0,00,00,10,12,,,17.00,17.00,12.000000,12.000000,1000.00,cifi0007.DBF
BA6N,10BA6N,0,00,00,10,13,,,19.00,19.00,12.000000,12.000000,1000.00,cifi0007.DBF
BA6N,10BA6N,0,00,00,10,14,,,21.00,21.00,12.000000,12.000000,1000.00,cifi0007.DBF
BA6N,10BA6N,0,00,00,10,15,,,23.00,23.00,12.000000,12.000000,1000.00,cifi0007.DBF
BA6N,10BA6N,0,00,00,10,16,,,25.00,25.00,12.000000,12.000000,1000.00,cifi0007.DBF
BA6N,10BA6N,0,00,00,10,17,,,28.00,28.00,12.000000,12.000000,1000.00,cifi0007.DBF
BA6N,10BA6N,0,00,00,10,18,,,30.00,30.00,12.000000,12.000000,1000.00,cifi0007.DBF
BA6N,10BA6N,0,00,00,10,19,,,33.00,33.00,12.000000,12.000000,1000.00,cifi0007.DBF
BA6N,10BA6N,0,00,00,10,20,,,37.00,37.00,12.000000,12.000000,1000.00,cifi0007.DBF
BA6N,10BA6N,0,00,00,10,21,,,40.00,40.00,12.000000,12.000000,1000.00,cifi0007.DBF
BA6N,10BA6N,0,00,00,10,22,,,44.00,44.00,12.000000,12.000000,1000.00,cifi0007.DBF
BA6N,10BA6N,0,00,00,10,23,,,49.00,49.00,12.000000,12.000000,1000.00,cifi0007.DBF
BA6N,10BA6N,0,00,00,10,24,,,53.00,53.00,12.000000,12.000000,1000.00,cifi0007.DBF
BA6N,10BA6N,0,00,00,10,25,,,59.00,59.00,12.000000,12.000000,1000.00,cifi0007.DBF
BA6N,10BA6N,0,00,00,11,1,,,2.00,2.00,12.000000,12.000000,1000.00,cifi0007.DBF
BA6N,10BA6N,0,00,00,11,2,,,3.00,3.00,12.000000,12.000000,1000.00,cifi0007.DBF
BA6N,10BA6N,0,00,00,11,3,,,5.00,5.00,12.000000,12.000000,1000.00,cifi0007.DBF
BA6N,10BA6N,0,00,00,11,4,,,6.00,6.00,12.000000,12.000000,1000.00,cifi0007.DBF
BA6N,10BA6N,0,00,00,11,5,,,8.00,8.00,12.000000,12.000000,1000.00,cifi0007.DBF
BA6N,10BA6N,0,00,00,11,6,,,9.00,9.00,12.000000,12.000000,1000.00,cifi0007.DBF
BA6N,10BA6N,0,00,00,11,7,,,10.00,10.00,12.000000,12.000000,1000.00,cifi0007.DBF
BA6N,10BA6N,0,00,00,11,8,,,11.00,11.00,12.000000,12.000000,1000.00,cifi0007.DBF
BA6N,10BA6N,0,00,00,11,9,,,13.00,13.00,12.000000,12.000000,1000.00,cifi0007.DBF
BA6N,10BA6N,0,00,00,11,10,,,15.00,15.00,12.000000,12.000000,1000.00,cifi0007.DBF
BA6N,10BA6N,0,00,00,11,11,,,16.00,16.00,12.000000,12.000000,1000.00,cifi0007.DBF
BA6N,10BA6N,0,00,00,11,12,,,18.00,18.00,12.000000,12.000000,1000.00,cifi0007.DBF
BA6N,10BA6N,0,00,00,11,13,,,20.00,20.00,12.000000,12.000000,1000.00,cifi0007.DBF
BA6N,10BA6N,0,00,00,11,14,,,22.00,22.00,12.000000,12.000000,1000.00,cifi0007.DBF
BA6N,10BA6N,0,00,00,11,15,,,24.00,24.00,12.000000,12.000000,1000.00,cifi0007.DBF
BA6N,10BA6N,0,00,00,11,16,,,27.00,27.00,12.000000,12.000000,1000.00,cifi0007.DBF
BA6N,10BA6N,0,00,00,11,17,,,30.00,30.00,12.000000,12.000000,1000.00,cifi0007.DBF
BA6N,10BA6N,0,00,00,11,18,,,33.00,33.00,12.000000,12.000000,1000.00,cifi0007.DBF
BA6N,10BA6N,0,00,00,11,19,,,36.00,36.00,12.000000,12.000000,1000.00,cifi0007.DBF
BA6N,10BA6N,0,00,00,11,20,,,40.00,40.00,12.000000,12.000000,1000.00,cifi0007.DBF
BA6N,10BA6N,0,00,00,11,21,,,44.00,44.00,12.000000,12.000000,1000.00,cifi0007.DBF
BA6N,10BA6N,0,00,00,11,22,,,48.00,48.00,12.000000,12.000000,1000.00,cifi0007.DBF
BA6N,10BA6N,0,00,00,11,23,,,53.00,53.00,12.000000,12.000000,1000.00,cifi0007.DBF
BA6N,10BA6N,0,00,00,11,24,,,58.00,58.00,12.000000,12.000000,1000.00,cifi0007.DBF
BA6N,10BA6N,0,00,00,11,25,,,63.00,63.00,12.000000,12.000000,1000.00,cifi0007.DBF
BA6N,10BA6N,0,00,00,12,1,,,,2.00,12.000000,12.000000,1000.00,cifi0007.DBF
BA6N,10BA6N,0,00,00,12,2,,,0.00,3.00,12.000000,12.000000,1000.00,cifi0007.DBF
BA6N,10BA6N,0,00,00,12,3,,,0.00,5.00,12.000000,12.000000,1000.00,cifi0007.DBF
BA6N,10BA6N,0,00,00,12,4,,,,6.00,12.000000,12.000000,1000.00,cifi0007.DBF
BA6N,10BA6N,0,00,00,12,5,,,0.00,8.00,12.000000,12.000000,1000.00,cifi0007.DBF
BA6N,10BA6N,0,00,00,12,6,,,,9.00,12.000000,12.000000,1000.00,cifi0007.DBF
BA6N,10BA6N,0,00,00,12,7,,,,11.00,12.000000,12.000000,1000.00,cifi0007.DBF
BA6N,10BA6N,0,00,00,12,8,,,,12.00,12.000000,12.000000,1000.00,cifi0007.DBF
BA6N,10BA6N,0,00,00,12,9,,,,14.00,12.000000,12.000000,1000.00,cifi0007.DBF
BA6N,10BA6N,0,00,00,12,10,,,,15.00,12.000000,12.000000,1000.00,cifi0007.DBF
BA6N,10BA6N,0,00,00,12,11,,,,17.00,12.000000,12.000000,1000.00,cifi0007.DBF
BA6N,10BA6N,0,00,00,12,12,,,,19.00,12.000000,19.000000,100.00,cifi0007.DBF
BA6N,10BA6N,0,00,00,12,13,,,,21.00,12.000000,12.000000,1000.00,cifi0007.DBF
BA6N,10BA6N,0,00,00,12,14,,,,24.00,12.000000,12.000000,1000.00,cifi0007.DBF
BA6N,10BA6N,0,00,00,12,15,,,,26.00,12.000000,12.000000,1000.00,cifi0007.DBF
BA6N,10BA6N,0,00,00,12,16,,,,29.00,12.000000,12.000000,1000.00,cifi0007.DBF
BA6N,10BA6N,0,00,00,12,17,,,,32.00,12.000000,12.000000,1000.00,cifi0007.DBF
BA6N,10BA6N,0,00,00,12,18,,,,35.00,12.000000,12.000000,1000.00,cifi0007.DBF
BA6N,10BA6N,0,00,00,12,19,,,,39.00,12.000000,12.000000,1000.00,cifi0007.DBF
BA6N,10BA6N,0,00,00,12,20,,,,43.00,12.000000,12.000000,1000.00,cifi0007.DBF
BA6N,10BA6N,0,00,00,12,21,,,,47.00,12.000000,12.000000,1000.00,cifi0007.DBF
BA6N,10BA6N,0,00,00,12,22,,,,52.00,12.000000,12.000000,1000.00,cifi0007.DBF
BA6N,10BA6N,0,00,00,12,23,,,,57.00,12.000000,12.000000,1000.00,cifi0007.DBF
BA6N,10BA6N,0,00,00,12,24,,,,62.00,12.000000,12.000000,1000.00,cifi0007.DBF
BA6N,10BA6N,0,00,00,12,25,,,,68.00,12.000000,12.000000,1000.00,cifi0007.DBF
BA6N,10BA6N,0,00,00,13,1,,,2.00,2.00,12.000000,12.000000,1000.00,cifi0007.DBF
BA6N,10BA6N,0,00,00,13,2,,,4.00,4.00,12.000000,12.000000,1000.00,cifi0007.DBF
BA6N,10BA6N,0,00,00,13,3,0.00,,5.00,5.00,12.000000,12.000000,1000.00,cifi0007.DBF
BA6N,10BA6N,0,00,00,13,4,,,7.00,7.00,12.000000,12.000000,1000.00,cifi0007.DBF
BA6N,10BA6N,0,00,00,13,5,,,8.00,8.00,12.000000,12.000000,1000.00,cifi0007.DBF
BA6N,10BA6N,0,00,00,13,6,,,10.00,10.00,12.000000,12.000000,1000.00,cifi0007.DBF
BA6N,10BA6N,0,00,00,13,7,,,11.00,11.00,12.000000,12.000000,1000.00,cifi0007.DBF
BA6N,10BA6N,0,00,00,13,8,,,13.00,13.00,12.000000,12.000000,1000.00,cifi0007.DBF
BA6N,10BA6N,0,00,00,13,9,,,14.00,14.00,12.000000,12.000000,1000.00,cifi0007.DBF
BA6N,10BA6N,0,00,00,13,10,,,16.00,16.00,12.000000,12.000000,1000.00,cifi0007.DBF
BA6N,10BA6N,0,00,00,13,11,,,18.00,18.00,12.000000,12.000000,1000.00,cifi0007.DBF
BA6N,10BA6N,0,00,00,13,12,,,20.00,20.00,12.000000,12.000000,1000.00,cifi0007.DBF
BA6N,10BA6N,0,00,00,13,13,,,23.00,23.00,12.000000,12.000000,1000.00,cifi0007.DBF
BA6N,10BA6N,0,00,00,13,14,,,25.00,25.00,12.000000,12.000000,1000.00,cifi0007.DBF
BA6N,10BA6N,0,00,00,13,15,,,28.00,28.00,12.000000,12.000000,1000.00,cifi0007.DBF
BA6N,10BA6N,0,00,00,13,16,,,31.00,31.00,12.000000,12.000000,1000.00,cifi0007.DBF
BA6N,10BA6N,0,00,00,13,17,,,34.00,34.00,12.000000,12.000000,1000.00,cifi0007.DBF
BA6N,10BA6N,0,00,00,13,18,,,38.00,38.00,12.000000,12.000000,1000.00,cifi0007.DBF
BA6N,10BA6N,0,00,00,13,19,,,42.00,42.00,12.000000,12.000000,1000.00,cifi0007.DBF
BA6N,10BA6N,0,00,00,13,20,,,46.00,46.00,12.000000,12.000000,1000.00,cifi0007.DBF
BA6N,10BA6N,0,00,00,13,21,,,51.00,51.00,12.000000,12.000000,1000.00,cifi0007.DBF
BA6N,10BA6N,0,00,00,13,22,,,56.00,56.00,12.000000,12.000000,1000.00,cifi0007.DBF
BA6N,10BA6N,0,00,00,13,23,,,61.00,61.00,12.000000,12.000000,1000.00,cifi0007.DBF
BA6N,10BA6N,0,00,00,13,24,,,67.00,67.00,12.000000,12.000000,1000.00,cifi0007.DBF
BA6N,10BA6N,0,00,00,13,25,,,74.00,74.00,12.000000,12.000000,1000.00,cifi0007.DBF
BA6N,10BA6N,0,00,00,14,1,,,2.00,2.00,12.000000,12.000000,1000.00,cifi0007.DBF
BA6N,10BA6N,0,00,00,14,2,,,4.00,4.00,12.000000,12.000000,1000.00,cifi0007.DBF
BA6N,10BA6N,0,00,00,14,3,,,5.00,5.00,12.000000,12.000000,1000.00,cifi0007.DBF
BA6N,10BA6N,0,00,00,14,4,,,7.00,7.00,12.000000,12.000000,1000.00,cifi0007.DBF
BA6N,10BA6N,0,00,00,14,5,,,9.00,9.00,12.000000,12.000000,1000.00,cifi0007.DBF
BA6N,10BA6N,0,00,00,14,6,,,10.00,10.00,12.000000,12.000000,1000.00,cifi0007.DBF
BA6N,10BA6N,0,00,00,14,7,,,12.00,12.00,12.000000,12.000000,1000.00,cifi0007.DBF
BA6N,10BA6N,0,00,00,14,8,,,13.00,13.00,12.000000,12.000000,1000.00,cifi0007.DBF
BA6N,10BA6N,0,00,00,14,9,,,15.00,15.00,12.000000,12.000000,1000.00,cifi0007.DBF
BA6N,10BA6N,0,00,00,14,10,,,17.00,17.00,12.000000,12.000000,1000.00,cifi0007.DBF
BA6N,10BA6N,0,00,00,14,11,,,19.00,19.00,12.000000,12.000000,1000.00,cifi0007.DBF
BA6N,10BA6N,0,00,00,14,12,,,21.00,21.00,12.000000,12.000000,1000.00,cifi0007.DBF
BA6N,10BA6N,0,00,00,14,13,,,,24.00,12.000000,12.000000,1000.00,cifi0007.DBF
BA6N,10BA6N,0,00,00,14,14,,,,27.00,12.000000,12.000000,1000.00,cifi0007.DBF
BA6N,10BA6N,0,00,00,14,15,,,,30.00,12.000000,12.000000,1000.00,cifi0007.DBF
BA6N,10BA6N,0,00,00,14,16,,,,33.00,12.000000,12.000000,1000.00,cifi0007.DBF
BA6N,10BA6N,0,00,00,14,17,,,,37.00,12.000000,12.000000,1000.00,cifi0007.DBF
BA6N,10BA6N,0,00,00,14,18,,,,41.00,12.000000,12.000000,1000.00,cifi0007.DBF
BA6N,10BA6N,0,00,00,14,19,,,0.00,45.00,12.000000,12.000000,1000.00,cifi0007.DBF
BA6N,10BA6N,0,00,00,14,20,,,,50.00,12.000000,12.000000,1000.00,cifi0007.DBF
BA6N,10BA6N,0,00,00,14,21,,,,55.00,12.000000,12.000000,1000.00,cifi0007.DBF
BA6N,10BA6N,0,00,00,14,22,,,60.00,60.00,12.000000,12.000000,1000.00,cifi0007.DBF
BA6N,10BA6N,0,00,00,14,23,,,,66.00,12.000000,12.000000,1000.00,cifi0007.DBF
BA6N,10BA6N,0,00,00,14,24,,,0.00,72.00,12.000000,12.000000,1000.00,cifi0007.DBF
BA6N,10BA6N,0,00,00,14,25,,,,79.00,12.000000,12.000000,1000.00,cifi0007.DBF
BA6N,10BA6N,0,00,00,15,1,,,2.00,2.00,12.000000,12.000000,1000.00,cifi0007.DBF
BA6N,10BA6N,0,00,00,15,2,,,4.00,4.00,12.000000,12.000000,1000.00,cifi0007.DBF
BA6N,10BA6N,0,00,00,15,3,,,6.00,6.00,12.000000,12.000000,1000.00,cifi0007.DBF
BA6N,10BA6N,0,00,00,15,4,,,7.00,7.00,12.000000,12.000000,1000.00,cifi0007.DBF
BA6N,10BA6N,0,00,00,15,5,,,9.00,9.00,12.000000,12.000000,1000.00,cifi0007.DBF
BA6N,10BA6N,0,00,00,15,6,,,11.00,11.00,12.000000,12.000000,1000.00,cifi0007.DBF
BA6N,10BA6N,0,00,00,15,7,,,12.00,12.00,12.000000,12.000000,1000.00,cifi0007.DBF
BA6N,10BA6N,0,00,00,15,8,,,14.00,14.00,12.000000,12.000000,1000.00,cifi0007.DBF
BA6N,10BA6N,0,00,00,15,9,,,16.00,16.00,12.000000,12.000000,1000.00,cifi0007.DBF
BA6N,10BA6N,0,00,00,15,10,,,18.00,18.00,12.000000,12.000000,1000.00,cifi0007.DBF
BA6N,10BA6N,0,00,00,15,11,,,20.00,20.00,12.000000,12.000000,1000.00,cifi0007.DBF
BA6N,10BA6N,0,00,00,15,12,,,23.00,23.00,12.000000,12.000000,1000.00,cifi0007.DBF
BA6N,10BA6N,0,00,00,15,13,,,26.00,26.00,12.000000,12.000000,1000.00,cifi0007.DBF
BA6N,10BA6N,0,00,00,15,14,,,29.00,29.00,12.000000,12.000000,1000.00,cifi0007.DBF
BA6N,10BA6N,0,00,00,15,15,,,32.00,32.00,12.000000,12.000000,1000.00,cifi0007.DBF
BA6N,10BA6N,0,00,00,15,16,,,36.00,36.00,12.000000,12.000000,1000.00,cifi0007.DBF
BA6N,10BA6N,0,00,00,15,17,,,40.00,40.00,12.000000,12.000000,1000.00,cifi0007.DBF
BA6N,10BA6N,0,00,00,15,18,,,44.00,44.00,12.000000,12.000000,1000.00,cifi0007.DBF
BA6N,10BA6N,0,00,00,15,19,,,49.00,49.00,12.000000,12.000000,1000.00,cifi0007.DBF
BA6N,10BA6N,0,00,00,15,20,,,54.00,54.00,12.000000,12.000000,1000.00,cifi0007.DBF
BA6N,10BA6N,0,00,00,15,21,,,59.00,59.00,12.000000,12.000000,1000.00,cifi0007.DBF
BA6N,10BA6N,0,00,00,15,22,0.00,,65.00,65.00,12.000000,12.000000,1000.00,cifi0007.DBF
BA6N,10BA6N,0,00,00,15,23,,,71.00,71.00,12.000000,12.000000,1000.00,cifi0007.DBF
BA6N,10BA6N,0,00,00,15,24,,,78.00,78.00,12.000000,12.000000,1000.00,cifi0007.DBF
BA6N,10BA6N,0,00,00,15,25,,,85.00,85.00,12.000000,12.000000,1000.00,cifi0007.DBF
BA6N,10BA6N,0,00,00,16,1,,,2.00,2.00,12.000000,12.000000,1000.00,cifi0007.DBF
BA6N,10BA6N,0,00,00,16,2,,,4.00,4.00,12.000000,12.000000,1000.00,cifi0007.DBF
BA6N,10BA6N,0,00,00,16,3,,,6.00,6.00,12.000000,12.000000,1000.00,cifi0007.DBF
BA6N,10BA6N,0,00,00,16,4,,,8.00,8.00,12.000000,12.000000,1000.00,cifi0007.DBF
BA6N,10BA6N,0,00,00,16,5,,,9.00,9.00,12.000000,12.000000,1000.00,cifi0007.DBF
BA6N,10BA6N,0,00,00,16,6,,,11.00,11.00,12.000000,12.000000,1000.00,cifi0007.DBF
BA6N,10BA6N,0,00,00,16,7,,,13.00,13.00,12.000000,12.000000,1000.00,cifi0007.DBF
BA6N,10BA6N,0,00,00,16,8,,,15.00,15.00,12.000000,12.000000,1000.00,cifi0007.DBF
BA6N,10BA6N,0,00,00,16,9,,,17.00,17.00,12.000000,12.000000,1000.00,cifi0007.DBF
BA6N,10BA6N,0,00,00,16,10,,,19.00,19.00,12.000000,12.000000,1000.00,cifi0007.DBF
BA6N,10BA6N,0,00,00,16,11,,,22.00,22.00,12.000000,12.000000,1000.00,cifi0007.DBF
BA6N,10BA6N,0,00,00,16,12,,,24.00,24.00,12.000000,12.000000,1000.00,cifi0007.DBF
BA6N,10BA6N,0,00,00,16,13,,,27.00,27.00,12.000000,12.000000,1000.00,cifi0007.DBF
BA6N,10BA6N,0,00,00,16,14,,,31.00,31.00,12.000000,12.000000,1000.00,cifi0007.DBF
BA6N,10BA6N,0,00,00,16,15,,,34.00,34.00,12.000000,12.000000,1000.00,cifi0007.DBF
BA6N,10BA6N,0,00,00,16,16,,,38.00,38.00,12.000000,12.000000,1000.00,cifi0007.DBF
BA6N,10BA6N,0,00,00,16,17,,,43.00,43.00,12.000000,12.000000,1000.00,cifi0007.DBF
BA6N,10BA6N,0,00,00,16,18,,,47.00,47.00,12.000000,12.000000,1000.00,cifi0007.DBF
BA6N,10BA6N,0,00,00,16,19,,,53.00,53.00,12.000000,12.000000,1000.00,cifi0007.DBF
BA6N,10BA6N,0,00,00,16,20,,,58.00,58.00,12.000000,12.000000,1000.00,cifi0007.DBF
BA6N,10BA6N,0,00,00,16,21,,,64.00,64.00,12.000000,12.000000,1000.00,cifi0007.DBF
BA6N,10BA6N,0,00,00,16,22,,,70.00,70.00,12.000000,12.000000,1000.00,cifi0007.DBF
BA6N,10BA6N,0,00,00,16,23,,,77.00,77.00,12.000000,12.000000,1000.00,cifi0007.DBF
BA6N,10BA6N,0,00,00,16,24,,,84.00,84.00,12.000000,12.000000,1000.00,cifi0007.DBF
BA6N,10BA6N,0,00,00,16,25,,,91.00,91.00,12.000000,12.000000,1000.00,cifi0007.DBF
BA6N,10BA6N,0,00,00,17,1,,,,2.00,12.000000,12.000000,1000.00,cifi0007.DBF
BA6N,10BA6N,0,00,00,17,2,,,,4.00,12.000000,12.000000,1000.00,cifi0007.DBF
BA6N,10BA6N,0,00,00,17,3,,,,6.00,12.000000,12.000000,1000.00,cifi0007.DBF
BA6N,10BA6N,0,00,00,17,4,,,,8.00,12.000000,12.000000,1000.00,cifi0007.DBF
BA6N,10BA6N,0,00,00,17,5,,,,10.00,12.000000,12.000000,1000.00,cifi0007.DBF
BA6N,10BA6N,0,00,00,17,6,,,,12.00,12.000000,12.000000,1000.00,cifi0007.DBF
BA6N,10BA6N,0,00,00,17,7,,,,14.00,12.000000,12.000000,1000.00,cifi0007.DBF
BA6N,10BA6N,0,00,00,17,8,,,,16.00,12.000000,12.000000,1000.00,cifi0007.DBF
BA6N,10BA6N,0,00,00,17,9,,,,18.00,12.000000,12.000000,1000.00,cifi0007.DBF
BA6N,10BA6N,0,00,00,17,10,,,,21.00,12.000000,12.000000,1000.00,cifi0007.DBF
BA6N,10BA6N,0,00,00,17,11,,,,23.00,12.000000,12.000000,1000.00,cifi0007.DBF
BA6N,10BA6N,0,00,00,17,12,,,,26.00,12.000000,12.000000,1000.00,cifi0007.DBF
BA6N,10BA6N,0,00,00,17,13,,,,30.00,12.000000,12.000000,1000.00,cifi0007.DBF
BA6N,10BA6N,0,00,00,17,20,,,,63.00,12.000000,63.000000,1000.00,cifi0007.DBF
BA6N,10BA6N,0,00,00,18,1,,,,2.00,12.000000,12.000000,1000.00,cifi0007.DBF
BA6N,10BA6N,0,00,00,18,2,,,,4.00,12.000000,12.000000,1000.00,cifi0007.DBF
BA6N,10BA6N,0,00,00,18,3,,,,6.00,12.000000,12.000000,1000.00,cifi0007.DBF
BA6N,10BA6N,0,00,00,18,4,,,,9.00,12.000000,12.000000,1000.00,cifi0007.DBF
BA6N,10BA6N,0,00,00,18,5,,,,11.00,12.000000,12.000000,1000.00,cifi0007.DBF
BA6N,10BA6N,0,00,00,18,6,,,,13.00,12.000000,12.000000,1000.00,cifi0007.DBF
BA6N,10BA6N,0,00,00,18,7,,,,15.00,12.000000,12.000000,1000.00,cifi0007.DBF
BA6N,10BA6N,0,00,00,18,8,,,,17.00,12.000000,12.000000,1000.00,cifi0007.DBF
BA6N,10BA6N,0,00,00,18,9,,,,19.00,12.000000,12.000000,1000.00,cifi0007.DBF
BA6N,10BA6N,0,00,00,18,10,,,,22.00,12.000000,12.000000,1000.00,cifi0007.DBF
BA6N,10BA6N,0,00,00,18,11,,,,25.00,12.000000,12.000000,1000.00,cifi0007.DBF
BA6N,10BA6N,0,00,00,18,12,,,,28.00,12.000000,12.000000,1000.00,cifi0007.DBF
BA6N,10BA6N,0,00,00,18,13,,,,32.00,12.000000,12.000000,1000.00,cifi0007.DBF
BA6N,10BA6N,0,00,00,18,14,,,,36.00,12.000000,12.000000,1000.00,cifi0007.DBF
BA6N,10BA6N,0,00,00,18,15,,,,40.00,12.000000,12.000000,1000.00,cifi0007.DBF
BA6N,10BA6N,0,00,00,18,16,,,,45.00,12.000000,12.000000,1000.00,cifi0007.DBF
BA6N,10BA6N,0,00,00,18,17,,,,46.00,12.000000,12.000000,1000.00,cifi0007.DBF
BA6N,10BA6N,0,00,00,18,18,,,,56.00,12.000000,12.000000,1000.00,cifi0007.DBF
BA6N,10BA6N,0,00,00,18,19,,,,62.00,12.000000,12.000000,1000.00,cifi0007.DBF
BA6N,10BA6N,0,00,00,18,20,,,,68.00,12.000000,12.000000,1000.00,cifi0007.DBF
BA6N,10BA6N,0,00,00,18,21,,,,74.00,12.000000,12.000000,1000.00,cifi0007.DBF
BA6N,10BA6N,0,00,00,18,22,,,,81.00,12.000000,12.000000,1000.00,cifi0007.DBF
BA6N,10BA6N,0,00,00,18,23,,,,89.00,12.000000,12.000000,1000.00,cifi0007.DBF
BA6N,10BA6N,0,00,00,18,24,,,,97.00,12.000000,12.000000,1000.00,cifi0007.DBF
BA6N,10BA6N,0,00,00,18,25,,,,105.00,12.000000,12.000000,1000.00,cifi0007.DBF
BA6N,10BA6N,0,00,00,19,1,,,,2.00,12.000000,12.000000,1000.00,cifi0007.DBF
BA6N,10BA6N,0,00,00,19,2,,,,5.00,12.000000,12.000000,1000.00,cifi0007.DBF
BA6N,10BA6N,0,00,00,19,3,,,,7.00,12.000000,12.000000,1000.00,cifi0007.DBF
BA6N,10BA6N,0,00,00,19,4,,,,9.00,12.000000,12.000000,1000.00,cifi0007.DBF
BA6N,10BA6N,0,00,00,19,5,,,,11.00,12.000000,12.000000,1000.00,cifi0007.DBF
BA6N,10BA6N,0,00,00,19,6,,,,14.00,12.000000,12.000000,1000.00,cifi0007.DBF
BA6N,10BA6N,0,00,00,19,7,,,,16.00,12.000000,12.000000,1000.00,cifi0007.DBF
BA6N,10BA6N,0,00,00,19,8,,,,18.00,12.000000,12.000000,1000.00,cifi0007.DBF
BA6N,10BA6N,0,00,00,19,9,,,,21.00,12.000000,12.000000,1000.00,cifi0007.DBF
BA6N,10BA6N,0,00,00,19,10,,,,24.00,12.000000,12.000000,1000.00,cifi0007.DBF
BA6N,10BA6N,0,00,00,19,11,,,0.00,27.00,12.000000,12.000000,1000.00,cifi0007.DBF
BA6N,10BA6N,0,00,00,19,12,,,,31.00,12.000000,12.000000,1000.00,cifi0007.DBF
BA6N,10BA6N,0,00,00,19,13,,,,35.00,12.000000,12.000000,1000.00,cifi0007.DBF
BA6N,10BA6N,0,00,00,19,14,,,,39.00,12.000000,12.000000,1000.00,cifi0007.DBF
BA6N,10BA6N,0,00,00,19,15,,,,44.00,12.000000,12.000000,1000.00,cifi0007.DBF
BA6N,10BA6N,0,00,00,19,16,,,,49.00,12.000000,12.000000,1000.00,cifi0007.DBF
BA6N,10BA6N,0,00,00,19,17,,,,54.00,12.000000,12.000000,1000.00,cifi0007.DBF
BA6N,10BA6N,0,00,00,19,18,,,,60.00,12.000000,12.000000,1000.00,cifi0007.DBF
BA6N,10BA6N,0,00,00,19,19,,,,67.00,12.000000,12.000000,1000.00,cifi0007.DBF
BA6N,10BA6N,0,00,00,19,20,,,,73.00,12.000000,12.000000,1000.00,cifi0007.DBF
BA6N,10BA6N,0,00,00,19,21,,,,80.00,12.000000,12.000000,1000.00,cifi0007.DBF
BA6N,10BA6N,0,00,00,19,22,,,,88.00,12.000000,12.000000,1000.00,cifi0007.DBF
BA6N,10BA6N,0,00,00,19,23,,,,95.00,12.000000,12.000000,1000.00,cifi0007.DBF
BA6N,10BA6N,0,00,00,19,24,,,,104.00,12.000000,12.000000,1000.00,cifi0007.DBF
BA6N,10BA6N,0,00,00,19,25,,,,112.00,12.000000,12.000000,1000.00,cifi0007.DBF
BA6N,10BA6N,0,00,00,21,1,,,2.00,2.00,12.000000,12.000000,1000.00,cifi0007.DBF
BA6N,10BA6N,0,00,00,21,2,,,5.00,5.00,12.000000,12.000000,1000.00,cifi0007.DBF
BA6N,10BA6N,0,00,00,21,3,,,8.00,8.00,12.000000,12.000000,1000.00,cifi0007.DBF
BA6N,10BA6N,0,00,00,21,4,,,11.00,11.00,12.000000,12.000000,1000.00,cifi0007.DBF
BA6N,10BA6N,0,00,00,21,5,,,13.00,13.00,12.000000,12.000000,1000.00,cifi0007.DBF
BA6N,10BA6N,0,00,00,21,6,,,16.00,16.00,12.000000,12.000000,1000.00,cifi0007.DBF
BA6N,10BA6N,0,00,00,21,7,,,18.00,18.00,12.000000,12.000000,1000.00,cifi0007.DBF
BA6N,10BA6N,0,00,00,21,8,,,21.00,21.00,12.000000,12.000000,1000.00,cifi0007.DBF
BA6N,10BA6N,0,00,00,21,9,,,25.00,25.00,12.000000,12.000000,1000.00,cifi0007.DBF
BA6N,10BA6N,0,00,00,21,10,,,28.00,28.00,12.000000,12.000000,1000.00,cifi0007.DBF
BA6N,10BA6N,0,00,00,21,11,,,32.00,32.00,12.000000,12.000000,1000.00,cifi0007.DBF
BA6N,10BA6N,0,00,00,21,12,,,37.00,37.00,12.000000,12.000000,1000.00,cifi0007.DBF
BA6N,10BA6N,0,00,00,21,13,,,41.00,41.00,12.000000,12.000000,1000.00,cifi0007.DBF
BA6N,10BA6N,0,00,00,21,14,,,46.00,46.00,12.000000,12.000000,1000.00,cifi0007.DBF
BA6N,10BA6N,0,00,00,21,15,,,52.00,52.00,12.000000,12.000000,1000.00,cifi0007.DBF
BA6N,10BA6N,0,00,00,21,16,,,58.00,58.00,12.000000,12.000000,1000.00,cifi0007.DBF
BA6N,10BA6N,0,00,00,21,17,,,64.00,64.00,12.000000,12.000000,1000.00,cifi0007.DBF
BA6N,10BA6N,0,00,00,21,18,,,70.00,70.00,12.000000,12.000000,1000.00,cifi0007.DBF
BA6N,10BA6N,0,00,00,21,19,,,77.00,77.00,10.000000,10.000000,1000.00,cifi0007.DBF
BA6N,10BA6N,0,00,00,21,20,,,85.00,85.00,12.000000,12.000000,1000.00,cifi0007.DBF
BA6N,10BA6N,0,00,00,21,21,,,93.00,93.00,12.000000,12.000000,1000.00,cifi0007.DBF
BA6N,10BA6N,0,00,00,21,22,,,101.00,101.00,12.000000,12.000000,1000.00,cifi0007.DBF
BA6N,10BA6N,0,00,00,21,23,,,110.00,110.00,12.000000,12.000000,1000.00,cifi0007.DBF
BA6N,10BA6N,0,00,00,21,24,,,119.00,119.00,12.000000,12.000000,1000.00,cifi0007.DBF
BA6N,10BA6N,0,00,00,21,25,,,129.00,129.00,12.000000,12.000000,1000.00,cifi0007.DBF
BA6N,10BA6N,0,00,00,22,1,,,2.00,2.00,12.000000,12.000000,1000.00,cifi0007.DBF
BA6N,10BA6N,0,00,00,22,2,,,6.00,6.00,12.000000,12.000000,1000.00,cifi0007.DBF
BA6N,10BA6N,0,00,00,22,3,,,8.00,8.00,12.000000,12.000000,1000.00,cifi0007.DBF
BA6N,10BA6N,0,00,00,22,4,,,11.00,11.00,12.000000,12.000000,1000.00,cifi0007.DBF
BA6N,10BA6N,0,00,00,22,5,,,14.00,14.00,12.000000,12.000000,1000.00,cifi0007.DBF
BA6N,10BA6N,0,00,00,22,6,,,17.00,17.00,12.000000,12.000000,1000.00,cifi0007.DBF
BA6N,10BA6N,0,00,00,22,7,,,20.00,20.00,12.000000,12.000000,1000.00,cifi0007.DBF
BA6N,10BA6N,0,00,00,22,8,,,23.00,23.00,12.000000,12.000000,1000.00,cifi0007.DBF
BA6N,10BA6N,0,00,00,22,9,,,27.00,27.00,12.000000,12.000000,1000.00,cifi0007.DBF
BA6N,10BA6N,0,00,00,22,10,,,31.00,31.00,12.000000,12.000000,1000.00,cifi0007.DBF
BA6N,10BA6N,0,00,00,22,11,,,35.00,35.00,12.000000,12.000000,1000.00,cifi0007.DBF
BA6N,10BA6N,0,00,00,22,12,,,40.00,40.00,12.000000,12.000000,1000.00,cifi0007.DBF
BA6N,10BA6N,0,00,00,22,13,,,45.00,45.00,12.000000,12.000000,1000.00,cifi0007.DBF
BA6N,10BA6N,0,00,00,22,14,,,50.00,50.00,12.000000,12.000000,1000.00,cifi0007.DBF
BA6N,10BA6N,0,00,00,22,15,,,56.00,56.00,12.000000,12.000000,1000.00,cifi0007.DBF
BA6N,10BA6N,0,00,00,22,16,,,62.00,62.00,12.000000,12.000000,1000.00,cifi0007.DBF
BA6N,10BA6N,0,00,00,22,17,,,69.00,69.00,12.000000,12.000000,1000.00,cifi0007.DBF
BA6N,10BA6N,0,00,00,22,18,,,76.00,76.00,12.000000,12.000000,1000.00,cifi0007.DBF
BA6N,10BA6N,0,00,00,22,19,,,83.00,83.00,12.000000,12.000000,1000.00,cifi0007.DBF
BA6N,10BA6N,0,00,00,22,20,,,91.00,91.00,12.000000,12.000000,1000.00,cifi0007.DBF
BA6N,10BA6N,0,00,00,22,21,,,100.00,100.00,12.000000,12.000000,1000.00,cifi0007.DBF
BA6N,10BA6N,0,00,00,22,22,,0,108.00,108.00,12.000000,12.000000,1000.00,cifi0007.DBF
BA6N,10BA6N,0,00,00,22,23,,,117.00,117.00,12.000000,12.000000,1000.00,cifi0007.DBF
BA6N,10BA6N,0,00,00,22,24,,,127.00,127.00,12.000000,12.000000,1000.00,cifi0007.DBF
BA6N,10BA6N,0,00,00,22,25,0.00,0,137.00,137.00,12.000000,12.000000,1000.00,cifi0007.DBF
BA6N,10BA6N,0,00,00,23,1,,,3.00,3.00,12.000000,12.000000,1000.00,cifi0007.DBF
BA6N,10BA6N,0,00,00,23,2,,,6.00,6.00,12.000000,12.000000,1000.00,cifi0007.DBF
BA6N,10BA6N,0,00,00,23,3,,,9.00,9.00,12.000000,12.000000,1000.00,cifi0007.DBF
BA6N,10BA6N,0,00,00,23,4,,,12.00,12.00,12.000000,12.000000,1000.00,cifi0007.DBF
BA6N,10BA6N,0,00,00,23,5,,,16.00,16.00,12.000000,12.000000,1000.00,cifi0007.DBF
BA6N,10BA6N,0,00,00,23,6,,,19.00,19.00,12.000000,12.000000,1000.00,cifi0007.DBF
BA6N,10BA6N,0,00,00,23,7,,,22.00,22.00,12.000000,12.000000,1000.00,cifi0007.DBF
BA6N,10BA6N,0,00,00,23,8,,,25.00,25.00,12.000000,12.000000,1000.00,cifi0007.DBF
BA6N,10BA6N,0,00,00,23,9,,,29.00,29.00,12.000000,12.000000,1000.00,cifi0007.DBF
BA6N,10BA6N,0,00,00,23,10,,,34.00,34.00,12.000000,12.000000,1000.00,cifi0007.DBF
BA6N,10BA6N,0,00,00,23,11,,,38.00,38.00,12.000000,12.000000,1000.00,cifi0007.DBF
BA6N,10BA6N,0,00,00,23,12,,,43.00,43.00,12.000000,12.000000,1000.00,cifi0007.DBF
BA6N,10BA6N,0,00,00,23,13,,,49.00,49.00,12.000000,12.000000,1000.00,cifi0007.DBF
BA6N,10BA6N,0,00,00,23,14,,,55.00,55.00,12.000000,12.000000,1000.00,cifi0007.DBF
BA6N,10BA6N,0,00,00,23,15,,,61.00,61.00,12.000000,12.000000,1000.00,cifi0007.DBF
BA6N,10BA6N,0,00,00,23,16,,,62.00,62.00,12.000000,12.000000,1000.00,cifi0007.DBF
BA6N,10BA6N,0,00,00,23,17,,,74.00,74.00,12.000000,12.000000,1000.00,cifi0007.DBF
BA6N,10BA6N,0,00,00,23,18,,,82.00,82.00,12.000000,12.000000,1000.00,cifi0007.DBF
BA6N,10BA6N,0,00,00,23,19,,,90.00,90.00,12.000000,12.000000,1000.00,cifi0007.DBF
BA6N,10BA6N,0,00,00,23,20,,,98.00,98.00,12.000000,12.000000,1000.00,cifi0007.DBF
BA6N,10BA6N,0,00,00,23,21,,,107.00,107.00,12.000000,12.000000,1000.00,cifi0007.DBF
BA6N,10BA6N,0,00,00,23,22,,,116.00,116.00,12.000000,12.000000,1000.00,cifi0007.DBF
BA6N,10BA6N,0,00,00,23,23,,,126.00,126.00,12.000000,12.000000,1000.00,cifi0007.DBF
BA6N,10BA6N,0,00,00,23,24,,,136.00,136.00,12.000000,12.000000,1000.00,cifi0007.DBF
BA6N,10BA6N,0,00,00,23,25,,,146.00,146.00,12.000000,12.000000,1000.00,cifi0007.DBF
BA6N,10BA6N,0,00,00,24,1,,,3.00,3.00,12.000000,12.000000,1000.00,cifi0007.DBF
BA6N,10BA6N,0,00,00,24,2,,,7.00,7.00,12.000000,12.000000,1000.00,cifi0007.DBF
BA6N,10BA6N,0,00,00,24,3,,,10.00,10.00,12.000000,12.000000,1000.00,cifi0007.DBF
BA6N,10BA6N,0,00,00,24,4,,,13.00,13.00,12.000000,12.000000,1000.00,cifi0007.DBF
BA6N,10BA6N,0,00,00,24,5,,,17.00,17.00,12.000000,12.000000,1000.00,cifi0007.DBF
BA6N,10BA6N,0,00,00,24,6,,,20.00,20.00,12.000000,12.000000,1000.00,cifi0007.DBF
BA6N,10BA6N,0,00,00,24,7,,,24.00,24.00,12.000000,12.000000,1000.00,cifi0007.DBF
BA6N,10BA6N,0,00,00,24,8,,,28.00,28.00,12.000000,12.000000,1000.00,cifi0007.DBF
BA6N,10BA6N,0,00,00,24,9,,,32.00,32.00,12.000000,12.000000,1000.00,cifi0007.DBF
BA6N,10BA6N,0,00,00,24,10,,,37.00,37.00,12.000000,12.000000,1000.00,cifi0007.DBF
BA6N,10BA6N,0,00,00,24,11,,,42.00,42.00,12.000000,12.000000,1000.00,cifi0007.DBF
BA6N,10BA6N,0,00,00,24,12,,,47.00,47.00,12.000000,12.000000,1000.00,cifi0007.DBF
BA6N,10BA6N,0,00,00,24,13,,,53.00,53.00,12.000000,12.000000,1000.00,cifi0007.DBF
BA6N,10BA6N,0,00,00,24,14,,,59.00,59.00,12.000000,12.000000,1000.00,cifi0007.DBF
BA6N,10BA6N,0,00,00,24,15,,,66.00,66.00,12.000000,12.000000,1000.00,cifi0007.DBF
BA6N,10BA6N,0,00,00,24,16,,,73.00,73.00,12.000000,12.000000,1000.00,cifi0007.DBF
BA6N,10BA6N,0,00,00,24,17,,,80.00,80.00,12.000000,12.000000,1000.00,cifi0007.DBF
BA6N,10BA6N,0,00,00,24,18,,,88.00,88.00,12.000000,12.000000,1000.00,cifi0007.DBF
BA6N,10BA6N,0,00,00,24,19,,,96.00,96.00,12.000000,12.000000,1000.00,cifi0007.DBF
BA6N,10BA6N,0,00,00,24,20,,,105.00,105.00,12.000000,12.000000,1000.00,cifi0007.DBF
BA6N,10BA6N,0,00,00,24,21,,,114.00,114.00,12.000000,12.000000,1000.00,cifi0007.DBF
BA6N,10BA6N,0,00,00,24,22,,,124.00,124.00,12.000000,12.000000,1000.00,cifi0007.DBF
BA6N,10BA6N,0,00,00,24,23,,,134.00,134.00,12.000000,12.000000,1000.00,cifi0007.DBF
BA6N,10BA6N,0,00,00,24,24,,,144.00,144.00,12.000000,12.000000,1000.00,cifi0007.DBF
BA6N,10BA6N,0,00,00,24,25,,,155.00,155.00,12.000000,12.000000,1000.00,cifi0007.DBF
BA6N,10BA6N,0,00,00,25,1,,,3.00,3.00,16.000000,16.000000,1000.00,cifi0007.DBF
BA6N,10BA6N,0,00,00,25,2,,,7.00,7.00,16.000000,16.000000,1000.00,cifi0007.DBF
BA6N,10BA6N,0,00,00,25,3,,,11.00,11.00,16.000000,16.000000,1000.00,cifi0007.DBF
BA6N,10BA6N,0,00,00,25,4,,,14.00,14.00,16.000000,16.000000,1000.00,cifi0007.DBF
BA6N,10BA6N,0,00,00,25,5,,,18.00,18.00,16.000000,16.000000,1000.00,cifi0007.DBF
BA6N,10BA6N,0,00,00,25,6,,,22.00,22.00,16.000000,16.000000,1000.00,cifi0007.DBF
BA6N,10BA6N,0,00,00,25,7,,,26.00,26.00,16.000000,16.000000,1000.00,cifi0007.DBF
BA6N,10BA6N,0,00,00,25,8,,,30.00,30.00,16.000000,16.000000,1000.00,cifi0007.DBF
BA6N,10BA6N,0,00,00,25,9,,,35.00,35.00,16.000000,16.000000,1000.00,cifi0007.DBF
BA6N,10BA6N,0,00,00,25,10,,,40.00,40.00,16.000000,16.000000,1000.00,cifi0007.DBF
BA6N,10BA6N,0,00,00,25,11,,,45.00,45.00,16.000000,16.000000,1000.00,cifi0007.DBF
BA6N,10BA6N,0,00,00,25,12,,,51.00,51.00,16.000000,16.000000,1000.00,cifi0007.DBF
BA6N,10BA6N,0,00,00,25,13,,,57.00,57.00,16.000000,16.000000,1000.00,cifi0007.DBF
BA6N,10BA6N,0,00,00,25,14,,,64.00,64.00,16.000000,16.000000,1000.00,cifi0007.DBF
BA6N,10BA6N,0,00,00,25,15,,,71.00,71.00,16.000000,16.000000,1000.00,cifi0007.DBF
BA6N,10BA6N,0,00,00,25,16,,,78.00,78.00,16.000000,16.000000,1000.00,cifi0007.DBF
BA6N,10BA6N,0,00,00,25,17,,,86.00,86.00,16.000000,16.000000,1000.00,cifi0007.DBF
BA6N,10BA6N,0,00,00,25,18,,,94.00,94.00,16.000000,16.000000,1000.00,cifi0007.DBF
BA6N,10BA6N,0,00,00,25,19,,,103.00,103.00,16.000000,16.000000,1000.00,cifi0007.DBF
BA6N,10BA6N,0,00,00,25,20,,,112.00,112.00,16.000000,16.000000,1000.00,cifi0007.DBF
BA6N,10BA6N,0,00,00,25,21,,,122.00,122.00,16.000000,16.000000,1000.00,cifi0007.DBF
BA6N,10BA6N,0,00,00,25,22,,,132.00,132.00,16.000000,16.000000,1000.00,cifi0007.DBF
BA6N,10BA6N,0,00,00,25,23,,,143.00,143.00,16.000000,16.000000,1000.00,cifi0007.DBF
BA6N,10BA6N,0,00,00,25,24,,,154.00,154.00,16.000000,16.000000,1000.00,cifi0007.DBF
BA6N,10BA6N,0,00,00,25,25,,,165.00,165.00,16.000000,16.000000,1000.00,cifi0007.DBF
BA6N,10BA6N,0,00,00,26,1,,,3.00,3.00,16.000000,16.000000,1000.00,cifi0007.DBF
BA6N,10BA6N,0,00,00,26,2,,,8.00,8.00,16.000000,16.000000,1000.00,cifi0007.DBF
BA6N,10BA6N,0,00,00,26,3,,,12.00,12.00,16.000000,16.000000,1000.00,cifi0007.DBF
BA6N,10BA6N,0,00,00,26,4,,,16.00,16.00,16.000000,16.000000,1000.00,cifi0007.DBF
BA6N,10BA6N,0,00,00,26,5,,,20.00,20.00,16.000000,16.000000,1000.00,cifi0007.DBF
BA6N,10BA6N,0,00,00,26,6,,,24.00,24.00,16.000000,16.000000,1000.00,cifi0007.DBF
BA6N,10BA6N,0,00,00,26,7,,,28.00,28.00,16.000000,16.000000,1000.00,cifi0007.DBF
BA6N,10BA6N,0,00,00,26,8,,,33.00,33.00,16.000000,16.000000,1000.00,cifi0007.DBF
BA6N,10BA6N,0,00,00,26,9,,,38.00,38.00,16.000000,16.000000,1000.00,cifi0007.DBF
BA6N,10BA6N,0,00,00,26,10,,,43.00,43.00,16.000000,16.000000,1000.00,cifi0007.DBF
BA6N,10BA6N,0,00,00,26,11,,,49.00,49.00,16.000000,16.000000,1000.00,cifi0007.DBF
BA6N,10BA6N,0,00,00,26,12,,,55.00,55.00,16.000000,16.000000,1000.00,cifi0007.DBF
BA6N,10BA6N,0,00,00,26,13,,,62.00,62.00,16.000000,16.000000,1000.00,cifi0007.DBF
BA6N,10BA6N,0,00,00,26,14,,,69.00,69.00,16.000000,16.000000,1000.00,cifi0007.DBF
BA6N,10BA6N,0,00,00,26,15,,,76.00,76.00,16.000000,16.000000,1000.00,cifi0007.DBF
BA6N,10BA6N,0,00,00,26,16,,,84.00,84.00,16.000000,16.000000,1000.00,cifi0007.DBF
BA6N,10BA6N,0,00,00,26,17,,,92.00,92.00,16.000000,16.000000,1000.00,cifi0007.DBF
BA6N,10BA6N,0,00,00,26,18,,,101.00,101.00,16.000000,16.000000,1000.00,cifi0007.DBF
BA6N,10BA6N,0,00,00,26,19,,,110.00,110.00,16.000000,16.000000,1000.00,cifi0007.DBF
BA6N,10BA6N,0,00,00,26,20,,,120.00,120.00,16.000000,16.000000,1000.00,cifi0007.DBF
BA6N,10BA6N,0,00,00,26,21,,,130.00,130.00,16.000000,16.000000,1000.00,cifi0007.DBF
BA6N,10BA6N,0,00,00,26,22,,,140.00,140.00,16.000000,16.000000,1000.00,cifi0007.DBF
BA6N,10BA6N,0,00,00,26,23,,,152.00,152.00,16.000000,16.000000,1000.00,cifi0007.DBF
BA6N,10BA6N,0,00,00,26,24,,,163.00,163.00,16.000000,16.000000,1000.00,cifi0007.DBF
BA6N,10BA6N,0,00,00,26,25,,,175.00,175.00,16.000000,16.000000,1000.00,cifi0007.DBF
BA6N,10BA6N,0,00,00,27,1,,,,3.00,16.000000,16.000000,1000.00,cifi0007.DBF
BA6N,10BA6N,0,00,00,27,2,,,8.00,8.00,16.000000,16.000000,1000.00,cifi0007.DBF
BA6N,10BA6N,0,00,00,27,3,,,13.00,13.00,16.000000,16.000000,1000.00,cifi0007.DBF
BA6N,10BA6N,0,00,00,27,4,,,17.00,17.00,16.000000,16.000000,1000.00,cifi0007.DBF
BA6N,10BA6N,0,00,00,27,5,,,22.00,22.00,16.000000,16.000000,1000.00,cifi0007.DBF
BA6N,10BA6N,0,00,00,27,6,,,26.00,26.00,16.000000,16.000000,1000.00,cifi0007.DBF
BA6N,10BA6N,0,00,00,27,7,,,31.00,31.00,16.000000,16.000000,1000.00,cifi0007.DBF
BA6N,10BA6N,0,00,00,27,8,,,36.00,36.00,16.000000,16.000000,1000.00,cifi0007.DBF
BA6N,10BA6N,0,00,00,27,9,,,41.00,41.00,16.000000,16.000000,1000.00,cifi0007.DBF
BA6N,10BA6N,0,00,00,27,10,,,47.00,47.00,16.000000,16.000000,1000.00,cifi0007.DBF
BA6N,10BA6N,0,00,00,27,11,,,53.00,53.00,16.000000,16.000000,1000.00,cifi0007.DBF
BA6N,10BA6N,0,00,00,27,12,,,60.00,60.00,16.000000,16.000000,1000.00,cifi0007.DBF
BA6N,10BA6N,0,00,00,27,13,,,67.00,67.00,16.000000,16.000000,1000.00,cifi0007.DBF
BA6N,10BA6N,0,00,00,27,14,,,74.00,74.00,16.000000,16.000000,1000.00,cifi0007.DBF
BA6N,10BA6N,0,00,00,27,15,,,82.00,82.00,16.000000,16.000000,1000.00,cifi0007.DBF
BA6N,10BA6N,0,00,00,27,16,,,90.00,90.00,16.000000,16.000000,1000.00,cifi0007.DBF
BA6N,10BA6N,0,00,00,27,17,,,99.00,99.00,16.000000,16.000000,1000.00,cifi0007.DBF
BA6N,10BA6N,0,00,00,27,18,,,108.00,108.00,16.000000,16.000000,1000.00,cifi0007.DBF
BA6N,10BA6N,0,00,00,27,19,,,118.00,118.00,16.000000,16.000000,1000.00,cifi0007.DBF
BA6N,10BA6N,0,00,00,27,20,,0,128.00,128.00,16.000000,16.000000,1000.00,cifi0007.DBF
BA6N,10BA6N,0,00,00,27,21,,,138.00,138.00,16.000000,16.000000,1000.00,cifi0007.DBF
BA6N,10BA6N,0,00,00,27,22,,,149.00,149.00,16.000000,16.000000,1000.00,cifi0007.DBF
BA6N,10BA6N,0,00,00,27,23,,,161.00,161.00,16.000000,16.000000,1000.00,cifi0007.DBF
BA6N,10BA6N,0,00,00,27,24,,,173.00,173.00,16.000000,16.000000,1000.00,cifi0007.DBF
BA6N,10BA6N,0,00,00,27,25,,,185.00,185.00,16.000000,16.000000,1000.00,cifi0007.DBF
BA6N,10BA6N,0,00,00,29,1,,,4.00,4.00,16.000000,16.000000,1000.00,cifi0007.DBF
BA6N,10BA6N,0,00,00,29,2,,,10.00,10.00,16.000000,16.000000,1000.00,cifi0007.DBF
BA6N,10BA6N,0,00,00,29,3,,,15.00,15.00,16.000000,16.000000,1000.00,cifi0007.DBF
BA6N,10BA6N,0,00,00,29,4,,,20.00,20.00,16.000000,16.000000,1000.00,cifi0007.DBF
BA6N,10BA6N,0,00,00,29,5,,,26.00,26.00,16.000000,16.000000,1000.00,cifi0007.DBF
BA6N,10BA6N,0,00,00,29,6,,,31.00,31.00,16.000000,16.000000,1000.00,cifi0007.DBF
BA6N,10BA6N,0,00,00,29,7,,,36.00,36.00,16.000000,16.000000,1000.00,cifi0007.DBF
BA6N,10BA6N,0,00,00,29,8,,,42.00,42.00,16.000000,16.000000,1000.00,cifi0007.DBF
BA6N,10BA6N,0,00,00,29,9,,,48.00,48.00,16.000000,16.000000,1000.00,cifi0007.DBF
BA6N,10BA6N,0,00,00,29,10,,,54.00,54.00,16.000000,16.000000,1000.00,cifi0007.DBF
BA6N,10BA6N,0,00,00,29,11,,,61.00,61.00,16.000000,16.000000,1000.00,cifi0007.DBF
BA6N,10BA6N,0,00,00,29,12,,,69.00,69.00,16.000000,16.000000,1000.00,cifi0007.DBF
BA6N,10BA6N,0,00,00,29,13,,,77.00,77.00,16.000000,16.000000,1000.00,cifi0007.DBF
BA6N,10BA6N,0,00,00,29,14,,,85.00,85.00,16.000000,16.000000,1000.00,cifi0007.DBF
BA6N,10BA6N,0,00,00,29,15,,,94.00,94.00,16.000000,16.000000,1000.00,cifi0007.DBF
BA6N,10BA6N,0,00,00,29,16,,,103.00,103.00,16.000000,16.000000,1000.00,cifi0007.DBF
BA6N,10BA6N,0,00,00,29,17,,,112.00,112.00,16.000000,16.000000,1000.00,cifi0007.DBF
BA6N,10BA6N,0,00,00,29,18,,,122.00,122.00,16.000000,16.000000,1000.00,cifi0007.DBF
BA6N,10BA6N,0,00,00,29,19,,,133.00,133.00,16.000000,16.000000,1000.00,cifi0007.DBF
BA6N,10BA6N,0,00,00,29,20,,,144.00,144.00,16.000000,16.000000,1000.00,cifi0007.DBF
BA6N,10BA6N,0,00,00,29,21,,,156.00,156.00,16.000000,16.000000,1000.00,cifi0007.DBF
BA6N,10BA6N,0,00,00,29,22,,,168.00,168.00,16.000000,16.000000,1000.00,cifi0007.DBF
BA6N,10BA6N,0,00,00,29,23,,,180.00,180.00,16.000000,16.000000,1000.00,cifi0007.DBF
BA6N,10BA6N,0,00,00,29,24,,,193.00,193.00,16.000000,16.000000,1000.00,cifi0007.DBF
BA6N,10BA6N,0,00,00,29,25,,,206.00,206.00,16.000000,16.000000,1000.00,cifi0007.DBF
BA6N,10BA6N,0,00,00,29,29,,,263.00,263.00,16.000000,16.000000,1000.00,cifi0007.DBF
BA6N,10BA6N,0,00,00,30,1,,,4.00,4.00,16.000000,16.000000,1000.00,cifi0007.DBF
BA6N,10BA6N,0,00,00,30,2,,,10.00,10.00,16.000000,16.000000,1000.00,cifi0007.DBF
BA6N,10BA6N,0,00,00,30,3,,,16.00,16.00,16.000000,16.000000,1000.00,cifi0007.DBF
BA6N,10BA6N,0,00,00,30,4,,,22.00,22.00,16.000000,16.000000,1000.00,cifi0007.DBF
BA6N,10BA6N,0,00,00,30,5,,,28.00,28.00,16.000000,16.000000,1000.00,cifi0007.DBF
BA6N,10BA6N,0,00,00,30,6,,,33.00,33.00,16.000000,16.000000,1000.00,cifi0007.DBF
BA6N,10BA6N,0,00,00,30,7,,,,39.00,16.000000,16.000000,1000.00,cifi0007.DBF
BA6N,10BA6N,0,00,00,30,8,,,45.00,45.00,16.000000,16.000000,1000.00,cifi0007.DBF
BA6N,10BA6N,0,00,00,30,9,,,52.00,52.00,16.000000,16.000000,1000.00,cifi0007.DBF
BA6N,10BA6N,0,00,00,30,10,,,59.00,59.00,16.000000,16.000000,1000.00,cifi0007.DBF
BA6N,10BA6N,0,00,00,30,11,,,66.00,66.00,16.000000,16.000000,1000.00,cifi0007.DBF
BA6N,10BA6N,0,00,00,30,12,,,74.00,74.00,16.000000,16.000000,1000.00,cifi0007.DBF
BA6N,10BA6N,0,00,00,30,13,,,82.00,82.00,16.000000,16.000000,1000.00,cifi0007.DBF
BA6N,10BA6N,0,00,00,30,14,,,91.00,91.00,16.000000,16.000000,1000.00,cifi0007.DBF
BA6N,10BA6N,0,00,00,30,15,,,100.00,100.00,16.000000,16.000000,1000.00,cifi0007.DBF
BA6N,10BA6N,0,00,00,30,16,,,109.00,109.00,16.000000,16.000000,1000.00,cifi0007.DBF
BA6N,10BA6N,0,00,00,30,17,,,119.00,119.00,16.000000,16.000000,1000.00,cifi0007.DBF
BA6N,10BA6N,0,00,00,30,18,,,130.00,130.00,16.000000,16.000000,1000.00,cifi0007.DBF
BA6N,10BA6N,0,00,00,30,19,,,141.00,141.00,16.000000,16.000000,1000.00,cifi0007.DBF
BA6N,10BA6N,0,00,00,30,20,,,153.00,153.00,16.000000,16.000000,1000.00,cifi0007.DBF
BA6N,10BA6N,0,00,00,30,21,,,165.00,165.00,16.000000,16.000000,1000.00,cifi0007.DBF
BA6N,10BA6N,0,00,00,30,22,,,177.00,177.00,16.000000,16.000000,1000.00,cifi0007.DBF
BA6N,10BA6N,0,00,00,30,23,,,190.00,190.00,16.000000,16.000000,1000.00,cifi0007.DBF
BA6N,10BA6N,0,00,00,30,24,,,203.00,203.00,16.000000,16.000000,1000.00,cifi0007.DBF
BA6N,10BA6N,0,00,00,30,25,,,217.00,217.00,16.000000,16.000000,1000.00,cifi0007.DBF
BA6N,10BA6N,0,00,00,31,1,,,5.00,5.00,16.000000,16.000000,1000.00,cifi0007.DBF
BA6N,10BA6N,0,00,00,31,2,,,11.00,11.00,16.000000,16.000000,1000.00,cifi0007.DBF
BA6N,10BA6N,0,00,00,31,3,,,17.00,17.00,16.000000,16.000000,1000.00,cifi0007.DBF
BA6N,10BA6N,0,00,00,31,4,,,24.00,24.00,16.000000,16.000000,1000.00,cifi0007.DBF
BA6N,10BA6N,0,00,00,31,5,,,30.00,30.00,16.000000,16.000000,1000.00,cifi0007.DBF
BA6N,10BA6N,0,00,00,31,6,,,36.00,36.00,16.000000,16.000000,1000.00,cifi0007.DBF
BA6N,10BA6N,0,00,00,31,7,,,42.00,42.00,16.000000,16.000000,1000.00,cifi0007.DBF
BA6N,10BA6N,0,00,00,31,8,,,48.00,48.00,16.000000,16.000000,1000.00,cifi0007.DBF
BA6N,10BA6N,0,00,00,31,9,,,55.00,55.00,16.000000,16.000000,1000.00,cifi0007.DBF
BA6N,10BA6N,0,00,00,31,10,,,63.00,63.00,16.000000,16.000000,1000.00,cifi0007.DBF
BA6N,10BA6N,0,00,00,31,11,,,70.00,70.00,16.000000,16.000000,1000.00,cifi0007.DBF
BA6N,10BA6N,0,00,00,31,12,,,79.00,79.00,16.000000,16.000000,1000.00,cifi0007.DBF
BA6N,10BA6N,0,00,00,31,13,,,87.00,87.00,16.000000,16.000000,1000.00,cifi0007.DBF
BA6N,10BA6N,0,00,00,31,14,,,96.00,96.00,16.000000,16.000000,1000.00,cifi0007.DBF
BA6N,10BA6N,0,00,00,31,15,,,106.00,106.00,16.000000,16.000000,1000.00,cifi0007.DBF
BA6N,10BA6N,0,00,00,31,16,,,116.00,116.00,16.000000,16.000000,1000.00,cifi0007.DBF
BA6N,10BA6N,0,00,00,31,17,,,127.00,127.00,16.000000,16.000000,1000.00,cifi0007.DBF
BA6N,10BA6N,0,00,00,31,18,,,138.00,138.00,16.000000,16.000000,1000.00,cifi0007.DBF
BA6N,10BA6N,0,00,00,31,19,,,149.00,149.00,16.000000,16.000000,1000.00,cifi0007.DBF
BA6N,10BA6N,0,00,00,31,20,,,161.00,161.00,16.000000,16.000000,1000.00,cifi0007.DBF
BA6N,10BA6N,0,00,00,31,21,,,174.00,174.00,16.000000,16.000000,1000.00,cifi0007.DBF
BA6N,10BA6N,0,00,00,31,22,,,187.00,187.00,16.000000,16.000000,1000.00,cifi0007.DBF
BA6N,10BA6N,0,00,00,31,23,,,200.00,200.00,16.000000,16.000000,1000.00,cifi0007.DBF
BA6N,10BA6N,0,00,00,31,24,,,214.00,214.00,16.000000,16.000000,1000.00,cifi0007.DBF
BA6N,10BA6N,0,00,00,31,25,,,228.00,228.00,16.000000,16.000000,1000.00,cifi0007.DBF
BA6N,10BA6N,0,00,00,32,1,,,,5.00,16.000000,16.000000,1000.00,cifi0007.DBF
BA6N,10BA6N,0,00,00,32,2,,,,12.00,16.000000,16.000000,1000.00,cifi0007.DBF
BA6N,10BA6N,0,00,00,32,3,,,,19.00,16.000000,16.000000,1000.00,cifi0007.DBF
BA6N,10BA6N,0,00,00,32,4,,,,26.00,16.000000,16.000000,1000.00,cifi0007.DBF
BA6N,10BA6N,0,00,00,32,5,,,,32.00,16.000000,16.000000,1000.00,cifi0007.DBF
BA6N,10BA6N,0,00,00,32,6,,,,38.00,16.000000,16.000000,1000.00,cifi0007.DBF
BA6N,10BA6N,0,00,00,32,7,,,0.00,45.00,16.000000,16.000000,1000.00,cifi0007.DBF
BA6N,10BA6N,0,00,00,32,8,,,,52.00,16.000000,16.000000,1000.00,cifi0007.DBF
BA6N,10BA6N,0,00,00,32,9,,,,59.00,16.000000,16.000000,1000.00,cifi0007.DBF
BA6N,10BA6N,0,00,00,32,10,,,,67.00,16.000000,16.000000,1000.00,cifi0007.DBF
BA6N,10BA6N,0,00,00,32,11,,,,75.00,16.000000,16.000000,1000.00,cifi0007.DBF
BA6N,10BA6N,0,00,00,32,12,,,,84.00,16.000000,16.000000,1000.00,cifi0007.DBF
BA6N,10BA6N,0,00,00,32,13,,,,93.00,16.000000,16.000000,1000.00,cifi0007.DBF
BA6N,10BA6N,0,00,00,32,14,,,,103.00,16.000000,16.000000,1000.00,cifi0007.DBF
BA6N,10BA6N,0,00,00,32,15,,,,113.00,16.000000,16.000000,1000.00,cifi0007.DBF
BA6N,10BA6N,0,00,00,32,16,,,,131.00,16.000000,16.000000,1000.00,cifi0007.DBF
BA6N,10BA6N,0,00,00,32,17,,,,142.00,16.000000,16.000000,1000.00,cifi0007.DBF
BA6N,10BA6N,0,00,00,32,18,,,,146.00,16.000000,16.000000,1000.00,cifi0007.DBF
BA6N,10BA6N,0,00,00,32,19,,,,158.00,16.000000,16.000000,1000.00,cifi0007.DBF
BA6N,10BA6N,0,00,00,32,20,,,,170.00,16.000000,16.000000,1000.00,cifi0007.DBF
BA6N,10BA6N,0,00,00,32,21,,,,183.00,16.000000,16.000000,1000.00,cifi0007.DBF
BA6N,10BA6N,0,00,00,32,22,,,,197.00,16.000000,16.000000,1000.00,cifi0007.DBF
BA6N,10BA6N,0,00,00,32,23,,,,211.00,16.000000,16.000000,1000.00,cifi0007.DBF
BA6N,10BA6N,0,00,00,32,24,,,,225.00,16.000000,16.000000,1000.00,cifi0007.DBF
BA6N,10BA6N,0,00,00,32,25,,,,229.00,16.000000,16.000000,1000.00,cifi0007.DBF
BA6N,10BA6N,0,00,00,33,1,,,5.00,5.00,16.000000,16.000000,1000.00,cifi0007.DBF
BA6N,10BA6N,0,00,00,33,2,,,13.00,13.00,16.000000,16.000000,1000.00,cifi0007.DBF
BA6N,10BA6N,0,00,00,33,3,,,20.00,20.00,16.000000,16.000000,1000.00,cifi0007.DBF
BA6N,10BA6N,0,00,00,33,4,,,28.00,28.00,16.000000,16.000000,1000.00,cifi0007.DBF
BA6N,10BA6N,0,00,00,33,5,,,35.00,35.00,16.000000,16.000000,1000.00,cifi0007.DBF
BA6N,10BA6N,0,00,00,33,6,,,41.00,41.00,16.000000,16.000000,1000.00,cifi0007.DBF
BA6N,10BA6N,0,00,00,33,7,,,48.00,48.00,16.000000,16.000000,1000.00,cifi0007.DBF
BA6N,10BA6N,0,00,00,33,8,,,56.00,56.00,16.000000,16.000000,1000.00,cifi0007.DBF
BA6N,10BA6N,0,00,00,33,9,,,63.00,63.00,16.000000,16.000000,1000.00,cifi0007.DBF
BA6N,10BA6N,0,00,00,33,10,,,71.00,71.00,16.000000,16.000000,1000.00,cifi0007.DBF
BA6N,10BA6N,0,00,00,33,11,,,80.00,80.00,16.000000,16.000000,1000.00,cifi0007.DBF
BA6N,10BA6N,0,00,00,33,12,,,89.00,89.00,16.000000,16.000000,1000.00,cifi0007.DBF
BA6N,10BA6N,0,00,00,33,13,,,99.00,99.00,16.000000,16.000000,1000.00,cifi0007.DBF
BA6N,10BA6N,0,00,00,33,14,,,109.00,109.00,16.000000,16.000000,1000.00,cifi0007.DBF
BA6N,10BA6N,0,00,00,33,15,,,119.00,119.00,16.000000,16.000000,1000.00,cifi0007.DBF
BA6N,10BA6N,0,00,00,33,16,,,131.00,131.00,16.000000,16.000000,1000.00,cifi0007.DBF
BA6N,10BA6N,0,00,00,33,17,,,142.00,142.00,16.000000,16.000000,1000.00,cifi0007.DBF
BA6N,10BA6N,0,00,00,33,18,,,154.00,154.00,16.000000,16.000000,1000.00,cifi0007.DBF
BA6N,10BA6N,0,00,00,33,19,,,167.00,167.00,16.000000,16.000000,1000.00,cifi0007.DBF
BA6N,10BA6N,0,00,00,33,20,,,180.00,180.00,16.000000,16.000000,1000.00,cifi0007.DBF
BA6N,10BA6N,0,00,00,33,21,,,193.00,193.00,16.000000,16.000000,1000.00,cifi0007.DBF
BA6N,10BA6N,0,00,00,33,22,,,207.00,207.00,16.000000,16.000000,1000.00,cifi0007.DBF
BA6N,10BA6N,0,00,00,33,23,,,221.00,221.00,16.000000,16.000000,1000.00,cifi0007.DBF
BA6N,10BA6N,0,00,00,33,24,,,226.00,226.00,16.000000,16.000000,1000.00,cifi0007.DBF
BA6N,10BA6N,0,00,00,33,25,,,250.00,250.00,16.000000,16.000000,1000.00,cifi0007.DBF
BA6N,10BA6N,0,00,00,37,1,,,7.00,7.00,24.000000,24.000000,1000.00,cifi0007.DBF
BA6N,10BA6N,0,00,00,37,2,,,17.00,17.00,24.000000,24.000000,1000.00,cifi0007.DBF
BA6N,10BA6N,0,00,00,37,3,,,27.00,27.00,24.000000,24.000000,1000.00,cifi0007.DBF
BA6N,10BA6N,0,00,00,37,4,,,36.00,36.00,24.000000,24.000000,1000.00,cifi0007.DBF
BA6N,10BA6N,0,00,00,37,5,,,45.00,45.00,24.000000,24.000000,1000.00,cifi0007.DBF
BA6N,10BA6N,0,00,00,37,6,,,53.00,53.00,24.000000,24.000000,1000.00,cifi0007.DBF
BA6N,10BA6N,0,00,00,37,7,,,62.00,62.00,24.000000,24.000000,1000.00,cifi0007.DBF
BA6N,10BA6N,0,00,00,37,8,,,71.00,71.00,24.000000,24.000000,1000.00,cifi0007.DBF
BA6N,10BA6N,0,00,00,37,9,,,80.00,80.00,24.000000,24.000000,1000.00,cifi0007.DBF
BA6N,10BA6N,0,00,00,37,10,,,90.00,90.00,24.000000,24.000000,1000.00,cifi0007.DBF
BA6N,10BA6N,0,00,00,37,11,,,101.00,101.00,24.000000,24.000000,1000.00,cifi0007.DBF
BA6N,10BA6N,0,00,00,37,12,,,112.00,112.00,24.000000,24.000000,1000.00,cifi0007.DBF
BA6N,10BA6N,0,00,00,37,13,,,124.00,124.00,24.000000,24.000000,1000.00,cifi0007.DBF
BA6N,10BA6N,0,00,00,37,14,,,136.00,136.00,24.000000,24.000000,1000.00,cifi0007.DBF
BA6N,10BA6N,0,00,00,37,15,,,148.00,148.00,24.000000,24.000000,1000.00,cifi0007.DBF
BA6N,10BA6N,0,00,00,37,16,,,162.00,162.00,24.000000,24.000000,1000.00,cifi0007.DBF
BA6N,10BA6N,0,00,00,37,17,,,175.00,175.00,24.000000,24.000000,1000.00,cifi0007.DBF
BA6N,10BA6N,0,00,00,37,18,,,189.00,189.00,24.000000,24.000000,1000.00,cifi0007.DBF
BA6N,10BA6N,0,00,00,37,19,,,203.00,203.00,24.000000,24.000000,1000.00,cifi0007.DBF
BA6N,10BA6N,0,00,00,37,20,,,218.00,218.00,24.000000,24.000000,1000.00,cifi0007.DBF
BA6N,10BA6N,0,00,00,37,21,,,232.00,232.00,24.000000,24.000000,1000.00,cifi0007.DBF
BA6N,10BA6N,0,00,00,37,22,,,248.00,248.00,24.000000,24.000000,1000.00,cifi0007.DBF
BA6N,10BA6N,0,00,00,37,23,,,264.00,264.00,24.000000,24.000000,1000.00,cifi0007.DBF
BA6N,10BA6N,0,00,00,37,24,,,230.00,230.00,24.000000,24.000000,1000.00,cifi0007.DBF
BA6N,10BA6N,0,00,00,37,25,,,296.00,296.00,24.000000,24.000000,1000.00,cifi0007.DBF
BA6N,10BA6N,0,00,00,39,1,,,8.00,8.00,24.000000,24.000000,1000.00,cifi0007.DBF
BA6N,10BA6N,0,00,00,39,2,,,20.00,20.00,24.000000,24.000000,1000.00,cifi0007.DBF
BA6N,10BA6N,0,00,00,39,3,,,30.00,30.00,24.000000,24.000000,1000.00,cifi0007.DBF
BA6N,10BA6N,0,00,00,39,4,,,40.00,40.00,24.000000,24.000000,1000.00,cifi0007.DBF
BA6N,10BA6N,0,00,00,39,5,,,50.00,50.00,24.000000,24.000000,1000.00,cifi0007.DBF
BA6N,10BA6N,0,00,00,39,6,,,59.00,59.00,24.000000,24.000000,1000.00,cifi0007.DBF
BA6N,10BA6N,0,00,00,39,7,,,69.00,69.00,24.000000,24.000000,1000.00,cifi0007.DBF
BA6N,10BA6N,0,00,00,39,8,,,79.00,79.00,24.000000,24.000000,1000.00,cifi0007.DBF
BA6N,10BA6N,0,00,00,39,9,,,89.00,89.00,24.000000,24.000000,1000.00,cifi0007.DBF
BA6N,10BA6N,0,00,00,39,10,,,101.00,101.00,24.000000,24.000000,1000.00,cifi0007.DBF
BA6N,10BA6N,0,00,00,39,11,,,112.00,112.00,24.000000,24.000000,1000.00,cifi0007.DBF
BA6N,10BA6N,0,00,00,39,12,,,124.00,124.00,24.000000,24.000000,1000.00,cifi0007.DBF
BA6N,10BA6N,0,00,00,39,13,,,137.00,137.00,24.000000,24.000000,1000.00,cifi0007.DBF
BA6N,10BA6N,0,00,00,39,14,,,150.00,150.00,24.000000,24.000000,1000.00,cifi0007.DBF
BA6N,10BA6N,0,00,00,39,15,,,164.00,164.00,24.000000,24.000000,1000.00,cifi0007.DBF
BA6N,10BA6N,0,00,00,39,16,,,178.00,178.00,24.000000,24.000000,1000.00,cifi0007.DBF
BA6N,10BA6N,0,00,00,39,17,,,192.00,192.00,24.000000,24.000000,1000.00,cifi0007.DBF
BA6N,10BA6N,0,00,00,39,18,0.00,0,207.00,207.00,24.000000,24.000000,1000.00,cifi0007.DBF
BA6N,10BA6N,0,00,00,39,19,,,207.00,207.00,24.000000,24.000000,1000.00,cifi0007.DBF
BA6N,10BA6N,0,00,00,39,20,,,237.00,237.00,24.000000,24.000000,1000.00,cifi0007.DBF
BA6N,10BA6N,0,00,00,40,1,,,9.00,9.00,24.000000,24.000000,1000.00,cifi0007.DBF
BA6N,10BA6N,0,00,00,40,2,,,22.00,22.00,24.000000,24.000000,1000.00,cifi0007.DBF
BA6N,10BA6N,0,00,00,40,3,,,33.00,33.00,24.000000,24.000000,1000.00,cifi0007.DBF
BA6N,10BA6N,0,00,00,40,4,,,44.00,44.00,24.000000,24.000000,1000.00,cifi0007.DBF
BA6N,10BA6N,0,00,00,40,5,,,56.00,56.00,24.000000,24.000000,1000.00,cifi0007.DBF
BA6N,10BA6N,0,00,00,40,6,,,66.00,66.00,24.000000,24.000000,1000.00,cifi0007.DBF
BA6N,10BA6N,0,00,00,40,7,,,76.00,76.00,24.000000,24.000000,1000.00,cifi0007.DBF
BA6N,10BA6N,0,00,00,40,8,,,87.00,87.00,24.000000,24.000000,1000.00,cifi0007.DBF
BA6N,10BA6N,0,00,00,40,9,,,99.00,99.00,24.000000,24.000000,1000.00,cifi0007.DBF
BA6N,10BA6N,0,00,00,40,10,,,111.00,111.00,24.000000,24.000000,1000.00,cifi0007.DBF
BA6N,10BA6N,0,00,00,40,11,,,124.00,124.00,24.000000,24.000000,1000.00,cifi0007.DBF
BA6N,10BA6N,0,00,00,40,12,,,137.00,137.00,24.000000,24.000000,1000.00,cifi0007.DBF
BA6N,10BA6N,0,00,00,40,13,,,151.00,151.00,24.000000,24.000000,1000.00,cifi0007.DBF
BA6N,10BA6N,0,00,00,40,14,,,165.00,165.00,24.000000,24.000000,1000.00,cifi0007.DBF
BA6N,10BA6N,0,00,00,40,15,,,179.00,179.00,24.000000,24.000000,1000.00,cifi0007.DBF
BA6N,10BA6N,0,00,00,40,16,,,194.00,194.00,24.000000,24.000000,1000.00,cifi0007.DBF
BA6N,10BA6N,0,00,00,40,17,,,209.00,209.00,24.000000,24.000000,1000.00,cifi0007.DBF
BA6N,10BA6N,0,00,00,40,18,,,225.00,225.00,24.000000,24.000000,1000.00,cifi0007.DBF
BA6N,10BA6N,0,00,00,40,19,,,241.00,241.00,24.000000,24.000000,1000.00,cifi0007.DBF
BA6N,10BA6N,0,00,00,40,20,,,257.00,257.00,24.000000,24.000000,1000.00,cifi0007.DBF
BA6N,10BA6N,0,00,00,40,21,,,274.00,274.00,24.000000,24.000000,1000.00,cifi0007.DBF
BA6N,10BA6N,0,00,00,40,22,,,290.00,290.00,24.000000,24.000000,1000.00,cifi0007.DBF
BA6N,10BA6N,0,00,00,40,23,,,307.00,307.00,24.000000,24.000000,1000.00,cifi0007.DBF
BA6N,10BA6N,0,00,00,40,24,,,324.00,324.00,24.000000,24.000000,1000.00,cifi0007.DBF
BA6N,10BA6N,0,00,00,40,25,,,342.00,342.00,24.000000,24.000000,1000.00,cifi0007.DBF
BA6N,10BA6N,0,00,00,41,1,,,,9.00,24.000000,24.000000,1000.00,cifi0007.DBF
BA6N,10BA6N,0,00,00,41,2,,,,22.00,24.000000,24.000000,1000.00,cifi0007.DBF
BA6N,10BA6N,0,00,00,41,3,,,,33.00,24.000000,24.000000,1000.00,cifi0007.DBF
BA6N,10BA6N,0,00,00,41,4,,,0.00,44.00,24.000000,24.000000,1000.00,cifi0007.DBF
BA6N,10BA6N,0,00,00,41,5,,,,56.00,24.000000,24.000000,1000.00,cifi0007.DBF
BA6N,10BA6N,0,00,00,41,6,,,,66.00,24.000000,24.000000,1000.00,cifi0007.DBF
BA6N,10BA6N,0,00,00,41,7,,,,76.00,24.000000,24.000000,1000.00,cifi0007.DBF
BA6N,10BA6N,0,00,00,41,8,,,0.00,87.00,24.000000,24.000000,1000.00,cifi0007.DBF
BA6N,10BA6N,0,00,00,41,9,,,,99.00,24.000000,24.000000,1000.00,cifi0007.DBF
BA6N,10BA6N,0,00,00,41,10,,,,111.00,24.000000,24.000000,1000.00,cifi0007.DBF
BA6N,10BA6N,0,00,00,41,11,,,,124.00,24.000000,24.000000,1000.00,cifi0007.DBF
BA6N,10BA6N,0,00,00,41,12,,,,137.00,24.000000,24.000000,1000.00,cifi0007.DBF
BA6N,10BA6N,0,00,00,41,13,,,,151.00,24.000000,24.000000,1000.00,cifi0007.DBF
BA6N,10BA6N,0,00,00,41,14,,,0.00,165.00,24.000000,24.000000,1000.00,cifi0007.DBF
BA6N,10BA6N,0,00,00,41,15,,,,179.00,24.000000,24.000000,1000.00,cifi0007.DBF
BA6N,10BA6N,0,00,00,41,16,,,,194.00,24.000000,24.000000,1000.00,cifi0007.DBF
BA6N,10BA6N,0,00,00,41,17,,,,209.00,24.000000,24.000000,1000.00,cifi0007.DBF
BA6N,10BA6N,0,00,00,41,18,,,,225.00,24.000000,24.000000,1000.00,cifi0007.DBF
BA6N,10BA6N,0,00,00,41,19,,,,241.00,24.000000,24.000000,1000.00,cifi0007.DBF
BA6N,10BA6N,0,00,00,41,20,,,,257.00,24.000000,24.000000,1000.00,cifi0007.DBF
BA6N,10BA6N,0,00,00,41,21,,,,274.00,24.000000,24.000000,1000.00,cifi0007.DBF
BA6N,10BA6N,0,00,00,41,22,,,,290.00,24.000000,24.000000,1000.00,cifi0007.DBF
BA6N,10BA6N,0,00,00,41,23,,,,307.00,24.000000,24.000000,1000.00,cifi0007.DBF
BA6N,10BA6N,0,00,00,41,24,,,,324.00,24.000000,24.000000,1000.00,cifi0007.DBF
BA6N,10BA6N,0,00,00,41,25,,,,342.00,24.000000,24.000000,1000.00,cifi0007.DBF
BA6N,10BA6N,0,00,00,42,1,,,10.00,10.00,24.000000,24.000000,1000.00,cifi0007.DBF
BA6N,10BA6N,0,00,00,42,2,,,28.00,28.00,24.000000,24.000000,1000.00,cifi0007.DBF
BA6N,10BA6N,0,00,00,42,3,,,35.00,35.00,24.000000,24.000000,1000.00,cifi0007.DBF
BA6N,10BA6N,0,00,00,42,4,,,47.00,47.00,24.000000,24.000000,1000.00,cifi0007.DBF
BA6N,10BA6N,0,00,00,42,5,,,58.00,58.00,24.000000,24.000000,1000.00,cifi0007.DBF
BA6N,10BA6N,0,00,00,42,6,,,69.00,69.00,24.000000,24.000000,1000.00,cifi0007.DBF
BA6N,10BA6N,0,00,00,42,7,,,80.00,80.00,24.000000,24.000000,1000.00,cifi0007.DBF
BA6N,10BA6N,0,00,00,42,8,,,92.00,92.00,24.000000,24.000000,1000.00,cifi0007.DBF
BA6N,10BA6N,0,00,00,42,10,,,117.00,117.00,24.000000,24.000000,1000.00,cifi0007.DBF
BA6N,10BA6N,0,00,00,42,11,,,130.00,130.00,24.000000,24.000000,1000.00,cifi0007.DBF
BA6N,10BA6N,0,00,00,42,12,,,144.00,144.00,24.000000,24.000000,1000.00,cifi0007.DBF
BA6N,10BA6N,0,00,00,42,13,,,158.00,158.00,24.000000,24.000000,1000.00,cifi0007.DBF
BA6N,10BA6N,0,00,00,42,14,,,172.00,172.00,24.000000,24.000000,1000.00,cifi0007.DBF
BA6N,10BA6N,0,00,00,42,15,,,187.00,187.00,24.000000,24.000000,1000.00,cifi0007.DBF
BA6N,10BA6N,0,00,00,42,16,,,203.00,203.00,24.000000,24.000000,1000.00,cifi0007.DBF
BA6N,10BA6N,0,00,00,42,17,,,218.00,218.00,24.000000,24.000000,1000.00,cifi0007.DBF
BA6N,10BA6N,0,00,00,42,18,,,234.00,234.00,24.000000,24.000000,1000.00,cifi0007.DBF
BA6N,10BA6N,0,00,00,42,251,,,10.00,1010.00,251.000000,100.000000,1000.00,cifi0007.DBF
BA6N,10BA6N,0,00,00,44,1,,,11.00,11.00,24.000000,24.000000,1000.00,cifi0007.DBF
BA6N,10BA6N,0,00,00,44,2,,,26.00,26.00,24.000000,24.000000,1000.00,cifi0007.DBF
BA6N,10BA6N,0,00,00,44,3,,,39.00,39.00,24.000000,24.000000,1000.00,cifi0007.DBF
BA6N,10BA6N,0,00,00,44,4,,,52.00,52.00,24.000000,24.000000,1000.00,cifi0007.DBF
BA6N,10BA6N,0,00,00,44,5,,,64.00,64.00,24.000000,24.000000,1000.00,cifi0007.DBF
BA6N,10BA6N,0,00,00,44,6,,,76.00,76.00,24.000000,24.000000,1000.00,cifi0007.DBF
BA6N,10BA6N,0,00,00,44,7,,,88.00,88.00,24.000000,24.000000,1000.00,cifi0007.DBF
BA6N,10BA6N,0,00,00,44,8,,,101.00,101.00,24.000000,24.000000,1000.00,cifi0007.DBF
BA6N,10BA6N,0,00,00,44,9,,,115.00,115.00,24.000000,24.000000,1000.00,cifi0007.DBF
BA6N,10BA6N,0,00,00,44,10,,,128.00,128.00,24.000000,24.000000,1000.00,cifi0007.DBF
BA6N,10BA6N,0,00,00,44,11,,,143.00,143.00,24.000000,24.000000,1000.00,cifi0007.DBF
BA6N,10BA6N,0,00,00,44,12,,,157.00,157.00,24.000000,24.000000,1000.00,cifi0007.DBF
BA6N,10BA6N,0,00,00,44,13,,,172.00,172.00,24.000000,24.000000,1000.00,cifi0007.DBF
BA6N,10BA6N,0,00,00,44,14,,,188.00,188.00,24.000000,24.000000,1000.00,cifi0007.DBF
BA6N,10BA6N,0,00,00,44,15,,,204.00,204.00,24.000000,24.000000,1000.00,cifi0007.DBF
BA6N,10BA6N,0,00,00,44,16,,,220.00,220.00,24.000000,24.000000,1000.00,cifi0007.DBF
BA6N,10BA6N,0,00,00,44,17,,,237.00,237.00,24.000000,24.000000,1000.00,cifi0007.DBF
BA6N,10BA6N,0,00,00,44,18,,,253.00,253.00,24.000000,24.000000,1000.00,cifi0007.DBF
BA6N,10BA6N,0,00,00,44,19,,,270.00,270.00,24.000000,24.000000,1000.00,cifi0007.DBF
BA6N,10BA6N,0,00,00,44,20,,,288.00,288.00,24.000000,24.000000,1000.00,cifi0007.DBF
BA6N,10BA6N,0,00,00,44,21,,,305.00,305.00,24.000000,24.000000,1000.00,cifi0007.DBF
BA6N,10BA6N,0,00,00,44,22,,,323.00,323.00,24.000000,24.000000,1000.00,cifi0007.DBF
BA6N,10BA6N,0,00,00,44,23,,,341.00,341.00,24.000000,24.000000,1000.00,cifi0007.DBF
BA6N,10BA6N,0,00,00,44,24,,,359.00,359.00,24.000000,24.000000,1000.00,cifi0007.DBF
BA6N,10BA6N,0,00,00,44,25,,,377.00,377.00,24.000000,24.000000,1000.00,cifi0007.DBF
BA6N,10BA6N,0,00,00,46,1,,,13.00,13.00,32.000000,32.000000,1000.00,cifi0007.DBF
BA6N,10BA6N,0,00,00,46,2,,,29.00,29.00,32.000000,32.000000,1000.00,cifi0007.DBF
BA6N,10BA6N,0,00,00,46,3,,,43.00,43.00,32.000000,32.000000,1000.00,cifi0007.DBF
BA6N,10BA6N,0,00,00,46,4,,,57.00,57.00,32.000000,32.000000,1000.00,cifi0007.DBF
BA6N,10BA6N,0,00,00,46,5,,,71.00,71.00,32.000000,32.000000,1000.00,cifi0007.DBF
BA6N,10BA6N,0,00,00,46,6,,,84.00,84.00,32.000000,32.000000,1000.00,cifi0007.DBF
BA6N,10BA6N,0,00,00,46,7,,,97.00,97.00,32.000000,32.000000,1000.00,cifi0007.DBF
BA6N,10BA6N,0,00,00,46,8,,,111.00,111.00,32.000000,32.000000,1000.00,cifi0007.DBF
BA6N,10BA6N,0,00,00,46,9,,,126.00,126.00,32.000000,32.000000,1000.00,cifi0007.DBF
BA6N,10BA6N,0,00,00,46,10,,,140.00,140.00,32.000000,32.000000,1000.00,cifi0007.DBF
BA6N,10BA6N,0,00,00,46,11,,,156.00,156.00,32.000000,32.000000,1000.00,cifi0007.DBF
BA6N,10BA6N,0,00,00,46,12,,,171.00,171.00,32.000000,32.000000,1000.00,cifi0007.DBF
BA6N,10BA6N,0,00,00,46,13,,,187.00,187.00,32.000000,32.000000,1000.00,cifi0007.DBF
BA6N,10BA6N,0,00,00,46,14,,,204.00,204.00,32.000000,32.000000,1000.00,cifi0007.DBF
BA6N,10BA6N,0,00,00,46,15,,,221.00,221.00,32.000000,32.000000,1000.00,cifi0007.DBF
BA6N,10BA6N,0,00,00,46,16,,,238.00,238.00,32.000000,32.000000,1000.00,cifi0007.DBF
BA6N,10BA6N,0,00,00,46,17,,,255.00,255.00,32.000000,32.000000,1000.00,cifi0007.DBF
BA6N,10BA6N,0,00,00,46,18,,,273.00,273.00,32.000000,32.000000,1000.00,cifi0007.DBF
BA6N,10BA6N,0,00,00,46,19,,,290.00,290.00,32.000000,32.000000,1000.00,cifi0007.DBF
BA6N,10BA6N,0,00,00,46,20,,,308.00,308.00,32.000000,32.000000,1000.00,cifi0007.DBF
BA6N,10BA6N,0,00,00,46,21,,,327.00,327.00,32.000000,32.000000,1000.00,cifi0007.DBF
BA6N,10BA6N,0,00,00,46,22,,,345.00,345.00,32.000000,32.000000,1000.00,cifi0007.DBF
BA6N,10BA6N,0,00,00,46,23,,,364.00,364.00,32.000000,32.000000,1000.00,cifi0007.DBF
BA6N,10BA6N,0,00,00,46,24,,,382.00,382.00,32.000000,32.000000,1000.00,cifi0007.DBF
BA6N,10BA6N,0,00,00,46,25,,,401.00,401.00,32.000000,32.000000,1000.00,cifi0007.DBF
BA6N,10BA6N,0,00,00,48,1,,,15.00,15.00,32.000000,32.000000,1000.00,cifi0007.DBF
BA6N,10BA6N,0,00,00,48,2,0.00,0,32.00,32.00,32.000000,32.000000,1000.00,cifi0007.DBF
BA6N,10BA6N,0,00,00,48,3,,,47.00,47.00,32.000000,32.000000,1000.00,cifi0007.DBF
BA6N,10BA6N,0,00,00,48,4,,,62.00,62.00,32.000000,32.000000,1000.00,cifi0007.DBF
BA6N,10BA6N,0,00,00,48,5,,,78.00,78.00,32.000000,32.000000,1000.00,cifi0007.DBF
BA6N,10BA6N,0,00,00,48,6,,,92.00,92.00,32.000000,32.000000,1000.00,cifi0007.DBF
BA6N,10BA6N,0,00,00,48,7,,,106.00,106.00,32.000000,32.000000,1000.00,cifi0007.DBF
BA6N,10BA6N,0,00,00,48,8,,,121.00,121.00,32.000000,32.000000,1000.00,cifi0007.DBF
BA6N,10BA6N,0,00,00,48,9,,,137.00,137.00,32.000000,32.000000,1000.00,cifi0007.DBF
BA6N,10BA6N,0,00,00,48,10,,,153.00,153.00,32.000000,32.000000,1000.00,cifi0007.DBF
BA6N,10BA6N,0,00,00,48,11,,,169.00,169.00,32.000000,32.000000,1000.00,cifi0007.DBF
BA6N,10BA6N,0,00,00,48,12,,,186.00,186.00,32.000000,32.000000,1000.00,cifi0007.DBF
BA6N,10BA6N,0,00,00,48,13,,,203.00,203.00,32.000000,32.000000,1000.00,cifi0007.DBF
BA6N,10BA6N,0,00,00,48,14,,,220.00,220.00,32.000000,32.000000,1000.00,cifi0007.DBF
BA6N,10BA6N,0,00,00,48,15,,,238.00,238.00,32.000000,32.000000,1000.00,cifi0007.DBF
BA6N,10BA6N,0,00,00,48,16,,,256.00,256.00,32.000000,32.000000,1000.00,cifi0007.DBF
BA6N,10BA6N,0,00,00,48,17,,,274.00,274.00,32.000000,32.000000,1000.00,cifi0007.DBF
BA6N,10BA6N,0,00,00,48,18,,0,292.00,292.00,32.000000,32.000000,1000.00,cifi0007.DBF
BA6N,10BA6N,0,00,00,48,19,,,311.00,311.00,32.000000,32.000000,1000.00,cifi0007.DBF
BA6N,10BA6N,0,00,00,48,20,,,330.00,330.00,32.000000,32.000000,1000.00,cifi0007.DBF
BA6N,10BA6N,0,00,00,48,21,,,349.00,349.00,32.000000,32.000000,1000.00,cifi0007.DBF
BA6N,10BA6N,0,00,00,48,22,,,367.00,367.00,32.000000,32.000000,1000.00,cifi0007.DBF
BA6N,10BA6N,0,00,00,48,23,,,386.00,386.00,32.000000,32.000000,1000.00,cifi0007.DBF
BA6N,10BA6N,0,00,00,48,24,,,405.00,405.00,32.000000,32.000000,1000.00,cifi0007.DBF
BA6N,10BA6N,0,00,00,51,1,,,17.00,17.00,40.000000,40.000000,1000.00,cifi0007.DBF
BA6N,10BA6N,0,00,00,51,2,,,37.00,37.00,40.000000,40.000000,1000.00,cifi0007.DBF
BA6N,10BA6N,0,00,00,51,3,,,54.00,54.00,40.000000,40.000000,1000.00,cifi0007.DBF
BA6N,10BA6N,0,00,00,51,4,,,71.00,71.00,40.000000,40.000000,1000.00,cifi0007.DBF
BA6N,10BA6N,0,00,00,51,5,,,89.00,89.00,40.000000,40.000000,1000.00,cifi0007.DBF
BA6N,10BA6N,0,00,00,51,6,,,104.00,104.00,40.000000,40.000000,1000.00,cifi0007.DBF
BA6N,10BA6N,0,00,00,51,7,,,121.00,121.00,40.000000,40.000000,1000.00,cifi0007.DBF
BA6N,10BA6N,0,00,00,51,8,,,137.00,137.00,40.000000,40.000000,1000.00,cifi0007.DBF
BA6N,10BA6N,0,00,00,51,9,,,154.00,154.00,40.000000,40.000000,1000.00,cifi0007.DBF
BA6N,10BA6N,0,00,00,51,10,,,172.00,172.00,40.000000,40.000000,1000.00,cifi0007.DBF
BA6N,10BA6N,0,00,00,51,11,,,190.00,190.00,40.000000,40.000000,1000.00,cifi0007.DBF
BA6N,10BA6N,0,00,00,51,12,,,208.00,208.00,40.000000,40.000000,1000.00,cifi0007.DBF
BA6N,10BA6N,0,00,00,51,13,,,226.00,226.00,40.000000,40.000000,1000.00,cifi0007.DBF
BA6N,10BA6N,0,00,00,51,14,,,245.00,245.00,40.000000,40.000000,1000.00,cifi0007.DBF
BA6N,10BA6N,0,00,00,51,15,,,264.00,264.00,40.000000,40.000000,1000.00,cifi0007.DBF
BA6N,10BA6N,0,00,00,51,16,,,283.00,283.00,40.000000,40.000000,1000.00,cifi0007.DBF
BA6N,10BA6N,0,00,00,51,17,,,303.00,303.00,40.000000,40.000000,1000.00,cifi0007.DBF
BA6N,10BA6N,0,00,00,51,18,,,322.00,322.00,40.000000,40.000000,1000.00,cifi0007.DBF
BA6N,10BA6N,0,00,00,51,19,,,342.00,342.00,40.000000,40.000000,1000.00,cifi0007.DBF
BA6N,10BA6N,0,00,00,51,20,,,361.00,361.00,40.000000,40.000000,1000.00,cifi0007.DBF
BA6N,10BA6N,0,00,00,51,21,,,381.00,381.00,40.000000,40.000000,1000.00,cifi0007.DBF
BA6N,10BA6N,0,00,00,51,22,,,401.00,401.00,40.000000,40.000000,1000.00,cifi0007.DBF
BA6N,10BA6N,0,00,00,51,23,,,420.00,420.00,40.000000,40.000000,1000.00,cifi0007.DBF
BA6N,10BA6N,0,00,00,51,24,,,439.00,439.00,40.000000,40.000000,1000.00,cifi0007.DBF
BA6N,10BA6N,0,00,00,51,25,,,458.00,458.00,40.000000,40.000000,1000.00,cifi0007.DBF
BA6N,10BA6N,0,00,00,52,1,,,18.00,18.00,40.000000,40.000000,1000.00,cifi0007.DBF
BA6N,10BA6N,0,00,00,52,2,,,38.00,38.00,40.000000,40.000000,1000.00,cifi0007.DBF
BA6N,10BA6N,0,00,00,52,3,,,56.00,56.00,40.000000,40.000000,1000.00,cifi0007.DBF
BA6N,10BA6N,0,00,00,52,4,,,74.00,74.00,40.000000,40.000000,1000.00,cifi0007.DBF
BA6N,10BA6N,0,00,00,52,5,,,92.00,92.00,40.000000,40.000000,1000.00,cifi0007.DBF
BA6N,10BA6N,0,00,00,52,6,,,108.00,108.00,40.000000,40.000000,1000.00,cifi0007.DBF
BA6N,10BA6N,0,00,00,52,7,,,125.00,125.00,40.000000,40.000000,1000.00,cifi0007.DBF
BA6N,10BA6N,0,00,00,52,8,,,143.00,143.00,40.000000,40.000000,1000.00,cifi0007.DBF
BA6N,10BA6N,0,00,00,52,9,,,160.00,160.00,40.000000,40.000000,1000.00,cifi0007.DBF
BA6N,10BA6N,0,00,00,52,10,,,178.00,178.00,40.000000,40.000000,1000.00,cifi0007.DBF
BA6N,10BA6N,0,00,00,52,11,,,197.00,197.00,40.000000,40.000000,1000.00,cifi0007.DBF
BA6N,10BA6N,0,00,00,52,12,,,215.00,215.00,40.000000,40.000000,1000.00,cifi0007.DBF
BA6N,10BA6N,0,00,00,52,13,,,234.00,234.00,40.000000,40.000000,1000.00,cifi0007.DBF
BA6N,10BA6N,0,00,00,52,14,,,253.00,253.00,40.000000,40.000000,1000.00,cifi0007.DBF
BA6N,10BA6N,0,00,00,52,15,,,273.00,273.00,40.000000,40.000000,1000.00,cifi0007.DBF
BA6N,10BA6N,0,00,00,52,16,,,292.00,292.00,40.000000,40.000000,1000.00,cifi0007.DBF
BA6N,10BA6N,0,00,00,52,17,,,312.00,312.00,40.000000,40.000000,1000.00,cifi0007.DBF
BA6N,10BA6N,0,00,00,52,18,,,332.00,332.00,40.000000,40.000000,1000.00,cifi0007.DBF
BA6N,10BA6N,0,00,00,52,19,,,352.00,352.00,40.000000,40.000000,1000.00,cifi0007.DBF
BA6N,10BA6N,0,00,00,52,20,,,372.00,372.00,40.000000,40.000000,1000.00,cifi0007.DBF
BA6N,10BA6N,0,00,00,52,21,,,392.00,392.00,40.000000,40.000000,1000.00,cifi0007.DBF
BA6N,10BA6N,0,00,00,52,22,,,411.00,411.00,40.000000,40.000000,1000.00,cifi0007.DBF
BA6N,10BA6N,0,00,00,52,23,,,431.00,431.00,40.000000,40.000000,1000.00,cifi0007.DBF
BA6N,10BA6N,0,00,00,52,24,,,450.00,450.00,40.000000,40.000000,1000.00,cifi0007.DBF
BA6N,10BA6N,0,00,00,52,25,,,470.00,470.00,40.000000,40.000000,1000.00,cifi0007.DBF
BA6N,10BA6N,0,00,00,53,24,,,494.00,494.00,50.000000,50.000000,1000.00,cifi0007.DBF
BA6N,10BA6N,0,00,00,54,1,,,20.00,20.00,40.000000,40.000000,1000.00,cifi0007.DBF
BA6N,10BA6N,0,00,00,54,2,,,42.00,42.00,40.000000,40.000000,1000.00,cifi0007.DBF
BA6N,10BA6N,0,00,00,54,3,,,61.00,61.00,40.000000,40.000000,1000.00,cifi0007.DBF
BA6N,10BA6N,0,00,00,54,4,,,79.00,79.00,40.000000,40.000000,1000.00,cifi0007.DBF
BA6N,10BA6N,0,00,00,54,5,,,99.00,99.00,40.000000,40.000000,1000.00,cifi0007.DBF
BA6N,10BA6N,0,00,00,54,6,,,117.00,117.00,40.000000,40.000000,1000.00,cifi0007.DBF
BA6N,10BA6N,0,00,00,54,7,,,135.00,135.00,40.000000,40.000000,1000.00,cifi0007.DBF
BA6N,10BA6N,0,00,00,54,8,,,153.00,153.00,40.000000,40.000000,1000.00,cifi0007.DBF
BA6N,10BA6N,0,00,00,54,9,,,172.00,172.00,40.000000,40.000000,1000.00,cifi0007.DBF
BA6N,10BA6N,0,00,00,54,10,,,191.00,191.00,40.000000,40.000000,1000.00,cifi0007.DBF
BA6N,10BA6N,0,00,00,54,11,,,210.00,210.00,40.000000,40.000000,1000.00,cifi0007.DBF
BA6N,10BA6N,0,00,00,54,12,,,230.00,230.00,40.000000,40.000000,1000.00,cifi0007.DBF
BA6N,10BA6N,0,00,00,54,13,,,250.00,250.00,40.000000,40.000000,1000.00,cifi0007.DBF
BA6N,10BA6N,0,00,00,54,14,,,270.00,270.00,40.000000,40.000000,1000.00,cifi0007.DBF
BA6N,10BA6N,0,00,00,54,15,,,291.00,291.00,40.000000,40.000000,1000.00,cifi0007.DBF
BA6N,10BA6N,0,00,00,54,16,,,311.00,311.00,40.000000,40.000000,1000.00,cifi0007.DBF
BA6N,10BA6N,0,00,00,54,17,,,331.00,331.00,40.000000,40.000000,1000.00,cifi0007.DBF
BA6N,10BA6N,0,00,00,54,18,,,352.00,352.00,40.000000,40.000000,1000.00,cifi0007.DBF
BA6N,10BA6N,0,00,00,54,19,,,372.00,372.00,40.000000,40.000000,1000.00,cifi0007.DBF
BA6N,10BA6N,0,00,00,54,20,,,393.00,393.00,40.000000,40.000000,1000.00,cifi0007.DBF
BA6N,10BA6N,0,00,00,54,21,,,413.00,413.00,40.000000,40.000000,1000.00,cifi0007.DBF
BA6N,10BA6N,0,00,00,54,22,,,433.00,433.00,40.000000,40.000000,1000.00,cifi0007.DBF
BA6N,10BA6N,0,00,00,54,23,,,452.00,452.00,40.000000,40.000000,1000.00,cifi0007.DBF
BA6N,10BA6N,0,00,00,54,24,,,472.00,472.00,40.000000,40.000000,1000.00,cifi0007.DBF
BA6N,10BA6N,0,00,00,54,25,,,492.00,492.00,10.000000,10.000000,1000.00,cifi0007.DBF
BA6N,10BA6N,0,00,00,55,1,,,21.00,21.00,50.000000,50.000000,1000.00,cifi0007.DBF
BA6N,10BA6N,0,00,00,55,2,,,43.00,43.00,50.000000,50.000000,1000.00,cifi0007.DBF
BA6N,10BA6N,0,00,00,55,3,,,63.00,63.00,50.000000,50.000000,1000.00,cifi0007.DBF
BA6N,10BA6N,0,00,00,55,4,,,82.00,82.00,50.000000,50.000000,1000.00,cifi0007.DBF
BA6N,10BA6N,0,00,00,55,5,,,102.00,102.00,50.000000,50.000000,1000.00,cifi0007.DBF
BA6N,10BA6N,0,00,00,55,6,,,121.00,121.00,50.000000,50.000000,1000.00,cifi0007.DBF
BA6N,10BA6N,0,00,00,55,7,,,139.00,139.00,50.000000,50.000000,1000.00,cifi0007.DBF
BA6N,10BA6N,0,00,00,55,8,,,158.00,158.00,50.000000,50.000000,1000.00,cifi0007.DBF
BA6N,10BA6N,0,00,00,55,9,,,178.00,178.00,50.000000,50.000000,1000.00,cifi0007.DBF
BA6N,10BA6N,0,00,00,55,10,,,197.00,197.00,50.000000,50.000000,1000.00,cifi0007.DBF
BA6N,10BA6N,0,00,00,55,11,,,217.00,217.00,50.000000,50.000000,1000.00,cifi0007.DBF
BA6N,10BA6N,0,00,00,55,12,,,238.00,238.00,50.000000,50.000000,1000.00,cifi0007.DBF
BA6N,10BA6N,0,00,00,55,13,,,258.00,258.00,50.000000,50.000000,1000.00,cifi0007.DBF
BA6N,10BA6N,0,00,00,55,14,,,279.00,279.00,50.000000,50.000000,1000.00,cifi0007.DBF
BA6N,10BA6N,0,00,00,55,15,,,299.00,299.00,50.000000,50.000000,1000.00,cifi0007.DBF
BA6N,10BA6N,0,00,00,55,16,,,320.00,320.00,50.000000,50.000000,1000.00,cifi0007.DBF
BA6N,10BA6N,0,00,00,55,17,,,341.00,341.00,50.000000,50.000000,1000.00,cifi0007.DBF
BA6N,10BA6N,0,00,00,55,18,,,362.00,362.00,50.000000,50.000000,1000.00,cifi0007.DBF
BA6N,10BA6N,0,00,00,55,19,,,382.00,382.00,50.000000,50.000000,1000.00,cifi0007.DBF
BA6N,10BA6N,0,00,00,55,20,,,403.00,403.00,50.000000,50.000000,1000.00,cifi0007.DBF
BA6N,10BA6N,0,00,00,56,1,,,22.00,22.00,50.000000,50.000000,1000.00,cifi0007.DBF
BA6N,10BA6N,0,00,00,56,2,,,45.00,45.00,50.000000,50.000000,1000.00,cifi0007.DBF
BA6N,10BA6N,0,00,00,56,3,,,63.00,63.00,50.000000,50.000000,1000.00,cifi0007.DBF
BA6N,10BA6N,0,00,00,56,4,,,85.00,85.00,50.000000,50.000000,1000.00,cifi0007.DBF
BA6N,10BA6N,0,00,00,56,5,,,85.00,85.00,50.000000,50.000000,1000.00,cifi0007.DBF
BA6N,10BA6N,0,00,00,56,6,,,125.00,125.00,50.000000,50.000000,1000.00,cifi0007.DBF
BA6N,10BA6N,0,00,00,56,7,,,144.00,144.00,50.000000,50.000000,1000.00,cifi0007.DBF
BA6N,10BA6N,0,00,00,56,8,,,164.00,164.00,50.000000,50.000000,1000.00,cifi0007.DBF
BA6N,10BA6N,0,00,00,56,9,,,184.00,184.00,50.000000,50.000000,1000.00,cifi0007.DBF
BA6N,10BA6N,0,00,00,56,10,,,204.00,204.00,50.000000,50.000000,1000.00,cifi0007.DBF
BA6N,10BA6N,0,00,00,56,11,,,224.00,224.00,50.000000,50.000000,1000.00,cifi0007.DBF
BA6N,10BA6N,0,00,00,56,12,,,245.00,245.00,50.000000,50.000000,1000.00,cifi0007.DBF
BA6N,10BA6N,0,00,00,56,13,,,266.00,266.00,50.000000,50.000000,1000.00,cifi0007.DBF
BA6N,10BA6N,0,00,00,56,14,,,287.00,287.00,50.000000,50.000000,1000.00,cifi0007.DBF
BA6N,10BA6N,0,00,00,56,15,,,308.00,308.00,50.000000,50.000000,1000.00,cifi0007.DBF
BA6N,10BA6N,0,00,00,56,16,,,329.00,329.00,50.000000,50.000000,1000.00,cifi0007.DBF
BA6N,10BA6N,0,00,00,56,17,,,350.00,350.00,50.000000,50.000000,1000.00,cifi0007.DBF
BA6N,10BA6N,0,00,00,56,18,,,371.00,371.00,50.000000,50.000000,1000.00,cifi0007.DBF
BA6N,10BA6N,0,00,00,56,19,,,392.00,392.00,50.000000,50.000000,1000.00,cifi0007.DBF
BA6N,10BA6N,0,00,00,56,20,,,413.00,413.00,50.000000,50.000000,1000.00,cifi0007.DBF
BA6N,10BA6N,0,00,00,56,21,,,433.00,433.00,50.000000,50.000000,1000.00,cifi0007.DBF
BA6N,10BA6N,0,00,00,56,22,,,453.00,453.00,50.000000,50.000000,1000.00,cifi0007.DBF
BA6N,10BA6N,0,00,00,56,23,,,474.00,474.00,50.000000,50.000000,1000.00,cifi0007.DBF
BA6N,10BA6N,0,00,00,56,24,,,494.00,494.00,50.000000,50.000000,1000.00,cifi0007.DBF
BA6N,10BA6N,0,00,00,56,25,,,514.00,514.00,50.000000,50.000000,1000.00,cifi0007.DBF
BA6N,10BA6N,0,00,00,57,1,,,23.00,23.00,50.000000,50.000000,1000.00,cifi0007.DBF
BA6N,10BA6N,0,00,00,57,2,,,47.00,47.00,50.000000,50.000000,1000.00,cifi0007.DBF
BA6N,10BA6N,0,00,00,57,3,,,68.00,68.00,50.000000,50.000000,1000.00,cifi0007.DBF
BA6N,10BA6N,0,00,00,57,4,,,88.00,88.00,50.000000,50.000000,1000.00,cifi0007.DBF
BA6N,10BA6N,0,00,00,57,5,,,109.00,109.00,50.000000,50.000000,1000.00,cifi0007.DBF
BA6N,10BA6N,0,00,00,57,6,,,129.00,129.00,50.000000,50.000000,1000.00,cifi0007.DBF
BA6N,10BA6N,0,00,00,57,7,,,149.00,149.00,50.000000,50.000000,1000.00,cifi0007.DBF
BA6N,10BA6N,0,00,00,57,8,,,169.00,169.00,50.000000,50.000000,1000.00,cifi0007.DBF
BA6N,10BA6N,0,00,00,57,9,,,190.00,190.00,50.000000,50.000000,1000.00,cifi0007.DBF
BA6N,10BA6N,0,00,00,57,10,,,210.00,210.00,50.000000,50.000000,1000.00,cifi0007.DBF
BA6N,10BA6N,0,00,00,57,11,,,232.00,232.00,50.000000,50.000000,1000.00,cifi0007.DBF
BA6N,10BA6N,0,00,00,57,12,,,253.00,253.00,50.000000,50.000000,1000.00,cifi0007.DBF
BA6N,10BA6N,0,00,00,57,13,,,274.00,274.00,50.000000,50.000000,1000.00,cifi0007.DBF
BA6N,10BA6N,0,00,00,57,14,,,296.00,296.00,50.000000,50.000000,1000.00,cifi0007.DBF
BA6N,10BA6N,0,00,00,57,15,,,317.00,317.00,50.000000,50.000000,1000.00,cifi0007.DBF
BA6N,10BA6N,0,00,00,57,16,,,339.00,339.00,50.000000,50.000000,1000.00,cifi0007.DBF
BA6N,10BA6N,0,00,00,57,17,,,360.00,360.00,50.000000,50.000000,1000.00,cifi0007.DBF
BA6N,10BA6N,0,00,00,57,18,,,381.00,381.00,50.000000,50.000000,1000.00,cifi0007.DBF
BA6N,10BA6N,0,00,00,57,19,,,423.00,423.00,50.000000,50.000000,1000.00,cifi0007.DBF
BA6N,10BA6N,0,00,00,57,20,,,423.00,423.00,50.000000,50.000000,1000.00,cifi0007.DBF
BA6N,10BA6N,0,00,00,57,21,,,443.00,443.00,50.000000,50.000000,1000.00,cifi0007.DBF
BA6N,10BA6N,0,00,00,57,22,,,464.00,464.00,50.000000,50.000000,1000.00,cifi0007.DBF
BA6N,10BA6N,0,00,00,57,23,,,484.00,484.00,50.000000,50.000000,1000.00,cifi0007.DBF
BA6N,10BA6N,0,00,00,57,24,,,505.00,505.00,50.000000,50.000000,1000.00,cifi0007.DBF
BA6N,10BA6N,0,00,00,57,25,,,526.00,526.00,50.000000,50.000000,1000.00,cifi0007.DBF
BA6N,10BA6N,0,00,00,58,1,,,24.00,24.00,50.000000,50.000000,1000.00,cifi0007.DBF
BA6N,10BA6N,0,00,00,58,2,,,49.00,49.00,50.000000,50.000000,1000.00,cifi0007.DBF
BA6N,10BA6N,0,00,00,58,3,,,70.00,70.00,50.000000,50.000000,1000.00,cifi0007.DBF
BA6N,10BA6N,0,00,00,58,4,,,91.00,91.00,50.000000,50.000000,1000.00,cifi0007.DBF
BA6N,10BA6N,0,00,00,58,5,,,113.00,113.00,50.000000,50.000000,1000.00,cifi0007.DBF
BA6N,10BA6N,0,00,00,58,6,,,133.00,133.00,50.000000,50.000000,1000.00,cifi0007.DBF
BA6N,10BA6N,0,00,00,58,7,,,154.00,154.00,50.000000,50.000000,1000.00,cifi0007.DBF
BA6N,10BA6N,0,00,00,58,8,,,174.00,174.00,50.000000,50.000000,1000.00,cifi0007.DBF
BA6N,10BA6N,0,00,00,58,9,,,196.00,196.00,50.000000,50.000000,1000.00,cifi0007.DBF
BA6N,10BA6N,0,00,00,58,10,,,217.00,217.00,50.000000,50.000000,1000.00,cifi0007.DBF
BA6N,10BA6N,0,00,00,58,11,,,239.00,239.00,50.000000,50.000000,1000.00,cifi0007.DBF
BA6N,10BA6N,0,00,00,58,12,,,260.00,260.00,50.000000,50.000000,1000.00,cifi0007.DBF
BA6N,10BA6N,0,00,00,58,13,,,282.00,282.00,50.000000,50.000000,1000.00,cifi0007.DBF
BA6N,10BA6N,0,00,00,58,14,,,304.00,304.00,50.000000,50.000000,1000.00,cifi0007.DBF
BA6N,10BA6N,0,00,00,58,15,,,326.00,326.00,50.000000,50.000000,1000.00,cifi0007.DBF
BA6N,10BA6N,0,00,00,58,16,,,348.00,348.00,50.000000,50.000000,1000.00,cifi0007.DBF
BA6N,10BA6N,0,00,00,58,17,,,369.00,369.00,50.000000,50.000000,1000.00,cifi0007.DBF
BA6N,10BA6N,0,00,00,58,18,,,390.00,390.00,50.000000,50.000000,1000.00,cifi0007.DBF
BA6N,10BA6N,0,00,00,58,19,,,412.00,412.00,50.000000,50.000000,1000.00,cifi0007.DBF
BA6N,10BA6N,0,00,00,58,20,,,433.00,433.00,50.000000,50.000000,1000.00,cifi0007.DBF
BA6N,10BA6N,0,00,00,58,21,,,453.00,453.00,50.000000,50.000000,1000.00,cifi0007.DBF
BA6N,10BA6N,0,00,00,58,22,,,474.00,474.00,50.000000,50.000000,1000.00,cifi0007.DBF
BA6N,10BA6N,0,00,00,58,23,,,495.00,495.00,50.000000,50.000000,1000.00,cifi0007.DBF
BA6N,10BA6N,0,00,00,58,24,,,516.00,516.00,50.000000,50.000000,1000.00,cifi0007.DBF
BA6N,10BA6N,0,00,00,58,25,,,538.00,538.00,50.000000,50.000000,1000.00,cifi0007.DBF
BA6N,10BA6N,0,00,00,59,1,,,26.00,26.00,56.000000,56.000000,1000.00,cifi0007.DBF
BA6N,10BA6N,0,00,00,59,2,,,51.00,51.00,56.000000,56.000000,1000.00,cifi0007.DBF
BA6N,10BA6N,0,00,00,59,3,,,72.00,72.00,56.000000,56.000000,1000.00,cifi0007.DBF
BA6N,10BA6N,0,00,00,59,4,,,94.00,94.00,56.000000,56.000000,1000.00,cifi0007.DBF
BA6N,10BA6N,0,00,00,59,5,,,116.00,116.00,56.000000,56.000000,1000.00,cifi0007.DBF
BA6N,10BA6N,0,00,00,59,6,,,137.00,137.00,56.000000,56.000000,1000.00,cifi0007.DBF
BA6N,10BA6N,0,00,00,59,7,,,158.00,158.00,56.000000,56.000000,1000.00,cifi0007.DBF
BA6N,10BA6N,0,00,00,59,8,,,180.00,180.00,56.000000,56.000000,1000.00,cifi0007.DBF
BA6N,10BA6N,0,00,00,59,9,,,202.00,202.00,56.000000,56.000000,1000.00,cifi0007.DBF
BA6N,10BA6N,0,00,00,59,10,,,224.00,224.00,56.000000,56.000000,1000.00,cifi0007.DBF
BA6N,10BA6N,0,00,00,59,11,,,246.00,246.00,56.000000,56.000000,1000.00,cifi0007.DBF
BA6N,10BA6N,0,00,00,59,12,,,268.00,268.00,56.000000,56.000000,1000.00,cifi0007.DBF
BA6N,10BA6N,0,00,00,59,13,,,290.00,290.00,56.000000,56.000000,1000.00,cifi0007.DBF
BA6N,10BA6N,0,00,00,59,14,,,312.00,312.00,56.000000,56.000000,1000.00,cifi0007.DBF
BA6N,10BA6N,0,00,00,59,15,,,335.00,335.00,56.000000,56.000000,1000.00,cifi0007.DBF
BA6N,10BA6N,0,00,00,59,16,,,356.00,356.00,56.000000,56.000000,1000.00,cifi0007.DBF
BA6N,10BA6N,0,00,00,59,17,,,378.00,378.00,56.000000,56.000000,1000.00,cifi0007.DBF
BA6N,10BA6N,0,00,00,59,18,,,400.00,400.00,56.000000,56.000000,1000.00,cifi0007.DBF
BA6N,10BA6N,0,00,00,59,19,,,421.00,421.00,56.000000,56.000000,1000.00,cifi0007.DBF
BA6N,10BA6N,0,00,00,59,20,,,442.00,442.00,56.000000,56.000000,1000.00,cifi0007.DBF
BA6N,10BA6N,0,00,00,59,21,,,464.00,464.00,56.000000,56.000000,1000.00,cifi0007.DBF
BA6N,10BA6N,0,00,00,59,22,,,485.00,485.00,56.000000,56.000000,1000.00,cifi0007.DBF
BA6N,10BA6N,0,00,00,59,23,,,506.00,506.00,56.000000,56.000000,1000.00,cifi0007.DBF
BA6N,10BA6N,0,00,00,59,24,,,528.00,528.00,56.000000,56.000000,1000.00,cifi0007.DBF
BA6N,10BA6N,0,00,00,59,25,,,550.00,550.00,56.000000,56.000000,1000.00,cifi0007.DBF
BA6N,10BA6N,0,00,00,60,1,,,29.00,29.00,60.000000,60.000000,1000.00,cifi0007.DBF
BA6N,10BA6N,0,00,00,60,2,,,55.00,55.00,60.000000,60.000000,1000.00,cifi0007.DBF
BA6N,10BA6N,0,00,00,60,3,,,78.00,78.00,60.000000,60.000000,1000.00,cifi0007.DBF
BA6N,10BA6N,0,00,00,60,4,,,100.00,100.00,60.000000,60.000000,1000.00,cifi0007.DBF
BA6N,10BA6N,0,00,00,60,5,,,124.00,124.00,60.000000,60.000000,1000.00,cifi0007.DBF
BA6N,10BA6N,0,00,00,60,6,,,146.00,146.00,60.000000,60.000000,1000.00,cifi0007.DBF
BA6N,10BA6N,0,00,00,60,7,,,169.00,169.00,60.000000,60.000000,1000.00,cifi0007.DBF
BA6N,10BA6N,0,00,00,60,8,,,191.00,191.00,60.000000,60.000000,1000.00,cifi0007.DBF
BA6N,10BA6N,0,00,00,60,9,,,214.00,214.00,60.000000,60.000000,1000.00,cifi0007.DBF
BA6N,10BA6N,0,00,00,60,10,,,237.00,237.00,60.000000,60.000000,1000.00,cifi0007.DBF
BA6N,10BA6N,0,00,00,60,11,,,261.00,261.00,60.000000,60.000000,1000.00,cifi0007.DBF
BA6N,10BA6N,0,00,00,60,12,,,284.00,284.00,60.000000,60.000000,1000.00,cifi0007.DBF
BA6N,10BA6N,0,00,00,60,13,,,306.00,306.00,60.000000,60.000000,1000.00,cifi0007.DBF
BA6N,10BA6N,0,00,00,60,14,,,329.00,329.00,60.000000,60.000000,1000.00,cifi0007.DBF
BA6N,10BA6N,0,00,00,60,15,,,352.00,352.00,60.000000,60.000000,1000.00,cifi0007.DBF
BA6N,10BA6N,0,00,00,60,16,,,374.00,374.00,60.000000,60.000000,1000.00,cifi0007.DBF
BA6N,10BA6N,0,00,00,60,17,,,396.00,396.00,60.000000,60.000000,1000.00,cifi0007.DBF
BA6N,10BA6N,0,00,00,60,18,,,419.00,419.00,60.000000,60.000000,1000.00,cifi0007.DBF
BA6N,10BA6N,0,00,00,60,19,,,441.00,441.00,60.000000,60.000000,1000.00,cifi0007.DBF
BA6N,10BA6N,0,00,00,60,20,,,463.00,463.00,60.000000,60.000000,1000.00,cifi0007.DBF
BA6N,10BA6N,0,00,00,60,21,,,485.00,485.00,60.000000,60.000000,1000.00,cifi0007.DBF
BA6N,10BA6N,0,00,00,60,22,0.00,0,508.00,508.00,60.000000,60.000000,1000.00,cifi0007.DBF
BA6N,10BA6N,0,00,00,60,23,,,531.00,531.00,60.000000,60.000000,1000.00,cifi0007.DBF
BA6N,10BA6N,0,00,00,61,1,,,29.00,29.00,64.000000,64.000000,1000.00,cifi0007.DBF
BA6N,10BA6N,0,00,00,61,2,,,55.00,55.00,64.000000,64.000000,1000.00,cifi0007.DBF
BA6N,10BA6N,0,00,00,61,3,,,78.00,78.00,64.000000,64.000000,1000.00,cifi0007.DBF
BA6N,10BA6N,0,00,00,61,4,,,100.00,100.00,64.000000,64.000000,1000.00,cifi0007.DBF
BA6N,10BA6N,0,00,00,61,5,,,124.00,124.00,64.000000,64.000000,1000.00,cifi0007.DBF
BA6N,10BA6N,0,00,00,61,6,,,146.00,146.00,64.000000,64.000000,1000.00,cifi0007.DBF
BA6N,10BA6N,0,00,00,61,7,,,169.00,169.00,64.000000,64.000000,1000.00,cifi0007.DBF
BA6N,10BA6N,0,00,00,61,8,,,191.00,191.00,64.000000,64.000000,1000.00,cifi0007.DBF
BA6N,10BA6N,0,00,00,61,9,,,214.00,214.00,64.000000,64.000000,1000.00,cifi0007.DBF
BA6N,10BA6N,0,00,00,61,10,,,237.00,237.00,64.000000,64.000000,1000.00,cifi0007.DBF
BA6N,10BA6N,0,00,00,61,11,,,261.00,261.00,64.000000,64.000000,1000.00,cifi0007.DBF
BA6N,10BA6N,0,00,00,61,12,,,284.00,284.00,64.000000,64.000000,1000.00,cifi0007.DBF
BA6N,10BA6N,0,00,00,61,13,,,306.00,306.00,64.000000,64.000000,1000.00,cifi0007.DBF
BA6N,10BA6N,0,00,00,61,14,,,329.00,329.00,64.000000,64.000000,1000.00,cifi0007.DBF
BA6N,10BA6N,0,00,00,61,15,,,352.00,352.00,64.000000,64.000000,1000.00,cifi0007.DBF
BA6N,10BA6N,0,00,00,61,16,,,374.00,374.00,64.000000,64.000000,1000.00,cifi0007.DBF
BA6N,10BA6N,0,00,00,61,17,,,396.00,396.00,64.000000,64.000000,1000.00,cifi0007.DBF
BA6N,10BA6N,0,00,00,61,18,,,419.00,419.00,64.000000,64.000000,1000.00,cifi0007.DBF
BA6N,10BA6N,0,00,00,61,19,,,441.00,441.00,64.000000,64.000000,1000.00,cifi0007.DBF
BA6N,10BA6N,0,00,00,61,20,,,463.00,463.00,64.000000,64.000000,1000.00,cifi0007.DBF
BA6N,10BA6N,0,00,00,61,21,,,485.00,485.00,64.000000,64.000000,1000.00,cifi0007.DBF
BA6N,10BA6N,0,00,00,61,22,,,508.00,508.00,64.000000,64.000000,1000.00,cifi0007.DBF
BA6N,10BA6N,0,00,00,61,23,,,531.00,531.00,64.000000,64.000000,1000.00,cifi0007.DBF
BA6N,10BA6N,0,00,00,61,24,,,554.00,554.00,64.000000,64.000000,1000.00,cifi0007.DBF
BA6N,10BA6N,0,00,00,61,25,,,578.00,578.00,64.000000,64.000000,1000.00,cifi0007.DBF
BA6N,10BA6N,0,00,00,64,1,,,35.00,35.00,76.000000,76.000000,1000.00,cifi0007.DBF
BA6N,10BA6N,0,00,00,64,2,,,62.00,62.00,76.000000,76.000000,1000.00,cifi0007.DBF
BA6N,10BA6N,0,00,00,64,3,,,87.00,87.00,76.000000,76.000000,1000.00,cifi0007.DBF
BA6N,10BA6N,0,00,00,64,4,,,111.00,111.00,76.000000,76.000000,1000.00,cifi0007.DBF
BA6N,10BA6N,0,00,00,64,5,,,136.00,136.00,76.000000,76.000000,1000.00,cifi0007.DBF
BA6N,10BA6N,0,00,00,64,6,,,161.00,161.00,76.000000,76.000000,1000.00,cifi0007.DBF
BA6N,10BA6N,0,00,00,64,7,,,185.00,185.00,76.000000,76.000000,1000.00,cifi0007.DBF
BA6N,10BA6N,0,00,00,64,8,,,210.00,210.00,76.000000,76.000000,1000.00,cifi0007.DBF
BA6N,10BA6N,0,00,00,64,9,,,234.00,234.00,76.000000,76.000000,1000.00,cifi0007.DBF
BA6N,10BA6N,0,00,00,64,10,,,258.00,258.00,76.000000,76.000000,1000.00,cifi0007.DBF
BA6N,10BA6N,0,00,00,64,11,,,283.00,283.00,76.000000,76.000000,1000.00,cifi0007.DBF
BA6N,10BA6N,0,00,00,64,12,,,307.00,307.00,76.000000,76.000000,1000.00,cifi0007.DBF
BA6N,10BA6N,0,00,00,64,13,,,331.00,331.00,76.000000,76.000000,1000.00,cifi0007.DBF
BA6N,10BA6N,0,00,00,64,14,,,354.00,354.00,76.000000,76.000000,1000.00,cifi0007.DBF
BA6N,10BA6N,0,00,00,64,15,,,378.00,378.00,76.000000,76.000000,1000.00,cifi0007.DBF
BA6N,10BA6N,0,00,00,64,16,,,401.00,401.00,76.000000,76.000000,1000.00,cifi0007.DBF
BA6N,10BA6N,0,00,00,64,17,,,425.00,425.00,76.000000,76.000000,1000.00,cifi0007.DBF
BA6N,10BA6N,0,00,00,64,18,,,449.00,449.00,76.000000,76.000000,1000.00,cifi0007.DBF
BA6N,10BA6N,0,00,00,64,19,,,473.00,473.00,76.000000,76.000000,1000.00,cifi0007.DBF
BA6N,10BA6N,0,00,00,64,20,,,498.00,498.00,76.000000,76.000000,1000.00,cifi0007.DBF
BA6N,10BA6N,0,00,00,64,21,,,523.00,523.00,76.000000,76.000000,1000.00,cifi0007.DBF
BA6N,10BA6N,0,00,00,64,22,,,548.00,548.00,76.000000,76.000000,1000.00,cifi0007.DBF
BA6N,10BA6N,0,00,00,64,23,,,574.00,574.00,76.000000,76.000000,1000.00,cifi0007.DBF
BA6N,10BA6N,0,00,00,64,24,,,600.00,600.00,76.000000,76.000000,1000.00,cifi0007.DBF
BA6N,10BA6N,0,00,00,64,25,,,625.00,625.00,76.000000,76.000000,1000.00,cifi0007.DBF
BA6N,10BA6N,0,00,00,69,1,,,,46.00,106.000000,106.000000,1000.00,cifi0007.DBF
BA6N,10BA6N,0,00,00,69,2,,,,77.00,106.000000,106.000000,1000.00,cifi0007.DBF
BA6N,10BA6N,0,00,00,69,3,,,,104.00,106.000000,106.000000,1000.00,cifi0007.DBF
BA6N,10BA6N,0,00,00,69,4,,,,130.00,106.000000,106.000000,1000.00,cifi0007.DBF
BA6N,10BA6N,0,00,00,69,5,,,,158.00,106.000000,106.000000,1000.00,cifi0007.DBF
BA6N,10BA6N,0,00,00,69,6,,,0.00,185.00,106.000000,106.000000,1000.00,cifi0007.DBF
BA6N,10BA6N,0,00,00,69,7,,,,212.00,106.000000,106.000000,1000.00,cifi0007.DBF
BA6N,10BA6N,0,00,00,69,8,,,,239.00,106.000000,106.000000,1000.00,cifi0007.DBF
BA6N,10BA6N,0,00,00,69,9,,,,266.00,106.000000,106.000000,1000.00,cifi0007.DBF
BA6N,10BA6N,0,00,00,69,10,,,,293.00,106.000000,106.000000,1000.00,cifi0007.DBF
BA6N,10BA6N,0,00,00,69,11,,,,319.00,106.000000,106.000000,1000.00,cifi0007.DBF
BA6N,10BA6N,0,00,00,69,12,,,,346.00,106.000000,106.000000,1000.00,cifi0007.DBF
BA6N,10BA6N,0,00,00,69,13,,,,373.00,106.000000,106.000000,1000.00,cifi0007.DBF
BA6N,10BA6N,0,00,00,69,14,,,,400.00,106.000000,106.000000,1000.00,cifi0007.DBF
BA6N,10BA6N,0,00,00,69,15,,,,417.00,106.000000,106.000000,1000.00,cifi0007.DBF
BA6N,10BA6N,0,00,00,69,16,,,,456.00,106.000000,106.000000,1000.00,cifi0007.DBF
BA6N,10BA6N,0,00,00,69,17,,,,485.00,106.000000,106.000000,1000.00,cifi0007.DBF
BA6N,10BA6N,0,00,00,69,18,,,,514.00,106.000000,106.000000,1000.00,cifi0007.DBF
BA6N,10BA6N,0,00,00,69,19,,,,544.00,106.000000,106.000000,1000.00,cifi0007.DBF
BA6N,10BA6N,0,00,00,69,20,,,,573.00,106.000000,106.000000,1000.00,cifi0007.DBF
BA6N,10BA6N,0,00,00,69,21,,,,602.00,106.000000,106.000000,1000.00,cifi0007.DBF
BA6N,10BA6N,0,00,00,69,22,,,,630.00,106.000000,106.000000,1000.00,cifi0007.DBF
BA6N,10BA6N,0,00,00,69,23,,,,658.00,106.000000,106.000000,1000.00,cifi0007.DBF
BA6N,10BA6N,0,00,00,69,24,,,,685.00,106.000000,106.000000,1000.00,cifi0007.DBF
BA6N,10BA6N,0,00,00,69,25,0.00,,,710.00,106.000000,106.000000,1000.00,cifi0007.DBF
BA6N,10BA6N,0,00,00,70,1,,,49.00,49.00,110.000000,110.000000,1000.00,cifi0007.DBF
BA6N,10BA6N,0,00,00,70,2,,,81.00,81.00,110.000000,110.000000,1000.00,cifi0007.DBF
BA6N,10BA6N,0,00,00,70,3,,,107.00,107.00,110.000000,110.000000,1000.00,cifi0007.DBF
BA6N,10BA6N,0,00,00,70,4,,,134.00,134.00,110.000000,110.000000,1000.00,cifi0007.DBF
BA6N,10BA6N,0,00,00,70,5,,,162.00,162.00,110.000000,110.000000,1000.00,cifi0007.DBF
BA6N,10BA6N,0,00,00,70,6,,,190.00,190.00,110.000000,110.000000,1000.00,cifi0007.DBF
BA6N,10BA6N,0,00,00,70,7,,,217.00,217.00,110.000000,110.000000,1000.00,cifi0007.DBF
BA6N,10BA6N,0,00,00,70,8,,,245.00,245.00,110.000000,110.000000,1000.00,cifi0007.DBF
BA6N,10BA6N,0,00,00,70,9,,,272.00,272.00,110.000000,110.000000,1000.00,cifi0007.DBF
BA6N,10BA6N,0,00,00,70,10,,,300.00,300.00,110.000000,110.000000,1000.00,cifi0007.DBF
BA6N,10BA6N,0,00,00,70,11,,,327.00,327.00,110.000000,110.000000,1000.00,cifi0007.DBF
BA6N,10BA6N,0,00,00,70,12,,,355.00,355.00,110.000000,110.000000,1000.00,cifi0007.DBF
BA6N,10BA6N,0,00,00,70,13,,,383.00,383.00,110.000000,110.000000,1000.00,cifi0007.DBF
BA6N,10BA6N,0,00,00,70,14,,,412.00,412.00,110.000000,110.000000,1000.00,cifi0007.DBF
BA6N,10BA6N,0,00,00,70,15,,,441.00,441.00,110.000000,110.000000,1000.00,cifi0007.DBF
BA6N,10BA6N,0,00,00,70,16,,,470.00,470.00,110.000000,110.000000,1000.00,cifi0007.DBF
BA6N,10BA6N,0,00,00,70,17,,,500.00,500.00,110.000000,110.000000,1000.00,cifi0007.DBF
BA6N,10BA6N,0,00,00,70,18,0.00,,530.00,530.00,110.000000,110.000000,1000.00,cifi0007.DBF
BA6N,10BA6N,0,00,00,70,19,,,561.00,561.00,110.000000,110.000000,1000.00,cifi0007.DBF
BA6N,10BA6N,0,00,00,70,20,,,590.00,590.00,110.000000,110.000000,1000.00,cifi0007.DBF
BA6N,10BA6N,0,00,00,70,21,,,619.00,619.00,110.000000,110.000000,1000.00,cifi0007.DBF
BA6N,10BA6N,0,00,00,70,22,,,648.00,648.00,110.000000,110.000000,1000.00,cifi0007.DBF
BA6N,10BA6N,0,00,00,70,23,,,675.00,675.00,110.000000,110.000000,1000.00,cifi0007.DBF
BA6N,10BA6N,0,00,00,70,24,,,701.00,701.00,110.000000,110.000000,1000.00,cifi0007.DBF
BA6N,10BA6N,0,00,00,70,25,,,726.00,726.00,110.000000,110.000000,1000.00,cifi0007.DBF
BA6N,10BA6N,0,00,00,71,1,,,51.00,51.00,116.000000,116.000000,1000.00,cifi0007.DBF
BA6N,10BA6N,0,00,00,71,2,,,84.00,84.00,116.000000,116.000000,1000.00,cifi0007.DBF
BA6N,10BA6N,0,00,00,71,3,,,111.00,111.00,116.000000,116.000000,1000.00,cifi0007.DBF
BA6N,10BA6N,0,00,00,71,4,,,138.00,138.00,116.000000,116.000000,1000.00,cifi0007.DBF
BA6N,10BA6N,0,00,00,71,5,,,166.00,166.00,116.000000,116.000000,1000.00,cifi0007.DBF
BA6N,10BA6N,0,00,00,71,6,,,195.00,195.00,116.000000,116.000000,1000.00,cifi0007.DBF
BA6N,10BA6N,0,00,00,71,7,,,223.00,223.00,116.000000,116.000000,1000.00,cifi0007.DBF
BA6N,10BA6N,0,00,00,71,8,,,251.00,251.00,116.000000,116.000000,1000.00,cifi0007.DBF
BA6N,10BA6N,0,00,00,71,9,,,279.00,279.00,116.000000,116.000000,1000.00,cifi0007.DBF
BA6N,10BA6N,0,00,00,71,10,,,308.00,308.00,116.000000,116.000000,1000.00,cifi0007.DBF
BA6N,10BA6N,0,00,00,71,11,,,336.00,336.00,116.000000,116.000000,1000.00,cifi0007.DBF
BA6N,10BA6N,0,00,00,71,12,,,365.00,365.00,116.000000,116.000000,1000.00,cifi0007.DBF
BA6N,10BA6N,0,00,00,71,13,,,394.00,394.00,116.000000,116.000000,1000.00,cifi0007.DBF
BA6N,10BA6N,0,00,00,71,14,,,424.00,424.00,116.000000,116.000000,1000.00,cifi0007.DBF
BA6N,10BA6N,0,00,00,71,15,,,455.00,455.00,116.000000,116.000000,1000.00,cifi0007.DBF
BA6N,10BA6N,0,00,00,71,16,,,486.00,486.00,116.000000,116.000000,1000.00,cifi0007.DBF
BA6N,10BA6N,0,00,00,71,17,,,516.00,516.00,116.000000,116.000000,1000.00,cifi0007.DBF
BA6N,10BA6N,0,00,00,71,18,,,547.00,547.00,116.000000,116.000000,1000.00,cifi0007.DBF
BA6N,10BA6N,0,00,00,71,19,,,578.00,578.00,116.000000,116.000000,1000.00,cifi0007.DBF
BA6N,10BA6N,0,00,00,71,20,,,608.00,608.00,116.000000,116.000000,1000.00,cifi0007.DBF
BA6N,10BA6N,0,00,00,71,21,,,637.00,637.00,116.000000,116.000000,1000.00,cifi0007.DBF
BA6N,10BA6N,0,00,00,71,22,,,665.00,665.00,116.000000,116.000000,1000.00,cifi0007.DBF
BA6N,10BA6N,0,00,00,71,23,,,692.00,692.00,116.000000,116.000000,1000.00,cifi0007.DBF
BA6N,10BA6N,0,00,00,71,24,,,718.00,718.00,116.000000,116.000000,1000.00,cifi0007.DBF
BA6N,10BA6N,0,00,00,71,25,,,742.00,742.00,116.000000,116.000000,1000.00,cifi0007.DBF
BA6N,10BA6N,0,00,00,78,1,,,,73.00,178.000000,178.000000,1000.00,cifi0007.DBF
BA6N,10BA6N,0,00,00,78,2,,,,111.00,178.000000,178.000000,1000.00,cifi0007.DBF
BA6N,10BA6N,0,00,00,78,3,,,,140.00,178.000000,178.000000,1000.00,cifi0007.DBF
BA6N,10BA6N,0,00,00,78,4,,,,173.00,178.000000,178.000000,1000.00,cifi0007.DBF
BA6N,10BA6N,0,00,00,78,5,,,,206.00,178.000000,178.000000,1000.00,cifi0007.DBF
BA6N,10BA6N,0,00,00,78,6,,,,242.00,178.000000,178.000000,1000.00,cifi0007.DBF
BA6N,10BA6N,0,00,00,78,7,,,,280.00,178.000000,178.000000,1000.00,cifi0007.DBF
BA6N,10BA6N,0,00,00,78,8,,,,317.00,178.000000,178.000000,1000.00,cifi0007.DBF
BA6N,10BA6N,0,00,00,78,9,,,,356.00,178.000000,178.000000,1000.00,cifi0007.DBF
BA6N,10BA6N,0,00,00,78,10,,,,394.00,178.000000,178.000000,1000.00,cifi0007.DBF
BA6N,10BA6N,0,00,00,78,11,,,,433.00,178.000000,178.000000,1000.00,cifi0007.DBF
BA6N,10BA6N,0,00,00,78,12,,,,471.00,178.000000,178.000000,1000.00,cifi0007.DBF
BA6N,10BA6N,0,00,00,78,13,,,,508.00,178.000000,178.000000,1000.00,cifi0007.DBF
BA6N,10BA6N,0,00,00,78,14,,,,544.00,178.000000,178.000000,1000.00,cifi0007.DBF
BA6N,10BA6N,0,00,00,78,15,,,,579.00,178.000000,178.000000,1000.00,cifi0007.DBF
BA6N,10BA6N,0,00,00,78,16,,,,613.00,178.000000,178.000000,1000.00,cifi0007.DBF
BA6N,10BA6N,0,00,00,78,17,,,,645.00,178.000000,178.000000,1000.00,cifi0007.DBF
BA6N,10BA6N,0,00,00,78,18,,,,675.00,178.000000,178.000000,1000.00,cifi0007.DBF
BA6N,10BA6N,0,00,00,78,19,,,,703.00,178.000000,178.000000,1000.00,cifi0007.DBF
BA6N,10BA6N,0,00,00,78,20,,,,729.00,178.000000,178.000000,1000.00,cifi0007.DBF
