cfic_plan,ql_plan,gender,uwclass,band,issue_age,policy_year,cash_value,pup_ins,term_rsv,mean_rsv,rl_netprem,fy_netprem,death_ben,source_file
R69G,10R69G,0,00,00,0,1,0.00,0,0.00,0.47,0.930000,0.930000,1000.00,cifi0007.DBF
R69G,10R69G,0,00,00,0,2,0.00,0,0.00,2.49,2.720000,0.930000,1000.00,cifi0007.DBF
R69G,10R69G,0,00,00,0,3,0.00,0,0.00,4.89,2.720000,0.930000,1000.00,cifi0007.DBF
R69G,10R69G,0,00,00,0,4,0.00,0,0.00,7.53,2.720000,0.930000,1000.00,cifi0007.DBF
R69G,10R69G,0,00,00,0,5,0.00,0,0.00,10.36,2.720000,0.930000,1000.00,cifi0007.DBF
R69G,10R69G,0,00,00,0,6,2.26,30,0.00,13.34,2.720000,0.930000,1000.00,cifi0007.DBF
R69G,10R69G,0,00,00,0,7,5.46,70,0.00,16.43,2.720000,0.930000,1000.00,cifi0007.DBF
R69G,10R69G,0,00,00,0,8,8.80,108,0.00,19.64,2.720000,0.930000,1000.00,cifi0007.DBF
R69G,10R69G,0,00,00,0,9,12.26,145,0.00,22.98,2.720000,0.930000,1000.00,cifi0007.DBF
R69G,10R69G,0,00,00,0,10,15.87,181,0.00,26.46,2.720000,0.930000,1000.00,cifi0007.DBF
R69G,10R69G,0,00,00,0,11,19.62,215,0.00,30.08,2.720000,0.930000,1000.00,cifi0007.DBF
R69G,10R69G,0,00,00,0,12,23.53,248,0.00,33.84,2.720000,0.930000,1000.00,cifi0007.DBF
R69G,10R69G,0,00,00,0,13,27.58,281,0.00,37.75,2.720000,0.930000,1000.00,cifi0007.DBF
R69G,10R69G,0,00,00,0,14,31.81,312,0.00,41.82,2.720000,0.930000,1000.00,cifi0007.DBF
R69G,10R69G,0,00,00,0,15,35.96,340,0.00,45.93,2.720000,0.930000,1000.00,cifi0007.DBF
R69G,10R69G,0,00,00,0,16,40.15,367,0.00,50.03,2.720000,0.930000,1000.00,cifi0007.DBF
R69G,10R69G,0,00,00,0,17,44.38,392,0.00,54.16,2.720000,0.930000,1000.00,cifi0007.DBF
R69G,10R69G,0,00,00,0,18,48.66,416,0.00,58.34,2.720000,0.930000,1000.00,cifi0007.DBF
R69G,10R69G,0,00,00,0,19,53.05,439,0.00,62.59,2.720000,0.930000,1000.00,cifi0007.DBF
R69G,10R69G,0,00,00,0,20,57.58,461,0.00,66.97,2.720000,0.930000,1000.00,cifi0007.DBF
R69G,10R69G,0,00,00,0,21,62.28,483,0.00,71.50,2.720000,0.930000,1000.00,cifi0007.DBF
R69G,10R69G,0,00,00,0,22,67.17,504,0.00,76.21,2.720000,0.930000,1000.00,cifi0007.DBF
R69G,10R69G,0,00,00,0,23,72.24,525,0.00,81.10,2.720000,0.930000,1000.00,cifi0007.DBF
R69G,10R69G,0,00,00,0,24,77.52,545,0.00,86.17,2.720000,0.930000,1000.00,cifi0007.DBF
R69G,10R69G,0,00,00,0,25,82.99,564,0.00,91.45,2.720000,0.930000,1000.00,cifi0007.DBF
R69G,10R69G,0,00,00,0,26,88.67,583,0.00,96.92,2.720000,0.930000,1000.00,cifi0007.DBF
R69G,10R69G,0,00,00,0,27,94.53,601,0.00,102.58,2.720000,0.930000,1000.00,cifi0007.DBF
R69G,10R69G,0,00,00,0,28,100.59,619,0.00,108.43,2.720000,0.930000,1000.00,cifi0007.DBF
R69G,10R69G,0,00,00,0,29,106.90,636,0.00,114.50,2.720000,0.930000,1000.00,cifi0007.DBF
R69G,10R69G,0,00,00,0,30,113.49,653,0.00,120.83,2.720000,0.930000,1000.00,cifi0007.DBF
R69G,10R69G,0,00,00,0,31,120.36,669,0.00,127.43,2.720000,0.930000,1000.00,cifi0007.DBF
R69G,10R69G,0,00,00,0,32,127.52,685,0.00,134.32,2.720000,0.930000,1000.00,cifi0007.DBF
R69G,10R69G,0,00,00,0,33,134.98,701,0.00,141.49,2.720000,0.930000,1000.00,cifi0007.DBF
R69G,10R69G,0,00,00,0,34,142.73,716,0.00,148.95,2.720000,0.930000,1000.00,cifi0007.DBF
R69G,10R69G,0,00,00,0,35,150.77,730,0.00,156.69,2.720000,0.930000,1000.00,cifi0007.DBF
R69G,10R69G,0,00,00,0,36,159.11,744,0.00,164.73,2.720000,0.930000,1000.00,cifi0007.DBF
R69G,10R69G,0,00,00,0,37,167.74,758,0.00,173.06,2.720000,0.930000,1000.00,cifi0007.DBF
R69G,10R69G,0,00,00,0,38,176.68,771,0.00,181.68,2.720000,0.930000,1000.00,cifi0007.DBF
R69G,10R69G,0,00,00,0,39,185.91,784,0.00,190.59,2.720000,0.930000,1000.00,cifi0007.DBF
R69G,10R69G,0,00,00,0,40,195.44,796,0.00,199.79,2.720000,0.930000,1000.00,cifi0007.DBF
R69G,10R69G,0,00,00,0,41,205.28,808,0.00,209.29,2.720000,0.930000,1000.00,cifi0007.DBF
R69G,10R69G,0,00,00,0,42,215.42,819,0.00,219.09,2.720000,0.930000,1000.00,cifi0007.DBF
R69G,10R69G,0,00,00,0,43,225.85,830,0.00,229.17,2.720000,0.930000,1000.00,cifi0007.DBF
R69G,10R69G,0,00,00,0,44,236.58,840,0.00,239.55,2.720000,0.930000,1000.00,cifi0007.DBF
R69G,10R69G,0,00,00,0,45,247.58,851,0.00,250.20,2.720000,0.930000,1000.00,cifi0007.DBF
R69G,10R69G,0,00,00,0,46,258.85,860,0.00,261.11,2.720000,0.930000,1000.00,cifi0007.DBF
R69G,10R69G,0,00,00,0,47,270.42,870,0.00,272.30,2.720000,0.930000,1000.00,cifi0007.DBF
R69G,10R69G,0,00,00,0,48,282.30,879,0.00,283.79,2.720000,0.930000,1000.00,cifi0007.DBF
R69G,10R69G,0,00,00,0,49,294.57,888,0.00,295.62,2.720000,0.930000,1000.00,cifi0007.DBF
R69G,10R69G,0,00,00,0,50,307.25,896,0.00,307.84,2.720000,0.930000,1000.00,cifi0007.DBF
R69G,10R69G,0,00,00,0,51,320.32,905,0.00,320.45,2.720000,0.930000,1000.00,cifi0007.DBF
R69G,10R69G,0,00,00,0,52,333.76,913,0.00,333.42,2.720000,0.930000,1000.00,cifi0007.DBF
R69G,10R69G,0,00,00,0,53,347.52,921,0.00,346.74,2.720000,0.930000,1000.00,cifi0007.DBF
R69G,10R69G,0,00,00,0,54,361.61,928,0.00,360.37,2.720000,0.930000,1000.00,cifi0007.DBF
R69G,10R69G,0,00,00,0,55,375.97,935,0.00,374.29,2.720000,0.930000,1000.00,cifi0007.DBF
R69G,10R69G,0,00,00,0,56,390.59,943,0.00,388.46,2.720000,0.930000,1000.00,cifi0007.DBF
R69G,10R69G,0,00,00,0,57,405.45,950,0.00,402.86,2.720000,0.930000,1000.00,cifi0007.DBF
R69G,10R69G,0,00,00,0,58,420.58,956,0.00,417.51,2.720000,0.930000,1000.00,cifi0007.DBF
R69G,10R69G,0,00,00,0,59,436.07,963,0.00,432.46,2.720000,0.930000,1000.00,cifi0007.DBF
R69G,10R69G,0,00,00,0,60,451.92,969,0.00,447.76,2.720000,0.930000,1000.00,cifi0007.DBF
R69G,10R69G,0,00,00,0,61,468.08,976,0.00,463.37,2.720000,0.930000,1000.00,cifi0007.DBF
R69G,10R69G,0,00,00,0,62,484.50,982,0.00,479.25,2.720000,0.930000,1000.00,cifi0007.DBF
R69G,10R69G,0,00,00,0,63,501.10,988,0.00,495.33,2.720000,0.930000,1000.00,cifi0007.DBF
R69G,10R69G,0,00,00,0,64,517.87,994,0.00,511.56,2.720000,0.930000,1000.00,cifi0007.DBF
R69G,10R69G,0,00,00,0,65,534.82,1000,0.00,527.95,2.720000,0.930000,1000.00,cifi0007.DBF
R69G,10R69G,0,00,00,0,66,548.61,1000,0.00,541.72,0.000000,0.930000,1000.00,cifi0007.DBF
R69G,10R69G,0,00,00,0,67,562.47,1000,0.00,555.54,0.000000,0.930000,1000.00,cifi0007.DBF
R69G,10R69G,0,00,00,0,68,576.46,1000,0.00,569.47,0.000000,0.930000,1000.00,cifi0007.DBF
R69G,10R69G,0,00,00,0,69,590.58,1000,0.00,583.52,0.000000,0.930000,1000.00,cifi0007.DBF
R69G,10R69G,0,00,00,0,70,604.86,1000,0.00,597.72,0.000000,0.930000,1000.00,cifi0007.DBF
R69G,10R69G,0,00,00,0,71,619.24,1000,0.00,612.05,0.000000,0.930000,1000.00,cifi0007.DBF
R69G,10R69G,0,00,00,0,72,633.70,1000,0.00,626.47,0.000000,0.930000,1000.00,cifi0007.DBF
R69G,10R69G,0,00,00,0,73,648.02,1000,0.00,640.86,0.000000,0.930000,1000.00,cifi0007.DBF
R69G,10R69G,0,00,00,0,74,662.25,1000,0.00,655.14,0.000000,0.930000,1000.00,cifi0007.DBF
R69G,10R69G,0,00,00,0,75,676.42,1000,0.00,669.34,0.000000,0.930000,1000.00,cifi0007.DBF
R69G,10R69G,0,00,00,0,76,690.51,1000,0.00,683.46,0.000000,0.930000,1000.00,cifi0007.DBF
R69G,10R69G,0,00,00,0,77,704.51,1000,0.00,697.51,0.000000,0.930000,1000.00,cifi0007.DBF
R69G,10R69G,0,00,00,0,78,718.35,1000,0.00,711.43,0.000000,0.930000,1000.00,cifi0007.DBF
R69G,10R69G,0,00,00,0,79,731.92,1000,0.00,725.13,0.000000,0.930000,1000.00,cifi0007.DBF
R69G,10R69G,0,00,00,0,80,745.12,1000,0.00,738.52,0.000000,0.930000,1000.00,cifi0007.DBF
R69G,10R69G,0,00,00,0,81,757.95,1000,0.00,751.54,0.000000,0.930000,1000.00,cifi0007.DBF
R69G,10R69G,0,00,00,0,82,770.31,1000,0.00,764.13,0.000000,0.930000,1000.00,cifi0007.DBF
R69G,10R69G,0,00,00,0,83,782.28,1000,0.00,776.30,0.000000,0.930000,1000.00,cifi0007.DBF
R69G,10R69G,0,00,00,0,84,793.89,1000,0.00,788.08,0.000000,0.930000,1000.00,cifi0007.DBF
R69G,10R69G,0,00,00,0,85,805.09,1000,0.00,799.49,0.000000,0.930000,1000.00,cifi0007.DBF
R69G,10R69G,0,00,00,0,86,815.83,1000,0.00,810.46,0.000000,0.930000,1000.00,cifi0007.DBF
R69G,10R69G,0,00,00,0,87,826.04,1000,0.00,820.93,0.000000,0.930000,1000.00,cifi0007.DBF
R69G,10R69G,0,00,00,0,88,835.69,1000,0.00,830.86,0.000000,0.930000,1000.00,cifi0007.DBF
R69G,10R69G,0,00,00,0,89,844.79,1000,0.00,840.24,0.000000,0.930000,1000.00,cifi0007.DBF
R69G,10R69G,0,00,00,0,90,853.38,1000,0.00,849.08,0.000000,0.930000,1000.00,cifi0007.DBF
R69G,10R69G,0,00,00,0,91,861.53,1000,0.00,857.45,0.000000,0.930000,1000.00,cifi0007.DBF
R69G,10R69G,0,00,00,0,92,869.59,1000,0.00,865.56,0.000000,0.930000,1000.00,cifi0007.DBF
R69G,10R69G,0,00,00,0,93,877.74,1000,0.00,873.66,0.000000,0.930000,1000.00,cifi0007.DBF
R69G,10R69G,0,00,00,0,94,886.22,1000,0.00,881.98,0.000000,0.930000,1000.00,cifi0007.DBF
R69G,10R69G,0,00,00,0,95,895.40,1000,0.00,890.81,0.000000,0.930000,1000.00,cifi0007.DBF
R69G,10R69G,0,00,00,0,96,905.88,1000,0.00,900.64,0.000000,0.930000,1000.00,cifi0007.DBF
R69G,10R69G,0,00,00,0,97,918.97,1000,0.00,912.42,0.000000,0.930000,1000.00,cifi0007.DBF
R69G,10R69G,0,00,00,0,98,936.46,1000,0.00,927.71,0.000000,0.930000,1000.00,cifi0007.DBF
R69G,10R69G,0,00,00,0,99,961.54,1000,0.00,949.00,0.000000,0.930000,1000.00,cifi0007.DBF
R69G,10R69G,0,00,00,1,1,0.00,0,0.00,0.27,0.000000,0.540000,1000.00,cifi0007.DBF
R69G,10R69G,0,00,00,1,2,0.00,0,0.00,2.67,2.810000,0.540000,1000.00,cifi0007.DBF
R69G,10R69G,0,00,00,1,3,0.00,0,0.00,5.32,2.810000,0.540000,1000.00,cifi0007.DBF
R69G,10R69G,0,00,00,1,4,0.00,0,0.00,8.17,2.810000,0.540000,1000.00,cifi0007.DBF
R69G,10R69G,0,00,00,1,5,0.38,5,0.00,11.15,2.810000,0.540000,1000.00,cifi0007.DBF
R69G,10R69G,0,00,00,1,6,3.60,46,0.00,14.26,2.810000,0.540000,1000.00,cifi0007.DBF
R69G,10R69G,0,00,00,1,7,6.94,85,0.00,17.48,2.810000,0.540000,1000.00,cifi0007.DBF
R69G,10R69G,0,00,00,1,8,10.42,123,0.00,20.83,2.810000,0.540000,1000.00,cifi0007.DBF
R69G,10R69G,0,00,00,1,9,14.04,160,0.00,24.32,2.810000,0.540000,1000.00,cifi0007.DBF
R69G,10R69G,0,00,00,1,10,17.80,195,0.00,27.95,2.810000,0.540000,1000.00,cifi0007.DBF
R69G,10R69G,0,00,00,1,11,21.71,229,0.00,31.73,2.810000,0.540000,1000.00,cifi0007.DBF
R69G,10R69G,0,00,00,1,12,25.78,262,0.00,35.65,2.810000,0.540000,1000.00,cifi0007.DBF
R69G,10R69G,0,00,00,1,13,30.02,294,0.00,39.73,2.810000,0.540000,1000.00,cifi0007.DBF
R69G,10R69G,0,00,00,1,14,34.19,323,0.00,43.86,2.810000,0.540000,1000.00,cifi0007.DBF
R69G,10R69G,0,00,00,1,15,38.38,351,0.00,47.97,2.810000,0.540000,1000.00,cifi0007.DBF
R69G,10R69G,0,00,00,1,16,42.63,377,0.00,52.12,2.810000,0.540000,1000.00,cifi0007.DBF
R69G,10R69G,0,00,00,1,17,46.92,401,0.00,56.31,2.810000,0.540000,1000.00,cifi0007.DBF
R69G,10R69G,0,00,00,1,18,51.33,425,0.00,60.59,2.810000,0.540000,1000.00,cifi0007.DBF
R69G,10R69G,0,00,00,1,19,55.87,448,0.00,64.98,2.810000,0.540000,1000.00,cifi0007.DBF
R69G,10R69G,0,00,00,1,20,60.58,470,0.00,69.53,2.810000,0.540000,1000.00,cifi0007.DBF
R69G,10R69G,0,00,00,1,21,65.49,492,0.00,74.25,2.810000,0.540000,1000.00,cifi0007.DBF
R69G,10R69G,0,00,00,1,22,70.58,513,0.00,79.16,2.810000,0.540000,1000.00,cifi0007.DBF
R69G,10R69G,0,00,00,1,23,75.87,533,0.00,84.25,2.810000,0.540000,1000.00,cifi0007.DBF
R69G,10R69G,0,00,00,1,24,81.36,553,0.00,89.55,2.810000,0.540000,1000.00,cifi0007.DBF
R69G,10R69G,0,00,00,1,25,87.05,572,0.00,95.04,2.810000,0.540000,1000.00,cifi0007.DBF
R69G,10R69G,0,00,00,1,26,92.93,591,0.00,100.72,2.810000,0.540000,1000.00,cifi0007.DBF
R69G,10R69G,0,00,00,1,27,99.01,609,0.00,106.59,2.810000,0.540000,1000.00,cifi0007.DBF
R69G,10R69G,0,00,00,1,28,105.35,627,0.00,112.69,2.810000,0.540000,1000.00,cifi0007.DBF
R69G,10R69G,0,00,00,1,29,111.96,644,0.00,119.04,2.810000,0.540000,1000.00,cifi0007.DBF
R69G,10R69G,0,00,00,1,30,118.85,661,0.00,125.67,2.810000,0.540000,1000.00,cifi0007.DBF
R69G,10R69G,0,00,00,1,31,126.03,677,0.00,132.58,2.810000,0.540000,1000.00,cifi0007.DBF
R69G,10R69G,0,00,00,1,32,133.51,693,0.00,139.78,2.810000,0.540000,1000.00,cifi0007.DBF
R69G,10R69G,0,00,00,1,33,141.28,708,0.00,147.27,2.810000,0.540000,1000.00,cifi0007.DBF
R69G,10R69G,0,00,00,1,34,149.35,723,0.00,155.04,2.810000,0.540000,1000.00,cifi0007.DBF
R69G,10R69G,0,00,00,1,35,157.72,738,0.00,163.11,2.810000,0.540000,1000.00,cifi0007.DBF
R69G,10R69G,0,00,00,1,36,166.38,752,0.00,171.47,2.810000,0.540000,1000.00,cifi0007.DBF
R69G,10R69G,0,00,00,1,37,175.35,765,0.00,180.12,2.810000,0.540000,1000.00,cifi0007.DBF
R69G,10R69G,0,00,00,1,38,184.60,778,0.00,189.07,2.810000,0.540000,1000.00,cifi0007.DBF
R69G,10R69G,0,00,00,1,39,194.16,791,0.00,198.30,2.810000,0.540000,1000.00,cifi0007.DBF
R69G,10R69G,0,00,00,1,40,204.03,803,0.00,207.84,2.810000,0.540000,1000.00,cifi0007.DBF
R69G,10R69G,0,00,00,1,41,214.21,814,0.00,217.67,2.810000,0.540000,1000.00,cifi0007.DBF
R69G,10R69G,0,00,00,1,42,224.67,826,0.00,227.80,2.810000,0.540000,1000.00,cifi0007.DBF
R69G,10R69G,0,00,00,1,43,235.43,836,0.00,238.21,2.810000,0.540000,1000.00,cifi0007.DBF
R69G,10R69G,0,00,00,1,44,246.47,847,0.00,248.91,2.810000,0.540000,1000.00,cifi0007.DBF
R69G,10R69G,0,00,00,1,45,257.78,857,0.00,259.86,2.810000,0.540000,1000.00,cifi0007.DBF
R69G,10R69G,0,00,00,1,46,269.39,866,0.00,271.10,2.810000,0.540000,1000.00,cifi0007.DBF
R69G,10R69G,0,00,00,1,47,281.30,876,0.00,282.63,2.810000,0.540000,1000.00,cifi0007.DBF
R69G,10R69G,0,00,00,1,48,293.62,885,0.00,294.51,2.810000,0.540000,1000.00,cifi0007.DBF
R69G,10R69G,0,00,00,1,49,306.34,894,0.00,306.78,2.810000,0.540000,1000.00,cifi0007.DBF
R69G,10R69G,0,00,00,1,50,319.45,902,0.00,319.44,2.810000,0.540000,1000.00,cifi0007.DBF
R69G,10R69G,0,00,00,1,51,332.94,911,0.00,332.48,2.810000,0.540000,1000.00,cifi0007.DBF
R69G,10R69G,0,00,00,1,52,346.76,919,0.00,345.85,2.810000,0.540000,1000.00,cifi0007.DBF
R69G,10R69G,0,00,00,1,53,360.89,926,0.00,359.54,2.810000,0.540000,1000.00,cifi0007.DBF
R69G,10R69G,0,00,00,1,54,375.31,934,0.00,373.52,2.810000,0.540000,1000.00,cifi0007.DBF
R69G,10R69G,0,00,00,1,55,389.98,941,0.00,387.75,2.810000,0.540000,1000.00,cifi0007.DBF
R69G,10R69G,0,00,00,1,56,404.90,948,0.00,402.22,2.810000,0.540000,1000.00,cifi0007.DBF
R69G,10R69G,0,00,00,1,57,420.08,955,0.00,416.94,2.810000,0.540000,1000.00,cifi0007.DBF
R69G,10R69G,0,00,00,1,58,435.64,962,0.00,431.96,2.810000,0.540000,1000.00,cifi0007.DBF
R69G,10R69G,0,00,00,1,59,451.55,969,0.00,447.33,2.810000,0.540000,1000.00,cifi0007.DBF
R69G,10R69G,0,00,00,1,60,467.78,975,0.00,463.02,2.810000,0.540000,1000.00,cifi0007.DBF
R69G,10R69G,0,00,00,1,61,484.27,982,0.00,478.98,2.810000,0.540000,1000.00,cifi0007.DBF
R69G,10R69G,0,00,00,1,62,500.94,988,0.00,495.14,2.810000,0.540000,1000.00,cifi0007.DBF
R69G,10R69G,0,00,00,1,63,517.78,994,0.00,511.47,2.810000,0.540000,1000.00,cifi0007.DBF
R69G,10R69G,0,00,00,1,64,534.82,1000,0.00,527.95,2.810000,0.540000,1000.00,cifi0007.DBF
R69G,10R69G,0,00,00,1,65,548.61,1000,0.00,541.72,0.000000,0.540000,1000.00,cifi0007.DBF
R69G,10R69G,0,00,00,1,66,562.47,1000,0.00,555.54,0.000000,0.540000,1000.00,cifi0007.DBF
R69G,10R69G,0,00,00,1,67,576.46,1000,0.00,569.47,0.000000,0.540000,1000.00,cifi0007.DBF
R69G,10R69G,0,00,00,1,68,590.58,1000,0.00,583.52,0.000000,0.540000,1000.00,cifi0007.DBF
R69G,10R69G,0,00,00,1,69,604.86,1000,0.00,597.72,0.000000,0.540000,1000.00,cifi0007.DBF
R69G,10R69G,0,00,00,1,70,619.24,1000,0.00,612.05,0.000000,0.540000,1000.00,cifi0007.DBF
R69G,10R69G,0,00,00,1,71,633.70,1000,0.00,626.47,0.000000,0.540000,1000.00,cifi0007.DBF
R69G,10R69G,0,00,00,1,72,648.02,1000,0.00,640.86,0.000000,0.540000,1000.00,cifi0007.DBF
R69G,10R69G,0,00,00,1,73,662.25,1000,0.00,655.14,0.000000,0.540000,1000.00,cifi0007.DBF
R69G,10R69G,0,00,00,1,74,676.42,1000,0.00,669.34,0.000000,0.540000,1000.00,cifi0007.DBF
R69G,10R69G,0,00,00,1,75,690.51,1000,0.00,683.46,0.000000,0.540000,1000.00,cifi0007.DBF
R69G,10R69G,0,00,00,1,76,704.51,1000,0.00,697.51,0.000000,0.540000,1000.00,cifi0007.DBF
R69G,10R69G,0,00,00,1,77,718.35,1000,0.00,711.43,0.000000,0.540000,1000.00,cifi0007.DBF
R69G,10R69G,0,00,00,1,78,731.92,1000,0.00,725.13,0.000000,0.540000,1000.00,cifi0007.DBF
R69G,10R69G,0,00,00,1,79,745.12,1000,0.00,738.52,0.000000,0.540000,1000.00,cifi0007.DBF
R69G,10R69G,0,00,00,1,80,757.95,1000,0.00,751.54,0.000000,0.540000,1000.00,cifi0007.DBF
R69G,10R69G,0,00,00,1,81,770.31,1000,0.00,764.13,0.000000,0.540000,1000.00,cifi0007.DBF
R69G,10R69G,0,00,00,1,82,782.28,1000,0.00,776.30,0.000000,0.540000,1000.00,cifi0007.DBF
R69G,10R69G,0,00,00,1,83,793.89,1000,0.00,788.08,0.000000,0.540000,1000.00,cifi0007.DBF
R69G,10R69G,0,00,00,1,84,805.09,1000,0.00,799.49,0.000000,0.540000,1000.00,cifi0007.DBF
R69G,10R69G,0,00,00,1,85,815.83,1000,0.00,810.46,0.000000,0.540000,1000.00,cifi0007.DBF
R69G,10R69G,0,00,00,1,86,826.04,1000,0.00,820.93,0.000000,0.540000,1000.00,cifi0007.DBF
R69G,10R69G,0,00,00,1,87,835.69,1000,0.00,830.86,0.000000,0.540000,1000.00,cifi0007.DBF
R69G,10R69G,0,00,00,1,88,844.79,1000,0.00,840.24,0.000000,0.540000,1000.00,cifi0007.DBF
R69G,10R69G,0,00,00,1,89,853.38,1000,0.00,849.08,0.000000,0.540000,1000.00,cifi0007.DBF
R69G,10R69G,0,00,00,1,90,861.53,1000,0.00,857.45,0.000000,0.540000,1000.00,cifi0007.DBF
R69G,10R69G,0,00,00,1,91,869.59,1000,0.00,865.56,0.000000,0.540000,1000.00,cifi0007.DBF
R69G,10R69G,0,00,00,1,92,877.74,1000,0.00,873.66,0.000000,0.540000,1000.00,cifi0007.DBF
R69G,10R69G,0,00,00,1,93,886.22,1000,0.00,881.98,0.000000,0.540000,1000.00,cifi0007.DBF
R69G,10R69G,0,00,00,1,94,895.40,1000,0.00,890.81,0.000000,0.540000,1000.00,cifi0007.DBF
R69G,10R69G,0,00,00,1,95,905.88,1000,0.00,900.64,0.000000,0.540000,1000.00,cifi0007.DBF
R69G,10R69G,0,00,00,1,96,918.97,1000,0.00,912.42,0.000000,0.540000,1000.00,cifi0007.DBF
R69G,10R69G,0,00,00,1,97,936.46,1000,0.00,927.71,0.000000,0.540000,1000.00,cifi0007.DBF
R69G,10R69G,0,00,00,1,98,961.54,1000,0.00,949.00,0.000000,0.540000,1000.00,cifi0007.DBF
R69G,10R69G,0,00,00,2,1,0.00,0,0.00,0.19,0.380000,0.380000,1000.00,cifi0007.DBF
R69G,10R69G,0,00,00,2,2,0.00,0,0.00,2.85,2.920000,0.380000,1000.00,cifi0007.DBF
R69G,10R69G,0,00,00,2,3,0.00,0,0.00,5.70,2.920000,0.380000,1000.00,cifi0007.DBF
R69G,10R69G,0,00,00,2,4,0.00,0,0.00,8.70,2.920000,0.380000,1000.00,cifi0007.DBF
R69G,10R69G,0,00,00,2,5,1.22,16,0.00,11.82,2.920000,0.380000,1000.00,cifi0007.DBF
R69G,10R69G,0,00,00,2,6,4.57,56,0.00,15.05,2.920000,0.380000,1000.00,cifi0007.DBF
R69G,10R69G,0,00,00,2,7,8.06,95,0.00,18.42,2.920000,0.380000,1000.00,cifi0007.DBF
R69G,10R69G,0,00,00,2,8,11.69,133,0.00,21.92,2.920000,0.380000,1000.00,cifi0007.DBF
R69G,10R69G,0,00,00,2,9,15.47,170,0.00,25.56,2.920000,0.380000,1000.00,cifi0007.DBF
R69G,10R69G,0,00,00,2,10,19.40,205,0.00,29.35,2.920000,0.380000,1000.00,cifi0007.DBF
R69G,10R69G,0,00,00,2,11,23.48,239,0.00,33.29,2.920000,0.380000,1000.00,cifi0007.DBF
R69G,10R69G,0,00,00,2,12,27.74,272,0.00,37.39,2.920000,0.380000,1000.00,cifi0007.DBF
R69G,10R69G,0,00,00,2,13,31.92,302,0.00,41.54,2.920000,0.380000,1000.00,cifi0007.DBF
R69G,10R69G,0,00,00,2,14,36.13,330,0.00,45.67,2.920000,0.380000,1000.00,cifi0007.DBF
R69G,10R69G,0,00,00,2,15,40.39,357,0.00,49.83,2.920000,0.380000,1000.00,cifi0007.DBF
R69G,10R69G,0,00,00,2,16,44.70,382,0.00,54.04,2.920000,0.380000,1000.00,cifi0007.DBF
R69G,10R69G,0,00,00,2,17,49.12,407,0.00,58.33,2.920000,0.380000,1000.00,cifi0007.DBF
R69G,10R69G,0,00,00,2,18,53.69,430,0.00,62.74,2.920000,0.380000,1000.00,cifi0007.DBF
R69G,10R69G,0,00,00,2,19,58.42,453,0.00,67.31,2.920000,0.380000,1000.00,cifi0007.DBF
R69G,10R69G,0,00,00,2,20,63.34,476,0.00,72.05,2.920000,0.380000,1000.00,cifi0007.DBF
R69G,10R69G,0,00,00,2,21,68.45,497,0.00,76.98,2.920000,0.380000,1000.00,cifi0007.DBF
R69G,10R69G,0,00,00,2,22,73.76,518,0.00,82.10,2.920000,0.380000,1000.00,cifi0007.DBF
R69G,10R69G,0,00,00,2,23,79.27,539,0.00,87.41,2.920000,0.380000,1000.00,cifi0007.DBF
R69G,10R69G,0,00,00,2,24,84.99,559,0.00,92.92,2.920000,0.380000,1000.00,cifi0007.DBF
R69G,10R69G,0,00,00,2,25,90.90,578,0.00,98.63,2.920000,0.380000,1000.00,cifi0007.DBF
R69G,10R69G,0,00,00,2,26,97.00,597,0.00,104.53,2.920000,0.380000,1000.00,cifi0007.DBF
R69G,10R69G,0,00,00,2,27,103.36,615,0.00,110.65,2.920000,0.380000,1000.00,cifi0007.DBF
R69G,10R69G,0,00,00,2,28,109.99,633,0.00,117.03,2.920000,0.380000,1000.00,cifi0007.DBF
R69G,10R69G,0,00,00,2,29,116.91,650,0.00,123.69,2.920000,0.380000,1000.00,cifi0007.DBF
R69G,10R69G,0,00,00,2,30,124.13,667,0.00,130.63,2.920000,0.380000,1000.00,cifi0007.DBF
R69G,10R69G,0,00,00,2,31,131.64,683,0.00,137.86,2.920000,0.380000,1000.00,cifi0007.DBF
R69G,10R69G,0,00,00,2,32,139.44,699,0.00,145.38,2.920000,0.380000,1000.00,cifi0007.DBF
R69G,10R69G,0,00,00,2,33,147.53,714,0.00,153.18,2.920000,0.380000,1000.00,cifi0007.DBF
R69G,10R69G,0,00,00,2,34,155.94,729,0.00,161.29,2.920000,0.380000,1000.00,cifi0007.DBF
R69G,10R69G,0,00,00,2,35,164.63,744,0.00,169.68,2.920000,0.380000,1000.00,cifi0007.DBF
R69G,10R69G,0,00,00,2,36,173.64,758,0.00,178.37,2.920000,0.380000,1000.00,cifi0007.DBF
R69G,10R69G,0,00,00,2,37,182.93,771,0.00,187.36,2.920000,0.380000,1000.00,cifi0007.DBF
R69G,10R69G,0,00,00,2,38,192.53,784,0.00,196.63,2.920000,0.380000,1000.00,cifi0007.DBF
R69G,10R69G,0,00,00,2,39,202.44,796,0.00,206.21,2.920000,0.380000,1000.00,cifi0007.DBF
R69G,10R69G,0,00,00,2,40,212.66,808,0.00,216.09,2.920000,0.380000,1000.00,cifi0007.DBF
R69G,10R69G,0,00,00,2,41,223.17,820,0.00,226.26,2.920000,0.380000,1000.00,cifi0007.DBF
R69G,10R69G,0,00,00,2,42,233.97,831,0.00,236.72,2.920000,0.380000,1000.00,cifi0007.DBF
R69G,10R69G,0,00,00,2,43,245.05,842,0.00,247.45,2.920000,0.380000,1000.00,cifi0007.DBF
R69G,10R69G,0,00,00,2,44,256.41,852,0.00,258.46,2.920000,0.380000,1000.00,cifi0007.DBF
R69G,10R69G,0,00,00,2,45,268.07,862,0.00,269.75,2.920000,0.380000,1000.00,cifi0007.DBF
R69G,10R69G,0,00,00,2,46,280.04,872,0.00,281.34,2.920000,0.380000,1000.00,cifi0007.DBF
R69G,10R69G,0,00,00,2,47,292.41,881,0.00,293.27,2.920000,0.380000,1000.00,cifi0007.DBF
R69G,10R69G,0,00,00,2,48,305.18,890,0.00,305.60,2.920000,0.380000,1000.00,cifi0007.DBF
R69G,10R69G,0,00,00,2,49,318.35,899,0.00,318.32,2.920000,0.380000,1000.00,cifi0007.DBF
R69G,10R69G,0,00,00,2,50,331.90,908,0.00,331.41,2.920000,0.380000,1000.00,cifi0007.DBF
R69G,10R69G,0,00,00,2,51,345.78,916,0.00,344.85,2.920000,0.380000,1000.00,cifi0007.DBF
R69G,10R69G,0,00,00,2,52,359.98,924,0.00,358.60,2.920000,0.380000,1000.00,cifi0007.DBF
R69G,10R69G,0,00,00,2,53,374.46,932,0.00,372.65,2.920000,0.380000,1000.00,cifi0007.DBF
R69G,10R69G,0,00,00,2,54,389.20,939,0.00,386.95,2.920000,0.380000,1000.00,cifi0007.DBF
R69G,10R69G,0,00,00,2,55,404.19,947,0.00,401.50,2.920000,0.380000,1000.00,cifi0007.DBF
R69G,10R69G,0,00,00,2,56,419.45,954,0.00,416.29,2.920000,0.380000,1000.00,cifi0007.DBF
R69G,10R69G,0,00,00,2,57,435.08,961,0.00,431.39,2.920000,0.380000,1000.00,cifi0007.DBF
R69G,10R69G,0,00,00,2,58,451.08,968,0.00,446.85,2.920000,0.380000,1000.00,cifi0007.DBF
R69G,10R69G,0,00,00,2,59,467.39,974,0.00,462.63,2.920000,0.380000,1000.00,cifi0007.DBF
R69G,10R69G,0,00,00,2,60,483.97,981,0.00,478.68,2.920000,0.380000,1000.00,cifi0007.DBF
R69G,10R69G,0,00,00,2,61,500.74,987,0.00,494.94,2.920000,0.380000,1000.00,cifi0007.DBF
R69G,10R69G,0,00,00,2,62,517.68,994,0.00,511.36,2.920000,0.380000,1000.00,cifi0007.DBF
R69G,10R69G,0,00,00,2,63,534.82,1000,0.00,527.95,2.920000,0.380000,1000.00,cifi0007.DBF
R69G,10R69G,0,00,00,2,64,548.61,1000,0.00,541.72,0.000000,0.380000,1000.00,cifi0007.DBF
R69G,10R69G,0,00,00,2,65,562.47,1000,0.00,555.54,0.000000,0.380000,1000.00,cifi0007.DBF
R69G,10R69G,0,00,00,2,66,576.46,1000,0.00,569.47,0.000000,0.380000,1000.00,cifi0007.DBF
R69G,10R69G,0,00,00,2,67,590.58,1000,0.00,583.52,0.000000,0.380000,1000.00,cifi0007.DBF
R69G,10R69G,0,00,00,2,68,604.86,1000,0.00,597.72,0.000000,0.380000,1000.00,cifi0007.DBF
R69G,10R69G,0,00,00,2,69,619.24,1000,0.00,612.05,0.000000,0.380000,1000.00,cifi0007.DBF
R69G,10R69G,0,00,00,2,70,633.70,1000,0.00,626.47,0.000000,0.380000,1000.00,cifi0007.DBF
R69G,10R69G,0,00,00,2,71,648.02,1000,0.00,640.86,0.000000,0.380000,1000.00,cifi0007.DBF
R69G,10R69G,0,00,00,2,72,662.25,1000,0.00,655.14,0.000000,0.380000,1000.00,cifi0007.DBF
R69G,10R69G,0,00,00,2,73,676.42,1000,0.00,669.34,0.000000,0.380000,1000.00,cifi0007.DBF
R69G,10R69G,0,00,00,2,74,690.51,1000,0.00,683.46,0.000000,0.380000,1000.00,cifi0007.DBF
R69G,10R69G,0,00,00,2,75,704.51,1000,0.00,697.51,0.000000,0.380000,1000.00,cifi0007.DBF
R69G,10R69G,0,00,00,2,76,718.35,1000,0.00,711.43,0.000000,0.380000,1000.00,cifi0007.DBF
R69G,10R69G,0,00,00,2,77,731.92,1000,0.00,725.13,0.000000,0.380000,1000.00,cifi0007.DBF
R69G,10R69G,0,00,00,2,78,745.12,1000,0.00,738.52,0.000000,0.380000,1000.00,cifi0007.DBF
R69G,10R69G,0,00,00,2,79,757.95,1000,0.00,751.54,0.000000,0.380000,1000.00,cifi0007.DBF
R69G,10R69G,0,00,00,2,80,770.31,1000,0.00,764.13,0.000000,0.380000,1000.00,cifi0007.DBF
R69G,10R69G,0,00,00,2,81,782.28,1000,0.00,776.30,0.000000,0.380000,1000.00,cifi0007.DBF
R69G,10R69G,0,00,00,2,82,793.89,1000,0.00,788.08,0.000000,0.380000,1000.00,cifi0007.DBF
R69G,10R69G,0,00,00,2,83,805.09,1000,0.00,799.49,0.000000,0.380000,1000.00,cifi0007.DBF
R69G,10R69G,0,00,00,2,84,815.83,1000,0.00,810.46,0.000000,0.380000,1000.00,cifi0007.DBF
R69G,10R69G,0,00,00,2,85,826.04,1000,0.00,820.93,0.000000,0.380000,1000.00,cifi0007.DBF
R69G,10R69G,0,00,00,2,86,835.69,1000,0.00,830.86,0.000000,0.380000,1000.00,cifi0007.DBF
R69G,10R69G,0,00,00,2,87,844.79,1000,0.00,840.24,0.000000,0.380000,1000.00,cifi0007.DBF
R69G,10R69G,0,00,00,2,88,853.38,1000,0.00,849.08,0.000000,0.380000,1000.00,cifi0007.DBF
R69G,10R69G,0,00,00,2,89,861.53,1000,0.00,857.45,0.000000,0.380000,1000.00,cifi0007.DBF
R69G,10R69G,0,00,00,2,90,869.59,1000,0.00,865.56,0.000000,0.380000,1000.00,cifi0007.DBF
R69G,10R69G,0,00,00,2,91,877.74,1000,0.00,873.66,0.000000,0.380000,1000.00,cifi0007.DBF
R69G,10R69G,0,00,00,2,92,886.22,1000,0.00,881.98,0.000000,0.380000,1000.00,cifi0007.DBF
R69G,10R69G,0,00,00,2,93,895.40,1000,0.00,890.81,0.000000,0.380000,1000.00,cifi0007.DBF
R69G,10R69G,0,00,00,2,94,905.88,1000,0.00,900.64,0.000000,0.380000,1000.00,cifi0007.DBF
R69G,10R69G,0,00,00,2,95,918.97,1000,0.00,912.42,0.000000,0.380000,1000.00,cifi0007.DBF
R69G,10R69G,0,00,00,2,96,936.46,1000,0.00,927.71,0.000000,0.380000,1000.00,cifi0007.DBF
R69G,10R69G,0,00,00,2,97,961.54,1000,0.00,949.00,0.000000,0.380000,1000.00,cifi0007.DBF
R69G,10R69G,0,00,00,3,1,0.00,0,0.00,0.13,0.260000,0.260000,1000.00,cifi0007.DBF
R69G,10R69G,0,00,00,3,2,0.00,0,0.00,3.00,3.040000,0.260000,1000.00,cifi0007.DBF
R69G,10R69G,0,00,00,3,3,0.00,0,0.00,6.01,3.040000,0.260000,1000.00,cifi0007.DBF
R69G,10R69G,0,00,00,3,4,0.00,0,0.00,9.14,3.040000,0.260000,1000.00,cifi0007.DBF
R69G,10R69G,0,00,00,3,5,1.91,24,0.00,12.39,3.040000,0.260000,1000.00,cifi0007.DBF
R69G,10R69G,0,00,00,3,6,5.41,64,0.00,15.77,3.040000,0.260000,1000.00,cifi0007.DBF
R69G,10R69G,0,00,00,3,7,9.06,103,0.00,19.29,3.040000,0.260000,1000.00,cifi0007.DBF
R69G,10R69G,0,00,00,3,8,12.85,141,0.00,22.95,3.040000,0.260000,1000.00,cifi0007.DBF
R69G,10R69G,0,00,00,3,9,16.80,178,0.00,26.75,3.040000,0.260000,1000.00,cifi0007.DBF
R69G,10R69G,0,00,00,3,10,20.90,213,0.00,30.71,3.040000,0.260000,1000.00,cifi0007.DBF
R69G,10R69G,0,00,00,3,11,25.17,247,0.00,34.83,3.040000,0.260000,1000.00,cifi0007.DBF
R69G,10R69G,0,00,00,3,12,29.37,278,0.00,38.99,3.040000,0.260000,1000.00,cifi0007.DBF
R69G,10R69G,0,00,00,3,13,33.60,307,0.00,43.13,3.040000,0.260000,1000.00,cifi0007.DBF
R69G,10R69G,0,00,00,3,14,37.88,335,0.00,47.32,3.040000,0.260000,1000.00,cifi0007.DBF
R69G,10R69G,0,00,00,3,15,42.21,361,0.00,51.55,3.040000,0.260000,1000.00,cifi0007.DBF
R69G,10R69G,0,00,00,3,16,46.65,386,0.00,55.86,3.040000,0.260000,1000.00,cifi0007.DBF
R69G,10R69G,0,00,00,3,17,51.23,411,0.00,60.29,3.040000,0.260000,1000.00,cifi0007.DBF
R69G,10R69G,0,00,00,3,18,55.98,434,0.00,64.87,3.040000,0.260000,1000.00,cifi0007.DBF
R69G,10R69G,0,00,00,3,19,60.93,457,0.00,69.64,3.040000,0.260000,1000.00,cifi0007.DBF
R69G,10R69G,0,00,00,3,20,66.06,480,0.00,74.59,3.040000,0.260000,1000.00,cifi0007.DBF
R69G,10R69G,0,00,00,3,21,71.40,502,0.00,79.73,3.040000,0.260000,1000.00,cifi0007.DBF
R69G,10R69G,0,00,00,3,22,76.93,523,0.00,85.07,3.040000,0.260000,1000.00,cifi0007.DBF
R69G,10R69G,0,00,00,3,23,82.68,544,0.00,90.61,3.040000,0.260000,1000.00,cifi0007.DBF
R69G,10R69G,0,00,00,3,24,88.61,564,0.00,96.34,3.040000,0.260000,1000.00,cifi0007.DBF
R69G,10R69G,0,00,00,3,25,94.74,583,0.00,102.27,3.040000,0.260000,1000.00,cifi0007.DBF
R69G,10R69G,0,00,00,3,26,101.12,602,0.00,108.42,3.040000,0.260000,1000.00,cifi0007.DBF
R69G,10R69G,0,00,00,3,27,107.79,620,0.00,114.83,3.040000,0.260000,1000.00,cifi0007.DBF
R69G,10R69G,0,00,00,3,28,114.74,638,0.00,121.51,3.040000,0.260000,1000.00,cifi0007.DBF
R69G,10R69G,0,00,00,3,29,121.98,655,0.00,128.49,3.040000,0.260000,1000.00,cifi0007.DBF
R69G,10R69G,0,00,00,3,30,129.53,672,0.00,135.75,3.040000,0.260000,1000.00,cifi0007.DBF
R69G,10R69G,0,00,00,3,31,137.36,689,0.00,143.30,3.040000,0.260000,1000.00,cifi0007.DBF
R69G,10R69G,0,00,00,3,32,145.50,705,0.00,151.15,3.040000,0.260000,1000.00,cifi0007.DBF
R69G,10R69G,0,00,00,3,33,153.94,720,0.00,159.29,3.040000,0.260000,1000.00,cifi0007.DBF
R69G,10R69G,0,00,00,3,34,162.67,735,0.00,167.72,3.040000,0.260000,1000.00,cifi0007.DBF
R69G,10R69G,0,00,00,3,35,171.72,749,0.00,176.45,3.040000,0.260000,1000.00,cifi0007.DBF
R69G,10R69G,0,00,00,3,36,181.06,763,0.00,185.48,3.040000,0.260000,1000.00,cifi0007.DBF
R69G,10R69G,0,00,00,3,37,190.70,776,0.00,194.80,3.040000,0.260000,1000.00,cifi0007.DBF
R69G,10R69G,0,00,00,3,38,200.65,789,0.00,204.42,3.040000,0.260000,1000.00,cifi0007.DBF
R69G,10R69G,0,00,00,3,39,210.91,802,0.00,214.35,3.040000,0.260000,1000.00,cifi0007.DBF
R69G,10R69G,0,00,00,3,40,221.47,814,0.00,224.56,3.040000,0.260000,1000.00,cifi0007.DBF
R69G,10R69G,0,00,00,3,41,232.33,825,0.00,235.07,3.040000,0.260000,1000.00,cifi0007.DBF
R69G,10R69G,0,00,00,3,42,243.46,836,0.00,245.86,3.040000,0.260000,1000.00,cifi0007.DBF
R69G,10R69G,0,00,00,3,43,254.87,847,0.00,256.93,3.040000,0.260000,1000.00,cifi0007.DBF
R69G,10R69G,0,00,00,3,44,266.59,857,0.00,268.27,3.040000,0.260000,1000.00,cifi0007.DBF
R69G,10R69G,0,00,00,3,45,278.61,867,0.00,279.91,3.040000,0.260000,1000.00,cifi0007.DBF
R69G,10R69G,0,00,00,3,46,291.04,877,0.00,291.91,3.040000,0.260000,1000.00,cifi0007.DBF
R69G,10R69G,0,00,00,3,47,303.88,887,0.00,304.30,3.040000,0.260000,1000.00,cifi0007.DBF
R69G,10R69G,0,00,00,3,48,317.11,896,0.00,317.08,3.040000,0.260000,1000.00,cifi0007.DBF
R69G,10R69G,0,00,00,3,49,330.73,904,0.00,330.24,3.040000,0.260000,1000.00,cifi0007.DBF
R69G,10R69G,0,00,00,3,50,344.68,913,0.00,343.75,3.040000,0.260000,1000.00,cifi0007.DBF
R69G,10R69G,0,00,00,3,51,358.95,921,0.00,357.58,3.040000,0.260000,1000.00,cifi0007.DBF
R69G,10R69G,0,00,00,3,52,373.51,929,0.00,371.70,3.040000,0.260000,1000.00,cifi0007.DBF
R69G,10R69G,0,00,00,3,53,388.32,937,0.00,386.08,3.040000,0.260000,1000.00,cifi0007.DBF
R69G,10R69G,0,00,00,3,54,403.40,945,0.00,400.71,3.040000,0.260000,1000.00,cifi0007.DBF
R69G,10R69G,0,00,00,3,55,418.74,952,0.00,415.59,3.040000,0.260000,1000.00,cifi0007.DBF
R69G,10R69G,0,00,00,3,56,434.46,959,0.00,430.77,3.040000,0.260000,1000.00,cifi0007.DBF
R69G,10R69G,0,00,00,3,57,450.55,966,0.00,446.32,3.040000,0.260000,1000.00,cifi0007.DBF
R69G,10R69G,0,00,00,3,58,466.96,973,0.00,462.19,3.040000,0.260000,1000.00,cifi0007.DBF
R69G,10R69G,0,00,00,3,59,483.64,980,0.00,478.35,3.040000,0.260000,1000.00,cifi0007.DBF
R69G,10R69G,0,00,00,3,60,500.51,987,0.00,494.71,3.040000,0.260000,1000.00,cifi0007.DBF
R69G,10R69G,0,00,00,3,61,517.56,994,0.00,511.24,3.040000,0.260000,1000.00,cifi0007.DBF
R69G,10R69G,0,00,00,3,62,534.82,1000,0.00,527.95,3.040000,0.260000,1000.00,cifi0007.DBF
R69G,10R69G,0,00,00,3,63,548.61,1000,0.00,541.72,0.000000,0.260000,1000.00,cifi0007.DBF
R69G,10R69G,0,00,00,3,64,562.47,1000,0.00,555.54,0.000000,0.260000,1000.00,cifi0007.DBF
R69G,10R69G,0,00,00,3,65,576.46,1000,0.00,569.47,0.000000,0.260000,1000.00,cifi0007.DBF
R69G,10R69G,0,00,00,3,66,590.58,1000,0.00,583.52,0.000000,0.260000,1000.00,cifi0007.DBF
R69G,10R69G,0,00,00,3,67,604.86,1000,0.00,597.72,0.000000,0.260000,1000.00,cifi0007.DBF
R69G,10R69G,0,00,00,3,68,619.24,1000,0.00,612.05,0.000000,0.260000,1000.00,cifi0007.DBF
R69G,10R69G,0,00,00,3,69,633.70,1000,0.00,626.47,0.000000,0.260000,1000.00,cifi0007.DBF
R69G,10R69G,0,00,00,3,70,648.02,1000,0.00,640.86,0.000000,0.260000,1000.00,cifi0007.DBF
R69G,10R69G,0,00,00,3,71,662.25,1000,0.00,655.14,0.000000,0.260000,1000.00,cifi0007.DBF
R69G,10R69G,0,00,00,3,72,676.42,1000,0.00,669.34,0.000000,0.260000,1000.00,cifi0007.DBF
R69G,10R69G,0,00,00,3,73,690.51,1000,0.00,683.46,0.000000,0.260000,1000.00,cifi0007.DBF
R69G,10R69G,0,00,00,3,74,704.51,1000,0.00,697.51,0.000000,0.260000,1000.00,cifi0007.DBF
R69G,10R69G,0,00,00,3,75,718.35,1000,0.00,711.43,0.000000,0.260000,1000.00,cifi0007.DBF
R69G,10R69G,0,00,00,3,76,731.92,1000,0.00,725.13,0.000000,0.260000,1000.00,cifi0007.DBF
R69G,10R69G,0,00,00,3,77,745.12,1000,0.00,738.52,0.000000,0.260000,1000.00,cifi0007.DBF
R69G,10R69G,0,00,00,3,78,757.95,1000,0.00,751.54,0.000000,0.260000,1000.00,cifi0007.DBF
R69G,10R69G,0,00,00,3,79,770.31,1000,0.00,764.13,0.000000,0.260000,1000.00,cifi0007.DBF
R69G,10R69G,0,00,00,3,80,782.28,1000,0.00,776.30,0.000000,0.260000,1000.00,cifi0007.DBF
R69G,10R69G,0,00,00,3,81,793.89,1000,0.00,788.08,0.000000,0.260000,1000.00,cifi0007.DBF
R69G,10R69G,0,00,00,3,82,805.09,1000,0.00,799.49,0.000000,0.260000,1000.00,cifi0007.DBF
R69G,10R69G,0,00,00,3,83,815.83,1000,0.00,810.46,0.000000,0.260000,1000.00,cifi0007.DBF
R69G,10R69G,0,00,00,3,84,826.04,1000,0.00,820.93,0.000000,0.260000,1000.00,cifi0007.DBF
R69G,10R69G,0,00,00,3,85,835.69,1000,0.00,830.86,0.000000,0.260000,1000.00,cifi0007.DBF
R69G,10R69G,0,00,00,3,86,844.79,1000,0.00,840.24,0.000000,0.260000,1000.00,cifi0007.DBF
R69G,10R69G,0,00,00,3,87,853.38,1000,0.00,849.08,0.000000,0.260000,1000.00,cifi0007.DBF
R69G,10R69G,0,00,00,3,88,861.53,1000,0.00,857.45,0.000000,0.260000,1000.00,cifi0007.DBF
R69G,10R69G,0,00,00,3,89,869.59,1000,0.00,865.56,0.000000,0.260000,1000.00,cifi0007.DBF
R69G,10R69G,0,00,00,3,90,877.74,1000,0.00,873.66,0.000000,0.260000,1000.00,cifi0007.DBF
R69G,10R69G,0,00,00,3,91,886.22,1000,0.00,881.98,0.000000,0.260000,1000.00,cifi0007.DBF
R69G,10R69G,0,00,00,3,92,895.40,1000,0.00,890.81,0.000000,0.260000,1000.00,cifi0007.DBF
R69G,10R69G,0,00,00,3,93,905.88,1000,0.00,900.64,0.000000,0.260000,1000.00,cifi0007.DBF
R69G,10R69G,0,00,00,3,94,918.97,1000,0.00,912.42,0.000000,0.260000,1000.00,cifi0007.DBF
R69G,10R69G,0,00,00,3,95,936.46,1000,0.00,927.71,0.000000,0.260000,1000.00,cifi0007.DBF
R69G,10R69G,0,00,00,3,96,961.54,1000,0.00,949.00,0.000000,0.260000,1000.00,cifi0007.DBF
R69G,10R69G,0,00,00,4,1,0.00,0,0.00,0.10,0.200000,0.200000,1000.00,cifi0007.DBF
R69G,10R69G,0,00,00,4,2,0.00,0,0.00,3.13,3.170000,0.200000,1000.00,cifi0007.DBF
R69G,10R69G,0,00,00,4,3,0.00,0,0.00,6.27,3.170000,0.200000,1000.00,cifi0007.DBF
R69G,10R69G,0,00,00,4,4,0.00,0,0.00,9.53,3.170000,0.200000,1000.00,cifi0007.DBF
R69G,10R69G,0,00,00,4,5,2.51,30,0.00,12.93,3.170000,0.200000,1000.00,cifi0007.DBF
R69G,10R69G,0,00,00,4,6,6.17,71,0.00,16.46,3.170000,0.200000,1000.00,cifi0007.DBF
R69G,10R69G,0,00,00,4,7,9.98,110,0.00,20.14,3.170000,0.200000,1000.00,cifi0007.DBF
R69G,10R69G,0,00,00,4,8,13.95,148,0.00,23.96,3.170000,0.200000,1000.00,cifi0007.DBF
R69G,10R69G,0,00,00,4,9,18.07,184,0.00,27.94,3.170000,0.200000,1000.00,cifi0007.DBF
R69G,10R69G,0,00,00,4,10,22.36,219,0.00,32.07,3.170000,0.200000,1000.00,cifi0007.DBF
R69G,10R69G,0,00,00,4,11,26.57,251,0.00,36.26,3.170000,0.200000,1000.00,cifi0007.DBF
R69G,10R69G,0,00,00,4,12,30.83,282,0.00,40.42,3.170000,0.200000,1000.00,cifi0007.DBF
R69G,10R69G,0,00,00,4,13,35.13,311,0.00,44.62,3.170000,0.200000,1000.00,cifi0007.DBF
R69G,10R69G,0,00,00,4,14,39.48,338,0.00,48.87,3.170000,0.200000,1000.00,cifi0007.DBF
R69G,10R69G,0,00,00,4,15,43.94,364,0.00,53.20,3.170000,0.200000,1000.00,cifi0007.DBF
R69G,10R69G,0,00,00,4,16,48.54,389,0.00,57.66,3.170000,0.200000,1000.00,cifi0007.DBF
R69G,10R69G,0,00,00,4,17,53.32,414,0.00,62.27,3.170000,0.200000,1000.00,cifi0007.DBF
R69G,10R69G,0,00,00,4,18,58.29,438,0.00,67.05,3.170000,0.200000,1000.00,cifi0007.DBF
R69G,10R69G,0,00,00,4,19,63.45,461,0.00,72.03,3.170000,0.200000,1000.00,cifi0007.DBF
R69G,10R69G,0,00,00,4,20,68.81,484,0.00,77.20,3.170000,0.200000,1000.00,cifi0007.DBF
R69G,10R69G,0,00,00,4,21,74.37,506,0.00,82.56,3.170000,0.200000,1000.00,cifi0007.DBF
R69G,10R69G,0,00,00,4,22,80.14,527,0.00,88.13,3.170000,0.200000,1000.00,cifi0007.DBF
R69G,10R69G,0,00,00,4,23,86.10,548,0.00,93.89,3.170000,0.200000,1000.00,cifi0007.DBF
R69G,10R69G,0,00,00,4,24,92.26,568,0.00,99.84,3.170000,0.200000,1000.00,cifi0007.DBF
R69G,10R69G,0,00,00,4,25,98.68,587,0.00,106.02,3.170000,0.200000,1000.00,cifi0007.DBF
R69G,10R69G,0,00,00,4,26,105.37,606,0.00,112.46,3.170000,0.200000,1000.00,cifi0007.DBF
R69G,10R69G,0,00,00,4,27,112.36,625,0.00,119.18,3.170000,0.200000,1000.00,cifi0007.DBF
R69G,10R69G,0,00,00,4,28,119.64,643,0.00,126.19,3.170000,0.200000,1000.00,cifi0007.DBF
R69G,10R69G,0,00,00,4,29,127.22,660,0.00,133.49,3.170000,0.200000,1000.00,cifi0007.DBF
R69G,10R69G,0,00,00,4,30,135.09,677,0.00,141.08,3.170000,0.200000,1000.00,cifi0007.DBF
R69G,10R69G,0,00,00,4,31,143.26,694,0.00,148.96,3.170000,0.200000,1000.00,cifi0007.DBF
R69G,10R69G,0,00,00,4,32,151.75,710,0.00,157.14,3.170000,0.200000,1000.00,cifi0007.DBF
R69G,10R69G,0,00,00,4,33,160.53,725,0.00,165.62,3.170000,0.200000,1000.00,cifi0007.DBF
R69G,10R69G,0,00,00,4,34,169.61,740,0.00,174.39,3.170000,0.200000,1000.00,cifi0007.DBF
R69G,10R69G,0,00,00,4,35,179.00,754,0.00,183.47,3.170000,0.200000,1000.00,cifi0007.DBF
R69G,10R69G,0,00,00,4,36,188.69,768,0.00,192.83,3.170000,0.200000,1000.00,cifi0007.DBF
R69G,10R69G,0,00,00,4,37,198.69,782,0.00,202.50,3.170000,0.200000,1000.00,cifi0007.DBF
R69G,10R69G,0,00,00,4,38,209.00,795,0.00,212.48,3.170000,0.200000,1000.00,cifi0007.DBF
R69G,10R69G,0,00,00,4,39,219.62,807,0.00,222.75,3.170000,0.200000,1000.00,cifi0007.DBF
R69G,10R69G,0,00,00,4,40,230.53,819,0.00,233.31,3.170000,0.200000,1000.00,cifi0007.DBF
R69G,10R69G,0,00,00,4,41,241.72,830,0.00,244.16,3.170000,0.200000,1000.00,cifi0007.DBF
R69G,10R69G,0,00,00,4,42,253.19,842,0.00,255.28,3.170000,0.200000,1000.00,cifi0007.DBF
R69G,10R69G,0,00,00,4,43,264.96,852,0.00,266.68,3.170000,0.200000,1000.00,cifi0007.DBF
R69G,10R69G,0,00,00,4,44,277.05,863,0.00,278.39,3.170000,0.200000,1000.00,cifi0007.DBF
R69G,10R69G,0,00,00,4,45,289.55,873,0.00,290.45,3.170000,0.200000,1000.00,cifi0007.DBF
R69G,10R69G,0,00,00,4,46,302.45,882,0.00,302.90,3.170000,0.200000,1000.00,cifi0007.DBF
R69G,10R69G,0,00,00,4,47,315.76,892,0.00,315.76,3.170000,0.200000,1000.00,cifi0007.DBF
R69G,10R69G,0,00,00,4,48,329.45,901,0.00,328.99,3.170000,0.200000,1000.00,cifi0007.DBF
R69G,10R69G,0,00,00,4,49,343.47,910,0.00,342.57,3.170000,0.200000,1000.00,cifi0007.DBF
R69G,10R69G,0,00,00,4,50,357.82,918,0.00,356.48,3.170000,0.200000,1000.00,cifi0007.DBF
R69G,10R69G,0,00,00,4,51,372.47,927,0.00,370.68,3.170000,0.200000,1000.00,cifi0007.DBF
R69G,10R69G,0,00,00,4,52,387.36,935,0.00,385.14,3.170000,0.200000,1000.00,cifi0007.DBF
R69G,10R69G,0,00,00,4,53,402.53,943,0.00,399.86,3.170000,0.200000,1000.00,cifi0007.DBF
R69G,10R69G,0,00,00,4,54,417.96,950,0.00,414.83,3.170000,0.200000,1000.00,cifi0007.DBF
R69G,10R69G,0,00,00,4,55,433.78,958,0.00,430.11,3.170000,0.200000,1000.00,cifi0007.DBF
R69G,10R69G,0,00,00,4,56,449.97,965,0.00,445.75,3.170000,0.200000,1000.00,cifi0007.DBF
R69G,10R69G,0,00,00,4,57,466.48,972,0.00,461.73,3.170000,0.200000,1000.00,cifi0007.DBF
R69G,10R69G,0,00,00,4,58,483.27,980,0.00,477.99,3.170000,0.200000,1000.00,cifi0007.DBF
R69G,10R69G,0,00,00,4,59,500.26,987,0.00,494.47,3.170000,0.200000,1000.00,cifi0007.DBF
R69G,10R69G,0,00,00,4,60,517.44,994,0.00,511.12,3.170000,0.200000,1000.00,cifi0007.DBF
R69G,10R69G,0,00,00,4,61,534.82,1000,0.00,527.95,3.170000,0.200000,1000.00,cifi0007.DBF
R69G,10R69G,0,00,00,4,62,548.61,1000,0.00,541.72,0.000000,0.200000,1000.00,cifi0007.DBF
R69G,10R69G,0,00,00,4,63,562.47,1000,0.00,555.54,0.000000,0.200000,1000.00,cifi0007.DBF
R69G,10R69G,0,00,00,4,64,576.46,1000,0.00,569.47,0.000000,0.200000,1000.00,cifi0007.DBF
R69G,10R69G,0,00,00,4,65,590.58,1000,0.00,583.52,0.000000,0.200000,1000.00,cifi0007.DBF
R69G,10R69G,0,00,00,4,66,604.86,1000,0.00,597.72,0.000000,0.200000,1000.00,cifi0007.DBF
R69G,10R69G,0,00,00,4,67,619.24,1000,0.00,612.05,0.000000,0.200000,1000.00,cifi0007.DBF
R69G,10R69G,0,00,00,4,68,633.70,1000,0.00,626.47,0.000000,0.200000,1000.00,cifi0007.DBF
R69G,10R69G,0,00,00,4,69,648.02,1000,0.00,640.86,0.000000,0.200000,1000.00,cifi0007.DBF
R69G,10R69G,0,00,00,4,70,662.25,1000,0.00,655.14,0.000000,0.200000,1000.00,cifi0007.DBF
R69G,10R69G,0,00,00,4,71,676.42,1000,0.00,669.34,0.000000,0.200000,1000.00,cifi0007.DBF
R69G,10R69G,0,00,00,4,72,690.51,1000,0.00,683.46,0.000000,0.200000,1000.00,cifi0007.DBF
R69G,10R69G,0,00,00,4,73,704.51,1000,0.00,697.51,0.000000,0.200000,1000.00,cifi0007.DBF
R69G,10R69G,0,00,00,4,74,718.35,1000,0.00,711.43,0.000000,0.200000,1000.00,cifi0007.DBF
R69G,10R69G,0,00,00,4,75,731.92,1000,0.00,725.13,0.000000,0.200000,1000.00,cifi0007.DBF
R69G,10R69G,0,00,00,4,76,745.12,1000,0.00,738.52,0.000000,0.200000,1000.00,cifi0007.DBF
R69G,10R69G,0,00,00,4,77,757.95,1000,0.00,751.54,0.000000,0.200000,1000.00,cifi0007.DBF
R69G,10R69G,0,00,00,4,78,770.31,1000,0.00,764.13,0.000000,0.200000,1000.00,cifi0007.DBF
R69G,10R69G,0,00,00,4,79,782.28,1000,0.00,776.30,0.000000,0.200000,1000.00,cifi0007.DBF
R69G,10R69G,0,00,00,4,80,793.89,1000,0.00,788.08,0.000000,0.200000,1000.00,cifi0007.DBF
R69G,10R69G,0,00,00,4,81,805.09,1000,0.00,799.49,0.000000,0.200000,1000.00,cifi0007.DBF
R69G,10R69G,0,00,00,4,82,815.83,1000,0.00,810.46,0.000000,0.200000,1000.00,cifi0007.DBF
R69G,10R69G,0,00,00,4,83,826.04,1000,0.00,820.93,0.000000,0.200000,1000.00,cifi0007.DBF
R69G,10R69G,0,00,00,4,84,835.69,1000,0.00,830.86,0.000000,0.200000,1000.00,cifi0007.DBF
R69G,10R69G,0,00,00,4,85,844.79,1000,0.00,840.24,0.000000,0.200000,1000.00,cifi0007.DBF
R69G,10R69G,0,00,00,4,86,853.38,1000,0.00,849.08,0.000000,0.200000,1000.00,cifi0007.DBF
R69G,10R69G,0,00,00,4,87,861.53,1000,0.00,857.45,0.000000,0.200000,1000.00,cifi0007.DBF
R69G,10R69G,0,00,00,4,88,869.59,1000,0.00,865.56,0.000000,0.200000,1000.00,cifi0007.DBF
R69G,10R69G,0,00,00,4,89,877.74,1000,0.00,873.66,0.000000,0.200000,1000.00,cifi0007.DBF
R69G,10R69G,0,00,00,4,90,886.22,1000,0.00,881.98,0.000000,0.200000,1000.00,cifi0007.DBF
R69G,10R69G,0,00,00,4,91,895.40,1000,0.00,890.81,0.000000,0.200000,1000.00,cifi0007.DBF
R69G,10R69G,0,00,00,4,92,905.88,1000,0.00,900.64,0.000000,0.200000,1000.00,cifi0007.DBF
R69G,10R69G,0,00,00,4,93,918.97,1000,0.00,912.42,0.000000,0.200000,1000.00,cifi0007.DBF
R69G,10R69G,0,00,00,4,94,936.46,1000,0.00,927.71,0.000000,0.200000,1000.00,cifi0007.DBF
R69G,10R69G,0,00,00,4,95,961.54,1000,0.00,949.00,0.000000,0.200000,1000.00,cifi0007.DBF
R69G,10R69G,0,00,00,5,1,0.00,0,0.00,0.10,0.200000,0.200000,1000.00,cifi0007.DBF
R69G,10R69G,0,00,00,5,2,0.00,0,0.00,3.26,3.300000,0.200000,1000.00,cifi0007.DBF
R69G,10R69G,0,00,00,5,3,0.00,0,0.00,6.54,3.300000,0.200000,1000.00,cifi0007.DBF
R69G,10R69G,0,00,00,5,4,0.00,0,0.00,9.95,3.300000,0.200000,1000.00,cifi0007.DBF
R69G,10R69G,0,00,00,5,5,3.08,35,0.00,13.50,3.300000,0.200000,1000.00,cifi0007.DBF
R69G,10R69G,0,00,00,5,6,6.91,76,0.00,17.19,3.300000,0.200000,1000.00,cifi0007.DBF
R69G,10R69G,0,00,00,5,7,10.89,115,0.00,21.04,3.300000,0.200000,1000.00,cifi0007.DBF
R69G,10R69G,0,00,00,5,8,15.03,153,0.00,25.03,3.300000,0.200000,1000.00,cifi0007.DBF
R69G,10R69G,0,00,00,5,9,19.34,190,0.00,29.19,3.300000,0.200000,1000.00,cifi0007.DBF
R69G,10R69G,0,00,00,5,10,23.58,223,0.00,33.39,3.300000,0.200000,1000.00,cifi0007.DBF
R69G,10R69G,0,00,00,5,11,27.85,255,0.00,37.57,3.300000,0.200000,1000.00,cifi0007.DBF
R69G,10R69G,0,00,00,5,12,32.17,284,0.00,41.80,3.300000,0.200000,1000.00,cifi0007.DBF
R69G,10R69G,0,00,00,5,13,36.54,313,0.00,46.07,3.300000,0.200000,1000.00,cifi0007.DBF
R69G,10R69G,0,00,00,5,14,41.03,340,0.00,50.42,3.300000,0.200000,1000.00,cifi0007.DBF
R69G,10R69G,0,00,00,5,15,45.66,366,0.00,54.90,3.300000,0.200000,1000.00,cifi0007.DBF
R69G,10R69G,0,00,00,5,16,50.45,391,0.00,59.53,3.300000,0.200000,1000.00,cifi0007.DBF
R69G,10R69G,0,00,00,5,17,55.45,416,0.00,64.34,3.300000,0.200000,1000.00,cifi0007.DBF
R69G,10R69G,0,00,00,5,18,60.64,441,0.00,69.34,3.300000,0.200000,1000.00,cifi0007.DBF
R69G,10R69G,0,00,00,5,19,66.02,464,0.00,74.54,3.300000,0.200000,1000.00,cifi0007.DBF
R69G,10R69G,0,00,00,5,20,71.61,487,0.00,79.93,3.300000,0.200000,1000.00,cifi0007.DBF
R69G,10R69G,0,00,00,5,21,77.41,509,0.00,85.52,3.300000,0.200000,1000.00,cifi0007.DBF
R69G,10R69G,0,00,00,5,22,83.41,531,0.00,91.32,3.300000,0.200000,1000.00,cifi0007.DBF
R69G,10R69G,0,00,00,5,23,89.60,551,0.00,97.30,3.300000,0.200000,1000.00,cifi0007.DBF
R69G,10R69G,0,00,00,5,24,96.05,572,0.00,103.51,3.300000,0.200000,1000.00,cifi0007.DBF
R69G,10R69G,0,00,00,5,25,102.78,591,0.00,109.99,3.300000,0.200000,1000.00,cifi0007.DBF
R69G,10R69G,0,00,00,5,26,109.80,611,0.00,116.74,3.300000,0.200000,1000.00,cifi0007.DBF
R69G,10R69G,0,00,00,5,27,117.12,629,0.00,123.78,3.300000,0.200000,1000.00,cifi0007.DBF
R69G,10R69G,0,00,00,5,28,124.74,647,0.00,131.12,3.300000,0.200000,1000.00,cifi0007.DBF
R69G,10R69G,0,00,00,5,29,132.65,665,0.00,138.75,3.300000,0.200000,1000.00,cifi0007.DBF
R69G,10R69G,0,00,00,5,30,140.87,682,0.00,146.67,3.300000,0.200000,1000.00,cifi0007.DBF
R69G,10R69G,0,00,00,5,31,149.40,699,0.00,154.90,3.300000,0.200000,1000.00,cifi0007.DBF
R69G,10R69G,0,00,00,5,32,158.22,715,0.00,163.42,3.300000,0.200000,1000.00,cifi0007.DBF
R69G,10R69G,0,00,00,5,33,167.36,730,0.00,172.24,3.300000,0.200000,1000.00,cifi0007.DBF
R69G,10R69G,0,00,00,5,34,176.79,745,0.00,181.36,3.300000,0.200000,1000.00,cifi0007.DBF
R69G,10R69G,0,00,00,5,35,186.53,759,0.00,190.77,3.300000,0.200000,1000.00,cifi0007.DBF
R69G,10R69G,0,00,00,5,36,196.59,773,0.00,200.49,3.300000,0.200000,1000.00,cifi0007.DBF
R69G,10R69G,0,00,00,5,37,206.96,787,0.00,210.52,3.300000,0.200000,1000.00,cifi0007.DBF
R69G,10R69G,0,00,00,5,38,217.62,800,0.00,220.85,3.300000,0.200000,1000.00,cifi0007.DBF
R69G,10R69G,0,00,00,5,39,228.59,812,0.00,231.47,3.300000,0.200000,1000.00,cifi0007.DBF
R69G,10R69G,0,00,00,5,40,239.84,824,0.00,242.37,3.300000,0.200000,1000.00,cifi0007.DBF
R69G,10R69G,0,00,00,5,41,251.38,836,0.00,253.55,3.300000,0.200000,1000.00,cifi0007.DBF
R69G,10R69G,0,00,00,5,42,263.22,847,0.00,265.02,3.300000,0.200000,1000.00,cifi0007.DBF
R69G,10R69G,0,00,00,5,43,275.38,857,0.00,276.79,3.300000,0.200000,1000.00,cifi0007.DBF
R69G,10R69G,0,00,00,5,44,287.94,868,0.00,288.91,3.300000,0.200000,1000.00,cifi0007.DBF
R69G,10R69G,0,00,00,5,45,300.92,878,0.00,301.44,3.300000,0.200000,1000.00,cifi0007.DBF
R69G,10R69G,0,00,00,5,46,314.30,888,0.00,314.37,3.300000,0.200000,1000.00,cifi0007.DBF
R69G,10R69G,0,00,00,5,47,328.07,897,0.00,327.68,3.300000,0.200000,1000.00,cifi0007.DBF
R69G,10R69G,0,00,00,5,48,342.18,906,0.00,341.34,3.300000,0.200000,1000.00,cifi0007.DBF
R69G,10R69G,0,00,00,5,49,356.61,915,0.00,355.32,3.300000,0.200000,1000.00,cifi0007.DBF
R69G,10R69G,0,00,00,5,50,371.34,924,0.00,369.61,3.300000,0.200000,1000.00,cifi0007.DBF
R69G,10R69G,0,00,00,5,51,386.33,932,0.00,384.16,3.300000,0.200000,1000.00,cifi0007.DBF
R69G,10R69G,0,00,00,5,52,401.59,940,0.00,398.97,3.300000,0.200000,1000.00,cifi0007.DBF
R69G,10R69G,0,00,00,5,53,417.13,948,0.00,414.03,3.300000,0.200000,1000.00,cifi0007.DBF
R69G,10R69G,0,00,00,5,54,433.05,956,0.00,429.41,3.300000,0.200000,1000.00,cifi0007.DBF
R69G,10R69G,0,00,00,5,55,449.34,964,0.00,445.16,3.300000,0.200000,1000.00,cifi0007.DBF
R69G,10R69G,0,00,00,5,56,465.97,971,0.00,461.25,3.300000,0.200000,1000.00,cifi0007.DBF
R69G,10R69G,0,00,00,5,57,482.88,979,0.00,477.62,3.300000,0.200000,1000.00,cifi0007.DBF
R69G,10R69G,0,00,00,5,58,499.99,986,0.00,494.21,3.300000,0.200000,1000.00,cifi0007.DBF
R69G,10R69G,0,00,00,5,59,517.30,993,0.00,510.99,3.300000,0.200000,1000.00,cifi0007.DBF
R69G,10R69G,0,00,00,5,60,534.82,1000,0.00,527.95,3.300000,0.200000,1000.00,cifi0007.DBF
R69G,10R69G,0,00,00,5,61,548.61,1000,0.00,541.72,0.000000,0.200000,1000.00,cifi0007.DBF
R69G,10R69G,0,00,00,5,62,562.47,1000,0.00,555.54,0.000000,0.200000,1000.00,cifi0007.DBF
R69G,10R69G,0,00,00,5,63,576.46,1000,0.00,569.47,0.000000,0.200000,1000.00,cifi0007.DBF
R69G,10R69G,0,00,00,5,64,590.58,1000,0.00,583.52,0.000000,0.200000,1000.00,cifi0007.DBF
R69G,10R69G,0,00,00,5,65,604.86,1000,0.00,597.72,0.000000,0.200000,1000.00,cifi0007.DBF
R69G,10R69G,0,00,00,5,66,619.24,1000,0.00,612.05,0.000000,0.200000,1000.00,cifi0007.DBF
R69G,10R69G,0,00,00,5,67,633.70,1000,0.00,626.47,0.000000,0.200000,1000.00,cifi0007.DBF
R69G,10R69G,0,00,00,5,68,648.02,1000,0.00,640.86,0.000000,0.200000,1000.00,cifi0007.DBF
R69G,10R69G,0,00,00,5,69,662.25,1000,0.00,655.14,0.000000,0.200000,1000.00,cifi0007.DBF
R69G,10R69G,0,00,00,5,70,676.42,1000,0.00,669.34,0.000000,0.200000,1000.00,cifi0007.DBF
R69G,10R69G,0,00,00,5,71,690.51,1000,0.00,683.46,0.000000,0.200000,1000.00,cifi0007.DBF
R69G,10R69G,0,00,00,5,72,704.51,1000,0.00,697.51,0.000000,0.200000,1000.00,cifi0007.DBF
R69G,10R69G,0,00,00,5,73,718.35,1000,0.00,711.43,0.000000,0.200000,1000.00,cifi0007.DBF
R69G,10R69G,0,00,00,5,74,731.92,1000,0.00,725.13,0.000000,0.200000,1000.00,cifi0007.DBF
R69G,10R69G,0,00,00,5,75,745.12,1000,0.00,738.52,0.000000,0.200000,1000.00,cifi0007.DBF
R69G,10R69G,0,00,00,5,76,757.95,1000,0.00,751.54,0.000000,0.200000,1000.00,cifi0007.DBF
R69G,10R69G,0,00,00,5,77,770.31,1000,0.00,764.13,0.000000,0.200000,1000.00,cifi0007.DBF
R69G,10R69G,0,00,00,5,78,782.28,1000,0.00,776.30,0.000000,0.200000,1000.00,cifi0007.DBF
R69G,10R69G,0,00,00,5,79,793.89,1000,0.00,788.08,0.000000,0.200000,1000.00,cifi0007.DBF
R69G,10R69G,0,00,00,5,80,805.09,1000,0.00,799.49,0.000000,0.200000,1000.00,cifi0007.DBF
R69G,10R69G,0,00,00,5,81,815.83,1000,0.00,810.46,0.000000,0.200000,1000.00,cifi0007.DBF
R69G,10R69G,0,00,00,5,82,826.04,1000,0.00,820.93,0.000000,0.200000,1000.00,cifi0007.DBF
R69G,10R69G,0,00,00,5,83,835.69,1000,0.00,830.86,0.000000,0.200000,1000.00,cifi0007.DBF
R69G,10R69G,0,00,00,5,84,844.79,1000,0.00,840.24,0.000000,0.200000,1000.00,cifi0007.DBF
R69G,10R69G,0,00,00,5,85,853.38,1000,0.00,849.08,0.000000,0.200000,1000.00,cifi0007.DBF
R69G,10R69G,0,00,00,5,86,861.53,1000,0.00,857.45,0.000000,0.200000,1000.00,cifi0007.DBF
R69G,10R69G,0,00,00,5,87,869.59,1000,0.00,865.56,0.000000,0.200000,1000.00,cifi0007.DBF
R69G,10R69G,0,00,00,5,88,877.74,1000,0.00,873.66,0.000000,0.200000,1000.00,cifi0007.DBF
R69G,10R69G,0,00,00,5,89,886.22,1000,0.00,881.98,0.000000,0.200000,1000.00,cifi0007.DBF
R69G,10R69G,0,00,00,5,90,895.40,1000,0.00,890.81,0.000000,0.200000,1000.00,cifi0007.DBF
R69G,10R69G,0,00,00,5,91,905.88,1000,0.00,900.64,0.000000,0.200000,1000.00,cifi0007.DBF
R69G,10R69G,0,00,00,5,92,918.97,1000,0.00,912.42,0.000000,0.200000,1000.00,cifi0007.DBF
R69G,10R69G,0,00,00,5,93,936.46,1000,0.00,927.71,0.000000,0.200000,1000.00,cifi0007.DBF
R69G,10R69G,0,00,00,5,94,961.54,1000,0.00,949.00,0.000000,0.200000,1000.00,cifi0007.DBF
R69G,10R69G,0,00,00,6,1,0.00,0,0.00,0.11,0.210000,0.210000,1000.00,cifi0007.DBF
R69G,10R69G,0,00,00,6,2,0.00,0,0.00,3.40,3.440000,0.210000,1000.00,cifi0007.DBF
R69G,10R69G,0,00,00,6,3,0.00,0,0.00,6.83,3.440000,0.210000,1000.00,cifi0007.DBF
R69G,10R69G,0,00,00,6,4,0.00,0,0.00,10.40,3.440000,0.210000,1000.00,cifi0007.DBF
R69G,10R69G,0,00,00,6,5,3.68,41,0.00,14.11,3.440000,0.210000,1000.00,cifi0007.DBF
R69G,10R69G,0,00,00,6,6,7.68,81,0.00,17.97,3.440000,0.210000,1000.00,cifi0007.DBF
R69G,10R69G,0,00,00,6,7,11.84,121,0.00,21.98,3.440000,0.210000,1000.00,cifi0007.DBF
R69G,10R69G,0,00,00,6,8,16.17,159,0.00,26.16,3.440000,0.210000,1000.00,cifi0007.DBF
R69G,10R69G,0,00,00,6,9,20.43,193,0.00,30.39,3.440000,0.210000,1000.00,cifi0007.DBF
R69G,10R69G,0,00,00,6,10,24.73,226,0.00,34.59,3.440000,0.210000,1000.00,cifi0007.DBF
R69G,10R69G,0,00,00,6,11,29.07,257,0.00,38.84,3.440000,0.210000,1000.00,cifi0007.DBF
R69G,10R69G,0,00,00,6,12,33.47,286,0.00,43.13,3.440000,0.210000,1000.00,cifi0007.DBF
R69G,10R69G,0,00,00,6,13,37.97,314,0.00,47.50,3.440000,0.210000,1000.00,cifi0007.DBF
R69G,10R69G,0,00,00,6,14,42.63,342,0.00,52.01,3.440000,0.210000,1000.00,cifi0007.DBF
R69G,10R69G,0,00,00,6,15,47.45,368,0.00,56.66,3.440000,0.210000,1000.00,cifi0007.DBF
R69G,10R69G,0,00,00,6,16,52.48,394,0.00,61.50,3.440000,0.210000,1000.00,cifi0007.DBF
R69G,10R69G,0,00,00,6,17,57.69,419,0.00,66.53,3.440000,0.210000,1000.00,cifi0007.DBF
R69G,10R69G,0,00,00,6,18,63.10,444,0.00,71.75,3.440000,0.210000,1000.00,cifi0007.DBF
R69G,10R69G,0,00,00,6,19,68.72,467,0.00,77.17,3.440000,0.210000,1000.00,cifi0007.DBF
R69G,10R69G,0,00,00,6,20,74.56,490,0.00,82.79,3.440000,0.210000,1000.00,cifi0007.DBF
R69G,10R69G,0,00,00,6,21,80.58,513,0.00,88.62,3.440000,0.210000,1000.00,cifi0007.DBF
R69G,10R69G,0,00,00,6,22,86.81,534,0.00,94.64,3.440000,0.210000,1000.00,cifi0007.DBF
R69G,10R69G,0,00,00,6,23,93.29,555,0.00,100.88,3.440000,0.210000,1000.00,cifi0007.DBF
R69G,10R69G,0,00,00,6,24,100.06,576,0.00,107.39,3.440000,0.210000,1000.00,cifi0007.DBF
R69G,10R69G,0,00,00,6,25,107.12,596,0.00,114.18,3.440000,0.210000,1000.00,cifi0007.DBF
R69G,10R69G,0,00,00,6,26,114.48,615,0.00,121.26,3.440000,0.210000,1000.00,cifi0007.DBF
R69G,10R69G,0,00,00,6,27,122.14,634,0.00,128.64,3.440000,0.210000,1000.00,cifi0007.DBF
R69G,10R69G,0,00,00,6,28,130.10,652,0.00,136.31,3.440000,0.210000,1000.00,cifi0007.DBF
R69G,10R69G,0,00,00,6,29,138.36,670,0.00,144.27,3.440000,0.210000,1000.00,cifi0007.DBF
R69G,10R69G,0,00,00,6,30,146.93,687,0.00,152.54,3.440000,0.210000,1000.00,cifi0007.DBF
R69G,10R69G,0,00,00,6,31,155.80,704,0.00,161.11,3.440000,0.210000,1000.00,cifi0007.DBF
R69G,10R69G,0,00,00,6,32,164.99,720,0.00,169.98,3.440000,0.210000,1000.00,cifi0007.DBF
R69G,10R69G,0,00,00,6,33,174.47,735,0.00,179.14,3.440000,0.210000,1000.00,cifi0007.DBF
R69G,10R69G,0,00,00,6,34,184.27,750,0.00,188.61,3.440000,0.210000,1000.00,cifi0007.DBF
R69G,10R69G,0,00,00,6,35,194.38,765,0.00,198.38,3.440000,0.210000,1000.00,cifi0007.DBF
R69G,10R69G,0,00,00,6,36,204.81,779,0.00,208.47,3.440000,0.210000,1000.00,cifi0007.DBF
R69G,10R69G,0,00,00,6,37,215.53,792,0.00,218.85,3.440000,0.210000,1000.00,cifi0007.DBF
R69G,10R69G,0,00,00,6,38,226.57,805,0.00,229.53,3.440000,0.210000,1000.00,cifi0007.DBF
R69G,10R69G,0,00,00,6,39,237.88,817,0.00,240.50,3.440000,0.210000,1000.00,cifi0007.DBF
R69G,10R69G,0,00,00,6,40,249.48,829,0.00,251.74,3.440000,0.210000,1000.00,cifi0007.DBF
R69G,10R69G,0,00,00,6,41,261.39,841,0.00,263.27,3.440000,0.210000,1000.00,cifi0007.DBF
R69G,10R69G,0,00,00,6,42,273.62,852,0.00,275.11,3.440000,0.210000,1000.00,cifi0007.DBF
R69G,10R69G,0,00,00,6,43,286.26,863,0.00,287.31,3.440000,0.210000,1000.00,cifi0007.DBF
R69G,10R69G,0,00,00,6,44,299.31,873,0.00,299.91,3.440000,0.210000,1000.00,cifi0007.DBF
R69G,10R69G,0,00,00,6,45,312.78,883,0.00,312.91,3.440000,0.210000,1000.00,cifi0007.DBF
R69G,10R69G,0,00,00,6,46,326.63,893,0.00,326.30,3.440000,0.210000,1000.00,cifi0007.DBF
R69G,10R69G,0,00,00,6,47,340.82,903,0.00,340.04,3.440000,0.210000,1000.00,cifi0007.DBF
R69G,10R69G,0,00,00,6,48,355.35,912,0.00,354.11,3.440000,0.210000,1000.00,cifi0007.DBF
R69G,10R69G,0,00,00,6,49,370.17,921,0.00,368.49,3.440000,0.210000,1000.00,cifi0007.DBF
R69G,10R69G,0,00,00,6,50,385.26,930,0.00,383.14,3.440000,0.210000,1000.00,cifi0007.DBF
R69G,10R69G,0,00,00,6,51,400.61,938,0.00,398.04,3.440000,0.210000,1000.00,cifi0007.DBF
R69G,10R69G,0,00,00,6,52,416.25,946,0.00,413.20,3.440000,0.210000,1000.00,cifi0007.DBF
R69G,10R69G,0,00,00,6,53,432.28,955,0.00,428.68,3.440000,0.210000,1000.00,cifi0007.DBF
R69G,10R69G,0,00,00,6,54,448.69,962,0.00,444.54,3.440000,0.210000,1000.00,cifi0007.DBF
R69G,10R69G,0,00,00,6,55,465.44,970,0.00,460.74,3.440000,0.210000,1000.00,cifi0007.DBF
R69G,10R69G,0,00,00,6,56,482.47,978,0.00,477.23,3.440000,0.210000,1000.00,cifi0007.DBF
R69G,10R69G,0,00,00,6,57,499.71,985,0.00,493.95,3.440000,0.210000,1000.00,cifi0007.DBF
R69G,10R69G,0,00,00,6,58,517.15,993,0.00,510.85,3.440000,0.210000,1000.00,cifi0007.DBF
R69G,10R69G,0,00,00,6,59,534.82,1000,0.00,527.95,3.440000,0.210000,1000.00,cifi0007.DBF
R69G,10R69G,0,00,00,6,60,548.61,1000,0.00,541.72,0.000000,0.210000,1000.00,cifi0007.DBF
R69G,10R69G,0,00,00,6,61,562.47,1000,0.00,555.54,0.000000,0.210000,1000.00,cifi0007.DBF
R69G,10R69G,0,00,00,6,62,576.46,1000,0.00,569.47,0.000000,0.210000,1000.00,cifi0007.DBF
R69G,10R69G,0,00,00,6,63,590.58,1000,0.00,583.52,0.000000,0.210000,1000.00,cifi0007.DBF
R69G,10R69G,0,00,00,6,64,604.86,1000,0.00,597.72,0.000000,0.210000,1000.00,cifi0007.DBF
R69G,10R69G,0,00,00,6,65,619.24,1000,0.00,612.05,0.000000,0.210000,1000.00,cifi0007.DBF
R69G,10R69G,0,00,00,6,66,633.70,1000,0.00,626.47,0.000000,0.210000,1000.00,cifi0007.DBF
R69G,10R69G,0,00,00,6,67,648.02,1000,0.00,640.86,0.000000,0.210000,1000.00,cifi0007.DBF
R69G,10R69G,0,00,00,6,68,662.25,1000,0.00,655.14,0.000000,0.210000,1000.00,cifi0007.DBF
R69G,10R69G,0,00,00,6,69,676.42,1000,0.00,669.34,0.000000,0.210000,1000.00,cifi0007.DBF
R69G,10R69G,0,00,00,6,70,690.51,1000,0.00,683.46,0.000000,0.210000,1000.00,cifi0007.DBF
R69G,10R69G,0,00,00,6,71,704.51,1000,0.00,697.51,0.000000,0.210000,1000.00,cifi0007.DBF
R69G,10R69G,0,00,00,6,72,718.35,1000,0.00,711.43,0.000000,0.210000,1000.00,cifi0007.DBF
R69G,10R69G,0,00,00,6,73,731.92,1000,0.00,725.13,0.000000,0.210000,1000.00,cifi0007.DBF
R69G,10R69G,0,00,00,6,74,745.12,1000,0.00,738.52,0.000000,0.210000,1000.00,cifi0007.DBF
R69G,10R69G,0,00,00,6,75,757.95,1000,0.00,751.54,0.000000,0.210000,1000.00,cifi0007.DBF
R69G,10R69G,0,00,00,6,76,770.31,1000,0.00,764.13,0.000000,0.210000,1000.00,cifi0007.DBF
R69G,10R69G,0,00,00,6,77,782.28,1000,0.00,776.30,0.000000,0.210000,1000.00,cifi0007.DBF
R69G,10R69G,0,00,00,6,78,793.89,1000,0.00,788.08,0.000000,0.210000,1000.00,cifi0007.DBF
R69G,10R69G,0,00,00,6,79,805.09,1000,0.00,799.49,0.000000,0.210000,1000.00,cifi0007.DBF
R69G,10R69G,0,00,00,6,80,815.83,1000,0.00,810.46,0.000000,0.210000,1000.00,cifi0007.DBF
R69G,10R69G,0,00,00,6,81,826.04,1000,0.00,820.93,0.000000,0.210000,1000.00,cifi0007.DBF
R69G,10R69G,0,00,00,6,82,835.69,1000,0.00,830.86,0.000000,0.210000,1000.00,cifi0007.DBF
R69G,10R69G,0,00,00,6,83,844.79,1000,0.00,840.24,0.000000,0.210000,1000.00,cifi0007.DBF
R69G,10R69G,0,00,00,6,84,853.38,1000,0.00,849.08,0.000000,0.210000,1000.00,cifi0007.DBF
R69G,10R69G,0,00,00,6,85,861.53,1000,0.00,857.45,0.000000,0.210000,1000.00,cifi0007.DBF
R69G,10R69G,0,00,00,6,86,869.59,1000,0.00,865.56,0.000000,0.210000,1000.00,cifi0007.DBF
R69G,10R69G,0,00,00,6,87,877.74,1000,0.00,873.66,0.000000,0.210000,1000.00,cifi0007.DBF
R69G,10R69G,0,00,00,6,88,886.22,1000,0.00,881.98,0.000000,0.210000,1000.00,cifi0007.DBF
R69G,10R69G,0,00,00,6,89,895.40,1000,0.00,890.81,0.000000,0.210000,1000.00,cifi0007.DBF
R69G,10R69G,0,00,00,6,90,905.88,1000,0.00,900.64,0.000000,0.210000,1000.00,cifi0007.DBF
R69G,10R69G,0,00,00,6,91,918.97,1000,0.00,912.42,0.000000,0.210000,1000.00,cifi0007.DBF
R69G,10R69G,0,00,00,6,92,936.46,1000,0.00,927.71,0.000000,0.210000,1000.00,cifi0007.DBF
R69G,10R69G,0,00,00,6,93,961.54,1000,0.00,949.00,0.000000,0.210000,1000.00,cifi0007.DBF
R69G,10R69G,0,00,00,7,1,0.00,0,0.00,0.11,0.210000,0.210000,1000.00,cifi0007.DBF
R69G,10R69G,0,00,00,7,2,0.00,0,0.00,3.55,3.590000,0.210000,1000.00,cifi0007.DBF
R69G,10R69G,0,00,00,7,3,0.00,0,0.00,7.14,3.590000,0.210000,1000.00,cifi0007.DBF
R69G,10R69G,0,00,00,7,4,0.29,4,0.00,10.87,3.590000,0.210000,1000.00,cifi0007.DBF
R69G,10R69G,0,00,00,7,5,4.31,46,0.00,14.75,3.590000,0.210000,1000.00,cifi0007.DBF
R69G,10R69G,0,00,00,7,6,8.50,87,0.00,18.78,3.590000,0.210000,1000.00,cifi0007.DBF
R69G,10R69G,0,00,00,7,7,12.85,126,0.00,22.98,3.590000,0.210000,1000.00,cifi0007.DBF
R69G,10R69G,0,00,00,7,8,17.13,162,0.00,27.23,3.590000,0.210000,1000.00,cifi0007.DBF
R69G,10R69G,0,00,00,7,9,21.45,196,0.00,31.46,3.590000,0.210000,1000.00,cifi0007.DBF
R69G,10R69G,0,00,00,7,10,25.82,228,0.00,35.73,3.590000,0.210000,1000.00,cifi0007.DBF
R69G,10R69G,0,00,00,7,11,30.24,259,0.00,40.04,3.590000,0.210000,1000.00,cifi0007.DBF
R69G,10R69G,0,00,00,7,12,34.77,288,0.00,44.44,3.590000,0.210000,1000.00,cifi0007.DBF
R69G,10R69G,0,00,00,7,13,39.45,316,0.00,48.97,3.590000,0.210000,1000.00,cifi0007.DBF
R69G,10R69G,0,00,00,7,14,44.30,344,0.00,53.65,3.590000,0.210000,1000.00,cifi0007.DBF
R69G,10R69G,0,00,00,7,15,49.36,371,0.00,58.52,3.590000,0.210000,1000.00,cifi0007.DBF
R69G,10R69G,0,00,00,7,16,54.60,397,0.00,63.57,3.590000,0.210000,1000.00,cifi0007.DBF
R69G,10R69G,0,00,00,7,17,60.04,422,0.00,68.82,3.590000,0.210000,1000.00,cifi0007.DBF
R69G,10R69G,0,00,00,7,18,65.69,447,0.00,74.27,3.590000,0.210000,1000.00,cifi0007.DBF
R69G,10R69G,0,00,00,7,19,71.56,471,0.00,79.93,3.590000,0.210000,1000.00,cifi0007.DBF
R69G,10R69G,0,00,00,7,20,77.62,494,0.00,85.79,3.590000,0.210000,1000.00,cifi0007.DBF
R69G,10R69G,0,00,00,7,21,83.88,516,0.00,91.84,3.590000,0.210000,1000.00,cifi0007.DBF
R69G,10R69G,0,00,00,7,22,90.40,538,0.00,98.11,3.590000,0.210000,1000.00,cifi0007.DBF
R69G,10R69G,0,00,00,7,23,97.21,559,0.00,104.66,3.590000,0.210000,1000.00,cifi0007.DBF
R69G,10R69G,0,00,00,7,24,104.31,580,0.00,111.49,3.590000,0.210000,1000.00,cifi0007.DBF
R69G,10R69G,0,00,00,7,25,111.71,600,0.00,118.61,3.590000,0.210000,1000.00,cifi0007.DBF
R69G,10R69G,0,00,00,7,26,119.41,620,0.00,126.03,3.590000,0.210000,1000.00,cifi0007.DBF
R69G,10R69G,0,00,00,7,27,127.41,639,0.00,133.74,3.590000,0.210000,1000.00,cifi0007.DBF
R69G,10R69G,0,00,00,7,28,135.72,657,0.00,141.75,3.590000,0.210000,1000.00,cifi0007.DBF
R69G,10R69G,0,00,00,7,29,144.34,675,0.00,150.07,3.590000,0.210000,1000.00,cifi0007.DBF
R69G,10R69G,0,00,00,7,30,153.27,692,0.00,158.68,3.590000,0.210000,1000.00,cifi0007.DBF
R69G,10R69G,0,00,00,7,31,162.50,709,0.00,167.60,3.590000,0.210000,1000.00,cifi0007.DBF
R69G,10R69G,0,00,00,7,32,172.04,725,0.00,176.82,3.590000,0.210000,1000.00,cifi0007.DBF
R69G,10R69G,0,00,00,7,33,181.89,741,0.00,186.34,3.590000,0.210000,1000.00,cifi0007.DBF
R69G,10R69G,0,00,00,7,34,192.07,756,0.00,196.17,3.590000,0.210000,1000.00,cifi0007.DBF
R69G,10R69G,0,00,00,7,35,202.55,770,0.00,206.31,3.590000,0.210000,1000.00,cifi0007.DBF
R69G,10R69G,0,00,00,7,36,213.34,784,0.00,216.76,3.590000,0.210000,1000.00,cifi0007.DBF
R69G,10R69G,0,00,00,7,37,224.44,797,0.00,227.50,3.590000,0.210000,1000.00,cifi0007.DBF
R69G,10R69G,0,00,00,7,38,235.82,810,0.00,238.53,3.590000,0.210000,1000.00,cifi0007.DBF
R69G,10R69G,0,00,00,7,39,247.49,823,0.00,249.84,3.590000,0.210000,1000.00,cifi0007.DBF
R69G,10R69G,0,00,00,7,40,259.47,835,0.00,261.44,3.590000,0.210000,1000.00,cifi0007.DBF
R69G,10R69G,0,00,00,7,41,271.77,846,0.00,273.35,3.590000,0.210000,1000.00,cifi0007.DBF
R69G,10R69G,0,00,00,7,42,284.49,857,0.00,285.62,3.590000,0.210000,1000.00,cifi0007.DBF
R69G,10R69G,0,00,00,7,43,297.63,868,0.00,298.30,3.590000,0.210000,1000.00,cifi0007.DBF
R69G,10R69G,0,00,00,7,44,311.18,879,0.00,311.38,3.590000,0.210000,1000.00,cifi0007.DBF
R69G,10R69G,0,00,00,7,45,325.11,889,0.00,324.85,3.590000,0.210000,1000.00,cifi0007.DBF
R69G,10R69G,0,00,00,7,46,339.39,899,0.00,338.68,3.590000,0.210000,1000.00,cifi0007.DBF
R69G,10R69G,0,00,00,7,47,354.02,909,0.00,352.84,3.590000,0.210000,1000.00,cifi0007.DBF
R69G,10R69G,0,00,00,7,48,368.94,918,0.00,367.32,3.590000,0.210000,1000.00,cifi0007.DBF
R69G,10R69G,0,00,00,7,49,384.12,927,0.00,382.06,3.590000,0.210000,1000.00,cifi0007.DBF
R69G,10R69G,0,00,00,7,50,399.59,936,0.00,397.06,3.590000,0.210000,1000.00,cifi0007.DBF
R69G,10R69G,0,00,00,7,51,415.34,944,0.00,412.33,3.590000,0.210000,1000.00,cifi0007.DBF
R69G,10R69G,0,00,00,7,52,431.48,953,0.00,427.92,3.590000,0.210000,1000.00,cifi0007.DBF
R69G,10R69G,0,00,00,7,53,448.01,961,0.00,443.89,3.590000,0.210000,1000.00,cifi0007.DBF
R69G,10R69G,0,00,00,7,54,464.88,969,0.00,460.20,3.590000,0.210000,1000.00,cifi0007.DBF
R69G,10R69G,0,00,00,7,55,482.04,977,0.00,476.82,3.590000,0.210000,1000.00,cifi0007.DBF
R69G,10R69G,0,00,00,7,56,499.42,985,0.00,493.67,3.590000,0.210000,1000.00,cifi0007.DBF
R69G,10R69G,0,00,00,7,57,517.00,993,0.00,510.71,3.590000,0.210000,1000.00,cifi0007.DBF
R69G,10R69G,0,00,00,7,58,534.82,1000,0.00,527.95,3.590000,0.210000,1000.00,cifi0007.DBF
R69G,10R69G,0,00,00,7,59,548.61,1000,0.00,541.72,0.000000,0.210000,1000.00,cifi0007.DBF
R69G,10R69G,0,00,00,7,60,562.47,1000,0.00,555.54,0.000000,0.210000,1000.00,cifi0007.DBF
R69G,10R69G,0,00,00,7,61,576.46,1000,0.00,569.47,0.000000,0.210000,1000.00,cifi0007.DBF
R69G,10R69G,0,00,00,7,62,590.58,1000,0.00,583.52,0.000000,0.210000,1000.00,cifi0007.DBF
R69G,10R69G,0,00,00,7,63,604.86,1000,0.00,597.72,0.000000,0.210000,1000.00,cifi0007.DBF
R69G,10R69G,0,00,00,7,64,619.24,1000,0.00,612.05,0.000000,0.210000,1000.00,cifi0007.DBF
R69G,10R69G,0,00,00,7,65,633.70,1000,0.00,626.47,0.000000,0.210000,1000.00,cifi0007.DBF
R69G,10R69G,0,00,00,7,66,648.02,1000,0.00,640.86,0.000000,0.210000,1000.00,cifi0007.DBF
R69G,10R69G,0,00,00,7,67,662.25,1000,0.00,655.14,0.000000,0.210000,1000.00,cifi0007.DBF
R69G,10R69G,0,00,00,7,68,676.42,1000,0.00,669.34,0.000000,0.210000,1000.00,cifi0007.DBF
R69G,10R69G,0,00,00,7,69,690.51,1000,0.00,683.46,0.000000,0.210000,1000.00,cifi0007.DBF
R69G,10R69G,0,00,00,7,70,704.51,1000,0.00,697.51,0.000000,0.210000,1000.00,cifi0007.DBF
R69G,10R69G,0,00,00,7,71,718.35,1000,0.00,711.43,0.000000,0.210000,1000.00,cifi0007.DBF
R69G,10R69G,0,00,00,7,72,731.92,1000,0.00,725.13,0.000000,0.210000,1000.00,cifi0007.DBF
R69G,10R69G,0,00,00,7,73,745.12,1000,0.00,738.52,0.000000,0.210000,1000.00,cifi0007.DBF
R69G,10R69G,0,00,00,7,74,757.95,1000,0.00,751.54,0.000000,0.210000,1000.00,cifi0007.DBF
R69G,10R69G,0,00,00,7,75,770.31,1000,0.00,764.13,0.000000,0.210000,1000.00,cifi0007.DBF
R69G,10R69G,0,00,00,7,76,782.28,1000,0.00,776.30,0.000000,0.210000,1000.00,cifi0007.DBF
R69G,10R69G,0,00,00,7,77,793.89,1000,0.00,788.08,0.000000,0.210000,1000.00,cifi0007.DBF
R69G,10R69G,0,00,00,7,78,805.09,1000,0.00,799.49,0.000000,0.210000,1000.00,cifi0007.DBF
R69G,10R69G,0,00,00,7,79,815.83,1000,0.00,810.46,0.000000,0.210000,1000.00,cifi0007.DBF
R69G,10R69G,0,00,00,7,80,826.04,1000,0.00,820.93,0.000000,0.210000,1000.00,cifi0007.DBF
R69G,10R69G,0,00,00,7,81,835.69,1000,0.00,830.86,0.000000,0.210000,1000.00,cifi0007.DBF
R69G,10R69G,0,00,00,7,82,844.79,1000,0.00,840.24,0.000000,0.210000,1000.00,cifi0007.DBF
R69G,10R69G,0,00,00,7,83,853.38,1000,0.00,849.08,0.000000,0.210000,1000.00,cifi0007.DBF
R69G,10R69G,0,00,00,7,84,861.53,1000,0.00,857.45,0.000000,0.210000,1000.00,cifi0007.DBF
R69G,10R69G,0,00,00,7,85,869.59,1000,0.00,865.56,0.000000,0.210000,1000.00,cifi0007.DBF
R69G,10R69G,0,00,00,7,86,877.74,1000,0.00,873.66,0.000000,0.210000,1000.00,cifi0007.DBF
R69G,10R69G,0,00,00,7,87,886.22,1000,0.00,881.98,0.000000,0.210000,1000.00,cifi0007.DBF
R69G,10R69G,0,00,00,7,88,895.40,1000,0.00,890.81,0.000000,0.210000,1000.00,cifi0007.DBF
R69G,10R69G,0,00,00,7,89,905.88,1000,0.00,900.64,0.000000,0.210000,1000.00,cifi0007.DBF
R69G,10R69G,0,00,00,7,90,918.97,1000,0.00,912.42,0.000000,0.210000,1000.00,cifi0007.DBF
R69G,10R69G,0,00,00,7,91,936.46,1000,0.00,927.71,0.000000,0.210000,1000.00,cifi0007.DBF
R69G,10R69G,0,00,00,7,92,961.54,1000,0.00,949.00,0.000000,0.210000,1000.00,cifi0007.DBF
R69G,10R69G,0,00,00,8,1,0.00,0,0.00,0.11,0.210000,0.210000,1000.00,cifi0007.DBF
R69G,10R69G,0,00,00,8,2,0.00,0,0.00,3.71,3.750000,0.210000,1000.00,cifi0007.DBF
R69G,10R69G,0,00,00,8,3,0.00,0,0.00,7.46,3.750000,0.210000,1000.00,cifi0007.DBF
R69G,10R69G,0,00,00,8,4,0.78,9,0.00,11.36,3.750000,0.210000,1000.00,cifi0007.DBF
R69G,10R69G,0,00,00,8,5,4.98,51,0.00,15.42,3.750000,0.210000,1000.00,cifi0007.DBF
R69G,10R69G,0,00,00,8,6,9.36,92,0.00,19.64,3.750000,0.210000,1000.00,cifi0007.DBF
R69G,10R69G,0,00,00,8,7,13.67,130,0.00,23.91,3.750000,0.210000,1000.00,cifi0007.DBF
R69G,10R69G,0,00,00,8,8,18.01,165,0.00,28.16,3.750000,0.210000,1000.00,cifi0007.DBF
R69G,10R69G,0,00,00,8,9,22.40,198,0.00,32.46,3.750000,0.210000,1000.00,cifi0007.DBF
R69G,10R69G,0,00,00,8,10,26.85,230,0.00,36.80,3.750000,0.210000,1000.00,cifi0007.DBF
R69G,10R69G,0,00,00,8,11,31.41,260,0.00,41.22,3.750000,0.210000,1000.00,cifi0007.DBF
R69G,10R69G,0,00,00,8,12,36.12,290,0.00,45.78,3.750000,0.210000,1000.00,cifi0007.DBF
R69G,10R69G,0,00,00,8,13,41.00,318,0.00,50.48,3.750000,0.210000,1000.00,cifi0007.DBF
R69G,10R69G,0,00,00,8,14,46.08,346,0.00,55.38,3.750000,0.210000,1000.00,cifi0007.DBF
R69G,10R69G,0,00,00,8,15,51.35,373,0.00,60.46,3.750000,0.210000,1000.00,cifi0007.DBF
R69G,10R69G,0,00,00,8,16,56.83,400,0.00,65.74,3.750000,0.210000,1000.00,cifi0007.DBF
R69G,10R69G,0,00,00,8,17,62.51,425,0.00,71.23,3.750000,0.210000,1000.00,cifi0007.DBF
R69G,10R69G,0,00,00,8,18,68.41,450,0.00,76.92,3.750000,0.210000,1000.00,cifi0007.DBF
R69G,10R69G,0,00,00,8,19,74.51,474,0.00,82.81,3.750000,0.210000,1000.00,cifi0007.DBF
R69G,10R69G,0,00,00,8,20,80.80,497,0.00,88.89,3.750000,0.210000,1000.00,cifi0007.DBF
R69G,10R69G,0,00,00,8,21,87.37,520,0.00,95.21,3.750000,0.210000,1000.00,cifi0007.DBF
R69G,10R69G,0,00,00,8,22,94.21,542,0.00,101.79,3.750000,0.210000,1000.00,cifi0007.DBF
R69G,10R69G,0,00,00,8,23,101.35,564,0.00,108.66,3.750000,0.210000,1000.00,cifi0007.DBF
R69G,10R69G,0,00,00,8,24,108.80,585,0.00,115.83,3.750000,0.210000,1000.00,cifi0007.DBF
R69G,10R69G,0,00,00,8,25,116.55,605,0.00,123.29,3.750000,0.210000,1000.00,cifi0007.DBF
R69G,10R69G,0,00,00,8,26,124.60,625,0.00,131.05,3.750000,0.210000,1000.00,cifi0007.DBF
R69G,10R69G,0,00,00,8,27,132.95,644,0.00,139.10,3.750000,0.210000,1000.00,cifi0007.DBF
R69G,10R69G,0,00,00,8,28,141.63,662,0.00,147.47,3.750000,0.210000,1000.00,cifi0007.DBF
R69G,10R69G,0,00,00,8,29,150.60,680,0.00,156.13,3.750000,0.210000,1000.00,cifi0007.DBF
R69G,10R69G,0,00,00,8,30,159.89,698,0.00,165.10,3.750000,0.210000,1000.00,cifi0007.DBF
R69G,10R69G,0,00,00,8,31,169.49,714,0.00,174.38,3.750000,0.210000,1000.00,cifi0007.DBF
R69G,10R69G,0,00,00,8,32,179.40,730,0.00,183.95,3.750000,0.210000,1000.00,cifi0007.DBF
R69G,10R69G,0,00,00,8,33,189.63,746,0.00,193.84,3.750000,0.210000,1000.00,cifi0007.DBF
R69G,10R69G,0,00,00,8,34,200.18,761,0.00,204.05,3.750000,0.210000,1000.00,cifi0007.DBF
R69G,10R69G,0,00,00,8,35,211.04,775,0.00,214.55,3.750000,0.210000,1000.00,cifi0007.DBF
R69G,10R69G,0,00,00,8,36,222.21,789,0.00,225.36,3.750000,0.210000,1000.00,cifi0007.DBF
R69G,10R69G,0,00,00,8,37,233.66,803,0.00,236.46,3.750000,0.210000,1000.00,cifi0007.DBF
R69G,10R69G,0,00,00,8,38,245.40,816,0.00,247.84,3.750000,0.210000,1000.00,cifi0007.DBF
R69G,10R69G,0,00,00,8,39,257.46,828,0.00,259.51,3.750000,0.210000,1000.00,cifi0007.DBF
R69G,10R69G,0,00,00,8,40,269.84,840,0.00,271.50,3.750000,0.210000,1000.00,cifi0007.DBF
R69G,10R69G,0,00,00,8,41,282.64,852,0.00,283.85,3.750000,0.210000,1000.00,cifi0007.DBF
R69G,10R69G,0,00,00,8,42,295.86,863,0.00,296.61,3.750000,0.210000,1000.00,cifi0007.DBF
R69G,10R69G,0,00,00,8,43,309.49,874,0.00,309.77,3.750000,0.210000,1000.00,cifi0007.DBF
R69G,10R69G,0,00,00,8,44,323.52,885,0.00,323.33,3.750000,0.210000,1000.00,cifi0007.DBF
R69G,10R69G,0,00,00,8,45,337.90,895,0.00,337.25,3.750000,0.210000,1000.00,cifi0007.DBF
R69G,10R69G,0,00,00,8,46,352.62,905,0.00,351.51,3.750000,0.210000,1000.00,cifi0007.DBF
R69G,10R69G,0,00,00,8,47,367.64,915,0.00,366.08,3.750000,0.210000,1000.00,cifi0007.DBF
R69G,10R69G,0,00,00,8,48,382.93,924,0.00,380.92,3.750000,0.210000,1000.00,cifi0007.DBF
R69G,10R69G,0,00,00,8,49,398.51,933,0.00,396.03,3.750000,0.210000,1000.00,cifi0007.DBF
R69G,10R69G,0,00,00,8,50,414.37,942,0.00,411.41,3.750000,0.210000,1000.00,cifi0007.DBF
R69G,10R69G,0,00,00,8,51,430.63,951,0.00,427.11,3.750000,0.210000,1000.00,cifi0007.DBF
R69G,10R69G,0,00,00,8,52,447.29,959,0.00,443.20,3.750000,0.210000,1000.00,cifi0007.DBF
R69G,10R69G,0,00,00,8,53,464.29,968,0.00,459.64,3.750000,0.210000,1000.00,cifi0007.DBF
R69G,10R69G,0,00,00,8,54,481.59,976,0.00,476.39,3.750000,0.210000,1000.00,cifi0007.DBF
R69G,10R69G,0,00,00,8,55,499.11,984,0.00,493.37,3.750000,0.210000,1000.00,cifi0007.DBF
R69G,10R69G,0,00,00,8,56,516.84,992,0.00,510.56,3.750000,0.210000,1000.00,cifi0007.DBF
R69G,10R69G,0,00,00,8,57,534.82,1000,0.00,527.95,3.750000,0.210000,1000.00,cifi0007.DBF
R69G,10R69G,0,00,00,8,58,548.61,1000,0.00,541.72,0.000000,0.210000,1000.00,cifi0007.DBF
R69G,10R69G,0,00,00,8,59,562.47,1000,0.00,555.54,0.000000,0.210000,1000.00,cifi0007.DBF
R69G,10R69G,0,00,00,8,60,576.46,1000,0.00,569.47,0.000000,0.210000,1000.00,cifi0007.DBF
R69G,10R69G,0,00,00,8,61,590.58,1000,0.00,583.52,0.000000,0.210000,1000.00,cifi0007.DBF
R69G,10R69G,0,00,00,8,62,604.86,1000,0.00,597.72,0.000000,0.210000,1000.00,cifi0007.DBF
R69G,10R69G,0,00,00,8,63,619.24,1000,0.00,612.05,0.000000,0.210000,1000.00,cifi0007.DBF
R69G,10R69G,0,00,00,8,64,633.70,1000,0.00,626.47,0.000000,0.210000,1000.00,cifi0007.DBF
R69G,10R69G,0,00,00,8,65,648.02,1000,0.00,640.86,0.000000,0.210000,1000.00,cifi0007.DBF
R69G,10R69G,0,00,00,8,66,662.25,1000,0.00,655.14,0.000000,0.210000,1000.00,cifi0007.DBF
R69G,10R69G,0,00,00,8,67,676.42,1000,0.00,669.34,0.000000,0.210000,1000.00,cifi0007.DBF
R69G,10R69G,0,00,00,8,68,690.51,1000,0.00,683.46,0.000000,0.210000,1000.00,cifi0007.DBF
R69G,10R69G,0,00,00,8,69,704.51,1000,0.00,697.51,0.000000,0.210000,1000.00,cifi0007.DBF
R69G,10R69G,0,00,00,8,70,718.35,1000,0.00,711.43,0.000000,0.210000,1000.00,cifi0007.DBF
R69G,10R69G,0,00,00,8,71,731.92,1000,0.00,725.13,0.000000,0.210000,1000.00,cifi0007.DBF
R69G,10R69G,0,00,00,8,72,745.12,1000,0.00,738.52,0.000000,0.210000,1000.00,cifi0007.DBF
R69G,10R69G,0,00,00,8,73,757.95,1000,0.00,751.54,0.000000,0.210000,1000.00,cifi0007.DBF
R69G,10R69G,0,00,00,8,74,770.31,1000,0.00,764.13,0.000000,0.210000,1000.00,cifi0007.DBF
R69G,10R69G,0,00,00,8,75,782.28,1000,0.00,776.30,0.000000,0.210000,1000.00,cifi0007.DBF
R69G,10R69G,0,00,00,8,76,793.89,1000,0.00,788.08,0.000000,0.210000,1000.00,cifi0007.DBF
R69G,10R69G,0,00,00,8,77,805.09,1000,0.00,799.49,0.000000,0.210000,1000.00,cifi0007.DBF
R69G,10R69G,0,00,00,8,78,815.83,1000,0.00,810.46,0.000000,0.210000,1000.00,cifi0007.DBF
R69G,10R69G,0,00,00,8,79,826.04,1000,0.00,820.93,0.000000,0.210000,1000.00,cifi0007.DBF
R69G,10R69G,0,00,00,8,80,835.69,1000,0.00,830.86,0.000000,0.210000,1000.00,cifi0007.DBF
R69G,10R69G,0,00,00,8,81,844.79,1000,0.00,840.24,0.000000,0.210000,1000.00,cifi0007.DBF
R69G,10R69G,0,00,00,8,82,853.38,1000,0.00,849.08,0.000000,0.210000,1000.00,cifi0007.DBF
R69G,10R69G,0,00,00,8,83,861.53,1000,0.00,857.45,0.000000,0.210000,1000.00,cifi0007.DBF
R69G,10R69G,0,00,00,8,84,869.59,1000,0.00,865.56,0.000000,0.210000,1000.00,cifi0007.DBF
R69G,10R69G,0,00,00,8,85,877.74,1000,0.00,873.66,0.000000,0.210000,1000.00,cifi0007.DBF
R69G,10R69G,0,00,00,8,86,886.22,1000,0.00,881.98,0.000000,0.210000,1000.00,cifi0007.DBF
R69G,10R69G,0,00,00,8,87,895.40,1000,0.00,890.81,0.000000,0.210000,1000.00,cifi0007.DBF
R69G,10R69G,0,00,00,8,88,905.88,1000,0.00,900.64,0.000000,0.210000,1000.00,cifi0007.DBF
R69G,10R69G,0,00,00,8,89,918.97,1000,0.00,912.42,0.000000,0.210000,1000.00,cifi0007.DBF
R69G,10R69G,0,00,00,8,90,936.46,1000,0.00,927.71,0.000000,0.210000,1000.00,cifi0007.DBF
R69G,10R69G,0,00,00,8,91,961.54,1000,0.00,949.00,0.000000,0.210000,1000.00,cifi0007.DBF
R69G,10R69G,0,00,00,9,1,0.00,0,0.00,0.11,0.210000,0.210000,1000.00,cifi0007.DBF
R69G,10R69G,0,00,00,9,2,0.00,0,0.00,3.88,3.910000,0.210000,1000.00,cifi0007.DBF
R69G,10R69G,0,00,00,9,3,0.00,0,0.00,7.80,3.910000,0.210000,1000.00,cifi0007.DBF
R69G,10R69G,0,00,00,9,4,1.29,14,0.00,11.88,3.910000,0.210000,1000.00,cifi0007.DBF
R69G,10R69G,0,00,00,9,5,5.69,56,0.00,16.13,3.910000,0.210000,1000.00,cifi0007.DBF
R69G,10R69G,0,00,00,9,6,10.02,95,0.00,20.42,3.910000,0.210000,1000.00,cifi0007.DBF
R69G,10R69G,0,00,00,9,7,14.39,132,0.00,24.70,3.910000,0.210000,1000.00,cifi0007.DBF
R69G,10R69G,0,00,00,9,8,18.81,167,0.00,29.02,3.910000,0.210000,1000.00,cifi0007.DBF
R69G,10R69G,0,00,00,9,9,23.28,199,0.00,33.39,3.910000,0.210000,1000.00,cifi0007.DBF
R69G,10R69G,0,00,00,9,10,27.87,231,0.00,37.84,3.910000,0.210000,1000.00,cifi0007.DBF
R69G,10R69G,0,00,00,9,11,32.61,262,0.00,42.42,3.910000,0.210000,1000.00,cifi0007.DBF
R69G,10R69G,0,00,00,9,12,37.52,291,0.00,47.15,3.910000,0.210000,1000.00,cifi0007.DBF
R69G,10R69G,0,00,00,9,13,42.63,320,0.00,52.08,3.910000,0.210000,1000.00,cifi0007.DBF
R69G,10R69G,0,00,00,9,14,47.93,348,0.00,57.19,3.910000,0.210000,1000.00,cifi0007.DBF
R69G,10R69G,0,00,00,9,15,53.45,376,0.00,62.51,3.910000,0.210000,1000.00,cifi0007.DBF
R69G,10R69G,0,00,00,9,16,59.16,402,0.00,68.02,3.910000,0.210000,1000.00,cifi0007.DBF
R69G,10R69G,0,00,00,9,17,65.10,428,0.00,73.75,3.910000,0.210000,1000.00,cifi0007.DBF
R69G,10R69G,0,00,00,9,18,71.23,453,0.00,79.67,3.910000,0.210000,1000.00,cifi0007.DBF
R69G,10R69G,0,00,00,9,19,77.57,477,0.00,85.80,3.910000,0.210000,1000.00,cifi0007.DBF
R69G,10R69G,0,00,00,9,20,84.17,501,0.00,92.15,3.910000,0.210000,1000.00,cifi0007.DBF
R69G,10R69G,0,00,00,9,21,91.06,524,0.00,98.78,3.910000,0.210000,1000.00,cifi0007.DBF
R69G,10R69G,0,00,00,9,22,98.25,546,0.00,105.69,3.910000,0.210000,1000.00,cifi0007.DBF
R69G,10R69G,0,00,00,9,23,105.73,568,0.00,112.89,3.910000,0.210000,1000.00,cifi0007.DBF
R69G,10R69G,0,00,00,9,24,113.53,589,0.00,120.40,3.910000,0.210000,1000.00,cifi0007.DBF
R69G,10R69G,0,00,00,9,25,121.63,610,0.00,128.21,3.910000,0.210000,1000.00,cifi0007.DBF
R69G,10R69G,0,00,00,9,26,130.04,630,0.00,136.31,3.910000,0.210000,1000.00,cifi0007.DBF
R69G,10R69G,0,00,00,9,27,138.77,649,0.00,144.73,3.910000,0.210000,1000.00,cifi0007.DBF
R69G,10R69G,0,00,00,9,28,147.80,668,0.00,153.45,3.910000,0.210000,1000.00,cifi0007.DBF
R69G,10R69G,0,00,00,9,29,157.15,686,0.00,162.48,3.910000,0.210000,1000.00,cifi0007.DBF
R69G,10R69G,0,00,00,9,30,166.80,703,0.00,171.81,3.910000,0.210000,1000.00,cifi0007.DBF
R69G,10R69G,0,00,00,9,31,176.78,720,0.00,181.45,3.910000,0.210000,1000.00,cifi0007.DBF
R69G,10R69G,0,00,00,9,32,187.08,736,0.00,191.40,3.910000,0.210000,1000.00,cifi0007.DBF
R69G,10R69G,0,00,00,9,33,197.69,752,0.00,201.66,3.910000,0.210000,1000.00,cifi0007.DBF
R69G,10R69G,0,00,00,9,34,208.62,767,0.00,212.24,3.910000,0.210000,1000.00,cifi0007.DBF
R69G,10R69G,0,00,00,9,35,219.86,781,0.00,223.11,3.910000,0.210000,1000.00,cifi0007.DBF
R69G,10R69G,0,00,00,9,36,231.38,795,0.00,234.28,3.910000,0.210000,1000.00,cifi0007.DBF
R69G,10R69G,0,00,00,9,37,243.20,808,0.00,245.74,3.910000,0.210000,1000.00,cifi0007.DBF
R69G,10R69G,0,00,00,9,38,255.34,821,0.00,257.49,3.910000,0.210000,1000.00,cifi0007.DBF
R69G,10R69G,0,00,00,9,39,267.80,834,0.00,269.55,3.910000,0.210000,1000.00,cifi0007.DBF
R69G,10R69G,0,00,00,9,40,280.69,846,0.00,281.98,3.910000,0.210000,1000.00,cifi0007.DBF
R69G,10R69G,0,00,00,9,41,294.00,858,0.00,294.83,3.910000,0.210000,1000.00,cifi0007.DBF
R69G,10R69G,0,00,00,9,42,307.72,869,0.00,308.08,3.910000,0.210000,1000.00,cifi0007.DBF
R69G,10R69G,0,00,00,9,43,321.85,880,0.00,321.73,3.910000,0.210000,1000.00,cifi0007.DBF
R69G,10R69G,0,00,00,9,44,336.33,891,0.00,335.75,3.910000,0.210000,1000.00,cifi0007.DBF
R69G,10R69G,0,00,00,9,45,351.15,901,0.00,350.11,3.910000,0.210000,1000.00,cifi0007.DBF
R69G,10R69G,0,00,00,9,46,366.28,911,0.00,364.78,3.910000,0.210000,1000.00,cifi0007.DBF
R69G,10R69G,0,00,00,9,47,381.68,921,0.00,379.73,3.910000,0.210000,1000.00,cifi0007.DBF
R69G,10R69G,0,00,00,9,48,397.37,931,0.00,394.94,3.910000,0.210000,1000.00,cifi0007.DBF
R69G,10R69G,0,00,00,9,49,413.36,940,0.00,410.44,3.910000,0.210000,1000.00,cifi0007.DBF
R69G,10R69G,0,00,00,9,50,429.74,949,0.00,426.27,3.910000,0.210000,1000.00,cifi0007.DBF
R69G,10R69G,0,00,00,9,51,446.53,958,0.00,442.48,3.910000,0.210000,1000.00,cifi0007.DBF
R69G,10R69G,0,00,00,9,52,463.67,967,0.00,459.05,3.910000,0.210000,1000.00,cifi0007.DBF
R69G,10R69G,0,00,00,9,53,481.11,975,0.00,475.93,3.910000,0.210000,1000.00,cifi0007.DBF
R69G,10R69G,0,00,00,9,54,498.78,984,0.00,493.06,3.910000,0.210000,1000.00,cifi0007.DBF
R69G,10R69G,0,00,00,9,55,516.68,992,0.00,510.40,3.910000,0.210000,1000.00,cifi0007.DBF
R69G,10R69G,0,00,00,9,56,534.82,1000,0.00,527.95,3.910000,0.210000,1000.00,cifi0007.DBF
R69G,10R69G,0,00,00,9,57,548.61,1000,0.00,541.72,0.000000,0.210000,1000.00,cifi0007.DBF
R69G,10R69G,0,00,00,9,58,562.47,1000,0.00,555.54,0.000000,0.210000,1000.00,cifi0007.DBF
R69G,10R69G,0,00,00,9,59,576.46,1000,0.00,569.47,0.000000,0.210000,1000.00,cifi0007.DBF
R69G,10R69G,0,00,00,9,60,590.58,1000,0.00,583.52,0.000000,0.210000,1000.00,cifi0007.DBF
R69G,10R69G,0,00,00,9,61,604.86,1000,0.00,597.72,0.000000,0.210000,1000.00,cifi0007.DBF
R69G,10R69G,0,00,00,9,62,619.24,1000,0.00,612.05,0.000000,0.210000,1000.00,cifi0007.DBF
R69G,10R69G,0,00,00,9,63,633.70,1000,0.00,626.47,0.000000,0.210000,1000.00,cifi0007.DBF
R69G,10R69G,0,00,00,9,64,648.02,1000,0.00,640.86,0.000000,0.210000,1000.00,cifi0007.DBF
R69G,10R69G,0,00,00,9,65,662.25,1000,0.00,655.14,0.000000,0.210000,1000.00,cifi0007.DBF
R69G,10R69G,0,00,00,9,66,676.42,1000,0.00,669.34,0.000000,0.210000,1000.00,cifi0007.DBF
R69G,10R69G,0,00,00,9,67,690.51,1000,0.00,683.46,0.000000,0.210000,1000.00,cifi0007.DBF
R69G,10R69G,0,00,00,9,68,704.51,1000,0.00,697.51,0.000000,0.210000,1000.00,cifi0007.DBF
R69G,10R69G,0,00,00,9,69,718.35,1000,0.00,711.43,0.000000,0.210000,1000.00,cifi0007.DBF
R69G,10R69G,0,00,00,9,70,731.92,1000,0.00,725.13,0.000000,0.210000,1000.00,cifi0007.DBF
R69G,10R69G,0,00,00,9,71,745.12,1000,0.00,738.52,0.000000,0.210000,1000.00,cifi0007.DBF
R69G,10R69G,0,00,00,9,72,757.95,1000,0.00,751.54,0.000000,0.210000,1000.00,cifi0007.DBF
R69G,10R69G,0,00,00,9,73,770.31,1000,0.00,764.13,0.000000,0.210000,1000.00,cifi0007.DBF
R69G,10R69G,0,00,00,9,74,782.28,1000,0.00,776.30,0.000000,0.210000,1000.00,cifi0007.DBF
R69G,10R69G,0,00,00,9,75,793.89,1000,0.00,788.08,0.000000,0.210000,1000.00,cifi0007.DBF
R69G,10R69G,0,00,00,9,76,805.09,1000,0.00,799.49,0.000000,0.210000,1000.00,cifi0007.DBF
R69G,10R69G,0,00,00,9,77,815.83,1000,0.00,810.46,0.000000,0.210000,1000.00,cifi0007.DBF
R69G,10R69G,0,00,00,9,78,826.04,1000,0.00,820.93,0.000000,0.210000,1000.00,cifi0007.DBF
R69G,10R69G,0,00,00,9,79,835.69,1000,0.00,830.86,0.000000,0.210000,1000.00,cifi0007.DBF
R69G,10R69G,0,00,00,9,80,844.79,1000,0.00,840.24,0.000000,0.210000,1000.00,cifi0007.DBF
R69G,10R69G,0,00,00,9,81,853.38,1000,0.00,849.08,0.000000,0.210000,1000.00,cifi0007.DBF
R69G,10R69G,0,00,00,9,82,861.53,1000,0.00,857.45,0.000000,0.210000,1000.00,cifi0007.DBF
R69G,10R69G,0,00,00,9,83,869.59,1000,0.00,865.56,0.000000,0.210000,1000.00,cifi0007.DBF
R69G,10R69G,0,00,00,9,84,877.74,1000,0.00,873.66,0.000000,0.210000,1000.00,cifi0007.DBF
R69G,10R69G,0,00,00,9,85,886.22,1000,0.00,881.98,0.000000,0.210000,1000.00,cifi0007.DBF
R69G,10R69G,0,00,00,9,86,895.40,1000,0.00,890.81,0.000000,0.210000,1000.00,cifi0007.DBF
R69G,10R69G,0,00,00,9,87,905.88,1000,0.00,900.64,0.000000,0.210000,1000.00,cifi0007.DBF
R69G,10R69G,0,00,00,9,88,918.97,1000,0.00,912.42,0.000000,0.210000,1000.00,cifi0007.DBF
R69G,10R69G,0,00,00,9,89,936.46,1000,0.00,927.71,0.000000,0.210000,1000.00,cifi0007.DBF
R69G,10R69G,0,00,00,9,90,961.54,1000,0.00,949.00,0.000000,0.210000,1000.00,cifi0007.DBF
R69G,10R69G,0,00,00,10,1,0.00,0,0.00,0.11,0.210000,0.210000,1000.00,cifi0007.DBF
R69G,10R69G,0,00,00,10,2,0.00,0,0.00,4.05,4.080000,0.210000,1000.00,cifi0007.DBF
R69G,10R69G,0,00,00,10,3,0.00,0,0.00,8.16,4.080000,0.210000,1000.00,cifi0007.DBF
R69G,10R69G,0,00,00,10,4,1.83,18,0.00,12.43,4.080000,0.210000,1000.00,cifi0007.DBF
R69G,10R69G,0,00,00,10,5,6.19,59,0.00,16.75,4.080000,0.210000,1000.00,cifi0007.DBF
R69G,10R69G,0,00,00,10,6,10.58,97,0.00,21.05,4.080000,0.210000,1000.00,cifi0007.DBF
R69G,10R69G,0,00,00,10,7,15.03,133,0.00,25.40,4.080000,0.210000,1000.00,cifi0007.DBF
R69G,10R69G,0,00,00,10,8,19.53,167,0.00,29.79,4.080000,0.210000,1000.00,cifi0007.DBF
R69G,10R69G,0,00,00,10,9,24.15,200,0.00,34.27,4.080000,0.210000,1000.00,cifi0007.DBF
R69G,10R69G,0,00,00,10,10,28.91,232,0.00,38.88,4.080000,0.210000,1000.00,cifi0007.DBF
R69G,10R69G,0,00,00,10,11,33.85,263,0.00,43.65,4.080000,0.210000,1000.00,cifi0007.DBF
R69G,10R69G,0,00,00,10,12,39.00,293,0.00,48.60,4.080000,0.210000,1000.00,cifi0007.DBF
R69G,10R69G,0,00,00,10,13,44.34,322,0.00,53.75,4.080000,0.210000,1000.00,cifi0007.DBF
R69G,10R69G,0,00,00,10,14,49.88,351,0.00,59.10,4.080000,0.210000,1000.00,cifi0007.DBF
R69G,10R69G,0,00,00,10,15,55.64,378,0.00,64.65,4.080000,0.210000,1000.00,cifi0007.DBF
R69G,10R69G,0,00,00,10,16,61.61,405,0.00,70.41,4.080000,0.210000,1000.00,cifi0007.DBF
R69G,10R69G,0,00,00,10,17,67.79,431,0.00,76.37,4.080000,0.210000,1000.00,cifi0007.DBF
R69G,10R69G,0,00,00,10,18,74.16,456,0.00,82.54,4.080000,0.210000,1000.00,cifi0007.DBF
R69G,10R69G,0,00,00,10,19,80.81,481,0.00,88.93,4.080000,0.210000,1000.00,cifi0007.DBF
R69G,10R69G,0,00,00,10,20,87.74,505,0.00,95.60,4.080000,0.210000,1000.00,cifi0007.DBF
R69G,10R69G,0,00,00,10,21,94.97,528,0.00,102.56,4.080000,0.210000,1000.00,cifi0007.DBF
R69G,10R69G,0,00,00,10,22,102.51,551,0.00,109.81,4.080000,0.210000,1000.00,cifi0007.DBF
R69G,10R69G,0,00,00,10,23,110.36,573,0.00,117.36,4.080000,0.210000,1000.00,cifi0007.DBF
R69G,10R69G,0,00,00,10,24,118.51,594,0.00,125.22,4.080000,0.210000,1000.00,cifi0007.DBF
R69G,10R69G,0,00,00,10,25,126.97,615,0.00,133.38,4.080000,0.210000,1000.00,cifi0007.DBF
R69G,10R69G,0,00,00,10,26,135.76,635,0.00,141.85,4.080000,0.210000,1000.00,cifi0007.DBF
R69G,10R69G,0,00,00,10,27,144.85,654,0.00,150.63,4.080000,0.210000,1000.00,cifi0007.DBF
R69G,10R69G,0,00,00,10,28,154.26,673,0.00,159.71,4.080000,0.210000,1000.00,cifi0007.DBF
R69G,10R69G,0,00,00,10,29,163.98,691,0.00,169.10,4.080000,0.210000,1000.00,cifi0007.DBF
R69G,10R69G,0,00,00,10,30,174.02,709,0.00,178.80,4.080000,0.210000,1000.00,cifi0007.DBF
R69G,10R69G,0,00,00,10,31,184.38,725,0.00,188.82,4.080000,0.210000,1000.00,cifi0007.DBF
R69G,10R69G,0,00,00,10,32,195.07,742,0.00,199.15,4.080000,0.210000,1000.00,cifi0007.DBF
R69G,10R69G,0,00,00,10,33,206.07,757,0.00,209.80,4.080000,0.210000,1000.00,cifi0007.DBF
R69G,10R69G,0,00,00,10,34,217.38,772,0.00,220.75,4.080000,0.210000,1000.00,cifi0007.DBF
R69G,10R69G,0,00,00,10,35,228.99,787,0.00,231.99,4.080000,0.210000,1000.00,cifi0007.DBF
R69G,10R69G,0,00,00,10,36,240.89,801,0.00,243.52,4.080000,0.210000,1000.00,cifi0007.DBF
R69G,10R69G,0,00,00,10,37,253.11,814,0.00,255.35,4.080000,0.210000,1000.00,cifi0007.DBF
R69G,10R69G,0,00,00,10,38,265.66,827,0.00,267.50,4.080000,0.210000,1000.00,cifi0007.DBF
R69G,10R69G,0,00,00,10,39,278.63,840,0.00,280.02,4.080000,0.210000,1000.00,cifi0007.DBF
R69G,10R69G,0,00,00,10,40,292.04,852,0.00,292.95,4.080000,0.210000,1000.00,cifi0007.DBF
R69G,10R69G,0,00,00,10,41,305.86,864,0.00,306.30,4.080000,0.210000,1000.00,cifi0007.DBF
R69G,10R69G,0,00,00,10,42,320.09,875,0.00,320.05,4.080000,0.210000,1000.00,cifi0007.DBF
R69G,10R69G,0,00,00,10,43,334.67,887,0.00,334.17,4.080000,0.210000,1000.00,cifi0007.DBF
R69G,10R69G,0,00,00,10,44,349.60,897,0.00,348.63,4.080000,0.210000,1000.00,cifi0007.DBF
R69G,10R69G,0,00,00,10,45,364.85,908,0.00,363.41,4.080000,0.210000,1000.00,cifi0007.DBF
R69G,10R69G,0,00,00,10,46,380.37,918,0.00,378.47,4.080000,0.210000,1000.00,cifi0007.DBF
R69G,10R69G,0,00,00,10,47,396.18,928,0.00,393.80,4.080000,0.210000,1000.00,cifi0007.DBF
R69G,10R69G,0,00,00,10,48,412.29,937,0.00,409.42,4.080000,0.210000,1000.00,cifi0007.DBF
R69G,10R69G,0,00,00,10,49,428.81,947,0.00,425.37,4.080000,0.210000,1000.00,cifi0007.DBF
R69G,10R69G,0,00,00,10,50,445.73,956,0.00,441.72,4.080000,0.210000,1000.00,cifi0007.DBF
R69G,10R69G,0,00,00,10,51,463.02,965,0.00,458.43,4.080000,0.210000,1000.00,cifi0007.DBF
R69G,10R69G,0,00,00,10,52,480.61,974,0.00,475.46,4.080000,0.210000,1000.00,cifi0007.DBF
R69G,10R69G,0,00,00,10,53,498.44,983,0.00,492.74,4.080000,0.210000,1000.00,cifi0007.DBF
R69G,10R69G,0,00,00,10,54,516.50,992,0.00,510.23,4.080000,0.210000,1000.00,cifi0007.DBF
R69G,10R69G,0,00,00,10,55,534.82,1000,0.00,527.95,4.080000,0.210000,1000.00,cifi0007.DBF
R69G,10R69G,0,00,00,10,56,548.61,1000,0.00,541.72,0.000000,0.210000,1000.00,cifi0007.DBF
R69G,10R69G,0,00,00,10,57,562.47,1000,0.00,555.54,0.000000,0.210000,1000.00,cifi0007.DBF
R69G,10R69G,0,00,00,10,58,576.46,1000,0.00,569.47,0.000000,0.210000,1000.00,cifi0007.DBF
R69G,10R69G,0,00,00,10,59,590.58,1000,0.00,583.52,0.000000,0.210000,1000.00,cifi0007.DBF
R69G,10R69G,0,00,00,10,60,604.86,1000,0.00,597.72,0.000000,0.210000,1000.00,cifi0007.DBF
R69G,10R69G,0,00,00,10,61,619.24,1000,0.00,612.05,0.000000,0.210000,1000.00,cifi0007.DBF
R69G,10R69G,0,00,00,10,62,633.70,1000,0.00,626.47,0.000000,0.210000,1000.00,cifi0007.DBF
R69G,10R69G,0,00,00,10,63,648.02,1000,0.00,640.86,0.000000,0.210000,1000.00,cifi0007.DBF
R69G,10R69G,0,00,00,10,64,662.25,1000,0.00,655.14,0.000000,0.210000,1000.00,cifi0007.DBF
R69G,10R69G,0,00,00,10,65,676.42,1000,0.00,669.34,0.000000,0.210000,1000.00,cifi0007.DBF
R69G,10R69G,0,00,00,10,66,690.51,1000,0.00,683.46,0.000000,0.210000,1000.00,cifi0007.DBF
R69G,10R69G,0,00,00,10,67,704.51,1000,0.00,697.51,0.000000,0.210000,1000.00,cifi0007.DBF
R69G,10R69G,0,00,00,10,68,718.35,1000,0.00,711.43,0.000000,0.210000,1000.00,cifi0007.DBF
R69G,10R69G,0,00,00,10,69,731.92,1000,0.00,725.13,0.000000,0.210000,1000.00,cifi0007.DBF
R69G,10R69G,0,00,00,10,70,745.12,1000,0.00,738.52,0.000000,0.210000,1000.00,cifi0007.DBF
R69G,10R69G,0,00,00,10,71,757.95,1000,0.00,751.54,0.000000,0.210000,1000.00,cifi0007.DBF
R69G,10R69G,0,00,00,10,72,770.31,1000,0.00,764.13,0.000000,0.210000,1000.00,cifi0007.DBF
R69G,10R69G,0,00,00,10,73,782.28,1000,0.00,776.30,0.000000,0.210000,1000.00,cifi0007.DBF
R69G,10R69G,0,00,00,10,74,793.89,1000,0.00,788.08,0.000000,0.210000,1000.00,cifi0007.DBF
R69G,10R69G,0,00,00,10,75,805.09,1000,0.00,799.49,0.000000,0.210000,1000.00,cifi0007.DBF
R69G,10R69G,0,00,00,10,76,815.83,1000,0.00,810.46,0.000000,0.210000,1000.00,cifi0007.DBF
R69G,10R69G,0,00,00,10,77,826.04,1000,0.00,820.93,0.000000,0.210000,1000.00,cifi0007.DBF
R69G,10R69G,0,00,00,10,78,835.69,1000,0.00,830.86,0.000000,0.210000,1000.00,cifi0007.DBF
R69G,10R69G,0,00,00,10,79,844.79,1000,0.00,840.24,0.000000,0.210000,1000.00,cifi0007.DBF
R69G,10R69G,0,00,00,10,80,853.38,1000,0.00,849.08,0.000000,0.210000,1000.00,cifi0007.DBF
R69G,10R69G,0,00,00,10,81,861.53,1000,0.00,857.45,0.000000,0.210000,1000.00,cifi0007.DBF
R69G,10R69G,0,00,00,10,82,869.59,1000,0.00,865.56,0.000000,0.210000,1000.00,cifi0007.DBF
R69G,10R69G,0,00,00,10,83,877.74,1000,0.00,873.66,0.000000,0.210000,1000.00,cifi0007.DBF
R69G,10R69G,0,00,00,10,84,886.22,1000,0.00,881.98,0.000000,0.210000,1000.00,cifi0007.DBF
R69G,10R69G,0,00,00,10,85,895.40,1000,0.00,890.81,0.000000,0.210000,1000.00,cifi0007.DBF
R69G,10R69G,0,00,00,10,86,905.88,1000,0.00,900.64,0.000000,0.210000,1000.00,cifi0007.DBF
R69G,10R69G,0,00,00,10,87,918.97,1000,0.00,912.42,0.000000,0.210000,1000.00,cifi0007.DBF
R69G,10R69G,0,00,00,10,88,936.46,1000,0.00,927.71,0.000000,0.210000,1000.00,cifi0007.DBF
R69G,10R69G,0,00,00,10,89,961.54,1000,0.00,949.00,0.000000,0.210000,1000.00,cifi0007.DBF
R69G,10R69G,0,00,00,11,1,0.00,0,0.00,0.11,0.210000,0.210000,1000.00,cifi0007.DBF
R69G,10R69G,0,00,00,11,2,0.00,0,0.00,4.24,4.260000,0.210000,1000.00,cifi0007.DBF
R69G,10R69G,0,00,00,11,3,0.00,0,0.00,8.53,4.260000,0.210000,1000.00,cifi0007.DBF
R69G,10R69G,0,00,00,11,4,2.14,21,0.00,12.88,4.260000,0.210000,1000.00,cifi0007.DBF
R69G,10R69G,0,00,00,11,5,6.57,60,0.00,17.21,4.260000,0.210000,1000.00,cifi0007.DBF
R69G,10R69G,0,00,00,11,6,11.04,98,0.00,21.58,4.260000,0.210000,1000.00,cifi0007.DBF
R69G,10R69G,0,00,00,11,7,15.57,133,0.00,26.01,4.260000,0.210000,1000.00,cifi0007.DBF
R69G,10R69G,0,00,00,11,8,20.22,168,0.00,30.52,4.260000,0.210000,1000.00,cifi0007.DBF
R69G,10R69G,0,00,00,11,9,25.02,201,0.00,35.16,4.260000,0.210000,1000.00,cifi0007.DBF
R69G,10R69G,0,00,00,11,10,29.99,233,0.00,39.96,4.260000,0.210000,1000.00,cifi0007.DBF
R69G,10R69G,0,00,00,11,11,35.17,264,0.00,44.94,4.260000,0.210000,1000.00,cifi0007.DBF
R69G,10R69G,0,00,00,11,12,40.55,295,0.00,50.13,4.260000,0.210000,1000.00,cifi0007.DBF
R69G,10R69G,0,00,00,11,13,46.13,324,0.00,55.51,4.260000,0.210000,1000.00,cifi0007.DBF
R69G,10R69G,0,00,00,11,14,51.93,353,0.00,61.10,4.260000,0.210000,1000.00,cifi0007.DBF
R69G,10R69G,0,00,00,11,15,57.94,381,0.00,66.90,4.260000,0.210000,1000.00,cifi0007.DBF
R69G,10R69G,0,00,00,11,16,64.15,408,0.00,72.90,4.260000,0.210000,1000.00,cifi0007.DBF
R69G,10R69G,0,00,00,11,17,70.58,434,0.00,79.11,4.260000,0.210000,1000.00,cifi0007.DBF
R69G,10R69G,0,00,00,11,18,77.27,460,0.00,85.54,4.260000,0.210000,1000.00,cifi0007.DBF
R69G,10R69G,0,00,00,11,19,84.25,485,0.00,92.26,4.260000,0.210000,1000.00,cifi0007.DBF
R69G,10R69G,0,00,00,11,20,91.53,509,0.00,99.26,4.260000,0.210000,1000.00,cifi0007.DBF
R69G,10R69G,0,00,00,11,21,99.11,533,0.00,106.56,4.260000,0.210000,1000.00,cifi0007.DBF
R69G,10R69G,0,00,00,11,22,107.02,556,0.00,114.17,4.260000,0.210000,1000.00,cifi0007.DBF
R69G,10R69G,0,00,00,11,23,115.22,578,0.00,122.08,4.260000,0.210000,1000.00,cifi0007.DBF
R69G,10R69G,0,00,00,11,24,123.74,599,0.00,130.29,4.260000,0.210000,1000.00,cifi0007.DBF
R69G,10R69G,0,00,00,11,25,132.59,620,0.00,138.82,4.260000,0.210000,1000.00,cifi0007.DBF
R69G,10R69G,0,00,00,11,26,141.74,640,0.00,147.65,4.260000,0.210000,1000.00,cifi0007.DBF
R69G,10R69G,0,00,00,11,27,151.21,660,0.00,156.80,4.260000,0.210000,1000.00,cifi0007.DBF
R69G,10R69G,0,00,00,11,28,161.00,679,0.00,166.26,4.260000,0.210000,1000.00,cifi0007.DBF
R69G,10R69G,0,00,00,11,29,171.11,697,0.00,176.02,4.260000,0.210000,1000.00,cifi0007.DBF
R69G,10R69G,0,00,00,11,30,181.55,714,0.00,186.11,4.260000,0.210000,1000.00,cifi0007.DBF
R69G,10R69G,0,00,00,11,31,192.31,731,0.00,196.51,4.260000,0.210000,1000.00,cifi0007.DBF
R69G,10R69G,0,00,00,11,32,203.38,747,0.00,207.23,4.260000,0.210000,1000.00,cifi0007.DBF
R69G,10R69G,0,00,00,11,33,214.77,763,0.00,218.25,4.260000,0.210000,1000.00,cifi0007.DBF
R69G,10R69G,0,00,00,11,34,226.46,778,0.00,229.58,4.260000,0.210000,1000.00,cifi0007.DBF
R69G,10R69G,0,00,00,11,35,238.45,793,0.00,241.19,4.260000,0.210000,1000.00,cifi0007.DBF
R69G,10R69G,0,00,00,11,36,250.76,807,0.00,253.11,4.260000,0.210000,1000.00,cifi0007.DBF
R69G,10R69G,0,00,00,11,37,263.40,820,0.00,265.34,4.260000,0.210000,1000.00,cifi0007.DBF
R69G,10R69G,0,00,00,11,38,276.47,833,0.00,277.95,4.260000,0.210000,1000.00,cifi0007.DBF
R69G,10R69G,0,00,00,11,39,289.97,846,0.00,290.98,4.260000,0.210000,1000.00,cifi0007.DBF
R69G,10R69G,0,00,00,11,40,303.90,858,0.00,304.43,4.260000,0.210000,1000.00,cifi0007.DBF
R69G,10R69G,0,00,00,11,41,318.23,870,0.00,318.28,4.260000,0.210000,1000.00,cifi0007.DBF
R69G,10R69G,0,00,00,11,42,332.92,882,0.00,332.50,4.260000,0.210000,1000.00,cifi0007.DBF
R69G,10R69G,0,00,00,11,43,347.97,893,0.00,347.07,4.260000,0.210000,1000.00,cifi0007.DBF
R69G,10R69G,0,00,00,11,44,363.33,904,0.00,361.97,4.260000,0.210000,1000.00,cifi0007.DBF
R69G,10R69G,0,00,00,11,45,378.98,915,0.00,377.15,4.260000,0.210000,1000.00,cifi0007.DBF
R69G,10R69G,0,00,00,11,46,394.92,925,0.00,392.60,4.260000,0.210000,1000.00,cifi0007.DBF
R69G,10R69G,0,00,00,11,47,411.16,935,0.00,408.35,4.260000,0.210000,1000.00,cifi0007.DBF
R69G,10R69G,0,00,00,11,48,427.82,945,0.00,424.43,4.260000,0.210000,1000.00,cifi0007.DBF
R69G,10R69G,0,00,00,11,49,444.89,954,0.00,440.92,4.260000,0.210000,1000.00,cifi0007.DBF
R69G,10R69G,0,00,00,11,50,462.33,964,0.00,457.77,4.260000,0.210000,1000.00,cifi0007.DBF
R69G,10R69G,0,00,00,11,51,480.08,973,0.00,474.95,4.260000,0.210000,1000.00,cifi0007.DBF
R69G,10R69G,0,00,00,11,52,498.08,982,0.00,492.39,4.260000,0.210000,1000.00,cifi0007.DBF
R69G,10R69G,0,00,00,11,53,516.32,991,0.00,510.06,4.260000,0.210000,1000.00,cifi0007.DBF
R69G,10R69G,0,00,00,11,54,534.82,1000,0.00,527.95,4.260000,0.210000,1000.00,cifi0007.DBF
R69G,10R69G,0,00,00,11,55,548.61,1000,0.00,541.72,0.000000,0.210000,1000.00,cifi0007.DBF
R69G,10R69G,0,00,00,11,56,562.47,1000,0.00,555.54,0.000000,0.210000,1000.00,cifi0007.DBF
R69G,10R69G,0,00,00,11,57,576.46,1000,0.00,569.47,0.000000,0.210000,1000.00,cifi0007.DBF
R69G,10R69G,0,00,00,11,58,590.58,1000,0.00,583.52,0.000000,0.210000,1000.00,cifi0007.DBF
R69G,10R69G,0,00,00,11,59,604.86,1000,0.00,597.72,0.000000,0.210000,1000.00,cifi0007.DBF
R69G,10R69G,0,00,00,11,60,619.24,1000,0.00,612.05,0.000000,0.210000,1000.00,cifi0007.DBF
R69G,10R69G,0,00,00,11,61,633.70,1000,0.00,626.47,0.000000,0.210000,1000.00,cifi0007.DBF
R69G,10R69G,0,00,00,11,62,648.02,1000,0.00,640.86,0.000000,0.210000,1000.00,cifi0007.DBF
R69G,10R69G,0,00,00,11,63,662.25,1000,0.00,655.14,0.000000,0.210000,1000.00,cifi0007.DBF
R69G,10R69G,0,00,00,11,64,676.42,1000,0.00,669.34,0.000000,0.210000,1000.00,cifi0007.DBF
R69G,10R69G,0,00,00,11,65,690.51,1000,0.00,683.46,0.000000,0.210000,1000.00,cifi0007.DBF
R69G,10R69G,0,00,00,11,66,704.51,1000,0.00,697.51,0.000000,0.210000,1000.00,cifi0007.DBF
R69G,10R69G,0,00,00,11,67,718.35,1000,0.00,711.43,0.000000,0.210000,1000.00,cifi0007.DBF
R69G,10R69G,0,00,00,11,68,731.92,1000,0.00,725.13,0.000000,0.210000,1000.00,cifi0007.DBF
R69G,10R69G,0,00,00,11,69,745.12,1000,0.00,738.52,0.000000,0.210000,1000.00,cifi0007.DBF
R69G,10R69G,0,00,00,11,70,757.95,1000,0.00,751.54,0.000000,0.210000,1000.00,cifi0007.DBF
R69G,10R69G,0,00,00,11,71,770.31,1000,0.00,764.13,0.000000,0.210000,1000.00,cifi0007.DBF
R69G,10R69G,0,00,00,11,72,782.28,1000,0.00,776.30,0.000000,0.210000,1000.00,cifi0007.DBF
R69G,10R69G,0,00,00,11,73,793.89,1000,0.00,788.08,0.000000,0.210000,1000.00,cifi0007.DBF
R69G,10R69G,0,00,00,11,74,805.09,1000,0.00,799.49,0.000000,0.210000,1000.00,cifi0007.DBF
R69G,10R69G,0,00,00,11,75,815.83,1000,0.00,810.46,0.000000,0.210000,1000.00,cifi0007.DBF
R69G,10R69G,0,00,00,11,76,826.04,1000,0.00,820.93,0.000000,0.210000,1000.00,cifi0007.DBF
R69G,10R69G,0,00,00,11,77,835.69,1000,0.00,830.86,0.000000,0.210000,1000.00,cifi0007.DBF
R69G,10R69G,0,00,00,11,78,844.79,1000,0.00,840.24,0.000000,0.210000,1000.00,cifi0007.DBF
R69G,10R69G,0,00,00,11,79,853.38,1000,0.00,849.08,0.000000,0.210000,1000.00,cifi0007.DBF
R69G,10R69G,0,00,00,11,80,861.53,1000,0.00,857.45,0.000000,0.210000,1000.00,cifi0007.DBF
R69G,10R69G,0,00,00,11,81,869.59,1000,0.00,865.56,0.000000,0.210000,1000.00,cifi0007.DBF
R69G,10R69G,0,00,00,11,82,877.74,1000,0.00,873.66,0.000000,0.210000,1000.00,cifi0007.DBF
R69G,10R69G,0,00,00,11,83,886.22,1000,0.00,881.98,0.000000,0.210000,1000.00,cifi0007.DBF
R69G,10R69G,0,00,00,11,84,895.40,1000,0.00,890.81,0.000000,0.210000,1000.00,cifi0007.DBF
R69G,10R69G,0,00,00,11,85,905.88,1000,0.00,900.64,0.000000,0.210000,1000.00,cifi0007.DBF
R69G,10R69G,0,00,00,11,86,918.97,1000,0.00,912.42,0.000000,0.210000,1000.00,cifi0007.DBF
R69G,10R69G,0,00,00,11,87,936.46,1000,0.00,927.71,0.000000,0.210000,1000.00,cifi0007.DBF
R69G,10R69G,0,00,00,11,88,961.54,1000,0.00,949.00,0.000000,0.210000,1000.00,cifi0007.DBF
R69G,10R69G,0,00,00,12,1,0.00,0,0.00,0.11,0.210000,0.210000,1000.00,cifi0007.DBF
R69G,10R69G,0,00,00,12,2,0.00,0,0.00,4.43,4.450000,0.210000,1000.00,cifi0007.DBF
R69G,10R69G,0,00,00,12,3,0.00,0,0.00,8.81,4.450000,0.210000,1000.00,cifi0007.DBF
R69G,10R69G,0,00,00,12,4,2.34,22,0.00,13.17,4.450000,0.210000,1000.00,cifi0007.DBF
R69G,10R69G,0,00,00,12,5,6.85,61,0.00,17.57,4.450000,0.210000,1000.00,cifi0007.DBF
R69G,10R69G,0,00,00,12,6,11.41,98,0.00,22.03,4.450000,0.210000,1000.00,cifi0007.DBF
R69G,10R69G,0,00,00,12,7,16.09,134,0.00,26.56,4.450000,0.210000,1000.00,cifi0007.DBF
R69G,10R69G,0,00,00,12,8,20.92,168,0.00,31.24,4.450000,0.210000,1000.00,cifi0007.DBF
R69G,10R69G,0,00,00,12,9,25.93,201,0.00,36.07,4.450000,0.210000,1000.00,cifi0007.DBF
R69G,10R69G,0,00,00,12,10,31.15,234,0.00,41.09,4.450000,0.210000,1000.00,cifi0007.DBF
R69G,10R69G,0,00,00,12,11,36.56,266,0.00,46.31,4.450000,0.210000,1000.00,cifi0007.DBF
R69G,10R69G,0,00,00,12,12,42.18,297,0.00,51.73,4.450000,0.210000,1000.00,cifi0007.DBF
R69G,10R69G,0,00,00,12,13,48.02,327,0.00,57.36,4.450000,0.210000,1000.00,cifi0007.DBF
R69G,10R69G,0,00,00,12,14,54.07,356,0.00,63.20,4.450000,0.210000,1000.00,cifi0007.DBF
R69G,10R69G,0,00,00,12,15,60.33,384,0.00,69.24,4.450000,0.210000,1000.00,cifi0007.DBF
R69G,10R69G,0,00,00,12,16,66.80,411,0.00,75.49,4.450000,0.210000,1000.00,cifi0007.DBF
R69G,10R69G,0,00,00,12,17,73.54,438,0.00,81.98,4.450000,0.210000,1000.00,cifi0007.DBF
R69G,10R69G,0,00,00,12,18,80.57,464,0.00,88.74,4.450000,0.210000,1000.00,cifi0007.DBF
R69G,10R69G,0,00,00,12,19,87.90,489,0.00,95.79,4.450000,0.210000,1000.00,cifi0007.DBF
R69G,10R69G,0,00,00,12,20,95.54,513,0.00,103.14,4.450000,0.210000,1000.00,cifi0007.DBF
R69G,10R69G,0,00,00,12,21,103.50,537,0.00,110.80,4.450000,0.210000,1000.00,cifi0007.DBF
R69G,10R69G,0,00,00,12,22,111.76,560,0.00,118.77,4.450000,0.210000,1000.00,cifi0007.DBF
R69G,10R69G,0,00,00,12,23,120.34,583,0.00,127.04,4.450000,0.210000,1000.00,cifi0007.DBF
R69G,10R69G,0,00,00,12,24,129.25,605,0.00,135.62,4.450000,0.210000,1000.00,cifi0007.DBF
R69G,10R69G,0,00,00,12,25,138.46,626,0.00,144.52,4.450000,0.210000,1000.00,cifi0007.DBF
R69G,10R69G,0,00,00,12,26,148.01,646,0.00,153.73,4.450000,0.210000,1000.00,cifi0007.DBF
R69G,10R69G,0,00,00,12,27,157.86,665,0.00,163.26,4.450000,0.210000,1000.00,cifi0007.DBF
R69G,10R69G,0,00,00,12,28,168.04,684,0.00,173.09,4.450000,0.210000,1000.00,cifi0007.DBF
R69G,10R69G,0,00,00,12,29,178.56,703,0.00,183.25,4.450000,0.210000,1000.00,cifi0007.DBF
R69G,10R69G,0,00,00,12,30,189.40,720,0.00,193.73,4.450000,0.210000,1000.00,cifi0007.DBF
R69G,10R69G,0,00,00,12,31,200.55,737,0.00,204.53,4.450000,0.210000,1000.00,cifi0007.DBF
R69G,10R69G,0,00,00,12,32,212.03,753,0.00,215.63,4.450000,0.210000,1000.00,cifi0007.DBF
R69G,10R69G,0,00,00,12,33,223.80,769,0.00,227.04,4.450000,0.210000,1000.00,cifi0007.DBF
R69G,10R69G,0,00,00,12,34,235.88,784,0.00,238.74,4.450000,0.210000,1000.00,cifi0007.DBF
R69G,10R69G,0,00,00,12,35,248.28,799,0.00,250.74,4.450000,0.210000,1000.00,cifi0007.DBF
R69G,10R69G,0,00,00,12,36,261.02,813,0.00,263.07,4.450000,0.210000,1000.00,cifi0007.DBF
R69G,10R69G,0,00,00,12,37,274.19,826,0.00,275.77,4.450000,0.210000,1000.00,cifi0007.DBF
R69G,10R69G,0,00,00,12,38,287.80,840,0.00,288.90,4.450000,0.210000,1000.00,cifi0007.DBF
R69G,10R69G,0,00,00,12,39,301.83,853,0.00,302.45,4.450000,0.210000,1000.00,cifi0007.DBF
R69G,10R69G,0,00,00,12,40,316.28,865,0.00,316.41,4.450000,0.210000,1000.00,cifi0007.DBF
R69G,10R69G,0,00,00,12,41,331.09,877,0.00,330.75,4.450000,0.210000,1000.00,cifi0007.DBF
R69G,10R69G,0,00,00,12,42,346.26,889,0.00,345.43,4.450000,0.210000,1000.00,cifi0007.DBF
R69G,10R69G,0,00,00,12,43,361.74,900,0.00,360.45,4.450000,0.210000,1000.00,cifi0007.DBF
R69G,10R69G,0,00,00,12,44,377.52,911,0.00,375.75,4.450000,0.210000,1000.00,cifi0007.DBF
R69G,10R69G,0,00,00,12,45,393.59,922,0.00,391.34,4.450000,0.210000,1000.00,cifi0007.DBF
R69G,10R69G,0,00,00,12,46,409.98,932,0.00,407.22,4.450000,0.210000,1000.00,cifi0007.DBF
R69G,10R69G,0,00,00,12,47,426.79,942,0.00,423.44,4.450000,0.210000,1000.00,cifi0007.DBF
R69G,10R69G,0,00,00,12,48,444.01,952,0.00,440.08,4.450000,0.210000,1000.00,cifi0007.DBF
R69G,10R69G,0,00,00,12,49,461.61,962,0.00,457.08,4.450000,0.210000,1000.00,cifi0007.DBF
R69G,10R69G,0,00,00,12,50,479.52,972,0.00,474.42,4.450000,0.210000,1000.00,cifi0007.DBF
R69G,10R69G,0,00,00,12,51,497.70,981,0.00,492.03,4.450000,0.210000,1000.00,cifi0007.DBF
R69G,10R69G,0,00,00,12,52,516.12,991,0.00,509.87,4.450000,0.210000,1000.00,cifi0007.DBF
R69G,10R69G,0,00,00,12,53,534.82,1000,0.00,527.95,4.450000,0.210000,1000.00,cifi0007.DBF
R69G,10R69G,0,00,00,12,54,548.61,1000,0.00,541.72,0.000000,0.210000,1000.00,cifi0007.DBF
R69G,10R69G,0,00,00,12,55,562.47,1000,0.00,555.54,0.000000,0.210000,1000.00,cifi0007.DBF
R69G,10R69G,0,00,00,12,56,576.46,1000,0.00,569.47,0.000000,0.210000,1000.00,cifi0007.DBF
R69G,10R69G,0,00,00,12,57,590.58,1000,0.00,583.52,0.000000,0.210000,1000.00,cifi0007.DBF
R69G,10R69G,0,00,00,12,58,604.86,1000,0.00,597.72,0.000000,0.210000,1000.00,cifi0007.DBF
R69G,10R69G,0,00,00,12,59,619.24,1000,0.00,612.05,0.000000,0.210000,1000.00,cifi0007.DBF
R69G,10R69G,0,00,00,12,60,633.70,1000,0.00,626.47,0.000000,0.210000,1000.00,cifi0007.DBF
R69G,10R69G,0,00,00,12,61,648.02,1000,0.00,640.86,0.000000,0.210000,1000.00,cifi0007.DBF
R69G,10R69G,0,00,00,12,62,662.25,1000,0.00,655.14,0.000000,0.210000,1000.00,cifi0007.DBF
R69G,10R69G,0,00,00,12,63,676.42,1000,0.00,669.34,0.000000,0.210000,1000.00,cifi0007.DBF
R69G,10R69G,0,00,00,12,64,690.51,1000,0.00,683.46,0.000000,0.210000,1000.00,cifi0007.DBF
R69G,10R69G,0,00,00,12,65,704.51,1000,0.00,697.51,0.000000,0.210000,1000.00,cifi0007.DBF
R69G,10R69G,0,00,00,12,66,718.35,1000,0.00,711.43,0.000000,0.210000,1000.00,cifi0007.DBF
R69G,10R69G,0,00,00,12,67,731.92,1000,0.00,725.13,0.000000,0.210000,1000.00,cifi0007.DBF
R69G,10R69G,0,00,00,12,68,745.12,1000,0.00,738.52,0.000000,0.210000,1000.00,cifi0007.DBF
R69G,10R69G,0,00,00,12,69,757.95,1000,0.00,751.54,0.000000,0.210000,1000.00,cifi0007.DBF
R69G,10R69G,0,00,00,12,70,770.31,1000,0.00,764.13,0.000000,0.210000,1000.00,cifi0007.DBF
R69G,10R69G,0,00,00,12,71,782.28,1000,0.00,776.30,0.000000,0.210000,1000.00,cifi0007.DBF
R69G,10R69G,0,00,00,12,72,793.89,1000,0.00,788.08,0.000000,0.210000,1000.00,cifi0007.DBF
R69G,10R69G,0,00,00,12,73,805.09,1000,0.00,799.49,0.000000,0.210000,1000.00,cifi0007.DBF
R69G,10R69G,0,00,00,12,74,815.83,1000,0.00,810.46,0.000000,0.210000,1000.00,cifi0007.DBF
R69G,10R69G,0,00,00,12,75,826.04,1000,0.00,820.93,0.000000,0.210000,1000.00,cifi0007.DBF
R69G,10R69G,0,00,00,12,76,835.69,1000,0.00,830.86,0.000000,0.210000,1000.00,cifi0007.DBF
R69G,10R69G,0,00,00,12,77,844.79,1000,0.00,840.24,0.000000,0.210000,1000.00,cifi0007.DBF
R69G,10R69G,0,00,00,12,78,853.38,1000,0.00,849.08,0.000000,0.210000,1000.00,cifi0007.DBF
R69G,10R69G,0,00,00,12,79,861.53,1000,0.00,857.45,0.000000,0.210000,1000.00,cifi0007.DBF
R69G,10R69G,0,00,00,12,80,869.59,1000,0.00,865.56,0.000000,0.210000,1000.00,cifi0007.DBF
R69G,10R69G,0,00,00,12,81,877.74,1000,0.00,873.66,0.000000,0.210000,1000.00,cifi0007.DBF
R69G,10R69G,0,00,00,12,82,886.22,1000,0.00,881.98,0.000000,0.210000,1000.00,cifi0007.DBF
R69G,10R69G,0,00,00,12,83,895.40,1000,0.00,890.81,0.000000,0.210000,1000.00,cifi0007.DBF
R69G,10R69G,0,00,00,12,84,905.88,1000,0.00,900.64,0.000000,0.210000,1000.00,cifi0007.DBF
R69G,10R69G,0,00,00,12,85,918.97,1000,0.00,912.42,0.000000,0.210000,1000.00,cifi0007.DBF
R69G,10R69G,0,00,00,12,86,936.46,1000,0.00,927.71,0.000000,0.210000,1000.00,cifi0007.DBF
R69G,10R69G,0,00,00,12,87,961.54,1000,0.00,949.00,0.000000,0.210000,1000.00,cifi0007.DBF
R69G,10R69G,0,00,00,13,1,0.00,0,0.00,0.11,0.210000,0.210000,1000.00,cifi0007.DBF
R69G,10R69G,0,00,00,13,2,0.00,0,0.00,4.51,4.650000,0.210000,1000.00,cifi0007.DBF
R69G,10R69G,0,00,00,13,3,0.00,0,0.00,8.90,4.650000,0.210000,1000.00,cifi0007.DBF
R69G,10R69G,0,00,00,13,4,2.42,22,0.00,13.34,4.650000,0.210000,1000.00,cifi0007.DBF
R69G,10R69G,0,00,00,13,5,7.02,60,0.00,17.82,4.650000,0.210000,1000.00,cifi0007.DBF
R69G,10R69G,0,00,00,13,6,11.73,97,0.00,22.39,4.650000,0.210000,1000.00,cifi0007.DBF
R69G,10R69G,0,00,00,13,7,16.60,133,0.00,27.10,4.650000,0.210000,1000.00,cifi0007.DBF
R69G,10R69G,0,00,00,13,8,21.65,168,0.00,31.97,4.650000,0.210000,1000.00,cifi0007.DBF
R69G,10R69G,0,00,00,13,9,26.90,202,0.00,37.03,4.650000,0.210000,1000.00,cifi0007.DBF
R69G,10R69G,0,00,00,13,10,32.35,235,0.00,42.28,4.650000,0.210000,1000.00,cifi0007.DBF
R69G,10R69G,0,00,00,13,11,38.02,267,0.00,47.74,4.650000,0.210000,1000.00,cifi0007.DBF
R69G,10R69G,0,00,00,13,12,43.90,299,0.00,53.41,4.650000,0.210000,1000.00,cifi0007.DBF
R69G,10R69G,0,00,00,13,13,50.00,329,0.00,59.30,4.650000,0.210000,1000.00,cifi0007.DBF
R69G,10R69G,0,00,00,13,14,56.30,358,0.00,65.39,4.650000,0.210000,1000.00,cifi0007.DBF
R69G,10R69G,0,00,00,13,15,62.82,387,0.00,71.68,4.650000,0.210000,1000.00,cifi0007.DBF
R69G,10R69G,0,00,00,13,16,69.60,414,0.00,78.21,4.650000,0.210000,1000.00,cifi0007.DBF
R69G,10R69G,0,00,00,13,17,76.69,441,0.00,85.02,4.650000,0.210000,1000.00,cifi0007.DBF
R69G,10R69G,0,00,00,13,18,84.07,468,0.00,92.13,4.650000,0.210000,1000.00,cifi0007.DBF
R69G,10R69G,0,00,00,13,19,91.77,493,0.00,99.53,4.650000,0.210000,1000.00,cifi0007.DBF
R69G,10R69G,0,00,00,13,20,99.79,518,0.00,107.25,4.650000,0.210000,1000.00,cifi0007.DBF
R69G,10R69G,0,00,00,13,21,108.11,542,0.00,115.27,4.650000,0.210000,1000.00,cifi0007.DBF
R69G,10R69G,0,00,00,13,22,116.76,566,0.00,123.61,4.650000,0.210000,1000.00,cifi0007.DBF
R69G,10R69G,0,00,00,13,23,125.73,588,0.00,132.26,4.650000,0.210000,1000.00,cifi0007.DBF
R69G,10R69G,0,00,00,13,24,135.01,610,0.00,141.22,4.650000,0.210000,1000.00,cifi0007.DBF
R69G,10R69G,0,00,00,13,25,144.63,631,0.00,150.50,4.650000,0.210000,1000.00,cifi0007.DBF
R69G,10R69G,0,00,00,13,26,154.56,651,0.00,160.09,4.650000,0.210000,1000.00,cifi0007.DBF
R69G,10R69G,0,00,00,13,27,164.82,671,0.00,170.00,4.650000,0.210000,1000.00,cifi0007.DBF
R69G,10R69G,0,00,00,13,28,175.41,690,0.00,180.24,4.650000,0.210000,1000.00,cifi0007.DBF
R69G,10R69G,0,00,00,13,29,186.33,708,0.00,190.80,4.650000,0.210000,1000.00,cifi0007.DBF
R69G,10R69G,0,00,00,13,30,197.57,726,0.00,201.67,4.650000,0.210000,1000.00,cifi0007.DBF
R69G,10R69G,0,00,00,13,31,209.14,743,0.00,212.86,4.650000,0.210000,1000.00,cifi0007.DBF
R69G,10R69G,0,00,00,13,32,221.00,759,0.00,224.36,4.650000,0.210000,1000.00,cifi0007.DBF
R69G,10R69G,0,00,00,13,33,233.17,775,0.00,236.15,4.650000,0.210000,1000.00,cifi0007.DBF
R69G,10R69G,0,00,00,13,34,245.67,790,0.00,248.25,4.650000,0.210000,1000.00,cifi0007.DBF
R69G,10R69G,0,00,00,13,35,258.51,805,0.00,260.67,4.650000,0.210000,1000.00,cifi0007.DBF
R69G,10R69G,0,00,00,13,36,271.79,819,0.00,273.48,4.650000,0.210000,1000.00,cifi0007.DBF
R69G,10R69G,0,00,00,13,37,285.51,833,0.00,286.71,4.650000,0.210000,1000.00,cifi0007.DBF
R69G,10R69G,0,00,00,13,38,299.66,846,0.00,300.37,4.650000,0.210000,1000.00,cifi0007.DBF
R69G,10R69G,0,00,00,13,39,314.22,859,0.00,314.44,4.650000,0.210000,1000.00,cifi0007.DBF
R69G,10R69G,0,00,00,13,40,329.15,872,0.00,328.90,4.650000,0.210000,1000.00,cifi0007.DBF
R69G,10R69G,0,00,00,13,41,344.45,884,0.00,343.70,4.650000,0.210000,1000.00,cifi0007.DBF
R69G,10R69G,0,00,00,13,42,360.07,896,0.00,358.84,4.650000,0.210000,1000.00,cifi0007.DBF
R69G,10R69G,0,00,00,13,43,375.98,907,0.00,374.28,4.650000,0.210000,1000.00,cifi0007.DBF
R69G,10R69G,0,00,00,13,44,392.20,919,0.00,390.01,4.650000,0.210000,1000.00,cifi0007.DBF
R69G,10R69G,0,00,00,13,45,408.73,929,0.00,406.02,4.650000,0.210000,1000.00,cifi0007.DBF
R69G,10R69G,0,00,00,13,46,425.69,940,0.00,422.40,4.650000,0.210000,1000.00,cifi0007.DBF
R69G,10R69G,0,00,00,13,47,443.07,950,0.00,439.19,4.650000,0.210000,1000.00,cifi0007.DBF
R69G,10R69G,0,00,00,13,48,460.84,961,0.00,456.36,4.650000,0.210000,1000.00,cifi0007.DBF
R69G,10R69G,0,00,00,13,49,478.94,971,0.00,473.87,4.650000,0.210000,1000.00,cifi0007.DBF
R69G,10R69G,0,00,00,13,50,497.30,981,0.00,491.65,4.650000,0.210000,1000.00,cifi0007.DBF
R69G,10R69G,0,00,00,13,51,515.92,991,0.00,509.67,4.650000,0.210000,1000.00,cifi0007.DBF
R69G,10R69G,0,00,00,13,52,534.82,1000,0.00,527.95,4.650000,0.210000,1000.00,cifi0007.DBF
R69G,10R69G,0,00,00,13,53,548.61,1000,0.00,541.72,0.000000,0.210000,1000.00,cifi0007.DBF
R69G,10R69G,0,00,00,13,54,562.47,1000,0.00,555.54,0.000000,0.210000,1000.00,cifi0007.DBF
R69G,10R69G,0,00,00,13,55,576.46,1000,0.00,569.47,0.000000,0.210000,1000.00,cifi0007.DBF
R69G,10R69G,0,00,00,13,56,590.58,1000,0.00,583.52,0.000000,0.210000,1000.00,cifi0007.DBF
R69G,10R69G,0,00,00,13,57,604.86,1000,0.00,597.72,0.000000,0.210000,1000.00,cifi0007.DBF
R69G,10R69G,0,00,00,13,58,619.24,1000,0.00,612.05,0.000000,0.210000,1000.00,cifi0007.DBF
R69G,10R69G,0,00,00,13,59,633.70,1000,0.00,626.47,0.000000,0.210000,1000.00,cifi0007.DBF
R69G,10R69G,0,00,00,13,60,648.02,1000,0.00,640.86,0.000000,0.210000,1000.00,cifi0007.DBF
R69G,10R69G,0,00,00,13,61,662.25,1000,0.00,655.14,0.000000,0.210000,1000.00,cifi0007.DBF
R69G,10R69G,0,00,00,13,62,676.42,1000,0.00,669.34,0.000000,0.210000,1000.00,cifi0007.DBF
R69G,10R69G,0,00,00,13,63,690.51,1000,0.00,683.46,0.000000,0.210000,1000.00,cifi0007.DBF
R69G,10R69G,0,00,00,13,64,704.51,1000,0.00,697.51,0.000000,0.210000,1000.00,cifi0007.DBF
R69G,10R69G,0,00,00,13,65,718.35,1000,0.00,711.43,0.000000,0.210000,1000.00,cifi0007.DBF
R69G,10R69G,0,00,00,13,66,731.92,1000,0.00,725.13,0.000000,0.210000,1000.00,cifi0007.DBF
R69G,10R69G,0,00,00,13,67,745.12,1000,0.00,738.52,0.000000,0.210000,1000.00,cifi0007.DBF
R69G,10R69G,0,00,00,13,68,757.95,1000,0.00,751.54,0.000000,0.210000,1000.00,cifi0007.DBF
R69G,10R69G,0,00,00,13,69,770.31,1000,0.00,764.13,0.000000,0.210000,1000.00,cifi0007.DBF
R69G,10R69G,0,00,00,13,70,782.28,1000,0.00,776.30,0.000000,0.210000,1000.00,cifi0007.DBF
R69G,10R69G,0,00,00,13,71,793.89,1000,0.00,788.08,0.000000,0.210000,1000.00,cifi0007.DBF
R69G,10R69G,0,00,00,13,72,805.09,1000,0.00,799.49,0.000000,0.210000,1000.00,cifi0007.DBF
R69G,10R69G,0,00,00,13,73,815.83,1000,0.00,810.46,0.000000,0.210000,1000.00,cifi0007.DBF
R69G,10R69G,0,00,00,13,74,826.04,1000,0.00,820.93,0.000000,0.210000,1000.00,cifi0007.DBF
R69G,10R69G,0,00,00,13,75,835.69,1000,0.00,830.86,0.000000,0.210000,1000.00,cifi0007.DBF
R69G,10R69G,0,00,00,13,76,844.79,1000,0.00,840.24,0.000000,0.210000,1000.00,cifi0007.DBF
R69G,10R69G,0,00,00,13,77,853.38,1000,0.00,849.08,0.000000,0.210000,1000.00,cifi0007.DBF
R69G,10R69G,0,00,00,13,78,861.53,1000,0.00,857.45,0.000000,0.210000,1000.00,cifi0007.DBF
R69G,10R69G,0,00,00,13,79,869.59,1000,0.00,865.56,0.000000,0.210000,1000.00,cifi0007.DBF
R69G,10R69G,0,00,00,13,80,877.74,1000,0.00,873.66,0.000000,0.210000,1000.00,cifi0007.DBF
R69G,10R69G,0,00,00,13,81,886.22,1000,0.00,881.98,0.000000,0.210000,1000.00,cifi0007.DBF
R69G,10R69G,0,00,00,13,82,895.40,1000,0.00,890.81,0.000000,0.210000,1000.00,cifi0007.DBF
R69G,10R69G,0,00,00,13,83,905.88,1000,0.00,900.64,0.000000,0.210000,1000.00,cifi0007.DBF
R69G,10R69G,0,00,00,13,84,918.97,1000,0.00,912.42,0.000000,0.210000,1000.00,cifi0007.DBF
R69G,10R69G,0,00,00,13,85,936.46,1000,0.00,927.71,0.000000,0.210000,1000.00,cifi0007.DBF
R69G,10R69G,0,00,00,13,86,961.54,1000,0.00,949.00,0.000000,0.210000,1000.00,cifi0007.DBF
R69G,10R69G,0,00,00,14,1,0.00,0,0.00,0.23,0.450000,0.450000,1000.00,cifi0007.DBF
R69G,10R69G,0,00,00,14,2,0.00,0,0.00,4.65,4.850000,0.450000,1000.00,cifi0007.DBF
R69G,10R69G,0,00,00,14,3,0.00,0,0.00,9.11,4.850000,0.450000,1000.00,cifi0007.DBF
R69G,10R69G,0,00,00,14,4,2.39,21,0.00,13.63,4.850000,0.450000,1000.00,cifi0007.DBF
R69G,10R69G,0,00,00,14,5,7.14,60,0.00,18.23,4.850000,0.450000,1000.00,cifi0007.DBF
R69G,10R69G,0,00,00,14,6,12.04,97,0.00,22.97,4.850000,0.450000,1000.00,cifi0007.DBF
R69G,10R69G,0,00,00,14,7,17.13,133,0.00,27.88,4.850000,0.450000,1000.00,cifi0007.DBF
R69G,10R69G,0,00,00,14,8,22.42,169,0.00,32.97,4.850000,0.450000,1000.00,cifi0007.DBF
R69G,10R69G,0,00,00,14,9,27.91,203,0.00,38.27,4.850000,0.450000,1000.00,cifi0007.DBF
R69G,10R69G,0,00,00,14,10,33.62,237,0.00,43.77,4.850000,0.450000,1000.00,cifi0007.DBF
R69G,10R69G,0,00,00,14,11,39.55,269,0.00,49.48,4.850000,0.450000,1000.00,cifi0007.DBF
R69G,10R69G,0,00,00,14,12,45.69,301,0.00,55.40,4.850000,0.450000,1000.00,cifi0007.DBF
R69G,10R69G,0,00,00,14,13,52.05,331,0.00,61.54,4.850000,0.450000,1000.00,cifi0007.DBF
R69G,10R69G,0,00,00,14,14,58.61,361,0.00,67.88,4.850000,0.450000,1000.00,cifi0007.DBF
R69G,10R69G,0,00,00,14,15,65.45,390,0.00,74.46,4.850000,0.450000,1000.00,cifi0007.DBF
R69G,10R69G,0,00,00,14,16,72.59,418,0.00,81.32,4.850000,0.450000,1000.00,cifi0007.DBF
R69G,10R69G,0,00,00,14,17,80.03,445,0.00,88.47,4.850000,0.450000,1000.00,cifi0007.DBF
R69G,10R69G,0,00,00,14,18,87.79,472,0.00,95.93,4.850000,0.450000,1000.00,cifi0007.DBF
R69G,10R69G,0,00,00,14,19,95.87,498,0.00,103.71,4.850000,0.450000,1000.00,cifi0007.DBF
R69G,10R69G,0,00,00,14,20,104.26,523,0.00,111.79,4.850000,0.450000,1000.00,cifi0007.DBF
R69G,10R69G,0,00,00,14,21,112.97,547,0.00,120.18,4.850000,0.450000,1000.00,cifi0007.DBF
R69G,10R69G,0,00,00,14,22,122.02,571,0.00,128.89,4.850000,0.450000,1000.00,cifi0007.DBF
R69G,10R69G,0,00,00,14,23,131.37,594,0.00,137.92,4.850000,0.450000,1000.00,cifi0007.DBF
R69G,10R69G,0,00,00,14,24,141.06,616,0.00,147.27,4.850000,0.450000,1000.00,cifi0007.DBF
R69G,10R69G,0,00,00,14,25,151.07,637,0.00,156.94,4.850000,0.450000,1000.00,cifi0007.DBF
R69G,10R69G,0,00,00,14,26,161.41,657,0.00,166.92,4.850000,0.450000,1000.00,cifi0007.DBF
R69G,10R69G,0,00,00,14,27,172.09,677,0.00,177.23,4.850000,0.450000,1000.00,cifi0007.DBF
R69G,10R69G,0,00,00,14,28,183.09,696,0.00,187.87,4.850000,0.450000,1000.00,cifi0007.DBF
R69G,10R69G,0,00,00,14,29,194.43,714,0.00,198.83,4.850000,0.450000,1000.00,cifi0007.DBF
R69G,10R69G,0,00,00,14,30,206.08,732,0.00,210.10,4.850000,0.450000,1000.00,cifi0007.DBF
R69G,10R69G,0,00,00,14,31,218.05,749,0.00,221.68,4.850000,0.450000,1000.00,cifi0007.DBF
R69G,10R69G,0,00,00,14,32,230.32,766,0.00,233.57,4.850000,0.450000,1000.00,cifi0007.DBF
R69G,10R69G,0,00,00,14,33,242.92,781,0.00,245.76,4.850000,0.450000,1000.00,cifi0007.DBF
R69G,10R69G,0,00,00,14,34,255.87,797,0.00,258.28,4.850000,0.450000,1000.00,cifi0007.DBF
R69G,10R69G,0,00,00,14,35,269.25,811,0.00,271.19,4.850000,0.450000,1000.00,cifi0007.DBF
R69G,10R69G,0,00,00,14,36,283.09,826,0.00,284.53,4.850000,0.450000,1000.00,cifi0007.DBF
R69G,10R69G,0,00,00,14,37,297.36,840,0.00,298.29,4.850000,0.450000,1000.00,cifi0007.DBF
R69G,10R69G,0,00,00,14,38,312.04,853,0.00,312.48,4.850000,0.450000,1000.00,cifi0007.DBF
R69G,10R69G,0,00,00,14,39,327.11,867,0.00,327.05,4.850000,0.450000,1000.00,cifi0007.DBF
R69G,10R69G,0,00,00,14,40,342.54,879,0.00,341.98,4.850000,0.450000,1000.00,cifi0007.DBF
R69G,10R69G,0,00,00,14,41,358.30,892,0.00,357.25,4.850000,0.450000,1000.00,cifi0007.DBF
R69G,10R69G,0,00,00,14,42,374.35,903,0.00,372.81,4.850000,0.450000,1000.00,cifi0007.DBF
R69G,10R69G,0,00,00,14,43,390.72,915,0.00,388.67,4.850000,0.450000,1000.00,cifi0007.DBF
R69G,10R69G,0,00,00,14,44,407.41,926,0.00,404.84,4.850000,0.450000,1000.00,cifi0007.DBF
R69G,10R69G,0,00,00,14,45,424.54,937,0.00,421.36,4.850000,0.450000,1000.00,cifi0007.DBF
R69G,10R69G,0,00,00,14,46,442.09,948,0.00,438.30,4.850000,0.450000,1000.00,cifi0007.DBF
R69G,10R69G,0,00,00,14,47,460.04,959,0.00,455.63,4.850000,0.450000,1000.00,cifi0007.DBF
R69G,10R69G,0,00,00,14,48,478.32,969,0.00,473.31,4.850000,0.450000,1000.00,cifi0007.DBF
R69G,10R69G,0,00,00,14,49,496.88,980,0.00,491.27,4.850000,0.450000,1000.00,cifi0007.DBF
R69G,10R69G,0,00,00,14,50,515.70,990,0.00,509.48,4.850000,0.450000,1000.00,cifi0007.DBF
R69G,10R69G,0,00,00,14,51,534.82,1000,0.00,527.95,4.850000,0.450000,1000.00,cifi0007.DBF
R69G,10R69G,0,00,00,14,52,548.61,1000,0.00,541.72,0.000000,0.450000,1000.00,cifi0007.DBF
R69G,10R69G,0,00,00,14,53,562.47,1000,0.00,555.54,0.000000,0.450000,1000.00,cifi0007.DBF
R69G,10R69G,0,00,00,14,54,576.46,1000,0.00,569.47,0.000000,0.450000,1000.00,cifi0007.DBF
R69G,10R69G,0,00,00,14,55,590.58,1000,0.00,583.52,0.000000,0.450000,1000.00,cifi0007.DBF
R69G,10R69G,0,00,00,14,56,604.86,1000,0.00,597.72,0.000000,0.450000,1000.00,cifi0007.DBF
R69G,10R69G,0,00,00,14,57,619.24,1000,0.00,612.05,0.000000,0.450000,1000.00,cifi0007.DBF
R69G,10R69G,0,00,00,14,58,633.70,1000,0.00,626.47,0.000000,0.450000,1000.00,cifi0007.DBF
R69G,10R69G,0,00,00,14,59,648.02,1000,0.00,640.86,0.000000,0.450000,1000.00,cifi0007.DBF
R69G,10R69G,0,00,00,14,60,662.25,1000,0.00,655.14,0.000000,0.450000,1000.00,cifi0007.DBF
R69G,10R69G,0,00,00,14,61,676.42,1000,0.00,669.34,0.000000,0.450000,1000.00,cifi0007.DBF
R69G,10R69G,0,00,00,14,62,690.51,1000,0.00,683.46,0.000000,0.450000,1000.00,cifi0007.DBF
R69G,10R69G,0,00,00,14,63,704.51,1000,0.00,697.51,0.000000,0.450000,1000.00,cifi0007.DBF
R69G,10R69G,0,00,00,14,64,718.35,1000,0.00,711.43,0.000000,0.450000,1000.00,cifi0007.DBF
R69G,10R69G,0,00,00,14,65,731.92,1000,0.00,725.13,0.000000,0.450000,1000.00,cifi0007.DBF
R69G,10R69G,0,00,00,14,66,745.12,1000,0.00,738.52,0.000000,0.450000,1000.00,cifi0007.DBF
R69G,10R69G,0,00,00,14,67,757.95,1000,0.00,751.54,0.000000,0.450000,1000.00,cifi0007.DBF
R69G,10R69G,0,00,00,14,68,770.31,1000,0.00,764.13,0.000000,0.450000,1000.00,cifi0007.DBF
R69G,10R69G,0,00,00,14,69,782.28,1000,0.00,776.30,0.000000,0.450000,1000.00,cifi0007.DBF
R69G,10R69G,0,00,00,14,70,793.89,1000,0.00,788.08,0.000000,0.450000,1000.00,cifi0007.DBF
R69G,10R69G,0,00,00,14,71,805.09,1000,0.00,799.49,0.000000,0.450000,1000.00,cifi0007.DBF
R69G,10R69G,0,00,00,14,72,815.83,1000,0.00,810.46,0.000000,0.450000,1000.00,cifi0007.DBF
R69G,10R69G,0,00,00,14,73,826.04,1000,0.00,820.93,0.000000,0.450000,1000.00,cifi0007.DBF
R69G,10R69G,0,00,00,14,74,835.69,1000,0.00,830.86,0.000000,0.450000,1000.00,cifi0007.DBF
R69G,10R69G,0,00,00,14,75,844.79,1000,0.00,840.24,0.000000,0.450000,1000.00,cifi0007.DBF
R69G,10R69G,0,00,00,14,76,853.38,1000,0.00,849.08,0.000000,0.450000,1000.00,cifi0007.DBF
R69G,10R69G,0,00,00,14,77,861.53,1000,0.00,857.45,0.000000,0.450000,1000.00,cifi0007.DBF
R69G,10R69G,0,00,00,14,78,869.59,1000,0.00,865.56,0.000000,0.450000,1000.00,cifi0007.DBF
R69G,10R69G,0,00,00,14,79,877.74,1000,0.00,873.66,0.000000,0.450000,1000.00,cifi0007.DBF
R69G,10R69G,0,00,00,14,80,886.22,1000,0.00,881.98,0.000000,0.450000,1000.00,cifi0007.DBF
R69G,10R69G,0,00,00,14,81,895.40,1000,0.00,890.81,0.000000,0.450000,1000.00,cifi0007.DBF
R69G,10R69G,0,00,00,14,82,905.88,1000,0.00,900.64,0.000000,0.450000,1000.00,cifi0007.DBF
R69G,10R69G,0,00,00,14,83,918.97,1000,0.00,912.42,0.000000,0.450000,1000.00,cifi0007.DBF
R69G,10R69G,0,00,00,14,84,936.46,1000,0.00,927.71,0.000000,0.450000,1000.00,cifi0007.DBF
R69G,10R69G,0,00,00,14,85,961.54,1000,0.00,949.00,0.000000,0.450000,1000.00,cifi0007.DBF
R69G,10R69G,0,00,00,15,1,0.00,0,0.00,0.29,0.590000,0.590000,1000.00,cifi0007.DBF
R69G,10R69G,0,00,00,15,2,0.00,0,0.00,4.79,5.060000,0.590000,1000.00,cifi0007.DBF
R69G,10R69G,0,00,00,15,3,0.00,0,0.00,9.34,5.060000,0.590000,1000.00,cifi0007.DBF
R69G,10R69G,0,00,00,15,4,2.54,22,0.00,13.98,5.060000,0.590000,1000.00,cifi0007.DBF
R69G,10R69G,0,00,00,15,5,7.49,60,0.00,18.75,5.060000,0.590000,1000.00,cifi0007.DBF
R69G,10R69G,0,00,00,15,6,12.61,98,0.00,23.69,5.060000,0.590000,1000.00,cifi0007.DBF
R69G,10R69G,0,00,00,15,7,17.94,135,0.00,28.83,5.060000,0.590000,1000.00,cifi0007.DBF
R69G,10R69G,0,00,00,15,8,23.48,171,0.00,34.16,5.060000,0.590000,1000.00,cifi0007.DBF
R69G,10R69G,0,00,00,15,9,29.23,206,0.00,39.70,5.060000,0.590000,1000.00,cifi0007.DBF
R69G,10R69G,0,00,00,15,10,35.20,240,0.00,45.45,5.060000,0.590000,1000.00,cifi0007.DBF
R69G,10R69G,0,00,00,15,11,41.40,273,0.00,51.42,5.060000,0.590000,1000.00,cifi0007.DBF
R69G,10R69G,0,00,00,15,12,47.80,304,0.00,57.60,5.060000,0.590000,1000.00,cifi0007.DBF
R69G,10R69G,0,00,00,15,13,54.42,335,0.00,63.99,5.060000,0.590000,1000.00,cifi0007.DBF
R69G,10R69G,0,00,00,15,14,61.31,365,0.00,70.62,5.060000,0.590000,1000.00,cifi0007.DBF
R69G,10R69G,0,00,00,15,15,68.50,394,0.00,77.53,5.060000,0.590000,1000.00,cifi0007.DBF
R69G,10R69G,0,00,00,15,16,76.00,423,0.00,84.74,5.060000,0.590000,1000.00,cifi0007.DBF
R69G,10R69G,0,00,00,15,17,83.82,451,0.00,92.25,5.060000,0.590000,1000.00,cifi0007.DBF
R69G,10R69G,0,00,00,15,18,91.96,477,0.00,100.08,5.060000,0.590000,1000.00,cifi0007.DBF
R69G,10R69G,0,00,00,15,19,100.41,504,0.00,108.22,5.060000,0.590000,1000.00,cifi0007.DBF
R69G,10R69G,0,00,00,15,20,109.19,529,0.00,116.68,5.060000,0.590000,1000.00,cifi0007.DBF
R69G,10R69G,0,00,00,15,21,118.31,553,0.00,125.46,5.060000,0.590000,1000.00,cifi0007.DBF
R69G,10R69G,0,00,00,15,22,127.73,577,0.00,134.55,5.060000,0.590000,1000.00,cifi0007.DBF
R69G,10R69G,0,00,00,15,23,137.50,600,0.00,143.97,5.060000,0.590000,1000.00,cifi0007.DBF
R69G,10R69G,0,00,00,15,24,147.59,622,0.00,153.71,5.060000,0.590000,1000.00,cifi0007.DBF
R69G,10R69G,0,00,00,15,25,158.00,643,0.00,163.77,5.060000,0.590000,1000.00,cifi0007.DBF
R69G,10R69G,0,00,00,15,26,168.77,664,0.00,174.15,5.060000,0.590000,1000.00,cifi0007.DBF
R69G,10R69G,0,00,00,15,27,179.86,684,0.00,184.87,5.060000,0.590000,1000.00,cifi0007.DBF
R69G,10R69G,0,00,00,15,28,191.28,703,0.00,195.92,5.060000,0.590000,1000.00,cifi0007.DBF
R69G,10R69G,0,00,00,15,29,203.03,721,0.00,207.28,5.060000,0.590000,1000.00,cifi0007.DBF
R69G,10R69G,0,00,00,15,30,215.09,739,0.00,218.95,5.060000,0.590000,1000.00,cifi0007.DBF
R69G,10R69G,0,00,00,15,31,227.46,756,0.00,230.92,5.060000,0.590000,1000.00,cifi0007.DBF
R69G,10R69G,0,00,00,15,32,240.17,773,0.00,243.21,5.060000,0.590000,1000.00,cifi0007.DBF
R69G,10R69G,0,00,00,15,33,253.22,788,0.00,255.84,5.060000,0.590000,1000.00,cifi0007.DBF
R69G,10R69G,0,00,00,15,34,266.72,804,0.00,268.84,5.060000,0.590000,1000.00,cifi0007.DBF
R69G,10R69G,0,00,00,15,35,280.67,819,0.00,282.29,5.060000,0.590000,1000.00,cifi0007.DBF
R69G,10R69G,0,00,00,15,36,295.06,833,0.00,296.17,5.060000,0.590000,1000.00,cifi0007.DBF
R69G,10R69G,0,00,00,15,37,309.87,847,0.00,310.47,5.060000,0.590000,1000.00,cifi0007.DBF
R69G,10R69G,0,00,00,15,38,325.06,861,0.00,325.16,5.060000,0.590000,1000.00,cifi0007.DBF
R69G,10R69G,0,00,00,15,39,340.63,874,0.00,340.22,5.060000,0.590000,1000.00,cifi0007.DBF
R69G,10R69G,0,00,00,15,40,356.53,887,0.00,355.61,5.060000,0.590000,1000.00,cifi0007.DBF
R69G,10R69G,0,00,00,15,41,372.73,900,0.00,371.31,5.060000,0.590000,1000.00,cifi0007.DBF
R69G,10R69G,0,00,00,15,42,389.25,912,0.00,387.31,5.060000,0.590000,1000.00,cifi0007.DBF
R69G,10R69G,0,00,00,15,43,406.10,923,0.00,403.62,5.060000,0.590000,1000.00,cifi0007.DBF
R69G,10R69G,0,00,00,15,44,423.38,935,0.00,420.30,5.060000,0.590000,1000.00,cifi0007.DBF
R69G,10R69G,0,00,00,15,45,441.11,946,0.00,437.39,5.060000,0.590000,1000.00,cifi0007.DBF
R69G,10R69G,0,00,00,15,46,459.23,957,0.00,454.89,5.060000,0.590000,1000.00,cifi0007.DBF
R69G,10R69G,0,00,00,15,47,477.70,968,0.00,472.74,5.060000,0.590000,1000.00,cifi0007.DBF
R69G,10R69G,0,00,00,15,48,496.45,979,0.00,490.88,5.060000,0.590000,1000.00,cifi0007.DBF
R69G,10R69G,0,00,00,15,49,515.48,990,0.00,509.28,5.060000,0.590000,1000.00,cifi0007.DBF
R69G,10R69G,0,00,00,15,50,534.82,1000,0.00,527.95,5.060000,0.590000,1000.00,cifi0007.DBF
R69G,10R69G,0,00,00,15,51,548.61,1000,0.00,541.72,0.000000,0.590000,1000.00,cifi0007.DBF
R69G,10R69G,0,00,00,15,52,562.47,1000,0.00,555.54,0.000000,0.590000,1000.00,cifi0007.DBF
R69G,10R69G,0,00,00,15,53,576.46,1000,0.00,569.47,0.000000,0.590000,1000.00,cifi0007.DBF
R69G,10R69G,0,00,00,15,54,590.58,1000,0.00,583.52,0.000000,0.590000,1000.00,cifi0007.DBF
R69G,10R69G,0,00,00,15,55,604.86,1000,0.00,597.72,0.000000,0.590000,1000.00,cifi0007.DBF
R69G,10R69G,0,00,00,15,56,619.24,1000,0.00,612.05,0.000000,0.590000,1000.00,cifi0007.DBF
R69G,10R69G,0,00,00,15,57,633.70,1000,0.00,626.47,0.000000,0.590000,1000.00,cifi0007.DBF
R69G,10R69G,0,00,00,15,58,648.02,1000,0.00,640.86,0.000000,0.590000,1000.00,cifi0007.DBF
R69G,10R69G,0,00,00,15,59,662.25,1000,0.00,655.14,0.000000,0.590000,1000.00,cifi0007.DBF
R69G,10R69G,0,00,00,15,60,676.42,1000,0.00,669.34,0.000000,0.590000,1000.00,cifi0007.DBF
R69G,10R69G,0,00,00,15,61,690.51,1000,0.00,683.46,0.000000,0.590000,1000.00,cifi0007.DBF
R69G,10R69G,0,00,00,15,62,704.51,1000,0.00,697.51,0.000000,0.590000,1000.00,cifi0007.DBF
R69G,10R69G,0,00,00,15,63,718.35,1000,0.00,711.43,0.000000,0.590000,1000.00,cifi0007.DBF
R69G,10R69G,0,00,00,15,64,731.92,1000,0.00,725.13,0.000000,0.590000,1000.00,cifi0007.DBF
R69G,10R69G,0,00,00,15,65,745.12,1000,0.00,738.52,0.000000,0.590000,1000.00,cifi0007.DBF
R69G,10R69G,0,00,00,15,66,757.95,1000,0.00,751.54,0.000000,0.590000,1000.00,cifi0007.DBF
R69G,10R69G,0,00,00,15,67,770.31,1000,0.00,764.13,0.000000,0.590000,1000.00,cifi0007.DBF
R69G,10R69G,0,00,00,15,68,782.28,1000,0.00,776.30,0.000000,0.590000,1000.00,cifi0007.DBF
R69G,10R69G,0,00,00,15,69,793.89,1000,0.00,788.08,0.000000,0.590000,1000.00,cifi0007.DBF
R69G,10R69G,0,00,00,15,70,805.09,1000,0.00,799.49,0.000000,0.590000,1000.00,cifi0007.DBF
R69G,10R69G,0,00,00,15,71,815.83,1000,0.00,810.46,0.000000,0.590000,1000.00,cifi0007.DBF
R69G,10R69G,0,00,00,15,72,826.04,1000,0.00,820.93,0.000000,0.590000,1000.00,cifi0007.DBF
R69G,10R69G,0,00,00,15,73,835.69,1000,0.00,830.86,0.000000,0.590000,1000.00,cifi0007.DBF
R69G,10R69G,0,00,00,15,74,844.79,1000,0.00,840.24,0.000000,0.590000,1000.00,cifi0007.DBF
R69G,10R69G,0,00,00,15,75,853.38,1000,0.00,849.08,0.000000,0.590000,1000.00,cifi0007.DBF
R69G,10R69G,0,00,00,15,76,861.53,1000,0.00,857.45,0.000000,0.590000,1000.00,cifi0007.DBF
R69G,10R69G,0,00,00,15,77,869.59,1000,0.00,865.56,0.000000,0.590000,1000.00,cifi0007.DBF
R69G,10R69G,0,00,00,15,78,877.74,1000,0.00,873.66,0.000000,0.590000,1000.00,cifi0007.DBF
R69G,10R69G,0,00,00,15,79,886.22,1000,0.00,881.98,0.000000,0.590000,1000.00,cifi0007.DBF
R69G,10R69G,0,00,00,15,80,895.40,1000,0.00,890.81,0.000000,0.590000,1000.00,cifi0007.DBF
R69G,10R69G,0,00,00,15,81,905.88,1000,0.00,900.64,0.000000,0.590000,1000.00,cifi0007.DBF
R69G,10R69G,0,00,00,15,82,918.97,1000,0.00,912.42,0.000000,0.590000,1000.00,cifi0007.DBF
R69G,10R69G,0,00,00,15,83,936.46,1000,0.00,927.71,0.000000,0.590000,1000.00,cifi0007.DBF
R69G,10R69G,0,00,00,15,84,961.54,1000,0.00,949.00,0.000000,0.590000,1000.00,cifi0007.DBF
R69G,10R69G,0,00,00,16,1,0.00,0,0.00,0.36,0.710000,0.710000,1000.00,cifi0007.DBF
R69G,10R69G,0,00,00,16,2,0.00,0,0.00,4.94,5.270000,0.710000,1000.00,cifi0007.DBF
R69G,10R69G,0,00,00,16,3,0.00,0,0.00,9.61,5.270000,0.710000,1000.00,cifi0007.DBF
R69G,10R69G,0,00,00,16,4,2.82,23,0.00,14.42,5.270000,0.710000,1000.00,cifi0007.DBF
R69G,10R69G,0,00,00,16,5,7.99,62,0.00,19.40,5.270000,0.710000,1000.00,cifi0007.DBF
R69G,10R69G,0,00,00,16,6,13.36,101,0.00,24.57,5.270000,0.710000,1000.00,cifi0007.DBF
R69G,10R69G,0,00,00,16,7,18.94,138,0.00,29.94,5.270000,0.710000,1000.00,cifi0007.DBF
R69G,10R69G,0,00,00,16,8,24.74,174,0.00,35.53,5.270000,0.710000,1000.00,cifi0007.DBF
R69G,10R69G,0,00,00,16,9,30.75,209,0.00,41.32,5.270000,0.710000,1000.00,cifi0007.DBF
R69G,10R69G,0,00,00,16,10,37.00,244,0.00,47.33,5.270000,0.710000,1000.00,cifi0007.DBF
R69G,10R69G,0,00,00,16,11,43.45,277,0.00,53.56,5.270000,0.710000,1000.00,cifi0007.DBF
R69G,10R69G,0,00,00,16,12,50.12,309,0.00,60.00,5.270000,0.710000,1000.00,cifi0007.DBF
R69G,10R69G,0,00,00,16,13,57.06,340,0.00,66.67,5.270000,0.710000,1000.00,cifi0007.DBF
R69G,10R69G,0,00,00,16,14,64.31,370,0.00,73.64,5.270000,0.710000,1000.00,cifi0007.DBF
R69G,10R69G,0,00,00,16,15,71.87,400,0.00,80.90,5.270000,0.710000,1000.00,cifi0007.DBF
R69G,10R69G,0,00,00,16,16,79.75,429,0.00,88.47,5.270000,0.710000,1000.00,cifi0007.DBF
R69G,10R69G,0,00,00,16,17,87.95,457,0.00,96.36,5.270000,0.710000,1000.00,cifi0007.DBF
R69G,10R69G,0,00,00,16,18,96.47,484,0.00,104.57,5.270000,0.710000,1000.00,cifi0007.DBF
R69G,10R69G,0,00,00,16,19,105.32,510,0.00,113.09,5.270000,0.710000,1000.00,cifi0007.DBF
R69G,10R69G,0,00,00,16,20,114.51,536,0.00,121.93,5.270000,0.710000,1000.00,cifi0007.DBF
R69G,10R69G,0,00,00,16,21,124.01,560,0.00,131.10,5.270000,0.710000,1000.00,cifi0007.DBF
R69G,10R69G,0,00,00,16,22,133.85,584,0.00,140.58,5.270000,0.710000,1000.00,cifi0007.DBF
R69G,10R69G,0,00,00,16,23,144.02,607,0.00,150.40,5.270000,0.710000,1000.00,cifi0007.DBF
R69G,10R69G,0,00,00,16,24,154.52,629,0.00,160.53,5.270000,0.710000,1000.00,cifi0007.DBF
R69G,10R69G,0,00,00,16,25,165.37,651,0.00,171.00,5.270000,0.710000,1000.00,cifi0007.DBF
R69G,10R69G,0,00,00,16,26,176.55,671,0.00,181.80,5.270000,0.710000,1000.00,cifi0007.DBF
R69G,10R69G,0,00,00,16,27,188.07,691,0.00,192.93,5.270000,0.710000,1000.00,cifi0007.DBF
R69G,10R69G,0,00,00,16,28,199.91,710,0.00,204.38,5.270000,0.710000,1000.00,cifi0007.DBF
R69G,10R69G,0,00,00,16,29,212.07,729,0.00,216.14,5.270000,0.710000,1000.00,cifi0007.DBF
R69G,10R69G,0,00,00,16,30,224.54,746,0.00,228.21,5.270000,0.710000,1000.00,cifi0007.DBF
R69G,10R69G,0,00,00,16,31,237.35,763,0.00,240.60,5.270000,0.710000,1000.00,cifi0007.DBF
R69G,10R69G,0,00,00,16,32,250.52,780,0.00,253.32,5.270000,0.710000,1000.00,cifi0007.DBF
R69G,10R69G,0,00,00,16,33,264.13,796,0.00,266.44,5.270000,0.710000,1000.00,cifi0007.DBF
R69G,10R69G,0,00,00,16,34,278.20,812,0.00,279.99,5.270000,0.710000,1000.00,cifi0007.DBF
R69G,10R69G,0,00,00,16,35,292.71,827,0.00,293.99,5.270000,0.710000,1000.00,cifi0007.DBF
R69G,10R69G,0,00,00,16,36,307.65,841,0.00,308.41,5.270000,0.710000,1000.00,cifi0007.DBF
R69G,10R69G,0,00,00,16,37,322.97,856,0.00,323.22,5.270000,0.710000,1000.00,cifi0007.DBF
R69G,10R69G,0,00,00,16,38,338.68,869,0.00,338.41,5.270000,0.710000,1000.00,cifi0007.DBF
R69G,10R69G,0,00,00,16,39,354.72,883,0.00,353.93,5.270000,0.710000,1000.00,cifi0007.DBF
R69G,10R69G,0,00,00,16,40,371.07,896,0.00,369.77,5.270000,0.710000,1000.00,cifi0007.DBF
R69G,10R69G,0,00,00,16,41,387.74,908,0.00,385.92,5.270000,0.710000,1000.00,cifi0007.DBF
R69G,10R69G,0,00,00,16,42,404.75,920,0.00,402.37,5.270000,0.710000,1000.00,cifi0007.DBF
R69G,10R69G,0,00,00,16,43,422.20,932,0.00,419.20,5.270000,0.710000,1000.00,cifi0007.DBF
R69G,10R69G,0,00,00,16,44,440.10,944,0.00,436.46,5.270000,0.710000,1000.00,cifi0007.DBF
R69G,10R69G,0,00,00,16,45,458.41,956,0.00,454.13,5.270000,0.710000,1000.00,cifi0007.DBF
R69G,10R69G,0,00,00,16,46,477.07,967,0.00,472.15,5.270000,0.710000,1000.00,cifi0007.DBF
R69G,10R69G,0,00,00,16,47,496.02,978,0.00,490.48,5.270000,0.710000,1000.00,cifi0007.DBF
R69G,10R69G,0,00,00,16,48,515.26,989,0.00,509.08,5.270000,0.710000,1000.00,cifi0007.DBF
R69G,10R69G,0,00,00,16,49,534.82,1000,0.00,527.95,5.270000,0.710000,1000.00,cifi0007.DBF
R69G,10R69G,0,00,00,16,50,548.61,1000,0.00,541.72,0.000000,0.710000,1000.00,cifi0007.DBF
R69G,10R69G,0,00,00,16,51,562.47,1000,0.00,555.54,0.000000,0.710000,1000.00,cifi0007.DBF
R69G,10R69G,0,00,00,16,52,576.46,1000,0.00,569.47,0.000000,0.710000,1000.00,cifi0007.DBF
R69G,10R69G,0,00,00,16,53,590.58,1000,0.00,583.52,0.000000,0.710000,1000.00,cifi0007.DBF
R69G,10R69G,0,00,00,16,54,604.86,1000,0.00,597.72,0.000000,0.710000,1000.00,cifi0007.DBF
R69G,10R69G,0,00,00,16,55,619.24,1000,0.00,612.05,0.000000,0.710000,1000.00,cifi0007.DBF
R69G,10R69G,0,00,00,16,56,633.70,1000,0.00,626.47,0.000000,0.710000,1000.00,cifi0007.DBF
R69G,10R69G,0,00,00,16,57,648.02,1000,0.00,640.86,0.000000,0.710000,1000.00,cifi0007.DBF
R69G,10R69G,0,00,00,16,58,662.25,1000,0.00,655.14,0.000000,0.710000,1000.00,cifi0007.DBF
R69G,10R69G,0,00,00,16,59,676.42,1000,0.00,669.34,0.000000,0.710000,1000.00,cifi0007.DBF
R69G,10R69G,0,00,00,16,60,690.51,1000,0.00,683.46,0.000000,0.710000,1000.00,cifi0007.DBF
R69G,10R69G,0,00,00,16,61,704.51,1000,0.00,697.51,0.000000,0.710000,1000.00,cifi0007.DBF
R69G,10R69G,0,00,00,16,62,718.35,1000,0.00,711.43,0.000000,0.710000,1000.00,cifi0007.DBF
R69G,10R69G,0,00,00,16,63,731.92,1000,0.00,725.13,0.000000,0.710000,1000.00,cifi0007.DBF
R69G,10R69G,0,00,00,16,64,745.12,1000,0.00,738.52,0.000000,0.710000,1000.00,cifi0007.DBF
R69G,10R69G,0,00,00,16,65,757.95,1000,0.00,751.54,0.000000,0.710000,1000.00,cifi0007.DBF
R69G,10R69G,0,00,00,16,66,770.31,1000,0.00,764.13,0.000000,0.710000,1000.00,cifi0007.DBF
R69G,10R69G,0,00,00,16,67,782.28,1000,0.00,776.30,0.000000,0.710000,1000.00,cifi0007.DBF
R69G,10R69G,0,00,00,16,68,793.89,1000,0.00,788.08,0.000000,0.710000,1000.00,cifi0007.DBF
R69G,10R69G,0,00,00,16,69,805.09,1000,0.00,799.49,0.000000,0.710000,1000.00,cifi0007.DBF
R69G,10R69G,0,00,00,16,70,815.83,1000,0.00,810.46,0.000000,0.710000,1000.00,cifi0007.DBF
R69G,10R69G,0,00,00,16,71,826.04,1000,0.00,820.93,0.000000,0.710000,1000.00,cifi0007.DBF
R69G,10R69G,0,00,00,16,72,835.69,1000,0.00,830.86,0.000000,0.710000,1000.00,cifi0007.DBF
R69G,10R69G,0,00,00,16,73,844.79,1000,0.00,840.24,0.000000,0.710000,1000.00,cifi0007.DBF
R69G,10R69G,0,00,00,16,74,853.38,1000,0.00,849.08,0.000000,0.710000,1000.00,cifi0007.DBF
R69G,10R69G,0,00,00,16,75,861.53,1000,0.00,857.45,0.000000,0.710000,1000.00,cifi0007.DBF
R69G,10R69G,0,00,00,16,76,869.59,1000,0.00,865.56,0.000000,0.710000,1000.00,cifi0007.DBF
R69G,10R69G,0,00,00,16,77,877.74,1000,0.00,873.66,0.000000,0.710000,1000.00,cifi0007.DBF
R69G,10R69G,0,00,00,16,78,886.22,1000,0.00,881.98,0.000000,0.710000,1000.00,cifi0007.DBF
R69G,10R69G,0,00,00,16,79,895.40,1000,0.00,890.81,0.000000,0.710000,1000.00,cifi0007.DBF
R69G,10R69G,0,00,00,16,80,905.88,1000,0.00,900.64,0.000000,0.710000,1000.00,cifi0007.DBF
R69G,10R69G,0,00,00,16,81,918.97,1000,0.00,912.42,0.000000,0.710000,1000.00,cifi0007.DBF
R69G,10R69G,0,00,00,16,82,936.46,1000,0.00,927.71,0.000000,0.710000,1000.00,cifi0007.DBF
R69G,10R69G,0,00,00,16,83,961.54,1000,0.00,949.00,0.000000,0.710000,1000.00,cifi0007.DBF
R69G,10R69G,0,00,00,17,1,0.00,0,0.00,0.42,0.840000,0.840000,1000.00,cifi0007.DBF
R69G,10R69G,0,00,00,17,2,0.00,0,0.00,5.13,5.480000,0.840000,1000.00,cifi0007.DBF
R69G,10R69G,0,00,00,17,3,0.00,0,0.00,9.97,5.480000,0.840000,1000.00,cifi0007.DBF
R69G,10R69G,0,00,00,17,4,3.24,26,0.00,14.99,5.480000,0.840000,1000.00,cifi0007.DBF
R69G,10R69G,0,00,00,17,5,8.66,65,0.00,20.20,5.480000,0.840000,1000.00,cifi0007.DBF
R69G,10R69G,0,00,00,17,6,14.28,104,0.00,25.61,5.480000,0.840000,1000.00,cifi0007.DBF
R69G,10R69G,0,00,00,17,7,20.12,142,0.00,31.24,5.480000,0.840000,1000.00,cifi0007.DBF
R69G,10R69G,0,00,00,17,8,26.18,178,0.00,37.08,5.480000,0.840000,1000.00,cifi0007.DBF
R69G,10R69G,0,00,00,17,9,32.48,214,0.00,43.13,5.480000,0.840000,1000.00,cifi0007.DBF
R69G,10R69G,0,00,00,17,10,38.98,248,0.00,49.41,5.480000,0.840000,1000.00,cifi0007.DBF
R69G,10R69G,0,00,00,17,11,45.70,281,0.00,55.89,5.480000,0.840000,1000.00,cifi0007.DBF
R69G,10R69G,0,00,00,17,12,52.70,314,0.00,62.62,5.480000,0.840000,1000.00,cifi0007.DBF
R69G,10R69G,0,00,00,17,13,60.01,345,0.00,69.64,5.480000,0.840000,1000.00,cifi0007.DBF
R69G,10R69G,0,00,00,17,14,67.63,376,0.00,76.96,5.480000,0.840000,1000.00,cifi0007.DBF
R69G,10R69G,0,00,00,17,15,75.57,406,0.00,84.59,5.480000,0.840000,1000.00,cifi0007.DBF
R69G,10R69G,0,00,00,17,16,83.84,435,0.00,92.54,5.480000,0.840000,1000.00,cifi0007.DBF
R69G,10R69G,0,00,00,17,17,92.43,464,0.00,100.81,5.480000,0.840000,1000.00,cifi0007.DBF
R69G,10R69G,0,00,00,17,18,101.35,491,0.00,109.39,5.480000,0.840000,1000.00,cifi0007.DBF
R69G,10R69G,0,00,00,17,19,110.60,517,0.00,118.30,5.480000,0.840000,1000.00,cifi0007.DBF
R69G,10R69G,0,00,00,17,20,120.18,543,0.00,127.54,5.480000,0.840000,1000.00,cifi0007.DBF
R69G,10R69G,0,00,00,17,21,130.11,568,0.00,137.10,5.480000,0.840000,1000.00,cifi0007.DBF
R69G,10R69G,0,00,00,17,22,140.35,592,0.00,146.99,5.480000,0.840000,1000.00,cifi0007.DBF
R69G,10R69G,0,00,00,17,23,150.94,615,0.00,157.21,5.480000,0.840000,1000.00,cifi0007.DBF
R69G,10R69G,0,00,00,17,24,161.87,637,0.00,167.76,5.480000,0.840000,1000.00,cifi0007.DBF
R69G,10R69G,0,00,00,17,25,173.15,658,0.00,178.64,5.480000,0.840000,1000.00,cifi0007.DBF
R69G,10R69G,0,00,00,17,26,184.76,679,0.00,189.86,5.480000,0.840000,1000.00,cifi0007.DBF
R69G,10R69G,0,00,00,17,27,196.70,699,0.00,201.40,5.480000,0.840000,1000.00,cifi0007.DBF
R69G,10R69G,0,00,00,17,28,208.96,718,0.00,213.26,5.480000,0.840000,1000.00,cifi0007.DBF
R69G,10R69G,0,00,00,17,29,221.54,736,0.00,225.43,5.480000,0.840000,1000.00,cifi0007.DBF
R69G,10R69G,0,00,00,17,30,234.46,754,0.00,237.92,5.480000,0.840000,1000.00,cifi0007.DBF
R69G,10R69G,0,00,00,17,31,247.74,771,0.00,250.74,5.480000,0.840000,1000.00,cifi0007.DBF
R69G,10R69G,0,00,00,17,32,261.47,788,0.00,263.97,5.480000,0.840000,1000.00,cifi0007.DBF
R69G,10R69G,0,00,00,17,33,275.66,804,0.00,277.64,5.480000,0.840000,1000.00,cifi0007.DBF
R69G,10R69G,0,00,00,17,34,290.29,820,0.00,291.75,5.480000,0.840000,1000.00,cifi0007.DBF
R69G,10R69G,0,00,00,17,35,305.37,835,0.00,306.29,5.480000,0.840000,1000.00,cifi0007.DBF
R69G,10R69G,0,00,00,17,36,320.83,850,0.00,321.23,5.480000,0.840000,1000.00,cifi0007.DBF
R69G,10R69G,0,00,00,17,37,336.67,864,0.00,336.54,5.480000,0.840000,1000.00,cifi0007.DBF
R69G,10R69G,0,00,00,17,38,352.86,878,0.00,352.21,5.480000,0.840000,1000.00,cifi0007.DBF
R69G,10R69G,0,00,00,17,39,369.36,891,0.00,368.19,5.480000,0.840000,1000.00,cifi0007.DBF
R69G,10R69G,0,00,00,17,40,386.19,904,0.00,384.48,5.480000,0.840000,1000.00,cifi0007.DBF
R69G,10R69G,0,00,00,17,41,403.36,917,0.00,401.09,5.480000,0.840000,1000.00,cifi0007.DBF
R69G,10R69G,0,00,00,17,42,420.99,930,0.00,418.08,5.480000,0.840000,1000.00,cifi0007.DBF
R69G,10R69G,0,00,00,17,43,439.07,942,0.00,435.51,5.480000,0.840000,1000.00,cifi0007.DBF
R69G,10R69G,0,00,00,17,44,457.56,954,0.00,453.35,5.480000,0.840000,1000.00,cifi0007.DBF
R69G,10R69G,0,00,00,17,45,476.42,966,0.00,471.55,5.480000,0.840000,1000.00,cifi0007.DBF
R69G,10R69G,0,00,00,17,46,495.58,977,0.00,490.07,5.480000,0.840000,1000.00,cifi0007.DBF
R69G,10R69G,0,00,00,17,47,515.03,989,0.00,508.86,5.480000,0.840000,1000.00,cifi0007.DBF
R69G,10R69G,0,00,00,17,48,534.82,1000,0.00,527.95,5.480000,0.840000,1000.00,cifi0007.DBF
R69G,10R69G,0,00,00,17,49,548.61,1000,0.00,541.72,0.000000,0.840000,1000.00,cifi0007.DBF
R69G,10R69G,0,00,00,17,50,562.47,1000,0.00,555.54,0.000000,0.840000,1000.00,cifi0007.DBF
R69G,10R69G,0,00,00,17,51,576.46,1000,0.00,569.47,0.000000,0.840000,1000.00,cifi0007.DBF
R69G,10R69G,0,00,00,17,52,590.58,1000,0.00,583.52,0.000000,0.840000,1000.00,cifi0007.DBF
R69G,10R69G,0,00,00,17,53,604.86,1000,0.00,597.72,0.000000,0.840000,1000.00,cifi0007.DBF
R69G,10R69G,0,00,00,17,54,619.24,1000,0.00,612.05,0.000000,0.840000,1000.00,cifi0007.DBF
R69G,10R69G,0,00,00,17,55,633.70,1000,0.00,626.47,0.000000,0.840000,1000.00,cifi0007.DBF
R69G,10R69G,0,00,00,17,56,648.02,1000,0.00,640.86,0.000000,0.840000,1000.00,cifi0007.DBF
R69G,10R69G,0,00,00,17,57,662.25,1000,0.00,655.14,0.000000,0.840000,1000.00,cifi0007.DBF
R69G,10R69G,0,00,00,17,58,676.42,1000,0.00,669.34,0.000000,0.840000,1000.00,cifi0007.DBF
R69G,10R69G,0,00,00,17,59,690.51,1000,0.00,683.46,0.000000,0.840000,1000.00,cifi0007.DBF
R69G,10R69G,0,00,00,17,60,704.51,1000,0.00,697.51,0.000000,0.840000,1000.00,cifi0007.DBF
R69G,10R69G,0,00,00,17,61,718.35,1000,0.00,711.43,0.000000,0.840000,1000.00,cifi0007.DBF
R69G,10R69G,0,00,00,17,62,731.92,1000,0.00,725.13,0.000000,0.840000,1000.00,cifi0007.DBF
R69G,10R69G,0,00,00,17,63,745.12,1000,0.00,738.52,0.000000,0.840000,1000.00,cifi0007.DBF
R69G,10R69G,0,00,00,17,64,757.95,1000,0.00,751.54,0.000000,0.840000,1000.00,cifi0007.DBF
R69G,10R69G,0,00,00,17,65,770.31,1000,0.00,764.13,0.000000,0.840000,1000.00,cifi0007.DBF
R69G,10R69G,0,00,00,17,66,782.28,1000,0.00,776.30,0.000000,0.840000,1000.00,cifi0007.DBF
R69G,10R69G,0,00,00,17,67,793.89,1000,0.00,788.08,0.000000,0.840000,1000.00,cifi0007.DBF
R69G,10R69G,0,00,00,17,68,805.09,1000,0.00,799.49,0.000000,0.840000,1000.00,cifi0007.DBF
R69G,10R69G,0,00,00,17,69,815.83,1000,0.00,810.46,0.000000,0.840000,1000.00,cifi0007.DBF
R69G,10R69G,0,00,00,17,70,826.04,1000,0.00,820.93,0.000000,0.840000,1000.00,cifi0007.DBF
R69G,10R69G,0,00,00,17,71,835.69,1000,0.00,830.86,0.000000,0.840000,1000.00,cifi0007.DBF
R69G,10R69G,0,00,00,17,72,844.79,1000,0.00,840.24,0.000000,0.840000,1000.00,cifi0007.DBF
R69G,10R69G,0,00,00,17,73,853.38,1000,0.00,849.08,0.000000,0.840000,1000.00,cifi0007.DBF
R69G,10R69G,0,00,00,17,74,861.53,1000,0.00,857.45,0.000000,0.840000,1000.00,cifi0007.DBF
R69G,10R69G,0,00,00,17,75,869.59,1000,0.00,865.56,0.000000,0.840000,1000.00,cifi0007.DBF
R69G,10R69G,0,00,00,17,76,877.74,1000,0.00,873.66,0.000000,0.840000,1000.00,cifi0007.DBF
R69G,10R69G,0,00,00,17,77,886.22,1000,0.00,881.98,0.000000,0.840000,1000.00,cifi0007.DBF
R69G,10R69G,0,00,00,17,78,895.40,1000,0.00,890.81,0.000000,0.840000,1000.00,cifi0007.DBF
R69G,10R69G,0,00,00,17,79,905.88,1000,0.00,900.64,0.000000,0.840000,1000.00,cifi0007.DBF
R69G,10R69G,0,00,00,17,80,918.97,1000,0.00,912.42,0.000000,0.840000,1000.00,cifi0007.DBF
R69G,10R69G,0,00,00,17,81,936.46,1000,0.00,927.71,0.000000,0.840000,1000.00,cifi0007.DBF
R69G,10R69G,0,00,00,17,82,961.54,1000,0.00,949.00,0.000000,0.840000,1000.00,cifi0007.DBF
R69G,10R69G,0,00,00,18,1,0.00,0,0.00,0.45,0.900000,0.900000,1000.00,cifi0007.DBF
R69G,10R69G,0,00,00,18,2,0.00,0,0.00,5.34,5.710000,0.900000,1000.00,cifi0007.DBF
R69G,10R69G,0,00,00,18,3,0.00,0,0.00,10.39,5.710000,0.900000,1000.00,cifi0007.DBF
R69G,10R69G,0,00,00,18,4,3.81,29,0.00,15.64,5.710000,0.900000,1000.00,cifi0007.DBF
R69G,10R69G,0,00,00,18,5,9.48,69,0.00,21.10,5.710000,0.900000,1000.00,cifi0007.DBF
R69G,10R69G,0,00,00,18,6,15.37,108,0.00,26.77,5.710000,0.900000,1000.00,cifi0007.DBF
R69G,10R69G,0,00,00,18,7,21.48,146,0.00,32.65,5.710000,0.900000,1000.00,cifi0007.DBF
R69G,10R69G,0,00,00,18,8,27.83,183,0.00,38.76,5.710000,0.900000,1000.00,cifi0007.DBF
R69G,10R69G,0,00,00,18,9,34.38,219,0.00,45.09,5.710000,0.900000,1000.00,cifi0007.DBF
R69G,10R69G,0,00,00,18,10,41.16,254,0.00,51.62,5.710000,0.900000,1000.00,cifi0007.DBF
R69G,10R69G,0,00,00,18,11,48.22,287,0.00,58.40,5.710000,0.900000,1000.00,cifi0007.DBF
R69G,10R69G,0,00,00,18,12,55.58,320,0.00,65.48,5.710000,0.900000,1000.00,cifi0007.DBF
R69G,10R69G,0,00,00,18,13,63.27,352,0.00,72.86,5.710000,0.900000,1000.00,cifi0007.DBF
R69G,10R69G,0,00,00,18,14,71.27,383,0.00,80.55,5.710000,0.900000,1000.00,cifi0007.DBF
R69G,10R69G,0,00,00,18,15,79.61,413,0.00,88.56,5.710000,0.900000,1000.00,cifi0007.DBF
R69G,10R69G,0,00,00,18,16,88.27,443,0.00,96.89,5.710000,0.900000,1000.00,cifi0007.DBF
R69G,10R69G,0,00,00,18,17,97.26,471,0.00,105.54,5.710000,0.900000,1000.00,cifi0007.DBF
R69G,10R69G,0,00,00,18,18,106.59,499,0.00,114.53,5.710000,0.900000,1000.00,cifi0007.DBF
R69G,10R69G,0,00,00,18,19,116.25,525,0.00,123.84,5.710000,0.900000,1000.00,cifi0007.DBF
R69G,10R69G,0,00,00,18,20,126.25,551,0.00,133.48,5.710000,0.900000,1000.00,cifi0007.DBF
R69G,10R69G,0,00,00,18,21,136.58,576,0.00,143.45,5.710000,0.900000,1000.00,cifi0007.DBF
R69G,10R69G,0,00,00,18,22,147.26,600,0.00,153.74,5.710000,0.900000,1000.00,cifi0007.DBF
R69G,10R69G,0,00,00,18,23,158.28,623,0.00,164.38,5.710000,0.900000,1000.00,cifi0007.DBF
R69G,10R69G,0,00,00,18,24,169.65,645,0.00,175.35,5.710000,0.900000,1000.00,cifi0007.DBF
R69G,10R69G,0,00,00,18,25,181.36,666,0.00,186.66,5.710000,0.900000,1000.00,cifi0007.DBF
R69G,10R69G,0,00,00,18,26,193.40,687,0.00,198.30,5.710000,0.900000,1000.00,cifi0007.DBF
R69G,10R69G,0,00,00,18,27,205.77,707,0.00,210.26,5.710000,0.900000,1000.00,cifi0007.DBF
R69G,10R69G,0,00,00,18,28,218.45,726,0.00,222.52,5.710000,0.900000,1000.00,cifi0007.DBF
R69G,10R69G,0,00,00,18,29,231.48,745,0.00,235.12,5.710000,0.900000,1000.00,cifi0007.DBF
R69G,10R69G,0,00,00,18,30,244.88,762,0.00,248.06,5.710000,0.900000,1000.00,cifi0007.DBF
R69G,10R69G,0,00,00,18,31,258.73,780,0.00,261.39,5.710000,0.900000,1000.00,cifi0007.DBF
R69G,10R69G,0,00,00,18,32,273.04,797,0.00,275.18,5.710000,0.900000,1000.00,cifi0007.DBF
R69G,10R69G,0,00,00,18,33,287.81,813,0.00,289.41,5.710000,0.900000,1000.00,cifi0007.DBF
R69G,10R69G,0,00,00,18,34,303.02,829,0.00,304.08,5.710000,0.900000,1000.00,cifi0007.DBF
R69G,10R69G,0,00,00,18,35,318.62,844,0.00,319.16,5.710000,0.900000,1000.00,cifi0007.DBF
R69G,10R69G,0,00,00,18,36,334.61,859,0.00,334.61,5.710000,0.900000,1000.00,cifi0007.DBF
R69G,10R69G,0,00,00,18,37,350.94,873,0.00,350.41,5.710000,0.900000,1000.00,cifi0007.DBF
R69G,10R69G,0,00,00,18,38,367.60,887,0.00,366.54,5.710000,0.900000,1000.00,cifi0007.DBF
R69G,10R69G,0,00,00,18,39,384.60,901,0.00,382.99,5.710000,0.900000,1000.00,cifi0007.DBF
R69G,10R69G,0,00,00,18,40,401.94,914,0.00,399.75,5.710000,0.900000,1000.00,cifi0007.DBF
R69G,10R69G,0,00,00,18,41,419.74,927,0.00,416.91,5.710000,0.900000,1000.00,cifi0007.DBF
R69G,10R69G,0,00,00,18,42,438.00,940,0.00,434.51,5.710000,0.900000,1000.00,cifi0007.DBF
R69G,10R69G,0,00,00,18,43,456.69,952,0.00,452.53,5.710000,0.900000,1000.00,cifi0007.DBF
R69G,10R69G,0,00,00,18,44,475.75,964,0.00,470.93,5.710000,0.900000,1000.00,cifi0007.DBF
R69G,10R69G,0,00,00,18,45,495.12,976,0.00,489.64,5.710000,0.900000,1000.00,cifi0007.DBF
R69G,10R69G,0,00,00,18,46,514.80,988,0.00,508.65,5.710000,0.900000,1000.00,cifi0007.DBF
R69G,10R69G,0,00,00,18,47,534.82,1000,0.00,527.95,5.710000,0.900000,1000.00,cifi0007.DBF
R69G,10R69G,0,00,00,18,48,548.61,1000,0.00,541.72,0.000000,0.900000,1000.00,cifi0007.DBF
R69G,10R69G,0,00,00,18,49,562.47,1000,0.00,555.54,0.000000,0.900000,1000.00,cifi0007.DBF
R69G,10R69G,0,00,00,18,50,576.46,1000,0.00,569.47,0.000000,0.900000,1000.00,cifi0007.DBF
R69G,10R69G,0,00,00,18,51,590.58,1000,0.00,583.52,0.000000,0.900000,1000.00,cifi0007.DBF
R69G,10R69G,0,00,00,18,52,604.86,1000,0.00,597.72,0.000000,0.900000,1000.00,cifi0007.DBF
R69G,10R69G,0,00,00,18,53,619.24,1000,0.00,612.05,0.000000,0.900000,1000.00,cifi0007.DBF
R69G,10R69G,0,00,00,18,54,633.70,1000,0.00,626.47,0.000000,0.900000,1000.00,cifi0007.DBF
R69G,10R69G,0,00,00,18,55,648.02,1000,0.00,640.86,0.000000,0.900000,1000.00,cifi0007.DBF
R69G,10R69G,0,00,00,18,56,662.25,1000,0.00,655.14,0.000000,0.900000,1000.00,cifi0007.DBF
R69G,10R69G,0,00,00,18,57,676.42,1000,0.00,669.34,0.000000,0.900000,1000.00,cifi0007.DBF
R69G,10R69G,0,00,00,18,58,690.51,1000,0.00,683.46,0.000000,0.900000,1000.00,cifi0007.DBF
R69G,10R69G,0,00,00,18,59,704.51,1000,0.00,697.51,0.000000,0.900000,1000.00,cifi0007.DBF
R69G,10R69G,0,00,00,18,60,718.35,1000,0.00,711.43,0.000000,0.900000,1000.00,cifi0007.DBF
R69G,10R69G,0,00,00,18,61,731.92,1000,0.00,725.13,0.000000,0.900000,1000.00,cifi0007.DBF
R69G,10R69G,0,00,00,18,62,745.12,1000,0.00,738.52,0.000000,0.900000,1000.00,cifi0007.DBF
R69G,10R69G,0,00,00,18,63,757.95,1000,0.00,751.54,0.000000,0.900000,1000.00,cifi0007.DBF
R69G,10R69G,0,00,00,18,64,770.31,1000,0.00,764.13,0.000000,0.900000,1000.00,cifi0007.DBF
R69G,10R69G,0,00,00,18,65,782.28,1000,0.00,776.30,0.000000,0.900000,1000.00,cifi0007.DBF
R69G,10R69G,0,00,00,18,66,793.89,1000,0.00,788.08,0.000000,0.900000,1000.00,cifi0007.DBF
R69G,10R69G,0,00,00,18,67,805.09,1000,0.00,799.49,0.000000,0.900000,1000.00,cifi0007.DBF
R69G,10R69G,0,00,00,18,68,815.83,1000,0.00,810.46,0.000000,0.900000,1000.00,cifi0007.DBF
R69G,10R69G,0,00,00,18,69,826.04,1000,0.00,820.93,0.000000,0.900000,1000.00,cifi0007.DBF
R69G,10R69G,0,00,00,18,70,835.69,1000,0.00,830.86,0.000000,0.900000,1000.00,cifi0007.DBF
R69G,10R69G,0,00,00,18,71,844.79,1000,0.00,840.24,0.000000,0.900000,1000.00,cifi0007.DBF
R69G,10R69G,0,00,00,18,72,853.38,1000,0.00,849.08,0.000000,0.900000,1000.00,cifi0007.DBF
R69G,10R69G,0,00,00,18,73,861.53,1000,0.00,857.45,0.000000,0.900000,1000.00,cifi0007.DBF
R69G,10R69G,0,00,00,18,74,869.59,1000,0.00,865.56,0.000000,0.900000,1000.00,cifi0007.DBF
R69G,10R69G,0,00,00,18,75,877.74,1000,0.00,873.66,0.000000,0.900000,1000.00,cifi0007.DBF
R69G,10R69G,0,00,00,18,76,886.22,1000,0.00,881.98,0.000000,0.900000,1000.00,cifi0007.DBF
R69G,10R69G,0,00,00,18,77,895.40,1000,0.00,890.81,0.000000,0.900000,1000.00,cifi0007.DBF
R69G,10R69G,0,00,00,18,78,905.88,1000,0.00,900.64,0.000000,0.900000,1000.00,cifi0007.DBF
R69G,10R69G,0,00,00,18,79,918.97,1000,0.00,912.42,0.000000,0.900000,1000.00,cifi0007.DBF
R69G,10R69G,0,00,00,18,80,936.46,1000,0.00,927.71,0.000000,0.900000,1000.00,cifi0007.DBF
R69G,10R69G,0,00,00,18,81,961.54,1000,0.00,949.00,0.000000,0.900000,1000.00,cifi0007.DBF
R69G,10R69G,0,00,00,19,1,0.00,0,0.00,0.47,0.940000,0.940000,1000.00,cifi0007.DBF
R69G,10R69G,0,00,00,19,2,0.00,0,0.00,5.57,5.950000,0.940000,1000.00,cifi0007.DBF
R69G,10R69G,0,00,00,19,3,0.00,0,0.00,10.86,5.950000,0.940000,1000.00,cifi0007.DBF
R69G,10R69G,0,00,00,19,4,4.48,33,0.00,16.36,5.950000,0.940000,1000.00,cifi0007.DBF
R69G,10R69G,0,00,00,19,5,10.42,74,0.00,22.08,5.950000,0.940000,1000.00,cifi0007.DBF
R69G,10R69G,0,00,00,19,6,16.58,113,0.00,28.01,5.950000,0.940000,1000.00,cifi0007.DBF
R69G,10R69G,0,00,00,19,7,22.98,151,0.00,34.17,5.950000,0.940000,1000.00,cifi0007.DBF
R69G,10R69G,0,00,00,19,8,29.59,189,0.00,40.55,5.950000,0.940000,1000.00,cifi0007.DBF
R69G,10R69G,0,00,00,19,9,36.42,224,0.00,47.14,5.950000,0.940000,1000.00,cifi0007.DBF
R69G,10R69G,0,00,00,19,10,43.54,259,0.00,53.98,5.950000,0.940000,1000.00,cifi0007.DBF
R69G,10R69G,0,00,00,19,11,50.97,293,0.00,61.11,5.950000,0.940000,1000.00,cifi0007.DBF
R69G,10R69G,0,00,00,19,12,58.71,327,0.00,68.55,5.950000,0.940000,1000.00,cifi0007.DBF
R69G,10R69G,0,00,00,19,13,66.79,359,0.00,76.30,5.950000,0.940000,1000.00,cifi0007.DBF
R69G,10R69G,0,00,00,19,14,75.19,390,0.00,84.38,5.950000,0.940000,1000.00,cifi0007.DBF
R69G,10R69G,0,00,00,19,15,83.93,421,0.00,92.78,5.950000,0.940000,1000.00,cifi0007.DBF
R69G,10R69G,0,00,00,19,16,92.99,451,0.00,101.51,5.950000,0.940000,1000.00,cifi0007.DBF
R69G,10R69G,0,00,00,19,17,102.40,479,0.00,110.57,5.950000,0.940000,1000.00,cifi0007.DBF
R69G,10R69G,0,00,00,19,18,112.14,507,0.00,119.95,5.950000,0.940000,1000.00,cifi0007.DBF
R69G,10R69G,0,00,00,19,19,122.23,533,0.00,129.67,5.950000,0.940000,1000.00,cifi0007.DBF
R69G,10R69G,0,00,00,19,20,132.65,559,0.00,139.72,5.950000,0.940000,1000.00,cifi0007.DBF
R69G,10R69G,0,00,00,19,21,143.42,584,0.00,150.11,5.950000,0.940000,1000.00,cifi0007.DBF
R69G,10R69G,0,00,00,19,22,154.54,608,0.00,160.83,5.950000,0.940000,1000.00,cifi0007.DBF
R69G,10R69G,0,00,00,19,23,166.00,631,0.00,171.90,5.950000,0.940000,1000.00,cifi0007.DBF
R69G,10R69G,0,00,00,19,24,177.81,653,0.00,183.31,5.950000,0.940000,1000.00,cifi0007.DBF
R69G,10R69G,0,00,00,19,25,189.96,675,0.00,195.04,5.950000,0.940000,1000.00,cifi0007.DBF
R69G,10R69G,0,00,00,19,26,202.43,696,0.00,207.10,5.950000,0.940000,1000.00,cifi0007.DBF
R69G,10R69G,0,00,00,19,27,215.23,715,0.00,219.48,5.950000,0.940000,1000.00,cifi0007.DBF
R69G,10R69G,0,00,00,19,28,228.38,735,0.00,232.18,5.950000,0.940000,1000.00,cifi0007.DBF
R69G,10R69G,0,00,00,19,29,241.89,753,0.00,245.24,5.950000,0.940000,1000.00,cifi0007.DBF
R69G,10R69G,0,00,00,19,30,255.87,771,0.00,258.69,5.950000,0.940000,1000.00,cifi0007.DBF
R69G,10R69G,0,00,00,19,31,270.31,789,0.00,272.60,5.950000,0.940000,1000.00,cifi0007.DBF
R69G,10R69G,0,00,00,19,32,285.22,806,0.00,286.97,5.950000,0.940000,1000.00,cifi0007.DBF
R69G,10R69G,0,00,00,19,33,300.57,822,0.00,301.77,5.950000,0.940000,1000.00,cifi0007.DBF
R69G,10R69G,0,00,00,19,34,316.31,838,0.00,316.98,5.950000,0.940000,1000.00,cifi0007.DBF
R69G,10R69G,0,00,00,19,35,332.45,853,0.00,332.57,5.950000,0.940000,1000.00,cifi0007.DBF
R69G,10R69G,0,00,00,19,36,348.95,868,0.00,348.53,5.950000,0.940000,1000.00,cifi0007.DBF
R69G,10R69G,0,00,00,19,37,365.77,883,0.00,364.81,5.950000,0.940000,1000.00,cifi0007.DBF
R69G,10R69G,0,00,00,19,38,382.94,897,0.00,381.42,5.950000,0.940000,1000.00,cifi0007.DBF
R69G,10R69G,0,00,00,19,39,400.45,911,0.00,398.35,5.950000,0.940000,1000.00,cifi0007.DBF
R69G,10R69G,0,00,00,19,40,418.44,924,0.00,415.68,5.950000,0.940000,1000.00,cifi0007.DBF
R69G,10R69G,0,00,00,19,41,436.90,937,0.00,433.46,5.950000,0.940000,1000.00,cifi0007.DBF
R69G,10R69G,0,00,00,19,42,455.78,950,0.00,451.67,5.950000,0.940000,1000.00,cifi0007.DBF
R69G,10R69G,0,00,00,19,43,475.05,963,0.00,470.27,5.950000,0.940000,1000.00,cifi0007.DBF
R69G,10R69G,0,00,00,19,44,494.64,975,0.00,489.20,5.950000,0.940000,1000.00,cifi0007.DBF
R69G,10R69G,0,00,00,19,45,514.55,988,0.00,508.42,5.950000,0.940000,1000.00,cifi0007.DBF
R69G,10R69G,0,00,00,19,46,534.82,1000,0.00,527.95,5.950000,0.940000,1000.00,cifi0007.DBF
R69G,10R69G,0,00,00,19,47,548.61,1000,0.00,541.72,0.000000,0.940000,1000.00,cifi0007.DBF
R69G,10R69G,0,00,00,19,48,562.47,1000,0.00,555.54,0.000000,0.940000,1000.00,cifi0007.DBF
R69G,10R69G,0,00,00,19,49,576.46,1000,0.00,569.47,0.000000,0.940000,1000.00,cifi0007.DBF
R69G,10R69G,0,00,00,19,50,590.58,1000,0.00,583.52,0.000000,0.940000,1000.00,cifi0007.DBF
R69G,10R69G,0,00,00,19,51,604.86,1000,0.00,597.72,0.000000,0.940000,1000.00,cifi0007.DBF
R69G,10R69G,0,00,00,19,52,619.24,1000,0.00,612.05,0.000000,0.940000,1000.00,cifi0007.DBF
R69G,10R69G,0,00,00,19,53,633.70,1000,0.00,626.47,0.000000,0.940000,1000.00,cifi0007.DBF
R69G,10R69G,0,00,00,19,54,648.02,1000,0.00,640.86,0.000000,0.940000,1000.00,cifi0007.DBF
R69G,10R69G,0,00,00,19,55,662.25,1000,0.00,655.14,0.000000,0.940000,1000.00,cifi0007.DBF
R69G,10R69G,0,00,00,19,56,676.42,1000,0.00,669.34,0.000000,0.940000,1000.00,cifi0007.DBF
R69G,10R69G,0,00,00,19,57,690.51,1000,0.00,683.46,0.000000,0.940000,1000.00,cifi0007.DBF
R69G,10R69G,0,00,00,19,58,704.51,1000,0.00,697.51,0.000000,0.940000,1000.00,cifi0007.DBF
R69G,10R69G,0,00,00,19,59,718.35,1000,0.00,711.43,0.000000,0.940000,1000.00,cifi0007.DBF
R69G,10R69G,0,00,00,19,60,731.92,1000,0.00,725.13,0.000000,0.940000,1000.00,cifi0007.DBF
R69G,10R69G,0,00,00,19,61,745.12,1000,0.00,738.52,0.000000,0.940000,1000.00,cifi0007.DBF
R69G,10R69G,0,00,00,19,62,757.95,1000,0.00,751.54,0.000000,0.940000,1000.00,cifi0007.DBF
R69G,10R69G,0,00,00,19,63,770.31,1000,0.00,764.13,0.000000,0.940000,1000.00,cifi0007.DBF
R69G,10R69G,0,00,00,19,64,782.28,1000,0.00,776.30,0.000000,0.940000,1000.00,cifi0007.DBF
R69G,10R69G,0,00,00,19,65,793.89,1000,0.00,788.08,0.000000,0.940000,1000.00,cifi0007.DBF
R69G,10R69G,0,00,00,19,66,805.09,1000,0.00,799.49,0.000000,0.940000,1000.00,cifi0007.DBF
R69G,10R69G,0,00,00,19,67,815.83,1000,0.00,810.46,0.000000,0.940000,1000.00,cifi0007.DBF
R69G,10R69G,0,00,00,19,68,826.04,1000,0.00,820.93,0.000000,0.940000,1000.00,cifi0007.DBF
R69G,10R69G,0,00,00,19,69,835.69,1000,0.00,830.86,0.000000,0.940000,1000.00,cifi0007.DBF
R69G,10R69G,0,00,00,19,70,844.79,1000,0.00,840.24,0.000000,0.940000,1000.00,cifi0007.DBF
R69G,10R69G,0,00,00,19,71,853.38,1000,0.00,849.08,0.000000,0.940000,1000.00,cifi0007.DBF
R69G,10R69G,0,00,00,19,72,861.53,1000,0.00,857.45,0.000000,0.940000,1000.00,cifi0007.DBF
R69G,10R69G,0,00,00,19,73,869.59,1000,0.00,865.56,0.000000,0.940000,1000.00,cifi0007.DBF
R69G,10R69G,0,00,00,19,74,877.74,1000,0.00,873.66,0.000000,0.940000,1000.00,cifi0007.DBF
R69G,10R69G,0,00,00,19,75,886.22,1000,0.00,881.98,0.000000,0.940000,1000.00,cifi0007.DBF
R69G,10R69G,0,00,00,19,76,895.40,1000,0.00,890.81,0.000000,0.940000,1000.00,cifi0007.DBF
R69G,10R69G,0,00,00,19,77,905.88,1000,0.00,900.64,0.000000,0.940000,1000.00,cifi0007.DBF
R69G,10R69G,0,00,00,19,78,918.97,1000,0.00,912.42,0.000000,0.940000,1000.00,cifi0007.DBF
R69G,10R69G,0,00,00,19,79,936.46,1000,0.00,927.71,0.000000,0.940000,1000.00,cifi0007.DBF
R69G,10R69G,0,00,00,19,80,961.54,1000,0.00,949.00,0.000000,0.940000,1000.00,cifi0007.DBF
R69G,10R69G,0,00,00,20,1,0.00,0,0.00,0.48,0.960000,0.960000,1000.00,cifi0007.DBF
R69G,10R69G,0,00,00,20,2,0.00,0,0.00,5.82,6.190000,0.960000,1000.00,cifi0007.DBF
R69G,10R69G,0,00,00,20,3,0.00,0,0.00,11.37,6.190000,0.960000,1000.00,cifi0007.DBF
R69G,10R69G,0,00,00,20,4,5.22,37,0.00,17.14,6.190000,0.960000,1000.00,cifi0007.DBF
R69G,10R69G,0,00,00,20,5,11.43,78,0.00,23.12,6.190000,0.960000,1000.00,cifi0007.DBF
R69G,10R69G,0,00,00,20,6,17.89,118,0.00,29.33,6.190000,0.960000,1000.00,cifi0007.DBF
R69G,10R69G,0,00,00,20,7,24.55,157,0.00,35.76,6.190000,0.960000,1000.00,cifi0007.DBF
R69G,10R69G,0,00,00,20,8,31.45,194,0.00,42.41,6.190000,0.960000,1000.00,cifi0007.DBF
R69G,10R69G,0,00,00,20,9,38.63,230,0.00,49.31,6.190000,0.960000,1000.00,cifi0007.DBF
R69G,10R69G,0,00,00,20,10,46.12,266,0.00,56.50,6.190000,0.960000,1000.00,cifi0007.DBF
R69G,10R69G,0,00,00,20,11,53.94,300,0.00,64.01,6.190000,0.960000,1000.00,cifi0007.DBF
R69G,10R69G,0,00,00,20,12,62.08,334,0.00,71.83,6.190000,0.960000,1000.00,cifi0007.DBF
R69G,10R69G,0,00,00,20,13,70.56,366,0.00,79.98,6.190000,0.960000,1000.00,cifi0007.DBF
R69G,10R69G,0,00,00,20,14,79.37,398,0.00,88.45,6.190000,0.960000,1000.00,cifi0007.DBF
R69G,10R69G,0,00,00,20,15,88.51,429,0.00,97.25,6.190000,0.960000,1000.00,cifi0007.DBF
R69G,10R69G,0,00,00,20,16,98.01,459,0.00,106.39,6.190000,0.960000,1000.00,cifi0007.DBF
R69G,10R69G,0,00,00,20,17,107.83,487,0.00,115.86,6.190000,0.960000,1000.00,cifi0007.DBF
R69G,10R69G,0,00,00,20,18,118.01,515,0.00,125.66,6.190000,0.960000,1000.00,cifi0007.DBF
R69G,10R69G,0,00,00,20,19,128.52,542,0.00,135.80,6.190000,0.960000,1000.00,cifi0007.DBF
R69G,10R69G,0,00,00,20,20,139.38,568,0.00,146.28,6.190000,0.960000,1000.00,cifi0007.DBF
R69G,10R69G,0,00,00,20,21,150.60,593,0.00,157.09,6.190000,0.960000,1000.00,cifi0007.DBF
R69G,10R69G,0,00,00,20,22,162.17,617,0.00,168.26,6.190000,0.960000,1000.00,cifi0007.DBF
R69G,10R69G,0,00,00,20,23,174.09,640,0.00,179.77,6.190000,0.960000,1000.00,cifi0007.DBF
R69G,10R69G,0,00,00,20,24,186.35,662,0.00,191.61,6.190000,0.960000,1000.00,cifi0007.DBF
R69G,10R69G,0,00,00,20,25,198.93,684,0.00,203.78,6.190000,0.960000,1000.00,cifi0007.DBF
R69G,10R69G,0,00,00,20,26,211.85,704,0.00,216.27,6.190000,0.960000,1000.00,cifi0007.DBF
R69G,10R69G,0,00,00,20,27,225.12,724,0.00,229.09,6.190000,0.960000,1000.00,cifi0007.DBF
R69G,10R69G,0,00,00,20,28,238.76,743,0.00,242.26,6.190000,0.960000,1000.00,cifi0007.DBF
R69G,10R69G,0,00,00,20,29,252.87,762,0.00,255.84,6.190000,0.960000,1000.00,cifi0007.DBF
R69G,10R69G,0,00,00,20,30,267.45,780,0.00,269.88,6.190000,0.960000,1000.00,cifi0007.DBF
R69G,10R69G,0,00,00,20,31,282.50,798,0.00,284.38,6.190000,0.960000,1000.00,cifi0007.DBF
R69G,10R69G,0,00,00,20,32,297.99,815,0.00,299.33,6.190000,0.960000,1000.00,cifi0007.DBF
R69G,10R69G,0,00,00,20,33,313.89,832,0.00,314.68,6.190000,0.960000,1000.00,cifi0007.DBF
R69G,10R69G,0,00,00,20,34,330.19,848,0.00,330.43,6.190000,0.960000,1000.00,cifi0007.DBF
R69G,10R69G,0,00,00,20,35,346.85,863,0.00,346.54,6.190000,0.960000,1000.00,cifi0007.DBF
R69G,10R69G,0,00,00,20,36,363.85,878,0.00,362.99,6.190000,0.960000,1000.00,cifi0007.DBF
R69G,10R69G,0,00,00,20,37,381.19,893,0.00,379.76,6.190000,0.960000,1000.00,cifi0007.DBF
R69G,10R69G,0,00,00,20,38,398.89,907,0.00,396.88,6.190000,0.960000,1000.00,cifi0007.DBF
R69G,10R69G,0,00,00,20,39,417.08,921,0.00,414.39,6.190000,0.960000,1000.00,cifi0007.DBF
R69G,10R69G,0,00,00,20,40,435.73,935,0.00,432.36,6.190000,0.960000,1000.00,cifi0007.DBF
R69G,10R69G,0,00,00,20,41,454.83,948,0.00,450.77,6.190000,0.960000,1000.00,cifi0007.DBF
R69G,10R69G,0,00,00,20,42,474.32,961,0.00,469.58,6.190000,0.960000,1000.00,cifi0007.DBF
R69G,10R69G,0,00,00,20,43,494.14,974,0.00,488.72,6.190000,0.960000,1000.00,cifi0007.DBF
R69G,10R69G,0,00,00,20,44,514.30,988,0.00,508.17,6.190000,0.960000,1000.00,cifi0007.DBF
R69G,10R69G,0,00,00,20,45,534.82,1000,0.00,527.95,6.190000,0.960000,1000.00,cifi0007.DBF
R69G,10R69G,0,00,00,20,46,548.61,1000,0.00,541.72,0.000000,0.960000,1000.00,cifi0007.DBF
R69G,10R69G,0,00,00,20,47,562.47,1000,0.00,555.54,0.000000,0.960000,1000.00,cifi0007.DBF
R69G,10R69G,0,00,00,20,48,576.46,1000,0.00,569.47,0.000000,0.960000,1000.00,cifi0007.DBF
R69G,10R69G,0,00,00,20,49,590.58,1000,0.00,583.52,0.000000,0.960000,1000.00,cifi0007.DBF
R69G,10R69G,0,00,00,20,50,604.86,1000,0.00,597.72,0.000000,0.960000,1000.00,cifi0007.DBF
R69G,10R69G,0,00,00,20,51,619.24,1000,0.00,612.05,0.000000,0.960000,1000.00,cifi0007.DBF
R69G,10R69G,0,00,00,20,52,633.70,1000,0.00,626.47,0.000000,0.960000,1000.00,cifi0007.DBF
R69G,10R69G,0,00,00,20,53,648.02,1000,0.00,640.86,0.000000,0.960000,1000.00,cifi0007.DBF
R69G,10R69G,0,00,00,20,54,662.25,1000,0.00,655.14,0.000000,0.960000,1000.00,cifi0007.DBF
R69G,10R69G,0,00,00,20,55,676.42,1000,0.00,669.34,0.000000,0.960000,1000.00,cifi0007.DBF
R69G,10R69G,0,00,00,20,56,690.51,1000,0.00,683.46,0.000000,0.960000,1000.00,cifi0007.DBF
R69G,10R69G,0,00,00,20,57,704.51,1000,0.00,697.51,0.000000,0.960000,1000.00,cifi0007.DBF
R69G,10R69G,0,00,00,20,58,718.35,1000,0.00,711.43,0.000000,0.960000,1000.00,cifi0007.DBF
R69G,10R69G,0,00,00,20,59,731.92,1000,0.00,725.13,0.000000,0.960000,1000.00,cifi0007.DBF
R69G,10R69G,0,00,00,20,60,745.12,1000,0.00,738.52,0.000000,0.960000,1000.00,cifi0007.DBF
R69G,10R69G,0,00,00,20,61,757.95,1000,0.00,751.54,0.000000,0.960000,1000.00,cifi0007.DBF
R69G,10R69G,0,00,00,20,62,770.31,1000,0.00,764.13,0.000000,0.960000,1000.00,cifi0007.DBF
R69G,10R69G,0,00,00,20,63,782.28,1000,0.00,776.30,0.000000,0.960000,1000.00,cifi0007.DBF
R69G,10R69G,0,00,00,20,64,793.89,1000,0.00,788.08,0.000000,0.960000,1000.00,cifi0007.DBF
R69G,10R69G,0,00,00,20,65,805.09,1000,0.00,799.49,0.000000,0.960000,1000.00,cifi0007.DBF
R69G,10R69G,0,00,00,20,66,815.83,1000,0.00,810.46,0.000000,0.960000,1000.00,cifi0007.DBF
R69G,10R69G,0,00,00,20,67,826.04,1000,0.00,820.93,0.000000,0.960000,1000.00,cifi0007.DBF
R69G,10R69G,0,00,00,20,68,835.69,1000,0.00,830.86,0.000000,0.960000,1000.00,cifi0007.DBF
R69G,10R69G,0,00,00,20,69,844.79,1000,0.00,840.24,0.000000,0.960000,1000.00,cifi0007.DBF
R69G,10R69G,0,00,00,20,70,853.38,1000,0.00,849.08,0.000000,0.960000,1000.00,cifi0007.DBF
R69G,10R69G,0,00,00,20,71,861.53,1000,0.00,857.45,0.000000,0.960000,1000.00,cifi0007.DBF
R69G,10R69G,0,00,00,20,72,869.59,1000,0.00,865.56,0.000000,0.960000,1000.00,cifi0007.DBF
R69G,10R69G,0,00,00,20,73,877.74,1000,0.00,873.66,0.000000,0.960000,1000.00,cifi0007.DBF
R69G,10R69G,0,00,00,20,74,886.22,1000,0.00,881.98,0.000000,0.960000,1000.00,cifi0007.DBF
R69G,10R69G,0,00,00,20,75,895.40,1000,0.00,890.81,0.000000,0.960000,1000.00,cifi0007.DBF
R69G,10R69G,0,00,00,20,76,905.88,1000,0.00,900.64,0.000000,0.960000,1000.00,cifi0007.DBF
R69G,10R69G,0,00,00,20,77,918.97,1000,0.00,912.42,0.000000,0.960000,1000.00,cifi0007.DBF
R69G,10R69G,0,00,00,20,78,936.46,1000,0.00,927.71,0.000000,0.960000,1000.00,cifi0007.DBF
R69G,10R69G,0,00,00,20,79,961.54,1000,0.00,949.00,0.000000,0.960000,1000.00,cifi0007.DBF
R69G,10R69G,0,00,00,21,1,0.00,0,0.00,0.48,0.960000,0.960000,1000.00,cifi0007.DBF
R69G,10R69G,0,00,00,21,2,0.00,0,0.00,6.08,6.460000,0.960000,1000.00,cifi0007.DBF
R69G,10R69G,0,00,00,21,3,0.00,0,0.00,11.90,6.460000,0.960000,1000.00,cifi0007.DBF
R69G,10R69G,0,00,00,21,4,6.00,41,0.00,17.94,6.460000,0.960000,1000.00,cifi0007.DBF
R69G,10R69G,0,00,00,21,5,12.51,83,0.00,24.20,6.460000,0.960000,1000.00,cifi0007.DBF
R69G,10R69G,0,00,00,21,6,19.24,123,0.00,30.69,6.460000,0.960000,1000.00,cifi0007.DBF
R69G,10R69G,0,00,00,21,7,26.20,162,0.00,37.40,6.460000,0.960000,1000.00,cifi0007.DBF
R69G,10R69G,0,00,00,21,8,33.44,199,0.00,44.36,6.460000,0.960000,1000.00,cifi0007.DBF
R69G,10R69G,0,00,00,21,9,41.01,236,0.00,51.62,6.460000,0.960000,1000.00,cifi0007.DBF
R69G,10R69G,0,00,00,21,10,48.89,272,0.00,59.19,6.460000,0.960000,1000.00,cifi0007.DBF
R69G,10R69G,0,00,00,21,11,57.11,307,0.00,67.09,6.460000,0.960000,1000.00,cifi0007.DBF
R69G,10R69G,0,00,00,21,12,65.67,341,0.00,75.31,6.460000,0.960000,1000.00,cifi0007.DBF
R69G,10R69G,0,00,00,21,13,74.56,374,0.00,83.86,6.460000,0.960000,1000.00,cifi0007.DBF
R69G,10R69G,0,00,00,21,14,83.79,406,0.00,92.74,6.460000,0.960000,1000.00,cifi0007.DBF
R69G,10R69G,0,00,00,21,15,93.37,437,0.00,101.96,6.460000,0.960000,1000.00,cifi0007.DBF
R69G,10R69G,0,00,00,21,16,103.28,467,0.00,111.52,6.460000,0.960000,1000.00,cifi0007.DBF
R69G,10R69G,0,00,00,21,17,113.55,496,0.00,121.41,6.460000,0.960000,1000.00,cifi0007.DBF
R69G,10R69G,0,00,00,21,18,124.16,523,0.00,131.64,6.460000,0.960000,1000.00,cifi0007.DBF
R69G,10R69G,0,00,00,21,19,135.13,550,0.00,142.21,6.460000,0.960000,1000.00,cifi0007.DBF
R69G,10R69G,0,00,00,21,20,146.45,576,0.00,153.13,6.460000,0.960000,1000.00,cifi0007.DBF
R69G,10R69G,0,00,00,21,21,158.13,601,0.00,164.41,6.460000,0.960000,1000.00,cifi0007.DBF
R69G,10R69G,0,00,00,21,22,170.16,625,0.00,176.02,6.460000,0.960000,1000.00,cifi0007.DBF
R69G,10R69G,0,00,00,21,23,182.53,649,0.00,187.97,6.460000,0.960000,1000.00,cifi0007.DBF
R69G,10R69G,0,00,00,21,24,195.24,671,0.00,200.26,6.460000,0.960000,1000.00,cifi0007.DBF
R69G,10R69G,0,00,00,21,25,208.28,692,0.00,212.86,6.460000,0.960000,1000.00,cifi0007.DBF
R69G,10R69G,0,00,00,21,26,221.68,713,0.00,225.81,6.460000,0.960000,1000.00,cifi0007.DBF
R69G,10R69G,0,00,00,21,27,235.46,733,0.00,239.11,6.460000,0.960000,1000.00,cifi0007.DBF
R69G,10R69G,0,00,00,21,28,249.70,753,0.00,252.83,6.460000,0.960000,1000.00,cifi0007.DBF
R69G,10R69G,0,00,00,21,29,264.43,772,0.00,267.00,6.460000,0.960000,1000.00,cifi0007.DBF
R69G,10R69G,0,00,00,21,30,279.63,790,0.00,281.65,6.460000,0.960000,1000.00,cifi0007.DBF
R69G,10R69G,0,00,00,21,31,295.28,808,0.00,296.74,6.460000,0.960000,1000.00,cifi0007.DBF
R69G,10R69G,0,00,00,21,32,311.34,825,0.00,312.25,6.460000,0.960000,1000.00,cifi0007.DBF
R69G,10R69G,0,00,00,21,33,327.81,841,0.00,328.16,6.460000,0.960000,1000.00,cifi0007.DBF
R69G,10R69G,0,00,00,21,34,344.64,858,0.00,344.44,6.460000,0.960000,1000.00,cifi0007.DBF
R69G,10R69G,0,00,00,21,35,361.82,873,0.00,361.06,6.460000,0.960000,1000.00,cifi0007.DBF
R69G,10R69G,0,00,00,21,36,379.35,888,0.00,378.01,6.460000,0.960000,1000.00,cifi0007.DBF
R69G,10R69G,0,00,00,21,37,397.25,903,0.00,395.31,6.460000,0.960000,1000.00,cifi0007.DBF
R69G,10R69G,0,00,00,21,38,415.63,918,0.00,413.02,6.460000,0.960000,1000.00,cifi0007.DBF
R69G,10R69G,0,00,00,21,39,434.50,932,0.00,431.19,6.460000,0.960000,1000.00,cifi0007.DBF
R69G,10R69G,0,00,00,21,40,453.83,946,0.00,449.82,6.460000,0.960000,1000.00,cifi0007.DBF
R69G,10R69G,0,00,00,21,41,473.55,960,0.00,468.84,6.460000,0.960000,1000.00,cifi0007.DBF
R69G,10R69G,0,00,00,21,42,493.61,973,0.00,488.22,6.460000,0.960000,1000.00,cifi0007.DBF
R69G,10R69G,0,00,00,21,43,514.02,987,0.00,507.92,6.460000,0.960000,1000.00,cifi0007.DBF
R69G,10R69G,0,00,00,21,44,534.82,1000,0.00,527.95,6.460000,0.960000,1000.00,cifi0007.DBF
R69G,10R69G,0,00,00,21,45,548.61,1000,0.00,541.72,0.000000,0.960000,1000.00,cifi0007.DBF
R69G,10R69G,0,00,00,21,46,562.47,1000,0.00,555.54,0.000000,0.960000,1000.00,cifi0007.DBF
R69G,10R69G,0,00,00,21,47,576.46,1000,0.00,569.47,0.000000,0.960000,1000.00,cifi0007.DBF
R69G,10R69G,0,00,00,21,48,590.58,1000,0.00,583.52,0.000000,0.960000,1000.00,cifi0007.DBF
R69G,10R69G,0,00,00,21,49,604.86,1000,0.00,597.72,0.000000,0.960000,1000.00,cifi0007.DBF
R69G,10R69G,0,00,00,21,50,619.24,1000,0.00,612.05,0.000000,0.960000,1000.00,cifi0007.DBF
R69G,10R69G,0,00,00,21,51,633.70,1000,0.00,626.47,0.000000,0.960000,1000.00,cifi0007.DBF
R69G,10R69G,0,00,00,21,52,648.02,1000,0.00,640.86,0.000000,0.960000,1000.00,cifi0007.DBF
R69G,10R69G,0,00,00,21,53,662.25,1000,0.00,655.14,0.000000,0.960000,1000.00,cifi0007.DBF
R69G,10R69G,0,00,00,21,54,676.42,1000,0.00,669.34,0.000000,0.960000,1000.00,cifi0007.DBF
R69G,10R69G,0,00,00,21,55,690.51,1000,0.00,683.46,0.000000,0.960000,1000.00,cifi0007.DBF
R69G,10R69G,0,00,00,21,56,704.51,1000,0.00,697.51,0.000000,0.960000,1000.00,cifi0007.DBF
R69G,10R69G,0,00,00,21,57,718.35,1000,0.00,711.43,0.000000,0.960000,1000.00,cifi0007.DBF
R69G,10R69G,0,00,00,21,58,731.92,1000,0.00,725.13,0.000000,0.960000,1000.00,cifi0007.DBF
R69G,10R69G,0,00,00,21,59,745.12,1000,0.00,738.52,0.000000,0.960000,1000.00,cifi0007.DBF
R69G,10R69G,0,00,00,21,60,757.95,1000,0.00,751.54,0.000000,0.960000,1000.00,cifi0007.DBF
R69G,10R69G,0,00,00,21,61,770.31,1000,0.00,764.13,0.000000,0.960000,1000.00,cifi0007.DBF
R69G,10R69G,0,00,00,21,62,782.28,1000,0.00,776.30,0.000000,0.960000,1000.00,cifi0007.DBF
R69G,10R69G,0,00,00,21,63,793.89,1000,0.00,788.08,0.000000,0.960000,1000.00,cifi0007.DBF
R69G,10R69G,0,00,00,21,64,805.09,1000,0.00,799.49,0.000000,0.960000,1000.00,cifi0007.DBF
R69G,10R69G,0,00,00,21,65,815.83,1000,0.00,810.46,0.000000,0.960000,1000.00,cifi0007.DBF
R69G,10R69G,0,00,00,21,66,826.04,1000,0.00,820.93,0.000000,0.960000,1000.00,cifi0007.DBF
R69G,10R69G,0,00,00,21,67,835.69,1000,0.00,830.86,0.000000,0.960000,1000.00,cifi0007.DBF
R69G,10R69G,0,00,00,21,68,844.79,1000,0.00,840.24,0.000000,0.960000,1000.00,cifi0007.DBF
R69G,10R69G,0,00,00,21,69,853.38,1000,0.00,849.08,0.000000,0.960000,1000.00,cifi0007.DBF
R69G,10R69G,0,00,00,21,70,861.53,1000,0.00,857.45,0.000000,0.960000,1000.00,cifi0007.DBF
R69G,10R69G,0,00,00,21,71,869.59,1000,0.00,865.56,0.000000,0.960000,1000.00,cifi0007.DBF
R69G,10R69G,0,00,00,21,72,877.74,1000,0.00,873.66,0.000000,0.960000,1000.00,cifi0007.DBF
R69G,10R69G,0,00,00,21,73,886.22,1000,0.00,881.98,0.000000,0.960000,1000.00,cifi0007.DBF
R69G,10R69G,0,00,00,21,74,895.40,1000,0.00,890.81,0.000000,0.960000,1000.00,cifi0007.DBF
R69G,10R69G,0,00,00,21,75,905.88,1000,0.00,900.64,0.000000,0.960000,1000.00,cifi0007.DBF
R69G,10R69G,0,00,00,21,76,918.97,1000,0.00,912.42,0.000000,0.960000,1000.00,cifi0007.DBF
R69G,10R69G,0,00,00,21,77,936.46,1000,0.00,927.71,0.000000,0.960000,1000.00,cifi0007.DBF
R69G,10R69G,0,00,00,21,78,961.54,1000,0.00,949.00,0.000000,0.960000,1000.00,cifi0007.DBF
R69G,10R69G,0,00,00,22,1,0.00,0,0.00,0.49,0.980000,0.980000,1000.00,cifi0007.DBF
R69G,10R69G,0,00,00,22,2,0.00,0,0.00,6.36,6.740000,0.980000,1000.00,cifi0007.DBF
R69G,10R69G,0,00,00,22,3,0.24,2,0.00,12.46,6.740000,0.980000,1000.00,cifi0007.DBF
R69G,10R69G,0,00,00,22,4,6.81,45,0.00,18.78,6.740000,0.980000,1000.00,cifi0007.DBF
R69G,10R69G,0,00,00,22,5,13.61,87,0.00,25.33,6.740000,0.980000,1000.00,cifi0007.DBF
R69G,10R69G,0,00,00,22,6,20.63,127,0.00,32.11,6.740000,0.980000,1000.00,cifi0007.DBF
R69G,10R69G,0,00,00,22,7,27.95,167,0.00,39.14,6.740000,0.980000,1000.00,cifi0007.DBF
R69G,10R69G,0,00,00,22,8,35.58,205,0.00,46.46,6.740000,0.980000,1000.00,cifi0007.DBF
R69G,10R69G,0,00,00,22,9,43.54,242,0.00,54.11,6.740000,0.980000,1000.00,cifi0007.DBF
R69G,10R69G,0,00,00,22,10,51.84,279,0.00,62.08,6.740000,0.980000,1000.00,cifi0007.DBF
R69G,10R69G,0,00,00,22,11,60.48,314,0.00,70.38,6.740000,0.980000,1000.00,cifi0007.DBF
R69G,10R69G,0,00,00,22,12,69.45,348,0.00,79.01,6.740000,0.980000,1000.00,cifi0007.DBF
R69G,10R69G,0,00,00,22,13,78.77,382,0.00,87.97,6.740000,0.980000,1000.00,cifi0007.DBF
R69G,10R69G,0,00,00,22,14,88.45,414,0.00,97.28,6.740000,0.980000,1000.00,cifi0007.DBF
R69G,10R69G,0,00,00,22,15,98.46,445,0.00,106.93,6.740000,0.980000,1000.00,cifi0007.DBF
R69G,10R69G,0,00,00,22,16,108.83,475,0.00,116.92,6.740000,0.980000,1000.00,cifi0007.DBF
R69G,10R69G,0,00,00,22,17,119.54,504,0.00,127.25,6.740000,0.980000,1000.00,cifi0007.DBF
R69G,10R69G,0,00,00,22,18,130.61,532,0.00,137.92,6.740000,0.980000,1000.00,cifi0007.DBF
R69G,10R69G,0,00,00,22,19,142.05,559,0.00,148.95,6.740000,0.980000,1000.00,cifi0007.DBF
R69G,10R69G,0,00,00,22,20,153.84,585,0.00,160.33,6.740000,0.980000,1000.00,cifi0007.DBF
R69G,10R69G,0,00,00,22,21,165.99,610,0.00,172.06,6.740000,0.980000,1000.00,cifi0007.DBF
R69G,10R69G,0,00,00,22,22,178.49,634,0.00,184.13,6.740000,0.980000,1000.00,cifi0007.DBF
R69G,10R69G,0,00,00,22,23,191.32,657,0.00,196.53,6.740000,0.980000,1000.00,cifi0007.DBF
R69G,10R69G,0,00,00,22,24,204.50,680,0.00,209.27,6.740000,0.980000,1000.00,cifi0007.DBF
R69G,10R69G,0,00,00,22,25,218.04,701,0.00,222.34,6.740000,0.980000,1000.00,cifi0007.DBF
R69G,10R69G,0,00,00,22,26,231.95,722,0.00,235.78,6.740000,0.980000,1000.00,cifi0007.DBF
R69G,10R69G,0,00,00,22,27,246.34,742,0.00,249.64,6.740000,0.980000,1000.00,cifi0007.DBF
R69G,10R69G,0,00,00,22,28,261.22,762,0.00,263.96,6.740000,0.980000,1000.00,cifi0007.DBF
R69G,10R69G,0,00,00,22,29,276.58,781,0.00,278.75,6.740000,0.980000,1000.00,cifi0007.DBF
R69G,10R69G,0,00,00,22,30,292.40,800,0.00,294.00,6.740000,0.980000,1000.00,cifi0007.DBF
R69G,10R69G,0,00,00,22,31,308.63,818,0.00,309.68,6.740000,0.980000,1000.00,cifi0007.DBF
R69G,10R69G,0,00,00,22,32,325.28,835,0.00,325.76,6.740000,0.980000,1000.00,cifi0007.DBF
R69G,10R69G,0,00,00,22,33,342.30,852,0.00,342.21,6.740000,0.980000,1000.00,cifi0007.DBF
R69G,10R69G,0,00,00,22,34,359.67,868,0.00,359.02,6.740000,0.980000,1000.00,cifi0007.DBF
R69G,10R69G,0,00,00,22,35,377.40,884,0.00,376.16,6.740000,0.980000,1000.00,cifi0007.DBF
R69G,10R69G,0,00,00,22,36,395.50,899,0.00,393.65,6.740000,0.980000,1000.00,cifi0007.DBF
R69G,10R69G,0,00,00,22,37,414.10,914,0.00,411.57,6.740000,0.980000,1000.00,cifi0007.DBF
R69G,10R69G,0,00,00,22,38,433.20,929,0.00,429.96,6.740000,0.980000,1000.00,cifi0007.DBF
R69G,10R69G,0,00,00,22,39,452.76,944,0.00,448.81,6.740000,0.980000,1000.00,cifi0007.DBF
R69G,10R69G,0,00,00,22,40,472.73,958,0.00,468.07,6.740000,0.980000,1000.00,cifi0007.DBF
R69G,10R69G,0,00,00,22,41,493.05,972,0.00,487.69,6.740000,0.980000,1000.00,cifi0007.DBF
R69G,10R69G,0,00,00,22,42,513.74,986,0.00,507.64,6.740000,0.980000,1000.00,cifi0007.DBF
R69G,10R69G,0,00,00,22,43,534.82,1000,0.00,527.95,6.740000,0.980000,1000.00,cifi0007.DBF
R69G,10R69G,0,00,00,22,44,548.61,1000,0.00,541.72,0.000000,0.980000,1000.00,cifi0007.DBF
R69G,10R69G,0,00,00,22,45,562.47,1000,0.00,555.54,0.000000,0.980000,1000.00,cifi0007.DBF
R69G,10R69G,0,00,00,22,46,576.46,1000,0.00,569.47,0.000000,0.980000,1000.00,cifi0007.DBF
R69G,10R69G,0,00,00,22,47,590.58,1000,0.00,583.52,0.000000,0.980000,1000.00,cifi0007.DBF
R69G,10R69G,0,00,00,22,48,604.86,1000,0.00,597.72,0.000000,0.980000,1000.00,cifi0007.DBF
R69G,10R69G,0,00,00,22,49,619.24,1000,0.00,612.05,0.000000,0.980000,1000.00,cifi0007.DBF
R69G,10R69G,0,00,00,22,50,633.70,1000,0.00,626.47,0.000000,0.980000,1000.00,cifi0007.DBF
R69G,10R69G,0,00,00,22,51,648.02,1000,0.00,640.86,0.000000,0.980000,1000.00,cifi0007.DBF
R69G,10R69G,0,00,00,22,52,662.25,1000,0.00,655.14,0.000000,0.980000,1000.00,cifi0007.DBF
R69G,10R69G,0,00,00,22,53,676.42,1000,0.00,669.34,0.000000,0.980000,1000.00,cifi0007.DBF
R69G,10R69G,0,00,00,22,54,690.51,1000,0.00,683.46,0.000000,0.980000,1000.00,cifi0007.DBF
R69G,10R69G,0,00,00,22,55,704.51,1000,0.00,697.51,0.000000,0.980000,1000.00,cifi0007.DBF
R69G,10R69G,0,00,00,22,56,718.35,1000,0.00,711.43,0.000000,0.980000,1000.00,cifi0007.DBF
R69G,10R69G,0,00,00,22,57,731.92,1000,0.00,725.13,0.000000,0.980000,1000.00,cifi0007.DBF
R69G,10R69G,0,00,00,22,58,745.12,1000,0.00,738.52,0.000000,0.980000,1000.00,cifi0007.DBF
R69G,10R69G,0,00,00,22,59,757.95,1000,0.00,751.54,0.000000,0.980000,1000.00,cifi0007.DBF
R69G,10R69G,0,00,00,22,60,770.31,1000,0.00,764.13,0.000000,0.980000,1000.00,cifi0007.DBF
R69G,10R69G,0,00,00,22,61,782.28,1000,0.00,776.30,0.000000,0.980000,1000.00,cifi0007.DBF
R69G,10R69G,0,00,00,22,62,793.89,1000,0.00,788.08,0.000000,0.980000,1000.00,cifi0007.DBF
R69G,10R69G,0,00,00,22,63,805.09,1000,0.00,799.49,0.000000,0.980000,1000.00,cifi0007.DBF
R69G,10R69G,0,00,00,22,64,815.83,1000,0.00,810.46,0.000000,0.980000,1000.00,cifi0007.DBF
R69G,10R69G,0,00,00,22,65,826.04,1000,0.00,820.93,0.000000,0.980000,1000.00,cifi0007.DBF
R69G,10R69G,0,00,00,22,66,835.69,1000,0.00,830.86,0.000000,0.980000,1000.00,cifi0007.DBF
R69G,10R69G,0,00,00,22,67,844.79,1000,0.00,840.24,0.000000,0.980000,1000.00,cifi0007.DBF
R69G,10R69G,0,00,00,22,68,853.38,1000,0.00,849.08,0.000000,0.980000,1000.00,cifi0007.DBF
R69G,10R69G,0,00,00,22,69,861.53,1000,0.00,857.45,0.000000,0.980000,1000.00,cifi0007.DBF
R69G,10R69G,0,00,00,22,70,869.59,1000,0.00,865.56,0.000000,0.980000,1000.00,cifi0007.DBF
R69G,10R69G,0,00,00,22,71,877.74,1000,0.00,873.66,0.000000,0.980000,1000.00,cifi0007.DBF
R69G,10R69G,0,00,00,22,72,886.22,1000,0.00,881.98,0.000000,0.980000,1000.00,cifi0007.DBF
R69G,10R69G,0,00,00,22,73,895.40,1000,0.00,890.81,0.000000,0.980000,1000.00,cifi0007.DBF
R69G,10R69G,0,00,00,22,74,905.88,1000,0.00,900.64,0.000000,0.980000,1000.00,cifi0007.DBF
R69G,10R69G,0,00,00,22,75,918.97,1000,0.00,912.42,0.000000,0.980000,1000.00,cifi0007.DBF
R69G,10R69G,0,00,00,22,76,936.46,1000,0.00,927.71,0.000000,0.980000,1000.00,cifi0007.DBF
R69G,10R69G,0,00,00,22,77,961.54,1000,0.00,949.00,0.000000,0.980000,1000.00,cifi0007.DBF
R69G,10R69G,0,00,00,23,1,0.00,0,0.00,0.50,0.990000,0.990000,1000.00,cifi0007.DBF
R69G,10R69G,0,00,00,23,2,0.00,0,0.00,6.65,7.030000,0.990000,1000.00,cifi0007.DBF
R69G,10R69G,0,00,00,23,3,0.78,6,0.00,13.04,7.030000,0.990000,1000.00,cifi0007.DBF
R69G,10R69G,0,00,00,23,4,7.64,49,0.00,19.66,7.030000,0.990000,1000.00,cifi0007.DBF
R69G,10R69G,0,00,00,23,5,14.74,91,0.00,26.50,7.030000,0.990000,1000.00,cifi0007.DBF
R69G,10R69G,0,00,00,23,6,22.13,132,0.00,33.60,7.030000,0.990000,1000.00,cifi0007.DBF
R69G,10R69G,0,00,00,23,7,29.84,172,0.00,41.00,7.030000,0.990000,1000.00,cifi0007.DBF
R69G,10R69G,0,00,00,23,8,37.88,211,0.00,48.72,7.030000,0.990000,1000.00,cifi0007.DBF
R69G,10R69G,0,00,00,23,9,46.26,249,0.00,56.77,7.030000,0.990000,1000.00,cifi0007.DBF
R69G,10R69G,0,00,00,23,10,54.99,286,0.00,65.15,7.030000,0.990000,1000.00,cifi0007.DBF
R69G,10R69G,0,00,00,23,11,64.05,321,0.00,73.87,7.030000,0.990000,1000.00,cifi0007.DBF
R69G,10R69G,0,00,00,23,12,73.47,356,0.00,82.92,7.030000,0.990000,1000.00,cifi0007.DBF
R69G,10R69G,0,00,00,23,13,83.24,390,0.00,92.33,7.030000,0.990000,1000.00,cifi0007.DBF
R69G,10R69G,0,00,00,23,14,93.35,422,0.00,102.07,7.030000,0.990000,1000.00,cifi0007.DBF
R69G,10R69G,0,00,00,23,15,103.83,453,0.00,112.16,7.030000,0.990000,1000.00,cifi0007.DBF
R69G,10R69G,0,00,00,23,16,114.65,483,0.00,122.60,7.030000,0.990000,1000.00,cifi0007.DBF
R69G,10R69G,0,00,00,23,17,125.83,513,0.00,133.38,7.030000,0.990000,1000.00,cifi0007.DBF
R69G,10R69G,0,00,00,23,18,137.39,541,0.00,144.51,7.030000,0.990000,1000.00,cifi0007.DBF
R69G,10R69G,0,00,00,23,19,149.30,568,0.00,156.01,7.030000,0.990000,1000.00,cifi0007.DBF
R69G,10R69G,0,00,00,23,20,161.58,594,0.00,167.86,7.030000,0.990000,1000.00,cifi0007.DBF
R69G,10R69G,0,00,00,23,21,174.21,619,0.00,180.06,7.030000,0.990000,1000.00,cifi0007.DBF
R69G,10R69G,0,00,00,23,22,187.18,643,0.00,192.59,7.030000,0.990000,1000.00,cifi0007.DBF
R69G,10R69G,0,00,00,23,23,200.49,667,0.00,205.46,7.030000,0.990000,1000.00,cifi0007.DBF
R69G,10R69G,0,00,00,23,24,214.17,689,0.00,218.67,7.030000,0.990000,1000.00,cifi0007.DBF
R69G,10R69G,0,00,00,23,25,228.24,711,0.00,232.25,7.030000,0.990000,1000.00,cifi0007.DBF
R69G,10R69G,0,00,00,23,26,242.79,732,0.00,246.26,7.030000,0.990000,1000.00,cifi0007.DBF
R69G,10R69G,0,00,00,23,27,257.83,752,0.00,260.74,7.030000,0.990000,1000.00,cifi0007.DBF
R69G,10R69G,0,00,00,23,28,273.36,772,0.00,275.69,7.030000,0.990000,1000.00,cifi0007.DBF
R69G,10R69G,0,00,00,23,29,289.35,791,0.00,291.11,7.030000,0.990000,1000.00,cifi0007.DBF
R69G,10R69G,0,00,00,23,30,305.77,810,0.00,306.96,7.030000,0.990000,1000.00,cifi0007.DBF
R69G,10R69G,0,00,00,23,31,322.60,828,0.00,323.21,7.030000,0.990000,1000.00,cifi0007.DBF
R69G,10R69G,0,00,00,23,32,339.82,846,0.00,339.86,7.030000,0.990000,1000.00,cifi0007.DBF
R69G,10R69G,0,00,00,23,33,357.39,863,0.00,356.85,7.030000,0.990000,1000.00,cifi0007.DBF
R69G,10R69G,0,00,00,23,34,375.33,879,0.00,374.20,7.030000,0.990000,1000.00,cifi0007.DBF
R69G,10R69G,0,00,00,23,35,393.65,895,0.00,391.90,7.030000,0.990000,1000.00,cifi0007.DBF
R69G,10R69G,0,00,00,23,36,412.49,911,0.00,410.03,7.030000,0.990000,1000.00,cifi0007.DBF
R69G,10R69G,0,00,00,23,37,431.82,926,0.00,428.65,7.030000,0.990000,1000.00,cifi0007.DBF
R69G,10R69G,0,00,00,23,38,451.63,941,0.00,447.74,7.030000,0.990000,1000.00,cifi0007.DBF
R69G,10R69G,0,00,00,23,39,471.86,956,0.00,467.25,7.030000,0.990000,1000.00,cifi0007.DBF
R69G,10R69G,0,00,00,23,40,492.46,971,0.00,487.13,7.030000,0.990000,1000.00,cifi0007.DBF
R69G,10R69G,0,00,00,23,41,513.43,986,0.00,507.36,7.030000,0.990000,1000.00,cifi0007.DBF
R69G,10R69G,0,00,00,23,42,534.82,1000,0.00,527.95,7.030000,0.990000,1000.00,cifi0007.DBF
R69G,10R69G,0,00,00,23,43,548.61,1000,0.00,541.72,0.000000,0.990000,1000.00,cifi0007.DBF
R69G,10R69G,0,00,00,23,44,562.47,1000,0.00,555.54,0.000000,0.990000,1000.00,cifi0007.DBF
R69G,10R69G,0,00,00,23,45,576.46,1000,0.00,569.47,0.000000,0.990000,1000.00,cifi0007.DBF
R69G,10R69G,0,00,00,23,46,590.58,1000,0.00,583.52,0.000000,0.990000,1000.00,cifi0007.DBF
R69G,10R69G,0,00,00,23,47,604.86,1000,0.00,597.72,0.000000,0.990000,1000.00,cifi0007.DBF
R69G,10R69G,0,00,00,23,48,619.24,1000,0.00,612.05,0.000000,0.990000,1000.00,cifi0007.DBF
R69G,10R69G,0,00,00,23,49,633.70,1000,0.00,626.47,0.000000,0.990000,1000.00,cifi0007.DBF
R69G,10R69G,0,00,00,23,50,648.02,1000,0.00,640.86,0.000000,0.990000,1000.00,cifi0007.DBF
R69G,10R69G,0,00,00,23,51,662.25,1000,0.00,655.14,0.000000,0.990000,1000.00,cifi0007.DBF
R69G,10R69G,0,00,00,23,52,676.42,1000,0.00,669.34,0.000000,0.990000,1000.00,cifi0007.DBF
R69G,10R69G,0,00,00,23,53,690.51,1000,0.00,683.46,0.000000,0.990000,1000.00,cifi0007.DBF
R69G,10R69G,0,00,00,23,54,704.51,1000,0.00,697.51,0.000000,0.990000,1000.00,cifi0007.DBF
R69G,10R69G,0,00,00,23,55,718.35,1000,0.00,711.43,0.000000,0.990000,1000.00,cifi0007.DBF
R69G,10R69G,0,00,00,23,56,731.92,1000,0.00,725.13,0.000000,0.990000,1000.00,cifi0007.DBF
R69G,10R69G,0,00,00,23,57,745.12,1000,0.00,738.52,0.000000,0.990000,1000.00,cifi0007.DBF
R69G,10R69G,0,00,00,23,58,757.95,1000,0.00,751.54,0.000000,0.990000,1000.00,cifi0007.DBF
R69G,10R69G,0,00,00,23,59,770.31,1000,0.00,764.13,0.000000,0.990000,1000.00,cifi0007.DBF
R69G,10R69G,0,00,00,23,60,782.28,1000,0.00,776.30,0.000000,0.990000,1000.00,cifi0007.DBF
R69G,10R69G,0,00,00,23,61,793.89,1000,0.00,788.08,0.000000,0.990000,1000.00,cifi0007.DBF
R69G,10R69G,0,00,00,23,62,805.09,1000,0.00,799.49,0.000000,0.990000,1000.00,cifi0007.DBF
R69G,10R69G,0,00,00,23,63,815.83,1000,0.00,810.46,0.000000,0.990000,1000.00,cifi0007.DBF
R69G,10R69G,0,00,00,23,64,826.04,1000,0.00,820.93,0.000000,0.990000,1000.00,cifi0007.DBF
R69G,10R69G,0,00,00,23,65,835.69,1000,0.00,830.86,0.000000,0.990000,1000.00,cifi0007.DBF
R69G,10R69G,0,00,00,23,66,844.79,1000,0.00,840.24,0.000000,0.990000,1000.00,cifi0007.DBF
R69G,10R69G,0,00,00,23,67,853.38,1000,0.00,849.08,0.000000,0.990000,1000.00,cifi0007.DBF
R69G,10R69G,0,00,00,23,68,861.53,1000,0.00,857.45,0.000000,0.990000,1000.00,cifi0007.DBF
R69G,10R69G,0,00,00,23,69,869.59,1000,0.00,865.56,0.000000,0.990000,1000.00,cifi0007.DBF
R69G,10R69G,0,00,00,23,70,877.74,1000,0.00,873.66,0.000000,0.990000,1000.00,cifi0007.DBF
R69G,10R69G,0,00,00,23,71,886.22,1000,0.00,881.98,0.000000,0.990000,1000.00,cifi0007.DBF
R69G,10R69G,0,00,00,23,72,895.40,1000,0.00,890.81,0.000000,0.990000,1000.00,cifi0007.DBF
R69G,10R69G,0,00,00,23,73,905.88,1000,0.00,900.64,0.000000,0.990000,1000.00,cifi0007.DBF
R69G,10R69G,0,00,00,23,74,918.97,1000,0.00,912.42,0.000000,0.990000,1000.00,cifi0007.DBF
R69G,10R69G,0,00,00,23,75,936.46,1000,0.00,927.71,0.000000,0.990000,1000.00,cifi0007.DBF
R69G,10R69G,0,00,00,23,76,961.54,1000,0.00,949.00,0.000000,0.990000,1000.00,cifi0007.DBF
R69G,10R69G,0,00,00,24,1,0.00,0,0.00,0.50,1.010000,1.010000,1000.00,cifi0007.DBF
R69G,10R69G,0,00,00,24,2,0.00,0,0.00,6.96,7.350000,1.010000,1000.00,cifi0007.DBF
R69G,10R69G,0,00,00,24,3,1.32,9,0.00,13.65,7.350000,1.010000,1000.00,cifi0007.DBF
R69G,10R69G,0,00,00,24,4,8.49,53,0.00,20.56,7.350000,1.010000,1000.00,cifi0007.DBF
R69G,10R69G,0,00,00,24,5,15.96,95,0.00,27.73,7.350000,1.010000,1000.00,cifi0007.DBF
R69G,10R69G,0,00,00,24,6,23.75,137,0.00,35.21,7.350000,1.010000,1000.00,cifi0007.DBF
R69G,10R69G,0,00,00,24,7,31.88,178,0.00,43.01,7.350000,1.010000,1000.00,cifi0007.DBF
R69G,10R69G,0,00,00,24,8,40.35,217,0.00,51.14,7.350000,1.010000,1000.00,cifi0007.DBF
R69G,10R69G,0,00,00,24,9,49.17,256,0.00,59.62,7.350000,1.010000,1000.00,cifi0007.DBF
R69G,10R69G,0,00,00,24,10,58.33,293,0.00,68.43,7.350000,1.010000,1000.00,cifi0007.DBF
R69G,10R69G,0,00,00,24,11,67.84,329,0.00,77.58,7.350000,1.010000,1000.00,cifi0007.DBF
R69G,10R69G,0,00,00,24,12,77.72,364,0.00,87.08,7.350000,1.010000,1000.00,cifi0007.DBF
R69G,10R69G,0,00,00,24,13,87.94,397,0.00,96.93,7.350000,1.010000,1000.00,cifi0007.DBF
R69G,10R69G,0,00,00,24,14,98.53,430,0.00,107.12,7.350000,1.010000,1000.00,cifi0007.DBF
R69G,10R69G,0,00,00,24,15,109.47,462,0.00,117.67,7.350000,1.010000,1000.00,cifi0007.DBF
R69G,10R69G,0,00,00,24,16,120.77,492,0.00,128.56,7.350000,1.010000,1000.00,cifi0007.DBF
R69G,10R69G,0,00,00,24,17,132.45,521,0.00,139.82,7.350000,1.010000,1000.00,cifi0007.DBF
R69G,10R69G,0,00,00,24,18,144.49,549,0.00,151.44,7.350000,1.010000,1000.00,cifi0007.DBF
R69G,10R69G,0,00,00,24,19,156.90,577,0.00,163.41,7.350000,1.010000,1000.00,cifi0007.DBF
R69G,10R69G,0,00,00,24,20,169.67,603,0.00,175.74,7.350000,1.010000,1000.00,cifi0007.DBF
R69G,10R69G,0,00,00,24,21,182.78,628,0.00,188.42,7.350000,1.010000,1000.00,cifi0007.DBF
R69G,10R69G,0,00,00,24,22,196.24,652,0.00,201.42,7.350000,1.010000,1000.00,cifi0007.DBF
R69G,10R69G,0,00,00,24,23,210.08,676,0.00,214.79,7.350000,1.010000,1000.00,cifi0007.DBF
R69G,10R69G,0,00,00,24,24,224.31,698,0.00,228.52,7.350000,1.010000,1000.00,cifi0007.DBF
R69G,10R69G,0,00,00,24,25,239.02,720,0.00,242.68,7.350000,1.010000,1000.00,cifi0007.DBF
R69G,10R69G,0,00,00,24,26,254.24,742,0.00,257.32,7.350000,1.010000,1000.00,cifi0007.DBF
R69G,10R69G,0,00,00,24,27,269.94,762,0.00,272.45,7.350000,1.010000,1000.00,cifi0007.DBF
R69G,10R69G,0,00,00,24,28,286.12,783,0.00,288.04,7.350000,1.010000,1000.00,cifi0007.DBF
R69G,10R69G,0,00,00,24,29,302.73,802,0.00,304.07,7.350000,1.010000,1000.00,cifi0007.DBF
R69G,10R69G,0,00,00,24,30,319.76,821,0.00,320.52,7.350000,1.010000,1000.00,cifi0007.DBF
R69G,10R69G,0,00,00,24,31,337.19,839,0.00,337.36,7.350000,1.010000,1000.00,cifi0007.DBF
R69G,10R69G,0,00,00,24,32,354.97,857,0.00,354.56,7.350000,1.010000,1000.00,cifi0007.DBF
R69G,10R69G,0,00,00,24,33,373.14,874,0.00,372.12,7.350000,1.010000,1000.00,cifi0007.DBF
R69G,10R69G,0,00,00,24,34,391.69,891,0.00,390.05,7.350000,1.010000,1000.00,cifi0007.DBF
R69G,10R69G,0,00,00,24,35,410.77,907,0.00,408.41,7.350000,1.010000,1000.00,cifi0007.DBF
R69G,10R69G,0,00,00,24,36,430.36,923,0.00,427.27,7.350000,1.010000,1000.00,cifi0007.DBF
R69G,10R69G,0,00,00,24,37,450.43,939,0.00,446.60,7.350000,1.010000,1000.00,cifi0007.DBF
R69G,10R69G,0,00,00,24,38,470.94,955,0.00,466.38,7.350000,1.010000,1000.00,cifi0007.DBF
R69G,10R69G,0,00,00,24,39,491.83,970,0.00,486.54,7.350000,1.010000,1000.00,cifi0007.DBF
R69G,10R69G,0,00,00,24,40,513.11,985,0.00,507.05,7.350000,1.010000,1000.00,cifi0007.DBF
R69G,10R69G,0,00,00,24,41,534.82,1000,0.00,527.95,7.350000,1.010000,1000.00,cifi0007.DBF
R69G,10R69G,0,00,00,24,42,548.61,1000,0.00,541.72,0.000000,1.010000,1000.00,cifi0007.DBF
R69G,10R69G,0,00,00,24,43,562.47,1000,0.00,555.54,0.000000,1.010000,1000.00,cifi0007.DBF
R69G,10R69G,0,00,00,24,44,576.46,1000,0.00,569.47,0.000000,1.010000,1000.00,cifi0007.DBF
R69G,10R69G,0,00,00,24,45,590.58,1000,0.00,583.52,0.000000,1.010000,1000.00,cifi0007.DBF
R69G,10R69G,0,00,00,24,46,604.86,1000,0.00,597.72,0.000000,1.010000,1000.00,cifi0007.DBF
R69G,10R69G,0,00,00,24,47,619.24,1000,0.00,612.05,0.000000,1.010000,1000.00,cifi0007.DBF
R69G,10R69G,0,00,00,24,48,633.70,1000,0.00,626.47,0.000000,1.010000,1000.00,cifi0007.DBF
R69G,10R69G,0,00,00,24,49,648.02,1000,0.00,640.86,0.000000,1.010000,1000.00,cifi0007.DBF
R69G,10R69G,0,00,00,24,50,662.25,1000,0.00,655.14,0.000000,1.010000,1000.00,cifi0007.DBF
R69G,10R69G,0,00,00,24,51,676.42,1000,0.00,669.34,0.000000,1.010000,1000.00,cifi0007.DBF
R69G,10R69G,0,00,00,24,52,690.51,1000,0.00,683.46,0.000000,1.010000,1000.00,cifi0007.DBF
R69G,10R69G,0,00,00,24,53,704.51,1000,0.00,697.51,0.000000,1.010000,1000.00,cifi0007.DBF
R69G,10R69G,0,00,00,24,54,718.35,1000,0.00,711.43,0.000000,1.010000,1000.00,cifi0007.DBF
R69G,10R69G,0,00,00,24,55,731.92,1000,0.00,725.13,0.000000,1.010000,1000.00,cifi0007.DBF
R69G,10R69G,0,00,00,24,56,745.12,1000,0.00,738.52,0.000000,1.010000,1000.00,cifi0007.DBF
R69G,10R69G,0,00,00,24,57,757.95,1000,0.00,751.54,0.000000,1.010000,1000.00,cifi0007.DBF
R69G,10R69G,0,00,00,24,58,770.31,1000,0.00,764.13,0.000000,1.010000,1000.00,cifi0007.DBF
R69G,10R69G,0,00,00,24,59,782.28,1000,0.00,776.30,0.000000,1.010000,1000.00,cifi0007.DBF
R69G,10R69G,0,00,00,24,60,793.89,1000,0.00,788.08,0.000000,1.010000,1000.00,cifi0007.DBF
R69G,10R69G,0,00,00,24,61,805.09,1000,0.00,799.49,0.000000,1.010000,1000.00,cifi0007.DBF
R69G,10R69G,0,00,00,24,62,815.83,1000,0.00,810.46,0.000000,1.010000,1000.00,cifi0007.DBF
R69G,10R69G,0,00,00,24,63,826.04,1000,0.00,820.93,0.000000,1.010000,1000.00,cifi0007.DBF
R69G,10R69G,0,00,00,24,64,835.69,1000,0.00,830.86,0.000000,1.010000,1000.00,cifi0007.DBF
R69G,10R69G,0,00,00,24,65,844.79,1000,0.00,840.24,0.000000,1.010000,1000.00,cifi0007.DBF
R69G,10R69G,0,00,00,24,66,853.38,1000,0.00,849.08,0.000000,1.010000,1000.00,cifi0007.DBF
R69G,10R69G,0,00,00,24,67,861.53,1000,0.00,857.45,0.000000,1.010000,1000.00,cifi0007.DBF
R69G,10R69G,0,00,00,24,68,869.59,1000,0.00,865.56,0.000000,1.010000,1000.00,cifi0007.DBF
R69G,10R69G,0,00,00,24,69,877.74,1000,0.00,873.66,0.000000,1.010000,1000.00,cifi0007.DBF
R69G,10R69G,0,00,00,24,70,886.22,1000,0.00,881.98,0.000000,1.010000,1000.00,cifi0007.DBF
R69G,10R69G,0,00,00,24,71,895.40,1000,0.00,890.81,0.000000,1.010000,1000.00,cifi0007.DBF
R69G,10R69G,0,00,00,24,72,905.88,1000,0.00,900.64,0.000000,1.010000,1000.00,cifi0007.DBF
R69G,10R69G,0,00,00,24,73,918.97,1000,0.00,912.42,0.000000,1.010000,1000.00,cifi0007.DBF
R69G,10R69G,0,00,00,24,74,936.46,1000,0.00,927.71,0.000000,1.010000,1000.00,cifi0007.DBF
R69G,10R69G,0,00,00,24,75,961.54,1000,0.00,949.00,0.000000,1.010000,1000.00,cifi0007.DBF
R69G,10R69G,0,00,00,25,1,0.00,0,0.00,0.51,1.030000,1.030000,1000.00,cifi0007.DBF
R69G,10R69G,0,00,00,25,2,0.00,0,0.00,7.27,7.680000,1.030000,1000.00,cifi0007.DBF
R69G,10R69G,0,00,00,25,3,1.87,12,0.00,14.26,7.680000,1.030000,1000.00,cifi0007.DBF
R69G,10R69G,0,00,00,25,4,9.42,57,0.00,21.51,7.680000,1.030000,1000.00,cifi0007.DBF
R69G,10R69G,0,00,00,25,5,17.30,100,0.00,29.08,7.680000,1.030000,1000.00,cifi0007.DBF
R69G,10R69G,0,00,00,25,6,25.51,142,0.00,36.96,7.680000,1.030000,1000.00,cifi0007.DBF
R69G,10R69G,0,00,00,25,7,34.08,183,0.00,45.18,7.680000,1.030000,1000.00,cifi0007.DBF
R69G,10R69G,0,00,00,25,8,43.00,224,0.00,53.75,7.680000,1.030000,1000.00,cifi0007.DBF
R69G,10R69G,0,00,00,25,9,52.26,262,0.00,62.66,7.680000,1.030000,1000.00,cifi0007.DBF
R69G,10R69G,0,00,00,25,10,61.88,300,0.00,71.91,7.680000,1.030000,1000.00,cifi0007.DBF
R69G,10R69G,0,00,00,25,11,71.86,336,0.00,81.51,7.680000,1.030000,1000.00,cifi0007.DBF
R69G,10R69G,0,00,00,25,12,82.20,372,0.00,91.47,7.680000,1.030000,1000.00,cifi0007.DBF
R69G,10R69G,0,00,00,25,13,92.91,406,0.00,101.78,7.680000,1.030000,1000.00,cifi0007.DBF
R69G,10R69G,0,00,00,25,14,103.97,438,0.00,112.44,7.680000,1.030000,1000.00,cifi0007.DBF
R69G,10R69G,0,00,00,25,15,115.40,470,0.00,123.46,7.680000,1.030000,1000.00,cifi0007.DBF
R69G,10R69G,0,00,00,25,16,127.21,501,0.00,134.84,7.680000,1.030000,1000.00,cifi0007.DBF
R69G,10R69G,0,00,00,25,17,139.39,530,0.00,146.59,7.680000,1.030000,1000.00,cifi0007.DBF
R69G,10R69G,0,00,00,25,18,151.94,558,0.00,158.70,7.680000,1.030000,1000.00,cifi0007.DBF
R69G,10R69G,0,00,00,25,19,164.86,586,0.00,171.17,7.680000,1.030000,1000.00,cifi0007.DBF
R69G,10R69G,0,00,00,25,20,178.12,612,0.00,183.99,7.680000,1.030000,1000.00,cifi0007.DBF
R69G,10R69G,0,00,00,25,21,191.74,637,0.00,197.15,7.680000,1.030000,1000.00,cifi0007.DBF
R69G,10R69G,0,00,00,25,22,205.74,662,0.00,210.66,7.680000,1.030000,1000.00,cifi0007.DBF
R69G,10R69G,0,00,00,25,23,220.14,686,0.00,224.56,7.680000,1.030000,1000.00,cifi0007.DBF
R69G,10R69G,0,00,00,25,24,235.03,708,0.00,238.88,7.680000,1.030000,1000.00,cifi0007.DBF
R69G,10R69G,0,00,00,25,25,250.42,731,0.00,253.70,7.680000,1.030000,1000.00,cifi0007.DBF
R69G,10R69G,0,00,00,25,26,266.32,752,0.00,269.01,7.680000,1.030000,1000.00,cifi0007.DBF
R69G,10R69G,0,00,00,25,27,282.69,773,0.00,284.79,7.680000,1.030000,1000.00,cifi0007.DBF
R69G,10R69G,0,00,00,25,28,299.50,793,0.00,301.01,7.680000,1.030000,1000.00,cifi0007.DBF
R69G,10R69G,0,00,00,25,29,316.75,813,0.00,317.66,7.680000,1.030000,1000.00,cifi0007.DBF
R69G,10R69G,0,00,00,25,30,334.40,832,0.00,334.71,7.680000,1.030000,1000.00,cifi0007.DBF
R69G,10R69G,0,00,00,25,31,352.41,851,0.00,352.13,7.680000,1.030000,1000.00,cifi0007.DBF
R69G,10R69G,0,00,00,25,32,370.81,868,0.00,369.92,7.680000,1.030000,1000.00,cifi0007.DBF
R69G,10R69G,0,00,00,25,33,389.62,886,0.00,388.08,7.680000,1.030000,1000.00,cifi0007.DBF
R69G,10R69G,0,00,00,25,34,408.95,903,0.00,406.68,7.680000,1.030000,1000.00,cifi0007.DBF
R69G,10R69G,0,00,00,25,35,428.81,920,0.00,425.80,7.680000,1.030000,1000.00,cifi0007.DBF
R69G,10R69G,0,00,00,25,36,449.16,936,0.00,445.40,7.680000,1.030000,1000.00,cifi0007.DBF
R69G,10R69G,0,00,00,25,37,469.97,953,0.00,465.45,7.680000,1.030000,1000.00,cifi0007.DBF
R69G,10R69G,0,00,00,25,38,491.17,969,0.00,485.91,7.680000,1.030000,1000.00,cifi0007.DBF
R69G,10R69G,0,00,00,25,39,512.77,985,0.00,506.73,7.680000,1.030000,1000.00,cifi0007.DBF
R69G,10R69G,0,00,00,25,40,534.82,1000,0.00,527.95,7.680000,1.030000,1000.00,cifi0007.DBF
R69G,10R69G,0,00,00,25,41,548.61,1000,0.00,541.72,0.000000,1.030000,1000.00,cifi0007.DBF
R69G,10R69G,0,00,00,25,42,562.47,1000,0.00,555.54,0.000000,1.030000,1000.00,cifi0007.DBF
R69G,10R69G,0,00,00,25,43,576.46,1000,0.00,569.47,0.000000,1.030000,1000.00,cifi0007.DBF
R69G,10R69G,0,00,00,25,44,590.58,1000,0.00,583.52,0.000000,1.030000,1000.00,cifi0007.DBF
R69G,10R69G,0,00,00,25,45,604.86,1000,0.00,597.72,0.000000,1.030000,1000.00,cifi0007.DBF
R69G,10R69G,0,00,00,25,46,619.24,1000,0.00,612.05,0.000000,1.030000,1000.00,cifi0007.DBF
R69G,10R69G,0,00,00,25,47,633.70,1000,0.00,626.47,0.000000,1.030000,1000.00,cifi0007.DBF
R69G,10R69G,0,00,00,25,48,648.02,1000,0.00,640.86,0.000000,1.030000,1000.00,cifi0007.DBF
R69G,10R69G,0,00,00,25,49,662.25,1000,0.00,655.14,0.000000,1.030000,1000.00,cifi0007.DBF
R69G,10R69G,0,00,00,25,50,676.42,1000,0.00,669.34,0.000000,1.030000,1000.00,cifi0007.DBF
R69G,10R69G,0,00,00,25,51,690.51,1000,0.00,683.46,0.000000,1.030000,1000.00,cifi0007.DBF
R69G,10R69G,0,00,00,25,52,704.51,1000,0.00,697.51,0.000000,1.030000,1000.00,cifi0007.DBF
R69G,10R69G,0,00,00,25,53,718.35,1000,0.00,711.43,0.000000,1.030000,1000.00,cifi0007.DBF
R69G,10R69G,0,00,00,25,54,731.92,1000,0.00,725.13,0.000000,1.030000,1000.00,cifi0007.DBF
R69G,10R69G,0,00,00,25,55,745.12,1000,0.00,738.52,0.000000,1.030000,1000.00,cifi0007.DBF
R69G,10R69G,0,00,00,25,56,757.95,1000,0.00,751.54,0.000000,1.030000,1000.00,cifi0007.DBF
R69G,10R69G,0,00,00,25,57,770.31,1000,0.00,764.13,0.000000,1.030000,1000.00,cifi0007.DBF
R69G,10R69G,0,00,00,25,58,782.28,1000,0.00,776.30,0.000000,1.030000,1000.00,cifi0007.DBF
R69G,10R69G,0,00,00,25,59,793.89,1000,0.00,788.08,0.000000,1.030000,1000.00,cifi0007.DBF
R69G,10R69G,0,00,00,25,60,805.09,1000,0.00,799.49,0.000000,1.030000,1000.00,cifi0007.DBF
R69G,10R69G,0,00,00,25,61,815.83,1000,0.00,810.46,0.000000,1.030000,1000.00,cifi0007.DBF
R69G,10R69G,0,00,00,25,62,826.04,1000,0.00,820.93,0.000000,1.030000,1000.00,cifi0007.DBF
R69G,10R69G,0,00,00,25,63,835.69,1000,0.00,830.86,0.000000,1.030000,1000.00,cifi0007.DBF
R69G,10R69G,0,00,00,25,64,844.79,1000,0.00,840.24,0.000000,1.030000,1000.00,cifi0007.DBF
R69G,10R69G,0,00,00,25,65,853.38,1000,0.00,849.08,0.000000,1.030000,1000.00,cifi0007.DBF
R69G,10R69G,0,00,00,25,66,861.53,1000,0.00,857.45,0.000000,1.030000,1000.00,cifi0007.DBF
R69G,10R69G,0,00,00,25,67,869.59,1000,0.00,865.56,0.000000,1.030000,1000.00,cifi0007.DBF
R69G,10R69G,0,00,00,25,68,877.74,1000,0.00,873.66,0.000000,1.030000,1000.00,cifi0007.DBF
R69G,10R69G,0,00,00,25,69,886.22,1000,0.00,881.98,0.000000,1.030000,1000.00,cifi0007.DBF
R69G,10R69G,0,00,00,25,70,895.40,1000,0.00,890.81,0.000000,1.030000,1000.00,cifi0007.DBF
R69G,10R69G,0,00,00,25,71,905.88,1000,0.00,900.64,0.000000,1.030000,1000.00,cifi0007.DBF
R69G,10R69G,0,00,00,25,72,918.97,1000,0.00,912.42,0.000000,1.030000,1000.00,cifi0007.DBF
R69G,10R69G,0,00,00,25,73,936.46,1000,0.00,927.71,0.000000,1.030000,1000.00,cifi0007.DBF
R69G,10R69G,0,00,00,25,74,961.54,1000,0.00,949.00,0.000000,1.030000,1000.00,cifi0007.DBF
R69G,10R69G,0,00,00,26,1,0.00,0,0.00,0.54,1.080000,1.080000,1000.00,cifi0007.DBF
R69G,10R69G,0,00,00,26,2,0.00,0,0.00,7.61,8.030000,1.080000,1000.00,cifi0007.DBF
R69G,10R69G,0,00,00,26,3,2.47,15,0.00,14.94,8.030000,1.080000,1000.00,cifi0007.DBF
R69G,10R69G,0,00,00,26,4,10.45,61,0.00,22.59,8.030000,1.080000,1000.00,cifi0007.DBF
R69G,10R69G,0,00,00,26,5,18.76,105,0.00,30.57,8.030000,1.080000,1000.00,cifi0007.DBF
R69G,10R69G,0,00,00,26,6,27.42,148,0.00,38.88,8.030000,1.080000,1000.00,cifi0007.DBF
R69G,10R69G,0,00,00,26,7,36.44,189,0.00,47.55,8.030000,1.080000,1000.00,cifi0007.DBF
R69G,10R69G,0,00,00,26,8,45.81,230,0.00,56.56,8.030000,1.080000,1000.00,cifi0007.DBF
R69G,10R69G,0,00,00,26,9,55.55,269,0.00,65.92,8.030000,1.080000,1000.00,cifi0007.DBF
R69G,10R69G,0,00,00,26,10,65.65,307,0.00,75.63,8.030000,1.080000,1000.00,cifi0007.DBF
R69G,10R69G,0,00,00,26,11,76.11,344,0.00,85.70,8.030000,1.080000,1000.00,cifi0007.DBF
R69G,10R69G,0,00,00,26,12,86.94,380,0.00,96.13,8.030000,1.080000,1000.00,cifi0007.DBF
R69G,10R69G,0,00,00,26,13,98.13,414,0.00,106.92,8.030000,1.080000,1000.00,cifi0007.DBF
R69G,10R69G,0,00,00,26,14,109.70,447,0.00,118.06,8.030000,1.080000,1000.00,cifi0007.DBF
R69G,10R69G,0,00,00,26,15,121.65,479,0.00,129.58,8.030000,1.080000,1000.00,cifi0007.DBF
R69G,10R69G,0,00,00,26,16,133.98,510,0.00,141.47,8.030000,1.080000,1000.00,cifi0007.DBF
R69G,10R69G,0,00,00,26,17,146.67,539,0.00,153.72,8.030000,1.080000,1000.00,cifi0007.DBF
R69G,10R69G,0,00,00,26,18,159.75,568,0.00,166.34,8.030000,1.080000,1000.00,cifi0007.DBF
R69G,10R69G,0,00,00,26,19,173.17,595,0.00,179.31,8.030000,1.080000,1000.00,cifi0007.DBF
R69G,10R69G,0,00,00,26,20,186.96,622,0.00,192.63,8.030000,1.080000,1000.00,cifi0007.DBF
R69G,10R69G,0,00,00,26,21,201.13,647,0.00,206.31,8.030000,1.080000,1000.00,cifi0007.DBF
R69G,10R69G,0,00,00,26,22,215.71,672,0.00,220.37,8.030000,1.080000,1000.00,cifi0007.DBF
R69G,10R69G,0,00,00,26,23,230.79,696,0.00,234.88,8.030000,1.080000,1000.00,cifi0007.DBF
R69G,10R69G,0,00,00,26,24,246.38,719,0.00,249.88,8.030000,1.080000,1000.00,cifi0007.DBF
R69G,10R69G,0,00,00,26,25,262.47,741,0.00,265.37,8.030000,1.080000,1000.00,cifi0007.DBF
R69G,10R69G,0,00,00,26,26,279.06,763,0.00,281.35,8.030000,1.080000,1000.00,cifi0007.DBF
R69G,10R69G,0,00,00,26,27,296.08,784,0.00,297.78,8.030000,1.080000,1000.00,cifi0007.DBF
R69G,10R69G,0,00,00,26,28,313.56,805,0.00,314.64,8.030000,1.080000,1000.00,cifi0007.DBF
R69G,10R69G,0,00,00,26,29,331.43,825,0.00,331.92,8.030000,1.080000,1000.00,cifi0007.DBF
R69G,10R69G,0,00,00,26,30,349.69,844,0.00,349.57,8.030000,1.080000,1000.00,cifi0007.DBF
R69G,10R69G,0,00,00,26,31,368.35,863,0.00,367.59,8.030000,1.080000,1000.00,cifi0007.DBF
R69G,10R69G,0,00,00,26,32,387.41,881,0.00,386.00,8.030000,1.080000,1000.00,cifi0007.DBF
R69G,10R69G,0,00,00,26,33,407.02,899,0.00,404.86,8.030000,1.080000,1000.00,cifi0007.DBF
R69G,10R69G,0,00,00,26,34,427.16,916,0.00,424.25,8.030000,1.080000,1000.00,cifi0007.DBF
R69G,10R69G,0,00,00,26,35,447.81,933,0.00,444.13,8.030000,1.080000,1000.00,cifi0007.DBF
R69G,10R69G,0,00,00,26,36,468.93,950,0.00,464.48,8.030000,1.080000,1000.00,cifi0007.DBF
R69G,10R69G,0,00,00,26,37,490.46,967,0.00,485.24,8.030000,1.080000,1000.00,cifi0007.DBF
R69G,10R69G,0,00,00,26,38,512.41,984,0.00,506.39,8.030000,1.080000,1000.00,cifi0007.DBF
R69G,10R69G,0,00,00,26,39,534.82,1000,0.00,527.95,8.030000,1.080000,1000.00,cifi0007.DBF
R69G,10R69G,0,00,00,26,40,548.61,1000,0.00,541.72,0.000000,1.080000,1000.00,cifi0007.DBF
R69G,10R69G,0,00,00,26,41,562.47,1000,0.00,555.54,0.000000,1.080000,1000.00,cifi0007.DBF
R69G,10R69G,0,00,00,26,42,576.46,1000,0.00,569.47,0.000000,1.080000,1000.00,cifi0007.DBF
R69G,10R69G,0,00,00,26,43,590.58,1000,0.00,583.52,0.000000,1.080000,1000.00,cifi0007.DBF
R69G,10R69G,0,00,00,26,44,604.86,1000,0.00,597.72,0.000000,1.080000,1000.00,cifi0007.DBF
R69G,10R69G,0,00,00,26,45,619.24,1000,0.00,612.05,0.000000,1.080000,1000.00,cifi0007.DBF
R69G,10R69G,0,00,00,26,46,633.70,1000,0.00,626.47,0.000000,1.080000,1000.00,cifi0007.DBF
R69G,10R69G,0,00,00,26,47,648.02,1000,0.00,640.86,0.000000,1.080000,1000.00,cifi0007.DBF
R69G,10R69G,0,00,00,26,48,662.25,1000,0.00,655.14,0.000000,1.080000,1000.00,cifi0007.DBF
R69G,10R69G,0,00,00,26,49,676.42,1000,0.00,669.34,0.000000,1.080000,1000.00,cifi0007.DBF
R69G,10R69G,0,00,00,26,50,690.51,1000,0.00,683.46,0.000000,1.080000,1000.00,cifi0007.DBF
R69G,10R69G,0,00,00,26,51,704.51,1000,0.00,697.51,0.000000,1.080000,1000.00,cifi0007.DBF
R69G,10R69G,0,00,00,26,52,718.35,1000,0.00,711.43,0.000000,1.080000,1000.00,cifi0007.DBF
R69G,10R69G,0,00,00,26,53,731.92,1000,0.00,725.13,0.000000,1.080000,1000.00,cifi0007.DBF
R69G,10R69G,0,00,00,26,54,745.12,1000,0.00,738.52,0.000000,1.080000,1000.00,cifi0007.DBF
R69G,10R69G,0,00,00,26,55,757.95,1000,0.00,751.54,0.000000,1.080000,1000.00,cifi0007.DBF
R69G,10R69G,0,00,00,26,56,770.31,1000,0.00,764.13,0.000000,1.080000,1000.00,cifi0007.DBF
R69G,10R69G,0,00,00,26,57,782.28,1000,0.00,776.30,0.000000,1.080000,1000.00,cifi0007.DBF
R69G,10R69G,0,00,00,26,58,793.89,1000,0.00,788.08,0.000000,1.080000,1000.00,cifi0007.DBF
R69G,10R69G,0,00,00,26,59,805.09,1000,0.00,799.49,0.000000,1.080000,1000.00,cifi0007.DBF
R69G,10R69G,0,00,00,26,60,815.83,1000,0.00,810.46,0.000000,1.080000,1000.00,cifi0007.DBF
R69G,10R69G,0,00,00,26,61,826.04,1000,0.00,820.93,0.000000,1.080000,1000.00,cifi0007.DBF
R69G,10R69G,0,00,00,26,62,835.69,1000,0.00,830.86,0.000000,1.080000,1000.00,cifi0007.DBF
R69G,10R69G,0,00,00,26,63,844.79,1000,0.00,840.24,0.000000,1.080000,1000.00,cifi0007.DBF
R69G,10R69G,0,00,00,26,64,853.38,1000,0.00,849.08,0.000000,1.080000,1000.00,cifi0007.DBF
R69G,10R69G,0,00,00,26,65,861.53,1000,0.00,857.45,0.000000,1.080000,1000.00,cifi0007.DBF
R69G,10R69G,0,00,00,26,66,869.59,1000,0.00,865.56,0.000000,1.080000,1000.00,cifi0007.DBF
R69G,10R69G,0,00,00,26,67,877.74,1000,0.00,873.66,0.000000,1.080000,1000.00,cifi0007.DBF
R69G,10R69G,0,00,00,26,68,886.22,1000,0.00,881.98,0.000000,1.080000,1000.00,cifi0007.DBF
R69G,10R69G,0,00,00,26,69,895.40,1000,0.00,890.81,0.000000,1.080000,1000.00,cifi0007.DBF
R69G,10R69G,0,00,00,26,70,905.88,1000,0.00,900.64,0.000000,1.080000,1000.00,cifi0007.DBF
R69G,10R69G,0,00,00,26,71,918.97,1000,0.00,912.42,0.000000,1.080000,1000.00,cifi0007.DBF
R69G,10R69G,0,00,00,26,72,936.46,1000,0.00,927.71,0.000000,1.080000,1000.00,cifi0007.DBF
R69G,10R69G,0,00,00,26,73,961.54,1000,0.00,949.00,0.000000,1.080000,1000.00,cifi0007.DBF
R69G,10R69G,0,00,00,27,1,0.00,0,0.00,0.56,1.130000,1.130000,1000.00,cifi0007.DBF
R69G,10R69G,0,00,00,27,2,0.00,0,0.00,7.99,8.400000,1.130000,1000.00,cifi0007.DBF
R69G,10R69G,0,00,00,27,3,3.19,19,0.00,15.73,8.400000,1.130000,1000.00,cifi0007.DBF
R69G,10R69G,0,00,00,27,4,11.61,65,0.00,23.80,8.400000,1.130000,1000.00,cifi0007.DBF
R69G,10R69G,0,00,00,27,5,20.38,110,0.00,32.22,8.400000,1.130000,1000.00,cifi0007.DBF
R69G,10R69G,0,00,00,27,6,29.51,154,0.00,40.98,8.400000,1.130000,1000.00,cifi0007.DBF
R69G,10R69G,0,00,00,27,7,38.99,196,0.00,50.10,8.400000,1.130000,1000.00,cifi0007.DBF
R69G,10R69G,0,00,00,27,8,48.84,237,0.00,59.57,8.400000,1.130000,1000.00,cifi0007.DBF
R69G,10R69G,0,00,00,27,9,59.07,277,0.00,69.41,8.400000,1.130000,1000.00,cifi0007.DBF
R69G,10R69G,0,00,00,27,10,69.66,315,0.00,79.60,8.400000,1.130000,1000.00,cifi0007.DBF
R69G,10R69G,0,00,00,27,11,80.62,352,0.00,90.15,8.400000,1.130000,1000.00,cifi0007.DBF
R69G,10R69G,0,00,00,27,12,91.95,388,0.00,101.07,8.400000,1.130000,1000.00,cifi0007.DBF
R69G,10R69G,0,00,00,27,13,103.66,422,0.00,112.35,8.400000,1.130000,1000.00,cifi0007.DBF
R69G,10R69G,0,00,00,27,14,115.76,456,0.00,124.01,8.400000,1.130000,1000.00,cifi0007.DBF
R69G,10R69G,0,00,00,27,15,128.24,488,0.00,136.04,8.400000,1.130000,1000.00,cifi0007.DBF
R69G,10R69G,0,00,00,27,16,141.10,519,0.00,148.45,8.400000,1.130000,1000.00,cifi0007.DBF
R69G,10R69G,0,00,00,27,17,154.34,548,0.00,161.22,8.400000,1.130000,1000.00,cifi0007.DBF
R69G,10R69G,0,00,00,27,18,167.94,577,0.00,174.36,8.400000,1.130000,1000.00,cifi0007.DBF
R69G,10R69G,0,00,00,27,19,181.90,605,0.00,187.84,8.400000,1.130000,1000.00,cifi0007.DBF
R69G,10R69G,0,00,00,27,20,196.26,631,0.00,201.70,8.400000,1.130000,1000.00,cifi0007.DBF
R69G,10R69G,0,00,00,27,21,211.02,657,0.00,215.94,8.400000,1.130000,1000.00,cifi0007.DBF
R69G,10R69G,0,00,00,27,22,226.30,682,0.00,230.63,8.400000,1.130000,1000.00,cifi0007.DBF
R69G,10R69G,0,00,00,27,23,242.09,706,0.00,245.83,8.400000,1.130000,1000.00,cifi0007.DBF
R69G,10R69G,0,00,00,27,24,258.40,730,0.00,261.52,8.400000,1.130000,1000.00,cifi0007.DBF
R69G,10R69G,0,00,00,27,25,275.21,753,0.00,277.71,8.400000,1.130000,1000.00,cifi0007.DBF
R69G,10R69G,0,00,00,27,26,292.46,775,0.00,294.36,8.400000,1.130000,1000.00,cifi0007.DBF
R69G,10R69G,0,00,00,27,27,310.17,796,0.00,311.45,8.400000,1.130000,1000.00,cifi0007.DBF
R69G,10R69G,0,00,00,27,28,328.30,817,0.00,328.96,8.400000,1.130000,1000.00,cifi0007.DBF
R69G,10R69G,0,00,00,27,29,346.81,837,0.00,346.85,8.400000,1.130000,1000.00,cifi0007.DBF
R69G,10R69G,0,00,00,27,30,365.73,857,0.00,365.12,8.400000,1.130000,1000.00,cifi0007.DBF
R69G,10R69G,0,00,00,27,31,385.08,876,0.00,383.79,8.400000,1.130000,1000.00,cifi0007.DBF
R69G,10R69G,0,00,00,27,32,404.97,894,0.00,402.93,8.400000,1.130000,1000.00,cifi0007.DBF
R69G,10R69G,0,00,00,27,33,425.42,913,0.00,422.60,8.400000,1.130000,1000.00,cifi0007.DBF
R69G,10R69G,0,00,00,27,34,446.39,931,0.00,442.79,8.400000,1.130000,1000.00,cifi0007.DBF
R69G,10R69G,0,00,00,27,35,467.84,948,0.00,463.45,8.400000,1.130000,1000.00,cifi0007.DBF
R69G,10R69G,0,00,00,27,36,489.71,966,0.00,484.53,8.400000,1.130000,1000.00,cifi0007.DBF
R69G,10R69G,0,00,00,27,37,512.02,983,0.00,506.03,8.400000,1.130000,1000.00,cifi0007.DBF
R69G,10R69G,0,00,00,27,38,534.82,1000,0.00,527.95,8.400000,1.130000,1000.00,cifi0007.DBF
R69G,10R69G,0,00,00,27,39,548.61,1000,0.00,541.72,0.000000,1.130000,1000.00,cifi0007.DBF
R69G,10R69G,0,00,00,27,40,562.47,1000,0.00,555.54,0.000000,1.130000,1000.00,cifi0007.DBF
R69G,10R69G,0,00,00,27,41,576.46,1000,0.00,569.47,0.000000,1.130000,1000.00,cifi0007.DBF
R69G,10R69G,0,00,00,27,42,590.58,1000,0.00,583.52,0.000000,1.130000,1000.00,cifi0007.DBF
R69G,10R69G,0,00,00,27,43,604.86,1000,0.00,597.72,0.000000,1.130000,1000.00,cifi0007.DBF
R69G,10R69G,0,00,00,27,44,619.24,1000,0.00,612.05,0.000000,1.130000,1000.00,cifi0007.DBF
R69G,10R69G,0,00,00,27,45,633.70,1000,0.00,626.47,0.000000,1.130000,1000.00,cifi0007.DBF
R69G,10R69G,0,00,00,27,46,648.02,1000,0.00,640.86,0.000000,1.130000,1000.00,cifi0007.DBF
R69G,10R69G,0,00,00,27,47,662.25,1000,0.00,655.14,0.000000,1.130000,1000.00,cifi0007.DBF
R69G,10R69G,0,00,00,27,48,676.42,1000,0.00,669.34,0.000000,1.130000,1000.00,cifi0007.DBF
R69G,10R69G,0,00,00,27,49,690.51,1000,0.00,683.46,0.000000,1.130000,1000.00,cifi0007.DBF
R69G,10R69G,0,00,00,27,50,704.51,1000,0.00,697.51,0.000000,1.130000,1000.00,cifi0007.DBF
R69G,10R69G,0,00,00,27,51,718.35,1000,0.00,711.43,0.000000,1.130000,1000.00,cifi0007.DBF
R69G,10R69G,0,00,00,27,52,731.92,1000,0.00,725.13,0.000000,1.130000,1000.00,cifi0007.DBF
R69G,10R69G,0,00,00,27,53,745.12,1000,0.00,738.52,0.000000,1.130000,1000.00,cifi0007.DBF
R69G,10R69G,0,00,00,27,54,757.95,1000,0.00,751.54,0.000000,1.130000,1000.00,cifi0007.DBF
R69G,10R69G,0,00,00,27,55,770.31,1000,0.00,764.13,0.000000,1.130000,1000.00,cifi0007.DBF
R69G,10R69G,0,00,00,27,56,782.28,1000,0.00,776.30,0.000000,1.130000,1000.00,cifi0007.DBF
R69G,10R69G,0,00,00,27,57,793.89,1000,0.00,788.08,0.000000,1.130000,1000.00,cifi0007.DBF
R69G,10R69G,0,00,00,27,58,805.09,1000,0.00,799.49,0.000000,1.130000,1000.00,cifi0007.DBF
R69G,10R69G,0,00,00,27,59,815.83,1000,0.00,810.46,0.000000,1.130000,1000.00,cifi0007.DBF
R69G,10R69G,0,00,00,27,60,826.04,1000,0.00,820.93,0.000000,1.130000,1000.00,cifi0007.DBF
R69G,10R69G,0,00,00,27,61,835.69,1000,0.00,830.86,0.000000,1.130000,1000.00,cifi0007.DBF
R69G,10R69G,0,00,00,27,62,844.79,1000,0.00,840.24,0.000000,1.130000,1000.00,cifi0007.DBF
R69G,10R69G,0,00,00,27,63,853.38,1000,0.00,849.08,0.000000,1.130000,1000.00,cifi0007.DBF
R69G,10R69G,0,00,00,27,64,861.53,1000,0.00,857.45,0.000000,1.130000,1000.00,cifi0007.DBF
R69G,10R69G,0,00,00,27,65,869.59,1000,0.00,865.56,0.000000,1.130000,1000.00,cifi0007.DBF
R69G,10R69G,0,00,00,27,66,877.74,1000,0.00,873.66,0.000000,1.130000,1000.00,cifi0007.DBF
R69G,10R69G,0,00,00,27,67,886.22,1000,0.00,881.98,0.000000,1.130000,1000.00,cifi0007.DBF
R69G,10R69G,0,00,00,27,68,895.40,1000,0.00,890.81,0.000000,1.130000,1000.00,cifi0007.DBF
R69G,10R69G,0,00,00,27,69,905.88,1000,0.00,900.64,0.000000,1.130000,1000.00,cifi0007.DBF
R69G,10R69G,0,00,00,27,70,918.97,1000,0.00,912.42,0.000000,1.130000,1000.00,cifi0007.DBF
R69G,10R69G,0,00,00,27,71,936.46,1000,0.00,927.71,0.000000,1.130000,1000.00,cifi0007.DBF
R69G,10R69G,0,00,00,27,72,961.54,1000,0.00,949.00,0.000000,1.130000,1000.00,cifi0007.DBF
R69G,10R69G,0,00,00,28,1,0.00,0,0.00,0.56,1.130000,1.130000,1000.00,cifi0007.DBF
R69G,10R69G,0,00,00,28,2,0.00,0,0.00,8.40,8.800000,1.130000,1000.00,cifi0007.DBF
R69G,10R69G,0,00,00,28,3,4.03,23,0.00,16.58,8.800000,1.130000,1000.00,cifi0007.DBF
R69G,10R69G,0,00,00,28,4,12.91,70,0.00,25.10,8.800000,1.130000,1000.00,cifi0007.DBF
R69G,10R69G,0,00,00,28,5,22.16,115,0.00,33.98,8.800000,1.130000,1000.00,cifi0007.DBF
R69G,10R69G,0,00,00,28,6,31.77,160,0.00,43.21,8.800000,1.130000,1000.00,cifi0007.DBF
R69G,10R69G,0,00,00,28,7,41.74,202,0.00,52.80,8.800000,1.130000,1000.00,cifi0007.DBF
R69G,10R69G,0,00,00,28,8,52.10,244,0.00,62.76,8.800000,1.130000,1000.00,cifi0007.DBF
R69G,10R69G,0,00,00,28,9,62.82,284,0.00,73.08,8.800000,1.130000,1000.00,cifi0007.DBF
R69G,10R69G,0,00,00,28,10,73.93,323,0.00,83.77,8.800000,1.130000,1000.00,cifi0007.DBF
R69G,10R69G,0,00,00,28,11,85.41,360,0.00,94.83,8.800000,1.130000,1000.00,cifi0007.DBF
R69G,10R69G,0,00,00,28,12,97.27,396,0.00,106.26,8.800000,1.130000,1000.00,cifi0007.DBF
R69G,10R69G,0,00,00,28,13,109.52,431,0.00,118.06,8.800000,1.130000,1000.00,cifi0007.DBF
R69G,10R69G,0,00,00,28,14,122.17,465,0.00,130.26,8.800000,1.130000,1000.00,cifi0007.DBF
R69G,10R69G,0,00,00,28,15,135.20,497,0.00,142.82,8.800000,1.130000,1000.00,cifi0007.DBF
R69G,10R69G,0,00,00,28,16,148.61,528,0.00,155.76,8.800000,1.130000,1000.00,cifi0007.DBF
R69G,10R69G,0,00,00,28,17,162.39,558,0.00,169.07,8.800000,1.130000,1000.00,cifi0007.DBF
R69G,10R69G,0,00,00,28,18,176.54,587,0.00,182.73,8.800000,1.130000,1000.00,cifi0007.DBF
R69G,10R69G,0,00,00,28,19,191.09,615,0.00,196.77,8.800000,1.130000,1000.00,cifi0007.DBF
R69G,10R69G,0,00,00,28,20,206.05,642,0.00,211.21,8.800000,1.130000,1000.00,cifi0007.DBF
R69G,10R69G,0,00,00,28,21,221.54,668,0.00,226.10,8.800000,1.130000,1000.00,cifi0007.DBF
R69G,10R69G,0,00,00,28,22,237.55,693,0.00,241.50,8.800000,1.130000,1000.00,cifi0007.DBF
R69G,10R69G,0,00,00,28,23,254.09,718,0.00,257.42,8.800000,1.130000,1000.00,cifi0007.DBF
R69G,10R69G,0,00,00,28,24,271.13,742,0.00,273.83,8.800000,1.130000,1000.00,cifi0007.DBF
R69G,10R69G,0,00,00,28,25,288.63,765,0.00,290.71,8.800000,1.130000,1000.00,cifi0007.DBF
R69G,10R69G,0,00,00,28,26,306.59,787,0.00,308.04,8.800000,1.130000,1000.00,cifi0007.DBF
R69G,10R69G,0,00,00,28,27,324.98,809,0.00,325.80,8.800000,1.130000,1000.00,cifi0007.DBF
R69G,10R69G,0,00,00,28,28,343.76,830,0.00,343.95,8.800000,1.130000,1000.00,cifi0007.DBF
R69G,10R69G,0,00,00,28,29,362.97,850,0.00,362.49,8.800000,1.130000,1000.00,cifi0007.DBF
R69G,10R69G,0,00,00,28,30,382.60,870,0.00,381.44,8.800000,1.130000,1000.00,cifi0007.DBF
R69G,10R69G,0,00,00,28,31,402.81,889,0.00,400.88,8.800000,1.130000,1000.00,cifi0007.DBF
R69G,10R69G,0,00,00,28,32,423.57,909,0.00,420.85,8.800000,1.130000,1000.00,cifi0007.DBF
R69G,10R69G,0,00,00,28,33,444.88,927,0.00,441.35,8.800000,1.130000,1000.00,cifi0007.DBF
R69G,10R69G,0,00,00,28,34,466.67,946,0.00,462.35,8.800000,1.130000,1000.00,cifi0007.DBF
R69G,10R69G,0,00,00,28,35,488.92,964,0.00,483.78,8.800000,1.130000,1000.00,cifi0007.DBF
R69G,10R69G,0,00,00,28,36,511.61,982,0.00,505.64,8.800000,1.130000,1000.00,cifi0007.DBF
R69G,10R69G,0,00,00,28,37,534.82,1000,0.00,527.95,8.800000,1.130000,1000.00,cifi0007.DBF
R69G,10R69G,0,00,00,28,38,548.61,1000,0.00,541.72,0.000000,1.130000,1000.00,cifi0007.DBF
R69G,10R69G,0,00,00,28,39,562.47,1000,0.00,555.54,0.000000,1.130000,1000.00,cifi0007.DBF
R69G,10R69G,0,00,00,28,40,576.46,1000,0.00,569.47,0.000000,1.130000,1000.00,cifi0007.DBF
R69G,10R69G,0,00,00,28,41,590.58,1000,0.00,583.52,0.000000,1.130000,1000.00,cifi0007.DBF
R69G,10R69G,0,00,00,28,42,604.86,1000,0.00,597.72,0.000000,1.130000,1000.00,cifi0007.DBF
R69G,10R69G,0,00,00,28,43,619.24,1000,0.00,612.05,0.000000,1.130000,1000.00,cifi0007.DBF
R69G,10R69G,0,00,00,28,44,633.70,1000,0.00,626.47,0.000000,1.130000,1000.00,cifi0007.DBF
R69G,10R69G,0,00,00,28,45,648.02,1000,0.00,640.86,0.000000,1.130000,1000.00,cifi0007.DBF
R69G,10R69G,0,00,00,28,46,662.25,1000,0.00,655.14,0.000000,1.130000,1000.00,cifi0007.DBF
R69G,10R69G,0,00,00,28,47,676.42,1000,0.00,669.34,0.000000,1.130000,1000.00,cifi0007.DBF
R69G,10R69G,0,00,00,28,48,690.51,1000,0.00,683.46,0.000000,1.130000,1000.00,cifi0007.DBF
R69G,10R69G,0,00,00,28,49,704.51,1000,0.00,697.51,0.000000,1.130000,1000.00,cifi0007.DBF
R69G,10R69G,0,00,00,28,50,718.35,1000,0.00,711.43,0.000000,1.130000,1000.00,cifi0007.DBF
R69G,10R69G,0,00,00,28,51,731.92,1000,0.00,725.13,0.000000,1.130000,1000.00,cifi0007.DBF
R69G,10R69G,0,00,00,28,52,745.12,1000,0.00,738.52,0.000000,1.130000,1000.00,cifi0007.DBF
R69G,10R69G,0,00,00,28,53,757.95,1000,0.00,751.54,0.000000,1.130000,1000.00,cifi0007.DBF
R69G,10R69G,0,00,00,28,54,770.31,1000,0.00,764.13,0.000000,1.130000,1000.00,cifi0007.DBF
R69G,10R69G,0,00,00,28,55,782.28,1000,0.00,776.30,0.000000,1.130000,1000.00,cifi0007.DBF
R69G,10R69G,0,00,00,28,56,793.89,1000,0.00,788.08,0.000000,1.130000,1000.00,cifi0007.DBF
R69G,10R69G,0,00,00,28,57,805.09,1000,0.00,799.49,0.000000,1.130000,1000.00,cifi0007.DBF
R69G,10R69G,0,00,00,28,58,815.83,1000,0.00,810.46,0.000000,1.130000,1000.00,cifi0007.DBF
R69G,10R69G,0,00,00,28,59,826.04,1000,0.00,820.93,0.000000,1.130000,1000.00,cifi0007.DBF
R69G,10R69G,0,00,00,28,60,835.69,1000,0.00,830.86,0.000000,1.130000,1000.00,cifi0007.DBF
R69G,10R69G,0,00,00,28,61,844.79,1000,0.00,840.24,0.000000,1.130000,1000.00,cifi0007.DBF
R69G,10R69G,0,00,00,28,62,853.38,1000,0.00,849.08,0.000000,1.130000,1000.00,cifi0007.DBF
R69G,10R69G,0,00,00,28,63,861.53,1000,0.00,857.45,0.000000,1.130000,1000.00,cifi0007.DBF
R69G,10R69G,0,00,00,28,64,869.59,1000,0.00,865.56,0.000000,1.130000,1000.00,cifi0007.DBF
R69G,10R69G,0,00,00,28,65,877.74,1000,0.00,873.66,0.000000,1.130000,1000.00,cifi0007.DBF
R69G,10R69G,0,00,00,28,66,886.22,1000,0.00,881.98,0.000000,1.130000,1000.00,cifi0007.DBF
R69G,10R69G,0,00,00,28,67,895.40,1000,0.00,890.81,0.000000,1.130000,1000.00,cifi0007.DBF
R69G,10R69G,0,00,00,28,68,905.88,1000,0.00,900.64,0.000000,1.130000,1000.00,cifi0007.DBF
R69G,10R69G,0,00,00,28,69,918.97,1000,0.00,912.42,0.000000,1.130000,1000.00,cifi0007.DBF
R69G,10R69G,0,00,00,28,70,936.46,1000,0.00,927.71,0.000000,1.130000,1000.00,cifi0007.DBF
R69G,10R69G,0,00,00,28,71,961.54,1000,0.00,949.00,0.000000,1.130000,1000.00,cifi0007.DBF
R69G,10R69G,0,00,00,29,1,0.00,0,0.00,0.55,1.110000,1.110000,1000.00,cifi0007.DBF
R69G,10R69G,0,00,00,29,2,0.00,0,0.00,8.84,9.220000,1.110000,1000.00,cifi0007.DBF
R69G,10R69G,0,00,00,29,3,4.93,27,0.00,17.48,9.220000,1.110000,1000.00,cifi0007.DBF
R69G,10R69G,0,00,00,29,4,14.30,75,0.00,26.47,9.220000,1.110000,1000.00,cifi0007.DBF
R69G,10R69G,0,00,00,29,5,24.04,121,0.00,35.83,9.220000,1.110000,1000.00,cifi0007.DBF
R69G,10R69G,0,00,00,29,6,34.15,166,0.00,45.55,9.220000,1.110000,1000.00,cifi0007.DBF
R69G,10R69G,0,00,00,29,7,44.65,209,0.00,55.64,9.220000,1.110000,1000.00,cifi0007.DBF
R69G,10R69G,0,00,00,29,8,55.51,251,0.00,66.11,9.220000,1.110000,1000.00,cifi0007.DBF
R69G,10R69G,0,00,00,29,9,66.77,292,0.00,76.94,9.220000,1.110000,1000.00,cifi0007.DBF
R69G,10R69G,0,00,00,29,10,78.41,331,0.00,88.15,9.220000,1.110000,1000.00,cifi0007.DBF
R69G,10R69G,0,00,00,29,11,90.43,368,0.00,99.73,9.220000,1.110000,1000.00,cifi0007.DBF
R69G,10R69G,0,00,00,29,12,102.85,405,0.00,111.70,9.220000,1.110000,1000.00,cifi0007.DBF
R69G,10R69G,0,00,00,29,13,115.67,440,0.00,124.05,9.220000,1.110000,1000.00,cifi0007.DBF
R69G,10R69G,0,00,00,29,14,128.88,474,0.00,136.79,9.220000,1.110000,1000.00,cifi0007.DBF
R69G,10R69G,0,00,00,29,15,142.48,506,0.00,149.91,9.220000,1.110000,1000.00,cifi0007.DBF
R69G,10R69G,0,00,00,29,16,156.46,538,0.00,163.41,9.220000,1.110000,1000.00,cifi0007.DBF
R69G,10R69G,0,00,00,29,17,170.81,568,0.00,177.26,9.220000,1.110000,1000.00,cifi0007.DBF
R69G,10R69G,0,00,00,29,18,185.57,597,0.00,191.50,9.220000,1.110000,1000.00,cifi0007.DBF
R69G,10R69G,0,00,00,29,19,200.74,625,0.00,206.14,9.220000,1.110000,1000.00,cifi0007.DBF
R69G,10R69G,0,00,00,29,20,216.45,652,0.00,221.25,9.220000,1.110000,1000.00,cifi0007.DBF
R69G,10R69G,0,00,00,29,21,232.70,679,0.00,236.87,9.220000,1.110000,1000.00,cifi0007.DBF
R69G,10R69G,0,00,00,29,22,249.47,705,0.00,253.02,9.220000,1.110000,1000.00,cifi0007.DBF
R69G,10R69G,0,00,00,29,23,266.76,730,0.00,269.67,9.220000,1.110000,1000.00,cifi0007.DBF
R69G,10R69G,0,00,00,29,24,284.53,754,0.00,286.80,9.220000,1.110000,1000.00,cifi0007.DBF
R69G,10R69G,0,00,00,29,25,302.76,777,0.00,304.39,9.220000,1.110000,1000.00,cifi0007.DBF
R69G,10R69G,0,00,00,29,26,321.43,800,0.00,322.41,9.220000,1.110000,1000.00,cifi0007.DBF
R69G,10R69G,0,00,00,29,27,340.50,822,0.00,340.84,9.220000,1.110000,1000.00,cifi0007.DBF
R69G,10R69G,0,00,00,29,28,360.01,843,0.00,359.67,9.220000,1.110000,1000.00,cifi0007.DBF
R69G,10R69G,0,00,00,29,29,379.96,864,0.00,378.93,9.220000,1.110000,1000.00,cifi0007.DBF
R69G,10R69G,0,00,00,29,30,400.49,884,0.00,398.67,9.220000,1.110000,1000.00,cifi0007.DBF
R69G,10R69G,0,00,00,29,31,421.60,904,0.00,418.97,9.220000,1.110000,1000.00,cifi0007.DBF
R69G,10R69G,0,00,00,29,32,443.26,924,0.00,439.82,9.220000,1.110000,1000.00,cifi0007.DBF
R69G,10R69G,0,00,00,29,33,465.43,943,0.00,461.17,9.220000,1.110000,1000.00,cifi0007.DBF
R69G,10R69G,0,00,00,29,34,488.07,963,0.00,482.98,9.220000,1.110000,1000.00,cifi0007.DBF
R69G,10R69G,0,00,00,29,35,511.18,982,0.00,505.23,9.220000,1.110000,1000.00,cifi0007.DBF
R69G,10R69G,0,00,00,29,36,534.82,1000,0.00,527.95,9.220000,1.110000,1000.00,cifi0007.DBF
R69G,10R69G,0,00,00,29,37,548.61,1000,0.00,541.72,0.000000,1.110000,1000.00,cifi0007.DBF
R69G,10R69G,0,00,00,29,38,562.47,1000,0.00,555.54,0.000000,1.110000,1000.00,cifi0007.DBF
R69G,10R69G,0,00,00,29,39,576.46,1000,0.00,569.47,0.000000,1.110000,1000.00,cifi0007.DBF
R69G,10R69G,0,00,00,29,40,590.58,1000,0.00,583.52,0.000000,1.110000,1000.00,cifi0007.DBF
R69G,10R69G,0,00,00,29,41,604.86,1000,0.00,597.72,0.000000,1.110000,1000.00,cifi0007.DBF
R69G,10R69G,0,00,00,29,42,619.24,1000,0.00,612.05,0.000000,1.110000,1000.00,cifi0007.DBF
R69G,10R69G,0,00,00,29,43,633.70,1000,0.00,626.47,0.000000,1.110000,1000.00,cifi0007.DBF
R69G,10R69G,0,00,00,29,44,648.02,1000,0.00,640.86,0.000000,1.110000,1000.00,cifi0007.DBF
R69G,10R69G,0,00,00,29,45,662.25,1000,0.00,655.14,0.000000,1.110000,1000.00,cifi0007.DBF
R69G,10R69G,0,00,00,29,46,676.42,1000,0.00,669.34,0.000000,1.110000,1000.00,cifi0007.DBF
R69G,10R69G,0,00,00,29,47,690.51,1000,0.00,683.46,0.000000,1.110000,1000.00,cifi0007.DBF
R69G,10R69G,0,00,00,29,48,704.51,1000,0.00,697.51,0.000000,1.110000,1000.00,cifi0007.DBF
R69G,10R69G,0,00,00,29,49,718.35,1000,0.00,711.43,0.000000,1.110000,1000.00,cifi0007.DBF
R69G,10R69G,0,00,00,29,50,731.92,1000,0.00,725.13,0.000000,1.110000,1000.00,cifi0007.DBF
R69G,10R69G,0,00,00,29,51,745.12,1000,0.00,738.52,0.000000,1.110000,1000.00,cifi0007.DBF
R69G,10R69G,0,00,00,29,52,757.95,1000,0.00,751.54,0.000000,1.110000,1000.00,cifi0007.DBF
R69G,10R69G,0,00,00,29,53,770.31,1000,0.00,764.13,0.000000,1.110000,1000.00,cifi0007.DBF
R69G,10R69G,0,00,00,29,54,782.28,1000,0.00,776.30,0.000000,1.110000,1000.00,cifi0007.DBF
R69G,10R69G,0,00,00,29,55,793.89,1000,0.00,788.08,0.000000,1.110000,1000.00,cifi0007.DBF
R69G,10R69G,0,00,00,29,56,805.09,1000,0.00,799.49,0.000000,1.110000,1000.00,cifi0007.DBF
R69G,10R69G,0,00,00,29,57,815.83,1000,0.00,810.46,0.000000,1.110000,1000.00,cifi0007.DBF
R69G,10R69G,0,00,00,29,58,826.04,1000,0.00,820.93,0.000000,1.110000,1000.00,cifi0007.DBF
R69G,10R69G,0,00,00,29,59,835.69,1000,0.00,830.86,0.000000,1.110000,1000.00,cifi0007.DBF
R69G,10R69G,0,00,00,29,60,844.79,1000,0.00,840.24,0.000000,1.110000,1000.00,cifi0007.DBF
R69G,10R69G,0,00,00,29,61,853.38,1000,0.00,849.08,0.000000,1.110000,1000.00,cifi0007.DBF
R69G,10R69G,0,00,00,29,62,861.53,1000,0.00,857.45,0.000000,1.110000,1000.00,cifi0007.DBF
R69G,10R69G,0,00,00,29,63,869.59,1000,0.00,865.56,0.000000,1.110000,1000.00,cifi0007.DBF
R69G,10R69G,0,00,00,29,64,877.74,1000,0.00,873.66,0.000000,1.110000,1000.00,cifi0007.DBF
R69G,10R69G,0,00,00,29,65,886.22,1000,0.00,881.98,0.000000,1.110000,1000.00,cifi0007.DBF
R69G,10R69G,0,00,00,29,66,895.40,1000,0.00,890.81,0.000000,1.110000,1000.00,cifi0007.DBF
R69G,10R69G,0,00,00,29,67,905.88,1000,0.00,900.64,0.000000,1.110000,1000.00,cifi0007.DBF
R69G,10R69G,0,00,00,29,68,918.97,1000,0.00,912.42,0.000000,1.110000,1000.00,cifi0007.DBF
R69G,10R69G,0,00,00,29,69,936.46,1000,0.00,927.71,0.000000,1.110000,1000.00,cifi0007.DBF
R69G,10R69G,0,00,00,29,70,961.54,1000,0.00,949.00,0.000000,1.110000,1000.00,cifi0007.DBF
R69G,10R69G,0,00,00,30,1,0.00,0,0.00,0.55,1.100000,1.100000,1000.00,cifi0007.DBF
R69G,10R69G,0,00,00,30,2,0.00,0,0.00,9.31,9.670000,1.100000,1000.00,cifi0007.DBF
R69G,10R69G,0,00,00,30,3,5.87,31,0.00,18.43,9.670000,1.100000,1000.00,cifi0007.DBF
R69G,10R69G,0,00,00,30,4,15.75,79,0.00,27.92,9.670000,1.100000,1000.00,cifi0007.DBF
R69G,10R69G,0,00,00,30,5,26.00,126,0.00,37.78,9.670000,1.100000,1000.00,cifi0007.DBF
R69G,10R69G,0,00,00,30,6,36.65,172,0.00,48.02,9.670000,1.100000,1000.00,cifi0007.DBF
R69G,10R69G,0,00,00,30,7,47.68,216,0.00,58.63,9.670000,1.100000,1000.00,cifi0007.DBF
R69G,10R69G,0,00,00,30,8,59.10,258,0.00,69.62,9.670000,1.100000,1000.00,cifi0007.DBF
R69G,10R69G,0,00,00,30,9,70.90,299,0.00,80.98,9.670000,1.100000,1000.00,cifi0007.DBF
R69G,10R69G,0,00,00,30,10,83.09,339,0.00,92.73,9.670000,1.100000,1000.00,cifi0007.DBF
R69G,10R69G,0,00,00,30,11,95.70,377,0.00,104.87,9.670000,1.100000,1000.00,cifi0007.DBF
R69G,10R69G,0,00,00,30,12,108.71,414,0.00,117.41,9.670000,1.100000,1000.00,cifi0007.DBF
R69G,10R69G,0,00,00,30,13,122.11,449,0.00,130.34,9.670000,1.100000,1000.00,cifi0007.DBF
R69G,10R69G,0,00,00,30,14,135.91,483,0.00,143.65,9.670000,1.100000,1000.00,cifi0007.DBF
R69G,10R69G,0,00,00,30,15,150.09,516,0.00,157.34,9.670000,1.100000,1000.00,cifi0007.DBF
R69G,10R69G,0,00,00,30,16,164.66,547,0.00,171.40,9.670000,1.100000,1000.00,cifi0007.DBF
R69G,10R69G,0,00,00,30,17,179.64,578,0.00,185.85,9.670000,1.100000,1000.00,cifi0007.DBF
R69G,10R69G,0,00,00,30,18,195.05,607,0.00,200.72,9.670000,1.100000,1000.00,cifi0007.DBF
R69G,10R69G,0,00,00,30,19,211.00,636,0.00,216.05,9.670000,1.100000,1000.00,cifi0007.DBF
R69G,10R69G,0,00,00,30,20,227.49,664,0.00,231.91,9.670000,1.100000,1000.00,cifi0007.DBF
R69G,10R69G,0,00,00,30,21,244.53,691,0.00,248.30,9.670000,1.100000,1000.00,cifi0007.DBF
R69G,10R69G,0,00,00,30,22,262.09,717,0.00,265.21,9.670000,1.100000,1000.00,cifi0007.DBF
R69G,10R69G,0,00,00,30,23,280.13,742,0.00,282.61,9.670000,1.100000,1000.00,cifi0007.DBF
R69G,10R69G,0,00,00,30,24,298.65,767,0.00,300.47,9.670000,1.100000,1000.00,cifi0007.DBF
R69G,10R69G,0,00,00,30,25,317.62,790,0.00,318.79,9.670000,1.100000,1000.00,cifi0007.DBF
R69G,10R69G,0,00,00,30,26,337.00,813,0.00,337.51,9.670000,1.100000,1000.00,cifi0007.DBF
R69G,10R69G,0,00,00,30,27,356.83,836,0.00,356.66,9.670000,1.100000,1000.00,cifi0007.DBF
R69G,10R69G,0,00,00,30,28,377.12,858,0.00,376.23,9.670000,1.100000,1000.00,cifi0007.DBF
R69G,10R69G,0,00,00,30,29,398.00,879,0.00,396.31,9.670000,1.100000,1000.00,cifi0007.DBF
R69G,10R69G,0,00,00,30,30,419.48,900,0.00,416.96,9.670000,1.100000,1000.00,cifi0007.DBF
R69G,10R69G,0,00,00,30,31,441.53,920,0.00,438.17,9.670000,1.100000,1000.00,cifi0007.DBF
R69G,10R69G,0,00,00,30,32,464.10,941,0.00,459.90,9.670000,1.100000,1000.00,cifi0007.DBF
R69G,10R69G,0,00,00,30,33,487.16,961,0.00,482.11,9.670000,1.100000,1000.00,cifi0007.DBF
R69G,10R69G,0,00,00,30,34,510.71,981,0.00,504.78,9.670000,1.100000,1000.00,cifi0007.DBF
R69G,10R69G,0,00,00,30,35,534.82,1000,0.00,527.95,9.670000,1.100000,1000.00,cifi0007.DBF
R69G,10R69G,0,00,00,30,36,548.61,1000,0.00,541.72,0.000000,1.100000,1000.00,cifi0007.DBF
R69G,10R69G,0,00,00,30,37,562.47,1000,0.00,555.54,0.000000,1.100000,1000.00,cifi0007.DBF
R69G,10R69G,0,00,00,30,38,576.46,1000,0.00,569.47,0.000000,1.100000,1000.00,cifi0007.DBF
R69G,10R69G,0,00,00,30,39,590.58,1000,0.00,583.52,0.000000,1.100000,1000.00,cifi0007.DBF
R69G,10R69G,0,00,00,30,40,604.86,1000,0.00,597.72,0.000000,1.100000,1000.00,cifi0007.DBF
R69G,10R69G,0,00,00,30,41,619.24,1000,0.00,612.05,0.000000,1.100000,1000.00,cifi0007.DBF
R69G,10R69G,0,00,00,30,42,633.70,1000,0.00,626.47,0.000000,1.100000,1000.00,cifi0007.DBF
R69G,10R69G,0,00,00,30,43,648.02,1000,0.00,640.86,0.000000,1.100000,1000.00,cifi0007.DBF
R69G,10R69G,0,00,00,30,44,662.25,1000,0.00,655.14,0.000000,1.100000,1000.00,cifi0007.DBF
R69G,10R69G,0,00,00,30,45,676.42,1000,0.00,669.34,0.000000,1.100000,1000.00,cifi0007.DBF
R69G,10R69G,0,00,00,30,46,690.51,1000,0.00,683.46,0.000000,1.100000,1000.00,cifi0007.DBF
R69G,10R69G,0,00,00,30,47,704.51,1000,0.00,697.51,0.000000,1.100000,1000.00,cifi0007.DBF
R69G,10R69G,0,00,00,30,48,718.35,1000,0.00,711.43,0.000000,1.100000,1000.00,cifi0007.DBF
R69G,10R69G,0,00,00,30,49,731.92,1000,0.00,725.13,0.000000,1.100000,1000.00,cifi0007.DBF
R69G,10R69G,0,00,00,30,50,745.12,1000,0.00,738.52,0.000000,1.100000,1000.00,cifi0007.DBF
R69G,10R69G,0,00,00,30,51,757.95,1000,0.00,751.54,0.000000,1.100000,1000.00,cifi0007.DBF
R69G,10R69G,0,00,00,30,52,770.31,1000,0.00,764.13,0.000000,1.100000,1000.00,cifi0007.DBF
R69G,10R69G,0,00,00,30,53,782.28,1000,0.00,776.30,0.000000,1.100000,1000.00,cifi0007.DBF
R69G,10R69G,0,00,00,30,54,793.89,1000,0.00,788.08,0.000000,1.100000,1000.00,cifi0007.DBF
R69G,10R69G,0,00,00,30,55,805.09,1000,0.00,799.49,0.000000,1.100000,1000.00,cifi0007.DBF
R69G,10R69G,0,00,00,30,56,815.83,1000,0.00,810.46,0.000000,1.100000,1000.00,cifi0007.DBF
R69G,10R69G,0,00,00,30,57,826.04,1000,0.00,820.93,0.000000,1.100000,1000.00,cifi0007.DBF
R69G,10R69G,0,00,00,30,58,835.69,1000,0.00,830.86,0.000000,1.100000,1000.00,cifi0007.DBF
R69G,10R69G,0,00,00,30,59,844.79,1000,0.00,840.24,0.000000,1.100000,1000.00,cifi0007.DBF
R69G,10R69G,0,00,00,30,60,853.38,1000,0.00,849.08,0.000000,1.100000,1000.00,cifi0007.DBF
R69G,10R69G,0,00,00,30,61,861.53,1000,0.00,857.45,0.000000,1.100000,1000.00,cifi0007.DBF
R69G,10R69G,0,00,00,30,62,869.59,1000,0.00,865.56,0.000000,1.100000,1000.00,cifi0007.DBF
R69G,10R69G,0,00,00,30,63,877.74,1000,0.00,873.66,0.000000,1.100000,1000.00,cifi0007.DBF
R69G,10R69G,0,00,00,30,64,886.22,1000,0.00,881.98,0.000000,1.100000,1000.00,cifi0007.DBF
R69G,10R69G,0,00,00,30,65,895.40,1000,0.00,890.81,0.000000,1.100000,1000.00,cifi0007.DBF
R69G,10R69G,0,00,00,30,66,905.88,1000,0.00,900.64,0.000000,1.100000,1000.00,cifi0007.DBF
R69G,10R69G,0,00,00,30,67,918.97,1000,0.00,912.42,0.000000,1.100000,1000.00,cifi0007.DBF
R69G,10R69G,0,00,00,30,68,936.46,1000,0.00,927.71,0.000000,1.100000,1000.00,cifi0007.DBF
R69G,10R69G,0,00,00,30,69,961.54,1000,0.00,949.00,0.000000,1.100000,1000.00,cifi0007.DBF
R69G,10R69G,0,00,00,31,1,0.00,0,0.00,0.54,1.090000,1.090000,1000.00,cifi0007.DBF
R69G,10R69G,0,00,00,31,2,0.00,0,0.00,9.81,10.160000,1.090000,1000.00,cifi0007.DBF
R69G,10R69G,0,00,00,31,3,6.85,35,0.00,19.44,10.160000,1.090000,1000.00,cifi0007.DBF
R69G,10R69G,0,00,00,31,4,17.26,84,0.00,29.45,10.160000,1.090000,1000.00,cifi0007.DBF
R69G,10R69G,0,00,00,31,5,28.07,132,0.00,39.84,10.160000,1.090000,1000.00,cifi0007.DBF
R69G,10R69G,0,00,00,31,6,39.26,178,0.00,50.61,10.160000,1.090000,1000.00,cifi0007.DBF
R69G,10R69G,0,00,00,31,7,50.86,222,0.00,61.76,10.160000,1.090000,1000.00,cifi0007.DBF
R69G,10R69G,0,00,00,31,8,62.84,265,0.00,73.30,10.160000,1.090000,1000.00,cifi0007.DBF
R69G,10R69G,0,00,00,31,9,75.22,307,0.00,85.23,10.160000,1.090000,1000.00,cifi0007.DBF
R69G,10R69G,0,00,00,31,10,88.02,347,0.00,97.55,10.160000,1.090000,1000.00,cifi0007.DBF
R69G,10R69G,0,00,00,31,11,101.23,385,0.00,110.28,10.160000,1.090000,1000.00,cifi0007.DBF
R69G,10R69G,0,00,00,31,12,114.84,422,0.00,123.41,10.160000,1.090000,1000.00,cifi0007.DBF
R69G,10R69G,0,00,00,31,13,128.86,458,0.00,136.92,10.160000,1.090000,1000.00,cifi0007.DBF
R69G,10R69G,0,00,00,31,14,143.26,492,0.00,150.83,10.160000,1.090000,1000.00,cifi0007.DBF
R69G,10R69G,0,00,00,31,15,158.06,526,0.00,165.11,10.160000,1.090000,1000.00,cifi0007.DBF
R69G,10R69G,0,00,00,31,16,173.28,558,0.00,179.79,10.160000,1.090000,1000.00,cifi0007.DBF
R69G,10R69G,0,00,00,31,17,188.94,588,0.00,194.89,10.160000,1.090000,1000.00,cifi0007.DBF
R69G,10R69G,0,00,00,31,18,205.14,618,0.00,210.47,10.160000,1.090000,1000.00,cifi0007.DBF
R69G,10R69G,0,00,00,31,19,221.90,647,0.00,226.59,10.160000,1.090000,1000.00,cifi0007.DBF
R69G,10R69G,0,00,00,31,20,239.22,676,0.00,243.25,10.160000,1.090000,1000.00,cifi0007.DBF
R69G,10R69G,0,00,00,31,21,257.06,703,0.00,260.43,10.160000,1.090000,1000.00,cifi0007.DBF
R69G,10R69G,0,00,00,31,22,275.40,730,0.00,278.11,10.160000,1.090000,1000.00,cifi0007.DBF
R69G,10R69G,0,00,00,31,23,294.24,755,0.00,296.27,10.160000,1.090000,1000.00,cifi0007.DBF
R69G,10R69G,0,00,00,31,24,313.53,780,0.00,314.89,10.160000,1.090000,1000.00,cifi0007.DBF
R69G,10R69G,0,00,00,31,25,333.25,804,0.00,333.94,10.160000,1.090000,1000.00,cifi0007.DBF
R69G,10R69G,0,00,00,31,26,353.43,828,0.00,353.42,10.160000,1.090000,1000.00,cifi0007.DBF
R69G,10R69G,0,00,00,31,27,374.08,851,0.00,373.33,10.160000,1.090000,1000.00,cifi0007.DBF
R69G,10R69G,0,00,00,31,28,395.34,873,0.00,393.77,10.160000,1.090000,1000.00,cifi0007.DBF
R69G,10R69G,0,00,00,31,29,417.21,895,0.00,414.80,10.160000,1.090000,1000.00,cifi0007.DBF
R69G,10R69G,0,00,00,31,30,439.67,917,0.00,436.40,10.160000,1.090000,1000.00,cifi0007.DBF
R69G,10R69G,0,00,00,31,31,462.67,938,0.00,458.55,10.160000,1.090000,1000.00,cifi0007.DBF
R69G,10R69G,0,00,00,31,32,486.18,959,0.00,481.19,10.160000,1.090000,1000.00,cifi0007.DBF
R69G,10R69G,0,00,00,31,33,510.21,980,0.00,504.31,10.160000,1.090000,1000.00,cifi0007.DBF
R69G,10R69G,0,00,00,31,34,534.82,1000,0.00,527.95,10.160000,1.090000,1000.00,cifi0007.DBF
R69G,10R69G,0,00,00,31,35,548.61,1000,0.00,541.72,0.000000,1.090000,1000.00,cifi0007.DBF
R69G,10R69G,0,00,00,31,36,562.47,1000,0.00,555.54,0.000000,1.090000,1000.00,cifi0007.DBF
R69G,10R69G,0,00,00,31,37,576.46,1000,0.00,569.47,0.000000,1.090000,1000.00,cifi0007.DBF
R69G,10R69G,0,00,00,31,38,590.58,1000,0.00,583.52,0.000000,1.090000,1000.00,cifi0007.DBF
R69G,10R69G,0,00,00,31,39,604.86,1000,0.00,597.72,0.000000,1.090000,1000.00,cifi0007.DBF
R69G,10R69G,0,00,00,31,40,619.24,1000,0.00,612.05,0.000000,1.090000,1000.00,cifi0007.DBF
R69G,10R69G,0,00,00,31,41,633.70,1000,0.00,626.47,0.000000,1.090000,1000.00,cifi0007.DBF
R69G,10R69G,0,00,00,31,42,648.02,1000,0.00,640.86,0.000000,1.090000,1000.00,cifi0007.DBF
R69G,10R69G,0,00,00,31,43,662.25,1000,0.00,655.14,0.000000,1.090000,1000.00,cifi0007.DBF
R69G,10R69G,0,00,00,31,44,676.42,1000,0.00,669.34,0.000000,1.090000,1000.00,cifi0007.DBF
R69G,10R69G,0,00,00,31,45,690.51,1000,0.00,683.46,0.000000,1.090000,1000.00,cifi0007.DBF
R69G,10R69G,0,00,00,31,46,704.51,1000,0.00,697.51,0.000000,1.090000,1000.00,cifi0007.DBF
R69G,10R69G,0,00,00,31,47,718.35,1000,0.00,711.43,0.000000,1.090000,1000.00,cifi0007.DBF
R69G,10R69G,0,00,00,31,48,731.92,1000,0.00,725.13,0.000000,1.090000,1000.00,cifi0007.DBF
R69G,10R69G,0,00,00,31,49,745.12,1000,0.00,738.52,0.000000,1.090000,1000.00,cifi0007.DBF
R69G,10R69G,0,00,00,31,50,757.95,1000,0.00,751.54,0.000000,1.090000,1000.00,cifi0007.DBF
R69G,10R69G,0,00,00,31,51,770.31,1000,0.00,764.13,0.000000,1.090000,1000.00,cifi0007.DBF
R69G,10R69G,0,00,00,31,52,782.28,1000,0.00,776.30,0.000000,1.090000,1000.00,cifi0007.DBF
R69G,10R69G,0,00,00,31,53,793.89,1000,0.00,788.08,0.000000,1.090000,1000.00,cifi0007.DBF
R69G,10R69G,0,00,00,31,54,805.09,1000,0.00,799.49,0.000000,1.090000,1000.00,cifi0007.DBF
R69G,10R69G,0,00,00,31,55,815.83,1000,0.00,810.46,0.000000,1.090000,1000.00,cifi0007.DBF
R69G,10R69G,0,00,00,31,56,826.04,1000,0.00,820.93,0.000000,1.090000,1000.00,cifi0007.DBF
R69G,10R69G,0,00,00,31,57,835.69,1000,0.00,830.86,0.000000,1.090000,1000.00,cifi0007.DBF
R69G,10R69G,0,00,00,31,58,844.79,1000,0.00,840.24,0.000000,1.090000,1000.00,cifi0007.DBF
R69G,10R69G,0,00,00,31,59,853.38,1000,0.00,849.08,0.000000,1.090000,1000.00,cifi0007.DBF
R69G,10R69G,0,00,00,31,60,861.53,1000,0.00,857.45,0.000000,1.090000,1000.00,cifi0007.DBF
R69G,10R69G,0,00,00,31,61,869.59,1000,0.00,865.56,0.000000,1.090000,1000.00,cifi0007.DBF
R69G,10R69G,0,00,00,31,62,877.74,1000,0.00,873.66,0.000000,1.090000,1000.00,cifi0007.DBF
R69G,10R69G,0,00,00,31,63,886.22,1000,0.00,881.98,0.000000,1.090000,1000.00,cifi0007.DBF
R69G,10R69G,0,00,00,31,64,895.40,1000,0.00,890.81,0.000000,1.090000,1000.00,cifi0007.DBF
R69G,10R69G,0,00,00,31,65,905.88,1000,0.00,900.64,0.000000,1.090000,1000.00,cifi0007.DBF
R69G,10R69G,0,00,00,31,66,918.97,1000,0.00,912.42,0.000000,1.090000,1000.00,cifi0007.DBF
R69G,10R69G,0,00,00,31,67,936.46,1000,0.00,927.71,0.000000,1.090000,1000.00,cifi0007.DBF
R69G,10R69G,0,00,00,31,68,961.54,1000,0.00,949.00,0.000000,1.090000,1000.00,cifi0007.DBF
R69G,10R69G,0,00,00,32,1,0.00,0,0.00,0.54,1.090000,1.090000,1000.00,cifi0007.DBF
R69G,10R69G,0,00,00,32,2,0.00,0,0.00,10.33,10.690000,1.090000,1000.00,cifi0007.DBF
R69G,10R69G,0,00,00,32,3,7.87,39,0.00,20.49,10.690000,1.090000,1000.00,cifi0007.DBF
R69G,10R69G,0,00,00,32,4,18.85,89,0.00,31.05,10.690000,1.090000,1000.00,cifi0007.DBF
R69G,10R69G,0,00,00,32,5,30.22,137,0.00,41.99,10.690000,1.090000,1000.00,cifi0007.DBF
R69G,10R69G,0,00,00,32,6,42.00,184,0.00,53.32,10.690000,1.090000,1000.00,cifi0007.DBF
R69G,10R69G,0,00,00,32,7,54.18,229,0.00,65.05,10.690000,1.090000,1000.00,cifi0007.DBF
R69G,10R69G,0,00,00,32,8,66.76,272,0.00,77.17,10.690000,1.090000,1000.00,cifi0007.DBF
R69G,10R69G,0,00,00,32,9,79.77,314,0.00,89.69,10.690000,1.090000,1000.00,cifi0007.DBF
R69G,10R69G,0,00,00,32,10,93.19,355,0.00,102.63,10.690000,1.090000,1000.00,cifi0007.DBF
R69G,10R69G,0,00,00,32,11,107.03,394,0.00,115.97,10.690000,1.090000,1000.00,cifi0007.DBF
R69G,10R69G,0,00,00,32,12,121.28,431,0.00,129.71,10.690000,1.090000,1000.00,cifi0007.DBF
R69G,10R69G,0,00,00,32,13,135.92,467,0.00,143.84,10.690000,1.090000,1000.00,cifi0007.DBF
R69G,10R69G,0,00,00,32,14,150.96,502,0.00,158.36,10.690000,1.090000,1000.00,cifi0007.DBF
R69G,10R69G,0,00,00,32,15,166.44,536,0.00,173.28,10.690000,1.090000,1000.00,cifi0007.DBF
R69G,10R69G,0,00,00,32,16,182.36,568,0.00,188.64,10.690000,1.090000,1000.00,cifi0007.DBF
R69G,10R69G,0,00,00,32,17,198.85,599,0.00,204.48,10.690000,1.090000,1000.00,cifi0007.DBF
R69G,10R69G,0,00,00,32,18,215.90,630,0.00,220.87,10.690000,1.090000,1000.00,cifi0007.DBF
R69G,10R69G,0,00,00,32,19,233.51,660,0.00,237.81,10.690000,1.090000,1000.00,cifi0007.DBF
R69G,10R69G,0,00,00,32,20,251.67,688,0.00,255.30,10.690000,1.090000,1000.00,cifi0007.DBF
R69G,10R69G,0,00,00,32,21,270.33,716,0.00,273.29,10.690000,1.090000,1000.00,cifi0007.DBF
R69G,10R69G,0,00,00,32,22,289.50,743,0.00,291.77,10.690000,1.090000,1000.00,cifi0007.DBF
R69G,10R69G,0,00,00,32,23,309.13,769,0.00,310.72,10.690000,1.090000,1000.00,cifi0007.DBF
R69G,10R69G,0,00,00,32,24,329.21,795,0.00,330.11,10.690000,1.090000,1000.00,cifi0007.DBF
R69G,10R69G,0,00,00,32,25,349.77,819,0.00,349.94,10.690000,1.090000,1000.00,cifi0007.DBF
R69G,10R69G,0,00,00,32,26,370.81,843,0.00,370.23,10.690000,1.090000,1000.00,cifi0007.DBF
R69G,10R69G,0,00,00,32,27,392.47,867,0.00,391.05,10.690000,1.090000,1000.00,cifi0007.DBF
R69G,10R69G,0,00,00,32,28,414.77,890,0.00,412.48,10.690000,1.090000,1000.00,cifi0007.DBF
R69G,10R69G,0,00,00,32,29,437.67,912,0.00,434.51,10.690000,1.090000,1000.00,cifi0007.DBF
R69G,10R69G,0,00,00,32,30,461.14,935,0.00,457.09,10.690000,1.090000,1000.00,cifi0007.DBF
R69G,10R69G,0,00,00,32,31,485.13,957,0.00,480.19,10.690000,1.090000,1000.00,cifi0007.DBF
R69G,10R69G,0,00,00,32,32,509.67,979,0.00,503.80,10.690000,1.090000,1000.00,cifi0007.DBF
R69G,10R69G,0,00,00,32,33,534.82,1000,0.00,527.95,10.690000,1.090000,1000.00,cifi0007.DBF
R69G,10R69G,0,00,00,32,34,548.61,1000,0.00,541.72,0.000000,1.090000,1000.00,cifi0007.DBF
R69G,10R69G,0,00,00,32,35,562.47,1000,0.00,555.54,0.000000,1.090000,1000.00,cifi0007.DBF
R69G,10R69G,0,00,00,32,36,576.46,1000,0.00,569.47,0.000000,1.090000,1000.00,cifi0007.DBF
R69G,10R69G,0,00,00,32,37,590.58,1000,0.00,583.52,0.000000,1.090000,1000.00,cifi0007.DBF
R69G,10R69G,0,00,00,32,38,604.86,1000,0.00,597.72,0.000000,1.090000,1000.00,cifi0007.DBF
R69G,10R69G,0,00,00,32,39,619.24,1000,0.00,612.05,0.000000,1.090000,1000.00,cifi0007.DBF
R69G,10R69G,0,00,00,32,40,633.70,1000,0.00,626.47,0.000000,1.090000,1000.00,cifi0007.DBF
R69G,10R69G,0,00,00,32,41,648.02,1000,0.00,640.86,0.000000,1.090000,1000.00,cifi0007.DBF
R69G,10R69G,0,00,00,32,42,662.25,1000,0.00,655.14,0.000000,1.090000,1000.00,cifi0007.DBF
R69G,10R69G,0,00,00,32,43,676.42,1000,0.00,669.34,0.000000,1.090000,1000.00,cifi0007.DBF
R69G,10R69G,0,00,00,32,44,690.51,1000,0.00,683.46,0.000000,1.090000,1000.00,cifi0007.DBF
R69G,10R69G,0,00,00,32,45,704.51,1000,0.00,697.51,0.000000,1.090000,1000.00,cifi0007.DBF
R69G,10R69G,0,00,00,32,46,718.35,1000,0.00,711.43,0.000000,1.090000,1000.00,cifi0007.DBF
R69G,10R69G,0,00,00,32,47,731.92,1000,0.00,725.13,0.000000,1.090000,1000.00,cifi0007.DBF
R69G,10R69G,0,00,00,32,48,745.12,1000,0.00,738.52,0.000000,1.090000,1000.00,cifi0007.DBF
R69G,10R69G,0,00,00,32,49,757.95,1000,0.00,751.54,0.000000,1.090000,1000.00,cifi0007.DBF
R69G,10R69G,0,00,00,32,50,770.31,1000,0.00,764.13,0.000000,1.090000,1000.00,cifi0007.DBF
R69G,10R69G,0,00,00,32,51,782.28,1000,0.00,776.30,0.000000,1.090000,1000.00,cifi0007.DBF
R69G,10R69G,0,00,00,32,52,793.89,1000,0.00,788.08,0.000000,1.090000,1000.00,cifi0007.DBF
R69G,10R69G,0,00,00,32,53,805.09,1000,0.00,799.49,0.000000,1.090000,1000.00,cifi0007.DBF
R69G,10R69G,0,00,00,32,54,815.83,1000,0.00,810.46,0.000000,1.090000,1000.00,cifi0007.DBF
R69G,10R69G,0,00,00,32,55,826.04,1000,0.00,820.93,0.000000,1.090000,1000.00,cifi0007.DBF
R69G,10R69G,0,00,00,32,56,835.69,1000,0.00,830.86,0.000000,1.090000,1000.00,cifi0007.DBF
R69G,10R69G,0,00,00,32,57,844.79,1000,0.00,840.24,0.000000,1.090000,1000.00,cifi0007.DBF
R69G,10R69G,0,00,00,32,58,853.38,1000,0.00,849.08,0.000000,1.090000,1000.00,cifi0007.DBF
R69G,10R69G,0,00,00,32,59,861.53,1000,0.00,857.45,0.000000,1.090000,1000.00,cifi0007.DBF
R69G,10R69G,0,00,00,32,60,869.59,1000,0.00,865.56,0.000000,1.090000,1000.00,cifi0007.DBF
R69G,10R69G,0,00,00,32,61,877.74,1000,0.00,873.66,0.000000,1.090000,1000.00,cifi0007.DBF
R69G,10R69G,0,00,00,32,62,886.22,1000,0.00,881.98,0.000000,1.090000,1000.00,cifi0007.DBF
R69G,10R69G,0,00,00,32,63,895.40,1000,0.00,890.81,0.000000,1.090000,1000.00,cifi0007.DBF
R69G,10R69G,0,00,00,32,64,905.88,1000,0.00,900.64,0.000000,1.090000,1000.00,cifi0007.DBF
R69G,10R69G,0,00,00,32,65,918.97,1000,0.00,912.42,0.000000,1.090000,1000.00,cifi0007.DBF
R69G,10R69G,0,00,00,32,66,936.46,1000,0.00,927.71,0.000000,1.090000,1000.00,cifi0007.DBF
R69G,10R69G,0,00,00,32,67,961.54,1000,0.00,949.00,0.000000,1.090000,1000.00,cifi0007.DBF
R69G,10R69G,0,00,00,33,1,0.00,0,0.00,0.55,1.110000,1.110000,1000.00,cifi0007.DBF
R69G,10R69G,0,00,00,33,2,0.00,0,0.00,10.89,11.250000,1.110000,1000.00,cifi0007.DBF
R69G,10R69G,0,00,00,33,3,8.93,42,0.00,21.62,11.250000,1.110000,1000.00,cifi0007.DBF
R69G,10R69G,0,00,00,33,4,20.49,93,0.00,32.75,11.250000,1.110000,1000.00,cifi0007.DBF
R69G,10R69G,0,00,00,33,5,32.47,142,0.00,44.27,11.250000,1.110000,1000.00,cifi0007.DBF
R69G,10R69G,0,00,00,33,6,44.86,189,0.00,56.20,11.250000,1.110000,1000.00,cifi0007.DBF
R69G,10R69G,0,00,00,33,7,57.66,235,0.00,68.52,11.250000,1.110000,1000.00,cifi0007.DBF
R69G,10R69G,0,00,00,33,8,70.89,279,0.00,81.26,11.250000,1.110000,1000.00,cifi0007.DBF
R69G,10R69G,0,00,00,33,9,84.55,322,0.00,94.42,11.250000,1.110000,1000.00,cifi0007.DBF
R69G,10R69G,0,00,00,33,10,98.62,363,0.00,107.98,11.250000,1.110000,1000.00,cifi0007.DBF
R69G,10R69G,0,00,00,33,11,113.12,402,0.00,121.96,11.250000,1.110000,1000.00,cifi0007.DBF
R69G,10R69G,0,00,00,33,12,128.02,440,0.00,136.34,11.250000,1.110000,1000.00,cifi0007.DBF
R69G,10R69G,0,00,00,33,13,143.33,477,0.00,151.11,11.250000,1.110000,1000.00,cifi0007.DBF
R69G,10R69G,0,00,00,33,14,159.09,512,0.00,166.30,11.250000,1.110000,1000.00,cifi0007.DBF
R69G,10R69G,0,00,00,33,15,175.30,546,0.00,181.93,11.250000,1.110000,1000.00,cifi0007.DBF
R69G,10R69G,0,00,00,33,16,192.08,579,0.00,198.05,11.250000,1.110000,1000.00,cifi0007.DBF
R69G,10R69G,0,00,00,33,17,209.44,611,0.00,214.74,11.250000,1.110000,1000.00,cifi0007.DBF
R69G,10R69G,0,00,00,33,18,227.37,642,0.00,231.99,11.250000,1.110000,1000.00,cifi0007.DBF
R69G,10R69G,0,00,00,33,19,245.86,673,0.00,249.79,11.250000,1.110000,1000.00,cifi0007.DBF
R69G,10R69G,0,00,00,33,20,264.87,702,0.00,268.11,11.250000,1.110000,1000.00,cifi0007.DBF
R69G,10R69G,0,00,00,33,21,284.39,730,0.00,286.93,11.250000,1.110000,1000.00,cifi0007.DBF
R69G,10R69G,0,00,00,33,22,304.40,758,0.00,306.23,11.250000,1.110000,1000.00,cifi0007.DBF
R69G,10R69G,0,00,00,33,23,324.87,784,0.00,325.99,11.250000,1.110000,1000.00,cifi0007.DBF
R69G,10R69G,0,00,00,33,24,345.83,810,0.00,346.20,11.250000,1.110000,1000.00,cifi0007.DBF
R69G,10R69G,0,00,00,33,25,367.29,835,0.00,366.89,11.250000,1.110000,1000.00,cifi0007.DBF
R69G,10R69G,0,00,00,33,26,389.39,860,0.00,388.13,11.250000,1.110000,1000.00,cifi0007.DBF
R69G,10R69G,0,00,00,33,27,412.14,884,0.00,409.99,11.250000,1.110000,1000.00,cifi0007.DBF
R69G,10R69G,0,00,00,33,28,435.52,908,0.00,432.47,11.250000,1.110000,1000.00,cifi0007.DBF
R69G,10R69G,0,00,00,33,29,459.48,931,0.00,455.53,11.250000,1.110000,1000.00,cifi0007.DBF
R69G,10R69G,0,00,00,33,30,484.00,954,0.00,479.12,11.250000,1.110000,1000.00,cifi0007.DBF
R69G,10R69G,0,00,00,33,31,509.09,978,0.00,503.25,11.250000,1.110000,1000.00,cifi0007.DBF
R69G,10R69G,0,00,00,33,32,534.82,1000,0.00,527.95,11.250000,1.110000,1000.00,cifi0007.DBF
R69G,10R69G,0,00,00,33,33,548.61,1000,0.00,541.72,0.000000,1.110000,1000.00,cifi0007.DBF
R69G,10R69G,0,00,00,33,34,562.47,1000,0.00,555.54,0.000000,1.110000,1000.00,cifi0007.DBF
R69G,10R69G,0,00,00,33,35,576.46,1000,0.00,569.47,0.000000,1.110000,1000.00,cifi0007.DBF
R69G,10R69G,0,00,00,33,36,590.58,1000,0.00,583.52,0.000000,1.110000,1000.00,cifi0007.DBF
R69G,10R69G,0,00,00,33,37,604.86,1000,0.00,597.72,0.000000,1.110000,1000.00,cifi0007.DBF
R69G,10R69G,0,00,00,33,38,619.24,1000,0.00,612.05,0.000000,1.110000,1000.00,cifi0007.DBF
R69G,10R69G,0,00,00,33,39,633.70,1000,0.00,626.47,0.000000,1.110000,1000.00,cifi0007.DBF
R69G,10R69G,0,00,00,33,40,648.02,1000,0.00,640.86,0.000000,1.110000,1000.00,cifi0007.DBF
R69G,10R69G,0,00,00,33,41,662.25,1000,0.00,655.14,0.000000,1.110000,1000.00,cifi0007.DBF
R69G,10R69G,0,00,00,33,42,676.42,1000,0.00,669.34,0.000000,1.110000,1000.00,cifi0007.DBF
R69G,10R69G,0,00,00,33,43,690.51,1000,0.00,683.46,0.000000,1.110000,1000.00,cifi0007.DBF
R69G,10R69G,0,00,00,33,44,704.51,1000,0.00,697.51,0.000000,1.110000,1000.00,cifi0007.DBF
R69G,10R69G,0,00,00,33,45,718.35,1000,0.00,711.43,0.000000,1.110000,1000.00,cifi0007.DBF
R69G,10R69G,0,00,00,33,46,731.92,1000,0.00,725.13,0.000000,1.110000,1000.00,cifi0007.DBF
R69G,10R69G,0,00,00,33,47,745.12,1000,0.00,738.52,0.000000,1.110000,1000.00,cifi0007.DBF
R69G,10R69G,0,00,00,33,48,757.95,1000,0.00,751.54,0.000000,1.110000,1000.00,cifi0007.DBF
R69G,10R69G,0,00,00,33,49,770.31,1000,0.00,764.13,0.000000,1.110000,1000.00,cifi0007.DBF
R69G,10R69G,0,00,00,33,50,782.28,1000,0.00,776.30,0.000000,1.110000,1000.00,cifi0007.DBF
R69G,10R69G,0,00,00,33,51,793.89,1000,0.00,788.08,0.000000,1.110000,1000.00,cifi0007.DBF
R69G,10R69G,0,00,00,33,52,805.09,1000,0.00,799.49,0.000000,1.110000,1000.00,cifi0007.DBF
R69G,10R69G,0,00,00,33,53,815.83,1000,0.00,810.46,0.000000,1.110000,1000.00,cifi0007.DBF
R69G,10R69G,0,00,00,33,54,826.04,1000,0.00,820.93,0.000000,1.110000,1000.00,cifi0007.DBF
R69G,10R69G,0,00,00,33,55,835.69,1000,0.00,830.86,0.000000,1.110000,1000.00,cifi0007.DBF
R69G,10R69G,0,00,00,33,56,844.79,1000,0.00,840.24,0.000000,1.110000,1000.00,cifi0007.DBF
R69G,10R69G,0,00,00,33,57,853.38,1000,0.00,849.08,0.000000,1.110000,1000.00,cifi0007.DBF
R69G,10R69G,0,00,00,33,58,861.53,1000,0.00,857.45,0.000000,1.110000,1000.00,cifi0007.DBF
R69G,10R69G,0,00,00,33,59,869.59,1000,0.00,865.56,0.000000,1.110000,1000.00,cifi0007.DBF
R69G,10R69G,0,00,00,33,60,877.74,1000,0.00,873.66,0.000000,1.110000,1000.00,cifi0007.DBF
R69G,10R69G,0,00,00,33,61,886.22,1000,0.00,881.98,0.000000,1.110000,1000.00,cifi0007.DBF
R69G,10R69G,0,00,00,33,62,895.40,1000,0.00,890.81,0.000000,1.110000,1000.00,cifi0007.DBF
R69G,10R69G,0,00,00,33,63,905.88,1000,0.00,900.64,0.000000,1.110000,1000.00,cifi0007.DBF
R69G,10R69G,0,00,00,33,64,918.97,1000,0.00,912.42,0.000000,1.110000,1000.00,cifi0007.DBF
R69G,10R69G,0,00,00,33,65,936.46,1000,0.00,927.71,0.000000,1.110000,1000.00,cifi0007.DBF
R69G,10R69G,0,00,00,33,66,961.54,1000,0.00,949.00,0.000000,1.110000,1000.00,cifi0007.DBF
R69G,10R69G,0,00,00,34,1,0.00,0,0.00,0.57,1.130000,1.130000,1000.00,cifi0007.DBF
R69G,10R69G,0,00,00,34,2,0.00,0,0.00,11.49,11.850000,1.130000,1000.00,cifi0007.DBF
R69G,10R69G,0,00,00,34,3,10.03,46,0.00,22.82,11.850000,1.130000,1000.00,cifi0007.DBF
R69G,10R69G,0,00,00,34,4,22.23,97,0.00,34.54,11.850000,1.130000,1000.00,cifi0007.DBF
R69G,10R69G,0,00,00,34,5,34.84,147,0.00,46.68,11.850000,1.130000,1000.00,cifi0007.DBF
R69G,10R69G,0,00,00,34,6,47.87,195,0.00,59.23,11.850000,1.130000,1000.00,cifi0007.DBF
R69G,10R69G,0,00,00,34,7,61.35,242,0.00,72.20,11.850000,1.130000,1000.00,cifi0007.DBF
R69G,10R69G,0,00,00,34,8,75.25,286,0.00,85.59,11.850000,1.130000,1000.00,cifi0007.DBF
R69G,10R69G,0,00,00,34,9,89.59,329,0.00,99.40,11.850000,1.130000,1000.00,cifi0007.DBF
R69G,10R69G,0,00,00,34,10,104.35,371,0.00,113.63,11.850000,1.130000,1000.00,cifi0007.DBF
R69G,10R69G,0,00,00,34,11,119.53,411,0.00,128.28,11.850000,1.130000,1000.00,cifi0007.DBF
R69G,10R69G,0,00,00,34,12,135.13,449,0.00,143.33,11.850000,1.130000,1000.00,cifi0007.DBF
R69G,10R69G,0,00,00,34,13,151.18,486,0.00,158.80,11.850000,1.130000,1000.00,cifi0007.DBF
R69G,10R69G,0,00,00,34,14,167.70,522,0.00,174.72,11.850000,1.130000,1000.00,cifi0007.DBF
R69G,10R69G,0,00,00,34,15,184.80,557,0.00,191.15,11.850000,1.130000,1000.00,cifi0007.DBF
R69G,10R69G,0,00,00,34,16,202.49,591,0.00,208.15,11.850000,1.130000,1000.00,cifi0007.DBF
R69G,10R69G,0,00,00,34,17,220.77,624,0.00,225.72,11.850000,1.130000,1000.00,cifi0007.DBF
R69G,10R69G,0,00,00,34,18,239.62,655,0.00,243.86,11.850000,1.130000,1000.00,cifi0007.DBF
R69G,10R69G,0,00,00,34,19,259.00,686,0.00,262.54,11.850000,1.130000,1000.00,cifi0007.DBF
R69G,10R69G,0,00,00,34,20,278.91,716,0.00,281.73,11.850000,1.130000,1000.00,cifi0007.DBF
R69G,10R69G,0,00,00,34,21,299.32,745,0.00,301.41,11.850000,1.130000,1000.00,cifi0007.DBF
R69G,10R69G,0,00,00,34,22,320.21,773,0.00,321.57,11.850000,1.130000,1000.00,cifi0007.DBF
R69G,10R69G,0,00,00,34,23,341.59,800,0.00,342.19,11.850000,1.130000,1000.00,cifi0007.DBF
R69G,10R69G,0,00,00,34,24,363.50,827,0.00,363.31,11.850000,1.130000,1000.00,cifi0007.DBF
R69G,10R69G,0,00,00,34,25,386.07,853,0.00,384.99,11.850000,1.130000,1000.00,cifi0007.DBF
R69G,10R69G,0,00,00,34,26,409.31,878,0.00,407.32,11.850000,1.130000,1000.00,cifi0007.DBF
R69G,10R69G,0,00,00,34,27,433.20,903,0.00,430.28,11.850000,1.130000,1000.00,cifi0007.DBF
R69G,10R69G,0,00,00,34,28,457.71,928,0.00,453.85,11.850000,1.130000,1000.00,cifi0007.DBF
R69G,10R69G,0,00,00,34,29,482.79,952,0.00,477.98,11.850000,1.130000,1000.00,cifi0007.DBF
R69G,10R69G,0,00,00,34,30,508.47,976,0.00,502.66,11.850000,1.130000,1000.00,cifi0007.DBF
R69G,10R69G,0,00,00,34,31,534.82,1000,0.00,527.95,11.850000,1.130000,1000.00,cifi0007.DBF
R69G,10R69G,0,00,00,34,32,548.61,1000,0.00,541.72,0.000000,1.130000,1000.00,cifi0007.DBF
R69G,10R69G,0,00,00,34,33,562.47,1000,0.00,555.54,0.000000,1.130000,1000.00,cifi0007.DBF
R69G,10R69G,0,00,00,34,34,576.46,1000,0.00,569.47,0.000000,1.130000,1000.00,cifi0007.DBF
R69G,10R69G,0,00,00,34,35,590.58,1000,0.00,583.52,0.000000,1.130000,1000.00,cifi0007.DBF
R69G,10R69G,0,00,00,34,36,604.86,1000,0.00,597.72,0.000000,1.130000,1000.00,cifi0007.DBF
R69G,10R69G,0,00,00,34,37,619.24,1000,0.00,612.05,0.000000,1.130000,1000.00,cifi0007.DBF
R69G,10R69G,0,00,00,34,38,633.70,1000,0.00,626.47,0.000000,1.130000,1000.00,cifi0007.DBF
R69G,10R69G,0,00,00,34,39,648.02,1000,0.00,640.86,0.000000,1.130000,1000.00,cifi0007.DBF
R69G,10R69G,0,00,00,34,40,662.25,1000,0.00,655.14,0.000000,1.130000,1000.00,cifi0007.DBF
R69G,10R69G,0,00,00,34,41,676.42,1000,0.00,669.34,0.000000,1.130000,1000.00,cifi0007.DBF
R69G,10R69G,0,00,00,34,42,690.51,1000,0.00,683.46,0.000000,1.130000,1000.00,cifi0007.DBF
R69G,10R69G,0,00,00,34,43,704.51,1000,0.00,697.51,0.000000,1.130000,1000.00,cifi0007.DBF
R69G,10R69G,0,00,00,34,44,718.35,1000,0.00,711.43,0.000000,1.130000,1000.00,cifi0007.DBF
R69G,10R69G,0,00,00,34,45,731.92,1000,0.00,725.13,0.000000,1.130000,1000.00,cifi0007.DBF
R69G,10R69G,0,00,00,34,46,745.12,1000,0.00,738.52,0.000000,1.130000,1000.00,cifi0007.DBF
R69G,10R69G,0,00,00,34,47,757.95,1000,0.00,751.54,0.000000,1.130000,1000.00,cifi0007.DBF
R69G,10R69G,0,00,00,34,48,770.31,1000,0.00,764.13,0.000000,1.130000,1000.00,cifi0007.DBF
R69G,10R69G,0,00,00,34,49,782.28,1000,0.00,776.30,0.000000,1.130000,1000.00,cifi0007.DBF
R69G,10R69G,0,00,00,34,50,793.89,1000,0.00,788.08,0.000000,1.130000,1000.00,cifi0007.DBF
R69G,10R69G,0,00,00,34,51,805.09,1000,0.00,799.49,0.000000,1.130000,1000.00,cifi0007.DBF
R69G,10R69G,0,00,00,34,52,815.83,1000,0.00,810.46,0.000000,1.130000,1000.00,cifi0007.DBF
R69G,10R69G,0,00,00,34,53,826.04,1000,0.00,820.93,0.000000,1.130000,1000.00,cifi0007.DBF
R69G,10R69G,0,00,00,34,54,835.69,1000,0.00,830.86,0.000000,1.130000,1000.00,cifi0007.DBF
R69G,10R69G,0,00,00,34,55,844.79,1000,0.00,840.24,0.000000,1.130000,1000.00,cifi0007.DBF
R69G,10R69G,0,00,00,34,56,853.38,1000,0.00,849.08,0.000000,1.130000,1000.00,cifi0007.DBF
R69G,10R69G,0,00,00,34,57,861.53,1000,0.00,857.45,0.000000,1.130000,1000.00,cifi0007.DBF
R69G,10R69G,0,00,00,34,58,869.59,1000,0.00,865.56,0.000000,1.130000,1000.00,cifi0007.DBF
R69G,10R69G,0,00,00,34,59,877.74,1000,0.00,873.66,0.000000,1.130000,1000.00,cifi0007.DBF
R69G,10R69G,0,00,00,34,60,886.22,1000,0.00,881.98,0.000000,1.130000,1000.00,cifi0007.DBF
R69G,10R69G,0,00,00,34,61,895.40,1000,0.00,890.81,0.000000,1.130000,1000.00,cifi0007.DBF
R69G,10R69G,0,00,00,34,62,905.88,1000,0.00,900.64,0.000000,1.130000,1000.00,cifi0007.DBF
R69G,10R69G,0,00,00,34,63,918.97,1000,0.00,912.42,0.000000,1.130000,1000.00,cifi0007.DBF
R69G,10R69G,0,00,00,34,64,936.46,1000,0.00,927.71,0.000000,1.130000,1000.00,cifi0007.DBF
R69G,10R69G,0,00,00,34,65,961.54,1000,0.00,949.00,0.000000,1.130000,1000.00,cifi0007.DBF
R69G,10R69G,0,00,00,35,1,0.00,0,0.00,0.58,1.160000,1.160000,1000.00,cifi0007.DBF
R69G,10R69G,0,00,00,35,2,0.00,0,0.00,12.12,12.500000,1.160000,1000.00,cifi0007.DBF
R69G,10R69G,0,00,00,35,3,11.20,49,0.00,24.07,12.500000,1.160000,1000.00,cifi0007.DBF
R69G,10R69G,0,00,00,35,4,24.05,102,0.00,36.44,12.500000,1.160000,1000.00,cifi0007.DBF
R69G,10R69G,0,00,00,35,5,37.33,152,0.00,49.22,12.500000,1.160000,1000.00,cifi0007.DBF
R69G,10R69G,0,00,00,35,6,51.07,201,0.00,62.44,12.500000,1.160000,1000.00,cifi0007.DBF
R69G,10R69G,0,00,00,35,7,65.24,248,0.00,76.09,12.500000,1.160000,1000.00,cifi0007.DBF
R69G,10R69G,0,00,00,35,8,79.85,294,0.00,90.17,12.500000,1.160000,1000.00,cifi0007.DBF
R69G,10R69G,0,00,00,35,9,94.91,337,0.00,104.67,12.500000,1.160000,1000.00,cifi0007.DBF
R69G,10R69G,0,00,00,35,10,110.38,380,0.00,119.60,12.500000,1.160000,1000.00,cifi0007.DBF
R69G,10R69G,0,00,00,35,11,126.29,420,0.00,134.94,12.500000,1.160000,1000.00,cifi0007.DBF
R69G,10R69G,0,00,00,35,12,142.66,459,0.00,150.72,12.500000,1.160000,1000.00,cifi0007.DBF
R69G,10R69G,0,00,00,35,13,159.51,497,0.00,166.95,12.500000,1.160000,1000.00,cifi0007.DBF
R69G,10R69G,0,00,00,35,14,176.96,534,0.00,183.71,12.500000,1.160000,1000.00,cifi0007.DBF
R69G,10R69G,0,00,00,35,15,195.01,569,0.00,201.05,12.500000,1.160000,1000.00,cifi0007.DBF
R69G,10R69G,0,00,00,35,16,213.66,604,0.00,218.98,12.500000,1.160000,1000.00,cifi0007.DBF
R69G,10R69G,0,00,00,35,17,232.89,637,0.00,237.49,12.500000,1.160000,1000.00,cifi0007.DBF
R69G,10R69G,0,00,00,35,18,252.67,669,0.00,256.54,12.500000,1.160000,1000.00,cifi0007.DBF
R69G,10R69G,0,00,00,35,19,273.00,701,0.00,276.13,12.500000,1.160000,1000.00,cifi0007.DBF
R69G,10R69G,0,00,00,35,20,293.85,731,0.00,296.23,12.500000,1.160000,1000.00,cifi0007.DBF
R69G,10R69G,0,00,00,35,21,315.18,761,0.00,316.81,12.500000,1.160000,1000.00,cifi0007.DBF
R69G,10R69G,0,00,00,35,22,337.03,789,0.00,337.88,12.500000,1.160000,1000.00,cifi0007.DBF
R69G,10R69G,0,00,00,35,23,359.42,817,0.00,359.45,12.500000,1.160000,1000.00,cifi0007.DBF
R69G,10R69G,0,00,00,35,24,382.50,845,0.00,381.62,12.500000,1.160000,1000.00,cifi0007.DBF
R69G,10R69G,0,00,00,35,25,406.27,871,0.00,404.44,12.500000,1.160000,1000.00,cifi0007.DBF
R69G,10R69G,0,00,00,35,26,430.71,898,0.00,427.93,12.500000,1.160000,1000.00,cifi0007.DBF
R69G,10R69G,0,00,00,35,27,455.79,924,0.00,452.04,12.500000,1.160000,1000.00,cifi0007.DBF
R69G,10R69G,0,00,00,35,28,481.48,950,0.00,476.74,12.500000,1.160000,1000.00,cifi0007.DBF
R69G,10R69G,0,00,00,35,29,507.80,975,0.00,502.03,12.500000,1.160000,1000.00,cifi0007.DBF
R69G,10R69G,0,00,00,35,30,534.82,1000,0.00,527.95,12.500000,1.160000,1000.00,cifi0007.DBF
R69G,10R69G,0,00,00,35,31,548.61,1000,0.00,541.72,0.000000,1.160000,1000.00,cifi0007.DBF
R69G,10R69G,0,00,00,35,32,562.47,1000,0.00,555.54,0.000000,1.160000,1000.00,cifi0007.DBF
R69G,10R69G,0,00,00,35,33,576.46,1000,0.00,569.47,0.000000,1.160000,1000.00,cifi0007.DBF
R69G,10R69G,0,00,00,35,34,590.58,1000,0.00,583.52,0.000000,1.160000,1000.00,cifi0007.DBF
R69G,10R69G,0,00,00,35,35,604.86,1000,0.00,597.72,0.000000,1.160000,1000.00,cifi0007.DBF
R69G,10R69G,0,00,00,35,36,619.24,1000,0.00,612.05,0.000000,1.160000,1000.00,cifi0007.DBF
R69G,10R69G,0,00,00,35,37,633.70,1000,0.00,626.47,0.000000,1.160000,1000.00,cifi0007.DBF
R69G,10R69G,0,00,00,35,38,648.02,1000,0.00,640.86,0.000000,1.160000,1000.00,cifi0007.DBF
R69G,10R69G,0,00,00,35,39,662.25,1000,0.00,655.14,0.000000,1.160000,1000.00,cifi0007.DBF
R69G,10R69G,0,00,00,35,40,676.42,1000,0.00,669.34,0.000000,1.160000,1000.00,cifi0007.DBF
R69G,10R69G,0,00,00,35,41,690.51,1000,0.00,683.46,0.000000,1.160000,1000.00,cifi0007.DBF
R69G,10R69G,0,00,00,35,42,704.51,1000,0.00,697.51,0.000000,1.160000,1000.00,cifi0007.DBF
R69G,10R69G,0,00,00,35,43,718.35,1000,0.00,711.43,0.000000,1.160000,1000.00,cifi0007.DBF
R69G,10R69G,0,00,00,35,44,731.92,1000,0.00,725.13,0.000000,1.160000,1000.00,cifi0007.DBF
R69G,10R69G,0,00,00,35,45,745.12,1000,0.00,738.52,0.000000,1.160000,1000.00,cifi0007.DBF
R69G,10R69G,0,00,00,35,46,757.95,1000,0.00,751.54,0.000000,1.160000,1000.00,cifi0007.DBF
R69G,10R69G,0,00,00,35,47,770.31,1000,0.00,764.13,0.000000,1.160000,1000.00,cifi0007.DBF
R69G,10R69G,0,00,00,35,48,782.28,1000,0.00,776.30,0.000000,1.160000,1000.00,cifi0007.DBF
R69G,10R69G,0,00,00,35,49,793.89,1000,0.00,788.08,0.000000,1.160000,1000.00,cifi0007.DBF
R69G,10R69G,0,00,00,35,50,805.09,1000,0.00,799.49,0.000000,1.160000,1000.00,cifi0007.DBF
R69G,10R69G,0,00,00,35,51,815.83,1000,0.00,810.46,0.000000,1.160000,1000.00,cifi0007.DBF
R69G,10R69G,0,00,00,35,52,826.04,1000,0.00,820.93,0.000000,1.160000,1000.00,cifi0007.DBF
R69G,10R69G,0,00,00,35,53,835.69,1000,0.00,830.86,0.000000,1.160000,1000.00,cifi0007.DBF
R69G,10R69G,0,00,00,35,54,844.79,1000,0.00,840.24,0.000000,1.160000,1000.00,cifi0007.DBF
R69G,10R69G,0,00,00,35,55,853.38,1000,0.00,849.08,0.000000,1.160000,1000.00,cifi0007.DBF
R69G,10R69G,0,00,00,35,56,861.53,1000,0.00,857.45,0.000000,1.160000,1000.00,cifi0007.DBF
R69G,10R69G,0,00,00,35,57,869.59,1000,0.00,865.56,0.000000,1.160000,1000.00,cifi0007.DBF
R69G,10R69G,0,00,00,35,58,877.74,1000,0.00,873.66,0.000000,1.160000,1000.00,cifi0007.DBF
R69G,10R69G,0,00,00,35,59,886.22,1000,0.00,881.98,0.000000,1.160000,1000.00,cifi0007.DBF
R69G,10R69G,0,00,00,35,60,895.40,1000,0.00,890.81,0.000000,1.160000,1000.00,cifi0007.DBF
R69G,10R69G,0,00,00,35,61,905.88,1000,0.00,900.64,0.000000,1.160000,1000.00,cifi0007.DBF
R69G,10R69G,0,00,00,35,62,918.97,1000,0.00,912.42,0.000000,1.160000,1000.00,cifi0007.DBF
R69G,10R69G,0,00,00,35,63,936.46,1000,0.00,927.71,0.000000,1.160000,1000.00,cifi0007.DBF
R69G,10R69G,0,00,00,35,64,961.54,1000,0.00,949.00,0.000000,1.160000,1000.00,cifi0007.DBF
R69G,10R69G,0,00,00,36,1,0.00,0,0.00,0.62,1.230000,1.230000,1000.00,cifi0007.DBF
R69G,10R69G,0,00,00,36,2,0.00,0,0.00,12.80,13.200000,1.230000,1000.00,cifi0007.DBF
R69G,10R69G,0,00,00,36,3,12.40,53,0.00,25.42,13.200000,1.230000,1000.00,cifi0007.DBF
R69G,10R69G,0,00,00,36,4,25.96,106,0.00,38.46,13.200000,1.230000,1000.00,cifi0007.DBF
R69G,10R69G,0,00,00,36,5,39.97,158,0.00,51.94,13.200000,1.230000,1000.00,cifi0007.DBF
R69G,10R69G,0,00,00,36,6,54.44,207,0.00,65.86,13.200000,1.230000,1000.00,cifi0007.DBF
R69G,10R69G,0,00,00,36,7,69.35,255,0.00,80.23,13.200000,1.230000,1000.00,cifi0007.DBF
R69G,10R69G,0,00,00,36,8,84.71,301,0.00,95.03,13.200000,1.230000,1000.00,cifi0007.DBF
R69G,10R69G,0,00,00,36,9,100.51,346,0.00,110.26,13.200000,1.230000,1000.00,cifi0007.DBF
R69G,10R69G,0,00,00,36,10,116.75,388,0.00,125.92,13.200000,1.230000,1000.00,cifi0007.DBF
R69G,10R69G,0,00,00,36,11,133.47,430,0.00,142.03,13.200000,1.230000,1000.00,cifi0007.DBF
R69G,10R69G,0,00,00,36,12,150.68,469,0.00,158.60,13.200000,1.230000,1000.00,cifi0007.DBF
R69G,10R69G,0,00,00,36,13,168.49,508,0.00,175.71,13.200000,1.230000,1000.00,cifi0007.DBF
R69G,10R69G,0,00,00,36,14,186.93,546,0.00,193.42,13.200000,1.230000,1000.00,cifi0007.DBF
R69G,10R69G,0,00,00,36,15,205.98,582,0.00,211.73,13.200000,1.230000,1000.00,cifi0007.DBF
R69G,10R69G,0,00,00,36,16,225.64,617,0.00,230.63,13.200000,1.230000,1000.00,cifi0007.DBF
R69G,10R69G,0,00,00,36,17,245.85,651,0.00,250.10,13.200000,1.230000,1000.00,cifi0007.DBF
R69G,10R69G,0,00,00,36,18,266.63,685,0.00,270.11,13.200000,1.230000,1000.00,cifi0007.DBF
R69G,10R69G,0,00,00,36,19,287.94,717,0.00,290.65,13.200000,1.230000,1000.00,cifi0007.DBF
R69G,10R69G,0,00,00,36,20,309.75,748,0.00,311.69,13.200000,1.230000,1000.00,cifi0007.DBF
R69G,10R69G,0,00,00,36,21,332.11,778,0.00,333.23,13.200000,1.230000,1000.00,cifi0007.DBF
R69G,10R69G,0,00,00,36,22,355.02,807,0.00,355.30,13.200000,1.230000,1000.00,cifi0007.DBF
R69G,10R69G,0,00,00,36,23,378.65,836,0.00,377.98,13.200000,1.230000,1000.00,cifi0007.DBF
R69G,10R69G,0,00,00,36,24,402.98,864,0.00,401.35,13.200000,1.230000,1000.00,cifi0007.DBF
R69G,10R69G,0,00,00,36,25,428.02,892,0.00,425.39,13.200000,1.230000,1000.00,cifi0007.DBF
R69G,10R69G,0,00,00,36,26,453.73,920,0.00,450.09,13.200000,1.230000,1000.00,cifi0007.DBF
R69G,10R69G,0,00,00,36,27,480.07,947,0.00,475.41,13.200000,1.230000,1000.00,cifi0007.DBF
R69G,10R69G,0,00,00,36,28,507.07,974,0.00,501.35,13.200000,1.230000,1000.00,cifi0007.DBF
R69G,10R69G,0,00,00,36,29,534.82,1000,0.00,527.95,13.200000,1.230000,1000.00,cifi0007.DBF
R69G,10R69G,0,00,00,36,30,548.61,1000,0.00,541.72,0.000000,1.230000,1000.00,cifi0007.DBF
R69G,10R69G,0,00,00,36,31,562.47,1000,0.00,555.54,0.000000,1.230000,1000.00,cifi0007.DBF
R69G,10R69G,0,00,00,36,32,576.46,1000,0.00,569.47,0.000000,1.230000,1000.00,cifi0007.DBF
R69G,10R69G,0,00,00,36,33,590.58,1000,0.00,583.52,0.000000,1.230000,1000.00,cifi0007.DBF
R69G,10R69G,0,00,00,36,34,604.86,1000,0.00,597.72,0.000000,1.230000,1000.00,cifi0007.DBF
R69G,10R69G,0,00,00,36,35,619.24,1000,0.00,612.05,0.000000,1.230000,1000.00,cifi0007.DBF
R69G,10R69G,0,00,00,36,36,633.70,1000,0.00,626.47,0.000000,1.230000,1000.00,cifi0007.DBF
R69G,10R69G,0,00,00,36,37,648.02,1000,0.00,640.86,0.000000,1.230000,1000.00,cifi0007.DBF
R69G,10R69G,0,00,00,36,38,662.25,1000,0.00,655.14,0.000000,1.230000,1000.00,cifi0007.DBF
R69G,10R69G,0,00,00,36,39,676.42,1000,0.00,669.34,0.000000,1.230000,1000.00,cifi0007.DBF
R69G,10R69G,0,00,00,36,40,690.51,1000,0.00,683.46,0.000000,1.230000,1000.00,cifi0007.DBF
R69G,10R69G,0,00,00,36,41,704.51,1000,0.00,697.51,0.000000,1.230000,1000.00,cifi0007.DBF
R69G,10R69G,0,00,00,36,42,718.35,1000,0.00,711.43,0.000000,1.230000,1000.00,cifi0007.DBF
R69G,10R69G,0,00,00,36,43,731.92,1000,0.00,725.13,0.000000,1.230000,1000.00,cifi0007.DBF
R69G,10R69G,0,00,00,36,44,745.12,1000,0.00,738.52,0.000000,1.230000,1000.00,cifi0007.DBF
R69G,10R69G,0,00,00,36,45,757.95,1000,0.00,751.54,0.000000,1.230000,1000.00,cifi0007.DBF
R69G,10R69G,0,00,00,36,46,770.31,1000,0.00,764.13,0.000000,1.230000,1000.00,cifi0007.DBF
R69G,10R69G,0,00,00,36,47,782.28,1000,0.00,776.30,0.000000,1.230000,1000.00,cifi0007.DBF
R69G,10R69G,0,00,00,36,48,793.89,1000,0.00,788.08,0.000000,1.230000,1000.00,cifi0007.DBF
R69G,10R69G,0,00,00,36,49,805.09,1000,0.00,799.49,0.000000,1.230000,1000.00,cifi0007.DBF
R69G,10R69G,0,00,00,36,50,815.83,1000,0.00,810.46,0.000000,1.230000,1000.00,cifi0007.DBF
R69G,10R69G,0,00,00,36,51,826.04,1000,0.00,820.93,0.000000,1.230000,1000.00,cifi0007.DBF
R69G,10R69G,0,00,00,36,52,835.69,1000,0.00,830.86,0.000000,1.230000,1000.00,cifi0007.DBF
R69G,10R69G,0,00,00,36,53,844.79,1000,0.00,840.24,0.000000,1.230000,1000.00,cifi0007.DBF
R69G,10R69G,0,00,00,36,54,853.38,1000,0.00,849.08,0.000000,1.230000,1000.00,cifi0007.DBF
R69G,10R69G,0,00,00,36,55,861.53,1000,0.00,857.45,0.000000,1.230000,1000.00,cifi0007.DBF
R69G,10R69G,0,00,00,36,56,869.59,1000,0.00,865.56,0.000000,1.230000,1000.00,cifi0007.DBF
R69G,10R69G,0,00,00,36,57,877.74,1000,0.00,873.66,0.000000,1.230000,1000.00,cifi0007.DBF
R69G,10R69G,0,00,00,36,58,886.22,1000,0.00,881.98,0.000000,1.230000,1000.00,cifi0007.DBF
R69G,10R69G,0,00,00,36,59,895.40,1000,0.00,890.81,0.000000,1.230000,1000.00,cifi0007.DBF
R69G,10R69G,0,00,00,36,60,905.88,1000,0.00,900.64,0.000000,1.230000,1000.00,cifi0007.DBF
R69G,10R69G,0,00,00,36,61,918.97,1000,0.00,912.42,0.000000,1.230000,1000.00,cifi0007.DBF
R69G,10R69G,0,00,00,36,62,936.46,1000,0.00,927.71,0.000000,1.230000,1000.00,cifi0007.DBF
R69G,10R69G,0,00,00,36,63,961.54,1000,0.00,949.00,0.000000,1.230000,1000.00,cifi0007.DBF
R69G,10R69G,0,00,00,37,1,0.00,0,0.00,0.64,1.290000,1.290000,1000.00,cifi0007.DBF
R69G,10R69G,0,00,00,37,2,0.00,0,0.00,13.53,13.960000,1.290000,1000.00,cifi0007.DBF
R69G,10R69G,0,00,00,37,3,13.69,56,0.00,26.84,13.960000,1.290000,1000.00,cifi0007.DBF
R69G,10R69G,0,00,00,37,4,28.00,111,0.00,40.61,13.960000,1.290000,1000.00,cifi0007.DBF
R69G,10R69G,0,00,00,37,5,42.78,163,0.00,54.83,13.960000,1.290000,1000.00,cifi0007.DBF
R69G,10R69G,0,00,00,37,6,58.02,214,0.00,69.50,13.960000,1.290000,1000.00,cifi0007.DBF
R69G,10R69G,0,00,00,37,7,73.72,262,0.00,84.63,13.960000,1.290000,1000.00,cifi0007.DBF
R69G,10R69G,0,00,00,37,8,89.87,309,0.00,100.19,13.960000,1.290000,1000.00,cifi0007.DBF
R69G,10R69G,0,00,00,37,9,106.47,354,0.00,116.19,13.960000,1.290000,1000.00,cifi0007.DBF
R69G,10R69G,0,00,00,37,10,123.56,398,0.00,132.65,13.960000,1.290000,1000.00,cifi0007.DBF
R69G,10R69G,0,00,00,37,11,141.15,440,0.00,149.59,13.960000,1.290000,1000.00,cifi0007.DBF
R69G,10R69G,0,00,00,37,12,159.37,481,0.00,167.08,13.960000,1.290000,1000.00,cifi0007.DBF
R69G,10R69G,0,00,00,37,13,178.22,520,0.00,185.18,13.960000,1.290000,1000.00,cifi0007.DBF
R69G,10R69G,0,00,00,37,14,197.70,559,0.00,203.90,13.960000,1.290000,1000.00,cifi0007.DBF
R69G,10R69G,0,00,00,37,15,217.81,596,0.00,223.23,13.960000,1.290000,1000.00,cifi0007.DBF
R69G,10R69G,0,00,00,37,16,238.49,632,0.00,243.14,13.960000,1.290000,1000.00,cifi0007.DBF
R69G,10R69G,0,00,00,37,17,259.75,667,0.00,263.61,13.960000,1.290000,1000.00,cifi0007.DBF
R69G,10R69G,0,00,00,37,18,281.56,701,0.00,284.63,13.960000,1.290000,1000.00,cifi0007.DBF
R69G,10R69G,0,00,00,37,19,303.90,734,0.00,306.16,13.960000,1.290000,1000.00,cifi0007.DBF
R69G,10R69G,0,00,00,37,20,326.80,765,0.00,328.22,13.960000,1.290000,1000.00,cifi0007.DBF
R69G,10R69G,0,00,00,37,21,350.28,797,0.00,350.82,13.960000,1.290000,1000.00,cifi0007.DBF
R69G,10R69G,0,00,00,37,22,374.49,827,0.00,374.06,13.960000,1.290000,1000.00,cifi0007.DBF
R69G,10R69G,0,00,00,37,23,399.44,857,0.00,398.01,13.960000,1.290000,1000.00,cifi0007.DBF
R69G,10R69G,0,00,00,37,24,425.12,886,0.00,422.66,13.960000,1.290000,1000.00,cifi0007.DBF
R69G,10R69G,0,00,00,37,25,451.50,915,0.00,448.00,13.960000,1.290000,1000.00,cifi0007.DBF
R69G,10R69G,0,00,00,37,26,478.54,944,0.00,473.98,13.960000,1.290000,1000.00,cifi0007.DBF
R69G,10R69G,0,00,00,37,27,506.29,972,0.00,500.61,13.960000,1.290000,1000.00,cifi0007.DBF
R69G,10R69G,0,00,00,37,28,534.82,1000,0.00,527.95,13.960000,1.290000,1000.00,cifi0007.DBF
R69G,10R69G,0,00,00,37,29,548.61,1000,0.00,541.72,0.000000,1.290000,1000.00,cifi0007.DBF
R69G,10R69G,0,00,00,37,30,562.47,1000,0.00,555.54,0.000000,1.290000,1000.00,cifi0007.DBF
R69G,10R69G,0,00,00,37,31,576.46,1000,0.00,569.47,0.000000,1.290000,1000.00,cifi0007.DBF
R69G,10R69G,0,00,00,37,32,590.58,1000,0.00,583.52,0.000000,1.290000,1000.00,cifi0007.DBF
R69G,10R69G,0,00,00,37,33,604.86,1000,0.00,597.72,0.000000,1.290000,1000.00,cifi0007.DBF
R69G,10R69G,0,00,00,37,34,619.24,1000,0.00,612.05,0.000000,1.290000,1000.00,cifi0007.DBF
R69G,10R69G,0,00,00,37,35,633.70,1000,0.00,626.47,0.000000,1.290000,1000.00,cifi0007.DBF
R69G,10R69G,0,00,00,37,36,648.02,1000,0.00,640.86,0.000000,1.290000,1000.00,cifi0007.DBF
R69G,10R69G,0,00,00,37,37,662.25,1000,0.00,655.14,0.000000,1.290000,1000.00,cifi0007.DBF
R69G,10R69G,0,00,00,37,38,676.42,1000,0.00,669.34,0.000000,1.290000,1000.00,cifi0007.DBF
R69G,10R69G,0,00,00,37,39,690.51,1000,0.00,683.46,0.000000,1.290000,1000.00,cifi0007.DBF
R69G,10R69G,0,00,00,37,40,704.51,1000,0.00,697.51,0.000000,1.290000,1000.00,cifi0007.DBF
R69G,10R69G,0,00,00,37,41,718.35,1000,0.00,711.43,0.000000,1.290000,1000.00,cifi0007.DBF
R69G,10R69G,0,00,00,37,42,731.92,1000,0.00,725.13,0.000000,1.290000,1000.00,cifi0007.DBF
R69G,10R69G,0,00,00,37,43,745.12,1000,0.00,738.52,0.000000,1.290000,1000.00,cifi0007.DBF
R69G,10R69G,0,00,00,37,44,757.95,1000,0.00,751.54,0.000000,1.290000,1000.00,cifi0007.DBF
R69G,10R69G,0,00,00,37,45,770.31,1000,0.00,764.13,0.000000,1.290000,1000.00,cifi0007.DBF
R69G,10R69G,0,00,00,37,46,782.28,1000,0.00,776.30,0.000000,1.290000,1000.00,cifi0007.DBF
R69G,10R69G,0,00,00,37,47,793.89,1000,0.00,788.08,0.000000,1.290000,1000.00,cifi0007.DBF
R69G,10R69G,0,00,00,37,48,805.09,1000,0.00,799.49,0.000000,1.290000,1000.00,cifi0007.DBF
R69G,10R69G,0,00,00,37,49,815.83,1000,0.00,810.46,0.000000,1.290000,1000.00,cifi0007.DBF
R69G,10R69G,0,00,00,37,50,826.04,1000,0.00,820.93,0.000000,1.290000,1000.00,cifi0007.DBF
R69G,10R69G,0,00,00,37,51,835.69,1000,0.00,830.86,0.000000,1.290000,1000.00,cifi0007.DBF
R69G,10R69G,0,00,00,37,52,844.79,1000,0.00,840.24,0.000000,1.290000,1000.00,cifi0007.DBF
R69G,10R69G,0,00,00,37,53,853.38,1000,0.00,849.08,0.000000,1.290000,1000.00,cifi0007.DBF
R69G,10R69G,0,00,00,37,54,861.53,1000,0.00,857.45,0.000000,1.290000,1000.00,cifi0007.DBF
R69G,10R69G,0,00,00,37,55,869.59,1000,0.00,865.56,0.000000,1.290000,1000.00,cifi0007.DBF
R69G,10R69G,0,00,00,37,56,877.74,1000,0.00,873.66,0.000000,1.290000,1000.00,cifi0007.DBF
R69G,10R69G,0,00,00,37,57,886.22,1000,0.00,881.98,0.000000,1.290000,1000.00,cifi0007.DBF
R69G,10R69G,0,00,00,37,58,895.40,1000,0.00,890.81,0.000000,1.290000,1000.00,cifi0007.DBF
R69G,10R69G,0,00,00,37,59,905.88,1000,0.00,900.64,0.000000,1.290000,1000.00,cifi0007.DBF
R69G,10R69G,0,00,00,37,60,918.97,1000,0.00,912.42,0.000000,1.290000,1000.00,cifi0007.DBF
R69G,10R69G,0,00,00,37,61,936.46,1000,0.00,927.71,0.000000,1.290000,1000.00,cifi0007.DBF
R69G,10R69G,0,00,00,37,62,961.54,1000,0.00,949.00,0.000000,1.290000,1000.00,cifi0007.DBF
R69G,10R69G,0,00,00,38,1,0.00,0,0.00,0.69,1.380000,1.380000,1000.00,cifi0007.DBF
R69G,10R69G,0,00,00,38,2,0.41,2,0.00,14.31,14.770000,1.380000,1000.00,cifi0007.DBF
R69G,10R69G,0,00,00,38,3,15.05,60,0.00,28.38,14.770000,1.380000,1000.00,cifi0007.DBF
R69G,10R69G,0,00,00,38,4,30.17,115,0.00,42.93,14.770000,1.380000,1000.00,cifi0007.DBF
R69G,10R69G,0,00,00,38,5,45.76,169,0.00,57.93,14.770000,1.380000,1000.00,cifi0007.DBF
R69G,10R69G,0,00,00,38,6,61.82,220,0.00,73.40,14.770000,1.380000,1000.00,cifi0007.DBF
R69G,10R69G,0,00,00,38,7,78.35,270,0.00,89.32,14.770000,1.380000,1000.00,cifi0007.DBF
R69G,10R69G,0,00,00,38,8,95.33,317,0.00,105.68,14.770000,1.380000,1000.00,cifi0007.DBF
R69G,10R69G,0,00,00,38,9,112.83,363,0.00,122.52,14.770000,1.380000,1000.00,cifi0007.DBF
R69G,10R69G,0,00,00,38,10,130.84,408,0.00,139.86,14.770000,1.380000,1000.00,cifi0007.DBF
R69G,10R69G,0,00,00,38,11,149.49,451,0.00,157.76,14.770000,1.380000,1000.00,cifi0007.DBF
R69G,10R69G,0,00,00,38,12,168.79,493,0.00,176.29,14.770000,1.380000,1000.00,cifi0007.DBF
R69G,10R69G,0,00,00,38,13,188.75,533,0.00,195.45,14.770000,1.380000,1000.00,cifi0007.DBF
R69G,10R69G,0,00,00,38,14,209.34,573,0.00,215.24,14.770000,1.380000,1000.00,cifi0007.DBF
R69G,10R69G,0,00,00,38,15,230.52,611,0.00,235.63,14.770000,1.380000,1000.00,cifi0007.DBF
R69G,10R69G,0,00,00,38,16,252.31,648,0.00,256.60,14.770000,1.380000,1000.00,cifi0007.DBF
R69G,10R69G,0,00,00,38,17,274.67,684,0.00,278.13,14.770000,1.380000,1000.00,cifi0007.DBF
R69G,10R69G,0,00,00,38,18,297.57,718,0.00,300.19,14.770000,1.380000,1000.00,cifi0007.DBF
R69G,10R69G,0,00,00,38,19,321.05,752,0.00,322.81,14.770000,1.380000,1000.00,cifi0007.DBF
R69G,10R69G,0,00,00,38,20,345.14,785,0.00,345.99,14.770000,1.380000,1000.00,cifi0007.DBF
R69G,10R69G,0,00,00,38,21,369.99,817,0.00,369.83,14.770000,1.380000,1000.00,cifi0007.DBF
R69G,10R69G,0,00,00,38,22,395.61,849,0.00,394.40,14.770000,1.380000,1000.00,cifi0007.DBF
R69G,10R69G,0,00,00,38,23,421.99,880,0.00,419.71,14.770000,1.380000,1000.00,cifi0007.DBF
R69G,10R69G,0,00,00,38,24,449.09,910,0.00,445.73,14.770000,1.380000,1000.00,cifi0007.DBF
R69G,10R69G,0,00,00,38,25,476.90,940,0.00,472.43,14.770000,1.380000,1000.00,cifi0007.DBF
R69G,10R69G,0,00,00,38,26,505.44,971,0.00,499.82,14.770000,1.380000,1000.00,cifi0007.DBF
R69G,10R69G,0,00,00,38,27,534.82,1000,0.00,527.95,14.770000,1.380000,1000.00,cifi0007.DBF
R69G,10R69G,0,00,00,38,28,548.61,1000,0.00,541.72,0.000000,1.380000,1000.00,cifi0007.DBF
R69G,10R69G,0,00,00,38,29,562.47,1000,0.00,555.54,0.000000,1.380000,1000.00,cifi0007.DBF
R69G,10R69G,0,00,00,38,30,576.46,1000,0.00,569.47,0.000000,1.380000,1000.00,cifi0007.DBF
R69G,10R69G,0,00,00,38,31,590.58,1000,0.00,583.52,0.000000,1.380000,1000.00,cifi0007.DBF
R69G,10R69G,0,00,00,38,32,604.86,1000,0.00,597.72,0.000000,1.380000,1000.00,cifi0007.DBF
R69G,10R69G,0,00,00,38,33,619.24,1000,0.00,612.05,0.000000,1.380000,1000.00,cifi0007.DBF
R69G,10R69G,0,00,00,38,34,633.70,1000,0.00,626.47,0.000000,1.380000,1000.00,cifi0007.DBF
R69G,10R69G,0,00,00,38,35,648.02,1000,0.00,640.86,0.000000,1.380000,1000.00,cifi0007.DBF
R69G,10R69G,0,00,00,38,36,662.25,1000,0.00,655.14,0.000000,1.380000,1000.00,cifi0007.DBF
R69G,10R69G,0,00,00,38,37,676.42,1000,0.00,669.34,0.000000,1.380000,1000.00,cifi0007.DBF
R69G,10R69G,0,00,00,38,38,690.51,1000,0.00,683.46,0.000000,1.380000,1000.00,cifi0007.DBF
R69G,10R69G,0,00,00,38,39,704.51,1000,0.00,697.51,0.000000,1.380000,1000.00,cifi0007.DBF
R69G,10R69G,0,00,00,38,40,718.35,1000,0.00,711.43,0.000000,1.380000,1000.00,cifi0007.DBF
R69G,10R69G,0,00,00,38,41,731.92,1000,0.00,725.13,0.000000,1.380000,1000.00,cifi0007.DBF
R69G,10R69G,0,00,00,38,42,745.12,1000,0.00,738.52,0.000000,1.380000,1000.00,cifi0007.DBF
R69G,10R69G,0,00,00,38,43,757.95,1000,0.00,751.54,0.000000,1.380000,1000.00,cifi0007.DBF
R69G,10R69G,0,00,00,38,44,770.31,1000,0.00,764.13,0.000000,1.380000,1000.00,cifi0007.DBF
R69G,10R69G,0,00,00,38,45,782.28,1000,0.00,776.30,0.000000,1.380000,1000.00,cifi0007.DBF
R69G,10R69G,0,00,00,38,46,793.89,1000,0.00,788.08,0.000000,1.380000,1000.00,cifi0007.DBF
R69G,10R69G,0,00,00,38,47,805.09,1000,0.00,799.49,0.000000,1.380000,1000.00,cifi0007.DBF
R69G,10R69G,0,00,00,38,48,815.83,1000,0.00,810.46,0.000000,1.380000,1000.00,cifi0007.DBF
R69G,10R69G,0,00,00,38,49,826.04,1000,0.00,820.93,0.000000,1.380000,1000.00,cifi0007.DBF
R69G,10R69G,0,00,00,38,50,835.69,1000,0.00,830.86,0.000000,1.380000,1000.00,cifi0007.DBF
R69G,10R69G,0,00,00,38,51,844.79,1000,0.00,840.24,0.000000,1.380000,1000.00,cifi0007.DBF
R69G,10R69G,0,00,00,38,52,853.38,1000,0.00,849.08,0.000000,1.380000,1000.00,cifi0007.DBF
R69G,10R69G,0,00,00,38,53,861.53,1000,0.00,857.45,0.000000,1.380000,1000.00,cifi0007.DBF
R69G,10R69G,0,00,00,38,54,869.59,1000,0.00,865.56,0.000000,1.380000,1000.00,cifi0007.DBF
R69G,10R69G,0,00,00,38,55,877.74,1000,0.00,873.66,0.000000,1.380000,1000.00,cifi0007.DBF
R69G,10R69G,0,00,00,38,56,886.22,1000,0.00,881.98,0.000000,1.380000,1000.00,cifi0007.DBF
R69G,10R69G,0,00,00,38,57,895.40,1000,0.00,890.81,0.000000,1.380000,1000.00,cifi0007.DBF
R69G,10R69G,0,00,00,38,58,905.88,1000,0.00,900.64,0.000000,1.380000,1000.00,cifi0007.DBF
R69G,10R69G,0,00,00,38,59,918.97,1000,0.00,912.42,0.000000,1.380000,1000.00,cifi0007.DBF
R69G,10R69G,0,00,00,38,60,936.46,1000,0.00,927.71,0.000000,1.380000,1000.00,cifi0007.DBF
R69G,10R69G,0,00,00,38,61,961.54,1000,0.00,949.00,0.000000,1.380000,1000.00,cifi0007.DBF
R69G,10R69G,0,00,00,39,1,0.00,0,0.00,0.74,1.480000,1.480000,1000.00,cifi0007.DBF
R69G,10R69G,0,00,00,39,2,1.04,5,0.00,15.15,15.650000,1.480000,1000.00,cifi0007.DBF
R69G,10R69G,0,00,00,39,3,16.52,63,0.00,30.04,15.650000,1.480000,1000.00,cifi0007.DBF
R69G,10R69G,0,00,00,39,4,32.49,120,0.00,45.41,15.650000,1.480000,1000.00,cifi0007.DBF
R69G,10R69G,0,00,00,39,5,48.95,174,0.00,61.24,15.650000,1.480000,1000.00,cifi0007.DBF
R69G,10R69G,0,00,00,39,6,65.88,227,0.00,77.55,15.650000,1.480000,1000.00,cifi0007.DBF
R69G,10R69G,0,00,00,39,7,83.29,277,0.00,94.32,15.650000,1.480000,1000.00,cifi0007.DBF
R69G,10R69G,0,00,00,39,8,101.21,326,0.00,111.57,15.650000,1.480000,1000.00,cifi0007.DBF
R69G,10R69G,0,00,00,39,9,119.68,373,0.00,129.33,15.650000,1.480000,1000.00,cifi0007.DBF
R69G,10R69G,0,00,00,39,10,138.80,419,0.00,147.68,15.650000,1.480000,1000.00,cifi0007.DBF
R69G,10R69G,0,00,00,39,11,158.59,463,0.00,166.67,15.650000,1.480000,1000.00,cifi0007.DBF
R69G,10R69G,0,00,00,39,12,179.05,506,0.00,186.31,15.650000,1.480000,1000.00,cifi0007.DBF
R69G,10R69G,0,00,00,39,13,200.17,548,0.00,206.60,15.650000,1.480000,1000.00,cifi0007.DBF
R69G,10R69G,0,00,00,39,14,221.90,588,0.00,227.50,15.650000,1.480000,1000.00,cifi0007.DBF
R69G,10R69G,0,00,00,39,15,244.26,627,0.00,249.01,15.650000,1.480000,1000.00,cifi0007.DBF
R69G,10R69G,0,00,00,39,16,267.20,665,0.00,271.09,15.650000,1.480000,1000.00,cifi0007.DBF
R69G,10R69G,0,00,00,39,17,290.72,702,0.00,293.74,15.650000,1.480000,1000.00,cifi0007.DBF
R69G,10R69G,0,00,00,39,18,314.83,737,0.00,316.95,15.650000,1.480000,1000.00,cifi0007.DBF
R69G,10R69G,0,00,00,39,19,339.58,772,0.00,340.76,15.650000,1.480000,1000.00,cifi0007.DBF
R69G,10R69G,0,00,00,39,20,365.12,806,0.00,365.24,15.650000,1.480000,1000.00,cifi0007.DBF
R69G,10R69G,0,00,00,39,21,391.46,840,0.00,390.50,15.650000,1.480000,1000.00,cifi0007.DBF
R69G,10R69G,0,00,00,39,22,418.59,873,0.00,416.52,15.650000,1.480000,1000.00,cifi0007.DBF
R69G,10R69G,0,00,00,39,23,446.48,905,0.00,443.28,15.650000,1.480000,1000.00,cifi0007.DBF
R69G,10R69G,0,00,00,39,24,475.11,937,0.00,470.76,15.650000,1.480000,1000.00,cifi0007.DBF
R69G,10R69G,0,00,00,39,25,504.53,969,0.00,498.96,15.650000,1.480000,1000.00,cifi0007.DBF
R69G,10R69G,0,00,00,39,26,534.82,1000,0.00,527.95,15.650000,1.480000,1000.00,cifi0007.DBF
R69G,10R69G,0,00,00,39,27,548.61,1000,0.00,541.72,0.000000,1.480000,1000.00,cifi0007.DBF
R69G,10R69G,0,00,00,39,28,562.47,1000,0.00,555.54,0.000000,1.480000,1000.00,cifi0007.DBF
R69G,10R69G,0,00,00,39,29,576.46,1000,0.00,569.47,0.000000,1.480000,1000.00,cifi0007.DBF
R69G,10R69G,0,00,00,39,30,590.58,1000,0.00,583.52,0.000000,1.480000,1000.00,cifi0007.DBF
R69G,10R69G,0,00,00,39,31,604.86,1000,0.00,597.72,0.000000,1.480000,1000.00,cifi0007.DBF
R69G,10R69G,0,00,00,39,32,619.24,1000,0.00,612.05,0.000000,1.480000,1000.00,cifi0007.DBF
R69G,10R69G,0,00,00,39,33,633.70,1000,0.00,626.47,0.000000,1.480000,1000.00,cifi0007.DBF
R69G,10R69G,0,00,00,39,34,648.02,1000,0.00,640.86,0.000000,1.480000,1000.00,cifi0007.DBF
R69G,10R69G,0,00,00,39,35,662.25,1000,0.00,655.14,0.000000,1.480000,1000.00,cifi0007.DBF
R69G,10R69G,0,00,00,39,36,676.42,1000,0.00,669.34,0.000000,1.480000,1000.00,cifi0007.DBF
R69G,10R69G,0,00,00,39,37,690.51,1000,0.00,683.46,0.000000,1.480000,1000.00,cifi0007.DBF
R69G,10R69G,0,00,00,39,38,704.51,1000,0.00,697.51,0.000000,1.480000,1000.00,cifi0007.DBF
R69G,10R69G,0,00,00,39,39,718.35,1000,0.00,711.43,0.000000,1.480000,1000.00,cifi0007.DBF
R69G,10R69G,0,00,00,39,40,731.92,1000,0.00,725.13,0.000000,1.480000,1000.00,cifi0007.DBF
R69G,10R69G,0,00,00,39,41,745.12,1000,0.00,738.52,0.000000,1.480000,1000.00,cifi0007.DBF
R69G,10R69G,0,00,00,39,42,757.95,1000,0.00,751.54,0.000000,1.480000,1000.00,cifi0007.DBF
R69G,10R69G,0,00,00,39,43,770.31,1000,0.00,764.13,0.000000,1.480000,1000.00,cifi0007.DBF
R69G,10R69G,0,00,00,39,44,782.28,1000,0.00,776.30,0.000000,1.480000,1000.00,cifi0007.DBF
R69G,10R69G,0,00,00,39,45,793.89,1000,0.00,788.08,0.000000,1.480000,1000.00,cifi0007.DBF
R69G,10R69G,0,00,00,39,46,805.09,1000,0.00,799.49,0.000000,1.480000,1000.00,cifi0007.DBF
R69G,10R69G,0,00,00,39,47,815.83,1000,0.00,810.46,0.000000,1.480000,1000.00,cifi0007.DBF
R69G,10R69G,0,00,00,39,48,826.04,1000,0.00,820.93,0.000000,1.480000,1000.00,cifi0007.DBF
R69G,10R69G,0,00,00,39,49,835.69,1000,0.00,830.86,0.000000,1.480000,1000.00,cifi0007.DBF
R69G,10R69G,0,00,00,39,50,844.79,1000,0.00,840.24,0.000000,1.480000,1000.00,cifi0007.DBF
R69G,10R69G,0,00,00,39,51,853.38,1000,0.00,849.08,0.000000,1.480000,1000.00,cifi0007.DBF
R69G,10R69G,0,00,00,39,52,861.53,1000,0.00,857.45,0.000000,1.480000,1000.00,cifi0007.DBF
R69G,10R69G,0,00,00,39,53,869.59,1000,0.00,865.56,0.000000,1.480000,1000.00,cifi0007.DBF
R69G,10R69G,0,00,00,39,54,877.74,1000,0.00,873.66,0.000000,1.480000,1000.00,cifi0007.DBF
R69G,10R69G,0,00,00,39,55,886.22,1000,0.00,881.98,0.000000,1.480000,1000.00,cifi0007.DBF
R69G,10R69G,0,00,00,39,56,895.40,1000,0.00,890.81,0.000000,1.480000,1000.00,cifi0007.DBF
R69G,10R69G,0,00,00,39,57,905.88,1000,0.00,900.64,0.000000,1.480000,1000.00,cifi0007.DBF
R69G,10R69G,0,00,00,39,58,918.97,1000,0.00,912.42,0.000000,1.480000,1000.00,cifi0007.DBF
R69G,10R69G,0,00,00,39,59,936.46,1000,0.00,927.71,0.000000,1.480000,1000.00,cifi0007.DBF
R69G,10R69G,0,00,00,39,60,961.54,1000,0.00,949.00,0.000000,1.480000,1000.00,cifi0007.DBF
R69G,10R69G,0,00,00,40,1,0.00,0,0.00,0.79,1.590000,1.590000,1000.00,cifi0007.DBF
R69G,10R69G,0,00,00,40,2,1.70,7,0.00,16.06,16.610000,1.590000,1000.00,cifi0007.DBF
R69G,10R69G,0,00,00,40,3,18.08,67,0.00,31.81,16.610000,1.590000,1000.00,cifi0007.DBF
R69G,10R69G,0,00,00,40,4,34.96,125,0.00,48.06,16.610000,1.590000,1000.00,cifi0007.DBF
R69G,10R69G,0,00,00,40,5,52.34,180,0.00,64.78,16.610000,1.590000,1000.00,cifi0007.DBF
R69G,10R69G,0,00,00,40,6,70.20,234,0.00,81.98,16.610000,1.590000,1000.00,cifi0007.DBF
R69G,10R69G,0,00,00,40,7,88.60,285,0.00,99.68,16.610000,1.590000,1000.00,cifi0007.DBF
R69G,10R69G,0,00,00,40,8,107.56,335,0.00,117.91,16.610000,1.590000,1000.00,cifi0007.DBF
R69G,10R69G,0,00,00,40,9,127.19,384,0.00,136.73,16.610000,1.590000,1000.00,cifi0007.DBF
R69G,10R69G,0,00,00,40,10,147.51,431,0.00,156.23,16.610000,1.590000,1000.00,cifi0007.DBF
R69G,10R69G,0,00,00,40,11,168.53,476,0.00,176.39,16.610000,1.590000,1000.00,cifi0007.DBF
R69G,10R69G,0,00,00,40,12,190.22,520,0.00,197.22,16.610000,1.590000,1000.00,cifi0007.DBF
R69G,10R69G,0,00,00,40,13,212.54,563,0.00,218.68,16.610000,1.590000,1000.00,cifi0007.DBF
R69G,10R69G,0,00,00,40,14,235.51,605,0.00,240.77,16.610000,1.590000,1000.00,cifi0007.DBF
R69G,10R69G,0,00,00,40,15,259.10,645,0.00,263.46,16.610000,1.590000,1000.00,cifi0007.DBF
R69G,10R69G,0,00,00,40,16,283.27,684,0.00,286.73,16.610000,1.590000,1000.00,cifi0007.DBF
R69G,10R69G,0,00,00,40,17,308.08,722,0.00,310.60,16.610000,1.590000,1000.00,cifi0007.DBF
R69G,10R69G,0,00,00,40,18,333.55,759,0.00,335.08,16.610000,1.590000,1000.00,cifi0007.DBF
R69G,10R69G,0,00,00,40,19,359.84,795,0.00,360.27,16.610000,1.590000,1000.00,cifi0007.DBF
R69G,10R69G,0,00,00,40,20,386.95,830,0.00,386.26,16.610000,1.590000,1000.00,cifi0007.DBF
R69G,10R69G,0,00,00,40,21,414.90,865,0.00,413.05,16.610000,1.590000,1000.00,cifi0007.DBF
R69G,10R69G,0,00,00,40,22,443.65,899,0.00,440.62,16.610000,1.590000,1000.00,cifi0007.DBF
R69G,10R69G,0,00,00,40,23,473.18,933,0.00,468.94,16.610000,1.590000,1000.00,cifi0007.DBF
R69G,10R69G,0,00,00,40,24,503.54,967,0.00,498.03,16.610000,1.590000,1000.00,cifi0007.DBF
R69G,10R69G,0,00,00,40,25,534.82,1000,0.00,527.95,16.610000,1.590000,1000.00,cifi0007.DBF
R69G,10R69G,0,00,00,40,26,548.61,1000,0.00,541.72,0.000000,1.590000,1000.00,cifi0007.DBF
R69G,10R69G,0,00,00,40,27,562.47,1000,0.00,555.54,0.000000,1.590000,1000.00,cifi0007.DBF
R69G,10R69G,0,00,00,40,28,576.46,1000,0.00,569.47,0.000000,1.590000,1000.00,cifi0007.DBF
R69G,10R69G,0,00,00,40,29,590.58,1000,0.00,583.52,0.000000,1.590000,1000.00,cifi0007.DBF
R69G,10R69G,0,00,00,40,30,604.86,1000,0.00,597.72,0.000000,1.590000,1000.00,cifi0007.DBF
R69G,10R69G,0,00,00,40,31,619.24,1000,0.00,612.05,0.000000,1.590000,1000.00,cifi0007.DBF
R69G,10R69G,0,00,00,40,32,633.70,1000,0.00,626.47,0.000000,1.590000,1000.00,cifi0007.DBF
R69G,10R69G,0,00,00,40,33,648.02,1000,0.00,640.86,0.000000,1.590000,1000.00,cifi0007.DBF
R69G,10R69G,0,00,00,40,34,662.25,1000,0.00,655.14,0.000000,1.590000,1000.00,cifi0007.DBF
R69G,10R69G,0,00,00,40,35,676.42,1000,0.00,669.34,0.000000,1.590000,1000.00,cifi0007.DBF
R69G,10R69G,0,00,00,40,36,690.51,1000,0.00,683.46,0.000000,1.590000,1000.00,cifi0007.DBF
R69G,10R69G,0,00,00,40,37,704.51,1000,0.00,697.51,0.000000,1.590000,1000.00,cifi0007.DBF
R69G,10R69G,0,00,00,40,38,718.35,1000,0.00,711.43,0.000000,1.590000,1000.00,cifi0007.DBF
R69G,10R69G,0,00,00,40,39,731.92,1000,0.00,725.13,0.000000,1.590000,1000.00,cifi0007.DBF
R69G,10R69G,0,00,00,40,40,745.12,1000,0.00,738.52,0.000000,1.590000,1000.00,cifi0007.DBF
R69G,10R69G,0,00,00,40,41,757.95,1000,0.00,751.54,0.000000,1.590000,1000.00,cifi0007.DBF
R69G,10R69G,0,00,00,40,42,770.31,1000,0.00,764.13,0.000000,1.590000,1000.00,cifi0007.DBF
R69G,10R69G,0,00,00,40,43,782.28,1000,0.00,776.30,0.000000,1.590000,1000.00,cifi0007.DBF
R69G,10R69G,0,00,00,40,44,793.89,1000,0.00,788.08,0.000000,1.590000,1000.00,cifi0007.DBF
R69G,10R69G,0,00,00,40,45,805.09,1000,0.00,799.49,0.000000,1.590000,1000.00,cifi0007.DBF
R69G,10R69G,0,00,00,40,46,815.83,1000,0.00,810.46,0.000000,1.590000,1000.00,cifi0007.DBF
R69G,10R69G,0,00,00,40,47,826.04,1000,0.00,820.93,0.000000,1.590000,1000.00,cifi0007.DBF
R69G,10R69G,0,00,00,40,48,835.69,1000,0.00,830.86,0.000000,1.590000,1000.00,cifi0007.DBF
R69G,10R69G,0,00,00,40,49,844.79,1000,0.00,840.24,0.000000,1.590000,1000.00,cifi0007.DBF
R69G,10R69G,0,00,00,40,50,853.38,1000,0.00,849.08,0.000000,1.590000,1000.00,cifi0007.DBF
R69G,10R69G,0,00,00,40,51,861.53,1000,0.00,857.45,0.000000,1.590000,1000.00,cifi0007.DBF
R69G,10R69G,0,00,00,40,52,869.59,1000,0.00,865.56,0.000000,1.590000,1000.00,cifi0007.DBF
R69G,10R69G,0,00,00,40,53,877.74,1000,0.00,873.66,0.000000,1.590000,1000.00,cifi0007.DBF
R69G,10R69G,0,00,00,40,54,886.22,1000,0.00,881.98,0.000000,1.590000,1000.00,cifi0007.DBF
R69G,10R69G,0,00,00,40,55,895.40,1000,0.00,890.81,0.000000,1.590000,1000.00,cifi0007.DBF
R69G,10R69G,0,00,00,40,56,905.88,1000,0.00,900.64,0.000000,1.590000,1000.00,cifi0007.DBF
R69G,10R69G,0,00,00,40,57,918.97,1000,0.00,912.42,0.000000,1.590000,1000.00,cifi0007.DBF
R69G,10R69G,0,00,00,40,58,936.46,1000,0.00,927.71,0.000000,1.590000,1000.00,cifi0007.DBF
R69G,10R69G,0,00,00,40,59,961.54,1000,0.00,949.00,0.000000,1.590000,1000.00,cifi0007.DBF
R69G,10R69G,0,00,00,41,1,0.00,0,0.00,0.86,1.720000,1.720000,1000.00,cifi0007.DBF
R69G,10R69G,0,00,00,41,2,2.38,9,0.00,17.04,17.650000,1.720000,1000.00,cifi0007.DBF
R69G,10R69G,0,00,00,41,3,19.74,71,0.00,33.72,17.650000,1.720000,1000.00,cifi0007.DBF
R69G,10R69G,0,00,00,41,4,37.59,130,0.00,50.90,17.650000,1.720000,1000.00,cifi0007.DBF
R69G,10R69G,0,00,00,41,5,55.95,186,0.00,68.57,17.650000,1.720000,1000.00,cifi0007.DBF
R69G,10R69G,0,00,00,41,6,74.87,241,0.00,86.76,17.650000,1.720000,1000.00,cifi0007.DBF
R69G,10R69G,0,00,00,41,7,94.36,294,0.00,105.49,17.650000,1.720000,1000.00,cifi0007.DBF
R69G,10R69G,0,00,00,41,8,114.55,346,0.00,124.84,17.650000,1.720000,1000.00,cifi0007.DBF
R69G,10R69G,0,00,00,41,9,135.45,395,0.00,144.88,17.650000,1.720000,1000.00,cifi0007.DBF
R69G,10R69G,0,00,00,41,10,157.06,444,0.00,165.61,17.650000,1.720000,1000.00,cifi0007.DBF
R69G,10R69G,0,00,00,41,11,179.37,491,0.00,187.02,17.650000,1.720000,1000.00,cifi0007.DBF
R69G,10R69G,0,00,00,41,12,202.35,536,0.00,209.10,17.650000,1.720000,1000.00,cifi0007.DBF
R69G,10R69G,0,00,00,41,13,225.99,580,0.00,231.81,17.650000,1.720000,1000.00,cifi0007.DBF
R69G,10R69G,0,00,00,41,14,250.27,623,0.00,255.16,17.650000,1.720000,1000.00,cifi0007.DBF
R69G,10R69G,0,00,00,41,15,275.17,664,0.00,279.12,17.650000,1.720000,1000.00,cifi0007.DBF
R69G,10R69G,0,00,00,41,16,300.73,704,0.00,303.69,17.650000,1.720000,1000.00,cifi0007.DBF
R69G,10R69G,0,00,00,41,17,326.98,744,0.00,328.91,17.650000,1.720000,1000.00,cifi0007.DBF
R69G,10R69G,0,00,00,41,18,354.08,782,0.00,354.87,17.650000,1.720000,1000.00,cifi0007.DBF
R69G,10R69G,0,00,00,41,19,382.05,820,0.00,381.66,17.650000,1.720000,1000.00,cifi0007.DBF
R69G,10R69G,0,00,00,41,20,410.88,857,0.00,409.28,17.650000,1.720000,1000.00,cifi0007.DBF
R69G,10R69G,0,00,00,41,21,440.56,893,0.00,437.73,17.650000,1.720000,1000.00,cifi0007.DBF
R69G,10R69G,0,00,00,41,22,471.07,929,0.00,466.96,17.650000,1.720000,1000.00,cifi0007.DBF
R69G,10R69G,0,00,00,41,23,502.45,965,0.00,497.01,17.650000,1.720000,1000.00,cifi0007.DBF
R69G,10R69G,0,00,00,41,24,534.82,1000,0.00,527.95,17.650000,1.720000,1000.00,cifi0007.DBF
R69G,10R69G,0,00,00,41,25,548.61,1000,0.00,541.72,0.000000,1.720000,1000.00,cifi0007.DBF
R69G,10R69G,0,00,00,41,26,562.47,1000,0.00,555.54,0.000000,1.720000,1000.00,cifi0007.DBF
R69G,10R69G,0,00,00,41,27,576.46,1000,0.00,569.47,0.000000,1.720000,1000.00,cifi0007.DBF
R69G,10R69G,0,00,00,41,28,590.58,1000,0.00,583.52,0.000000,1.720000,1000.00,cifi0007.DBF
R69G,10R69G,0,00,00,41,29,604.86,1000,0.00,597.72,0.000000,1.720000,1000.00,cifi0007.DBF
R69G,10R69G,0,00,00,41,30,619.24,1000,0.00,612.05,0.000000,1.720000,1000.00,cifi0007.DBF
R69G,10R69G,0,00,00,41,31,633.70,1000,0.00,626.47,0.000000,1.720000,1000.00,cifi0007.DBF
R69G,10R69G,0,00,00,41,32,648.02,1000,0.00,640.86,0.000000,1.720000,1000.00,cifi0007.DBF
R69G,10R69G,0,00,00,41,33,662.25,1000,0.00,655.14,0.000000,1.720000,1000.00,cifi0007.DBF
R69G,10R69G,0,00,00,41,34,676.42,1000,0.00,669.34,0.000000,1.720000,1000.00,cifi0007.DBF
R69G,10R69G,0,00,00,41,35,690.51,1000,0.00,683.46,0.000000,1.720000,1000.00,cifi0007.DBF
R69G,10R69G,0,00,00,41,36,704.51,1000,0.00,697.51,0.000000,1.720000,1000.00,cifi0007.DBF
R69G,10R69G,0,00,00,41,37,718.35,1000,0.00,711.43,0.000000,1.720000,1000.00,cifi0007.DBF
R69G,10R69G,0,00,00,41,38,731.92,1000,0.00,725.13,0.000000,1.720000,1000.00,cifi0007.DBF
R69G,10R69G,0,00,00,41,39,745.12,1000,0.00,738.52,0.000000,1.720000,1000.00,cifi0007.DBF
R69G,10R69G,0,00,00,41,40,757.95,1000,0.00,751.54,0.000000,1.720000,1000.00,cifi0007.DBF
R69G,10R69G,0,00,00,41,41,770.31,1000,0.00,764.13,0.000000,1.720000,1000.00,cifi0007.DBF
R69G,10R69G,0,00,00,41,42,782.28,1000,0.00,776.30,0.000000,1.720000,1000.00,cifi0007.DBF
R69G,10R69G,0,00,00,41,43,793.89,1000,0.00,788.08,0.000000,1.720000,1000.00,cifi0007.DBF
R69G,10R69G,0,00,00,41,44,805.09,1000,0.00,799.49,0.000000,1.720000,1000.00,cifi0007.DBF
R69G,10R69G,0,00,00,41,45,815.83,1000,0.00,810.46,0.000000,1.720000,1000.00,cifi0007.DBF
R69G,10R69G,0,00,00,41,46,826.04,1000,0.00,820.93,0.000000,1.720000,1000.00,cifi0007.DBF
R69G,10R69G,0,00,00,41,47,835.69,1000,0.00,830.86,0.000000,1.720000,1000.00,cifi0007.DBF
R69G,10R69G,0,00,00,41,48,844.79,1000,0.00,840.24,0.000000,1.720000,1000.00,cifi0007.DBF
R69G,10R69G,0,00,00,41,49,853.38,1000,0.00,849.08,0.000000,1.720000,1000.00,cifi0007.DBF
R69G,10R69G,0,00,00,41,50,861.53,1000,0.00,857.45,0.000000,1.720000,1000.00,cifi0007.DBF
R69G,10R69G,0,00,00,41,51,869.59,1000,0.00,865.56,0.000000,1.720000,1000.00,cifi0007.DBF
R69G,10R69G,0,00,00,41,52,877.74,1000,0.00,873.66,0.000000,1.720000,1000.00,cifi0007.DBF
R69G,10R69G,0,00,00,41,53,886.22,1000,0.00,881.98,0.000000,1.720000,1000.00,cifi0007.DBF
R69G,10R69G,0,00,00,41,54,895.40,1000,0.00,890.81,0.000000,1.720000,1000.00,cifi0007.DBF
R69G,10R69G,0,00,00,41,55,905.88,1000,0.00,900.64,0.000000,1.720000,1000.00,cifi0007.DBF
R69G,10R69G,0,00,00,41,56,918.97,1000,0.00,912.42,0.000000,1.720000,1000.00,cifi0007.DBF
R69G,10R69G,0,00,00,41,57,936.46,1000,0.00,927.71,0.000000,1.720000,1000.00,cifi0007.DBF
R69G,10R69G,0,00,00,41,58,961.54,1000,0.00,949.00,0.000000,1.720000,1000.00,cifi0007.DBF
R69G,10R69G,0,00,00,42,1,0.00,0,0.00,0.94,1.880000,1.880000,1000.00,cifi0007.DBF
R69G,10R69G,0,00,00,42,2,3.12,12,0.00,18.10,18.780000,1.880000,1000.00,cifi0007.DBF
R69G,10R69G,0,00,00,42,3,21.49,74,0.00,35.78,18.780000,1.880000,1000.00,cifi0007.DBF
R69G,10R69G,0,00,00,42,4,40.40,135,0.00,53.96,18.780000,1.880000,1000.00,cifi0007.DBF
R69G,10R69G,0,00,00,42,5,59.88,193,0.00,72.68,18.780000,1.880000,1000.00,cifi0007.DBF
R69G,10R69G,0,00,00,42,6,79.96,249,0.00,91.96,18.780000,1.880000,1000.00,cifi0007.DBF
R69G,10R69G,0,00,00,42,7,100.75,304,0.00,111.88,18.780000,1.880000,1000.00,cifi0007.DBF
R69G,10R69G,0,00,00,42,8,122.28,357,0.00,132.51,18.780000,1.880000,1000.00,cifi0007.DBF
R69G,10R69G,0,00,00,42,9,144.55,409,0.00,153.86,18.780000,1.880000,1000.00,cifi0007.DBF
R69G,10R69G,0,00,00,42,10,167.54,458,0.00,175.91,18.780000,1.880000,1000.00,cifi0007.DBF
R69G,10R69G,0,00,00,42,11,191.22,507,0.00,198.65,18.780000,1.880000,1000.00,cifi0007.DBF
R69G,10R69G,0,00,00,42,12,215.59,554,0.00,222.06,18.780000,1.880000,1000.00,cifi0007.DBF
R69G,10R69G,0,00,00,42,13,240.63,599,0.00,246.12,18.780000,1.880000,1000.00,cifi0007.DBF
R69G,10R69G,0,00,00,42,14,266.32,643,0.00,270.82,18.780000,1.880000,1000.00,cifi0007.DBF
R69G,10R69G,0,00,00,42,15,292.70,686,0.00,296.16,18.780000,1.880000,1000.00,cifi0007.DBF
R69G,10R69G,0,00,00,42,16,319.80,727,0.00,322.18,18.780000,1.880000,1000.00,cifi0007.DBF
R69G,10R69G,0,00,00,42,17,347.79,768,0.00,348.98,18.780000,1.880000,1000.00,cifi0007.DBF
R69G,10R69G,0,00,00,42,18,376.69,808,0.00,376.64,18.780000,1.880000,1000.00,cifi0007.DBF
R69G,10R69G,0,00,00,42,19,406.50,847,0.00,405.18,18.780000,1.880000,1000.00,cifi0007.DBF
R69G,10R69G,0,00,00,42,20,437.19,886,0.00,434.57,18.780000,1.880000,1000.00,cifi0007.DBF
R69G,10R69G,0,00,00,42,21,468.77,924,0.00,464.81,18.780000,1.880000,1000.00,cifi0007.DBF
R69G,10R69G,0,00,00,42,22,501.27,962,0.00,495.91,18.780000,1.880000,1000.00,cifi0007.DBF
R69G,10R69G,0,00,00,42,23,534.82,1000,0.00,527.95,18.780000,1.880000,1000.00,cifi0007.DBF
R69G,10R69G,0,00,00,42,24,548.61,1000,0.00,541.72,0.000000,1.880000,1000.00,cifi0007.DBF
R69G,10R69G,0,00,00,42,25,562.47,1000,0.00,555.54,0.000000,1.880000,1000.00,cifi0007.DBF
R69G,10R69G,0,00,00,42,26,576.46,1000,0.00,569.47,0.000000,1.880000,1000.00,cifi0007.DBF
R69G,10R69G,0,00,00,42,27,590.58,1000,0.00,583.52,0.000000,1.880000,1000.00,cifi0007.DBF
R69G,10R69G,0,00,00,42,28,604.86,1000,0.00,597.72,0.000000,1.880000,1000.00,cifi0007.DBF
R69G,10R69G,0,00,00,42,29,619.24,1000,0.00,612.05,0.000000,1.880000,1000.00,cifi0007.DBF
R69G,10R69G,0,00,00,42,30,633.70,1000,0.00,626.47,0.000000,1.880000,1000.00,cifi0007.DBF
R69G,10R69G,0,00,00,42,31,648.02,1000,0.00,640.86,0.000000,1.880000,1000.00,cifi0007.DBF
R69G,10R69G,0,00,00,42,32,662.25,1000,0.00,655.14,0.000000,1.880000,1000.00,cifi0007.DBF
R69G,10R69G,0,00,00,42,33,676.42,1000,0.00,669.34,0.000000,1.880000,1000.00,cifi0007.DBF
R69G,10R69G,0,00,00,42,34,690.51,1000,0.00,683.46,0.000000,1.880000,1000.00,cifi0007.DBF
R69G,10R69G,0,00,00,42,35,704.51,1000,0.00,697.51,0.000000,1.880000,1000.00,cifi0007.DBF
R69G,10R69G,0,00,00,42,36,718.35,1000,0.00,711.43,0.000000,1.880000,1000.00,cifi0007.DBF
R69G,10R69G,0,00,00,42,37,731.92,1000,0.00,725.13,0.000000,1.880000,1000.00,cifi0007.DBF
R69G,10R69G,0,00,00,42,38,745.12,1000,0.00,738.52,0.000000,1.880000,1000.00,cifi0007.DBF
R69G,10R69G,0,00,00,42,39,757.95,1000,0.00,751.54,0.000000,1.880000,1000.00,cifi0007.DBF
R69G,10R69G,0,00,00,42,40,770.31,1000,0.00,764.13,0.000000,1.880000,1000.00,cifi0007.DBF
R69G,10R69G,0,00,00,42,41,782.28,1000,0.00,776.30,0.000000,1.880000,1000.00,cifi0007.DBF
R69G,10R69G,0,00,00,42,42,793.89,1000,0.00,788.08,0.000000,1.880000,1000.00,cifi0007.DBF
R69G,10R69G,0,00,00,42,43,805.09,1000,0.00,799.49,0.000000,1.880000,1000.00,cifi0007.DBF
R69G,10R69G,0,00,00,42,44,815.83,1000,0.00,810.46,0.000000,1.880000,1000.00,cifi0007.DBF
R69G,10R69G,0,00,00,42,45,826.04,1000,0.00,820.93,0.000000,1.880000,1000.00,cifi0007.DBF
R69G,10R69G,0,00,00,42,46,835.69,1000,0.00,830.86,0.000000,1.880000,1000.00,cifi0007.DBF
R69G,10R69G,0,00,00,42,47,844.79,1000,0.00,840.24,0.000000,1.880000,1000.00,cifi0007.DBF
R69G,10R69G,0,00,00,42,48,853.38,1000,0.00,849.08,0.000000,1.880000,1000.00,cifi0007.DBF
R69G,10R69G,0,00,00,42,49,861.53,1000,0.00,857.45,0.000000,1.880000,1000.00,cifi0007.DBF
R69G,10R69G,0,00,00,42,50,869.59,1000,0.00,865.56,0.000000,1.880000,1000.00,cifi0007.DBF
R69G,10R69G,0,00,00,42,51,877.74,1000,0.00,873.66,0.000000,1.880000,1000.00,cifi0007.DBF
R69G,10R69G,0,00,00,42,52,886.22,1000,0.00,881.98,0.000000,1.880000,1000.00,cifi0007.DBF
R69G,10R69G,0,00,00,42,53,895.40,1000,0.00,890.81,0.000000,1.880000,1000.00,cifi0007.DBF
R69G,10R69G,0,00,00,42,54,905.88,1000,0.00,900.64,0.000000,1.880000,1000.00,cifi0007.DBF
R69G,10R69G,0,00,00,42,55,918.97,1000,0.00,912.42,0.000000,1.880000,1000.00,cifi0007.DBF
R69G,10R69G,0,00,00,42,56,936.46,1000,0.00,927.71,0.000000,1.880000,1000.00,cifi0007.DBF
R69G,10R69G,0,00,00,42,57,961.54,1000,0.00,949.00,0.000000,1.880000,1000.00,cifi0007.DBF
R69G,10R69G,0,00,00,43,1,0.00,0,0.00,1.03,2.070000,2.070000,1000.00,cifi0007.DBF
R69G,10R69G,0,00,00,43,2,3.89,14,0.00,19.25,20.020000,2.070000,1000.00,cifi0007.DBF
R69G,10R69G,0,00,00,43,3,23.39,78,0.00,37.99,20.020000,2.070000,1000.00,cifi0007.DBF
R69G,10R69G,0,00,00,43,4,43.49,140,0.00,57.29,20.020000,2.070000,1000.00,cifi0007.DBF
R69G,10R69G,0,00,00,43,5,64.20,200,0.00,77.17,20.020000,2.070000,1000.00,cifi0007.DBF
R69G,10R69G,0,00,00,43,6,85.66,259,0.00,97.72,20.020000,2.070000,1000.00,cifi0007.DBF
R69G,10R69G,0,00,00,43,7,107.88,315,0.00,119.00,20.020000,2.070000,1000.00,cifi0007.DBF
R69G,10R69G,0,00,00,43,8,130.86,370,0.00,141.02,20.020000,2.070000,1000.00,cifi0007.DBF
R69G,10R69G,0,00,00,43,9,154.60,423,0.00,163.77,20.020000,2.070000,1000.00,cifi0007.DBF
R69G,10R69G,0,00,00,43,10,179.05,475,0.00,187.24,20.020000,2.070000,1000.00,cifi0007.DBF
R69G,10R69G,0,00,00,43,11,204.22,524,0.00,211.40,20.020000,2.070000,1000.00,cifi0007.DBF
R69G,10R69G,0,00,00,43,12,230.09,573,0.00,236.25,20.020000,2.070000,1000.00,cifi0007.DBF
R69G,10R69G,0,00,00,43,13,256.64,620,0.00,261.75,20.020000,2.070000,1000.00,cifi0007.DBF
R69G,10R69G,0,00,00,43,14,283.92,665,0.00,287.94,20.020000,2.070000,1000.00,cifi0007.DBF
R69G,10R69G,0,00,00,43,15,311.95,709,0.00,314.84,20.020000,2.070000,1000.00,cifi0007.DBF
R69G,10R69G,0,00,00,43,16,340.92,753,0.00,342.55,20.020000,2.070000,1000.00,cifi0007.DBF
R69G,10R69G,0,00,00,43,17,370.84,796,0.00,371.16,20.020000,2.070000,1000.00,cifi0007.DBF
R69G,10R69G,0,00,00,43,18,401.70,837,0.00,400.69,20.020000,2.070000,1000.00,cifi0007.DBF
R69G,10R69G,0,00,00,43,19,433.51,879,0.00,431.13,20.020000,2.070000,1000.00,cifi0007.DBF
R69G,10R69G,0,00,00,43,20,466.25,920,0.00,462.46,20.020000,2.070000,1000.00,cifi0007.DBF
R69G,10R69G,0,00,00,43,21,499.98,960,0.00,494.70,20.020000,2.070000,1000.00,cifi0007.DBF
R69G,10R69G,0,00,00,43,22,534.82,1000,0.00,527.95,20.020000,2.070000,1000.00,cifi0007.DBF
R69G,10R69G,0,00,00,43,23,548.61,1000,0.00,541.72,0.000000,2.070000,1000.00,cifi0007.DBF
R69G,10R69G,0,00,00,43,24,562.47,1000,0.00,555.54,0.000000,2.070000,1000.00,cifi0007.DBF
R69G,10R69G,0,00,00,43,25,576.46,1000,0.00,569.47,0.000000,2.070000,1000.00,cifi0007.DBF
R69G,10R69G,0,00,00,43,26,590.58,1000,0.00,583.52,0.000000,2.070000,1000.00,cifi0007.DBF
R69G,10R69G,0,00,00,43,27,604.86,1000,0.00,597.72,0.000000,2.070000,1000.00,cifi0007.DBF
R69G,10R69G,0,00,00,43,28,619.24,1000,0.00,612.05,0.000000,2.070000,1000.00,cifi0007.DBF
R69G,10R69G,0,00,00,43,29,633.70,1000,0.00,626.47,0.000000,2.070000,1000.00,cifi0007.DBF
R69G,10R69G,0,00,00,43,30,648.02,1000,0.00,640.86,0.000000,2.070000,1000.00,cifi0007.DBF
R69G,10R69G,0,00,00,43,31,662.25,1000,0.00,655.14,0.000000,2.070000,1000.00,cifi0007.DBF
R69G,10R69G,0,00,00,43,32,676.42,1000,0.00,669.34,0.000000,2.070000,1000.00,cifi0007.DBF
R69G,10R69G,0,00,00,43,33,690.51,1000,0.00,683.46,0.000000,2.070000,1000.00,cifi0007.DBF
R69G,10R69G,0,00,00,43,34,704.51,1000,0.00,697.51,0.000000,2.070000,1000.00,cifi0007.DBF
R69G,10R69G,0,00,00,43,35,718.35,1000,0.00,711.43,0.000000,2.070000,1000.00,cifi0007.DBF
R69G,10R69G,0,00,00,43,36,731.92,1000,0.00,725.13,0.000000,2.070000,1000.00,cifi0007.DBF
R69G,10R69G,0,00,00,43,37,745.12,1000,0.00,738.52,0.000000,2.070000,1000.00,cifi0007.DBF
R69G,10R69G,0,00,00,43,38,757.95,1000,0.00,751.54,0.000000,2.070000,1000.00,cifi0007.DBF
R69G,10R69G,0,00,00,43,39,770.31,1000,0.00,764.13,0.000000,2.070000,1000.00,cifi0007.DBF
R69G,10R69G,0,00,00,43,40,782.28,1000,0.00,776.30,0.000000,2.070000,1000.00,cifi0007.DBF
R69G,10R69G,0,00,00,43,41,793.89,1000,0.00,788.08,0.000000,2.070000,1000.00,cifi0007.DBF
R69G,10R69G,0,00,00,43,42,805.09,1000,0.00,799.49,0.000000,2.070000,1000.00,cifi0007.DBF
R69G,10R69G,0,00,00,43,43,815.83,1000,0.00,810.46,0.000000,2.070000,1000.00,cifi0007.DBF
R69G,10R69G,0,00,00,43,44,826.04,1000,0.00,820.93,0.000000,2.070000,1000.00,cifi0007.DBF
R69G,10R69G,0,00,00,43,45,835.69,1000,0.00,830.86,0.000000,2.070000,1000.00,cifi0007.DBF
R69G,10R69G,0,00,00,43,46,844.79,1000,0.00,840.24,0.000000,2.070000,1000.00,cifi0007.DBF
R69G,10R69G,0,00,00,43,47,853.38,1000,0.00,849.08,0.000000,2.070000,1000.00,cifi0007.DBF
R69G,10R69G,0,00,00,43,48,861.53,1000,0.00,857.45,0.000000,2.070000,1000.00,cifi0007.DBF
R69G,10R69G,0,00,00,43,49,869.59,1000,0.00,865.56,0.000000,2.070000,1000.00,cifi0007.DBF
R69G,10R69G,0,00,00,43,50,877.74,1000,0.00,873.66,0.000000,2.070000,1000.00,cifi0007.DBF
R69G,10R69G,0,00,00,43,51,886.22,1000,0.00,881.98,0.000000,2.070000,1000.00,cifi0007.DBF
R69G,10R69G,0,00,00,43,52,895.40,1000,0.00,890.81,0.000000,2.070000,1000.00,cifi0007.DBF
R69G,10R69G,0,00,00,43,53,905.88,1000,0.00,900.64,0.000000,2.070000,1000.00,cifi0007.DBF
R69G,10R69G,0,00,00,43,54,918.97,1000,0.00,912.42,0.000000,2.070000,1000.00,cifi0007.DBF
R69G,10R69G,0,00,00,43,55,936.46,1000,0.00,927.71,0.000000,2.070000,1000.00,cifi0007.DBF
R69G,10R69G,0,00,00,43,56,961.54,1000,0.00,949.00,0.000000,2.070000,1000.00,cifi0007.DBF
R69G,10R69G,0,00,00,44,1,0.00,0,0.00,1.15,2.300000,2.300000,1000.00,cifi0007.DBF
R69G,10R69G,0,00,00,44,2,4.71,16,0.00,20.51,21.380000,2.300000,1000.00,cifi0007.DBF
R69G,10R69G,0,00,00,44,3,25.49,82,0.00,40.44,21.380000,2.300000,1000.00,cifi0007.DBF
R69G,10R69G,0,00,00,44,4,46.90,146,0.00,60.98,21.380000,2.300000,1000.00,cifi0007.DBF
R69G,10R69G,0,00,00,44,5,69.08,209,0.00,82.21,21.380000,2.300000,1000.00,cifi0007.DBF
R69G,10R69G,0,00,00,44,6,92.06,269,0.00,104.20,21.380000,2.300000,1000.00,cifi0007.DBF
R69G,10R69G,0,00,00,44,7,115.83,327,0.00,126.96,21.380000,2.300000,1000.00,cifi0007.DBF
R69G,10R69G,0,00,00,44,8,140.39,384,0.00,150.48,21.380000,2.300000,1000.00,cifi0007.DBF
R69G,10R69G,0,00,00,44,9,165.68,439,0.00,174.74,21.380000,2.300000,1000.00,cifi0007.DBF
R69G,10R69G,0,00,00,44,10,191.74,492,0.00,199.72,21.380000,2.300000,1000.00,cifi0007.DBF
R69G,10R69G,0,00,00,44,11,218.52,544,0.00,225.43,21.380000,2.300000,1000.00,cifi0007.DBF
R69G,10R69G,0,00,00,44,12,246.02,594,0.00,251.82,21.380000,2.300000,1000.00,cifi0007.DBF
R69G,10R69G,0,00,00,44,13,274.28,643,0.00,278.93,21.380000,2.300000,1000.00,cifi0007.DBF
R69G,10R69G,0,00,00,44,14,303.34,690,0.00,306.79,21.380000,2.300000,1000.00,cifi0007.DBF
R69G,10R69G,0,00,00,44,15,333.37,736,0.00,335.50,21.380000,2.300000,1000.00,cifi0007.DBF
R69G,10R69G,0,00,00,44,16,364.40,782,0.00,365.16,21.380000,2.300000,1000.00,cifi0007.DBF
R69G,10R69G,0,00,00,44,17,396.44,826,0.00,395.78,21.380000,2.300000,1000.00,cifi0007.DBF
R69G,10R69G,0,00,00,44,18,429.47,871,0.00,427.36,21.380000,2.300000,1000.00,cifi0007.DBF
R69G,10R69G,0,00,00,44,19,463.48,914,0.00,459.88,21.380000,2.300000,1000.00,cifi0007.DBF
R69G,10R69G,0,00,00,44,20,498.56,957,0.00,493.38,21.380000,2.300000,1000.00,cifi0007.DBF
R69G,10R69G,0,00,00,44,21,534.82,1000,0.00,527.95,21.380000,2.300000,1000.00,cifi0007.DBF
R69G,10R69G,0,00,00,44,22,548.61,1000,0.00,541.72,0.000000,2.300000,1000.00,cifi0007.DBF
R69G,10R69G,0,00,00,44,23,562.47,1000,0.00,555.54,0.000000,2.300000,1000.00,cifi0007.DBF
R69G,10R69G,0,00,00,44,24,576.46,1000,0.00,569.47,0.000000,2.300000,1000.00,cifi0007.DBF
R69G,10R69G,0,00,00,44,25,590.58,1000,0.00,583.52,0.000000,2.300000,1000.00,cifi0007.DBF
R69G,10R69G,0,00,00,44,26,604.86,1000,0.00,597.72,0.000000,2.300000,1000.00,cifi0007.DBF
R69G,10R69G,0,00,00,44,27,619.24,1000,0.00,612.05,0.000000,2.300000,1000.00,cifi0007.DBF
R69G,10R69G,0,00,00,44,28,633.70,1000,0.00,626.47,0.000000,2.300000,1000.00,cifi0007.DBF
R69G,10R69G,0,00,00,44,29,648.02,1000,0.00,640.86,0.000000,2.300000,1000.00,cifi0007.DBF
R69G,10R69G,0,00,00,44,30,662.25,1000,0.00,655.14,0.000000,2.300000,1000.00,cifi0007.DBF
R69G,10R69G,0,00,00,44,31,676.42,1000,0.00,669.34,0.000000,2.300000,1000.00,cifi0007.DBF
R69G,10R69G,0,00,00,44,32,690.51,1000,0.00,683.46,0.000000,2.300000,1000.00,cifi0007.DBF
R69G,10R69G,0,00,00,44,33,704.51,1000,0.00,697.51,0.000000,2.300000,1000.00,cifi0007.DBF
R69G,10R69G,0,00,00,44,34,718.35,1000,0.00,711.43,0.000000,2.300000,1000.00,cifi0007.DBF
R69G,10R69G,0,00,00,44,35,731.92,1000,0.00,725.13,0.000000,2.300000,1000.00,cifi0007.DBF
R69G,10R69G,0,00,00,44,36,745.12,1000,0.00,738.52,0.000000,2.300000,1000.00,cifi0007.DBF
R69G,10R69G,0,00,00,44,37,757.95,1000,0.00,751.54,0.000000,2.300000,1000.00,cifi0007.DBF
R69G,10R69G,0,00,00,44,38,770.31,1000,0.00,764.13,0.000000,2.300000,1000.00,cifi0007.DBF
R69G,10R69G,0,00,00,44,39,782.28,1000,0.00,776.30,0.000000,2.300000,1000.00,cifi0007.DBF
R69G,10R69G,0,00,00,44,40,793.89,1000,0.00,788.08,0.000000,2.300000,1000.00,cifi0007.DBF
R69G,10R69G,0,00,00,44,41,805.09,1000,0.00,799.49,0.000000,2.300000,1000.00,cifi0007.DBF
R69G,10R69G,0,00,00,44,42,815.83,1000,0.00,810.46,0.000000,2.300000,1000.00,cifi0007.DBF
R69G,10R69G,0,00,00,44,43,826.04,1000,0.00,820.93,0.000000,2.300000,1000.00,cifi0007.DBF
R69G,10R69G,0,00,00,44,44,835.69,1000,0.00,830.86,0.000000,2.300000,1000.00,cifi0007.DBF
R69G,10R69G,0,00,00,44,45,844.79,1000,0.00,840.24,0.000000,2.300000,1000.00,cifi0007.DBF
R69G,10R69G,0,00,00,44,46,853.38,1000,0.00,849.08,0.000000,2.300000,1000.00,cifi0007.DBF
R69G,10R69G,0,00,00,44,47,861.53,1000,0.00,857.45,0.000000,2.300000,1000.00,cifi0007.DBF
R69G,10R69G,0,00,00,44,48,869.59,1000,0.00,865.56,0.000000,2.300000,1000.00,cifi0007.DBF
R69G,10R69G,0,00,00,44,49,877.74,1000,0.00,873.66,0.000000,2.300000,1000.00,cifi0007.DBF
R69G,10R69G,0,00,00,44,50,886.22,1000,0.00,881.98,0.000000,2.300000,1000.00,cifi0007.DBF
R69G,10R69G,0,00,00,44,51,895.40,1000,0.00,890.81,0.000000,2.300000,1000.00,cifi0007.DBF
R69G,10R69G,0,00,00,44,52,905.88,1000,0.00,900.64,0.000000,2.300000,1000.00,cifi0007.DBF
R69G,10R69G,0,00,00,44,53,918.97,1000,0.00,912.42,0.000000,2.300000,1000.00,cifi0007.DBF
R69G,10R69G,0,00,00,44,54,936.46,1000,0.00,927.71,0.000000,2.300000,1000.00,cifi0007.DBF
R69G,10R69G,0,00,00,44,55,961.54,1000,0.00,949.00,0.000000,2.300000,1000.00,cifi0007.DBF
R69G,10R69G,0,00,00,45,1,0.00,0,0.00,1.28,2.550000,2.550000,1000.00,cifi0007.DBF
R69G,10R69G,0,00,00,45,2,5.67,19,0.00,21.91,22.870000,2.550000,1000.00,cifi0007.DBF
R69G,10R69G,0,00,00,45,3,27.85,87,0.00,43.18,22.870000,2.550000,1000.00,cifi0007.DBF
R69G,10R69G,0,00,00,45,4,50.84,154,0.00,65.16,22.870000,2.550000,1000.00,cifi0007.DBF
R69G,10R69G,0,00,00,45,5,74.65,218,0.00,87.93,22.870000,2.550000,1000.00,cifi0007.DBF
R69G,10R69G,0,00,00,45,6,99.29,281,0.00,111.49,22.870000,2.550000,1000.00,cifi0007.DBF
R69G,10R69G,0,00,00,45,7,124.74,341,0.00,135.86,22.870000,2.550000,1000.00,cifi0007.DBF
R69G,10R69G,0,00,00,45,8,150.97,400,0.00,160.99,22.870000,2.550000,1000.00,cifi0007.DBF
R69G,10R69G,0,00,00,45,9,177.99,457,0.00,186.89,22.870000,2.550000,1000.00,cifi0007.DBF
R69G,10R69G,0,00,00,45,10,205.78,512,0.00,213.53,22.870000,2.550000,1000.00,cifi0007.DBF
R69G,10R69G,0,00,00,45,11,234.32,566,0.00,240.91,22.870000,2.550000,1000.00,cifi0007.DBF
R69G,10R69G,0,00,00,45,12,263.67,618,0.00,269.03,22.870000,2.550000,1000.00,cifi0007.DBF
R69G,10R69G,0,00,00,45,13,293.85,668,0.00,297.94,22.870000,2.550000,1000.00,cifi0007.DBF
R69G,10R69G,0,00,00,45,14,325.06,718,0.00,327.75,22.870000,2.550000,1000.00,cifi0007.DBF
R69G,10R69G,0,00,00,45,15,357.32,767,0.00,358.56,22.870000,2.550000,1000.00,cifi0007.DBF
R69G,10R69G,0,00,00,45,16,390.64,814,0.00,390.38,22.870000,2.550000,1000.00,cifi0007.DBF
R69G,10R69G,0,00,00,45,17,425.01,861,0.00,423.21,22.870000,2.550000,1000.00,cifi0007.DBF
R69G,10R69G,0,00,00,45,18,460.44,908,0.00,457.05,22.870000,2.550000,1000.00,cifi0007.DBF
R69G,10R69G,0,00,00,45,19,497.00,954,0.00,491.93,22.870000,2.550000,1000.00,cifi0007.DBF
R69G,10R69G,0,00,00,45,20,534.82,1000,0.00,527.95,22.870000,2.550000,1000.00,cifi0007.DBF
R69G,10R69G,0,00,00,45,21,548.61,1000,0.00,541.72,0.000000,2.550000,1000.00,cifi0007.DBF
R69G,10R69G,0,00,00,45,22,562.47,1000,0.00,555.54,0.000000,2.550000,1000.00,cifi0007.DBF
R69G,10R69G,0,00,00,45,23,576.46,1000,0.00,569.47,0.000000,2.550000,1000.00,cifi0007.DBF
R69G,10R69G,0,00,00,45,24,590.58,1000,0.00,583.52,0.000000,2.550000,1000.00,cifi0007.DBF
R69G,10R69G,0,00,00,45,25,604.86,1000,0.00,597.72,0.000000,2.550000,1000.00,cifi0007.DBF
R69G,10R69G,0,00,00,45,26,619.24,1000,0.00,612.05,0.000000,2.550000,1000.00,cifi0007.DBF
R69G,10R69G,0,00,00,45,27,633.70,1000,0.00,626.47,0.000000,2.550000,1000.00,cifi0007.DBF
R69G,10R69G,0,00,00,45,28,648.02,1000,0.00,640.86,0.000000,2.550000,1000.00,cifi0007.DBF
R69G,10R69G,0,00,00,45,29,662.25,1000,0.00,655.14,0.000000,2.550000,1000.00,cifi0007.DBF
R69G,10R69G,0,00,00,45,30,676.42,1000,0.00,669.34,0.000000,2.550000,1000.00,cifi0007.DBF
R69G,10R69G,0,00,00,45,31,690.51,1000,0.00,683.46,0.000000,2.550000,1000.00,cifi0007.DBF
R69G,10R69G,0,00,00,45,32,704.51,1000,0.00,697.51,0.000000,2.550000,1000.00,cifi0007.DBF
R69G,10R69G,0,00,00,45,33,718.35,1000,0.00,711.43,0.000000,2.550000,1000.00,cifi0007.DBF
R69G,10R69G,0,00,00,45,34,731.92,1000,0.00,725.13,0.000000,2.550000,1000.00,cifi0007.DBF
R69G,10R69G,0,00,00,45,35,745.12,1000,0.00,738.52,0.000000,2.550000,1000.00,cifi0007.DBF
R69G,10R69G,0,00,00,45,36,757.95,1000,0.00,751.54,0.000000,2.550000,1000.00,cifi0007.DBF
R69G,10R69G,0,00,00,45,37,770.31,1000,0.00,764.13,0.000000,2.550000,1000.00,cifi0007.DBF
R69G,10R69G,0,00,00,45,38,782.28,1000,0.00,776.30,0.000000,2.550000,1000.00,cifi0007.DBF
R69G,10R69G,0,00,00,45,39,793.89,1000,0.00,788.08,0.000000,2.550000,1000.00,cifi0007.DBF
R69G,10R69G,0,00,00,45,40,805.09,1000,0.00,799.49,0.000000,2.550000,1000.00,cifi0007.DBF
R69G,10R69G,0,00,00,45,41,815.83,1000,0.00,810.46,0.000000,2.550000,1000.00,cifi0007.DBF
R69G,10R69G,0,00,00,45,42,826.04,1000,0.00,820.93,0.000000,2.550000,1000.00,cifi0007.DBF
R69G,10R69G,0,00,00,45,43,835.69,1000,0.00,830.86,0.000000,2.550000,1000.00,cifi0007.DBF
R69G,10R69G,0,00,00,45,44,844.79,1000,0.00,840.24,0.000000,2.550000,1000.00,cifi0007.DBF
R69G,10R69G,0,00,00,45,45,853.38,1000,0.00,849.08,0.000000,2.550000,1000.00,cifi0007.DBF
R69G,10R69G,0,00,00,45,46,861.53,1000,0.00,857.45,0.000000,2.550000,1000.00,cifi0007.DBF
R69G,10R69G,0,00,00,45,47,869.59,1000,0.00,865.56,0.000000,2.550000,1000.00,cifi0007.DBF
R69G,10R69G,0,00,00,45,48,877.74,1000,0.00,873.66,0.000000,2.550000,1000.00,cifi0007.DBF
R69G,10R69G,0,00,00,45,49,886.22,1000,0.00,881.98,0.000000,2.550000,1000.00,cifi0007.DBF
R69G,10R69G,0,00,00,45,50,895.40,1000,0.00,890.81,0.000000,2.550000,1000.00,cifi0007.DBF
R69G,10R69G,0,00,00,45,51,905.88,1000,0.00,900.64,0.000000,2.550000,1000.00,cifi0007.DBF
R69G,10R69G,0,00,00,45,52,918.97,1000,0.00,912.42,0.000000,2.550000,1000.00,cifi0007.DBF
R69G,10R69G,0,00,00,45,53,936.46,1000,0.00,927.71,0.000000,2.550000,1000.00,cifi0007.DBF
R69G,10R69G,0,00,00,45,54,961.54,1000,0.00,949.00,0.000000,2.550000,1000.00,cifi0007.DBF
R69G,10R69G,0,00,00,46,1,0.00,0,0.00,2.16,3.540000,3.540000,1000.00,cifi0007.DBF
R69G,10R69G,0,00,00,46,2,6.79,22,0.00,24.20,24.460000,3.540000,1000.00,cifi0007.DBF
R69G,10R69G,0,00,00,46,3,30.67,93,0.00,46.98,24.460000,3.540000,1000.00,cifi0007.DBF
R69G,10R69G,0,00,00,46,4,55.40,162,0.00,70.58,24.460000,3.540000,1000.00,cifi0007.DBF
R69G,10R69G,0,00,00,46,5,80.99,229,0.00,95.01,24.460000,3.540000,1000.00,cifi0007.DBF
R69G,10R69G,0,00,00,46,6,107.44,294,0.00,120.28,24.460000,3.540000,1000.00,cifi0007.DBF
R69G,10R69G,0,00,00,46,7,134.70,357,0.00,146.34,24.460000,3.540000,1000.00,cifi0007.DBF
R69G,10R69G,0,00,00,46,8,162.79,418,0.00,173.20,24.460000,3.540000,1000.00,cifi0007.DBF
R69G,10R69G,0,00,00,46,9,191.69,477,0.00,200.85,24.460000,3.540000,1000.00,cifi0007.DBF
R69G,10R69G,0,00,00,46,10,221.39,535,0.00,229.27,24.460000,3.540000,1000.00,cifi0007.DBF
R69G,10R69G,0,00,00,46,11,251.93,590,0.00,258.47,24.460000,3.540000,1000.00,cifi0007.DBF
R69G,10R69G,0,00,00,46,12,283.36,644,0.00,288.51,24.460000,3.540000,1000.00,cifi0007.DBF
R69G,10R69G,0,00,00,46,13,315.87,698,0.00,319.49,24.460000,3.540000,1000.00,cifi0007.DBF
R69G,10R69G,0,00,00,46,14,349.49,750,0.00,351.52,24.460000,3.540000,1000.00,cifi0007.DBF
R69G,10R69G,0,00,00,46,15,384.23,801,0.00,384.62,24.460000,3.540000,1000.00,cifi0007.DBF
R69G,10R69G,0,00,00,46,16,420.09,852,0.00,418.79,24.460000,3.540000,1000.00,cifi0007.DBF
R69G,10R69G,0,00,00,46,17,457.08,901,0.00,454.03,24.460000,3.540000,1000.00,cifi0007.DBF
R69G,10R69G,0,00,00,46,18,495.27,951,0.00,490.38,24.460000,3.540000,1000.00,cifi0007.DBF
R69G,10R69G,0,00,00,46,19,534.82,1000,0.00,527.95,24.460000,3.540000,1000.00,cifi0007.DBF
R69G,10R69G,0,00,00,46,20,548.61,1000,0.00,541.72,0.000000,3.540000,1000.00,cifi0007.DBF
R69G,10R69G,0,00,00,46,21,562.47,1000,0.00,555.54,0.000000,3.540000,1000.00,cifi0007.DBF
R69G,10R69G,0,00,00,46,22,576.46,1000,0.00,569.47,0.000000,3.540000,1000.00,cifi0007.DBF
R69G,10R69G,0,00,00,46,23,590.58,1000,0.00,583.52,0.000000,3.540000,1000.00,cifi0007.DBF
R69G,10R69G,0,00,00,46,24,604.86,1000,0.00,597.72,0.000000,3.540000,1000.00,cifi0007.DBF
R69G,10R69G,0,00,00,46,25,619.24,1000,0.00,612.05,0.000000,3.540000,1000.00,cifi0007.DBF
R69G,10R69G,0,00,00,46,26,633.70,1000,0.00,626.47,0.000000,3.540000,1000.00,cifi0007.DBF
R69G,10R69G,0,00,00,46,27,648.02,1000,0.00,640.86,0.000000,3.540000,1000.00,cifi0007.DBF
R69G,10R69G,0,00,00,46,28,662.25,1000,0.00,655.14,0.000000,3.540000,1000.00,cifi0007.DBF
R69G,10R69G,0,00,00,46,29,676.42,1000,0.00,669.34,0.000000,3.540000,1000.00,cifi0007.DBF
R69G,10R69G,0,00,00,46,30,690.51,1000,0.00,683.46,0.000000,3.540000,1000.00,cifi0007.DBF
R69G,10R69G,0,00,00,46,31,704.51,1000,0.00,697.51,0.000000,3.540000,1000.00,cifi0007.DBF
R69G,10R69G,0,00,00,46,32,718.35,1000,0.00,711.43,0.000000,3.540000,1000.00,cifi0007.DBF
R69G,10R69G,0,00,00,46,33,731.92,1000,0.00,725.13,0.000000,3.540000,1000.00,cifi0007.DBF
R69G,10R69G,0,00,00,46,34,745.12,1000,0.00,738.52,0.000000,3.540000,1000.00,cifi0007.DBF
R69G,10R69G,0,00,00,46,35,757.95,1000,0.00,751.54,0.000000,3.540000,1000.00,cifi0007.DBF
R69G,10R69G,0,00,00,46,36,770.31,1000,0.00,764.13,0.000000,3.540000,1000.00,cifi0007.DBF
R69G,10R69G,0,00,00,46,37,782.28,1000,0.00,776.30,0.000000,3.540000,1000.00,cifi0007.DBF
R69G,10R69G,0,00,00,46,38,793.89,1000,0.00,788.08,0.000000,3.540000,1000.00,cifi0007.DBF
R69G,10R69G,0,00,00,46,39,805.09,1000,0.00,799.49,0.000000,3.540000,1000.00,cifi0007.DBF
R69G,10R69G,0,00,00,46,40,815.83,1000,0.00,810.46,0.000000,3.540000,1000.00,cifi0007.DBF
R69G,10R69G,0,00,00,46,41,826.04,1000,0.00,820.93,0.000000,3.540000,1000.00,cifi0007.DBF
R69G,10R69G,0,00,00,46,42,835.69,1000,0.00,830.86,0.000000,3.540000,1000.00,cifi0007.DBF
R69G,10R69G,0,00,00,46,43,844.79,1000,0.00,840.24,0.000000,3.540000,1000.00,cifi0007.DBF
R69G,10R69G,0,00,00,46,44,853.38,1000,0.00,849.08,0.000000,3.540000,1000.00,cifi0007.DBF
R69G,10R69G,0,00,00,46,45,861.53,1000,0.00,857.45,0.000000,3.540000,1000.00,cifi0007.DBF
R69G,10R69G,0,00,00,46,46,869.59,1000,0.00,865.56,0.000000,3.540000,1000.00,cifi0007.DBF
R69G,10R69G,0,00,00,46,47,877.74,1000,0.00,873.66,0.000000,3.540000,1000.00,cifi0007.DBF
R69G,10R69G,0,00,00,46,48,886.22,1000,0.00,881.98,0.000000,3.540000,1000.00,cifi0007.DBF
R69G,10R69G,0,00,00,46,49,895.40,1000,0.00,890.81,0.000000,3.540000,1000.00,cifi0007.DBF
R69G,10R69G,0,00,00,46,50,905.88,1000,0.00,900.64,0.000000,3.540000,1000.00,cifi0007.DBF
R69G,10R69G,0,00,00,46,51,918.97,1000,0.00,912.42,0.000000,3.540000,1000.00,cifi0007.DBF
R69G,10R69G,0,00,00,46,52,936.46,1000,0.00,927.71,0.000000,3.540000,1000.00,cifi0007.DBF
R69G,10R69G,0,00,00,46,53,961.54,1000,0.00,949.00,0.000000,3.540000,1000.00,cifi0007.DBF
R69G,10R69G,0,00,00,47,1,0.00,0,0.00,3.19,4.680000,4.680000,1000.00,cifi0007.DBF
R69G,10R69G,0,00,00,47,2,8.20,25,0.00,26.86,26.220000,4.680000,1000.00,cifi0007.DBF
R69G,10R69G,0,00,00,47,3,33.96,100,0.00,51.38,26.220000,4.680000,1000.00,cifi0007.DBF
R69G,10R69G,0,00,00,47,4,60.62,172,0.00,76.77,26.220000,4.680000,1000.00,cifi0007.DBF
R69G,10R69G,0,00,00,47,5,88.17,241,0.00,103.03,26.220000,4.680000,1000.00,cifi0007.DBF
R69G,10R69G,0,00,00,47,6,116.58,309,0.00,130.13,26.220000,4.680000,1000.00,cifi0007.DBF
R69G,10R69G,0,00,00,47,7,145.87,375,0.00,158.06,26.220000,4.680000,1000.00,cifi0007.DBF
R69G,10R69G,0,00,00,47,8,176.00,438,0.00,186.82,26.220000,4.680000,1000.00,cifi0007.DBF
R69G,10R69G,0,00,00,47,9,206.98,500,0.00,216.39,26.220000,4.680000,1000.00,cifi0007.DBF
R69G,10R69G,0,00,00,47,10,238.86,560,0.00,246.79,26.220000,4.680000,1000.00,cifi0007.DBF
R69G,10R69G,0,00,00,47,11,271.68,618,0.00,278.07,26.220000,4.680000,1000.00,cifi0007.DBF
R69G,10R69G,0,00,00,47,12,305.64,675,0.00,310.35,26.220000,4.680000,1000.00,cifi0007.DBF
R69G,10R69G,0,00,00,47,13,340.77,731,0.00,343.74,26.220000,4.680000,1000.00,cifi0007.DBF
R69G,10R69G,0,00,00,47,14,377.09,786,0.00,378.25,26.220000,4.680000,1000.00,cifi0007.DBF
R69G,10R69G,0,00,00,47,15,414.61,840,0.00,413.90,26.220000,4.680000,1000.00,cifi0007.DBF
R69G,10R69G,0,00,00,47,16,453.33,894,0.00,450.69,26.220000,4.680000,1000.00,cifi0007.DBF
R69G,10R69G,0,00,00,47,17,493.35,947,0.00,488.67,26.220000,4.680000,1000.00,cifi0007.DBF
R69G,10R69G,0,00,00,47,18,534.82,1000,0.00,527.95,26.220000,4.680000,1000.00,cifi0007.DBF
R69G,10R69G,0,00,00,47,19,548.61,1000,0.00,541.72,0.000000,4.680000,1000.00,cifi0007.DBF
R69G,10R69G,0,00,00,47,20,562.47,1000,0.00,555.54,0.000000,4.680000,1000.00,cifi0007.DBF
R69G,10R69G,0,00,00,47,21,576.46,1000,0.00,569.47,0.000000,4.680000,1000.00,cifi0007.DBF
R69G,10R69G,0,00,00,47,22,590.58,1000,0.00,583.52,0.000000,4.680000,1000.00,cifi0007.DBF
R69G,10R69G,0,00,00,47,23,604.86,1000,0.00,597.72,0.000000,4.680000,1000.00,cifi0007.DBF
R69G,10R69G,0,00,00,47,24,619.24,1000,0.00,612.05,0.000000,4.680000,1000.00,cifi0007.DBF
R69G,10R69G,0,00,00,47,25,633.70,1000,0.00,626.47,0.000000,4.680000,1000.00,cifi0007.DBF
R69G,10R69G,0,00,00,47,26,648.02,1000,0.00,640.86,0.000000,4.680000,1000.00,cifi0007.DBF
R69G,10R69G,0,00,00,47,27,662.25,1000,0.00,655.14,0.000000,4.680000,1000.00,cifi0007.DBF
R69G,10R69G,0,00,00,47,28,676.42,1000,0.00,669.34,0.000000,4.680000,1000.00,cifi0007.DBF
R69G,10R69G,0,00,00,47,29,690.51,1000,0.00,683.46,0.000000,4.680000,1000.00,cifi0007.DBF
R69G,10R69G,0,00,00,47,30,704.51,1000,0.00,697.51,0.000000,4.680000,1000.00,cifi0007.DBF
R69G,10R69G,0,00,00,47,31,718.35,1000,0.00,711.43,0.000000,4.680000,1000.00,cifi0007.DBF
R69G,10R69G,0,00,00,47,32,731.92,1000,0.00,725.13,0.000000,4.680000,1000.00,cifi0007.DBF
R69G,10R69G,0,00,00,47,33,745.12,1000,0.00,738.52,0.000000,4.680000,1000.00,cifi0007.DBF
R69G,10R69G,0,00,00,47,34,757.95,1000,0.00,751.54,0.000000,4.680000,1000.00,cifi0007.DBF
R69G,10R69G,0,00,00,47,35,770.31,1000,0.00,764.13,0.000000,4.680000,1000.00,cifi0007.DBF
R69G,10R69G,0,00,00,47,36,782.28,1000,0.00,776.30,0.000000,4.680000,1000.00,cifi0007.DBF
R69G,10R69G,0,00,00,47,37,793.89,1000,0.00,788.08,0.000000,4.680000,1000.00,cifi0007.DBF
R69G,10R69G,0,00,00,47,38,805.09,1000,0.00,799.49,0.000000,4.680000,1000.00,cifi0007.DBF
R69G,10R69G,0,00,00,47,39,815.83,1000,0.00,810.46,0.000000,4.680000,1000.00,cifi0007.DBF
R69G,10R69G,0,00,00,47,40,826.04,1000,0.00,820.93,0.000000,4.680000,1000.00,cifi0007.DBF
R69G,10R69G,0,00,00,47,41,835.69,1000,0.00,830.86,0.000000,4.680000,1000.00,cifi0007.DBF
R69G,10R69G,0,00,00,47,42,844.79,1000,0.00,840.24,0.000000,4.680000,1000.00,cifi0007.DBF
R69G,10R69G,0,00,00,47,43,853.38,1000,0.00,849.08,0.000000,4.680000,1000.00,cifi0007.DBF
R69G,10R69G,0,00,00,47,44,861.53,1000,0.00,857.45,0.000000,4.680000,1000.00,cifi0007.DBF
R69G,10R69G,0,00,00,47,45,869.59,1000,0.00,865.56,0.000000,4.680000,1000.00,cifi0007.DBF
R69G,10R69G,0,00,00,47,46,877.74,1000,0.00,873.66,0.000000,4.680000,1000.00,cifi0007.DBF
R69G,10R69G,0,00,00,47,47,886.22,1000,0.00,881.98,0.000000,4.680000,1000.00,cifi0007.DBF
R69G,10R69G,0,00,00,47,48,895.40,1000,0.00,890.81,0.000000,4.680000,1000.00,cifi0007.DBF
R69G,10R69G,0,00,00,47,49,905.88,1000,0.00,900.64,0.000000,4.680000,1000.00,cifi0007.DBF
R69G,10R69G,0,00,00,47,50,918.97,1000,0.00,912.42,0.000000,4.680000,1000.00,cifi0007.DBF
R69G,10R69G,0,00,00,47,51,936.46,1000,0.00,927.71,0.000000,4.680000,1000.00,cifi0007.DBF
R69G,10R69G,0,00,00,47,52,961.54,1000,0.00,949.00,0.000000,4.680000,1000.00,cifi0007.DBF
R69G,10R69G,0,00,00,48,1,0.00,0,0.00,4.34,5.880000,5.880000,1000.00,cifi0007.DBF
R69G,10R69G,0,00,00,48,2,9.93,29,0.00,29.89,28.190000,5.880000,1000.00,cifi0007.DBF
R69G,10R69G,0,00,00,48,3,37.79,107,0.00,56.36,28.190000,5.880000,1000.00,cifi0007.DBF
R69G,10R69G,0,00,00,48,4,66.58,182,0.00,83.72,28.190000,5.880000,1000.00,cifi0007.DBF
R69G,10R69G,0,00,00,48,5,96.28,255,0.00,111.98,28.190000,5.880000,1000.00,cifi0007.DBF
R69G,10R69G,0,00,00,48,6,126.90,326,0.00,141.11,28.190000,5.880000,1000.00,cifi0007.DBF
R69G,10R69G,0,00,00,48,7,158.43,394,0.00,171.11,28.190000,5.880000,1000.00,cifi0007.DBF
R69G,10R69G,0,00,00,48,8,190.84,461,0.00,201.97,28.190000,5.880000,1000.00,cifi0007.DBF
R69G,10R69G,0,00,00,48,9,224.21,525,0.00,233.71,28.190000,5.880000,1000.00,cifi0007.DBF
R69G,10R69G,0,00,00,48,10,258.59,588,0.00,266.39,28.190000,5.880000,1000.00,cifi0007.DBF
R69G,10R69G,0,00,00,48,11,294.17,650,0.00,300.12,28.190000,5.880000,1000.00,cifi0007.DBF
R69G,10R69G,0,00,00,48,12,331.00,710,0.00,335.02,28.190000,5.880000,1000.00,cifi0007.DBF
R69G,10R69G,0,00,00,48,13,369.10,770,0.00,371.12,28.190000,5.880000,1000.00,cifi0007.DBF
R69G,10R69G,0,00,00,48,14,408.46,828,0.00,408.43,28.190000,5.880000,1000.00,cifi0007.DBF
R69G,10R69G,0,00,00,48,15,449.13,886,0.00,446.95,28.190000,5.880000,1000.00,cifi0007.DBF
R69G,10R69G,0,00,00,48,16,491.19,943,0.00,486.75,28.190000,5.880000,1000.00,cifi0007.DBF
R69G,10R69G,0,00,00,48,17,534.82,1000,0.00,527.95,28.190000,5.880000,1000.00,cifi0007.DBF
R69G,10R69G,0,00,00,48,18,548.61,1000,0.00,541.72,0.000000,5.880000,1000.00,cifi0007.DBF
R69G,10R69G,0,00,00,48,19,562.47,1000,0.00,555.54,0.000000,5.880000,1000.00,cifi0007.DBF
R69G,10R69G,0,00,00,48,20,576.46,1000,0.00,569.47,0.000000,5.880000,1000.00,cifi0007.DBF
R69G,10R69G,0,00,00,48,21,590.58,1000,0.00,583.52,0.000000,5.880000,1000.00,cifi0007.DBF
R69G,10R69G,0,00,00,48,22,604.86,1000,0.00,597.72,0.000000,5.880000,1000.00,cifi0007.DBF
R69G,10R69G,0,00,00,48,23,619.24,1000,0.00,612.05,0.000000,5.880000,1000.00,cifi0007.DBF
R69G,10R69G,0,00,00,48,24,633.70,1000,0.00,626.47,0.000000,5.880000,1000.00,cifi0007.DBF
R69G,10R69G,0,00,00,48,25,648.02,1000,0.00,640.86,0.000000,5.880000,1000.00,cifi0007.DBF
R69G,10R69G,0,00,00,48,26,662.25,1000,0.00,655.14,0.000000,5.880000,1000.00,cifi0007.DBF
R69G,10R69G,0,00,00,48,27,676.42,1000,0.00,669.34,0.000000,5.880000,1000.00,cifi0007.DBF
R69G,10R69G,0,00,00,48,28,690.51,1000,0.00,683.46,0.000000,5.880000,1000.00,cifi0007.DBF
R69G,10R69G,0,00,00,48,29,704.51,1000,0.00,697.51,0.000000,5.880000,1000.00,cifi0007.DBF
R69G,10R69G,0,00,00,48,30,718.35,1000,0.00,711.43,0.000000,5.880000,1000.00,cifi0007.DBF
R69G,10R69G,0,00,00,48,31,731.92,1000,0.00,725.13,0.000000,5.880000,1000.00,cifi0007.DBF
R69G,10R69G,0,00,00,48,32,745.12,1000,0.00,738.52,0.000000,5.880000,1000.00,cifi0007.DBF
R69G,10R69G,0,00,00,48,33,757.95,1000,0.00,751.54,0.000000,5.880000,1000.00,cifi0007.DBF
R69G,10R69G,0,00,00,48,34,770.31,1000,0.00,764.13,0.000000,5.880000,1000.00,cifi0007.DBF
R69G,10R69G,0,00,00,48,35,782.28,1000,0.00,776.30,0.000000,5.880000,1000.00,cifi0007.DBF
R69G,10R69G,0,00,00,48,36,793.89,1000,0.00,788.08,0.000000,5.880000,1000.00,cifi0007.DBF
R69G,10R69G,0,00,00,48,37,805.09,1000,0.00,799.49,0.000000,5.880000,1000.00,cifi0007.DBF
R69G,10R69G,0,00,00,48,38,815.83,1000,0.00,810.46,0.000000,5.880000,1000.00,cifi0007.DBF
R69G,10R69G,0,00,00,48,39,826.04,1000,0.00,820.93,0.000000,5.880000,1000.00,cifi0007.DBF
R69G,10R69G,0,00,00,48,40,835.69,1000,0.00,830.86,0.000000,5.880000,1000.00,cifi0007.DBF
R69G,10R69G,0,00,00,48,41,844.79,1000,0.00,840.24,0.000000,5.880000,1000.00,cifi0007.DBF
R69G,10R69G,0,00,00,48,42,853.38,1000,0.00,849.08,0.000000,5.880000,1000.00,cifi0007.DBF
R69G,10R69G,0,00,00,48,43,861.53,1000,0.00,857.45,0.000000,5.880000,1000.00,cifi0007.DBF
R69G,10R69G,0,00,00,48,44,869.59,1000,0.00,865.56,0.000000,5.880000,1000.00,cifi0007.DBF
R69G,10R69G,0,00,00,48,45,877.74,1000,0.00,873.66,0.000000,5.880000,1000.00,cifi0007.DBF
R69G,10R69G,0,00,00,48,46,886.22,1000,0.00,881.98,0.000000,5.880000,1000.00,cifi0007.DBF
R69G,10R69G,0,00,00,48,47,895.40,1000,0.00,890.81,0.000000,5.880000,1000.00,cifi0007.DBF
R69G,10R69G,0,00,00,48,48,905.88,1000,0.00,900.64,0.000000,5.880000,1000.00,cifi0007.DBF
R69G,10R69G,0,00,00,48,49,918.97,1000,0.00,912.42,0.000000,5.880000,1000.00,cifi0007.DBF
R69G,10R69G,0,00,00,48,50,936.46,1000,0.00,927.71,0.000000,5.880000,1000.00,cifi0007.DBF
R69G,10R69G,0,00,00,48,51,961.54,1000,0.00,949.00,0.000000,5.880000,1000.00,cifi0007.DBF
R69G,10R69G,0,00,00,49,1,0.00,0,0.00,5.71,7.310000,7.310000,1000.00,cifi0007.DBF
R69G,10R69G,0,00,00,49,2,11.89,34,0.00,33.37,30.400000,7.310000,1000.00,cifi0007.DBF
R69G,10R69G,0,00,00,49,3,42.10,116,0.00,61.99,30.400000,7.310000,1000.00,cifi0007.DBF
R69G,10R69G,0,00,00,49,4,73.25,194,0.00,91.55,30.400000,7.310000,1000.00,cifi0007.DBF
R69G,10R69G,0,00,00,49,5,105.39,271,0.00,122.03,30.400000,7.310000,1000.00,cifi0007.DBF
R69G,10R69G,0,00,00,49,6,138.49,345,0.00,153.43,30.400000,7.310000,1000.00,cifi0007.DBF
R69G,10R69G,0,00,00,49,7,172.54,417,0.00,185.74,30.400000,7.310000,1000.00,cifi0007.DBF
R69G,10R69G,0,00,00,49,8,207.60,486,0.00,218.99,30.400000,7.310000,1000.00,cifi0007.DBF
R69G,10R69G,0,00,00,49,9,243.75,554,0.00,253.24,30.400000,7.310000,1000.00,cifi0007.DBF
R69G,10R69G,0,00,00,49,10,281.17,621,0.00,288.60,30.400000,7.310000,1000.00,cifi0007.DBF
R69G,10R69G,0,00,00,49,11,319.92,686,0.00,325.21,30.400000,7.310000,1000.00,cifi0007.DBF
R69G,10R69G,0,00,00,49,12,360.02,751,0.00,363.09,30.400000,7.310000,1000.00,cifi0007.DBF
R69G,10R69G,0,00,00,49,13,401.49,814,0.00,402.26,30.400000,7.310000,1000.00,cifi0007.DBF
R69G,10R69G,0,00,00,49,14,444.36,876,0.00,442.74,30.400000,7.310000,1000.00,cifi0007.DBF
R69G,10R69G,0,00,00,49,15,488.75,938,0.00,484.59,30.400000,7.310000,1000.00,cifi0007.DBF
R69G,10R69G,0,00,00,49,16,534.82,1000,0.00,527.95,30.400000,7.310000,1000.00,cifi0007.DBF
R69G,10R69G,0,00,00,49,17,548.61,1000,0.00,541.72,0.000000,7.310000,1000.00,cifi0007.DBF
R69G,10R69G,0,00,00,49,18,562.47,1000,0.00,555.54,0.000000,7.310000,1000.00,cifi0007.DBF
R69G,10R69G,0,00,00,49,19,576.46,1000,0.00,569.47,0.000000,7.310000,1000.00,cifi0007.DBF
R69G,10R69G,0,00,00,49,20,590.58,1000,0.00,583.52,0.000000,7.310000,1000.00,cifi0007.DBF
R69G,10R69G,0,00,00,49,21,604.86,1000,0.00,597.72,0.000000,7.310000,1000.00,cifi0007.DBF
R69G,10R69G,0,00,00,49,22,619.24,1000,0.00,612.05,0.000000,7.310000,1000.00,cifi0007.DBF
R69G,10R69G,0,00,00,49,23,633.70,1000,0.00,626.47,0.000000,7.310000,1000.00,cifi0007.DBF
R69G,10R69G,0,00,00,49,24,648.02,1000,0.00,640.86,0.000000,7.310000,1000.00,cifi0007.DBF
R69G,10R69G,0,00,00,49,25,662.25,1000,0.00,655.14,0.000000,7.310000,1000.00,cifi0007.DBF
R69G,10R69G,0,00,00,49,26,676.42,1000,0.00,669.34,0.000000,7.310000,1000.00,cifi0007.DBF
R69G,10R69G,0,00,00,49,27,690.51,1000,0.00,683.46,0.000000,7.310000,1000.00,cifi0007.DBF
R69G,10R69G,0,00,00,49,28,704.51,1000,0.00,697.51,0.000000,7.310000,1000.00,cifi0007.DBF
R69G,10R69G,0,00,00,49,29,718.35,1000,0.00,711.43,0.000000,7.310000,1000.00,cifi0007.DBF
R69G,10R69G,0,00,00,49,30,731.92,1000,0.00,725.13,0.000000,7.310000,1000.00,cifi0007.DBF
R69G,10R69G,0,00,00,49,31,745.12,1000,0.00,738.52,0.000000,7.310000,1000.00,cifi0007.DBF
R69G,10R69G,0,00,00,49,32,757.95,1000,0.00,751.54,0.000000,7.310000,1000.00,cifi0007.DBF
R69G,10R69G,0,00,00,49,33,770.31,1000,0.00,764.13,0.000000,7.310000,1000.00,cifi0007.DBF
R69G,10R69G,0,00,00,49,34,782.28,1000,0.00,776.30,0.000000,7.310000,1000.00,cifi0007.DBF
R69G,10R69G,0,00,00,49,35,793.89,1000,0.00,788.08,0.000000,7.310000,1000.00,cifi0007.DBF
R69G,10R69G,0,00,00,49,36,805.09,1000,0.00,799.49,0.000000,7.310000,1000.00,cifi0007.DBF
R69G,10R69G,0,00,00,49,37,815.83,1000,0.00,810.46,0.000000,7.310000,1000.00,cifi0007.DBF
R69G,10R69G,0,00,00,49,38,826.04,1000,0.00,820.93,0.000000,7.310000,1000.00,cifi0007.DBF
R69G,10R69G,0,00,00,49,39,835.69,1000,0.00,830.86,0.000000,7.310000,1000.00,cifi0007.DBF
R69G,10R69G,0,00,00,49,40,844.79,1000,0.00,840.24,0.000000,7.310000,1000.00,cifi0007.DBF
R69G,10R69G,0,00,00,49,41,853.38,1000,0.00,849.08,0.000000,7.310000,1000.00,cifi0007.DBF
R69G,10R69G,0,00,00,49,42,861.53,1000,0.00,857.45,0.000000,7.310000,1000.00,cifi0007.DBF
R69G,10R69G,0,00,00,49,43,869.59,1000,0.00,865.56,0.000000,7.310000,1000.00,cifi0007.DBF
R69G,10R69G,0,00,00,49,44,877.74,1000,0.00,873.66,0.000000,7.310000,1000.00,cifi0007.DBF
R69G,10R69G,0,00,00,49,45,886.22,1000,0.00,881.98,0.000000,7.310000,1000.00,cifi0007.DBF
R69G,10R69G,0,00,00,49,46,895.40,1000,0.00,890.81,0.000000,7.310000,1000.00,cifi0007.DBF
R69G,10R69G,0,00,00,49,47,905.88,1000,0.00,900.64,0.000000,7.310000,1000.00,cifi0007.DBF
R69G,10R69G,0,00,00,49,48,918.97,1000,0.00,912.42,0.000000,7.310000,1000.00,cifi0007.DBF
R69G,10R69G,0,00,00,49,49,936.46,1000,0.00,927.71,0.000000,7.310000,1000.00,cifi0007.DBF
R69G,10R69G,0,00,00,49,50,961.54,1000,0.00,949.00,0.000000,7.310000,1000.00,cifi0007.DBF
R69G,10R69G,0,00,00,50,1,0.00,0,0.00,7.35,9.030000,9.030000,1000.00,cifi0007.DBF
R69G,10R69G,0,00,00,50,2,14.11,39,0.00,37.39,32.910000,9.030000,1000.00,cifi0007.DBF
R69G,10R69G,0,00,00,50,3,46.93,125,0.00,68.41,32.910000,9.030000,1000.00,cifi0007.DBF
R69G,10R69G,0,00,00,50,4,80.80,208,0.00,100.42,32.910000,9.030000,1000.00,cifi0007.DBF
R69G,10R69G,0,00,00,50,5,115.70,288,0.00,133.41,32.910000,9.030000,1000.00,cifi0007.DBF
R69G,10R69G,0,00,00,50,6,151.61,366,0.00,167.36,32.910000,9.030000,1000.00,cifi0007.DBF
R69G,10R69G,0,00,00,50,7,188.62,442,0.00,202.32,32.910000,9.030000,1000.00,cifi0007.DBF
R69G,10R69G,0,00,00,50,8,226.78,516,0.00,238.34,32.910000,9.030000,1000.00,cifi0007.DBF
R69G,10R69G,0,00,00,50,9,266.31,588,0.00,275.56,32.910000,9.030000,1000.00,cifi0007.DBF
R69G,10R69G,0,00,00,50,10,307.25,659,0.00,314.10,32.910000,9.030000,1000.00,cifi0007.DBF
R69G,10R69G,0,00,00,50,11,349.65,729,0.00,354.00,32.910000,9.030000,1000.00,cifi0007.DBF
R69G,10R69G,0,00,00,50,12,393.53,798,0.00,395.28,32.910000,9.030000,1000.00,cifi0007.DBF
R69G,10R69G,0,00,00,50,13,438.92,866,0.00,437.97,32.910000,9.030000,1000.00,cifi0007.DBF
R69G,10R69G,0,00,00,50,14,485.95,933,0.00,482.14,32.910000,9.030000,1000.00,cifi0007.DBF
R69G,10R69G,0,00,00,50,15,534.82,1000,0.00,527.95,32.910000,9.030000,1000.00,cifi0007.DBF
R69G,10R69G,0,00,00,50,16,548.61,1000,0.00,541.72,0.000000,9.030000,1000.00,cifi0007.DBF
R69G,10R69G,0,00,00,50,17,562.47,1000,0.00,555.54,0.000000,9.030000,1000.00,cifi0007.DBF
R69G,10R69G,0,00,00,50,18,576.46,1000,0.00,569.47,0.000000,9.030000,1000.00,cifi0007.DBF
R69G,10R69G,0,00,00,50,19,590.58,1000,0.00,583.52,0.000000,9.030000,1000.00,cifi0007.DBF
R69G,10R69G,0,00,00,50,20,604.86,1000,0.00,597.72,0.000000,9.030000,1000.00,cifi0007.DBF
R69G,10R69G,0,00,00,50,21,619.24,1000,0.00,612.05,0.000000,9.030000,1000.00,cifi0007.DBF
R69G,10R69G,0,00,00,50,22,633.70,1000,0.00,626.47,0.000000,9.030000,1000.00,cifi0007.DBF
R69G,10R69G,0,00,00,50,23,648.02,1000,0.00,640.86,0.000000,9.030000,1000.00,cifi0007.DBF
R69G,10R69G,0,00,00,50,24,662.25,1000,0.00,655.14,0.000000,9.030000,1000.00,cifi0007.DBF
R69G,10R69G,0,00,00,50,25,676.42,1000,0.00,669.34,0.000000,9.030000,1000.00,cifi0007.DBF
R69G,10R69G,0,00,00,50,26,690.51,1000,0.00,683.46,0.000000,9.030000,1000.00,cifi0007.DBF
R69G,10R69G,0,00,00,50,27,704.51,1000,0.00,697.51,0.000000,9.030000,1000.00,cifi0007.DBF
R69G,10R69G,0,00,00,50,28,718.35,1000,0.00,711.43,0.000000,9.030000,1000.00,cifi0007.DBF
R69G,10R69G,0,00,00,50,29,731.92,1000,0.00,725.13,0.000000,9.030000,1000.00,cifi0007.DBF
R69G,10R69G,0,00,00,50,30,745.12,1000,0.00,738.52,0.000000,9.030000,1000.00,cifi0007.DBF
R69G,10R69G,0,00,00,50,31,757.95,1000,0.00,751.54,0.000000,9.030000,1000.00,cifi0007.DBF
R69G,10R69G,0,00,00,50,32,770.31,1000,0.00,764.13,0.000000,9.030000,1000.00,cifi0007.DBF
R69G,10R69G,0,00,00,50,33,782.28,1000,0.00,776.30,0.000000,9.030000,1000.00,cifi0007.DBF
R69G,10R69G,0,00,00,50,34,793.89,1000,0.00,788.08,0.000000,9.030000,1000.00,cifi0007.DBF
R69G,10R69G,0,00,00,50,35,805.09,1000,0.00,799.49,0.000000,9.030000,1000.00,cifi0007.DBF
R69G,10R69G,0,00,00,50,36,815.83,1000,0.00,810.46,0.000000,9.030000,1000.00,cifi0007.DBF
R69G,10R69G,0,00,00,50,37,826.04,1000,0.00,820.93,0.000000,9.030000,1000.00,cifi0007.DBF
R69G,10R69G,0,00,00,50,38,835.69,1000,0.00,830.86,0.000000,9.030000,1000.00,cifi0007.DBF
R69G,10R69G,0,00,00,50,39,844.79,1000,0.00,840.24,0.000000,9.030000,1000.00,cifi0007.DBF
R69G,10R69G,0,00,00,50,40,853.38,1000,0.00,849.08,0.000000,9.030000,1000.00,cifi0007.DBF
R69G,10R69G,0,00,00,50,41,861.53,1000,0.00,857.45,0.000000,9.030000,1000.00,cifi0007.DBF
R69G,10R69G,0,00,00,50,42,869.59,1000,0.00,865.56,0.000000,9.030000,1000.00,cifi0007.DBF
R69G,10R69G,0,00,00,50,43,877.74,1000,0.00,873.66,0.000000,9.030000,1000.00,cifi0007.DBF
R69G,10R69G,0,00,00,50,44,886.22,1000,0.00,881.98,0.000000,9.030000,1000.00,cifi0007.DBF
R69G,10R69G,0,00,00,50,45,895.40,1000,0.00,890.81,0.000000,9.030000,1000.00,cifi0007.DBF
R69G,10R69G,0,00,00,50,46,905.88,1000,0.00,900.64,0.000000,9.030000,1000.00,cifi0007.DBF
R69G,10R69G,0,00,00,50,47,918.97,1000,0.00,912.42,0.000000,9.030000,1000.00,cifi0007.DBF
R69G,10R69G,0,00,00,50,48,936.46,1000,0.00,927.71,0.000000,9.030000,1000.00,cifi0007.DBF
R69G,10R69G,0,00,00,50,49,961.54,1000,0.00,949.00,0.000000,9.030000,1000.00,cifi0007.DBF
R69G,10R69G,0,00,00,51,1,0.00,0,0.00,9.32,11.110000,11.110000,1000.00,cifi0007.DBF
R69G,10R69G,0,00,00,51,2,16.61,44,0.00,42.03,35.780000,11.110000,1000.00,cifi0007.DBF
R69G,10R69G,0,00,00,51,3,52.47,135,0.00,75.77,35.780000,11.110000,1000.00,cifi0007.DBF
R69G,10R69G,0,00,00,51,4,89.44,223,0.00,110.57,35.780000,11.110000,1000.00,cifi0007.DBF
R69G,10R69G,0,00,00,51,5,127.50,308,0.00,146.40,35.780000,11.110000,1000.00,cifi0007.DBF
R69G,10R69G,0,00,00,51,6,166.74,391,0.00,183.31,35.780000,11.110000,1000.00,cifi0007.DBF
R69G,10R69G,0,00,00,51,7,207.22,471,0.00,221.36,35.780000,11.110000,1000.00,cifi0007.DBF
R69G,10R69G,0,00,00,51,8,249.18,550,0.00,260.69,35.780000,11.110000,1000.00,cifi0007.DBF
R69G,10R69G,0,00,00,51,9,292.66,628,0.00,301.43,35.780000,11.110000,1000.00,cifi0007.DBF
R69G,10R69G,0,00,00,51,10,337.70,704,0.00,343.63,35.780000,11.110000,1000.00,cifi0007.DBF
R69G,10R69G,0,00,00,51,11,384.35,779,0.00,387.32,35.780000,11.110000,1000.00,cifi0007.DBF
R69G,10R69G,0,00,00,51,12,432.65,853,0.00,432.54,35.780000,11.110000,1000.00,cifi0007.DBF
R69G,10R69G,0,00,00,51,13,482.73,927,0.00,479.36,35.780000,11.110000,1000.00,cifi0007.DBF
R69G,10R69G,0,00,00,51,14,534.82,1000,0.00,527.95,35.780000,11.110000,1000.00,cifi0007.DBF
R69G,10R69G,0,00,00,51,15,548.61,1000,0.00,541.72,0.000000,11.110000,1000.00,cifi0007.DBF
R69G,10R69G,0,00,00,51,16,562.47,1000,0.00,555.54,0.000000,11.110000,1000.00,cifi0007.DBF
R69G,10R69G,0,00,00,51,17,576.46,1000,0.00,569.47,0.000000,11.110000,1000.00,cifi0007.DBF
R69G,10R69G,0,00,00,51,18,590.58,1000,0.00,583.52,0.000000,11.110000,1000.00,cifi0007.DBF
R69G,10R69G,0,00,00,51,19,604.86,1000,0.00,597.72,0.000000,11.110000,1000.00,cifi0007.DBF
R69G,10R69G,0,00,00,51,20,619.24,1000,0.00,612.05,0.000000,11.110000,1000.00,cifi0007.DBF
R69G,10R69G,0,00,00,51,21,633.70,1000,0.00,626.47,0.000000,11.110000,1000.00,cifi0007.DBF
R69G,10R69G,0,00,00,51,22,648.02,1000,0.00,640.86,0.000000,11.110000,1000.00,cifi0007.DBF
R69G,10R69G,0,00,00,51,23,662.25,1000,0.00,655.14,0.000000,11.110000,1000.00,cifi0007.DBF
R69G,10R69G,0,00,00,51,24,676.42,1000,0.00,669.34,0.000000,11.110000,1000.00,cifi0007.DBF
R69G,10R69G,0,00,00,51,25,690.51,1000,0.00,683.46,0.000000,11.110000,1000.00,cifi0007.DBF
R69G,10R69G,0,00,00,51,26,704.51,1000,0.00,697.51,0.000000,11.110000,1000.00,cifi0007.DBF
R69G,10R69G,0,00,00,51,27,718.35,1000,0.00,711.43,0.000000,11.110000,1000.00,cifi0007.DBF
R69G,10R69G,0,00,00,51,28,731.92,1000,0.00,725.13,0.000000,11.110000,1000.00,cifi0007.DBF
R69G,10R69G,0,00,00,51,29,745.12,1000,0.00,738.52,0.000000,11.110000,1000.00,cifi0007.DBF
R69G,10R69G,0,00,00,51,30,757.95,1000,0.00,751.54,0.000000,11.110000,1000.00,cifi0007.DBF
R69G,10R69G,0,00,00,51,31,770.31,1000,0.00,764.13,0.000000,11.110000,1000.00,cifi0007.DBF
R69G,10R69G,0,00,00,51,32,782.28,1000,0.00,776.30,0.000000,11.110000,1000.00,cifi0007.DBF
R69G,10R69G,0,00,00,51,33,793.89,1000,0.00,788.08,0.000000,11.110000,1000.00,cifi0007.DBF
R69G,10R69G,0,00,00,51,34,805.09,1000,0.00,799.49,0.000000,11.110000,1000.00,cifi0007.DBF
R69G,10R69G,0,00,00,51,35,815.83,1000,0.00,810.46,0.000000,11.110000,1000.00,cifi0007.DBF
R69G,10R69G,0,00,00,51,36,826.04,1000,0.00,820.93,0.000000,11.110000,1000.00,cifi0007.DBF
R69G,10R69G,0,00,00,51,37,835.69,1000,0.00,830.86,0.000000,11.110000,1000.00,cifi0007.DBF
R69G,10R69G,0,00,00,51,38,844.79,1000,0.00,840.24,0.000000,11.110000,1000.00,cifi0007.DBF
R69G,10R69G,0,00,00,51,39,853.38,1000,0.00,849.08,0.000000,11.110000,1000.00,cifi0007.DBF
R69G,10R69G,0,00,00,51,40,861.53,1000,0.00,857.45,0.000000,11.110000,1000.00,cifi0007.DBF
R69G,10R69G,0,00,00,51,41,869.59,1000,0.00,865.56,0.000000,11.110000,1000.00,cifi0007.DBF
R69G,10R69G,0,00,00,51,42,877.74,1000,0.00,873.66,0.000000,11.110000,1000.00,cifi0007.DBF
R69G,10R69G,0,00,00,51,43,886.22,1000,0.00,881.98,0.000000,11.110000,1000.00,cifi0007.DBF
R69G,10R69G,0,00,00,51,44,895.40,1000,0.00,890.81,0.000000,11.110000,1000.00,cifi0007.DBF
R69G,10R69G,0,00,00,51,45,905.88,1000,0.00,900.64,0.000000,11.110000,1000.00,cifi0007.DBF
R69G,10R69G,0,00,00,51,46,918.97,1000,0.00,912.42,0.000000,11.110000,1000.00,cifi0007.DBF
R69G,10R69G,0,00,00,51,47,936.46,1000,0.00,927.71,0.000000,11.110000,1000.00,cifi0007.DBF
R69G,10R69G,0,00,00,51,48,961.54,1000,0.00,949.00,0.000000,11.110000,1000.00,cifi0007.DBF
R69G,10R69G,0,00,00,52,1,0.00,0,0.00,11.74,13.680000,13.680000,1000.00,cifi0007.DBF
R69G,10R69G,0,00,00,52,2,19.52,51,0.00,47.48,39.060000,13.680000,1000.00,cifi0007.DBF
R69G,10R69G,0,00,00,52,3,58.89,147,0.00,84.35,39.060000,13.680000,1000.00,cifi0007.DBF
R69G,10R69G,0,00,00,52,4,99.45,240,0.00,122.34,39.060000,13.680000,1000.00,cifi0007.DBF
R69G,10R69G,0,00,00,52,5,141.29,331,0.00,161.49,39.060000,13.680000,1000.00,cifi0007.DBF
R69G,10R69G,0,00,00,52,6,184.48,420,0.00,201.86,39.060000,13.680000,1000.00,cifi0007.DBF
R69G,10R69G,0,00,00,52,7,229.25,506,0.00,243.61,39.060000,13.680000,1000.00,cifi0007.DBF
R69G,10R69G,0,00,00,52,8,275.68,592,0.00,286.89,39.060000,13.680000,1000.00,cifi0007.DBF
R69G,10R69G,0,00,00,52,9,323.81,675,0.00,331.73,39.060000,13.680000,1000.00,cifi0007.DBF
R69G,10R69G,0,00,00,52,10,373.67,757,0.00,378.19,39.060000,13.680000,1000.00,cifi0007.DBF
R69G,10R69G,0,00,00,52,11,425.35,839,0.00,426.29,39.060000,13.680000,1000.00,cifi0007.DBF
R69G,10R69G,0,00,00,52,12,478.99,920,0.00,476.15,39.060000,13.680000,1000.00,cifi0007.DBF
R69G,10R69G,0,00,00,52,13,534.82,1000,0.00,527.95,39.060000,13.680000,1000.00,cifi0007.DBF
R69G,10R69G,0,00,00,52,14,548.61,1000,0.00,541.72,0.000000,13.680000,1000.00,cifi0007.DBF
R69G,10R69G,0,00,00,52,15,562.47,1000,0.00,555.54,0.000000,13.680000,1000.00,cifi0007.DBF
R69G,10R69G,0,00,00,52,16,576.46,1000,0.00,569.47,0.000000,13.680000,1000.00,cifi0007.DBF
R69G,10R69G,0,00,00,52,17,590.58,1000,0.00,583.52,0.000000,13.680000,1000.00,cifi0007.DBF
R69G,10R69G,0,00,00,52,18,604.86,1000,0.00,597.72,0.000000,13.680000,1000.00,cifi0007.DBF
R69G,10R69G,0,00,00,52,19,619.24,1000,0.00,612.05,0.000000,13.680000,1000.00,cifi0007.DBF
R69G,10R69G,0,00,00,52,20,633.70,1000,0.00,626.47,0.000000,13.680000,1000.00,cifi0007.DBF
R69G,10R69G,0,00,00,52,21,648.02,1000,0.00,640.86,0.000000,13.680000,1000.00,cifi0007.DBF
R69G,10R69G,0,00,00,52,22,662.25,1000,0.00,655.14,0.000000,13.680000,1000.00,cifi0007.DBF
R69G,10R69G,0,00,00,52,23,676.42,1000,0.00,669.34,0.000000,13.680000,1000.00,cifi0007.DBF
R69G,10R69G,0,00,00,52,24,690.51,1000,0.00,683.46,0.000000,13.680000,1000.00,cifi0007.DBF
R69G,10R69G,0,00,00,52,25,704.51,1000,0.00,697.51,0.000000,13.680000,1000.00,cifi0007.DBF
R69G,10R69G,0,00,00,52,26,718.35,1000,0.00,711.43,0.000000,13.680000,1000.00,cifi0007.DBF
R69G,10R69G,0,00,00,52,27,731.92,1000,0.00,725.13,0.000000,13.680000,1000.00,cifi0007.DBF
R69G,10R69G,0,00,00,52,28,745.12,1000,0.00,738.52,0.000000,13.680000,1000.00,cifi0007.DBF
R69G,10R69G,0,00,00,52,29,757.95,1000,0.00,751.54,0.000000,13.680000,1000.00,cifi0007.DBF
R69G,10R69G,0,00,00,52,30,770.31,1000,0.00,764.13,0.000000,13.680000,1000.00,cifi0007.DBF
R69G,10R69G,0,00,00,52,31,782.28,1000,0.00,776.30,0.000000,13.680000,1000.00,cifi0007.DBF
R69G,10R69G,0,00,00,52,32,793.89,1000,0.00,788.08,0.000000,13.680000,1000.00,cifi0007.DBF
R69G,10R69G,0,00,00,52,33,805.09,1000,0.00,799.49,0.000000,13.680000,1000.00,cifi0007.DBF
R69G,10R69G,0,00,00,52,34,815.83,1000,0.00,810.46,0.000000,13.680000,1000.00,cifi0007.DBF
R69G,10R69G,0,00,00,52,35,826.04,1000,0.00,820.93,0.000000,13.680000,1000.00,cifi0007.DBF
R69G,10R69G,0,00,00,52,36,835.69,1000,0.00,830.86,0.000000,13.680000,1000.00,cifi0007.DBF
R69G,10R69G,0,00,00,52,37,844.79,1000,0.00,840.24,0.000000,13.680000,1000.00,cifi0007.DBF
R69G,10R69G,0,00,00,52,38,853.38,1000,0.00,849.08,0.000000,13.680000,1000.00,cifi0007.DBF
R69G,10R69G,0,00,00,52,39,861.53,1000,0.00,857.45,0.000000,13.680000,1000.00,cifi0007.DBF
R69G,10R69G,0,00,00,52,40,869.59,1000,0.00,865.56,0.000000,13.680000,1000.00,cifi0007.DBF
R69G,10R69G,0,00,00,52,41,877.74,1000,0.00,873.66,0.000000,13.680000,1000.00,cifi0007.DBF
R69G,10R69G,0,00,00,52,42,886.22,1000,0.00,881.98,0.000000,13.680000,1000.00,cifi0007.DBF
R69G,10R69G,0,00,00,52,43,895.40,1000,0.00,890.81,0.000000,13.680000,1000.00,cifi0007.DBF
R69G,10R69G,0,00,00,52,44,905.88,1000,0.00,900.64,0.000000,13.680000,1000.00,cifi0007.DBF
R69G,10R69G,0,00,00,52,45,918.97,1000,0.00,912.42,0.000000,13.680000,1000.00,cifi0007.DBF
R69G,10R69G,0,00,00,52,46,936.46,1000,0.00,927.71,0.000000,13.680000,1000.00,cifi0007.DBF
R69G,10R69G,0,00,00,52,47,961.54,1000,0.00,949.00,0.000000,13.680000,1000.00,cifi0007.DBF
R69G,10R69G,0,00,00,53,1,0.00,0,0.00,14.66,16.760000,16.760000,1000.00,cifi0007.DBF
R69G,10R69G,0,00,00,53,2,23.10,58,0.00,53.94,42.870000,16.760000,1000.00,cifi0007.DBF
R69G,10R69G,0,00,00,53,3,66.60,161,0.00,94.43,42.870000,16.760000,1000.00,cifi0007.DBF
R69G,10R69G,0,00,00,53,4,111.48,261,0.00,136.17,42.870000,16.760000,1000.00,cifi0007.DBF
R69G,10R69G,0,00,00,53,5,157.83,359,0.00,179.24,42.870000,16.760000,1000.00,cifi0007.DBF
R69G,10R69G,0,00,00,53,6,205.91,455,0.00,223.80,42.870000,16.760000,1000.00,cifi0007.DBF
R69G,10R69G,0,00,00,53,7,255.79,549,0.00,270.01,42.870000,16.760000,1000.00,cifi0007.DBF
R69G,10R69G,0,00,00,53,8,307.52,641,0.00,317.92,42.870000,16.760000,1000.00,cifi0007.DBF
R69G,10R69G,0,00,00,53,9,361.17,732,0.00,367.58,42.870000,16.760000,1000.00,cifi0007.DBF
R69G,10R69G,0,00,00,53,10,416.80,822,0.00,419.05,42.870000,16.760000,1000.00,cifi0007.DBF
R69G,10R69G,0,00,00,53,11,474.60,911,0.00,472.44,42.870000,16.760000,1000.00,cifi0007.DBF
R69G,10R69G,0,00,00,53,12,534.82,1000,0.00,527.95,42.870000,16.760000,1000.00,cifi0007.DBF
R69G,10R69G,0,00,00,53,13,548.61,1000,0.00,541.72,0.000000,16.760000,1000.00,cifi0007.DBF
R69G,10R69G,0,00,00,53,14,562.47,1000,0.00,555.54,0.000000,16.760000,1000.00,cifi0007.DBF
R69G,10R69G,0,00,00,53,15,576.46,1000,0.00,569.47,0.000000,16.760000,1000.00,cifi0007.DBF
R69G,10R69G,0,00,00,53,16,590.58,1000,0.00,583.52,0.000000,16.760000,1000.00,cifi0007.DBF
R69G,10R69G,0,00,00,53,17,604.86,1000,0.00,597.72,0.000000,16.760000,1000.00,cifi0007.DBF
R69G,10R69G,0,00,00,53,18,619.24,1000,0.00,612.05,0.000000,16.760000,1000.00,cifi0007.DBF
R69G,10R69G,0,00,00,53,19,633.70,1000,0.00,626.47,0.000000,16.760000,1000.00,cifi0007.DBF
R69G,10R69G,0,00,00,53,20,648.02,1000,0.00,640.86,0.000000,16.760000,1000.00,cifi0007.DBF
R69G,10R69G,0,00,00,53,21,662.25,1000,0.00,655.14,0.000000,16.760000,1000.00,cifi0007.DBF
R69G,10R69G,0,00,00,53,22,676.42,1000,0.00,669.34,0.000000,16.760000,1000.00,cifi0007.DBF
R69G,10R69G,0,00,00,53,23,690.51,1000,0.00,683.46,0.000000,16.760000,1000.00,cifi0007.DBF
R69G,10R69G,0,00,00,53,24,704.51,1000,0.00,697.51,0.000000,16.760000,1000.00,cifi0007.DBF
R69G,10R69G,0,00,00,53,25,718.35,1000,0.00,711.43,0.000000,16.760000,1000.00,cifi0007.DBF
R69G,10R69G,0,00,00,53,26,731.92,1000,0.00,725.13,0.000000,16.760000,1000.00,cifi0007.DBF
R69G,10R69G,0,00,00,53,27,745.12,1000,0.00,738.52,0.000000,16.760000,1000.00,cifi0007.DBF
R69G,10R69G,0,00,00,53,28,757.95,1000,0.00,751.54,0.000000,16.760000,1000.00,cifi0007.DBF
R69G,10R69G,0,00,00,53,29,770.31,1000,0.00,764.13,0.000000,16.760000,1000.00,cifi0007.DBF
R69G,10R69G,0,00,00,53,30,782.28,1000,0.00,776.30,0.000000,16.760000,1000.00,cifi0007.DBF
R69G,10R69G,0,00,00,53,31,793.89,1000,0.00,788.08,0.000000,16.760000,1000.00,cifi0007.DBF
R69G,10R69G,0,00,00,53,32,805.09,1000,0.00,799.49,0.000000,16.760000,1000.00,cifi0007.DBF
R69G,10R69G,0,00,00,53,33,815.83,1000,0.00,810.46,0.000000,16.760000,1000.00,cifi0007.DBF
R69G,10R69G,0,00,00,53,34,826.04,1000,0.00,820.93,0.000000,16.760000,1000.00,cifi0007.DBF
R69G,10R69G,0,00,00,53,35,835.69,1000,0.00,830.86,0.000000,16.760000,1000.00,cifi0007.DBF
R69G,10R69G,0,00,00,53,36,844.79,1000,0.00,840.24,0.000000,16.760000,1000.00,cifi0007.DBF
R69G,10R69G,0,00,00,53,37,853.38,1000,0.00,849.08,0.000000,16.760000,1000.00,cifi0007.DBF
R69G,10R69G,0,00,00,53,38,861.53,1000,0.00,857.45,0.000000,16.760000,1000.00,cifi0007.DBF
R69G,10R69G,0,00,00,53,39,869.59,1000,0.00,865.56,0.000000,16.760000,1000.00,cifi0007.DBF
R69G,10R69G,0,00,00,53,40,877.74,1000,0.00,873.66,0.000000,16.760000,1000.00,cifi0007.DBF
R69G,10R69G,0,00,00,53,41,886.22,1000,0.00,881.98,0.000000,16.760000,1000.00,cifi0007.DBF
R69G,10R69G,0,00,00,53,42,895.40,1000,0.00,890.81,0.000000,16.760000,1000.00,cifi0007.DBF
R69G,10R69G,0,00,00,53,43,905.88,1000,0.00,900.64,0.000000,16.760000,1000.00,cifi0007.DBF
R69G,10R69G,0,00,00,53,44,918.97,1000,0.00,912.42,0.000000,16.760000,1000.00,cifi0007.DBF
R69G,10R69G,0,00,00,53,45,936.46,1000,0.00,927.71,0.000000,16.760000,1000.00,cifi0007.DBF
R69G,10R69G,0,00,00,53,46,961.54,1000,0.00,949.00,0.000000,16.760000,1000.00,cifi0007.DBF
R69G,10R69G,0,00,00,54,1,0.00,0,0.00,18.26,20.560000,20.560000,1000.00,cifi0007.DBF
R69G,10R69G,0,00,00,54,2,31.78,77,0.00,61.68,47.350000,20.560000,1000.00,cifi0007.DBF
R69G,10R69G,0,00,00,54,3,79.89,187,0.00,106.46,47.350000,20.560000,1000.00,cifi0007.DBF
R69G,10R69G,0,00,00,54,4,129.60,295,0.00,152.70,47.350000,20.560000,1000.00,cifi0007.DBF
R69G,10R69G,0,00,00,54,5,181.18,400,0.00,200.56,47.350000,20.560000,1000.00,cifi0007.DBF
R69G,10R69G,0,00,00,54,6,234.71,504,0.00,250.21,47.350000,20.560000,1000.00,cifi0007.DBF
R69G,10R69G,0,00,00,54,7,290.27,605,0.00,301.72,47.350000,20.560000,1000.00,cifi0007.DBF
R69G,10R69G,0,00,00,54,8,347.91,705,0.00,355.15,47.350000,20.560000,1000.00,cifi0007.DBF
R69G,10R69G,0,00,00,54,9,407.74,804,0.00,410.56,47.350000,20.560000,1000.00,cifi0007.DBF
R69G,10R69G,0,00,00,54,10,469.95,902,0.00,468.08,47.350000,20.560000,1000.00,cifi0007.DBF
R69G,10R69G,0,00,00,54,11,534.82,1000,0.00,527.95,47.350000,20.560000,1000.00,cifi0007.DBF
R69G,10R69G,0,00,00,54,12,548.61,1000,0.00,541.72,0.000000,20.560000,1000.00,cifi0007.DBF
R69G,10R69G,0,00,00,54,13,562.47,1000,0.00,555.54,0.000000,20.560000,1000.00,cifi0007.DBF
R69G,10R69G,0,00,00,54,14,576.46,1000,0.00,569.47,0.000000,20.560000,1000.00,cifi0007.DBF
R69G,10R69G,0,00,00,54,15,590.58,1000,0.00,583.52,0.000000,20.560000,1000.00,cifi0007.DBF
R69G,10R69G,0,00,00,54,16,604.86,1000,0.00,597.72,0.000000,20.560000,1000.00,cifi0007.DBF
R69G,10R69G,0,00,00,54,17,619.24,1000,0.00,612.05,0.000000,20.560000,1000.00,cifi0007.DBF
R69G,10R69G,0,00,00,54,18,633.70,1000,0.00,626.47,0.000000,20.560000,1000.00,cifi0007.DBF
R69G,10R69G,0,00,00,54,19,648.02,1000,0.00,640.86,0.000000,20.560000,1000.00,cifi0007.DBF
R69G,10R69G,0,00,00,54,20,662.25,1000,0.00,655.14,0.000000,20.560000,1000.00,cifi0007.DBF
R69G,10R69G,0,00,00,54,21,676.42,1000,0.00,669.34,0.000000,20.560000,1000.00,cifi0007.DBF
R69G,10R69G,0,00,00,54,22,690.51,1000,0.00,683.46,0.000000,20.560000,1000.00,cifi0007.DBF
R69G,10R69G,0,00,00,54,23,704.51,1000,0.00,697.51,0.000000,20.560000,1000.00,cifi0007.DBF
R69G,10R69G,0,00,00,54,24,718.35,1000,0.00,711.43,0.000000,20.560000,1000.00,cifi0007.DBF
R69G,10R69G,0,00,00,54,25,731.92,1000,0.00,725.13,0.000000,20.560000,1000.00,cifi0007.DBF
R69G,10R69G,0,00,00,54,26,745.12,1000,0.00,738.52,0.000000,20.560000,1000.00,cifi0007.DBF
R69G,10R69G,0,00,00,54,27,757.95,1000,0.00,751.54,0.000000,20.560000,1000.00,cifi0007.DBF
R69G,10R69G,0,00,00,54,28,770.31,1000,0.00,764.13,0.000000,20.560000,1000.00,cifi0007.DBF
R69G,10R69G,0,00,00,54,29,782.28,1000,0.00,776.30,0.000000,20.560000,1000.00,cifi0007.DBF
R69G,10R69G,0,00,00,54,30,793.89,1000,0.00,788.08,0.000000,20.560000,1000.00,cifi0007.DBF
R69G,10R69G,0,00,00,54,31,805.09,1000,0.00,799.49,0.000000,20.560000,1000.00,cifi0007.DBF
R69G,10R69G,0,00,00,54,32,815.83,1000,0.00,810.46,0.000000,20.560000,1000.00,cifi0007.DBF
R69G,10R69G,0,00,00,54,33,826.04,1000,0.00,820.93,0.000000,20.560000,1000.00,cifi0007.DBF
R69G,10R69G,0,00,00,54,34,835.69,1000,0.00,830.86,0.000000,20.560000,1000.00,cifi0007.DBF
R69G,10R69G,0,00,00,54,35,844.79,1000,0.00,840.24,0.000000,20.560000,1000.00,cifi0007.DBF
R69G,10R69G,0,00,00,54,36,853.38,1000,0.00,849.08,0.000000,20.560000,1000.00,cifi0007.DBF
R69G,10R69G,0,00,00,54,37,861.53,1000,0.00,857.45,0.000000,20.560000,1000.00,cifi0007.DBF
R69G,10R69G,0,00,00,54,38,869.59,1000,0.00,865.56,0.000000,20.560000,1000.00,cifi0007.DBF
R69G,10R69G,0,00,00,54,39,877.74,1000,0.00,873.66,0.000000,20.560000,1000.00,cifi0007.DBF
R69G,10R69G,0,00,00,54,40,886.22,1000,0.00,881.98,0.000000,20.560000,1000.00,cifi0007.DBF
R69G,10R69G,0,00,00,54,41,895.40,1000,0.00,890.81,0.000000,20.560000,1000.00,cifi0007.DBF
R69G,10R69G,0,00,00,54,42,905.88,1000,0.00,900.64,0.000000,20.560000,1000.00,cifi0007.DBF
R69G,10R69G,0,00,00,54,43,918.97,1000,0.00,912.42,0.000000,20.560000,1000.00,cifi0007.DBF
R69G,10R69G,0,00,00,54,44,936.46,1000,0.00,927.71,0.000000,20.560000,1000.00,cifi0007.DBF
R69G,10R69G,0,00,00,54,45,961.54,1000,0.00,949.00,0.000000,20.560000,1000.00,cifi0007.DBF
R69G,10R69G,0,00,00,55,1,0.00,0,0.00,22.73,25.250000,25.250000,1000.00,cifi0007.DBF
R69G,10R69G,0,00,00,55,2,42.25,99,0.00,71.13,52.670000,25.250000,1000.00,cifi0007.DBF
R69G,10R69G,0,00,00,55,3,95.96,219,0.00,121.14,52.670000,25.250000,1000.00,cifi0007.DBF
R69G,10R69G,0,00,00,55,4,151.71,335,0.00,172.92,52.670000,25.250000,1000.00,cifi0007.DBF
R69G,10R69G,0,00,00,55,5,209.60,450,0.00,226.67,52.670000,25.250000,1000.00,cifi0007.DBF
R69G,10R69G,0,00,00,55,6,269.71,562,0.00,282.45,52.670000,25.250000,1000.00,cifi0007.DBF
R69G,10R69G,0,00,00,55,7,332.12,673,0.00,340.35,52.670000,25.250000,1000.00,cifi0007.DBF
R69G,10R69G,0,00,00,55,8,396.95,783,0.00,400.45,52.670000,25.250000,1000.00,cifi0007.DBF
R69G,10R69G,0,00,00,55,9,464.41,892,0.00,462.90,52.670000,25.250000,1000.00,cifi0007.DBF
R69G,10R69G,0,00,00,55,10,534.82,1000,0.00,527.95,52.670000,25.250000,1000.00,cifi0007.DBF
R69G,10R69G,0,00,00,55,11,548.61,1000,0.00,541.72,0.000000,25.250000,1000.00,cifi0007.DBF
R69G,10R69G,0,00,00,55,12,562.47,1000,0.00,555.54,0.000000,25.250000,1000.00,cifi0007.DBF
R69G,10R69G,0,00,00,55,13,576.46,1000,0.00,569.47,0.000000,25.250000,1000.00,cifi0007.DBF
R69G,10R69G,0,00,00,55,14,590.58,1000,0.00,583.52,0.000000,25.250000,1000.00,cifi0007.DBF
R69G,10R69G,0,00,00,55,15,604.86,1000,0.00,597.72,0.000000,25.250000,1000.00,cifi0007.DBF
R69G,10R69G,0,00,00,55,16,619.24,1000,0.00,612.05,0.000000,25.250000,1000.00,cifi0007.DBF
R69G,10R69G,0,00,00,55,17,633.70,1000,0.00,626.47,0.000000,25.250000,1000.00,cifi0007.DBF
R69G,10R69G,0,00,00,55,18,648.02,1000,0.00,640.86,0.000000,25.250000,1000.00,cifi0007.DBF
R69G,10R69G,0,00,00,55,19,662.25,1000,0.00,655.14,0.000000,25.250000,1000.00,cifi0007.DBF
R69G,10R69G,0,00,00,55,20,676.42,1000,0.00,669.34,0.000000,25.250000,1000.00,cifi0007.DBF
R69G,10R69G,0,00,00,55,21,690.51,1000,0.00,683.46,0.000000,25.250000,1000.00,cifi0007.DBF
R69G,10R69G,0,00,00,55,22,704.51,1000,0.00,697.51,0.000000,25.250000,1000.00,cifi0007.DBF
R69G,10R69G,0,00,00,55,23,718.35,1000,0.00,711.43,0.000000,25.250000,1000.00,cifi0007.DBF
R69G,10R69G,0,00,00,55,24,731.92,1000,0.00,725.13,0.000000,25.250000,1000.00,cifi0007.DBF
R69G,10R69G,0,00,00,55,25,745.12,1000,0.00,738.52,0.000000,25.250000,1000.00,cifi0007.DBF
R69G,10R69G,0,00,00,55,26,757.95,1000,0.00,751.54,0.000000,25.250000,1000.00,cifi0007.DBF
R69G,10R69G,0,00,00,55,27,770.31,1000,0.00,764.13,0.000000,25.250000,1000.00,cifi0007.DBF
R69G,10R69G,0,00,00,55,28,782.28,1000,0.00,776.30,0.000000,25.250000,1000.00,cifi0007.DBF
R69G,10R69G,0,00,00,55,29,793.89,1000,0.00,788.08,0.000000,25.250000,1000.00,cifi0007.DBF
R69G,10R69G,0,00,00,55,30,805.09,1000,0.00,799.49,0.000000,25.250000,1000.00,cifi0007.DBF
R69G,10R69G,0,00,00,55,31,815.83,1000,0.00,810.46,0.000000,25.250000,1000.00,cifi0007.DBF
R69G,10R69G,0,00,00,55,32,826.04,1000,0.00,820.93,0.000000,25.250000,1000.00,cifi0007.DBF
R69G,10R69G,0,00,00,55,33,835.69,1000,0.00,830.86,0.000000,25.250000,1000.00,cifi0007.DBF
R69G,10R69G,0,00,00,55,34,844.79,1000,0.00,840.24,0.000000,25.250000,1000.00,cifi0007.DBF
R69G,10R69G,0,00,00,55,35,853.38,1000,0.00,849.08,0.000000,25.250000,1000.00,cifi0007.DBF
R69G,10R69G,0,00,00,55,36,861.53,1000,0.00,857.45,0.000000,25.250000,1000.00,cifi0007.DBF
R69G,10R69G,0,00,00,55,37,869.59,1000,0.00,865.56,0.000000,25.250000,1000.00,cifi0007.DBF
R69G,10R69G,0,00,00,55,38,877.74,1000,0.00,873.66,0.000000,25.250000,1000.00,cifi0007.DBF
R69G,10R69G,0,00,00,55,39,886.22,1000,0.00,881.98,0.000000,25.250000,1000.00,cifi0007.DBF
R69G,10R69G,0,00,00,55,40,895.40,1000,0.00,890.81,0.000000,25.250000,1000.00,cifi0007.DBF
R69G,10R69G,0,00,00,55,41,905.88,1000,0.00,900.64,0.000000,25.250000,1000.00,cifi0007.DBF
R69G,10R69G,0,00,00,55,42,918.97,1000,0.00,912.42,0.000000,25.250000,1000.00,cifi0007.DBF
R69G,10R69G,0,00,00,55,43,936.46,1000,0.00,927.71,0.000000,25.250000,1000.00,cifi0007.DBF
R69G,10R69G,0,00,00,55,44,961.54,1000,0.00,949.00,0.000000,25.250000,1000.00,cifi0007.DBF
R69G,10R69G,0,00,00,56,1,0.00,0,0.00,28.31,31.040000,31.040000,1000.00,cifi0007.DBF
R69G,10R69G,0,00,00,56,2,55.17,126,0.00,82.88,59.110000,31.040000,1000.00,cifi0007.DBF
R69G,10R69G,0,00,00,56,3,115.98,256,0.00,139.42,59.110000,31.040000,1000.00,cifi0007.DBF
R69G,10R69G,0,00,00,56,4,179.15,385,0.00,198.13,59.110000,31.040000,1000.00,cifi0007.DBF
R69G,10R69G,0,00,00,56,5,244.79,511,0.00,259.10,59.110000,31.040000,1000.00,cifi0007.DBF
R69G,10R69G,0,00,00,56,6,312.97,635,0.00,322.43,59.110000,31.040000,1000.00,cifi0007.DBF
R69G,10R69G,0,00,00,56,7,383.86,757,0.00,388.21,59.110000,31.040000,1000.00,cifi0007.DBF
R69G,10R69G,0,00,00,56,8,457.69,879,0.00,456.62,59.110000,31.040000,1000.00,cifi0007.DBF
R69G,10R69G,0,00,00,56,9,534.82,1000,0.00,527.95,59.110000,31.040000,1000.00,cifi0007.DBF
R69G,10R69G,0,00,00,56,10,548.61,1000,0.00,541.72,0.000000,31.040000,1000.00,cifi0007.DBF
R69G,10R69G,0,00,00,56,11,562.47,1000,0.00,555.54,0.000000,31.040000,1000.00,cifi0007.DBF
R69G,10R69G,0,00,00,56,12,576.46,1000,0.00,569.47,0.000000,31.040000,1000.00,cifi0007.DBF
R69G,10R69G,0,00,00,56,13,590.58,1000,0.00,583.52,0.000000,31.040000,1000.00,cifi0007.DBF
R69G,10R69G,0,00,00,56,14,604.86,1000,0.00,597.72,0.000000,31.040000,1000.00,cifi0007.DBF
R69G,10R69G,0,00,00,56,15,619.24,1000,0.00,612.05,0.000000,31.040000,1000.00,cifi0007.DBF
R69G,10R69G,0,00,00,56,16,633.70,1000,0.00,626.47,0.000000,31.040000,1000.00,cifi0007.DBF
R69G,10R69G,0,00,00,56,17,648.02,1000,0.00,640.86,0.000000,31.040000,1000.00,cifi0007.DBF
R69G,10R69G,0,00,00,56,18,662.25,1000,0.00,655.14,0.000000,31.040000,1000.00,cifi0007.DBF
R69G,10R69G,0,00,00,56,19,676.42,1000,0.00,669.34,0.000000,31.040000,1000.00,cifi0007.DBF
R69G,10R69G,0,00,00,56,20,690.51,1000,0.00,683.46,0.000000,31.040000,1000.00,cifi0007.DBF
R69G,10R69G,0,00,00,56,21,704.51,1000,0.00,697.51,0.000000,31.040000,1000.00,cifi0007.DBF
R69G,10R69G,0,00,00,56,22,718.35,1000,0.00,711.43,0.000000,31.040000,1000.00,cifi0007.DBF
R69G,10R69G,0,00,00,56,23,731.92,1000,0.00,725.13,0.000000,31.040000,1000.00,cifi0007.DBF
R69G,10R69G,0,00,00,56,24,745.12,1000,0.00,738.52,0.000000,31.040000,1000.00,cifi0007.DBF
R69G,10R69G,0,00,00,56,25,757.95,1000,0.00,751.54,0.000000,31.040000,1000.00,cifi0007.DBF
R69G,10R69G,0,00,00,56,26,770.31,1000,0.00,764.13,0.000000,31.040000,1000.00,cifi0007.DBF
R69G,10R69G,0,00,00,56,27,782.28,1000,0.00,776.30,0.000000,31.040000,1000.00,cifi0007.DBF
R69G,10R69G,0,00,00,56,28,793.89,1000,0.00,788.08,0.000000,31.040000,1000.00,cifi0007.DBF
R69G,10R69G,0,00,00,56,29,805.09,1000,0.00,799.49,0.000000,31.040000,1000.00,cifi0007.DBF
R69G,10R69G,0,00,00,56,30,815.83,1000,0.00,810.46,0.000000,31.040000,1000.00,cifi0007.DBF
R69G,10R69G,0,00,00,56,31,826.04,1000,0.00,820.93,0.000000,31.040000,1000.00,cifi0007.DBF
R69G,10R69G,0,00,00,56,32,835.69,1000,0.00,830.86,0.000000,31.040000,1000.00,cifi0007.DBF
R69G,10R69G,0,00,00,56,33,844.79,1000,0.00,840.24,0.000000,31.040000,1000.00,cifi0007.DBF
R69G,10R69G,0,00,00,56,34,853.38,1000,0.00,849.08,0.000000,31.040000,1000.00,cifi0007.DBF
R69G,10R69G,0,00,00,56,35,861.53,1000,0.00,857.45,0.000000,31.040000,1000.00,cifi0007.DBF
R69G,10R69G,0,00,00,56,36,869.59,1000,0.00,865.56,0.000000,31.040000,1000.00,cifi0007.DBF
R69G,10R69G,0,00,00,56,37,877.74,1000,0.00,873.66,0.000000,31.040000,1000.00,cifi0007.DBF
R69G,10R69G,0,00,00,56,38,886.22,1000,0.00,881.98,0.000000,31.040000,1000.00,cifi0007.DBF
R69G,10R69G,0,00,00,56,39,895.40,1000,0.00,890.81,0.000000,31.040000,1000.00,cifi0007.DBF
R69G,10R69G,0,00,00,56,40,905.88,1000,0.00,900.64,0.000000,31.040000,1000.00,cifi0007.DBF
R69G,10R69G,0,00,00,56,41,918.97,1000,0.00,912.42,0.000000,31.040000,1000.00,cifi0007.DBF
R69G,10R69G,0,00,00,56,42,936.46,1000,0.00,927.71,0.000000,31.040000,1000.00,cifi0007.DBF
R69G,10R69G,0,00,00,56,43,961.54,1000,0.00,949.00,0.000000,31.040000,1000.00,cifi0007.DBF
R69G,10R69G,0,00,00,57,1,4.57,11,0.00,35.45,38.370000,38.370000,1000.00,cifi0007.DBF
R69G,10R69G,0,00,00,57,2,71.66,159,0.00,97.88,67.110000,38.370000,1000.00,cifi0007.DBF
R69G,10R69G,0,00,00,57,3,141.38,304,0.00,162.75,67.110000,38.370000,1000.00,cifi0007.DBF
R69G,10R69G,0,00,00,57,4,213.87,446,0.00,230.15,67.110000,38.370000,1000.00,cifi0007.DBF
R69G,10R69G,0,00,00,57,5,289.22,586,0.00,300.20,67.110000,38.370000,1000.00,cifi0007.DBF
R69G,10R69G,0,00,00,57,6,367.63,725,0.00,373.02,67.110000,38.370000,1000.00,cifi0007.DBF
R69G,10R69G,0,00,00,57,7,449.36,863,0.00,448.83,67.110000,38.370000,1000.00,cifi0007.DBF
R69G,10R69G,0,00,00,57,8,534.82,1000,0.00,527.95,67.110000,38.370000,1000.00,cifi0007.DBF
R69G,10R69G,0,00,00,57,9,548.61,1000,0.00,541.72,0.000000,38.370000,1000.00,cifi0007.DBF
R69G,10R69G,0,00,00,57,10,562.47,1000,0.00,555.54,0.000000,38.370000,1000.00,cifi0007.DBF
R69G,10R69G,0,00,00,57,11,576.46,1000,0.00,569.47,0.000000,38.370000,1000.00,cifi0007.DBF
R69G,10R69G,0,00,00,57,12,590.58,1000,0.00,583.52,0.000000,38.370000,1000.00,cifi0007.DBF
R69G,10R69G,0,00,00,57,13,604.86,1000,0.00,597.72,0.000000,38.370000,1000.00,cifi0007.DBF
R69G,10R69G,0,00,00,57,14,619.24,1000,0.00,612.05,0.000000,38.370000,1000.00,cifi0007.DBF
R69G,10R69G,0,00,00,57,15,633.70,1000,0.00,626.47,0.000000,38.370000,1000.00,cifi0007.DBF
R69G,10R69G,0,00,00,57,16,648.02,1000,0.00,640.86,0.000000,38.370000,1000.00,cifi0007.DBF
R69G,10R69G,0,00,00,57,17,662.25,1000,0.00,655.14,0.000000,38.370000,1000.00,cifi0007.DBF
R69G,10R69G,0,00,00,57,18,676.42,1000,0.00,669.34,0.000000,38.370000,1000.00,cifi0007.DBF
R69G,10R69G,0,00,00,57,19,690.51,1000,0.00,683.46,0.000000,38.370000,1000.00,cifi0007.DBF
R69G,10R69G,0,00,00,57,20,704.51,1000,0.00,697.51,0.000000,38.370000,1000.00,cifi0007.DBF
R69G,10R69G,0,00,00,57,21,718.35,1000,0.00,711.43,0.000000,38.370000,1000.00,cifi0007.DBF
R69G,10R69G,0,00,00,57,22,731.92,1000,0.00,725.13,0.000000,38.370000,1000.00,cifi0007.DBF
R69G,10R69G,0,00,00,57,23,745.12,1000,0.00,738.52,0.000000,38.370000,1000.00,cifi0007.DBF
R69G,10R69G,0,00,00,57,24,757.95,1000,0.00,751.54,0.000000,38.370000,1000.00,cifi0007.DBF
R69G,10R69G,0,00,00,57,25,770.31,1000,0.00,764.13,0.000000,38.370000,1000.00,cifi0007.DBF
R69G,10R69G,0,00,00,57,26,782.28,1000,0.00,776.30,0.000000,38.370000,1000.00,cifi0007.DBF
R69G,10R69G,0,00,00,57,27,793.89,1000,0.00,788.08,0.000000,38.370000,1000.00,cifi0007.DBF
R69G,10R69G,0,00,00,57,28,805.09,1000,0.00,799.49,0.000000,38.370000,1000.00,cifi0007.DBF
R69G,10R69G,0,00,00,57,29,815.83,1000,0.00,810.46,0.000000,38.370000,1000.00,cifi0007.DBF
R69G,10R69G,0,00,00,57,30,826.04,1000,0.00,820.93,0.000000,38.370000,1000.00,cifi0007.DBF
R69G,10R69G,0,00,00,57,31,835.69,1000,0.00,830.86,0.000000,38.370000,1000.00,cifi0007.DBF
R69G,10R69G,0,00,00,57,32,844.79,1000,0.00,840.24,0.000000,38.370000,1000.00,cifi0007.DBF
R69G,10R69G,0,00,00,57,33,853.38,1000,0.00,849.08,0.000000,38.370000,1000.00,cifi0007.DBF
R69G,10R69G,0,00,00,57,34,861.53,1000,0.00,857.45,0.000000,38.370000,1000.00,cifi0007.DBF
R69G,10R69G,0,00,00,57,35,869.59,1000,0.00,865.56,0.000000,38.370000,1000.00,cifi0007.DBF
R69G,10R69G,0,00,00,57,36,877.74,1000,0.00,873.66,0.000000,38.370000,1000.00,cifi0007.DBF
R69G,10R69G,0,00,00,57,37,886.22,1000,0.00,881.98,0.000000,38.370000,1000.00,cifi0007.DBF
R69G,10R69G,0,00,00,57,38,895.40,1000,0.00,890.81,0.000000,38.370000,1000.00,cifi0007.DBF
R69G,10R69G,0,00,00,57,39,905.88,1000,0.00,900.64,0.000000,38.370000,1000.00,cifi0007.DBF
R69G,10R69G,0,00,00,57,40,918.97,1000,0.00,912.42,0.000000,38.370000,1000.00,cifi0007.DBF
R69G,10R69G,0,00,00,57,41,936.46,1000,0.00,927.71,0.000000,38.370000,1000.00,cifi0007.DBF
R69G,10R69G,0,00,00,57,42,961.54,1000,0.00,949.00,0.000000,38.370000,1000.00,cifi0007.DBF
R69G,10R69G,0,00,00,58,1,15.09,34,0.00,44.72,47.730000,47.730000,1000.00,cifi0007.DBF
R69G,10R69G,0,00,00,58,2,93.18,200,0.00,117.46,77.340000,47.730000,1000.00,cifi0007.DBF
R69G,10R69G,0,00,00,58,3,174.41,364,0.00,193.09,77.340000,47.730000,1000.00,cifi0007.DBF
R69G,10R69G,0,00,00,58,4,258.91,525,0.00,271.75,77.340000,47.730000,1000.00,cifi0007.DBF
R69G,10R69G,0,00,00,58,5,346.91,684,0.00,353.59,77.340000,47.730000,1000.00,cifi0007.DBF
R69G,10R69G,0,00,00,58,6,438.73,842,0.00,438.87,77.340000,47.730000,1000.00,cifi0007.DBF
R69G,10R69G,0,00,00,58,7,534.82,1000,0.00,527.95,77.340000,47.730000,1000.00,cifi0007.DBF
R69G,10R69G,0,00,00,58,8,548.61,1000,0.00,541.72,0.000000,47.730000,1000.00,cifi0007.DBF
R69G,10R69G,0,00,00,58,9,562.47,1000,0.00,555.54,0.000000,47.730000,1000.00,cifi0007.DBF
R69G,10R69G,0,00,00,58,10,576.46,1000,0.00,569.47,0.000000,47.730000,1000.00,cifi0007.DBF
R69G,10R69G,0,00,00,58,11,590.58,1000,0.00,583.52,0.000000,47.730000,1000.00,cifi0007.DBF
R69G,10R69G,0,00,00,58,12,604.86,1000,0.00,597.72,0.000000,47.730000,1000.00,cifi0007.DBF
R69G,10R69G,0,00,00,58,13,619.24,1000,0.00,612.05,0.000000,47.730000,1000.00,cifi0007.DBF
R69G,10R69G,0,00,00,58,14,633.70,1000,0.00,626.47,0.000000,47.730000,1000.00,cifi0007.DBF
R69G,10R69G,0,00,00,58,15,648.02,1000,0.00,640.86,0.000000,47.730000,1000.00,cifi0007.DBF
R69G,10R69G,0,00,00,58,16,662.25,1000,0.00,655.14,0.000000,47.730000,1000.00,cifi0007.DBF
R69G,10R69G,0,00,00,58,17,676.42,1000,0.00,669.34,0.000000,47.730000,1000.00,cifi0007.DBF
R69G,10R69G,0,00,00,58,18,690.51,1000,0.00,683.46,0.000000,47.730000,1000.00,cifi0007.DBF
R69G,10R69G,0,00,00,58,19,704.51,1000,0.00,697.51,0.000000,47.730000,1000.00,cifi0007.DBF
R69G,10R69G,0,00,00,58,20,718.35,1000,0.00,711.43,0.000000,47.730000,1000.00,cifi0007.DBF
R69G,10R69G,0,00,00,58,21,731.92,1000,0.00,725.13,0.000000,47.730000,1000.00,cifi0007.DBF
R69G,10R69G,0,00,00,58,22,745.12,1000,0.00,738.52,0.000000,47.730000,1000.00,cifi0007.DBF
R69G,10R69G,0,00,00,58,23,757.95,1000,0.00,751.54,0.000000,47.730000,1000.00,cifi0007.DBF
R69G,10R69G,0,00,00,58,24,770.31,1000,0.00,764.13,0.000000,47.730000,1000.00,cifi0007.DBF
R69G,10R69G,0,00,00,58,25,782.28,1000,0.00,776.30,0.000000,47.730000,1000.00,cifi0007.DBF
R69G,10R69G,0,00,00,58,26,793.89,1000,0.00,788.08,0.000000,47.730000,1000.00,cifi0007.DBF
R69G,10R69G,0,00,00,58,27,805.09,1000,0.00,799.49,0.000000,47.730000,1000.00,cifi0007.DBF
R69G,10R69G,0,00,00,58,28,815.83,1000,0.00,810.46,0.000000,47.730000,1000.00,cifi0007.DBF
R69G,10R69G,0,00,00,58,29,826.04,1000,0.00,820.93,0.000000,47.730000,1000.00,cifi0007.DBF
R69G,10R69G,0,00,00,58,30,835.69,1000,0.00,830.86,0.000000,47.730000,1000.00,cifi0007.DBF
R69G,10R69G,0,00,00,58,31,844.79,1000,0.00,840.24,0.000000,47.730000,1000.00,cifi0007.DBF
R69G,10R69G,0,00,00,58,32,853.38,1000,0.00,849.08,0.000000,47.730000,1000.00,cifi0007.DBF
R69G,10R69G,0,00,00,58,33,861.53,1000,0.00,857.45,0.000000,47.730000,1000.00,cifi0007.DBF
R69G,10R69G,0,00,00,58,34,869.59,1000,0.00,865.56,0.000000,47.730000,1000.00,cifi0007.DBF
R69G,10R69G,0,00,00,58,35,877.74,1000,0.00,873.66,0.000000,47.730000,1000.00,cifi0007.DBF
R69G,10R69G,0,00,00,58,36,886.22,1000,0.00,881.98,0.000000,47.730000,1000.00,cifi0007.DBF
R69G,10R69G,0,00,00,58,37,895.40,1000,0.00,890.81,0.000000,47.730000,1000.00,cifi0007.DBF
R69G,10R69G,0,00,00,58,38,905.88,1000,0.00,900.64,0.000000,47.730000,1000.00,cifi0007.DBF
R69G,10R69G,0,00,00,58,39,918.97,1000,0.00,912.42,0.000000,47.730000,1000.00,cifi0007.DBF
R69G,10R69G,0,00,00,58,40,936.46,1000,0.00,927.71,0.000000,47.730000,1000.00,cifi0007.DBF
R69G,10R69G,0,00,00,58,41,961.54,1000,0.00,949.00,0.000000,47.730000,1000.00,cifi0007.DBF
R69G,10R69G,0,00,00,59,1,29.19,63,0.00,57.38,60.430000,60.430000,1000.00,cifi0007.DBF
R69G,10R69G,0,00,00,59,2,122.02,255,0.00,143.93,90.910000,60.430000,1000.00,cifi0007.DBF
R69G,10R69G,0,00,00,59,3,218.67,443,0.00,234.01,90.910000,60.430000,1000.00,cifi0007.DBF
R69G,10R69G,0,00,00,59,4,319.40,630,0.00,327.81,90.910000,60.430000,1000.00,cifi0007.DBF
R69G,10R69G,0,00,00,59,5,424.61,815,0.00,425.64,90.910000,60.430000,1000.00,cifi0007.DBF
R69G,10R69G,0,00,00,59,6,534.82,1000,0.00,527.95,90.910000,60.430000,1000.00,cifi0007.DBF
R69G,10R69G,0,00,00,59,7,548.61,1000,0.00,541.72,0.000000,60.430000,1000.00,cifi0007.DBF
R69G,10R69G,0,00,00,59,8,562.47,1000,0.00,555.54,0.000000,60.430000,1000.00,cifi0007.DBF
R69G,10R69G,0,00,00,59,9,576.46,1000,0.00,569.47,0.000000,60.430000,1000.00,cifi0007.DBF
R69G,10R69G,0,00,00,59,10,590.58,1000,0.00,583.52,0.000000,60.430000,1000.00,cifi0007.DBF
R69G,10R69G,0,00,00,59,11,604.86,1000,0.00,597.72,0.000000,60.430000,1000.00,cifi0007.DBF
R69G,10R69G,0,00,00,59,12,619.24,1000,0.00,612.05,0.000000,60.430000,1000.00,cifi0007.DBF
R69G,10R69G,0,00,00,59,13,633.70,1000,0.00,626.47,0.000000,60.430000,1000.00,cifi0007.DBF
R69G,10R69G,0,00,00,59,14,648.02,1000,0.00,640.86,0.000000,60.430000,1000.00,cifi0007.DBF
R69G,10R69G,0,00,00,59,15,662.25,1000,0.00,655.14,0.000000,60.430000,1000.00,cifi0007.DBF
R69G,10R69G,0,00,00,59,16,676.42,1000,0.00,669.34,0.000000,60.430000,1000.00,cifi0007.DBF
R69G,10R69G,0,00,00,59,17,690.51,1000,0.00,683.46,0.000000,60.430000,1000.00,cifi0007.DBF
R69G,10R69G,0,00,00,59,18,704.51,1000,0.00,697.51,0.000000,60.430000,1000.00,cifi0007.DBF
R69G,10R69G,0,00,00,59,19,718.35,1000,0.00,711.43,0.000000,60.430000,1000.00,cifi0007.DBF
R69G,10R69G,0,00,00,59,20,731.92,1000,0.00,725.13,0.000000,60.430000,1000.00,cifi0007.DBF
R69G,10R69G,0,00,00,59,21,745.12,1000,0.00,738.52,0.000000,60.430000,1000.00,cifi0007.DBF
R69G,10R69G,0,00,00,59,22,757.95,1000,0.00,751.54,0.000000,60.430000,1000.00,cifi0007.DBF
R69G,10R69G,0,00,00,59,23,770.31,1000,0.00,764.13,0.000000,60.430000,1000.00,cifi0007.DBF
R69G,10R69G,0,00,00,59,24,782.28,1000,0.00,776.30,0.000000,60.430000,1000.00,cifi0007.DBF
R69G,10R69G,0,00,00,59,25,793.89,1000,0.00,788.08,0.000000,60.430000,1000.00,cifi0007.DBF
R69G,10R69G,0,00,00,59,26,805.09,1000,0.00,799.49,0.000000,60.430000,1000.00,cifi0007.DBF
R69G,10R69G,0,00,00,59,27,815.83,1000,0.00,810.46,0.000000,60.430000,1000.00,cifi0007.DBF
R69G,10R69G,0,00,00,59,28,826.04,1000,0.00,820.93,0.000000,60.430000,1000.00,cifi0007.DBF
R69G,10R69G,0,00,00,59,29,835.69,1000,0.00,830.86,0.000000,60.430000,1000.00,cifi0007.DBF
R69G,10R69G,0,00,00,59,30,844.79,1000,0.00,840.24,0.000000,60.430000,1000.00,cifi0007.DBF
R69G,10R69G,0,00,00,59,31,853.38,1000,0.00,849.08,0.000000,60.430000,1000.00,cifi0007.DBF
R69G,10R69G,0,00,00,59,32,861.53,1000,0.00,857.45,0.000000,60.430000,1000.00,cifi0007.DBF
R69G,10R69G,0,00,00,59,33,869.59,1000,0.00,865.56,0.000000,60.430000,1000.00,cifi0007.DBF
R69G,10R69G,0,00,00,59,34,877.74,1000,0.00,873.66,0.000000,60.430000,1000.00,cifi0007.DBF
R69G,10R69G,0,00,00,59,35,886.22,1000,0.00,881.98,0.000000,60.430000,1000.00,cifi0007.DBF
R69G,10R69G,0,00,00,59,36,895.40,1000,0.00,890.81,0.000000,60.430000,1000.00,cifi0007.DBF
R69G,10R69G,0,00,00,59,37,905.88,1000,0.00,900.64,0.000000,60.430000,1000.00,cifi0007.DBF
R69G,10R69G,0,00,00,59,38,918.97,1000,0.00,912.42,0.000000,60.430000,1000.00,cifi0007.DBF
R69G,10R69G,0,00,00,59,39,936.46,1000,0.00,927.71,0.000000,60.430000,1000.00,cifi0007.DBF
R69G,10R69G,0,00,00,59,40,961.54,1000,0.00,949.00,0.000000,60.430000,1000.00,cifi0007.DBF
R69G,10R69G,0,00,00,60,1,49.01,103,0.00,75.49,78.490000,78.490000,1000.00,cifi0007.DBF
R69G,10R69G,0,00,00,60,2,162.59,330,0.00,181.46,109.810000,78.490000,1000.00,cifi0007.DBF
R69G,10R69G,0,00,00,60,3,281.07,555,0.00,291.91,109.810000,78.490000,1000.00,cifi0007.DBF
R69G,10R69G,0,00,00,60,4,404.93,778,0.00,407.23,109.810000,78.490000,1000.00,cifi0007.DBF
R69G,10R69G,0,00,00,60,5,534.82,1000,0.00,527.95,109.810000,78.490000,1000.00,cifi0007.DBF
R69G,10R69G,0,00,00,60,6,548.61,1000,0.00,541.72,0.000000,78.490000,1000.00,cifi0007.DBF
R69G,10R69G,0,00,00,60,7,562.47,1000,0.00,555.54,0.000000,78.490000,1000.00,cifi0007.DBF
R69G,10R69G,0,00,00,60,8,576.46,1000,0.00,569.47,0.000000,78.490000,1000.00,cifi0007.DBF
R69G,10R69G,0,00,00,60,9,590.58,1000,0.00,583.52,0.000000,78.490000,1000.00,cifi0007.DBF
R69G,10R69G,0,00,00,60,10,604.86,1000,0.00,597.72,0.000000,78.490000,1000.00,cifi0007.DBF
R69G,10R69G,0,00,00,60,11,619.24,1000,0.00,612.05,0.000000,78.490000,1000.00,cifi0007.DBF
R69G,10R69G,0,00,00,60,12,633.70,1000,0.00,626.47,0.000000,78.490000,1000.00,cifi0007.DBF
R69G,10R69G,0,00,00,60,13,648.02,1000,0.00,640.86,0.000000,78.490000,1000.00,cifi0007.DBF
R69G,10R69G,0,00,00,60,14,662.25,1000,0.00,655.14,0.000000,78.490000,1000.00,cifi0007.DBF
R69G,10R69G,0,00,00,60,15,676.42,1000,0.00,669.34,0.000000,78.490000,1000.00,cifi0007.DBF
R69G,10R69G,0,00,00,60,16,690.51,1000,0.00,683.46,0.000000,78.490000,1000.00,cifi0007.DBF
R69G,10R69G,0,00,00,60,17,704.51,1000,0.00,697.51,0.000000,78.490000,1000.00,cifi0007.DBF
R69G,10R69G,0,00,00,60,18,718.35,1000,0.00,711.43,0.000000,78.490000,1000.00,cifi0007.DBF
R69G,10R69G,0,00,00,60,19,731.92,1000,0.00,725.13,0.000000,78.490000,1000.00,cifi0007.DBF
R69G,10R69G,0,00,00,60,20,745.12,1000,0.00,738.52,0.000000,78.490000,1000.00,cifi0007.DBF
R69G,10R69G,0,00,00,60,21,757.95,1000,0.00,751.54,0.000000,78.490000,1000.00,cifi0007.DBF
R69G,10R69G,0,00,00,60,22,770.31,1000,0.00,764.13,0.000000,78.490000,1000.00,cifi0007.DBF
R69G,10R69G,0,00,00,60,23,782.28,1000,0.00,776.30,0.000000,78.490000,1000.00,cifi0007.DBF
R69G,10R69G,0,00,00,60,24,793.89,1000,0.00,788.08,0.000000,78.490000,1000.00,cifi0007.DBF
R69G,10R69G,0,00,00,60,25,805.09,1000,0.00,799.49,0.000000,78.490000,1000.00,cifi0007.DBF
R69G,10R69G,0,00,00,60,26,815.83,1000,0.00,810.46,0.000000,78.490000,1000.00,cifi0007.DBF
R69G,10R69G,0,00,00,60,27,826.04,1000,0.00,820.93,0.000000,78.490000,1000.00,cifi0007.DBF
R69G,10R69G,0,00,00,60,28,835.69,1000,0.00,830.86,0.000000,78.490000,1000.00,cifi0007.DBF
R69G,10R69G,0,00,00,60,29,844.79,1000,0.00,840.24,0.000000,78.490000,1000.00,cifi0007.DBF
R69G,10R69G,0,00,00,60,30,853.38,1000,0.00,849.08,0.000000,78.490000,1000.00,cifi0007.DBF
R69G,10R69G,0,00,00,60,31,861.53,1000,0.00,857.45,0.000000,78.490000,1000.00,cifi0007.DBF
R69G,10R69G,0,00,00,60,32,869.59,1000,0.00,865.56,0.000000,78.490000,1000.00,cifi0007.DBF
R69G,10R69G,0,00,00,60,33,877.74,1000,0.00,873.66,0.000000,78.490000,1000.00,cifi0007.DBF
R69G,10R69G,0,00,00,60,34,886.22,1000,0.00,881.98,0.000000,78.490000,1000.00,cifi0007.DBF
R69G,10R69G,0,00,00,60,35,895.40,1000,0.00,890.81,0.000000,78.490000,1000.00,cifi0007.DBF
R69G,10R69G,0,00,00,60,36,905.88,1000,0.00,900.64,0.000000,78.490000,1000.00,cifi0007.DBF
R69G,10R69G,0,00,00,60,37,918.97,1000,0.00,912.42,0.000000,78.490000,1000.00,cifi0007.DBF
R69G,10R69G,0,00,00,60,38,936.46,1000,0.00,927.71,0.000000,78.490000,1000.00,cifi0007.DBF
R69G,10R69G,0,00,00,60,39,961.54,1000,0.00,949.00,0.000000,78.490000,1000.00,cifi0007.DBF
