mpolicy,mphase,claimnum,family,lifecycle,before_claimstat,after_claimstat,reason,has_payment,mpaid,pddate,origsttus
010154425C,1,RC-9010154425,DISBURSEMENT_CLAIM,PAID,99,99,FAMILY_SURRENDER_BUCKET,True,0.00,,99
010235370C,1,RC-9010235370,DISBURSEMENT_CLAIM,PAID,99,99,FAMILY_SURRENDER_BUCKET,True,0.00,,99
010335095C,1,RC-9010335095,DISBURSEMENT_CLAIM,PAID,99,99,FAMILY_SURRENDER_BUCKET,True,0.00,,99
010348734C,1,RC-9010348734,DISBURSEMENT_CLAIM,PAID,99,99,FAMILY_SURRENDER_BUCKET,True,0.00,,99
010391359C,1,RC-9010391359,DEATH_CLAIM,FUNDED,1,2,DEATH_PAID_IN_FULL,True,0.00,,1
010392493C,1,RC-9010392493,DISBURSEMENT_CLAIM,PAID,99,99,FAMILY_SURRENDER_BUCKET,True,0.00,,99
010393181C,1,RC-9010393181,DISBURSEMENT_CLAIM,PAID,99,99,FAMILY_SURRENDER_BUCKET,True,0.00,,99
010393931C,1,RC-9010393931,DISBURSEMENT_CLAIM,PAID,99,99,FAMILY_SURRENDER_BUCKET,True,0.00,,99
010397118C,1,RC-9010397118,DISBURSEMENT_CLAIM,PAID,99,99,FAMILY_SURRENDER_BUCKET,True,0.00,,99
010397318C,1,RC-9010397318,DEATH_CLAIM,SETTLED,3,2,DEATH_PAID_IN_FULL,True,3626.03,20200409,3
010402010C,1,RC-9010402010,DEATH_CLAIM,SETTLED,3,2,DEATH_PAID_IN_FULL,True,10700.73,20221021,3
010402014C,1,RC-9010402014,DEATH_CLAIM,SETTLED,3,2,DEATH_PAID_IN_FULL,True,4290.22,20230913,3
010403109C,1,RC-9010403109,DISBURSEMENT_CLAIM,PAID,99,99,FAMILY_SURRENDER_BUCKET,True,0.00,,99
010406962C,1,RC-9010406962,DEATH_CLAIM,SETTLED,3,2,DEATH_PAID_IN_FULL,True,883.67,20210726,3
010418088C,1,RC-9010418088,DEATH_CLAIM,SETTLED,3,2,DEATH_PAID_IN_FULL,True,10000.00,20240629,3
010425845C,1,RC-9010425845,DEATH_CLAIM,SETTLED,3,2,DEATH_PAID_IN_FULL,True,7547.16,20210625,3
010425845C,1,RC-9010425845,DISBURSEMENT_CLAIM,PAID,99,99,FAMILY_SURRENDER_BUCKET,True,0.00,,99
010426657C,1,RC-9010426657,DISBURSEMENT_CLAIM,PAID,99,99,FAMILY_SURRENDER_BUCKET,True,0.00,,99
010434419C,1,RC-9010434419,DEATH_CLAIM,SETTLED,3,2,DEATH_PAID_IN_FULL,True,5603.16,20240224,3
010434421C,1,RC-9010434421,DISBURSEMENT_CLAIM,PAID,99,99,FAMILY_SURRENDER_BUCKET,True,0.00,,99
010434747C,1,RC-9010434747,DISBURSEMENT_CLAIM,PAID,99,99,FAMILY_SURRENDER_BUCKET,True,8311.59,,99
010436599C,1,RC-9010436599,DEATH_CLAIM,SETTLED,3,2,DEATH_PAID_IN_FULL,True,1256.98,20190212,3
010438325C,1,RC-9010438325,DEATH_CLAIM,SETTLED,3,2,DEATH_PAID_IN_FULL,True,4104.54,20231225,3
010439084C,1,RC-9010439084,DISBURSEMENT_CLAIM,PAID,99,99,FAMILY_SURRENDER_BUCKET,True,0.00,,99
010444283C,1,RC-9010444283,DISBURSEMENT_CLAIM,PAID,99,99,FAMILY_SURRENDER_BUCKET,True,0.00,,99
010445131C,1,RC-9010445131,DEATH_CLAIM,SETTLED,3,2,DEATH_PAID_IN_FULL,True,5644.66,20201201,3
010445575C,1,RC-9010445575,DISBURSEMENT_CLAIM,PAID,99,99,FAMILY_SURRENDER_BUCKET,True,0.00,,99
010458657C,1,RC-9010458657,DEATH_CLAIM,SETTLED,3,2,DEATH_PAID_IN_FULL,True,5056.24,20191012,3
010459336C,1,RC-9010459336,DISBURSEMENT_CLAIM,PAID,99,99,FAMILY_SURRENDER_BUCKET,True,0.00,,99
010459970C,1,RC-9010459970,DEATH_CLAIM,SETTLED,3,2,DEATH_PAID_IN_FULL,True,3580.00,20190621,3
010459970C,1,RC-9010459970,DISBURSEMENT_CLAIM,PAID,99,99,FAMILY_SURRENDER_BUCKET,True,0.00,,99
010463537C,1,RC-9010463537,DISBURSEMENT_CLAIM,PAID,99,99,FAMILY_SURRENDER_BUCKET,True,0.00,,99
010464590C,1,RC-9010464590,DEATH_CLAIM,SETTLED,3,2,DEATH_PAID_IN_FULL,True,3427.26,20200118,3
010465265C,1,RC-9010465265,DEATH_CLAIM,SETTLED,3,2,DEATH_PAID_IN_FULL,True,1687.59,20190224,3
010469430C,1,RC-9010469430,DISBURSEMENT_CLAIM,PAID,99,99,FAMILY_SURRENDER_BUCKET,True,5528.53,,99
010473137C,1,RC-9010473137,DEATH_CLAIM,SETTLED,3,2,DEATH_PAID_IN_FULL,True,5248.51,20190807,3
010473866C,1,RC-9010473866,DISBURSEMENT_CLAIM,PAID,99,99,FAMILY_SURRENDER_BUCKET,True,0.00,,99
010475576C,1,RC-9010475576,DEATH_CLAIM,SETTLED,3,2,DEATH_PAID_IN_FULL,True,5268.37,20211004,3
010478259C,1,RC-9010478259,DEATH_CLAIM,SETTLED,3,2,DEATH_PAID_IN_FULL,True,1644.11,20190919,3
010478574C,1,RC-9010478574,DEATH_CLAIM,SETTLED,3,2,DEATH_PAID_IN_FULL,True,5695.12,20200218,3
010487886C,1,RC-9010487886,DISBURSEMENT_CLAIM,PAID,99,99,FAMILY_SURRENDER_BUCKET,True,0.00,,99
010494171C,1,RC-9010494171,DISBURSEMENT_CLAIM,PAID,99,99,FAMILY_SURRENDER_BUCKET,True,0.00,,99
010495113C,1,RC-9010495113,DISBURSEMENT_CLAIM,PAID,99,99,FAMILY_SURRENDER_BUCKET,True,0.00,,99
010495113C,1,RC-9010495113,DISBURSEMENT_CLAIM,PAID,99,99,FAMILY_SURRENDER_BUCKET,True,0.00,,99
010495113C,1,RC-9010495113,DISBURSEMENT_CLAIM,PAID,99,99,FAMILY_SURRENDER_BUCKET,True,0.00,,99
010496486C,1,RC-9010496486,DEATH_CLAIM,SETTLED,3,2,DEATH_PAID_IN_FULL,True,2003.75,20231120,3
010497768C,1,RC-9010497768,DISBURSEMENT_CLAIM,PAID,99,99,FAMILY_SURRENDER_BUCKET,True,4333.93,,99
010499269C,1,RC-9010499269,DEATH_CLAIM,SETTLED,3,2,DEATH_PAID_IN_FULL,True,1504.34,20180115,3
010500769C,1,RC-9010500769,DEATH_CLAIM,SETTLED,3,2,DEATH_PAID_IN_FULL,True,10046.28,20230824,3
010501466C,1,RC-9010501466,DEATH_CLAIM,SETTLED,3,2,DEATH_PAID_IN_FULL,True,5006.90,20201116,3
010506789C,1,RC-9010506789,DEATH_CLAIM,SETTLED,3,2,DEATH_PAID_IN_FULL,True,7578.07,20210116,3
010510671C,1,RC-9010510671,DISBURSEMENT_CLAIM,PAID,99,99,FAMILY_SURRENDER_BUCKET,True,0.00,,99
010512061C,1,RC-9010512061,DISBURSEMENT_CLAIM,PAID,99,99,FAMILY_SURRENDER_BUCKET,True,0.00,,99
010521160C,1,RC-9010521160,DEATH_CLAIM,FUNDED,1,2,DEATH_PAID_IN_FULL,True,0.00,,1
010529993C,1,RC-9010529993,DISBURSEMENT_CLAIM,PAID,99,99,FAMILY_SURRENDER_BUCKET,True,0.00,,99
010530033C,1,RC-9010530033,DISBURSEMENT_CLAIM,PAID,99,99,FAMILY_SURRENDER_BUCKET,True,0.00,,99
010540781C,1,RC-9010540781,DISBURSEMENT_CLAIM,PAID,99,99,FAMILY_SURRENDER_BUCKET,True,0.00,,99
010544182C,1,RC-9010544182,DEATH_CLAIM,SETTLED,3,2,DEATH_PAID_IN_FULL,True,4388.64,20201005,3
010545623C,1,RC-9010545623,DISBURSEMENT_CLAIM,PAID,99,99,FAMILY_SURRENDER_BUCKET,True,0.00,,99
010547488C,1,RC-9010547488,DISBURSEMENT_CLAIM,PAID,99,99,FAMILY_SURRENDER_BUCKET,True,0.00,,99
010549966C,1,RC-9010549966,DEATH_CLAIM,FUNDED,1,2,DEATH_PAID_IN_FULL,True,0.00,,1
010578820C,1,RC-9010578820,DEATH_CLAIM,SETTLED,3,2,DEATH_PAID_IN_FULL,True,1683.88,20200118,3
010580464C,1,RC-9010580464,DEATH_CLAIM,SETTLED,3,2,DEATH_PAID_IN_FULL,True,1828.19,20200712,3
010718495C,1,RC-9010718495,DEATH_CLAIM,SETTLED,3,2,DEATH_PAID_IN_FULL,True,25000.00,20220214,3
010724403C,1,RC-9010724403,DEATH_CLAIM,SETTLED,3,2,DEATH_PAID_IN_FULL,True,100000.00,20220711,3
010726319C,1,RC-9010726319,DISBURSEMENT_CLAIM,PAID,99,99,FAMILY_SURRENDER_BUCKET,True,0.00,,99
010736283C,1,RC-9010736283,DEATH_CLAIM,SETTLED,3,2,DEATH_PAID_IN_FULL,True,25027.65,20190214,3
010737619C,1,RC-9010737619,DISBURSEMENT_CLAIM,PAID,99,99,FAMILY_SURRENDER_BUCKET,True,0.00,,99
010738751C,1,RC-9010738751,DISBURSEMENT_CLAIM,PAID,99,99,FAMILY_SURRENDER_BUCKET,True,0.00,,99
010740836C,1,RC-9010740836,DEATH_CLAIM,SETTLED,3,2,DEATH_PAID_IN_FULL,True,5000.00,20191108,3
010740877C,1,RC-9010740877,DEATH_CLAIM,SETTLED,3,2,DEATH_PAID_IN_FULL,True,50000.00,20210214,3
010741302C,1,RC-9010741302,DISBURSEMENT_CLAIM,PAID,99,99,FAMILY_SURRENDER_BUCKET,True,0.00,,99
010741334C,1,RC-9010741334,DISBURSEMENT_CLAIM,PAID,99,99,FAMILY_SURRENDER_BUCKET,True,0.00,,99
010742224C,1,RC-9010742224,DEATH_CLAIM,SETTLED,3,2,DEATH_PAID_IN_FULL,True,25060.22,20220411,3
010742814C,1,RC-9010742814,DEATH_CLAIM,SETTLED,3,2,DEATH_PAID_IN_FULL,True,5009.42,20180630,3
010743074C,1,RC-9010743074,DEATH_CLAIM,SETTLED,3,2,DEATH_PAID_IN_FULL,True,8065.46,20181229,3
010744412C,1,RC-9010744412,DEATH_CLAIM,SETTLED,3,2,DEATH_PAID_IN_FULL,True,11703.34,20221103,3
010745344C,1,RC-9010745344,DEATH_CLAIM,SETTLED,3,2,DEATH_PAID_IN_FULL,True,40340.02,20180225,3
010745640C,1,RC-9010745640,DEATH_CLAIM,SETTLED,3,2,DEATH_PAID_IN_FULL,True,15152.24,20231009,3
010745811C,1,RC-9010745811,DEATH_CLAIM,SETTLED,3,2,DEATH_PAID_IN_FULL,True,50007.18,20241016,3
010746498C,1,RC-9010746498,DEATH_CLAIM,SETTLED,3,2,DEATH_PAID_IN_FULL,True,50041.07,20181005,3
010747241C,1,RC-9010747241,DEATH_CLAIM,SETTLED,3,2,DEATH_PAID_IN_FULL,True,14822.88,20180806,3
010747320C,1,RC-9010747320,DISBURSEMENT_CLAIM,PAID,99,99,FAMILY_SURRENDER_BUCKET,True,0.00,,99
010747438C,1,RC-9010747438,DEATH_CLAIM,SETTLED,3,2,DEATH_PAID_IN_FULL,True,40081.38,20180602,3
010748070C,1,RC-9010748070,DEATH_CLAIM,SETTLED,3,2,DEATH_PAID_IN_FULL,True,6545.81,20190211,3
010748517C,1,RC-9010748517,DEATH_CLAIM,SETTLED,3,2,DEATH_PAID_IN_FULL,True,5018.86,20180508,3
010749054C,1,RC-9010749054,DEATH_CLAIM,SETTLED,3,2,DEATH_PAID_IN_FULL,True,10174.71,20190313,3
010749401C,1,RC-9010749401,DISBURSEMENT_CLAIM,PAID,99,99,FAMILY_SURRENDER_BUCKET,True,0.00,,99
010749968C,1,RC-9010749968,DEATH_CLAIM,SETTLED,3,2,DEATH_PAID_IN_FULL,True,5000.00,20221025,3
010752477C,1,RC-9010752477,DEATH_CLAIM,SETTLED,3,2,DEATH_PAID_IN_FULL,True,76119.15,20190620,3
010752513C,1,RC-9010752513,DISBURSEMENT_CLAIM,PAID,99,99,FAMILY_SURRENDER_BUCKET,True,0.00,,99
010752513C,1,RC-9010752513,DISBURSEMENT_CLAIM,PAID,99,99,FAMILY_SURRENDER_BUCKET,True,0.00,,99
010753311C,1,RC-9010753311,DEATH_CLAIM,SETTLED,3,2,DEATH_PAID_IN_FULL,True,9062.00,20210730,3
010753687C,1,RC-9010753687,DEATH_CLAIM,SETTLED,3,2,DEATH_PAID_IN_FULL,True,7918.96,20240914,3
010756020C,1,RC-9010756020,DEATH_CLAIM,SETTLED,3,2,DEATH_PAID_IN_FULL,True,5103.26,20201217,3
010756024C,1,RC-9010756024,DEATH_CLAIM,SETTLED,3,2,DEATH_PAID_IN_FULL,True,25151.02,20250605,3
010756033C,1,RC-9010756033,DEATH_CLAIM,SETTLED,3,2,DEATH_PAID_IN_FULL,True,11449.59,20231027,3
010756033C,1,RC-9010756033,DISBURSEMENT_CLAIM,PAID,99,99,FAMILY_SURRENDER_BUCKET,True,11449.59,,99
010756540C,1,RC-9010756540,DISBURSEMENT_CLAIM,PAID,99,99,FAMILY_SURRENDER_BUCKET,True,0.00,,99
010756929C,1,RC-9010756929,DEATH_CLAIM,SETTLED,3,2,DEATH_PAID_IN_FULL,True,26665.02,20250610,3
010756931C,1,RC-9010756931,DEATH_CLAIM,SETTLED,3,2,DEATH_PAID_IN_FULL,True,40015.70,20220905,3
010757042C,1,RC-9010757042,DEATH_CLAIM,SETTLED,3,2,DEATH_PAID_IN_FULL,True,5036.82,20210520,3
010757508C,1,RC-9010757508,DEATH_CLAIM,SETTLED,3,2,DEATH_PAID_IN_FULL,True,3975.00,20200305,3
010757536C,1,RC-9010757536,DEATH_CLAIM,SETTLED,3,2,DEATH_PAID_IN_FULL,True,12824.73,20230918,3
010757542C,1,RC-9010757542,DEATH_CLAIM,SETTLED,3,2,DEATH_PAID_IN_FULL,True,8213.38,20180120,3
010757551C,1,RC-9010757551,DEATH_CLAIM,SETTLED,3,2,DEATH_PAID_IN_FULL,True,11226.64,20250918,3
010757817C,1,RC-9010757817,DEATH_CLAIM,SETTLED,3,2,DEATH_PAID_IN_FULL,True,10413.54,20180318,3
010758520C,1,RC-9010758520,DISBURSEMENT_CLAIM,PAID,99,99,FAMILY_SURRENDER_BUCKET,True,0.00,,99
010758549C,1,RC-9010758549,DEATH_CLAIM,SETTLED,3,2,DEATH_PAID_IN_FULL,True,6000.00,20190202,3
010758573C,1,RC-9010758573,DEATH_CLAIM,SETTLED,3,2,DEATH_PAID_IN_FULL,True,25000.00,20250704,3
010759357C,1,RC-9010759357,DEATH_CLAIM,SETTLED,3,2,DEATH_PAID_IN_FULL,True,5040.60,20180701,3
010759932C,1,RC-9010759932,DEATH_CLAIM,SETTLED,3,2,DEATH_PAID_IN_FULL,True,25000.00,20220518,3
010759932C,1,RC-9010759932,DISBURSEMENT_CLAIM,PAID,99,99,FAMILY_SURRENDER_BUCKET,True,0.00,,99
010759932C,1,RC-9010759932,DISBURSEMENT_CLAIM,PAID,99,99,FAMILY_SURRENDER_BUCKET,True,0.00,,99
010760294C,1,RC-9010760294,DEATH_CLAIM,SETTLED,3,2,DEATH_PAID_IN_FULL,True,25000.00,20200811,3
010760297C,1,RC-9010760297,DEATH_CLAIM,SETTLED,3,2,DEATH_PAID_IN_FULL,True,25048.97,20181214,3
010760840C,1,RC-9010760840,DISBURSEMENT_CLAIM,PAID,99,99,FAMILY_SURRENDER_BUCKET,True,0.00,,99
010760865C,1,RC-9010760865,DEATH_CLAIM,SETTLED,3,2,DEATH_PAID_IN_FULL,True,6901.24,20200505,3
010760872C,1,RC-9010760872,DEATH_CLAIM,SETTLED,3,2,DEATH_PAID_IN_FULL,True,12000.00,20190309,3
010761804C,1,RC-9010761804,DISBURSEMENT_CLAIM,PAID,99,99,FAMILY_SURRENDER_BUCKET,True,0.00,,99
010761804C,1,RC-9010761804,DISBURSEMENT_CLAIM,PAID,99,99,FAMILY_SURRENDER_BUCKET,True,0.00,,99
010761874C,1,RC-9010761874,DEATH_CLAIM,SETTLED,3,2,DEATH_PAID_IN_FULL,True,7000.00,20210731,3
010761943C,1,RC-9010761943,DEATH_CLAIM,SETTLED,3,2,DEATH_PAID_IN_FULL,True,8975.78,20200109,3
010761966C,1,RC-9010761966,DISBURSEMENT_CLAIM,PAID,99,99,FAMILY_SURRENDER_BUCKET,True,0.00,,99
010762076C,1,RC-9010762076,DISBURSEMENT_CLAIM,PAID,99,99,FAMILY_SURRENDER_BUCKET,True,0.00,,99
010762319C,1,RC-9010762319,DEATH_CLAIM,SETTLED,3,2,DEATH_PAID_IN_FULL,True,25037.72,20240625,3
010762319C,1,RC-9010762319,DISBURSEMENT_CLAIM,PAID,99,99,FAMILY_SURRENDER_BUCKET,True,25037.72,,99
010762319C,1,RC-9010762319,DISBURSEMENT_CLAIM,PAID,99,99,FAMILY_SURRENDER_BUCKET,True,25037.72,,99
010762678C,1,RC-9010762678,DEATH_CLAIM,SETTLED,3,2,DEATH_PAID_IN_FULL,True,9049.49,20190626,3
010763006C,1,RC-9010763006,DISBURSEMENT_CLAIM,PAID,99,99,FAMILY_SURRENDER_BUCKET,True,75565.35,,99
010763450C,1,RC-9010763450,DEATH_CLAIM,SETTLED,3,2,DEATH_PAID_IN_FULL,True,5030.20,20230825,3
010764120C,1,RC-9010764120,DEATH_CLAIM,SETTLED,3,2,DEATH_PAID_IN_FULL,True,9085.30,20230821,3
010764121C,1,RC-9010764121,DEATH_CLAIM,SETTLED,3,2,DEATH_PAID_IN_FULL,True,12774.89,20240817,3
010764348C,1,RC-9010764348,DEATH_CLAIM,SETTLED,3,2,DEATH_PAID_IN_FULL,True,29467.34,20180920,3
010764374C,1,RC-9010764374,DEATH_CLAIM,SETTLED,3,2,DEATH_PAID_IN_FULL,True,9000.00,20191206,3
010764376C,1,RC-9010764376,DEATH_CLAIM,SETTLED,3,2,DEATH_PAID_IN_FULL,True,30312.30,20230217,3
010764400C,1,RC-9010764400,DEATH_CLAIM,SETTLED,3,2,DEATH_PAID_IN_FULL,True,10576.61,20181116,3
010764812C,1,RC-9010764812,DEATH_CLAIM,SETTLED,3,2,DEATH_PAID_IN_FULL,True,21927.73,20230809,3
010764837C,1,RC-9010764837,DEATH_CLAIM,SETTLED,3,2,DEATH_PAID_IN_FULL,True,9028.23,20241025,3
010765339C,1,RC-9010765339,DISBURSEMENT_CLAIM,PAID,99,99,FAMILY_SURRENDER_BUCKET,True,0.00,,99
010766527C,1,RC-9010766527,DISBURSEMENT_CLAIM,PAID,99,99,FAMILY_SURRENDER_BUCKET,True,0.00,,99
010766910C,1,RC-9010766910,DEATH_CLAIM,SETTLED,3,2,DEATH_PAID_IN_FULL,True,10000.00,20230726,3
010767770C,1,RC-9010767770,DISBURSEMENT_CLAIM,PAID,99,99,FAMILY_SURRENDER_BUCKET,True,0.00,,99
010768069C,1,RC-9010768069,DEATH_CLAIM,SETTLED,3,2,DEATH_PAID_IN_FULL,True,5012.72,20210614,3
010768207C,1,RC-9010768207,DEATH_CLAIM,SETTLED,3,2,DEATH_PAID_IN_FULL,True,25011.13,20180828,3
010768339C,1,RC-9010768339,DISBURSEMENT_CLAIM,PAID,99,99,FAMILY_SURRENDER_BUCKET,True,0.00,,99
010768503C,1,RC-9010768503,DEATH_CLAIM,SETTLED,3,2,DEATH_PAID_IN_FULL,True,10592.22,20220417,3
010768629C,1,RC-9010768629,DEATH_CLAIM,SETTLED,3,2,DEATH_PAID_IN_FULL,True,5000.00,20201016,3
010768635C,1,RC-9010768635,DEATH_CLAIM,SETTLED,3,2,DEATH_PAID_IN_FULL,True,25295.39,20191221,3
010769032C,1,RC-9010769032,DEATH_CLAIM,SETTLED,3,2,DEATH_PAID_IN_FULL,True,10000.00,20200602,3
010769176C,1,RC-9010769176,DEATH_CLAIM,SETTLED,3,2,DEATH_PAID_IN_FULL,True,14405.08,20221003,3
010769190C,1,RC-9010769190,DISBURSEMENT_CLAIM,PAID,99,99,FAMILY_SURRENDER_BUCKET,True,0.00,,99
010769191C,1,RC-9010769191,DISBURSEMENT_CLAIM,PAID,99,99,FAMILY_SURRENDER_BUCKET,True,0.00,,99
010769227C,1,RC-9010769227,DEATH_CLAIM,SETTLED,3,2,DEATH_PAID_IN_FULL,True,25349.94,20200419,3
010770571C,1,RC-9010770571,DEATH_CLAIM,SETTLED,3,2,DEATH_PAID_IN_FULL,True,25026.91,20231009,3
010770580C,1,RC-9010770580,DEATH_CLAIM,SETTLED,3,2,DEATH_PAID_IN_FULL,True,12357.82,20200630,3
010770844C,1,RC-9010770844,DISBURSEMENT_CLAIM,PAID,99,99,FAMILY_SURRENDER_BUCKET,True,0.00,,99
010771352C,1,RC-9010771352,DEATH_CLAIM,SETTLED,3,2,DEATH_PAID_IN_FULL,True,12970.35,20180802,3
010771654C,1,RC-9010771654,DEATH_CLAIM,SETTLED,3,2,DEATH_PAID_IN_FULL,True,14220.53,20240227,3
010772668C,1,RC-9010772668,DISBURSEMENT_CLAIM,PAID,99,99,FAMILY_SURRENDER_BUCKET,True,0.00,,99
010772683C,1,RC-9010772683,DEATH_CLAIM,SETTLED,3,2,DEATH_PAID_IN_FULL,True,5034.94,20230618,3
010773088C,1,RC-9010773088,DEATH_CLAIM,SETTLED,3,2,DEATH_PAID_IN_FULL,True,10050.96,20190223,3
010773107C,1,RC-9010773107,DISBURSEMENT_CLAIM,PAID,99,99,FAMILY_SURRENDER_BUCKET,True,0.00,,99
010773109C,1,RC-9010773109,DISBURSEMENT_CLAIM,PAID,99,99,FAMILY_SURRENDER_BUCKET,True,0.00,,99
010773243C,1,RC-9010773243,DISBURSEMENT_CLAIM,PAID,99,99,FAMILY_SURRENDER_BUCKET,True,0.00,,99
010774773C,1,RC-9010774773,DEATH_CLAIM,SETTLED,3,2,DEATH_PAID_IN_FULL,True,51004.34,20241104,3
010774794C,1,RC-9010774794,DISBURSEMENT_CLAIM,PAID,99,99,FAMILY_SURRENDER_BUCKET,True,0.00,,99
010774973C,1,RC-9010774973,DISBURSEMENT_CLAIM,PAID,99,99,FAMILY_SURRENDER_BUCKET,True,0.00,,99
010775323C,1,RC-9010775323,DEATH_CLAIM,SETTLED,3,2,DEATH_PAID_IN_FULL,True,12750.12,20200925,3
010775940C,1,RC-9010775940,SURRENDER_CLAIM,,99,99,FAMILY_SURRENDER_BUCKET,False,0.00,,99
010776002C,1,RC-9010776002,DEATH_CLAIM,SETTLED,3,2,DEATH_PAID_IN_FULL,True,2693.63,20210306,3
010776442C,1,RC-9010776442,DEATH_CLAIM,SETTLED,3,2,DEATH_PAID_IN_FULL,True,25000.00,20200806,3
010776445C,1,RC-9010776445,DEATH_CLAIM,SETTLED,3,2,DEATH_PAID_IN_FULL,True,42237.84,20240603,3
010776555C,1,RC-9010776555,DEATH_CLAIM,SETTLED,3,2,DEATH_PAID_IN_FULL,True,11143.98,20200203,3
010776651C,1,RC-9010776651,DISBURSEMENT_CLAIM,PAID,99,99,FAMILY_SURRENDER_BUCKET,True,0.00,,99
010776672C,1,RC-9010776672,DEATH_CLAIM,SETTLED,3,2,DEATH_PAID_IN_FULL,True,11801.28,20240610,3
010776672C,1,RC-9010776672,DISBURSEMENT_CLAIM,PAID,99,99,FAMILY_SURRENDER_BUCKET,True,0.00,,99
010776814C,1,RC-9010776814,DEATH_CLAIM,SETTLED,3,2,DEATH_PAID_IN_FULL,True,8001.15,20201029,3
010777043C,1,RC-9010777043,DEATH_CLAIM,SETTLED,3,2,DEATH_PAID_IN_FULL,True,25003.82,20191019,3
010777124C,1,RC-9010777124,DEATH_CLAIM,SETTLED,3,2,DEATH_PAID_IN_FULL,True,7745.28,20231120,3
010777546C,1,RC-9010777546,DEATH_CLAIM,SETTLED,3,2,DEATH_PAID_IN_FULL,True,25390.71,20231209,3
010777788C,1,RC-9010777788,DEATH_CLAIM,SETTLED,3,2,DEATH_PAID_IN_FULL,True,7400.00,20181209,3
010777793C,1,RC-9010777793,DEATH_CLAIM,SETTLED,3,2,DEATH_PAID_IN_FULL,True,14724.31,20230429,3
010778142C,1,RC-9010778142,DEATH_CLAIM,SETTLED,3,2,DEATH_PAID_IN_FULL,True,5387.67,20190227,3
010778299C,1,RC-9010778299,DISBURSEMENT_CLAIM,PAID,99,99,FAMILY_SURRENDER_BUCKET,True,1549.28,,99
010778474C,1,RC-9010778474,DEATH_CLAIM,SETTLED,3,2,DEATH_PAID_IN_FULL,True,8510.20,20210508,3
010778474C,1,RC-9010778474,DISBURSEMENT_CLAIM,PAID,99,99,FAMILY_SURRENDER_BUCKET,True,8510.20,,99
010778519C,1,RC-9010778519,DEATH_CLAIM,SETTLED,3,2,DEATH_PAID_IN_FULL,True,25638.52,20240729,3
010778635C,1,RC-9010778635,DEATH_CLAIM,SETTLED,3,2,DEATH_PAID_IN_FULL,True,25000.00,20220521,3
010778834C,1,RC-9010778834,DEATH_CLAIM,SETTLED,3,2,DEATH_PAID_IN_FULL,True,9696.51,20220624,3
010778841C,1,RC-9010778841,DEATH_CLAIM,SETTLED,3,2,DEATH_PAID_IN_FULL,True,33488.31,20180502,3
010778841C,1,RC-9010778841,DISBURSEMENT_CLAIM,PAID,99,99,FAMILY_SURRENDER_BUCKET,True,0.00,,99
010778913C,1,RC-9010778913,DEATH_CLAIM,SETTLED,3,2,DEATH_PAID_IN_FULL,True,8000.00,20190110,3
010779191C,1,RC-9010779191,DEATH_CLAIM,SETTLED,3,2,DEATH_PAID_IN_FULL,True,25592.54,20191023,3
010779197C,1,RC-9010779197,DEATH_CLAIM,SETTLED,3,2,DEATH_PAID_IN_FULL,True,20385.14,20250706,3
010779736C,1,RC-9010779736,DEATH_CLAIM,SETTLED,3,2,DEATH_PAID_IN_FULL,True,20371.99,20201126,3
010780000C,1,RC-9010780000,DEATH_CLAIM,SETTLED,3,2,DEATH_PAID_IN_FULL,True,7714.25,20190802,3
010780003C,1,RC-9010780003,DEATH_CLAIM,SETTLED,3,2,DEATH_PAID_IN_FULL,True,3264.29,20231018,3
010780003C,1,RC-9010780003,DISBURSEMENT_CLAIM,PAID,99,99,FAMILY_SURRENDER_BUCKET,True,3264.29,,99
010780050C,1,RC-9010780050,DEATH_CLAIM,SETTLED,3,2,DEATH_PAID_IN_FULL,True,50044.15,20220714,3
010780403C,1,RC-9010780403,DEATH_CLAIM,SETTLED,3,2,DEATH_PAID_IN_FULL,True,25415.33,20190722,3
010780411C,1,RC-9010780411,DEATH_CLAIM,SETTLED,3,2,DEATH_PAID_IN_FULL,True,10000.00,20180202,3
010780791C,1,RC-9010780791,DEATH_CLAIM,SETTLED,3,2,DEATH_PAID_IN_FULL,True,10000.00,20230127,3
010781775C,1,RC-9010781775,DEATH_CLAIM,SETTLED,3,2,DEATH_PAID_IN_FULL,True,3521.25,20220304,3
010781863C,1,RC-9010781863,DEATH_CLAIM,SETTLED,3,2,DEATH_PAID_IN_FULL,True,15197.07,20230125,3
010782018C,1,RC-9010782018,DEATH_CLAIM,SETTLED,3,2,DEATH_PAID_IN_FULL,True,29519.06,20240916,3
010782357C,1,RC-9010782357,DEATH_CLAIM,SETTLED,3,2,DEATH_PAID_IN_FULL,True,19520.40,20231225,3
010782592C,1,RC-9010782592,DEATH_CLAIM,SETTLED,3,2,DEATH_PAID_IN_FULL,True,7026.74,20210427,3
010782818C,1,RC-9010782818,DISBURSEMENT_CLAIM,PAID,99,99,FAMILY_SURRENDER_BUCKET,True,0.00,,99
010782822C,1,RC-9010782822,DEATH_CLAIM,SETTLED,3,2,DEATH_PAID_IN_FULL,True,5108.04,20180711,3
010783086C,1,RC-9010783086,DEATH_CLAIM,SETTLED,3,2,DEATH_PAID_IN_FULL,True,38961.93,20240518,3
010783102C,1,RC-9010783102,DEATH_CLAIM,SETTLED,3,2,DEATH_PAID_IN_FULL,True,25000.00,20220114,3
010783883C,1,RC-9010783883,DEATH_CLAIM,SETTLED,3,2,DEATH_PAID_IN_FULL,True,22994.70,20201008,3
010784045C,1,RC-9010784045,DEATH_CLAIM,SETTLED,3,2,DEATH_PAID_IN_FULL,True,5000.00,20180702,3
010784054C,1,RC-9010784054,DISBURSEMENT_CLAIM,PAID,99,99,FAMILY_SURRENDER_BUCKET,True,0.00,,99
010784054C,1,RC-9010784054,SURRENDER_CLAIM,,99,99,FAMILY_SURRENDER_BUCKET,True,0.00,,99
010784074C,1,RC-9010784074,DEATH_CLAIM,SETTLED,3,2,DEATH_PAID_IN_FULL,True,50000.00,20240614,3
010784179C,1,RC-9010784179,DISBURSEMENT_CLAIM,PAID,99,99,FAMILY_SURRENDER_BUCKET,True,0.00,,99
010784179C,1,RC-9010784179,SURRENDER_CLAIM,,99,99,FAMILY_SURRENDER_BUCKET,True,0.00,,99
010784250C,1,RC-9010784250,DEATH_CLAIM,SETTLED,3,2,DEATH_PAID_IN_FULL,True,3480.13,20191011,3
010784261C,1,RC-9010784261,DISBURSEMENT_CLAIM,PAID,99,99,FAMILY_SURRENDER_BUCKET,True,0.00,,99
010784372C,1,RC-9010784372,DEATH_CLAIM,SETTLED,3,2,DEATH_PAID_IN_FULL,True,8664.96,20230120,3
010784529C,1,RC-9010784529,DEATH_CLAIM,SETTLED,3,2,DEATH_PAID_IN_FULL,True,17802.73,20231210,3
010784529C,1,RC-9010784529,DISBURSEMENT_CLAIM,PAID,99,99,FAMILY_SURRENDER_BUCKET,True,0.00,,99
010784592C,1,RC-9010784592,DISBURSEMENT_CLAIM,PAID,99,99,FAMILY_SURRENDER_BUCKET,True,0.00,,99
010784592C,1,RC-9010784592,SURRENDER_CLAIM,,99,99,FAMILY_SURRENDER_BUCKET,True,0.00,,99
010784732C,1,RC-9010784732,DISBURSEMENT_CLAIM,PAID,99,99,FAMILY_SURRENDER_BUCKET,True,0.00,,99
010784767C,1,RC-9010784767,DEATH_CLAIM,SETTLED,3,2,DEATH_PAID_IN_FULL,True,10598.72,20190623,3
010784918C,1,RC-9010784918,DISBURSEMENT_CLAIM,PAID,99,99,FAMILY_SURRENDER_BUCKET,True,0.00,,99
010784922C,1,RC-9010784922,DEATH_CLAIM,SETTLED,3,2,DEATH_PAID_IN_FULL,True,6100.00,20191010,3
010784946C,1,RC-9010784946,DEATH_CLAIM,SETTLED,3,2,DEATH_PAID_IN_FULL,True,10362.20,20210528,3
010784946C,1,RC-9010784946,DISBURSEMENT_CLAIM,PAID,99,99,FAMILY_SURRENDER_BUCKET,True,10362.20,,99
010784950C,1,RC-9010784950,DISBURSEMENT_CLAIM,PAID,99,99,FAMILY_SURRENDER_BUCKET,True,0.00,,99
010785164C,1,RC-9010785164,DISBURSEMENT_CLAIM,PAID,99,99,FAMILY_SURRENDER_BUCKET,True,0.00,,99
010785298C,1,RC-9010785298,DEATH_CLAIM,SETTLED,3,2,DEATH_PAID_IN_FULL,True,7117.49,20191027,3
010786152C,1,RC-9010786152,DEATH_CLAIM,FUNDED,1,2,DEATH_PAID_IN_FULL,True,3983.88,,1
010786152C,1,RC-9010786152,DISBURSEMENT_CLAIM,PAID,99,99,FAMILY_SURRENDER_BUCKET,True,3983.88,,99
010786237C,1,RC-9010786237,DEATH_CLAIM,SETTLED,3,2,DEATH_PAID_IN_FULL,True,5254.84,20241224,3
010786240C,1,RC-9010786240,DEATH_CLAIM,SETTLED,3,2,DEATH_PAID_IN_FULL,True,10500.00,20190517,3
010786243C,1,RC-9010786243,DEATH_CLAIM,SETTLED,3,2,DEATH_PAID_IN_FULL,True,21899.80,20200801,3
010786312C,1,RC-9010786312,DEATH_CLAIM,SETTLED,3,2,DEATH_PAID_IN_FULL,True,14961.58,20230726,3
010786490C,1,RC-9010786490,DEATH_CLAIM,SETTLED,3,2,DEATH_PAID_IN_FULL,True,19667.67,20180914,3
010786800C,1,RC-9010786800,DISBURSEMENT_CLAIM,PAID,99,99,FAMILY_SURRENDER_BUCKET,True,0.00,,99
010786878C,1,RC-9010786878,DEATH_CLAIM,SETTLED,3,2,DEATH_PAID_IN_FULL,True,13826.04,20241108,3
010787147C,1,RC-9010787147,DEATH_CLAIM,SETTLED,3,2,DEATH_PAID_IN_FULL,True,28846.51,20240218,3
010787147C,1,RC-9010787147,DISBURSEMENT_CLAIM,PAID,99,99,FAMILY_SURRENDER_BUCKET,True,28846.51,,99
010787390C,1,RC-9010787390,DEATH_CLAIM,SETTLED,3,2,DEATH_PAID_IN_FULL,True,40058.84,20180727,3
010788197C,1,RC-9010788197,DEATH_CLAIM,SETTLED,3,2,DEATH_PAID_IN_FULL,True,25076.71,20230509,3
010788421C,1,RC-9010788421,DEATH_CLAIM,SETTLED,3,2,DEATH_PAID_IN_FULL,True,8455.82,20180304,3
010788426C,1,RC-9010788426,DISBURSEMENT_CLAIM,PAID,99,99,FAMILY_SURRENDER_BUCKET,True,0.00,,99
010788426C,1,RC-9010788426,SURRENDER_CLAIM,,99,99,FAMILY_SURRENDER_BUCKET,True,0.00,,99
010789095C,1,RC-9010789095,DEATH_CLAIM,SETTLED,3,2,DEATH_PAID_IN_FULL,True,5000.00,20220511,3
010789348C,1,RC-9010789348,DEATH_CLAIM,SETTLED,3,2,DEATH_PAID_IN_FULL,True,8522.40,20250516,3
010789348C,1,RC-9010789348,DISBURSEMENT_CLAIM,PAID,99,99,FAMILY_SURRENDER_BUCKET,True,8522.40,,99
010789351C,1,RC-9010789351,DEATH_CLAIM,SETTLED,3,2,DEATH_PAID_IN_FULL,True,53420.15,20250228,3
010789375C,1,RC-9010789375,DEATH_CLAIM,SETTLED,3,2,DEATH_PAID_IN_FULL,True,6960.43,20200926,3
010789384C,1,RC-9010789384,DEATH_CLAIM,SETTLED,3,2,DEATH_PAID_IN_FULL,True,33462.29,20180328,3
010789525C,1,RC-9010789525,DEATH_CLAIM,SETTLED,3,2,DEATH_PAID_IN_FULL,True,14613.20,20221228,3
010789532C,1,RC-9010789532,SURRENDER_CLAIM,,99,99,FAMILY_SURRENDER_BUCKET,False,0.00,,99
010789547C,1,RC-9010789547,DISBURSEMENT_CLAIM,PAID,99,99,FAMILY_SURRENDER_BUCKET,True,0.00,,99
010789992C,1,RC-9010789992,DEATH_CLAIM,SETTLED,3,2,DEATH_PAID_IN_FULL,True,25221.98,20241206,3
010790176C,1,RC-9010790176,DEATH_CLAIM,SETTLED,3,2,DEATH_PAID_IN_FULL,True,20000.00,20240318,3
010790755C,1,RC-9010790755,DEATH_CLAIM,SETTLED,3,2,DEATH_PAID_IN_FULL,True,8950.66,20210826,3
010791078C,1,RC-9010791078,DEATH_CLAIM,SETTLED,3,2,DEATH_PAID_IN_FULL,True,7679.48,20211222,3
010791176C,1,RC-9010791176,DEATH_CLAIM,SETTLED,3,2,DEATH_PAID_IN_FULL,True,12330.59,20180204,3
010791462C,1,RC-9010791462,DEATH_CLAIM,SETTLED,3,2,DEATH_PAID_IN_FULL,True,5000.00,20211213,3
010791466C,1,RC-9010791466,DEATH_CLAIM,SETTLED,3,2,DEATH_PAID_IN_FULL,True,6300.00,20190317,3
010792296C,1,RC-9010792296,DEATH_CLAIM,SETTLED,3,2,DEATH_PAID_IN_FULL,True,7266.49,20200820,3
010792706C,1,RC-9010792706,DISBURSEMENT_CLAIM,PAID,99,99,FAMILY_SURRENDER_BUCKET,True,0.00,,99
010792997C,1,RC-9010792997,DEATH_CLAIM,SETTLED,3,2,DEATH_PAID_IN_FULL,True,11500.00,20220413,3
010793722C,1,RC-9010793722,DEATH_CLAIM,SETTLED,3,2,DEATH_PAID_IN_FULL,True,14481.98,20191211,3
010793727C,1,RC-9010793727,DISBURSEMENT_CLAIM,PAID,99,99,FAMILY_SURRENDER_BUCKET,True,0.00,,99
010793737C,1,RC-9010793737,DEATH_CLAIM,SETTLED,3,2,DEATH_PAID_IN_FULL,True,11189.41,20210621,3
010794095C,1,RC-9010794095,DEATH_CLAIM,SETTLED,3,2,DEATH_PAID_IN_FULL,True,16885.06,20221008,3
010794518C,1,RC-9010794518,DEATH_CLAIM,SETTLED,3,2,DEATH_PAID_IN_FULL,True,8135.51,20190528,3
010794520C,1,RC-9010794520,DEATH_CLAIM,SETTLED,3,2,DEATH_PAID_IN_FULL,True,5016.00,20180521,3
010795047C,1,RC-9010795047,DEATH_CLAIM,SETTLED,3,2,DEATH_PAID_IN_FULL,True,33704.04,20180620,3
010795612C,1,RC-9010795612,DEATH_CLAIM,SETTLED,3,2,DEATH_PAID_IN_FULL,True,12247.74,20250224,3
010795618C,1,RC-9010795618,DISBURSEMENT_CLAIM,PAID,99,99,FAMILY_SURRENDER_BUCKET,True,0.00,,99
010795890C,1,RC-9010795890,DEATH_CLAIM,SETTLED,3,2,DEATH_PAID_IN_FULL,True,7787.30,20181126,3
010796325C,1,RC-9010796325,DEATH_CLAIM,SETTLED,3,2,DEATH_PAID_IN_FULL,True,9127.89,20250323,3
010796554C,1,RC-9010796554,DISBURSEMENT_CLAIM,PAID,99,99,FAMILY_SURRENDER_BUCKET,True,6415.50,,99
010796821C,1,RC-9010796821,DEATH_CLAIM,SETTLED,3,2,DEATH_PAID_IN_FULL,True,11317.30,20180402,3
010796908C,1,RC-9010796908,DISBURSEMENT_CLAIM,PAID,99,99,FAMILY_SURRENDER_BUCKET,True,0.00,,99
010797922C,1,RC-9010797922,DEATH_CLAIM,SETTLED,3,2,DEATH_PAID_IN_FULL,True,8000.00,20210808,3
010798018C,1,RC-9010798018,DISBURSEMENT_CLAIM,PAID,99,99,FAMILY_SURRENDER_BUCKET,True,0.00,,99
010798024C,1,RC-9010798024,DEATH_CLAIM,SETTLED,3,2,DEATH_PAID_IN_FULL,True,28003.99,20250117,3
010798031C,1,RC-9010798031,DEATH_CLAIM,SETTLED,3,2,DEATH_PAID_IN_FULL,True,40000.00,20191219,3
010798517C,1,RC-9010798517,DEATH_CLAIM,SETTLED,3,2,DEATH_PAID_IN_FULL,True,25067.68,20240528,3
010799083C,1,RC-9010799083,DEATH_CLAIM,SETTLED,3,2,DEATH_PAID_IN_FULL,True,25000.00,20190522,3
010799173C,1,RC-9010799173,DEATH_CLAIM,SETTLED,3,2,DEATH_PAID_IN_FULL,True,9400.00,20191116,3
010799472C,1,RC-9010799472,DEATH_CLAIM,SETTLED,3,2,DEATH_PAID_IN_FULL,True,20357.39,20180107,3
010799821C,1,RC-9010799821,DEATH_CLAIM,SETTLED,3,2,DEATH_PAID_IN_FULL,True,16647.17,20210602,3
010799895C,1,RC-9010799895,DEATH_CLAIM,SETTLED,3,2,DEATH_PAID_IN_FULL,True,5000.00,20181225,3
010801398C,1,RC-9010801398,DEATH_CLAIM,SETTLED,3,2,DEATH_PAID_IN_FULL,True,29407.46,20230317,3
010801399C,1,RC-9010801399,DEATH_CLAIM,SETTLED,3,2,DEATH_PAID_IN_FULL,True,25174.72,20200405,3
010801734C,1,RC-9010801734,DEATH_CLAIM,SETTLED,3,2,DEATH_PAID_IN_FULL,True,14743.52,20200922,3
010802188C,1,RC-9010802188,DEATH_CLAIM,SETTLED,3,2,DEATH_PAID_IN_FULL,True,11152.20,20200614,3
010802188C,1,RC-9010802188,DISBURSEMENT_CLAIM,PAID,99,99,FAMILY_SURRENDER_BUCKET,True,11152.20,,99
010802494C,1,RC-9010802494,DISBURSEMENT_CLAIM,PAID,99,99,FAMILY_SURRENDER_BUCKET,True,0.00,,99
010802646C,1,RC-9010802646,DEATH_CLAIM,SETTLED,3,2,DEATH_PAID_IN_FULL,True,11151.10,20220724,3
010803050C,1,RC-9010803050,DEATH_CLAIM,SETTLED,3,2,DEATH_PAID_IN_FULL,True,12822.80,20240920,3
010803244C,1,RC-9010803244,DEATH_CLAIM,SETTLED,3,2,DEATH_PAID_IN_FULL,True,9865.29,20180127,3
010803673C,1,RC-9010803673,DEATH_CLAIM,SETTLED,3,2,DEATH_PAID_IN_FULL,True,25000.00,20200417,3
010803770C,1,RC-9010803770,DEATH_CLAIM,SETTLED,3,2,DEATH_PAID_IN_FULL,True,5038.72,20201002,3
010803964C,1,RC-9010803964,DEATH_CLAIM,SETTLED,3,2,DEATH_PAID_IN_FULL,True,25266.29,20200226,3
010803993C,1,RC-9010803993,DEATH_CLAIM,SETTLED,3,2,DEATH_PAID_IN_FULL,True,15856.57,20240625,3
010804005C,1,RC-9010804005,DEATH_CLAIM,SETTLED,3,2,DEATH_PAID_IN_FULL,True,25330.42,20240412,3
010804489C,1,RC-9010804489,DEATH_CLAIM,SETTLED,3,2,DEATH_PAID_IN_FULL,True,8113.28,20240116,3
010804608C,1,RC-9010804608,DEATH_CLAIM,SETTLED,3,2,DEATH_PAID_IN_FULL,True,6117.18,20210909,3
010804710C,1,RC-9010804710,SURRENDER_CLAIM,,99,99,FAMILY_SURRENDER_BUCKET,True,0.00,,99
010805039C,1,RC-9010805039,DEATH_CLAIM,SETTLED,3,2,DEATH_PAID_IN_FULL,True,11054.10,20190501,3
010805048C,1,RC-9010805048,DISBURSEMENT_CLAIM,PAID,99,99,FAMILY_SURRENDER_BUCKET,True,0.00,,99
010805370C,1,RC-9010805370,DEATH_CLAIM,SETTLED,3,2,DEATH_PAID_IN_FULL,True,25026.07,20230311,3
010805394C,1,RC-9010805394,DEATH_CLAIM,SETTLED,3,2,DEATH_PAID_IN_FULL,True,18394.00,20200321,3
010806082C,1,RC-9010806082,DEATH_CLAIM,SETTLED,3,2,DEATH_PAID_IN_FULL,True,25018.82,20220412,3
010806155C,1,RC-9010806155,DEATH_CLAIM,SETTLED,3,2,DEATH_PAID_IN_FULL,True,10300.00,20201010,3
010806651C,1,RC-9010806651,DEATH_CLAIM,SETTLED,3,2,DEATH_PAID_IN_FULL,True,25016.89,20210501,3
010806653C,1,RC-9010806653,DISBURSEMENT_CLAIM,PAID,99,99,FAMILY_SURRENDER_BUCKET,True,0.00,,99
010807378C,1,RC-9010807378,DEATH_CLAIM,SETTLED,3,2,DEATH_PAID_IN_FULL,True,25002.17,20220529,3
010807516C,1,RC-9010807516,DEATH_CLAIM,SETTLED,3,2,DEATH_PAID_IN_FULL,True,33715.84,20250602,3
010807698C,1,RC-9010807698,DEATH_CLAIM,SETTLED,3,2,DEATH_PAID_IN_FULL,True,5160.30,20210524,3
010807720C,1,RC-9010807720,DEATH_CLAIM,SETTLED,3,2,DEATH_PAID_IN_FULL,True,6127.22,20230105,3
010807720C,1,RC-9010807720,DISBURSEMENT_CLAIM,PAID,99,99,FAMILY_SURRENDER_BUCKET,True,0.00,,99
010807842C,1,RC-9010807842,DEATH_CLAIM,SETTLED,3,2,DEATH_PAID_IN_FULL,True,125000.00,20220303,3
010807842C,1,RC-9010807842,DISBURSEMENT_CLAIM,PAID,99,99,FAMILY_SURRENDER_BUCKET,True,0.00,,99
010807844C,1,RC-9010807844,DEATH_CLAIM,SETTLED,3,2,DEATH_PAID_IN_FULL,True,10118.48,20210601,3
010807868C,1,RC-9010807868,DEATH_CLAIM,SETTLED,3,2,DEATH_PAID_IN_FULL,True,5000.00,20221206,3
010808361C,1,RC-9010808361,DEATH_CLAIM,SETTLED,3,2,DEATH_PAID_IN_FULL,True,9405.28,20201220,3
010808721C,1,RC-9010808721,DEATH_CLAIM,SETTLED,3,2,DEATH_PAID_IN_FULL,True,13518.31,20210731,3
010808901C,1,RC-9010808901,DEATH_CLAIM,SETTLED,3,2,DEATH_PAID_IN_FULL,True,25075.46,20210221,3
010809309C,1,RC-9010809309,DEATH_CLAIM,SETTLED,3,2,DEATH_PAID_IN_FULL,True,17144.72,20180127,3
010809311C,1,RC-9010809311,DEATH_CLAIM,SETTLED,3,2,DEATH_PAID_IN_FULL,True,10101.29,20220507,3
010809333C,1,RC-9010809333,DEATH_CLAIM,SETTLED,3,2,DEATH_PAID_IN_FULL,True,18306.62,20191205,3
010809734C,1,RC-9010809734,DEATH_CLAIM,SETTLED,3,2,DEATH_PAID_IN_FULL,True,25007.16,20200818,3
010809977C,1,RC-9010809977,DISBURSEMENT_CLAIM,PAID,99,99,FAMILY_SURRENDER_BUCKET,True,0.00,,99
010809977C,1,RC-9010809977,DISBURSEMENT_CLAIM,PAID,99,99,FAMILY_SURRENDER_BUCKET,True,0.00,,99
010810194C,1,RC-9010810194,DISBURSEMENT_CLAIM,PAID,99,99,FAMILY_SURRENDER_BUCKET,True,0.00,,99
010810271C,1,RC-9010810271,DISBURSEMENT_CLAIM,PAID,99,99,FAMILY_SURRENDER_BUCKET,True,0.00,,99
010810612C,1,RC-9010810612,DEATH_CLAIM,SETTLED,3,2,DEATH_PAID_IN_FULL,True,8897.31,20180817,3
010810691C,1,RC-9010810691,DEATH_CLAIM,SETTLED,3,2,DEATH_PAID_IN_FULL,True,9944.38,20250318,3
010811059C,1,RC-9010811059,DEATH_CLAIM,SETTLED,3,2,DEATH_PAID_IN_FULL,True,9099.86,20191203,3
010811157C,1,RC-9010811157,DEATH_CLAIM,SETTLED,3,2,DEATH_PAID_IN_FULL,True,4508.08,20190807,3
010811306C,1,RC-9010811306,DEATH_CLAIM,SETTLED,3,2,DEATH_PAID_IN_FULL,True,10867.78,20210308,3
010811652C,1,RC-9010811652,DEATH_CLAIM,SETTLED,3,2,DEATH_PAID_IN_FULL,True,15000.00,20180501,3
010811700C,1,RC-9010811700,DEATH_CLAIM,SETTLED,3,2,DEATH_PAID_IN_FULL,True,17386.88,20250316,3
010812079C,1,RC-9010812079,DEATH_CLAIM,SETTLED,3,2,DEATH_PAID_IN_FULL,True,5000.00,20210517,3
010813286C,1,RC-9010813286,DEATH_CLAIM,SETTLED,3,2,DEATH_PAID_IN_FULL,True,14725.74,20250530,3
010813387C,1,RC-9010813387,DEATH_CLAIM,SETTLED,3,2,DEATH_PAID_IN_FULL,True,33451.76,20260227,3
010813391C,1,RC-9010813391,DEATH_CLAIM,SETTLED,3,2,DEATH_PAID_IN_FULL,True,14642.33,20220408,3
010813683C,1,RC-9010813683,DEATH_CLAIM,SETTLED,3,2,DEATH_PAID_IN_FULL,True,10476.32,20230313,3
010814167C,1,RC-9010814167,DEATH_CLAIM,SETTLED,3,2,DEATH_PAID_IN_FULL,True,25858.79,20230825,3
010814389C,1,RC-9010814389,DEATH_CLAIM,SETTLED,3,2,DEATH_PAID_IN_FULL,True,25000.00,20200921,3
010814559C,1,RC-9010814559,DEATH_CLAIM,SETTLED,3,2,DEATH_PAID_IN_FULL,True,12972.14,20211003,3
010814696C,1,RC-9010814696,DEATH_CLAIM,SETTLED,3,2,DEATH_PAID_IN_FULL,True,8162.49,20180925,3
010814933C,1,RC-9010814933,DEATH_CLAIM,SETTLED,3,2,DEATH_PAID_IN_FULL,True,17036.72,20181210,3
010815680C,1,RC-9010815680,DISBURSEMENT_CLAIM,PAID,99,99,FAMILY_SURRENDER_BUCKET,True,0.00,,99
010815681C,1,RC-9010815681,DISBURSEMENT_CLAIM,PAID,99,99,FAMILY_SURRENDER_BUCKET,True,0.00,,99
010816070C,1,RC-9010816070,DEATH_CLAIM,SETTLED,3,2,DEATH_PAID_IN_FULL,True,16240.71,20230329,3
010816070C,1,RC-9010816070,DISBURSEMENT_CLAIM,PAID,99,99,FAMILY_SURRENDER_BUCKET,True,0.00,,99
010816156C,1,RC-9010816156,DEATH_CLAIM,SETTLED,3,2,DEATH_PAID_IN_FULL,True,7362.63,20191029,3
010816224C,1,RC-9010816224,DEATH_CLAIM,SETTLED,3,2,DEATH_PAID_IN_FULL,True,6215.92,20190722,3
010816331C,1,RC-9010816331,SURRENDER_CLAIM,,99,99,FAMILY_SURRENDER_BUCKET,False,0.00,,99
010816928C,1,RC-9010816928,DEATH_CLAIM,SETTLED,3,2,DEATH_PAID_IN_FULL,True,25000.00,20200321,3
010817091C,1,RC-9010817091,DEATH_CLAIM,SETTLED,3,2,DEATH_PAID_IN_FULL,True,5927.90,20191106,3
010817304C,1,RC-9010817304,DISBURSEMENT_CLAIM,PAID,99,99,FAMILY_SURRENDER_BUCKET,True,0.00,,99
010817345C,1,RC-9010817345,DEATH_CLAIM,SETTLED,3,2,DEATH_PAID_IN_FULL,True,25000.00,20191008,3
010817500C,1,RC-9010817500,DEATH_CLAIM,SETTLED,3,2,DEATH_PAID_IN_FULL,True,10000.00,20201018,3
010817808C,1,RC-9010817808,DISBURSEMENT_CLAIM,PAID,99,99,FAMILY_SURRENDER_BUCKET,True,0.00,,99
010817930C,1,RC-9010817930,DEATH_CLAIM,SETTLED,3,2,DEATH_PAID_IN_FULL,True,8892.97,20180529,3
010818580C,1,RC-9010818580,DEATH_CLAIM,SETTLED,3,2,DEATH_PAID_IN_FULL,True,25000.00,20211116,3
010818789C,1,RC-9010818789,DEATH_CLAIM,SETTLED,3,2,DEATH_PAID_IN_FULL,True,10905.64,20210117,3
010818799C,1,RC-9010818799,DEATH_CLAIM,SETTLED,3,2,DEATH_PAID_IN_FULL,True,10260.08,20181206,3
010819955C,1,RC-9010819955,DEATH_CLAIM,SETTLED,3,2,DEATH_PAID_IN_FULL,True,9077.29,20230930,3
010819960C,1,RC-9010819960,DISBURSEMENT_CLAIM,PAID,99,99,FAMILY_SURRENDER_BUCKET,True,0.00,,99
010819961C,1,RC-9010819961,DISBURSEMENT_CLAIM,PAID,99,99,FAMILY_SURRENDER_BUCKET,True,0.00,,99
010820386C,1,RC-9010820386,DEATH_CLAIM,SETTLED,3,2,DEATH_PAID_IN_FULL,True,11610.98,20191225,3
010820635C,1,RC-9010820635,DEATH_CLAIM,SETTLED,3,2,DEATH_PAID_IN_FULL,True,25000.00,20241202,3
010821274C,1,RC-9010821274,DEATH_CLAIM,SETTLED,3,2,DEATH_PAID_IN_FULL,True,9772.59,20230807,3
010822225C,1,RC-9010822225,DEATH_CLAIM,SETTLED,3,2,DEATH_PAID_IN_FULL,True,9224.05,20210717,3
010823088C,1,RC-9010823088,DEATH_CLAIM,SETTLED,3,2,DEATH_PAID_IN_FULL,True,25080.29,20220112,3
010823868C,1,RC-9010823868,DEATH_CLAIM,SETTLED,3,2,DEATH_PAID_IN_FULL,True,6384.28,20200227,3
010823869C,1,RC-9010823869,SURRENDER_CLAIM,,99,99,FAMILY_SURRENDER_BUCKET,False,0.00,,99
010824296C,1,RC-9010824296,DEATH_CLAIM,SETTLED,3,2,DEATH_PAID_IN_FULL,True,10329.96,20180718,3
010824296C,1,RC-9010824296,DISBURSEMENT_CLAIM,PAID,99,99,FAMILY_SURRENDER_BUCKET,True,0.00,,99
010825353C,1,RC-9010825353,DISBURSEMENT_CLAIM,PAID,99,99,FAMILY_SURRENDER_BUCKET,True,0.00,,99
010825438C,1,RC-9010825438,DEATH_CLAIM,SETTLED,3,2,DEATH_PAID_IN_FULL,True,10062.80,20230114,3
010825639C,1,RC-9010825639,DEATH_CLAIM,SETTLED,3,2,DEATH_PAID_IN_FULL,True,25000.00,20210112,3
010825969C,1,RC-9010825969,DEATH_CLAIM,SETTLED,3,2,DEATH_PAID_IN_FULL,True,25069.97,20220615,3
010826524C,1,RC-9010826524,DISBURSEMENT_CLAIM,PAID,99,99,FAMILY_SURRENDER_BUCKET,True,0.00,,99
010826532C,1,RC-9010826532,DEATH_CLAIM,SETTLED,3,2,DEATH_PAID_IN_FULL,True,13627.72,20191114,3
010826765C,1,RC-9010826765,DEATH_CLAIM,SETTLED,3,2,DEATH_PAID_IN_FULL,True,2597.18,20180425,3
010826810C,1,RC-9010826810,DEATH_CLAIM,SETTLED,3,2,DEATH_PAID_IN_FULL,True,25000.00,20210401,3
010827014C,1,RC-9010827014,DEATH_CLAIM,SETTLED,3,2,DEATH_PAID_IN_FULL,True,25000.00,20210615,3
010827228C,1,RC-9010827228,DEATH_CLAIM,SETTLED,3,2,DEATH_PAID_IN_FULL,True,25485.18,20180410,3
010827590C,1,RC-9010827590,DEATH_CLAIM,SETTLED,3,2,DEATH_PAID_IN_FULL,True,8000.00,20200821,3
010827590C,1,RC-9010827590,SURRENDER_CLAIM,,99,99,FAMILY_SURRENDER_BUCKET,True,0.00,,99
010828370C,1,RC-9010828370,DISBURSEMENT_CLAIM,PAID,99,99,FAMILY_SURRENDER_BUCKET,True,0.00,,99
010828463C,1,RC-9010828463,DEATH_CLAIM,SETTLED,3,2,DEATH_PAID_IN_FULL,True,6249.49,20200312,3
010828602C,1,RC-9010828602,DEATH_CLAIM,SETTLED,3,2,DEATH_PAID_IN_FULL,True,14158.62,20240714,3
010829155C,1,RC-9010829155,DEATH_CLAIM,SETTLED,3,2,DEATH_PAID_IN_FULL,True,16853.27,20180204,3
010829171C,1,RC-9010829171,DEATH_CLAIM,SETTLED,3,2,DEATH_PAID_IN_FULL,True,14161.79,20201011,3
010829587C,1,RC-9010829587,DEATH_CLAIM,SETTLED,3,2,DEATH_PAID_IN_FULL,True,10696.11,20181221,3
010830145C,1,RC-9010830145,DEATH_CLAIM,SETTLED,3,2,DEATH_PAID_IN_FULL,True,25048.17,20240211,3
010830310C,1,RC-9010830310,DEATH_CLAIM,SETTLED,3,2,DEATH_PAID_IN_FULL,True,25000.00,20190512,3
010831150C,1,RC-9010831150,DEATH_CLAIM,SETTLED,3,2,DEATH_PAID_IN_FULL,True,10532.14,20181209,3
010833639C,1,RC-9010833639,DEATH_CLAIM,SETTLED,3,2,DEATH_PAID_IN_FULL,True,11172.69,20180322,3
010833740C,1,RC-9010833740,DEATH_CLAIM,SETTLED,3,2,DEATH_PAID_IN_FULL,True,7781.31,20210103,3
010834096C,1,RC-9010834096,DEATH_CLAIM,SETTLED,3,2,DEATH_PAID_IN_FULL,True,5000.00,20200307,3
010834344C,1,RC-9010834344,DEATH_CLAIM,SETTLED,3,2,DEATH_PAID_IN_FULL,True,13027.60,20210623,3
010834574C,1,RC-9010834574,DISBURSEMENT_CLAIM,PAID,99,99,FAMILY_SURRENDER_BUCKET,True,0.00,,99
010834575C,1,RC-9010834575,DISBURSEMENT_CLAIM,PAID,99,99,FAMILY_SURRENDER_BUCKET,True,0.00,,99
010834745C,1,RC-9010834745,DEATH_CLAIM,SETTLED,3,2,DEATH_PAID_IN_FULL,True,2445.91,20200102,3
010835240C,1,RC-9010835240,DEATH_CLAIM,SETTLED,3,2,DEATH_PAID_IN_FULL,True,9890.06,20190125,3
010835334C,1,RC-9010835334,DEATH_CLAIM,SETTLED,3,2,DEATH_PAID_IN_FULL,True,4509.17,20221212,3
010835891C,1,RC-9010835891,DEATH_CLAIM,SETTLED,3,2,DEATH_PAID_IN_FULL,True,25642.86,20240517,3
010836057C,1,RC-9010836057,DEATH_CLAIM,SETTLED,3,2,DEATH_PAID_IN_FULL,True,15911.66,20200121,3
010836250C,1,RC-9010836250,DEATH_CLAIM,SETTLED,3,2,DEATH_PAID_IN_FULL,True,14343.96,20220320,3
010836265C,1,RC-9010836265,DEATH_CLAIM,SETTLED,3,2,DEATH_PAID_IN_FULL,True,25060.38,20230801,3
010837522C,1,RC-9010837522,DISBURSEMENT_CLAIM,PAID,99,99,FAMILY_SURRENDER_BUCKET,True,243.03,,99
010838364C,1,RC-9010838364,DEATH_CLAIM,SETTLED,3,2,DEATH_PAID_IN_FULL,True,25256.98,20230307,3
010838834C,1,RC-9010838834,DEATH_CLAIM,SETTLED,3,2,DEATH_PAID_IN_FULL,True,6947.07,20210716,3
010839234C,1,RC-9010839234,DEATH_CLAIM,SETTLED,3,2,DEATH_PAID_IN_FULL,True,5029.26,20190713,3
010839714C,1,RC-9010839714,DEATH_CLAIM,SETTLED,3,2,DEATH_PAID_IN_FULL,True,7687.38,20180607,3
010840186C,1,RC-9010840186,DISBURSEMENT_CLAIM,PAID,99,99,FAMILY_SURRENDER_BUCKET,True,0.00,,99
010840776C,1,RC-9010840776,DEATH_CLAIM,SETTLED,3,2,DEATH_PAID_IN_FULL,True,10000.00,20180920,3
010840780C,1,RC-9010840780,DEATH_CLAIM,SETTLED,3,2,DEATH_PAID_IN_FULL,True,6176.57,20190928,3
010841063C,1,RC-9010841063,DEATH_CLAIM,SETTLED,3,2,DEATH_PAID_IN_FULL,True,12559.20,20180317,3
010841424C,1,RC-9010841424,DEATH_CLAIM,SETTLED,3,2,DEATH_PAID_IN_FULL,True,5859.28,20200220,3
010841470C,1,RC-9010841470,DEATH_CLAIM,SETTLED,3,2,DEATH_PAID_IN_FULL,True,10933.78,20220202,3
010842016C,1,RC-9010842016,DISBURSEMENT_CLAIM,PAID,99,99,FAMILY_SURRENDER_BUCKET,True,0.00,,99
010842541C,1,RC-9010842541,DEATH_CLAIM,SETTLED,3,2,DEATH_PAID_IN_FULL,True,5000.00,20180311,3
010842969C,1,RC-9010842969,DEATH_CLAIM,SETTLED,3,2,DEATH_PAID_IN_FULL,True,5226.18,20180415,3
010843137C,1,RC-9010843137,DEATH_CLAIM,SETTLED,3,2,DEATH_PAID_IN_FULL,True,5055.76,20230826,3
010845094C,1,RC-9010845094,DEATH_CLAIM,SETTLED,3,2,DEATH_PAID_IN_FULL,True,10705.69,20190216,3
010845194C,1,RC-9010845194,DEATH_CLAIM,SETTLED,3,2,DEATH_PAID_IN_FULL,True,5592.40,20220828,3
010845709C,1,RC-9010845709,DISBURSEMENT_CLAIM,PAID,99,99,FAMILY_SURRENDER_BUCKET,True,0.00,,99
010845862C,1,RC-9010845862,DISBURSEMENT_CLAIM,PAID,99,99,FAMILY_SURRENDER_BUCKET,True,0.00,,99
010845863C,1,RC-9010845863,DISBURSEMENT_CLAIM,PAID,99,99,FAMILY_SURRENDER_BUCKET,True,0.00,,99
010845878C,1,RC-9010845878,DEATH_CLAIM,SETTLED,3,2,DEATH_PAID_IN_FULL,True,25000.00,20210713,3
010846244C,1,RC-9010846244,DEATH_CLAIM,SETTLED,3,2,DEATH_PAID_IN_FULL,True,25016.63,20200922,3
010846459C,1,RC-9010846459,DISBURSEMENT_CLAIM,PAID,99,99,FAMILY_SURRENDER_BUCKET,True,25798.12,,99
010846679C,1,RC-9010846679,DEATH_CLAIM,SETTLED,3,2,DEATH_PAID_IN_FULL,True,6045.32,20220818,3
010847466C,1,RC-9010847466,DEATH_CLAIM,SETTLED,3,2,DEATH_PAID_IN_FULL,True,25274.46,20190402,3
010847479C,1,RC-9010847479,DISBURSEMENT_CLAIM,PAID,99,99,FAMILY_SURRENDER_BUCKET,True,0.00,,99
010847488C,1,RC-9010847488,DEATH_CLAIM,SETTLED,3,2,DEATH_PAID_IN_FULL,True,10285.28,20231105,3
010848085C,1,RC-9010848085,DEATH_CLAIM,SETTLED,3,2,DEATH_PAID_IN_FULL,True,10166.72,20211114,3
010848644C,1,RC-9010848644,DEATH_CLAIM,SETTLED,3,2,DEATH_PAID_IN_FULL,True,25056.95,20180427,3
010849668C,1,RC-9010849668,DEATH_CLAIM,SETTLED,3,2,DEATH_PAID_IN_FULL,True,6756.43,20240801,3
010849699C,1,RC-9010849699,DEATH_CLAIM,SETTLED,3,2,DEATH_PAID_IN_FULL,True,18535.68,20230607,3
010850270C,1,RC-9010850270,DEATH_CLAIM,SETTLED,3,2,DEATH_PAID_IN_FULL,True,10065.10,20180127,3
010850533C,1,RC-9010850533,DEATH_CLAIM,SETTLED,3,2,DEATH_PAID_IN_FULL,True,32251.72,20240919,3
010851577C,1,RC-9010851577,DEATH_CLAIM,SETTLED,3,2,DEATH_PAID_IN_FULL,True,9369.63,20190423,3
010851847C,1,RC-9010851847,DISBURSEMENT_CLAIM,PAID,99,99,FAMILY_SURRENDER_BUCKET,True,0.00,,99
010852865C,1,RC-9010852865,DEATH_CLAIM,SETTLED,3,2,DEATH_PAID_IN_FULL,True,18150.68,20230531,3
010853288C,1,RC-9010853288,DEATH_CLAIM,SETTLED,3,2,DEATH_PAID_IN_FULL,True,2647.36,20210103,3
010854157C,1,RC-9010854157,DISBURSEMENT_CLAIM,PAID,99,99,FAMILY_SURRENDER_BUCKET,True,0.00,,99
010854364C,1,RC-9010854364,DEATH_CLAIM,SETTLED,3,2,DEATH_PAID_IN_FULL,True,6745.27,20201216,3
010856918C,1,RC-9010856918,DEATH_CLAIM,SETTLED,3,2,DEATH_PAID_IN_FULL,True,5016.04,20210823,3
010857115C,1,RC-9010857115,DEATH_CLAIM,SETTLED,3,2,DEATH_PAID_IN_FULL,True,5000.00,20230107,3
010857119C,1,RC-9010857119,DEATH_CLAIM,SETTLED,3,2,DEATH_PAID_IN_FULL,True,25000.00,20210619,3
010857638C,1,RC-9010857638,DEATH_CLAIM,SETTLED,3,2,DEATH_PAID_IN_FULL,True,25068.37,20220720,3
010857881C,1,RC-9010857881,DEATH_CLAIM,SETTLED,3,2,DEATH_PAID_IN_FULL,True,25000.00,20210701,3
010858396C,1,RC-9010858396,DISBURSEMENT_CLAIM,PAID,99,99,FAMILY_SURRENDER_BUCKET,True,0.00,,99
010858435C,1,RC-9010858435,SURRENDER_CLAIM,,99,99,FAMILY_SURRENDER_BUCKET,False,0.00,,99
010858518C,1,RC-9010858518,DEATH_CLAIM,SETTLED,3,2,DEATH_PAID_IN_FULL,True,25126.58,20231118,3
010858907C,1,RC-9010858907,DEATH_CLAIM,SETTLED,3,2,DEATH_PAID_IN_FULL,True,25023.50,20180120,3
010859093C,1,RC-9010859093,DEATH_CLAIM,SETTLED,3,2,DEATH_PAID_IN_FULL,True,21948.92,20211029,3
010859282C,1,RC-9010859282,DEATH_CLAIM,SETTLED,3,2,DEATH_PAID_IN_FULL,True,11209.73,20240701,3
010860628C,1,RC-9010860628,DEATH_CLAIM,SETTLED,3,2,DEATH_PAID_IN_FULL,True,13000.00,20230328,3
010860900C,1,RC-9010860900,DEATH_CLAIM,SETTLED,3,2,DEATH_PAID_IN_FULL,True,8565.53,20190331,3
010860970C,1,RC-9010860970,DEATH_CLAIM,SETTLED,3,2,DEATH_PAID_IN_FULL,True,11857.39,20200126,3
010863167C,1,RC-9010863167,DEATH_CLAIM,SETTLED,3,2,DEATH_PAID_IN_FULL,True,6964.67,20200201,3
010863334C,1,RC-9010863334,DEATH_CLAIM,SETTLED,3,2,DEATH_PAID_IN_FULL,True,34643.78,20240909,3
010866396C,1,RC-9010866396,DEATH_CLAIM,SETTLED,3,2,DEATH_PAID_IN_FULL,True,38755.19,20220308,3
010866396C,1,RC-9010866396,DISBURSEMENT_CLAIM,PAID,99,99,FAMILY_SURRENDER_BUCKET,True,0.00,,99
010869452C,1,RC-9010869452,DEATH_CLAIM,SETTLED,3,2,DEATH_PAID_IN_FULL,True,11096.13,20190106,3
010869804C,1,RC-9010869804,DEATH_CLAIM,SETTLED,3,2,DEATH_PAID_IN_FULL,True,24764.68,20240608,3
010871146C,1,RC-9010871146,DEATH_CLAIM,SETTLED,3,2,DEATH_PAID_IN_FULL,True,7463.07,20191007,3
010871146C,1,RC-9010871146,DISBURSEMENT_CLAIM,PAID,99,99,FAMILY_SURRENDER_BUCKET,True,0.00,,99
010872417C,1,RC-9010872417,DEATH_CLAIM,SETTLED,3,2,DEATH_PAID_IN_FULL,True,26090.48,20220928,3
010872522C,1,RC-9010872522,DISBURSEMENT_CLAIM,PAID,99,99,FAMILY_SURRENDER_BUCKET,True,0.00,,99
010873154C,1,RC-9010873154,DISBURSEMENT_CLAIM,PAID,99,99,FAMILY_SURRENDER_BUCKET,True,0.00,,99
010874801C,1,RC-9010874801,DISBURSEMENT_CLAIM,PAID,99,99,FAMILY_SURRENDER_BUCKET,True,0.00,,99
010875783C,1,RC-9010875783,DEATH_CLAIM,SETTLED,3,2,DEATH_PAID_IN_FULL,True,9184.68,20220226,3
010876417C,1,RC-9010876417,DEATH_CLAIM,SETTLED,3,2,DEATH_PAID_IN_FULL,True,12782.72,20220722,3
010877890C,1,RC-9010877890,DEATH_CLAIM,SETTLED,3,2,DEATH_PAID_IN_FULL,True,20359.20,20240108,3
010880225C,1,RC-9010880225,DEATH_CLAIM,SETTLED,3,2,DEATH_PAID_IN_FULL,True,8160.92,20220116,3
010881096C,1,RC-9010881096,DEATH_CLAIM,SETTLED,3,2,DEATH_PAID_IN_FULL,True,6559.35,20230705,3
010881974C,1,RC-9010881974,DEATH_CLAIM,SETTLED,3,2,DEATH_PAID_IN_FULL,True,5103.26,20220529,3
010882195C,1,RC-9010882195,DISBURSEMENT_CLAIM,PAID,99,99,FAMILY_SURRENDER_BUCKET,True,0.00,,99
010882195C,1,RC-9010882195,DISBURSEMENT_CLAIM,PAID,99,99,FAMILY_SURRENDER_BUCKET,True,0.00,,99
010882416C,1,RC-9010882416,DISBURSEMENT_CLAIM,PAID,99,99,FAMILY_SURRENDER_BUCKET,True,0.00,,99
010883239C,1,RC-9010883239,DISBURSEMENT_CLAIM,PAID,99,99,FAMILY_SURRENDER_BUCKET,True,0.00,,99
010883245C,1,RC-9010883245,DEATH_CLAIM,SETTLED,3,2,DEATH_PAID_IN_FULL,True,5981.37,20211216,3
010883246C,1,RC-9010883246,DEATH_CLAIM,SETTLED,3,2,DEATH_PAID_IN_FULL,True,5086.58,20241225,3
010883563C,1,RC-9010883563,DEATH_CLAIM,SETTLED,3,2,DEATH_PAID_IN_FULL,True,12496.97,20250305,3
010886805C,1,RC-9010886805,DEATH_CLAIM,SETTLED,3,2,DEATH_PAID_IN_FULL,True,11279.24,20180519,3
010886812C,1,RC-9010886812,DEATH_CLAIM,SETTLED,3,2,DEATH_PAID_IN_FULL,True,25000.00,20240225,3
010886851C,1,RC-9010886851,DISBURSEMENT_CLAIM,PAID,99,99,FAMILY_SURRENDER_BUCKET,True,0.00,,99
010887780C,1,RC-9010887780,DISBURSEMENT_CLAIM,PAID,99,99,FAMILY_SURRENDER_BUCKET,True,0.00,,99
010887927C,1,RC-9010887927,SURRENDER_CLAIM,,99,99,FAMILY_SURRENDER_BUCKET,False,0.00,,99
010887929C,1,RC-9010887929,SURRENDER_CLAIM,,99,99,FAMILY_SURRENDER_BUCKET,False,0.00,,99
010888232C,1,RC-9010888232,DEATH_CLAIM,SETTLED,3,2,DEATH_PAID_IN_FULL,True,5000.00,20190325,3
010888338C,1,RC-9010888338,DEATH_CLAIM,SETTLED,3,2,DEATH_PAID_IN_FULL,True,6442.49,20220806,3
010888339C,1,RC-9010888339,DEATH_CLAIM,SETTLED,3,2,DEATH_PAID_IN_FULL,True,26042.13,20240516,3
010888649C,1,RC-9010888649,DEATH_CLAIM,SETTLED,3,2,DEATH_PAID_IN_FULL,True,25031.76,20230519,3
010889364C,1,RC-9010889364,DEATH_CLAIM,SETTLED,3,2,DEATH_PAID_IN_FULL,True,10000.00,20250210,3
010890622C,1,RC-9010890622,DEATH_CLAIM,SETTLED,3,2,DEATH_PAID_IN_FULL,True,10016.78,20191026,3
010890627C,1,RC-9010890627,DEATH_CLAIM,SETTLED,3,2,DEATH_PAID_IN_FULL,True,5722.30,20180528,3
010891079C,1,RC-9010891079,DEATH_CLAIM,SETTLED,3,2,DEATH_PAID_IN_FULL,True,3369.40,20200117,3
010891328C,1,RC-9010891328,DISBURSEMENT_CLAIM,PAID,99,99,FAMILY_SURRENDER_BUCKET,True,0.00,,99
010892685C,1,RC-9010892685,DEATH_CLAIM,SETTLED,3,2,DEATH_PAID_IN_FULL,True,25212.59,20230905,3
010892693C,1,RC-9010892693,DEATH_CLAIM,SETTLED,3,2,DEATH_PAID_IN_FULL,True,20005.14,20191121,3
010893387C,1,RC-9010893387,DEATH_CLAIM,SETTLED,3,2,DEATH_PAID_IN_FULL,True,7840.63,20220119,3
010893908C,1,RC-9010893908,DEATH_CLAIM,SETTLED,3,2,DEATH_PAID_IN_FULL,True,11683.46,20240321,3
010893949C,1,RC-9010893949,DEATH_CLAIM,SETTLED,3,2,DEATH_PAID_IN_FULL,True,13939.31,20201224,3
010893950C,1,RC-9010893950,DEATH_CLAIM,SETTLED,3,2,DEATH_PAID_IN_FULL,True,7000.00,20221220,3
010895253C,1,RC-9010895253,DEATH_CLAIM,SETTLED,3,2,DEATH_PAID_IN_FULL,True,6769.35,20180301,3
010896144C,1,RC-9010896144,DEATH_CLAIM,SETTLED,3,2,DEATH_PAID_IN_FULL,True,5004.17,20190802,3
010896866C,1,RC-9010896866,DEATH_CLAIM,SETTLED,3,2,DEATH_PAID_IN_FULL,True,10017.52,20210117,3
010896915C,1,RC-9010896915,DEATH_CLAIM,SETTLED,3,2,DEATH_PAID_IN_FULL,True,9449.99,20191022,3
010896924C,1,RC-9010896924,DEATH_CLAIM,SETTLED,3,2,DEATH_PAID_IN_FULL,True,24642.70,20250917,3
010897303C,1,RC-9010897303,DEATH_CLAIM,SETTLED,3,2,DEATH_PAID_IN_FULL,True,33070.41,20190612,3
010898542C,1,RC-9010898542,DEATH_CLAIM,SETTLED,3,2,DEATH_PAID_IN_FULL,True,6000.00,20250413,3
010898545C,1,RC-9010898545,DEATH_CLAIM,SETTLED,3,2,DEATH_PAID_IN_FULL,True,4825.68,20210324,3
010898547C,1,RC-9010898547,DEATH_CLAIM,SETTLED,3,2,DEATH_PAID_IN_FULL,True,15513.56,20240321,3
010898692C,1,RC-9010898692,DEATH_CLAIM,SETTLED,3,2,DEATH_PAID_IN_FULL,True,5000.00,20210827,3
010899716C,1,RC-9010899716,DISBURSEMENT_CLAIM,PAID,99,99,FAMILY_SURRENDER_BUCKET,True,0.00,,99
010900142C,1,RC-9010900142,DEATH_CLAIM,SETTLED,3,2,DEATH_PAID_IN_FULL,True,7194.04,20241209,3
010900145C,1,RC-9010900145,DEATH_CLAIM,SETTLED,3,2,DEATH_PAID_IN_FULL,True,11483.98,20190527,3
010900152C,1,RC-9010900152,DEATH_CLAIM,SETTLED,3,2,DEATH_PAID_IN_FULL,True,6490.15,20180301,3
010900517C,1,RC-9010900517,DEATH_CLAIM,SETTLED,3,2,DEATH_PAID_IN_FULL,True,25036.35,20210203,3
010900519C,1,RC-9010900519,DEATH_CLAIM,SETTLED,3,2,DEATH_PAID_IN_FULL,True,6835.94,20200707,3
010901657C,1,RC-9010901657,SURRENDER_CLAIM,,99,99,FAMILY_SURRENDER_BUCKET,False,0.00,,99
010901657C,1,RC-9010901657,SURRENDER_CLAIM,,99,99,FAMILY_SURRENDER_BUCKET,False,0.00,,99
010901657C,1,RC-9010901657,SURRENDER_CLAIM,,99,99,FAMILY_SURRENDER_BUCKET,False,0.00,,99
010901657C,1,RC-9010901657,SURRENDER_CLAIM,,99,99,FAMILY_SURRENDER_BUCKET,False,0.00,,99
010901824C,1,RC-9010901824,DEATH_CLAIM,SETTLED,3,2,DEATH_PAID_IN_FULL,True,19978.22,20250917,3
010901833C,1,RC-9010901833,DEATH_CLAIM,SETTLED,3,2,DEATH_PAID_IN_FULL,True,20204.10,20250917,3
010902761C,1,RC-9010902761,DEATH_CLAIM,SETTLED,3,2,DEATH_PAID_IN_FULL,True,9776.89,20240714,3
010903919C,1,RC-9010903919,DEATH_CLAIM,SETTLED,3,2,DEATH_PAID_IN_FULL,True,15166.44,20180206,3
010903927C,1,RC-9010903927,DEATH_CLAIM,SETTLED,3,2,DEATH_PAID_IN_FULL,True,13860.98,20230203,3
010904097C,1,RC-9010904097,DEATH_CLAIM,SETTLED,3,2,DEATH_PAID_IN_FULL,True,5000.00,20220815,3
010904649C,1,RC-9010904649,DEATH_CLAIM,SETTLED,3,2,DEATH_PAID_IN_FULL,True,5437.90,20210207,3
010904809C,1,RC-9010904809,DISBURSEMENT_CLAIM,PAID,99,99,FAMILY_SURRENDER_BUCKET,True,0.00,,99
010905200C,1,RC-9010905200,DISBURSEMENT_CLAIM,PAID,99,99,FAMILY_SURRENDER_BUCKET,True,0.00,,99
010905677C,1,RC-9010905677,DISBURSEMENT_CLAIM,PAID,99,99,FAMILY_SURRENDER_BUCKET,True,9257.44,,99
010906254C,1,RC-9010906254,DEATH_CLAIM,SETTLED,3,2,DEATH_PAID_IN_FULL,True,25221.47,20190404,3
010909767C,1,RC-9010909767,DEATH_CLAIM,SETTLED,3,2,DEATH_PAID_IN_FULL,True,5000.00,20210406,3
010910320C,1,RC-9010910320,DEATH_CLAIM,SETTLED,3,2,DEATH_PAID_IN_FULL,True,18280.91,20180428,3
010911627C,1,RC-9010911627,DEATH_CLAIM,SETTLED,3,2,DEATH_PAID_IN_FULL,True,50264.98,20200811,3
010912454C,1,RC-9010912454,DEATH_CLAIM,SETTLED,3,2,DEATH_PAID_IN_FULL,True,21212.39,20190306,3
010912454C,1,RC-9010912454,DISBURSEMENT_CLAIM,PAID,99,99,FAMILY_SURRENDER_BUCKET,True,0.00,,99
010913101C,1,RC-9010913101,DEATH_CLAIM,SETTLED,3,2,DEATH_PAID_IN_FULL,True,10732.11,20181223,3
010913253C,1,RC-9010913253,DEATH_CLAIM,SETTLED,3,2,DEATH_PAID_IN_FULL,True,9406.44,20180505,3
010914301C,1,RC-9010914301,DEATH_CLAIM,SETTLED,3,2,DEATH_PAID_IN_FULL,True,25019.98,20210830,3
010914384C,1,RC-9010914384,DEATH_CLAIM,SETTLED,3,2,DEATH_PAID_IN_FULL,True,7559.01,20180805,3
010915030C,1,RC-9010915030,DEATH_CLAIM,SETTLED,3,2,DEATH_PAID_IN_FULL,True,9685.67,20201218,3
010915030C,1,RC-9010915030,DISBURSEMENT_CLAIM,PAID,99,99,FAMILY_SURRENDER_BUCKET,True,0.00,,99
010915030C,1,RC-9010915030,DISBURSEMENT_CLAIM,PAID,99,99,FAMILY_SURRENDER_BUCKET,True,0.00,,99
010915533C,1,RC-9010915533,DEATH_CLAIM,SETTLED,3,2,DEATH_PAID_IN_FULL,True,50016.34,20190525,3
010915619C,1,RC-9010915619,DEATH_CLAIM,SETTLED,3,2,DEATH_PAID_IN_FULL,True,25008.43,20200520,3
010916260C,1,RC-9010916260,DEATH_CLAIM,SETTLED,3,2,DEATH_PAID_IN_FULL,True,8013.36,20220904,3
010916879C,1,RC-9010916879,DEATH_CLAIM,SETTLED,3,2,DEATH_PAID_IN_FULL,True,25062.75,20190306,3
010917172C,1,RC-9010917172,DEATH_CLAIM,SETTLED,3,2,DEATH_PAID_IN_FULL,True,30000.00,20230408,3
010917601C,1,RC-9010917601,DISBURSEMENT_CLAIM,PAID,99,99,FAMILY_SURRENDER_BUCKET,True,0.00,,99
010917602C,1,RC-9010917602,DISBURSEMENT_CLAIM,PAID,99,99,FAMILY_SURRENDER_BUCKET,True,0.00,,99
010919431C,1,RC-9010919431,DEATH_CLAIM,SETTLED,3,2,DEATH_PAID_IN_FULL,True,6746.94,20210704,3
010920798C,1,RC-9010920798,DEATH_CLAIM,SETTLED,3,2,DEATH_PAID_IN_FULL,True,38199.05,20250328,3
010924474C,1,RC-9010924474,DEATH_CLAIM,SETTLED,3,2,DEATH_PAID_IN_FULL,True,17694.15,20250929,3
010924475C,1,RC-9010924475,DEATH_CLAIM,SETTLED,3,2,DEATH_PAID_IN_FULL,True,5836.76,20190903,3
010927421C,1,RC-9010927421,DISBURSEMENT_CLAIM,PAID,99,99,FAMILY_SURRENDER_BUCKET,True,0.00,,99
010928261C,1,RC-9010928261,DISBURSEMENT_CLAIM,PAID,99,99,FAMILY_SURRENDER_BUCKET,True,0.00,,99
010928491C,1,RC-9010928491,DISBURSEMENT_CLAIM,PAID,99,99,FAMILY_SURRENDER_BUCKET,True,0.00,,99
010928491C,1,RC-9010928491,DISBURSEMENT_CLAIM,PAID,99,99,FAMILY_SURRENDER_BUCKET,True,0.00,,99
010928497C,1,RC-9010928497,DISBURSEMENT_CLAIM,PAID,99,99,FAMILY_SURRENDER_BUCKET,True,0.00,,99
010929367C,1,RC-9010929367,DEATH_CLAIM,SETTLED,3,2,DEATH_PAID_IN_FULL,True,25033.73,20190622,3
010929794C,1,RC-9010929794,DEATH_CLAIM,SETTLED,3,2,DEATH_PAID_IN_FULL,True,5406.39,20220828,3
010929982C,1,RC-9010929982,DEATH_CLAIM,SETTLED,3,2,DEATH_PAID_IN_FULL,True,3879.18,20220728,3
010930278C,1,RC-9010930278,DISBURSEMENT_CLAIM,PAID,99,99,FAMILY_SURRENDER_BUCKET,True,0.00,,99
010933370C,1,RC-9010933370,DEATH_CLAIM,SETTLED,3,2,DEATH_PAID_IN_FULL,True,19216.77,20240629,3
010935366C,1,RC-9010935366,DEATH_CLAIM,SETTLED,3,2,DEATH_PAID_IN_FULL,True,30086.17,20200223,3
010935469C,1,RC-9010935469,DEATH_CLAIM,SETTLED,3,2,DEATH_PAID_IN_FULL,True,16886.41,20230926,3
010935470C,1,RC-9010935470,DEATH_CLAIM,SETTLED,3,2,DEATH_PAID_IN_FULL,True,13428.56,20180119,3
010936381C,1,RC-9010936381,DEATH_CLAIM,SETTLED,3,2,DEATH_PAID_IN_FULL,True,10083.45,20190908,3
010936713C,1,RC-9010936713,DISBURSEMENT_CLAIM,PAID,99,99,FAMILY_SURRENDER_BUCKET,True,16765.71,,99
010937087C,1,RC-9010937087,SURRENDER_CLAIM,,99,99,FAMILY_SURRENDER_BUCKET,False,0.00,,99
010937735C,1,RC-9010937735,DISBURSEMENT_CLAIM,PAID,99,99,FAMILY_SURRENDER_BUCKET,True,0.00,,99
010938121C,1,RC-9010938121,DISBURSEMENT_CLAIM,PAID,99,99,FAMILY_SURRENDER_BUCKET,True,0.00,,99
010938321C,1,RC-9010938321,DISBURSEMENT_CLAIM,PAID,99,99,FAMILY_SURRENDER_BUCKET,True,0.00,,99
010939731C,1,RC-9010939731,DEATH_CLAIM,SETTLED,3,2,DEATH_PAID_IN_FULL,True,10222.13,20251207,3
010940594C,1,RC-9010940594,DEATH_CLAIM,SETTLED,3,2,DEATH_PAID_IN_FULL,True,5476.00,20181102,3
010940855C,1,RC-9010940855,DEATH_CLAIM,SETTLED,3,2,DEATH_PAID_IN_FULL,True,4162.72,20181005,3
010941103C,1,RC-9010941103,DISBURSEMENT_CLAIM,PAID,99,99,FAMILY_SURRENDER_BUCKET,True,15304.22,,99
010942232C,1,RC-9010942232,DEATH_CLAIM,SETTLED,3,2,DEATH_PAID_IN_FULL,True,5547.59,20230905,3
010944558C,1,RC-9010944558,DISBURSEMENT_CLAIM,PAID,99,99,FAMILY_SURRENDER_BUCKET,True,0.00,,99
010944558C,1,RC-9010944558,SURRENDER_CLAIM,,99,99,FAMILY_SURRENDER_BUCKET,True,0.00,,99
010945534C,1,RC-9010945534,DEATH_CLAIM,SETTLED,3,2,DEATH_PAID_IN_FULL,True,10064.20,20210831,3
010946649C,1,RC-9010946649,DEATH_CLAIM,SETTLED,3,2,DEATH_PAID_IN_FULL,True,12000.00,20190824,3
010947021C,1,RC-9010947021,DEATH_CLAIM,SETTLED,3,2,DEATH_PAID_IN_FULL,True,21770.00,20180724,3
010947021C,1,RC-9010947021,DISBURSEMENT_CLAIM,PAID,99,99,FAMILY_SURRENDER_BUCKET,True,0.00,,99
010947245C,1,RC-9010947245,DISBURSEMENT_CLAIM,PAID,99,99,FAMILY_SURRENDER_BUCKET,True,0.00,,99
010947866C,1,RC-9010947866,DEATH_CLAIM,SETTLED,3,2,DEATH_PAID_IN_FULL,True,20000.00,20240825,3
010948195C,1,RC-9010948195,DEATH_CLAIM,SETTLED,3,2,DEATH_PAID_IN_FULL,True,5826.66,20231211,3
010949295C,1,RC-9010949295,DEATH_CLAIM,SETTLED,3,2,DEATH_PAID_IN_FULL,True,11616.30,20210608,3
010949672C,1,RC-9010949672,SURRENDER_CLAIM,,99,99,FAMILY_SURRENDER_BUCKET,False,0.00,,99
010952369C,1,RC-9010952369,DEATH_CLAIM,SETTLED,3,2,DEATH_PAID_IN_FULL,True,5000.00,20200205,3
010952369C,1,RC-9010952369,DISBURSEMENT_CLAIM,PAID,99,99,FAMILY_SURRENDER_BUCKET,True,0.00,,99
010952386C,1,RC-9010952386,DISBURSEMENT_CLAIM,PAID,99,99,FAMILY_SURRENDER_BUCKET,True,0.00,,99
010954823C,1,RC-9010954823,DEATH_CLAIM,SETTLED,3,2,DEATH_PAID_IN_FULL,True,5547.07,20191221,3
010958111C,1,RC-9010958111,DEATH_CLAIM,SETTLED,3,2,DEATH_PAID_IN_FULL,True,25000.00,20240930,3
010958111C,1,RC-9010958111,SURRENDER_CLAIM,,99,99,FAMILY_SURRENDER_BUCKET,True,0.00,,99
010958446C,1,RC-9010958446,DEATH_CLAIM,SETTLED,3,2,DEATH_PAID_IN_FULL,True,6278.54,20240703,3
010959302C,1,RC-9010959302,DEATH_CLAIM,SETTLED,3,2,DEATH_PAID_IN_FULL,True,15062.28,20211102,3
010960590C,1,RC-9010960590,DEATH_CLAIM,SETTLED,3,2,DEATH_PAID_IN_FULL,True,25011.38,20191229,3
010963046C,1,RC-9010963046,DEATH_CLAIM,SETTLED,3,2,DEATH_PAID_IN_FULL,True,11524.59,20190209,3
010965143C,1,RC-9010965143,DEATH_CLAIM,SETTLED,3,2,DEATH_PAID_IN_FULL,True,50011.97,20220227,3
010966767C,1,RC-9010966767,DEATH_CLAIM,SETTLED,3,2,DEATH_PAID_IN_FULL,True,7968.16,20180210,3
010968283C,1,RC-9010968283,SURRENDER_CLAIM,,99,99,FAMILY_SURRENDER_BUCKET,False,0.00,,99
010968689C,1,RC-9010968689,DEATH_CLAIM,SETTLED,3,2,DEATH_PAID_IN_FULL,True,5000.00,20180727,3
010968808C,1,RC-9010968808,DEATH_CLAIM,SETTLED,3,2,DEATH_PAID_IN_FULL,True,25000.00,20191202,3
010968815C,1,RC-9010968815,DEATH_CLAIM,SETTLED,3,2,DEATH_PAID_IN_FULL,True,25071.03,20211221,3
010969153C,1,RC-9010969153,DEATH_CLAIM,SETTLED,3,2,DEATH_PAID_IN_FULL,True,11066.82,20230505,3
010969153C,1,RC-9010969153,DISBURSEMENT_CLAIM,PAID,99,99,FAMILY_SURRENDER_BUCKET,True,0.00,,99
010969227C,1,RC-9010969227,DEATH_CLAIM,SETTLED,3,2,DEATH_PAID_IN_FULL,True,12520.75,20230406,3
010970211C,1,RC-9010970211,DEATH_CLAIM,SETTLED,3,2,DEATH_PAID_IN_FULL,True,8297.61,20200508,3
010974140C,1,RC-9010974140,DEATH_CLAIM,SETTLED,3,2,DEATH_PAID_IN_FULL,True,7533.63,20201112,3
010974838C,1,RC-9010974838,DEATH_CLAIM,SETTLED,3,2,DEATH_PAID_IN_FULL,True,15636.07,20240915,3
010977876C,1,RC-9010977876,DEATH_CLAIM,SETTLED,3,2,DEATH_PAID_IN_FULL,True,16232.47,20210621,3
010978232C,1,RC-9010978232,DISBURSEMENT_CLAIM,PAID,99,99,FAMILY_SURRENDER_BUCKET,True,0.00,,99
010979717C,1,RC-9010979717,SURRENDER_CLAIM,,99,99,FAMILY_SURRENDER_BUCKET,True,0.00,,99
010979722C,1,RC-9010979722,DEATH_CLAIM,SETTLED,3,2,DEATH_PAID_IN_FULL,True,7418.51,20191231,3
010981739C,1,RC-9010981739,DEATH_CLAIM,SETTLED,3,2,DEATH_PAID_IN_FULL,True,8176.67,20211114,3
010984316C,1,RC-9010984316,DEATH_CLAIM,SETTLED,3,2,DEATH_PAID_IN_FULL,True,5007.85,20200401,3
010986137C,1,RC-9010986137,DEATH_CLAIM,SETTLED,3,2,DEATH_PAID_IN_FULL,True,5000.00,20190409,3
010986434C,1,RC-9010986434,DEATH_CLAIM,SETTLED,3,2,DEATH_PAID_IN_FULL,True,2505.18,20200129,3
010989913C,1,RC-9010989913,DEATH_CLAIM,SETTLED,3,2,DEATH_PAID_IN_FULL,True,8585.96,20190112,3
010990148C,1,RC-9010990148,DEATH_CLAIM,SETTLED,3,2,DEATH_PAID_IN_FULL,True,9345.04,20190326,3
010993014C,1,RC-9010993014,DEATH_CLAIM,SETTLED,3,2,DEATH_PAID_IN_FULL,True,10584.37,20180204,3
010994236C,1,RC-9010994236,DEATH_CLAIM,SETTLED,3,2,DEATH_PAID_IN_FULL,True,25000.00,20190805,3
010996841C,1,RC-9010996841,DEATH_CLAIM,SETTLED,3,2,DEATH_PAID_IN_FULL,True,6476.60,20210123,3
010996983C,1,RC-9010996983,DEATH_CLAIM,SETTLED,3,2,DEATH_PAID_IN_FULL,True,5000.00,20190516,3
011000854C,1,RC-9011000854,DEATH_CLAIM,FUNDED,1,2,DEATH_PAID_IN_FULL,True,10952.58,,1
011001627C,1,RC-9011001627,DEATH_CLAIM,SETTLED,3,2,DEATH_PAID_IN_FULL,True,3923.00,20190212,3
011001984C,1,RC-9011001984,DEATH_CLAIM,SETTLED,3,2,DEATH_PAID_IN_FULL,True,6000.00,20181017,3
011002095C,1,RC-9011002095,DEATH_CLAIM,SETTLED,3,2,DEATH_PAID_IN_FULL,True,7305.37,20210112,3
011002616C,1,RC-9011002616,DISBURSEMENT_CLAIM,PAID,99,99,FAMILY_SURRENDER_BUCKET,True,0.00,,99
011002664C,1,RC-9011002664,DEATH_CLAIM,SETTLED,3,2,DEATH_PAID_IN_FULL,True,5032.10,20181207,3
011003162C,1,RC-9011003162,DEATH_CLAIM,SETTLED,3,2,DEATH_PAID_IN_FULL,True,33605.62,20250305,3
011005348C,1,RC-9011005348,DEATH_CLAIM,SETTLED,3,2,DEATH_PAID_IN_FULL,True,8492.26,20240125,3
011005635C,1,RC-9011005635,DISBURSEMENT_CLAIM,PAID,99,99,FAMILY_SURRENDER_BUCKET,True,0.00,,99
011014579C,1,RC-9011014579,DISBURSEMENT_CLAIM,PAID,99,99,FAMILY_SURRENDER_BUCKET,True,0.00,,99
011014579C,1,RC-9011014579,DISBURSEMENT_CLAIM,PAID,99,99,FAMILY_SURRENDER_BUCKET,True,0.00,,99
011014579C,1,RC-9011014579,DISBURSEMENT_CLAIM,PAID,99,99,FAMILY_SURRENDER_BUCKET,True,0.00,,99
011014579C,1,RC-9011014579,DISBURSEMENT_CLAIM,PAID,99,99,FAMILY_SURRENDER_BUCKET,True,0.00,,99
011014579C,1,RC-9011014579,DISBURSEMENT_CLAIM,PAID,99,99,FAMILY_SURRENDER_BUCKET,True,0.00,,99
011014579C,1,RC-9011014579,DISBURSEMENT_CLAIM,PAID,99,99,FAMILY_SURRENDER_BUCKET,True,0.00,,99
011014579C,1,RC-9011014579,DISBURSEMENT_CLAIM,PAID,99,99,FAMILY_SURRENDER_BUCKET,True,0.00,,99
011014579C,1,RC-9011014579,DISBURSEMENT_CLAIM,PAID,99,99,FAMILY_SURRENDER_BUCKET,True,0.00,,99
011014579C,1,RC-9011014579,DISBURSEMENT_CLAIM,PAID,99,99,FAMILY_SURRENDER_BUCKET,True,0.00,,99
011014579C,1,RC-9011014579,DISBURSEMENT_CLAIM,PAID,99,99,FAMILY_SURRENDER_BUCKET,True,0.00,,99
011014579C,1,RC-9011014579,DISBURSEMENT_CLAIM,PAID,99,99,FAMILY_SURRENDER_BUCKET,True,0.00,,99
011014580C,1,RC-9011014580,DISBURSEMENT_CLAIM,PAID,99,99,FAMILY_SURRENDER_BUCKET,True,0.00,,99
011014739C,1,RC-9011014739,DEATH_CLAIM,SETTLED,3,2,DEATH_PAID_IN_FULL,True,25018.21,20180318,3
011015419C,1,RC-9011015419,DEATH_CLAIM,SETTLED,3,2,DEATH_PAID_IN_FULL,True,15888.03,20210707,3
011016527C,1,RC-9011016527,DEATH_CLAIM,SETTLED,3,2,DEATH_PAID_IN_FULL,True,7500.00,20190622,3
011017841C,1,RC-9011017841,DEATH_CLAIM,SETTLED,3,2,DEATH_PAID_IN_FULL,True,5000.00,20201014,3
011019414C,1,RC-9011019414,DEATH_CLAIM,SETTLED,3,2,DEATH_PAID_IN_FULL,True,4339.83,20181110,3
011019552C,1,RC-9011019552,DEATH_CLAIM,SETTLED,3,2,DEATH_PAID_IN_FULL,True,13275.22,20220416,3
011024459C,1,RC-9011024459,DEATH_CLAIM,SETTLED,3,2,DEATH_PAID_IN_FULL,True,5504.41,20200404,3
011025478C,1,RC-9011025478,DISBURSEMENT_CLAIM,PAID,99,99,FAMILY_SURRENDER_BUCKET,True,0.00,,99
011025612C,1,RC-9011025612,DEATH_CLAIM,SETTLED,3,2,DEATH_PAID_IN_FULL,True,2742.60,20240915,3
011026337C,1,RC-9011026337,DEATH_CLAIM,SETTLED,3,2,DEATH_PAID_IN_FULL,True,10087.11,20240906,3
011032672C,1,RC-9011032672,DISBURSEMENT_CLAIM,PAID,99,99,FAMILY_SURRENDER_BUCKET,True,0.00,,99
011032897C,1,RC-9011032897,DISBURSEMENT_CLAIM,PAID,99,99,FAMILY_SURRENDER_BUCKET,True,0.00,,99
011032898C,1,RC-9011032898,DISBURSEMENT_CLAIM,PAID,99,99,FAMILY_SURRENDER_BUCKET,True,0.00,,99
011033048C,1,RC-9011033048,DEATH_CLAIM,SETTLED,3,2,DEATH_PAID_IN_FULL,True,5476.92,20230816,3
011033048C,1,RC-9011033048,DISBURSEMENT_CLAIM,PAID,99,99,FAMILY_SURRENDER_BUCKET,True,0.00,,99
011033416C,1,RC-9011033416,DEATH_CLAIM,SETTLED,3,2,DEATH_PAID_IN_FULL,True,12093.74,20190205,3
011035652C,1,RC-9011035652,DISBURSEMENT_CLAIM,PAID,99,99,FAMILY_SURRENDER_BUCKET,True,0.00,,99
011035773C,1,RC-9011035773,DEATH_CLAIM,SETTLED,3,2,DEATH_PAID_IN_FULL,True,9015.32,20180514,3
011036054C,1,RC-9011036054,DEATH_CLAIM,SETTLED,3,2,DEATH_PAID_IN_FULL,True,10000.00,20240505,3
011036054C,1,RC-9011036054,DISBURSEMENT_CLAIM,PAID,99,99,FAMILY_SURRENDER_BUCKET,True,0.00,,99
011038065C,1,RC-9011038065,DISBURSEMENT_CLAIM,PAID,99,99,FAMILY_SURRENDER_BUCKET,True,0.00,,99
011038386C,1,RC-9011038386,DISBURSEMENT_CLAIM,PAID,99,99,FAMILY_SURRENDER_BUCKET,True,0.00,,99
011038645C,1,RC-9011038645,DISBURSEMENT_CLAIM,PAID,99,99,FAMILY_SURRENDER_BUCKET,True,0.00,,99
011039701C,1,RC-9011039701,DEATH_CLAIM,SETTLED,3,2,DEATH_PAID_IN_FULL,True,10000.00,20230414,3
011040022C,1,RC-9011040022,DEATH_CLAIM,SETTLED,3,2,DEATH_PAID_IN_FULL,True,50010.14,20251205,3
011042637C,1,RC-9011042637,DEATH_CLAIM,SETTLED,3,2,DEATH_PAID_IN_FULL,True,9639.55,20190421,3
011043749C,1,RC-9011043749,DEATH_CLAIM,SETTLED,3,2,DEATH_PAID_IN_FULL,True,7000.44,20230707,3
011044131C,1,RC-9011044131,DEATH_CLAIM,SETTLED,3,2,DEATH_PAID_IN_FULL,True,25535.86,20201122,3
011045128C,1,RC-9011045128,DEATH_CLAIM,SETTLED,3,2,DEATH_PAID_IN_FULL,True,6535.87,20220814,3
011045129C,1,RC-9011045129,DEATH_CLAIM,SETTLED,3,2,DEATH_PAID_IN_FULL,True,8163.77,20220626,3
011045407C,1,RC-9011045407,DEATH_CLAIM,SETTLED,3,2,DEATH_PAID_IN_FULL,True,6307.26,20210319,3
011046104C,1,RC-9011046104,DEATH_CLAIM,SETTLED,3,2,DEATH_PAID_IN_FULL,True,25037.86,20240220,3
011047402C,1,RC-9011047402,DEATH_CLAIM,SETTLED,3,2,DEATH_PAID_IN_FULL,True,18406.25,20240121,3
011047403C,1,RC-9011047403,DEATH_CLAIM,SETTLED,3,2,DEATH_PAID_IN_FULL,True,20972.19,20200415,3
011048882C,1,RC-9011048882,DEATH_CLAIM,SETTLED,3,2,DEATH_PAID_IN_FULL,True,27530.53,20211113,3
011048886C,1,RC-9011048886,DEATH_CLAIM,SETTLED,3,2,DEATH_PAID_IN_FULL,True,10090.46,20200210,3
011049092C,1,RC-9011049092,DEATH_CLAIM,SETTLED,3,2,DEATH_PAID_IN_FULL,True,8947.58,20220722,3
011049319C,1,RC-9011049319,DISBURSEMENT_CLAIM,PAID,99,99,FAMILY_SURRENDER_BUCKET,True,0.00,,99
011049319C,1,RC-9011049319,DISBURSEMENT_CLAIM,PAID,99,99,FAMILY_SURRENDER_BUCKET,True,0.00,,99
011049922C,1,RC-9011049922,DEATH_CLAIM,SETTLED,3,2,DEATH_PAID_IN_FULL,True,9437.11,20180507,3
011050686C,1,RC-9011050686,DEATH_CLAIM,SETTLED,3,2,DEATH_PAID_IN_FULL,True,7004.14,20221228,3
011051323C,1,RC-9011051323,DEATH_CLAIM,SETTLED,3,2,DEATH_PAID_IN_FULL,True,53156.48,20191212,3
011053076C,1,RC-9011053076,DISBURSEMENT_CLAIM,PAID,99,99,FAMILY_SURRENDER_BUCKET,True,0.00,,99
011053214C,1,RC-9011053214,DEATH_CLAIM,SETTLED,3,2,DEATH_PAID_IN_FULL,True,8638.14,20190214,3
011053214C,1,RC-9011053214,DISBURSEMENT_CLAIM,PAID,99,99,FAMILY_SURRENDER_BUCKET,True,8638.14,,99
011053428C,1,RC-9011053428,DISBURSEMENT_CLAIM,PAID,99,99,FAMILY_SURRENDER_BUCKET,True,0.00,,99
011054606C,1,RC-9011054606,DISBURSEMENT_CLAIM,PAID,99,99,FAMILY_SURRENDER_BUCKET,True,0.00,,99
011054986C,1,RC-9011054986,DEATH_CLAIM,SETTLED,3,2,DEATH_PAID_IN_FULL,True,100673.77,20210502,3
011057485C,1,RC-9011057485,DISBURSEMENT_CLAIM,PAID,99,99,FAMILY_SURRENDER_BUCKET,True,0.00,,99
011057485C,1,RC-9011057485,DISBURSEMENT_CLAIM,PAID,99,99,FAMILY_SURRENDER_BUCKET,True,0.00,,99
011057611C,1,RC-9011057611,DEATH_CLAIM,SETTLED,3,2,DEATH_PAID_IN_FULL,True,6012.50,20240718,3
011057654C,1,RC-9011057654,DEATH_CLAIM,SETTLED,3,2,DEATH_PAID_IN_FULL,True,25014.55,20260402,3
011057904C,1,RC-9011057904,DISBURSEMENT_CLAIM,PAID,99,99,FAMILY_SURRENDER_BUCKET,True,0.00,,99
011058069C,1,RC-9011058069,DEATH_CLAIM,SETTLED,3,2,DEATH_PAID_IN_FULL,True,16122.98,20191201,3
011058905C,1,RC-9011058905,DEATH_CLAIM,SETTLED,3,2,DEATH_PAID_IN_FULL,True,25007.55,20220210,3
011059456C,1,RC-9011059456,DEATH_CLAIM,SETTLED,3,2,DEATH_PAID_IN_FULL,True,11421.56,20180626,3
011062607C,1,RC-9011062607,DEATH_CLAIM,SETTLED,3,2,DEATH_PAID_IN_FULL,True,25017.78,20250701,3
011062815C,1,RC-9011062815,DEATH_CLAIM,SETTLED,3,2,DEATH_PAID_IN_FULL,True,8245.93,20231008,3
011063691C,1,RC-9011063691,DEATH_CLAIM,SETTLED,3,2,DEATH_PAID_IN_FULL,True,2500.00,20200614,3
011064567C,1,RC-9011064567,DEATH_CLAIM,SETTLED,3,2,DEATH_PAID_IN_FULL,True,8755.87,20250521,3
011064568C,1,RC-9011064568,DEATH_CLAIM,SETTLED,3,2,DEATH_PAID_IN_FULL,True,5567.97,20190930,3
011065353C,1,RC-9011065353,DISBURSEMENT_CLAIM,PAID,99,99,FAMILY_SURRENDER_BUCKET,True,0.00,,99
011065353C,1,RC-9011065353,DISBURSEMENT_CLAIM,PAID,99,99,FAMILY_SURRENDER_BUCKET,True,0.00,,99
011066023C,1,RC-9011066023,DISBURSEMENT_CLAIM,PAID,99,99,FAMILY_SURRENDER_BUCKET,True,0.00,,99
011066252C,1,RC-9011066252,DEATH_CLAIM,SETTLED,3,2,DEATH_PAID_IN_FULL,True,7500.00,20190806,3
011067410C,1,RC-9011067410,DEATH_CLAIM,SETTLED,3,2,DEATH_PAID_IN_FULL,True,4975.34,20230721,3
011068375C,1,RC-9011068375,DEATH_CLAIM,SETTLED,3,2,DEATH_PAID_IN_FULL,True,25345.30,20200322,3
011068652C,1,RC-9011068652,DEATH_CLAIM,SETTLED,3,2,DEATH_PAID_IN_FULL,True,7797.45,20250712,3
011068652C,1,RC-9011068652,DISBURSEMENT_CLAIM,PAID,99,99,FAMILY_SURRENDER_BUCKET,True,7797.45,,99
011069093C,1,RC-9011069093,DEATH_CLAIM,SETTLED,3,2,DEATH_PAID_IN_FULL,True,4907.07,20221103,3
011069253C,1,RC-9011069253,DISBURSEMENT_CLAIM,PAID,99,99,FAMILY_SURRENDER_BUCKET,True,0.00,,99
011072405C,1,RC-9011072405,DEATH_CLAIM,FUNDED,1,2,DEATH_PAID_IN_FULL,True,25254.38,,1
011072805C,1,RC-9011072805,DEATH_CLAIM,SETTLED,3,2,DEATH_PAID_IN_FULL,True,7263.63,20200117,3
011073231C,1,RC-9011073231,DEATH_CLAIM,SETTLED,3,2,DEATH_PAID_IN_FULL,True,12606.45,20201130,3
011074929C,1,RC-9011074929,DISBURSEMENT_CLAIM,PAID,99,99,FAMILY_SURRENDER_BUCKET,True,0.00,,99
011075203C,1,RC-9011075203,DEATH_CLAIM,SETTLED,3,2,DEATH_PAID_IN_FULL,True,10608.82,20240513,3
011075596C,1,RC-9011075596,SURRENDER_CLAIM,,99,99,FAMILY_SURRENDER_BUCKET,False,0.00,,99
011075754C,1,RC-9011075754,SURRENDER_CLAIM,,99,99,FAMILY_SURRENDER_BUCKET,False,0.00,,99
011076275C,1,RC-9011076275,DEATH_CLAIM,SETTLED,3,2,DEATH_PAID_IN_FULL,True,50587.42,20220608,3
011077363C,1,RC-9011077363,DEATH_CLAIM,SETTLED,3,2,DEATH_PAID_IN_FULL,True,7122.80,20191127,3
011077533C,1,RC-9011077533,DEATH_CLAIM,SETTLED,3,2,DEATH_PAID_IN_FULL,True,11223.95,20220319,3
011077798C,1,RC-9011077798,DEATH_CLAIM,SETTLED,3,2,DEATH_PAID_IN_FULL,True,8763.49,20200828,3
011078262C,1,RC-9011078262,DISBURSEMENT_CLAIM,PAID,99,99,FAMILY_SURRENDER_BUCKET,True,0.00,,99
011078437C,1,RC-9011078437,DEATH_CLAIM,SETTLED,3,2,DEATH_PAID_IN_FULL,True,10703.04,20181017,3
011078994C,1,RC-9011078994,DEATH_CLAIM,SETTLED,3,2,DEATH_PAID_IN_FULL,True,10759.36,20231006,3
011080169C,1,RC-9011080169,DISBURSEMENT_CLAIM,PAID,99,99,FAMILY_SURRENDER_BUCKET,True,0.00,,99
011080170C,1,RC-9011080170,DEATH_CLAIM,SETTLED,3,2,DEATH_PAID_IN_FULL,True,5079.19,20220328,3
011080170C,1,RC-9011080170,DISBURSEMENT_CLAIM,PAID,99,99,FAMILY_SURRENDER_BUCKET,True,0.00,,99
011080481C,1,RC-9011080481,DISBURSEMENT_CLAIM,PAID,99,99,FAMILY_SURRENDER_BUCKET,True,0.00,,99
011080627C,1,RC-9011080627,DEATH_CLAIM,SETTLED,3,2,DEATH_PAID_IN_FULL,True,24995.85,20221107,3
011080628C,1,RC-9011080628,DEATH_CLAIM,SETTLED,3,2,DEATH_PAID_IN_FULL,True,25014.55,20190401,3
011081469C,1,RC-9011081469,DEATH_CLAIM,SETTLED,3,2,DEATH_PAID_IN_FULL,True,13039.55,20200205,3
011082681C,1,RC-9011082681,DEATH_CLAIM,SETTLED,3,2,DEATH_PAID_IN_FULL,True,13436.98,20180613,3
011083619C,1,RC-9011083619,DEATH_CLAIM,SETTLED,3,2,DEATH_PAID_IN_FULL,True,11523.39,20230314,3
011083751C,1,RC-9011083751,DEATH_CLAIM,SETTLED,3,2,DEATH_PAID_IN_FULL,True,25035.26,20221129,3
011084364C,1,RC-9011084364,DEATH_CLAIM,SETTLED,3,2,DEATH_PAID_IN_FULL,True,5004.32,20210513,3
011085562C,1,RC-9011085562,DEATH_CLAIM,SETTLED,3,2,DEATH_PAID_IN_FULL,True,3364.72,20200714,3
011085737C,1,RC-9011085737,DEATH_CLAIM,SETTLED,3,2,DEATH_PAID_IN_FULL,True,6254.47,20230126,3
011086069C,1,RC-9011086069,DEATH_CLAIM,SETTLED,3,2,DEATH_PAID_IN_FULL,True,50008.03,20190606,3
011086447C,1,RC-9011086447,DEATH_CLAIM,SETTLED,3,2,DEATH_PAID_IN_FULL,True,9895.32,20220717,3
011086709C,1,RC-9011086709,DEATH_CLAIM,SETTLED,3,2,DEATH_PAID_IN_FULL,True,5027.98,20180804,3
011086978C,1,RC-9011086978,DEATH_CLAIM,SETTLED,3,2,DEATH_PAID_IN_FULL,True,5666.04,20191111,3
011087127C,1,RC-9011087127,DISBURSEMENT_CLAIM,PAID,99,99,FAMILY_SURRENDER_BUCKET,True,0.00,,99
011087128C,1,RC-9011087128,DISBURSEMENT_CLAIM,PAID,99,99,FAMILY_SURRENDER_BUCKET,True,0.00,,99
011087652C,1,RC-9011087652,DEATH_CLAIM,SETTLED,3,2,DEATH_PAID_IN_FULL,True,12120.18,20190124,3
011089392C,1,RC-9011089392,DEATH_CLAIM,SETTLED,3,2,DEATH_PAID_IN_FULL,True,10060.42,20240103,3
011089397C,1,RC-9011089397,DISBURSEMENT_CLAIM,PAID,99,99,FAMILY_SURRENDER_BUCKET,True,0.00,,99
011090363C,1,RC-9011090363,DEATH_CLAIM,SETTLED,3,2,DEATH_PAID_IN_FULL,True,6788.47,20250831,3
011090375C,1,RC-9011090375,DEATH_CLAIM,SETTLED,3,2,DEATH_PAID_IN_FULL,True,5065.99,20211128,3
011091795C,1,RC-9011091795,DEATH_CLAIM,SETTLED,3,2,DEATH_PAID_IN_FULL,True,10817.50,20200218,3
011092140C,1,RC-9011092140,DEATH_CLAIM,SETTLED,3,2,DEATH_PAID_IN_FULL,True,27875.58,20190719,3
011093482C,1,RC-9011093482,DEATH_CLAIM,SETTLED,3,2,DEATH_PAID_IN_FULL,True,6057.13,20190103,3
011094544C,1,RC-9011094544,DEATH_CLAIM,SETTLED,3,2,DEATH_PAID_IN_FULL,True,5187.40,20250715,3
011094545C,1,RC-9011094545,DEATH_CLAIM,SETTLED,3,2,DEATH_PAID_IN_FULL,True,3979.17,20240330,3
011094955C,1,RC-9011094955,DEATH_CLAIM,SETTLED,3,2,DEATH_PAID_IN_FULL,True,3000.00,20191027,3
011095851C,1,RC-9011095851,DEATH_CLAIM,SETTLED,3,2,DEATH_PAID_IN_FULL,True,5034.61,20210703,3
011096190C,1,RC-9011096190,DEATH_CLAIM,SETTLED,3,2,DEATH_PAID_IN_FULL,True,5053.65,20190518,3
011096643C,1,RC-9011096643,DEATH_CLAIM,SETTLED,3,2,DEATH_PAID_IN_FULL,True,3513.32,20180924,3
011096868C,1,RC-9011096868,DEATH_CLAIM,SETTLED,3,2,DEATH_PAID_IN_FULL,True,5107.52,20231115,3
011097228C,1,RC-9011097228,DEATH_CLAIM,SETTLED,3,2,DEATH_PAID_IN_FULL,True,4990.90,20230516,3
011097343C,1,RC-9011097343,DEATH_CLAIM,SETTLED,3,2,DEATH_PAID_IN_FULL,True,10009.47,20190506,3
011097343C,1,RC-9011097343,DEATH_CLAIM,FUNDED,1,2,DEATH_PAID_IN_FULL,True,0.00,,1
011098063C,1,RC-9011098063,DEATH_CLAIM,SETTLED,3,2,DEATH_PAID_IN_FULL,True,2490.43,20181027,3
011098198C,1,RC-9011098198,DISBURSEMENT_CLAIM,PAID,99,99,FAMILY_SURRENDER_BUCKET,True,0.00,,99
011098620C,1,RC-9011098620,DISBURSEMENT_CLAIM,PAID,99,99,FAMILY_SURRENDER_BUCKET,True,0.00,,99
011098649C,1,RC-9011098649,DISBURSEMENT_CLAIM,PAID,99,99,FAMILY_SURRENDER_BUCKET,True,0.00,,99
011099771C,1,RC-9011099771,DEATH_CLAIM,SETTLED,3,2,DEATH_PAID_IN_FULL,True,5037.61,20230110,3
011099899C,1,RC-9011099899,DEATH_CLAIM,SETTLED,3,2,DEATH_PAID_IN_FULL,True,5016.54,20230112,3
011100026C,1,RC-9011100026,DEATH_CLAIM,SETTLED,3,2,DEATH_PAID_IN_FULL,True,7038.01,20220130,3
011100027C,1,RC-9011100027,DEATH_CLAIM,SETTLED,3,2,DEATH_PAID_IN_FULL,True,5768.94,20210109,3
011101266C,1,RC-9011101266,DEATH_CLAIM,SETTLED,3,2,DEATH_PAID_IN_FULL,True,4018.16,20180214,3
011101548C,1,RC-9011101548,DEATH_CLAIM,SETTLED,3,2,DEATH_PAID_IN_FULL,True,5018.82,20191211,3
011102532C,1,RC-9011102532,DEATH_CLAIM,SETTLED,3,2,DEATH_PAID_IN_FULL,True,5008.20,20190924,3
011102977C,1,RC-9011102977,DEATH_CLAIM,SETTLED,3,2,DEATH_PAID_IN_FULL,True,5234.56,20230723,3
011103062C,1,RC-9011103062,DISBURSEMENT_CLAIM,PAID,99,99,FAMILY_SURRENDER_BUCKET,True,0.00,,99
011103126C,1,RC-9011103126,DEATH_CLAIM,SETTLED,3,2,DEATH_PAID_IN_FULL,True,4145.13,20240322,3
011103126C,1,RC-9011103126,DISBURSEMENT_CLAIM,PAID,99,99,FAMILY_SURRENDER_BUCKET,True,0.00,,99
011103130C,1,RC-9011103130,DEATH_CLAIM,SETTLED,3,2,DEATH_PAID_IN_FULL,True,8336.35,20250213,3
011103130C,1,RC-9011103130,DISBURSEMENT_CLAIM,PAID,99,99,FAMILY_SURRENDER_BUCKET,True,0.00,,99
011103788C,1,RC-9011103788,DEATH_CLAIM,SETTLED,3,2,DEATH_PAID_IN_FULL,True,3007.75,20180319,3
011104570C,1,RC-9011104570,DEATH_CLAIM,SETTLED,3,2,DEATH_PAID_IN_FULL,True,4145.13,20240322,3
011104570C,1,RC-9011104570,DISBURSEMENT_CLAIM,PAID,99,99,FAMILY_SURRENDER_BUCKET,True,0.00,,99
011105523C,1,RC-9011105523,DEATH_CLAIM,SETTLED,3,2,DEATH_PAID_IN_FULL,True,9032.05,20200718,3
011106491C,1,RC-9011106491,DEATH_CLAIM,SETTLED,3,2,DEATH_PAID_IN_FULL,True,10053.39,20181205,3
011107129C,1,RC-9011107129,DEATH_CLAIM,SETTLED,3,2,DEATH_PAID_IN_FULL,True,5040.33,20220713,3
011107863C,1,RC-9011107863,DEATH_CLAIM,SETTLED,3,2,DEATH_PAID_IN_FULL,True,5029.06,20241212,3
011107879C,1,RC-9011107879,DEATH_CLAIM,SETTLED,3,2,DEATH_PAID_IN_FULL,True,10058.02,20250207,3
011107893C,1,RC-9011107893,DEATH_CLAIM,SETTLED,3,2,DEATH_PAID_IN_FULL,True,10023.66,20200914,3
011108515C,1,RC-9011108515,DEATH_CLAIM,SETTLED,3,2,DEATH_PAID_IN_FULL,True,5094.64,20220122,3
011108587C,1,RC-9011108587,DEATH_CLAIM,SETTLED,3,2,DEATH_PAID_IN_FULL,True,3000.00,20190122,3
011108606C,1,RC-9011108606,DEATH_CLAIM,SETTLED,3,2,DEATH_PAID_IN_FULL,True,3019.12,20210212,3
011109124C,1,RC-9011109124,DEATH_CLAIM,SETTLED,3,2,DEATH_PAID_IN_FULL,True,5002.14,20210506,3
011109256C,1,RC-9011109256,DEATH_CLAIM,SETTLED,3,2,DEATH_PAID_IN_FULL,True,25000.00,20210908,3
011109259C,1,RC-9011109259,DEATH_CLAIM,SETTLED,3,2,DEATH_PAID_IN_FULL,True,3052.55,20200101,3
011109433C,1,RC-9011109433,DEATH_CLAIM,SETTLED,3,2,DEATH_PAID_IN_FULL,True,7525.22,20230226,3
011109881C,1,RC-9011109881,DEATH_CLAIM,SETTLED,3,2,DEATH_PAID_IN_FULL,True,5273.97,20240204,3
011110240C,1,RC-9011110240,DEATH_CLAIM,SETTLED,3,2,DEATH_PAID_IN_FULL,True,25157.54,20231228,3
011110270C,1,RC-9011110270,DEATH_CLAIM,SETTLED,3,2,DEATH_PAID_IN_FULL,True,25053.90,20200310,3
011110362C,1,RC-9011110362,DEATH_CLAIM,SETTLED,3,2,DEATH_PAID_IN_FULL,True,7114.35,20190210,3
011110498C,1,RC-9011110498,DEATH_CLAIM,SETTLED,3,2,DEATH_PAID_IN_FULL,True,50005.36,20200131,3
011110698C,1,RC-9011110698,DEATH_CLAIM,SETTLED,3,2,DEATH_PAID_IN_FULL,True,5071.88,20180519,3
011111635C,1,RC-9011111635,DEATH_CLAIM,SETTLED,3,2,DEATH_PAID_IN_FULL,True,5053.36,20200403,3
011111930C,1,RC-9011111930,DEATH_CLAIM,SETTLED,3,2,DEATH_PAID_IN_FULL,True,5024.96,20200504,3
011112641C,1,RC-9011112641,DEATH_CLAIM,SETTLED,3,2,DEATH_PAID_IN_FULL,True,10080.03,20250831,3
011112743C,1,RC-9011112743,DEATH_CLAIM,FUNDED,1,2,DEATH_PAID_IN_FULL,True,5155.10,,1
011112762C,1,RC-9011112762,DEATH_CLAIM,SETTLED,3,2,DEATH_PAID_IN_FULL,True,3000.45,20210531,3
011113309C,1,RC-9011113309,DEATH_CLAIM,SETTLED,3,2,DEATH_PAID_IN_FULL,True,3042.50,20190926,3
011114119C,1,RC-9011114119,DEATH_CLAIM,SETTLED,3,2,DEATH_PAID_IN_FULL,True,5009.24,20240818,3
011114139C,1,RC-9011114139,DEATH_CLAIM,SETTLED,3,2,DEATH_PAID_IN_FULL,True,10017.15,20220413,3
011115295C,1,RC-9011115295,DEATH_CLAIM,SETTLED,3,2,DEATH_PAID_IN_FULL,True,15001.25,20180625,3
011116525C,1,RC-9011116525,DEATH_CLAIM,SETTLED,3,2,DEATH_PAID_IN_FULL,True,5078.76,20220320,3
011116770C,1,RC-9011116770,DEATH_CLAIM,SETTLED,3,2,DEATH_PAID_IN_FULL,True,3011.56,20180404,3
011117286C,1,RC-9011117286,DEATH_CLAIM,SETTLED,3,2,DEATH_PAID_IN_FULL,True,3120.52,20201129,3
011118170C,1,RC-9011118170,DEATH_CLAIM,SETTLED,3,2,DEATH_PAID_IN_FULL,True,5069.78,20191008,3
011118536C,1,RC-9011118536,DEATH_CLAIM,SETTLED,3,2,DEATH_PAID_IN_FULL,True,4000.00,20220922,3
011119820C,1,RC-9011119820,DEATH_CLAIM,SETTLED,3,2,DEATH_PAID_IN_FULL,True,5054.75,20181225,3
011120375C,1,RC-9011120375,DEATH_CLAIM,SETTLED,3,2,DEATH_PAID_IN_FULL,True,5077.82,20240814,3
011121183C,1,RC-9011121183,DISBURSEMENT_CLAIM,PAID,99,99,FAMILY_SURRENDER_BUCKET,True,0.00,,99
011121984C,1,RC-9011121984,DISBURSEMENT_CLAIM,PAID,99,99,FAMILY_SURRENDER_BUCKET,True,0.00,,99
011121984C,1,RC-9011121984,DISBURSEMENT_CLAIM,PAID,99,99,FAMILY_SURRENDER_BUCKET,True,0.00,,99
011122230C,1,RC-9011122230,DEATH_CLAIM,SETTLED,3,2,DEATH_PAID_IN_FULL,True,5009.02,20190620,3
011122680C,1,RC-9011122680,DISBURSEMENT_CLAIM,PAID,99,99,FAMILY_SURRENDER_BUCKET,True,0.00,,99
011122810C,1,RC-9011122810,DEATH_CLAIM,SETTLED,3,2,DEATH_PAID_IN_FULL,True,5055.87,20250309,3
011124301C,1,RC-9011124301,DISBURSEMENT_CLAIM,PAID,99,99,FAMILY_SURRENDER_BUCKET,True,0.00,,99
011124501C,1,RC-9011124501,DEATH_CLAIM,SETTLED,3,2,DEATH_PAID_IN_FULL,True,5051.28,20220501,3
011124987C,1,RC-9011124987,DEATH_CLAIM,SETTLED,3,2,DEATH_PAID_IN_FULL,True,5016.97,20241118,3
011126367C,1,RC-9011126367,DEATH_CLAIM,SETTLED,3,2,DEATH_PAID_IN_FULL,True,4999.25,20231014,3
011127439C,1,RC-9011127439,DISBURSEMENT_CLAIM,PAID,99,99,FAMILY_SURRENDER_BUCKET,True,0.00,,99
011128980C,1,RC-9011128980,DEATH_CLAIM,SETTLED,3,2,DEATH_PAID_IN_FULL,True,5000.00,20230416,3
011129276C,1,RC-9011129276,DISBURSEMENT_CLAIM,PAID,99,99,FAMILY_SURRENDER_BUCKET,True,0.00,,99
011129663C,1,RC-9011129663,DEATH_CLAIM,SETTLED,3,2,DEATH_PAID_IN_FULL,True,10010.54,20190117,3
011129883C,1,RC-9011129883,DISBURSEMENT_CLAIM,PAID,99,99,FAMILY_SURRENDER_BUCKET,True,0.00,,99
011130752C,1,RC-9011130752,DISBURSEMENT_CLAIM,PAID,99,99,FAMILY_SURRENDER_BUCKET,True,0.00,,99
011130753C,1,RC-9011130753,DEATH_CLAIM,SETTLED,3,2,DEATH_PAID_IN_FULL,True,25063.05,20211127,3
011131163C,1,RC-9011131163,DEATH_CLAIM,SETTLED,3,2,DEATH_PAID_IN_FULL,True,5023.72,20240921,3
011131381C,1,RC-9011131381,DISBURSEMENT_CLAIM,PAID,99,99,FAMILY_SURRENDER_BUCKET,True,0.00,,99
011131443C,1,RC-9011131443,DEATH_CLAIM,SETTLED,3,2,DEATH_PAID_IN_FULL,True,5024.21,20241028,3
011132516C,1,RC-9011132516,DEATH_CLAIM,SETTLED,3,2,DEATH_PAID_IN_FULL,True,5002.77,20190813,3
011133663C,1,RC-9011133663,DEATH_CLAIM,SETTLED,3,2,DEATH_PAID_IN_FULL,True,5015.46,20180109,3
011134002C,1,RC-9011134002,DISBURSEMENT_CLAIM,PAID,99,99,FAMILY_SURRENDER_BUCKET,True,0.00,,99
011134051C,1,RC-9011134051,DEATH_CLAIM,SETTLED,3,2,DEATH_PAID_IN_FULL,True,30039.60,20230320,3
011134051C,1,RC-9011134051,DISBURSEMENT_CLAIM,PAID,99,99,FAMILY_SURRENDER_BUCKET,True,30039.60,,99
011134051C,1,RC-9011134051,DISBURSEMENT_CLAIM,PAID,99,99,FAMILY_SURRENDER_BUCKET,True,30039.60,,99
011134051C,1,RC-9011134051,DISBURSEMENT_CLAIM,PAID,99,99,FAMILY_SURRENDER_BUCKET,True,30039.60,,99
011134933C,1,RC-9011134933,DEATH_CLAIM,SETTLED,3,2,DEATH_PAID_IN_FULL,True,5000.00,20201225,3
011135085C,1,RC-9011135085,DEATH_CLAIM,SETTLED,3,2,DEATH_PAID_IN_FULL,True,5054.23,20230218,3
011136025C,1,RC-9011136025,DEATH_CLAIM,SETTLED,3,2,DEATH_PAID_IN_FULL,True,5029.91,20211126,3
011136508C,1,RC-9011136508,DEATH_CLAIM,SETTLED,3,2,DEATH_PAID_IN_FULL,True,5048.36,20180409,3
011136667C,1,RC-9011136667,DEATH_CLAIM,SETTLED,3,2,DEATH_PAID_IN_FULL,True,5026.85,20240203,3
011136704C,1,RC-9011136704,DEATH_CLAIM,SETTLED,3,2,DEATH_PAID_IN_FULL,True,5020.90,20180208,3
011136932C,1,RC-9011136932,DEATH_CLAIM,SETTLED,3,2,DEATH_PAID_IN_FULL,True,5053.46,20200712,3
011137768C,1,RC-9011137768,DEATH_CLAIM,SETTLED,3,2,DEATH_PAID_IN_FULL,True,3000.00,20241005,3
011138044C,1,RC-9011138044,DISBURSEMENT_CLAIM,PAID,99,99,FAMILY_SURRENDER_BUCKET,True,0.00,,99
011138599C,1,RC-9011138599,DEATH_CLAIM,SETTLED,3,2,DEATH_PAID_IN_FULL,True,5045.80,20190424,3
011138666C,1,RC-9011138666,DEATH_CLAIM,SETTLED,3,2,DEATH_PAID_IN_FULL,True,5024.54,20190124,3
011138880C,1,RC-9011138880,DEATH_CLAIM,SETTLED,3,2,DEATH_PAID_IN_FULL,True,10012.39,20200823,3
011139002C,1,RC-9011139002,DISBURSEMENT_CLAIM,PAID,99,99,FAMILY_SURRENDER_BUCKET,True,0.00,,99
011139254C,1,RC-9011139254,DEATH_CLAIM,SETTLED,3,2,DEATH_PAID_IN_FULL,True,55057.72,20250214,3
011139272C,1,RC-9011139272,DEATH_CLAIM,SETTLED,3,2,DEATH_PAID_IN_FULL,True,3028.17,20180325,3
011139409C,1,RC-9011139409,DEATH_CLAIM,SETTLED,3,2,DEATH_PAID_IN_FULL,True,10000.00,20220601,3
011139937C,1,RC-9011139937,DEATH_CLAIM,SETTLED,3,2,DEATH_PAID_IN_FULL,True,5000.00,20200810,3
011140025C,1,RC-9011140025,DISBURSEMENT_CLAIM,PAID,99,99,FAMILY_SURRENDER_BUCKET,True,0.00,,99
011140100C,1,RC-9011140100,DEATH_CLAIM,SETTLED,3,2,DEATH_PAID_IN_FULL,True,5000.00,20250308,3
011140521C,1,RC-9011140521,DEATH_CLAIM,SETTLED,3,2,DEATH_PAID_IN_FULL,True,5000.00,20220204,3
011140826C,1,RC-9011140826,DEATH_CLAIM,SETTLED,3,2,DEATH_PAID_IN_FULL,True,3050.02,20181215,3
011140913C,1,RC-9011140913,DISBURSEMENT_CLAIM,PAID,99,99,FAMILY_SURRENDER_BUCKET,True,98.44,,99
011141741C,1,RC-9011141741,DEATH_CLAIM,SETTLED,3,2,DEATH_PAID_IN_FULL,True,5000.00,20240228,3
011141812C,1,RC-9011141812,DEATH_CLAIM,SETTLED,3,2,DEATH_PAID_IN_FULL,True,5024.60,20200330,3
011141895C,1,RC-9011141895,DEATH_CLAIM,FUNDED,1,2,DEATH_PAID_IN_FULL,True,15102.85,,1
011141942C,1,RC-9011141942,DEATH_CLAIM,SETTLED,3,2,DEATH_PAID_IN_FULL,True,3000.00,20191127,3
011142354C,1,RC-9011142354,DEATH_CLAIM,SETTLED,3,2,DEATH_PAID_IN_FULL,True,5000.00,20250823,3
011142605C,1,RC-9011142605,DEATH_CLAIM,SETTLED,3,2,DEATH_PAID_IN_FULL,True,5052.67,20221002,3
011142695C,1,RC-9011142695,DEATH_CLAIM,SETTLED,3,2,DEATH_PAID_IN_FULL,True,5000.00,20190101,3
011143472C,1,RC-9011143472,DEATH_CLAIM,SETTLED,3,2,DEATH_PAID_IN_FULL,True,7010.68,20200321,3
011143473C,1,RC-9011143473,DEATH_CLAIM,SETTLED,3,2,DEATH_PAID_IN_FULL,True,5025.64,20180304,3
011143825C,1,RC-9011143825,DEATH_CLAIM,SETTLED,3,2,DEATH_PAID_IN_FULL,True,5017.87,20230208,3
011144173C,1,RC-9011144173,DEATH_CLAIM,SETTLED,3,2,DEATH_PAID_IN_FULL,True,10053.34,20200601,3
011144583C,1,RC-9011144583,DEATH_CLAIM,SETTLED,3,2,DEATH_PAID_IN_FULL,True,5000.00,20220709,3
011145881C,1,RC-9011145881,DISBURSEMENT_CLAIM,PAID,99,99,FAMILY_SURRENDER_BUCKET,True,0.00,,99
011145881C,1,RC-9011145881,DISBURSEMENT_CLAIM,PAID,99,99,FAMILY_SURRENDER_BUCKET,True,0.00,,99
011145926C,1,RC-9011145926,DISBURSEMENT_CLAIM,PAID,99,99,FAMILY_SURRENDER_BUCKET,True,0.00,,99
011146268C,1,RC-9011146268,DISBURSEMENT_CLAIM,PAID,99,99,FAMILY_SURRENDER_BUCKET,True,0.00,,99
011146268C,1,RC-9011146268,DISBURSEMENT_CLAIM,PAID,99,99,FAMILY_SURRENDER_BUCKET,True,0.00,,99
011146520C,1,RC-9011146520,DEATH_CLAIM,SETTLED,3,2,DEATH_PAID_IN_FULL,True,5022.34,20181107,3
011146845C,1,RC-9011146845,DEATH_CLAIM,SETTLED,3,2,DEATH_PAID_IN_FULL,True,3000.00,20190901,3
011146915C,1,RC-9011146915,DEATH_CLAIM,SETTLED,3,2,DEATH_PAID_IN_FULL,True,5011.21,20190515,3
011146916C,1,RC-9011146916,DEATH_CLAIM,SETTLED,3,2,DEATH_PAID_IN_FULL,True,5017.96,20220316,3
011146946C,1,RC-9011146946,DEATH_CLAIM,SETTLED,3,2,DEATH_PAID_IN_FULL,True,5041.06,20200403,3
011147689C,1,RC-9011147689,DEATH_CLAIM,SETTLED,3,2,DEATH_PAID_IN_FULL,True,3011.22,20190913,3
011147951C,1,RC-9011147951,DEATH_CLAIM,SETTLED,3,2,DEATH_PAID_IN_FULL,True,2892.53,20180426,3
011148336C,1,RC-9011148336,DEATH_CLAIM,SETTLED,3,2,DEATH_PAID_IN_FULL,True,3022.01,20180216,3
011148532C,1,RC-9011148532,DISBURSEMENT_CLAIM,PAID,99,99,FAMILY_SURRENDER_BUCKET,True,0.00,,99
011148532C,1,RC-9011148532,DISBURSEMENT_CLAIM,PAID,99,99,FAMILY_SURRENDER_BUCKET,True,0.00,,99
011149067C,1,RC-9011149067,DEATH_CLAIM,SETTLED,3,2,DEATH_PAID_IN_FULL,True,5075.86,20220510,3
011149903C,1,RC-9011149903,DEATH_CLAIM,SETTLED,3,2,DEATH_PAID_IN_FULL,True,5029.31,20230418,3
011149905C,1,RC-9011149905,DEATH_CLAIM,SETTLED,3,2,DEATH_PAID_IN_FULL,True,5000.00,20220707,3
011150003C,1,RC-9011150003,DEATH_CLAIM,SETTLED,3,2,DEATH_PAID_IN_FULL,True,5000.00,20251109,3
011150309C,1,RC-9011150309,DEATH_CLAIM,SETTLED,3,2,DEATH_PAID_IN_FULL,True,5000.00,20220421,3
011150820C,1,RC-9011150820,DEATH_CLAIM,SETTLED,3,2,DEATH_PAID_IN_FULL,True,3000.00,20180217,3
011150971C,1,RC-9011150971,DISBURSEMENT_CLAIM,PAID,99,99,FAMILY_SURRENDER_BUCKET,True,0.00,,99
011151041C,1,RC-9011151041,DEATH_CLAIM,SETTLED,3,2,DEATH_PAID_IN_FULL,True,5007.53,20230222,3
011151285C,1,RC-9011151285,DEATH_CLAIM,SETTLED,3,2,DEATH_PAID_IN_FULL,True,4201.38,20221112,3
011151293C,1,RC-9011151293,DEATH_CLAIM,SETTLED,3,2,DEATH_PAID_IN_FULL,True,5000.00,20200613,3
011151378C,1,RC-9011151378,DEATH_CLAIM,SETTLED,3,2,DEATH_PAID_IN_FULL,True,5073.18,20180305,3
011151436C,1,RC-9011151436,DISBURSEMENT_CLAIM,PAID,99,99,FAMILY_SURRENDER_BUCKET,True,0.00,,99
011151436C,1,RC-9011151436,DISBURSEMENT_CLAIM,PAID,99,99,FAMILY_SURRENDER_BUCKET,True,0.00,,99
011151486C,1,RC-9011151486,DEATH_CLAIM,SETTLED,3,2,DEATH_PAID_IN_FULL,True,5024.81,20231204,3
011151909C,1,RC-9011151909,DISBURSEMENT_CLAIM,PAID,99,99,FAMILY_SURRENDER_BUCKET,True,0.00,,99
011152039C,1,RC-9011152039,DEATH_CLAIM,SETTLED,3,2,DEATH_PAID_IN_FULL,True,5011.53,20181230,3
011152181C,1,RC-9011152181,DEATH_CLAIM,SETTLED,3,2,DEATH_PAID_IN_FULL,True,5061.24,20180523,3
011152369C,1,RC-9011152369,DEATH_CLAIM,SETTLED,3,2,DEATH_PAID_IN_FULL,True,5016.49,20220707,3
011152961C,1,RC-9011152961,DEATH_CLAIM,SETTLED,3,2,DEATH_PAID_IN_FULL,True,5007.98,20180926,3
011153148C,1,RC-9011153148,DEATH_CLAIM,SETTLED,3,2,DEATH_PAID_IN_FULL,True,5012.77,20190301,3
011153183C,1,RC-9011153183,DEATH_CLAIM,SETTLED,3,2,DEATH_PAID_IN_FULL,True,5000.00,20260204,3
011153424C,1,RC-9011153424,DEATH_CLAIM,SETTLED,3,2,DEATH_PAID_IN_FULL,True,5063.55,20201118,3
011153546C,1,RC-9011153546,DEATH_CLAIM,SETTLED,3,2,DEATH_PAID_IN_FULL,True,6072.93,20180630,3
011153547C,1,RC-9011153547,DEATH_CLAIM,SETTLED,3,2,DEATH_PAID_IN_FULL,True,6040.71,20210119,3
011153873C,1,RC-9011153873,DEATH_CLAIM,SETTLED,3,2,DEATH_PAID_IN_FULL,True,5036.93,20190613,3
011154271C,1,RC-9011154271,DEATH_CLAIM,SETTLED,3,2,DEATH_PAID_IN_FULL,True,5019.44,20190812,3
011154622C,1,RC-9011154622,DEATH_CLAIM,SETTLED,3,2,DEATH_PAID_IN_FULL,True,5031.81,20210410,3
011155011C,1,RC-9011155011,DEATH_CLAIM,SETTLED,3,2,DEATH_PAID_IN_FULL,True,5000.00,20230809,3
011155357C,1,RC-9011155357,DEATH_CLAIM,SETTLED,3,2,DEATH_PAID_IN_FULL,True,3011.22,20220907,3
011155635C,1,RC-9011155635,DEATH_CLAIM,SETTLED,3,2,DEATH_PAID_IN_FULL,True,5074.17,20190107,3
011155653C,1,RC-9011155653,DEATH_CLAIM,SETTLED,3,2,DEATH_PAID_IN_FULL,True,5000.00,20180226,3
011156062C,1,RC-9011156062,DEATH_CLAIM,SETTLED,3,2,DEATH_PAID_IN_FULL,True,3000.00,20220118,3
011157086C,1,RC-9011157086,DEATH_CLAIM,SETTLED,3,2,DEATH_PAID_IN_FULL,True,5017.15,20260106,3
011157087C,1,RC-9011157087,DEATH_CLAIM,SETTLED,3,2,DEATH_PAID_IN_FULL,True,5019.66,20200608,3
011157373C,1,RC-9011157373,DEATH_CLAIM,SETTLED,3,2,DEATH_PAID_IN_FULL,True,5030.79,20251029,3
011158071C,1,RC-9011158071,DEATH_CLAIM,SETTLED,3,2,DEATH_PAID_IN_FULL,True,5000.00,20220407,3
011158071C,1,RC-9011158071,DISBURSEMENT_CLAIM,PAID,99,99,FAMILY_SURRENDER_BUCKET,True,0.00,,99
011158164C,1,RC-9011158164,DEATH_CLAIM,SETTLED,3,2,DEATH_PAID_IN_FULL,True,5022.23,20181206,3
011158638C,1,RC-9011158638,DEATH_CLAIM,SETTLED,3,2,DEATH_PAID_IN_FULL,True,5007.93,20220722,3
011159178C,1,RC-9011159178,DEATH_CLAIM,SETTLED,3,2,DEATH_PAID_IN_FULL,True,5019.61,20181217,3
011159289C,1,RC-9011159289,DEATH_CLAIM,SETTLED,3,2,DEATH_PAID_IN_FULL,True,5004.14,20190731,3
011159843C,1,RC-9011159843,DEATH_CLAIM,SETTLED,3,2,DEATH_PAID_IN_FULL,True,10063.34,20211010,3
011160018C,1,RC-9011160018,DEATH_CLAIM,SETTLED,3,2,DEATH_PAID_IN_FULL,True,5013.67,20240915,3
011160346C,1,RC-9011160346,DEATH_CLAIM,SETTLED,3,2,DEATH_PAID_IN_FULL,True,5000.00,20200221,3
011160478C,1,RC-9011160478,DISBURSEMENT_CLAIM,PAID,99,99,FAMILY_SURRENDER_BUCKET,True,0.00,,99
011160479C,1,RC-9011160479,DISBURSEMENT_CLAIM,PAID,99,99,FAMILY_SURRENDER_BUCKET,True,0.00,,99
011160480C,1,RC-9011160480,DISBURSEMENT_CLAIM,PAID,99,99,FAMILY_SURRENDER_BUCKET,True,0.00,,99
011161110C,1,RC-9011161110,DEATH_CLAIM,SETTLED,3,2,DEATH_PAID_IN_FULL,True,5008.58,20201219,3
011162200C,1,RC-9011162200,DEATH_CLAIM,SETTLED,3,2,DEATH_PAID_IN_FULL,True,5000.00,20211216,3
011162252C,1,RC-9011162252,DEATH_CLAIM,SETTLED,3,2,DEATH_PAID_IN_FULL,True,5011.18,20180120,3
011162328C,1,RC-9011162328,DEATH_CLAIM,SETTLED,3,2,DEATH_PAID_IN_FULL,True,3000.00,20241012,3
011162387C,1,RC-9011162387,DEATH_CLAIM,SETTLED,3,2,DEATH_PAID_IN_FULL,True,5040.38,20180509,3
011162541C,1,RC-9011162541,DEATH_CLAIM,SETTLED,3,2,DEATH_PAID_IN_FULL,True,5002.31,20211029,3
011163001C,1,RC-9011163001,DEATH_CLAIM,SETTLED,3,2,DEATH_PAID_IN_FULL,True,5041.56,20200531,3
011163078C,1,RC-9011163078,DEATH_CLAIM,SETTLED,3,2,DEATH_PAID_IN_FULL,True,5029.82,20220723,3
011163083C,1,RC-9011163083,DEATH_CLAIM,SETTLED,3,2,DEATH_PAID_IN_FULL,True,5015.32,20180212,3
011163086C,1,RC-9011163086,DEATH_CLAIM,SETTLED,3,2,DEATH_PAID_IN_FULL,True,6643.00,20210617,3
011174518C,1,RC-9011174518,DEATH_CLAIM,SETTLED,3,2,DEATH_PAID_IN_FULL,True,5036.54,20190502,3
011174519C,1,RC-9011174519,DEATH_CLAIM,SETTLED,3,2,DEATH_PAID_IN_FULL,True,5000.00,20200806,3
011174600C,1,RC-9011174600,DEATH_CLAIM,SETTLED,3,2,DEATH_PAID_IN_FULL,True,24981.67,20250803,3
011174928C,1,RC-9011174928,DEATH_CLAIM,SETTLED,3,2,DEATH_PAID_IN_FULL,True,10038.42,20250206,3
011175086C,1,RC-9011175086,DEATH_CLAIM,SETTLED,3,2,DEATH_PAID_IN_FULL,True,5000.00,20180810,3
011175088C,1,RC-9011175088,DEATH_CLAIM,SETTLED,3,2,DEATH_PAID_IN_FULL,True,5021.97,20210930,3
011175626C,1,RC-9011175626,DEATH_CLAIM,FUNDED,1,2,DEATH_PAID_IN_FULL,True,0.00,,1
011175682C,1,RC-9011175682,DEATH_CLAIM,SETTLED,3,2,DEATH_PAID_IN_FULL,True,25032.05,20200901,3
011176023C,1,RC-9011176023,DEATH_CLAIM,SETTLED,3,2,DEATH_PAID_IN_FULL,True,10136.08,20210918,3
011176029C,1,RC-9011176029,DEATH_CLAIM,SETTLED,3,2,DEATH_PAID_IN_FULL,True,5068.56,20200402,3
011176239C,1,RC-9011176239,DEATH_CLAIM,SETTLED,3,2,DEATH_PAID_IN_FULL,True,5007.95,20220422,3
011176406C,1,RC-9011176406,DEATH_CLAIM,SETTLED,3,2,DEATH_PAID_IN_FULL,True,5015.66,20230311,3
011176413C,1,RC-9011176413,DISBURSEMENT_CLAIM,PAID,99,99,FAMILY_SURRENDER_BUCKET,True,0.00,,99
011176438C,1,RC-9011176438,DEATH_CLAIM,SETTLED,3,2,DEATH_PAID_IN_FULL,True,5023.83,20190701,3
011176782C,1,RC-9011176782,DEATH_CLAIM,SETTLED,3,2,DEATH_PAID_IN_FULL,True,5009.34,20190518,3
011177102C,1,RC-9011177102,DEATH_CLAIM,SETTLED,3,2,DEATH_PAID_IN_FULL,True,5016.04,20201214,3
011177241C,1,RC-9011177241,DEATH_CLAIM,SETTLED,3,2,DEATH_PAID_IN_FULL,True,5062.43,20220106,3
011177441C,1,RC-9011177441,DEATH_CLAIM,SETTLED,3,2,DEATH_PAID_IN_FULL,True,5018.69,20180910,3
011177817C,1,RC-9011177817,DEATH_CLAIM,SETTLED,3,2,DEATH_PAID_IN_FULL,True,5006.22,20210523,3
011177870C,1,RC-9011177870,DISBURSEMENT_CLAIM,PAID,99,99,FAMILY_SURRENDER_BUCKET,True,0.00,,99
011178435C,1,RC-9011178435,DEATH_CLAIM,SETTLED,3,2,DEATH_PAID_IN_FULL,True,5010.26,20260120,3
011178449C,1,RC-9011178449,DEATH_CLAIM,SETTLED,3,2,DEATH_PAID_IN_FULL,True,10019.28,20200430,3
011178618C,1,RC-9011178618,DEATH_CLAIM,SETTLED,3,2,DEATH_PAID_IN_FULL,True,5014.51,20191027,3
011178930C,1,RC-9011178930,DEATH_CLAIM,SETTLED,3,2,DEATH_PAID_IN_FULL,True,5001.49,20201030,3
011179371C,1,RC-9011179371,DEATH_CLAIM,SETTLED,3,2,DEATH_PAID_IN_FULL,True,5001.17,20221011,3
011179951C,1,RC-9011179951,DEATH_CLAIM,SETTLED,3,2,DEATH_PAID_IN_FULL,True,4999.25,20250302,3
011180300C,1,RC-9011180300,DEATH_CLAIM,SETTLED,3,2,DEATH_PAID_IN_FULL,True,4994.55,20231001,3
011180496C,1,RC-9011180496,DEATH_CLAIM,SETTLED,3,2,DEATH_PAID_IN_FULL,True,5011.11,20180918,3
011180586C,1,RC-9011180586,DEATH_CLAIM,SETTLED,3,2,DEATH_PAID_IN_FULL,True,3483.63,20210626,3
011180646C,1,RC-9011180646,DEATH_CLAIM,SETTLED,3,2,DEATH_PAID_IN_FULL,True,5421.77,20181217,3
011180707C,1,RC-9011180707,DEATH_CLAIM,SETTLED,3,2,DEATH_PAID_IN_FULL,True,5045.52,20240125,3
011180732C,1,RC-9011180732,DEATH_CLAIM,SETTLED,3,2,DEATH_PAID_IN_FULL,True,5158.99,20190215,3
011180816C,1,RC-9011180816,DEATH_CLAIM,SETTLED,3,2,DEATH_PAID_IN_FULL,True,5007.44,20190823,3
011180823C,1,RC-9011180823,DEATH_CLAIM,SETTLED,3,2,DEATH_PAID_IN_FULL,True,5014.52,20201011,3
011180968C,1,RC-9011180968,DEATH_CLAIM,SETTLED,3,2,DEATH_PAID_IN_FULL,True,5008.14,20180723,3
011181053C,1,RC-9011181053,DEATH_CLAIM,SETTLED,3,2,DEATH_PAID_IN_FULL,True,5061.86,20200404,3
011181544C,1,RC-9011181544,DEATH_CLAIM,SETTLED,3,2,DEATH_PAID_IN_FULL,True,5000.00,20200101,3
011181680C,1,RC-9011181680,DEATH_CLAIM,SETTLED,3,2,DEATH_PAID_IN_FULL,True,5082.00,20201125,3
011181952C,1,RC-9011181952,DEATH_CLAIM,SETTLED,3,2,DEATH_PAID_IN_FULL,True,5001.59,20210130,3
011182070C,1,RC-9011182070,DEATH_CLAIM,SETTLED,3,2,DEATH_PAID_IN_FULL,True,5061.65,20240305,3
011182104C,1,RC-9011182104,DEATH_CLAIM,SETTLED,3,2,DEATH_PAID_IN_FULL,True,5048.35,20240506,3
011182373C,1,RC-9011182373,DEATH_CLAIM,SETTLED,3,2,DEATH_PAID_IN_FULL,True,5000.00,20190722,3
011182763C,1,RC-9011182763,DEATH_CLAIM,SETTLED,3,2,DEATH_PAID_IN_FULL,True,7020.63,20191027,3
011182823C,1,RC-9011182823,DEATH_CLAIM,SETTLED,3,2,DEATH_PAID_IN_FULL,True,5016.85,20240627,3
011182857C,1,RC-9011182857,DEATH_CLAIM,SETTLED,3,2,DEATH_PAID_IN_FULL,True,25395.29,20220131,3
011183055C,1,RC-9011183055,DEATH_CLAIM,SETTLED,3,2,DEATH_PAID_IN_FULL,True,5098.65,20180502,3
011183074C,1,RC-9011183074,DEATH_CLAIM,SETTLED,3,2,DEATH_PAID_IN_FULL,True,5045.49,20190712,3
011183329C,1,RC-9011183329,DEATH_CLAIM,SETTLED,3,2,DEATH_PAID_IN_FULL,True,5017.37,20220111,3
011183505C,1,RC-9011183505,DEATH_CLAIM,FUNDED,1,2,DEATH_PAID_IN_FULL,True,0.00,,1
011183653C,1,RC-9011183653,DISBURSEMENT_CLAIM,PAID,99,99,FAMILY_SURRENDER_BUCKET,True,0.00,,99
011184051C,1,RC-9011184051,DEATH_CLAIM,SETTLED,3,2,DEATH_PAID_IN_FULL,True,10001.50,20210830,3
011184065C,1,RC-9011184065,DEATH_CLAIM,SETTLED,3,2,DEATH_PAID_IN_FULL,True,50654.07,20190604,3
011184576C,1,RC-9011184576,DEATH_CLAIM,SETTLED,3,2,DEATH_PAID_IN_FULL,True,5012.30,20191216,3
011184817C,1,RC-9011184817,DEATH_CLAIM,SETTLED,3,2,DEATH_PAID_IN_FULL,True,5000.00,20220726,3
011184817C,1,RC-9011184817,DISBURSEMENT_CLAIM,PAID,99,99,FAMILY_SURRENDER_BUCKET,True,0.00,,99
011184934C,1,RC-9011184934,DEATH_CLAIM,SETTLED,3,2,DEATH_PAID_IN_FULL,True,3047.26,20190331,3
011184993C,1,RC-9011184993,DEATH_CLAIM,SETTLED,3,2,DEATH_PAID_IN_FULL,True,5018.72,20231225,3
011185375C,1,RC-9011185375,DEATH_CLAIM,SETTLED,3,2,DEATH_PAID_IN_FULL,True,10042.51,20190916,3
011185552C,1,RC-9011185552,DEATH_CLAIM,SETTLED,3,2,DEATH_PAID_IN_FULL,True,5023.16,20190304,3
011185893C,1,RC-9011185893,DEATH_CLAIM,SETTLED,3,2,DEATH_PAID_IN_FULL,True,3763.98,20220628,3
011186216C,1,RC-9011186216,DEATH_CLAIM,SETTLED,3,2,DEATH_PAID_IN_FULL,True,5019.02,20220509,3
011186243C,1,RC-9011186243,DEATH_CLAIM,SETTLED,3,2,DEATH_PAID_IN_FULL,True,5013.63,20240911,3
011186460C,1,RC-9011186460,DEATH_CLAIM,SETTLED,3,2,DEATH_PAID_IN_FULL,True,5030.31,20201224,3
011186462C,1,RC-9011186462,DEATH_CLAIM,SETTLED,3,2,DEATH_PAID_IN_FULL,True,5040.98,20180418,3
011187006C,1,RC-9011187006,DEATH_CLAIM,SETTLED,3,2,DEATH_PAID_IN_FULL,True,10058.21,20230123,3
011187006C,1,RC-9011187006,DEATH_CLAIM,FUNDED,1,2,DEATH_PAID_IN_FULL,True,0.00,,1
011187172C,1,RC-9011187172,DEATH_CLAIM,SETTLED,3,2,DEATH_PAID_IN_FULL,True,5014.88,20200206,3
011187405C,1,RC-9011187405,DEATH_CLAIM,SETTLED,3,2,DEATH_PAID_IN_FULL,True,5017.10,20180312,3
011188279C,1,RC-9011188279,DEATH_CLAIM,SETTLED,3,2,DEATH_PAID_IN_FULL,True,10069.79,20190728,3
011188426C,1,RC-9011188426,DEATH_CLAIM,SETTLED,3,2,DEATH_PAID_IN_FULL,True,3177.94,20200530,3
011188870C,1,RC-9011188870,DEATH_CLAIM,SETTLED,3,2,DEATH_PAID_IN_FULL,True,7504.66,20191002,3
011188927C,1,RC-9011188927,DEATH_CLAIM,SETTLED,3,2,DEATH_PAID_IN_FULL,True,5000.00,20250213,3
011189420C,1,RC-9011189420,DEATH_CLAIM,SETTLED,3,2,DEATH_PAID_IN_FULL,True,5038.13,20200103,3
011189535C,1,RC-9011189535,DEATH_CLAIM,SETTLED,3,2,DEATH_PAID_IN_FULL,True,5127.42,20240508,3
011189620C,1,RC-9011189620,DEATH_CLAIM,SETTLED,3,2,DEATH_PAID_IN_FULL,True,10040.36,20200909,3
011189657C,1,RC-9011189657,DEATH_CLAIM,SETTLED,3,2,DEATH_PAID_IN_FULL,True,5024.62,20221214,3
011189746C,1,RC-9011189746,DEATH_CLAIM,SETTLED,3,2,DEATH_PAID_IN_FULL,True,5000.00,20201114,3
011189746C,1,RC-9011189746,DISBURSEMENT_CLAIM,PAID,99,99,FAMILY_SURRENDER_BUCKET,True,0.00,,99
011189757C,1,RC-9011189757,DEATH_CLAIM,SETTLED,3,2,DEATH_PAID_IN_FULL,True,5367.58,20211001,3
011189791C,1,RC-9011189791,DEATH_CLAIM,SETTLED,3,2,DEATH_PAID_IN_FULL,True,5055.19,20221111,3
011189851C,1,RC-9011189851,DISBURSEMENT_CLAIM,PAID,99,99,FAMILY_SURRENDER_BUCKET,True,0.00,,99
011189885C,1,RC-9011189885,DEATH_CLAIM,SETTLED,3,2,DEATH_PAID_IN_FULL,True,5031.86,20230310,3
011190048C,1,RC-9011190048,DEATH_CLAIM,SETTLED,3,2,DEATH_PAID_IN_FULL,True,10225.71,20241122,3
011190049C,1,RC-9011190049,DEATH_CLAIM,SETTLED,3,2,DEATH_PAID_IN_FULL,True,5095.17,20201227,3
011190380C,1,RC-9011190380,DEATH_CLAIM,SETTLED,3,2,DEATH_PAID_IN_FULL,True,3003.31,20180224,3
011190388C,1,RC-9011190388,DISBURSEMENT_CLAIM,PAID,99,99,FAMILY_SURRENDER_BUCKET,True,0.00,,99
011190417C,1,RC-9011190417,DEATH_CLAIM,SETTLED,3,2,DEATH_PAID_IN_FULL,True,21088.97,20240209,3
011190459C,1,RC-9011190459,DISBURSEMENT_CLAIM,PAID,99,99,FAMILY_SURRENDER_BUCKET,True,0.00,,99
011190459C,1,RC-9011190459,DISBURSEMENT_CLAIM,PAID,99,99,FAMILY_SURRENDER_BUCKET,True,0.00,,99
011190599C,1,RC-9011190599,DEATH_CLAIM,SETTLED,3,2,DEATH_PAID_IN_FULL,True,5005.01,20260330,3
011190613C,1,RC-9011190613,DISBURSEMENT_CLAIM,PAID,99,99,FAMILY_SURRENDER_BUCKET,True,5216.21,,99
011190669C,1,RC-9011190669,DEATH_CLAIM,SETTLED,3,2,DEATH_PAID_IN_FULL,True,6000.00,20210721,3
011190724C,1,RC-9011190724,DISBURSEMENT_CLAIM,PAID,99,99,FAMILY_SURRENDER_BUCKET,True,0.00,,99
011191041C,1,RC-9011191041,DEATH_CLAIM,SETTLED,3,2,DEATH_PAID_IN_FULL,True,5013.38,20180101,3
011191042C,1,RC-9011191042,DEATH_CLAIM,SETTLED,3,2,DEATH_PAID_IN_FULL,True,10017.06,20180625,3
011191189C,1,RC-9011191189,DEATH_CLAIM,SETTLED,3,2,DEATH_PAID_IN_FULL,True,5000.00,20180101,3
011191662C,1,RC-9011191662,DEATH_CLAIM,SETTLED,3,2,DEATH_PAID_IN_FULL,True,5050.98,20190527,3
011191702C,1,RC-9011191702,DEATH_CLAIM,SETTLED,3,2,DEATH_PAID_IN_FULL,True,5071.90,20191216,3
011191889C,1,RC-9011191889,DEATH_CLAIM,SETTLED,3,2,DEATH_PAID_IN_FULL,True,8063.43,20220110,3
011191890C,1,RC-9011191890,DEATH_CLAIM,SETTLED,3,2,DEATH_PAID_IN_FULL,True,8025.65,20190817,3
011191940C,1,RC-9011191940,DEATH_CLAIM,SETTLED,3,2,DEATH_PAID_IN_FULL,True,12000.00,20190703,3
011192047C,1,RC-9011192047,DEATH_CLAIM,SETTLED,3,2,DEATH_PAID_IN_FULL,True,10131.58,20210809,3
011192065C,1,RC-9011192065,DEATH_CLAIM,SETTLED,3,2,DEATH_PAID_IN_FULL,True,5081.94,20190202,3
011192106C,1,RC-9011192106,DEATH_CLAIM,SETTLED,3,2,DEATH_PAID_IN_FULL,True,10092.06,20250102,3
011192239C,1,RC-9011192239,DEATH_CLAIM,SETTLED,3,2,DEATH_PAID_IN_FULL,True,5059.54,20200308,3
011192240C,1,RC-9011192240,DEATH_CLAIM,SETTLED,3,2,DEATH_PAID_IN_FULL,True,3000.00,20230420,3
011192253C,1,RC-9011192253,DEATH_CLAIM,SETTLED,3,2,DEATH_PAID_IN_FULL,True,5018.27,20190314,3
011192322C,1,RC-9011192322,DISBURSEMENT_CLAIM,PAID,99,99,FAMILY_SURRENDER_BUCKET,True,0.00,,99
011192392C,1,RC-9011192392,DEATH_CLAIM,SETTLED,3,2,DEATH_PAID_IN_FULL,True,10000.00,20230124,3
011192744C,1,RC-9011192744,DEATH_CLAIM,SETTLED,3,2,DEATH_PAID_IN_FULL,True,25011.17,20220912,3
011192949C,1,RC-9011192949,DEATH_CLAIM,SETTLED,3,2,DEATH_PAID_IN_FULL,True,25000.00,20220731,3
011193211C,1,RC-9011193211,DEATH_CLAIM,SETTLED,3,2,DEATH_PAID_IN_FULL,True,5169.95,20220211,3
011193336C,1,RC-9011193336,DEATH_CLAIM,SETTLED,3,2,DEATH_PAID_IN_FULL,True,5065.06,20180830,3
011193836C,1,RC-9011193836,DEATH_CLAIM,SETTLED,3,2,DEATH_PAID_IN_FULL,True,10105.84,20210217,3
011193872C,1,RC-9011193872,DEATH_CLAIM,SETTLED,3,2,DEATH_PAID_IN_FULL,True,10011.66,20231120,3
011194111C,1,RC-9011194111,DEATH_CLAIM,SETTLED,3,2,DEATH_PAID_IN_FULL,True,7387.55,20210130,3
011194161C,1,RC-9011194161,DEATH_CLAIM,SETTLED,3,2,DEATH_PAID_IN_FULL,True,5036.89,20180427,3
011194225C,1,RC-9011194225,DEATH_CLAIM,SETTLED,3,2,DEATH_PAID_IN_FULL,True,7424.20,20211112,3
011194436C,1,RC-9011194436,DEATH_CLAIM,SETTLED,3,2,DEATH_PAID_IN_FULL,True,10177.67,20180702,3
011194499C,1,RC-9011194499,DEATH_CLAIM,SETTLED,3,2,DEATH_PAID_IN_FULL,True,10005.26,20230628,3
011194542C,1,RC-9011194542,DEATH_CLAIM,SETTLED,3,2,DEATH_PAID_IN_FULL,True,5011.58,20220318,3
011194617C,1,RC-9011194617,DEATH_CLAIM,SETTLED,3,2,DEATH_PAID_IN_FULL,True,5029.43,20180516,3
011194618C,1,RC-9011194618,DEATH_CLAIM,SETTLED,3,2,DEATH_PAID_IN_FULL,True,25143.49,20180516,3
011194751C,1,RC-9011194751,DEATH_CLAIM,SETTLED,3,2,DEATH_PAID_IN_FULL,True,6012.14,20230209,3
011194799C,1,RC-9011194799,DEATH_CLAIM,SETTLED,3,2,DEATH_PAID_IN_FULL,True,4000.00,20231224,3
011195139C,1,RC-9011195139,DISBURSEMENT_CLAIM,PAID,99,99,FAMILY_SURRENDER_BUCKET,True,0.00,,99
011195144C,1,RC-9011195144,DEATH_CLAIM,SETTLED,3,2,DEATH_PAID_IN_FULL,True,5027.89,20230519,3
011195295C,1,RC-9011195295,DEATH_CLAIM,SETTLED,3,2,DEATH_PAID_IN_FULL,True,3512.97,20180208,3
011195296C,1,RC-9011195296,DEATH_CLAIM,SETTLED,3,2,DEATH_PAID_IN_FULL,True,5041.85,20210117,3
011195567C,1,RC-9011195567,DISBURSEMENT_CLAIM,PAID,99,99,FAMILY_SURRENDER_BUCKET,True,0.00,,99
011195589C,1,RC-9011195589,DEATH_CLAIM,SETTLED,3,2,DEATH_PAID_IN_FULL,True,25027.38,20180803,3
011195601C,1,RC-9011195601,DISBURSEMENT_CLAIM,PAID,99,99,FAMILY_SURRENDER_BUCKET,True,0.00,,99
011195602C,1,RC-9011195602,DISBURSEMENT_CLAIM,PAID,99,99,FAMILY_SURRENDER_BUCKET,True,0.00,,99
011195642C,1,RC-9011195642,DEATH_CLAIM,SETTLED,3,2,DEATH_PAID_IN_FULL,True,3065.56,20210412,3
011195673C,1,RC-9011195673,DEATH_CLAIM,SETTLED,3,2,DEATH_PAID_IN_FULL,True,5034.14,20251216,3
011195913C,1,RC-9011195913,DEATH_CLAIM,SETTLED,3,2,DEATH_PAID_IN_FULL,True,50153.12,20220124,3
011195919C,1,RC-9011195919,DEATH_CLAIM,SETTLED,3,2,DEATH_PAID_IN_FULL,True,10001.41,20240731,3
011196111C,1,RC-9011196111,DEATH_CLAIM,SETTLED,3,2,DEATH_PAID_IN_FULL,True,6014.31,20221218,3
011196182C,1,RC-9011196182,DEATH_CLAIM,SETTLED,3,2,DEATH_PAID_IN_FULL,True,5009.85,20230826,3
011196521C,1,RC-9011196521,DEATH_CLAIM,SETTLED,3,2,DEATH_PAID_IN_FULL,True,15000.00,20241231,3
011196775C,1,RC-9011196775,DEATH_CLAIM,SETTLED,3,2,DEATH_PAID_IN_FULL,True,10211.64,20221123,3
011196852C,1,RC-9011196852,DEATH_CLAIM,SETTLED,3,2,DEATH_PAID_IN_FULL,True,10034.12,20240314,3
011196869C,1,RC-9011196869,DISBURSEMENT_CLAIM,PAID,99,99,FAMILY_SURRENDER_BUCKET,True,0.00,,99
011197039C,1,RC-9011197039,DEATH_CLAIM,SETTLED,3,2,DEATH_PAID_IN_FULL,True,5027.75,20180601,3
011197492C,1,RC-9011197492,DEATH_CLAIM,SETTLED,3,2,DEATH_PAID_IN_FULL,True,5049.65,20181021,3
011197533C,1,RC-9011197533,DEATH_CLAIM,SETTLED,3,2,DEATH_PAID_IN_FULL,True,8007.48,20180221,3
011197578C,1,RC-9011197578,DEATH_CLAIM,SETTLED,3,2,DEATH_PAID_IN_FULL,True,3034.09,20220130,3
011197709C,1,RC-9011197709,DEATH_CLAIM,SETTLED,3,2,DEATH_PAID_IN_FULL,True,10118.02,20220920,3
011197714C,1,RC-9011197714,DISBURSEMENT_CLAIM,PAID,99,99,FAMILY_SURRENDER_BUCKET,True,0.00,,99
011198073C,1,RC-9011198073,DISBURSEMENT_CLAIM,PAID,99,99,FAMILY_SURRENDER_BUCKET,True,0.00,,99
011198305C,1,RC-9011198305,DISBURSEMENT_CLAIM,PAID,99,99,FAMILY_SURRENDER_BUCKET,True,0.00,,99
011198306C,1,RC-9011198306,DISBURSEMENT_CLAIM,PAID,99,99,FAMILY_SURRENDER_BUCKET,True,0.00,,99
011198534C,1,RC-9011198534,DEATH_CLAIM,SETTLED,3,2,DEATH_PAID_IN_FULL,True,10052.58,20231201,3
011198734C,1,RC-9011198734,DEATH_CLAIM,SETTLED,3,2,DEATH_PAID_IN_FULL,True,10052.65,20240706,3
011198799C,1,RC-9011198799,DISBURSEMENT_CLAIM,PAID,99,99,FAMILY_SURRENDER_BUCKET,True,0.00,,99
011198951C,1,RC-9011198951,DISBURSEMENT_CLAIM,PAID,99,99,FAMILY_SURRENDER_BUCKET,True,0.00,,99
011199046C,1,RC-9011199046,DEATH_CLAIM,SETTLED,3,2,DEATH_PAID_IN_FULL,True,10171.24,20211220,3
011199527C,1,RC-9011199527,DISBURSEMENT_CLAIM,PAID,99,99,FAMILY_SURRENDER_BUCKET,True,20091.97,,99
011199549C,1,RC-9011199549,DISBURSEMENT_CLAIM,PAID,99,99,FAMILY_SURRENDER_BUCKET,True,0.00,,99
011199782C,1,RC-9011199782,DISBURSEMENT_CLAIM,PAID,99,99,FAMILY_SURRENDER_BUCKET,True,0.00,,99
011199974C,1,RC-9011199974,DISBURSEMENT_CLAIM,PAID,99,99,FAMILY_SURRENDER_BUCKET,True,0.00,,99
011199974C,1,RC-9011199974,DISBURSEMENT_CLAIM,PAID,99,99,FAMILY_SURRENDER_BUCKET,True,0.00,,99
011200012C,1,RC-9011200012,DEATH_CLAIM,SETTLED,3,2,DEATH_PAID_IN_FULL,True,20081.75,20260322,3
011200196C,1,RC-9011200196,DISBURSEMENT_CLAIM,PAID,99,99,FAMILY_SURRENDER_BUCKET,True,0.00,,99
011200500C,1,RC-9011200500,DEATH_CLAIM,SETTLED,3,2,DEATH_PAID_IN_FULL,True,8018.94,20210920,3
011200872C,1,RC-9011200872,DISBURSEMENT_CLAIM,PAID,99,99,FAMILY_SURRENDER_BUCKET,True,0.00,,99
011201212C,1,RC-9011201212,DEATH_CLAIM,SETTLED,3,2,DEATH_PAID_IN_FULL,True,7525.41,20190919,3
011201312C,1,RC-9011201312,DEATH_CLAIM,SETTLED,3,2,DEATH_PAID_IN_FULL,True,10029.81,20190922,3
011201621C,1,RC-9011201621,DEATH_CLAIM,FUNDED,1,2,DEATH_PAID_IN_FULL,True,0.00,,1
011201656C,1,RC-9011201656,DEATH_CLAIM,SETTLED,3,2,DEATH_PAID_IN_FULL,True,10024.95,20230723,3
011201896C,1,RC-9011201896,DEATH_CLAIM,SETTLED,3,2,DEATH_PAID_IN_FULL,True,2114.71,20250127,3
011202182C,1,RC-9011202182,DEATH_CLAIM,SETTLED,3,2,DEATH_PAID_IN_FULL,True,18930.09,20201224,3
011202750C,1,RC-9011202750,DEATH_CLAIM,SETTLED,3,2,DEATH_PAID_IN_FULL,True,10080.70,20220320,3
011203122C,1,RC-9011203122,DEATH_CLAIM,SETTLED,3,2,DEATH_PAID_IN_FULL,True,5096.06,20250126,3
011204042C,1,RC-9011204042,DEATH_CLAIM,SETTLED,3,2,DEATH_PAID_IN_FULL,True,5052.39,20210727,3
011204292C,1,RC-9011204292,DEATH_CLAIM,SETTLED,3,2,DEATH_PAID_IN_FULL,True,8021.05,20231213,3
011204761C,1,RC-9011204761,DEATH_CLAIM,SETTLED,3,2,DEATH_PAID_IN_FULL,True,10497.78,20180824,3
011204824C,1,RC-9011204824,DEATH_CLAIM,SETTLED,3,2,DEATH_PAID_IN_FULL,True,8000.00,20201207,3
011204960C,1,RC-9011204960,DEATH_CLAIM,SETTLED,3,2,DEATH_PAID_IN_FULL,True,5028.58,20210326,3
011204984C,1,RC-9011204984,DEATH_CLAIM,SETTLED,3,2,DEATH_PAID_IN_FULL,True,8015.76,20221117,3
011205079C,1,RC-9011205079,DEATH_CLAIM,SETTLED,3,2,DEATH_PAID_IN_FULL,True,10000.00,20240128,3
011206380C,1,RC-9011206380,DISBURSEMENT_CLAIM,PAID,99,99,FAMILY_SURRENDER_BUCKET,True,0.00,,99
011206462C,1,RC-9011206462,DISBURSEMENT_CLAIM,PAID,99,99,FAMILY_SURRENDER_BUCKET,True,17772.50,,99
011206562C,1,RC-9011206562,DEATH_CLAIM,SETTLED,3,2,DEATH_PAID_IN_FULL,True,10020.96,20260127,3
011206644C,1,RC-9011206644,DISBURSEMENT_CLAIM,PAID,99,99,FAMILY_SURRENDER_BUCKET,True,0.00,,99
011207112C,1,RC-9011207112,DISBURSEMENT_CLAIM,PAID,99,99,FAMILY_SURRENDER_BUCKET,True,0.00,,99
011207210C,1,RC-9011207210,DEATH_CLAIM,SETTLED,3,2,DEATH_PAID_IN_FULL,True,25119.04,20210612,3
011207222C,1,RC-9011207222,DISBURSEMENT_CLAIM,PAID,99,99,FAMILY_SURRENDER_BUCKET,True,0.00,,99
011207677C,1,RC-9011207677,DEATH_CLAIM,SETTLED,3,2,DEATH_PAID_IN_FULL,True,10061.44,20260127,3
011207733C,1,RC-9011207733,DEATH_CLAIM,SETTLED,3,2,DEATH_PAID_IN_FULL,True,5052.44,20251023,3
011208104C,1,RC-9011208104,DEATH_CLAIM,SETTLED,3,2,DEATH_PAID_IN_FULL,True,4000.00,20210508,3
011208194C,1,RC-9011208194,DISBURSEMENT_CLAIM,PAID,99,99,FAMILY_SURRENDER_BUCKET,True,0.00,,99
011208787C,1,RC-9011208787,DEATH_CLAIM,FUNDED,1,2,DEATH_PAID_IN_FULL,True,0.00,,1
011208817C,1,RC-9011208817,DEATH_CLAIM,SETTLED,3,2,DEATH_PAID_IN_FULL,True,7032.61,20180805,3
011209963C,1,RC-9011209963,DEATH_CLAIM,SETTLED,3,2,DEATH_PAID_IN_FULL,True,3208.14,20220922,3
011210089C,1,RC-9011210089,DEATH_CLAIM,SETTLED,3,2,DEATH_PAID_IN_FULL,True,2157.99,20240904,3
011210337C,1,RC-9011210337,DEATH_CLAIM,SETTLED,3,2,DEATH_PAID_IN_FULL,True,10060.87,20220605,3
011210611C,1,RC-9011210611,DISBURSEMENT_CLAIM,PAID,99,99,FAMILY_SURRENDER_BUCKET,True,0.00,,99
011211133C,1,RC-9011211133,DISBURSEMENT_CLAIM,PAID,99,99,FAMILY_SURRENDER_BUCKET,True,0.00,,99
011212050C,1,RC-9011212050,DEATH_CLAIM,SETTLED,3,2,DEATH_PAID_IN_FULL,True,25458.16,20251220,3
011212753C,1,RC-9011212753,DEATH_CLAIM,SETTLED,3,2,DEATH_PAID_IN_FULL,True,5038.05,20180808,3
011213262C,1,RC-9011213262,DEATH_CLAIM,SETTLED,3,2,DEATH_PAID_IN_FULL,True,10039.53,20200710,3
011215550C,1,RC-9011215550,DISBURSEMENT_CLAIM,PAID,99,99,FAMILY_SURRENDER_BUCKET,True,0.00,,99
011216497C,1,RC-9011216497,DEATH_CLAIM,SETTLED,3,2,DEATH_PAID_IN_FULL,True,25078.47,20190624,3
011216545C,1,RC-9011216545,DEATH_CLAIM,SETTLED,3,2,DEATH_PAID_IN_FULL,True,25153.89,20220130,3
011217112C,1,RC-9011217112,DEATH_CLAIM,SETTLED,3,2,DEATH_PAID_IN_FULL,True,2566.44,20240113,3
011217970C,1,RC-9011217970,DEATH_CLAIM,FUNDED,1,2,DEATH_PAID_IN_FULL,True,0.00,,1
011217970C,1,RC-9011217970,DISBURSEMENT_CLAIM,PAID,99,99,FAMILY_SURRENDER_BUCKET,True,0.00,,99
011218020C,1,RC-9011218020,DEATH_CLAIM,SETTLED,3,2,DEATH_PAID_IN_FULL,True,25098.85,20190725,3
011219517C,1,RC-9011219517,DISBURSEMENT_CLAIM,PAID,99,99,FAMILY_SURRENDER_BUCKET,True,0.00,,99
011219517C,1,RC-9011219517,DISBURSEMENT_CLAIM,PAID,99,99,FAMILY_SURRENDER_BUCKET,True,0.00,,99
011219543C,1,RC-9011219543,DEATH_CLAIM,SETTLED,3,2,DEATH_PAID_IN_FULL,True,10040.85,20230925,3
011220581C,1,RC-9011220581,DEATH_CLAIM,SETTLED,3,2,DEATH_PAID_IN_FULL,True,5137.67,20211208,3
011220928C,1,RC-9011220928,DISBURSEMENT_CLAIM,PAID,99,99,FAMILY_SURRENDER_BUCKET,True,0.00,,99
011222530C,1,RC-9011222530,DEATH_CLAIM,SETTLED,3,2,DEATH_PAID_IN_FULL,True,25072.37,20230409,3
011222585C,1,RC-9011222585,DEATH_CLAIM,SETTLED,3,2,DEATH_PAID_IN_FULL,True,10056.50,20210106,3
011223517C,1,RC-9011223517,DEATH_CLAIM,SETTLED,3,2,DEATH_PAID_IN_FULL,True,10103.94,20250602,3
011223520C,1,RC-9011223520,DEATH_CLAIM,SETTLED,3,2,DEATH_PAID_IN_FULL,True,25036.81,20230721,3
011223568C,1,RC-9011223568,DEATH_CLAIM,SETTLED,3,2,DEATH_PAID_IN_FULL,True,5102.00,20221218,3
011224349C,1,RC-9011224349,DISBURSEMENT_CLAIM,PAID,99,99,FAMILY_SURRENDER_BUCKET,True,0.00,,99
011224874C,1,RC-9011224874,DEATH_CLAIM,SETTLED,3,2,DEATH_PAID_IN_FULL,True,5003.88,20230727,3
011225266C,1,RC-9011225266,DEATH_CLAIM,SETTLED,3,2,DEATH_PAID_IN_FULL,True,10047.74,20250326,3
011225329C,1,RC-9011225329,DEATH_CLAIM,SETTLED,3,2,DEATH_PAID_IN_FULL,True,5087.86,20260227,3
011225416C,1,RC-9011225416,DEATH_CLAIM,SETTLED,3,2,DEATH_PAID_IN_FULL,True,5084.84,20240216,3
011226577C,1,RC-9011226577,DEATH_CLAIM,SETTLED,3,2,DEATH_PAID_IN_FULL,True,25057.50,20230709,3
011227429C,1,RC-9011227429,DISBURSEMENT_CLAIM,PAID,99,99,FAMILY_SURRENDER_BUCKET,True,0.00,,99
011227528C,1,RC-9011227528,DEATH_CLAIM,SETTLED,3,2,DEATH_PAID_IN_FULL,True,20037.69,20210131,3
011229408C,1,RC-9011229408,DEATH_CLAIM,SETTLED,3,2,DEATH_PAID_IN_FULL,True,10050.25,20230408,3
011229565C,1,RC-9011229565,DEATH_CLAIM,SETTLED,3,2,DEATH_PAID_IN_FULL,True,15042.94,20200927,3
011230767C,1,RC-9011230767,DISBURSEMENT_CLAIM,PAID,99,99,FAMILY_SURRENDER_BUCKET,True,0.00,,99
011231670C,1,RC-9011231670,DEATH_CLAIM,SETTLED,3,2,DEATH_PAID_IN_FULL,True,10034.14,20241224,3
011233593C,1,RC-9011233593,DEATH_CLAIM,SETTLED,3,2,DEATH_PAID_IN_FULL,True,5021.70,20190520,3
011233776C,1,RC-9011233776,DEATH_CLAIM,SETTLED,3,2,DEATH_PAID_IN_FULL,True,10030.27,20210121,3
011233828C,1,RC-9011233828,DEATH_CLAIM,SETTLED,3,2,DEATH_PAID_IN_FULL,True,9992.58,20200825,3
011235719C,1,RC-9011235719,DEATH_CLAIM,SETTLED,3,2,DEATH_PAID_IN_FULL,True,15087.82,20220224,3
011237657C,1,RC-9011237657,DEATH_CLAIM,SETTLED,3,2,DEATH_PAID_IN_FULL,True,7068.54,20250503,3
011237660C,1,RC-9011237660,DEATH_CLAIM,SETTLED,3,2,DEATH_PAID_IN_FULL,True,15047.12,20190704,3
011238321C,1,RC-9011238321,DEATH_CLAIM,SETTLED,3,2,DEATH_PAID_IN_FULL,True,10065.47,20200110,3
011239255C,1,RC-9011239255,DEATH_CLAIM,SETTLED,3,2,DEATH_PAID_IN_FULL,True,6074.21,20241029,3
011240164C,1,RC-9011240164,DISBURSEMENT_CLAIM,PAID,99,99,FAMILY_SURRENDER_BUCKET,True,0.00,,99
011243759C,1,RC-9011243759,DEATH_CLAIM,SETTLED,3,2,DEATH_PAID_IN_FULL,True,15034.75,20201011,3
011246930C,1,RC-9011246930,DISBURSEMENT_CLAIM,PAID,99,99,FAMILY_SURRENDER_BUCKET,True,0.00,,99
011246931C,1,RC-9011246931,DEATH_CLAIM,SETTLED,3,2,DEATH_PAID_IN_FULL,True,10030.97,20250825,3
011247184C,1,RC-9011247184,DEATH_CLAIM,SETTLED,3,2,DEATH_PAID_IN_FULL,True,10045.03,20220114,3
011249066C,1,RC-9011249066,DEATH_CLAIM,SETTLED,3,2,DEATH_PAID_IN_FULL,True,15044.62,20230810,3
011251167C,1,RC-9011251167,DISBURSEMENT_CLAIM,PAID,99,99,FAMILY_SURRENDER_BUCKET,True,0.00,,99
011253004C,1,RC-9011253004,DEATH_CLAIM,SETTLED,3,2,DEATH_PAID_IN_FULL,True,10204.92,20231025,3
011254298C,1,RC-9011254298,DEATH_CLAIM,SETTLED,3,2,DEATH_PAID_IN_FULL,True,8040.85,20260228,3
011254827C,1,RC-9011254827,DEATH_CLAIM,SETTLED,3,2,DEATH_PAID_IN_FULL,True,25055.50,20241113,3
011257364C,1,RC-9011257364,DEATH_CLAIM,SETTLED,3,2,DEATH_PAID_IN_FULL,True,50039.19,20201026,3
011257460C,1,RC-9011257460,DEATH_CLAIM,SETTLED,3,2,DEATH_PAID_IN_FULL,True,15015.30,20180223,3
011257863C,1,RC-9011257863,DEATH_CLAIM,SETTLED,3,2,DEATH_PAID_IN_FULL,True,8905.25,20230514,3
011258185C,1,RC-9011258185,DISBURSEMENT_CLAIM,PAID,99,99,FAMILY_SURRENDER_BUCKET,True,0.00,,99
011259189C,1,RC-9011259189,DEATH_CLAIM,SETTLED,3,2,DEATH_PAID_IN_FULL,True,17255.83,20230323,3
011259930C,1,RC-9011259930,DISBURSEMENT_CLAIM,PAID,99,99,FAMILY_SURRENDER_BUCKET,True,0.00,,99
011260458C,1,RC-9011260458,DEATH_CLAIM,SETTLED,3,2,DEATH_PAID_IN_FULL,True,5036.62,20190520,3
011261438C,1,RC-9011261438,DEATH_CLAIM,SETTLED,3,2,DEATH_PAID_IN_FULL,True,6043.73,20220524,3
011261439C,1,RC-9011261439,DEATH_CLAIM,SETTLED,3,2,DEATH_PAID_IN_FULL,True,25177.83,20240317,3
011262629C,1,RC-9011262629,DISBURSEMENT_CLAIM,PAID,99,99,FAMILY_SURRENDER_BUCKET,True,0.00,,99
011263511C,1,RC-9011263511,DEATH_CLAIM,SETTLED,3,2,DEATH_PAID_IN_FULL,True,25270.48,20251221,3
011263633C,1,RC-9011263633,DEATH_CLAIM,SETTLED,3,2,DEATH_PAID_IN_FULL,True,20109.48,20210528,3
011267131C,1,RC-9011267131,DEATH_CLAIM,SETTLED,3,2,DEATH_PAID_IN_FULL,True,5073.04,20200709,3
011268908C,1,RC-9011268908,DEATH_CLAIM,SETTLED,3,2,DEATH_PAID_IN_FULL,True,15380.43,20240110,3
011269176C,1,RC-9011269176,DEATH_CLAIM,SETTLED,3,2,DEATH_PAID_IN_FULL,True,7246.67,20230615,3
011269384C,1,RC-9011269384,DEATH_CLAIM,SETTLED,3,2,DEATH_PAID_IN_FULL,True,5069.60,20250220,3
011269384C,1,RC-9011269384,DISBURSEMENT_CLAIM,PAID,99,99,FAMILY_SURRENDER_BUCKET,True,0.00,,99
011271241C,1,RC-9011271241,DEATH_CLAIM,SETTLED,3,2,DEATH_PAID_IN_FULL,True,8075.29,20211112,3
011272315C,1,RC-9011272315,DEATH_CLAIM,SETTLED,3,2,DEATH_PAID_IN_FULL,True,25426.20,20230323,3
011273480C,1,RC-9011273480,DEATH_CLAIM,SETTLED,3,2,DEATH_PAID_IN_FULL,True,15118.73,20240516,3
011274754C,1,RC-9011274754,DISBURSEMENT_CLAIM,PAID,99,99,FAMILY_SURRENDER_BUCKET,True,0.00,,99
011283208C,1,RC-9011283208,DISBURSEMENT_CLAIM,PAID,99,99,FAMILY_SURRENDER_BUCKET,True,0.00,,99
011283990C,1,RC-9011283990,DEATH_CLAIM,SETTLED,3,2,DEATH_PAID_IN_FULL,True,25445.78,20241101,3
01142D978C,1,RC-901142D978,DEATH_CLAIM,SETTLED,3,2,DEATH_PAID_IN_FULL,True,3136.10,20241108,3
01154D174C,1,RC-901154D174,DEATH_CLAIM,SETTLED,3,2,DEATH_PAID_IN_FULL,True,1658.12,20200619,3
01185D536C,1,RC-901185D536,DEATH_CLAIM,SETTLED,3,2,DEATH_PAID_IN_FULL,True,1058.82,20241108,3
01185D536C,1,RC-901185D536,DISBURSEMENT_CLAIM,PAID,99,99,FAMILY_SURRENDER_BUCKET,True,1058.82,,99
015000078C,1,RC-9015000078,DEATH_CLAIM,SETTLED,3,2,DEATH_PAID_IN_FULL,True,3019.81,20200526,3
015000089C,1,RC-9015000089,DEATH_CLAIM,SETTLED,3,2,DEATH_PAID_IN_FULL,True,3023.59,20240103,3
015000103C,1,RC-9015000103,DEATH_CLAIM,SETTLED,3,2,DEATH_PAID_IN_FULL,True,5000.00,20200418,3
015000211C,1,RC-9015000211,DEATH_CLAIM,SETTLED,3,2,DEATH_PAID_IN_FULL,True,3021.30,20190317,3
015000224C,1,RC-9015000224,DEATH_CLAIM,SETTLED,3,2,DEATH_PAID_IN_FULL,True,3004.85,20201219,3
015000261C,1,RC-9015000261,DEATH_CLAIM,SETTLED,3,2,DEATH_PAID_IN_FULL,True,2638.58,20210910,3
015000270C,1,RC-9015000270,DEATH_CLAIM,SETTLED,3,2,DEATH_PAID_IN_FULL,True,5069.69,20220207,3
015000466C,1,RC-9015000466,DISBURSEMENT_CLAIM,PAID,99,99,FAMILY_SURRENDER_BUCKET,True,0.00,,99
015000531C,1,RC-9015000531,DEATH_CLAIM,SETTLED,3,2,DEATH_PAID_IN_FULL,True,7607.39,20191002,3
015000544C,1,RC-9015000544,DEATH_CLAIM,SETTLED,3,2,DEATH_PAID_IN_FULL,True,5026.84,20220908,3
015000581C,1,RC-9015000581,DEATH_CLAIM,SETTLED,3,2,DEATH_PAID_IN_FULL,True,7551.46,20180205,3
015000602C,1,RC-9015000602,DISBURSEMENT_CLAIM,PAID,99,99,FAMILY_SURRENDER_BUCKET,True,0.00,,99
015000622C,1,RC-9015000622,DEATH_CLAIM,SETTLED,3,2,DEATH_PAID_IN_FULL,True,7539.63,20260107,3
015000632C,1,RC-9015000632,DEATH_CLAIM,SETTLED,3,2,DEATH_PAID_IN_FULL,True,5182.95,20230810,3
015000678C,1,RC-9015000678,DEATH_CLAIM,SETTLED,3,2,DEATH_PAID_IN_FULL,True,7598.08,20180128,3
   018253C,1,RC-9018253-1-,DISBURSEMENT_CLAIM,PAID,99,99,FAMILY_SURRENDER_BUCKET,True,0.00,,99
  018712FC,1,RC-9018712F-1,DISBURSEMENT_CLAIM,PAID,99,99,FAMILY_SURRENDER_BUCKET,True,0.00,,99
 01ML4054C,1,RC-901ML4054-,DISBURSEMENT_CLAIM,PAID,99,99,FAMILY_SURRENDER_BUCKET,True,0.00,,99
 01ML8214C,1,RC-901ML8214-,DISBURSEMENT_CLAIM,PAID,99,99,FAMILY_SURRENDER_BUCKET,True,1.04,,99
01ML8378AC,1,RC-901ML8378A,DEATH_CLAIM,SETTLED,3,2,DEATH_PAID_IN_FULL,True,290.24,20191219,3
 01ML8457C,1,RC-901ML8457-,DISBURSEMENT_CLAIM,PAID,99,99,FAMILY_SURRENDER_BUCKET,True,0.00,,99
010150740C,1,RC-9010150740,DEATH_CLAIM,SETTLED,3,2,DEATH_PAID_IN_FULL,True,3213.59,20230509,3
010331157C,1,RC-9010331157,DEATH_CLAIM,SETTLED,3,2,DEATH_PAID_IN_FULL,True,19636.31,20190315,3
010335038C,1,RC-9010335038,DEATH_CLAIM,SETTLED,3,2,DEATH_PAID_IN_FULL,True,11777.05,20180422,3
010150910C,1,RC-9010150910,DEATH_CLAIM,SETTLED,3,2,DEATH_PAID_IN_FULL,True,1134.57,20200423,3
010363098C,1,RC-9010363098,DEATH_CLAIM,SETTLED,3,2,DEATH_PAID_IN_FULL,True,7770.08,20220917,3
010368703C,1,RC-9010368703,DEATH_CLAIM,SETTLED,3,2,DEATH_PAID_IN_FULL,True,12890.67,20210114,3
010371171C,1,RC-9010371171,DEATH_CLAIM,SETTLED,3,2,DEATH_PAID_IN_FULL,True,12834.01,20240624,3
010374779C,1,RC-9010374779,DEATH_CLAIM,SETTLED,3,2,DEATH_PAID_IN_FULL,True,8353.43,20200530,3
010376540C,1,RC-9010376540,DEATH_CLAIM,SETTLED,3,2,DEATH_PAID_IN_FULL,True,11792.30,20181014,3
010376540C,1,RC-9010376540,DEATH_CLAIM,PAID,3,2,DEATH_PAID_IN_FULL,True,11792.30,20190220,3
010378829C,1,RC-9010378829,DEATH_CLAIM,SETTLED,3,2,DEATH_PAID_IN_FULL,True,7174.45,20210829,3
010382520C,1,RC-9010382520,DEATH_CLAIM,SETTLED,3,2,DEATH_PAID_IN_FULL,True,7807.24,20200820,3
010382931C,1,RC-9010382931,DEATH_CLAIM,SETTLED,3,2,DEATH_PAID_IN_FULL,True,17290.30,20220210,3
010385491C,1,RC-9010385491,DEATH_CLAIM,SETTLED,3,2,DEATH_PAID_IN_FULL,True,13490.14,20190501,3
010385491C,1,RC-9010385491,DEATH_CLAIM,PAID,3,2,DEATH_PAID_IN_FULL,True,13490.14,20210707,3
010389651C,1,RC-9010389651,DEATH_CLAIM,SETTLED,3,2,DEATH_PAID_IN_FULL,True,22352.18,20240727,3
010393158C,1,RC-9010393158,DEATH_CLAIM,SETTLED,3,2,DEATH_PAID_IN_FULL,True,11321.70,20210207,3
010394249C,1,RC-9010394249,DEATH_CLAIM,SETTLED,3,2,DEATH_PAID_IN_FULL,True,13044.15,20240916,3
010394662C,1,RC-9010394662,DEATH_CLAIM,SETTLED,3,2,DEATH_PAID_IN_FULL,True,4928.40,20211009,3
010395878C,1,RC-9010395878,DEATH_CLAIM,SETTLED,3,2,DEATH_PAID_IN_FULL,True,7158.62,20180113,3
010396147C,1,RC-9010396147,DEATH_CLAIM,SETTLED,3,2,DEATH_PAID_IN_FULL,True,10133.83,20250106,3
010397945C,1,RC-9010397945,DEATH_CLAIM,SETTLED,3,2,DEATH_PAID_IN_FULL,True,5367.56,20211113,3
010398274C,1,RC-9010398274,DEATH_CLAIM,SETTLED,3,2,DEATH_PAID_IN_FULL,True,15088.91,20240313,3
010398591C,1,RC-9010398591,DEATH_CLAIM,SETTLED,3,2,DEATH_PAID_IN_FULL,True,11683.11,20190827,3
010401181C,1,RC-9010401181,DEATH_CLAIM,SETTLED,3,2,DEATH_PAID_IN_FULL,True,8600.48,20180316,3
010407533C,1,RC-9010407533,DEATH_CLAIM,SETTLED,3,2,DEATH_PAID_IN_FULL,True,9206.17,20250911,3
010410566C,1,RC-9010410566,DEATH_CLAIM,SETTLED,3,2,DEATH_PAID_IN_FULL,True,5470.48,20230429,3
010411499C,1,RC-9010411499,DEATH_CLAIM,SETTLED,3,2,DEATH_PAID_IN_FULL,True,20934.25,20200831,3
010412522C,1,RC-9010412522,DEATH_CLAIM,SETTLED,3,2,DEATH_PAID_IN_FULL,True,20435.43,20190718,3
010412526C,1,RC-9010412526,DEATH_CLAIM,SETTLED,3,2,DEATH_PAID_IN_FULL,True,9197.24,20200727,3
010413417C,1,RC-9010413417,DEATH_CLAIM,SETTLED,3,2,DEATH_PAID_IN_FULL,True,11563.20,20181227,3
010413628C,1,RC-9010413628,DEATH_CLAIM,SETTLED,3,2,DEATH_PAID_IN_FULL,True,10234.54,20210531,3
010414235C,1,RC-9010414235,DEATH_CLAIM,SETTLED,3,2,DEATH_PAID_IN_FULL,True,9060.74,20201120,3
010415834C,1,RC-9010415834,DEATH_CLAIM,SETTLED,3,2,DEATH_PAID_IN_FULL,True,9380.63,20200722,3
010418562C,1,RC-9010418562,DEATH_CLAIM,SETTLED,3,2,DEATH_PAID_IN_FULL,True,6816.41,20180504,3
010424798C,1,RC-9010424798,DEATH_CLAIM,SETTLED,3,2,DEATH_PAID_IN_FULL,True,8389.72,20230921,3
010425718C,1,RC-9010425718,DEATH_CLAIM,SETTLED,3,2,DEATH_PAID_IN_FULL,True,6529.09,20181217,3
010425928C,1,RC-9010425928,DEATH_CLAIM,SETTLED,3,2,DEATH_PAID_IN_FULL,True,11036.05,20231017,3
010426858C,1,RC-9010426858,DEATH_CLAIM,SETTLED,3,2,DEATH_PAID_IN_FULL,True,14301.78,20181213,3
010426961C,1,RC-9010426961,DEATH_CLAIM,SETTLED,3,2,DEATH_PAID_IN_FULL,True,22043.15,20260125,3
010427457C,1,RC-9010427457,DEATH_CLAIM,SETTLED,3,2,DEATH_PAID_IN_FULL,True,8367.72,20231007,3
010427723C,1,RC-9010427723,DEATH_CLAIM,SETTLED,3,2,DEATH_PAID_IN_FULL,True,13513.69,20180117,3
010428771C,1,RC-9010428771,DEATH_CLAIM,SETTLED,3,2,DEATH_PAID_IN_FULL,True,10047.24,20200311,3
010429064C,1,RC-9010429064,DEATH_CLAIM,SETTLED,3,2,DEATH_PAID_IN_FULL,True,22844.25,20240110,3
010429259C,1,RC-9010429259,DEATH_CLAIM,SETTLED,3,2,DEATH_PAID_IN_FULL,True,17589.66,20200707,3
010429532C,1,RC-9010429532,DEATH_CLAIM,SETTLED,3,2,DEATH_PAID_IN_FULL,True,7186.35,20210810,3
010429558C,1,RC-9010429558,DEATH_CLAIM,SETTLED,3,2,DEATH_PAID_IN_FULL,True,12764.97,20210821,3
010429958C,1,RC-9010429958,DEATH_CLAIM,SETTLED,3,2,DEATH_PAID_IN_FULL,True,20283.84,20260221,3
010429965C,1,RC-9010429965,DEATH_CLAIM,SETTLED,3,2,DEATH_PAID_IN_FULL,True,21055.31,20251105,3
010430023C,1,RC-9010430023,DEATH_CLAIM,SETTLED,3,2,DEATH_PAID_IN_FULL,True,10286.69,20201201,3
010430296C,1,RC-9010430296,DEATH_CLAIM,SETTLED,3,2,DEATH_PAID_IN_FULL,True,11734.21,20230726,3
010431738C,1,RC-9010431738,DEATH_CLAIM,SETTLED,3,2,DEATH_PAID_IN_FULL,True,8693.50,20190712,3
010432782C,1,RC-9010432782,DEATH_CLAIM,SETTLED,3,2,DEATH_PAID_IN_FULL,True,10394.33,20190307,3
010433786C,1,RC-9010433786,DEATH_CLAIM,SETTLED,3,2,DEATH_PAID_IN_FULL,True,10616.21,20180514,3
010434747C,1,RC-9010434747,DEATH_CLAIM,SETTLED,3,2,DEATH_PAID_IN_FULL,True,8311.59,20190326,3
010434747C,1,RC-9010434747,DEATH_CLAIM,SETTLED,3,2,DEATH_PAID_IN_FULL,True,8311.59,20190719,3
010434876C,1,RC-9010434876,DEATH_CLAIM,SETTLED,3,2,DEATH_PAID_IN_FULL,True,9032.41,20230302,3
010435466C,1,RC-9010435466,DEATH_CLAIM,SETTLED,3,2,DEATH_PAID_IN_FULL,True,5232.90,20190129,3
010436044C,1,RC-9010436044,DEATH_CLAIM,SETTLED,3,2,DEATH_PAID_IN_FULL,True,8739.86,20181023,3
010436691C,1,RC-9010436691,DEATH_CLAIM,SETTLED,3,2,DEATH_PAID_IN_FULL,True,5585.49,20201203,3
010436727C,1,RC-9010436727,DEATH_CLAIM,SETTLED,3,2,DEATH_PAID_IN_FULL,True,6152.21,20240321,3
010436955C,1,RC-9010436955,DEATH_CLAIM,SETTLED,3,2,DEATH_PAID_IN_FULL,True,8189.45,20230930,3
010437335C,1,RC-9010437335,DEATH_CLAIM,SETTLED,3,2,DEATH_PAID_IN_FULL,True,9778.16,20240324,3
010437794C,1,RC-9010437794,DEATH_CLAIM,SETTLED,3,2,DEATH_PAID_IN_FULL,True,5233.31,20201015,3
010438942C,1,RC-9010438942,DEATH_CLAIM,SETTLED,3,2,DEATH_PAID_IN_FULL,True,5187.31,20221231,3
010439527C,1,RC-9010439527,DEATH_CLAIM,SETTLED,3,2,DEATH_PAID_IN_FULL,True,6135.83,20200223,3
010439836C,1,RC-9010439836,DEATH_CLAIM,SETTLED,3,2,DEATH_PAID_IN_FULL,True,19046.05,20250602,3
010440345C,1,RC-9010440345,DEATH_CLAIM,SETTLED,3,2,DEATH_PAID_IN_FULL,True,6560.07,20220822,3
010440370C,1,RC-9010440370,DEATH_CLAIM,SETTLED,3,2,DEATH_PAID_IN_FULL,True,10596.31,20220129,3
010441927C,1,RC-9010441927,DEATH_CLAIM,SETTLED,3,2,DEATH_PAID_IN_FULL,True,9352.26,20210221,3
010442230C,1,RC-9010442230,DEATH_CLAIM,SETTLED,3,2,DEATH_PAID_IN_FULL,True,30774.01,20250726,3
010443816C,1,RC-9010443816,DEATH_CLAIM,SETTLED,3,2,DEATH_PAID_IN_FULL,True,7070.43,20180710,3
010444207C,1,RC-9010444207,DEATH_CLAIM,SETTLED,3,2,DEATH_PAID_IN_FULL,True,12629.81,20220316,3
010445074C,1,RC-9010445074,DEATH_CLAIM,SETTLED,3,2,DEATH_PAID_IN_FULL,True,14646.79,20231220,3
010445091C,1,RC-9010445091,DEATH_CLAIM,SETTLED,3,2,DEATH_PAID_IN_FULL,True,10431.16,20210908,3
010445351C,1,RC-9010445351,DEATH_CLAIM,SETTLED,3,2,DEATH_PAID_IN_FULL,True,13162.38,20181121,3
010445719C,1,RC-9010445719,DEATH_CLAIM,SETTLED,3,2,DEATH_PAID_IN_FULL,True,12344.17,20180329,3
010446638C,1,RC-9010446638,DEATH_CLAIM,SETTLED,3,2,DEATH_PAID_IN_FULL,True,26695.08,20201125,3
010447574C,1,RC-9010447574,DEATH_CLAIM,SETTLED,3,2,DEATH_PAID_IN_FULL,True,11674.99,20210322,3
010449050C,1,RC-9010449050,DEATH_CLAIM,SETTLED,3,2,DEATH_PAID_IN_FULL,True,8799.39,20180723,3
010449074C,1,RC-9010449074,DEATH_CLAIM,SETTLED,3,2,DEATH_PAID_IN_FULL,True,5800.49,20190711,3
010449075C,1,RC-9010449075,DEATH_CLAIM,SETTLED,3,2,DEATH_PAID_IN_FULL,True,3114.19,20181127,3
010449512C,1,RC-9010449512,DEATH_CLAIM,SETTLED,3,2,DEATH_PAID_IN_FULL,True,4741.33,20200418,3
010449959C,1,RC-9010449959,DEATH_CLAIM,SETTLED,3,2,DEATH_PAID_IN_FULL,True,10397.25,20200508,3
010451215C,1,RC-9010451215,DEATH_CLAIM,SETTLED,3,2,DEATH_PAID_IN_FULL,True,13033.03,20230626,3
010452516C,1,RC-9010452516,DEATH_CLAIM,SETTLED,3,2,DEATH_PAID_IN_FULL,True,16650.12,20190323,3
010454002C,1,RC-9010454002,DEATH_CLAIM,PAID,3,2,DEATH_PAID_IN_FULL,True,13738.84,20230719,3
010456928C,1,RC-9010456928,DEATH_CLAIM,SETTLED,3,2,DEATH_PAID_IN_FULL,True,15021.38,20250224,3
010457537C,1,RC-9010457537,DEATH_CLAIM,SETTLED,3,2,DEATH_PAID_IN_FULL,True,8587.13,20230120,3
010457603C,1,RC-9010457603,DEATH_CLAIM,SETTLED,3,2,DEATH_PAID_IN_FULL,True,13665.39,20181008,3
010459164C,1,RC-9010459164,DEATH_CLAIM,SETTLED,3,2,DEATH_PAID_IN_FULL,True,4736.87,20180513,3
010459653C,1,RC-9010459653,DEATH_CLAIM,SETTLED,3,2,DEATH_PAID_IN_FULL,True,14964.19,20240313,3
010460652C,1,RC-9010460652,DEATH_CLAIM,SETTLED,3,2,DEATH_PAID_IN_FULL,True,9624.26,20190706,3
010461689C,1,RC-9010461689,DEATH_CLAIM,SETTLED,3,2,DEATH_PAID_IN_FULL,True,11969.89,20210923,3
010463161C,1,RC-9010463161,DEATH_CLAIM,SETTLED,3,2,DEATH_PAID_IN_FULL,True,27041.20,20220117,3
010464265C,1,RC-9010464265,DEATH_CLAIM,SETTLED,3,2,DEATH_PAID_IN_FULL,True,6878.30,20180624,3
010465451C,1,RC-9010465451,DEATH_CLAIM,SETTLED,3,2,DEATH_PAID_IN_FULL,True,23948.96,20201112,3
010466458C,1,RC-9010466458,DEATH_CLAIM,SETTLED,3,2,DEATH_PAID_IN_FULL,True,12956.86,20190511,3
010466702C,1,RC-9010466702,DEATH_CLAIM,SETTLED,3,2,DEATH_PAID_IN_FULL,True,8359.83,20200520,3
010467190C,1,RC-9010467190,DEATH_CLAIM,SETTLED,3,2,DEATH_PAID_IN_FULL,True,9460.75,20181119,3
010468946C,1,RC-9010468946,DEATH_CLAIM,SETTLED,3,2,DEATH_PAID_IN_FULL,True,17579.72,20220917,3
010469430C,1,RC-9010469430,DEATH_CLAIM,PAID,3,2,DEATH_PAID_IN_FULL,True,5528.53,20210830,3
010469430C,1,RC-9010469430,DEATH_CLAIM,PAID,3,2,DEATH_PAID_IN_FULL,True,5528.53,20211207,3
010469984C,1,RC-9010469984,DEATH_CLAIM,SETTLED,3,2,DEATH_PAID_IN_FULL,True,6814.95,20220117,3
010469985C,1,RC-9010469985,DEATH_CLAIM,SETTLED,3,2,DEATH_PAID_IN_FULL,True,38978.70,20190105,3
010474519C,1,RC-9010474519,DEATH_CLAIM,SETTLED,3,2,DEATH_PAID_IN_FULL,True,11388.47,20180423,3
010475850C,1,RC-9010475850,DEATH_CLAIM,SETTLED,3,2,DEATH_PAID_IN_FULL,True,4547.50,20180522,3
010479749C,1,RC-9010479749,DEATH_CLAIM,SETTLED,3,2,DEATH_PAID_IN_FULL,True,7738.62,20260105,3
010484821C,1,RC-9010484821,DEATH_CLAIM,SETTLED,3,2,DEATH_PAID_IN_FULL,True,5269.48,20190417,3
010489508C,1,RC-9010489508,DEATH_CLAIM,SETTLED,3,2,DEATH_PAID_IN_FULL,True,8630.11,20200127,3
010498260C,1,RC-9010498260,DEATH_CLAIM,SETTLED,3,2,DEATH_PAID_IN_FULL,True,4516.74,20240415,3
010499674C,1,RC-9010499674,DEATH_CLAIM,SETTLED,3,2,DEATH_PAID_IN_FULL,True,4884.37,20201002,3
010499702C,1,RC-9010499702,DEATH_CLAIM,SETTLED,3,2,DEATH_PAID_IN_FULL,True,14374.63,20220210,3
010501836C,1,RC-9010501836,DEATH_CLAIM,SETTLED,3,2,DEATH_PAID_IN_FULL,True,15025.27,20190107,3
010502820C,1,RC-9010502820,DEATH_CLAIM,SETTLED,3,2,DEATH_PAID_IN_FULL,True,15411.88,20241123,3
010511240C,1,RC-9010511240,DEATH_CLAIM,SETTLED,3,2,DEATH_PAID_IN_FULL,True,3554.91,20190528,3
010511355C,1,RC-9010511355,DEATH_CLAIM,SETTLED,3,2,DEATH_PAID_IN_FULL,True,6877.62,20190328,3
010515598C,1,RC-9010515598,DEATH_CLAIM,SETTLED,3,2,DEATH_PAID_IN_FULL,True,12082.75,20230214,3
010517231C,1,RC-9010517231,DEATH_CLAIM,SETTLED,3,2,DEATH_PAID_IN_FULL,True,8462.93,20250803,3
010518050C,1,RC-9010518050,DEATH_CLAIM,SETTLED,3,2,DEATH_PAID_IN_FULL,True,10724.81,20210514,3
010520217C,1,RC-9010520217,DEATH_CLAIM,SETTLED,3,2,DEATH_PAID_IN_FULL,True,14934.60,20221029,3
010526526C,1,RC-9010526526,DEATH_CLAIM,SETTLED,3,2,DEATH_PAID_IN_FULL,True,19182.38,20180906,3
010545196C,1,RC-9010545196,DEATH_CLAIM,SETTLED,3,2,DEATH_PAID_IN_FULL,True,3061.40,20230823,3
010548366C,1,RC-9010548366,DEATH_CLAIM,SETTLED,3,2,DEATH_PAID_IN_FULL,True,9661.42,20190404,3
010754964C,1,RC-9010754964,DEATH_CLAIM,PAID,3,2,DEATH_PAID_IN_FULL,True,11408.34,20200131,3
010764834C,1,RC-9010764834,DEATH_CLAIM,SETTLED,3,2,DEATH_PAID_IN_FULL,True,21154.84,20180326,3
010764834C,1,RC-9010764834,DEATH_CLAIM,PAID,3,2,DEATH_PAID_IN_FULL,True,21154.84,20180612,3
010768069C,1,RC-9010768069,DEATH_CLAIM,PAID,3,2,DEATH_PAID_IN_FULL,True,5012.72,20240415,3
010768069C,1,RC-9010768069,DEATH_CLAIM,PAID,3,2,DEATH_PAID_IN_FULL,True,5012.72,20240926,3
010778262C,1,RC-9010778262,DEATH_CLAIM,SETTLED,3,2,DEATH_PAID_IN_FULL,True,20127.92,20190222,3
010778262C,1,RC-9010778262,DEATH_CLAIM,PAID,3,2,DEATH_PAID_IN_FULL,True,20127.92,20190604,3
010780003C,1,RC-9010780003,DEATH_CLAIM,PAID,3,2,DEATH_PAID_IN_FULL,True,3264.29,20240620,3
010783502C,1,RC-9010783502,DEATH_CLAIM,SETTLED,3,2,DEATH_PAID_IN_FULL,True,14337.08,20210919,3
010783502C,1,RC-9010783502,DEATH_CLAIM,PAID,3,2,DEATH_PAID_IN_FULL,True,14337.08,20220131,3
010832681C,1,RC-9010832681,DEATH_CLAIM,SETTLED,3,2,DEATH_PAID_IN_FULL,True,21859.40,20220109,3
010832681C,1,RC-9010832681,DEATH_CLAIM,PAID,3,2,DEATH_PAID_IN_FULL,True,21859.40,20220401,3
010834719C,1,RC-9010834719,DEATH_CLAIM,SETTLED,3,2,DEATH_PAID_IN_FULL,True,227457.20,20180917,3
010836057C,1,RC-9010836057,DEATH_CLAIM,PAID,3,2,DEATH_PAID_IN_FULL,True,15911.66,20200325,3
010840780C,1,RC-9010840780,DEATH_CLAIM,PAID,3,2,DEATH_PAID_IN_FULL,True,2058.86,20241023,3
010841471C,1,RC-9010841471,DEATH_CLAIM,SETTLED,3,2,DEATH_PAID_IN_FULL,True,14630.48,20200221,3
010842291C,1,RC-9010842291,DEATH_CLAIM,PAID,3,2,DEATH_PAID_IN_FULL,True,18322.35,20211130,3
010846459C,1,RC-9010846459,DEATH_CLAIM,SETTLED,3,2,DEATH_PAID_IN_FULL,True,25798.12,20190222,3
010847570C,1,RC-9010847570,DEATH_CLAIM,PAID,3,2,DEATH_PAID_IN_FULL,True,57857.75,20220421,3
010894951C,1,RC-9010894951,DEATH_CLAIM,SETTLED,3,2,DEATH_PAID_IN_FULL,True,28885.74,20230427,3
010900144C,1,RC-9010900144,DEATH_CLAIM,SETTLED,3,2,DEATH_PAID_IN_FULL,True,12926.80,20230427,3
010905677C,1,RC-9010905677,DEATH_CLAIM,PAID,3,2,DEATH_PAID_IN_FULL,True,9257.44,20230405,3
010914301C,1,RC-9010914301,DEATH_CLAIM,PAID,3,2,DEATH_PAID_IN_FULL,True,25019.98,20220929,3
010936713C,1,RC-9010936713,DEATH_CLAIM,PAID,3,2,DEATH_PAID_IN_FULL,True,16765.71,20210415,3
010941103C,1,RC-9010941103,DEATH_CLAIM,PAID,3,2,DEATH_PAID_IN_FULL,True,15304.22,20221122,3
011000854C,1,RC-9011000854,DEATH_CLAIM,SETTLED,3,2,DEATH_PAID_IN_FULL,True,10952.58,20230214,3
011000854C,1,RC-9011000854,DEATH_CLAIM,SETTLED,3,2,DEATH_PAID_IN_FULL,True,10952.58,20230504,3
011040826C,1,RC-9011040826,DEATH_CLAIM,SETTLED,3,2,DEATH_PAID_IN_FULL,True,10797.79,20200323,3
011040826C,1,RC-9011040826,DEATH_CLAIM,PAID,3,2,DEATH_PAID_IN_FULL,True,10797.79,20201228,3
011101315C,1,RC-9011101315,DEATH_CLAIM,PAID,3,2,DEATH_PAID_IN_FULL,True,10080.36,20181220,3
011103062C,1,RC-9011103062,DEATH_CLAIM,SETTLED,3,2,DEATH_PAID_IN_FULL,True,5012.95,20191112,3
011104342C,1,RC-9011104342,DEATH_CLAIM,SETTLED,3,2,DEATH_PAID_IN_FULL,True,10417.84,20230613,3
011104342C,1,RC-9011104342,DEATH_CLAIM,PAID,3,2,DEATH_PAID_IN_FULL,True,10417.84,20240105,3
011115534C,1,RC-9011115534,DEATH_CLAIM,SETTLED,3,2,DEATH_PAID_IN_FULL,True,10000.00,20211119,3
011115534C,1,RC-9011115534,DEATH_CLAIM,PAID,3,2,DEATH_PAID_IN_FULL,True,5000.00,20220407,3
011133146C,1,RC-9011133146,DEATH_CLAIM,SETTLED,3,2,DEATH_PAID_IN_FULL,True,7402.45,20210122,3
011133146C,1,RC-9011133146,DEATH_CLAIM,PAID,3,2,DEATH_PAID_IN_FULL,True,7402.45,20220114,3
011140913C,1,RC-9011140913,DEATH_CLAIM,PAID,3,2,DEATH_PAID_IN_FULL,True,98.44,20191217,3
011156098C,1,RC-9011156098,DEATH_CLAIM,SETTLED,3,2,DEATH_PAID_IN_FULL,True,30000.00,20230213,3
011156098C,1,RC-9011156098,DEATH_CLAIM,PAID,3,2,DEATH_PAID_IN_FULL,True,15000.00,20231115,3
011162387C,1,RC-9011162387,DEATH_CLAIM,PAID,3,2,DEATH_PAID_IN_FULL,True,5080.76,20180710,3
011175626C,1,RC-9011175626,DEATH_CLAIM,SETTLED,3,2,DEATH_PAID_IN_FULL,True,20325.54,20180213,3
011181053C,1,RC-9011181053,DEATH_CLAIM,PAID,3,2,DEATH_PAID_IN_FULL,True,5061.86,20210216,3
011186904C,1,RC-9011186904,DEATH_CLAIM,SETTLED,3,2,DEATH_PAID_IN_FULL,True,14024.68,20200116,3
011186904C,1,RC-9011186904,DEATH_CLAIM,PAID,3,2,DEATH_PAID_IN_FULL,True,4007.04,20200422,3
011188426C,1,RC-9011188426,DEATH_CLAIM,PAID,3,2,DEATH_PAID_IN_FULL,True,1588.97,20230309,3
011191578C,1,RC-9011191578,DEATH_CLAIM,SETTLED,3,2,DEATH_PAID_IN_FULL,True,10460.20,20200531,3
011191578C,1,RC-9011191578,DEATH_CLAIM,PAID,3,2,DEATH_PAID_IN_FULL,True,5230.10,20201013,3
011193421C,1,RC-9011193421,DEATH_CLAIM,SETTLED,3,2,DEATH_PAID_IN_FULL,True,8104.82,20230824,3
011193421C,1,RC-9011193421,DEATH_CLAIM,PAID,3,2,DEATH_PAID_IN_FULL,True,8104.82,20231227,3
011194064C,1,RC-9011194064,DEATH_CLAIM,SETTLED,3,2,DEATH_PAID_IN_FULL,True,21277.76,20220314,3
011198532C,1,RC-9011198532,DEATH_CLAIM,SETTLED,3,2,DEATH_PAID_IN_FULL,True,5000.00,20220926,3
011198532C,1,RC-9011198532,DEATH_CLAIM,SETTLED,3,2,DEATH_PAID_IN_FULL,True,10000.00,20231115,3
011201621C,1,RC-9011201621,DEATH_CLAIM,SETTLED,3,2,DEATH_PAID_IN_FULL,True,25677.15,20201017,3
011212602C,1,RC-9011212602,DEATH_CLAIM,PAID,3,2,DEATH_PAID_IN_FULL,True,6077.68,20210119,3
011261439C,1,RC-9011261439,DEATH_CLAIM,PAID,3,2,DEATH_PAID_IN_FULL,True,25177.83,20240529,3
011261618C,1,RC-9011261618,DEATH_CLAIM,SETTLED,3,2,DEATH_PAID_IN_FULL,True,10282.66,20210924,3
011261618C,1,RC-9011261618,DEATH_CLAIM,PAID,3,2,DEATH_PAID_IN_FULL,True,10282.66,20220316,3
01142D978C,1,RC-901142D978,DEATH_CLAIM,PAID,3,2,DEATH_PAID_IN_FULL,True,3136.10,20251023,3
01185D536C,1,RC-901185D536,DEATH_CLAIM,PAID,3,2,DEATH_PAID_IN_FULL,True,1058.82,20251023,3
   014048C,1,RC-9014048-1-,DEATH_CLAIM,PAID,3,2,DEATH_PAID_IN_FULL,True,1190.01,20051003,3
  014098AC,1,RC-9014098A-1,DEATH_CLAIM,SETTLED,3,2,DEATH_PAID_IN_FULL,True,598.94,20210907,3
  014100BC,1,RC-9014100B-1,DEATH_CLAIM,SETTLED,3,2,DEATH_PAID_IN_FULL,True,503.44,20181223,3
   014130C,1,RC-9014130-1-,DEATH_CLAIM,SETTLED,3,2,DEATH_PAID_IN_FULL,True,502.00,20180825,3
015000602C,1,RC-9015000602,DEATH_CLAIM,SETTLED,3,2,DEATH_PAID_IN_FULL,True,7513.69,20200720,3
  018236CC,1,RC-9018236C-1,DEATH_CLAIM,SETTLED,3,2,DEATH_PAID_IN_FULL,True,868.14,20230202,3
  018237DC,1,RC-9018237D-1,DEATH_CLAIM,SETTLED,3,2,DEATH_PAID_IN_FULL,True,320.00,20211005,3
  018284AC,1,RC-9018284A-1,DEATH_CLAIM,SETTLED,3,2,DEATH_PAID_IN_FULL,True,2368.20,20250828,3
  018465DC,1,RC-9018465D-1,DEATH_CLAIM,SETTLED,3,2,DEATH_PAID_IN_FULL,True,1738.81,20240816,3
  018495AC,1,RC-9018495A-1,DEATH_CLAIM,SETTLED,3,2,DEATH_PAID_IN_FULL,True,349.04,20180414,3
   018907C,1,RC-9018907-1-,DEATH_CLAIM,SETTLED,3,2,DEATH_PAID_IN_FULL,True,365.76,20191113,3
   018910C,1,RC-9018910-1-,DEATH_CLAIM,SETTLED,3,2,DEATH_PAID_IN_FULL,True,318.10,20240305,3
 01FG8563C,1,RC-901FG8563-,DEATH_CLAIM,PAID,3,2,DEATH_PAID_IN_FULL,True,1379.88,20240123,3
 01ML4096C,1,RC-901ML4096-,DEATH_CLAIM,SETTLED,3,2,DEATH_PAID_IN_FULL,True,1164.76,20251201,3
 01ML4134C,1,RC-901ML4134-,DEATH_CLAIM,SETTLED,3,2,DEATH_PAID_IN_FULL,True,1131.19,20200523,3
 01ML8123C,1,RC-901ML8123-,DEATH_CLAIM,SETTLED,3,2,DEATH_PAID_IN_FULL,True,1113.49,20220623,3
 01ML8151C,1,RC-901ML8151-,DEATH_CLAIM,SETTLED,3,2,DEATH_PAID_IN_FULL,True,1113.88,20220401,3
 01ML8209C,1,RC-901ML8209-,DEATH_CLAIM,PAID,3,2,DEATH_PAID_IN_FULL,True,1535.17,20240529,3
 01ML8211C,1,RC-901ML8211-,DEATH_CLAIM,SETTLED,3,2,DEATH_PAID_IN_FULL,True,1022.24,20200807,3
 01ML8250C,1,RC-901ML8250-,DEATH_CLAIM,PAID,3,2,DEATH_PAID_IN_FULL,True,1025.58,20250814,3
 01ML8367C,1,RC-901ML8367-,DEATH_CLAIM,PAID,3,2,DEATH_PAID_IN_FULL,True,908.20,20181006,3
 01ML8438C,1,RC-901ML8438-,DEATH_CLAIM,PAID,3,2,DEATH_PAID_IN_FULL,True,129.61,20231031,3
 01ML8487C,1,RC-901ML8487-,DEATH_CLAIM,PAID,3,2,DEATH_PAID_IN_FULL,True,1162.23,20240403,3
 01ML8791C,1,RC-901ML8791-,DEATH_CLAIM,SETTLED,3,2,DEATH_PAID_IN_FULL,True,4212.82,20230526,3
 01ML8804C,1,RC-901ML8804-,DEATH_CLAIM,PAID,3,2,DEATH_PAID_IN_FULL,True,1400.02,20250903,3
011219517C,1,RC-9011219517,SURRENDER_CLAIM,FUNDED,1,99,FAMILY_SURRENDER_BUCKET,True,12828.75,,1
010831893C,1,RC-9010831893,SURRENDER_CLAIM,FUNDED,1,99,FAMILY_SURRENDER_BUCKET,True,9874.47,,1
010784249C,1,RC-9010784249,SURRENDER_CLAIM,FUNDED,1,99,FAMILY_SURRENDER_BUCKET,True,9831.44,,1
010738539C,1,RC-9010738539,SURRENDER_CLAIM,FUNDED,1,99,FAMILY_SURRENDER_BUCKET,True,9797.64,,1
011215903C,1,RC-9011215903,SURRENDER_CLAIM,FUNDED,1,99,FAMILY_SURRENDER_BUCKET,True,9796.69,,1
010763012C,1,RC-9010763012,SURRENDER_CLAIM,FUNDED,1,99,FAMILY_SURRENDER_BUCKET,True,9762.45,,1
010894754C,1,RC-9010894754,SURRENDER_CLAIM,FUNDED,1,99,FAMILY_SURRENDER_BUCKET,True,9756.02,,1
010845880C,1,RC-9010845880,SURRENDER_CLAIM,FUNDED,1,99,FAMILY_SURRENDER_BUCKET,True,9743.98,,1
011217615C,1,RC-9011217615,SURRENDER_CLAIM,FUNDED,1,99,FAMILY_SURRENDER_BUCKET,True,9665.07,,1
010917231C,1,RC-9010917231,SURRENDER_CLAIM,FUNDED,1,99,FAMILY_SURRENDER_BUCKET,True,9643.63,,1
010825027C,1,RC-9010825027,SURRENDER_CLAIM,FUNDED,1,99,FAMILY_SURRENDER_BUCKET,True,9569.82,,1
010385636C,1,RC-9010385636,SURRENDER_CLAIM,FUNDED,1,99,FAMILY_SURRENDER_BUCKET,True,10108.84,,1
010822738C,1,RC-9010822738,SURRENDER_CLAIM,FUNDED,1,99,FAMILY_SURRENDER_BUCKET,True,9539.65,,1
010469081C,1,RC-9010469081,SURRENDER_CLAIM,FUNDED,1,99,FAMILY_SURRENDER_BUCKET,False,9722.80,,1
010851847C,1,RC-9010851847,SURRENDER_CLAIM,FUNDED,1,99,FAMILY_SURRENDER_BUCKET,True,9493.22,,1
010867974C,1,RC-9010867974,SURRENDER_CLAIM,FUNDED,1,99,FAMILY_SURRENDER_BUCKET,True,9444.70,,1
010803680C,1,RC-9010803680,SURRENDER_CLAIM,FUNDED,1,99,FAMILY_SURRENDER_BUCKET,True,9385.57,,1
010804488C,1,RC-9010804488,SURRENDER_CLAIM,FUNDED,1,99,FAMILY_SURRENDER_BUCKET,True,9368.23,,1
010458744C,1,RC-9010458744,SURRENDER_CLAIM,FUNDED,1,99,FAMILY_SURRENDER_BUCKET,True,9328.59,,1
010773267C,1,RC-9010773267,SURRENDER_CLAIM,FUNDED,1,99,FAMILY_SURRENDER_BUCKET,True,9174.38,,1
011010387C,1,RC-9011010387,SURRENDER_CLAIM,FUNDED,1,99,FAMILY_SURRENDER_BUCKET,True,9167.94,,1
010975741C,1,RC-9010975741,SURRENDER_CLAIM,FUNDED,1,99,FAMILY_SURRENDER_BUCKET,True,9160.22,,1
010393931C,1,RC-9010393931,SURRENDER_CLAIM,FUNDED,1,99,FAMILY_SURRENDER_BUCKET,True,9141.86,,1
010856925C,1,RC-9010856925,SURRENDER_CLAIM,FUNDED,1,99,FAMILY_SURRENDER_BUCKET,True,9133.44,,1
010759529C,1,RC-9010759529,SURRENDER_CLAIM,FUNDED,1,99,FAMILY_SURRENDER_BUCKET,True,9116.08,,1
010872329C,1,RC-9010872329,SURRENDER_CLAIM,FUNDED,1,99,FAMILY_SURRENDER_BUCKET,True,9069.51,,1
010746424C,1,RC-9010746424,SURRENDER_CLAIM,FUNDED,1,99,FAMILY_SURRENDER_BUCKET,True,8946.50,,1
010810539C,1,RC-9010810539,SURRENDER_CLAIM,FUNDED,1,99,FAMILY_SURRENDER_BUCKET,True,8945.20,,1
011065199C,1,RC-9011065199,SURRENDER_CLAIM,FUNDED,1,99,FAMILY_SURRENDER_BUCKET,True,8874.99,,1
010795699C,1,RC-9010795699,SURRENDER_CLAIM,FUNDED,1,99,FAMILY_SURRENDER_BUCKET,True,8852.80,,1
010749459C,1,RC-9010749459,SURRENDER_CLAIM,FUNDED,1,99,FAMILY_SURRENDER_BUCKET,True,8783.33,,1
011204579C,1,RC-9011204579,SURRENDER_CLAIM,FUNDED,1,99,FAMILY_SURRENDER_BUCKET,True,8782.90,,1
011197647C,1,RC-9011197647,SURRENDER_CLAIM,FUNDED,1,99,FAMILY_SURRENDER_BUCKET,True,8772.68,,1
011035652C,1,RC-9011035652,SURRENDER_CLAIM,FUNDED,1,99,FAMILY_SURRENDER_BUCKET,True,8756.09,,1
011053076C,1,RC-9011053076,SURRENDER_CLAIM,FUNDED,1,99,FAMILY_SURRENDER_BUCKET,True,8704.83,,1
011256689C,1,RC-9011256689,SURRENDER_CLAIM,FUNDED,1,99,FAMILY_SURRENDER_BUCKET,True,8703.59,,1
011018779C,1,RC-9011018779,SURRENDER_CLAIM,FUNDED,1,99,FAMILY_SURRENDER_BUCKET,True,8615.31,,1
010782022C,1,RC-9010782022,SURRENDER_CLAIM,FUNDED,1,99,FAMILY_SURRENDER_BUCKET,True,8614.03,,1
010858396C,1,RC-9010858396,SURRENDER_CLAIM,FUNDED,1,99,FAMILY_SURRENDER_BUCKET,True,8607.68,,1
011209916C,1,RC-9011209916,SURRENDER_CLAIM,FUNDED,1,99,FAMILY_SURRENDER_BUCKET,True,8664.15,,1
010822046C,1,RC-9010822046,SURRENDER_CLAIM,FUNDED,1,99,FAMILY_SURRENDER_BUCKET,True,8508.35,,1
010823095C,1,RC-9010823095,SURRENDER_CLAIM,FUNDED,1,99,FAMILY_SURRENDER_BUCKET,True,8495.80,,1
011269468C,1,RC-9011269468,SURRENDER_CLAIM,FUNDED,1,99,FAMILY_SURRENDER_BUCKET,True,8475.04,,1
010782192C,1,RC-9010782192,SURRENDER_CLAIM,FUNDED,1,99,FAMILY_SURRENDER_BUCKET,True,8414.04,,1
011085375C,1,RC-9011085375,SURRENDER_CLAIM,FUNDED,1,99,FAMILY_SURRENDER_BUCKET,True,8390.57,,1
011154852C,1,RC-9011154852,SURRENDER_CLAIM,FUNDED,1,99,FAMILY_SURRENDER_BUCKET,True,8342.40,,1
011200196C,1,RC-9011200196,SURRENDER_CLAIM,FUNDED,1,99,FAMILY_SURRENDER_BUCKET,True,7400.00,,1
010397583C,1,RC-9010397583,SURRENDER_CLAIM,FUNDED,1,99,FAMILY_SURRENDER_BUCKET,True,8297.02,,1
010760942C,1,RC-9010760942,SURRENDER_CLAIM,FUNDED,1,99,FAMILY_SURRENDER_BUCKET,True,8284.34,,1
010389802C,1,RC-9010389802,SURRENDER_CLAIM,FUNDED,1,99,FAMILY_SURRENDER_BUCKET,True,8178.76,,1
010392138C,1,RC-9010392138,SURRENDER_CLAIM,FUNDED,1,99,FAMILY_SURRENDER_BUCKET,True,8571.23,,1
011005435C,1,RC-9011005435,SURRENDER_CLAIM,FUNDED,1,99,FAMILY_SURRENDER_BUCKET,True,8103.33,,1
010768209C,1,RC-9010768209,SURRENDER_CLAIM,FUNDED,1,99,FAMILY_SURRENDER_BUCKET,True,8070.88,,1
011054606C,1,RC-9011054606,SURRENDER_CLAIM,FUNDED,1,99,FAMILY_SURRENDER_BUCKET,True,8049.52,,1
010897664C,1,RC-9010897664,SURRENDER_CLAIM,FUNDED,1,99,FAMILY_SURRENDER_BUCKET,True,8049.23,,1
010842962C,1,RC-9010842962,SURRENDER_CLAIM,FUNDED,1,99,FAMILY_SURRENDER_BUCKET,True,8022.84,,1
011180927C,1,RC-9011180927,SURRENDER_CLAIM,FUNDED,1,99,FAMILY_SURRENDER_BUCKET,True,7975.00,,1
010927552C,1,RC-9010927552,SURRENDER_CLAIM,FUNDED,1,99,FAMILY_SURRENDER_BUCKET,True,7894.91,,1
010864474C,1,RC-9010864474,SURRENDER_CLAIM,FUNDED,1,99,FAMILY_SURRENDER_BUCKET,True,7860.00,,1
011057904C,1,RC-9011057904,SURRENDER_CLAIM,FUNDED,1,99,FAMILY_SURRENDER_BUCKET,True,7845.83,,1
010985597C,1,RC-9010985597,SURRENDER_CLAIM,FUNDED,1,99,FAMILY_SURRENDER_BUCKET,True,7825.87,,1
010471769C,1,RC-9010471769,SURRENDER_CLAIM,FUNDED,1,99,FAMILY_SURRENDER_BUCKET,True,7815.88,,1
010824389C,1,RC-9010824389,SURRENDER_CLAIM,FUNDED,1,99,FAMILY_SURRENDER_BUCKET,True,7764.92,,1
010806412C,1,RC-9010806412,SURRENDER_CLAIM,FUNDED,1,99,FAMILY_SURRENDER_BUCKET,True,7735.45,,1
010829942C,1,RC-9010829942,SURRENDER_CLAIM,FUNDED,1,99,FAMILY_SURRENDER_BUCKET,True,7733.11,,1
010872326C,1,RC-9010872326,SURRENDER_CLAIM,FUNDED,1,99,FAMILY_SURRENDER_BUCKET,True,7690.93,,1
011214338C,1,RC-9011214338,SURRENDER_CLAIM,FUNDED,1,99,FAMILY_SURRENDER_BUCKET,True,7688.08,,1
010965984C,1,RC-9010965984,SURRENDER_CLAIM,FUNDED,1,99,FAMILY_SURRENDER_BUCKET,True,7667.78,,1
010773856C,1,RC-9010773856,SURRENDER_CLAIM,FUNDED,1,99,FAMILY_SURRENDER_BUCKET,True,7656.66,,1
010749042C,1,RC-9010749042,SURRENDER_CLAIM,FUNDED,1,99,FAMILY_SURRENDER_BUCKET,True,7591.42,,1
011194498C,1,RC-9011194498,SURRENDER_CLAIM,FUNDED,1,99,FAMILY_SURRENDER_BUCKET,True,7580.75,,1
010768208C,1,RC-9010768208,SURRENDER_CLAIM,FUNDED,1,99,FAMILY_SURRENDER_BUCKET,True,7571.52,,1
010761870C,1,RC-9010761870,SURRENDER_CLAIM,FUNDED,1,99,FAMILY_SURRENDER_BUCKET,True,7565.83,,1
010469896C,1,RC-9010469896,SURRENDER_CLAIM,FUNDED,1,99,FAMILY_SURRENDER_BUCKET,True,7560.34,,1
010836094C,1,RC-9010836094,SURRENDER_CLAIM,FUNDED,1,99,FAMILY_SURRENDER_BUCKET,True,7547.54,,1
010434424C,1,RC-9010434424,SURRENDER_CLAIM,FUNDED,1,99,FAMILY_SURRENDER_BUCKET,True,7511.87,,1
010784248C,1,RC-9010784248,SURRENDER_CLAIM,FUNDED,1,99,FAMILY_SURRENDER_BUCKET,True,7483.45,,1
011038065C,1,RC-9011038065,SURRENDER_CLAIM,FUNDED,1,99,FAMILY_SURRENDER_BUCKET,True,7471.89,,1
011067441C,1,RC-9011067441,SURRENDER_CLAIM,FUNDED,1,99,FAMILY_SURRENDER_BUCKET,True,7463.36,,1
010426747C,1,RC-9010426747,SURRENDER_CLAIM,FUNDED,1,99,FAMILY_SURRENDER_BUCKET,True,7665.07,,1
010379405C,1,RC-9010379405,SURRENDER_CLAIM,FUNDED,1,99,FAMILY_SURRENDER_BUCKET,True,7437.83,,1
010849667C,1,RC-9010849667,SURRENDER_CLAIM,FUNDED,1,99,FAMILY_SURRENDER_BUCKET,True,7416.20,,1
010795565C,1,RC-9010795565,SURRENDER_CLAIM,FUNDED,1,99,FAMILY_SURRENDER_BUCKET,True,7415.56,,1
010762331C,1,RC-9010762331,SURRENDER_CLAIM,FUNDED,1,99,FAMILY_SURRENDER_BUCKET,True,7404.00,,1
010827968C,1,RC-9010827968,SURRENDER_CLAIM,FUNDED,1,99,FAMILY_SURRENDER_BUCKET,True,7364.83,,1
010900154C,1,RC-9010900154,SURRENDER_CLAIM,FUNDED,1,99,FAMILY_SURRENDER_BUCKET,True,7344.66,,1
010836584C,1,RC-9010836584,SURRENDER_CLAIM,FUNDED,1,99,FAMILY_SURRENDER_BUCKET,True,7335.94,,1
010824299C,1,RC-9010824299,SURRENDER_CLAIM,FUNDED,1,99,FAMILY_SURRENDER_BUCKET,True,7325.91,,1
010752513C,1,RC-9010752513,SURRENDER_CLAIM,FUNDED,1,99,FAMILY_SURRENDER_BUCKET,True,7278.71,,1
010466470C,1,RC-9010466470,SURRENDER_CLAIM,FUNDED,1,99,FAMILY_SURRENDER_BUCKET,True,7275.38,,1
010782818C,1,RC-9010782818,SURRENDER_CLAIM,FUNDED,1,99,FAMILY_SURRENDER_BUCKET,True,7220.08,,1
010961712C,1,RC-9010961712,SURRENDER_CLAIM,FUNDED,1,99,FAMILY_SURRENDER_BUCKET,True,7202.39,,1
010803682C,1,RC-9010803682,SURRENDER_CLAIM,FUNDED,1,99,FAMILY_SURRENDER_BUCKET,True,7200.29,,1
010402061C,1,RC-9010402061,SURRENDER_CLAIM,FUNDED,1,99,FAMILY_SURRENDER_BUCKET,True,7197.72,,1
011112366C,1,RC-9011112366,SURRENDER_CLAIM,FUNDED,1,99,FAMILY_SURRENDER_BUCKET,True,7197.32,,1
010928497C,1,RC-9010928497,SURRENDER_CLAIM,FUNDED,1,99,FAMILY_SURRENDER_BUCKET,True,7187.16,,1
010776027C,1,RC-9010776027,SURRENDER_CLAIM,FUNDED,1,99,FAMILY_SURRENDER_BUCKET,True,71843.33,,1
010946392C,1,RC-9010946392,SURRENDER_CLAIM,FUNDED,1,99,FAMILY_SURRENDER_BUCKET,True,7170.64,,1
011189913C,1,RC-9011189913,SURRENDER_CLAIM,FUNDED,1,99,FAMILY_SURRENDER_BUCKET,True,7108.49,,1
010826812C,1,RC-9010826812,SURRENDER_CLAIM,FUNDED,1,99,FAMILY_SURRENDER_BUCKET,True,7073.61,,1
011135494C,1,RC-9011135494,SURRENDER_CLAIM,FUNDED,1,99,FAMILY_SURRENDER_BUCKET,True,7180.00,,1
011104572C,1,RC-9011104572,SURRENDER_CLAIM,FUNDED,1,99,FAMILY_SURRENDER_BUCKET,True,7038.63,,1
010913551C,1,RC-9010913551,SURRENDER_CLAIM,FUNDED,1,99,FAMILY_SURRENDER_BUCKET,True,7026.66,,1
010812930C,1,RC-9010812930,SURRENDER_CLAIM,FUNDED,1,99,FAMILY_SURRENDER_BUCKET,True,6988.26,,1
011081967C,1,RC-9011081967,SURRENDER_CLAIM,FUNDED,1,99,FAMILY_SURRENDER_BUCKET,True,6986.51,,1
010473866C,1,RC-9010473866,SURRENDER_CLAIM,FUNDED,1,99,FAMILY_SURRENDER_BUCKET,True,6898.95,,1
011189325C,1,RC-9011189325,SURRENDER_CLAIM,FUNDED,1,99,FAMILY_SURRENDER_BUCKET,True,6893.77,,1
010798462C,1,RC-9010798462,SURRENDER_CLAIM,FUNDED,1,99,FAMILY_SURRENDER_BUCKET,True,6806.60,,1
011067789C,1,RC-9011067789,SURRENDER_CLAIM,FUNDED,1,99,FAMILY_SURRENDER_BUCKET,True,6765.87,,1
010872105C,1,RC-9010872105,SURRENDER_CLAIM,FUNDED,1,99,FAMILY_SURRENDER_BUCKET,True,6764.38,,1
011251166C,1,RC-9011251166,SURRENDER_CLAIM,FUNDED,1,99,FAMILY_SURRENDER_BUCKET,False,7519.00,,1
010779912C,1,RC-9010779912,SURRENDER_CLAIM,FUNDED,1,99,FAMILY_SURRENDER_BUCKET,True,6702.57,,1
010750755C,1,RC-9010750755,SURRENDER_CLAIM,FUNDED,1,99,FAMILY_SURRENDER_BUCKET,True,6701.26,,1
010804854C,1,RC-9010804854,SURRENDER_CLAIM,FUNDED,1,99,FAMILY_SURRENDER_BUCKET,True,6685.48,,1
010832617C,1,RC-9010832617,SURRENDER_CLAIM,FUNDED,1,99,FAMILY_SURRENDER_BUCKET,True,6671.56,,1
010825434C,1,RC-9010825434,SURRENDER_CLAIM,FUNDED,1,99,FAMILY_SURRENDER_BUCKET,True,6602.20,,1
010823736C,1,RC-9010823736,SURRENDER_CLAIM,FUNDED,1,99,FAMILY_SURRENDER_BUCKET,True,6561.96,,1
011201953C,1,RC-9011201953,SURRENDER_CLAIM,FUNDED,1,99,FAMILY_SURRENDER_BUCKET,True,6489.64,,1
011283014C,1,RC-9011283014,SURRENDER_CLAIM,FUNDED,1,99,FAMILY_SURRENDER_BUCKET,True,6471.02,,1
011030877C,1,RC-9011030877,SURRENDER_CLAIM,FUNDED,1,99,FAMILY_SURRENDER_BUCKET,True,6432.05,,1
010795609C,1,RC-9010795609,SURRENDER_CLAIM,FUNDED,1,99,FAMILY_SURRENDER_BUCKET,True,6414.53,,1
010809353C,1,RC-9010809353,SURRENDER_CLAIM,FUNDED,1,99,FAMILY_SURRENDER_BUCKET,True,6407.38,,1
010730647C,1,RC-9010730647,SURRENDER_CLAIM,FUNDED,1,99,FAMILY_SURRENDER_BUCKET,True,6376.44,,1
011275502C,1,RC-9011275502,SURRENDER_CLAIM,FUNDED,1,99,FAMILY_SURRENDER_BUCKET,True,6289.83,,1
010938962C,1,RC-9010938962,SURRENDER_CLAIM,FUNDED,1,99,FAMILY_SURRENDER_BUCKET,True,6279.50,,1
011041480C,1,RC-9011041480,SURRENDER_CLAIM,FUNDED,1,99,FAMILY_SURRENDER_BUCKET,True,6269.63,,1
010838037C,1,RC-9010838037,SURRENDER_CLAIM,FUNDED,1,99,FAMILY_SURRENDER_BUCKET,True,6241.08,,1
010858587C,1,RC-9010858587,SURRENDER_CLAIM,FUNDED,1,99,FAMILY_SURRENDER_BUCKET,True,6213.68,,1
010736738C,1,RC-9010736738,SURRENDER_CLAIM,FUNDED,1,99,FAMILY_SURRENDER_BUCKET,True,6180.77,,1
010796464C,1,RC-9010796464,SURRENDER_CLAIM,FUNDED,1,99,FAMILY_SURRENDER_BUCKET,True,6179.99,,1
011197288C,1,RC-9011197288,SURRENDER_CLAIM,FUNDED,1,99,FAMILY_SURRENDER_BUCKET,True,6114.40,,1
010762332C,1,RC-9010762332,SURRENDER_CLAIM,FUNDED,1,99,FAMILY_SURRENDER_BUCKET,True,6110.28,,1
010801178C,1,RC-9010801178,SURRENDER_CLAIM,FUNDED,1,99,FAMILY_SURRENDER_BUCKET,True,6106.91,,1
010395761C,1,RC-9010395761,SURRENDER_CLAIM,FUNDED,1,99,FAMILY_SURRENDER_BUCKET,True,6090.16,,1
011190516C,1,RC-9011190516,SURRENDER_CLAIM,FUNDED,1,99,FAMILY_SURRENDER_BUCKET,True,6083.33,,1
011096068C,1,RC-9011096068,SURRENDER_CLAIM,FUNDED,1,99,FAMILY_SURRENDER_BUCKET,True,6277.53,,1
010868189C,1,RC-9010868189,SURRENDER_CLAIM,FUNDED,1,99,FAMILY_SURRENDER_BUCKET,True,6003.58,,1
010792705C,1,RC-9010792705,SURRENDER_CLAIM,FUNDED,1,99,FAMILY_SURRENDER_BUCKET,True,6000.18,,1
010819267C,1,RC-9010819267,SURRENDER_CLAIM,FUNDED,1,99,FAMILY_SURRENDER_BUCKET,True,5978.28,,1
010904798C,1,RC-9010904798,SURRENDER_CLAIM,FUNDED,1,99,FAMILY_SURRENDER_BUCKET,True,5944.72,,1
011110968C,1,RC-9011110968,SURRENDER_CLAIM,FUNDED,1,99,FAMILY_SURRENDER_BUCKET,True,59297.11,,1
010413745C,1,RC-9010413745,SURRENDER_CLAIM,FUNDED,1,99,FAMILY_SURRENDER_BUCKET,True,5928.52,,1
011014578C,1,RC-9011014578,SURRENDER_CLAIM,FUNDED,1,99,FAMILY_SURRENDER_BUCKET,True,5869.37,,1
010849122C,1,RC-9010849122,SURRENDER_CLAIM,FUNDED,1,99,FAMILY_SURRENDER_BUCKET,True,5864.32,,1
010728696C,1,RC-9010728696,SURRENDER_CLAIM,FUNDED,1,99,FAMILY_SURRENDER_BUCKET,True,5862.29,,1
010750754C,1,RC-9010750754,SURRENDER_CLAIM,FUNDED,1,99,FAMILY_SURRENDER_BUCKET,True,5838.58,,1
010893160C,1,RC-9010893160,SURRENDER_CLAIM,FUNDED,1,99,FAMILY_SURRENDER_BUCKET,True,5831.00,,1
010474522C,1,RC-9010474522,SURRENDER_CLAIM,FUNDED,1,99,FAMILY_SURRENDER_BUCKET,True,7707.09,,1
011076209C,1,RC-9011076209,SURRENDER_CLAIM,FUNDED,1,99,FAMILY_SURRENDER_BUCKET,True,5771.15,,1
010764385C,1,RC-9010764385,SURRENDER_CLAIM,FUNDED,1,99,FAMILY_SURRENDER_BUCKET,True,5764.56,,1
011255947C,1,RC-9011255947,SURRENDER_CLAIM,FUNDED,1,99,FAMILY_SURRENDER_BUCKET,True,5760.78,,1
011074898C,1,RC-9011074898,SURRENDER_CLAIM,FUNDED,1,99,FAMILY_SURRENDER_BUCKET,True,5725.00,,1
011116003C,1,RC-9011116003,SURRENDER_CLAIM,FUNDED,1,99,FAMILY_SURRENDER_BUCKET,True,5708.33,,1
011206410C,1,RC-9011206410,SURRENDER_CLAIM,FUNDED,1,99,FAMILY_SURRENDER_BUCKET,True,5868.49,,1
010722345C,1,RC-9010722345,SURRENDER_CLAIM,FUNDED,1,99,FAMILY_SURRENDER_BUCKET,True,56660.67,,1
011199974C,1,RC-9011199974,SURRENDER_CLAIM,FUNDED,1,99,FAMILY_SURRENDER_BUCKET,True,5666.85,,1
010831719C,1,RC-9010831719,SURRENDER_CLAIM,FUNDED,1,99,FAMILY_SURRENDER_BUCKET,True,5616.35,,1
011199612C,1,RC-9011199612,SURRENDER_CLAIM,FUNDED,1,99,FAMILY_SURRENDER_BUCKET,True,5598.63,,1
010908069C,1,RC-9010908069,SURRENDER_CLAIM,FUNDED,1,99,FAMILY_SURRENDER_BUCKET,True,5581.21,,1
011074929C,1,RC-9011074929,SURRENDER_CLAIM,FUNDED,1,99,FAMILY_SURRENDER_BUCKET,True,5534.08,,1
011081966C,1,RC-9011081966,SURRENDER_CLAIM,FUNDED,1,99,FAMILY_SURRENDER_BUCKET,True,5520.44,,1
010844236C,1,RC-9010844236,SURRENDER_CLAIM,FUNDED,1,99,FAMILY_SURRENDER_BUCKET,True,5487.27,,1
011230767C,1,RC-9011230767,SURRENDER_CLAIM,FUNDED,1,99,FAMILY_SURRENDER_BUCKET,True,8360.25,,1
011104064C,1,RC-9011104064,SURRENDER_CLAIM,FUNDED,1,99,FAMILY_SURRENDER_BUCKET,True,5454.08,,1
011222584C,1,RC-9011222584,SURRENDER_CLAIM,FUNDED,1,99,FAMILY_SURRENDER_BUCKET,True,5432.07,,1
010477989C,1,RC-9010477989,SURRENDER_CLAIM,FUNDED,1,99,FAMILY_SURRENDER_BUCKET,True,5510.57,,1
010824975C,1,RC-9010824975,SURRENDER_CLAIM,FUNDED,1,99,FAMILY_SURRENDER_BUCKET,True,5409.67,,1
010974048C,1,RC-9010974048,SURRENDER_CLAIM,FUNDED,1,99,FAMILY_SURRENDER_BUCKET,True,5372.21,,1
011196513C,1,RC-9011196513,SURRENDER_CLAIM,FUNDED,1,99,FAMILY_SURRENDER_BUCKET,True,5346.89,,1
010422033C,1,RC-9010422033,SURRENDER_CLAIM,FUNDED,1,99,FAMILY_SURRENDER_BUCKET,True,5451.50,,1
010429711C,1,RC-9010429711,SURRENDER_CLAIM,FUNDED,1,99,FAMILY_SURRENDER_BUCKET,True,5347.75,,1
010741234C,1,RC-9010741234,SURRENDER_CLAIM,FUNDED,1,99,FAMILY_SURRENDER_BUCKET,True,5310.41,,1
010787762C,1,RC-9010787762,SURRENDER_CLAIM,FUNDED,1,99,FAMILY_SURRENDER_BUCKET,True,5216.67,,1
010746005C,1,RC-9010746005,SURRENDER_CLAIM,FUNDED,1,99,FAMILY_SURRENDER_BUCKET,True,5195.45,,1
010402060C,1,RC-9010402060,SURRENDER_CLAIM,FUNDED,1,99,FAMILY_SURRENDER_BUCKET,True,5178.89,,1
010926347C,1,RC-9010926347,SURRENDER_CLAIM,FUNDED,1,99,FAMILY_SURRENDER_BUCKET,True,5176.05,,1
011261602C,1,RC-9011261602,SURRENDER_CLAIM,FUNDED,1,99,FAMILY_SURRENDER_BUCKET,True,5166.17,,1
011250929C,1,RC-9011250929,SURRENDER_CLAIM,FUNDED,1,99,FAMILY_SURRENDER_BUCKET,True,5163.15,,1
010900620C,1,RC-9010900620,SURRENDER_CLAIM,FUNDED,1,99,FAMILY_SURRENDER_BUCKET,True,5129.94,,1
010400462C,1,RC-9010400462,SURRENDER_CLAIM,FUNDED,1,99,FAMILY_SURRENDER_BUCKET,True,5359.90,,1
010792706C,1,RC-9010792706,SURRENDER_CLAIM,FUNDED,1,99,FAMILY_SURRENDER_BUCKET,True,5117.68,,1
010900512C,1,RC-9010900512,SURRENDER_CLAIM,FUNDED,1,99,FAMILY_SURRENDER_BUCKET,True,5062.44,,1
010785921C,1,RC-9010785921,SURRENDER_CLAIM,FUNDED,1,99,FAMILY_SURRENDER_BUCKET,True,5053.12,,1
010810912C,1,RC-9010810912,SURRENDER_CLAIM,FUNDED,1,99,FAMILY_SURRENDER_BUCKET,True,5044.23,,1
010996999C,1,RC-9010996999,SURRENDER_CLAIM,FUNDED,1,99,FAMILY_SURRENDER_BUCKET,True,5023.70,,1
010802494C,1,RC-9010802494,SURRENDER_CLAIM,FUNDED,1,99,FAMILY_SURRENDER_BUCKET,True,5000.00,,1
010412640C,1,RC-9010412640,SURRENDER_CLAIM,FUNDED,1,99,FAMILY_SURRENDER_BUCKET,True,4986.15,,1
011192476C,1,RC-9011192476,SURRENDER_CLAIM,FUNDED,1,99,FAMILY_SURRENDER_BUCKET,True,4972.47,,1
011007835C,1,RC-9011007835,SURRENDER_CLAIM,FUNDED,1,99,FAMILY_SURRENDER_BUCKET,True,4929.30,,1
010381745C,1,RC-9010381745,SURRENDER_CLAIM,FUNDED,1,99,FAMILY_SURRENDER_BUCKET,True,5648.21,,1
010761554C,1,RC-9010761554,SURRENDER_CLAIM,FUNDED,1,99,FAMILY_SURRENDER_BUCKET,True,4900.42,,1
010792037C,1,RC-9010792037,SURRENDER_CLAIM,FUNDED,1,99,FAMILY_SURRENDER_BUCKET,True,4891.25,,1
011001743C,1,RC-9011001743,SURRENDER_CLAIM,FUNDED,1,99,FAMILY_SURRENDER_BUCKET,True,4879.44,,1
010881272C,1,RC-9010881272,SURRENDER_CLAIM,FUNDED,1,99,FAMILY_SURRENDER_BUCKET,True,4866.14,,1
010815003C,1,RC-9010815003,SURRENDER_CLAIM,FUNDED,1,99,FAMILY_SURRENDER_BUCKET,True,4850.53,,1
010861363C,1,RC-9010861363,SURRENDER_CLAIM,FUNDED,1,99,FAMILY_SURRENDER_BUCKET,True,4823.67,,1
011178660C,1,RC-9011178660,SURRENDER_CLAIM,FUNDED,1,99,FAMILY_SURRENDER_BUCKET,True,4814.85,,1
011183653C,1,RC-9011183653,SURRENDER_CLAIM,FUNDED,1,99,FAMILY_SURRENDER_BUCKET,True,5713.42,,1
010852709C,1,RC-9010852709,SURRENDER_CLAIM,FUNDED,1,99,FAMILY_SURRENDER_BUCKET,True,4789.52,,1
010846780C,1,RC-9010846780,SURRENDER_CLAIM,FUNDED,1,99,FAMILY_SURRENDER_BUCKET,True,4769.89,,1
010908070C,1,RC-9010908070,SURRENDER_CLAIM,FUNDED,1,99,FAMILY_SURRENDER_BUCKET,True,4758.56,,1
010809966C,1,RC-9010809966,SURRENDER_CLAIM,FUNDED,1,99,FAMILY_SURRENDER_BUCKET,True,4757.24,,1
010832626C,1,RC-9010832626,SURRENDER_CLAIM,FUNDED,1,99,FAMILY_SURRENDER_BUCKET,True,4732.80,,1
010768997C,1,RC-9010768997,SURRENDER_CLAIM,FUNDED,1,99,FAMILY_SURRENDER_BUCKET,True,4711.95,,1
010881273C,1,RC-9010881273,SURRENDER_CLAIM,FUNDED,1,99,FAMILY_SURRENDER_BUCKET,True,4707.14,,1
010991641C,1,RC-9010991641,SURRENDER_CLAIM,FUNDED,1,99,FAMILY_SURRENDER_BUCKET,True,4698.13,,1
011195602C,1,RC-9011195602,SURRENDER_CLAIM,FUNDED,1,99,FAMILY_SURRENDER_BUCKET,True,4716.83,,1
010900971C,1,RC-9010900971,SURRENDER_CLAIM,FUNDED,1,99,FAMILY_SURRENDER_BUCKET,True,4685.59,,1
010770719C,1,RC-9010770719,SURRENDER_CLAIM,FUNDED,1,99,FAMILY_SURRENDER_BUCKET,True,46312.20,,1
011192586C,1,RC-9011192586,SURRENDER_CLAIM,FUNDED,1,99,FAMILY_SURRENDER_BUCKET,True,4626.58,,1
011180733C,1,RC-9011180733,SURRENDER_CLAIM,FUNDED,1,99,FAMILY_SURRENDER_BUCKET,True,4617.95,,1
010845862C,1,RC-9010845862,SURRENDER_CLAIM,FUNDED,1,99,FAMILY_SURRENDER_BUCKET,True,4605.56,,1
011206644C,1,RC-9011206644,SURRENDER_CLAIM,FUNDED,1,99,FAMILY_SURRENDER_BUCKET,True,680.40,,1
010376522C,1,RC-9010376522,SURRENDER_CLAIM,FUNDED,1,99,FAMILY_SURRENDER_BUCKET,True,5408.90,,1
011197743C,1,RC-9011197743,SURRENDER_CLAIM,FUNDED,1,99,FAMILY_SURRENDER_BUCKET,True,4581.78,,1
010526524C,1,RC-9010526524,SURRENDER_CLAIM,FUNDED,1,99,FAMILY_SURRENDER_BUCKET,True,4948.31,,1
010467061C,1,RC-9010467061,SURRENDER_CLAIM,FUNDED,1,99,FAMILY_SURRENDER_BUCKET,True,4572.88,,1
010793970C,1,RC-9010793970,SURRENDER_CLAIM,FUNDED,1,99,FAMILY_SURRENDER_BUCKET,True,4568.98,,1
010420983C,1,RC-9010420983,SURRENDER_CLAIM,FUNDED,1,99,FAMILY_SURRENDER_BUCKET,True,3682.06,,1
010824098C,1,RC-9010824098,SURRENDER_CLAIM,FUNDED,1,99,FAMILY_SURRENDER_BUCKET,True,4556.69,,1
011160990C,1,RC-9011160990,SURRENDER_CLAIM,FUNDED,1,99,FAMILY_SURRENDER_BUCKET,True,4547.26,,1
010429710C,1,RC-9010429710,SURRENDER_CLAIM,FUNDED,1,99,FAMILY_SURRENDER_BUCKET,True,4539.84,,1
010832616C,1,RC-9010832616,SURRENDER_CLAIM,FUNDED,1,99,FAMILY_SURRENDER_BUCKET,True,4494.97,,1
011106177C,1,RC-9011106177,SURRENDER_CLAIM,FUNDED,1,99,FAMILY_SURRENDER_BUCKET,True,4490.00,,1
011130666C,1,RC-9011130666,SURRENDER_CLAIM,FUNDED,1,99,FAMILY_SURRENDER_BUCKET,True,4488.70,,1
011211323C,1,RC-9011211323,SURRENDER_CLAIM,FUNDED,1,99,FAMILY_SURRENDER_BUCKET,True,5238.50,,1
011202767C,1,RC-9011202767,SURRENDER_CLAIM,FUNDED,1,99,FAMILY_SURRENDER_BUCKET,True,4472.00,,1
011160408C,1,RC-9011160408,SURRENDER_CLAIM,FUNDED,1,99,FAMILY_SURRENDER_BUCKET,True,4458.36,,1
011194622C,1,RC-9011194622,SURRENDER_CLAIM,FUNDED,1,99,FAMILY_SURRENDER_BUCKET,True,4457.50,,1
010539198C,1,RC-9010539198,SURRENDER_CLAIM,FUNDED,1,99,FAMILY_SURRENDER_BUCKET,True,4453.47,,1
011190239C,1,RC-9011190239,SURRENDER_CLAIM,FUNDED,1,99,FAMILY_SURRENDER_BUCKET,True,4450.00,,1
010816898C,1,RC-9010816898,SURRENDER_CLAIM,FUNDED,1,99,FAMILY_SURRENDER_BUCKET,True,44180.64,,1
010828368C,1,RC-9010828368,SURRENDER_CLAIM,FUNDED,1,99,FAMILY_SURRENDER_BUCKET,True,4417.72,,1
011275503C,1,RC-9011275503,SURRENDER_CLAIM,FUNDED,1,99,FAMILY_SURRENDER_BUCKET,True,4400.18,,1
010458190C,1,RC-9010458190,SURRENDER_CLAIM,FUNDED,1,99,FAMILY_SURRENDER_BUCKET,True,4399.71,,1
010466473C,1,RC-9010466473,SURRENDER_CLAIM,FUNDED,1,99,FAMILY_SURRENDER_BUCKET,True,4395.44,,1
011217839C,1,RC-9011217839,SURRENDER_CLAIM,FUNDED,1,99,FAMILY_SURRENDER_BUCKET,True,4379.17,,1
010873499C,1,RC-9010873499,SURRENDER_CLAIM,FUNDED,1,99,FAMILY_SURRENDER_BUCKET,True,4367.13,,1
010991643C,1,RC-9010991643,SURRENDER_CLAIM,FUNDED,1,99,FAMILY_SURRENDER_BUCKET,True,4340.75,,1
011153790C,1,RC-9011153790,SURRENDER_CLAIM,FUNDED,1,99,FAMILY_SURRENDER_BUCKET,True,4333.29,,1
010832205C,1,RC-9010832205,SURRENDER_CLAIM,FUNDED,1,99,FAMILY_SURRENDER_BUCKET,True,4294.35,,1
010997600C,1,RC-9010997600,SURRENDER_CLAIM,FUNDED,1,99,FAMILY_SURRENDER_BUCKET,True,4287.23,,1
011205082C,1,RC-9011205082,SURRENDER_CLAIM,FUNDED,1,99,FAMILY_SURRENDER_BUCKET,True,4267.23,,1
010442330C,1,RC-9010442330,SURRENDER_CLAIM,FUNDED,1,99,FAMILY_SURRENDER_BUCKET,True,4261.61,,1
011061607C,1,RC-9011061607,SURRENDER_CLAIM,FUNDED,1,99,FAMILY_SURRENDER_BUCKET,True,4247.93,,1
010405858C,1,RC-9010405858,SURRENDER_CLAIM,FUNDED,1,99,FAMILY_SURRENDER_BUCKET,True,4236.32,,1
010760306C,1,RC-9010760306,SURRENDER_CLAIM,FUNDED,1,99,FAMILY_SURRENDER_BUCKET,True,42245.61,,1
010884052C,1,RC-9010884052,SURRENDER_CLAIM,FUNDED,1,99,FAMILY_SURRENDER_BUCKET,True,4206.17,,1
011196168C,1,RC-9011196168,SURRENDER_CLAIM,FUNDED,1,99,FAMILY_SURRENDER_BUCKET,True,4170.59,,1
010845706C,1,RC-9010845706,SURRENDER_CLAIM,FUNDED,1,99,FAMILY_SURRENDER_BUCKET,True,4166.24,,1
011145527C,1,RC-9011145527,SURRENDER_CLAIM,FUNDED,1,99,FAMILY_SURRENDER_BUCKET,True,4121.07,,1
011105666C,1,RC-9011105666,SURRENDER_CLAIM,FUNDED,1,99,FAMILY_SURRENDER_BUCKET,True,4110.52,,1
010521756C,1,RC-9010521756,SURRENDER_CLAIM,FUNDED,1,99,FAMILY_SURRENDER_BUCKET,True,4094.94,,1
011159476C,1,RC-9011159476,SURRENDER_CLAIM,FUNDED,1,99,FAMILY_SURRENDER_BUCKET,True,4058.75,,1
015000104C,1,RC-9015000104,SURRENDER_CLAIM,FUNDED,1,99,FAMILY_SURRENDER_BUCKET,True,4046.58,,1
011263484C,1,RC-9011263484,SURRENDER_CLAIM,FUNDED,1,99,FAMILY_SURRENDER_BUCKET,True,4246.17,,1
011088883C,1,RC-9011088883,SURRENDER_CLAIM,FUNDED,1,99,FAMILY_SURRENDER_BUCKET,True,4025.04,,1
010747186C,1,RC-9010747186,SURRENDER_CLAIM,FUNDED,1,99,FAMILY_SURRENDER_BUCKET,True,40222.22,,1
011056915C,1,RC-9011056915,SURRENDER_CLAIM,FUNDED,1,99,FAMILY_SURRENDER_BUCKET,True,4017.95,,1
010785320C,1,RC-9010785320,SURRENDER_CLAIM,FUNDED,1,99,FAMILY_SURRENDER_BUCKET,True,4000.00,,1
010391228C,1,RC-9010391228,SURRENDER_CLAIM,FUNDED,1,99,FAMILY_SURRENDER_BUCKET,True,4007.17,,1
011269263C,1,RC-9011269263,SURRENDER_CLAIM,FUNDED,1,99,FAMILY_SURRENDER_BUCKET,True,5866.39,,1
010843280C,1,RC-9010843280,SURRENDER_CLAIM,FUNDED,1,99,FAMILY_SURRENDER_BUCKET,True,39337.85,,1
011257515C,1,RC-9011257515,SURRENDER_CLAIM,FUNDED,1,99,FAMILY_SURRENDER_BUCKET,True,3918.03,,1
010462630C,1,RC-9010462630,SURRENDER_CLAIM,FUNDED,1,99,FAMILY_SURRENDER_BUCKET,True,4724.34,,1
011005190C,1,RC-9011005190,SURRENDER_CLAIM,FUNDED,1,99,FAMILY_SURRENDER_BUCKET,True,3900.11,,1
011106738C,1,RC-9011106738,SURRENDER_CLAIM,FUNDED,1,99,FAMILY_SURRENDER_BUCKET,True,3897.50,,1
010942439C,1,RC-9010942439,SURRENDER_CLAIM,FUNDED,1,99,FAMILY_SURRENDER_BUCKET,True,38713.96,,1
010926348C,1,RC-9010926348,SURRENDER_CLAIM,FUNDED,1,99,FAMILY_SURRENDER_BUCKET,True,3868.26,,1
011252477C,1,RC-9011252477,SURRENDER_CLAIM,FUNDED,1,99,FAMILY_SURRENDER_BUCKET,True,3853.01,,1
010892696C,1,RC-9010892696,SURRENDER_CLAIM,FUNDED,1,99,FAMILY_SURRENDER_BUCKET,True,3846.66,,1
010786324C,1,RC-9010786324,SURRENDER_CLAIM,FUNDED,1,99,FAMILY_SURRENDER_BUCKET,True,3845.50,,1
015000117C,1,RC-9015000117,SURRENDER_CLAIM,FUNDED,1,99,FAMILY_SURRENDER_BUCKET,True,3828.78,,1
010435248C,1,RC-9010435248,SURRENDER_CLAIM,FUNDED,1,99,FAMILY_SURRENDER_BUCKET,True,3827.25,,1
011108310C,1,RC-9011108310,SURRENDER_CLAIM,FUNDED,1,99,FAMILY_SURRENDER_BUCKET,True,3825.00,,1
010439181C,1,RC-9010439181,SURRENDER_CLAIM,FUNDED,1,99,FAMILY_SURRENDER_BUCKET,True,3798.18,,1
011179948C,1,RC-9011179948,SURRENDER_CLAIM,FUNDED,1,99,FAMILY_SURRENDER_BUCKET,True,3759.86,,1
010852357C,1,RC-9010852357,SURRENDER_CLAIM,FUNDED,1,99,FAMILY_SURRENDER_BUCKET,True,3744.95,,1
010886528C,1,RC-9010886528,SURRENDER_CLAIM,FUNDED,1,99,FAMILY_SURRENDER_BUCKET,True,3744.68,,1
011003108C,1,RC-9011003108,SURRENDER_CLAIM,FUNDED,1,99,FAMILY_SURRENDER_BUCKET,True,3739.01,,1
010475571C,1,RC-9010475571,SURRENDER_CLAIM,FUNDED,1,99,FAMILY_SURRENDER_BUCKET,True,3717.86,,1
011144050C,1,RC-9011144050,SURRENDER_CLAIM,FUNDED,1,99,FAMILY_SURRENDER_BUCKET,True,3700.61,,1
010786823C,1,RC-9010786823,SURRENDER_CLAIM,FUNDED,1,99,FAMILY_SURRENDER_BUCKET,True,36799.09,,1
010425942C,1,RC-9010425942,SURRENDER_CLAIM,FUNDED,1,99,FAMILY_SURRENDER_BUCKET,True,3689.53,,1
010445275C,1,RC-9010445275,SURRENDER_CLAIM,FUNDED,1,99,FAMILY_SURRENDER_BUCKET,True,3668.18,,1
011156964C,1,RC-9011156964,SURRENDER_CLAIM,FUNDED,1,99,FAMILY_SURRENDER_BUCKET,True,3648.16,,1
010733162C,1,RC-9010733162,SURRENDER_CLAIM,FUNDED,1,99,FAMILY_SURRENDER_BUCKET,True,36410.87,,1
010833595C,1,RC-9010833595,SURRENDER_CLAIM,FUNDED,1,99,FAMILY_SURRENDER_BUCKET,True,36409.15,,1
011203001C,1,RC-9011203001,SURRENDER_CLAIM,FUNDED,1,99,FAMILY_SURRENDER_BUCKET,True,3639.80,,1
011016293C,1,RC-9011016293,SURRENDER_CLAIM,FUNDED,1,99,FAMILY_SURRENDER_BUCKET,True,3633.63,,1
010769221C,1,RC-9010769221,SURRENDER_CLAIM,FUNDED,1,99,FAMILY_SURRENDER_BUCKET,True,36234.46,,1
010769220C,1,RC-9010769220,SURRENDER_CLAIM,FUNDED,1,99,FAMILY_SURRENDER_BUCKET,True,36196.27,,1
010780131C,1,RC-9010780131,SURRENDER_CLAIM,FUNDED,1,99,FAMILY_SURRENDER_BUCKET,True,3617.50,,1
010838654C,1,RC-9010838654,SURRENDER_CLAIM,FUNDED,1,99,FAMILY_SURRENDER_BUCKET,True,3606.53,,1
010809581C,1,RC-9010809581,SURRENDER_CLAIM,FUNDED,1,99,FAMILY_SURRENDER_BUCKET,True,3601.64,,1
011138259C,1,RC-9011138259,SURRENDER_CLAIM,FUNDED,1,99,FAMILY_SURRENDER_BUCKET,True,3593.14,,1
010559537C,1,RC-9010559537,SURRENDER_CLAIM,FUNDED,1,99,FAMILY_SURRENDER_BUCKET,True,3590.46,,1
011196444C,1,RC-9011196444,SURRENDER_CLAIM,FUNDED,1,99,FAMILY_SURRENDER_BUCKET,True,5160.55,,1
011110299C,1,RC-9011110299,SURRENDER_CLAIM,FUNDED,1,99,FAMILY_SURRENDER_BUCKET,True,3575.08,,1
011138486C,1,RC-9011138486,SURRENDER_CLAIM,FUNDED,1,99,FAMILY_SURRENDER_BUCKET,True,3558.69,,1
011110339C,1,RC-9011110339,SURRENDER_CLAIM,FUNDED,1,99,FAMILY_SURRENDER_BUCKET,True,3557.47,,1
010896931C,1,RC-9010896931,SURRENDER_CLAIM,FUNDED,1,99,FAMILY_SURRENDER_BUCKET,True,3557.00,,1
010523058C,1,RC-9010523058,SURRENDER_CLAIM,FUNDED,1,99,FAMILY_SURRENDER_BUCKET,True,3670.00,,1
011190722C,1,RC-9011190722,SURRENDER_CLAIM,FUNDED,1,99,FAMILY_SURRENDER_BUCKET,True,3552.11,,1
011185638C,1,RC-9011185638,SURRENDER_CLAIM,FUNDED,1,99,FAMILY_SURRENDER_BUCKET,True,3551.50,,1
010868131C,1,RC-9010868131,SURRENDER_CLAIM,FUNDED,1,99,FAMILY_SURRENDER_BUCKET,True,3551.45,,1
010462631C,1,RC-9010462631,SURRENDER_CLAIM,FUNDED,1,99,FAMILY_SURRENDER_BUCKET,True,3535.82,,1
010834414C,1,RC-9010834414,SURRENDER_CLAIM,FUNDED,1,99,FAMILY_SURRENDER_BUCKET,True,3535.65,,1
015000043C,1,RC-9015000043,SURRENDER_CLAIM,FUNDED,1,99,FAMILY_SURRENDER_BUCKET,True,3521.27,,1
011198246C,1,RC-9011198246,SURRENDER_CLAIM,FUNDED,1,99,FAMILY_SURRENDER_BUCKET,True,3615.62,,1
010472183C,1,RC-9010472183,SURRENDER_CLAIM,FUNDED,1,99,FAMILY_SURRENDER_BUCKET,True,3554.12,,1
011040527C,1,RC-9011040527,SURRENDER_CLAIM,FUNDED,1,99,FAMILY_SURRENDER_BUCKET,True,3482.04,,1
010547488C,1,RC-9010547488,SURRENDER_CLAIM,FUNDED,1,99,FAMILY_SURRENDER_BUCKET,True,3625.33,,1
011115885C,1,RC-9011115885,SURRENDER_CLAIM,FUNDED,1,99,FAMILY_SURRENDER_BUCKET,True,3477.27,,1
011254240C,1,RC-9011254240,SURRENDER_CLAIM,FUNDED,1,99,FAMILY_SURRENDER_BUCKET,True,3439.04,,1
010442332C,1,RC-9010442332,SURRENDER_CLAIM,FUNDED,1,99,FAMILY_SURRENDER_BUCKET,True,4073.46,,1
010392493C,1,RC-9010392493,SURRENDER_CLAIM,FUNDED,1,99,FAMILY_SURRENDER_BUCKET,True,3422.27,,1
011183334C,1,RC-9011183334,SURRENDER_CLAIM,FUNDED,1,99,FAMILY_SURRENDER_BUCKET,True,3418.94,,1
010756906C,1,RC-9010756906,SURRENDER_CLAIM,FUNDED,1,99,FAMILY_SURRENDER_BUCKET,True,34133.26,,1
011073652C,1,RC-9011073652,SURRENDER_CLAIM,FUNDED,1,99,FAMILY_SURRENDER_BUCKET,True,3413.62,,1
011160440C,1,RC-9011160440,SURRENDER_CLAIM,FUNDED,1,99,FAMILY_SURRENDER_BUCKET,True,3406.09,,1
010467173C,1,RC-9010467173,SURRENDER_CLAIM,FUNDED,1,99,FAMILY_SURRENDER_BUCKET,True,3402.99,,1
010994968C,1,RC-9010994968,SURRENDER_CLAIM,FUNDED,1,99,FAMILY_SURRENDER_BUCKET,True,3381.97,,1
010756939C,1,RC-9010756939,SURRENDER_CLAIM,FUNDED,1,99,FAMILY_SURRENDER_BUCKET,True,3360.83,,1
010557142C,1,RC-9010557142,SURRENDER_CLAIM,FUNDED,1,99,FAMILY_SURRENDER_BUCKET,True,3354.61,,1
011135811C,1,RC-9011135811,SURRENDER_CLAIM,FUNDED,1,99,FAMILY_SURRENDER_BUCKET,True,3348.33,,1
010807792C,1,RC-9010807792,SURRENDER_CLAIM,FUNDED,1,99,FAMILY_SURRENDER_BUCKET,True,3346.53,,1
011263483C,1,RC-9011263483,SURRENDER_CLAIM,FUNDED,1,99,FAMILY_SURRENDER_BUCKET,True,3495.08,,1
011158068C,1,RC-9011158068,SURRENDER_CLAIM,FUNDED,1,99,FAMILY_SURRENDER_BUCKET,True,3531.25,,1
010782676C,1,RC-9010782676,SURRENDER_CLAIM,FUNDED,1,99,FAMILY_SURRENDER_BUCKET,True,33068.90,,1
011196570C,1,RC-9011196570,SURRENDER_CLAIM,FUNDED,1,99,FAMILY_SURRENDER_BUCKET,True,3284.03,,1
010853287C,1,RC-9010853287,SURRENDER_CLAIM,FUNDED,1,99,FAMILY_SURRENDER_BUCKET,True,32837.55,,1
010726318C,1,RC-9010726318,SURRENDER_CLAIM,FUNDED,1,99,FAMILY_SURRENDER_BUCKET,True,3267.04,,1
011179610C,1,RC-9011179610,SURRENDER_CLAIM,FUNDED,1,99,FAMILY_SURRENDER_BUCKET,True,3267.01,,1
011124301C,1,RC-9011124301,SURRENDER_CLAIM,FUNDED,1,99,FAMILY_SURRENDER_BUCKET,True,3256.25,,1
010806606C,1,RC-9010806606,SURRENDER_CLAIM,FUNDED,1,99,FAMILY_SURRENDER_BUCKET,True,3244.20,,1
011176237C,1,RC-9011176237,SURRENDER_CLAIM,FUNDED,1,99,FAMILY_SURRENDER_BUCKET,True,3241.67,,1
011208304C,1,RC-9011208304,SURRENDER_CLAIM,FUNDED,1,99,FAMILY_SURRENDER_BUCKET,True,3240.23,,1
010529973C,1,RC-9010529973,SURRENDER_CLAIM,FUNDED,1,99,FAMILY_SURRENDER_BUCKET,True,3240.13,,1
010897517C,1,RC-9010897517,SURRENDER_CLAIM,FUNDED,1,99,FAMILY_SURRENDER_BUCKET,True,32335.10,,1
013000181C,1,RC-9013000181,SURRENDER_CLAIM,FUNDED,1,99,FAMILY_SURRENDER_BUCKET,True,3220.00,,1
011130778C,1,RC-9011130778,SURRENDER_CLAIM,FUNDED,1,99,FAMILY_SURRENDER_BUCKET,True,3192.45,,1
011124169C,1,RC-9011124169,SURRENDER_CLAIM,FUNDED,1,99,FAMILY_SURRENDER_BUCKET,True,3188.28,,1
011079130C,1,RC-9011079130,SURRENDER_CLAIM,FUNDED,1,99,FAMILY_SURRENDER_BUCKET,True,3185.36,,1
011191896C,1,RC-9011191896,SURRENDER_CLAIM,FUNDED,1,99,FAMILY_SURRENDER_BUCKET,True,3183.36,,1
010726319C,1,RC-9010726319,SURRENDER_CLAIM,FUNDED,1,99,FAMILY_SURRENDER_BUCKET,True,3179.80,,1
011084438C,1,RC-9011084438,SURRENDER_CLAIM,FUNDED,1,99,FAMILY_SURRENDER_BUCKET,True,3172.65,,1
011118183C,1,RC-9011118183,SURRENDER_CLAIM,FUNDED,1,99,FAMILY_SURRENDER_BUCKET,True,3149.79,,1
011151909C,1,RC-9011151909,SURRENDER_CLAIM,FUNDED,1,99,FAMILY_SURRENDER_BUCKET,True,3145.21,,1
011187167C,1,RC-9011187167,SURRENDER_CLAIM,FUNDED,1,99,FAMILY_SURRENDER_BUCKET,True,3145.00,,1
011103665C,1,RC-9011103665,SURRENDER_CLAIM,FUNDED,1,99,FAMILY_SURRENDER_BUCKET,True,3142.95,,1
011110116C,1,RC-9011110116,SURRENDER_CLAIM,FUNDED,1,99,FAMILY_SURRENDER_BUCKET,True,3138.89,,1
011211451C,1,RC-9011211451,SURRENDER_CLAIM,FUNDED,1,99,FAMILY_SURRENDER_BUCKET,True,3136.08,,1
011221211C,1,RC-9011221211,SURRENDER_CLAIM,FUNDED,1,99,FAMILY_SURRENDER_BUCKET,True,1939.16,,1
010360289C,1,RC-9010360289,SURRENDER_CLAIM,FUNDED,1,99,FAMILY_SURRENDER_BUCKET,True,3129.06,,1
010772916C,1,RC-9010772916,SURRENDER_CLAIM,FUNDED,1,99,FAMILY_SURRENDER_BUCKET,True,31228.79,,1
010756940C,1,RC-9010756940,SURRENDER_CLAIM,FUNDED,1,99,FAMILY_SURRENDER_BUCKET,True,3105.52,,1
010360290C,1,RC-9010360290,SURRENDER_CLAIM,FUNDED,1,99,FAMILY_SURRENDER_BUCKET,True,3104.07,,1
011188377C,1,RC-9011188377,SURRENDER_CLAIM,FUNDED,1,99,FAMILY_SURRENDER_BUCKET,True,3103.30,,1
011118229C,1,RC-9011118229,SURRENDER_CLAIM,FUNDED,1,99,FAMILY_SURRENDER_BUCKET,True,3091.43,,1
010726317C,1,RC-9010726317,SURRENDER_CLAIM,FUNDED,1,99,FAMILY_SURRENDER_BUCKET,True,3084.94,,1
011150263C,1,RC-9011150263,SURRENDER_CLAIM,FUNDED,1,99,FAMILY_SURRENDER_BUCKET,True,3078.22,,1
010367705C,1,RC-9010367705,SURRENDER_CLAIM,FUNDED,1,99,FAMILY_SURRENDER_BUCKET,True,3043.61,,1
010445575C,1,RC-9010445575,SURRENDER_CLAIM,FUNDED,1,99,FAMILY_SURRENDER_BUCKET,True,3043.00,,1
010855657C,1,RC-9010855657,SURRENDER_CLAIM,FUNDED,1,99,FAMILY_SURRENDER_BUCKET,True,3041.33,,1
010756941C,1,RC-9010756941,SURRENDER_CLAIM,FUNDED,1,99,FAMILY_SURRENDER_BUCKET,True,3024.55,,1
011110271C,1,RC-9011110271,SURRENDER_CLAIM,FUNDED,1,99,FAMILY_SURRENDER_BUCKET,True,30202.29,,1
010877481C,1,RC-9010877481,SURRENDER_CLAIM,FUNDED,1,99,FAMILY_SURRENDER_BUCKET,True,3020.38,,1
010738751C,1,RC-9010738751,SURRENDER_CLAIM,FUNDED,1,99,FAMILY_SURRENDER_BUCKET,True,3018.15,,1
011046268C,1,RC-9011046268,SURRENDER_CLAIM,FUNDED,1,99,FAMILY_SURRENDER_BUCKET,True,30105.42,,1
011154479C,1,RC-9011154479,SURRENDER_CLAIM,FUNDED,1,99,FAMILY_SURRENDER_BUCKET,True,3009.04,,1
015000450C,1,RC-9015000450,SURRENDER_CLAIM,FUNDED,1,99,FAMILY_SURRENDER_BUCKET,True,2996.25,,1
010858099C,1,RC-9010858099,SURRENDER_CLAIM,FUNDED,1,99,FAMILY_SURRENDER_BUCKET,True,29834.97,,1
010895936C,1,RC-9010895936,SURRENDER_CLAIM,FUNDED,1,99,FAMILY_SURRENDER_BUCKET,True,2983.43,,1
010836582C,1,RC-9010836582,SURRENDER_CLAIM,FUNDED,1,99,FAMILY_SURRENDER_BUCKET,True,2965.44,,1
011192322C,1,RC-9011192322,SURRENDER_CLAIM,FUNDED,1,99,FAMILY_SURRENDER_BUCKET,True,2956.97,,1
010813804C,1,RC-9010813804,SURRENDER_CLAIM,FUNDED,1,99,FAMILY_SURRENDER_BUCKET,True,2956.56,,1
011125619C,1,RC-9011125619,SURRENDER_CLAIM,FUNDED,1,99,FAMILY_SURRENDER_BUCKET,True,2945.00,,1
010834489C,1,RC-9010834489,SURRENDER_CLAIM,FUNDED,1,99,FAMILY_SURRENDER_BUCKET,True,2944.92,,1
010804710C,1,RC-9010804710,SURRENDER_CLAIM,FUNDED,1,99,FAMILY_SURRENDER_BUCKET,True,2925.77,,1
011199709C,1,RC-9011199709,SURRENDER_CLAIM,FUNDED,1,99,FAMILY_SURRENDER_BUCKET,True,2923.55,,1
010904808C,1,RC-9010904808,SURRENDER_CLAIM,FUNDED,1,99,FAMILY_SURRENDER_BUCKET,True,2923.15,,1
011150435C,1,RC-9011150435,SURRENDER_CLAIM,FUNDED,1,99,FAMILY_SURRENDER_BUCKET,True,2911.67,,1
010904810C,1,RC-9010904810,SURRENDER_CLAIM,FUNDED,1,99,FAMILY_SURRENDER_BUCKET,True,2898.77,,1
011196281C,1,RC-9011196281,SURRENDER_CLAIM,FUNDED,1,99,FAMILY_SURRENDER_BUCKET,True,2883.08,,1
010904809C,1,RC-9010904809,SURRENDER_CLAIM,FUNDED,1,99,FAMILY_SURRENDER_BUCKET,True,2870.07,,1
010899761C,1,RC-9010899761,SURRENDER_CLAIM,FUNDED,1,99,FAMILY_SURRENDER_BUCKET,True,2867.02,,1
011184139C,1,RC-9011184139,SURRENDER_CLAIM,FUNDED,1,99,FAMILY_SURRENDER_BUCKET,True,2856.25,,1
011184470C,1,RC-9011184470,SURRENDER_CLAIM,FUNDED,1,99,FAMILY_SURRENDER_BUCKET,True,2855.00,,1
010738752C,1,RC-9010738752,SURRENDER_CLAIM,FUNDED,1,99,FAMILY_SURRENDER_BUCKET,True,2852.87,,1
010895935C,1,RC-9010895935,SURRENDER_CLAIM,FUNDED,1,99,FAMILY_SURRENDER_BUCKET,True,2851.01,,1
010877480C,1,RC-9010877480,SURRENDER_CLAIM,FUNDED,1,99,FAMILY_SURRENDER_BUCKET,True,2846.86,,1
011059202C,1,RC-9011059202,SURRENDER_CLAIM,FUNDED,1,99,FAMILY_SURRENDER_BUCKET,True,2845.58,,1
010831077C,1,RC-9010831077,SURRENDER_CLAIM,FUNDED,1,99,FAMILY_SURRENDER_BUCKET,True,28404.69,,1
011120482C,1,RC-9011120482,SURRENDER_CLAIM,FUNDED,1,99,FAMILY_SURRENDER_BUCKET,True,2834.10,,1
010460886C,1,RC-9010460886,SURRENDER_CLAIM,FUNDED,1,99,FAMILY_SURRENDER_BUCKET,True,2832.05,,1
011040023C,1,RC-9011040023,SURRENDER_CLAIM,FUNDED,1,99,FAMILY_SURRENDER_BUCKET,True,28259.55,,1
015000138C,1,RC-9015000138,SURRENDER_CLAIM,FUNDED,1,99,FAMILY_SURRENDER_BUCKET,True,2812.16,,1
010738753C,1,RC-9010738753,SURRENDER_CLAIM,FUNDED,1,99,FAMILY_SURRENDER_BUCKET,True,2811.27,,1
011199710C,1,RC-9011199710,SURRENDER_CLAIM,FUNDED,1,99,FAMILY_SURRENDER_BUCKET,True,2799.95,,1
010899709C,1,RC-9010899709,SURRENDER_CLAIM,FUNDED,1,99,FAMILY_SURRENDER_BUCKET,True,2784.88,,1
011026547C,1,RC-9011026547,SURRENDER_CLAIM,FUNDED,1,99,FAMILY_SURRENDER_BUCKET,True,27753.65,,1
011198951C,1,RC-9011198951,SURRENDER_CLAIM,FUNDED,1,99,FAMILY_SURRENDER_BUCKET,True,2772.38,,1
010444283C,1,RC-9010444283,SURRENDER_CLAIM,FUNDED,1,99,FAMILY_SURRENDER_BUCKET,True,2760.58,,1
010494171C,1,RC-9010494171,SURRENDER_CLAIM,FUNDED,1,99,FAMILY_SURRENDER_BUCKET,True,2747.74,,1
010430295C,1,RC-9010430295,SURRENDER_CLAIM,FUNDED,1,99,FAMILY_SURRENDER_BUCKET,True,2738.76,,1
015000416C,1,RC-9015000416,SURRENDER_CLAIM,FUNDED,1,99,FAMILY_SURRENDER_BUCKET,True,2718.11,,1
010462839C,1,RC-9010462839,SURRENDER_CLAIM,FUNDED,1,99,FAMILY_SURRENDER_BUCKET,True,2685.10,,1
010826133C,1,RC-9010826133,SURRENDER_CLAIM,FUNDED,1,99,FAMILY_SURRENDER_BUCKET,True,26703.39,,1
011211973C,1,RC-9011211973,SURRENDER_CLAIM,FUNDED,1,99,FAMILY_SURRENDER_BUCKET,True,2648.33,,1
010825694C,1,RC-9010825694,SURRENDER_CLAIM,FUNDED,1,99,FAMILY_SURRENDER_BUCKET,True,2633.65,,1
010808257C,1,RC-9010808257,SURRENDER_CLAIM,FUNDED,1,99,FAMILY_SURRENDER_BUCKET,True,26252.71,,1
010753675C,1,RC-9010753675,SURRENDER_CLAIM,FUNDED,1,99,FAMILY_SURRENDER_BUCKET,True,26155.88,,1
011196571C,1,RC-9011196571,SURRENDER_CLAIM,FUNDED,1,99,FAMILY_SURRENDER_BUCKET,True,2614.15,,1
010454003C,1,RC-9010454003,SURRENDER_CLAIM,FUNDED,1,99,FAMILY_SURRENDER_BUCKET,True,2585.56,,1
010446416C,1,RC-9010446416,SURRENDER_CLAIM,FUNDED,1,99,FAMILY_SURRENDER_BUCKET,True,2572.00,,1
011074703C,1,RC-9011074703,SURRENDER_CLAIM,FUNDED,1,99,FAMILY_SURRENDER_BUCKET,True,2539.65,,1
010794112C,1,RC-9010794112,SURRENDER_CLAIM,FUNDED,1,99,FAMILY_SURRENDER_BUCKET,True,25354.75,,1
01185D536C,1,RC-901185D536,SURRENDER_CLAIM,FUNDED,1,99,FAMILY_SURRENDER_BUCKET,True,1058.82,,1
011261272C,1,RC-9011261272,SURRENDER_CLAIM,FUNDED,1,99,FAMILY_SURRENDER_BUCKET,True,2520.83,,1
011207095C,1,RC-9011207095,SURRENDER_CLAIM,FUNDED,1,99,FAMILY_SURRENDER_BUCKET,True,2511.58,,1
010393181C,1,RC-9010393181,SURRENDER_CLAIM,FUNDED,1,99,FAMILY_SURRENDER_BUCKET,True,2685.00,,1
010798045C,1,RC-9010798045,SURRENDER_CLAIM,FUNDED,1,99,FAMILY_SURRENDER_BUCKET,True,2500.00,,1
011054324C,1,RC-9011054324,SURRENDER_CLAIM,FUNDED,1,99,FAMILY_SURRENDER_BUCKET,True,24996.47,,1
010780667C,1,RC-9010780667,SURRENDER_CLAIM,FUNDED,1,99,FAMILY_SURRENDER_BUCKET,True,24966.18,,1
011196296C,1,RC-9011196296,SURRENDER_CLAIM,FUNDED,1,99,FAMILY_SURRENDER_BUCKET,True,2496.00,,1
010776908C,1,RC-9010776908,SURRENDER_CLAIM,FUNDED,1,99,FAMILY_SURRENDER_BUCKET,True,24849.59,,1
011196777C,1,RC-9011196777,SURRENDER_CLAIM,FUNDED,1,99,FAMILY_SURRENDER_BUCKET,True,2481.51,,1
011179609C,1,RC-9011179609,SURRENDER_CLAIM,FUNDED,1,99,FAMILY_SURRENDER_BUCKET,True,2475.00,,1
011109852C,1,RC-9011109852,SURRENDER_CLAIM,FUNDED,1,99,FAMILY_SURRENDER_BUCKET,True,24534.80,,1
010376529C,1,RC-9010376529,SURRENDER_CLAIM,FUNDED,1,99,FAMILY_SURRENDER_BUCKET,True,2512.06,,1
011247278C,1,RC-9011247278,SURRENDER_CLAIM,FUNDED,1,99,FAMILY_SURRENDER_BUCKET,True,2444.39,,1
010458520C,1,RC-9010458520,SURRENDER_CLAIM,FUNDED,1,99,FAMILY_SURRENDER_BUCKET,True,2464.24,,1
011264015C,1,RC-9011264015,SURRENDER_CLAIM,FUNDED,1,99,FAMILY_SURRENDER_BUCKET,True,2433.33,,1
011195437C,1,RC-9011195437,SURRENDER_CLAIM,FUNDED,1,99,FAMILY_SURRENDER_BUCKET,True,2430.00,,1
010391422C,1,RC-9010391422,SURRENDER_CLAIM,FUNDED,1,99,FAMILY_SURRENDER_BUCKET,True,2460.70,,1
011263614C,1,RC-9011263614,SURRENDER_CLAIM,FUNDED,1,99,FAMILY_SURRENDER_BUCKET,True,2397.95,,1
010773109C,1,RC-9010773109,SURRENDER_CLAIM,FUNDED,1,99,FAMILY_SURRENDER_BUCKET,True,23806.45,,1
010836583C,1,RC-9010836583,SURRENDER_CLAIM,FUNDED,1,99,FAMILY_SURRENDER_BUCKET,True,23773.93,,1
010780668C,1,RC-9010780668,SURRENDER_CLAIM,FUNDED,1,99,FAMILY_SURRENDER_BUCKET,True,23659.81,,1
010754898C,1,RC-9010754898,SURRENDER_CLAIM,FUNDED,1,99,FAMILY_SURRENDER_BUCKET,True,23358.97,,1
010748432C,1,RC-9010748432,SURRENDER_CLAIM,FUNDED,1,99,FAMILY_SURRENDER_BUCKET,True,23307.92,,1
010803681C,1,RC-9010803681,SURRENDER_CLAIM,FUNDED,1,99,FAMILY_SURRENDER_BUCKET,True,23267.29,,1
010510671C,1,RC-9010510671,SURRENDER_CLAIM,FUNDED,1,99,FAMILY_SURRENDER_BUCKET,True,23205.49,,1
010958438C,1,RC-9010958438,SURRENDER_CLAIM,FUNDED,1,99,FAMILY_SURRENDER_BUCKET,True,23123.50,,1
011109446C,1,RC-9011109446,SURRENDER_CLAIM,FUNDED,1,99,FAMILY_SURRENDER_BUCKET,True,24266.67,,1
011194623C,1,RC-9011194623,SURRENDER_CLAIM,FUNDED,1,99,FAMILY_SURRENDER_BUCKET,True,2295.00,,1
015000080C,1,RC-9015000080,SURRENDER_CLAIM,FUNDED,1,99,FAMILY_SURRENDER_BUCKET,True,2284.84,,1
010803417C,1,RC-9010803417,SURRENDER_CLAIM,FUNDED,1,99,FAMILY_SURRENDER_BUCKET,True,22804.85,,1
010785284C,1,RC-9010785284,SURRENDER_CLAIM,FUNDED,1,99,FAMILY_SURRENDER_BUCKET,True,22785.28,,1
010756212C,1,RC-9010756212,SURRENDER_CLAIM,FUNDED,1,99,FAMILY_SURRENDER_BUCKET,True,22652.40,,1
011185531C,1,RC-9011185531,SURRENDER_CLAIM,FUNDED,1,99,FAMILY_SURRENDER_BUCKET,True,2242.49,,1
010815945C,1,RC-9010815945,SURRENDER_CLAIM,FUNDED,1,99,FAMILY_SURRENDER_BUCKET,True,22375.72,,1
010782675C,1,RC-9010782675,SURRENDER_CLAIM,FUNDED,1,99,FAMILY_SURRENDER_BUCKET,True,22243.19,,1
010793738C,1,RC-9010793738,SURRENDER_CLAIM,FUNDED,1,99,FAMILY_SURRENDER_BUCKET,True,22237.46,,1
011048440C,1,RC-9011048440,SURRENDER_CLAIM,FUNDED,1,99,FAMILY_SURRENDER_BUCKET,True,22176.95,,1
010842284C,1,RC-9010842284,SURRENDER_CLAIM,FUNDED,1,99,FAMILY_SURRENDER_BUCKET,True,22172.56,,1
011260157C,1,RC-9011260157,SURRENDER_CLAIM,FUNDED,1,99,FAMILY_SURRENDER_BUCKET,True,2212.50,,1
011105332C,1,RC-9011105332,SURRENDER_CLAIM,FUNDED,1,99,FAMILY_SURRENDER_BUCKET,True,2206.50,,1
011194208C,1,RC-9011194208,SURRENDER_CLAIM,FUNDED,1,99,FAMILY_SURRENDER_BUCKET,True,2195.60,,1
011184752C,1,RC-9011184752,SURRENDER_CLAIM,FUNDED,1,99,FAMILY_SURRENDER_BUCKET,True,2188.08,,1
011110946C,1,RC-9011110946,SURRENDER_CLAIM,FUNDED,1,99,FAMILY_SURRENDER_BUCKET,True,21723.57,,1
010947489C,1,RC-9010947489,SURRENDER_CLAIM,FUNDED,1,99,FAMILY_SURRENDER_BUCKET,True,21708.34,,1
010794116C,1,RC-9010794116,SURRENDER_CLAIM,FUNDED,1,99,FAMILY_SURRENDER_BUCKET,True,21635.84,,1
010753676C,1,RC-9010753676,SURRENDER_CLAIM,FUNDED,1,99,FAMILY_SURRENDER_BUCKET,True,21501.48,,1
010840779C,1,RC-9010840779,SURRENDER_CLAIM,FUNDED,1,99,FAMILY_SURRENDER_BUCKET,True,21499.07,,1
011263615C,1,RC-9011263615,SURRENDER_CLAIM,FUNDED,1,99,FAMILY_SURRENDER_BUCKET,True,2147.95,,1
010459050C,1,RC-9010459050,SURRENDER_CLAIM,FUNDED,1,99,FAMILY_SURRENDER_BUCKET,True,2147.18,,1
011195829C,1,RC-9011195829,SURRENDER_CLAIM,FUNDED,1,99,FAMILY_SURRENDER_BUCKET,True,2142.46,,1
010844069C,1,RC-9010844069,SURRENDER_CLAIM,FUNDED,1,99,FAMILY_SURRENDER_BUCKET,True,21148.74,,1
011154856C,1,RC-9011154856,SURRENDER_CLAIM,FUNDED,1,99,FAMILY_SURRENDER_BUCKET,True,2114.63,,1
010756938C,1,RC-9010756938,SURRENDER_CLAIM,FUNDED,1,99,FAMILY_SURRENDER_BUCKET,True,21132.53,,1
011217687C,1,RC-9011217687,SURRENDER_CLAIM,FUNDED,1,99,FAMILY_SURRENDER_BUCKET,True,21041.00,,1
011152874C,1,RC-9011152874,SURRENDER_CLAIM,FUNDED,1,99,FAMILY_SURRENDER_BUCKET,True,2096.79,,1
010814698C,1,RC-9010814698,SURRENDER_CLAIM,FUNDED,1,99,FAMILY_SURRENDER_BUCKET,True,20792.44,,1
011269166C,1,RC-9011269166,SURRENDER_CLAIM,FUNDED,1,99,FAMILY_SURRENDER_BUCKET,True,2069.32,,1
010807493C,1,RC-9010807493,SURRENDER_CLAIM,FUNDED,1,99,FAMILY_SURRENDER_BUCKET,True,20414.29,,1
010821381C,1,RC-9010821381,SURRENDER_CLAIM,FUNDED,1,99,FAMILY_SURRENDER_BUCKET,True,20339.19,,1
010743082C,1,RC-9010743082,SURRENDER_CLAIM,FUNDED,1,99,FAMILY_SURRENDER_BUCKET,True,20310.09,,1
010411727C,1,RC-9010411727,DEATH_CLAIM,SETTLED,3,2,DEATH_PAID_IN_FULL,True,17235.67,20190315,3
010438821C,1,RC-9010438821,DEATH_CLAIM,SETTLED,3,2,DEATH_PAID_IN_FULL,True,15539.54,20190402,3
010443109C,1,RC-9010443109,DEATH_CLAIM,SETTLED,3,2,DEATH_PAID_IN_FULL,True,5532.82,20210514,3
010455617C,1,RC-9010455617,DEATH_CLAIM,SETTLED,3,2,DEATH_PAID_IN_FULL,True,8704.75,20210107,3
010471933C,1,RC-9010471933,DEATH_CLAIM,SETTLED,3,2,DEATH_PAID_IN_FULL,True,10724.24,20191011,3
010497768C,1,RC-9010497768,DEATH_CLAIM,SETTLED,3,2,DEATH_PAID_IN_FULL,True,4333.93,20231215,3
010498617C,1,RC-9010498617,DEATH_CLAIM,SETTLED,3,2,DEATH_PAID_IN_FULL,True,7187.13,20230115,3
010514051C,1,RC-9010514051,DEATH_CLAIM,SETTLED,3,2,DEATH_PAID_IN_FULL,True,9083.81,20241117,3
010521160C,1,RC-9010521160,DEATH_CLAIM,SETTLED,3,2,DEATH_PAID_IN_FULL,True,3877.32,20230107,3
010586005C,1,RC-9010586005,DEATH_CLAIM,SETTLED,3,2,DEATH_PAID_IN_FULL,True,5133.84,20251007,3
010726104C,1,RC-9010726104,DEATH_CLAIM,SETTLED,3,2,DEATH_PAID_IN_FULL,True,100513.09,20230501,3
010749041C,1,RC-9010749041,DEATH_CLAIM,SETTLED,3,2,DEATH_PAID_IN_FULL,True,25443.33,20181212,3
010756034C,1,RC-9010756034,DEATH_CLAIM,SETTLED,3,2,DEATH_PAID_IN_FULL,True,22504.53,20180911,3
010757541C,1,RC-9010757541,DEATH_CLAIM,SETTLED,3,2,DEATH_PAID_IN_FULL,True,20766.14,20180124,3
010758074C,1,RC-9010758074,DEATH_CLAIM,SETTLED,3,2,DEATH_PAID_IN_FULL,True,8352.92,20181117,3
010764339C,1,RC-9010764339,DEATH_CLAIM,SETTLED,3,2,DEATH_PAID_IN_FULL,True,50108.68,20180217,3
010774484C,1,RC-9010774484,DEATH_CLAIM,SETTLED,3,2,DEATH_PAID_IN_FULL,True,70114.95,20230706,3
010778914C,1,RC-9010778914,DEATH_CLAIM,SETTLED,3,2,DEATH_PAID_IN_FULL,True,13715.77,20190324,3
010779130C,1,RC-9010779130,DEATH_CLAIM,SETTLED,3,2,DEATH_PAID_IN_FULL,True,12914.82,20190312,3
010781117C,1,RC-9010781117,DEATH_CLAIM,SETTLED,3,2,DEATH_PAID_IN_FULL,True,14342.15,20180616,3
010786824C,1,RC-9010786824,DEATH_CLAIM,SETTLED,3,2,DEATH_PAID_IN_FULL,True,25973.55,20210430,3
010786886C,1,RC-9010786886,DEATH_CLAIM,SETTLED,3,2,DEATH_PAID_IN_FULL,True,17030.96,20201120,3
010787511C,1,RC-9010787511,DEATH_CLAIM,SETTLED,3,2,DEATH_PAID_IN_FULL,True,31832.34,20240415,3
010790543C,1,RC-9010790543,DEATH_CLAIM,SETTLED,3,2,DEATH_PAID_IN_FULL,True,29479.09,20211110,3
010792038C,1,RC-9010792038,DEATH_CLAIM,SETTLED,3,2,DEATH_PAID_IN_FULL,True,12452.03,20180506,3
010792701C,1,RC-9010792701,DEATH_CLAIM,SETTLED,3,2,DEATH_PAID_IN_FULL,True,10757.25,20191024,3
010797854C,1,RC-9010797854,DEATH_CLAIM,SETTLED,3,2,DEATH_PAID_IN_FULL,True,11267.32,20200727,3
010800667C,1,RC-9010800667,DEATH_CLAIM,SETTLED,3,2,DEATH_PAID_IN_FULL,True,9249.89,20181022,3
010803051C,1,RC-9010803051,DEATH_CLAIM,SETTLED,3,2,DEATH_PAID_IN_FULL,True,28570.75,20220313,3
010809930C,1,RC-9010809930,DEATH_CLAIM,SETTLED,3,2,DEATH_PAID_IN_FULL,True,13070.65,20220329,3
010813155C,1,RC-9010813155,DEATH_CLAIM,SETTLED,3,2,DEATH_PAID_IN_FULL,True,15671.73,20180101,3
010814971C,1,RC-9010814971,DEATH_CLAIM,SETTLED,3,2,DEATH_PAID_IN_FULL,True,8671.57,20180324,3
010823601C,1,RC-9010823601,DEATH_CLAIM,SETTLED,3,2,DEATH_PAID_IN_FULL,True,23148.52,20190202,3
010823906C,1,RC-9010823906,DEATH_CLAIM,SETTLED,3,2,DEATH_PAID_IN_FULL,True,11163.08,20210401,3
010829154C,1,RC-9010829154,DEATH_CLAIM,SETTLED,3,2,DEATH_PAID_IN_FULL,True,25487.63,20220414,3
010836547C,1,RC-9010836547,DEATH_CLAIM,SETTLED,3,2,DEATH_PAID_IN_FULL,True,25397.53,20180127,3
010840582C,1,RC-9010840582,DEATH_CLAIM,SETTLED,3,2,DEATH_PAID_IN_FULL,True,39039.72,20220710,3
010843553C,1,RC-9010843553,DEATH_CLAIM,SETTLED,3,2,DEATH_PAID_IN_FULL,True,50134.03,20240624,3
010845548C,1,RC-9010845548,DEATH_CLAIM,SETTLED,3,2,DEATH_PAID_IN_FULL,True,25127.37,20260221,3
010858488C,1,RC-9010858488,DEATH_CLAIM,SETTLED,3,2,DEATH_PAID_IN_FULL,True,64307.56,20190715,3
010858489C,1,RC-9010858489,DEATH_CLAIM,SETTLED,3,2,DEATH_PAID_IN_FULL,True,64449.23,20240901,3
010859462C,1,RC-9010859462,DEATH_CLAIM,SETTLED,3,2,DEATH_PAID_IN_FULL,True,16962.16,20201118,3
010867962C,1,RC-9010867962,DEATH_CLAIM,SETTLED,3,2,DEATH_PAID_IN_FULL,True,41682.58,20241123,3
010872526C,1,RC-9010872526,DEATH_CLAIM,SETTLED,3,2,DEATH_PAID_IN_FULL,True,25282.63,20200706,3
010874801C,1,RC-9010874801,DEATH_CLAIM,SETTLED,3,2,DEATH_PAID_IN_FULL,True,5304.62,20220315,3
010877012C,1,RC-9010877012,DEATH_CLAIM,SETTLED,3,2,DEATH_PAID_IN_FULL,True,9837.12,20220417,3
010879203C,1,RC-9010879203,DEATH_CLAIM,SETTLED,3,2,DEATH_PAID_IN_FULL,True,20208.33,20230621,3
010881975C,1,RC-9010881975,DEATH_CLAIM,SETTLED,3,2,DEATH_PAID_IN_FULL,True,11620.30,20220730,3
010885383C,1,RC-9010885383,DEATH_CLAIM,SETTLED,3,2,DEATH_PAID_IN_FULL,True,35272.71,20230317,3
010889547C,1,RC-9010889547,DEATH_CLAIM,SETTLED,3,2,DEATH_PAID_IN_FULL,True,25140.63,20240726,3
010895675C,1,RC-9010895675,DEATH_CLAIM,SETTLED,3,2,DEATH_PAID_IN_FULL,True,25124.31,20230317,3
010919258C,1,RC-9010919258,DEATH_CLAIM,SETTLED,3,2,DEATH_PAID_IN_FULL,True,50853.09,20190920,3
010927885C,1,RC-9010927885,DEATH_CLAIM,SETTLED,3,2,DEATH_PAID_IN_FULL,True,25584.06,20210608,3
010936183C,1,RC-9010936183,DEATH_CLAIM,SETTLED,3,2,DEATH_PAID_IN_FULL,True,10330.57,20211031,3
010942239C,1,RC-9010942239,DEATH_CLAIM,SETTLED,3,2,DEATH_PAID_IN_FULL,True,16647.99,20220302,3
010946394C,1,RC-9010946394,DEATH_CLAIM,SETTLED,3,2,DEATH_PAID_IN_FULL,True,12033.31,20190504,3
010952069C,1,RC-9010952069,DEATH_CLAIM,SETTLED,3,2,DEATH_PAID_IN_FULL,True,17296.70,20201203,3
010968811C,1,RC-9010968811,DEATH_CLAIM,SETTLED,3,2,DEATH_PAID_IN_FULL,True,25184.04,20230904,3
010968814C,1,RC-9010968814,DEATH_CLAIM,SETTLED,3,2,DEATH_PAID_IN_FULL,True,25370.66,20250814,3
010983828C,1,RC-9010983828,DEATH_CLAIM,SETTLED,3,2,DEATH_PAID_IN_FULL,True,100142.50,20190525,3
010988454C,1,RC-9010988454,DEATH_CLAIM,SETTLED,3,2,DEATH_PAID_IN_FULL,True,26061.15,20240919,3
011004587C,1,RC-9011004587,DEATH_CLAIM,SETTLED,3,2,DEATH_PAID_IN_FULL,True,75313.22,20230222,3
011005855C,1,RC-9011005855,DEATH_CLAIM,SETTLED,3,2,DEATH_PAID_IN_FULL,True,11949.30,20230314,3
011014276C,1,RC-9011014276,DEATH_CLAIM,SETTLED,3,2,DEATH_PAID_IN_FULL,True,10658.42,20200514,3
011025088C,1,RC-9011025088,DEATH_CLAIM,SETTLED,3,2,DEATH_PAID_IN_FULL,True,24719.10,20200106,3
011041120C,1,RC-9011041120,DEATH_CLAIM,SETTLED,3,2,DEATH_PAID_IN_FULL,True,25124.92,20211015,3
011044132C,1,RC-9011044132,DEATH_CLAIM,SETTLED,3,2,DEATH_PAID_IN_FULL,True,20731.39,20200430,3
011045618C,1,RC-9011045618,DEATH_CLAIM,SETTLED,3,2,DEATH_PAID_IN_FULL,True,21648.90,20220124,3
011056407C,1,RC-9011056407,DEATH_CLAIM,SETTLED,3,2,DEATH_PAID_IN_FULL,True,100257.55,20200903,3
011062307C,1,RC-9011062307,DEATH_CLAIM,SETTLED,3,2,DEATH_PAID_IN_FULL,True,100188.08,20190422,3
011064372C,1,RC-9011064372,DEATH_CLAIM,SETTLED,3,2,DEATH_PAID_IN_FULL,True,100497.67,20240918,3
011072405C,1,RC-9011072405,DEATH_CLAIM,SETTLED,3,2,DEATH_PAID_IN_FULL,True,25254.38,20230106,3
011083028C,1,RC-9011083028,DEATH_CLAIM,SETTLED,3,2,DEATH_PAID_IN_FULL,True,101378.90,20221110,3
011085842C,1,RC-9011085842,DEATH_CLAIM,SETTLED,3,2,DEATH_PAID_IN_FULL,True,25368.79,20230915,3
011086178C,1,RC-9011086178,DEATH_CLAIM,SETTLED,3,2,DEATH_PAID_IN_FULL,True,30269.51,20260118,3
011087227C,1,RC-9011087227,DEATH_CLAIM,SETTLED,3,2,DEATH_PAID_IN_FULL,True,50228.30,20211025,3
011090414C,1,RC-9011090414,DEATH_CLAIM,SETTLED,3,2,DEATH_PAID_IN_FULL,True,15028.28,20220126,3
011090807C,1,RC-9011090807,DEATH_CLAIM,SETTLED,3,2,DEATH_PAID_IN_FULL,True,9396.92,20200621,3
011098238C,1,RC-9011098238,DEATH_CLAIM,SETTLED,3,2,DEATH_PAID_IN_FULL,True,37062.25,20240108,3
011098913C,1,RC-9011098913,DEATH_CLAIM,SETTLED,3,2,DEATH_PAID_IN_FULL,True,20185.29,20200322,3
011100907C,1,RC-9011100907,DEATH_CLAIM,SETTLED,3,2,DEATH_PAID_IN_FULL,True,5104.90,20191119,3
011102788C,1,RC-9011102788,DEATH_CLAIM,SETTLED,3,2,DEATH_PAID_IN_FULL,True,5142.71,20200701,3
011103202C,1,RC-9011103202,DEATH_CLAIM,SETTLED,3,2,DEATH_PAID_IN_FULL,True,25420.22,20200924,3
011103996C,1,RC-9011103996,DEATH_CLAIM,SETTLED,3,2,DEATH_PAID_IN_FULL,True,5107.06,20220706,3
011104096C,1,RC-9011104096,DEATH_CLAIM,SETTLED,3,2,DEATH_PAID_IN_FULL,True,5753.62,20210507,3
011104828C,1,RC-9011104828,DEATH_CLAIM,SETTLED,3,2,DEATH_PAID_IN_FULL,True,6383.31,20190131,3
011105951C,1,RC-9011105951,DEATH_CLAIM,SETTLED,3,2,DEATH_PAID_IN_FULL,True,30552.13,20180612,3
011107641C,1,RC-9011107641,DEATH_CLAIM,SETTLED,3,2,DEATH_PAID_IN_FULL,True,5237.86,20180614,3
011107848C,1,RC-9011107848,DEATH_CLAIM,SETTLED,3,2,DEATH_PAID_IN_FULL,True,5209.75,20220610,3
011112743C,1,RC-9011112743,DEATH_CLAIM,SETTLED,3,2,DEATH_PAID_IN_FULL,True,5155.10,20230320,3
011112744C,1,RC-9011112744,DEATH_CLAIM,SETTLED,3,2,DEATH_PAID_IN_FULL,True,5357.81,20181121,3
011115690C,1,RC-9011115690,DEATH_CLAIM,SETTLED,3,2,DEATH_PAID_IN_FULL,True,6643.72,20180120,3
011116180C,1,RC-9011116180,DEATH_CLAIM,SETTLED,3,2,DEATH_PAID_IN_FULL,True,5389.97,20221013,3
011122141C,1,RC-9011122141,DEATH_CLAIM,SETTLED,3,2,DEATH_PAID_IN_FULL,True,3201.83,20181210,3
011123322C,1,RC-9011123322,DEATH_CLAIM,SETTLED,3,2,DEATH_PAID_IN_FULL,True,25185.28,20250828,3
011128643C,1,RC-9011128643,DEATH_CLAIM,SETTLED,3,2,DEATH_PAID_IN_FULL,True,50759.50,20250214,3
011130902C,1,RC-9011130902,DEATH_CLAIM,SETTLED,3,2,DEATH_PAID_IN_FULL,True,25144.69,20241010,3
011132389C,1,RC-9011132389,DEATH_CLAIM,SETTLED,3,2,DEATH_PAID_IN_FULL,True,30174.72,20181029,3
011136690C,1,RC-9011136690,DEATH_CLAIM,SETTLED,3,2,DEATH_PAID_IN_FULL,True,119795.38,20230728,3
011138884C,1,RC-9011138884,DEATH_CLAIM,SETTLED,3,2,DEATH_PAID_IN_FULL,True,15146.13,20190531,3
011139256C,1,RC-9011139256,DEATH_CLAIM,SETTLED,3,2,DEATH_PAID_IN_FULL,True,5124.43,20200906,3
011140409C,1,RC-9011140409,DEATH_CLAIM,SETTLED,3,2,DEATH_PAID_IN_FULL,True,50267.15,20220524,3
011145715C,1,RC-9011145715,DEATH_CLAIM,SETTLED,3,2,DEATH_PAID_IN_FULL,True,15641.06,20240718,3
011149370C,1,RC-9011149370,DEATH_CLAIM,SETTLED,3,2,DEATH_PAID_IN_FULL,True,7651.03,20230207,3
011154364C,1,RC-9011154364,DEATH_CLAIM,SETTLED,3,2,DEATH_PAID_IN_FULL,True,25240.35,20251201,3
011155232C,1,RC-9011155232,DEATH_CLAIM,SETTLED,3,2,DEATH_PAID_IN_FULL,True,5129.15,20180419,3
011156655C,1,RC-9011156655,DEATH_CLAIM,SETTLED,3,2,DEATH_PAID_IN_FULL,True,5145.67,20200205,3
011157291C,1,RC-9011157291,DEATH_CLAIM,SETTLED,3,2,DEATH_PAID_IN_FULL,True,10287.69,20231115,3
011158551C,1,RC-9011158551,DEATH_CLAIM,SETTLED,3,2,DEATH_PAID_IN_FULL,True,5320.18,20221222,3
011159295C,1,RC-9011159295,DEATH_CLAIM,SETTLED,3,2,DEATH_PAID_IN_FULL,True,5162.26,20240403,3
011160075C,1,RC-9011160075,DEATH_CLAIM,SETTLED,3,2,DEATH_PAID_IN_FULL,True,5255.25,20180208,3
011162391C,1,RC-9011162391,DEATH_CLAIM,SETTLED,3,2,DEATH_PAID_IN_FULL,True,5102.35,20180723,3
011175414C,1,RC-9011175414,DEATH_CLAIM,SETTLED,3,2,DEATH_PAID_IN_FULL,True,27287.29,20250222,3
011177870C,1,RC-9011177870,DEATH_CLAIM,SETTLED,3,2,DEATH_PAID_IN_FULL,True,6173.60,20210916,3
011178457C,1,RC-9011178457,DEATH_CLAIM,SETTLED,3,2,DEATH_PAID_IN_FULL,True,10189.50,20180524,3
011181208C,1,RC-9011181208,DEATH_CLAIM,SETTLED,3,2,DEATH_PAID_IN_FULL,True,5180.18,20220919,3
011181683C,1,RC-9011181683,DEATH_CLAIM,SETTLED,3,2,DEATH_PAID_IN_FULL,True,25311.85,20181126,3
011184291C,1,RC-9011184291,DEATH_CLAIM,SETTLED,3,2,DEATH_PAID_IN_FULL,True,5284.21,20241025,3
011184745C,1,RC-9011184745,DEATH_CLAIM,SETTLED,3,2,DEATH_PAID_IN_FULL,True,25132.48,20210226,3
011187601C,1,RC-9011187601,DEATH_CLAIM,SETTLED,3,2,DEATH_PAID_IN_FULL,True,5114.88,20211121,3
011187904C,1,RC-9011187904,DEATH_CLAIM,SETTLED,3,2,DEATH_PAID_IN_FULL,True,5269.64,20190220,3
011190410C,1,RC-9011190410,DEATH_CLAIM,SETTLED,3,2,DEATH_PAID_IN_FULL,True,5115.17,20201107,3
011190613C,1,RC-9011190613,DEATH_CLAIM,SETTLED,3,2,DEATH_PAID_IN_FULL,True,5216.21,20201021,3
011191289C,1,RC-9011191289,DEATH_CLAIM,SETTLED,3,2,DEATH_PAID_IN_FULL,True,8132.88,20250513,3
011191584C,1,RC-9011191584,DEATH_CLAIM,SETTLED,3,2,DEATH_PAID_IN_FULL,True,8760.47,20250111,3
011192032C,1,RC-9011192032,DEATH_CLAIM,SETTLED,3,2,DEATH_PAID_IN_FULL,True,8398.32,20200711,3
011194273C,1,RC-9011194273,DEATH_CLAIM,SETTLED,3,2,DEATH_PAID_IN_FULL,True,5286.11,20180317,3
011195087C,1,RC-9011195087,DEATH_CLAIM,SETTLED,3,2,DEATH_PAID_IN_FULL,True,50347.28,20221217,3
011197222C,1,RC-9011197222,DEATH_CLAIM,SETTLED,3,2,DEATH_PAID_IN_FULL,True,45467.81,20190710,3
011197559C,1,RC-9011197559,DEATH_CLAIM,SETTLED,3,2,DEATH_PAID_IN_FULL,True,25113.71,20180601,3
011198344C,1,RC-9011198344,DEATH_CLAIM,SETTLED,3,2,DEATH_PAID_IN_FULL,True,108421.40,20210315,3
011198366C,1,RC-9011198366,DEATH_CLAIM,SETTLED,3,2,DEATH_PAID_IN_FULL,True,10121.70,20220923,3
011198806C,1,RC-9011198806,DEATH_CLAIM,SETTLED,3,2,DEATH_PAID_IN_FULL,True,15145.25,20190708,3
011199632C,1,RC-9011199632,DEATH_CLAIM,SETTLED,3,2,DEATH_PAID_IN_FULL,True,12440.34,20211216,3
011200251C,1,RC-9011200251,DEATH_CLAIM,SETTLED,3,2,DEATH_PAID_IN_FULL,True,16381.44,20200811,3
011203311C,1,RC-9011203311,DEATH_CLAIM,SETTLED,3,2,DEATH_PAID_IN_FULL,True,5191.00,20260330,3
011207871C,1,RC-9011207871,DEATH_CLAIM,SETTLED,3,2,DEATH_PAID_IN_FULL,True,35158.80,20230810,3
011214181C,1,RC-9011214181,DEATH_CLAIM,SETTLED,3,2,DEATH_PAID_IN_FULL,True,5121.11,20250228,3
011216680C,1,RC-9011216680,DEATH_CLAIM,SETTLED,3,2,DEATH_PAID_IN_FULL,True,15331.67,20210926,3
011217684C,1,RC-9011217684,DEATH_CLAIM,SETTLED,3,2,DEATH_PAID_IN_FULL,True,10150.07,20250225,3
011220582C,1,RC-9011220582,DEATH_CLAIM,SETTLED,3,2,DEATH_PAID_IN_FULL,True,50225.80,20190913,3
011221309C,1,RC-9011221309,DEATH_CLAIM,SETTLED,3,2,DEATH_PAID_IN_FULL,True,12902.24,20200927,3
011222039C,1,RC-9011222039,DEATH_CLAIM,SETTLED,3,2,DEATH_PAID_IN_FULL,True,5402.67,20191111,3
011223989C,1,RC-9011223989,DEATH_CLAIM,SETTLED,3,2,DEATH_PAID_IN_FULL,True,5190.74,20250405,3
011226091C,1,RC-9011226091,DEATH_CLAIM,SETTLED,3,2,DEATH_PAID_IN_FULL,True,25137.26,20210109,3
011237180C,1,RC-9011237180,DEATH_CLAIM,SETTLED,3,2,DEATH_PAID_IN_FULL,True,25300.30,20201114,3
011243725C,1,RC-9011243725,DEATH_CLAIM,SETTLED,3,2,DEATH_PAID_IN_FULL,True,50250.80,20200303,3
011261276C,1,RC-9011261276,DEATH_CLAIM,SETTLED,3,2,DEATH_PAID_IN_FULL,True,25254.35,20221108,3
011264375C,1,RC-9011264375,DEATH_CLAIM,SETTLED,3,2,DEATH_PAID_IN_FULL,True,25108.67,20190415,3
011266421C,1,RC-9011266421,DEATH_CLAIM,SETTLED,3,2,DEATH_PAID_IN_FULL,True,13510.41,20250327,3
011282859C,1,RC-9011282859,DEATH_CLAIM,SETTLED,3,2,DEATH_PAID_IN_FULL,True,50143.24,20210103,3
012FG8217C,1,RC-9012FG8217,DEATH_CLAIM,SETTLED,3,2,DEATH_PAID_IN_FULL,True,1207.14,20210712,3
015000341C,1,RC-9015000341,DEATH_CLAIM,SETTLED,3,2,DEATH_PAID_IN_FULL,True,5217.64,20190614,3
015000570C,1,RC-9015000570,DEATH_CLAIM,SETTLED,3,2,DEATH_PAID_IN_FULL,True,5217.65,20241118,3
01ML8378AC,1,RC-901ML8378A,DEATH_CLAIM,SETTLED,3,2,DEATH_PAID_IN_FULL,True,290.24,20190817,3
010713707C,0,PS-010713707-001,PARTIAL_SURRENDER,,99,99,FAMILY_SURRENDER_BUCKET,True,128.50,20180419,22
010713707C,0,PS-010713707-002,PARTIAL_SURRENDER,,99,99,FAMILY_SURRENDER_BUCKET,True,128.50,20190418,22
010713707C,0,PS-010713707-003,PARTIAL_SURRENDER,,99,99,FAMILY_SURRENDER_BUCKET,True,128.50,20200420,22
010713707C,0,PS-010713707-004,PARTIAL_SURRENDER,,99,99,FAMILY_SURRENDER_BUCKET,True,128.50,20210419,22
010713707C,0,PS-010713707-005,PARTIAL_SURRENDER,,99,99,FAMILY_SURRENDER_BUCKET,True,128.50,20220419,22
010713707C,0,PS-010713707-006,PARTIAL_SURRENDER,,99,99,FAMILY_SURRENDER_BUCKET,True,128.50,20230419,22
010713707C,0,PS-010713707-007,PARTIAL_SURRENDER,,99,99,FAMILY_SURRENDER_BUCKET,True,128.50,20240419,22
010713707C,0,PS-010713707-008,PARTIAL_SURRENDER,,99,99,FAMILY_SURRENDER_BUCKET,True,128.50,20250421,22
010715467C,0,PS-010715467-001,PARTIAL_SURRENDER,,99,99,FAMILY_SURRENDER_BUCKET,True,1129.00,20180514,22
010715467C,0,PS-010715467-002,PARTIAL_SURRENDER,,99,99,FAMILY_SURRENDER_BUCKET,True,1129.00,20190514,22
010715467C,0,PS-010715467-003,PARTIAL_SURRENDER,,99,99,FAMILY_SURRENDER_BUCKET,True,1129.00,20200514,22
010715467C,0,PS-010715467-004,PARTIAL_SURRENDER,,99,99,FAMILY_SURRENDER_BUCKET,True,1129.00,20210514,22
010715467C,0,PS-010715467-005,PARTIAL_SURRENDER,,99,99,FAMILY_SURRENDER_BUCKET,True,1129.00,20220516,22
010715467C,0,PS-010715467-006,PARTIAL_SURRENDER,,99,99,FAMILY_SURRENDER_BUCKET,True,1129.00,20230515,22
010715467C,0,PS-010715467-007,PARTIAL_SURRENDER,,99,99,FAMILY_SURRENDER_BUCKET,True,1129.00,20240514,22
010715467C,0,PS-010715467-008,PARTIAL_SURRENDER,,99,99,FAMILY_SURRENDER_BUCKET,True,1129.00,20250514,22
010716973C,0,PS-010716973-001,PARTIAL_SURRENDER,,99,99,FAMILY_SURRENDER_BUCKET,True,263.00,20180510,22
010716973C,0,PS-010716973-002,PARTIAL_SURRENDER,,99,99,FAMILY_SURRENDER_BUCKET,True,263.00,20190510,22
010716973C,0,PS-010716973-003,PARTIAL_SURRENDER,,99,99,FAMILY_SURRENDER_BUCKET,True,263.00,20200511,22
010716973C,0,PS-010716973-004,PARTIAL_SURRENDER,,99,99,FAMILY_SURRENDER_BUCKET,True,263.00,20210510,22
010716973C,0,PS-010716973-005,PARTIAL_SURRENDER,,99,99,FAMILY_SURRENDER_BUCKET,True,263.00,20220510,22
010716973C,0,PS-010716973-006,PARTIAL_SURRENDER,,99,99,FAMILY_SURRENDER_BUCKET,True,263.00,20230510,22
010716973C,0,PS-010716973-007,PARTIAL_SURRENDER,,99,99,FAMILY_SURRENDER_BUCKET,True,263.00,20240510,22
010716973C,0,PS-010716973-008,PARTIAL_SURRENDER,,99,99,FAMILY_SURRENDER_BUCKET,True,263.00,20250512,22
010716974C,0,PS-010716974-001,PARTIAL_SURRENDER,,99,99,FAMILY_SURRENDER_BUCKET,True,246.75,20180510,22
010716974C,0,PS-010716974-002,PARTIAL_SURRENDER,,99,99,FAMILY_SURRENDER_BUCKET,True,246.75,20190510,22
010716974C,0,PS-010716974-003,PARTIAL_SURRENDER,,99,99,FAMILY_SURRENDER_BUCKET,True,246.75,20200511,22
010717034C,0,PS-010717034-001,PARTIAL_SURRENDER,,99,99,FAMILY_SURRENDER_BUCKET,True,320.20,20180511,22
010717034C,0,PS-010717034-002,PARTIAL_SURRENDER,,99,99,FAMILY_SURRENDER_BUCKET,True,320.20,20190513,22
010717034C,0,PS-010717034-003,PARTIAL_SURRENDER,,99,99,FAMILY_SURRENDER_BUCKET,True,320.20,20200511,22
010717034C,0,PS-010717034-004,PARTIAL_SURRENDER,,99,99,FAMILY_SURRENDER_BUCKET,True,320.20,20210511,22
010717034C,0,PS-010717034-005,PARTIAL_SURRENDER,,99,99,FAMILY_SURRENDER_BUCKET,True,320.20,20220511,22
010717034C,0,PS-010717034-006,PARTIAL_SURRENDER,,99,99,FAMILY_SURRENDER_BUCKET,True,320.20,20230511,22
010717034C,0,PS-010717034-007,PARTIAL_SURRENDER,,99,99,FAMILY_SURRENDER_BUCKET,True,320.20,20240513,22
010717034C,0,PS-010717034-008,PARTIAL_SURRENDER,,99,99,FAMILY_SURRENDER_BUCKET,True,320.20,20250512,22
010717447C,0,PS-010717447-001,PARTIAL_SURRENDER,,99,99,FAMILY_SURRENDER_BUCKET,True,1242.00,20230321,22
010717447C,0,PS-010717447-002,PARTIAL_SURRENDER,,99,99,FAMILY_SURRENDER_BUCKET,True,1242.00,20240523,22
010717447C,0,PS-010717447-003,PARTIAL_SURRENDER,,99,99,FAMILY_SURRENDER_BUCKET,True,1242.00,20250523,22
010718276C,0,PS-010718276-001,PARTIAL_SURRENDER,,99,99,FAMILY_SURRENDER_BUCKET,True,1634.00,20180622,22
010718276C,0,PS-010718276-002,PARTIAL_SURRENDER,,99,99,FAMILY_SURRENDER_BUCKET,True,1634.00,20190624,22
010718276C,0,PS-010718276-003,PARTIAL_SURRENDER,,99,99,FAMILY_SURRENDER_BUCKET,True,1634.00,20200622,22
010718276C,0,PS-010718276-004,PARTIAL_SURRENDER,,99,99,FAMILY_SURRENDER_BUCKET,True,1634.00,20210622,22
010718276C,0,PS-010718276-005,PARTIAL_SURRENDER,,99,99,FAMILY_SURRENDER_BUCKET,True,1634.00,20220622,22
010718276C,0,PS-010718276-006,PARTIAL_SURRENDER,,99,99,FAMILY_SURRENDER_BUCKET,True,1634.00,20230622,22
010718276C,0,PS-010718276-007,PARTIAL_SURRENDER,,99,99,FAMILY_SURRENDER_BUCKET,True,1634.00,20240624,22
010718276C,0,PS-010718276-008,PARTIAL_SURRENDER,,99,99,FAMILY_SURRENDER_BUCKET,True,1634.00,20250623,22
010718277C,0,PS-010718277-001,PARTIAL_SURRENDER,,99,99,FAMILY_SURRENDER_BUCKET,True,585.50,20180604,22
010718277C,0,PS-010718277-002,PARTIAL_SURRENDER,,99,99,FAMILY_SURRENDER_BUCKET,True,585.50,20190604,22
010718277C,0,PS-010718277-003,PARTIAL_SURRENDER,,99,99,FAMILY_SURRENDER_BUCKET,True,585.50,20200604,22
010718277C,0,PS-010718277-004,PARTIAL_SURRENDER,,99,99,FAMILY_SURRENDER_BUCKET,True,585.50,20210604,22
010718277C,0,PS-010718277-005,PARTIAL_SURRENDER,,99,99,FAMILY_SURRENDER_BUCKET,True,585.50,20220606,22
010718277C,0,PS-010718277-006,PARTIAL_SURRENDER,,99,99,FAMILY_SURRENDER_BUCKET,True,585.50,20230605,22
010718277C,0,PS-010718277-007,PARTIAL_SURRENDER,,99,99,FAMILY_SURRENDER_BUCKET,True,585.50,20240604,22
010718277C,0,PS-010718277-008,PARTIAL_SURRENDER,,99,99,FAMILY_SURRENDER_BUCKET,True,585.50,20250604,22
010718495C,0,PS-010718495-001,PARTIAL_SURRENDER,,99,99,FAMILY_SURRENDER_BUCKET,True,1095.75,20180604,22
010718495C,0,PS-010718495-002,PARTIAL_SURRENDER,,99,99,FAMILY_SURRENDER_BUCKET,True,1095.75,20190603,22
010718495C,0,PS-010718495-003,PARTIAL_SURRENDER,,99,99,FAMILY_SURRENDER_BUCKET,True,1095.75,20200602,22
010719553C,0,PS-010719553-001,PARTIAL_SURRENDER,,99,99,FAMILY_SURRENDER_BUCKET,True,134.75,20180611,22
010719553C,0,PS-010719553-002,PARTIAL_SURRENDER,,99,99,FAMILY_SURRENDER_BUCKET,True,134.75,20190611,22
010719553C,0,PS-010719553-003,PARTIAL_SURRENDER,,99,99,FAMILY_SURRENDER_BUCKET,True,134.75,20200611,22
010719553C,0,PS-010719553-004,PARTIAL_SURRENDER,,99,99,FAMILY_SURRENDER_BUCKET,True,134.75,20210611,22
010719553C,0,PS-010719553-005,PARTIAL_SURRENDER,,99,99,FAMILY_SURRENDER_BUCKET,True,134.75,20220613,22
010719553C,0,PS-010719553-006,PARTIAL_SURRENDER,,99,99,FAMILY_SURRENDER_BUCKET,True,134.75,20230612,22
010719553C,0,PS-010719553-007,PARTIAL_SURRENDER,,99,99,FAMILY_SURRENDER_BUCKET,True,134.75,20240611,22
010719553C,0,PS-010719553-008,PARTIAL_SURRENDER,,99,99,FAMILY_SURRENDER_BUCKET,True,134.75,20250611,22
010719815C,0,PS-010719815-001,PARTIAL_SURRENDER,,99,99,FAMILY_SURRENDER_BUCKET,True,246.75,20180803,22
010719815C,0,PS-010719815-002,PARTIAL_SURRENDER,,99,99,FAMILY_SURRENDER_BUCKET,True,246.75,20190805,22
010719815C,0,PS-010719815-003,PARTIAL_SURRENDER,,99,99,FAMILY_SURRENDER_BUCKET,True,246.75,20200803,22
010719815C,0,PS-010719815-004,PARTIAL_SURRENDER,,99,99,FAMILY_SURRENDER_BUCKET,True,246.75,20210803,22
010719815C,0,PS-010719815-005,PARTIAL_SURRENDER,,99,99,FAMILY_SURRENDER_BUCKET,True,246.75,20220803,22
010719815C,0,PS-010719815-006,PARTIAL_SURRENDER,,99,99,FAMILY_SURRENDER_BUCKET,True,246.75,20230803,22
010719815C,0,PS-010719815-007,PARTIAL_SURRENDER,,99,99,FAMILY_SURRENDER_BUCKET,True,246.75,20240805,22
010719815C,0,PS-010719815-008,PARTIAL_SURRENDER,,99,99,FAMILY_SURRENDER_BUCKET,True,246.75,20250804,22
010720759C,0,PS-010720759-001,PARTIAL_SURRENDER,,99,99,FAMILY_SURRENDER_BUCKET,True,279.25,20180618,22
010720759C,0,PS-010720759-002,PARTIAL_SURRENDER,,99,99,FAMILY_SURRENDER_BUCKET,True,279.25,20190618,22
010720759C,0,PS-010720759-003,PARTIAL_SURRENDER,,99,99,FAMILY_SURRENDER_BUCKET,True,279.25,20200618,22
010720759C,0,PS-010720759-004,PARTIAL_SURRENDER,,99,99,FAMILY_SURRENDER_BUCKET,True,279.25,20210618,22
010720759C,0,PS-010720759-005,PARTIAL_SURRENDER,,99,99,FAMILY_SURRENDER_BUCKET,True,279.25,20220620,22
010720759C,0,PS-010720759-006,PARTIAL_SURRENDER,,99,99,FAMILY_SURRENDER_BUCKET,True,279.25,20230619,22
010720759C,0,PS-010720759-007,PARTIAL_SURRENDER,,99,99,FAMILY_SURRENDER_BUCKET,True,279.25,20240618,22
010720759C,0,PS-010720759-008,PARTIAL_SURRENDER,,99,99,FAMILY_SURRENDER_BUCKET,True,279.25,20250618,22
010722734C,0,PS-010722734-001,PARTIAL_SURRENDER,,99,99,FAMILY_SURRENDER_BUCKET,True,912.00,20180710,22
010722734C,0,PS-010722734-002,PARTIAL_SURRENDER,,99,99,FAMILY_SURRENDER_BUCKET,True,912.00,20190710,22
010722734C,0,PS-010722734-003,PARTIAL_SURRENDER,,99,99,FAMILY_SURRENDER_BUCKET,True,912.00,20200710,22
010722734C,0,PS-010722734-004,PARTIAL_SURRENDER,,99,99,FAMILY_SURRENDER_BUCKET,True,912.00,20210712,22
010722734C,0,PS-010722734-005,PARTIAL_SURRENDER,,99,99,FAMILY_SURRENDER_BUCKET,True,912.00,20220711,22
010722734C,0,PS-010722734-006,PARTIAL_SURRENDER,,99,99,FAMILY_SURRENDER_BUCKET,True,912.00,20230710,22
010722734C,0,PS-010722734-007,PARTIAL_SURRENDER,,99,99,FAMILY_SURRENDER_BUCKET,True,912.00,20240710,22
010722734C,0,PS-010722734-008,PARTIAL_SURRENDER,,99,99,FAMILY_SURRENDER_BUCKET,True,912.00,20250710,22
010723386C,0,PS-010723386-001,PARTIAL_SURRENDER,,99,99,FAMILY_SURRENDER_BUCKET,True,752.00,20180713,22
010723386C,0,PS-010723386-002,PARTIAL_SURRENDER,,99,99,FAMILY_SURRENDER_BUCKET,True,752.00,20190718,22
010723386C,0,PS-010723386-003,PARTIAL_SURRENDER,,99,99,FAMILY_SURRENDER_BUCKET,True,752.00,20200716,22
010723386C,0,PS-010723386-004,PARTIAL_SURRENDER,,99,99,FAMILY_SURRENDER_BUCKET,True,752.00,20210719,22
010723386C,0,PS-010723386-005,PARTIAL_SURRENDER,,99,99,FAMILY_SURRENDER_BUCKET,True,752.00,20220718,22
010723386C,0,PS-010723386-006,PARTIAL_SURRENDER,,99,99,FAMILY_SURRENDER_BUCKET,True,752.00,20230720,22
010723386C,0,PS-010723386-007,PARTIAL_SURRENDER,,99,99,FAMILY_SURRENDER_BUCKET,True,752.00,20240718,22
010723386C,0,PS-010723386-008,PARTIAL_SURRENDER,,99,99,FAMILY_SURRENDER_BUCKET,True,752.00,20250718,22
010723387C,0,PS-010723387-001,PARTIAL_SURRENDER,,99,99,FAMILY_SURRENDER_BUCKET,True,509.00,20180718,22
010723387C,0,PS-010723387-002,PARTIAL_SURRENDER,,99,99,FAMILY_SURRENDER_BUCKET,True,509.00,20190718,22
010723387C,0,PS-010723387-003,PARTIAL_SURRENDER,,99,99,FAMILY_SURRENDER_BUCKET,True,509.00,20200720,22
010723387C,0,PS-010723387-004,PARTIAL_SURRENDER,,99,99,FAMILY_SURRENDER_BUCKET,True,509.00,20210719,22
010723387C,0,PS-010723387-005,PARTIAL_SURRENDER,,99,99,FAMILY_SURRENDER_BUCKET,True,509.00,20220718,22
010723387C,0,PS-010723387-006,PARTIAL_SURRENDER,,99,99,FAMILY_SURRENDER_BUCKET,True,509.00,20230718,22
010723387C,0,PS-010723387-007,PARTIAL_SURRENDER,,99,99,FAMILY_SURRENDER_BUCKET,True,509.00,20240718,22
010723387C,0,PS-010723387-008,PARTIAL_SURRENDER,,99,99,FAMILY_SURRENDER_BUCKET,True,509.00,20250718,22
010723388C,0,PS-010723388-001,PARTIAL_SURRENDER,,99,99,FAMILY_SURRENDER_BUCKET,True,768.53,20180713,22
010723388C,0,PS-010723388-002,PARTIAL_SURRENDER,,99,99,FAMILY_SURRENDER_BUCKET,True,768.53,20190718,22
010723388C,0,PS-010723388-003,PARTIAL_SURRENDER,,99,99,FAMILY_SURRENDER_BUCKET,True,768.53,20200716,22
010723388C,0,PS-010723388-004,PARTIAL_SURRENDER,,99,99,FAMILY_SURRENDER_BUCKET,True,768.53,20210719,22
010723388C,0,PS-010723388-005,PARTIAL_SURRENDER,,99,99,FAMILY_SURRENDER_BUCKET,True,768.53,20220718,22
010723523C,0,PS-010723523-001,PARTIAL_SURRENDER,,99,99,FAMILY_SURRENDER_BUCKET,True,222.25,20180726,22
010723523C,0,PS-010723523-002,PARTIAL_SURRENDER,,99,99,FAMILY_SURRENDER_BUCKET,True,222.25,20190726,22
010723523C,0,PS-010723523-003,PARTIAL_SURRENDER,,99,99,FAMILY_SURRENDER_BUCKET,True,222.25,20200727,22
010723523C,0,PS-010723523-004,PARTIAL_SURRENDER,,99,99,FAMILY_SURRENDER_BUCKET,True,222.25,20210726,22
010723523C,0,PS-010723523-005,PARTIAL_SURRENDER,,99,99,FAMILY_SURRENDER_BUCKET,True,222.25,20220726,22
010723523C,0,PS-010723523-006,PARTIAL_SURRENDER,,99,99,FAMILY_SURRENDER_BUCKET,True,222.25,20230726,22
010723523C,0,PS-010723523-007,PARTIAL_SURRENDER,,99,99,FAMILY_SURRENDER_BUCKET,True,222.25,20240726,22
010723523C,0,PS-010723523-008,PARTIAL_SURRENDER,,99,99,FAMILY_SURRENDER_BUCKET,True,222.25,20250728,22
010723524C,0,PS-010723524-001,PARTIAL_SURRENDER,,99,99,FAMILY_SURRENDER_BUCKET,True,517.00,20180718,22
010723524C,0,PS-010723524-002,PARTIAL_SURRENDER,,99,99,FAMILY_SURRENDER_BUCKET,True,517.00,20190718,22
010723524C,0,PS-010723524-003,PARTIAL_SURRENDER,,99,99,FAMILY_SURRENDER_BUCKET,True,517.00,20200720,22
010723524C,0,PS-010723524-004,PARTIAL_SURRENDER,,99,99,FAMILY_SURRENDER_BUCKET,True,517.00,20210719,22
010723524C,0,PS-010723524-005,PARTIAL_SURRENDER,,99,99,FAMILY_SURRENDER_BUCKET,True,517.00,20220718,22
010723524C,0,PS-010723524-006,PARTIAL_SURRENDER,,99,99,FAMILY_SURRENDER_BUCKET,True,517.00,20230718,22
010723524C,0,PS-010723524-007,PARTIAL_SURRENDER,,99,99,FAMILY_SURRENDER_BUCKET,True,517.00,20240718,22
010723524C,0,PS-010723524-008,PARTIAL_SURRENDER,,99,99,FAMILY_SURRENDER_BUCKET,True,517.00,20250718,22
010724403C,0,PS-010724403-001,PARTIAL_SURRENDER,,99,99,FAMILY_SURRENDER_BUCKET,True,1184.00,20180801,22
010724403C,0,PS-010724403-002,PARTIAL_SURRENDER,,99,99,FAMILY_SURRENDER_BUCKET,True,1184.00,20190801,22
010724403C,0,PS-010724403-003,PARTIAL_SURRENDER,,99,99,FAMILY_SURRENDER_BUCKET,True,1184.00,20200803,22
010724403C,0,PS-010724403-004,PARTIAL_SURRENDER,,99,99,FAMILY_SURRENDER_BUCKET,True,1184.00,20210802,22
010724510C,0,PS-010724510-001,PARTIAL_SURRENDER,,99,99,FAMILY_SURRENDER_BUCKET,True,633.50,20180801,22
010724510C,0,PS-010724510-002,PARTIAL_SURRENDER,,99,99,FAMILY_SURRENDER_BUCKET,True,633.50,20190801,22
010724510C,0,PS-010724510-003,PARTIAL_SURRENDER,,99,99,FAMILY_SURRENDER_BUCKET,True,633.50,20200803,22
010724510C,0,PS-010724510-004,PARTIAL_SURRENDER,,99,99,FAMILY_SURRENDER_BUCKET,True,633.50,20210802,22
010724510C,0,PS-010724510-005,PARTIAL_SURRENDER,,99,99,FAMILY_SURRENDER_BUCKET,True,633.50,20220801,22
010724510C,0,PS-010724510-006,PARTIAL_SURRENDER,,99,99,FAMILY_SURRENDER_BUCKET,True,633.50,20230801,22
010724510C,0,PS-010724510-007,PARTIAL_SURRENDER,,99,99,FAMILY_SURRENDER_BUCKET,True,633.50,20240801,22
010724510C,0,PS-010724510-008,PARTIAL_SURRENDER,,99,99,FAMILY_SURRENDER_BUCKET,True,633.50,20250801,22
010726922C,0,PS-010726922-001,PARTIAL_SURRENDER,,99,99,FAMILY_SURRENDER_BUCKET,True,134.75,20180820,22
010726922C,0,PS-010726922-002,PARTIAL_SURRENDER,,99,99,FAMILY_SURRENDER_BUCKET,True,134.75,20190820,22
010726922C,0,PS-010726922-003,PARTIAL_SURRENDER,,99,99,FAMILY_SURRENDER_BUCKET,True,134.75,20200820,22
010726922C,0,PS-010726922-004,PARTIAL_SURRENDER,,99,99,FAMILY_SURRENDER_BUCKET,True,134.75,20210820,22
010726922C,0,PS-010726922-005,PARTIAL_SURRENDER,,99,99,FAMILY_SURRENDER_BUCKET,True,134.75,20220822,22
010726922C,0,PS-010726922-006,PARTIAL_SURRENDER,,99,99,FAMILY_SURRENDER_BUCKET,True,134.75,20230821,22
010726922C,0,PS-010726922-007,PARTIAL_SURRENDER,,99,99,FAMILY_SURRENDER_BUCKET,True,134.75,20240820,22
010726922C,0,PS-010726922-008,PARTIAL_SURRENDER,,99,99,FAMILY_SURRENDER_BUCKET,True,134.75,20250820,22
010728696C,0,PS-010728696-001,PARTIAL_SURRENDER,,99,99,FAMILY_SURRENDER_BUCKET,True,131.50,20180904,22
010728696C,0,PS-010728696-002,PARTIAL_SURRENDER,,99,99,FAMILY_SURRENDER_BUCKET,True,131.50,20190903,22
010728696C,0,PS-010728696-003,PARTIAL_SURRENDER,,99,99,FAMILY_SURRENDER_BUCKET,True,131.50,20200902,22
010728696C,0,PS-010728696-004,PARTIAL_SURRENDER,,99,99,FAMILY_SURRENDER_BUCKET,True,131.50,20210902,22
010728696C,0,PS-010728696-005,PARTIAL_SURRENDER,,99,99,FAMILY_SURRENDER_BUCKET,True,131.50,20220902,22
010728696C,0,PS-010728696-006,PARTIAL_SURRENDER,,99,99,FAMILY_SURRENDER_BUCKET,True,131.50,20230905,22
010729500C,0,PS-010729500-001,PARTIAL_SURRENDER,,99,99,FAMILY_SURRENDER_BUCKET,True,181.00,20180913,22
010729500C,0,PS-010729500-002,PARTIAL_SURRENDER,,99,99,FAMILY_SURRENDER_BUCKET,True,181.00,20190913,22
010729500C,0,PS-010729500-003,PARTIAL_SURRENDER,,99,99,FAMILY_SURRENDER_BUCKET,True,181.00,20200914,22
010729500C,0,PS-010729500-004,PARTIAL_SURRENDER,,99,99,FAMILY_SURRENDER_BUCKET,True,181.00,20210913,22
010729500C,0,PS-010729500-005,PARTIAL_SURRENDER,,99,99,FAMILY_SURRENDER_BUCKET,True,181.00,20220913,22
010729500C,0,PS-010729500-006,PARTIAL_SURRENDER,,99,99,FAMILY_SURRENDER_BUCKET,True,181.00,20230913,22
010729500C,0,PS-010729500-007,PARTIAL_SURRENDER,,99,99,FAMILY_SURRENDER_BUCKET,True,181.00,20240913,22
010729500C,0,PS-010729500-008,PARTIAL_SURRENDER,,99,99,FAMILY_SURRENDER_BUCKET,True,181.00,20250915,22
010729999C,0,PS-010729999-001,PARTIAL_SURRENDER,,99,99,FAMILY_SURRENDER_BUCKET,True,373.75,20181009,22
010729999C,0,PS-010729999-002,PARTIAL_SURRENDER,,99,99,FAMILY_SURRENDER_BUCKET,True,373.75,20191009,22
010729999C,0,PS-010729999-003,PARTIAL_SURRENDER,,99,99,FAMILY_SURRENDER_BUCKET,True,373.75,20201009,22
010729999C,0,PS-010729999-004,PARTIAL_SURRENDER,,99,99,FAMILY_SURRENDER_BUCKET,True,373.75,20211011,22
010729999C,0,PS-010729999-005,PARTIAL_SURRENDER,,99,99,FAMILY_SURRENDER_BUCKET,True,373.75,20221010,22
010729999C,0,PS-010729999-006,PARTIAL_SURRENDER,,99,99,FAMILY_SURRENDER_BUCKET,True,373.75,20231009,22
010729999C,0,PS-010729999-007,PARTIAL_SURRENDER,,99,99,FAMILY_SURRENDER_BUCKET,True,373.75,20241009,22
010729999C,0,PS-010729999-008,PARTIAL_SURRENDER,,99,99,FAMILY_SURRENDER_BUCKET,True,373.75,20251009,22
010731608C,0,PS-010731608-001,PARTIAL_SURRENDER,,99,99,FAMILY_SURRENDER_BUCKET,True,271.00,20181008,22
010731608C,0,PS-010731608-002,PARTIAL_SURRENDER,,99,99,FAMILY_SURRENDER_BUCKET,True,271.00,20191008,22
010731608C,0,PS-010731608-003,PARTIAL_SURRENDER,,99,99,FAMILY_SURRENDER_BUCKET,True,271.00,20201008,22
010731608C,0,PS-010731608-004,PARTIAL_SURRENDER,,99,99,FAMILY_SURRENDER_BUCKET,True,271.00,20211014,22
010732270C,0,PS-010732270-001,PARTIAL_SURRENDER,,99,99,FAMILY_SURRENDER_BUCKET,True,125.75,20221006,22
010732270C,0,PS-010732270-002,PARTIAL_SURRENDER,,99,99,FAMILY_SURRENDER_BUCKET,True,125.75,20231010,22
010732270C,0,PS-010732270-003,PARTIAL_SURRENDER,,99,99,FAMILY_SURRENDER_BUCKET,True,125.75,20241010,22
010732270C,0,PS-010732270-004,PARTIAL_SURRENDER,,99,99,FAMILY_SURRENDER_BUCKET,True,125.75,20251010,22
010732276C,0,PS-010732276-001,PARTIAL_SURRENDER,,99,99,FAMILY_SURRENDER_BUCKET,True,150.25,20221013,22
010732276C,0,PS-010732276-002,PARTIAL_SURRENDER,,99,99,FAMILY_SURRENDER_BUCKET,True,150.25,20231010,22
010732276C,0,PS-010732276-003,PARTIAL_SURRENDER,,99,99,FAMILY_SURRENDER_BUCKET,True,150.25,20241010,22
010732276C,0,PS-010732276-004,PARTIAL_SURRENDER,,99,99,FAMILY_SURRENDER_BUCKET,True,150.25,20251010,22
010732278C,0,PS-010732278-001,PARTIAL_SURRENDER,,99,99,FAMILY_SURRENDER_BUCKET,True,253.25,20181010,22
010732278C,0,PS-010732278-002,PARTIAL_SURRENDER,,99,99,FAMILY_SURRENDER_BUCKET,True,253.25,20191010,22
010732278C,0,PS-010732278-003,PARTIAL_SURRENDER,,99,99,FAMILY_SURRENDER_BUCKET,True,253.25,20201012,22
010732278C,0,PS-010732278-004,PARTIAL_SURRENDER,,99,99,FAMILY_SURRENDER_BUCKET,True,253.25,20211011,22
010732278C,0,PS-010732278-005,PARTIAL_SURRENDER,,99,99,FAMILY_SURRENDER_BUCKET,True,253.25,20221010,22
010732278C,0,PS-010732278-006,PARTIAL_SURRENDER,,99,99,FAMILY_SURRENDER_BUCKET,True,253.25,20231010,22
010732280C,0,PS-010732280-001,PARTIAL_SURRENDER,,99,99,FAMILY_SURRENDER_BUCKET,True,246.75,20181010,22
010732280C,0,PS-010732280-002,PARTIAL_SURRENDER,,99,99,FAMILY_SURRENDER_BUCKET,True,246.75,20191010,22
010732280C,0,PS-010732280-003,PARTIAL_SURRENDER,,99,99,FAMILY_SURRENDER_BUCKET,True,246.75,20201012,22
010732280C,0,PS-010732280-004,PARTIAL_SURRENDER,,99,99,FAMILY_SURRENDER_BUCKET,True,246.75,20211011,22
010732280C,0,PS-010732280-005,PARTIAL_SURRENDER,,99,99,FAMILY_SURRENDER_BUCKET,True,246.75,20221010,22
010732280C,0,PS-010732280-006,PARTIAL_SURRENDER,,99,99,FAMILY_SURRENDER_BUCKET,True,246.75,20231010,22
010732280C,0,PS-010732280-007,PARTIAL_SURRENDER,,99,99,FAMILY_SURRENDER_BUCKET,True,246.75,20241010,22
010732280C,0,PS-010732280-008,PARTIAL_SURRENDER,,99,99,FAMILY_SURRENDER_BUCKET,True,246.75,20251010,22
010736736C,0,PS-010736736-001,PARTIAL_SURRENDER,,99,99,FAMILY_SURRENDER_BUCKET,True,134.75,20201209,22
010736736C,0,PS-010736736-002,PARTIAL_SURRENDER,,99,99,FAMILY_SURRENDER_BUCKET,True,134.75,20211209,22
010736736C,0,PS-010736736-003,PARTIAL_SURRENDER,,99,99,FAMILY_SURRENDER_BUCKET,True,134.75,20221209,22
010736736C,0,PS-010736736-004,PARTIAL_SURRENDER,,99,99,FAMILY_SURRENDER_BUCKET,True,134.75,20231211,22
010736736C,0,PS-010736736-005,PARTIAL_SURRENDER,,99,99,FAMILY_SURRENDER_BUCKET,True,134.75,20241209,22
010736736C,0,PS-010736736-006,PARTIAL_SURRENDER,,99,99,FAMILY_SURRENDER_BUCKET,True,134.75,20251209,22
010737378C,0,PS-010737378-001,PARTIAL_SURRENDER,,99,99,FAMILY_SURRENDER_BUCKET,True,325.50,20181205,22
010737378C,0,PS-010737378-002,PARTIAL_SURRENDER,,99,99,FAMILY_SURRENDER_BUCKET,True,325.50,20191205,22
010737378C,0,PS-010737378-003,PARTIAL_SURRENDER,,99,99,FAMILY_SURRENDER_BUCKET,True,325.50,20201207,22
010737378C,0,PS-010737378-004,PARTIAL_SURRENDER,,99,99,FAMILY_SURRENDER_BUCKET,True,325.50,20211206,22
010737378C,0,PS-010737378-005,PARTIAL_SURRENDER,,99,99,FAMILY_SURRENDER_BUCKET,True,325.50,20221205,22
010737378C,0,PS-010737378-006,PARTIAL_SURRENDER,,99,99,FAMILY_SURRENDER_BUCKET,True,325.50,20231205,22
010737378C,0,PS-010737378-007,PARTIAL_SURRENDER,,99,99,FAMILY_SURRENDER_BUCKET,True,325.50,20241205,22
010737378C,0,PS-010737378-008,PARTIAL_SURRENDER,,99,99,FAMILY_SURRENDER_BUCKET,True,325.50,20251205,22
010738207C,0,PS-010738207-001,PARTIAL_SURRENDER,,99,99,FAMILY_SURRENDER_BUCKET,True,1420.00,20181228,22
010738207C,0,PS-010738207-002,PARTIAL_SURRENDER,,99,99,FAMILY_SURRENDER_BUCKET,True,1420.00,20191230,22
010738207C,0,PS-010738207-003,PARTIAL_SURRENDER,,99,99,FAMILY_SURRENDER_BUCKET,True,1420.00,20201228,22
010738207C,0,PS-010738207-004,PARTIAL_SURRENDER,,99,99,FAMILY_SURRENDER_BUCKET,True,1420.00,20211228,22
010738207C,0,PS-010738207-005,PARTIAL_SURRENDER,,99,99,FAMILY_SURRENDER_BUCKET,True,1420.00,20221228,22
010738207C,0,PS-010738207-006,PARTIAL_SURRENDER,,99,99,FAMILY_SURRENDER_BUCKET,True,1420.00,20231228,22
010738207C,0,PS-010738207-007,PARTIAL_SURRENDER,,99,99,FAMILY_SURRENDER_BUCKET,True,1420.00,20241230,22
010738207C,0,PS-010738207-008,PARTIAL_SURRENDER,,99,99,FAMILY_SURRENDER_BUCKET,True,1420.00,20251229,22
010738672C,0,PS-010738672-001,PARTIAL_SURRENDER,,99,99,FAMILY_SURRENDER_BUCKET,True,358.00,20180102,22
010738672C,0,PS-010738672-002,PARTIAL_SURRENDER,,99,99,FAMILY_SURRENDER_BUCKET,True,358.00,20190102,22
010738672C,0,PS-010738672-003,PARTIAL_SURRENDER,,99,99,FAMILY_SURRENDER_BUCKET,True,358.00,20200102,22
010738672C,0,PS-010738672-004,PARTIAL_SURRENDER,,99,99,FAMILY_SURRENDER_BUCKET,True,358.00,20210104,22
010738672C,0,PS-010738672-005,PARTIAL_SURRENDER,,99,99,FAMILY_SURRENDER_BUCKET,True,358.00,20220103,22
010738672C,0,PS-010738672-006,PARTIAL_SURRENDER,,99,99,FAMILY_SURRENDER_BUCKET,True,358.00,20230103,22
010738672C,0,PS-010738672-007,PARTIAL_SURRENDER,,99,99,FAMILY_SURRENDER_BUCKET,True,358.00,20240102,22
010738672C,0,PS-010738672-008,PARTIAL_SURRENDER,,99,99,FAMILY_SURRENDER_BUCKET,True,358.00,20250102,22
010738672C,0,PS-010738672-009,PARTIAL_SURRENDER,,99,99,FAMILY_SURRENDER_BUCKET,True,358.00,20260102,22
010740836C,0,PS-010740836-001,PARTIAL_SURRENDER,,99,99,FAMILY_SURRENDER_BUCKET,True,163.20,20180129,22
010740836C,0,PS-010740836-002,PARTIAL_SURRENDER,,99,99,FAMILY_SURRENDER_BUCKET,True,163.20,20190128,22
010741302C,0,PS-010741302-001,PARTIAL_SURRENDER,,99,99,FAMILY_SURRENDER_BUCKET,True,150.25,20210617,22
010741302C,0,PS-010741302-002,PARTIAL_SURRENDER,,99,99,FAMILY_SURRENDER_BUCKET,True,150.25,20220126,22
010741302C,0,PS-010741302-003,PARTIAL_SURRENDER,,99,99,FAMILY_SURRENDER_BUCKET,True,150.25,20230126,22
010741302C,0,PS-010741302-004,PARTIAL_SURRENDER,,99,99,FAMILY_SURRENDER_BUCKET,True,150.25,20240126,22
010741302C,0,PS-010741302-005,PARTIAL_SURRENDER,,99,99,FAMILY_SURRENDER_BUCKET,True,150.25,20250127,22
010741334C,0,PS-010741334-001,PARTIAL_SURRENDER,,99,99,FAMILY_SURRENDER_BUCKET,True,169.75,20210617,22
010741334C,0,PS-010741334-002,PARTIAL_SURRENDER,,99,99,FAMILY_SURRENDER_BUCKET,True,169.75,20220126,22
010741334C,0,PS-010741334-003,PARTIAL_SURRENDER,,99,99,FAMILY_SURRENDER_BUCKET,True,169.75,20230126,22
010741334C,0,PS-010741334-004,PARTIAL_SURRENDER,,99,99,FAMILY_SURRENDER_BUCKET,True,169.75,20240126,22
010741334C,0,PS-010741334-005,PARTIAL_SURRENDER,,99,99,FAMILY_SURRENDER_BUCKET,True,169.75,20250127,22
010742814C,0,PS-010742814-001,PARTIAL_SURRENDER,,99,99,FAMILY_SURRENDER_BUCKET,True,155.75,20180212,22
010743074C,0,PS-010743074-001,PARTIAL_SURRENDER,,99,99,FAMILY_SURRENDER_BUCKET,True,246.12,20180220,22
010743638C,0,PS-010743638-001,PARTIAL_SURRENDER,,99,99,FAMILY_SURRENDER_BUCKET,True,269.65,20180227,22
010743638C,0,PS-010743638-002,PARTIAL_SURRENDER,,99,99,FAMILY_SURRENDER_BUCKET,True,269.65,20190227,22
010743638C,0,PS-010743638-003,PARTIAL_SURRENDER,,99,99,FAMILY_SURRENDER_BUCKET,True,269.65,20200227,22
010743638C,0,PS-010743638-004,PARTIAL_SURRENDER,,99,99,FAMILY_SURRENDER_BUCKET,True,269.65,20210226,22
010743638C,0,PS-010743638-005,PARTIAL_SURRENDER,,99,99,FAMILY_SURRENDER_BUCKET,True,269.65,20220228,22
010743638C,0,PS-010743638-006,PARTIAL_SURRENDER,,99,99,FAMILY_SURRENDER_BUCKET,True,269.65,20230227,22
010743638C,0,PS-010743638-007,PARTIAL_SURRENDER,,99,99,FAMILY_SURRENDER_BUCKET,True,269.65,20240227,22
010743638C,0,PS-010743638-008,PARTIAL_SURRENDER,,99,99,FAMILY_SURRENDER_BUCKET,True,269.65,20250227,22
010744412C,0,PS-010744412-001,PARTIAL_SURRENDER,,99,99,FAMILY_SURRENDER_BUCKET,True,217.20,20180109,22
010744412C,0,PS-010744412-002,PARTIAL_SURRENDER,,99,99,FAMILY_SURRENDER_BUCKET,True,217.20,20190306,22
010744412C,0,PS-010744412-003,PARTIAL_SURRENDER,,99,99,FAMILY_SURRENDER_BUCKET,True,217.20,20200306,22
010744412C,0,PS-010744412-004,PARTIAL_SURRENDER,,99,99,FAMILY_SURRENDER_BUCKET,True,217.20,20210308,22
010744412C,0,PS-010744412-005,PARTIAL_SURRENDER,,99,99,FAMILY_SURRENDER_BUCKET,True,217.20,20220307,22
010745456C,0,PS-010745456-001,PARTIAL_SURRENDER,,99,99,FAMILY_SURRENDER_BUCKET,True,128.50,20180315,22
010745456C,0,PS-010745456-002,PARTIAL_SURRENDER,,99,99,FAMILY_SURRENDER_BUCKET,True,128.50,20190315,22
010745456C,0,PS-010745456-003,PARTIAL_SURRENDER,,99,99,FAMILY_SURRENDER_BUCKET,True,128.50,20200316,22
010745456C,0,PS-010745456-004,PARTIAL_SURRENDER,,99,99,FAMILY_SURRENDER_BUCKET,True,128.50,20210315,22
010745456C,0,PS-010745456-005,PARTIAL_SURRENDER,,99,99,FAMILY_SURRENDER_BUCKET,True,128.50,20220315,22
010745456C,0,PS-010745456-006,PARTIAL_SURRENDER,,99,99,FAMILY_SURRENDER_BUCKET,True,128.50,20230315,22
010745456C,0,PS-010745456-007,PARTIAL_SURRENDER,,99,99,FAMILY_SURRENDER_BUCKET,True,128.50,20240315,22
010745456C,0,PS-010745456-008,PARTIAL_SURRENDER,,99,99,FAMILY_SURRENDER_BUCKET,True,128.50,20250317,22
010745750C,0,PS-010745750-001,PARTIAL_SURRENDER,,99,99,FAMILY_SURRENDER_BUCKET,True,125.75,20180322,22
010745750C,0,PS-010745750-002,PARTIAL_SURRENDER,,99,99,FAMILY_SURRENDER_BUCKET,True,125.75,20190322,22
010745750C,0,PS-010745750-003,PARTIAL_SURRENDER,,99,99,FAMILY_SURRENDER_BUCKET,True,125.75,20200323,22
010745750C,0,PS-010745750-004,PARTIAL_SURRENDER,,99,99,FAMILY_SURRENDER_BUCKET,True,125.75,20210322,22
010745750C,0,PS-010745750-005,PARTIAL_SURRENDER,,99,99,FAMILY_SURRENDER_BUCKET,True,125.75,20220322,22
010745750C,0,PS-010745750-006,PARTIAL_SURRENDER,,99,99,FAMILY_SURRENDER_BUCKET,True,125.75,20230322,22
010745750C,0,PS-010745750-007,PARTIAL_SURRENDER,,99,99,FAMILY_SURRENDER_BUCKET,True,125.75,20240322,22
010745750C,0,PS-010745750-008,PARTIAL_SURRENDER,,99,99,FAMILY_SURRENDER_BUCKET,True,125.75,20250324,22
010745751C,0,PS-010745751-001,PARTIAL_SURRENDER,,99,99,FAMILY_SURRENDER_BUCKET,True,335.45,20180322,22
010745751C,0,PS-010745751-002,PARTIAL_SURRENDER,,99,99,FAMILY_SURRENDER_BUCKET,True,335.45,20190322,22
010745751C,0,PS-010745751-003,PARTIAL_SURRENDER,,99,99,FAMILY_SURRENDER_BUCKET,True,335.45,20200323,22
010745751C,0,PS-010745751-004,PARTIAL_SURRENDER,,99,99,FAMILY_SURRENDER_BUCKET,True,335.45,20210322,22
010745751C,0,PS-010745751-005,PARTIAL_SURRENDER,,99,99,FAMILY_SURRENDER_BUCKET,True,335.45,20220322,22
010745751C,0,PS-010745751-006,PARTIAL_SURRENDER,,99,99,FAMILY_SURRENDER_BUCKET,True,335.45,20230322,22
010745751C,0,PS-010745751-007,PARTIAL_SURRENDER,,99,99,FAMILY_SURRENDER_BUCKET,True,335.45,20240322,22
010745751C,0,PS-010745751-008,PARTIAL_SURRENDER,,99,99,FAMILY_SURRENDER_BUCKET,True,335.45,20250324,22
010746005C,0,PS-010746005-001,PARTIAL_SURRENDER,,99,99,FAMILY_SURRENDER_BUCKET,True,179.35,20180326,22
010746005C,0,PS-010746005-002,PARTIAL_SURRENDER,,99,99,FAMILY_SURRENDER_BUCKET,True,179.35,20190325,22
010746005C,0,PS-010746005-003,PARTIAL_SURRENDER,,99,99,FAMILY_SURRENDER_BUCKET,True,179.35,20200325,22
010746005C,0,PS-010746005-004,PARTIAL_SURRENDER,,99,99,FAMILY_SURRENDER_BUCKET,True,179.35,20210325,22
010746005C,0,PS-010746005-005,PARTIAL_SURRENDER,,99,99,FAMILY_SURRENDER_BUCKET,True,179.35,20220325,22
010746424C,0,PS-010746424-001,PARTIAL_SURRENDER,,99,99,FAMILY_SURRENDER_BUCKET,True,188.10,20180328,22
010746424C,0,PS-010746424-002,PARTIAL_SURRENDER,,99,99,FAMILY_SURRENDER_BUCKET,True,188.10,20190328,22
010746424C,0,PS-010746424-003,PARTIAL_SURRENDER,,99,99,FAMILY_SURRENDER_BUCKET,True,188.10,20200330,22
010746846C,0,PS-010746846-001,PARTIAL_SURRENDER,,99,99,FAMILY_SURRENDER_BUCKET,True,271.00,20200528,22
010746846C,0,PS-010746846-002,PARTIAL_SURRENDER,,99,99,FAMILY_SURRENDER_BUCKET,True,271.00,20210329,22
010746846C,0,PS-010746846-003,PARTIAL_SURRENDER,,99,99,FAMILY_SURRENDER_BUCKET,True,271.00,20220328,22
010746846C,0,PS-010746846-004,PARTIAL_SURRENDER,,99,99,FAMILY_SURRENDER_BUCKET,True,271.00,20230328,22
010746846C,0,PS-010746846-005,PARTIAL_SURRENDER,,99,99,FAMILY_SURRENDER_BUCKET,True,271.00,20240328,22
010746846C,0,PS-010746846-006,PARTIAL_SURRENDER,,99,99,FAMILY_SURRENDER_BUCKET,True,271.00,20250328,22
010747186C,0,PS-010747186-001,PARTIAL_SURRENDER,,99,99,FAMILY_SURRENDER_BUCKET,True,847.00,20180409,22
010747186C,0,PS-010747186-002,PARTIAL_SURRENDER,,99,99,FAMILY_SURRENDER_BUCKET,True,847.00,20190408,22
010747186C,0,PS-010747186-003,PARTIAL_SURRENDER,,99,99,FAMILY_SURRENDER_BUCKET,True,847.00,20200407,22
010747186C,0,PS-010747186-004,PARTIAL_SURRENDER,,99,99,FAMILY_SURRENDER_BUCKET,True,847.00,20210407,22
010747186C,0,PS-010747186-005,PARTIAL_SURRENDER,,99,99,FAMILY_SURRENDER_BUCKET,True,847.00,20220407,22
010747241C,0,PS-010747241-001,PARTIAL_SURRENDER,,99,99,FAMILY_SURRENDER_BUCKET,True,351.20,20180409,22
010747636C,0,PS-010747636-001,PARTIAL_SURRENDER,,99,99,FAMILY_SURRENDER_BUCKET,True,134.75,20230612,22
010747636C,0,PS-010747636-002,PARTIAL_SURRENDER,,99,99,FAMILY_SURRENDER_BUCKET,True,134.75,20240410,22
010747636C,0,PS-010747636-003,PARTIAL_SURRENDER,,99,99,FAMILY_SURRENDER_BUCKET,True,134.75,20250411,22
010748070C,0,PS-010748070-001,PARTIAL_SURRENDER,,99,99,FAMILY_SURRENDER_BUCKET,True,155.75,20180521,22
010748334C,0,PS-010748334-001,PARTIAL_SURRENDER,,99,99,FAMILY_SURRENDER_BUCKET,True,114.50,20180416,22
010748334C,0,PS-010748334-002,PARTIAL_SURRENDER,,99,99,FAMILY_SURRENDER_BUCKET,True,114.50,20190415,22
010748334C,0,PS-010748334-003,PARTIAL_SURRENDER,,99,99,FAMILY_SURRENDER_BUCKET,True,114.50,20200415,22
010748334C,0,PS-010748334-004,PARTIAL_SURRENDER,,99,99,FAMILY_SURRENDER_BUCKET,True,114.50,20210415,22
010748334C,0,PS-010748334-005,PARTIAL_SURRENDER,,99,99,FAMILY_SURRENDER_BUCKET,True,114.50,20220414,22
010748334C,0,PS-010748334-006,PARTIAL_SURRENDER,,99,99,FAMILY_SURRENDER_BUCKET,True,114.50,20230417,22
010748334C,0,PS-010748334-007,PARTIAL_SURRENDER,,99,99,FAMILY_SURRENDER_BUCKET,True,114.50,20240415,22
010748334C,0,PS-010748334-008,PARTIAL_SURRENDER,,99,99,FAMILY_SURRENDER_BUCKET,True,114.50,20250415,22
010748335C,0,PS-010748335-001,PARTIAL_SURRENDER,,99,99,FAMILY_SURRENDER_BUCKET,True,164.50,20180416,22
010748335C,0,PS-010748335-002,PARTIAL_SURRENDER,,99,99,FAMILY_SURRENDER_BUCKET,True,164.50,20190415,22
010748335C,0,PS-010748335-003,PARTIAL_SURRENDER,,99,99,FAMILY_SURRENDER_BUCKET,True,164.50,20200415,22
010748335C,0,PS-010748335-004,PARTIAL_SURRENDER,,99,99,FAMILY_SURRENDER_BUCKET,True,164.50,20210415,22
010748335C,0,PS-010748335-005,PARTIAL_SURRENDER,,99,99,FAMILY_SURRENDER_BUCKET,True,164.50,20220414,22
010748335C,0,PS-010748335-006,PARTIAL_SURRENDER,,99,99,FAMILY_SURRENDER_BUCKET,True,164.50,20230417,22
010748335C,0,PS-010748335-007,PARTIAL_SURRENDER,,99,99,FAMILY_SURRENDER_BUCKET,True,164.50,20240415,22
010748335C,0,PS-010748335-008,PARTIAL_SURRENDER,,99,99,FAMILY_SURRENDER_BUCKET,True,164.50,20250415,22
010748404C,0,PS-010748404-001,PARTIAL_SURRENDER,,99,99,FAMILY_SURRENDER_BUCKET,True,369.70,20180416,22
010748517C,0,PS-010748517-001,PARTIAL_SURRENDER,,99,99,FAMILY_SURRENDER_BUCKET,True,217.20,20180423,22
010748556C,0,PS-010748556-001,PARTIAL_SURRENDER,,99,99,FAMILY_SURRENDER_BUCKET,True,121.00,20180423,22
010748556C,0,PS-010748556-002,PARTIAL_SURRENDER,,99,99,FAMILY_SURRENDER_BUCKET,True,121.00,20190422,22
010748556C,0,PS-010748556-003,PARTIAL_SURRENDER,,99,99,FAMILY_SURRENDER_BUCKET,True,121.00,20200421,22
010748556C,0,PS-010748556-004,PARTIAL_SURRENDER,,99,99,FAMILY_SURRENDER_BUCKET,True,121.00,20210421,22
010748556C,0,PS-010748556-005,PARTIAL_SURRENDER,,99,99,FAMILY_SURRENDER_BUCKET,True,121.00,20220421,22
010748556C,0,PS-010748556-006,PARTIAL_SURRENDER,,99,99,FAMILY_SURRENDER_BUCKET,True,121.00,20230421,22
010748556C,0,PS-010748556-007,PARTIAL_SURRENDER,,99,99,FAMILY_SURRENDER_BUCKET,True,121.00,20240422,22
010748556C,0,PS-010748556-008,PARTIAL_SURRENDER,,99,99,FAMILY_SURRENDER_BUCKET,True,121.00,20250421,22
010749038C,0,PS-010749038-001,PARTIAL_SURRENDER,,99,99,FAMILY_SURRENDER_BUCKET,True,226.50,20180425,22
010749038C,0,PS-010749038-002,PARTIAL_SURRENDER,,99,99,FAMILY_SURRENDER_BUCKET,True,226.50,20190425,22
010749038C,0,PS-010749038-003,PARTIAL_SURRENDER,,99,99,FAMILY_SURRENDER_BUCKET,True,226.50,20200427,22
010749038C,0,PS-010749038-004,PARTIAL_SURRENDER,,99,99,FAMILY_SURRENDER_BUCKET,True,226.50,20210426,22
010749038C,0,PS-010749038-005,PARTIAL_SURRENDER,,99,99,FAMILY_SURRENDER_BUCKET,True,226.50,20220425,22
010749038C,0,PS-010749038-006,PARTIAL_SURRENDER,,99,99,FAMILY_SURRENDER_BUCKET,True,226.50,20230425,22
010749038C,0,PS-010749038-007,PARTIAL_SURRENDER,,99,99,FAMILY_SURRENDER_BUCKET,True,226.50,20240425,22
010749038C,0,PS-010749038-008,PARTIAL_SURRENDER,,99,99,FAMILY_SURRENDER_BUCKET,True,226.50,20250425,22
010749042C,0,PS-010749042-001,PARTIAL_SURRENDER,,99,99,FAMILY_SURRENDER_BUCKET,True,146.00,20180425,22
010749042C,0,PS-010749042-002,PARTIAL_SURRENDER,,99,99,FAMILY_SURRENDER_BUCKET,True,146.00,20190425,22
010749463C,0,PS-010749463-001,PARTIAL_SURRENDER,,99,99,FAMILY_SURRENDER_BUCKET,True,321.50,20180424,22
010749463C,0,PS-010749463-002,PARTIAL_SURRENDER,,99,99,FAMILY_SURRENDER_BUCKET,True,321.50,20190424,22
010749463C,0,PS-010749463-003,PARTIAL_SURRENDER,,99,99,FAMILY_SURRENDER_BUCKET,True,321.50,20200424,22
010749463C,0,PS-010749463-004,PARTIAL_SURRENDER,,99,99,FAMILY_SURRENDER_BUCKET,True,321.50,20210426,22
010749463C,0,PS-010749463-005,PARTIAL_SURRENDER,,99,99,FAMILY_SURRENDER_BUCKET,True,321.50,20220425,22
010749463C,0,PS-010749463-006,PARTIAL_SURRENDER,,99,99,FAMILY_SURRENDER_BUCKET,True,321.50,20230424,22
010749463C,0,PS-010749463-007,PARTIAL_SURRENDER,,99,99,FAMILY_SURRENDER_BUCKET,True,321.50,20240424,22
010749463C,0,PS-010749463-008,PARTIAL_SURRENDER,,99,99,FAMILY_SURRENDER_BUCKET,True,321.50,20250424,22
010749842C,0,PS-010749842-001,PARTIAL_SURRENDER,,99,99,FAMILY_SURRENDER_BUCKET,True,263.00,20180615,22
010749842C,0,PS-010749842-002,PARTIAL_SURRENDER,,99,99,FAMILY_SURRENDER_BUCKET,True,263.00,20190617,22
010749842C,0,PS-010749842-003,PARTIAL_SURRENDER,,99,99,FAMILY_SURRENDER_BUCKET,True,263.00,20200615,22
010749842C,0,PS-010749842-004,PARTIAL_SURRENDER,,99,99,FAMILY_SURRENDER_BUCKET,True,263.00,20210615,22
010749842C,0,PS-010749842-005,PARTIAL_SURRENDER,,99,99,FAMILY_SURRENDER_BUCKET,True,263.00,20220615,22
010749842C,0,PS-010749842-006,PARTIAL_SURRENDER,,99,99,FAMILY_SURRENDER_BUCKET,True,263.00,20230615,22
010749842C,0,PS-010749842-007,PARTIAL_SURRENDER,,99,99,FAMILY_SURRENDER_BUCKET,True,263.00,20240617,22
010749842C,0,PS-010749842-008,PARTIAL_SURRENDER,,99,99,FAMILY_SURRENDER_BUCKET,True,263.00,20250616,22
010749843C,0,PS-010749843-001,PARTIAL_SURRENDER,,99,99,FAMILY_SURRENDER_BUCKET,True,287.25,20180615,22
010749843C,0,PS-010749843-002,PARTIAL_SURRENDER,,99,99,FAMILY_SURRENDER_BUCKET,True,287.25,20190617,22
010749843C,0,PS-010749843-003,PARTIAL_SURRENDER,,99,99,FAMILY_SURRENDER_BUCKET,True,287.25,20200615,22
010749843C,0,PS-010749843-004,PARTIAL_SURRENDER,,99,99,FAMILY_SURRENDER_BUCKET,True,287.25,20210615,22
010749843C,0,PS-010749843-005,PARTIAL_SURRENDER,,99,99,FAMILY_SURRENDER_BUCKET,True,287.25,20220615,22
010749843C,0,PS-010749843-006,PARTIAL_SURRENDER,,99,99,FAMILY_SURRENDER_BUCKET,True,287.25,20230615,22
010749843C,0,PS-010749843-007,PARTIAL_SURRENDER,,99,99,FAMILY_SURRENDER_BUCKET,True,287.25,20240617,22
010749843C,0,PS-010749843-008,PARTIAL_SURRENDER,,99,99,FAMILY_SURRENDER_BUCKET,True,287.25,20250616,22
010749849C,0,PS-010749849-001,PARTIAL_SURRENDER,,99,99,FAMILY_SURRENDER_BUCKET,True,112.75,20180504,22
010749849C,0,PS-010749849-002,PARTIAL_SURRENDER,,99,99,FAMILY_SURRENDER_BUCKET,True,112.75,20190506,22
010749849C,0,PS-010749849-003,PARTIAL_SURRENDER,,99,99,FAMILY_SURRENDER_BUCKET,True,112.75,20200504,22
010749849C,0,PS-010749849-004,PARTIAL_SURRENDER,,99,99,FAMILY_SURRENDER_BUCKET,True,112.75,20210504,22
010749849C,0,PS-010749849-005,PARTIAL_SURRENDER,,99,99,FAMILY_SURRENDER_BUCKET,True,112.75,20220504,22
010749849C,0,PS-010749849-006,PARTIAL_SURRENDER,,99,99,FAMILY_SURRENDER_BUCKET,True,112.75,20230504,22
010749849C,0,PS-010749849-007,PARTIAL_SURRENDER,,99,99,FAMILY_SURRENDER_BUCKET,True,112.75,20240506,22
010749849C,0,PS-010749849-008,PARTIAL_SURRENDER,,99,99,FAMILY_SURRENDER_BUCKET,True,112.75,20250505,22
010749906C,0,PS-010749906-001,PARTIAL_SURRENDER,,99,99,FAMILY_SURRENDER_BUCKET,True,115.22,20180507,22
010749906C,0,PS-010749906-002,PARTIAL_SURRENDER,,99,99,FAMILY_SURRENDER_BUCKET,True,115.22,20190506,22
010749906C,0,PS-010749906-003,PARTIAL_SURRENDER,,99,99,FAMILY_SURRENDER_BUCKET,True,115.22,20200506,22
010749906C,0,PS-010749906-004,PARTIAL_SURRENDER,,99,99,FAMILY_SURRENDER_BUCKET,True,115.22,20210506,22
010749906C,0,PS-010749906-005,PARTIAL_SURRENDER,,99,99,FAMILY_SURRENDER_BUCKET,True,115.22,20220506,22
010749906C,0,PS-010749906-006,PARTIAL_SURRENDER,,99,99,FAMILY_SURRENDER_BUCKET,True,115.22,20230508,22
010749968C,0,PS-010749968-001,PARTIAL_SURRENDER,,99,99,FAMILY_SURRENDER_BUCKET,True,163.20,20180509,22
010749968C,0,PS-010749968-002,PARTIAL_SURRENDER,,99,99,FAMILY_SURRENDER_BUCKET,True,163.20,20190509,22
010749968C,0,PS-010749968-003,PARTIAL_SURRENDER,,99,99,FAMILY_SURRENDER_BUCKET,True,163.20,20200511,22
010749968C,0,PS-010749968-004,PARTIAL_SURRENDER,,99,99,FAMILY_SURRENDER_BUCKET,True,163.20,20210510,22
010749968C,0,PS-010749968-005,PARTIAL_SURRENDER,,99,99,FAMILY_SURRENDER_BUCKET,True,163.20,20220509,22
010750755C,0,PS-010750755-001,PARTIAL_SURRENDER,,99,99,FAMILY_SURRENDER_BUCKET,True,121.00,20180514,22
010750755C,0,PS-010750755-002,PARTIAL_SURRENDER,,99,99,FAMILY_SURRENDER_BUCKET,True,121.00,20190514,22
010750755C,0,PS-010750755-003,PARTIAL_SURRENDER,,99,99,FAMILY_SURRENDER_BUCKET,True,121.00,20200514,22
010750755C,0,PS-010750755-004,PARTIAL_SURRENDER,,99,99,FAMILY_SURRENDER_BUCKET,True,121.00,20210514,22
010750755C,0,PS-010750755-005,PARTIAL_SURRENDER,,99,99,FAMILY_SURRENDER_BUCKET,True,121.00,20220516,22
010750755C,0,PS-010750755-006,PARTIAL_SURRENDER,,99,99,FAMILY_SURRENDER_BUCKET,True,121.00,20230515,22
010752580C,0,PS-010752580-001,PARTIAL_SURRENDER,,99,99,FAMILY_SURRENDER_BUCKET,True,238.50,20180601,22
010752580C,0,PS-010752580-002,PARTIAL_SURRENDER,,99,99,FAMILY_SURRENDER_BUCKET,True,238.50,20190603,22
010752580C,0,PS-010752580-003,PARTIAL_SURRENDER,,99,99,FAMILY_SURRENDER_BUCKET,True,238.50,20200601,22
010752580C,0,PS-010752580-004,PARTIAL_SURRENDER,,99,99,FAMILY_SURRENDER_BUCKET,True,238.50,20210601,22
010752580C,0,PS-010752580-005,PARTIAL_SURRENDER,,99,99,FAMILY_SURRENDER_BUCKET,True,238.50,20220601,22
010752580C,0,PS-010752580-006,PARTIAL_SURRENDER,,99,99,FAMILY_SURRENDER_BUCKET,True,238.50,20230601,22
010752580C,0,PS-010752580-007,PARTIAL_SURRENDER,,99,99,FAMILY_SURRENDER_BUCKET,True,238.50,20240603,22
010752580C,0,PS-010752580-008,PARTIAL_SURRENDER,,99,99,FAMILY_SURRENDER_BUCKET,True,238.50,20250602,22
010752702C,0,PS-010752702-001,PARTIAL_SURRENDER,,99,99,FAMILY_SURRENDER_BUCKET,True,279.25,20180605,22
010752702C,0,PS-010752702-002,PARTIAL_SURRENDER,,99,99,FAMILY_SURRENDER_BUCKET,True,279.25,20190605,22
010752702C,0,PS-010752702-003,PARTIAL_SURRENDER,,99,99,FAMILY_SURRENDER_BUCKET,True,279.25,20200605,22
010752702C,0,PS-010752702-004,PARTIAL_SURRENDER,,99,99,FAMILY_SURRENDER_BUCKET,True,279.25,20210607,22
010752702C,0,PS-010752702-005,PARTIAL_SURRENDER,,99,99,FAMILY_SURRENDER_BUCKET,True,279.25,20220606,22
010752702C,0,PS-010752702-006,PARTIAL_SURRENDER,,99,99,FAMILY_SURRENDER_BUCKET,True,279.25,20230605,22
010752702C,0,PS-010752702-007,PARTIAL_SURRENDER,,99,99,FAMILY_SURRENDER_BUCKET,True,279.25,20240605,22
010752702C,0,PS-010752702-008,PARTIAL_SURRENDER,,99,99,FAMILY_SURRENDER_BUCKET,True,279.25,20250605,22
010753409C,0,PS-010753409-001,PARTIAL_SURRENDER,,99,99,FAMILY_SURRENDER_BUCKET,True,121.00,20210812,22
010753409C,0,PS-010753409-002,PARTIAL_SURRENDER,,99,99,FAMILY_SURRENDER_BUCKET,True,121.00,20220613,22
010753409C,0,PS-010753409-003,PARTIAL_SURRENDER,,99,99,FAMILY_SURRENDER_BUCKET,True,121.00,20230612,22
010753409C,0,PS-010753409-004,PARTIAL_SURRENDER,,99,99,FAMILY_SURRENDER_BUCKET,True,121.00,20240612,22
010753409C,0,PS-010753409-005,PARTIAL_SURRENDER,,99,99,FAMILY_SURRENDER_BUCKET,True,121.00,20250612,22
010753687C,0,PS-010753687-001,PARTIAL_SURRENDER,,99,99,FAMILY_SURRENDER_BUCKET,True,179.35,20180611,22
010753687C,0,PS-010753687-002,PARTIAL_SURRENDER,,99,99,FAMILY_SURRENDER_BUCKET,True,179.35,20190611,22
010753687C,0,PS-010753687-003,PARTIAL_SURRENDER,,99,99,FAMILY_SURRENDER_BUCKET,True,179.35,20200611,22
010753687C,0,PS-010753687-004,PARTIAL_SURRENDER,,99,99,FAMILY_SURRENDER_BUCKET,True,179.35,20210611,22
010753687C,0,PS-010753687-005,PARTIAL_SURRENDER,,99,99,FAMILY_SURRENDER_BUCKET,True,179.35,20220613,22
010753687C,0,PS-010753687-006,PARTIAL_SURRENDER,,99,99,FAMILY_SURRENDER_BUCKET,True,179.35,20230612,22
010753687C,0,PS-010753687-007,PARTIAL_SURRENDER,,99,99,FAMILY_SURRENDER_BUCKET,True,179.35,20240611,22
010754359C,0,PS-010754359-001,PARTIAL_SURRENDER,,99,99,FAMILY_SURRENDER_BUCKET,True,390.25,20180529,22
010754359C,0,PS-010754359-002,PARTIAL_SURRENDER,,99,99,FAMILY_SURRENDER_BUCKET,True,390.25,20190528,22
010754359C,0,PS-010754359-003,PARTIAL_SURRENDER,,99,99,FAMILY_SURRENDER_BUCKET,True,390.25,20200527,22
010754359C,0,PS-010754359-004,PARTIAL_SURRENDER,,99,99,FAMILY_SURRENDER_BUCKET,True,390.25,20210527,22
010754359C,0,PS-010754359-005,PARTIAL_SURRENDER,,99,99,FAMILY_SURRENDER_BUCKET,True,390.25,20220527,22
010754359C,0,PS-010754359-006,PARTIAL_SURRENDER,,99,99,FAMILY_SURRENDER_BUCKET,True,390.25,20230530,22
010754359C,0,PS-010754359-007,PARTIAL_SURRENDER,,99,99,FAMILY_SURRENDER_BUCKET,True,390.25,20240528,22
010754359C,0,PS-010754359-008,PARTIAL_SURRENDER,,99,99,FAMILY_SURRENDER_BUCKET,True,390.25,20250527,22
010754485C,0,PS-010754485-001,PARTIAL_SURRENDER,,99,99,FAMILY_SURRENDER_BUCKET,True,678.50,20180205,22
010754485C,0,PS-010754485-002,PARTIAL_SURRENDER,,99,99,FAMILY_SURRENDER_BUCKET,True,678.50,20190204,22
010754485C,0,PS-010754485-003,PARTIAL_SURRENDER,,99,99,FAMILY_SURRENDER_BUCKET,True,678.50,20200203,22
010754485C,0,PS-010754485-004,PARTIAL_SURRENDER,,99,99,FAMILY_SURRENDER_BUCKET,True,678.50,20210203,22
010754485C,0,PS-010754485-005,PARTIAL_SURRENDER,,99,99,FAMILY_SURRENDER_BUCKET,True,678.50,20220203,22
010754485C,0,PS-010754485-006,PARTIAL_SURRENDER,,99,99,FAMILY_SURRENDER_BUCKET,True,678.50,20230203,22
010754485C,0,PS-010754485-007,PARTIAL_SURRENDER,,99,99,FAMILY_SURRENDER_BUCKET,True,678.50,20240205,22
010754485C,0,PS-010754485-008,PARTIAL_SURRENDER,,99,99,FAMILY_SURRENDER_BUCKET,True,678.50,20250203,22
010754898C,0,PS-010754898-001,PARTIAL_SURRENDER,,99,99,FAMILY_SURRENDER_BUCKET,True,440.10,20180702,22
010754898C,0,PS-010754898-002,PARTIAL_SURRENDER,,99,99,FAMILY_SURRENDER_BUCKET,True,440.10,20190701,22
010754898C,0,PS-010754898-003,PARTIAL_SURRENDER,,99,99,FAMILY_SURRENDER_BUCKET,True,440.10,20200701,22
010754898C,0,PS-010754898-004,PARTIAL_SURRENDER,,99,99,FAMILY_SURRENDER_BUCKET,True,440.10,20210701,22
010754898C,0,PS-010754898-005,PARTIAL_SURRENDER,,99,99,FAMILY_SURRENDER_BUCKET,True,440.10,20220701,22
010754898C,0,PS-010754898-006,PARTIAL_SURRENDER,,99,99,FAMILY_SURRENDER_BUCKET,True,440.10,20230703,22
010754898C,0,PS-010754898-007,PARTIAL_SURRENDER,,99,99,FAMILY_SURRENDER_BUCKET,True,440.10,20240701,22
010755152C,0,PS-010755152-001,PARTIAL_SURRENDER,,99,99,FAMILY_SURRENDER_BUCKET,True,241.09,20180626,22
010755152C,0,PS-010755152-002,PARTIAL_SURRENDER,,99,99,FAMILY_SURRENDER_BUCKET,True,241.09,20190626,22
010755152C,0,PS-010755152-003,PARTIAL_SURRENDER,,99,99,FAMILY_SURRENDER_BUCKET,True,241.09,20200626,22
010755152C,0,PS-010755152-004,PARTIAL_SURRENDER,,99,99,FAMILY_SURRENDER_BUCKET,True,241.09,20210628,22
010755152C,0,PS-010755152-005,PARTIAL_SURRENDER,,99,99,FAMILY_SURRENDER_BUCKET,True,241.09,20220627,22
010755152C,0,PS-010755152-006,PARTIAL_SURRENDER,,99,99,FAMILY_SURRENDER_BUCKET,True,241.09,20230626,22
010755152C,0,PS-010755152-007,PARTIAL_SURRENDER,,99,99,FAMILY_SURRENDER_BUCKET,True,241.09,20240626,22
010755152C,0,PS-010755152-008,PARTIAL_SURRENDER,,99,99,FAMILY_SURRENDER_BUCKET,True,241.09,20250626,22
010756020C,0,PS-010756020-001,PARTIAL_SURRENDER,,99,99,FAMILY_SURRENDER_BUCKET,True,163.20,20180702,22
010756020C,0,PS-010756020-002,PARTIAL_SURRENDER,,99,99,FAMILY_SURRENDER_BUCKET,True,163.20,20190701,22
010756020C,0,PS-010756020-003,PARTIAL_SURRENDER,,99,99,FAMILY_SURRENDER_BUCKET,True,163.20,20200701,22
010756024C,0,PS-010756024-001,PARTIAL_SURRENDER,,99,99,FAMILY_SURRENDER_BUCKET,True,458.75,20180716,22
010756024C,0,PS-010756024-002,PARTIAL_SURRENDER,,99,99,FAMILY_SURRENDER_BUCKET,True,458.75,20190715,22
010756024C,0,PS-010756024-003,PARTIAL_SURRENDER,,99,99,FAMILY_SURRENDER_BUCKET,True,458.75,20200715,22
010756024C,0,PS-010756024-004,PARTIAL_SURRENDER,,99,99,FAMILY_SURRENDER_BUCKET,True,458.75,20210715,22
010756024C,0,PS-010756024-005,PARTIAL_SURRENDER,,99,99,FAMILY_SURRENDER_BUCKET,True,458.75,20220715,22
010756024C,0,PS-010756024-006,PARTIAL_SURRENDER,,99,99,FAMILY_SURRENDER_BUCKET,True,458.75,20230717,22
010756024C,0,PS-010756024-007,PARTIAL_SURRENDER,,99,99,FAMILY_SURRENDER_BUCKET,True,458.75,20240715,22
010756033C,0,PS-010756033-001,PARTIAL_SURRENDER,,99,99,FAMILY_SURRENDER_BUCKET,True,197.35,20181213,22
010756033C,0,PS-010756033-002,PARTIAL_SURRENDER,,99,99,FAMILY_SURRENDER_BUCKET,True,197.35,20190701,22
010756033C,0,PS-010756033-003,PARTIAL_SURRENDER,,99,99,FAMILY_SURRENDER_BUCKET,True,197.35,20200701,22
010756033C,0,PS-010756033-004,PARTIAL_SURRENDER,,99,99,FAMILY_SURRENDER_BUCKET,True,197.35,20210701,22
010756033C,0,PS-010756033-005,PARTIAL_SURRENDER,,99,99,FAMILY_SURRENDER_BUCKET,True,197.35,20220701,22
010756033C,0,PS-010756033-006,PARTIAL_SURRENDER,,99,99,FAMILY_SURRENDER_BUCKET,True,197.35,20230703,22
010756540C,0,PS-010756540-001,PARTIAL_SURRENDER,,99,99,FAMILY_SURRENDER_BUCKET,True,187.75,20230728,22
010756916C,0,PS-010756916-001,PARTIAL_SURRENDER,,99,99,FAMILY_SURRENDER_BUCKET,True,329.25,20180806,22
010756916C,0,PS-010756916-002,PARTIAL_SURRENDER,,99,99,FAMILY_SURRENDER_BUCKET,True,329.25,20190805,22
010756916C,0,PS-010756916-003,PARTIAL_SURRENDER,,99,99,FAMILY_SURRENDER_BUCKET,True,329.25,20200804,22
010756916C,0,PS-010756916-004,PARTIAL_SURRENDER,,99,99,FAMILY_SURRENDER_BUCKET,True,329.25,20210804,22
010756916C,0,PS-010756916-005,PARTIAL_SURRENDER,,99,99,FAMILY_SURRENDER_BUCKET,True,329.25,20220804,22
010756916C,0,PS-010756916-006,PARTIAL_SURRENDER,,99,99,FAMILY_SURRENDER_BUCKET,True,329.25,20230804,22
010756916C,0,PS-010756916-007,PARTIAL_SURRENDER,,99,99,FAMILY_SURRENDER_BUCKET,True,329.25,20240805,22
010756916C,0,PS-010756916-008,PARTIAL_SURRENDER,,99,99,FAMILY_SURRENDER_BUCKET,True,329.25,20250804,22
010756925C,0,PS-010756925-001,PARTIAL_SURRENDER,,99,99,FAMILY_SURRENDER_BUCKET,True,214.25,20180806,22
010756925C,0,PS-010756925-002,PARTIAL_SURRENDER,,99,99,FAMILY_SURRENDER_BUCKET,True,214.25,20190805,22
010756925C,0,PS-010756925-003,PARTIAL_SURRENDER,,99,99,FAMILY_SURRENDER_BUCKET,True,214.25,20200805,22
010756925C,0,PS-010756925-004,PARTIAL_SURRENDER,,99,99,FAMILY_SURRENDER_BUCKET,True,214.25,20210805,22
010756925C,0,PS-010756925-005,PARTIAL_SURRENDER,,99,99,FAMILY_SURRENDER_BUCKET,True,214.25,20220805,22
010756925C,0,PS-010756925-006,PARTIAL_SURRENDER,,99,99,FAMILY_SURRENDER_BUCKET,True,214.25,20230807,22
010756925C,0,PS-010756925-007,PARTIAL_SURRENDER,,99,99,FAMILY_SURRENDER_BUCKET,True,214.25,20240805,22
010756925C,0,PS-010756925-008,PARTIAL_SURRENDER,,99,99,FAMILY_SURRENDER_BUCKET,True,214.25,20250805,22
010756938C,0,PS-010756938-001,PARTIAL_SURRENDER,,99,99,FAMILY_SURRENDER_BUCKET,True,390.25,20180718,22
010756938C,0,PS-010756938-002,PARTIAL_SURRENDER,,99,99,FAMILY_SURRENDER_BUCKET,True,390.25,20190718,22
010756938C,0,PS-010756938-003,PARTIAL_SURRENDER,,99,99,FAMILY_SURRENDER_BUCKET,True,390.25,20200720,22
010756938C,0,PS-010756938-004,PARTIAL_SURRENDER,,99,99,FAMILY_SURRENDER_BUCKET,True,390.25,20210719,22
010756938C,0,PS-010756938-005,PARTIAL_SURRENDER,,99,99,FAMILY_SURRENDER_BUCKET,True,390.25,20220718,22
010756938C,0,PS-010756938-006,PARTIAL_SURRENDER,,99,99,FAMILY_SURRENDER_BUCKET,True,390.25,20230718,22
010757042C,0,PS-010757042-001,PARTIAL_SURRENDER,,99,99,FAMILY_SURRENDER_BUCKET,True,206.95,20180712,22
010757042C,0,PS-010757042-002,PARTIAL_SURRENDER,,99,99,FAMILY_SURRENDER_BUCKET,True,206.95,20190712,22
010757042C,0,PS-010757042-003,PARTIAL_SURRENDER,,99,99,FAMILY_SURRENDER_BUCKET,True,206.95,20200713,22
010757071C,0,PS-010757071-001,PARTIAL_SURRENDER,,99,99,FAMILY_SURRENDER_BUCKET,True,219.40,20180716,22
010757071C,0,PS-010757071-002,PARTIAL_SURRENDER,,99,99,FAMILY_SURRENDER_BUCKET,True,219.40,20190715,22
010757071C,0,PS-010757071-003,PARTIAL_SURRENDER,,99,99,FAMILY_SURRENDER_BUCKET,True,219.40,20200714,22
010757071C,0,PS-010757071-004,PARTIAL_SURRENDER,,99,99,FAMILY_SURRENDER_BUCKET,True,219.40,20210714,22
010757071C,0,PS-010757071-005,PARTIAL_SURRENDER,,99,99,FAMILY_SURRENDER_BUCKET,True,219.40,20220714,22
010757071C,0,PS-010757071-006,PARTIAL_SURRENDER,,99,99,FAMILY_SURRENDER_BUCKET,True,219.40,20230714,22
010757071C,0,PS-010757071-007,PARTIAL_SURRENDER,,99,99,FAMILY_SURRENDER_BUCKET,True,219.40,20240715,22
010757071C,0,PS-010757071-008,PARTIAL_SURRENDER,,99,99,FAMILY_SURRENDER_BUCKET,True,219.40,20250714,22
010757607C,0,PS-010757607-001,PARTIAL_SURRENDER,,99,99,FAMILY_SURRENDER_BUCKET,True,115.75,20180718,22
010757607C,0,PS-010757607-002,PARTIAL_SURRENDER,,99,99,FAMILY_SURRENDER_BUCKET,True,115.75,20190718,22
010757607C,0,PS-010757607-003,PARTIAL_SURRENDER,,99,99,FAMILY_SURRENDER_BUCKET,True,115.75,20200720,22
010757607C,0,PS-010757607-004,PARTIAL_SURRENDER,,99,99,FAMILY_SURRENDER_BUCKET,True,115.75,20210719,22
010757607C,0,PS-010757607-005,PARTIAL_SURRENDER,,99,99,FAMILY_SURRENDER_BUCKET,True,115.75,20220718,22
010757607C,0,PS-010757607-006,PARTIAL_SURRENDER,,99,99,FAMILY_SURRENDER_BUCKET,True,115.75,20230718,22
010757607C,0,PS-010757607-007,PARTIAL_SURRENDER,,99,99,FAMILY_SURRENDER_BUCKET,True,115.75,20240718,22
010757607C,0,PS-010757607-008,PARTIAL_SURRENDER,,99,99,FAMILY_SURRENDER_BUCKET,True,115.75,20250718,22
010757801C,0,PS-010757801-001,PARTIAL_SURRENDER,,99,99,FAMILY_SURRENDER_BUCKET,True,537.40,20180719,22
010757801C,0,PS-010757801-002,PARTIAL_SURRENDER,,99,99,FAMILY_SURRENDER_BUCKET,True,537.40,20190719,22
010757801C,0,PS-010757801-003,PARTIAL_SURRENDER,,99,99,FAMILY_SURRENDER_BUCKET,True,537.40,20200720,22
010757801C,0,PS-010757801-004,PARTIAL_SURRENDER,,99,99,FAMILY_SURRENDER_BUCKET,True,537.40,20210719,22
010757801C,0,PS-010757801-005,PARTIAL_SURRENDER,,99,99,FAMILY_SURRENDER_BUCKET,True,537.40,20220719,22
010757801C,0,PS-010757801-006,PARTIAL_SURRENDER,,99,99,FAMILY_SURRENDER_BUCKET,True,537.40,20230719,22
010757801C,0,PS-010757801-007,PARTIAL_SURRENDER,,99,99,FAMILY_SURRENDER_BUCKET,True,537.40,20240719,22
010757801C,0,PS-010757801-008,PARTIAL_SURRENDER,,99,99,FAMILY_SURRENDER_BUCKET,True,537.40,20250721,22
010757840C,0,PS-010757840-001,PARTIAL_SURRENDER,,99,99,FAMILY_SURRENDER_BUCKET,True,355.25,20180816,22
010757840C,0,PS-010757840-002,PARTIAL_SURRENDER,,99,99,FAMILY_SURRENDER_BUCKET,True,355.25,20190816,22
010757840C,0,PS-010757840-003,PARTIAL_SURRENDER,,99,99,FAMILY_SURRENDER_BUCKET,True,355.25,20200817,22
010757840C,0,PS-010757840-004,PARTIAL_SURRENDER,,99,99,FAMILY_SURRENDER_BUCKET,True,355.25,20210816,22
010757840C,0,PS-010757840-005,PARTIAL_SURRENDER,,99,99,FAMILY_SURRENDER_BUCKET,True,355.25,20220816,22
010757840C,0,PS-010757840-006,PARTIAL_SURRENDER,,99,99,FAMILY_SURRENDER_BUCKET,True,355.25,20230816,22
010757840C,0,PS-010757840-007,PARTIAL_SURRENDER,,99,99,FAMILY_SURRENDER_BUCKET,True,355.25,20240816,22
010757840C,0,PS-010757840-008,PARTIAL_SURRENDER,,99,99,FAMILY_SURRENDER_BUCKET,True,355.25,20250818,22
010758520C,0,PS-010758520-001,PARTIAL_SURRENDER,,99,99,FAMILY_SURRENDER_BUCKET,True,571.00,20180801,22
010758520C,0,PS-010758520-002,PARTIAL_SURRENDER,,99,99,FAMILY_SURRENDER_BUCKET,True,571.00,20190801,22
010758540C,0,PS-010758540-001,PARTIAL_SURRENDER,,99,99,FAMILY_SURRENDER_BUCKET,True,181.00,20180801,22
010758540C,0,PS-010758540-002,PARTIAL_SURRENDER,,99,99,FAMILY_SURRENDER_BUCKET,True,181.00,20190801,22
010758540C,0,PS-010758540-003,PARTIAL_SURRENDER,,99,99,FAMILY_SURRENDER_BUCKET,True,181.00,20200803,22
010758540C,0,PS-010758540-004,PARTIAL_SURRENDER,,99,99,FAMILY_SURRENDER_BUCKET,True,181.00,20210802,22
010758540C,0,PS-010758540-005,PARTIAL_SURRENDER,,99,99,FAMILY_SURRENDER_BUCKET,True,181.00,20220801,22
010758540C,0,PS-010758540-006,PARTIAL_SURRENDER,,99,99,FAMILY_SURRENDER_BUCKET,True,181.00,20230801,22
010758540C,0,PS-010758540-007,PARTIAL_SURRENDER,,99,99,FAMILY_SURRENDER_BUCKET,True,181.00,20240801,22
010758540C,0,PS-010758540-008,PARTIAL_SURRENDER,,99,99,FAMILY_SURRENDER_BUCKET,True,181.00,20250801,22
010758549C,0,PS-010758549-001,PARTIAL_SURRENDER,,99,99,FAMILY_SURRENDER_BUCKET,True,268.48,20180801,22
010758550C,0,PS-010758550-001,PARTIAL_SURRENDER,,99,99,FAMILY_SURRENDER_BUCKET,True,218.48,20180801,22
010758550C,0,PS-010758550-002,PARTIAL_SURRENDER,,99,99,FAMILY_SURRENDER_BUCKET,True,218.48,20190801,22
010758550C,0,PS-010758550-003,PARTIAL_SURRENDER,,99,99,FAMILY_SURRENDER_BUCKET,True,218.48,20200803,22
010758573C,0,PS-010758573-001,PARTIAL_SURRENDER,,99,99,FAMILY_SURRENDER_BUCKET,True,373.75,20180810,22
010758573C,0,PS-010758573-002,PARTIAL_SURRENDER,,99,99,FAMILY_SURRENDER_BUCKET,True,373.75,20190812,22
010758573C,0,PS-010758573-003,PARTIAL_SURRENDER,,99,99,FAMILY_SURRENDER_BUCKET,True,373.75,20200810,22
010758573C,0,PS-010758573-004,PARTIAL_SURRENDER,,99,99,FAMILY_SURRENDER_BUCKET,True,373.75,20210810,22
010758573C,0,PS-010758573-005,PARTIAL_SURRENDER,,99,99,FAMILY_SURRENDER_BUCKET,True,373.75,20220810,22
010758573C,0,PS-010758573-006,PARTIAL_SURRENDER,,99,99,FAMILY_SURRENDER_BUCKET,True,373.75,20230810,22
010758573C,0,PS-010758573-007,PARTIAL_SURRENDER,,99,99,FAMILY_SURRENDER_BUCKET,True,373.75,20240812,22
010759008C,0,PS-010759008-001,PARTIAL_SURRENDER,,99,99,FAMILY_SURRENDER_BUCKET,True,154.75,20180801,22
010759008C,0,PS-010759008-002,PARTIAL_SURRENDER,,99,99,FAMILY_SURRENDER_BUCKET,True,154.75,20190801,22
010759008C,0,PS-010759008-003,PARTIAL_SURRENDER,,99,99,FAMILY_SURRENDER_BUCKET,True,154.75,20200803,22
010759008C,0,PS-010759008-004,PARTIAL_SURRENDER,,99,99,FAMILY_SURRENDER_BUCKET,True,154.75,20210802,22
010759008C,0,PS-010759008-005,PARTIAL_SURRENDER,,99,99,FAMILY_SURRENDER_BUCKET,True,154.75,20220801,22
010759008C,0,PS-010759008-006,PARTIAL_SURRENDER,,99,99,FAMILY_SURRENDER_BUCKET,True,154.75,20230801,22
010759008C,0,PS-010759008-007,PARTIAL_SURRENDER,,99,99,FAMILY_SURRENDER_BUCKET,True,154.75,20240801,22
010759008C,0,PS-010759008-008,PARTIAL_SURRENDER,,99,99,FAMILY_SURRENDER_BUCKET,True,154.75,20250801,22
010759385C,0,PS-010759385-001,PARTIAL_SURRENDER,,99,99,FAMILY_SURRENDER_BUCKET,True,179.35,20180802,22
010759385C,0,PS-010759385-002,PARTIAL_SURRENDER,,99,99,FAMILY_SURRENDER_BUCKET,True,179.35,20190802,22
010759385C,0,PS-010759385-003,PARTIAL_SURRENDER,,99,99,FAMILY_SURRENDER_BUCKET,True,179.35,20200803,22
010759385C,0,PS-010759385-004,PARTIAL_SURRENDER,,99,99,FAMILY_SURRENDER_BUCKET,True,179.35,20210802,22
010759385C,0,PS-010759385-005,PARTIAL_SURRENDER,,99,99,FAMILY_SURRENDER_BUCKET,True,179.35,20220802,22
010759385C,0,PS-010759385-006,PARTIAL_SURRENDER,,99,99,FAMILY_SURRENDER_BUCKET,True,179.35,20230802,22
010759385C,0,PS-010759385-007,PARTIAL_SURRENDER,,99,99,FAMILY_SURRENDER_BUCKET,True,179.35,20240802,22
010759385C,0,PS-010759385-008,PARTIAL_SURRENDER,,99,99,FAMILY_SURRENDER_BUCKET,True,179.35,20250804,22
010759541C,0,PS-010759541-001,PARTIAL_SURRENDER,,99,99,FAMILY_SURRENDER_BUCKET,True,296.00,20180801,22
010759541C,0,PS-010759541-002,PARTIAL_SURRENDER,,99,99,FAMILY_SURRENDER_BUCKET,True,296.00,20190801,22
010759541C,0,PS-010759541-003,PARTIAL_SURRENDER,,99,99,FAMILY_SURRENDER_BUCKET,True,296.00,20200803,22
010759541C,0,PS-010759541-004,PARTIAL_SURRENDER,,99,99,FAMILY_SURRENDER_BUCKET,True,296.00,20210802,22
010759541C,0,PS-010759541-005,PARTIAL_SURRENDER,,99,99,FAMILY_SURRENDER_BUCKET,True,296.00,20220801,22
010759541C,0,PS-010759541-006,PARTIAL_SURRENDER,,99,99,FAMILY_SURRENDER_BUCKET,True,296.00,20230801,22
010759541C,0,PS-010759541-007,PARTIAL_SURRENDER,,99,99,FAMILY_SURRENDER_BUCKET,True,296.00,20240801,22
010759541C,0,PS-010759541-008,PARTIAL_SURRENDER,,99,99,FAMILY_SURRENDER_BUCKET,True,296.00,20250801,22
010759550C,0,PS-010759550-001,PARTIAL_SURRENDER,,99,99,FAMILY_SURRENDER_BUCKET,True,349.00,20180801,22
010759550C,0,PS-010759550-002,PARTIAL_SURRENDER,,99,99,FAMILY_SURRENDER_BUCKET,True,349.00,20190801,22
010759550C,0,PS-010759550-003,PARTIAL_SURRENDER,,99,99,FAMILY_SURRENDER_BUCKET,True,349.00,20200803,22
010759550C,0,PS-010759550-004,PARTIAL_SURRENDER,,99,99,FAMILY_SURRENDER_BUCKET,True,349.00,20210802,22
010759550C,0,PS-010759550-005,PARTIAL_SURRENDER,,99,99,FAMILY_SURRENDER_BUCKET,True,349.00,20220801,22
010759550C,0,PS-010759550-006,PARTIAL_SURRENDER,,99,99,FAMILY_SURRENDER_BUCKET,True,349.00,20230801,22
010759550C,0,PS-010759550-007,PARTIAL_SURRENDER,,99,99,FAMILY_SURRENDER_BUCKET,True,349.00,20240801,22
010759550C,0,PS-010759550-008,PARTIAL_SURRENDER,,99,99,FAMILY_SURRENDER_BUCKET,True,349.00,20250801,22
010759559C,0,PS-010759559-001,PARTIAL_SURRENDER,,99,99,FAMILY_SURRENDER_BUCKET,True,171.05,20180801,22
010759932C,0,PS-010759932-001,PARTIAL_SURRENDER,,99,99,FAMILY_SURRENDER_BUCKET,True,329.25,20200414,22
010759932C,0,PS-010759932-002,PARTIAL_SURRENDER,,99,99,FAMILY_SURRENDER_BUCKET,True,329.25,20200414,22
010759932C,0,PS-010759932-003,PARTIAL_SURRENDER,,99,99,FAMILY_SURRENDER_BUCKET,True,329.25,20200807,22
010759932C,0,PS-010759932-004,PARTIAL_SURRENDER,,99,99,FAMILY_SURRENDER_BUCKET,True,329.25,20210809,22
010759932C,0,PS-010759932-005,PARTIAL_SURRENDER,,99,99,FAMILY_SURRENDER_BUCKET,True,329.25,20220818,22
010760160C,0,PS-010760160-001,PARTIAL_SURRENDER,,99,99,FAMILY_SURRENDER_BUCKET,True,305.80,20180904,22
010760160C,0,PS-010760160-002,PARTIAL_SURRENDER,,99,99,FAMILY_SURRENDER_BUCKET,True,305.80,20190903,22
010760160C,0,PS-010760160-003,PARTIAL_SURRENDER,,99,99,FAMILY_SURRENDER_BUCKET,True,305.80,20200901,22
010760160C,0,PS-010760160-004,PARTIAL_SURRENDER,,99,99,FAMILY_SURRENDER_BUCKET,True,305.80,20210901,22
010760160C,0,PS-010760160-005,PARTIAL_SURRENDER,,99,99,FAMILY_SURRENDER_BUCKET,True,305.80,20220901,22
010760160C,0,PS-010760160-006,PARTIAL_SURRENDER,,99,99,FAMILY_SURRENDER_BUCKET,True,305.80,20230901,22
010760160C,0,PS-010760160-007,PARTIAL_SURRENDER,,99,99,FAMILY_SURRENDER_BUCKET,True,305.80,20240903,22
010760160C,0,PS-010760160-008,PARTIAL_SURRENDER,,99,99,FAMILY_SURRENDER_BUCKET,True,305.80,20250902,22
010760294C,0,PS-010760294-001,PARTIAL_SURRENDER,,99,99,FAMILY_SURRENDER_BUCKET,True,340.25,20180904,22
010760294C,0,PS-010760294-002,PARTIAL_SURRENDER,,99,99,FAMILY_SURRENDER_BUCKET,True,340.25,20190903,22
010760295C,0,PS-010760295-001,PARTIAL_SURRENDER,,99,99,FAMILY_SURRENDER_BUCKET,True,214.25,20180904,22
010760295C,0,PS-010760295-002,PARTIAL_SURRENDER,,99,99,FAMILY_SURRENDER_BUCKET,True,214.25,20190903,22
010760295C,0,PS-010760295-003,PARTIAL_SURRENDER,,99,99,FAMILY_SURRENDER_BUCKET,True,214.25,20200901,22
010760295C,0,PS-010760295-004,PARTIAL_SURRENDER,,99,99,FAMILY_SURRENDER_BUCKET,True,214.25,20210901,22
010760295C,0,PS-010760295-005,PARTIAL_SURRENDER,,99,99,FAMILY_SURRENDER_BUCKET,True,214.25,20220901,22
010760295C,0,PS-010760295-006,PARTIAL_SURRENDER,,99,99,FAMILY_SURRENDER_BUCKET,True,214.25,20230901,22
010760295C,0,PS-010760295-007,PARTIAL_SURRENDER,,99,99,FAMILY_SURRENDER_BUCKET,True,214.25,20240903,22
010760295C,0,PS-010760295-008,PARTIAL_SURRENDER,,99,99,FAMILY_SURRENDER_BUCKET,True,214.25,20250902,22
010760298C,0,PS-010760298-001,PARTIAL_SURRENDER,,99,99,FAMILY_SURRENDER_BUCKET,True,458.75,20180904,22
010760298C,0,PS-010760298-002,PARTIAL_SURRENDER,,99,99,FAMILY_SURRENDER_BUCKET,True,458.75,20190903,22
010760298C,0,PS-010760298-003,PARTIAL_SURRENDER,,99,99,FAMILY_SURRENDER_BUCKET,True,458.75,20200901,22
010760298C,0,PS-010760298-004,PARTIAL_SURRENDER,,99,99,FAMILY_SURRENDER_BUCKET,True,458.75,20210901,22
010760298C,0,PS-010760298-005,PARTIAL_SURRENDER,,99,99,FAMILY_SURRENDER_BUCKET,True,458.75,20220901,22
010760298C,0,PS-010760298-006,PARTIAL_SURRENDER,,99,99,FAMILY_SURRENDER_BUCKET,True,458.75,20230901,22
010760298C,0,PS-010760298-007,PARTIAL_SURRENDER,,99,99,FAMILY_SURRENDER_BUCKET,True,458.75,20240903,22
010760298C,0,PS-010760298-008,PARTIAL_SURRENDER,,99,99,FAMILY_SURRENDER_BUCKET,True,458.75,20250902,22
010760840C,0,PS-010760840-001,PARTIAL_SURRENDER,,99,99,FAMILY_SURRENDER_BUCKET,True,358.20,20181001,22
010760840C,0,PS-010760840-002,PARTIAL_SURRENDER,,99,99,FAMILY_SURRENDER_BUCKET,True,358.20,20191001,22
010760851C,0,PS-010760851-001,PARTIAL_SURRENDER,,99,99,FAMILY_SURRENDER_BUCKET,True,415.24,20180924,22
010760851C,0,PS-010760851-002,PARTIAL_SURRENDER,,99,99,FAMILY_SURRENDER_BUCKET,True,415.24,20190923,22
010760851C,0,PS-010760851-003,PARTIAL_SURRENDER,,99,99,FAMILY_SURRENDER_BUCKET,True,415.24,20200923,22
010760851C,0,PS-010760851-004,PARTIAL_SURRENDER,,99,99,FAMILY_SURRENDER_BUCKET,True,415.24,20210923,22
010760851C,0,PS-010760851-005,PARTIAL_SURRENDER,,99,99,FAMILY_SURRENDER_BUCKET,True,415.24,20220923,22
010760851C,0,PS-010760851-006,PARTIAL_SURRENDER,,99,99,FAMILY_SURRENDER_BUCKET,True,415.24,20230925,22
010760851C,0,PS-010760851-007,PARTIAL_SURRENDER,,99,99,FAMILY_SURRENDER_BUCKET,True,415.24,20240923,22
010760851C,0,PS-010760851-008,PARTIAL_SURRENDER,,99,99,FAMILY_SURRENDER_BUCKET,True,415.24,20250923,22
010760865C,0,PS-010760865-001,PARTIAL_SURRENDER,,99,99,FAMILY_SURRENDER_BUCKET,True,281.98,20181001,22
010760865C,0,PS-010760865-002,PARTIAL_SURRENDER,,99,99,FAMILY_SURRENDER_BUCKET,True,281.98,20191001,22
010761639C,0,PS-010761639-001,PARTIAL_SURRENDER,,99,99,FAMILY_SURRENDER_BUCKET,True,271.00,20180904,22
010761673C,0,PS-010761673-001,PARTIAL_SURRENDER,,99,99,FAMILY_SURRENDER_BUCKET,True,187.00,20180904,22
010761673C,0,PS-010761673-002,PARTIAL_SURRENDER,,99,99,FAMILY_SURRENDER_BUCKET,True,187.00,20190903,22
010761673C,0,PS-010761673-003,PARTIAL_SURRENDER,,99,99,FAMILY_SURRENDER_BUCKET,True,187.00,20200901,22
010761673C,0,PS-010761673-004,PARTIAL_SURRENDER,,99,99,FAMILY_SURRENDER_BUCKET,True,187.00,20210901,22
010761673C,0,PS-010761673-005,PARTIAL_SURRENDER,,99,99,FAMILY_SURRENDER_BUCKET,True,187.00,20220901,22
010761673C,0,PS-010761673-006,PARTIAL_SURRENDER,,99,99,FAMILY_SURRENDER_BUCKET,True,187.00,20230901,22
010761673C,0,PS-010761673-007,PARTIAL_SURRENDER,,99,99,FAMILY_SURRENDER_BUCKET,True,187.00,20240903,22
010761673C,0,PS-010761673-008,PARTIAL_SURRENDER,,99,99,FAMILY_SURRENDER_BUCKET,True,187.00,20250902,22
010761870C,0,PS-010761870-001,PARTIAL_SURRENDER,,99,99,FAMILY_SURRENDER_BUCKET,True,150.25,20180904,22
010761870C,0,PS-010761870-002,PARTIAL_SURRENDER,,99,99,FAMILY_SURRENDER_BUCKET,True,150.25,20190903,22
010761870C,0,PS-010761870-003,PARTIAL_SURRENDER,,99,99,FAMILY_SURRENDER_BUCKET,True,150.25,20200901,22
010761874C,0,PS-010761874-001,PARTIAL_SURRENDER,,99,99,FAMILY_SURRENDER_BUCKET,True,253.34,20180904,22
010761874C,0,PS-010761874-002,PARTIAL_SURRENDER,,99,99,FAMILY_SURRENDER_BUCKET,True,253.34,20190903,22
010761874C,0,PS-010761874-003,PARTIAL_SURRENDER,,99,99,FAMILY_SURRENDER_BUCKET,True,253.34,20200901,22
010761882C,0,PS-010761882-001,PARTIAL_SURRENDER,,99,99,FAMILY_SURRENDER_BUCKET,True,548.00,20180904,22
010761882C,0,PS-010761882-002,PARTIAL_SURRENDER,,99,99,FAMILY_SURRENDER_BUCKET,True,369.89,20200825,22
010762068C,0,PS-010762068-001,PARTIAL_SURRENDER,,99,99,FAMILY_SURRENDER_BUCKET,True,287.89,20180827,22
010762068C,0,PS-010762068-002,PARTIAL_SURRENDER,,99,99,FAMILY_SURRENDER_BUCKET,True,287.89,20190826,22
010762068C,0,PS-010762068-003,PARTIAL_SURRENDER,,99,99,FAMILY_SURRENDER_BUCKET,True,287.89,20200826,22
010762068C,0,PS-010762068-004,PARTIAL_SURRENDER,,99,99,FAMILY_SURRENDER_BUCKET,True,287.89,20210826,22
010762068C,0,PS-010762068-005,PARTIAL_SURRENDER,,99,99,FAMILY_SURRENDER_BUCKET,True,287.89,20220826,22
010762068C,0,PS-010762068-006,PARTIAL_SURRENDER,,99,99,FAMILY_SURRENDER_BUCKET,True,287.89,20230828,22
010762068C,0,PS-010762068-007,PARTIAL_SURRENDER,,99,99,FAMILY_SURRENDER_BUCKET,True,287.89,20240826,22
010762068C,0,PS-010762068-008,PARTIAL_SURRENDER,,99,99,FAMILY_SURRENDER_BUCKET,True,287.89,20250826,22
010762319C,0,PS-010762319-001,PARTIAL_SURRENDER,,99,99,FAMILY_SURRENDER_BUCKET,True,199.75,20211201,22
010763006C,0,PS-010763006-001,PARTIAL_SURRENDER,,99,99,FAMILY_SURRENDER_BUCKET,True,424.60,20180907,22
010763006C,0,PS-010763006-002,PARTIAL_SURRENDER,,99,99,FAMILY_SURRENDER_BUCKET,True,424.60,20190909,22
010763006C,0,PS-010763006-003,PARTIAL_SURRENDER,,99,99,FAMILY_SURRENDER_BUCKET,True,424.60,20200908,22
010763006C,0,PS-010763006-004,PARTIAL_SURRENDER,,99,99,FAMILY_SURRENDER_BUCKET,True,424.60,20210907,22
010763006C,0,PS-010763006-005,PARTIAL_SURRENDER,,99,99,FAMILY_SURRENDER_BUCKET,True,424.60,20220907,22
010763006C,0,PS-010763006-006,PARTIAL_SURRENDER,,99,99,FAMILY_SURRENDER_BUCKET,True,424.60,20230907,22
010763378C,0,PS-010763378-001,PARTIAL_SURRENDER,,99,99,FAMILY_SURRENDER_BUCKET,True,121.00,20180919,22
010763378C,0,PS-010763378-002,PARTIAL_SURRENDER,,99,99,FAMILY_SURRENDER_BUCKET,True,121.00,20190919,22
010763378C,0,PS-010763378-003,PARTIAL_SURRENDER,,99,99,FAMILY_SURRENDER_BUCKET,True,121.00,20200921,22
010763378C,0,PS-010763378-004,PARTIAL_SURRENDER,,99,99,FAMILY_SURRENDER_BUCKET,True,121.00,20210920,22
010763378C,0,PS-010763378-005,PARTIAL_SURRENDER,,99,99,FAMILY_SURRENDER_BUCKET,True,121.00,20220919,22
010763378C,0,PS-010763378-006,PARTIAL_SURRENDER,,99,99,FAMILY_SURRENDER_BUCKET,True,121.00,20230919,22
010763378C,0,PS-010763378-007,PARTIAL_SURRENDER,,99,99,FAMILY_SURRENDER_BUCKET,True,121.00,20240919,22
010763450C,0,PS-010763450-001,PARTIAL_SURRENDER,,99,99,FAMILY_SURRENDER_BUCKET,True,188.10,20180904,22
010763450C,0,PS-010763450-002,PARTIAL_SURRENDER,,99,99,FAMILY_SURRENDER_BUCKET,True,188.10,20190903,22
010763450C,0,PS-010763450-003,PARTIAL_SURRENDER,,99,99,FAMILY_SURRENDER_BUCKET,True,188.10,20200901,22
010763450C,0,PS-010763450-004,PARTIAL_SURRENDER,,99,99,FAMILY_SURRENDER_BUCKET,True,188.10,20210901,22
010763450C,0,PS-010763450-005,PARTIAL_SURRENDER,,99,99,FAMILY_SURRENDER_BUCKET,True,188.10,20220901,22
010764120C,0,PS-010764120-001,PARTIAL_SURRENDER,,99,99,FAMILY_SURRENDER_BUCKET,True,260.35,20181001,22
010764120C,0,PS-010764120-002,PARTIAL_SURRENDER,,99,99,FAMILY_SURRENDER_BUCKET,True,260.35,20191001,22
010764120C,0,PS-010764120-003,PARTIAL_SURRENDER,,99,99,FAMILY_SURRENDER_BUCKET,True,260.35,20201001,22
010764120C,0,PS-010764120-004,PARTIAL_SURRENDER,,99,99,FAMILY_SURRENDER_BUCKET,True,260.35,20211001,22
010764121C,0,PS-010764121-001,PARTIAL_SURRENDER,,99,99,FAMILY_SURRENDER_BUCKET,True,367.64,20181001,22
010764121C,0,PS-010764121-002,PARTIAL_SURRENDER,,99,99,FAMILY_SURRENDER_BUCKET,True,367.64,20191001,22
010764121C,0,PS-010764121-003,PARTIAL_SURRENDER,,99,99,FAMILY_SURRENDER_BUCKET,True,367.64,20201001,22
010764121C,0,PS-010764121-004,PARTIAL_SURRENDER,,99,99,FAMILY_SURRENDER_BUCKET,True,367.64,20211001,22
010764121C,0,PS-010764121-005,PARTIAL_SURRENDER,,99,99,FAMILY_SURRENDER_BUCKET,True,367.64,20221003,22
010764121C,0,PS-010764121-006,PARTIAL_SURRENDER,,99,99,FAMILY_SURRENDER_BUCKET,True,367.64,20231002,22
010764319C,0,PS-010764319-001,PARTIAL_SURRENDER,,99,99,FAMILY_SURRENDER_BUCKET,True,154.75,20180917,22
010764319C,0,PS-010764319-002,PARTIAL_SURRENDER,,99,99,FAMILY_SURRENDER_BUCKET,True,154.75,20190916,22
010764319C,0,PS-010764319-003,PARTIAL_SURRENDER,,99,99,FAMILY_SURRENDER_BUCKET,True,154.75,20200915,22
010764319C,0,PS-010764319-004,PARTIAL_SURRENDER,,99,99,FAMILY_SURRENDER_BUCKET,True,154.75,20210915,22
010764319C,0,PS-010764319-005,PARTIAL_SURRENDER,,99,99,FAMILY_SURRENDER_BUCKET,True,154.75,20220915,22
010764319C,0,PS-010764319-006,PARTIAL_SURRENDER,,99,99,FAMILY_SURRENDER_BUCKET,True,154.75,20230915,22
010764319C,0,PS-010764319-007,PARTIAL_SURRENDER,,99,99,FAMILY_SURRENDER_BUCKET,True,154.75,20240916,22
010764319C,0,PS-010764319-008,PARTIAL_SURRENDER,,99,99,FAMILY_SURRENDER_BUCKET,True,154.75,20250915,22
010764368C,0,PS-010764368-001,PARTIAL_SURRENDER,,99,99,FAMILY_SURRENDER_BUCKET,True,609.40,20181001,22
010764368C,0,PS-010764368-002,PARTIAL_SURRENDER,,99,99,FAMILY_SURRENDER_BUCKET,True,609.40,20191001,22
010764368C,0,PS-010764368-003,PARTIAL_SURRENDER,,99,99,FAMILY_SURRENDER_BUCKET,True,609.40,20201001,22
010764368C,0,PS-010764368-004,PARTIAL_SURRENDER,,99,99,FAMILY_SURRENDER_BUCKET,True,609.40,20211001,22
010764368C,0,PS-010764368-005,PARTIAL_SURRENDER,,99,99,FAMILY_SURRENDER_BUCKET,True,609.40,20221003,22
010764368C,0,PS-010764368-006,PARTIAL_SURRENDER,,99,99,FAMILY_SURRENDER_BUCKET,True,609.40,20231002,22
010764368C,0,PS-010764368-007,PARTIAL_SURRENDER,,99,99,FAMILY_SURRENDER_BUCKET,True,609.40,20241001,22
010764368C,0,PS-010764368-008,PARTIAL_SURRENDER,,99,99,FAMILY_SURRENDER_BUCKET,True,609.40,20251001,22
010764369C,0,PS-010764369-001,PARTIAL_SURRENDER,,99,99,FAMILY_SURRENDER_BUCKET,True,350.20,20181001,22
010764369C,0,PS-010764369-002,PARTIAL_SURRENDER,,99,99,FAMILY_SURRENDER_BUCKET,True,350.20,20191001,22
010764369C,0,PS-010764369-003,PARTIAL_SURRENDER,,99,99,FAMILY_SURRENDER_BUCKET,True,350.20,20201001,22
010764369C,0,PS-010764369-004,PARTIAL_SURRENDER,,99,99,FAMILY_SURRENDER_BUCKET,True,350.20,20211001,22
010764369C,0,PS-010764369-005,PARTIAL_SURRENDER,,99,99,FAMILY_SURRENDER_BUCKET,True,350.20,20221003,22
010764369C,0,PS-010764369-006,PARTIAL_SURRENDER,,99,99,FAMILY_SURRENDER_BUCKET,True,350.20,20231002,22
010764369C,0,PS-010764369-007,PARTIAL_SURRENDER,,99,99,FAMILY_SURRENDER_BUCKET,True,350.20,20241001,22
010764369C,0,PS-010764369-008,PARTIAL_SURRENDER,,99,99,FAMILY_SURRENDER_BUCKET,True,350.20,20251001,22
010764374C,0,PS-010764374-001,PARTIAL_SURRENDER,,99,99,FAMILY_SURRENDER_BUCKET,True,260.35,20181001,22
010764374C,0,PS-010764374-002,PARTIAL_SURRENDER,,99,99,FAMILY_SURRENDER_BUCKET,True,260.35,20191001,22
010764385C,0,PS-010764385-001,PARTIAL_SURRENDER,,99,99,FAMILY_SURRENDER_BUCKET,True,256.53,20181001,22
010764385C,0,PS-010764385-002,PARTIAL_SURRENDER,,99,99,FAMILY_SURRENDER_BUCKET,True,256.53,20191001,22
010764385C,0,PS-010764385-003,PARTIAL_SURRENDER,,99,99,FAMILY_SURRENDER_BUCKET,True,256.53,20201001,22
010764400C,0,PS-010764400-001,PARTIAL_SURRENDER,,99,99,FAMILY_SURRENDER_BUCKET,True,266.29,20181001,22
010764684C,0,PS-010764684-001,PARTIAL_SURRENDER,,99,99,FAMILY_SURRENDER_BUCKET,True,128.50,20180919,22
010764684C,0,PS-010764684-002,PARTIAL_SURRENDER,,99,99,FAMILY_SURRENDER_BUCKET,True,128.50,20190919,22
010764684C,0,PS-010764684-003,PARTIAL_SURRENDER,,99,99,FAMILY_SURRENDER_BUCKET,True,128.50,20200921,22
010764684C,0,PS-010764684-004,PARTIAL_SURRENDER,,99,99,FAMILY_SURRENDER_BUCKET,True,128.50,20210920,22
010764684C,0,PS-010764684-005,PARTIAL_SURRENDER,,99,99,FAMILY_SURRENDER_BUCKET,True,128.50,20220919,22
010764684C,0,PS-010764684-006,PARTIAL_SURRENDER,,99,99,FAMILY_SURRENDER_BUCKET,True,128.50,20230919,22
010764684C,0,PS-010764684-007,PARTIAL_SURRENDER,,99,99,FAMILY_SURRENDER_BUCKET,True,128.50,20240919,22
010764684C,0,PS-010764684-008,PARTIAL_SURRENDER,,99,99,FAMILY_SURRENDER_BUCKET,True,128.50,20250919,22
010764810C,0,PS-010764810-001,PARTIAL_SURRENDER,,99,99,FAMILY_SURRENDER_BUCKET,True,169.75,20180917,22
010764810C,0,PS-010764810-002,PARTIAL_SURRENDER,,99,99,FAMILY_SURRENDER_BUCKET,True,169.75,20190916,22
010764810C,0,PS-010764810-003,PARTIAL_SURRENDER,,99,99,FAMILY_SURRENDER_BUCKET,True,169.75,20200915,22
010764810C,0,PS-010764810-004,PARTIAL_SURRENDER,,99,99,FAMILY_SURRENDER_BUCKET,True,169.75,20210915,22
010764810C,0,PS-010764810-005,PARTIAL_SURRENDER,,99,99,FAMILY_SURRENDER_BUCKET,True,169.75,20220915,22
010764810C,0,PS-010764810-006,PARTIAL_SURRENDER,,99,99,FAMILY_SURRENDER_BUCKET,True,169.75,20230915,22
010764810C,0,PS-010764810-007,PARTIAL_SURRENDER,,99,99,FAMILY_SURRENDER_BUCKET,True,169.75,20240916,22
010764810C,0,PS-010764810-008,PARTIAL_SURRENDER,,99,99,FAMILY_SURRENDER_BUCKET,True,169.75,20250915,22
010764812C,0,PS-010764812-001,PARTIAL_SURRENDER,,99,99,FAMILY_SURRENDER_BUCKET,True,388.90,20180917,22
010764812C,0,PS-010764812-002,PARTIAL_SURRENDER,,99,99,FAMILY_SURRENDER_BUCKET,True,388.90,20190916,22
010764812C,0,PS-010764812-003,PARTIAL_SURRENDER,,99,99,FAMILY_SURRENDER_BUCKET,True,388.90,20200915,22
010764812C,0,PS-010764812-004,PARTIAL_SURRENDER,,99,99,FAMILY_SURRENDER_BUCKET,True,388.90,20210915,22
010764812C,0,PS-010764812-005,PARTIAL_SURRENDER,,99,99,FAMILY_SURRENDER_BUCKET,True,388.90,20220915,22
010764812C,0,PS-010764812-006,PARTIAL_SURRENDER,,99,99,FAMILY_SURRENDER_BUCKET,True,388.90,20231004,22
010764818C,0,PS-010764818-001,PARTIAL_SURRENDER,,99,99,FAMILY_SURRENDER_BUCKET,True,193.25,20180917,22
010764818C,0,PS-010764818-002,PARTIAL_SURRENDER,,99,99,FAMILY_SURRENDER_BUCKET,True,193.25,20190916,22
010764818C,0,PS-010764818-003,PARTIAL_SURRENDER,,99,99,FAMILY_SURRENDER_BUCKET,True,193.25,20200915,22
010764818C,0,PS-010764818-004,PARTIAL_SURRENDER,,99,99,FAMILY_SURRENDER_BUCKET,True,193.25,20210915,22
010764818C,0,PS-010764818-005,PARTIAL_SURRENDER,,99,99,FAMILY_SURRENDER_BUCKET,True,193.25,20220915,22
010764818C,0,PS-010764818-006,PARTIAL_SURRENDER,,99,99,FAMILY_SURRENDER_BUCKET,True,193.25,20230915,22
010764818C,0,PS-010764818-007,PARTIAL_SURRENDER,,99,99,FAMILY_SURRENDER_BUCKET,True,193.25,20240916,22
010764818C,0,PS-010764818-008,PARTIAL_SURRENDER,,99,99,FAMILY_SURRENDER_BUCKET,True,193.25,20250915,22
010764837C,0,PS-010764837-001,PARTIAL_SURRENDER,,99,99,FAMILY_SURRENDER_BUCKET,True,179.35,20181001,22
010764837C,0,PS-010764837-002,PARTIAL_SURRENDER,,99,99,FAMILY_SURRENDER_BUCKET,True,179.35,20191001,22
010764837C,0,PS-010764837-003,PARTIAL_SURRENDER,,99,99,FAMILY_SURRENDER_BUCKET,True,179.35,20201001,22
010764837C,0,PS-010764837-004,PARTIAL_SURRENDER,,99,99,FAMILY_SURRENDER_BUCKET,True,179.35,20211001,22
010764837C,0,PS-010764837-005,PARTIAL_SURRENDER,,99,99,FAMILY_SURRENDER_BUCKET,True,179.35,20221003,22
010764837C,0,PS-010764837-006,PARTIAL_SURRENDER,,99,99,FAMILY_SURRENDER_BUCKET,True,179.35,20231002,22
010764837C,0,PS-010764837-007,PARTIAL_SURRENDER,,99,99,FAMILY_SURRENDER_BUCKET,True,179.35,20241001,22
010764842C,0,PS-010764842-001,PARTIAL_SURRENDER,,99,99,FAMILY_SURRENDER_BUCKET,True,179.35,20181001,22
010764842C,0,PS-010764842-002,PARTIAL_SURRENDER,,99,99,FAMILY_SURRENDER_BUCKET,True,179.35,20191001,22
010765198C,0,PS-010765198-001,PARTIAL_SURRENDER,,99,99,FAMILY_SURRENDER_BUCKET,True,492.36,20181001,22
010765318C,0,PS-010765318-001,PARTIAL_SURRENDER,,99,99,FAMILY_SURRENDER_BUCKET,True,248.20,20181015,22
010765318C,0,PS-010765318-002,PARTIAL_SURRENDER,,99,99,FAMILY_SURRENDER_BUCKET,True,248.20,20191015,22
010765318C,0,PS-010765318-003,PARTIAL_SURRENDER,,99,99,FAMILY_SURRENDER_BUCKET,True,248.20,20201015,22
010765318C,0,PS-010765318-004,PARTIAL_SURRENDER,,99,99,FAMILY_SURRENDER_BUCKET,True,248.20,20211015,22
010765318C,0,PS-010765318-005,PARTIAL_SURRENDER,,99,99,FAMILY_SURRENDER_BUCKET,True,248.20,20221017,22
010765318C,0,PS-010765318-006,PARTIAL_SURRENDER,,99,99,FAMILY_SURRENDER_BUCKET,True,248.20,20231016,22
010765318C,0,PS-010765318-007,PARTIAL_SURRENDER,,99,99,FAMILY_SURRENDER_BUCKET,True,248.20,20241015,22
010765318C,0,PS-010765318-008,PARTIAL_SURRENDER,,99,99,FAMILY_SURRENDER_BUCKET,True,248.20,20251015,22
010765320C,0,PS-010765320-001,PARTIAL_SURRENDER,,99,99,FAMILY_SURRENDER_BUCKET,True,305.25,20181015,22
010765320C,0,PS-010765320-002,PARTIAL_SURRENDER,,99,99,FAMILY_SURRENDER_BUCKET,True,305.25,20191015,22
010765320C,0,PS-010765320-003,PARTIAL_SURRENDER,,99,99,FAMILY_SURRENDER_BUCKET,True,305.25,20201015,22
010765320C,0,PS-010765320-004,PARTIAL_SURRENDER,,99,99,FAMILY_SURRENDER_BUCKET,True,305.25,20211015,22
010765320C,0,PS-010765320-005,PARTIAL_SURRENDER,,99,99,FAMILY_SURRENDER_BUCKET,True,305.25,20221017,22
010765320C,0,PS-010765320-006,PARTIAL_SURRENDER,,99,99,FAMILY_SURRENDER_BUCKET,True,305.25,20231016,22
010765320C,0,PS-010765320-007,PARTIAL_SURRENDER,,99,99,FAMILY_SURRENDER_BUCKET,True,305.25,20241015,22
010765320C,0,PS-010765320-008,PARTIAL_SURRENDER,,99,99,FAMILY_SURRENDER_BUCKET,True,305.25,20251015,22
010765339C,0,PS-010765339-001,PARTIAL_SURRENDER,,99,99,FAMILY_SURRENDER_BUCKET,True,894.25,20181109,22
010765339C,0,PS-010765339-002,PARTIAL_SURRENDER,,99,99,FAMILY_SURRENDER_BUCKET,True,894.25,20191001,22
010765339C,0,PS-010765339-003,PARTIAL_SURRENDER,,99,99,FAMILY_SURRENDER_BUCKET,True,894.25,20201001,22
010765339C,0,PS-010765339-004,PARTIAL_SURRENDER,,99,99,FAMILY_SURRENDER_BUCKET,True,894.25,20211001,22
010765339C,0,PS-010765339-005,PARTIAL_SURRENDER,,99,99,FAMILY_SURRENDER_BUCKET,True,894.25,20221003,22
010765339C,0,PS-010765339-006,PARTIAL_SURRENDER,,99,99,FAMILY_SURRENDER_BUCKET,True,894.25,20231002,22
010765339C,0,PS-010765339-007,PARTIAL_SURRENDER,,99,99,FAMILY_SURRENDER_BUCKET,True,894.25,20241001,22
010765339C,0,PS-010765339-008,PARTIAL_SURRENDER,,99,99,FAMILY_SURRENDER_BUCKET,True,894.25,20251001,22
010766554C,0,PS-010766554-001,PARTIAL_SURRENDER,,99,99,FAMILY_SURRENDER_BUCKET,True,279.25,20181003,22
010766554C,0,PS-010766554-002,PARTIAL_SURRENDER,,99,99,FAMILY_SURRENDER_BUCKET,True,279.25,20191003,22
010766554C,0,PS-010766554-003,PARTIAL_SURRENDER,,99,99,FAMILY_SURRENDER_BUCKET,True,279.25,20201005,22
010766554C,0,PS-010766554-004,PARTIAL_SURRENDER,,99,99,FAMILY_SURRENDER_BUCKET,True,279.25,20211004,22
010766554C,0,PS-010766554-005,PARTIAL_SURRENDER,,99,99,FAMILY_SURRENDER_BUCKET,True,279.25,20221003,22
010766554C,0,PS-010766554-006,PARTIAL_SURRENDER,,99,99,FAMILY_SURRENDER_BUCKET,True,279.25,20231003,22
010766554C,0,PS-010766554-007,PARTIAL_SURRENDER,,99,99,FAMILY_SURRENDER_BUCKET,True,279.25,20241003,22
010766554C,0,PS-010766554-008,PARTIAL_SURRENDER,,99,99,FAMILY_SURRENDER_BUCKET,True,279.25,20251003,22
010766898C,0,PS-010766898-001,PARTIAL_SURRENDER,,99,99,FAMILY_SURRENDER_BUCKET,True,321.50,20181101,22
010766898C,0,PS-010766898-002,PARTIAL_SURRENDER,,99,99,FAMILY_SURRENDER_BUCKET,True,321.50,20191101,22
010766898C,0,PS-010766898-003,PARTIAL_SURRENDER,,99,99,FAMILY_SURRENDER_BUCKET,True,321.50,20201102,22
010766898C,0,PS-010766898-004,PARTIAL_SURRENDER,,99,99,FAMILY_SURRENDER_BUCKET,True,321.50,20211101,22
010766898C,0,PS-010766898-005,PARTIAL_SURRENDER,,99,99,FAMILY_SURRENDER_BUCKET,True,321.50,20221101,22
010766898C,0,PS-010766898-006,PARTIAL_SURRENDER,,99,99,FAMILY_SURRENDER_BUCKET,True,321.50,20231101,22
010766898C,0,PS-010766898-007,PARTIAL_SURRENDER,,99,99,FAMILY_SURRENDER_BUCKET,True,321.50,20241101,22
010766898C,0,PS-010766898-008,PARTIAL_SURRENDER,,99,99,FAMILY_SURRENDER_BUCKET,True,321.50,20251103,22
010766910C,0,PS-010766910-001,PARTIAL_SURRENDER,,99,99,FAMILY_SURRENDER_BUCKET,True,333.70,20181101,22
010766910C,0,PS-010766910-002,PARTIAL_SURRENDER,,99,99,FAMILY_SURRENDER_BUCKET,True,333.70,20191101,22
010766910C,0,PS-010766910-003,PARTIAL_SURRENDER,,99,99,FAMILY_SURRENDER_BUCKET,True,333.70,20201102,22
010767172C,0,PS-010767172-001,PARTIAL_SURRENDER,,99,99,FAMILY_SURRENDER_BUCKET,True,1024.00,20181011,22
010767172C,0,PS-010767172-002,PARTIAL_SURRENDER,,99,99,FAMILY_SURRENDER_BUCKET,True,1024.00,20191011,22
010767172C,0,PS-010767172-003,PARTIAL_SURRENDER,,99,99,FAMILY_SURRENDER_BUCKET,True,1024.00,20201012,22
010767172C,0,PS-010767172-004,PARTIAL_SURRENDER,,99,99,FAMILY_SURRENDER_BUCKET,True,1024.00,20211011,22
010767172C,0,PS-010767172-005,PARTIAL_SURRENDER,,99,99,FAMILY_SURRENDER_BUCKET,True,1024.00,20221011,22
010767172C,0,PS-010767172-006,PARTIAL_SURRENDER,,99,99,FAMILY_SURRENDER_BUCKET,True,1024.00,20231011,22
010767172C,0,PS-010767172-007,PARTIAL_SURRENDER,,99,99,FAMILY_SURRENDER_BUCKET,True,1024.00,20241011,22
010767172C,0,PS-010767172-008,PARTIAL_SURRENDER,,99,99,FAMILY_SURRENDER_BUCKET,True,1024.00,20251013,22
010767770C,0,PS-010767770-001,PARTIAL_SURRENDER,,99,99,FAMILY_SURRENDER_BUCKET,True,128.50,20220719,22
010767770C,0,PS-010767770-002,PARTIAL_SURRENDER,,99,99,FAMILY_SURRENDER_BUCKET,True,128.50,20221011,22
010767770C,0,PS-010767770-003,PARTIAL_SURRENDER,,99,99,FAMILY_SURRENDER_BUCKET,True,128.50,20231011,22
010767770C,0,PS-010767770-004,PARTIAL_SURRENDER,,99,99,FAMILY_SURRENDER_BUCKET,True,128.50,20241011,22
010767770C,0,PS-010767770-005,PARTIAL_SURRENDER,,99,99,FAMILY_SURRENDER_BUCKET,True,128.50,20251013,22
010768067C,0,PS-010768067-001,PARTIAL_SURRENDER,,99,99,FAMILY_SURRENDER_BUCKET,True,112.75,20181015,22
010768067C,0,PS-010768067-002,PARTIAL_SURRENDER,,99,99,FAMILY_SURRENDER_BUCKET,True,112.75,20191015,22
010768067C,0,PS-010768067-003,PARTIAL_SURRENDER,,99,99,FAMILY_SURRENDER_BUCKET,True,112.75,20201015,22
010768067C,0,PS-010768067-004,PARTIAL_SURRENDER,,99,99,FAMILY_SURRENDER_BUCKET,True,112.75,20211015,22
010768067C,0,PS-010768067-005,PARTIAL_SURRENDER,,99,99,FAMILY_SURRENDER_BUCKET,True,112.75,20221017,22
010768067C,0,PS-010768067-006,PARTIAL_SURRENDER,,99,99,FAMILY_SURRENDER_BUCKET,True,112.75,20231016,22
010768067C,0,PS-010768067-007,PARTIAL_SURRENDER,,99,99,FAMILY_SURRENDER_BUCKET,True,112.75,20241015,22
010768067C,0,PS-010768067-008,PARTIAL_SURRENDER,,99,99,FAMILY_SURRENDER_BUCKET,True,112.75,20251015,22
010768069C,0,PS-010768069-001,PARTIAL_SURRENDER,,99,99,FAMILY_SURRENDER_BUCKET,True,188.10,20181017,22
010768339C,0,PS-010768339-001,PARTIAL_SURRENDER,,99,99,FAMILY_SURRENDER_BUCKET,True,263.20,20190618,22
010768339C,0,PS-010768339-002,PARTIAL_SURRENDER,,99,99,FAMILY_SURRENDER_BUCKET,True,263.20,20191018,22
010769176C,0,PS-010769176-001,PARTIAL_SURRENDER,,99,99,FAMILY_SURRENDER_BUCKET,True,369.70,20181115,22
010769176C,0,PS-010769176-002,PARTIAL_SURRENDER,,99,99,FAMILY_SURRENDER_BUCKET,True,369.70,20191115,22
010769176C,0,PS-010769176-003,PARTIAL_SURRENDER,,99,99,FAMILY_SURRENDER_BUCKET,True,369.70,20201116,22
010769176C,0,PS-010769176-004,PARTIAL_SURRENDER,,99,99,FAMILY_SURRENDER_BUCKET,True,369.70,20211115,22
010769190C,0,PS-010769190-001,PARTIAL_SURRENDER,,99,99,FAMILY_SURRENDER_BUCKET,True,175.25,20180410,22
010769190C,0,PS-010769190-002,PARTIAL_SURRENDER,,99,99,FAMILY_SURRENDER_BUCKET,True,175.25,20181101,22
010769190C,0,PS-010769190-003,PARTIAL_SURRENDER,,99,99,FAMILY_SURRENDER_BUCKET,True,175.25,20191101,22
010769190C,0,PS-010769190-004,PARTIAL_SURRENDER,,99,99,FAMILY_SURRENDER_BUCKET,True,175.25,20201102,22
010769190C,0,PS-010769190-005,PARTIAL_SURRENDER,,99,99,FAMILY_SURRENDER_BUCKET,True,175.25,20211101,22
010769190C,0,PS-010769190-006,PARTIAL_SURRENDER,,99,99,FAMILY_SURRENDER_BUCKET,True,175.25,20221101,22
010769190C,0,PS-010769190-007,PARTIAL_SURRENDER,,99,99,FAMILY_SURRENDER_BUCKET,True,175.25,20231101,22
010769190C,0,PS-010769190-008,PARTIAL_SURRENDER,,99,99,FAMILY_SURRENDER_BUCKET,True,175.25,20241101,22
010769190C,0,PS-010769190-009,PARTIAL_SURRENDER,,99,99,FAMILY_SURRENDER_BUCKET,True,175.25,20251103,22
010769195C,0,PS-010769195-001,PARTIAL_SURRENDER,,99,99,FAMILY_SURRENDER_BUCKET,True,235.78,20181115,22
010769195C,0,PS-010769195-002,PARTIAL_SURRENDER,,99,99,FAMILY_SURRENDER_BUCKET,True,235.78,20191115,22
010769195C,0,PS-010769195-003,PARTIAL_SURRENDER,,99,99,FAMILY_SURRENDER_BUCKET,True,235.78,20201116,22
010769195C,0,PS-010769195-004,PARTIAL_SURRENDER,,99,99,FAMILY_SURRENDER_BUCKET,True,235.78,20211115,22
010769195C,0,PS-010769195-005,PARTIAL_SURRENDER,,99,99,FAMILY_SURRENDER_BUCKET,True,235.78,20221115,22
010769195C,0,PS-010769195-006,PARTIAL_SURRENDER,,99,99,FAMILY_SURRENDER_BUCKET,True,235.78,20231115,22
010769195C,0,PS-010769195-007,PARTIAL_SURRENDER,,99,99,FAMILY_SURRENDER_BUCKET,True,235.78,20241115,22
010769195C,0,PS-010769195-008,PARTIAL_SURRENDER,,99,99,FAMILY_SURRENDER_BUCKET,True,235.78,20251117,22
010769227C,0,PS-010769227-001,PARTIAL_SURRENDER,,99,99,FAMILY_SURRENDER_BUCKET,True,390.25,20181101,22
010769227C,0,PS-010769227-002,PARTIAL_SURRENDER,,99,99,FAMILY_SURRENDER_BUCKET,True,390.25,20191101,22
010769232C,0,PS-010769232-001,PARTIAL_SURRENDER,,99,99,FAMILY_SURRENDER_BUCKET,True,343.25,20181115,22
010769232C,0,PS-010769232-002,PARTIAL_SURRENDER,,99,99,FAMILY_SURRENDER_BUCKET,True,343.25,20191115,22
010769232C,0,PS-010769232-003,PARTIAL_SURRENDER,,99,99,FAMILY_SURRENDER_BUCKET,True,343.25,20201116,22
010769232C,0,PS-010769232-004,PARTIAL_SURRENDER,,99,99,FAMILY_SURRENDER_BUCKET,True,343.25,20211115,22
010769232C,0,PS-010769232-005,PARTIAL_SURRENDER,,99,99,FAMILY_SURRENDER_BUCKET,True,343.25,20221115,22
010769232C,0,PS-010769232-006,PARTIAL_SURRENDER,,99,99,FAMILY_SURRENDER_BUCKET,True,343.25,20231115,22
010769232C,0,PS-010769232-007,PARTIAL_SURRENDER,,99,99,FAMILY_SURRENDER_BUCKET,True,343.25,20241115,22
010769232C,0,PS-010769232-008,PARTIAL_SURRENDER,,99,99,FAMILY_SURRENDER_BUCKET,True,343.25,20251117,22
010770062C,0,PS-010770062-001,PARTIAL_SURRENDER,,99,99,FAMILY_SURRENDER_BUCKET,True,317.10,20181116,22
010770062C,0,PS-010770062-002,PARTIAL_SURRENDER,,99,99,FAMILY_SURRENDER_BUCKET,True,317.10,20191118,22
010770062C,0,PS-010770062-003,PARTIAL_SURRENDER,,99,99,FAMILY_SURRENDER_BUCKET,True,317.10,20201116,22
010770062C,0,PS-010770062-004,PARTIAL_SURRENDER,,99,99,FAMILY_SURRENDER_BUCKET,True,317.10,20211116,22
010770844C,0,PS-010770844-001,PARTIAL_SURRENDER,,99,99,FAMILY_SURRENDER_BUCKET,True,206.75,20190709,22
010770844C,0,PS-010770844-002,PARTIAL_SURRENDER,,99,99,FAMILY_SURRENDER_BUCKET,True,206.75,20191115,22
010770844C,0,PS-010770844-003,PARTIAL_SURRENDER,,99,99,FAMILY_SURRENDER_BUCKET,True,206.75,20201116,22
010770844C,0,PS-010770844-004,PARTIAL_SURRENDER,,99,99,FAMILY_SURRENDER_BUCKET,True,206.75,20211115,22
010770844C,0,PS-010770844-005,PARTIAL_SURRENDER,,99,99,FAMILY_SURRENDER_BUCKET,True,206.75,20221115,22
010770844C,0,PS-010770844-006,PARTIAL_SURRENDER,,99,99,FAMILY_SURRENDER_BUCKET,True,206.75,20231115,22
010770844C,0,PS-010770844-007,PARTIAL_SURRENDER,,99,99,FAMILY_SURRENDER_BUCKET,True,206.75,20241115,22
010770844C,0,PS-010770844-008,PARTIAL_SURRENDER,,99,99,FAMILY_SURRENDER_BUCKET,True,206.75,20251117,22
010770865C,0,PS-010770865-001,PARTIAL_SURRENDER,,99,99,FAMILY_SURRENDER_BUCKET,True,306.04,20181115,22
010770865C,0,PS-010770865-002,PARTIAL_SURRENDER,,99,99,FAMILY_SURRENDER_BUCKET,True,306.04,20191115,22
010770865C,0,PS-010770865-003,PARTIAL_SURRENDER,,99,99,FAMILY_SURRENDER_BUCKET,True,306.04,20201116,22
010770865C,0,PS-010770865-004,PARTIAL_SURRENDER,,99,99,FAMILY_SURRENDER_BUCKET,True,306.04,20211115,22
010770865C,0,PS-010770865-005,PARTIAL_SURRENDER,,99,99,FAMILY_SURRENDER_BUCKET,True,306.04,20221115,22
010771070C,0,PS-010771070-001,PARTIAL_SURRENDER,,99,99,FAMILY_SURRENDER_BUCKET,True,272.40,20181113,22
010771070C,0,PS-010771070-002,PARTIAL_SURRENDER,,99,99,FAMILY_SURRENDER_BUCKET,True,272.40,20191113,22
010771070C,0,PS-010771070-003,PARTIAL_SURRENDER,,99,99,FAMILY_SURRENDER_BUCKET,True,272.40,20201113,22
010771070C,0,PS-010771070-004,PARTIAL_SURRENDER,,99,99,FAMILY_SURRENDER_BUCKET,True,272.40,20211115,22
010771532C,0,PS-010771532-001,PARTIAL_SURRENDER,,99,99,FAMILY_SURRENDER_BUCKET,True,390.25,20181203,22
010771532C,0,PS-010771532-002,PARTIAL_SURRENDER,,99,99,FAMILY_SURRENDER_BUCKET,True,390.25,20191202,22
010771532C,0,PS-010771532-003,PARTIAL_SURRENDER,,99,99,FAMILY_SURRENDER_BUCKET,True,390.25,20201201,22
010771532C,0,PS-010771532-004,PARTIAL_SURRENDER,,99,99,FAMILY_SURRENDER_BUCKET,True,390.25,20211201,22
010771532C,0,PS-010771532-005,PARTIAL_SURRENDER,,99,99,FAMILY_SURRENDER_BUCKET,True,390.25,20221201,22
010771532C,0,PS-010771532-006,PARTIAL_SURRENDER,,99,99,FAMILY_SURRENDER_BUCKET,True,390.25,20231201,22
010771532C,0,PS-010771532-007,PARTIAL_SURRENDER,,99,99,FAMILY_SURRENDER_BUCKET,True,390.25,20241202,22
010771532C,0,PS-010771532-008,PARTIAL_SURRENDER,,99,99,FAMILY_SURRENDER_BUCKET,True,390.25,20251201,22
010771832C,0,PS-010771832-001,PARTIAL_SURRENDER,,99,99,FAMILY_SURRENDER_BUCKET,True,343.25,20181115,22
010771832C,0,PS-010771832-002,PARTIAL_SURRENDER,,99,99,FAMILY_SURRENDER_BUCKET,True,343.25,20191115,22
010771832C,0,PS-010771832-003,PARTIAL_SURRENDER,,99,99,FAMILY_SURRENDER_BUCKET,True,343.25,20201116,22
010771832C,0,PS-010771832-004,PARTIAL_SURRENDER,,99,99,FAMILY_SURRENDER_BUCKET,True,343.25,20211115,22
010771832C,0,PS-010771832-005,PARTIAL_SURRENDER,,99,99,FAMILY_SURRENDER_BUCKET,True,343.25,20221115,22
010771832C,0,PS-010771832-006,PARTIAL_SURRENDER,,99,99,FAMILY_SURRENDER_BUCKET,True,343.25,20231115,22
010771832C,0,PS-010771832-007,PARTIAL_SURRENDER,,99,99,FAMILY_SURRENDER_BUCKET,True,343.25,20241115,22
010771832C,0,PS-010771832-008,PARTIAL_SURRENDER,,99,99,FAMILY_SURRENDER_BUCKET,True,343.25,20251117,22
010771833C,0,PS-010771833-001,PARTIAL_SURRENDER,,99,99,FAMILY_SURRENDER_BUCKET,True,458.75,20181115,22
010771833C,0,PS-010771833-002,PARTIAL_SURRENDER,,99,99,FAMILY_SURRENDER_BUCKET,True,458.75,20191115,22
010771833C,0,PS-010771833-003,PARTIAL_SURRENDER,,99,99,FAMILY_SURRENDER_BUCKET,True,458.75,20201116,22
010771833C,0,PS-010771833-004,PARTIAL_SURRENDER,,99,99,FAMILY_SURRENDER_BUCKET,True,458.75,20211115,22
010771833C,0,PS-010771833-005,PARTIAL_SURRENDER,,99,99,FAMILY_SURRENDER_BUCKET,True,458.75,20221115,22
010771833C,0,PS-010771833-006,PARTIAL_SURRENDER,,99,99,FAMILY_SURRENDER_BUCKET,True,458.75,20231115,22
010771833C,0,PS-010771833-007,PARTIAL_SURRENDER,,99,99,FAMILY_SURRENDER_BUCKET,True,458.75,20241115,22
010771833C,0,PS-010771833-008,PARTIAL_SURRENDER,,99,99,FAMILY_SURRENDER_BUCKET,True,458.75,20251117,22
010772668C,0,PS-010772668-001,PARTIAL_SURRENDER,,99,99,FAMILY_SURRENDER_BUCKET,True,164.30,20181122,22
010772898C,0,PS-010772898-001,PARTIAL_SURRENDER,,99,99,FAMILY_SURRENDER_BUCKET,True,458.75,20181126,22
010772898C,0,PS-010772898-002,PARTIAL_SURRENDER,,99,99,FAMILY_SURRENDER_BUCKET,True,458.75,20191126,22
010772898C,0,PS-010772898-003,PARTIAL_SURRENDER,,99,99,FAMILY_SURRENDER_BUCKET,True,458.75,20201125,22
010772898C,0,PS-010772898-004,PARTIAL_SURRENDER,,99,99,FAMILY_SURRENDER_BUCKET,True,458.75,20211124,22
010772898C,0,PS-010772898-005,PARTIAL_SURRENDER,,99,99,FAMILY_SURRENDER_BUCKET,True,458.75,20221128,22
010772898C,0,PS-010772898-006,PARTIAL_SURRENDER,,99,99,FAMILY_SURRENDER_BUCKET,True,458.75,20231127,22
010772898C,0,PS-010772898-007,PARTIAL_SURRENDER,,99,99,FAMILY_SURRENDER_BUCKET,True,458.75,20241126,22
010772957C,0,PS-010772957-001,PARTIAL_SURRENDER,,99,99,FAMILY_SURRENDER_BUCKET,True,214.25,20181126,22
010772957C,0,PS-010772957-002,PARTIAL_SURRENDER,,99,99,FAMILY_SURRENDER_BUCKET,True,214.25,20191126,22
010772957C,0,PS-010772957-003,PARTIAL_SURRENDER,,99,99,FAMILY_SURRENDER_BUCKET,True,214.25,20201125,22
010772957C,0,PS-010772957-004,PARTIAL_SURRENDER,,99,99,FAMILY_SURRENDER_BUCKET,True,214.25,20211124,22
010772957C,0,PS-010772957-005,PARTIAL_SURRENDER,,99,99,FAMILY_SURRENDER_BUCKET,True,214.25,20221128,22
010772957C,0,PS-010772957-006,PARTIAL_SURRENDER,,99,99,FAMILY_SURRENDER_BUCKET,True,214.25,20231127,22
010772957C,0,PS-010772957-007,PARTIAL_SURRENDER,,99,99,FAMILY_SURRENDER_BUCKET,True,214.25,20241126,22
010772957C,0,PS-010772957-008,PARTIAL_SURRENDER,,99,99,FAMILY_SURRENDER_BUCKET,True,214.25,20251126,22
010773107C,0,PS-010773107-001,PARTIAL_SURRENDER,,99,99,FAMILY_SURRENDER_BUCKET,True,259.20,20180112,22
010773107C,0,PS-010773107-002,PARTIAL_SURRENDER,,99,99,FAMILY_SURRENDER_BUCKET,True,259.20,20181203,22
010773107C,0,PS-010773107-003,PARTIAL_SURRENDER,,99,99,FAMILY_SURRENDER_BUCKET,True,259.20,20191202,22
010773107C,0,PS-010773107-004,PARTIAL_SURRENDER,,99,99,FAMILY_SURRENDER_BUCKET,True,259.20,20201201,22
010773107C,0,PS-010773107-005,PARTIAL_SURRENDER,,99,99,FAMILY_SURRENDER_BUCKET,True,259.20,20211201,22
010773107C,0,PS-010773107-006,PARTIAL_SURRENDER,,99,99,FAMILY_SURRENDER_BUCKET,True,259.20,20221201,22
010773107C,0,PS-010773107-007,PARTIAL_SURRENDER,,99,99,FAMILY_SURRENDER_BUCKET,True,259.20,20231201,22
010773468C,0,PS-010773468-001,PARTIAL_SURRENDER,,99,99,FAMILY_SURRENDER_BUCKET,True,179.35,20181205,22
010773468C,0,PS-010773468-002,PARTIAL_SURRENDER,,99,99,FAMILY_SURRENDER_BUCKET,True,179.35,20191205,22
010773468C,0,PS-010773468-003,PARTIAL_SURRENDER,,99,99,FAMILY_SURRENDER_BUCKET,True,179.35,20201207,22
010773468C,0,PS-010773468-004,PARTIAL_SURRENDER,,99,99,FAMILY_SURRENDER_BUCKET,True,179.35,20211206,22
010773681C,0,PS-010773681-001,PARTIAL_SURRENDER,,99,99,FAMILY_SURRENDER_BUCKET,True,297.52,20181203,22
010773681C,0,PS-010773681-002,PARTIAL_SURRENDER,,99,99,FAMILY_SURRENDER_BUCKET,True,297.52,20191202,22
010773681C,0,PS-010773681-003,PARTIAL_SURRENDER,,99,99,FAMILY_SURRENDER_BUCKET,True,297.52,20201201,22
010773681C,0,PS-010773681-004,PARTIAL_SURRENDER,,99,99,FAMILY_SURRENDER_BUCKET,True,297.52,20211201,22
010773681C,0,PS-010773681-005,PARTIAL_SURRENDER,,99,99,FAMILY_SURRENDER_BUCKET,True,297.52,20221201,22
010773681C,0,PS-010773681-006,PARTIAL_SURRENDER,,99,99,FAMILY_SURRENDER_BUCKET,True,297.52,20231201,22
010773681C,0,PS-010773681-007,PARTIAL_SURRENDER,,99,99,FAMILY_SURRENDER_BUCKET,True,297.52,20241202,22
010773681C,0,PS-010773681-008,PARTIAL_SURRENDER,,99,99,FAMILY_SURRENDER_BUCKET,True,297.52,20251201,22
010773856C,0,PS-010773856-001,PARTIAL_SURRENDER,,99,99,FAMILY_SURRENDER_BUCKET,True,287.02,20181205,22
010773856C,0,PS-010773856-002,PARTIAL_SURRENDER,,99,99,FAMILY_SURRENDER_BUCKET,True,287.02,20191205,22
010774490C,0,PS-010774490-001,PARTIAL_SURRENDER,,99,99,FAMILY_SURRENDER_BUCKET,True,246.75,20181210,22
010774490C,0,PS-010774490-002,PARTIAL_SURRENDER,,99,99,FAMILY_SURRENDER_BUCKET,True,246.75,20191210,22
010774490C,0,PS-010774490-003,PARTIAL_SURRENDER,,99,99,FAMILY_SURRENDER_BUCKET,True,246.75,20201210,22
010774490C,0,PS-010774490-004,PARTIAL_SURRENDER,,99,99,FAMILY_SURRENDER_BUCKET,True,246.75,20211210,22
010774490C,0,PS-010774490-005,PARTIAL_SURRENDER,,99,99,FAMILY_SURRENDER_BUCKET,True,246.75,20221212,22
010774490C,0,PS-010774490-006,PARTIAL_SURRENDER,,99,99,FAMILY_SURRENDER_BUCKET,True,246.75,20231211,22
010774490C,0,PS-010774490-007,PARTIAL_SURRENDER,,99,99,FAMILY_SURRENDER_BUCKET,True,246.75,20241210,22
010774490C,0,PS-010774490-008,PARTIAL_SURRENDER,,99,99,FAMILY_SURRENDER_BUCKET,True,246.75,20251210,22
010774527C,0,PS-010774527-001,PARTIAL_SURRENDER,,99,99,FAMILY_SURRENDER_BUCKET,True,358.00,20181210,22
010774527C,0,PS-010774527-002,PARTIAL_SURRENDER,,99,99,FAMILY_SURRENDER_BUCKET,True,358.00,20191210,22
010774527C,0,PS-010774527-003,PARTIAL_SURRENDER,,99,99,FAMILY_SURRENDER_BUCKET,True,358.00,20201210,22
010774527C,0,PS-010774527-004,PARTIAL_SURRENDER,,99,99,FAMILY_SURRENDER_BUCKET,True,358.00,20211210,22
010774527C,0,PS-010774527-005,PARTIAL_SURRENDER,,99,99,FAMILY_SURRENDER_BUCKET,True,358.00,20221212,22
010774527C,0,PS-010774527-006,PARTIAL_SURRENDER,,99,99,FAMILY_SURRENDER_BUCKET,True,358.00,20231211,22
010774527C,0,PS-010774527-007,PARTIAL_SURRENDER,,99,99,FAMILY_SURRENDER_BUCKET,True,358.00,20241210,22
010774527C,0,PS-010774527-008,PARTIAL_SURRENDER,,99,99,FAMILY_SURRENDER_BUCKET,True,358.00,20251210,22
010774772C,0,PS-010774772-001,PARTIAL_SURRENDER,,99,99,FAMILY_SURRENDER_BUCKET,True,448.00,20181217,22
010774772C,0,PS-010774772-002,PARTIAL_SURRENDER,,99,99,FAMILY_SURRENDER_BUCKET,True,448.00,20191216,22
010774772C,0,PS-010774772-003,PARTIAL_SURRENDER,,99,99,FAMILY_SURRENDER_BUCKET,True,448.00,20201216,22
010774772C,0,PS-010774772-004,PARTIAL_SURRENDER,,99,99,FAMILY_SURRENDER_BUCKET,True,448.00,20211216,22
010774772C,0,PS-010774772-005,PARTIAL_SURRENDER,,99,99,FAMILY_SURRENDER_BUCKET,True,448.00,20221216,22
010774772C,0,PS-010774772-006,PARTIAL_SURRENDER,,99,99,FAMILY_SURRENDER_BUCKET,True,448.00,20231218,22
010774772C,0,PS-010774772-007,PARTIAL_SURRENDER,,99,99,FAMILY_SURRENDER_BUCKET,True,448.00,20241216,22
010774772C,0,PS-010774772-008,PARTIAL_SURRENDER,,99,99,FAMILY_SURRENDER_BUCKET,True,448.00,20251216,22
010774773C,0,PS-010774773-001,PARTIAL_SURRENDER,,99,99,FAMILY_SURRENDER_BUCKET,True,604.50,20181217,22
010774773C,0,PS-010774773-002,PARTIAL_SURRENDER,,99,99,FAMILY_SURRENDER_BUCKET,True,604.50,20191216,22
010774773C,0,PS-010774773-003,PARTIAL_SURRENDER,,99,99,FAMILY_SURRENDER_BUCKET,True,604.50,20201216,22
010774773C,0,PS-010774773-004,PARTIAL_SURRENDER,,99,99,FAMILY_SURRENDER_BUCKET,True,604.50,20211216,22
010774773C,0,PS-010774773-005,PARTIAL_SURRENDER,,99,99,FAMILY_SURRENDER_BUCKET,True,604.50,20221216,22
010774773C,0,PS-010774773-006,PARTIAL_SURRENDER,,99,99,FAMILY_SURRENDER_BUCKET,True,604.50,20231218,22
010774794C,0,PS-010774794-001,PARTIAL_SURRENDER,,99,99,FAMILY_SURRENDER_BUCKET,True,268.48,20180116,22
010774794C,0,PS-010774794-002,PARTIAL_SURRENDER,,99,99,FAMILY_SURRENDER_BUCKET,True,268.48,20190116,22
010774794C,0,PS-010774794-003,PARTIAL_SURRENDER,,99,99,FAMILY_SURRENDER_BUCKET,True,268.48,20200116,22
010774794C,0,PS-010774794-004,PARTIAL_SURRENDER,,99,99,FAMILY_SURRENDER_BUCKET,True,268.48,20210118,22
010774794C,0,PS-010774794-005,PARTIAL_SURRENDER,,99,99,FAMILY_SURRENDER_BUCKET,True,268.48,20220117,22
010774794C,0,PS-010774794-006,PARTIAL_SURRENDER,,99,99,FAMILY_SURRENDER_BUCKET,True,268.48,20230116,22
010774794C,0,PS-010774794-007,PARTIAL_SURRENDER,,99,99,FAMILY_SURRENDER_BUCKET,True,268.48,20240116,22
010774794C,0,PS-010774794-008,PARTIAL_SURRENDER,,99,99,FAMILY_SURRENDER_BUCKET,True,268.48,20250116,22
010774973C,0,PS-010774973-001,PARTIAL_SURRENDER,,99,99,FAMILY_SURRENDER_BUCKET,True,175.25,20210114,22
010774973C,0,PS-010774973-002,PARTIAL_SURRENDER,,99,99,FAMILY_SURRENDER_BUCKET,True,175.25,20211215,22
010774973C,0,PS-010774973-003,PARTIAL_SURRENDER,,99,99,FAMILY_SURRENDER_BUCKET,True,175.25,20221215,22
010774973C,0,PS-010774973-004,PARTIAL_SURRENDER,,99,99,FAMILY_SURRENDER_BUCKET,True,175.25,20231215,22
010774973C,0,PS-010774973-005,PARTIAL_SURRENDER,,99,99,FAMILY_SURRENDER_BUCKET,True,175.25,20241216,22
010774973C,0,PS-010774973-006,PARTIAL_SURRENDER,,99,99,FAMILY_SURRENDER_BUCKET,True,175.25,20251215,22
010775244C,0,PS-010775244-001,PARTIAL_SURRENDER,,99,99,FAMILY_SURRENDER_BUCKET,True,642.50,20181218,22
010775244C,0,PS-010775244-002,PARTIAL_SURRENDER,,99,99,FAMILY_SURRENDER_BUCKET,True,642.50,20191218,22
010775244C,0,PS-010775244-003,PARTIAL_SURRENDER,,99,99,FAMILY_SURRENDER_BUCKET,True,642.50,20201218,22
010775244C,0,PS-010775244-004,PARTIAL_SURRENDER,,99,99,FAMILY_SURRENDER_BUCKET,True,642.50,20211220,22
010775244C,0,PS-010775244-005,PARTIAL_SURRENDER,,99,99,FAMILY_SURRENDER_BUCKET,True,642.50,20221219,22
010775244C,0,PS-010775244-006,PARTIAL_SURRENDER,,99,99,FAMILY_SURRENDER_BUCKET,True,642.50,20231218,22
010775244C,0,PS-010775244-007,PARTIAL_SURRENDER,,99,99,FAMILY_SURRENDER_BUCKET,True,642.50,20241218,22
010775244C,0,PS-010775244-008,PARTIAL_SURRENDER,,99,99,FAMILY_SURRENDER_BUCKET,True,642.50,20251218,22
010775323C,0,PS-010775323-001,PARTIAL_SURRENDER,,99,99,FAMILY_SURRENDER_BUCKET,True,281.98,20181228,22
010775323C,0,PS-010775323-002,PARTIAL_SURRENDER,,99,99,FAMILY_SURRENDER_BUCKET,True,281.98,20191230,22
010775418C,0,PS-010775418-001,PARTIAL_SURRENDER,,99,99,FAMILY_SURRENDER_BUCKET,True,238.50,20181219,22
010775418C,0,PS-010775418-002,PARTIAL_SURRENDER,,99,99,FAMILY_SURRENDER_BUCKET,True,238.50,20191219,22
010775418C,0,PS-010775418-003,PARTIAL_SURRENDER,,99,99,FAMILY_SURRENDER_BUCKET,True,238.50,20201221,22
010775418C,0,PS-010775418-004,PARTIAL_SURRENDER,,99,99,FAMILY_SURRENDER_BUCKET,True,238.50,20211220,22
010775418C,0,PS-010775418-005,PARTIAL_SURRENDER,,99,99,FAMILY_SURRENDER_BUCKET,True,238.50,20221219,22
010775418C,0,PS-010775418-006,PARTIAL_SURRENDER,,99,99,FAMILY_SURRENDER_BUCKET,True,238.50,20231219,22
010775418C,0,PS-010775418-007,PARTIAL_SURRENDER,,99,99,FAMILY_SURRENDER_BUCKET,True,238.50,20241220,22
010775418C,0,PS-010775418-008,PARTIAL_SURRENDER,,99,99,FAMILY_SURRENDER_BUCKET,True,238.50,20251219,22
010775722C,0,PS-010775722-001,PARTIAL_SURRENDER,,99,99,FAMILY_SURRENDER_BUCKET,True,134.75,20181220,22
010775722C,0,PS-010775722-002,PARTIAL_SURRENDER,,99,99,FAMILY_SURRENDER_BUCKET,True,134.75,20191220,22
010775722C,0,PS-010775722-003,PARTIAL_SURRENDER,,99,99,FAMILY_SURRENDER_BUCKET,True,134.75,20201221,22
010775722C,0,PS-010775722-004,PARTIAL_SURRENDER,,99,99,FAMILY_SURRENDER_BUCKET,True,134.75,20211220,22
010775722C,0,PS-010775722-005,PARTIAL_SURRENDER,,99,99,FAMILY_SURRENDER_BUCKET,True,134.75,20221220,22
010775722C,0,PS-010775722-006,PARTIAL_SURRENDER,,99,99,FAMILY_SURRENDER_BUCKET,True,134.75,20231220,22
010775722C,0,PS-010775722-007,PARTIAL_SURRENDER,,99,99,FAMILY_SURRENDER_BUCKET,True,134.75,20241220,22
010775722C,0,PS-010775722-008,PARTIAL_SURRENDER,,99,99,FAMILY_SURRENDER_BUCKET,True,134.75,20251222,22
010775723C,0,PS-010775723-001,PARTIAL_SURRENDER,,99,99,FAMILY_SURRENDER_BUCKET,True,123.25,20180115,22
010775723C,0,PS-010775723-002,PARTIAL_SURRENDER,,99,99,FAMILY_SURRENDER_BUCKET,True,123.25,20190114,22
010775723C,0,PS-010775723-003,PARTIAL_SURRENDER,,99,99,FAMILY_SURRENDER_BUCKET,True,123.25,20200114,22
010775723C,0,PS-010775723-004,PARTIAL_SURRENDER,,99,99,FAMILY_SURRENDER_BUCKET,True,123.25,20210114,22
010775723C,0,PS-010775723-005,PARTIAL_SURRENDER,,99,99,FAMILY_SURRENDER_BUCKET,True,123.25,20220114,22
010775723C,0,PS-010775723-006,PARTIAL_SURRENDER,,99,99,FAMILY_SURRENDER_BUCKET,True,123.25,20230116,22
010775723C,0,PS-010775723-007,PARTIAL_SURRENDER,,99,99,FAMILY_SURRENDER_BUCKET,True,123.25,20240115,22
010775723C,0,PS-010775723-008,PARTIAL_SURRENDER,,99,99,FAMILY_SURRENDER_BUCKET,True,123.25,20250114,22
010776027C,0,PS-010776027-001,PARTIAL_SURRENDER,,99,99,FAMILY_SURRENDER_BUCKET,True,2233.00,20181227,22
010776027C,0,PS-010776027-002,PARTIAL_SURRENDER,,99,99,FAMILY_SURRENDER_BUCKET,True,2233.00,20191227,22
010776442C,0,PS-010776442-001,PARTIAL_SURRENDER,,99,99,FAMILY_SURRENDER_BUCKET,True,271.00,20180115,22
010776442C,0,PS-010776442-002,PARTIAL_SURRENDER,,99,99,FAMILY_SURRENDER_BUCKET,True,271.00,20190114,22
010776442C,0,PS-010776442-003,PARTIAL_SURRENDER,,99,99,FAMILY_SURRENDER_BUCKET,True,271.00,20200113,22
010776445C,0,PS-010776445-001,PARTIAL_SURRENDER,,99,99,FAMILY_SURRENDER_BUCKET,True,753.70,20180216,22
010776445C,0,PS-010776445-002,PARTIAL_SURRENDER,,99,99,FAMILY_SURRENDER_BUCKET,True,753.70,20190218,22
010776445C,0,PS-010776445-003,PARTIAL_SURRENDER,,99,99,FAMILY_SURRENDER_BUCKET,True,753.70,20200217,22
010776445C,0,PS-010776445-004,PARTIAL_SURRENDER,,99,99,FAMILY_SURRENDER_BUCKET,True,753.70,20210216,22
010776445C,0,PS-010776445-005,PARTIAL_SURRENDER,,99,99,FAMILY_SURRENDER_BUCKET,True,753.70,20220216,22
010776445C,0,PS-010776445-006,PARTIAL_SURRENDER,,99,99,FAMILY_SURRENDER_BUCKET,True,753.70,20230216,22
010776445C,0,PS-010776445-007,PARTIAL_SURRENDER,,99,99,FAMILY_SURRENDER_BUCKET,True,753.70,20240216,22
010776450C,0,PS-010776450-001,PARTIAL_SURRENDER,,99,99,FAMILY_SURRENDER_BUCKET,True,298.75,20180115,22
010776450C,0,PS-010776450-002,PARTIAL_SURRENDER,,99,99,FAMILY_SURRENDER_BUCKET,True,298.75,20190114,22
010776450C,0,PS-010776450-003,PARTIAL_SURRENDER,,99,99,FAMILY_SURRENDER_BUCKET,True,298.75,20200113,22
010776450C,0,PS-010776450-004,PARTIAL_SURRENDER,,99,99,FAMILY_SURRENDER_BUCKET,True,298.75,20210113,22
010776450C,0,PS-010776450-005,PARTIAL_SURRENDER,,99,99,FAMILY_SURRENDER_BUCKET,True,298.75,20220113,22
010776450C,0,PS-010776450-006,PARTIAL_SURRENDER,,99,99,FAMILY_SURRENDER_BUCKET,True,298.75,20230113,22
010776450C,0,PS-010776450-007,PARTIAL_SURRENDER,,99,99,FAMILY_SURRENDER_BUCKET,True,298.75,20240115,22
010776450C,0,PS-010776450-008,PARTIAL_SURRENDER,,99,99,FAMILY_SURRENDER_BUCKET,True,298.75,20250113,22
010776502C,0,PS-010776502-001,PARTIAL_SURRENDER,,99,99,FAMILY_SURRENDER_BUCKET,True,169.75,20180102,22
010776502C,0,PS-010776502-002,PARTIAL_SURRENDER,,99,99,FAMILY_SURRENDER_BUCKET,True,169.75,20190102,22
010776502C,0,PS-010776502-003,PARTIAL_SURRENDER,,99,99,FAMILY_SURRENDER_BUCKET,True,169.75,20200102,22
010776502C,0,PS-010776502-004,PARTIAL_SURRENDER,,99,99,FAMILY_SURRENDER_BUCKET,True,169.75,20210104,22
010776502C,0,PS-010776502-005,PARTIAL_SURRENDER,,99,99,FAMILY_SURRENDER_BUCKET,True,169.75,20220103,22
010776502C,0,PS-010776502-006,PARTIAL_SURRENDER,,99,99,FAMILY_SURRENDER_BUCKET,True,169.75,20230103,22
010776502C,0,PS-010776502-007,PARTIAL_SURRENDER,,99,99,FAMILY_SURRENDER_BUCKET,True,169.75,20240102,22
010776502C,0,PS-010776502-008,PARTIAL_SURRENDER,,99,99,FAMILY_SURRENDER_BUCKET,True,169.75,20250102,22
010776502C,0,PS-010776502-009,PARTIAL_SURRENDER,,99,99,FAMILY_SURRENDER_BUCKET,True,169.75,20260102,22
010776651C,0,PS-010776651-001,PARTIAL_SURRENDER,,99,99,FAMILY_SURRENDER_BUCKET,True,439.60,20190813,22
010776651C,0,PS-010776651-002,PARTIAL_SURRENDER,,99,99,FAMILY_SURRENDER_BUCKET,True,485.28,20190813,22
010776651C,0,PS-010776651-003,PARTIAL_SURRENDER,,99,99,FAMILY_SURRENDER_BUCKET,True,485.28,20200115,22
010776651C,0,PS-010776651-004,PARTIAL_SURRENDER,,99,99,FAMILY_SURRENDER_BUCKET,True,485.28,20210115,22
010776651C,0,PS-010776651-005,PARTIAL_SURRENDER,,99,99,FAMILY_SURRENDER_BUCKET,True,485.28,20220117,22
010776651C,0,PS-010776651-006,PARTIAL_SURRENDER,,99,99,FAMILY_SURRENDER_BUCKET,True,485.28,20230116,22
010776651C,0,PS-010776651-007,PARTIAL_SURRENDER,,99,99,FAMILY_SURRENDER_BUCKET,True,485.28,20240115,22
010776651C,0,PS-010776651-008,PARTIAL_SURRENDER,,99,99,FAMILY_SURRENDER_BUCKET,True,485.28,20250115,22
010776672C,0,PS-010776672-001,PARTIAL_SURRENDER,,99,99,FAMILY_SURRENDER_BUCKET,True,217.20,20190813,22
010776672C,0,PS-010776672-002,PARTIAL_SURRENDER,,99,99,FAMILY_SURRENDER_BUCKET,True,217.20,20200115,22
010776672C,0,PS-010776672-003,PARTIAL_SURRENDER,,99,99,FAMILY_SURRENDER_BUCKET,True,217.20,20210115,22
010776672C,0,PS-010776672-004,PARTIAL_SURRENDER,,99,99,FAMILY_SURRENDER_BUCKET,True,217.20,20220117,22
010776672C,0,PS-010776672-005,PARTIAL_SURRENDER,,99,99,FAMILY_SURRENDER_BUCKET,True,217.20,20230116,22
010776672C,0,PS-010776672-006,PARTIAL_SURRENDER,,99,99,FAMILY_SURRENDER_BUCKET,True,217.20,20240115,22
010776813C,0,PS-010776813-001,PARTIAL_SURRENDER,,99,99,FAMILY_SURRENDER_BUCKET,True,171.05,20180115,22
010776813C,0,PS-010776813-002,PARTIAL_SURRENDER,,99,99,FAMILY_SURRENDER_BUCKET,True,171.05,20190115,22
010776813C,0,PS-010776813-003,PARTIAL_SURRENDER,,99,99,FAMILY_SURRENDER_BUCKET,True,171.05,20200115,22
010776813C,0,PS-010776813-004,PARTIAL_SURRENDER,,99,99,FAMILY_SURRENDER_BUCKET,True,171.05,20210115,22
010776813C,0,PS-010776813-005,PARTIAL_SURRENDER,,99,99,FAMILY_SURRENDER_BUCKET,True,171.05,20220117,22
010776813C,0,PS-010776813-006,PARTIAL_SURRENDER,,99,99,FAMILY_SURRENDER_BUCKET,True,171.05,20230116,22
010776814C,0,PS-010776814-001,PARTIAL_SURRENDER,,99,99,FAMILY_SURRENDER_BUCKET,True,250.90,20180115,22
010776814C,0,PS-010776814-002,PARTIAL_SURRENDER,,99,99,FAMILY_SURRENDER_BUCKET,True,250.90,20190115,22
010776814C,0,PS-010776814-003,PARTIAL_SURRENDER,,99,99,FAMILY_SURRENDER_BUCKET,True,250.90,20200115,22
010776831C,0,PS-010776831-001,PARTIAL_SURRENDER,,99,99,FAMILY_SURRENDER_BUCKET,True,661.65,20180115,22
010776831C,0,PS-010776831-002,PARTIAL_SURRENDER,,99,99,FAMILY_SURRENDER_BUCKET,True,661.65,20190115,22
010776831C,0,PS-010776831-003,PARTIAL_SURRENDER,,99,99,FAMILY_SURRENDER_BUCKET,True,661.65,20200115,22
010776831C,0,PS-010776831-004,PARTIAL_SURRENDER,,99,99,FAMILY_SURRENDER_BUCKET,True,661.65,20210115,22
010776831C,0,PS-010776831-005,PARTIAL_SURRENDER,,99,99,FAMILY_SURRENDER_BUCKET,True,661.65,20220117,22
010776831C,0,PS-010776831-006,PARTIAL_SURRENDER,,99,99,FAMILY_SURRENDER_BUCKET,True,661.65,20230116,22
010776831C,0,PS-010776831-007,PARTIAL_SURRENDER,,99,99,FAMILY_SURRENDER_BUCKET,True,661.65,20240115,22
010776831C,0,PS-010776831-008,PARTIAL_SURRENDER,,99,99,FAMILY_SURRENDER_BUCKET,True,661.65,20250115,22
010776832C,0,PS-010776832-001,PARTIAL_SURRENDER,,99,99,FAMILY_SURRENDER_BUCKET,True,430.65,20180115,22
010776832C,0,PS-010776832-002,PARTIAL_SURRENDER,,99,99,FAMILY_SURRENDER_BUCKET,True,430.65,20190115,22
010776832C,0,PS-010776832-003,PARTIAL_SURRENDER,,99,99,FAMILY_SURRENDER_BUCKET,True,430.65,20200115,22
010776832C,0,PS-010776832-004,PARTIAL_SURRENDER,,99,99,FAMILY_SURRENDER_BUCKET,True,430.65,20210115,22
010776832C,0,PS-010776832-005,PARTIAL_SURRENDER,,99,99,FAMILY_SURRENDER_BUCKET,True,430.65,20220117,22
010776832C,0,PS-010776832-006,PARTIAL_SURRENDER,,99,99,FAMILY_SURRENDER_BUCKET,True,430.65,20230116,22
010776832C,0,PS-010776832-007,PARTIAL_SURRENDER,,99,99,FAMILY_SURRENDER_BUCKET,True,430.65,20240115,22
010776832C,0,PS-010776832-008,PARTIAL_SURRENDER,,99,99,FAMILY_SURRENDER_BUCKET,True,430.65,20250115,22
010777059C,0,PS-010777059-001,PARTIAL_SURRENDER,,99,99,FAMILY_SURRENDER_BUCKET,True,502.00,20180205,22
010777059C,0,PS-010777059-002,PARTIAL_SURRENDER,,99,99,FAMILY_SURRENDER_BUCKET,True,502.00,20190205,22
010777059C,0,PS-010777059-003,PARTIAL_SURRENDER,,99,99,FAMILY_SURRENDER_BUCKET,True,502.00,20200205,22
010777059C,0,PS-010777059-004,PARTIAL_SURRENDER,,99,99,FAMILY_SURRENDER_BUCKET,True,502.00,20210205,22
010777059C,0,PS-010777059-005,PARTIAL_SURRENDER,,99,99,FAMILY_SURRENDER_BUCKET,True,502.00,20220207,22
010777059C,0,PS-010777059-006,PARTIAL_SURRENDER,,99,99,FAMILY_SURRENDER_BUCKET,True,502.00,20230206,22
010777059C,0,PS-010777059-007,PARTIAL_SURRENDER,,99,99,FAMILY_SURRENDER_BUCKET,True,502.00,20240205,22
010777793C,0,PS-010777793-001,PARTIAL_SURRENDER,,99,99,FAMILY_SURRENDER_BUCKET,True,309.06,20180312,22
010777793C,0,PS-010777793-002,PARTIAL_SURRENDER,,99,99,FAMILY_SURRENDER_BUCKET,True,309.06,20190311,22
010777793C,0,PS-010777793-003,PARTIAL_SURRENDER,,99,99,FAMILY_SURRENDER_BUCKET,True,309.06,20200310,22
010777793C,0,PS-010777793-004,PARTIAL_SURRENDER,,99,99,FAMILY_SURRENDER_BUCKET,True,309.06,20210310,22
010777793C,0,PS-010777793-005,PARTIAL_SURRENDER,,99,99,FAMILY_SURRENDER_BUCKET,True,309.06,20220310,22
010777793C,0,PS-010777793-006,PARTIAL_SURRENDER,,99,99,FAMILY_SURRENDER_BUCKET,True,309.06,20230310,22
010778142C,0,PS-010778142-001,PARTIAL_SURRENDER,,99,99,FAMILY_SURRENDER_BUCKET,True,227.90,20180123,22
010778142C,0,PS-010778142-002,PARTIAL_SURRENDER,,99,99,FAMILY_SURRENDER_BUCKET,True,227.90,20190123,22
010778464C,0,PS-010778464-001,PARTIAL_SURRENDER,,99,99,FAMILY_SURRENDER_BUCKET,True,423.14,20180115,22
010778464C,0,PS-010778464-002,PARTIAL_SURRENDER,,99,99,FAMILY_SURRENDER_BUCKET,True,423.14,20190114,22
010778464C,0,PS-010778464-003,PARTIAL_SURRENDER,,99,99,FAMILY_SURRENDER_BUCKET,True,423.14,20200114,22
010778464C,0,PS-010778464-004,PARTIAL_SURRENDER,,99,99,FAMILY_SURRENDER_BUCKET,True,423.14,20210114,22
010778464C,0,PS-010778464-005,PARTIAL_SURRENDER,,99,99,FAMILY_SURRENDER_BUCKET,True,423.14,20220114,22
010778464C,0,PS-010778464-006,PARTIAL_SURRENDER,,99,99,FAMILY_SURRENDER_BUCKET,True,423.14,20230116,22
010778464C,0,PS-010778464-007,PARTIAL_SURRENDER,,99,99,FAMILY_SURRENDER_BUCKET,True,423.14,20240115,22
010778464C,0,PS-010778464-008,PARTIAL_SURRENDER,,99,99,FAMILY_SURRENDER_BUCKET,True,423.14,20250114,22
010778474C,0,PS-010778474-001,PARTIAL_SURRENDER,,99,99,FAMILY_SURRENDER_BUCKET,True,188.10,20180405,22
010778474C,0,PS-010778474-002,PARTIAL_SURRENDER,,99,99,FAMILY_SURRENDER_BUCKET,True,188.10,20190204,22
010778474C,0,PS-010778474-003,PARTIAL_SURRENDER,,99,99,FAMILY_SURRENDER_BUCKET,True,188.10,20200203,22
010778474C,0,PS-010778474-004,PARTIAL_SURRENDER,,99,99,FAMILY_SURRENDER_BUCKET,True,188.10,20210203,22
010778653C,0,PS-010778653-001,PARTIAL_SURRENDER,,99,99,FAMILY_SURRENDER_BUCKET,True,287.25,20180123,22
010778653C,0,PS-010778653-002,PARTIAL_SURRENDER,,99,99,FAMILY_SURRENDER_BUCKET,True,287.25,20190123,22
010778653C,0,PS-010778653-003,PARTIAL_SURRENDER,,99,99,FAMILY_SURRENDER_BUCKET,True,287.25,20200123,22
010778653C,0,PS-010778653-004,PARTIAL_SURRENDER,,99,99,FAMILY_SURRENDER_BUCKET,True,287.25,20210125,22
010778653C,0,PS-010778653-005,PARTIAL_SURRENDER,,99,99,FAMILY_SURRENDER_BUCKET,True,287.25,20220124,22
010778653C,0,PS-010778653-006,PARTIAL_SURRENDER,,99,99,FAMILY_SURRENDER_BUCKET,True,287.25,20230123,22
010778653C,0,PS-010778653-007,PARTIAL_SURRENDER,,99,99,FAMILY_SURRENDER_BUCKET,True,287.25,20240123,22
010778653C,0,PS-010778653-008,PARTIAL_SURRENDER,,99,99,FAMILY_SURRENDER_BUCKET,True,287.25,20250123,22
010779031C,0,PS-010779031-001,PARTIAL_SURRENDER,,99,99,FAMILY_SURRENDER_BUCKET,True,626.00,20180306,22
010779031C,0,PS-010779031-002,PARTIAL_SURRENDER,,99,99,FAMILY_SURRENDER_BUCKET,True,626.00,20190306,22
010779031C,0,PS-010779031-003,PARTIAL_SURRENDER,,99,99,FAMILY_SURRENDER_BUCKET,True,626.00,20200306,22
010779031C,0,PS-010779031-004,PARTIAL_SURRENDER,,99,99,FAMILY_SURRENDER_BUCKET,True,626.00,20210308,22
010779031C,0,PS-010779031-005,PARTIAL_SURRENDER,,99,99,FAMILY_SURRENDER_BUCKET,True,626.00,20220307,22
010779031C,0,PS-010779031-006,PARTIAL_SURRENDER,,99,99,FAMILY_SURRENDER_BUCKET,True,626.00,20230306,22
010779031C,0,PS-010779031-007,PARTIAL_SURRENDER,,99,99,FAMILY_SURRENDER_BUCKET,True,626.00,20240306,22
010779031C,0,PS-010779031-008,PARTIAL_SURRENDER,,99,99,FAMILY_SURRENDER_BUCKET,True,626.00,20250306,22
010779074C,0,PS-010779074-001,PARTIAL_SURRENDER,,99,99,FAMILY_SURRENDER_BUCKET,True,677.40,20180223,22
010779074C,0,PS-010779074-002,PARTIAL_SURRENDER,,99,99,FAMILY_SURRENDER_BUCKET,True,677.40,20190225,22
010779074C,0,PS-010779074-003,PARTIAL_SURRENDER,,99,99,FAMILY_SURRENDER_BUCKET,True,677.40,20200224,22
010779074C,0,PS-010779074-004,PARTIAL_SURRENDER,,99,99,FAMILY_SURRENDER_BUCKET,True,677.40,20210223,22
010779074C,0,PS-010779074-005,PARTIAL_SURRENDER,,99,99,FAMILY_SURRENDER_BUCKET,True,677.40,20220223,22
010779191C,0,PS-010779191-001,PARTIAL_SURRENDER,,99,99,FAMILY_SURRENDER_BUCKET,True,407.50,20180129,22
010779191C,0,PS-010779191-002,PARTIAL_SURRENDER,,99,99,FAMILY_SURRENDER_BUCKET,True,407.50,20190128,22
010779551C,0,PS-010779551-001,PARTIAL_SURRENDER,,99,99,FAMILY_SURRENDER_BUCKET,True,138.25,20180201,22
010779551C,0,PS-010779551-002,PARTIAL_SURRENDER,,99,99,FAMILY_SURRENDER_BUCKET,True,138.25,20190201,22
010779551C,0,PS-010779551-003,PARTIAL_SURRENDER,,99,99,FAMILY_SURRENDER_BUCKET,True,138.25,20200203,22
010779551C,0,PS-010779551-004,PARTIAL_SURRENDER,,99,99,FAMILY_SURRENDER_BUCKET,True,138.25,20210201,22
010779551C,0,PS-010779551-005,PARTIAL_SURRENDER,,99,99,FAMILY_SURRENDER_BUCKET,True,138.25,20220201,22
010779551C,0,PS-010779551-006,PARTIAL_SURRENDER,,99,99,FAMILY_SURRENDER_BUCKET,True,138.25,20230201,22
010779551C,0,PS-010779551-007,PARTIAL_SURRENDER,,99,99,FAMILY_SURRENDER_BUCKET,True,138.25,20240201,22
010779551C,0,PS-010779551-008,PARTIAL_SURRENDER,,99,99,FAMILY_SURRENDER_BUCKET,True,138.25,20250203,22
010779552C,0,PS-010779552-001,PARTIAL_SURRENDER,,99,99,FAMILY_SURRENDER_BUCKET,True,175.25,20180201,22
010779552C,0,PS-010779552-002,PARTIAL_SURRENDER,,99,99,FAMILY_SURRENDER_BUCKET,True,175.25,20190402,22
010780003C,0,PS-010780003-001,PARTIAL_SURRENDER,,99,99,FAMILY_SURRENDER_BUCKET,True,231.82,20180207,22
010780003C,0,PS-010780003-002,PARTIAL_SURRENDER,,99,99,FAMILY_SURRENDER_BUCKET,True,231.82,20190207,22
010780131C,0,PS-010780131-001,PARTIAL_SURRENDER,,99,99,FAMILY_SURRENDER_BUCKET,True,188.10,20180205,22
010780393C,0,PS-010780393-001,PARTIAL_SURRENDER,,99,99,FAMILY_SURRENDER_BUCKET,True,159.50,20180201,22
010780393C,0,PS-010780393-002,PARTIAL_SURRENDER,,99,99,FAMILY_SURRENDER_BUCKET,True,159.50,20190201,22
010780393C,0,PS-010780393-003,PARTIAL_SURRENDER,,99,99,FAMILY_SURRENDER_BUCKET,True,159.50,20200203,22
010780393C,0,PS-010780393-004,PARTIAL_SURRENDER,,99,99,FAMILY_SURRENDER_BUCKET,True,159.50,20210201,22
010780393C,0,PS-010780393-005,PARTIAL_SURRENDER,,99,99,FAMILY_SURRENDER_BUCKET,True,159.50,20220201,22
010780393C,0,PS-010780393-006,PARTIAL_SURRENDER,,99,99,FAMILY_SURRENDER_BUCKET,True,159.50,20230201,22
010780393C,0,PS-010780393-007,PARTIAL_SURRENDER,,99,99,FAMILY_SURRENDER_BUCKET,True,159.50,20240201,22
010780393C,0,PS-010780393-008,PARTIAL_SURRENDER,,99,99,FAMILY_SURRENDER_BUCKET,True,159.50,20250203,22
010780403C,0,PS-010780403-001,PARTIAL_SURRENDER,,99,99,FAMILY_SURRENDER_BUCKET,True,752.80,20180226,22
010780403C,0,PS-010780403-002,PARTIAL_SURRENDER,,99,99,FAMILY_SURRENDER_BUCKET,True,752.80,20190226,22
010780591C,0,PS-010780591-002,PARTIAL_SURRENDER,,99,99,FAMILY_SURRENDER_BUCKET,True,1361.40,20230207,22
010780591C,0,PS-010780591-001,PARTIAL_SURRENDER,,99,99,FAMILY_SURRENDER_BUCKET,True,1357.00,20230207,22
010780591C,0,PS-010780591-003,PARTIAL_SURRENDER,,99,99,FAMILY_SURRENDER_BUCKET,True,1357.00,20240209,22
010780591C,0,PS-010780591-004,PARTIAL_SURRENDER,,99,99,FAMILY_SURRENDER_BUCKET,True,1357.00,20250210,22
010780791C,0,PS-010780791-001,PARTIAL_SURRENDER,,99,99,FAMILY_SURRENDER_BUCKET,True,272.40,20181210,22
010780791C,0,PS-010780791-002,PARTIAL_SURRENDER,,99,99,FAMILY_SURRENDER_BUCKET,True,272.40,20191210,22
010780791C,0,PS-010780791-003,PARTIAL_SURRENDER,,99,99,FAMILY_SURRENDER_BUCKET,True,272.40,20201210,22
010780791C,0,PS-010780791-004,PARTIAL_SURRENDER,,99,99,FAMILY_SURRENDER_BUCKET,True,272.40,20211210,22
010780791C,0,PS-010780791-005,PARTIAL_SURRENDER,,99,99,FAMILY_SURRENDER_BUCKET,True,272.40,20221212,22
010781128C,0,PS-010781128-001,PARTIAL_SURRENDER,,99,99,FAMILY_SURRENDER_BUCKET,True,357.08,20180219,22
010781128C,0,PS-010781128-002,PARTIAL_SURRENDER,,99,99,FAMILY_SURRENDER_BUCKET,True,357.08,20190218,22
010781128C,0,PS-010781128-003,PARTIAL_SURRENDER,,99,99,FAMILY_SURRENDER_BUCKET,True,357.08,20200218,22
010781128C,0,PS-010781128-004,PARTIAL_SURRENDER,,99,99,FAMILY_SURRENDER_BUCKET,True,357.08,20210218,22
010781128C,0,PS-010781128-005,PARTIAL_SURRENDER,,99,99,FAMILY_SURRENDER_BUCKET,True,357.08,20220218,22
010781128C,0,PS-010781128-006,PARTIAL_SURRENDER,,99,99,FAMILY_SURRENDER_BUCKET,True,357.08,20230220,22
010781128C,0,PS-010781128-007,PARTIAL_SURRENDER,,99,99,FAMILY_SURRENDER_BUCKET,True,357.08,20240219,22
010781128C,0,PS-010781128-008,PARTIAL_SURRENDER,,99,99,FAMILY_SURRENDER_BUCKET,True,357.08,20250218,22
010781713C,0,PS-010781713-001,PARTIAL_SURRENDER,,99,99,FAMILY_SURRENDER_BUCKET,True,678.50,20180213,22
010781713C,0,PS-010781713-002,PARTIAL_SURRENDER,,99,99,FAMILY_SURRENDER_BUCKET,True,678.50,20190213,22
010781713C,0,PS-010781713-003,PARTIAL_SURRENDER,,99,99,FAMILY_SURRENDER_BUCKET,True,678.50,20200213,22
010781713C,0,PS-010781713-004,PARTIAL_SURRENDER,,99,99,FAMILY_SURRENDER_BUCKET,True,678.50,20210215,22
010782062C,0,PS-010782062-001,PARTIAL_SURRENDER,,99,99,FAMILY_SURRENDER_BUCKET,True,187.00,20180219,22
010782062C,0,PS-010782062-002,PARTIAL_SURRENDER,,99,99,FAMILY_SURRENDER_BUCKET,True,187.00,20190218,22
010782062C,0,PS-010782062-003,PARTIAL_SURRENDER,,99,99,FAMILY_SURRENDER_BUCKET,True,187.00,20200218,22
010782062C,0,PS-010782062-004,PARTIAL_SURRENDER,,99,99,FAMILY_SURRENDER_BUCKET,True,187.00,20210218,22
010782062C,0,PS-010782062-005,PARTIAL_SURRENDER,,99,99,FAMILY_SURRENDER_BUCKET,True,187.00,20220218,22
010782062C,0,PS-010782062-006,PARTIAL_SURRENDER,,99,99,FAMILY_SURRENDER_BUCKET,True,187.00,20230220,22
010782062C,0,PS-010782062-007,PARTIAL_SURRENDER,,99,99,FAMILY_SURRENDER_BUCKET,True,187.00,20240219,22
010782062C,0,PS-010782062-008,PARTIAL_SURRENDER,,99,99,FAMILY_SURRENDER_BUCKET,True,187.00,20250218,22
010782064C,0,PS-010782064-001,PARTIAL_SURRENDER,,99,99,FAMILY_SURRENDER_BUCKET,True,164.50,20180226,22
010782064C,0,PS-010782064-002,PARTIAL_SURRENDER,,99,99,FAMILY_SURRENDER_BUCKET,True,164.50,20190226,22
010782064C,0,PS-010782064-003,PARTIAL_SURRENDER,,99,99,FAMILY_SURRENDER_BUCKET,True,164.50,20200226,22
010782064C,0,PS-010782064-004,PARTIAL_SURRENDER,,99,99,FAMILY_SURRENDER_BUCKET,True,164.50,20210226,22
010782064C,0,PS-010782064-005,PARTIAL_SURRENDER,,99,99,FAMILY_SURRENDER_BUCKET,True,164.50,20220228,22
010782064C,0,PS-010782064-006,PARTIAL_SURRENDER,,99,99,FAMILY_SURRENDER_BUCKET,True,164.50,20230227,22
010782064C,0,PS-010782064-007,PARTIAL_SURRENDER,,99,99,FAMILY_SURRENDER_BUCKET,True,164.50,20240226,22
010782064C,0,PS-010782064-008,PARTIAL_SURRENDER,,99,99,FAMILY_SURRENDER_BUCKET,True,164.50,20250226,22
010782640C,0,PS-010782640-001,PARTIAL_SURRENDER,,99,99,FAMILY_SURRENDER_BUCKET,True,164.50,20180219,22
010782640C,0,PS-010782640-002,PARTIAL_SURRENDER,,99,99,FAMILY_SURRENDER_BUCKET,True,164.50,20190218,22
010782640C,0,PS-010782640-003,PARTIAL_SURRENDER,,99,99,FAMILY_SURRENDER_BUCKET,True,164.50,20200218,22
010782640C,0,PS-010782640-004,PARTIAL_SURRENDER,,99,99,FAMILY_SURRENDER_BUCKET,True,164.50,20210218,22
010782640C,0,PS-010782640-005,PARTIAL_SURRENDER,,99,99,FAMILY_SURRENDER_BUCKET,True,164.50,20220218,22
010782640C,0,PS-010782640-006,PARTIAL_SURRENDER,,99,99,FAMILY_SURRENDER_BUCKET,True,164.50,20230220,22
010782640C,0,PS-010782640-007,PARTIAL_SURRENDER,,99,99,FAMILY_SURRENDER_BUCKET,True,164.50,20240219,22
010782640C,0,PS-010782640-008,PARTIAL_SURRENDER,,99,99,FAMILY_SURRENDER_BUCKET,True,164.50,20250218,22
010782822C,0,PS-010782822-001,PARTIAL_SURRENDER,,99,99,FAMILY_SURRENDER_BUCKET,True,197.35,20180301,22
010783278C,0,PS-010783278-001,PARTIAL_SURRENDER,,99,99,FAMILY_SURRENDER_BUCKET,True,296.00,20180313,22
010783278C,0,PS-010783278-002,PARTIAL_SURRENDER,,99,99,FAMILY_SURRENDER_BUCKET,True,296.00,20190313,22
010783278C,0,PS-010783278-003,PARTIAL_SURRENDER,,99,99,FAMILY_SURRENDER_BUCKET,True,296.00,20200313,22
010783278C,0,PS-010783278-004,PARTIAL_SURRENDER,,99,99,FAMILY_SURRENDER_BUCKET,True,296.00,20210315,22
010783278C,0,PS-010783278-005,PARTIAL_SURRENDER,,99,99,FAMILY_SURRENDER_BUCKET,True,296.00,20220314,22
010783278C,0,PS-010783278-006,PARTIAL_SURRENDER,,99,99,FAMILY_SURRENDER_BUCKET,True,296.00,20230313,22
010783278C,0,PS-010783278-007,PARTIAL_SURRENDER,,99,99,FAMILY_SURRENDER_BUCKET,True,296.00,20240313,22
010783278C,0,PS-010783278-008,PARTIAL_SURRENDER,,99,99,FAMILY_SURRENDER_BUCKET,True,296.00,20250313,22
010783502C,0,PS-010783502-001,PARTIAL_SURRENDER,,99,99,FAMILY_SURRENDER_BUCKET,True,239.15,20180523,22
010783502C,0,PS-010783502-002,PARTIAL_SURRENDER,,99,99,FAMILY_SURRENDER_BUCKET,True,239.15,20190523,22
010783502C,0,PS-010783502-003,PARTIAL_SURRENDER,,99,99,FAMILY_SURRENDER_BUCKET,True,239.15,20200526,22
010783502C,0,PS-010783502-004,PARTIAL_SURRENDER,,99,99,FAMILY_SURRENDER_BUCKET,True,239.15,20210524,22
010783785C,0,PS-010783785-001,PARTIAL_SURRENDER,,99,99,FAMILY_SURRENDER_BUCKET,True,187.00,20180227,22
010783785C,0,PS-010783785-002,PARTIAL_SURRENDER,,99,99,FAMILY_SURRENDER_BUCKET,True,187.00,20190227,22
010783785C,0,PS-010783785-003,PARTIAL_SURRENDER,,99,99,FAMILY_SURRENDER_BUCKET,True,187.00,20200227,22
010783785C,0,PS-010783785-004,PARTIAL_SURRENDER,,99,99,FAMILY_SURRENDER_BUCKET,True,187.00,20210226,22
010783785C,0,PS-010783785-005,PARTIAL_SURRENDER,,99,99,FAMILY_SURRENDER_BUCKET,True,187.00,20220228,22
010783785C,0,PS-010783785-006,PARTIAL_SURRENDER,,99,99,FAMILY_SURRENDER_BUCKET,True,187.00,20230227,22
010783785C,0,PS-010783785-007,PARTIAL_SURRENDER,,99,99,FAMILY_SURRENDER_BUCKET,True,187.00,20240227,22
010783785C,0,PS-010783785-008,PARTIAL_SURRENDER,,99,99,FAMILY_SURRENDER_BUCKET,True,187.00,20250227,22
010783786C,0,PS-010783786-001,PARTIAL_SURRENDER,,99,99,FAMILY_SURRENDER_BUCKET,True,206.75,20180227,22
010783786C,0,PS-010783786-002,PARTIAL_SURRENDER,,99,99,FAMILY_SURRENDER_BUCKET,True,206.75,20190227,22
010783786C,0,PS-010783786-003,PARTIAL_SURRENDER,,99,99,FAMILY_SURRENDER_BUCKET,True,206.75,20200227,22
010783786C,0,PS-010783786-004,PARTIAL_SURRENDER,,99,99,FAMILY_SURRENDER_BUCKET,True,206.75,20210226,22
010783786C,0,PS-010783786-005,PARTIAL_SURRENDER,,99,99,FAMILY_SURRENDER_BUCKET,True,206.75,20220228,22
010783786C,0,PS-010783786-006,PARTIAL_SURRENDER,,99,99,FAMILY_SURRENDER_BUCKET,True,206.75,20230227,22
010783786C,0,PS-010783786-007,PARTIAL_SURRENDER,,99,99,FAMILY_SURRENDER_BUCKET,True,206.75,20240227,22
010783786C,0,PS-010783786-008,PARTIAL_SURRENDER,,99,99,FAMILY_SURRENDER_BUCKET,True,206.75,20250227,22
010783867C,0,PS-010783867-001,PARTIAL_SURRENDER,,99,99,FAMILY_SURRENDER_BUCKET,True,321.50,20180307,22
010783867C,0,PS-010783867-002,PARTIAL_SURRENDER,,99,99,FAMILY_SURRENDER_BUCKET,True,321.50,20190307,22
010783867C,0,PS-010783867-003,PARTIAL_SURRENDER,,99,99,FAMILY_SURRENDER_BUCKET,True,321.50,20200309,22
010783867C,0,PS-010783867-004,PARTIAL_SURRENDER,,99,99,FAMILY_SURRENDER_BUCKET,True,321.50,20210308,22
010783867C,0,PS-010783867-005,PARTIAL_SURRENDER,,99,99,FAMILY_SURRENDER_BUCKET,True,321.50,20220307,22
010783867C,0,PS-010783867-006,PARTIAL_SURRENDER,,99,99,FAMILY_SURRENDER_BUCKET,True,321.50,20230307,22
010783867C,0,PS-010783867-007,PARTIAL_SURRENDER,,99,99,FAMILY_SURRENDER_BUCKET,True,321.50,20240307,22
010783867C,0,PS-010783867-008,PARTIAL_SURRENDER,,99,99,FAMILY_SURRENDER_BUCKET,True,321.50,20250307,22
010783883C,0,PS-010783883-001,PARTIAL_SURRENDER,,99,99,FAMILY_SURRENDER_BUCKET,True,667.45,20180316,22
010783883C,0,PS-010783883-002,PARTIAL_SURRENDER,,99,99,FAMILY_SURRENDER_BUCKET,True,667.45,20190318,22
010783883C,0,PS-010783883-003,PARTIAL_SURRENDER,,99,99,FAMILY_SURRENDER_BUCKET,True,667.45,20200316,22
010784045C,0,PS-010784045-001,PARTIAL_SURRENDER,,99,99,FAMILY_SURRENDER_BUCKET,True,263.20,20180226,22
010784054C,0,PS-010784054-001,PARTIAL_SURRENDER,,99,99,FAMILY_SURRENDER_BUCKET,True,453.30,20180305,22
010784074C,0,PS-010784074-001,PARTIAL_SURRENDER,,99,99,FAMILY_SURRENDER_BUCKET,True,361.50,20180312,22
010784074C,0,PS-010784074-002,PARTIAL_SURRENDER,,99,99,FAMILY_SURRENDER_BUCKET,True,361.50,20190311,22
010784074C,0,PS-010784074-003,PARTIAL_SURRENDER,,99,99,FAMILY_SURRENDER_BUCKET,True,361.50,20200311,22
010784074C,0,PS-010784074-004,PARTIAL_SURRENDER,,99,99,FAMILY_SURRENDER_BUCKET,True,361.50,20210311,22
010784074C,0,PS-010784074-005,PARTIAL_SURRENDER,,99,99,FAMILY_SURRENDER_BUCKET,True,361.50,20220311,22
010784074C,0,PS-010784074-006,PARTIAL_SURRENDER,,99,99,FAMILY_SURRENDER_BUCKET,True,361.50,20230313,22
010784074C,0,PS-010784074-007,PARTIAL_SURRENDER,,99,99,FAMILY_SURRENDER_BUCKET,True,361.50,20240311,22
010784075C,0,PS-010784075-001,PARTIAL_SURRENDER,,99,99,FAMILY_SURRENDER_BUCKET,True,119.00,20180305,22
010784075C,0,PS-010784075-002,PARTIAL_SURRENDER,,99,99,FAMILY_SURRENDER_BUCKET,True,119.00,20190305,22
010784075C,0,PS-010784075-003,PARTIAL_SURRENDER,,99,99,FAMILY_SURRENDER_BUCKET,True,119.00,20200305,22
010784075C,0,PS-010784075-004,PARTIAL_SURRENDER,,99,99,FAMILY_SURRENDER_BUCKET,True,119.00,20210305,22
010784075C,0,PS-010784075-005,PARTIAL_SURRENDER,,99,99,FAMILY_SURRENDER_BUCKET,True,119.00,20220307,22
010784075C,0,PS-010784075-006,PARTIAL_SURRENDER,,99,99,FAMILY_SURRENDER_BUCKET,True,119.00,20230306,22
010784075C,0,PS-010784075-007,PARTIAL_SURRENDER,,99,99,FAMILY_SURRENDER_BUCKET,True,119.00,20240305,22
010784075C,0,PS-010784075-008,PARTIAL_SURRENDER,,99,99,FAMILY_SURRENDER_BUCKET,True,119.00,20250305,22
010784261C,0,PS-010784261-001,PARTIAL_SURRENDER,,99,99,FAMILY_SURRENDER_BUCKET,True,753.00,20180305,22
010784261C,0,PS-010784261-002,PARTIAL_SURRENDER,,99,99,FAMILY_SURRENDER_BUCKET,True,753.00,20190305,22
010784261C,0,PS-010784261-003,PARTIAL_SURRENDER,,99,99,FAMILY_SURRENDER_BUCKET,True,753.00,20200305,22
010784370C,0,PS-010784370-001,PARTIAL_SURRENDER,,99,99,FAMILY_SURRENDER_BUCKET,True,427.25,20180525,22
010784370C,0,PS-010784370-002,PARTIAL_SURRENDER,,99,99,FAMILY_SURRENDER_BUCKET,True,427.25,20190528,22
010784370C,0,PS-010784370-003,PARTIAL_SURRENDER,,99,99,FAMILY_SURRENDER_BUCKET,True,427.25,20200526,22
010784370C,0,PS-010784370-004,PARTIAL_SURRENDER,,99,99,FAMILY_SURRENDER_BUCKET,True,427.25,20210525,22
010784370C,0,PS-010784370-005,PARTIAL_SURRENDER,,99,99,FAMILY_SURRENDER_BUCKET,True,427.25,20220525,22
010784370C,0,PS-010784370-006,PARTIAL_SURRENDER,,99,99,FAMILY_SURRENDER_BUCKET,True,427.25,20230525,22
010784370C,0,PS-010784370-007,PARTIAL_SURRENDER,,99,99,FAMILY_SURRENDER_BUCKET,True,427.25,20240528,22
010784370C,0,PS-010784370-008,PARTIAL_SURRENDER,,99,99,FAMILY_SURRENDER_BUCKET,True,427.25,20250527,22
010784372C,0,PS-010784372-001,PARTIAL_SURRENDER,,99,99,FAMILY_SURRENDER_BUCKET,True,226.41,20180312,22
010784372C,0,PS-010784372-002,PARTIAL_SURRENDER,,99,99,FAMILY_SURRENDER_BUCKET,True,226.41,20190311,22
010784372C,0,PS-010784372-003,PARTIAL_SURRENDER,,99,99,FAMILY_SURRENDER_BUCKET,True,226.41,20200311,22
010784372C,0,PS-010784372-004,PARTIAL_SURRENDER,,99,99,FAMILY_SURRENDER_BUCKET,True,226.41,20210311,22
010784372C,0,PS-010784372-005,PARTIAL_SURRENDER,,99,99,FAMILY_SURRENDER_BUCKET,True,226.41,20220311,22
010784529C,0,PS-010784529-001,PARTIAL_SURRENDER,,99,99,FAMILY_SURRENDER_BUCKET,True,338.80,20180523,22
010784529C,0,PS-010784529-002,PARTIAL_SURRENDER,,99,99,FAMILY_SURRENDER_BUCKET,True,338.80,20190404,22
010784529C,0,PS-010784529-003,PARTIAL_SURRENDER,,99,99,FAMILY_SURRENDER_BUCKET,True,338.80,20200406,22
010784529C,0,PS-010784529-004,PARTIAL_SURRENDER,,99,99,FAMILY_SURRENDER_BUCKET,True,338.80,20210405,22
010784529C,0,PS-010784529-005,PARTIAL_SURRENDER,,99,99,FAMILY_SURRENDER_BUCKET,True,338.80,20220404,22
010784529C,0,PS-010784529-006,PARTIAL_SURRENDER,,99,99,FAMILY_SURRENDER_BUCKET,True,338.80,20230404,22
010784914C,0,PS-010784914-001,PARTIAL_SURRENDER,,99,99,FAMILY_SURRENDER_BUCKET,True,353.80,20180305,22
010784914C,0,PS-010784914-002,PARTIAL_SURRENDER,,99,99,FAMILY_SURRENDER_BUCKET,True,353.80,20190304,22
010784914C,0,PS-010784914-003,PARTIAL_SURRENDER,,99,99,FAMILY_SURRENDER_BUCKET,True,353.80,20200303,22
010784914C,0,PS-010784914-004,PARTIAL_SURRENDER,,99,99,FAMILY_SURRENDER_BUCKET,True,353.80,20210303,22
010784914C,0,PS-010784914-005,PARTIAL_SURRENDER,,99,99,FAMILY_SURRENDER_BUCKET,True,353.80,20220303,22
010784914C,0,PS-010784914-006,PARTIAL_SURRENDER,,99,99,FAMILY_SURRENDER_BUCKET,True,353.80,20230303,22
010784914C,0,PS-010784914-007,PARTIAL_SURRENDER,,99,99,FAMILY_SURRENDER_BUCKET,True,353.80,20240304,22
010784914C,0,PS-010784914-008,PARTIAL_SURRENDER,,99,99,FAMILY_SURRENDER_BUCKET,True,353.80,20250303,22
010784918C,0,PS-010784918-001,PARTIAL_SURRENDER,,99,99,FAMILY_SURRENDER_BUCKET,True,171.63,20180312,22
010784922C,0,PS-010784922-001,PARTIAL_SURRENDER,,99,99,FAMILY_SURRENDER_BUCKET,True,315.60,20180319,22
010784922C,0,PS-010784922-002,PARTIAL_SURRENDER,,99,99,FAMILY_SURRENDER_BUCKET,True,315.60,20190318,22
010784936C,0,PS-010784936-001,PARTIAL_SURRENDER,,99,99,FAMILY_SURRENDER_BUCKET,True,458.60,20180314,22
010784936C,0,PS-010784936-002,PARTIAL_SURRENDER,,99,99,FAMILY_SURRENDER_BUCKET,True,458.60,20190314,22
010784936C,0,PS-010784936-003,PARTIAL_SURRENDER,,99,99,FAMILY_SURRENDER_BUCKET,True,458.60,20200316,22
010784936C,0,PS-010784936-004,PARTIAL_SURRENDER,,99,99,FAMILY_SURRENDER_BUCKET,True,458.60,20210315,22
010784936C,0,PS-010784936-005,PARTIAL_SURRENDER,,99,99,FAMILY_SURRENDER_BUCKET,True,458.60,20220314,22
010784936C,0,PS-010784936-006,PARTIAL_SURRENDER,,99,99,FAMILY_SURRENDER_BUCKET,True,458.60,20230314,22
010784936C,0,PS-010784936-007,PARTIAL_SURRENDER,,99,99,FAMILY_SURRENDER_BUCKET,True,458.60,20240314,22
010784936C,0,PS-010784936-008,PARTIAL_SURRENDER,,99,99,FAMILY_SURRENDER_BUCKET,True,458.60,20250314,22
010784946C,0,PS-010784946-001,PARTIAL_SURRENDER,,99,99,FAMILY_SURRENDER_BUCKET,True,217.20,20180410,22
010784946C,0,PS-010784946-002,PARTIAL_SURRENDER,,99,99,FAMILY_SURRENDER_BUCKET,True,217.20,20190305,22
010784946C,0,PS-010784946-003,PARTIAL_SURRENDER,,99,99,FAMILY_SURRENDER_BUCKET,True,217.20,20200305,22
010784946C,0,PS-010784946-004,PARTIAL_SURRENDER,,99,99,FAMILY_SURRENDER_BUCKET,True,217.20,20210305,22
010784950C,0,PS-010784950-001,PARTIAL_SURRENDER,,99,99,FAMILY_SURRENDER_BUCKET,True,442.90,20180314,22
010784950C,0,PS-010784950-002,PARTIAL_SURRENDER,,99,99,FAMILY_SURRENDER_BUCKET,True,442.90,20190314,22
010785163C,0,PS-010785163-001,PARTIAL_SURRENDER,,99,99,FAMILY_SURRENDER_BUCKET,True,879.00,20180212,22
010785163C,0,PS-010785163-002,PARTIAL_SURRENDER,,99,99,FAMILY_SURRENDER_BUCKET,True,879.00,20190212,22
010785163C,0,PS-010785163-003,PARTIAL_SURRENDER,,99,99,FAMILY_SURRENDER_BUCKET,True,879.00,20200212,22
010785163C,0,PS-010785163-004,PARTIAL_SURRENDER,,99,99,FAMILY_SURRENDER_BUCKET,True,879.00,20210212,22
010785163C,0,PS-010785163-005,PARTIAL_SURRENDER,,99,99,FAMILY_SURRENDER_BUCKET,True,879.00,20220214,22
010785163C,0,PS-010785163-006,PARTIAL_SURRENDER,,99,99,FAMILY_SURRENDER_BUCKET,True,879.00,20230213,22
010785163C,0,PS-010785163-007,PARTIAL_SURRENDER,,99,99,FAMILY_SURRENDER_BUCKET,True,879.00,20240212,22
010785163C,0,PS-010785163-008,PARTIAL_SURRENDER,,99,99,FAMILY_SURRENDER_BUCKET,True,879.00,20250212,22
010785164C,0,PS-010785164-001,PARTIAL_SURRENDER,,99,99,FAMILY_SURRENDER_BUCKET,True,236.64,20180312,22
010785164C,0,PS-010785164-002,PARTIAL_SURRENDER,,99,99,FAMILY_SURRENDER_BUCKET,True,236.64,20190311,22
010785164C,0,PS-010785164-003,PARTIAL_SURRENDER,,99,99,FAMILY_SURRENDER_BUCKET,True,236.64,20200310,22
010785324C,0,PS-010785324-001,PARTIAL_SURRENDER,,99,99,FAMILY_SURRENDER_BUCKET,True,103.50,20180319,22
010785324C,0,PS-010785324-002,PARTIAL_SURRENDER,,99,99,FAMILY_SURRENDER_BUCKET,True,103.50,20190318,22
010785324C,0,PS-010785324-003,PARTIAL_SURRENDER,,99,99,FAMILY_SURRENDER_BUCKET,True,103.50,20200318,22
010785324C,0,PS-010785324-004,PARTIAL_SURRENDER,,99,99,FAMILY_SURRENDER_BUCKET,True,103.50,20210318,22
010785324C,0,PS-010785324-005,PARTIAL_SURRENDER,,99,99,FAMILY_SURRENDER_BUCKET,True,103.50,20220318,22
010785324C,0,PS-010785324-006,PARTIAL_SURRENDER,,99,99,FAMILY_SURRENDER_BUCKET,True,103.50,20230320,22
010785324C,0,PS-010785324-007,PARTIAL_SURRENDER,,99,99,FAMILY_SURRENDER_BUCKET,True,103.50,20240318,22
010785324C,0,PS-010785324-008,PARTIAL_SURRENDER,,99,99,FAMILY_SURRENDER_BUCKET,True,103.50,20250318,22
010785777C,0,PS-010785777-001,PARTIAL_SURRENDER,,99,99,FAMILY_SURRENDER_BUCKET,True,352.51,20180404,22
010786015C,0,PS-010786015-001,PARTIAL_SURRENDER,,99,99,FAMILY_SURRENDER_BUCKET,True,388.90,20180319,22
010786015C,0,PS-010786015-002,PARTIAL_SURRENDER,,99,99,FAMILY_SURRENDER_BUCKET,True,388.90,20190318,22
010786015C,0,PS-010786015-003,PARTIAL_SURRENDER,,99,99,FAMILY_SURRENDER_BUCKET,True,388.90,20200318,22
010786015C,0,PS-010786015-004,PARTIAL_SURRENDER,,99,99,FAMILY_SURRENDER_BUCKET,True,388.90,20210318,22
010786015C,0,PS-010786015-005,PARTIAL_SURRENDER,,99,99,FAMILY_SURRENDER_BUCKET,True,388.90,20220318,22
010786015C,0,PS-010786015-006,PARTIAL_SURRENDER,,99,99,FAMILY_SURRENDER_BUCKET,True,388.90,20230320,22
010786015C,0,PS-010786015-007,PARTIAL_SURRENDER,,99,99,FAMILY_SURRENDER_BUCKET,True,388.90,20240318,22
010786152C,0,PS-010786152-001,PARTIAL_SURRENDER,,99,99,FAMILY_SURRENDER_BUCKET,True,217.20,20180319,22
010786152C,0,PS-010786152-002,PARTIAL_SURRENDER,,99,99,FAMILY_SURRENDER_BUCKET,True,217.20,20190318,22
010786152C,0,PS-010786152-003,PARTIAL_SURRENDER,,99,99,FAMILY_SURRENDER_BUCKET,True,217.20,20200318,22
010786152C,0,PS-010786152-004,PARTIAL_SURRENDER,,99,99,FAMILY_SURRENDER_BUCKET,True,217.20,20210318,22
010786152C,0,PS-010786152-005,PARTIAL_SURRENDER,,99,99,FAMILY_SURRENDER_BUCKET,True,217.20,20220318,22
010786153C,0,PS-010786153-001,PARTIAL_SURRENDER,,99,99,FAMILY_SURRENDER_BUCKET,True,155.75,20180514,22
010786153C,0,PS-010786153-002,PARTIAL_SURRENDER,,99,99,FAMILY_SURRENDER_BUCKET,True,155.75,20190513,22
010786237C,0,PS-010786237-001,PARTIAL_SURRENDER,,99,99,FAMILY_SURRENDER_BUCKET,True,142.10,20180319,22
010786237C,0,PS-010786237-002,PARTIAL_SURRENDER,,99,99,FAMILY_SURRENDER_BUCKET,True,142.10,20190319,22
010786237C,0,PS-010786237-003,PARTIAL_SURRENDER,,99,99,FAMILY_SURRENDER_BUCKET,True,142.10,20200319,22
010786237C,0,PS-010786237-004,PARTIAL_SURRENDER,,99,99,FAMILY_SURRENDER_BUCKET,True,142.10,20210319,22
010786237C,0,PS-010786237-005,PARTIAL_SURRENDER,,99,99,FAMILY_SURRENDER_BUCKET,True,142.10,20220321,22
010786237C,0,PS-010786237-006,PARTIAL_SURRENDER,,99,99,FAMILY_SURRENDER_BUCKET,True,142.10,20230320,22
010786237C,0,PS-010786237-007,PARTIAL_SURRENDER,,99,99,FAMILY_SURRENDER_BUCKET,True,142.10,20240319,22
010786240C,0,PS-010786240-001,PARTIAL_SURRENDER,,99,99,FAMILY_SURRENDER_BUCKET,True,299.58,20180326,22
010786240C,0,PS-010786240-002,PARTIAL_SURRENDER,,99,99,FAMILY_SURRENDER_BUCKET,True,299.58,20190326,22
010786312C,0,PS-010786312-001,PARTIAL_SURRENDER,,99,99,FAMILY_SURRENDER_BUCKET,True,298.64,20180326,22
010786312C,0,PS-010786312-002,PARTIAL_SURRENDER,,99,99,FAMILY_SURRENDER_BUCKET,True,298.64,20190326,22
010786312C,0,PS-010786312-003,PARTIAL_SURRENDER,,99,99,FAMILY_SURRENDER_BUCKET,True,298.64,20200326,22
010786312C,0,PS-010786312-004,PARTIAL_SURRENDER,,99,99,FAMILY_SURRENDER_BUCKET,True,298.64,20210326,22
010786312C,0,PS-010786312-005,PARTIAL_SURRENDER,,99,99,FAMILY_SURRENDER_BUCKET,True,298.64,20220328,22
010786312C,0,PS-010786312-006,PARTIAL_SURRENDER,,99,99,FAMILY_SURRENDER_BUCKET,True,298.64,20230327,22
010786316C,0,PS-010786316-001,PARTIAL_SURRENDER,,99,99,FAMILY_SURRENDER_BUCKET,True,254.75,20180416,22
010786316C,0,PS-010786316-002,PARTIAL_SURRENDER,,99,99,FAMILY_SURRENDER_BUCKET,True,254.75,20190415,22
010786316C,0,PS-010786316-003,PARTIAL_SURRENDER,,99,99,FAMILY_SURRENDER_BUCKET,True,254.75,20200415,22
010786316C,0,PS-010786316-004,PARTIAL_SURRENDER,,99,99,FAMILY_SURRENDER_BUCKET,True,254.75,20210415,22
010786316C,0,PS-010786316-005,PARTIAL_SURRENDER,,99,99,FAMILY_SURRENDER_BUCKET,True,254.75,20220414,22
010786316C,0,PS-010786316-006,PARTIAL_SURRENDER,,99,99,FAMILY_SURRENDER_BUCKET,True,254.75,20230417,22
010786316C,0,PS-010786316-007,PARTIAL_SURRENDER,,99,99,FAMILY_SURRENDER_BUCKET,True,254.75,20240415,22
010786316C,0,PS-010786316-008,PARTIAL_SURRENDER,,99,99,FAMILY_SURRENDER_BUCKET,True,254.75,20250415,22
010786324C,0,PS-010786324-001,PARTIAL_SURRENDER,,99,99,FAMILY_SURRENDER_BUCKET,True,217.20,20180404,22
010786490C,0,PS-010786490-001,PARTIAL_SURRENDER,,99,99,FAMILY_SURRENDER_BUCKET,True,688.06,20180326,22
010786800C,0,PS-010786800-001,PARTIAL_SURRENDER,,99,99,FAMILY_SURRENDER_BUCKET,True,213.00,20200512,22
010786800C,0,PS-010786800-002,PARTIAL_SURRENDER,,99,99,FAMILY_SURRENDER_BUCKET,True,213.00,20210312,22
010786800C,0,PS-010786800-003,PARTIAL_SURRENDER,,99,99,FAMILY_SURRENDER_BUCKET,True,213.00,20220314,22
010786800C,0,PS-010786800-004,PARTIAL_SURRENDER,,99,99,FAMILY_SURRENDER_BUCKET,True,213.00,20230313,22
010786800C,0,PS-010786800-005,PARTIAL_SURRENDER,,99,99,FAMILY_SURRENDER_BUCKET,True,213.00,20240312,22
010786800C,0,PS-010786800-006,PARTIAL_SURRENDER,,99,99,FAMILY_SURRENDER_BUCKET,True,213.00,20250312,22
010787147C,0,PS-010787147-001,PARTIAL_SURRENDER,,99,99,FAMILY_SURRENDER_BUCKET,True,479.75,20180604,22
010787147C,0,PS-010787147-002,PARTIAL_SURRENDER,,99,99,FAMILY_SURRENDER_BUCKET,True,479.75,20190415,22
010787147C,0,PS-010787147-003,PARTIAL_SURRENDER,,99,99,FAMILY_SURRENDER_BUCKET,True,479.75,20200415,22
010787147C,0,PS-010787147-004,PARTIAL_SURRENDER,,99,99,FAMILY_SURRENDER_BUCKET,True,479.75,20210415,22
010787147C,0,PS-010787147-005,PARTIAL_SURRENDER,,99,99,FAMILY_SURRENDER_BUCKET,True,479.75,20220414,22
010787147C,0,PS-010787147-006,PARTIAL_SURRENDER,,99,99,FAMILY_SURRENDER_BUCKET,True,479.75,20230417,22
010787237C,0,PS-010787237-001,PARTIAL_SURRENDER,,99,99,FAMILY_SURRENDER_BUCKET,True,373.75,20180402,22
010787237C,0,PS-010787237-002,PARTIAL_SURRENDER,,99,99,FAMILY_SURRENDER_BUCKET,True,373.75,20190402,22
010787237C,0,PS-010787237-003,PARTIAL_SURRENDER,,99,99,FAMILY_SURRENDER_BUCKET,True,373.75,20200402,22
010787237C,0,PS-010787237-004,PARTIAL_SURRENDER,,99,99,FAMILY_SURRENDER_BUCKET,True,373.75,20210401,22
010787237C,0,PS-010787237-005,PARTIAL_SURRENDER,,99,99,FAMILY_SURRENDER_BUCKET,True,373.75,20220404,22
010787237C,0,PS-010787237-006,PARTIAL_SURRENDER,,99,99,FAMILY_SURRENDER_BUCKET,True,373.75,20230403,22
010787237C,0,PS-010787237-007,PARTIAL_SURRENDER,,99,99,FAMILY_SURRENDER_BUCKET,True,373.75,20240402,22
010787237C,0,PS-010787237-008,PARTIAL_SURRENDER,,99,99,FAMILY_SURRENDER_BUCKET,True,373.75,20250407,22
010787513C,0,PS-010787513-001,PARTIAL_SURRENDER,,99,99,FAMILY_SURRENDER_BUCKET,True,279.25,20180403,22
010787513C,0,PS-010787513-002,PARTIAL_SURRENDER,,99,99,FAMILY_SURRENDER_BUCKET,True,279.25,20190403,22
010787513C,0,PS-010787513-003,PARTIAL_SURRENDER,,99,99,FAMILY_SURRENDER_BUCKET,True,279.25,20200403,22
010787513C,0,PS-010787513-004,PARTIAL_SURRENDER,,99,99,FAMILY_SURRENDER_BUCKET,True,279.25,20210405,22
010787513C,0,PS-010787513-005,PARTIAL_SURRENDER,,99,99,FAMILY_SURRENDER_BUCKET,True,279.25,20220404,22
010787513C,0,PS-010787513-006,PARTIAL_SURRENDER,,99,99,FAMILY_SURRENDER_BUCKET,True,279.25,20230403,22
010787513C,0,PS-010787513-007,PARTIAL_SURRENDER,,99,99,FAMILY_SURRENDER_BUCKET,True,279.25,20240403,22
010787513C,0,PS-010787513-008,PARTIAL_SURRENDER,,99,99,FAMILY_SURRENDER_BUCKET,True,279.25,20250407,22
010787560C,0,PS-010787560-001,PARTIAL_SURRENDER,,99,99,FAMILY_SURRENDER_BUCKET,True,163.20,20240502,22
010787560C,0,PS-010787560-002,PARTIAL_SURRENDER,,99,99,FAMILY_SURRENDER_BUCKET,True,163.20,20250328,22
010787639C,0,PS-010787639-001,PARTIAL_SURRENDER,,99,99,FAMILY_SURRENDER_BUCKET,True,548.00,20180416,22
010787639C,0,PS-010787639-002,PARTIAL_SURRENDER,,99,99,FAMILY_SURRENDER_BUCKET,True,548.00,20190415,22
010787639C,0,PS-010787639-003,PARTIAL_SURRENDER,,99,99,FAMILY_SURRENDER_BUCKET,True,548.00,20200414,22
010787639C,0,PS-010787639-004,PARTIAL_SURRENDER,,99,99,FAMILY_SURRENDER_BUCKET,True,548.00,20210414,22
010787639C,0,PS-010787639-005,PARTIAL_SURRENDER,,99,99,FAMILY_SURRENDER_BUCKET,True,548.00,20220414,22
010787639C,0,PS-010787639-006,PARTIAL_SURRENDER,,99,99,FAMILY_SURRENDER_BUCKET,True,548.00,20230414,22
010787639C,0,PS-010787639-007,PARTIAL_SURRENDER,,99,99,FAMILY_SURRENDER_BUCKET,True,548.00,20240415,22
010787762C,0,PS-010787762-001,PARTIAL_SURRENDER,,99,99,FAMILY_SURRENDER_BUCKET,True,123.25,20180402,22
010787762C,0,PS-010787762-002,PARTIAL_SURRENDER,,99,99,FAMILY_SURRENDER_BUCKET,True,123.25,20190401,22
010787762C,0,PS-010787762-003,PARTIAL_SURRENDER,,99,99,FAMILY_SURRENDER_BUCKET,True,123.25,20200401,22
010787762C,0,PS-010787762-004,PARTIAL_SURRENDER,,99,99,FAMILY_SURRENDER_BUCKET,True,123.25,20210401,22
010787762C,0,PS-010787762-005,PARTIAL_SURRENDER,,99,99,FAMILY_SURRENDER_BUCKET,True,123.25,20220401,22
010787762C,0,PS-010787762-006,PARTIAL_SURRENDER,,99,99,FAMILY_SURRENDER_BUCKET,True,123.25,20230403,22
010787762C,0,PS-010787762-007,PARTIAL_SURRENDER,,99,99,FAMILY_SURRENDER_BUCKET,True,123.25,20240401,22
010787762C,0,PS-010787762-008,PARTIAL_SURRENDER,,99,99,FAMILY_SURRENDER_BUCKET,True,123.25,20250401,22
010787952C,0,PS-010787952-001,PARTIAL_SURRENDER,,99,99,FAMILY_SURRENDER_BUCKET,True,214.25,20180409,22
010787952C,0,PS-010787952-002,PARTIAL_SURRENDER,,99,99,FAMILY_SURRENDER_BUCKET,True,214.25,20190408,22
010787952C,0,PS-010787952-003,PARTIAL_SURRENDER,,99,99,FAMILY_SURRENDER_BUCKET,True,214.25,20200407,22
010787952C,0,PS-010787952-004,PARTIAL_SURRENDER,,99,99,FAMILY_SURRENDER_BUCKET,True,214.25,20210407,22
010787952C,0,PS-010787952-005,PARTIAL_SURRENDER,,99,99,FAMILY_SURRENDER_BUCKET,True,214.25,20220407,22
010787952C,0,PS-010787952-006,PARTIAL_SURRENDER,,99,99,FAMILY_SURRENDER_BUCKET,True,214.25,20230406,22
010787952C,0,PS-010787952-007,PARTIAL_SURRENDER,,99,99,FAMILY_SURRENDER_BUCKET,True,214.25,20240408,22
010787952C,0,PS-010787952-008,PARTIAL_SURRENDER,,99,99,FAMILY_SURRENDER_BUCKET,True,214.25,20250407,22
010788679C,0,PS-010788679-001,PARTIAL_SURRENDER,,99,99,FAMILY_SURRENDER_BUCKET,True,148.70,20180404,22
010788679C,0,PS-010788679-002,PARTIAL_SURRENDER,,99,99,FAMILY_SURRENDER_BUCKET,True,148.70,20190404,22
010788679C,0,PS-010788679-003,PARTIAL_SURRENDER,,99,99,FAMILY_SURRENDER_BUCKET,True,148.70,20200406,22
010788679C,0,PS-010788679-004,PARTIAL_SURRENDER,,99,99,FAMILY_SURRENDER_BUCKET,True,148.70,20210405,22
010788679C,0,PS-010788679-005,PARTIAL_SURRENDER,,99,99,FAMILY_SURRENDER_BUCKET,True,148.70,20220404,22
010788679C,0,PS-010788679-006,PARTIAL_SURRENDER,,99,99,FAMILY_SURRENDER_BUCKET,True,148.70,20230404,22
010789095C,0,PS-010789095-001,PARTIAL_SURRENDER,,99,99,FAMILY_SURRENDER_BUCKET,True,142.10,20180409,22
010789095C,0,PS-010789095-002,PARTIAL_SURRENDER,,99,99,FAMILY_SURRENDER_BUCKET,True,142.10,20190409,22
010789095C,0,PS-010789095-003,PARTIAL_SURRENDER,,99,99,FAMILY_SURRENDER_BUCKET,True,142.10,20200409,22
010789095C,0,PS-010789095-004,PARTIAL_SURRENDER,,99,99,FAMILY_SURRENDER_BUCKET,True,142.10,20210409,22
010789095C,0,PS-010789095-005,PARTIAL_SURRENDER,,99,99,FAMILY_SURRENDER_BUCKET,True,142.10,20220411,22
010789213C,0,PS-010789213-001,PARTIAL_SURRENDER,,99,99,FAMILY_SURRENDER_BUCKET,True,304.00,20180409,22
010789213C,0,PS-010789213-002,PARTIAL_SURRENDER,,99,99,FAMILY_SURRENDER_BUCKET,True,304.00,20190409,22
010789213C,0,PS-010789213-003,PARTIAL_SURRENDER,,99,99,FAMILY_SURRENDER_BUCKET,True,304.00,20200409,22
010789213C,0,PS-010789213-004,PARTIAL_SURRENDER,,99,99,FAMILY_SURRENDER_BUCKET,True,304.00,20210409,22
010789213C,0,PS-010789213-005,PARTIAL_SURRENDER,,99,99,FAMILY_SURRENDER_BUCKET,True,304.00,20220411,22
010789213C,0,PS-010789213-006,PARTIAL_SURRENDER,,99,99,FAMILY_SURRENDER_BUCKET,True,304.00,20230410,22
010789213C,0,PS-010789213-007,PARTIAL_SURRENDER,,99,99,FAMILY_SURRENDER_BUCKET,True,304.00,20240409,22
010789213C,0,PS-010789213-008,PARTIAL_SURRENDER,,99,99,FAMILY_SURRENDER_BUCKET,True,304.00,20250409,22
010789348C,0,PS-010789348-001,PARTIAL_SURRENDER,,99,99,FAMILY_SURRENDER_BUCKET,True,179.35,20210716,22
010789348C,0,PS-010789348-002,PARTIAL_SURRENDER,,99,99,FAMILY_SURRENDER_BUCKET,True,198.00,20220411,22
010789348C,0,PS-010789348-003,PARTIAL_SURRENDER,,99,99,FAMILY_SURRENDER_BUCKET,True,198.00,20230410,22
010789348C,0,PS-010789348-004,PARTIAL_SURRENDER,,99,99,FAMILY_SURRENDER_BUCKET,True,198.00,20240410,22
010789348C,0,PS-010789348-005,PARTIAL_SURRENDER,,99,99,FAMILY_SURRENDER_BUCKET,True,198.00,20250411,22
010789351C,0,PS-010789351-001,PARTIAL_SURRENDER,,99,99,FAMILY_SURRENDER_BUCKET,True,1409.50,20180601,22
010789351C,0,PS-010789351-002,PARTIAL_SURRENDER,,99,99,FAMILY_SURRENDER_BUCKET,True,1409.50,20190603,22
010789351C,0,PS-010789351-003,PARTIAL_SURRENDER,,99,99,FAMILY_SURRENDER_BUCKET,True,1409.50,20200601,22
010789351C,0,PS-010789351-004,PARTIAL_SURRENDER,,99,99,FAMILY_SURRENDER_BUCKET,True,1409.50,20210601,22
010789351C,0,PS-010789351-005,PARTIAL_SURRENDER,,99,99,FAMILY_SURRENDER_BUCKET,True,1409.50,20220601,22
010789351C,0,PS-010789351-006,PARTIAL_SURRENDER,,99,99,FAMILY_SURRENDER_BUCKET,True,1409.50,20230601,22
010789351C,0,PS-010789351-007,PARTIAL_SURRENDER,,99,99,FAMILY_SURRENDER_BUCKET,True,1409.50,20240603,22
010789546C,0,PS-010789546-001,PARTIAL_SURRENDER,,99,99,FAMILY_SURRENDER_BUCKET,True,298.75,20230619,22
010789546C,0,PS-010789546-002,PARTIAL_SURRENDER,,99,99,FAMILY_SURRENDER_BUCKET,True,298.75,20240417,22
010789546C,0,PS-010789546-003,PARTIAL_SURRENDER,,99,99,FAMILY_SURRENDER_BUCKET,True,298.75,20250417,22
010789992C,0,PS-010789992-001,PARTIAL_SURRENDER,,99,99,FAMILY_SURRENDER_BUCKET,True,252.25,20230406,22
010789992C,0,PS-010789992-002,PARTIAL_SURRENDER,,99,99,FAMILY_SURRENDER_BUCKET,True,252.25,20240408,22
010790077C,0,PS-010790077-001,PARTIAL_SURRENDER,,99,99,FAMILY_SURRENDER_BUCKET,True,113.50,20180416,22
010790077C,0,PS-010790077-002,PARTIAL_SURRENDER,,99,99,FAMILY_SURRENDER_BUCKET,True,113.50,20190415,22
010790077C,0,PS-010790077-003,PARTIAL_SURRENDER,,99,99,FAMILY_SURRENDER_BUCKET,True,113.50,20200414,22
010790077C,0,PS-010790077-004,PARTIAL_SURRENDER,,99,99,FAMILY_SURRENDER_BUCKET,True,113.50,20210414,22
010790077C,0,PS-010790077-005,PARTIAL_SURRENDER,,99,99,FAMILY_SURRENDER_BUCKET,True,113.50,20220414,22
010790077C,0,PS-010790077-006,PARTIAL_SURRENDER,,99,99,FAMILY_SURRENDER_BUCKET,True,113.50,20230414,22
010790077C,0,PS-010790077-007,PARTIAL_SURRENDER,,99,99,FAMILY_SURRENDER_BUCKET,True,113.50,20240415,22
010790077C,0,PS-010790077-008,PARTIAL_SURRENDER,,99,99,FAMILY_SURRENDER_BUCKET,True,113.50,20250414,22
010790176C,0,PS-010790176-001,PARTIAL_SURRENDER,,99,99,FAMILY_SURRENDER_BUCKET,True,642.40,20180416,22
010790176C,0,PS-010790176-002,PARTIAL_SURRENDER,,99,99,FAMILY_SURRENDER_BUCKET,True,642.40,20190415,22
010790176C,0,PS-010790176-003,PARTIAL_SURRENDER,,99,99,FAMILY_SURRENDER_BUCKET,True,642.40,20200415,22
010790176C,0,PS-010790176-004,PARTIAL_SURRENDER,,99,99,FAMILY_SURRENDER_BUCKET,True,642.40,20210415,22
010790176C,0,PS-010790176-005,PARTIAL_SURRENDER,,99,99,FAMILY_SURRENDER_BUCKET,True,642.40,20220414,22
010790287C,0,PS-010790287-001,PARTIAL_SURRENDER,,99,99,FAMILY_SURRENDER_BUCKET,True,214.25,20180417,22
010790287C,0,PS-010790287-002,PARTIAL_SURRENDER,,99,99,FAMILY_SURRENDER_BUCKET,True,214.25,20190417,22
010790287C,0,PS-010790287-003,PARTIAL_SURRENDER,,99,99,FAMILY_SURRENDER_BUCKET,True,214.25,20200417,22
010790287C,0,PS-010790287-004,PARTIAL_SURRENDER,,99,99,FAMILY_SURRENDER_BUCKET,True,214.25,20210419,22
010790287C,0,PS-010790287-005,PARTIAL_SURRENDER,,99,99,FAMILY_SURRENDER_BUCKET,True,214.25,20220418,22
010790287C,0,PS-010790287-006,PARTIAL_SURRENDER,,99,99,FAMILY_SURRENDER_BUCKET,True,214.25,20230417,22
010790287C,0,PS-010790287-007,PARTIAL_SURRENDER,,99,99,FAMILY_SURRENDER_BUCKET,True,214.25,20240417,22
010790287C,0,PS-010790287-008,PARTIAL_SURRENDER,,99,99,FAMILY_SURRENDER_BUCKET,True,214.25,20250417,22
010791323C,0,PS-010791323-001,PARTIAL_SURRENDER,,99,99,FAMILY_SURRENDER_BUCKET,True,117.25,20180418,22
010791323C,0,PS-010791323-002,PARTIAL_SURRENDER,,99,99,FAMILY_SURRENDER_BUCKET,True,117.25,20190418,22
010791323C,0,PS-010791323-003,PARTIAL_SURRENDER,,99,99,FAMILY_SURRENDER_BUCKET,True,117.25,20200420,22
010791323C,0,PS-010791323-004,PARTIAL_SURRENDER,,99,99,FAMILY_SURRENDER_BUCKET,True,117.25,20210419,22
010791323C,0,PS-010791323-005,PARTIAL_SURRENDER,,99,99,FAMILY_SURRENDER_BUCKET,True,117.25,20220418,22
010791323C,0,PS-010791323-006,PARTIAL_SURRENDER,,99,99,FAMILY_SURRENDER_BUCKET,True,117.25,20230418,22
010791323C,0,PS-010791323-007,PARTIAL_SURRENDER,,99,99,FAMILY_SURRENDER_BUCKET,True,117.25,20240418,22
010791323C,0,PS-010791323-008,PARTIAL_SURRENDER,,99,99,FAMILY_SURRENDER_BUCKET,True,117.25,20250417,22
010791405C,0,PS-010791405-001,PARTIAL_SURRENDER,,99,99,FAMILY_SURRENDER_BUCKET,True,121.00,20180418,22
010791405C,0,PS-010791405-002,PARTIAL_SURRENDER,,99,99,FAMILY_SURRENDER_BUCKET,True,121.00,20190418,22
010791405C,0,PS-010791405-003,PARTIAL_SURRENDER,,99,99,FAMILY_SURRENDER_BUCKET,True,121.00,20200420,22
010791405C,0,PS-010791405-004,PARTIAL_SURRENDER,,99,99,FAMILY_SURRENDER_BUCKET,True,121.00,20210419,22
010791405C,0,PS-010791405-005,PARTIAL_SURRENDER,,99,99,FAMILY_SURRENDER_BUCKET,True,121.00,20220418,22
010791405C,0,PS-010791405-006,PARTIAL_SURRENDER,,99,99,FAMILY_SURRENDER_BUCKET,True,121.00,20230418,22
010791405C,0,PS-010791405-007,PARTIAL_SURRENDER,,99,99,FAMILY_SURRENDER_BUCKET,True,121.00,20240418,22
010791405C,0,PS-010791405-008,PARTIAL_SURRENDER,,99,99,FAMILY_SURRENDER_BUCKET,True,121.00,20250417,22
010792884C,0,PS-010792884-001,PARTIAL_SURRENDER,,99,99,FAMILY_SURRENDER_BUCKET,True,484.50,20180507,22
010792884C,0,PS-010792884-002,PARTIAL_SURRENDER,,99,99,FAMILY_SURRENDER_BUCKET,True,484.50,20190507,22
010792884C,0,PS-010792884-003,PARTIAL_SURRENDER,,99,99,FAMILY_SURRENDER_BUCKET,True,484.50,20200507,22
010792884C,0,PS-010792884-004,PARTIAL_SURRENDER,,99,99,FAMILY_SURRENDER_BUCKET,True,484.50,20210507,22
010792884C,0,PS-010792884-005,PARTIAL_SURRENDER,,99,99,FAMILY_SURRENDER_BUCKET,True,484.50,20220509,22
010792884C,0,PS-010792884-006,PARTIAL_SURRENDER,,99,99,FAMILY_SURRENDER_BUCKET,True,484.50,20230508,22
010792884C,0,PS-010792884-007,PARTIAL_SURRENDER,,99,99,FAMILY_SURRENDER_BUCKET,True,484.50,20240507,22
010792884C,0,PS-010792884-008,PARTIAL_SURRENDER,,99,99,FAMILY_SURRENDER_BUCKET,True,484.50,20250507,22
010792961C,0,PS-010792961-001,PARTIAL_SURRENDER,,99,99,FAMILY_SURRENDER_BUCKET,True,193.25,20180515,22
010792961C,0,PS-010792961-002,PARTIAL_SURRENDER,,99,99,FAMILY_SURRENDER_BUCKET,True,193.25,20190515,22
010792961C,0,PS-010792961-003,PARTIAL_SURRENDER,,99,99,FAMILY_SURRENDER_BUCKET,True,193.25,20200515,22
010792961C,0,PS-010792961-004,PARTIAL_SURRENDER,,99,99,FAMILY_SURRENDER_BUCKET,True,193.25,20210517,22
010792961C,0,PS-010792961-005,PARTIAL_SURRENDER,,99,99,FAMILY_SURRENDER_BUCKET,True,193.25,20220516,22
010792961C,0,PS-010792961-006,PARTIAL_SURRENDER,,99,99,FAMILY_SURRENDER_BUCKET,True,193.25,20230515,22
010792961C,0,PS-010792961-007,PARTIAL_SURRENDER,,99,99,FAMILY_SURRENDER_BUCKET,True,193.25,20240515,22
010792961C,0,PS-010792961-008,PARTIAL_SURRENDER,,99,99,FAMILY_SURRENDER_BUCKET,True,193.25,20250515,22
010792997C,0,PS-010792997-001,PARTIAL_SURRENDER,,99,99,FAMILY_SURRENDER_BUCKET,True,294.33,20180515,22
010792997C,0,PS-010792997-002,PARTIAL_SURRENDER,,99,99,FAMILY_SURRENDER_BUCKET,True,294.33,20190515,22
010792997C,0,PS-010792997-003,PARTIAL_SURRENDER,,99,99,FAMILY_SURRENDER_BUCKET,True,294.33,20200515,22
010792997C,0,PS-010792997-004,PARTIAL_SURRENDER,,99,99,FAMILY_SURRENDER_BUCKET,True,294.33,20210517,22
010793582C,0,PS-010793582-001,PARTIAL_SURRENDER,,99,99,FAMILY_SURRENDER_BUCKET,True,716.00,20180716,22
010793582C,0,PS-010793582-002,PARTIAL_SURRENDER,,99,99,FAMILY_SURRENDER_BUCKET,True,716.00,20190715,22
010793582C,0,PS-010793582-003,PARTIAL_SURRENDER,,99,99,FAMILY_SURRENDER_BUCKET,True,716.00,20200715,22
010793727C,0,PS-010793727-001,PARTIAL_SURRENDER,,99,99,FAMILY_SURRENDER_BUCKET,True,263.20,20180515,22
010793727C,0,PS-010793727-002,PARTIAL_SURRENDER,,99,99,FAMILY_SURRENDER_BUCKET,True,263.20,20190515,22
010793727C,0,PS-010793727-003,PARTIAL_SURRENDER,,99,99,FAMILY_SURRENDER_BUCKET,True,263.20,20200515,22
010793727C,0,PS-010793727-004,PARTIAL_SURRENDER,,99,99,FAMILY_SURRENDER_BUCKET,True,263.20,20210517,22
010793727C,0,PS-010793727-005,PARTIAL_SURRENDER,,99,99,FAMILY_SURRENDER_BUCKET,True,263.20,20220516,22
010793737C,0,PS-010793737-001,PARTIAL_SURRENDER,,99,99,FAMILY_SURRENDER_BUCKET,True,206.95,20180521,22
010793737C,0,PS-010793737-002,PARTIAL_SURRENDER,,99,99,FAMILY_SURRENDER_BUCKET,True,206.95,20190520,22
010793737C,0,PS-010793737-003,PARTIAL_SURRENDER,,99,99,FAMILY_SURRENDER_BUCKET,True,206.95,20200520,22
010793737C,0,PS-010793737-004,PARTIAL_SURRENDER,,99,99,FAMILY_SURRENDER_BUCKET,True,206.95,20210520,22
010793830C,0,PS-010793830-001,PARTIAL_SURRENDER,,99,99,FAMILY_SURRENDER_BUCKET,True,206.75,20180523,22
010793830C,0,PS-010793830-002,PARTIAL_SURRENDER,,99,99,FAMILY_SURRENDER_BUCKET,True,206.75,20190523,22
010793830C,0,PS-010793830-003,PARTIAL_SURRENDER,,99,99,FAMILY_SURRENDER_BUCKET,True,206.75,20200526,22
010793830C,0,PS-010793830-004,PARTIAL_SURRENDER,,99,99,FAMILY_SURRENDER_BUCKET,True,206.75,20210524,22
010793830C,0,PS-010793830-005,PARTIAL_SURRENDER,,99,99,FAMILY_SURRENDER_BUCKET,True,206.75,20220523,22
010793830C,0,PS-010793830-006,PARTIAL_SURRENDER,,99,99,FAMILY_SURRENDER_BUCKET,True,206.75,20230523,22
010793830C,0,PS-010793830-007,PARTIAL_SURRENDER,,99,99,FAMILY_SURRENDER_BUCKET,True,206.75,20240523,22
010793830C,0,PS-010793830-008,PARTIAL_SURRENDER,,99,99,FAMILY_SURRENDER_BUCKET,True,206.75,20250523,22
010794098C,0,PS-010794098-001,PARTIAL_SURRENDER,,99,99,FAMILY_SURRENDER_BUCKET,True,448.75,20180514,22
010794098C,0,PS-010794098-002,PARTIAL_SURRENDER,,99,99,FAMILY_SURRENDER_BUCKET,True,448.75,20190514,22
010794098C,0,PS-010794098-003,PARTIAL_SURRENDER,,99,99,FAMILY_SURRENDER_BUCKET,True,448.75,20200514,22
010794098C,0,PS-010794098-004,PARTIAL_SURRENDER,,99,99,FAMILY_SURRENDER_BUCKET,True,448.75,20210514,22
010794098C,0,PS-010794098-005,PARTIAL_SURRENDER,,99,99,FAMILY_SURRENDER_BUCKET,True,448.75,20220516,22
010794098C,0,PS-010794098-006,PARTIAL_SURRENDER,,99,99,FAMILY_SURRENDER_BUCKET,True,448.75,20230515,22
010794098C,0,PS-010794098-007,PARTIAL_SURRENDER,,99,99,FAMILY_SURRENDER_BUCKET,True,448.75,20240514,22
010794098C,0,PS-010794098-008,PARTIAL_SURRENDER,,99,99,FAMILY_SURRENDER_BUCKET,True,448.75,20250514,22
010794099C,0,PS-010794099-001,PARTIAL_SURRENDER,,99,99,FAMILY_SURRENDER_BUCKET,True,314.75,20180516,22
010794099C,0,PS-010794099-002,PARTIAL_SURRENDER,,99,99,FAMILY_SURRENDER_BUCKET,True,314.75,20190516,22
010794099C,0,PS-010794099-003,PARTIAL_SURRENDER,,99,99,FAMILY_SURRENDER_BUCKET,True,314.75,20200518,22
010794099C,0,PS-010794099-004,PARTIAL_SURRENDER,,99,99,FAMILY_SURRENDER_BUCKET,True,314.75,20210517,22
010794099C,0,PS-010794099-005,PARTIAL_SURRENDER,,99,99,FAMILY_SURRENDER_BUCKET,True,314.75,20220516,22
010794099C,0,PS-010794099-006,PARTIAL_SURRENDER,,99,99,FAMILY_SURRENDER_BUCKET,True,314.75,20230516,22
010794099C,0,PS-010794099-007,PARTIAL_SURRENDER,,99,99,FAMILY_SURRENDER_BUCKET,True,314.75,20240516,22
010794099C,0,PS-010794099-008,PARTIAL_SURRENDER,,99,99,FAMILY_SURRENDER_BUCKET,True,314.75,20250516,22
010794112C,0,PS-010794112-001,PARTIAL_SURRENDER,,99,99,FAMILY_SURRENDER_BUCKET,True,642.50,20180523,22
010794112C,0,PS-010794112-002,PARTIAL_SURRENDER,,99,99,FAMILY_SURRENDER_BUCKET,True,642.50,20190523,22
010794112C,0,PS-010794112-003,PARTIAL_SURRENDER,,99,99,FAMILY_SURRENDER_BUCKET,True,642.50,20200526,22
010794112C,0,PS-010794112-004,PARTIAL_SURRENDER,,99,99,FAMILY_SURRENDER_BUCKET,True,642.50,20210524,22
010794116C,0,PS-010794116-001,PARTIAL_SURRENDER,,99,99,FAMILY_SURRENDER_BUCKET,True,448.75,20180523,22
010794116C,0,PS-010794116-002,PARTIAL_SURRENDER,,99,99,FAMILY_SURRENDER_BUCKET,True,448.75,20190523,22
010794116C,0,PS-010794116-003,PARTIAL_SURRENDER,,99,99,FAMILY_SURRENDER_BUCKET,True,448.75,20200526,22
010794116C,0,PS-010794116-004,PARTIAL_SURRENDER,,99,99,FAMILY_SURRENDER_BUCKET,True,448.75,20210524,22
010794116C,0,PS-010794116-005,PARTIAL_SURRENDER,,99,99,FAMILY_SURRENDER_BUCKET,True,448.75,20220523,22
010794116C,0,PS-010794116-006,PARTIAL_SURRENDER,,99,99,FAMILY_SURRENDER_BUCKET,True,448.75,20230523,22
010794116C,0,PS-010794116-007,PARTIAL_SURRENDER,,99,99,FAMILY_SURRENDER_BUCKET,True,448.75,20240523,22
010794265C,0,PS-010794265-001,PARTIAL_SURRENDER,,99,99,FAMILY_SURRENDER_BUCKET,True,246.75,20180516,22
010794265C,0,PS-010794265-002,PARTIAL_SURRENDER,,99,99,FAMILY_SURRENDER_BUCKET,True,246.75,20190516,22
010794265C,0,PS-010794265-003,PARTIAL_SURRENDER,,99,99,FAMILY_SURRENDER_BUCKET,True,246.75,20200518,22
010794265C,0,PS-010794265-004,PARTIAL_SURRENDER,,99,99,FAMILY_SURRENDER_BUCKET,True,246.75,20210517,22
010794265C,0,PS-010794265-005,PARTIAL_SURRENDER,,99,99,FAMILY_SURRENDER_BUCKET,True,246.75,20220516,22
010794265C,0,PS-010794265-006,PARTIAL_SURRENDER,,99,99,FAMILY_SURRENDER_BUCKET,True,246.75,20230516,22
010794265C,0,PS-010794265-007,PARTIAL_SURRENDER,,99,99,FAMILY_SURRENDER_BUCKET,True,246.75,20240516,22
010794265C,0,PS-010794265-008,PARTIAL_SURRENDER,,99,99,FAMILY_SURRENDER_BUCKET,True,246.75,20250516,22
010794514C,0,PS-010794514-001,PARTIAL_SURRENDER,,99,99,FAMILY_SURRENDER_BUCKET,True,328.78,20180801,22
010794514C,0,PS-010794514-002,PARTIAL_SURRENDER,,99,99,FAMILY_SURRENDER_BUCKET,True,328.78,20190603,22
010794514C,0,PS-010794514-003,PARTIAL_SURRENDER,,99,99,FAMILY_SURRENDER_BUCKET,True,328.78,20200601,22
010794514C,0,PS-010794514-004,PARTIAL_SURRENDER,,99,99,FAMILY_SURRENDER_BUCKET,True,328.78,20210601,22
010794514C,0,PS-010794514-005,PARTIAL_SURRENDER,,99,99,FAMILY_SURRENDER_BUCKET,True,328.78,20220601,22
010794514C,0,PS-010794514-006,PARTIAL_SURRENDER,,99,99,FAMILY_SURRENDER_BUCKET,True,328.78,20230601,22
010794514C,0,PS-010794514-007,PARTIAL_SURRENDER,,99,99,FAMILY_SURRENDER_BUCKET,True,328.78,20240603,22
010794514C,0,PS-010794514-008,PARTIAL_SURRENDER,,99,99,FAMILY_SURRENDER_BUCKET,True,328.78,20250602,22
010794518C,0,PS-010794518-001,PARTIAL_SURRENDER,,99,99,FAMILY_SURRENDER_BUCKET,True,318.25,20180601,22
010794520C,0,PS-010794520-001,PARTIAL_SURRENDER,,99,99,FAMILY_SURRENDER_BUCKET,True,171.05,20180521,22
010794730C,0,PS-010794730-001,PARTIAL_SURRENDER,,99,99,FAMILY_SURRENDER_BUCKET,True,187.00,20180601,22
010794730C,0,PS-010794730-002,PARTIAL_SURRENDER,,99,99,FAMILY_SURRENDER_BUCKET,True,187.00,20190603,22
010794730C,0,PS-010794730-003,PARTIAL_SURRENDER,,99,99,FAMILY_SURRENDER_BUCKET,True,187.00,20200601,22
010794730C,0,PS-010794730-004,PARTIAL_SURRENDER,,99,99,FAMILY_SURRENDER_BUCKET,True,187.00,20210601,22
010794730C,0,PS-010794730-005,PARTIAL_SURRENDER,,99,99,FAMILY_SURRENDER_BUCKET,True,187.00,20220601,22
010794730C,0,PS-010794730-006,PARTIAL_SURRENDER,,99,99,FAMILY_SURRENDER_BUCKET,True,187.00,20230601,22
010794730C,0,PS-010794730-007,PARTIAL_SURRENDER,,99,99,FAMILY_SURRENDER_BUCKET,True,187.00,20240603,22
010794730C,0,PS-010794730-008,PARTIAL_SURRENDER,,99,99,FAMILY_SURRENDER_BUCKET,True,187.00,20250602,22
010794731C,0,PS-010794731-001,PARTIAL_SURRENDER,,99,99,FAMILY_SURRENDER_BUCKET,True,230.50,20180601,22
010794731C,0,PS-010794731-002,PARTIAL_SURRENDER,,99,99,FAMILY_SURRENDER_BUCKET,True,230.50,20190603,22
010794731C,0,PS-010794731-003,PARTIAL_SURRENDER,,99,99,FAMILY_SURRENDER_BUCKET,True,230.50,20200601,22
010794731C,0,PS-010794731-004,PARTIAL_SURRENDER,,99,99,FAMILY_SURRENDER_BUCKET,True,230.50,20210601,22
010794731C,0,PS-010794731-005,PARTIAL_SURRENDER,,99,99,FAMILY_SURRENDER_BUCKET,True,230.50,20220601,22
010794731C,0,PS-010794731-006,PARTIAL_SURRENDER,,99,99,FAMILY_SURRENDER_BUCKET,True,230.50,20230601,22
010794731C,0,PS-010794731-007,PARTIAL_SURRENDER,,99,99,FAMILY_SURRENDER_BUCKET,True,230.50,20240603,22
010794731C,0,PS-010794731-008,PARTIAL_SURRENDER,,99,99,FAMILY_SURRENDER_BUCKET,True,230.50,20250602,22
010794751C,0,PS-010794751-001,PARTIAL_SURRENDER,,99,99,FAMILY_SURRENDER_BUCKET,True,150.25,20180601,22
010794751C,0,PS-010794751-002,PARTIAL_SURRENDER,,99,99,FAMILY_SURRENDER_BUCKET,True,150.25,20190603,22
010794751C,0,PS-010794751-003,PARTIAL_SURRENDER,,99,99,FAMILY_SURRENDER_BUCKET,True,150.25,20200601,22
010794751C,0,PS-010794751-004,PARTIAL_SURRENDER,,99,99,FAMILY_SURRENDER_BUCKET,True,150.25,20210601,22
010794751C,0,PS-010794751-005,PARTIAL_SURRENDER,,99,99,FAMILY_SURRENDER_BUCKET,True,150.25,20220601,22
010794751C,0,PS-010794751-006,PARTIAL_SURRENDER,,99,99,FAMILY_SURRENDER_BUCKET,True,150.25,20230601,22
010794751C,0,PS-010794751-007,PARTIAL_SURRENDER,,99,99,FAMILY_SURRENDER_BUCKET,True,150.25,20240603,22
010794751C,0,PS-010794751-008,PARTIAL_SURRENDER,,99,99,FAMILY_SURRENDER_BUCKET,True,150.25,20250602,22
010795361C,0,PS-010795361-001,PARTIAL_SURRENDER,,99,99,FAMILY_SURRENDER_BUCKET,True,934.50,20180529,22
010795361C,0,PS-010795361-002,PARTIAL_SURRENDER,,99,99,FAMILY_SURRENDER_BUCKET,True,934.50,20190528,22
010795361C,0,PS-010795361-003,PARTIAL_SURRENDER,,99,99,FAMILY_SURRENDER_BUCKET,True,934.50,20200527,22
010795361C,0,PS-010795361-004,PARTIAL_SURRENDER,,99,99,FAMILY_SURRENDER_BUCKET,True,934.50,20210527,22
010795361C,0,PS-010795361-005,PARTIAL_SURRENDER,,99,99,FAMILY_SURRENDER_BUCKET,True,934.50,20220527,22
010795361C,0,PS-010795361-006,PARTIAL_SURRENDER,,99,99,FAMILY_SURRENDER_BUCKET,True,934.50,20230530,22
010795361C,0,PS-010795361-007,PARTIAL_SURRENDER,,99,99,FAMILY_SURRENDER_BUCKET,True,934.50,20240528,22
010795361C,0,PS-010795361-008,PARTIAL_SURRENDER,,99,99,FAMILY_SURRENDER_BUCKET,True,934.50,20250527,22
010795564C,0,PS-010795564-001,PARTIAL_SURRENDER,,99,99,FAMILY_SURRENDER_BUCKET,True,298.75,20180702,22
010795564C,0,PS-010795564-002,PARTIAL_SURRENDER,,99,99,FAMILY_SURRENDER_BUCKET,True,298.75,20190701,22
010795564C,0,PS-010795564-003,PARTIAL_SURRENDER,,99,99,FAMILY_SURRENDER_BUCKET,True,298.75,20200701,22
010795564C,0,PS-010795564-004,PARTIAL_SURRENDER,,99,99,FAMILY_SURRENDER_BUCKET,True,298.75,20210701,22
010795564C,0,PS-010795564-005,PARTIAL_SURRENDER,,99,99,FAMILY_SURRENDER_BUCKET,True,298.75,20220701,22
010795564C,0,PS-010795564-006,PARTIAL_SURRENDER,,99,99,FAMILY_SURRENDER_BUCKET,True,298.75,20230703,22
010795564C,0,PS-010795564-007,PARTIAL_SURRENDER,,99,99,FAMILY_SURRENDER_BUCKET,True,298.75,20240701,22
010795609C,0,PS-010795609-001,PARTIAL_SURRENDER,,99,99,FAMILY_SURRENDER_BUCKET,True,164.50,20180503,22
010795612C,0,PS-010795612-001,PARTIAL_SURRENDER,,99,99,FAMILY_SURRENDER_BUCKET,True,287.24,20180604,22
010795612C,0,PS-010795612-002,PARTIAL_SURRENDER,,99,99,FAMILY_SURRENDER_BUCKET,True,287.24,20190603,22
010795612C,0,PS-010795612-003,PARTIAL_SURRENDER,,99,99,FAMILY_SURRENDER_BUCKET,True,287.24,20200603,22
010795612C,0,PS-010795612-004,PARTIAL_SURRENDER,,99,99,FAMILY_SURRENDER_BUCKET,True,287.24,20210603,22
010795612C,0,PS-010795612-005,PARTIAL_SURRENDER,,99,99,FAMILY_SURRENDER_BUCKET,True,287.24,20220603,22
010795612C,0,PS-010795612-006,PARTIAL_SURRENDER,,99,99,FAMILY_SURRENDER_BUCKET,True,287.24,20230605,22
010795612C,0,PS-010795612-007,PARTIAL_SURRENDER,,99,99,FAMILY_SURRENDER_BUCKET,True,287.24,20240603,22
010795618C,0,PS-010795618-001,PARTIAL_SURRENDER,,99,99,FAMILY_SURRENDER_BUCKET,True,303.60,20180702,22
010795618C,0,PS-010795618-002,PARTIAL_SURRENDER,,99,99,FAMILY_SURRENDER_BUCKET,True,303.60,20190701,22
010795898C,0,PS-010795898-001,PARTIAL_SURRENDER,,99,99,FAMILY_SURRENDER_BUCKET,True,164.50,20180529,22
010795898C,0,PS-010795898-002,PARTIAL_SURRENDER,,99,99,FAMILY_SURRENDER_BUCKET,True,164.50,20190528,22
010795898C,0,PS-010795898-003,PARTIAL_SURRENDER,,99,99,FAMILY_SURRENDER_BUCKET,True,164.50,20200528,22
010795898C,0,PS-010795898-004,PARTIAL_SURRENDER,,99,99,FAMILY_SURRENDER_BUCKET,True,164.50,20210528,22
010795898C,0,PS-010795898-005,PARTIAL_SURRENDER,,99,99,FAMILY_SURRENDER_BUCKET,True,164.50,20220531,22
010795898C,0,PS-010795898-006,PARTIAL_SURRENDER,,99,99,FAMILY_SURRENDER_BUCKET,True,164.50,20230530,22
010795898C,0,PS-010795898-007,PARTIAL_SURRENDER,,99,99,FAMILY_SURRENDER_BUCKET,True,164.50,20240528,22
010795898C,0,PS-010795898-008,PARTIAL_SURRENDER,,99,99,FAMILY_SURRENDER_BUCKET,True,164.50,20250528,22
010796355C,0,PS-010796355-001,PARTIAL_SURRENDER,,99,99,FAMILY_SURRENDER_BUCKET,True,722.50,20180604,22
010796355C,0,PS-010796355-002,PARTIAL_SURRENDER,,99,99,FAMILY_SURRENDER_BUCKET,True,722.50,20190603,22
010796355C,0,PS-010796355-003,PARTIAL_SURRENDER,,99,99,FAMILY_SURRENDER_BUCKET,True,722.50,20200602,22
010796355C,0,PS-010796355-004,PARTIAL_SURRENDER,,99,99,FAMILY_SURRENDER_BUCKET,True,722.50,20210602,22
010796355C,0,PS-010796355-005,PARTIAL_SURRENDER,,99,99,FAMILY_SURRENDER_BUCKET,True,722.50,20220602,22
010796355C,0,PS-010796355-006,PARTIAL_SURRENDER,,99,99,FAMILY_SURRENDER_BUCKET,True,722.50,20230602,22
010796355C,0,PS-010796355-007,PARTIAL_SURRENDER,,99,99,FAMILY_SURRENDER_BUCKET,True,722.50,20240603,22
010796355C,0,PS-010796355-008,PARTIAL_SURRENDER,,99,99,FAMILY_SURRENDER_BUCKET,True,722.50,20250602,22
010796356C,0,PS-010796356-001,PARTIAL_SURRENDER,,99,99,FAMILY_SURRENDER_BUCKET,True,287.25,20180604,22
010796356C,0,PS-010796356-002,PARTIAL_SURRENDER,,99,99,FAMILY_SURRENDER_BUCKET,True,287.25,20190603,22
010796356C,0,PS-010796356-003,PARTIAL_SURRENDER,,99,99,FAMILY_SURRENDER_BUCKET,True,287.25,20200602,22
010796356C,0,PS-010796356-004,PARTIAL_SURRENDER,,99,99,FAMILY_SURRENDER_BUCKET,True,287.25,20210602,22
010796356C,0,PS-010796356-005,PARTIAL_SURRENDER,,99,99,FAMILY_SURRENDER_BUCKET,True,287.25,20220602,22
010796356C,0,PS-010796356-006,PARTIAL_SURRENDER,,99,99,FAMILY_SURRENDER_BUCKET,True,287.25,20230602,22
010796356C,0,PS-010796356-007,PARTIAL_SURRENDER,,99,99,FAMILY_SURRENDER_BUCKET,True,287.25,20240603,22
010796356C,0,PS-010796356-008,PARTIAL_SURRENDER,,99,99,FAMILY_SURRENDER_BUCKET,True,287.25,20250602,22
010796707C,0,PS-010796707-001,PARTIAL_SURRENDER,,99,99,FAMILY_SURRENDER_BUCKET,True,246.60,20180605,22
010796707C,0,PS-010796707-002,PARTIAL_SURRENDER,,99,99,FAMILY_SURRENDER_BUCKET,True,246.60,20190605,22
010796707C,0,PS-010796707-003,PARTIAL_SURRENDER,,99,99,FAMILY_SURRENDER_BUCKET,True,246.60,20200605,22
010796707C,0,PS-010796707-004,PARTIAL_SURRENDER,,99,99,FAMILY_SURRENDER_BUCKET,True,246.60,20210607,22
010796707C,0,PS-010796707-005,PARTIAL_SURRENDER,,99,99,FAMILY_SURRENDER_BUCKET,True,246.60,20220606,22
010796707C,0,PS-010796707-006,PARTIAL_SURRENDER,,99,99,FAMILY_SURRENDER_BUCKET,True,246.60,20230605,22
010796707C,0,PS-010796707-007,PARTIAL_SURRENDER,,99,99,FAMILY_SURRENDER_BUCKET,True,246.60,20240605,22
010796707C,0,PS-010796707-008,PARTIAL_SURRENDER,,99,99,FAMILY_SURRENDER_BUCKET,True,246.60,20250605,22
010796908C,0,PS-010796908-001,PARTIAL_SURRENDER,,99,99,FAMILY_SURRENDER_BUCKET,True,290.75,20190718,22
010796912C,0,PS-010796912-001,PARTIAL_SURRENDER,,99,99,FAMILY_SURRENDER_BUCKET,True,179.25,20180716,22
010796912C,0,PS-010796912-002,PARTIAL_SURRENDER,,99,99,FAMILY_SURRENDER_BUCKET,True,179.25,20190716,22
010796912C,0,PS-010796912-003,PARTIAL_SURRENDER,,99,99,FAMILY_SURRENDER_BUCKET,True,179.25,20200716,22
010796912C,0,PS-010796912-004,PARTIAL_SURRENDER,,99,99,FAMILY_SURRENDER_BUCKET,True,179.25,20210716,22
010796912C,0,PS-010796912-005,PARTIAL_SURRENDER,,99,99,FAMILY_SURRENDER_BUCKET,True,179.25,20220718,22
010796912C,0,PS-010796912-006,PARTIAL_SURRENDER,,99,99,FAMILY_SURRENDER_BUCKET,True,179.25,20230717,22
010796912C,0,PS-010796912-007,PARTIAL_SURRENDER,,99,99,FAMILY_SURRENDER_BUCKET,True,179.25,20240716,22
010796912C,0,PS-010796912-008,PARTIAL_SURRENDER,,99,99,FAMILY_SURRENDER_BUCKET,True,179.25,20250716,22
010796916C,0,PS-010796916-001,PARTIAL_SURRENDER,,99,99,FAMILY_SURRENDER_BUCKET,True,112.75,20180605,22
010796916C,0,PS-010796916-002,PARTIAL_SURRENDER,,99,99,FAMILY_SURRENDER_BUCKET,True,112.75,20190605,22
010796916C,0,PS-010796916-003,PARTIAL_SURRENDER,,99,99,FAMILY_SURRENDER_BUCKET,True,112.75,20200605,22
010796916C,0,PS-010796916-004,PARTIAL_SURRENDER,,99,99,FAMILY_SURRENDER_BUCKET,True,112.75,20210607,22
010796916C,0,PS-010796916-005,PARTIAL_SURRENDER,,99,99,FAMILY_SURRENDER_BUCKET,True,112.75,20220606,22
010796916C,0,PS-010796916-006,PARTIAL_SURRENDER,,99,99,FAMILY_SURRENDER_BUCKET,True,112.75,20230605,22
010796916C,0,PS-010796916-007,PARTIAL_SURRENDER,,99,99,FAMILY_SURRENDER_BUCKET,True,112.75,20240605,22
010796916C,0,PS-010796916-008,PARTIAL_SURRENDER,,99,99,FAMILY_SURRENDER_BUCKET,True,112.75,20250605,22
010797766C,0,PS-010797766-001,PARTIAL_SURRENDER,,99,99,FAMILY_SURRENDER_BUCKET,True,1357.00,20230321,22
010797766C,0,PS-010797766-002,PARTIAL_SURRENDER,,99,99,FAMILY_SURRENDER_BUCKET,True,1357.00,20240617,22
010797766C,0,PS-010797766-003,PARTIAL_SURRENDER,,99,99,FAMILY_SURRENDER_BUCKET,True,1357.00,20250616,22
010797831C,0,PS-010797831-001,PARTIAL_SURRENDER,,99,99,FAMILY_SURRENDER_BUCKET,True,123.25,20180613,22
010797831C,0,PS-010797831-002,PARTIAL_SURRENDER,,99,99,FAMILY_SURRENDER_BUCKET,True,123.25,20190613,22
010797831C,0,PS-010797831-003,PARTIAL_SURRENDER,,99,99,FAMILY_SURRENDER_BUCKET,True,123.25,20200615,22
010797831C,0,PS-010797831-004,PARTIAL_SURRENDER,,99,99,FAMILY_SURRENDER_BUCKET,True,123.25,20210614,22
010797831C,0,PS-010797831-005,PARTIAL_SURRENDER,,99,99,FAMILY_SURRENDER_BUCKET,True,123.25,20220613,22
010797831C,0,PS-010797831-006,PARTIAL_SURRENDER,,99,99,FAMILY_SURRENDER_BUCKET,True,123.25,20230613,22
010797831C,0,PS-010797831-007,PARTIAL_SURRENDER,,99,99,FAMILY_SURRENDER_BUCKET,True,123.25,20240613,22
010797831C,0,PS-010797831-008,PARTIAL_SURRENDER,,99,99,FAMILY_SURRENDER_BUCKET,True,123.25,20250613,22
010797832C,0,PS-010797832-001,PARTIAL_SURRENDER,,99,99,FAMILY_SURRENDER_BUCKET,True,121.00,20180613,22
010797832C,0,PS-010797832-002,PARTIAL_SURRENDER,,99,99,FAMILY_SURRENDER_BUCKET,True,121.00,20190613,22
010797832C,0,PS-010797832-003,PARTIAL_SURRENDER,,99,99,FAMILY_SURRENDER_BUCKET,True,121.00,20200615,22
010797832C,0,PS-010797832-004,PARTIAL_SURRENDER,,99,99,FAMILY_SURRENDER_BUCKET,True,121.00,20210614,22
010797832C,0,PS-010797832-005,PARTIAL_SURRENDER,,99,99,FAMILY_SURRENDER_BUCKET,True,121.00,20220613,22
010797832C,0,PS-010797832-006,PARTIAL_SURRENDER,,99,99,FAMILY_SURRENDER_BUCKET,True,121.00,20230613,22
010797832C,0,PS-010797832-007,PARTIAL_SURRENDER,,99,99,FAMILY_SURRENDER_BUCKET,True,121.00,20240613,22
010797832C,0,PS-010797832-008,PARTIAL_SURRENDER,,99,99,FAMILY_SURRENDER_BUCKET,True,121.00,20250613,22
010797922C,0,PS-010797922-001,PARTIAL_SURRENDER,,99,99,FAMILY_SURRENDER_BUCKET,True,300.76,20180521,22
010797922C,0,PS-010797922-002,PARTIAL_SURRENDER,,99,99,FAMILY_SURRENDER_BUCKET,True,300.76,20190521,22
010797922C,0,PS-010797922-003,PARTIAL_SURRENDER,,99,99,FAMILY_SURRENDER_BUCKET,True,300.76,20200521,22
010797922C,0,PS-010797922-004,PARTIAL_SURRENDER,,99,99,FAMILY_SURRENDER_BUCKET,True,300.76,20210521,22
010798029C,0,PS-010798029-001,PARTIAL_SURRENDER,,99,99,FAMILY_SURRENDER_BUCKET,True,238.50,20180806,22
010798029C,0,PS-010798029-002,PARTIAL_SURRENDER,,99,99,FAMILY_SURRENDER_BUCKET,True,238.50,20190805,22
010798029C,0,PS-010798029-003,PARTIAL_SURRENDER,,99,99,FAMILY_SURRENDER_BUCKET,True,238.50,20200805,22
010798029C,0,PS-010798029-004,PARTIAL_SURRENDER,,99,99,FAMILY_SURRENDER_BUCKET,True,238.50,20210805,22
010798029C,0,PS-010798029-005,PARTIAL_SURRENDER,,99,99,FAMILY_SURRENDER_BUCKET,True,238.50,20220805,22
010798029C,0,PS-010798029-006,PARTIAL_SURRENDER,,99,99,FAMILY_SURRENDER_BUCKET,True,238.50,20230807,22
010798029C,0,PS-010798029-007,PARTIAL_SURRENDER,,99,99,FAMILY_SURRENDER_BUCKET,True,238.50,20240805,22
010798029C,0,PS-010798029-008,PARTIAL_SURRENDER,,99,99,FAMILY_SURRENDER_BUCKET,True,238.50,20250805,22
010798030C,0,PS-010798030-001,PARTIAL_SURRENDER,,99,99,FAMILY_SURRENDER_BUCKET,True,164.50,20180613,22
010798030C,0,PS-010798030-002,PARTIAL_SURRENDER,,99,99,FAMILY_SURRENDER_BUCKET,True,164.50,20190613,22
010798030C,0,PS-010798030-003,PARTIAL_SURRENDER,,99,99,FAMILY_SURRENDER_BUCKET,True,164.50,20200615,22
010798030C,0,PS-010798030-004,PARTIAL_SURRENDER,,99,99,FAMILY_SURRENDER_BUCKET,True,164.50,20210614,22
010798030C,0,PS-010798030-005,PARTIAL_SURRENDER,,99,99,FAMILY_SURRENDER_BUCKET,True,164.50,20220613,22
010798030C,0,PS-010798030-006,PARTIAL_SURRENDER,,99,99,FAMILY_SURRENDER_BUCKET,True,164.50,20230613,22
010798030C,0,PS-010798030-007,PARTIAL_SURRENDER,,99,99,FAMILY_SURRENDER_BUCKET,True,164.50,20240613,22
010798030C,0,PS-010798030-008,PARTIAL_SURRENDER,,99,99,FAMILY_SURRENDER_BUCKET,True,164.50,20250613,22
010798031C,0,PS-010798031-001,PARTIAL_SURRENDER,,99,99,FAMILY_SURRENDER_BUCKET,True,473.40,20180613,22
010798031C,0,PS-010798031-002,PARTIAL_SURRENDER,,99,99,FAMILY_SURRENDER_BUCKET,True,473.40,20190613,22
010798462C,0,PS-010798462-001,PARTIAL_SURRENDER,,99,99,FAMILY_SURRENDER_BUCKET,True,318.25,20180625,22
010799173C,0,PS-010799173-001,PARTIAL_SURRENDER,,99,99,FAMILY_SURRENDER_BUCKET,True,315.17,20180720,22
010799173C,0,PS-010799173-002,PARTIAL_SURRENDER,,99,99,FAMILY_SURRENDER_BUCKET,True,315.17,20190722,22
010799487C,0,PS-010799487-001,PARTIAL_SURRENDER,,99,99,FAMILY_SURRENDER_BUCKET,True,198.70,20180702,22
010799487C,0,PS-010799487-002,PARTIAL_SURRENDER,,99,99,FAMILY_SURRENDER_BUCKET,True,198.70,20190701,22
010799487C,0,PS-010799487-003,PARTIAL_SURRENDER,,99,99,FAMILY_SURRENDER_BUCKET,True,198.70,20200701,22
010799487C,0,PS-010799487-004,PARTIAL_SURRENDER,,99,99,FAMILY_SURRENDER_BUCKET,True,198.70,20210701,22
010799487C,0,PS-010799487-005,PARTIAL_SURRENDER,,99,99,FAMILY_SURRENDER_BUCKET,True,198.70,20220701,22
010799487C,0,PS-010799487-006,PARTIAL_SURRENDER,,99,99,FAMILY_SURRENDER_BUCKET,True,198.70,20230703,22
010799487C,0,PS-010799487-007,PARTIAL_SURRENDER,,99,99,FAMILY_SURRENDER_BUCKET,True,198.70,20240701,22
010799487C,0,PS-010799487-008,PARTIAL_SURRENDER,,99,99,FAMILY_SURRENDER_BUCKET,True,198.70,20250701,22
010799590C,0,PS-010799590-001,PARTIAL_SURRENDER,,99,99,FAMILY_SURRENDER_BUCKET,True,458.75,20180702,22
010799590C,0,PS-010799590-002,PARTIAL_SURRENDER,,99,99,FAMILY_SURRENDER_BUCKET,True,458.75,20190701,22
010799590C,0,PS-010799590-003,PARTIAL_SURRENDER,,99,99,FAMILY_SURRENDER_BUCKET,True,458.75,20200701,22
010799590C,0,PS-010799590-004,PARTIAL_SURRENDER,,99,99,FAMILY_SURRENDER_BUCKET,True,458.75,20210701,22
010799590C,0,PS-010799590-005,PARTIAL_SURRENDER,,99,99,FAMILY_SURRENDER_BUCKET,True,458.75,20220701,22
010799590C,0,PS-010799590-006,PARTIAL_SURRENDER,,99,99,FAMILY_SURRENDER_BUCKET,True,458.75,20230703,22
010799590C,0,PS-010799590-007,PARTIAL_SURRENDER,,99,99,FAMILY_SURRENDER_BUCKET,True,458.75,20240701,22
010799590C,0,PS-010799590-008,PARTIAL_SURRENDER,,99,99,FAMILY_SURRENDER_BUCKET,True,458.75,20250701,22
010799675C,0,PS-010799675-001,PARTIAL_SURRENDER,,99,99,FAMILY_SURRENDER_BUCKET,True,934.50,20180709,22
010799675C,0,PS-010799675-002,PARTIAL_SURRENDER,,99,99,FAMILY_SURRENDER_BUCKET,True,934.50,20190709,22
010799675C,0,PS-010799675-003,PARTIAL_SURRENDER,,99,99,FAMILY_SURRENDER_BUCKET,True,934.50,20200709,22
010799675C,0,PS-010799675-004,PARTIAL_SURRENDER,,99,99,FAMILY_SURRENDER_BUCKET,True,934.50,20210709,22
010799675C,0,PS-010799675-005,PARTIAL_SURRENDER,,99,99,FAMILY_SURRENDER_BUCKET,True,934.50,20220711,22
010799675C,0,PS-010799675-006,PARTIAL_SURRENDER,,99,99,FAMILY_SURRENDER_BUCKET,True,934.50,20230710,22
010799675C,0,PS-010799675-007,PARTIAL_SURRENDER,,99,99,FAMILY_SURRENDER_BUCKET,True,934.50,20240709,22
010799675C,0,PS-010799675-008,PARTIAL_SURRENDER,,99,99,FAMILY_SURRENDER_BUCKET,True,934.50,20250709,22
010799821C,0,PS-010799821-001,PARTIAL_SURRENDER,,99,99,FAMILY_SURRENDER_BUCKET,True,501.40,20180627,22
010799821C,0,PS-010799821-002,PARTIAL_SURRENDER,,99,99,FAMILY_SURRENDER_BUCKET,True,501.40,20190627,22
010799821C,0,PS-010799821-003,PARTIAL_SURRENDER,,99,99,FAMILY_SURRENDER_BUCKET,True,501.40,20200629,22
010799895C,0,PS-010799895-001,PARTIAL_SURRENDER,,99,99,FAMILY_SURRENDER_BUCKET,True,179.35,20180625,22
010800286C,0,PS-010800286-001,PARTIAL_SURRENDER,,99,99,FAMILY_SURRENDER_BUCKET,True,121.00,20180702,22
010800286C,0,PS-010800286-002,PARTIAL_SURRENDER,,99,99,FAMILY_SURRENDER_BUCKET,True,121.00,20190701,22
010800286C,0,PS-010800286-003,PARTIAL_SURRENDER,,99,99,FAMILY_SURRENDER_BUCKET,True,121.00,20200701,22
010800286C,0,PS-010800286-004,PARTIAL_SURRENDER,,99,99,FAMILY_SURRENDER_BUCKET,True,121.00,20210701,22
010800286C,0,PS-010800286-005,PARTIAL_SURRENDER,,99,99,FAMILY_SURRENDER_BUCKET,True,121.00,20220701,22
010800286C,0,PS-010800286-006,PARTIAL_SURRENDER,,99,99,FAMILY_SURRENDER_BUCKET,True,121.00,20230703,22
010800286C,0,PS-010800286-007,PARTIAL_SURRENDER,,99,99,FAMILY_SURRENDER_BUCKET,True,121.00,20240701,22
010800286C,0,PS-010800286-008,PARTIAL_SURRENDER,,99,99,FAMILY_SURRENDER_BUCKET,True,121.00,20250701,22
010800881C,0,PS-010800881-001,PARTIAL_SURRENDER,,99,99,FAMILY_SURRENDER_BUCKET,True,501.00,20180625,22
010800881C,0,PS-010800881-002,PARTIAL_SURRENDER,,99,99,FAMILY_SURRENDER_BUCKET,True,501.00,20190624,22
010800881C,0,PS-010800881-003,PARTIAL_SURRENDER,,99,99,FAMILY_SURRENDER_BUCKET,True,501.00,20200623,22
010800881C,0,PS-010800881-004,PARTIAL_SURRENDER,,99,99,FAMILY_SURRENDER_BUCKET,True,501.00,20210623,22
010800881C,0,PS-010800881-005,PARTIAL_SURRENDER,,99,99,FAMILY_SURRENDER_BUCKET,True,501.00,20220623,22
010800881C,0,PS-010800881-006,PARTIAL_SURRENDER,,99,99,FAMILY_SURRENDER_BUCKET,True,501.00,20230623,22
010800881C,0,PS-010800881-007,PARTIAL_SURRENDER,,99,99,FAMILY_SURRENDER_BUCKET,True,501.00,20240624,22
010800881C,0,PS-010800881-008,PARTIAL_SURRENDER,,99,99,FAMILY_SURRENDER_BUCKET,True,501.00,20250623,22
010801256C,0,PS-010801256-001,PARTIAL_SURRENDER,,99,99,FAMILY_SURRENDER_BUCKET,True,210.55,20180716,22
010801256C,0,PS-010801256-002,PARTIAL_SURRENDER,,99,99,FAMILY_SURRENDER_BUCKET,True,210.55,20190715,22
010801256C,0,PS-010801256-003,PARTIAL_SURRENDER,,99,99,FAMILY_SURRENDER_BUCKET,True,210.55,20200714,22
010801256C,0,PS-010801256-004,PARTIAL_SURRENDER,,99,99,FAMILY_SURRENDER_BUCKET,True,210.55,20210714,22
010801256C,0,PS-010801256-005,PARTIAL_SURRENDER,,99,99,FAMILY_SURRENDER_BUCKET,True,210.55,20220714,22
010801256C,0,PS-010801256-006,PARTIAL_SURRENDER,,99,99,FAMILY_SURRENDER_BUCKET,True,210.55,20230714,22
010801256C,0,PS-010801256-007,PARTIAL_SURRENDER,,99,99,FAMILY_SURRENDER_BUCKET,True,210.55,20240715,22
010801256C,0,PS-010801256-008,PARTIAL_SURRENDER,,99,99,FAMILY_SURRENDER_BUCKET,True,210.55,20250714,22
010801734C,0,PS-010801734-001,PARTIAL_SURRENDER,,99,99,FAMILY_SURRENDER_BUCKET,True,368.20,20180828,22
010801734C,0,PS-010801734-002,PARTIAL_SURRENDER,,99,99,FAMILY_SURRENDER_BUCKET,True,368.20,20190828,22
010801734C,0,PS-010801734-003,PARTIAL_SURRENDER,,99,99,FAMILY_SURRENDER_BUCKET,True,368.20,20200828,22
010802045C,0,PS-010802045-001,PARTIAL_SURRENDER,,99,99,FAMILY_SURRENDER_BUCKET,True,411.25,20180718,22
010802045C,0,PS-010802045-002,PARTIAL_SURRENDER,,99,99,FAMILY_SURRENDER_BUCKET,True,411.25,20190718,22
010802045C,0,PS-010802045-003,PARTIAL_SURRENDER,,99,99,FAMILY_SURRENDER_BUCKET,True,411.25,20200720,22
010802045C,0,PS-010802045-004,PARTIAL_SURRENDER,,99,99,FAMILY_SURRENDER_BUCKET,True,411.25,20210719,22
010802045C,0,PS-010802045-005,PARTIAL_SURRENDER,,99,99,FAMILY_SURRENDER_BUCKET,True,411.25,20220718,22
010802045C,0,PS-010802045-006,PARTIAL_SURRENDER,,99,99,FAMILY_SURRENDER_BUCKET,True,411.25,20230718,22
010802045C,0,PS-010802045-007,PARTIAL_SURRENDER,,99,99,FAMILY_SURRENDER_BUCKET,True,411.25,20240718,22
010802045C,0,PS-010802045-008,PARTIAL_SURRENDER,,99,99,FAMILY_SURRENDER_BUCKET,True,411.25,20250718,22
010802188C,0,PS-010802188-001,PARTIAL_SURRENDER,,99,99,FAMILY_SURRENDER_BUCKET,True,250.90,20190409,22
010802188C,0,PS-010802188-002,PARTIAL_SURRENDER,,99,99,FAMILY_SURRENDER_BUCKET,True,250.90,20190812,22
010802626C,0,PS-010802626-001,PARTIAL_SURRENDER,,99,99,FAMILY_SURRENDER_BUCKET,True,407.50,20180801,22
010802626C,0,PS-010802626-002,PARTIAL_SURRENDER,,99,99,FAMILY_SURRENDER_BUCKET,True,407.50,20190801,22
010802626C,0,PS-010802626-003,PARTIAL_SURRENDER,,99,99,FAMILY_SURRENDER_BUCKET,True,407.50,20200803,22
010802626C,0,PS-010802626-004,PARTIAL_SURRENDER,,99,99,FAMILY_SURRENDER_BUCKET,True,407.50,20210802,22
010802626C,0,PS-010802626-005,PARTIAL_SURRENDER,,99,99,FAMILY_SURRENDER_BUCKET,True,407.50,20220801,22
010802626C,0,PS-010802626-006,PARTIAL_SURRENDER,,99,99,FAMILY_SURRENDER_BUCKET,True,407.50,20230801,22
010802626C,0,PS-010802626-007,PARTIAL_SURRENDER,,99,99,FAMILY_SURRENDER_BUCKET,True,407.50,20240801,22
010802626C,0,PS-010802626-008,PARTIAL_SURRENDER,,99,99,FAMILY_SURRENDER_BUCKET,True,407.50,20250801,22
010802627C,0,PS-010802627-001,PARTIAL_SURRENDER,,99,99,FAMILY_SURRENDER_BUCKET,True,157.28,20180717,22
010802646C,0,PS-010802646-001,PARTIAL_SURRENDER,,99,99,FAMILY_SURRENDER_BUCKET,True,388.90,20180723,22
010802646C,0,PS-010802646-002,PARTIAL_SURRENDER,,99,99,FAMILY_SURRENDER_BUCKET,True,388.90,20190723,22
010802646C,0,PS-010802646-003,PARTIAL_SURRENDER,,99,99,FAMILY_SURRENDER_BUCKET,True,388.90,20200723,22
010802646C,0,PS-010802646-004,PARTIAL_SURRENDER,,99,99,FAMILY_SURRENDER_BUCKET,True,388.90,20210723,22
010802646C,0,PS-010802646-005,PARTIAL_SURRENDER,,99,99,FAMILY_SURRENDER_BUCKET,True,388.90,20220725,22
010802649C,0,PS-010802649-001,PARTIAL_SURRENDER,,99,99,FAMILY_SURRENDER_BUCKET,True,409.40,20180723,22
010802649C,0,PS-010802649-002,PARTIAL_SURRENDER,,99,99,FAMILY_SURRENDER_BUCKET,True,409.40,20190723,22
010802649C,0,PS-010802649-003,PARTIAL_SURRENDER,,99,99,FAMILY_SURRENDER_BUCKET,True,409.40,20200723,22
010802649C,0,PS-010802649-004,PARTIAL_SURRENDER,,99,99,FAMILY_SURRENDER_BUCKET,True,409.40,20210723,22
010802649C,0,PS-010802649-005,PARTIAL_SURRENDER,,99,99,FAMILY_SURRENDER_BUCKET,True,409.40,20220725,22
010802649C,0,PS-010802649-006,PARTIAL_SURRENDER,,99,99,FAMILY_SURRENDER_BUCKET,True,409.40,20230724,22
010802649C,0,PS-010802649-007,PARTIAL_SURRENDER,,99,99,FAMILY_SURRENDER_BUCKET,True,409.40,20240723,22
010802649C,0,PS-010802649-008,PARTIAL_SURRENDER,,99,99,FAMILY_SURRENDER_BUCKET,True,409.40,20250723,22
010803044C,0,PS-010803044-001,PARTIAL_SURRENDER,,99,99,FAMILY_SURRENDER_BUCKET,True,329.25,20180724,22
010803044C,0,PS-010803044-002,PARTIAL_SURRENDER,,99,99,FAMILY_SURRENDER_BUCKET,True,329.25,20190724,22
010803044C,0,PS-010803044-003,PARTIAL_SURRENDER,,99,99,FAMILY_SURRENDER_BUCKET,True,329.25,20200724,22
010803044C,0,PS-010803044-004,PARTIAL_SURRENDER,,99,99,FAMILY_SURRENDER_BUCKET,True,329.25,20210726,22
010803044C,0,PS-010803044-005,PARTIAL_SURRENDER,,99,99,FAMILY_SURRENDER_BUCKET,True,329.25,20220725,22
010803044C,0,PS-010803044-006,PARTIAL_SURRENDER,,99,99,FAMILY_SURRENDER_BUCKET,True,329.25,20230724,22
010803649C,0,PS-010803649-001,PARTIAL_SURRENDER,,99,99,FAMILY_SURRENDER_BUCKET,True,388.75,20180904,22
010803649C,0,PS-010803649-002,PARTIAL_SURRENDER,,99,99,FAMILY_SURRENDER_BUCKET,True,388.75,20190903,22
010803649C,0,PS-010803649-003,PARTIAL_SURRENDER,,99,99,FAMILY_SURRENDER_BUCKET,True,388.75,20200902,22
010803649C,0,PS-010803649-004,PARTIAL_SURRENDER,,99,99,FAMILY_SURRENDER_BUCKET,True,388.75,20210902,22
010803649C,0,PS-010803649-005,PARTIAL_SURRENDER,,99,99,FAMILY_SURRENDER_BUCKET,True,388.75,20220902,22
010803649C,0,PS-010803649-006,PARTIAL_SURRENDER,,99,99,FAMILY_SURRENDER_BUCKET,True,388.75,20230905,22
010803649C,0,PS-010803649-007,PARTIAL_SURRENDER,,99,99,FAMILY_SURRENDER_BUCKET,True,388.75,20240903,22
010803649C,0,PS-010803649-008,PARTIAL_SURRENDER,,99,99,FAMILY_SURRENDER_BUCKET,True,388.75,20250902,22
010803672C,0,PS-010803672-001,PARTIAL_SURRENDER,,99,99,FAMILY_SURRENDER_BUCKET,True,230.50,20180716,22
010803672C,0,PS-010803672-002,PARTIAL_SURRENDER,,99,99,FAMILY_SURRENDER_BUCKET,True,230.50,20190715,22
010803672C,0,PS-010803672-003,PARTIAL_SURRENDER,,99,99,FAMILY_SURRENDER_BUCKET,True,230.50,20200715,22
010803672C,0,PS-010803672-004,PARTIAL_SURRENDER,,99,99,FAMILY_SURRENDER_BUCKET,True,230.50,20210715,22
010803672C,0,PS-010803672-005,PARTIAL_SURRENDER,,99,99,FAMILY_SURRENDER_BUCKET,True,230.50,20220715,22
010803672C,0,PS-010803672-006,PARTIAL_SURRENDER,,99,99,FAMILY_SURRENDER_BUCKET,True,230.50,20230717,22
010803672C,0,PS-010803672-007,PARTIAL_SURRENDER,,99,99,FAMILY_SURRENDER_BUCKET,True,230.50,20240715,22
010803672C,0,PS-010803672-008,PARTIAL_SURRENDER,,99,99,FAMILY_SURRENDER_BUCKET,True,230.50,20250715,22
010803676C,0,PS-010803676-001,PARTIAL_SURRENDER,,99,99,FAMILY_SURRENDER_BUCKET,True,128.50,20180801,22
010803676C,0,PS-010803676-002,PARTIAL_SURRENDER,,99,99,FAMILY_SURRENDER_BUCKET,True,128.50,20190801,22
010803676C,0,PS-010803676-003,PARTIAL_SURRENDER,,99,99,FAMILY_SURRENDER_BUCKET,True,128.50,20200803,22
010803676C,0,PS-010803676-004,PARTIAL_SURRENDER,,99,99,FAMILY_SURRENDER_BUCKET,True,128.50,20210802,22
010803676C,0,PS-010803676-005,PARTIAL_SURRENDER,,99,99,FAMILY_SURRENDER_BUCKET,True,128.50,20220801,22
010803676C,0,PS-010803676-006,PARTIAL_SURRENDER,,99,99,FAMILY_SURRENDER_BUCKET,True,128.50,20230801,22
010803676C,0,PS-010803676-007,PARTIAL_SURRENDER,,99,99,FAMILY_SURRENDER_BUCKET,True,128.50,20240801,22
010803676C,0,PS-010803676-008,PARTIAL_SURRENDER,,99,99,FAMILY_SURRENDER_BUCKET,True,128.50,20250801,22
010803682C,0,PS-010803682-001,PARTIAL_SURRENDER,,99,99,FAMILY_SURRENDER_BUCKET,True,303.60,20180801,22
010803682C,0,PS-010803682-002,PARTIAL_SURRENDER,,99,99,FAMILY_SURRENDER_BUCKET,True,303.60,20190801,22
010803682C,0,PS-010803682-003,PARTIAL_SURRENDER,,99,99,FAMILY_SURRENDER_BUCKET,True,303.60,20200803,22
010803770C,0,PS-010803770-001,PARTIAL_SURRENDER,,99,99,FAMILY_SURRENDER_BUCKET,True,206.95,20180801,22
010803770C,0,PS-010803770-002,PARTIAL_SURRENDER,,99,99,FAMILY_SURRENDER_BUCKET,True,206.95,20190801,22
010803776C,0,PS-010803776-001,PARTIAL_SURRENDER,,99,99,FAMILY_SURRENDER_BUCKET,True,196.75,20181105,22
010803776C,0,PS-010803776-002,PARTIAL_SURRENDER,,99,99,FAMILY_SURRENDER_BUCKET,True,196.75,20191104,22
010803776C,0,PS-010803776-003,PARTIAL_SURRENDER,,99,99,FAMILY_SURRENDER_BUCKET,True,196.75,20201104,22
010803776C,0,PS-010803776-004,PARTIAL_SURRENDER,,99,99,FAMILY_SURRENDER_BUCKET,True,196.75,20211104,22
010803776C,0,PS-010803776-005,PARTIAL_SURRENDER,,99,99,FAMILY_SURRENDER_BUCKET,True,196.75,20221104,22
010803776C,0,PS-010803776-006,PARTIAL_SURRENDER,,99,99,FAMILY_SURRENDER_BUCKET,True,196.75,20231106,22
010803776C,0,PS-010803776-007,PARTIAL_SURRENDER,,99,99,FAMILY_SURRENDER_BUCKET,True,196.75,20241104,22
010803776C,0,PS-010803776-008,PARTIAL_SURRENDER,,99,99,FAMILY_SURRENDER_BUCKET,True,196.75,20251104,22
010804327C,0,PS-010804327-001,PARTIAL_SURRENDER,,99,99,FAMILY_SURRENDER_BUCKET,True,321.50,20230710,22
010804327C,0,PS-010804327-002,PARTIAL_SURRENDER,,99,99,FAMILY_SURRENDER_BUCKET,True,321.50,20240801,22
010804327C,0,PS-010804327-003,PARTIAL_SURRENDER,,99,99,FAMILY_SURRENDER_BUCKET,True,321.50,20250801,22
010804489C,0,PS-010804489-001,PARTIAL_SURRENDER,,99,99,FAMILY_SURRENDER_BUCKET,True,217.20,20180718,22
010804489C,0,PS-010804489-002,PARTIAL_SURRENDER,,99,99,FAMILY_SURRENDER_BUCKET,True,217.20,20190718,22
010804489C,0,PS-010804489-003,PARTIAL_SURRENDER,,99,99,FAMILY_SURRENDER_BUCKET,True,217.20,20200720,22
010804489C,0,PS-010804489-004,PARTIAL_SURRENDER,,99,99,FAMILY_SURRENDER_BUCKET,True,217.20,20210719,22
010804489C,0,PS-010804489-005,PARTIAL_SURRENDER,,99,99,FAMILY_SURRENDER_BUCKET,True,217.20,20220718,22
010804489C,0,PS-010804489-006,PARTIAL_SURRENDER,,99,99,FAMILY_SURRENDER_BUCKET,True,217.20,20230718,22
010804588C,0,PS-010804588-001,PARTIAL_SURRENDER,,99,99,FAMILY_SURRENDER_BUCKET,True,287.25,20180726,22
010804588C,0,PS-010804588-002,PARTIAL_SURRENDER,,99,99,FAMILY_SURRENDER_BUCKET,True,287.25,20190726,22
010804588C,0,PS-010804588-003,PARTIAL_SURRENDER,,99,99,FAMILY_SURRENDER_BUCKET,True,287.25,20200727,22
010804588C,0,PS-010804588-004,PARTIAL_SURRENDER,,99,99,FAMILY_SURRENDER_BUCKET,True,287.25,20210726,22
010804588C,0,PS-010804588-005,PARTIAL_SURRENDER,,99,99,FAMILY_SURRENDER_BUCKET,True,287.25,20220726,22
010804588C,0,PS-010804588-006,PARTIAL_SURRENDER,,99,99,FAMILY_SURRENDER_BUCKET,True,287.25,20230726,22
010804588C,0,PS-010804588-007,PARTIAL_SURRENDER,,99,99,FAMILY_SURRENDER_BUCKET,True,287.25,20240726,22
010804588C,0,PS-010804588-008,PARTIAL_SURRENDER,,99,99,FAMILY_SURRENDER_BUCKET,True,287.25,20250728,22
010804616C,0,PS-010804616-001,PARTIAL_SURRENDER,,99,99,FAMILY_SURRENDER_BUCKET,True,314.75,20180801,22
010804616C,0,PS-010804616-002,PARTIAL_SURRENDER,,99,99,FAMILY_SURRENDER_BUCKET,True,314.75,20190801,22
010804616C,0,PS-010804616-003,PARTIAL_SURRENDER,,99,99,FAMILY_SURRENDER_BUCKET,True,314.75,20200803,22
010804616C,0,PS-010804616-004,PARTIAL_SURRENDER,,99,99,FAMILY_SURRENDER_BUCKET,True,314.75,20210802,22
010804616C,0,PS-010804616-005,PARTIAL_SURRENDER,,99,99,FAMILY_SURRENDER_BUCKET,True,314.75,20220801,22
010804616C,0,PS-010804616-006,PARTIAL_SURRENDER,,99,99,FAMILY_SURRENDER_BUCKET,True,314.75,20230801,22
010804616C,0,PS-010804616-007,PARTIAL_SURRENDER,,99,99,FAMILY_SURRENDER_BUCKET,True,314.75,20240801,22
010804616C,0,PS-010804616-008,PARTIAL_SURRENDER,,99,99,FAMILY_SURRENDER_BUCKET,True,314.75,20250801,22
010804853C,0,PS-010804853-001,PARTIAL_SURRENDER,,99,99,FAMILY_SURRENDER_BUCKET,True,134.75,20180801,22
010804853C,0,PS-010804853-002,PARTIAL_SURRENDER,,99,99,FAMILY_SURRENDER_BUCKET,True,134.75,20190801,22
010804853C,0,PS-010804853-003,PARTIAL_SURRENDER,,99,99,FAMILY_SURRENDER_BUCKET,True,134.75,20200803,22
010804853C,0,PS-010804853-004,PARTIAL_SURRENDER,,99,99,FAMILY_SURRENDER_BUCKET,True,134.75,20210802,22
010804853C,0,PS-010804853-005,PARTIAL_SURRENDER,,99,99,FAMILY_SURRENDER_BUCKET,True,134.75,20220801,22
010804853C,0,PS-010804853-006,PARTIAL_SURRENDER,,99,99,FAMILY_SURRENDER_BUCKET,True,134.75,20230801,22
010804853C,0,PS-010804853-007,PARTIAL_SURRENDER,,99,99,FAMILY_SURRENDER_BUCKET,True,134.75,20240801,22
010804853C,0,PS-010804853-008,PARTIAL_SURRENDER,,99,99,FAMILY_SURRENDER_BUCKET,True,134.75,20250801,22
010804854C,0,PS-010804854-001,PARTIAL_SURRENDER,,99,99,FAMILY_SURRENDER_BUCKET,True,131.50,20180801,22
010804854C,0,PS-010804854-002,PARTIAL_SURRENDER,,99,99,FAMILY_SURRENDER_BUCKET,True,131.50,20190801,22
010804854C,0,PS-010804854-003,PARTIAL_SURRENDER,,99,99,FAMILY_SURRENDER_BUCKET,True,131.50,20200803,22
010804854C,0,PS-010804854-004,PARTIAL_SURRENDER,,99,99,FAMILY_SURRENDER_BUCKET,True,131.50,20210802,22
010804854C,0,PS-010804854-005,PARTIAL_SURRENDER,,99,99,FAMILY_SURRENDER_BUCKET,True,131.50,20220801,22
010804854C,0,PS-010804854-006,PARTIAL_SURRENDER,,99,99,FAMILY_SURRENDER_BUCKET,True,131.50,20230801,22
010805039C,0,PS-010805039-001,PARTIAL_SURRENDER,,99,99,FAMILY_SURRENDER_BUCKET,True,294.08,20180910,22
010805041C,0,PS-010805041-001,PARTIAL_SURRENDER,,99,99,FAMILY_SURRENDER_BUCKET,True,642.50,20180801,22
010805041C,0,PS-010805041-002,PARTIAL_SURRENDER,,99,99,FAMILY_SURRENDER_BUCKET,True,642.50,20190801,22
010805041C,0,PS-010805041-003,PARTIAL_SURRENDER,,99,99,FAMILY_SURRENDER_BUCKET,True,642.50,20200803,22
010805041C,0,PS-010805041-004,PARTIAL_SURRENDER,,99,99,FAMILY_SURRENDER_BUCKET,True,642.50,20210802,22
010805041C,0,PS-010805041-005,PARTIAL_SURRENDER,,99,99,FAMILY_SURRENDER_BUCKET,True,642.50,20220801,22
010805041C,0,PS-010805041-006,PARTIAL_SURRENDER,,99,99,FAMILY_SURRENDER_BUCKET,True,642.50,20230801,22
010805041C,0,PS-010805041-007,PARTIAL_SURRENDER,,99,99,FAMILY_SURRENDER_BUCKET,True,642.50,20240801,22
010805041C,0,PS-010805041-008,PARTIAL_SURRENDER,,99,99,FAMILY_SURRENDER_BUCKET,True,642.50,20250801,22
010806155C,0,PS-010806155-001,PARTIAL_SURRENDER,,99,99,FAMILY_SURRENDER_BUCKET,True,420.93,20180904,22
010806155C,0,PS-010806155-002,PARTIAL_SURRENDER,,99,99,FAMILY_SURRENDER_BUCKET,True,420.93,20190903,22
010806155C,0,PS-010806155-003,PARTIAL_SURRENDER,,99,99,FAMILY_SURRENDER_BUCKET,True,420.93,20200901,22
010806653C,0,PS-010806653-001,PARTIAL_SURRENDER,,99,99,FAMILY_SURRENDER_BUCKET,True,187.00,20221115,22
010806653C,0,PS-010806653-002,PARTIAL_SURRENDER,,99,99,FAMILY_SURRENDER_BUCKET,True,187.00,20230815,22
010806653C,0,PS-010806653-003,PARTIAL_SURRENDER,,99,99,FAMILY_SURRENDER_BUCKET,True,187.00,20240815,22
010806653C,0,PS-010806653-004,PARTIAL_SURRENDER,,99,99,FAMILY_SURRENDER_BUCKET,True,187.00,20250815,22
010807493C,0,PS-010807493-001,PARTIAL_SURRENDER,,99,99,FAMILY_SURRENDER_BUCKET,True,608.75,20180822,22
010807518C,0,PS-010807518-001,PARTIAL_SURRENDER,,99,99,FAMILY_SURRENDER_BUCKET,True,168.50,20180822,22
010807518C,0,PS-010807518-002,PARTIAL_SURRENDER,,99,99,FAMILY_SURRENDER_BUCKET,True,168.50,20190822,22
010807518C,0,PS-010807518-003,PARTIAL_SURRENDER,,99,99,FAMILY_SURRENDER_BUCKET,True,168.50,20200824,22
010807518C,0,PS-010807518-004,PARTIAL_SURRENDER,,99,99,FAMILY_SURRENDER_BUCKET,True,168.50,20210823,22
010807518C,0,PS-010807518-005,PARTIAL_SURRENDER,,99,99,FAMILY_SURRENDER_BUCKET,True,168.50,20220822,22
010807518C,0,PS-010807518-006,PARTIAL_SURRENDER,,99,99,FAMILY_SURRENDER_BUCKET,True,168.50,20230822,22
010807518C,0,PS-010807518-007,PARTIAL_SURRENDER,,99,99,FAMILY_SURRENDER_BUCKET,True,168.50,20240822,22
010807518C,0,PS-010807518-008,PARTIAL_SURRENDER,,99,99,FAMILY_SURRENDER_BUCKET,True,168.50,20250822,22
010807698C,0,PS-010807698-001,PARTIAL_SURRENDER,,99,99,FAMILY_SURRENDER_BUCKET,True,179.35,20180827,22
010807698C,0,PS-010807698-002,PARTIAL_SURRENDER,,99,99,FAMILY_SURRENDER_BUCKET,True,179.35,20190826,22
010807698C,0,PS-010807698-003,PARTIAL_SURRENDER,,99,99,FAMILY_SURRENDER_BUCKET,True,179.35,20200825,22
010807720C,0,PS-010807720-001,PARTIAL_SURRENDER,,99,99,FAMILY_SURRENDER_BUCKET,True,142.10,20200518,22
010807720C,0,PS-010807720-002,PARTIAL_SURRENDER,,99,99,FAMILY_SURRENDER_BUCKET,True,142.10,20200817,22
010807720C,0,PS-010807720-003,PARTIAL_SURRENDER,,99,99,FAMILY_SURRENDER_BUCKET,True,142.10,20210816,22
010807720C,0,PS-010807720-004,PARTIAL_SURRENDER,,99,99,FAMILY_SURRENDER_BUCKET,True,142.10,20230222,22
010807722C,0,PS-010807722-001,PARTIAL_SURRENDER,,99,99,FAMILY_SURRENDER_BUCKET,True,125.00,20180820,22
010807722C,0,PS-010807722-002,PARTIAL_SURRENDER,,99,99,FAMILY_SURRENDER_BUCKET,True,125.00,20190819,22
010807722C,0,PS-010807722-003,PARTIAL_SURRENDER,,99,99,FAMILY_SURRENDER_BUCKET,True,125.00,20200819,22
010807722C,0,PS-010807722-004,PARTIAL_SURRENDER,,99,99,FAMILY_SURRENDER_BUCKET,True,125.00,20210819,22
010807722C,0,PS-010807722-005,PARTIAL_SURRENDER,,99,99,FAMILY_SURRENDER_BUCKET,True,125.00,20220819,22
010807722C,0,PS-010807722-006,PARTIAL_SURRENDER,,99,99,FAMILY_SURRENDER_BUCKET,True,125.00,20230821,22
010807722C,0,PS-010807722-007,PARTIAL_SURRENDER,,99,99,FAMILY_SURRENDER_BUCKET,True,125.00,20240819,22
010807722C,0,PS-010807722-008,PARTIAL_SURRENDER,,99,99,FAMILY_SURRENDER_BUCKET,True,125.00,20250819,22
010807868C,0,PS-010807868-001,PARTIAL_SURRENDER,,99,99,FAMILY_SURRENDER_BUCKET,True,227.90,20180820,22
010807868C,0,PS-010807868-002,PARTIAL_SURRENDER,,99,99,FAMILY_SURRENDER_BUCKET,True,227.90,20190819,22
010807941C,0,PS-010807941-001,PARTIAL_SURRENDER,,99,99,FAMILY_SURRENDER_BUCKET,True,411.25,20190913,22
010807941C,0,PS-010807941-002,PARTIAL_SURRENDER,,99,99,FAMILY_SURRENDER_BUCKET,True,411.25,20200911,22
010807941C,0,PS-010807941-003,PARTIAL_SURRENDER,,99,99,FAMILY_SURRENDER_BUCKET,True,411.25,20210913,22
010807941C,0,PS-010807941-004,PARTIAL_SURRENDER,,99,99,FAMILY_SURRENDER_BUCKET,True,411.25,20220912,22
010807941C,0,PS-010807941-005,PARTIAL_SURRENDER,,99,99,FAMILY_SURRENDER_BUCKET,True,411.25,20230911,22
010807941C,0,PS-010807941-006,PARTIAL_SURRENDER,,99,99,FAMILY_SURRENDER_BUCKET,True,411.25,20240911,22
010807941C,0,PS-010807941-007,PARTIAL_SURRENDER,,99,99,FAMILY_SURRENDER_BUCKET,True,411.25,20250911,22
010807946C,0,PS-010807946-001,PARTIAL_SURRENDER,,99,99,FAMILY_SURRENDER_BUCKET,True,246.75,20180806,22
010807946C,0,PS-010807946-002,PARTIAL_SURRENDER,,99,99,FAMILY_SURRENDER_BUCKET,True,246.75,20190805,22
010807946C,0,PS-010807946-003,PARTIAL_SURRENDER,,99,99,FAMILY_SURRENDER_BUCKET,True,246.75,20200805,22
010807946C,0,PS-010807946-004,PARTIAL_SURRENDER,,99,99,FAMILY_SURRENDER_BUCKET,True,246.75,20210805,22
010807946C,0,PS-010807946-005,PARTIAL_SURRENDER,,99,99,FAMILY_SURRENDER_BUCKET,True,246.75,20220805,22
010807946C,0,PS-010807946-006,PARTIAL_SURRENDER,,99,99,FAMILY_SURRENDER_BUCKET,True,246.75,20230807,22
010807946C,0,PS-010807946-007,PARTIAL_SURRENDER,,99,99,FAMILY_SURRENDER_BUCKET,True,246.75,20240805,22
010807946C,0,PS-010807946-008,PARTIAL_SURRENDER,,99,99,FAMILY_SURRENDER_BUCKET,True,246.75,20250805,22
010807963C,0,PS-010807963-001,PARTIAL_SURRENDER,,99,99,FAMILY_SURRENDER_BUCKET,True,678.50,20180820,22
010807963C,0,PS-010807963-002,PARTIAL_SURRENDER,,99,99,FAMILY_SURRENDER_BUCKET,True,678.50,20190820,22
010807963C,0,PS-010807963-003,PARTIAL_SURRENDER,,99,99,FAMILY_SURRENDER_BUCKET,True,678.50,20200820,22
010807963C,0,PS-010807963-004,PARTIAL_SURRENDER,,99,99,FAMILY_SURRENDER_BUCKET,True,678.50,20210820,22
010807963C,0,PS-010807963-005,PARTIAL_SURRENDER,,99,99,FAMILY_SURRENDER_BUCKET,True,678.50,20220822,22
010807963C,0,PS-010807963-006,PARTIAL_SURRENDER,,99,99,FAMILY_SURRENDER_BUCKET,True,678.50,20230821,22
010807963C,0,PS-010807963-007,PARTIAL_SURRENDER,,99,99,FAMILY_SURRENDER_BUCKET,True,678.50,20240820,22
010807963C,0,PS-010807963-008,PARTIAL_SURRENDER,,99,99,FAMILY_SURRENDER_BUCKET,True,678.50,20250820,22
010808545C,0,PS-010808545-001,PARTIAL_SURRENDER,,99,99,FAMILY_SURRENDER_BUCKET,True,577.00,20180904,22
010808545C,0,PS-010808545-002,PARTIAL_SURRENDER,,99,99,FAMILY_SURRENDER_BUCKET,True,577.00,20190903,22
010808545C,0,PS-010808545-003,PARTIAL_SURRENDER,,99,99,FAMILY_SURRENDER_BUCKET,True,577.00,20200901,22
010808545C,0,PS-010808545-004,PARTIAL_SURRENDER,,99,99,FAMILY_SURRENDER_BUCKET,True,577.00,20210901,22
010808545C,0,PS-010808545-005,PARTIAL_SURRENDER,,99,99,FAMILY_SURRENDER_BUCKET,True,577.00,20220901,22
010808545C,0,PS-010808545-006,PARTIAL_SURRENDER,,99,99,FAMILY_SURRENDER_BUCKET,True,577.00,20230901,22
010808545C,0,PS-010808545-007,PARTIAL_SURRENDER,,99,99,FAMILY_SURRENDER_BUCKET,True,577.00,20240903,22
010808545C,0,PS-010808545-008,PARTIAL_SURRENDER,,99,99,FAMILY_SURRENDER_BUCKET,True,577.00,20250902,22
010808553C,0,PS-010808553-001,PARTIAL_SURRENDER,,99,99,FAMILY_SURRENDER_BUCKET,True,401.65,20180904,22
010808553C,0,PS-010808553-002,PARTIAL_SURRENDER,,99,99,FAMILY_SURRENDER_BUCKET,True,401.65,20190903,22
010808553C,0,PS-010808553-003,PARTIAL_SURRENDER,,99,99,FAMILY_SURRENDER_BUCKET,True,401.65,20200901,22
010808553C,0,PS-010808553-004,PARTIAL_SURRENDER,,99,99,FAMILY_SURRENDER_BUCKET,True,401.65,20210901,22
010808553C,0,PS-010808553-005,PARTIAL_SURRENDER,,99,99,FAMILY_SURRENDER_BUCKET,True,401.65,20220901,22
010808553C,0,PS-010808553-006,PARTIAL_SURRENDER,,99,99,FAMILY_SURRENDER_BUCKET,True,401.65,20230901,22
010808553C,0,PS-010808553-007,PARTIAL_SURRENDER,,99,99,FAMILY_SURRENDER_BUCKET,True,401.65,20240903,22
010808553C,0,PS-010808553-008,PARTIAL_SURRENDER,,99,99,FAMILY_SURRENDER_BUCKET,True,401.65,20250902,22
010808831C,0,PS-010808831-001,PARTIAL_SURRENDER,,99,99,FAMILY_SURRENDER_BUCKET,True,138.25,20180827,22
010808831C,0,PS-010808831-002,PARTIAL_SURRENDER,,99,99,FAMILY_SURRENDER_BUCKET,True,138.25,20190826,22
010808831C,0,PS-010808831-003,PARTIAL_SURRENDER,,99,99,FAMILY_SURRENDER_BUCKET,True,138.25,20200826,22
010808831C,0,PS-010808831-004,PARTIAL_SURRENDER,,99,99,FAMILY_SURRENDER_BUCKET,True,138.25,20210826,22
010808831C,0,PS-010808831-005,PARTIAL_SURRENDER,,99,99,FAMILY_SURRENDER_BUCKET,True,138.25,20220826,22
010808831C,0,PS-010808831-006,PARTIAL_SURRENDER,,99,99,FAMILY_SURRENDER_BUCKET,True,138.25,20230828,22
010808831C,0,PS-010808831-007,PARTIAL_SURRENDER,,99,99,FAMILY_SURRENDER_BUCKET,True,138.25,20240826,22
010808831C,0,PS-010808831-008,PARTIAL_SURRENDER,,99,99,FAMILY_SURRENDER_BUCKET,True,138.25,20250826,22
010808901C,0,PS-010808901-001,PARTIAL_SURRENDER,,99,99,FAMILY_SURRENDER_BUCKET,True,199.75,20180815,22
010808901C,0,PS-010808901-002,PARTIAL_SURRENDER,,99,99,FAMILY_SURRENDER_BUCKET,True,199.75,20190815,22
010808901C,0,PS-010808901-003,PARTIAL_SURRENDER,,99,99,FAMILY_SURRENDER_BUCKET,True,199.75,20200817,22
010809361C,0,PS-010809361-001,PARTIAL_SURRENDER,,99,99,FAMILY_SURRENDER_BUCKET,True,141.31,20180917,22
010809361C,0,PS-010809361-002,PARTIAL_SURRENDER,,99,99,FAMILY_SURRENDER_BUCKET,True,141.31,20190916,22
010809361C,0,PS-010809361-003,PARTIAL_SURRENDER,,99,99,FAMILY_SURRENDER_BUCKET,True,141.31,20200915,22
010809361C,0,PS-010809361-004,PARTIAL_SURRENDER,,99,99,FAMILY_SURRENDER_BUCKET,True,141.31,20210915,22
010809361C,0,PS-010809361-005,PARTIAL_SURRENDER,,99,99,FAMILY_SURRENDER_BUCKET,True,141.31,20220915,22
010809361C,0,PS-010809361-006,PARTIAL_SURRENDER,,99,99,FAMILY_SURRENDER_BUCKET,True,141.31,20230915,22
010809361C,0,PS-010809361-007,PARTIAL_SURRENDER,,99,99,FAMILY_SURRENDER_BUCKET,True,141.31,20240916,22
010809361C,0,PS-010809361-008,PARTIAL_SURRENDER,,99,99,FAMILY_SURRENDER_BUCKET,True,141.31,20250915,22
010809739C,0,PS-010809739-001,PARTIAL_SURRENDER,,99,99,FAMILY_SURRENDER_BUCKET,True,386.44,20180910,22
010809739C,0,PS-010809739-002,PARTIAL_SURRENDER,,99,99,FAMILY_SURRENDER_BUCKET,True,386.44,20190909,22
010809739C,0,PS-010809739-003,PARTIAL_SURRENDER,,99,99,FAMILY_SURRENDER_BUCKET,True,386.44,20200908,22
010809739C,0,PS-010809739-004,PARTIAL_SURRENDER,,99,99,FAMILY_SURRENDER_BUCKET,True,386.44,20210908,22
010809739C,0,PS-010809739-005,PARTIAL_SURRENDER,,99,99,FAMILY_SURRENDER_BUCKET,True,386.44,20220908,22
010809739C,0,PS-010809739-006,PARTIAL_SURRENDER,,99,99,FAMILY_SURRENDER_BUCKET,True,386.44,20230908,22
010809977C,0,PS-010809977-001,PARTIAL_SURRENDER,,99,99,FAMILY_SURRENDER_BUCKET,True,138.25,20181026,22
010809977C,0,PS-010809977-002,PARTIAL_SURRENDER,,99,99,FAMILY_SURRENDER_BUCKET,True,138.25,20190903,22
010809977C,0,PS-010809977-003,PARTIAL_SURRENDER,,99,99,FAMILY_SURRENDER_BUCKET,True,138.25,20200903,22
010809977C,0,PS-010809977-004,PARTIAL_SURRENDER,,99,99,FAMILY_SURRENDER_BUCKET,True,138.25,20210903,22
010809977C,0,PS-010809977-005,PARTIAL_SURRENDER,,99,99,FAMILY_SURRENDER_BUCKET,True,138.25,20220906,22
010809977C,0,PS-010809977-006,PARTIAL_SURRENDER,,99,99,FAMILY_SURRENDER_BUCKET,True,138.25,20230905,22
010809977C,0,PS-010809977-007,PARTIAL_SURRENDER,,99,99,FAMILY_SURRENDER_BUCKET,True,138.25,20240903,22
010809977C,0,PS-010809977-008,PARTIAL_SURRENDER,,99,99,FAMILY_SURRENDER_BUCKET,True,138.25,20250903,22
010810228C,0,PS-010810228-001,PARTIAL_SURRENDER,,99,99,FAMILY_SURRENDER_BUCKET,True,163.20,20180821,22
010810228C,0,PS-010810228-002,PARTIAL_SURRENDER,,99,99,FAMILY_SURRENDER_BUCKET,True,163.20,20190821,22
010810228C,0,PS-010810228-003,PARTIAL_SURRENDER,,99,99,FAMILY_SURRENDER_BUCKET,True,163.20,20200821,22
010810228C,0,PS-010810228-004,PARTIAL_SURRENDER,,99,99,FAMILY_SURRENDER_BUCKET,True,163.20,20210823,22
010810228C,0,PS-010810228-005,PARTIAL_SURRENDER,,99,99,FAMILY_SURRENDER_BUCKET,True,163.20,20220822,22
010810228C,0,PS-010810228-006,PARTIAL_SURRENDER,,99,99,FAMILY_SURRENDER_BUCKET,True,163.20,20230821,22
010810228C,0,PS-010810228-007,PARTIAL_SURRENDER,,99,99,FAMILY_SURRENDER_BUCKET,True,163.20,20240821,22
010810691C,0,PS-010810691-001,PARTIAL_SURRENDER,,99,99,FAMILY_SURRENDER_BUCKET,True,179.35,20191011,22
010810691C,0,PS-010810691-002,PARTIAL_SURRENDER,,99,99,FAMILY_SURRENDER_BUCKET,True,179.35,20201020,22
010810691C,0,PS-010810691-003,PARTIAL_SURRENDER,,99,99,FAMILY_SURRENDER_BUCKET,True,179.35,20211020,22
010810691C,0,PS-010810691-004,PARTIAL_SURRENDER,,99,99,FAMILY_SURRENDER_BUCKET,True,179.35,20221020,22
010810691C,0,PS-010810691-005,PARTIAL_SURRENDER,,99,99,FAMILY_SURRENDER_BUCKET,True,179.35,20231020,22
010810691C,0,PS-010810691-006,PARTIAL_SURRENDER,,99,99,FAMILY_SURRENDER_BUCKET,True,179.35,20241021,22
010811306C,0,PS-010811306-001,PARTIAL_SURRENDER,,99,99,FAMILY_SURRENDER_BUCKET,True,358.48,20180924,22
010811306C,0,PS-010811306-002,PARTIAL_SURRENDER,,99,99,FAMILY_SURRENDER_BUCKET,True,358.48,20190923,22
010811306C,0,PS-010811306-003,PARTIAL_SURRENDER,,99,99,FAMILY_SURRENDER_BUCKET,True,358.48,20200922,22
010811382C,0,PS-010811382-001,PARTIAL_SURRENDER,,99,99,FAMILY_SURRENDER_BUCKET,True,269.65,20180924,22
010811382C,0,PS-010811382-002,PARTIAL_SURRENDER,,99,99,FAMILY_SURRENDER_BUCKET,True,269.65,20190923,22
010811382C,0,PS-010811382-003,PARTIAL_SURRENDER,,99,99,FAMILY_SURRENDER_BUCKET,True,269.65,20200922,22
010811382C,0,PS-010811382-004,PARTIAL_SURRENDER,,99,99,FAMILY_SURRENDER_BUCKET,True,269.65,20210922,22
010811382C,0,PS-010811382-005,PARTIAL_SURRENDER,,99,99,FAMILY_SURRENDER_BUCKET,True,269.65,20220922,22
010811382C,0,PS-010811382-006,PARTIAL_SURRENDER,,99,99,FAMILY_SURRENDER_BUCKET,True,269.65,20230922,22
010811382C,0,PS-010811382-007,PARTIAL_SURRENDER,,99,99,FAMILY_SURRENDER_BUCKET,True,269.65,20240923,22
010811382C,0,PS-010811382-008,PARTIAL_SURRENDER,,99,99,FAMILY_SURRENDER_BUCKET,True,269.65,20250922,22
010811385C,0,PS-010811385-001,PARTIAL_SURRENDER,,99,99,FAMILY_SURRENDER_BUCKET,True,321.50,20180924,22
010811385C,0,PS-010811385-002,PARTIAL_SURRENDER,,99,99,FAMILY_SURRENDER_BUCKET,True,321.50,20190923,22
010811385C,0,PS-010811385-003,PARTIAL_SURRENDER,,99,99,FAMILY_SURRENDER_BUCKET,True,321.50,20200922,22
010811385C,0,PS-010811385-004,PARTIAL_SURRENDER,,99,99,FAMILY_SURRENDER_BUCKET,True,321.50,20210922,22
010811385C,0,PS-010811385-005,PARTIAL_SURRENDER,,99,99,FAMILY_SURRENDER_BUCKET,True,321.50,20220922,22
010811385C,0,PS-010811385-006,PARTIAL_SURRENDER,,99,99,FAMILY_SURRENDER_BUCKET,True,321.50,20230922,22
010811385C,0,PS-010811385-007,PARTIAL_SURRENDER,,99,99,FAMILY_SURRENDER_BUCKET,True,321.50,20240923,22
010811385C,0,PS-010811385-008,PARTIAL_SURRENDER,,99,99,FAMILY_SURRENDER_BUCKET,True,321.50,20250922,22
010811386C,0,PS-010811386-001,PARTIAL_SURRENDER,,99,99,FAMILY_SURRENDER_BUCKET,True,265.40,20180924,22
010811386C,0,PS-010811386-002,PARTIAL_SURRENDER,,99,99,FAMILY_SURRENDER_BUCKET,True,265.40,20190923,22
010811386C,0,PS-010811386-003,PARTIAL_SURRENDER,,99,99,FAMILY_SURRENDER_BUCKET,True,265.40,20200922,22
010811386C,0,PS-010811386-004,PARTIAL_SURRENDER,,99,99,FAMILY_SURRENDER_BUCKET,True,265.40,20210922,22
010811386C,0,PS-010811386-005,PARTIAL_SURRENDER,,99,99,FAMILY_SURRENDER_BUCKET,True,265.40,20220922,22
010811386C,0,PS-010811386-006,PARTIAL_SURRENDER,,99,99,FAMILY_SURRENDER_BUCKET,True,265.40,20230922,22
010811386C,0,PS-010811386-007,PARTIAL_SURRENDER,,99,99,FAMILY_SURRENDER_BUCKET,True,265.40,20240923,22
010811386C,0,PS-010811386-008,PARTIAL_SURRENDER,,99,99,FAMILY_SURRENDER_BUCKET,True,265.40,20250922,22
010811998C,0,PS-010811998-001,PARTIAL_SURRENDER,,99,99,FAMILY_SURRENDER_BUCKET,True,548.00,20180917,22
010811998C,0,PS-010811998-002,PARTIAL_SURRENDER,,99,99,FAMILY_SURRENDER_BUCKET,True,548.00,20190916,22
010811998C,0,PS-010811998-003,PARTIAL_SURRENDER,,99,99,FAMILY_SURRENDER_BUCKET,True,548.00,20200915,22
010811998C,0,PS-010811998-004,PARTIAL_SURRENDER,,99,99,FAMILY_SURRENDER_BUCKET,True,548.00,20210915,22
010811998C,0,PS-010811998-005,PARTIAL_SURRENDER,,99,99,FAMILY_SURRENDER_BUCKET,True,548.00,20220915,22
010812079C,0,PS-010812079-001,PARTIAL_SURRENDER,,99,99,FAMILY_SURRENDER_BUCKET,True,188.10,20180911,22
010812079C,0,PS-010812079-002,PARTIAL_SURRENDER,,99,99,FAMILY_SURRENDER_BUCKET,True,188.10,20190911,22
010812225C,0,PS-010812225-001,PARTIAL_SURRENDER,,99,99,FAMILY_SURRENDER_BUCKET,True,488.50,20181112,22
010812225C,0,PS-010812225-002,PARTIAL_SURRENDER,,99,99,FAMILY_SURRENDER_BUCKET,True,488.50,20191112,22
010812225C,0,PS-010812225-003,PARTIAL_SURRENDER,,99,99,FAMILY_SURRENDER_BUCKET,True,488.50,20201112,22
010812225C,0,PS-010812225-004,PARTIAL_SURRENDER,,99,99,FAMILY_SURRENDER_BUCKET,True,488.50,20211112,22
010812225C,0,PS-010812225-005,PARTIAL_SURRENDER,,99,99,FAMILY_SURRENDER_BUCKET,True,488.50,20221114,22
010812225C,0,PS-010812225-006,PARTIAL_SURRENDER,,99,99,FAMILY_SURRENDER_BUCKET,True,488.50,20231113,22
010812225C,0,PS-010812225-007,PARTIAL_SURRENDER,,99,99,FAMILY_SURRENDER_BUCKET,True,488.50,20241112,22
010812225C,0,PS-010812225-008,PARTIAL_SURRENDER,,99,99,FAMILY_SURRENDER_BUCKET,True,488.50,20251112,22
010813196C,0,PS-010813196-001,PARTIAL_SURRENDER,,99,99,FAMILY_SURRENDER_BUCKET,True,254.75,20180917,22
010813196C,0,PS-010813196-002,PARTIAL_SURRENDER,,99,99,FAMILY_SURRENDER_BUCKET,True,254.75,20190916,22
010813286C,0,PS-010813286-001,PARTIAL_SURRENDER,,99,99,FAMILY_SURRENDER_BUCKET,True,326.32,20181001,22
010813286C,0,PS-010813286-002,PARTIAL_SURRENDER,,99,99,FAMILY_SURRENDER_BUCKET,True,326.32,20191001,22
010813286C,0,PS-010813286-003,PARTIAL_SURRENDER,,99,99,FAMILY_SURRENDER_BUCKET,True,326.32,20201001,22
010813286C,0,PS-010813286-004,PARTIAL_SURRENDER,,99,99,FAMILY_SURRENDER_BUCKET,True,326.32,20211001,22
010813286C,0,PS-010813286-005,PARTIAL_SURRENDER,,99,99,FAMILY_SURRENDER_BUCKET,True,326.32,20221003,22
010813286C,0,PS-010813286-006,PARTIAL_SURRENDER,,99,99,FAMILY_SURRENDER_BUCKET,True,326.32,20231002,22
010813286C,0,PS-010813286-007,PARTIAL_SURRENDER,,99,99,FAMILY_SURRENDER_BUCKET,True,326.32,20241001,22
010813387C,0,PS-010813387-001,PARTIAL_SURRENDER,,99,99,FAMILY_SURRENDER_BUCKET,True,689.80,20181002,22
010813387C,0,PS-010813387-002,PARTIAL_SURRENDER,,99,99,FAMILY_SURRENDER_BUCKET,True,689.80,20191002,22
010813387C,0,PS-010813387-003,PARTIAL_SURRENDER,,99,99,FAMILY_SURRENDER_BUCKET,True,689.80,20201002,22
010813387C,0,PS-010813387-004,PARTIAL_SURRENDER,,99,99,FAMILY_SURRENDER_BUCKET,True,689.80,20211004,22
010813387C,0,PS-010813387-005,PARTIAL_SURRENDER,,99,99,FAMILY_SURRENDER_BUCKET,True,689.80,20221003,22
010813387C,0,PS-010813387-006,PARTIAL_SURRENDER,,99,99,FAMILY_SURRENDER_BUCKET,True,689.80,20231002,22
010813387C,0,PS-010813387-007,PARTIAL_SURRENDER,,99,99,FAMILY_SURRENDER_BUCKET,True,689.80,20241002,22
010813387C,0,PS-010813387-008,PARTIAL_SURRENDER,,99,99,FAMILY_SURRENDER_BUCKET,True,689.80,20251002,22
010813388C,0,PS-010813388-001,PARTIAL_SURRENDER,,99,99,FAMILY_SURRENDER_BUCKET,True,406.90,20181002,22
010813388C,0,PS-010813388-002,PARTIAL_SURRENDER,,99,99,FAMILY_SURRENDER_BUCKET,True,406.90,20191002,22
010813388C,0,PS-010813388-003,PARTIAL_SURRENDER,,99,99,FAMILY_SURRENDER_BUCKET,True,406.90,20201002,22
010813388C,0,PS-010813388-004,PARTIAL_SURRENDER,,99,99,FAMILY_SURRENDER_BUCKET,True,406.90,20211004,22
010813388C,0,PS-010813388-005,PARTIAL_SURRENDER,,99,99,FAMILY_SURRENDER_BUCKET,True,406.90,20221003,22
010813388C,0,PS-010813388-006,PARTIAL_SURRENDER,,99,99,FAMILY_SURRENDER_BUCKET,True,406.90,20231002,22
010813388C,0,PS-010813388-007,PARTIAL_SURRENDER,,99,99,FAMILY_SURRENDER_BUCKET,True,406.90,20241002,22
010813388C,0,PS-010813388-008,PARTIAL_SURRENDER,,99,99,FAMILY_SURRENDER_BUCKET,True,406.90,20251002,22
010813391C,0,PS-010813391-001,PARTIAL_SURRENDER,,99,99,FAMILY_SURRENDER_BUCKET,True,332.52,20181101,22
010813391C,0,PS-010813391-002,PARTIAL_SURRENDER,,99,99,FAMILY_SURRENDER_BUCKET,True,332.52,20191101,22
010813391C,0,PS-010813391-003,PARTIAL_SURRENDER,,99,99,FAMILY_SURRENDER_BUCKET,True,332.52,20201102,22
010813391C,0,PS-010813391-004,PARTIAL_SURRENDER,,99,99,FAMILY_SURRENDER_BUCKET,True,332.52,20211101,22
010813392C,0,PS-010813392-001,PARTIAL_SURRENDER,,99,99,FAMILY_SURRENDER_BUCKET,True,373.75,20181001,22
010813392C,0,PS-010813392-002,PARTIAL_SURRENDER,,99,99,FAMILY_SURRENDER_BUCKET,True,373.75,20191001,22
010813392C,0,PS-010813392-003,PARTIAL_SURRENDER,,99,99,FAMILY_SURRENDER_BUCKET,True,373.75,20201001,22
010813392C,0,PS-010813392-004,PARTIAL_SURRENDER,,99,99,FAMILY_SURRENDER_BUCKET,True,373.75,20211001,22
010813392C,0,PS-010813392-005,PARTIAL_SURRENDER,,99,99,FAMILY_SURRENDER_BUCKET,True,373.75,20221003,22
010813392C,0,PS-010813392-006,PARTIAL_SURRENDER,,99,99,FAMILY_SURRENDER_BUCKET,True,373.75,20231002,22
010813392C,0,PS-010813392-007,PARTIAL_SURRENDER,,99,99,FAMILY_SURRENDER_BUCKET,True,373.75,20241001,22
010813392C,0,PS-010813392-008,PARTIAL_SURRENDER,,99,99,FAMILY_SURRENDER_BUCKET,True,373.75,20251001,22
010813427C,0,PS-010813427-001,PARTIAL_SURRENDER,,99,99,FAMILY_SURRENDER_BUCKET,True,112.75,20210525,22
010813955C,0,PS-010813955-001,PARTIAL_SURRENDER,,99,99,FAMILY_SURRENDER_BUCKET,True,505.50,20181008,22
010813955C,0,PS-010813955-002,PARTIAL_SURRENDER,,99,99,FAMILY_SURRENDER_BUCKET,True,505.50,20191007,22
010813955C,0,PS-010813955-003,PARTIAL_SURRENDER,,99,99,FAMILY_SURRENDER_BUCKET,True,505.50,20201007,22
010813955C,0,PS-010813955-004,PARTIAL_SURRENDER,,99,99,FAMILY_SURRENDER_BUCKET,True,505.50,20211007,22
010813955C,0,PS-010813955-005,PARTIAL_SURRENDER,,99,99,FAMILY_SURRENDER_BUCKET,True,505.50,20221007,22
010813955C,0,PS-010813955-006,PARTIAL_SURRENDER,,99,99,FAMILY_SURRENDER_BUCKET,True,505.50,20231009,22
010813955C,0,PS-010813955-007,PARTIAL_SURRENDER,,99,99,FAMILY_SURRENDER_BUCKET,True,505.50,20241008,22
010813955C,0,PS-010813955-008,PARTIAL_SURRENDER,,99,99,FAMILY_SURRENDER_BUCKET,True,505.50,20251007,22
010814115C,0,PS-010814115-001,PARTIAL_SURRENDER,,99,99,FAMILY_SURRENDER_BUCKET,True,230.50,20181001,22
010814115C,0,PS-010814115-002,PARTIAL_SURRENDER,,99,99,FAMILY_SURRENDER_BUCKET,True,230.50,20191001,22
010814115C,0,PS-010814115-003,PARTIAL_SURRENDER,,99,99,FAMILY_SURRENDER_BUCKET,True,230.50,20201001,22
010814115C,0,PS-010814115-004,PARTIAL_SURRENDER,,99,99,FAMILY_SURRENDER_BUCKET,True,230.50,20211001,22
010814115C,0,PS-010814115-005,PARTIAL_SURRENDER,,99,99,FAMILY_SURRENDER_BUCKET,True,230.50,20221003,22
010814115C,0,PS-010814115-006,PARTIAL_SURRENDER,,99,99,FAMILY_SURRENDER_BUCKET,True,230.50,20231002,22
010814115C,0,PS-010814115-007,PARTIAL_SURRENDER,,99,99,FAMILY_SURRENDER_BUCKET,True,230.50,20241001,22
010814115C,0,PS-010814115-008,PARTIAL_SURRENDER,,99,99,FAMILY_SURRENDER_BUCKET,True,230.50,20251001,22
010814362C,0,PS-010814362-001,PARTIAL_SURRENDER,,99,99,FAMILY_SURRENDER_BUCKET,True,254.75,20181010,22
010814362C,0,PS-010814362-002,PARTIAL_SURRENDER,,99,99,FAMILY_SURRENDER_BUCKET,True,254.75,20191010,22
010814362C,0,PS-010814362-003,PARTIAL_SURRENDER,,99,99,FAMILY_SURRENDER_BUCKET,True,254.75,20201012,22
010814362C,0,PS-010814362-004,PARTIAL_SURRENDER,,99,99,FAMILY_SURRENDER_BUCKET,True,254.75,20211011,22
010814362C,0,PS-010814362-005,PARTIAL_SURRENDER,,99,99,FAMILY_SURRENDER_BUCKET,True,254.75,20221010,22
010814362C,0,PS-010814362-006,PARTIAL_SURRENDER,,99,99,FAMILY_SURRENDER_BUCKET,True,254.75,20231010,22
010814362C,0,PS-010814362-007,PARTIAL_SURRENDER,,99,99,FAMILY_SURRENDER_BUCKET,True,254.75,20241010,22
010814362C,0,PS-010814362-008,PARTIAL_SURRENDER,,99,99,FAMILY_SURRENDER_BUCKET,True,254.75,20251010,22
010814389C,0,PS-010814389-001,PARTIAL_SURRENDER,,99,99,FAMILY_SURRENDER_BUCKET,True,263.00,20181008,22
010814389C,0,PS-010814389-002,PARTIAL_SURRENDER,,99,99,FAMILY_SURRENDER_BUCKET,True,263.00,20191007,22
010814390C,0,PS-010814390-001,PARTIAL_SURRENDER,,99,99,FAMILY_SURRENDER_BUCKET,True,263.00,20181008,22
010814390C,0,PS-010814390-002,PARTIAL_SURRENDER,,99,99,FAMILY_SURRENDER_BUCKET,True,263.00,20191007,22
010814390C,0,PS-010814390-003,PARTIAL_SURRENDER,,99,99,FAMILY_SURRENDER_BUCKET,True,263.00,20201006,22
010814390C,0,PS-010814390-004,PARTIAL_SURRENDER,,99,99,FAMILY_SURRENDER_BUCKET,True,263.00,20211006,22
010814390C,0,PS-010814390-005,PARTIAL_SURRENDER,,99,99,FAMILY_SURRENDER_BUCKET,True,263.00,20221006,22
010814390C,0,PS-010814390-006,PARTIAL_SURRENDER,,99,99,FAMILY_SURRENDER_BUCKET,True,263.00,20231006,22
010814390C,0,PS-010814390-007,PARTIAL_SURRENDER,,99,99,FAMILY_SURRENDER_BUCKET,True,263.00,20241008,22
010814390C,0,PS-010814390-008,PARTIAL_SURRENDER,,99,99,FAMILY_SURRENDER_BUCKET,True,263.00,20251006,22
010814693C,0,PS-010814693-001,PARTIAL_SURRENDER,,99,99,FAMILY_SURRENDER_BUCKET,True,424.15,20181010,22
010814693C,0,PS-010814693-002,PARTIAL_SURRENDER,,99,99,FAMILY_SURRENDER_BUCKET,True,424.15,20191010,22
010814693C,0,PS-010814693-003,PARTIAL_SURRENDER,,99,99,FAMILY_SURRENDER_BUCKET,True,424.15,20201012,22
010814693C,0,PS-010814693-004,PARTIAL_SURRENDER,,99,99,FAMILY_SURRENDER_BUCKET,True,424.15,20211011,22
010814693C,0,PS-010814693-005,PARTIAL_SURRENDER,,99,99,FAMILY_SURRENDER_BUCKET,True,424.15,20221010,22
010814693C,0,PS-010814693-006,PARTIAL_SURRENDER,,99,99,FAMILY_SURRENDER_BUCKET,True,424.15,20231010,22
010814693C,0,PS-010814693-007,PARTIAL_SURRENDER,,99,99,FAMILY_SURRENDER_BUCKET,True,424.15,20241010,22
010814693C,0,PS-010814693-008,PARTIAL_SURRENDER,,99,99,FAMILY_SURRENDER_BUCKET,True,424.15,20251010,22
010814931C,0,PS-010814931-001,PARTIAL_SURRENDER,,99,99,FAMILY_SURRENDER_BUCKET,True,112.75,20181005,22
010814931C,0,PS-010814931-002,PARTIAL_SURRENDER,,99,99,FAMILY_SURRENDER_BUCKET,True,112.75,20191007,22
010814931C,0,PS-010814931-003,PARTIAL_SURRENDER,,99,99,FAMILY_SURRENDER_BUCKET,True,112.75,20201005,22
010814931C,0,PS-010814931-004,PARTIAL_SURRENDER,,99,99,FAMILY_SURRENDER_BUCKET,True,112.75,20211005,22
010814931C,0,PS-010814931-005,PARTIAL_SURRENDER,,99,99,FAMILY_SURRENDER_BUCKET,True,112.75,20221005,22
010814931C,0,PS-010814931-006,PARTIAL_SURRENDER,,99,99,FAMILY_SURRENDER_BUCKET,True,112.75,20231005,22
010814931C,0,PS-010814931-007,PARTIAL_SURRENDER,,99,99,FAMILY_SURRENDER_BUCKET,True,112.75,20241008,22
010814931C,0,PS-010814931-008,PARTIAL_SURRENDER,,99,99,FAMILY_SURRENDER_BUCKET,True,112.75,20251006,22
010814933C,0,PS-010814933-001,PARTIAL_SURRENDER,,99,99,FAMILY_SURRENDER_BUCKET,True,411.96,20181015,22
010815236C,0,PS-010815236-001,PARTIAL_SURRENDER,,99,99,FAMILY_SURRENDER_BUCKET,True,174.51,20181002,22
010815236C,0,PS-010815236-002,PARTIAL_SURRENDER,,99,99,FAMILY_SURRENDER_BUCKET,True,174.51,20191002,22
010815236C,0,PS-010815236-003,PARTIAL_SURRENDER,,99,99,FAMILY_SURRENDER_BUCKET,True,174.51,20201002,22
010815236C,0,PS-010815236-004,PARTIAL_SURRENDER,,99,99,FAMILY_SURRENDER_BUCKET,True,174.51,20211004,22
010815236C,0,PS-010815236-005,PARTIAL_SURRENDER,,99,99,FAMILY_SURRENDER_BUCKET,True,174.51,20221201,22
010815236C,0,PS-010815236-006,PARTIAL_SURRENDER,,99,99,FAMILY_SURRENDER_BUCKET,True,176.67,20231212,22
010815236C,0,PS-010815236-007,PARTIAL_SURRENDER,,99,99,FAMILY_SURRENDER_BUCKET,True,176.67,20241002,22
010815236C,0,PS-010815236-008,PARTIAL_SURRENDER,,99,99,FAMILY_SURRENDER_BUCKET,True,176.67,20251002,22
010815523C,0,PS-010815523-001,PARTIAL_SURRENDER,,99,99,FAMILY_SURRENDER_BUCKET,True,164.50,20181001,22
010815523C,0,PS-010815523-002,PARTIAL_SURRENDER,,99,99,FAMILY_SURRENDER_BUCKET,True,164.50,20191001,22
010815523C,0,PS-010815523-003,PARTIAL_SURRENDER,,99,99,FAMILY_SURRENDER_BUCKET,True,164.50,20201001,22
010815523C,0,PS-010815523-004,PARTIAL_SURRENDER,,99,99,FAMILY_SURRENDER_BUCKET,True,164.50,20211001,22
010815523C,0,PS-010815523-005,PARTIAL_SURRENDER,,99,99,FAMILY_SURRENDER_BUCKET,True,164.50,20221003,22
010815523C,0,PS-010815523-006,PARTIAL_SURRENDER,,99,99,FAMILY_SURRENDER_BUCKET,True,164.50,20231002,22
010815523C,0,PS-010815523-007,PARTIAL_SURRENDER,,99,99,FAMILY_SURRENDER_BUCKET,True,164.50,20241001,22
010815523C,0,PS-010815523-008,PARTIAL_SURRENDER,,99,99,FAMILY_SURRENDER_BUCKET,True,164.50,20251001,22
010815524C,0,PS-010815524-001,PARTIAL_SURRENDER,,99,99,FAMILY_SURRENDER_BUCKET,True,181.00,20181001,22
010815524C,0,PS-010815524-002,PARTIAL_SURRENDER,,99,99,FAMILY_SURRENDER_BUCKET,True,181.00,20191001,22
010815524C,0,PS-010815524-003,PARTIAL_SURRENDER,,99,99,FAMILY_SURRENDER_BUCKET,True,181.00,20201001,22
010815524C,0,PS-010815524-004,PARTIAL_SURRENDER,,99,99,FAMILY_SURRENDER_BUCKET,True,181.00,20211001,22
010815524C,0,PS-010815524-005,PARTIAL_SURRENDER,,99,99,FAMILY_SURRENDER_BUCKET,True,181.00,20221003,22
010815524C,0,PS-010815524-006,PARTIAL_SURRENDER,,99,99,FAMILY_SURRENDER_BUCKET,True,181.00,20231002,22
010815524C,0,PS-010815524-007,PARTIAL_SURRENDER,,99,99,FAMILY_SURRENDER_BUCKET,True,181.00,20241001,22
010815524C,0,PS-010815524-008,PARTIAL_SURRENDER,,99,99,FAMILY_SURRENDER_BUCKET,True,181.00,20251001,22
010815642C,0,PS-010815642-001,PARTIAL_SURRENDER,,99,99,FAMILY_SURRENDER_BUCKET,True,315.18,20181017,22
010815642C,0,PS-010815642-002,PARTIAL_SURRENDER,,99,99,FAMILY_SURRENDER_BUCKET,True,315.18,20191017,22
010815642C,0,PS-010815642-003,PARTIAL_SURRENDER,,99,99,FAMILY_SURRENDER_BUCKET,True,315.18,20201019,22
010815642C,0,PS-010815642-004,PARTIAL_SURRENDER,,99,99,FAMILY_SURRENDER_BUCKET,True,315.18,20211018,22
010815642C,0,PS-010815642-005,PARTIAL_SURRENDER,,99,99,FAMILY_SURRENDER_BUCKET,True,315.18,20221017,22
010815642C,0,PS-010815642-006,PARTIAL_SURRENDER,,99,99,FAMILY_SURRENDER_BUCKET,True,315.18,20231017,22
010815642C,0,PS-010815642-007,PARTIAL_SURRENDER,,99,99,FAMILY_SURRENDER_BUCKET,True,315.18,20241017,22
010815642C,0,PS-010815642-008,PARTIAL_SURRENDER,,99,99,FAMILY_SURRENDER_BUCKET,True,315.18,20251017,22
010815680C,0,PS-010815680-001,PARTIAL_SURRENDER,,99,99,FAMILY_SURRENDER_BUCKET,True,358.00,20180109,22
010815680C,0,PS-010815680-002,PARTIAL_SURRENDER,,99,99,FAMILY_SURRENDER_BUCKET,True,358.00,20181015,22
010815680C,0,PS-010815680-003,PARTIAL_SURRENDER,,99,99,FAMILY_SURRENDER_BUCKET,True,358.00,20191015,22
010815680C,0,PS-010815680-004,PARTIAL_SURRENDER,,99,99,FAMILY_SURRENDER_BUCKET,True,358.00,20201015,22
010815680C,0,PS-010815680-005,PARTIAL_SURRENDER,,99,99,FAMILY_SURRENDER_BUCKET,True,358.00,20211015,22
010815680C,0,PS-010815680-006,PARTIAL_SURRENDER,,99,99,FAMILY_SURRENDER_BUCKET,True,358.00,20221017,22
010815680C,0,PS-010815680-007,PARTIAL_SURRENDER,,99,99,FAMILY_SURRENDER_BUCKET,True,358.00,20231016,22
010815680C,0,PS-010815680-008,PARTIAL_SURRENDER,,99,99,FAMILY_SURRENDER_BUCKET,True,358.00,20241015,22
010815680C,0,PS-010815680-009,PARTIAL_SURRENDER,,99,99,FAMILY_SURRENDER_BUCKET,True,358.00,20251015,22
010815681C,0,PS-010815681-001,PARTIAL_SURRENDER,,99,99,FAMILY_SURRENDER_BUCKET,True,298.75,20180109,22
010815681C,0,PS-010815681-002,PARTIAL_SURRENDER,,99,99,FAMILY_SURRENDER_BUCKET,True,298.75,20181101,22
010815681C,0,PS-010815681-003,PARTIAL_SURRENDER,,99,99,FAMILY_SURRENDER_BUCKET,True,298.75,20191101,22
010815681C,0,PS-010815681-004,PARTIAL_SURRENDER,,99,99,FAMILY_SURRENDER_BUCKET,True,298.75,20201102,22
010815681C,0,PS-010815681-005,PARTIAL_SURRENDER,,99,99,FAMILY_SURRENDER_BUCKET,True,298.75,20211101,22
010815681C,0,PS-010815681-006,PARTIAL_SURRENDER,,99,99,FAMILY_SURRENDER_BUCKET,True,298.75,20221101,22
010815681C,0,PS-010815681-007,PARTIAL_SURRENDER,,99,99,FAMILY_SURRENDER_BUCKET,True,298.75,20231101,22
010815681C,0,PS-010815681-008,PARTIAL_SURRENDER,,99,99,FAMILY_SURRENDER_BUCKET,True,298.75,20241101,22
010815681C,0,PS-010815681-009,PARTIAL_SURRENDER,,99,99,FAMILY_SURRENDER_BUCKET,True,298.75,20251103,22
010815946C,0,PS-010815946-001,PARTIAL_SURRENDER,,99,99,FAMILY_SURRENDER_BUCKET,True,314.50,20181022,22
010815946C,0,PS-010815946-002,PARTIAL_SURRENDER,,99,99,FAMILY_SURRENDER_BUCKET,True,314.50,20191021,22
010815946C,0,PS-010815946-003,PARTIAL_SURRENDER,,99,99,FAMILY_SURRENDER_BUCKET,True,314.50,20201020,22
010815946C,0,PS-010815946-004,PARTIAL_SURRENDER,,99,99,FAMILY_SURRENDER_BUCKET,True,314.50,20211020,22
010815946C,0,PS-010815946-005,PARTIAL_SURRENDER,,99,99,FAMILY_SURRENDER_BUCKET,True,314.50,20221020,22
010815946C,0,PS-010815946-006,PARTIAL_SURRENDER,,99,99,FAMILY_SURRENDER_BUCKET,True,314.50,20231020,22
010815946C,0,PS-010815946-007,PARTIAL_SURRENDER,,99,99,FAMILY_SURRENDER_BUCKET,True,314.50,20241021,22
010815946C,0,PS-010815946-008,PARTIAL_SURRENDER,,99,99,FAMILY_SURRENDER_BUCKET,True,314.50,20251020,22
010816070C,0,PS-010816070-001,PARTIAL_SURRENDER,,99,99,FAMILY_SURRENDER_BUCKET,True,317.10,20181107,22
010816070C,0,PS-010816070-002,PARTIAL_SURRENDER,,99,99,FAMILY_SURRENDER_BUCKET,True,317.10,20191015,22
010816070C,0,PS-010816070-003,PARTIAL_SURRENDER,,99,99,FAMILY_SURRENDER_BUCKET,True,317.10,20201015,22
010816070C,0,PS-010816070-004,PARTIAL_SURRENDER,,99,99,FAMILY_SURRENDER_BUCKET,True,317.10,20211015,22
010816070C,0,PS-010816070-005,PARTIAL_SURRENDER,,99,99,FAMILY_SURRENDER_BUCKET,True,317.10,20221017,22
010816156C,0,PS-010816156-001,PARTIAL_SURRENDER,,99,99,FAMILY_SURRENDER_BUCKET,True,206.95,20181015,22
010816156C,0,PS-010816156-002,PARTIAL_SURRENDER,,99,99,FAMILY_SURRENDER_BUCKET,True,206.95,20191014,22
010816928C,0,PS-010816928-001,PARTIAL_SURRENDER,,99,99,FAMILY_SURRENDER_BUCKET,True,287.25,20181017,22
010816928C,0,PS-010816928-002,PARTIAL_SURRENDER,,99,99,FAMILY_SURRENDER_BUCKET,True,287.25,20191017,22
010816969C,0,PS-010816969-001,PARTIAL_SURRENDER,,99,99,FAMILY_SURRENDER_BUCKET,True,181.90,20181106,22
010816969C,0,PS-010816969-002,PARTIAL_SURRENDER,,99,99,FAMILY_SURRENDER_BUCKET,True,181.90,20191106,22
010816969C,0,PS-010816969-003,PARTIAL_SURRENDER,,99,99,FAMILY_SURRENDER_BUCKET,True,181.90,20201106,22
010816969C,0,PS-010816969-004,PARTIAL_SURRENDER,,99,99,FAMILY_SURRENDER_BUCKET,True,181.90,20211108,22
010816969C,0,PS-010816969-005,PARTIAL_SURRENDER,,99,99,FAMILY_SURRENDER_BUCKET,True,181.90,20221107,22
010816969C,0,PS-010816969-006,PARTIAL_SURRENDER,,99,99,FAMILY_SURRENDER_BUCKET,True,181.90,20231106,22
010816990C,0,PS-010816990-001,PARTIAL_SURRENDER,,99,99,FAMILY_SURRENDER_BUCKET,True,148.70,20181022,22
010816990C,0,PS-010816990-002,PARTIAL_SURRENDER,,99,99,FAMILY_SURRENDER_BUCKET,True,148.70,20191021,22
010816990C,0,PS-010816990-003,PARTIAL_SURRENDER,,99,99,FAMILY_SURRENDER_BUCKET,True,148.70,20201020,22
010816990C,0,PS-010816990-004,PARTIAL_SURRENDER,,99,99,FAMILY_SURRENDER_BUCKET,True,148.70,20211020,22
010816990C,0,PS-010816990-005,PARTIAL_SURRENDER,,99,99,FAMILY_SURRENDER_BUCKET,True,148.70,20221020,22
010816990C,0,PS-010816990-006,PARTIAL_SURRENDER,,99,99,FAMILY_SURRENDER_BUCKET,True,148.70,20231020,22
010816990C,0,PS-010816990-007,PARTIAL_SURRENDER,,99,99,FAMILY_SURRENDER_BUCKET,True,148.70,20241021,22
010816990C,0,PS-010816990-008,PARTIAL_SURRENDER,,99,99,FAMILY_SURRENDER_BUCKET,True,148.70,20251020,22
010816991C,0,PS-010816991-001,PARTIAL_SURRENDER,,99,99,FAMILY_SURRENDER_BUCKET,True,239.15,20181022,22
010816991C,0,PS-010816991-002,PARTIAL_SURRENDER,,99,99,FAMILY_SURRENDER_BUCKET,True,239.15,20191021,22
010816991C,0,PS-010816991-003,PARTIAL_SURRENDER,,99,99,FAMILY_SURRENDER_BUCKET,True,239.15,20201020,22
010816991C,0,PS-010816991-004,PARTIAL_SURRENDER,,99,99,FAMILY_SURRENDER_BUCKET,True,239.15,20211020,22
010816991C,0,PS-010816991-005,PARTIAL_SURRENDER,,99,99,FAMILY_SURRENDER_BUCKET,True,239.15,20221020,22
010816991C,0,PS-010816991-006,PARTIAL_SURRENDER,,99,99,FAMILY_SURRENDER_BUCKET,True,239.15,20231020,22
010816991C,0,PS-010816991-007,PARTIAL_SURRENDER,,99,99,FAMILY_SURRENDER_BUCKET,True,239.15,20241021,22
010816991C,0,PS-010816991-008,PARTIAL_SURRENDER,,99,99,FAMILY_SURRENDER_BUCKET,True,239.15,20251020,22
010817091C,0,PS-010817091-001,PARTIAL_SURRENDER,,99,99,FAMILY_SURRENDER_BUCKET,True,239.15,20181022,22
010817091C,0,PS-010817091-002,PARTIAL_SURRENDER,,99,99,FAMILY_SURRENDER_BUCKET,True,239.15,20191022,22
010817304C,0,PS-010817304-001,PARTIAL_SURRENDER,,99,99,FAMILY_SURRENDER_BUCKET,True,296.00,20221121,22
010817304C,0,PS-010817304-002,PARTIAL_SURRENDER,,99,99,FAMILY_SURRENDER_BUCKET,True,296.00,20231023,22
010817304C,0,PS-010817304-003,PARTIAL_SURRENDER,,99,99,FAMILY_SURRENDER_BUCKET,True,296.00,20241022,22
010817304C,0,PS-010817304-004,PARTIAL_SURRENDER,,99,99,FAMILY_SURRENDER_BUCKET,True,296.00,20251022,22
010817345C,0,PS-010817345-001,PARTIAL_SURRENDER,,99,99,FAMILY_SURRENDER_BUCKET,True,388.75,20181107,22
010817366C,0,PS-010817366-001,PARTIAL_SURRENDER,,99,99,FAMILY_SURRENDER_BUCKET,True,154.75,20181023,22
010817366C,0,PS-010817366-002,PARTIAL_SURRENDER,,99,99,FAMILY_SURRENDER_BUCKET,True,154.75,20191023,22
010817366C,0,PS-010817366-003,PARTIAL_SURRENDER,,99,99,FAMILY_SURRENDER_BUCKET,True,154.75,20201023,22
010817366C,0,PS-010817366-004,PARTIAL_SURRENDER,,99,99,FAMILY_SURRENDER_BUCKET,True,154.75,20211025,22
010817366C,0,PS-010817366-005,PARTIAL_SURRENDER,,99,99,FAMILY_SURRENDER_BUCKET,True,154.75,20221024,22
010817366C,0,PS-010817366-006,PARTIAL_SURRENDER,,99,99,FAMILY_SURRENDER_BUCKET,True,154.75,20231023,22
010817366C,0,PS-010817366-007,PARTIAL_SURRENDER,,99,99,FAMILY_SURRENDER_BUCKET,True,154.75,20241023,22
010817366C,0,PS-010817366-008,PARTIAL_SURRENDER,,99,99,FAMILY_SURRENDER_BUCKET,True,154.75,20251023,22
010817367C,0,PS-010817367-001,PARTIAL_SURRENDER,,99,99,FAMILY_SURRENDER_BUCKET,True,128.50,20181023,22
010817367C,0,PS-010817367-002,PARTIAL_SURRENDER,,99,99,FAMILY_SURRENDER_BUCKET,True,128.50,20191023,22
010817367C,0,PS-010817367-003,PARTIAL_SURRENDER,,99,99,FAMILY_SURRENDER_BUCKET,True,128.50,20201023,22
010817367C,0,PS-010817367-004,PARTIAL_SURRENDER,,99,99,FAMILY_SURRENDER_BUCKET,True,128.50,20211025,22
010817367C,0,PS-010817367-005,PARTIAL_SURRENDER,,99,99,FAMILY_SURRENDER_BUCKET,True,128.50,20221024,22
010817367C,0,PS-010817367-006,PARTIAL_SURRENDER,,99,99,FAMILY_SURRENDER_BUCKET,True,128.50,20231023,22
010817367C,0,PS-010817367-007,PARTIAL_SURRENDER,,99,99,FAMILY_SURRENDER_BUCKET,True,128.50,20241023,22
010817367C,0,PS-010817367-008,PARTIAL_SURRENDER,,99,99,FAMILY_SURRENDER_BUCKET,True,128.50,20251023,22
010817500C,0,PS-010817500-001,PARTIAL_SURRENDER,,99,99,FAMILY_SURRENDER_BUCKET,True,333.70,20181022,22
010817500C,0,PS-010817500-002,PARTIAL_SURRENDER,,99,99,FAMILY_SURRENDER_BUCKET,True,333.70,20191021,22
010817808C,0,PS-010817808-001,PARTIAL_SURRENDER,,99,99,FAMILY_SURRENDER_BUCKET,True,279.25,20250116,22
010817808C,0,PS-010817808-002,PARTIAL_SURRENDER,,99,99,FAMILY_SURRENDER_BUCKET,True,279.25,20251103,22
010817956C,0,PS-010817956-001,PARTIAL_SURRENDER,,99,99,FAMILY_SURRENDER_BUCKET,True,148.70,20181105,22
010817956C,0,PS-010817956-002,PARTIAL_SURRENDER,,99,99,FAMILY_SURRENDER_BUCKET,True,148.70,20191104,22
010817956C,0,PS-010817956-003,PARTIAL_SURRENDER,,99,99,FAMILY_SURRENDER_BUCKET,True,148.70,20201104,22
010817956C,0,PS-010817956-004,PARTIAL_SURRENDER,,99,99,FAMILY_SURRENDER_BUCKET,True,148.70,20211104,22
010817956C,0,PS-010817956-005,PARTIAL_SURRENDER,,99,99,FAMILY_SURRENDER_BUCKET,True,148.70,20221104,22
010817956C,0,PS-010817956-006,PARTIAL_SURRENDER,,99,99,FAMILY_SURRENDER_BUCKET,True,148.70,20231106,22
010817956C,0,PS-010817956-007,PARTIAL_SURRENDER,,99,99,FAMILY_SURRENDER_BUCKET,True,148.70,20241104,22
010818531C,0,PS-010818531-001,PARTIAL_SURRENDER,,99,99,FAMILY_SURRENDER_BUCKET,True,433.50,20181120,22
010818531C,0,PS-010818531-002,PARTIAL_SURRENDER,,99,99,FAMILY_SURRENDER_BUCKET,True,433.50,20191120,22
010818531C,0,PS-010818531-003,PARTIAL_SURRENDER,,99,99,FAMILY_SURRENDER_BUCKET,True,433.50,20201120,22
010818531C,0,PS-010818531-004,PARTIAL_SURRENDER,,99,99,FAMILY_SURRENDER_BUCKET,True,433.50,20211122,22
010818531C,0,PS-010818531-005,PARTIAL_SURRENDER,,99,99,FAMILY_SURRENDER_BUCKET,True,433.50,20221121,22
010818531C,0,PS-010818531-006,PARTIAL_SURRENDER,,99,99,FAMILY_SURRENDER_BUCKET,True,433.50,20231120,22
010818531C,0,PS-010818531-007,PARTIAL_SURRENDER,,99,99,FAMILY_SURRENDER_BUCKET,True,433.50,20241120,22
010818531C,0,PS-010818531-008,PARTIAL_SURRENDER,,99,99,FAMILY_SURRENDER_BUCKET,True,433.50,20251120,22
010818580C,0,PS-010818580-001,PARTIAL_SURRENDER,,99,99,FAMILY_SURRENDER_BUCKET,True,549.50,20181112,22
010818580C,0,PS-010818580-002,PARTIAL_SURRENDER,,99,99,FAMILY_SURRENDER_BUCKET,True,549.50,20191111,22
010818580C,0,PS-010818580-003,PARTIAL_SURRENDER,,99,99,FAMILY_SURRENDER_BUCKET,True,549.50,20201110,22
010818580C,0,PS-010818580-004,PARTIAL_SURRENDER,,99,99,FAMILY_SURRENDER_BUCKET,True,549.50,20211110,22
010819280C,0,PS-010819280-001,PARTIAL_SURRENDER,,99,99,FAMILY_SURRENDER_BUCKET,True,373.75,20181119,22
010819280C,0,PS-010819280-002,PARTIAL_SURRENDER,,99,99,FAMILY_SURRENDER_BUCKET,True,373.75,20191119,22
010819280C,0,PS-010819280-003,PARTIAL_SURRENDER,,99,99,FAMILY_SURRENDER_BUCKET,True,373.75,20201119,22
010819280C,0,PS-010819280-004,PARTIAL_SURRENDER,,99,99,FAMILY_SURRENDER_BUCKET,True,373.75,20211119,22
010819280C,0,PS-010819280-005,PARTIAL_SURRENDER,,99,99,FAMILY_SURRENDER_BUCKET,True,373.75,20221121,22
010819280C,0,PS-010819280-006,PARTIAL_SURRENDER,,99,99,FAMILY_SURRENDER_BUCKET,True,373.75,20231120,22
010819280C,0,PS-010819280-007,PARTIAL_SURRENDER,,99,99,FAMILY_SURRENDER_BUCKET,True,373.75,20241119,22
010819280C,0,PS-010819280-008,PARTIAL_SURRENDER,,99,99,FAMILY_SURRENDER_BUCKET,True,373.75,20251119,22
010820635C,0,PS-010820635-001,PARTIAL_SURRENDER,,99,99,FAMILY_SURRENDER_BUCKET,True,577.00,20181119,22
010820635C,0,PS-010820635-002,PARTIAL_SURRENDER,,99,99,FAMILY_SURRENDER_BUCKET,True,577.00,20191118,22
010820635C,0,PS-010820635-003,PARTIAL_SURRENDER,,99,99,FAMILY_SURRENDER_BUCKET,True,577.00,20201117,22
010820635C,0,PS-010820635-004,PARTIAL_SURRENDER,,99,99,FAMILY_SURRENDER_BUCKET,True,577.00,20211117,22
010820635C,0,PS-010820635-005,PARTIAL_SURRENDER,,99,99,FAMILY_SURRENDER_BUCKET,True,577.00,20221117,22
010820635C,0,PS-010820635-006,PARTIAL_SURRENDER,,99,99,FAMILY_SURRENDER_BUCKET,True,577.00,20231117,22
010820635C,0,PS-010820635-007,PARTIAL_SURRENDER,,99,99,FAMILY_SURRENDER_BUCKET,True,577.00,20241118,22
010821385C,0,PS-010821385-001,PARTIAL_SURRENDER,,99,99,FAMILY_SURRENDER_BUCKET,True,318.58,20181203,22
010821385C,0,PS-010821385-002,PARTIAL_SURRENDER,,99,99,FAMILY_SURRENDER_BUCKET,True,318.58,20191202,22
010821385C,0,PS-010821385-003,PARTIAL_SURRENDER,,99,99,FAMILY_SURRENDER_BUCKET,True,318.58,20201202,22
010821435C,0,PS-010821435-001,PARTIAL_SURRENDER,,99,99,FAMILY_SURRENDER_BUCKET,True,351.20,20181203,22
010821435C,0,PS-010821435-002,PARTIAL_SURRENDER,,99,99,FAMILY_SURRENDER_BUCKET,True,351.20,20191202,22
010822046C,0,PS-010822046-001,PARTIAL_SURRENDER,,99,99,FAMILY_SURRENDER_BUCKET,True,175.30,20181211,22
010822046C,0,PS-010822046-002,PARTIAL_SURRENDER,,99,99,FAMILY_SURRENDER_BUCKET,True,175.30,20191211,22
010822097C,0,PS-010822097-001,PARTIAL_SURRENDER,,99,99,FAMILY_SURRENDER_BUCKET,True,797.50,20181203,22
010822097C,0,PS-010822097-002,PARTIAL_SURRENDER,,99,99,FAMILY_SURRENDER_BUCKET,True,797.50,20191203,22
010822097C,0,PS-010822097-003,PARTIAL_SURRENDER,,99,99,FAMILY_SURRENDER_BUCKET,True,797.50,20201203,22
010822097C,0,PS-010822097-004,PARTIAL_SURRENDER,,99,99,FAMILY_SURRENDER_BUCKET,True,797.50,20211203,22
010822097C,0,PS-010822097-005,PARTIAL_SURRENDER,,99,99,FAMILY_SURRENDER_BUCKET,True,797.50,20221205,22
010822097C,0,PS-010822097-006,PARTIAL_SURRENDER,,99,99,FAMILY_SURRENDER_BUCKET,True,797.50,20231204,22
010822097C,0,PS-010822097-007,PARTIAL_SURRENDER,,99,99,FAMILY_SURRENDER_BUCKET,True,797.50,20241203,22
010822097C,0,PS-010822097-008,PARTIAL_SURRENDER,,99,99,FAMILY_SURRENDER_BUCKET,True,797.50,20251203,22
010822098C,0,PS-010822098-001,PARTIAL_SURRENDER,,99,99,FAMILY_SURRENDER_BUCKET,True,254.75,20181203,22
010822098C,0,PS-010822098-002,PARTIAL_SURRENDER,,99,99,FAMILY_SURRENDER_BUCKET,True,254.75,20191203,22
010822098C,0,PS-010822098-003,PARTIAL_SURRENDER,,99,99,FAMILY_SURRENDER_BUCKET,True,254.75,20201203,22
010822098C,0,PS-010822098-004,PARTIAL_SURRENDER,,99,99,FAMILY_SURRENDER_BUCKET,True,254.75,20211203,22
010822098C,0,PS-010822098-005,PARTIAL_SURRENDER,,99,99,FAMILY_SURRENDER_BUCKET,True,254.75,20221205,22
010822098C,0,PS-010822098-006,PARTIAL_SURRENDER,,99,99,FAMILY_SURRENDER_BUCKET,True,254.75,20231204,22
010822098C,0,PS-010822098-007,PARTIAL_SURRENDER,,99,99,FAMILY_SURRENDER_BUCKET,True,254.75,20241203,22
010822098C,0,PS-010822098-008,PARTIAL_SURRENDER,,99,99,FAMILY_SURRENDER_BUCKET,True,254.75,20251203,22
010822330C,0,PS-010822330-001,PARTIAL_SURRENDER,,99,99,FAMILY_SURRENDER_BUCKET,True,303.60,20181217,22
010822330C,0,PS-010822330-002,PARTIAL_SURRENDER,,99,99,FAMILY_SURRENDER_BUCKET,True,303.60,20191217,22
010822330C,0,PS-010822330-003,PARTIAL_SURRENDER,,99,99,FAMILY_SURRENDER_BUCKET,True,303.60,20201217,22
010822330C,0,PS-010822330-004,PARTIAL_SURRENDER,,99,99,FAMILY_SURRENDER_BUCKET,True,303.60,20211217,22
010822330C,0,PS-010822330-005,PARTIAL_SURRENDER,,99,99,FAMILY_SURRENDER_BUCKET,True,303.60,20221219,22
010822330C,0,PS-010822330-006,PARTIAL_SURRENDER,,99,99,FAMILY_SURRENDER_BUCKET,True,303.60,20231218,22
010822330C,0,PS-010822330-007,PARTIAL_SURRENDER,,99,99,FAMILY_SURRENDER_BUCKET,True,303.60,20241217,22
010822330C,0,PS-010822330-008,PARTIAL_SURRENDER,,99,99,FAMILY_SURRENDER_BUCKET,True,303.60,20251217,22
010822851C,0,PS-010822851-001,PARTIAL_SURRENDER,,99,99,FAMILY_SURRENDER_BUCKET,True,296.00,20180112,22
010822851C,0,PS-010822851-002,PARTIAL_SURRENDER,,99,99,FAMILY_SURRENDER_BUCKET,True,296.00,20190114,22
010822851C,0,PS-010822851-003,PARTIAL_SURRENDER,,99,99,FAMILY_SURRENDER_BUCKET,True,296.00,20200113,22
010822851C,0,PS-010822851-004,PARTIAL_SURRENDER,,99,99,FAMILY_SURRENDER_BUCKET,True,296.00,20210112,22
010822851C,0,PS-010822851-005,PARTIAL_SURRENDER,,99,99,FAMILY_SURRENDER_BUCKET,True,296.00,20220112,22
010822851C,0,PS-010822851-006,PARTIAL_SURRENDER,,99,99,FAMILY_SURRENDER_BUCKET,True,296.00,20230112,22
010822851C,0,PS-010822851-007,PARTIAL_SURRENDER,,99,99,FAMILY_SURRENDER_BUCKET,True,296.00,20240112,22
010822851C,0,PS-010822851-008,PARTIAL_SURRENDER,,99,99,FAMILY_SURRENDER_BUCKET,True,296.00,20250113,22
010823095C,0,PS-010823095-001,PARTIAL_SURRENDER,,99,99,FAMILY_SURRENDER_BUCKET,True,301.40,20181217,22
010823335C,0,PS-010823335-001,PARTIAL_SURRENDER,,99,99,FAMILY_SURRENDER_BUCKET,True,254.75,20181210,22
010823335C,0,PS-010823335-002,PARTIAL_SURRENDER,,99,99,FAMILY_SURRENDER_BUCKET,True,254.75,20191209,22
010823335C,0,PS-010823335-003,PARTIAL_SURRENDER,,99,99,FAMILY_SURRENDER_BUCKET,True,254.75,20201209,22
010823335C,0,PS-010823335-004,PARTIAL_SURRENDER,,99,99,FAMILY_SURRENDER_BUCKET,True,254.75,20211209,22
010823335C,0,PS-010823335-005,PARTIAL_SURRENDER,,99,99,FAMILY_SURRENDER_BUCKET,True,254.75,20221209,22
010823335C,0,PS-010823335-006,PARTIAL_SURRENDER,,99,99,FAMILY_SURRENDER_BUCKET,True,254.75,20231211,22
010823335C,0,PS-010823335-007,PARTIAL_SURRENDER,,99,99,FAMILY_SURRENDER_BUCKET,True,254.75,20241209,22
010823335C,0,PS-010823335-008,PARTIAL_SURRENDER,,99,99,FAMILY_SURRENDER_BUCKET,True,254.75,20251209,22
010824297C,0,PS-010824297-001,PARTIAL_SURRENDER,,99,99,FAMILY_SURRENDER_BUCKET,True,358.00,20181227,22
010824297C,0,PS-010824297-002,PARTIAL_SURRENDER,,99,99,FAMILY_SURRENDER_BUCKET,True,358.00,20191227,22
010824297C,0,PS-010824297-003,PARTIAL_SURRENDER,,99,99,FAMILY_SURRENDER_BUCKET,True,358.00,20201228,22
010824297C,0,PS-010824297-004,PARTIAL_SURRENDER,,99,99,FAMILY_SURRENDER_BUCKET,True,358.00,20211227,22
010824297C,0,PS-010824297-005,PARTIAL_SURRENDER,,99,99,FAMILY_SURRENDER_BUCKET,True,358.00,20221227,22
010824297C,0,PS-010824297-006,PARTIAL_SURRENDER,,99,99,FAMILY_SURRENDER_BUCKET,True,358.00,20231227,22
010824297C,0,PS-010824297-007,PARTIAL_SURRENDER,,99,99,FAMILY_SURRENDER_BUCKET,True,358.00,20241227,22
010824297C,0,PS-010824297-008,PARTIAL_SURRENDER,,99,99,FAMILY_SURRENDER_BUCKET,True,358.00,20251229,22
010824299C,0,PS-010824299-001,PARTIAL_SURRENDER,,99,99,FAMILY_SURRENDER_BUCKET,True,169.75,20180102,22
010824299C,0,PS-010824299-002,PARTIAL_SURRENDER,,99,99,FAMILY_SURRENDER_BUCKET,True,169.75,20190102,22
010824299C,0,PS-010824299-003,PARTIAL_SURRENDER,,99,99,FAMILY_SURRENDER_BUCKET,True,169.75,20200102,22
010824299C,0,PS-010824299-004,PARTIAL_SURRENDER,,99,99,FAMILY_SURRENDER_BUCKET,True,169.75,20210104,22
010824299C,0,PS-010824299-005,PARTIAL_SURRENDER,,99,99,FAMILY_SURRENDER_BUCKET,True,169.75,20220103,22
010824299C,0,PS-010824299-006,PARTIAL_SURRENDER,,99,99,FAMILY_SURRENDER_BUCKET,True,169.75,20230103,22
010824709C,0,PS-010824709-001,PARTIAL_SURRENDER,,99,99,FAMILY_SURRENDER_BUCKET,True,246.75,20180102,22
010824709C,0,PS-010824709-002,PARTIAL_SURRENDER,,99,99,FAMILY_SURRENDER_BUCKET,True,246.75,20190102,22
010824709C,0,PS-010824709-003,PARTIAL_SURRENDER,,99,99,FAMILY_SURRENDER_BUCKET,True,246.75,20200102,22
010824709C,0,PS-010824709-004,PARTIAL_SURRENDER,,99,99,FAMILY_SURRENDER_BUCKET,True,246.75,20210104,22
010824709C,0,PS-010824709-005,PARTIAL_SURRENDER,,99,99,FAMILY_SURRENDER_BUCKET,True,246.75,20220103,22
010824709C,0,PS-010824709-006,PARTIAL_SURRENDER,,99,99,FAMILY_SURRENDER_BUCKET,True,246.75,20230103,22
010824709C,0,PS-010824709-007,PARTIAL_SURRENDER,,99,99,FAMILY_SURRENDER_BUCKET,True,246.75,20240102,22
010824709C,0,PS-010824709-008,PARTIAL_SURRENDER,,99,99,FAMILY_SURRENDER_BUCKET,True,246.75,20250102,22
010824709C,0,PS-010824709-009,PARTIAL_SURRENDER,,99,99,FAMILY_SURRENDER_BUCKET,True,246.75,20260102,22
010825353C,0,PS-010825353-001,PARTIAL_SURRENDER,,99,99,FAMILY_SURRENDER_BUCKET,True,632.25,20200310,22
010825353C,0,PS-010825353-002,PARTIAL_SURRENDER,,99,99,FAMILY_SURRENDER_BUCKET,True,632.25,20210108,22
010825353C,0,PS-010825353-003,PARTIAL_SURRENDER,,99,99,FAMILY_SURRENDER_BUCKET,True,632.25,20220110,22
010825353C,0,PS-010825353-004,PARTIAL_SURRENDER,,99,99,FAMILY_SURRENDER_BUCKET,True,632.25,20230109,22
010825353C,0,PS-010825353-005,PARTIAL_SURRENDER,,99,99,FAMILY_SURRENDER_BUCKET,True,632.25,20240108,22
010825353C,0,PS-010825353-006,PARTIAL_SURRENDER,,99,99,FAMILY_SURRENDER_BUCKET,True,632.25,20250108,22
010825434C,0,PS-010825434-001,PARTIAL_SURRENDER,,99,99,FAMILY_SURRENDER_BUCKET,True,217.20,20180201,22
010825434C,0,PS-010825434-002,PARTIAL_SURRENDER,,99,99,FAMILY_SURRENDER_BUCKET,True,217.20,20190201,22
010825434C,0,PS-010825434-003,PARTIAL_SURRENDER,,99,99,FAMILY_SURRENDER_BUCKET,True,217.20,20200203,22
010825434C,0,PS-010825434-004,PARTIAL_SURRENDER,,99,99,FAMILY_SURRENDER_BUCKET,True,217.20,20210201,22
010825434C,0,PS-010825434-005,PARTIAL_SURRENDER,,99,99,FAMILY_SURRENDER_BUCKET,True,217.20,20220201,22
010825434C,0,PS-010825434-006,PARTIAL_SURRENDER,,99,99,FAMILY_SURRENDER_BUCKET,True,217.20,20230201,22
010825438C,0,PS-010825438-001,PARTIAL_SURRENDER,,99,99,FAMILY_SURRENDER_BUCKET,True,241.09,20180123,22
010825438C,0,PS-010825438-002,PARTIAL_SURRENDER,,99,99,FAMILY_SURRENDER_BUCKET,True,241.09,20190123,22
010825438C,0,PS-010825438-003,PARTIAL_SURRENDER,,99,99,FAMILY_SURRENDER_BUCKET,True,241.09,20200123,22
010825438C,0,PS-010825438-004,PARTIAL_SURRENDER,,99,99,FAMILY_SURRENDER_BUCKET,True,241.09,20210125,22
010825438C,0,PS-010825438-005,PARTIAL_SURRENDER,,99,99,FAMILY_SURRENDER_BUCKET,True,482.18,20230227,22
010825719C,0,PS-010825719-001,PARTIAL_SURRENDER,,99,99,FAMILY_SURRENDER_BUCKET,True,119.00,20180108,22
010825719C,0,PS-010825719-002,PARTIAL_SURRENDER,,99,99,FAMILY_SURRENDER_BUCKET,True,119.00,20190108,22
010825719C,0,PS-010825719-003,PARTIAL_SURRENDER,,99,99,FAMILY_SURRENDER_BUCKET,True,119.00,20200108,22
010825719C,0,PS-010825719-004,PARTIAL_SURRENDER,,99,99,FAMILY_SURRENDER_BUCKET,True,119.00,20210108,22
010825719C,0,PS-010825719-005,PARTIAL_SURRENDER,,99,99,FAMILY_SURRENDER_BUCKET,True,119.00,20220110,22
010825719C,0,PS-010825719-006,PARTIAL_SURRENDER,,99,99,FAMILY_SURRENDER_BUCKET,True,119.00,20230109,22
010825719C,0,PS-010825719-007,PARTIAL_SURRENDER,,99,99,FAMILY_SURRENDER_BUCKET,True,119.00,20240108,22
010825719C,0,PS-010825719-008,PARTIAL_SURRENDER,,99,99,FAMILY_SURRENDER_BUCKET,True,119.00,20250108,22
010825759C,0,PS-010825759-001,PARTIAL_SURRENDER,,99,99,FAMILY_SURRENDER_BUCKET,True,113.50,20180115,22
010825759C,0,PS-010825759-002,PARTIAL_SURRENDER,,99,99,FAMILY_SURRENDER_BUCKET,True,113.50,20190114,22
010825759C,0,PS-010825759-003,PARTIAL_SURRENDER,,99,99,FAMILY_SURRENDER_BUCKET,True,113.50,20200113,22
010825759C,0,PS-010825759-004,PARTIAL_SURRENDER,,99,99,FAMILY_SURRENDER_BUCKET,True,113.50,20210113,22
010825759C,0,PS-010825759-005,PARTIAL_SURRENDER,,99,99,FAMILY_SURRENDER_BUCKET,True,113.50,20220113,22
010825759C,0,PS-010825759-006,PARTIAL_SURRENDER,,99,99,FAMILY_SURRENDER_BUCKET,True,113.50,20230113,22
010825759C,0,PS-010825759-007,PARTIAL_SURRENDER,,99,99,FAMILY_SURRENDER_BUCKET,True,113.50,20240115,22
010825759C,0,PS-010825759-008,PARTIAL_SURRENDER,,99,99,FAMILY_SURRENDER_BUCKET,True,113.50,20250113,22
010826524C,0,PS-010826524-001,PARTIAL_SURRENDER,,99,99,FAMILY_SURRENDER_BUCKET,True,419.50,20211021,22
010826524C,0,PS-010826524-002,PARTIAL_SURRENDER,,99,99,FAMILY_SURRENDER_BUCKET,True,419.50,20220121,22
010826524C,0,PS-010826524-003,PARTIAL_SURRENDER,,99,99,FAMILY_SURRENDER_BUCKET,True,419.50,20230123,22
010826524C,0,PS-010826524-004,PARTIAL_SURRENDER,,99,99,FAMILY_SURRENDER_BUCKET,True,419.50,20240122,22
010826524C,0,PS-010826524-005,PARTIAL_SURRENDER,,99,99,FAMILY_SURRENDER_BUCKET,True,419.50,20250121,22
010826532C,0,PS-010826532-001,PARTIAL_SURRENDER,,99,99,FAMILY_SURRENDER_BUCKET,True,318.25,20180201,22
010826532C,0,PS-010826532-002,PARTIAL_SURRENDER,,99,99,FAMILY_SURRENDER_BUCKET,True,318.25,20190201,22
010826551C,0,PS-010826551-001,PARTIAL_SURRENDER,,99,99,FAMILY_SURRENDER_BUCKET,True,217.20,20180205,22
010826551C,0,PS-010826551-002,PARTIAL_SURRENDER,,99,99,FAMILY_SURRENDER_BUCKET,True,217.20,20190205,22
010826551C,0,PS-010826551-003,PARTIAL_SURRENDER,,99,99,FAMILY_SURRENDER_BUCKET,True,217.20,20200205,22
010826551C,0,PS-010826551-004,PARTIAL_SURRENDER,,99,99,FAMILY_SURRENDER_BUCKET,True,217.20,20210205,22
010826551C,0,PS-010826551-005,PARTIAL_SURRENDER,,99,99,FAMILY_SURRENDER_BUCKET,True,217.20,20220207,22
010826551C,0,PS-010826551-006,PARTIAL_SURRENDER,,99,99,FAMILY_SURRENDER_BUCKET,True,217.20,20230206,22
010826551C,0,PS-010826551-007,PARTIAL_SURRENDER,,99,99,FAMILY_SURRENDER_BUCKET,True,217.20,20240205,22
010826810C,0,PS-010826810-001,PARTIAL_SURRENDER,,99,99,FAMILY_SURRENDER_BUCKET,True,522.00,20180205,22
010826810C,0,PS-010826810-002,PARTIAL_SURRENDER,,99,99,FAMILY_SURRENDER_BUCKET,True,522.00,20190205,22
010826810C,0,PS-010826810-003,PARTIAL_SURRENDER,,99,99,FAMILY_SURRENDER_BUCKET,True,522.00,20200205,22
010826810C,0,PS-010826810-004,PARTIAL_SURRENDER,,99,99,FAMILY_SURRENDER_BUCKET,True,522.00,20210205,22
010827590C,0,PS-010827590-001,PARTIAL_SURRENDER,,99,99,FAMILY_SURRENDER_BUCKET,True,300.76,20180223,22
010827590C,0,PS-010827590-002,PARTIAL_SURRENDER,,99,99,FAMILY_SURRENDER_BUCKET,True,300.76,20190225,22
010828369C,0,PS-010828369-001,PARTIAL_SURRENDER,,99,99,FAMILY_SURRENDER_BUCKET,True,279.25,20180205,22
010828369C,0,PS-010828369-002,PARTIAL_SURRENDER,,99,99,FAMILY_SURRENDER_BUCKET,True,279.25,20190313,22
010828369C,0,PS-010828369-003,PARTIAL_SURRENDER,,99,99,FAMILY_SURRENDER_BUCKET,True,279.25,20240205,22
010828369C,0,PS-010828369-004,PARTIAL_SURRENDER,,99,99,FAMILY_SURRENDER_BUCKET,True,279.25,20250203,22
010828463C,0,PS-010828463-001,PARTIAL_SURRENDER,,99,99,FAMILY_SURRENDER_BUCKET,True,217.20,20180129,22
010828463C,0,PS-010828463-002,PARTIAL_SURRENDER,,99,99,FAMILY_SURRENDER_BUCKET,True,217.20,20190128,22
010828463C,0,PS-010828463-003,PARTIAL_SURRENDER,,99,99,FAMILY_SURRENDER_BUCKET,True,217.20,20200128,22
010829942C,0,PS-010829942-001,PARTIAL_SURRENDER,,99,99,FAMILY_SURRENDER_BUCKET,True,217.20,20180212,22
010830094C,0,PS-010830094-001,PARTIAL_SURRENDER,,99,99,FAMILY_SURRENDER_BUCKET,True,147.85,20180219,22
010830094C,0,PS-010830094-002,PARTIAL_SURRENDER,,99,99,FAMILY_SURRENDER_BUCKET,True,147.85,20190219,22
010830094C,0,PS-010830094-003,PARTIAL_SURRENDER,,99,99,FAMILY_SURRENDER_BUCKET,True,147.85,20200219,22
010830094C,0,PS-010830094-004,PARTIAL_SURRENDER,,99,99,FAMILY_SURRENDER_BUCKET,True,147.85,20210219,22
010830094C,0,PS-010830094-005,PARTIAL_SURRENDER,,99,99,FAMILY_SURRENDER_BUCKET,True,147.85,20220221,22
010830094C,0,PS-010830094-006,PARTIAL_SURRENDER,,99,99,FAMILY_SURRENDER_BUCKET,True,147.85,20230220,22
010830094C,0,PS-010830094-007,PARTIAL_SURRENDER,,99,99,FAMILY_SURRENDER_BUCKET,True,147.85,20240219,22
010830094C,0,PS-010830094-008,PARTIAL_SURRENDER,,99,99,FAMILY_SURRENDER_BUCKET,True,147.85,20250219,22
010830310C,0,PS-010830310-001,PARTIAL_SURRENDER,,99,99,FAMILY_SURRENDER_BUCKET,True,121.00,20180219,22
010830310C,0,PS-010830310-002,PARTIAL_SURRENDER,,99,99,FAMILY_SURRENDER_BUCKET,True,121.00,20190218,22
010832205C,0,PS-010832205-001,PARTIAL_SURRENDER,,99,99,FAMILY_SURRENDER_BUCKET,True,112.75,20180312,22
010832205C,0,PS-010832205-002,PARTIAL_SURRENDER,,99,99,FAMILY_SURRENDER_BUCKET,True,112.75,20190311,22
010832205C,0,PS-010832205-003,PARTIAL_SURRENDER,,99,99,FAMILY_SURRENDER_BUCKET,True,112.75,20200310,22
010832205C,0,PS-010832205-004,PARTIAL_SURRENDER,,99,99,FAMILY_SURRENDER_BUCKET,True,112.75,20210310,22
010832205C,0,PS-010832205-005,PARTIAL_SURRENDER,,99,99,FAMILY_SURRENDER_BUCKET,True,112.75,20220310,22
010832681C,0,PS-010832681-001,PARTIAL_SURRENDER,,99,99,FAMILY_SURRENDER_BUCKET,True,263.20,20180313,22
010832681C,0,PS-010832681-002,PARTIAL_SURRENDER,,99,99,FAMILY_SURRENDER_BUCKET,True,263.20,20190313,22
010832681C,0,PS-010832681-003,PARTIAL_SURRENDER,,99,99,FAMILY_SURRENDER_BUCKET,True,263.20,20200313,22
010832681C,0,PS-010832681-004,PARTIAL_SURRENDER,,99,99,FAMILY_SURRENDER_BUCKET,True,263.20,20210315,22
010833639C,0,PS-010833639-001,PARTIAL_SURRENDER,,99,99,FAMILY_SURRENDER_BUCKET,True,301.40,20180319,22
010833740C,0,PS-010833740-001,PARTIAL_SURRENDER,,99,99,FAMILY_SURRENDER_BUCKET,True,250.90,20180402,22
010833740C,0,PS-010833740-002,PARTIAL_SURRENDER,,99,99,FAMILY_SURRENDER_BUCKET,True,250.90,20190401,22
010833740C,0,PS-010833740-003,PARTIAL_SURRENDER,,99,99,FAMILY_SURRENDER_BUCKET,True,250.90,20200401,22
010833991C,0,PS-010833991-001,PARTIAL_SURRENDER,,99,99,FAMILY_SURRENDER_BUCKET,True,271.00,20180115,22
010833991C,0,PS-010833991-002,PARTIAL_SURRENDER,,99,99,FAMILY_SURRENDER_BUCKET,True,271.00,20190114,22
010833991C,0,PS-010833991-003,PARTIAL_SURRENDER,,99,99,FAMILY_SURRENDER_BUCKET,True,271.00,20200113,22
010833991C,0,PS-010833991-004,PARTIAL_SURRENDER,,99,99,FAMILY_SURRENDER_BUCKET,True,271.00,20210113,22
010833991C,0,PS-010833991-005,PARTIAL_SURRENDER,,99,99,FAMILY_SURRENDER_BUCKET,True,271.00,20220113,22
010833991C,0,PS-010833991-006,PARTIAL_SURRENDER,,99,99,FAMILY_SURRENDER_BUCKET,True,271.00,20230113,22
010833991C,0,PS-010833991-007,PARTIAL_SURRENDER,,99,99,FAMILY_SURRENDER_BUCKET,True,271.00,20240115,22
010833991C,0,PS-010833991-008,PARTIAL_SURRENDER,,99,99,FAMILY_SURRENDER_BUCKET,True,271.00,20250113,22
010834096C,0,PS-010834096-001,PARTIAL_SURRENDER,,99,99,FAMILY_SURRENDER_BUCKET,True,171.05,20180326,22
010834096C,0,PS-010834096-002,PARTIAL_SURRENDER,,99,99,FAMILY_SURRENDER_BUCKET,True,171.05,20190326,22
010834574C,0,PS-010834574-001,PARTIAL_SURRENDER,,99,99,FAMILY_SURRENDER_BUCKET,True,246.75,20200518,22
010834574C,0,PS-010834574-002,PARTIAL_SURRENDER,,99,99,FAMILY_SURRENDER_BUCKET,True,246.75,20210401,22
010834574C,0,PS-010834574-003,PARTIAL_SURRENDER,,99,99,FAMILY_SURRENDER_BUCKET,True,246.75,20220401,22
010834574C,0,PS-010834574-004,PARTIAL_SURRENDER,,99,99,FAMILY_SURRENDER_BUCKET,True,246.75,20230403,22
010834574C,0,PS-010834574-005,PARTIAL_SURRENDER,,99,99,FAMILY_SURRENDER_BUCKET,True,246.75,20240401,22
010834574C,0,PS-010834574-006,PARTIAL_SURRENDER,,99,99,FAMILY_SURRENDER_BUCKET,True,246.75,20250401,22
010834575C,0,PS-010834575-001,PARTIAL_SURRENDER,,99,99,FAMILY_SURRENDER_BUCKET,True,325.50,20200518,22
010834575C,0,PS-010834575-002,PARTIAL_SURRENDER,,99,99,FAMILY_SURRENDER_BUCKET,True,325.50,20210401,22
010834575C,0,PS-010834575-003,PARTIAL_SURRENDER,,99,99,FAMILY_SURRENDER_BUCKET,True,325.50,20220401,22
010834575C,0,PS-010834575-004,PARTIAL_SURRENDER,,99,99,FAMILY_SURRENDER_BUCKET,True,325.50,20230403,22
010834575C,0,PS-010834575-005,PARTIAL_SURRENDER,,99,99,FAMILY_SURRENDER_BUCKET,True,325.50,20240401,22
010834575C,0,PS-010834575-006,PARTIAL_SURRENDER,,99,99,FAMILY_SURRENDER_BUCKET,True,325.50,20250401,22
010836252C,0,PS-010836252-001,PARTIAL_SURRENDER,,99,99,FAMILY_SURRENDER_BUCKET,True,217.00,20180416,22
010836252C,0,PS-010836252-002,PARTIAL_SURRENDER,,99,99,FAMILY_SURRENDER_BUCKET,True,217.00,20190415,22
010836252C,0,PS-010836252-003,PARTIAL_SURRENDER,,99,99,FAMILY_SURRENDER_BUCKET,True,217.00,20200414,22
010836252C,0,PS-010836252-004,PARTIAL_SURRENDER,,99,99,FAMILY_SURRENDER_BUCKET,True,217.00,20210414,22
010836252C,0,PS-010836252-005,PARTIAL_SURRENDER,,99,99,FAMILY_SURRENDER_BUCKET,True,217.00,20220414,22
010836252C,0,PS-010836252-006,PARTIAL_SURRENDER,,99,99,FAMILY_SURRENDER_BUCKET,True,217.00,20230414,22
010836252C,0,PS-010836252-007,PARTIAL_SURRENDER,,99,99,FAMILY_SURRENDER_BUCKET,True,217.00,20240415,22
010836252C,0,PS-010836252-008,PARTIAL_SURRENDER,,99,99,FAMILY_SURRENDER_BUCKET,True,217.00,20250414,22
010838710C,0,PS-010838710-001,PARTIAL_SURRENDER,,99,99,FAMILY_SURRENDER_BUCKET,True,121.00,20180507,22
010838710C,0,PS-010838710-002,PARTIAL_SURRENDER,,99,99,FAMILY_SURRENDER_BUCKET,True,121.00,20190506,22
010838710C,0,PS-010838710-003,PARTIAL_SURRENDER,,99,99,FAMILY_SURRENDER_BUCKET,True,121.00,20200505,22
010838710C,0,PS-010838710-004,PARTIAL_SURRENDER,,99,99,FAMILY_SURRENDER_BUCKET,True,121.00,20210505,22
010838710C,0,PS-010838710-005,PARTIAL_SURRENDER,,99,99,FAMILY_SURRENDER_BUCKET,True,121.00,20220505,22
010838710C,0,PS-010838710-006,PARTIAL_SURRENDER,,99,99,FAMILY_SURRENDER_BUCKET,True,121.00,20230505,22
010838710C,0,PS-010838710-007,PARTIAL_SURRENDER,,99,99,FAMILY_SURRENDER_BUCKET,True,121.00,20240506,22
010838710C,0,PS-010838710-008,PARTIAL_SURRENDER,,99,99,FAMILY_SURRENDER_BUCKET,True,121.00,20250505,22
010839122C,0,PS-010839122-001,PARTIAL_SURRENDER,,99,99,FAMILY_SURRENDER_BUCKET,True,128.50,20180511,22
010839122C,0,PS-010839122-002,PARTIAL_SURRENDER,,99,99,FAMILY_SURRENDER_BUCKET,True,128.50,20190513,22
010839122C,0,PS-010839122-003,PARTIAL_SURRENDER,,99,99,FAMILY_SURRENDER_BUCKET,True,128.50,20200511,22
010839122C,0,PS-010839122-004,PARTIAL_SURRENDER,,99,99,FAMILY_SURRENDER_BUCKET,True,128.50,20210511,22
010839122C,0,PS-010839122-005,PARTIAL_SURRENDER,,99,99,FAMILY_SURRENDER_BUCKET,True,128.50,20220511,22
010839122C,0,PS-010839122-006,PARTIAL_SURRENDER,,99,99,FAMILY_SURRENDER_BUCKET,True,128.50,20230511,22
010839122C,0,PS-010839122-007,PARTIAL_SURRENDER,,99,99,FAMILY_SURRENDER_BUCKET,True,128.50,20240513,22
010839122C,0,PS-010839122-008,PARTIAL_SURRENDER,,99,99,FAMILY_SURRENDER_BUCKET,True,128.50,20250512,22
010839714C,0,PS-010839714-001,PARTIAL_SURRENDER,,99,99,FAMILY_SURRENDER_BUCKET,True,241.09,20180514,22
010840404C,0,PS-010840404-001,PARTIAL_SURRENDER,,99,99,FAMILY_SURRENDER_BUCKET,True,1025.50,20180605,22
010840404C,0,PS-010840404-002,PARTIAL_SURRENDER,,99,99,FAMILY_SURRENDER_BUCKET,True,1025.50,20190605,22
010840404C,0,PS-010840404-003,PARTIAL_SURRENDER,,99,99,FAMILY_SURRENDER_BUCKET,True,1025.50,20200605,22
010840404C,0,PS-010840404-004,PARTIAL_SURRENDER,,99,99,FAMILY_SURRENDER_BUCKET,True,1025.50,20210607,22
010840404C,0,PS-010840404-005,PARTIAL_SURRENDER,,99,99,FAMILY_SURRENDER_BUCKET,True,1025.50,20220606,22
010840404C,0,PS-010840404-006,PARTIAL_SURRENDER,,99,99,FAMILY_SURRENDER_BUCKET,True,1025.50,20230605,22
010840404C,0,PS-010840404-007,PARTIAL_SURRENDER,,99,99,FAMILY_SURRENDER_BUCKET,True,1025.50,20240605,22
010840404C,0,PS-010840404-008,PARTIAL_SURRENDER,,99,99,FAMILY_SURRENDER_BUCKET,True,1025.50,20250605,22
010840776C,0,PS-010840776-001,PARTIAL_SURRENDER,,99,99,FAMILY_SURRENDER_BUCKET,True,369.70,20180529,22
010840848C,0,PS-010840848-001,PARTIAL_SURRENDER,,99,99,FAMILY_SURRENDER_BUCKET,True,292.87,20180529,22
010840848C,0,PS-010840848-002,PARTIAL_SURRENDER,,99,99,FAMILY_SURRENDER_BUCKET,True,292.87,20190528,22
010841424C,0,PS-010841424-001,PARTIAL_SURRENDER,,99,99,FAMILY_SURRENDER_BUCKET,True,263.20,20180604,22
010841424C,0,PS-010841424-002,PARTIAL_SURRENDER,,99,99,FAMILY_SURRENDER_BUCKET,True,263.20,20190603,22
010842016C,0,PS-010842016-001,PARTIAL_SURRENDER,,99,99,FAMILY_SURRENDER_BUCKET,True,437.20,20230911,22
010842016C,0,PS-010842016-002,PARTIAL_SURRENDER,,99,99,FAMILY_SURRENDER_BUCKET,True,437.20,20240701,22
010842016C,0,PS-010842016-003,PARTIAL_SURRENDER,,99,99,FAMILY_SURRENDER_BUCKET,True,437.20,20250701,22
010842017C,0,PS-010842017-001,PARTIAL_SURRENDER,,99,99,FAMILY_SURRENDER_BUCKET,True,423.40,20230605,22
010842017C,0,PS-010842017-002,PARTIAL_SURRENDER,,99,99,FAMILY_SURRENDER_BUCKET,True,423.40,20240701,22
010842017C,0,PS-010842017-003,PARTIAL_SURRENDER,,99,99,FAMILY_SURRENDER_BUCKET,True,423.40,20250701,22
010842315C,0,PS-010842315-001,PARTIAL_SURRENDER,,99,99,FAMILY_SURRENDER_BUCKET,True,309.06,20180615,22
010842315C,0,PS-010842315-002,PARTIAL_SURRENDER,,99,99,FAMILY_SURRENDER_BUCKET,True,309.06,20190617,22
010842315C,0,PS-010842315-003,PARTIAL_SURRENDER,,99,99,FAMILY_SURRENDER_BUCKET,True,309.06,20200615,22
010842315C,0,PS-010842315-004,PARTIAL_SURRENDER,,99,99,FAMILY_SURRENDER_BUCKET,True,309.06,20210615,22
010842315C,0,PS-010842315-005,PARTIAL_SURRENDER,,99,99,FAMILY_SURRENDER_BUCKET,True,309.06,20220615,22
010842315C,0,PS-010842315-006,PARTIAL_SURRENDER,,99,99,FAMILY_SURRENDER_BUCKET,True,309.06,20230615,22
010842315C,0,PS-010842315-007,PARTIAL_SURRENDER,,99,99,FAMILY_SURRENDER_BUCKET,True,309.06,20240617,22
010842315C,0,PS-010842315-008,PARTIAL_SURRENDER,,99,99,FAMILY_SURRENDER_BUCKET,True,309.06,20250616,22
010842857C,0,PS-010842857-001,PARTIAL_SURRENDER,,99,99,FAMILY_SURRENDER_BUCKET,True,200.50,20210817,22
010842857C,0,PS-010842857-002,PARTIAL_SURRENDER,,99,99,FAMILY_SURRENDER_BUCKET,True,200.50,20220616,22
010842857C,0,PS-010842857-003,PARTIAL_SURRENDER,,99,99,FAMILY_SURRENDER_BUCKET,True,200.50,20230616,22
010842857C,0,PS-010842857-004,PARTIAL_SURRENDER,,99,99,FAMILY_SURRENDER_BUCKET,True,200.50,20240617,22
010842857C,0,PS-010842857-005,PARTIAL_SURRENDER,,99,99,FAMILY_SURRENDER_BUCKET,True,200.50,20250616,22
010843137C,0,PS-010843137-001,PARTIAL_SURRENDER,,99,99,FAMILY_SURRENDER_BUCKET,True,206.95,20180521,22
010843137C,0,PS-010843137-002,PARTIAL_SURRENDER,,99,99,FAMILY_SURRENDER_BUCKET,True,206.95,20190521,22
010843137C,0,PS-010843137-003,PARTIAL_SURRENDER,,99,99,FAMILY_SURRENDER_BUCKET,True,206.95,20200521,22
010843137C,0,PS-010843137-004,PARTIAL_SURRENDER,,99,99,FAMILY_SURRENDER_BUCKET,True,206.95,20210521,22
010843137C,0,PS-010843137-005,PARTIAL_SURRENDER,,99,99,FAMILY_SURRENDER_BUCKET,True,206.95,20220523,22
010843137C,0,PS-010843137-006,PARTIAL_SURRENDER,,99,99,FAMILY_SURRENDER_BUCKET,True,206.95,20230522,22
010843241C,0,PS-010843241-001,PARTIAL_SURRENDER,,99,99,FAMILY_SURRENDER_BUCKET,True,1075.50,20180621,22
010843241C,0,PS-010843241-002,PARTIAL_SURRENDER,,99,99,FAMILY_SURRENDER_BUCKET,True,1075.50,20190621,22
010843241C,0,PS-010843241-003,PARTIAL_SURRENDER,,99,99,FAMILY_SURRENDER_BUCKET,True,1075.50,20200622,22
010843241C,0,PS-010843241-004,PARTIAL_SURRENDER,,99,99,FAMILY_SURRENDER_BUCKET,True,1075.50,20210621,22
010843241C,0,PS-010843241-005,PARTIAL_SURRENDER,,99,99,FAMILY_SURRENDER_BUCKET,True,1075.50,20220621,22
010843241C,0,PS-010843241-006,PARTIAL_SURRENDER,,99,99,FAMILY_SURRENDER_BUCKET,True,1075.50,20230621,22
010843241C,0,PS-010843241-007,PARTIAL_SURRENDER,,99,99,FAMILY_SURRENDER_BUCKET,True,1075.50,20240621,22
010843241C,0,PS-010843241-008,PARTIAL_SURRENDER,,99,99,FAMILY_SURRENDER_BUCKET,True,1075.50,20250623,22
010844324C,0,PS-010844324-001,PARTIAL_SURRENDER,,99,99,FAMILY_SURRENDER_BUCKET,True,585.50,20180702,22
010844324C,0,PS-010844324-002,PARTIAL_SURRENDER,,99,99,FAMILY_SURRENDER_BUCKET,True,585.50,20190701,22
010844324C,0,PS-010844324-003,PARTIAL_SURRENDER,,99,99,FAMILY_SURRENDER_BUCKET,True,585.50,20200701,22
010844324C,0,PS-010844324-004,PARTIAL_SURRENDER,,99,99,FAMILY_SURRENDER_BUCKET,True,585.50,20210701,22
010844324C,0,PS-010844324-005,PARTIAL_SURRENDER,,99,99,FAMILY_SURRENDER_BUCKET,True,585.50,20220701,22
010844324C,0,PS-010844324-006,PARTIAL_SURRENDER,,99,99,FAMILY_SURRENDER_BUCKET,True,585.50,20230703,22
010844324C,0,PS-010844324-007,PARTIAL_SURRENDER,,99,99,FAMILY_SURRENDER_BUCKET,True,585.50,20240701,22
010844324C,0,PS-010844324-008,PARTIAL_SURRENDER,,99,99,FAMILY_SURRENDER_BUCKET,True,585.50,20250701,22
010844402C,0,PS-010844402-001,PARTIAL_SURRENDER,,99,99,FAMILY_SURRENDER_BUCKET,True,169.75,20180702,22
010844402C,0,PS-010844402-002,PARTIAL_SURRENDER,,99,99,FAMILY_SURRENDER_BUCKET,True,169.75,20190702,22
010844402C,0,PS-010844402-003,PARTIAL_SURRENDER,,99,99,FAMILY_SURRENDER_BUCKET,True,169.75,20200702,22
010844402C,0,PS-010844402-004,PARTIAL_SURRENDER,,99,99,FAMILY_SURRENDER_BUCKET,True,169.75,20210702,22
010844402C,0,PS-010844402-005,PARTIAL_SURRENDER,,99,99,FAMILY_SURRENDER_BUCKET,True,169.75,20220705,22
010844402C,0,PS-010844402-006,PARTIAL_SURRENDER,,99,99,FAMILY_SURRENDER_BUCKET,True,169.75,20230703,22
010844402C,0,PS-010844402-007,PARTIAL_SURRENDER,,99,99,FAMILY_SURRENDER_BUCKET,True,169.75,20240702,22
010844402C,0,PS-010844402-008,PARTIAL_SURRENDER,,99,99,FAMILY_SURRENDER_BUCKET,True,169.75,20250702,22
010844403C,0,PS-010844403-001,PARTIAL_SURRENDER,,99,99,FAMILY_SURRENDER_BUCKET,True,154.75,20180702,22
010844403C,0,PS-010844403-002,PARTIAL_SURRENDER,,99,99,FAMILY_SURRENDER_BUCKET,True,154.75,20190702,22
010844403C,0,PS-010844403-003,PARTIAL_SURRENDER,,99,99,FAMILY_SURRENDER_BUCKET,True,154.75,20200702,22
010844403C,0,PS-010844403-004,PARTIAL_SURRENDER,,99,99,FAMILY_SURRENDER_BUCKET,True,154.75,20210702,22
010844403C,0,PS-010844403-005,PARTIAL_SURRENDER,,99,99,FAMILY_SURRENDER_BUCKET,True,154.75,20220705,22
010844403C,0,PS-010844403-006,PARTIAL_SURRENDER,,99,99,FAMILY_SURRENDER_BUCKET,True,154.75,20230703,22
010844403C,0,PS-010844403-007,PARTIAL_SURRENDER,,99,99,FAMILY_SURRENDER_BUCKET,True,154.75,20240702,22
010844403C,0,PS-010844403-008,PARTIAL_SURRENDER,,99,99,FAMILY_SURRENDER_BUCKET,True,154.75,20250702,22
010845094C,0,PS-010845094-001,PARTIAL_SURRENDER,,99,99,FAMILY_SURRENDER_BUCKET,True,276.10,20180709,22
010845099C,0,PS-010845099-001,PARTIAL_SURRENDER,,99,99,FAMILY_SURRENDER_BUCKET,True,112.75,20180706,22
010845099C,0,PS-010845099-002,PARTIAL_SURRENDER,,99,99,FAMILY_SURRENDER_BUCKET,True,112.75,20190708,22
010845099C,0,PS-010845099-003,PARTIAL_SURRENDER,,99,99,FAMILY_SURRENDER_BUCKET,True,112.75,20200706,22
010845099C,0,PS-010845099-004,PARTIAL_SURRENDER,,99,99,FAMILY_SURRENDER_BUCKET,True,112.75,20210706,22
010845099C,0,PS-010845099-005,PARTIAL_SURRENDER,,99,99,FAMILY_SURRENDER_BUCKET,True,112.75,20220706,22
010845099C,0,PS-010845099-006,PARTIAL_SURRENDER,,99,99,FAMILY_SURRENDER_BUCKET,True,112.75,20230706,22
010845099C,0,PS-010845099-007,PARTIAL_SURRENDER,,99,99,FAMILY_SURRENDER_BUCKET,True,112.75,20240708,22
010845099C,0,PS-010845099-008,PARTIAL_SURRENDER,,99,99,FAMILY_SURRENDER_BUCKET,True,112.75,20250707,22
010845307C,0,PS-010845307-001,PARTIAL_SURRENDER,,99,99,FAMILY_SURRENDER_BUCKET,True,371.50,20180716,22
010845307C,0,PS-010845307-002,PARTIAL_SURRENDER,,99,99,FAMILY_SURRENDER_BUCKET,True,371.50,20190716,22
010845307C,0,PS-010845307-003,PARTIAL_SURRENDER,,99,99,FAMILY_SURRENDER_BUCKET,True,371.50,20200716,22
010845307C,0,PS-010845307-004,PARTIAL_SURRENDER,,99,99,FAMILY_SURRENDER_BUCKET,True,371.50,20210716,22
010845307C,0,PS-010845307-005,PARTIAL_SURRENDER,,99,99,FAMILY_SURRENDER_BUCKET,True,371.50,20220718,22
010845307C,0,PS-010845307-006,PARTIAL_SURRENDER,,99,99,FAMILY_SURRENDER_BUCKET,True,371.50,20230717,22
010845307C,0,PS-010845307-007,PARTIAL_SURRENDER,,99,99,FAMILY_SURRENDER_BUCKET,True,371.50,20240716,22
010845307C,0,PS-010845307-008,PARTIAL_SURRENDER,,99,99,FAMILY_SURRENDER_BUCKET,True,371.50,20250716,22
010845709C,0,PS-010845709-001,PARTIAL_SURRENDER,,99,99,FAMILY_SURRENDER_BUCKET,True,468.50,20190114,22
010845709C,0,PS-010845709-002,PARTIAL_SURRENDER,,99,99,FAMILY_SURRENDER_BUCKET,True,468.50,20190820,22
010845709C,0,PS-010845709-003,PARTIAL_SURRENDER,,99,99,FAMILY_SURRENDER_BUCKET,True,468.50,20200820,22
010845709C,0,PS-010845709-004,PARTIAL_SURRENDER,,99,99,FAMILY_SURRENDER_BUCKET,True,468.50,20210820,22
010845709C,0,PS-010845709-005,PARTIAL_SURRENDER,,99,99,FAMILY_SURRENDER_BUCKET,True,468.50,20220822,22
010845709C,0,PS-010845709-006,PARTIAL_SURRENDER,,99,99,FAMILY_SURRENDER_BUCKET,True,468.50,20230821,22
010845709C,0,PS-010845709-007,PARTIAL_SURRENDER,,99,99,FAMILY_SURRENDER_BUCKET,True,468.50,20240820,22
010845709C,0,PS-010845709-008,PARTIAL_SURRENDER,,99,99,FAMILY_SURRENDER_BUCKET,True,468.50,20250820,22
010845878C,0,PS-010845878-001,PARTIAL_SURRENDER,,99,99,FAMILY_SURRENDER_BUCKET,True,390.25,20180716,22
010845878C,0,PS-010845878-002,PARTIAL_SURRENDER,,99,99,FAMILY_SURRENDER_BUCKET,True,390.25,20190716,22
010845878C,0,PS-010845878-003,PARTIAL_SURRENDER,,99,99,FAMILY_SURRENDER_BUCKET,True,390.25,20200716,22
010846781C,0,PS-010846781-001,PARTIAL_SURRENDER,,99,99,FAMILY_SURRENDER_BUCKET,True,305.25,20180724,22
010846781C,0,PS-010846781-002,PARTIAL_SURRENDER,,99,99,FAMILY_SURRENDER_BUCKET,True,305.25,20190724,22
010846781C,0,PS-010846781-003,PARTIAL_SURRENDER,,99,99,FAMILY_SURRENDER_BUCKET,True,305.25,20200724,22
010846781C,0,PS-010846781-004,PARTIAL_SURRENDER,,99,99,FAMILY_SURRENDER_BUCKET,True,305.25,20210726,22
010846781C,0,PS-010846781-005,PARTIAL_SURRENDER,,99,99,FAMILY_SURRENDER_BUCKET,True,305.25,20220725,22
010846781C,0,PS-010846781-006,PARTIAL_SURRENDER,,99,99,FAMILY_SURRENDER_BUCKET,True,305.25,20230724,22
010846781C,0,PS-010846781-007,PARTIAL_SURRENDER,,99,99,FAMILY_SURRENDER_BUCKET,True,305.25,20240724,22
010846781C,0,PS-010846781-008,PARTIAL_SURRENDER,,99,99,FAMILY_SURRENDER_BUCKET,True,305.25,20250724,22
010847479C,0,PS-010847479-001,PARTIAL_SURRENDER,,99,99,FAMILY_SURRENDER_BUCKET,True,244.25,20190917,22
010847479C,0,PS-010847479-002,PARTIAL_SURRENDER,,99,99,FAMILY_SURRENDER_BUCKET,True,244.25,20200803,22
010847479C,0,PS-010847479-003,PARTIAL_SURRENDER,,99,99,FAMILY_SURRENDER_BUCKET,True,244.25,20210802,22
010847479C,0,PS-010847479-004,PARTIAL_SURRENDER,,99,99,FAMILY_SURRENDER_BUCKET,True,244.25,20220801,22
010847479C,0,PS-010847479-005,PARTIAL_SURRENDER,,99,99,FAMILY_SURRENDER_BUCKET,True,244.25,20230801,22
010847479C,0,PS-010847479-006,PARTIAL_SURRENDER,,99,99,FAMILY_SURRENDER_BUCKET,True,244.25,20240801,22
010847479C,0,PS-010847479-007,PARTIAL_SURRENDER,,99,99,FAMILY_SURRENDER_BUCKET,True,244.25,20250801,22
010847480C,0,PS-010847480-001,PARTIAL_SURRENDER,,99,99,FAMILY_SURRENDER_BUCKET,True,115.75,20180801,22
010847480C,0,PS-010847480-002,PARTIAL_SURRENDER,,99,99,FAMILY_SURRENDER_BUCKET,True,115.75,20190801,22
010847480C,0,PS-010847480-003,PARTIAL_SURRENDER,,99,99,FAMILY_SURRENDER_BUCKET,True,115.75,20200803,22
010847480C,0,PS-010847480-004,PARTIAL_SURRENDER,,99,99,FAMILY_SURRENDER_BUCKET,True,115.75,20210802,22
010847480C,0,PS-010847480-005,PARTIAL_SURRENDER,,99,99,FAMILY_SURRENDER_BUCKET,True,115.75,20220801,22
010847480C,0,PS-010847480-006,PARTIAL_SURRENDER,,99,99,FAMILY_SURRENDER_BUCKET,True,115.75,20230801,22
010847480C,0,PS-010847480-007,PARTIAL_SURRENDER,,99,99,FAMILY_SURRENDER_BUCKET,True,115.75,20240801,22
010847480C,0,PS-010847480-008,PARTIAL_SURRENDER,,99,99,FAMILY_SURRENDER_BUCKET,True,115.75,20250801,22
010848085C,0,PS-010848085-001,PARTIAL_SURRENDER,,99,99,FAMILY_SURRENDER_BUCKET,True,351.20,20180801,22
010848085C,0,PS-010848085-002,PARTIAL_SURRENDER,,99,99,FAMILY_SURRENDER_BUCKET,True,351.20,20190801,22
010848085C,0,PS-010848085-003,PARTIAL_SURRENDER,,99,99,FAMILY_SURRENDER_BUCKET,True,351.20,20200803,22
010848085C,0,PS-010848085-004,PARTIAL_SURRENDER,,99,99,FAMILY_SURRENDER_BUCKET,True,351.20,20210802,22
010848398C,0,PS-010848398-001,PARTIAL_SURRENDER,,99,99,FAMILY_SURRENDER_BUCKET,True,146.00,20180808,22
010848398C,0,PS-010848398-002,PARTIAL_SURRENDER,,99,99,FAMILY_SURRENDER_BUCKET,True,146.00,20190808,22
010848398C,0,PS-010848398-003,PARTIAL_SURRENDER,,99,99,FAMILY_SURRENDER_BUCKET,True,146.00,20200810,22
010848398C,0,PS-010848398-004,PARTIAL_SURRENDER,,99,99,FAMILY_SURRENDER_BUCKET,True,146.00,20210809,22
010848398C,0,PS-010848398-005,PARTIAL_SURRENDER,,99,99,FAMILY_SURRENDER_BUCKET,True,146.00,20220808,22
010848398C,0,PS-010848398-006,PARTIAL_SURRENDER,,99,99,FAMILY_SURRENDER_BUCKET,True,146.00,20230808,22
010848398C,0,PS-010848398-007,PARTIAL_SURRENDER,,99,99,FAMILY_SURRENDER_BUCKET,True,146.00,20240808,22
010848398C,0,PS-010848398-008,PARTIAL_SURRENDER,,99,99,FAMILY_SURRENDER_BUCKET,True,146.00,20250808,22
010849296C,0,PS-010849296-001,PARTIAL_SURRENDER,,99,99,FAMILY_SURRENDER_BUCKET,True,679.93,20180907,22
010849296C,0,PS-010849296-002,PARTIAL_SURRENDER,,99,99,FAMILY_SURRENDER_BUCKET,True,679.93,20190909,22
010849296C,0,PS-010849296-003,PARTIAL_SURRENDER,,99,99,FAMILY_SURRENDER_BUCKET,True,679.93,20200908,22
010849296C,0,PS-010849296-004,PARTIAL_SURRENDER,,99,99,FAMILY_SURRENDER_BUCKET,True,679.93,20210907,22
010849296C,0,PS-010849296-005,PARTIAL_SURRENDER,,99,99,FAMILY_SURRENDER_BUCKET,True,679.93,20220907,22
010849296C,0,PS-010849296-006,PARTIAL_SURRENDER,,99,99,FAMILY_SURRENDER_BUCKET,True,679.93,20230907,22
010849296C,0,PS-010849296-007,PARTIAL_SURRENDER,,99,99,FAMILY_SURRENDER_BUCKET,True,679.93,20240909,22
010849296C,0,PS-010849296-008,PARTIAL_SURRENDER,,99,99,FAMILY_SURRENDER_BUCKET,True,679.93,20250908,22
010849668C,0,PS-010849668-001,PARTIAL_SURRENDER,,99,99,FAMILY_SURRENDER_BUCKET,True,163.20,20180820,22
010849668C,0,PS-010849668-002,PARTIAL_SURRENDER,,99,99,FAMILY_SURRENDER_BUCKET,True,163.20,20190819,22
010849668C,0,PS-010849668-003,PARTIAL_SURRENDER,,99,99,FAMILY_SURRENDER_BUCKET,True,163.20,20200819,22
010849668C,0,PS-010849668-004,PARTIAL_SURRENDER,,99,99,FAMILY_SURRENDER_BUCKET,True,163.20,20210819,22
010849668C,0,PS-010849668-005,PARTIAL_SURRENDER,,99,99,FAMILY_SURRENDER_BUCKET,True,163.20,20220819,22
010849668C,0,PS-010849668-006,PARTIAL_SURRENDER,,99,99,FAMILY_SURRENDER_BUCKET,True,163.20,20230821,22
010849699C,0,PS-010849699-001,PARTIAL_SURRENDER,,99,99,FAMILY_SURRENDER_BUCKET,True,476.80,20181001,22
010849699C,0,PS-010849699-002,PARTIAL_SURRENDER,,99,99,FAMILY_SURRENDER_BUCKET,True,476.80,20191001,22
010849699C,0,PS-010849699-003,PARTIAL_SURRENDER,,99,99,FAMILY_SURRENDER_BUCKET,True,476.80,20201001,22
010849699C,0,PS-010849699-004,PARTIAL_SURRENDER,,99,99,FAMILY_SURRENDER_BUCKET,True,476.80,20211001,22
010849699C,0,PS-010849699-005,PARTIAL_SURRENDER,,99,99,FAMILY_SURRENDER_BUCKET,True,476.80,20221003,22
010849882C,0,PS-010849882-001,PARTIAL_SURRENDER,,99,99,FAMILY_SURRENDER_BUCKET,True,611.50,20180904,22
010851112C,0,PS-010851112-001,PARTIAL_SURRENDER,,99,99,FAMILY_SURRENDER_BUCKET,True,121.00,20220421,22
010851112C,0,PS-010851112-002,PARTIAL_SURRENDER,,99,99,FAMILY_SURRENDER_BUCKET,True,121.00,20220421,22
010851112C,0,PS-010851112-003,PARTIAL_SURRENDER,,99,99,FAMILY_SURRENDER_BUCKET,True,121.00,20220819,22
010851112C,0,PS-010851112-004,PARTIAL_SURRENDER,,99,99,FAMILY_SURRENDER_BUCKET,True,121.00,20230821,22
010851112C,0,PS-010851112-005,PARTIAL_SURRENDER,,99,99,FAMILY_SURRENDER_BUCKET,True,121.00,20240819,22
010851112C,0,PS-010851112-006,PARTIAL_SURRENDER,,99,99,FAMILY_SURRENDER_BUCKET,True,121.00,20250819,22
010851278C,0,PS-010851278-001,PARTIAL_SURRENDER,,99,99,FAMILY_SURRENDER_BUCKET,True,305.25,20180904,22
010851278C,0,PS-010851278-002,PARTIAL_SURRENDER,,99,99,FAMILY_SURRENDER_BUCKET,True,305.25,20190903,22
010851278C,0,PS-010851278-003,PARTIAL_SURRENDER,,99,99,FAMILY_SURRENDER_BUCKET,True,305.25,20200901,22
010851278C,0,PS-010851278-004,PARTIAL_SURRENDER,,99,99,FAMILY_SURRENDER_BUCKET,True,305.25,20210901,22
010851278C,0,PS-010851278-005,PARTIAL_SURRENDER,,99,99,FAMILY_SURRENDER_BUCKET,True,305.25,20220901,22
010851278C,0,PS-010851278-006,PARTIAL_SURRENDER,,99,99,FAMILY_SURRENDER_BUCKET,True,305.25,20230901,22
010851278C,0,PS-010851278-007,PARTIAL_SURRENDER,,99,99,FAMILY_SURRENDER_BUCKET,True,305.25,20240903,22
010851278C,0,PS-010851278-008,PARTIAL_SURRENDER,,99,99,FAMILY_SURRENDER_BUCKET,True,305.25,20250902,22
010851579C,0,PS-010851579-001,PARTIAL_SURRENDER,,99,99,FAMILY_SURRENDER_BUCKET,True,296.00,20180904,22
010851579C,0,PS-010851579-002,PARTIAL_SURRENDER,,99,99,FAMILY_SURRENDER_BUCKET,True,296.00,20190903,22
010851579C,0,PS-010851579-003,PARTIAL_SURRENDER,,99,99,FAMILY_SURRENDER_BUCKET,True,296.00,20200901,22
010851579C,0,PS-010851579-004,PARTIAL_SURRENDER,,99,99,FAMILY_SURRENDER_BUCKET,True,296.00,20210901,22
010851579C,0,PS-010851579-005,PARTIAL_SURRENDER,,99,99,FAMILY_SURRENDER_BUCKET,True,296.00,20220901,22
010851579C,0,PS-010851579-006,PARTIAL_SURRENDER,,99,99,FAMILY_SURRENDER_BUCKET,True,296.00,20230901,22
010851579C,0,PS-010851579-007,PARTIAL_SURRENDER,,99,99,FAMILY_SURRENDER_BUCKET,True,296.00,20240903,22
010851579C,0,PS-010851579-008,PARTIAL_SURRENDER,,99,99,FAMILY_SURRENDER_BUCKET,True,296.00,20250902,22
010851580C,0,PS-010851580-001,PARTIAL_SURRENDER,,99,99,FAMILY_SURRENDER_BUCKET,True,244.50,20180904,22
010851580C,0,PS-010851580-002,PARTIAL_SURRENDER,,99,99,FAMILY_SURRENDER_BUCKET,True,244.50,20190903,22
010851580C,0,PS-010851580-003,PARTIAL_SURRENDER,,99,99,FAMILY_SURRENDER_BUCKET,True,244.50,20200901,22
010851580C,0,PS-010851580-004,PARTIAL_SURRENDER,,99,99,FAMILY_SURRENDER_BUCKET,True,244.50,20210901,22
010851580C,0,PS-010851580-005,PARTIAL_SURRENDER,,99,99,FAMILY_SURRENDER_BUCKET,True,244.50,20220901,22
010851580C,0,PS-010851580-006,PARTIAL_SURRENDER,,99,99,FAMILY_SURRENDER_BUCKET,True,244.50,20230901,22
010851580C,0,PS-010851580-007,PARTIAL_SURRENDER,,99,99,FAMILY_SURRENDER_BUCKET,True,244.50,20240903,22
010851580C,0,PS-010851580-008,PARTIAL_SURRENDER,,99,99,FAMILY_SURRENDER_BUCKET,True,244.50,20250902,22
010852357C,0,PS-010852357-001,PARTIAL_SURRENDER,,99,99,FAMILY_SURRENDER_BUCKET,True,163.20,20180910,22
010852357C,0,PS-010852357-002,PARTIAL_SURRENDER,,99,99,FAMILY_SURRENDER_BUCKET,True,163.20,20190909,22
010852357C,0,PS-010852357-003,PARTIAL_SURRENDER,,99,99,FAMILY_SURRENDER_BUCKET,True,163.20,20200908,22
010852357C,0,PS-010852357-004,PARTIAL_SURRENDER,,99,99,FAMILY_SURRENDER_BUCKET,True,163.20,20210908,22
010854157C,0,PS-010854157-001,PARTIAL_SURRENDER,,99,99,FAMILY_SURRENDER_BUCKET,True,227.90,20221017,22
010854157C,0,PS-010854157-002,PARTIAL_SURRENDER,,99,99,FAMILY_SURRENDER_BUCKET,True,227.90,20230925,22
010856918C,0,PS-010856918-001,PARTIAL_SURRENDER,,99,99,FAMILY_SURRENDER_BUCKET,True,163.20,20181116,22
010856918C,0,PS-010856918-002,PARTIAL_SURRENDER,,99,99,FAMILY_SURRENDER_BUCKET,True,163.20,20191118,22
010856918C,0,PS-010856918-003,PARTIAL_SURRENDER,,99,99,FAMILY_SURRENDER_BUCKET,True,163.20,20201116,22
010857115C,0,PS-010857115-001,PARTIAL_SURRENDER,,99,99,FAMILY_SURRENDER_BUCKET,True,171.05,20181015,22
010857115C,0,PS-010857115-002,PARTIAL_SURRENDER,,99,99,FAMILY_SURRENDER_BUCKET,True,171.05,20191014,22
010857115C,0,PS-010857115-003,PARTIAL_SURRENDER,,99,99,FAMILY_SURRENDER_BUCKET,True,171.05,20201013,22
010857115C,0,PS-010857115-004,PARTIAL_SURRENDER,,99,99,FAMILY_SURRENDER_BUCKET,True,171.05,20211013,22
010857115C,0,PS-010857115-005,PARTIAL_SURRENDER,,99,99,FAMILY_SURRENDER_BUCKET,True,171.05,20221013,22
010857119C,0,PS-010857119-001,PARTIAL_SURRENDER,,99,99,FAMILY_SURRENDER_BUCKET,True,371.50,20181008,22
010857119C,0,PS-010857119-002,PARTIAL_SURRENDER,,99,99,FAMILY_SURRENDER_BUCKET,True,371.50,20191008,22
010857119C,0,PS-010857119-003,PARTIAL_SURRENDER,,99,99,FAMILY_SURRENDER_BUCKET,True,371.50,20201008,22
010857881C,0,PS-010857881-001,PARTIAL_SURRENDER,,99,99,FAMILY_SURRENDER_BUCKET,True,525.25,20181022,22
010857881C,0,PS-010857881-002,PARTIAL_SURRENDER,,99,99,FAMILY_SURRENDER_BUCKET,True,525.25,20191021,22
010857881C,0,PS-010857881-003,PARTIAL_SURRENDER,,99,99,FAMILY_SURRENDER_BUCKET,True,525.25,20201021,22
010858396C,0,PS-010858396-001,PARTIAL_SURRENDER,,99,99,FAMILY_SURRENDER_BUCKET,True,230.50,20181015,22
010858396C,0,PS-010858396-002,PARTIAL_SURRENDER,,99,99,FAMILY_SURRENDER_BUCKET,True,230.50,20191014,22
010860628C,0,PS-010860628-001,PARTIAL_SURRENDER,,99,99,FAMILY_SURRENDER_BUCKET,True,329.46,20181105,22
010860628C,0,PS-010860628-002,PARTIAL_SURRENDER,,99,99,FAMILY_SURRENDER_BUCKET,True,329.46,20191104,22
010860628C,0,PS-010860628-003,PARTIAL_SURRENDER,,99,99,FAMILY_SURRENDER_BUCKET,True,329.46,20201104,22
010860628C,0,PS-010860628-004,PARTIAL_SURRENDER,,99,99,FAMILY_SURRENDER_BUCKET,True,329.46,20211104,22
010860628C,0,PS-010860628-005,PARTIAL_SURRENDER,,99,99,FAMILY_SURRENDER_BUCKET,True,329.46,20221104,22
010863334C,0,PS-010863334-001,PARTIAL_SURRENDER,,99,99,FAMILY_SURRENDER_BUCKET,True,717.25,20181228,22
010863334C,0,PS-010863334-002,PARTIAL_SURRENDER,,99,99,FAMILY_SURRENDER_BUCKET,True,717.25,20191230,22
010863334C,0,PS-010863334-003,PARTIAL_SURRENDER,,99,99,FAMILY_SURRENDER_BUCKET,True,717.25,20201228,22
010863334C,0,PS-010863334-004,PARTIAL_SURRENDER,,99,99,FAMILY_SURRENDER_BUCKET,True,717.25,20211228,22
010863334C,0,PS-010863334-005,PARTIAL_SURRENDER,,99,99,FAMILY_SURRENDER_BUCKET,True,717.25,20221228,22
010863334C,0,PS-010863334-006,PARTIAL_SURRENDER,,99,99,FAMILY_SURRENDER_BUCKET,True,717.25,20231228,22
010864474C,0,PS-010864474-001,PARTIAL_SURRENDER,,99,99,FAMILY_SURRENDER_BUCKET,True,351.20,20180115,22
010864474C,0,PS-010864474-002,PARTIAL_SURRENDER,,99,99,FAMILY_SURRENDER_BUCKET,True,351.20,20190114,22
010864474C,0,PS-010864474-003,PARTIAL_SURRENDER,,99,99,FAMILY_SURRENDER_BUCKET,True,351.20,20200114,22
010864474C,0,PS-010864474-004,PARTIAL_SURRENDER,,99,99,FAMILY_SURRENDER_BUCKET,True,351.20,20210114,22
010864474C,0,PS-010864474-005,PARTIAL_SURRENDER,,99,99,FAMILY_SURRENDER_BUCKET,True,351.20,20220114,22
010866751C,0,PS-010866751-001,PARTIAL_SURRENDER,,99,99,FAMILY_SURRENDER_BUCKET,True,272.40,20181212,22
010866751C,0,PS-010866751-002,PARTIAL_SURRENDER,,99,99,FAMILY_SURRENDER_BUCKET,True,272.40,20191212,22
010866751C,0,PS-010866751-003,PARTIAL_SURRENDER,,99,99,FAMILY_SURRENDER_BUCKET,True,272.40,20201214,22
010866751C,0,PS-010866751-004,PARTIAL_SURRENDER,,99,99,FAMILY_SURRENDER_BUCKET,True,272.40,20211213,22
010866751C,0,PS-010866751-005,PARTIAL_SURRENDER,,99,99,FAMILY_SURRENDER_BUCKET,True,272.40,20221212,22
010866751C,0,PS-010866751-006,PARTIAL_SURRENDER,,99,99,FAMILY_SURRENDER_BUCKET,True,272.40,20231212,22
010866751C,0,PS-010866751-007,PARTIAL_SURRENDER,,99,99,FAMILY_SURRENDER_BUCKET,True,272.40,20241212,22
010866751C,0,PS-010866751-008,PARTIAL_SURRENDER,,99,99,FAMILY_SURRENDER_BUCKET,True,272.40,20251212,22
010867974C,0,PS-010867974-001,PARTIAL_SURRENDER,,99,99,FAMILY_SURRENDER_BUCKET,True,217.20,20200211,22
010867974C,0,PS-010867974-002,PARTIAL_SURRENDER,,99,99,FAMILY_SURRENDER_BUCKET,True,217.20,20201210,22
010867974C,0,PS-010867974-003,PARTIAL_SURRENDER,,99,99,FAMILY_SURRENDER_BUCKET,True,217.20,20211210,22
010871146C,0,PS-010871146-001,PARTIAL_SURRENDER,,99,99,FAMILY_SURRENDER_BUCKET,True,206.95,20180115,22
010871146C,0,PS-010871146-002,PARTIAL_SURRENDER,,99,99,FAMILY_SURRENDER_BUCKET,True,206.95,20190114,22
010872331C,0,PS-010872331-001,PARTIAL_SURRENDER,,99,99,FAMILY_SURRENDER_BUCKET,True,542.00,20180122,22
010872331C,0,PS-010872331-002,PARTIAL_SURRENDER,,99,99,FAMILY_SURRENDER_BUCKET,True,542.00,20190121,22
010872331C,0,PS-010872331-003,PARTIAL_SURRENDER,,99,99,FAMILY_SURRENDER_BUCKET,True,542.00,20200120,22
010872331C,0,PS-010872331-004,PARTIAL_SURRENDER,,99,99,FAMILY_SURRENDER_BUCKET,True,542.00,20210120,22
010872331C,0,PS-010872331-005,PARTIAL_SURRENDER,,99,99,FAMILY_SURRENDER_BUCKET,True,542.00,20220120,22
010872331C,0,PS-010872331-006,PARTIAL_SURRENDER,,99,99,FAMILY_SURRENDER_BUCKET,True,542.00,20230120,22
010872331C,0,PS-010872331-007,PARTIAL_SURRENDER,,99,99,FAMILY_SURRENDER_BUCKET,True,542.00,20240122,22
010872331C,0,PS-010872331-008,PARTIAL_SURRENDER,,99,99,FAMILY_SURRENDER_BUCKET,True,542.00,20250120,22
010873140C,0,PS-010873140-001,PARTIAL_SURRENDER,,99,99,FAMILY_SURRENDER_BUCKET,True,222.25,20190125,22
010873140C,0,PS-010873140-002,PARTIAL_SURRENDER,,99,99,FAMILY_SURRENDER_BUCKET,True,222.25,20200127,22
010873140C,0,PS-010873140-003,PARTIAL_SURRENDER,,99,99,FAMILY_SURRENDER_BUCKET,True,222.25,20210125,22
010873140C,0,PS-010873140-004,PARTIAL_SURRENDER,,99,99,FAMILY_SURRENDER_BUCKET,True,222.25,20220125,22
010873140C,0,PS-010873140-005,PARTIAL_SURRENDER,,99,99,FAMILY_SURRENDER_BUCKET,True,222.25,20230125,22
010873140C,0,PS-010873140-006,PARTIAL_SURRENDER,,99,99,FAMILY_SURRENDER_BUCKET,True,222.25,20240125,22
010873140C,0,PS-010873140-007,PARTIAL_SURRENDER,,99,99,FAMILY_SURRENDER_BUCKET,True,222.25,20250127,22
010873154C,0,PS-010873154-001,PARTIAL_SURRENDER,,99,99,FAMILY_SURRENDER_BUCKET,True,317.10,20200319,22
010873154C,0,PS-010873154-002,PARTIAL_SURRENDER,,99,99,FAMILY_SURRENDER_BUCKET,True,317.10,20210125,22
010873154C,0,PS-010873154-003,PARTIAL_SURRENDER,,99,99,FAMILY_SURRENDER_BUCKET,True,317.10,20220125,22
010873154C,0,PS-010873154-004,PARTIAL_SURRENDER,,99,99,FAMILY_SURRENDER_BUCKET,True,317.10,20230125,22
010873154C,0,PS-010873154-005,PARTIAL_SURRENDER,,99,99,FAMILY_SURRENDER_BUCKET,True,317.10,20240125,22
010873154C,0,PS-010873154-006,PARTIAL_SURRENDER,,99,99,FAMILY_SURRENDER_BUCKET,True,317.10,20250127,22
010876417C,0,PS-010876417-001,PARTIAL_SURRENDER,,99,99,FAMILY_SURRENDER_BUCKET,True,476.80,20180402,22
010876417C,0,PS-010876417-002,PARTIAL_SURRENDER,,99,99,FAMILY_SURRENDER_BUCKET,True,476.80,20190401,22
010876417C,0,PS-010876417-003,PARTIAL_SURRENDER,,99,99,FAMILY_SURRENDER_BUCKET,True,476.80,20200401,22
010876417C,0,PS-010876417-004,PARTIAL_SURRENDER,,99,99,FAMILY_SURRENDER_BUCKET,True,476.80,20210401,22
010876417C,0,PS-010876417-005,PARTIAL_SURRENDER,,99,99,FAMILY_SURRENDER_BUCKET,True,476.80,20220401,22
010877890C,0,PS-010877890-001,PARTIAL_SURRENDER,,99,99,FAMILY_SURRENDER_BUCKET,True,677.40,20180409,22
010877890C,0,PS-010877890-002,PARTIAL_SURRENDER,,99,99,FAMILY_SURRENDER_BUCKET,True,677.40,20190408,22
010877890C,0,PS-010877890-003,PARTIAL_SURRENDER,,99,99,FAMILY_SURRENDER_BUCKET,True,677.40,20200408,22
010877890C,0,PS-010877890-004,PARTIAL_SURRENDER,,99,99,FAMILY_SURRENDER_BUCKET,True,677.40,20210408,22
010877890C,0,PS-010877890-005,PARTIAL_SURRENDER,,99,99,FAMILY_SURRENDER_BUCKET,True,677.40,20220408,22
010877890C,0,PS-010877890-006,PARTIAL_SURRENDER,,99,99,FAMILY_SURRENDER_BUCKET,True,677.40,20230410,22
010878592C,0,PS-010878592-001,PARTIAL_SURRENDER,,99,99,FAMILY_SURRENDER_BUCKET,True,371.50,20180402,22
010878592C,0,PS-010878592-002,PARTIAL_SURRENDER,,99,99,FAMILY_SURRENDER_BUCKET,True,371.50,20190401,22
010878592C,0,PS-010878592-003,PARTIAL_SURRENDER,,99,99,FAMILY_SURRENDER_BUCKET,True,371.50,20200401,22
010878592C,0,PS-010878592-004,PARTIAL_SURRENDER,,99,99,FAMILY_SURRENDER_BUCKET,True,371.50,20210401,22
010878592C,0,PS-010878592-005,PARTIAL_SURRENDER,,99,99,FAMILY_SURRENDER_BUCKET,True,371.50,20220401,22
010878592C,0,PS-010878592-006,PARTIAL_SURRENDER,,99,99,FAMILY_SURRENDER_BUCKET,True,371.50,20230403,22
010878592C,0,PS-010878592-007,PARTIAL_SURRENDER,,99,99,FAMILY_SURRENDER_BUCKET,True,371.50,20240401,22
010878592C,0,PS-010878592-008,PARTIAL_SURRENDER,,99,99,FAMILY_SURRENDER_BUCKET,True,371.50,20250401,22
010881096C,0,PS-010881096-001,PARTIAL_SURRENDER,,99,99,FAMILY_SURRENDER_BUCKET,True,197.35,20180305,22
010881096C,0,PS-010881096-002,PARTIAL_SURRENDER,,99,99,FAMILY_SURRENDER_BUCKET,True,197.35,20190304,22
010881096C,0,PS-010881096-003,PARTIAL_SURRENDER,,99,99,FAMILY_SURRENDER_BUCKET,True,197.35,20200304,22
010881096C,0,PS-010881096-004,PARTIAL_SURRENDER,,99,99,FAMILY_SURRENDER_BUCKET,True,197.35,20210304,22
010881096C,0,PS-010881096-005,PARTIAL_SURRENDER,,99,99,FAMILY_SURRENDER_BUCKET,True,197.35,20220304,22
010881096C,0,PS-010881096-006,PARTIAL_SURRENDER,,99,99,FAMILY_SURRENDER_BUCKET,True,197.35,20230306,22
010881301C,0,PS-010881301-001,PARTIAL_SURRENDER,,99,99,FAMILY_SURRENDER_BUCKET,True,407.50,20180301,22
010881301C,0,PS-010881301-002,PARTIAL_SURRENDER,,99,99,FAMILY_SURRENDER_BUCKET,True,407.50,20190301,22
010881301C,0,PS-010881301-003,PARTIAL_SURRENDER,,99,99,FAMILY_SURRENDER_BUCKET,True,407.50,20200302,22
010881301C,0,PS-010881301-004,PARTIAL_SURRENDER,,99,99,FAMILY_SURRENDER_BUCKET,True,407.50,20210301,22
010881301C,0,PS-010881301-005,PARTIAL_SURRENDER,,99,99,FAMILY_SURRENDER_BUCKET,True,407.50,20220301,22
010881301C,0,PS-010881301-006,PARTIAL_SURRENDER,,99,99,FAMILY_SURRENDER_BUCKET,True,407.50,20230301,22
010881301C,0,PS-010881301-007,PARTIAL_SURRENDER,,99,99,FAMILY_SURRENDER_BUCKET,True,407.50,20240301,22
010881301C,0,PS-010881301-008,PARTIAL_SURRENDER,,99,99,FAMILY_SURRENDER_BUCKET,True,407.50,20250303,22
010883245C,0,PS-010883245-001,PARTIAL_SURRENDER,,99,99,FAMILY_SURRENDER_BUCKET,True,206.95,20180319,22
010883245C,0,PS-010883245-002,PARTIAL_SURRENDER,,99,99,FAMILY_SURRENDER_BUCKET,True,206.95,20190318,22
010883245C,0,PS-010883245-003,PARTIAL_SURRENDER,,99,99,FAMILY_SURRENDER_BUCKET,True,206.95,20200317,22
010883245C,0,PS-010883245-004,PARTIAL_SURRENDER,,99,99,FAMILY_SURRENDER_BUCKET,True,206.95,20210317,22
010883246C,0,PS-010883246-001,PARTIAL_SURRENDER,,99,99,FAMILY_SURRENDER_BUCKET,True,163.20,20180409,22
010883246C,0,PS-010883246-002,PARTIAL_SURRENDER,,99,99,FAMILY_SURRENDER_BUCKET,True,163.20,20190408,22
010883246C,0,PS-010883246-003,PARTIAL_SURRENDER,,99,99,FAMILY_SURRENDER_BUCKET,True,163.20,20200408,22
010883246C,0,PS-010883246-004,PARTIAL_SURRENDER,,99,99,FAMILY_SURRENDER_BUCKET,True,163.20,20210408,22
010883246C,0,PS-010883246-005,PARTIAL_SURRENDER,,99,99,FAMILY_SURRENDER_BUCKET,True,163.20,20220408,22
010883246C,0,PS-010883246-006,PARTIAL_SURRENDER,,99,99,FAMILY_SURRENDER_BUCKET,True,163.20,20230410,22
010883246C,0,PS-010883246-007,PARTIAL_SURRENDER,,99,99,FAMILY_SURRENDER_BUCKET,True,163.20,20240408,22
010883731C,0,PS-010883731-001,PARTIAL_SURRENDER,,99,99,FAMILY_SURRENDER_BUCKET,True,179.44,20180326,22
010883731C,0,PS-010883731-002,PARTIAL_SURRENDER,,99,99,FAMILY_SURRENDER_BUCKET,True,179.44,20190325,22
010883731C,0,PS-010883731-003,PARTIAL_SURRENDER,,99,99,FAMILY_SURRENDER_BUCKET,True,179.44,20200324,22
010883731C,0,PS-010883731-004,PARTIAL_SURRENDER,,99,99,FAMILY_SURRENDER_BUCKET,True,179.44,20210324,22
010883731C,0,PS-010883731-005,PARTIAL_SURRENDER,,99,99,FAMILY_SURRENDER_BUCKET,True,179.44,20220324,22
010883731C,0,PS-010883731-006,PARTIAL_SURRENDER,,99,99,FAMILY_SURRENDER_BUCKET,True,179.44,20230324,22
010883731C,0,PS-010883731-007,PARTIAL_SURRENDER,,99,99,FAMILY_SURRENDER_BUCKET,True,179.44,20240325,22
010883731C,0,PS-010883731-008,PARTIAL_SURRENDER,,99,99,FAMILY_SURRENDER_BUCKET,True,179.44,20250324,22
010884052C,0,PS-010884052-001,PARTIAL_SURRENDER,,99,99,FAMILY_SURRENDER_BUCKET,True,217.20,20180321,22
010884052C,0,PS-010884052-002,PARTIAL_SURRENDER,,99,99,FAMILY_SURRENDER_BUCKET,True,217.20,20190321,22
010885441C,0,PS-010885441-001,PARTIAL_SURRENDER,,99,99,FAMILY_SURRENDER_BUCKET,True,343.25,20180322,22
010885441C,0,PS-010885441-002,PARTIAL_SURRENDER,,99,99,FAMILY_SURRENDER_BUCKET,True,343.25,20190322,22
010885441C,0,PS-010885441-003,PARTIAL_SURRENDER,,99,99,FAMILY_SURRENDER_BUCKET,True,343.25,20200323,22
010885441C,0,PS-010885441-004,PARTIAL_SURRENDER,,99,99,FAMILY_SURRENDER_BUCKET,True,343.25,20210322,22
010885441C,0,PS-010885441-005,PARTIAL_SURRENDER,,99,99,FAMILY_SURRENDER_BUCKET,True,343.25,20220322,22
010885441C,0,PS-010885441-006,PARTIAL_SURRENDER,,99,99,FAMILY_SURRENDER_BUCKET,True,343.25,20230322,22
010885441C,0,PS-010885441-007,PARTIAL_SURRENDER,,99,99,FAMILY_SURRENDER_BUCKET,True,343.25,20240322,22
010885441C,0,PS-010885441-008,PARTIAL_SURRENDER,,99,99,FAMILY_SURRENDER_BUCKET,True,343.25,20250324,22
010886805C,0,PS-010886805-001,PARTIAL_SURRENDER,,99,99,FAMILY_SURRENDER_BUCKET,True,313.30,20180404,22
010886812C,0,PS-010886812-001,PARTIAL_SURRENDER,,99,99,FAMILY_SURRENDER_BUCKET,True,502.00,20180402,22
010886812C,0,PS-010886812-002,PARTIAL_SURRENDER,,99,99,FAMILY_SURRENDER_BUCKET,True,502.00,20190401,22
010886812C,0,PS-010886812-003,PARTIAL_SURRENDER,,99,99,FAMILY_SURRENDER_BUCKET,True,502.00,20200401,22
010886812C,0,PS-010886812-004,PARTIAL_SURRENDER,,99,99,FAMILY_SURRENDER_BUCKET,True,502.00,20210401,22
010886812C,0,PS-010886812-005,PARTIAL_SURRENDER,,99,99,FAMILY_SURRENDER_BUCKET,True,502.00,20220401,22
010886812C,0,PS-010886812-006,PARTIAL_SURRENDER,,99,99,FAMILY_SURRENDER_BUCKET,True,502.00,20230403,22
010886851C,0,PS-010886851-001,PARTIAL_SURRENDER,,99,99,FAMILY_SURRENDER_BUCKET,True,373.75,20191022,22
010886851C,0,PS-010886851-002,PARTIAL_SURRENDER,,99,99,FAMILY_SURRENDER_BUCKET,True,373.75,20200406,22
010886851C,0,PS-010886851-003,PARTIAL_SURRENDER,,99,99,FAMILY_SURRENDER_BUCKET,True,373.75,20210405,22
010887780C,0,PS-010887780-001,PARTIAL_SURRENDER,,99,99,FAMILY_SURRENDER_BUCKET,True,210.55,20180405,22
010887780C,0,PS-010887780-002,PARTIAL_SURRENDER,,99,99,FAMILY_SURRENDER_BUCKET,True,210.55,20190405,22
010888232C,0,PS-010888232-001,PARTIAL_SURRENDER,,99,99,FAMILY_SURRENDER_BUCKET,True,206.95,20180411,22
010888338C,0,PS-010888338-001,PARTIAL_SURRENDER,,99,99,FAMILY_SURRENDER_BUCKET,True,179.35,20180523,22
010888338C,0,PS-010888338-002,PARTIAL_SURRENDER,,99,99,FAMILY_SURRENDER_BUCKET,True,179.35,20190523,22
010888338C,0,PS-010888338-003,PARTIAL_SURRENDER,,99,99,FAMILY_SURRENDER_BUCKET,True,179.35,20200526,22
010888338C,0,PS-010888338-004,PARTIAL_SURRENDER,,99,99,FAMILY_SURRENDER_BUCKET,True,179.35,20210524,22
010888338C,0,PS-010888338-005,PARTIAL_SURRENDER,,99,99,FAMILY_SURRENDER_BUCKET,True,179.35,20220523,22
010889364C,0,PS-010889364-001,PARTIAL_SURRENDER,,99,99,FAMILY_SURRENDER_BUCKET,True,409.40,20180413,22
010889364C,0,PS-010889364-002,PARTIAL_SURRENDER,,99,99,FAMILY_SURRENDER_BUCKET,True,409.40,20190415,22
010889364C,0,PS-010889364-003,PARTIAL_SURRENDER,,99,99,FAMILY_SURRENDER_BUCKET,True,409.40,20200413,22
010889364C,0,PS-010889364-004,PARTIAL_SURRENDER,,99,99,FAMILY_SURRENDER_BUCKET,True,409.40,20210413,22
010889364C,0,PS-010889364-005,PARTIAL_SURRENDER,,99,99,FAMILY_SURRENDER_BUCKET,True,409.40,20220413,22
010889364C,0,PS-010889364-006,PARTIAL_SURRENDER,,99,99,FAMILY_SURRENDER_BUCKET,True,409.40,20230413,22
010889364C,0,PS-010889364-007,PARTIAL_SURRENDER,,99,99,FAMILY_SURRENDER_BUCKET,True,409.40,20240415,22
010889785C,0,PS-010889785-001,PARTIAL_SURRENDER,,99,99,FAMILY_SURRENDER_BUCKET,True,577.00,20180416,22
010889785C,0,PS-010889785-002,PARTIAL_SURRENDER,,99,99,FAMILY_SURRENDER_BUCKET,True,577.00,20190415,22
010889785C,0,PS-010889785-003,PARTIAL_SURRENDER,,99,99,FAMILY_SURRENDER_BUCKET,True,577.00,20200414,22
010889785C,0,PS-010889785-004,PARTIAL_SURRENDER,,99,99,FAMILY_SURRENDER_BUCKET,True,577.00,20210414,22
010889785C,0,PS-010889785-005,PARTIAL_SURRENDER,,99,99,FAMILY_SURRENDER_BUCKET,True,577.00,20220414,22
010889785C,0,PS-010889785-006,PARTIAL_SURRENDER,,99,99,FAMILY_SURRENDER_BUCKET,True,577.00,20230414,22
010889785C,0,PS-010889785-007,PARTIAL_SURRENDER,,99,99,FAMILY_SURRENDER_BUCKET,True,577.00,20240415,22
010889785C,0,PS-010889785-008,PARTIAL_SURRENDER,,99,99,FAMILY_SURRENDER_BUCKET,True,577.00,20250414,22
010891079C,0,PS-010891079-001,PARTIAL_SURRENDER,,99,99,FAMILY_SURRENDER_BUCKET,True,200.95,20180423,22
010891079C,0,PS-010891079-002,PARTIAL_SURRENDER,,99,99,FAMILY_SURRENDER_BUCKET,True,200.95,20190422,22
010891087C,0,PS-010891087-001,PARTIAL_SURRENDER,,99,99,FAMILY_SURRENDER_BUCKET,True,608.75,20180525,22
010891087C,0,PS-010891087-002,PARTIAL_SURRENDER,,99,99,FAMILY_SURRENDER_BUCKET,True,608.75,20190528,22
010891087C,0,PS-010891087-003,PARTIAL_SURRENDER,,99,99,FAMILY_SURRENDER_BUCKET,True,608.75,20200526,22
010891087C,0,PS-010891087-004,PARTIAL_SURRENDER,,99,99,FAMILY_SURRENDER_BUCKET,True,608.75,20210525,22
010891087C,0,PS-010891087-005,PARTIAL_SURRENDER,,99,99,FAMILY_SURRENDER_BUCKET,True,608.75,20220525,22
010891087C,0,PS-010891087-006,PARTIAL_SURRENDER,,99,99,FAMILY_SURRENDER_BUCKET,True,608.75,20230525,22
010891087C,0,PS-010891087-007,PARTIAL_SURRENDER,,99,99,FAMILY_SURRENDER_BUCKET,True,608.75,20240528,22
010891087C,0,PS-010891087-008,PARTIAL_SURRENDER,,99,99,FAMILY_SURRENDER_BUCKET,True,608.75,20250527,22
010891309C,0,PS-010891309-001,PARTIAL_SURRENDER,,99,99,FAMILY_SURRENDER_BUCKET,True,433.50,20180518,22
010891309C,0,PS-010891309-002,PARTIAL_SURRENDER,,99,99,FAMILY_SURRENDER_BUCKET,True,433.50,20190520,22
010891309C,0,PS-010891309-003,PARTIAL_SURRENDER,,99,99,FAMILY_SURRENDER_BUCKET,True,433.50,20200518,22
010891309C,0,PS-010891309-004,PARTIAL_SURRENDER,,99,99,FAMILY_SURRENDER_BUCKET,True,433.50,20210518,22
010891309C,0,PS-010891309-005,PARTIAL_SURRENDER,,99,99,FAMILY_SURRENDER_BUCKET,True,433.50,20220518,22
010891309C,0,PS-010891309-006,PARTIAL_SURRENDER,,99,99,FAMILY_SURRENDER_BUCKET,True,433.50,20230518,22
010891309C,0,PS-010891309-007,PARTIAL_SURRENDER,,99,99,FAMILY_SURRENDER_BUCKET,True,433.50,20240520,22
010891309C,0,PS-010891309-008,PARTIAL_SURRENDER,,99,99,FAMILY_SURRENDER_BUCKET,True,433.50,20250519,22
010891328C,0,PS-010891328-001,PARTIAL_SURRENDER,,99,99,FAMILY_SURRENDER_BUCKET,True,433.50,20190325,22
010891328C,0,PS-010891328-002,PARTIAL_SURRENDER,,99,99,FAMILY_SURRENDER_BUCKET,True,433.50,20190501,22
010891328C,0,PS-010891328-003,PARTIAL_SURRENDER,,99,99,FAMILY_SURRENDER_BUCKET,True,433.50,20200501,22
010891328C,0,PS-010891328-004,PARTIAL_SURRENDER,,99,99,FAMILY_SURRENDER_BUCKET,True,433.50,20210503,22
010891328C,0,PS-010891328-005,PARTIAL_SURRENDER,,99,99,FAMILY_SURRENDER_BUCKET,True,433.50,20220502,22
010891328C,0,PS-010891328-006,PARTIAL_SURRENDER,,99,99,FAMILY_SURRENDER_BUCKET,True,433.50,20230501,22
010891328C,0,PS-010891328-007,PARTIAL_SURRENDER,,99,99,FAMILY_SURRENDER_BUCKET,True,433.50,20240501,22
010891328C,0,PS-010891328-008,PARTIAL_SURRENDER,,99,99,FAMILY_SURRENDER_BUCKET,True,433.50,20250501,22
010892016C,0,PS-010892016-001,PARTIAL_SURRENDER,,99,99,FAMILY_SURRENDER_BUCKET,True,142.10,20180425,22
010892016C,0,PS-010892016-002,PARTIAL_SURRENDER,,99,99,FAMILY_SURRENDER_BUCKET,True,142.10,20190425,22
010892016C,0,PS-010892016-003,PARTIAL_SURRENDER,,99,99,FAMILY_SURRENDER_BUCKET,True,142.10,20200427,22
010892016C,0,PS-010892016-004,PARTIAL_SURRENDER,,99,99,FAMILY_SURRENDER_BUCKET,True,142.10,20210426,22
010892016C,0,PS-010892016-005,PARTIAL_SURRENDER,,99,99,FAMILY_SURRENDER_BUCKET,True,142.10,20220425,22
010892016C,0,PS-010892016-006,PARTIAL_SURRENDER,,99,99,FAMILY_SURRENDER_BUCKET,True,142.10,20230425,22
010892016C,0,PS-010892016-007,PARTIAL_SURRENDER,,99,99,FAMILY_SURRENDER_BUCKET,True,142.10,20240425,22
010892016C,0,PS-010892016-008,PARTIAL_SURRENDER,,99,99,FAMILY_SURRENDER_BUCKET,True,142.10,20250425,22
010893115C,0,PS-010893115-001,PARTIAL_SURRENDER,,99,99,FAMILY_SURRENDER_BUCKET,True,1074.00,20180426,22
010893115C,0,PS-010893115-002,PARTIAL_SURRENDER,,99,99,FAMILY_SURRENDER_BUCKET,True,1074.00,20190426,22
010893115C,0,PS-010893115-003,PARTIAL_SURRENDER,,99,99,FAMILY_SURRENDER_BUCKET,True,1074.00,20200427,22
010893115C,0,PS-010893115-004,PARTIAL_SURRENDER,,99,99,FAMILY_SURRENDER_BUCKET,True,1074.00,20210426,22
010893115C,0,PS-010893115-005,PARTIAL_SURRENDER,,99,99,FAMILY_SURRENDER_BUCKET,True,1074.00,20220426,22
010893115C,0,PS-010893115-006,PARTIAL_SURRENDER,,99,99,FAMILY_SURRENDER_BUCKET,True,1074.00,20230426,22
010893115C,0,PS-010893115-007,PARTIAL_SURRENDER,,99,99,FAMILY_SURRENDER_BUCKET,True,1074.00,20240426,22
010893115C,0,PS-010893115-008,PARTIAL_SURRENDER,,99,99,FAMILY_SURRENDER_BUCKET,True,1074.00,20250428,22
010893950C,0,PS-010893950-001,PARTIAL_SURRENDER,,99,99,FAMILY_SURRENDER_BUCKET,True,266.29,20180504,22
010893950C,0,PS-010893950-002,PARTIAL_SURRENDER,,99,99,FAMILY_SURRENDER_BUCKET,True,266.29,20190506,22
010893950C,0,PS-010893950-003,PARTIAL_SURRENDER,,99,99,FAMILY_SURRENDER_BUCKET,True,266.29,20200504,22
010893950C,0,PS-010893950-004,PARTIAL_SURRENDER,,99,99,FAMILY_SURRENDER_BUCKET,True,266.29,20210504,22
010893950C,0,PS-010893950-005,PARTIAL_SURRENDER,,99,99,FAMILY_SURRENDER_BUCKET,True,266.29,20220504,22
010895689C,0,PS-010895689-001,PARTIAL_SURRENDER,,99,99,FAMILY_SURRENDER_BUCKET,True,171.38,20180507,22
010895689C,0,PS-010895689-002,PARTIAL_SURRENDER,,99,99,FAMILY_SURRENDER_BUCKET,True,171.38,20190507,22
010895689C,0,PS-010895689-003,PARTIAL_SURRENDER,,99,99,FAMILY_SURRENDER_BUCKET,True,171.38,20200507,22
010895689C,0,PS-010895689-004,PARTIAL_SURRENDER,,99,99,FAMILY_SURRENDER_BUCKET,True,171.38,20210507,22
010895689C,0,PS-010895689-005,PARTIAL_SURRENDER,,99,99,FAMILY_SURRENDER_BUCKET,True,171.38,20220509,22
010895689C,0,PS-010895689-006,PARTIAL_SURRENDER,,99,99,FAMILY_SURRENDER_BUCKET,True,171.38,20230508,22
010895689C,0,PS-010895689-007,PARTIAL_SURRENDER,,99,99,FAMILY_SURRENDER_BUCKET,True,171.38,20240507,22
010895689C,0,PS-010895689-008,PARTIAL_SURRENDER,,99,99,FAMILY_SURRENDER_BUCKET,True,171.38,20250507,22
010897521C,0,PS-010897521-001,PARTIAL_SURRENDER,,99,99,FAMILY_SURRENDER_BUCKET,True,317.10,20180521,22
010897521C,0,PS-010897521-002,PARTIAL_SURRENDER,,99,99,FAMILY_SURRENDER_BUCKET,True,317.10,20190520,22
010897521C,0,PS-010897521-003,PARTIAL_SURRENDER,,99,99,FAMILY_SURRENDER_BUCKET,True,317.10,20200520,22
010897521C,0,PS-010897521-004,PARTIAL_SURRENDER,,99,99,FAMILY_SURRENDER_BUCKET,True,317.10,20210520,22
010897521C,0,PS-010897521-005,PARTIAL_SURRENDER,,99,99,FAMILY_SURRENDER_BUCKET,True,317.10,20220520,22
010897521C,0,PS-010897521-006,PARTIAL_SURRENDER,,99,99,FAMILY_SURRENDER_BUCKET,True,317.10,20230522,22
010897521C,0,PS-010897521-007,PARTIAL_SURRENDER,,99,99,FAMILY_SURRENDER_BUCKET,True,317.10,20240520,22
010897521C,0,PS-010897521-008,PARTIAL_SURRENDER,,99,99,FAMILY_SURRENDER_BUCKET,True,317.10,20250520,22
010898542C,0,PS-010898542-001,PARTIAL_SURRENDER,,99,99,FAMILY_SURRENDER_BUCKET,True,200.26,20180601,22
010898542C,0,PS-010898542-002,PARTIAL_SURRENDER,,99,99,FAMILY_SURRENDER_BUCKET,True,200.26,20190603,22
010898542C,0,PS-010898542-003,PARTIAL_SURRENDER,,99,99,FAMILY_SURRENDER_BUCKET,True,200.26,20200601,22
010898542C,0,PS-010898542-004,PARTIAL_SURRENDER,,99,99,FAMILY_SURRENDER_BUCKET,True,200.26,20210601,22
010898542C,0,PS-010898542-005,PARTIAL_SURRENDER,,99,99,FAMILY_SURRENDER_BUCKET,True,200.26,20220601,22
010898542C,0,PS-010898542-006,PARTIAL_SURRENDER,,99,99,FAMILY_SURRENDER_BUCKET,True,200.26,20230601,22
010898542C,0,PS-010898542-007,PARTIAL_SURRENDER,,99,99,FAMILY_SURRENDER_BUCKET,True,200.26,20240603,22
010898692C,0,PS-010898692-001,PARTIAL_SURRENDER,,99,99,FAMILY_SURRENDER_BUCKET,True,171.05,20180523,22
010898692C,0,PS-010898692-002,PARTIAL_SURRENDER,,99,99,FAMILY_SURRENDER_BUCKET,True,171.05,20190523,22
010898692C,0,PS-010898692-003,PARTIAL_SURRENDER,,99,99,FAMILY_SURRENDER_BUCKET,True,171.05,20200526,22
010898692C,0,PS-010898692-004,PARTIAL_SURRENDER,,99,99,FAMILY_SURRENDER_BUCKET,True,171.05,20210524,22
010900519C,0,PS-010900519-001,PARTIAL_SURRENDER,,99,99,FAMILY_SURRENDER_BUCKET,True,202.82,20180601,22
010900519C,0,PS-010900519-002,PARTIAL_SURRENDER,,99,99,FAMILY_SURRENDER_BUCKET,True,202.82,20190603,22
010900519C,0,PS-010900519-003,PARTIAL_SURRENDER,,99,99,FAMILY_SURRENDER_BUCKET,True,202.82,20200601,22
010900620C,0,PS-010900620-001,PARTIAL_SURRENDER,,99,99,FAMILY_SURRENDER_BUCKET,True,289.55,20180716,22
010900620C,0,PS-010900620-002,PARTIAL_SURRENDER,,99,99,FAMILY_SURRENDER_BUCKET,True,289.55,20190715,22
010901787C,0,PS-010901787-001,PARTIAL_SURRENDER,,99,99,FAMILY_SURRENDER_BUCKET,True,259.20,20180606,22
010901787C,0,PS-010901787-002,PARTIAL_SURRENDER,,99,99,FAMILY_SURRENDER_BUCKET,True,259.20,20190606,22
010901787C,0,PS-010901787-003,PARTIAL_SURRENDER,,99,99,FAMILY_SURRENDER_BUCKET,True,259.20,20200608,22
010901787C,0,PS-010901787-004,PARTIAL_SURRENDER,,99,99,FAMILY_SURRENDER_BUCKET,True,259.20,20210607,22
010901787C,0,PS-010901787-005,PARTIAL_SURRENDER,,99,99,FAMILY_SURRENDER_BUCKET,True,259.20,20220606,22
010901787C,0,PS-010901787-006,PARTIAL_SURRENDER,,99,99,FAMILY_SURRENDER_BUCKET,True,259.20,20230606,22
010901787C,0,PS-010901787-007,PARTIAL_SURRENDER,,99,99,FAMILY_SURRENDER_BUCKET,True,259.20,20240606,22
010901787C,0,PS-010901787-008,PARTIAL_SURRENDER,,99,99,FAMILY_SURRENDER_BUCKET,True,259.20,20250606,22
010901833C,0,PS-010901833-001,PARTIAL_SURRENDER,,99,99,FAMILY_SURRENDER_BUCKET,True,714.40,20180627,22
010901833C,0,PS-010901833-002,PARTIAL_SURRENDER,,99,99,FAMILY_SURRENDER_BUCKET,True,714.40,20190627,22
010901833C,0,PS-010901833-003,PARTIAL_SURRENDER,,99,99,FAMILY_SURRENDER_BUCKET,True,714.40,20200629,22
010901833C,0,PS-010901833-004,PARTIAL_SURRENDER,,99,99,FAMILY_SURRENDER_BUCKET,True,714.40,20210628,22
010901833C,0,PS-010901833-005,PARTIAL_SURRENDER,,99,99,FAMILY_SURRENDER_BUCKET,True,714.40,20220627,22
010902972C,0,PS-010902972-001,PARTIAL_SURRENDER,,99,99,FAMILY_SURRENDER_BUCKET,True,169.75,20180607,22
010902972C,0,PS-010902972-002,PARTIAL_SURRENDER,,99,99,FAMILY_SURRENDER_BUCKET,True,169.75,20190607,22
010902972C,0,PS-010902972-003,PARTIAL_SURRENDER,,99,99,FAMILY_SURRENDER_BUCKET,True,169.75,20200608,22
010902972C,0,PS-010902972-004,PARTIAL_SURRENDER,,99,99,FAMILY_SURRENDER_BUCKET,True,169.75,20210607,22
010902972C,0,PS-010902972-005,PARTIAL_SURRENDER,,99,99,FAMILY_SURRENDER_BUCKET,True,169.75,20220607,22
010902972C,0,PS-010902972-006,PARTIAL_SURRENDER,,99,99,FAMILY_SURRENDER_BUCKET,True,169.75,20230607,22
010902972C,0,PS-010902972-007,PARTIAL_SURRENDER,,99,99,FAMILY_SURRENDER_BUCKET,True,169.75,20240607,22
010902972C,0,PS-010902972-008,PARTIAL_SURRENDER,,99,99,FAMILY_SURRENDER_BUCKET,True,169.75,20250609,22
010902973C,0,PS-010902973-001,PARTIAL_SURRENDER,,99,99,FAMILY_SURRENDER_BUCKET,True,134.75,20180607,22
010902973C,0,PS-010902973-002,PARTIAL_SURRENDER,,99,99,FAMILY_SURRENDER_BUCKET,True,134.75,20190607,22
010902973C,0,PS-010902973-003,PARTIAL_SURRENDER,,99,99,FAMILY_SURRENDER_BUCKET,True,134.75,20200608,22
010902973C,0,PS-010902973-004,PARTIAL_SURRENDER,,99,99,FAMILY_SURRENDER_BUCKET,True,134.75,20210607,22
010902973C,0,PS-010902973-005,PARTIAL_SURRENDER,,99,99,FAMILY_SURRENDER_BUCKET,True,134.75,20220607,22
010902973C,0,PS-010902973-006,PARTIAL_SURRENDER,,99,99,FAMILY_SURRENDER_BUCKET,True,134.75,20230607,22
010902973C,0,PS-010902973-007,PARTIAL_SURRENDER,,99,99,FAMILY_SURRENDER_BUCKET,True,134.75,20240607,22
010902973C,0,PS-010902973-008,PARTIAL_SURRENDER,,99,99,FAMILY_SURRENDER_BUCKET,True,134.75,20250609,22
010904097C,0,PS-010904097-001,PARTIAL_SURRENDER,,99,99,FAMILY_SURRENDER_BUCKET,True,163.20,20180615,22
010904097C,0,PS-010904097-002,PARTIAL_SURRENDER,,99,99,FAMILY_SURRENDER_BUCKET,True,163.20,20190617,22
010904097C,0,PS-010904097-003,PARTIAL_SURRENDER,,99,99,FAMILY_SURRENDER_BUCKET,True,163.20,20200615,22
010904097C,0,PS-010904097-004,PARTIAL_SURRENDER,,99,99,FAMILY_SURRENDER_BUCKET,True,163.20,20210615,22
010904097C,0,PS-010904097-005,PARTIAL_SURRENDER,,99,99,FAMILY_SURRENDER_BUCKET,True,163.20,20220615,22
010905200C,0,PS-010905200-001,PARTIAL_SURRENDER,,99,99,FAMILY_SURRENDER_BUCKET,True,138.25,20230817,22
010905200C,0,PS-010905200-002,PARTIAL_SURRENDER,,99,99,FAMILY_SURRENDER_BUCKET,True,138.25,20240617,22
010905200C,0,PS-010905200-003,PARTIAL_SURRENDER,,99,99,FAMILY_SURRENDER_BUCKET,True,138.25,20250617,22
010905677C,0,PS-010905677-001,PARTIAL_SURRENDER,,99,99,FAMILY_SURRENDER_BUCKET,True,263.20,20190611,22
010905677C,0,PS-010905677-002,PARTIAL_SURRENDER,,99,99,FAMILY_SURRENDER_BUCKET,True,263.20,20200615,22
010905677C,0,PS-010905677-003,PARTIAL_SURRENDER,,99,99,FAMILY_SURRENDER_BUCKET,True,263.20,20210615,22
010905677C,0,PS-010905677-004,PARTIAL_SURRENDER,,99,99,FAMILY_SURRENDER_BUCKET,True,263.20,20220615,22
010911853C,0,PS-010911853-001,PARTIAL_SURRENDER,,99,99,FAMILY_SURRENDER_BUCKET,True,121.00,20180716,22
010911853C,0,PS-010911853-002,PARTIAL_SURRENDER,,99,99,FAMILY_SURRENDER_BUCKET,True,121.00,20190715,22
010911853C,0,PS-010911853-003,PARTIAL_SURRENDER,,99,99,FAMILY_SURRENDER_BUCKET,True,121.00,20200714,22
010911853C,0,PS-010911853-004,PARTIAL_SURRENDER,,99,99,FAMILY_SURRENDER_BUCKET,True,121.00,20210714,22
010911853C,0,PS-010911853-005,PARTIAL_SURRENDER,,99,99,FAMILY_SURRENDER_BUCKET,True,121.00,20220714,22
010911853C,0,PS-010911853-006,PARTIAL_SURRENDER,,99,99,FAMILY_SURRENDER_BUCKET,True,121.00,20230714,22
010911853C,0,PS-010911853-007,PARTIAL_SURRENDER,,99,99,FAMILY_SURRENDER_BUCKET,True,121.00,20240715,22
010911853C,0,PS-010911853-008,PARTIAL_SURRENDER,,99,99,FAMILY_SURRENDER_BUCKET,True,121.00,20250714,22
010914384C,0,PS-010914384-001,PARTIAL_SURRENDER,,99,99,FAMILY_SURRENDER_BUCKET,True,227.90,20180724,22
010915030C,0,PS-010915030-001,PARTIAL_SURRENDER,,99,99,FAMILY_SURRENDER_BUCKET,True,239.15,20200310,22
010915030C,0,PS-010915030-002,PARTIAL_SURRENDER,,99,99,FAMILY_SURRENDER_BUCKET,True,258.28,20200310,22
010915030C,0,PS-010915030-003,PARTIAL_SURRENDER,,99,99,FAMILY_SURRENDER_BUCKET,True,258.28,20200727,22
010916260C,0,PS-010916260-001,PARTIAL_SURRENDER,,99,99,FAMILY_SURRENDER_BUCKET,True,276.10,20180730,22
010916260C,0,PS-010916260-002,PARTIAL_SURRENDER,,99,99,FAMILY_SURRENDER_BUCKET,True,276.10,20190729,22
010916260C,0,PS-010916260-003,PARTIAL_SURRENDER,,99,99,FAMILY_SURRENDER_BUCKET,True,276.10,20200728,22
010916260C,0,PS-010916260-004,PARTIAL_SURRENDER,,99,99,FAMILY_SURRENDER_BUCKET,True,276.10,20210728,22
010916260C,0,PS-010916260-005,PARTIAL_SURRENDER,,99,99,FAMILY_SURRENDER_BUCKET,True,276.10,20220728,22
010917172C,0,PS-010917172-001,PARTIAL_SURRENDER,,99,99,FAMILY_SURRENDER_BUCKET,True,380.80,20180801,22
010917172C,0,PS-010917172-002,PARTIAL_SURRENDER,,99,99,FAMILY_SURRENDER_BUCKET,True,380.80,20190801,22
010917172C,0,PS-010917172-003,PARTIAL_SURRENDER,,99,99,FAMILY_SURRENDER_BUCKET,True,380.80,20200803,22
010917172C,0,PS-010917172-004,PARTIAL_SURRENDER,,99,99,FAMILY_SURRENDER_BUCKET,True,380.80,20210802,22
010917172C,0,PS-010917172-005,PARTIAL_SURRENDER,,99,99,FAMILY_SURRENDER_BUCKET,True,380.80,20220801,22
010919431C,0,PS-010919431-001,PARTIAL_SURRENDER,,99,99,FAMILY_SURRENDER_BUCKET,True,276.10,20180910,22
010919431C,0,PS-010919431-002,PARTIAL_SURRENDER,,99,99,FAMILY_SURRENDER_BUCKET,True,276.10,20190909,22
010919431C,0,PS-010919431-003,PARTIAL_SURRENDER,,99,99,FAMILY_SURRENDER_BUCKET,True,276.10,20200908,22
010924513C,0,PS-010924513-001,PARTIAL_SURRENDER,,99,99,FAMILY_SURRENDER_BUCKET,True,112.75,20180828,22
010924513C,0,PS-010924513-002,PARTIAL_SURRENDER,,99,99,FAMILY_SURRENDER_BUCKET,True,112.75,20190828,22
010924513C,0,PS-010924513-003,PARTIAL_SURRENDER,,99,99,FAMILY_SURRENDER_BUCKET,True,112.75,20200828,22
010924513C,0,PS-010924513-004,PARTIAL_SURRENDER,,99,99,FAMILY_SURRENDER_BUCKET,True,112.75,20210830,22
010924513C,0,PS-010924513-005,PARTIAL_SURRENDER,,99,99,FAMILY_SURRENDER_BUCKET,True,112.75,20220829,22
010924513C,0,PS-010924513-006,PARTIAL_SURRENDER,,99,99,FAMILY_SURRENDER_BUCKET,True,112.75,20230828,22
010924513C,0,PS-010924513-007,PARTIAL_SURRENDER,,99,99,FAMILY_SURRENDER_BUCKET,True,112.75,20240828,22
010924513C,0,PS-010924513-008,PARTIAL_SURRENDER,,99,99,FAMILY_SURRENDER_BUCKET,True,112.75,20250828,22
010926357C,0,PS-010926357-001,PARTIAL_SURRENDER,,99,99,FAMILY_SURRENDER_BUCKET,True,279.25,20180906,22
010926357C,0,PS-010926357-002,PARTIAL_SURRENDER,,99,99,FAMILY_SURRENDER_BUCKET,True,279.25,20190906,22
010926357C,0,PS-010926357-003,PARTIAL_SURRENDER,,99,99,FAMILY_SURRENDER_BUCKET,True,279.25,20200908,22
010926357C,0,PS-010926357-004,PARTIAL_SURRENDER,,99,99,FAMILY_SURRENDER_BUCKET,True,279.25,20210907,22
010926357C,0,PS-010926357-005,PARTIAL_SURRENDER,,99,99,FAMILY_SURRENDER_BUCKET,True,279.25,20220906,22
010926357C,0,PS-010926357-006,PARTIAL_SURRENDER,,99,99,FAMILY_SURRENDER_BUCKET,True,279.25,20230906,22
010926357C,0,PS-010926357-007,PARTIAL_SURRENDER,,99,99,FAMILY_SURRENDER_BUCKET,True,279.25,20240906,22
010926357C,0,PS-010926357-008,PARTIAL_SURRENDER,,99,99,FAMILY_SURRENDER_BUCKET,True,279.25,20250908,22
010927989C,0,PS-010927989-001,PARTIAL_SURRENDER,,99,99,FAMILY_SURRENDER_BUCKET,True,502.00,20180910,22
010927989C,0,PS-010927989-002,PARTIAL_SURRENDER,,99,99,FAMILY_SURRENDER_BUCKET,True,502.00,20190910,22
010927989C,0,PS-010927989-003,PARTIAL_SURRENDER,,99,99,FAMILY_SURRENDER_BUCKET,True,502.00,20200910,22
010927989C,0,PS-010927989-004,PARTIAL_SURRENDER,,99,99,FAMILY_SURRENDER_BUCKET,True,502.00,20210910,22
010927989C,0,PS-010927989-005,PARTIAL_SURRENDER,,99,99,FAMILY_SURRENDER_BUCKET,True,502.00,20220912,22
010927989C,0,PS-010927989-006,PARTIAL_SURRENDER,,99,99,FAMILY_SURRENDER_BUCKET,True,502.00,20230911,22
010927989C,0,PS-010927989-007,PARTIAL_SURRENDER,,99,99,FAMILY_SURRENDER_BUCKET,True,502.00,20240910,22
010927989C,0,PS-010927989-008,PARTIAL_SURRENDER,,99,99,FAMILY_SURRENDER_BUCKET,True,502.00,20250910,22
010928261C,0,PS-010928261-001,PARTIAL_SURRENDER,,99,99,FAMILY_SURRENDER_BUCKET,True,458.75,20180702,22
010928261C,0,PS-010928261-002,PARTIAL_SURRENDER,,99,99,FAMILY_SURRENDER_BUCKET,True,506.52,20181005,22
010928261C,0,PS-010928261-003,PARTIAL_SURRENDER,,99,99,FAMILY_SURRENDER_BUCKET,True,506.52,20191007,22
010928261C,0,PS-010928261-004,PARTIAL_SURRENDER,,99,99,FAMILY_SURRENDER_BUCKET,True,506.52,20201005,22
010928261C,0,PS-010928261-005,PARTIAL_SURRENDER,,99,99,FAMILY_SURRENDER_BUCKET,True,506.52,20211005,22
010928261C,0,PS-010928261-006,PARTIAL_SURRENDER,,99,99,FAMILY_SURRENDER_BUCKET,True,506.52,20221005,22
010928261C,0,PS-010928261-007,PARTIAL_SURRENDER,,99,99,FAMILY_SURRENDER_BUCKET,True,506.52,20231005,22
010928261C,0,PS-010928261-008,PARTIAL_SURRENDER,,99,99,FAMILY_SURRENDER_BUCKET,True,506.52,20241008,22
010938321C,0,PS-010938321-001,PARTIAL_SURRENDER,,99,99,FAMILY_SURRENDER_BUCKET,True,112.75,20180327,22
010938321C,0,PS-010938321-002,PARTIAL_SURRENDER,,99,99,FAMILY_SURRENDER_BUCKET,True,112.75,20181025,22
010938321C,0,PS-010938321-003,PARTIAL_SURRENDER,,99,99,FAMILY_SURRENDER_BUCKET,True,112.75,20191025,22
010938321C,0,PS-010938321-004,PARTIAL_SURRENDER,,99,99,FAMILY_SURRENDER_BUCKET,True,112.75,20201026,22
010938321C,0,PS-010938321-005,PARTIAL_SURRENDER,,99,99,FAMILY_SURRENDER_BUCKET,True,112.75,20211025,22
010938321C,0,PS-010938321-006,PARTIAL_SURRENDER,,99,99,FAMILY_SURRENDER_BUCKET,True,112.75,20221025,22
010938321C,0,PS-010938321-007,PARTIAL_SURRENDER,,99,99,FAMILY_SURRENDER_BUCKET,True,112.75,20231025,22
010938321C,0,PS-010938321-008,PARTIAL_SURRENDER,,99,99,FAMILY_SURRENDER_BUCKET,True,112.75,20241025,22
010938321C,0,PS-010938321-009,PARTIAL_SURRENDER,,99,99,FAMILY_SURRENDER_BUCKET,True,112.75,20251027,22
010940594C,0,PS-010940594-001,PARTIAL_SURRENDER,,99,99,FAMILY_SURRENDER_BUCKET,True,300.00,20181017,22
010941103C,0,PS-010941103-001,PARTIAL_SURRENDER,,99,99,FAMILY_SURRENDER_BUCKET,True,326.32,20181203,22
010941103C,0,PS-010941103-002,PARTIAL_SURRENDER,,99,99,FAMILY_SURRENDER_BUCKET,True,326.32,20191202,22
010941103C,0,PS-010941103-003,PARTIAL_SURRENDER,,99,99,FAMILY_SURRENDER_BUCKET,True,326.32,20201201,22
010941103C,0,PS-010941103-004,PARTIAL_SURRENDER,,99,99,FAMILY_SURRENDER_BUCKET,True,326.32,20220915,22
010943847C,0,PS-010943847-001,PARTIAL_SURRENDER,,99,99,FAMILY_SURRENDER_BUCKET,True,325.50,20181119,22
010943847C,0,PS-010943847-002,PARTIAL_SURRENDER,,99,99,FAMILY_SURRENDER_BUCKET,True,325.50,20191119,22
010943847C,0,PS-010943847-003,PARTIAL_SURRENDER,,99,99,FAMILY_SURRENDER_BUCKET,True,325.50,20201119,22
010943847C,0,PS-010943847-004,PARTIAL_SURRENDER,,99,99,FAMILY_SURRENDER_BUCKET,True,325.50,20211119,22
010943847C,0,PS-010943847-005,PARTIAL_SURRENDER,,99,99,FAMILY_SURRENDER_BUCKET,True,325.50,20221121,22
010943847C,0,PS-010943847-006,PARTIAL_SURRENDER,,99,99,FAMILY_SURRENDER_BUCKET,True,325.50,20231120,22
010943847C,0,PS-010943847-007,PARTIAL_SURRENDER,,99,99,FAMILY_SURRENDER_BUCKET,True,325.50,20241119,22
010943847C,0,PS-010943847-008,PARTIAL_SURRENDER,,99,99,FAMILY_SURRENDER_BUCKET,True,325.50,20251119,22
010943849C,0,PS-010943849-001,PARTIAL_SURRENDER,,99,99,FAMILY_SURRENDER_BUCKET,True,570.85,20181101,22
010943849C,0,PS-010943849-002,PARTIAL_SURRENDER,,99,99,FAMILY_SURRENDER_BUCKET,True,570.85,20191101,22
010943849C,0,PS-010943849-003,PARTIAL_SURRENDER,,99,99,FAMILY_SURRENDER_BUCKET,True,570.85,20201102,22
010943849C,0,PS-010943849-004,PARTIAL_SURRENDER,,99,99,FAMILY_SURRENDER_BUCKET,True,570.85,20211101,22
010943849C,0,PS-010943849-005,PARTIAL_SURRENDER,,99,99,FAMILY_SURRENDER_BUCKET,True,570.85,20221101,22
010943849C,0,PS-010943849-006,PARTIAL_SURRENDER,,99,99,FAMILY_SURRENDER_BUCKET,True,570.85,20231101,22
010943849C,0,PS-010943849-007,PARTIAL_SURRENDER,,99,99,FAMILY_SURRENDER_BUCKET,True,570.85,20241101,22
010945534C,0,PS-010945534-001,PARTIAL_SURRENDER,,99,99,FAMILY_SURRENDER_BUCKET,True,301.40,20181001,22
010945534C,0,PS-010945534-002,PARTIAL_SURRENDER,,99,99,FAMILY_SURRENDER_BUCKET,True,301.40,20191001,22
010945534C,0,PS-010945534-003,PARTIAL_SURRENDER,,99,99,FAMILY_SURRENDER_BUCKET,True,301.40,20201001,22
010946649C,0,PS-010946649-001,PARTIAL_SURRENDER,,99,99,FAMILY_SURRENDER_BUCKET,True,306.04,20181217,22
010947021C,0,PS-010947021-001,PARTIAL_SURRENDER,,99,99,FAMILY_SURRENDER_BUCKET,True,527.20,20180419,22
010947245C,0,PS-010947245-001,PARTIAL_SURRENDER,,99,99,FAMILY_SURRENDER_BUCKET,True,549.50,20181227,22
010947245C,0,PS-010947245-002,PARTIAL_SURRENDER,,99,99,FAMILY_SURRENDER_BUCKET,True,549.50,20191206,22
010947245C,0,PS-010947245-003,PARTIAL_SURRENDER,,99,99,FAMILY_SURRENDER_BUCKET,True,549.50,20201207,22
010947245C,0,PS-010947245-004,PARTIAL_SURRENDER,,99,99,FAMILY_SURRENDER_BUCKET,True,549.50,20211206,22
010947245C,0,PS-010947245-005,PARTIAL_SURRENDER,,99,99,FAMILY_SURRENDER_BUCKET,True,549.50,20221206,22
010947245C,0,PS-010947245-006,PARTIAL_SURRENDER,,99,99,FAMILY_SURRENDER_BUCKET,True,549.50,20231206,22
010947245C,0,PS-010947245-007,PARTIAL_SURRENDER,,99,99,FAMILY_SURRENDER_BUCKET,True,549.50,20241206,22
010947245C,0,PS-010947245-008,PARTIAL_SURRENDER,,99,99,FAMILY_SURRENDER_BUCKET,True,549.50,20251208,22
010947866C,0,PS-010947866-001,PARTIAL_SURRENDER,,99,99,FAMILY_SURRENDER_BUCKET,True,548.00,20181203,22
010947866C,0,PS-010947866-002,PARTIAL_SURRENDER,,99,99,FAMILY_SURRENDER_BUCKET,True,548.00,20191202,22
010947866C,0,PS-010947866-003,PARTIAL_SURRENDER,,99,99,FAMILY_SURRENDER_BUCKET,True,548.00,20201201,22
010947866C,0,PS-010947866-004,PARTIAL_SURRENDER,,99,99,FAMILY_SURRENDER_BUCKET,True,548.00,20211201,22
010947866C,0,PS-010947866-005,PARTIAL_SURRENDER,,99,99,FAMILY_SURRENDER_BUCKET,True,548.00,20221201,22
010947866C,0,PS-010947866-006,PARTIAL_SURRENDER,,99,99,FAMILY_SURRENDER_BUCKET,True,548.00,20231201,22
010947870C,0,PS-010947870-001,PARTIAL_SURRENDER,,99,99,FAMILY_SURRENDER_BUCKET,True,390.25,20181217,22
010947870C,0,PS-010947870-002,PARTIAL_SURRENDER,,99,99,FAMILY_SURRENDER_BUCKET,True,390.25,20191216,22
010947870C,0,PS-010947870-003,PARTIAL_SURRENDER,,99,99,FAMILY_SURRENDER_BUCKET,True,390.25,20201215,22
010947870C,0,PS-010947870-004,PARTIAL_SURRENDER,,99,99,FAMILY_SURRENDER_BUCKET,True,390.25,20211215,22
010947870C,0,PS-010947870-005,PARTIAL_SURRENDER,,99,99,FAMILY_SURRENDER_BUCKET,True,390.25,20221215,22
010947870C,0,PS-010947870-006,PARTIAL_SURRENDER,,99,99,FAMILY_SURRENDER_BUCKET,True,390.25,20231215,22
010947870C,0,PS-010947870-007,PARTIAL_SURRENDER,,99,99,FAMILY_SURRENDER_BUCKET,True,390.25,20241216,22
010947870C,0,PS-010947870-008,PARTIAL_SURRENDER,,99,99,FAMILY_SURRENDER_BUCKET,True,390.25,20251215,22
010948195C,0,PS-010948195-001,PARTIAL_SURRENDER,,99,99,FAMILY_SURRENDER_BUCKET,True,206.95,20181207,22
010948195C,0,PS-010948195-002,PARTIAL_SURRENDER,,99,99,FAMILY_SURRENDER_BUCKET,True,206.95,20191209,22
010948195C,0,PS-010948195-003,PARTIAL_SURRENDER,,99,99,FAMILY_SURRENDER_BUCKET,True,206.95,20201207,22
010948195C,0,PS-010948195-004,PARTIAL_SURRENDER,,99,99,FAMILY_SURRENDER_BUCKET,True,206.95,20211207,22
010948195C,0,PS-010948195-005,PARTIAL_SURRENDER,,99,99,FAMILY_SURRENDER_BUCKET,True,206.95,20221207,22
010948195C,0,PS-010948195-006,PARTIAL_SURRENDER,,99,99,FAMILY_SURRENDER_BUCKET,True,206.95,20231207,22
010948241C,0,PS-010948241-001,PARTIAL_SURRENDER,,99,99,FAMILY_SURRENDER_BUCKET,True,417.25,20181203,22
010948241C,0,PS-010948241-002,PARTIAL_SURRENDER,,99,99,FAMILY_SURRENDER_BUCKET,True,417.25,20191202,22
010948241C,0,PS-010948241-003,PARTIAL_SURRENDER,,99,99,FAMILY_SURRENDER_BUCKET,True,417.25,20201201,22
010948241C,0,PS-010948241-004,PARTIAL_SURRENDER,,99,99,FAMILY_SURRENDER_BUCKET,True,417.25,20211201,22
010948241C,0,PS-010948241-005,PARTIAL_SURRENDER,,99,99,FAMILY_SURRENDER_BUCKET,True,417.25,20221201,22
010948241C,0,PS-010948241-006,PARTIAL_SURRENDER,,99,99,FAMILY_SURRENDER_BUCKET,True,417.25,20231201,22
010948241C,0,PS-010948241-007,PARTIAL_SURRENDER,,99,99,FAMILY_SURRENDER_BUCKET,True,417.25,20241202,22
010948241C,0,PS-010948241-008,PARTIAL_SURRENDER,,99,99,FAMILY_SURRENDER_BUCKET,True,417.25,20251201,22
010951456C,0,PS-010951456-001,PARTIAL_SURRENDER,,99,99,FAMILY_SURRENDER_BUCKET,True,131.50,20181217,22
010951456C,0,PS-010951456-002,PARTIAL_SURRENDER,,99,99,FAMILY_SURRENDER_BUCKET,True,131.50,20191216,22
010951456C,0,PS-010951456-003,PARTIAL_SURRENDER,,99,99,FAMILY_SURRENDER_BUCKET,True,131.50,20201216,22
010951456C,0,PS-010951456-004,PARTIAL_SURRENDER,,99,99,FAMILY_SURRENDER_BUCKET,True,131.50,20211216,22
010951456C,0,PS-010951456-005,PARTIAL_SURRENDER,,99,99,FAMILY_SURRENDER_BUCKET,True,131.50,20221216,22
010951456C,0,PS-010951456-006,PARTIAL_SURRENDER,,99,99,FAMILY_SURRENDER_BUCKET,True,131.50,20231218,22
010951456C,0,PS-010951456-007,PARTIAL_SURRENDER,,99,99,FAMILY_SURRENDER_BUCKET,True,131.50,20241216,22
010951456C,0,PS-010951456-008,PARTIAL_SURRENDER,,99,99,FAMILY_SURRENDER_BUCKET,True,131.50,20251216,22
010952369C,0,PS-010952369-001,PARTIAL_SURRENDER,,99,99,FAMILY_SURRENDER_BUCKET,True,148.70,20180307,22
010952369C,0,PS-010952369-002,PARTIAL_SURRENDER,,99,99,FAMILY_SURRENDER_BUCKET,True,148.70,20181211,22
010952369C,0,PS-010952369-003,PARTIAL_SURRENDER,,99,99,FAMILY_SURRENDER_BUCKET,True,148.70,20191211,22
010954823C,0,PS-010954823-001,PARTIAL_SURRENDER,,99,99,FAMILY_SURRENDER_BUCKET,True,179.35,20180104,22
010954823C,0,PS-010954823-002,PARTIAL_SURRENDER,,99,99,FAMILY_SURRENDER_BUCKET,True,179.35,20190104,22
010955783C,0,PS-010955783-001,PARTIAL_SURRENDER,,99,99,FAMILY_SURRENDER_BUCKET,True,200.50,20180122,22
010955783C,0,PS-010955783-002,PARTIAL_SURRENDER,,99,99,FAMILY_SURRENDER_BUCKET,True,200.50,20190121,22
010955783C,0,PS-010955783-003,PARTIAL_SURRENDER,,99,99,FAMILY_SURRENDER_BUCKET,True,200.50,20200120,22
010955783C,0,PS-010955783-004,PARTIAL_SURRENDER,,99,99,FAMILY_SURRENDER_BUCKET,True,200.50,20210120,22
010955783C,0,PS-010955783-005,PARTIAL_SURRENDER,,99,99,FAMILY_SURRENDER_BUCKET,True,200.50,20220120,22
010955783C,0,PS-010955783-006,PARTIAL_SURRENDER,,99,99,FAMILY_SURRENDER_BUCKET,True,200.50,20230120,22
010955783C,0,PS-010955783-007,PARTIAL_SURRENDER,,99,99,FAMILY_SURRENDER_BUCKET,True,200.50,20240122,22
010955783C,0,PS-010955783-008,PARTIAL_SURRENDER,,99,99,FAMILY_SURRENDER_BUCKET,True,200.50,20250120,22
010958446C,0,PS-010958446-001,PARTIAL_SURRENDER,,99,99,FAMILY_SURRENDER_BUCKET,True,163.20,20190305,22
010958446C,0,PS-010958446-002,PARTIAL_SURRENDER,,99,99,FAMILY_SURRENDER_BUCKET,True,163.20,20200102,22
010958446C,0,PS-010958446-003,PARTIAL_SURRENDER,,99,99,FAMILY_SURRENDER_BUCKET,True,163.20,20210104,22
010958446C,0,PS-010958446-004,PARTIAL_SURRENDER,,99,99,FAMILY_SURRENDER_BUCKET,True,163.20,20220103,22
010958446C,0,PS-010958446-005,PARTIAL_SURRENDER,,99,99,FAMILY_SURRENDER_BUCKET,True,163.20,20230103,22
010958446C,0,PS-010958446-006,PARTIAL_SURRENDER,,99,99,FAMILY_SURRENDER_BUCKET,True,163.20,20240102,22
010963046C,0,PS-010963046-001,PARTIAL_SURRENDER,,99,99,FAMILY_SURRENDER_BUCKET,True,368.20,20180301,22
010968689C,0,PS-010968689-001,PARTIAL_SURRENDER,,99,99,FAMILY_SURRENDER_BUCKET,True,206.95,20180227,22
010969153C,0,PS-010969153-001,PARTIAL_SURRENDER,,99,99,FAMILY_SURRENDER_BUCKET,True,276.10,20180702,22
010969153C,0,PS-010969153-002,PARTIAL_SURRENDER,,99,99,FAMILY_SURRENDER_BUCKET,True,276.10,20190401,22
010969153C,0,PS-010969153-003,PARTIAL_SURRENDER,,99,99,FAMILY_SURRENDER_BUCKET,True,276.10,20200401,22
010969153C,0,PS-010969153-004,PARTIAL_SURRENDER,,99,99,FAMILY_SURRENDER_BUCKET,True,276.10,20210401,22
010969153C,0,PS-010969153-005,PARTIAL_SURRENDER,,99,99,FAMILY_SURRENDER_BUCKET,True,276.10,20220401,22
010969153C,0,PS-010969153-006,PARTIAL_SURRENDER,,99,99,FAMILY_SURRENDER_BUCKET,True,276.10,20230403,22
010969231C,0,PS-010969231-001,PARTIAL_SURRENDER,,99,99,FAMILY_SURRENDER_BUCKET,True,188.10,20180221,22
010969231C,0,PS-010969231-002,PARTIAL_SURRENDER,,99,99,FAMILY_SURRENDER_BUCKET,True,188.10,20190221,22
010969231C,0,PS-010969231-003,PARTIAL_SURRENDER,,99,99,FAMILY_SURRENDER_BUCKET,True,188.10,20200221,22
010969231C,0,PS-010969231-004,PARTIAL_SURRENDER,,99,99,FAMILY_SURRENDER_BUCKET,True,188.10,20210222,22
010969231C,0,PS-010969231-005,PARTIAL_SURRENDER,,99,99,FAMILY_SURRENDER_BUCKET,True,188.10,20220221,22
010969231C,0,PS-010969231-006,PARTIAL_SURRENDER,,99,99,FAMILY_SURRENDER_BUCKET,True,188.10,20230221,22
010969231C,0,PS-010969231-007,PARTIAL_SURRENDER,,99,99,FAMILY_SURRENDER_BUCKET,True,188.10,20240221,22
010969231C,0,PS-010969231-008,PARTIAL_SURRENDER,,99,99,FAMILY_SURRENDER_BUCKET,True,188.10,20250221,22
010970211C,0,PS-010970211-001,PARTIAL_SURRENDER,,99,99,FAMILY_SURRENDER_BUCKET,True,289.55,20180306,22
010970211C,0,PS-010970211-002,PARTIAL_SURRENDER,,99,99,FAMILY_SURRENDER_BUCKET,True,289.55,20190306,22
010970211C,0,PS-010970211-003,PARTIAL_SURRENDER,,99,99,FAMILY_SURRENDER_BUCKET,True,289.55,20200306,22
010971570C,0,PS-010971570-001,PARTIAL_SURRENDER,,99,99,FAMILY_SURRENDER_BUCKET,True,244.25,20180312,22
010971570C,0,PS-010971570-002,PARTIAL_SURRENDER,,99,99,FAMILY_SURRENDER_BUCKET,True,244.25,20190311,22
010971570C,0,PS-010971570-003,PARTIAL_SURRENDER,,99,99,FAMILY_SURRENDER_BUCKET,True,244.25,20200310,22
010971570C,0,PS-010971570-004,PARTIAL_SURRENDER,,99,99,FAMILY_SURRENDER_BUCKET,True,244.25,20210310,22
010971570C,0,PS-010971570-005,PARTIAL_SURRENDER,,99,99,FAMILY_SURRENDER_BUCKET,True,244.25,20220310,22
010971570C,0,PS-010971570-006,PARTIAL_SURRENDER,,99,99,FAMILY_SURRENDER_BUCKET,True,244.25,20230310,22
010971570C,0,PS-010971570-007,PARTIAL_SURRENDER,,99,99,FAMILY_SURRENDER_BUCKET,True,244.25,20240311,22
010971570C,0,PS-010971570-008,PARTIAL_SURRENDER,,99,99,FAMILY_SURRENDER_BUCKET,True,244.25,20250310,22
010974048C,0,PS-010974048-001,PARTIAL_SURRENDER,,99,99,FAMILY_SURRENDER_BUCKET,True,121.00,20230313,22
010978232C,0,PS-010978232-001,PARTIAL_SURRENDER,,99,99,FAMILY_SURRENDER_BUCKET,True,142.10,20191203,22
010978232C,0,PS-010978232-002,PARTIAL_SURRENDER,,99,99,FAMILY_SURRENDER_BUCKET,True,142.10,20200401,22
010978232C,0,PS-010978232-003,PARTIAL_SURRENDER,,99,99,FAMILY_SURRENDER_BUCKET,True,142.10,20210401,22
010978232C,0,PS-010978232-004,PARTIAL_SURRENDER,,99,99,FAMILY_SURRENDER_BUCKET,True,142.10,20220401,22
010978232C,0,PS-010978232-005,PARTIAL_SURRENDER,,99,99,FAMILY_SURRENDER_BUCKET,True,142.10,20230403,22
010978232C,0,PS-010978232-006,PARTIAL_SURRENDER,,99,99,FAMILY_SURRENDER_BUCKET,True,142.10,20240401,22
010978232C,0,PS-010978232-007,PARTIAL_SURRENDER,,99,99,FAMILY_SURRENDER_BUCKET,True,142.10,20250401,22
010981739C,0,PS-010981739-001,PARTIAL_SURRENDER,,99,99,FAMILY_SURRENDER_BUCKET,True,263.20,20180416,22
010981739C,0,PS-010981739-002,PARTIAL_SURRENDER,,99,99,FAMILY_SURRENDER_BUCKET,True,263.20,20190415,22
010981739C,0,PS-010981739-003,PARTIAL_SURRENDER,,99,99,FAMILY_SURRENDER_BUCKET,True,263.20,20200414,22
010981739C,0,PS-010981739-004,PARTIAL_SURRENDER,,99,99,FAMILY_SURRENDER_BUCKET,True,263.20,20210414,22
010985184C,0,PS-010985184-001,PARTIAL_SURRENDER,,99,99,FAMILY_SURRENDER_BUCKET,True,217.79,20180426,22
010985184C,0,PS-010985184-002,PARTIAL_SURRENDER,,99,99,FAMILY_SURRENDER_BUCKET,True,217.79,20190426,22
010985184C,0,PS-010985184-003,PARTIAL_SURRENDER,,99,99,FAMILY_SURRENDER_BUCKET,True,217.79,20200427,22
010985184C,0,PS-010985184-004,PARTIAL_SURRENDER,,99,99,FAMILY_SURRENDER_BUCKET,True,217.79,20210426,22
010985184C,0,PS-010985184-005,PARTIAL_SURRENDER,,99,99,FAMILY_SURRENDER_BUCKET,True,217.79,20220426,22
010985184C,0,PS-010985184-006,PARTIAL_SURRENDER,,99,99,FAMILY_SURRENDER_BUCKET,True,217.79,20230426,22
010986137C,0,PS-010986137-001,PARTIAL_SURRENDER,,99,99,FAMILY_SURRENDER_BUCKET,True,276.10,20180501,22
010986434C,0,PS-010986434-001,PARTIAL_SURRENDER,,99,99,FAMILY_SURRENDER_BUCKET,True,157.28,20180507,22
010986434C,0,PS-010986434-002,PARTIAL_SURRENDER,,99,99,FAMILY_SURRENDER_BUCKET,True,157.28,20190506,22
010990148C,0,PS-010990148-001,PARTIAL_SURRENDER,,99,99,FAMILY_SURRENDER_BUCKET,True,268.48,20180702,22
010990850C,0,PS-010990850-001,PARTIAL_SURRENDER,,99,99,FAMILY_SURRENDER_BUCKET,True,543.57,20180529,22
010990850C,0,PS-010990850-002,PARTIAL_SURRENDER,,99,99,FAMILY_SURRENDER_BUCKET,True,543.57,20190528,22
010990850C,0,PS-010990850-003,PARTIAL_SURRENDER,,99,99,FAMILY_SURRENDER_BUCKET,True,543.57,20200528,22
010990850C,0,PS-010990850-004,PARTIAL_SURRENDER,,99,99,FAMILY_SURRENDER_BUCKET,True,543.57,20210528,22
010990850C,0,PS-010990850-005,PARTIAL_SURRENDER,,99,99,FAMILY_SURRENDER_BUCKET,True,543.57,20220531,22
010990850C,0,PS-010990850-006,PARTIAL_SURRENDER,,99,99,FAMILY_SURRENDER_BUCKET,True,543.57,20230530,22
010990850C,0,PS-010990850-007,PARTIAL_SURRENDER,,99,99,FAMILY_SURRENDER_BUCKET,True,543.57,20240528,22
010990850C,0,PS-010990850-008,PARTIAL_SURRENDER,,99,99,FAMILY_SURRENDER_BUCKET,True,543.57,20250528,22
010991108C,0,PS-010991108-001,PARTIAL_SURRENDER,,99,99,FAMILY_SURRENDER_BUCKET,True,608.75,20180529,22
010991108C,0,PS-010991108-002,PARTIAL_SURRENDER,,99,99,FAMILY_SURRENDER_BUCKET,True,608.75,20190528,22
010991108C,0,PS-010991108-003,PARTIAL_SURRENDER,,99,99,FAMILY_SURRENDER_BUCKET,True,608.75,20200527,22
010991108C,0,PS-010991108-004,PARTIAL_SURRENDER,,99,99,FAMILY_SURRENDER_BUCKET,True,608.75,20210527,22
010991108C,0,PS-010991108-005,PARTIAL_SURRENDER,,99,99,FAMILY_SURRENDER_BUCKET,True,608.75,20220527,22
010991108C,0,PS-010991108-006,PARTIAL_SURRENDER,,99,99,FAMILY_SURRENDER_BUCKET,True,608.75,20230530,22
010991108C,0,PS-010991108-007,PARTIAL_SURRENDER,,99,99,FAMILY_SURRENDER_BUCKET,True,608.75,20240528,22
010991108C,0,PS-010991108-008,PARTIAL_SURRENDER,,99,99,FAMILY_SURRENDER_BUCKET,True,608.75,20250527,22
010992126C,0,PS-010992126-001,PARTIAL_SURRENDER,,99,99,FAMILY_SURRENDER_BUCKET,True,142.00,20180618,22
010992126C,0,PS-010992126-002,PARTIAL_SURRENDER,,99,99,FAMILY_SURRENDER_BUCKET,True,142.00,20190618,22
010992126C,0,PS-010992126-003,PARTIAL_SURRENDER,,99,99,FAMILY_SURRENDER_BUCKET,True,142.00,20200618,22
010992126C,0,PS-010992126-004,PARTIAL_SURRENDER,,99,99,FAMILY_SURRENDER_BUCKET,True,142.00,20210618,22
010992126C,0,PS-010992126-005,PARTIAL_SURRENDER,,99,99,FAMILY_SURRENDER_BUCKET,True,142.00,20220620,22
010992126C,0,PS-010992126-006,PARTIAL_SURRENDER,,99,99,FAMILY_SURRENDER_BUCKET,True,142.00,20230619,22
010992126C,0,PS-010992126-007,PARTIAL_SURRENDER,,99,99,FAMILY_SURRENDER_BUCKET,True,142.00,20240618,22
010992126C,0,PS-010992126-008,PARTIAL_SURRENDER,,99,99,FAMILY_SURRENDER_BUCKET,True,142.00,20250618,22
010993841C,0,PS-010993841-001,PARTIAL_SURRENDER,,99,99,FAMILY_SURRENDER_BUCKET,True,165.52,20180702,22
010993841C,0,PS-010993841-002,PARTIAL_SURRENDER,,99,99,FAMILY_SURRENDER_BUCKET,True,165.52,20190701,22
010993841C,0,PS-010993841-003,PARTIAL_SURRENDER,,99,99,FAMILY_SURRENDER_BUCKET,True,165.52,20200701,22
010993841C,0,PS-010993841-004,PARTIAL_SURRENDER,,99,99,FAMILY_SURRENDER_BUCKET,True,165.52,20210701,22
010993841C,0,PS-010993841-005,PARTIAL_SURRENDER,,99,99,FAMILY_SURRENDER_BUCKET,True,165.52,20220701,22
010993841C,0,PS-010993841-006,PARTIAL_SURRENDER,,99,99,FAMILY_SURRENDER_BUCKET,True,165.52,20230703,22
010993841C,0,PS-010993841-007,PARTIAL_SURRENDER,,99,99,FAMILY_SURRENDER_BUCKET,True,165.52,20240701,22
010993841C,0,PS-010993841-008,PARTIAL_SURRENDER,,99,99,FAMILY_SURRENDER_BUCKET,True,165.52,20250701,22
010994236C,0,PS-010994236-001,PARTIAL_SURRENDER,,99,99,FAMILY_SURRENDER_BUCKET,True,373.75,20180702,22
010994236C,0,PS-010994236-002,PARTIAL_SURRENDER,,99,99,FAMILY_SURRENDER_BUCKET,True,373.75,20190701,22
010996841C,0,PS-010996841-001,PARTIAL_SURRENDER,,99,99,FAMILY_SURRENDER_BUCKET,True,276.10,20180801,22
010996841C,0,PS-010996841-002,PARTIAL_SURRENDER,,99,99,FAMILY_SURRENDER_BUCKET,True,276.10,20190801,22
010996841C,0,PS-010996841-003,PARTIAL_SURRENDER,,99,99,FAMILY_SURRENDER_BUCKET,True,276.10,20200803,22
010996983C,0,PS-010996983-001,PARTIAL_SURRENDER,,99,99,FAMILY_SURRENDER_BUCKET,True,179.35,20180802,22
010997600C,0,PS-010997600-001,PARTIAL_SURRENDER,,99,99,FAMILY_SURRENDER_BUCKET,True,239.15,20180807,22
011002095C,0,PS-011002095-001,PARTIAL_SURRENDER,,99,99,FAMILY_SURRENDER_BUCKET,True,263.20,20180918,22
011002095C,0,PS-011002095-002,PARTIAL_SURRENDER,,99,99,FAMILY_SURRENDER_BUCKET,True,263.20,20190918,22
011002095C,0,PS-011002095-003,PARTIAL_SURRENDER,,99,99,FAMILY_SURRENDER_BUCKET,True,263.20,20200918,22
011002616C,0,PS-011002616-001,PARTIAL_SURRENDER,,99,99,FAMILY_SURRENDER_BUCKET,True,121.00,20180109,22
011002616C,0,PS-011002616-002,PARTIAL_SURRENDER,,99,99,FAMILY_SURRENDER_BUCKET,True,121.00,20180928,22
011002616C,0,PS-011002616-003,PARTIAL_SURRENDER,,99,99,FAMILY_SURRENDER_BUCKET,True,121.00,20190930,22
011002616C,0,PS-011002616-004,PARTIAL_SURRENDER,,99,99,FAMILY_SURRENDER_BUCKET,True,121.00,20200928,22
011002616C,0,PS-011002616-005,PARTIAL_SURRENDER,,99,99,FAMILY_SURRENDER_BUCKET,True,121.00,20210928,22
011002616C,0,PS-011002616-006,PARTIAL_SURRENDER,,99,99,FAMILY_SURRENDER_BUCKET,True,121.00,20220928,22
011002616C,0,PS-011002616-007,PARTIAL_SURRENDER,,99,99,FAMILY_SURRENDER_BUCKET,True,121.00,20230928,22
011002616C,0,PS-011002616-008,PARTIAL_SURRENDER,,99,99,FAMILY_SURRENDER_BUCKET,True,121.00,20240930,22
011002616C,0,PS-011002616-009,PARTIAL_SURRENDER,,99,99,FAMILY_SURRENDER_BUCKET,True,121.00,20250929,22
011002664C,0,PS-011002664-001,PARTIAL_SURRENDER,,99,99,FAMILY_SURRENDER_BUCKET,True,289.55,20180928,22
011005348C,0,PS-011005348-001,PARTIAL_SURRENDER,,99,99,FAMILY_SURRENDER_BUCKET,True,263.20,20181029,22
011005348C,0,PS-011005348-002,PARTIAL_SURRENDER,,99,99,FAMILY_SURRENDER_BUCKET,True,263.20,20191028,22
011005348C,0,PS-011005348-003,PARTIAL_SURRENDER,,99,99,FAMILY_SURRENDER_BUCKET,True,263.20,20201027,22
011005348C,0,PS-011005348-004,PARTIAL_SURRENDER,,99,99,FAMILY_SURRENDER_BUCKET,True,263.20,20211027,22
011005348C,0,PS-011005348-005,PARTIAL_SURRENDER,,99,99,FAMILY_SURRENDER_BUCKET,True,263.20,20221027,22
011005348C,0,PS-011005348-006,PARTIAL_SURRENDER,,99,99,FAMILY_SURRENDER_BUCKET,True,263.20,20231027,22
011008707C,0,PS-011008707-001,PARTIAL_SURRENDER,,99,99,FAMILY_SURRENDER_BUCKET,True,188.10,20190207,22
011008707C,0,PS-011008707-002,PARTIAL_SURRENDER,,99,99,FAMILY_SURRENDER_BUCKET,True,188.10,20191209,22
011008707C,0,PS-011008707-003,PARTIAL_SURRENDER,,99,99,FAMILY_SURRENDER_BUCKET,True,188.10,20201208,22
011008707C,0,PS-011008707-004,PARTIAL_SURRENDER,,99,99,FAMILY_SURRENDER_BUCKET,True,188.10,20211208,22
011008707C,0,PS-011008707-005,PARTIAL_SURRENDER,,99,99,FAMILY_SURRENDER_BUCKET,True,188.10,20221208,22
011008707C,0,PS-011008707-006,PARTIAL_SURRENDER,,99,99,FAMILY_SURRENDER_BUCKET,True,188.10,20231208,22
011008707C,0,PS-011008707-007,PARTIAL_SURRENDER,,99,99,FAMILY_SURRENDER_BUCKET,True,188.10,20241209,22
011008707C,0,PS-011008707-008,PARTIAL_SURRENDER,,99,99,FAMILY_SURRENDER_BUCKET,True,188.10,20251208,22
011016293C,0,PS-011016293-001,PARTIAL_SURRENDER,,99,99,FAMILY_SURRENDER_BUCKET,True,112.75,20180313,22
011016293C,0,PS-011016293-002,PARTIAL_SURRENDER,,99,99,FAMILY_SURRENDER_BUCKET,True,112.75,20190313,22
011016293C,0,PS-011016293-003,PARTIAL_SURRENDER,,99,99,FAMILY_SURRENDER_BUCKET,True,112.75,20200313,22
011016293C,0,PS-011016293-004,PARTIAL_SURRENDER,,99,99,FAMILY_SURRENDER_BUCKET,True,112.75,20210315,22
011016293C,0,PS-011016293-005,PARTIAL_SURRENDER,,99,99,FAMILY_SURRENDER_BUCKET,True,112.75,20220314,22
011016293C,0,PS-011016293-006,PARTIAL_SURRENDER,,99,99,FAMILY_SURRENDER_BUCKET,True,112.75,20230313,22
011016293C,0,PS-011016293-007,PARTIAL_SURRENDER,,99,99,FAMILY_SURRENDER_BUCKET,True,112.75,20240313,22
011016527C,0,PS-011016527-001,PARTIAL_SURRENDER,,99,99,FAMILY_SURRENDER_BUCKET,True,346.23,20180314,22
011016527C,0,PS-011016527-002,PARTIAL_SURRENDER,,99,99,FAMILY_SURRENDER_BUCKET,True,346.23,20190314,22
011017841C,0,PS-011017841-001,PARTIAL_SURRENDER,,99,99,FAMILY_SURRENDER_BUCKET,True,163.20,20180403,22
011017841C,0,PS-011017841-002,PARTIAL_SURRENDER,,99,99,FAMILY_SURRENDER_BUCKET,True,163.20,20190403,22
011017841C,0,PS-011017841-003,PARTIAL_SURRENDER,,99,99,FAMILY_SURRENDER_BUCKET,True,163.20,20200403,22
011020938C,0,PS-011020938-001,PARTIAL_SURRENDER,,99,99,FAMILY_SURRENDER_BUCKET,True,549.50,20180702,22
011020938C,0,PS-011020938-002,PARTIAL_SURRENDER,,99,99,FAMILY_SURRENDER_BUCKET,True,549.50,20190701,22
011020938C,0,PS-011020938-003,PARTIAL_SURRENDER,,99,99,FAMILY_SURRENDER_BUCKET,True,549.50,20200701,22
011020938C,0,PS-011020938-004,PARTIAL_SURRENDER,,99,99,FAMILY_SURRENDER_BUCKET,True,549.50,20210701,22
011020938C,0,PS-011020938-005,PARTIAL_SURRENDER,,99,99,FAMILY_SURRENDER_BUCKET,True,549.50,20220701,22
011020938C,0,PS-011020938-006,PARTIAL_SURRENDER,,99,99,FAMILY_SURRENDER_BUCKET,True,549.50,20230703,22
011020938C,0,PS-011020938-007,PARTIAL_SURRENDER,,99,99,FAMILY_SURRENDER_BUCKET,True,549.50,20240701,22
011020938C,0,PS-011020938-008,PARTIAL_SURRENDER,,99,99,FAMILY_SURRENDER_BUCKET,True,549.50,20250701,22
011025405C,0,PS-011025405-001,PARTIAL_SURRENDER,,99,99,FAMILY_SURRENDER_BUCKET,True,227.90,20180813,22
011025405C,0,PS-011025405-002,PARTIAL_SURRENDER,,99,99,FAMILY_SURRENDER_BUCKET,True,227.90,20190812,22
011025405C,0,PS-011025405-003,PARTIAL_SURRENDER,,99,99,FAMILY_SURRENDER_BUCKET,True,227.90,20200811,22
011025405C,0,PS-011025405-004,PARTIAL_SURRENDER,,99,99,FAMILY_SURRENDER_BUCKET,True,227.90,20210811,22
011025405C,0,PS-011025405-005,PARTIAL_SURRENDER,,99,99,FAMILY_SURRENDER_BUCKET,True,227.90,20220811,22
011025405C,0,PS-011025405-006,PARTIAL_SURRENDER,,99,99,FAMILY_SURRENDER_BUCKET,True,227.90,20230811,22
011025405C,0,PS-011025405-007,PARTIAL_SURRENDER,,99,99,FAMILY_SURRENDER_BUCKET,True,227.90,20240812,22
011025405C,0,PS-011025405-008,PARTIAL_SURRENDER,,99,99,FAMILY_SURRENDER_BUCKET,True,227.90,20250811,22
011025478C,0,PS-011025478-001,PARTIAL_SURRENDER,,99,99,FAMILY_SURRENDER_BUCKET,True,368.20,20180816,22
011025478C,0,PS-011025478-002,PARTIAL_SURRENDER,,99,99,FAMILY_SURRENDER_BUCKET,True,368.20,20190816,22
011032672C,0,PS-011032672-001,PARTIAL_SURRENDER,,99,99,FAMILY_SURRENDER_BUCKET,True,403.50,20200312,22
011032672C,0,PS-011032672-002,PARTIAL_SURRENDER,,99,99,FAMILY_SURRENDER_BUCKET,True,403.50,20210104,22
011032672C,0,PS-011032672-003,PARTIAL_SURRENDER,,99,99,FAMILY_SURRENDER_BUCKET,True,403.50,20220103,22
011032672C,0,PS-011032672-004,PARTIAL_SURRENDER,,99,99,FAMILY_SURRENDER_BUCKET,True,403.50,20230103,22
011032672C,0,PS-011032672-005,PARTIAL_SURRENDER,,99,99,FAMILY_SURRENDER_BUCKET,True,403.50,20240102,22
011032672C,0,PS-011032672-006,PARTIAL_SURRENDER,,99,99,FAMILY_SURRENDER_BUCKET,True,403.50,20250102,22
011032672C,0,PS-011032672-007,PARTIAL_SURRENDER,,99,99,FAMILY_SURRENDER_BUCKET,True,403.50,20260102,22
011032897C,0,PS-011032897-001,PARTIAL_SURRENDER,,99,99,FAMILY_SURRENDER_BUCKET,True,597.40,20230803,22
011032897C,0,PS-011032897-002,PARTIAL_SURRENDER,,99,99,FAMILY_SURRENDER_BUCKET,True,597.40,20240105,22
011032897C,0,PS-011032897-003,PARTIAL_SURRENDER,,99,99,FAMILY_SURRENDER_BUCKET,True,597.40,20250106,22
011032898C,0,PS-011032898-001,PARTIAL_SURRENDER,,99,99,FAMILY_SURRENDER_BUCKET,True,905.20,20230803,22
011032898C,0,PS-011032898-002,PARTIAL_SURRENDER,,99,99,FAMILY_SURRENDER_BUCKET,True,905.20,20240109,22
011032898C,0,PS-011032898-003,PARTIAL_SURRENDER,,99,99,FAMILY_SURRENDER_BUCKET,True,905.20,20250109,22
011033048C,0,PS-011033048-001,PARTIAL_SURRENDER,,99,99,FAMILY_SURRENDER_BUCKET,True,157.28,20210603,22
011033048C,0,PS-011033048-002,PARTIAL_SURRENDER,,99,99,FAMILY_SURRENDER_BUCKET,True,157.28,20220103,22
011033048C,0,PS-011033048-003,PARTIAL_SURRENDER,,99,99,FAMILY_SURRENDER_BUCKET,True,157.28,20230103,22
011035773C,0,PS-011035773-001,PARTIAL_SURRENDER,,99,99,FAMILY_SURRENDER_BUCKET,True,326.32,20180305,22
011036041C,0,PS-011036041-001,PARTIAL_SURRENDER,,99,99,FAMILY_SURRENDER_BUCKET,True,175.25,20180305,22
011036041C,0,PS-011036041-002,PARTIAL_SURRENDER,,99,99,FAMILY_SURRENDER_BUCKET,True,175.25,20190305,22
011036041C,0,PS-011036041-003,PARTIAL_SURRENDER,,99,99,FAMILY_SURRENDER_BUCKET,True,175.25,20200305,22
011036041C,0,PS-011036041-004,PARTIAL_SURRENDER,,99,99,FAMILY_SURRENDER_BUCKET,True,175.25,20210305,22
011036041C,0,PS-011036041-005,PARTIAL_SURRENDER,,99,99,FAMILY_SURRENDER_BUCKET,True,175.25,20220307,22
011036041C,0,PS-011036041-006,PARTIAL_SURRENDER,,99,99,FAMILY_SURRENDER_BUCKET,True,175.25,20230306,22
011036041C,0,PS-011036041-007,PARTIAL_SURRENDER,,99,99,FAMILY_SURRENDER_BUCKET,True,175.25,20240305,22
011036041C,0,PS-011036041-008,PARTIAL_SURRENDER,,99,99,FAMILY_SURRENDER_BUCKET,True,175.25,20250305,22
011036054C,0,PS-011036054-001,PARTIAL_SURRENDER,,99,99,FAMILY_SURRENDER_BUCKET,True,286.50,20190214,22
011036054C,0,PS-011036054-002,PARTIAL_SURRENDER,,99,99,FAMILY_SURRENDER_BUCKET,True,316.32,20190308,22
011036054C,0,PS-011036054-003,PARTIAL_SURRENDER,,99,99,FAMILY_SURRENDER_BUCKET,True,316.32,20200309,22
011036054C,0,PS-011036054-004,PARTIAL_SURRENDER,,99,99,FAMILY_SURRENDER_BUCKET,True,316.32,20210308,22
011036054C,0,PS-011036054-005,PARTIAL_SURRENDER,,99,99,FAMILY_SURRENDER_BUCKET,True,316.32,20220308,22
011036054C,0,PS-011036054-006,PARTIAL_SURRENDER,,99,99,FAMILY_SURRENDER_BUCKET,True,316.32,20230308,22
011036054C,0,PS-011036054-007,PARTIAL_SURRENDER,,99,99,FAMILY_SURRENDER_BUCKET,True,316.32,20240308,22
011038386C,0,PS-011038386-001,PARTIAL_SURRENDER,,99,99,FAMILY_SURRENDER_BUCKET,True,368.20,20180418,22
011038386C,0,PS-011038386-002,PARTIAL_SURRENDER,,99,99,FAMILY_SURRENDER_BUCKET,True,368.20,20190418,22
011038386C,0,PS-011038386-003,PARTIAL_SURRENDER,,99,99,FAMILY_SURRENDER_BUCKET,True,368.20,20200420,22
011038645C,0,PS-011038645-001,PARTIAL_SURRENDER,,99,99,FAMILY_SURRENDER_BUCKET,True,112.75,20210526,22
011038645C,0,PS-011038645-002,PARTIAL_SURRENDER,,99,99,FAMILY_SURRENDER_BUCKET,True,112.75,20220422,22
011038645C,0,PS-011038645-003,PARTIAL_SURRENDER,,99,99,FAMILY_SURRENDER_BUCKET,True,112.75,20230424,22
011038645C,0,PS-011038645-004,PARTIAL_SURRENDER,,99,99,FAMILY_SURRENDER_BUCKET,True,112.75,20240422,22
011038645C,0,PS-011038645-005,PARTIAL_SURRENDER,,99,99,FAMILY_SURRENDER_BUCKET,True,112.75,20250422,22
011039701C,0,PS-011039701-001,PARTIAL_SURRENDER,,99,99,FAMILY_SURRENDER_BUCKET,True,369.70,20180514,22
011039701C,0,PS-011039701-002,PARTIAL_SURRENDER,,99,99,FAMILY_SURRENDER_BUCKET,True,369.70,20190514,22
011039701C,0,PS-011039701-003,PARTIAL_SURRENDER,,99,99,FAMILY_SURRENDER_BUCKET,True,369.70,20200514,22
011039701C,0,PS-011039701-004,PARTIAL_SURRENDER,,99,99,FAMILY_SURRENDER_BUCKET,True,369.70,20210514,22
011039701C,0,PS-011039701-005,PARTIAL_SURRENDER,,99,99,FAMILY_SURRENDER_BUCKET,True,369.70,20220516,22
011039701C,0,PS-011039701-006,PARTIAL_SURRENDER,,99,99,FAMILY_SURRENDER_BUCKET,True,369.70,20230523,22
011040826C,0,PS-011040826-001,PARTIAL_SURRENDER,,99,99,FAMILY_SURRENDER_BUCKET,True,217.20,20180607,22
011040826C,0,PS-011040826-002,PARTIAL_SURRENDER,,99,99,FAMILY_SURRENDER_BUCKET,True,217.20,20190607,22
011041480C,0,PS-011041480-001,PARTIAL_SURRENDER,,99,99,FAMILY_SURRENDER_BUCKET,True,263.20,20180625,22
011042946C,0,PS-011042946-001,PARTIAL_SURRENDER,,99,99,FAMILY_SURRENDER_BUCKET,True,376.30,20180815,22
011042946C,0,PS-011042946-002,PARTIAL_SURRENDER,,99,99,FAMILY_SURRENDER_BUCKET,True,376.30,20190815,22
011042946C,0,PS-011042946-003,PARTIAL_SURRENDER,,99,99,FAMILY_SURRENDER_BUCKET,True,376.30,20200817,22
011042946C,0,PS-011042946-004,PARTIAL_SURRENDER,,99,99,FAMILY_SURRENDER_BUCKET,True,376.30,20210816,22
011042946C,0,PS-011042946-005,PARTIAL_SURRENDER,,99,99,FAMILY_SURRENDER_BUCKET,True,376.30,20220815,22
011042946C,0,PS-011042946-006,PARTIAL_SURRENDER,,99,99,FAMILY_SURRENDER_BUCKET,True,376.30,20230815,22
011042946C,0,PS-011042946-007,PARTIAL_SURRENDER,,99,99,FAMILY_SURRENDER_BUCKET,True,376.30,20240815,22
011042946C,0,PS-011042946-008,PARTIAL_SURRENDER,,99,99,FAMILY_SURRENDER_BUCKET,True,376.30,20250815,22
011045350C,0,PS-011045350-001,PARTIAL_SURRENDER,,99,99,FAMILY_SURRENDER_BUCKET,True,439.60,20181101,22
011045350C,0,PS-011045350-002,PARTIAL_SURRENDER,,99,99,FAMILY_SURRENDER_BUCKET,True,439.60,20191101,22
011045350C,0,PS-011045350-003,PARTIAL_SURRENDER,,99,99,FAMILY_SURRENDER_BUCKET,True,439.60,20201102,22
011045350C,0,PS-011045350-004,PARTIAL_SURRENDER,,99,99,FAMILY_SURRENDER_BUCKET,True,439.60,20211101,22
011045350C,0,PS-011045350-005,PARTIAL_SURRENDER,,99,99,FAMILY_SURRENDER_BUCKET,True,439.60,20221101,22
011045350C,0,PS-011045350-006,PARTIAL_SURRENDER,,99,99,FAMILY_SURRENDER_BUCKET,True,439.60,20231101,22
011045350C,0,PS-011045350-007,PARTIAL_SURRENDER,,99,99,FAMILY_SURRENDER_BUCKET,True,439.60,20241101,22
011045350C,0,PS-011045350-008,PARTIAL_SURRENDER,,99,99,FAMILY_SURRENDER_BUCKET,True,439.60,20251103,22
011048543C,0,PS-011048543-001,PARTIAL_SURRENDER,,99,99,FAMILY_SURRENDER_BUCKET,True,667.45,20181217,22
011048543C,0,PS-011048543-002,PARTIAL_SURRENDER,,99,99,FAMILY_SURRENDER_BUCKET,True,667.45,20191216,22
011048543C,0,PS-011048543-003,PARTIAL_SURRENDER,,99,99,FAMILY_SURRENDER_BUCKET,True,667.45,20201215,22
011048543C,0,PS-011048543-004,PARTIAL_SURRENDER,,99,99,FAMILY_SURRENDER_BUCKET,True,667.45,20211215,22
011048886C,0,PS-011048886-001,PARTIAL_SURRENDER,,99,99,FAMILY_SURRENDER_BUCKET,True,501.40,20180102,22
011048886C,0,PS-011048886-002,PARTIAL_SURRENDER,,99,99,FAMILY_SURRENDER_BUCKET,True,501.40,20190102,22
011048886C,0,PS-011048886-003,PARTIAL_SURRENDER,,99,99,FAMILY_SURRENDER_BUCKET,True,501.40,20200102,22
011049319C,0,PS-011049319-001,PARTIAL_SURRENDER,,99,99,FAMILY_SURRENDER_BUCKET,True,334.25,20190108,22
011049319C,0,PS-011049319-002,PARTIAL_SURRENDER,,99,99,FAMILY_SURRENDER_BUCKET,True,334.25,20191106,22
011049319C,0,PS-011049319-003,PARTIAL_SURRENDER,,99,99,FAMILY_SURRENDER_BUCKET,True,334.25,20201106,22
011049319C,0,PS-011049319-004,PARTIAL_SURRENDER,,99,99,FAMILY_SURRENDER_BUCKET,True,334.25,20211108,22
011049319C,0,PS-011049319-005,PARTIAL_SURRENDER,,99,99,FAMILY_SURRENDER_BUCKET,True,334.25,20221107,22
011050114C,0,PS-011050114-001,PARTIAL_SURRENDER,,99,99,FAMILY_SURRENDER_BUCKET,True,136.00,20180227,22
011050653C,0,PS-011050653-001,PARTIAL_SURRENDER,,99,99,FAMILY_SURRENDER_BUCKET,True,842.00,20180115,22
011050653C,0,PS-011050653-002,PARTIAL_SURRENDER,,99,99,FAMILY_SURRENDER_BUCKET,True,842.00,20190115,22
011050653C,0,PS-011050653-003,PARTIAL_SURRENDER,,99,99,FAMILY_SURRENDER_BUCKET,True,842.00,20200115,22
011050653C,0,PS-011050653-004,PARTIAL_SURRENDER,,99,99,FAMILY_SURRENDER_BUCKET,True,842.00,20210115,22
011050653C,0,PS-011050653-005,PARTIAL_SURRENDER,,99,99,FAMILY_SURRENDER_BUCKET,True,842.00,20220117,22
011050653C,0,PS-011050653-006,PARTIAL_SURRENDER,,99,99,FAMILY_SURRENDER_BUCKET,True,842.00,20230116,22
011050653C,0,PS-011050653-007,PARTIAL_SURRENDER,,99,99,FAMILY_SURRENDER_BUCKET,True,842.00,20240115,22
011050653C,0,PS-011050653-008,PARTIAL_SURRENDER,,99,99,FAMILY_SURRENDER_BUCKET,True,842.00,20250115,22
011051323C,0,PS-011051323-001,PARTIAL_SURRENDER,,99,99,FAMILY_SURRENDER_BUCKET,True,568.18,20180228,22
011051323C,0,PS-011051323-002,PARTIAL_SURRENDER,,99,99,FAMILY_SURRENDER_BUCKET,True,568.18,20190228,22
011053076C,0,PS-011053076-001,PARTIAL_SURRENDER,,99,99,FAMILY_SURRENDER_BUCKET,True,232.00,20180226,22
011053076C,0,PS-011053076-002,PARTIAL_SURRENDER,,99,99,FAMILY_SURRENDER_BUCKET,True,232.00,20190225,22
011053076C,0,PS-011053076-003,PARTIAL_SURRENDER,,99,99,FAMILY_SURRENDER_BUCKET,True,232.00,20200225,22
011053076C,0,PS-011053076-004,PARTIAL_SURRENDER,,99,99,FAMILY_SURRENDER_BUCKET,True,232.00,20210225,22
011053076C,0,PS-011053076-005,PARTIAL_SURRENDER,,99,99,FAMILY_SURRENDER_BUCKET,True,232.00,20220225,22
011053076C,0,PS-011053076-006,PARTIAL_SURRENDER,,99,99,FAMILY_SURRENDER_BUCKET,True,232.00,20230227,22
011053076C,0,PS-011053076-007,PARTIAL_SURRENDER,,99,99,FAMILY_SURRENDER_BUCKET,True,232.00,20240226,22
011053214C,0,PS-011053214-001,PARTIAL_SURRENDER,,99,99,FAMILY_SURRENDER_BUCKET,True,303.60,20180724,22
011054606C,0,PS-011054606-001,PARTIAL_SURRENDER,,99,99,FAMILY_SURRENDER_BUCKET,True,217.00,20180419,22
011054606C,0,PS-011054606-002,PARTIAL_SURRENDER,,99,99,FAMILY_SURRENDER_BUCKET,True,217.00,20190325,22
011054606C,0,PS-011054606-003,PARTIAL_SURRENDER,,99,99,FAMILY_SURRENDER_BUCKET,True,217.00,20200324,22
011054606C,0,PS-011054606-004,PARTIAL_SURRENDER,,99,99,FAMILY_SURRENDER_BUCKET,True,217.00,20210324,22
011054606C,0,PS-011054606-005,PARTIAL_SURRENDER,,99,99,FAMILY_SURRENDER_BUCKET,True,217.00,20220324,22
011054606C,0,PS-011054606-006,PARTIAL_SURRENDER,,99,99,FAMILY_SURRENDER_BUCKET,True,217.00,20230324,22
011054606C,0,PS-011054606-007,PARTIAL_SURRENDER,,99,99,FAMILY_SURRENDER_BUCKET,True,217.00,20240325,22
011054606C,0,PS-011054606-008,PARTIAL_SURRENDER,,99,99,FAMILY_SURRENDER_BUCKET,True,217.00,20250324,22
011057485C,0,PS-011057485-001,PARTIAL_SURRENDER,,99,99,FAMILY_SURRENDER_BUCKET,True,413.70,20190826,22
011057611C,0,PS-011057611-001,PARTIAL_SURRENDER,,99,99,FAMILY_SURRENDER_BUCKET,True,416.26,20180514,22
011057611C,0,PS-011057611-002,PARTIAL_SURRENDER,,99,99,FAMILY_SURRENDER_BUCKET,True,416.26,20190513,22
011057611C,0,PS-011057611-003,PARTIAL_SURRENDER,,99,99,FAMILY_SURRENDER_BUCKET,True,416.26,20200513,22
011057611C,0,PS-011057611-004,PARTIAL_SURRENDER,,99,99,FAMILY_SURRENDER_BUCKET,True,416.26,20210513,22
011057611C,0,PS-011057611-005,PARTIAL_SURRENDER,,99,99,FAMILY_SURRENDER_BUCKET,True,416.26,20220513,22
011057611C,0,PS-011057611-006,PARTIAL_SURRENDER,,99,99,FAMILY_SURRENDER_BUCKET,True,416.26,20230515,22
011057611C,0,PS-011057611-007,PARTIAL_SURRENDER,,99,99,FAMILY_SURRENDER_BUCKET,True,416.26,20240513,22
011060621C,0,PS-011060621-001,PARTIAL_SURRENDER,,99,99,FAMILY_SURRENDER_BUCKET,True,115.75,20180820,22
011060621C,0,PS-011060621-002,PARTIAL_SURRENDER,,99,99,FAMILY_SURRENDER_BUCKET,True,115.75,20190819,22
011060621C,0,PS-011060621-003,PARTIAL_SURRENDER,,99,99,FAMILY_SURRENDER_BUCKET,True,115.75,20200819,22
011060621C,0,PS-011060621-004,PARTIAL_SURRENDER,,99,99,FAMILY_SURRENDER_BUCKET,True,115.75,20210819,22
011060621C,0,PS-011060621-005,PARTIAL_SURRENDER,,99,99,FAMILY_SURRENDER_BUCKET,True,115.75,20220819,22
011060621C,0,PS-011060621-006,PARTIAL_SURRENDER,,99,99,FAMILY_SURRENDER_BUCKET,True,115.75,20230821,22
011060621C,0,PS-011060621-007,PARTIAL_SURRENDER,,99,99,FAMILY_SURRENDER_BUCKET,True,115.75,20240819,22
011060621C,0,PS-011060621-008,PARTIAL_SURRENDER,,99,99,FAMILY_SURRENDER_BUCKET,True,115.75,20250819,22
011061046C,0,PS-011061046-001,PARTIAL_SURRENDER,,99,99,FAMILY_SURRENDER_BUCKET,True,221.50,20180716,22
011061046C,0,PS-011061046-002,PARTIAL_SURRENDER,,99,99,FAMILY_SURRENDER_BUCKET,True,221.50,20190715,22
011061046C,0,PS-011061046-003,PARTIAL_SURRENDER,,99,99,FAMILY_SURRENDER_BUCKET,True,221.50,20200715,22
011061046C,0,PS-011061046-004,PARTIAL_SURRENDER,,99,99,FAMILY_SURRENDER_BUCKET,True,221.50,20210715,22
011061046C,0,PS-011061046-005,PARTIAL_SURRENDER,,99,99,FAMILY_SURRENDER_BUCKET,True,221.50,20220715,22
011061046C,0,PS-011061046-006,PARTIAL_SURRENDER,,99,99,FAMILY_SURRENDER_BUCKET,True,221.50,20230717,22
011061046C,0,PS-011061046-007,PARTIAL_SURRENDER,,99,99,FAMILY_SURRENDER_BUCKET,True,221.50,20240715,22
011061046C,0,PS-011061046-008,PARTIAL_SURRENDER,,99,99,FAMILY_SURRENDER_BUCKET,True,221.50,20250715,22
011063691C,0,PS-011063691-001,PARTIAL_SURRENDER,,99,99,FAMILY_SURRENDER_BUCKET,True,171.63,20180917,22
011063691C,0,PS-011063691-002,PARTIAL_SURRENDER,,99,99,FAMILY_SURRENDER_BUCKET,True,171.63,20190917,22
011066252C,0,PS-011066252-001,PARTIAL_SURRENDER,,99,99,FAMILY_SURRENDER_BUCKET,True,539.80,20181203,22
011067410C,0,PS-011067410-001,PARTIAL_SURRENDER,,99,99,FAMILY_SURRENDER_BUCKET,True,183.73,20180104,22
011067410C,0,PS-011067410-002,PARTIAL_SURRENDER,,99,99,FAMILY_SURRENDER_BUCKET,True,183.73,20190104,22
011067410C,0,PS-011067410-003,PARTIAL_SURRENDER,,99,99,FAMILY_SURRENDER_BUCKET,True,183.73,20200106,22
011067410C,0,PS-011067410-004,PARTIAL_SURRENDER,,99,99,FAMILY_SURRENDER_BUCKET,True,183.73,20210104,22
011067410C,0,PS-011067410-005,PARTIAL_SURRENDER,,99,99,FAMILY_SURRENDER_BUCKET,True,183.73,20220104,22
011067410C,0,PS-011067410-006,PARTIAL_SURRENDER,,99,99,FAMILY_SURRENDER_BUCKET,True,183.73,20230104,22
011067789C,0,PS-011067789-001,PARTIAL_SURRENDER,,99,99,FAMILY_SURRENDER_BUCKET,True,285.84,20180118,22
011067789C,0,PS-011067789-002,PARTIAL_SURRENDER,,99,99,FAMILY_SURRENDER_BUCKET,True,285.84,20190118,22
011067789C,0,PS-011067789-003,PARTIAL_SURRENDER,,99,99,FAMILY_SURRENDER_BUCKET,True,285.84,20200120,22
011067789C,0,PS-011067789-004,PARTIAL_SURRENDER,,99,99,FAMILY_SURRENDER_BUCKET,True,285.84,20210118,22
011067789C,0,PS-011067789-005,PARTIAL_SURRENDER,,99,99,FAMILY_SURRENDER_BUCKET,True,285.84,20220118,22
011067789C,0,PS-011067789-006,PARTIAL_SURRENDER,,99,99,FAMILY_SURRENDER_BUCKET,True,285.84,20230118,22
011068652C,0,PS-011068652-001,PARTIAL_SURRENDER,,99,99,FAMILY_SURRENDER_BUCKET,True,217.20,20211007,22
011068652C,0,PS-011068652-002,PARTIAL_SURRENDER,,99,99,FAMILY_SURRENDER_BUCKET,True,217.20,20220202,22
011068652C,0,PS-011068652-003,PARTIAL_SURRENDER,,99,99,FAMILY_SURRENDER_BUCKET,True,217.20,20230202,22
011068652C,0,PS-011068652-004,PARTIAL_SURRENDER,,99,99,FAMILY_SURRENDER_BUCKET,True,217.20,20240202,22
011068652C,0,PS-011068652-005,PARTIAL_SURRENDER,,99,99,FAMILY_SURRENDER_BUCKET,True,217.20,20250203,22
011069093C,0,PS-011069093-001,PARTIAL_SURRENDER,,99,99,FAMILY_SURRENDER_BUCKET,True,174.90,20180109,22
011069093C,0,PS-011069093-002,PARTIAL_SURRENDER,,99,99,FAMILY_SURRENDER_BUCKET,True,174.90,20190401,22
011069093C,0,PS-011069093-003,PARTIAL_SURRENDER,,99,99,FAMILY_SURRENDER_BUCKET,True,174.90,20200401,22
011069093C,0,PS-011069093-004,PARTIAL_SURRENDER,,99,99,FAMILY_SURRENDER_BUCKET,True,174.90,20210401,22
011069093C,0,PS-011069093-005,PARTIAL_SURRENDER,,99,99,FAMILY_SURRENDER_BUCKET,True,174.90,20220401,22
011069253C,0,PS-011069253-001,PARTIAL_SURRENDER,,99,99,FAMILY_SURRENDER_BUCKET,True,388.90,20220411,22
011069253C,0,PS-011069253-002,PARTIAL_SURRENDER,,99,99,FAMILY_SURRENDER_BUCKET,True,388.90,20230227,22
011069253C,0,PS-011069253-003,PARTIAL_SURRENDER,,99,99,FAMILY_SURRENDER_BUCKET,True,388.90,20240226,22
011069253C,0,PS-011069253-004,PARTIAL_SURRENDER,,99,99,FAMILY_SURRENDER_BUCKET,True,388.90,20250225,22
011071018C,0,PS-011071018-001,PARTIAL_SURRENDER,,99,99,FAMILY_SURRENDER_BUCKET,True,121.00,20180402,22
011071018C,0,PS-011071018-002,PARTIAL_SURRENDER,,99,99,FAMILY_SURRENDER_BUCKET,True,121.00,20190401,22
011071018C,0,PS-011071018-003,PARTIAL_SURRENDER,,99,99,FAMILY_SURRENDER_BUCKET,True,121.00,20200401,22
011071018C,0,PS-011071018-004,PARTIAL_SURRENDER,,99,99,FAMILY_SURRENDER_BUCKET,True,121.00,20210401,22
011071018C,0,PS-011071018-005,PARTIAL_SURRENDER,,99,99,FAMILY_SURRENDER_BUCKET,True,121.00,20220401,22
011071018C,0,PS-011071018-006,PARTIAL_SURRENDER,,99,99,FAMILY_SURRENDER_BUCKET,True,121.00,20230403,22
011071018C,0,PS-011071018-007,PARTIAL_SURRENDER,,99,99,FAMILY_SURRENDER_BUCKET,True,121.00,20240401,22
011071018C,0,PS-011071018-008,PARTIAL_SURRENDER,,99,99,FAMILY_SURRENDER_BUCKET,True,121.00,20250401,22
011072813C,0,PS-011072813-001,PARTIAL_SURRENDER,,99,99,FAMILY_SURRENDER_BUCKET,True,2794.00,20180625,22
011072813C,0,PS-011072813-002,PARTIAL_SURRENDER,,99,99,FAMILY_SURRENDER_BUCKET,True,2794.00,20190624,22
011072813C,0,PS-011072813-003,PARTIAL_SURRENDER,,99,99,FAMILY_SURRENDER_BUCKET,True,2794.00,20200624,22
011072813C,0,PS-011072813-004,PARTIAL_SURRENDER,,99,99,FAMILY_SURRENDER_BUCKET,True,2794.00,20210624,22
011072813C,0,PS-011072813-005,PARTIAL_SURRENDER,,99,99,FAMILY_SURRENDER_BUCKET,True,2794.00,20220624,22
011072813C,0,PS-011072813-006,PARTIAL_SURRENDER,,99,99,FAMILY_SURRENDER_BUCKET,True,2794.00,20230626,22
011072813C,0,PS-011072813-007,PARTIAL_SURRENDER,,99,99,FAMILY_SURRENDER_BUCKET,True,2794.00,20240624,22
011072813C,0,PS-011072813-008,PARTIAL_SURRENDER,,99,99,FAMILY_SURRENDER_BUCKET,True,2794.00,20250624,22
011074929C,0,PS-011074929-001,PARTIAL_SURRENDER,,99,99,FAMILY_SURRENDER_BUCKET,True,179.63,20191220,22
011075278C,0,PS-011075278-001,PARTIAL_SURRENDER,,99,99,FAMILY_SURRENDER_BUCKET,True,112.75,20180727,22
011075278C,0,PS-011075278-002,PARTIAL_SURRENDER,,99,99,FAMILY_SURRENDER_BUCKET,True,112.75,20190729,22
011075278C,0,PS-011075278-003,PARTIAL_SURRENDER,,99,99,FAMILY_SURRENDER_BUCKET,True,112.75,20200727,22
011075278C,0,PS-011075278-004,PARTIAL_SURRENDER,,99,99,FAMILY_SURRENDER_BUCKET,True,112.75,20210727,22
011075278C,0,PS-011075278-005,PARTIAL_SURRENDER,,99,99,FAMILY_SURRENDER_BUCKET,True,112.75,20220727,22
011075278C,0,PS-011075278-006,PARTIAL_SURRENDER,,99,99,FAMILY_SURRENDER_BUCKET,True,112.75,20230727,22
011075278C,0,PS-011075278-007,PARTIAL_SURRENDER,,99,99,FAMILY_SURRENDER_BUCKET,True,112.75,20240729,22
011075278C,0,PS-011075278-008,PARTIAL_SURRENDER,,99,99,FAMILY_SURRENDER_BUCKET,True,112.75,20250728,22
011077629C,0,PS-011077629-001,PARTIAL_SURRENDER,,99,99,FAMILY_SURRENDER_BUCKET,True,276.10,20180921,22
011077629C,0,PS-011077629-002,PARTIAL_SURRENDER,,99,99,FAMILY_SURRENDER_BUCKET,True,276.10,20190923,22
011077629C,0,PS-011077629-003,PARTIAL_SURRENDER,,99,99,FAMILY_SURRENDER_BUCKET,True,276.10,20200921,22
011077629C,0,PS-011077629-004,PARTIAL_SURRENDER,,99,99,FAMILY_SURRENDER_BUCKET,True,276.10,20210921,22
011077629C,0,PS-011077629-005,PARTIAL_SURRENDER,,99,99,FAMILY_SURRENDER_BUCKET,True,276.10,20220921,22
011077629C,0,PS-011077629-006,PARTIAL_SURRENDER,,99,99,FAMILY_SURRENDER_BUCKET,True,276.10,20230921,22
011077629C,0,PS-011077629-007,PARTIAL_SURRENDER,,99,99,FAMILY_SURRENDER_BUCKET,True,276.10,20240923,22
011077629C,0,PS-011077629-008,PARTIAL_SURRENDER,,99,99,FAMILY_SURRENDER_BUCKET,True,276.10,20250922,22
011077798C,0,PS-011077798-001,PARTIAL_SURRENDER,,99,99,FAMILY_SURRENDER_BUCKET,True,334.25,20181203,22
011077798C,0,PS-011077798-002,PARTIAL_SURRENDER,,99,99,FAMILY_SURRENDER_BUCKET,True,334.25,20191202,22
011078437C,0,PS-011078437-001,PARTIAL_SURRENDER,,99,99,FAMILY_SURRENDER_BUCKET,True,389.00,20180803,22
011080481C,0,PS-011080481-001,PARTIAL_SURRENDER,,99,99,FAMILY_SURRENDER_BUCKET,True,217.00,20191203,22
011080481C,0,PS-011080481-002,PARTIAL_SURRENDER,,99,99,FAMILY_SURRENDER_BUCKET,True,217.00,20201112,22
011080481C,0,PS-011080481-003,PARTIAL_SURRENDER,,99,99,FAMILY_SURRENDER_BUCKET,True,217.00,20211112,22
011080481C,0,PS-011080481-004,PARTIAL_SURRENDER,,99,99,FAMILY_SURRENDER_BUCKET,True,217.00,20221114,22
011080481C,0,PS-011080481-005,PARTIAL_SURRENDER,,99,99,FAMILY_SURRENDER_BUCKET,True,217.00,20231113,22
011080481C,0,PS-011080481-006,PARTIAL_SURRENDER,,99,99,FAMILY_SURRENDER_BUCKET,True,217.00,20241112,22
011080481C,0,PS-011080481-007,PARTIAL_SURRENDER,,99,99,FAMILY_SURRENDER_BUCKET,True,217.00,20251112,22
011082681C,0,PS-011082681-001,PARTIAL_SURRENDER,,99,99,FAMILY_SURRENDER_BUCKET,True,611.50,20180201,22
011083619C,0,PS-011083619-001,PARTIAL_SURRENDER,,99,99,FAMILY_SURRENDER_BUCKET,True,333.70,20230120,22
011085421C,0,PS-011085421-001,PARTIAL_SURRENDER,,99,99,FAMILY_SURRENDER_BUCKET,True,369.70,20180402,22
011085421C,0,PS-011085421-002,PARTIAL_SURRENDER,,99,99,FAMILY_SURRENDER_BUCKET,True,369.70,20190401,22
011085421C,0,PS-011085421-003,PARTIAL_SURRENDER,,99,99,FAMILY_SURRENDER_BUCKET,True,369.70,20200401,22
011085421C,0,PS-011085421-004,PARTIAL_SURRENDER,,99,99,FAMILY_SURRENDER_BUCKET,True,369.70,20210401,22
011085421C,0,PS-011085421-005,PARTIAL_SURRENDER,,99,99,FAMILY_SURRENDER_BUCKET,True,369.70,20220401,22
011085421C,0,PS-011085421-006,PARTIAL_SURRENDER,,99,99,FAMILY_SURRENDER_BUCKET,True,369.70,20230403,22
011085421C,0,PS-011085421-007,PARTIAL_SURRENDER,,99,99,FAMILY_SURRENDER_BUCKET,True,369.70,20240401,22
011085421C,0,PS-011085421-008,PARTIAL_SURRENDER,,99,99,FAMILY_SURRENDER_BUCKET,True,369.70,20250401,22
011085559C,0,PS-011085559-001,PARTIAL_SURRENDER,,99,99,FAMILY_SURRENDER_BUCKET,True,112.75,20180308,22
011085559C,0,PS-011085559-002,PARTIAL_SURRENDER,,99,99,FAMILY_SURRENDER_BUCKET,True,112.75,20190308,22
011085559C,0,PS-011085559-003,PARTIAL_SURRENDER,,99,99,FAMILY_SURRENDER_BUCKET,True,112.75,20200309,22
011085559C,0,PS-011085559-004,PARTIAL_SURRENDER,,99,99,FAMILY_SURRENDER_BUCKET,True,112.75,20210308,22
011085559C,0,PS-011085559-005,PARTIAL_SURRENDER,,99,99,FAMILY_SURRENDER_BUCKET,True,112.75,20220308,22
011085559C,0,PS-011085559-006,PARTIAL_SURRENDER,,99,99,FAMILY_SURRENDER_BUCKET,True,112.75,20230308,22
011085559C,0,PS-011085559-007,PARTIAL_SURRENDER,,99,99,FAMILY_SURRENDER_BUCKET,True,112.75,20240308,22
011085559C,0,PS-011085559-008,PARTIAL_SURRENDER,,99,99,FAMILY_SURRENDER_BUCKET,True,112.75,20250310,22
011085737C,0,PS-011085737-001,PARTIAL_SURRENDER,,99,99,FAMILY_SURRENDER_BUCKET,True,276.10,20180312,22
011085737C,0,PS-011085737-002,PARTIAL_SURRENDER,,99,99,FAMILY_SURRENDER_BUCKET,True,276.10,20190311,22
011085737C,0,PS-011085737-003,PARTIAL_SURRENDER,,99,99,FAMILY_SURRENDER_BUCKET,True,276.10,20200311,22
011085737C,0,PS-011085737-004,PARTIAL_SURRENDER,,99,99,FAMILY_SURRENDER_BUCKET,True,276.10,20210311,22
011085737C,0,PS-011085737-005,PARTIAL_SURRENDER,,99,99,FAMILY_SURRENDER_BUCKET,True,276.10,20220311,22
011086709C,0,PS-011086709-001,PARTIAL_SURRENDER,,99,99,FAMILY_SURRENDER_BUCKET,True,303.60,20180402,22
011086978C,0,PS-011086978-001,PARTIAL_SURRENDER,,99,99,FAMILY_SURRENDER_BUCKET,True,389.00,20180402,22
011086978C,0,PS-011086978-002,PARTIAL_SURRENDER,,99,99,FAMILY_SURRENDER_BUCKET,True,389.00,20190401,22
011086979C,0,PS-011086979-001,PARTIAL_SURRENDER,,99,99,FAMILY_SURRENDER_BUCKET,True,318.25,20180406,22
011086979C,0,PS-011086979-002,PARTIAL_SURRENDER,,99,99,FAMILY_SURRENDER_BUCKET,True,318.25,20190408,22
011087127C,0,PS-011087127-001,PARTIAL_SURRENDER,,99,99,FAMILY_SURRENDER_BUCKET,True,433.50,20240502,22
011087127C,0,PS-011087127-002,PARTIAL_SURRENDER,,99,99,FAMILY_SURRENDER_BUCKET,True,433.50,20250407,22
011087128C,0,PS-011087128-001,PARTIAL_SURRENDER,,99,99,FAMILY_SURRENDER_BUCKET,True,340.25,20240502,22
011087128C,0,PS-011087128-002,PARTIAL_SURRENDER,,99,99,FAMILY_SURRENDER_BUCKET,True,340.25,20250407,22
011107796C,0,PS-011107796-001,PARTIAL_SURRENDER,,99,99,FAMILY_SURRENDER_BUCKET,True,2126.00,20180319,22
011107796C,0,PS-011107796-002,PARTIAL_SURRENDER,,99,99,FAMILY_SURRENDER_BUCKET,True,2126.00,20190318,22
011107796C,0,PS-011107796-003,PARTIAL_SURRENDER,,99,99,FAMILY_SURRENDER_BUCKET,True,2126.00,20200317,22
011107796C,0,PS-011107796-004,PARTIAL_SURRENDER,,99,99,FAMILY_SURRENDER_BUCKET,True,2126.00,20210317,22
011107796C,0,PS-011107796-005,PARTIAL_SURRENDER,,99,99,FAMILY_SURRENDER_BUCKET,True,2126.00,20220317,22
011107796C,0,PS-011107796-006,PARTIAL_SURRENDER,,99,99,FAMILY_SURRENDER_BUCKET,True,2126.00,20230317,22
011107796C,0,PS-011107796-007,PARTIAL_SURRENDER,,99,99,FAMILY_SURRENDER_BUCKET,True,2126.00,20240318,22
011107796C,0,PS-011107796-008,PARTIAL_SURRENDER,,99,99,FAMILY_SURRENDER_BUCKET,True,2126.00,20250317,22
011129276C,0,PS-011129276-001,PARTIAL_SURRENDER,,99,99,FAMILY_SURRENDER_BUCKET,True,260.75,20230104,22
011129276C,0,PS-011129276-002,PARTIAL_SURRENDER,,99,99,FAMILY_SURRENDER_BUCKET,True,260.75,20231228,22
011129276C,0,PS-011129276-003,PARTIAL_SURRENDER,,99,99,FAMILY_SURRENDER_BUCKET,True,260.75,20241230,22
011129276C,0,PS-011129276-004,PARTIAL_SURRENDER,,99,99,FAMILY_SURRENDER_BUCKET,True,260.75,20251229,22
011134001C,0,PS-011134001-001,PARTIAL_SURRENDER,,99,99,FAMILY_SURRENDER_BUCKET,True,238.50,20210114,22
011134001C,0,PS-011134001-002,PARTIAL_SURRENDER,,99,99,FAMILY_SURRENDER_BUCKET,True,238.50,20220126,22
011134001C,0,PS-011134001-003,PARTIAL_SURRENDER,,99,99,FAMILY_SURRENDER_BUCKET,True,238.50,20230126,22
011134001C,0,PS-011134001-004,PARTIAL_SURRENDER,,99,99,FAMILY_SURRENDER_BUCKET,True,238.50,20240126,22
011134001C,0,PS-011134001-005,PARTIAL_SURRENDER,,99,99,FAMILY_SURRENDER_BUCKET,True,238.50,20250127,22
011134002C,0,PS-011134002-001,PARTIAL_SURRENDER,,99,99,FAMILY_SURRENDER_BUCKET,True,181.00,20220329,22
011134002C,0,PS-011134002-002,PARTIAL_SURRENDER,,99,99,FAMILY_SURRENDER_BUCKET,True,181.00,20230126,22
011134002C,0,PS-011134002-003,PARTIAL_SURRENDER,,99,99,FAMILY_SURRENDER_BUCKET,True,181.00,20240126,22
011134002C,0,PS-011134002-004,PARTIAL_SURRENDER,,99,99,FAMILY_SURRENDER_BUCKET,True,181.00,20250127,22
011151436C,0,PS-011151436-001,PARTIAL_SURRENDER,,99,99,FAMILY_SURRENDER_BUCKET,True,112.75,20221010,22
011151436C,0,PS-011151436-002,PARTIAL_SURRENDER,,99,99,FAMILY_SURRENDER_BUCKET,True,112.75,20230808,22
011151436C,0,PS-011151436-003,PARTIAL_SURRENDER,,99,99,FAMILY_SURRENDER_BUCKET,True,112.75,20240808,22
011151436C,0,PS-011151436-004,PARTIAL_SURRENDER,,99,99,FAMILY_SURRENDER_BUCKET,True,112.75,20250808,22
011152870C,0,PS-011152870-001,PARTIAL_SURRENDER,,99,99,FAMILY_SURRENDER_BUCKET,True,112.75,20201102,22
011152870C,0,PS-011152870-002,PARTIAL_SURRENDER,,99,99,FAMILY_SURRENDER_BUCKET,True,112.75,20210901,22
011152870C,0,PS-011152870-003,PARTIAL_SURRENDER,,99,99,FAMILY_SURRENDER_BUCKET,True,112.75,20220901,22
011152870C,0,PS-011152870-004,PARTIAL_SURRENDER,,99,99,FAMILY_SURRENDER_BUCKET,True,112.75,20230901,22
011152870C,0,PS-011152870-005,PARTIAL_SURRENDER,,99,99,FAMILY_SURRENDER_BUCKET,True,112.75,20240903,22
011152870C,0,PS-011152870-006,PARTIAL_SURRENDER,,99,99,FAMILY_SURRENDER_BUCKET,True,112.75,20250902,22
