cfic_plan,ql_plan,gender,uwclass,band,issue_age,policy_year,cash_value,pup_ins,term_rsv,mean_rsv,rl_netprem,fy_netprem,death_ben,source_file
BLFN,10BLFN,F,NS,00,18,1,0.00,0,0.00,0.16,0.324390,0.324390,1000.00,cifi0007.DBF
BLFN,10BLFN,F,NS,00,18,2,0.00,0,2.40,2.52,2.638290,0.324390,1000.00,cifi0007.DBF
BLFN,10BLFN,F,NS,00,18,3,0.00,0,4.89,4.96,2.638290,0.324390,1000.00,cifi0007.DBF
BLFN,10BLFN,F,NS,00,18,4,0.00,0,7.46,7.49,2.638290,0.324390,1000.00,cifi0007.DBF
BLFN,10BLFN,F,NS,00,18,5,0.00,0,10.13,10.12,2.638290,0.324390,1000.00,cifi0007.DBF
BLFN,10BLFN,F,NS,00,18,6,0.00,0,12.90,12.84,2.638290,0.324390,1000.00,cifi0007.DBF
BLFN,10BLFN,F,NS,00,18,7,0.73,15,15.76,15.65,2.638290,0.324390,1000.00,cifi0007.DBF
BLFN,10BLFN,F,NS,00,18,8,2.95,55,18.72,18.56,2.638290,0.324390,1000.00,cifi0007.DBF
BLFN,10BLFN,F,NS,00,18,9,5.26,95,21.79,21.58,2.638290,0.324390,1000.00,cifi0007.DBF
BLFN,10BLFN,F,NS,00,18,10,7.66,133,24.95,24.69,2.638290,0.324390,1000.00,cifi0007.DBF
BLFN,10BLFN,F,NS,00,18,11,10.14,169,28.18,27.88,2.638290,0.324390,1000.00,cifi0007.DBF
BLFN,10BLFN,F,NS,00,18,12,12.71,203,31.52,31.17,2.638290,0.324390,1000.00,cifi0007.DBF
BLFN,10BLFN,F,NS,00,18,13,15.38,237,34.95,34.55,2.638290,0.324390,1000.00,cifi0007.DBF
BLFN,10BLFN,F,NS,00,18,14,18.15,269,38.48,38.03,2.638290,0.324390,1000.00,cifi0007.DBF
BLFN,10BLFN,F,NS,00,18,15,21.00,300,42.09,41.60,2.638290,0.324390,1000.00,cifi0007.DBF
BLFN,10BLFN,F,NS,00,18,16,23.90,329,45.75,45.24,2.638290,0.324390,1000.00,cifi0007.DBF
BLFN,10BLFN,F,NS,00,18,17,26.85,356,49.45,48.92,2.638290,0.324390,1000.00,cifi0007.DBF
BLFN,10BLFN,F,NS,00,18,18,29.84,382,53.20,52.64,2.638290,0.324390,1000.00,cifi0007.DBF
BLFN,10BLFN,F,NS,00,18,19,32.87,407,56.98,56.41,2.638290,0.324390,1000.00,cifi0007.DBF
BLFN,10BLFN,F,NS,00,18,20,35.96,430,60.83,60.23,2.638290,0.324390,1000.00,cifi0007.DBF
BLFN,10BLFN,F,NS,00,18,21,39.13,452,64.75,64.11,2.638290,0.324390,1000.00,cifi0007.DBF
BLFN,10BLFN,F,NS,00,18,22,42.42,474,68.78,68.08,2.638290,0.324390,1000.00,cifi0007.DBF
BLFN,10BLFN,F,NS,00,18,23,45.84,495,72.94,72.18,2.638290,0.324390,1000.00,cifi0007.DBF
BLFN,10BLFN,F,NS,00,18,24,49.42,516,77.25,76.41,2.638290,0.324390,1000.00,cifi0007.DBF
BLFN,10BLFN,F,NS,00,18,25,53.16,536,81.71,80.80,2.638290,0.324390,1000.00,cifi0007.DBF
BLFN,10BLFN,F,NS,00,18,26,57.07,556,86.33,85.34,2.638290,0.324390,1000.00,cifi0007.DBF
BLFN,10BLFN,F,NS,00,18,27,61.15,575,91.11,90.04,2.638290,0.324390,1000.00,cifi0007.DBF
BLFN,10BLFN,F,NS,00,18,28,65.41,593,96.04,94.89,2.638290,0.324390,1000.00,cifi0007.DBF
BLFN,10BLFN,F,NS,00,18,29,69.82,611,101.12,99.90,2.638290,0.324390,1000.00,cifi0007.DBF
BLFN,10BLFN,F,NS,00,18,30,74.38,628,106.32,105.04,2.638290,0.324390,1000.00,cifi0007.DBF
BLFN,10BLFN,F,NS,00,18,31,79.08,645,111.65,110.30,2.638290,0.324390,1000.00,cifi0007.DBF
BLFN,10BLFN,F,NS,00,18,32,83.93,661,117.09,115.69,2.638290,0.324390,1000.00,cifi0007.DBF
BLFN,10BLFN,F,NS,00,18,33,88.88,676,122.62,121.18,2.638290,0.324390,1000.00,cifi0007.DBF
BLFN,10BLFN,F,NS,00,18,34,93.93,691,128.22,126.74,2.638290,0.324390,1000.00,cifi0007.DBF
BLFN,10BLFN,F,NS,00,18,35,99.06,705,133.87,132.36,2.638290,0.324390,1000.00,cifi0007.DBF
BLFN,10BLFN,F,NS,00,18,36,104.23,718,139.53,138.02,2.638290,0.324390,1000.00,cifi0007.DBF
BLFN,10BLFN,F,NS,00,18,37,109.42,730,145.19,143.68,2.638290,0.324390,1000.00,cifi0007.DBF
BLFN,10BLFN,F,NS,00,18,38,114.66,742,150.86,149.34,2.638290,0.324390,1000.00,cifi0007.DBF
BLFN,10BLFN,F,NS,00,18,39,119.94,754,156.55,155.02,2.638290,0.324390,1000.00,cifi0007.DBF
BLFN,10BLFN,F,NS,00,18,40,125.29,765,162.26,160.72,2.638290,0.324390,1000.00,cifi0007.DBF
BLFN,10BLFN,F,NS,00,18,41,130.68,775,167.98,166.44,2.638290,0.324390,1000.00,cifi0007.DBF
BLFN,10BLFN,F,NS,00,18,42,136.12,785,173.72,172.17,2.638290,0.324390,1000.00,cifi0007.DBF
BLFN,10BLFN,F,NS,00,18,43,141.57,795,179.43,177.89,2.638290,0.324390,1000.00,cifi0007.DBF
BLFN,10BLFN,F,NS,00,18,44,146.98,804,185.07,183.57,2.638290,0.324390,1000.00,cifi0007.DBF
BLFN,10BLFN,F,NS,00,18,45,152.34,813,190.60,189.16,2.638290,0.324390,1000.00,cifi0007.DBF
BLFN,10BLFN,F,NS,00,18,46,157.57,821,195.99,194.62,2.638290,0.324390,1000.00,cifi0007.DBF
BLFN,10BLFN,F,NS,00,18,47,162.67,415,201.20,199.91,2.638290,0.324390,1000.00,cifi0007.DBF
BLFN,10BLFN,F,NS,00,18,48,170.54,420,209.20,206.52,2.638290,0.324390,500.00,cifi0007.DBF
BLFN,10BLFN,F,NS,00,18,49,178.64,424,217.37,214.61,2.638290,0.324390,500.00,cifi0007.DBF
BLFN,10BLFN,F,NS,00,18,50,186.96,429,225.71,222.86,2.638290,0.324390,500.00,cifi0007.DBF
BLFN,10BLFN,F,NS,00,18,51,195.52,433,234.21,231.27,2.638290,0.324390,500.00,cifi0007.DBF
BLFN,10BLFN,F,NS,00,18,52,204.29,437,242.86,239.85,2.638290,0.324390,500.00,cifi0007.DBF
BLFN,10BLFN,F,NS,00,18,53,213.27,441,251.66,248.58,2.638290,0.324390,500.00,cifi0007.DBF
BLFN,10BLFN,F,NS,00,18,54,222.43,445,260.58,257.44,2.638290,0.324390,500.00,cifi0007.DBF
BLFN,10BLFN,F,NS,00,18,55,231.77,449,269.60,266.40,2.638290,0.324390,500.00,cifi0007.DBF
BLFN,10BLFN,F,NS,00,18,56,241.25,452,278.70,275.47,2.638290,0.324390,500.00,cifi0007.DBF
BLFN,10BLFN,F,NS,00,18,57,250.85,455,287.86,284.59,2.638290,0.324390,500.00,cifi0007.DBF
BLFN,10BLFN,F,NS,00,18,58,260.56,458,297.05,293.77,2.638290,0.324390,500.00,cifi0007.DBF
BLFN,10BLFN,F,NS,00,18,59,270.35,461,306.27,302.98,2.638290,0.324390,500.00,cifi0007.DBF
BLFN,10BLFN,F,NS,00,18,60,280.18,464,315.47,312.19,2.638290,0.324390,500.00,cifi0007.DBF
BLFN,10BLFN,F,NS,00,18,61,290.02,467,324.62,321.36,2.638290,0.324390,500.00,cifi0007.DBF
BLFN,10BLFN,F,NS,00,18,62,299.79,469,333.66,330.46,2.638290,0.324390,500.00,cifi0007.DBF
BLFN,10BLFN,F,NS,00,18,63,309.43,471,342.53,339.41,2.638290,0.324390,500.00,cifi0007.DBF
BLFN,10BLFN,F,NS,00,18,64,318.96,474,351.25,348.21,2.638290,0.324390,500.00,cifi0007.DBF
BLFN,10BLFN,F,NS,00,18,65,328.44,476,359.87,356.88,2.638290,0.324390,500.00,cifi0007.DBF
BLFN,10BLFN,F,NS,00,18,66,337.83,478,368.37,365.44,2.638290,0.324390,500.00,cifi0007.DBF
BLFN,10BLFN,F,NS,00,18,67,346.89,479,376.54,373.78,2.638290,0.324390,500.00,cifi0007.DBF
BLFN,10BLFN,F,NS,00,18,68,355.56,481,384.31,381.75,2.638290,0.324390,500.00,cifi0007.DBF
BLFN,10BLFN,F,NS,00,18,69,363.95,482,391.81,389.38,2.638290,0.324390,500.00,cifi0007.DBF
BLFN,10BLFN,F,NS,00,18,70,372.02,484,398.99,396.72,2.638290,0.324390,500.00,cifi0007.DBF
BLFN,10BLFN,F,NS,00,18,71,379.71,485,405.80,403.72,2.638290,0.324390,500.00,cifi0007.DBF
BLFN,10BLFN,F,NS,00,18,72,386.99,486,412.23,410.34,2.638290,0.324390,500.00,cifi0007.DBF
BLFN,10BLFN,F,NS,00,18,73,393.88,487,418.29,416.58,2.638290,0.324390,500.00,cifi0007.DBF
BLFN,10BLFN,F,NS,00,18,74,400.40,488,424.01,422.47,2.638290,0.324390,500.00,cifi0007.DBF
BLFN,10BLFN,F,NS,00,18,75,406.55,489,429.39,428.02,2.638290,0.324390,500.00,cifi0007.DBF
BLFN,10BLFN,F,NS,00,18,76,412.41,490,434.49,433.26,2.638290,0.324390,500.00,cifi0007.DBF
BLFN,10BLFN,F,NS,00,18,77,418.06,491,439.39,438.26,2.638290,0.324390,500.00,cifi0007.DBF
BLFN,10BLFN,F,NS,00,18,78,423.43,492,444.04,443.03,2.638290,0.324390,500.00,cifi0007.DBF
BLFN,10BLFN,F,NS,00,18,79,428.41,492,448.33,447.51,2.638290,0.324390,500.00,cifi0007.DBF
BLFN,10BLFN,F,NS,00,18,80,432.95,493,452.24,451.61,2.638290,0.324390,500.00,cifi0007.DBF
BLFN,10BLFN,F,NS,00,18,81,436.99,493,455.71,455.29,2.638290,0.324390,500.00,cifi0007.DBF
BLFN,10BLFN,F,NS,00,18,82,440.46,494,458.67,458.51,2.638290,0.324390,500.00,cifi0007.DBF
BLFN,10BLFN,F,NS,00,18,83,443.42,494,461.21,461.26,2.638290,0.324390,500.00,cifi0007.DBF
BLFN,10BLFN,F,NS,00,18,84,446.06,495,463.47,463.66,2.638290,0.324390,500.00,cifi0007.DBF
BLFN,10BLFN,F,NS,00,18,85,448.42,495,465.48,465.80,2.638290,0.324390,500.00,cifi0007.DBF
BLFN,10BLFN,F,NS,00,18,86,450.54,495,467.29,467.71,2.638290,0.324390,500.00,cifi0007.DBF
BLFN,10BLFN,F,NS,00,18,87,452.50,495,468.96,469.45,2.638290,0.324390,500.00,cifi0007.DBF
BLFN,10BLFN,F,NS,00,18,88,454.45,496,470.62,471.11,2.638290,0.324390,500.00,cifi0007.DBF
BLFN,10BLFN,F,NS,00,18,89,456.44,496,472.31,472.78,2.638290,0.324390,500.00,cifi0007.DBF
BLFN,10BLFN,F,NS,00,18,90,458.36,496,473.94,474.44,2.638290,0.324390,500.00,cifi0007.DBF
BLFN,10BLFN,F,NS,00,18,91,460.21,496,475.50,476.04,2.638290,0.324390,500.00,cifi0007.DBF
BLFN,10BLFN,F,NS,00,18,92,461.98,496,477.00,477.57,2.638290,0.324390,500.00,cifi0007.DBF
BLFN,10BLFN,F,NS,00,18,93,463.68,497,478.44,479.04,2.638290,0.324390,500.00,cifi0007.DBF
BLFN,10BLFN,F,NS,00,18,94,465.32,497,479.82,480.45,2.638290,0.324390,500.00,cifi0007.DBF
BLFN,10BLFN,F,NS,00,18,95,466.88,497,481.14,481.80,2.638290,0.324390,500.00,cifi0007.DBF
BLFN,10BLFN,F,NS,00,18,96,468.38,497,482.40,483.09,2.638290,0.324390,500.00,cifi0007.DBF
BLFN,10BLFN,F,NS,00,18,97,469.81,497,483.61,484.32,2.638290,0.324390,500.00,cifi0007.DBF
BLFN,10BLFN,F,NS,00,18,98,471.19,497,484.76,485.50,2.638290,0.324390,500.00,cifi0007.DBF
BLFN,10BLFN,F,NS,00,18,99,472.51,498,485.87,486.63,2.638290,0.324390,500.00,cifi0007.DBF
BLFN,10BLFN,F,NS,00,18,100,473.85,498,486.96,487.73,2.638290,0.324390,500.00,cifi0007.DBF
BLFN,10BLFN,F,NS,00,18,101,476.08,498,488.44,489.02,2.638290,0.324390,500.00,cifi0007.DBF
BLFN,10BLFN,F,NS,00,18,102,500.00,500,500.00,495.54,15.619960,0.324390,500.00,cifi0007.DBF
BLFN,10BLFN,F,NS,00,19,1,0.00,0,0.00,0.16,0.324390,0.324390,1000.00,cifi0007.DBF
BLFN,10BLFN,F,NS,00,19,2,0.00,0,2.50,2.62,2.730070,0.324390,1000.00,cifi0007.DBF
BLFN,10BLFN,F,NS,00,19,3,0.00,0,5.09,5.16,2.730070,0.324390,1000.00,cifi0007.DBF
BLFN,10BLFN,F,NS,00,19,4,0.00,0,7.77,7.80,2.730070,0.324390,1000.00,cifi0007.DBF
BLFN,10BLFN,F,NS,00,19,5,0.00,0,10.55,10.52,2.730070,0.324390,1000.00,cifi0007.DBF
BLFN,10BLFN,F,NS,00,19,6,0.00,0,13.42,13.35,2.730070,0.324390,1000.00,cifi0007.DBF
BLFN,10BLFN,F,NS,00,19,7,1.28,24,16.39,16.27,2.730070,0.324390,1000.00,cifi0007.DBF
BLFN,10BLFN,F,NS,00,19,8,3.60,65,19.47,19.30,2.730070,0.324390,1000.00,cifi0007.DBF
BLFN,10BLFN,F,NS,00,19,9,6.01,104,22.64,22.42,2.730070,0.324390,1000.00,cifi0007.DBF
BLFN,10BLFN,F,NS,00,19,10,8.49,141,25.90,25.63,2.730070,0.324390,1000.00,cifi0007.DBF
BLFN,10BLFN,F,NS,00,19,11,11.07,177,29.24,28.93,2.730070,0.324390,1000.00,cifi0007.DBF
BLFN,10BLFN,F,NS,00,19,12,13.75,212,32.69,32.33,2.730070,0.324390,1000.00,cifi0007.DBF
BLFN,10BLFN,F,NS,00,19,13,16.53,245,36.23,35.83,2.730070,0.324390,1000.00,cifi0007.DBF
BLFN,10BLFN,F,NS,00,19,14,19.39,277,39.86,39.41,2.730070,0.324390,1000.00,cifi0007.DBF
BLFN,10BLFN,F,NS,00,19,15,22.30,307,43.53,43.06,2.730070,0.324390,1000.00,cifi0007.DBF
BLFN,10BLFN,F,NS,00,19,16,25.25,335,47.25,46.76,2.730070,0.324390,1000.00,cifi0007.DBF
BLFN,10BLFN,F,NS,00,19,17,28.25,362,51.02,50.50,2.730070,0.324390,1000.00,cifi0007.DBF
BLFN,10BLFN,F,NS,00,19,18,31.29,387,54.82,54.28,2.730070,0.324390,1000.00,cifi0007.DBF
BLFN,10BLFN,F,NS,00,19,19,34.39,411,58.68,58.12,2.730070,0.324390,1000.00,cifi0007.DBF
BLFN,10BLFN,F,NS,00,19,20,37.57,434,62.62,62.01,2.730070,0.324390,1000.00,cifi0007.DBF
BLFN,10BLFN,F,NS,00,19,21,40.87,457,66.66,66.01,2.730070,0.324390,1000.00,cifi0007.DBF
BLFN,10BLFN,F,NS,00,19,22,44.30,478,70.85,70.12,2.730070,0.324390,1000.00,cifi0007.DBF
BLFN,10BLFN,F,NS,00,19,23,47.89,500,75.17,74.38,2.730070,0.324390,1000.00,cifi0007.DBF
BLFN,10BLFN,F,NS,00,19,24,51.64,521,79.66,78.78,2.730070,0.324390,1000.00,cifi0007.DBF
BLFN,10BLFN,F,NS,00,19,25,55.57,541,84.30,83.34,2.730070,0.324390,1000.00,cifi0007.DBF
BLFN,10BLFN,F,NS,00,19,26,59.66,561,89.10,88.06,2.730070,0.324390,1000.00,cifi0007.DBF
BLFN,10BLFN,F,NS,00,19,27,63.93,580,94.06,92.94,2.730070,0.324390,1000.00,cifi0007.DBF
BLFN,10BLFN,F,NS,00,19,28,68.36,598,99.15,97.97,2.730070,0.324390,1000.00,cifi0007.DBF
BLFN,10BLFN,F,NS,00,19,29,72.93,616,104.38,103.13,2.730070,0.324390,1000.00,cifi0007.DBF
BLFN,10BLFN,F,NS,00,19,30,77.65,633,109.74,108.42,2.730070,0.324390,1000.00,cifi0007.DBF
BLFN,10BLFN,F,NS,00,19,31,82.51,650,115.20,113.83,2.730070,0.324390,1000.00,cifi0007.DBF
BLFN,10BLFN,F,NS,00,19,32,87.48,666,120.76,119.35,2.730070,0.324390,1000.00,cifi0007.DBF
BLFN,10BLFN,F,NS,00,19,33,92.55,681,126.39,124.94,2.730070,0.324390,1000.00,cifi0007.DBF
BLFN,10BLFN,F,NS,00,19,34,97.69,695,132.06,130.59,2.730070,0.324390,1000.00,cifi0007.DBF
BLFN,10BLFN,F,NS,00,19,35,102.88,709,137.75,136.27,2.730070,0.324390,1000.00,cifi0007.DBF
BLFN,10BLFN,F,NS,00,19,36,108.09,722,143.44,141.96,2.730070,0.324390,1000.00,cifi0007.DBF
BLFN,10BLFN,F,NS,00,19,37,113.35,734,149.14,147.65,2.730070,0.324390,1000.00,cifi0007.DBF
BLFN,10BLFN,F,NS,00,19,38,118.65,746,154.85,153.36,2.730070,0.324390,1000.00,cifi0007.DBF
BLFN,10BLFN,F,NS,00,19,39,124.02,757,160.60,159.09,2.730070,0.324390,1000.00,cifi0007.DBF
BLFN,10BLFN,F,NS,00,19,40,129.43,768,166.36,164.84,2.730070,0.324390,1000.00,cifi0007.DBF
BLFN,10BLFN,F,NS,00,19,41,134.89,778,172.12,170.60,2.730070,0.324390,1000.00,cifi0007.DBF
BLFN,10BLFN,F,NS,00,19,42,140.36,788,177.86,176.36,2.730070,0.324390,1000.00,cifi0007.DBF
BLFN,10BLFN,F,NS,00,19,43,145.80,797,183.54,182.07,2.730070,0.324390,1000.00,cifi0007.DBF
BLFN,10BLFN,F,NS,00,19,44,151.18,806,189.11,187.69,2.730070,0.324390,1000.00,cifi0007.DBF
BLFN,10BLFN,F,NS,00,19,45,156.44,815,194.53,193.19,2.730070,0.324390,1000.00,cifi0007.DBF
BLFN,10BLFN,F,NS,00,19,46,161.56,412,199.77,198.52,2.730070,0.324390,1000.00,cifi0007.DBF
BLFN,10BLFN,F,NS,00,19,47,169.46,417,207.82,205.16,2.730070,0.324390,500.00,cifi0007.DBF
BLFN,10BLFN,F,NS,00,19,48,177.58,422,216.02,213.29,2.730070,0.324390,500.00,cifi0007.DBF
BLFN,10BLFN,F,NS,00,19,49,185.94,426,224.40,221.57,2.730070,0.324390,500.00,cifi0007.DBF
BLFN,10BLFN,F,NS,00,19,50,194.52,431,232.94,230.03,2.730070,0.324390,500.00,cifi0007.DBF
BLFN,10BLFN,F,NS,00,19,51,203.32,435,241.63,238.65,2.730070,0.324390,500.00,cifi0007.DBF
BLFN,10BLFN,F,NS,00,19,52,212.32,439,250.47,247.41,2.730070,0.324390,500.00,cifi0007.DBF
BLFN,10BLFN,F,NS,00,19,53,221.52,443,259.43,256.31,2.730070,0.324390,500.00,cifi0007.DBF
BLFN,10BLFN,F,NS,00,19,54,230.89,447,268.49,265.32,2.730070,0.324390,500.00,cifi0007.DBF
BLFN,10BLFN,F,NS,00,19,55,240.40,450,277.63,274.43,2.730070,0.324390,500.00,cifi0007.DBF
BLFN,10BLFN,F,NS,00,19,56,250.04,454,286.83,283.60,2.730070,0.324390,500.00,cifi0007.DBF
BLFN,10BLFN,F,NS,00,19,57,259.77,457,296.07,292.82,2.730070,0.324390,500.00,cifi0007.DBF
BLFN,10BLFN,F,NS,00,19,58,269.59,460,305.33,302.07,2.730070,0.324390,500.00,cifi0007.DBF
BLFN,10BLFN,F,NS,00,19,59,279.46,463,314.58,311.32,2.730070,0.324390,500.00,cifi0007.DBF
BLFN,10BLFN,F,NS,00,19,60,289.33,466,323.77,320.54,2.730070,0.324390,500.00,cifi0007.DBF
BLFN,10BLFN,F,NS,00,19,61,299.13,468,332.85,329.67,2.730070,0.324390,500.00,cifi0007.DBF
BLFN,10BLFN,F,NS,00,19,62,308.80,471,341.76,338.67,2.730070,0.324390,500.00,cifi0007.DBF
BLFN,10BLFN,F,NS,00,19,63,318.37,473,350.52,347.50,2.730070,0.324390,500.00,cifi0007.DBF
BLFN,10BLFN,F,NS,00,19,64,327.87,475,359.19,356.22,2.730070,0.324390,500.00,cifi0007.DBF
BLFN,10BLFN,F,NS,00,19,65,337.30,477,367.72,364.82,2.730070,0.324390,500.00,cifi0007.DBF
BLFN,10BLFN,F,NS,00,19,66,346.39,479,375.93,373.19,2.730070,0.324390,500.00,cifi0007.DBF
BLFN,10BLFN,F,NS,00,19,67,355.08,480,383.74,381.20,2.730070,0.324390,500.00,cifi0007.DBF
BLFN,10BLFN,F,NS,00,19,68,363.51,482,391.27,388.87,2.730070,0.324390,500.00,cifi0007.DBF
BLFN,10BLFN,F,NS,00,19,69,371.60,483,398.49,396.25,2.730070,0.324390,500.00,cifi0007.DBF
BLFN,10BLFN,F,NS,00,19,70,379.31,485,405.33,403.27,2.730070,0.324390,500.00,cifi0007.DBF
BLFN,10BLFN,F,NS,00,19,71,386.62,486,411.79,409.92,2.730070,0.324390,500.00,cifi0007.DBF
BLFN,10BLFN,F,NS,00,19,72,393.53,487,417.88,416.20,2.730070,0.324390,500.00,cifi0007.DBF
BLFN,10BLFN,F,NS,00,19,73,400.07,488,423.62,422.11,2.730070,0.324390,500.00,cifi0007.DBF
BLFN,10BLFN,F,NS,00,19,74,406.25,489,429.02,427.68,2.730070,0.324390,500.00,cifi0007.DBF
BLFN,10BLFN,F,NS,00,19,75,412.12,490,434.14,432.95,2.730070,0.324390,500.00,cifi0007.DBF
BLFN,10BLFN,F,NS,00,19,76,417.79,491,439.07,437.97,2.730070,0.324390,500.00,cifi0007.DBF
BLFN,10BLFN,F,NS,00,19,77,423.18,491,443.74,442.77,2.730070,0.324390,500.00,cifi0007.DBF
BLFN,10BLFN,F,NS,00,19,78,428.18,492,448.06,447.26,2.730070,0.324390,500.00,cifi0007.DBF
BLFN,10BLFN,F,NS,00,19,79,432.73,493,451.98,451.38,2.730070,0.324390,500.00,cifi0007.DBF
BLFN,10BLFN,F,NS,00,19,80,436.79,493,455.46,455.08,2.730070,0.324390,500.00,cifi0007.DBF
BLFN,10BLFN,F,NS,00,19,81,440.26,494,458.44,458.32,2.730070,0.324390,500.00,cifi0007.DBF
BLFN,10BLFN,F,NS,00,19,82,443.23,494,460.99,461.08,2.730070,0.324390,500.00,cifi0007.DBF
BLFN,10BLFN,F,NS,00,19,83,445.89,494,463.26,463.49,2.730070,0.324390,500.00,cifi0007.DBF
BLFN,10BLFN,F,NS,00,19,84,448.25,495,465.28,465.64,2.730070,0.324390,500.00,cifi0007.DBF
BLFN,10BLFN,F,NS,00,19,85,450.38,495,467.10,467.56,2.730070,0.324390,500.00,cifi0007.DBF
BLFN,10BLFN,F,NS,00,19,86,452.35,495,468.78,469.30,2.730070,0.324390,500.00,cifi0007.DBF
BLFN,10BLFN,F,NS,00,19,87,454.30,495,470.44,470.97,2.730070,0.324390,500.00,cifi0007.DBF
BLFN,10BLFN,F,NS,00,19,88,456.30,496,472.14,472.66,2.730070,0.324390,500.00,cifi0007.DBF
BLFN,10BLFN,F,NS,00,19,89,458.23,496,473.78,474.33,2.730070,0.324390,500.00,cifi0007.DBF
BLFN,10BLFN,F,NS,00,19,90,460.08,496,475.35,475.93,2.730070,0.324390,500.00,cifi0007.DBF
BLFN,10BLFN,F,NS,00,19,91,461.86,496,476.86,477.47,2.730070,0.324390,500.00,cifi0007.DBF
BLFN,10BLFN,F,NS,00,19,92,463.56,496,478.30,478.94,2.730070,0.324390,500.00,cifi0007.DBF
BLFN,10BLFN,F,NS,00,19,93,465.20,497,479.68,480.36,2.730070,0.324390,500.00,cifi0007.DBF
BLFN,10BLFN,F,NS,00,19,94,466.77,497,481.01,481.71,2.730070,0.324390,500.00,cifi0007.DBF
BLFN,10BLFN,F,NS,00,19,95,468.27,497,482.28,483.01,2.730070,0.324390,500.00,cifi0007.DBF
BLFN,10BLFN,F,NS,00,19,96,469.71,497,483.49,484.25,2.730070,0.324390,500.00,cifi0007.DBF
BLFN,10BLFN,F,NS,00,19,97,471.09,497,484.65,485.43,2.730070,0.324390,500.00,cifi0007.DBF
BLFN,10BLFN,F,NS,00,19,98,472.42,498,485.76,486.57,2.730070,0.324390,500.00,cifi0007.DBF
BLFN,10BLFN,F,NS,00,19,99,473.77,498,486.86,487.67,2.730070,0.324390,500.00,cifi0007.DBF
BLFN,10BLFN,F,NS,00,19,100,476.00,498,488.35,488.97,2.730070,0.324390,500.00,cifi0007.DBF
BLFN,10BLFN,F,NS,00,19,101,500.00,500,500.00,495.54,15.619960,0.324390,500.00,cifi0007.DBF
BLFN,10BLFN,F,NS,00,20,1,0.00,0,0.00,0.16,0.314560,0.314560,1000.00,cifi0007.DBF
BLFN,10BLFN,F,NS,00,20,2,0.00,0,2.60,2.71,0.282630,0.314560,1000.00,cifi0007.DBF
BLFN,10BLFN,F,NS,00,20,3,0.00,0,5.29,5.36,0.282630,0.314560,1000.00,cifi0007.DBF
BLFN,10BLFN,F,NS,00,20,4,0.00,0,8.08,8.10,0.282630,0.314560,1000.00,cifi0007.DBF
BLFN,10BLFN,F,NS,00,20,5,0.00,0,10.97,10.94,0.282630,0.314560,1000.00,cifi0007.DBF
BLFN,10BLFN,F,NS,00,20,6,0.00,0,13.95,13.87,0.282630,0.314560,1000.00,cifi0007.DBF
BLFN,10BLFN,F,NS,00,20,7,1.85,34,17.05,16.91,0.282630,0.314560,1000.00,cifi0007.DBF
BLFN,10BLFN,F,NS,00,20,8,4.27,74,20.23,20.05,0.282630,0.314560,1000.00,cifi0007.DBF
BLFN,10BLFN,F,NS,00,20,9,6.76,113,23.50,23.28,0.282630,0.314560,1000.00,cifi0007.DBF
BLFN,10BLFN,F,NS,00,20,10,9.35,150,26.86,26.59,0.282630,0.314560,1000.00,cifi0007.DBF
BLFN,10BLFN,F,NS,00,20,11,12.04,186,30.32,30.00,0.282630,0.314560,1000.00,cifi0007.DBF
BLFN,10BLFN,F,NS,00,20,12,14.82,220,33.88,33.51,0.282630,0.314560,1000.00,cifi0007.DBF
BLFN,10BLFN,F,NS,00,20,13,17.69,253,37.52,37.11,0.282630,0.314560,1000.00,cifi0007.DBF
BLFN,10BLFN,F,NS,00,20,14,20.61,284,41.21,40.78,0.282630,0.314560,1000.00,cifi0007.DBF
BLFN,10BLFN,F,NS,00,20,15,23.57,313,44.95,44.49,0.282630,0.314560,1000.00,cifi0007.DBF
BLFN,10BLFN,F,NS,00,20,16,26.58,340,48.73,48.25,0.282630,0.314560,1000.00,cifi0007.DBF
BLFN,10BLFN,F,NS,00,20,17,29.63,367,52.55,52.05,0.282630,0.314560,1000.00,cifi0007.DBF
BLFN,10BLFN,F,NS,00,20,18,32.74,391,56.43,55.90,0.282630,0.314560,1000.00,cifi0007.DBF
BLFN,10BLFN,F,NS,00,20,19,35.93,415,60.38,59.82,0.282630,0.314560,1000.00,cifi0007.DBF
BLFN,10BLFN,F,NS,00,20,20,39.24,439,64.45,63.83,0.282630,0.314560,1000.00,cifi0007.DBF
BLFN,10BLFN,F,NS,00,20,21,42.69,461,68.66,67.97,0.282630,0.314560,1000.00,cifi0007.DBF
BLFN,10BLFN,F,NS,00,20,22,46.28,483,73.00,72.24,0.282630,0.314560,1000.00,cifi0007.DBF
BLFN,10BLFN,F,NS,00,20,23,50.05,505,77.50,76.67,0.282630,0.314560,1000.00,cifi0007.DBF
BLFN,10BLFN,F,NS,00,20,24,53.99,526,82.17,81.25,0.282630,0.314560,1000.00,cifi0007.DBF
BLFN,10BLFN,F,NS,00,20,25,58.10,546,86.99,85.99,0.282630,0.314560,1000.00,cifi0007.DBF
BLFN,10BLFN,F,NS,00,20,26,62.38,566,91.97,90.90,0.282630,0.314560,1000.00,cifi0007.DBF
BLFN,10BLFN,F,NS,00,20,27,66.82,585,97.10,95.95,0.282630,0.314560,1000.00,cifi0007.DBF
BLFN,10BLFN,F,NS,00,20,28,71.41,603,102.35,101.14,0.282630,0.314560,1000.00,cifi0007.DBF
BLFN,10BLFN,F,NS,00,20,29,76.15,621,107.73,106.45,0.282630,0.314560,1000.00,cifi0007.DBF
BLFN,10BLFN,F,NS,00,20,30,81.02,638,113.22,111.89,0.282630,0.314560,1000.00,cifi0007.DBF
BLFN,10BLFN,F,NS,00,20,31,86.01,654,118.81,117.43,0.282630,0.314560,1000.00,cifi0007.DBF
BLFN,10BLFN,F,NS,00,20,32,91.10,670,124.46,123.05,0.282630,0.314560,1000.00,cifi0007.DBF
BLFN,10BLFN,F,NS,00,20,33,96.26,685,130.16,128.73,0.282630,0.314560,1000.00,cifi0007.DBF
BLFN,10BLFN,F,NS,00,20,34,101.46,699,135.88,134.44,0.282630,0.314560,1000.00,cifi0007.DBF
BLFN,10BLFN,F,NS,00,20,35,106.69,712,141.60,140.15,0.282630,0.314560,1000.00,cifi0007.DBF
BLFN,10BLFN,F,NS,00,20,36,111.97,725,147.33,145.88,0.282630,0.314560,1000.00,cifi0007.DBF
BLFN,10BLFN,F,NS,00,20,37,117.30,737,153.08,151.62,0.282630,0.314560,1000.00,cifi0007.DBF
BLFN,10BLFN,F,NS,00,20,38,122.68,749,158.86,157.38,0.282630,0.314560,1000.00,cifi0007.DBF
BLFN,10BLFN,F,NS,00,20,39,128.12,760,164.65,163.17,0.282630,0.314560,1000.00,cifi0007.DBF
BLFN,10BLFN,F,NS,00,20,40,133.60,771,170.45,168.96,0.282630,0.314560,1000.00,cifi0007.DBF
BLFN,10BLFN,F,NS,00,20,41,139.09,781,176.23,174.75,0.282630,0.314560,1000.00,cifi0007.DBF
BLFN,10BLFN,F,NS,00,20,42,144.56,791,181.94,180.49,0.282630,0.314560,1000.00,cifi0007.DBF
BLFN,10BLFN,F,NS,00,20,43,149.96,800,187.54,186.15,0.282630,0.314560,1000.00,cifi0007.DBF
BLFN,10BLFN,F,NS,00,20,44,155.25,809,193.00,191.69,0.282630,0.314560,1000.00,cifi0007.DBF
BLFN,10BLFN,F,NS,00,20,45,160.39,409,198.28,197.06,0.282630,0.314560,1000.00,cifi0007.DBF
BLFN,10BLFN,F,NS,00,20,46,168.32,414,206.36,203.74,0.282630,0.314560,500.00,cifi0007.DBF
BLFN,10BLFN,F,NS,00,20,47,176.47,419,214.61,211.90,0.282630,0.314560,500.00,cifi0007.DBF
BLFN,10BLFN,F,NS,00,20,48,184.85,424,223.02,220.23,0.282630,0.314560,500.00,cifi0007.DBF
BLFN,10BLFN,F,NS,00,20,49,193.46,429,231.60,228.73,0.282630,0.314560,500.00,cifi0007.DBF
BLFN,10BLFN,F,NS,00,20,50,202.29,433,240.34,237.39,0.282630,0.314560,500.00,cifi0007.DBF
BLFN,10BLFN,F,NS,00,20,51,211.33,437,249.22,246.19,0.282630,0.314560,500.00,cifi0007.DBF
BLFN,10BLFN,F,NS,00,20,52,220.56,441,258.22,255.14,0.282630,0.314560,500.00,cifi0007.DBF
BLFN,10BLFN,F,NS,00,20,53,229.96,445,267.33,264.19,0.282630,0.314560,500.00,cifi0007.DBF
BLFN,10BLFN,F,NS,00,20,54,239.50,449,276.52,273.34,0.282630,0.314560,500.00,cifi0007.DBF
BLFN,10BLFN,F,NS,00,20,55,249.17,452,285.76,282.55,0.282630,0.314560,500.00,cifi0007.DBF
BLFN,10BLFN,F,NS,00,20,56,258.95,456,295.05,291.82,0.282630,0.314560,500.00,cifi0007.DBF
BLFN,10BLFN,F,NS,00,20,57,268.80,459,304.35,301.11,0.282630,0.314560,500.00,cifi0007.DBF
BLFN,10BLFN,F,NS,00,20,58,278.70,462,313.64,310.41,0.282630,0.314560,500.00,cifi0007.DBF
BLFN,10BLFN,F,NS,00,20,59,288.60,464,322.87,319.67,0.282630,0.314560,500.00,cifi0007.DBF
BLFN,10BLFN,F,NS,00,20,60,298.44,467,332.00,328.85,0.282630,0.314560,500.00,cifi0007.DBF
BLFN,10BLFN,F,NS,00,20,61,308.14,470,340.95,337.89,0.282630,0.314560,500.00,cifi0007.DBF
BLFN,10BLFN,F,NS,00,20,62,317.74,472,349.76,346.77,0.282630,0.314560,500.00,cifi0007.DBF
BLFN,10BLFN,F,NS,00,20,63,327.28,474,358.46,355.52,0.282630,0.314560,500.00,cifi0007.DBF
BLFN,10BLFN,F,NS,00,20,64,336.74,476,367.04,364.17,0.282630,0.314560,500.00,cifi0007.DBF
BLFN,10BLFN,F,NS,00,20,65,345.86,478,375.29,372.58,0.282630,0.314560,500.00,cifi0007.DBF
BLFN,10BLFN,F,NS,00,20,66,354.58,480,383.14,380.62,0.282630,0.314560,500.00,cifi0007.DBF
BLFN,10BLFN,F,NS,00,20,67,363.04,481,390.71,388.33,0.282630,0.314560,500.00,cifi0007.DBF
BLFN,10BLFN,F,NS,00,20,68,371.16,483,397.95,395.74,0.282630,0.314560,500.00,cifi0007.DBF
BLFN,10BLFN,F,NS,00,20,69,378.90,484,404.83,402.80,0.282630,0.314560,500.00,cifi0007.DBF
BLFN,10BLFN,F,NS,00,20,70,386.23,485,411.32,409.49,0.282630,0.314560,500.00,cifi0007.DBF
BLFN,10BLFN,F,NS,00,20,71,393.17,486,417.44,415.79,0.282630,0.314560,500.00,cifi0007.DBF
BLFN,10BLFN,F,NS,00,20,72,399.73,488,423.21,421.73,0.282630,0.314560,500.00,cifi0007.DBF
BLFN,10BLFN,F,NS,00,20,73,405.92,489,428.63,427.33,0.282630,0.314560,500.00,cifi0007.DBF
BLFN,10BLFN,F,NS,00,20,74,411.82,489,433.78,432.62,0.282630,0.314560,500.00,cifi0007.DBF
BLFN,10BLFN,F,NS,00,20,75,417.51,490,438.73,437.67,0.282630,0.314560,500.00,cifi0007.DBF
BLFN,10BLFN,F,NS,00,20,76,422.92,491,443.43,442.49,0.282630,0.314560,500.00,cifi0007.DBF
BLFN,10BLFN,F,NS,00,20,77,427.93,492,447.76,447.01,0.282630,0.314560,500.00,cifi0007.DBF
BLFN,10BLFN,F,NS,00,20,78,432.50,492,451.70,451.15,0.282630,0.314560,500.00,cifi0007.DBF
BLFN,10BLFN,F,NS,00,20,79,436.57,493,455.20,454.87,0.282630,0.314560,500.00,cifi0007.DBF
BLFN,10BLFN,F,NS,00,20,80,440.06,493,458.20,458.11,0.282630,0.314560,500.00,cifi0007.DBF
BLFN,10BLFN,F,NS,00,20,81,443.04,494,460.76,460.89,0.282630,0.314560,500.00,cifi0007.DBF
BLFN,10BLFN,F,NS,00,20,82,445.70,494,463.04,463.31,0.282630,0.314560,500.00,cifi0007.DBF
BLFN,10BLFN,F,NS,00,20,83,448.08,494,465.07,465.47,0.282630,0.314560,500.00,cifi0007.DBF
BLFN,10BLFN,F,NS,00,20,84,450.21,495,466.90,467.40,0.282630,0.314560,500.00,cifi0007.DBF
BLFN,10BLFN,F,NS,00,20,85,452.18,495,468.58,469.16,0.282630,0.314560,500.00,cifi0007.DBF
BLFN,10BLFN,F,NS,00,20,86,454.14,495,470.25,470.83,0.282630,0.314560,500.00,cifi0007.DBF
BLFN,10BLFN,F,NS,00,20,87,456.15,495,471.97,472.52,0.282630,0.314560,500.00,cifi0007.DBF
BLFN,10BLFN,F,NS,00,20,88,458.08,496,473.61,474.20,0.282630,0.314560,500.00,cifi0007.DBF
BLFN,10BLFN,F,NS,00,20,89,459.94,496,475.19,475.81,0.282630,0.314560,500.00,cifi0007.DBF
BLFN,10BLFN,F,NS,00,20,90,461.73,496,476.70,477.36,0.282630,0.314560,500.00,cifi0007.DBF
BLFN,10BLFN,F,NS,00,20,91,463.44,496,478.15,478.84,0.282630,0.314560,500.00,cifi0007.DBF
BLFN,10BLFN,F,NS,00,20,92,465.08,497,479.54,480.26,0.282630,0.314560,500.00,cifi0007.DBF
BLFN,10BLFN,F,NS,00,20,93,466.66,497,480.88,481.62,0.282630,0.314560,500.00,cifi0007.DBF
BLFN,10BLFN,F,NS,00,20,94,468.17,497,482.15,482.93,0.282630,0.314560,500.00,cifi0007.DBF
BLFN,10BLFN,F,NS,00,20,95,469.61,497,483.37,484.17,0.282630,0.314560,500.00,cifi0007.DBF
BLFN,10BLFN,F,NS,00,20,96,470.99,497,484.53,485.36,0.282630,0.314560,500.00,cifi0007.DBF
BLFN,10BLFN,F,NS,00,20,97,472.32,497,485.65,486.50,0.282630,0.314560,500.00,cifi0007.DBF
BLFN,10BLFN,F,NS,00,20,98,473.68,498,486.75,487.61,0.282630,0.314560,500.00,cifi0007.DBF
BLFN,10BLFN,F,NS,00,20,99,475.91,498,488.25,488.92,0.282630,0.314560,500.00,cifi0007.DBF
BLFN,10BLFN,F,NS,00,20,100,500.00,500,500.00,495.54,15.619960,0.314560,500.00,cifi0007.DBF
BLFN,10BLFN,F,NS,00,21,1,0.00,0,0.00,0.16,0.314560,0.314560,1000.00,cifi0007.DBF
BLFN,10BLFN,F,NS,00,21,2,0.00,0,2.70,2.82,2.926810,0.314560,1000.00,cifi0007.DBF
BLFN,10BLFN,F,NS,00,21,3,0.00,0,5.50,5.57,2.926810,0.314560,1000.00,cifi0007.DBF
BLFN,10BLFN,F,NS,00,21,4,0.00,0,8.40,8.42,2.926810,0.314560,1000.00,cifi0007.DBF
BLFN,10BLFN,F,NS,00,21,5,0.00,0,11.41,11.37,2.926810,0.314560,1000.00,cifi0007.DBF
BLFN,10BLFN,F,NS,00,21,6,0.01,1,14.51,14.42,2.926810,0.314560,1000.00,cifi0007.DBF
BLFN,10BLFN,F,NS,00,21,7,2.43,42,17.71,17.57,2.926810,0.314560,1000.00,cifi0007.DBF
BLFN,10BLFN,F,NS,00,21,8,4.93,82,20.99,20.81,2.926810,0.314560,1000.00,cifi0007.DBF
BLFN,10BLFN,F,NS,00,21,9,7.53,121,24.37,24.14,2.926810,0.314560,1000.00,cifi0007.DBF
BLFN,10BLFN,F,NS,00,21,10,10.22,158,27.84,27.57,2.926810,0.314560,1000.00,cifi0007.DBF
BLFN,10BLFN,F,NS,00,21,11,13.02,193,31.42,31.10,2.926810,0.314560,1000.00,cifi0007.DBF
BLFN,10BLFN,F,NS,00,21,12,15.89,227,35.08,34.72,2.926810,0.314560,1000.00,cifi0007.DBF
BLFN,10BLFN,F,NS,00,21,13,18.82,259,38.79,38.40,2.926810,0.314560,1000.00,cifi0007.DBF
BLFN,10BLFN,F,NS,00,21,14,21.79,289,42.54,42.13,2.926810,0.314560,1000.00,cifi0007.DBF
BLFN,10BLFN,F,NS,00,21,15,24.81,318,46.34,45.91,2.926810,0.314560,1000.00,cifi0007.DBF
BLFN,10BLFN,F,NS,00,21,16,27.87,345,50.18,49.73,2.926810,0.314560,1000.00,cifi0007.DBF
BLFN,10BLFN,F,NS,00,21,17,31.00,371,54.08,53.59,2.926810,0.314560,1000.00,cifi0007.DBF
BLFN,10BLFN,F,NS,00,21,18,34.20,395,58.05,57.53,2.926810,0.314560,1000.00,cifi0007.DBF
BLFN,10BLFN,F,NS,00,21,19,37.51,419,62.14,61.56,2.926810,0.314560,1000.00,cifi0007.DBF
BLFN,10BLFN,F,NS,00,21,20,40.98,443,66.36,65.72,2.926810,0.314560,1000.00,cifi0007.DBF
BLFN,10BLFN,F,NS,00,21,21,44.59,465,70.73,70.01,2.926810,0.314560,1000.00,cifi0007.DBF
BLFN,10BLFN,F,NS,00,21,22,48.36,488,75.26,74.46,2.926810,0.314560,1000.00,cifi0007.DBF
BLFN,10BLFN,F,NS,00,21,23,52.32,509,79.95,79.06,2.926810,0.314560,1000.00,cifi0007.DBF
BLFN,10BLFN,F,NS,00,21,24,56.44,530,84.79,83.83,2.926810,0.314560,1000.00,cifi0007.DBF
BLFN,10BLFN,F,NS,00,21,25,60.74,551,89.80,88.76,2.926810,0.314560,1000.00,cifi0007.DBF
BLFN,10BLFN,F,NS,00,21,26,65.19,571,94.95,93.84,2.926810,0.314560,1000.00,cifi0007.DBF
BLFN,10BLFN,F,NS,00,21,27,69.80,590,100.23,99.05,2.926810,0.314560,1000.00,cifi0007.DBF
BLFN,10BLFN,F,NS,00,21,28,74.55,608,105.63,104.39,2.926810,0.314560,1000.00,cifi0007.DBF
BLFN,10BLFN,F,NS,00,21,29,79.44,626,111.15,109.86,2.926810,0.314560,1000.00,cifi0007.DBF
BLFN,10BLFN,F,NS,00,21,30,84.45,643,116.77,115.42,2.926810,0.314560,1000.00,cifi0007.DBF
BLFN,10BLFN,F,NS,00,21,31,89.56,659,122.45,121.07,2.926810,0.314560,1000.00,cifi0007.DBF
BLFN,10BLFN,F,NS,00,21,32,94.74,674,128.18,126.78,2.926810,0.314560,1000.00,cifi0007.DBF
BLFN,10BLFN,F,NS,00,21,33,99.96,689,133.93,132.52,2.926810,0.314560,1000.00,cifi0007.DBF
BLFN,10BLFN,F,NS,00,21,34,105.22,702,139.68,138.27,2.926810,0.314560,1000.00,cifi0007.DBF
BLFN,10BLFN,F,NS,00,21,35,110.51,716,145.45,144.03,2.926810,0.314560,1000.00,cifi0007.DBF
BLFN,10BLFN,F,NS,00,21,36,115.86,728,151.23,149.80,2.926810,0.314560,1000.00,cifi0007.DBF
BLFN,10BLFN,F,NS,00,21,37,121.27,740,157.04,155.60,2.926810,0.314560,1000.00,cifi0007.DBF
BLFN,10BLFN,F,NS,00,21,38,126.73,752,162.86,161.41,2.926810,0.314560,1000.00,cifi0007.DBF
BLFN,10BLFN,F,NS,00,21,39,132.23,763,168.70,167.24,2.926810,0.314560,1000.00,cifi0007.DBF
BLFN,10BLFN,F,NS,00,21,40,137.75,773,174.51,173.07,2.926810,0.314560,1000.00,cifi0007.DBF
BLFN,10BLFN,F,NS,00,21,41,143.24,783,180.26,178.85,2.926810,0.314560,1000.00,cifi0007.DBF
BLFN,10BLFN,F,NS,00,21,42,148.67,793,185.91,184.55,2.926810,0.314560,1000.00,cifi0007.DBF
BLFN,10BLFN,F,NS,00,21,43,153.99,802,191.40,190.12,2.926810,0.314560,1000.00,cifi0007.DBF
BLFN,10BLFN,F,NS,00,21,44,159.16,406,196.73,195.53,2.926810,0.314560,1000.00,cifi0007.DBF
BLFN,10BLFN,F,NS,00,21,45,167.12,411,204.85,202.25,2.926810,0.314560,500.00,cifi0007.DBF
BLFN,10BLFN,F,NS,00,21,46,175.30,416,213.13,210.45,2.926810,0.314560,500.00,cifi0007.DBF
BLFN,10BLFN,F,NS,00,21,47,183.71,421,221.59,218.83,2.926810,0.314560,500.00,cifi0007.DBF
BLFN,10BLFN,F,NS,00,21,48,192.35,426,230.21,227.37,2.926810,0.314560,500.00,cifi0007.DBF
BLFN,10BLFN,F,NS,00,21,49,201.21,431,239.00,236.07,2.926810,0.314560,500.00,cifi0007.DBF
BLFN,10BLFN,F,NS,00,21,50,210.29,435,247.92,244.92,2.926810,0.314560,500.00,cifi0007.DBF
BLFN,10BLFN,F,NS,00,21,51,219.55,439,256.97,253.91,2.926810,0.314560,500.00,cifi0007.DBF
BLFN,10BLFN,F,NS,00,21,52,228.98,443,266.12,263.01,2.926810,0.314560,500.00,cifi0007.DBF
BLFN,10BLFN,F,NS,00,21,53,238.56,447,275.35,272.20,2.926810,0.314560,500.00,cifi0007.DBF
BLFN,10BLFN,F,NS,00,21,54,248.26,451,284.64,281.46,2.926810,0.314560,500.00,cifi0007.DBF
BLFN,10BLFN,F,NS,00,21,55,258.07,454,293.97,290.77,2.926810,0.314560,500.00,cifi0007.DBF
BLFN,10BLFN,F,NS,00,21,56,267.96,457,303.32,300.11,2.926810,0.314560,500.00,cifi0007.DBF
BLFN,10BLFN,F,NS,00,21,57,277.90,460,312.66,309.45,2.926810,0.314560,500.00,cifi0007.DBF
BLFN,10BLFN,F,NS,00,21,58,287.84,463,321.94,318.76,2.926810,0.314560,500.00,cifi0007.DBF
BLFN,10BLFN,F,NS,00,21,59,297.71,466,331.11,327.99,2.926810,0.314560,500.00,cifi0007.DBF
BLFN,10BLFN,F,NS,00,21,60,307.45,468,340.11,337.07,2.926810,0.314560,500.00,cifi0007.DBF
BLFN,10BLFN,F,NS,00,21,61,317.08,471,348.96,346.00,2.926810,0.314560,500.00,cifi0007.DBF
BLFN,10BLFN,F,NS,00,21,62,326.65,473,357.71,354.80,2.926810,0.314560,500.00,cifi0007.DBF
BLFN,10BLFN,F,NS,00,21,63,336.14,475,366.33,363.49,2.926810,0.314560,500.00,cifi0007.DBF
BLFN,10BLFN,F,NS,00,21,64,345.30,477,374.62,371.94,2.926810,0.314560,500.00,cifi0007.DBF
BLFN,10BLFN,F,NS,00,21,65,354.06,479,382.51,380.02,2.926810,0.314560,500.00,cifi0007.DBF
BLFN,10BLFN,F,NS,00,21,66,362.54,481,390.12,387.77,2.926810,0.314560,500.00,cifi0007.DBF
BLFN,10BLFN,F,NS,00,21,67,370.69,482,397.40,395.22,2.926810,0.314560,500.00,cifi0007.DBF
BLFN,10BLFN,F,NS,00,21,68,378.46,484,404.31,402.32,2.926810,0.314560,500.00,cifi0007.DBF
BLFN,10BLFN,F,NS,00,21,69,385.82,485,410.83,409.03,2.926810,0.314560,500.00,cifi0007.DBF
BLFN,10BLFN,F,NS,00,21,70,392.78,486,416.98,415.37,2.926810,0.314560,500.00,cifi0007.DBF
BLFN,10BLFN,F,NS,00,21,71,399.36,487,422.78,421.34,2.926810,0.314560,500.00,cifi0007.DBF
BLFN,10BLFN,F,NS,00,21,72,405.58,488,428.23,426.97,2.926810,0.314560,500.00,cifi0007.DBF
BLFN,10BLFN,F,NS,00,21,73,411.50,489,433.41,432.28,2.926810,0.314560,500.00,cifi0007.DBF
BLFN,10BLFN,F,NS,00,21,74,417.21,490,438.38,437.36,2.926810,0.314560,500.00,cifi0007.DBF
BLFN,10BLFN,F,NS,00,21,75,422.64,491,443.10,442.20,2.926810,0.314560,500.00,cifi0007.DBF
BLFN,10BLFN,F,NS,00,21,76,427.67,491,447.46,446.74,2.926810,0.314560,500.00,cifi0007.DBF
BLFN,10BLFN,F,NS,00,21,77,432.25,492,451.42,450.90,2.926810,0.314560,500.00,cifi0007.DBF
BLFN,10BLFN,F,NS,00,21,78,436.34,493,454.93,454.64,2.926810,0.314560,500.00,cifi0007.DBF
BLFN,10BLFN,F,NS,00,21,79,439.84,493,457.95,457.90,2.926810,0.314560,500.00,cifi0007.DBF
BLFN,10BLFN,F,NS,00,21,80,442.83,494,460.52,460.70,2.926810,0.314560,500.00,cifi0007.DBF
BLFN,10BLFN,F,NS,00,21,81,445.50,494,462.81,463.13,2.926810,0.314560,500.00,cifi0007.DBF
BLFN,10BLFN,F,NS,00,21,82,447.89,494,464.86,465.30,2.926810,0.314560,500.00,cifi0007.DBF
BLFN,10BLFN,F,NS,00,21,83,450.03,495,466.69,467.24,2.926810,0.314560,500.00,cifi0007.DBF
BLFN,10BLFN,F,NS,00,21,84,452.01,495,468.38,469.00,2.926810,0.314560,500.00,cifi0007.DBF
BLFN,10BLFN,F,NS,00,21,85,453.97,495,470.06,470.69,2.926810,0.314560,500.00,cifi0007.DBF
BLFN,10BLFN,F,NS,00,21,86,455.99,495,471.78,472.39,2.926810,0.314560,500.00,cifi0007.DBF
BLFN,10BLFN,F,NS,00,21,87,457.93,496,473.43,474.07,2.926810,0.314560,500.00,cifi0007.DBF
BLFN,10BLFN,F,NS,00,21,88,459.80,496,475.02,475.69,2.926810,0.314560,500.00,cifi0007.DBF
BLFN,10BLFN,F,NS,00,21,89,461.59,496,476.54,477.24,2.926810,0.314560,500.00,cifi0007.DBF
BLFN,10BLFN,F,NS,00,21,90,463.31,496,478.00,478.73,2.926810,0.314560,500.00,cifi0007.DBF
BLFN,10BLFN,F,NS,00,21,91,464.96,496,479.40,480.16,2.926810,0.314560,500.00,cifi0007.DBF
BLFN,10BLFN,F,NS,00,21,92,466.54,497,480.74,481.53,2.926810,0.314560,500.00,cifi0007.DBF
BLFN,10BLFN,F,NS,00,21,93,468.05,497,482.02,482.84,2.926810,0.314560,500.00,cifi0007.DBF
BLFN,10BLFN,F,NS,00,21,94,469.50,497,483.24,484.09,2.926810,0.314560,500.00,cifi0007.DBF
BLFN,10BLFN,F,NS,00,21,95,470.89,497,484.41,485.29,2.926810,0.314560,500.00,cifi0007.DBF
BLFN,10BLFN,F,NS,00,21,96,472.22,497,485.53,486.44,2.926810,0.314560,500.00,cifi0007.DBF
BLFN,10BLFN,F,NS,00,21,97,473.58,497,486.64,487.55,2.926810,0.314560,500.00,cifi0007.DBF
BLFN,10BLFN,F,NS,00,21,98,475.83,498,488.15,488.86,2.926810,0.314560,500.00,cifi0007.DBF
BLFN,10BLFN,F,NS,00,21,99,500.00,500,500.00,495.54,15.619960,0.314560,500.00,cifi0007.DBF
BLFN,10BLFN,F,NS,00,22,1,0.00,0,0.00,0.16,0.314560,0.314560,1000.00,cifi0007.DBF
BLFN,10BLFN,F,NS,00,22,2,0.00,0,2.81,2.92,3.031840,0.314560,1000.00,cifi0007.DBF
BLFN,10BLFN,F,NS,00,22,3,0.00,0,5.73,5.79,3.031840,0.314560,1000.00,cifi0007.DBF
BLFN,10BLFN,F,NS,00,22,4,0.00,0,8.74,8.75,3.031840,0.314560,1000.00,cifi0007.DBF
BLFN,10BLFN,F,NS,00,22,5,0.00,0,11.86,11.82,3.031840,0.314560,1000.00,cifi0007.DBF
BLFN,10BLFN,F,NS,00,22,6,0.50,9,15.08,14.99,3.031840,0.314560,1000.00,cifi0007.DBF
BLFN,10BLFN,F,NS,00,22,7,3.01,50,18.37,18.24,3.031840,0.314560,1000.00,cifi0007.DBF
BLFN,10BLFN,F,NS,00,22,8,5.61,90,21.76,21.58,3.031840,0.314560,1000.00,cifi0007.DBF
BLFN,10BLFN,F,NS,00,22,9,8.31,128,25.26,25.03,3.031840,0.314560,1000.00,cifi0007.DBF
BLFN,10BLFN,F,NS,00,22,10,11.12,165,28.85,28.57,3.031840,0.314560,1000.00,cifi0007.DBF
BLFN,10BLFN,F,NS,00,22,11,14.00,200,32.53,32.21,3.031840,0.314560,1000.00,cifi0007.DBF
BLFN,10BLFN,F,NS,00,22,12,16.94,233,36.26,35.91,3.031840,0.314560,1000.00,cifi0007.DBF
BLFN,10BLFN,F,NS,00,22,13,19.92,264,40.03,39.66,3.031840,0.314560,1000.00,cifi0007.DBF
BLFN,10BLFN,F,NS,00,22,14,22.95,294,43.85,43.45,3.031840,0.314560,1000.00,cifi0007.DBF
BLFN,10BLFN,F,NS,00,22,15,26.02,322,47.71,47.29,3.031840,0.314560,1000.00,cifi0007.DBF
BLFN,10BLFN,F,NS,00,22,16,29.16,349,51.62,51.18,3.031840,0.314560,1000.00,cifi0007.DBF
BLFN,10BLFN,F,NS,00,22,17,32.37,374,55.62,55.14,3.031840,0.314560,1000.00,cifi0007.DBF
BLFN,10BLFN,F,NS,00,22,18,35.70,399,59.72,59.19,3.031840,0.314560,1000.00,cifi0007.DBF
BLFN,10BLFN,F,NS,00,22,19,39.18,423,63.97,63.36,3.031840,0.314560,1000.00,cifi0007.DBF
BLFN,10BLFN,F,NS,00,22,20,42.80,447,68.36,67.68,3.031840,0.314560,1000.00,cifi0007.DBF
BLFN,10BLFN,F,NS,00,22,21,46.59,470,72.91,72.15,3.031840,0.314560,1000.00,cifi0007.DBF
BLFN,10BLFN,F,NS,00,22,22,50.56,492,77.62,76.78,3.031840,0.314560,1000.00,cifi0007.DBF
BLFN,10BLFN,F,NS,00,22,23,54.70,514,82.49,81.57,3.031840,0.314560,1000.00,cifi0007.DBF
BLFN,10BLFN,F,NS,00,22,24,59.01,535,87.52,86.53,3.031840,0.314560,1000.00,cifi0007.DBF
BLFN,10BLFN,F,NS,00,22,25,63.48,556,92.70,91.63,3.031840,0.314560,1000.00,cifi0007.DBF
BLFN,10BLFN,F,NS,00,22,26,68.10,575,98.01,96.87,3.031840,0.314560,1000.00,cifi0007.DBF
BLFN,10BLFN,F,NS,00,22,27,72.88,594,103.44,102.24,3.031840,0.314560,1000.00,cifi0007.DBF
BLFN,10BLFN,F,NS,00,22,28,77.79,613,108.99,107.73,3.031840,0.314560,1000.00,cifi0007.DBF
BLFN,10BLFN,F,NS,00,22,29,82.81,630,114.64,113.33,3.031840,0.314560,1000.00,cifi0007.DBF
BLFN,10BLFN,F,NS,00,22,30,87.94,647,120.35,119.01,3.031840,0.314560,1000.00,cifi0007.DBF
BLFN,10BLFN,F,NS,00,22,31,93.14,663,126.11,124.75,3.031840,0.314560,1000.00,cifi0007.DBF
BLFN,10BLFN,F,NS,00,22,32,98.38,678,131.89,130.52,3.031840,0.314560,1000.00,cifi0007.DBF
BLFN,10BLFN,F,NS,00,22,33,103.66,692,137.68,136.30,3.031840,0.314560,1000.00,cifi0007.DBF
BLFN,10BLFN,F,NS,00,22,34,108.98,706,143.48,142.09,3.031840,0.314560,1000.00,cifi0007.DBF
BLFN,10BLFN,F,NS,00,22,35,114.35,719,149.29,147.90,3.031840,0.314560,1000.00,cifi0007.DBF
BLFN,10BLFN,F,NS,00,22,36,119.78,731,155.14,153.73,3.031840,0.314560,1000.00,cifi0007.DBF
BLFN,10BLFN,F,NS,00,22,37,125.27,743,161.00,159.58,3.031840,0.314560,1000.00,cifi0007.DBF
BLFN,10BLFN,F,NS,00,22,38,130.80,754,166.87,165.45,3.031840,0.314560,1000.00,cifi0007.DBF
BLFN,10BLFN,F,NS,00,22,39,136.34,765,172.73,171.31,3.031840,0.314560,1000.00,cifi0007.DBF
BLFN,10BLFN,F,NS,00,22,40,141.86,776,178.51,177.13,3.031840,0.314560,1000.00,cifi0007.DBF
BLFN,10BLFN,F,NS,00,22,41,147.32,786,184.20,182.87,3.031840,0.314560,1000.00,cifi0007.DBF
BLFN,10BLFN,F,NS,00,22,42,152.66,795,189.73,188.48,3.031840,0.314560,1000.00,cifi0007.DBF
BLFN,10BLFN,F,NS,00,22,43,157.86,402,195.10,193.93,3.031840,0.314560,1000.00,cifi0007.DBF
BLFN,10BLFN,F,NS,00,22,44,165.85,408,203.26,200.70,3.031840,0.314560,500.00,cifi0007.DBF
BLFN,10BLFN,F,NS,00,22,45,174.07,413,211.59,208.94,3.031840,0.314560,500.00,cifi0007.DBF
BLFN,10BLFN,F,NS,00,22,46,182.51,419,220.09,217.36,3.031840,0.314560,500.00,cifi0007.DBF
BLFN,10BLFN,F,NS,00,22,47,191.18,424,228.76,225.94,3.031840,0.314560,500.00,cifi0007.DBF
BLFN,10BLFN,F,NS,00,22,48,200.08,428,237.59,234.69,3.031840,0.314560,500.00,cifi0007.DBF
BLFN,10BLFN,F,NS,00,22,49,209.18,433,246.56,243.59,3.031840,0.314560,500.00,cifi0007.DBF
BLFN,10BLFN,F,NS,00,22,50,218.48,437,255.65,252.62,3.031840,0.314560,500.00,cifi0007.DBF
BLFN,10BLFN,F,NS,00,22,51,227.95,441,264.85,261.77,3.031840,0.314560,500.00,cifi0007.DBF
BLFN,10BLFN,F,NS,00,22,52,237.56,445,274.13,271.01,3.031840,0.314560,500.00,cifi0007.DBF
BLFN,10BLFN,F,NS,00,22,53,247.31,449,283.47,280.32,3.031840,0.314560,500.00,cifi0007.DBF
BLFN,10BLFN,F,NS,00,22,54,257.15,452,292.85,289.68,3.031840,0.314560,500.00,cifi0007.DBF
BLFN,10BLFN,F,NS,00,22,55,267.08,456,302.25,299.07,3.031840,0.314560,500.00,cifi0007.DBF
BLFN,10BLFN,F,NS,00,22,56,277.05,459,311.64,308.46,3.031840,0.314560,500.00,cifi0007.DBF
BLFN,10BLFN,F,NS,00,22,57,287.03,462,320.97,317.82,3.031840,0.314560,500.00,cifi0007.DBF
BLFN,10BLFN,F,NS,00,22,58,296.94,465,330.18,327.09,3.031840,0.314560,500.00,cifi0007.DBF
BLFN,10BLFN,F,NS,00,22,59,306.72,467,339.23,336.22,3.031840,0.314560,500.00,cifi0007.DBF
BLFN,10BLFN,F,NS,00,22,60,316.38,470,348.13,345.19,3.031840,0.314560,500.00,cifi0007.DBF
BLFN,10BLFN,F,NS,00,22,61,326.00,472,356.92,354.04,3.031840,0.314560,500.00,cifi0007.DBF
BLFN,10BLFN,F,NS,00,22,62,335.52,474,365.59,362.77,3.031840,0.314560,500.00,cifi0007.DBF
BLFN,10BLFN,F,NS,00,22,63,344.71,476,373.92,371.27,3.031840,0.314560,500.00,cifi0007.DBF
BLFN,10BLFN,F,NS,00,22,64,353.50,478,381.85,379.40,3.031840,0.314560,500.00,cifi0007.DBF
BLFN,10BLFN,F,NS,00,22,65,362.02,480,389.50,387.19,3.031840,0.314560,500.00,cifi0007.DBF
BLFN,10BLFN,F,NS,00,22,66,370.20,481,396.82,394.67,3.031840,0.314560,500.00,cifi0007.DBF
BLFN,10BLFN,F,NS,00,22,67,378.00,483,403.76,401.81,3.031840,0.314560,500.00,cifi0007.DBF
BLFN,10BLFN,F,NS,00,22,68,385.38,484,410.32,408.56,3.031840,0.314560,500.00,cifi0007.DBF
BLFN,10BLFN,F,NS,00,22,69,392.37,486,416.50,414.93,3.031840,0.314560,500.00,cifi0007.DBF
BLFN,10BLFN,F,NS,00,22,70,398.98,487,422.33,420.93,3.031840,0.314560,500.00,cifi0007.DBF
BLFN,10BLFN,F,NS,00,22,71,405.22,488,427.81,426.59,3.031840,0.314560,500.00,cifi0007.DBF
BLFN,10BLFN,F,NS,00,22,72,411.16,489,433.01,431.93,3.031840,0.314560,500.00,cifi0007.DBF
BLFN,10BLFN,F,NS,00,22,73,416.89,490,438.02,437.03,3.031840,0.314560,500.00,cifi0007.DBF
BLFN,10BLFN,F,NS,00,22,74,422.34,490,442.76,441.90,3.031840,0.314560,500.00,cifi0007.DBF
BLFN,10BLFN,F,NS,00,22,75,427.39,491,447.14,446.46,3.031840,0.314560,500.00,cifi0007.DBF
BLFN,10BLFN,F,NS,00,22,76,432.00,492,451.12,450.64,3.031840,0.314560,500.00,cifi0007.DBF
BLFN,10BLFN,F,NS,00,22,77,436.09,492,454.65,454.40,3.031840,0.314560,500.00,cifi0007.DBF
BLFN,10BLFN,F,NS,00,22,78,439.61,493,457.68,457.68,3.031840,0.314560,500.00,cifi0007.DBF
BLFN,10BLFN,F,NS,00,22,79,442.61,493,460.27,460.49,3.031840,0.314560,500.00,cifi0007.DBF
BLFN,10BLFN,F,NS,00,22,80,445.30,494,462.57,462.93,3.031840,0.314560,500.00,cifi0007.DBF
BLFN,10BLFN,F,NS,00,22,81,447.69,494,464.63,465.11,3.031840,0.314560,500.00,cifi0007.DBF
BLFN,10BLFN,F,NS,00,22,82,449.84,494,466.47,467.06,3.031840,0.314560,500.00,cifi0007.DBF
BLFN,10BLFN,F,NS,00,22,83,451.83,495,468.17,468.84,3.031840,0.314560,500.00,cifi0007.DBF
BLFN,10BLFN,F,NS,00,22,84,453.80,495,469.86,470.53,3.031840,0.314560,500.00,cifi0007.DBF
BLFN,10BLFN,F,NS,00,22,85,455.82,495,471.59,472.24,3.031840,0.314560,500.00,cifi0007.DBF
BLFN,10BLFN,F,NS,00,22,86,457.77,495,473.25,473.94,3.031840,0.314560,500.00,cifi0007.DBF
BLFN,10BLFN,F,NS,00,22,87,459.64,496,474.84,475.56,3.031840,0.314560,500.00,cifi0007.DBF
BLFN,10BLFN,F,NS,00,22,88,461.44,496,476.37,477.13,3.031840,0.314560,500.00,cifi0007.DBF
BLFN,10BLFN,F,NS,00,22,89,463.17,496,477.84,478.62,3.031840,0.314560,500.00,cifi0007.DBF
BLFN,10BLFN,F,NS,00,22,90,464.82,496,479.25,480.06,3.031840,0.314560,500.00,cifi0007.DBF
BLFN,10BLFN,F,NS,00,22,91,466.41,496,480.59,481.43,3.031840,0.314560,500.00,cifi0007.DBF
BLFN,10BLFN,F,NS,00,22,92,467.93,497,481.88,482.75,3.031840,0.314560,500.00,cifi0007.DBF
BLFN,10BLFN,F,NS,00,22,93,469.38,497,483.11,484.01,3.031840,0.314560,500.00,cifi0007.DBF
BLFN,10BLFN,F,NS,00,22,94,470.78,497,484.28,485.21,3.031840,0.314560,500.00,cifi0007.DBF
BLFN,10BLFN,F,NS,00,22,95,472.12,497,485.41,486.36,3.031840,0.314560,500.00,cifi0007.DBF
BLFN,10BLFN,F,NS,00,22,96,473.48,497,486.53,487.49,3.031840,0.314560,500.00,cifi0007.DBF
BLFN,10BLFN,F,NS,00,22,97,475.73,498,488.05,488.80,3.031840,0.314560,500.00,cifi0007.DBF
BLFN,10BLFN,F,NS,00,22,98,500.00,500,500.00,495.54,15.619960,0.314560,500.00,cifi0007.DBF
BLFN,10BLFN,F,NS,00,23,1,0.00,0,0.00,0.16,0.314560,0.314560,1000.00,cifi0007.DBF
BLFN,10BLFN,F,NS,00,23,2,0.00,0,2.93,3.03,3.141630,0.314560,1000.00,cifi0007.DBF
BLFN,10BLFN,F,NS,00,23,3,0.00,0,5.96,6.01,3.141630,0.314560,1000.00,cifi0007.DBF
BLFN,10BLFN,F,NS,00,23,4,0.00,0,9.09,9.10,3.141630,0.314560,1000.00,cifi0007.DBF
BLFN,10BLFN,F,NS,00,23,5,0.00,0,12.32,12.28,3.141630,0.314560,1000.00,cifi0007.DBF
BLFN,10BLFN,F,NS,00,23,6,0.98,17,15.64,15.55,3.141630,0.314560,1000.00,cifi0007.DBF
BLFN,10BLFN,F,NS,00,23,7,3.59,58,19.04,18.91,3.141630,0.314560,1000.00,cifi0007.DBF
BLFN,10BLFN,F,NS,00,23,8,6.30,97,22.55,22.37,3.141630,0.314560,1000.00,cifi0007.DBF
BLFN,10BLFN,F,NS,00,23,9,9.12,135,26.17,25.93,3.141630,0.314560,1000.00,cifi0007.DBF
BLFN,10BLFN,F,NS,00,23,10,12.02,172,29.86,29.59,3.141630,0.314560,1000.00,cifi0007.DBF
BLFN,10BLFN,F,NS,00,23,11,14.96,206,33.61,33.31,3.141630,0.314560,1000.00,cifi0007.DBF
BLFN,10BLFN,F,NS,00,23,12,17.96,238,37.40,37.08,3.141630,0.314560,1000.00,cifi0007.DBF
BLFN,10BLFN,F,NS,00,23,13,21.00,269,41.24,40.89,3.141630,0.314560,1000.00,cifi0007.DBF
BLFN,10BLFN,F,NS,00,23,14,24.08,298,45.12,44.75,3.141630,0.314560,1000.00,cifi0007.DBF
BLFN,10BLFN,F,NS,00,23,15,27.23,326,49.06,48.66,3.141630,0.314560,1000.00,cifi0007.DBF
BLFN,10BLFN,F,NS,00,23,16,30.45,352,53.07,52.63,3.141630,0.314560,1000.00,cifi0007.DBF
BLFN,10BLFN,F,NS,00,23,17,33.79,378,57.20,56.71,3.141630,0.314560,1000.00,cifi0007.DBF
BLFN,10BLFN,F,NS,00,23,18,37.28,403,61.47,60.90,3.141630,0.314560,1000.00,cifi0007.DBF
BLFN,10BLFN,F,NS,00,23,19,40.92,427,65.88,65.25,3.141630,0.314560,1000.00,cifi0007.DBF
BLFN,10BLFN,F,NS,00,23,20,44.73,451,70.45,69.74,3.141630,0.314560,1000.00,cifi0007.DBF
BLFN,10BLFN,F,NS,00,23,21,48.71,474,75.19,74.39,3.141630,0.314560,1000.00,cifi0007.DBF
BLFN,10BLFN,F,NS,00,23,22,52.86,497,80.09,79.21,3.141630,0.314560,1000.00,cifi0007.DBF
BLFN,10BLFN,F,NS,00,23,23,57.19,519,85.15,84.19,3.141630,0.314560,1000.00,cifi0007.DBF
BLFN,10BLFN,F,NS,00,23,24,61.68,540,90.35,89.32,3.141630,0.314560,1000.00,cifi0007.DBF
BLFN,10BLFN,F,NS,00,23,25,66.32,560,95.69,94.59,3.141630,0.314560,1000.00,cifi0007.DBF
BLFN,10BLFN,F,NS,00,23,26,71.11,580,101.15,99.99,3.141630,0.314560,1000.00,cifi0007.DBF
BLFN,10BLFN,F,NS,00,23,27,76.04,599,106.73,105.51,3.141630,0.314560,1000.00,cifi0007.DBF
BLFN,10BLFN,F,NS,00,23,28,81.09,617,112.41,111.14,3.141630,0.314560,1000.00,cifi0007.DBF
BLFN,10BLFN,F,NS,00,23,29,86.24,634,118.15,116.85,3.141630,0.314560,1000.00,cifi0007.DBF
BLFN,10BLFN,F,NS,00,23,30,91.46,651,123.95,122.62,3.141630,0.314560,1000.00,cifi0007.DBF
BLFN,10BLFN,F,NS,00,23,31,96.72,666,129.77,128.43,3.141630,0.314560,1000.00,cifi0007.DBF
BLFN,10BLFN,F,NS,00,23,32,102.02,681,135.58,134.25,3.141630,0.314560,1000.00,cifi0007.DBF
BLFN,10BLFN,F,NS,00,23,33,107.37,695,141.42,140.07,3.141630,0.314560,1000.00,cifi0007.DBF
BLFN,10BLFN,F,NS,00,23,34,112.76,709,147.27,145.91,3.141630,0.314560,1000.00,cifi0007.DBF
BLFN,10BLFN,F,NS,00,23,35,118.22,722,153.15,151.78,3.141630,0.314560,1000.00,cifi0007.DBF
BLFN,10BLFN,F,NS,00,23,36,123.73,734,159.05,157.67,3.141630,0.314560,1000.00,cifi0007.DBF
BLFN,10BLFN,F,NS,00,23,37,129.29,746,164.96,163.58,3.141630,0.314560,1000.00,cifi0007.DBF
BLFN,10BLFN,F,NS,00,23,38,134.86,757,170.86,169.48,3.141630,0.314560,1000.00,cifi0007.DBF
BLFN,10BLFN,F,NS,00,23,39,140.41,768,176.68,175.34,3.141630,0.314560,1000.00,cifi0007.DBF
BLFN,10BLFN,F,NS,00,23,40,145.89,778,182.41,181.12,3.141630,0.314560,1000.00,cifi0007.DBF
BLFN,10BLFN,F,NS,00,23,41,151.26,788,187.99,186.77,3.141630,0.314560,1000.00,cifi0007.DBF
BLFN,10BLFN,F,NS,00,23,42,156.50,399,193.40,192.26,3.141630,0.314560,1000.00,cifi0007.DBF
BLFN,10BLFN,F,NS,00,23,43,164.52,405,201.60,199.07,3.141630,0.314560,500.00,cifi0007.DBF
BLFN,10BLFN,F,NS,00,23,44,172.77,410,209.98,207.36,3.141630,0.314560,500.00,cifi0007.DBF
BLFN,10BLFN,F,NS,00,23,45,181.24,416,218.53,215.82,3.141630,0.314560,500.00,cifi0007.DBF
BLFN,10BLFN,F,NS,00,23,46,189.95,421,227.24,224.46,3.141630,0.314560,500.00,cifi0007.DBF
BLFN,10BLFN,F,NS,00,23,47,198.88,426,236.12,233.25,3.141630,0.314560,500.00,cifi0007.DBF
BLFN,10BLFN,F,NS,00,23,48,208.02,430,245.14,242.20,3.141630,0.314560,500.00,cifi0007.DBF
BLFN,10BLFN,F,NS,00,23,49,217.36,435,254.28,251.28,3.141630,0.314560,500.00,cifi0007.DBF
BLFN,10BLFN,F,NS,00,23,50,226.86,439,263.53,260.48,3.141630,0.314560,500.00,cifi0007.DBF
BLFN,10BLFN,F,NS,00,23,51,236.52,443,272.86,269.77,3.141630,0.314560,500.00,cifi0007.DBF
BLFN,10BLFN,F,NS,00,23,52,246.30,447,282.25,279.13,3.141630,0.314560,500.00,cifi0007.DBF
BLFN,10BLFN,F,NS,00,23,53,256.18,451,291.68,288.54,3.141630,0.314560,500.00,cifi0007.DBF
BLFN,10BLFN,F,NS,00,23,54,266.15,454,301.13,297.98,3.141630,0.314560,500.00,cifi0007.DBF
BLFN,10BLFN,F,NS,00,23,55,276.16,457,310.57,307.42,3.141630,0.314560,500.00,cifi0007.DBF
BLFN,10BLFN,F,NS,00,23,56,286.18,461,319.95,316.83,3.141630,0.314560,500.00,cifi0007.DBF
BLFN,10BLFN,F,NS,00,23,57,296.13,463,329.22,326.15,3.141630,0.314560,500.00,cifi0007.DBF
BLFN,10BLFN,F,NS,00,23,58,305.95,466,338.31,335.33,3.141630,0.314560,500.00,cifi0007.DBF
BLFN,10BLFN,F,NS,00,23,59,315.65,469,347.26,344.35,3.141630,0.314560,500.00,cifi0007.DBF
BLFN,10BLFN,F,NS,00,23,60,325.30,471,356.10,353.25,3.141630,0.314560,500.00,cifi0007.DBF
BLFN,10BLFN,F,NS,00,23,61,334.86,473,364.81,362.03,3.141630,0.314560,500.00,cifi0007.DBF
BLFN,10BLFN,F,NS,00,23,62,344.09,475,373.19,370.57,3.141630,0.314560,500.00,cifi0007.DBF
BLFN,10BLFN,F,NS,00,23,63,352.92,477,381.16,378.74,3.141630,0.314560,500.00,cifi0007.DBF
BLFN,10BLFN,F,NS,00,23,64,361.47,479,388.85,386.58,3.141630,0.314560,500.00,cifi0007.DBF
BLFN,10BLFN,F,NS,00,23,65,369.68,481,396.21,394.10,3.141630,0.314560,500.00,cifi0007.DBF
BLFN,10BLFN,F,NS,00,23,66,377.51,482,403.19,401.27,3.141630,0.314560,500.00,cifi0007.DBF
BLFN,10BLFN,F,NS,00,23,67,384.93,484,409.78,408.06,3.141630,0.314560,500.00,cifi0007.DBF
BLFN,10BLFN,F,NS,00,23,68,391.94,485,416.00,414.46,3.141630,0.314560,500.00,cifi0007.DBF
BLFN,10BLFN,F,NS,00,23,69,398.58,486,421.86,420.50,3.141630,0.314560,500.00,cifi0007.DBF
BLFN,10BLFN,F,NS,00,23,70,404.84,487,427.37,426.19,3.141630,0.314560,500.00,cifi0007.DBF
BLFN,10BLFN,F,NS,00,23,71,410.81,488,432.60,431.56,3.141630,0.314560,500.00,cifi0007.DBF
BLFN,10BLFN,F,NS,00,23,72,416.56,489,437.63,436.69,3.141630,0.314560,500.00,cifi0007.DBF
BLFN,10BLFN,F,NS,00,23,73,422.03,490,442.40,441.59,3.141630,0.314560,500.00,cifi0007.DBF
BLFN,10BLFN,F,NS,00,23,74,427.10,491,446.80,446.17,3.141630,0.314560,500.00,cifi0007.DBF
BLFN,10BLFN,F,NS,00,23,75,431.73,491,450.81,450.38,3.141630,0.314560,500.00,cifi0007.DBF
BLFN,10BLFN,F,NS,00,23,76,435.84,492,454.36,454.15,3.141630,0.314560,500.00,cifi0007.DBF
BLFN,10BLFN,F,NS,00,23,77,439.37,493,457.40,457.45,3.141630,0.314560,500.00,cifi0007.DBF
BLFN,10BLFN,F,NS,00,23,78,442.38,493,460.00,460.27,3.141630,0.314560,500.00,cifi0007.DBF
BLFN,10BLFN,F,NS,00,23,79,445.08,493,462.32,462.73,3.141630,0.314560,500.00,cifi0007.DBF
BLFN,10BLFN,F,NS,00,23,80,447.48,494,464.39,464.92,3.141630,0.314560,500.00,cifi0007.DBF
BLFN,10BLFN,F,NS,00,23,81,449.64,494,466.24,466.89,3.141630,0.314560,500.00,cifi0007.DBF
BLFN,10BLFN,F,NS,00,23,82,451.63,494,467.95,468.67,3.141630,0.314560,500.00,cifi0007.DBF
BLFN,10BLFN,F,NS,00,23,83,453.61,495,469.65,470.37,3.141630,0.314560,500.00,cifi0007.DBF
BLFN,10BLFN,F,NS,00,23,84,455.65,495,471.39,472.09,3.141630,0.314560,500.00,cifi0007.DBF
BLFN,10BLFN,F,NS,00,23,85,457.60,495,473.06,473.79,3.141630,0.314560,500.00,cifi0007.DBF
BLFN,10BLFN,F,NS,00,23,86,459.48,495,474.66,475.43,3.141630,0.314560,500.00,cifi0007.DBF
BLFN,10BLFN,F,NS,00,23,87,461.29,496,476.20,477.00,3.141630,0.314560,500.00,cifi0007.DBF
BLFN,10BLFN,F,NS,00,23,88,463.02,496,477.67,478.51,3.141630,0.314560,500.00,cifi0007.DBF
BLFN,10BLFN,F,NS,00,23,89,464.68,496,479.09,479.95,3.141630,0.314560,500.00,cifi0007.DBF
BLFN,10BLFN,F,NS,00,23,90,466.27,496,480.44,481.33,3.141630,0.314560,500.00,cifi0007.DBF
BLFN,10BLFN,F,NS,00,23,91,467.80,497,481.73,482.66,3.141630,0.314560,500.00,cifi0007.DBF
BLFN,10BLFN,F,NS,00,23,92,469.26,497,482.97,483.92,3.141630,0.314560,500.00,cifi0007.DBF
BLFN,10BLFN,F,NS,00,23,93,470.66,497,484.15,485.13,3.141630,0.314560,500.00,cifi0007.DBF
BLFN,10BLFN,F,NS,00,23,94,472.01,497,485.29,486.29,3.141630,0.314560,500.00,cifi0007.DBF
BLFN,10BLFN,F,NS,00,23,95,473.37,497,486.41,487.42,3.141630,0.314560,500.00,cifi0007.DBF
BLFN,10BLFN,F,NS,00,23,96,475.64,498,487.94,488.74,3.141630,0.314560,500.00,cifi0007.DBF
BLFN,10BLFN,F,NS,00,23,97,500.00,500,500.00,495.54,15.619960,0.314560,500.00,cifi0007.DBF
BLFN,10BLFN,F,NS,00,24,1,0.00,0,0.00,0.16,0.314560,0.314560,1000.00,cifi0007.DBF
BLFN,10BLFN,F,NS,00,24,2,0.00,0,3.05,3.15,3.256440,0.314560,1000.00,cifi0007.DBF
BLFN,10BLFN,F,NS,00,24,3,0.00,0,6.20,6.25,3.256440,0.314560,1000.00,cifi0007.DBF
BLFN,10BLFN,F,NS,00,24,4,0.00,0,9.44,9.45,3.256440,0.314560,1000.00,cifi0007.DBF
BLFN,10BLFN,F,NS,00,24,5,0.00,0,12.77,12.74,3.256440,0.314560,1000.00,cifi0007.DBF
BLFN,10BLFN,F,NS,00,24,6,1.47,24,16.20,16.11,3.256440,0.314560,1000.00,cifi0007.DBF
BLFN,10BLFN,F,NS,00,24,7,4.19,65,19.73,19.59,3.256440,0.314560,1000.00,cifi0007.DBF
BLFN,10BLFN,F,NS,00,24,8,7.02,104,23.36,23.17,3.256440,0.314560,1000.00,cifi0007.DBF
BLFN,10BLFN,F,NS,00,24,9,9.92,142,27.07,26.85,3.256440,0.314560,1000.00,cifi0007.DBF
BLFN,10BLFN,F,NS,00,24,10,12.88,177,30.84,30.59,3.256440,0.314560,1000.00,cifi0007.DBF
BLFN,10BLFN,F,NS,00,24,11,15.88,211,34.65,34.37,3.256440,0.314560,1000.00,cifi0007.DBF
BLFN,10BLFN,F,NS,00,24,12,18.94,243,38.51,38.21,3.256440,0.314560,1000.00,cifi0007.DBF
BLFN,10BLFN,F,NS,00,24,13,22.03,273,42.41,42.09,3.256440,0.314560,1000.00,cifi0007.DBF
BLFN,10BLFN,F,NS,00,24,14,25.19,301,46.37,46.02,3.256440,0.314560,1000.00,cifi0007.DBF
BLFN,10BLFN,F,NS,00,24,15,28.43,329,50.41,50.02,3.256440,0.314560,1000.00,cifi0007.DBF
BLFN,10BLFN,F,NS,00,24,16,31.79,355,54.56,54.11,3.256440,0.314560,1000.00,cifi0007.DBF
BLFN,10BLFN,F,NS,00,24,17,35.29,381,58.85,58.33,3.256440,0.314560,1000.00,cifi0007.DBF
BLFN,10BLFN,F,NS,00,24,18,38.94,406,63.29,62.70,3.256440,0.314560,1000.00,cifi0007.DBF
BLFN,10BLFN,F,NS,00,24,19,42.76,431,67.89,67.22,3.256440,0.314560,1000.00,cifi0007.DBF
BLFN,10BLFN,F,NS,00,24,20,46.76,455,72.65,71.90,3.256440,0.314560,1000.00,cifi0007.DBF
BLFN,10BLFN,F,NS,00,24,21,50.93,479,77.58,76.74,3.256440,0.314560,1000.00,cifi0007.DBF
BLFN,10BLFN,F,NS,00,24,22,55.28,501,82.66,81.75,3.256440,0.314560,1000.00,cifi0007.DBF
BLFN,10BLFN,F,NS,00,24,23,59.79,523,87.90,86.91,3.256440,0.314560,1000.00,cifi0007.DBF
BLFN,10BLFN,F,NS,00,24,24,64.45,545,93.26,92.21,3.256440,0.314560,1000.00,cifi0007.DBF
BLFN,10BLFN,F,NS,00,24,25,69.26,565,98.76,97.64,3.256440,0.314560,1000.00,cifi0007.DBF
BLFN,10BLFN,F,NS,00,24,26,74.21,585,104.37,103.19,3.256440,0.314560,1000.00,cifi0007.DBF
BLFN,10BLFN,F,NS,00,24,27,79.28,603,110.08,108.85,3.256440,0.314560,1000.00,cifi0007.DBF
BLFN,10BLFN,F,NS,00,24,28,84.44,621,115.86,114.60,3.256440,0.314560,1000.00,cifi0007.DBF
BLFN,10BLFN,F,NS,00,24,29,89.69,638,121.69,120.40,3.256440,0.314560,1000.00,cifi0007.DBF
BLFN,10BLFN,F,NS,00,24,30,94.98,654,127.54,126.24,3.256440,0.314560,1000.00,cifi0007.DBF
BLFN,10BLFN,F,NS,00,24,31,100.30,670,133.39,132.09,3.256440,0.314560,1000.00,cifi0007.DBF
BLFN,10BLFN,F,NS,00,24,32,105.67,684,139.26,137.96,3.256440,0.314560,1000.00,cifi0007.DBF
BLFN,10BLFN,F,NS,00,24,33,111.09,698,145.15,143.84,3.256440,0.314560,1000.00,cifi0007.DBF
BLFN,10BLFN,F,NS,00,24,34,116.57,711,151.07,149.74,3.256440,0.314560,1000.00,cifi0007.DBF
BLFN,10BLFN,F,NS,00,24,35,122.11,724,157.01,155.67,3.256440,0.314560,1000.00,cifi0007.DBF
BLFN,10BLFN,F,NS,00,24,36,127.69,737,162.96,161.62,3.256440,0.314560,1000.00,cifi0007.DBF
BLFN,10BLFN,F,NS,00,24,37,133.30,748,168.90,167.56,3.256440,0.314560,1000.00,cifi0007.DBF
BLFN,10BLFN,F,NS,00,24,38,138.87,759,174.77,173.46,3.256440,0.314560,1000.00,cifi0007.DBF
BLFN,10BLFN,F,NS,00,24,39,144.39,770,180.54,179.28,3.256440,0.314560,1000.00,cifi0007.DBF
BLFN,10BLFN,F,NS,00,24,40,149.79,780,186.17,184.98,3.256440,0.314560,1000.00,cifi0007.DBF
BLFN,10BLFN,F,NS,00,24,41,155.06,395,191.62,190.52,3.256440,0.314560,1000.00,cifi0007.DBF
BLFN,10BLFN,F,NS,00,24,42,163.12,401,199.87,197.37,3.256440,0.314560,500.00,cifi0007.DBF
BLFN,10BLFN,F,NS,00,24,43,171.40,407,208.29,205.71,3.256440,0.314560,500.00,cifi0007.DBF
BLFN,10BLFN,F,NS,00,24,44,179.91,413,216.89,214.22,3.256440,0.314560,500.00,cifi0007.DBF
BLFN,10BLFN,F,NS,00,24,45,188.65,418,225.65,222.90,3.256440,0.314560,500.00,cifi0007.DBF
BLFN,10BLFN,F,NS,00,24,46,197.62,423,234.58,231.74,3.256440,0.314560,500.00,cifi0007.DBF
BLFN,10BLFN,F,NS,00,24,47,206.80,428,243.65,240.74,3.256440,0.314560,500.00,cifi0007.DBF
BLFN,10BLFN,F,NS,00,24,48,216.18,433,252.85,249.88,3.256440,0.314560,500.00,cifi0007.DBF
BLFN,10BLFN,F,NS,00,24,49,225.72,437,262.15,259.12,3.256440,0.314560,500.00,cifi0007.DBF
BLFN,10BLFN,F,NS,00,24,50,235.42,441,271.53,268.47,3.256440,0.314560,500.00,cifi0007.DBF
BLFN,10BLFN,F,NS,00,24,51,245.24,445,280.97,277.88,3.256440,0.314560,500.00,cifi0007.DBF
BLFN,10BLFN,F,NS,00,24,52,255.16,449,290.46,287.34,3.256440,0.314560,500.00,cifi0007.DBF
BLFN,10BLFN,F,NS,00,24,53,265.17,453,299.96,296.84,3.256440,0.314560,500.00,cifi0007.DBF
BLFN,10BLFN,F,NS,00,24,54,275.23,456,309.45,306.33,3.256440,0.314560,500.00,cifi0007.DBF
BLFN,10BLFN,F,NS,00,24,55,285.29,459,318.88,315.79,3.256440,0.314560,500.00,cifi0007.DBF
BLFN,10BLFN,F,NS,00,24,56,295.28,462,328.20,325.17,3.256440,0.314560,500.00,cifi0007.DBF
BLFN,10BLFN,F,NS,00,24,57,305.13,465,337.35,334.40,3.256440,0.314560,500.00,cifi0007.DBF
BLFN,10BLFN,F,NS,00,24,58,314.88,468,346.34,343.47,3.256440,0.314560,500.00,cifi0007.DBF
BLFN,10BLFN,F,NS,00,24,59,324.57,470,355.24,352.42,3.256440,0.314560,500.00,cifi0007.DBF
BLFN,10BLFN,F,NS,00,24,60,334.17,472,364.00,361.25,3.256440,0.314560,500.00,cifi0007.DBF
BLFN,10BLFN,F,NS,00,24,61,343.44,475,372.42,369.84,3.256440,0.314560,500.00,cifi0007.DBF
BLFN,10BLFN,F,NS,00,24,62,352.30,477,380.44,378.06,3.256440,0.314560,500.00,cifi0007.DBF
BLFN,10BLFN,F,NS,00,24,63,360.89,478,388.17,385.93,3.256440,0.314560,500.00,cifi0007.DBF
BLFN,10BLFN,F,NS,00,24,64,369.14,480,395.58,393.50,3.256440,0.314560,500.00,cifi0007.DBF
BLFN,10BLFN,F,NS,00,24,65,377.00,482,402.60,400.71,3.256440,0.314560,500.00,cifi0007.DBF
BLFN,10BLFN,F,NS,00,24,66,384.44,483,409.23,407.54,3.256440,0.314560,500.00,cifi0007.DBF
BLFN,10BLFN,F,NS,00,24,67,391.49,484,415.48,413.98,3.256440,0.314560,500.00,cifi0007.DBF
BLFN,10BLFN,F,NS,00,24,68,398.15,486,421.37,420.05,3.256440,0.314560,500.00,cifi0007.DBF
BLFN,10BLFN,F,NS,00,24,69,404.45,487,426.91,425.77,3.256440,0.314560,500.00,cifi0007.DBF
BLFN,10BLFN,F,NS,00,24,70,410.43,488,432.17,431.17,3.256440,0.314560,500.00,cifi0007.DBF
BLFN,10BLFN,F,NS,00,24,71,416.21,489,437.23,436.33,3.256440,0.314560,500.00,cifi0007.DBF
BLFN,10BLFN,F,NS,00,24,72,421.71,490,442.03,441.26,3.256440,0.314560,500.00,cifi0007.DBF
BLFN,10BLFN,F,NS,00,24,73,426.80,490,446.45,445.87,3.256440,0.314560,500.00,cifi0007.DBF
BLFN,10BLFN,F,NS,00,24,74,431.44,491,450.48,450.09,3.256440,0.314560,500.00,cifi0007.DBF
BLFN,10BLFN,F,NS,00,24,75,435.57,492,454.05,453.89,3.256440,0.314560,500.00,cifi0007.DBF
BLFN,10BLFN,F,NS,00,24,76,439.11,492,457.12,457.21,3.256440,0.314560,500.00,cifi0007.DBF
BLFN,10BLFN,F,NS,00,24,77,442.14,493,459.73,460.05,3.256440,0.314560,500.00,cifi0007.DBF
BLFN,10BLFN,F,NS,00,24,78,444.85,493,462.06,462.52,3.256440,0.314560,500.00,cifi0007.DBF
BLFN,10BLFN,F,NS,00,24,79,447.26,494,464.14,464.73,3.256440,0.314560,500.00,cifi0007.DBF
BLFN,10BLFN,F,NS,00,24,80,449.43,494,466.00,466.70,3.256440,0.314560,500.00,cifi0007.DBF
BLFN,10BLFN,F,NS,00,24,81,451.43,494,467.72,468.49,3.256440,0.314560,500.00,cifi0007.DBF
BLFN,10BLFN,F,NS,00,24,82,453.42,494,469.43,470.20,3.256440,0.314560,500.00,cifi0007.DBF
BLFN,10BLFN,F,NS,00,24,83,455.46,495,471.18,471.93,3.256440,0.314560,500.00,cifi0007.DBF
BLFN,10BLFN,F,NS,00,24,84,457.43,495,472.86,473.65,3.256440,0.314560,500.00,cifi0007.DBF
BLFN,10BLFN,F,NS,00,24,85,459.31,495,474.47,475.29,3.256440,0.314560,500.00,cifi0007.DBF
BLFN,10BLFN,F,NS,00,24,86,461.13,496,476.02,476.87,3.256440,0.314560,500.00,cifi0007.DBF
BLFN,10BLFN,F,NS,00,24,87,462.87,496,477.50,478.39,3.256440,0.314560,500.00,cifi0007.DBF
BLFN,10BLFN,F,NS,00,24,88,464.53,496,478.92,479.84,3.256440,0.314560,500.00,cifi0007.DBF
BLFN,10BLFN,F,NS,00,24,89,466.13,496,480.28,481.23,3.256440,0.314560,500.00,cifi0007.DBF
BLFN,10BLFN,F,NS,00,24,90,467.67,496,481.58,482.56,3.256440,0.314560,500.00,cifi0007.DBF
BLFN,10BLFN,F,NS,00,24,91,469.13,497,482.82,483.83,3.256440,0.314560,500.00,cifi0007.DBF
BLFN,10BLFN,F,NS,00,24,92,470.54,497,484.01,485.05,3.256440,0.314560,500.00,cifi0007.DBF
BLFN,10BLFN,F,NS,00,24,93,471.89,497,485.15,486.21,3.256440,0.314560,500.00,cifi0007.DBF
BLFN,10BLFN,F,NS,00,24,94,473.26,497,486.28,487.35,3.256440,0.314560,500.00,cifi0007.DBF
BLFN,10BLFN,F,NS,00,24,95,475.54,497,487.82,488.68,3.256440,0.314560,500.00,cifi0007.DBF
BLFN,10BLFN,F,NS,00,24,96,500.00,500,500.00,495.54,15.619960,0.314560,500.00,cifi0007.DBF
BLFN,10BLFN,F,NS,00,25,1,0.00,0,0.00,0.16,0.314560,0.314560,1000.00,cifi0007.DBF
BLFN,10BLFN,F,NS,00,25,2,0.00,0,3.17,3.27,3.376540,0.314560,1000.00,cifi0007.DBF
BLFN,10BLFN,F,NS,00,25,3,0.00,0,6.43,6.49,3.376540,0.314560,1000.00,cifi0007.DBF
BLFN,10BLFN,F,NS,00,25,4,0.00,0,9.78,9.79,3.376540,0.314560,1000.00,cifi0007.DBF
BLFN,10BLFN,F,NS,00,25,5,0.00,0,13.22,13.19,3.376540,0.314560,1000.00,cifi0007.DBF
BLFN,10BLFN,F,NS,00,25,6,1.96,31,16.77,16.69,3.376540,0.314560,1000.00,cifi0007.DBF
BLFN,10BLFN,F,NS,00,25,7,4.80,72,20.42,20.29,3.376540,0.314560,1000.00,cifi0007.DBF
BLFN,10BLFN,F,NS,00,25,8,7.72,111,24.16,23.98,3.376540,0.314560,1000.00,cifi0007.DBF
BLFN,10BLFN,F,NS,00,25,9,10.69,147,27.94,27.74,3.376540,0.314560,1000.00,cifi0007.DBF
BLFN,10BLFN,F,NS,00,25,10,13.70,182,31.78,31.55,3.376540,0.314560,1000.00,cifi0007.DBF
BLFN,10BLFN,F,NS,00,25,11,16.77,215,35.66,35.40,3.376540,0.314560,1000.00,cifi0007.DBF
BLFN,10BLFN,F,NS,00,25,12,19.88,246,39.58,39.31,3.376540,0.314560,1000.00,cifi0007.DBF
BLFN,10BLFN,F,NS,00,25,13,23.05,276,43.56,43.26,3.376540,0.314560,1000.00,cifi0007.DBF
BLFN,10BLFN,F,NS,00,25,14,26.30,304,47.62,47.28,3.376540,0.314560,1000.00,cifi0007.DBF
BLFN,10BLFN,F,NS,00,25,15,29.67,332,51.80,51.40,3.376540,0.314560,1000.00,cifi0007.DBF
BLFN,10BLFN,F,NS,00,25,16,33.19,359,56.11,55.64,3.376540,0.314560,1000.00,cifi0007.DBF
BLFN,10BLFN,F,NS,00,25,17,36.86,385,60.58,60.03,3.376540,0.314560,1000.00,cifi0007.DBF
BLFN,10BLFN,F,NS,00,25,18,40.69,410,65.20,64.58,3.376540,0.314560,1000.00,cifi0007.DBF
BLFN,10BLFN,F,NS,00,25,19,44.71,435,69.99,69.29,3.376540,0.314560,1000.00,cifi0007.DBF
BLFN,10BLFN,F,NS,00,25,20,48.90,460,74.95,74.16,3.376540,0.314560,1000.00,cifi0007.DBF
BLFN,10BLFN,F,NS,00,25,21,53.26,483,80.06,79.20,3.376540,0.314560,1000.00,cifi0007.DBF
BLFN,10BLFN,F,NS,00,25,22,57.79,506,85.33,84.38,3.376540,0.314560,1000.00,cifi0007.DBF
BLFN,10BLFN,F,NS,00,25,23,62.47,528,90.72,89.71,3.376540,0.314560,1000.00,cifi0007.DBF
BLFN,10BLFN,F,NS,00,25,24,67.30,549,96.25,95.18,3.376540,0.314560,1000.00,cifi0007.DBF
BLFN,10BLFN,F,NS,00,25,25,72.27,569,101.90,100.76,3.376540,0.314560,1000.00,cifi0007.DBF
BLFN,10BLFN,F,NS,00,25,26,77.36,589,107.64,106.46,3.376540,0.314560,1000.00,cifi0007.DBF
BLFN,10BLFN,F,NS,00,25,27,82.55,607,113.46,112.24,3.376540,0.314560,1000.00,cifi0007.DBF
BLFN,10BLFN,F,NS,00,25,28,87.82,625,119.32,118.08,3.376540,0.314560,1000.00,cifi0007.DBF
BLFN,10BLFN,F,NS,00,25,29,93.14,642,125.21,123.95,3.376540,0.314560,1000.00,cifi0007.DBF
BLFN,10BLFN,F,NS,00,25,30,98.49,658,131.10,129.84,3.376540,0.314560,1000.00,cifi0007.DBF
BLFN,10BLFN,F,NS,00,25,31,103.88,673,137.01,135.74,3.376540,0.314560,1000.00,cifi0007.DBF
BLFN,10BLFN,F,NS,00,25,32,109.33,687,142.94,141.66,3.376540,0.314560,1000.00,cifi0007.DBF
BLFN,10BLFN,F,NS,00,25,33,114.84,701,148.90,147.61,3.376540,0.314560,1000.00,cifi0007.DBF
BLFN,10BLFN,F,NS,00,25,34,120.40,714,154.88,153.58,3.376540,0.314560,1000.00,cifi0007.DBF
BLFN,10BLFN,F,NS,00,25,35,126.02,727,160.88,159.57,3.376540,0.314560,1000.00,cifi0007.DBF
BLFN,10BLFN,F,NS,00,25,36,131.65,739,166.85,165.55,3.376540,0.314560,1000.00,cifi0007.DBF
BLFN,10BLFN,F,NS,00,25,37,137.26,751,172.77,171.50,3.376540,0.314560,1000.00,cifi0007.DBF
BLFN,10BLFN,F,NS,00,25,38,142.81,762,178.59,177.36,3.376540,0.314560,1000.00,cifi0007.DBF
BLFN,10BLFN,F,NS,00,25,39,148.25,772,184.26,183.11,3.376540,0.314560,1000.00,cifi0007.DBF
BLFN,10BLFN,F,NS,00,25,40,153.55,391,189.76,188.69,3.376540,0.314560,1000.00,cifi0007.DBF
BLFN,10BLFN,F,NS,00,25,41,161.64,398,198.06,195.60,3.376540,0.314560,500.00,cifi0007.DBF
BLFN,10BLFN,F,NS,00,25,42,169.95,404,206.53,203.98,3.376540,0.314560,500.00,cifi0007.DBF
BLFN,10BLFN,F,NS,00,25,43,178.50,409,215.18,212.54,3.376540,0.314560,500.00,cifi0007.DBF
BLFN,10BLFN,F,NS,00,25,44,187.29,415,223.99,221.27,3.376540,0.314560,500.00,cifi0007.DBF
BLFN,10BLFN,F,NS,00,25,45,196.29,420,232.97,230.17,3.376540,0.314560,500.00,cifi0007.DBF
BLFN,10BLFN,F,NS,00,25,46,205.52,425,242.09,239.22,3.376540,0.314560,500.00,cifi0007.DBF
BLFN,10BLFN,F,NS,00,25,47,214.93,430,251.34,248.41,3.376540,0.314560,500.00,cifi0007.DBF
BLFN,10BLFN,F,NS,00,25,48,224.52,435,260.70,257.71,3.376540,0.314560,500.00,cifi0007.DBF
BLFN,10BLFN,F,NS,00,25,49,234.25,439,270.14,267.11,3.376540,0.314560,500.00,cifi0007.DBF
BLFN,10BLFN,F,NS,00,25,50,244.12,443,279.64,276.58,3.376540,0.314560,500.00,cifi0007.DBF
BLFN,10BLFN,F,NS,00,25,51,254.09,447,289.18,286.10,3.376540,0.314560,500.00,cifi0007.DBF
BLFN,10BLFN,F,NS,00,25,52,264.14,451,298.73,295.64,3.376540,0.314560,500.00,cifi0007.DBF
BLFN,10BLFN,F,NS,00,25,53,274.24,454,308.28,305.20,3.376540,0.314560,500.00,cifi0007.DBF
BLFN,10BLFN,F,NS,00,25,54,284.34,458,317.77,314.71,3.376540,0.314560,500.00,cifi0007.DBF
BLFN,10BLFN,F,NS,00,25,55,294.38,461,327.14,324.14,3.376540,0.314560,500.00,cifi0007.DBF
BLFN,10BLFN,F,NS,00,25,56,304.28,464,336.34,333.43,3.376540,0.314560,500.00,cifi0007.DBF
BLFN,10BLFN,F,NS,00,25,57,314.07,466,345.39,342.56,3.376540,0.314560,500.00,cifi0007.DBF
BLFN,10BLFN,F,NS,00,25,58,323.80,469,354.34,351.55,3.376540,0.314560,500.00,cifi0007.DBF
BLFN,10BLFN,F,NS,00,25,59,333.45,471,363.15,360.43,3.376540,0.314560,500.00,cifi0007.DBF
BLFN,10BLFN,F,NS,00,25,60,342.75,474,371.62,369.07,3.376540,0.314560,500.00,cifi0007.DBF
BLFN,10BLFN,F,NS,00,25,61,351.65,476,379.69,377.34,3.376540,0.314560,500.00,cifi0007.DBF
BLFN,10BLFN,F,NS,00,25,62,360.28,478,387.47,385.26,3.376540,0.314560,500.00,cifi0007.DBF
BLFN,10BLFN,F,NS,00,25,63,368.57,479,394.91,392.88,3.376540,0.314560,500.00,cifi0007.DBF
BLFN,10BLFN,F,NS,00,25,64,376.46,481,401.97,400.13,3.376540,0.314560,500.00,cifi0007.DBF
BLFN,10BLFN,F,NS,00,25,65,383.94,482,408.64,407.00,3.376540,0.314560,500.00,cifi0007.DBF
BLFN,10BLFN,F,NS,00,25,66,391.01,484,414.93,413.47,3.376540,0.314560,500.00,cifi0007.DBF
BLFN,10BLFN,F,NS,00,25,67,397.71,485,420.86,419.58,3.376540,0.314560,500.00,cifi0007.DBF
BLFN,10BLFN,F,NS,00,25,68,404.03,486,426.43,425.33,3.376540,0.314560,500.00,cifi0007.DBF
BLFN,10BLFN,F,NS,00,25,69,410.04,487,431.72,430.77,3.376540,0.314560,500.00,cifi0007.DBF
BLFN,10BLFN,F,NS,00,25,70,415.84,488,436.81,435.96,3.376540,0.314560,500.00,cifi0007.DBF
BLFN,10BLFN,F,NS,00,25,71,421.36,489,441.64,440.91,3.376540,0.314560,500.00,cifi0007.DBF
BLFN,10BLFN,F,NS,00,25,72,426.48,490,446.09,445.55,3.376540,0.314560,500.00,cifi0007.DBF
BLFN,10BLFN,F,NS,00,25,73,431.14,491,450.14,449.80,3.376540,0.314560,500.00,cifi0007.DBF
BLFN,10BLFN,F,NS,00,25,74,435.29,491,453.73,453.62,3.376540,0.314560,500.00,cifi0007.DBF
BLFN,10BLFN,F,NS,00,25,75,438.85,492,456.81,456.96,3.376540,0.314560,500.00,cifi0007.DBF
BLFN,10BLFN,F,NS,00,25,76,441.89,492,459.44,459.81,3.376540,0.314560,500.00,cifi0007.DBF
BLFN,10BLFN,F,NS,00,25,77,444.61,493,461.79,462.30,3.376540,0.314560,500.00,cifi0007.DBF
BLFN,10BLFN,F,NS,00,25,78,447.03,493,463.88,464.52,3.376540,0.314560,500.00,cifi0007.DBF
BLFN,10BLFN,F,NS,00,25,79,449.21,494,465.75,466.50,3.376540,0.314560,500.00,cifi0007.DBF
BLFN,10BLFN,F,NS,00,25,80,451.22,494,467.48,468.31,3.376540,0.314560,500.00,cifi0007.DBF
BLFN,10BLFN,F,NS,00,25,81,453.22,494,469.20,470.03,3.376540,0.314560,500.00,cifi0007.DBF
BLFN,10BLFN,F,NS,00,25,82,455.27,494,470.96,471.77,3.376540,0.314560,500.00,cifi0007.DBF
BLFN,10BLFN,F,NS,00,25,83,457.24,495,472.65,473.49,3.376540,0.314560,500.00,cifi0007.DBF
BLFN,10BLFN,F,NS,00,25,84,459.13,495,474.27,475.15,3.376540,0.314560,500.00,cifi0007.DBF
BLFN,10BLFN,F,NS,00,25,85,460.95,495,475.82,476.73,3.376540,0.314560,500.00,cifi0007.DBF
BLFN,10BLFN,F,NS,00,25,86,462.70,496,477.31,478.26,3.376540,0.314560,500.00,cifi0007.DBF
BLFN,10BLFN,F,NS,00,25,87,464.38,496,478.74,479.72,3.376540,0.314560,500.00,cifi0007.DBF
BLFN,10BLFN,F,NS,00,25,88,465.99,496,480.11,481.12,3.376540,0.314560,500.00,cifi0007.DBF
BLFN,10BLFN,F,NS,00,25,89,467.52,496,481.42,482.45,3.376540,0.314560,500.00,cifi0007.DBF
BLFN,10BLFN,F,NS,00,25,90,469.00,496,482.67,483.73,3.376540,0.314560,500.00,cifi0007.DBF
BLFN,10BLFN,F,NS,00,25,91,470.41,497,483.87,484.96,3.376540,0.314560,500.00,cifi0007.DBF
BLFN,10BLFN,F,NS,00,25,92,471.77,497,485.02,486.13,3.376540,0.314560,500.00,cifi0007.DBF
BLFN,10BLFN,F,NS,00,25,93,473.15,497,486.15,487.27,3.376540,0.314560,500.00,cifi0007.DBF
BLFN,10BLFN,F,NS,00,25,94,475.43,497,487.70,488.62,3.376540,0.314560,500.00,cifi0007.DBF
BLFN,10BLFN,F,NS,00,25,95,500.00,500,500.00,495.54,15.619960,0.314560,500.00,cifi0007.DBF
BLFN,10BLFN,F,NS,00,26,1,0.00,0,0.00,0.16,0.314560,0.314560,1000.00,cifi0007.DBF
BLFN,10BLFN,F,NS,00,26,2,0.00,0,3.28,3.39,3.502230,0.314560,1000.00,cifi0007.DBF
BLFN,10BLFN,F,NS,00,26,3,0.00,0,6.65,6.71,3.502230,0.314560,1000.00,cifi0007.DBF
BLFN,10BLFN,F,NS,00,26,4,0.00,0,10.11,10.13,3.502230,0.314560,1000.00,cifi0007.DBF
BLFN,10BLFN,F,NS,00,26,5,0.00,0,13.68,13.64,3.502230,0.314560,1000.00,cifi0007.DBF
BLFN,10BLFN,F,NS,00,26,6,2.47,37,17.35,17.27,3.502230,0.314560,1000.00,cifi0007.DBF
BLFN,10BLFN,F,NS,00,26,7,5.39,77,21.10,20.98,3.502230,0.314560,1000.00,cifi0007.DBF
BLFN,10BLFN,F,NS,00,26,8,8.38,116,24.91,24.76,3.502230,0.314560,1000.00,cifi0007.DBF
BLFN,10BLFN,F,NS,00,26,9,11.41,152,28.77,28.59,3.502230,0.314560,1000.00,cifi0007.DBF
BLFN,10BLFN,F,NS,00,26,10,14.48,186,32.67,32.47,3.502230,0.314560,1000.00,cifi0007.DBF
BLFN,10BLFN,F,NS,00,26,11,17.61,218,36.61,36.39,3.502230,0.314560,1000.00,cifi0007.DBF
BLFN,10BLFN,F,NS,00,26,12,20.79,249,40.62,40.37,3.502230,0.314560,1000.00,cifi0007.DBF
BLFN,10BLFN,F,NS,00,26,13,24.06,278,44.71,44.41,3.502230,0.314560,1000.00,cifi0007.DBF
BLFN,10BLFN,F,NS,00,26,14,27.44,307,48.91,48.56,3.502230,0.314560,1000.00,cifi0007.DBF
BLFN,10BLFN,F,NS,00,26,15,30.97,335,53.25,52.83,3.502230,0.314560,1000.00,cifi0007.DBF
BLFN,10BLFN,F,NS,00,26,16,34.66,362,57.74,57.25,3.502230,0.314560,1000.00,cifi0007.DBF
BLFN,10BLFN,F,NS,00,26,17,38.51,388,62.39,61.82,3.502230,0.314560,1000.00,cifi0007.DBF
BLFN,10BLFN,F,NS,00,26,18,42.55,414,67.21,66.55,3.502230,0.314560,1000.00,cifi0007.DBF
BLFN,10BLFN,F,NS,00,26,19,46.75,439,72.20,71.46,3.502230,0.314560,1000.00,cifi0007.DBF
BLFN,10BLFN,F,NS,00,26,20,51.14,464,77.34,76.52,3.502230,0.314560,1000.00,cifi0007.DBF
BLFN,10BLFN,F,NS,00,26,21,55.69,488,82.64,81.74,3.502230,0.314560,1000.00,cifi0007.DBF
BLFN,10BLFN,F,NS,00,26,22,60.39,510,88.07,87.10,3.502230,0.314560,1000.00,cifi0007.DBF
BLFN,10BLFN,F,NS,00,26,23,65.24,532,93.63,92.60,3.502230,0.314560,1000.00,cifi0007.DBF
BLFN,10BLFN,F,NS,00,26,24,70.24,553,99.31,98.22,3.502230,0.314560,1000.00,cifi0007.DBF
BLFN,10BLFN,F,NS,00,26,25,75.35,573,105.09,103.95,3.502230,0.314560,1000.00,cifi0007.DBF
BLFN,10BLFN,F,NS,00,26,26,80.56,593,110.94,109.77,3.502230,0.314560,1000.00,cifi0007.DBF
BLFN,10BLFN,F,NS,00,26,27,85.86,611,116.85,115.64,3.502230,0.314560,1000.00,cifi0007.DBF
BLFN,10BLFN,F,NS,00,26,28,91.20,628,122.77,121.56,3.502230,0.314560,1000.00,cifi0007.DBF
BLFN,10BLFN,F,NS,00,26,29,96.57,645,128.70,127.49,3.502230,0.314560,1000.00,cifi0007.DBF
BLFN,10BLFN,F,NS,00,26,30,102.00,660,134.65,133.43,3.502230,0.314560,1000.00,cifi0007.DBF
BLFN,10BLFN,F,NS,00,26,31,107.47,675,140.62,139.39,3.502230,0.314560,1000.00,cifi0007.DBF
BLFN,10BLFN,F,NS,00,26,32,113.01,690,146.63,145.37,3.502230,0.314560,1000.00,cifi0007.DBF
BLFN,10BLFN,F,NS,00,26,33,118.61,704,152.65,151.39,3.502230,0.314560,1000.00,cifi0007.DBF
BLFN,10BLFN,F,NS,00,26,34,124.25,717,158.69,157.42,3.502230,0.314560,1000.00,cifi0007.DBF
BLFN,10BLFN,F,NS,00,26,35,129.92,729,164.71,163.45,3.502230,0.314560,1000.00,cifi0007.DBF
BLFN,10BLFN,F,NS,00,26,36,135.56,741,170.67,169.44,3.502230,0.314560,1000.00,cifi0007.DBF
BLFN,10BLFN,F,NS,00,26,37,141.14,753,176.54,175.36,3.502230,0.314560,1000.00,cifi0007.DBF
BLFN,10BLFN,F,NS,00,26,38,146.62,764,182.26,181.15,3.502230,0.314560,1000.00,cifi0007.DBF
BLFN,10BLFN,F,NS,00,26,39,151.96,387,187.81,186.78,3.502230,0.314560,1000.00,cifi0007.DBF
BLFN,10BLFN,F,NS,00,26,40,160.08,394,196.16,193.74,3.502230,0.314560,500.00,cifi0007.DBF
BLFN,10BLFN,F,NS,00,26,41,168.44,400,204.69,202.17,3.502230,0.314560,500.00,cifi0007.DBF
BLFN,10BLFN,F,NS,00,26,42,177.02,406,213.38,210.79,3.502230,0.314560,500.00,cifi0007.DBF
BLFN,10BLFN,F,NS,00,26,43,185.85,412,222.25,219.57,3.502230,0.314560,500.00,cifi0007.DBF
BLFN,10BLFN,F,NS,00,26,44,194.90,417,231.29,228.52,3.502230,0.314560,500.00,cifi0007.DBF
BLFN,10BLFN,F,NS,00,26,45,204.16,422,240.46,237.63,3.502230,0.314560,500.00,cifi0007.DBF
BLFN,10BLFN,F,NS,00,26,46,213.62,427,249.77,246.87,3.502230,0.314560,500.00,cifi0007.DBF
BLFN,10BLFN,F,NS,00,26,47,223.25,432,259.18,256.23,3.502230,0.314560,500.00,cifi0007.DBF
BLFN,10BLFN,F,NS,00,26,48,233.03,437,268.68,265.68,3.502230,0.314560,500.00,cifi0007.DBF
BLFN,10BLFN,F,NS,00,26,49,242.94,441,278.24,275.21,3.502230,0.314560,500.00,cifi0007.DBF
BLFN,10BLFN,F,NS,00,26,50,252.96,445,287.84,284.79,3.502230,0.314560,500.00,cifi0007.DBF
BLFN,10BLFN,F,NS,00,26,51,263.06,449,297.45,294.40,3.502230,0.314560,500.00,cifi0007.DBF
BLFN,10BLFN,F,NS,00,26,52,273.20,453,307.06,304.00,3.502230,0.314560,500.00,cifi0007.DBF
BLFN,10BLFN,F,NS,00,26,53,283.35,456,316.60,313.58,3.502230,0.314560,500.00,cifi0007.DBF
BLFN,10BLFN,F,NS,00,26,54,293.43,459,326.03,323.07,3.502230,0.314560,500.00,cifi0007.DBF
BLFN,10BLFN,F,NS,00,26,55,303.38,462,335.29,332.41,3.502230,0.314560,500.00,cifi0007.DBF
BLFN,10BLFN,F,NS,00,26,56,313.21,465,344.39,341.59,3.502230,0.314560,500.00,cifi0007.DBF
BLFN,10BLFN,F,NS,00,26,57,322.99,468,353.39,350.64,3.502230,0.314560,500.00,cifi0007.DBF
BLFN,10BLFN,F,NS,00,26,58,332.68,470,362.26,359.58,3.502230,0.314560,500.00,cifi0007.DBF
BLFN,10BLFN,F,NS,00,26,59,342.03,473,370.78,368.27,3.502230,0.314560,500.00,cifi0007.DBF
BLFN,10BLFN,F,NS,00,26,60,350.97,475,378.90,376.59,3.502230,0.314560,500.00,cifi0007.DBF
BLFN,10BLFN,F,NS,00,26,61,359.63,477,386.73,384.56,3.502230,0.314560,500.00,cifi0007.DBF
BLFN,10BLFN,F,NS,00,26,62,367.96,479,394.22,392.22,3.502230,0.314560,500.00,cifi0007.DBF
BLFN,10BLFN,F,NS,00,26,63,375.89,480,401.32,399.52,3.502230,0.314560,500.00,cifi0007.DBF
BLFN,10BLFN,F,NS,00,26,64,383.40,482,408.03,406.43,3.502230,0.314560,500.00,cifi0007.DBF
BLFN,10BLFN,F,NS,00,26,65,390.51,483,414.36,412.95,3.502230,0.314560,500.00,cifi0007.DBF
BLFN,10BLFN,F,NS,00,26,66,397.24,485,420.32,419.09,3.502230,0.314560,500.00,cifi0007.DBF
BLFN,10BLFN,F,NS,00,26,67,403.59,486,425.93,424.88,3.502230,0.314560,500.00,cifi0007.DBF
BLFN,10BLFN,F,NS,00,26,68,409.63,487,431.25,430.34,3.502230,0.314560,500.00,cifi0007.DBF
BLFN,10BLFN,F,NS,00,26,69,415.46,488,436.37,435.56,3.502230,0.314560,500.00,cifi0007.DBF
BLFN,10BLFN,F,NS,00,26,70,421.00,489,441.23,440.55,3.502230,0.314560,500.00,cifi0007.DBF
BLFN,10BLFN,F,NS,00,26,71,426.14,490,445.71,445.22,3.502230,0.314560,500.00,cifi0007.DBF
BLFN,10BLFN,F,NS,00,26,72,430.82,490,449.78,449.49,3.502230,0.314560,500.00,cifi0007.DBF
BLFN,10BLFN,F,NS,00,26,73,434.99,491,453.40,453.34,3.502230,0.314560,500.00,cifi0007.DBF
BLFN,10BLFN,F,NS,00,26,74,438.57,492,456.50,456.70,3.502230,0.314560,500.00,cifi0007.DBF
BLFN,10BLFN,F,NS,00,26,75,441.62,492,459.14,459.57,3.502230,0.314560,500.00,cifi0007.DBF
BLFN,10BLFN,F,NS,00,26,76,444.35,493,461.50,462.07,3.502230,0.314560,500.00,cifi0007.DBF
BLFN,10BLFN,F,NS,00,26,77,446.79,493,463.60,464.30,3.502230,0.314560,500.00,cifi0007.DBF
BLFN,10BLFN,F,NS,00,26,78,448.97,493,465.49,466.30,3.502230,0.314560,500.00,cifi0007.DBF
BLFN,10BLFN,F,NS,00,26,79,450.99,494,467.23,468.11,3.502230,0.314560,500.00,cifi0007.DBF
BLFN,10BLFN,F,NS,00,26,80,453.00,494,468.96,469.84,3.502230,0.314560,500.00,cifi0007.DBF
BLFN,10BLFN,F,NS,00,26,81,455.06,494,470.73,471.59,3.502230,0.314560,500.00,cifi0007.DBF
BLFN,10BLFN,F,NS,00,26,82,457.04,495,472.43,473.33,3.502230,0.314560,500.00,cifi0007.DBF
BLFN,10BLFN,F,NS,00,26,83,458.95,495,474.06,474.99,3.502230,0.314560,500.00,cifi0007.DBF
BLFN,10BLFN,F,NS,00,26,84,460.78,495,475.62,476.59,3.502230,0.314560,500.00,cifi0007.DBF
BLFN,10BLFN,F,NS,00,26,85,462.53,495,477.12,478.12,3.502230,0.314560,500.00,cifi0007.DBF
BLFN,10BLFN,F,NS,00,26,86,464.21,496,478.56,479.59,3.502230,0.314560,500.00,cifi0007.DBF
BLFN,10BLFN,F,NS,00,26,87,465.83,496,479.94,481.00,3.502230,0.314560,500.00,cifi0007.DBF
BLFN,10BLFN,F,NS,00,26,88,467.37,496,481.25,482.35,3.502230,0.314560,500.00,cifi0007.DBF
BLFN,10BLFN,F,NS,00,26,89,468.85,496,482.51,483.63,3.502230,0.314560,500.00,cifi0007.DBF
BLFN,10BLFN,F,NS,00,26,90,470.27,496,483.72,484.87,3.502230,0.314560,500.00,cifi0007.DBF
BLFN,10BLFN,F,NS,00,26,91,471.64,497,484.87,486.05,3.502230,0.314560,500.00,cifi0007.DBF
BLFN,10BLFN,F,NS,00,26,92,473.02,497,486.01,487.19,3.502230,0.314560,500.00,cifi0007.DBF
BLFN,10BLFN,F,NS,00,26,93,475.32,497,487.58,488.55,3.502230,0.314560,500.00,cifi0007.DBF
BLFN,10BLFN,F,NS,00,26,94,500.00,500,500.00,495.54,15.619960,0.314560,500.00,cifi0007.DBF
BLFN,10BLFN,F,NS,00,27,1,0.00,0,0.00,0.17,0.334220,0.334220,1000.00,cifi0007.DBF
BLFN,10BLFN,F,NS,00,27,2,0.00,0,3.38,3.51,3.633030,0.334220,1000.00,cifi0007.DBF
BLFN,10BLFN,F,NS,00,27,3,0.00,0,6.87,6.94,3.633030,0.334220,1000.00,cifi0007.DBF
BLFN,10BLFN,F,NS,00,27,4,0.00,0,10.46,10.48,3.633030,0.334220,1000.00,cifi0007.DBF
BLFN,10BLFN,F,NS,00,27,5,0.01,1,14.15,14.12,3.633030,0.334220,1000.00,cifi0007.DBF
BLFN,10BLFN,F,NS,00,27,6,2.95,43,17.93,17.86,3.633030,0.334220,1000.00,cifi0007.DBF
BLFN,10BLFN,F,NS,00,27,7,5.94,82,21.76,21.66,3.633030,0.334220,1000.00,cifi0007.DBF
BLFN,10BLFN,F,NS,00,27,8,8.98,119,25.64,25.51,3.633030,0.334220,1000.00,cifi0007.DBF
BLFN,10BLFN,F,NS,00,27,9,12.08,155,29.56,29.41,3.633030,0.334220,1000.00,cifi0007.DBF
BLFN,10BLFN,F,NS,00,27,10,15.21,188,33.53,33.36,3.633030,0.334220,1000.00,cifi0007.DBF
BLFN,10BLFN,F,NS,00,27,11,18.41,220,37.56,37.36,3.633030,0.334220,1000.00,cifi0007.DBF
BLFN,10BLFN,F,NS,00,27,12,21.69,251,41.67,41.43,3.633030,0.334220,1000.00,cifi0007.DBF
BLFN,10BLFN,F,NS,00,27,13,25.09,281,45.90,45.60,3.633030,0.334220,1000.00,cifi0007.DBF
BLFN,10BLFN,F,NS,00,27,14,28.64,310,50.27,49.90,3.633030,0.334220,1000.00,cifi0007.DBF
BLFN,10BLFN,F,NS,00,27,15,32.34,338,54.79,54.34,3.633030,0.334220,1000.00,cifi0007.DBF
BLFN,10BLFN,F,NS,00,27,16,36.22,365,59.47,58.94,3.633030,0.334220,1000.00,cifi0007.DBF
BLFN,10BLFN,F,NS,00,27,17,40.27,392,64.32,63.71,3.633030,0.334220,1000.00,cifi0007.DBF
BLFN,10BLFN,F,NS,00,27,18,44.50,418,69.34,68.64,3.633030,0.334220,1000.00,cifi0007.DBF
BLFN,10BLFN,F,NS,00,27,19,48.90,444,74.51,73.74,3.633030,0.334220,1000.00,cifi0007.DBF
BLFN,10BLFN,F,NS,00,27,20,53.47,468,79.84,78.99,3.633030,0.334220,1000.00,cifi0007.DBF
BLFN,10BLFN,F,NS,00,27,21,58.19,492,85.31,84.39,3.633030,0.334220,1000.00,cifi0007.DBF
BLFN,10BLFN,F,NS,00,27,22,63.07,515,90.90,89.92,3.633030,0.334220,1000.00,cifi0007.DBF
BLFN,10BLFN,F,NS,00,27,23,68.09,536,96.62,95.58,3.633030,0.334220,1000.00,cifi0007.DBF
BLFN,10BLFN,F,NS,00,27,24,73.23,557,102.43,101.34,3.633030,0.334220,1000.00,cifi0007.DBF
BLFN,10BLFN,F,NS,00,27,25,78.47,577,108.33,107.20,3.633030,0.334220,1000.00,cifi0007.DBF
BLFN,10BLFN,F,NS,00,27,26,83.79,596,114.27,113.11,3.633030,0.334220,1000.00,cifi0007.DBF
BLFN,10BLFN,F,NS,00,27,27,89.16,614,120.23,119.07,3.633030,0.334220,1000.00,cifi0007.DBF
BLFN,10BLFN,F,NS,00,27,28,94.56,631,126.21,125.04,3.633030,0.334220,1000.00,cifi0007.DBF
BLFN,10BLFN,F,NS,00,27,29,100.01,648,132.20,131.02,3.633030,0.334220,1000.00,cifi0007.DBF
BLFN,10BLFN,F,NS,00,27,30,105.52,663,138.21,137.02,3.633030,0.334220,1000.00,cifi0007.DBF
BLFN,10BLFN,F,NS,00,27,31,111.09,678,144.26,143.05,3.633030,0.334220,1000.00,cifi0007.DBF
BLFN,10BLFN,F,NS,00,27,32,116.71,692,150.33,149.11,3.633030,0.334220,1000.00,cifi0007.DBF
BLFN,10BLFN,F,NS,00,27,33,122.39,706,156.41,155.19,3.633030,0.334220,1000.00,cifi0007.DBF
BLFN,10BLFN,F,NS,00,27,34,128.09,719,162.49,161.27,3.633030,0.334220,1000.00,cifi0007.DBF
BLFN,10BLFN,F,NS,00,27,35,133.77,732,168.49,167.31,3.633030,0.334220,1000.00,cifi0007.DBF
BLFN,10BLFN,F,NS,00,27,36,139.39,744,174.41,173.27,3.633030,0.334220,1000.00,cifi0007.DBF
BLFN,10BLFN,F,NS,00,27,37,144.90,755,180.18,179.11,3.633030,0.334220,1000.00,cifi0007.DBF
BLFN,10BLFN,F,NS,00,27,38,150.28,383,185.78,184.80,3.633030,0.334220,1000.00,cifi0007.DBF
BLFN,10BLFN,F,NS,00,27,39,158.44,390,194.19,191.80,3.633030,0.334220,500.00,cifi0007.DBF
BLFN,10BLFN,F,NS,00,27,40,166.84,396,202.76,200.29,3.633030,0.334220,500.00,cifi0007.DBF
BLFN,10BLFN,F,NS,00,27,41,175.47,402,211.52,208.96,3.633030,0.334220,500.00,cifi0007.DBF
BLFN,10BLFN,F,NS,00,27,42,184.33,408,220.44,217.80,3.633030,0.334220,500.00,cifi0007.DBF
BLFN,10BLFN,F,NS,00,27,43,193.42,414,229.53,226.80,3.633030,0.334220,500.00,cifi0007.DBF
BLFN,10BLFN,F,NS,00,27,44,202.73,419,238.77,235.97,3.633030,0.334220,500.00,cifi0007.DBF
BLFN,10BLFN,F,NS,00,27,45,212.24,425,248.14,245.27,3.633030,0.334220,500.00,cifi0007.DBF
BLFN,10BLFN,F,NS,00,27,46,221.91,430,257.61,254.69,3.633030,0.334220,500.00,cifi0007.DBF
BLFN,10BLFN,F,NS,00,27,47,231.74,434,267.16,264.20,3.633030,0.334220,500.00,cifi0007.DBF
BLFN,10BLFN,F,NS,00,27,48,241.70,439,276.78,273.79,3.633030,0.334220,500.00,cifi0007.DBF
BLFN,10BLFN,F,NS,00,27,49,251.77,443,286.44,283.43,3.633030,0.334220,500.00,cifi0007.DBF
BLFN,10BLFN,F,NS,00,27,50,261.91,447,296.12,293.10,3.633030,0.334220,500.00,cifi0007.DBF
BLFN,10BLFN,F,NS,00,27,51,272.11,451,305.78,302.77,3.633030,0.334220,500.00,cifi0007.DBF
BLFN,10BLFN,F,NS,00,27,52,282.31,454,315.39,312.40,3.633030,0.334220,500.00,cifi0007.DBF
BLFN,10BLFN,F,NS,00,27,53,292.44,458,324.88,321.95,3.633030,0.334220,500.00,cifi0007.DBF
BLFN,10BLFN,F,NS,00,27,54,302.43,461,334.19,331.35,3.633030,0.334220,500.00,cifi0007.DBF
BLFN,10BLFN,F,NS,00,27,55,312.31,464,343.36,340.59,3.633030,0.334220,500.00,cifi0007.DBF
BLFN,10BLFN,F,NS,00,27,56,322.14,467,352.41,349.70,3.633030,0.334220,500.00,cifi0007.DBF
BLFN,10BLFN,F,NS,00,27,57,331.87,469,361.34,358.69,3.633030,0.334220,500.00,cifi0007.DBF
BLFN,10BLFN,F,NS,00,27,58,341.27,472,369.91,367.44,3.633030,0.334220,500.00,cifi0007.DBF
BLFN,10BLFN,F,NS,00,27,59,350.25,474,378.08,375.81,3.633030,0.334220,500.00,cifi0007.DBF
BLFN,10BLFN,F,NS,00,27,60,358.96,476,385.95,383.83,3.633030,0.334220,500.00,cifi0007.DBF
BLFN,10BLFN,F,NS,00,27,61,367.32,478,393.49,391.54,3.633030,0.334220,500.00,cifi0007.DBF
BLFN,10BLFN,F,NS,00,27,62,375.29,480,400.64,398.88,3.633030,0.334220,500.00,cifi0007.DBF
BLFN,10BLFN,F,NS,00,27,63,382.84,481,407.39,405.84,3.633030,0.334220,500.00,cifi0007.DBF
BLFN,10BLFN,F,NS,00,27,64,389.98,483,413.76,412.39,3.633030,0.334220,500.00,cifi0007.DBF
BLFN,10BLFN,F,NS,00,27,65,396.74,484,419.76,418.58,3.633030,0.334220,500.00,cifi0007.DBF
BLFN,10BLFN,F,NS,00,27,66,403.12,485,425.41,424.40,3.633030,0.334220,500.00,cifi0007.DBF
BLFN,10BLFN,F,NS,00,27,67,409.19,486,430.77,429.90,3.633030,0.334220,500.00,cifi0007.DBF
BLFN,10BLFN,F,NS,00,27,68,415.05,487,435.92,435.16,3.633030,0.334220,500.00,cifi0007.DBF
BLFN,10BLFN,F,NS,00,27,69,420.62,488,440.80,440.17,3.633030,0.334220,500.00,cifi0007.DBF
BLFN,10BLFN,F,NS,00,27,70,425.78,489,445.31,444.87,3.633030,0.334220,500.00,cifi0007.DBF
BLFN,10BLFN,F,NS,00,27,71,430.49,490,449.41,449.17,3.633030,0.334220,500.00,cifi0007.DBF
BLFN,10BLFN,F,NS,00,27,72,434.68,491,453.05,453.04,3.633030,0.334220,500.00,cifi0007.DBF
BLFN,10BLFN,F,NS,00,27,73,438.27,491,456.17,456.42,3.633030,0.334220,500.00,cifi0007.DBF
BLFN,10BLFN,F,NS,00,27,74,441.34,492,458.83,459.31,3.633030,0.334220,500.00,cifi0007.DBF
BLFN,10BLFN,F,NS,00,27,75,444.08,492,461.20,461.83,3.633030,0.334220,500.00,cifi0007.DBF
BLFN,10BLFN,F,NS,00,27,76,446.53,493,463.32,464.08,3.633030,0.334220,500.00,cifi0007.DBF
BLFN,10BLFN,F,NS,00,27,77,448.73,493,465.22,466.08,3.633030,0.334220,500.00,cifi0007.DBF
BLFN,10BLFN,F,NS,00,27,78,450.76,493,466.97,467.91,3.633030,0.334220,500.00,cifi0007.DBF
BLFN,10BLFN,F,NS,00,27,79,452.77,494,468.71,469.65,3.633030,0.334220,500.00,cifi0007.DBF
BLFN,10BLFN,F,NS,00,27,80,454.84,494,470.49,471.41,3.633030,0.334220,500.00,cifi0007.DBF
BLFN,10BLFN,F,NS,00,27,81,456.83,494,472.20,473.16,3.633030,0.334220,500.00,cifi0007.DBF
BLFN,10BLFN,F,NS,00,27,82,458.75,495,473.84,474.83,3.633030,0.334220,500.00,cifi0007.DBF
BLFN,10BLFN,F,NS,00,27,83,460.59,495,475.41,476.44,3.633030,0.334220,500.00,cifi0007.DBF
BLFN,10BLFN,F,NS,00,27,84,462.35,495,476.92,477.99,3.633030,0.334220,500.00,cifi0007.DBF
BLFN,10BLFN,F,NS,00,27,85,464.04,495,478.37,479.46,3.633030,0.334220,500.00,cifi0007.DBF
BLFN,10BLFN,F,NS,00,27,86,465.66,496,479.76,480.88,3.633030,0.334220,500.00,cifi0007.DBF
BLFN,10BLFN,F,NS,00,27,87,467.22,496,481.08,482.23,3.633030,0.334220,500.00,cifi0007.DBF
BLFN,10BLFN,F,NS,00,27,88,468.70,496,482.35,483.53,3.633030,0.334220,500.00,cifi0007.DBF
BLFN,10BLFN,F,NS,00,27,89,470.13,496,483.56,484.77,3.633030,0.334220,500.00,cifi0007.DBF
BLFN,10BLFN,F,NS,00,27,90,471.50,497,484.72,485.96,3.633030,0.334220,500.00,cifi0007.DBF
BLFN,10BLFN,F,NS,00,27,91,472.89,497,485.87,487.11,3.633030,0.334220,500.00,cifi0007.DBF
BLFN,10BLFN,F,NS,00,27,92,475.20,497,487.45,488.48,3.633030,0.334220,500.00,cifi0007.DBF
BLFN,10BLFN,F,NS,00,27,93,500.00,500,500.00,495.54,15.619960,0.334220,500.00,cifi0007.DBF
BLFN,10BLFN,F,NS,00,28,1,0.00,0,0.00,0.18,0.363710,0.363710,1000.00,cifi0007.DBF
BLFN,10BLFN,F,NS,00,28,2,0.00,0,3.51,3.64,3.768810,0.363710,1000.00,cifi0007.DBF
BLFN,10BLFN,F,NS,00,28,3,0.00,0,7.11,7.19,3.768810,0.363710,1000.00,cifi0007.DBF
BLFN,10BLFN,F,NS,00,28,4,0.00,0,10.83,10.86,3.768810,0.363710,1000.00,cifi0007.DBF
BLFN,10BLFN,F,NS,00,28,5,0.39,6,14.63,14.62,3.768810,0.363710,1000.00,cifi0007.DBF
BLFN,10BLFN,F,NS,00,28,6,3.40,47,18.48,18.44,3.768810,0.363710,1000.00,cifi0007.DBF
BLFN,10BLFN,F,NS,00,28,7,6.45,86,22.38,22.32,3.768810,0.363710,1000.00,cifi0007.DBF
BLFN,10BLFN,F,NS,00,28,8,9.56,123,26.33,26.24,3.768810,0.363710,1000.00,cifi0007.DBF
BLFN,10BLFN,F,NS,00,28,9,12.71,158,30.33,30.22,3.768810,0.363710,1000.00,cifi0007.DBF
BLFN,10BLFN,F,NS,00,28,10,15.93,191,34.39,34.24,3.768810,0.363710,1000.00,cifi0007.DBF
BLFN,10BLFN,F,NS,00,28,11,19.22,222,38.52,38.34,3.768810,0.363710,1000.00,cifi0007.DBF
BLFN,10BLFN,F,NS,00,28,12,22.64,253,42.78,42.53,3.768810,0.363710,1000.00,cifi0007.DBF
BLFN,10BLFN,F,NS,00,28,13,26.20,283,47.17,46.86,3.768810,0.363710,1000.00,cifi0007.DBF
BLFN,10BLFN,F,NS,00,28,14,29.92,312,51.72,51.33,3.768810,0.363710,1000.00,cifi0007.DBF
BLFN,10BLFN,F,NS,00,28,15,33.82,341,56.43,55.96,3.768810,0.363710,1000.00,cifi0007.DBF
BLFN,10BLFN,F,NS,00,28,16,37.89,369,61.32,60.76,3.768810,0.363710,1000.00,cifi0007.DBF
BLFN,10BLFN,F,NS,00,28,17,42.14,396,66.36,65.72,3.768810,0.363710,1000.00,cifi0007.DBF
BLFN,10BLFN,F,NS,00,28,18,46.56,422,71.57,70.85,3.768810,0.363710,1000.00,cifi0007.DBF
BLFN,10BLFN,F,NS,00,28,19,51.15,448,76.94,76.14,3.768810,0.363710,1000.00,cifi0007.DBF
BLFN,10BLFN,F,NS,00,28,20,55.90,472,82.44,81.57,3.768810,0.363710,1000.00,cifi0007.DBF
BLFN,10BLFN,F,NS,00,28,21,60.80,496,88.07,87.14,3.768810,0.363710,1000.00,cifi0007.DBF
BLFN,10BLFN,F,NS,00,28,22,65.84,519,93.82,92.83,3.768810,0.363710,1000.00,cifi0007.DBF
BLFN,10BLFN,F,NS,00,28,23,71.01,540,99.68,98.64,3.768810,0.363710,1000.00,cifi0007.DBF
BLFN,10BLFN,F,NS,00,28,24,76.28,561,105.61,104.53,3.768810,0.363710,1000.00,cifi0007.DBF
BLFN,10BLFN,F,NS,00,28,25,81.62,581,111.59,110.49,3.768810,0.363710,1000.00,cifi0007.DBF
BLFN,10BLFN,F,NS,00,28,26,87.02,600,117.60,116.48,3.768810,0.363710,1000.00,cifi0007.DBF
BLFN,10BLFN,F,NS,00,28,27,92.45,617,123.62,122.49,3.768810,0.363710,1000.00,cifi0007.DBF
BLFN,10BLFN,F,NS,00,28,28,97.93,634,129.65,128.52,3.768810,0.363710,1000.00,cifi0007.DBF
BLFN,10BLFN,F,NS,00,28,29,103.47,650,135.71,134.56,3.768810,0.363710,1000.00,cifi0007.DBF
BLFN,10BLFN,F,NS,00,28,30,109.07,666,141.80,140.64,3.768810,0.363710,1000.00,cifi0007.DBF
BLFN,10BLFN,F,NS,00,28,31,114.73,681,147.92,146.74,3.768810,0.363710,1000.00,cifi0007.DBF
BLFN,10BLFN,F,NS,00,28,32,120.45,695,154.05,152.87,3.768810,0.363710,1000.00,cifi0007.DBF
BLFN,10BLFN,F,NS,00,28,33,126.18,708,160.17,159.00,3.768810,0.363710,1000.00,cifi0007.DBF
BLFN,10BLFN,F,NS,00,28,34,131.90,721,166.23,165.09,3.768810,0.363710,1000.00,cifi0007.DBF
BLFN,10BLFN,F,NS,00,28,35,137.55,734,172.20,171.10,3.768810,0.363710,1000.00,cifi0007.DBF
BLFN,10BLFN,F,NS,00,28,36,143.10,745,178.02,176.99,3.768810,0.363710,1000.00,cifi0007.DBF
BLFN,10BLFN,F,NS,00,28,37,148.52,379,183.68,182.73,3.768810,0.363710,1000.00,cifi0007.DBF
BLFN,10BLFN,F,NS,00,28,38,156.73,386,192.14,189.79,3.768810,0.363710,500.00,cifi0007.DBF
BLFN,10BLFN,F,NS,00,28,39,165.16,392,200.77,198.34,3.768810,0.363710,500.00,cifi0007.DBF
BLFN,10BLFN,F,NS,00,28,40,173.84,399,209.58,207.06,3.768810,0.363710,500.00,cifi0007.DBF
BLFN,10BLFN,F,NS,00,28,41,182.75,405,218.57,215.96,3.768810,0.363710,500.00,cifi0007.DBF
BLFN,10BLFN,F,NS,00,28,42,191.88,411,227.71,225.02,3.768810,0.363710,500.00,cifi0007.DBF
BLFN,10BLFN,F,NS,00,28,43,201.24,416,237.01,234.25,3.768810,0.363710,500.00,cifi0007.DBF
BLFN,10BLFN,F,NS,00,28,44,210.79,422,246.44,243.61,3.768810,0.363710,500.00,cifi0007.DBF
BLFN,10BLFN,F,NS,00,28,45,220.52,427,255.97,253.09,3.768810,0.363710,500.00,cifi0007.DBF
BLFN,10BLFN,F,NS,00,28,46,230.40,432,265.59,262.67,3.768810,0.363710,500.00,cifi0007.DBF
BLFN,10BLFN,F,NS,00,28,47,240.40,436,275.27,272.32,3.768810,0.363710,500.00,cifi0007.DBF
BLFN,10BLFN,F,NS,00,28,48,250.52,441,284.99,282.02,3.768810,0.363710,500.00,cifi0007.DBF
BLFN,10BLFN,F,NS,00,28,49,260.72,445,294.73,291.75,3.768810,0.363710,500.00,cifi0007.DBF
BLFN,10BLFN,F,NS,00,28,50,270.96,449,304.46,301.48,3.768810,0.363710,500.00,cifi0007.DBF
BLFN,10BLFN,F,NS,00,28,51,281.21,453,314.13,311.18,3.768810,0.363710,500.00,cifi0007.DBF
BLFN,10BLFN,F,NS,00,28,52,291.39,456,323.68,320.79,3.768810,0.363710,500.00,cifi0007.DBF
BLFN,10BLFN,F,NS,00,28,53,301.44,459,333.06,330.25,3.768810,0.363710,500.00,cifi0007.DBF
BLFN,10BLFN,F,NS,00,28,54,311.37,462,342.28,339.55,3.768810,0.363710,500.00,cifi0007.DBF
BLFN,10BLFN,F,NS,00,28,55,321.24,465,351.39,348.72,3.768810,0.363710,500.00,cifi0007.DBF
BLFN,10BLFN,F,NS,00,28,56,331.03,468,360.38,357.77,3.768810,0.363710,500.00,cifi0007.DBF
BLFN,10BLFN,F,NS,00,28,57,340.47,470,369.01,366.58,3.768810,0.363710,500.00,cifi0007.DBF
BLFN,10BLFN,F,NS,00,28,58,349.50,473,377.23,375.00,3.768810,0.363710,500.00,cifi0007.DBF
BLFN,10BLFN,F,NS,00,28,59,358.25,475,385.15,383.08,3.768810,0.363710,500.00,cifi0007.DBF
BLFN,10BLFN,F,NS,00,28,60,366.66,477,392.74,390.83,3.768810,0.363710,500.00,cifi0007.DBF
BLFN,10BLFN,F,NS,00,28,61,374.66,479,399.94,398.23,3.768810,0.363710,500.00,cifi0007.DBF
BLFN,10BLFN,F,NS,00,28,62,382.25,480,406.73,405.22,3.768810,0.363710,500.00,cifi0007.DBF
BLFN,10BLFN,F,NS,00,28,63,389.43,482,413.14,411.82,3.768810,0.363710,500.00,cifi0007.DBF
BLFN,10BLFN,F,NS,00,28,64,396.22,483,419.18,418.05,3.768810,0.363710,500.00,cifi0007.DBF
BLFN,10BLFN,F,NS,00,28,65,402.63,485,424.87,423.91,3.768810,0.363710,500.00,cifi0007.DBF
BLFN,10BLFN,F,NS,00,28,66,408.73,486,430.26,429.45,3.768810,0.363710,500.00,cifi0007.DBF
BLFN,10BLFN,F,NS,00,28,67,414.62,487,435.44,434.73,3.768810,0.363710,500.00,cifi0007.DBF
BLFN,10BLFN,F,NS,00,28,68,420.22,488,440.36,439.78,3.768810,0.363710,500.00,cifi0007.DBF
BLFN,10BLFN,F,NS,00,28,69,425.41,489,444.90,444.51,3.768810,0.363710,500.00,cifi0007.DBF
BLFN,10BLFN,F,NS,00,28,70,430.14,490,449.02,448.84,3.768810,0.363710,500.00,cifi0007.DBF
BLFN,10BLFN,F,NS,00,28,71,434.35,490,452.69,452.74,3.768810,0.363710,500.00,cifi0007.DBF
BLFN,10BLFN,F,NS,00,28,72,437.96,491,455.82,456.14,3.768810,0.363710,500.00,cifi0007.DBF
BLFN,10BLFN,F,NS,00,28,73,441.04,492,458.50,459.05,3.768810,0.363710,500.00,cifi0007.DBF
BLFN,10BLFN,F,NS,00,28,74,443.80,492,460.89,461.58,3.768810,0.363710,500.00,cifi0007.DBF
BLFN,10BLFN,F,NS,00,28,75,446.26,492,463.02,463.84,3.768810,0.363710,500.00,cifi0007.DBF
BLFN,10BLFN,F,NS,00,28,76,448.47,493,464.93,465.86,3.768810,0.363710,500.00,cifi0007.DBF
BLFN,10BLFN,F,NS,00,28,77,450.51,493,466.70,467.70,3.768810,0.363710,500.00,cifi0007.DBF
BLFN,10BLFN,F,NS,00,28,78,452.54,493,468.45,469.46,3.768810,0.363710,500.00,cifi0007.DBF
BLFN,10BLFN,F,NS,00,28,79,454.62,494,470.24,471.23,3.768810,0.363710,500.00,cifi0007.DBF
BLFN,10BLFN,F,NS,00,28,80,456.62,494,471.96,472.98,3.768810,0.363710,500.00,cifi0007.DBF
BLFN,10BLFN,F,NS,00,28,81,458.54,494,473.61,474.67,3.768810,0.363710,500.00,cifi0007.DBF
BLFN,10BLFN,F,NS,00,28,82,460.39,495,475.20,476.29,3.768810,0.363710,500.00,cifi0007.DBF
BLFN,10BLFN,F,NS,00,28,83,462.16,495,476.72,477.84,3.768810,0.363710,500.00,cifi0007.DBF
BLFN,10BLFN,F,NS,00,28,84,463.86,495,478.17,479.33,3.768810,0.363710,500.00,cifi0007.DBF
BLFN,10BLFN,F,NS,00,28,85,465.49,495,479.57,480.75,3.768810,0.363710,500.00,cifi0007.DBF
BLFN,10BLFN,F,NS,00,28,86,467.05,496,480.90,482.12,3.768810,0.363710,500.00,cifi0007.DBF
BLFN,10BLFN,F,NS,00,28,87,468.55,496,482.18,483.42,3.768810,0.363710,500.00,cifi0007.DBF
BLFN,10BLFN,F,NS,00,28,88,469.98,496,483.40,484.67,3.768810,0.363710,500.00,cifi0007.DBF
BLFN,10BLFN,F,NS,00,28,89,471.36,496,484.56,485.86,3.768810,0.363710,500.00,cifi0007.DBF
BLFN,10BLFN,F,NS,00,28,90,472.76,497,485.72,487.03,3.768810,0.363710,500.00,cifi0007.DBF
BLFN,10BLFN,F,NS,00,28,91,475.07,497,487.31,488.40,3.768810,0.363710,500.00,cifi0007.DBF
BLFN,10BLFN,F,NS,00,28,92,500.00,500,500.00,495.54,15.619960,0.363710,500.00,cifi0007.DBF
BLFN,10BLFN,F,NS,00,29,1,0.00,0,0.00,0.19,0.383370,0.383370,1000.00,cifi0007.DBF
BLFN,10BLFN,F,NS,00,29,2,0.00,0,3.63,3.77,3.910290,0.383370,1000.00,cifi0007.DBF
BLFN,10BLFN,F,NS,00,29,3,0.00,0,7.37,7.46,3.910290,0.383370,1000.00,cifi0007.DBF
BLFN,10BLFN,F,NS,00,29,4,0.00,0,11.19,11.24,3.910290,0.383370,1000.00,cifi0007.DBF
BLFN,10BLFN,F,NS,00,29,5,0.74,11,15.07,15.09,3.910290,0.383370,1000.00,cifi0007.DBF
BLFN,10BLFN,F,NS,00,29,6,3.81,51,19.00,18.99,3.910290,0.383370,1000.00,cifi0007.DBF
BLFN,10BLFN,F,NS,00,29,7,6.93,89,22.97,22.94,3.910290,0.383370,1000.00,cifi0007.DBF
BLFN,10BLFN,F,NS,00,29,8,10.10,125,26.99,26.94,3.910290,0.383370,1000.00,cifi0007.DBF
BLFN,10BLFN,F,NS,00,29,9,13.33,160,31.08,30.99,3.910290,0.383370,1000.00,cifi0007.DBF
BLFN,10BLFN,F,NS,00,29,10,16.64,193,35.24,35.11,3.910290,0.383370,1000.00,cifi0007.DBF
BLFN,10BLFN,F,NS,00,29,11,20.08,225,39.52,39.34,3.910290,0.383370,1000.00,cifi0007.DBF
BLFN,10BLFN,F,NS,00,29,12,23.66,256,43.95,43.69,3.910290,0.383370,1000.00,cifi0007.DBF
BLFN,10BLFN,F,NS,00,29,13,27.40,286,48.53,48.19,3.910290,0.383370,1000.00,cifi0007.DBF
BLFN,10BLFN,F,NS,00,29,14,31.31,316,53.27,52.85,3.910290,0.383370,1000.00,cifi0007.DBF
BLFN,10BLFN,F,NS,00,29,15,35.40,345,58.18,57.68,3.910290,0.383370,1000.00,cifi0007.DBF
BLFN,10BLFN,F,NS,00,29,16,39.67,373,63.27,62.68,3.910290,0.383370,1000.00,cifi0007.DBF
BLFN,10BLFN,F,NS,00,29,17,44.12,400,68.51,67.84,3.910290,0.383370,1000.00,cifi0007.DBF
BLFN,10BLFN,F,NS,00,29,18,48.74,427,73.91,73.17,3.910290,0.383370,1000.00,cifi0007.DBF
BLFN,10BLFN,F,NS,00,29,19,53.51,452,79.45,78.63,3.910290,0.383370,1000.00,cifi0007.DBF
BLFN,10BLFN,F,NS,00,29,20,58.43,477,85.12,84.24,3.910290,0.383370,1000.00,cifi0007.DBF
BLFN,10BLFN,F,NS,00,29,21,63.50,500,90.91,89.97,3.910290,0.383370,1000.00,cifi0007.DBF
BLFN,10BLFN,F,NS,00,29,22,68.69,523,96.81,95.82,3.910290,0.383370,1000.00,cifi0007.DBF
BLFN,10BLFN,F,NS,00,29,23,73.99,544,102.78,101.75,3.910290,0.383370,1000.00,cifi0007.DBF
BLFN,10BLFN,F,NS,00,29,24,79.37,565,108.81,107.75,3.910290,0.383370,1000.00,cifi0007.DBF
BLFN,10BLFN,F,NS,00,29,25,84.79,584,114.86,113.79,3.910290,0.383370,1000.00,cifi0007.DBF
BLFN,10BLFN,F,NS,00,29,26,90.26,603,120.92,119.84,3.910290,0.383370,1000.00,cifi0007.DBF
BLFN,10BLFN,F,NS,00,29,27,95.77,620,127.00,125.91,3.910290,0.383370,1000.00,cifi0007.DBF
BLFN,10BLFN,F,NS,00,29,28,101.34,637,133.10,132.00,3.910290,0.383370,1000.00,cifi0007.DBF
BLFN,10BLFN,F,NS,00,29,29,106.98,653,139.24,138.13,3.910290,0.383370,1000.00,cifi0007.DBF
BLFN,10BLFN,F,NS,00,29,30,112.67,668,145.41,144.28,3.910290,0.383370,1000.00,cifi0007.DBF
BLFN,10BLFN,F,NS,00,29,31,118.42,683,151.59,150.45,3.910290,0.383370,1000.00,cifi0007.DBF
BLFN,10BLFN,F,NS,00,29,32,124.19,697,157.76,156.63,3.910290,0.383370,1000.00,cifi0007.DBF
BLFN,10BLFN,F,NS,00,29,33,129.94,711,163.88,162.77,3.910290,0.383370,1000.00,cifi0007.DBF
BLFN,10BLFN,F,NS,00,29,34,135.64,724,169.89,168.84,3.910290,0.383370,1000.00,cifi0007.DBF
BLFN,10BLFN,F,NS,00,29,35,141.23,736,175.77,174.79,3.910290,0.383370,1000.00,cifi0007.DBF
BLFN,10BLFN,F,NS,00,29,36,146.69,374,181.48,180.58,3.910290,0.383370,1000.00,cifi0007.DBF
BLFN,10BLFN,F,NS,00,29,37,154.94,381,190.00,187.70,3.910290,0.383370,500.00,cifi0007.DBF
BLFN,10BLFN,F,NS,00,29,38,163.42,388,198.69,196.30,3.910290,0.383370,500.00,cifi0007.DBF
BLFN,10BLFN,F,NS,00,29,39,172.14,395,207.56,205.08,3.910290,0.383370,500.00,cifi0007.DBF
BLFN,10BLFN,F,NS,00,29,40,181.09,401,216.61,214.04,3.910290,0.383370,500.00,cifi0007.DBF
BLFN,10BLFN,F,NS,00,29,41,190.28,407,225.82,223.17,3.910290,0.383370,500.00,cifi0007.DBF
BLFN,10BLFN,F,NS,00,29,42,199.68,413,235.18,232.45,3.910290,0.383370,500.00,cifi0007.DBF
BLFN,10BLFN,F,NS,00,29,43,209.28,419,244.67,241.88,3.910290,0.383370,500.00,cifi0007.DBF
BLFN,10BLFN,F,NS,00,29,44,219.06,424,254.27,251.42,3.910290,0.383370,500.00,cifi0007.DBF
BLFN,10BLFN,F,NS,00,29,45,228.99,429,263.95,261.06,3.910290,0.383370,500.00,cifi0007.DBF
BLFN,10BLFN,F,NS,00,29,46,239.05,434,273.70,270.78,3.910290,0.383370,500.00,cifi0007.DBF
BLFN,10BLFN,F,NS,00,29,47,249.22,438,283.48,280.55,3.910290,0.383370,500.00,cifi0007.DBF
BLFN,10BLFN,F,NS,00,29,48,259.47,443,293.29,290.34,3.910290,0.383370,500.00,cifi0007.DBF
BLFN,10BLFN,F,NS,00,29,49,269.77,447,303.08,300.14,3.910290,0.383370,500.00,cifi0007.DBF
BLFN,10BLFN,F,NS,00,29,50,280.07,451,312.82,309.90,3.910290,0.383370,500.00,cifi0007.DBF
BLFN,10BLFN,F,NS,00,29,51,290.31,454,322.43,319.58,3.910290,0.383370,500.00,cifi0007.DBF
BLFN,10BLFN,F,NS,00,29,52,300.40,458,331.87,329.11,3.910290,0.383370,500.00,cifi0007.DBF
BLFN,10BLFN,F,NS,00,29,53,310.39,461,341.16,338.47,3.910290,0.383370,500.00,cifi0007.DBF
BLFN,10BLFN,F,NS,00,29,54,320.31,464,350.33,347.70,3.910290,0.383370,500.00,cifi0007.DBF
BLFN,10BLFN,F,NS,00,29,55,330.15,467,359.38,356.81,3.910290,0.383370,500.00,cifi0007.DBF
BLFN,10BLFN,F,NS,00,29,56,339.64,469,368.07,365.68,3.910290,0.383370,500.00,cifi0007.DBF
BLFN,10BLFN,F,NS,00,29,57,348.71,472,376.34,374.16,3.910290,0.383370,500.00,cifi0007.DBF
BLFN,10BLFN,F,NS,00,29,58,357.51,474,384.32,382.29,3.910290,0.383370,500.00,cifi0007.DBF
BLFN,10BLFN,F,NS,00,29,59,365.96,476,391.96,390.10,3.910290,0.383370,500.00,cifi0007.DBF
BLFN,10BLFN,F,NS,00,29,60,374.01,478,399.21,397.54,3.910290,0.383370,500.00,cifi0007.DBF
BLFN,10BLFN,F,NS,00,29,61,381.64,480,406.05,404.58,3.910290,0.383370,500.00,cifi0007.DBF
BLFN,10BLFN,F,NS,00,29,62,388.86,481,412.50,411.23,3.910290,0.383370,500.00,cifi0007.DBF
BLFN,10BLFN,F,NS,00,29,63,395.68,483,418.58,417.49,3.910290,0.383370,500.00,cifi0007.DBF
BLFN,10BLFN,F,NS,00,29,64,402.13,484,424.30,423.40,3.910290,0.383370,500.00,cifi0007.DBF
BLFN,10BLFN,F,NS,00,29,65,408.26,485,429.73,428.97,3.910290,0.383370,500.00,cifi0007.DBF
BLFN,10BLFN,F,NS,00,29,66,414.18,486,434.95,434.29,3.910290,0.383370,500.00,cifi0007.DBF
BLFN,10BLFN,F,NS,00,29,67,419.81,487,439.90,439.38,3.910290,0.383370,500.00,cifi0007.DBF
BLFN,10BLFN,F,NS,00,29,68,425.02,488,444.46,444.14,3.910290,0.383370,500.00,cifi0007.DBF
BLFN,10BLFN,F,NS,00,29,69,429.78,489,448.62,448.50,3.910290,0.383370,500.00,cifi0007.DBF
BLFN,10BLFN,F,NS,00,29,70,434.01,490,452.31,452.42,3.910290,0.383370,500.00,cifi0007.DBF
BLFN,10BLFN,F,NS,00,29,71,437.64,491,455.47,455.84,3.910290,0.383370,500.00,cifi0007.DBF
BLFN,10BLFN,F,NS,00,29,72,440.74,491,458.16,458.77,3.910290,0.383370,500.00,cifi0007.DBF
BLFN,10BLFN,F,NS,00,29,73,443.51,492,460.57,461.32,3.910290,0.383370,500.00,cifi0007.DBF
BLFN,10BLFN,F,NS,00,29,74,445.98,492,462.71,463.60,3.910290,0.383370,500.00,cifi0007.DBF
BLFN,10BLFN,F,NS,00,29,75,448.20,492,464.64,465.63,3.910290,0.383370,500.00,cifi0007.DBF
BLFN,10BLFN,F,NS,00,29,76,450.25,493,466.41,467.48,3.910290,0.383370,500.00,cifi0007.DBF
BLFN,10BLFN,F,NS,00,29,77,452.29,493,468.17,469.25,3.910290,0.383370,500.00,cifi0007.DBF
BLFN,10BLFN,F,NS,00,29,78,454.38,494,469.98,471.03,3.910290,0.383370,500.00,cifi0007.DBF
BLFN,10BLFN,F,NS,00,29,79,456.39,494,471.71,472.80,3.910290,0.383370,500.00,cifi0007.DBF
BLFN,10BLFN,F,NS,00,29,80,458.32,494,473.38,474.50,3.910290,0.383370,500.00,cifi0007.DBF
BLFN,10BLFN,F,NS,00,29,81,460.18,494,474.97,476.13,3.910290,0.383370,500.00,cifi0007.DBF
BLFN,10BLFN,F,NS,00,29,82,461.96,495,476.50,477.69,3.910290,0.383370,500.00,cifi0007.DBF
BLFN,10BLFN,F,NS,00,29,83,463.67,495,477.97,479.19,3.910290,0.383370,500.00,cifi0007.DBF
BLFN,10BLFN,F,NS,00,29,84,465.31,495,479.37,480.62,3.910290,0.383370,500.00,cifi0007.DBF
BLFN,10BLFN,F,NS,00,29,85,466.88,496,480.71,482.00,3.910290,0.383370,500.00,cifi0007.DBF
BLFN,10BLFN,F,NS,00,29,86,468.38,496,482.00,483.31,3.910290,0.383370,500.00,cifi0007.DBF
BLFN,10BLFN,F,NS,00,29,87,469.82,496,483.22,484.57,3.910290,0.383370,500.00,cifi0007.DBF
BLFN,10BLFN,F,NS,00,29,88,471.21,496,484.40,485.77,3.910290,0.383370,500.00,cifi0007.DBF
BLFN,10BLFN,F,NS,00,29,89,472.61,496,485.57,486.94,3.910290,0.383370,500.00,cifi0007.DBF
BLFN,10BLFN,F,NS,00,29,90,474.94,497,487.17,488.32,3.910290,0.383370,500.00,cifi0007.DBF
BLFN,10BLFN,F,NS,00,29,91,500.00,500,500.00,495.54,15.619960,0.383370,500.00,cifi0007.DBF
BLFN,10BLFN,F,NS,00,30,1,0.00,0,0.00,0.20,0.403030,0.403030,1000.00,cifi0007.DBF
BLFN,10BLFN,F,NS,00,30,2,0.00,0,3.76,3.91,0.405780,0.403030,1000.00,cifi0007.DBF
BLFN,10BLFN,F,NS,00,30,3,0.00,0,7.61,7.72,0.405780,0.403030,1000.00,cifi0007.DBF
BLFN,10BLFN,F,NS,00,30,4,0.00,0,11.51,11.59,0.405780,0.403030,1000.00,cifi0007.DBF
BLFN,10BLFN,F,NS,00,30,5,1.05,14,15.47,15.52,0.405780,0.403030,1000.00,cifi0007.DBF
BLFN,10BLFN,F,NS,00,30,6,4.19,54,19.47,19.50,0.405780,0.403030,1000.00,cifi0007.DBF
BLFN,10BLFN,F,NS,00,30,7,7.37,92,23.51,23.52,0.405780,0.403030,1000.00,cifi0007.DBF
BLFN,10BLFN,F,NS,00,30,8,10.62,127,27.63,27.60,0.405780,0.403030,1000.00,cifi0007.DBF
BLFN,10BLFN,F,NS,00,30,9,13.95,162,31.82,31.75,0.405780,0.403030,1000.00,cifi0007.DBF
BLFN,10BLFN,F,NS,00,30,10,17.40,195,36.13,36.00,0.405780,0.403030,1000.00,cifi0007.DBF
BLFN,10BLFN,F,NS,00,30,11,21.00,227,40.59,40.39,0.405780,0.403030,1000.00,cifi0007.DBF
BLFN,10BLFN,F,NS,00,30,12,24.76,259,45.20,44.92,0.405780,0.403030,1000.00,cifi0007.DBF
BLFN,10BLFN,F,NS,00,30,13,28.69,289,49.97,49.61,0.405780,0.403030,1000.00,cifi0007.DBF
BLFN,10BLFN,F,NS,00,30,14,32.80,319,54.92,54.48,0.405780,0.403030,1000.00,cifi0007.DBF
BLFN,10BLFN,F,NS,00,30,15,37.10,349,60.04,59.51,0.405780,0.403030,1000.00,cifi0007.DBF
BLFN,10BLFN,F,NS,00,30,16,41.57,377,65.32,64.71,0.405780,0.403030,1000.00,cifi0007.DBF
BLFN,10BLFN,F,NS,00,30,17,46.21,405,70.76,70.07,0.405780,0.403030,1000.00,cifi0007.DBF
BLFN,10BLFN,F,NS,00,30,18,51.00,431,76.33,75.57,0.405780,0.403030,1000.00,cifi0007.DBF
BLFN,10BLFN,F,NS,00,30,19,55.95,457,82.04,81.22,0.405780,0.403030,1000.00,cifi0007.DBF
BLFN,10BLFN,F,NS,00,30,20,61.05,481,87.88,86.99,0.405780,0.403030,1000.00,cifi0007.DBF
BLFN,10BLFN,F,NS,00,30,21,66.27,504,93.81,92.87,0.405780,0.403030,1000.00,cifi0007.DBF
BLFN,10BLFN,F,NS,00,30,22,71.60,527,99.83,98.85,0.405780,0.403030,1000.00,cifi0007.DBF
BLFN,10BLFN,F,NS,00,30,23,77.00,548,105.90,104.89,0.405780,0.403030,1000.00,cifi0007.DBF
BLFN,10BLFN,F,NS,00,30,24,82.46,568,112.00,110.98,0.405780,0.403030,1000.00,cifi0007.DBF
BLFN,10BLFN,F,NS,00,30,25,87.96,587,118.10,117.08,0.405780,0.403030,1000.00,cifi0007.DBF
BLFN,10BLFN,F,NS,00,30,26,93.50,605,124.23,123.19,0.405780,0.403030,1000.00,cifi0007.DBF
BLFN,10BLFN,F,NS,00,30,27,99.10,623,130.38,129.33,0.405780,0.403030,1000.00,cifi0007.DBF
BLFN,10BLFN,F,NS,00,30,28,104.78,640,136.57,135.51,0.405780,0.403030,1000.00,cifi0007.DBF
BLFN,10BLFN,F,NS,00,30,29,110.51,656,142.79,141.71,0.405780,0.403030,1000.00,cifi0007.DBF
BLFN,10BLFN,F,NS,00,30,30,116.30,671,149.02,147.94,0.405780,0.403030,1000.00,cifi0007.DBF
BLFN,10BLFN,F,NS,00,30,31,122.11,686,155.25,154.17,0.405780,0.403030,1000.00,cifi0007.DBF
BLFN,10BLFN,F,NS,00,30,32,127.90,700,161.42,160.36,0.405780,0.403030,1000.00,cifi0007.DBF
BLFN,10BLFN,F,NS,00,30,33,133.64,713,167.49,166.48,0.405780,0.403030,1000.00,cifi0007.DBF
BLFN,10BLFN,F,NS,00,30,34,139.27,726,173.43,172.49,0.405780,0.403030,1000.00,cifi0007.DBF
BLFN,10BLFN,F,NS,00,30,35,144.77,369,179.20,178.34,0.405780,0.403030,1000.00,cifi0007.DBF
BLFN,10BLFN,F,NS,00,30,36,153.07,377,187.78,185.51,0.405780,0.403030,500.00,cifi0007.DBF
BLFN,10BLFN,F,NS,00,30,37,161.59,384,196.53,194.18,0.405780,0.403030,500.00,cifi0007.DBF
BLFN,10BLFN,F,NS,00,30,38,170.36,391,205.46,203.02,0.405780,0.403030,500.00,cifi0007.DBF
BLFN,10BLFN,F,NS,00,30,39,179.36,397,214.57,212.04,0.405780,0.403030,500.00,cifi0007.DBF
BLFN,10BLFN,F,NS,00,30,40,188.60,404,223.84,221.23,0.405780,0.403030,500.00,cifi0007.DBF
BLFN,10BLFN,F,NS,00,30,41,198.05,410,233.27,230.58,0.405780,0.403030,500.00,cifi0007.DBF
BLFN,10BLFN,F,NS,00,30,42,207.71,416,242.82,240.07,0.405780,0.403030,500.00,cifi0007.DBF
BLFN,10BLFN,F,NS,00,30,43,217.54,421,252.49,249.69,0.405780,0.403030,500.00,cifi0007.DBF
BLFN,10BLFN,F,NS,00,30,44,227.52,426,262.24,259.39,0.405780,0.403030,500.00,cifi0007.DBF
BLFN,10BLFN,F,NS,00,30,45,237.64,431,272.05,269.18,0.405780,0.403030,500.00,cifi0007.DBF
BLFN,10BLFN,F,NS,00,30,46,247.86,436,281.91,279.01,0.405780,0.403030,500.00,cifi0007.DBF
BLFN,10BLFN,F,NS,00,30,47,258.16,441,291.78,288.88,0.405780,0.403030,500.00,cifi0007.DBF
BLFN,10BLFN,F,NS,00,30,48,268.52,445,301.64,298.74,0.405780,0.403030,500.00,cifi0007.DBF
BLFN,10BLFN,F,NS,00,30,49,278.88,449,311.45,308.58,0.405780,0.403030,500.00,cifi0007.DBF
BLFN,10BLFN,F,NS,00,30,50,289.17,453,321.13,318.32,0.405780,0.403030,500.00,cifi0007.DBF
BLFN,10BLFN,F,NS,00,30,51,299.32,456,330.64,327.91,0.405780,0.403030,500.00,cifi0007.DBF
BLFN,10BLFN,F,NS,00,30,52,309.36,459,339.98,337.34,0.405780,0.403030,500.00,cifi0007.DBF
BLFN,10BLFN,F,NS,00,30,53,319.34,463,349.23,346.63,0.405780,0.403030,500.00,cifi0007.DBF
BLFN,10BLFN,F,NS,00,30,54,329.23,465,358.33,355.81,0.405780,0.403030,500.00,cifi0007.DBF
BLFN,10BLFN,F,NS,00,30,55,338.77,468,367.08,364.74,0.405780,0.403030,500.00,cifi0007.DBF
BLFN,10BLFN,F,NS,00,30,56,347.89,471,375.42,373.28,0.405780,0.403030,500.00,cifi0007.DBF
BLFN,10BLFN,F,NS,00,30,57,356.74,473,383.45,381.46,0.405780,0.403030,500.00,cifi0007.DBF
BLFN,10BLFN,F,NS,00,30,58,365.23,475,391.14,389.33,0.405780,0.403030,500.00,cifi0007.DBF
BLFN,10BLFN,F,NS,00,30,59,373.33,477,398.44,396.82,0.405780,0.403030,500.00,cifi0007.DBF
BLFN,10BLFN,F,NS,00,30,60,381.00,479,405.33,403.91,0.405780,0.403030,500.00,cifi0007.DBF
BLFN,10BLFN,F,NS,00,30,61,388.25,480,411.83,410.61,0.405780,0.403030,500.00,cifi0007.DBF
BLFN,10BLFN,F,NS,00,30,62,395.12,482,417.95,416.92,0.405780,0.403030,500.00,cifi0007.DBF
BLFN,10BLFN,F,NS,00,30,63,401.59,483,423.71,422.86,0.405780,0.403030,500.00,cifi0007.DBF
BLFN,10BLFN,F,NS,00,30,64,407.76,485,429.18,428.47,0.405780,0.403030,500.00,cifi0007.DBF
BLFN,10BLFN,F,NS,00,30,65,413.71,486,434.43,433.83,0.405780,0.403030,500.00,cifi0007.DBF
BLFN,10BLFN,F,NS,00,30,66,419.37,487,439.41,438.95,0.405780,0.403030,500.00,cifi0007.DBF
BLFN,10BLFN,F,NS,00,30,67,424.62,488,444.02,443.74,0.405780,0.403030,500.00,cifi0007.DBF
BLFN,10BLFN,F,NS,00,30,68,429.39,489,448.20,448.14,0.405780,0.403030,500.00,cifi0007.DBF
BLFN,10BLFN,F,NS,00,30,69,433.65,490,451.91,452.09,0.405780,0.403030,500.00,cifi0007.DBF
BLFN,10BLFN,F,NS,00,30,70,437.30,490,455.09,455.53,0.405780,0.403030,500.00,cifi0007.DBF
BLFN,10BLFN,F,NS,00,30,71,440.42,491,457.81,458.48,0.405780,0.403030,500.00,cifi0007.DBF
BLFN,10BLFN,F,NS,00,30,72,443.20,491,460.23,461.05,0.405780,0.403030,500.00,cifi0007.DBF
BLFN,10BLFN,F,NS,00,30,73,445.69,492,462.39,463.34,0.405780,0.403030,500.00,cifi0007.DBF
BLFN,10BLFN,F,NS,00,30,74,447.92,492,464.33,465.39,0.405780,0.403030,500.00,cifi0007.DBF
BLFN,10BLFN,F,NS,00,30,75,449.98,493,466.12,467.25,0.405780,0.403030,500.00,cifi0007.DBF
BLFN,10BLFN,F,NS,00,30,76,452.03,493,467.89,469.03,0.405780,0.403030,500.00,cifi0007.DBF
BLFN,10BLFN,F,NS,00,30,77,454.13,493,469.71,470.83,0.405780,0.403030,500.00,cifi0007.DBF
BLFN,10BLFN,F,NS,00,30,78,456.16,494,471.45,472.61,0.405780,0.403030,500.00,cifi0007.DBF
BLFN,10BLFN,F,NS,00,30,79,458.10,494,473.13,474.32,0.405780,0.403030,500.00,cifi0007.DBF
BLFN,10BLFN,F,NS,00,30,80,459.97,494,474.74,475.96,0.405780,0.403030,500.00,cifi0007.DBF
BLFN,10BLFN,F,NS,00,30,81,461.76,495,476.28,477.53,0.405780,0.403030,500.00,cifi0007.DBF
BLFN,10BLFN,F,NS,00,30,82,463.48,495,477.75,479.04,0.405780,0.403030,500.00,cifi0007.DBF
BLFN,10BLFN,F,NS,00,30,83,465.12,495,479.17,480.49,0.405780,0.403030,500.00,cifi0007.DBF
BLFN,10BLFN,F,NS,00,30,84,466.70,495,480.52,481.87,0.405780,0.403030,500.00,cifi0007.DBF
BLFN,10BLFN,F,NS,00,30,85,468.21,496,481.81,483.19,0.405780,0.403030,500.00,cifi0007.DBF
BLFN,10BLFN,F,NS,00,30,86,469.66,496,483.05,484.46,0.405780,0.403030,500.00,cifi0007.DBF
BLFN,10BLFN,F,NS,00,30,87,471.05,496,484.23,485.67,0.405780,0.403030,500.00,cifi0007.DBF
BLFN,10BLFN,F,NS,00,30,88,472.47,496,485.41,486.85,0.405780,0.403030,500.00,cifi0007.DBF
BLFN,10BLFN,F,NS,00,30,89,474.81,497,487.02,488.24,0.405780,0.403030,500.00,cifi0007.DBF
BLFN,10BLFN,F,NS,00,30,90,500.00,500,500.00,495.54,15.619960,0.403030,500.00,cifi0007.DBF
BLFN,10BLFN,F,NS,00,31,1,0.00,0,0.00,0.21,0.422690,0.422690,1000.00,cifi0007.DBF
BLFN,10BLFN,F,NS,00,31,2,0.00,0,3.87,4.04,4.211710,0.422690,1000.00,cifi0007.DBF
BLFN,10BLFN,F,NS,00,31,3,0.00,0,7.80,7.94,4.211710,0.422690,1000.00,cifi0007.DBF
BLFN,10BLFN,F,NS,00,31,4,0.00,0,11.78,11.90,4.211710,0.422690,1000.00,cifi0007.DBF
BLFN,10BLFN,F,NS,00,31,5,1.30,17,15.81,15.90,4.211710,0.422690,1000.00,cifi0007.DBF
BLFN,10BLFN,F,NS,00,31,6,4.50,56,19.89,19.95,4.211710,0.422690,1000.00,cifi0007.DBF
BLFN,10BLFN,F,NS,00,31,7,7.77,93,24.03,24.06,4.211710,0.422690,1000.00,cifi0007.DBF
BLFN,10BLFN,F,NS,00,31,8,11.12,129,28.25,28.24,4.211710,0.422690,1000.00,cifi0007.DBF
BLFN,10BLFN,F,NS,00,31,9,14.59,163,32.59,32.52,4.211710,0.422690,1000.00,cifi0007.DBF
BLFN,10BLFN,F,NS,00,31,10,18.21,197,37.08,36.94,4.211710,0.422690,1000.00,cifi0007.DBF
BLFN,10BLFN,F,NS,00,31,11,21.99,230,41.72,41.51,4.211710,0.422690,1000.00,cifi0007.DBF
BLFN,10BLFN,F,NS,00,31,12,25.94,262,46.53,46.23,4.211710,0.422690,1000.00,cifi0007.DBF
BLFN,10BLFN,F,NS,00,31,13,30.08,293,51.52,51.13,4.211710,0.422690,1000.00,cifi0007.DBF
BLFN,10BLFN,F,NS,00,31,14,34.39,323,56.67,56.20,4.211710,0.422690,1000.00,cifi0007.DBF
BLFN,10BLFN,F,NS,00,31,15,38.89,353,61.99,61.44,4.211710,0.422690,1000.00,cifi0007.DBF
BLFN,10BLFN,F,NS,00,31,16,43.55,381,67.46,66.83,4.211710,0.422690,1000.00,cifi0007.DBF
BLFN,10BLFN,F,NS,00,31,17,48.38,409,73.08,72.38,4.211710,0.422690,1000.00,cifi0007.DBF
BLFN,10BLFN,F,NS,00,31,18,53.36,435,78.83,78.06,4.211710,0.422690,1000.00,cifi0007.DBF
BLFN,10BLFN,F,NS,00,31,19,58.48,461,84.71,83.88,4.211710,0.422690,1000.00,cifi0007.DBF
BLFN,10BLFN,F,NS,00,31,20,63.73,485,90.69,89.81,4.211710,0.422690,1000.00,cifi0007.DBF
BLFN,10BLFN,F,NS,00,31,21,69.09,508,96.75,95.83,4.211710,0.422690,1000.00,cifi0007.DBF
BLFN,10BLFN,F,NS,00,31,22,74.53,530,102.87,101.92,4.211710,0.422690,1000.00,cifi0007.DBF
BLFN,10BLFN,F,NS,00,31,23,80.02,551,109.01,108.05,4.211710,0.422690,1000.00,cifi0007.DBF
BLFN,10BLFN,F,NS,00,31,24,85.54,571,115.16,114.19,4.211710,0.422690,1000.00,cifi0007.DBF
BLFN,10BLFN,F,NS,00,31,25,91.13,590,121.34,120.36,4.211710,0.422690,1000.00,cifi0007.DBF
BLFN,10BLFN,F,NS,00,31,26,96.76,608,127.54,126.55,4.211710,0.422690,1000.00,cifi0007.DBF
BLFN,10BLFN,F,NS,00,31,27,102.47,625,133.79,132.77,4.211710,0.422690,1000.00,cifi0007.DBF
BLFN,10BLFN,F,NS,00,31,28,108.24,642,140.06,139.03,4.211710,0.422690,1000.00,cifi0007.DBF
BLFN,10BLFN,F,NS,00,31,29,114.07,658,146.35,145.31,4.211710,0.422690,1000.00,cifi0007.DBF
BLFN,10BLFN,F,NS,00,31,30,119.92,673,152.63,151.59,4.211710,0.422690,1000.00,cifi0007.DBF
BLFN,10BLFN,F,NS,00,31,31,125.76,688,158.85,157.85,4.211710,0.422690,1000.00,cifi0007.DBF
BLFN,10BLFN,F,NS,00,31,32,131.54,702,164.99,164.03,4.211710,0.422690,1000.00,cifi0007.DBF
BLFN,10BLFN,F,NS,00,31,33,137.21,715,170.98,170.09,4.211710,0.422690,1000.00,cifi0007.DBF
BLFN,10BLFN,F,NS,00,31,34,142.76,364,176.81,176.00,4.211710,0.422690,1000.00,cifi0007.DBF
BLFN,10BLFN,F,NS,00,31,35,151.10,372,185.45,183.24,4.211710,0.422690,500.00,cifi0007.DBF
BLFN,10BLFN,F,NS,00,31,36,159.68,379,194.27,191.97,4.211710,0.422690,500.00,cifi0007.DBF
BLFN,10BLFN,F,NS,00,31,37,168.49,386,203.26,200.87,4.211710,0.422690,500.00,cifi0007.DBF
BLFN,10BLFN,F,NS,00,31,38,177.55,393,212.44,209.96,4.211710,0.422690,500.00,cifi0007.DBF
BLFN,10BLFN,F,NS,00,31,39,186.84,400,221.78,219.21,4.211710,0.422690,500.00,cifi0007.DBF
BLFN,10BLFN,F,NS,00,31,40,196.34,406,231.27,228.63,4.211710,0.422690,500.00,cifi0007.DBF
BLFN,10BLFN,F,NS,00,31,41,206.05,412,240.90,238.19,4.211710,0.422690,500.00,cifi0007.DBF
BLFN,10BLFN,F,NS,00,31,42,215.94,418,250.63,247.87,4.211710,0.422690,500.00,cifi0007.DBF
BLFN,10BLFN,F,NS,00,31,43,225.98,423,260.46,257.65,4.211710,0.422690,500.00,cifi0007.DBF
BLFN,10BLFN,F,NS,00,31,44,236.15,429,270.34,267.50,4.211710,0.422690,500.00,cifi0007.DBF
BLFN,10BLFN,F,NS,00,31,45,246.43,434,280.27,277.41,4.211710,0.422690,500.00,cifi0007.DBF
BLFN,10BLFN,F,NS,00,31,46,256.80,438,290.21,287.35,4.211710,0.422690,500.00,cifi0007.DBF
BLFN,10BLFN,F,NS,00,31,47,267.21,443,300.15,297.29,4.211710,0.422690,500.00,cifi0007.DBF
BLFN,10BLFN,F,NS,00,31,48,277.63,447,310.02,307.19,4.211710,0.422690,500.00,cifi0007.DBF
BLFN,10BLFN,F,NS,00,31,49,287.97,451,319.77,317.00,4.211710,0.422690,500.00,cifi0007.DBF
BLFN,10BLFN,F,NS,00,31,50,298.18,454,329.35,326.67,4.211710,0.422690,500.00,cifi0007.DBF
BLFN,10BLFN,F,NS,00,31,51,308.28,458,338.76,336.16,4.211710,0.422690,500.00,cifi0007.DBF
BLFN,10BLFN,F,NS,00,31,52,318.31,461,348.07,345.52,4.211710,0.422690,500.00,cifi0007.DBF
BLFN,10BLFN,F,NS,00,31,53,328.26,464,357.25,354.76,4.211710,0.422690,500.00,cifi0007.DBF
BLFN,10BLFN,F,NS,00,31,54,337.86,467,366.06,363.76,4.211710,0.422690,500.00,cifi0007.DBF
BLFN,10BLFN,F,NS,00,31,55,347.03,469,374.45,372.36,4.211710,0.422690,500.00,cifi0007.DBF
BLFN,10BLFN,F,NS,00,31,56,355.93,472,382.55,380.60,4.211710,0.422690,500.00,cifi0007.DBF
BLFN,10BLFN,F,NS,00,31,57,364.47,474,390.29,388.53,4.211710,0.422690,500.00,cifi0007.DBF
BLFN,10BLFN,F,NS,00,31,58,372.61,476,397.64,396.07,4.211710,0.422690,500.00,cifi0007.DBF
BLFN,10BLFN,F,NS,00,31,59,380.32,478,404.58,403.22,4.211710,0.422690,500.00,cifi0007.DBF
BLFN,10BLFN,F,NS,00,31,60,387.62,480,411.12,409.96,4.211710,0.422690,500.00,cifi0007.DBF
BLFN,10BLFN,F,NS,00,31,61,394.52,481,417.29,416.31,4.211710,0.422690,500.00,cifi0007.DBF
BLFN,10BLFN,F,NS,00,31,62,401.04,483,423.10,422.30,4.211710,0.422690,500.00,cifi0007.DBF
BLFN,10BLFN,F,NS,00,31,63,407.24,484,428.60,427.95,4.211710,0.422690,500.00,cifi0007.DBF
BLFN,10BLFN,F,NS,00,31,64,413.22,485,433.89,433.35,4.211710,0.422690,500.00,cifi0007.DBF
BLFN,10BLFN,F,NS,00,31,65,418.92,486,438.91,438.51,4.211710,0.422690,500.00,cifi0007.DBF
BLFN,10BLFN,F,NS,00,31,66,424.19,487,443.55,443.34,4.211710,0.422690,500.00,cifi0007.DBF
BLFN,10BLFN,F,NS,00,31,67,428.99,488,447.76,447.76,4.211710,0.422690,500.00,cifi0007.DBF
BLFN,10BLFN,F,NS,00,31,68,433.27,489,451.50,451.74,4.211710,0.422690,500.00,cifi0007.DBF
BLFN,10BLFN,F,NS,00,31,69,436.94,490,454.71,455.21,4.211710,0.422690,500.00,cifi0007.DBF
BLFN,10BLFN,F,NS,00,31,70,440.08,490,457.44,458.18,4.211710,0.422690,500.00,cifi0007.DBF
BLFN,10BLFN,F,NS,00,31,71,442.88,491,459.88,460.77,4.211710,0.422690,500.00,cifi0007.DBF
BLFN,10BLFN,F,NS,00,31,72,445.38,491,462.06,463.07,4.211710,0.422690,500.00,cifi0007.DBF
BLFN,10BLFN,F,NS,00,31,73,447.63,492,464.01,465.14,4.211710,0.422690,500.00,cifi0007.DBF
BLFN,10BLFN,F,NS,00,31,74,449.70,492,465.81,467.01,4.211710,0.422690,500.00,cifi0007.DBF
BLFN,10BLFN,F,NS,00,31,75,451.76,493,467.59,468.81,4.211710,0.422690,500.00,cifi0007.DBF
BLFN,10BLFN,F,NS,00,31,76,453.87,493,469.43,470.62,4.211710,0.422690,500.00,cifi0007.DBF
BLFN,10BLFN,F,NS,00,31,77,455.91,493,471.18,472.41,4.211710,0.422690,500.00,cifi0007.DBF
BLFN,10BLFN,F,NS,00,31,78,457.86,494,472.87,474.13,4.211710,0.422690,500.00,cifi0007.DBF
BLFN,10BLFN,F,NS,00,31,79,459.74,494,474.49,475.79,4.211710,0.422690,500.00,cifi0007.DBF
BLFN,10BLFN,F,NS,00,31,80,461.54,494,476.04,477.37,4.211710,0.422690,500.00,cifi0007.DBF
BLFN,10BLFN,F,NS,00,31,81,463.27,495,477.53,478.89,4.211710,0.422690,500.00,cifi0007.DBF
BLFN,10BLFN,F,NS,00,31,82,464.93,495,478.95,480.35,4.211710,0.422690,500.00,cifi0007.DBF
BLFN,10BLFN,F,NS,00,31,83,466.51,495,480.31,481.74,4.211710,0.422690,500.00,cifi0007.DBF
BLFN,10BLFN,F,NS,00,31,84,468.03,495,481.62,483.07,4.211710,0.422690,500.00,cifi0007.DBF
BLFN,10BLFN,F,NS,00,31,85,469.49,496,482.86,484.34,4.211710,0.422690,500.00,cifi0007.DBF
BLFN,10BLFN,F,NS,00,31,86,470.89,496,484.06,485.56,4.211710,0.422690,500.00,cifi0007.DBF
BLFN,10BLFN,F,NS,00,31,87,472.31,496,485.24,486.75,4.211710,0.422690,500.00,cifi0007.DBF
BLFN,10BLFN,F,NS,00,31,88,474.66,497,486.87,488.16,4.211710,0.422690,500.00,cifi0007.DBF
BLFN,10BLFN,F,NS,00,31,89,500.00,500,500.00,495.54,15.619960,0.422690,500.00,cifi0007.DBF
BLFN,10BLFN,F,NS,00,32,1,0.00,0,0.00,0.24,0.471840,0.471840,1000.00,cifi0007.DBF
BLFN,10BLFN,F,NS,00,32,2,0.00,0,3.96,4.16,4.371150,0.471840,1000.00,cifi0007.DBF
BLFN,10BLFN,F,NS,00,32,3,0.00,0,7.96,8.15,4.371150,0.471840,1000.00,cifi0007.DBF
BLFN,10BLFN,F,NS,00,32,4,0.00,0,12.02,12.18,4.371150,0.471840,1000.00,cifi0007.DBF
BLFN,10BLFN,F,NS,00,32,5,1.50,19,16.13,16.26,4.371150,0.471840,1000.00,cifi0007.DBF
BLFN,10BLFN,F,NS,00,32,6,4.78,58,20.30,20.40,4.371150,0.471840,1000.00,cifi0007.DBF
BLFN,10BLFN,F,NS,00,32,7,8.15,95,24.55,24.61,4.371150,0.471840,1000.00,cifi0007.DBF
BLFN,10BLFN,F,NS,00,32,8,11.64,130,28.92,28.92,4.371150,0.471840,1000.00,cifi0007.DBF
BLFN,10BLFN,F,NS,00,32,9,15.28,165,33.45,33.37,4.371150,0.471840,1000.00,cifi0007.DBF
BLFN,10BLFN,F,NS,00,32,10,19.08,199,38.12,37.97,4.371150,0.471840,1000.00,cifi0007.DBF
BLFN,10BLFN,F,NS,00,32,11,23.06,233,42.97,42.73,4.371150,0.471840,1000.00,cifi0007.DBF
BLFN,10BLFN,F,NS,00,32,12,27.22,265,47.99,47.66,4.371150,0.471840,1000.00,cifi0007.DBF
BLFN,10BLFN,F,NS,00,32,13,31.56,297,53.18,52.77,4.371150,0.471840,1000.00,cifi0007.DBF
BLFN,10BLFN,F,NS,00,32,14,36.08,327,58.54,58.04,4.371150,0.471840,1000.00,cifi0007.DBF
BLFN,10BLFN,F,NS,00,32,15,40.77,357,64.05,63.48,4.371150,0.471840,1000.00,cifi0007.DBF
BLFN,10BLFN,F,NS,00,32,16,45.62,386,69.71,69.07,4.371150,0.471840,1000.00,cifi0007.DBF
BLFN,10BLFN,F,NS,00,32,17,50.63,413,75.51,74.79,4.371150,0.471840,1000.00,cifi0007.DBF
BLFN,10BLFN,F,NS,00,32,18,55.79,440,81.43,80.65,4.371150,0.471840,1000.00,cifi0007.DBF
BLFN,10BLFN,F,NS,00,32,19,61.07,465,87.45,86.63,4.371150,0.471840,1000.00,cifi0007.DBF
BLFN,10BLFN,F,NS,00,32,20,66.46,489,93.56,92.69,4.371150,0.471840,1000.00,cifi0007.DBF
BLFN,10BLFN,F,NS,00,32,21,71.93,512,99.73,98.83,4.371150,0.471840,1000.00,cifi0007.DBF
BLFN,10BLFN,F,NS,00,32,22,77.45,534,105.92,105.01,4.371150,0.471840,1000.00,cifi0007.DBF
BLFN,10BLFN,F,NS,00,32,23,83.02,554,112.12,111.21,4.371150,0.471840,1000.00,cifi0007.DBF
BLFN,10BLFN,F,NS,00,32,24,88.63,574,118.35,117.42,4.371150,0.471840,1000.00,cifi0007.DBF
BLFN,10BLFN,F,NS,00,32,25,94.31,593,124.61,123.66,4.371150,0.471840,1000.00,cifi0007.DBF
BLFN,10BLFN,F,NS,00,32,26,100.06,611,130.90,129.94,4.371150,0.471840,1000.00,cifi0007.DBF
BLFN,10BLFN,F,NS,00,32,27,105.87,628,137.23,136.25,4.371150,0.471840,1000.00,cifi0007.DBF
BLFN,10BLFN,F,NS,00,32,28,111.74,645,143.57,142.59,4.371150,0.471840,1000.00,cifi0007.DBF
BLFN,10BLFN,F,NS,00,32,29,117.63,660,149.91,148.93,4.371150,0.471840,1000.00,cifi0007.DBF
BLFN,10BLFN,F,NS,00,32,30,123.51,676,156.20,155.24,4.371150,0.471840,1000.00,cifi0007.DBF
BLFN,10BLFN,F,NS,00,32,31,129.33,690,162.39,161.48,4.371150,0.471840,1000.00,cifi0007.DBF
BLFN,10BLFN,F,NS,00,32,32,135.06,704,168.45,167.61,4.371150,0.471840,1000.00,cifi0007.DBF
BLFN,10BLFN,F,NS,00,32,33,140.65,359,174.34,173.58,4.371150,0.471840,1000.00,cifi0007.DBF
BLFN,10BLFN,F,NS,00,32,34,149.04,367,183.05,180.88,4.371150,0.471840,500.00,cifi0007.DBF
BLFN,10BLFN,F,NS,00,32,35,157.67,374,191.93,189.67,4.371150,0.471840,500.00,cifi0007.DBF
BLFN,10BLFN,F,NS,00,32,36,166.53,382,200.99,198.64,4.371150,0.471840,500.00,cifi0007.DBF
BLFN,10BLFN,F,NS,00,32,37,175.64,389,210.23,207.80,4.371150,0.471840,500.00,cifi0007.DBF
BLFN,10BLFN,F,NS,00,32,38,184.99,396,219.64,217.12,4.371150,0.471840,500.00,cifi0007.DBF
BLFN,10BLFN,F,NS,00,32,39,194.55,403,229.21,226.61,4.371150,0.471840,500.00,cifi0007.DBF
BLFN,10BLFN,F,NS,00,32,40,204.32,409,238.91,236.24,4.371150,0.471840,500.00,cifi0007.DBF
BLFN,10BLFN,F,NS,00,32,41,214.26,415,248.71,245.99,4.371150,0.471840,500.00,cifi0007.DBF
BLFN,10BLFN,F,NS,00,32,42,224.36,420,258.61,255.85,4.371150,0.471840,500.00,cifi0007.DBF
BLFN,10BLFN,F,NS,00,32,43,234.59,426,268.57,265.77,4.371150,0.471840,500.00,cifi0007.DBF
BLFN,10BLFN,F,NS,00,32,44,244.93,431,278.57,275.75,4.371150,0.471840,500.00,cifi0007.DBF
BLFN,10BLFN,F,NS,00,32,45,255.36,436,288.59,285.76,4.371150,0.471840,500.00,cifi0007.DBF
BLFN,10BLFN,F,NS,00,32,46,265.84,440,298.59,295.78,4.371150,0.471840,500.00,cifi0007.DBF
BLFN,10BLFN,F,NS,00,32,47,276.32,445,308.54,305.75,4.371150,0.471840,500.00,cifi0007.DBF
BLFN,10BLFN,F,NS,00,32,48,286.72,449,318.37,315.64,4.371150,0.471840,500.00,cifi0007.DBF
BLFN,10BLFN,F,NS,00,32,49,296.99,453,328.01,325.38,4.371150,0.471840,500.00,cifi0007.DBF
BLFN,10BLFN,F,NS,00,32,50,307.15,456,337.50,334.94,4.371150,0.471840,500.00,cifi0007.DBF
BLFN,10BLFN,F,NS,00,32,51,317.24,459,346.88,344.37,4.371150,0.471840,500.00,cifi0007.DBF
BLFN,10BLFN,F,NS,00,32,52,327.25,463,356.12,353.68,4.371150,0.471840,500.00,cifi0007.DBF
BLFN,10BLFN,F,NS,00,32,53,336.90,466,365.00,362.74,4.371150,0.471840,500.00,cifi0007.DBF
BLFN,10BLFN,F,NS,00,32,54,346.13,468,373.45,371.41,4.371150,0.471840,500.00,cifi0007.DBF
BLFN,10BLFN,F,NS,00,32,55,355.08,471,381.61,379.71,4.371150,0.471840,500.00,cifi0007.DBF
BLFN,10BLFN,F,NS,00,32,56,363.67,473,389.41,387.69,4.371150,0.471840,500.00,cifi0007.DBF
BLFN,10BLFN,F,NS,00,32,57,371.86,475,396.82,395.30,4.371150,0.471840,500.00,cifi0007.DBF
BLFN,10BLFN,F,NS,00,32,58,379.62,477,403.81,402.50,4.371150,0.471840,500.00,cifi0007.DBF
BLFN,10BLFN,F,NS,00,32,59,386.96,479,410.40,409.29,4.371150,0.471840,500.00,cifi0007.DBF
BLFN,10BLFN,F,NS,00,32,60,393.90,480,416.61,415.69,4.371150,0.471840,500.00,cifi0007.DBF
BLFN,10BLFN,F,NS,00,32,61,400.45,482,422.46,421.72,4.371150,0.471840,500.00,cifi0007.DBF
BLFN,10BLFN,F,NS,00,32,62,406.69,483,428.00,427.42,4.371150,0.471840,500.00,cifi0007.DBF
BLFN,10BLFN,F,NS,00,32,63,412.71,485,433.34,432.86,4.371150,0.471840,500.00,cifi0007.DBF
BLFN,10BLFN,F,NS,00,32,64,418.44,486,438.39,438.05,4.371150,0.471840,500.00,cifi0007.DBF
BLFN,10BLFN,F,NS,00,32,65,423.74,487,443.06,442.91,4.371150,0.471840,500.00,cifi0007.DBF
BLFN,10BLFN,F,NS,00,32,66,428.58,488,447.31,447.37,4.371150,0.471840,500.00,cifi0007.DBF
BLFN,10BLFN,F,NS,00,32,67,432.88,489,451.08,451.38,4.371150,0.471840,500.00,cifi0007.DBF
BLFN,10BLFN,F,NS,00,32,68,436.57,489,454.30,454.88,4.371150,0.471840,500.00,cifi0007.DBF
BLFN,10BLFN,F,NS,00,32,69,439.72,490,457.06,457.87,4.371150,0.471840,500.00,cifi0007.DBF
BLFN,10BLFN,F,NS,00,32,70,442.54,491,459.52,460.47,4.371150,0.471840,500.00,cifi0007.DBF
BLFN,10BLFN,F,NS,00,32,71,445.06,491,461.71,462.80,4.371150,0.471840,500.00,cifi0007.DBF
BLFN,10BLFN,F,NS,00,32,72,447.32,492,463.68,464.88,4.371150,0.471840,500.00,cifi0007.DBF
BLFN,10BLFN,F,NS,00,32,73,449.40,492,465.49,466.77,4.371150,0.471840,500.00,cifi0007.DBF
BLFN,10BLFN,F,NS,00,32,74,451.47,492,467.29,468.58,4.371150,0.471840,500.00,cifi0007.DBF
BLFN,10BLFN,F,NS,00,32,75,453.60,493,469.13,470.40,4.371150,0.471840,500.00,cifi0007.DBF
BLFN,10BLFN,F,NS,00,32,76,455.65,493,470.90,472.20,4.371150,0.471840,500.00,cifi0007.DBF
BLFN,10BLFN,F,NS,00,32,77,457.61,493,472.60,473.94,4.371150,0.471840,500.00,cifi0007.DBF
BLFN,10BLFN,F,NS,00,32,78,459.50,494,474.23,475.60,4.371150,0.471840,500.00,cifi0007.DBF
BLFN,10BLFN,F,NS,00,32,79,461.31,494,475.80,477.20,4.371150,0.471840,500.00,cifi0007.DBF
BLFN,10BLFN,F,NS,00,32,80,463.05,494,477.30,478.73,4.371150,0.471840,500.00,cifi0007.DBF
BLFN,10BLFN,F,NS,00,32,81,464.72,495,478.73,480.20,4.371150,0.471840,500.00,cifi0007.DBF
BLFN,10BLFN,F,NS,00,32,82,466.31,495,480.10,481.60,4.371150,0.471840,500.00,cifi0007.DBF
BLFN,10BLFN,F,NS,00,32,83,467.84,495,481.41,482.94,4.371150,0.471840,500.00,cifi0007.DBF
BLFN,10BLFN,F,NS,00,32,84,469.31,495,482.67,484.23,4.371150,0.471840,500.00,cifi0007.DBF
BLFN,10BLFN,F,NS,00,32,85,470.72,496,483.87,485.46,4.371150,0.471840,500.00,cifi0007.DBF
BLFN,10BLFN,F,NS,00,32,86,472.15,496,485.06,486.65,4.371150,0.471840,500.00,cifi0007.DBF
BLFN,10BLFN,F,NS,00,32,87,474.51,496,486.71,488.07,4.371150,0.471840,500.00,cifi0007.DBF
BLFN,10BLFN,F,NS,00,32,88,500.00,500,500.00,495.54,15.619960,0.471840,500.00,cifi0007.DBF
BLFN,10BLFN,F,NS,00,33,1,0.00,0,0.00,0.28,0.550480,0.550480,1000.00,cifi0007.DBF
BLFN,10BLFN,F,NS,00,33,2,0.00,0,4.04,4.29,4.535210,0.550480,1000.00,cifi0007.DBF
BLFN,10BLFN,F,NS,00,33,3,0.00,0,8.12,8.35,4.535210,0.550480,1000.00,cifi0007.DBF
BLFN,10BLFN,F,NS,00,33,4,0.00,0,12.26,12.46,4.535210,0.550480,1000.00,cifi0007.DBF
BLFN,10BLFN,F,NS,00,33,5,1.68,21,16.46,16.63,4.535210,0.550480,1000.00,cifi0007.DBF
BLFN,10BLFN,F,NS,00,33,6,5.07,59,20.74,20.87,4.535210,0.550480,1000.00,cifi0007.DBF
BLFN,10BLFN,F,NS,00,33,7,8.58,96,25.15,25.21,4.535210,0.550480,1000.00,cifi0007.DBF
BLFN,10BLFN,F,NS,00,33,8,12.24,133,29.71,29.70,4.535210,0.550480,1000.00,cifi0007.DBF
BLFN,10BLFN,F,NS,00,33,9,16.07,168,34.42,34.33,4.535210,0.550480,1000.00,cifi0007.DBF
BLFN,10BLFN,F,NS,00,33,10,20.07,203,39.30,39.13,4.535210,0.550480,1000.00,cifi0007.DBF
BLFN,10BLFN,F,NS,00,33,11,24.25,236,44.36,44.10,4.535210,0.550480,1000.00,cifi0007.DBF
BLFN,10BLFN,F,NS,00,33,12,28.61,269,49.59,49.24,4.535210,0.550480,1000.00,cifi0007.DBF
BLFN,10BLFN,F,NS,00,33,13,33.16,301,54.99,54.56,4.535210,0.550480,1000.00,cifi0007.DBF
BLFN,10BLFN,F,NS,00,33,14,37.88,332,60.54,60.03,4.535210,0.550480,1000.00,cifi0007.DBF
BLFN,10BLFN,F,NS,00,33,15,42.76,361,66.24,65.66,4.535210,0.550480,1000.00,cifi0007.DBF
BLFN,10BLFN,F,NS,00,33,16,47.80,390,72.08,71.43,4.535210,0.550480,1000.00,cifi0007.DBF
BLFN,10BLFN,F,NS,00,33,17,52.99,418,78.05,77.34,4.535210,0.550480,1000.00,cifi0007.DBF
BLFN,10BLFN,F,NS,00,33,18,58.30,444,84.12,83.36,4.535210,0.550480,1000.00,cifi0007.DBF
BLFN,10BLFN,F,NS,00,33,19,63.72,469,90.28,89.47,4.535210,0.550480,1000.00,cifi0007.DBF
BLFN,10BLFN,F,NS,00,33,20,69.23,493,96.49,95.65,4.535210,0.550480,1000.00,cifi0007.DBF
BLFN,10BLFN,F,NS,00,33,21,74.79,515,102.74,101.88,4.535210,0.550480,1000.00,cifi0007.DBF
BLFN,10BLFN,F,NS,00,33,22,80.39,537,108.99,108.13,4.535210,0.550480,1000.00,cifi0007.DBF
BLFN,10BLFN,F,NS,00,33,23,86.04,557,115.27,114.40,4.535210,0.550480,1000.00,cifi0007.DBF
BLFN,10BLFN,F,NS,00,33,24,91.76,577,121.58,120.69,4.535210,0.550480,1000.00,cifi0007.DBF
BLFN,10BLFN,F,NS,00,33,25,97.55,595,127.93,127.02,4.535210,0.550480,1000.00,cifi0007.DBF
BLFN,10BLFN,F,NS,00,33,26,103.40,613,134.31,133.39,4.535210,0.550480,1000.00,cifi0007.DBF
BLFN,10BLFN,F,NS,00,33,27,109.31,631,140.72,139.78,4.535210,0.550480,1000.00,cifi0007.DBF
BLFN,10BLFN,F,NS,00,33,28,115.25,647,147.12,146.19,4.535210,0.550480,1000.00,cifi0007.DBF
BLFN,10BLFN,F,NS,00,33,29,121.17,663,153.46,152.56,4.535210,0.550480,1000.00,cifi0007.DBF
BLFN,10BLFN,F,NS,00,33,30,127.04,678,159.72,158.86,4.535210,0.550480,1000.00,cifi0007.DBF
BLFN,10BLFN,F,NS,00,33,31,132.82,692,165.84,165.05,4.535210,0.550480,1000.00,cifi0007.DBF
BLFN,10BLFN,F,NS,00,33,32,138.46,353,171.80,171.09,4.535210,0.550480,1000.00,cifi0007.DBF
BLFN,10BLFN,F,NS,00,33,33,146.90,361,180.57,178.45,4.535210,0.550480,500.00,cifi0007.DBF
BLFN,10BLFN,F,NS,00,33,34,155.58,370,189.52,187.31,4.535210,0.550480,500.00,cifi0007.DBF
BLFN,10BLFN,F,NS,00,33,35,164.50,377,198.65,196.35,4.535210,0.550480,500.00,cifi0007.DBF
BLFN,10BLFN,F,NS,00,33,36,173.67,385,207.96,205.57,4.535210,0.550480,500.00,cifi0007.DBF
BLFN,10BLFN,F,NS,00,33,37,183.07,392,217.44,214.97,4.535210,0.550480,500.00,cifi0007.DBF
BLFN,10BLFN,F,NS,00,33,38,192.69,399,227.08,224.53,4.535210,0.550480,500.00,cifi0007.DBF
BLFN,10BLFN,F,NS,00,33,39,202.51,405,236.85,234.24,4.535210,0.550480,500.00,cifi0007.DBF
BLFN,10BLFN,F,NS,00,33,40,212.52,411,246.74,244.06,4.535210,0.550480,500.00,cifi0007.DBF
BLFN,10BLFN,F,NS,00,33,41,222.68,417,256.71,253.99,4.535210,0.550480,500.00,cifi0007.DBF
BLFN,10BLFN,F,NS,00,33,42,232.98,423,266.74,263.99,4.535210,0.550480,500.00,cifi0007.DBF
BLFN,10BLFN,F,NS,00,33,43,243.38,428,276.82,274.05,4.535210,0.550480,500.00,cifi0007.DBF
BLFN,10BLFN,F,NS,00,33,44,253.87,433,286.91,284.13,4.535210,0.550480,500.00,cifi0007.DBF
BLFN,10BLFN,F,NS,00,33,45,264.41,438,297.00,294.22,4.535210,0.550480,500.00,cifi0007.DBF
BLFN,10BLFN,F,NS,00,33,46,274.95,443,307.02,304.28,4.535210,0.550480,500.00,cifi0007.DBF
BLFN,10BLFN,F,NS,00,33,47,285.42,447,316.92,314.24,4.535210,0.550480,500.00,cifi0007.DBF
BLFN,10BLFN,F,NS,00,33,48,295.75,451,326.64,324.05,4.535210,0.550480,500.00,cifi0007.DBF
BLFN,10BLFN,F,NS,00,33,49,305.97,454,336.20,333.69,4.535210,0.550480,500.00,cifi0007.DBF
BLFN,10BLFN,F,NS,00,33,50,316.13,458,345.65,343.19,4.535210,0.550480,500.00,cifi0007.DBF
BLFN,10BLFN,F,NS,00,33,51,326.19,461,354.96,352.57,4.535210,0.550480,500.00,cifi0007.DBF
BLFN,10BLFN,F,NS,00,33,52,335.90,464,363.90,361.70,4.535210,0.550480,500.00,cifi0007.DBF
BLFN,10BLFN,F,NS,00,33,53,345.19,467,372.42,370.43,4.535210,0.550480,500.00,cifi0007.DBF
BLFN,10BLFN,F,NS,00,33,54,354.19,470,380.64,378.80,4.535210,0.550480,500.00,cifi0007.DBF
BLFN,10BLFN,F,NS,00,33,55,362.84,472,388.50,386.84,4.535210,0.550480,500.00,cifi0007.DBF
BLFN,10BLFN,F,NS,00,33,56,371.08,474,395.96,394.50,4.535210,0.550480,500.00,cifi0007.DBF
BLFN,10BLFN,F,NS,00,33,57,378.88,476,403.01,401.75,4.535210,0.550480,500.00,cifi0007.DBF
BLFN,10BLFN,F,NS,00,33,58,386.27,478,409.65,408.60,4.535210,0.550480,500.00,cifi0007.DBF
BLFN,10BLFN,F,NS,00,33,59,393.25,480,415.91,415.05,4.535210,0.550480,500.00,cifi0007.DBF
BLFN,10BLFN,F,NS,00,33,60,399.85,481,421.80,421.12,4.535210,0.550480,500.00,cifi0007.DBF
BLFN,10BLFN,F,NS,00,33,61,406.12,483,427.39,426.86,4.535210,0.550480,500.00,cifi0007.DBF
BLFN,10BLFN,F,NS,00,33,62,412.18,484,432.76,432.35,4.535210,0.550480,500.00,cifi0007.DBF
BLFN,10BLFN,F,NS,00,33,63,417.94,485,437.86,437.58,4.535210,0.550480,500.00,cifi0007.DBF
BLFN,10BLFN,F,NS,00,33,64,423.28,486,442.56,442.48,4.535210,0.550480,500.00,cifi0007.DBF
BLFN,10BLFN,F,NS,00,33,65,428.14,487,446.84,446.97,4.535210,0.550480,500.00,cifi0007.DBF
BLFN,10BLFN,F,NS,00,33,66,432.47,488,450.64,451.01,4.535210,0.550480,500.00,cifi0007.DBF
BLFN,10BLFN,F,NS,00,33,67,436.18,489,453.89,454.53,4.535210,0.550480,500.00,cifi0007.DBF
BLFN,10BLFN,F,NS,00,33,68,439.36,490,456.67,457.55,4.535210,0.550480,500.00,cifi0007.DBF
BLFN,10BLFN,F,NS,00,33,69,442.19,490,459.14,460.17,4.535210,0.550480,500.00,cifi0007.DBF
BLFN,10BLFN,F,NS,00,33,70,444.72,491,461.35,462.52,4.535210,0.550480,500.00,cifi0007.DBF
BLFN,10BLFN,F,NS,00,33,71,447.00,491,463.33,464.61,4.535210,0.550480,500.00,cifi0007.DBF
BLFN,10BLFN,F,NS,00,33,72,449.09,492,465.16,466.52,4.535210,0.550480,500.00,cifi0007.DBF
BLFN,10BLFN,F,NS,00,33,73,451.18,492,466.97,468.34,4.535210,0.550480,500.00,cifi0007.DBF
BLFN,10BLFN,F,NS,00,33,74,453.32,492,468.83,470.17,4.535210,0.550480,500.00,cifi0007.DBF
BLFN,10BLFN,F,NS,00,33,75,455.38,493,470.62,471.99,4.535210,0.550480,500.00,cifi0007.DBF
BLFN,10BLFN,F,NS,00,33,76,457.35,493,472.33,473.74,4.535210,0.550480,500.00,cifi0007.DBF
BLFN,10BLFN,F,NS,00,33,77,459.25,493,473.97,475.42,4.535210,0.550480,500.00,cifi0007.DBF
BLFN,10BLFN,F,NS,00,33,78,461.08,494,475.55,477.03,4.535210,0.550480,500.00,cifi0007.DBF
BLFN,10BLFN,F,NS,00,33,79,462.83,494,477.06,478.57,4.535210,0.550480,500.00,cifi0007.DBF
BLFN,10BLFN,F,NS,00,33,80,464.50,494,478.50,480.05,4.535210,0.550480,500.00,cifi0007.DBF
BLFN,10BLFN,F,NS,00,33,81,466.11,495,479.88,481.46,4.535210,0.550480,500.00,cifi0007.DBF
BLFN,10BLFN,F,NS,00,33,82,467.65,495,481.21,482.81,4.535210,0.550480,500.00,cifi0007.DBF
BLFN,10BLFN,F,NS,00,33,83,469.12,495,482.47,484.11,4.535210,0.550480,500.00,cifi0007.DBF
BLFN,10BLFN,F,NS,00,33,84,470.54,496,483.68,485.34,4.535210,0.550480,500.00,cifi0007.DBF
BLFN,10BLFN,F,NS,00,33,85,471.98,496,484.88,486.55,4.535210,0.550480,500.00,cifi0007.DBF
BLFN,10BLFN,F,NS,00,33,86,474.36,496,486.55,487.98,4.535210,0.550480,500.00,cifi0007.DBF
BLFN,10BLFN,F,NS,00,33,87,500.00,500,500.00,495.54,15.619960,0.550480,500.00,cifi0007.DBF
BLFN,10BLFN,F,NS,00,34,1,0.00,0,0.00,0.32,0.638950,0.638950,1000.00,cifi0007.DBF
BLFN,10BLFN,F,NS,00,34,2,0.00,0,4.12,4.41,4.703750,0.638950,1000.00,cifi0007.DBF
BLFN,10BLFN,F,NS,00,34,3,0.00,0,8.28,8.55,4.703750,0.638950,1000.00,cifi0007.DBF
BLFN,10BLFN,F,NS,00,34,4,0.00,0,12.52,12.75,4.703750,0.638950,1000.00,cifi0007.DBF
BLFN,10BLFN,F,NS,00,34,5,1.89,22,16.83,17.03,4.703750,0.638950,1000.00,cifi0007.DBF
BLFN,10BLFN,F,NS,00,34,6,5.43,61,21.27,21.41,4.703750,0.638950,1000.00,cifi0007.DBF
BLFN,10BLFN,F,NS,00,34,7,9.11,99,25.87,25.92,4.703750,0.638950,1000.00,cifi0007.DBF
BLFN,10BLFN,F,NS,00,34,8,12.96,136,30.61,30.59,4.703750,0.638950,1000.00,cifi0007.DBF
BLFN,10BLFN,F,NS,00,34,9,16.98,172,35.53,35.43,4.703750,0.638950,1000.00,cifi0007.DBF
BLFN,10BLFN,F,NS,00,34,10,21.19,207,40.63,40.43,4.703750,0.638950,1000.00,cifi0007.DBF
BLFN,10BLFN,F,NS,00,34,11,25.58,241,45.90,45.62,4.703750,0.638950,1000.00,cifi0007.DBF
BLFN,10BLFN,F,NS,00,34,12,30.16,274,51.34,50.97,4.703750,0.638950,1000.00,cifi0007.DBF
BLFN,10BLFN,F,NS,00,34,13,34.91,306,56.94,56.49,4.703750,0.638950,1000.00,cifi0007.DBF
BLFN,10BLFN,F,NS,00,34,14,39.81,337,62.68,62.16,4.703750,0.638950,1000.00,cifi0007.DBF
BLFN,10BLFN,F,NS,00,34,15,44.88,366,68.57,67.98,4.703750,0.638950,1000.00,cifi0007.DBF
BLFN,10BLFN,F,NS,00,34,16,50.10,395,74.58,73.93,4.703750,0.638950,1000.00,cifi0007.DBF
BLFN,10BLFN,F,NS,00,34,17,55.45,422,80.70,80.00,4.703750,0.638950,1000.00,cifi0007.DBF
BLFN,10BLFN,F,NS,00,34,18,60.91,448,86.91,86.16,4.703750,0.638950,1000.00,cifi0007.DBF
BLFN,10BLFN,F,NS,00,34,19,66.45,473,93.17,92.39,4.703750,0.638950,1000.00,cifi0007.DBF
BLFN,10BLFN,F,NS,00,34,20,72.04,496,99.47,98.67,4.703750,0.638950,1000.00,cifi0007.DBF
BLFN,10BLFN,F,NS,00,34,21,77.68,519,105.78,104.97,4.703750,0.638950,1000.00,cifi0007.DBF
BLFN,10BLFN,F,NS,00,34,22,83.38,540,112.11,111.29,4.703750,0.638950,1000.00,cifi0007.DBF
BLFN,10BLFN,F,NS,00,34,23,89.13,560,118.47,117.64,4.703750,0.638950,1000.00,cifi0007.DBF
BLFN,10BLFN,F,NS,00,34,24,94.96,580,124.88,124.03,4.703750,0.638950,1000.00,cifi0007.DBF
BLFN,10BLFN,F,NS,00,34,25,100.86,598,131.32,130.46,4.703750,0.638950,1000.00,cifi0007.DBF
BLFN,10BLFN,F,NS,00,34,26,106.81,616,137.79,136.91,4.703750,0.638950,1000.00,cifi0007.DBF
BLFN,10BLFN,F,NS,00,34,27,112.80,633,144.25,143.37,4.703750,0.638950,1000.00,cifi0007.DBF
BLFN,10BLFN,F,NS,00,34,28,118.77,650,150.66,149.80,4.703750,0.638950,1000.00,cifi0007.DBF
BLFN,10BLFN,F,NS,00,34,29,124.69,665,156.98,156.17,4.703750,0.638950,1000.00,cifi0007.DBF
BLFN,10BLFN,F,NS,00,34,30,130.51,680,163.16,162.42,4.703750,0.638950,1000.00,cifi0007.DBF
BLFN,10BLFN,F,NS,00,34,31,136.20,347,169.19,168.53,4.703750,0.638950,1000.00,cifi0007.DBF
BLFN,10BLFN,F,NS,00,34,32,144.70,356,178.02,175.96,4.703750,0.638950,500.00,cifi0007.DBF
BLFN,10BLFN,F,NS,00,34,33,153.43,364,187.04,184.89,4.703750,0.638950,500.00,cifi0007.DBF
BLFN,10BLFN,F,NS,00,34,34,162.41,373,196.25,194.00,4.703750,0.638950,500.00,cifi0007.DBF
BLFN,10BLFN,F,NS,00,34,35,171.63,380,205.63,203.29,4.703750,0.638950,500.00,cifi0007.DBF
BLFN,10BLFN,F,NS,00,34,36,181.09,388,215.19,212.76,4.703750,0.638950,500.00,cifi0007.DBF
BLFN,10BLFN,F,NS,00,34,37,190.77,395,224.90,222.39,4.703750,0.638950,500.00,cifi0007.DBF
BLFN,10BLFN,F,NS,00,34,38,200.66,401,234.75,232.17,4.703750,0.638950,500.00,cifi0007.DBF
BLFN,10BLFN,F,NS,00,34,39,210.72,408,244.70,242.08,4.703750,0.638950,500.00,cifi0007.DBF
BLFN,10BLFN,F,NS,00,34,40,220.95,414,254.75,252.08,4.703750,0.638950,500.00,cifi0007.DBF
BLFN,10BLFN,F,NS,00,34,41,231.31,420,264.86,262.16,4.703750,0.638950,500.00,cifi0007.DBF
BLFN,10BLFN,F,NS,00,34,42,241.78,425,275.02,272.29,4.703750,0.638950,500.00,cifi0007.DBF
BLFN,10BLFN,F,NS,00,34,43,252.33,431,285.19,282.46,4.703750,0.638950,500.00,cifi0007.DBF
BLFN,10BLFN,F,NS,00,34,44,262.94,436,295.35,292.63,4.703750,0.638950,500.00,cifi0007.DBF
BLFN,10BLFN,F,NS,00,34,45,273.55,440,305.46,302.76,4.703750,0.638950,500.00,cifi0007.DBF
BLFN,10BLFN,F,NS,00,34,46,284.08,445,315.43,312.80,4.703750,0.638950,500.00,cifi0007.DBF
BLFN,10BLFN,F,NS,00,34,47,294.48,449,325.23,322.68,4.703750,0.638950,500.00,cifi0007.DBF
BLFN,10BLFN,F,NS,00,34,48,304.76,453,334.86,332.39,4.703750,0.638950,500.00,cifi0007.DBF
BLFN,10BLFN,F,NS,00,34,49,314.98,456,344.38,341.97,4.703750,0.638950,500.00,cifi0007.DBF
BLFN,10BLFN,F,NS,00,34,50,325.11,460,353.77,351.43,4.703750,0.638950,500.00,cifi0007.DBF
BLFN,10BLFN,F,NS,00,34,51,334.88,463,362.78,360.62,4.703750,0.638950,500.00,cifi0007.DBF
BLFN,10BLFN,F,NS,00,34,52,344.23,466,371.37,369.42,4.703750,0.638950,500.00,cifi0007.DBF
BLFN,10BLFN,F,NS,00,34,53,353.28,468,379.65,377.86,4.703750,0.638950,500.00,cifi0007.DBF
BLFN,10BLFN,F,NS,00,34,54,361.98,471,387.57,385.96,4.703750,0.638950,500.00,cifi0007.DBF
BLFN,10BLFN,F,NS,00,34,55,370.27,473,395.09,393.68,4.703750,0.638950,500.00,cifi0007.DBF
BLFN,10BLFN,F,NS,00,34,56,378.13,475,402.19,400.99,4.703750,0.638950,500.00,cifi0007.DBF
BLFN,10BLFN,F,NS,00,34,57,385.56,477,408.88,407.89,4.703750,0.638950,500.00,cifi0007.DBF
BLFN,10BLFN,F,NS,00,34,58,392.59,479,415.19,414.39,4.703750,0.638950,500.00,cifi0007.DBF
BLFN,10BLFN,F,NS,00,34,59,399.22,480,421.13,420.51,4.703750,0.638950,500.00,cifi0007.DBF
BLFN,10BLFN,F,NS,00,34,60,405.54,482,426.76,426.30,4.703750,0.638950,500.00,cifi0007.DBF
BLFN,10BLFN,F,NS,00,34,61,411.63,483,432.18,431.82,4.703750,0.638950,500.00,cifi0007.DBF
BLFN,10BLFN,F,NS,00,34,62,417.43,485,437.31,437.09,4.703750,0.638950,500.00,cifi0007.DBF
BLFN,10BLFN,F,NS,00,34,63,422.80,486,442.05,442.03,4.703750,0.638950,500.00,cifi0007.DBF
BLFN,10BLFN,F,NS,00,34,64,427.69,487,446.36,446.56,4.703750,0.638950,500.00,cifi0007.DBF
BLFN,10BLFN,F,NS,00,34,65,432.05,488,450.19,450.63,4.703750,0.638950,500.00,cifi0007.DBF
BLFN,10BLFN,F,NS,00,34,66,435.79,489,453.47,454.18,4.703750,0.638950,500.00,cifi0007.DBF
BLFN,10BLFN,F,NS,00,34,67,438.98,489,456.26,457.22,4.703750,0.638950,500.00,cifi0007.DBF
BLFN,10BLFN,F,NS,00,34,68,441.83,490,458.76,459.86,4.703750,0.638950,500.00,cifi0007.DBF
BLFN,10BLFN,F,NS,00,34,69,444.38,490,460.98,462.22,4.703750,0.638950,500.00,cifi0007.DBF
BLFN,10BLFN,F,NS,00,34,70,446.67,491,462.98,464.34,4.703750,0.638950,500.00,cifi0007.DBF
BLFN,10BLFN,F,NS,00,34,71,448.78,491,464.82,466.25,4.703750,0.638950,500.00,cifi0007.DBF
BLFN,10BLFN,F,NS,00,34,72,450.87,492,466.65,468.09,4.703750,0.638950,500.00,cifi0007.DBF
BLFN,10BLFN,F,NS,00,34,73,453.03,492,468.52,469.94,4.703750,0.638950,500.00,cifi0007.DBF
BLFN,10BLFN,F,NS,00,34,74,455.10,492,470.32,471.77,4.703750,0.638950,500.00,cifi0007.DBF
BLFN,10BLFN,F,NS,00,34,75,457.09,493,472.05,473.54,4.703750,0.638950,500.00,cifi0007.DBF
BLFN,10BLFN,F,NS,00,34,76,459.00,493,473.70,475.23,4.703750,0.638950,500.00,cifi0007.DBF
BLFN,10BLFN,F,NS,00,34,77,460.83,494,475.29,476.85,4.703750,0.638950,500.00,cifi0007.DBF
BLFN,10BLFN,F,NS,00,34,78,462.60,494,476.81,478.40,4.703750,0.638950,500.00,cifi0007.DBF
BLFN,10BLFN,F,NS,00,34,79,464.28,494,478.27,479.89,4.703750,0.638950,500.00,cifi0007.DBF
BLFN,10BLFN,F,NS,00,34,80,465.90,495,479.66,481.32,4.703750,0.638950,500.00,cifi0007.DBF
BLFN,10BLFN,F,NS,00,34,81,467.45,495,480.99,482.68,4.703750,0.638950,500.00,cifi0007.DBF
BLFN,10BLFN,F,NS,00,34,82,468.93,495,482.27,483.98,4.703750,0.638950,500.00,cifi0007.DBF
BLFN,10BLFN,F,NS,00,34,83,470.35,495,483.49,485.23,4.703750,0.638950,500.00,cifi0007.DBF
BLFN,10BLFN,F,NS,00,34,84,471.80,496,484.70,486.45,4.703750,0.638950,500.00,cifi0007.DBF
BLFN,10BLFN,F,NS,00,34,85,474.20,496,486.38,487.89,4.703750,0.638950,500.00,cifi0007.DBF
BLFN,10BLFN,F,NS,00,34,86,500.00,500,500.00,495.54,15.619960,0.638950,500.00,cifi0007.DBF
BLFN,10BLFN,F,NS,00,35,1,0.00,0,0.00,0.36,0.727420,0.727420,1000.00,cifi0007.DBF
BLFN,10BLFN,F,NS,00,35,2,0.00,0,4.20,4.54,4.877080,0.727420,1000.00,cifi0007.DBF
BLFN,10BLFN,F,NS,00,35,3,0.00,0,8.46,8.77,4.877080,0.727420,1000.00,cifi0007.DBF
BLFN,10BLFN,F,NS,00,35,4,0.00,0,12.81,13.08,4.877080,0.727420,1000.00,cifi0007.DBF
BLFN,10BLFN,F,NS,00,35,5,2.18,25,17.29,17.49,4.877080,0.727420,1000.00,cifi0007.DBF
BLFN,10BLFN,F,NS,00,35,6,5.89,64,21.92,22.04,4.877080,0.727420,1000.00,cifi0007.DBF
BLFN,10BLFN,F,NS,00,35,7,9.76,102,26.70,26.75,4.877080,0.727420,1000.00,cifi0007.DBF
BLFN,10BLFN,F,NS,00,35,8,13.81,140,31.66,31.62,4.877080,0.727420,1000.00,cifi0007.DBF
BLFN,10BLFN,F,NS,00,35,9,18.04,176,36.79,36.66,4.877080,0.727420,1000.00,cifi0007.DBF
BLFN,10BLFN,F,NS,00,35,10,22.46,211,42.11,41.89,4.877080,0.727420,1000.00,cifi0007.DBF
BLFN,10BLFN,F,NS,00,35,11,27.07,246,47.59,47.29,4.877080,0.727420,1000.00,cifi0007.DBF
BLFN,10BLFN,F,NS,00,35,12,31.84,279,53.23,52.85,4.877080,0.727420,1000.00,cifi0007.DBF
BLFN,10BLFN,F,NS,00,35,13,36.79,311,59.02,58.57,4.877080,0.727420,1000.00,cifi0007.DBF
BLFN,10BLFN,F,NS,00,35,14,41.89,342,64.95,64.43,4.877080,0.727420,1000.00,cifi0007.DBF
BLFN,10BLFN,F,NS,00,35,15,47.14,372,71.02,70.42,4.877080,0.727420,1000.00,cifi0007.DBF
BLFN,10BLFN,F,NS,00,35,16,52.52,400,77.19,76.54,4.877080,0.727420,1000.00,cifi0007.DBF
BLFN,10BLFN,F,NS,00,35,17,58.01,427,83.44,82.75,4.877080,0.727420,1000.00,cifi0007.DBF
BLFN,10BLFN,F,NS,00,35,18,63.59,453,89.76,89.04,4.877080,0.727420,1000.00,cifi0007.DBF
BLFN,10BLFN,F,NS,00,35,19,69.22,477,96.11,95.37,4.877080,0.727420,1000.00,cifi0007.DBF
BLFN,10BLFN,F,NS,00,35,20,74.90,500,102.47,101.73,4.877080,0.727420,1000.00,cifi0007.DBF
BLFN,10BLFN,F,NS,00,35,21,80.63,522,108.86,108.10,4.877080,0.727420,1000.00,cifi0007.DBF
BLFN,10BLFN,F,NS,00,35,22,86.43,543,115.28,114.51,4.877080,0.727420,1000.00,cifi0007.DBF
BLFN,10BLFN,F,NS,00,35,23,92.30,563,121.75,120.95,4.877080,0.727420,1000.00,cifi0007.DBF
BLFN,10BLFN,F,NS,00,35,24,98.24,583,128.25,127.44,4.877080,0.727420,1000.00,cifi0007.DBF
BLFN,10BLFN,F,NS,00,35,25,104.24,601,134.77,133.95,4.877080,0.727420,1000.00,cifi0007.DBF
BLFN,10BLFN,F,NS,00,35,26,110.27,619,141.30,140.47,4.877080,0.727420,1000.00,cifi0007.DBF
BLFN,10BLFN,F,NS,00,35,27,116.29,636,147.77,146.97,4.877080,0.727420,1000.00,cifi0007.DBF
BLFN,10BLFN,F,NS,00,35,28,122.26,652,154.15,153.40,4.877080,0.727420,1000.00,cifi0007.DBF
BLFN,10BLFN,F,NS,00,35,29,128.14,668,160.41,159.72,4.877080,0.727420,1000.00,cifi0007.DBF
BLFN,10BLFN,F,NS,00,35,30,133.88,341,166.50,165.89,4.877080,0.727420,1000.00,cifi0007.DBF
BLFN,10BLFN,F,NS,00,35,31,142.43,350,175.41,173.39,4.877080,0.727420,500.00,cifi0007.DBF
BLFN,10BLFN,F,NS,00,35,32,151.22,359,184.50,182.39,4.877080,0.727420,500.00,cifi0007.DBF
BLFN,10BLFN,F,NS,00,35,33,160.25,368,193.77,191.57,4.877080,0.727420,500.00,cifi0007.DBF
BLFN,10BLFN,F,NS,00,35,34,169.54,376,203.23,200.94,4.877080,0.727420,500.00,cifi0007.DBF
BLFN,10BLFN,F,NS,00,35,35,179.06,383,212.86,210.49,4.877080,0.727420,500.00,cifi0007.DBF
BLFN,10BLFN,F,NS,00,35,36,188.80,391,222.65,220.20,4.877080,0.727420,500.00,cifi0007.DBF
BLFN,10BLFN,F,NS,00,35,37,198.75,398,232.58,230.05,4.877080,0.727420,500.00,cifi0007.DBF
BLFN,10BLFN,F,NS,00,35,38,208.88,404,242.62,240.04,4.877080,0.727420,500.00,cifi0007.DBF
BLFN,10BLFN,F,NS,00,35,39,219.17,411,252.74,250.12,4.877080,0.727420,500.00,cifi0007.DBF
BLFN,10BLFN,F,NS,00,35,40,229.60,417,262.94,260.28,4.877080,0.727420,500.00,cifi0007.DBF
BLFN,10BLFN,F,NS,00,35,41,240.13,423,273.17,270.49,4.877080,0.727420,500.00,cifi0007.DBF
BLFN,10BLFN,F,NS,00,35,42,250.75,428,283.42,280.74,4.877080,0.727420,500.00,cifi0007.DBF
BLFN,10BLFN,F,NS,00,35,43,261.43,433,293.67,290.98,4.877080,0.727420,500.00,cifi0007.DBF
BLFN,10BLFN,F,NS,00,35,44,272.10,438,303.85,301.20,4.877080,0.727420,500.00,cifi0007.DBF
BLFN,10BLFN,F,NS,00,35,45,282.71,442,313.90,311.31,4.877080,0.727420,500.00,cifi0007.DBF
BLFN,10BLFN,F,NS,00,35,46,293.17,447,323.78,321.28,4.877080,0.727420,500.00,cifi0007.DBF
BLFN,10BLFN,F,NS,00,35,47,303.51,451,333.48,331.07,4.877080,0.727420,500.00,cifi0007.DBF
BLFN,10BLFN,F,NS,00,35,48,313.80,454,343.08,340.72,4.877080,0.727420,500.00,cifi0007.DBF
BLFN,10BLFN,F,NS,00,35,49,323.99,458,352.54,350.25,4.877080,0.727420,500.00,cifi0007.DBF
BLFN,10BLFN,F,NS,00,35,50,333.83,461,361.63,359.52,4.877080,0.727420,500.00,cifi0007.DBF
BLFN,10BLFN,F,NS,00,35,51,343.23,464,370.28,368.39,4.877080,0.727420,500.00,cifi0007.DBF
BLFN,10BLFN,F,NS,00,35,52,352.35,467,378.63,376.89,4.877080,0.727420,500.00,cifi0007.DBF
BLFN,10BLFN,F,NS,00,35,53,361.10,470,386.61,385.06,4.877080,0.727420,500.00,cifi0007.DBF
BLFN,10BLFN,F,NS,00,35,54,369.45,472,394.19,392.84,4.877080,0.727420,500.00,cifi0007.DBF
BLFN,10BLFN,F,NS,00,35,55,377.35,474,401.35,400.21,4.877080,0.727420,500.00,cifi0007.DBF
BLFN,10BLFN,F,NS,00,35,56,384.83,476,408.09,407.16,4.877080,0.727420,500.00,cifi0007.DBF
BLFN,10BLFN,F,NS,00,35,57,391.90,478,414.45,413.71,4.877080,0.727420,500.00,cifi0007.DBF
BLFN,10BLFN,F,NS,00,35,58,398.58,480,420.44,419.88,4.877080,0.727420,500.00,cifi0007.DBF
BLFN,10BLFN,F,NS,00,35,59,404.93,481,426.11,425.71,4.877080,0.727420,500.00,cifi0007.DBF
BLFN,10BLFN,F,NS,00,35,60,411.07,483,431.57,431.28,4.877080,0.727420,500.00,cifi0007.DBF
BLFN,10BLFN,F,NS,00,35,61,416.90,484,436.74,436.60,4.877080,0.727420,500.00,cifi0007.DBF
BLFN,10BLFN,F,NS,00,35,62,422.31,485,441.52,441.57,4.877080,0.727420,500.00,cifi0007.DBF
BLFN,10BLFN,F,NS,00,35,63,427.23,486,445.87,446.13,4.877080,0.727420,500.00,cifi0007.DBF
BLFN,10BLFN,F,NS,00,35,64,431.62,487,449.73,450.23,4.877080,0.727420,500.00,cifi0007.DBF
BLFN,10BLFN,F,NS,00,35,65,435.38,488,453.03,453.82,4.877080,0.727420,500.00,cifi0007.DBF
BLFN,10BLFN,F,NS,00,35,66,438.59,489,455.85,456.88,4.877080,0.727420,500.00,cifi0007.DBF
BLFN,10BLFN,F,NS,00,35,67,441.46,489,458.36,459.55,4.877080,0.727420,500.00,cifi0007.DBF
BLFN,10BLFN,F,NS,00,35,68,444.02,490,460.61,461.92,4.877080,0.727420,500.00,cifi0007.DBF
BLFN,10BLFN,F,NS,00,35,69,446.33,490,462.62,464.05,4.877080,0.727420,500.00,cifi0007.DBF
BLFN,10BLFN,F,NS,00,35,70,448.45,491,464.48,465.99,4.877080,0.727420,500.00,cifi0007.DBF
BLFN,10BLFN,F,NS,00,35,71,450.56,491,466.32,467.84,4.877080,0.727420,500.00,cifi0007.DBF
BLFN,10BLFN,F,NS,00,35,72,452.73,492,468.21,469.70,4.877080,0.727420,500.00,cifi0007.DBF
BLFN,10BLFN,F,NS,00,35,73,454.81,492,470.02,471.55,4.877080,0.727420,500.00,cifi0007.DBF
BLFN,10BLFN,F,NS,00,35,74,456.81,493,471.76,473.33,4.877080,0.727420,500.00,cifi0007.DBF
BLFN,10BLFN,F,NS,00,35,75,458.74,493,473.43,475.03,4.877080,0.727420,500.00,cifi0007.DBF
BLFN,10BLFN,F,NS,00,35,76,460.59,493,475.03,476.67,4.877080,0.727420,500.00,cifi0007.DBF
BLFN,10BLFN,F,NS,00,35,77,462.36,494,476.56,478.23,4.877080,0.727420,500.00,cifi0007.DBF
BLFN,10BLFN,F,NS,00,35,78,464.05,494,478.03,479.73,4.877080,0.727420,500.00,cifi0007.DBF
BLFN,10BLFN,F,NS,00,35,79,465.68,494,479.43,481.17,4.877080,0.727420,500.00,cifi0007.DBF
BLFN,10BLFN,F,NS,00,35,80,467.24,495,480.77,482.54,4.877080,0.727420,500.00,cifi0007.DBF
BLFN,10BLFN,F,NS,00,35,81,468.73,495,482.06,483.85,4.877080,0.727420,500.00,cifi0007.DBF
BLFN,10BLFN,F,NS,00,35,82,470.16,495,483.29,485.11,4.877080,0.727420,500.00,cifi0007.DBF
BLFN,10BLFN,F,NS,00,35,83,471.62,495,484.51,486.34,4.877080,0.727420,500.00,cifi0007.DBF
BLFN,10BLFN,F,NS,00,35,84,474.03,496,486.20,487.80,4.877080,0.727420,500.00,cifi0007.DBF
BLFN,10BLFN,F,NS,00,35,85,500.00,500,500.00,495.54,15.619960,0.727420,500.00,cifi0007.DBF
BLFN,10BLFN,F,NS,00,36,1,0.00,0,0.00,0.41,0.825720,0.825720,1000.00,cifi0007.DBF
BLFN,10BLFN,F,NS,00,36,2,0.00,0,4.30,4.68,5.055060,0.825720,1000.00,cifi0007.DBF
BLFN,10BLFN,F,NS,00,36,3,0.00,0,8.68,9.02,5.055060,0.825720,1000.00,cifi0007.DBF
BLFN,10BLFN,F,NS,00,36,4,0.00,0,13.20,13.47,5.055060,0.825720,1000.00,cifi0007.DBF
BLFN,10BLFN,F,NS,00,36,5,2.58,28,17.86,18.06,5.055060,0.825720,1000.00,cifi0007.DBF
BLFN,10BLFN,F,NS,00,36,6,6.47,68,22.68,22.80,5.055060,0.825720,1000.00,cifi0007.DBF
BLFN,10BLFN,F,NS,00,36,7,10.55,107,27.68,27.71,5.055060,0.825720,1000.00,cifi0007.DBF
BLFN,10BLFN,F,NS,00,36,8,14.81,145,32.86,32.79,5.055060,0.825720,1000.00,cifi0007.DBF
BLFN,10BLFN,F,NS,00,36,9,19.25,181,38.21,38.06,5.055060,0.825720,1000.00,cifi0007.DBF
BLFN,10BLFN,F,NS,00,36,10,23.89,217,43.74,43.50,5.055060,0.825720,1000.00,cifi0007.DBF
BLFN,10BLFN,F,NS,00,36,11,28.70,252,49.43,49.11,5.055060,0.825720,1000.00,cifi0007.DBF
BLFN,10BLFN,F,NS,00,36,12,33.67,285,55.26,54.87,5.055060,0.825720,1000.00,cifi0007.DBF
BLFN,10BLFN,F,NS,00,36,13,38.80,317,61.24,60.78,5.055060,0.825720,1000.00,cifi0007.DBF
BLFN,10BLFN,F,NS,00,36,14,44.09,348,67.35,66.83,5.055060,0.825720,1000.00,cifi0007.DBF
BLFN,10BLFN,F,NS,00,36,15,49.50,377,73.57,72.99,5.055060,0.825720,1000.00,cifi0007.DBF
BLFN,10BLFN,F,NS,00,36,16,55.03,405,79.88,79.26,5.055060,0.825720,1000.00,cifi0007.DBF
BLFN,10BLFN,F,NS,00,36,17,60.65,432,86.25,85.59,5.055060,0.825720,1000.00,cifi0007.DBF
BLFN,10BLFN,F,NS,00,36,18,66.32,457,92.65,91.98,5.055060,0.825720,1000.00,cifi0007.DBF
BLFN,10BLFN,F,NS,00,36,19,72.04,481,99.07,98.39,5.055060,0.825720,1000.00,cifi0007.DBF
BLFN,10BLFN,F,NS,00,36,20,77.81,504,105.52,104.82,5.055060,0.825720,1000.00,cifi0007.DBF
BLFN,10BLFN,F,NS,00,36,21,83.65,526,112.00,111.29,5.055060,0.825720,1000.00,cifi0007.DBF
BLFN,10BLFN,F,NS,00,36,22,89.57,547,118.53,117.79,5.055060,0.825720,1000.00,cifi0007.DBF
BLFN,10BLFN,F,NS,00,36,23,95.55,567,125.09,124.33,5.055060,0.825720,1000.00,cifi0007.DBF
BLFN,10BLFN,F,NS,00,36,24,101.60,586,131.68,130.91,5.055060,0.825720,1000.00,cifi0007.DBF
BLFN,10BLFN,F,NS,00,36,25,107.68,605,138.26,137.50,5.055060,0.825720,1000.00,cifi0007.DBF
BLFN,10BLFN,F,NS,00,36,26,113.75,622,144.80,144.06,5.055060,0.825720,1000.00,cifi0007.DBF
BLFN,10BLFN,F,NS,00,36,27,119.77,639,151.26,150.56,5.055060,0.825720,1000.00,cifi0007.DBF
BLFN,10BLFN,F,NS,00,36,28,125.69,655,157.58,156.94,5.055060,0.825720,1000.00,cifi0007.DBF
BLFN,10BLFN,F,NS,00,36,29,131.50,335,163.74,163.19,5.055060,0.825720,1000.00,cifi0007.DBF
BLFN,10BLFN,F,NS,00,36,30,140.10,345,172.72,170.76,5.055060,0.825720,500.00,cifi0007.DBF
BLFN,10BLFN,F,NS,00,36,31,148.95,354,181.88,179.83,5.055060,0.825720,500.00,cifi0007.DBF
BLFN,10BLFN,F,NS,00,36,32,158.04,363,191.23,189.09,5.055060,0.825720,500.00,cifi0007.DBF
BLFN,10BLFN,F,NS,00,36,33,167.38,371,200.77,198.53,5.055060,0.825720,500.00,cifi0007.DBF
BLFN,10BLFN,F,NS,00,36,34,176.96,379,210.48,208.15,5.055060,0.825720,500.00,cifi0007.DBF
BLFN,10BLFN,F,NS,00,36,35,186.77,386,220.35,217.94,5.055060,0.825720,500.00,cifi0007.DBF
BLFN,10BLFN,F,NS,00,36,36,196.79,394,230.35,227.88,5.055060,0.825720,500.00,cifi0007.DBF
BLFN,10BLFN,F,NS,00,36,37,206.98,401,240.47,237.94,5.055060,0.825720,500.00,cifi0007.DBF
BLFN,10BLFN,F,NS,00,36,38,217.34,407,250.68,248.10,5.055060,0.825720,500.00,cifi0007.DBF
BLFN,10BLFN,F,NS,00,36,39,227.83,414,260.95,258.34,5.055060,0.825720,500.00,cifi0007.DBF
BLFN,10BLFN,F,NS,00,36,40,238.44,420,271.27,268.64,5.055060,0.825720,500.00,cifi0007.DBF
BLFN,10BLFN,F,NS,00,36,41,249.13,425,281.61,278.97,5.055060,0.825720,500.00,cifi0007.DBF
BLFN,10BLFN,F,NS,00,36,42,259.87,431,291.93,289.30,5.055060,0.825720,500.00,cifi0007.DBF
BLFN,10BLFN,F,NS,00,36,43,270.62,436,302.20,299.59,5.055060,0.825720,500.00,cifi0007.DBF
BLFN,10BLFN,F,NS,00,36,44,281.29,440,312.33,309.79,5.055060,0.825720,500.00,cifi0007.DBF
BLFN,10BLFN,F,NS,00,36,45,291.82,445,322.28,319.84,5.055060,0.825720,500.00,cifi0007.DBF
BLFN,10BLFN,F,NS,00,36,46,302.23,449,332.07,329.71,5.055060,0.825720,500.00,cifi0007.DBF
BLFN,10BLFN,F,NS,00,36,47,312.59,453,341.75,339.44,5.055060,0.825720,500.00,cifi0007.DBF
BLFN,10BLFN,F,NS,00,36,48,322.84,456,351.28,349.04,5.055060,0.825720,500.00,cifi0007.DBF
BLFN,10BLFN,F,NS,00,36,49,332.74,460,360.44,358.39,5.055060,0.825720,500.00,cifi0007.DBF
BLFN,10BLFN,F,NS,00,36,50,342.21,463,369.16,367.33,5.055060,0.825720,500.00,cifi0007.DBF
BLFN,10BLFN,F,NS,00,36,51,351.38,466,377.58,375.90,5.055060,0.825720,500.00,cifi0007.DBF
BLFN,10BLFN,F,NS,00,36,52,360.20,469,385.63,384.13,5.055060,0.825720,500.00,cifi0007.DBF
BLFN,10BLFN,F,NS,00,36,53,368.59,471,393.27,391.98,5.055060,0.825720,500.00,cifi0007.DBF
BLFN,10BLFN,F,NS,00,36,54,376.55,473,400.48,399.40,5.055060,0.825720,500.00,cifi0007.DBF
BLFN,10BLFN,F,NS,00,36,55,384.08,475,407.28,406.41,5.055060,0.825720,500.00,cifi0007.DBF
BLFN,10BLFN,F,NS,00,36,56,391.20,477,413.69,413.01,5.055060,0.825720,500.00,cifi0007.DBF
BLFN,10BLFN,F,NS,00,36,57,397.92,479,419.72,419.24,5.055060,0.825720,500.00,cifi0007.DBF
BLFN,10BLFN,F,NS,00,36,58,404.31,480,425.45,425.11,5.055060,0.825720,500.00,cifi0007.DBF
BLFN,10BLFN,F,NS,00,36,59,410.49,482,430.95,430.72,5.055060,0.825720,500.00,cifi0007.DBF
BLFN,10BLFN,F,NS,00,36,60,416.36,483,436.16,436.08,5.055060,0.825720,500.00,cifi0007.DBF
BLFN,10BLFN,F,NS,00,36,61,421.80,485,440.98,441.10,5.055060,0.825720,500.00,cifi0007.DBF
BLFN,10BLFN,F,NS,00,36,62,426.76,486,445.36,445.70,5.055060,0.825720,500.00,cifi0007.DBF
BLFN,10BLFN,F,NS,00,36,63,431.17,487,449.25,449.83,5.055060,0.825720,500.00,cifi0007.DBF
BLFN,10BLFN,F,NS,00,36,64,434.96,488,452.58,453.44,5.055060,0.825720,500.00,cifi0007.DBF
BLFN,10BLFN,F,NS,00,36,65,438.19,488,455.42,456.53,5.055060,0.825720,500.00,cifi0007.DBF
BLFN,10BLFN,F,NS,00,36,66,441.08,489,457.96,459.22,5.055060,0.825720,500.00,cifi0007.DBF
BLFN,10BLFN,F,NS,00,36,67,443.66,490,460.22,461.62,5.055060,0.825720,500.00,cifi0007.DBF
BLFN,10BLFN,F,NS,00,36,68,445.98,490,462.25,463.76,5.055060,0.825720,500.00,cifi0007.DBF
BLFN,10BLFN,F,NS,00,36,69,448.11,491,464.12,465.71,5.055060,0.825720,500.00,cifi0007.DBF
BLFN,10BLFN,F,NS,00,36,70,450.24,491,465.98,467.58,5.055060,0.825720,500.00,cifi0007.DBF
BLFN,10BLFN,F,NS,00,36,71,452.42,491,467.88,469.45,5.055060,0.825720,500.00,cifi0007.DBF
BLFN,10BLFN,F,NS,00,36,72,454.52,492,469.71,471.32,5.055060,0.825720,500.00,cifi0007.DBF
BLFN,10BLFN,F,NS,00,36,73,456.53,492,471.46,473.11,5.055060,0.825720,500.00,cifi0007.DBF
BLFN,10BLFN,F,NS,00,36,74,458.47,493,473.14,474.83,5.055060,0.825720,500.00,cifi0007.DBF
BLFN,10BLFN,F,NS,00,36,75,460.33,493,474.76,476.48,5.055060,0.825720,500.00,cifi0007.DBF
BLFN,10BLFN,F,NS,00,36,76,462.11,493,476.30,478.06,5.055060,0.825720,500.00,cifi0007.DBF
BLFN,10BLFN,F,NS,00,36,77,463.82,494,477.78,479.57,5.055060,0.825720,500.00,cifi0007.DBF
BLFN,10BLFN,F,NS,00,36,78,465.46,494,479.20,481.01,5.055060,0.825720,500.00,cifi0007.DBF
BLFN,10BLFN,F,NS,00,36,79,467.02,494,480.55,482.40,5.055060,0.825720,500.00,cifi0007.DBF
BLFN,10BLFN,F,NS,00,36,80,468.53,495,481.84,483.72,5.055060,0.825720,500.00,cifi0007.DBF
BLFN,10BLFN,F,NS,00,36,81,469.97,495,483.09,484.99,5.055060,0.825720,500.00,cifi0007.DBF
BLFN,10BLFN,F,NS,00,36,82,471.44,495,484.31,486.23,5.055060,0.825720,500.00,cifi0007.DBF
BLFN,10BLFN,F,NS,00,36,83,473.86,496,486.03,487.70,5.055060,0.825720,500.00,cifi0007.DBF
BLFN,10BLFN,F,NS,00,36,84,500.00,500,500.00,495.54,15.619960,0.825720,500.00,cifi0007.DBF
BLFN,10BLFN,F,NS,00,37,1,0.00,0,0.00,0.45,0.904360,0.904360,1000.00,cifi0007.DBF
BLFN,10BLFN,F,NS,00,37,2,0.00,0,4.42,4.83,0.523890,0.904360,1000.00,cifi0007.DBF
BLFN,10BLFN,F,NS,00,37,3,0.00,0,8.97,9.31,0.523890,0.904360,1000.00,cifi0007.DBF
BLFN,10BLFN,F,NS,00,37,4,0.00,0,13.67,13.94,0.523890,0.904360,1000.00,cifi0007.DBF
BLFN,10BLFN,F,NS,00,37,5,3.09,33,18.53,18.72,0.523890,0.904360,1000.00,cifi0007.DBF
BLFN,10BLFN,F,NS,00,37,6,7.19,73,23.57,23.67,0.523890,0.904360,1000.00,cifi0007.DBF
BLFN,10BLFN,F,NS,00,37,7,11.48,112,28.79,28.80,0.523890,0.904360,1000.00,cifi0007.DBF
BLFN,10BLFN,F,NS,00,37,8,15.96,150,34.19,34.11,0.523890,0.904360,1000.00,cifi0007.DBF
BLFN,10BLFN,F,NS,00,37,9,20.62,187,39.76,39.59,0.523890,0.904360,1000.00,cifi0007.DBF
BLFN,10BLFN,F,NS,00,37,10,25.46,223,45.49,45.25,0.523890,0.904360,1000.00,cifi0007.DBF
BLFN,10BLFN,F,NS,00,37,11,30.47,258,51.38,51.05,0.523890,0.904360,1000.00,cifi0007.DBF
BLFN,10BLFN,F,NS,00,37,12,35.63,291,57.41,57.01,0.523890,0.904360,1000.00,cifi0007.DBF
BLFN,10BLFN,F,NS,00,37,13,40.95,323,63.57,63.11,0.523890,0.904360,1000.00,cifi0007.DBF
BLFN,10BLFN,F,NS,00,37,14,46.41,353,69.84,69.33,0.523890,0.904360,1000.00,cifi0007.DBF
BLFN,10BLFN,F,NS,00,37,15,51.97,382,76.20,75.64,0.523890,0.904360,1000.00,cifi0007.DBF
BLFN,10BLFN,F,NS,00,37,16,57.63,410,82.63,82.04,0.523890,0.904360,1000.00,cifi0007.DBF
BLFN,10BLFN,F,NS,00,37,17,63.34,437,89.09,88.48,0.523890,0.904360,1000.00,cifi0007.DBF
BLFN,10BLFN,F,NS,00,37,18,69.10,461,95.56,94.95,0.523890,0.904360,1000.00,cifi0007.DBF
BLFN,10BLFN,F,NS,00,37,19,74.91,485,102.07,101.44,0.523890,0.904360,1000.00,cifi0007.DBF
BLFN,10BLFN,F,NS,00,37,20,80.80,508,108.61,107.96,0.523890,0.904360,1000.00,cifi0007.DBF
BLFN,10BLFN,F,NS,00,37,21,86.76,530,115.20,114.52,0.523890,0.904360,1000.00,cifi0007.DBF
BLFN,10BLFN,F,NS,00,37,22,92.79,550,121.82,121.13,0.523890,0.904360,1000.00,cifi0007.DBF
BLFN,10BLFN,F,NS,00,37,23,98.88,570,128.48,127.77,0.523890,0.904360,1000.00,cifi0007.DBF
BLFN,10BLFN,F,NS,00,37,24,105.01,590,135.13,134.43,0.523890,0.904360,1000.00,cifi0007.DBF
BLFN,10BLFN,F,NS,00,37,25,111.13,608,141.74,141.06,0.523890,0.904360,1000.00,cifi0007.DBF
BLFN,10BLFN,F,NS,00,37,26,117.21,625,148.26,147.62,0.523890,0.904360,1000.00,cifi0007.DBF
BLFN,10BLFN,F,NS,00,37,27,123.19,642,154.66,154.08,0.523890,0.904360,1000.00,cifi0007.DBF
BLFN,10BLFN,F,NS,00,37,28,129.05,329,160.89,160.39,0.523890,0.904360,1000.00,cifi0007.DBF
BLFN,10BLFN,F,NS,00,37,29,137.71,339,169.95,168.04,0.523890,0.904360,500.00,cifi0007.DBF
BLFN,10BLFN,F,NS,00,37,30,146.61,348,179.18,177.19,0.523890,0.904360,500.00,cifi0007.DBF
BLFN,10BLFN,F,NS,00,37,31,155.76,357,188.61,186.52,0.523890,0.904360,500.00,cifi0007.DBF
BLFN,10BLFN,F,NS,00,37,32,165.17,366,198.23,196.04,0.523890,0.904360,500.00,cifi0007.DBF
BLFN,10BLFN,F,NS,00,37,33,174.81,374,208.02,205.74,0.523890,0.904360,500.00,cifi0007.DBF
BLFN,10BLFN,F,NS,00,37,34,184.69,382,217.97,215.61,0.523890,0.904360,500.00,cifi0007.DBF
BLFN,10BLFN,F,NS,00,37,35,194.77,390,228.05,225.63,0.523890,0.904360,500.00,cifi0007.DBF
BLFN,10BLFN,F,NS,00,37,36,205.03,397,238.26,235.77,0.523890,0.904360,500.00,cifi0007.DBF
BLFN,10BLFN,F,NS,00,37,37,215.46,404,248.55,246.02,0.523890,0.904360,500.00,cifi0007.DBF
BLFN,10BLFN,F,NS,00,37,38,226.02,410,258.91,256.35,0.523890,0.904360,500.00,cifi0007.DBF
BLFN,10BLFN,F,NS,00,37,39,236.70,416,269.31,266.73,0.523890,0.904360,500.00,cifi0007.DBF
BLFN,10BLFN,F,NS,00,37,40,247.46,422,279.73,277.14,0.523890,0.904360,500.00,cifi0007.DBF
BLFN,10BLFN,F,NS,00,37,41,258.27,428,290.14,287.56,0.523890,0.904360,500.00,cifi0007.DBF
BLFN,10BLFN,F,NS,00,37,42,269.09,433,300.49,297.94,0.523890,0.904360,500.00,cifi0007.DBF
BLFN,10BLFN,F,NS,00,37,43,279.83,438,310.71,308.22,0.523890,0.904360,500.00,cifi0007.DBF
BLFN,10BLFN,F,NS,00,37,44,290.44,443,320.75,318.35,0.523890,0.904360,500.00,cifi0007.DBF
BLFN,10BLFN,F,NS,00,37,45,300.92,447,330.61,328.30,0.523890,0.904360,500.00,cifi0007.DBF
BLFN,10BLFN,F,NS,00,37,46,311.34,451,340.37,338.11,0.523890,0.904360,500.00,cifi0007.DBF
BLFN,10BLFN,F,NS,00,37,47,321.67,455,349.98,347.79,0.523890,0.904360,500.00,cifi0007.DBF
BLFN,10BLFN,F,NS,00,37,48,331.63,458,359.22,357.22,0.523890,0.904360,500.00,cifi0007.DBF
BLFN,10BLFN,F,NS,00,37,49,341.16,462,368.01,366.23,0.523890,0.904360,500.00,cifi0007.DBF
BLFN,10BLFN,F,NS,00,37,50,350.39,465,376.49,374.87,0.523890,0.904360,500.00,cifi0007.DBF
BLFN,10BLFN,F,NS,00,37,51,359.27,467,384.61,383.17,0.523890,0.904360,500.00,cifi0007.DBF
BLFN,10BLFN,F,NS,00,37,52,367.72,470,392.31,391.08,0.523890,0.904360,500.00,cifi0007.DBF
BLFN,10BLFN,F,NS,00,37,53,375.73,472,399.59,398.57,0.523890,0.904360,500.00,cifi0007.DBF
BLFN,10BLFN,F,NS,00,37,54,383.31,474,406.44,405.63,0.523890,0.904360,500.00,cifi0007.DBF
BLFN,10BLFN,F,NS,00,37,55,390.47,476,412.91,412.30,0.523890,0.904360,500.00,cifi0007.DBF
BLFN,10BLFN,F,NS,00,37,56,397.24,478,418.99,418.57,0.523890,0.904360,500.00,cifi0007.DBF
BLFN,10BLFN,F,NS,00,37,57,403.68,480,424.76,424.49,0.523890,0.904360,500.00,cifi0007.DBF
BLFN,10BLFN,F,NS,00,37,58,409.89,481,430.31,430.15,0.523890,0.904360,500.00,cifi0007.DBF
BLFN,10BLFN,F,NS,00,37,59,415.80,483,435.57,435.56,0.523890,0.904360,500.00,cifi0007.DBF
BLFN,10BLFN,F,NS,00,37,60,421.28,484,440.42,440.61,0.523890,0.904360,500.00,cifi0007.DBF
BLFN,10BLFN,F,NS,00,37,61,426.27,485,444.84,445.25,0.523890,0.904360,500.00,cifi0007.DBF
BLFN,10BLFN,F,NS,00,37,62,430.71,486,448.76,449.42,0.523890,0.904360,500.00,cifi0007.DBF
BLFN,10BLFN,F,NS,00,37,63,434.52,487,452.12,453.06,0.523890,0.904360,500.00,cifi0007.DBF
BLFN,10BLFN,F,NS,00,37,64,437.78,488,454.98,456.17,0.523890,0.904360,500.00,cifi0007.DBF
BLFN,10BLFN,F,NS,00,37,65,440.69,489,457.54,458.88,0.523890,0.904360,500.00,cifi0007.DBF
BLFN,10BLFN,F,NS,00,37,66,443.28,489,459.82,461.30,0.523890,0.904360,500.00,cifi0007.DBF
BLFN,10BLFN,F,NS,00,37,67,445.62,490,461.86,463.46,0.523890,0.904360,500.00,cifi0007.DBF
BLFN,10BLFN,F,NS,00,37,68,447.77,490,463.75,465.43,0.523890,0.904360,500.00,cifi0007.DBF
BLFN,10BLFN,F,NS,00,37,69,449.91,491,465.62,467.31,0.523890,0.904360,500.00,cifi0007.DBF
BLFN,10BLFN,F,NS,00,37,70,452.10,491,467.54,469.20,0.523890,0.904360,500.00,cifi0007.DBF
BLFN,10BLFN,F,NS,00,37,71,454.21,492,469.38,471.08,0.523890,0.904360,500.00,cifi0007.DBF
BLFN,10BLFN,F,NS,00,37,72,456.24,492,471.15,472.89,0.523890,0.904360,500.00,cifi0007.DBF
BLFN,10BLFN,F,NS,00,37,73,458.19,492,472.85,474.62,0.523890,0.904360,500.00,cifi0007.DBF
BLFN,10BLFN,F,NS,00,37,74,460.06,493,474.47,476.28,0.523890,0.904360,500.00,cifi0007.DBF
BLFN,10BLFN,F,NS,00,37,75,461.86,493,476.03,477.87,0.523890,0.904360,500.00,cifi0007.DBF
BLFN,10BLFN,F,NS,00,37,76,463.58,493,477.52,479.40,0.523890,0.904360,500.00,cifi0007.DBF
BLFN,10BLFN,F,NS,00,37,77,465.23,494,478.95,480.86,0.523890,0.904360,500.00,cifi0007.DBF
BLFN,10BLFN,F,NS,00,37,78,466.80,494,480.32,482.25,0.523890,0.904360,500.00,cifi0007.DBF
BLFN,10BLFN,F,NS,00,37,79,468.32,494,481.62,483.59,0.523890,0.904360,500.00,cifi0007.DBF
BLFN,10BLFN,F,NS,00,37,80,469.77,495,482.87,484.87,0.523890,0.904360,500.00,cifi0007.DBF
BLFN,10BLFN,F,NS,00,37,81,471.25,495,484.11,486.11,0.523890,0.904360,500.00,cifi0007.DBF
BLFN,10BLFN,F,NS,00,37,82,473.69,496,485.84,487.60,0.523890,0.904360,500.00,cifi0007.DBF
BLFN,10BLFN,F,NS,00,37,83,500.00,500,500.00,495.54,15.619960,0.904360,500.00,cifi0007.DBF
BLFN,10BLFN,F,NS,00,38,1,0.00,0,0.00,0.49,0.973160,0.973160,1000.00,cifi0007.DBF
BLFN,10BLFN,F,NS,00,38,2,0.00,0,4.59,5.01,5.429410,0.973160,1000.00,cifi0007.DBF
BLFN,10BLFN,F,NS,00,38,3,0.00,0,9.33,9.67,5.429410,0.973160,1000.00,cifi0007.DBF
BLFN,10BLFN,F,NS,00,38,4,0.00,0,14.23,14.49,5.429410,0.973160,1000.00,cifi0007.DBF
BLFN,10BLFN,F,NS,00,38,5,3.73,38,19.31,19.49,5.429410,0.973160,1000.00,cifi0007.DBF
BLFN,10BLFN,F,NS,00,38,6,8.04,79,24.57,24.66,5.429410,0.973160,1000.00,cifi0007.DBF
BLFN,10BLFN,F,NS,00,38,7,12.55,118,30.02,30.01,5.429410,0.973160,1000.00,cifi0007.DBF
BLFN,10BLFN,F,NS,00,38,8,17.24,157,35.64,35.54,5.429410,0.973160,1000.00,cifi0007.DBF
BLFN,10BLFN,F,NS,00,38,9,22.11,194,41.42,41.24,5.429410,0.973160,1000.00,cifi0007.DBF
BLFN,10BLFN,F,NS,00,38,10,27.15,230,47.35,47.10,5.429410,0.973160,1000.00,cifi0007.DBF
BLFN,10BLFN,F,NS,00,38,11,32.36,264,53.43,53.11,5.429410,0.973160,1000.00,cifi0007.DBF
BLFN,10BLFN,F,NS,00,38,12,37.71,297,59.65,59.26,5.429410,0.973160,1000.00,cifi0007.DBF
BLFN,10BLFN,F,NS,00,38,13,43.20,329,65.98,65.53,5.429410,0.973160,1000.00,cifi0007.DBF
BLFN,10BLFN,F,NS,00,38,14,48.81,359,72.39,71.90,5.429410,0.973160,1000.00,cifi0007.DBF
BLFN,10BLFN,F,NS,00,38,15,54.50,388,78.88,78.35,5.429410,0.973160,1000.00,cifi0007.DBF
BLFN,10BLFN,F,NS,00,38,16,60.25,415,85.39,84.85,5.429410,0.973160,1000.00,cifi0007.DBF
BLFN,10BLFN,F,NS,00,38,17,66.05,441,91.93,91.38,5.429410,0.973160,1000.00,cifi0007.DBF
BLFN,10BLFN,F,NS,00,38,18,71.91,466,98.50,97.93,5.429410,0.973160,1000.00,cifi0007.DBF
BLFN,10BLFN,F,NS,00,38,19,77.84,489,105.10,104.51,5.429410,0.973160,1000.00,cifi0007.DBF
BLFN,10BLFN,F,NS,00,38,20,83.85,512,111.75,111.14,5.429410,0.973160,1000.00,cifi0007.DBF
BLFN,10BLFN,F,NS,00,38,21,89.93,534,118.44,117.81,5.429410,0.973160,1000.00,cifi0007.DBF
BLFN,10BLFN,F,NS,00,38,22,96.07,554,125.16,124.52,5.429410,0.973160,1000.00,cifi0007.DBF
BLFN,10BLFN,F,NS,00,38,23,102.26,574,131.89,131.24,5.429410,0.973160,1000.00,cifi0007.DBF
BLFN,10BLFN,F,NS,00,38,24,108.43,593,138.56,137.94,5.429410,0.973160,1000.00,cifi0007.DBF
BLFN,10BLFN,F,NS,00,38,25,114.56,611,145.16,144.58,5.429410,0.973160,1000.00,cifi0007.DBF
BLFN,10BLFN,F,NS,00,38,26,120.59,628,151.63,151.11,5.429410,0.973160,1000.00,cifi0007.DBF
BLFN,10BLFN,F,NS,00,38,27,126.51,323,157.94,157.50,5.429410,0.973160,1000.00,cifi0007.DBF
BLFN,10BLFN,F,NS,00,38,28,135.23,333,167.07,165.22,5.429410,0.973160,500.00,cifi0007.DBF
BLFN,10BLFN,F,NS,00,38,29,144.20,343,176.39,174.44,5.429410,0.973160,500.00,cifi0007.DBF
BLFN,10BLFN,F,NS,00,38,30,153.41,352,185.90,183.86,5.429410,0.973160,500.00,cifi0007.DBF
BLFN,10BLFN,F,NS,00,38,31,162.88,361,195.59,193.46,5.429410,0.973160,500.00,cifi0007.DBF
BLFN,10BLFN,F,NS,00,38,32,172.59,369,205.46,203.24,5.429410,0.973160,500.00,cifi0007.DBF
BLFN,10BLFN,F,NS,00,38,33,182.53,378,215.50,213.20,5.429410,0.973160,500.00,cifi0007.DBF
BLFN,10BLFN,F,NS,00,38,34,192.68,386,225.67,223.30,5.429410,0.973160,500.00,cifi0007.DBF
BLFN,10BLFN,F,NS,00,38,35,203.02,393,235.96,233.53,5.429410,0.973160,500.00,cifi0007.DBF
BLFN,10BLFN,F,NS,00,38,36,213.51,400,246.34,243.86,5.429410,0.973160,500.00,cifi0007.DBF
BLFN,10BLFN,F,NS,00,38,37,224.15,407,256.79,254.28,5.429410,0.973160,500.00,cifi0007.DBF
BLFN,10BLFN,F,NS,00,38,38,234.90,413,267.28,264.75,5.429410,0.973160,500.00,cifi0007.DBF
BLFN,10BLFN,F,NS,00,38,39,245.73,419,277.79,275.25,5.429410,0.973160,500.00,cifi0007.DBF
BLFN,10BLFN,F,NS,00,38,40,256.62,425,288.29,285.75,5.429410,0.973160,500.00,cifi0007.DBF
BLFN,10BLFN,F,NS,00,38,41,267.51,431,298.72,296.22,5.429410,0.973160,500.00,cifi0007.DBF
BLFN,10BLFN,F,NS,00,38,42,278.33,436,309.03,306.59,5.429410,0.973160,500.00,cifi0007.DBF
BLFN,10BLFN,F,NS,00,38,43,289.00,440,319.15,316.81,5.429410,0.973160,500.00,cifi0007.DBF
BLFN,10BLFN,F,NS,00,38,44,299.56,445,329.10,326.84,5.429410,0.973160,500.00,cifi0007.DBF
BLFN,10BLFN,F,NS,00,38,45,310.05,449,338.94,336.73,5.429410,0.973160,500.00,cifi0007.DBF
BLFN,10BLFN,F,NS,00,38,46,320.45,453,348.63,346.50,5.429410,0.973160,500.00,cifi0007.DBF
BLFN,10BLFN,F,NS,00,38,47,330.48,457,357.95,356.00,5.429410,0.973160,500.00,cifi0007.DBF
BLFN,10BLFN,F,NS,00,38,48,340.07,460,366.82,365.10,5.429410,0.973160,500.00,cifi0007.DBF
BLFN,10BLFN,F,NS,00,38,49,349.37,463,375.37,373.81,5.429410,0.973160,500.00,cifi0007.DBF
BLFN,10BLFN,F,NS,00,38,50,358.31,466,383.56,382.18,5.429410,0.973160,500.00,cifi0007.DBF
BLFN,10BLFN,F,NS,00,38,51,366.82,469,391.33,390.16,5.429410,0.973160,500.00,cifi0007.DBF
BLFN,10BLFN,F,NS,00,38,52,374.88,471,398.66,397.71,5.429410,0.973160,500.00,cifi0007.DBF
BLFN,10BLFN,F,NS,00,38,53,382.51,473,405.58,404.83,5.429410,0.973160,500.00,cifi0007.DBF
BLFN,10BLFN,F,NS,00,38,54,389.72,475,412.09,411.55,5.429410,0.973160,500.00,cifi0007.DBF
BLFN,10BLFN,F,NS,00,38,55,396.54,477,418.23,417.88,5.429410,0.973160,500.00,cifi0007.DBF
BLFN,10BLFN,F,NS,00,38,56,403.02,479,424.05,423.85,5.429410,0.973160,500.00,cifi0007.DBF
BLFN,10BLFN,F,NS,00,38,57,409.27,481,429.64,429.56,5.429410,0.973160,500.00,cifi0007.DBF
BLFN,10BLFN,F,NS,00,38,58,415.23,482,434.94,435.01,5.429410,0.973160,500.00,cifi0007.DBF
BLFN,10BLFN,F,NS,00,38,59,420.74,483,439.84,440.11,5.429410,0.973160,500.00,cifi0007.DBF
BLFN,10BLFN,F,NS,00,38,60,425.76,485,444.30,444.78,5.429410,0.973160,500.00,cifi0007.DBF
BLFN,10BLFN,F,NS,00,38,61,430.24,486,448.25,448.99,5.429410,0.973160,500.00,cifi0007.DBF
BLFN,10BLFN,F,NS,00,38,62,434.07,487,451.64,452.66,5.429410,0.973160,500.00,cifi0007.DBF
BLFN,10BLFN,F,NS,00,38,63,437.35,487,454.53,455.80,5.429410,0.973160,500.00,cifi0007.DBF
BLFN,10BLFN,F,NS,00,38,64,440.28,488,457.11,458.53,5.429410,0.973160,500.00,cifi0007.DBF
BLFN,10BLFN,F,NS,00,38,65,442.90,489,459.40,460.97,5.429410,0.973160,500.00,cifi0007.DBF
BLFN,10BLFN,F,NS,00,38,66,445.24,489,461.47,463.15,5.429410,0.973160,500.00,cifi0007.DBF
BLFN,10BLFN,F,NS,00,38,67,447.41,490,463.37,465.13,5.429410,0.973160,500.00,cifi0007.DBF
BLFN,10BLFN,F,NS,00,38,68,449.56,490,465.26,467.03,5.429410,0.973160,500.00,cifi0007.DBF
BLFN,10BLFN,F,NS,00,38,69,451.78,491,467.19,468.94,5.429410,0.973160,500.00,cifi0007.DBF
BLFN,10BLFN,F,NS,00,38,70,453.90,491,469.05,470.84,5.429410,0.973160,500.00,cifi0007.DBF
BLFN,10BLFN,F,NS,00,38,71,455.94,492,470.83,472.66,5.429410,0.973160,500.00,cifi0007.DBF
BLFN,10BLFN,F,NS,00,38,72,457.91,492,472.54,474.40,5.429410,0.973160,500.00,cifi0007.DBF
BLFN,10BLFN,F,NS,00,38,73,459.79,492,474.18,476.08,5.429410,0.973160,500.00,cifi0007.DBF
BLFN,10BLFN,F,NS,00,38,74,461.60,493,475.76,477.68,5.429410,0.973160,500.00,cifi0007.DBF
BLFN,10BLFN,F,NS,00,38,75,463.33,493,477.26,479.22,5.429410,0.973160,500.00,cifi0007.DBF
BLFN,10BLFN,F,NS,00,38,76,464.99,494,478.70,480.69,5.429410,0.973160,500.00,cifi0007.DBF
BLFN,10BLFN,F,NS,00,38,77,466.58,494,480.08,482.10,5.429410,0.973160,500.00,cifi0007.DBF
BLFN,10BLFN,F,NS,00,38,78,468.10,494,481.39,483.45,5.429410,0.973160,500.00,cifi0007.DBF
BLFN,10BLFN,F,NS,00,38,79,469.56,495,482.65,484.74,5.429410,0.973160,500.00,cifi0007.DBF
BLFN,10BLFN,F,NS,00,38,80,471.05,495,483.91,485.99,5.429410,0.973160,500.00,cifi0007.DBF
BLFN,10BLFN,F,NS,00,38,81,473.51,495,485.65,487.49,5.429410,0.973160,500.00,cifi0007.DBF
BLFN,10BLFN,F,NS,00,38,82,500.00,500,500.00,495.54,15.619960,0.973160,500.00,cifi0007.DBF
BLFN,10BLFN,F,NS,00,39,1,0.00,0,0.00,0.50,1.002650,1.002650,1000.00,cifi0007.DBF
BLFN,10BLFN,F,NS,00,39,2,0.00,0,4.78,5.21,5.628840,1.002650,1000.00,cifi0007.DBF
BLFN,10BLFN,F,NS,00,39,3,0.00,0,9.73,10.07,5.628840,1.002650,1000.00,cifi0007.DBF
BLFN,10BLFN,F,NS,00,39,4,0.12,2,14.85,15.10,5.628840,1.002650,1000.00,cifi0007.DBF
BLFN,10BLFN,F,NS,00,39,5,4.47,44,20.16,20.32,5.628840,1.002650,1000.00,cifi0007.DBF
BLFN,10BLFN,F,NS,00,39,6,9.01,85,25.65,25.72,5.628840,1.002650,1000.00,cifi0007.DBF
BLFN,10BLFN,F,NS,00,39,7,13.73,125,31.32,31.30,5.628840,1.002650,1000.00,cifi0007.DBF
BLFN,10BLFN,F,NS,00,39,8,18.64,164,37.15,37.05,5.628840,1.002650,1000.00,cifi0007.DBF
BLFN,10BLFN,F,NS,00,39,9,23.71,201,43.14,42.96,5.628840,1.002650,1000.00,cifi0007.DBF
BLFN,10BLFN,F,NS,00,39,10,28.95,236,49.27,49.02,5.628840,1.002650,1000.00,cifi0007.DBF
BLFN,10BLFN,F,NS,00,39,11,34.34,271,55.55,55.22,5.628840,1.002650,1000.00,cifi0007.DBF
BLFN,10BLFN,F,NS,00,39,12,39.87,304,61.93,61.55,5.628840,1.002650,1000.00,cifi0007.DBF
BLFN,10BLFN,F,NS,00,39,13,45.52,335,68.41,67.98,5.628840,1.002650,1000.00,cifi0007.DBF
BLFN,10BLFN,F,NS,00,39,14,51.25,365,74.95,74.49,5.628840,1.002650,1000.00,cifi0007.DBF
BLFN,10BLFN,F,NS,00,39,15,57.05,393,81.52,81.05,5.628840,1.002650,1000.00,cifi0007.DBF
BLFN,10BLFN,F,NS,00,39,16,62.89,420,88.12,87.64,5.628840,1.002650,1000.00,cifi0007.DBF
BLFN,10BLFN,F,NS,00,39,17,68.80,446,94.75,94.25,5.628840,1.002650,1000.00,cifi0007.DBF
BLFN,10BLFN,F,NS,00,39,18,74.77,470,101.42,100.90,5.628840,1.002650,1000.00,cifi0007.DBF
BLFN,10BLFN,F,NS,00,39,19,80.83,493,108.14,107.60,5.628840,1.002650,1000.00,cifi0007.DBF
BLFN,10BLFN,F,NS,00,39,20,86.96,516,114.90,114.34,5.628840,1.002650,1000.00,cifi0007.DBF
BLFN,10BLFN,F,NS,00,39,21,93.16,537,121.70,121.11,5.628840,1.002650,1000.00,cifi0007.DBF
BLFN,10BLFN,F,NS,00,39,22,99.39,558,128.49,127.91,5.628840,1.002650,1000.00,cifi0007.DBF
BLFN,10BLFN,F,NS,00,39,23,105.62,578,135.24,134.68,5.628840,1.002650,1000.00,cifi0007.DBF
BLFN,10BLFN,F,NS,00,39,24,111.80,596,141.91,141.39,5.628840,1.002650,1000.00,cifi0007.DBF
BLFN,10BLFN,F,NS,00,39,25,117.90,614,148.46,148.00,5.628840,1.002650,1000.00,cifi0007.DBF
BLFN,10BLFN,F,NS,00,39,26,123.88,316,154.85,154.47,5.628840,1.002650,1000.00,cifi0007.DBF
BLFN,10BLFN,F,NS,00,39,27,132.66,326,164.06,162.27,5.628840,1.002650,500.00,cifi0007.DBF
BLFN,10BLFN,F,NS,00,39,28,141.69,337,173.46,171.57,5.628840,1.002650,500.00,cifi0007.DBF
BLFN,10BLFN,F,NS,00,39,29,150.97,346,183.05,181.07,5.628840,1.002650,500.00,cifi0007.DBF
BLFN,10BLFN,F,NS,00,39,30,160.50,356,192.83,190.76,5.628840,1.002650,500.00,cifi0007.DBF
BLFN,10BLFN,F,NS,00,39,31,170.28,365,202.79,200.63,5.628840,1.002650,500.00,cifi0007.DBF
BLFN,10BLFN,F,NS,00,39,32,180.29,373,212.91,210.67,5.628840,1.002650,500.00,cifi0007.DBF
BLFN,10BLFN,F,NS,00,39,33,190.51,381,223.18,220.86,5.628840,1.002650,500.00,cifi0007.DBF
BLFN,10BLFN,F,NS,00,39,34,200.92,389,233.56,231.18,5.628840,1.002650,500.00,cifi0007.DBF
BLFN,10BLFN,F,NS,00,39,35,211.49,396,244.03,241.61,5.628840,1.002650,500.00,cifi0007.DBF
BLFN,10BLFN,F,NS,00,39,36,222.20,403,254.57,252.11,5.628840,1.002650,500.00,cifi0007.DBF
BLFN,10BLFN,F,NS,00,39,37,233.03,410,265.15,262.67,5.628840,1.002650,500.00,cifi0007.DBF
BLFN,10BLFN,F,NS,00,39,38,243.94,416,275.75,273.27,5.628840,1.002650,500.00,cifi0007.DBF
BLFN,10BLFN,F,NS,00,39,39,254.90,422,286.34,283.86,5.628840,1.002650,500.00,cifi0007.DBF
BLFN,10BLFN,F,NS,00,39,40,265.87,428,296.87,294.42,5.628840,1.002650,500.00,cifi0007.DBF
BLFN,10BLFN,F,NS,00,39,41,276.77,433,307.27,304.89,5.628840,1.002650,500.00,cifi0007.DBF
BLFN,10BLFN,F,NS,00,39,42,287.51,438,317.48,315.19,5.628840,1.002650,500.00,cifi0007.DBF
BLFN,10BLFN,F,NS,00,39,43,298.14,443,327.52,325.31,5.628840,1.002650,500.00,cifi0007.DBF
BLFN,10BLFN,F,NS,00,39,44,308.71,447,337.44,335.29,5.628840,1.002650,500.00,cifi0007.DBF
BLFN,10BLFN,F,NS,00,39,45,319.18,451,347.22,345.15,5.628840,1.002650,500.00,cifi0007.DBF
BLFN,10BLFN,F,NS,00,39,46,329.28,455,356.62,354.73,5.628840,1.002650,500.00,cifi0007.DBF
BLFN,10BLFN,F,NS,00,39,47,338.95,459,365.57,363.91,5.628840,1.002650,500.00,cifi0007.DBF
BLFN,10BLFN,F,NS,00,39,48,348.31,462,374.20,372.70,5.628840,1.002650,500.00,cifi0007.DBF
BLFN,10BLFN,F,NS,00,39,49,357.31,465,382.46,381.14,5.628840,1.002650,500.00,cifi0007.DBF
BLFN,10BLFN,F,NS,00,39,50,365.88,467,390.29,389.19,5.628840,1.002650,500.00,cifi0007.DBF
BLFN,10BLFN,F,NS,00,39,51,374.00,470,397.69,396.81,5.628840,1.002650,500.00,cifi0007.DBF
BLFN,10BLFN,F,NS,00,39,52,381.68,472,404.67,403.99,5.628840,1.002650,500.00,cifi0007.DBF
BLFN,10BLFN,F,NS,00,39,53,388.95,474,411.24,410.77,5.628840,1.002650,500.00,cifi0007.DBF
BLFN,10BLFN,F,NS,00,39,54,395.81,476,417.43,417.15,5.628840,1.002650,500.00,cifi0007.DBF
BLFN,10BLFN,F,NS,00,39,55,402.33,478,423.30,423.18,5.628840,1.002650,500.00,cifi0007.DBF
BLFN,10BLFN,F,NS,00,39,56,408.63,480,428.94,428.94,5.628840,1.002650,500.00,cifi0007.DBF
BLFN,10BLFN,F,NS,00,39,57,414.63,481,434.30,434.43,5.628840,1.002650,500.00,cifi0007.DBF
BLFN,10BLFN,F,NS,00,39,58,420.18,483,439.24,439.58,5.628840,1.002650,500.00,cifi0007.DBF
BLFN,10BLFN,F,NS,00,39,59,425.24,484,443.73,444.30,5.628840,1.002650,500.00,cifi0007.DBF
BLFN,10BLFN,F,NS,00,39,60,429.75,485,447.72,448.54,5.628840,1.002650,500.00,cifi0007.DBF
BLFN,10BLFN,F,NS,00,39,61,433.61,486,451.13,452.24,5.628840,1.002650,500.00,cifi0007.DBF
BLFN,10BLFN,F,NS,00,39,62,436.91,487,454.05,455.41,5.628840,1.002650,500.00,cifi0007.DBF
BLFN,10BLFN,F,NS,00,39,63,439.86,488,456.65,458.16,5.628840,1.002650,500.00,cifi0007.DBF
BLFN,10BLFN,F,NS,00,39,64,442.49,488,458.97,460.62,5.628840,1.002650,500.00,cifi0007.DBF
BLFN,10BLFN,F,NS,00,39,65,444.86,489,461.05,462.82,5.628840,1.002650,500.00,cifi0007.DBF
BLFN,10BLFN,F,NS,00,39,66,447.04,489,462.97,464.83,5.628840,1.002650,500.00,cifi0007.DBF
BLFN,10BLFN,F,NS,00,39,67,449.21,490,464.87,466.74,5.628840,1.002650,500.00,cifi0007.DBF
BLFN,10BLFN,F,NS,00,39,68,451.43,490,466.83,468.66,5.628840,1.002650,500.00,cifi0007.DBF
BLFN,10BLFN,F,NS,00,39,69,453.58,491,468.70,470.58,5.628840,1.002650,500.00,cifi0007.DBF
BLFN,10BLFN,F,NS,00,39,70,455.63,491,470.50,472.41,5.628840,1.002650,500.00,cifi0007.DBF
BLFN,10BLFN,F,NS,00,39,71,457.61,492,472.23,474.18,5.628840,1.002650,500.00,cifi0007.DBF
BLFN,10BLFN,F,NS,00,39,72,459.51,492,473.88,475.87,5.628840,1.002650,500.00,cifi0007.DBF
BLFN,10BLFN,F,NS,00,39,73,461.33,493,475.47,477.49,5.628840,1.002650,500.00,cifi0007.DBF
BLFN,10BLFN,F,NS,00,39,74,463.07,493,476.98,479.04,5.628840,1.002650,500.00,cifi0007.DBF
BLFN,10BLFN,F,NS,00,39,75,464.74,493,478.43,480.52,5.628840,1.002650,500.00,cifi0007.DBF
BLFN,10BLFN,F,NS,00,39,76,466.34,494,479.82,481.94,5.628840,1.002650,500.00,cifi0007.DBF
BLFN,10BLFN,F,NS,00,39,77,467.87,494,481.15,483.30,5.628840,1.002650,500.00,cifi0007.DBF
BLFN,10BLFN,F,NS,00,39,78,469.35,494,482.42,484.60,5.628840,1.002650,500.00,cifi0007.DBF
BLFN,10BLFN,F,NS,00,39,79,470.85,495,483.69,485.87,5.628840,1.002650,500.00,cifi0007.DBF
BLFN,10BLFN,F,NS,00,39,80,473.32,495,485.45,487.38,5.628840,1.002650,500.00,cifi0007.DBF
BLFN,10BLFN,F,NS,00,39,81,500.00,500,500.00,495.54,15.619960,1.002650,500.00,cifi0007.DBF
BLFN,10BLFN,F,NS,00,40,1,0.00,0,0.00,0.51,1.012480,1.012480,1000.00,cifi0007.DBF
BLFN,10BLFN,F,NS,00,40,2,0.00,0,4.99,5.41,0.583870,1.012480,1000.00,cifi0007.DBF
BLFN,10BLFN,F,NS,00,40,3,0.00,0,10.16,10.49,0.583870,1.012480,1000.00,cifi0007.DBF
BLFN,10BLFN,F,NS,00,40,4,0.71,7,15.52,15.76,0.583870,1.012480,1000.00,cifi0007.DBF
BLFN,10BLFN,F,NS,00,40,5,5.28,50,21.06,21.21,0.583870,1.012480,1000.00,cifi0007.DBF
BLFN,10BLFN,F,NS,00,40,6,10.04,91,26.78,26.84,0.583870,1.012480,1000.00,cifi0007.DBF
BLFN,10BLFN,F,NS,00,40,7,14.98,132,32.66,32.64,0.583870,1.012480,1000.00,cifi0007.DBF
BLFN,10BLFN,F,NS,00,40,8,20.09,170,38.71,38.60,0.583870,1.012480,1000.00,cifi0007.DBF
BLFN,10BLFN,F,NS,00,40,9,25.37,207,44.90,44.72,0.583870,1.012480,1000.00,cifi0007.DBF
BLFN,10BLFN,F,NS,00,40,10,30.80,243,51.23,50.98,0.583870,1.012480,1000.00,cifi0007.DBF
BLFN,10BLFN,F,NS,00,40,11,36.37,277,57.67,57.37,0.583870,1.012480,1000.00,cifi0007.DBF
BLFN,10BLFN,F,NS,00,40,12,42.06,310,64.21,63.86,0.583870,1.012480,1000.00,cifi0007.DBF
BLFN,10BLFN,F,NS,00,40,13,47.84,341,70.81,70.43,0.583870,1.012480,1000.00,cifi0007.DBF
BLFN,10BLFN,F,NS,00,40,14,53.68,370,77.45,77.05,0.583870,1.012480,1000.00,cifi0007.DBF
BLFN,10BLFN,F,NS,00,40,15,59.57,398,84.12,83.71,0.583870,1.012480,1000.00,cifi0007.DBF
BLFN,10BLFN,F,NS,00,40,16,65.52,424,90.82,90.39,0.583870,1.012480,1000.00,cifi0007.DBF
BLFN,10BLFN,F,NS,00,40,17,71.55,450,97.55,97.11,0.583870,1.012480,1000.00,cifi0007.DBF
BLFN,10BLFN,F,NS,00,40,18,77.66,474,104.35,103.87,0.583870,1.012480,1000.00,cifi0007.DBF
BLFN,10BLFN,F,NS,00,40,19,83.84,497,111.18,110.68,0.583870,1.012480,1000.00,cifi0007.DBF
BLFN,10BLFN,F,NS,00,40,20,90.09,520,118.05,117.53,0.583870,1.012480,1000.00,cifi0007.DBF
BLFN,10BLFN,F,NS,00,40,21,96.38,541,124.92,124.40,0.583870,1.012480,1000.00,cifi0007.DBF
BLFN,10BLFN,F,NS,00,40,22,102.66,562,131.75,131.25,0.583870,1.012480,1000.00,cifi0007.DBF
BLFN,10BLFN,F,NS,00,40,23,108.91,581,138.50,138.04,0.583870,1.012480,1000.00,cifi0007.DBF
BLFN,10BLFN,F,NS,00,40,24,115.06,600,145.12,144.73,0.583870,1.012480,1000.00,cifi0007.DBF
BLFN,10BLFN,F,NS,00,40,25,121.10,309,151.60,151.28,0.583870,1.012480,1000.00,cifi0007.DBF
BLFN,10BLFN,F,NS,00,40,26,129.95,320,160.89,159.16,0.583870,1.012480,500.00,cifi0007.DBF
BLFN,10BLFN,F,NS,00,40,27,139.05,330,170.38,168.55,0.583870,1.012480,500.00,cifi0007.DBF
BLFN,10BLFN,F,NS,00,40,28,148.39,340,180.06,178.14,0.583870,1.012480,500.00,cifi0007.DBF
BLFN,10BLFN,F,NS,00,40,29,158.00,350,189.93,187.91,0.583870,1.012480,500.00,cifi0007.DBF
BLFN,10BLFN,F,NS,00,40,30,167.85,359,199.98,197.87,0.583870,1.012480,500.00,cifi0007.DBF
BLFN,10BLFN,F,NS,00,40,31,177.94,368,210.20,208.01,0.583870,1.012480,500.00,cifi0007.DBF
BLFN,10BLFN,F,NS,00,40,32,188.23,377,220.55,218.29,0.583870,1.012480,500.00,cifi0007.DBF
BLFN,10BLFN,F,NS,00,40,33,198.72,385,231.03,228.71,0.583870,1.012480,500.00,cifi0007.DBF
BLFN,10BLFN,F,NS,00,40,34,209.37,392,241.60,239.23,0.583870,1.012480,500.00,cifi0007.DBF
BLFN,10BLFN,F,NS,00,40,35,220.16,400,252.23,249.83,0.583870,1.012480,500.00,cifi0007.DBF
BLFN,10BLFN,F,NS,00,40,36,231.06,407,262.91,260.49,0.583870,1.012480,500.00,cifi0007.DBF
BLFN,10BLFN,F,NS,00,40,37,242.05,413,273.61,271.18,0.583870,1.012480,500.00,cifi0007.DBF
BLFN,10BLFN,F,NS,00,40,38,253.10,419,284.30,281.88,0.583870,1.012480,500.00,cifi0007.DBF
BLFN,10BLFN,F,NS,00,40,39,264.15,425,294.93,292.53,0.583870,1.012480,500.00,cifi0007.DBF
BLFN,10BLFN,F,NS,00,40,40,275.12,431,305.42,303.09,0.583870,1.012480,500.00,cifi0007.DBF
BLFN,10BLFN,F,NS,00,40,41,285.95,436,315.72,313.49,0.583870,1.012480,500.00,cifi0007.DBF
BLFN,10BLFN,F,NS,00,40,42,296.65,441,325.85,323.71,0.583870,1.012480,500.00,cifi0007.DBF
BLFN,10BLFN,F,NS,00,40,43,307.30,445,335.87,333.78,0.583870,1.012480,500.00,cifi0007.DBF
BLFN,10BLFN,F,NS,00,40,44,317.85,449,345.74,343.72,0.583870,1.012480,500.00,cifi0007.DBF
BLFN,10BLFN,F,NS,00,40,45,328.03,453,355.22,353.40,0.583870,1.012480,500.00,cifi0007.DBF
BLFN,10BLFN,F,NS,00,40,46,337.76,457,364.25,362.65,0.583870,1.012480,500.00,cifi0007.DBF
BLFN,10BLFN,F,NS,00,40,47,347.19,460,372.96,371.52,0.583870,1.012480,500.00,cifi0007.DBF
BLFN,10BLFN,F,NS,00,40,48,356.26,463,381.30,380.05,0.583870,1.012480,500.00,cifi0007.DBF
BLFN,10BLFN,F,NS,00,40,49,364.89,466,389.20,388.17,0.583870,1.012480,500.00,cifi0007.DBF
BLFN,10BLFN,F,NS,00,40,50,373.07,469,396.67,395.86,0.583870,1.012480,500.00,cifi0007.DBF
BLFN,10BLFN,F,NS,00,40,51,380.81,471,403.71,403.11,0.583870,1.012480,500.00,cifi0007.DBF
BLFN,10BLFN,F,NS,00,40,52,388.13,473,410.35,409.95,0.583870,1.012480,500.00,cifi0007.DBF
BLFN,10BLFN,F,NS,00,40,53,395.04,475,416.59,416.39,0.583870,1.012480,500.00,cifi0007.DBF
BLFN,10BLFN,F,NS,00,40,54,401.62,477,422.52,422.47,0.583870,1.012480,500.00,cifi0007.DBF
BLFN,10BLFN,F,NS,00,40,55,407.96,479,428.21,428.28,0.583870,1.012480,500.00,cifi0007.DBF
BLFN,10BLFN,F,NS,00,40,56,414.00,481,433.61,433.83,0.583870,1.012480,500.00,cifi0007.DBF
BLFN,10BLFN,F,NS,00,40,57,419.59,482,438.60,439.02,0.583870,1.012480,500.00,cifi0007.DBF
BLFN,10BLFN,F,NS,00,40,58,424.69,483,443.13,443.78,0.583870,1.012480,500.00,cifi0007.DBF
BLFN,10BLFN,F,NS,00,40,59,429.23,485,447.16,448.06,0.583870,1.012480,500.00,cifi0007.DBF
BLFN,10BLFN,F,NS,00,40,60,433.12,486,450.60,451.80,0.583870,1.012480,500.00,cifi0007.DBF
BLFN,10BLFN,F,NS,00,40,61,436.45,486,453.55,454.99,0.583870,1.012480,500.00,cifi0007.DBF
BLFN,10BLFN,F,NS,00,40,62,439.42,487,456.17,457.78,0.583870,1.012480,500.00,cifi0007.DBF
BLFN,10BLFN,F,NS,00,40,63,442.07,488,458.51,460.26,0.583870,1.012480,500.00,cifi0007.DBF
BLFN,10BLFN,F,NS,00,40,64,444.45,488,460.61,462.48,0.583870,1.012480,500.00,cifi0007.DBF
BLFN,10BLFN,F,NS,00,40,65,446.65,489,462.55,464.50,0.583870,1.012480,500.00,cifi0007.DBF
BLFN,10BLFN,F,NS,00,40,66,448.83,489,464.47,466.43,0.583870,1.012480,500.00,cifi0007.DBF
BLFN,10BLFN,F,NS,00,40,67,451.08,490,466.44,468.38,0.583870,1.012480,500.00,cifi0007.DBF
BLFN,10BLFN,F,NS,00,40,68,453.23,490,468.33,470.31,0.583870,1.012480,500.00,cifi0007.DBF
BLFN,10BLFN,F,NS,00,40,69,455.31,491,470.15,472.16,0.583870,1.012480,500.00,cifi0007.DBF
BLFN,10BLFN,F,NS,00,40,70,457.30,491,471.89,473.94,0.583870,1.012480,500.00,cifi0007.DBF
BLFN,10BLFN,F,NS,00,40,71,459.21,492,473.56,475.64,0.583870,1.012480,500.00,cifi0007.DBF
BLFN,10BLFN,F,NS,00,40,72,461.04,492,475.16,477.28,0.583870,1.012480,500.00,cifi0007.DBF
BLFN,10BLFN,F,NS,00,40,73,462.80,493,476.69,478.84,0.583870,1.012480,500.00,cifi0007.DBF
BLFN,10BLFN,F,NS,00,40,74,464.48,493,478.16,480.34,0.583870,1.012480,500.00,cifi0007.DBF
BLFN,10BLFN,F,NS,00,40,75,466.09,493,479.56,481.78,0.583870,1.012480,500.00,cifi0007.DBF
BLFN,10BLFN,F,NS,00,40,76,467.64,494,480.90,483.15,0.583870,1.012480,500.00,cifi0007.DBF
BLFN,10BLFN,F,NS,00,40,77,469.12,494,482.18,484.46,0.583870,1.012480,500.00,cifi0007.DBF
BLFN,10BLFN,F,NS,00,40,78,470.63,494,483.46,485.74,0.583870,1.012480,500.00,cifi0007.DBF
BLFN,10BLFN,F,NS,00,40,79,473.13,495,485.24,487.27,0.583870,1.012480,500.00,cifi0007.DBF
BLFN,10BLFN,F,NS,00,40,80,500.00,500,500.00,495.54,15.619960,1.012480,500.00,cifi0007.DBF
BLFN,10BLFN,F,NS,00,41,1,0.00,0,0.00,0.51,1.022310,1.022310,1000.00,cifi0007.DBF
BLFN,10BLFN,F,NS,00,41,2,0.00,0,5.22,5.64,6.059730,1.022310,1000.00,cifi0007.DBF
BLFN,10BLFN,F,NS,00,41,3,0.00,0,10.63,10.95,6.059730,1.022310,1000.00,cifi0007.DBF
BLFN,10BLFN,F,NS,00,41,4,1.34,13,16.22,16.45,6.059730,1.022310,1000.00,cifi0007.DBF
BLFN,10BLFN,F,NS,00,41,5,6.14,56,21.99,22.14,6.059730,1.022310,1000.00,cifi0007.DBF
BLFN,10BLFN,F,NS,00,41,6,11.11,98,27.94,28.00,6.059730,1.022310,1000.00,cifi0007.DBF
BLFN,10BLFN,F,NS,00,41,7,16.26,138,34.04,34.02,6.059730,1.022310,1000.00,cifi0007.DBF
BLFN,10BLFN,F,NS,00,41,8,21.58,176,40.29,40.19,6.059730,1.022310,1000.00,cifi0007.DBF
BLFN,10BLFN,F,NS,00,41,9,27.05,213,46.68,46.51,6.059730,1.022310,1000.00,cifi0007.DBF
BLFN,10BLFN,F,NS,00,41,10,32.67,249,53.19,52.96,6.059730,1.022310,1000.00,cifi0007.DBF
BLFN,10BLFN,F,NS,00,41,11,38.40,283,59.79,59.52,6.059730,1.022310,1000.00,cifi0007.DBF
BLFN,10BLFN,F,NS,00,41,12,44.22,315,66.46,66.15,6.059730,1.022310,1000.00,cifi0007.DBF
BLFN,10BLFN,F,NS,00,41,13,50.11,345,73.17,72.84,6.059730,1.022310,1000.00,cifi0007.DBF
BLFN,10BLFN,F,NS,00,41,14,56.05,374,79.90,79.56,6.059730,1.022310,1000.00,cifi0007.DBF
BLFN,10BLFN,F,NS,00,41,15,62.06,402,86.67,86.32,6.059730,1.022310,1000.00,cifi0007.DBF
BLFN,10BLFN,F,NS,00,41,16,68.13,428,93.48,93.11,6.059730,1.022310,1000.00,cifi0007.DBF
BLFN,10BLFN,F,NS,00,41,17,74.29,454,100.35,99.94,6.059730,1.022310,1000.00,cifi0007.DBF
BLFN,10BLFN,F,NS,00,41,18,80.53,478,107.25,106.83,6.059730,1.022310,1000.00,cifi0007.DBF
BLFN,10BLFN,F,NS,00,41,19,86.84,501,114.20,113.76,6.059730,1.022310,1000.00,cifi0007.DBF
BLFN,10BLFN,F,NS,00,41,20,93.19,523,121.15,120.71,6.059730,1.022310,1000.00,cifi0007.DBF
BLFN,10BLFN,F,NS,00,41,21,99.54,545,128.06,127.64,6.059730,1.022310,1000.00,cifi0007.DBF
BLFN,10BLFN,F,NS,00,41,22,105.84,565,134.90,134.51,6.059730,1.022310,1000.00,cifi0007.DBF
BLFN,10BLFN,F,NS,00,41,23,112.06,584,141.61,141.28,6.059730,1.022310,1000.00,cifi0007.DBF
BLFN,10BLFN,F,NS,00,41,24,118.17,301,148.17,147.92,6.059730,1.022310,1000.00,cifi0007.DBF
BLFN,10BLFN,F,NS,00,41,25,127.09,313,157.56,155.89,6.059730,1.022310,500.00,cifi0007.DBF
BLFN,10BLFN,F,NS,00,41,26,136.25,324,167.13,165.37,6.059730,1.022310,500.00,cifi0007.DBF
BLFN,10BLFN,F,NS,00,41,27,145.67,334,176.90,175.05,6.059730,1.022310,500.00,cifi0007.DBF
BLFN,10BLFN,F,NS,00,41,28,155.35,344,186.87,184.92,6.059730,1.022310,500.00,cifi0007.DBF
BLFN,10BLFN,F,NS,00,41,29,165.28,354,197.02,194.97,6.059730,1.022310,500.00,cifi0007.DBF
BLFN,10BLFN,F,NS,00,41,30,175.44,363,207.33,205.20,6.059730,1.022310,500.00,cifi0007.DBF
BLFN,10BLFN,F,NS,00,41,31,185.82,372,217.79,215.59,6.059730,1.022310,500.00,cifi0007.DBF
BLFN,10BLFN,F,NS,00,41,32,196.39,380,228.36,226.11,6.059730,1.022310,500.00,cifi0007.DBF
BLFN,10BLFN,F,NS,00,41,33,207.12,388,239.03,236.73,6.059730,1.022310,500.00,cifi0007.DBF
BLFN,10BLFN,F,NS,00,41,34,217.99,396,249.77,247.43,6.059730,1.022310,500.00,cifi0007.DBF
BLFN,10BLFN,F,NS,00,41,35,228.98,403,260.55,258.19,6.059730,1.022310,500.00,cifi0007.DBF
BLFN,10BLFN,F,NS,00,41,36,240.06,410,271.36,268.99,6.059730,1.022310,500.00,cifi0007.DBF
BLFN,10BLFN,F,NS,00,41,37,251.19,416,282.15,279.78,6.059730,1.022310,500.00,cifi0007.DBF
BLFN,10BLFN,F,NS,00,41,38,262.32,422,292.88,290.54,6.059730,1.022310,500.00,cifi0007.DBF
BLFN,10BLFN,F,NS,00,41,39,273.38,428,303.47,301.20,6.059730,1.022310,500.00,cifi0007.DBF
BLFN,10BLFN,F,NS,00,41,40,284.29,433,313.87,311.70,6.059730,1.022310,500.00,cifi0007.DBF
BLFN,10BLFN,F,NS,00,41,41,295.08,438,324.10,322.01,6.059730,1.022310,500.00,cifi0007.DBF
BLFN,10BLFN,F,NS,00,41,42,305.81,443,334.21,332.18,6.059730,1.022310,500.00,cifi0007.DBF
BLFN,10BLFN,F,NS,00,41,43,316.44,447,344.18,342.22,6.059730,1.022310,500.00,cifi0007.DBF
BLFN,10BLFN,F,NS,00,41,44,326.70,451,353.75,351.99,6.059730,1.022310,500.00,cifi0007.DBF
BLFN,10BLFN,F,NS,00,41,45,336.50,455,362.86,361.34,6.059730,1.022310,500.00,cifi0007.DBF
BLFN,10BLFN,F,NS,00,41,46,346.01,459,371.66,370.29,6.059730,1.022310,500.00,cifi0007.DBF
BLFN,10BLFN,F,NS,00,41,47,355.14,462,380.07,378.90,6.059730,1.022310,500.00,cifi0007.DBF
BLFN,10BLFN,F,NS,00,41,48,363.84,465,388.06,387.10,6.059730,1.022310,500.00,cifi0007.DBF
BLFN,10BLFN,F,NS,00,41,49,372.08,468,395.60,394.86,6.059730,1.022310,500.00,cifi0007.DBF
BLFN,10BLFN,F,NS,00,41,50,379.88,470,402.70,402.18,6.059730,1.022310,500.00,cifi0007.DBF
BLFN,10BLFN,F,NS,00,41,51,387.26,472,409.40,409.08,6.059730,1.022310,500.00,cifi0007.DBF
BLFN,10BLFN,F,NS,00,41,52,394.23,474,415.71,415.59,6.059730,1.022310,500.00,cifi0007.DBF
BLFN,10BLFN,F,NS,00,41,53,400.85,476,421.69,421.73,6.059730,1.022310,500.00,cifi0007.DBF
BLFN,10BLFN,F,NS,00,41,54,407.25,478,427.44,427.59,6.059730,1.022310,500.00,cifi0007.DBF
BLFN,10BLFN,F,NS,00,41,55,413.33,480,432.89,433.19,6.059730,1.022310,500.00,cifi0007.DBF
BLFN,10BLFN,F,NS,00,41,56,418.97,481,437.93,438.44,6.059730,1.022310,500.00,cifi0007.DBF
BLFN,10BLFN,F,NS,00,41,57,424.11,483,442.50,443.24,6.059730,1.022310,500.00,cifi0007.DBF
BLFN,10BLFN,F,NS,00,41,58,428.68,484,446.57,447.56,6.059730,1.022310,500.00,cifi0007.DBF
BLFN,10BLFN,F,NS,00,41,59,432.60,485,450.05,451.34,6.059730,1.022310,500.00,cifi0007.DBF
BLFN,10BLFN,F,NS,00,41,60,435.95,486,453.02,454.56,6.059730,1.022310,500.00,cifi0007.DBF
BLFN,10BLFN,F,NS,00,41,61,438.95,487,455.67,457.37,6.059730,1.022310,500.00,cifi0007.DBF
BLFN,10BLFN,F,NS,00,41,62,441.62,487,458.03,459.88,6.059730,1.022310,500.00,cifi0007.DBF
BLFN,10BLFN,F,NS,00,41,63,444.02,488,460.15,462.12,6.059730,1.022310,500.00,cifi0007.DBF
BLFN,10BLFN,F,NS,00,41,64,446.24,488,462.11,464.16,6.059730,1.022310,500.00,cifi0007.DBF
BLFN,10BLFN,F,NS,00,41,65,448.44,489,464.05,466.11,6.059730,1.022310,500.00,cifi0007.DBF
BLFN,10BLFN,F,NS,00,41,66,450.70,490,466.04,468.07,6.059730,1.022310,500.00,cifi0007.DBF
BLFN,10BLFN,F,NS,00,41,67,452.87,490,467.95,470.02,6.059730,1.022310,500.00,cifi0007.DBF
BLFN,10BLFN,F,NS,00,41,68,454.96,491,469.78,471.89,6.059730,1.022310,500.00,cifi0007.DBF
BLFN,10BLFN,F,NS,00,41,69,456.97,491,471.54,473.69,6.059730,1.022310,500.00,cifi0007.DBF
BLFN,10BLFN,F,NS,00,41,70,458.89,491,473.22,475.41,6.059730,1.022310,500.00,cifi0007.DBF
BLFN,10BLFN,F,NS,00,41,71,460.74,492,474.84,477.06,6.059730,1.022310,500.00,cifi0007.DBF
BLFN,10BLFN,F,NS,00,41,72,462.51,492,476.38,478.64,6.059730,1.022310,500.00,cifi0007.DBF
BLFN,10BLFN,F,NS,00,41,73,464.21,493,477.86,480.15,6.059730,1.022310,500.00,cifi0007.DBF
BLFN,10BLFN,F,NS,00,41,74,465.83,493,479.28,481.60,6.059730,1.022310,500.00,cifi0007.DBF
BLFN,10BLFN,F,NS,00,41,75,467.39,493,480.63,482.98,6.059730,1.022310,500.00,cifi0007.DBF
BLFN,10BLFN,F,NS,00,41,76,468.88,494,481.93,484.31,6.059730,1.022310,500.00,cifi0007.DBF
BLFN,10BLFN,F,NS,00,41,77,470.40,494,483.22,485.60,6.059730,1.022310,500.00,cifi0007.DBF
BLFN,10BLFN,F,NS,00,41,78,472.92,495,485.02,487.15,6.059730,1.022310,500.00,cifi0007.DBF
BLFN,10BLFN,F,NS,00,41,79,500.00,500,500.00,495.54,15.619960,1.022310,500.00,cifi0007.DBF
BLFN,10BLFN,F,NS,00,42,1,0.00,0,0.00,0.51,1.022310,1.022310,1000.00,cifi0007.DBF
BLFN,10BLFN,F,NS,00,42,2,0.00,0,5.46,5.88,6.293190,1.022310,1000.00,cifi0007.DBF
BLFN,10BLFN,F,NS,00,42,3,0.00,0,11.11,11.43,6.293190,1.022310,1000.00,cifi0007.DBF
BLFN,10BLFN,F,NS,00,42,4,2.00,19,16.94,17.17,6.293190,1.022310,1000.00,cifi0007.DBF
BLFN,10BLFN,F,NS,00,42,5,7.01,62,22.94,23.09,6.293190,1.022310,1000.00,cifi0007.DBF
BLFN,10BLFN,F,NS,00,42,6,12.20,103,29.10,29.17,6.293190,1.022310,1000.00,cifi0007.DBF
BLFN,10BLFN,F,NS,00,42,7,17.56,144,35.42,35.41,6.293190,1.022310,1000.00,cifi0007.DBF
BLFN,10BLFN,F,NS,00,42,8,23.08,182,41.87,41.79,6.293190,1.022310,1000.00,cifi0007.DBF
BLFN,10BLFN,F,NS,00,42,9,28.74,219,48.45,48.31,6.293190,1.022310,1000.00,cifi0007.DBF
BLFN,10BLFN,F,NS,00,42,10,34.52,254,55.12,54.93,6.293190,1.022310,1000.00,cifi0007.DBF
BLFN,10BLFN,F,NS,00,42,11,40.39,288,61.86,61.63,6.293190,1.022310,1000.00,cifi0007.DBF
BLFN,10BLFN,F,NS,00,42,12,46.33,319,68.64,68.40,6.293190,1.022310,1000.00,cifi0007.DBF
BLFN,10BLFN,F,NS,00,42,13,52.32,350,75.45,75.19,6.293190,1.022310,1000.00,cifi0007.DBF
BLFN,10BLFN,F,NS,00,42,14,58.38,378,82.29,82.01,6.293190,1.022310,1000.00,cifi0007.DBF
BLFN,10BLFN,F,NS,00,42,15,64.51,406,89.18,88.88,6.293190,1.022310,1000.00,cifi0007.DBF
BLFN,10BLFN,F,NS,00,42,16,70.73,432,96.12,95.80,6.293190,1.022310,1000.00,cifi0007.DBF
BLFN,10BLFN,F,NS,00,42,17,77.03,457,103.11,102.76,6.293190,1.022310,1000.00,cifi0007.DBF
BLFN,10BLFN,F,NS,00,42,18,83.40,481,110.14,109.77,6.293190,1.022310,1000.00,cifi0007.DBF
BLFN,10BLFN,F,NS,00,42,19,89.81,504,117.18,116.80,6.293190,1.022310,1000.00,cifi0007.DBF
BLFN,10BLFN,F,NS,00,42,20,96.22,526,124.17,123.82,6.293190,1.022310,1000.00,cifi0007.DBF
BLFN,10BLFN,F,NS,00,42,21,102.60,547,131.10,130.78,6.293190,1.022310,1000.00,cifi0007.DBF
BLFN,10BLFN,F,NS,00,42,22,108.89,567,137.90,137.64,6.293190,1.022310,1000.00,cifi0007.DBF
BLFN,10BLFN,F,NS,00,42,23,115.06,293,144.55,144.37,6.293190,1.022310,1000.00,cifi0007.DBF
BLFN,10BLFN,F,NS,00,42,24,124.05,305,154.03,152.44,6.293190,1.022310,500.00,cifi0007.DBF
BLFN,10BLFN,F,NS,00,42,25,133.29,317,163.70,162.01,6.293190,1.022310,500.00,cifi0007.DBF
BLFN,10BLFN,F,NS,00,42,26,142.79,328,173.57,171.79,6.293190,1.022310,500.00,cifi0007.DBF
BLFN,10BLFN,F,NS,00,42,27,152.55,338,183.64,181.75,6.293190,1.022310,500.00,cifi0007.DBF
BLFN,10BLFN,F,NS,00,42,28,162.56,348,193.89,191.91,6.293190,1.022310,500.00,cifi0007.DBF
BLFN,10BLFN,F,NS,00,42,29,172.80,358,204.31,202.25,6.293190,1.022310,500.00,cifi0007.DBF
BLFN,10BLFN,F,NS,00,42,30,183.26,367,214.87,212.73,6.293190,1.022310,500.00,cifi0007.DBF
BLFN,10BLFN,F,NS,00,42,31,193.91,375,225.55,223.36,6.293190,1.022310,500.00,cifi0007.DBF
BLFN,10BLFN,F,NS,00,42,32,204.73,384,236.33,234.08,6.293190,1.022310,500.00,cifi0007.DBF
BLFN,10BLFN,F,NS,00,42,33,215.69,392,247.17,244.90,6.293190,1.022310,500.00,cifi0007.DBF
BLFN,10BLFN,F,NS,00,42,34,226.77,399,258.06,255.77,6.293190,1.022310,500.00,cifi0007.DBF
BLFN,10BLFN,F,NS,00,42,35,237.94,406,268.98,266.67,6.293190,1.022310,500.00,cifi0007.DBF
BLFN,10BLFN,F,NS,00,42,36,249.16,413,279.87,277.57,6.293190,1.022310,500.00,cifi0007.DBF
BLFN,10BLFN,F,NS,00,42,37,260.39,419,290.71,288.44,6.293190,1.022310,500.00,cifi0007.DBF
BLFN,10BLFN,F,NS,00,42,38,271.54,425,301.41,299.21,6.293190,1.022310,500.00,cifi0007.DBF
BLFN,10BLFN,F,NS,00,42,39,282.54,431,311.92,309.81,6.293190,1.022310,500.00,cifi0007.DBF
BLFN,10BLFN,F,NS,00,42,40,293.41,436,322.25,320.23,6.293190,1.022310,500.00,cifi0007.DBF
BLFN,10BLFN,F,NS,00,42,41,304.23,441,332.46,330.50,6.293190,1.022310,500.00,cifi0007.DBF
BLFN,10BLFN,F,NS,00,42,42,314.94,445,342.52,340.64,6.293190,1.022310,500.00,cifi0007.DBF
BLFN,10BLFN,F,NS,00,42,43,325.28,450,352.19,350.50,6.293190,1.022310,500.00,cifi0007.DBF
BLFN,10BLFN,F,NS,00,42,44,335.17,453,361.40,359.94,6.293190,1.022310,500.00,cifi0007.DBF
BLFN,10BLFN,F,NS,00,42,45,344.76,457,370.28,368.99,6.293190,1.022310,500.00,cifi0007.DBF
BLFN,10BLFN,F,NS,00,42,46,353.96,460,378.78,377.68,6.293190,1.022310,500.00,cifi0007.DBF
BLFN,10BLFN,F,NS,00,42,47,362.73,463,386.85,385.96,6.293190,1.022310,500.00,cifi0007.DBF
BLFN,10BLFN,F,NS,00,42,48,371.04,466,394.46,393.80,6.293190,1.022310,500.00,cifi0007.DBF
BLFN,10BLFN,F,NS,00,42,49,378.91,469,401.64,401.20,6.293190,1.022310,500.00,cifi0007.DBF
BLFN,10BLFN,F,NS,00,42,50,386.34,471,408.41,408.17,6.293190,1.022310,500.00,cifi0007.DBF
BLFN,10BLFN,F,NS,00,42,51,393.37,473,414.78,414.74,6.293190,1.022310,500.00,cifi0007.DBF
BLFN,10BLFN,F,NS,00,42,52,400.05,475,420.82,420.94,6.293190,1.022310,500.00,cifi0007.DBF
BLFN,10BLFN,F,NS,00,42,53,406.49,477,426.62,426.87,6.293190,1.022310,500.00,cifi0007.DBF
BLFN,10BLFN,F,NS,00,42,54,412.63,479,432.13,432.52,6.293190,1.022310,500.00,cifi0007.DBF
BLFN,10BLFN,F,NS,00,42,55,418.31,481,437.21,437.82,6.293190,1.022310,500.00,cifi0007.DBF
BLFN,10BLFN,F,NS,00,42,56,423.49,482,441.84,442.67,6.293190,1.022310,500.00,cifi0007.DBF
BLFN,10BLFN,F,NS,00,42,57,428.10,483,445.94,447.04,6.293190,1.022310,500.00,cifi0007.DBF
BLFN,10BLFN,F,NS,00,42,58,432.05,484,449.46,450.85,6.293190,1.022310,500.00,cifi0007.DBF
BLFN,10BLFN,F,NS,00,42,59,435.43,485,452.46,454.11,6.293190,1.022310,500.00,cifi0007.DBF
BLFN,10BLFN,F,NS,00,42,60,438.45,486,455.14,456.94,6.293190,1.022310,500.00,cifi0007.DBF
BLFN,10BLFN,F,NS,00,42,61,441.15,487,457.52,459.48,6.293190,1.022310,500.00,cifi0007.DBF
BLFN,10BLFN,F,NS,00,42,62,443.57,487,459.66,461.74,6.293190,1.022310,500.00,cifi0007.DBF
BLFN,10BLFN,F,NS,00,42,63,445.80,488,461.64,463.80,6.293190,1.022310,500.00,cifi0007.DBF
BLFN,10BLFN,F,NS,00,42,64,448.02,489,463.60,465.77,6.293190,1.022310,500.00,cifi0007.DBF
BLFN,10BLFN,F,NS,00,42,65,450.30,489,465.61,467.75,6.293190,1.022310,500.00,cifi0007.DBF
BLFN,10BLFN,F,NS,00,42,66,452.49,490,467.54,469.72,6.293190,1.022310,500.00,cifi0007.DBF
BLFN,10BLFN,F,NS,00,42,67,454.59,490,469.39,471.61,6.293190,1.022310,500.00,cifi0007.DBF
BLFN,10BLFN,F,NS,00,42,68,456.62,491,471.16,473.42,6.293190,1.022310,500.00,cifi0007.DBF
BLFN,10BLFN,F,NS,00,42,69,458.56,491,472.87,475.16,6.293190,1.022310,500.00,cifi0007.DBF
BLFN,10BLFN,F,NS,00,42,70,460.42,492,474.50,476.83,6.293190,1.022310,500.00,cifi0007.DBF
BLFN,10BLFN,F,NS,00,42,71,462.21,492,476.06,478.43,6.293190,1.022310,500.00,cifi0007.DBF
BLFN,10BLFN,F,NS,00,42,72,463.92,492,477.55,479.95,6.293190,1.022310,500.00,cifi0007.DBF
BLFN,10BLFN,F,NS,00,42,73,465.55,493,478.98,481.42,6.293190,1.022310,500.00,cifi0007.DBF
BLFN,10BLFN,F,NS,00,42,74,467.12,493,480.35,482.81,6.293190,1.022310,500.00,cifi0007.DBF
BLFN,10BLFN,F,NS,00,42,75,468.63,494,481.66,484.15,6.293190,1.022310,500.00,cifi0007.DBF
BLFN,10BLFN,F,NS,00,42,76,470.16,494,482.96,485.46,6.293190,1.022310,500.00,cifi0007.DBF
BLFN,10BLFN,F,NS,00,42,77,472.70,494,484.79,487.02,6.293190,1.022310,500.00,cifi0007.DBF
BLFN,10BLFN,F,NS,00,42,78,500.00,500,500.00,495.54,15.619960,1.022310,500.00,cifi0007.DBF
BLFN,10BLFN,F,NS,00,43,1,0.00,0,0.00,0.51,1.022310,1.022310,1000.00,cifi0007.DBF
BLFN,10BLFN,F,NS,00,43,2,0.00,0,5.71,6.12,0.006540,1.022310,1000.00,cifi0007.DBF
BLFN,10BLFN,F,NS,00,43,3,0.00,0,11.60,11.92,0.006540,1.022310,1000.00,cifi0007.DBF
BLFN,10BLFN,F,NS,00,43,4,2.65,24,17.66,17.90,0.006540,1.022310,1000.00,cifi0007.DBF
BLFN,10BLFN,F,NS,00,43,5,7.89,67,23.89,24.05,0.006540,1.022310,1000.00,cifi0007.DBF
BLFN,10BLFN,F,NS,00,43,6,13.29,109,30.27,30.35,0.006540,1.022310,1000.00,cifi0007.DBF
BLFN,10BLFN,F,NS,00,43,7,18.86,149,36.79,36.80,0.006540,1.022310,1000.00,cifi0007.DBF
BLFN,10BLFN,F,NS,00,43,8,24.57,187,43.44,43.39,0.006540,1.022310,1000.00,cifi0007.DBF
BLFN,10BLFN,F,NS,00,43,9,30.40,224,50.18,50.08,0.006540,1.022310,1000.00,cifi0007.DBF
BLFN,10BLFN,F,NS,00,43,10,36.32,259,57.00,56.86,0.006540,1.022310,1000.00,cifi0007.DBF
BLFN,10BLFN,F,NS,00,43,11,42.32,292,63.85,63.69,0.006540,1.022310,1000.00,cifi0007.DBF
BLFN,10BLFN,F,NS,00,43,12,48.36,323,70.74,70.56,0.006540,1.022310,1000.00,cifi0007.DBF
BLFN,10BLFN,F,NS,00,43,13,54.48,353,77.66,77.47,0.006540,1.022310,1000.00,cifi0007.DBF
BLFN,10BLFN,F,NS,00,43,14,60.67,382,84.63,84.41,0.006540,1.022310,1000.00,cifi0007.DBF
BLFN,10BLFN,F,NS,00,43,15,66.95,409,91.66,91.41,0.006540,1.022310,1000.00,cifi0007.DBF
BLFN,10BLFN,F,NS,00,43,16,73.30,435,98.73,98.46,0.006540,1.022310,1000.00,cifi0007.DBF
BLFN,10BLFN,F,NS,00,43,17,79.74,460,105.85,105.56,0.006540,1.022310,1000.00,cifi0007.DBF
BLFN,10BLFN,F,NS,00,43,18,86.22,484,112.97,112.68,0.006540,1.022310,1000.00,cifi0007.DBF
BLFN,10BLFN,F,NS,00,43,19,92.70,507,120.06,119.79,0.006540,1.022310,1000.00,cifi0007.DBF
BLFN,10BLFN,F,NS,00,43,20,99.15,529,127.08,126.84,0.006540,1.022310,1000.00,cifi0007.DBF
BLFN,10BLFN,F,NS,00,43,21,105.51,550,133.98,133.80,0.006540,1.022310,1000.00,cifi0007.DBF
BLFN,10BLFN,F,NS,00,43,22,111.76,285,140.73,140.62,0.006540,1.022310,1000.00,cifi0007.DBF
BLFN,10BLFN,F,NS,00,43,23,120.83,297,150.31,148.79,0.006540,1.022310,500.00,cifi0007.DBF
BLFN,10BLFN,F,NS,00,43,24,130.14,309,160.08,158.46,0.006540,1.022310,500.00,cifi0007.DBF
BLFN,10BLFN,F,NS,00,43,25,139.72,321,170.05,168.34,0.006540,1.022310,500.00,cifi0007.DBF
BLFN,10BLFN,F,NS,00,43,26,149.57,331,180.23,178.41,0.006540,1.022310,500.00,cifi0007.DBF
BLFN,10BLFN,F,NS,00,43,27,159.66,342,190.58,188.67,0.006540,1.022310,500.00,cifi0007.DBF
BLFN,10BLFN,F,NS,00,43,28,169.99,352,201.11,199.12,0.006540,1.022310,500.00,cifi0007.DBF
BLFN,10BLFN,F,NS,00,43,29,180.54,361,211.78,209.72,0.006540,1.022310,500.00,cifi0007.DBF
BLFN,10BLFN,F,NS,00,43,30,191.29,370,222.58,220.45,0.006540,1.022310,500.00,cifi0007.DBF
BLFN,10BLFN,F,NS,00,43,31,202.20,379,233.47,231.29,0.006540,1.022310,500.00,cifi0007.DBF
BLFN,10BLFN,F,NS,00,43,32,213.25,387,244.43,242.22,0.006540,1.022310,500.00,cifi0007.DBF
BLFN,10BLFN,F,NS,00,43,33,224.43,395,255.43,253.20,0.006540,1.022310,500.00,cifi0007.DBF
BLFN,10BLFN,F,NS,00,43,34,235.69,402,266.46,264.21,0.006540,1.022310,500.00,cifi0007.DBF
BLFN,10BLFN,F,NS,00,43,35,247.01,409,277.47,275.23,0.006540,1.022310,500.00,cifi0007.DBF
BLFN,10BLFN,F,NS,00,43,36,258.33,416,288.42,286.21,0.006540,1.022310,500.00,cifi0007.DBF
BLFN,10BLFN,F,NS,00,43,37,269.58,422,299.23,297.10,0.006540,1.022310,500.00,cifi0007.DBF
BLFN,10BLFN,F,NS,00,43,38,280.67,428,309.85,307.81,0.006540,1.022310,500.00,cifi0007.DBF
BLFN,10BLFN,F,NS,00,43,39,291.64,433,320.29,318.34,0.006540,1.022310,500.00,cifi0007.DBF
BLFN,10BLFN,F,NS,00,43,40,302.55,438,330.61,328.72,0.006540,1.022310,500.00,cifi0007.DBF
BLFN,10BLFN,F,NS,00,43,41,313.36,443,340.78,338.96,0.006540,1.022310,500.00,cifi0007.DBF
BLFN,10BLFN,F,NS,00,43,42,323.78,447,350.55,348.93,0.006540,1.022310,500.00,cifi0007.DBF
BLFN,10BLFN,F,NS,00,43,43,333.76,452,359.85,358.47,0.006540,1.022310,500.00,cifi0007.DBF
BLFN,10BLFN,F,NS,00,43,44,343.42,455,368.83,367.61,0.006540,1.022310,500.00,cifi0007.DBF
BLFN,10BLFN,F,NS,00,43,45,352.71,459,377.42,376.39,0.006540,1.022310,500.00,cifi0007.DBF
BLFN,10BLFN,F,NS,00,43,46,361.56,462,385.57,384.76,0.006540,1.022310,500.00,cifi0007.DBF
BLFN,10BLFN,F,NS,00,43,47,369.94,465,393.26,392.68,0.006540,1.022310,500.00,cifi0007.DBF
BLFN,10BLFN,F,NS,00,43,48,377.87,468,400.52,400.16,0.006540,1.022310,500.00,cifi0007.DBF
BLFN,10BLFN,F,NS,00,43,49,385.37,470,407.35,407.20,0.006540,1.022310,500.00,cifi0007.DBF
BLFN,10BLFN,F,NS,00,43,50,392.45,472,413.79,413.84,0.006540,1.022310,500.00,cifi0007.DBF
BLFN,10BLFN,F,NS,00,43,51,399.19,474,419.89,420.11,0.006540,1.022310,500.00,cifi0007.DBF
BLFN,10BLFN,F,NS,00,43,52,405.69,476,425.76,426.10,0.006540,1.022310,500.00,cifi0007.DBF
BLFN,10BLFN,F,NS,00,43,53,411.88,478,431.33,431.81,0.006540,1.022310,500.00,cifi0007.DBF
BLFN,10BLFN,F,NS,00,43,54,417.61,480,436.46,437.16,0.006540,1.022310,500.00,cifi0007.DBF
BLFN,10BLFN,F,NS,00,43,55,422.83,481,441.13,442.07,0.006540,1.022310,500.00,cifi0007.DBF
BLFN,10BLFN,F,NS,00,43,56,427.48,483,445.28,446.48,0.006540,1.022310,500.00,cifi0007.DBF
BLFN,10BLFN,F,NS,00,43,57,431.47,484,448.84,450.33,0.006540,1.022310,500.00,cifi0007.DBF
BLFN,10BLFN,F,NS,00,43,58,434.88,485,451.87,453.62,0.006540,1.022310,500.00,cifi0007.DBF
BLFN,10BLFN,F,NS,00,43,59,437.92,486,454.57,456.49,0.006540,1.022310,500.00,cifi0007.DBF
BLFN,10BLFN,F,NS,00,43,60,440.64,486,456.99,459.05,0.006540,1.022310,500.00,cifi0007.DBF
BLFN,10BLFN,F,NS,00,43,61,443.08,487,459.15,461.34,0.006540,1.022310,500.00,cifi0007.DBF
BLFN,10BLFN,F,NS,00,43,62,445.34,487,461.15,463.42,0.006540,1.022310,500.00,cifi0007.DBF
BLFN,10BLFN,F,NS,00,43,63,447.57,488,463.13,465.41,0.006540,1.022310,500.00,cifi0007.DBF
BLFN,10BLFN,F,NS,00,43,64,449.87,489,465.16,467.41,0.006540,1.022310,500.00,cifi0007.DBF
BLFN,10BLFN,F,NS,00,43,65,452.08,489,467.10,469.40,0.006540,1.022310,500.00,cifi0007.DBF
BLFN,10BLFN,F,NS,00,43,66,454.20,490,468.98,471.31,0.006540,1.022310,500.00,cifi0007.DBF
BLFN,10BLFN,F,NS,00,43,67,456.25,490,470.77,473.14,0.006540,1.022310,500.00,cifi0007.DBF
BLFN,10BLFN,F,NS,00,43,68,458.20,491,472.49,474.90,0.006540,1.022310,500.00,cifi0007.DBF
BLFN,10BLFN,F,NS,00,43,69,460.08,491,474.14,476.58,0.006540,1.022310,500.00,cifi0007.DBF
BLFN,10BLFN,F,NS,00,43,70,461.88,492,475.72,478.20,0.006540,1.022310,500.00,cifi0007.DBF
BLFN,10BLFN,F,NS,00,43,71,463.61,492,477.23,479.74,0.006540,1.022310,500.00,cifi0007.DBF
BLFN,10BLFN,F,NS,00,43,72,465.26,492,478.67,481.22,0.006540,1.022310,500.00,cifi0007.DBF
BLFN,10BLFN,F,NS,00,43,73,466.84,493,480.05,482.63,0.006540,1.022310,500.00,cifi0007.DBF
BLFN,10BLFN,F,NS,00,43,74,468.36,493,481.38,483.98,0.006540,1.022310,500.00,cifi0007.DBF
BLFN,10BLFN,F,NS,00,43,75,469.91,494,482.69,485.30,0.006540,1.022310,500.00,cifi0007.DBF
BLFN,10BLFN,F,NS,00,43,76,472.47,494,484.54,486.89,0.006540,1.022310,500.00,cifi0007.DBF
BLFN,10BLFN,F,NS,00,43,77,500.00,500,500.00,495.54,15.619960,1.022310,500.00,cifi0007.DBF
BLFN,10BLFN,F,NS,00,44,1,0.00,0,0.00,0.52,1.032140,1.032140,1000.00,cifi0007.DBF
BLFN,10BLFN,F,NS,00,44,2,0.00,0,5.96,6.38,6.800720,1.032140,1000.00,cifi0007.DBF
BLFN,10BLFN,F,NS,00,44,3,0.00,0,12.09,12.42,6.800720,1.032140,1000.00,cifi0007.DBF
BLFN,10BLFN,F,NS,00,44,4,3.30,28,18.38,18.63,6.800720,1.032140,1000.00,cifi0007.DBF
BLFN,10BLFN,F,NS,00,44,5,8.75,72,24.83,25.01,6.800720,1.032140,1000.00,cifi0007.DBF
BLFN,10BLFN,F,NS,00,44,6,14.37,114,31.43,31.53,6.800720,1.032140,1000.00,cifi0007.DBF
BLFN,10BLFN,F,NS,00,44,7,20.13,154,38.15,38.19,6.800720,1.032140,1000.00,cifi0007.DBF
BLFN,10BLFN,F,NS,00,44,8,26.01,192,44.97,44.96,6.800720,1.032140,1000.00,cifi0007.DBF
BLFN,10BLFN,F,NS,00,44,9,31.99,228,51.86,51.81,6.800720,1.032140,1000.00,cifi0007.DBF
BLFN,10BLFN,F,NS,00,44,10,38.04,262,58.80,58.73,6.800720,1.032140,1000.00,cifi0007.DBF
BLFN,10BLFN,F,NS,00,44,11,44.15,295,65.76,65.68,6.800720,1.032140,1000.00,cifi0007.DBF
BLFN,10BLFN,F,NS,00,44,12,50.32,326,72.77,72.66,6.800720,1.032140,1000.00,cifi0007.DBF
BLFN,10BLFN,F,NS,00,44,13,56.57,356,79.82,79.70,6.800720,1.032140,1000.00,cifi0007.DBF
BLFN,10BLFN,F,NS,00,44,14,62.92,384,86.94,86.78,6.800720,1.032140,1000.00,cifi0007.DBF
BLFN,10BLFN,F,NS,00,44,15,69.34,411,94.10,93.92,6.800720,1.032140,1000.00,cifi0007.DBF
BLFN,10BLFN,F,NS,00,44,16,75.85,438,101.31,101.11,6.800720,1.032140,1000.00,cifi0007.DBF
BLFN,10BLFN,F,NS,00,44,17,82.40,463,108.53,108.32,6.800720,1.032140,1000.00,cifi0007.DBF
BLFN,10BLFN,F,NS,00,44,18,88.95,487,115.72,115.53,6.800720,1.032140,1000.00,cifi0007.DBF
BLFN,10BLFN,F,NS,00,44,19,95.47,509,122.83,122.68,6.800720,1.032140,1000.00,cifi0007.DBF
BLFN,10BLFN,F,NS,00,44,20,101.91,531,129.83,129.73,6.800720,1.032140,1000.00,cifi0007.DBF
BLFN,10BLFN,F,NS,00,44,21,108.24,276,136.69,136.66,6.800720,1.032140,1000.00,cifi0007.DBF
BLFN,10BLFN,F,NS,00,44,22,117.39,289,146.37,144.93,6.800720,1.032140,500.00,cifi0007.DBF
BLFN,10BLFN,F,NS,00,44,23,126.79,301,156.25,154.71,6.800720,1.032140,500.00,cifi0007.DBF
BLFN,10BLFN,F,NS,00,44,24,136.46,313,166.34,164.69,6.800720,1.032140,500.00,cifi0007.DBF
BLFN,10BLFN,F,NS,00,44,25,146.39,324,176.62,174.88,6.800720,1.032140,500.00,cifi0007.DBF
BLFN,10BLFN,F,NS,00,44,26,156.58,335,187.09,185.25,6.800720,1.032140,500.00,cifi0007.DBF
BLFN,10BLFN,F,NS,00,44,27,167.01,346,197.73,195.81,6.800720,1.032140,500.00,cifi0007.DBF
BLFN,10BLFN,F,NS,00,44,28,177.65,356,208.52,206.53,6.800720,1.032140,500.00,cifi0007.DBF
BLFN,10BLFN,F,NS,00,44,29,188.49,365,219.43,217.38,6.800720,1.032140,500.00,cifi0007.DBF
BLFN,10BLFN,F,NS,00,44,30,199.50,374,230.44,228.34,6.800720,1.032140,500.00,cifi0007.DBF
BLFN,10BLFN,F,NS,00,44,31,210.66,382,241.52,239.38,6.800720,1.032140,500.00,cifi0007.DBF
BLFN,10BLFN,F,NS,00,44,32,221.93,391,252.65,250.49,6.800720,1.032140,500.00,cifi0007.DBF
BLFN,10BLFN,F,NS,00,44,33,233.30,398,263.80,261.62,6.800720,1.032140,500.00,cifi0007.DBF
BLFN,10BLFN,F,NS,00,44,34,244.72,405,274.93,272.76,6.800720,1.032140,500.00,cifi0007.DBF
BLFN,10BLFN,F,NS,00,44,35,256.14,412,286.00,283.87,6.800720,1.032140,500.00,cifi0007.DBF
BLFN,10BLFN,F,NS,00,44,36,267.49,419,296.93,294.87,6.800720,1.032140,500.00,cifi0007.DBF
BLFN,10BLFN,F,NS,00,44,37,278.68,425,307.66,305.70,6.800720,1.032140,500.00,cifi0007.DBF
BLFN,10BLFN,F,NS,00,44,38,289.75,430,318.22,316.34,6.800720,1.032140,500.00,cifi0007.DBF
BLFN,10BLFN,F,NS,00,44,39,300.76,436,328.65,326.84,6.800720,1.032140,500.00,cifi0007.DBF
BLFN,10BLFN,F,NS,00,44,40,311.67,441,338.93,337.19,6.800720,1.032140,500.00,cifi0007.DBF
BLFN,10BLFN,F,NS,00,44,41,322.19,445,348.81,347.27,6.800720,1.032140,500.00,cifi0007.DBF
BLFN,10BLFN,F,NS,00,44,42,332.25,449,358.22,356.92,6.800720,1.032140,500.00,cifi0007.DBF
BLFN,10BLFN,F,NS,00,44,43,342.01,453,367.29,366.16,6.800720,1.032140,500.00,cifi0007.DBF
BLFN,10BLFN,F,NS,00,44,44,351.38,457,375.98,375.04,6.800720,1.032140,500.00,cifi0007.DBF
BLFN,10BLFN,F,NS,00,44,45,360.30,460,384.22,383.50,6.800720,1.032140,500.00,cifi0007.DBF
BLFN,10BLFN,F,NS,00,44,46,368.76,463,391.99,391.50,6.800720,1.032140,500.00,cifi0007.DBF
BLFN,10BLFN,F,NS,00,44,47,376.76,466,399.33,399.06,6.800720,1.032140,500.00,cifi0007.DBF
BLFN,10BLFN,F,NS,00,44,48,384.33,469,406.24,406.18,6.800720,1.032140,500.00,cifi0007.DBF
BLFN,10BLFN,F,NS,00,44,49,391.48,471,412.75,412.89,6.800720,1.032140,500.00,cifi0007.DBF
BLFN,10BLFN,F,NS,00,44,50,398.28,473,418.92,419.23,6.800720,1.032140,500.00,cifi0007.DBF
BLFN,10BLFN,F,NS,00,44,51,404.84,475,424.85,425.28,6.800720,1.032140,500.00,cifi0007.DBF
BLFN,10BLFN,F,NS,00,44,52,411.08,477,430.48,431.06,6.800720,1.032140,500.00,cifi0007.DBF
BLFN,10BLFN,F,NS,00,44,53,416.86,479,435.67,436.47,6.800720,1.032140,500.00,cifi0007.DBF
BLFN,10BLFN,F,NS,00,44,54,422.13,481,440.39,441.43,6.800720,1.032140,500.00,cifi0007.DBF
BLFN,10BLFN,F,NS,00,44,55,426.83,482,444.59,445.89,6.800720,1.032140,500.00,cifi0007.DBF
BLFN,10BLFN,F,NS,00,44,56,430.85,483,448.18,449.78,6.800720,1.032140,500.00,cifi0007.DBF
BLFN,10BLFN,F,NS,00,44,57,434.29,484,451.24,453.11,6.800720,1.032140,500.00,cifi0007.DBF
BLFN,10BLFN,F,NS,00,44,58,437.36,485,453.98,456.01,6.800720,1.032140,500.00,cifi0007.DBF
BLFN,10BLFN,F,NS,00,44,59,440.10,486,456.42,458.60,6.800720,1.032140,500.00,cifi0007.DBF
BLFN,10BLFN,F,NS,00,44,60,442.57,486,458.61,460.91,6.800720,1.032140,500.00,cifi0007.DBF
BLFN,10BLFN,F,NS,00,44,61,444.84,487,460.62,463.01,6.800720,1.032140,500.00,cifi0007.DBF
BLFN,10BLFN,F,NS,00,44,62,447.10,488,462.63,465.03,6.800720,1.032140,500.00,cifi0007.DBF
BLFN,10BLFN,F,NS,00,44,63,449.42,488,464.68,467.05,6.800720,1.032140,500.00,cifi0007.DBF
BLFN,10BLFN,F,NS,00,44,64,451.65,489,466.65,469.06,6.800720,1.032140,500.00,cifi0007.DBF
BLFN,10BLFN,F,NS,00,44,65,453.79,489,468.54,470.99,6.800720,1.032140,500.00,cifi0007.DBF
BLFN,10BLFN,F,NS,00,44,66,455.85,490,470.35,472.85,6.800720,1.032140,500.00,cifi0007.DBF
BLFN,10BLFN,F,NS,00,44,67,457.82,490,472.09,474.62,6.800720,1.032140,500.00,cifi0007.DBF
BLFN,10BLFN,F,NS,00,44,68,459.72,491,473.76,476.33,6.800720,1.032140,500.00,cifi0007.DBF
BLFN,10BLFN,F,NS,00,44,69,461.54,491,475.35,477.96,6.800720,1.032140,500.00,cifi0007.DBF
BLFN,10BLFN,F,NS,00,44,70,463.28,492,476.88,479.52,6.800720,1.032140,500.00,cifi0007.DBF
BLFN,10BLFN,F,NS,00,44,71,464.94,492,478.34,481.01,6.800720,1.032140,500.00,cifi0007.DBF
BLFN,10BLFN,F,NS,00,44,72,466.54,493,479.74,482.44,6.800720,1.032140,500.00,cifi0007.DBF
BLFN,10BLFN,F,NS,00,44,73,468.07,493,481.08,483.81,6.800720,1.032140,500.00,cifi0007.DBF
BLFN,10BLFN,F,NS,00,44,74,469.63,493,482.41,485.14,6.800720,1.032140,500.00,cifi0007.DBF
BLFN,10BLFN,F,NS,00,44,75,472.22,494,484.28,486.74,6.800720,1.032140,500.00,cifi0007.DBF
BLFN,10BLFN,F,NS,00,44,76,500.00,500,500.00,495.54,15.619960,1.032140,500.00,cifi0007.DBF
BLFN,10BLFN,F,NS,00,45,1,0.00,0,0.00,0.53,0.105180,0.105180,1000.00,cifi0007.DBF
BLFN,10BLFN,F,NS,00,45,2,0.00,0,6.20,6.64,7.075940,0.105180,1000.00,cifi0007.DBF
BLFN,10BLFN,F,NS,00,45,3,0.00,0,12.57,12.92,7.075940,0.105180,1000.00,cifi0007.DBF
BLFN,10BLFN,F,NS,00,45,4,3.92,32,19.09,19.37,7.075940,0.105180,1000.00,cifi0007.DBF
BLFN,10BLFN,F,NS,00,45,5,9.59,76,25.76,25.97,7.075940,0.105180,1000.00,cifi0007.DBF
BLFN,10BLFN,F,NS,00,45,6,15.41,118,32.56,32.70,7.075940,0.105180,1000.00,cifi0007.DBF
BLFN,10BLFN,F,NS,00,45,7,21.35,157,39.46,39.55,7.075940,0.105180,1000.00,cifi0007.DBF
BLFN,10BLFN,F,NS,00,45,8,27.39,195,46.44,46.49,7.075940,0.105180,1000.00,cifi0007.DBF
BLFN,10BLFN,F,NS,00,45,9,33.50,231,53.46,53.49,7.075940,0.105180,1000.00,cifi0007.DBF
BLFN,10BLFN,F,NS,00,45,10,39.67,265,60.51,60.52,7.075940,0.105180,1000.00,cifi0007.DBF
BLFN,10BLFN,F,NS,00,45,11,45.91,298,67.60,67.59,7.075940,0.105180,1000.00,cifi0007.DBF
BLFN,10BLFN,F,NS,00,45,12,52.22,328,74.75,74.71,7.075940,0.105180,1000.00,cifi0007.DBF
BLFN,10BLFN,F,NS,00,45,13,58.64,358,81.96,81.89,7.075940,0.105180,1000.00,cifi0007.DBF
BLFN,10BLFN,F,NS,00,45,14,65.13,387,89.22,89.12,7.075940,0.105180,1000.00,cifi0007.DBF
BLFN,10BLFN,F,NS,00,45,15,71.71,414,96.52,96.41,7.075940,0.105180,1000.00,cifi0007.DBF
BLFN,10BLFN,F,NS,00,45,16,78.34,440,103.84,103.72,7.075940,0.105180,1000.00,cifi0007.DBF
BLFN,10BLFN,F,NS,00,45,17,84.97,465,111.13,111.03,7.075940,0.105180,1000.00,cifi0007.DBF
BLFN,10BLFN,F,NS,00,45,18,91.57,489,118.35,118.28,7.075940,0.105180,1000.00,cifi0007.DBF
BLFN,10BLFN,F,NS,00,45,19,98.09,511,125.46,125.44,7.075940,0.105180,1000.00,cifi0007.DBF
BLFN,10BLFN,F,NS,00,45,20,104.51,267,132.42,132.48,7.075940,0.105180,1000.00,cifi0007.DBF
BLFN,10BLFN,F,NS,00,45,21,113.74,280,142.22,140.86,7.075940,0.105180,500.00,cifi0007.DBF
BLFN,10BLFN,F,NS,00,45,22,123.24,293,152.21,150.75,7.075940,0.105180,500.00,cifi0007.DBF
BLFN,10BLFN,F,NS,00,45,23,133.00,305,162.41,160.85,7.075940,0.105180,500.00,cifi0007.DBF
BLFN,10BLFN,F,NS,00,45,24,143.02,317,172.81,171.15,7.075940,0.105180,500.00,cifi0007.DBF
BLFN,10BLFN,F,NS,00,45,25,153.30,328,183.40,181.64,7.075940,0.105180,500.00,cifi0007.DBF
BLFN,10BLFN,F,NS,00,45,26,163.83,339,194.17,192.32,7.075940,0.105180,500.00,cifi0007.DBF
BLFN,10BLFN,F,NS,00,45,27,174.58,349,205.08,203.16,7.075940,0.105180,500.00,cifi0007.DBF
BLFN,10BLFN,F,NS,00,45,28,185.52,359,216.12,214.14,7.075940,0.105180,500.00,cifi0007.DBF
BLFN,10BLFN,F,NS,00,45,29,196.64,369,227.25,225.22,7.075940,0.105180,500.00,cifi0007.DBF
BLFN,10BLFN,F,NS,00,45,30,207.90,377,238.46,236.39,7.075940,0.105180,500.00,cifi0007.DBF
BLFN,10BLFN,F,NS,00,45,31,219.28,386,249.71,247.63,7.075940,0.105180,500.00,cifi0007.DBF
BLFN,10BLFN,F,NS,00,45,32,230.75,394,260.99,258.89,7.075940,0.105180,500.00,cifi0007.DBF
BLFN,10BLFN,F,NS,00,45,33,242.29,401,272.25,270.16,7.075940,0.105180,500.00,cifi0007.DBF
BLFN,10BLFN,F,NS,00,45,34,253.82,409,283.45,281.39,7.075940,0.105180,500.00,cifi0007.DBF
BLFN,10BLFN,F,NS,00,45,35,265.27,415,294.51,292.51,7.075940,0.105180,500.00,cifi0007.DBF
BLFN,10BLFN,F,NS,00,45,36,276.57,421,305.36,303.47,7.075940,0.105180,500.00,cifi0007.DBF
BLFN,10BLFN,F,NS,00,45,37,287.75,427,316.03,314.23,7.075940,0.105180,500.00,cifi0007.DBF
BLFN,10BLFN,F,NS,00,45,38,298.86,433,326.59,324.85,7.075940,0.105180,500.00,cifi0007.DBF
BLFN,10BLFN,F,NS,00,45,39,309.87,438,336.99,335.33,7.075940,0.105180,500.00,cifi0007.DBF
BLFN,10BLFN,F,NS,00,45,40,320.49,443,346.98,345.52,7.075940,0.105180,500.00,cifi0007.DBF
BLFN,10BLFN,F,NS,00,45,41,330.65,447,356.49,355.27,7.075940,0.105180,500.00,cifi0007.DBF
BLFN,10BLFN,F,NS,00,45,42,340.50,451,365.67,364.62,7.075940,0.105180,500.00,cifi0007.DBF
BLFN,10BLFN,F,NS,00,45,43,349.96,455,374.46,373.60,7.075940,0.105180,500.00,cifi0007.DBF
BLFN,10BLFN,F,NS,00,45,44,358.97,459,382.79,382.16,7.075940,0.105180,500.00,cifi0007.DBF
BLFN,10BLFN,F,NS,00,45,45,367.51,462,390.65,390.26,7.075940,0.105180,500.00,cifi0007.DBF
BLFN,10BLFN,F,NS,00,45,46,375.59,465,398.07,397.90,7.075940,0.105180,500.00,cifi0007.DBF
BLFN,10BLFN,F,NS,00,45,47,383.23,467,405.07,405.11,7.075940,0.105180,500.00,cifi0007.DBF
BLFN,10BLFN,F,NS,00,45,48,390.44,470,411.65,411.89,7.075940,0.105180,500.00,cifi0007.DBF
BLFN,10BLFN,F,NS,00,45,49,397.31,472,417.89,418.30,7.075940,0.105180,500.00,cifi0007.DBF
BLFN,10BLFN,F,NS,00,45,50,403.93,474,423.89,424.43,7.075940,0.105180,500.00,cifi0007.DBF
BLFN,10BLFN,F,NS,00,45,51,410.23,476,429.58,430.27,7.075940,0.105180,500.00,cifi0007.DBF
BLFN,10BLFN,F,NS,00,45,52,416.07,478,434.83,435.74,7.075940,0.105180,500.00,cifi0007.DBF
BLFN,10BLFN,F,NS,00,45,53,421.39,480,439.61,440.76,7.075940,0.105180,500.00,cifi0007.DBF
BLFN,10BLFN,F,NS,00,45,54,426.13,481,443.85,445.27,7.075940,0.105180,500.00,cifi0007.DBF
BLFN,10BLFN,F,NS,00,45,55,430.19,482,447.49,449.21,7.075940,0.105180,500.00,cifi0007.DBF
BLFN,10BLFN,F,NS,00,45,56,433.66,483,450.58,452.57,7.075940,0.105180,500.00,cifi0007.DBF
BLFN,10BLFN,F,NS,00,45,57,436.76,484,453.35,455.51,7.075940,0.105180,500.00,cifi0007.DBF
BLFN,10BLFN,F,NS,00,45,58,439.53,485,455.82,458.12,7.075940,0.105180,500.00,cifi0007.DBF
BLFN,10BLFN,F,NS,00,45,59,442.02,486,458.03,460.46,7.075940,0.105180,500.00,cifi0007.DBF
BLFN,10BLFN,F,NS,00,45,60,444.31,486,460.07,462.59,7.075940,0.105180,500.00,cifi0007.DBF
BLFN,10BLFN,F,NS,00,45,61,446.59,487,462.10,464.62,7.075940,0.105180,500.00,cifi0007.DBF
BLFN,10BLFN,F,NS,00,45,62,448.93,488,464.17,466.67,7.075940,0.105180,500.00,cifi0007.DBF
BLFN,10BLFN,F,NS,00,45,63,451.19,488,466.17,468.71,7.075940,0.105180,500.00,cifi0007.DBF
BLFN,10BLFN,F,NS,00,45,64,453.35,489,468.08,470.66,7.075940,0.105180,500.00,cifi0007.DBF
BLFN,10BLFN,F,NS,00,45,65,455.43,489,469.91,472.53,7.075940,0.105180,500.00,cifi0007.DBF
BLFN,10BLFN,F,NS,00,45,66,457.42,490,471.67,474.33,7.075940,0.105180,500.00,cifi0007.DBF
BLFN,10BLFN,F,NS,00,45,67,459.34,490,473.36,476.05,7.075940,0.105180,500.00,cifi0007.DBF
BLFN,10BLFN,F,NS,00,45,68,461.17,491,474.97,477.70,7.075940,0.105180,500.00,cifi0007.DBF
BLFN,10BLFN,F,NS,00,45,69,462.93,491,476.52,479.28,7.075940,0.105180,500.00,cifi0007.DBF
BLFN,10BLFN,F,NS,00,45,70,464.61,492,477.99,480.79,7.075940,0.105180,500.00,cifi0007.DBF
BLFN,10BLFN,F,NS,00,45,71,466.22,492,479.41,482.24,7.075940,0.105180,500.00,cifi0007.DBF
BLFN,10BLFN,F,NS,00,45,72,467.77,493,480.76,483.62,7.075940,0.105180,500.00,cifi0007.DBF
BLFN,10BLFN,F,NS,00,45,73,469.34,493,482.10,484.97,7.075940,0.105180,500.00,cifi0007.DBF
BLFN,10BLFN,F,NS,00,45,74,471.95,494,484.00,486.59,7.075940,0.105180,500.00,cifi0007.DBF
BLFN,10BLFN,F,NS,00,45,75,500.00,500,500.00,495.54,15.619960,0.105180,500.00,cifi0007.DBF
BLFN,10BLFN,F,NS,00,46,1,0.00,0,0.00,0.55,1.091120,1.091120,1000.00,cifi0007.DBF
BLFN,10BLFN,F,NS,00,46,2,0.00,0,6.44,6.90,7.365870,1.091120,1000.00,cifi0007.DBF
BLFN,10BLFN,F,NS,00,46,3,0.00,0,13.04,13.43,7.365870,1.091120,1000.00,cifi0007.DBF
BLFN,10BLFN,F,NS,00,46,4,4.52,36,19.80,20.10,7.365870,1.091120,1000.00,cifi0007.DBF
BLFN,10BLFN,F,NS,00,46,5,10.40,80,26.68,26.92,7.365870,1.091120,1000.00,cifi0007.DBF
BLFN,10BLFN,F,NS,00,46,6,16.40,121,33.66,33.85,7.365870,1.091120,1000.00,cifi0007.DBF
BLFN,10BLFN,F,NS,00,46,7,22.50,160,40.72,40.88,7.365870,1.091120,1000.00,cifi0007.DBF
BLFN,10BLFN,F,NS,00,46,8,28.68,198,47.83,47.96,7.365870,1.091120,1000.00,cifi0007.DBF
BLFN,10BLFN,F,NS,00,46,9,34.91,233,54.98,55.09,7.365870,1.091120,1000.00,cifi0007.DBF
BLFN,10BLFN,F,NS,00,46,10,41.22,267,62.17,62.25,7.365870,1.091120,1000.00,cifi0007.DBF
BLFN,10BLFN,F,NS,00,46,11,47.61,299,69.41,69.47,7.365870,1.091120,1000.00,cifi0007.DBF
BLFN,10BLFN,F,NS,00,46,12,54.09,330,76.71,76.74,7.365870,1.091120,1000.00,cifi0007.DBF
BLFN,10BLFN,F,NS,00,46,13,60.66,360,84.07,84.07,7.365870,1.091120,1000.00,cifi0007.DBF
BLFN,10BLFN,F,NS,00,46,14,67.32,389,91.48,91.46,7.365870,1.091120,1000.00,cifi0007.DBF
BLFN,10BLFN,F,NS,00,46,15,74.03,416,98.91,98.88,7.365870,1.091120,1000.00,cifi0007.DBF
BLFN,10BLFN,F,NS,00,46,16,80.74,442,106.30,106.29,7.365870,1.091120,1000.00,cifi0007.DBF
BLFN,10BLFN,F,NS,00,46,17,87.43,467,113.63,113.65,7.365870,1.091120,1000.00,cifi0007.DBF
BLFN,10BLFN,F,NS,00,46,18,94.04,490,120.85,120.92,7.365870,1.091120,1000.00,cifi0007.DBF
BLFN,10BLFN,F,NS,00,46,19,100.54,256,127.93,128.07,7.365870,1.091120,1000.00,cifi0007.DBF
BLFN,10BLFN,F,NS,00,46,20,109.87,270,137.84,136.57,7.365870,1.091120,500.00,cifi0007.DBF
BLFN,10BLFN,F,NS,00,46,21,119.46,284,147.95,146.58,7.365870,1.091120,500.00,cifi0007.DBF
BLFN,10BLFN,F,NS,00,46,22,129.32,297,158.27,156.80,7.365870,1.091120,500.00,cifi0007.DBF
BLFN,10BLFN,F,NS,00,46,23,139.44,309,168.80,167.22,7.365870,1.091120,500.00,cifi0007.DBF
BLFN,10BLFN,F,NS,00,46,24,149.83,321,179.52,177.84,7.365870,1.091120,500.00,cifi0007.DBF
BLFN,10BLFN,F,NS,00,46,25,160.46,332,190.41,188.65,7.365870,1.091120,500.00,cifi0007.DBF
BLFN,10BLFN,F,NS,00,46,26,171.32,343,201.45,199.61,7.365870,1.091120,500.00,cifi0007.DBF
BLFN,10BLFN,F,NS,00,46,27,182.37,353,212.62,210.72,7.365870,1.091120,500.00,cifi0007.DBF
BLFN,10BLFN,F,NS,00,46,28,193.60,363,223.89,221.94,7.365870,1.091120,500.00,cifi0007.DBF
BLFN,10BLFN,F,NS,00,46,29,204.97,372,235.23,233.25,7.365870,1.091120,500.00,cifi0007.DBF
BLFN,10BLFN,F,NS,00,46,30,216.47,381,246.62,244.61,7.365870,1.091120,500.00,cifi0007.DBF
BLFN,10BLFN,F,NS,00,46,31,228.05,389,258.03,256.01,7.365870,1.091120,500.00,cifi0007.DBF
BLFN,10BLFN,F,NS,00,46,32,239.70,397,269.43,267.41,7.365870,1.091120,500.00,cifi0007.DBF
BLFN,10BLFN,F,NS,00,46,33,251.35,405,280.76,278.78,7.365870,1.091120,500.00,cifi0007.DBF
BLFN,10BLFN,F,NS,00,46,34,262.92,412,291.95,290.04,7.365870,1.091120,500.00,cifi0007.DBF
BLFN,10BLFN,F,NS,00,46,35,274.33,418,302.93,301.12,7.365870,1.091120,500.00,cifi0007.DBF
BLFN,10BLFN,F,NS,00,46,36,285.62,424,313.73,312.01,7.365870,1.091120,500.00,cifi0007.DBF
BLFN,10BLFN,F,NS,00,46,37,296.84,430,324.41,322.76,7.365870,1.091120,500.00,cifi0007.DBF
BLFN,10BLFN,F,NS,00,46,38,307.96,435,334.94,333.36,7.365870,1.091120,500.00,cifi0007.DBF
BLFN,10BLFN,F,NS,00,46,39,318.69,440,345.05,343.68,7.365870,1.091120,500.00,cifi0007.DBF
BLFN,10BLFN,F,NS,00,46,40,328.96,445,354.68,353.54,7.365870,1.091120,500.00,cifi0007.DBF
BLFN,10BLFN,F,NS,00,46,41,338.90,449,363.96,363.00,7.365870,1.091120,500.00,cifi0007.DBF
BLFN,10BLFN,F,NS,00,46,42,348.46,453,372.85,372.09,7.365870,1.091120,500.00,cifi0007.DBF
BLFN,10BLFN,F,NS,00,46,43,357.56,457,381.28,380.75,7.365870,1.091120,500.00,cifi0007.DBF
BLFN,10BLFN,F,NS,00,46,44,366.18,460,389.25,388.95,7.365870,1.091120,500.00,cifi0007.DBF
BLFN,10BLFN,F,NS,00,46,45,374.34,463,396.75,396.68,7.365870,1.091120,500.00,cifi0007.DBF
BLFN,10BLFN,F,NS,00,46,46,382.06,466,403.83,403.97,7.365870,1.091120,500.00,cifi0007.DBF
BLFN,10BLFN,F,NS,00,46,47,389.34,469,410.49,410.84,7.365870,1.091120,500.00,cifi0007.DBF
BLFN,10BLFN,F,NS,00,46,48,396.28,471,416.80,417.33,7.365870,1.091120,500.00,cifi0007.DBF
BLFN,10BLFN,F,NS,00,46,49,402.97,473,422.88,423.52,7.365870,1.091120,500.00,cifi0007.DBF
BLFN,10BLFN,F,NS,00,46,50,409.33,475,428.63,429.44,7.365870,1.091120,500.00,cifi0007.DBF
BLFN,10BLFN,F,NS,00,46,51,415.23,477,433.95,434.98,7.365870,1.091120,500.00,cifi0007.DBF
BLFN,10BLFN,F,NS,00,46,52,420.60,479,438.78,440.05,7.365870,1.091120,500.00,cifi0007.DBF
BLFN,10BLFN,F,NS,00,46,53,425.39,480,443.08,444.61,7.365870,1.091120,500.00,cifi0007.DBF
BLFN,10BLFN,F,NS,00,46,54,429.49,482,446.75,448.60,7.365870,1.091120,500.00,cifi0007.DBF
BLFN,10BLFN,F,NS,00,46,55,433.00,483,449.89,452.01,7.365870,1.091120,500.00,cifi0007.DBF
BLFN,10BLFN,F,NS,00,46,56,436.13,484,452.69,454.97,7.365870,1.091120,500.00,cifi0007.DBF
BLFN,10BLFN,F,NS,00,46,57,438.93,484,455.19,457.62,7.365870,1.091120,500.00,cifi0007.DBF
BLFN,10BLFN,F,NS,00,46,58,441.44,485,457.43,459.99,7.365870,1.091120,500.00,cifi0007.DBF
BLFN,10BLFN,F,NS,00,46,59,443.76,486,459.49,462.14,7.365870,1.091120,500.00,cifi0007.DBF
BLFN,10BLFN,F,NS,00,46,60,446.06,486,461.54,464.20,7.365870,1.091120,500.00,cifi0007.DBF
BLFN,10BLFN,F,NS,00,46,61,448.42,487,463.64,466.27,7.365870,1.091120,500.00,cifi0007.DBF
BLFN,10BLFN,F,NS,00,46,62,450.70,488,465.66,468.33,7.365870,1.091120,500.00,cifi0007.DBF
BLFN,10BLFN,F,NS,00,46,63,452.88,488,467.59,470.31,7.365870,1.091120,500.00,cifi0007.DBF
BLFN,10BLFN,F,NS,00,46,64,454.98,489,469.45,472.20,7.365870,1.091120,500.00,cifi0007.DBF
BLFN,10BLFN,F,NS,00,46,65,457.00,489,471.23,474.02,7.365870,1.091120,500.00,cifi0007.DBF
BLFN,10BLFN,F,NS,00,46,66,458.93,490,472.94,475.77,7.365870,1.091120,500.00,cifi0007.DBF
BLFN,10BLFN,F,NS,00,46,67,460.78,490,474.57,477.44,7.365870,1.091120,500.00,cifi0007.DBF
BLFN,10BLFN,F,NS,00,46,68,462.56,491,476.13,479.03,7.365870,1.091120,500.00,cifi0007.DBF
BLFN,10BLFN,F,NS,00,46,69,464.25,491,477.63,480.56,7.365870,1.091120,500.00,cifi0007.DBF
BLFN,10BLFN,F,NS,00,46,70,465.88,492,479.06,482.02,7.365870,1.091120,500.00,cifi0007.DBF
BLFN,10BLFN,F,NS,00,46,71,467.45,492,480.43,483.42,7.365870,1.091120,500.00,cifi0007.DBF
BLFN,10BLFN,F,NS,00,46,72,469.04,493,481.79,484.79,7.365870,1.091120,500.00,cifi0007.DBF
BLFN,10BLFN,F,NS,00,46,73,471.67,493,483.71,486.43,7.365870,1.091120,500.00,cifi0007.DBF
BLFN,10BLFN,F,NS,00,46,74,500.00,500,500.00,495.54,15.619960,1.091120,500.00,cifi0007.DBF
BLFN,10BLFN,F,NS,00,47,1,0.00,0,0.00,0.58,0.115010,0.115010,1000.00,cifi0007.DBF
BLFN,10BLFN,F,NS,00,47,2,0.00,0,6.69,7.18,7.670730,0.115010,1000.00,cifi0007.DBF
BLFN,10BLFN,F,NS,00,47,3,0.00,0,13.52,13.94,7.670730,0.115010,1000.00,cifi0007.DBF
BLFN,10BLFN,F,NS,00,47,4,5.09,39,20.49,20.84,7.670730,0.115010,1000.00,cifi0007.DBF
BLFN,10BLFN,F,NS,00,47,5,11.16,83,27.56,27.86,7.670730,0.115010,1000.00,cifi0007.DBF
BLFN,10BLFN,F,NS,00,47,6,17.33,124,34.72,34.98,7.670730,0.115010,1000.00,cifi0007.DBF
BLFN,10BLFN,F,NS,00,47,7,23.57,163,41.92,42.16,7.670730,0.115010,1000.00,cifi0007.DBF
BLFN,10BLFN,F,NS,00,47,8,29.87,200,49.16,49.38,7.670730,0.115010,1000.00,cifi0007.DBF
BLFN,10BLFN,F,NS,00,47,9,36.25,235,56.45,56.64,7.670730,0.115010,1000.00,cifi0007.DBF
BLFN,10BLFN,F,NS,00,47,10,42.72,269,63.79,63.95,7.670730,0.115010,1000.00,cifi0007.DBF
BLFN,10BLFN,F,NS,00,47,11,49.28,301,71.19,71.33,7.670730,0.115010,1000.00,cifi0007.DBF
BLFN,10BLFN,F,NS,00,47,12,55.93,332,78.66,78.76,7.670730,0.115010,1000.00,cifi0007.DBF
BLFN,10BLFN,F,NS,00,47,13,62.67,362,86.18,86.25,7.670730,0.115010,1000.00,cifi0007.DBF
BLFN,10BLFN,F,NS,00,47,14,69.46,390,93.71,93.78,7.670730,0.115010,1000.00,cifi0007.DBF
BLFN,10BLFN,F,NS,00,47,15,76.26,417,101.22,101.30,7.670730,0.115010,1000.00,cifi0007.DBF
BLFN,10BLFN,F,NS,00,47,16,83.04,443,108.67,108.78,7.670730,0.115010,1000.00,cifi0007.DBF
BLFN,10BLFN,F,NS,00,47,17,89.74,468,116.00,116.17,7.670730,0.115010,1000.00,cifi0007.DBF
BLFN,10BLFN,F,NS,00,47,18,96.34,246,123.20,123.44,7.670730,0.115010,1000.00,cifi0007.DBF
BLFN,10BLFN,F,NS,00,47,19,105.77,260,133.24,132.06,7.670730,0.115010,500.00,cifi0007.DBF
BLFN,10BLFN,F,NS,00,47,20,115.46,274,143.48,142.19,7.670730,0.115010,500.00,cifi0007.DBF
BLFN,10BLFN,F,NS,00,47,21,125.42,288,153.93,152.54,7.670730,0.115010,500.00,cifi0007.DBF
BLFN,10BLFN,F,NS,00,47,22,135.65,301,164.58,163.09,7.670730,0.115010,500.00,cifi0007.DBF
BLFN,10BLFN,F,NS,00,47,23,146.15,313,175.43,173.84,7.670730,0.115010,500.00,cifi0007.DBF
BLFN,10BLFN,F,NS,00,47,24,156.89,325,186.46,184.78,7.670730,0.115010,500.00,cifi0007.DBF
BLFN,10BLFN,F,NS,00,47,25,167.86,336,197.64,195.89,7.670730,0.115010,500.00,cifi0007.DBF
BLFN,10BLFN,F,NS,00,47,26,179.03,347,208.95,207.13,7.670730,0.115010,500.00,cifi0007.DBF
BLFN,10BLFN,F,NS,00,47,27,190.38,357,220.36,218.49,7.670730,0.115010,500.00,cifi0007.DBF
BLFN,10BLFN,F,NS,00,47,28,201.87,367,231.84,229.93,7.670730,0.115010,500.00,cifi0007.DBF
BLFN,10BLFN,F,NS,00,47,29,213.48,376,243.37,241.44,7.670730,0.115010,500.00,cifi0007.DBF
BLFN,10BLFN,F,NS,00,47,30,225.20,384,254.92,252.98,7.670730,0.115010,500.00,cifi0007.DBF
BLFN,10BLFN,F,NS,00,47,31,236.96,393,266.46,264.52,7.670730,0.115010,500.00,cifi0007.DBF
BLFN,10BLFN,F,NS,00,47,32,248.74,400,277.93,276.03,7.670730,0.115010,500.00,cifi0007.DBF
BLFN,10BLFN,F,NS,00,47,33,260.43,408,289.26,287.43,7.670730,0.115010,500.00,cifi0007.DBF
BLFN,10BLFN,F,NS,00,47,34,271.96,414,300.38,298.65,7.670730,0.115010,500.00,cifi0007.DBF
BLFN,10BLFN,F,NS,00,47,35,283.37,421,311.31,309.68,7.670730,0.115010,500.00,cifi0007.DBF
BLFN,10BLFN,F,NS,00,47,36,294.71,427,322.13,320.56,7.670730,0.115010,500.00,cifi0007.DBF
BLFN,10BLFN,F,NS,00,47,37,305.94,433,332.78,331.29,7.670730,0.115010,500.00,cifi0007.DBF
BLFN,10BLFN,F,NS,00,47,38,316.79,438,343.02,341.73,7.670730,0.115010,500.00,cifi0007.DBF
BLFN,10BLFN,F,NS,00,47,39,327.16,443,352.76,351.73,7.670730,0.115010,500.00,cifi0007.DBF
BLFN,10BLFN,F,NS,00,47,40,337.21,447,362.17,361.30,7.670730,0.115010,500.00,cifi0007.DBF
BLFN,10BLFN,F,NS,00,47,41,346.86,451,371.17,370.50,7.670730,0.115010,500.00,cifi0007.DBF
BLFN,10BLFN,F,NS,00,47,42,356.06,455,379.70,379.27,7.670730,0.115010,500.00,cifi0007.DBF
BLFN,10BLFN,F,NS,00,47,43,364.77,458,387.76,387.57,7.670730,0.115010,500.00,cifi0007.DBF
BLFN,10BLFN,F,NS,00,47,44,373.02,462,395.36,395.40,7.670730,0.115010,500.00,cifi0007.DBF
BLFN,10BLFN,F,NS,00,47,45,380.82,465,402.53,402.78,7.670730,0.115010,500.00,cifi0007.DBF
BLFN,10BLFN,F,NS,00,47,46,388.18,467,409.27,409.73,7.670730,0.115010,500.00,cifi0007.DBF
BLFN,10BLFN,F,NS,00,47,47,395.19,470,415.66,416.30,7.670730,0.115010,500.00,cifi0007.DBF
BLFN,10BLFN,F,NS,00,47,48,401.95,472,421.81,422.57,7.670730,0.115010,500.00,cifi0007.DBF
BLFN,10BLFN,F,NS,00,47,49,408.38,474,427.64,428.56,7.670730,0.115010,500.00,cifi0007.DBF
BLFN,10BLFN,F,NS,00,47,50,414.34,476,433.02,434.17,7.670730,0.115010,500.00,cifi0007.DBF
BLFN,10BLFN,F,NS,00,47,51,419.77,478,437.92,439.31,7.670730,0.115010,500.00,cifi0007.DBF
BLFN,10BLFN,F,NS,00,47,52,424.60,479,442.26,443.93,7.670730,0.115010,500.00,cifi0007.DBF
BLFN,10BLFN,F,NS,00,47,53,428.75,481,445.99,447.96,7.670730,0.115010,500.00,cifi0007.DBF
BLFN,10BLFN,F,NS,00,47,54,432.29,482,449.16,451.41,7.670730,0.115010,500.00,cifi0007.DBF
BLFN,10BLFN,F,NS,00,47,55,435.46,483,452.00,454.41,7.670730,0.115010,500.00,cifi0007.DBF
BLFN,10BLFN,F,NS,00,47,56,438.28,484,454.52,457.09,7.670730,0.115010,500.00,cifi0007.DBF
BLFN,10BLFN,F,NS,00,47,57,440.82,484,456.79,459.49,7.670730,0.115010,500.00,cifi0007.DBF
BLFN,10BLFN,F,NS,00,47,58,443.16,485,458.88,461.67,7.670730,0.115010,500.00,cifi0007.DBF
BLFN,10BLFN,F,NS,00,47,59,445.49,486,460.96,463.75,7.670730,0.115010,500.00,cifi0007.DBF
BLFN,10BLFN,F,NS,00,47,60,447.88,486,463.08,465.85,7.670730,0.115010,500.00,cifi0007.DBF
BLFN,10BLFN,F,NS,00,47,61,450.18,487,465.12,467.94,7.670730,0.115010,500.00,cifi0007.DBF
BLFN,10BLFN,F,NS,00,47,62,452.39,488,467.08,469.94,7.670730,0.115010,500.00,cifi0007.DBF
BLFN,10BLFN,F,NS,00,47,63,454.51,488,468.96,471.86,7.670730,0.115010,500.00,cifi0007.DBF
BLFN,10BLFN,F,NS,00,47,64,456.54,489,470.77,473.70,7.670730,0.115010,500.00,cifi0007.DBF
BLFN,10BLFN,F,NS,00,47,65,458.50,490,472.49,475.46,7.670730,0.115010,500.00,cifi0007.DBF
BLFN,10BLFN,F,NS,00,47,66,460.37,490,474.15,477.15,7.670730,0.115010,500.00,cifi0007.DBF
BLFN,10BLFN,F,NS,00,47,67,462.16,491,475.73,478.77,7.670730,0.115010,500.00,cifi0007.DBF
BLFN,10BLFN,F,NS,00,47,68,463.88,491,477.24,480.32,7.670730,0.115010,500.00,cifi0007.DBF
BLFN,10BLFN,F,NS,00,47,69,465.52,491,478.69,481.80,7.670730,0.115010,500.00,cifi0007.DBF
BLFN,10BLFN,F,NS,00,47,70,467.11,492,480.08,483.22,7.670730,0.115010,500.00,cifi0007.DBF
BLFN,10BLFN,F,NS,00,47,71,468.71,492,481.45,484.60,7.670730,0.115010,500.00,cifi0007.DBF
BLFN,10BLFN,F,NS,00,47,72,471.37,493,483.41,486.27,7.670730,0.115010,500.00,cifi0007.DBF
BLFN,10BLFN,F,NS,00,47,73,500.00,500,500.00,495.54,15.619960,0.115010,500.00,cifi0007.DBF
BLFN,10BLFN,F,NS,00,48,1,0.00,0,0.00,0.61,1.218910,1.218910,1000.00,cifi0007.DBF
BLFN,10BLFN,F,NS,00,48,2,0.00,0,6.93,7.46,7.991280,1.218910,1000.00,cifi0007.DBF
BLFN,10BLFN,F,NS,00,48,3,0.00,0,13.99,14.45,7.991280,1.218910,1000.00,cifi0007.DBF
BLFN,10BLFN,F,NS,00,48,4,5.62,42,21.15,21.56,7.991280,1.218910,1000.00,cifi0007.DBF
BLFN,10BLFN,F,NS,00,48,5,11.86,85,28.40,28.77,7.991280,1.218910,1000.00,cifi0007.DBF
BLFN,10BLFN,F,NS,00,48,6,18.18,126,35.70,36.05,7.991280,1.218910,1000.00,cifi0007.DBF
BLFN,10BLFN,F,NS,00,48,7,24.55,164,43.04,43.37,7.991280,1.218910,1000.00,cifi0007.DBF
BLFN,10BLFN,F,NS,00,48,8,31.01,201,50.43,50.73,7.991280,1.218910,1000.00,cifi0007.DBF
BLFN,10BLFN,F,NS,00,48,9,37.55,236,57.88,58.15,7.991280,1.218910,1000.00,cifi0007.DBF
BLFN,10BLFN,F,NS,00,48,10,44.20,270,65.39,65.63,7.991280,1.218910,1000.00,cifi0007.DBF
BLFN,10BLFN,F,NS,00,48,11,50.93,302,72.97,73.18,7.991280,1.218910,1000.00,cifi0007.DBF
BLFN,10BLFN,F,NS,00,48,12,57.76,333,80.60,80.78,7.991280,1.218910,1000.00,cifi0007.DBF
BLFN,10BLFN,F,NS,00,48,13,64.64,363,88.25,88.42,7.991280,1.218910,1000.00,cifi0007.DBF
BLFN,10BLFN,F,NS,00,48,14,71.53,391,95.88,96.06,7.991280,1.218910,1000.00,cifi0007.DBF
BLFN,10BLFN,F,NS,00,48,15,78.41,418,103.45,103.66,7.991280,1.218910,1000.00,cifi0007.DBF
BLFN,10BLFN,F,NS,00,48,16,85.21,444,110.91,111.18,7.991280,1.218910,1000.00,cifi0007.DBF
BLFN,10BLFN,F,NS,00,48,17,91.91,234,118.23,118.57,7.991280,1.218910,1000.00,cifi0007.DBF
BLFN,10BLFN,F,NS,00,48,18,101.44,250,128.40,127.31,7.991280,1.218910,500.00,cifi0007.DBF
BLFN,10BLFN,F,NS,00,48,19,111.23,264,138.77,137.58,7.991280,1.218910,500.00,cifi0007.DBF
BLFN,10BLFN,F,NS,00,48,20,121.30,278,149.35,148.06,7.991280,1.218910,500.00,cifi0007.DBF
BLFN,10BLFN,F,NS,00,48,21,131.65,292,160.15,158.75,7.991280,1.218910,500.00,cifi0007.DBF
BLFN,10BLFN,F,NS,00,48,22,142.26,305,171.14,169.64,7.991280,1.218910,500.00,cifi0007.DBF
BLFN,10BLFN,F,NS,00,48,23,153.12,317,182.31,180.72,7.991280,1.218910,500.00,cifi0007.DBF
BLFN,10BLFN,F,NS,00,48,24,164.21,329,193.63,191.97,7.991280,1.218910,500.00,cifi0007.DBF
BLFN,10BLFN,F,NS,00,48,25,175.50,340,205.09,203.35,7.991280,1.218910,500.00,cifi0007.DBF
BLFN,10BLFN,F,NS,00,48,26,186.97,350,216.64,214.86,7.991280,1.218910,500.00,cifi0007.DBF
BLFN,10BLFN,F,NS,00,48,27,198.59,361,228.27,226.45,7.991280,1.218910,500.00,cifi0007.DBF
BLFN,10BLFN,F,NS,00,48,28,210.34,370,239.95,238.11,7.991280,1.218910,500.00,cifi0007.DBF
BLFN,10BLFN,F,NS,00,48,29,222.18,379,251.65,249.80,7.991280,1.218910,500.00,cifi0007.DBF
BLFN,10BLFN,F,NS,00,48,30,234.07,388,263.34,261.49,7.991280,1.218910,500.00,cifi0007.DBF
BLFN,10BLFN,F,NS,00,48,31,245.97,396,274.95,273.14,7.991280,1.218910,500.00,cifi0007.DBF
BLFN,10BLFN,F,NS,00,48,32,257.79,404,286.43,284.69,7.991280,1.218910,500.00,cifi0007.DBF
BLFN,10BLFN,F,NS,00,48,33,269.46,411,297.69,296.06,7.991280,1.218910,500.00,cifi0007.DBF
BLFN,10BLFN,F,NS,00,48,34,280.99,417,308.77,307.23,7.991280,1.218910,500.00,cifi0007.DBF
BLFN,10BLFN,F,NS,00,48,35,292.45,424,319.72,318.24,7.991280,1.218910,500.00,cifi0007.DBF
BLFN,10BLFN,F,NS,00,48,36,303.81,430,330.51,329.11,7.991280,1.218910,500.00,cifi0007.DBF
BLFN,10BLFN,F,NS,00,48,37,314.78,435,340.88,339.69,7.991280,1.218910,500.00,cifi0007.DBF
BLFN,10BLFN,F,NS,00,48,38,325.26,440,350.76,349.81,7.991280,1.218910,500.00,cifi0007.DBF
BLFN,10BLFN,F,NS,00,48,39,335.42,445,360.28,359.51,7.991280,1.218910,500.00,cifi0007.DBF
BLFN,10BLFN,F,NS,00,48,40,345.18,449,369.39,368.83,7.991280,1.218910,500.00,cifi0007.DBF
BLFN,10BLFN,F,NS,00,48,41,354.48,453,378.04,377.71,7.991280,1.218910,500.00,cifi0007.DBF
BLFN,10BLFN,F,NS,00,48,42,363.29,457,386.20,386.12,7.991280,1.218910,500.00,cifi0007.DBF
BLFN,10BLFN,F,NS,00,48,43,371.62,460,393.90,394.05,7.991280,1.218910,500.00,cifi0007.DBF
BLFN,10BLFN,F,NS,00,48,44,379.51,463,401.16,401.53,7.991280,1.218910,500.00,cifi0007.DBF
BLFN,10BLFN,F,NS,00,48,45,386.95,466,407.99,408.57,7.991280,1.218910,500.00,cifi0007.DBF
BLFN,10BLFN,F,NS,00,48,46,394.03,468,414.46,415.22,7.991280,1.218910,500.00,cifi0007.DBF
BLFN,10BLFN,F,NS,00,48,47,400.87,471,420.69,421.57,7.991280,1.218910,500.00,cifi0007.DBF
BLFN,10BLFN,F,NS,00,48,48,407.37,473,426.60,427.64,7.991280,1.218910,500.00,cifi0007.DBF
BLFN,10BLFN,F,NS,00,48,49,413.40,475,432.05,433.32,7.991280,1.218910,500.00,cifi0007.DBF
BLFN,10BLFN,F,NS,00,48,50,418.89,477,437.00,438.52,7.991280,1.218910,500.00,cifi0007.DBF
BLFN,10BLFN,F,NS,00,48,51,423.78,478,441.41,443.20,7.991280,1.218910,500.00,cifi0007.DBF
BLFN,10BLFN,F,NS,00,48,52,427.97,480,445.18,447.29,7.991280,1.218910,500.00,cifi0007.DBF
BLFN,10BLFN,F,NS,00,48,53,431.55,481,448.39,450.78,7.991280,1.218910,500.00,cifi0007.DBF
BLFN,10BLFN,F,NS,00,48,54,434.75,482,451.27,453.83,7.991280,1.218910,500.00,cifi0007.DBF
BLFN,10BLFN,F,NS,00,48,55,437.61,483,453.82,456.54,7.991280,1.218910,500.00,cifi0007.DBF
BLFN,10BLFN,F,NS,00,48,56,440.17,484,456.12,458.97,7.991280,1.218910,500.00,cifi0007.DBF
BLFN,10BLFN,F,NS,00,48,57,442.54,484,458.24,461.18,7.991280,1.218910,500.00,cifi0007.DBF
BLFN,10BLFN,F,NS,00,48,58,444.89,485,460.34,463.29,7.991280,1.218910,500.00,cifi0007.DBF
BLFN,10BLFN,F,NS,00,48,59,447.31,486,462.49,465.41,7.991280,1.218910,500.00,cifi0007.DBF
BLFN,10BLFN,F,NS,00,48,60,449.63,487,464.56,467.52,7.991280,1.218910,500.00,cifi0007.DBF
BLFN,10BLFN,F,NS,00,48,61,451.86,487,466.55,469.55,7.991280,1.218910,500.00,cifi0007.DBF
BLFN,10BLFN,F,NS,00,48,62,454.01,488,468.45,471.49,7.991280,1.218910,500.00,cifi0007.DBF
BLFN,10BLFN,F,NS,00,48,63,456.07,488,470.28,473.36,7.991280,1.218910,500.00,cifi0007.DBF
BLFN,10BLFN,F,NS,00,48,64,458.04,489,472.03,475.15,7.991280,1.218910,500.00,cifi0007.DBF
BLFN,10BLFN,F,NS,00,48,65,459.93,490,473.70,476.86,7.991280,1.218910,500.00,cifi0007.DBF
BLFN,10BLFN,F,NS,00,48,66,461.75,490,475.30,478.50,7.991280,1.218910,500.00,cifi0007.DBF
BLFN,10BLFN,F,NS,00,48,67,463.48,491,476.84,480.06,7.991280,1.218910,500.00,cifi0007.DBF
BLFN,10BLFN,F,NS,00,48,68,465.14,491,478.30,481.56,7.991280,1.218910,500.00,cifi0007.DBF
BLFN,10BLFN,F,NS,00,48,69,466.74,492,479.71,483.00,7.991280,1.218910,500.00,cifi0007.DBF
BLFN,10BLFN,F,NS,00,48,70,468.37,492,481.10,484.40,7.991280,1.218910,500.00,cifi0007.DBF
BLFN,10BLFN,F,NS,00,48,71,471.06,493,483.09,486.09,7.991280,1.218910,500.00,cifi0007.DBF
BLFN,10BLFN,F,NS,00,48,72,500.00,500,500.00,495.54,15.619960,1.218910,500.00,cifi0007.DBF
BLFN,10BLFN,F,NS,00,49,1,0.00,0,0.00,0.65,1.307380,1.307380,1000.00,cifi0007.DBF
BLFN,10BLFN,F,NS,00,49,2,0.00,0,7.15,7.74,8.327870,1.307380,1000.00,cifi0007.DBF
BLFN,10BLFN,F,NS,00,49,3,0.00,0,14.42,14.95,8.327870,1.307380,1000.00,cifi0007.DBF
BLFN,10BLFN,F,NS,00,49,4,6.09,44,21.77,22.26,8.327870,1.307380,1000.00,cifi0007.DBF
BLFN,10BLFN,F,NS,00,49,5,12.48,86,29.18,29.64,8.327870,1.307380,1000.00,cifi0007.DBF
BLFN,10BLFN,F,NS,00,49,6,18.93,127,36.62,37.06,8.327870,1.307380,1000.00,cifi0007.DBF
BLFN,10BLFN,F,NS,00,49,7,25.47,165,44.12,44.53,8.327870,1.307380,1000.00,cifi0007.DBF
BLFN,10BLFN,F,NS,00,49,8,32.10,202,51.67,52.06,8.327870,1.307380,1000.00,cifi0007.DBF
BLFN,10BLFN,F,NS,00,49,9,38.83,237,59.30,59.65,8.327870,1.307380,1000.00,cifi0007.DBF
BLFN,10BLFN,F,NS,00,49,10,45.65,271,66.99,67.31,8.327870,1.307380,1000.00,cifi0007.DBF
BLFN,10BLFN,F,NS,00,49,11,52.57,304,74.74,75.03,8.327870,1.307380,1000.00,cifi0007.DBF
BLFN,10BLFN,F,NS,00,49,12,59.55,335,82.52,82.80,8.327870,1.307380,1000.00,cifi0007.DBF
BLFN,10BLFN,F,NS,00,49,13,66.54,364,90.27,90.56,8.327870,1.307380,1000.00,cifi0007.DBF
BLFN,10BLFN,F,NS,00,49,14,73.51,392,97.97,98.29,8.327870,1.307380,1000.00,cifi0007.DBF
BLFN,10BLFN,F,NS,00,49,15,80.41,419,105.56,105.93,8.327870,1.307380,1000.00,cifi0007.DBF
BLFN,10BLFN,F,NS,00,49,16,87.22,223,113.02,113.45,8.327870,1.307380,1000.00,cifi0007.DBF
BLFN,10BLFN,F,NS,00,49,17,96.86,238,123.32,122.33,8.327870,1.307380,500.00,cifi0007.DBF
BLFN,10BLFN,F,NS,00,49,18,106.77,254,133.83,132.74,8.327870,1.307380,500.00,cifi0007.DBF
BLFN,10BLFN,F,NS,00,49,19,116.96,268,144.55,143.35,8.327870,1.307380,500.00,cifi0007.DBF
BLFN,10BLFN,F,NS,00,49,20,127.42,282,155.49,154.19,8.327870,1.307380,500.00,cifi0007.DBF
BLFN,10BLFN,F,NS,00,49,21,138.15,296,166.63,165.22,8.327870,1.307380,500.00,cifi0007.DBF
BLFN,10BLFN,F,NS,00,49,22,149.14,309,177.95,176.45,8.327870,1.307380,500.00,cifi0007.DBF
BLFN,10BLFN,F,NS,00,49,23,160.36,321,189.42,187.85,8.327870,1.307380,500.00,cifi0007.DBF
BLFN,10BLFN,F,NS,00,49,24,171.78,333,201.03,199.39,8.327870,1.307380,500.00,cifi0007.DBF
BLFN,10BLFN,F,NS,00,49,25,183.38,344,212.74,211.05,8.327870,1.307380,500.00,cifi0007.DBF
BLFN,10BLFN,F,NS,00,49,26,195.13,354,224.53,222.80,8.327870,1.307380,500.00,cifi0007.DBF
BLFN,10BLFN,F,NS,00,49,27,207.01,364,236.36,234.61,8.327870,1.307380,500.00,cifi0007.DBF
BLFN,10BLFN,F,NS,00,49,28,218.99,374,248.22,246.45,8.327870,1.307380,500.00,cifi0007.DBF
BLFN,10BLFN,F,NS,00,49,29,231.02,383,260.06,258.30,8.327870,1.307380,500.00,cifi0007.DBF
BLFN,10BLFN,F,NS,00,49,30,243.06,391,271.83,270.11,8.327870,1.307380,500.00,cifi0007.DBF
BLFN,10BLFN,F,NS,00,49,31,255.01,399,283.46,281.81,8.327870,1.307380,500.00,cifi0007.DBF
BLFN,10BLFN,F,NS,00,49,32,266.81,407,294.87,293.33,8.327870,1.307380,500.00,cifi0007.DBF
BLFN,10BLFN,F,NS,00,49,33,278.47,414,306.10,304.65,8.327870,1.307380,500.00,cifi0007.DBF
BLFN,10BLFN,F,NS,00,49,34,290.07,420,317.20,315.81,8.327870,1.307380,500.00,cifi0007.DBF
BLFN,10BLFN,F,NS,00,49,35,301.56,426,328.13,326.83,8.327870,1.307380,500.00,cifi0007.DBF
BLFN,10BLFN,F,NS,00,49,36,312.65,432,338.64,337.55,8.327870,1.307380,500.00,cifi0007.DBF
BLFN,10BLFN,F,NS,00,49,37,323.25,437,348.65,347.81,8.327870,1.307380,500.00,cifi0007.DBF
BLFN,10BLFN,F,NS,00,49,38,333.53,442,358.30,357.63,8.327870,1.307380,500.00,cifi0007.DBF
BLFN,10BLFN,F,NS,00,49,39,343.40,447,367.53,367.08,8.327870,1.307380,500.00,cifi0007.DBF
BLFN,10BLFN,F,NS,00,49,40,352.81,451,376.29,376.08,8.327870,1.307380,500.00,cifi0007.DBF
BLFN,10BLFN,F,NS,00,49,41,361.72,455,384.57,384.60,8.327870,1.307380,500.00,cifi0007.DBF
BLFN,10BLFN,F,NS,00,49,42,370.15,458,392.37,392.63,8.327870,1.307380,500.00,cifi0007.DBF
BLFN,10BLFN,F,NS,00,49,43,378.12,461,399.72,400.21,8.327870,1.307380,500.00,cifi0007.DBF
BLFN,10BLFN,F,NS,00,49,44,385.65,464,406.64,407.35,8.327870,1.307380,500.00,cifi0007.DBF
BLFN,10BLFN,F,NS,00,49,45,392.82,467,413.20,414.09,8.327870,1.307380,500.00,cifi0007.DBF
BLFN,10BLFN,F,NS,00,49,46,399.73,469,419.52,420.52,8.327870,1.307380,500.00,cifi0007.DBF
BLFN,10BLFN,F,NS,00,49,47,406.31,472,425.50,426.67,8.327870,1.307380,500.00,cifi0007.DBF
BLFN,10BLFN,F,NS,00,49,48,412.40,474,431.02,432.43,8.327870,1.307380,500.00,cifi0007.DBF
BLFN,10BLFN,F,NS,00,49,49,417.96,476,436.05,437.70,8.327870,1.307380,500.00,cifi0007.DBF
BLFN,10BLFN,F,NS,00,49,50,422.90,477,440.51,442.44,8.327870,1.307380,500.00,cifi0007.DBF
BLFN,10BLFN,F,NS,00,49,51,427.14,479,444.33,446.58,8.327870,1.307380,500.00,cifi0007.DBF
BLFN,10BLFN,F,NS,00,49,52,430.76,480,447.59,450.12,8.327870,1.307380,500.00,cifi0007.DBF
BLFN,10BLFN,F,NS,00,49,53,434.00,481,450.50,453.21,8.327870,1.307380,500.00,cifi0007.DBF
BLFN,10BLFN,F,NS,00,49,54,436.89,482,453.09,455.96,8.327870,1.307380,500.00,cifi0007.DBF
BLFN,10BLFN,F,NS,00,49,55,439.48,483,455.42,458.42,8.327870,1.307380,500.00,cifi0007.DBF
BLFN,10BLFN,F,NS,00,49,56,441.88,484,457.57,460.66,8.327870,1.307380,500.00,cifi0007.DBF
BLFN,10BLFN,F,NS,00,49,57,444.26,484,459.69,462.79,8.327870,1.307380,500.00,cifi0007.DBF
BLFN,10BLFN,F,NS,00,49,58,446.70,485,461.88,464.95,8.327870,1.307380,500.00,cifi0007.DBF
BLFN,10BLFN,F,NS,00,49,59,449.05,486,463.97,467.09,8.327870,1.307380,500.00,cifi0007.DBF
BLFN,10BLFN,F,NS,00,49,60,451.31,487,465.98,469.14,8.327870,1.307380,500.00,cifi0007.DBF
BLFN,10BLFN,F,NS,00,49,61,453.48,487,467.91,471.11,8.327870,1.307380,500.00,cifi0007.DBF
BLFN,10BLFN,F,NS,00,49,62,455.56,488,469.76,473.00,8.327870,1.307380,500.00,cifi0007.DBF
BLFN,10BLFN,F,NS,00,49,63,457.56,489,471.54,474.81,8.327870,1.307380,500.00,cifi0007.DBF
BLFN,10BLFN,F,NS,00,49,64,459.47,489,473.23,476.55,8.327870,1.307380,500.00,cifi0007.DBF
BLFN,10BLFN,F,NS,00,49,65,461.31,490,474.86,478.21,8.327870,1.307380,500.00,cifi0007.DBF
BLFN,10BLFN,F,NS,00,49,66,463.06,490,476.41,479.80,8.327870,1.307380,500.00,cifi0007.DBF
BLFN,10BLFN,F,NS,00,49,67,464.74,491,477.89,481.32,8.327870,1.307380,500.00,cifi0007.DBF
BLFN,10BLFN,F,NS,00,49,68,466.36,491,479.32,482.77,8.327870,1.307380,500.00,cifi0007.DBF
BLFN,10BLFN,F,NS,00,49,69,468.00,492,480.74,484.19,8.327870,1.307380,500.00,cifi0007.DBF
BLFN,10BLFN,F,NS,00,49,70,470.72,492,482.75,485.91,8.327870,1.307380,500.00,cifi0007.DBF
BLFN,10BLFN,F,NS,00,49,71,500.00,500,500.00,495.54,15.619960,1.307380,500.00,cifi0007.DBF
BLFN,10BLFN,F,NS,00,50,1,0.00,0,0.00,0.71,1.425340,1.425340,1000.00,cifi0007.DBF
BLFN,10BLFN,F,NS,00,50,2,0.00,0,7.37,8.02,8.680410,1.425340,1000.00,cifi0007.DBF
BLFN,10BLFN,F,NS,00,50,3,0.00,0,14.83,15.44,8.680410,1.425340,1000.00,cifi0007.DBF
BLFN,10BLFN,F,NS,00,50,4,6.47,45,22.34,22.92,8.680410,1.425340,1000.00,cifi0007.DBF
BLFN,10BLFN,F,NS,00,50,5,13.01,87,29.89,30.46,8.680410,1.425340,1000.00,cifi0007.DBF
BLFN,10BLFN,F,NS,00,50,6,19.63,128,37.50,38.04,8.680410,1.425340,1000.00,cifi0007.DBF
BLFN,10BLFN,F,NS,00,50,7,26.35,166,45.17,45.68,8.680410,1.425340,1000.00,cifi0007.DBF
BLFN,10BLFN,F,NS,00,50,8,33.17,203,52.92,53.39,8.680410,1.425340,1000.00,cifi0007.DBF
BLFN,10BLFN,F,NS,00,50,9,40.08,238,60.74,61.17,8.680410,1.425340,1000.00,cifi0007.DBF
BLFN,10BLFN,F,NS,00,50,10,47.10,272,68.61,69.01,8.680410,1.425340,1000.00,cifi0007.DBF
BLFN,10BLFN,F,NS,00,50,11,54.18,304,76.52,76.90,8.680410,1.425340,1000.00,cifi0007.DBF
BLFN,10BLFN,F,NS,00,50,12,61.27,335,84.40,84.80,8.680410,1.425340,1000.00,cifi0007.DBF
BLFN,10BLFN,F,NS,00,50,13,68.35,365,92.23,92.66,8.680410,1.425340,1000.00,cifi0007.DBF
BLFN,10BLFN,F,NS,00,50,14,75.36,393,99.96,100.43,8.680410,1.425340,1000.00,cifi0007.DBF
BLFN,10BLFN,F,NS,00,50,15,82.28,210,107.55,108.09,8.680410,1.425340,1000.00,cifi0007.DBF
BLFN,10BLFN,F,NS,00,50,16,92.04,227,118.00,117.12,8.680410,1.425340,500.00,cifi0007.DBF
BLFN,10BLFN,F,NS,00,50,17,102.06,243,128.65,127.66,8.680410,1.425340,500.00,cifi0007.DBF
BLFN,10BLFN,F,NS,00,50,18,112.37,258,139.53,138.43,8.680410,1.425340,500.00,cifi0007.DBF
BLFN,10BLFN,F,NS,00,50,19,122.96,273,150.61,149.41,8.680410,1.425340,500.00,cifi0007.DBF
BLFN,10BLFN,F,NS,00,50,20,133.82,287,161.90,160.60,8.680410,1.425340,500.00,cifi0007.DBF
BLFN,10BLFN,F,NS,00,50,21,144.94,300,173.38,171.98,8.680410,1.425340,500.00,cifi0007.DBF
BLFN,10BLFN,F,NS,00,50,22,156.29,313,185.01,183.54,8.680410,1.425340,500.00,cifi0007.DBF
BLFN,10BLFN,F,NS,00,50,23,167.85,325,196.78,195.24,8.680410,1.425340,500.00,cifi0007.DBF
BLFN,10BLFN,F,NS,00,50,24,179.59,337,208.65,207.06,8.680410,1.425340,500.00,cifi0007.DBF
BLFN,10BLFN,F,NS,00,50,25,191.48,348,220.60,218.97,8.680410,1.425340,500.00,cifi0007.DBF
BLFN,10BLFN,F,NS,00,50,26,203.50,358,232.60,230.94,8.680410,1.425340,500.00,cifi0007.DBF
BLFN,10BLFN,F,NS,00,50,27,215.62,368,244.62,242.95,8.680410,1.425340,500.00,cifi0007.DBF
BLFN,10BLFN,F,NS,00,50,28,227.80,377,256.62,254.96,8.680410,1.425340,500.00,cifi0007.DBF
BLFN,10BLFN,F,NS,00,50,29,239.98,386,268.56,266.93,8.680410,1.425340,500.00,cifi0007.DBF
BLFN,10BLFN,F,NS,00,50,30,252.08,395,280.35,278.80,8.680410,1.425340,500.00,cifi0007.DBF
BLFN,10BLFN,F,NS,00,50,31,264.02,402,291.92,290.48,8.680410,1.425340,500.00,cifi0007.DBF
BLFN,10BLFN,F,NS,00,50,32,275.82,410,303.30,301.95,8.680410,1.425340,500.00,cifi0007.DBF
BLFN,10BLFN,F,NS,00,50,33,287.56,417,314.55,313.27,8.680410,1.425340,500.00,cifi0007.DBF
BLFN,10BLFN,F,NS,00,50,34,299.19,423,325.64,324.44,8.680410,1.425340,500.00,cifi0007.DBF
BLFN,10BLFN,F,NS,00,50,35,310.41,429,336.29,335.31,8.680410,1.425340,500.00,cifi0007.DBF
BLFN,10BLFN,F,NS,00,50,36,321.14,434,346.44,345.70,8.680410,1.425340,500.00,cifi0007.DBF
BLFN,10BLFN,F,NS,00,50,37,331.54,440,356.22,355.67,8.680410,1.425340,500.00,cifi0007.DBF
BLFN,10BLFN,F,NS,00,50,38,341.53,444,365.58,365.24,8.680410,1.425340,500.00,cifi0007.DBF
BLFN,10BLFN,F,NS,00,50,39,351.04,449,374.47,374.37,8.680410,1.425340,500.00,cifi0007.DBF
BLFN,10BLFN,F,NS,00,50,40,360.06,452,382.85,383.00,8.680410,1.425340,500.00,cifi0007.DBF
BLFN,10BLFN,F,NS,00,50,41,368.60,456,390.76,391.15,8.680410,1.425340,500.00,cifi0007.DBF
BLFN,10BLFN,F,NS,00,50,42,376.67,459,398.22,398.83,8.680410,1.425340,500.00,cifi0007.DBF
BLFN,10BLFN,F,NS,00,50,43,384.28,462,405.23,406.07,8.680410,1.425340,500.00,cifi0007.DBF
BLFN,10BLFN,F,NS,00,50,44,391.54,465,411.89,412.90,8.680410,1.425340,500.00,cifi0007.DBF
BLFN,10BLFN,F,NS,00,50,45,398.53,468,418.28,419.42,8.680410,1.425340,500.00,cifi0007.DBF
BLFN,10BLFN,F,NS,00,50,46,405.19,470,424.35,425.66,8.680410,1.425340,500.00,cifi0007.DBF
BLFN,10BLFN,F,NS,00,50,47,411.36,473,429.95,431.49,8.680410,1.425340,500.00,cifi0007.DBF
BLFN,10BLFN,F,NS,00,50,48,416.97,475,435.04,436.84,8.680410,1.425340,500.00,cifi0007.DBF
BLFN,10BLFN,F,NS,00,50,49,421.98,476,439.57,441.65,8.680410,1.425340,500.00,cifi0007.DBF
BLFN,10BLFN,F,NS,00,50,50,426.27,478,443.44,445.84,8.680410,1.425340,500.00,cifi0007.DBF
BLFN,10BLFN,F,NS,00,50,51,429.93,479,446.74,449.43,8.680410,1.425340,500.00,cifi0007.DBF
BLFN,10BLFN,F,NS,00,50,52,433.21,480,449.69,452.56,8.680410,1.425340,500.00,cifi0007.DBF
BLFN,10BLFN,F,NS,00,50,53,436.13,481,452.32,455.35,8.680410,1.425340,500.00,cifi0007.DBF
BLFN,10BLFN,F,NS,00,50,54,438.76,482,454.68,457.84,8.680410,1.425340,500.00,cifi0007.DBF
BLFN,10BLFN,F,NS,00,50,55,441.19,483,456.86,460.11,8.680410,1.425340,500.00,cifi0007.DBF
BLFN,10BLFN,F,NS,00,50,56,443.59,484,459.02,462.28,8.680410,1.425340,500.00,cifi0007.DBF
BLFN,10BLFN,F,NS,00,50,57,446.06,485,461.23,464.46,8.680410,1.425340,500.00,cifi0007.DBF
BLFN,10BLFN,F,NS,00,50,58,448.44,485,463.35,466.63,8.680410,1.425340,500.00,cifi0007.DBF
BLFN,10BLFN,F,NS,00,50,59,450.73,486,465.39,468.71,8.680410,1.425340,500.00,cifi0007.DBF
BLFN,10BLFN,F,NS,00,50,60,452.92,487,467.35,470.71,8.680410,1.425340,500.00,cifi0007.DBF
BLFN,10BLFN,F,NS,00,50,61,455.03,487,469.23,472.63,8.680410,1.425340,500.00,cifi0007.DBF
BLFN,10BLFN,F,NS,00,50,62,457.05,488,471.02,474.46,8.680410,1.425340,500.00,cifi0007.DBF
BLFN,10BLFN,F,NS,00,50,63,458.99,489,472.74,476.22,8.680410,1.425340,500.00,cifi0007.DBF
BLFN,10BLFN,F,NS,00,50,64,460.84,489,474.39,477.91,8.680410,1.425340,500.00,cifi0007.DBF
BLFN,10BLFN,F,NS,00,50,65,462.62,490,475.96,479.52,8.680410,1.425340,500.00,cifi0007.DBF
BLFN,10BLFN,F,NS,00,50,66,464.32,490,477.47,481.06,8.680410,1.425340,500.00,cifi0007.DBF
BLFN,10BLFN,F,NS,00,50,67,465.96,491,478.91,482.53,8.680410,1.425340,500.00,cifi0007.DBF
BLFN,10BLFN,F,NS,00,50,68,467.62,491,480.35,483.97,8.680410,1.425340,500.00,cifi0007.DBF
BLFN,10BLFN,F,NS,00,50,69,470.37,492,482.40,485.71,8.680410,1.425340,500.00,cifi0007.DBF
BLFN,10BLFN,F,NS,00,50,70,500.00,500,500.00,495.54,15.619960,1.425340,500.00,cifi0007.DBF
BLFN,10BLFN,F,NS,00,51,1,0.00,0,0.00,0.79,1.572790,1.572790,1000.00,cifi0007.DBF
BLFN,10BLFN,F,NS,00,51,2,0.00,0,7.57,8.31,9.048780,1.572790,1000.00,cifi0007.DBF
BLFN,10BLFN,F,NS,00,51,3,0.16,2,15.19,15.91,9.048780,1.572790,1000.00,cifi0007.DBF
BLFN,10BLFN,F,NS,00,51,4,6.78,46,22.86,23.55,9.048780,1.572790,1000.00,cifi0007.DBF
BLFN,10BLFN,F,NS,00,51,5,13.49,88,30.59,31.25,9.048780,1.572790,1000.00,cifi0007.DBF
BLFN,10BLFN,F,NS,00,51,6,20.30,128,38.38,39.01,9.048780,1.572790,1000.00,cifi0007.DBF
BLFN,10BLFN,F,NS,00,51,7,27.22,167,46.26,46.85,9.048780,1.572790,1000.00,cifi0007.DBF
BLFN,10BLFN,F,NS,00,51,8,34.23,203,54.20,54.75,9.048780,1.572790,1000.00,cifi0007.DBF
BLFN,10BLFN,F,NS,00,51,9,41.35,239,62.20,62.73,9.048780,1.572790,1000.00,cifi0007.DBF
BLFN,10BLFN,F,NS,00,51,10,48.53,273,70.24,70.75,9.048780,1.572790,1000.00,cifi0007.DBF
BLFN,10BLFN,F,NS,00,51,11,55.73,305,78.26,78.78,9.048780,1.572790,1000.00,cifi0007.DBF
BLFN,10BLFN,F,NS,00,51,12,62.92,336,86.23,86.77,9.048780,1.572790,1000.00,cifi0007.DBF
BLFN,10BLFN,F,NS,00,51,13,70.05,365,94.10,94.69,9.048780,1.572790,1000.00,cifi0007.DBF
BLFN,10BLFN,F,NS,00,51,14,77.09,197,101.84,102.50,9.048780,1.572790,1000.00,cifi0007.DBF
BLFN,10BLFN,F,NS,00,51,15,86.97,214,112.44,111.66,9.048780,1.572790,500.00,cifi0007.DBF
BLFN,10BLFN,F,NS,00,51,16,97.12,231,123.24,122.36,9.048780,1.572790,500.00,cifi0007.DBF
BLFN,10BLFN,F,NS,00,51,17,107.55,247,134.27,133.28,9.048780,1.572790,500.00,cifi0007.DBF
BLFN,10BLFN,F,NS,00,51,18,118.27,262,145.52,144.42,9.048780,1.572790,500.00,cifi0007.DBF
BLFN,10BLFN,F,NS,00,51,19,129.27,277,156.97,155.77,9.048780,1.572790,500.00,cifi0007.DBF
BLFN,10BLFN,F,NS,00,51,20,140.53,291,168.61,167.31,9.048780,1.572790,500.00,cifi0007.DBF
BLFN,10BLFN,F,NS,00,51,21,152.02,304,180.41,179.03,9.048780,1.572790,500.00,cifi0007.DBF
BLFN,10BLFN,F,NS,00,51,22,163.72,317,192.34,190.90,9.048780,1.572790,500.00,cifi0007.DBF
BLFN,10BLFN,F,NS,00,51,23,175.61,329,204.38,202.89,9.048780,1.572790,500.00,cifi0007.DBF
BLFN,10BLFN,F,NS,00,51,24,187.65,341,216.50,214.97,9.048780,1.572790,500.00,cifi0007.DBF
BLFN,10BLFN,F,NS,00,51,25,199.82,352,228.67,227.11,9.048780,1.572790,500.00,cifi0007.DBF
BLFN,10BLFN,F,NS,00,51,26,212.09,362,240.86,239.29,9.048780,1.572790,500.00,cifi0007.DBF
BLFN,10BLFN,F,NS,00,51,27,224.42,372,253.04,251.47,9.048780,1.572790,500.00,cifi0007.DBF
BLFN,10BLFN,F,NS,00,51,28,236.75,381,265.14,263.61,9.048780,1.572790,500.00,cifi0007.DBF
BLFN,10BLFN,F,NS,00,51,29,249.00,390,277.10,275.65,9.048780,1.572790,500.00,cifi0007.DBF
BLFN,10BLFN,F,NS,00,51,30,261.09,398,288.84,287.49,9.048780,1.572790,500.00,cifi0007.DBF
BLFN,10BLFN,F,NS,00,51,31,273.03,406,300.38,299.13,9.048780,1.572790,500.00,cifi0007.DBF
BLFN,10BLFN,F,NS,00,51,32,284.92,413,311.79,310.61,9.048780,1.572790,500.00,cifi0007.DBF
BLFN,10BLFN,F,NS,00,51,33,296.69,419,323.03,321.94,9.048780,1.572790,500.00,cifi0007.DBF
BLFN,10BLFN,F,NS,00,51,34,308.05,426,333.84,332.96,9.048780,1.572790,500.00,cifi0007.DBF
BLFN,10BLFN,F,NS,00,51,35,318.91,431,344.13,343.51,9.048780,1.572790,500.00,cifi0007.DBF
BLFN,10BLFN,F,NS,00,51,36,329.44,437,354.05,353.61,9.048780,1.572790,500.00,cifi0007.DBF
BLFN,10BLFN,F,NS,00,51,37,339.56,442,363.55,363.32,9.048780,1.572790,500.00,cifi0007.DBF
BLFN,10BLFN,F,NS,00,51,38,349.19,446,372.56,372.58,9.048780,1.572790,500.00,cifi0007.DBF
BLFN,10BLFN,F,NS,00,51,39,358.32,450,381.06,381.33,9.048780,1.572790,500.00,cifi0007.DBF
BLFN,10BLFN,F,NS,00,51,40,366.96,454,389.08,389.60,9.048780,1.572790,500.00,cifi0007.DBF
BLFN,10BLFN,F,NS,00,51,41,375.13,458,396.65,397.39,9.048780,1.572790,500.00,cifi0007.DBF
BLFN,10BLFN,F,NS,00,51,42,382.85,461,403.76,404.73,9.048780,1.572790,500.00,cifi0007.DBF
BLFN,10BLFN,F,NS,00,51,43,390.19,464,410.51,411.66,9.048780,1.572790,500.00,cifi0007.DBF
BLFN,10BLFN,F,NS,00,51,44,397.27,467,417.00,418.28,9.048780,1.572790,500.00,cifi0007.DBF
BLFN,10BLFN,F,NS,00,51,45,404.01,469,423.15,424.60,9.048780,1.572790,500.00,cifi0007.DBF
BLFN,10BLFN,F,NS,00,51,46,410.25,471,428.83,430.51,9.048780,1.572790,500.00,cifi0007.DBF
BLFN,10BLFN,F,NS,00,51,47,415.94,474,434.00,435.94,9.048780,1.572790,500.00,cifi0007.DBF
BLFN,10BLFN,F,NS,00,51,48,421.01,475,438.58,440.81,9.048780,1.572790,500.00,cifi0007.DBF
BLFN,10BLFN,F,NS,00,51,49,425.35,477,442.51,445.07,9.048780,1.572790,500.00,cifi0007.DBF
BLFN,10BLFN,F,NS,00,51,50,429.06,478,445.86,448.71,9.048780,1.572790,500.00,cifi0007.DBF
BLFN,10BLFN,F,NS,00,51,51,432.38,479,448.85,451.88,9.048780,1.572790,500.00,cifi0007.DBF
BLFN,10BLFN,F,NS,00,51,52,435.34,480,451.52,454.71,9.048780,1.572790,500.00,cifi0007.DBF
BLFN,10BLFN,F,NS,00,51,53,438.00,481,453.91,457.24,9.048780,1.572790,500.00,cifi0007.DBF
BLFN,10BLFN,F,NS,00,51,54,440.45,482,456.12,459.54,9.048780,1.572790,500.00,cifi0007.DBF
BLFN,10BLFN,F,NS,00,51,55,442.89,483,458.31,461.74,9.048780,1.572790,500.00,cifi0007.DBF
BLFN,10BLFN,F,NS,00,51,56,445.39,484,460.55,463.96,9.048780,1.572790,500.00,cifi0007.DBF
BLFN,10BLFN,F,NS,00,51,57,447.80,485,462.71,466.16,9.048780,1.572790,500.00,cifi0007.DBF
BLFN,10BLFN,F,NS,00,51,58,450.12,485,464.78,468.27,9.048780,1.572790,500.00,cifi0007.DBF
BLFN,10BLFN,F,NS,00,51,59,452.34,486,466.76,470.29,9.048780,1.572790,500.00,cifi0007.DBF
BLFN,10BLFN,F,NS,00,51,60,454.47,487,468.66,472.24,9.048780,1.572790,500.00,cifi0007.DBF
BLFN,10BLFN,F,NS,00,51,61,456.52,487,470.49,474.10,9.048780,1.572790,500.00,cifi0007.DBF
BLFN,10BLFN,F,NS,00,51,62,458.48,488,472.23,475.88,9.048780,1.572790,500.00,cifi0007.DBF
BLFN,10BLFN,F,NS,00,51,63,460.36,489,473.90,477.59,9.048780,1.572790,500.00,cifi0007.DBF
BLFN,10BLFN,F,NS,00,51,64,462.16,489,475.50,479.22,9.048780,1.572790,500.00,cifi0007.DBF
BLFN,10BLFN,F,NS,00,51,65,463.88,490,477.02,480.79,9.048780,1.572790,500.00,cifi0007.DBF
BLFN,10BLFN,F,NS,00,51,66,465.54,490,478.49,482.28,9.048780,1.572790,500.00,cifi0007.DBF
BLFN,10BLFN,F,NS,00,51,67,467.22,491,479.95,483.74,9.048780,1.572790,500.00,cifi0007.DBF
BLFN,10BLFN,F,NS,00,51,68,470.01,492,482.03,485.51,9.048780,1.572790,500.00,cifi0007.DBF
BLFN,10BLFN,F,NS,00,51,69,500.00,500,500.00,495.54,15.619960,1.572790,500.00,cifi0007.DBF
BLFN,10BLFN,F,NS,00,52,1,0.00,0,0.00,0.87,1.749730,1.749730,1000.00,cifi0007.DBF
BLFN,10BLFN,F,NS,00,52,2,0.00,0,7.74,8.59,0.943290,1.749730,1000.00,cifi0007.DBF
BLFN,10BLFN,F,NS,00,52,3,0.26,2,15.53,16.36,0.943290,1.749730,1000.00,cifi0007.DBF
BLFN,10BLFN,F,NS,00,52,4,7.06,46,23.39,24.18,0.943290,1.749730,1000.00,cifi0007.DBF
BLFN,10BLFN,F,NS,00,52,5,13.96,88,31.30,32.06,0.943290,1.749730,1000.00,cifi0007.DBF
BLFN,10BLFN,F,NS,00,52,6,20.98,128,39.31,40.02,0.943290,1.749730,1000.00,cifi0007.DBF
BLFN,10BLFN,F,NS,00,52,7,28.10,167,47.38,48.06,0.943290,1.749730,1000.00,cifi0007.DBF
BLFN,10BLFN,F,NS,00,52,8,35.32,204,55.52,56.17,0.943290,1.749730,1000.00,cifi0007.DBF
BLFN,10BLFN,F,NS,00,52,9,42.61,240,63.70,64.33,0.943290,1.749730,1000.00,cifi0007.DBF
BLFN,10BLFN,F,NS,00,52,10,49.93,273,71.86,72.50,0.943290,1.749730,1000.00,cifi0007.DBF
BLFN,10BLFN,F,NS,00,52,11,57.24,306,79.98,80.64,0.943290,1.749730,1000.00,cifi0007.DBF
BLFN,10BLFN,F,NS,00,52,12,64.49,336,88.00,88.70,0.943290,1.749730,1000.00,cifi0007.DBF
BLFN,10BLFN,F,NS,00,52,13,71.65,183,95.89,96.66,0.943290,1.749730,1000.00,cifi0007.DBF
BLFN,10BLFN,F,NS,00,52,14,81.65,201,106.64,105.98,0.943290,1.749730,500.00,cifi0007.DBF
BLFN,10BLFN,F,NS,00,52,15,91.93,219,117.60,116.84,0.943290,1.749730,500.00,cifi0007.DBF
BLFN,10BLFN,F,NS,00,52,16,102.50,235,128.79,127.91,0.943290,1.749730,500.00,cifi0007.DBF
BLFN,10BLFN,F,NS,00,52,17,113.36,251,140.20,139.21,0.943290,1.749730,500.00,cifi0007.DBF
BLFN,10BLFN,F,NS,00,52,18,124.50,267,151.82,150.73,0.943290,1.749730,500.00,cifi0007.DBF
BLFN,10BLFN,F,NS,00,52,19,135.90,281,163.63,162.44,0.943290,1.749730,500.00,cifi0007.DBF
BLFN,10BLFN,F,NS,00,52,20,147.54,295,175.60,174.33,0.943290,1.749730,500.00,cifi0007.DBF
BLFN,10BLFN,F,NS,00,52,21,159.39,309,187.71,186.37,0.943290,1.749730,500.00,cifi0007.DBF
BLFN,10BLFN,F,NS,00,52,22,171.43,321,199.93,198.54,0.943290,1.749730,500.00,cifi0007.DBF
BLFN,10BLFN,F,NS,00,52,23,183.63,333,212.23,210.79,0.943290,1.749730,500.00,cifi0007.DBF
BLFN,10BLFN,F,NS,00,52,24,195.96,345,224.57,223.11,0.943290,1.749730,500.00,cifi0007.DBF
BLFN,10BLFN,F,NS,00,52,25,208.38,356,236.94,235.47,0.943290,1.749730,500.00,cifi0007.DBF
BLFN,10BLFN,F,NS,00,52,26,220.87,366,249.30,247.84,0.943290,1.749730,500.00,cifi0007.DBF
BLFN,10BLFN,F,NS,00,52,27,233.36,376,261.58,260.15,0.943290,1.749730,500.00,cifi0007.DBF
BLFN,10BLFN,F,NS,00,52,28,245.77,385,273.71,272.36,0.943290,1.749730,500.00,cifi0007.DBF
BLFN,10BLFN,F,NS,00,52,29,258.01,393,285.62,284.38,0.943290,1.749730,500.00,cifi0007.DBF
BLFN,10BLFN,F,NS,00,52,30,270.11,401,297.33,296.19,0.943290,1.749730,500.00,cifi0007.DBF
BLFN,10BLFN,F,NS,00,52,31,282.15,409,308.91,307.84,0.943290,1.749730,500.00,cifi0007.DBF
BLFN,10BLFN,F,NS,00,52,32,294.07,416,320.32,319.33,0.943290,1.749730,500.00,cifi0007.DBF
BLFN,10BLFN,F,NS,00,52,33,305.58,422,331.28,330.51,0.943290,1.749730,500.00,cifi0007.DBF
BLFN,10BLFN,F,NS,00,52,34,316.58,428,341.72,341.21,0.943290,1.749730,500.00,cifi0007.DBF
BLFN,10BLFN,F,NS,00,52,35,327.25,434,351.79,351.47,0.943290,1.749730,500.00,cifi0007.DBF
BLFN,10BLFN,F,NS,00,52,36,337.49,439,361.42,361.32,0.943290,1.749730,500.00,cifi0007.DBF
BLFN,10BLFN,F,NS,00,52,37,347.25,444,370.56,370.71,0.943290,1.749730,500.00,cifi0007.DBF
BLFN,10BLFN,F,NS,00,52,38,356.50,448,379.20,379.60,0.943290,1.749730,500.00,cifi0007.DBF
BLFN,10BLFN,F,NS,00,52,39,365.25,452,387.33,387.98,0.943290,1.749730,500.00,cifi0007.DBF
BLFN,10BLFN,F,NS,00,52,40,373.53,456,395.01,395.89,0.943290,1.749730,500.00,cifi0007.DBF
BLFN,10BLFN,F,NS,00,52,41,381.34,459,402.22,403.33,0.943290,1.749730,500.00,cifi0007.DBF
BLFN,10BLFN,F,NS,00,52,42,388.77,462,409.07,410.36,0.943290,1.749730,500.00,cifi0007.DBF
BLFN,10BLFN,F,NS,00,52,43,395.95,465,415.65,417.08,0.943290,1.749730,500.00,cifi0007.DBF
BLFN,10BLFN,F,NS,00,52,44,402.78,468,421.90,423.49,0.943290,1.749730,500.00,cifi0007.DBF
BLFN,10BLFN,F,NS,00,52,45,409.10,470,427.66,429.50,0.943290,1.749730,500.00,cifi0007.DBF
BLFN,10BLFN,F,NS,00,52,46,414.86,472,432.90,435.00,0.943290,1.749730,500.00,cifi0007.DBF
BLFN,10BLFN,F,NS,00,52,47,419.99,474,437.56,439.95,0.943290,1.749730,500.00,cifi0007.DBF
BLFN,10BLFN,F,NS,00,52,48,424.39,476,441.54,444.27,0.943290,1.749730,500.00,cifi0007.DBF
BLFN,10BLFN,F,NS,00,52,49,428.15,477,444.94,447.96,0.943290,1.749730,500.00,cifi0007.DBF
BLFN,10BLFN,F,NS,00,52,50,431.51,478,447.98,451.18,0.943290,1.749730,500.00,cifi0007.DBF
BLFN,10BLFN,F,NS,00,52,51,434.51,479,450.68,454.05,0.943290,1.749730,500.00,cifi0007.DBF
BLFN,10BLFN,F,NS,00,52,52,437.20,480,453.11,456.61,0.943290,1.749730,500.00,cifi0007.DBF
BLFN,10BLFN,F,NS,00,52,53,439.69,481,455.35,458.95,0.943290,1.749730,500.00,cifi0007.DBF
BLFN,10BLFN,F,NS,00,52,54,442.16,482,457.57,461.18,0.943290,1.749730,500.00,cifi0007.DBF
BLFN,10BLFN,F,NS,00,52,55,444.69,483,459.85,463.43,0.943290,1.749730,500.00,cifi0007.DBF
BLFN,10BLFN,F,NS,00,52,56,447.13,484,462.04,465.66,0.943290,1.749730,500.00,cifi0007.DBF
BLFN,10BLFN,F,NS,00,52,57,449.47,485,464.13,467.80,0.943290,1.749730,500.00,cifi0007.DBF
BLFN,10BLFN,F,NS,00,52,58,451.72,485,466.15,469.86,0.943290,1.749730,500.00,cifi0007.DBF
BLFN,10BLFN,F,NS,00,52,59,453.89,486,468.08,471.83,0.943290,1.749730,500.00,cifi0007.DBF
BLFN,10BLFN,F,NS,00,52,60,455.96,487,469.93,473.72,0.943290,1.749730,500.00,cifi0007.DBF
BLFN,10BLFN,F,NS,00,52,61,457.94,487,471.70,475.53,0.943290,1.749730,500.00,cifi0007.DBF
BLFN,10BLFN,F,NS,00,52,62,459.85,488,473.39,477.26,0.943290,1.749730,500.00,cifi0007.DBF
BLFN,10BLFN,F,NS,00,52,63,461.67,489,475.01,478.92,0.943290,1.749730,500.00,cifi0007.DBF
BLFN,10BLFN,F,NS,00,52,64,463.41,489,476.56,480.50,0.943290,1.749730,500.00,cifi0007.DBF
BLFN,10BLFN,F,NS,00,52,65,465.09,490,478.05,482.02,0.943290,1.749730,500.00,cifi0007.DBF
BLFN,10BLFN,F,NS,00,52,66,466.80,490,479.53,483.50,0.943290,1.749730,500.00,cifi0007.DBF
BLFN,10BLFN,F,NS,00,52,67,469.62,491,481.65,485.30,0.943290,1.749730,500.00,cifi0007.DBF
BLFN,10BLFN,F,NS,00,52,68,500.00,500,500.00,495.54,15.619960,1.749730,500.00,cifi0007.DBF
BLFN,10BLFN,F,NS,00,53,1,0.00,0,0.00,0.98,1.965990,1.965990,1000.00,cifi0007.DBF
BLFN,10BLFN,F,NS,00,53,2,0.00,0,7.92,8.87,9.832160,1.965990,1000.00,cifi0007.DBF
BLFN,10BLFN,F,NS,00,53,3,0.33,3,15.89,16.82,9.832160,1.965990,1000.00,cifi0007.DBF
BLFN,10BLFN,F,NS,00,53,4,7.34,47,23.94,24.84,9.832160,1.965990,1000.00,cifi0007.DBF
BLFN,10BLFN,F,NS,00,53,5,14.46,89,32.08,32.93,9.832160,1.965990,1000.00,cifi0007.DBF
BLFN,10BLFN,F,NS,00,53,6,21.69,129,40.29,41.10,9.832160,1.965990,1000.00,cifi0007.DBF
BLFN,10BLFN,F,NS,00,53,7,29.02,168,48.58,49.35,9.832160,1.965990,1000.00,cifi0007.DBF
BLFN,10BLFN,F,NS,00,53,8,36.43,205,56.90,57.65,9.832160,1.965990,1000.00,cifi0007.DBF
BLFN,10BLFN,F,NS,00,53,9,43.86,240,65.21,65.97,9.832160,1.965990,1000.00,cifi0007.DBF
BLFN,10BLFN,F,NS,00,53,10,51.29,274,73.48,74.26,9.832160,1.965990,1000.00,cifi0007.DBF
BLFN,10BLFN,F,NS,00,53,11,58.67,306,81.65,82.48,9.832160,1.965990,1000.00,cifi0007.DBF
BLFN,10BLFN,F,NS,00,53,12,65.96,168,89.70,90.59,9.832160,1.965990,1000.00,cifi0007.DBF
BLFN,10BLFN,F,NS,00,53,13,76.09,187,100.61,100.07,9.832160,1.965990,500.00,cifi0007.DBF
BLFN,10BLFN,F,NS,00,53,14,86.51,206,111.74,111.09,9.832160,1.965990,500.00,cifi0007.DBF
BLFN,10BLFN,F,NS,00,53,15,97.22,223,123.10,122.33,9.832160,1.965990,500.00,cifi0007.DBF
BLFN,10BLFN,F,NS,00,53,16,108.23,240,134.68,133.80,9.832160,1.965990,500.00,cifi0007.DBF
BLFN,10BLFN,F,NS,00,53,17,119.51,256,146.47,145.49,9.832160,1.965990,500.00,cifi0007.DBF
BLFN,10BLFN,F,NS,00,53,18,131.06,271,158.46,157.38,9.832160,1.965990,500.00,cifi0007.DBF
BLFN,10BLFN,F,NS,00,53,19,142.86,286,170.61,169.45,9.832160,1.965990,500.00,cifi0007.DBF
BLFN,10BLFN,F,NS,00,53,20,154.87,300,182.90,181.67,9.832160,1.965990,500.00,cifi0007.DBF
BLFN,10BLFN,F,NS,00,53,21,167.07,313,195.30,194.02,9.832160,1.965990,500.00,cifi0007.DBF
BLFN,10BLFN,F,NS,00,53,22,179.43,326,207.78,206.46,9.832160,1.965990,500.00,cifi0007.DBF
BLFN,10BLFN,F,NS,00,53,23,191.92,338,220.31,218.96,9.832160,1.965990,500.00,cifi0007.DBF
BLFN,10BLFN,F,NS,00,53,24,204.51,349,232.87,231.51,9.832160,1.965990,500.00,cifi0007.DBF
BLFN,10BLFN,F,NS,00,53,25,217.17,360,245.41,244.05,9.832160,1.965990,500.00,cifi0007.DBF
BLFN,10BLFN,F,NS,00,53,26,229.82,370,257.87,256.56,9.832160,1.965990,500.00,cifi0007.DBF
BLFN,10BLFN,F,NS,00,53,27,242.39,379,270.19,268.95,9.832160,1.965990,500.00,cifi0007.DBF
BLFN,10BLFN,F,NS,00,53,28,254.80,388,282.27,281.15,9.832160,1.965990,500.00,cifi0007.DBF
BLFN,10BLFN,F,NS,00,53,29,267.06,397,294.16,293.13,9.832160,1.965990,500.00,cifi0007.DBF
BLFN,10BLFN,F,NS,00,53,30,279.25,405,305.91,304.95,9.832160,1.965990,500.00,cifi0007.DBF
BLFN,10BLFN,F,NS,00,53,31,291.34,412,317.49,316.62,9.832160,1.965990,500.00,cifi0007.DBF
BLFN,10BLFN,F,NS,00,53,32,303.00,419,328.62,327.97,9.832160,1.965990,500.00,cifi0007.DBF
BLFN,10BLFN,F,NS,00,53,33,314.15,425,339.21,338.83,9.832160,1.965990,500.00,cifi0007.DBF
BLFN,10BLFN,F,NS,00,53,34,324.95,431,349.43,349.24,9.832160,1.965990,500.00,cifi0007.DBF
BLFN,10BLFN,F,NS,00,53,35,335.34,436,359.22,359.24,9.832160,1.965990,500.00,cifi0007.DBF
BLFN,10BLFN,F,NS,00,53,36,345.22,441,368.49,368.77,9.832160,1.965990,500.00,cifi0007.DBF
BLFN,10BLFN,F,NS,00,53,37,354.59,446,377.25,377.79,9.832160,1.965990,500.00,cifi0007.DBF
BLFN,10BLFN,F,NS,00,53,38,363.46,450,385.51,386.30,9.832160,1.965990,500.00,cifi0007.DBF
BLFN,10BLFN,F,NS,00,53,39,371.85,454,393.30,394.32,9.832160,1.965990,500.00,cifi0007.DBF
BLFN,10BLFN,F,NS,00,53,40,379.76,457,400.63,401.88,9.832160,1.965990,500.00,cifi0007.DBF
BLFN,10BLFN,F,NS,00,53,41,387.30,460,407.58,409.02,9.832160,1.965990,500.00,cifi0007.DBF
BLFN,10BLFN,F,NS,00,53,42,394.57,463,414.26,415.84,9.832160,1.965990,500.00,cifi0007.DBF
BLFN,10BLFN,F,NS,00,53,43,401.48,466,420.60,422.34,9.832160,1.965990,500.00,cifi0007.DBF
BLFN,10BLFN,F,NS,00,53,44,407.89,469,426.45,428.44,9.832160,1.965990,500.00,cifi0007.DBF
BLFN,10BLFN,F,NS,00,53,45,413.73,471,431.77,434.02,9.832160,1.965990,500.00,cifi0007.DBF
BLFN,10BLFN,F,NS,00,53,46,418.93,473,436.49,439.04,9.832160,1.965990,500.00,cifi0007.DBF
BLFN,10BLFN,F,NS,00,53,47,423.39,475,440.54,443.43,9.832160,1.965990,500.00,cifi0007.DBF
BLFN,10BLFN,F,NS,00,53,48,427.20,476,443.99,447.18,9.832160,1.965990,500.00,cifi0007.DBF
BLFN,10BLFN,F,NS,00,53,49,430.60,477,447.07,450.44,9.832160,1.965990,500.00,cifi0007.DBF
BLFN,10BLFN,F,NS,00,53,50,433.64,479,449.81,453.36,9.832160,1.965990,500.00,cifi0007.DBF
BLFN,10BLFN,F,NS,00,53,51,436.37,480,452.28,455.96,9.832160,1.965990,500.00,cifi0007.DBF
BLFN,10BLFN,F,NS,00,53,52,438.89,480,454.55,458.33,9.832160,1.965990,500.00,cifi0007.DBF
BLFN,10BLFN,F,NS,00,53,53,441.39,481,456.81,460.60,9.832160,1.965990,500.00,cifi0007.DBF
BLFN,10BLFN,F,NS,00,53,54,443.96,482,459.12,462.88,9.832160,1.965990,500.00,cifi0007.DBF
BLFN,10BLFN,F,NS,00,53,55,446.43,483,461.34,465.14,9.832160,1.965990,500.00,cifi0007.DBF
BLFN,10BLFN,F,NS,00,53,56,448.80,484,463.47,467.32,9.832160,1.965990,500.00,cifi0007.DBF
BLFN,10BLFN,F,NS,00,53,57,451.08,485,465.51,469.40,9.832160,1.965990,500.00,cifi0007.DBF
BLFN,10BLFN,F,NS,00,53,58,453.27,485,467.47,471.41,9.832160,1.965990,500.00,cifi0007.DBF
BLFN,10BLFN,F,NS,00,53,59,455.37,486,469.35,473.32,9.832160,1.965990,500.00,cifi0007.DBF
BLFN,10BLFN,F,NS,00,53,60,457.39,487,471.14,475.16,9.832160,1.965990,500.00,cifi0007.DBF
BLFN,10BLFN,F,NS,00,53,61,459.31,488,472.86,476.92,9.832160,1.965990,500.00,cifi0007.DBF
BLFN,10BLFN,F,NS,00,53,62,461.16,488,474.51,478.60,9.832160,1.965990,500.00,cifi0007.DBF
BLFN,10BLFN,F,NS,00,53,63,462.93,489,476.08,480.21,9.832160,1.965990,500.00,cifi0007.DBF
BLFN,10BLFN,F,NS,00,53,64,464.63,489,477.59,481.75,9.832160,1.965990,500.00,cifi0007.DBF
BLFN,10BLFN,F,NS,00,53,65,466.36,490,479.09,483.26,9.832160,1.965990,500.00,cifi0007.DBF
BLFN,10BLFN,F,NS,00,53,66,469.22,491,481.25,485.09,9.832160,1.965990,500.00,cifi0007.DBF
BLFN,10BLFN,F,NS,00,53,67,500.00,500,500.00,495.54,15.619960,1.965990,500.00,cifi0007.DBF
BLFN,10BLFN,F,NS,00,54,1,0.00,0,0.00,1.10,2.201910,2.201910,1000.00,cifi0007.DBF
BLFN,10BLFN,F,NS,00,54,2,0.00,0,8.11,9.18,10.246950,2.201910,1000.00,cifi0007.DBF
BLFN,10BLFN,F,NS,00,54,3,0.44,3,16.30,17.33,10.246950,2.201910,1000.00,cifi0007.DBF
BLFN,10BLFN,F,NS,00,54,4,7.66,47,24.58,25.56,10.246950,2.201910,1000.00,cifi0007.DBF
BLFN,10BLFN,F,NS,00,54,5,15.01,89,32.93,33.88,10.246950,2.201910,1000.00,cifi0007.DBF
BLFN,10BLFN,F,NS,00,54,6,22.45,130,41.36,42.27,10.246950,2.201910,1000.00,cifi0007.DBF
BLFN,10BLFN,F,NS,00,54,7,29.98,169,49.83,50.72,10.246950,2.201910,1000.00,cifi0007.DBF
BLFN,10BLFN,F,NS,00,54,8,37.54,206,58.30,59.19,10.246950,2.201910,1000.00,cifi0007.DBF
BLFN,10BLFN,F,NS,00,54,9,45.10,241,66.72,67.64,10.246950,2.201910,1000.00,cifi0007.DBF
BLFN,10BLFN,F,NS,00,54,10,52.60,274,75.06,76.01,10.246950,2.201910,1000.00,cifi0007.DBF
BLFN,10BLFN,F,NS,00,54,11,60.03,153,83.27,84.29,10.246950,2.201910,1000.00,cifi0007.DBF
BLFN,10BLFN,F,NS,00,54,12,70.31,173,94.35,93.94,10.246950,2.201910,500.00,cifi0007.DBF
BLFN,10BLFN,F,NS,00,54,13,80.87,192,105.65,105.12,10.246950,2.201910,500.00,cifi0007.DBF
BLFN,10BLFN,F,NS,00,54,14,91.72,211,117.18,116.54,10.246950,2.201910,500.00,cifi0007.DBF
BLFN,10BLFN,F,NS,00,54,15,102.88,228,128.94,128.18,10.246950,2.201910,500.00,cifi0007.DBF
BLFN,10BLFN,F,NS,00,54,16,114.32,245,140.91,140.05,10.246950,2.201910,500.00,cifi0007.DBF
BLFN,10BLFN,F,NS,00,54,17,126.03,261,153.08,152.12,10.246950,2.201910,500.00,cifi0007.DBF
BLFN,10BLFN,F,NS,00,54,18,137.98,276,165.42,164.38,10.246950,2.201910,500.00,cifi0007.DBF
BLFN,10BLFN,F,NS,00,54,19,150.16,291,177.90,176.79,10.246950,2.201910,500.00,cifi0007.DBF
BLFN,10BLFN,F,NS,00,54,20,162.52,305,190.49,189.32,10.246950,2.201910,500.00,cifi0007.DBF
BLFN,10BLFN,F,NS,00,54,21,175.05,318,203.16,201.95,10.246950,2.201910,500.00,cifi0007.DBF
BLFN,10BLFN,F,NS,00,54,22,187.71,330,215.89,214.65,10.246950,2.201910,500.00,cifi0007.DBF
BLFN,10BLFN,F,NS,00,54,23,200.48,342,228.64,227.39,10.246950,2.201910,500.00,cifi0007.DBF
BLFN,10BLFN,F,NS,00,54,24,213.30,353,241.37,240.13,10.246950,2.201910,500.00,cifi0007.DBF
BLFN,10BLFN,F,NS,00,54,25,226.13,364,254.03,252.82,10.246950,2.201910,500.00,cifi0007.DBF
BLFN,10BLFN,F,NS,00,54,26,238.87,374,266.53,265.40,10.246950,2.201910,500.00,cifi0007.DBF
BLFN,10BLFN,F,NS,00,54,27,251.45,383,278.80,277.79,10.246950,2.201910,500.00,cifi0007.DBF
BLFN,10BLFN,F,NS,00,54,28,263.88,392,290.87,289.96,10.246950,2.201910,500.00,cifi0007.DBF
BLFN,10BLFN,F,NS,00,54,29,276.24,400,302.80,301.96,10.246950,2.201910,500.00,cifi0007.DBF
BLFN,10BLFN,F,NS,00,54,30,288.49,408,314.56,313.80,10.246950,2.201910,500.00,cifi0007.DBF
BLFN,10BLFN,F,NS,00,54,31,300.31,415,325.86,325.33,10.246950,2.201910,500.00,cifi0007.DBF
BLFN,10BLFN,F,NS,00,54,32,311.61,422,336.61,336.36,10.246950,2.201910,500.00,cifi0007.DBF
BLFN,10BLFN,F,NS,00,54,33,322.56,428,346.99,346.93,10.246950,2.201910,500.00,cifi0007.DBF
BLFN,10BLFN,F,NS,00,54,34,333.09,433,356.92,357.08,10.246950,2.201910,500.00,cifi0007.DBF
BLFN,10BLFN,F,NS,00,54,35,343.11,438,366.34,366.76,10.246950,2.201910,500.00,cifi0007.DBF
BLFN,10BLFN,F,NS,00,54,36,352.61,443,375.24,375.91,10.246950,2.201910,500.00,cifi0007.DBF
BLFN,10BLFN,F,NS,00,54,37,361.60,447,383.62,384.55,10.246950,2.201910,500.00,cifi0007.DBF
BLFN,10BLFN,F,NS,00,54,38,370.10,451,391.53,392.70,10.246950,2.201910,500.00,cifi0007.DBF
BLFN,10BLFN,F,NS,00,54,39,378.12,455,398.97,400.37,10.246950,2.201910,500.00,cifi0007.DBF
BLFN,10BLFN,F,NS,00,54,40,385.76,458,406.03,407.62,10.246950,2.201910,500.00,cifi0007.DBF
BLFN,10BLFN,F,NS,00,54,41,393.13,462,412.81,414.54,10.246950,2.201910,500.00,cifi0007.DBF
BLFN,10BLFN,F,NS,00,54,42,400.14,465,419.25,421.15,10.246950,2.201910,500.00,cifi0007.DBF
BLFN,10BLFN,F,NS,00,54,43,406.63,467,425.19,427.34,10.246950,2.201910,500.00,cifi0007.DBF
BLFN,10BLFN,F,NS,00,54,44,412.55,470,430.59,433.01,10.246950,2.201910,500.00,cifi0007.DBF
BLFN,10BLFN,F,NS,00,54,45,417.82,472,435.38,438.11,10.246950,2.201910,500.00,cifi0007.DBF
BLFN,10BLFN,F,NS,00,54,46,422.34,474,439.49,442.56,10.246950,2.201910,500.00,cifi0007.DBF
BLFN,10BLFN,F,NS,00,54,47,426.20,475,442.99,446.37,10.246950,2.201910,500.00,cifi0007.DBF
BLFN,10BLFN,F,NS,00,54,48,429.65,476,446.12,449.68,10.246950,2.201910,500.00,cifi0007.DBF
BLFN,10BLFN,F,NS,00,54,49,432.73,478,448.91,452.64,10.246950,2.201910,500.00,cifi0007.DBF
BLFN,10BLFN,F,NS,00,54,50,435.50,479,451.41,455.29,10.246950,2.201910,500.00,cifi0007.DBF
BLFN,10BLFN,F,NS,00,54,51,438.05,480,453.72,457.69,10.246950,2.201910,500.00,cifi0007.DBF
BLFN,10BLFN,F,NS,00,54,52,440.59,480,456.01,459.99,10.246950,2.201910,500.00,cifi0007.DBF
BLFN,10BLFN,F,NS,00,54,53,443.19,481,458.36,462.31,10.246950,2.201910,500.00,cifi0007.DBF
BLFN,10BLFN,F,NS,00,54,54,445.70,482,460.61,464.61,10.246950,2.201910,500.00,cifi0007.DBF
BLFN,10BLFN,F,NS,00,54,55,448.10,483,462.77,466.81,10.246950,2.201910,500.00,cifi0007.DBF
BLFN,10BLFN,F,NS,00,54,56,450.42,484,464.85,468.93,10.246950,2.201910,500.00,cifi0007.DBF
BLFN,10BLFN,F,NS,00,54,57,452.63,485,466.84,470.97,10.246950,2.201910,500.00,cifi0007.DBF
BLFN,10BLFN,F,NS,00,54,58,454.76,486,468.74,472.91,10.246950,2.201910,500.00,cifi0007.DBF
BLFN,10BLFN,F,NS,00,54,59,456.80,486,470.57,474.78,10.246950,2.201910,500.00,cifi0007.DBF
BLFN,10BLFN,F,NS,00,54,60,458.76,487,472.31,476.56,10.246950,2.201910,500.00,cifi0007.DBF
BLFN,10BLFN,F,NS,00,54,61,460.63,488,473.98,478.27,10.246950,2.201910,500.00,cifi0007.DBF
BLFN,10BLFN,F,NS,00,54,62,462.42,488,475.58,479.90,10.246950,2.201910,500.00,cifi0007.DBF
BLFN,10BLFN,F,NS,00,54,63,464.15,489,477.11,481.47,10.246950,2.201910,500.00,cifi0007.DBF
BLFN,10BLFN,F,NS,00,54,64,465.90,489,478.64,483.00,10.246950,2.201910,500.00,cifi0007.DBF
BLFN,10BLFN,F,NS,00,54,65,468.80,490,480.83,484.86,10.246950,2.201910,500.00,cifi0007.DBF
BLFN,10BLFN,F,NS,00,54,66,500.00,500,500.00,495.54,15.619960,2.201910,500.00,cifi0007.DBF
BLFN,10BLFN,F,NS,00,55,1,0.00,0,0.00,1.21,0.024280,0.024280,1000.00,cifi0007.DBF
BLFN,10BLFN,F,NS,00,55,2,0.00,0,8.33,9.50,10.679370,0.024280,1000.00,cifi0007.DBF
BLFN,10BLFN,F,NS,00,55,3,0.59,4,16.75,17.88,10.679370,0.024280,1000.00,cifi0007.DBF
BLFN,10BLFN,F,NS,00,55,4,8.05,48,25.26,26.34,10.679370,0.024280,1000.00,cifi0007.DBF
BLFN,10BLFN,F,NS,00,55,5,15.62,91,33.84,34.89,10.679370,0.024280,1000.00,cifi0007.DBF
BLFN,10BLFN,F,NS,00,55,6,23.28,131,42.47,43.49,10.679370,0.024280,1000.00,cifi0007.DBF
BLFN,10BLFN,F,NS,00,55,7,30.96,170,51.10,52.12,10.679370,0.024280,1000.00,cifi0007.DBF
BLFN,10BLFN,F,NS,00,55,8,38.65,207,59.68,60.73,10.679370,0.024280,1000.00,cifi0007.DBF
BLFN,10BLFN,F,NS,00,55,9,46.29,241,68.18,69.27,10.679370,0.024280,1000.00,cifi0007.DBF
BLFN,10BLFN,F,NS,00,55,10,53.86,138,76.57,77.72,10.679370,0.024280,1000.00,cifi0007.DBF
BLFN,10BLFN,F,NS,00,55,11,64.28,158,87.82,87.54,10.679370,0.024280,500.00,cifi0007.DBF
BLFN,10BLFN,F,NS,00,55,12,74.99,178,99.30,98.90,10.679370,0.024280,500.00,cifi0007.DBF
BLFN,10BLFN,F,NS,00,55,13,86.00,197,111.01,110.50,10.679370,0.024280,500.00,cifi0007.DBF
BLFN,10BLFN,F,NS,00,55,14,97.31,216,122.96,122.33,10.679370,0.024280,500.00,cifi0007.DBF
BLFN,10BLFN,F,NS,00,55,15,108.91,233,135.12,134.38,10.679370,0.024280,500.00,cifi0007.DBF
BLFN,10BLFN,F,NS,00,55,16,120.78,250,147.48,146.64,10.679370,0.024280,500.00,cifi0007.DBF
BLFN,10BLFN,F,NS,00,55,17,132.90,266,160.02,159.09,10.679370,0.024280,500.00,cifi0007.DBF
BLFN,10BLFN,F,NS,00,55,18,145.25,281,172.69,171.69,10.679370,0.024280,500.00,cifi0007.DBF
BLFN,10BLFN,F,NS,00,55,19,157.79,296,185.48,184.43,10.679370,0.024280,500.00,cifi0007.DBF
BLFN,10BLFN,F,NS,00,55,20,170.49,310,198.35,197.26,10.679370,0.024280,500.00,cifi0007.DBF
BLFN,10BLFN,F,NS,00,55,21,183.33,323,211.28,210.15,10.679370,0.024280,500.00,cifi0007.DBF
BLFN,10BLFN,F,NS,00,55,22,196.27,335,224.22,223.09,10.679370,0.024280,500.00,cifi0007.DBF
BLFN,10BLFN,F,NS,00,55,23,209.28,347,237.16,236.03,10.679370,0.024280,500.00,cifi0007.DBF
BLFN,10BLFN,F,NS,00,55,24,222.29,358,250.01,248.93,10.679370,0.024280,500.00,cifi0007.DBF
BLFN,10BLFN,F,NS,00,55,25,235.21,368,262.71,261.70,10.679370,0.024280,500.00,cifi0007.DBF
BLFN,10BLFN,F,NS,00,55,26,247.96,378,275.18,274.29,10.679370,0.024280,500.00,cifi0007.DBF
BLFN,10BLFN,F,NS,00,55,27,260.57,387,287.44,286.65,10.679370,0.024280,500.00,cifi0007.DBF
BLFN,10BLFN,F,NS,00,55,28,273.10,396,299.56,298.84,10.679370,0.024280,500.00,cifi0007.DBF
BLFN,10BLFN,F,NS,00,55,29,285.52,404,311.50,310.87,10.679370,0.024280,500.00,cifi0007.DBF
BLFN,10BLFN,F,NS,00,55,30,297.51,411,322.98,322.58,10.679370,0.024280,500.00,cifi0007.DBF
BLFN,10BLFN,F,NS,00,55,31,308.97,418,333.90,333.78,10.679370,0.024280,500.00,cifi0007.DBF
BLFN,10BLFN,F,NS,00,55,32,320.07,424,344.44,344.51,10.679370,0.024280,500.00,cifi0007.DBF
BLFN,10BLFN,F,NS,00,55,33,330.75,430,354.53,354.83,10.679370,0.024280,500.00,cifi0007.DBF
BLFN,10BLFN,F,NS,00,55,34,340.91,436,364.10,364.66,10.679370,0.024280,500.00,cifi0007.DBF
BLFN,10BLFN,F,NS,00,55,35,350.54,441,373.13,373.96,10.679370,0.024280,500.00,cifi0007.DBF
BLFN,10BLFN,F,NS,00,55,36,359.65,445,381.65,382.73,10.679370,0.024280,500.00,cifi0007.DBF
BLFN,10BLFN,F,NS,00,55,37,368.27,449,389.68,391.01,10.679370,0.024280,500.00,cifi0007.DBF
BLFN,10BLFN,F,NS,00,55,38,376.41,453,397.24,398.80,10.679370,0.024280,500.00,cifi0007.DBF
BLFN,10BLFN,F,NS,00,55,39,384.16,457,404.41,406.16,10.679370,0.024280,500.00,cifi0007.DBF
BLFN,10BLFN,F,NS,00,55,40,391.63,460,411.30,413.19,10.679370,0.024280,500.00,cifi0007.DBF
BLFN,10BLFN,F,NS,00,55,41,398.74,463,417.84,419.91,10.679370,0.024280,500.00,cifi0007.DBF
BLFN,10BLFN,F,NS,00,55,42,405.32,466,423.87,426.19,10.679370,0.024280,500.00,cifi0007.DBF
BLFN,10BLFN,F,NS,00,55,43,411.33,468,429.36,431.95,10.679370,0.024280,500.00,cifi0007.DBF
BLFN,10BLFN,F,NS,00,55,44,416.67,470,434.23,437.13,10.679370,0.024280,500.00,cifi0007.DBF
BLFN,10BLFN,F,NS,00,55,45,421.25,472,438.40,441.65,10.679370,0.024280,500.00,cifi0007.DBF
BLFN,10BLFN,F,NS,00,55,46,425.17,474,441.96,445.52,10.679370,0.024280,500.00,cifi0007.DBF
BLFN,10BLFN,F,NS,00,55,47,428.67,475,445.14,448.89,10.679370,0.024280,500.00,cifi0007.DBF
BLFN,10BLFN,F,NS,00,55,48,431.79,476,447.97,451.89,10.679370,0.024280,500.00,cifi0007.DBF
BLFN,10BLFN,F,NS,00,55,49,434.59,478,450.51,454.58,10.679370,0.024280,500.00,cifi0007.DBF
BLFN,10BLFN,F,NS,00,55,50,437.18,479,452.86,457.02,10.679370,0.024280,500.00,cifi0007.DBF
BLFN,10BLFN,F,NS,00,55,51,439.75,480,455.18,459.36,10.679370,0.024280,500.00,cifi0007.DBF
BLFN,10BLFN,F,NS,00,55,52,442.39,481,457.56,461.71,10.679370,0.024280,500.00,cifi0007.DBF
BLFN,10BLFN,F,NS,00,55,53,444.93,481,459.85,464.05,10.679370,0.024280,500.00,cifi0007.DBF
BLFN,10BLFN,F,NS,00,55,54,447.38,482,462.05,466.29,10.679370,0.024280,500.00,cifi0007.DBF
BLFN,10BLFN,F,NS,00,55,55,449.72,483,464.16,468.44,10.679370,0.024280,500.00,cifi0007.DBF
BLFN,10BLFN,F,NS,00,55,56,451.97,484,466.18,470.51,10.679370,0.024280,500.00,cifi0007.DBF
BLFN,10BLFN,F,NS,00,55,57,454.13,485,468.11,472.48,10.679370,0.024280,500.00,cifi0007.DBF
BLFN,10BLFN,F,NS,00,55,58,456.20,486,469.97,474.38,10.679370,0.024280,500.00,cifi0007.DBF
BLFN,10BLFN,F,NS,00,55,59,458.18,486,471.74,476.19,10.679370,0.024280,500.00,cifi0007.DBF
BLFN,10BLFN,F,NS,00,55,60,460.08,487,473.44,477.93,10.679370,0.024280,500.00,cifi0007.DBF
BLFN,10BLFN,F,NS,00,55,61,461.89,488,475.06,479.59,10.679370,0.024280,500.00,cifi0007.DBF
BLFN,10BLFN,F,NS,00,55,62,463.64,488,476.61,481.18,10.679370,0.024280,500.00,cifi0007.DBF
BLFN,10BLFN,F,NS,00,55,63,465.42,489,478.16,482.73,10.679370,0.024280,500.00,cifi0007.DBF
BLFN,10BLFN,F,NS,00,55,64,468.36,490,480.40,484.62,10.679370,0.024280,500.00,cifi0007.DBF
BLFN,10BLFN,F,NS,00,55,65,500.00,500,500.00,495.54,15.619960,0.024280,500.00,cifi0007.DBF
BLFN,10BLFN,F,NS,00,56,1,0.00,0,0.00,1.33,2.654090,2.654090,1000.00,cifi0007.DBF
BLFN,10BLFN,F,NS,00,56,2,0.00,0,8.58,9.85,11.131210,2.654090,1000.00,cifi0007.DBF
BLFN,10BLFN,F,NS,00,56,3,1.26,8,17.24,18.47,11.131210,2.654090,1000.00,cifi0007.DBF
BLFN,10BLFN,F,NS,00,56,4,8.95,52,25.98,27.17,11.131210,2.654090,1000.00,cifi0007.DBF
BLFN,10BLFN,F,NS,00,56,5,16.73,94,34.77,35.94,11.131210,2.654090,1000.00,cifi0007.DBF
BLFN,10BLFN,F,NS,00,56,6,24.54,135,43.57,44.74,11.131210,2.654090,1000.00,cifi0007.DBF
BLFN,10BLFN,F,NS,00,56,7,32.36,173,52.33,53.51,11.131210,2.654090,1000.00,cifi0007.DBF
BLFN,10BLFN,F,NS,00,56,8,40.13,209,61.00,62.23,11.131210,2.654090,1000.00,cifi0007.DBF
BLFN,10BLFN,F,NS,00,56,9,47.84,122,69.57,70.85,11.131210,2.654090,1000.00,cifi0007.DBF
BLFN,10BLFN,F,NS,00,56,10,58.40,144,81.00,80.85,11.131210,2.654090,500.00,cifi0007.DBF
BLFN,10BLFN,F,NS,00,56,11,69.25,165,92.67,92.40,11.131210,2.654090,500.00,cifi0007.DBF
BLFN,10BLFN,F,NS,00,56,12,80.41,185,104.57,104.18,11.131210,2.654090,500.00,cifi0007.DBF
BLFN,10BLFN,F,NS,00,56,13,91.87,204,116.71,116.20,11.131210,2.654090,500.00,cifi0007.DBF
BLFN,10BLFN,F,NS,00,56,14,103.62,222,129.07,128.45,11.131210,2.654090,500.00,cifi0007.DBF
BLFN,10BLFN,F,NS,00,56,15,115.66,240,141.63,140.91,11.131210,2.654090,500.00,cifi0007.DBF
BLFN,10BLFN,F,NS,00,56,16,127.95,256,154.37,153.56,11.131210,2.654090,500.00,cifi0007.DBF
BLFN,10BLFN,F,NS,00,56,17,140.46,272,167.25,166.37,11.131210,2.654090,500.00,cifi0007.DBF
BLFN,10BLFN,F,NS,00,56,18,153.17,287,180.24,179.31,11.131210,2.654090,500.00,cifi0007.DBF
BLFN,10BLFN,F,NS,00,56,19,166.04,302,193.32,192.35,11.131210,2.654090,500.00,cifi0007.DBF
BLFN,10BLFN,F,NS,00,56,20,179.05,315,206.46,205.45,11.131210,2.654090,500.00,cifi0007.DBF
BLFN,10BLFN,F,NS,00,56,21,192.17,328,219.61,218.60,11.131210,2.654090,500.00,cifi0007.DBF
BLFN,10BLFN,F,NS,00,56,22,205.36,340,232.76,231.75,11.131210,2.654090,500.00,cifi0007.DBF
BLFN,10BLFN,F,NS,00,56,23,218.54,352,245.82,244.85,11.131210,2.654090,500.00,cifi0007.DBF
BLFN,10BLFN,F,NS,00,56,24,231.64,363,258.73,257.84,11.131210,2.654090,500.00,cifi0007.DBF
BLFN,10BLFN,F,NS,00,56,25,244.56,373,271.39,270.63,11.131210,2.654090,500.00,cifi0007.DBF
BLFN,10BLFN,F,NS,00,56,26,257.33,382,283.85,283.19,11.131210,2.654090,500.00,cifi0007.DBF
BLFN,10BLFN,F,NS,00,56,27,270.04,391,296.17,295.58,11.131210,2.654090,500.00,cifi0007.DBF
BLFN,10BLFN,F,NS,00,56,28,282.63,400,308.31,307.80,11.131210,2.654090,500.00,cifi0007.DBF
BLFN,10BLFN,F,NS,00,56,29,294.77,407,319.97,319.70,11.131210,2.654090,500.00,cifi0007.DBF
BLFN,10BLFN,F,NS,00,56,30,306.39,415,331.07,331.08,11.131210,2.654090,500.00,cifi0007.DBF
BLFN,10BLFN,F,NS,00,56,31,317.64,421,341.78,341.99,11.131210,2.654090,500.00,cifi0007.DBF
BLFN,10BLFN,F,NS,00,56,32,328.46,427,352.03,352.47,11.131210,2.654090,500.00,cifi0007.DBF
BLFN,10BLFN,F,NS,00,56,33,338.76,433,361.76,362.46,11.131210,2.654090,500.00,cifi0007.DBF
BLFN,10BLFN,F,NS,00,56,34,348.52,438,370.94,371.91,11.131210,2.654090,500.00,cifi0007.DBF
BLFN,10BLFN,F,NS,00,56,35,357.76,443,379.59,380.83,11.131210,2.654090,500.00,cifi0007.DBF
BLFN,10BLFN,F,NS,00,56,36,366.50,447,387.76,389.24,11.131210,2.654090,500.00,cifi0007.DBF
BLFN,10BLFN,F,NS,00,56,37,374.74,451,395.44,397.16,11.131210,2.654090,500.00,cifi0007.DBF
BLFN,10BLFN,F,NS,00,56,38,382.59,455,402.72,404.64,11.131210,2.654090,500.00,cifi0007.DBF
BLFN,10BLFN,F,NS,00,56,39,390.16,458,409.72,411.79,11.131210,2.654090,500.00,cifi0007.DBF
BLFN,10BLFN,F,NS,00,56,40,397.37,461,416.36,418.61,11.131210,2.654090,500.00,cifi0007.DBF
BLFN,10BLFN,F,NS,00,56,41,404.04,464,422.50,424.99,11.131210,2.654090,500.00,cifi0007.DBF
BLFN,10BLFN,F,NS,00,56,42,410.13,467,428.07,430.85,11.131210,2.654090,500.00,cifi0007.DBF
BLFN,10BLFN,F,NS,00,56,43,415.54,469,433.02,436.11,11.131210,2.654090,500.00,cifi0007.DBF
BLFN,10BLFN,F,NS,00,56,44,420.19,471,437.26,440.71,11.131210,2.654090,500.00,cifi0007.DBF
BLFN,10BLFN,F,NS,00,56,45,424.16,473,440.88,444.63,11.131210,2.654090,500.00,cifi0007.DBF
BLFN,10BLFN,F,NS,00,56,46,427.70,474,444.11,448.06,11.131210,2.654090,500.00,cifi0007.DBF
BLFN,10BLFN,F,NS,00,56,47,430.87,475,446.98,451.11,11.131210,2.654090,500.00,cifi0007.DBF
BLFN,10BLFN,F,NS,00,56,48,433.71,477,449.57,453.84,11.131210,2.654090,500.00,cifi0007.DBF
BLFN,10BLFN,F,NS,00,56,49,436.33,478,451.95,456.32,11.131210,2.654090,500.00,cifi0007.DBF
BLFN,10BLFN,F,NS,00,56,50,438.94,479,454.31,458.70,11.131210,2.654090,500.00,cifi0007.DBF
BLFN,10BLFN,F,NS,00,56,51,441.62,480,456.73,461.09,11.131210,2.654090,500.00,cifi0007.DBF
BLFN,10BLFN,F,NS,00,56,52,444.19,481,459.06,463.46,11.131210,2.654090,500.00,cifi0007.DBF
BLFN,10BLFN,F,NS,00,56,53,446.66,482,461.29,465.74,11.131210,2.654090,500.00,cifi0007.DBF
BLFN,10BLFN,F,NS,00,56,54,449.04,483,463.44,467.93,11.131210,2.654090,500.00,cifi0007.DBF
BLFN,10BLFN,F,NS,00,56,55,451.32,483,465.49,470.03,11.131210,2.654090,500.00,cifi0007.DBF
BLFN,10BLFN,F,NS,00,56,56,453.51,484,467.46,472.04,11.131210,2.654090,500.00,cifi0007.DBF
BLFN,10BLFN,F,NS,00,56,57,455.61,485,469.34,473.96,11.131210,2.654090,500.00,cifi0007.DBF
BLFN,10BLFN,F,NS,00,56,58,457.61,486,471.14,475.81,11.131210,2.654090,500.00,cifi0007.DBF
BLFN,10BLFN,F,NS,00,56,59,459.54,486,472.86,477.57,11.131210,2.654090,500.00,cifi0007.DBF
BLFN,10BLFN,F,NS,00,56,60,461.38,487,474.51,479.25,11.131210,2.654090,500.00,cifi0007.DBF
BLFN,10BLFN,F,NS,00,56,61,463.15,488,476.09,480.87,11.131210,2.654090,500.00,cifi0007.DBF
BLFN,10BLFN,F,NS,00,56,62,464.95,488,477.67,482.45,11.131210,2.654090,500.00,cifi0007.DBF
BLFN,10BLFN,F,NS,00,56,63,467.93,489,479.95,484.37,11.131210,2.654090,500.00,cifi0007.DBF
BLFN,10BLFN,F,NS,00,56,64,500.00,500,500.00,495.54,15.619960,2.654090,500.00,cifi0007.DBF
BLFN,10BLFN,F,NS,00,57,1,0.00,0,0.00,1.44,2.870340,2.870340,1000.00,cifi0007.DBF
BLFN,10BLFN,F,NS,00,57,2,0.00,0,8.82,10.21,11.605080,2.870340,1000.00,cifi0007.DBF
BLFN,10BLFN,F,NS,00,57,3,1.95,12,17.74,19.08,11.605080,2.870340,1000.00,cifi0007.DBF
BLFN,10BLFN,F,NS,00,57,4,9.85,56,26.70,28.02,11.605080,2.870340,1000.00,cifi0007.DBF
BLFN,10BLFN,F,NS,00,57,5,17.80,98,35.67,36.99,11.605080,2.870340,1000.00,cifi0007.DBF
BLFN,10BLFN,F,NS,00,57,6,25.76,138,44.61,45.94,11.605080,2.870340,1000.00,cifi0007.DBF
BLFN,10BLFN,F,NS,00,57,7,33.67,176,53.47,54.84,11.605080,2.870340,1000.00,cifi0007.DBF
BLFN,10BLFN,F,NS,00,57,8,41.52,106,62.22,63.65,11.605080,2.870340,1000.00,cifi0007.DBF
BLFN,10BLFN,F,NS,00,57,9,52.22,129,73.85,73.84,11.605080,2.870340,500.00,cifi0007.DBF
BLFN,10BLFN,F,NS,00,57,10,63.23,150,85.71,85.58,11.605080,2.870340,500.00,cifi0007.DBF
BLFN,10BLFN,F,NS,00,57,11,74.54,171,97.81,97.56,11.605080,2.870340,500.00,cifi0007.DBF
BLFN,10BLFN,F,NS,00,57,12,86.16,191,110.15,109.78,11.605080,2.870340,500.00,cifi0007.DBF
BLFN,10BLFN,F,NS,00,57,13,98.08,210,122.72,122.24,11.605080,2.870340,500.00,cifi0007.DBF
BLFN,10BLFN,F,NS,00,57,14,110.29,228,135.49,134.91,11.605080,2.870340,500.00,cifi0007.DBF
BLFN,10BLFN,F,NS,00,57,15,122.75,246,148.44,147.77,11.605080,2.870340,500.00,cifi0007.DBF
BLFN,10BLFN,F,NS,00,57,16,135.43,262,161.54,160.79,11.605080,2.870340,500.00,cifi0007.DBF
BLFN,10BLFN,F,NS,00,57,17,148.32,278,174.75,173.94,11.605080,2.870340,500.00,cifi0007.DBF
BLFN,10BLFN,F,NS,00,57,18,161.38,293,188.05,187.20,11.605080,2.870340,500.00,cifi0007.DBF
BLFN,10BLFN,F,NS,00,57,19,174.57,307,201.40,200.53,11.605080,2.870340,500.00,cifi0007.DBF
BLFN,10BLFN,F,NS,00,57,20,187.87,321,214.78,213.89,11.605080,2.870340,500.00,cifi0007.DBF
BLFN,10BLFN,F,NS,00,57,21,201.24,333,228.14,227.26,11.605080,2.870340,500.00,cifi0007.DBF
BLFN,10BLFN,F,NS,00,57,22,214.61,346,241.43,240.59,11.605080,2.870340,500.00,cifi0007.DBF
BLFN,10BLFN,F,NS,00,57,23,227.89,357,254.55,253.79,11.605080,2.870340,500.00,cifi0007.DBF
BLFN,10BLFN,F,NS,00,57,24,240.99,367,267.43,266.79,11.605080,2.870340,500.00,cifi0007.DBF
BLFN,10BLFN,F,NS,00,57,25,253.94,377,280.09,279.56,11.605080,2.870340,500.00,cifi0007.DBF
BLFN,10BLFN,F,NS,00,57,26,266.82,387,292.61,292.16,11.605080,2.870340,500.00,cifi0007.DBF
BLFN,10BLFN,F,NS,00,57,27,279.59,395,304.96,304.59,11.605080,2.870340,500.00,cifi0007.DBF
BLFN,10BLFN,F,NS,00,57,28,291.90,403,316.81,316.68,11.605080,2.870340,500.00,cifi0007.DBF
BLFN,10BLFN,F,NS,00,57,29,303.68,411,328.10,328.26,11.605080,2.870340,500.00,cifi0007.DBF
BLFN,10BLFN,F,NS,00,57,30,315.09,418,338.99,339.35,11.605080,2.870340,500.00,cifi0007.DBF
BLFN,10BLFN,F,NS,00,57,31,326.06,424,349.41,350.00,11.605080,2.870340,500.00,cifi0007.DBF
BLFN,10BLFN,F,NS,00,57,32,336.51,430,359.30,360.16,11.605080,2.870340,500.00,cifi0007.DBF
BLFN,10BLFN,F,NS,00,57,33,346.41,435,368.63,369.77,11.605080,2.870340,500.00,cifi0007.DBF
BLFN,10BLFN,F,NS,00,57,34,355.77,440,377.44,378.84,11.605080,2.870340,500.00,cifi0007.DBF
BLFN,10BLFN,F,NS,00,57,35,364.63,445,385.73,387.39,11.605080,2.870340,500.00,cifi0007.DBF
BLFN,10BLFN,F,NS,00,57,36,372.99,449,393.54,395.44,11.605080,2.870340,500.00,cifi0007.DBF
BLFN,10BLFN,F,NS,00,57,37,380.95,453,400.95,403.05,11.605080,2.870340,500.00,cifi0007.DBF
BLFN,10BLFN,F,NS,00,57,38,388.63,456,408.07,410.31,11.605080,2.870340,500.00,cifi0007.DBF
BLFN,10BLFN,F,NS,00,57,39,395.94,460,414.82,417.25,11.605080,2.870340,500.00,cifi0007.DBF
BLFN,10BLFN,F,NS,00,57,40,402.70,463,421.05,423.74,11.605080,2.870340,500.00,cifi0007.DBF
BLFN,10BLFN,F,NS,00,57,41,408.87,465,426.72,429.69,11.605080,2.870340,500.00,cifi0007.DBF
BLFN,10BLFN,F,NS,00,57,42,414.36,468,431.76,435.04,11.605080,2.870340,500.00,cifi0007.DBF
BLFN,10BLFN,F,NS,00,57,43,419.07,470,436.07,439.71,11.605080,2.870340,500.00,cifi0007.DBF
BLFN,10BLFN,F,NS,00,57,44,423.10,472,439.74,443.71,11.605080,2.870340,500.00,cifi0007.DBF
BLFN,10BLFN,F,NS,00,57,45,426.69,473,443.03,447.19,11.605080,2.870340,500.00,cifi0007.DBF
BLFN,10BLFN,F,NS,00,57,46,429.90,474,445.95,450.29,11.605080,2.870340,500.00,cifi0007.DBF
BLFN,10BLFN,F,NS,00,57,47,432.78,476,448.58,453.07,11.605080,2.870340,500.00,cifi0007.DBF
BLFN,10BLFN,F,NS,00,57,48,435.44,477,451.00,455.59,11.605080,2.870340,500.00,cifi0007.DBF
BLFN,10BLFN,F,NS,00,57,49,438.09,478,453.40,458.00,11.605080,2.870340,500.00,cifi0007.DBF
BLFN,10BLFN,F,NS,00,57,50,440.80,479,455.87,460.44,11.605080,2.870340,500.00,cifi0007.DBF
BLFN,10BLFN,F,NS,00,57,51,443.41,480,458.23,462.85,11.605080,2.870340,500.00,cifi0007.DBF
BLFN,10BLFN,F,NS,00,57,52,445.92,481,460.50,465.17,11.605080,2.870340,500.00,cifi0007.DBF
BLFN,10BLFN,F,NS,00,57,53,448.33,482,462.68,467.39,11.605080,2.870340,500.00,cifi0007.DBF
BLFN,10BLFN,F,NS,00,57,54,450.64,483,464.77,469.52,11.605080,2.870340,500.00,cifi0007.DBF
BLFN,10BLFN,F,NS,00,57,55,452.86,484,466.77,471.57,11.605080,2.870340,500.00,cifi0007.DBF
BLFN,10BLFN,F,NS,00,57,56,454.99,484,468.68,473.53,11.605080,2.870340,500.00,cifi0007.DBF
BLFN,10BLFN,F,NS,00,57,57,457.02,485,470.51,475.40,11.605080,2.870340,500.00,cifi0007.DBF
BLFN,10BLFN,F,NS,00,57,58,458.97,486,472.26,477.19,11.605080,2.870340,500.00,cifi0007.DBF
BLFN,10BLFN,F,NS,00,57,59,460.84,487,473.94,478.91,11.605080,2.870340,500.00,cifi0007.DBF
BLFN,10BLFN,F,NS,00,57,60,462.64,487,475.55,480.55,11.605080,2.870340,500.00,cifi0007.DBF
BLFN,10BLFN,F,NS,00,57,61,464.46,488,477.15,482.15,11.605080,2.870340,500.00,cifi0007.DBF
BLFN,10BLFN,F,NS,00,57,62,467.48,489,479.48,484.12,11.605080,2.870340,500.00,cifi0007.DBF
BLFN,10BLFN,F,NS,00,57,63,500.00,500,500.00,495.54,15.619960,2.870340,500.00,cifi0007.DBF
BLFN,10BLFN,F,NS,00,58,1,0.00,0,0.00,1.55,3.106260,3.106260,1000.00,cifi0007.DBF
BLFN,10BLFN,F,NS,00,58,2,0.00,0,9.09,10.59,12.102220,3.106260,1000.00,cifi0007.DBF
BLFN,10BLFN,F,NS,00,58,3,2.62,15,18.23,19.71,12.102220,3.106260,1000.00,cifi0007.DBF
BLFN,10BLFN,F,NS,00,58,4,10.70,59,27.39,28.86,12.102220,3.106260,1000.00,cifi0007.DBF
BLFN,10BLFN,F,NS,00,58,5,18.80,101,36.52,38.00,12.102220,3.106260,1000.00,cifi0007.DBF
BLFN,10BLFN,F,NS,00,58,6,26.86,140,45.57,47.10,12.102220,3.106260,1000.00,cifi0007.DBF
BLFN,10BLFN,F,NS,00,58,7,34.86,89,54.52,56.10,12.102220,3.106260,1000.00,cifi0007.DBF
BLFN,10BLFN,F,NS,00,58,8,45.72,113,66.34,66.48,12.102220,3.106260,500.00,cifi0007.DBF
BLFN,10BLFN,F,NS,00,58,9,56.89,135,78.41,78.43,12.102220,3.106260,500.00,cifi0007.DBF
BLFN,10BLFN,F,NS,00,58,10,68.36,157,90.72,90.61,12.102220,3.106260,500.00,cifi0007.DBF
BLFN,10BLFN,F,NS,00,58,11,80.15,178,103.27,103.05,12.102220,3.106260,500.00,cifi0007.DBF
BLFN,10BLFN,F,NS,00,58,12,92.25,198,116.06,115.72,12.102220,3.106260,500.00,cifi0007.DBF
BLFN,10BLFN,F,NS,00,58,13,104.63,217,129.05,128.60,12.102220,3.106260,500.00,cifi0007.DBF
BLFN,10BLFN,F,NS,00,58,14,117.27,235,142.22,141.69,12.102220,3.106260,500.00,cifi0007.DBF
BLFN,10BLFN,F,NS,00,58,15,130.14,252,155.54,154.93,12.102220,3.106260,500.00,cifi0007.DBF
BLFN,10BLFN,F,NS,00,58,16,143.21,269,168.99,168.32,12.102220,3.106260,500.00,cifi0007.DBF
BLFN,10BLFN,F,NS,00,58,17,156.46,284,182.51,181.80,12.102220,3.106260,500.00,cifi0007.DBF
BLFN,10BLFN,F,NS,00,58,18,169.84,299,196.10,195.36,12.102220,3.106260,500.00,cifi0007.DBF
BLFN,10BLFN,F,NS,00,58,19,183.34,313,209.71,208.95,12.102220,3.106260,500.00,cifi0007.DBF
BLFN,10BLFN,F,NS,00,58,20,196.90,326,223.30,222.55,12.102220,3.106260,500.00,cifi0007.DBF
BLFN,10BLFN,F,NS,00,58,21,210.46,339,236.81,236.11,12.102220,3.106260,500.00,cifi0007.DBF
BLFN,10BLFN,F,NS,00,58,22,223.93,351,250.16,249.54,12.102220,3.106260,500.00,cifi0007.DBF
BLFN,10BLFN,F,NS,00,58,23,237.23,362,263.26,262.76,12.102220,3.106260,500.00,cifi0007.DBF
BLFN,10BLFN,F,NS,00,58,24,250.37,372,276.15,275.76,12.102220,3.106260,500.00,cifi0007.DBF
BLFN,10BLFN,F,NS,00,58,25,263.44,382,288.89,288.57,12.102220,3.106260,500.00,cifi0007.DBF
BLFN,10BLFN,F,NS,00,58,26,276.39,391,301.44,301.21,12.102220,3.106260,500.00,cifi0007.DBF
BLFN,10BLFN,F,NS,00,58,27,288.88,399,313.50,313.52,12.102220,3.106260,500.00,cifi0007.DBF
BLFN,10BLFN,F,NS,00,58,28,300.83,407,324.98,325.29,12.102220,3.106260,500.00,cifi0007.DBF
BLFN,10BLFN,F,NS,00,58,29,312.41,414,336.06,336.57,12.102220,3.106260,500.00,cifi0007.DBF
BLFN,10BLFN,F,NS,00,58,30,323.54,421,346.66,347.41,12.102220,3.106260,500.00,cifi0007.DBF
BLFN,10BLFN,F,NS,00,58,31,334.13,427,356.72,357.74,12.102220,3.106260,500.00,cifi0007.DBF
BLFN,10BLFN,F,NS,00,58,32,344.18,433,366.22,367.52,12.102220,3.106260,500.00,cifi0007.DBF
BLFN,10BLFN,F,NS,00,58,33,353.68,438,375.17,376.74,12.102220,3.106260,500.00,cifi0007.DBF
BLFN,10BLFN,F,NS,00,58,34,362.66,442,383.61,385.44,12.102220,3.106260,500.00,cifi0007.DBF
BLFN,10BLFN,F,NS,00,58,35,371.15,447,391.55,393.63,12.102220,3.106260,500.00,cifi0007.DBF
BLFN,10BLFN,F,NS,00,58,36,379.22,451,399.09,401.37,12.102220,3.106260,500.00,cifi0007.DBF
BLFN,10BLFN,F,NS,00,58,37,387.01,454,406.33,408.76,12.102220,3.106260,500.00,cifi0007.DBF
BLFN,10BLFN,F,NS,00,58,38,394.43,458,413.20,415.82,12.102220,3.106260,500.00,cifi0007.DBF
BLFN,10BLFN,F,NS,00,58,39,401.29,461,419.54,422.42,12.102220,3.106260,500.00,cifi0007.DBF
BLFN,10BLFN,F,NS,00,58,40,407.55,464,425.31,428.47,12.102220,3.106260,500.00,cifi0007.DBF
BLFN,10BLFN,F,NS,00,58,41,413.12,466,430.43,433.92,12.102220,3.106260,500.00,cifi0007.DBF
BLFN,10BLFN,F,NS,00,58,42,417.90,469,434.81,438.67,12.102220,3.106260,500.00,cifi0007.DBF
BLFN,10BLFN,F,NS,00,58,43,421.98,470,438.55,442.73,12.102220,3.106260,500.00,cifi0007.DBF
BLFN,10BLFN,F,NS,00,58,44,425.63,472,441.89,446.27,12.102220,3.106260,500.00,cifi0007.DBF
BLFN,10BLFN,F,NS,00,58,45,428.88,473,444.87,449.43,12.102220,3.106260,500.00,cifi0007.DBF
BLFN,10BLFN,F,NS,00,58,46,431.81,475,447.54,452.26,12.102220,3.106260,500.00,cifi0007.DBF
BLFN,10BLFN,F,NS,00,58,47,434.51,476,450.01,454.82,12.102220,3.106260,500.00,cifi0007.DBF
BLFN,10BLFN,F,NS,00,58,48,437.19,477,452.45,457.28,12.102220,3.106260,500.00,cifi0007.DBF
BLFN,10BLFN,F,NS,00,58,49,439.94,478,454.95,459.75,12.102220,3.106260,500.00,cifi0007.DBF
BLFN,10BLFN,F,NS,00,58,50,442.59,479,457.36,462.21,12.102220,3.106260,500.00,cifi0007.DBF
BLFN,10BLFN,F,NS,00,58,51,445.13,480,459.67,464.57,12.102220,3.106260,500.00,cifi0007.DBF
BLFN,10BLFN,F,NS,00,58,52,447.58,481,461.88,466.83,12.102220,3.106260,500.00,cifi0007.DBF
BLFN,10BLFN,F,NS,00,58,53,449.92,482,464.01,469.00,12.102220,3.106260,500.00,cifi0007.DBF
BLFN,10BLFN,F,NS,00,58,54,452.17,483,466.04,471.08,12.102220,3.106260,500.00,cifi0007.DBF
BLFN,10BLFN,F,NS,00,58,55,454.33,484,467.99,473.07,12.102220,3.106260,500.00,cifi0007.DBF
BLFN,10BLFN,F,NS,00,58,56,456.40,484,469.85,474.97,12.102220,3.106260,500.00,cifi0007.DBF
BLFN,10BLFN,F,NS,00,58,57,458.38,485,471.64,476.80,12.102220,3.106260,500.00,cifi0007.DBF
BLFN,10BLFN,F,NS,00,58,58,460.27,486,473.34,478.54,12.102220,3.106260,500.00,cifi0007.DBF
BLFN,10BLFN,F,NS,00,58,59,462.09,487,474.98,480.21,12.102220,3.106260,500.00,cifi0007.DBF
BLFN,10BLFN,F,NS,00,58,60,463.95,487,476.61,481.84,12.102220,3.106260,500.00,cifi0007.DBF
BLFN,10BLFN,F,NS,00,58,61,467.01,489,478.98,483.84,12.102220,3.106260,500.00,cifi0007.DBF
BLFN,10BLFN,F,NS,00,58,62,500.00,500,500.00,495.54,15.619960,3.106260,500.00,cifi0007.DBF
BLFN,10BLFN,F,NS,00,59,1,0.00,0,0.00,1.68,3.352010,3.352010,1000.00,cifi0007.DBF
BLFN,10BLFN,F,NS,00,59,2,0.00,0,9.34,10.98,12.624620,3.352010,1000.00,cifi0007.DBF
BLFN,10BLFN,F,NS,00,59,3,3.22,18,18.69,20.32,12.624620,3.352010,1000.00,cifi0007.DBF
BLFN,10BLFN,F,NS,00,59,4,11.47,62,28.01,29.66,12.624620,3.352010,1000.00,cifi0007.DBF
BLFN,10BLFN,F,NS,00,59,5,19.69,103,37.27,38.95,12.624620,3.352010,1000.00,cifi0007.DBF
BLFN,10BLFN,F,NS,00,59,6,27.85,71,46.42,48.16,12.624620,3.352010,1000.00,cifi0007.DBF
BLFN,10BLFN,F,NS,00,59,7,38.87,96,58.46,58.75,12.624620,3.352010,500.00,cifi0007.DBF
BLFN,10BLFN,F,NS,00,59,8,50.20,120,70.74,70.91,12.624620,3.352010,500.00,cifi0007.DBF
BLFN,10BLFN,F,NS,00,59,9,61.85,142,83.27,83.31,12.624620,3.352010,500.00,cifi0007.DBF
BLFN,10BLFN,F,NS,00,59,10,73.82,164,96.05,95.97,12.624620,3.352010,500.00,cifi0007.DBF
BLFN,10BLFN,F,NS,00,59,11,86.10,185,109.06,108.86,12.624620,3.352010,500.00,cifi0007.DBF
BLFN,10BLFN,F,NS,00,59,12,98.67,204,122.28,121.98,12.624620,3.352010,500.00,cifi0007.DBF
BLFN,10BLFN,F,NS,00,59,13,111.50,223,135.69,135.30,12.624620,3.352010,500.00,cifi0007.DBF
BLFN,10BLFN,F,NS,00,59,14,124.56,241,149.25,148.78,12.624620,3.352010,500.00,cifi0007.DBF
BLFN,10BLFN,F,NS,00,59,15,137.83,258,162.93,162.40,12.624620,3.352010,500.00,cifi0007.DBF
BLFN,10BLFN,F,NS,00,59,16,151.28,275,176.70,176.13,12.624620,3.352010,500.00,cifi0007.DBF
BLFN,10BLFN,F,NS,00,59,17,164.86,290,190.52,189.92,12.624620,3.352010,500.00,cifi0007.DBF
BLFN,10BLFN,F,NS,00,59,18,178.56,305,204.38,203.76,12.624620,3.352010,500.00,cifi0007.DBF
BLFN,10BLFN,F,NS,00,59,19,192.33,319,218.21,217.61,12.624620,3.352010,500.00,cifi0007.DBF
BLFN,10BLFN,F,NS,00,59,20,206.10,332,231.97,231.40,12.624620,3.352010,500.00,cifi0007.DBF
BLFN,10BLFN,F,NS,00,59,21,219.77,344,245.55,245.07,12.624620,3.352010,500.00,cifi0007.DBF
BLFN,10BLFN,F,NS,00,59,22,233.26,356,258.89,258.53,12.624620,3.352010,500.00,cifi0007.DBF
BLFN,10BLFN,F,NS,00,59,23,246.61,366,272.00,271.76,12.624620,3.352010,500.00,cifi0007.DBF
BLFN,10BLFN,F,NS,00,59,24,259.87,376,284.97,284.80,12.624620,3.352010,500.00,cifi0007.DBF
BLFN,10BLFN,F,NS,00,59,25,273.01,386,297.74,297.67,12.624620,3.352010,500.00,cifi0007.DBF
BLFN,10BLFN,F,NS,00,59,26,285.70,395,310.02,310.19,12.624620,3.352010,500.00,cifi0007.DBF
BLFN,10BLFN,F,NS,00,59,27,297.83,403,321.71,322.18,12.624620,3.352010,500.00,cifi0007.DBF
BLFN,10BLFN,F,NS,00,59,28,309.58,410,332.98,333.66,12.624620,3.352010,500.00,cifi0007.DBF
BLFN,10BLFN,F,NS,00,59,29,320.88,417,343.78,344.69,12.624620,3.352010,500.00,cifi0007.DBF
BLFN,10BLFN,F,NS,00,59,30,331.63,424,354.01,355.21,12.624620,3.352010,500.00,cifi0007.DBF
BLFN,10BLFN,F,NS,00,59,31,341.83,430,363.68,365.16,12.624620,3.352010,500.00,cifi0007.DBF
BLFN,10BLFN,F,NS,00,59,32,351.47,435,372.79,374.55,12.624620,3.352010,500.00,cifi0007.DBF
BLFN,10BLFN,F,NS,00,59,33,360.59,440,381.38,383.40,12.624620,3.352010,500.00,cifi0007.DBF
BLFN,10BLFN,F,NS,00,59,34,369.20,444,389.47,391.74,12.624620,3.352010,500.00,cifi0007.DBF
BLFN,10BLFN,F,NS,00,59,35,377.40,449,397.13,399.61,12.624620,3.352010,500.00,cifi0007.DBF
BLFN,10BLFN,F,NS,00,59,36,385.31,452,404.51,407.13,12.624620,3.352010,500.00,cifi0007.DBF
BLFN,10BLFN,F,NS,00,59,37,392.83,456,411.50,414.31,12.624620,3.352010,500.00,cifi0007.DBF
BLFN,10BLFN,F,NS,00,59,38,399.80,459,417.95,421.04,12.624620,3.352010,500.00,cifi0007.DBF
BLFN,10BLFN,F,NS,00,59,39,406.15,462,423.82,427.20,12.624620,3.352010,500.00,cifi0007.DBF
BLFN,10BLFN,F,NS,00,59,40,411.81,465,429.03,432.74,12.624620,3.352010,500.00,cifi0007.DBF
BLFN,10BLFN,F,NS,00,59,41,416.66,467,433.49,437.58,12.624620,3.352010,500.00,cifi0007.DBF
BLFN,10BLFN,F,NS,00,59,42,420.80,469,437.30,441.71,12.624620,3.352010,500.00,cifi0007.DBF
BLFN,10BLFN,F,NS,00,59,43,424.51,471,440.70,445.32,12.624620,3.352010,500.00,cifi0007.DBF
BLFN,10BLFN,F,NS,00,59,44,427.81,472,443.73,448.53,12.624620,3.352010,500.00,cifi0007.DBF
BLFN,10BLFN,F,NS,00,59,45,430.78,473,446.45,451.40,12.624620,3.352010,500.00,cifi0007.DBF
BLFN,10BLFN,F,NS,00,59,46,433.52,475,448.96,454.02,12.624620,3.352010,500.00,cifi0007.DBF
BLFN,10BLFN,F,NS,00,59,47,436.24,476,451.45,456.52,12.624620,3.352010,500.00,cifi0007.DBF
BLFN,10BLFN,F,NS,00,59,48,439.04,477,454.00,459.03,12.624620,3.352010,500.00,cifi0007.DBF
BLFN,10BLFN,F,NS,00,59,49,441.72,478,456.44,461.53,12.624620,3.352010,500.00,cifi0007.DBF
BLFN,10BLFN,F,NS,00,59,50,444.31,479,458.79,463.93,12.624620,3.352010,500.00,cifi0007.DBF
BLFN,10BLFN,F,NS,00,59,51,446.79,480,461.05,466.23,12.624620,3.352010,500.00,cifi0007.DBF
BLFN,10BLFN,F,NS,00,59,52,449.17,481,463.21,468.44,12.624620,3.352010,500.00,cifi0007.DBF
BLFN,10BLFN,F,NS,00,59,53,451.45,482,465.28,470.56,12.624620,3.352010,500.00,cifi0007.DBF
BLFN,10BLFN,F,NS,00,59,54,453.64,483,467.26,472.59,12.624620,3.352010,500.00,cifi0007.DBF
BLFN,10BLFN,F,NS,00,59,55,455.74,484,469.16,474.52,12.624620,3.352010,500.00,cifi0007.DBF
BLFN,10BLFN,F,NS,00,59,56,457.75,485,470.98,476.38,12.624620,3.352010,500.00,cifi0007.DBF
BLFN,10BLFN,F,NS,00,59,57,459.67,485,472.71,478.16,12.624620,3.352010,500.00,cifi0007.DBF
BLFN,10BLFN,F,NS,00,59,58,461.52,486,474.38,479.86,12.624620,3.352010,500.00,cifi0007.DBF
BLFN,10BLFN,F,NS,00,59,59,463.40,487,476.04,481.52,12.624620,3.352010,500.00,cifi0007.DBF
BLFN,10BLFN,F,NS,00,59,60,466.51,488,478.46,483.56,12.624620,3.352010,500.00,cifi0007.DBF
BLFN,10BLFN,F,NS,00,59,61,500.00,500,500.00,495.54,15.619960,3.352010,500.00,cifi0007.DBF
BLFN,10BLFN,F,NS,00,60,1,0.00,0,0.00,1.82,3.637080,3.637080,1000.00,cifi0007.DBF
BLFN,10BLFN,F,NS,00,60,2,0.00,0,9.55,11.36,13.172790,3.637080,1000.00,cifi0007.DBF
BLFN,10BLFN,F,NS,00,60,3,3.74,20,19.09,20.91,13.172790,3.637080,1000.00,cifi0007.DBF
BLFN,10BLFN,F,NS,00,60,4,12.12,64,28.55,30.41,13.172790,3.637080,1000.00,cifi0007.DBF
BLFN,10BLFN,F,NS,00,60,5,20.44,53,37.93,39.83,13.172790,3.637080,1000.00,cifi0007.DBF
BLFN,10BLFN,F,NS,00,60,6,31.64,78,50.18,50.64,13.172790,3.637080,500.00,cifi0007.DBF
BLFN,10BLFN,F,NS,00,60,7,43.15,103,62.69,63.02,13.172790,3.637080,500.00,cifi0007.DBF
BLFN,10BLFN,F,NS,00,60,8,54.98,126,75.45,75.65,13.172790,3.637080,500.00,cifi0007.DBF
BLFN,10BLFN,F,NS,00,60,9,67.14,149,88.46,88.54,13.172790,3.637080,500.00,cifi0007.DBF
BLFN,10BLFN,F,NS,00,60,10,79.61,171,101.71,101.67,13.172790,3.637080,500.00,cifi0007.DBF
BLFN,10BLFN,F,NS,00,60,11,92.37,191,115.18,115.03,13.172790,3.637080,500.00,cifi0007.DBF
BLFN,10BLFN,F,NS,00,60,12,105.41,211,128.83,128.59,13.172790,3.637080,500.00,cifi0007.DBF
BLFN,10BLFN,F,NS,00,60,13,118.68,230,142.64,142.32,13.172790,3.637080,500.00,cifi0007.DBF
BLFN,10BLFN,F,NS,00,60,14,132.16,248,156.57,156.19,13.172790,3.637080,500.00,cifi0007.DBF
BLFN,10BLFN,F,NS,00,60,15,145.81,265,170.60,170.17,13.172790,3.637080,500.00,cifi0007.DBF
BLFN,10BLFN,F,NS,00,60,16,159.61,281,184.68,184.22,13.172790,3.637080,500.00,cifi0007.DBF
BLFN,10BLFN,F,NS,00,60,17,173.52,296,198.78,198.32,13.172790,3.637080,500.00,cifi0007.DBF
BLFN,10BLFN,F,NS,00,60,18,187.50,311,212.87,212.41,13.172790,3.637080,500.00,cifi0007.DBF
BLFN,10BLFN,F,NS,00,60,19,201.49,324,226.88,226.46,13.172790,3.637080,500.00,cifi0007.DBF
BLFN,10BLFN,F,NS,00,60,20,215.38,337,240.72,240.38,13.172790,3.637080,500.00,cifi0007.DBF
BLFN,10BLFN,F,NS,00,60,21,229.08,349,254.30,254.09,13.172790,3.637080,500.00,cifi0007.DBF
BLFN,10BLFN,F,NS,00,60,22,242.63,360,267.65,267.56,13.172790,3.637080,500.00,cifi0007.DBF
BLFN,10BLFN,F,NS,00,60,23,256.11,371,280.86,280.84,13.172790,3.637080,500.00,cifi0007.DBF
BLFN,10BLFN,F,NS,00,60,24,269.46,381,293.87,293.95,13.172790,3.637080,500.00,cifi0007.DBF
BLFN,10BLFN,F,NS,00,60,25,282.34,390,306.37,306.70,13.172790,3.637080,500.00,cifi0007.DBF
BLFN,10BLFN,F,NS,00,60,26,294.66,399,318.27,318.91,13.172790,3.637080,500.00,cifi0007.DBF
BLFN,10BLFN,F,NS,00,60,27,306.60,407,329.75,330.60,13.172790,3.637080,500.00,cifi0007.DBF
BLFN,10BLFN,F,NS,00,60,28,318.07,414,340.74,341.84,13.172790,3.637080,500.00,cifi0007.DBF
BLFN,10BLFN,F,NS,00,60,29,328.99,420,351.17,352.54,13.172790,3.637080,500.00,cifi0007.DBF
BLFN,10BLFN,F,NS,00,60,30,339.35,427,361.01,362.68,13.172790,3.637080,500.00,cifi0007.DBF
BLFN,10BLFN,F,NS,00,60,31,349.14,432,370.29,372.24,13.172790,3.637080,500.00,cifi0007.DBF
BLFN,10BLFN,F,NS,00,60,32,358.41,437,379.04,381.25,13.172790,3.637080,500.00,cifi0007.DBF
BLFN,10BLFN,F,NS,00,60,33,367.15,442,387.27,389.74,13.172790,3.637080,500.00,cifi0007.DBF
BLFN,10BLFN,F,NS,00,60,34,375.48,446,395.08,397.76,13.172790,3.637080,500.00,cifi0007.DBF
BLFN,10BLFN,F,NS,00,60,35,383.51,450,402.59,405.42,13.172790,3.637080,500.00,cifi0007.DBF
BLFN,10BLFN,F,NS,00,60,36,391.15,454,409.71,412.74,13.172790,3.637080,500.00,cifi0007.DBF
BLFN,10BLFN,F,NS,00,60,37,398.23,458,416.28,419.58,13.172790,3.637080,500.00,cifi0007.DBF
BLFN,10BLFN,F,NS,00,60,38,404.68,461,422.26,425.86,13.172790,3.637080,500.00,cifi0007.DBF
BLFN,10BLFN,F,NS,00,60,39,410.43,463,427.57,431.50,13.172790,3.637080,500.00,cifi0007.DBF
BLFN,10BLFN,F,NS,00,60,40,415.35,466,432.11,436.43,13.172790,3.637080,500.00,cifi0007.DBF
BLFN,10BLFN,F,NS,00,60,41,419.56,468,435.99,440.64,13.172790,3.637080,500.00,cifi0007.DBF
BLFN,10BLFN,F,NS,00,60,42,423.32,469,439.45,444.31,13.172790,3.637080,500.00,cifi0007.DBF
BLFN,10BLFN,F,NS,00,60,43,426.68,471,442.54,447.58,13.172790,3.637080,500.00,cifi0007.DBF
BLFN,10BLFN,F,NS,00,60,44,429.69,472,445.31,450.51,13.172790,3.637080,500.00,cifi0007.DBF
BLFN,10BLFN,F,NS,00,60,45,432.48,473,447.86,453.17,13.172790,3.637080,500.00,cifi0007.DBF
BLFN,10BLFN,F,NS,00,60,46,435.24,475,450.39,455.71,13.172790,3.637080,500.00,cifi0007.DBF
BLFN,10BLFN,F,NS,00,60,47,438.08,476,452.99,458.28,13.172790,3.637080,500.00,cifi0007.DBF
BLFN,10BLFN,F,NS,00,60,48,440.81,477,455.48,460.82,13.172790,3.637080,500.00,cifi0007.DBF
BLFN,10BLFN,F,NS,00,60,49,443.43,478,457.88,463.27,13.172790,3.637080,500.00,cifi0007.DBF
BLFN,10BLFN,F,NS,00,60,50,445.95,479,460.17,465.61,13.172790,3.637080,500.00,cifi0007.DBF
BLFN,10BLFN,F,NS,00,60,51,448.37,480,462.37,467.86,13.172790,3.637080,500.00,cifi0007.DBF
BLFN,10BLFN,F,NS,00,60,52,450.69,481,464.48,470.02,13.172790,3.637080,500.00,cifi0007.DBF
BLFN,10BLFN,F,NS,00,60,53,452.92,482,466.50,472.08,13.172790,3.637080,500.00,cifi0007.DBF
BLFN,10BLFN,F,NS,00,60,54,455.05,483,468.43,474.05,13.172790,3.637080,500.00,cifi0007.DBF
BLFN,10BLFN,F,NS,00,60,55,457.09,484,470.28,475.94,13.172790,3.637080,500.00,cifi0007.DBF
BLFN,10BLFN,F,NS,00,60,56,459.04,485,472.05,477.75,13.172790,3.637080,500.00,cifi0007.DBF
BLFN,10BLFN,F,NS,00,60,57,460.92,485,473.74,479.48,13.172790,3.637080,500.00,cifi0007.DBF
BLFN,10BLFN,F,NS,00,60,58,462.83,486,475.44,481.18,13.172790,3.637080,500.00,cifi0007.DBF
BLFN,10BLFN,F,NS,00,60,59,465.99,487,477.91,483.26,13.172790,3.637080,500.00,cifi0007.DBF
BLFN,10BLFN,F,NS,00,60,60,500.00,500,500.00,495.54,15.619960,3.637080,500.00,cifi0007.DBF
