cfic_plan,ql_plan,gender,uwclass,band,issue_age,policy_year,cash_value,pup_ins,term_rsv,mean_rsv,rl_netprem,fy_netprem,death_ben,source_file
DPMN,10DPMN,M,NS,00,0,1,0.00,0,0.00,0.14,0.275900,0.275900,1000.00,cifi0007.DBF
DPMN,10DPMN,M,NS,00,0,2,0.00,0,3.27,3.30,3.327740,0.275900,1000.00,cifi0007.DBF
DPMN,10DPMN,M,NS,00,0,3,0.00,0,6.65,6.62,3.327740,0.275900,1000.00,cifi0007.DBF
DPMN,10DPMN,M,NS,00,0,4,0.00,0,10.16,10.07,3.327740,0.275900,1000.00,cifi0007.DBF
DPMN,10DPMN,M,NS,00,0,5,0.00,0,13.78,13.63,3.327740,0.275900,1000.00,cifi0007.DBF
DPMN,10DPMN,M,NS,00,0,6,0.49,8,17.52,17.31,3.327740,0.275900,1000.00,cifi0007.DBF
DPMN,10DPMN,M,NS,00,0,7,3.02,48,21.37,21.11,3.327740,0.275900,1000.00,cifi0007.DBF
DPMN,10DPMN,M,NS,00,0,8,5.66,85,25.34,25.02,3.327740,0.275900,1000.00,cifi0007.DBF
DPMN,10DPMN,M,NS,00,0,9,8.42,122,29.44,29.06,3.327740,0.275900,1000.00,cifi0007.DBF
DPMN,10DPMN,M,NS,00,0,10,11.28,157,33.67,33.22,3.327740,0.275900,1000.00,cifi0007.DBF
DPMN,10DPMN,M,NS,00,0,11,14.26,191,38.01,37.50,3.327740,0.275900,1000.00,cifi0007.DBF
DPMN,10DPMN,M,NS,00,0,12,17.35,224,42.49,41.91,3.327740,0.275900,1000.00,cifi0007.DBF
DPMN,10DPMN,M,NS,00,0,13,20.54,255,47.07,46.44,3.327740,0.275900,1000.00,cifi0007.DBF
DPMN,10DPMN,M,NS,00,0,14,23.82,285,51.76,51.08,3.327740,0.275900,1000.00,cifi0007.DBF
DPMN,10DPMN,M,NS,00,0,15,27.17,313,56.52,55.80,3.327740,0.275900,1000.00,cifi0007.DBF
DPMN,10DPMN,M,NS,00,0,16,30.53,340,61.31,60.58,3.327740,0.275900,1000.00,cifi0007.DBF
DPMN,10DPMN,M,NS,00,0,17,33.89,364,66.10,65.37,3.327740,0.275900,1000.00,cifi0007.DBF
DPMN,10DPMN,M,NS,00,0,18,37.20,387,70.86,70.14,3.327740,0.275900,1000.00,cifi0007.DBF
DPMN,10DPMN,M,NS,00,0,19,40.50,408,75.63,74.91,3.327740,0.275900,1000.00,cifi0007.DBF
DPMN,10DPMN,M,NS,00,0,20,43.92,428,80.52,79.74,3.327740,0.275900,1000.00,cifi0007.DBF
DPMN,10DPMN,M,NS,00,0,21,47.44,448,85.54,84.70,3.327740,0.275900,1000.00,cifi0007.DBF
DPMN,10DPMN,M,NS,00,0,22,51.08,468,90.67,89.77,3.327740,0.275900,1000.00,cifi0007.DBF
DPMN,10DPMN,M,NS,00,0,23,54.90,487,96.00,95.00,3.327740,0.275900,1000.00,cifi0007.DBF
DPMN,10DPMN,M,NS,00,0,24,58.90,505,101.53,100.43,3.327740,0.275900,1000.00,cifi0007.DBF
DPMN,10DPMN,M,NS,00,0,25,63.07,523,107.23,106.04,3.327740,0.275900,1000.00,cifi0007.DBF
DPMN,10DPMN,M,NS,00,0,26,67.42,541,113.11,111.83,3.327740,0.275900,1000.00,cifi0007.DBF
DPMN,10DPMN,M,NS,00,0,27,72.07,559,119.28,117.86,3.327740,0.275900,1000.00,cifi0007.DBF
DPMN,10DPMN,M,NS,00,0,28,76.93,576,125.68,124.14,3.327740,0.275900,1000.00,cifi0007.DBF
DPMN,10DPMN,M,NS,00,0,29,82.04,593,132.32,130.66,3.327740,0.275900,1000.00,cifi0007.DBF
DPMN,10DPMN,M,NS,00,0,30,87.41,610,139.21,137.43,3.327740,0.275900,1000.00,cifi0007.DBF
DPMN,10DPMN,M,NS,00,0,31,93.03,626,146.33,144.43,3.327740,0.275900,1000.00,cifi0007.DBF
DPMN,10DPMN,M,NS,00,0,32,98.85,642,153.66,151.66,3.327740,0.275900,1000.00,cifi0007.DBF
DPMN,10DPMN,M,NS,00,0,33,104.90,657,161.19,159.09,3.327740,0.275900,1000.00,cifi0007.DBF
DPMN,10DPMN,M,NS,00,0,34,111.11,671,168.89,166.70,3.327740,0.275900,1000.00,cifi0007.DBF
DPMN,10DPMN,M,NS,00,0,35,117.48,685,176.73,174.47,3.327740,0.275900,1000.00,cifi0007.DBF
DPMN,10DPMN,M,NS,00,0,36,124.01,698,184.71,182.38,3.327740,0.275900,1000.00,cifi0007.DBF
DPMN,10DPMN,M,NS,00,0,37,130.68,711,192.82,190.43,3.327740,0.275900,1000.00,cifi0007.DBF
DPMN,10DPMN,M,NS,00,0,38,137.50,722,201.07,198.61,3.327740,0.275900,1000.00,cifi0007.DBF
DPMN,10DPMN,M,NS,00,0,39,144.51,734,209.48,206.94,3.327740,0.275900,1000.00,cifi0007.DBF
DPMN,10DPMN,M,NS,00,0,40,151.74,745,218.10,215.46,3.327740,0.275900,1000.00,cifi0007.DBF
DPMN,10DPMN,M,NS,00,0,41,159.23,756,226.95,224.19,3.327740,0.275900,1000.00,cifi0007.DBF
DPMN,10DPMN,M,NS,00,0,42,166.95,766,236.01,233.14,3.327740,0.275900,1000.00,cifi0007.DBF
DPMN,10DPMN,M,NS,00,0,43,174.92,776,245.27,242.30,3.327740,0.275900,1000.00,cifi0007.DBF
DPMN,10DPMN,M,NS,00,0,44,183.15,786,254.77,251.68,3.327740,0.275900,1000.00,cifi0007.DBF
DPMN,10DPMN,M,NS,00,0,45,191.64,795,264.50,261.30,3.327740,0.275900,1000.00,cifi0007.DBF
DPMN,10DPMN,M,NS,00,0,46,200.46,804,274.50,271.16,3.327740,0.275900,1000.00,cifi0007.DBF
DPMN,10DPMN,M,NS,00,0,47,209.59,812,284.77,281.30,3.327740,0.275900,1000.00,cifi0007.DBF
DPMN,10DPMN,M,NS,00,0,48,219.05,821,295.32,291.71,3.327740,0.275900,1000.00,cifi0007.DBF
DPMN,10DPMN,M,NS,00,0,49,228.84,829,306.16,302.40,3.327740,0.275900,1000.00,cifi0007.DBF
DPMN,10DPMN,M,NS,00,0,50,238.99,837,317.28,313.38,3.327740,0.275900,1000.00,cifi0007.DBF
DPMN,10DPMN,M,NS,00,0,51,249.47,845,328.68,324.64,3.327740,0.275900,1000.00,cifi0007.DBF
DPMN,10DPMN,M,NS,00,0,52,260.28,852,340.33,336.17,3.327740,0.275900,1000.00,cifi0007.DBF
DPMN,10DPMN,M,NS,00,0,53,271.39,859,352.23,347.95,3.327740,0.275900,1000.00,cifi0007.DBF
DPMN,10DPMN,M,NS,00,0,54,282.80,866,364.35,359.95,3.327740,0.275900,1000.00,cifi0007.DBF
DPMN,10DPMN,M,NS,00,0,55,294.51,872,376.70,372.19,3.327740,0.275900,1000.00,cifi0007.DBF
DPMN,10DPMN,M,NS,00,0,56,306.55,879,389.31,384.67,3.327740,0.275900,1000.00,cifi0007.DBF
DPMN,10DPMN,M,NS,00,0,57,318.95,885,402.18,397.41,3.327740,0.275900,1000.00,cifi0007.DBF
DPMN,10DPMN,M,NS,00,0,58,331.74,890,415.35,410.43,3.327740,0.275900,1000.00,cifi0007.DBF
DPMN,10DPMN,M,NS,00,0,59,344.93,896,428.83,423.76,3.327740,0.275900,1000.00,cifi0007.DBF
DPMN,10DPMN,M,NS,00,0,60,358.53,902,442.61,437.39,3.327740,0.275900,1000.00,cifi0007.DBF
DPMN,10DPMN,M,NS,00,0,61,372.51,907,456.67,451.31,3.327740,0.275900,1000.00,cifi0007.DBF
DPMN,10DPMN,M,NS,00,0,62,386.84,912,470.97,465.48,3.327740,0.275900,1000.00,cifi0007.DBF
DPMN,10DPMN,M,NS,00,0,63,401.46,917,485.46,479.88,3.327740,0.275900,1000.00,cifi0007.DBF
DPMN,10DPMN,M,NS,00,0,64,416.38,921,500.14,494.46,3.327740,0.275900,1000.00,cifi0007.DBF
DPMN,10DPMN,M,NS,00,0,65,431.57,926,514.98,509.22,3.327740,0.275900,1000.00,cifi0007.DBF
DPMN,10DPMN,M,NS,00,0,66,447.05,930,530.00,524.15,3.327740,0.275900,1000.00,cifi0007.DBF
DPMN,10DPMN,M,NS,00,0,67,462.82,934,545.19,539.26,3.327740,0.275900,1000.00,cifi0007.DBF
DPMN,10DPMN,M,NS,00,0,68,478.88,938,560.56,554.54,3.327740,0.275900,1000.00,cifi0007.DBF
DPMN,10DPMN,M,NS,00,0,69,495.24,942,576.09,569.99,3.327740,0.275900,1000.00,cifi0007.DBF
DPMN,10DPMN,M,NS,00,0,70,511.87,945,591.78,585.60,3.327740,0.275900,1000.00,cifi0007.DBF
DPMN,10DPMN,M,NS,00,0,71,528.74,949,607.58,601.34,3.327740,0.275900,1000.00,cifi0007.DBF
DPMN,10DPMN,M,NS,00,0,72,545.78,952,623.44,617.17,3.327740,0.275900,1000.00,cifi0007.DBF
DPMN,10DPMN,M,NS,00,0,73,562.93,955,639.30,633.03,3.327740,0.275900,1000.00,cifi0007.DBF
DPMN,10DPMN,M,NS,00,0,74,580.12,958,655.10,648.86,3.327740,0.275900,1000.00,cifi0007.DBF
DPMN,10DPMN,M,NS,00,0,75,597.31,961,670.80,664.62,3.327740,0.275900,1000.00,cifi0007.DBF
DPMN,10DPMN,M,NS,00,0,76,614.48,963,686.39,680.26,3.327740,0.275900,1000.00,cifi0007.DBF
DPMN,10DPMN,M,NS,00,0,77,631.61,966,701.86,695.79,3.327740,0.275900,1000.00,cifi0007.DBF
DPMN,10DPMN,M,NS,00,0,78,648.70,968,717.20,711.19,3.327740,0.275900,1000.00,cifi0007.DBF
DPMN,10DPMN,M,NS,00,0,79,665.75,971,732.41,726.47,3.327740,0.275900,1000.00,cifi0007.DBF
DPMN,10DPMN,M,NS,00,0,80,682.70,973,747.44,741.59,3.327740,0.275900,1000.00,cifi0007.DBF
DPMN,10DPMN,M,NS,00,0,81,699.50,975,762.26,756.52,3.327740,0.275900,1000.00,cifi0007.DBF
DPMN,10DPMN,M,NS,00,0,82,716.05,977,776.78,771.18,3.327740,0.275900,1000.00,cifi0007.DBF
DPMN,10DPMN,M,NS,00,0,83,732.34,979,790.98,785.54,3.327740,0.275900,1000.00,cifi0007.DBF
DPMN,10DPMN,M,NS,00,0,84,748.28,980,804.80,799.56,3.327740,0.275900,1000.00,cifi0007.DBF
DPMN,10DPMN,M,NS,00,0,85,763.77,982,818.17,813.15,3.327740,0.275900,1000.00,cifi0007.DBF
DPMN,10DPMN,M,NS,00,0,86,778.72,983,831.00,826.25,3.327740,0.275900,1000.00,cifi0007.DBF
DPMN,10DPMN,M,NS,00,0,87,793.01,985,843.20,838.76,3.327740,0.275900,1000.00,cifi0007.DBF
DPMN,10DPMN,M,NS,00,0,88,806.53,986,854.68,850.60,3.327740,0.275900,1000.00,cifi0007.DBF
DPMN,10DPMN,M,NS,00,0,89,819.18,987,865.37,861.69,3.327740,0.275900,1000.00,cifi0007.DBF
DPMN,10DPMN,M,NS,00,0,90,830.99,988,875.28,871.98,3.327740,0.275900,1000.00,cifi0007.DBF
DPMN,10DPMN,M,NS,00,0,91,842.01,989,884.45,881.53,3.327740,0.275900,1000.00,cifi0007.DBF
DPMN,10DPMN,M,NS,00,0,92,852.44,990,893.04,890.41,3.327740,0.275900,1000.00,cifi0007.DBF
DPMN,10DPMN,M,NS,00,0,93,862.55,991,901.27,898.82,3.327740,0.275900,1000.00,cifi0007.DBF
DPMN,10DPMN,M,NS,00,0,94,872.76,992,909.42,907.00,3.327740,0.275900,1000.00,cifi0007.DBF
DPMN,10DPMN,M,NS,00,0,95,883.74,992,917.99,915.37,3.327740,0.275900,1000.00,cifi0007.DBF
DPMN,10DPMN,M,NS,00,0,96,896.52,993,927.73,924.53,3.327740,0.275900,1000.00,cifi0007.DBF
DPMN,10DPMN,M,NS,00,0,97,911.86,995,939.09,935.08,3.327740,0.275900,1000.00,cifi0007.DBF
DPMN,10DPMN,M,NS,00,0,98,931.63,996,953.26,947.84,3.327740,0.275900,1000.00,cifi0007.DBF
DPMN,10DPMN,M,NS,00,0,99,959.02,998,972.30,964.44,3.327740,0.275900,1000.00,cifi0007.DBF
DPMN,10DPMN,M,NS,00,0,100,1000.00,1000,1000.00,987.81,3.327740,0.275900,1000.00,cifi0007.DBF
DPMN,10DPMN,M,NS,00,1,1,0.00,0,0.00,0.08,0.157660,0.157660,1000.00,cifi0007.DBF
DPMN,10DPMN,M,NS,00,1,2,0.00,0,3.40,3.41,3.433910,0.157660,1000.00,cifi0007.DBF
DPMN,10DPMN,M,NS,00,1,3,0.00,0,6.91,6.87,3.433910,0.157660,1000.00,cifi0007.DBF
DPMN,10DPMN,M,NS,00,1,4,0.00,0,10.55,10.45,3.433910,0.157660,1000.00,cifi0007.DBF
DPMN,10DPMN,M,NS,00,1,5,0.00,0,14.30,14.14,3.433910,0.157660,1000.00,cifi0007.DBF
DPMN,10DPMN,M,NS,00,1,6,1.13,18,18.17,17.95,3.433910,0.157660,1000.00,cifi0007.DBF
DPMN,10DPMN,M,NS,00,1,7,3.77,57,22.15,21.87,3.433910,0.157660,1000.00,cifi0007.DBF
DPMN,10DPMN,M,NS,00,1,8,6.53,95,26.26,25.92,3.433910,0.157660,1000.00,cifi0007.DBF
DPMN,10DPMN,M,NS,00,1,9,9.40,131,30.50,30.10,3.433910,0.157660,1000.00,cifi0007.DBF
DPMN,10DPMN,M,NS,00,1,10,12.38,166,34.86,34.40,3.433910,0.157660,1000.00,cifi0007.DBF
DPMN,10DPMN,M,NS,00,1,11,15.48,200,39.35,38.82,3.433910,0.157660,1000.00,cifi0007.DBF
DPMN,10DPMN,M,NS,00,1,12,18.68,232,43.95,43.36,3.433910,0.157660,1000.00,cifi0007.DBF
DPMN,10DPMN,M,NS,00,1,13,21.96,263,48.65,48.01,3.433910,0.157660,1000.00,cifi0007.DBF
DPMN,10DPMN,M,NS,00,1,14,25.32,292,53.42,52.75,3.433910,0.157660,1000.00,cifi0007.DBF
DPMN,10DPMN,M,NS,00,1,15,28.69,319,58.23,57.54,3.433910,0.157660,1000.00,cifi0007.DBF
DPMN,10DPMN,M,NS,00,1,16,32.05,344,63.04,62.35,3.433910,0.157660,1000.00,cifi0007.DBF
DPMN,10DPMN,M,NS,00,1,17,35.36,368,67.81,67.14,3.433910,0.157660,1000.00,cifi0007.DBF
DPMN,10DPMN,M,NS,00,1,18,38.68,390,72.60,71.92,3.433910,0.157660,1000.00,cifi0007.DBF
DPMN,10DPMN,M,NS,00,1,19,42.10,411,77.51,76.77,3.433910,0.157660,1000.00,cifi0007.DBF
DPMN,10DPMN,M,NS,00,1,20,45.63,431,82.54,81.74,3.433910,0.157660,1000.00,cifi0007.DBF
DPMN,10DPMN,M,NS,00,1,21,49.27,451,87.69,86.83,3.433910,0.157660,1000.00,cifi0007.DBF
DPMN,10DPMN,M,NS,00,1,22,53.10,471,93.04,92.08,3.433910,0.157660,1000.00,cifi0007.DBF
DPMN,10DPMN,M,NS,00,1,23,57.11,490,98.58,97.53,3.433910,0.157660,1000.00,cifi0007.DBF
DPMN,10DPMN,M,NS,00,1,24,61.29,509,104.30,103.16,3.433910,0.157660,1000.00,cifi0007.DBF
DPMN,10DPMN,M,NS,00,1,25,65.65,527,110.20,108.96,3.433910,0.157660,1000.00,cifi0007.DBF
DPMN,10DPMN,M,NS,00,1,26,70.30,545,116.39,115.01,3.433910,0.157660,1000.00,cifi0007.DBF
DPMN,10DPMN,M,NS,00,1,27,75.17,563,122.80,121.32,3.433910,0.157660,1000.00,cifi0007.DBF
DPMN,10DPMN,M,NS,00,1,28,80.30,581,129.47,127.85,3.433910,0.157660,1000.00,cifi0007.DBF
DPMN,10DPMN,M,NS,00,1,29,85.68,598,136.38,134.64,3.433910,0.157660,1000.00,cifi0007.DBF
DPMN,10DPMN,M,NS,00,1,30,91.30,614,143.53,141.67,3.433910,0.157660,1000.00,cifi0007.DBF
DPMN,10DPMN,M,NS,00,1,31,97.14,631,150.88,148.92,3.433910,0.157660,1000.00,cifi0007.DBF
DPMN,10DPMN,M,NS,00,1,32,103.19,646,158.44,156.37,3.433910,0.157660,1000.00,cifi0007.DBF
DPMN,10DPMN,M,NS,00,1,33,109.42,661,166.16,164.01,3.433910,0.157660,1000.00,cifi0007.DBF
DPMN,10DPMN,M,NS,00,1,34,115.80,675,174.02,171.81,3.433910,0.157660,1000.00,cifi0007.DBF
DPMN,10DPMN,M,NS,00,1,35,122.34,689,182.03,179.74,3.433910,0.157660,1000.00,cifi0007.DBF
DPMN,10DPMN,M,NS,00,1,36,129.02,701,190.16,187.81,3.433910,0.157660,1000.00,cifi0007.DBF
DPMN,10DPMN,M,NS,00,1,37,135.86,714,198.44,196.02,3.433910,0.157660,1000.00,cifi0007.DBF
DPMN,10DPMN,M,NS,00,1,38,142.88,726,206.88,204.38,3.433910,0.157660,1000.00,cifi0007.DBF
DPMN,10DPMN,M,NS,00,1,39,150.13,737,215.53,212.92,3.433910,0.157660,1000.00,cifi0007.DBF
DPMN,10DPMN,M,NS,00,1,40,157.62,748,224.40,221.68,3.433910,0.157660,1000.00,cifi0007.DBF
DPMN,10DPMN,M,NS,00,1,41,165.37,759,233.49,230.66,3.433910,0.157660,1000.00,cifi0007.DBF
DPMN,10DPMN,M,NS,00,1,42,173.35,769,242.79,239.86,3.433910,0.157660,1000.00,cifi0007.DBF
DPMN,10DPMN,M,NS,00,1,43,181.59,779,252.31,249.27,3.433910,0.157660,1000.00,cifi0007.DBF
DPMN,10DPMN,M,NS,00,1,44,190.10,788,262.07,258.91,3.433910,0.157660,1000.00,cifi0007.DBF
DPMN,10DPMN,M,NS,00,1,45,198.94,798,272.11,268.81,3.433910,0.157660,1000.00,cifi0007.DBF
DPMN,10DPMN,M,NS,00,1,46,208.08,807,282.41,278.98,3.433910,0.157660,1000.00,cifi0007.DBF
DPMN,10DPMN,M,NS,00,1,47,217.56,815,293.00,289.42,3.433910,0.157660,1000.00,cifi0007.DBF
DPMN,10DPMN,M,NS,00,1,48,227.38,824,303.87,300.15,3.433910,0.157660,1000.00,cifi0007.DBF
DPMN,10DPMN,M,NS,00,1,49,237.54,832,315.03,311.16,3.433910,0.157660,1000.00,cifi0007.DBF
DPMN,10DPMN,M,NS,00,1,50,248.04,840,326.46,322.46,3.433910,0.157660,1000.00,cifi0007.DBF
DPMN,10DPMN,M,NS,00,1,51,258.87,847,338.16,334.03,3.433910,0.157660,1000.00,cifi0007.DBF
DPMN,10DPMN,M,NS,00,1,52,270.00,855,350.09,345.84,3.433910,0.157660,1000.00,cifi0007.DBF
DPMN,10DPMN,M,NS,00,1,53,281.43,862,362.25,357.89,3.433910,0.157660,1000.00,cifi0007.DBF
DPMN,10DPMN,M,NS,00,1,54,293.17,868,374.64,370.16,3.433910,0.157660,1000.00,cifi0007.DBF
DPMN,10DPMN,M,NS,00,1,55,305.23,875,387.29,382.68,3.433910,0.157660,1000.00,cifi0007.DBF
DPMN,10DPMN,M,NS,00,1,56,317.65,881,400.20,395.46,3.433910,0.157660,1000.00,cifi0007.DBF
DPMN,10DPMN,M,NS,00,1,57,330.47,887,413.42,408.53,3.433910,0.157660,1000.00,cifi0007.DBF
DPMN,10DPMN,M,NS,00,1,58,343.68,893,426.94,421.90,3.433910,0.157660,1000.00,cifi0007.DBF
DPMN,10DPMN,M,NS,00,1,59,357.31,898,440.77,435.57,3.433910,0.157660,1000.00,cifi0007.DBF
DPMN,10DPMN,M,NS,00,1,60,371.32,904,454.87,449.54,3.433910,0.157660,1000.00,cifi0007.DBF
DPMN,10DPMN,M,NS,00,1,61,385.67,909,469.21,463.76,3.433910,0.157660,1000.00,cifi0007.DBF
DPMN,10DPMN,M,NS,00,1,62,400.32,914,483.75,478.20,3.433910,0.157660,1000.00,cifi0007.DBF
DPMN,10DPMN,M,NS,00,1,63,415.27,919,498.47,492.83,3.433910,0.157660,1000.00,cifi0007.DBF
DPMN,10DPMN,M,NS,00,1,64,430.49,923,513.37,507.64,3.433910,0.157660,1000.00,cifi0007.DBF
DPMN,10DPMN,M,NS,00,1,65,446.00,928,528.43,522.62,3.433910,0.157660,1000.00,cifi0007.DBF
DPMN,10DPMN,M,NS,00,1,66,461.79,932,543.67,537.77,3.433910,0.157660,1000.00,cifi0007.DBF
DPMN,10DPMN,M,NS,00,1,67,477.89,936,559.09,553.10,3.433910,0.157660,1000.00,cifi0007.DBF
DPMN,10DPMN,M,NS,00,1,68,494.28,940,574.67,568.60,3.433910,0.157660,1000.00,cifi0007.DBF
DPMN,10DPMN,M,NS,00,1,69,510.94,943,590.41,584.26,3.433910,0.157660,1000.00,cifi0007.DBF
DPMN,10DPMN,M,NS,00,1,70,527.84,947,606.26,600.05,3.433910,0.157660,1000.00,cifi0007.DBF
DPMN,10DPMN,M,NS,00,1,71,544.91,950,622.18,615.94,3.433910,0.157660,1000.00,cifi0007.DBF
DPMN,10DPMN,M,NS,00,1,72,562.09,954,638.08,631.85,3.433910,0.157660,1000.00,cifi0007.DBF
DPMN,10DPMN,M,NS,00,1,73,579.32,957,653.94,647.73,3.433910,0.157660,1000.00,cifi0007.DBF
DPMN,10DPMN,M,NS,00,1,74,596.55,960,669.69,663.53,3.433910,0.157660,1000.00,cifi0007.DBF
DPMN,10DPMN,M,NS,00,1,75,613.74,962,685.33,679.23,3.433910,0.157660,1000.00,cifi0007.DBF
DPMN,10DPMN,M,NS,00,1,76,630.91,965,700.85,694.81,3.433910,0.157660,1000.00,cifi0007.DBF
DPMN,10DPMN,M,NS,00,1,77,648.03,967,716.24,710.26,3.433910,0.157660,1000.00,cifi0007.DBF
DPMN,10DPMN,M,NS,00,1,78,665.11,970,731.50,725.58,3.433910,0.157660,1000.00,cifi0007.DBF
DPMN,10DPMN,M,NS,00,1,79,682.10,972,746.58,740.76,3.433910,0.157660,1000.00,cifi0007.DBF
DPMN,10DPMN,M,NS,00,1,80,698.93,974,761.44,755.73,3.433910,0.157660,1000.00,cifi0007.DBF
DPMN,10DPMN,M,NS,00,1,81,715.51,976,776.01,770.44,3.433910,0.157660,1000.00,cifi0007.DBF
DPMN,10DPMN,M,NS,00,1,82,731.83,978,790.26,784.85,3.433910,0.157660,1000.00,cifi0007.DBF
DPMN,10DPMN,M,NS,00,1,83,747.80,980,804.13,798.91,3.433910,0.157660,1000.00,cifi0007.DBF
DPMN,10DPMN,M,NS,00,1,84,763.32,981,817.54,812.55,3.433910,0.157660,1000.00,cifi0007.DBF
DPMN,10DPMN,M,NS,00,1,85,778.30,983,830.41,825.69,3.433910,0.157660,1000.00,cifi0007.DBF
DPMN,10DPMN,M,NS,00,1,86,792.62,984,842.65,838.24,3.433910,0.157660,1000.00,cifi0007.DBF
DPMN,10DPMN,M,NS,00,1,87,806.16,986,854.16,850.12,3.433910,0.157660,1000.00,cifi0007.DBF
DPMN,10DPMN,M,NS,00,1,88,818.84,987,864.89,861.24,3.433910,0.157660,1000.00,cifi0007.DBF
DPMN,10DPMN,M,NS,00,1,89,830.67,988,874.83,871.57,3.433910,0.157660,1000.00,cifi0007.DBF
DPMN,10DPMN,M,NS,00,1,90,841.71,989,884.03,881.15,3.433910,0.157660,1000.00,cifi0007.DBF
DPMN,10DPMN,M,NS,00,1,91,852.16,990,892.65,890.06,3.433910,0.157660,1000.00,cifi0007.DBF
DPMN,10DPMN,M,NS,00,1,92,862.29,991,900.90,898.49,3.433910,0.157660,1000.00,cifi0007.DBF
DPMN,10DPMN,M,NS,00,1,93,872.52,991,909.08,906.71,3.433910,0.157660,1000.00,cifi0007.DBF
DPMN,10DPMN,M,NS,00,1,94,883.52,992,917.68,915.10,3.433910,0.157660,1000.00,cifi0007.DBF
DPMN,10DPMN,M,NS,00,1,95,896.32,993,927.46,924.29,3.433910,0.157660,1000.00,cifi0007.DBF
DPMN,10DPMN,M,NS,00,1,96,911.70,994,938.86,934.88,3.433910,0.157660,1000.00,cifi0007.DBF
DPMN,10DPMN,M,NS,00,1,97,931.50,996,953.08,947.69,3.433910,0.157660,1000.00,cifi0007.DBF
DPMN,10DPMN,M,NS,00,1,98,958.94,998,972.19,964.36,3.433910,0.157660,1000.00,cifi0007.DBF
DPMN,10DPMN,M,NS,00,1,99,1000.00,1000,1000.00,987.81,3.433910,0.157660,1000.00,cifi0007.DBF
DPMN,10DPMN,M,NS,00,2,1,0.00,0,0.00,0.07,0.137950,0.137950,1000.00,cifi0007.DBF
DPMN,10DPMN,M,NS,00,2,2,0.00,0,3.53,3.54,3.544660,0.137950,1000.00,cifi0007.DBF
DPMN,10DPMN,M,NS,00,2,3,0.00,0,7.18,7.12,3.544660,0.137950,1000.00,cifi0007.DBF
DPMN,10DPMN,M,NS,00,2,4,0.00,0,10.94,10.83,3.544660,0.137950,1000.00,cifi0007.DBF
DPMN,10DPMN,M,NS,00,2,5,0.00,0,14.82,14.65,3.544660,0.137950,1000.00,cifi0007.DBF
DPMN,10DPMN,M,NS,00,2,6,1.67,26,18.82,18.59,3.544660,0.137950,1000.00,cifi0007.DBF
DPMN,10DPMN,M,NS,00,2,7,4.43,64,22.94,22.65,3.544660,0.137950,1000.00,cifi0007.DBF
DPMN,10DPMN,M,NS,00,2,8,7.31,102,27.19,26.84,3.544660,0.137950,1000.00,cifi0007.DBF
DPMN,10DPMN,M,NS,00,2,9,10.30,138,31.57,31.15,3.544660,0.137950,1000.00,cifi0007.DBF
DPMN,10DPMN,M,NS,00,2,10,13.40,173,36.07,35.59,3.544660,0.137950,1000.00,cifi0007.DBF
DPMN,10DPMN,M,NS,00,2,11,16.60,206,40.69,40.15,3.544660,0.137950,1000.00,cifi0007.DBF
DPMN,10DPMN,M,NS,00,2,12,19.90,238,45.40,44.82,3.544660,0.137950,1000.00,cifi0007.DBF
DPMN,10DPMN,M,NS,00,2,13,23.26,268,50.20,49.57,3.544660,0.137950,1000.00,cifi0007.DBF
DPMN,10DPMN,M,NS,00,2,14,26.64,296,55.02,54.38,3.544660,0.137950,1000.00,cifi0007.DBF
DPMN,10DPMN,M,NS,00,2,15,30.00,322,59.84,59.20,3.544660,0.137950,1000.00,cifi0007.DBF
DPMN,10DPMN,M,NS,00,2,16,33.33,347,64.63,64.01,3.544660,0.137950,1000.00,cifi0007.DBF
DPMN,10DPMN,M,NS,00,2,17,36.65,369,69.44,68.81,3.544660,0.137950,1000.00,cifi0007.DBF
DPMN,10DPMN,M,NS,00,2,18,40.08,391,74.36,73.67,3.544660,0.137950,1000.00,cifi0007.DBF
DPMN,10DPMN,M,NS,00,2,19,43.62,412,79.41,78.66,3.544660,0.137950,1000.00,cifi0007.DBF
DPMN,10DPMN,M,NS,00,2,20,47.26,433,84.58,83.77,3.544660,0.137950,1000.00,cifi0007.DBF
DPMN,10DPMN,M,NS,00,2,21,51.10,453,89.94,89.03,3.544660,0.137950,1000.00,cifi0007.DBF
DPMN,10DPMN,M,NS,00,2,22,55.12,473,95.50,94.50,3.544660,0.137950,1000.00,cifi0007.DBF
DPMN,10DPMN,M,NS,00,2,23,59.31,492,101.24,100.14,3.544660,0.137950,1000.00,cifi0007.DBF
DPMN,10DPMN,M,NS,00,2,24,63.67,511,107.16,105.97,3.544660,0.137950,1000.00,cifi0007.DBF
DPMN,10DPMN,M,NS,00,2,25,68.34,530,113.38,112.04,3.544660,0.137950,1000.00,cifi0007.DBF
DPMN,10DPMN,M,NS,00,2,26,73.22,549,119.81,118.37,3.544660,0.137950,1000.00,cifi0007.DBF
DPMN,10DPMN,M,NS,00,2,27,78.35,567,126.50,124.93,3.544660,0.137950,1000.00,cifi0007.DBF
DPMN,10DPMN,M,NS,00,2,28,83.75,584,133.43,131.74,3.544660,0.137950,1000.00,cifi0007.DBF
DPMN,10DPMN,M,NS,00,2,29,89.38,602,140.60,138.79,3.544660,0.137950,1000.00,cifi0007.DBF
DPMN,10DPMN,M,NS,00,2,30,95.23,618,147.98,146.06,3.544660,0.137950,1000.00,cifi0007.DBF
DPMN,10DPMN,M,NS,00,2,31,101.30,634,155.56,153.54,3.544660,0.137950,1000.00,cifi0007.DBF
DPMN,10DPMN,M,NS,00,2,32,107.54,650,163.31,161.21,3.544660,0.137950,1000.00,cifi0007.DBF
DPMN,10DPMN,M,NS,00,2,33,113.94,664,171.20,169.03,3.544660,0.137950,1000.00,cifi0007.DBF
DPMN,10DPMN,M,NS,00,2,34,120.49,678,179.24,176.99,3.544660,0.137950,1000.00,cifi0007.DBF
DPMN,10DPMN,M,NS,00,2,35,127.18,691,187.40,185.09,3.544660,0.137950,1000.00,cifi0007.DBF
DPMN,10DPMN,M,NS,00,2,36,134.04,704,195.70,193.32,3.544660,0.137950,1000.00,cifi0007.DBF
DPMN,10DPMN,M,NS,00,2,37,141.07,716,204.17,201.71,3.544660,0.137950,1000.00,cifi0007.DBF
DPMN,10DPMN,M,NS,00,2,38,148.33,728,212.85,210.28,3.544660,0.137950,1000.00,cifi0007.DBF
DPMN,10DPMN,M,NS,00,2,39,155.85,740,221.75,219.07,3.544660,0.137950,1000.00,cifi0007.DBF
DPMN,10DPMN,M,NS,00,2,40,163.61,751,230.87,228.08,3.544660,0.137950,1000.00,cifi0007.DBF
DPMN,10DPMN,M,NS,00,2,41,171.60,761,240.20,237.31,3.544660,0.137950,1000.00,cifi0007.DBF
DPMN,10DPMN,M,NS,00,2,42,179.86,771,249.75,246.75,3.544660,0.137950,1000.00,cifi0007.DBF
DPMN,10DPMN,M,NS,00,2,43,188.39,781,259.55,256.42,3.544660,0.137950,1000.00,cifi0007.DBF
DPMN,10DPMN,M,NS,00,2,44,197.25,791,269.62,266.36,3.544660,0.137950,1000.00,cifi0007.DBF
DPMN,10DPMN,M,NS,00,2,45,206.41,800,279.96,276.56,3.544660,0.137950,1000.00,cifi0007.DBF
DPMN,10DPMN,M,NS,00,2,46,215.91,809,290.58,287.04,3.544660,0.137950,1000.00,cifi0007.DBF
DPMN,10DPMN,M,NS,00,2,47,225.74,818,301.48,297.80,3.544660,0.137950,1000.00,cifi0007.DBF
DPMN,10DPMN,M,NS,00,2,48,235.93,826,312.68,308.85,3.544660,0.137950,1000.00,cifi0007.DBF
DPMN,10DPMN,M,NS,00,2,49,246.46,834,324.15,320.19,3.544660,0.137950,1000.00,cifi0007.DBF
DPMN,10DPMN,M,NS,00,2,50,257.31,842,335.89,331.79,3.544660,0.137950,1000.00,cifi0007.DBF
DPMN,10DPMN,M,NS,00,2,51,268.46,850,347.86,343.64,3.544660,0.137950,1000.00,cifi0007.DBF
DPMN,10DPMN,M,NS,00,2,52,279.91,857,360.06,355.73,3.544660,0.137950,1000.00,cifi0007.DBF
DPMN,10DPMN,M,NS,00,2,53,291.67,864,372.50,368.05,3.544660,0.137950,1000.00,cifi0007.DBF
DPMN,10DPMN,M,NS,00,2,54,303.76,871,385.18,380.61,3.544660,0.137950,1000.00,cifi0007.DBF
DPMN,10DPMN,M,NS,00,2,55,316.21,877,398.14,393.43,3.544660,0.137950,1000.00,cifi0007.DBF
DPMN,10DPMN,M,NS,00,2,56,329.05,883,411.40,406.54,3.544660,0.137950,1000.00,cifi0007.DBF
DPMN,10DPMN,M,NS,00,2,57,342.30,889,424.97,419.96,3.544660,0.137950,1000.00,cifi0007.DBF
DPMN,10DPMN,M,NS,00,2,58,355.95,895,438.84,433.68,3.544660,0.137950,1000.00,cifi0007.DBF
DPMN,10DPMN,M,NS,00,2,59,369.99,901,452.99,447.69,3.544660,0.137950,1000.00,cifi0007.DBF
DPMN,10DPMN,M,NS,00,2,60,384.37,906,467.38,461.96,3.544660,0.137950,1000.00,cifi0007.DBF
DPMN,10DPMN,M,NS,00,2,61,399.05,911,481.97,476.45,3.544660,0.137950,1000.00,cifi0007.DBF
DPMN,10DPMN,M,NS,00,2,62,414.03,916,496.74,491.13,3.544660,0.137950,1000.00,cifi0007.DBF
DPMN,10DPMN,M,NS,00,2,63,429.29,921,511.69,505.99,3.544660,0.137950,1000.00,cifi0007.DBF
DPMN,10DPMN,M,NS,00,2,64,444.83,925,526.80,521.02,3.544660,0.137950,1000.00,cifi0007.DBF
DPMN,10DPMN,M,NS,00,2,65,460.66,930,542.09,536.22,3.544660,0.137950,1000.00,cifi0007.DBF
DPMN,10DPMN,M,NS,00,2,66,476.79,934,557.56,551.60,3.544660,0.137950,1000.00,cifi0007.DBF
DPMN,10DPMN,M,NS,00,2,67,493.21,938,573.20,567.15,3.544660,0.137950,1000.00,cifi0007.DBF
DPMN,10DPMN,M,NS,00,2,68,509.91,942,588.99,582.86,3.544660,0.137950,1000.00,cifi0007.DBF
DPMN,10DPMN,M,NS,00,2,69,526.84,945,604.89,598.71,3.544660,0.137950,1000.00,cifi0007.DBF
DPMN,10DPMN,M,NS,00,2,70,543.95,949,620.86,614.65,3.544660,0.137950,1000.00,cifi0007.DBF
DPMN,10DPMN,M,NS,00,2,71,561.17,952,636.82,630.61,3.544660,0.137950,1000.00,cifi0007.DBF
DPMN,10DPMN,M,NS,00,2,72,578.43,955,652.73,646.55,3.544660,0.137950,1000.00,cifi0007.DBF
DPMN,10DPMN,M,NS,00,2,73,595.69,958,668.54,662.40,3.544660,0.137950,1000.00,cifi0007.DBF
DPMN,10DPMN,M,NS,00,2,74,612.93,961,684.23,678.15,3.544660,0.137950,1000.00,cifi0007.DBF
DPMN,10DPMN,M,NS,00,2,75,630.13,964,699.80,693.78,3.544660,0.137950,1000.00,cifi0007.DBF
DPMN,10DPMN,M,NS,00,2,76,647.29,966,715.24,709.29,3.544660,0.137950,1000.00,cifi0007.DBF
DPMN,10DPMN,M,NS,00,2,77,664.40,969,730.55,724.66,3.544660,0.137950,1000.00,cifi0007.DBF
DPMN,10DPMN,M,NS,00,2,78,681.43,971,745.68,739.89,3.544660,0.137950,1000.00,cifi0007.DBF
DPMN,10DPMN,M,NS,00,2,79,698.29,973,760.59,754.91,3.544660,0.137950,1000.00,cifi0007.DBF
DPMN,10DPMN,M,NS,00,2,80,714.91,975,775.21,769.67,3.544660,0.137950,1000.00,cifi0007.DBF
DPMN,10DPMN,M,NS,00,2,81,731.27,977,789.51,784.13,3.544660,0.137950,1000.00,cifi0007.DBF
DPMN,10DPMN,M,NS,00,2,82,747.27,979,803.42,798.24,3.544660,0.137950,1000.00,cifi0007.DBF
DPMN,10DPMN,M,NS,00,2,83,762.82,981,816.88,811.92,3.544660,0.137950,1000.00,cifi0007.DBF
DPMN,10DPMN,M,NS,00,2,84,777.83,982,829.79,825.11,3.544660,0.137950,1000.00,cifi0007.DBF
DPMN,10DPMN,M,NS,00,2,85,792.18,984,842.07,837.70,3.544660,0.137950,1000.00,cifi0007.DBF
DPMN,10DPMN,M,NS,00,2,86,805.75,985,853.63,849.62,3.544660,0.137950,1000.00,cifi0007.DBF
DPMN,10DPMN,M,NS,00,2,87,818.45,986,864.38,860.78,3.544660,0.137950,1000.00,cifi0007.DBF
DPMN,10DPMN,M,NS,00,2,88,830.31,987,874.36,871.14,3.544660,0.137950,1000.00,cifi0007.DBF
DPMN,10DPMN,M,NS,00,2,89,841.38,988,883.60,880.75,3.544660,0.137950,1000.00,cifi0007.DBF
DPMN,10DPMN,M,NS,00,2,90,851.84,989,892.25,889.69,3.544660,0.137950,1000.00,cifi0007.DBF
DPMN,10DPMN,M,NS,00,2,91,862.00,990,900.52,898.16,3.544660,0.137950,1000.00,cifi0007.DBF
DPMN,10DPMN,M,NS,00,2,92,872.25,991,908.73,906.40,3.544660,0.137950,1000.00,cifi0007.DBF
DPMN,10DPMN,M,NS,00,2,93,883.27,992,917.37,914.82,3.544660,0.137950,1000.00,cifi0007.DBF
DPMN,10DPMN,M,NS,00,2,94,896.10,993,927.18,924.05,3.544660,0.137950,1000.00,cifi0007.DBF
DPMN,10DPMN,M,NS,00,2,95,911.51,994,938.62,934.68,3.544660,0.137950,1000.00,cifi0007.DBF
DPMN,10DPMN,M,NS,00,2,96,931.35,996,952.90,947.53,3.544660,0.137950,1000.00,cifi0007.DBF
DPMN,10DPMN,M,NS,00,2,97,958.86,998,972.08,964.26,3.544660,0.137950,1000.00,cifi0007.DBF
DPMN,10DPMN,M,NS,00,2,98,1000.00,1000,1000.00,987.81,3.544660,0.137950,1000.00,cifi0007.DBF
DPMN,10DPMN,M,NS,00,3,1,0.00,0,0.00,0.06,0.118240,0.118240,1000.00,cifi0007.DBF
DPMN,10DPMN,M,NS,00,3,2,0.00,0,3.66,3.66,3.660200,0.118240,1000.00,cifi0007.DBF
DPMN,10DPMN,M,NS,00,3,3,0.00,0,7.44,7.38,3.660200,0.118240,1000.00,cifi0007.DBF
DPMN,10DPMN,M,NS,00,3,4,0.00,0,11.33,11.21,3.660200,0.118240,1000.00,cifi0007.DBF
DPMN,10DPMN,M,NS,00,3,5,0.00,0,15.34,15.17,3.660200,0.118240,1000.00,cifi0007.DBF
DPMN,10DPMN,M,NS,00,3,6,2.22,33,19.48,19.24,3.660200,0.118240,1000.00,cifi0007.DBF
DPMN,10DPMN,M,NS,00,3,7,5.10,71,23.75,23.44,3.660200,0.118240,1000.00,cifi0007.DBF
DPMN,10DPMN,M,NS,00,3,8,8.10,109,28.14,27.77,3.660200,0.118240,1000.00,cifi0007.DBF
DPMN,10DPMN,M,NS,00,3,9,11.21,145,32.66,32.23,3.660200,0.118240,1000.00,cifi0007.DBF
DPMN,10DPMN,M,NS,00,3,10,14.42,179,37.29,36.80,3.660200,0.118240,1000.00,cifi0007.DBF
DPMN,10DPMN,M,NS,00,3,11,17.72,212,42.02,41.48,3.660200,0.118240,1000.00,cifi0007.DBF
DPMN,10DPMN,M,NS,00,3,12,21.09,243,46.83,46.26,3.660200,0.118240,1000.00,cifi0007.DBF
DPMN,10DPMN,M,NS,00,3,13,24.47,272,51.67,51.08,3.660200,0.118240,1000.00,cifi0007.DBF
DPMN,10DPMN,M,NS,00,3,14,27.85,299,56.51,55.92,3.660200,0.118240,1000.00,cifi0007.DBF
DPMN,10DPMN,M,NS,00,3,15,31.18,324,61.32,60.74,3.660200,0.118240,1000.00,cifi0007.DBF
DPMN,10DPMN,M,NS,00,3,16,34.51,348,66.14,65.56,3.660200,0.118240,1000.00,cifi0007.DBF
DPMN,10DPMN,M,NS,00,3,17,37.94,370,71.08,70.44,3.660200,0.118240,1000.00,cifi0007.DBF
DPMN,10DPMN,M,NS,00,3,18,41.49,392,76.15,75.44,3.660200,0.118240,1000.00,cifi0007.DBF
DPMN,10DPMN,M,NS,00,3,19,45.14,413,81.33,80.57,3.660200,0.118240,1000.00,cifi0007.DBF
DPMN,10DPMN,M,NS,00,3,20,48.99,434,86.72,85.85,3.660200,0.118240,1000.00,cifi0007.DBF
DPMN,10DPMN,M,NS,00,3,21,53.02,455,92.29,91.34,3.660200,0.118240,1000.00,cifi0007.DBF
DPMN,10DPMN,M,NS,00,3,22,57.22,475,98.05,97.00,3.660200,0.118240,1000.00,cifi0007.DBF
DPMN,10DPMN,M,NS,00,3,23,61.59,494,103.99,102.85,3.660200,0.118240,1000.00,cifi0007.DBF
DPMN,10DPMN,M,NS,00,3,24,66.27,514,110.23,108.94,3.660200,0.118240,1000.00,cifi0007.DBF
DPMN,10DPMN,M,NS,00,3,25,71.16,533,116.69,115.29,3.660200,0.118240,1000.00,cifi0007.DBF
DPMN,10DPMN,M,NS,00,3,26,76.31,552,123.40,121.87,3.660200,0.118240,1000.00,cifi0007.DBF
DPMN,10DPMN,M,NS,00,3,27,81.71,570,130.35,128.70,3.660200,0.118240,1000.00,cifi0007.DBF
DPMN,10DPMN,M,NS,00,3,28,87.36,588,137.55,135.78,3.660200,0.118240,1000.00,cifi0007.DBF
DPMN,10DPMN,M,NS,00,3,29,93.22,605,144.95,143.08,3.660200,0.118240,1000.00,cifi0007.DBF
DPMN,10DPMN,M,NS,00,3,30,99.30,622,152.56,150.59,3.660200,0.118240,1000.00,cifi0007.DBF
DPMN,10DPMN,M,NS,00,3,31,105.56,638,160.34,158.28,3.660200,0.118240,1000.00,cifi0007.DBF
DPMN,10DPMN,M,NS,00,3,32,111.97,653,168.26,166.13,3.660200,0.118240,1000.00,cifi0007.DBF
DPMN,10DPMN,M,NS,00,3,33,118.54,667,176.32,174.12,3.660200,0.118240,1000.00,cifi0007.DBF
DPMN,10DPMN,M,NS,00,3,34,125.24,681,184.51,182.24,3.660200,0.118240,1000.00,cifi0007.DBF
DPMN,10DPMN,M,NS,00,3,35,132.11,694,192.84,190.51,3.660200,0.118240,1000.00,cifi0007.DBF
DPMN,10DPMN,M,NS,00,3,36,139.16,707,201.34,198.92,3.660200,0.118240,1000.00,cifi0007.DBF
DPMN,10DPMN,M,NS,00,3,37,146.44,719,210.05,207.52,3.660200,0.118240,1000.00,cifi0007.DBF
DPMN,10DPMN,M,NS,00,3,38,153.97,731,218.98,216.34,3.660200,0.118240,1000.00,cifi0007.DBF
DPMN,10DPMN,M,NS,00,3,39,161.75,742,228.13,225.39,3.660200,0.118240,1000.00,cifi0007.DBF
DPMN,10DPMN,M,NS,00,3,40,169.76,753,237.49,234.64,3.660200,0.118240,1000.00,cifi0007.DBF
DPMN,10DPMN,M,NS,00,3,41,178.04,764,247.08,244.12,3.660200,0.118240,1000.00,cifi0007.DBF
DPMN,10DPMN,M,NS,00,3,42,186.59,774,256.91,253.83,3.660200,0.118240,1000.00,cifi0007.DBF
DPMN,10DPMN,M,NS,00,3,43,195.46,784,267.02,263.79,3.660200,0.118240,1000.00,cifi0007.DBF
DPMN,10DPMN,M,NS,00,3,44,204.64,793,277.39,274.03,3.660200,0.118240,1000.00,cifi0007.DBF
DPMN,10DPMN,M,NS,00,3,45,214.16,803,288.05,284.55,3.660200,0.118240,1000.00,cifi0007.DBF
DPMN,10DPMN,M,NS,00,3,46,224.02,812,298.99,295.35,3.660200,0.118240,1000.00,cifi0007.DBF
DPMN,10DPMN,M,NS,00,3,47,234.23,820,310.23,306.44,3.660200,0.118240,1000.00,cifi0007.DBF
DPMN,10DPMN,M,NS,00,3,48,244.78,829,321.74,317.81,3.660200,0.118240,1000.00,cifi0007.DBF
DPMN,10DPMN,M,NS,00,3,49,255.65,837,333.52,329.46,3.660200,0.118240,1000.00,cifi0007.DBF
DPMN,10DPMN,M,NS,00,3,50,266.84,845,345.53,341.35,3.660200,0.118240,1000.00,cifi0007.DBF
DPMN,10DPMN,M,NS,00,3,51,278.31,852,357.77,353.48,3.660200,0.118240,1000.00,cifi0007.DBF
DPMN,10DPMN,M,NS,00,3,52,290.10,859,370.25,365.84,3.660200,0.118240,1000.00,cifi0007.DBF
DPMN,10DPMN,M,NS,00,3,53,302.22,866,382.98,378.45,3.660200,0.118240,1000.00,cifi0007.DBF
DPMN,10DPMN,M,NS,00,3,54,314.69,873,395.99,391.32,3.660200,0.118240,1000.00,cifi0007.DBF
DPMN,10DPMN,M,NS,00,3,55,327.56,879,409.29,404.47,3.660200,0.118240,1000.00,cifi0007.DBF
DPMN,10DPMN,M,NS,00,3,56,340.84,885,422.91,417.93,3.660200,0.118240,1000.00,cifi0007.DBF
DPMN,10DPMN,M,NS,00,3,57,354.52,891,436.83,431.70,3.660200,0.118240,1000.00,cifi0007.DBF
DPMN,10DPMN,M,NS,00,3,58,368.59,897,451.03,445.76,3.660200,0.118240,1000.00,cifi0007.DBF
DPMN,10DPMN,M,NS,00,3,59,383.00,903,465.47,460.08,3.660200,0.118240,1000.00,cifi0007.DBF
DPMN,10DPMN,M,NS,00,3,60,397.72,908,480.11,474.62,3.660200,0.118240,1000.00,cifi0007.DBF
DPMN,10DPMN,M,NS,00,3,61,412.73,913,494.93,489.35,3.660200,0.118240,1000.00,cifi0007.DBF
DPMN,10DPMN,M,NS,00,3,62,428.02,918,509.93,504.26,3.660200,0.118240,1000.00,cifi0007.DBF
DPMN,10DPMN,M,NS,00,3,63,443.59,923,525.10,519.34,3.660200,0.118240,1000.00,cifi0007.DBF
DPMN,10DPMN,M,NS,00,3,64,459.46,927,540.44,534.60,3.660200,0.118240,1000.00,cifi0007.DBF
DPMN,10DPMN,M,NS,00,3,65,475.62,931,555.96,550.03,3.660200,0.118240,1000.00,cifi0007.DBF
DPMN,10DPMN,M,NS,00,3,66,492.08,936,571.66,565.64,3.660200,0.118240,1000.00,cifi0007.DBF
DPMN,10DPMN,M,NS,00,3,67,508.82,940,587.50,581.41,3.660200,0.118240,1000.00,cifi0007.DBF
DPMN,10DPMN,M,NS,00,3,68,525.79,943,603.46,597.31,3.660200,0.118240,1000.00,cifi0007.DBF
DPMN,10DPMN,M,NS,00,3,69,542.94,947,619.48,613.30,3.660200,0.118240,1000.00,cifi0007.DBF
DPMN,10DPMN,M,NS,00,3,70,560.19,950,635.50,629.32,3.660200,0.118240,1000.00,cifi0007.DBF
DPMN,10DPMN,M,NS,00,3,71,577.50,954,651.46,645.31,3.660200,0.118240,1000.00,cifi0007.DBF
DPMN,10DPMN,M,NS,00,3,72,594.80,957,667.33,661.23,3.660200,0.118240,1000.00,cifi0007.DBF
DPMN,10DPMN,M,NS,00,3,73,612.07,960,683.07,677.03,3.660200,0.118240,1000.00,cifi0007.DBF
DPMN,10DPMN,M,NS,00,3,74,629.31,962,698.70,692.71,3.660200,0.118240,1000.00,cifi0007.DBF
DPMN,10DPMN,M,NS,00,3,75,646.50,965,714.19,708.27,3.660200,0.118240,1000.00,cifi0007.DBF
DPMN,10DPMN,M,NS,00,3,76,663.66,968,729.55,723.70,3.660200,0.118240,1000.00,cifi0007.DBF
DPMN,10DPMN,M,NS,00,3,77,680.72,970,744.74,738.98,3.660200,0.118240,1000.00,cifi0007.DBF
DPMN,10DPMN,M,NS,00,3,78,697.62,972,759.71,754.06,3.660200,0.118240,1000.00,cifi0007.DBF
DPMN,10DPMN,M,NS,00,3,79,714.28,974,774.37,768.87,3.660200,0.118240,1000.00,cifi0007.DBF
DPMN,10DPMN,M,NS,00,3,80,730.67,976,788.72,783.38,3.660200,0.118240,1000.00,cifi0007.DBF
DPMN,10DPMN,M,NS,00,3,81,746.70,978,802.68,797.53,3.660200,0.118240,1000.00,cifi0007.DBF
DPMN,10DPMN,M,NS,00,3,82,762.30,980,816.19,811.26,3.660200,0.118240,1000.00,cifi0007.DBF
DPMN,10DPMN,M,NS,00,3,83,777.34,982,829.14,824.50,3.660200,0.118240,1000.00,cifi0007.DBF
DPMN,10DPMN,M,NS,00,3,84,791.72,983,841.47,837.14,3.660200,0.118240,1000.00,cifi0007.DBF
DPMN,10DPMN,M,NS,00,3,85,805.32,985,853.06,849.10,3.660200,0.118240,1000.00,cifi0007.DBF
DPMN,10DPMN,M,NS,00,3,86,818.05,986,863.86,860.29,3.660200,0.118240,1000.00,cifi0007.DBF
DPMN,10DPMN,M,NS,00,3,87,829.93,987,873.87,870.70,3.660200,0.118240,1000.00,cifi0007.DBF
DPMN,10DPMN,M,NS,00,3,88,841.03,988,883.14,880.34,3.660200,0.118240,1000.00,cifi0007.DBF
DPMN,10DPMN,M,NS,00,3,89,851.51,989,891.82,889.31,3.660200,0.118240,1000.00,cifi0007.DBF
DPMN,10DPMN,M,NS,00,3,90,861.69,990,900.13,897.81,3.660200,0.118240,1000.00,cifi0007.DBF
DPMN,10DPMN,M,NS,00,3,91,871.97,991,908.37,906.08,3.660200,0.118240,1000.00,cifi0007.DBF
DPMN,10DPMN,M,NS,00,3,92,883.01,992,917.03,914.53,3.660200,0.118240,1000.00,cifi0007.DBF
DPMN,10DPMN,M,NS,00,3,93,895.87,993,926.89,923.79,3.660200,0.118240,1000.00,cifi0007.DBF
DPMN,10DPMN,M,NS,00,3,94,911.31,994,938.37,934.46,3.660200,0.118240,1000.00,cifi0007.DBF
DPMN,10DPMN,M,NS,00,3,95,931.20,996,952.71,947.37,3.660200,0.118240,1000.00,cifi0007.DBF
DPMN,10DPMN,M,NS,00,3,96,958.77,998,971.97,964.17,3.660200,0.118240,1000.00,cifi0007.DBF
DPMN,10DPMN,M,NS,00,3,97,1000.00,1000,1000.00,987.81,3.660200,0.118240,1000.00,cifi0007.DBF
DPMN,10DPMN,M,NS,00,4,1,0.00,0,0.00,0.05,0.108390,0.108390,1000.00,cifi0007.DBF
DPMN,10DPMN,M,NS,00,4,2,0.00,0,3.79,3.79,3.780390,0.108390,1000.00,cifi0007.DBF
DPMN,10DPMN,M,NS,00,4,3,0.00,0,7.70,7.64,3.780390,0.108390,1000.00,cifi0007.DBF
DPMN,10DPMN,M,NS,00,4,4,0.00,0,11.72,11.60,3.780390,0.108390,1000.00,cifi0007.DBF
DPMN,10DPMN,M,NS,00,4,5,0.00,0,15.88,15.69,3.780390,0.108390,1000.00,cifi0007.DBF
DPMN,10DPMN,M,NS,00,4,6,2.77,39,20.16,19.91,3.780390,0.108390,1000.00,cifi0007.DBF
DPMN,10DPMN,M,NS,00,4,7,5.78,78,24.57,24.26,3.780390,0.108390,1000.00,cifi0007.DBF
DPMN,10DPMN,M,NS,00,4,8,8.89,115,29.10,28.73,3.780390,0.108390,1000.00,cifi0007.DBF
DPMN,10DPMN,M,NS,00,4,9,12.11,151,33.75,33.32,3.780390,0.108390,1000.00,cifi0007.DBF
DPMN,10DPMN,M,NS,00,4,10,15.43,185,38.50,38.02,3.780390,0.108390,1000.00,cifi0007.DBF
DPMN,10DPMN,M,NS,00,4,11,18.80,217,43.33,42.80,3.780390,0.108390,1000.00,cifi0007.DBF
DPMN,10DPMN,M,NS,00,4,12,22.19,247,48.18,47.64,3.780390,0.108390,1000.00,cifi0007.DBF
DPMN,10DPMN,M,NS,00,4,13,25.58,275,53.04,52.50,3.780390,0.108390,1000.00,cifi0007.DBF
DPMN,10DPMN,M,NS,00,4,14,28.91,301,57.86,57.34,3.780390,0.108390,1000.00,cifi0007.DBF
DPMN,10DPMN,M,NS,00,4,15,32.25,325,62.70,62.17,3.780390,0.108390,1000.00,cifi0007.DBF
DPMN,10DPMN,M,NS,00,4,16,35.69,348,67.66,67.07,3.780390,0.108390,1000.00,cifi0007.DBF
DPMN,10DPMN,M,NS,00,4,17,39.25,371,72.75,72.10,3.780390,0.108390,1000.00,cifi0007.DBF
DPMN,10DPMN,M,NS,00,4,18,42.91,393,77.95,77.24,3.780390,0.108390,1000.00,cifi0007.DBF
DPMN,10DPMN,M,NS,00,4,19,46.76,415,83.36,82.55,3.780390,0.108390,1000.00,cifi0007.DBF
DPMN,10DPMN,M,NS,00,4,20,50.80,436,88.96,88.05,3.780390,0.108390,1000.00,cifi0007.DBF
DPMN,10DPMN,M,NS,00,4,21,55.01,457,94.74,93.74,3.780390,0.108390,1000.00,cifi0007.DBF
DPMN,10DPMN,M,NS,00,4,22,59.40,477,100.70,99.61,3.780390,0.108390,1000.00,cifi0007.DBF
DPMN,10DPMN,M,NS,00,4,23,64.08,497,106.96,105.72,3.780390,0.108390,1000.00,cifi0007.DBF
DPMN,10DPMN,M,NS,00,4,24,68.99,517,113.44,112.09,3.780390,0.108390,1000.00,cifi0007.DBF
DPMN,10DPMN,M,NS,00,4,25,74.15,536,120.17,118.69,3.780390,0.108390,1000.00,cifi0007.DBF
DPMN,10DPMN,M,NS,00,4,26,79.56,555,127.15,125.55,3.780390,0.108390,1000.00,cifi0007.DBF
DPMN,10DPMN,M,NS,00,4,27,85.23,574,134.38,132.66,3.780390,0.108390,1000.00,cifi0007.DBF
DPMN,10DPMN,M,NS,00,4,28,91.10,591,141.81,139.98,3.780390,0.108390,1000.00,cifi0007.DBF
DPMN,10DPMN,M,NS,00,4,29,97.19,608,149.44,147.51,3.780390,0.108390,1000.00,cifi0007.DBF
DPMN,10DPMN,M,NS,00,4,30,103.46,625,157.25,155.23,3.780390,0.108390,1000.00,cifi0007.DBF
DPMN,10DPMN,M,NS,00,4,31,109.89,641,165.19,163.11,3.780390,0.108390,1000.00,cifi0007.DBF
DPMN,10DPMN,M,NS,00,4,32,116.48,656,173.29,171.13,3.780390,0.108390,1000.00,cifi0007.DBF
DPMN,10DPMN,M,NS,00,4,33,123.20,670,181.50,179.28,3.780390,0.108390,1000.00,cifi0007.DBF
DPMN,10DPMN,M,NS,00,4,34,130.08,683,189.87,187.58,3.780390,0.108390,1000.00,cifi0007.DBF
DPMN,10DPMN,M,NS,00,4,35,137.15,697,198.40,196.02,3.780390,0.108390,1000.00,cifi0007.DBF
DPMN,10DPMN,M,NS,00,4,36,144.44,709,207.14,204.66,3.780390,0.108390,1000.00,cifi0007.DBF
DPMN,10DPMN,M,NS,00,4,37,151.99,721,216.10,213.51,3.780390,0.108390,1000.00,cifi0007.DBF
DPMN,10DPMN,M,NS,00,4,38,159.79,733,225.29,222.58,3.780390,0.108390,1000.00,cifi0007.DBF
DPMN,10DPMN,M,NS,00,4,39,167.82,744,234.68,231.87,3.780390,0.108390,1000.00,cifi0007.DBF
DPMN,10DPMN,M,NS,00,4,40,176.12,755,244.31,241.38,3.780390,0.108390,1000.00,cifi0007.DBF
DPMN,10DPMN,M,NS,00,4,41,184.69,766,254.17,251.13,3.780390,0.108390,1000.00,cifi0007.DBF
DPMN,10DPMN,M,NS,00,4,42,193.58,776,264.31,261.13,3.780390,0.108390,1000.00,cifi0007.DBF
DPMN,10DPMN,M,NS,00,4,43,202.78,786,274.72,271.41,3.780390,0.108390,1000.00,cifi0007.DBF
DPMN,10DPMN,M,NS,00,4,44,212.33,796,285.42,281.96,3.780390,0.108390,1000.00,cifi0007.DBF
DPMN,10DPMN,M,NS,00,4,45,222.21,805,296.40,292.80,3.780390,0.108390,1000.00,cifi0007.DBF
DPMN,10DPMN,M,NS,00,4,46,232.44,814,307.68,303.93,3.780390,0.108390,1000.00,cifi0007.DBF
DPMN,10DPMN,M,NS,00,4,47,243.02,823,319.24,315.35,3.780390,0.108390,1000.00,cifi0007.DBF
DPMN,10DPMN,M,NS,00,4,48,253.91,831,331.05,327.03,3.780390,0.108390,1000.00,cifi0007.DBF
DPMN,10DPMN,M,NS,00,4,49,265.12,839,343.11,338.97,3.780390,0.108390,1000.00,cifi0007.DBF
DPMN,10DPMN,M,NS,00,4,50,276.63,847,355.40,351.14,3.780390,0.108390,1000.00,cifi0007.DBF
DPMN,10DPMN,M,NS,00,4,51,288.44,854,367.92,363.55,3.780390,0.108390,1000.00,cifi0007.DBF
DPMN,10DPMN,M,NS,00,4,52,300.58,861,380.70,376.20,3.780390,0.108390,1000.00,cifi0007.DBF
DPMN,10DPMN,M,NS,00,4,53,313.09,868,393.75,389.11,3.780390,0.108390,1000.00,cifi0007.DBF
DPMN,10DPMN,M,NS,00,4,54,325.99,875,407.10,402.32,3.780390,0.108390,1000.00,cifi0007.DBF
DPMN,10DPMN,M,NS,00,4,55,339.30,881,420.77,415.83,3.780390,0.108390,1000.00,cifi0007.DBF
DPMN,10DPMN,M,NS,00,4,56,353.01,888,434.74,429.64,3.780390,0.108390,1000.00,cifi0007.DBF
DPMN,10DPMN,M,NS,00,4,57,367.11,894,448.99,443.76,3.780390,0.108390,1000.00,cifi0007.DBF
DPMN,10DPMN,M,NS,00,4,58,381.56,899,463.48,458.13,3.780390,0.108390,1000.00,cifi0007.DBF
DPMN,10DPMN,M,NS,00,4,59,396.31,905,478.17,472.72,3.780390,0.108390,1000.00,cifi0007.DBF
DPMN,10DPMN,M,NS,00,4,60,411.36,910,493.05,487.50,3.780390,0.108390,1000.00,cifi0007.DBF
DPMN,10DPMN,M,NS,00,4,61,426.68,915,508.10,502.47,3.780390,0.108390,1000.00,cifi0007.DBF
DPMN,10DPMN,M,NS,00,4,62,442.29,920,523.33,517.60,3.780390,0.108390,1000.00,cifi0007.DBF
DPMN,10DPMN,M,NS,00,4,63,458.20,925,538.72,532.92,3.780390,0.108390,1000.00,cifi0007.DBF
DPMN,10DPMN,M,NS,00,4,64,474.40,929,554.30,548.40,3.780390,0.108390,1000.00,cifi0007.DBF
DPMN,10DPMN,M,NS,00,4,65,490.89,933,570.05,564.07,3.780390,0.108390,1000.00,cifi0007.DBF
DPMN,10DPMN,M,NS,00,4,66,507.67,937,585.96,579.89,3.780390,0.108390,1000.00,cifi0007.DBF
DPMN,10DPMN,M,NS,00,4,67,524.68,941,601.97,595.85,3.780390,0.108390,1000.00,cifi0007.DBF
DPMN,10DPMN,M,NS,00,4,68,541.87,945,618.05,611.90,3.780390,0.108390,1000.00,cifi0007.DBF
DPMN,10DPMN,M,NS,00,4,69,559.17,949,634.13,627.98,3.780390,0.108390,1000.00,cifi0007.DBF
DPMN,10DPMN,M,NS,00,4,70,576.51,952,650.15,644.03,3.780390,0.108390,1000.00,cifi0007.DBF
DPMN,10DPMN,M,NS,00,4,71,593.85,955,666.07,660.00,3.780390,0.108390,1000.00,cifi0007.DBF
DPMN,10DPMN,M,NS,00,4,72,611.16,958,681.87,675.86,3.780390,0.108390,1000.00,cifi0007.DBF
DPMN,10DPMN,M,NS,00,4,73,628.44,961,697.55,691.60,3.780390,0.108390,1000.00,cifi0007.DBF
DPMN,10DPMN,M,NS,00,4,74,645.68,964,713.10,707.22,3.780390,0.108390,1000.00,cifi0007.DBF
DPMN,10DPMN,M,NS,00,4,75,662.87,966,728.52,722.70,3.780390,0.108390,1000.00,cifi0007.DBF
DPMN,10DPMN,M,NS,00,4,76,679.97,969,743.77,738.03,3.780390,0.108390,1000.00,cifi0007.DBF
DPMN,10DPMN,M,NS,00,4,77,696.92,971,758.78,753.17,3.780390,0.108390,1000.00,cifi0007.DBF
DPMN,10DPMN,M,NS,00,4,78,713.61,973,773.50,768.03,3.780390,0.108390,1000.00,cifi0007.DBF
DPMN,10DPMN,M,NS,00,4,79,730.04,975,787.90,782.59,3.780390,0.108390,1000.00,cifi0007.DBF
DPMN,10DPMN,M,NS,00,4,80,746.11,977,801.92,796.80,3.780390,0.108390,1000.00,cifi0007.DBF
DPMN,10DPMN,M,NS,00,4,81,761.74,979,815.47,810.58,3.780390,0.108390,1000.00,cifi0007.DBF
DPMN,10DPMN,M,NS,00,4,82,776.82,981,828.47,823.86,3.780390,0.108390,1000.00,cifi0007.DBF
DPMN,10DPMN,M,NS,00,4,83,791.23,983,840.84,836.55,3.780390,0.108390,1000.00,cifi0007.DBF
DPMN,10DPMN,M,NS,00,4,84,804.86,984,852.48,848.55,3.780390,0.108390,1000.00,cifi0007.DBF
DPMN,10DPMN,M,NS,00,4,85,817.63,985,863.32,859.79,3.780390,0.108390,1000.00,cifi0007.DBF
DPMN,10DPMN,M,NS,00,4,86,829.54,986,873.36,870.23,3.780390,0.108390,1000.00,cifi0007.DBF
DPMN,10DPMN,M,NS,00,4,87,840.66,988,882.67,879.91,3.780390,0.108390,1000.00,cifi0007.DBF
DPMN,10DPMN,M,NS,00,4,88,851.17,989,891.38,888.91,3.780390,0.108390,1000.00,cifi0007.DBF
DPMN,10DPMN,M,NS,00,4,89,861.37,989,899.72,897.44,3.780390,0.108390,1000.00,cifi0007.DBF
DPMN,10DPMN,M,NS,00,4,90,871.67,990,907.99,905.74,3.780390,0.108390,1000.00,cifi0007.DBF
DPMN,10DPMN,M,NS,00,4,91,882.74,991,916.69,914.23,3.780390,0.108390,1000.00,cifi0007.DBF
DPMN,10DPMN,M,NS,00,4,92,895.63,992,926.58,923.52,3.780390,0.108390,1000.00,cifi0007.DBF
DPMN,10DPMN,M,NS,00,4,93,911.11,994,938.11,934.24,3.780390,0.108390,1000.00,cifi0007.DBF
DPMN,10DPMN,M,NS,00,4,94,931.04,995,952.50,947.20,3.780390,0.108390,1000.00,cifi0007.DBF
DPMN,10DPMN,M,NS,00,4,95,958.67,998,971.85,964.07,3.780390,0.108390,1000.00,cifi0007.DBF
DPMN,10DPMN,M,NS,00,4,96,1000.00,1000,1000.00,987.81,3.780390,0.108390,1000.00,cifi0007.DBF
DPMN,10DPMN,M,NS,00,5,1,0.00,0,0.00,0.05,0.098540,0.098540,1000.00,cifi0007.DBF
DPMN,10DPMN,M,NS,00,5,2,0.00,0,3.92,3.91,3.905450,0.098540,1000.00,cifi0007.DBF
DPMN,10DPMN,M,NS,00,5,3,0.00,0,7.96,7.89,3.905450,0.098540,1000.00,cifi0007.DBF
DPMN,10DPMN,M,NS,00,5,4,0.00,0,12.13,12.00,3.905450,0.098540,1000.00,cifi0007.DBF
DPMN,10DPMN,M,NS,00,5,5,0.33,5,16.43,16.23,3.905450,0.098540,1000.00,cifi0007.DBF
DPMN,10DPMN,M,NS,00,5,6,3.34,45,20.86,20.59,3.905450,0.098540,1000.00,cifi0007.DBF
DPMN,10DPMN,M,NS,00,5,7,6.47,84,25.40,25.08,3.905450,0.098540,1000.00,cifi0007.DBF
DPMN,10DPMN,M,NS,00,5,8,9.70,121,30.07,29.69,3.905450,0.098540,1000.00,cifi0007.DBF
DPMN,10DPMN,M,NS,00,5,9,13.01,156,34.84,34.41,3.905450,0.098540,1000.00,cifi0007.DBF
DPMN,10DPMN,M,NS,00,5,10,16.40,189,39.68,39.21,3.905450,0.098540,1000.00,cifi0007.DBF
DPMN,10DPMN,M,NS,00,5,11,19.80,220,44.56,44.07,3.905450,0.098540,1000.00,cifi0007.DBF
DPMN,10DPMN,M,NS,00,5,12,23.19,249,49.43,48.95,3.905450,0.098540,1000.00,cifi0007.DBF
DPMN,10DPMN,M,NS,00,5,13,26.54,276,54.28,53.81,3.905450,0.098540,1000.00,cifi0007.DBF
DPMN,10DPMN,M,NS,00,5,14,29.88,301,59.13,58.66,3.905450,0.098540,1000.00,cifi0007.DBF
DPMN,10DPMN,M,NS,00,5,15,33.33,325,64.11,63.57,3.905450,0.098540,1000.00,cifi0007.DBF
DPMN,10DPMN,M,NS,00,5,16,36.90,349,69.22,68.62,3.905450,0.098540,1000.00,cifi0007.DBF
DPMN,10DPMN,M,NS,00,5,17,40.57,372,74.44,73.78,3.905450,0.098540,1000.00,cifi0007.DBF
DPMN,10DPMN,M,NS,00,5,18,44.43,394,79.86,79.10,3.905450,0.098540,1000.00,cifi0007.DBF
DPMN,10DPMN,M,NS,00,5,19,48.48,416,85.48,84.63,3.905450,0.098540,1000.00,cifi0007.DBF
DPMN,10DPMN,M,NS,00,5,20,52.70,437,91.29,90.34,3.905450,0.098540,1000.00,cifi0007.DBF
DPMN,10DPMN,M,NS,00,5,21,57.10,458,97.27,96.23,3.905450,0.098540,1000.00,cifi0007.DBF
DPMN,10DPMN,M,NS,00,5,22,61.79,479,103.55,102.36,3.905450,0.098540,1000.00,cifi0007.DBF
DPMN,10DPMN,M,NS,00,5,23,66.71,500,110.06,108.76,3.905450,0.098540,1000.00,cifi0007.DBF
DPMN,10DPMN,M,NS,00,5,24,71.88,520,116.81,115.39,3.905450,0.098540,1000.00,cifi0007.DBF
DPMN,10DPMN,M,NS,00,5,25,77.31,539,123.82,122.27,3.905450,0.098540,1000.00,cifi0007.DBF
DPMN,10DPMN,M,NS,00,5,26,82.99,559,131.08,129.40,3.905450,0.098540,1000.00,cifi0007.DBF
DPMN,10DPMN,M,NS,00,5,27,88.87,577,138.53,136.76,3.905450,0.098540,1000.00,cifi0007.DBF
DPMN,10DPMN,M,NS,00,5,28,94.98,595,146.20,144.32,3.905450,0.098540,1000.00,cifi0007.DBF
DPMN,10DPMN,M,NS,00,5,29,101.27,612,154.03,152.07,3.905450,0.098540,1000.00,cifi0007.DBF
DPMN,10DPMN,M,NS,00,5,30,107.71,628,162.01,159.97,3.905450,0.098540,1000.00,cifi0007.DBF
DPMN,10DPMN,M,NS,00,5,31,114.31,643,170.13,168.02,3.905450,0.098540,1000.00,cifi0007.DBF
DPMN,10DPMN,M,NS,00,5,32,121.05,658,178.38,176.21,3.905450,0.098540,1000.00,cifi0007.DBF
DPMN,10DPMN,M,NS,00,5,33,127.95,672,186.77,184.53,3.905450,0.098540,1000.00,cifi0007.DBF
DPMN,10DPMN,M,NS,00,5,34,135.03,686,195.33,193.01,3.905450,0.098540,1000.00,cifi0007.DBF
DPMN,10DPMN,M,NS,00,5,35,142.35,699,204.11,201.67,3.905450,0.098540,1000.00,cifi0007.DBF
DPMN,10DPMN,M,NS,00,5,36,149.92,712,213.11,210.56,3.905450,0.098540,1000.00,cifi0007.DBF
DPMN,10DPMN,M,NS,00,5,37,157.73,724,222.32,219.67,3.905450,0.098540,1000.00,cifi0007.DBF
DPMN,10DPMN,M,NS,00,5,38,165.78,735,231.76,228.99,3.905450,0.098540,1000.00,cifi0007.DBF
DPMN,10DPMN,M,NS,00,5,39,174.10,747,241.42,238.54,3.905450,0.098540,1000.00,cifi0007.DBF
DPMN,10DPMN,M,NS,00,5,40,182.69,758,251.31,248.32,3.905450,0.098540,1000.00,cifi0007.DBF
DPMN,10DPMN,M,NS,00,5,41,191.61,768,261.50,258.36,3.905450,0.098540,1000.00,cifi0007.DBF
DPMN,10DPMN,M,NS,00,5,42,200.83,779,271.95,268.67,3.905450,0.098540,1000.00,cifi0007.DBF
DPMN,10DPMN,M,NS,00,5,43,210.40,789,282.68,279.27,3.905450,0.098540,1000.00,cifi0007.DBF
DPMN,10DPMN,M,NS,00,5,44,220.31,798,293.71,290.15,3.905450,0.098540,1000.00,cifi0007.DBF
DPMN,10DPMN,M,NS,00,5,45,230.56,807,305.02,301.32,3.905450,0.098540,1000.00,cifi0007.DBF
DPMN,10DPMN,M,NS,00,5,46,241.16,816,316.63,312.78,3.905450,0.098540,1000.00,cifi0007.DBF
DPMN,10DPMN,M,NS,00,5,47,252.09,825,328.49,324.51,3.905450,0.098540,1000.00,cifi0007.DBF
DPMN,10DPMN,M,NS,00,5,48,263.32,833,340.59,336.49,3.905450,0.098540,1000.00,cifi0007.DBF
DPMN,10DPMN,M,NS,00,5,49,274.86,841,352.92,348.71,3.905450,0.098540,1000.00,cifi0007.DBF
DPMN,10DPMN,M,NS,00,5,50,286.70,849,365.49,361.16,3.905450,0.098540,1000.00,cifi0007.DBF
DPMN,10DPMN,M,NS,00,5,51,298.87,857,378.32,373.86,3.905450,0.098540,1000.00,cifi0007.DBF
DPMN,10DPMN,M,NS,00,5,52,311.41,864,391.42,386.82,3.905450,0.098540,1000.00,cifi0007.DBF
DPMN,10DPMN,M,NS,00,5,53,324.34,871,404.82,400.07,3.905450,0.098540,1000.00,cifi0007.DBF
DPMN,10DPMN,M,NS,00,5,54,337.68,877,418.54,413.64,3.905450,0.098540,1000.00,cifi0007.DBF
DPMN,10DPMN,M,NS,00,5,55,351.43,884,432.56,427.50,3.905450,0.098540,1000.00,cifi0007.DBF
DPMN,10DPMN,M,NS,00,5,56,365.57,890,446.87,441.67,3.905450,0.098540,1000.00,cifi0007.DBF
DPMN,10DPMN,M,NS,00,5,57,380.05,896,461.41,456.09,3.905450,0.098540,1000.00,cifi0007.DBF
DPMN,10DPMN,M,NS,00,5,58,394.83,902,476.16,470.74,3.905450,0.098540,1000.00,cifi0007.DBF
DPMN,10DPMN,M,NS,00,5,59,409.91,907,491.09,485.58,3.905450,0.098540,1000.00,cifi0007.DBF
DPMN,10DPMN,M,NS,00,5,60,425.28,912,506.20,500.60,3.905450,0.098540,1000.00,cifi0007.DBF
DPMN,10DPMN,M,NS,00,5,61,440.93,917,521.48,515.80,3.905450,0.098540,1000.00,cifi0007.DBF
DPMN,10DPMN,M,NS,00,5,62,456.87,922,536.94,531.16,3.905450,0.098540,1000.00,cifi0007.DBF
DPMN,10DPMN,M,NS,00,5,63,473.11,927,552.58,546.71,3.905450,0.098540,1000.00,cifi0007.DBF
DPMN,10DPMN,M,NS,00,5,64,489.65,931,568.38,562.43,3.905450,0.098540,1000.00,cifi0007.DBF
DPMN,10DPMN,M,NS,00,5,65,506.46,935,584.35,578.32,3.905450,0.098540,1000.00,cifi0007.DBF
DPMN,10DPMN,M,NS,00,5,66,523.52,939,600.42,594.34,3.905450,0.098540,1000.00,cifi0007.DBF
DPMN,10DPMN,M,NS,00,5,67,540.75,943,616.56,610.45,3.905450,0.098540,1000.00,cifi0007.DBF
DPMN,10DPMN,M,NS,00,5,68,558.09,947,632.70,626.59,3.905450,0.098540,1000.00,cifi0007.DBF
DPMN,10DPMN,M,NS,00,5,69,575.47,950,648.78,642.69,3.905450,0.098540,1000.00,cifi0007.DBF
DPMN,10DPMN,M,NS,00,5,70,592.85,954,664.76,658.72,3.905450,0.098540,1000.00,cifi0007.DBF
DPMN,10DPMN,M,NS,00,5,71,610.21,957,680.62,674.65,3.905450,0.098540,1000.00,cifi0007.DBF
DPMN,10DPMN,M,NS,00,5,72,627.53,960,696.36,690.45,3.905450,0.098540,1000.00,cifi0007.DBF
DPMN,10DPMN,M,NS,00,5,73,644.81,963,711.97,706.12,3.905450,0.098540,1000.00,cifi0007.DBF
DPMN,10DPMN,M,NS,00,5,74,662.05,965,727.45,721.66,3.905450,0.098540,1000.00,cifi0007.DBF
DPMN,10DPMN,M,NS,00,5,75,679.19,968,742.75,737.05,3.905450,0.098540,1000.00,cifi0007.DBF
DPMN,10DPMN,M,NS,00,5,76,696.17,970,757.83,752.24,3.905450,0.098540,1000.00,cifi0007.DBF
DPMN,10DPMN,M,NS,00,5,77,712.91,972,772.60,767.16,3.905450,0.098540,1000.00,cifi0007.DBF
DPMN,10DPMN,M,NS,00,5,78,729.38,975,787.05,781.78,3.905450,0.098540,1000.00,cifi0007.DBF
DPMN,10DPMN,M,NS,00,5,79,745.49,977,801.12,796.04,3.905450,0.098540,1000.00,cifi0007.DBF
DPMN,10DPMN,M,NS,00,5,80,761.16,979,814.72,809.87,3.905450,0.098540,1000.00,cifi0007.DBF
DPMN,10DPMN,M,NS,00,5,81,776.27,980,827.78,823.20,3.905450,0.098540,1000.00,cifi0007.DBF
DPMN,10DPMN,M,NS,00,5,82,790.72,982,840.19,835.94,3.905450,0.098540,1000.00,cifi0007.DBF
DPMN,10DPMN,M,NS,00,5,83,804.38,983,851.87,847.98,3.905450,0.098540,1000.00,cifi0007.DBF
DPMN,10DPMN,M,NS,00,5,84,817.18,985,862.75,859.26,3.905450,0.098540,1000.00,cifi0007.DBF
DPMN,10DPMN,M,NS,00,5,85,829.12,986,872.83,869.74,3.905450,0.098540,1000.00,cifi0007.DBF
DPMN,10DPMN,M,NS,00,5,86,840.27,987,882.18,879.46,3.905450,0.098540,1000.00,cifi0007.DBF
DPMN,10DPMN,M,NS,00,5,87,850.80,988,890.92,888.50,3.905450,0.098540,1000.00,cifi0007.DBF
DPMN,10DPMN,M,NS,00,5,88,861.03,989,899.29,897.06,3.905450,0.098540,1000.00,cifi0007.DBF
DPMN,10DPMN,M,NS,00,5,89,871.35,990,907.59,905.40,3.905450,0.098540,1000.00,cifi0007.DBF
DPMN,10DPMN,M,NS,00,5,90,882.45,991,916.33,913.91,3.905450,0.098540,1000.00,cifi0007.DBF
DPMN,10DPMN,M,NS,00,5,91,895.37,992,926.26,923.25,3.905450,0.098540,1000.00,cifi0007.DBF
DPMN,10DPMN,M,NS,00,5,92,910.89,994,937.84,934.00,3.905450,0.098540,1000.00,cifi0007.DBF
DPMN,10DPMN,M,NS,00,5,93,930.87,995,952.29,947.02,3.905450,0.098540,1000.00,cifi0007.DBF
DPMN,10DPMN,M,NS,00,5,94,958.57,997,971.72,963.96,3.905450,0.098540,1000.00,cifi0007.DBF
DPMN,10DPMN,M,NS,00,5,95,1000.00,1000,1000.00,987.81,3.905450,0.098540,1000.00,cifi0007.DBF
DPMN,10DPMN,M,NS,00,6,1,0.00,0,0.00,0.05,0.098540,0.098540,1000.00,cifi0007.DBF
DPMN,10DPMN,M,NS,00,6,2,0.00,0,4.06,4.05,4.035270,0.098540,1000.00,cifi0007.DBF
DPMN,10DPMN,M,NS,00,6,3,0.00,0,8.24,8.17,4.035270,0.098540,1000.00,cifi0007.DBF
DPMN,10DPMN,M,NS,00,6,4,0.00,0,12.56,12.42,4.035270,0.098540,1000.00,cifi0007.DBF
DPMN,10DPMN,M,NS,00,6,5,0.79,11,17.00,16.80,4.035270,0.098540,1000.00,cifi0007.DBF
DPMN,10DPMN,M,NS,00,6,6,3.92,51,21.57,21.30,4.035270,0.098540,1000.00,cifi0007.DBF
DPMN,10DPMN,M,NS,00,6,7,7.16,89,26.25,25.93,4.035270,0.098540,1000.00,cifi0007.DBF
DPMN,10DPMN,M,NS,00,6,8,10.48,126,31.04,30.66,4.035270,0.098540,1000.00,cifi0007.DBF
DPMN,10DPMN,M,NS,00,6,9,13.88,160,35.90,35.49,4.035270,0.098540,1000.00,cifi0007.DBF
DPMN,10DPMN,M,NS,00,6,10,17.29,192,40.79,40.36,4.035270,0.098540,1000.00,cifi0007.DBF
DPMN,10DPMN,M,NS,00,6,11,20.69,222,45.69,45.26,4.035270,0.098540,1000.00,cifi0007.DBF
DPMN,10DPMN,M,NS,00,6,12,24.04,250,50.55,50.14,4.035270,0.098540,1000.00,cifi0007.DBF
DPMN,10DPMN,M,NS,00,6,13,27.39,276,55.43,55.00,4.035270,0.098540,1000.00,cifi0007.DBF
DPMN,10DPMN,M,NS,00,6,14,30.85,301,60.42,59.94,4.035270,0.098540,1000.00,cifi0007.DBF
DPMN,10DPMN,M,NS,00,6,15,34.43,326,65.55,65.00,4.035270,0.098540,1000.00,cifi0007.DBF
DPMN,10DPMN,M,NS,00,6,16,38.11,349,70.79,70.19,4.035270,0.098540,1000.00,cifi0007.DBF
DPMN,10DPMN,M,NS,00,6,17,41.98,372,76.24,75.53,4.035270,0.098540,1000.00,cifi0007.DBF
DPMN,10DPMN,M,NS,00,6,18,46.04,395,81.88,81.08,4.035270,0.098540,1000.00,cifi0007.DBF
DPMN,10DPMN,M,NS,00,6,19,50.27,417,87.70,86.81,4.035270,0.098540,1000.00,cifi0007.DBF
DPMN,10DPMN,M,NS,00,6,20,54.68,439,93.71,92.72,4.035270,0.098540,1000.00,cifi0007.DBF
DPMN,10DPMN,M,NS,00,6,21,59.39,461,100.02,98.88,4.035270,0.098540,1000.00,cifi0007.DBF
DPMN,10DPMN,M,NS,00,6,22,64.32,482,106.55,105.30,4.035270,0.098540,1000.00,cifi0007.DBF
DPMN,10DPMN,M,NS,00,6,23,69.50,503,113.33,111.96,4.035270,0.098540,1000.00,cifi0007.DBF
DPMN,10DPMN,M,NS,00,6,24,74.94,523,120.37,118.87,4.035270,0.098540,1000.00,cifi0007.DBF
DPMN,10DPMN,M,NS,00,6,25,80.64,543,127.65,126.03,4.035270,0.098540,1000.00,cifi0007.DBF
DPMN,10DPMN,M,NS,00,6,26,86.54,562,135.13,133.41,4.035270,0.098540,1000.00,cifi0007.DBF
DPMN,10DPMN,M,NS,00,6,27,92.66,580,142.83,141.00,4.035270,0.098540,1000.00,cifi0007.DBF
DPMN,10DPMN,M,NS,00,6,28,98.97,598,150.69,148.78,4.035270,0.098540,1000.00,cifi0007.DBF
DPMN,10DPMN,M,NS,00,6,29,105.43,615,158.70,156.71,4.035270,0.098540,1000.00,cifi0007.DBF
DPMN,10DPMN,M,NS,00,6,30,112.04,631,166.85,164.79,4.035270,0.098540,1000.00,cifi0007.DBF
DPMN,10DPMN,M,NS,00,6,31,118.80,646,175.13,173.01,4.035270,0.098540,1000.00,cifi0007.DBF
DPMN,10DPMN,M,NS,00,6,32,125.72,661,183.56,181.36,4.035270,0.098540,1000.00,cifi0007.DBF
DPMN,10DPMN,M,NS,00,6,33,132.82,675,192.16,189.88,4.035270,0.098540,1000.00,cifi0007.DBF
DPMN,10DPMN,M,NS,00,6,34,140.15,688,200.96,198.58,4.035270,0.098540,1000.00,cifi0007.DBF
DPMN,10DPMN,M,NS,00,6,35,147.74,701,210.00,207.50,4.035270,0.098540,1000.00,cifi0007.DBF
DPMN,10DPMN,M,NS,00,6,36,155.57,714,219.25,216.64,4.035270,0.098540,1000.00,cifi0007.DBF
DPMN,10DPMN,M,NS,00,6,37,163.65,726,228.72,226.00,4.035270,0.098540,1000.00,cifi0007.DBF
DPMN,10DPMN,M,NS,00,6,38,171.98,738,238.42,235.58,4.035270,0.098540,1000.00,cifi0007.DBF
DPMN,10DPMN,M,NS,00,6,39,180.59,749,248.35,245.40,4.035270,0.098540,1000.00,cifi0007.DBF
DPMN,10DPMN,M,NS,00,6,40,189.53,760,258.58,255.48,4.035270,0.098540,1000.00,cifi0007.DBF
DPMN,10DPMN,M,NS,00,6,41,198.78,771,269.06,265.84,4.035270,0.098540,1000.00,cifi0007.DBF
DPMN,10DPMN,M,NS,00,6,42,208.38,781,279.84,276.47,4.035270,0.098540,1000.00,cifi0007.DBF
DPMN,10DPMN,M,NS,00,6,43,218.31,791,290.91,287.40,4.035270,0.098540,1000.00,cifi0007.DBF
DPMN,10DPMN,M,NS,00,6,44,228.59,801,302.27,298.61,4.035270,0.098540,1000.00,cifi0007.DBF
DPMN,10DPMN,M,NS,00,6,45,239.22,810,313.92,310.11,4.035270,0.098540,1000.00,cifi0007.DBF
DPMN,10DPMN,M,NS,00,6,46,250.17,819,325.82,321.89,4.035270,0.098540,1000.00,cifi0007.DBF
DPMN,10DPMN,M,NS,00,6,47,261.43,827,337.97,333.92,4.035270,0.098540,1000.00,cifi0007.DBF
DPMN,10DPMN,M,NS,00,6,48,273.00,836,350.36,346.18,4.035270,0.098540,1000.00,cifi0007.DBF
DPMN,10DPMN,M,NS,00,6,49,284.87,844,362.98,358.68,4.035270,0.098540,1000.00,cifi0007.DBF
DPMN,10DPMN,M,NS,00,6,50,297.07,851,375.85,371.43,4.035270,0.098540,1000.00,cifi0007.DBF
DPMN,10DPMN,M,NS,00,6,51,309.64,859,389.00,384.44,4.035270,0.098540,1000.00,cifi0007.DBF
DPMN,10DPMN,M,NS,00,6,52,322.61,866,402.46,397.75,4.035270,0.098540,1000.00,cifi0007.DBF
DPMN,10DPMN,M,NS,00,6,53,335.98,873,416.23,411.36,4.035270,0.098540,1000.00,cifi0007.DBF
DPMN,10DPMN,M,NS,00,6,54,349.76,879,430.30,425.28,4.035270,0.098540,1000.00,cifi0007.DBF
DPMN,10DPMN,M,NS,00,6,55,363.94,886,444.67,439.50,4.035270,0.098540,1000.00,cifi0007.DBF
DPMN,10DPMN,M,NS,00,6,56,378.46,892,459.27,453.98,4.035270,0.098540,1000.00,cifi0007.DBF
DPMN,10DPMN,M,NS,00,6,57,393.28,898,474.07,468.69,4.035270,0.098540,1000.00,cifi0007.DBF
DPMN,10DPMN,M,NS,00,6,58,408.40,904,489.06,483.58,4.035270,0.098540,1000.00,cifi0007.DBF
DPMN,10DPMN,M,NS,00,6,59,423.81,909,504.23,498.66,4.035270,0.098540,1000.00,cifi0007.DBF
DPMN,10DPMN,M,NS,00,6,60,439.50,914,519.57,513.92,4.035270,0.098540,1000.00,cifi0007.DBF
DPMN,10DPMN,M,NS,00,6,61,455.48,919,535.09,529.34,4.035270,0.098540,1000.00,cifi0007.DBF
DPMN,10DPMN,M,NS,00,6,62,471.76,924,550.78,544.95,4.035270,0.098540,1000.00,cifi0007.DBF
DPMN,10DPMN,M,NS,00,6,63,488.34,928,566.65,560.74,4.035270,0.098540,1000.00,cifi0007.DBF
DPMN,10DPMN,M,NS,00,6,64,505.20,933,582.68,576.68,4.035270,0.098540,1000.00,cifi0007.DBF
DPMN,10DPMN,M,NS,00,6,65,522.30,937,598.82,592.77,4.035270,0.098540,1000.00,cifi0007.DBF
DPMN,10DPMN,M,NS,00,6,66,539.57,941,615.02,608.94,4.035270,0.098540,1000.00,cifi0007.DBF
DPMN,10DPMN,M,NS,00,6,67,556.95,945,631.22,625.14,4.035270,0.098540,1000.00,cifi0007.DBF
DPMN,10DPMN,M,NS,00,6,68,574.38,948,647.36,641.31,4.035270,0.098540,1000.00,cifi0007.DBF
DPMN,10DPMN,M,NS,00,6,69,591.81,952,663.41,657.40,4.035270,0.098540,1000.00,cifi0007.DBF
DPMN,10DPMN,M,NS,00,6,70,609.21,955,679.33,673.38,4.035270,0.098540,1000.00,cifi0007.DBF
DPMN,10DPMN,M,NS,00,6,71,626.57,958,695.13,689.25,4.035270,0.098540,1000.00,cifi0007.DBF
DPMN,10DPMN,M,NS,00,6,72,643.90,961,710.80,704.98,4.035270,0.098540,1000.00,cifi0007.DBF
DPMN,10DPMN,M,NS,00,6,73,661.18,964,726.33,720.58,4.035270,0.098540,1000.00,cifi0007.DBF
DPMN,10DPMN,M,NS,00,6,74,678.37,967,741.70,736.03,4.035270,0.098540,1000.00,cifi0007.DBF
DPMN,10DPMN,M,NS,00,6,75,695.39,969,756.83,751.28,4.035270,0.098540,1000.00,cifi0007.DBF
DPMN,10DPMN,M,NS,00,6,76,712.17,971,771.66,766.26,4.035270,0.098540,1000.00,cifi0007.DBF
DPMN,10DPMN,M,NS,00,6,77,728.68,974,786.17,780.93,4.035270,0.098540,1000.00,cifi0007.DBF
DPMN,10DPMN,M,NS,00,6,78,744.84,976,800.29,795.25,4.035270,0.098540,1000.00,cifi0007.DBF
DPMN,10DPMN,M,NS,00,6,79,760.54,978,813.95,809.14,4.035270,0.098540,1000.00,cifi0007.DBF
DPMN,10DPMN,M,NS,00,6,80,775.70,980,827.05,822.52,4.035270,0.098540,1000.00,cifi0007.DBF
DPMN,10DPMN,M,NS,00,6,81,790.18,981,839.52,835.30,4.035270,0.098540,1000.00,cifi0007.DBF
DPMN,10DPMN,M,NS,00,6,82,803.88,983,851.24,847.40,4.035270,0.098540,1000.00,cifi0007.DBF
DPMN,10DPMN,M,NS,00,6,83,816.71,984,862.16,858.72,4.035270,0.098540,1000.00,cifi0007.DBF
DPMN,10DPMN,M,NS,00,6,84,828.68,985,872.29,869.24,4.035270,0.098540,1000.00,cifi0007.DBF
DPMN,10DPMN,M,NS,00,6,85,839.86,987,881.66,878.99,4.035270,0.098540,1000.00,cifi0007.DBF
DPMN,10DPMN,M,NS,00,6,86,850.42,988,890.44,888.07,4.035270,0.098540,1000.00,cifi0007.DBF
DPMN,10DPMN,M,NS,00,6,87,860.67,989,898.85,896.66,4.035270,0.098540,1000.00,cifi0007.DBF
DPMN,10DPMN,M,NS,00,6,88,871.02,990,907.19,905.04,4.035270,0.098540,1000.00,cifi0007.DBF
DPMN,10DPMN,M,NS,00,6,89,882.15,991,915.96,913.59,4.035270,0.098540,1000.00,cifi0007.DBF
DPMN,10DPMN,M,NS,00,6,90,895.10,992,925.93,922.96,4.035270,0.098540,1000.00,cifi0007.DBF
DPMN,10DPMN,M,NS,00,6,91,910.66,993,937.56,933.76,4.035270,0.098540,1000.00,cifi0007.DBF
DPMN,10DPMN,M,NS,00,6,92,930.69,995,952.08,946.84,4.035270,0.098540,1000.00,cifi0007.DBF
DPMN,10DPMN,M,NS,00,6,93,958.46,997,971.59,963.85,4.035270,0.098540,1000.00,cifi0007.DBF
DPMN,10DPMN,M,NS,00,6,94,1000.00,1000,1000.00,987.81,4.035270,0.098540,1000.00,cifi0007.DBF
DPMN,10DPMN,M,NS,00,7,1,0.00,0,0.00,0.05,0.098540,0.098540,1000.00,cifi0007.DBF
DPMN,10DPMN,M,NS,00,7,2,0.00,0,4.20,4.19,4.170040,0.098540,1000.00,cifi0007.DBF
DPMN,10DPMN,M,NS,00,7,3,0.00,0,8.53,8.45,4.170040,0.098540,1000.00,cifi0007.DBF
DPMN,10DPMN,M,NS,00,7,4,0.00,0,13.00,12.85,4.170040,0.098540,1000.00,cifi0007.DBF
DPMN,10DPMN,M,NS,00,7,5,1.26,17,17.58,17.37,4.170040,0.098540,1000.00,cifi0007.DBF
DPMN,10DPMN,M,NS,00,7,6,4.50,56,22.28,22.02,4.170040,0.098540,1000.00,cifi0007.DBF
DPMN,10DPMN,M,NS,00,7,7,7.84,94,27.09,26.77,4.170040,0.098540,1000.00,cifi0007.DBF
DPMN,10DPMN,M,NS,00,7,8,11.24,130,31.97,31.62,4.170040,0.098540,1000.00,cifi0007.DBF
DPMN,10DPMN,M,NS,00,7,9,14.66,163,36.88,36.51,4.170040,0.098540,1000.00,cifi0007.DBF
DPMN,10DPMN,M,NS,00,7,10,18.07,194,41.80,41.43,4.170040,0.098540,1000.00,cifi0007.DBF
DPMN,10DPMN,M,NS,00,7,11,21.43,223,46.68,46.32,4.170040,0.098540,1000.00,cifi0007.DBF
DPMN,10DPMN,M,NS,00,7,12,24.79,250,51.58,51.21,4.170040,0.098540,1000.00,cifi0007.DBF
DPMN,10DPMN,M,NS,00,7,13,28.26,276,56.59,56.17,4.170040,0.098540,1000.00,cifi0007.DBF
DPMN,10DPMN,M,NS,00,7,14,31.85,301,61.74,61.25,4.170040,0.098540,1000.00,cifi0007.DBF
DPMN,10DPMN,M,NS,00,7,15,35.54,326,67.00,66.46,4.170040,0.098540,1000.00,cifi0007.DBF
DPMN,10DPMN,M,NS,00,7,16,39.42,350,72.47,71.82,4.170040,0.098540,1000.00,cifi0007.DBF
DPMN,10DPMN,M,NS,00,7,17,43.49,373,78.13,77.39,4.170040,0.098540,1000.00,cifi0007.DBF
DPMN,10DPMN,M,NS,00,7,18,47.73,396,83.98,83.14,4.170040,0.098540,1000.00,cifi0007.DBF
DPMN,10DPMN,M,NS,00,7,19,52.15,419,90.01,89.08,4.170040,0.098540,1000.00,cifi0007.DBF
DPMN,10DPMN,M,NS,00,7,20,56.87,441,96.35,95.26,4.170040,0.098540,1000.00,cifi0007.DBF
DPMN,10DPMN,M,NS,00,7,21,61.81,463,102.90,101.71,4.170040,0.098540,1000.00,cifi0007.DBF
DPMN,10DPMN,M,NS,00,7,22,67.01,485,109.71,108.39,4.170040,0.098540,1000.00,cifi0007.DBF
DPMN,10DPMN,M,NS,00,7,23,72.47,506,116.78,115.33,4.170040,0.098540,1000.00,cifi0007.DBF
DPMN,10DPMN,M,NS,00,7,24,78.18,526,124.09,122.52,4.170040,0.098540,1000.00,cifi0007.DBF
DPMN,10DPMN,M,NS,00,7,25,84.10,546,131.60,129.93,4.170040,0.098540,1000.00,cifi0007.DBF
DPMN,10DPMN,M,NS,00,7,26,90.24,565,139.33,137.55,4.170040,0.098540,1000.00,cifi0007.DBF
DPMN,10DPMN,M,NS,00,7,27,96.56,583,147.22,145.36,4.170040,0.098540,1000.00,cifi0007.DBF
DPMN,10DPMN,M,NS,00,7,28,103.03,601,155.26,153.33,4.170040,0.098540,1000.00,cifi0007.DBF
DPMN,10DPMN,M,NS,00,7,29,109.67,617,163.45,161.44,4.170040,0.098540,1000.00,cifi0007.DBF
DPMN,10DPMN,M,NS,00,7,30,116.44,633,171.76,169.69,4.170040,0.098540,1000.00,cifi0007.DBF
DPMN,10DPMN,M,NS,00,7,31,123.38,648,180.23,178.08,4.170040,0.098540,1000.00,cifi0007.DBF
DPMN,10DPMN,M,NS,00,7,32,130.50,663,188.85,186.63,4.170040,0.098540,1000.00,cifi0007.DBF
DPMN,10DPMN,M,NS,00,7,33,137.85,677,197.70,195.36,4.170040,0.098540,1000.00,cifi0007.DBF
DPMN,10DPMN,M,NS,00,7,34,145.46,690,206.77,204.32,4.170040,0.098540,1000.00,cifi0007.DBF
DPMN,10DPMN,M,NS,00,7,35,153.31,703,216.06,213.50,4.170040,0.098540,1000.00,cifi0007.DBF
DPMN,10DPMN,M,NS,00,7,36,161.41,716,225.56,222.90,4.170040,0.098540,1000.00,cifi0007.DBF
DPMN,10DPMN,M,NS,00,7,37,169.77,728,235.30,232.52,4.170040,0.098540,1000.00,cifi0007.DBF
DPMN,10DPMN,M,NS,00,7,38,178.40,740,245.28,242.37,4.170040,0.098540,1000.00,cifi0007.DBF
DPMN,10DPMN,M,NS,00,7,39,187.37,751,255.54,252.49,4.170040,0.098540,1000.00,cifi0007.DBF
DPMN,10DPMN,M,NS,00,7,40,196.64,762,266.07,262.89,4.170040,0.098540,1000.00,cifi0007.DBF
DPMN,10DPMN,M,NS,00,7,41,206.26,773,276.90,273.57,4.170040,0.098540,1000.00,cifi0007.DBF
DPMN,10DPMN,M,NS,00,7,42,216.22,783,288.01,284.54,4.170040,0.098540,1000.00,cifi0007.DBF
DPMN,10DPMN,M,NS,00,7,43,226.53,793,299.41,295.79,4.170040,0.098540,1000.00,cifi0007.DBF
DPMN,10DPMN,M,NS,00,7,44,237.18,803,311.11,307.34,4.170040,0.098540,1000.00,cifi0007.DBF
DPMN,10DPMN,M,NS,00,7,45,248.17,812,323.06,319.17,4.170040,0.098540,1000.00,cifi0007.DBF
DPMN,10DPMN,M,NS,00,7,46,259.46,821,335.26,331.24,4.170040,0.098540,1000.00,cifi0007.DBF
DPMN,10DPMN,M,NS,00,7,47,271.05,830,347.69,343.56,4.170040,0.098540,1000.00,cifi0007.DBF
DPMN,10DPMN,M,NS,00,7,48,282.96,838,360.36,356.11,4.170040,0.098540,1000.00,cifi0007.DBF
DPMN,10DPMN,M,NS,00,7,49,295.20,846,373.29,368.91,4.170040,0.098540,1000.00,cifi0007.DBF
DPMN,10DPMN,M,NS,00,7,50,307.80,854,386.49,381.97,4.170040,0.098540,1000.00,cifi0007.DBF
DPMN,10DPMN,M,NS,00,7,51,320.80,861,400.00,395.33,4.170040,0.098540,1000.00,cifi0007.DBF
DPMN,10DPMN,M,NS,00,7,52,334.21,868,413.83,409.00,4.170040,0.098540,1000.00,cifi0007.DBF
DPMN,10DPMN,M,NS,00,7,53,348.03,875,427.96,422.98,4.170040,0.098540,1000.00,cifi0007.DBF
DPMN,10DPMN,M,NS,00,7,54,362.24,882,442.38,437.25,4.170040,0.098540,1000.00,cifi0007.DBF
DPMN,10DPMN,M,NS,00,7,55,376.80,888,457.04,451.79,4.170040,0.098540,1000.00,cifi0007.DBF
DPMN,10DPMN,M,NS,00,7,56,391.66,894,471.90,466.56,4.170040,0.098540,1000.00,cifi0007.DBF
DPMN,10DPMN,M,NS,00,7,57,406.82,900,486.95,481.51,4.170040,0.098540,1000.00,cifi0007.DBF
DPMN,10DPMN,M,NS,00,7,58,422.27,906,502.18,496.65,4.170040,0.098540,1000.00,cifi0007.DBF
DPMN,10DPMN,M,NS,00,7,59,438.00,911,517.58,511.97,4.170040,0.098540,1000.00,cifi0007.DBF
DPMN,10DPMN,M,NS,00,7,60,454.02,916,533.16,527.46,4.170040,0.098540,1000.00,cifi0007.DBF
DPMN,10DPMN,M,NS,00,7,61,470.35,921,548.92,543.13,4.170040,0.098540,1000.00,cifi0007.DBF
DPMN,10DPMN,M,NS,00,7,62,486.97,926,564.85,558.97,4.170040,0.098540,1000.00,cifi0007.DBF
DPMN,10DPMN,M,NS,00,7,63,503.88,930,580.94,574.98,4.170040,0.098540,1000.00,cifi0007.DBF
DPMN,10DPMN,M,NS,00,7,64,521.02,935,597.15,591.13,4.170040,0.098540,1000.00,cifi0007.DBF
DPMN,10DPMN,M,NS,00,7,65,538.34,939,613.42,607.37,4.170040,0.098540,1000.00,cifi0007.DBF
DPMN,10DPMN,M,NS,00,7,66,555.77,943,629.68,623.63,4.170040,0.098540,1000.00,cifi0007.DBF
DPMN,10DPMN,M,NS,00,7,67,573.25,947,645.89,639.87,4.170040,0.098540,1000.00,cifi0007.DBF
DPMN,10DPMN,M,NS,00,7,68,590.72,950,662.00,656.03,4.170040,0.098540,1000.00,cifi0007.DBF
DPMN,10DPMN,M,NS,00,7,69,608.16,954,677.98,672.07,4.170040,0.098540,1000.00,cifi0007.DBF
DPMN,10DPMN,M,NS,00,7,70,625.58,957,693.85,688.00,4.170040,0.098540,1000.00,cifi0007.DBF
DPMN,10DPMN,M,NS,00,7,71,642.95,960,709.58,703.80,4.170040,0.098540,1000.00,cifi0007.DBF
DPMN,10DPMN,M,NS,00,7,72,660.27,963,725.18,719.46,4.170040,0.098540,1000.00,cifi0007.DBF
DPMN,10DPMN,M,NS,00,7,73,677.51,965,740.60,734.97,4.170040,0.098540,1000.00,cifi0007.DBF
DPMN,10DPMN,M,NS,00,7,74,694.58,968,755.79,750.28,4.170040,0.098540,1000.00,cifi0007.DBF
DPMN,10DPMN,M,NS,00,7,75,711.40,970,770.68,765.32,4.170040,0.098540,1000.00,cifi0007.DBF
DPMN,10DPMN,M,NS,00,7,76,727.96,973,785.25,780.05,4.170040,0.098540,1000.00,cifi0007.DBF
DPMN,10DPMN,M,NS,00,7,77,744.16,975,799.43,794.43,4.170040,0.098540,1000.00,cifi0007.DBF
DPMN,10DPMN,M,NS,00,7,78,759.90,977,813.14,808.37,4.170040,0.098540,1000.00,cifi0007.DBF
DPMN,10DPMN,M,NS,00,7,79,775.10,979,826.30,821.81,4.170040,0.098540,1000.00,cifi0007.DBF
DPMN,10DPMN,M,NS,00,7,80,789.62,981,838.81,834.64,4.170040,0.098540,1000.00,cifi0007.DBF
DPMN,10DPMN,M,NS,00,7,81,803.36,982,850.59,846.79,4.170040,0.098540,1000.00,cifi0007.DBF
DPMN,10DPMN,M,NS,00,7,82,816.22,984,861.55,858.15,4.170040,0.098540,1000.00,cifi0007.DBF
DPMN,10DPMN,M,NS,00,7,83,828.22,985,871.72,868.72,4.170040,0.098540,1000.00,cifi0007.DBF
DPMN,10DPMN,M,NS,00,7,84,839.43,986,881.13,878.51,4.170040,0.098540,1000.00,cifi0007.DBF
DPMN,10DPMN,M,NS,00,7,85,850.02,987,889.95,887.63,4.170040,0.098540,1000.00,cifi0007.DBF
DPMN,10DPMN,M,NS,00,7,86,860.30,988,898.39,896.25,4.170040,0.098540,1000.00,cifi0007.DBF
DPMN,10DPMN,M,NS,00,7,87,870.68,989,906.76,904.66,4.170040,0.098540,1000.00,cifi0007.DBF
DPMN,10DPMN,M,NS,00,7,88,881.83,990,915.57,913.25,4.170040,0.098540,1000.00,cifi0007.DBF
DPMN,10DPMN,M,NS,00,7,89,894.82,992,925.59,922.66,4.170040,0.098540,1000.00,cifi0007.DBF
DPMN,10DPMN,M,NS,00,7,90,910.42,993,937.27,933.51,4.170040,0.098540,1000.00,cifi0007.DBF
DPMN,10DPMN,M,NS,00,7,91,930.51,995,951.85,946.65,4.170040,0.098540,1000.00,cifi0007.DBF
DPMN,10DPMN,M,NS,00,7,92,958.35,997,971.46,963.74,4.170040,0.098540,1000.00,cifi0007.DBF
DPMN,10DPMN,M,NS,00,7,93,1000.00,1000,1000.00,987.81,4.170040,0.098540,1000.00,cifi0007.DBF
DPMN,10DPMN,M,NS,00,8,1,0.00,0,0.00,0.04,0.088680,0.088680,1000.00,cifi0007.DBF
DPMN,10DPMN,M,NS,00,8,2,0.00,0,4.35,4.33,4.310350,0.088680,1000.00,cifi0007.DBF
DPMN,10DPMN,M,NS,00,8,3,0.00,0,8.83,8.74,4.310350,0.088680,1000.00,cifi0007.DBF
DPMN,10DPMN,M,NS,00,8,4,0.00,0,13.43,13.29,4.310350,0.088680,1000.00,cifi0007.DBF
DPMN,10DPMN,M,NS,00,8,5,1.73,22,18.16,17.95,4.310350,0.088680,1000.00,cifi0007.DBF
DPMN,10DPMN,M,NS,00,8,6,5.07,61,22.98,22.72,4.310350,0.088680,1000.00,cifi0007.DBF
DPMN,10DPMN,M,NS,00,8,7,8.48,98,27.88,27.59,4.310350,0.088680,1000.00,cifi0007.DBF
DPMN,10DPMN,M,NS,00,8,8,11.91,133,32.82,32.50,4.310350,0.088680,1000.00,cifi0007.DBF
DPMN,10DPMN,M,NS,00,8,9,15.33,165,37.75,37.44,4.310350,0.088680,1000.00,cifi0007.DBF
DPMN,10DPMN,M,NS,00,8,10,18.70,195,42.65,42.36,4.310350,0.088680,1000.00,cifi0007.DBF
DPMN,10DPMN,M,NS,00,8,11,22.07,222,47.57,47.27,4.310350,0.088680,1000.00,cifi0007.DBF
DPMN,10DPMN,M,NS,00,8,12,25.55,249,52.61,52.24,4.310350,0.088680,1000.00,cifi0007.DBF
DPMN,10DPMN,M,NS,00,8,13,29.15,276,57.77,57.35,4.310350,0.088680,1000.00,cifi0007.DBF
DPMN,10DPMN,M,NS,00,8,14,32.85,301,63.06,62.57,4.310350,0.088680,1000.00,cifi0007.DBF
DPMN,10DPMN,M,NS,00,8,15,36.74,326,68.55,67.96,4.310350,0.088680,1000.00,cifi0007.DBF
DPMN,10DPMN,M,NS,00,8,16,40.82,350,74.24,73.55,4.310350,0.088680,1000.00,cifi0007.DBF
DPMN,10DPMN,M,NS,00,8,17,45.08,374,80.11,79.33,4.310350,0.088680,1000.00,cifi0007.DBF
DPMN,10DPMN,M,NS,00,8,18,49.51,398,86.16,85.29,4.310350,0.088680,1000.00,cifi0007.DBF
DPMN,10DPMN,M,NS,00,8,19,54.24,421,92.52,91.50,4.310350,0.088680,1000.00,cifi0007.DBF
DPMN,10DPMN,M,NS,00,8,20,59.20,444,99.11,97.97,4.310350,0.088680,1000.00,cifi0007.DBF
DPMN,10DPMN,M,NS,00,8,21,64.41,466,105.95,104.68,4.310350,0.088680,1000.00,cifi0007.DBF
DPMN,10DPMN,M,NS,00,8,22,69.89,488,113.04,111.65,4.310350,0.088680,1000.00,cifi0007.DBF
DPMN,10DPMN,M,NS,00,8,23,75.61,509,120.38,118.87,4.310350,0.088680,1000.00,cifi0007.DBF
DPMN,10DPMN,M,NS,00,8,24,81.54,529,127.93,126.31,4.310350,0.088680,1000.00,cifi0007.DBF
DPMN,10DPMN,M,NS,00,8,25,87.70,549,135.69,133.96,4.310350,0.088680,1000.00,cifi0007.DBF
DPMN,10DPMN,M,NS,00,8,26,94.04,568,143.61,141.81,4.310350,0.088680,1000.00,cifi0007.DBF
DPMN,10DPMN,M,NS,00,8,27,100.53,586,151.69,149.81,4.310350,0.088680,1000.00,cifi0007.DBF
DPMN,10DPMN,M,NS,00,8,28,107.19,603,159.91,157.95,4.310350,0.088680,1000.00,cifi0007.DBF
DPMN,10DPMN,M,NS,00,8,29,113.98,620,168.26,166.24,4.310350,0.088680,1000.00,cifi0007.DBF
DPMN,10DPMN,M,NS,00,8,30,120.94,635,176.75,174.66,4.310350,0.088680,1000.00,cifi0007.DBF
DPMN,10DPMN,M,NS,00,8,31,128.08,651,185.42,183.24,4.310350,0.088680,1000.00,cifi0007.DBF
DPMN,10DPMN,M,NS,00,8,32,135.45,665,194.30,192.01,4.310350,0.088680,1000.00,cifi0007.DBF
DPMN,10DPMN,M,NS,00,8,33,143.08,679,203.40,201.01,4.310350,0.088680,1000.00,cifi0007.DBF
DPMN,10DPMN,M,NS,00,8,34,150.95,693,212.74,210.23,4.310350,0.088680,1000.00,cifi0007.DBF
DPMN,10DPMN,M,NS,00,8,35,159.07,706,222.28,219.66,4.310350,0.088680,1000.00,cifi0007.DBF
DPMN,10DPMN,M,NS,00,8,36,167.46,718,232.06,229.32,4.310350,0.088680,1000.00,cifi0007.DBF
DPMN,10DPMN,M,NS,00,8,37,176.11,730,242.08,239.22,4.310350,0.088680,1000.00,cifi0007.DBF
DPMN,10DPMN,M,NS,00,8,38,185.10,742,252.38,249.38,4.310350,0.088680,1000.00,cifi0007.DBF
DPMN,10DPMN,M,NS,00,8,39,194.40,754,262.96,259.83,4.310350,0.088680,1000.00,cifi0007.DBF
DPMN,10DPMN,M,NS,00,8,40,204.05,765,273.83,270.55,4.310350,0.088680,1000.00,cifi0007.DBF
DPMN,10DPMN,M,NS,00,8,41,214.03,775,284.98,281.56,4.310350,0.088680,1000.00,cifi0007.DBF
DPMN,10DPMN,M,NS,00,8,42,224.37,786,296.44,292.86,4.310350,0.088680,1000.00,cifi0007.DBF
DPMN,10DPMN,M,NS,00,8,43,235.06,796,308.18,304.46,4.310350,0.088680,1000.00,cifi0007.DBF
DPMN,10DPMN,M,NS,00,8,44,246.07,805,320.18,316.34,4.310350,0.088680,1000.00,cifi0007.DBF
DPMN,10DPMN,M,NS,00,8,45,257.40,815,332.43,328.46,4.310350,0.088680,1000.00,cifi0007.DBF
DPMN,10DPMN,M,NS,00,8,46,269.02,824,344.92,340.83,4.310350,0.088680,1000.00,cifi0007.DBF
DPMN,10DPMN,M,NS,00,8,47,280.96,832,357.64,353.43,4.310350,0.088680,1000.00,cifi0007.DBF
DPMN,10DPMN,M,NS,00,8,48,293.23,840,370.62,366.28,4.310350,0.088680,1000.00,cifi0007.DBF
DPMN,10DPMN,M,NS,00,8,49,305.87,848,383.88,379.40,4.310350,0.088680,1000.00,cifi0007.DBF
DPMN,10DPMN,M,NS,00,8,50,318.90,856,397.44,392.82,4.310350,0.088680,1000.00,cifi0007.DBF
DPMN,10DPMN,M,NS,00,8,51,332.35,863,411.33,406.54,4.310350,0.088680,1000.00,cifi0007.DBF
DPMN,10DPMN,M,NS,00,8,52,346.21,871,425.52,420.58,4.310350,0.088680,1000.00,cifi0007.DBF
DPMN,10DPMN,M,NS,00,8,53,360.46,877,440.00,434.91,4.310350,0.088680,1000.00,cifi0007.DBF
DPMN,10DPMN,M,NS,00,8,54,375.06,884,454.72,449.51,4.310350,0.088680,1000.00,cifi0007.DBF
DPMN,10DPMN,M,NS,00,8,55,389.96,890,469.64,464.34,4.310350,0.088680,1000.00,cifi0007.DBF
DPMN,10DPMN,M,NS,00,8,56,405.17,896,484.76,479.36,4.310350,0.088680,1000.00,cifi0007.DBF
DPMN,10DPMN,M,NS,00,8,57,420.65,902,500.05,494.56,4.310350,0.088680,1000.00,cifi0007.DBF
DPMN,10DPMN,M,NS,00,8,58,436.43,908,515.51,509.94,4.310350,0.088680,1000.00,cifi0007.DBF
DPMN,10DPMN,M,NS,00,8,59,452.50,913,531.16,525.49,4.310350,0.088680,1000.00,cifi0007.DBF
DPMN,10DPMN,M,NS,00,8,60,468.87,918,546.98,541.23,4.310350,0.088680,1000.00,cifi0007.DBF
DPMN,10DPMN,M,NS,00,8,61,485.54,923,562.98,557.14,4.310350,0.088680,1000.00,cifi0007.DBF
DPMN,10DPMN,M,NS,00,8,62,502.49,928,579.14,573.22,4.310350,0.088680,1000.00,cifi0007.DBF
DPMN,10DPMN,M,NS,00,8,63,519.68,932,595.41,589.43,4.310350,0.088680,1000.00,cifi0007.DBF
DPMN,10DPMN,M,NS,00,8,64,537.05,937,611.75,605.73,4.310350,0.088680,1000.00,cifi0007.DBF
DPMN,10DPMN,M,NS,00,8,65,554.53,941,628.08,622.07,4.310350,0.088680,1000.00,cifi0007.DBF
DPMN,10DPMN,M,NS,00,8,66,572.06,945,644.35,638.37,4.310350,0.088680,1000.00,cifi0007.DBF
DPMN,10DPMN,M,NS,00,8,67,589.58,948,660.53,654.60,4.310350,0.088680,1000.00,cifi0007.DBF
DPMN,10DPMN,M,NS,00,8,68,607.07,952,676.58,670.71,4.310350,0.088680,1000.00,cifi0007.DBF
DPMN,10DPMN,M,NS,00,8,69,624.53,955,692.51,686.70,4.310350,0.088680,1000.00,cifi0007.DBF
DPMN,10DPMN,M,NS,00,8,70,641.95,958,708.31,702.57,4.310350,0.088680,1000.00,cifi0007.DBF
DPMN,10DPMN,M,NS,00,8,71,659.33,961,723.97,718.30,4.310350,0.088680,1000.00,cifi0007.DBF
DPMN,10DPMN,M,NS,00,8,72,676.61,964,739.46,733.87,4.310350,0.088680,1000.00,cifi0007.DBF
DPMN,10DPMN,M,NS,00,8,73,693.73,967,754.72,749.24,4.310350,0.088680,1000.00,cifi0007.DBF
DPMN,10DPMN,M,NS,00,8,74,710.60,969,769.67,764.35,4.310350,0.088680,1000.00,cifi0007.DBF
DPMN,10DPMN,M,NS,00,8,75,727.20,972,784.30,779.14,4.310350,0.088680,1000.00,cifi0007.DBF
DPMN,10DPMN,M,NS,00,8,76,743.44,974,798.54,793.57,4.310350,0.088680,1000.00,cifi0007.DBF
DPMN,10DPMN,M,NS,00,8,77,759.23,976,812.30,807.57,4.310350,0.088680,1000.00,cifi0007.DBF
DPMN,10DPMN,M,NS,00,8,78,774.47,978,825.52,821.07,4.310350,0.088680,1000.00,cifi0007.DBF
DPMN,10DPMN,M,NS,00,8,79,789.03,980,838.08,833.95,4.310350,0.088680,1000.00,cifi0007.DBF
DPMN,10DPMN,M,NS,00,8,80,802.81,981,849.91,846.15,4.310350,0.088680,1000.00,cifi0007.DBF
DPMN,10DPMN,M,NS,00,8,81,815.71,983,860.92,857.57,4.310350,0.088680,1000.00,cifi0007.DBF
DPMN,10DPMN,M,NS,00,8,82,827.74,984,871.12,868.17,4.310350,0.088680,1000.00,cifi0007.DBF
DPMN,10DPMN,M,NS,00,8,83,838.98,986,880.58,878.01,4.310350,0.088680,1000.00,cifi0007.DBF
DPMN,10DPMN,M,NS,00,8,84,849.60,987,889.43,887.16,4.310350,0.088680,1000.00,cifi0007.DBF
DPMN,10DPMN,M,NS,00,8,85,859.91,988,897.91,895.83,4.310350,0.088680,1000.00,cifi0007.DBF
DPMN,10DPMN,M,NS,00,8,86,870.32,989,906.32,904.27,4.310350,0.088680,1000.00,cifi0007.DBF
DPMN,10DPMN,M,NS,00,8,87,881.50,990,915.17,912.90,4.310350,0.088680,1000.00,cifi0007.DBF
DPMN,10DPMN,M,NS,00,8,88,894.53,991,925.23,922.35,4.310350,0.088680,1000.00,cifi0007.DBF
DPMN,10DPMN,M,NS,00,8,89,910.17,993,936.97,933.25,4.310350,0.088680,1000.00,cifi0007.DBF
DPMN,10DPMN,M,NS,00,8,90,930.31,995,951.62,946.45,4.310350,0.088680,1000.00,cifi0007.DBF
DPMN,10DPMN,M,NS,00,8,91,958.24,997,971.32,963.62,4.310350,0.088680,1000.00,cifi0007.DBF
DPMN,10DPMN,M,NS,00,8,92,1000.00,1000,1000.00,987.81,4.310350,0.088680,1000.00,cifi0007.DBF
DPMN,10DPMN,M,NS,00,9,1,0.00,0,0.00,0.04,0.088680,0.088680,1000.00,cifi0007.DBF
DPMN,10DPMN,M,NS,00,9,2,0.00,0,4.50,4.48,4.456110,0.088680,1000.00,cifi0007.DBF
DPMN,10DPMN,M,NS,00,9,3,0.00,0,9.12,9.04,4.456110,0.088680,1000.00,cifi0007.DBF
DPMN,10DPMN,M,NS,00,9,4,0.00,0,13.87,13.72,4.456110,0.088680,1000.00,cifi0007.DBF
DPMN,10DPMN,M,NS,00,9,5,2.17,26,18.71,18.52,4.456110,0.088680,1000.00,cifi0007.DBF
DPMN,10DPMN,M,NS,00,9,6,5.59,65,23.64,23.40,4.456110,0.088680,1000.00,cifi0007.DBF
DPMN,10DPMN,M,NS,00,9,7,9.03,101,28.59,28.34,4.456110,0.088680,1000.00,cifi0007.DBF
DPMN,10DPMN,M,NS,00,9,8,12.46,134,33.55,33.30,4.456110,0.088680,1000.00,cifi0007.DBF
DPMN,10DPMN,M,NS,00,9,9,15.84,165,38.47,38.24,4.456110,0.088680,1000.00,cifi0007.DBF
DPMN,10DPMN,M,NS,00,9,10,19.22,194,43.41,43.17,4.456110,0.088680,1000.00,cifi0007.DBF
DPMN,10DPMN,M,NS,00,9,11,22.71,222,48.47,48.16,4.456110,0.088680,1000.00,cifi0007.DBF
DPMN,10DPMN,M,NS,00,9,12,26.31,249,53.66,53.29,4.456110,0.088680,1000.00,cifi0007.DBF
DPMN,10DPMN,M,NS,00,9,13,30.03,275,58.97,58.54,4.456110,0.088680,1000.00,cifi0007.DBF
DPMN,10DPMN,M,NS,00,9,14,33.93,301,64.48,63.95,4.456110,0.088680,1000.00,cifi0007.DBF
DPMN,10DPMN,M,NS,00,9,15,38.02,326,70.19,69.56,4.456110,0.088680,1000.00,cifi0007.DBF
DPMN,10DPMN,M,NS,00,9,16,42.29,351,76.09,75.37,4.456110,0.088680,1000.00,cifi0007.DBF
DPMN,10DPMN,M,NS,00,9,17,46.73,375,82.17,81.36,4.456110,0.088680,1000.00,cifi0007.DBF
DPMN,10DPMN,M,NS,00,9,18,51.48,399,88.56,87.59,4.456110,0.088680,1000.00,cifi0007.DBF
DPMN,10DPMN,M,NS,00,9,19,56.45,423,95.17,94.09,4.456110,0.088680,1000.00,cifi0007.DBF
DPMN,10DPMN,M,NS,00,9,20,61.68,446,102.04,100.83,4.456110,0.088680,1000.00,cifi0007.DBF
DPMN,10DPMN,M,NS,00,9,21,67.17,469,109.16,107.83,4.456110,0.088680,1000.00,cifi0007.DBF
DPMN,10DPMN,M,NS,00,9,22,72.91,491,116.53,115.08,4.456110,0.088680,1000.00,cifi0007.DBF
DPMN,10DPMN,M,NS,00,9,23,78.86,512,124.11,122.55,4.456110,0.088680,1000.00,cifi0007.DBF
DPMN,10DPMN,M,NS,00,9,24,85.04,532,131.90,130.24,4.456110,0.088680,1000.00,cifi0007.DBF
DPMN,10DPMN,M,NS,00,9,25,91.39,552,139.86,138.11,4.456110,0.088680,1000.00,cifi0007.DBF
DPMN,10DPMN,M,NS,00,9,26,97.91,571,147.97,146.15,4.456110,0.088680,1000.00,cifi0007.DBF
DPMN,10DPMN,M,NS,00,9,27,104.58,589,156.23,154.33,4.456110,0.088680,1000.00,cifi0007.DBF
DPMN,10DPMN,M,NS,00,9,28,111.39,606,164.61,162.65,4.456110,0.088680,1000.00,cifi0007.DBF
DPMN,10DPMN,M,NS,00,9,29,118.37,622,173.15,171.11,4.456110,0.088680,1000.00,cifi0007.DBF
DPMN,10DPMN,M,NS,00,9,30,125.53,638,181.85,179.73,4.456110,0.088680,1000.00,cifi0007.DBF
DPMN,10DPMN,M,NS,00,9,31,132.93,653,190.77,188.54,4.456110,0.088680,1000.00,cifi0007.DBF
DPMN,10DPMN,M,NS,00,9,32,140.58,667,199.91,197.57,4.456110,0.088680,1000.00,cifi0007.DBF
DPMN,10DPMN,M,NS,00,9,33,148.47,681,209.28,206.83,4.456110,0.088680,1000.00,cifi0007.DBF
DPMN,10DPMN,M,NS,00,9,34,156.62,695,218.87,216.30,4.456110,0.088680,1000.00,cifi0007.DBF
DPMN,10DPMN,M,NS,00,9,35,165.03,708,228.69,226.01,4.456110,0.088680,1000.00,cifi0007.DBF
DPMN,10DPMN,M,NS,00,9,36,173.71,720,238.75,235.95,4.456110,0.088680,1000.00,cifi0007.DBF
DPMN,10DPMN,M,NS,00,9,37,182.72,733,249.10,246.15,4.456110,0.088680,1000.00,cifi0007.DBF
DPMN,10DPMN,M,NS,00,9,38,192.05,745,259.72,256.64,4.456110,0.088680,1000.00,cifi0007.DBF
DPMN,10DPMN,M,NS,00,9,39,201.72,756,270.64,267.41,4.456110,0.088680,1000.00,cifi0007.DBF
DPMN,10DPMN,M,NS,00,9,40,211.74,767,281.84,278.47,4.456110,0.088680,1000.00,cifi0007.DBF
DPMN,10DPMN,M,NS,00,9,41,222.10,778,293.34,289.82,4.456110,0.088680,1000.00,cifi0007.DBF
DPMN,10DPMN,M,NS,00,9,42,232.82,788,305.14,301.47,4.456110,0.088680,1000.00,cifi0007.DBF
DPMN,10DPMN,M,NS,00,9,43,243.87,798,317.19,313.39,4.456110,0.088680,1000.00,cifi0007.DBF
DPMN,10DPMN,M,NS,00,9,44,255.23,808,329.50,325.57,4.456110,0.088680,1000.00,cifi0007.DBF
DPMN,10DPMN,M,NS,00,9,45,266.89,817,342.03,337.99,4.456110,0.088680,1000.00,cifi0007.DBF
DPMN,10DPMN,M,NS,00,9,46,278.86,826,354.81,350.65,4.456110,0.088680,1000.00,cifi0007.DBF
DPMN,10DPMN,M,NS,00,9,47,291.17,834,367.84,363.56,4.456110,0.088680,1000.00,cifi0007.DBF
DPMN,10DPMN,M,NS,00,9,48,303.84,843,381.16,376.73,4.456110,0.088680,1000.00,cifi0007.DBF
DPMN,10DPMN,M,NS,00,9,49,316.91,851,394.79,390.20,4.456110,0.088680,1000.00,cifi0007.DBF
DPMN,10DPMN,M,NS,00,9,50,330.40,858,408.73,403.99,4.456110,0.088680,1000.00,cifi0007.DBF
DPMN,10DPMN,M,NS,00,9,51,344.30,866,422.98,418.08,4.456110,0.088680,1000.00,cifi0007.DBF
DPMN,10DPMN,M,NS,00,9,52,358.59,873,437.52,432.48,4.456110,0.088680,1000.00,cifi0007.DBF
DPMN,10DPMN,M,NS,00,9,53,373.23,880,452.31,447.14,4.456110,0.088680,1000.00,cifi0007.DBF
DPMN,10DPMN,M,NS,00,9,54,388.18,886,467.30,462.03,4.456110,0.088680,1000.00,cifi0007.DBF
DPMN,10DPMN,M,NS,00,9,55,403.43,893,482.48,477.11,4.456110,0.088680,1000.00,cifi0007.DBF
DPMN,10DPMN,M,NS,00,9,56,418.96,899,497.83,492.38,4.456110,0.088680,1000.00,cifi0007.DBF
DPMN,10DPMN,M,NS,00,9,57,434.79,904,513.37,507.83,4.456110,0.088680,1000.00,cifi0007.DBF
DPMN,10DPMN,M,NS,00,9,58,450.90,910,529.08,523.45,4.456110,0.088680,1000.00,cifi0007.DBF
DPMN,10DPMN,M,NS,00,9,59,467.32,915,544.97,539.25,4.456110,0.088680,1000.00,cifi0007.DBF
DPMN,10DPMN,M,NS,00,9,60,484.04,920,561.04,555.23,4.456110,0.088680,1000.00,cifi0007.DBF
DPMN,10DPMN,M,NS,00,9,61,501.04,925,577.26,571.38,4.456110,0.088680,1000.00,cifi0007.DBF
DPMN,10DPMN,M,NS,00,9,62,518.28,930,593.61,587.66,4.456110,0.088680,1000.00,cifi0007.DBF
DPMN,10DPMN,M,NS,00,9,63,535.70,934,610.01,604.04,4.456110,0.088680,1000.00,cifi0007.DBF
DPMN,10DPMN,M,NS,00,9,64,553.23,939,626.41,620.44,4.456110,0.088680,1000.00,cifi0007.DBF
DPMN,10DPMN,M,NS,00,9,65,570.81,943,642.76,636.81,4.456110,0.088680,1000.00,cifi0007.DBF
DPMN,10DPMN,M,NS,00,9,66,588.38,946,659.00,653.11,4.456110,0.088680,1000.00,cifi0007.DBF
DPMN,10DPMN,M,NS,00,9,67,605.93,950,675.13,669.29,4.456110,0.088680,1000.00,cifi0007.DBF
DPMN,10DPMN,M,NS,00,9,68,623.44,953,691.12,685.35,4.456110,0.088680,1000.00,cifi0007.DBF
DPMN,10DPMN,M,NS,00,9,69,640.91,957,706.99,701.29,4.456110,0.088680,1000.00,cifi0007.DBF
DPMN,10DPMN,M,NS,00,9,70,658.33,960,722.72,717.08,4.456110,0.088680,1000.00,cifi0007.DBF
DPMN,10DPMN,M,NS,00,9,71,675.66,963,738.28,732.73,4.456110,0.088680,1000.00,cifi0007.DBF
DPMN,10DPMN,M,NS,00,9,72,692.83,966,753.60,748.16,4.456110,0.088680,1000.00,cifi0007.DBF
DPMN,10DPMN,M,NS,00,9,73,709.75,968,768.61,763.33,4.456110,0.088680,1000.00,cifi0007.DBF
DPMN,10DPMN,M,NS,00,9,74,726.40,971,783.31,778.19,4.456110,0.088680,1000.00,cifi0007.DBF
DPMN,10DPMN,M,NS,00,9,75,742.69,973,797.61,792.68,4.456110,0.088680,1000.00,cifi0007.DBF
DPMN,10DPMN,M,NS,00,9,76,758.53,975,811.43,806.75,4.456110,0.088680,1000.00,cifi0007.DBF
DPMN,10DPMN,M,NS,00,9,77,773.81,977,824.70,820.30,4.456110,0.088680,1000.00,cifi0007.DBF
DPMN,10DPMN,M,NS,00,9,78,788.42,979,837.32,833.24,4.456110,0.088680,1000.00,cifi0007.DBF
DPMN,10DPMN,M,NS,00,9,79,802.23,981,849.20,845.49,4.456110,0.088680,1000.00,cifi0007.DBF
DPMN,10DPMN,M,NS,00,9,80,815.17,982,860.26,856.96,4.456110,0.088680,1000.00,cifi0007.DBF
DPMN,10DPMN,M,NS,00,9,81,827.24,984,870.51,867.61,4.456110,0.088680,1000.00,cifi0007.DBF
DPMN,10DPMN,M,NS,00,9,82,838.51,985,880.01,877.49,4.456110,0.088680,1000.00,cifi0007.DBF
DPMN,10DPMN,M,NS,00,9,83,849.16,986,888.90,886.68,4.456110,0.088680,1000.00,cifi0007.DBF
DPMN,10DPMN,M,NS,00,9,84,859.50,987,897.41,895.38,4.456110,0.088680,1000.00,cifi0007.DBF
DPMN,10DPMN,M,NS,00,9,85,869.94,988,905.86,903.86,4.456110,0.088680,1000.00,cifi0007.DBF
DPMN,10DPMN,M,NS,00,9,86,881.16,990,914.75,912.53,4.456110,0.088680,1000.00,cifi0007.DBF
DPMN,10DPMN,M,NS,00,9,87,894.22,991,924.86,922.03,4.456110,0.088680,1000.00,cifi0007.DBF
DPMN,10DPMN,M,NS,00,9,88,909.91,992,936.65,932.98,4.456110,0.088680,1000.00,cifi0007.DBF
DPMN,10DPMN,M,NS,00,9,89,930.11,994,951.37,946.24,4.456110,0.088680,1000.00,cifi0007.DBF
DPMN,10DPMN,M,NS,00,9,90,958.11,997,971.17,963.50,4.456110,0.088680,1000.00,cifi0007.DBF
DPMN,10DPMN,M,NS,00,9,91,1000.00,1000,1000.00,987.81,4.456110,0.088680,1000.00,cifi0007.DBF
DPMN,10DPMN,M,NS,00,10,1,0.00,0,0.00,0.04,0.088680,0.088680,1000.00,cifi0007.DBF
DPMN,10DPMN,M,NS,00,10,2,0.00,0,4.64,4.63,4.607570,0.088680,1000.00,cifi0007.DBF
DPMN,10DPMN,M,NS,00,10,3,0.00,0,9.41,9.33,4.607570,0.088680,1000.00,cifi0007.DBF
DPMN,10DPMN,M,NS,00,10,4,0.00,0,14.28,14.15,4.607570,0.088680,1000.00,cifi0007.DBF
DPMN,10DPMN,M,NS,00,10,5,2.56,30,19.22,19.05,4.607570,0.088680,1000.00,cifi0007.DBF
DPMN,10DPMN,M,NS,00,10,6,6.01,67,24.20,24.01,4.607570,0.088680,1000.00,cifi0007.DBF
DPMN,10DPMN,M,NS,00,10,7,9.45,102,29.18,28.99,4.607570,0.088680,1000.00,cifi0007.DBF
DPMN,10DPMN,M,NS,00,10,8,12.84,134,34.12,33.95,4.607570,0.088680,1000.00,cifi0007.DBF
DPMN,10DPMN,M,NS,00,10,9,16.23,164,39.08,38.90,4.607570,0.088680,1000.00,cifi0007.DBF
DPMN,10DPMN,M,NS,00,10,10,19.73,193,44.16,43.93,4.607570,0.088680,1000.00,cifi0007.DBF
DPMN,10DPMN,M,NS,00,10,11,23.35,221,49.38,49.07,4.607570,0.088680,1000.00,cifi0007.DBF
DPMN,10DPMN,M,NS,00,10,12,27.07,248,54.71,54.35,4.607570,0.088680,1000.00,cifi0007.DBF
DPMN,10DPMN,M,NS,00,10,13,30.99,275,60.25,59.78,4.607570,0.088680,1000.00,cifi0007.DBF
DPMN,10DPMN,M,NS,00,10,14,35.09,301,65.98,65.42,4.607570,0.088680,1000.00,cifi0007.DBF
DPMN,10DPMN,M,NS,00,10,15,39.37,327,71.91,71.25,4.607570,0.088680,1000.00,cifi0007.DBF
DPMN,10DPMN,M,NS,00,10,16,43.83,352,78.01,77.26,4.607570,0.088680,1000.00,cifi0007.DBF
DPMN,10DPMN,M,NS,00,10,17,48.59,377,84.43,83.53,4.607570,0.088680,1000.00,cifi0007.DBF
DPMN,10DPMN,M,NS,00,10,18,53.58,402,91.07,90.06,4.607570,0.088680,1000.00,cifi0007.DBF
DPMN,10DPMN,M,NS,00,10,19,58.82,425,97.97,96.83,4.607570,0.088680,1000.00,cifi0007.DBF
DPMN,10DPMN,M,NS,00,10,20,64.33,449,105.13,103.85,4.607570,0.088680,1000.00,cifi0007.DBF
DPMN,10DPMN,M,NS,00,10,21,70.09,472,112.53,111.14,4.607570,0.088680,1000.00,cifi0007.DBF
DPMN,10DPMN,M,NS,00,10,22,76.06,494,120.14,118.64,4.607570,0.088680,1000.00,cifi0007.DBF
DPMN,10DPMN,M,NS,00,10,23,82.25,515,127.97,126.36,4.607570,0.088680,1000.00,cifi0007.DBF
DPMN,10DPMN,M,NS,00,10,24,88.63,535,135.97,134.27,4.607570,0.088680,1000.00,cifi0007.DBF
DPMN,10DPMN,M,NS,00,10,25,95.16,555,144.11,142.34,4.607570,0.088680,1000.00,cifi0007.DBF
DPMN,10DPMN,M,NS,00,10,26,101.85,573,152.41,150.56,4.607570,0.088680,1000.00,cifi0007.DBF
DPMN,10DPMN,M,NS,00,10,27,108.69,591,160.83,158.92,4.607570,0.088680,1000.00,cifi0007.DBF
DPMN,10DPMN,M,NS,00,10,28,115.69,608,169.40,167.42,4.607570,0.088680,1000.00,cifi0007.DBF
DPMN,10DPMN,M,NS,00,10,29,122.87,624,178.14,176.07,4.607570,0.088680,1000.00,cifi0007.DBF
DPMN,10DPMN,M,NS,00,10,30,130.29,640,187.10,184.92,4.607570,0.088680,1000.00,cifi0007.DBF
DPMN,10DPMN,M,NS,00,10,31,137.96,655,196.28,193.99,4.607570,0.088680,1000.00,cifi0007.DBF
DPMN,10DPMN,M,NS,00,10,32,145.88,669,205.70,203.29,4.607570,0.088680,1000.00,cifi0007.DBF
DPMN,10DPMN,M,NS,00,10,33,154.05,683,215.33,212.82,4.607570,0.088680,1000.00,cifi0007.DBF
DPMN,10DPMN,M,NS,00,10,34,162.48,697,225.19,222.56,4.607570,0.088680,1000.00,cifi0007.DBF
DPMN,10DPMN,M,NS,00,10,35,171.19,710,235.29,232.55,4.607570,0.088680,1000.00,cifi0007.DBF
DPMN,10DPMN,M,NS,00,10,36,180.24,723,245.69,242.80,4.607570,0.088680,1000.00,cifi0007.DBF
DPMN,10DPMN,M,NS,00,10,37,189.59,735,256.36,253.33,4.607570,0.088680,1000.00,cifi0007.DBF
DPMN,10DPMN,M,NS,00,10,38,199.29,747,267.32,264.15,4.607570,0.088680,1000.00,cifi0007.DBF
DPMN,10DPMN,M,NS,00,10,39,209.34,758,278.58,275.26,4.607570,0.088680,1000.00,cifi0007.DBF
DPMN,10DPMN,M,NS,00,10,40,219.74,770,290.13,286.66,4.607570,0.088680,1000.00,cifi0007.DBF
DPMN,10DPMN,M,NS,00,10,41,230.49,780,301.98,298.36,4.607570,0.088680,1000.00,cifi0007.DBF
DPMN,10DPMN,M,NS,00,10,42,241.57,791,314.09,310.34,4.607570,0.088680,1000.00,cifi0007.DBF
DPMN,10DPMN,M,NS,00,10,43,252.96,801,326.44,322.57,4.607570,0.088680,1000.00,cifi0007.DBF
DPMN,10DPMN,M,NS,00,10,44,264.66,810,339.04,335.04,4.607570,0.088680,1000.00,cifi0007.DBF
DPMN,10DPMN,M,NS,00,10,45,276.66,819,351.87,347.76,4.607570,0.088680,1000.00,cifi0007.DBF
DPMN,10DPMN,M,NS,00,10,46,289.01,828,364.96,360.72,4.607570,0.088680,1000.00,cifi0007.DBF
DPMN,10DPMN,M,NS,00,10,47,301.72,837,378.34,373.96,4.607570,0.088680,1000.00,cifi0007.DBF
DPMN,10DPMN,M,NS,00,10,48,314.83,845,392.03,387.49,4.607570,0.088680,1000.00,cifi0007.DBF
DPMN,10DPMN,M,NS,00,10,49,328.36,853,406.03,401.33,4.607570,0.088680,1000.00,cifi0007.DBF
DPMN,10DPMN,M,NS,00,10,50,342.30,861,420.35,415.49,4.607570,0.088680,1000.00,cifi0007.DBF
DPMN,10DPMN,M,NS,00,10,51,356.64,868,434.95,429.95,4.607570,0.088680,1000.00,cifi0007.DBF
DPMN,10DPMN,M,NS,00,10,52,371.33,875,449.80,444.68,4.607570,0.088680,1000.00,cifi0007.DBF
DPMN,10DPMN,M,NS,00,10,53,386.32,882,464.86,459.64,4.607570,0.088680,1000.00,cifi0007.DBF
DPMN,10DPMN,M,NS,00,10,54,401.61,889,480.11,474.79,4.607570,0.088680,1000.00,cifi0007.DBF
DPMN,10DPMN,M,NS,00,10,55,417.19,895,495.53,490.12,4.607570,0.088680,1000.00,cifi0007.DBF
DPMN,10DPMN,M,NS,00,10,56,433.06,901,511.13,505.64,4.607570,0.088680,1000.00,cifi0007.DBF
DPMN,10DPMN,M,NS,00,10,57,449.23,907,526.91,521.33,4.607570,0.088680,1000.00,cifi0007.DBF
DPMN,10DPMN,M,NS,00,10,58,465.70,912,542.88,537.20,4.607570,0.088680,1000.00,cifi0007.DBF
DPMN,10DPMN,M,NS,00,10,59,482.47,917,559.02,553.25,4.607570,0.088680,1000.00,cifi0007.DBF
DPMN,10DPMN,M,NS,00,10,60,499.52,922,575.32,569.47,4.607570,0.088680,1000.00,cifi0007.DBF
DPMN,10DPMN,M,NS,00,10,61,516.81,927,591.73,585.83,4.607570,0.088680,1000.00,cifi0007.DBF
DPMN,10DPMN,M,NS,00,10,62,534.29,932,608.21,602.27,4.607570,0.088680,1000.00,cifi0007.DBF
DPMN,10DPMN,M,NS,00,10,63,551.87,936,624.68,618.75,4.607570,0.088680,1000.00,cifi0007.DBF
DPMN,10DPMN,M,NS,00,10,64,569.50,940,641.10,635.20,4.607570,0.088680,1000.00,cifi0007.DBF
DPMN,10DPMN,M,NS,00,10,65,587.13,944,657.42,651.56,4.607570,0.088680,1000.00,cifi0007.DBF
DPMN,10DPMN,M,NS,00,10,66,604.73,948,673.61,667.82,4.607570,0.088680,1000.00,cifi0007.DBF
DPMN,10DPMN,M,NS,00,10,67,622.29,952,689.68,683.95,4.607570,0.088680,1000.00,cifi0007.DBF
DPMN,10DPMN,M,NS,00,10,68,639.81,955,705.62,699.96,4.607570,0.088680,1000.00,cifi0007.DBF
DPMN,10DPMN,M,NS,00,10,69,657.29,958,721.42,715.82,4.607570,0.088680,1000.00,cifi0007.DBF
DPMN,10DPMN,M,NS,00,10,70,674.68,961,737.04,731.54,4.607570,0.088680,1000.00,cifi0007.DBF
DPMN,10DPMN,M,NS,00,10,71,691.90,964,752.44,747.04,4.607570,0.088680,1000.00,cifi0007.DBF
DPMN,10DPMN,M,NS,00,10,72,708.87,967,767.52,762.28,4.607570,0.088680,1000.00,cifi0007.DBF
DPMN,10DPMN,M,NS,00,10,73,725.57,970,782.28,777.20,4.607570,0.088680,1000.00,cifi0007.DBF
DPMN,10DPMN,M,NS,00,10,74,741.91,972,796.64,791.76,4.607570,0.088680,1000.00,cifi0007.DBF
DPMN,10DPMN,M,NS,00,10,75,757.80,974,810.53,805.89,4.607570,0.088680,1000.00,cifi0007.DBF
DPMN,10DPMN,M,NS,00,10,76,773.12,976,823.86,819.50,4.607570,0.088680,1000.00,cifi0007.DBF
DPMN,10DPMN,M,NS,00,10,77,787.77,978,836.53,832.50,4.607570,0.088680,1000.00,cifi0007.DBF
DPMN,10DPMN,M,NS,00,10,78,801.63,980,848.46,844.80,4.607570,0.088680,1000.00,cifi0007.DBF
DPMN,10DPMN,M,NS,00,10,79,814.61,982,859.57,856.32,4.607570,0.088680,1000.00,cifi0007.DBF
DPMN,10DPMN,M,NS,00,10,80,826.72,983,869.87,867.02,4.607570,0.088680,1000.00,cifi0007.DBF
DPMN,10DPMN,M,NS,00,10,81,838.02,984,879.41,876.94,4.607570,0.088680,1000.00,cifi0007.DBF
DPMN,10DPMN,M,NS,00,10,82,848.70,986,888.34,886.18,4.607570,0.088680,1000.00,cifi0007.DBF
DPMN,10DPMN,M,NS,00,10,83,859.07,987,896.90,894.92,4.607570,0.088680,1000.00,cifi0007.DBF
DPMN,10DPMN,M,NS,00,10,84,869.54,988,905.38,903.44,4.607570,0.088680,1000.00,cifi0007.DBF
DPMN,10DPMN,M,NS,00,10,85,880.80,989,914.31,912.15,4.607570,0.088680,1000.00,cifi0007.DBF
DPMN,10DPMN,M,NS,00,10,86,893.90,991,924.47,921.69,4.607570,0.088680,1000.00,cifi0007.DBF
DPMN,10DPMN,M,NS,00,10,87,909.63,992,936.32,932.70,4.607570,0.088680,1000.00,cifi0007.DBF
DPMN,10DPMN,M,NS,00,10,88,929.90,994,951.12,946.02,4.607570,0.088680,1000.00,cifi0007.DBF
DPMN,10DPMN,M,NS,00,10,89,957.99,997,971.02,963.37,4.607570,0.088680,1000.00,cifi0007.DBF
DPMN,10DPMN,M,NS,00,10,90,1000.00,1000,1000.00,987.81,4.607570,0.088680,1000.00,cifi0007.DBF
DPMN,10DPMN,M,NS,00,11,1,0.00,0,0.00,0.05,0.098540,0.098540,1000.00,cifi0007.DBF
DPMN,10DPMN,M,NS,00,11,2,0.00,0,4.79,4.78,4.764670,0.098540,1000.00,cifi0007.DBF
DPMN,10DPMN,M,NS,00,11,3,0.00,0,9.68,9.61,4.764670,0.098540,1000.00,cifi0007.DBF
DPMN,10DPMN,M,NS,00,11,4,0.00,0,14.64,14.54,4.764670,0.098540,1000.00,cifi0007.DBF
DPMN,10DPMN,M,NS,00,11,5,2.85,32,19.64,19.53,4.764670,0.098540,1000.00,cifi0007.DBF
DPMN,10DPMN,M,NS,00,11,6,6.30,68,24.64,24.53,4.764670,0.098540,1000.00,cifi0007.DBF
DPMN,10DPMN,M,NS,00,11,7,9.71,101,29.61,29.51,4.764670,0.098540,1000.00,cifi0007.DBF
DPMN,10DPMN,M,NS,00,11,8,13.11,132,34.59,34.49,4.764670,0.098540,1000.00,cifi0007.DBF
DPMN,10DPMN,M,NS,00,11,9,16.62,162,39.70,39.53,4.764670,0.098540,1000.00,cifi0007.DBF
DPMN,10DPMN,M,NS,00,11,10,20.25,192,44.94,44.70,4.764670,0.098540,1000.00,cifi0007.DBF
DPMN,10DPMN,M,NS,00,11,11,23.98,220,50.30,50.00,4.764670,0.098540,1000.00,cifi0007.DBF
DPMN,10DPMN,M,NS,00,11,12,27.91,248,55.86,55.46,4.764670,0.098540,1000.00,cifi0007.DBF
DPMN,10DPMN,M,NS,00,11,13,32.03,275,61.62,61.12,4.764670,0.098540,1000.00,cifi0007.DBF
DPMN,10DPMN,M,NS,00,11,14,36.32,302,67.57,66.98,4.764670,0.098540,1000.00,cifi0007.DBF
DPMN,10DPMN,M,NS,00,11,15,40.79,328,73.71,73.02,4.764670,0.098540,1000.00,cifi0007.DBF
DPMN,10DPMN,M,NS,00,11,16,45.57,354,80.15,79.31,4.764670,0.098540,1000.00,cifi0007.DBF
DPMN,10DPMN,M,NS,00,11,17,50.57,379,86.82,85.87,4.764670,0.098540,1000.00,cifi0007.DBF
DPMN,10DPMN,M,NS,00,11,18,55.83,404,93.76,92.67,4.764670,0.098540,1000.00,cifi0007.DBF
DPMN,10DPMN,M,NS,00,11,19,61.36,428,100.95,99.73,4.764670,0.098540,1000.00,cifi0007.DBF
DPMN,10DPMN,M,NS,00,11,20,67.13,452,108.38,107.05,4.764670,0.098540,1000.00,cifi0007.DBF
DPMN,10DPMN,M,NS,00,11,21,73.12,475,116.03,114.59,4.764670,0.098540,1000.00,cifi0007.DBF
DPMN,10DPMN,M,NS,00,11,22,79.34,497,123.89,122.34,4.764670,0.098540,1000.00,cifi0007.DBF
DPMN,10DPMN,M,NS,00,11,23,85.73,518,131.93,130.29,4.764670,0.098540,1000.00,cifi0007.DBF
DPMN,10DPMN,M,NS,00,11,24,92.29,538,140.11,138.40,4.764670,0.098540,1000.00,cifi0007.DBF
DPMN,10DPMN,M,NS,00,11,25,99.00,557,148.44,146.66,4.764670,0.098540,1000.00,cifi0007.DBF
DPMN,10DPMN,M,NS,00,11,26,105.86,576,156.90,155.05,4.764670,0.098540,1000.00,cifi0007.DBF
DPMN,10DPMN,M,NS,00,11,27,112.88,593,165.51,163.59,4.764670,0.098540,1000.00,cifi0007.DBF
DPMN,10DPMN,M,NS,00,11,28,120.08,610,174.29,172.29,4.764670,0.098540,1000.00,cifi0007.DBF
DPMN,10DPMN,M,NS,00,11,29,127.52,626,183.29,181.17,4.764670,0.098540,1000.00,cifi0007.DBF
DPMN,10DPMN,M,NS,00,11,30,135.22,642,192.52,190.29,4.764670,0.098540,1000.00,cifi0007.DBF
DPMN,10DPMN,M,NS,00,11,31,143.17,657,201.98,199.63,4.764670,0.098540,1000.00,cifi0007.DBF
DPMN,10DPMN,M,NS,00,11,32,151.36,671,211.65,209.20,4.764670,0.098540,1000.00,cifi0007.DBF
DPMN,10DPMN,M,NS,00,11,33,159.82,686,221.56,218.99,4.764670,0.098540,1000.00,cifi0007.DBF
DPMN,10DPMN,M,NS,00,11,34,168.56,699,231.71,229.02,4.764670,0.098540,1000.00,cifi0007.DBF
DPMN,10DPMN,M,NS,00,11,35,177.63,712,242.16,239.32,4.764670,0.098540,1000.00,cifi0007.DBF
DPMN,10DPMN,M,NS,00,11,36,187.02,725,252.87,249.90,4.764670,0.098540,1000.00,cifi0007.DBF
DPMN,10DPMN,M,NS,00,11,37,196.75,737,263.89,260.76,4.764670,0.098540,1000.00,cifi0007.DBF
DPMN,10DPMN,M,NS,00,11,38,206.83,749,275.19,271.92,4.764670,0.098540,1000.00,cifi0007.DBF
DPMN,10DPMN,M,NS,00,11,39,217.26,761,286.80,283.38,4.764670,0.098540,1000.00,cifi0007.DBF
DPMN,10DPMN,M,NS,00,11,40,228.04,772,298.70,295.13,4.764670,0.098540,1000.00,cifi0007.DBF
DPMN,10DPMN,M,NS,00,11,41,239.16,783,310.86,307.16,4.764670,0.098540,1000.00,cifi0007.DBF
DPMN,10DPMN,M,NS,00,11,42,250.59,793,323.28,319.45,4.764670,0.098540,1000.00,cifi0007.DBF
DPMN,10DPMN,M,NS,00,11,43,262.32,803,335.93,331.99,4.764670,0.098540,1000.00,cifi0007.DBF
DPMN,10DPMN,M,NS,00,11,44,274.37,813,348.82,344.76,4.764670,0.098540,1000.00,cifi0007.DBF
DPMN,10DPMN,M,NS,00,11,45,286.75,822,361.98,357.78,4.764670,0.098540,1000.00,cifi0007.DBF
DPMN,10DPMN,M,NS,00,11,46,299.50,831,375.41,371.08,4.764670,0.098540,1000.00,cifi0007.DBF
DPMN,10DPMN,M,NS,00,11,47,312.66,839,389.16,384.67,4.764670,0.098540,1000.00,cifi0007.DBF
DPMN,10DPMN,M,NS,00,11,48,326.23,848,403.23,398.58,4.764670,0.098540,1000.00,cifi0007.DBF
DPMN,10DPMN,M,NS,00,11,49,340.21,855,417.61,412.80,4.764670,0.098540,1000.00,cifi0007.DBF
DPMN,10DPMN,M,NS,00,11,50,354.60,863,432.29,427.33,4.764670,0.098540,1000.00,cifi0007.DBF
DPMN,10DPMN,M,NS,00,11,51,369.33,871,447.21,442.13,4.764670,0.098540,1000.00,cifi0007.DBF
DPMN,10DPMN,M,NS,00,11,52,384.37,878,462.33,457.15,4.764670,0.098540,1000.00,cifi0007.DBF
DPMN,10DPMN,M,NS,00,11,53,399.71,884,477.65,472.37,4.764670,0.098540,1000.00,cifi0007.DBF
DPMN,10DPMN,M,NS,00,11,54,415.34,891,493.14,487.78,4.764670,0.098540,1000.00,cifi0007.DBF
DPMN,10DPMN,M,NS,00,11,55,431.26,897,508.82,503.36,4.764670,0.098540,1000.00,cifi0007.DBF
DPMN,10DPMN,M,NS,00,11,56,447.48,903,524.67,519.13,4.764670,0.098540,1000.00,cifi0007.DBF
DPMN,10DPMN,M,NS,00,11,57,464.00,909,540.71,535.07,4.764670,0.098540,1000.00,cifi0007.DBF
DPMN,10DPMN,M,NS,00,11,58,480.82,914,556.92,551.20,4.764670,0.098540,1000.00,cifi0007.DBF
DPMN,10DPMN,M,NS,00,11,59,497.93,919,573.30,567.49,4.764670,0.098540,1000.00,cifi0007.DBF
DPMN,10DPMN,M,NS,00,11,60,515.28,924,589.79,583.92,4.764670,0.098540,1000.00,cifi0007.DBF
DPMN,10DPMN,M,NS,00,11,61,532.81,929,606.34,600.45,4.764670,0.098540,1000.00,cifi0007.DBF
DPMN,10DPMN,M,NS,00,11,62,550.45,934,622.89,617.00,4.764670,0.098540,1000.00,cifi0007.DBF
DPMN,10DPMN,M,NS,00,11,63,568.13,938,639.38,633.52,4.764670,0.098540,1000.00,cifi0007.DBF
DPMN,10DPMN,M,NS,00,11,64,585.82,942,655.78,649.96,4.764670,0.098540,1000.00,cifi0007.DBF
DPMN,10DPMN,M,NS,00,11,65,603.47,946,672.05,666.29,4.764670,0.098540,1000.00,cifi0007.DBF
DPMN,10DPMN,M,NS,00,11,66,621.09,950,688.19,682.50,4.764670,0.098540,1000.00,cifi0007.DBF
DPMN,10DPMN,M,NS,00,11,67,638.67,953,704.20,698.58,4.764670,0.098540,1000.00,cifi0007.DBF
DPMN,10DPMN,M,NS,00,11,68,656.20,957,720.07,714.52,4.764670,0.098540,1000.00,cifi0007.DBF
DPMN,10DPMN,M,NS,00,11,69,673.64,960,735.77,730.30,4.764670,0.098540,1000.00,cifi0007.DBF
DPMN,10DPMN,M,NS,00,11,70,690.92,963,751.23,745.88,4.764670,0.098540,1000.00,cifi0007.DBF
DPMN,10DPMN,M,NS,00,11,71,707.95,966,766.38,761.19,4.764670,0.098540,1000.00,cifi0007.DBF
DPMN,10DPMN,M,NS,00,11,72,724.70,968,781.21,776.18,4.764670,0.098540,1000.00,cifi0007.DBF
DPMN,10DPMN,M,NS,00,11,73,741.09,971,795.64,790.81,4.764670,0.098540,1000.00,cifi0007.DBF
DPMN,10DPMN,M,NS,00,11,74,757.03,973,809.59,805.00,4.764670,0.098540,1000.00,cifi0007.DBF
DPMN,10DPMN,M,NS,00,11,75,772.40,975,822.98,818.67,4.764670,0.098540,1000.00,cifi0007.DBF
DPMN,10DPMN,M,NS,00,11,76,787.10,977,835.72,831.73,4.764670,0.098540,1000.00,cifi0007.DBF
DPMN,10DPMN,M,NS,00,11,77,801.00,979,847.70,844.09,4.764670,0.098540,1000.00,cifi0007.DBF
DPMN,10DPMN,M,NS,00,11,78,814.02,981,858.86,855.66,4.764670,0.098540,1000.00,cifi0007.DBF
DPMN,10DPMN,M,NS,00,11,79,826.16,982,869.20,866.41,4.764670,0.098540,1000.00,cifi0007.DBF
DPMN,10DPMN,M,NS,00,11,80,837.50,984,878.79,876.38,4.764670,0.098540,1000.00,cifi0007.DBF
DPMN,10DPMN,M,NS,00,11,81,848.22,985,887.76,885.66,4.764670,0.098540,1000.00,cifi0007.DBF
DPMN,10DPMN,M,NS,00,11,82,858.63,986,896.36,894.44,4.764670,0.098540,1000.00,cifi0007.DBF
DPMN,10DPMN,M,NS,00,11,83,869.13,988,904.89,903.00,4.764670,0.098540,1000.00,cifi0007.DBF
DPMN,10DPMN,M,NS,00,11,84,880.42,989,913.86,911.75,4.764670,0.098540,1000.00,cifi0007.DBF
DPMN,10DPMN,M,NS,00,11,85,893.56,990,924.07,921.35,4.764670,0.098540,1000.00,cifi0007.DBF
DPMN,10DPMN,M,NS,00,11,86,909.35,992,935.98,932.41,4.764670,0.098540,1000.00,cifi0007.DBF
DPMN,10DPMN,M,NS,00,11,87,929.67,994,950.86,945.80,4.764670,0.098540,1000.00,cifi0007.DBF
DPMN,10DPMN,M,NS,00,11,88,957.85,997,970.86,963.24,4.764670,0.098540,1000.00,cifi0007.DBF
DPMN,10DPMN,M,NS,00,11,89,1000.00,1000,1000.00,987.81,4.764670,0.098540,1000.00,cifi0007.DBF
DPMN,10DPMN,M,NS,00,12,1,0.00,0,0.00,0.06,0.118240,0.118240,1000.00,cifi0007.DBF
DPMN,10DPMN,M,NS,00,12,2,0.00,0,4.91,4.92,4.927320,0.118240,1000.00,cifi0007.DBF
DPMN,10DPMN,M,NS,00,12,3,0.00,0,9.90,9.87,4.927320,0.118240,1000.00,cifi0007.DBF
DPMN,10DPMN,M,NS,00,12,4,0.00,0,14.93,14.88,4.927320,0.118240,1000.00,cifi0007.DBF
DPMN,10DPMN,M,NS,00,12,5,3.02,33,19.95,19.90,4.927320,0.118240,1000.00,cifi0007.DBF
DPMN,10DPMN,M,NS,00,12,6,6.43,67,24.94,24.91,4.927320,0.118240,1000.00,cifi0007.DBF
DPMN,10DPMN,M,NS,00,12,7,9.85,100,29.95,29.91,4.927320,0.118240,1000.00,cifi0007.DBF
DPMN,10DPMN,M,NS,00,12,8,13.37,131,35.08,34.98,4.927320,0.118240,1000.00,cifi0007.DBF
DPMN,10DPMN,M,NS,00,12,9,17.01,161,40.34,40.17,4.927320,0.118240,1000.00,cifi0007.DBF
DPMN,10DPMN,M,NS,00,12,10,20.76,190,45.72,45.50,4.927320,0.118240,1000.00,cifi0007.DBF
DPMN,10DPMN,M,NS,00,12,11,24.70,219,51.31,50.98,4.927320,0.118240,1000.00,cifi0007.DBF
DPMN,10DPMN,M,NS,00,12,12,28.83,248,57.10,56.67,4.927320,0.118240,1000.00,cifi0007.DBF
DPMN,10DPMN,M,NS,00,12,13,33.14,275,63.08,62.56,4.927320,0.118240,1000.00,cifi0007.DBF
DPMN,10DPMN,M,NS,00,12,14,37.62,302,69.25,68.63,4.927320,0.118240,1000.00,cifi0007.DBF
DPMN,10DPMN,M,NS,00,12,15,42.42,329,75.72,74.95,4.927320,0.118240,1000.00,cifi0007.DBF
DPMN,10DPMN,M,NS,00,12,16,47.44,356,82.43,81.54,4.927320,0.118240,1000.00,cifi0007.DBF
DPMN,10DPMN,M,NS,00,12,17,52.71,381,89.39,88.37,4.927320,0.118240,1000.00,cifi0007.DBF
DPMN,10DPMN,M,NS,00,12,18,58.25,407,96.62,95.47,4.927320,0.118240,1000.00,cifi0007.DBF
DPMN,10DPMN,M,NS,00,12,19,64.05,431,104.09,102.82,4.927320,0.118240,1000.00,cifi0007.DBF
DPMN,10DPMN,M,NS,00,12,20,70.06,455,111.77,110.39,4.927320,0.118240,1000.00,cifi0007.DBF
DPMN,10DPMN,M,NS,00,12,21,76.29,478,119.67,118.19,4.927320,0.118240,1000.00,cifi0007.DBF
DPMN,10DPMN,M,NS,00,12,22,82.71,500,127.74,126.17,4.927320,0.118240,1000.00,cifi0007.DBF
DPMN,10DPMN,M,NS,00,12,23,89.29,521,135.96,134.32,4.927320,0.118240,1000.00,cifi0007.DBF
DPMN,10DPMN,M,NS,00,12,24,96.02,541,144.34,142.61,4.927320,0.118240,1000.00,cifi0007.DBF
DPMN,10DPMN,M,NS,00,12,25,102.90,560,152.84,151.05,4.927320,0.118240,1000.00,cifi0007.DBF
DPMN,10DPMN,M,NS,00,12,26,109.94,578,161.49,159.63,4.927320,0.118240,1000.00,cifi0007.DBF
DPMN,10DPMN,M,NS,00,12,27,117.17,595,170.31,168.36,4.927320,0.118240,1000.00,cifi0007.DBF
DPMN,10DPMN,M,NS,00,12,28,124.64,612,179.35,177.29,4.927320,0.118240,1000.00,cifi0007.DBF
DPMN,10DPMN,M,NS,00,12,29,132.36,628,188.62,186.45,4.927320,0.118240,1000.00,cifi0007.DBF
DPMN,10DPMN,M,NS,00,12,30,140.34,644,198.12,195.84,4.927320,0.118240,1000.00,cifi0007.DBF
DPMN,10DPMN,M,NS,00,12,31,148.56,659,207.84,205.45,4.927320,0.118240,1000.00,cifi0007.DBF
DPMN,10DPMN,M,NS,00,12,32,157.04,674,217.80,215.29,4.927320,0.118240,1000.00,cifi0007.DBF
DPMN,10DPMN,M,NS,00,12,33,165.81,688,228.00,225.36,4.927320,0.118240,1000.00,cifi0007.DBF
DPMN,10DPMN,M,NS,00,12,34,174.91,701,238.49,235.71,4.927320,0.118240,1000.00,cifi0007.DBF
DPMN,10DPMN,M,NS,00,12,35,184.33,715,249.26,246.34,4.927320,0.118240,1000.00,cifi0007.DBF
DPMN,10DPMN,M,NS,00,12,36,194.09,727,260.33,257.26,4.927320,0.118240,1000.00,cifi0007.DBF
DPMN,10DPMN,M,NS,00,12,37,204.20,740,271.69,268.47,4.927320,0.118240,1000.00,cifi0007.DBF
DPMN,10DPMN,M,NS,00,12,38,214.67,752,283.35,279.98,4.927320,0.118240,1000.00,cifi0007.DBF
DPMN,10DPMN,M,NS,00,12,39,225.49,763,295.31,291.79,4.927320,0.118240,1000.00,cifi0007.DBF
DPMN,10DPMN,M,NS,00,12,40,236.64,775,307.53,303.88,4.927320,0.118240,1000.00,cifi0007.DBF
DPMN,10DPMN,M,NS,00,12,41,248.11,785,320.00,316.23,4.927320,0.118240,1000.00,cifi0007.DBF
DPMN,10DPMN,M,NS,00,12,42,259.88,796,332.71,328.82,4.927320,0.118240,1000.00,cifi0007.DBF
DPMN,10DPMN,M,NS,00,12,43,271.97,806,345.67,341.65,4.927320,0.118240,1000.00,cifi0007.DBF
DPMN,10DPMN,M,NS,00,12,44,284.39,815,358.88,354.74,4.927320,0.118240,1000.00,cifi0007.DBF
DPMN,10DPMN,M,NS,00,12,45,297.19,824,372.38,368.10,4.927320,0.118240,1000.00,cifi0007.DBF
DPMN,10DPMN,M,NS,00,12,46,310.39,833,386.20,381.75,4.927320,0.118240,1000.00,cifi0007.DBF
DPMN,10DPMN,M,NS,00,12,47,324.00,842,400.33,395.73,4.927320,0.118240,1000.00,cifi0007.DBF
DPMN,10DPMN,M,NS,00,12,48,338.03,850,414.78,410.02,4.927320,0.118240,1000.00,cifi0007.DBF
DPMN,10DPMN,M,NS,00,12,49,352.46,858,429.53,424.62,4.927320,0.118240,1000.00,cifi0007.DBF
DPMN,10DPMN,M,NS,00,12,50,367.24,866,444.52,439.49,4.927320,0.118240,1000.00,cifi0007.DBF
DPMN,10DPMN,M,NS,00,12,51,382.34,873,459.71,454.58,4.927320,0.118240,1000.00,cifi0007.DBF
DPMN,10DPMN,M,NS,00,12,52,397.73,880,475.10,469.87,4.927320,0.118240,1000.00,cifi0007.DBF
DPMN,10DPMN,M,NS,00,12,53,413.41,887,490.67,485.35,4.927320,0.118240,1000.00,cifi0007.DBF
DPMN,10DPMN,M,NS,00,12,54,429.38,893,506.42,501.01,4.927320,0.118240,1000.00,cifi0007.DBF
DPMN,10DPMN,M,NS,00,12,55,445.65,899,522.35,516.85,4.927320,0.118240,1000.00,cifi0007.DBF
DPMN,10DPMN,M,NS,00,12,56,462.23,905,538.46,532.87,4.927320,0.118240,1000.00,cifi0007.DBF
DPMN,10DPMN,M,NS,00,12,57,479.11,911,554.75,549.07,4.927320,0.118240,1000.00,cifi0007.DBF
DPMN,10DPMN,M,NS,00,12,58,496.27,916,571.20,565.44,4.927320,0.118240,1000.00,cifi0007.DBF
DPMN,10DPMN,M,NS,00,12,59,513.68,922,587.77,581.95,4.927320,0.118240,1000.00,cifi0007.DBF
DPMN,10DPMN,M,NS,00,12,60,531.27,927,604.41,598.55,4.927320,0.118240,1000.00,cifi0007.DBF
DPMN,10DPMN,M,NS,00,12,61,548.96,931,621.03,615.18,4.927320,0.118240,1000.00,cifi0007.DBF
DPMN,10DPMN,M,NS,00,12,62,566.71,936,637.61,631.78,4.927320,0.118240,1000.00,cifi0007.DBF
DPMN,10DPMN,M,NS,00,12,63,584.45,940,654.08,648.30,4.927320,0.118240,1000.00,cifi0007.DBF
DPMN,10DPMN,M,NS,00,12,64,602.16,944,670.42,664.71,4.927320,0.118240,1000.00,cifi0007.DBF
DPMN,10DPMN,M,NS,00,12,65,619.84,948,686.64,681.00,4.927320,0.118240,1000.00,cifi0007.DBF
DPMN,10DPMN,M,NS,00,12,66,637.48,952,702.73,697.15,4.927320,0.118240,1000.00,cifi0007.DBF
DPMN,10DPMN,M,NS,00,12,67,655.07,955,718.68,713.17,4.927320,0.118240,1000.00,cifi0007.DBF
DPMN,10DPMN,M,NS,00,12,68,672.56,958,734.45,729.03,4.927320,0.118240,1000.00,cifi0007.DBF
DPMN,10DPMN,M,NS,00,12,69,689.90,961,749.98,744.68,4.927320,0.118240,1000.00,cifi0007.DBF
DPMN,10DPMN,M,NS,00,12,70,706.98,964,765.21,760.06,4.927320,0.118240,1000.00,cifi0007.DBF
DPMN,10DPMN,M,NS,00,12,71,723.79,967,780.10,775.12,4.927320,0.118240,1000.00,cifi0007.DBF
DPMN,10DPMN,M,NS,00,12,72,740.23,970,794.60,789.81,4.927320,0.118240,1000.00,cifi0007.DBF
DPMN,10DPMN,M,NS,00,12,73,756.22,972,808.62,804.07,4.927320,0.118240,1000.00,cifi0007.DBF
DPMN,10DPMN,M,NS,00,12,74,771.65,974,822.07,817.81,4.927320,0.118240,1000.00,cifi0007.DBF
DPMN,10DPMN,M,NS,00,12,75,786.40,977,834.87,830.93,4.927320,0.118240,1000.00,cifi0007.DBF
DPMN,10DPMN,M,NS,00,12,76,800.34,978,846.91,843.35,4.927320,0.118240,1000.00,cifi0007.DBF
DPMN,10DPMN,M,NS,00,12,77,813.40,980,858.12,854.98,4.927320,0.118240,1000.00,cifi0007.DBF
DPMN,10DPMN,M,NS,00,12,78,825.59,982,868.52,865.78,4.927320,0.118240,1000.00,cifi0007.DBF
DPMN,10DPMN,M,NS,00,12,79,836.97,983,878.15,875.80,4.927320,0.118240,1000.00,cifi0007.DBF
DPMN,10DPMN,M,NS,00,12,80,847.72,985,887.17,885.12,4.927320,0.118240,1000.00,cifi0007.DBF
DPMN,10DPMN,M,NS,00,12,81,858.16,986,895.80,893.95,4.927320,0.118240,1000.00,cifi0007.DBF
DPMN,10DPMN,M,NS,00,12,82,868.70,987,904.37,902.55,4.927320,0.118240,1000.00,cifi0007.DBF
DPMN,10DPMN,M,NS,00,12,83,880.02,988,913.39,911.35,4.927320,0.118240,1000.00,cifi0007.DBF
DPMN,10DPMN,M,NS,00,12,84,893.21,990,923.65,920.99,4.927320,0.118240,1000.00,cifi0007.DBF
DPMN,10DPMN,M,NS,00,12,85,909.05,992,935.63,932.10,4.927320,0.118240,1000.00,cifi0007.DBF
DPMN,10DPMN,M,NS,00,12,86,929.44,994,950.58,945.57,4.927320,0.118240,1000.00,cifi0007.DBF
DPMN,10DPMN,M,NS,00,12,87,957.71,997,970.70,963.11,4.927320,0.118240,1000.00,cifi0007.DBF
DPMN,10DPMN,M,NS,00,12,88,1000.00,1000,1000.00,987.81,4.927320,0.118240,1000.00,cifi0007.DBF
DPMN,10DPMN,M,NS,00,13,1,0.00,0,0.00,0.08,0.157660,0.157660,1000.00,cifi0007.DBF
DPMN,10DPMN,M,NS,00,13,2,0.00,0,5.02,5.06,5.095100,0.157660,1000.00,cifi0007.DBF
DPMN,10DPMN,M,NS,00,13,3,0.00,0,10.06,10.09,5.095100,0.157660,1000.00,cifi0007.DBF
DPMN,10DPMN,M,NS,00,13,4,0.00,0,15.11,15.13,5.095100,0.157660,1000.00,cifi0007.DBF
DPMN,10DPMN,M,NS,00,13,5,3.03,32,20.13,20.17,5.095100,0.157660,1000.00,cifi0007.DBF
DPMN,10DPMN,M,NS,00,13,6,6.45,65,25.16,25.19,5.095100,0.157660,1000.00,cifi0007.DBF
DPMN,10DPMN,M,NS,00,13,7,9.99,98,30.31,30.28,5.095100,0.157660,1000.00,cifi0007.DBF
DPMN,10DPMN,M,NS,00,13,8,13.64,129,35.60,35.50,5.095100,0.157660,1000.00,cifi0007.DBF
DPMN,10DPMN,M,NS,00,13,9,17.40,160,41.01,40.85,5.095100,0.157660,1000.00,cifi0007.DBF
DPMN,10DPMN,M,NS,00,13,10,21.35,190,46.63,46.37,5.095100,0.157660,1000.00,cifi0007.DBF
DPMN,10DPMN,M,NS,00,13,11,25.50,219,52.44,52.08,5.095100,0.157660,1000.00,cifi0007.DBF
DPMN,10DPMN,M,NS,00,13,12,29.82,248,58.45,58.00,5.095100,0.157660,1000.00,cifi0007.DBF
DPMN,10DPMN,M,NS,00,13,13,34.32,276,64.65,64.10,5.095100,0.157660,1000.00,cifi0007.DBF
DPMN,10DPMN,M,NS,00,13,14,39.13,304,71.15,70.45,5.095100,0.157660,1000.00,cifi0007.DBF
DPMN,10DPMN,M,NS,00,13,15,44.17,331,77.89,77.07,5.095100,0.157660,1000.00,cifi0007.DBF
DPMN,10DPMN,M,NS,00,13,16,49.47,358,84.89,83.94,5.095100,0.157660,1000.00,cifi0007.DBF
DPMN,10DPMN,M,NS,00,13,17,55.03,384,92.15,91.07,5.095100,0.157660,1000.00,cifi0007.DBF
DPMN,10DPMN,M,NS,00,13,18,60.84,410,99.66,98.45,5.095100,0.157660,1000.00,cifi0007.DBF
DPMN,10DPMN,M,NS,00,13,19,66.87,434,107.38,106.07,5.095100,0.157660,1000.00,cifi0007.DBF
DPMN,10DPMN,M,NS,00,13,20,73.13,458,115.32,113.90,5.095100,0.157660,1000.00,cifi0007.DBF
DPMN,10DPMN,M,NS,00,13,21,79.57,481,123.43,121.92,5.095100,0.157660,1000.00,cifi0007.DBF
DPMN,10DPMN,M,NS,00,13,22,86.16,502,131.69,130.11,5.095100,0.157660,1000.00,cifi0007.DBF
DPMN,10DPMN,M,NS,00,13,23,92.92,523,140.10,138.44,5.095100,0.157660,1000.00,cifi0007.DBF
DPMN,10DPMN,M,NS,00,13,24,99.82,543,148.64,146.92,5.095100,0.157660,1000.00,cifi0007.DBF
DPMN,10DPMN,M,NS,00,13,25,106.89,562,157.34,155.54,5.095100,0.157660,1000.00,cifi0007.DBF
DPMN,10DPMN,M,NS,00,13,26,114.15,580,166.20,164.32,5.095100,0.157660,1000.00,cifi0007.DBF
DPMN,10DPMN,M,NS,00,13,27,121.64,597,175.29,173.29,5.095100,0.157660,1000.00,cifi0007.DBF
DPMN,10DPMN,M,NS,00,13,28,129.39,614,184.60,182.49,5.095100,0.157660,1000.00,cifi0007.DBF
DPMN,10DPMN,M,NS,00,13,29,137.39,630,194.15,191.93,5.095100,0.157660,1000.00,cifi0007.DBF
DPMN,10DPMN,M,NS,00,13,30,145.64,646,203.92,201.58,5.095100,0.157660,1000.00,cifi0007.DBF
DPMN,10DPMN,M,NS,00,13,31,154.16,661,213.92,211.47,5.095100,0.157660,1000.00,cifi0007.DBF
DPMN,10DPMN,M,NS,00,13,32,162.95,676,224.17,221.59,5.095100,0.157660,1000.00,cifi0007.DBF
DPMN,10DPMN,M,NS,00,13,33,172.08,690,234.72,231.99,5.095100,0.157660,1000.00,cifi0007.DBF
DPMN,10DPMN,M,NS,00,13,34,181.53,704,245.54,242.67,5.095100,0.157660,1000.00,cifi0007.DBF
DPMN,10DPMN,M,NS,00,13,35,191.33,717,256.66,253.64,5.095100,0.157660,1000.00,cifi0007.DBF
DPMN,10DPMN,M,NS,00,13,36,201.48,730,268.07,264.91,5.095100,0.157660,1000.00,cifi0007.DBF
DPMN,10DPMN,M,NS,00,13,37,211.98,742,279.79,276.48,5.095100,0.157660,1000.00,cifi0007.DBF
DPMN,10DPMN,M,NS,00,13,38,222.84,754,291.81,288.35,5.095100,0.157660,1000.00,cifi0007.DBF
DPMN,10DPMN,M,NS,00,13,39,234.03,766,304.09,300.49,5.095100,0.157660,1000.00,cifi0007.DBF
DPMN,10DPMN,M,NS,00,13,40,245.53,777,316.62,312.90,5.095100,0.157660,1000.00,cifi0007.DBF
DPMN,10DPMN,M,NS,00,13,41,257.34,788,329.39,325.56,5.095100,0.157660,1000.00,cifi0007.DBF
DPMN,10DPMN,M,NS,00,13,42,269.47,798,342.41,338.45,5.095100,0.157660,1000.00,cifi0007.DBF
DPMN,10DPMN,M,NS,00,13,43,281.94,808,355.69,351.60,5.095100,0.157660,1000.00,cifi0007.DBF
DPMN,10DPMN,M,NS,00,13,44,294.78,818,369.26,365.02,5.095100,0.157660,1000.00,cifi0007.DBF
DPMN,10DPMN,M,NS,00,13,45,308.02,827,383.14,378.75,5.095100,0.157660,1000.00,cifi0007.DBF
DPMN,10DPMN,M,NS,00,13,46,321.68,836,397.34,392.79,5.095100,0.157660,1000.00,cifi0007.DBF
DPMN,10DPMN,M,NS,00,13,47,335.76,844,411.86,407.15,5.095100,0.157660,1000.00,cifi0007.DBF
DPMN,10DPMN,M,NS,00,13,48,350.24,853,426.68,421.82,5.095100,0.157660,1000.00,cifi0007.DBF
DPMN,10DPMN,M,NS,00,13,49,365.07,861,441.74,436.76,5.095100,0.157660,1000.00,cifi0007.DBF
DPMN,10DPMN,M,NS,00,13,50,380.22,868,457.01,451.92,5.095100,0.157660,1000.00,cifi0007.DBF
DPMN,10DPMN,M,NS,00,13,51,395.66,875,472.48,467.29,5.095100,0.157660,1000.00,cifi0007.DBF
DPMN,10DPMN,M,NS,00,13,52,411.40,882,488.12,482.85,5.095100,0.157660,1000.00,cifi0007.DBF
DPMN,10DPMN,M,NS,00,13,53,427.43,889,503.95,498.58,5.095100,0.157660,1000.00,cifi0007.DBF
DPMN,10DPMN,M,NS,00,13,54,443.75,896,519.95,514.50,5.095100,0.157660,1000.00,cifi0007.DBF
DPMN,10DPMN,M,NS,00,13,55,460.39,902,536.14,530.60,5.095100,0.157660,1000.00,cifi0007.DBF
DPMN,10DPMN,M,NS,00,13,56,477.32,908,552.52,546.88,5.095100,0.157660,1000.00,cifi0007.DBF
DPMN,10DPMN,M,NS,00,13,57,494.55,913,569.05,563.33,5.095100,0.157660,1000.00,cifi0007.DBF
DPMN,10DPMN,M,NS,00,13,58,512.01,919,585.70,579.92,5.095100,0.157660,1000.00,cifi0007.DBF
DPMN,10DPMN,M,NS,00,13,59,529.66,924,602.41,596.60,5.095100,0.157660,1000.00,cifi0007.DBF
DPMN,10DPMN,M,NS,00,13,60,547.42,929,619.12,613.31,5.095100,0.157660,1000.00,cifi0007.DBF
DPMN,10DPMN,M,NS,00,13,61,565.22,933,635.77,629.99,5.095100,0.157660,1000.00,cifi0007.DBF
DPMN,10DPMN,M,NS,00,13,62,583.02,938,652.32,646.59,5.095100,0.157660,1000.00,cifi0007.DBF
DPMN,10DPMN,M,NS,00,13,63,600.79,942,668.75,663.08,5.095100,0.157660,1000.00,cifi0007.DBF
DPMN,10DPMN,M,NS,00,13,64,618.53,946,685.05,679.44,5.095100,0.157660,1000.00,cifi0007.DBF
DPMN,10DPMN,M,NS,00,13,65,636.23,950,701.21,695.68,5.095100,0.157660,1000.00,cifi0007.DBF
DPMN,10DPMN,M,NS,00,13,66,653.88,953,717.24,711.77,5.095100,0.157660,1000.00,cifi0007.DBF
DPMN,10DPMN,M,NS,00,13,67,671.44,957,733.08,727.71,5.095100,0.157660,1000.00,cifi0007.DBF
DPMN,10DPMN,M,NS,00,13,68,688.84,960,748.69,743.44,5.095100,0.157660,1000.00,cifi0007.DBF
DPMN,10DPMN,M,NS,00,13,69,705.98,963,763.99,758.89,5.095100,0.157660,1000.00,cifi0007.DBF
DPMN,10DPMN,M,NS,00,13,70,722.84,966,778.96,774.02,5.095100,0.157660,1000.00,cifi0007.DBF
DPMN,10DPMN,M,NS,00,13,71,739.34,969,793.53,788.79,5.095100,0.157660,1000.00,cifi0007.DBF
DPMN,10DPMN,M,NS,00,13,72,755.39,971,807.62,803.12,5.095100,0.157660,1000.00,cifi0007.DBF
DPMN,10DPMN,M,NS,00,13,73,770.87,973,821.14,816.92,5.095100,0.157660,1000.00,cifi0007.DBF
DPMN,10DPMN,M,NS,00,13,74,785.66,976,834.00,830.11,5.095100,0.157660,1000.00,cifi0007.DBF
DPMN,10DPMN,M,NS,00,13,75,799.66,978,846.10,842.59,5.095100,0.157660,1000.00,cifi0007.DBF
DPMN,10DPMN,M,NS,00,13,76,812.76,979,857.36,854.28,5.095100,0.157660,1000.00,cifi0007.DBF
DPMN,10DPMN,M,NS,00,13,77,824.99,981,867.81,865.13,5.095100,0.157660,1000.00,cifi0007.DBF
DPMN,10DPMN,M,NS,00,13,78,836.41,983,877.49,875.20,5.095100,0.157660,1000.00,cifi0007.DBF
DPMN,10DPMN,M,NS,00,13,79,847.20,984,886.55,884.57,5.095100,0.157660,1000.00,cifi0007.DBF
DPMN,10DPMN,M,NS,00,13,80,857.67,985,895.23,893.44,5.095100,0.157660,1000.00,cifi0007.DBF
DPMN,10DPMN,M,NS,00,13,81,868.24,986,903.84,902.08,5.095100,0.157660,1000.00,cifi0007.DBF
DPMN,10DPMN,M,NS,00,13,82,879.61,988,912.91,910.92,5.095100,0.157660,1000.00,cifi0007.DBF
DPMN,10DPMN,M,NS,00,13,83,892.84,989,923.23,920.62,5.095100,0.157660,1000.00,cifi0007.DBF
DPMN,10DPMN,M,NS,00,13,84,908.74,991,935.26,931.79,5.095100,0.157660,1000.00,cifi0007.DBF
DPMN,10DPMN,M,NS,00,13,85,929.20,993,950.30,945.33,5.095100,0.157660,1000.00,cifi0007.DBF
DPMN,10DPMN,M,NS,00,13,86,957.57,996,970.53,962.96,5.095100,0.157660,1000.00,cifi0007.DBF
DPMN,10DPMN,M,NS,00,13,87,1000.00,1000,1000.00,987.81,5.095100,0.157660,1000.00,cifi0007.DBF
DPMN,10DPMN,M,NS,00,14,1,0.00,0,0.00,0.11,0.226630,0.226630,1000.00,cifi0007.DBF
DPMN,10DPMN,M,NS,00,14,2,0.00,0,5.07,5.17,5.267220,0.226630,1000.00,cifi0007.DBF
DPMN,10DPMN,M,NS,00,14,3,0.00,0,10.15,10.24,5.267220,0.226630,1000.00,cifi0007.DBF
DPMN,10DPMN,M,NS,00,14,4,0.00,0,15.19,15.30,5.267220,0.226630,1000.00,cifi0007.DBF
DPMN,10DPMN,M,NS,00,14,5,2.94,30,20.24,20.35,5.267220,0.226630,1000.00,cifi0007.DBF
DPMN,10DPMN,M,NS,00,14,6,6.49,64,25.42,25.47,5.267220,0.226630,1000.00,cifi0007.DBF
DPMN,10DPMN,M,NS,00,14,7,10.15,96,30.74,30.71,5.267220,0.226630,1000.00,cifi0007.DBF
DPMN,10DPMN,M,NS,00,14,8,13.92,128,36.17,36.09,5.267220,0.226630,1000.00,cifi0007.DBF
DPMN,10DPMN,M,NS,00,14,9,17.89,159,41.82,41.63,5.267220,0.226630,1000.00,cifi0007.DBF
DPMN,10DPMN,M,NS,00,14,10,22.05,189,47.66,47.37,5.267220,0.226630,1000.00,cifi0007.DBF
DPMN,10DPMN,M,NS,00,14,11,26.39,219,53.70,53.32,5.267220,0.226630,1000.00,cifi0007.DBF
DPMN,10DPMN,M,NS,00,14,12,30.91,248,59.93,59.45,5.267220,0.226630,1000.00,cifi0007.DBF
DPMN,10DPMN,M,NS,00,14,13,35.74,277,66.47,65.83,5.267220,0.226630,1000.00,cifi0007.DBF
DPMN,10DPMN,M,NS,00,14,14,40.79,306,73.24,72.49,5.267220,0.226630,1000.00,cifi0007.DBF
DPMN,10DPMN,M,NS,00,14,15,46.11,334,80.27,79.39,5.267220,0.226630,1000.00,cifi0007.DBF
DPMN,10DPMN,M,NS,00,14,16,51.68,361,87.57,86.55,5.267220,0.226630,1000.00,cifi0007.DBF
DPMN,10DPMN,M,NS,00,14,17,57.52,387,95.11,93.97,5.267220,0.226630,1000.00,cifi0007.DBF
DPMN,10DPMN,M,NS,00,14,18,63.57,413,102.87,101.63,5.267220,0.226630,1000.00,cifi0007.DBF
DPMN,10DPMN,M,NS,00,14,19,69.85,437,110.85,109.49,5.267220,0.226630,1000.00,cifi0007.DBF
DPMN,10DPMN,M,NS,00,14,20,76.31,461,119.00,117.56,5.267220,0.226630,1000.00,cifi0007.DBF
DPMN,10DPMN,M,NS,00,14,21,82.93,484,127.30,125.78,5.267220,0.226630,1000.00,cifi0007.DBF
DPMN,10DPMN,M,NS,00,14,22,89.72,505,135.76,134.16,5.267220,0.226630,1000.00,cifi0007.DBF
DPMN,10DPMN,M,NS,00,14,23,96.64,526,144.34,142.68,5.267220,0.226630,1000.00,cifi0007.DBF
DPMN,10DPMN,M,NS,00,14,24,103.73,545,153.08,151.34,5.267220,0.226630,1000.00,cifi0007.DBF
DPMN,10DPMN,M,NS,00,14,25,111.01,564,161.99,160.17,5.267220,0.226630,1000.00,cifi0007.DBF
DPMN,10DPMN,M,NS,00,14,26,118.53,582,171.12,169.18,5.267220,0.226630,1000.00,cifi0007.DBF
DPMN,10DPMN,M,NS,00,14,27,126.31,600,180.48,178.43,5.267220,0.226630,1000.00,cifi0007.DBF
DPMN,10DPMN,M,NS,00,14,28,134.34,616,190.07,187.91,5.267220,0.226630,1000.00,cifi0007.DBF
DPMN,10DPMN,M,NS,00,14,29,142.62,633,199.89,197.62,5.267220,0.226630,1000.00,cifi0007.DBF
DPMN,10DPMN,M,NS,00,14,30,151.16,648,209.94,207.55,5.267220,0.226630,1000.00,cifi0007.DBF
DPMN,10DPMN,M,NS,00,14,31,159.99,664,220.24,217.73,5.267220,0.226630,1000.00,cifi0007.DBF
DPMN,10DPMN,M,NS,00,14,32,169.16,678,230.84,228.18,5.267220,0.226630,1000.00,cifi0007.DBF
DPMN,10DPMN,M,NS,00,14,33,178.64,693,241.72,238.91,5.267220,0.226630,1000.00,cifi0007.DBF
DPMN,10DPMN,M,NS,00,14,34,188.47,706,252.89,249.94,5.267220,0.226630,1000.00,cifi0007.DBF
DPMN,10DPMN,M,NS,00,14,35,198.65,720,264.36,261.26,5.267220,0.226630,1000.00,cifi0007.DBF
DPMN,10DPMN,M,NS,00,14,36,209.19,733,276.14,272.89,5.267220,0.226630,1000.00,cifi0007.DBF
DPMN,10DPMN,M,NS,00,14,37,220.09,745,288.21,284.81,5.267220,0.226630,1000.00,cifi0007.DBF
DPMN,10DPMN,M,NS,00,14,38,231.32,757,300.56,297.02,5.267220,0.226630,1000.00,cifi0007.DBF
DPMN,10DPMN,M,NS,00,14,39,242.86,769,313.15,309.49,5.267220,0.226630,1000.00,cifi0007.DBF
DPMN,10DPMN,M,NS,00,14,40,254.72,780,325.99,322.20,5.267220,0.226630,1000.00,cifi0007.DBF
DPMN,10DPMN,M,NS,00,14,41,266.89,791,339.07,335.16,5.267220,0.226630,1000.00,cifi0007.DBF
DPMN,10DPMN,M,NS,00,14,42,279.40,801,352.42,348.38,5.267220,0.226630,1000.00,cifi0007.DBF
DPMN,10DPMN,M,NS,00,14,43,292.29,811,366.05,361.87,5.267220,0.226630,1000.00,cifi0007.DBF
DPMN,10DPMN,M,NS,00,14,44,305.57,820,380.00,375.66,5.267220,0.226630,1000.00,cifi0007.DBF
DPMN,10DPMN,M,NS,00,14,45,319.28,829,394.28,389.77,5.267220,0.226630,1000.00,cifi0007.DBF
DPMN,10DPMN,M,NS,00,14,46,333.42,838,408.87,404.21,5.267220,0.226630,1000.00,cifi0007.DBF
DPMN,10DPMN,M,NS,00,14,47,347.95,847,423.76,418.95,5.267220,0.226630,1000.00,cifi0007.DBF
DPMN,10DPMN,M,NS,00,14,48,362.83,855,438.90,433.96,5.267220,0.226630,1000.00,cifi0007.DBF
DPMN,10DPMN,M,NS,00,14,49,378.03,863,454.24,449.20,5.267220,0.226630,1000.00,cifi0007.DBF
DPMN,10DPMN,M,NS,00,14,50,393.53,871,469.78,464.65,5.267220,0.226630,1000.00,cifi0007.DBF
DPMN,10DPMN,M,NS,00,14,51,409.32,878,485.51,480.28,5.267220,0.226630,1000.00,cifi0007.DBF
DPMN,10DPMN,M,NS,00,14,52,425.40,885,501.41,496.09,5.267220,0.226630,1000.00,cifi0007.DBF
DPMN,10DPMN,M,NS,00,14,53,441.79,892,517.49,512.09,5.267220,0.226630,1000.00,cifi0007.DBF
DPMN,10DPMN,M,NS,00,14,54,458.48,898,533.77,528.26,5.267220,0.226630,1000.00,cifi0007.DBF
DPMN,10DPMN,M,NS,00,14,55,475.47,904,550.22,544.63,5.267220,0.226630,1000.00,cifi0007.DBF
DPMN,10DPMN,M,NS,00,14,56,492.76,910,566.83,561.16,5.267220,0.226630,1000.00,cifi0007.DBF
DPMN,10DPMN,M,NS,00,14,57,510.28,916,583.56,577.83,5.267220,0.226630,1000.00,cifi0007.DBF
DPMN,10DPMN,M,NS,00,14,58,528.00,921,600.36,594.60,5.267220,0.226630,1000.00,cifi0007.DBF
DPMN,10DPMN,M,NS,00,14,59,545.82,926,617.15,611.39,5.267220,0.226630,1000.00,cifi0007.DBF
DPMN,10DPMN,M,NS,00,14,60,563.68,931,633.89,628.15,5.267220,0.226630,1000.00,cifi0007.DBF
DPMN,10DPMN,M,NS,00,14,61,581.55,935,650.52,644.84,5.267220,0.226630,1000.00,cifi0007.DBF
DPMN,10DPMN,M,NS,00,14,62,599.38,940,667.03,661.41,5.267220,0.226630,1000.00,cifi0007.DBF
DPMN,10DPMN,M,NS,00,14,63,617.19,944,683.41,677.85,5.267220,0.226630,1000.00,cifi0007.DBF
DPMN,10DPMN,M,NS,00,14,64,634.95,948,699.65,694.16,5.267220,0.226630,1000.00,cifi0007.DBF
DPMN,10DPMN,M,NS,00,14,65,652.66,952,715.76,710.34,5.267220,0.226630,1000.00,cifi0007.DBF
DPMN,10DPMN,M,NS,00,14,66,670.28,955,731.68,726.36,5.267220,0.226630,1000.00,cifi0007.DBF
DPMN,10DPMN,M,NS,00,14,67,687.74,958,747.37,742.16,5.267220,0.226630,1000.00,cifi0007.DBF
DPMN,10DPMN,M,NS,00,14,68,704.94,962,762.75,757.69,5.267220,0.226630,1000.00,cifi0007.DBF
DPMN,10DPMN,M,NS,00,14,69,721.86,965,777.79,772.90,5.267220,0.226630,1000.00,cifi0007.DBF
DPMN,10DPMN,M,NS,00,14,70,738.42,967,792.43,787.74,5.267220,0.226630,1000.00,cifi0007.DBF
DPMN,10DPMN,M,NS,00,14,71,754.52,970,806.59,802.14,5.267220,0.226630,1000.00,cifi0007.DBF
DPMN,10DPMN,M,NS,00,14,72,770.06,972,820.18,816.02,5.267220,0.226630,1000.00,cifi0007.DBF
DPMN,10DPMN,M,NS,00,14,73,784.91,975,833.10,829.27,5.267220,0.226630,1000.00,cifi0007.DBF
DPMN,10DPMN,M,NS,00,14,74,798.95,977,845.26,841.81,5.267220,0.226630,1000.00,cifi0007.DBF
DPMN,10DPMN,M,NS,00,14,75,812.10,979,856.58,853.55,5.267220,0.226630,1000.00,cifi0007.DBF
DPMN,10DPMN,M,NS,00,14,76,824.37,980,867.08,864.47,5.267220,0.226630,1000.00,cifi0007.DBF
DPMN,10DPMN,M,NS,00,14,77,835.83,982,876.81,874.58,5.267220,0.226630,1000.00,cifi0007.DBF
DPMN,10DPMN,M,NS,00,14,78,846.66,983,885.92,884.00,5.267220,0.226630,1000.00,cifi0007.DBF
DPMN,10DPMN,M,NS,00,14,79,857.17,985,894.64,892.91,5.267220,0.226630,1000.00,cifi0007.DBF
DPMN,10DPMN,M,NS,00,14,80,867.78,986,903.30,901.61,5.267220,0.226630,1000.00,cifi0007.DBF
DPMN,10DPMN,M,NS,00,14,81,879.19,987,912.42,910.49,5.267220,0.226630,1000.00,cifi0007.DBF
DPMN,10DPMN,M,NS,00,14,82,892.46,989,922.79,920.23,5.267220,0.226630,1000.00,cifi0007.DBF
DPMN,10DPMN,M,NS,00,14,83,908.41,991,934.89,931.47,5.267220,0.226630,1000.00,cifi0007.DBF
DPMN,10DPMN,M,NS,00,14,84,928.95,993,950.01,945.09,5.267220,0.226630,1000.00,cifi0007.DBF
DPMN,10DPMN,M,NS,00,14,85,957.42,996,970.36,962.82,5.267220,0.226630,1000.00,cifi0007.DBF
DPMN,10DPMN,M,NS,00,14,86,1000.00,1000,1000.00,987.81,5.267220,0.226630,1000.00,cifi0007.DBF
DPMN,10DPMN,M,NS,00,15,1,0.00,0,0.00,0.17,0.344880,0.344880,1000.00,cifi0007.DBF
DPMN,10DPMN,M,NS,00,15,2,0.00,0,5.10,5.27,5.442140,0.344880,1000.00,cifi0007.DBF
DPMN,10DPMN,M,NS,00,15,3,0.00,0,10.17,10.35,5.442140,0.344880,1000.00,cifi0007.DBF
DPMN,10DPMN,M,NS,00,15,4,0.00,0,15.25,15.43,5.442140,0.344880,1000.00,cifi0007.DBF
DPMN,10DPMN,M,NS,00,15,5,2.89,29,20.45,20.57,5.442140,0.344880,1000.00,cifi0007.DBF
DPMN,10DPMN,M,NS,00,15,6,6.57,63,25.79,25.84,5.442140,0.344880,1000.00,cifi0007.DBF
DPMN,10DPMN,M,NS,00,15,7,10.36,95,31.26,31.25,5.442140,0.344880,1000.00,cifi0007.DBF
DPMN,10DPMN,M,NS,00,15,8,14.34,127,36.93,36.81,5.442140,0.344880,1000.00,cifi0007.DBF
DPMN,10DPMN,M,NS,00,15,9,18.51,159,42.81,42.59,5.442140,0.344880,1000.00,cifi0007.DBF
DPMN,10DPMN,M,NS,00,15,10,22.87,190,48.88,48.56,5.442140,0.344880,1000.00,cifi0007.DBF
DPMN,10DPMN,M,NS,00,15,11,27.40,220,55.13,54.72,5.442140,0.344880,1000.00,cifi0007.DBF
DPMN,10DPMN,M,NS,00,15,12,32.25,250,61.70,61.14,5.442140,0.344880,1000.00,cifi0007.DBF
DPMN,10DPMN,M,NS,00,15,13,37.32,280,68.51,67.83,5.442140,0.344880,1000.00,cifi0007.DBF
DPMN,10DPMN,M,NS,00,15,14,42.65,309,75.58,74.76,5.442140,0.344880,1000.00,cifi0007.DBF
DPMN,10DPMN,M,NS,00,15,15,48.25,337,82.91,81.96,5.442140,0.344880,1000.00,cifi0007.DBF
DPMN,10DPMN,M,NS,00,15,16,54.11,364,90.49,89.42,5.442140,0.344880,1000.00,cifi0007.DBF
DPMN,10DPMN,M,NS,00,15,17,60.18,391,98.29,97.11,5.442140,0.344880,1000.00,cifi0007.DBF
DPMN,10DPMN,M,NS,00,15,18,66.49,416,106.31,105.02,5.442140,0.344880,1000.00,cifi0007.DBF
DPMN,10DPMN,M,NS,00,15,19,72.97,441,114.50,113.13,5.442140,0.344880,1000.00,cifi0007.DBF
DPMN,10DPMN,M,NS,00,15,20,79.62,464,122.84,121.39,5.442140,0.344880,1000.00,cifi0007.DBF
DPMN,10DPMN,M,NS,00,15,21,86.42,487,131.34,129.81,5.442140,0.344880,1000.00,cifi0007.DBF
DPMN,10DPMN,M,NS,00,15,22,93.37,508,139.97,138.37,5.442140,0.344880,1000.00,cifi0007.DBF
DPMN,10DPMN,M,NS,00,15,23,100.49,528,148.75,147.08,5.442140,0.344880,1000.00,cifi0007.DBF
DPMN,10DPMN,M,NS,00,15,24,107.80,548,157.70,155.95,5.442140,0.344880,1000.00,cifi0007.DBF
DPMN,10DPMN,M,NS,00,15,25,115.34,566,166.88,165.01,5.442140,0.344880,1000.00,cifi0007.DBF
DPMN,10DPMN,M,NS,00,15,26,123.15,585,176.29,174.30,5.442140,0.344880,1000.00,cifi0007.DBF
DPMN,10DPMN,M,NS,00,15,27,131.21,602,185.93,183.83,5.442140,0.344880,1000.00,cifi0007.DBF
DPMN,10DPMN,M,NS,00,15,28,139.52,619,195.80,193.59,5.442140,0.344880,1000.00,cifi0007.DBF
DPMN,10DPMN,M,NS,00,15,29,148.09,635,205.90,203.57,5.442140,0.344880,1000.00,cifi0007.DBF
DPMN,10DPMN,M,NS,00,15,30,156.95,651,216.25,213.80,5.442140,0.344880,1000.00,cifi0007.DBF
DPMN,10DPMN,M,NS,00,15,31,166.15,666,226.90,224.30,5.442140,0.344880,1000.00,cifi0007.DBF
DPMN,10DPMN,M,NS,00,15,32,175.67,681,237.83,235.09,5.442140,0.344880,1000.00,cifi0007.DBF
DPMN,10DPMN,M,NS,00,15,33,185.54,695,249.06,246.17,5.442140,0.344880,1000.00,cifi0007.DBF
DPMN,10DPMN,M,NS,00,15,34,195.75,709,260.60,257.55,5.442140,0.344880,1000.00,cifi0007.DBF
DPMN,10DPMN,M,NS,00,15,35,206.33,723,272.43,269.23,5.442140,0.344880,1000.00,cifi0007.DBF
DPMN,10DPMN,M,NS,00,15,36,217.27,736,284.56,281.22,5.442140,0.344880,1000.00,cifi0007.DBF
DPMN,10DPMN,M,NS,00,15,37,228.54,748,296.97,293.49,5.442140,0.344880,1000.00,cifi0007.DBF
DPMN,10DPMN,M,NS,00,15,38,240.13,760,309.63,306.02,5.442140,0.344880,1000.00,cifi0007.DBF
DPMN,10DPMN,M,NS,00,15,39,252.02,772,322.53,318.80,5.442140,0.344880,1000.00,cifi0007.DBF
DPMN,10DPMN,M,NS,00,15,40,264.24,783,335.68,331.82,5.442140,0.344880,1000.00,cifi0007.DBF
DPMN,10DPMN,M,NS,00,15,41,276.79,793,349.09,345.10,5.442140,0.344880,1000.00,cifi0007.DBF
DPMN,10DPMN,M,NS,00,15,42,289.73,804,362.79,358.66,5.442140,0.344880,1000.00,cifi0007.DBF
DPMN,10DPMN,M,NS,00,15,43,303.06,813,376.81,372.53,5.442140,0.344880,1000.00,cifi0007.DBF
DPMN,10DPMN,M,NS,00,15,44,316.82,823,391.16,386.71,5.442140,0.344880,1000.00,cifi0007.DBF
DPMN,10DPMN,M,NS,00,15,45,331.00,832,405.83,401.21,5.442140,0.344880,1000.00,cifi0007.DBF
DPMN,10DPMN,M,NS,00,15,46,345.59,841,420.79,416.03,5.442140,0.344880,1000.00,cifi0007.DBF
DPMN,10DPMN,M,NS,00,15,47,360.52,850,436.00,431.12,5.442140,0.344880,1000.00,cifi0007.DBF
DPMN,10DPMN,M,NS,00,15,48,375.78,858,451.43,446.44,5.442140,0.344880,1000.00,cifi0007.DBF
DPMN,10DPMN,M,NS,00,15,49,391.33,866,467.05,461.96,5.442140,0.344880,1000.00,cifi0007.DBF
DPMN,10DPMN,M,NS,00,15,50,407.18,873,482.85,477.67,5.442140,0.344880,1000.00,cifi0007.DBF
DPMN,10DPMN,M,NS,00,15,51,423.32,881,498.83,493.56,5.442140,0.344880,1000.00,cifi0007.DBF
DPMN,10DPMN,M,NS,00,15,52,439.77,887,515.00,509.63,5.442140,0.344880,1000.00,cifi0007.DBF
DPMN,10DPMN,M,NS,00,15,53,456.52,894,531.35,525.89,5.442140,0.344880,1000.00,cifi0007.DBF
DPMN,10DPMN,M,NS,00,15,54,473.58,900,547.89,542.34,5.442140,0.344880,1000.00,cifi0007.DBF
DPMN,10DPMN,M,NS,00,15,55,490.92,907,564.58,558.96,5.442140,0.344880,1000.00,cifi0007.DBF
DPMN,10DPMN,M,NS,00,15,56,508.51,912,581.40,575.71,5.442140,0.344880,1000.00,cifi0007.DBF
DPMN,10DPMN,M,NS,00,15,57,526.29,918,598.28,592.56,5.442140,0.344880,1000.00,cifi0007.DBF
DPMN,10DPMN,M,NS,00,15,58,544.17,923,615.16,609.44,5.442140,0.344880,1000.00,cifi0007.DBF
DPMN,10DPMN,M,NS,00,15,59,562.10,928,631.98,626.29,5.442140,0.344880,1000.00,cifi0007.DBF
DPMN,10DPMN,M,NS,00,15,60,580.03,933,648.69,643.05,5.442140,0.344880,1000.00,cifi0007.DBF
DPMN,10DPMN,M,NS,00,15,61,597.93,937,665.28,659.71,5.442140,0.344880,1000.00,cifi0007.DBF
DPMN,10DPMN,M,NS,00,15,62,615.80,942,681.74,676.23,5.442140,0.344880,1000.00,cifi0007.DBF
DPMN,10DPMN,M,NS,00,15,63,633.63,946,698.07,692.63,5.442140,0.344880,1000.00,cifi0007.DBF
DPMN,10DPMN,M,NS,00,15,64,651.40,950,714.26,708.89,5.442140,0.344880,1000.00,cifi0007.DBF
DPMN,10DPMN,M,NS,00,15,65,669.09,953,730.26,724.98,5.442140,0.344880,1000.00,cifi0007.DBF
DPMN,10DPMN,M,NS,00,15,66,686.61,957,746.03,740.87,5.442140,0.344880,1000.00,cifi0007.DBF
DPMN,10DPMN,M,NS,00,15,67,703.87,960,761.48,756.48,5.442140,0.344880,1000.00,cifi0007.DBF
DPMN,10DPMN,M,NS,00,15,68,720.86,963,776.60,771.76,5.442140,0.344880,1000.00,cifi0007.DBF
DPMN,10DPMN,M,NS,00,15,69,737.48,966,791.31,786.68,5.442140,0.344880,1000.00,cifi0007.DBF
DPMN,10DPMN,M,NS,00,15,70,753.64,969,805.54,801.15,5.442140,0.344880,1000.00,cifi0007.DBF
DPMN,10DPMN,M,NS,00,15,71,769.22,971,819.20,815.09,5.442140,0.344880,1000.00,cifi0007.DBF
DPMN,10DPMN,M,NS,00,15,72,784.13,974,832.19,828.42,5.442140,0.344880,1000.00,cifi0007.DBF
DPMN,10DPMN,M,NS,00,15,73,798.22,976,844.41,841.02,5.442140,0.344880,1000.00,cifi0007.DBF
DPMN,10DPMN,M,NS,00,15,74,811.42,978,855.79,852.82,5.442140,0.344880,1000.00,cifi0007.DBF
DPMN,10DPMN,M,NS,00,15,75,823.74,980,866.34,863.79,5.442140,0.344880,1000.00,cifi0007.DBF
DPMN,10DPMN,M,NS,00,15,76,835.24,981,876.12,873.95,5.442140,0.344880,1000.00,cifi0007.DBF
DPMN,10DPMN,M,NS,00,15,77,846.10,983,885.28,883.42,5.442140,0.344880,1000.00,cifi0007.DBF
DPMN,10DPMN,M,NS,00,15,78,856.65,984,894.05,892.38,5.442140,0.344880,1000.00,cifi0007.DBF
DPMN,10DPMN,M,NS,00,15,79,867.30,985,902.75,901.12,5.442140,0.344880,1000.00,cifi0007.DBF
DPMN,10DPMN,M,NS,00,15,80,878.75,987,911.91,910.05,5.442140,0.344880,1000.00,cifi0007.DBF
DPMN,10DPMN,M,NS,00,15,81,892.08,989,922.34,919.85,5.442140,0.344880,1000.00,cifi0007.DBF
DPMN,10DPMN,M,NS,00,15,82,908.08,990,934.51,931.15,5.442140,0.344880,1000.00,cifi0007.DBF
DPMN,10DPMN,M,NS,00,15,83,928.69,993,949.72,944.84,5.442140,0.344880,1000.00,cifi0007.DBF
DPMN,10DPMN,M,NS,00,15,84,957.26,996,970.18,962.67,5.442140,0.344880,1000.00,cifi0007.DBF
DPMN,10DPMN,M,NS,00,15,85,1000.00,1000,1000.00,987.81,5.442140,0.344880,1000.00,cifi0007.DBF
DPMN,10DPMN,M,NS,00,16,1,0.00,0,0.00,0.25,0.492680,0.492680,1000.00,cifi0007.DBF
DPMN,10DPMN,M,NS,00,16,2,0.00,0,5.09,5.35,5.618940,0.492680,1000.00,cifi0007.DBF
DPMN,10DPMN,M,NS,00,16,3,0.00,0,10.20,10.45,5.618940,0.492680,1000.00,cifi0007.DBF
DPMN,10DPMN,M,NS,00,16,4,0.00,0,15.43,15.62,5.618940,0.492680,1000.00,cifi0007.DBF
DPMN,10DPMN,M,NS,00,16,5,2.94,28,20.80,20.92,5.618940,0.492680,1000.00,cifi0007.DBF
DPMN,10DPMN,M,NS,00,16,6,6.74,62,26.29,26.35,5.618940,0.492680,1000.00,cifi0007.DBF
DPMN,10DPMN,M,NS,00,16,7,10.74,96,31.99,31.95,5.618940,0.492680,1000.00,cifi0007.DBF
DPMN,10DPMN,M,NS,00,16,8,14.93,128,37.90,37.75,5.618940,0.492680,1000.00,cifi0007.DBF
DPMN,10DPMN,M,NS,00,16,9,19.30,161,44.00,43.76,5.618940,0.492680,1000.00,cifi0007.DBF
DPMN,10DPMN,M,NS,00,16,10,23.85,192,50.28,49.95,5.618940,0.492680,1000.00,cifi0007.DBF
DPMN,10DPMN,M,NS,00,16,11,28.72,223,56.89,56.40,5.618940,0.492680,1000.00,cifi0007.DBF
DPMN,10DPMN,M,NS,00,16,12,33.80,253,63.73,63.12,5.618940,0.492680,1000.00,cifi0007.DBF
DPMN,10DPMN,M,NS,00,16,13,39.16,283,70.83,70.09,5.618940,0.492680,1000.00,cifi0007.DBF
DPMN,10DPMN,M,NS,00,16,14,44.78,313,78.20,77.33,5.618940,0.492680,1000.00,cifi0007.DBF
DPMN,10DPMN,M,NS,00,16,15,50.66,341,85.82,84.82,5.618940,0.492680,1000.00,cifi0007.DBF
DPMN,10DPMN,M,NS,00,16,16,56.75,369,93.66,92.55,5.618940,0.492680,1000.00,cifi0007.DBF
DPMN,10DPMN,M,NS,00,16,17,63.08,395,101.72,100.50,5.618940,0.492680,1000.00,cifi0007.DBF
DPMN,10DPMN,M,NS,00,16,18,69.58,420,109.95,108.65,5.618940,0.492680,1000.00,cifi0007.DBF
DPMN,10DPMN,M,NS,00,16,19,76.26,445,118.34,116.96,5.618940,0.492680,1000.00,cifi0007.DBF
DPMN,10DPMN,M,NS,00,16,20,83.09,468,126.88,125.42,5.618940,0.492680,1000.00,cifi0007.DBF
DPMN,10DPMN,M,NS,00,16,21,90.06,490,135.55,134.02,5.618940,0.492680,1000.00,cifi0007.DBF
DPMN,10DPMN,M,NS,00,16,22,97.21,511,144.37,142.77,5.618940,0.492680,1000.00,cifi0007.DBF
DPMN,10DPMN,M,NS,00,16,23,104.54,531,153.37,151.68,5.618940,0.492680,1000.00,cifi0007.DBF
DPMN,10DPMN,M,NS,00,16,24,112.11,551,162.59,160.79,5.618940,0.492680,1000.00,cifi0007.DBF
DPMN,10DPMN,M,NS,00,16,25,119.95,569,172.05,170.13,5.618940,0.492680,1000.00,cifi0007.DBF
DPMN,10DPMN,M,NS,00,16,26,128.04,588,181.75,179.71,5.618940,0.492680,1000.00,cifi0007.DBF
DPMN,10DPMN,M,NS,00,16,27,136.37,605,191.66,189.51,5.618940,0.492680,1000.00,cifi0007.DBF
DPMN,10DPMN,M,NS,00,16,28,144.98,622,201.81,199.55,5.618940,0.492680,1000.00,cifi0007.DBF
DPMN,10DPMN,M,NS,00,16,29,153.88,638,212.22,209.83,5.618940,0.492680,1000.00,cifi0007.DBF
DPMN,10DPMN,M,NS,00,16,30,163.11,654,222.92,220.38,5.618940,0.492680,1000.00,cifi0007.DBF
DPMN,10DPMN,M,NS,00,16,31,172.66,669,233.91,231.23,5.618940,0.492680,1000.00,cifi0007.DBF
DPMN,10DPMN,M,NS,00,16,32,182.56,684,245.20,242.36,5.618940,0.492680,1000.00,cifi0007.DBF
DPMN,10DPMN,M,NS,00,16,33,192.82,699,256.79,253.80,5.618940,0.492680,1000.00,cifi0007.DBF
DPMN,10DPMN,M,NS,00,16,34,203.43,713,268.68,265.54,5.618940,0.492680,1000.00,cifi0007.DBF
DPMN,10DPMN,M,NS,00,16,35,214.41,726,280.88,277.59,5.618940,0.492680,1000.00,cifi0007.DBF
DPMN,10DPMN,M,NS,00,16,36,225.72,739,293.34,289.92,5.618940,0.492680,1000.00,cifi0007.DBF
DPMN,10DPMN,M,NS,00,16,37,237.35,751,306.07,302.51,5.618940,0.492680,1000.00,cifi0007.DBF
DPMN,10DPMN,M,NS,00,16,38,249.29,763,319.03,315.36,5.618940,0.492680,1000.00,cifi0007.DBF
DPMN,10DPMN,M,NS,00,16,39,261.55,775,332.25,328.45,5.618940,0.492680,1000.00,cifi0007.DBF
DPMN,10DPMN,M,NS,00,16,40,274.15,786,345.73,341.80,5.618940,0.492680,1000.00,cifi0007.DBF
DPMN,10DPMN,M,NS,00,16,41,287.13,796,359.50,355.42,5.618940,0.492680,1000.00,cifi0007.DBF
DPMN,10DPMN,M,NS,00,16,42,300.52,807,373.59,369.36,5.618940,0.492680,1000.00,cifi0007.DBF
DPMN,10DPMN,M,NS,00,16,43,314.33,817,388.01,383.61,5.618940,0.492680,1000.00,cifi0007.DBF
DPMN,10DPMN,M,NS,00,16,44,328.56,826,402.75,398.19,5.618940,0.492680,1000.00,cifi0007.DBF
DPMN,10DPMN,M,NS,00,16,45,343.20,835,417.79,413.08,5.618940,0.492680,1000.00,cifi0007.DBF
DPMN,10DPMN,M,NS,00,16,46,358.19,844,433.08,428.24,5.618940,0.492680,1000.00,cifi0007.DBF
DPMN,10DPMN,M,NS,00,16,47,373.50,853,448.58,443.64,5.618940,0.492680,1000.00,cifi0007.DBF
DPMN,10DPMN,M,NS,00,16,48,389.11,861,464.28,459.24,5.618940,0.492680,1000.00,cifi0007.DBF
DPMN,10DPMN,M,NS,00,16,49,405.02,869,480.16,475.03,5.618940,0.492680,1000.00,cifi0007.DBF
DPMN,10DPMN,M,NS,00,16,50,421.22,876,496.22,491.00,5.618940,0.492680,1000.00,cifi0007.DBF
DPMN,10DPMN,M,NS,00,16,51,437.72,883,512.47,507.16,5.618940,0.492680,1000.00,cifi0007.DBF
DPMN,10DPMN,M,NS,00,16,52,454.54,890,528.91,523.50,5.618940,0.492680,1000.00,cifi0007.DBF
DPMN,10DPMN,M,NS,00,16,53,471.66,897,545.53,540.03,5.618940,0.492680,1000.00,cifi0007.DBF
DPMN,10DPMN,M,NS,00,16,54,489.06,903,562.31,556.73,5.618940,0.492680,1000.00,cifi0007.DBF
DPMN,10DPMN,M,NS,00,16,55,506.72,909,579.21,573.57,5.618940,0.492680,1000.00,cifi0007.DBF
DPMN,10DPMN,M,NS,00,16,56,524.56,915,596.18,590.50,5.618940,0.492680,1000.00,cifi0007.DBF
DPMN,10DPMN,M,NS,00,16,57,542.51,920,613.14,607.47,5.618940,0.492680,1000.00,cifi0007.DBF
DPMN,10DPMN,M,NS,00,16,58,560.50,926,630.04,624.40,5.618940,0.492680,1000.00,cifi0007.DBF
DPMN,10DPMN,M,NS,00,16,59,578.50,931,646.84,641.25,5.618940,0.492680,1000.00,cifi0007.DBF
DPMN,10DPMN,M,NS,00,16,60,596.47,935,663.52,657.99,5.618940,0.492680,1000.00,cifi0007.DBF
DPMN,10DPMN,M,NS,00,16,61,614.40,940,680.06,674.60,5.618940,0.492680,1000.00,cifi0007.DBF
DPMN,10DPMN,M,NS,00,16,62,632.29,944,696.47,691.08,5.618940,0.492680,1000.00,cifi0007.DBF
DPMN,10DPMN,M,NS,00,16,63,650.13,948,712.74,707.42,5.618940,0.492680,1000.00,cifi0007.DBF
DPMN,10DPMN,M,NS,00,16,64,667.88,952,728.83,723.59,5.618940,0.492680,1000.00,cifi0007.DBF
DPMN,10DPMN,M,NS,00,16,65,685.46,955,744.67,739.56,5.618940,0.492680,1000.00,cifi0007.DBF
DPMN,10DPMN,M,NS,00,16,66,702.79,959,760.20,755.25,5.618940,0.492680,1000.00,cifi0007.DBF
DPMN,10DPMN,M,NS,00,16,67,719.84,962,775.40,770.61,5.618940,0.492680,1000.00,cifi0007.DBF
DPMN,10DPMN,M,NS,00,16,68,736.52,965,790.19,785.60,5.618940,0.492680,1000.00,cifi0007.DBF
DPMN,10DPMN,M,NS,00,16,69,752.74,968,804.49,800.15,5.618940,0.492680,1000.00,cifi0007.DBF
DPMN,10DPMN,M,NS,00,16,70,768.38,970,818.21,814.16,5.618940,0.492680,1000.00,cifi0007.DBF
DPMN,10DPMN,M,NS,00,16,71,783.34,973,831.27,827.55,5.618940,0.492680,1000.00,cifi0007.DBF
DPMN,10DPMN,M,NS,00,16,72,797.49,975,843.55,840.22,5.618940,0.492680,1000.00,cifi0007.DBF
DPMN,10DPMN,M,NS,00,16,73,810.73,977,854.99,852.08,5.618940,0.492680,1000.00,cifi0007.DBF
DPMN,10DPMN,M,NS,00,16,74,823.09,979,865.60,863.10,5.618940,0.492680,1000.00,cifi0007.DBF
DPMN,10DPMN,M,NS,00,16,75,834.63,980,875.42,873.32,5.618940,0.492680,1000.00,cifi0007.DBF
DPMN,10DPMN,M,NS,00,16,76,845.54,982,884.63,882.83,5.618940,0.492680,1000.00,cifi0007.DBF
DPMN,10DPMN,M,NS,00,16,77,856.13,983,893.44,891.84,5.618940,0.492680,1000.00,cifi0007.DBF
DPMN,10DPMN,M,NS,00,16,78,866.82,985,902.19,900.63,5.618940,0.492680,1000.00,cifi0007.DBF
DPMN,10DPMN,M,NS,00,16,79,878.31,986,911.40,909.61,5.618940,0.492680,1000.00,cifi0007.DBF
DPMN,10DPMN,M,NS,00,16,80,891.68,988,921.89,919.46,5.618940,0.492680,1000.00,cifi0007.DBF
DPMN,10DPMN,M,NS,00,16,81,907.75,990,934.13,930.82,5.618940,0.492680,1000.00,cifi0007.DBF
DPMN,10DPMN,M,NS,00,16,82,928.43,993,949.42,944.59,5.618940,0.492680,1000.00,cifi0007.DBF
DPMN,10DPMN,M,NS,00,16,83,957.11,996,970.01,962.53,5.618940,0.492680,1000.00,cifi0007.DBF
DPMN,10DPMN,M,NS,00,16,84,1000.00,1000,1000.00,987.81,5.618940,0.492680,1000.00,cifi0007.DBF
DPMN,10DPMN,M,NS,00,17,1,0.00,0,0.00,0.34,0.679900,0.679900,1000.00,cifi0007.DBF
DPMN,10DPMN,M,NS,00,17,2,0.00,0,5.13,5.46,5.796290,0.679900,1000.00,cifi0007.DBF
DPMN,10DPMN,M,NS,00,17,3,0.00,0,10.39,10.66,5.796290,0.679900,1000.00,cifi0007.DBF
DPMN,10DPMN,M,NS,00,17,4,0.00,0,15.79,15.99,5.796290,0.679900,1000.00,cifi0007.DBF
DPMN,10DPMN,M,NS,00,17,5,3.12,29,21.30,21.44,5.796290,0.679900,1000.00,cifi0007.DBF
DPMN,10DPMN,M,NS,00,17,6,7.13,64,27.03,27.07,5.796290,0.679900,1000.00,cifi0007.DBF
DPMN,10DPMN,M,NS,00,17,7,11.33,98,32.97,32.90,5.796290,0.679900,1000.00,cifi0007.DBF
DPMN,10DPMN,M,NS,00,17,8,15.72,131,39.10,38.93,5.796290,0.679900,1000.00,cifi0007.DBF
DPMN,10DPMN,M,NS,00,17,9,20.29,163,45.42,45.16,5.796290,0.679900,1000.00,cifi0007.DBF
DPMN,10DPMN,M,NS,00,17,10,25.17,196,52.06,51.64,5.796290,0.679900,1000.00,cifi0007.DBF
DPMN,10DPMN,M,NS,00,17,11,30.27,227,58.93,58.39,5.796290,0.679900,1000.00,cifi0007.DBF
DPMN,10DPMN,M,NS,00,17,12,35.65,258,66.07,65.40,5.796290,0.679900,1000.00,cifi0007.DBF
DPMN,10DPMN,M,NS,00,17,13,41.29,288,73.48,72.67,5.796290,0.679900,1000.00,cifi0007.DBF
DPMN,10DPMN,M,NS,00,17,14,47.19,318,81.14,80.21,5.796290,0.679900,1000.00,cifi0007.DBF
DPMN,10DPMN,M,NS,00,17,15,53.31,346,89.02,87.98,5.796290,0.679900,1000.00,cifi0007.DBF
DPMN,10DPMN,M,NS,00,17,16,59.65,374,97.12,95.96,5.796290,0.679900,1000.00,cifi0007.DBF
DPMN,10DPMN,M,NS,00,17,17,66.18,400,105.39,104.15,5.796290,0.679900,1000.00,cifi0007.DBF
DPMN,10DPMN,M,NS,00,17,18,72.88,425,113.82,112.50,5.796290,0.679900,1000.00,cifi0007.DBF
DPMN,10DPMN,M,NS,00,17,19,79.74,449,122.40,121.01,5.796290,0.679900,1000.00,cifi0007.DBF
DPMN,10DPMN,M,NS,00,17,20,86.74,472,131.11,129.66,5.796290,0.679900,1000.00,cifi0007.DBF
DPMN,10DPMN,M,NS,00,17,21,93.91,494,139.99,138.45,5.796290,0.679900,1000.00,cifi0007.DBF
DPMN,10DPMN,M,NS,00,17,22,101.27,514,149.03,147.41,5.796290,0.679900,1000.00,cifi0007.DBF
DPMN,10DPMN,M,NS,00,17,23,108.87,535,158.30,156.56,5.796290,0.679900,1000.00,cifi0007.DBF
DPMN,10DPMN,M,NS,00,17,24,116.73,554,167.81,165.95,5.796290,0.679900,1000.00,cifi0007.DBF
DPMN,10DPMN,M,NS,00,17,25,124.85,573,177.55,175.57,5.796290,0.679900,1000.00,cifi0007.DBF
DPMN,10DPMN,M,NS,00,17,26,133.22,591,187.51,185.43,5.796290,0.679900,1000.00,cifi0007.DBF
DPMN,10DPMN,M,NS,00,17,27,141.86,609,197.72,195.51,5.796290,0.679900,1000.00,cifi0007.DBF
DPMN,10DPMN,M,NS,00,17,28,150.78,625,208.17,205.84,5.796290,0.679900,1000.00,cifi0007.DBF
DPMN,10DPMN,M,NS,00,17,29,160.05,642,218.93,216.45,5.796290,0.679900,1000.00,cifi0007.DBF
DPMN,10DPMN,M,NS,00,17,30,169.64,658,229.97,227.35,5.796290,0.679900,1000.00,cifi0007.DBF
DPMN,10DPMN,M,NS,00,17,31,179.57,673,241.32,238.54,5.796290,0.679900,1000.00,cifi0007.DBF
DPMN,10DPMN,M,NS,00,17,32,189.87,688,252.96,250.04,5.796290,0.679900,1000.00,cifi0007.DBF
DPMN,10DPMN,M,NS,00,17,33,200.52,702,264.92,261.84,5.796290,0.679900,1000.00,cifi0007.DBF
DPMN,10DPMN,M,NS,00,17,34,211.54,716,277.18,273.95,5.796290,0.679900,1000.00,cifi0007.DBF
DPMN,10DPMN,M,NS,00,17,35,222.89,730,289.71,286.34,5.796290,0.679900,1000.00,cifi0007.DBF
DPMN,10DPMN,M,NS,00,17,36,234.56,742,302.49,299.00,5.796290,0.679900,1000.00,cifi0007.DBF
DPMN,10DPMN,M,NS,00,17,37,246.55,755,315.52,311.91,5.796290,0.679900,1000.00,cifi0007.DBF
DPMN,10DPMN,M,NS,00,17,38,258.85,767,328.81,325.06,5.796290,0.679900,1000.00,cifi0007.DBF
DPMN,10DPMN,M,NS,00,17,39,271.50,778,342.35,338.48,5.796290,0.679900,1000.00,cifi0007.DBF
DPMN,10DPMN,M,NS,00,17,40,284.53,789,356.20,352.17,5.796290,0.679900,1000.00,cifi0007.DBF
DPMN,10DPMN,M,NS,00,17,41,297.96,800,370.36,366.18,5.796290,0.679900,1000.00,cifi0007.DBF
DPMN,10DPMN,M,NS,00,17,42,311.82,810,384.85,380.50,5.796290,0.679900,1000.00,cifi0007.DBF
DPMN,10DPMN,M,NS,00,17,43,326.11,820,399.66,395.16,5.796290,0.679900,1000.00,cifi0007.DBF
DPMN,10DPMN,M,NS,00,17,44,340.80,830,414.78,410.12,5.796290,0.679900,1000.00,cifi0007.DBF
DPMN,10DPMN,M,NS,00,17,45,355.84,839,430.15,425.36,5.796290,0.679900,1000.00,cifi0007.DBF
DPMN,10DPMN,M,NS,00,17,46,371.21,848,445.73,440.83,5.796290,0.679900,1000.00,cifi0007.DBF
DPMN,10DPMN,M,NS,00,17,47,386.88,856,461.50,456.51,5.796290,0.679900,1000.00,cifi0007.DBF
DPMN,10DPMN,M,NS,00,17,48,402.84,864,477.47,472.38,5.796290,0.679900,1000.00,cifi0007.DBF
DPMN,10DPMN,M,NS,00,17,49,419.10,872,493.61,488.44,5.796290,0.679900,1000.00,cifi0007.DBF
DPMN,10DPMN,M,NS,00,17,50,435.67,879,509.94,504.67,5.796290,0.679900,1000.00,cifi0007.DBF
DPMN,10DPMN,M,NS,00,17,51,452.54,886,526.46,521.10,5.796290,0.679900,1000.00,cifi0007.DBF
DPMN,10DPMN,M,NS,00,17,52,469.72,893,543.16,537.71,5.796290,0.679900,1000.00,cifi0007.DBF
DPMN,10DPMN,M,NS,00,17,53,487.20,900,560.03,554.49,5.796290,0.679900,1000.00,cifi0007.DBF
DPMN,10DPMN,M,NS,00,17,54,504.92,906,577.01,571.42,5.796290,0.679900,1000.00,cifi0007.DBF
DPMN,10DPMN,M,NS,00,17,55,522.82,912,594.07,588.44,5.796290,0.679900,1000.00,cifi0007.DBF
DPMN,10DPMN,M,NS,00,17,56,540.84,918,611.11,605.49,5.796290,0.679900,1000.00,cifi0007.DBF
DPMN,10DPMN,M,NS,00,17,57,558.90,923,628.10,622.51,5.796290,0.679900,1000.00,cifi0007.DBF
DPMN,10DPMN,M,NS,00,17,58,576.96,928,644.99,639.44,5.796290,0.679900,1000.00,cifi0007.DBF
DPMN,10DPMN,M,NS,00,17,59,594.99,933,661.75,656.27,5.796290,0.679900,1000.00,cifi0007.DBF
DPMN,10DPMN,M,NS,00,17,60,612.99,937,678.37,672.96,5.796290,0.679900,1000.00,cifi0007.DBF
DPMN,10DPMN,M,NS,00,17,61,630.95,942,694.87,689.52,5.796290,0.679900,1000.00,cifi0007.DBF
DPMN,10DPMN,M,NS,00,17,62,648.85,946,711.22,705.94,5.796290,0.679900,1000.00,cifi0007.DBF
DPMN,10DPMN,M,NS,00,17,63,666.66,950,727.38,722.20,5.796290,0.679900,1000.00,cifi0007.DBF
DPMN,10DPMN,M,NS,00,17,64,684.31,954,743.31,738.25,5.796290,0.679900,1000.00,cifi0007.DBF
DPMN,10DPMN,M,NS,00,17,65,701.70,957,758.92,754.01,5.796290,0.679900,1000.00,cifi0007.DBF
DPMN,10DPMN,M,NS,00,17,66,718.81,960,774.19,769.45,5.796290,0.679900,1000.00,cifi0007.DBF
DPMN,10DPMN,M,NS,00,17,67,735.55,964,789.06,784.52,5.796290,0.679900,1000.00,cifi0007.DBF
DPMN,10DPMN,M,NS,00,17,68,751.83,967,803.43,799.14,5.796290,0.679900,1000.00,cifi0007.DBF
DPMN,10DPMN,M,NS,00,17,69,767.54,969,817.22,813.22,5.796290,0.679900,1000.00,cifi0007.DBF
DPMN,10DPMN,M,NS,00,17,70,782.55,972,830.34,826.68,5.796290,0.679900,1000.00,cifi0007.DBF
DPMN,10DPMN,M,NS,00,17,71,796.75,974,842.69,839.41,5.796290,0.679900,1000.00,cifi0007.DBF
DPMN,10DPMN,M,NS,00,17,72,810.04,976,854.19,851.34,5.796290,0.679900,1000.00,cifi0007.DBF
DPMN,10DPMN,M,NS,00,17,73,822.45,978,864.85,862.41,5.796290,0.679900,1000.00,cifi0007.DBF
DPMN,10DPMN,M,NS,00,17,74,834.03,980,874.73,872.68,5.796290,0.679900,1000.00,cifi0007.DBF
DPMN,10DPMN,M,NS,00,17,75,844.98,981,883.97,882.25,5.796290,0.679900,1000.00,cifi0007.DBF
DPMN,10DPMN,M,NS,00,17,76,855.60,983,892.84,891.30,5.796290,0.679900,1000.00,cifi0007.DBF
DPMN,10DPMN,M,NS,00,17,77,866.33,984,901.63,900.13,5.796290,0.679900,1000.00,cifi0007.DBF
DPMN,10DPMN,M,NS,00,17,78,877.86,986,910.89,909.16,5.796290,0.679900,1000.00,cifi0007.DBF
DPMN,10DPMN,M,NS,00,17,79,891.29,988,921.44,919.06,5.796290,0.679900,1000.00,cifi0007.DBF
DPMN,10DPMN,M,NS,00,17,80,907.41,990,933.75,930.49,5.796290,0.679900,1000.00,cifi0007.DBF
DPMN,10DPMN,M,NS,00,17,81,928.17,992,949.13,944.33,5.796290,0.679900,1000.00,cifi0007.DBF
DPMN,10DPMN,M,NS,00,17,82,956.95,996,969.83,962.38,5.796290,0.679900,1000.00,cifi0007.DBF
DPMN,10DPMN,M,NS,00,17,83,1000.00,1000,1000.00,987.81,5.796290,0.679900,1000.00,cifi0007.DBF
DPMN,10DPMN,M,NS,00,18,1,0.00,0,0.00,0.41,0.817850,0.817850,1000.00,cifi0007.DBF
DPMN,10DPMN,M,NS,00,18,2,0.00,0,5.29,5.63,5.975990,0.817850,1000.00,cifi0007.DBF
DPMN,10DPMN,M,NS,00,18,3,0.00,0,10.71,10.99,5.975990,0.817850,1000.00,cifi0007.DBF
DPMN,10DPMN,M,NS,00,18,4,0.00,0,16.25,16.47,5.975990,0.817850,1000.00,cifi0007.DBF
DPMN,10DPMN,M,NS,00,18,5,3.54,32,22.01,22.12,5.975990,0.817850,1000.00,cifi0007.DBF
DPMN,10DPMN,M,NS,00,18,6,7.76,67,27.98,27.99,5.975990,0.817850,1000.00,cifi0007.DBF
DPMN,10DPMN,M,NS,00,18,7,12.16,101,34.14,34.05,5.975990,0.817850,1000.00,cifi0007.DBF
DPMN,10DPMN,M,NS,00,18,8,16.74,135,40.49,40.31,5.975990,0.817850,1000.00,cifi0007.DBF
DPMN,10DPMN,M,NS,00,18,9,21.64,168,47.17,46.82,5.975990,0.817850,1000.00,cifi0007.DBF
DPMN,10DPMN,M,NS,00,18,10,26.77,201,54.07,53.61,5.975990,0.817850,1000.00,cifi0007.DBF
DPMN,10DPMN,M,NS,00,18,11,32.16,233,61.25,60.65,5.975990,0.817850,1000.00,cifi0007.DBF
DPMN,10DPMN,M,NS,00,18,12,37.82,264,68.69,67.96,5.975990,0.817850,1000.00,cifi0007.DBF
DPMN,10DPMN,M,NS,00,18,13,43.74,295,76.39,75.53,5.975990,0.817850,1000.00,cifi0007.DBF
DPMN,10DPMN,M,NS,00,18,14,49.88,324,84.31,83.34,5.975990,0.817850,1000.00,cifi0007.DBF
DPMN,10DPMN,M,NS,00,18,15,56.25,352,92.45,91.37,5.975990,0.817850,1000.00,cifi0007.DBF
DPMN,10DPMN,M,NS,00,18,16,62.81,380,100.77,99.60,5.975990,0.817850,1000.00,cifi0007.DBF
DPMN,10DPMN,M,NS,00,18,17,69.53,406,109.24,107.99,5.975990,0.817850,1000.00,cifi0007.DBF
DPMN,10DPMN,M,NS,00,18,18,76.41,430,117.86,116.54,5.975990,0.817850,1000.00,cifi0007.DBF
DPMN,10DPMN,M,NS,00,18,19,83.44,454,126.62,125.23,5.975990,0.817850,1000.00,cifi0007.DBF
DPMN,10DPMN,M,NS,00,18,20,90.63,476,135.54,134.07,5.975990,0.817850,1000.00,cifi0007.DBF
DPMN,10DPMN,M,NS,00,18,21,98.02,498,144.63,143.07,5.975990,0.817850,1000.00,cifi0007.DBF
DPMN,10DPMN,M,NS,00,18,22,105.65,519,153.94,152.27,5.975990,0.817850,1000.00,cifi0007.DBF
DPMN,10DPMN,M,NS,00,18,23,113.54,539,163.50,161.71,5.975990,0.817850,1000.00,cifi0007.DBF
DPMN,10DPMN,M,NS,00,18,24,121.68,558,173.29,171.38,5.975990,0.817850,1000.00,cifi0007.DBF
DPMN,10DPMN,M,NS,00,18,25,130.08,577,183.30,181.29,5.975990,0.817850,1000.00,cifi0007.DBF
DPMN,10DPMN,M,NS,00,18,26,138.76,595,193.56,191.42,5.975990,0.817850,1000.00,cifi0007.DBF
DPMN,10DPMN,M,NS,00,18,27,147.71,613,204.07,201.81,5.975990,0.817850,1000.00,cifi0007.DBF
DPMN,10DPMN,M,NS,00,18,28,157.01,630,214.89,212.47,5.975990,0.817850,1000.00,cifi0007.DBF
DPMN,10DPMN,M,NS,00,18,29,166.63,646,225.98,223.42,5.975990,0.817850,1000.00,cifi0007.DBF
DPMN,10DPMN,M,NS,00,18,30,176.61,662,237.38,234.67,5.975990,0.817850,1000.00,cifi0007.DBF
DPMN,10DPMN,M,NS,00,18,31,186.94,677,249.09,246.23,5.975990,0.817850,1000.00,cifi0007.DBF
DPMN,10DPMN,M,NS,00,18,32,197.63,692,261.11,258.09,5.975990,0.817850,1000.00,cifi0007.DBF
DPMN,10DPMN,M,NS,00,18,33,208.69,707,273.43,270.25,5.975990,0.817850,1000.00,cifi0007.DBF
DPMN,10DPMN,M,NS,00,18,34,220.08,720,286.02,282.71,5.975990,0.817850,1000.00,cifi0007.DBF
DPMN,10DPMN,M,NS,00,18,35,231.80,734,298.87,295.44,5.975990,0.817850,1000.00,cifi0007.DBF
DPMN,10DPMN,M,NS,00,18,36,243.82,747,311.97,308.41,5.975990,0.817850,1000.00,cifi0007.DBF
DPMN,10DPMN,M,NS,00,18,37,256.17,759,325.32,321.63,5.975990,0.817850,1000.00,cifi0007.DBF
DPMN,10DPMN,M,NS,00,18,38,268.87,771,338.94,335.12,5.975990,0.817850,1000.00,cifi0007.DBF
DPMN,10DPMN,M,NS,00,18,39,281.94,782,352.85,348.88,5.975990,0.817850,1000.00,cifi0007.DBF
DPMN,10DPMN,M,NS,00,18,40,295.42,793,367.08,362.95,5.975990,0.817850,1000.00,cifi0007.DBF
DPMN,10DPMN,M,NS,00,18,41,309.33,804,381.65,377.35,5.975990,0.817850,1000.00,cifi0007.DBF
DPMN,10DPMN,M,NS,00,18,42,323.67,814,396.54,392.08,5.975990,0.817850,1000.00,cifi0007.DBF
DPMN,10DPMN,M,NS,00,18,43,338.41,824,411.73,407.12,5.975990,0.817850,1000.00,cifi0007.DBF
DPMN,10DPMN,M,NS,00,18,44,353.52,833,427.18,422.44,5.975990,0.817850,1000.00,cifi0007.DBF
DPMN,10DPMN,M,NS,00,18,45,368.93,842,442.83,437.99,5.975990,0.817850,1000.00,cifi0007.DBF
DPMN,10DPMN,M,NS,00,18,46,384.66,851,458.69,453.75,5.975990,0.817850,1000.00,cifi0007.DBF
DPMN,10DPMN,M,NS,00,18,47,400.68,859,474.73,469.70,5.975990,0.817850,1000.00,cifi0007.DBF
DPMN,10DPMN,M,NS,00,18,48,417.00,867,490.96,485.84,5.975990,0.817850,1000.00,cifi0007.DBF
DPMN,10DPMN,M,NS,00,18,49,433.63,875,507.37,502.16,5.975990,0.817850,1000.00,cifi0007.DBF
DPMN,10DPMN,M,NS,00,18,50,450.56,882,523.98,518.66,5.975990,0.817850,1000.00,cifi0007.DBF
DPMN,10DPMN,M,NS,00,18,51,467.81,889,540.76,535.36,5.975990,0.817850,1000.00,cifi0007.DBF
DPMN,10DPMN,M,NS,00,18,52,485.34,896,557.72,552.23,5.975990,0.817850,1000.00,cifi0007.DBF
DPMN,10DPMN,M,NS,00,18,53,503.13,903,574.79,569.24,5.975990,0.817850,1000.00,cifi0007.DBF
DPMN,10DPMN,M,NS,00,18,54,521.10,909,591.93,586.35,5.975990,0.817850,1000.00,cifi0007.DBF
DPMN,10DPMN,M,NS,00,18,55,539.18,915,609.06,603.48,5.975990,0.817850,1000.00,cifi0007.DBF
DPMN,10DPMN,M,NS,00,18,56,557.30,920,626.14,620.59,5.975990,0.817850,1000.00,cifi0007.DBF
DPMN,10DPMN,M,NS,00,18,57,575.43,926,643.11,637.61,5.975990,0.817850,1000.00,cifi0007.DBF
DPMN,10DPMN,M,NS,00,18,58,593.53,931,659.95,654.52,5.975990,0.817850,1000.00,cifi0007.DBF
DPMN,10DPMN,M,NS,00,18,59,611.59,935,676.66,671.30,5.975990,0.817850,1000.00,cifi0007.DBF
DPMN,10DPMN,M,NS,00,18,60,629.61,940,693.24,687.94,5.975990,0.817850,1000.00,cifi0007.DBF
DPMN,10DPMN,M,NS,00,18,61,647.58,944,709.67,704.45,5.975990,0.817850,1000.00,cifi0007.DBF
DPMN,10DPMN,M,NS,00,18,62,665.46,948,725.92,720.79,5.975990,0.817850,1000.00,cifi0007.DBF
DPMN,10DPMN,M,NS,00,18,63,683.17,952,741.93,736.92,5.975990,0.817850,1000.00,cifi0007.DBF
DPMN,10DPMN,M,NS,00,18,64,700.62,956,757.62,752.76,5.975990,0.817850,1000.00,cifi0007.DBF
DPMN,10DPMN,M,NS,00,18,65,717.80,959,772.97,768.28,5.975990,0.817850,1000.00,cifi0007.DBF
DPMN,10DPMN,M,NS,00,18,66,734.60,962,787.91,783.43,5.975990,0.817850,1000.00,cifi0007.DBF
DPMN,10DPMN,M,NS,00,18,67,750.94,965,802.36,798.12,5.975990,0.817850,1000.00,cifi0007.DBF
DPMN,10DPMN,M,NS,00,18,68,766.69,968,816.22,812.28,5.975990,0.817850,1000.00,cifi0007.DBF
DPMN,10DPMN,M,NS,00,18,69,781.76,971,829.41,825.80,5.975990,0.817850,1000.00,cifi0007.DBF
DPMN,10DPMN,M,NS,00,18,70,796.01,973,841.82,838.60,5.975990,0.817850,1000.00,cifi0007.DBF
DPMN,10DPMN,M,NS,00,18,71,809.36,975,853.37,850.58,5.975990,0.817850,1000.00,cifi0007.DBF
DPMN,10DPMN,M,NS,00,18,72,821.81,977,864.09,861.72,5.975990,0.817850,1000.00,cifi0007.DBF
DPMN,10DPMN,M,NS,00,18,73,833.43,979,874.02,872.04,5.975990,0.817850,1000.00,cifi0007.DBF
DPMN,10DPMN,M,NS,00,18,74,844.42,981,883.31,881.65,5.975990,0.817850,1000.00,cifi0007.DBF
DPMN,10DPMN,M,NS,00,18,75,855.08,982,892.22,890.76,5.975990,0.817850,1000.00,cifi0007.DBF
DPMN,10DPMN,M,NS,00,18,76,865.85,984,901.07,899.63,5.975990,0.817850,1000.00,cifi0007.DBF
DPMN,10DPMN,M,NS,00,18,77,877.42,985,910.38,908.71,5.975990,0.817850,1000.00,cifi0007.DBF
DPMN,10DPMN,M,NS,00,18,78,890.89,987,920.98,918.67,5.975990,0.817850,1000.00,cifi0007.DBF
DPMN,10DPMN,M,NS,00,18,79,907.07,989,933.36,930.16,5.975990,0.817850,1000.00,cifi0007.DBF
DPMN,10DPMN,M,NS,00,18,80,927.91,992,948.83,944.08,5.975990,0.817850,1000.00,cifi0007.DBF
DPMN,10DPMN,M,NS,00,18,81,956.80,996,969.65,962.23,5.975990,0.817850,1000.00,cifi0007.DBF
DPMN,10DPMN,M,NS,00,18,82,1000.00,1000,1000.00,987.81,5.975990,0.817850,1000.00,cifi0007.DBF
DPMN,10DPMN,M,NS,00,19,1,0.00,0,0.00,0.42,0.847410,0.847410,1000.00,cifi0007.DBF
DPMN,10DPMN,M,NS,00,19,2,0.00,0,5.45,5.81,6.162090,0.847410,1000.00,cifi0007.DBF
DPMN,10DPMN,M,NS,00,19,3,0.00,0,11.03,11.32,6.162090,0.847410,1000.00,cifi0007.DBF
DPMN,10DPMN,M,NS,00,19,4,0.00,0,16.81,17.00,6.162090,0.847410,1000.00,cifi0007.DBF
DPMN,10DPMN,M,NS,00,19,5,4.16,36,22.81,22.89,6.162090,0.847410,1000.00,cifi0007.DBF
DPMN,10DPMN,M,NS,00,19,6,8.58,72,29.01,28.99,6.162090,0.847410,1000.00,cifi0007.DBF
DPMN,10DPMN,M,NS,00,19,7,13.18,106,35.39,35.28,6.162090,0.847410,1000.00,cifi0007.DBF
DPMN,10DPMN,M,NS,00,19,8,18.09,141,42.10,41.83,6.162090,0.847410,1000.00,cifi0007.DBF
DPMN,10DPMN,M,NS,00,19,9,23.24,174,49.04,48.65,6.162090,0.847410,1000.00,cifi0007.DBF
DPMN,10DPMN,M,NS,00,19,10,28.65,207,56.26,55.73,6.162090,0.847410,1000.00,cifi0007.DBF
DPMN,10DPMN,M,NS,00,19,11,34.33,240,63.74,63.08,6.162090,0.847410,1000.00,cifi0007.DBF
DPMN,10DPMN,M,NS,00,19,12,40.27,271,71.48,70.69,6.162090,0.847410,1000.00,cifi0007.DBF
DPMN,10DPMN,M,NS,00,19,13,46.43,302,79.44,78.54,6.162090,0.847410,1000.00,cifi0007.DBF
DPMN,10DPMN,M,NS,00,19,14,52.83,331,87.62,86.61,6.162090,0.847410,1000.00,cifi0007.DBF
DPMN,10DPMN,M,NS,00,19,15,59.41,359,95.98,94.88,6.162090,0.847410,1000.00,cifi0007.DBF
DPMN,10DPMN,M,NS,00,19,16,66.15,386,104.50,103.32,6.162090,0.847410,1000.00,cifi0007.DBF
DPMN,10DPMN,M,NS,00,19,17,73.06,411,113.17,111.91,6.162090,0.847410,1000.00,cifi0007.DBF
DPMN,10DPMN,M,NS,00,19,18,80.11,436,121.97,120.65,6.162090,0.847410,1000.00,cifi0007.DBF
DPMN,10DPMN,M,NS,00,19,19,87.33,459,130.93,129.53,6.162090,0.847410,1000.00,cifi0007.DBF
DPMN,10DPMN,M,NS,00,19,20,94.75,481,140.07,138.58,6.162090,0.847410,1000.00,cifi0007.DBF
DPMN,10DPMN,M,NS,00,19,21,102.40,503,149.44,147.84,6.162090,0.847410,1000.00,cifi0007.DBF
DPMN,10DPMN,M,NS,00,19,22,110.32,524,159.04,157.32,6.162090,0.847410,1000.00,cifi0007.DBF
DPMN,10DPMN,M,NS,00,19,23,118.50,544,168.88,167.04,6.162090,0.847410,1000.00,cifi0007.DBF
DPMN,10DPMN,M,NS,00,19,24,126.93,563,178.95,177.00,6.162090,0.847410,1000.00,cifi0007.DBF
DPMN,10DPMN,M,NS,00,19,25,135.63,582,189.26,187.19,6.162090,0.847410,1000.00,cifi0007.DBF
DPMN,10DPMN,M,NS,00,19,26,144.62,600,199.83,197.63,6.162090,0.847410,1000.00,cifi0007.DBF
DPMN,10DPMN,M,NS,00,19,27,153.95,617,210.70,208.34,6.162090,0.847410,1000.00,cifi0007.DBF
DPMN,10DPMN,M,NS,00,19,28,163.61,634,221.85,219.36,6.162090,0.847410,1000.00,cifi0007.DBF
DPMN,10DPMN,M,NS,00,19,29,173.62,651,233.31,230.66,6.162090,0.847410,1000.00,cifi0007.DBF
DPMN,10DPMN,M,NS,00,19,30,183.99,667,245.08,242.28,6.162090,0.847410,1000.00,cifi0007.DBF
DPMN,10DPMN,M,NS,00,19,31,194.72,682,257.16,254.20,6.162090,0.847410,1000.00,cifi0007.DBF
DPMN,10DPMN,M,NS,00,19,32,205.82,697,269.54,266.43,6.162090,0.847410,1000.00,cifi0007.DBF
DPMN,10DPMN,M,NS,00,19,33,217.25,711,282.20,278.96,6.162090,0.847410,1000.00,cifi0007.DBF
DPMN,10DPMN,M,NS,00,19,34,229.01,725,295.12,291.75,6.162090,0.847410,1000.00,cifi0007.DBF
DPMN,10DPMN,M,NS,00,19,35,241.08,738,308.29,304.79,6.162090,0.847410,1000.00,cifi0007.DBF
DPMN,10DPMN,M,NS,00,19,36,253.47,751,321.71,318.08,6.162090,0.847410,1000.00,cifi0007.DBF
DPMN,10DPMN,M,NS,00,19,37,266.21,763,335.40,331.63,6.162090,0.847410,1000.00,cifi0007.DBF
DPMN,10DPMN,M,NS,00,19,38,279.33,775,349.38,345.47,6.162090,0.847410,1000.00,cifi0007.DBF
DPMN,10DPMN,M,NS,00,19,39,292.87,786,363.69,359.62,6.162090,0.847410,1000.00,cifi0007.DBF
DPMN,10DPMN,M,NS,00,19,40,306.83,797,378.33,374.09,6.162090,0.847410,1000.00,cifi0007.DBF
DPMN,10DPMN,M,NS,00,19,41,321.22,808,393.30,388.90,6.162090,0.847410,1000.00,cifi0007.DBF
DPMN,10DPMN,M,NS,00,19,42,336.01,818,408.57,404.02,6.162090,0.847410,1000.00,cifi0007.DBF
DPMN,10DPMN,M,NS,00,19,43,351.17,828,424.10,419.42,6.162090,0.847410,1000.00,cifi0007.DBF
DPMN,10DPMN,M,NS,00,19,44,366.64,837,439.84,435.05,6.162090,0.847410,1000.00,cifi0007.DBF
DPMN,10DPMN,M,NS,00,19,45,382.43,846,455.78,450.89,6.162090,0.847410,1000.00,cifi0007.DBF
DPMN,10DPMN,M,NS,00,19,46,398.51,855,471.91,466.92,6.162090,0.847410,1000.00,cifi0007.DBF
DPMN,10DPMN,M,NS,00,19,47,414.89,863,488.22,483.14,6.162090,0.847410,1000.00,cifi0007.DBF
DPMN,10DPMN,M,NS,00,19,48,431.57,871,504.72,499.55,6.162090,0.847410,1000.00,cifi0007.DBF
DPMN,10DPMN,M,NS,00,19,49,448.57,879,521.41,516.14,6.162090,0.847410,1000.00,cifi0007.DBF
DPMN,10DPMN,M,NS,00,19,50,465.88,886,538.28,532.93,6.162090,0.847410,1000.00,cifi0007.DBF
DPMN,10DPMN,M,NS,00,19,51,483.48,893,555.32,549.88,6.162090,0.847410,1000.00,cifi0007.DBF
DPMN,10DPMN,M,NS,00,19,52,501.32,899,572.48,566.98,6.162090,0.847410,1000.00,cifi0007.DBF
DPMN,10DPMN,M,NS,00,19,53,519.36,906,589.71,584.18,6.162090,0.847410,1000.00,cifi0007.DBF
DPMN,10DPMN,M,NS,00,19,54,537.50,912,606.94,601.41,6.162090,0.847410,1000.00,cifi0007.DBF
DPMN,10DPMN,M,NS,00,19,55,555.70,918,624.10,618.60,6.162090,0.847410,1000.00,cifi0007.DBF
DPMN,10DPMN,M,NS,00,19,56,573.89,923,641.16,635.71,6.162090,0.847410,1000.00,cifi0007.DBF
DPMN,10DPMN,M,NS,00,19,57,592.05,928,658.09,652.71,6.162090,0.847410,1000.00,cifi0007.DBF
DPMN,10DPMN,M,NS,00,19,58,610.18,933,674.89,669.58,6.162090,0.847410,1000.00,cifi0007.DBF
DPMN,10DPMN,M,NS,00,19,59,628.27,938,691.56,686.31,6.162090,0.847410,1000.00,cifi0007.DBF
DPMN,10DPMN,M,NS,00,19,60,646.30,942,708.08,702.90,6.162090,0.847410,1000.00,cifi0007.DBF
DPMN,10DPMN,M,NS,00,19,61,664.25,946,724.41,719.33,6.162090,0.847410,1000.00,cifi0007.DBF
DPMN,10DPMN,M,NS,00,19,62,682.02,950,740.50,735.54,6.162090,0.847410,1000.00,cifi0007.DBF
DPMN,10DPMN,M,NS,00,19,63,699.54,954,756.27,751.47,6.162090,0.847410,1000.00,cifi0007.DBF
DPMN,10DPMN,M,NS,00,19,64,716.77,958,771.71,767.07,6.162090,0.847410,1000.00,cifi0007.DBF
DPMN,10DPMN,M,NS,00,19,65,733.64,961,786.72,782.29,6.162090,0.847410,1000.00,cifi0007.DBF
DPMN,10DPMN,M,NS,00,19,66,750.03,964,801.25,797.06,6.162090,0.847410,1000.00,cifi0007.DBF
DPMN,10DPMN,M,NS,00,19,67,765.85,967,815.18,811.29,6.162090,0.847410,1000.00,cifi0007.DBF
DPMN,10DPMN,M,NS,00,19,68,780.97,970,828.44,824.89,6.162090,0.847410,1000.00,cifi0007.DBF
DPMN,10DPMN,M,NS,00,19,69,795.27,972,840.91,837.76,6.162090,0.847410,1000.00,cifi0007.DBF
DPMN,10DPMN,M,NS,00,19,70,808.66,974,852.53,849.80,6.162090,0.847410,1000.00,cifi0007.DBF
DPMN,10DPMN,M,NS,00,19,71,821.16,976,863.30,861.00,6.162090,0.847410,1000.00,cifi0007.DBF
DPMN,10DPMN,M,NS,00,19,72,832.82,978,873.28,871.37,6.162090,0.847410,1000.00,cifi0007.DBF
DPMN,10DPMN,M,NS,00,19,73,843.85,980,882.63,881.04,6.162090,0.847410,1000.00,cifi0007.DBF
DPMN,10DPMN,M,NS,00,19,74,854.56,982,891.59,890.19,6.162090,0.847410,1000.00,cifi0007.DBF
DPMN,10DPMN,M,NS,00,19,75,865.36,983,900.48,899.11,6.162090,0.847410,1000.00,cifi0007.DBF
DPMN,10DPMN,M,NS,00,19,76,876.98,985,909.84,908.24,6.162090,0.847410,1000.00,cifi0007.DBF
DPMN,10DPMN,M,NS,00,19,77,890.50,987,920.50,918.25,6.162090,0.847410,1000.00,cifi0007.DBF
DPMN,10DPMN,M,NS,00,19,78,906.74,989,932.95,929.81,6.162090,0.847410,1000.00,cifi0007.DBF
DPMN,10DPMN,M,NS,00,19,79,927.65,992,948.51,943.82,6.162090,0.847410,1000.00,cifi0007.DBF
DPMN,10DPMN,M,NS,00,19,80,956.64,995,969.46,962.07,6.162090,0.847410,1000.00,cifi0007.DBF
DPMN,10DPMN,M,NS,00,19,81,1000.00,1000,1000.00,987.81,6.162090,0.847410,1000.00,cifi0007.DBF
DPMN,10DPMN,M,NS,00,20,1,0.00,0,0.00,0.44,0.876970,0.876970,1000.00,cifi0007.DBF
DPMN,10DPMN,M,NS,00,20,2,0.00,0,5.61,5.98,6.354900,0.876970,1000.00,cifi0007.DBF
DPMN,10DPMN,M,NS,00,20,3,0.00,0,11.43,11.69,6.354900,0.876970,1000.00,cifi0007.DBF
DPMN,10DPMN,M,NS,00,20,4,0.41,4,17.46,17.62,6.354900,0.876970,1000.00,cifi0007.DBF
DPMN,10DPMN,M,NS,00,20,5,4.85,41,23.68,23.75,6.354900,0.876970,1000.00,cifi0007.DBF
DPMN,10DPMN,M,NS,00,20,6,9.46,76,30.10,30.07,6.354900,0.876970,1000.00,cifi0007.DBF
DPMN,10DPMN,M,NS,00,20,7,14.40,112,36.85,36.65,6.354900,0.876970,1000.00,cifi0007.DBF
DPMN,10DPMN,M,NS,00,20,8,19.56,147,43.83,43.52,6.354900,0.876970,1000.00,cifi0007.DBF
DPMN,10DPMN,M,NS,00,20,9,25.00,181,51.08,50.63,6.354900,0.876970,1000.00,cifi0007.DBF
DPMN,10DPMN,M,NS,00,20,10,30.70,215,58.61,58.02,6.354900,0.876970,1000.00,cifi0007.DBF
DPMN,10DPMN,M,NS,00,20,11,36.66,247,66.39,65.67,6.354900,0.876970,1000.00,cifi0007.DBF
DPMN,10DPMN,M,NS,00,20,12,42.85,278,74.39,73.57,6.354900,0.876970,1000.00,cifi0007.DBF
DPMN,10DPMN,M,NS,00,20,13,49.27,309,82.62,81.68,6.354900,0.876970,1000.00,cifi0007.DBF
DPMN,10DPMN,M,NS,00,20,14,55.87,338,91.02,90.00,6.354900,0.876970,1000.00,cifi0007.DBF
DPMN,10DPMN,M,NS,00,20,15,62.64,365,99.58,98.48,6.354900,0.876970,1000.00,cifi0007.DBF
DPMN,10DPMN,M,NS,00,20,16,69.57,392,108.30,107.12,6.354900,0.876970,1000.00,cifi0007.DBF
DPMN,10DPMN,M,NS,00,20,17,76.65,417,117.15,115.90,6.354900,0.876970,1000.00,cifi0007.DBF
DPMN,10DPMN,M,NS,00,20,18,83.90,441,126.16,124.84,6.354900,0.876970,1000.00,cifi0007.DBF
DPMN,10DPMN,M,NS,00,20,19,91.34,464,135.35,133.93,6.354900,0.876970,1000.00,cifi0007.DBF
DPMN,10DPMN,M,NS,00,20,20,99.03,486,144.76,143.24,6.354900,0.876970,1000.00,cifi0007.DBF
DPMN,10DPMN,M,NS,00,20,21,106.97,508,154.42,152.77,6.354900,0.876970,1000.00,cifi0007.DBF
DPMN,10DPMN,M,NS,00,20,22,115.18,529,164.32,162.55,6.354900,0.876970,1000.00,cifi0007.DBF
DPMN,10DPMN,M,NS,00,20,23,123.64,549,174.44,172.55,6.354900,0.876970,1000.00,cifi0007.DBF
DPMN,10DPMN,M,NS,00,20,24,132.38,568,184.81,182.80,6.354900,0.876970,1000.00,cifi0007.DBF
DPMN,10DPMN,M,NS,00,20,25,141.40,587,195.43,193.29,6.354900,0.876970,1000.00,cifi0007.DBF
DPMN,10DPMN,M,NS,00,20,26,150.77,605,206.36,204.07,6.354900,0.876970,1000.00,cifi0007.DBF
DPMN,10DPMN,M,NS,00,20,27,160.46,622,217.57,215.14,6.354900,0.876970,1000.00,cifi0007.DBF
DPMN,10DPMN,M,NS,00,20,28,170.51,639,229.10,226.51,6.354900,0.876970,1000.00,cifi0007.DBF
DPMN,10DPMN,M,NS,00,20,29,180.92,656,240.93,238.19,6.354900,0.876970,1000.00,cifi0007.DBF
DPMN,10DPMN,M,NS,00,20,30,191.69,671,253.07,250.18,6.354900,0.876970,1000.00,cifi0007.DBF
DPMN,10DPMN,M,NS,00,20,31,202.83,687,265.52,262.47,6.354900,0.876970,1000.00,cifi0007.DBF
DPMN,10DPMN,M,NS,00,20,32,214.31,702,278.25,275.06,6.354900,0.876970,1000.00,cifi0007.DBF
DPMN,10DPMN,M,NS,00,20,33,226.11,716,291.24,287.92,6.354900,0.876970,1000.00,cifi0007.DBF
DPMN,10DPMN,M,NS,00,20,34,238.23,729,304.48,301.04,6.354900,0.876970,1000.00,cifi0007.DBF
DPMN,10DPMN,M,NS,00,20,35,250.67,743,317.97,314.40,6.354900,0.876970,1000.00,cifi0007.DBF
DPMN,10DPMN,M,NS,00,20,36,263.45,755,331.73,328.03,6.354900,0.876970,1000.00,cifi0007.DBF
DPMN,10DPMN,M,NS,00,20,37,276.62,767,345.79,341.94,6.354900,0.876970,1000.00,cifi0007.DBF
DPMN,10DPMN,M,NS,00,20,38,290.21,779,360.18,356.16,6.354900,0.876970,1000.00,cifi0007.DBF
DPMN,10DPMN,M,NS,00,20,39,304.22,790,374.90,370.71,6.354900,0.876970,1000.00,cifi0007.DBF
DPMN,10DPMN,M,NS,00,20,40,318.66,801,389.95,385.60,6.354900,0.876970,1000.00,cifi0007.DBF
DPMN,10DPMN,M,NS,00,20,41,333.52,812,405.30,400.80,6.354900,0.876970,1000.00,cifi0007.DBF
DPMN,10DPMN,M,NS,00,20,42,348.73,822,420.91,416.28,6.354900,0.876970,1000.00,cifi0007.DBF
DPMN,10DPMN,M,NS,00,20,43,364.26,832,436.73,432.00,6.354900,0.876970,1000.00,cifi0007.DBF
DPMN,10DPMN,M,NS,00,20,44,380.11,841,452.76,447.93,6.354900,0.876970,1000.00,cifi0007.DBF
DPMN,10DPMN,M,NS,00,20,45,396.25,850,468.98,464.05,6.354900,0.876970,1000.00,cifi0007.DBF
DPMN,10DPMN,M,NS,00,20,46,412.69,858,485.38,480.35,6.354900,0.876970,1000.00,cifi0007.DBF
DPMN,10DPMN,M,NS,00,20,47,429.43,867,501.96,496.85,6.354900,0.876970,1000.00,cifi0007.DBF
DPMN,10DPMN,M,NS,00,20,48,446.50,874,518.74,513.53,6.354900,0.876970,1000.00,cifi0007.DBF
DPMN,10DPMN,M,NS,00,20,49,463.87,882,535.71,530.40,6.354900,0.876970,1000.00,cifi0007.DBF
DPMN,10DPMN,M,NS,00,20,50,481.53,889,552.84,547.45,6.354900,0.876970,1000.00,cifi0007.DBF
DPMN,10DPMN,M,NS,00,20,51,499.45,896,570.10,564.65,6.354900,0.876970,1000.00,cifi0007.DBF
DPMN,10DPMN,M,NS,00,20,52,517.55,903,587.42,581.93,6.354900,0.876970,1000.00,cifi0007.DBF
DPMN,10DPMN,M,NS,00,20,53,535.76,909,604.74,599.25,6.354900,0.876970,1000.00,cifi0007.DBF
DPMN,10DPMN,M,NS,00,20,54,554.03,915,621.99,616.54,6.354900,0.876970,1000.00,cifi0007.DBF
DPMN,10DPMN,M,NS,00,20,55,572.29,921,639.15,633.75,6.354900,0.876970,1000.00,cifi0007.DBF
DPMN,10DPMN,M,NS,00,20,56,590.52,926,656.17,650.84,6.354900,0.876970,1000.00,cifi0007.DBF
DPMN,10DPMN,M,NS,00,20,57,608.71,931,673.06,667.79,6.354900,0.876970,1000.00,cifi0007.DBF
DPMN,10DPMN,M,NS,00,20,58,626.87,936,689.81,684.61,6.354900,0.876970,1000.00,cifi0007.DBF
DPMN,10DPMN,M,NS,00,20,59,644.97,940,706.42,701.30,6.354900,0.876970,1000.00,cifi0007.DBF
DPMN,10DPMN,M,NS,00,20,60,662.98,945,722.85,717.81,6.354900,0.876970,1000.00,cifi0007.DBF
DPMN,10DPMN,M,NS,00,20,61,680.83,949,739.02,734.11,6.354900,0.876970,1000.00,cifi0007.DBF
DPMN,10DPMN,M,NS,00,20,62,698.41,953,754.88,750.13,6.354900,0.876970,1000.00,cifi0007.DBF
DPMN,10DPMN,M,NS,00,20,63,715.71,956,770.39,765.81,6.354900,0.876970,1000.00,cifi0007.DBF
DPMN,10DPMN,M,NS,00,20,64,732.63,960,785.49,781.12,6.354900,0.876970,1000.00,cifi0007.DBF
DPMN,10DPMN,M,NS,00,20,65,749.09,963,800.09,795.97,6.354900,0.876970,1000.00,cifi0007.DBF
DPMN,10DPMN,M,NS,00,20,66,764.97,966,814.11,810.28,6.354900,0.876970,1000.00,cifi0007.DBF
DPMN,10DPMN,M,NS,00,20,67,780.15,969,827.43,823.95,6.354900,0.876970,1000.00,cifi0007.DBF
DPMN,10DPMN,M,NS,00,20,68,794.50,971,839.98,836.88,6.354900,0.876970,1000.00,cifi0007.DBF
DPMN,10DPMN,M,NS,00,20,69,807.94,974,851.66,848.99,6.354900,0.876970,1000.00,cifi0007.DBF
DPMN,10DPMN,M,NS,00,20,70,820.49,976,862.49,860.25,6.354900,0.876970,1000.00,cifi0007.DBF
DPMN,10DPMN,M,NS,00,20,71,832.20,978,872.52,870.68,6.354900,0.876970,1000.00,cifi0007.DBF
DPMN,10DPMN,M,NS,00,20,72,843.27,979,881.92,880.40,6.354900,0.876970,1000.00,cifi0007.DBF
DPMN,10DPMN,M,NS,00,20,73,854.01,981,890.93,889.60,6.354900,0.876970,1000.00,cifi0007.DBF
DPMN,10DPMN,M,NS,00,20,74,864.85,983,899.87,898.58,6.354900,0.876970,1000.00,cifi0007.DBF
DPMN,10DPMN,M,NS,00,20,75,876.51,984,909.29,907.76,6.354900,0.876970,1000.00,cifi0007.DBF
DPMN,10DPMN,M,NS,00,20,76,890.09,986,920.01,917.83,6.354900,0.876970,1000.00,cifi0007.DBF
DPMN,10DPMN,M,NS,00,20,77,906.39,989,932.54,929.45,6.354900,0.876970,1000.00,cifi0007.DBF
DPMN,10DPMN,M,NS,00,20,78,927.38,991,948.19,943.54,6.354900,0.876970,1000.00,cifi0007.DBF
DPMN,10DPMN,M,NS,00,20,79,956.48,995,969.27,961.91,6.354900,0.876970,1000.00,cifi0007.DBF
DPMN,10DPMN,M,NS,00,20,80,1000.00,1000,1000.00,987.81,6.354900,0.876970,1000.00,cifi0007.DBF
DPMN,10DPMN,M,NS,00,21,1,0.00,0,0.00,0.46,0.916390,0.916390,1000.00,cifi0007.DBF
DPMN,10DPMN,M,NS,00,21,2,0.00,0,5.85,6.20,6.554420,0.916390,1000.00,cifi0007.DBF
DPMN,10DPMN,M,NS,00,21,3,0.00,0,11.92,12.16,6.554420,0.916390,1000.00,cifi0007.DBF
DPMN,10DPMN,M,NS,00,21,4,0.97,9,18.18,18.32,6.554420,0.916390,1000.00,cifi0007.DBF
DPMN,10DPMN,M,NS,00,21,5,5.60,45,24.63,24.68,6.554420,0.916390,1000.00,cifi0007.DBF
DPMN,10DPMN,M,NS,00,21,6,10.56,82,31.41,31.30,6.554420,0.916390,1000.00,cifi0007.DBF
DPMN,10DPMN,M,NS,00,21,7,15.74,118,38.43,38.20,6.554420,0.916390,1000.00,cifi0007.DBF
DPMN,10DPMN,M,NS,00,21,8,21.20,154,45.73,45.36,6.554420,0.916390,1000.00,cifi0007.DBF
DPMN,10DPMN,M,NS,00,21,9,26.92,188,53.29,52.79,6.554420,0.916390,1000.00,cifi0007.DBF
DPMN,10DPMN,M,NS,00,21,10,32.91,222,61.12,60.48,6.554420,0.916390,1000.00,cifi0007.DBF
DPMN,10DPMN,M,NS,00,21,11,39.12,254,69.16,68.42,6.554420,0.916390,1000.00,cifi0007.DBF
DPMN,10DPMN,M,NS,00,21,12,45.56,286,77.44,76.58,6.554420,0.916390,1000.00,cifi0007.DBF
DPMN,10DPMN,M,NS,00,21,13,52.19,315,85.89,84.94,6.554420,0.916390,1000.00,cifi0007.DBF
DPMN,10DPMN,M,NS,00,21,14,58.99,344,94.50,93.47,6.554420,0.916390,1000.00,cifi0007.DBF
DPMN,10DPMN,M,NS,00,21,15,65.95,371,103.26,102.16,6.554420,0.916390,1000.00,cifi0007.DBF
DPMN,10DPMN,M,NS,00,21,16,73.05,397,112.17,110.99,6.554420,0.916390,1000.00,cifi0007.DBF
DPMN,10DPMN,M,NS,00,21,17,80.33,422,121.23,119.97,6.554420,0.916390,1000.00,cifi0007.DBF
DPMN,10DPMN,M,NS,00,21,18,87.80,446,130.46,129.12,6.554420,0.916390,1000.00,cifi0007.DBF
DPMN,10DPMN,M,NS,00,21,19,95.51,469,139.93,138.47,6.554420,0.916390,1000.00,cifi0007.DBF
DPMN,10DPMN,M,NS,00,21,20,103.49,491,149.64,148.06,6.554420,0.916390,1000.00,cifi0007.DBF
DPMN,10DPMN,M,NS,00,21,21,111.73,513,159.59,157.89,6.554420,0.916390,1000.00,cifi0007.DBF
DPMN,10DPMN,M,NS,00,21,22,120.23,533,169.77,167.96,6.554420,0.916390,1000.00,cifi0007.DBF
DPMN,10DPMN,M,NS,00,21,23,129.00,553,180.19,178.26,6.554420,0.916390,1000.00,cifi0007.DBF
DPMN,10DPMN,M,NS,00,21,24,138.06,573,190.88,188.81,6.554420,0.916390,1000.00,cifi0007.DBF
DPMN,10DPMN,M,NS,00,21,25,147.46,591,201.87,199.65,6.554420,0.916390,1000.00,cifi0007.DBF
DPMN,10DPMN,M,NS,00,21,26,157.19,609,213.14,210.78,6.554420,0.916390,1000.00,cifi0007.DBF
DPMN,10DPMN,M,NS,00,21,27,167.28,627,224.73,222.21,6.554420,0.916390,1000.00,cifi0007.DBF
DPMN,10DPMN,M,NS,00,21,28,177.73,644,236.63,233.96,6.554420,0.916390,1000.00,cifi0007.DBF
DPMN,10DPMN,M,NS,00,21,29,188.54,660,248.84,246.01,6.554420,0.916390,1000.00,cifi0007.DBF
DPMN,10DPMN,M,NS,00,21,30,199.72,676,261.36,258.38,6.554420,0.916390,1000.00,cifi0007.DBF
DPMN,10DPMN,M,NS,00,21,31,211.25,692,274.16,271.04,6.554420,0.916390,1000.00,cifi0007.DBF
DPMN,10DPMN,M,NS,00,21,32,223.09,706,287.22,283.97,6.554420,0.916390,1000.00,cifi0007.DBF
DPMN,10DPMN,M,NS,00,21,33,235.26,720,300.53,297.15,6.554420,0.916390,1000.00,cifi0007.DBF
DPMN,10DPMN,M,NS,00,21,34,247.75,734,314.10,310.59,6.554420,0.916390,1000.00,cifi0007.DBF
DPMN,10DPMN,M,NS,00,21,35,260.58,747,327.93,324.29,6.554420,0.916390,1000.00,cifi0007.DBF
DPMN,10DPMN,M,NS,00,21,36,273.81,759,342.07,338.28,6.554420,0.916390,1000.00,cifi0007.DBF
DPMN,10DPMN,M,NS,00,21,37,287.44,772,356.54,352.58,6.554420,0.916390,1000.00,cifi0007.DBF
DPMN,10DPMN,M,NS,00,21,38,301.51,783,371.34,367.22,6.554420,0.916390,1000.00,cifi0007.DBF
DPMN,10DPMN,M,NS,00,21,39,316.01,795,386.47,382.18,6.554420,0.916390,1000.00,cifi0007.DBF
DPMN,10DPMN,M,NS,00,21,40,330.92,806,401.91,397.47,6.554420,0.916390,1000.00,cifi0007.DBF
DPMN,10DPMN,M,NS,00,21,41,346.19,816,417.61,413.04,6.554420,0.916390,1000.00,cifi0007.DBF
DPMN,10DPMN,M,NS,00,21,42,361.79,826,433.52,428.84,6.554420,0.916390,1000.00,cifi0007.DBF
DPMN,10DPMN,M,NS,00,21,43,377.69,836,449.64,444.86,6.554420,0.916390,1000.00,cifi0007.DBF
DPMN,10DPMN,M,NS,00,21,44,393.89,845,465.94,461.07,6.554420,0.916390,1000.00,cifi0007.DBF
DPMN,10DPMN,M,NS,00,21,45,410.40,854,482.43,477.47,6.554420,0.916390,1000.00,cifi0007.DBF
DPMN,10DPMN,M,NS,00,21,46,427.21,862,499.11,494.05,6.554420,0.916390,1000.00,cifi0007.DBF
DPMN,10DPMN,M,NS,00,21,47,444.34,870,515.99,510.83,6.554420,0.916390,1000.00,cifi0007.DBF
DPMN,10DPMN,M,NS,00,21,48,461.78,878,533.05,527.80,6.554420,0.916390,1000.00,cifi0007.DBF
DPMN,10DPMN,M,NS,00,21,49,479.51,885,550.28,544.94,6.554420,0.916390,1000.00,cifi0007.DBF
DPMN,10DPMN,M,NS,00,21,50,497.50,893,567.63,562.23,6.554420,0.916390,1000.00,cifi0007.DBF
DPMN,10DPMN,M,NS,00,21,51,515.67,899,585.04,579.61,6.554420,0.916390,1000.00,cifi0007.DBF
DPMN,10DPMN,M,NS,00,21,52,533.96,906,602.46,597.03,6.554420,0.916390,1000.00,cifi0007.DBF
DPMN,10DPMN,M,NS,00,21,53,552.29,912,619.81,614.41,6.554420,0.916390,1000.00,cifi0007.DBF
DPMN,10DPMN,M,NS,00,21,54,570.62,918,637.06,631.71,6.554420,0.916390,1000.00,cifi0007.DBF
DPMN,10DPMN,M,NS,00,21,55,588.92,923,654.18,648.90,6.554420,0.916390,1000.00,cifi0007.DBF
DPMN,10DPMN,M,NS,00,21,56,607.19,929,671.16,665.95,6.554420,0.916390,1000.00,cifi0007.DBF
DPMN,10DPMN,M,NS,00,21,57,625.41,934,688.01,682.86,6.554420,0.916390,1000.00,cifi0007.DBF
DPMN,10DPMN,M,NS,00,21,58,643.59,938,704.71,699.64,6.554420,0.916390,1000.00,cifi0007.DBF
DPMN,10DPMN,M,NS,00,21,59,661.67,943,721.22,716.24,6.554420,0.916390,1000.00,cifi0007.DBF
DPMN,10DPMN,M,NS,00,21,60,679.58,947,737.49,732.64,6.554420,0.916390,1000.00,cifi0007.DBF
DPMN,10DPMN,M,NS,00,21,61,697.23,951,753.44,748.74,6.554420,0.916390,1000.00,cifi0007.DBF
DPMN,10DPMN,M,NS,00,21,62,714.60,955,769.04,764.51,6.554420,0.916390,1000.00,cifi0007.DBF
DPMN,10DPMN,M,NS,00,21,63,731.59,958,784.22,779.91,6.554420,0.916390,1000.00,cifi0007.DBF
DPMN,10DPMN,M,NS,00,21,64,748.11,962,798.90,794.84,6.554420,0.916390,1000.00,cifi0007.DBF
DPMN,10DPMN,M,NS,00,21,65,764.05,965,812.99,809.22,6.554420,0.916390,1000.00,cifi0007.DBF
DPMN,10DPMN,M,NS,00,21,66,779.29,968,826.39,822.97,6.554420,0.916390,1000.00,cifi0007.DBF
DPMN,10DPMN,M,NS,00,21,67,793.70,970,839.01,835.98,6.554420,0.916390,1000.00,cifi0007.DBF
DPMN,10DPMN,M,NS,00,21,68,807.20,973,850.75,848.16,6.554420,0.916390,1000.00,cifi0007.DBF
DPMN,10DPMN,M,NS,00,21,69,819.79,975,861.64,859.47,6.554420,0.916390,1000.00,cifi0007.DBF
DPMN,10DPMN,M,NS,00,21,70,831.54,977,871.74,869.97,6.554420,0.916390,1000.00,cifi0007.DBF
DPMN,10DPMN,M,NS,00,21,71,842.66,979,881.19,879.74,6.554420,0.916390,1000.00,cifi0007.DBF
DPMN,10DPMN,M,NS,00,21,72,853.44,980,890.25,889.00,6.554420,0.916390,1000.00,cifi0007.DBF
DPMN,10DPMN,M,NS,00,21,73,864.33,982,899.24,898.02,6.554420,0.916390,1000.00,cifi0007.DBF
DPMN,10DPMN,M,NS,00,21,74,876.03,984,908.72,907.26,6.554420,0.916390,1000.00,cifi0007.DBF
DPMN,10DPMN,M,NS,00,21,75,889.66,986,919.50,917.39,6.554420,0.916390,1000.00,cifi0007.DBF
DPMN,10DPMN,M,NS,00,21,76,906.02,988,932.10,929.08,6.554420,0.916390,1000.00,cifi0007.DBF
DPMN,10DPMN,M,NS,00,21,77,927.09,991,947.86,943.26,6.554420,0.916390,1000.00,cifi0007.DBF
DPMN,10DPMN,M,NS,00,21,78,956.31,995,969.07,961.74,6.554420,0.916390,1000.00,cifi0007.DBF
DPMN,10DPMN,M,NS,00,21,79,1000.00,1000,1000.00,987.81,6.554420,0.916390,1000.00,cifi0007.DBF
DPMN,10DPMN,M,NS,00,22,1,0.00,0,0.00,0.44,0.876970,0.876970,1000.00,cifi0007.DBF
DPMN,10DPMN,M,NS,00,22,2,0.00,0,6.10,6.43,6.763910,0.876970,1000.00,cifi0007.DBF
DPMN,10DPMN,M,NS,00,22,3,0.00,0,12.40,12.63,6.763910,0.876970,1000.00,cifi0007.DBF
DPMN,10DPMN,M,NS,00,22,4,1.60,13,18.89,19.02,6.763910,0.876970,1000.00,cifi0007.DBF
DPMN,10DPMN,M,NS,00,22,5,6.57,51,25.71,25.68,6.763910,0.876970,1000.00,cifi0007.DBF
DPMN,10DPMN,M,NS,00,22,6,11.78,89,32.77,32.62,6.763910,0.876970,1000.00,cifi0007.DBF
DPMN,10DPMN,M,NS,00,22,7,17.25,125,40.11,39.82,6.763910,0.876970,1000.00,cifi0007.DBF
DPMN,10DPMN,M,NS,00,22,8,23.00,161,47.72,47.29,6.763910,0.876970,1000.00,cifi0007.DBF
DPMN,10DPMN,M,NS,00,22,9,29.01,196,55.59,55.03,6.763910,0.876970,1000.00,cifi0007.DBF
DPMN,10DPMN,M,NS,00,22,10,35.25,229,63.68,63.01,6.763910,0.876970,1000.00,cifi0007.DBF
DPMN,10DPMN,M,NS,00,22,11,41.71,261,72.00,71.22,6.763910,0.876970,1000.00,cifi0007.DBF
DPMN,10DPMN,M,NS,00,22,12,48.37,292,80.50,79.63,6.763910,0.876970,1000.00,cifi0007.DBF
DPMN,10DPMN,M,NS,00,22,13,55.19,322,89.16,88.21,6.763910,0.876970,1000.00,cifi0007.DBF
DPMN,10DPMN,M,NS,00,22,14,62.18,350,97.98,96.95,6.763910,0.876970,1000.00,cifi0007.DBF
DPMN,10DPMN,M,NS,00,22,15,69.32,377,106.93,105.83,6.763910,0.876970,1000.00,cifi0007.DBF
DPMN,10DPMN,M,NS,00,22,16,76.62,403,116.04,114.87,6.763910,0.876970,1000.00,cifi0007.DBF
DPMN,10DPMN,M,NS,00,22,17,84.12,427,125.33,124.07,6.763910,0.876970,1000.00,cifi0007.DBF
DPMN,10DPMN,M,NS,00,22,18,91.87,451,134.86,133.48,6.763910,0.876970,1000.00,cifi0007.DBF
DPMN,10DPMN,M,NS,00,22,19,99.88,474,144.62,143.12,6.763910,0.876970,1000.00,cifi0007.DBF
DPMN,10DPMN,M,NS,00,22,20,108.15,496,154.63,153.01,6.763910,0.876970,1000.00,cifi0007.DBF
DPMN,10DPMN,M,NS,00,22,21,116.68,518,164.87,163.13,6.763910,0.876970,1000.00,cifi0007.DBF
DPMN,10DPMN,M,NS,00,22,22,125.49,538,175.35,173.49,6.763910,0.876970,1000.00,cifi0007.DBF
DPMN,10DPMN,M,NS,00,22,23,134.58,558,186.10,184.11,6.763910,0.876970,1000.00,cifi0007.DBF
DPMN,10DPMN,M,NS,00,22,24,144.03,578,197.15,195.01,6.763910,0.876970,1000.00,cifi0007.DBF
DPMN,10DPMN,M,NS,00,22,25,153.79,596,208.49,206.20,6.763910,0.876970,1000.00,cifi0007.DBF
DPMN,10DPMN,M,NS,00,22,26,163.92,614,220.15,217.70,6.763910,0.876970,1000.00,cifi0007.DBF
DPMN,10DPMN,M,NS,00,22,27,174.41,632,232.11,229.51,6.763910,0.876970,1000.00,cifi0007.DBF
DPMN,10DPMN,M,NS,00,22,28,185.27,649,244.39,241.64,6.763910,0.876970,1000.00,cifi0007.DBF
DPMN,10DPMN,M,NS,00,22,29,196.50,665,256.99,254.07,6.763910,0.876970,1000.00,cifi0007.DBF
DPMN,10DPMN,M,NS,00,22,30,208.07,681,269.86,266.81,6.763910,0.876970,1000.00,cifi0007.DBF
DPMN,10DPMN,M,NS,00,22,31,219.96,696,283.00,279.81,6.763910,0.876970,1000.00,cifi0007.DBF
DPMN,10DPMN,M,NS,00,22,32,232.17,711,296.39,293.07,6.763910,0.876970,1000.00,cifi0007.DBF
DPMN,10DPMN,M,NS,00,22,33,244.71,725,310.03,306.59,6.763910,0.876970,1000.00,cifi0007.DBF
DPMN,10DPMN,M,NS,00,22,34,257.60,738,323.95,320.37,6.763910,0.876970,1000.00,cifi0007.DBF
DPMN,10DPMN,M,NS,00,22,35,270.88,751,338.17,334.44,6.763910,0.876970,1000.00,cifi0007.DBF
DPMN,10DPMN,M,NS,00,22,36,284.57,764,352.72,348.83,6.763910,0.876970,1000.00,cifi0007.DBF
DPMN,10DPMN,M,NS,00,22,37,298.69,776,367.61,363.55,6.763910,0.876970,1000.00,cifi0007.DBF
DPMN,10DPMN,M,NS,00,22,38,313.25,788,382.83,378.60,6.763910,0.876970,1000.00,cifi0007.DBF
DPMN,10DPMN,M,NS,00,22,39,328.22,799,398.36,393.98,6.763910,0.876970,1000.00,cifi0007.DBF
DPMN,10DPMN,M,NS,00,22,40,343.56,810,414.15,409.63,6.763910,0.876970,1000.00,cifi0007.DBF
DPMN,10DPMN,M,NS,00,22,41,359.21,820,430.15,425.53,6.763910,0.876970,1000.00,cifi0007.DBF
DPMN,10DPMN,M,NS,00,22,42,375.18,830,446.36,441.64,6.763910,0.876970,1000.00,cifi0007.DBF
DPMN,10DPMN,M,NS,00,22,43,391.45,840,462.76,457.94,6.763910,0.876970,1000.00,cifi0007.DBF
DPMN,10DPMN,M,NS,00,22,44,408.02,849,479.35,474.43,6.763910,0.876970,1000.00,cifi0007.DBF
DPMN,10DPMN,M,NS,00,22,45,424.90,857,496.12,491.12,6.763910,0.876970,1000.00,cifi0007.DBF
DPMN,10DPMN,M,NS,00,22,46,442.10,866,513.10,507.99,6.763910,0.876970,1000.00,cifi0007.DBF
DPMN,10DPMN,M,NS,00,22,47,459.61,874,530.25,525.06,6.763910,0.876970,1000.00,cifi0007.DBF
DPMN,10DPMN,M,NS,00,22,48,477.41,882,547.58,542.30,6.763910,0.876970,1000.00,cifi0007.DBF
DPMN,10DPMN,M,NS,00,22,49,495.47,889,565.03,559.69,6.763910,0.876970,1000.00,cifi0007.DBF
DPMN,10DPMN,M,NS,00,22,50,513.72,896,582.55,577.17,6.763910,0.876970,1000.00,cifi0007.DBF
DPMN,10DPMN,M,NS,00,22,51,532.08,903,600.07,594.69,6.763910,0.876970,1000.00,cifi0007.DBF
DPMN,10DPMN,M,NS,00,22,52,550.48,909,617.52,612.18,6.763910,0.876970,1000.00,cifi0007.DBF
DPMN,10DPMN,M,NS,00,22,53,568.89,915,634.87,629.58,6.763910,0.876970,1000.00,cifi0007.DBF
DPMN,10DPMN,M,NS,00,22,54,587.27,921,652.09,646.86,6.763910,0.876970,1000.00,cifi0007.DBF
DPMN,10DPMN,M,NS,00,22,55,605.61,926,669.17,664.01,6.763910,0.876970,1000.00,cifi0007.DBF
DPMN,10DPMN,M,NS,00,22,56,623.90,931,686.11,681.02,6.763910,0.876970,1000.00,cifi0007.DBF
DPMN,10DPMN,M,NS,00,22,57,642.15,936,702.91,697.89,6.763910,0.876970,1000.00,cifi0007.DBF
DPMN,10DPMN,M,NS,00,22,58,660.31,941,719.52,714.60,6.763910,0.876970,1000.00,cifi0007.DBF
DPMN,10DPMN,M,NS,00,22,59,678.29,945,735.89,731.09,6.763910,0.876970,1000.00,cifi0007.DBF
DPMN,10DPMN,M,NS,00,22,60,696.01,949,751.92,747.29,6.763910,0.876970,1000.00,cifi0007.DBF
DPMN,10DPMN,M,NS,00,22,61,713.45,953,767.61,763.15,6.763910,0.876970,1000.00,cifi0007.DBF
DPMN,10DPMN,M,NS,00,22,62,730.51,957,782.88,778.63,6.763910,0.876970,1000.00,cifi0007.DBF
DPMN,10DPMN,M,NS,00,22,63,747.10,960,797.65,793.65,6.763910,0.876970,1000.00,cifi0007.DBF
DPMN,10DPMN,M,NS,00,22,64,763.10,964,811.82,808.12,6.763910,0.876970,1000.00,cifi0007.DBF
DPMN,10DPMN,M,NS,00,22,65,778.40,967,825.30,821.95,6.763910,0.876970,1000.00,cifi0007.DBF
DPMN,10DPMN,M,NS,00,22,66,792.87,969,837.99,835.03,6.763910,0.876970,1000.00,cifi0007.DBF
DPMN,10DPMN,M,NS,00,22,67,806.42,972,849.80,847.28,6.763910,0.876970,1000.00,cifi0007.DBF
DPMN,10DPMN,M,NS,00,22,68,819.06,974,860.76,858.66,6.763910,0.876970,1000.00,cifi0007.DBF
DPMN,10DPMN,M,NS,00,22,69,830.86,976,870.91,869.22,6.763910,0.876970,1000.00,cifi0007.DBF
DPMN,10DPMN,M,NS,00,22,70,842.02,978,880.42,879.05,6.763910,0.876970,1000.00,cifi0007.DBF
DPMN,10DPMN,M,NS,00,22,71,852.85,980,889.53,888.36,6.763910,0.876970,1000.00,cifi0007.DBF
DPMN,10DPMN,M,NS,00,22,72,863.78,981,898.58,897.44,6.763910,0.876970,1000.00,cifi0007.DBF
DPMN,10DPMN,M,NS,00,22,73,875.53,983,908.11,906.73,6.763910,0.876970,1000.00,cifi0007.DBF
DPMN,10DPMN,M,NS,00,22,74,889.21,985,918.97,916.92,6.763910,0.876970,1000.00,cifi0007.DBF
DPMN,10DPMN,M,NS,00,22,75,905.64,988,931.65,928.69,6.763910,0.876970,1000.00,cifi0007.DBF
DPMN,10DPMN,M,NS,00,22,76,926.80,991,947.51,942.96,6.763910,0.876970,1000.00,cifi0007.DBF
DPMN,10DPMN,M,NS,00,22,77,956.13,995,968.86,961.57,6.763910,0.876970,1000.00,cifi0007.DBF
DPMN,10DPMN,M,NS,00,22,78,1000.00,1000,1000.00,987.81,6.763910,0.876970,1000.00,cifi0007.DBF
DPMN,10DPMN,M,NS,00,23,1,0.00,0,0.00,0.42,0.847410,0.847410,1000.00,cifi0007.DBF
DPMN,10DPMN,M,NS,00,23,2,0.00,0,6.34,6.66,6.983530,0.847410,1000.00,cifi0007.DBF
DPMN,10DPMN,M,NS,00,23,3,0.00,0,12.87,13.09,6.983530,0.847410,1000.00,cifi0007.DBF
DPMN,10DPMN,M,NS,00,23,4,2.34,19,19.73,19.79,6.983530,0.847410,1000.00,cifi0007.DBF
DPMN,10DPMN,M,NS,00,23,5,7.57,57,26.83,26.77,6.983530,0.847410,1000.00,cifi0007.DBF
DPMN,10DPMN,M,NS,00,23,6,13.07,95,34.21,34.01,6.983530,0.847410,1000.00,cifi0007.DBF
DPMN,10DPMN,M,NS,00,23,7,18.84,132,41.87,41.53,6.983530,0.847410,1000.00,cifi0007.DBF
DPMN,10DPMN,M,NS,00,23,8,24.88,168,49.79,49.32,6.983530,0.847410,1000.00,cifi0007.DBF
DPMN,10DPMN,M,NS,00,23,9,31.14,202,57.93,57.35,6.983530,0.847410,1000.00,cifi0007.DBF
DPMN,10DPMN,M,NS,00,23,10,37.64,236,66.30,65.60,6.983530,0.847410,1000.00,cifi0007.DBF
DPMN,10DPMN,M,NS,00,23,11,44.32,268,74.85,74.07,6.983530,0.847410,1000.00,cifi0007.DBF
DPMN,10DPMN,M,NS,00,23,12,51.17,299,83.56,82.70,6.983530,0.847410,1000.00,cifi0007.DBF
DPMN,10DPMN,M,NS,00,23,13,58.19,328,92.43,91.49,6.983530,0.847410,1000.00,cifi0007.DBF
DPMN,10DPMN,M,NS,00,23,14,65.36,356,101.44,100.43,6.983530,0.847410,1000.00,cifi0007.DBF
DPMN,10DPMN,M,NS,00,23,15,72.69,382,110.61,109.52,6.983530,0.847410,1000.00,cifi0007.DBF
DPMN,10DPMN,M,NS,00,23,16,80.23,408,119.96,118.77,6.983530,0.847410,1000.00,cifi0007.DBF
DPMN,10DPMN,M,NS,00,23,17,88.00,432,129.53,128.24,6.983530,0.847410,1000.00,cifi0007.DBF
DPMN,10DPMN,M,NS,00,23,18,96.05,456,139.36,137.94,6.983530,0.847410,1000.00,cifi0007.DBF
DPMN,10DPMN,M,NS,00,23,19,104.36,479,149.43,147.89,6.983530,0.847410,1000.00,cifi0007.DBF
DPMN,10DPMN,M,NS,00,23,20,112.92,501,159.73,158.07,6.983530,0.847410,1000.00,cifi0007.DBF
DPMN,10DPMN,M,NS,00,23,21,121.77,522,170.28,168.49,6.983530,0.847410,1000.00,cifi0007.DBF
DPMN,10DPMN,M,NS,00,23,22,130.90,543,181.09,179.17,6.983530,0.847410,1000.00,cifi0007.DBF
DPMN,10DPMN,M,NS,00,23,23,140.38,563,192.21,190.14,6.983530,0.847410,1000.00,cifi0007.DBF
DPMN,10DPMN,M,NS,00,23,24,150.19,582,203.62,201.40,6.983530,0.847410,1000.00,cifi0007.DBF
DPMN,10DPMN,M,NS,00,23,25,160.37,601,215.34,212.97,6.983530,0.847410,1000.00,cifi0007.DBF
DPMN,10DPMN,M,NS,00,23,26,170.90,619,227.38,224.85,6.983530,0.847410,1000.00,cifi0007.DBF
DPMN,10DPMN,M,NS,00,23,27,181.80,637,239.74,237.05,6.983530,0.847410,1000.00,cifi0007.DBF
DPMN,10DPMN,M,NS,00,23,28,193.08,654,252.41,249.56,6.983530,0.847410,1000.00,cifi0007.DBF
DPMN,10DPMN,M,NS,00,23,29,204.70,670,265.36,262.37,6.983530,0.847410,1000.00,cifi0007.DBF
DPMN,10DPMN,M,NS,00,23,30,216.64,686,278.57,275.46,6.983530,0.847410,1000.00,cifi0007.DBF
DPMN,10DPMN,M,NS,00,23,31,228.91,701,292.04,288.80,6.983530,0.847410,1000.00,cifi0007.DBF
DPMN,10DPMN,M,NS,00,23,32,241.50,715,305.77,302.40,6.983530,0.847410,1000.00,cifi0007.DBF
DPMN,10DPMN,M,NS,00,23,33,254.44,729,319.77,316.26,6.983530,0.847410,1000.00,cifi0007.DBF
DPMN,10DPMN,M,NS,00,23,34,267.78,743,334.08,330.42,6.983530,0.847410,1000.00,cifi0007.DBF
DPMN,10DPMN,M,NS,00,23,35,281.52,756,348.72,344.89,6.983530,0.847410,1000.00,cifi0007.DBF
DPMN,10DPMN,M,NS,00,23,36,295.71,768,363.70,359.70,6.983530,0.847410,1000.00,cifi0007.DBF
DPMN,10DPMN,M,NS,00,23,37,310.33,780,379.01,374.84,6.983530,0.847410,1000.00,cifi0007.DBF
DPMN,10DPMN,M,NS,00,23,38,325.36,792,394.63,390.31,6.983530,0.847410,1000.00,cifi0007.DBF
DPMN,10DPMN,M,NS,00,23,39,340.76,803,410.51,406.06,6.983530,0.847410,1000.00,cifi0007.DBF
DPMN,10DPMN,M,NS,00,23,40,356.49,814,426.62,422.06,6.983530,0.847410,1000.00,cifi0007.DBF
DPMN,10DPMN,M,NS,00,23,41,372.52,824,442.92,438.26,6.983530,0.847410,1000.00,cifi0007.DBF
DPMN,10DPMN,M,NS,00,23,42,388.86,834,459.42,454.66,6.983530,0.847410,1000.00,cifi0007.DBF
DPMN,10DPMN,M,NS,00,23,43,405.50,844,476.11,471.26,6.983530,0.847410,1000.00,cifi0007.DBF
DPMN,10DPMN,M,NS,00,23,44,422.45,853,492.99,488.04,6.983530,0.847410,1000.00,cifi0007.DBF
DPMN,10DPMN,M,NS,00,23,45,439.72,861,510.06,505.02,6.983530,0.847410,1000.00,cifi0007.DBF
DPMN,10DPMN,M,NS,00,23,46,457.31,870,527.32,522.19,6.983530,0.847410,1000.00,cifi0007.DBF
DPMN,10DPMN,M,NS,00,23,47,475.19,877,544.76,539.53,6.983530,0.847410,1000.00,cifi0007.DBF
DPMN,10DPMN,M,NS,00,23,48,493.32,885,562.31,557.03,6.983530,0.847410,1000.00,cifi0007.DBF
DPMN,10DPMN,M,NS,00,23,49,511.65,892,579.94,574.62,6.983530,0.847410,1000.00,cifi0007.DBF
DPMN,10DPMN,M,NS,00,23,50,530.09,899,597.56,592.24,6.983530,0.847410,1000.00,cifi0007.DBF
DPMN,10DPMN,M,NS,00,23,51,548.57,906,615.12,609.83,6.983530,0.847410,1000.00,cifi0007.DBF
DPMN,10DPMN,M,NS,00,23,52,567.05,912,632.57,627.34,6.983530,0.847410,1000.00,cifi0007.DBF
DPMN,10DPMN,M,NS,00,23,53,585.51,918,649.89,644.72,6.983530,0.847410,1000.00,cifi0007.DBF
DPMN,10DPMN,M,NS,00,23,54,603.93,924,667.08,661.98,6.983530,0.847410,1000.00,cifi0007.DBF
DPMN,10DPMN,M,NS,00,23,55,622.30,929,684.13,679.09,6.983530,0.847410,1000.00,cifi0007.DBF
DPMN,10DPMN,M,NS,00,23,56,640.63,934,701.03,696.07,6.983530,0.847410,1000.00,cifi0007.DBF
DPMN,10DPMN,M,NS,00,23,57,658.86,939,717.74,712.87,6.983530,0.847410,1000.00,cifi0007.DBF
DPMN,10DPMN,M,NS,00,23,58,676.92,943,734.20,729.46,6.983530,0.847410,1000.00,cifi0007.DBF
DPMN,10DPMN,M,NS,00,23,59,694.72,948,750.33,745.76,6.983530,0.847410,1000.00,cifi0007.DBF
DPMN,10DPMN,M,NS,00,23,60,712.23,952,766.12,761.72,6.983530,0.847410,1000.00,cifi0007.DBF
DPMN,10DPMN,M,NS,00,23,61,729.36,955,781.48,777.29,6.983530,0.847410,1000.00,cifi0007.DBF
DPMN,10DPMN,M,NS,00,23,62,746.02,959,796.34,792.40,6.983530,0.847410,1000.00,cifi0007.DBF
DPMN,10DPMN,M,NS,00,23,63,762.09,962,810.60,806.96,6.983530,0.847410,1000.00,cifi0007.DBF
DPMN,10DPMN,M,NS,00,23,64,777.46,965,824.16,820.87,6.983530,0.847410,1000.00,cifi0007.DBF
DPMN,10DPMN,M,NS,00,23,65,791.99,968,836.92,834.03,6.983530,0.847410,1000.00,cifi0007.DBF
DPMN,10DPMN,M,NS,00,23,66,805.59,971,848.81,846.36,6.983530,0.847410,1000.00,cifi0007.DBF
DPMN,10DPMN,M,NS,00,23,67,818.29,973,859.83,857.81,6.983530,0.847410,1000.00,cifi0007.DBF
DPMN,10DPMN,M,NS,00,23,68,830.14,975,870.05,868.43,6.983530,0.847410,1000.00,cifi0007.DBF
DPMN,10DPMN,M,NS,00,23,69,841.35,977,879.61,878.32,6.983530,0.847410,1000.00,cifi0007.DBF
DPMN,10DPMN,M,NS,00,23,70,852.22,979,888.78,887.69,6.983530,0.847410,1000.00,cifi0007.DBF
DPMN,10DPMN,M,NS,00,23,71,863.20,981,897.89,896.83,6.983530,0.847410,1000.00,cifi0007.DBF
DPMN,10DPMN,M,NS,00,23,72,875.00,983,907.48,906.18,6.983530,0.847410,1000.00,cifi0007.DBF
DPMN,10DPMN,M,NS,00,23,73,888.74,985,918.41,916.44,6.983530,0.847410,1000.00,cifi0007.DBF
DPMN,10DPMN,M,NS,00,23,74,905.24,987,931.17,928.28,6.983530,0.847410,1000.00,cifi0007.DBF
DPMN,10DPMN,M,NS,00,23,75,926.49,991,947.14,942.65,6.983530,0.847410,1000.00,cifi0007.DBF
DPMN,10DPMN,M,NS,00,23,76,955.94,995,968.64,961.38,6.983530,0.847410,1000.00,cifi0007.DBF
DPMN,10DPMN,M,NS,00,23,77,1000.00,1000,1000.00,987.81,6.983530,0.847410,1000.00,cifi0007.DBF
DPMN,10DPMN,M,NS,00,24,1,0.00,0,0.00,0.42,0.837560,0.837560,1000.00,cifi0007.DBF
DPMN,10DPMN,M,NS,00,24,2,0.00,0,6.57,6.89,7.213100,0.837560,1000.00,cifi0007.DBF
DPMN,10DPMN,M,NS,00,24,3,0.00,0,13.48,13.63,7.213100,0.837560,1000.00,cifi0007.DBF
DPMN,10DPMN,M,NS,00,24,4,3.12,24,20.63,20.66,7.213100,0.837560,1000.00,cifi0007.DBF
DPMN,10DPMN,M,NS,00,24,5,8.65,63,28.05,27.95,7.213100,0.837560,1000.00,cifi0007.DBF
DPMN,10DPMN,M,NS,00,24,6,14.44,101,35.76,35.51,7.213100,0.837560,1000.00,cifi0007.DBF
DPMN,10DPMN,M,NS,00,24,7,20.51,138,43.72,43.35,7.213100,0.837560,1000.00,cifi0007.DBF
DPMN,10DPMN,M,NS,00,24,8,26.80,174,51.92,51.43,7.213100,0.837560,1000.00,cifi0007.DBF
DPMN,10DPMN,M,NS,00,24,9,33.32,209,60.34,59.73,7.213100,0.837560,1000.00,cifi0007.DBF
DPMN,10DPMN,M,NS,00,24,10,40.04,242,68.95,68.25,7.213100,0.837560,1000.00,cifi0007.DBF
DPMN,10DPMN,M,NS,00,24,11,46.92,274,77.71,76.94,7.213100,0.837560,1000.00,cifi0007.DBF
DPMN,10DPMN,M,NS,00,24,12,53.97,304,86.64,85.78,7.213100,0.837560,1000.00,cifi0007.DBF
DPMN,10DPMN,M,NS,00,24,13,61.17,333,95.70,94.78,7.213100,0.837560,1000.00,cifi0007.DBF
DPMN,10DPMN,M,NS,00,24,14,68.54,360,104.93,103.92,7.213100,0.837560,1000.00,cifi0007.DBF
DPMN,10DPMN,M,NS,00,24,15,76.10,387,114.33,113.24,7.213100,0.837560,1000.00,cifi0007.DBF
DPMN,10DPMN,M,NS,00,24,16,83.92,412,123.97,122.76,7.213100,0.837560,1000.00,cifi0007.DBF
DPMN,10DPMN,M,NS,00,24,17,92.00,437,133.86,132.52,7.213100,0.837560,1000.00,cifi0007.DBF
DPMN,10DPMN,M,NS,00,24,18,100.34,461,143.99,142.53,7.213100,0.837560,1000.00,cifi0007.DBF
DPMN,10DPMN,M,NS,00,24,19,108.95,483,154.36,152.78,7.213100,0.837560,1000.00,cifi0007.DBF
DPMN,10DPMN,M,NS,00,24,20,117.83,506,164.97,163.27,7.213100,0.837560,1000.00,cifi0007.DBF
DPMN,10DPMN,M,NS,00,24,21,127.01,527,175.85,174.02,7.213100,0.837560,1000.00,cifi0007.DBF
DPMN,10DPMN,M,NS,00,24,22,136.53,548,187.04,185.05,7.213100,0.837560,1000.00,cifi0007.DBF
DPMN,10DPMN,M,NS,00,24,23,146.38,568,198.52,196.39,7.213100,0.837560,1000.00,cifi0007.DBF
DPMN,10DPMN,M,NS,00,24,24,156.60,587,210.32,208.03,7.213100,0.837560,1000.00,cifi0007.DBF
DPMN,10DPMN,M,NS,00,24,25,167.18,606,222.43,219.98,7.213100,0.837560,1000.00,cifi0007.DBF
DPMN,10DPMN,M,NS,00,24,26,178.14,624,234.87,232.26,7.213100,0.837560,1000.00,cifi0007.DBF
DPMN,10DPMN,M,NS,00,24,27,189.46,642,247.62,244.85,7.213100,0.837560,1000.00,cifi0007.DBF
DPMN,10DPMN,M,NS,00,24,28,201.13,658,260.65,257.74,7.213100,0.837560,1000.00,cifi0007.DBF
DPMN,10DPMN,M,NS,00,24,29,213.13,675,273.95,270.91,7.213100,0.837560,1000.00,cifi0007.DBF
DPMN,10DPMN,M,NS,00,24,30,225.45,690,287.50,284.33,7.213100,0.837560,1000.00,cifi0007.DBF
DPMN,10DPMN,M,NS,00,24,31,238.10,705,301.32,298.02,7.213100,0.837560,1000.00,cifi0007.DBF
DPMN,10DPMN,M,NS,00,24,32,251.10,720,315.41,311.97,7.213100,0.837560,1000.00,cifi0007.DBF
DPMN,10DPMN,M,NS,00,24,33,264.49,734,329.80,326.21,7.213100,0.837560,1000.00,cifi0007.DBF
DPMN,10DPMN,M,NS,00,24,34,278.30,747,344.53,340.78,7.213100,0.837560,1000.00,cifi0007.DBF
DPMN,10DPMN,M,NS,00,24,35,292.55,760,359.61,355.68,7.213100,0.837560,1000.00,cifi0007.DBF
DPMN,10DPMN,M,NS,00,24,36,307.24,773,375.01,370.92,7.213100,0.837560,1000.00,cifi0007.DBF
DPMN,10DPMN,M,NS,00,24,37,322.34,785,390.73,386.48,7.213100,0.837560,1000.00,cifi0007.DBF
DPMN,10DPMN,M,NS,00,24,38,337.81,796,406.72,402.33,7.213100,0.837560,1000.00,cifi0007.DBF
DPMN,10DPMN,M,NS,00,24,39,353.60,807,422.92,418.43,7.213100,0.837560,1000.00,cifi0007.DBF
DPMN,10DPMN,M,NS,00,24,40,369.71,818,439.33,434.73,7.213100,0.837560,1000.00,cifi0007.DBF
DPMN,10DPMN,M,NS,00,24,41,386.12,828,455.93,451.24,7.213100,0.837560,1000.00,cifi0007.DBF
DPMN,10DPMN,M,NS,00,24,42,402.84,838,472.72,467.94,7.213100,0.837560,1000.00,cifi0007.DBF
DPMN,10DPMN,M,NS,00,24,43,419.86,847,489.71,484.82,7.213100,0.837560,1000.00,cifi0007.DBF
DPMN,10DPMN,M,NS,00,24,44,437.21,856,506.89,501.91,7.213100,0.837560,1000.00,cifi0007.DBF
DPMN,10DPMN,M,NS,00,24,45,454.88,865,524.26,519.18,7.213100,0.837560,1000.00,cifi0007.DBF
DPMN,10DPMN,M,NS,00,24,46,472.84,873,541.80,536.64,7.213100,0.837560,1000.00,cifi0007.DBF
DPMN,10DPMN,M,NS,00,24,47,491.05,881,559.47,554.24,7.213100,0.837560,1000.00,cifi0007.DBF
DPMN,10DPMN,M,NS,00,24,48,509.46,889,577.21,571.95,7.213100,0.837560,1000.00,cifi0007.DBF
DPMN,10DPMN,M,NS,00,24,49,527.98,896,594.94,589.68,7.213100,0.837560,1000.00,cifi0007.DBF
DPMN,10DPMN,M,NS,00,24,50,546.55,903,612.61,607.38,7.213100,0.837560,1000.00,cifi0007.DBF
DPMN,10DPMN,M,NS,00,24,51,565.11,909,630.17,625.00,7.213100,0.837560,1000.00,cifi0007.DBF
DPMN,10DPMN,M,NS,00,24,52,583.65,915,647.60,642.49,7.213100,0.837560,1000.00,cifi0007.DBF
DPMN,10DPMN,M,NS,00,24,53,602.15,921,664.90,659.85,7.213100,0.837560,1000.00,cifi0007.DBF
DPMN,10DPMN,M,NS,00,24,54,620.61,926,682.05,677.08,7.213100,0.837560,1000.00,cifi0007.DBF
DPMN,10DPMN,M,NS,00,24,55,639.02,932,699.06,694.16,7.213100,0.837560,1000.00,cifi0007.DBF
DPMN,10DPMN,M,NS,00,24,56,657.33,937,715.87,711.07,7.213100,0.837560,1000.00,cifi0007.DBF
DPMN,10DPMN,M,NS,00,24,57,675.47,941,732.44,727.76,7.213100,0.837560,1000.00,cifi0007.DBF
DPMN,10DPMN,M,NS,00,24,58,693.35,946,748.67,744.16,7.213100,0.837560,1000.00,cifi0007.DBF
DPMN,10DPMN,M,NS,00,24,59,710.94,950,764.56,760.22,7.213100,0.837560,1000.00,cifi0007.DBF
DPMN,10DPMN,M,NS,00,24,60,728.15,954,780.02,775.89,7.213100,0.837560,1000.00,cifi0007.DBF
DPMN,10DPMN,M,NS,00,24,61,744.88,958,794.97,791.10,7.213100,0.837560,1000.00,cifi0007.DBF
DPMN,10DPMN,M,NS,00,24,62,761.03,961,809.32,805.75,7.213100,0.837560,1000.00,cifi0007.DBF
DPMN,10DPMN,M,NS,00,24,63,776.46,964,822.96,819.75,7.213100,0.837560,1000.00,cifi0007.DBF
DPMN,10DPMN,M,NS,00,24,64,791.06,967,835.81,832.99,7.213100,0.837560,1000.00,cifi0007.DBF
DPMN,10DPMN,M,NS,00,24,65,804.72,970,847.77,845.39,7.213100,0.837560,1000.00,cifi0007.DBF
DPMN,10DPMN,M,NS,00,24,66,817.48,972,858.86,856.92,7.213100,0.837560,1000.00,cifi0007.DBF
DPMN,10DPMN,M,NS,00,24,67,829.38,974,869.14,867.61,7.213100,0.837560,1000.00,cifi0007.DBF
DPMN,10DPMN,M,NS,00,24,68,840.64,976,878.77,877.56,7.213100,0.837560,1000.00,cifi0007.DBF
DPMN,10DPMN,M,NS,00,24,69,851.56,978,888.00,886.99,7.213100,0.837560,1000.00,cifi0007.DBF
DPMN,10DPMN,M,NS,00,24,70,862.59,980,897.16,896.19,7.213100,0.837560,1000.00,cifi0007.DBF
DPMN,10DPMN,M,NS,00,24,71,874.44,982,906.82,905.60,7.213100,0.837560,1000.00,cifi0007.DBF
DPMN,10DPMN,M,NS,00,24,72,888.24,984,917.82,915.93,7.213100,0.837560,1000.00,cifi0007.DBF
DPMN,10DPMN,M,NS,00,24,73,904.82,987,930.68,927.86,7.213100,0.837560,1000.00,cifi0007.DBF
DPMN,10DPMN,M,NS,00,24,74,926.16,990,946.75,942.32,7.213100,0.837560,1000.00,cifi0007.DBF
DPMN,10DPMN,M,NS,00,24,75,955.75,994,968.41,961.19,7.213100,0.837560,1000.00,cifi0007.DBF
DPMN,10DPMN,M,NS,00,24,76,1000.00,1000,1000.00,987.81,7.213100,0.837560,1000.00,cifi0007.DBF
DPMN,10DPMN,M,NS,00,25,1,0.00,0,0.00,0.42,0.837560,0.837560,1000.00,cifi0007.DBF
DPMN,10DPMN,M,NS,00,25,2,0.00,0,6.95,7.20,7.452800,0.837560,1000.00,cifi0007.DBF
DPMN,10DPMN,M,NS,00,25,3,0.00,0,14.15,14.27,7.452800,0.837560,1000.00,cifi0007.DBF
DPMN,10DPMN,M,NS,00,25,4,3.99,29,21.62,21.61,7.452800,0.837560,1000.00,cifi0007.DBF
DPMN,10DPMN,M,NS,00,25,5,9.82,69,29.37,29.22,7.452800,0.837560,1000.00,cifi0007.DBF
DPMN,10DPMN,M,NS,00,25,6,15.91,107,37.39,37.11,7.452800,0.837560,1000.00,cifi0007.DBF
DPMN,10DPMN,M,NS,00,25,7,22.23,145,45.64,45.24,7.452800,0.837560,1000.00,cifi0007.DBF
DPMN,10DPMN,M,NS,00,25,8,28.78,181,54.12,53.60,7.452800,0.837560,1000.00,cifi0007.DBF
DPMN,10DPMN,M,NS,00,25,9,35.53,215,62.78,62.18,7.452800,0.837560,1000.00,cifi0007.DBF
DPMN,10DPMN,M,NS,00,25,10,42.44,248,71.60,70.92,7.452800,0.837560,1000.00,cifi0007.DBF
DPMN,10DPMN,M,NS,00,25,11,49.53,279,80.59,79.82,7.452800,0.837560,1000.00,cifi0007.DBF
DPMN,10DPMN,M,NS,00,25,12,56.76,309,89.71,88.87,7.452800,0.837560,1000.00,cifi0007.DBF
DPMN,10DPMN,M,NS,00,25,13,64.16,337,99.00,98.08,7.452800,0.837560,1000.00,cifi0007.DBF
DPMN,10DPMN,M,NS,00,25,14,71.76,365,108.46,107.46,7.452800,0.837560,1000.00,cifi0007.DBF
DPMN,10DPMN,M,NS,00,25,15,79.61,391,118.17,117.04,7.452800,0.837560,1000.00,cifi0007.DBF
DPMN,10DPMN,M,NS,00,25,16,87.73,417,128.12,126.87,7.452800,0.837560,1000.00,cifi0007.DBF
DPMN,10DPMN,M,NS,00,25,17,96.12,441,138.32,136.94,7.452800,0.837560,1000.00,cifi0007.DBF
DPMN,10DPMN,M,NS,00,25,18,104.76,465,148.75,147.26,7.452800,0.837560,1000.00,cifi0007.DBF
DPMN,10DPMN,M,NS,00,25,19,113.69,488,159.43,157.82,7.452800,0.837560,1000.00,cifi0007.DBF
DPMN,10DPMN,M,NS,00,25,20,122.90,510,170.38,168.63,7.452800,0.837560,1000.00,cifi0007.DBF
DPMN,10DPMN,M,NS,00,25,21,132.47,531,181.64,179.74,7.452800,0.837560,1000.00,cifi0007.DBF
DPMN,10DPMN,M,NS,00,25,22,142.38,552,193.20,191.15,7.452800,0.837560,1000.00,cifi0007.DBF
DPMN,10DPMN,M,NS,00,25,23,152.64,572,205.08,202.86,7.452800,0.837560,1000.00,cifi0007.DBF
DPMN,10DPMN,M,NS,00,25,24,163.27,592,217.27,214.90,7.452800,0.837560,1000.00,cifi0007.DBF
DPMN,10DPMN,M,NS,00,25,25,174.28,610,229.78,227.25,7.452800,0.837560,1000.00,cifi0007.DBF
DPMN,10DPMN,M,NS,00,25,26,185.66,629,242.61,239.93,7.452800,0.837560,1000.00,cifi0007.DBF
DPMN,10DPMN,M,NS,00,25,27,197.38,646,255.73,252.90,7.452800,0.837560,1000.00,cifi0007.DBF
DPMN,10DPMN,M,NS,00,25,28,209.44,663,269.12,266.15,7.452800,0.837560,1000.00,cifi0007.DBF
DPMN,10DPMN,M,NS,00,25,29,221.81,679,282.76,279.67,7.452800,0.837560,1000.00,cifi0007.DBF
DPMN,10DPMN,M,NS,00,25,30,234.52,695,296.66,293.44,7.452800,0.837560,1000.00,cifi0007.DBF
DPMN,10DPMN,M,NS,00,25,31,247.59,710,310.85,307.48,7.452800,0.837560,1000.00,cifi0007.DBF
DPMN,10DPMN,M,NS,00,25,32,261.04,724,325.34,321.82,7.452800,0.837560,1000.00,cifi0007.DBF
DPMN,10DPMN,M,NS,00,25,33,274.91,738,340.16,336.48,7.452800,0.837560,1000.00,cifi0007.DBF
DPMN,10DPMN,M,NS,00,25,34,289.23,751,355.33,351.48,7.452800,0.837560,1000.00,cifi0007.DBF
DPMN,10DPMN,M,NS,00,25,35,303.98,764,370.84,366.82,7.452800,0.837560,1000.00,cifi0007.DBF
DPMN,10DPMN,M,NS,00,25,36,319.16,777,386.67,382.48,7.452800,0.837560,1000.00,cifi0007.DBF
DPMN,10DPMN,M,NS,00,25,37,334.70,789,402.75,398.44,7.452800,0.837560,1000.00,cifi0007.DBF
DPMN,10DPMN,M,NS,00,25,38,350.57,801,419.06,414.63,7.452800,0.837560,1000.00,cifi0007.DBF
DPMN,10DPMN,M,NS,00,25,39,366.75,812,435.58,431.05,7.452800,0.837560,1000.00,cifi0007.DBF
DPMN,10DPMN,M,NS,00,25,40,383.24,822,452.29,447.66,7.452800,0.837560,1000.00,cifi0007.DBF
DPMN,10DPMN,M,NS,00,25,41,400.03,832,469.19,464.47,7.452800,0.837560,1000.00,cifi0007.DBF
DPMN,10DPMN,M,NS,00,25,42,417.14,842,486.29,481.46,7.452800,0.837560,1000.00,cifi0007.DBF
DPMN,10DPMN,M,NS,00,25,43,434.57,851,503.58,498.66,7.452800,0.837560,1000.00,cifi0007.DBF
DPMN,10DPMN,M,NS,00,25,44,452.32,860,521.07,516.05,7.452800,0.837560,1000.00,cifi0007.DBF
DPMN,10DPMN,M,NS,00,25,45,470.36,869,538.72,533.62,7.452800,0.837560,1000.00,cifi0007.DBF
DPMN,10DPMN,M,NS,00,25,46,488.66,877,556.50,551.34,7.452800,0.837560,1000.00,cifi0007.DBF
DPMN,10DPMN,M,NS,00,25,47,507.16,885,574.35,569.15,7.452800,0.837560,1000.00,cifi0007.DBF
DPMN,10DPMN,M,NS,00,25,48,525.76,892,592.20,587.00,7.452800,0.837560,1000.00,cifi0007.DBF
DPMN,10DPMN,M,NS,00,25,49,544.42,899,609.99,604.82,7.452800,0.837560,1000.00,cifi0007.DBF
DPMN,10DPMN,M,NS,00,25,50,563.07,906,627.66,622.55,7.452800,0.837560,1000.00,cifi0007.DBF
DPMN,10DPMN,M,NS,00,25,51,581.70,912,645.21,640.16,7.452800,0.837560,1000.00,cifi0007.DBF
DPMN,10DPMN,M,NS,00,25,52,600.28,918,662.62,657.64,7.452800,0.837560,1000.00,cifi0007.DBF
DPMN,10DPMN,M,NS,00,25,53,618.83,924,679.88,674.97,7.452800,0.837560,1000.00,cifi0007.DBF
DPMN,10DPMN,M,NS,00,25,54,637.33,929,697.00,692.17,7.452800,0.837560,1000.00,cifi0007.DBF
DPMN,10DPMN,M,NS,00,25,55,655.72,934,713.92,709.19,7.452800,0.837560,1000.00,cifi0007.DBF
DPMN,10DPMN,M,NS,00,25,56,673.95,939,730.60,725.99,7.452800,0.837560,1000.00,cifi0007.DBF
DPMN,10DPMN,M,NS,00,25,57,691.91,944,746.94,742.49,7.452800,0.837560,1000.00,cifi0007.DBF
DPMN,10DPMN,M,NS,00,25,58,709.58,948,762.93,758.66,7.452800,0.837560,1000.00,cifi0007.DBF
DPMN,10DPMN,M,NS,00,25,59,726.87,952,778.49,774.43,7.452800,0.837560,1000.00,cifi0007.DBF
DPMN,10DPMN,M,NS,00,25,60,743.69,956,793.54,789.74,7.452800,0.837560,1000.00,cifi0007.DBF
DPMN,10DPMN,M,NS,00,25,61,759.90,960,807.98,804.48,7.452800,0.837560,1000.00,cifi0007.DBF
DPMN,10DPMN,M,NS,00,25,62,775.41,963,821.72,818.57,7.452800,0.837560,1000.00,cifi0007.DBF
DPMN,10DPMN,M,NS,00,25,63,790.08,966,834.64,831.91,7.452800,0.837560,1000.00,cifi0007.DBF
DPMN,10DPMN,M,NS,00,25,64,803.81,969,846.68,844.39,7.452800,0.837560,1000.00,cifi0007.DBF
DPMN,10DPMN,M,NS,00,25,65,816.62,971,857.85,855.99,7.452800,0.837560,1000.00,cifi0007.DBF
DPMN,10DPMN,M,NS,00,25,66,828.58,973,868.20,866.75,7.452800,0.837560,1000.00,cifi0007.DBF
DPMN,10DPMN,M,NS,00,25,67,839.89,975,877.89,876.77,7.452800,0.837560,1000.00,cifi0007.DBF
DPMN,10DPMN,M,NS,00,25,68,850.86,977,887.18,886.26,7.452800,0.837560,1000.00,cifi0007.DBF
DPMN,10DPMN,M,NS,00,25,69,861.94,979,896.41,895.52,7.452800,0.837560,1000.00,cifi0007.DBF
DPMN,10DPMN,M,NS,00,25,70,873.85,981,906.13,905.00,7.452800,0.837560,1000.00,cifi0007.DBF
DPMN,10DPMN,M,NS,00,25,71,887.72,984,917.21,915.40,7.452800,0.837560,1000.00,cifi0007.DBF
DPMN,10DPMN,M,NS,00,25,72,904.37,986,930.16,927.41,7.452800,0.837560,1000.00,cifi0007.DBF
DPMN,10DPMN,M,NS,00,25,73,925.81,990,946.35,941.98,7.452800,0.837560,1000.00,cifi0007.DBF
DPMN,10DPMN,M,NS,00,25,74,955.54,994,968.17,960.99,7.452800,0.837560,1000.00,cifi0007.DBF
DPMN,10DPMN,M,NS,00,25,75,1000.00,1000,1000.00,987.81,7.452800,0.837560,1000.00,cifi0007.DBF
DPMN,10DPMN,M,NS,00,26,1,0.00,0,0.00,0.35,0.709460,0.709460,1000.00,cifi0007.DBF
DPMN,10DPMN,M,NS,00,26,2,0.00,0,7.24,7.48,7.708040,0.709460,1000.00,cifi0007.DBF
DPMN,10DPMN,M,NS,00,26,3,0.00,0,14.77,14.86,7.708040,0.709460,1000.00,cifi0007.DBF
DPMN,10DPMN,M,NS,00,26,4,4.95,35,22.58,22.53,7.708040,0.709460,1000.00,cifi0007.DBF
DPMN,10DPMN,M,NS,00,26,5,11.07,75,30.65,30.47,7.708040,0.709460,1000.00,cifi0007.DBF
DPMN,10DPMN,M,NS,00,26,6,17.42,113,38.96,38.66,7.708040,0.709460,1000.00,cifi0007.DBF
DPMN,10DPMN,M,NS,00,26,7,24.01,151,47.49,47.08,7.708040,0.709460,1000.00,cifi0007.DBF
DPMN,10DPMN,M,NS,00,26,8,30.79,186,56.21,55.71,7.708040,0.709460,1000.00,cifi0007.DBF
DPMN,10DPMN,M,NS,00,26,9,37.74,220,65.10,64.51,7.708040,0.709460,1000.00,cifi0007.DBF
DPMN,10DPMN,M,NS,00,26,10,44.86,253,74.14,73.48,7.708040,0.709460,1000.00,cifi0007.DBF
DPMN,10DPMN,M,NS,00,26,11,52.12,284,83.33,82.59,7.708040,0.709460,1000.00,cifi0007.DBF
DPMN,10DPMN,M,NS,00,26,12,59.57,313,92.68,91.86,7.708040,0.709460,1000.00,cifi0007.DBF
DPMN,10DPMN,M,NS,00,26,13,67.20,342,102.21,101.30,7.708040,0.709460,1000.00,cifi0007.DBF
DPMN,10DPMN,M,NS,00,26,14,75.09,369,111.98,110.95,7.708040,0.709460,1000.00,cifi0007.DBF
DPMN,10DPMN,M,NS,00,26,15,83.25,395,122.00,120.85,7.708040,0.709460,1000.00,cifi0007.DBF
DPMN,10DPMN,M,NS,00,26,16,91.68,421,132.27,130.99,7.708040,0.709460,1000.00,cifi0007.DBF
DPMN,10DPMN,M,NS,00,26,17,100.36,445,142.77,141.38,7.708040,0.709460,1000.00,cifi0007.DBF
DPMN,10DPMN,M,NS,00,26,18,109.33,469,153.53,152.01,7.708040,0.709460,1000.00,cifi0007.DBF
DPMN,10DPMN,M,NS,00,26,19,118.60,492,164.56,162.90,7.708040,0.709460,1000.00,cifi0007.DBF
DPMN,10DPMN,M,NS,00,26,20,128.21,514,175.90,174.08,7.708040,0.709460,1000.00,cifi0007.DBF
DPMN,10DPMN,M,NS,00,26,21,138.16,536,187.53,185.57,7.708040,0.709460,1000.00,cifi0007.DBF
DPMN,10DPMN,M,NS,00,26,22,148.48,557,199.49,197.37,7.708040,0.709460,1000.00,cifi0007.DBF
DPMN,10DPMN,M,NS,00,26,23,159.16,577,211.77,209.48,7.708040,0.709460,1000.00,cifi0007.DBF
DPMN,10DPMN,M,NS,00,26,24,170.22,596,224.37,221.92,7.708040,0.709460,1000.00,cifi0007.DBF
DPMN,10DPMN,M,NS,00,26,25,181.65,615,237.29,234.68,7.708040,0.709460,1000.00,cifi0007.DBF
DPMN,10DPMN,M,NS,00,26,26,193.44,633,250.50,247.75,7.708040,0.709460,1000.00,cifi0007.DBF
DPMN,10DPMN,M,NS,00,26,27,205.55,651,263.98,261.09,7.708040,0.709460,1000.00,cifi0007.DBF
DPMN,10DPMN,M,NS,00,26,28,217.99,667,277.71,274.70,7.708040,0.709460,1000.00,cifi0007.DBF
DPMN,10DPMN,M,NS,00,26,29,230.76,684,291.71,288.57,7.708040,0.709460,1000.00,cifi0007.DBF
DPMN,10DPMN,M,NS,00,26,30,243.89,699,305.99,302.71,7.708040,0.709460,1000.00,cifi0007.DBF
DPMN,10DPMN,M,NS,00,26,31,257.41,714,320.58,317.14,7.708040,0.709460,1000.00,cifi0007.DBF
DPMN,10DPMN,M,NS,00,26,32,271.35,728,335.51,331.90,7.708040,0.709460,1000.00,cifi0007.DBF
DPMN,10DPMN,M,NS,00,26,33,285.74,742,350.79,347.00,7.708040,0.709460,1000.00,cifi0007.DBF
DPMN,10DPMN,M,NS,00,26,34,300.57,756,366.40,362.45,7.708040,0.709460,1000.00,cifi0007.DBF
DPMN,10DPMN,M,NS,00,26,35,315.81,769,382.34,378.22,7.708040,0.709460,1000.00,cifi0007.DBF
DPMN,10DPMN,M,NS,00,26,36,331.43,781,398.53,394.29,7.708040,0.709460,1000.00,cifi0007.DBF
DPMN,10DPMN,M,NS,00,26,37,347.38,793,414.95,410.60,7.708040,0.709460,1000.00,cifi0007.DBF
DPMN,10DPMN,M,NS,00,26,38,363.64,805,431.59,427.12,7.708040,0.709460,1000.00,cifi0007.DBF
DPMN,10DPMN,M,NS,00,26,39,380.21,816,448.41,443.85,7.708040,0.709460,1000.00,cifi0007.DBF
DPMN,10DPMN,M,NS,00,26,40,397.09,826,465.43,460.77,7.708040,0.709460,1000.00,cifi0007.DBF
DPMN,10DPMN,M,NS,00,26,41,414.28,836,482.64,477.89,7.708040,0.709460,1000.00,cifi0007.DBF
DPMN,10DPMN,M,NS,00,26,42,431.79,846,500.06,495.20,7.708040,0.709460,1000.00,cifi0007.DBF
DPMN,10DPMN,M,NS,00,26,43,449.63,855,517.66,512.71,7.708040,0.709460,1000.00,cifi0007.DBF
DPMN,10DPMN,M,NS,00,26,44,467.76,864,535.44,530.40,7.708040,0.709460,1000.00,cifi0007.DBF
DPMN,10DPMN,M,NS,00,26,45,486.15,872,553.34,548.24,7.708040,0.709460,1000.00,cifi0007.DBF
DPMN,10DPMN,M,NS,00,26,46,504.73,880,571.32,566.18,7.708040,0.709460,1000.00,cifi0007.DBF
DPMN,10DPMN,M,NS,00,26,47,523.43,888,589.29,584.16,7.708040,0.709460,1000.00,cifi0007.DBF
DPMN,10DPMN,M,NS,00,26,48,542.18,895,607.20,602.10,7.708040,0.709460,1000.00,cifi0007.DBF
DPMN,10DPMN,M,NS,00,26,49,560.93,902,624.99,619.95,7.708040,0.709460,1000.00,cifi0007.DBF
DPMN,10DPMN,M,NS,00,26,50,579.64,909,642.66,637.68,7.708040,0.709460,1000.00,cifi0007.DBF
DPMN,10DPMN,M,NS,00,26,51,598.32,915,660.19,655.28,7.708040,0.709460,1000.00,cifi0007.DBF
DPMN,10DPMN,M,NS,00,26,52,616.96,921,677.57,672.73,7.708040,0.709460,1000.00,cifi0007.DBF
DPMN,10DPMN,M,NS,00,26,53,635.54,927,694.81,690.04,7.708040,0.709460,1000.00,cifi0007.DBF
DPMN,10DPMN,M,NS,00,26,54,654.03,932,711.85,707.18,7.708040,0.709460,1000.00,cifi0007.DBF
DPMN,10DPMN,M,NS,00,26,55,672.35,937,728.64,724.10,7.708040,0.709460,1000.00,cifi0007.DBF
DPMN,10DPMN,M,NS,00,26,56,690.40,942,745.09,740.72,7.708040,0.709460,1000.00,cifi0007.DBF
DPMN,10DPMN,M,NS,00,26,57,708.16,946,761.19,757.00,7.708040,0.709460,1000.00,cifi0007.DBF
DPMN,10DPMN,M,NS,00,26,58,725.53,950,776.86,772.88,7.708040,0.709460,1000.00,cifi0007.DBF
DPMN,10DPMN,M,NS,00,26,59,742.43,954,792.01,788.29,7.708040,0.709460,1000.00,cifi0007.DBF
DPMN,10DPMN,M,NS,00,26,60,758.72,958,806.55,803.14,7.708040,0.709460,1000.00,cifi0007.DBF
DPMN,10DPMN,M,NS,00,26,61,774.31,962,820.39,817.32,7.708040,0.709460,1000.00,cifi0007.DBF
DPMN,10DPMN,M,NS,00,26,62,789.04,965,833.40,830.75,7.708040,0.709460,1000.00,cifi0007.DBF
DPMN,10DPMN,M,NS,00,26,63,802.84,967,845.53,843.32,7.708040,0.709460,1000.00,cifi0007.DBF
DPMN,10DPMN,M,NS,00,26,64,815.72,970,856.77,855.00,7.708040,0.709460,1000.00,cifi0007.DBF
DPMN,10DPMN,M,NS,00,26,65,827.74,972,867.19,865.83,7.708040,0.709460,1000.00,cifi0007.DBF
DPMN,10DPMN,M,NS,00,26,66,839.10,975,876.95,875.93,7.708040,0.709460,1000.00,cifi0007.DBF
DPMN,10DPMN,M,NS,00,26,67,850.13,977,886.31,885.49,7.708040,0.709460,1000.00,cifi0007.DBF
DPMN,10DPMN,M,NS,00,26,68,861.26,979,895.60,894.81,7.708040,0.709460,1000.00,cifi0007.DBF
DPMN,10DPMN,M,NS,00,26,69,873.23,981,905.40,904.36,7.708040,0.709460,1000.00,cifi0007.DBF
DPMN,10DPMN,M,NS,00,26,70,887.17,983,916.56,914.83,7.708040,0.709460,1000.00,cifi0007.DBF
DPMN,10DPMN,M,NS,00,26,71,903.90,986,929.60,926.94,7.708040,0.709460,1000.00,cifi0007.DBF
DPMN,10DPMN,M,NS,00,26,72,925.45,989,945.93,941.62,7.708040,0.709460,1000.00,cifi0007.DBF
DPMN,10DPMN,M,NS,00,26,73,955.32,994,967.92,960.78,7.708040,0.709460,1000.00,cifi0007.DBF
DPMN,10DPMN,M,NS,00,26,74,1000.00,1000,1000.00,987.81,7.708040,0.709460,1000.00,cifi0007.DBF
DPMN,10DPMN,M,NS,00,27,1,0.00,0,0.00,0.34,0.679900,0.679900,1000.00,cifi0007.DBF
DPMN,10DPMN,M,NS,00,27,2,0.00,0,7.58,7.78,7.975970,0.679900,1000.00,cifi0007.DBF
DPMN,10DPMN,M,NS,00,27,3,0.00,0,15.44,15.50,7.975970,0.679900,1000.00,cifi0007.DBF
DPMN,10DPMN,M,NS,00,27,4,5.85,40,23.58,23.50,7.975970,0.679900,1000.00,cifi0007.DBF
DPMN,10DPMN,M,NS,00,27,5,12.24,80,31.94,31.75,7.975970,0.679900,1000.00,cifi0007.DBF
DPMN,10DPMN,M,NS,00,27,6,18.86,118,40.54,40.23,7.975970,0.679900,1000.00,cifi0007.DBF
DPMN,10DPMN,M,NS,00,27,7,25.67,155,49.32,48.92,7.975970,0.679900,1000.00,cifi0007.DBF
DPMN,10DPMN,M,NS,00,27,8,32.66,191,58.27,57.78,7.975970,0.679900,1000.00,cifi0007.DBF
DPMN,10DPMN,M,NS,00,27,9,39.82,224,67.38,66.81,7.975970,0.679900,1000.00,cifi0007.DBF
DPMN,10DPMN,M,NS,00,27,10,47.12,257,76.63,76.00,7.975970,0.679900,1000.00,cifi0007.DBF
DPMN,10DPMN,M,NS,00,27,11,54.60,287,86.05,85.33,7.975970,0.679900,1000.00,cifi0007.DBF
DPMN,10DPMN,M,NS,00,27,12,62.28,317,95.65,94.84,7.975970,0.679900,1000.00,cifi0007.DBF
DPMN,10DPMN,M,NS,00,27,13,70.21,345,105.49,104.56,7.975970,0.679900,1000.00,cifi0007.DBF
DPMN,10DPMN,M,NS,00,27,14,78.41,372,115.59,114.53,7.975970,0.679900,1000.00,cifi0007.DBF
DPMN,10DPMN,M,NS,00,27,15,86.88,399,125.93,124.74,7.975970,0.679900,1000.00,cifi0007.DBF
DPMN,10DPMN,M,NS,00,27,16,95.62,424,136.50,135.20,7.975970,0.679900,1000.00,cifi0007.DBF
DPMN,10DPMN,M,NS,00,27,17,104.63,449,147.34,145.91,7.975970,0.679900,1000.00,cifi0007.DBF
DPMN,10DPMN,M,NS,00,27,18,113.94,473,158.44,156.88,7.975970,0.679900,1000.00,cifi0007.DBF
DPMN,10DPMN,M,NS,00,27,19,123.61,496,169.86,168.14,7.975970,0.679900,1000.00,cifi0007.DBF
DPMN,10DPMN,M,NS,00,27,20,133.61,518,181.58,179.71,7.975970,0.679900,1000.00,cifi0007.DBF
DPMN,10DPMN,M,NS,00,27,21,143.98,540,193.63,191.59,7.975970,0.679900,1000.00,cifi0007.DBF
DPMN,10DPMN,M,NS,00,27,22,154.72,561,205.99,203.80,7.975970,0.679900,1000.00,cifi0007.DBF
DPMN,10DPMN,M,NS,00,27,23,165.84,581,218.69,216.33,7.975970,0.679900,1000.00,cifi0007.DBF
DPMN,10DPMN,M,NS,00,27,24,177.34,601,231.70,229.18,7.975970,0.679900,1000.00,cifi0007.DBF
DPMN,10DPMN,M,NS,00,27,25,189.18,619,245.00,242.34,7.975970,0.679900,1000.00,cifi0007.DBF
DPMN,10DPMN,M,NS,00,27,26,201.36,637,258.58,255.78,7.975970,0.679900,1000.00,cifi0007.DBF
DPMN,10DPMN,M,NS,00,27,27,213.86,655,272.41,269.48,7.975970,0.679900,1000.00,cifi0007.DBF
DPMN,10DPMN,M,NS,00,27,28,226.70,672,286.51,283.45,7.975970,0.679900,1000.00,cifi0007.DBF
DPMN,10DPMN,M,NS,00,27,29,239.90,688,300.90,297.69,7.975970,0.679900,1000.00,cifi0007.DBF
DPMN,10DPMN,M,NS,00,27,30,253.49,703,315.59,312.23,7.975970,0.679900,1000.00,cifi0007.DBF
DPMN,10DPMN,M,NS,00,27,31,267.51,718,330.63,327.10,7.975970,0.679900,1000.00,cifi0007.DBF
DPMN,10DPMN,M,NS,00,27,32,281.97,733,346.01,342.31,7.975970,0.679900,1000.00,cifi0007.DBF
DPMN,10DPMN,M,NS,00,27,33,296.87,747,361.74,357.86,7.975970,0.679900,1000.00,cifi0007.DBF
DPMN,10DPMN,M,NS,00,27,34,312.20,760,377.79,373.75,7.975970,0.679900,1000.00,cifi0007.DBF
DPMN,10DPMN,M,NS,00,27,35,327.90,773,394.10,389.93,7.975970,0.679900,1000.00,cifi0007.DBF
DPMN,10DPMN,M,NS,00,27,36,343.93,785,410.64,406.36,7.975970,0.679900,1000.00,cifi0007.DBF
DPMN,10DPMN,M,NS,00,27,37,360.28,797,427.39,423.01,7.975970,0.679900,1000.00,cifi0007.DBF
DPMN,10DPMN,M,NS,00,27,38,376.94,809,444.34,439.85,7.975970,0.679900,1000.00,cifi0007.DBF
DPMN,10DPMN,M,NS,00,27,39,393.90,819,461.48,456.90,7.975970,0.679900,1000.00,cifi0007.DBF
DPMN,10DPMN,M,NS,00,27,40,411.18,830,478.82,474.14,7.975970,0.679900,1000.00,cifi0007.DBF
DPMN,10DPMN,M,NS,00,27,41,428.79,840,496.35,491.57,7.975970,0.679900,1000.00,cifi0007.DBF
DPMN,10DPMN,M,NS,00,27,42,446.72,849,514.09,509.21,7.975970,0.679900,1000.00,cifi0007.DBF
DPMN,10DPMN,M,NS,00,27,43,464.95,859,531.99,527.03,7.975970,0.679900,1000.00,cifi0007.DBF
DPMN,10DPMN,M,NS,00,27,44,483.44,867,550.03,545.00,7.975970,0.679900,1000.00,cifi0007.DBF
DPMN,10DPMN,M,NS,00,27,45,502.12,876,568.13,563.07,7.975970,0.679900,1000.00,cifi0007.DBF
DPMN,10DPMN,M,NS,00,27,46,520.92,884,586.23,581.17,7.975970,0.679900,1000.00,cifi0007.DBF
DPMN,10DPMN,M,NS,00,27,47,539.76,891,604.27,599.23,7.975970,0.679900,1000.00,cifi0007.DBF
DPMN,10DPMN,M,NS,00,27,48,558.61,899,622.19,617.22,7.975970,0.679900,1000.00,cifi0007.DBF
DPMN,10DPMN,M,NS,00,27,49,577.42,905,639.98,635.08,7.975970,0.679900,1000.00,cifi0007.DBF
DPMN,10DPMN,M,NS,00,27,50,596.20,912,657.64,652.80,7.975970,0.679900,1000.00,cifi0007.DBF
DPMN,10DPMN,M,NS,00,27,51,614.94,918,675.15,670.38,7.975970,0.679900,1000.00,cifi0007.DBF
DPMN,10DPMN,M,NS,00,27,52,633.62,924,692.51,687.82,7.975970,0.679900,1000.00,cifi0007.DBF
DPMN,10DPMN,M,NS,00,27,53,652.20,929,709.67,705.08,7.975970,0.679900,1000.00,cifi0007.DBF
DPMN,10DPMN,M,NS,00,27,54,670.62,935,726.58,722.12,7.975970,0.679900,1000.00,cifi0007.DBF
DPMN,10DPMN,M,NS,00,27,55,688.76,940,743.15,738.86,7.975970,0.679900,1000.00,cifi0007.DBF
DPMN,10DPMN,M,NS,00,27,56,706.62,944,759.37,755.25,7.975970,0.679900,1000.00,cifi0007.DBF
DPMN,10DPMN,M,NS,00,27,57,724.08,949,775.15,771.25,7.975970,0.679900,1000.00,cifi0007.DBF
DPMN,10DPMN,M,NS,00,27,58,741.07,953,790.41,786.77,7.975970,0.679900,1000.00,cifi0007.DBF
DPMN,10DPMN,M,NS,00,27,59,757.45,957,805.06,801.72,7.975970,0.679900,1000.00,cifi0007.DBF
DPMN,10DPMN,M,NS,00,27,60,773.11,960,818.99,816.01,7.975970,0.679900,1000.00,cifi0007.DBF
DPMN,10DPMN,M,NS,00,27,61,787.93,963,832.10,829.53,7.975970,0.679900,1000.00,cifi0007.DBF
DPMN,10DPMN,M,NS,00,27,62,801.80,966,844.31,842.20,7.975970,0.679900,1000.00,cifi0007.DBF
DPMN,10DPMN,M,NS,00,27,63,814.75,969,855.64,853.96,7.975970,0.679900,1000.00,cifi0007.DBF
DPMN,10DPMN,M,NS,00,27,64,826.83,971,866.14,864.87,7.975970,0.679900,1000.00,cifi0007.DBF
DPMN,10DPMN,M,NS,00,27,65,838.25,974,875.97,875.04,7.975970,0.679900,1000.00,cifi0007.DBF
DPMN,10DPMN,M,NS,00,27,66,849.34,976,885.40,884.67,7.975970,0.679900,1000.00,cifi0007.DBF
DPMN,10DPMN,M,NS,00,27,67,860.53,978,894.76,894.07,7.975970,0.679900,1000.00,cifi0007.DBF
DPMN,10DPMN,M,NS,00,27,68,872.56,980,904.63,903.68,7.975970,0.679900,1000.00,cifi0007.DBF
DPMN,10DPMN,M,NS,00,27,69,886.57,982,915.88,914.24,7.975970,0.679900,1000.00,cifi0007.DBF
DPMN,10DPMN,M,NS,00,27,70,903.39,985,929.02,926.44,7.975970,0.679900,1000.00,cifi0007.DBF
DPMN,10DPMN,M,NS,00,27,71,925.06,989,945.48,941.24,7.975970,0.679900,1000.00,cifi0007.DBF
DPMN,10DPMN,M,NS,00,27,72,955.08,994,967.65,960.55,7.975970,0.679900,1000.00,cifi0007.DBF
DPMN,10DPMN,M,NS,00,27,73,1000.00,1000,1000.00,987.81,7.975970,0.679900,1000.00,cifi0007.DBF
DPMN,10DPMN,M,NS,00,28,1,0.00,0,0.00,0.31,0.620780,0.620780,1000.00,cifi0007.DBF
DPMN,10DPMN,M,NS,00,28,2,0.00,0,7.92,8.09,8.258460,0.620780,1000.00,cifi0007.DBF
DPMN,10DPMN,M,NS,00,28,3,0.33,3,16.12,16.15,8.258460,0.620780,1000.00,cifi0007.DBF
DPMN,10DPMN,M,NS,00,28,4,6.75,44,24.54,24.46,8.258460,0.620780,1000.00,cifi0007.DBF
DPMN,10DPMN,M,NS,00,28,5,13.41,84,33.21,33.00,8.258460,0.620780,1000.00,cifi0007.DBF
DPMN,10DPMN,M,NS,00,28,6,20.26,123,42.06,41.76,8.258460,0.620780,1000.00,cifi0007.DBF
DPMN,10DPMN,M,NS,00,28,7,27.29,159,51.07,50.69,8.258460,0.620780,1000.00,cifi0007.DBF
DPMN,10DPMN,M,NS,00,28,8,34.48,194,60.25,59.79,8.258460,0.620780,1000.00,cifi0007.DBF
DPMN,10DPMN,M,NS,00,28,9,41.83,228,69.57,69.04,8.258460,0.620780,1000.00,cifi0007.DBF
DPMN,10DPMN,M,NS,00,28,10,49.35,260,79.06,78.45,8.258460,0.620780,1000.00,cifi0007.DBF
DPMN,10DPMN,M,NS,00,28,11,57.07,290,88.74,88.03,8.258460,0.620780,1000.00,cifi0007.DBF
DPMN,10DPMN,M,NS,00,28,12,65.05,320,98.65,97.82,8.258460,0.620780,1000.00,cifi0007.DBF
DPMN,10DPMN,M,NS,00,28,13,73.29,348,108.82,107.86,8.258460,0.620780,1000.00,cifi0007.DBF
DPMN,10DPMN,M,NS,00,28,14,81.81,376,119.24,118.16,8.258460,0.620780,1000.00,cifi0007.DBF
DPMN,10DPMN,M,NS,00,28,15,90.59,402,129.89,128.69,8.258460,0.620780,1000.00,cifi0007.DBF
DPMN,10DPMN,M,NS,00,28,16,99.66,428,140.81,139.48,8.258460,0.620780,1000.00,cifi0007.DBF
DPMN,10DPMN,M,NS,00,28,17,109.02,452,152.00,150.53,8.258460,0.620780,1000.00,cifi0007.DBF
DPMN,10DPMN,M,NS,00,28,18,118.74,476,163.51,161.88,8.258460,0.620780,1000.00,cifi0007.DBF
DPMN,10DPMN,M,NS,00,28,19,128.80,500,175.31,173.54,8.258460,0.620780,1000.00,cifi0007.DBF
DPMN,10DPMN,M,NS,00,28,20,139.23,522,187.45,185.51,8.258460,0.620780,1000.00,cifi0007.DBF
DPMN,10DPMN,M,NS,00,28,21,150.03,544,199.91,197.81,8.258460,0.620780,1000.00,cifi0007.DBF
DPMN,10DPMN,M,NS,00,28,22,161.21,565,212.69,210.43,8.258460,0.620780,1000.00,cifi0007.DBF
DPMN,10DPMN,M,NS,00,28,23,172.77,585,225.81,223.38,8.258460,0.620780,1000.00,cifi0007.DBF
DPMN,10DPMN,M,NS,00,28,24,184.68,605,239.21,236.64,8.258460,0.620780,1000.00,cifi0007.DBF
DPMN,10DPMN,M,NS,00,28,25,196.92,623,252.89,250.18,8.258460,0.620780,1000.00,cifi0007.DBF
DPMN,10DPMN,M,NS,00,28,26,209.50,641,266.83,263.99,8.258460,0.620780,1000.00,cifi0007.DBF
DPMN,10DPMN,M,NS,00,28,27,222.41,659,281.03,278.06,8.258460,0.620780,1000.00,cifi0007.DBF
DPMN,10DPMN,M,NS,00,28,28,235.68,676,295.52,292.41,8.258460,0.620780,1000.00,cifi0007.DBF
DPMN,10DPMN,M,NS,00,28,29,249.34,692,310.33,307.06,8.258460,0.620780,1000.00,cifi0007.DBF
DPMN,10DPMN,M,NS,00,28,30,263.44,707,325.48,322.03,8.258460,0.620780,1000.00,cifi0007.DBF
DPMN,10DPMN,M,NS,00,28,31,277.98,722,340.98,337.36,8.258460,0.620780,1000.00,cifi0007.DBF
DPMN,10DPMN,M,NS,00,28,32,292.97,737,356.83,353.03,8.258460,0.620780,1000.00,cifi0007.DBF
DPMN,10DPMN,M,NS,00,28,33,308.38,751,372.99,369.04,8.258460,0.620780,1000.00,cifi0007.DBF
DPMN,10DPMN,M,NS,00,28,34,324.17,764,389.43,385.34,8.258460,0.620780,1000.00,cifi0007.DBF
DPMN,10DPMN,M,NS,00,28,35,340.29,777,406.10,401.89,8.258460,0.620780,1000.00,cifi0007.DBF
DPMN,10DPMN,M,NS,00,28,36,356.73,789,422.97,418.66,8.258460,0.620780,1000.00,cifi0007.DBF
DPMN,10DPMN,M,NS,00,28,37,373.48,801,440.05,435.64,8.258460,0.620780,1000.00,cifi0007.DBF
DPMN,10DPMN,M,NS,00,28,38,390.54,812,457.31,452.81,8.258460,0.620780,1000.00,cifi0007.DBF
DPMN,10DPMN,M,NS,00,28,39,407.91,823,474.78,470.18,8.258460,0.620780,1000.00,cifi0007.DBF
DPMN,10DPMN,M,NS,00,28,40,425.62,834,492.45,487.75,8.258460,0.620780,1000.00,cifi0007.DBF
DPMN,10DPMN,M,NS,00,28,41,443.65,844,510.32,505.51,8.258460,0.620780,1000.00,cifi0007.DBF
DPMN,10DPMN,M,NS,00,28,42,461.98,853,528.36,523.47,8.258460,0.620780,1000.00,cifi0007.DBF
DPMN,10DPMN,M,NS,00,28,43,480.57,862,546.53,541.57,8.258460,0.620780,1000.00,cifi0007.DBF
DPMN,10DPMN,M,NS,00,28,44,499.35,871,564.77,559.78,8.258460,0.620780,1000.00,cifi0007.DBF
DPMN,10DPMN,M,NS,00,28,45,518.26,879,583.00,578.01,8.258460,0.620780,1000.00,cifi0007.DBF
DPMN,10DPMN,M,NS,00,28,46,537.21,887,601.18,596.22,8.258460,0.620780,1000.00,cifi0007.DBF
DPMN,10DPMN,M,NS,00,28,47,556.16,895,619.24,614.34,8.258460,0.620780,1000.00,cifi0007.DBF
DPMN,10DPMN,M,NS,00,28,48,575.07,902,637.16,632.33,8.258460,0.620780,1000.00,cifi0007.DBF
DPMN,10DPMN,M,NS,00,28,49,593.96,908,654.95,650.19,8.258460,0.620780,1000.00,cifi0007.DBF
DPMN,10DPMN,M,NS,00,28,50,612.80,915,672.59,667.90,8.258460,0.620780,1000.00,cifi0007.DBF
DPMN,10DPMN,M,NS,00,28,51,631.58,921,690.08,685.47,8.258460,0.620780,1000.00,cifi0007.DBF
DPMN,10DPMN,M,NS,00,28,52,650.27,927,707.38,702.86,8.258460,0.620780,1000.00,cifi0007.DBF
DPMN,10DPMN,M,NS,00,28,53,668.79,932,724.41,720.02,8.258460,0.620780,1000.00,cifi0007.DBF
DPMN,10DPMN,M,NS,00,28,54,687.03,937,741.11,736.89,8.258460,0.620780,1000.00,cifi0007.DBF
DPMN,10DPMN,M,NS,00,28,55,704.99,942,757.45,753.41,8.258460,0.620780,1000.00,cifi0007.DBF
DPMN,10DPMN,M,NS,00,28,56,722.55,947,773.35,769.53,8.258460,0.620780,1000.00,cifi0007.DBF
DPMN,10DPMN,M,NS,00,28,57,739.63,951,788.73,785.17,8.258460,0.620780,1000.00,cifi0007.DBF
DPMN,10DPMN,M,NS,00,28,58,756.10,955,803.48,800.23,8.258460,0.620780,1000.00,cifi0007.DBF
DPMN,10DPMN,M,NS,00,28,59,771.85,958,817.52,814.63,8.258460,0.620780,1000.00,cifi0007.DBF
DPMN,10DPMN,M,NS,00,28,60,786.75,962,830.73,828.25,8.258460,0.620780,1000.00,cifi0007.DBF
DPMN,10DPMN,M,NS,00,28,61,800.70,965,843.03,841.01,8.258460,0.620780,1000.00,cifi0007.DBF
DPMN,10DPMN,M,NS,00,28,62,813.72,968,854.44,852.87,8.258460,0.620780,1000.00,cifi0007.DBF
DPMN,10DPMN,M,NS,00,28,63,825.87,970,865.02,863.86,8.258460,0.620780,1000.00,cifi0007.DBF
DPMN,10DPMN,M,NS,00,28,64,837.35,972,874.93,874.11,8.258460,0.620780,1000.00,cifi0007.DBF
DPMN,10DPMN,M,NS,00,28,65,848.50,975,884.43,883.81,8.258460,0.620780,1000.00,cifi0007.DBF
DPMN,10DPMN,M,NS,00,28,66,859.76,977,893.87,893.28,8.258460,0.620780,1000.00,cifi0007.DBF
DPMN,10DPMN,M,NS,00,28,67,871.86,979,903.82,902.97,8.258460,0.620780,1000.00,cifi0007.DBF
DPMN,10DPMN,M,NS,00,28,68,885.94,982,915.15,913.62,8.258460,0.620780,1000.00,cifi0007.DBF
DPMN,10DPMN,M,NS,00,28,69,902.86,985,928.41,925.91,8.258460,0.620780,1000.00,cifi0007.DBF
DPMN,10DPMN,M,NS,00,28,70,924.64,989,945.00,940.84,8.258460,0.620780,1000.00,cifi0007.DBF
DPMN,10DPMN,M,NS,00,28,71,954.83,994,967.37,960.32,8.258460,0.620780,1000.00,cifi0007.DBF
DPMN,10DPMN,M,NS,00,28,72,1000.00,1000,1000.00,987.81,8.258460,0.620780,1000.00,cifi0007.DBF
DPMN,10DPMN,M,NS,00,29,1,0.00,0,0.00,0.29,0.571510,0.571510,1000.00,cifi0007.DBF
DPMN,10DPMN,M,NS,00,29,2,0.00,0,8.26,8.41,8.556000,0.571510,1000.00,cifi0007.DBF
DPMN,10DPMN,M,NS,00,29,3,0.91,6,16.75,16.78,8.556000,0.571510,1000.00,cifi0007.DBF
DPMN,10DPMN,M,NS,00,29,4,7.61,48,25.48,25.39,8.556000,0.571510,1000.00,cifi0007.DBF
DPMN,10DPMN,M,NS,00,29,5,14.50,88,34.40,34.22,8.556000,0.571510,1000.00,cifi0007.DBF
DPMN,10DPMN,M,NS,00,29,6,21.57,126,43.49,43.22,8.556000,0.571510,1000.00,cifi0007.DBF
DPMN,10DPMN,M,NS,00,29,7,28.81,163,52.74,52.39,8.556000,0.571510,1000.00,cifi0007.DBF
DPMN,10DPMN,M,NS,00,29,8,36.19,197,62.13,61.72,8.556000,0.571510,1000.00,cifi0007.DBF
DPMN,10DPMN,M,NS,00,29,9,43.76,230,71.70,71.19,8.556000,0.571510,1000.00,cifi0007.DBF
DPMN,10DPMN,M,NS,00,29,10,51.53,262,81.45,80.85,8.556000,0.571510,1000.00,cifi0007.DBF
DPMN,10DPMN,M,NS,00,29,11,59.55,293,91.44,90.72,8.556000,0.571510,1000.00,cifi0007.DBF
DPMN,10DPMN,M,NS,00,29,12,67.85,322,101.69,100.84,8.556000,0.571510,1000.00,cifi0007.DBF
DPMN,10DPMN,M,NS,00,29,13,76.41,351,112.19,111.22,8.556000,0.571510,1000.00,cifi0007.DBF
DPMN,10DPMN,M,NS,00,29,14,85.25,378,122.93,121.84,8.556000,0.571510,1000.00,cifi0007.DBF
DPMN,10DPMN,M,NS,00,29,15,94.37,405,133.94,132.71,8.556000,0.571510,1000.00,cifi0007.DBF
DPMN,10DPMN,M,NS,00,29,16,103.78,431,145.21,143.85,8.556000,0.571510,1000.00,cifi0007.DBF
DPMN,10DPMN,M,NS,00,29,17,113.56,456,156.81,155.29,8.556000,0.571510,1000.00,cifi0007.DBF
DPMN,10DPMN,M,NS,00,29,18,123.68,480,168.71,167.04,8.556000,0.571510,1000.00,cifi0007.DBF
DPMN,10DPMN,M,NS,00,29,19,134.17,503,180.94,179.10,8.556000,0.571510,1000.00,cifi0007.DBF
DPMN,10DPMN,M,NS,00,29,20,145.03,526,193.50,191.50,8.556000,0.571510,1000.00,cifi0007.DBF
DPMN,10DPMN,M,NS,00,29,21,156.28,547,206.38,204.22,8.556000,0.571510,1000.00,cifi0007.DBF
DPMN,10DPMN,M,NS,00,29,22,167.90,569,219.60,217.27,8.556000,0.571510,1000.00,cifi0007.DBF
DPMN,10DPMN,M,NS,00,29,23,179.88,589,233.11,230.63,8.556000,0.571510,1000.00,cifi0007.DBF
DPMN,10DPMN,M,NS,00,29,24,192.20,608,246.89,244.28,8.556000,0.571510,1000.00,cifi0007.DBF
DPMN,10DPMN,M,NS,00,29,25,204.85,627,260.94,258.19,8.556000,0.571510,1000.00,cifi0007.DBF
DPMN,10DPMN,M,NS,00,29,26,217.83,645,275.26,272.38,8.556000,0.571510,1000.00,cifi0007.DBF
DPMN,10DPMN,M,NS,00,29,27,231.18,663,289.86,286.84,8.556000,0.571510,1000.00,cifi0007.DBF
DPMN,10DPMN,M,NS,00,29,28,244.93,679,304.79,301.60,8.556000,0.571510,1000.00,cifi0007.DBF
DPMN,10DPMN,M,NS,00,29,29,259.11,696,320.06,316.70,8.556000,0.571510,1000.00,cifi0007.DBF
DPMN,10DPMN,M,NS,00,29,30,273.74,711,335.68,332.14,8.556000,0.571510,1000.00,cifi0007.DBF
DPMN,10DPMN,M,NS,00,29,31,288.81,726,351.65,347.94,8.556000,0.571510,1000.00,cifi0007.DBF
DPMN,10DPMN,M,NS,00,29,32,304.31,741,367.94,364.07,8.556000,0.571510,1000.00,cifi0007.DBF
DPMN,10DPMN,M,NS,00,29,33,320.19,755,384.51,380.51,8.556000,0.571510,1000.00,cifi0007.DBF
DPMN,10DPMN,M,NS,00,29,34,336.41,768,401.31,397.19,8.556000,0.571510,1000.00,cifi0007.DBF
DPMN,10DPMN,M,NS,00,29,35,352.95,781,418.32,414.09,8.556000,0.571510,1000.00,cifi0007.DBF
DPMN,10DPMN,M,NS,00,29,36,369.79,793,435.52,431.20,8.556000,0.571510,1000.00,cifi0007.DBF
DPMN,10DPMN,M,NS,00,29,37,386.95,805,452.93,448.50,8.556000,0.571510,1000.00,cifi0007.DBF
DPMN,10DPMN,M,NS,00,29,38,404.43,816,470.53,466.01,8.556000,0.571510,1000.00,cifi0007.DBF
DPMN,10DPMN,M,NS,00,29,39,422.24,827,488.34,483.72,8.556000,0.571510,1000.00,cifi0007.DBF
DPMN,10DPMN,M,NS,00,29,40,440.38,837,506.35,501.62,8.556000,0.571510,1000.00,cifi0007.DBF
DPMN,10DPMN,M,NS,00,29,41,458.82,847,524.53,519.72,8.556000,0.571510,1000.00,cifi0007.DBF
DPMN,10DPMN,M,NS,00,29,42,477.52,857,542.84,537.97,8.556000,0.571510,1000.00,cifi0007.DBF
DPMN,10DPMN,M,NS,00,29,43,496.41,866,561.23,556.31,8.556000,0.571510,1000.00,cifi0007.DBF
DPMN,10DPMN,M,NS,00,29,44,515.42,874,579.61,574.69,8.556000,0.571510,1000.00,cifi0007.DBF
DPMN,10DPMN,M,NS,00,29,45,534.49,883,597.92,593.04,8.556000,0.571510,1000.00,cifi0007.DBF
DPMN,10DPMN,M,NS,00,29,46,553.55,890,616.13,611.30,8.556000,0.571510,1000.00,cifi0007.DBF
DPMN,10DPMN,M,NS,00,29,47,572.58,898,634.19,629.44,8.556000,0.571510,1000.00,cifi0007.DBF
DPMN,10DPMN,M,NS,00,29,48,591.57,905,652.12,647.43,8.556000,0.571510,1000.00,cifi0007.DBF
DPMN,10DPMN,M,NS,00,29,49,610.52,911,669.90,665.29,8.556000,0.571510,1000.00,cifi0007.DBF
DPMN,10DPMN,M,NS,00,29,50,629.42,918,687.53,682.99,8.556000,0.571510,1000.00,cifi0007.DBF
DPMN,10DPMN,M,NS,00,29,51,648.22,924,704.96,700.52,8.556000,0.571510,1000.00,cifi0007.DBF
DPMN,10DPMN,M,NS,00,29,52,666.84,929,722.13,717.82,8.556000,0.571510,1000.00,cifi0007.DBF
DPMN,10DPMN,M,NS,00,29,53,685.19,935,738.96,734.82,8.556000,0.571510,1000.00,cifi0007.DBF
DPMN,10DPMN,M,NS,00,29,54,703.25,940,755.43,751.47,8.556000,0.571510,1000.00,cifi0007.DBF
DPMN,10DPMN,M,NS,00,29,55,720.92,944,771.45,767.72,8.556000,0.571510,1000.00,cifi0007.DBF
DPMN,10DPMN,M,NS,00,29,56,738.10,949,786.95,783.48,8.556000,0.571510,1000.00,cifi0007.DBF
DPMN,10DPMN,M,NS,00,29,57,754.67,953,801.82,798.66,8.556000,0.571510,1000.00,cifi0007.DBF
DPMN,10DPMN,M,NS,00,29,58,770.51,957,815.97,813.17,8.556000,0.571510,1000.00,cifi0007.DBF
DPMN,10DPMN,M,NS,00,29,59,785.50,960,829.29,826.91,8.556000,0.571510,1000.00,cifi0007.DBF
DPMN,10DPMN,M,NS,00,29,60,799.53,963,841.69,839.76,8.556000,0.571510,1000.00,cifi0007.DBF
DPMN,10DPMN,M,NS,00,29,61,812.62,966,853.19,851.71,8.556000,0.571510,1000.00,cifi0007.DBF
DPMN,10DPMN,M,NS,00,29,62,824.84,969,863.85,862.80,8.556000,0.571510,1000.00,cifi0007.DBF
DPMN,10DPMN,M,NS,00,29,63,836.40,971,873.84,873.12,8.556000,0.571510,1000.00,cifi0007.DBF
DPMN,10DPMN,M,NS,00,29,64,847.61,974,883.42,882.91,8.556000,0.571510,1000.00,cifi0007.DBF
DPMN,10DPMN,M,NS,00,29,65,858.93,976,892.93,892.45,8.556000,0.571510,1000.00,cifi0007.DBF
DPMN,10DPMN,M,NS,00,29,66,871.10,978,902.96,902.22,8.556000,0.571510,1000.00,cifi0007.DBF
DPMN,10DPMN,M,NS,00,29,67,885.27,981,914.40,912.96,8.556000,0.571510,1000.00,cifi0007.DBF
DPMN,10DPMN,M,NS,00,29,68,902.29,984,927.77,925.36,8.556000,0.571510,1000.00,cifi0007.DBF
DPMN,10DPMN,M,NS,00,29,69,924.20,988,944.51,940.41,8.556000,0.571510,1000.00,cifi0007.DBF
DPMN,10DPMN,M,NS,00,29,70,954.57,993,967.07,960.07,8.556000,0.571510,1000.00,cifi0007.DBF
DPMN,10DPMN,M,NS,00,29,71,1000.00,1000,1000.00,987.81,8.556000,0.571510,1000.00,cifi0007.DBF
DPMN,10DPMN,M,NS,00,30,1,0.00,0,0.00,0.27,0.541950,0.541950,1000.00,cifi0007.DBF
DPMN,10DPMN,M,NS,00,30,2,0.00,0,8.56,8.71,8.868730,0.541950,1000.00,cifi0007.DBF
DPMN,10DPMN,M,NS,00,30,3,1.45,10,17.36,17.40,8.868730,0.541950,1000.00,cifi0007.DBF
DPMN,10DPMN,M,NS,00,30,4,8.39,51,26.36,26.30,8.868730,0.541950,1000.00,cifi0007.DBF
DPMN,10DPMN,M,NS,00,30,5,15.49,91,35.52,35.37,8.868730,0.541950,1000.00,cifi0007.DBF
DPMN,10DPMN,M,NS,00,30,6,22.78,129,44.85,44.62,8.868730,0.541950,1000.00,cifi0007.DBF
DPMN,10DPMN,M,NS,00,30,7,30.21,165,54.32,54.02,8.868730,0.541950,1000.00,cifi0007.DBF
DPMN,10DPMN,M,NS,00,30,8,37.83,199,63.96,63.57,8.868730,0.541950,1000.00,cifi0007.DBF
DPMN,10DPMN,M,NS,00,30,9,45.64,232,73.79,73.31,8.868730,0.541950,1000.00,cifi0007.DBF
DPMN,10DPMN,M,NS,00,30,10,53.71,264,83.86,83.26,8.868730,0.541950,1000.00,cifi0007.DBF
DPMN,10DPMN,M,NS,00,30,11,62.06,295,94.20,93.46,8.868730,0.541950,1000.00,cifi0007.DBF
DPMN,10DPMN,M,NS,00,30,12,70.68,325,104.78,103.92,8.868730,0.541950,1000.00,cifi0007.DBF
DPMN,10DPMN,M,NS,00,30,13,79.57,353,115.61,114.63,8.868730,0.541950,1000.00,cifi0007.DBF
DPMN,10DPMN,M,NS,00,30,14,88.74,381,126.71,125.60,8.868730,0.541950,1000.00,cifi0007.DBF
DPMN,10DPMN,M,NS,00,30,15,98.22,408,138.07,136.82,8.868730,0.541950,1000.00,cifi0007.DBF
DPMN,10DPMN,M,NS,00,30,16,108.06,434,149.77,148.36,8.868730,0.541950,1000.00,cifi0007.DBF
DPMN,10DPMN,M,NS,00,30,17,118.24,459,161.77,160.20,8.868730,0.541950,1000.00,cifi0007.DBF
DPMN,10DPMN,M,NS,00,30,18,128.79,483,174.10,172.37,8.868730,0.541950,1000.00,cifi0007.DBF
DPMN,10DPMN,M,NS,00,30,19,139.72,506,186.76,184.86,8.868730,0.541950,1000.00,cifi0007.DBF
DPMN,10DPMN,M,NS,00,30,20,151.04,529,199.75,197.69,8.868730,0.541950,1000.00,cifi0007.DBF
DPMN,10DPMN,M,NS,00,30,21,162.74,551,213.07,210.85,8.868730,0.541950,1000.00,cifi0007.DBF
DPMN,10DPMN,M,NS,00,30,22,174.79,572,226.69,224.32,8.868730,0.541950,1000.00,cifi0007.DBF
DPMN,10DPMN,M,NS,00,30,23,187.19,593,240.59,238.08,8.868730,0.541950,1000.00,cifi0007.DBF
DPMN,10DPMN,M,NS,00,30,24,199.91,612,254.76,252.11,8.868730,0.541950,1000.00,cifi0007.DBF
DPMN,10DPMN,M,NS,00,30,25,212.98,631,269.19,266.41,8.868730,0.541950,1000.00,cifi0007.DBF
DPMN,10DPMN,M,NS,00,30,26,226.41,649,283.92,280.99,8.868730,0.541950,1000.00,cifi0007.DBF
DPMN,10DPMN,M,NS,00,30,27,240.24,666,298.96,295.87,8.868730,0.541950,1000.00,cifi0007.DBF
DPMN,10DPMN,M,NS,00,30,28,254.51,683,314.35,311.09,8.868730,0.541950,1000.00,cifi0007.DBF
DPMN,10DPMN,M,NS,00,30,29,269.23,700,330.11,326.66,8.868730,0.541950,1000.00,cifi0007.DBF
DPMN,10DPMN,M,NS,00,30,30,284.40,715,346.21,342.59,8.868730,0.541950,1000.00,cifi0007.DBF
DPMN,10DPMN,M,NS,00,30,31,300.00,730,362.64,358.86,8.868730,0.541950,1000.00,cifi0007.DBF
DPMN,10DPMN,M,NS,00,30,32,315.97,745,379.34,375.42,8.868730,0.541950,1000.00,cifi0007.DBF
DPMN,10DPMN,M,NS,00,30,33,332.29,759,396.27,392.24,8.868730,0.541950,1000.00,cifi0007.DBF
DPMN,10DPMN,M,NS,00,30,34,348.93,772,413.42,409.28,8.868730,0.541950,1000.00,cifi0007.DBF
DPMN,10DPMN,M,NS,00,30,35,365.88,785,430.77,426.53,8.868730,0.541950,1000.00,cifi0007.DBF
DPMN,10DPMN,M,NS,00,30,36,383.15,797,448.32,443.98,8.868730,0.541950,1000.00,cifi0007.DBF
DPMN,10DPMN,M,NS,00,30,37,400.74,809,466.07,461.63,8.868730,0.541950,1000.00,cifi0007.DBF
DPMN,10DPMN,M,NS,00,30,38,418.66,820,484.02,479.48,8.868730,0.541950,1000.00,cifi0007.DBF
DPMN,10DPMN,M,NS,00,30,39,436.90,831,502.18,497.54,8.868730,0.541950,1000.00,cifi0007.DBF
DPMN,10DPMN,M,NS,00,30,40,455.46,841,520.51,515.78,8.868730,0.541950,1000.00,cifi0007.DBF
DPMN,10DPMN,M,NS,00,30,41,474.27,851,538.97,534.17,8.868730,0.541950,1000.00,cifi0007.DBF
DPMN,10DPMN,M,NS,00,30,42,493.29,860,557.51,552.67,8.868730,0.541950,1000.00,cifi0007.DBF
DPMN,10DPMN,M,NS,00,30,43,512.42,869,576.04,571.21,8.868730,0.541950,1000.00,cifi0007.DBF
DPMN,10DPMN,M,NS,00,30,44,531.60,878,594.50,589.70,8.868730,0.541950,1000.00,cifi0007.DBF
DPMN,10DPMN,M,NS,00,30,45,550.78,886,612.86,608.11,8.868730,0.541950,1000.00,cifi0007.DBF
DPMN,10DPMN,M,NS,00,30,46,569.92,894,631.07,626.40,8.868730,0.541950,1000.00,cifi0007.DBF
DPMN,10DPMN,M,NS,00,30,47,589.03,901,649.14,644.54,8.868730,0.541950,1000.00,cifi0007.DBF
DPMN,10DPMN,M,NS,00,30,48,608.10,908,667.07,662.54,8.868730,0.541950,1000.00,cifi0007.DBF
DPMN,10DPMN,M,NS,00,30,49,627.12,914,684.84,680.39,8.868730,0.541950,1000.00,cifi0007.DBF
DPMN,10DPMN,M,NS,00,30,50,646.03,921,702.42,698.06,8.868730,0.541950,1000.00,cifi0007.DBF
DPMN,10DPMN,M,NS,00,30,51,664.77,926,719.73,715.51,8.868730,0.541950,1000.00,cifi0007.DBF
DPMN,10DPMN,M,NS,00,30,52,683.24,932,736.70,732.65,8.868730,0.541950,1000.00,cifi0007.DBF
DPMN,10DPMN,M,NS,00,30,53,701.41,937,753.30,749.43,8.868730,0.541950,1000.00,cifi0007.DBF
DPMN,10DPMN,M,NS,00,30,54,719.19,942,769.45,765.81,8.868730,0.541950,1000.00,cifi0007.DBF
DPMN,10DPMN,M,NS,00,30,55,736.47,947,785.08,781.70,8.868730,0.541950,1000.00,cifi0007.DBF
DPMN,10DPMN,M,NS,00,30,56,753.15,951,800.08,797.01,8.868730,0.541950,1000.00,cifi0007.DBF
DPMN,10DPMN,M,NS,00,30,57,769.09,955,814.34,811.64,8.868730,0.541950,1000.00,cifi0007.DBF
DPMN,10DPMN,M,NS,00,30,58,784.17,959,827.77,825.49,8.868730,0.541950,1000.00,cifi0007.DBF
DPMN,10DPMN,M,NS,00,30,59,798.29,962,840.27,838.45,8.868730,0.541950,1000.00,cifi0007.DBF
DPMN,10DPMN,M,NS,00,30,60,811.46,965,851.87,850.50,8.868730,0.541950,1000.00,cifi0007.DBF
DPMN,10DPMN,M,NS,00,30,61,823.76,968,862.62,861.68,8.868730,0.541950,1000.00,cifi0007.DBF
DPMN,10DPMN,M,NS,00,30,62,835.38,970,872.69,872.09,8.868730,0.541950,1000.00,cifi0007.DBF
DPMN,10DPMN,M,NS,00,30,63,846.67,973,882.35,881.95,8.868730,0.541950,1000.00,cifi0007.DBF
DPMN,10DPMN,M,NS,00,30,64,858.06,975,891.94,891.58,8.868730,0.541950,1000.00,cifi0007.DBF
DPMN,10DPMN,M,NS,00,30,65,870.30,977,902.06,901.44,8.868730,0.541950,1000.00,cifi0007.DBF
DPMN,10DPMN,M,NS,00,30,66,884.56,980,913.60,912.27,8.868730,0.541950,1000.00,cifi0007.DBF
DPMN,10DPMN,M,NS,00,30,67,901.68,983,927.09,924.78,8.868730,0.541950,1000.00,cifi0007.DBF
DPMN,10DPMN,M,NS,00,30,68,923.73,988,943.98,939.97,8.868730,0.541950,1000.00,cifi0007.DBF
DPMN,10DPMN,M,NS,00,30,69,954.29,993,966.76,959.80,8.868730,0.541950,1000.00,cifi0007.DBF
DPMN,10DPMN,M,NS,00,30,70,1000.00,1000,1000.00,987.81,8.868730,0.541950,1000.00,cifi0007.DBF
DPMN,10DPMN,M,NS,00,31,1,0.00,0,0.00,0.28,0.561660,0.561660,1000.00,cifi0007.DBF
DPMN,10DPMN,M,NS,00,31,2,0.00,0,8.88,9.04,9.195660,0.561660,1000.00,cifi0007.DBF
DPMN,10DPMN,M,NS,00,31,3,1.91,12,17.95,18.01,9.195660,0.561660,1000.00,cifi0007.DBF
DPMN,10DPMN,M,NS,00,31,4,9.06,53,27.19,27.17,9.195660,0.561660,1000.00,cifi0007.DBF
DPMN,10DPMN,M,NS,00,31,5,16.39,93,36.59,36.49,9.195660,0.561660,1000.00,cifi0007.DBF
DPMN,10DPMN,M,NS,00,31,6,23.87,130,46.15,45.97,9.195660,0.561660,1000.00,cifi0007.DBF
DPMN,10DPMN,M,NS,00,31,7,31.54,166,55.87,55.61,9.195660,0.561660,1000.00,cifi0007.DBF
DPMN,10DPMN,M,NS,00,31,8,39.40,200,65.78,65.43,9.195660,0.561660,1000.00,cifi0007.DBF
DPMN,10DPMN,M,NS,00,31,9,47.53,234,75.94,75.46,9.195660,0.561660,1000.00,cifi0007.DBF
DPMN,10DPMN,M,NS,00,31,10,55.93,266,86.36,85.75,9.195660,0.561660,1000.00,cifi0007.DBF
DPMN,10DPMN,M,NS,00,31,11,64.61,297,97.04,96.30,9.195660,0.561660,1000.00,cifi0007.DBF
DPMN,10DPMN,M,NS,00,31,12,73.55,327,107.96,107.10,9.195660,0.561660,1000.00,cifi0007.DBF
DPMN,10DPMN,M,NS,00,31,13,82.79,355,119.15,118.16,9.195660,0.561660,1000.00,cifi0007.DBF
DPMN,10DPMN,M,NS,00,31,14,92.33,383,130.61,129.48,9.195660,0.561660,1000.00,cifi0007.DBF
DPMN,10DPMN,M,NS,00,31,15,102.23,410,142.41,141.11,9.195660,0.561660,1000.00,cifi0007.DBF
DPMN,10DPMN,M,NS,00,31,16,112.48,436,154.51,153.06,9.195660,0.561660,1000.00,cifi0007.DBF
DPMN,10DPMN,M,NS,00,31,17,123.10,462,166.94,165.32,9.195660,0.561660,1000.00,cifi0007.DBF
DPMN,10DPMN,M,NS,00,31,18,134.10,486,179.71,177.93,9.195660,0.561660,1000.00,cifi0007.DBF
DPMN,10DPMN,M,NS,00,31,19,145.49,510,192.82,190.86,9.195660,0.561660,1000.00,cifi0007.DBF
DPMN,10DPMN,M,NS,00,31,20,157.27,533,206.25,204.13,9.195660,0.561660,1000.00,cifi0007.DBF
DPMN,10DPMN,M,NS,00,31,21,169.40,555,219.99,217.72,9.195660,0.561660,1000.00,cifi0007.DBF
DPMN,10DPMN,M,NS,00,31,22,181.88,576,234.00,231.59,9.195660,0.561660,1000.00,cifi0007.DBF
DPMN,10DPMN,M,NS,00,31,23,194.68,596,248.29,245.74,9.195660,0.561660,1000.00,cifi0007.DBF
DPMN,10DPMN,M,NS,00,31,24,207.84,616,262.85,260.17,9.195660,0.561660,1000.00,cifi0007.DBF
DPMN,10DPMN,M,NS,00,31,25,221.36,635,277.70,274.87,9.195660,0.561660,1000.00,cifi0007.DBF
DPMN,10DPMN,M,NS,00,31,26,235.28,653,292.87,289.88,9.195660,0.561660,1000.00,cifi0007.DBF
DPMN,10DPMN,M,NS,00,31,27,249.64,670,308.40,305.23,9.195660,0.561660,1000.00,cifi0007.DBF
DPMN,10DPMN,M,NS,00,31,28,264.45,687,324.28,320.94,9.195660,0.561660,1000.00,cifi0007.DBF
DPMN,10DPMN,M,NS,00,31,29,279.72,703,340.52,337.00,9.195660,0.561660,1000.00,cifi0007.DBF
DPMN,10DPMN,M,NS,00,31,30,295.42,719,357.09,353.40,9.195660,0.561660,1000.00,cifi0007.DBF
DPMN,10DPMN,M,NS,00,31,31,311.50,734,373.93,370.11,9.195660,0.561660,1000.00,cifi0007.DBF
DPMN,10DPMN,M,NS,00,31,32,327.93,749,391.01,387.07,9.195660,0.561660,1000.00,cifi0007.DBF
DPMN,10DPMN,M,NS,00,31,33,344.68,763,408.31,404.26,9.195660,0.561660,1000.00,cifi0007.DBF
DPMN,10DPMN,M,NS,00,31,34,361.74,776,425.80,421.65,9.195660,0.561660,1000.00,cifi0007.DBF
DPMN,10DPMN,M,NS,00,31,35,379.12,789,443.50,439.25,9.195660,0.561660,1000.00,cifi0007.DBF
DPMN,10DPMN,M,NS,00,31,36,396.82,801,461.40,457.05,9.195660,0.561660,1000.00,cifi0007.DBF
DPMN,10DPMN,M,NS,00,31,37,414.86,813,479.51,475.05,9.195660,0.561660,1000.00,cifi0007.DBF
DPMN,10DPMN,M,NS,00,31,38,433.22,824,497.82,493.26,9.195660,0.561660,1000.00,cifi0007.DBF
DPMN,10DPMN,M,NS,00,31,39,451.90,835,516.30,511.66,9.195660,0.561660,1000.00,cifi0007.DBF
DPMN,10DPMN,M,NS,00,31,40,470.84,845,534.92,530.21,9.195660,0.561660,1000.00,cifi0007.DBF
DPMN,10DPMN,M,NS,00,31,41,489.97,855,553.62,548.87,9.195660,0.561660,1000.00,cifi0007.DBF
DPMN,10DPMN,M,NS,00,31,42,509.23,864,572.30,567.56,9.195660,0.561660,1000.00,cifi0007.DBF
DPMN,10DPMN,M,NS,00,31,43,528.54,873,590.93,586.21,9.195660,0.561660,1000.00,cifi0007.DBF
DPMN,10DPMN,M,NS,00,31,44,547.84,881,609.44,604.78,9.195660,0.561660,1000.00,cifi0007.DBF
DPMN,10DPMN,M,NS,00,31,45,567.11,889,627.81,623.22,9.195660,0.561660,1000.00,cifi0007.DBF
DPMN,10DPMN,M,NS,00,31,46,586.35,897,646.03,641.52,9.195660,0.561660,1000.00,cifi0007.DBF
DPMN,10DPMN,M,NS,00,31,47,605.54,904,664.11,659.67,9.195660,0.561660,1000.00,cifi0007.DBF
DPMN,10DPMN,M,NS,00,31,48,624.68,911,682.04,677.67,9.195660,0.561660,1000.00,cifi0007.DBF
DPMN,10DPMN,M,NS,00,31,49,643.72,917,699.76,695.50,9.195660,0.561660,1000.00,cifi0007.DBF
DPMN,10DPMN,M,NS,00,31,50,662.58,923,717.22,713.09,9.195660,0.561660,1000.00,cifi0007.DBF
DPMN,10DPMN,M,NS,00,31,51,681.17,929,734.33,730.37,9.195660,0.561660,1000.00,cifi0007.DBF
DPMN,10DPMN,M,NS,00,31,52,699.46,935,751.08,747.30,9.195660,0.561660,1000.00,cifi0007.DBF
DPMN,10DPMN,M,NS,00,31,53,717.35,940,767.37,763.82,9.195660,0.561660,1000.00,cifi0007.DBF
DPMN,10DPMN,M,NS,00,31,54,734.75,945,783.13,779.85,9.195660,0.561660,1000.00,cifi0007.DBF
DPMN,10DPMN,M,NS,00,31,55,751.53,949,798.25,795.29,9.195660,0.561660,1000.00,cifi0007.DBF
DPMN,10DPMN,M,NS,00,31,56,767.58,953,812.64,810.04,9.195660,0.561660,1000.00,cifi0007.DBF
DPMN,10DPMN,M,NS,00,31,57,782.76,957,826.18,824.01,9.195660,0.561660,1000.00,cifi0007.DBF
DPMN,10DPMN,M,NS,00,31,58,796.97,960,838.79,837.08,9.195660,0.561660,1000.00,cifi0007.DBF
DPMN,10DPMN,M,NS,00,31,59,810.23,963,850.49,849.23,9.195660,0.561660,1000.00,cifi0007.DBF
DPMN,10DPMN,M,NS,00,31,60,822.61,966,861.33,860.50,9.195660,0.561660,1000.00,cifi0007.DBF
DPMN,10DPMN,M,NS,00,31,61,834.31,969,871.49,871.01,9.195660,0.561660,1000.00,cifi0007.DBF
DPMN,10DPMN,M,NS,00,31,62,845.67,971,881.23,880.96,9.195660,0.561660,1000.00,cifi0007.DBF
DPMN,10DPMN,M,NS,00,31,63,857.13,974,890.91,890.67,9.195660,0.561660,1000.00,cifi0007.DBF
DPMN,10DPMN,M,NS,00,31,64,869.45,976,901.12,900.62,9.195660,0.561660,1000.00,cifi0007.DBF
DPMN,10DPMN,M,NS,00,31,65,883.80,979,912.76,911.54,9.195660,0.561660,1000.00,cifi0007.DBF
DPMN,10DPMN,M,NS,00,31,66,901.04,983,926.38,924.17,9.195660,0.561660,1000.00,cifi0007.DBF
DPMN,10DPMN,M,NS,00,31,67,923.23,987,943.43,939.51,9.195660,0.561660,1000.00,cifi0007.DBF
DPMN,10DPMN,M,NS,00,31,68,953.99,993,966.43,959.53,9.195660,0.561660,1000.00,cifi0007.DBF
DPMN,10DPMN,M,NS,00,31,69,1000.00,1000,1000.00,987.81,9.195660,0.561660,1000.00,cifi0007.DBF
DPMN,10DPMN,M,NS,00,32,1,0.00,0,0.00,0.29,0.581370,0.581370,1000.00,cifi0007.DBF
DPMN,10DPMN,M,NS,00,32,2,0.00,0,9.15,9.34,9.537690,0.581370,1000.00,cifi0007.DBF
DPMN,10DPMN,M,NS,00,32,3,2.30,14,18.47,18.58,9.537690,0.581370,1000.00,cifi0007.DBF
DPMN,10DPMN,M,NS,00,32,4,9.68,55,27.96,27.98,9.537690,0.581370,1000.00,cifi0007.DBF
DPMN,10DPMN,M,NS,00,32,5,17.21,94,37.60,37.55,9.537690,0.581370,1000.00,cifi0007.DBF
DPMN,10DPMN,M,NS,00,32,6,24.93,131,47.41,47.27,9.537690,0.581370,1000.00,cifi0007.DBF
DPMN,10DPMN,M,NS,00,32,7,32.85,167,57.41,57.18,9.537690,0.581370,1000.00,cifi0007.DBF
DPMN,10DPMN,M,NS,00,32,8,41.03,202,67.66,67.30,9.537690,0.581370,1000.00,cifi0007.DBF
DPMN,10DPMN,M,NS,00,32,9,49.49,235,78.17,77.68,9.537690,0.581370,1000.00,cifi0007.DBF
DPMN,10DPMN,M,NS,00,32,10,58.23,267,88.94,88.32,9.537690,0.581370,1000.00,cifi0007.DBF
DPMN,10DPMN,M,NS,00,32,11,67.23,299,99.96,99.22,9.537690,0.581370,1000.00,cifi0007.DBF
DPMN,10DPMN,M,NS,00,32,12,76.53,329,111.25,110.37,9.537690,0.581370,1000.00,cifi0007.DBF
DPMN,10DPMN,M,NS,00,32,13,86.13,357,122.81,121.80,9.537690,0.581370,1000.00,cifi0007.DBF
DPMN,10DPMN,M,NS,00,32,14,96.11,386,134.71,133.53,9.537690,0.581370,1000.00,cifi0007.DBF
DPMN,10DPMN,M,NS,00,32,15,106.42,413,146.92,145.58,9.537690,0.581370,1000.00,cifi0007.DBF
DPMN,10DPMN,M,NS,00,32,16,117.12,439,159.46,157.96,9.537690,0.581370,1000.00,cifi0007.DBF
DPMN,10DPMN,M,NS,00,32,17,128.19,465,172.34,170.67,9.537690,0.581370,1000.00,cifi0007.DBF
DPMN,10DPMN,M,NS,00,32,18,139.66,489,185.56,183.72,9.537690,0.581370,1000.00,cifi0007.DBF
DPMN,10DPMN,M,NS,00,32,19,151.52,513,199.12,197.11,9.537690,0.581370,1000.00,cifi0007.DBF
DPMN,10DPMN,M,NS,00,32,20,163.73,536,212.97,210.81,9.537690,0.581370,1000.00,cifi0007.DBF
DPMN,10DPMN,M,NS,00,32,21,176.29,558,227.11,224.81,9.537690,0.581370,1000.00,cifi0007.DBF
DPMN,10DPMN,M,NS,00,32,22,189.19,579,241.52,239.09,9.537690,0.581370,1000.00,cifi0007.DBF
DPMN,10DPMN,M,NS,00,32,23,202.43,600,256.21,253.64,9.537690,0.581370,1000.00,cifi0007.DBF
DPMN,10DPMN,M,NS,00,32,24,216.04,619,271.19,268.47,9.537690,0.581370,1000.00,cifi0007.DBF
DPMN,10DPMN,M,NS,00,32,25,230.06,638,286.50,283.62,9.537690,0.581370,1000.00,cifi0007.DBF
DPMN,10DPMN,M,NS,00,32,26,244.52,656,302.16,299.10,9.537690,0.581370,1000.00,cifi0007.DBF
DPMN,10DPMN,M,NS,00,32,27,259.43,674,318.19,314.94,9.537690,0.581370,1000.00,cifi0007.DBF
DPMN,10DPMN,M,NS,00,32,28,274.81,691,334.57,331.15,9.537690,0.581370,1000.00,cifi0007.DBF
DPMN,10DPMN,M,NS,00,32,29,290.61,708,351.28,347.70,9.537690,0.581370,1000.00,cifi0007.DBF
DPMN,10DPMN,M,NS,00,32,30,306.81,723,368.28,364.55,9.537690,0.581370,1000.00,cifi0007.DBF
DPMN,10DPMN,M,NS,00,32,31,323.34,738,385.51,381.66,9.537690,0.581370,1000.00,cifi0007.DBF
DPMN,10DPMN,M,NS,00,32,32,340.20,753,402.95,399.00,9.537690,0.581370,1000.00,cifi0007.DBF
DPMN,10DPMN,M,NS,00,32,33,357.38,767,420.60,416.55,9.537690,0.581370,1000.00,cifi0007.DBF
DPMN,10DPMN,M,NS,00,32,34,374.88,780,438.46,434.30,9.537690,0.581370,1000.00,cifi0007.DBF
DPMN,10DPMN,M,NS,00,32,35,392.70,793,456.52,452.26,9.537690,0.581370,1000.00,cifi0007.DBF
DPMN,10DPMN,M,NS,00,32,36,410.87,805,474.78,470.42,9.537690,0.581370,1000.00,cifi0007.DBF
DPMN,10DPMN,M,NS,00,32,37,429.36,816,493.25,488.79,9.537690,0.581370,1000.00,cifi0007.DBF
DPMN,10DPMN,M,NS,00,32,38,448.16,828,511.90,507.35,9.537690,0.581370,1000.00,cifi0007.DBF
DPMN,10DPMN,M,NS,00,32,39,467.23,838,530.69,526.07,9.537690,0.581370,1000.00,cifi0007.DBF
DPMN,10DPMN,M,NS,00,32,40,486.49,849,549.55,544.89,9.537690,0.581370,1000.00,cifi0007.DBF
DPMN,10DPMN,M,NS,00,32,41,505.88,858,568.40,563.74,9.537690,0.581370,1000.00,cifi0007.DBF
DPMN,10DPMN,M,NS,00,32,42,525.32,868,587.19,582.56,9.537690,0.581370,1000.00,cifi0007.DBF
DPMN,10DPMN,M,NS,00,32,43,544.75,876,605.86,601.29,9.537690,0.581370,1000.00,cifi0007.DBF
DPMN,10DPMN,M,NS,00,32,44,564.16,885,624.39,619.89,9.537690,0.581370,1000.00,cifi0007.DBF
DPMN,10DPMN,M,NS,00,32,45,583.53,892,642.78,638.36,9.537690,0.581370,1000.00,cifi0007.DBF
DPMN,10DPMN,M,NS,00,32,46,602.85,900,661.02,656.67,9.537690,0.581370,1000.00,cifi0007.DBF
DPMN,10DPMN,M,NS,00,32,47,622.12,907,679.10,674.83,9.537690,0.581370,1000.00,cifi0007.DBF
DPMN,10DPMN,M,NS,00,32,48,641.29,914,696.98,692.81,9.537690,0.581370,1000.00,cifi0007.DBF
DPMN,10DPMN,M,NS,00,32,49,660.28,920,714.60,710.56,9.537690,0.581370,1000.00,cifi0007.DBF
DPMN,10DPMN,M,NS,00,32,50,678.99,926,731.86,728.00,9.537690,0.581370,1000.00,cifi0007.DBF
DPMN,10DPMN,M,NS,00,32,51,697.41,932,748.75,745.07,9.537690,0.581370,1000.00,cifi0007.DBF
DPMN,10DPMN,M,NS,00,32,52,715.42,937,765.19,761.74,9.537690,0.581370,1000.00,cifi0007.DBF
DPMN,10DPMN,M,NS,00,32,53,732.94,942,781.09,777.91,9.537690,0.581370,1000.00,cifi0007.DBF
DPMN,10DPMN,M,NS,00,32,54,749.84,947,796.34,793.48,9.537690,0.581370,1000.00,cifi0007.DBF
DPMN,10DPMN,M,NS,00,32,55,765.99,951,810.86,808.37,9.537690,0.581370,1000.00,cifi0007.DBF
DPMN,10DPMN,M,NS,00,32,56,781.27,955,824.52,822.46,9.537690,0.581370,1000.00,cifi0007.DBF
DPMN,10DPMN,M,NS,00,32,57,795.58,959,837.24,835.65,9.537690,0.581370,1000.00,cifi0007.DBF
DPMN,10DPMN,M,NS,00,32,58,808.93,962,849.04,847.91,9.537690,0.581370,1000.00,cifi0007.DBF
DPMN,10DPMN,M,NS,00,32,59,821.39,965,859.98,859.28,9.537690,0.581370,1000.00,cifi0007.DBF
DPMN,10DPMN,M,NS,00,32,60,833.18,968,870.23,869.88,9.537690,0.581370,1000.00,cifi0007.DBF
DPMN,10DPMN,M,NS,00,32,61,844.61,970,880.06,879.92,9.537690,0.581370,1000.00,cifi0007.DBF
DPMN,10DPMN,M,NS,00,32,62,856.15,973,889.83,889.72,9.537690,0.581370,1000.00,cifi0007.DBF
DPMN,10DPMN,M,NS,00,32,63,868.56,975,900.14,899.76,9.537690,0.581370,1000.00,cifi0007.DBF
DPMN,10DPMN,M,NS,00,32,64,883.01,979,911.89,910.78,9.537690,0.581370,1000.00,cifi0007.DBF
DPMN,10DPMN,M,NS,00,32,65,900.36,982,925.64,923.53,9.537690,0.581370,1000.00,cifi0007.DBF
DPMN,10DPMN,M,NS,00,32,66,922.70,986,942.86,939.02,9.537690,0.581370,1000.00,cifi0007.DBF
DPMN,10DPMN,M,NS,00,32,67,953.67,992,966.09,959.24,9.537690,0.581370,1000.00,cifi0007.DBF
DPMN,10DPMN,M,NS,00,32,68,1000.00,1000,1000.00,987.81,9.537690,0.581370,1000.00,cifi0007.DBF
DPMN,10DPMN,M,NS,00,33,1,0.00,0,0.00,0.33,0.660190,0.660190,1000.00,cifi0007.DBF
DPMN,10DPMN,M,NS,00,33,2,0.00,0,9.41,9.65,9.893400,0.660190,1000.00,cifi0007.DBF
DPMN,10DPMN,M,NS,00,33,3,2.62,15,18.98,19.14,9.893400,0.660190,1000.00,cifi0007.DBF
DPMN,10DPMN,M,NS,00,33,4,10.21,56,28.71,28.79,9.893400,0.660190,1000.00,cifi0007.DBF
DPMN,10DPMN,M,NS,00,33,5,17.98,95,38.61,38.60,9.893400,0.660190,1000.00,cifi0007.DBF
DPMN,10DPMN,M,NS,00,33,6,25.95,132,48.70,48.60,9.893400,0.660190,1000.00,cifi0007.DBF
DPMN,10DPMN,M,NS,00,33,7,34.19,168,59.04,58.82,9.893400,0.660190,1000.00,cifi0007.DBF
DPMN,10DPMN,M,NS,00,33,8,42.71,203,69.65,69.29,9.893400,0.660190,1000.00,cifi0007.DBF
DPMN,10DPMN,M,NS,00,33,9,51.51,237,80.52,80.03,9.893400,0.660190,1000.00,cifi0007.DBF
DPMN,10DPMN,M,NS,00,33,10,60.58,269,91.64,91.02,9.893400,0.660190,1000.00,cifi0007.DBF
DPMN,10DPMN,M,NS,00,33,11,69.95,300,103.03,102.28,9.893400,0.660190,1000.00,cifi0007.DBF
DPMN,10DPMN,M,NS,00,33,12,79.62,330,114.70,113.81,9.893400,0.660190,1000.00,cifi0007.DBF
DPMN,10DPMN,M,NS,00,33,13,89.66,360,126.70,125.64,9.893400,0.660190,1000.00,cifi0007.DBF
DPMN,10DPMN,M,NS,00,33,14,100.05,388,139.02,137.81,9.893400,0.660190,1000.00,cifi0007.DBF
DPMN,10DPMN,M,NS,00,33,15,110.82,416,151.68,150.30,9.893400,0.660190,1000.00,cifi0007.DBF
DPMN,10DPMN,M,NS,00,33,16,121.98,442,164.68,163.12,9.893400,0.660190,1000.00,cifi0007.DBF
DPMN,10DPMN,M,NS,00,33,17,133.53,468,178.02,176.29,9.893400,0.660190,1000.00,cifi0007.DBF
DPMN,10DPMN,M,NS,00,33,18,145.47,493,191.69,189.80,9.893400,0.660190,1000.00,cifi0007.DBF
DPMN,10DPMN,M,NS,00,33,19,157.77,517,205.68,203.63,9.893400,0.660190,1000.00,cifi0007.DBF
DPMN,10DPMN,M,NS,00,33,20,170.42,540,219.95,217.76,9.893400,0.660190,1000.00,cifi0007.DBF
DPMN,10DPMN,M,NS,00,33,21,183.41,562,234.49,232.16,9.893400,0.660190,1000.00,cifi0007.DBF
DPMN,10DPMN,M,NS,00,33,22,196.74,583,249.31,246.85,9.893400,0.660190,1000.00,cifi0007.DBF
DPMN,10DPMN,M,NS,00,33,23,210.45,603,264.43,261.81,9.893400,0.660190,1000.00,cifi0007.DBF
DPMN,10DPMN,M,NS,00,33,24,224.57,623,279.87,277.10,9.893400,0.660190,1000.00,cifi0007.DBF
DPMN,10DPMN,M,NS,00,33,25,239.13,642,295.68,292.72,9.893400,0.660190,1000.00,cifi0007.DBF
DPMN,10DPMN,M,NS,00,33,26,254.15,660,311.85,308.71,9.893400,0.660190,1000.00,cifi0007.DBF
DPMN,10DPMN,M,NS,00,33,27,269.64,678,328.38,325.06,9.893400,0.660190,1000.00,cifi0007.DBF
DPMN,10DPMN,M,NS,00,33,28,285.56,695,345.25,341.76,9.893400,0.660190,1000.00,cifi0007.DBF
DPMN,10DPMN,M,NS,00,33,29,301.86,712,362.40,358.77,9.893400,0.660190,1000.00,cifi0007.DBF
DPMN,10DPMN,M,NS,00,33,30,318.52,727,379.78,376.03,9.893400,0.660190,1000.00,cifi0007.DBF
DPMN,10DPMN,M,NS,00,33,31,335.50,742,397.39,393.53,9.893400,0.660190,1000.00,cifi0007.DBF
DPMN,10DPMN,M,NS,00,33,32,352.80,757,415.20,411.24,9.893400,0.660190,1000.00,cifi0007.DBF
DPMN,10DPMN,M,NS,00,33,33,370.42,771,433.21,429.15,9.893400,0.660190,1000.00,cifi0007.DBF
DPMN,10DPMN,M,NS,00,33,34,388.37,784,451.44,447.27,9.893400,0.660190,1000.00,cifi0007.DBF
DPMN,10DPMN,M,NS,00,33,35,406.67,797,469.87,465.60,9.893400,0.660190,1000.00,cifi0007.DBF
DPMN,10DPMN,M,NS,00,33,36,425.29,809,488.51,484.14,9.893400,0.660190,1000.00,cifi0007.DBF
DPMN,10DPMN,M,NS,00,33,37,444.22,820,507.33,502.87,9.893400,0.660190,1000.00,cifi0007.DBF
DPMN,10DPMN,M,NS,00,33,38,463.43,832,526.28,521.75,9.893400,0.660190,1000.00,cifi0007.DBF
DPMN,10DPMN,M,NS,00,33,39,482.83,842,545.31,540.75,9.893400,0.660190,1000.00,cifi0007.DBF
DPMN,10DPMN,M,NS,00,33,40,502.36,852,564.34,559.77,9.893400,0.660190,1000.00,cifi0007.DBF
DPMN,10DPMN,M,NS,00,33,41,521.93,862,583.30,578.76,9.893400,0.660190,1000.00,cifi0007.DBF
DPMN,10DPMN,M,NS,00,33,42,541.51,871,602.14,597.66,9.893400,0.660190,1000.00,cifi0007.DBF
DPMN,10DPMN,M,NS,00,33,43,561.05,880,620.84,616.44,9.893400,0.660190,1000.00,cifi0007.DBF
DPMN,10DPMN,M,NS,00,33,44,580.56,888,639.40,635.07,9.893400,0.660190,1000.00,cifi0007.DBF
DPMN,10DPMN,M,NS,00,33,45,600.02,896,657.80,653.55,9.893400,0.660190,1000.00,cifi0007.DBF
DPMN,10DPMN,M,NS,00,33,46,619.43,903,676.05,671.87,9.893400,0.660190,1000.00,cifi0007.DBF
DPMN,10DPMN,M,NS,00,33,47,638.73,910,694.09,690.02,9.893400,0.660190,1000.00,cifi0007.DBF
DPMN,10DPMN,M,NS,00,33,48,657.86,917,711.87,707.92,9.893400,0.660190,1000.00,cifi0007.DBF
DPMN,10DPMN,M,NS,00,33,49,676.70,923,729.28,725.52,9.893400,0.660190,1000.00,cifi0007.DBF
DPMN,10DPMN,M,NS,00,33,50,695.25,929,746.33,742.75,9.893400,0.660190,1000.00,cifi0007.DBF
DPMN,10DPMN,M,NS,00,33,51,713.39,935,762.92,759.57,9.893400,0.660190,1000.00,cifi0007.DBF
DPMN,10DPMN,M,NS,00,33,52,731.04,940,778.96,775.89,9.893400,0.660190,1000.00,cifi0007.DBF
DPMN,10DPMN,M,NS,00,33,53,748.05,945,794.36,791.61,9.893400,0.660190,1000.00,cifi0007.DBF
DPMN,10DPMN,M,NS,00,33,54,764.32,949,809.00,806.63,9.893400,0.660190,1000.00,cifi0007.DBF
DPMN,10DPMN,M,NS,00,33,55,779.72,953,822.79,820.84,9.893400,0.660190,1000.00,cifi0007.DBF
DPMN,10DPMN,M,NS,00,33,56,794.12,957,835.63,834.16,9.893400,0.660190,1000.00,cifi0007.DBF
DPMN,10DPMN,M,NS,00,33,57,807.57,960,847.54,846.53,9.893400,0.660190,1000.00,cifi0007.DBF
DPMN,10DPMN,M,NS,00,33,58,820.12,963,858.58,858.01,9.893400,0.660190,1000.00,cifi0007.DBF
DPMN,10DPMN,M,NS,00,33,59,831.99,966,868.93,868.70,9.893400,0.660190,1000.00,cifi0007.DBF
DPMN,10DPMN,M,NS,00,33,60,843.50,969,878.85,878.83,9.893400,0.660190,1000.00,cifi0007.DBF
DPMN,10DPMN,M,NS,00,33,61,855.13,972,888.71,888.73,9.893400,0.660190,1000.00,cifi0007.DBF
DPMN,10DPMN,M,NS,00,33,62,867.63,974,899.12,898.86,9.893400,0.660190,1000.00,cifi0007.DBF
DPMN,10DPMN,M,NS,00,33,63,882.18,978,910.98,910.00,9.893400,0.660190,1000.00,cifi0007.DBF
DPMN,10DPMN,M,NS,00,33,64,899.65,981,924.87,922.87,9.893400,0.660190,1000.00,cifi0007.DBF
DPMN,10DPMN,M,NS,00,33,65,922.15,986,942.26,938.51,9.893400,0.660190,1000.00,cifi0007.DBF
DPMN,10DPMN,M,NS,00,33,66,953.34,992,965.73,958.95,9.893400,0.660190,1000.00,cifi0007.DBF
DPMN,10DPMN,M,NS,00,33,67,1000.00,1000,1000.00,987.81,9.893400,0.660190,1000.00,cifi0007.DBF
DPMN,10DPMN,M,NS,00,34,1,0.00,0,0.00,0.38,0.768580,0.768580,1000.00,cifi0007.DBF
DPMN,10DPMN,M,NS,00,34,2,0.00,0,9.67,9.96,10.262480,0.768580,1000.00,cifi0007.DBF
DPMN,10DPMN,M,NS,00,34,3,2.89,16,19.48,19.70,10.262480,0.768580,1000.00,cifi0007.DBF
DPMN,10DPMN,M,NS,00,34,4,10.72,57,29.47,29.61,10.262480,0.768580,1000.00,cifi0007.DBF
DPMN,10DPMN,M,NS,00,34,5,18.76,96,39.66,39.70,10.262480,0.768580,1000.00,cifi0007.DBF
DPMN,10DPMN,M,NS,00,34,6,27.05,133,50.10,50.01,10.262480,0.768580,1000.00,cifi0007.DBF
DPMN,10DPMN,M,NS,00,34,7,35.64,170,60.81,60.58,10.262480,0.768580,1000.00,cifi0007.DBF
DPMN,10DPMN,M,NS,00,34,8,44.50,205,71.78,71.42,10.262480,0.768580,1000.00,cifi0007.DBF
DPMN,10DPMN,M,NS,00,34,9,53.64,238,83.00,82.52,10.262480,0.768580,1000.00,cifi0007.DBF
DPMN,10DPMN,M,NS,00,34,10,63.07,271,94.50,93.88,10.262480,0.768580,1000.00,cifi0007.DBF
DPMN,10DPMN,M,NS,00,34,11,72.82,302,106.27,105.52,10.262480,0.768580,1000.00,cifi0007.DBF
DPMN,10DPMN,M,NS,00,34,12,82.93,333,118.39,117.46,10.262480,0.768580,1000.00,cifi0007.DBF
DPMN,10DPMN,M,NS,00,34,13,93.40,362,130.83,129.74,10.262480,0.768580,1000.00,cifi0007.DBF
DPMN,10DPMN,M,NS,00,34,14,104.25,391,143.60,142.35,10.262480,0.768580,1000.00,cifi0007.DBF
DPMN,10DPMN,M,NS,00,34,15,115.49,419,156.72,155.30,10.262480,0.768580,1000.00,cifi0007.DBF
DPMN,10DPMN,M,NS,00,34,16,127.12,445,170.19,168.59,10.262480,0.768580,1000.00,cifi0007.DBF
DPMN,10DPMN,M,NS,00,34,17,139.15,471,183.99,182.22,10.262480,0.768580,1000.00,cifi0007.DBF
DPMN,10DPMN,M,NS,00,34,18,151.55,496,198.11,196.18,10.262480,0.768580,1000.00,cifi0007.DBF
DPMN,10DPMN,M,NS,00,34,19,164.29,520,212.51,210.44,10.262480,0.768580,1000.00,cifi0007.DBF
DPMN,10DPMN,M,NS,00,34,20,177.37,543,227.19,224.98,10.262480,0.768580,1000.00,cifi0007.DBF
DPMN,10DPMN,M,NS,00,34,21,190.81,565,242.15,239.80,10.262480,0.768580,1000.00,cifi0007.DBF
DPMN,10DPMN,M,NS,00,34,22,204.62,587,257.41,254.91,10.262480,0.768580,1000.00,cifi0007.DBF
DPMN,10DPMN,M,NS,00,34,23,218.84,607,273.00,270.33,10.262480,0.768580,1000.00,cifi0007.DBF
DPMN,10DPMN,M,NS,00,34,24,233.51,627,288.95,286.11,10.262480,0.768580,1000.00,cifi0007.DBF
DPMN,10DPMN,M,NS,00,34,25,248.64,646,305.27,302.24,10.262480,0.768580,1000.00,cifi0007.DBF
DPMN,10DPMN,M,NS,00,34,26,264.24,665,321.96,318.75,10.262480,0.768580,1000.00,cifi0007.DBF
DPMN,10DPMN,M,NS,00,34,27,280.28,682,338.98,335.60,10.262480,0.768580,1000.00,cifi0007.DBF
DPMN,10DPMN,M,NS,00,34,28,296.71,699,356.29,352.77,10.262480,0.768580,1000.00,cifi0007.DBF
DPMN,10DPMN,M,NS,00,34,29,313.48,716,373.84,370.20,10.262480,0.768580,1000.00,cifi0007.DBF
DPMN,10DPMN,M,NS,00,34,30,330.59,732,391.61,387.86,10.262480,0.768580,1000.00,cifi0007.DBF
DPMN,10DPMN,M,NS,00,34,31,348.02,747,409.59,405.73,10.262480,0.768580,1000.00,cifi0007.DBF
DPMN,10DPMN,M,NS,00,34,32,365.77,761,427.77,423.81,10.262480,0.768580,1000.00,cifi0007.DBF
DPMN,10DPMN,M,NS,00,34,33,383.86,775,446.17,442.10,10.262480,0.768580,1000.00,cifi0007.DBF
DPMN,10DPMN,M,NS,00,34,34,402.28,788,464.77,460.60,10.262480,0.768580,1000.00,cifi0007.DBF
DPMN,10DPMN,M,NS,00,34,35,421.04,801,483.59,479.31,10.262480,0.768580,1000.00,cifi0007.DBF
DPMN,10DPMN,M,NS,00,34,36,440.12,813,502.58,498.22,10.262480,0.768580,1000.00,cifi0007.DBF
DPMN,10DPMN,M,NS,00,34,37,459.46,824,521.71,517.28,10.262480,0.768580,1000.00,cifi0007.DBF
DPMN,10DPMN,M,NS,00,34,38,479.01,835,540.92,536.45,10.262480,0.768580,1000.00,cifi0007.DBF
DPMN,10DPMN,M,NS,00,34,39,498.68,846,560.12,555.65,10.262480,0.768580,1000.00,cifi0007.DBF
DPMN,10DPMN,M,NS,00,34,40,518.40,856,579.26,574.82,10.262480,0.768580,1000.00,cifi0007.DBF
DPMN,10DPMN,M,NS,00,34,41,538.12,866,598.28,593.90,10.262480,0.768580,1000.00,cifi0007.DBF
DPMN,10DPMN,M,NS,00,34,42,557.81,875,617.16,612.85,10.262480,0.768580,1000.00,cifi0007.DBF
DPMN,10DPMN,M,NS,00,34,43,577.46,883,635.89,631.65,10.262480,0.768580,1000.00,cifi0007.DBF
DPMN,10DPMN,M,NS,00,34,44,597.06,891,654.46,650.31,10.262480,0.768580,1000.00,cifi0007.DBF
DPMN,10DPMN,M,NS,00,34,45,616.61,899,672.88,668.80,10.262480,0.768580,1000.00,cifi0007.DBF
DPMN,10DPMN,M,NS,00,34,46,636.06,906,691.09,687.12,10.262480,0.768580,1000.00,cifi0007.DBF
DPMN,10DPMN,M,NS,00,34,47,655.33,913,709.03,705.19,10.262480,0.768580,1000.00,cifi0007.DBF
DPMN,10DPMN,M,NS,00,34,48,674.32,920,726.61,722.96,10.262480,0.768580,1000.00,cifi0007.DBF
DPMN,10DPMN,M,NS,00,34,49,693.00,926,743.82,740.35,10.262480,0.768580,1000.00,cifi0007.DBF
DPMN,10DPMN,M,NS,00,34,50,711.28,932,760.56,757.32,10.262480,0.768580,1000.00,cifi0007.DBF
DPMN,10DPMN,M,NS,00,34,51,729.05,937,776.76,773.79,10.262480,0.768580,1000.00,cifi0007.DBF
DPMN,10DPMN,M,NS,00,34,52,746.19,942,792.30,789.66,10.262480,0.768580,1000.00,cifi0007.DBF
DPMN,10DPMN,M,NS,00,34,53,762.58,947,807.08,804.82,10.262480,0.768580,1000.00,cifi0007.DBF
DPMN,10DPMN,M,NS,00,34,54,778.09,951,821.00,819.17,10.262480,0.768580,1000.00,cifi0007.DBF
DPMN,10DPMN,M,NS,00,34,55,792.60,955,833.96,832.61,10.262480,0.768580,1000.00,cifi0007.DBF
DPMN,10DPMN,M,NS,00,34,56,806.15,959,845.98,845.10,10.262480,0.768580,1000.00,cifi0007.DBF
DPMN,10DPMN,M,NS,00,34,57,818.79,962,857.12,856.68,10.262480,0.768580,1000.00,cifi0007.DBF
DPMN,10DPMN,M,NS,00,34,58,830.75,965,867.57,867.48,10.262480,0.768580,1000.00,cifi0007.DBF
DPMN,10DPMN,M,NS,00,34,59,842.35,968,877.59,877.71,10.262480,0.768580,1000.00,cifi0007.DBF
DPMN,10DPMN,M,NS,00,34,60,854.06,970,887.55,887.70,10.262480,0.768580,1000.00,cifi0007.DBF
DPMN,10DPMN,M,NS,00,34,61,866.65,973,898.06,897.94,10.262480,0.768580,1000.00,cifi0007.DBF
DPMN,10DPMN,M,NS,00,34,62,881.31,977,910.04,909.18,10.262480,0.768580,1000.00,cifi0007.DBF
DPMN,10DPMN,M,NS,00,34,63,898.91,980,924.07,922.19,10.262480,0.768580,1000.00,cifi0007.DBF
DPMN,10DPMN,M,NS,00,34,64,921.58,985,941.65,937.99,10.262480,0.768580,1000.00,cifi0007.DBF
DPMN,10DPMN,M,NS,00,34,65,953.00,992,965.36,958.64,10.262480,0.768580,1000.00,cifi0007.DBF
DPMN,10DPMN,M,NS,00,34,66,1000.00,1000,1000.00,987.81,10.262480,0.768580,1000.00,cifi0007.DBF
DPMN,10DPMN,M,NS,00,35,1,0.00,0,0.00,0.44,0.886830,0.886830,1000.00,cifi0007.DBF
DPMN,10DPMN,M,NS,00,35,2,0.00,0,9.91,10.28,10.645400,0.886830,1000.00,cifi0007.DBF
DPMN,10DPMN,M,NS,00,35,3,3.17,17,20.00,20.28,10.645400,0.886830,1000.00,cifi0007.DBF
DPMN,10DPMN,M,NS,00,35,4,11.27,58,30.28,30.46,10.645400,0.886830,1000.00,cifi0007.DBF
DPMN,10DPMN,M,NS,00,35,5,19.63,97,40.82,40.87,10.645400,0.886830,1000.00,cifi0007.DBF
DPMN,10DPMN,M,NS,00,35,6,28.28,135,51.63,51.55,10.645400,0.886830,1000.00,cifi0007.DBF
DPMN,10DPMN,M,NS,00,35,7,37.21,171,62.71,62.49,10.645400,0.886830,1000.00,cifi0007.DBF
DPMN,10DPMN,M,NS,00,35,8,46.42,206,74.04,73.70,10.645400,0.886830,1000.00,cifi0007.DBF
DPMN,10DPMN,M,NS,00,35,9,55.92,240,85.65,85.17,10.645400,0.886830,1000.00,cifi0007.DBF
DPMN,10DPMN,M,NS,00,35,10,65.74,273,97.54,96.91,10.645400,0.886830,1000.00,cifi0007.DBF
DPMN,10DPMN,M,NS,00,35,11,75.93,305,109.77,108.98,10.645400,0.886830,1000.00,cifi0007.DBF
DPMN,10DPMN,M,NS,00,35,12,86.48,336,122.33,121.37,10.645400,0.886830,1000.00,cifi0007.DBF
DPMN,10DPMN,M,NS,00,35,13,97.42,365,135.23,134.10,10.645400,0.886830,1000.00,cifi0007.DBF
DPMN,10DPMN,M,NS,00,35,14,108.74,394,148.47,147.17,10.645400,0.886830,1000.00,cifi0007.DBF
DPMN,10DPMN,M,NS,00,35,15,120.46,422,162.07,160.59,10.645400,0.886830,1000.00,cifi0007.DBF
DPMN,10DPMN,M,NS,00,35,16,132.58,449,176.01,174.36,10.645400,0.886830,1000.00,cifi0007.DBF
DPMN,10DPMN,M,NS,00,35,17,145.07,475,190.25,188.45,10.645400,0.886830,1000.00,cifi0007.DBF
DPMN,10DPMN,M,NS,00,35,18,157.91,500,204.80,202.85,10.645400,0.886830,1000.00,cifi0007.DBF
DPMN,10DPMN,M,NS,00,35,19,171.10,524,219.61,217.53,10.645400,0.886830,1000.00,cifi0007.DBF
DPMN,10DPMN,M,NS,00,35,20,184.63,547,234.72,232.49,10.645400,0.886830,1000.00,cifi0007.DBF
DPMN,10DPMN,M,NS,00,35,21,198.55,569,250.12,247.74,10.645400,0.886830,1000.00,cifi0007.DBF
DPMN,10DPMN,M,NS,00,35,22,212.88,591,265.87,263.32,10.645400,0.886830,1000.00,cifi0007.DBF
DPMN,10DPMN,M,NS,00,35,23,227.66,611,281.97,279.24,10.645400,0.886830,1000.00,cifi0007.DBF
DPMN,10DPMN,M,NS,00,35,24,242.91,631,298.45,295.53,10.645400,0.886830,1000.00,cifi0007.DBF
DPMN,10DPMN,M,NS,00,35,25,258.62,650,315.30,312.20,10.645400,0.886830,1000.00,cifi0007.DBF
DPMN,10DPMN,M,NS,00,35,26,274.78,669,332.48,329.21,10.645400,0.886830,1000.00,cifi0007.DBF
DPMN,10DPMN,M,NS,00,35,27,291.34,687,349.96,346.54,10.645400,0.886830,1000.00,cifi0007.DBF
DPMN,10DPMN,M,NS,00,35,28,308.24,704,367.68,364.14,10.645400,0.886830,1000.00,cifi0007.DBF
DPMN,10DPMN,M,NS,00,35,29,325.48,720,385.62,381.97,10.645400,0.886830,1000.00,cifi0007.DBF
DPMN,10DPMN,M,NS,00,35,30,343.04,736,403.77,400.02,10.645400,0.886830,1000.00,cifi0007.DBF
DPMN,10DPMN,M,NS,00,35,31,360.93,751,422.13,418.27,10.645400,0.886830,1000.00,cifi0007.DBF
DPMN,10DPMN,M,NS,00,35,32,379.15,765,440.70,436.74,10.645400,0.886830,1000.00,cifi0007.DBF
DPMN,10DPMN,M,NS,00,35,33,397.72,779,459.48,455.41,10.645400,0.886830,1000.00,cifi0007.DBF
DPMN,10DPMN,M,NS,00,35,34,416.62,792,478.48,474.30,10.645400,0.886830,1000.00,cifi0007.DBF
DPMN,10DPMN,M,NS,00,35,35,435.84,805,497.66,493.39,10.645400,0.886830,1000.00,cifi0007.DBF
DPMN,10DPMN,M,NS,00,35,36,455.34,817,516.97,512.64,10.645400,0.886830,1000.00,cifi0007.DBF
DPMN,10DPMN,M,NS,00,35,37,475.04,829,536.36,531.99,10.645400,0.886830,1000.00,cifi0007.DBF
DPMN,10DPMN,M,NS,00,35,38,494.85,840,555.75,551.38,10.645400,0.886830,1000.00,cifi0007.DBF
DPMN,10DPMN,M,NS,00,35,39,514.73,850,575.07,570.73,10.645400,0.886830,1000.00,cifi0007.DBF
DPMN,10DPMN,M,NS,00,35,40,534.60,860,594.27,590.00,10.645400,0.886830,1000.00,cifi0007.DBF
DPMN,10DPMN,M,NS,00,35,41,554.43,869,613.33,609.13,10.645400,0.886830,1000.00,cifi0007.DBF
DPMN,10DPMN,M,NS,00,35,42,574.23,878,632.24,628.11,10.645400,0.886830,1000.00,cifi0007.DBF
DPMN,10DPMN,M,NS,00,35,43,593.99,887,651.00,646.94,10.645400,0.886830,1000.00,cifi0007.DBF
DPMN,10DPMN,M,NS,00,35,44,613.69,895,669.59,665.62,10.645400,0.886830,1000.00,cifi0007.DBF
DPMN,10DPMN,M,NS,00,35,45,633.28,902,687.98,684.11,10.645400,0.886830,1000.00,cifi0007.DBF
DPMN,10DPMN,M,NS,00,35,46,652.70,910,706.09,702.36,10.645400,0.886830,1000.00,cifi0007.DBF
DPMN,10DPMN,M,NS,00,35,47,671.83,916,723.84,720.29,10.645400,0.886830,1000.00,cifi0007.DBF
DPMN,10DPMN,M,NS,00,35,48,690.65,923,741.22,737.85,10.645400,0.886830,1000.00,cifi0007.DBF
DPMN,10DPMN,M,NS,00,35,49,709.07,929,758.12,754.99,10.645400,0.886830,1000.00,cifi0007.DBF
DPMN,10DPMN,M,NS,00,35,50,726.98,935,774.47,771.62,10.645400,0.886830,1000.00,cifi0007.DBF
DPMN,10DPMN,M,NS,00,35,51,744.26,940,790.16,787.64,10.645400,0.886830,1000.00,cifi0007.DBF
DPMN,10DPMN,M,NS,00,35,52,760.77,945,805.09,802.95,10.645400,0.886830,1000.00,cifi0007.DBF
DPMN,10DPMN,M,NS,00,35,53,776.39,949,819.14,817.44,10.645400,0.886830,1000.00,cifi0007.DBF
DPMN,10DPMN,M,NS,00,35,54,791.02,953,832.22,831.00,10.645400,0.886830,1000.00,cifi0007.DBF
DPMN,10DPMN,M,NS,00,35,55,804.67,957,844.36,843.61,10.645400,0.886830,1000.00,cifi0007.DBF
DPMN,10DPMN,M,NS,00,35,56,817.41,960,855.62,855.31,10.645400,0.886830,1000.00,cifi0007.DBF
DPMN,10DPMN,M,NS,00,35,57,829.45,963,866.16,866.21,10.645400,0.886830,1000.00,cifi0007.DBF
DPMN,10DPMN,M,NS,00,35,58,841.14,966,876.28,876.55,10.645400,0.886830,1000.00,cifi0007.DBF
DPMN,10DPMN,M,NS,00,35,59,852.94,969,886.34,886.64,10.645400,0.886830,1000.00,cifi0007.DBF
DPMN,10DPMN,M,NS,00,35,60,865.63,972,896.96,896.97,10.645400,0.886830,1000.00,cifi0007.DBF
DPMN,10DPMN,M,NS,00,35,61,880.40,976,909.06,908.33,10.645400,0.886830,1000.00,cifi0007.DBF
DPMN,10DPMN,M,NS,00,35,62,898.14,980,923.24,921.47,10.645400,0.886830,1000.00,cifi0007.DBF
DPMN,10DPMN,M,NS,00,35,63,920.98,985,941.01,937.45,10.645400,0.886830,1000.00,cifi0007.DBF
DPMN,10DPMN,M,NS,00,35,64,952.64,991,964.98,958.32,10.645400,0.886830,1000.00,cifi0007.DBF
DPMN,10DPMN,M,NS,00,35,65,1000.00,1000,1000.00,987.81,10.645400,0.886830,1000.00,cifi0007.DBF
DPMN,10DPMN,M,NS,00,36,1,0.00,0,0.00,0.52,1.034630,1.034630,1000.00,cifi0007.DBF
DPMN,10DPMN,M,NS,00,36,2,0.00,0,10.19,10.61,11.041850,1.034630,1000.00,cifi0007.DBF
DPMN,10DPMN,M,NS,00,36,3,3.48,18,20.57,20.90,11.041850,1.034630,1000.00,cifi0007.DBF
DPMN,10DPMN,M,NS,00,36,4,11.90,59,31.22,31.42,11.041850,1.034630,1000.00,cifi0007.DBF
DPMN,10DPMN,M,NS,00,36,5,20.62,98,42.13,42.20,11.041850,1.034630,1000.00,cifi0007.DBF
DPMN,10DPMN,M,NS,00,36,6,29.62,136,53.32,53.25,11.041850,1.034630,1000.00,cifi0007.DBF
DPMN,10DPMN,M,NS,00,36,7,38.90,173,64.76,64.56,11.041850,1.034630,1000.00,cifi0007.DBF
DPMN,10DPMN,M,NS,00,36,8,48.48,208,76.48,76.14,11.041850,1.034630,1000.00,cifi0007.DBF
DPMN,10DPMN,M,NS,00,36,9,58.38,242,88.49,88.01,11.041850,1.034630,1000.00,cifi0007.DBF
DPMN,10DPMN,M,NS,00,36,10,68.65,276,100.85,100.19,11.041850,1.034630,1000.00,cifi0007.DBF
DPMN,10DPMN,M,NS,00,36,11,79.28,308,113.52,112.71,11.041850,1.034630,1000.00,cifi0007.DBF
DPMN,10DPMN,M,NS,00,36,12,90.30,339,126.55,125.56,11.041850,1.034630,1000.00,cifi0007.DBF
DPMN,10DPMN,M,NS,00,36,13,101.72,369,139.93,138.76,11.041850,1.034630,1000.00,cifi0007.DBF
DPMN,10DPMN,M,NS,00,36,14,113.53,398,153.66,152.31,11.041850,1.034630,1000.00,cifi0007.DBF
DPMN,10DPMN,M,NS,00,36,15,125.75,426,167.73,166.22,11.041850,1.034630,1000.00,cifi0007.DBF
DPMN,10DPMN,M,NS,00,36,16,138.33,453,182.12,180.45,11.041850,1.034630,1000.00,cifi0007.DBF
DPMN,10DPMN,M,NS,00,36,17,151.28,479,196.81,194.99,11.041850,1.034630,1000.00,cifi0007.DBF
DPMN,10DPMN,M,NS,00,36,18,164.56,504,211.77,209.81,11.041850,1.034630,1000.00,cifi0007.DBF
DPMN,10DPMN,M,NS,00,36,19,178.21,528,227.03,224.92,11.041850,1.034630,1000.00,cifi0007.DBF
DPMN,10DPMN,M,NS,00,36,20,192.23,551,242.58,240.33,11.041850,1.034630,1000.00,cifi0007.DBF
DPMN,10DPMN,M,NS,00,36,21,206.68,573,258.48,256.05,11.041850,1.034630,1000.00,cifi0007.DBF
DPMN,10DPMN,M,NS,00,36,22,221.57,595,274.74,272.13,11.041850,1.034630,1000.00,cifi0007.DBF
DPMN,10DPMN,M,NS,00,36,23,236.94,616,291.39,288.59,11.041850,1.034630,1000.00,cifi0007.DBF
DPMN,10DPMN,M,NS,00,36,24,252.78,636,308.40,305.41,11.041850,1.034630,1000.00,cifi0007.DBF
DPMN,10DPMN,M,NS,00,36,25,269.07,655,325.76,322.60,11.041850,1.034630,1000.00,cifi0007.DBF
DPMN,10DPMN,M,NS,00,36,26,285.75,674,343.40,340.10,11.041850,1.034630,1000.00,cifi0007.DBF
DPMN,10DPMN,M,NS,00,36,27,302.79,691,361.29,357.87,11.041850,1.034630,1000.00,cifi0007.DBF
DPMN,10DPMN,M,NS,00,36,28,320.17,709,379.41,375.87,11.041850,1.034630,1000.00,cifi0007.DBF
DPMN,10DPMN,M,NS,00,36,29,337.87,725,397.74,394.10,11.041850,1.034630,1000.00,cifi0007.DBF
DPMN,10DPMN,M,NS,00,36,30,355.90,740,416.28,412.53,11.041850,1.034630,1000.00,cifi0007.DBF
DPMN,10DPMN,M,NS,00,36,31,374.26,755,435.04,431.18,11.041850,1.034630,1000.00,cifi0007.DBF
DPMN,10DPMN,M,NS,00,36,32,392.97,770,454.01,450.04,11.041850,1.034630,1000.00,cifi0007.DBF
DPMN,10DPMN,M,NS,00,36,33,412.03,783,473.19,469.12,11.041850,1.034630,1000.00,cifi0007.DBF
DPMN,10DPMN,M,NS,00,36,34,431.40,797,492.56,488.39,11.041850,1.034630,1000.00,cifi0007.DBF
DPMN,10DPMN,M,NS,00,36,35,451.05,809,512.06,507.83,11.041850,1.034630,1000.00,cifi0007.DBF
DPMN,10DPMN,M,NS,00,36,36,470.90,821,531.65,527.38,11.041850,1.034630,1000.00,cifi0007.DBF
DPMN,10DPMN,M,NS,00,36,37,490.87,833,551.23,546.96,11.041850,1.034630,1000.00,cifi0007.DBF
DPMN,10DPMN,M,NS,00,36,38,510.90,844,570.74,566.50,11.041850,1.034630,1000.00,cifi0007.DBF
DPMN,10DPMN,M,NS,00,36,39,530.93,854,590.13,585.95,11.041850,1.034630,1000.00,cifi0007.DBF
DPMN,10DPMN,M,NS,00,36,40,550.92,864,609.37,605.27,11.041850,1.034630,1000.00,cifi0007.DBF
DPMN,10DPMN,M,NS,00,36,41,570.88,873,628.47,624.44,11.041850,1.034630,1000.00,cifi0007.DBF
DPMN,10DPMN,M,NS,00,36,42,590.79,882,647.41,643.46,11.041850,1.034630,1000.00,cifi0007.DBF
DPMN,10DPMN,M,NS,00,36,43,610.64,890,666.19,662.32,11.041850,1.034630,1000.00,cifi0007.DBF
DPMN,10DPMN,M,NS,00,36,44,630.39,898,684.76,680.99,11.041850,1.034630,1000.00,cifi0007.DBF
DPMN,10DPMN,M,NS,00,36,45,649.96,906,703.05,699.43,11.041850,1.034630,1000.00,cifi0007.DBF
DPMN,10DPMN,M,NS,00,36,46,669.24,913,720.98,717.54,11.041850,1.034630,1000.00,cifi0007.DBF
DPMN,10DPMN,M,NS,00,36,47,688.22,920,738.52,735.27,11.041850,1.034630,1000.00,cifi0007.DBF
DPMN,10DPMN,M,NS,00,36,48,706.78,926,755.59,752.58,11.041850,1.034630,1000.00,cifi0007.DBF
DPMN,10DPMN,M,NS,00,36,49,724.83,932,772.10,769.37,11.041850,1.034630,1000.00,cifi0007.DBF
DPMN,10DPMN,M,NS,00,36,50,742.24,937,787.95,785.55,11.041850,1.034630,1000.00,cifi0007.DBF
DPMN,10DPMN,M,NS,00,36,51,758.89,942,803.02,801.01,11.041850,1.034630,1000.00,cifi0007.DBF
DPMN,10DPMN,M,NS,00,36,52,774.63,947,817.21,815.64,11.041850,1.034630,1000.00,cifi0007.DBF
DPMN,10DPMN,M,NS,00,36,53,789.37,951,830.43,829.34,11.041850,1.034630,1000.00,cifi0007.DBF
DPMN,10DPMN,M,NS,00,36,54,803.13,955,842.69,842.08,11.041850,1.034630,1000.00,cifi0007.DBF
DPMN,10DPMN,M,NS,00,36,55,815.97,959,854.05,853.89,11.041850,1.034630,1000.00,cifi0007.DBF
DPMN,10DPMN,M,NS,00,36,56,828.11,962,864.71,864.90,11.041850,1.034630,1000.00,cifi0007.DBF
DPMN,10DPMN,M,NS,00,36,57,839.89,965,874.93,875.34,11.041850,1.034630,1000.00,cifi0007.DBF
DPMN,10DPMN,M,NS,00,36,58,851.78,968,885.09,885.53,11.041850,1.034630,1000.00,cifi0007.DBF
DPMN,10DPMN,M,NS,00,36,59,864.57,971,895.82,895.98,11.041850,1.034630,1000.00,cifi0007.DBF
DPMN,10DPMN,M,NS,00,36,60,879.46,975,908.05,907.46,11.041850,1.034630,1000.00,cifi0007.DBF
DPMN,10DPMN,M,NS,00,36,61,897.33,979,922.38,920.74,11.041850,1.034630,1000.00,cifi0007.DBF
DPMN,10DPMN,M,NS,00,36,62,920.36,984,940.34,936.88,11.041850,1.034630,1000.00,cifi0007.DBF
DPMN,10DPMN,M,NS,00,36,63,952.27,991,964.59,957.98,11.041850,1.034630,1000.00,cifi0007.DBF
DPMN,10DPMN,M,NS,00,36,64,1000.00,1000,1000.00,987.81,11.041850,1.034630,1000.00,cifi0007.DBF
DPMN,10DPMN,M,NS,00,37,1,0.00,0,0.00,0.58,1.162730,1.162730,1000.00,cifi0007.DBF
DPMN,10DPMN,M,NS,00,37,2,0.00,0,10.49,10.97,11.453560,1.162730,1000.00,cifi0007.DBF
DPMN,10DPMN,M,NS,00,37,3,3.89,20,21.24,21.59,11.453560,1.162730,1000.00,cifi0007.DBF
DPMN,10DPMN,M,NS,00,37,4,12.68,61,32.27,32.48,11.453560,1.162730,1000.00,cifi0007.DBF
DPMN,10DPMN,M,NS,00,37,5,21.76,100,43.57,43.65,11.453560,1.162730,1000.00,cifi0007.DBF
DPMN,10DPMN,M,NS,00,37,6,31.11,138,55.13,55.08,11.453560,1.162730,1000.00,cifi0007.DBF
DPMN,10DPMN,M,NS,00,37,7,40.77,175,66.97,66.78,11.453560,1.162730,1000.00,cifi0007.DBF
DPMN,10DPMN,M,NS,00,37,8,50.75,211,79.10,78.76,11.453560,1.162730,1000.00,cifi0007.DBF
DPMN,10DPMN,M,NS,00,37,9,61.10,245,91.58,91.07,11.453560,1.162730,1000.00,cifi0007.DBF
DPMN,10DPMN,M,NS,00,37,10,71.82,279,104.39,103.71,11.453560,1.162730,1000.00,cifi0007.DBF
DPMN,10DPMN,M,NS,00,37,11,82.93,311,117.55,116.69,11.453560,1.162730,1000.00,cifi0007.DBF
DPMN,10DPMN,M,NS,00,37,12,94.43,342,131.06,130.03,11.453560,1.162730,1000.00,cifi0007.DBF
DPMN,10DPMN,M,NS,00,37,13,106.34,373,144.92,143.72,11.453560,1.162730,1000.00,cifi0007.DBF
DPMN,10DPMN,M,NS,00,37,14,118.66,402,159.14,157.76,11.453560,1.162730,1000.00,cifi0007.DBF
DPMN,10DPMN,M,NS,00,37,15,131.35,430,173.68,172.14,11.453560,1.162730,1000.00,cifi0007.DBF
DPMN,10DPMN,M,NS,00,37,16,144.40,457,188.51,186.82,11.453560,1.162730,1000.00,cifi0007.DBF
DPMN,10DPMN,M,NS,00,37,17,157.79,483,203.63,201.80,11.453560,1.162730,1000.00,cifi0007.DBF
DPMN,10DPMN,M,NS,00,37,18,171.55,508,219.04,217.06,11.453560,1.162730,1000.00,cifi0007.DBF
DPMN,10DPMN,M,NS,00,37,19,185.68,532,234.75,232.62,11.453560,1.162730,1000.00,cifi0007.DBF
DPMN,10DPMN,M,NS,00,37,20,200.24,556,250.81,248.51,11.453560,1.162730,1000.00,cifi0007.DBF
DPMN,10DPMN,M,NS,00,37,21,215.26,578,267.24,264.75,11.453560,1.162730,1000.00,cifi0007.DBF
DPMN,10DPMN,M,NS,00,37,22,230.75,600,284.05,281.37,11.453560,1.162730,1000.00,cifi0007.DBF
DPMN,10DPMN,M,NS,00,37,23,246.72,621,301.23,298.37,11.453560,1.162730,1000.00,cifi0007.DBF
DPMN,10DPMN,M,NS,00,37,24,263.14,641,318.77,315.73,11.453560,1.162730,1000.00,cifi0007.DBF
DPMN,10DPMN,M,NS,00,37,25,279.96,660,336.60,333.41,11.453560,1.162730,1000.00,cifi0007.DBF
DPMN,10DPMN,M,NS,00,37,26,297.14,679,354.67,351.36,11.453560,1.162730,1000.00,cifi0007.DBF
DPMN,10DPMN,M,NS,00,37,27,314.65,696,372.97,369.55,11.453560,1.162730,1000.00,cifi0007.DBF
DPMN,10DPMN,M,NS,00,37,28,332.50,713,391.49,387.96,11.453560,1.162730,1000.00,cifi0007.DBF
DPMN,10DPMN,M,NS,00,37,29,350.67,730,410.22,406.58,11.453560,1.162730,1000.00,cifi0007.DBF
DPMN,10DPMN,M,NS,00,37,30,369.19,745,429.16,425.41,11.453560,1.162730,1000.00,cifi0007.DBF
DPMN,10DPMN,M,NS,00,37,31,388.05,760,448.32,444.47,11.453560,1.162730,1000.00,cifi0007.DBF
DPMN,10DPMN,M,NS,00,37,32,407.26,774,467.70,463.74,11.453560,1.162730,1000.00,cifi0007.DBF
DPMN,10DPMN,M,NS,00,37,33,426.79,788,487.26,483.21,11.453560,1.162730,1000.00,cifi0007.DBF
DPMN,10DPMN,M,NS,00,37,34,446.59,801,506.97,502.84,11.453560,1.162730,1000.00,cifi0007.DBF
DPMN,10DPMN,M,NS,00,37,35,466.61,814,526.75,522.58,11.453560,1.162730,1000.00,cifi0007.DBF
DPMN,10DPMN,M,NS,00,37,36,486.75,826,546.53,542.36,11.453560,1.162730,1000.00,cifi0007.DBF
DPMN,10DPMN,M,NS,00,37,37,506.94,837,566.23,562.11,11.453560,1.162730,1000.00,cifi0007.DBF
DPMN,10DPMN,M,NS,00,37,38,527.13,848,585.82,581.76,11.453560,1.162730,1000.00,cifi0007.DBF
DPMN,10DPMN,M,NS,00,37,39,547.28,858,605.26,601.27,11.453560,1.162730,1000.00,cifi0007.DBF
DPMN,10DPMN,M,NS,00,37,40,567.40,868,624.55,620.64,11.453560,1.162730,1000.00,cifi0007.DBF
DPMN,10DPMN,M,NS,00,37,41,587.47,877,643.69,639.85,11.453560,1.162730,1000.00,cifi0007.DBF
DPMN,10DPMN,M,NS,00,37,42,607.49,886,662.66,658.90,11.453560,1.162730,1000.00,cifi0007.DBF
DPMN,10DPMN,M,NS,00,37,43,627.40,894,681.41,677.76,11.453560,1.162730,1000.00,cifi0007.DBF
DPMN,10DPMN,M,NS,00,37,44,647.12,902,699.89,696.38,11.453560,1.162730,1000.00,cifi0007.DBF
DPMN,10DPMN,M,NS,00,37,45,666.56,909,718.00,714.67,11.453560,1.162730,1000.00,cifi0007.DBF
DPMN,10DPMN,M,NS,00,37,46,685.69,916,735.72,732.59,11.453560,1.162730,1000.00,cifi0007.DBF
DPMN,10DPMN,M,NS,00,37,47,704.40,923,752.96,750.07,11.453560,1.162730,1000.00,cifi0007.DBF
DPMN,10DPMN,M,NS,00,37,48,722.60,929,769.64,767.03,11.453560,1.162730,1000.00,cifi0007.DBF
DPMN,10DPMN,M,NS,00,37,49,740.15,935,785.65,783.38,11.453560,1.162730,1000.00,cifi0007.DBF
DPMN,10DPMN,M,NS,00,37,50,756.93,940,800.88,798.99,11.453560,1.162730,1000.00,cifi0007.DBF
DPMN,10DPMN,M,NS,00,37,51,772.80,945,815.21,813.77,11.453560,1.162730,1000.00,cifi0007.DBF
DPMN,10DPMN,M,NS,00,37,52,787.67,949,828.56,827.61,11.453560,1.162730,1000.00,cifi0007.DBF
DPMN,10DPMN,M,NS,00,37,53,801.53,953,840.95,840.48,11.453560,1.162730,1000.00,cifi0007.DBF
DPMN,10DPMN,M,NS,00,37,54,814.48,957,852.43,852.42,11.453560,1.162730,1000.00,cifi0007.DBF
DPMN,10DPMN,M,NS,00,37,55,826.72,960,863.20,863.54,11.453560,1.162730,1000.00,cifi0007.DBF
DPMN,10DPMN,M,NS,00,37,56,838.59,963,873.52,874.09,11.453560,1.162730,1000.00,cifi0007.DBF
DPMN,10DPMN,M,NS,00,37,57,850.58,966,883.79,884.39,11.453560,1.162730,1000.00,cifi0007.DBF
DPMN,10DPMN,M,NS,00,37,58,863.47,970,894.63,894.94,11.453560,1.162730,1000.00,cifi0007.DBF
DPMN,10DPMN,M,NS,00,37,59,878.48,973,907.00,906.55,11.453560,1.162730,1000.00,cifi0007.DBF
DPMN,10DPMN,M,NS,00,37,60,896.50,978,921.49,919.97,11.453560,1.162730,1000.00,cifi0007.DBF
DPMN,10DPMN,M,NS,00,37,61,919.71,983,939.65,936.30,11.453560,1.162730,1000.00,cifi0007.DBF
DPMN,10DPMN,M,NS,00,37,62,951.88,990,964.17,957.64,11.453560,1.162730,1000.00,cifi0007.DBF
DPMN,10DPMN,M,NS,00,37,63,1000.00,1000,1000.00,987.81,11.453560,1.162730,1000.00,cifi0007.DBF
DPMN,10DPMN,M,NS,00,38,1,0.00,0,0.00,0.64,1.280970,1.280970,1000.00,cifi0007.DBF
DPMN,10DPMN,M,NS,00,38,2,0.00,0,10.86,11.37,11.881980,1.280970,1000.00,cifi0007.DBF
DPMN,10DPMN,M,NS,00,38,3,4.41,21,22.01,22.38,11.881980,1.280970,1000.00,cifi0007.DBF
DPMN,10DPMN,M,NS,00,38,4,13.56,63,33.42,33.66,11.881980,1.280970,1000.00,cifi0007.DBF
DPMN,10DPMN,M,NS,00,38,5,23.00,102,45.10,45.20,11.881980,1.280970,1000.00,cifi0007.DBF
DPMN,10DPMN,M,NS,00,38,6,32.74,141,57.07,57.03,11.881980,1.280970,1000.00,cifi0007.DBF
DPMN,10DPMN,M,NS,00,38,7,42.80,178,69.32,69.14,11.881980,1.280970,1000.00,cifi0007.DBF
DPMN,10DPMN,M,NS,00,38,8,53.24,214,81.94,81.57,11.881980,1.280970,1000.00,cifi0007.DBF
DPMN,10DPMN,M,NS,00,38,9,64.04,249,94.87,94.35,11.881980,1.280970,1000.00,cifi0007.DBF
DPMN,10DPMN,M,NS,00,38,10,75.25,282,108.17,107.46,11.881980,1.280970,1000.00,cifi0007.DBF
DPMN,10DPMN,M,NS,00,38,11,86.85,315,121.83,120.94,11.881980,1.280970,1000.00,cifi0007.DBF
DPMN,10DPMN,M,NS,00,38,12,98.86,347,135.84,134.77,11.881980,1.280970,1000.00,cifi0007.DBF
DPMN,10DPMN,M,NS,00,38,13,111.28,377,150.21,148.96,11.881980,1.280970,1000.00,cifi0007.DBF
DPMN,10DPMN,M,NS,00,38,14,124.07,406,164.89,163.49,11.881980,1.280970,1000.00,cifi0007.DBF
DPMN,10DPMN,M,NS,00,38,15,137.23,435,179.88,178.33,11.881980,1.280970,1000.00,cifi0007.DBF
DPMN,10DPMN,M,NS,00,38,16,150.74,462,195.16,193.46,11.881980,1.280970,1000.00,cifi0007.DBF
DPMN,10DPMN,M,NS,00,38,17,164.61,488,210.72,208.88,11.881980,1.280970,1000.00,cifi0007.DBF
DPMN,10DPMN,M,NS,00,38,18,178.86,513,226.60,224.61,11.881980,1.280970,1000.00,cifi0007.DBF
DPMN,10DPMN,M,NS,00,38,19,193.55,537,242.83,240.66,11.881980,1.280970,1000.00,cifi0007.DBF
DPMN,10DPMN,M,NS,00,38,20,208.69,560,259.43,257.07,11.881980,1.280970,1000.00,cifi0007.DBF
DPMN,10DPMN,M,NS,00,38,21,224.31,583,276.42,273.86,11.881980,1.280970,1000.00,cifi0007.DBF
DPMN,10DPMN,M,NS,00,38,22,240.41,605,293.78,291.04,11.881980,1.280970,1000.00,cifi0007.DBF
DPMN,10DPMN,M,NS,00,38,23,256.97,626,311.50,308.58,11.881980,1.280970,1000.00,cifi0007.DBF
DPMN,10DPMN,M,NS,00,38,24,273.93,646,329.51,326.45,11.881980,1.280970,1000.00,cifi0007.DBF
DPMN,10DPMN,M,NS,00,38,25,291.25,665,347.77,344.58,11.881980,1.280970,1000.00,cifi0007.DBF
DPMN,10DPMN,M,NS,00,38,26,308.91,684,366.27,362.96,11.881980,1.280970,1000.00,cifi0007.DBF
DPMN,10DPMN,M,NS,00,38,27,326.91,701,384.98,381.56,11.881980,1.280970,1000.00,cifi0007.DBF
DPMN,10DPMN,M,NS,00,38,28,345.24,718,403.90,400.38,11.881980,1.280970,1000.00,cifi0007.DBF
DPMN,10DPMN,M,NS,00,38,29,363.90,734,423.04,419.41,11.881980,1.280970,1000.00,cifi0007.DBF
DPMN,10DPMN,M,NS,00,38,30,382.93,750,442.41,438.66,11.881980,1.280970,1000.00,cifi0007.DBF
DPMN,10DPMN,M,NS,00,38,31,402.29,765,461.98,458.14,11.881980,1.280970,1000.00,cifi0007.DBF
DPMN,10DPMN,M,NS,00,38,32,421.99,779,481.75,477.81,11.881980,1.280970,1000.00,cifi0007.DBF
DPMN,10DPMN,M,NS,00,38,33,441.96,793,501.66,497.65,11.881980,1.280970,1000.00,cifi0007.DBF
DPMN,10DPMN,M,NS,00,38,34,462.14,806,521.65,517.60,11.881980,1.280970,1000.00,cifi0007.DBF
DPMN,10DPMN,M,NS,00,38,35,482.45,819,541.63,537.58,11.881980,1.280970,1000.00,cifi0007.DBF
DPMN,10DPMN,M,NS,00,38,36,502.81,830,561.55,557.53,11.881980,1.280970,1000.00,cifi0007.DBF
DPMN,10DPMN,M,NS,00,38,37,523.17,842,581.34,577.39,11.881980,1.280970,1000.00,cifi0007.DBF
DPMN,10DPMN,M,NS,00,38,38,543.49,852,600.99,597.11,11.881980,1.280970,1000.00,cifi0007.DBF
DPMN,10DPMN,M,NS,00,38,39,563.78,862,620.48,616.67,11.881980,1.280970,1000.00,cifi0007.DBF
DPMN,10DPMN,M,NS,00,38,40,584.02,872,639.81,636.09,11.881980,1.280970,1000.00,cifi0007.DBF
DPMN,10DPMN,M,NS,00,38,41,604.20,881,658.98,655.34,11.881980,1.280970,1000.00,cifi0007.DBF
DPMN,10DPMN,M,NS,00,38,42,624.28,890,677.93,674.40,11.881980,1.280970,1000.00,cifi0007.DBF
DPMN,10DPMN,M,NS,00,38,43,644.17,898,696.60,693.21,11.881980,1.280970,1000.00,cifi0007.DBF
DPMN,10DPMN,M,NS,00,38,44,663.77,905,714.90,711.69,11.881980,1.280970,1000.00,cifi0007.DBF
DPMN,10DPMN,M,NS,00,38,45,683.06,913,732.81,729.79,11.881980,1.280970,1000.00,cifi0007.DBF
DPMN,10DPMN,M,NS,00,38,46,701.93,920,750.23,747.46,11.881980,1.280970,1000.00,cifi0007.DBF
DPMN,10DPMN,M,NS,00,38,47,720.28,926,767.09,764.60,11.881980,1.280970,1000.00,cifi0007.DBF
DPMN,10DPMN,M,NS,00,38,48,737.97,932,783.26,781.11,11.881980,1.280970,1000.00,cifi0007.DBF
DPMN,10DPMN,M,NS,00,38,49,754.90,937,798.65,796.90,11.881980,1.280970,1000.00,cifi0007.DBF
DPMN,10DPMN,M,NS,00,38,50,770.90,942,813.13,811.83,11.881980,1.280970,1000.00,cifi0007.DBF
DPMN,10DPMN,M,NS,00,38,51,785.89,947,826.62,825.82,11.881980,1.280970,1000.00,cifi0007.DBF
DPMN,10DPMN,M,NS,00,38,52,799.87,951,839.14,838.82,11.881980,1.280970,1000.00,cifi0007.DBF
DPMN,10DPMN,M,NS,00,38,53,812.92,955,850.74,850.88,11.881980,1.280970,1000.00,cifi0007.DBF
DPMN,10DPMN,M,NS,00,38,54,825.27,958,861.62,862.12,11.881980,1.280970,1000.00,cifi0007.DBF
DPMN,10DPMN,M,NS,00,38,55,837.24,962,872.06,872.78,11.881980,1.280970,1000.00,cifi0007.DBF
DPMN,10DPMN,M,NS,00,38,56,849.33,965,882.44,883.19,11.881980,1.280970,1000.00,cifi0007.DBF
DPMN,10DPMN,M,NS,00,38,57,862.33,968,893.40,893.86,11.881980,1.280970,1000.00,cifi0007.DBF
DPMN,10DPMN,M,NS,00,38,58,877.46,972,905.91,905.60,11.881980,1.280970,1000.00,cifi0007.DBF
DPMN,10DPMN,M,NS,00,38,59,895.64,977,920.56,919.18,11.881980,1.280970,1000.00,cifi0007.DBF
DPMN,10DPMN,M,NS,00,38,60,919.04,983,938.93,935.69,11.881980,1.280970,1000.00,cifi0007.DBF
DPMN,10DPMN,M,NS,00,38,61,951.48,990,963.74,957.28,11.881980,1.280970,1000.00,cifi0007.DBF
DPMN,10DPMN,M,NS,00,38,62,1000.00,1000,1000.00,987.81,11.881980,1.280970,1000.00,cifi0007.DBF
DPMN,10DPMN,M,NS,00,39,1,0.00,0,0.00,0.67,1.349950,1.349950,1000.00,cifi0007.DBF
DPMN,10DPMN,M,NS,00,39,2,0.00,0,11.27,11.80,12.330370,1.349950,1000.00,cifi0007.DBF
DPMN,10DPMN,M,NS,00,39,3,5.01,23,22.81,23.20,12.330370,1.349950,1000.00,cifi0007.DBF
DPMN,10DPMN,M,NS,00,39,4,14.53,65,34.61,34.87,12.330370,1.349950,1000.00,cifi0007.DBF
DPMN,10DPMN,M,NS,00,39,5,24.35,105,46.70,46.82,12.330370,1.349950,1000.00,cifi0007.DBF
DPMN,10DPMN,M,NS,00,39,6,34.50,143,59.09,59.06,12.330370,1.349950,1000.00,cifi0007.DBF
DPMN,10DPMN,M,NS,00,39,7,45.03,181,71.84,71.63,12.330370,1.349950,1000.00,cifi0007.DBF
DPMN,10DPMN,M,NS,00,39,8,55.93,217,84.92,84.55,12.330370,1.349950,1000.00,cifi0007.DBF
DPMN,10DPMN,M,NS,00,39,9,67.23,252,98.36,97.81,12.330370,1.349950,1000.00,cifi0007.DBF
DPMN,10DPMN,M,NS,00,39,10,78.93,286,112.16,111.43,12.330370,1.349950,1000.00,cifi0007.DBF
DPMN,10DPMN,M,NS,00,39,11,91.05,319,126.33,125.41,12.330370,1.349950,1000.00,cifi0007.DBF
DPMN,10DPMN,M,NS,00,39,12,103.57,351,140.85,139.75,12.330370,1.349950,1000.00,cifi0007.DBF
DPMN,10DPMN,M,NS,00,39,13,116.48,382,155.70,154.44,12.330370,1.349950,1000.00,cifi0007.DBF
DPMN,10DPMN,M,NS,00,39,14,129.75,411,170.85,169.44,12.330370,1.349950,1000.00,cifi0007.DBF
DPMN,10DPMN,M,NS,00,39,15,143.38,439,186.29,184.73,12.330370,1.349950,1000.00,cifi0007.DBF
DPMN,10DPMN,M,NS,00,39,16,157.37,466,202.02,200.32,12.330370,1.349950,1000.00,cifi0007.DBF
DPMN,10DPMN,M,NS,00,39,17,171.75,492,218.08,216.22,12.330370,1.349950,1000.00,cifi0007.DBF
DPMN,10DPMN,M,NS,00,39,18,186.56,518,234.48,232.44,12.330370,1.349950,1000.00,cifi0007.DBF
DPMN,10DPMN,M,NS,00,39,19,201.83,542,251.26,249.03,12.330370,1.349950,1000.00,cifi0007.DBF
DPMN,10DPMN,M,NS,00,39,20,217.59,565,268.43,266.01,12.330370,1.349950,1000.00,cifi0007.DBF
DPMN,10DPMN,M,NS,00,39,21,233.83,588,285.98,283.37,12.330370,1.349950,1000.00,cifi0007.DBF
DPMN,10DPMN,M,NS,00,39,22,250.53,610,303.89,301.10,12.330370,1.349950,1000.00,cifi0007.DBF
DPMN,10DPMN,M,NS,00,39,23,267.64,631,322.10,319.16,12.330370,1.349950,1000.00,cifi0007.DBF
DPMN,10DPMN,M,NS,00,39,24,285.11,651,340.55,337.49,12.330370,1.349950,1000.00,cifi0007.DBF
DPMN,10DPMN,M,NS,00,39,25,302.92,670,359.25,356.07,12.330370,1.349950,1000.00,cifi0007.DBF
DPMN,10DPMN,M,NS,00,39,26,321.07,689,378.16,374.87,12.330370,1.349950,1000.00,cifi0007.DBF
DPMN,10DPMN,M,NS,00,39,27,339.56,706,397.29,393.89,12.330370,1.349950,1000.00,cifi0007.DBF
DPMN,10DPMN,M,NS,00,39,28,358.39,723,416.64,413.13,12.330370,1.349950,1000.00,cifi0007.DBF
DPMN,10DPMN,M,NS,00,39,29,377.58,740,436.21,432.59,12.330370,1.349950,1000.00,cifi0007.DBF
DPMN,10DPMN,M,NS,00,39,30,397.11,755,456.00,452.27,12.330370,1.349950,1000.00,cifi0007.DBF
DPMN,10DPMN,M,NS,00,39,31,416.98,770,475.98,472.16,12.330370,1.349950,1000.00,cifi0007.DBF
DPMN,10DPMN,M,NS,00,39,32,437.12,784,496.11,492.21,12.330370,1.349950,1000.00,cifi0007.DBF
DPMN,10DPMN,M,NS,00,39,33,457.48,798,516.32,512.38,12.330370,1.349950,1000.00,cifi0007.DBF
DPMN,10DPMN,M,NS,00,39,34,477.96,811,536.52,532.58,12.330370,1.349950,1000.00,cifi0007.DBF
DPMN,10DPMN,M,NS,00,39,35,498.50,823,556.65,552.75,12.330370,1.349950,1000.00,cifi0007.DBF
DPMN,10DPMN,M,NS,00,39,36,519.03,835,576.65,572.81,12.330370,1.349950,1000.00,cifi0007.DBF
DPMN,10DPMN,M,NS,00,39,37,539.53,846,596.51,592.75,12.330370,1.349950,1000.00,cifi0007.DBF
DPMN,10DPMN,M,NS,00,39,38,559.99,856,616.21,612.53,12.330370,1.349950,1000.00,cifi0007.DBF
DPMN,10DPMN,M,NS,00,39,39,580.41,866,635.76,632.15,12.330370,1.349950,1000.00,cifi0007.DBF
DPMN,10DPMN,M,NS,00,39,40,600.77,876,655.13,651.61,12.330370,1.349950,1000.00,cifi0007.DBF
DPMN,10DPMN,M,NS,00,39,41,621.02,885,674.29,670.87,12.330370,1.349950,1000.00,cifi0007.DBF
DPMN,10DPMN,M,NS,00,39,42,641.08,893,693.16,689.89,12.330370,1.349950,1000.00,cifi0007.DBF
DPMN,10DPMN,M,NS,00,39,43,660.85,901,711.66,708.57,12.330370,1.349950,1000.00,cifi0007.DBF
DPMN,10DPMN,M,NS,00,39,44,680.31,909,729.76,726.87,12.330370,1.349950,1000.00,cifi0007.DBF
DPMN,10DPMN,M,NS,00,39,45,699.34,916,747.37,744.73,12.330370,1.349950,1000.00,cifi0007.DBF
DPMN,10DPMN,M,NS,00,39,46,717.85,923,764.41,762.05,12.330370,1.349950,1000.00,cifi0007.DBF
DPMN,10DPMN,M,NS,00,39,47,735.70,929,780.76,778.75,12.330370,1.349950,1000.00,cifi0007.DBF
DPMN,10DPMN,M,NS,00,39,48,752.77,935,796.31,794.70,12.330370,1.349950,1000.00,cifi0007.DBF
DPMN,10DPMN,M,NS,00,39,49,768.92,940,810.95,809.80,12.330370,1.349950,1000.00,cifi0007.DBF
DPMN,10DPMN,M,NS,00,39,50,784.03,945,824.59,823.94,12.330370,1.349950,1000.00,cifi0007.DBF
DPMN,10DPMN,M,NS,00,39,51,798.14,949,837.24,837.08,12.330370,1.349950,1000.00,cifi0007.DBF
DPMN,10DPMN,M,NS,00,39,52,811.30,953,848.98,849.27,12.330370,1.349950,1000.00,cifi0007.DBF
DPMN,10DPMN,M,NS,00,39,53,823.75,957,859.97,860.64,12.330370,1.349950,1000.00,cifi0007.DBF
DPMN,10DPMN,M,NS,00,39,54,835.83,960,870.53,871.42,12.330370,1.349950,1000.00,cifi0007.DBF
DPMN,10DPMN,M,NS,00,39,55,848.03,964,881.03,881.94,12.330370,1.349950,1000.00,cifi0007.DBF
DPMN,10DPMN,M,NS,00,39,56,861.14,967,892.11,892.74,12.330370,1.349950,1000.00,cifi0007.DBF
DPMN,10DPMN,M,NS,00,39,57,876.40,971,904.77,904.61,12.330370,1.349950,1000.00,cifi0007.DBF
DPMN,10DPMN,M,NS,00,39,58,894.73,976,919.59,918.34,12.330370,1.349950,1000.00,cifi0007.DBF
DPMN,10DPMN,M,NS,00,39,59,918.34,982,938.18,935.05,12.330370,1.349950,1000.00,cifi0007.DBF
DPMN,10DPMN,M,NS,00,39,60,951.06,990,963.30,956.90,12.330370,1.349950,1000.00,cifi0007.DBF
DPMN,10DPMN,M,NS,00,39,61,1000.00,1000,1000.00,987.81,12.330370,1.349950,1000.00,cifi0007.DBF
DPMN,10DPMN,M,NS,00,40,1,0.00,0,0.00,0.70,1.409070,1.409070,1000.00,cifi0007.DBF
DPMN,10DPMN,M,NS,00,40,2,0.00,0,11.67,12.24,12.800570,1.409070,1000.00,cifi0007.DBF
DPMN,10DPMN,M,NS,00,40,3,5.63,25,23.61,24.04,12.800570,1.409070,1000.00,cifi0007.DBF
DPMN,10DPMN,M,NS,00,40,4,15.54,67,35.84,36.12,12.800570,1.409070,1000.00,cifi0007.DBF
DPMN,10DPMN,M,NS,00,40,5,25.78,107,48.37,48.50,12.800570,1.409070,1000.00,cifi0007.DBF
DPMN,10DPMN,M,NS,00,40,6,36.41,146,61.26,61.21,12.800570,1.409070,1000.00,cifi0007.DBF
DPMN,10DPMN,M,NS,00,40,7,47.40,184,74.48,74.27,12.800570,1.409070,1000.00,cifi0007.DBF
DPMN,10DPMN,M,NS,00,40,8,58.81,221,88.08,87.68,12.800570,1.409070,1000.00,cifi0007.DBF
DPMN,10DPMN,M,NS,00,40,9,70.61,256,102.03,101.45,12.800570,1.409070,1000.00,cifi0007.DBF
DPMN,10DPMN,M,NS,00,40,10,82.84,290,116.35,115.59,12.800570,1.409070,1000.00,cifi0007.DBF
DPMN,10DPMN,M,NS,00,40,11,95.48,324,131.04,130.10,12.800570,1.409070,1000.00,cifi0007.DBF
DPMN,10DPMN,M,NS,00,40,12,108.50,355,146.05,144.95,12.800570,1.409070,1000.00,cifi0007.DBF
DPMN,10DPMN,M,NS,00,40,13,121.89,386,161.37,160.11,12.800570,1.409070,1000.00,cifi0007.DBF
DPMN,10DPMN,M,NS,00,40,14,135.64,416,176.99,175.58,12.800570,1.409070,1000.00,cifi0007.DBF
DPMN,10DPMN,M,NS,00,40,15,149.75,444,192.90,191.34,12.800570,1.409070,1000.00,cifi0007.DBF
DPMN,10DPMN,M,NS,00,40,16,164.26,471,209.13,207.42,12.800570,1.409070,1000.00,cifi0007.DBF
DPMN,10DPMN,M,NS,00,40,17,179.21,497,225.72,223.83,12.800570,1.409070,1000.00,cifi0007.DBF
DPMN,10DPMN,M,NS,00,40,18,194.62,523,242.69,240.60,12.800570,1.409070,1000.00,cifi0007.DBF
DPMN,10DPMN,M,NS,00,40,19,210.52,547,260.05,257.77,12.800570,1.409070,1000.00,cifi0007.DBF
DPMN,10DPMN,M,NS,00,40,20,226.91,571,277.80,275.32,12.800570,1.409070,1000.00,cifi0007.DBF
DPMN,10DPMN,M,NS,00,40,21,243.76,594,295.91,293.25,12.800570,1.409070,1000.00,cifi0007.DBF
DPMN,10DPMN,M,NS,00,40,22,261.02,615,314.32,311.51,12.800570,1.409070,1000.00,cifi0007.DBF
DPMN,10DPMN,M,NS,00,40,23,278.65,636,332.99,330.05,12.800570,1.409070,1000.00,cifi0007.DBF
DPMN,10DPMN,M,NS,00,40,24,296.63,656,351.89,348.84,12.800570,1.409070,1000.00,cifi0007.DBF
DPMN,10DPMN,M,NS,00,40,25,314.94,676,371.02,367.85,12.800570,1.409070,1000.00,cifi0007.DBF
DPMN,10DPMN,M,NS,00,40,26,333.59,694,390.36,387.09,12.800570,1.409070,1000.00,cifi0007.DBF
DPMN,10DPMN,M,NS,00,40,27,352.60,712,409.92,406.54,12.800570,1.409070,1000.00,cifi0007.DBF
DPMN,10DPMN,M,NS,00,40,28,371.96,729,429.72,426.22,12.800570,1.409070,1000.00,cifi0007.DBF
DPMN,10DPMN,M,NS,00,40,29,391.67,745,449.73,446.12,12.800570,1.409070,1000.00,cifi0007.DBF
DPMN,10DPMN,M,NS,00,40,30,411.71,760,469.94,466.23,12.800570,1.409070,1000.00,cifi0007.DBF
DPMN,10DPMN,M,NS,00,40,31,432.04,775,490.29,486.51,12.800570,1.409070,1000.00,cifi0007.DBF
DPMN,10DPMN,M,NS,00,40,32,452.58,789,510.72,506.90,12.800570,1.409070,1000.00,cifi0007.DBF
DPMN,10DPMN,M,NS,00,40,33,473.25,803,531.15,527.33,12.800570,1.409070,1000.00,cifi0007.DBF
DPMN,10DPMN,M,NS,00,40,34,493.97,816,551.50,547.73,12.800570,1.409070,1000.00,cifi0007.DBF
DPMN,10DPMN,M,NS,00,40,35,514.69,828,571.74,568.02,12.800570,1.409070,1000.00,cifi0007.DBF
DPMN,10DPMN,M,NS,00,40,36,535.37,839,591.82,588.18,12.800570,1.409070,1000.00,cifi0007.DBF
DPMN,10DPMN,M,NS,00,40,37,556.02,850,611.74,608.18,12.800570,1.409070,1000.00,cifi0007.DBF
DPMN,10DPMN,M,NS,00,40,38,576.62,861,631.50,628.02,12.800570,1.409070,1000.00,cifi0007.DBF
DPMN,10DPMN,M,NS,00,40,39,597.16,871,651.09,647.70,12.800570,1.409070,1000.00,cifi0007.DBF
DPMN,10DPMN,M,NS,00,40,40,617.60,880,670.47,667.18,12.800570,1.409070,1000.00,cifi0007.DBF
DPMN,10DPMN,M,NS,00,40,41,637.84,889,689.55,686.41,12.800570,1.409070,1000.00,cifi0007.DBF
DPMN,10DPMN,M,NS,00,40,42,657.79,897,708.26,705.30,12.800570,1.409070,1000.00,cifi0007.DBF
DPMN,10DPMN,M,NS,00,40,43,677.42,905,726.56,723.81,12.800570,1.409070,1000.00,cifi0007.DBF
DPMN,10DPMN,M,NS,00,40,44,696.63,913,744.37,741.87,12.800570,1.409070,1000.00,cifi0007.DBF
DPMN,10DPMN,M,NS,00,40,45,715.30,920,761.60,759.39,12.800570,1.409070,1000.00,cifi0007.DBF
DPMN,10DPMN,M,NS,00,40,46,733.32,926,778.13,776.27,12.800570,1.409070,1000.00,cifi0007.DBF
DPMN,10DPMN,M,NS,00,40,47,750.54,932,793.86,792.40,12.800570,1.409070,1000.00,cifi0007.DBF
DPMN,10DPMN,M,NS,00,40,48,766.83,937,808.67,807.67,12.800570,1.409070,1000.00,cifi0007.DBF
DPMN,10DPMN,M,NS,00,40,49,782.08,942,822.46,821.96,12.800570,1.409070,1000.00,cifi0007.DBF
DPMN,10DPMN,M,NS,00,40,50,796.31,947,835.26,835.26,12.800570,1.409070,1000.00,cifi0007.DBF
DPMN,10DPMN,M,NS,00,40,51,809.60,951,847.12,847.59,12.800570,1.409070,1000.00,cifi0007.DBF
DPMN,10DPMN,M,NS,00,40,52,822.16,955,858.25,859.09,12.800570,1.409070,1000.00,cifi0007.DBF
DPMN,10DPMN,M,NS,00,40,53,834.35,958,868.93,869.99,12.800570,1.409070,1000.00,cifi0007.DBF
DPMN,10DPMN,M,NS,00,40,54,846.65,962,879.55,880.64,12.800570,1.409070,1000.00,cifi0007.DBF
DPMN,10DPMN,M,NS,00,40,55,859.88,966,890.76,891.56,12.800570,1.409070,1000.00,cifi0007.DBF
DPMN,10DPMN,M,NS,00,40,56,875.28,970,903.57,903.56,12.800570,1.409070,1000.00,cifi0007.DBF
DPMN,10DPMN,M,NS,00,40,57,893.78,975,918.57,917.47,12.800570,1.409070,1000.00,cifi0007.DBF
DPMN,10DPMN,M,NS,00,40,58,917.60,981,937.40,934.38,12.800570,1.409070,1000.00,cifi0007.DBF
DPMN,10DPMN,M,NS,00,40,59,950.61,989,962.83,956.51,12.800570,1.409070,1000.00,cifi0007.DBF
DPMN,10DPMN,M,NS,00,40,60,1000.00,1000,1000.00,987.81,12.800570,1.409070,1000.00,cifi0007.DBF
DPMN,10DPMN,M,NS,00,41,1,0.00,0,0.00,0.74,1.487900,1.487900,1000.00,cifi0007.DBF
DPMN,10DPMN,M,NS,00,41,2,0.00,0,12.08,12.69,13.293340,1.487900,1000.00,cifi0007.DBF
DPMN,10DPMN,M,NS,00,41,3,6.25,27,24.45,24.91,13.293340,1.487900,1000.00,cifi0007.DBF
DPMN,10DPMN,M,NS,00,41,4,16.59,69,37.12,37.43,13.293340,1.487900,1000.00,cifi0007.DBF
DPMN,10DPMN,M,NS,00,41,5,27.32,110,50.16,50.29,13.293340,1.487900,1000.00,cifi0007.DBF
DPMN,10DPMN,M,NS,00,41,6,38.42,149,63.54,63.50,13.293340,1.487900,1000.00,cifi0007.DBF
DPMN,10DPMN,M,NS,00,41,7,49.93,188,77.30,77.07,13.293340,1.487900,1000.00,cifi0007.DBF
DPMN,10DPMN,M,NS,00,41,8,61.85,224,91.41,91.00,13.293340,1.487900,1000.00,cifi0007.DBF
DPMN,10DPMN,M,NS,00,41,9,74.19,260,105.90,105.30,13.293340,1.487900,1000.00,cifi0007.DBF
DPMN,10DPMN,M,NS,00,41,10,86.95,295,120.76,119.98,13.293340,1.487900,1000.00,cifi0007.DBF
DPMN,10DPMN,M,NS,00,41,11,100.09,328,135.95,135.00,13.293340,1.487900,1000.00,cifi0007.DBF
DPMN,10DPMN,M,NS,00,41,12,113.61,360,151.45,150.34,13.293340,1.487900,1000.00,cifi0007.DBF
DPMN,10DPMN,M,NS,00,41,13,127.49,391,167.24,165.99,13.293340,1.487900,1000.00,cifi0007.DBF
DPMN,10DPMN,M,NS,00,41,14,141.74,420,183.34,181.94,13.293340,1.487900,1000.00,cifi0007.DBF
DPMN,10DPMN,M,NS,00,41,15,156.38,448,199.76,198.20,13.293340,1.487900,1000.00,cifi0007.DBF
DPMN,10DPMN,M,NS,00,41,16,171.47,476,216.54,214.80,13.293340,1.487900,1000.00,cifi0007.DBF
DPMN,10DPMN,M,NS,00,41,17,187.02,502,233.70,231.77,13.293340,1.487900,1000.00,cifi0007.DBF
DPMN,10DPMN,M,NS,00,41,18,203.08,528,251.27,249.13,13.293340,1.487900,1000.00,cifi0007.DBF
DPMN,10DPMN,M,NS,00,41,19,219.62,552,269.22,266.89,13.293340,1.487900,1000.00,cifi0007.DBF
DPMN,10DPMN,M,NS,00,41,20,236.63,576,287.55,285.03,13.293340,1.487900,1000.00,cifi0007.DBF
DPMN,10DPMN,M,NS,00,41,21,254.05,599,306.17,303.51,13.293340,1.487900,1000.00,cifi0007.DBF
DPMN,10DPMN,M,NS,00,41,22,271.85,621,325.05,322.26,13.293340,1.487900,1000.00,cifi0007.DBF
DPMN,10DPMN,M,NS,00,41,23,289.99,642,344.18,341.26,13.293340,1.487900,1000.00,cifi0007.DBF
DPMN,10DPMN,M,NS,00,41,24,308.48,662,363.53,360.50,13.293340,1.487900,1000.00,cifi0007.DBF
DPMN,10DPMN,M,NS,00,41,25,327.31,681,383.09,379.96,13.293340,1.487900,1000.00,cifi0007.DBF
DPMN,10DPMN,M,NS,00,41,26,346.49,699,402.89,399.64,13.293340,1.487900,1000.00,cifi0007.DBF
DPMN,10DPMN,M,NS,00,41,27,366.03,717,422.91,419.55,13.293340,1.487900,1000.00,cifi0007.DBF
DPMN,10DPMN,M,NS,00,41,28,385.93,734,443.16,439.68,13.293340,1.487900,1000.00,cifi0007.DBF
DPMN,10DPMN,M,NS,00,41,29,406.16,750,463.60,460.02,13.293340,1.487900,1000.00,cifi0007.DBF
DPMN,10DPMN,M,NS,00,41,30,426.68,766,484.19,480.54,13.293340,1.487900,1000.00,cifi0007.DBF
DPMN,10DPMN,M,NS,00,41,31,447.42,780,504.86,501.17,13.293340,1.487900,1000.00,cifi0007.DBF
DPMN,10DPMN,M,NS,00,41,32,468.28,795,525.52,521.84,13.293340,1.487900,1000.00,cifi0007.DBF
DPMN,10DPMN,M,NS,00,41,33,489.20,808,546.11,542.46,13.293340,1.487900,1000.00,cifi0007.DBF
DPMN,10DPMN,M,NS,00,41,34,510.11,821,566.58,562.99,13.293340,1.487900,1000.00,cifi0007.DBF
DPMN,10DPMN,M,NS,00,41,35,530.99,833,586.90,583.39,13.293340,1.487900,1000.00,cifi0007.DBF
DPMN,10DPMN,M,NS,00,41,36,551.83,844,607.05,603.62,13.293340,1.487900,1000.00,cifi0007.DBF
DPMN,10DPMN,M,NS,00,41,37,572.63,855,627.04,623.69,13.293340,1.487900,1000.00,cifi0007.DBF
DPMN,10DPMN,M,NS,00,41,38,593.36,865,646.86,643.60,13.293340,1.487900,1000.00,cifi0007.DBF
DPMN,10DPMN,M,NS,00,41,39,613.99,875,666.46,663.31,13.293340,1.487900,1000.00,cifi0007.DBF
DPMN,10DPMN,M,NS,00,41,40,634.43,884,685.77,682.76,13.293340,1.487900,1000.00,cifi0007.DBF
DPMN,10DPMN,M,NS,00,41,41,654.56,893,704.69,701.88,13.293340,1.487900,1000.00,cifi0007.DBF
DPMN,10DPMN,M,NS,00,41,42,674.38,901,723.21,720.60,13.293340,1.487900,1000.00,cifi0007.DBF
DPMN,10DPMN,M,NS,00,41,43,693.77,909,741.23,738.86,13.293340,1.487900,1000.00,cifi0007.DBF
DPMN,10DPMN,M,NS,00,41,44,712.62,916,758.66,756.59,13.293340,1.487900,1000.00,cifi0007.DBF
DPMN,10DPMN,M,NS,00,41,45,730.80,923,775.39,773.67,13.293340,1.487900,1000.00,cifi0007.DBF
DPMN,10DPMN,M,NS,00,41,46,748.18,929,791.30,789.99,13.293340,1.487900,1000.00,cifi0007.DBF
DPMN,10DPMN,M,NS,00,41,47,764.63,935,806.28,805.43,13.293340,1.487900,1000.00,cifi0007.DBF
DPMN,10DPMN,M,NS,00,41,48,780.03,940,820.23,819.90,13.293340,1.487900,1000.00,cifi0007.DBF
DPMN,10DPMN,M,NS,00,41,49,794.39,945,833.17,833.35,13.293340,1.487900,1000.00,cifi0007.DBF
DPMN,10DPMN,M,NS,00,41,50,807.80,949,845.18,845.82,13.293340,1.487900,1000.00,cifi0007.DBF
DPMN,10DPMN,M,NS,00,41,51,820.48,953,856.44,857.46,13.293340,1.487900,1000.00,cifi0007.DBF
DPMN,10DPMN,M,NS,00,41,52,832.79,957,867.24,868.49,13.293340,1.487900,1000.00,cifi0007.DBF
DPMN,10DPMN,M,NS,00,41,53,845.21,960,877.99,879.26,13.293340,1.487900,1000.00,cifi0007.DBF
DPMN,10DPMN,M,NS,00,41,54,858.56,964,889.35,890.32,13.293340,1.487900,1000.00,cifi0007.DBF
DPMN,10DPMN,M,NS,00,41,55,874.11,969,902.31,902.47,13.293340,1.487900,1000.00,cifi0007.DBF
DPMN,10DPMN,M,NS,00,41,56,892.78,974,917.50,916.55,13.293340,1.487900,1000.00,cifi0007.DBF
DPMN,10DPMN,M,NS,00,41,57,916.82,980,936.57,933.68,13.293340,1.487900,1000.00,cifi0007.DBF
DPMN,10DPMN,M,NS,00,41,58,950.15,989,962.33,956.10,13.293340,1.487900,1000.00,cifi0007.DBF
DPMN,10DPMN,M,NS,00,41,59,1000.00,1000,1000.00,987.81,13.293340,1.487900,1000.00,cifi0007.DBF
DPMN,10DPMN,M,NS,00,42,1,0.00,0,0.00,0.79,1.586440,1.586440,1000.00,cifi0007.DBF
DPMN,10DPMN,M,NS,00,42,2,0.00,0,12.52,13.16,13.809470,1.586440,1000.00,cifi0007.DBF
DPMN,10DPMN,M,NS,00,42,3,6.92,29,25.35,25.84,13.809470,1.586440,1000.00,cifi0007.DBF
DPMN,10DPMN,M,NS,00,42,4,17.75,72,38.55,38.85,13.809470,1.586440,1000.00,cifi0007.DBF
DPMN,10DPMN,M,NS,00,42,5,28.96,113,52.09,52.22,13.809470,1.586440,1000.00,cifi0007.DBF
DPMN,10DPMN,M,NS,00,42,6,40.59,153,66.00,65.95,13.809470,1.586440,1000.00,cifi0007.DBF
DPMN,10DPMN,M,NS,00,42,7,52.62,191,80.29,80.05,13.809470,1.586440,1000.00,cifi0007.DBF
DPMN,10DPMN,M,NS,00,42,8,65.08,228,94.95,94.53,13.809470,1.586440,1000.00,cifi0007.DBF
DPMN,10DPMN,M,NS,00,42,9,77.97,264,109.99,109.38,13.809470,1.586440,1000.00,cifi0007.DBF
DPMN,10DPMN,M,NS,00,42,10,91.24,299,125.36,124.58,13.809470,1.586440,1000.00,cifi0007.DBF
DPMN,10DPMN,M,NS,00,42,11,104.89,332,141.05,140.11,13.809470,1.586440,1000.00,cifi0007.DBF
DPMN,10DPMN,M,NS,00,42,12,118.90,364,157.03,155.95,13.809470,1.586440,1000.00,cifi0007.DBF
DPMN,10DPMN,M,NS,00,42,13,133.29,395,173.32,172.08,13.809470,1.586440,1000.00,cifi0007.DBF
DPMN,10DPMN,M,NS,00,42,14,148.09,425,189.94,188.54,13.809470,1.586440,1000.00,cifi0007.DBF
DPMN,10DPMN,M,NS,00,42,15,163.32,453,206.92,205.34,13.809470,1.586440,1000.00,cifi0007.DBF
DPMN,10DPMN,M,NS,00,42,16,179.03,481,224.30,222.51,13.809470,1.586440,1000.00,cifi0007.DBF
DPMN,10DPMN,M,NS,00,42,17,195.24,507,242.07,240.09,13.809470,1.586440,1000.00,cifi0007.DBF
DPMN,10DPMN,M,NS,00,42,18,211.94,533,260.24,258.06,13.809470,1.586440,1000.00,cifi0007.DBF
DPMN,10DPMN,M,NS,00,42,19,229.12,558,278.79,276.42,13.809470,1.586440,1000.00,cifi0007.DBF
DPMN,10DPMN,M,NS,00,42,20,246.72,582,297.64,295.12,13.809470,1.586440,1000.00,cifi0007.DBF
DPMN,10DPMN,M,NS,00,42,21,264.68,605,316.75,314.10,13.809470,1.586440,1000.00,cifi0007.DBF
DPMN,10DPMN,M,NS,00,42,22,283.01,626,336.10,333.33,13.809470,1.586440,1000.00,cifi0007.DBF
DPMN,10DPMN,M,NS,00,42,23,301.68,647,355.68,352.80,13.809470,1.586440,1000.00,cifi0007.DBF
DPMN,10DPMN,M,NS,00,42,24,320.69,667,375.49,372.49,13.809470,1.586440,1000.00,cifi0007.DBF
DPMN,10DPMN,M,NS,00,42,25,340.06,686,395.52,392.41,13.809470,1.586440,1000.00,cifi0007.DBF
DPMN,10DPMN,M,NS,00,42,26,359.80,705,415.78,412.56,13.809470,1.586440,1000.00,cifi0007.DBF
DPMN,10DPMN,M,NS,00,42,27,379.89,722,436.27,432.93,13.809470,1.586440,1000.00,cifi0007.DBF
DPMN,10DPMN,M,NS,00,42,28,400.32,739,456.96,453.52,13.809470,1.586440,1000.00,cifi0007.DBF
DPMN,10DPMN,M,NS,00,42,29,421.04,755,477.80,474.28,13.809470,1.586440,1000.00,cifi0007.DBF
DPMN,10DPMN,M,NS,00,42,30,441.98,771,498.72,495.16,13.809470,1.586440,1000.00,cifi0007.DBF
DPMN,10DPMN,M,NS,00,42,31,463.05,786,519.63,516.08,13.809470,1.586440,1000.00,cifi0007.DBF
DPMN,10DPMN,M,NS,00,42,32,484.17,800,540.47,536.95,13.809470,1.586440,1000.00,cifi0007.DBF
DPMN,10DPMN,M,NS,00,42,33,505.29,813,561.18,557.73,13.809470,1.586440,1000.00,cifi0007.DBF
DPMN,10DPMN,M,NS,00,42,34,526.38,825,581.74,578.37,13.809470,1.586440,1000.00,cifi0007.DBF
DPMN,10DPMN,M,NS,00,42,35,547.42,837,602.14,598.85,13.809470,1.586440,1000.00,cifi0007.DBF
DPMN,10DPMN,M,NS,00,42,36,568.42,849,622.37,619.16,13.809470,1.586440,1000.00,cifi0007.DBF
DPMN,10DPMN,M,NS,00,42,37,589.37,859,642.43,639.31,13.809470,1.586440,1000.00,cifi0007.DBF
DPMN,10DPMN,M,NS,00,42,38,610.19,869,662.27,659.26,13.809470,1.586440,1000.00,cifi0007.DBF
DPMN,10DPMN,M,NS,00,42,39,630.83,879,681.81,678.94,13.809470,1.586440,1000.00,cifi0007.DBF
DPMN,10DPMN,M,NS,00,42,40,651.17,888,700.96,698.29,13.809470,1.586440,1000.00,cifi0007.DBF
DPMN,10DPMN,M,NS,00,42,41,671.18,897,719.70,717.23,13.809470,1.586440,1000.00,cifi0007.DBF
DPMN,10DPMN,M,NS,00,42,42,690.76,905,737.94,735.72,13.809470,1.586440,1000.00,cifi0007.DBF
DPMN,10DPMN,M,NS,00,42,43,709.79,913,755.57,753.66,13.809470,1.586440,1000.00,cifi0007.DBF
DPMN,10DPMN,M,NS,00,42,44,728.15,920,772.50,770.94,13.809470,1.586440,1000.00,cifi0007.DBF
DPMN,10DPMN,M,NS,00,42,45,745.71,926,788.61,787.46,13.809470,1.586440,1000.00,cifi0007.DBF
DPMN,10DPMN,M,NS,00,42,46,762.31,932,803.77,803.09,13.809470,1.586440,1000.00,cifi0007.DBF
DPMN,10DPMN,M,NS,00,42,47,777.86,937,817.89,817.73,13.809470,1.586440,1000.00,cifi0007.DBF
DPMN,10DPMN,M,NS,00,42,48,792.37,942,830.99,831.35,13.809470,1.586440,1000.00,cifi0007.DBF
DPMN,10DPMN,M,NS,00,42,49,805.91,947,843.15,843.97,13.809470,1.586440,1000.00,cifi0007.DBF
DPMN,10DPMN,M,NS,00,42,50,818.72,951,854.54,855.75,13.809470,1.586440,1000.00,cifi0007.DBF
DPMN,10DPMN,M,NS,00,42,51,831.14,955,865.48,866.92,13.809470,1.586440,1000.00,cifi0007.DBF
DPMN,10DPMN,M,NS,00,42,52,843.68,959,876.36,877.83,13.809470,1.586440,1000.00,cifi0007.DBF
DPMN,10DPMN,M,NS,00,42,53,857.17,963,887.86,889.02,13.809470,1.586440,1000.00,cifi0007.DBF
DPMN,10DPMN,M,NS,00,42,54,872.87,967,900.99,901.33,13.809470,1.586440,1000.00,cifi0007.DBF
DPMN,10DPMN,M,NS,00,42,55,891.72,973,916.38,915.59,13.809470,1.586440,1000.00,cifi0007.DBF
DPMN,10DPMN,M,NS,00,42,56,916.00,979,935.71,932.95,13.809470,1.586440,1000.00,cifi0007.DBF
DPMN,10DPMN,M,NS,00,42,57,949.66,988,961.82,955.67,13.809470,1.586440,1000.00,cifi0007.DBF
DPMN,10DPMN,M,NS,00,42,58,1000.00,1000,1000.00,987.81,13.809470,1.586440,1000.00,cifi0007.DBF
DPMN,10DPMN,M,NS,00,43,1,0.00,0,0.00,0.84,1.675120,1.675120,1000.00,cifi0007.DBF
DPMN,10DPMN,M,NS,00,43,2,0.00,0,12.99,13.67,14.351180,1.675120,1000.00,cifi0007.DBF
DPMN,10DPMN,M,NS,00,43,3,7.69,31,26.35,26.84,14.351180,1.675120,1000.00,cifi0007.DBF
DPMN,10DPMN,M,NS,00,43,4,19.02,74,40.06,40.38,14.351180,1.675120,1000.00,cifi0007.DBF
DPMN,10DPMN,M,NS,00,43,5,30.76,116,54.15,54.28,14.351180,1.675120,1000.00,cifi0007.DBF
DPMN,10DPMN,M,NS,00,43,6,42.92,156,68.62,68.56,14.351180,1.675120,1000.00,cifi0007.DBF
DPMN,10DPMN,M,NS,00,43,7,55.51,195,83.46,83.22,14.351180,1.675120,1000.00,cifi0007.DBF
DPMN,10DPMN,M,NS,00,43,8,68.52,232,98.69,98.25,14.351180,1.675120,1000.00,cifi0007.DBF
DPMN,10DPMN,M,NS,00,43,9,81.93,269,114.25,113.65,14.351180,1.675120,1000.00,cifi0007.DBF
DPMN,10DPMN,M,NS,00,43,10,95.72,303,130.13,129.37,14.351180,1.675120,1000.00,cifi0007.DBF
DPMN,10DPMN,M,NS,00,43,11,109.88,337,146.32,145.40,14.351180,1.675120,1000.00,cifi0007.DBF
DPMN,10DPMN,M,NS,00,43,12,124.42,369,162.81,161.74,14.351180,1.675120,1000.00,cifi0007.DBF
DPMN,10DPMN,M,NS,00,43,13,139.36,400,179.64,178.40,14.351180,1.675120,1000.00,cifi0007.DBF
DPMN,10DPMN,M,NS,00,43,14,154.75,429,196.83,195.41,14.351180,1.675120,1000.00,cifi0007.DBF
DPMN,10DPMN,M,NS,00,43,15,170.62,458,214.42,212.80,14.351180,1.675120,1000.00,cifi0007.DBF
DPMN,10DPMN,M,NS,00,43,16,187.00,486,232.42,230.60,14.351180,1.675120,1000.00,cifi0007.DBF
DPMN,10DPMN,M,NS,00,43,17,203.87,513,250.82,248.80,14.351180,1.675120,1000.00,cifi0007.DBF
DPMN,10DPMN,M,NS,00,43,18,221.23,539,269.59,267.38,14.351180,1.675120,1000.00,cifi0007.DBF
DPMN,10DPMN,M,NS,00,43,19,239.00,564,288.68,286.31,14.351180,1.675120,1000.00,cifi0007.DBF
DPMN,10DPMN,M,NS,00,43,20,257.15,587,308.03,305.53,14.351180,1.675120,1000.00,cifi0007.DBF
DPMN,10DPMN,M,NS,00,43,21,275.67,610,327.62,325.00,14.351180,1.675120,1000.00,cifi0007.DBF
DPMN,10DPMN,M,NS,00,43,22,294.53,632,347.45,344.71,14.351180,1.675120,1000.00,cifi0007.DBF
DPMN,10DPMN,M,NS,00,43,23,313.74,653,367.50,364.65,14.351180,1.675120,1000.00,cifi0007.DBF
DPMN,10DPMN,M,NS,00,43,24,333.30,673,387.78,384.82,14.351180,1.675120,1000.00,cifi0007.DBF
DPMN,10DPMN,M,NS,00,43,25,353.24,692,408.30,405.22,14.351180,1.675120,1000.00,cifi0007.DBF
DPMN,10DPMN,M,NS,00,43,26,373.54,710,429.05,425.85,14.351180,1.675120,1000.00,cifi0007.DBF
DPMN,10DPMN,M,NS,00,43,27,394.18,728,449.99,446.69,14.351180,1.675120,1000.00,cifi0007.DBF
DPMN,10DPMN,M,NS,00,43,28,415.11,745,471.09,467.72,14.351180,1.675120,1000.00,cifi0007.DBF
DPMN,10DPMN,M,NS,00,43,29,436.27,761,492.27,488.86,14.351180,1.675120,1000.00,cifi0007.DBF
DPMN,10DPMN,M,NS,00,43,30,457.55,776,513.44,510.03,14.351180,1.675120,1000.00,cifi0007.DBF
DPMN,10DPMN,M,NS,00,43,31,478.89,791,534.55,531.17,14.351180,1.675120,1000.00,cifi0007.DBF
DPMN,10DPMN,M,NS,00,43,32,500.23,805,555.52,552.21,14.351180,1.675120,1000.00,cifi0007.DBF
DPMN,10DPMN,M,NS,00,43,33,521.53,818,576.33,573.10,14.351180,1.675120,1000.00,cifi0007.DBF
DPMN,10DPMN,M,NS,00,43,34,542.79,830,596.99,593.84,14.351180,1.675120,1000.00,cifi0007.DBF
DPMN,10DPMN,M,NS,00,43,35,564.00,842,617.47,614.41,14.351180,1.675120,1000.00,cifi0007.DBF
DPMN,10DPMN,M,NS,00,43,36,585.16,853,637.78,634.80,14.351180,1.675120,1000.00,cifi0007.DBF
DPMN,10DPMN,M,NS,00,43,37,606.20,864,657.87,655.00,14.351180,1.675120,1000.00,cifi0007.DBF
DPMN,10DPMN,M,NS,00,43,38,627.05,874,677.65,674.93,14.351180,1.675120,1000.00,cifi0007.DBF
DPMN,10DPMN,M,NS,00,43,39,647.59,883,697.04,694.52,14.351180,1.675120,1000.00,cifi0007.DBF
DPMN,10DPMN,M,NS,00,43,40,667.81,892,716.01,713.70,14.351180,1.675120,1000.00,cifi0007.DBF
DPMN,10DPMN,M,NS,00,43,41,687.59,901,734.48,732.42,14.351180,1.675120,1000.00,cifi0007.DBF
DPMN,10DPMN,M,NS,00,43,42,706.82,909,752.34,750.59,14.351180,1.675120,1000.00,cifi0007.DBF
DPMN,10DPMN,M,NS,00,43,43,725.37,916,769.48,768.09,14.351180,1.675120,1000.00,cifi0007.DBF
DPMN,10DPMN,M,NS,00,43,44,743.10,923,785.79,784.81,14.351180,1.675120,1000.00,cifi0007.DBF
DPMN,10DPMN,M,NS,00,43,45,759.88,929,801.14,800.64,14.351180,1.675120,1000.00,cifi0007.DBF
DPMN,10DPMN,M,NS,00,43,46,775.59,935,815.44,815.46,14.351180,1.675120,1000.00,cifi0007.DBF
DPMN,10DPMN,M,NS,00,43,47,790.24,940,828.71,829.25,14.351180,1.675120,1000.00,cifi0007.DBF
DPMN,10DPMN,M,NS,00,43,48,803.92,944,841.01,842.03,14.351180,1.675120,1000.00,cifi0007.DBF
DPMN,10DPMN,M,NS,00,43,49,816.86,949,852.55,853.96,14.351180,1.675120,1000.00,cifi0007.DBF
DPMN,10DPMN,M,NS,00,43,50,829.41,953,863.63,865.27,14.351180,1.675120,1000.00,cifi0007.DBF
DPMN,10DPMN,M,NS,00,43,51,842.08,957,874.66,876.32,14.351180,1.675120,1000.00,cifi0007.DBF
DPMN,10DPMN,M,NS,00,43,52,855.71,961,886.31,887.66,14.351180,1.675120,1000.00,cifi0007.DBF
DPMN,10DPMN,M,NS,00,43,53,871.57,966,899.61,900.13,14.351180,1.675120,1000.00,cifi0007.DBF
DPMN,10DPMN,M,NS,00,43,54,890.61,971,915.21,914.59,14.351180,1.675120,1000.00,cifi0007.DBF
DPMN,10DPMN,M,NS,00,43,55,915.14,978,934.80,932.18,14.351180,1.675120,1000.00,cifi0007.DBF
DPMN,10DPMN,M,NS,00,43,56,949.14,988,961.28,955.21,14.351180,1.675120,1000.00,cifi0007.DBF
DPMN,10DPMN,M,NS,00,43,57,1000.00,1000,1000.00,987.81,14.351180,1.675120,1000.00,cifi0007.DBF
DPMN,10DPMN,M,NS,00,44,1,0.00,0,0.00,0.88,1.763800,1.763800,1000.00,cifi0007.DBF
DPMN,10DPMN,M,NS,00,44,2,0.00,0,13.54,14.23,14.920450,1.763800,1000.00,cifi0007.DBF
DPMN,10DPMN,M,NS,00,44,3,8.54,34,27.42,27.94,14.920450,1.763800,1000.00,cifi0007.DBF
DPMN,10DPMN,M,NS,00,44,4,20.40,77,41.70,42.02,14.920450,1.763800,1000.00,cifi0007.DBF
DPMN,10DPMN,M,NS,00,44,5,32.69,119,56.35,56.48,14.920450,1.763800,1000.00,cifi0007.DBF
DPMN,10DPMN,M,NS,00,44,6,45.42,159,71.39,71.33,14.920450,1.763800,1000.00,cifi0007.DBF
DPMN,10DPMN,M,NS,00,44,7,58.57,199,86.81,86.56,14.920450,1.763800,1000.00,cifi0007.DBF
DPMN,10DPMN,M,NS,00,44,8,72.12,236,102.58,102.15,14.920450,1.763800,1000.00,cifi0007.DBF
DPMN,10DPMN,M,NS,00,44,9,86.06,273,118.66,118.08,14.920450,1.763800,1000.00,cifi0007.DBF
DPMN,10DPMN,M,NS,00,44,10,100.37,308,135.06,134.32,14.920450,1.763800,1000.00,cifi0007.DBF
DPMN,10DPMN,M,NS,00,44,11,115.06,341,151.77,150.87,14.920450,1.763800,1000.00,cifi0007.DBF
DPMN,10DPMN,M,NS,00,44,12,130.16,373,168.81,167.75,14.920450,1.763800,1000.00,cifi0007.DBF
DPMN,10DPMN,M,NS,00,44,13,145.72,404,186.23,184.98,14.920450,1.763800,1000.00,cifi0007.DBF
DPMN,10DPMN,M,NS,00,44,14,161.76,434,204.05,202.60,14.920450,1.763800,1000.00,cifi0007.DBF
DPMN,10DPMN,M,NS,00,44,15,178.31,463,222.28,220.62,14.920450,1.763800,1000.00,cifi0007.DBF
DPMN,10DPMN,M,NS,00,44,16,195.37,491,240.92,239.06,14.920450,1.763800,1000.00,cifi0007.DBF
DPMN,10DPMN,M,NS,00,44,17,212.91,518,259.93,257.88,14.920450,1.763800,1000.00,cifi0007.DBF
DPMN,10DPMN,M,NS,00,44,18,230.87,544,279.27,277.06,14.920450,1.763800,1000.00,cifi0007.DBF
DPMN,10DPMN,M,NS,00,44,19,249.22,569,298.87,296.53,14.920450,1.763800,1000.00,cifi0007.DBF
DPMN,10DPMN,M,NS,00,44,20,267.93,593,318.72,316.25,14.920450,1.763800,1000.00,cifi0007.DBF
DPMN,10DPMN,M,NS,00,44,21,286.99,616,338.80,336.22,14.920450,1.763800,1000.00,cifi0007.DBF
DPMN,10DPMN,M,NS,00,44,22,306.40,638,359.11,356.41,14.920450,1.763800,1000.00,cifi0007.DBF
DPMN,10DPMN,M,NS,00,44,23,326.18,658,379.65,376.84,14.920450,1.763800,1000.00,cifi0007.DBF
DPMN,10DPMN,M,NS,00,44,24,346.33,678,400.44,397.51,14.920450,1.763800,1000.00,cifi0007.DBF
DPMN,10DPMN,M,NS,00,44,25,366.85,698,421.45,418.41,14.920450,1.763800,1000.00,cifi0007.DBF
DPMN,10DPMN,M,NS,00,44,26,387.71,716,442.67,439.52,14.920450,1.763800,1000.00,cifi0007.DBF
DPMN,10DPMN,M,NS,00,44,27,408.86,734,464.04,460.82,14.920450,1.763800,1000.00,cifi0007.DBF
DPMN,10DPMN,M,NS,00,44,28,430.24,750,485.50,482.23,14.920450,1.763800,1000.00,cifi0007.DBF
DPMN,10DPMN,M,NS,00,44,29,451.75,766,506.95,503.68,14.920450,1.763800,1000.00,cifi0007.DBF
DPMN,10DPMN,M,NS,00,44,30,473.32,782,528.32,525.09,14.920450,1.763800,1000.00,cifi0007.DBF
DPMN,10DPMN,M,NS,00,44,31,494.89,796,549.56,546.40,14.920450,1.763800,1000.00,cifi0007.DBF
DPMN,10DPMN,M,NS,00,44,32,516.42,810,570.65,567.57,14.920450,1.763800,1000.00,cifi0007.DBF
DPMN,10DPMN,M,NS,00,44,33,537.90,823,591.57,588.57,14.920450,1.763800,1000.00,cifi0007.DBF
DPMN,10DPMN,M,NS,00,44,34,559.34,835,612.32,609.41,14.920450,1.763800,1000.00,cifi0007.DBF
DPMN,10DPMN,M,NS,00,44,35,580.73,847,632.90,630.07,14.920450,1.763800,1000.00,cifi0007.DBF
DPMN,10DPMN,M,NS,00,44,36,601.99,858,653.24,650.53,14.920450,1.763800,1000.00,cifi0007.DBF
DPMN,10DPMN,M,NS,00,44,37,623.07,868,673.28,670.72,14.920450,1.763800,1000.00,cifi0007.DBF
DPMN,10DPMN,M,NS,00,44,38,643.83,878,692.92,690.56,14.920450,1.763800,1000.00,cifi0007.DBF
DPMN,10DPMN,M,NS,00,44,39,664.26,888,712.14,709.99,14.920450,1.763800,1000.00,cifi0007.DBF
DPMN,10DPMN,M,NS,00,44,40,684.25,896,730.85,728.96,14.920450,1.763800,1000.00,cifi0007.DBF
DPMN,10DPMN,M,NS,00,44,41,703.69,905,748.94,747.35,14.920450,1.763800,1000.00,cifi0007.DBF
DPMN,10DPMN,M,NS,00,44,42,722.43,912,766.30,765.08,14.920450,1.763800,1000.00,cifi0007.DBF
DPMN,10DPMN,M,NS,00,44,43,740.36,919,782.82,782.02,14.920450,1.763800,1000.00,cifi0007.DBF
DPMN,10DPMN,M,NS,00,44,44,757.31,926,798.37,798.06,14.920450,1.763800,1000.00,cifi0007.DBF
DPMN,10DPMN,M,NS,00,44,45,773.19,932,812.86,813.08,14.920450,1.763800,1000.00,cifi0007.DBF
DPMN,10DPMN,M,NS,00,44,46,788.00,937,826.30,827.04,14.920450,1.763800,1000.00,cifi0007.DBF
DPMN,10DPMN,M,NS,00,44,47,801.83,942,838.77,839.99,14.920450,1.763800,1000.00,cifi0007.DBF
DPMN,10DPMN,M,NS,00,44,48,814.90,946,850.46,852.08,14.920450,1.763800,1000.00,cifi0007.DBF
DPMN,10DPMN,M,NS,00,44,49,827.59,951,861.69,863.53,14.920450,1.763800,1000.00,cifi0007.DBF
DPMN,10DPMN,M,NS,00,44,50,840.40,955,872.86,874.74,14.920450,1.763800,1000.00,cifi0007.DBF
DPMN,10DPMN,M,NS,00,44,51,854.17,959,884.67,886.23,14.920450,1.763800,1000.00,cifi0007.DBF
DPMN,10DPMN,M,NS,00,44,52,870.19,964,898.16,898.87,14.920450,1.763800,1000.00,cifi0007.DBF
DPMN,10DPMN,M,NS,00,44,53,889.45,970,913.98,913.53,14.920450,1.763800,1000.00,cifi0007.DBF
DPMN,10DPMN,M,NS,00,44,54,914.24,977,933.84,931.37,14.920450,1.763800,1000.00,cifi0007.DBF
DPMN,10DPMN,M,NS,00,44,55,948.60,987,960.71,954.74,14.920450,1.763800,1000.00,cifi0007.DBF
DPMN,10DPMN,M,NS,00,44,56,1000.00,1000,1000.00,987.81,14.920450,1.763800,1000.00,cifi0007.DBF
DPMN,10DPMN,M,NS,00,45,1,0.00,0,0.00,0.90,1.803220,1.803220,1000.00,cifi0007.DBF
DPMN,10DPMN,M,NS,00,45,2,0.00,0,14.08,14.80,15.521720,1.803220,1000.00,cifi0007.DBF
DPMN,10DPMN,M,NS,00,45,3,9.47,36,28.54,29.07,15.521720,1.803220,1000.00,cifi0007.DBF
DPMN,10DPMN,M,NS,00,45,4,21.90,80,43.39,43.73,15.521720,1.803220,1000.00,cifi0007.DBF
DPMN,10DPMN,M,NS,00,45,5,34.76,122,58.64,58.78,15.521720,1.803220,1000.00,cifi0007.DBF
DPMN,10DPMN,M,NS,00,45,6,48.06,163,74.27,74.21,15.521720,1.803220,1000.00,cifi0007.DBF
DPMN,10DPMN,M,NS,00,45,7,61.77,203,90.24,90.02,15.521720,1.803220,1000.00,cifi0007.DBF
DPMN,10DPMN,M,NS,00,45,8,75.86,240,106.55,106.16,15.521720,1.803220,1000.00,cifi0007.DBF
DPMN,10DPMN,M,NS,00,45,9,90.33,277,123.17,122.62,15.521720,1.803220,1000.00,cifi0007.DBF
DPMN,10DPMN,M,NS,00,45,10,105.19,312,140.10,139.39,15.521720,1.803220,1000.00,cifi0007.DBF
DPMN,10DPMN,M,NS,00,45,11,120.46,346,157.38,156.50,15.521720,1.803220,1000.00,cifi0007.DBF
DPMN,10DPMN,M,NS,00,45,12,136.18,378,175.03,173.96,15.521720,1.803220,1000.00,cifi0007.DBF
DPMN,10DPMN,M,NS,00,45,13,152.41,409,193.09,191.82,15.521720,1.803220,1000.00,cifi0007.DBF
DPMN,10DPMN,M,NS,00,45,14,169.14,440,211.56,210.09,15.521720,1.803220,1000.00,cifi0007.DBF
DPMN,10DPMN,M,NS,00,45,15,186.39,469,230.45,228.77,15.521720,1.803220,1000.00,cifi0007.DBF
DPMN,10DPMN,M,NS,00,45,16,204.12,497,249.73,247.85,15.521720,1.803220,1000.00,cifi0007.DBF
DPMN,10DPMN,M,NS,00,45,17,222.29,524,269.32,267.29,15.521720,1.803220,1000.00,cifi0007.DBF
DPMN,10DPMN,M,NS,00,45,18,240.84,550,289.19,287.02,15.521720,1.803220,1000.00,cifi0007.DBF
DPMN,10DPMN,M,NS,00,45,19,259.76,575,309.31,307.01,15.521720,1.803220,1000.00,cifi0007.DBF
DPMN,10DPMN,M,NS,00,45,20,279.03,599,329.66,327.24,15.521720,1.803220,1000.00,cifi0007.DBF
DPMN,10DPMN,M,NS,00,45,21,298.66,621,350.25,347.71,15.521720,1.803220,1000.00,cifi0007.DBF
DPMN,10DPMN,M,NS,00,45,22,318.66,643,371.07,368.42,15.521720,1.803220,1000.00,cifi0007.DBF
DPMN,10DPMN,M,NS,00,45,23,339.04,664,392.13,389.36,15.521720,1.803220,1000.00,cifi0007.DBF
DPMN,10DPMN,M,NS,00,45,24,359.78,684,413.43,410.54,15.521720,1.803220,1000.00,cifi0007.DBF
DPMN,10DPMN,M,NS,00,45,25,380.88,703,434.94,431.94,15.521720,1.803220,1000.00,cifi0007.DBF
DPMN,10DPMN,M,NS,00,45,26,402.27,722,456.60,453.53,15.521720,1.803220,1000.00,cifi0007.DBF
DPMN,10DPMN,M,NS,00,45,27,423.88,739,478.34,475.23,15.521720,1.803220,1000.00,cifi0007.DBF
DPMN,10DPMN,M,NS,00,45,28,445.64,756,500.08,496.97,15.521720,1.803220,1000.00,cifi0007.DBF
DPMN,10DPMN,M,NS,00,45,29,467.44,772,521.74,518.67,15.521720,1.803220,1000.00,cifi0007.DBF
DPMN,10DPMN,M,NS,00,45,30,489.25,787,543.28,540.27,15.521720,1.803220,1000.00,cifi0007.DBF
DPMN,10DPMN,M,NS,00,45,31,511.02,801,564.65,561.72,15.521720,1.803220,1000.00,cifi0007.DBF
DPMN,10DPMN,M,NS,00,45,32,532.75,815,585.85,583.01,15.521720,1.803220,1000.00,cifi0007.DBF
DPMN,10DPMN,M,NS,00,45,33,554.43,828,606.88,604.13,15.521720,1.803220,1000.00,cifi0007.DBF
DPMN,10DPMN,M,NS,00,45,34,576.05,840,627.74,625.07,15.521720,1.803220,1000.00,cifi0007.DBF
DPMN,10DPMN,M,NS,00,45,35,597.55,851,648.35,645.81,15.521720,1.803220,1000.00,cifi0007.DBF
DPMN,10DPMN,M,NS,00,45,36,618.86,862,668.67,666.27,15.521720,1.803220,1000.00,cifi0007.DBF
DPMN,10DPMN,M,NS,00,45,37,639.85,873,688.57,686.38,15.521720,1.803220,1000.00,cifi0007.DBF
DPMN,10DPMN,M,NS,00,45,38,660.51,883,708.05,706.07,15.521720,1.803220,1000.00,cifi0007.DBF
DPMN,10DPMN,M,NS,00,45,39,680.73,892,727.01,725.29,15.521720,1.803220,1000.00,cifi0007.DBF
DPMN,10DPMN,M,NS,00,45,40,700.38,900,745.35,743.94,15.521720,1.803220,1000.00,cifi0007.DBF
DPMN,10DPMN,M,NS,00,45,41,719.34,908,762.95,761.91,15.521720,1.803220,1000.00,cifi0007.DBF
DPMN,10DPMN,M,NS,00,45,42,737.46,916,779.69,779.08,15.521720,1.803220,1000.00,cifi0007.DBF
DPMN,10DPMN,M,NS,00,45,43,754.61,923,795.45,795.33,15.521720,1.803220,1000.00,cifi0007.DBF
DPMN,10DPMN,M,NS,00,45,44,770.66,929,810.13,810.55,15.521720,1.803220,1000.00,cifi0007.DBF
DPMN,10DPMN,M,NS,00,45,45,785.64,934,823.76,824.71,15.521720,1.803220,1000.00,cifi0007.DBF
DPMN,10DPMN,M,NS,00,45,46,799.62,939,836.40,837.84,15.521720,1.803220,1000.00,cifi0007.DBF
DPMN,10DPMN,M,NS,00,45,47,812.84,944,848.25,850.09,15.521720,1.803220,1000.00,cifi0007.DBF
DPMN,10DPMN,M,NS,00,45,48,825.67,948,859.64,861.70,15.521720,1.803220,1000.00,cifi0007.DBF
DPMN,10DPMN,M,NS,00,45,49,838.62,953,870.97,873.06,15.521720,1.803220,1000.00,cifi0007.DBF
DPMN,10DPMN,M,NS,00,45,50,852.54,957,882.94,884.71,15.521720,1.803220,1000.00,cifi0007.DBF
DPMN,10DPMN,M,NS,00,45,51,868.75,963,896.62,897.54,15.521720,1.803220,1000.00,cifi0007.DBF
DPMN,10DPMN,M,NS,00,45,52,888.21,969,912.68,912.41,15.521720,1.803220,1000.00,cifi0007.DBF
DPMN,10DPMN,M,NS,00,45,53,913.28,976,932.84,930.52,15.521720,1.803220,1000.00,cifi0007.DBF
DPMN,10DPMN,M,NS,00,45,54,948.03,986,960.11,954.23,15.521720,1.803220,1000.00,cifi0007.DBF
DPMN,10DPMN,M,NS,00,45,55,1000.00,1000,1000.00,987.81,15.521720,1.803220,1000.00,cifi0007.DBF
DPMN,10DPMN,M,NS,00,46,1,0.00,0,0.00,0.94,1.882050,1.882050,1000.00,cifi0007.DBF
DPMN,10DPMN,M,NS,00,46,2,0.00,0,14.67,15.41,16.155790,1.882050,1000.00,cifi0007.DBF
DPMN,10DPMN,M,NS,00,46,3,10.44,38,29.73,30.28,16.155790,1.882050,1000.00,cifi0007.DBF
DPMN,10DPMN,M,NS,00,46,4,23.45,83,45.19,45.54,16.155790,1.882050,1000.00,cifi0007.DBF
DPMN,10DPMN,M,NS,00,46,5,36.91,125,61.04,61.19,16.155790,1.882050,1000.00,cifi0007.DBF
DPMN,10DPMN,M,NS,00,46,6,50.77,167,77.24,77.22,16.155790,1.882050,1000.00,cifi0007.DBF
DPMN,10DPMN,M,NS,00,46,7,65.03,206,93.78,93.59,16.155790,1.882050,1000.00,cifi0007.DBF
DPMN,10DPMN,M,NS,00,46,8,79.67,244,110.62,110.28,16.155790,1.882050,1000.00,cifi0007.DBF
DPMN,10DPMN,M,NS,00,46,9,94.70,281,127.80,127.29,16.155790,1.882050,1000.00,cifi0007.DBF
DPMN,10DPMN,M,NS,00,46,10,110.15,316,145.32,144.64,16.155790,1.882050,1000.00,cifi0007.DBF
DPMN,10DPMN,M,NS,00,46,11,126.06,350,163.22,162.34,16.155790,1.882050,1000.00,cifi0007.DBF
DPMN,10DPMN,M,NS,00,46,12,142.47,383,181.53,180.45,16.155790,1.882050,1000.00,cifi0007.DBF
DPMN,10DPMN,M,NS,00,46,13,159.40,414,200.27,198.97,16.155790,1.882050,1000.00,cifi0007.DBF
DPMN,10DPMN,M,NS,00,46,14,176.85,445,219.42,217.92,16.155790,1.882050,1000.00,cifi0007.DBF
DPMN,10DPMN,M,NS,00,46,15,194.80,474,238.97,237.27,16.155790,1.882050,1000.00,cifi0007.DBF
DPMN,10DPMN,M,NS,00,46,16,213.17,503,258.84,256.98,16.155790,1.882050,1000.00,cifi0007.DBF
DPMN,10DPMN,M,NS,00,46,17,231.94,530,278.98,276.99,16.155790,1.882050,1000.00,cifi0007.DBF
DPMN,10DPMN,M,NS,00,46,18,251.08,556,299.38,297.26,16.155790,1.882050,1000.00,cifi0007.DBF
DPMN,10DPMN,M,NS,00,46,19,270.58,581,320.02,317.78,16.155790,1.882050,1000.00,cifi0007.DBF
DPMN,10DPMN,M,NS,00,46,20,290.44,604,340.90,338.54,16.155790,1.882050,1000.00,cifi0007.DBF
DPMN,10DPMN,M,NS,00,46,21,310.68,627,362.01,359.53,16.155790,1.882050,1000.00,cifi0007.DBF
DPMN,10DPMN,M,NS,00,46,22,331.29,649,383.38,380.77,16.155790,1.882050,1000.00,cifi0007.DBF
DPMN,10DPMN,M,NS,00,46,23,352.28,670,404.97,402.25,16.155790,1.882050,1000.00,cifi0007.DBF
DPMN,10DPMN,M,NS,00,46,24,373.62,690,426.78,423.96,16.155790,1.882050,1000.00,cifi0007.DBF
DPMN,10DPMN,M,NS,00,46,25,395.26,709,448.75,445.84,16.155790,1.882050,1000.00,cifi0007.DBF
DPMN,10DPMN,M,NS,00,46,26,417.13,728,470.80,467.85,16.155790,1.882050,1000.00,cifi0007.DBF
DPMN,10DPMN,M,NS,00,46,27,439.14,745,492.84,489.90,16.155790,1.882050,1000.00,cifi0007.DBF
DPMN,10DPMN,M,NS,00,46,28,461.20,762,514.81,511.90,16.155790,1.882050,1000.00,cifi0007.DBF
DPMN,10DPMN,M,NS,00,46,29,483.26,777,536.65,533.81,16.155790,1.882050,1000.00,cifi0007.DBF
DPMN,10DPMN,M,NS,00,46,30,505.29,792,558.32,555.56,16.155790,1.882050,1000.00,cifi0007.DBF
DPMN,10DPMN,M,NS,00,46,31,527.27,806,579.82,577.15,16.155790,1.882050,1000.00,cifi0007.DBF
DPMN,10DPMN,M,NS,00,46,32,549.21,820,601.15,598.56,16.155790,1.882050,1000.00,cifi0007.DBF
DPMN,10DPMN,M,NS,00,46,33,571.08,833,622.29,619.80,16.155790,1.882050,1000.00,cifi0007.DBF
DPMN,10DPMN,M,NS,00,46,34,592.84,845,643.20,640.82,16.155790,1.882050,1000.00,cifi0007.DBF
DPMN,10DPMN,M,NS,00,46,35,614.39,856,663.80,661.58,16.155790,1.882050,1000.00,cifi0007.DBF
DPMN,10DPMN,M,NS,00,46,36,635.63,867,683.99,681.97,16.155790,1.882050,1000.00,cifi0007.DBF
DPMN,10DPMN,M,NS,00,46,37,656.54,877,703.74,701.94,16.155790,1.882050,1000.00,cifi0007.DBF
DPMN,10DPMN,M,NS,00,46,38,676.98,887,722.97,721.43,16.155790,1.882050,1000.00,cifi0007.DBF
DPMN,10DPMN,M,NS,00,46,39,696.87,896,741.56,740.34,16.155790,1.882050,1000.00,cifi0007.DBF
DPMN,10DPMN,M,NS,00,46,40,716.05,904,759.41,758.56,16.155790,1.882050,1000.00,cifi0007.DBF
DPMN,10DPMN,M,NS,00,46,41,734.39,912,776.39,775.98,16.155790,1.882050,1000.00,cifi0007.DBF
DPMN,10DPMN,M,NS,00,46,42,751.73,919,792.37,792.46,16.155790,1.882050,1000.00,cifi0007.DBF
DPMN,10DPMN,M,NS,00,46,43,767.97,925,807.26,807.90,16.155790,1.882050,1000.00,cifi0007.DBF
DPMN,10DPMN,M,NS,00,46,44,783.12,931,821.08,822.25,16.155790,1.882050,1000.00,cifi0007.DBF
DPMN,10DPMN,M,NS,00,46,45,797.27,937,833.90,835.57,16.155790,1.882050,1000.00,cifi0007.DBF
DPMN,10DPMN,M,NS,00,46,46,810.64,941,845.92,847.99,16.155790,1.882050,1000.00,cifi0007.DBF
DPMN,10DPMN,M,NS,00,46,47,823.62,946,857.47,859.77,16.155790,1.882050,1000.00,cifi0007.DBF
DPMN,10DPMN,M,NS,00,46,48,836.72,951,868.97,871.30,16.155790,1.882050,1000.00,cifi0007.DBF
DPMN,10DPMN,M,NS,00,46,49,850.81,956,881.12,883.12,16.155790,1.882050,1000.00,cifi0007.DBF
DPMN,10DPMN,M,NS,00,46,50,867.21,961,895.01,896.14,16.155790,1.882050,1000.00,cifi0007.DBF
DPMN,10DPMN,M,NS,00,46,51,886.90,967,911.30,911.23,16.155790,1.882050,1000.00,cifi0007.DBF
DPMN,10DPMN,M,NS,00,46,52,912.26,975,931.78,929.62,16.155790,1.882050,1000.00,cifi0007.DBF
DPMN,10DPMN,M,NS,00,46,53,947.42,986,959.47,953.70,16.155790,1.882050,1000.00,cifi0007.DBF
DPMN,10DPMN,M,NS,00,46,54,1000.00,1000,1000.00,987.81,16.155790,1.882050,1000.00,cifi0007.DBF
DPMN,10DPMN,M,NS,00,47,1,0.00,0,0.00,0.97,1.941170,1.941170,1000.00,cifi0007.DBF
DPMN,10DPMN,M,NS,00,47,2,0.00,0,15.28,16.05,16.826330,1.941170,1000.00,cifi0007.DBF
DPMN,10DPMN,M,NS,00,47,3,11.46,41,30.97,31.54,16.826330,1.941170,1000.00,cifi0007.DBF
DPMN,10DPMN,M,NS,00,47,4,25.09,85,47.05,47.42,16.826330,1.941170,1000.00,cifi0007.DBF
DPMN,10DPMN,M,NS,00,47,5,39.12,128,63.49,63.68,16.826330,1.941170,1000.00,cifi0007.DBF
DPMN,10DPMN,M,NS,00,47,6,53.56,170,80.27,80.29,16.826330,1.941170,1000.00,cifi0007.DBF
DPMN,10DPMN,M,NS,00,47,7,68.37,210,97.36,97.23,16.826330,1.941170,1000.00,cifi0007.DBF
DPMN,10DPMN,M,NS,00,47,8,83.59,248,114.79,114.49,16.826330,1.941170,1000.00,cifi0007.DBF
DPMN,10DPMN,M,NS,00,47,9,99.23,285,132.56,132.09,16.826330,1.941170,1000.00,cifi0007.DBF
DPMN,10DPMN,M,NS,00,47,10,115.33,320,150.72,150.06,16.826330,1.941170,1000.00,cifi0007.DBF
DPMN,10DPMN,M,NS,00,47,11,131.95,354,169.31,168.43,16.826330,1.941170,1000.00,cifi0007.DBF
DPMN,10DPMN,M,NS,00,47,12,149.08,388,188.32,187.22,16.826330,1.941170,1000.00,cifi0007.DBF
DPMN,10DPMN,M,NS,00,47,13,166.75,420,207.76,206.45,16.826330,1.941170,1000.00,cifi0007.DBF
DPMN,10DPMN,M,NS,00,47,14,184.91,450,227.59,226.08,16.826330,1.941170,1000.00,cifi0007.DBF
DPMN,10DPMN,M,NS,00,47,15,203.52,480,247.75,246.08,16.826330,1.941170,1000.00,cifi0007.DBF
DPMN,10DPMN,M,NS,00,47,16,222.51,508,268.19,266.38,16.826330,1.941170,1000.00,cifi0007.DBF
DPMN,10DPMN,M,NS,00,47,17,241.89,535,288.89,286.95,16.826330,1.941170,1000.00,cifi0007.DBF
DPMN,10DPMN,M,NS,00,47,18,261.63,561,309.83,307.77,16.826330,1.941170,1000.00,cifi0007.DBF
DPMN,10DPMN,M,NS,00,47,19,281.73,586,331.01,328.84,16.826330,1.941170,1000.00,cifi0007.DBF
DPMN,10DPMN,M,NS,00,47,20,302.21,610,352.44,350.14,16.826330,1.941170,1000.00,cifi0007.DBF
DPMN,10DPMN,M,NS,00,47,21,323.08,633,374.11,371.69,16.826330,1.941170,1000.00,cifi0007.DBF
DPMN,10DPMN,M,NS,00,47,22,344.33,655,396.03,393.48,16.826330,1.941170,1000.00,cifi0007.DBF
DPMN,10DPMN,M,NS,00,47,23,365.93,676,418.16,415.51,16.826330,1.941170,1000.00,cifi0007.DBF
DPMN,10DPMN,M,NS,00,47,24,387.84,696,440.44,437.71,16.826330,1.941170,1000.00,cifi0007.DBF
DPMN,10DPMN,M,NS,00,47,25,409.98,715,462.82,460.04,16.826330,1.941170,1000.00,cifi0007.DBF
DPMN,10DPMN,M,NS,00,47,26,432.25,733,485.19,482.41,16.826330,1.941170,1000.00,cifi0007.DBF
DPMN,10DPMN,M,NS,00,47,27,454.59,751,507.48,504.74,16.826330,1.941170,1000.00,cifi0007.DBF
DPMN,10DPMN,M,NS,00,47,28,476.92,767,529.63,526.97,16.826330,1.941170,1000.00,cifi0007.DBF
DPMN,10DPMN,M,NS,00,47,29,499.22,783,551.62,549.04,16.826330,1.941170,1000.00,cifi0007.DBF
DPMN,10DPMN,M,NS,00,47,30,521.47,798,573.44,570.94,16.826330,1.941170,1000.00,cifi0007.DBF
DPMN,10DPMN,M,NS,00,47,31,543.67,812,595.08,592.67,16.826330,1.941170,1000.00,cifi0007.DBF
DPMN,10DPMN,M,NS,00,47,32,565.81,825,616.54,614.22,16.826330,1.941170,1000.00,cifi0007.DBF
DPMN,10DPMN,M,NS,00,47,33,587.84,838,637.75,635.56,16.826330,1.941170,1000.00,cifi0007.DBF
DPMN,10DPMN,M,NS,00,47,34,609.66,850,658.65,656.62,16.826330,1.941170,1000.00,cifi0007.DBF
DPMN,10DPMN,M,NS,00,47,35,631.16,861,679.14,677.31,16.826330,1.941170,1000.00,cifi0007.DBF
DPMN,10DPMN,M,NS,00,47,36,652.32,872,699.18,697.57,16.826330,1.941170,1000.00,cifi0007.DBF
DPMN,10DPMN,M,NS,00,47,37,673.02,882,718.69,717.35,16.826330,1.941170,1000.00,cifi0007.DBF
DPMN,10DPMN,M,NS,00,47,38,693.15,891,737.56,736.54,16.826330,1.941170,1000.00,cifi0007.DBF
DPMN,10DPMN,M,NS,00,47,39,712.56,900,755.67,755.03,16.826330,1.941170,1000.00,cifi0007.DBF
DPMN,10DPMN,M,NS,00,47,40,731.12,908,772.90,772.70,16.826330,1.941170,1000.00,cifi0007.DBF
DPMN,10DPMN,M,NS,00,47,41,748.68,915,789.12,789.42,16.826330,1.941170,1000.00,cifi0007.DBF
DPMN,10DPMN,M,NS,00,47,42,765.12,922,804.23,805.08,16.826330,1.941170,1000.00,cifi0007.DBF
DPMN,10DPMN,M,NS,00,47,43,780.46,928,818.25,819.65,16.826330,1.941170,1000.00,cifi0007.DBF
DPMN,10DPMN,M,NS,00,47,44,794.78,934,831.26,833.17,16.826330,1.941170,1000.00,cifi0007.DBF
DPMN,10DPMN,M,NS,00,47,45,808.32,939,843.46,845.77,16.826330,1.941170,1000.00,cifi0007.DBF
DPMN,10DPMN,M,NS,00,47,46,821.46,944,855.18,857.73,16.826330,1.941170,1000.00,cifi0007.DBF
DPMN,10DPMN,M,NS,00,47,47,834.72,948,866.85,869.43,16.826330,1.941170,1000.00,cifi0007.DBF
DPMN,10DPMN,M,NS,00,47,48,848.98,953,879.19,881.44,16.826330,1.941170,1000.00,cifi0007.DBF
DPMN,10DPMN,M,NS,00,47,49,865.58,959,893.29,894.66,16.826330,1.941170,1000.00,cifi0007.DBF
DPMN,10DPMN,M,NS,00,47,50,885.51,966,909.85,909.98,16.826330,1.941170,1000.00,cifi0007.DBF
DPMN,10DPMN,M,NS,00,47,51,911.19,974,930.65,928.66,16.826330,1.941170,1000.00,cifi0007.DBF
DPMN,10DPMN,M,NS,00,47,52,946.77,985,958.80,953.14,16.826330,1.941170,1000.00,cifi0007.DBF
DPMN,10DPMN,M,NS,00,47,53,1000.00,1000,1000.00,987.81,16.826330,1.941170,1000.00,cifi0007.DBF
DPMN,10DPMN,M,NS,00,48,1,0.00,0,0.00,1.01,2.020000,2.020000,1000.00,cifi0007.DBF
DPMN,10DPMN,M,NS,00,48,2,0.00,0,15.92,16.73,17.535510,2.020000,1000.00,cifi0007.DBF
DPMN,10DPMN,M,NS,00,48,3,12.52,43,32.25,32.86,17.535510,2.020000,1000.00,cifi0007.DBF
DPMN,10DPMN,M,NS,00,48,4,26.74,88,48.94,49.37,17.535510,2.020000,1000.00,cifi0007.DBF
DPMN,10DPMN,M,NS,00,48,5,41.36,131,65.98,66.23,17.535510,2.020000,1000.00,cifi0007.DBF
DPMN,10DPMN,M,NS,00,48,6,56.37,173,83.34,83.42,17.535510,2.020000,1000.00,cifi0007.DBF
DPMN,10DPMN,M,NS,00,48,7,71.78,213,101.03,100.95,17.535510,2.020000,1000.00,cifi0007.DBF
DPMN,10DPMN,M,NS,00,48,8,87.62,251,119.07,118.82,17.535510,2.020000,1000.00,cifi0007.DBF
DPMN,10DPMN,M,NS,00,48,9,103.93,289,137.51,137.06,17.535510,2.020000,1000.00,cifi0007.DBF
DPMN,10DPMN,M,NS,00,48,10,120.76,324,156.38,155.71,17.535510,2.020000,1000.00,cifi0007.DBF
DPMN,10DPMN,M,NS,00,48,11,138.12,359,175.68,174.80,17.535510,2.020000,1000.00,cifi0007.DBF
DPMN,10DPMN,M,NS,00,48,12,156.01,393,195.42,194.32,17.535510,2.020000,1000.00,cifi0007.DBF
DPMN,10DPMN,M,NS,00,48,13,174.41,425,215.55,214.25,17.535510,2.020000,1000.00,cifi0007.DBF
DPMN,10DPMN,M,NS,00,48,14,193.25,456,236.02,234.55,17.535510,2.020000,1000.00,cifi0007.DBF
DPMN,10DPMN,M,NS,00,48,15,212.49,485,256.77,255.17,17.535510,2.020000,1000.00,cifi0007.DBF
DPMN,10DPMN,M,NS,00,48,16,232.12,514,277.79,276.05,17.535510,2.020000,1000.00,cifi0007.DBF
DPMN,10DPMN,M,NS,00,48,17,252.11,541,299.05,297.19,17.535510,2.020000,1000.00,cifi0007.DBF
DPMN,10DPMN,M,NS,00,48,18,272.48,567,320.56,318.57,17.535510,2.020000,1000.00,cifi0007.DBF
DPMN,10DPMN,M,NS,00,48,19,293.22,592,342.31,340.20,17.535510,2.020000,1000.00,cifi0007.DBF
DPMN,10DPMN,M,NS,00,48,20,314.36,616,364.32,362.08,17.535510,2.020000,1000.00,cifi0007.DBF
DPMN,10DPMN,M,NS,00,48,21,335.88,639,386.57,384.21,17.535510,2.020000,1000.00,cifi0007.DBF
DPMN,10DPMN,M,NS,00,48,22,357.76,661,409.04,406.57,17.535510,2.020000,1000.00,cifi0007.DBF
DPMN,10DPMN,M,NS,00,48,23,379.95,682,431.66,429.12,17.535510,2.020000,1000.00,cifi0007.DBF
DPMN,10DPMN,M,NS,00,48,24,402.37,702,454.38,451.79,17.535510,2.020000,1000.00,cifi0007.DBF
DPMN,10DPMN,M,NS,00,48,25,424.94,721,477.09,474.50,17.535510,2.020000,1000.00,cifi0007.DBF
DPMN,10DPMN,M,NS,00,48,26,447.56,739,499.72,497.17,17.535510,2.020000,1000.00,cifi0007.DBF
DPMN,10DPMN,M,NS,00,48,27,470.18,756,522.22,519.74,17.535510,2.020000,1000.00,cifi0007.DBF
DPMN,10DPMN,M,NS,00,48,28,492.76,773,544.54,542.15,17.535510,2.020000,1000.00,cifi0007.DBF
DPMN,10DPMN,M,NS,00,48,29,515.30,788,566.69,564.39,17.535510,2.020000,1000.00,cifi0007.DBF
DPMN,10DPMN,M,NS,00,48,30,537.79,803,588.67,586.45,17.535510,2.020000,1000.00,cifi0007.DBF
DPMN,10DPMN,M,NS,00,48,31,560.22,817,610.45,608.33,17.535510,2.020000,1000.00,cifi0007.DBF
DPMN,10DPMN,M,NS,00,48,32,582.53,830,631.99,629.99,17.535510,2.020000,1000.00,cifi0007.DBF
DPMN,10DPMN,M,NS,00,48,33,604.63,843,653.21,651.37,17.535510,2.020000,1000.00,cifi0007.DBF
DPMN,10DPMN,M,NS,00,48,34,626.41,855,674.01,672.38,17.535510,2.020000,1000.00,cifi0007.DBF
DPMN,10DPMN,M,NS,00,48,35,647.84,866,694.36,692.95,17.535510,2.020000,1000.00,cifi0007.DBF
DPMN,10DPMN,M,NS,00,48,36,668.81,876,714.17,713.03,17.535510,2.020000,1000.00,cifi0007.DBF
DPMN,10DPMN,M,NS,00,48,37,689.19,886,733.32,732.51,17.535510,2.020000,1000.00,cifi0007.DBF
DPMN,10DPMN,M,NS,00,48,38,708.86,895,751.71,751.28,17.535510,2.020000,1000.00,cifi0007.DBF
DPMN,10DPMN,M,NS,00,48,39,727.66,904,769.20,769.22,17.535510,2.020000,1000.00,cifi0007.DBF
DPMN,10DPMN,M,NS,00,48,40,745.44,911,785.67,786.21,17.535510,2.020000,1000.00,cifi0007.DBF
DPMN,10DPMN,M,NS,00,48,41,762.09,918,801.01,802.11,17.535510,2.020000,1000.00,cifi0007.DBF
DPMN,10DPMN,M,NS,00,48,42,777.63,925,815.25,816.90,17.535510,2.020000,1000.00,cifi0007.DBF
DPMN,10DPMN,M,NS,00,48,43,792.14,931,828.46,830.63,17.535510,2.020000,1000.00,cifi0007.DBF
DPMN,10DPMN,M,NS,00,48,44,805.85,936,840.86,843.43,17.535510,2.020000,1000.00,cifi0007.DBF
DPMN,10DPMN,M,NS,00,48,45,819.16,941,852.76,855.58,17.535510,2.020000,1000.00,cifi0007.DBF
DPMN,10DPMN,M,NS,00,48,46,832.59,946,864.62,867.46,17.535510,2.020000,1000.00,cifi0007.DBF
DPMN,10DPMN,M,NS,00,48,47,847.03,951,877.15,879.65,17.535510,2.020000,1000.00,cifi0007.DBF
DPMN,10DPMN,M,NS,00,48,48,863.85,957,891.48,893.09,17.535510,2.020000,1000.00,cifi0007.DBF
DPMN,10DPMN,M,NS,00,48,49,884.04,964,908.31,908.67,17.535510,2.020000,1000.00,cifi0007.DBF
DPMN,10DPMN,M,NS,00,48,50,910.04,973,929.46,927.66,17.535510,2.020000,1000.00,cifi0007.DBF
DPMN,10DPMN,M,NS,00,48,51,946.09,984,958.09,952.55,17.535510,2.020000,1000.00,cifi0007.DBF
DPMN,10DPMN,M,NS,00,48,52,1000.00,1000,1000.00,987.81,17.535510,2.020000,1000.00,cifi0007.DBF
DPMN,10DPMN,M,NS,00,49,1,0.00,0,0.00,1.05,2.108680,2.108680,1000.00,cifi0007.DBF
DPMN,10DPMN,M,NS,00,49,2,0.00,0,16.59,17.44,18.286250,2.108680,1000.00,cifi0007.DBF
DPMN,10DPMN,M,NS,00,49,3,13.57,45,33.55,34.21,18.286250,2.108680,1000.00,cifi0007.DBF
DPMN,10DPMN,M,NS,00,49,4,28.39,90,50.85,51.34,18.286250,2.108680,1000.00,cifi0007.DBF
DPMN,10DPMN,M,NS,00,49,5,43.60,134,68.49,68.81,18.286250,2.108680,1000.00,cifi0007.DBF
DPMN,10DPMN,M,NS,00,49,6,59.22,176,86.46,86.62,18.286250,2.108680,1000.00,cifi0007.DBF
DPMN,10DPMN,M,NS,00,49,7,75.28,216,104.79,104.77,18.286250,2.108680,1000.00,cifi0007.DBF
DPMN,10DPMN,M,NS,00,49,8,91.81,255,123.53,123.30,18.286250,2.108680,1000.00,cifi0007.DBF
DPMN,10DPMN,M,NS,00,49,9,108.86,293,142.69,142.25,18.286250,2.108680,1000.00,cifi0007.DBF
DPMN,10DPMN,M,NS,00,49,10,126.46,329,162.31,161.64,18.286250,2.108680,1000.00,cifi0007.DBF
DPMN,10DPMN,M,NS,00,49,11,144.59,364,182.35,181.47,18.286250,2.108680,1000.00,cifi0007.DBF
DPMN,10DPMN,M,NS,00,49,12,163.24,398,202.81,201.73,18.286250,2.108680,1000.00,cifi0007.DBF
DPMN,10DPMN,M,NS,00,49,13,182.34,430,223.61,222.35,18.286250,2.108680,1000.00,cifi0007.DBF
DPMN,10DPMN,M,NS,00,49,14,201.84,461,244.69,243.29,18.286250,2.108680,1000.00,cifi0007.DBF
DPMN,10DPMN,M,NS,00,49,15,221.73,491,266.04,264.51,18.286250,2.108680,1000.00,cifi0007.DBF
DPMN,10DPMN,M,NS,00,49,16,242.00,519,287.64,285.99,18.286250,2.108680,1000.00,cifi0007.DBF
DPMN,10DPMN,M,NS,00,49,17,262.64,547,309.49,307.71,18.286250,2.108680,1000.00,cifi0007.DBF
DPMN,10DPMN,M,NS,00,49,18,283.66,573,331.59,329.69,18.286250,2.108680,1000.00,cifi0007.DBF
DPMN,10DPMN,M,NS,00,49,19,305.08,598,353.95,351.91,18.286250,2.108680,1000.00,cifi0007.DBF
DPMN,10DPMN,M,NS,00,49,20,326.89,622,376.55,374.40,18.286250,2.108680,1000.00,cifi0007.DBF
DPMN,10DPMN,M,NS,00,49,21,349.07,645,399.38,397.11,18.286250,2.108680,1000.00,cifi0007.DBF
DPMN,10DPMN,M,NS,00,49,22,371.56,667,422.37,420.02,18.286250,2.108680,1000.00,cifi0007.DBF
DPMN,10DPMN,M,NS,00,49,23,394.29,688,445.45,443.05,18.286250,2.108680,1000.00,cifi0007.DBF
DPMN,10DPMN,M,NS,00,49,24,417.16,708,468.52,466.13,18.286250,2.108680,1000.00,cifi0007.DBF
DPMN,10DPMN,M,NS,00,49,25,440.09,727,491.51,489.16,18.286250,2.108680,1000.00,cifi0007.DBF
DPMN,10DPMN,M,NS,00,49,26,463.01,745,514.36,512.08,18.286250,2.108680,1000.00,cifi0007.DBF
DPMN,10DPMN,M,NS,00,49,27,485.90,762,537.05,534.85,18.286250,2.108680,1000.00,cifi0007.DBF
DPMN,10DPMN,M,NS,00,49,28,508.75,778,559.55,557.44,18.286250,2.108680,1000.00,cifi0007.DBF
DPMN,10DPMN,M,NS,00,49,29,531.54,794,581.87,579.86,18.286250,2.108680,1000.00,cifi0007.DBF
DPMN,10DPMN,M,NS,00,49,30,554.27,808,604.00,602.08,18.286250,2.108680,1000.00,cifi0007.DBF
DPMN,10DPMN,M,NS,00,49,31,576.88,822,625.89,624.09,18.286250,2.108680,1000.00,cifi0007.DBF
DPMN,10DPMN,M,NS,00,49,32,599.28,835,647.45,645.81,18.286250,2.108680,1000.00,cifi0007.DBF
DPMN,10DPMN,M,NS,00,49,33,621.35,848,668.58,667.16,18.286250,2.108680,1000.00,cifi0007.DBF
DPMN,10DPMN,M,NS,00,49,34,643.07,859,689.25,688.06,18.286250,2.108680,1000.00,cifi0007.DBF
DPMN,10DPMN,M,NS,00,49,35,664.33,870,709.38,708.46,18.286250,2.108680,1000.00,cifi0007.DBF
DPMN,10DPMN,M,NS,00,49,36,684.99,881,728.84,728.25,18.286250,2.108680,1000.00,cifi0007.DBF
DPMN,10DPMN,M,NS,00,49,37,704.92,890,747.52,747.32,18.286250,2.108680,1000.00,cifi0007.DBF
DPMN,10DPMN,M,NS,00,49,38,723.98,899,765.29,765.55,18.286250,2.108680,1000.00,cifi0007.DBF
DPMN,10DPMN,M,NS,00,49,39,742.00,907,782.02,782.80,18.286250,2.108680,1000.00,cifi0007.DBF
DPMN,10DPMN,M,NS,00,49,40,758.88,915,797.61,798.96,18.286250,2.108680,1000.00,cifi0007.DBF
DPMN,10DPMN,M,NS,00,49,41,774.62,921,812.08,813.99,18.286250,2.108680,1000.00,cifi0007.DBF
DPMN,10DPMN,M,NS,00,49,42,789.32,927,825.50,827.94,18.286250,2.108680,1000.00,cifi0007.DBF
DPMN,10DPMN,M,NS,00,49,43,803.22,933,838.10,840.94,18.286250,2.108680,1000.00,cifi0007.DBF
DPMN,10DPMN,M,NS,00,49,44,816.71,938,850.20,853.29,18.286250,2.108680,1000.00,cifi0007.DBF
DPMN,10DPMN,M,NS,00,49,45,830.32,943,862.25,865.37,18.286250,2.108680,1000.00,cifi0007.DBF
DPMN,10DPMN,M,NS,00,49,46,844.96,949,875.00,877.77,18.286250,2.108680,1000.00,cifi0007.DBF
DPMN,10DPMN,M,NS,00,49,47,862.00,955,889.57,891.43,18.286250,2.108680,1000.00,cifi0007.DBF
DPMN,10DPMN,M,NS,00,49,48,882.47,963,906.69,907.27,18.286250,2.108680,1000.00,cifi0007.DBF
DPMN,10DPMN,M,NS,00,49,49,908.82,972,928.21,926.59,18.286250,2.108680,1000.00,cifi0007.DBF
DPMN,10DPMN,M,NS,00,49,50,945.36,984,957.34,951.92,18.286250,2.108680,1000.00,cifi0007.DBF
DPMN,10DPMN,M,NS,00,49,51,1000.00,1000,1000.00,987.81,18.286250,2.108680,1000.00,cifi0007.DBF
DPMN,10DPMN,M,NS,00,50,1,0.00,0,0.00,1.11,2.217070,2.217070,1000.00,cifi0007.DBF
DPMN,10DPMN,M,NS,00,50,2,0.00,0,17.24,18.16,19.081340,2.217070,1000.00,cifi0007.DBF
DPMN,10DPMN,M,NS,00,50,3,14.59,47,34.83,35.58,19.081340,2.217070,1000.00,cifi0007.DBF
DPMN,10DPMN,M,NS,00,50,4,30.02,92,52.76,53.34,19.081340,2.217070,1000.00,cifi0007.DBF
DPMN,10DPMN,M,NS,00,50,5,45.86,136,71.03,71.44,19.081340,2.217070,1000.00,cifi0007.DBF
DPMN,10DPMN,M,NS,00,50,6,62.15,179,89.67,89.89,19.081340,2.217070,1000.00,cifi0007.DBF
DPMN,10DPMN,M,NS,00,50,7,78.92,219,108.72,108.74,19.081340,2.217070,1000.00,cifi0007.DBF
DPMN,10DPMN,M,NS,00,50,8,96.21,259,128.20,128.00,19.081340,2.217070,1000.00,cifi0007.DBF
DPMN,10DPMN,M,NS,00,50,9,114.06,297,148.14,147.71,19.081340,2.217070,1000.00,cifi0007.DBF
DPMN,10DPMN,M,NS,00,50,10,132.45,333,168.52,167.87,19.081340,2.217070,1000.00,cifi0007.DBF
DPMN,10DPMN,M,NS,00,50,11,151.36,369,189.32,188.46,19.081340,2.217070,1000.00,cifi0007.DBF
DPMN,10DPMN,M,NS,00,50,12,170.73,403,210.46,209.43,19.081340,2.217070,1000.00,cifi0007.DBF
DPMN,10DPMN,M,NS,00,50,13,190.51,435,231.89,230.72,19.081340,2.217070,1000.00,cifi0007.DBF
DPMN,10DPMN,M,NS,00,50,14,210.68,466,253.60,252.29,19.081340,2.217070,1000.00,cifi0007.DBF
DPMN,10DPMN,M,NS,00,50,15,231.23,496,275.56,274.12,19.081340,2.217070,1000.00,cifi0007.DBF
DPMN,10DPMN,M,NS,00,50,16,252.17,525,297.77,296.21,19.081340,2.217070,1000.00,cifi0007.DBF
DPMN,10DPMN,M,NS,00,50,17,273.49,552,320.24,318.55,19.081340,2.217070,1000.00,cifi0007.DBF
DPMN,10DPMN,M,NS,00,50,18,295.21,578,342.97,341.14,19.081340,2.217070,1000.00,cifi0007.DBF
DPMN,10DPMN,M,NS,00,50,19,317.34,604,365.95,364.00,19.081340,2.217070,1000.00,cifi0007.DBF
DPMN,10DPMN,M,NS,00,50,20,339.83,628,389.15,387.09,19.081340,2.217070,1000.00,cifi0007.DBF
DPMN,10DPMN,M,NS,00,50,21,362.64,651,412.52,410.38,19.081340,2.217070,1000.00,cifi0007.DBF
DPMN,10DPMN,M,NS,00,50,22,385.69,673,435.98,433.79,19.081340,2.217070,1000.00,cifi0007.DBF
DPMN,10DPMN,M,NS,00,50,23,408.88,694,459.44,457.25,19.081340,2.217070,1000.00,cifi0007.DBF
DPMN,10DPMN,M,NS,00,50,24,432.14,714,482.82,480.67,19.081340,2.217070,1000.00,cifi0007.DBF
DPMN,10DPMN,M,NS,00,50,25,455.39,733,506.05,503.97,19.081340,2.217070,1000.00,cifi0007.DBF
DPMN,10DPMN,M,NS,00,50,26,478.60,750,529.11,527.12,19.081340,2.217070,1000.00,cifi0007.DBF
DPMN,10DPMN,M,NS,00,50,27,501.77,767,551.99,550.09,19.081340,2.217070,1000.00,cifi0007.DBF
DPMN,10DPMN,M,NS,00,50,28,524.89,784,574.68,572.87,19.081340,2.217070,1000.00,cifi0007.DBF
DPMN,10DPMN,M,NS,00,50,29,547.94,799,597.18,595.47,19.081340,2.217070,1000.00,cifi0007.DBF
DPMN,10DPMN,M,NS,00,50,30,570.87,813,619.43,617.84,19.081340,2.217070,1000.00,cifi0007.DBF
DPMN,10DPMN,M,NS,00,50,31,593.59,827,641.35,639.93,19.081340,2.217070,1000.00,cifi0007.DBF
DPMN,10DPMN,M,NS,00,50,32,615.98,840,662.83,661.63,19.081340,2.217070,1000.00,cifi0007.DBF
DPMN,10DPMN,M,NS,00,50,33,638.01,853,683.85,682.88,19.081340,2.217070,1000.00,cifi0007.DBF
DPMN,10DPMN,M,NS,00,50,34,659.56,864,704.30,703.62,19.081340,2.217070,1000.00,cifi0007.DBF
DPMN,10DPMN,M,NS,00,50,35,680.51,875,724.09,723.74,19.081340,2.217070,1000.00,cifi0007.DBF
DPMN,10DPMN,M,NS,00,50,36,700.73,885,743.08,743.13,19.081340,2.217070,1000.00,cifi0007.DBF
DPMN,10DPMN,M,NS,00,50,37,720.06,894,761.15,761.66,19.081340,2.217070,1000.00,cifi0007.DBF
DPMN,10DPMN,M,NS,00,50,38,738.34,903,778.16,779.20,19.081340,2.217070,1000.00,cifi0007.DBF
DPMN,10DPMN,M,NS,00,50,39,755.45,910,794.01,795.63,19.081340,2.217070,1000.00,cifi0007.DBF
DPMN,10DPMN,M,NS,00,50,40,771.42,917,808.72,810.91,19.081340,2.217070,1000.00,cifi0007.DBF
DPMN,10DPMN,M,NS,00,50,41,786.33,924,822.37,825.09,19.081340,2.217070,1000.00,cifi0007.DBF
DPMN,10DPMN,M,NS,00,50,42,800.43,930,835.18,838.32,19.081340,2.217070,1000.00,cifi0007.DBF
DPMN,10DPMN,M,NS,00,50,43,814.11,935,847.48,850.87,19.081340,2.217070,1000.00,cifi0007.DBF
DPMN,10DPMN,M,NS,00,50,44,827.92,941,859.74,863.15,19.081340,2.217070,1000.00,cifi0007.DBF
DPMN,10DPMN,M,NS,00,50,45,842.76,946,872.71,875.77,19.081340,2.217070,1000.00,cifi0007.DBF
DPMN,10DPMN,M,NS,00,50,46,860.04,953,887.54,889.67,19.081340,2.217070,1000.00,cifi0007.DBF
DPMN,10DPMN,M,NS,00,50,47,880.80,961,904.96,905.79,19.081340,2.217070,1000.00,cifi0007.DBF
DPMN,10DPMN,M,NS,00,50,48,907.53,970,926.87,925.46,19.081340,2.217070,1000.00,cifi0007.DBF
DPMN,10DPMN,M,NS,00,50,49,944.58,983,956.55,951.25,19.081340,2.217070,1000.00,cifi0007.DBF
DPMN,10DPMN,M,NS,00,50,50,1000.00,1000,1000.00,987.81,19.081340,2.217070,1000.00,cifi0007.DBF
DPMN,10DPMN,M,NS,00,51,1,0.00,0,0.00,1.19,2.384580,2.384580,1000.00,cifi0007.DBF
DPMN,10DPMN,M,NS,00,51,2,0.00,0,17.90,18.91,19.921910,2.384580,1000.00,cifi0007.DBF
DPMN,10DPMN,M,NS,00,51,3,15.57,48,36.13,36.98,19.921910,2.384580,1000.00,cifi0007.DBF
DPMN,10DPMN,M,NS,00,51,4,31.65,94,54.72,55.39,19.921910,2.384580,1000.00,cifi0007.DBF
DPMN,10DPMN,M,NS,00,51,5,48.17,138,73.68,74.17,19.921910,2.384580,1000.00,cifi0007.DBF
DPMN,10DPMN,M,NS,00,51,6,65.19,181,93.06,93.33,19.921910,2.384580,1000.00,cifi0007.DBF
DPMN,10DPMN,M,NS,00,51,7,82.74,222,112.88,112.93,19.921910,2.384580,1000.00,cifi0007.DBF
DPMN,10DPMN,M,NS,00,51,8,100.85,262,133.16,132.98,19.921910,2.384580,1000.00,cifi0007.DBF
DPMN,10DPMN,M,NS,00,51,9,119.52,301,153.90,153.49,19.921910,2.384580,1000.00,cifi0007.DBF
DPMN,10DPMN,M,NS,00,51,10,138.71,338,175.05,174.43,19.921910,2.384580,1000.00,cifi0007.DBF
DPMN,10DPMN,M,NS,00,51,11,158.37,374,196.56,195.77,19.921910,2.384580,1000.00,cifi0007.DBF
DPMN,10DPMN,M,NS,00,51,12,178.45,408,218.36,217.42,19.921910,2.384580,1000.00,cifi0007.DBF
DPMN,10DPMN,M,NS,00,51,13,198.92,440,240.45,239.37,19.921910,2.384580,1000.00,cifi0007.DBF
DPMN,10DPMN,M,NS,00,51,14,219.78,472,262.79,261.58,19.921910,2.384580,1000.00,cifi0007.DBF
DPMN,10DPMN,M,NS,00,51,15,241.02,502,285.38,284.04,19.921910,2.384580,1000.00,cifi0007.DBF
DPMN,10DPMN,M,NS,00,51,16,262.66,530,308.24,306.77,19.921910,2.384580,1000.00,cifi0007.DBF
DPMN,10DPMN,M,NS,00,51,17,284.71,558,331.36,329.76,19.921910,2.384580,1000.00,cifi0007.DBF
DPMN,10DPMN,M,NS,00,51,18,307.16,584,354.74,353.01,19.921910,2.384580,1000.00,cifi0007.DBF
DPMN,10DPMN,M,NS,00,51,19,329.99,610,378.34,376.50,19.921910,2.384580,1000.00,cifi0007.DBF
DPMN,10DPMN,M,NS,00,51,20,353.14,634,402.12,400.19,19.921910,2.384580,1000.00,cifi0007.DBF
DPMN,10DPMN,M,NS,00,51,21,376.54,657,425.98,424.01,19.921910,2.384580,1000.00,cifi0007.DBF
DPMN,10DPMN,M,NS,00,51,22,400.07,679,449.84,447.87,19.921910,2.384580,1000.00,cifi0007.DBF
DPMN,10DPMN,M,NS,00,51,23,423.68,700,473.62,471.69,19.921910,2.384580,1000.00,cifi0007.DBF
DPMN,10DPMN,M,NS,00,51,24,447.27,720,497.26,495.40,19.921910,2.384580,1000.00,cifi0007.DBF
DPMN,10DPMN,M,NS,00,51,25,470.83,738,520.72,518.95,19.921910,2.384580,1000.00,cifi0007.DBF
DPMN,10DPMN,M,NS,00,51,26,494.35,756,543.99,542.31,19.921910,2.384580,1000.00,cifi0007.DBF
DPMN,10DPMN,M,NS,00,51,27,517.81,773,567.08,565.49,19.921910,2.384580,1000.00,cifi0007.DBF
DPMN,10DPMN,M,NS,00,51,28,541.21,789,589.96,588.48,19.921910,2.384580,1000.00,cifi0007.DBF
DPMN,10DPMN,M,NS,00,51,29,564.48,804,612.60,611.24,19.921910,2.384580,1000.00,cifi0007.DBF
DPMN,10DPMN,M,NS,00,51,30,587.53,819,634.89,633.71,19.921910,2.384580,1000.00,cifi0007.DBF
DPMN,10DPMN,M,NS,00,51,31,610.26,832,656.75,655.78,19.921910,2.384580,1000.00,cifi0007.DBF
DPMN,10DPMN,M,NS,00,51,32,632.61,845,678.13,677.40,19.921910,2.384580,1000.00,cifi0007.DBF
DPMN,10DPMN,M,NS,00,51,33,654.49,857,698.94,698.50,19.921910,2.384580,1000.00,cifi0007.DBF
DPMN,10DPMN,M,NS,00,51,34,675.75,869,719.07,718.97,19.921910,2.384580,1000.00,cifi0007.DBF
DPMN,10DPMN,M,NS,00,51,35,696.27,879,738.39,738.69,19.921910,2.384580,1000.00,cifi0007.DBF
DPMN,10DPMN,M,NS,00,51,36,715.88,889,756.77,757.54,19.921910,2.384580,1000.00,cifi0007.DBF
DPMN,10DPMN,M,NS,00,51,37,734.44,898,774.08,775.39,19.921910,2.384580,1000.00,cifi0007.DBF
DPMN,10DPMN,M,NS,00,51,38,751.81,906,790.20,792.10,19.921910,2.384580,1000.00,cifi0007.DBF
DPMN,10DPMN,M,NS,00,51,39,768.02,913,805.17,807.65,19.921910,2.384580,1000.00,cifi0007.DBF
DPMN,10DPMN,M,NS,00,51,40,783.15,920,819.06,822.08,19.921910,2.384580,1000.00,cifi0007.DBF
DPMN,10DPMN,M,NS,00,51,41,797.45,926,832.09,835.54,19.921910,2.384580,1000.00,cifi0007.DBF
DPMN,10DPMN,M,NS,00,51,42,811.34,932,844.61,848.31,19.921910,2.384580,1000.00,cifi0007.DBF
DPMN,10DPMN,M,NS,00,51,43,825.35,938,857.09,860.81,19.921910,2.384580,1000.00,cifi0007.DBF
DPMN,10DPMN,M,NS,00,51,44,840.42,944,870.30,873.65,19.921910,2.384580,1000.00,cifi0007.DBF
DPMN,10DPMN,M,NS,00,51,45,857.96,951,885.40,887.81,19.921910,2.384580,1000.00,cifi0007.DBF
DPMN,10DPMN,M,NS,00,51,46,879.02,959,903.14,904.23,19.921910,2.384580,1000.00,cifi0007.DBF
DPMN,10DPMN,M,NS,00,51,47,906.15,969,925.47,924.27,19.921910,2.384580,1000.00,cifi0007.DBF
DPMN,10DPMN,M,NS,00,51,48,943.75,982,955.71,950.55,19.921910,2.384580,1000.00,cifi0007.DBF
DPMN,10DPMN,M,NS,00,51,49,1000.00,1000,1000.00,987.81,19.921910,2.384580,1000.00,cifi0007.DBF
DPMN,10DPMN,M,NS,00,52,1,0.00,0,0.00,1.30,2.591510,2.591510,1000.00,cifi0007.DBF
DPMN,10DPMN,M,NS,00,52,2,0.22,1,18.57,19.69,20.810220,2.591510,1000.00,cifi0007.DBF
DPMN,10DPMN,M,NS,00,52,3,16.55,49,37.49,38.43,20.810220,2.591510,1000.00,cifi0007.DBF
DPMN,10DPMN,M,NS,00,52,4,33.33,96,56.79,57.54,20.810220,2.591510,1000.00,cifi0007.DBF
DPMN,10DPMN,M,NS,00,52,5,50.62,141,76.51,77.06,20.810220,2.591510,1000.00,cifi0007.DBF
DPMN,10DPMN,M,NS,00,52,6,68.45,184,96.69,97.00,20.810220,2.591510,1000.00,cifi0007.DBF
DPMN,10DPMN,M,NS,00,52,7,86.84,226,117.33,117.42,20.810220,2.591510,1000.00,cifi0007.DBF
DPMN,10DPMN,M,NS,00,52,8,105.79,266,138.44,138.29,20.810220,2.591510,1000.00,cifi0007.DBF
DPMN,10DPMN,M,NS,00,52,9,125.29,305,159.98,159.61,20.810220,2.591510,1000.00,cifi0007.DBF
DPMN,10DPMN,M,NS,00,52,10,145.25,343,181.87,181.33,20.810220,2.591510,1000.00,cifi0007.DBF
DPMN,10DPMN,M,NS,00,52,11,165.64,378,204.06,203.37,20.810220,2.591510,1000.00,cifi0007.DBF
DPMN,10DPMN,M,NS,00,52,12,186.43,413,226.54,225.71,20.810220,2.591510,1000.00,cifi0007.DBF
DPMN,10DPMN,M,NS,00,52,13,207.62,446,249.29,248.32,20.810220,2.591510,1000.00,cifi0007.DBF
DPMN,10DPMN,M,NS,00,52,14,229.19,477,272.29,271.19,20.810220,2.591510,1000.00,cifi0007.DBF
DPMN,10DPMN,M,NS,00,52,15,251.17,507,295.55,294.32,20.810220,2.591510,1000.00,cifi0007.DBF
DPMN,10DPMN,M,NS,00,52,16,273.56,536,319.09,317.73,20.810220,2.591510,1000.00,cifi0007.DBF
DPMN,10DPMN,M,NS,00,52,17,296.36,564,342.89,341.39,20.810220,2.591510,1000.00,cifi0007.DBF
DPMN,10DPMN,M,NS,00,52,18,319.55,590,366.92,365.31,20.810220,2.591510,1000.00,cifi0007.DBF
DPMN,10DPMN,M,NS,00,52,19,343.06,616,391.12,389.42,20.810220,2.591510,1000.00,cifi0007.DBF
DPMN,10DPMN,M,NS,00,52,20,366.82,640,415.41,413.67,20.810220,2.591510,1000.00,cifi0007.DBF
DPMN,10DPMN,M,NS,00,52,21,390.72,663,439.70,437.96,20.810220,2.591510,1000.00,cifi0007.DBF
DPMN,10DPMN,M,NS,00,52,22,414.69,685,463.91,462.21,20.810220,2.591510,1000.00,cifi0007.DBF
DPMN,10DPMN,M,NS,00,52,23,438.66,706,487.97,486.34,20.810220,2.591510,1000.00,cifi0007.DBF
DPMN,10DPMN,M,NS,00,52,24,462.58,725,511.85,510.31,20.810220,2.591510,1000.00,cifi0007.DBF
DPMN,10DPMN,M,NS,00,52,25,486.46,744,535.54,534.10,20.810220,2.591510,1000.00,cifi0007.DBF
DPMN,10DPMN,M,NS,00,52,26,510.29,762,559.04,557.70,20.810220,2.591510,1000.00,cifi0007.DBF
DPMN,10DPMN,M,NS,00,52,27,534.05,779,582.34,581.09,20.810220,2.591510,1000.00,cifi0007.DBF
DPMN,10DPMN,M,NS,00,52,28,557.69,795,605.38,604.26,20.810220,2.591510,1000.00,cifi0007.DBF
DPMN,10DPMN,M,NS,00,52,29,581.10,810,628.08,627.13,20.810220,2.591510,1000.00,cifi0007.DBF
DPMN,10DPMN,M,NS,00,52,30,604.18,824,650.32,649.60,20.810220,2.591510,1000.00,cifi0007.DBF
DPMN,10DPMN,M,NS,00,52,31,626.89,838,672.09,671.61,20.810220,2.591510,1000.00,cifi0007.DBF
DPMN,10DPMN,M,NS,00,52,32,649.10,850,693.27,693.09,20.810220,2.591510,1000.00,cifi0007.DBF
DPMN,10DPMN,M,NS,00,52,33,670.70,862,713.77,713.93,20.810220,2.591510,1000.00,cifi0007.DBF
DPMN,10DPMN,M,NS,00,52,34,691.54,873,733.44,734.01,20.810220,2.591510,1000.00,cifi0007.DBF
DPMN,10DPMN,M,NS,00,52,35,711.46,884,752.15,753.20,20.810220,2.591510,1000.00,cifi0007.DBF
DPMN,10DPMN,M,NS,00,52,36,730.30,893,769.77,771.36,20.810220,2.591510,1000.00,cifi0007.DBF
DPMN,10DPMN,M,NS,00,52,37,747.94,901,786.18,788.38,20.810220,2.591510,1000.00,cifi0007.DBF
DPMN,10DPMN,M,NS,00,52,38,764.40,909,801.42,804.20,20.810220,2.591510,1000.00,cifi0007.DBF
DPMN,10DPMN,M,NS,00,52,39,779.77,916,815.56,818.89,20.810220,2.591510,1000.00,cifi0007.DBF
DPMN,10DPMN,M,NS,00,52,40,794.30,922,828.83,832.60,20.810220,2.591510,1000.00,cifi0007.DBF
DPMN,10DPMN,M,NS,00,52,41,808.40,929,841.58,845.61,20.810220,2.591510,1000.00,cifi0007.DBF
DPMN,10DPMN,M,NS,00,52,42,822.63,935,854.29,858.34,20.810220,2.591510,1000.00,cifi0007.DBF
DPMN,10DPMN,M,NS,00,52,43,837.93,941,867.74,871.42,20.810220,2.591510,1000.00,cifi0007.DBF
DPMN,10DPMN,M,NS,00,52,44,855.74,948,883.13,885.84,20.810220,2.591510,1000.00,cifi0007.DBF
DPMN,10DPMN,M,NS,00,52,45,877.14,957,901.22,902.58,20.810220,2.591510,1000.00,cifi0007.DBF
DPMN,10DPMN,M,NS,00,52,46,904.69,967,923.98,923.00,20.810220,2.591510,1000.00,cifi0007.DBF
DPMN,10DPMN,M,NS,00,52,47,942.88,981,954.82,949.80,20.810220,2.591510,1000.00,cifi0007.DBF
DPMN,10DPMN,M,NS,00,52,48,1000.00,1000,1000.00,987.81,20.810220,2.591510,1000.00,cifi0007.DBF
DPMN,10DPMN,M,NS,00,53,1,0.00,0,0.00,1.42,2.837850,2.837850,1000.00,cifi0007.DBF
DPMN,10DPMN,M,NS,00,53,2,0.53,2,19.27,20.51,21.748850,2.837850,1000.00,cifi0007.DBF
DPMN,10DPMN,M,NS,00,53,3,17.59,51,38.94,39.98,21.748850,2.837850,1000.00,cifi0007.DBF
DPMN,10DPMN,M,NS,00,53,4,35.15,98,59.03,59.86,21.748850,2.837850,1000.00,cifi0007.DBF
DPMN,10DPMN,M,NS,00,53,5,53.27,143,79.58,80.18,21.748850,2.837850,1000.00,cifi0007.DBF
DPMN,10DPMN,M,NS,00,53,6,71.96,187,100.61,100.97,21.748850,2.837850,1000.00,cifi0007.DBF
DPMN,10DPMN,M,NS,00,53,7,91.23,230,122.11,122.23,21.748850,2.837850,1000.00,cifi0007.DBF
DPMN,10DPMN,M,NS,00,53,8,111.04,271,144.05,143.95,21.748850,2.837850,1000.00,cifi0007.DBF
DPMN,10DPMN,M,NS,00,53,9,131.33,310,166.35,166.07,21.748850,2.837850,1000.00,cifi0007.DBF
DPMN,10DPMN,M,NS,00,53,10,152.05,347,188.96,188.53,21.748850,2.837850,1000.00,cifi0007.DBF
DPMN,10DPMN,M,NS,00,53,11,173.18,383,211.86,211.28,21.748850,2.837850,1000.00,cifi0007.DBF
DPMN,10DPMN,M,NS,00,53,12,194.71,418,235.02,234.31,21.748850,2.837850,1000.00,cifi0007.DBF
DPMN,10DPMN,M,NS,00,53,13,216.63,451,258.45,257.61,21.748850,2.837850,1000.00,cifi0007.DBF
DPMN,10DPMN,M,NS,00,53,14,238.97,482,282.15,281.17,21.748850,2.837850,1000.00,cifi0007.DBF
DPMN,10DPMN,M,NS,00,53,15,261.73,513,306.13,305.01,21.748850,2.837850,1000.00,cifi0007.DBF
DPMN,10DPMN,M,NS,00,53,16,284.90,542,330.37,329.12,21.748850,2.837850,1000.00,cifi0007.DBF
DPMN,10DPMN,M,NS,00,53,17,308.46,570,354.84,353.48,21.748850,2.837850,1000.00,cifi0007.DBF
DPMN,10DPMN,M,NS,00,53,18,332.36,596,379.50,378.04,21.748850,2.837850,1000.00,cifi0007.DBF
DPMN,10DPMN,M,NS,00,53,19,356.50,622,404.24,402.74,21.748850,2.837850,1000.00,cifi0007.DBF
DPMN,10DPMN,M,NS,00,53,20,380.80,646,428.99,427.49,21.748850,2.837850,1000.00,cifi0007.DBF
DPMN,10DPMN,M,NS,00,53,21,405.16,669,453.64,452.19,21.748850,2.837850,1000.00,cifi0007.DBF
DPMN,10DPMN,M,NS,00,53,22,429.51,691,478.15,476.77,21.748850,2.837850,1000.00,cifi0007.DBF
DPMN,10DPMN,M,NS,00,53,23,453.83,712,502.48,501.19,21.748850,2.837850,1000.00,cifi0007.DBF
DPMN,10DPMN,M,NS,00,53,24,478.10,731,526.61,525.42,21.748850,2.837850,1000.00,cifi0007.DBF
DPMN,10DPMN,M,NS,00,53,25,502.31,750,550.55,549.45,21.748850,2.837850,1000.00,cifi0007.DBF
DPMN,10DPMN,M,NS,00,53,26,526.46,768,574.28,573.29,21.748850,2.837850,1000.00,cifi0007.DBF
DPMN,10DPMN,M,NS,00,53,27,550.48,784,597.75,596.89,21.748850,2.837850,1000.00,cifi0007.DBF
DPMN,10DPMN,M,NS,00,53,28,574.28,800,620.87,620.19,21.748850,2.837850,1000.00,cifi0007.DBF
DPMN,10DPMN,M,NS,00,53,29,597.73,815,643.53,643.08,21.748850,2.837850,1000.00,cifi0007.DBF
DPMN,10DPMN,M,NS,00,53,30,620.81,830,665.71,665.49,21.748850,2.837850,1000.00,cifi0007.DBF
DPMN,10DPMN,M,NS,00,53,31,643.38,843,687.29,687.37,21.748850,2.837850,1000.00,cifi0007.DBF
DPMN,10DPMN,M,NS,00,53,32,665.34,855,708.16,708.60,21.748850,2.837850,1000.00,cifi0007.DBF
DPMN,10DPMN,M,NS,00,53,33,686.51,867,728.20,729.05,21.748850,2.837850,1000.00,cifi0007.DBF
DPMN,10DPMN,M,NS,00,53,34,706.76,878,747.26,748.60,21.748850,2.837850,1000.00,cifi0007.DBF
DPMN,10DPMN,M,NS,00,53,35,725.91,887,765.21,767.11,21.748850,2.837850,1000.00,cifi0007.DBF
DPMN,10DPMN,M,NS,00,53,36,743.83,896,781.93,784.44,21.748850,2.837850,1000.00,cifi0007.DBF
DPMN,10DPMN,M,NS,00,53,37,760.56,904,797.45,800.57,21.748850,2.837850,1000.00,cifi0007.DBF
DPMN,10DPMN,M,NS,00,53,38,776.18,912,811.86,815.53,21.748850,2.837850,1000.00,cifi0007.DBF
DPMN,10DPMN,M,NS,00,53,39,790.95,919,825.38,829.49,21.748850,2.837850,1000.00,cifi0007.DBF
DPMN,10DPMN,M,NS,00,53,40,805.28,925,838.38,842.75,21.748850,2.837850,1000.00,cifi0007.DBF
DPMN,10DPMN,M,NS,00,53,41,819.74,931,851.33,855.73,21.748850,2.837850,1000.00,cifi0007.DBF
DPMN,10DPMN,M,NS,00,53,42,835.29,938,865.04,869.06,21.748850,2.837850,1000.00,cifi0007.DBF
DPMN,10DPMN,M,NS,00,53,43,853.39,946,880.73,883.76,21.748850,2.837850,1000.00,cifi0007.DBF
DPMN,10DPMN,M,NS,00,53,44,875.14,955,899.18,900.83,21.748850,2.837850,1000.00,cifi0007.DBF
DPMN,10DPMN,M,NS,00,53,45,903.14,966,922.41,921.67,21.748850,2.837850,1000.00,cifi0007.DBF
DPMN,10DPMN,M,NS,00,53,46,941.95,980,953.88,949.02,21.748850,2.837850,1000.00,cifi0007.DBF
DPMN,10DPMN,M,NS,00,53,47,1000.00,1000,1000.00,987.81,21.748850,2.837850,1000.00,cifi0007.DBF
DPMN,10DPMN,M,NS,00,54,1,0.00,0,0.00,1.55,3.094050,3.094050,1000.00,cifi0007.DBF
DPMN,10DPMN,M,NS,00,54,2,0.88,3,20.04,21.39,22.742240,3.094050,1000.00,cifi0007.DBF
DPMN,10DPMN,M,NS,00,54,3,18.75,52,40.52,41.65,22.742240,3.094050,1000.00,cifi0007.DBF
DPMN,10DPMN,M,NS,00,54,4,37.17,100,61.47,62.37,22.742240,3.094050,1000.00,cifi0007.DBF
DPMN,10DPMN,M,NS,00,54,5,56.18,146,82.91,83.56,22.742240,3.094050,1000.00,cifi0007.DBF
DPMN,10DPMN,M,NS,00,54,6,75.77,191,104.83,105.24,22.742240,3.094050,1000.00,cifi0007.DBF
DPMN,10DPMN,M,NS,00,54,7,95.92,234,127.19,127.38,22.742240,3.094050,1000.00,cifi0007.DBF
DPMN,10DPMN,M,NS,00,54,8,116.56,275,149.92,149.92,22.742240,3.094050,1000.00,cifi0007.DBF
DPMN,10DPMN,M,NS,00,54,9,137.63,315,172.97,172.82,22.742240,3.094050,1000.00,cifi0007.DBF
DPMN,10DPMN,M,NS,00,54,10,159.12,352,196.31,196.01,22.742240,3.094050,1000.00,cifi0007.DBF
DPMN,10DPMN,M,NS,00,54,11,181.01,389,219.92,219.49,22.742240,3.094050,1000.00,cifi0007.DBF
DPMN,10DPMN,M,NS,00,54,12,203.31,423,243.81,243.24,22.742240,3.094050,1000.00,cifi0007.DBF
DPMN,10DPMN,M,NS,00,54,13,226.03,456,267.96,267.26,22.742240,3.094050,1000.00,cifi0007.DBF
DPMN,10DPMN,M,NS,00,54,14,249.17,488,292.41,291.56,22.742240,3.094050,1000.00,cifi0007.DBF
DPMN,10DPMN,M,NS,00,54,15,272.74,519,317.11,316.13,22.742240,3.094050,1000.00,cifi0007.DBF
DPMN,10DPMN,M,NS,00,54,16,296.70,548,342.07,340.96,22.742240,3.094050,1000.00,cifi0007.DBF
DPMN,10DPMN,M,NS,00,54,17,321.00,576,367.20,366.00,22.742240,3.094050,1000.00,cifi0007.DBF
DPMN,10DPMN,M,NS,00,54,18,345.56,603,392.42,391.18,22.742240,3.094050,1000.00,cifi0007.DBF
DPMN,10DPMN,M,NS,00,54,19,370.27,628,417.65,416.41,22.742240,3.094050,1000.00,cifi0007.DBF
DPMN,10DPMN,M,NS,00,54,20,395.04,652,442.78,441.58,22.742240,3.094050,1000.00,cifi0007.DBF
DPMN,10DPMN,M,NS,00,54,21,419.81,675,467.76,466.64,22.742240,3.094050,1000.00,cifi0007.DBF
DPMN,10DPMN,M,NS,00,54,22,444.54,697,492.56,491.53,22.742240,3.094050,1000.00,cifi0007.DBF
DPMN,10DPMN,M,NS,00,54,23,469.22,718,517.16,516.23,22.742240,3.094050,1000.00,cifi0007.DBF
DPMN,10DPMN,M,NS,00,54,24,493.85,737,541.56,540.73,22.742240,3.094050,1000.00,cifi0007.DBF
DPMN,10DPMN,M,NS,00,54,25,518.41,756,565.75,565.03,22.742240,3.094050,1000.00,cifi0007.DBF
DPMN,10DPMN,M,NS,00,54,26,542.84,774,589.68,589.09,22.742240,3.094050,1000.00,cifi0007.DBF
DPMN,10DPMN,M,NS,00,54,27,567.04,790,613.25,612.83,22.742240,3.094050,1000.00,cifi0007.DBF
DPMN,10DPMN,M,NS,00,54,28,590.89,806,636.34,636.17,22.742240,3.094050,1000.00,cifi0007.DBF
DPMN,10DPMN,M,NS,00,54,29,614.36,821,658.95,659.02,22.742240,3.094050,1000.00,cifi0007.DBF
DPMN,10DPMN,M,NS,00,54,30,637.32,835,680.95,681.32,22.742240,3.094050,1000.00,cifi0007.DBF
DPMN,10DPMN,M,NS,00,54,31,659.64,848,702.23,702.96,22.742240,3.094050,1000.00,cifi0007.DBF
DPMN,10DPMN,M,NS,00,54,32,681.18,860,722.65,723.81,22.742240,3.094050,1000.00,cifi0007.DBF
DPMN,10DPMN,M,NS,00,54,33,701.77,871,742.09,743.74,22.742240,3.094050,1000.00,cifi0007.DBF
DPMN,10DPMN,M,NS,00,54,34,721.24,882,760.38,762.61,22.742240,3.094050,1000.00,cifi0007.DBF
DPMN,10DPMN,M,NS,00,54,35,739.48,891,777.43,780.28,22.742240,3.094050,1000.00,cifi0007.DBF
DPMN,10DPMN,M,NS,00,54,36,756.49,900,793.26,796.71,22.742240,3.094050,1000.00,cifi0007.DBF
DPMN,10DPMN,M,NS,00,54,37,772.38,907,807.94,811.97,22.742240,3.094050,1000.00,cifi0007.DBF
DPMN,10DPMN,M,NS,00,54,38,787.39,914,821.73,826.21,22.742240,3.094050,1000.00,cifi0007.DBF
DPMN,10DPMN,M,NS,00,54,39,801.97,921,834.99,839.73,22.742240,3.094050,1000.00,cifi0007.DBF
DPMN,10DPMN,M,NS,00,54,40,816.67,928,848.20,852.96,22.742240,3.094050,1000.00,cifi0007.DBF
DPMN,10DPMN,M,NS,00,54,41,832.49,935,862.19,866.56,22.742240,3.094050,1000.00,cifi0007.DBF
DPMN,10DPMN,M,NS,00,54,42,850.90,943,878.20,881.57,22.742240,3.094050,1000.00,cifi0007.DBF
DPMN,10DPMN,M,NS,00,54,43,873.01,952,897.03,898.99,22.742240,3.094050,1000.00,cifi0007.DBF
DPMN,10DPMN,M,NS,00,54,44,901.49,964,920.74,920.26,22.742240,3.094050,1000.00,cifi0007.DBF
DPMN,10DPMN,M,NS,00,54,45,940.96,979,952.88,948.18,22.742240,3.094050,1000.00,cifi0007.DBF
DPMN,10DPMN,M,NS,00,54,46,1000.00,1000,1000.00,987.81,22.742240,3.094050,1000.00,cifi0007.DBF
DPMN,10DPMN,M,NS,00,55,1,0.00,0,0.00,1.68,3.350240,3.350240,1000.00,cifi0007.DBF
DPMN,10DPMN,M,NS,00,55,2,1.31,4,20.89,22.34,23.795960,3.350240,1000.00,cifi0007.DBF
DPMN,10DPMN,M,NS,00,55,3,20.06,54,42.26,43.48,23.795960,3.350240,1000.00,cifi0007.DBF
DPMN,10DPMN,M,NS,00,55,4,39.41,103,64.13,65.10,23.795960,3.350240,1000.00,cifi0007.DBF
DPMN,10DPMN,M,NS,00,55,5,59.35,150,86.49,87.21,23.795960,3.350240,1000.00,cifi0007.DBF
DPMN,10DPMN,M,NS,00,55,6,79.85,195,109.30,109.80,23.795960,3.350240,1000.00,cifi0007.DBF
DPMN,10DPMN,M,NS,00,55,7,100.86,238,132.50,132.80,23.795960,3.350240,1000.00,cifi0007.DBF
DPMN,10DPMN,M,NS,00,55,8,122.30,280,156.01,156.15,23.795960,3.350240,1000.00,cifi0007.DBF
DPMN,10DPMN,M,NS,00,55,9,144.18,319,179.82,179.81,23.795960,3.350240,1000.00,cifi0007.DBF
DPMN,10DPMN,M,NS,00,55,10,166.46,357,203.91,203.76,23.795960,3.350240,1000.00,cifi0007.DBF
DPMN,10DPMN,M,NS,00,55,11,189.16,394,228.27,227.99,23.795960,3.350240,1000.00,cifi0007.DBF
DPMN,10DPMN,M,NS,00,55,12,212.28,429,252.92,252.49,23.795960,3.350240,1000.00,cifi0007.DBF
DPMN,10DPMN,M,NS,00,55,13,235.83,462,277.85,277.28,23.795960,3.350240,1000.00,cifi0007.DBF
DPMN,10DPMN,M,NS,00,55,14,259.82,494,303.06,302.35,23.795960,3.350240,1000.00,cifi0007.DBF
DPMN,10DPMN,M,NS,00,55,15,284.21,525,328.51,327.68,23.795960,3.350240,1000.00,cifi0007.DBF
DPMN,10DPMN,M,NS,00,55,16,308.94,554,354.15,353.23,23.795960,3.350240,1000.00,cifi0007.DBF
DPMN,10DPMN,M,NS,00,55,17,333.93,583,379.88,378.91,23.795960,3.350240,1000.00,cifi0007.DBF
DPMN,10DPMN,M,NS,00,55,18,359.08,609,405.62,404.65,23.795960,3.350240,1000.00,cifi0007.DBF
DPMN,10DPMN,M,NS,00,55,19,384.29,635,431.26,430.33,23.795960,3.350240,1000.00,cifi0007.DBF
DPMN,10DPMN,M,NS,00,55,20,409.50,659,456.74,455.90,23.795960,3.350240,1000.00,cifi0007.DBF
DPMN,10DPMN,M,NS,00,55,21,434.67,682,482.04,481.29,23.795960,3.350240,1000.00,cifi0007.DBF
DPMN,10DPMN,M,NS,00,55,22,459.79,703,507.14,506.48,23.795960,3.350240,1000.00,cifi0007.DBF
DPMN,10DPMN,M,NS,00,55,23,484.86,724,532.03,531.48,23.795960,3.350240,1000.00,cifi0007.DBF
DPMN,10DPMN,M,NS,00,55,24,509.85,743,556.71,556.27,23.795960,3.350240,1000.00,cifi0007.DBF
DPMN,10DPMN,M,NS,00,55,25,534.71,762,581.12,580.81,23.795960,3.350240,1000.00,cifi0007.DBF
DPMN,10DPMN,M,NS,00,55,26,559.35,780,605.16,605.04,23.795960,3.350240,1000.00,cifi0007.DBF
DPMN,10DPMN,M,NS,00,55,27,583.62,796,628.72,628.84,23.795960,3.350240,1000.00,cifi0007.DBF
DPMN,10DPMN,M,NS,00,55,28,607.51,812,651.78,652.15,23.795960,3.350240,1000.00,cifi0007.DBF
DPMN,10DPMN,M,NS,00,55,29,630.88,827,674.23,674.90,23.795960,3.350240,1000.00,cifi0007.DBF
DPMN,10DPMN,M,NS,00,55,30,653.60,840,695.94,696.98,23.795960,3.350240,1000.00,cifi0007.DBF
DPMN,10DPMN,M,NS,00,55,31,675.51,853,716.77,718.25,23.795960,3.350240,1000.00,cifi0007.DBF
DPMN,10DPMN,M,NS,00,55,32,696.47,865,736.60,738.58,23.795960,3.350240,1000.00,cifi0007.DBF
DPMN,10DPMN,M,NS,00,55,33,716.29,876,755.26,757.83,23.795960,3.350240,1000.00,cifi0007.DBF
DPMN,10DPMN,M,NS,00,55,34,734.85,886,772.66,775.86,23.795960,3.350240,1000.00,cifi0007.DBF
DPMN,10DPMN,M,NS,00,55,35,752.16,894,788.80,792.63,23.795960,3.350240,1000.00,cifi0007.DBF
DPMN,10DPMN,M,NS,00,55,36,768.33,903,803.79,808.20,23.795960,3.350240,1000.00,cifi0007.DBF
DPMN,10DPMN,M,NS,00,55,37,783.61,910,817.86,822.72,23.795960,3.350240,1000.00,cifi0007.DBF
DPMN,10DPMN,M,NS,00,55,38,798.45,917,831.39,836.52,23.795960,3.350240,1000.00,cifi0007.DBF
DPMN,10DPMN,M,NS,00,55,39,813.42,924,844.88,850.03,23.795960,3.350240,1000.00,cifi0007.DBF
DPMN,10DPMN,M,NS,00,55,40,829.51,932,859.16,863.92,23.795960,3.350240,1000.00,cifi0007.DBF
DPMN,10DPMN,M,NS,00,55,41,848.25,940,875.51,879.23,23.795960,3.350240,1000.00,cifi0007.DBF
DPMN,10DPMN,M,NS,00,55,42,870.76,950,894.75,897.03,23.795960,3.350240,1000.00,cifi0007.DBF
DPMN,10DPMN,M,NS,00,55,43,899.74,962,918.98,918.76,23.795960,3.350240,1000.00,cifi0007.DBF
DPMN,10DPMN,M,NS,00,55,44,939.91,978,951.83,947.30,23.795960,3.350240,1000.00,cifi0007.DBF
DPMN,10DPMN,M,NS,00,55,45,1000.00,1000,1000.00,987.81,23.795960,3.350240,1000.00,cifi0007.DBF
DPMN,10DPMN,M,NS,00,56,1,0.00,0,0.00,1.79,3.586730,3.586730,1000.00,cifi0007.DBF
DPMN,10DPMN,M,NS,00,56,2,1.83,5,21.82,23.37,24.917450,3.586730,1000.00,cifi0007.DBF
DPMN,10DPMN,M,NS,00,56,3,21.54,56,44.15,45.45,24.917450,3.586730,1000.00,cifi0007.DBF
DPMN,10DPMN,M,NS,00,56,4,41.85,106,66.98,68.02,24.917450,3.586730,1000.00,cifi0007.DBF
DPMN,10DPMN,M,NS,00,56,5,62.74,153,90.27,91.08,24.917450,3.586730,1000.00,cifi0007.DBF
DPMN,10DPMN,M,NS,00,56,6,84.13,199,113.95,114.57,24.917450,3.586730,1000.00,cifi0007.DBF
DPMN,10DPMN,M,NS,00,56,7,105.98,242,137.96,138.41,24.917450,3.586730,1000.00,cifi0007.DBF
DPMN,10DPMN,M,NS,00,56,8,128.26,284,162.27,162.57,24.917450,3.586730,1000.00,cifi0007.DBF
DPMN,10DPMN,M,NS,00,56,9,150.96,324,186.86,187.02,24.917450,3.586730,1000.00,cifi0007.DBF
DPMN,10DPMN,M,NS,00,56,10,174.07,362,211.74,211.76,24.917450,3.586730,1000.00,cifi0007.DBF
DPMN,10DPMN,M,NS,00,56,11,197.62,399,236.90,236.78,24.917450,3.586730,1000.00,cifi0007.DBF
DPMN,10DPMN,M,NS,00,56,12,221.62,434,262.36,262.09,24.917450,3.586730,1000.00,cifi0007.DBF
DPMN,10DPMN,M,NS,00,56,13,246.05,468,288.10,287.69,24.917450,3.586730,1000.00,cifi0007.DBF
DPMN,10DPMN,M,NS,00,56,14,270.89,500,314.09,313.55,24.917450,3.586730,1000.00,cifi0007.DBF
DPMN,10DPMN,M,NS,00,56,15,296.08,531,340.26,339.63,24.917450,3.586730,1000.00,cifi0007.DBF
DPMN,10DPMN,M,NS,00,56,16,321.54,561,366.54,365.86,24.917450,3.586730,1000.00,cifi0007.DBF
DPMN,10DPMN,M,NS,00,56,17,347.16,589,392.81,392.13,24.917450,3.586730,1000.00,cifi0007.DBF
DPMN,10DPMN,M,NS,00,56,18,372.84,616,418.99,418.36,24.917450,3.586730,1000.00,cifi0007.DBF
DPMN,10DPMN,M,NS,00,56,19,398.52,641,445.01,444.46,24.917450,3.586730,1000.00,cifi0007.DBF
DPMN,10DPMN,M,NS,00,56,20,424.15,665,470.84,470.39,24.917450,3.586730,1000.00,cifi0007.DBF
DPMN,10DPMN,M,NS,00,56,21,449.74,688,496.47,496.11,24.917450,3.586730,1000.00,cifi0007.DBF
DPMN,10DPMN,M,NS,00,56,22,475.27,710,521.88,521.63,24.917450,3.586730,1000.00,cifi0007.DBF
DPMN,10DPMN,M,NS,00,56,23,500.74,730,547.08,546.94,24.917450,3.586730,1000.00,cifi0007.DBF
DPMN,10DPMN,M,NS,00,56,24,526.06,750,572.00,572.00,24.917450,3.586730,1000.00,cifi0007.DBF
DPMN,10DPMN,M,NS,00,56,25,551.15,768,596.55,596.74,24.917450,3.586730,1000.00,cifi0007.DBF
DPMN,10DPMN,M,NS,00,56,26,575.88,786,620.61,621.04,24.917450,3.586730,1000.00,cifi0007.DBF
DPMN,10DPMN,M,NS,00,56,27,600.21,802,644.16,644.84,24.917450,3.586730,1000.00,cifi0007.DBF
DPMN,10DPMN,M,NS,00,56,28,624.01,818,667.07,668.07,24.917450,3.586730,1000.00,cifi0007.DBF
DPMN,10DPMN,M,NS,00,56,29,647.15,832,689.24,690.61,24.917450,3.586730,1000.00,cifi0007.DBF
DPMN,10DPMN,M,NS,00,56,30,669.48,845,710.51,712.33,24.917450,3.586730,1000.00,cifi0007.DBF
DPMN,10DPMN,M,NS,00,56,31,690.82,858,730.76,733.09,24.917450,3.586730,1000.00,cifi0007.DBF
DPMN,10DPMN,M,NS,00,56,32,711.01,869,749.82,752.75,24.917450,3.586730,1000.00,cifi0007.DBF
DPMN,10DPMN,M,NS,00,56,33,729.92,880,767.58,771.16,24.917450,3.586730,1000.00,cifi0007.DBF
DPMN,10DPMN,M,NS,00,56,34,747.55,889,784.07,788.28,24.917450,3.586730,1000.00,cifi0007.DBF
DPMN,10DPMN,M,NS,00,56,35,764.02,898,799.37,804.18,24.917450,3.586730,1000.00,cifi0007.DBF
DPMN,10DPMN,M,NS,00,56,36,779.59,905,813.74,819.02,24.917450,3.586730,1000.00,cifi0007.DBF
DPMN,10DPMN,M,NS,00,56,37,794.70,913,827.56,833.11,24.917450,3.586730,1000.00,cifi0007.DBF
DPMN,10DPMN,M,NS,00,56,38,809.95,920,841.34,846.91,24.917450,3.586730,1000.00,cifi0007.DBF
DPMN,10DPMN,M,NS,00,56,39,826.34,928,855.94,861.10,24.917450,3.586730,1000.00,cifi0007.DBF
DPMN,10DPMN,M,NS,00,56,40,845.43,937,872.65,876.75,24.917450,3.586730,1000.00,cifi0007.DBF
DPMN,10DPMN,M,NS,00,56,41,868.35,947,892.32,894.94,24.917450,3.586730,1000.00,cifi0007.DBF
DPMN,10DPMN,M,NS,00,56,42,897.87,960,917.10,917.17,24.917450,3.586730,1000.00,cifi0007.DBF
DPMN,10DPMN,M,NS,00,56,43,938.79,977,950.71,946.36,24.917450,3.586730,1000.00,cifi0007.DBF
DPMN,10DPMN,M,NS,00,56,44,1000.00,1000,1000.00,987.81,24.917450,3.586730,1000.00,cifi0007.DBF
DPMN,10DPMN,M,NS,00,57,1,0.00,0,0.00,1.91,3.813360,3.813360,1000.00,cifi0007.DBF
DPMN,10DPMN,M,NS,00,57,2,2.43,7,22.82,24.47,26.114620,3.813360,1000.00,cifi0007.DBF
DPMN,10DPMN,M,NS,00,57,3,23.14,59,46.15,47.54,26.114620,3.813360,1000.00,cifi0007.DBF
DPMN,10DPMN,M,NS,00,57,4,44.44,109,69.95,71.11,26.114620,3.813360,1000.00,cifi0007.DBF
DPMN,10DPMN,M,NS,00,57,5,66.25,157,94.15,95.11,26.114620,3.813360,1000.00,cifi0007.DBF
DPMN,10DPMN,M,NS,00,57,6,88.52,203,118.69,119.48,26.114620,3.813360,1000.00,cifi0007.DBF
DPMN,10DPMN,M,NS,00,57,7,111.23,246,143.53,144.17,26.114620,3.813360,1000.00,cifi0007.DBF
DPMN,10DPMN,M,NS,00,57,8,134.37,289,168.67,169.16,26.114620,3.813360,1000.00,cifi0007.DBF
DPMN,10DPMN,M,NS,00,57,9,157.95,329,194.09,194.44,26.114620,3.813360,1000.00,cifi0007.DBF
DPMN,10DPMN,M,NS,00,57,10,181.95,367,219.81,220.01,26.114620,3.813360,1000.00,cifi0007.DBF
DPMN,10DPMN,M,NS,00,57,11,206.42,405,245.83,245.88,26.114620,3.813360,1000.00,cifi0007.DBF
DPMN,10DPMN,M,NS,00,57,12,231.32,440,272.13,272.04,26.114620,3.813360,1000.00,cifi0007.DBF
DPMN,10DPMN,M,NS,00,57,13,256.65,474,298.69,298.47,26.114620,3.813360,1000.00,cifi0007.DBF
DPMN,10DPMN,M,NS,00,57,14,282.34,507,325.44,325.12,26.114620,3.813360,1000.00,cifi0007.DBF
DPMN,10DPMN,M,NS,00,57,15,308.29,538,352.29,351.92,26.114620,3.813360,1000.00,cifi0007.DBF
DPMN,10DPMN,M,NS,00,57,16,334.41,568,379.14,378.78,26.114620,3.813360,1000.00,cifi0007.DBF
DPMN,10DPMN,M,NS,00,57,17,360.59,596,405.90,405.58,26.114620,3.813360,1000.00,cifi0007.DBF
DPMN,10DPMN,M,NS,00,57,18,386.77,622,432.49,432.25,26.114620,3.813360,1000.00,cifi0007.DBF
DPMN,10DPMN,M,NS,00,57,19,412.91,648,458.89,458.75,26.114620,3.813360,1000.00,cifi0007.DBF
DPMN,10DPMN,M,NS,00,57,20,439.00,672,485.08,485.04,26.114620,3.813360,1000.00,cifi0007.DBF
DPMN,10DPMN,M,NS,00,57,21,465.03,694,511.05,511.12,26.114620,3.813360,1000.00,cifi0007.DBF
DPMN,10DPMN,M,NS,00,57,22,490.99,716,536.81,536.99,26.114620,3.813360,1000.00,cifi0007.DBF
DPMN,10DPMN,M,NS,00,57,23,516.80,736,562.27,562.60,26.114620,3.813360,1000.00,cifi0007.DBF
DPMN,10DPMN,M,NS,00,57,24,542.39,756,587.36,587.88,26.114620,3.813360,1000.00,cifi0007.DBF
DPMN,10DPMN,M,NS,00,57,25,567.59,774,611.95,612.71,26.114620,3.813360,1000.00,cifi0007.DBF
DPMN,10DPMN,M,NS,00,57,26,592.40,792,636.02,637.04,26.114620,3.813360,1000.00,cifi0007.DBF
DPMN,10DPMN,M,NS,00,57,27,616.67,808,659.43,660.78,26.114620,3.813360,1000.00,cifi0007.DBF
DPMN,10DPMN,M,NS,00,57,28,640.26,823,682.09,683.82,26.114620,3.813360,1000.00,cifi0007.DBF
DPMN,10DPMN,M,NS,00,57,29,663.02,837,703.83,706.02,26.114620,3.813360,1000.00,cifi0007.DBF
DPMN,10DPMN,M,NS,00,57,30,684.79,850,724.52,727.24,26.114620,3.813360,1000.00,cifi0007.DBF
DPMN,10DPMN,M,NS,00,57,31,705.37,862,744.00,747.32,26.114620,3.813360,1000.00,cifi0007.DBF
DPMN,10DPMN,M,NS,00,57,32,724.64,873,762.15,766.14,26.114620,3.813360,1000.00,cifi0007.DBF
DPMN,10DPMN,M,NS,00,57,33,742.63,883,779.01,783.64,26.114620,3.813360,1000.00,cifi0007.DBF
DPMN,10DPMN,M,NS,00,57,34,759.41,892,794.65,799.89,26.114620,3.813360,1000.00,cifi0007.DBF
DPMN,10DPMN,M,NS,00,57,35,775.28,900,809.34,815.06,26.114620,3.813360,1000.00,cifi0007.DBF
DPMN,10DPMN,M,NS,00,57,36,790.69,908,823.47,829.47,26.114620,3.813360,1000.00,cifi0007.DBF
DPMN,10DPMN,M,NS,00,57,37,806.23,916,837.56,843.58,26.114620,3.813360,1000.00,cifi0007.DBF
DPMN,10DPMN,M,NS,00,57,38,822.95,924,852.50,858.09,26.114620,3.813360,1000.00,cifi0007.DBF
DPMN,10DPMN,M,NS,00,57,39,842.41,934,869.60,874.10,26.114620,3.813360,1000.00,cifi0007.DBF
DPMN,10DPMN,M,NS,00,57,40,865.78,944,889.73,892.72,26.114620,3.813360,1000.00,cifi0007.DBF
DPMN,10DPMN,M,NS,00,57,41,895.88,958,915.09,915.47,26.114620,3.813360,1000.00,cifi0007.DBF
DPMN,10DPMN,M,NS,00,57,42,937.60,976,949.51,945.36,26.114620,3.813360,1000.00,cifi0007.DBF
DPMN,10DPMN,M,NS,00,57,43,1000.00,1000,1000.00,987.81,26.114620,3.813360,1000.00,cifi0007.DBF
DPMN,10DPMN,M,NS,00,58,1,0.00,0,0.00,2.02,4.049850,4.049850,1000.00,cifi0007.DBF
DPMN,10DPMN,M,NS,00,58,2,3.07,8,23.87,25.63,27.395380,4.049850,1000.00,cifi0007.DBF
DPMN,10DPMN,M,NS,00,58,3,24.80,61,48.22,49.74,27.395380,4.049850,1000.00,cifi0007.DBF
DPMN,10DPMN,M,NS,00,58,4,47.06,111,72.97,74.29,27.395380,4.049850,1000.00,cifi0007.DBF
DPMN,10DPMN,M,NS,00,58,5,69.79,160,98.07,99.22,27.395380,4.049850,1000.00,cifi0007.DBF
DPMN,10DPMN,M,NS,00,58,6,92.97,206,123.49,124.48,27.395380,4.049850,1000.00,cifi0007.DBF
DPMN,10DPMN,M,NS,00,58,7,116.58,250,149.20,150.05,27.395380,4.049850,1000.00,cifi0007.DBF
DPMN,10DPMN,M,NS,00,58,8,140.64,293,175.21,175.91,27.395380,4.049850,1000.00,cifi0007.DBF
DPMN,10DPMN,M,NS,00,58,9,165.14,334,201.52,202.07,27.395380,4.049850,1000.00,cifi0007.DBF
DPMN,10DPMN,M,NS,00,58,10,190.11,373,228.14,228.53,27.395380,4.049850,1000.00,cifi0007.DBF
DPMN,10DPMN,M,NS,00,58,11,215.53,410,255.04,255.29,27.395380,4.049850,1000.00,cifi0007.DBF
DPMN,10DPMN,M,NS,00,58,12,241.38,446,282.22,282.33,27.395380,4.049850,1000.00,cifi0007.DBF
DPMN,10DPMN,M,NS,00,58,13,267.59,480,309.58,309.60,27.395380,4.049850,1000.00,cifi0007.DBF
DPMN,10DPMN,M,NS,00,58,14,294.08,513,337.05,337.02,27.395380,4.049850,1000.00,cifi0007.DBF
DPMN,10DPMN,M,NS,00,58,15,320.73,544,364.52,364.49,27.395380,4.049850,1000.00,cifi0007.DBF
DPMN,10DPMN,M,NS,00,58,16,347.45,574,391.89,391.90,27.395380,4.049850,1000.00,cifi0007.DBF
DPMN,10DPMN,M,NS,00,58,17,374.17,602,419.10,419.19,27.395380,4.049850,1000.00,cifi0007.DBF
DPMN,10DPMN,M,NS,00,58,18,400.84,629,446.10,446.30,27.395380,4.049850,1000.00,cifi0007.DBF
DPMN,10DPMN,M,NS,00,58,19,427.47,654,472.89,473.19,27.395380,4.049850,1000.00,cifi0007.DBF
DPMN,10DPMN,M,NS,00,58,20,454.03,678,499.47,499.88,27.395380,4.049850,1000.00,cifi0007.DBF
DPMN,10DPMN,M,NS,00,58,21,480.52,701,525.81,526.34,27.395380,4.049850,1000.00,cifi0007.DBF
DPMN,10DPMN,M,NS,00,58,22,506.87,722,551.87,552.54,27.395380,4.049850,1000.00,cifi0007.DBF
DPMN,10DPMN,M,NS,00,58,23,532.98,743,577.53,578.40,27.395380,4.049850,1000.00,cifi0007.DBF
DPMN,10DPMN,M,NS,00,58,24,558.71,762,602.69,603.81,27.395380,4.049850,1000.00,cifi0007.DBF
DPMN,10DPMN,M,NS,00,58,25,584.02,780,627.31,628.69,27.395380,4.049850,1000.00,cifi0007.DBF
DPMN,10DPMN,M,NS,00,58,26,608.79,798,651.26,652.98,27.395380,4.049850,1000.00,cifi0007.DBF
DPMN,10DPMN,M,NS,00,58,27,632.87,814,674.44,676.55,27.395380,4.049850,1000.00,cifi0007.DBF
DPMN,10DPMN,M,NS,00,58,28,656.10,829,696.69,699.26,27.395380,4.049850,1000.00,cifi0007.DBF
DPMN,10DPMN,M,NS,00,58,29,678.31,842,717.85,720.97,27.395380,4.049850,1000.00,cifi0007.DBF
DPMN,10DPMN,M,NS,00,58,30,699.32,855,737.78,741.51,27.395380,4.049850,1000.00,cifi0007.DBF
DPMN,10DPMN,M,NS,00,58,31,718.98,866,756.35,760.76,27.395380,4.049850,1000.00,cifi0007.DBF
DPMN,10DPMN,M,NS,00,58,32,737.34,877,773.60,778.67,27.395380,4.049850,1000.00,cifi0007.DBF
DPMN,10DPMN,M,NS,00,58,33,754.47,886,789.61,795.30,27.395380,4.049850,1000.00,cifi0007.DBF
DPMN,10DPMN,M,NS,00,58,34,770.67,895,804.64,810.82,27.395380,4.049850,1000.00,cifi0007.DBF
DPMN,10DPMN,M,NS,00,58,35,786.39,903,819.10,825.57,27.395380,4.049850,1000.00,cifi0007.DBF
DPMN,10DPMN,M,NS,00,58,36,802.25,912,833.53,840.01,27.395380,4.049850,1000.00,cifi0007.DBF
DPMN,10DPMN,M,NS,00,58,37,819.31,920,848.82,854.87,27.395380,4.049850,1000.00,cifi0007.DBF
DPMN,10DPMN,M,NS,00,58,38,839.17,930,866.33,871.27,27.395380,4.049850,1000.00,cifi0007.DBF
DPMN,10DPMN,M,NS,00,58,39,863.02,941,886.95,890.34,27.395380,4.049850,1000.00,cifi0007.DBF
DPMN,10DPMN,M,NS,00,58,40,893.74,956,912.95,913.65,27.395380,4.049850,1000.00,cifi0007.DBF
DPMN,10DPMN,M,NS,00,58,41,936.32,974,948.23,944.29,27.395380,4.049850,1000.00,cifi0007.DBF
DPMN,10DPMN,M,NS,00,58,42,1000.00,1000,1000.00,987.81,27.395380,4.049850,1000.00,cifi0007.DBF
DPMN,10DPMN,M,NS,00,59,1,0.00,0,0.00,2.16,4.325750,4.325750,1000.00,cifi0007.DBF
DPMN,10DPMN,M,NS,00,59,2,3.68,9,24.94,26.85,28.767110,4.325750,1000.00,cifi0007.DBF
DPMN,10DPMN,M,NS,00,59,3,26.42,63,50.29,52.00,28.767110,4.325750,1000.00,cifi0007.DBF
DPMN,10DPMN,M,NS,00,59,4,49.64,114,75.99,77.52,28.767110,4.325750,1000.00,cifi0007.DBF
DPMN,10DPMN,M,NS,00,59,5,73.32,163,102.02,103.39,28.767110,4.325750,1000.00,cifi0007.DBF
DPMN,10DPMN,M,NS,00,59,6,97.45,209,128.36,129.57,28.767110,4.325750,1000.00,cifi0007.DBF
DPMN,10DPMN,M,NS,00,59,7,122.03,254,154.99,156.06,28.767110,4.325750,1000.00,cifi0007.DBF
DPMN,10DPMN,M,NS,00,59,8,147.06,297,181.93,182.85,28.767110,4.325750,1000.00,cifi0007.DBF
DPMN,10DPMN,M,NS,00,59,9,172.57,338,209.19,209.95,28.767110,4.325750,1000.00,cifi0007.DBF
DPMN,10DPMN,M,NS,00,59,10,198.54,378,236.75,237.35,28.767110,4.325750,1000.00,cifi0007.DBF
DPMN,10DPMN,M,NS,00,59,11,224.95,416,264.57,265.04,28.767110,4.325750,1000.00,cifi0007.DBF
DPMN,10DPMN,M,NS,00,59,12,251.73,452,292.60,292.97,28.767110,4.325750,1000.00,cifi0007.DBF
DPMN,10DPMN,M,NS,00,59,13,278.79,486,320.73,321.05,28.767110,4.325750,1000.00,cifi0007.DBF
DPMN,10DPMN,M,NS,00,59,14,306.02,519,348.86,349.18,28.767110,4.325750,1000.00,cifi0007.DBF
DPMN,10DPMN,M,NS,00,59,15,333.32,551,376.89,377.26,28.767110,4.325750,1000.00,cifi0007.DBF
DPMN,10DPMN,M,NS,00,59,16,360.61,580,404.75,405.21,28.767110,4.325750,1000.00,cifi0007.DBF
DPMN,10DPMN,M,NS,00,59,17,387.87,608,432.40,432.96,28.767110,4.325750,1000.00,cifi0007.DBF
DPMN,10DPMN,M,NS,00,59,18,415.07,635,459.84,460.51,28.767110,4.325750,1000.00,cifi0007.DBF
DPMN,10DPMN,M,NS,00,59,19,442.21,660,487.06,487.83,28.767110,4.325750,1000.00,cifi0007.DBF
DPMN,10DPMN,M,NS,00,59,20,469.27,684,514.04,514.93,28.767110,4.325750,1000.00,cifi0007.DBF
DPMN,10DPMN,M,NS,00,59,21,496.19,707,540.72,541.76,28.767110,4.325750,1000.00,cifi0007.DBF
DPMN,10DPMN,M,NS,00,59,22,522.87,729,567.00,568.25,28.767110,4.325750,1000.00,cifi0007.DBF
DPMN,10DPMN,M,NS,00,59,23,549.15,749,592.77,594.27,28.767110,4.325750,1000.00,cifi0007.DBF
DPMN,10DPMN,M,NS,00,59,24,575.01,768,617.98,619.75,28.767110,4.325750,1000.00,cifi0007.DBF
DPMN,10DPMN,M,NS,00,59,25,600.32,787,642.51,644.63,28.767110,4.325750,1000.00,cifi0007.DBF
DPMN,10DPMN,M,NS,00,59,26,624.92,803,666.25,668.76,28.767110,4.325750,1000.00,cifi0007.DBF
DPMN,10DPMN,M,NS,00,59,27,648.65,819,689.03,692.02,28.767110,4.325750,1000.00,cifi0007.DBF
DPMN,10DPMN,M,NS,00,59,28,671.34,834,710.71,714.25,28.767110,4.325750,1000.00,cifi0007.DBF
DPMN,10DPMN,M,NS,00,59,29,692.80,847,731.12,735.30,28.767110,4.325750,1000.00,cifi0007.DBF
DPMN,10DPMN,M,NS,00,59,30,712.90,859,750.14,755.01,28.767110,4.325750,1000.00,cifi0007.DBF
DPMN,10DPMN,M,NS,00,59,31,731.65,870,767.80,773.36,28.767110,4.325750,1000.00,cifi0007.DBF
DPMN,10DPMN,M,NS,00,59,32,749.15,880,784.20,790.39,28.767110,4.325750,1000.00,cifi0007.DBF
DPMN,10DPMN,M,NS,00,59,33,765.70,889,799.60,806.29,28.767110,4.325750,1000.00,cifi0007.DBF
DPMN,10DPMN,M,NS,00,59,34,781.76,898,814.42,821.39,28.767110,4.325750,1000.00,cifi0007.DBF
DPMN,10DPMN,M,NS,00,59,35,797.97,907,829.20,836.19,28.767110,4.325750,1000.00,cifi0007.DBF
DPMN,10DPMN,M,NS,00,59,36,815.40,916,844.87,851.42,28.767110,4.325750,1000.00,cifi0007.DBF
DPMN,10DPMN,M,NS,00,59,37,835.69,926,862.83,868.23,28.767110,4.325750,1000.00,cifi0007.DBF
DPMN,10DPMN,M,NS,00,59,38,860.06,938,883.98,887.79,28.767110,4.325750,1000.00,cifi0007.DBF
DPMN,10DPMN,M,NS,00,59,39,891.44,953,910.65,911.70,28.767110,4.325750,1000.00,cifi0007.DBF
DPMN,10DPMN,M,NS,00,59,40,934.94,973,946.86,943.14,28.767110,4.325750,1000.00,cifi0007.DBF
DPMN,10DPMN,M,NS,00,59,41,1000.00,1000,1000.00,987.81,28.767110,4.325750,1000.00,cifi0007.DBF
DPMN,10DPMN,M,NS,00,60,1,0.00,0,0.00,2.34,4.670630,4.670630,1000.00,cifi0007.DBF
DPMN,10DPMN,M,NS,00,60,2,4.20,10,25.99,28.11,30.236520,4.670630,1000.00,cifi0007.DBF
DPMN,10DPMN,M,NS,00,60,3,27.95,64,52.34,54.28,30.236520,4.670630,1000.00,cifi0007.DBF
DPMN,10DPMN,M,NS,00,60,4,52.17,116,79.03,80.80,30.236520,4.670630,1000.00,cifi0007.DBF
DPMN,10DPMN,M,NS,00,60,5,76.85,165,106.03,107.64,30.236520,4.670630,1000.00,cifi0007.DBF
DPMN,10DPMN,M,NS,00,60,6,101.99,213,133.33,134.80,30.236520,4.670630,1000.00,cifi0007.DBF
DPMN,10DPMN,M,NS,00,60,7,127.59,258,160.95,162.26,30.236520,4.670630,1000.00,cifi0007.DBF
DPMN,10DPMN,M,NS,00,60,8,153.68,301,188.90,190.04,30.236520,4.670630,1000.00,cifi0007.DBF
DPMN,10DPMN,M,NS,00,60,9,180.24,343,217.15,218.14,30.236520,4.670630,1000.00,cifi0007.DBF
DPMN,10DPMN,M,NS,00,60,10,207.26,383,245.67,246.53,30.236520,4.670630,1000.00,cifi0007.DBF
DPMN,10DPMN,M,NS,00,60,11,234.65,421,274.40,275.16,30.236520,4.670630,1000.00,cifi0007.DBF
DPMN,10DPMN,M,NS,00,60,12,262.33,458,303.25,303.94,30.236520,4.670630,1000.00,cifi0007.DBF
DPMN,10DPMN,M,NS,00,60,13,290.18,493,332.08,332.78,30.236520,4.670630,1000.00,cifi0007.DBF
DPMN,10DPMN,M,NS,00,60,14,318.10,526,360.82,361.57,30.236520,4.670630,1000.00,cifi0007.DBF
DPMN,10DPMN,M,NS,00,60,15,346.02,557,389.38,390.22,30.236520,4.670630,1000.00,cifi0007.DBF
DPMN,10DPMN,M,NS,00,60,16,373.90,586,417.73,418.68,30.236520,4.670630,1000.00,cifi0007.DBF
DPMN,10DPMN,M,NS,00,60,17,401.72,615,445.86,446.92,30.236520,4.670630,1000.00,cifi0007.DBF
DPMN,10DPMN,M,NS,00,60,18,429.48,641,473.76,474.93,30.236520,4.670630,1000.00,cifi0007.DBF
DPMN,10DPMN,M,NS,00,60,19,457.16,667,501.42,502.71,30.236520,4.670630,1000.00,cifi0007.DBF
DPMN,10DPMN,M,NS,00,60,20,484.69,691,528.78,530.22,30.236520,4.670630,1000.00,cifi0007.DBF
DPMN,10DPMN,M,NS,00,60,21,511.98,714,555.73,557.37,30.236520,4.670630,1000.00,cifi0007.DBF
DPMN,10DPMN,M,NS,00,60,22,538.86,735,582.14,584.05,30.236520,4.670630,1000.00,cifi0007.DBF
DPMN,10DPMN,M,NS,00,60,23,565.31,755,607.98,610.18,30.236520,4.670630,1000.00,cifi0007.DBF
DPMN,10DPMN,M,NS,00,60,24,591.19,775,633.14,635.68,30.236520,4.670630,1000.00,cifi0007.DBF
DPMN,10DPMN,M,NS,00,60,25,616.36,792,657.47,660.42,30.236520,4.670630,1000.00,cifi0007.DBF
DPMN,10DPMN,M,NS,00,60,26,640.63,809,680.83,684.27,30.236520,4.670630,1000.00,cifi0007.DBF
DPMN,10DPMN,M,NS,00,60,27,663.84,824,703.05,707.06,30.236520,4.670630,1000.00,cifi0007.DBF
DPMN,10DPMN,M,NS,00,60,28,685.79,838,723.98,728.64,30.236520,4.670630,1000.00,cifi0007.DBF
DPMN,10DPMN,M,NS,00,60,29,706.34,851,743.48,748.85,30.236520,4.670630,1000.00,cifi0007.DBF
DPMN,10DPMN,M,NS,00,60,30,725.52,863,761.60,767.66,30.236520,4.670630,1000.00,cifi0007.DBF
DPMN,10DPMN,M,NS,00,60,31,743.43,873,778.41,785.12,30.236520,4.670630,1000.00,cifi0007.DBF
DPMN,10DPMN,M,NS,00,60,32,760.35,883,794.20,801.43,30.236520,4.670630,1000.00,cifi0007.DBF
DPMN,10DPMN,M,NS,00,60,33,776.78,892,809.40,816.92,30.236520,4.670630,1000.00,cifi0007.DBF
DPMN,10DPMN,M,NS,00,60,34,793.36,901,824.57,832.10,30.236520,4.670630,1000.00,cifi0007.DBF
DPMN,10DPMN,M,NS,00,60,35,811.19,911,840.65,847.73,30.236520,4.670630,1000.00,cifi0007.DBF
DPMN,10DPMN,M,NS,00,60,36,831.94,922,859.08,864.98,30.236520,4.670630,1000.00,cifi0007.DBF
DPMN,10DPMN,M,NS,00,60,37,856.86,935,880.80,885.06,30.236520,4.670630,1000.00,cifi0007.DBF
DPMN,10DPMN,M,NS,00,60,38,888.96,950,908.19,909.61,30.236520,4.670630,1000.00,cifi0007.DBF
DPMN,10DPMN,M,NS,00,60,39,933.45,971,945.39,941.91,30.236520,4.670630,1000.00,cifi0007.DBF
DPMN,10DPMN,M,NS,00,60,40,1000.00,1000,1000.00,987.81,30.236520,4.670630,1000.00,cifi0007.DBF
DPMN,10DPMN,M,NS,00,61,1,0.00,0,0.00,2.57,5.133750,5.133750,1000.00,cifi0007.DBF
DPMN,10DPMN,M,NS,00,61,2,4.59,11,27.04,29.43,31.808270,5.133750,1000.00,cifi0007.DBF
DPMN,10DPMN,M,NS,00,61,3,29.39,65,54.43,56.64,31.808270,5.133750,1000.00,cifi0007.DBF
DPMN,10DPMN,M,NS,00,61,4,54.67,118,82.14,84.19,31.808270,5.133750,1000.00,cifi0007.DBF
DPMN,10DPMN,M,NS,00,61,5,80.41,168,110.16,112.05,31.808270,5.133750,1000.00,cifi0007.DBF
DPMN,10DPMN,M,NS,00,61,6,106.63,216,138.51,140.24,31.808270,5.133750,1000.00,cifi0007.DBF
DPMN,10DPMN,M,NS,00,61,7,133.34,262,167.19,168.75,31.808270,5.133750,1000.00,cifi0007.DBF
DPMN,10DPMN,M,NS,00,61,8,160.54,306,196.18,197.59,31.808270,5.133750,1000.00,cifi0007.DBF
DPMN,10DPMN,M,NS,00,61,9,188.20,348,225.46,226.72,31.808270,5.133750,1000.00,cifi0007.DBF
DPMN,10DPMN,M,NS,00,61,10,216.25,388,254.94,256.10,31.808270,5.133750,1000.00,cifi0007.DBF
DPMN,10DPMN,M,NS,00,61,11,244.60,427,284.54,285.65,31.808270,5.133750,1000.00,cifi0007.DBF
DPMN,10DPMN,M,NS,00,61,12,273.12,464,314.14,315.25,31.808270,5.133750,1000.00,cifi0007.DBF
DPMN,10DPMN,M,NS,00,61,13,301.71,498,343.63,344.79,31.808270,5.133750,1000.00,cifi0007.DBF
DPMN,10DPMN,M,NS,00,61,14,330.30,531,372.95,374.19,31.808270,5.133750,1000.00,cifi0007.DBF
DPMN,10DPMN,M,NS,00,61,15,358.85,563,402.04,403.40,31.808270,5.133750,1000.00,cifi0007.DBF
DPMN,10DPMN,M,NS,00,61,16,387.34,593,430.91,432.38,31.808270,5.133750,1000.00,cifi0007.DBF
DPMN,10DPMN,M,NS,00,61,17,415.77,621,459.54,461.13,31.808270,5.133750,1000.00,cifi0007.DBF
DPMN,10DPMN,M,NS,00,61,18,444.11,648,487.93,489.64,31.808270,5.133750,1000.00,cifi0007.DBF
DPMN,10DPMN,M,NS,00,61,19,472.31,673,516.01,517.87,31.808270,5.133750,1000.00,cifi0007.DBF
DPMN,10DPMN,M,NS,00,61,20,500.25,697,543.66,545.74,31.808270,5.133750,1000.00,cifi0007.DBF
DPMN,10DPMN,M,NS,00,61,21,527.78,720,570.77,573.12,31.808270,5.133750,1000.00,cifi0007.DBF
DPMN,10DPMN,M,NS,00,61,22,554.87,742,597.29,599.94,31.808270,5.133750,1000.00,cifi0007.DBF
DPMN,10DPMN,M,NS,00,61,23,581.37,762,623.11,626.11,31.808270,5.133750,1000.00,cifi0007.DBF
DPMN,10DPMN,M,NS,00,61,24,607.14,781,648.09,651.50,31.808270,5.133750,1000.00,cifi0007.DBF
DPMN,10DPMN,M,NS,00,61,25,632.00,798,672.06,675.98,31.808270,5.133750,1000.00,cifi0007.DBF
DPMN,10DPMN,M,NS,00,61,26,655.76,814,694.87,699.37,31.808270,5.133750,1000.00,cifi0007.DBF
DPMN,10DPMN,M,NS,00,61,27,678.24,829,716.35,721.51,31.808270,5.133750,1000.00,cifi0007.DBF
DPMN,10DPMN,M,NS,00,61,28,699.29,843,736.37,742.26,31.808270,5.133750,1000.00,cifi0007.DBF
DPMN,10DPMN,M,NS,00,61,29,718.93,855,754.96,761.56,31.808270,5.133750,1000.00,cifi0007.DBF
DPMN,10DPMN,M,NS,00,61,30,737.26,866,772.22,779.49,31.808270,5.133750,1000.00,cifi0007.DBF
DPMN,10DPMN,M,NS,00,61,31,754.59,876,788.43,796.23,31.808270,5.133750,1000.00,cifi0007.DBF
DPMN,10DPMN,M,NS,00,61,32,771.41,886,804.03,812.14,31.808270,5.133750,1000.00,cifi0007.DBF
DPMN,10DPMN,M,NS,00,61,33,788.39,896,819.61,827.73,31.808270,5.133750,1000.00,cifi0007.DBF
DPMN,10DPMN,M,NS,00,61,34,806.65,906,836.13,843.78,31.808270,5.133750,1000.00,cifi0007.DBF
DPMN,10DPMN,M,NS,00,61,35,827.90,917,855.07,861.50,31.808270,5.133750,1000.00,cifi0007.DBF
DPMN,10DPMN,M,NS,00,61,36,853.42,931,877.39,882.13,31.808270,5.133750,1000.00,cifi0007.DBF
DPMN,10DPMN,M,NS,00,61,37,886.29,948,905.56,907.38,31.808270,5.133750,1000.00,cifi0007.DBF
DPMN,10DPMN,M,NS,00,61,38,931.85,970,943.82,940.59,31.808270,5.133750,1000.00,cifi0007.DBF
DPMN,10DPMN,M,NS,00,61,39,1000.00,1000,1000.00,987.81,31.808270,5.133750,1000.00,cifi0007.DBF
DPMN,10DPMN,M,NS,00,62,1,0.00,0,0.00,2.85,5.705260,5.705260,1000.00,cifi0007.DBF
DPMN,10DPMN,M,NS,00,62,2,4.91,11,28.14,30.81,33.488380,5.705260,1000.00,cifi0007.DBF
DPMN,10DPMN,M,NS,00,62,3,30.82,67,56.60,59.12,33.488380,5.705260,1000.00,cifi0007.DBF
DPMN,10DPMN,M,NS,00,62,4,57.21,119,85.40,87.74,33.488380,5.705260,1000.00,cifi0007.DBF
DPMN,10DPMN,M,NS,00,62,5,84.09,170,114.52,116.70,33.488380,5.705260,1000.00,cifi0007.DBF
DPMN,10DPMN,M,NS,00,62,6,111.48,219,143.98,145.99,33.488380,5.705260,1000.00,cifi0007.DBF
DPMN,10DPMN,M,NS,00,62,7,139.37,265,173.77,175.62,33.488380,5.705260,1000.00,cifi0007.DBF
DPMN,10DPMN,M,NS,00,62,8,167.72,310,203.85,205.55,33.488380,5.705260,1000.00,cifi0007.DBF
DPMN,10DPMN,M,NS,00,62,9,196.48,353,234.14,235.74,33.488380,5.705260,1000.00,cifi0007.DBF
DPMN,10DPMN,M,NS,00,62,10,225.54,394,264.55,266.09,33.488380,5.705260,1000.00,cifi0007.DBF
DPMN,10DPMN,M,NS,00,62,11,254.78,433,294.96,296.50,33.488380,5.705260,1000.00,cifi0007.DBF
DPMN,10DPMN,M,NS,00,62,12,284.10,469,325.26,326.85,33.488380,5.705260,1000.00,cifi0007.DBF
DPMN,10DPMN,M,NS,00,62,13,313.41,504,355.38,357.06,33.488380,5.705260,1000.00,cifi0007.DBF
DPMN,10DPMN,M,NS,00,62,14,342.67,537,385.27,387.07,33.488380,5.705260,1000.00,cifi0007.DBF
DPMN,10DPMN,M,NS,00,62,15,371.88,569,414.93,416.84,33.488380,5.705260,1000.00,cifi0007.DBF
DPMN,10DPMN,M,NS,00,62,16,401.03,599,444.34,446.38,33.488380,5.705260,1000.00,cifi0007.DBF
DPMN,10DPMN,M,NS,00,62,17,430.09,627,473.51,475.67,33.488380,5.705260,1000.00,cifi0007.DBF
DPMN,10DPMN,M,NS,00,62,18,459.00,654,502.35,504.68,33.488380,5.705260,1000.00,cifi0007.DBF
DPMN,10DPMN,M,NS,00,62,19,487.64,680,530.77,533.30,33.488380,5.705260,1000.00,cifi0007.DBF
DPMN,10DPMN,M,NS,00,62,20,515.86,704,558.61,561.44,33.488380,5.705260,1000.00,cifi0007.DBF
DPMN,10DPMN,M,NS,00,62,21,543.64,727,585.87,588.99,33.488380,5.705260,1000.00,cifi0007.DBF
DPMN,10DPMN,M,NS,00,62,22,570.81,748,612.39,615.88,33.488380,5.705260,1000.00,cifi0007.DBF
DPMN,10DPMN,M,NS,00,62,23,597.23,768,638.05,641.97,33.488380,5.705260,1000.00,cifi0007.DBF
DPMN,10DPMN,M,NS,00,62,24,622.71,786,662.68,667.11,33.488380,5.705260,1000.00,cifi0007.DBF
DPMN,10DPMN,M,NS,00,62,25,647.08,804,686.12,691.14,33.488380,5.705260,1000.00,cifi0007.DBF
DPMN,10DPMN,M,NS,00,62,26,670.12,819,708.19,713.90,33.488380,5.705260,1000.00,cifi0007.DBF
DPMN,10DPMN,M,NS,00,62,27,691.70,834,728.76,735.22,33.488380,5.705260,1000.00,cifi0007.DBF
DPMN,10DPMN,M,NS,00,62,28,711.83,847,747.86,755.05,33.488380,5.705260,1000.00,cifi0007.DBF
DPMN,10DPMN,M,NS,00,62,29,730.63,858,765.60,773.47,33.488380,5.705260,1000.00,cifi0007.DBF
DPMN,10DPMN,M,NS,00,62,30,748.40,869,782.26,790.67,33.488380,5.705260,1000.00,cifi0007.DBF
DPMN,10DPMN,M,NS,00,62,31,765.65,880,798.30,807.02,33.488380,5.705260,1000.00,cifi0007.DBF
DPMN,10DPMN,M,NS,00,62,32,783.05,890,814.31,823.05,33.488380,5.705260,1000.00,cifi0007.DBF
DPMN,10DPMN,M,NS,00,62,33,801.77,900,831.30,839.55,33.488380,5.705260,1000.00,cifi0007.DBF
DPMN,10DPMN,M,NS,00,62,34,823.56,913,850.78,857.79,33.488380,5.705260,1000.00,cifi0007.DBF
DPMN,10DPMN,M,NS,00,62,35,849.73,927,873.75,879.01,33.488380,5.705260,1000.00,cifi0007.DBF
DPMN,10DPMN,M,NS,00,62,36,883.42,945,902.74,904.99,33.488380,5.705260,1000.00,cifi0007.DBF
DPMN,10DPMN,M,NS,00,62,37,930.13,968,942.14,939.18,33.488380,5.705260,1000.00,cifi0007.DBF
DPMN,10DPMN,M,NS,00,62,38,1000.00,1000,1000.00,987.81,33.488380,5.705260,1000.00,cifi0007.DBF
DPMN,10DPMN,M,NS,00,63,1,0.00,0,0.00,3.17,6.345750,6.345750,1000.00,cifi0007.DBF
DPMN,10DPMN,M,NS,00,63,2,5.20,12,29.28,32.28,35.286410,6.345750,1000.00,cifi0007.DBF
DPMN,10DPMN,M,NS,00,63,3,32.29,68,58.89,61.73,35.286410,6.345750,1000.00,cifi0007.DBF
DPMN,10DPMN,M,NS,00,63,4,59.88,121,88.84,91.51,35.286410,6.345750,1000.00,cifi0007.DBF
DPMN,10DPMN,M,NS,00,63,5,87.99,173,119.15,121.64,35.286410,6.345750,1000.00,cifi0007.DBF
DPMN,10DPMN,M,NS,00,63,6,116.62,222,149.78,152.11,35.286410,6.345750,1000.00,cifi0007.DBF
DPMN,10DPMN,M,NS,00,63,7,145.72,269,180.72,182.90,35.286410,6.345750,1000.00,cifi0007.DBF
DPMN,10DPMN,M,NS,00,63,8,175.24,315,211.88,213.94,35.286410,6.345750,1000.00,cifi0007.DBF
DPMN,10DPMN,M,NS,00,63,9,205.07,358,243.16,245.16,35.286410,6.345750,1000.00,cifi0007.DBF
DPMN,10DPMN,M,NS,00,63,10,235.08,399,274.43,276.44,35.286410,6.345750,1000.00,cifi0007.DBF
DPMN,10DPMN,M,NS,00,63,11,265.17,438,305.60,307.66,35.286410,6.345750,1000.00,cifi0007.DBF
DPMN,10DPMN,M,NS,00,63,12,295.26,475,336.57,338.73,35.286410,6.345750,1000.00,cifi0007.DBF
DPMN,10DPMN,M,NS,00,63,13,325.30,510,367.32,369.59,35.286410,6.345750,1000.00,cifi0007.DBF
DPMN,10DPMN,M,NS,00,63,14,355.28,544,397.82,400.21,35.286410,6.345750,1000.00,cifi0007.DBF
DPMN,10DPMN,M,NS,00,63,15,385.19,575,428.08,430.59,35.286410,6.345750,1000.00,cifi0007.DBF
DPMN,10DPMN,M,NS,00,63,16,415.03,605,458.08,460.72,35.286410,6.345750,1000.00,cifi0007.DBF
DPMN,10DPMN,M,NS,00,63,17,444.70,634,487.74,490.55,35.286410,6.345750,1000.00,cifi0007.DBF
DPMN,10DPMN,M,NS,00,63,18,474.10,661,516.97,520.00,35.286410,6.345750,1000.00,cifi0007.DBF
DPMN,10DPMN,M,NS,00,63,19,503.07,686,545.61,548.93,35.286410,6.345750,1000.00,cifi0007.DBF
DPMN,10DPMN,M,NS,00,63,20,531.57,710,573.64,577.27,35.286410,6.345750,1000.00,cifi0007.DBF
DPMN,10DPMN,M,NS,00,63,21,559.46,733,600.92,604.93,35.286410,6.345750,1000.00,cifi0007.DBF
DPMN,10DPMN,M,NS,00,63,22,586.58,754,627.31,631.76,35.286410,6.345750,1000.00,cifi0007.DBF
DPMN,10DPMN,M,NS,00,63,23,612.74,774,652.65,657.62,35.286410,6.345750,1000.00,cifi0007.DBF
DPMN,10DPMN,M,NS,00,63,24,637.75,792,676.75,682.34,35.286410,6.345750,1000.00,cifi0007.DBF
DPMN,10DPMN,M,NS,00,63,25,661.40,809,699.45,705.75,35.286410,6.345750,1000.00,cifi0007.DBF
DPMN,10DPMN,M,NS,00,63,26,683.55,824,720.61,727.68,35.286410,6.345750,1000.00,cifi0007.DBF
DPMN,10DPMN,M,NS,00,63,27,704.22,837,740.26,748.08,35.286410,6.345750,1000.00,cifi0007.DBF
DPMN,10DPMN,M,NS,00,63,28,723.51,850,758.51,767.03,35.286410,6.345750,1000.00,cifi0007.DBF
DPMN,10DPMN,M,NS,00,63,29,741.75,862,775.66,784.73,35.286410,6.345750,1000.00,cifi0007.DBF
DPMN,10DPMN,M,NS,00,63,30,759.45,872,792.16,801.55,35.286410,6.345750,1000.00,cifi0007.DBF
DPMN,10DPMN,M,NS,00,63,31,777.32,883,808.64,818.04,35.286410,6.345750,1000.00,cifi0007.DBF
DPMN,10DPMN,M,NS,00,63,32,796.53,895,826.13,835.03,35.286410,6.345750,1000.00,cifi0007.DBF
DPMN,10DPMN,M,NS,00,63,33,818.89,907,846.19,853.81,35.286410,6.345750,1000.00,cifi0007.DBF
DPMN,10DPMN,M,NS,00,63,34,845.75,923,869.85,875.67,35.286410,6.345750,1000.00,cifi0007.DBF
DPMN,10DPMN,M,NS,00,63,35,880.34,941,899.73,902.44,35.286410,6.345750,1000.00,cifi0007.DBF
DPMN,10DPMN,M,NS,00,63,36,928.29,966,940.34,937.68,35.286410,6.345750,1000.00,cifi0007.DBF
DPMN,10DPMN,M,NS,00,63,37,1000.00,1000,1000.00,987.81,35.286410,6.345750,1000.00,cifi0007.DBF
DPMN,10DPMN,M,NS,00,64,1,0.00,0,0.00,3.53,7.065070,7.065070,1000.00,cifi0007.DBF
DPMN,10DPMN,M,NS,00,64,2,5.48,12,30.49,33.85,37.212850,7.065070,1000.00,cifi0007.DBF
DPMN,10DPMN,M,NS,00,64,3,33.84,69,61.34,64.52,37.212850,7.065070,1000.00,cifi0007.DBF
DPMN,10DPMN,M,NS,00,64,4,62.73,123,92.54,95.54,37.212850,7.065070,1000.00,cifi0007.DBF
DPMN,10DPMN,M,NS,00,64,5,92.15,176,124.09,126.92,37.212850,7.065070,1000.00,cifi0007.DBF
DPMN,10DPMN,M,NS,00,64,6,122.06,226,155.94,158.62,37.212850,7.065070,1000.00,cifi0007.DBF
DPMN,10DPMN,M,NS,00,64,7,152.40,274,188.03,190.59,37.212850,7.065070,1000.00,cifi0007.DBF
DPMN,10DPMN,M,NS,00,64,8,183.05,320,220.23,222.74,37.212850,7.065070,1000.00,cifi0007.DBF
DPMN,10DPMN,M,NS,00,64,9,213.89,363,252.44,254.94,37.212850,7.065070,1000.00,cifi0007.DBF
DPMN,10DPMN,M,NS,00,64,10,244.82,405,284.53,287.09,37.212850,7.065070,1000.00,cifi0007.DBF
DPMN,10DPMN,M,NS,00,64,11,275.74,444,316.42,319.08,37.212850,7.065070,1000.00,cifi0007.DBF
DPMN,10DPMN,M,NS,00,64,12,306.61,481,348.08,350.86,37.212850,7.065070,1000.00,cifi0007.DBF
DPMN,10DPMN,M,NS,00,64,13,337.42,516,379.49,382.39,37.212850,7.065070,1000.00,cifi0007.DBF
DPMN,10DPMN,M,NS,00,64,14,368.16,550,410.65,413.68,37.212850,7.065070,1000.00,cifi0007.DBF
DPMN,10DPMN,M,NS,00,64,15,398.82,582,441.54,444.70,37.212850,7.065070,1000.00,cifi0007.DBF
DPMN,10DPMN,M,NS,00,64,16,429.32,612,472.09,475.42,37.212850,7.065070,1000.00,cifi0007.DBF
DPMN,10DPMN,M,NS,00,64,17,459.53,641,502.18,505.74,37.212850,7.065070,1000.00,cifi0007.DBF
DPMN,10DPMN,M,NS,00,64,18,489.30,668,531.67,535.53,37.212850,7.065070,1000.00,cifi0007.DBF
DPMN,10DPMN,M,NS,00,64,19,518.60,693,560.54,564.71,37.212850,7.065070,1000.00,cifi0007.DBF
DPMN,10DPMN,M,NS,00,64,20,547.26,717,588.63,593.19,37.212850,7.065070,1000.00,cifi0007.DBF
DPMN,10DPMN,M,NS,00,64,21,575.13,739,615.81,620.83,37.212850,7.065070,1000.00,cifi0007.DBF
DPMN,10DPMN,M,NS,00,64,22,602.01,760,641.90,647.46,37.212850,7.065070,1000.00,cifi0007.DBF
DPMN,10DPMN,M,NS,00,64,23,627.71,780,666.72,672.92,37.212850,7.065070,1000.00,cifi0007.DBF
DPMN,10DPMN,M,NS,00,64,24,652.02,797,690.10,697.02,37.212850,7.065070,1000.00,cifi0007.DBF
DPMN,10DPMN,M,NS,00,64,25,674.79,813,711.89,719.60,37.212850,7.065070,1000.00,cifi0007.DBF
DPMN,10DPMN,M,NS,00,64,26,696.02,828,732.12,740.61,37.212850,7.065070,1000.00,cifi0007.DBF
DPMN,10DPMN,M,NS,00,64,27,715.85,841,750.92,760.13,37.212850,7.065070,1000.00,cifi0007.DBF
DPMN,10DPMN,M,NS,00,64,28,734.60,853,768.58,778.36,37.212850,7.065070,1000.00,cifi0007.DBF
DPMN,10DPMN,M,NS,00,64,29,752.79,865,785.58,795.69,37.212850,7.065070,1000.00,cifi0007.DBF
DPMN,10DPMN,M,NS,00,64,30,771.15,876,802.57,812.68,37.212850,7.065070,1000.00,cifi0007.DBF
DPMN,10DPMN,M,NS,00,64,31,790.89,888,820.60,830.19,37.212850,7.065070,1000.00,cifi0007.DBF
DPMN,10DPMN,M,NS,00,64,32,813.88,902,841.28,849.55,37.212850,7.065070,1000.00,cifi0007.DBF
DPMN,10DPMN,M,NS,00,64,33,841.48,918,865.68,872.09,37.212850,7.065070,1000.00,cifi0007.DBF
DPMN,10DPMN,M,NS,00,64,34,877.03,938,896.50,899.70,37.212850,7.065070,1000.00,cifi0007.DBF
DPMN,10DPMN,M,NS,00,64,35,926.30,964,938.41,936.07,37.212850,7.065070,1000.00,cifi0007.DBF
DPMN,10DPMN,M,NS,00,64,36,1000.00,1000,1000.00,987.81,37.212850,7.065070,1000.00,cifi0007.DBF
DPMN,10DPMN,M,NS,00,65,1,0.00,0,0.00,3.92,7.843510,7.843510,1000.00,cifi0007.DBF
DPMN,10DPMN,M,NS,00,65,2,5.79,12,31.80,35.54,39.281430,7.843510,1000.00,cifi0007.DBF
DPMN,10DPMN,M,NS,00,65,3,35.52,70,63.97,67.52,39.281430,7.843510,1000.00,cifi0007.DBF
DPMN,10DPMN,M,NS,00,65,4,65.79,126,96.49,99.87,39.281430,7.843510,1000.00,cifi0007.DBF
DPMN,10DPMN,M,NS,00,65,5,96.58,179,129.34,132.56,39.281430,7.843510,1000.00,cifi0007.DBF
DPMN,10DPMN,M,NS,00,65,6,127.79,230,162.41,165.52,39.281430,7.843510,1000.00,cifi0007.DBF
DPMN,10DPMN,M,NS,00,65,7,159.33,278,195.62,198.66,39.281430,7.843510,1000.00,cifi0007.DBF
DPMN,10DPMN,M,NS,00,65,8,191.07,324,228.82,231.86,39.281430,7.843510,1000.00,cifi0007.DBF
DPMN,10DPMN,M,NS,00,65,9,222.90,368,261.91,265.00,39.281430,7.843510,1000.00,cifi0007.DBF
DPMN,10DPMN,M,NS,00,65,10,254.71,410,294.79,297.99,39.281430,7.843510,1000.00,cifi0007.DBF
DPMN,10DPMN,M,NS,00,65,11,286.48,449,327.43,330.75,39.281430,7.843510,1000.00,cifi0007.DBF
DPMN,10DPMN,M,NS,00,65,12,318.19,487,359.81,363.26,39.281430,7.843510,1000.00,cifi0007.DBF
DPMN,10DPMN,M,NS,00,65,13,349.82,522,391.94,395.52,39.281430,7.843510,1000.00,cifi0007.DBF
DPMN,10DPMN,M,NS,00,65,14,381.37,556,423.78,427.50,39.281430,7.843510,1000.00,cifi0007.DBF
DPMN,10DPMN,M,NS,00,65,15,412.75,588,455.28,459.17,39.281430,7.843510,1000.00,cifi0007.DBF
DPMN,10DPMN,M,NS,00,65,16,443.84,619,486.30,490.43,39.281430,7.843510,1000.00,cifi0007.DBF
DPMN,10DPMN,M,NS,00,65,17,474.48,647,516.71,521.15,39.281430,7.843510,1000.00,cifi0007.DBF
DPMN,10DPMN,M,NS,00,65,18,504.62,674,546.47,551.23,39.281430,7.843510,1000.00,cifi0007.DBF
DPMN,10DPMN,M,NS,00,65,19,534.12,700,575.44,580.60,39.281430,7.843510,1000.00,cifi0007.DBF
DPMN,10DPMN,M,NS,00,65,20,562.79,724,603.46,609.09,39.281430,7.843510,1000.00,cifi0007.DBF
DPMN,10DPMN,M,NS,00,65,21,590.46,746,630.35,636.55,39.281430,7.843510,1000.00,cifi0007.DBF
DPMN,10DPMN,M,NS,00,65,22,616.91,766,655.95,662.79,39.281430,7.843510,1000.00,cifi0007.DBF
DPMN,10DPMN,M,NS,00,65,23,641.92,785,680.05,687.64,39.281430,7.843510,1000.00,cifi0007.DBF
DPMN,10DPMN,M,NS,00,65,24,665.34,802,702.52,710.92,39.281430,7.843510,1000.00,cifi0007.DBF
DPMN,10DPMN,M,NS,00,65,25,687.20,817,723.38,732.59,39.281430,7.843510,1000.00,cifi0007.DBF
DPMN,10DPMN,M,NS,00,65,26,707.60,831,742.77,752.72,39.281430,7.843510,1000.00,cifi0007.DBF
DPMN,10DPMN,M,NS,00,65,27,726.89,844,760.98,771.51,39.281430,7.843510,1000.00,cifi0007.DBF
DPMN,10DPMN,M,NS,00,65,28,745.61,857,778.52,789.39,39.281430,7.843510,1000.00,cifi0007.DBF
DPMN,10DPMN,M,NS,00,65,29,764.51,869,796.05,806.92,39.281430,7.843510,1000.00,cifi0007.DBF
DPMN,10DPMN,M,NS,00,65,30,784.82,881,814.65,824.99,39.281430,7.843510,1000.00,cifi0007.DBF
DPMN,10DPMN,M,NS,00,65,31,808.47,896,836.00,844.97,39.281430,7.843510,1000.00,cifi0007.DBF
DPMN,10DPMN,M,NS,00,65,32,836.88,913,861.20,868.24,39.281430,7.843510,1000.00,cifi0007.DBF
DPMN,10DPMN,M,NS,00,65,33,873.46,934,893.04,896.76,39.281430,7.843510,1000.00,cifi0007.DBF
DPMN,10DPMN,M,NS,00,65,34,924.16,962,936.35,934.33,39.281430,7.843510,1000.00,cifi0007.DBF
DPMN,10DPMN,M,NS,00,65,35,1000.00,1000,1000.00,987.81,39.281430,7.843510,1000.00,cifi0007.DBF
DPMN,10DPMN,M,NS,00,66,1,0.00,0,0.00,4.34,8.681070,8.681070,1000.00,cifi0007.DBF
DPMN,10DPMN,M,NS,00,66,2,6.15,13,33.21,37.36,41.508340,8.681070,1000.00,cifi0007.DBF
DPMN,10DPMN,M,NS,00,66,3,37.34,71,66.79,70.75,41.508340,8.681070,1000.00,cifi0007.DBF
DPMN,10DPMN,M,NS,00,66,4,69.06,128,100.69,104.49,41.508340,8.681070,1000.00,cifi0007.DBF
DPMN,10DPMN,M,NS,00,66,5,101.23,182,134.84,138.52,41.508340,8.681070,1000.00,cifi0007.DBF
DPMN,10DPMN,M,NS,00,66,6,133.73,234,169.12,172.74,41.508340,8.681070,1000.00,cifi0007.DBF
DPMN,10DPMN,M,NS,00,66,7,166.44,283,203.40,207.01,41.508340,8.681070,1000.00,cifi0007.DBF
DPMN,10DPMN,M,NS,00,66,8,199.23,329,237.55,241.23,41.508340,8.681070,1000.00,cifi0007.DBF
DPMN,10DPMN,M,NS,00,66,9,232.01,373,271.50,275.28,41.508340,8.681070,1000.00,cifi0007.DBF
DPMN,10DPMN,M,NS,00,66,10,264.75,415,305.20,309.10,41.508340,8.681070,1000.00,cifi0007.DBF
DPMN,10DPMN,M,NS,00,66,11,297.42,455,338.63,342.67,41.508340,8.681070,1000.00,cifi0007.DBF
DPMN,10DPMN,M,NS,00,66,12,330.02,493,371.79,375.96,41.508340,8.681070,1000.00,cifi0007.DBF
DPMN,10DPMN,M,NS,00,66,13,362.53,529,404.67,408.98,41.508340,8.681070,1000.00,cifi0007.DBF
DPMN,10DPMN,M,NS,00,66,14,394.86,563,437.18,441.68,41.508340,8.681070,1000.00,cifi0007.DBF
DPMN,10DPMN,M,NS,00,66,15,426.90,595,469.21,473.95,41.508340,8.681070,1000.00,cifi0007.DBF
DPMN,10DPMN,M,NS,00,66,16,458.47,626,500.60,505.66,41.508340,8.681070,1000.00,cifi0007.DBF
DPMN,10DPMN,M,NS,00,66,17,489.54,654,531.33,536.72,41.508340,8.681070,1000.00,cifi0007.DBF
DPMN,10DPMN,M,NS,00,66,18,519.93,681,561.23,567.03,41.508340,8.681070,1000.00,cifi0007.DBF
DPMN,10DPMN,M,NS,00,66,19,549.48,707,590.16,596.45,41.508340,8.681070,1000.00,cifi0007.DBF
DPMN,10DPMN,M,NS,00,66,20,577.98,730,617.93,624.80,41.508340,8.681070,1000.00,cifi0007.DBF
DPMN,10DPMN,M,NS,00,66,21,605.24,752,644.35,651.89,41.508340,8.681070,1000.00,cifi0007.DBF
DPMN,10DPMN,M,NS,00,66,22,631.02,772,669.23,677.55,41.508340,8.681070,1000.00,cifi0007.DBF
DPMN,10DPMN,M,NS,00,66,23,655.15,790,692.43,701.59,41.508340,8.681070,1000.00,cifi0007.DBF
DPMN,10DPMN,M,NS,00,66,24,677.67,806,713.98,723.96,41.508340,8.681070,1000.00,cifi0007.DBF
DPMN,10DPMN,M,NS,00,66,25,698.70,821,733.99,744.74,41.508340,8.681070,1000.00,cifi0007.DBF
DPMN,10DPMN,M,NS,00,66,26,718.57,835,752.80,764.15,41.508340,8.681070,1000.00,cifi0007.DBF
DPMN,10DPMN,M,NS,00,66,27,737.87,848,770.92,782.61,41.508340,8.681070,1000.00,cifi0007.DBF
DPMN,10DPMN,M,NS,00,66,28,757.34,861,789.02,800.73,41.508340,8.681070,1000.00,cifi0007.DBF
DPMN,10DPMN,M,NS,00,66,29,778.27,874,808.25,819.39,41.508340,8.681070,1000.00,cifi0007.DBF
DPMN,10DPMN,M,NS,00,66,30,802.64,889,830.32,840.04,41.508340,8.681070,1000.00,cifi0007.DBF
DPMN,10DPMN,M,NS,00,66,31,831.91,907,856.37,864.10,41.508340,8.681070,1000.00,cifi0007.DBF
DPMN,10DPMN,M,NS,00,66,32,869.60,930,889.31,893.60,41.508340,8.681070,1000.00,cifi0007.DBF
DPMN,10DPMN,M,NS,00,66,33,921.85,959,934.12,932.47,41.508340,8.681070,1000.00,cifi0007.DBF
DPMN,10DPMN,M,NS,00,66,34,1000.00,1000,1000.00,987.81,41.508340,8.681070,1000.00,cifi0007.DBF
DPMN,10DPMN,M,NS,00,67,1,0.00,0,0.00,4.79,9.577750,9.577750,1000.00,cifi0007.DBF
DPMN,10DPMN,M,NS,00,67,2,6.53,13,34.71,39.31,43.912900,9.577750,1000.00,cifi0007.DBF
DPMN,10DPMN,M,NS,00,67,3,39.27,73,69.77,74.20,43.912900,9.577750,1000.00,cifi0007.DBF
DPMN,10DPMN,M,NS,00,67,4,72.46,130,105.07,109.37,43.912900,9.577750,1000.00,cifi0007.DBF
DPMN,10DPMN,M,NS,00,67,5,106.01,185,140.51,144.75,43.912900,9.577750,1000.00,cifi0007.DBF
DPMN,10DPMN,M,NS,00,67,6,139.76,237,175.94,180.18,43.912900,9.577750,1000.00,cifi0007.DBF
DPMN,10DPMN,M,NS,00,67,7,173.60,287,211.26,215.56,43.912900,9.577750,1000.00,cifi0007.DBF
DPMN,10DPMN,M,NS,00,67,8,207.44,334,246.35,250.76,43.912900,9.577750,1000.00,cifi0007.DBF
DPMN,10DPMN,M,NS,00,67,9,241.22,379,281.19,285.73,43.912900,9.577750,1000.00,cifi0007.DBF
DPMN,10DPMN,M,NS,00,67,10,274.94,421,315.75,320.43,43.912900,9.577750,1000.00,cifi0007.DBF
DPMN,10DPMN,M,NS,00,67,11,308.58,461,350.04,354.85,43.912900,9.577750,1000.00,cifi0007.DBF
DPMN,10DPMN,M,NS,00,67,12,342.13,499,384.03,388.99,43.912900,9.577750,1000.00,cifi0007.DBF
DPMN,10DPMN,M,NS,00,67,13,375.50,535,417.64,422.79,43.912900,9.577750,1000.00,cifi0007.DBF
DPMN,10DPMN,M,NS,00,67,14,408.56,570,450.76,456.15,43.912900,9.577750,1000.00,cifi0007.DBF
DPMN,10DPMN,M,NS,00,67,15,441.14,602,483.21,488.94,43.912900,9.577750,1000.00,cifi0007.DBF
DPMN,10DPMN,M,NS,00,67,16,473.20,632,514.98,521.05,43.912900,9.577750,1000.00,cifi0007.DBF
DPMN,10DPMN,M,NS,00,67,17,504.56,661,545.89,552.39,43.912900,9.577750,1000.00,cifi0007.DBF
DPMN,10DPMN,M,NS,00,67,18,535.06,688,575.80,582.80,43.912900,9.577750,1000.00,cifi0007.DBF
DPMN,10DPMN,M,NS,00,67,19,564.48,713,604.51,612.11,43.912900,9.577750,1000.00,cifi0007.DBF
DPMN,10DPMN,M,NS,00,67,20,592.60,736,631.83,640.12,43.912900,9.577750,1000.00,cifi0007.DBF
DPMN,10DPMN,M,NS,00,67,21,619.21,757,657.55,666.65,43.912900,9.577750,1000.00,cifi0007.DBF
DPMN,10DPMN,M,NS,00,67,22,644.12,776,681.54,691.50,43.912900,9.577750,1000.00,cifi0007.DBF
DPMN,10DPMN,M,NS,00,67,23,667.36,794,703.82,714.63,43.912900,9.577750,1000.00,cifi0007.DBF
DPMN,10DPMN,M,NS,00,67,24,689.06,810,724.52,736.12,43.912900,9.577750,1000.00,cifi0007.DBF
DPMN,10DPMN,M,NS,00,67,25,709.57,824,743.97,756.20,43.912900,9.577750,1000.00,cifi0007.DBF
DPMN,10DPMN,M,NS,00,67,26,729.48,838,762.71,775.30,43.912900,9.577750,1000.00,cifi0007.DBF
DPMN,10DPMN,M,NS,00,67,27,749.57,852,781.44,794.03,43.912900,9.577750,1000.00,cifi0007.DBF
DPMN,10DPMN,M,NS,00,67,28,771.17,866,801.34,813.35,43.912900,9.577750,1000.00,cifi0007.DBF
DPMN,10DPMN,M,NS,00,67,29,796.32,882,824.19,834.72,43.912900,9.577750,1000.00,cifi0007.DBF
DPMN,10DPMN,M,NS,00,67,30,826.53,902,851.17,859.63,43.912900,9.577750,1000.00,cifi0007.DBF
DPMN,10DPMN,M,NS,00,67,31,865.43,925,885.28,890.18,43.912900,9.577750,1000.00,cifi0007.DBF
DPMN,10DPMN,M,NS,00,67,32,919.35,957,931.71,930.45,43.912900,9.577750,1000.00,cifi0007.DBF
DPMN,10DPMN,M,NS,00,67,33,1000.00,1000,1000.00,987.81,43.912900,9.577750,1000.00,cifi0007.DBF
DPMN,10DPMN,M,NS,00,68,1,0.00,0,0.00,5.29,10.572970,10.572970,1000.00,cifi0007.DBF
DPMN,10DPMN,M,NS,00,68,2,7.10,14,36.29,41.40,46.515170,10.572970,1000.00,cifi0007.DBF
DPMN,10DPMN,M,NS,00,68,3,41.41,75,72.85,77.83,46.515170,10.572970,1000.00,cifi0007.DBF
DPMN,10DPMN,M,NS,00,68,4,76.07,133,109.55,114.45,46.515170,10.572970,1000.00,cifi0007.DBF
DPMN,10DPMN,M,NS,00,68,5,110.96,189,146.24,151.15,46.515170,10.572970,1000.00,cifi0007.DBF
DPMN,10DPMN,M,NS,00,68,6,145.93,241,182.80,187.77,46.515170,10.572970,1000.00,cifi0007.DBF
DPMN,10DPMN,M,NS,00,68,7,180.90,291,219.14,224.23,46.515170,10.572970,1000.00,cifi0007.DBF
DPMN,10DPMN,M,NS,00,68,8,215.81,339,255.21,260.43,46.515170,10.572970,1000.00,cifi0007.DBF
DPMN,10DPMN,M,NS,00,68,9,250.66,384,291.00,296.36,46.515170,10.572970,1000.00,cifi0007.DBF
DPMN,10DPMN,M,NS,00,68,10,285.43,426,326.50,332.00,46.515170,10.572970,1000.00,cifi0007.DBF
DPMN,10DPMN,M,NS,00,68,11,320.10,467,361.69,367.35,46.515170,10.572970,1000.00,cifi0007.DBF
DPMN,10DPMN,M,NS,00,68,12,354.59,505,396.49,402.35,46.515170,10.572970,1000.00,cifi0007.DBF
DPMN,10DPMN,M,NS,00,68,13,388.76,542,430.78,436.90,46.515170,10.572970,1000.00,cifi0007.DBF
DPMN,10DPMN,M,NS,00,68,14,422.43,576,464.39,470.84,46.515170,10.572970,1000.00,cifi0007.DBF
DPMN,10DPMN,M,NS,00,68,15,455.56,609,497.28,504.09,46.515170,10.572970,1000.00,cifi0007.DBF
DPMN,10DPMN,M,NS,00,68,16,487.98,639,529.29,536.54,46.515170,10.572970,1000.00,cifi0007.DBF
DPMN,10DPMN,M,NS,00,68,17,519.49,668,560.26,568.03,46.515170,10.572970,1000.00,cifi0007.DBF
DPMN,10DPMN,M,NS,00,68,18,549.90,695,589.98,598.38,46.515170,10.572970,1000.00,cifi0007.DBF
DPMN,10DPMN,M,NS,00,68,19,578.96,719,618.27,627.39,46.515170,10.572970,1000.00,cifi0007.DBF
DPMN,10DPMN,M,NS,00,68,20,606.46,742,644.91,654.85,46.515170,10.572970,1000.00,cifi0007.DBF
DPMN,10DPMN,M,NS,00,68,21,632.20,762,669.75,680.59,46.515170,10.572970,1000.00,cifi0007.DBF
DPMN,10DPMN,M,NS,00,68,22,656.22,780,692.82,704.55,46.515170,10.572970,1000.00,cifi0007.DBF
DPMN,10DPMN,M,NS,00,68,23,678.64,797,714.26,726.80,46.515170,10.572970,1000.00,cifi0007.DBF
DPMN,10DPMN,M,NS,00,68,24,699.84,813,734.41,747.59,46.515170,10.572970,1000.00,cifi0007.DBF
DPMN,10DPMN,M,NS,00,68,25,720.42,828,753.83,767.38,46.515170,10.572970,1000.00,cifi0007.DBF
DPMN,10DPMN,M,NS,00,68,26,741.18,842,773.24,786.79,46.515170,10.572970,1000.00,cifi0007.DBF
DPMN,10DPMN,M,NS,00,68,27,763.51,858,793.86,806.81,46.515170,10.572970,1000.00,cifi0007.DBF
DPMN,10DPMN,M,NS,00,68,28,789.51,875,817.55,828.96,46.515170,10.572970,1000.00,cifi0007.DBF
DPMN,10DPMN,M,NS,00,68,29,820.72,895,845.53,854.79,46.515170,10.572970,1000.00,cifi0007.DBF
DPMN,10DPMN,M,NS,00,68,30,860.92,920,880.92,886.48,46.515170,10.572970,1000.00,cifi0007.DBF
DPMN,10DPMN,M,NS,00,68,31,916.65,954,929.11,928.27,46.515170,10.572970,1000.00,cifi0007.DBF
DPMN,10DPMN,M,NS,00,68,32,1000.00,1000,1000.00,987.81,46.515170,10.572970,1000.00,cifi0007.DBF
DPMN,10DPMN,M,NS,00,69,1,0.00,0,0.00,5.85,11.696280,11.696280,1000.00,cifi0007.DBF
DPMN,10DPMN,M,NS,00,69,2,10.35,19,37.91,43.62,49.336960,11.696280,1000.00,cifi0007.DBF
DPMN,10DPMN,M,NS,00,69,3,46.14,81,75.97,81.61,49.336960,11.696280,1000.00,cifi0007.DBF
DPMN,10DPMN,M,NS,00,69,4,82.15,140,114.02,119.66,49.336960,11.696280,1000.00,cifi0007.DBF
DPMN,10DPMN,M,NS,00,69,5,118.26,196,151.94,157.65,49.336960,11.696280,1000.00,cifi0007.DBF
DPMN,10DPMN,M,NS,00,69,6,154.36,249,189.63,195.45,49.336960,11.696280,1000.00,cifi0007.DBF
DPMN,10DPMN,M,NS,00,69,7,190.40,299,227.03,233.00,49.336960,11.696280,1000.00,cifi0007.DBF
DPMN,10DPMN,M,NS,00,69,8,226.38,347,264.15,270.26,49.336960,11.696280,1000.00,cifi0007.DBF
DPMN,10DPMN,M,NS,00,69,9,262.27,392,300.97,307.23,49.336960,11.696280,1000.00,cifi0007.DBF
DPMN,10DPMN,M,NS,00,69,10,298.07,435,337.47,343.89,49.336960,11.696280,1000.00,cifi0007.DBF
DPMN,10DPMN,M,NS,00,69,11,333.67,476,373.56,380.18,49.336960,11.696280,1000.00,cifi0007.DBF
DPMN,10DPMN,M,NS,00,69,12,368.95,514,409.13,416.01,49.336960,11.696280,1000.00,cifi0007.DBF
DPMN,10DPMN,M,NS,00,69,13,403.71,551,443.98,451.22,49.336960,11.696280,1000.00,cifi0007.DBF
DPMN,10DPMN,M,NS,00,69,14,437.92,585,478.09,485.70,49.336960,11.696280,1000.00,cifi0007.DBF
DPMN,10DPMN,M,NS,00,69,15,471.38,618,511.29,519.36,49.336960,11.696280,1000.00,cifi0007.DBF
DPMN,10DPMN,M,NS,00,69,16,503.92,648,543.40,552.01,49.336960,11.696280,1000.00,cifi0007.DBF
DPMN,10DPMN,M,NS,00,69,17,535.31,676,574.24,583.49,49.336960,11.696280,1000.00,cifi0007.DBF
DPMN,10DPMN,M,NS,00,69,18,565.32,702,603.58,613.57,49.336960,11.696280,1000.00,cifi0007.DBF
DPMN,10DPMN,M,NS,00,69,19,593.71,726,631.21,642.06,49.336960,11.696280,1000.00,cifi0007.DBF
DPMN,10DPMN,M,NS,00,69,20,620.28,748,656.97,668.76,49.336960,11.696280,1000.00,cifi0007.DBF
DPMN,10DPMN,M,NS,00,69,21,645.08,767,680.90,693.60,49.336960,11.696280,1000.00,cifi0007.DBF
DPMN,10DPMN,M,NS,00,69,22,668.23,785,703.14,716.69,49.336960,11.696280,1000.00,cifi0007.DBF
DPMN,10DPMN,M,NS,00,69,23,690.12,802,724.05,738.26,49.336960,11.696280,1000.00,cifi0007.DBF
DPMN,10DPMN,M,NS,00,69,24,711.36,817,744.19,758.79,49.336960,11.696280,1000.00,cifi0007.DBF
DPMN,10DPMN,M,NS,00,69,25,732.80,833,764.34,778.93,49.336960,11.696280,1000.00,cifi0007.DBF
DPMN,10DPMN,M,NS,00,69,26,755.85,849,785.75,799.71,49.336960,11.696280,1000.00,cifi0007.DBF
DPMN,10DPMN,M,NS,00,69,27,782.68,867,810.35,822.72,49.336960,11.696280,1000.00,cifi0007.DBF
DPMN,10DPMN,M,NS,00,69,28,814.92,889,839.41,849.55,49.336960,11.696280,1000.00,cifi0007.DBF
DPMN,10DPMN,M,NS,00,69,29,856.42,916,876.20,882.47,49.336960,11.696280,1000.00,cifi0007.DBF
DPMN,10DPMN,M,NS,00,69,30,913.95,951,926.29,925.91,49.336960,11.696280,1000.00,cifi0007.DBF
DPMN,10DPMN,M,NS,00,69,31,1000.00,1000,1000.00,987.81,49.336960,11.696280,1000.00,cifi0007.DBF
DPMN,10DPMN,M,NS,00,70,1,0.00,0,0.00,6.51,13.016670,13.016670,1000.00,cifi0007.DBF
DPMN,10DPMN,M,NS,00,70,2,13.64,24,39.53,45.97,52.398820,13.016670,1000.00,cifi0007.DBF
DPMN,10DPMN,M,NS,00,70,3,50.88,87,79.06,85.50,52.398820,13.016670,1000.00,cifi0007.DBF
DPMN,10DPMN,M,NS,00,70,4,88.21,146,118.45,124.96,52.398820,13.016670,1000.00,cifi0007.DBF
DPMN,10DPMN,M,NS,00,70,5,125.55,202,157.61,164.23,52.398820,13.016670,1000.00,cifi0007.DBF
DPMN,10DPMN,M,NS,00,70,6,162.82,256,196.46,203.23,52.398820,13.016670,1000.00,cifi0007.DBF
DPMN,10DPMN,M,NS,00,70,7,200.02,306,235.02,241.94,52.398820,13.016670,1000.00,cifi0007.DBF
DPMN,10DPMN,M,NS,00,70,8,237.14,354,273.27,280.34,52.398820,13.016670,1000.00,cifi0007.DBF
DPMN,10DPMN,M,NS,00,70,9,274.15,400,311.19,318.43,52.398820,13.016670,1000.00,cifi0007.DBF
DPMN,10DPMN,M,NS,00,70,10,310.97,443,348.68,356.13,52.398820,13.016670,1000.00,cifi0007.DBF
DPMN,10DPMN,M,NS,00,70,11,347.45,484,385.62,393.35,52.398820,13.016670,1000.00,cifi0007.DBF
DPMN,10DPMN,M,NS,00,70,12,383.40,523,421.83,429.93,52.398820,13.016670,1000.00,cifi0007.DBF
DPMN,10DPMN,M,NS,00,70,13,418.77,560,457.27,465.75,52.398820,13.016670,1000.00,cifi0007.DBF
DPMN,10DPMN,M,NS,00,70,14,453.37,594,491.75,500.71,52.398820,13.016670,1000.00,cifi0007.DBF
DPMN,10DPMN,M,NS,00,70,15,487.02,626,525.12,534.64,52.398820,13.016670,1000.00,cifi0007.DBF
DPMN,10DPMN,M,NS,00,70,16,519.48,656,557.15,567.33,52.398820,13.016670,1000.00,cifi0007.DBF
DPMN,10DPMN,M,NS,00,70,17,550.51,684,587.63,598.59,52.398820,13.016670,1000.00,cifi0007.DBF
DPMN,10DPMN,M,NS,00,70,18,579.86,709,616.34,628.18,52.398820,13.016670,1000.00,cifi0007.DBF
DPMN,10DPMN,M,NS,00,70,19,607.34,732,643.10,655.92,52.398820,13.016670,1000.00,cifi0007.DBF
DPMN,10DPMN,M,NS,00,70,20,632.99,753,667.97,681.73,52.398820,13.016670,1000.00,cifi0007.DBF
DPMN,10DPMN,M,NS,00,70,21,656.93,772,691.07,705.72,52.398820,13.016670,1000.00,cifi0007.DBF
DPMN,10DPMN,M,NS,00,70,22,679.56,789,712.80,728.14,52.398820,13.016670,1000.00,cifi0007.DBF
DPMN,10DPMN,M,NS,00,70,23,701.52,806,733.74,749.47,52.398820,13.016670,1000.00,cifi0007.DBF
DPMN,10DPMN,M,NS,00,70,24,723.69,822,754.68,770.41,52.398820,13.016670,1000.00,cifi0007.DBF
DPMN,10DPMN,M,NS,00,70,25,747.53,840,776.95,792.02,52.398820,13.016670,1000.00,cifi0007.DBF
DPMN,10DPMN,M,NS,00,70,26,775.28,859,802.53,815.94,52.398820,13.016670,1000.00,cifi0007.DBF
DPMN,10DPMN,M,NS,00,70,27,808.61,882,832.78,843.86,52.398820,13.016670,1000.00,cifi0007.DBF
DPMN,10DPMN,M,NS,00,70,28,851.52,910,871.07,878.12,52.398820,13.016670,1000.00,cifi0007.DBF
DPMN,10DPMN,M,NS,00,70,29,911.02,948,923.23,923.35,52.398820,13.016670,1000.00,cifi0007.DBF
DPMN,10DPMN,M,NS,00,70,30,1000.00,1000,1000.00,987.81,52.398820,13.016670,1000.00,cifi0007.DBF
