cfic_plan,ql_plan,gender,uwclass,band,issue_age,policy_year,cash_value,pup_ins,term_rsv,mean_rsv,rl_netprem,fy_netprem,death_ben,source_file
P9FN,10P9FN,F,NS,00,0,1,0.00,0,0.00,0.23,0.000000,0.460000,1000.00,cifi0007.DBF
P9FN,10P9FN,F,NS,00,0,2,0.00,0,0.00,2.01,2.140000,0.460000,1000.00,cifi0007.DBF
P9FN,10P9FN,F,NS,00,0,3,0.00,0,0.00,3.97,2.140000,0.460000,1000.00,cifi0007.DBF
P9FN,10P9FN,F,NS,00,0,4,0.00,0,0.00,6.09,2.140000,0.460000,1000.00,cifi0007.DBF
P9FN,10P9FN,F,NS,00,0,5,0.00,0,0.00,8.33,2.140000,0.460000,1000.00,cifi0007.DBF
P9FN,10P9FN,F,NS,00,0,6,0.00,0,0.00,10.66,2.140000,0.460000,1000.00,cifi0007.DBF
P9FN,10P9FN,F,NS,00,0,7,0.00,0,0.00,13.10,2.140000,0.460000,1000.00,cifi0007.DBF
P9FN,10P9FN,F,NS,00,0,8,0.00,0,0.00,15.62,2.140000,0.460000,1000.00,cifi0007.DBF
P9FN,10P9FN,F,NS,00,0,9,1.30,33,0.00,18.22,2.140000,0.460000,1000.00,cifi0007.DBF
P9FN,10P9FN,F,NS,00,0,10,3.18,76,0.00,20.93,2.140000,0.460000,1000.00,cifi0007.DBF
P9FN,10P9FN,F,NS,00,0,11,5.15,118,0.00,23.74,2.140000,0.460000,1000.00,cifi0007.DBF
P9FN,10P9FN,F,NS,00,0,12,7.20,158,0.00,26.66,2.140000,0.460000,1000.00,cifi0007.DBF
P9FN,10P9FN,F,NS,00,0,13,9.32,195,0.00,29.67,2.140000,0.460000,1000.00,cifi0007.DBF
P9FN,10P9FN,F,NS,00,0,14,11.52,231,0.00,32.76,2.140000,0.460000,1000.00,cifi0007.DBF
P9FN,10P9FN,F,NS,00,0,15,13.79,265,0.00,35.96,2.140000,0.460000,1000.00,cifi0007.DBF
P9FN,10P9FN,F,NS,00,0,16,16.18,297,0.00,39.26,2.140000,0.460000,1000.00,cifi0007.DBF
P9FN,10P9FN,F,NS,00,0,17,18.63,328,0.00,42.68,2.140000,0.460000,1000.00,cifi0007.DBF
P9FN,10P9FN,F,NS,00,0,18,21.19,358,0.00,46.19,2.140000,0.460000,1000.00,cifi0007.DBF
P9FN,10P9FN,F,NS,00,0,19,23.86,386,0.00,49.83,2.140000,0.460000,1000.00,cifi0007.DBF
P9FN,10P9FN,F,NS,00,0,20,26.65,413,0.00,53.60,2.140000,0.460000,1000.00,cifi0007.DBF
P9FN,10P9FN,F,NS,00,0,21,29.57,440,0.00,57.50,2.140000,0.460000,1000.00,cifi0007.DBF
P9FN,10P9FN,F,NS,00,0,22,32.62,465,0.00,61.56,2.140000,0.460000,1000.00,cifi0007.DBF
P9FN,10P9FN,F,NS,00,0,23,35.82,489,0.00,65.77,2.140000,0.460000,1000.00,cifi0007.DBF
P9FN,10P9FN,F,NS,00,0,24,39.17,512,0.00,70.14,2.140000,0.460000,1000.00,cifi0007.DBF
P9FN,10P9FN,F,NS,00,0,25,42.68,534,0.00,74.68,2.140000,0.460000,1000.00,cifi0007.DBF
P9FN,10P9FN,F,NS,00,0,26,46.36,556,0.00,79.39,2.140000,0.460000,1000.00,cifi0007.DBF
P9FN,10P9FN,F,NS,00,0,27,50.20,576,0.00,84.28,2.140000,0.460000,1000.00,cifi0007.DBF
P9FN,10P9FN,F,NS,00,0,28,54.20,596,0.00,89.33,2.140000,0.460000,1000.00,cifi0007.DBF
P9FN,10P9FN,F,NS,00,0,29,58.39,615,0.00,94.57,2.140000,0.460000,1000.00,cifi0007.DBF
P9FN,10P9FN,F,NS,00,0,30,62.75,633,0.00,100.00,2.140000,0.460000,1000.00,cifi0007.DBF
P9FN,10P9FN,F,NS,00,0,31,67.32,650,0.00,105.62,2.140000,0.460000,1000.00,cifi0007.DBF
P9FN,10P9FN,F,NS,00,0,32,72.08,667,0.00,111.45,2.140000,0.460000,1000.00,cifi0007.DBF
P9FN,10P9FN,F,NS,00,0,33,77.04,682,0.00,117.47,2.140000,0.460000,1000.00,cifi0007.DBF
P9FN,10P9FN,F,NS,00,0,34,82.23,698,0.00,123.71,2.140000,0.460000,1000.00,cifi0007.DBF
P9FN,10P9FN,F,NS,00,0,35,87.61,712,0.00,130.15,2.140000,0.460000,1000.00,cifi0007.DBF
P9FN,10P9FN,F,NS,00,0,36,93.21,726,0.00,136.81,2.140000,0.460000,1000.00,cifi0007.DBF
P9FN,10P9FN,F,NS,00,0,37,99.04,739,0.00,143.68,2.140000,0.460000,1000.00,cifi0007.DBF
P9FN,10P9FN,F,NS,00,0,38,105.10,752,0.00,150.77,2.140000,0.460000,1000.00,cifi0007.DBF
P9FN,10P9FN,F,NS,00,0,39,111.43,764,0.00,158.10,2.140000,0.460000,1000.00,cifi0007.DBF
P9FN,10P9FN,F,NS,00,0,40,118.03,775,0.00,165.69,2.140000,0.460000,1000.00,cifi0007.DBF
P9FN,10P9FN,F,NS,00,0,41,124.91,786,0.00,173.54,2.140000,0.460000,1000.00,cifi0007.DBF
P9FN,10P9FN,F,NS,00,0,42,132.08,797,0.00,181.66,2.140000,0.460000,1000.00,cifi0007.DBF
P9FN,10P9FN,F,NS,00,0,43,139.54,807,0.00,190.05,2.140000,0.460000,1000.00,cifi0007.DBF
P9FN,10P9FN,F,NS,00,0,44,147.31,817,0.00,198.71,2.140000,0.460000,1000.00,cifi0007.DBF
P9FN,10P9FN,F,NS,00,0,45,155.38,826,0.00,207.65,2.140000,0.460000,1000.00,cifi0007.DBF
P9FN,10P9FN,F,NS,00,0,46,163.74,835,0.00,216.86,2.140000,0.460000,1000.00,cifi0007.DBF
P9FN,10P9FN,F,NS,00,0,47,172.40,843,0.00,226.33,2.140000,0.460000,1000.00,cifi0007.DBF
P9FN,10P9FN,F,NS,00,0,48,181.36,851,0.00,236.06,2.140000,0.460000,1000.00,cifi0007.DBF
P9FN,10P9FN,F,NS,00,0,49,190.60,859,0.00,246.05,2.140000,0.460000,1000.00,cifi0007.DBF
P9FN,10P9FN,F,NS,00,0,50,200.13,866,0.00,256.28,2.140000,0.460000,1000.00,cifi0007.DBF
P9FN,10P9FN,F,NS,00,0,51,209.94,873,0.00,266.76,2.140000,0.460000,1000.00,cifi0007.DBF
P9FN,10P9FN,F,NS,00,0,52,220.03,879,0.00,277.47,2.140000,0.460000,1000.00,cifi0007.DBF
P9FN,10P9FN,F,NS,00,0,53,230.39,885,0.00,288.41,2.140000,0.460000,1000.00,cifi0007.DBF
P9FN,10P9FN,F,NS,00,0,54,241.01,891,0.00,299.57,2.140000,0.460000,1000.00,cifi0007.DBF
P9FN,10P9FN,F,NS,00,0,55,251.90,897,0.00,310.94,2.140000,0.460000,1000.00,cifi0007.DBF
P9FN,10P9FN,F,NS,00,0,56,263.08,902,0.00,322.54,2.140000,0.460000,1000.00,cifi0007.DBF
P9FN,10P9FN,F,NS,00,0,57,274.50,907,0.00,334.34,2.140000,0.460000,1000.00,cifi0007.DBF
P9FN,10P9FN,F,NS,00,0,58,286.18,912,0.00,346.34,2.140000,0.460000,1000.00,cifi0007.DBF
P9FN,10P9FN,F,NS,00,0,59,298.12,917,0.00,358.54,2.140000,0.460000,1000.00,cifi0007.DBF
P9FN,10P9FN,F,NS,00,0,60,310.35,921,0.00,370.94,2.140000,0.460000,1000.00,cifi0007.DBF
P9FN,10P9FN,F,NS,00,0,61,322.88,925,0.00,383.58,2.140000,0.460000,1000.00,cifi0007.DBF
P9FN,10P9FN,F,NS,00,0,62,335.72,929,0.00,396.45,2.140000,0.460000,1000.00,cifi0007.DBF
P9FN,10P9FN,F,NS,00,0,63,348.85,933,0.00,409.54,2.140000,0.460000,1000.00,cifi0007.DBF
P9FN,10P9FN,F,NS,00,0,64,362.30,936,0.00,422.86,2.140000,0.460000,1000.00,cifi0007.DBF
P9FN,10P9FN,F,NS,00,0,65,376.08,940,0.00,436.42,2.140000,0.460000,1000.00,cifi0007.DBF
P9FN,10P9FN,F,NS,00,0,66,390.17,943,0.00,450.22,2.140000,0.460000,1000.00,cifi0007.DBF
P9FN,10P9FN,F,NS,00,0,67,404.57,946,0.00,464.23,2.140000,0.460000,1000.00,cifi0007.DBF
P9FN,10P9FN,F,NS,00,0,68,419.26,949,0.00,478.45,2.140000,0.460000,1000.00,cifi0007.DBF
P9FN,10P9FN,F,NS,00,0,69,434.23,952,0.00,492.87,2.140000,0.460000,1000.00,cifi0007.DBF
P9FN,10P9FN,F,NS,00,0,70,449.47,955,0.00,507.47,2.140000,0.460000,1000.00,cifi0007.DBF
P9FN,10P9FN,F,NS,00,0,71,464.97,958,0.00,522.24,2.140000,0.460000,1000.00,cifi0007.DBF
P9FN,10P9FN,F,NS,00,0,72,480.68,960,0.00,537.15,2.140000,0.460000,1000.00,cifi0007.DBF
P9FN,10P9FN,F,NS,00,0,73,496.57,963,0.00,552.16,2.140000,0.460000,1000.00,cifi0007.DBF
P9FN,10P9FN,F,NS,00,0,74,512.63,965,0.00,567.25,2.140000,0.460000,1000.00,cifi0007.DBF
P9FN,10P9FN,F,NS,00,0,75,528.84,967,0.00,582.41,2.140000,0.460000,1000.00,cifi0007.DBF
P9FN,10P9FN,F,NS,00,0,76,545.20,969,0.00,597.63,2.140000,0.460000,1000.00,cifi0007.DBF
P9FN,10P9FN,F,NS,00,0,77,561.67,971,0.00,612.89,2.140000,0.460000,1000.00,cifi0007.DBF
P9FN,10P9FN,F,NS,00,0,78,578.25,973,0.00,628.17,2.140000,0.460000,1000.00,cifi0007.DBF
P9FN,10P9FN,F,NS,00,0,79,594.92,975,0.00,643.46,2.140000,0.460000,1000.00,cifi0007.DBF
P9FN,10P9FN,F,NS,00,0,80,611.69,976,0.00,658.76,2.140000,0.460000,1000.00,cifi0007.DBF
P9FN,10P9FN,F,NS,00,0,81,628.53,978,0.00,674.06,2.140000,0.460000,1000.00,cifi0007.DBF
P9FN,10P9FN,F,NS,00,0,82,645.10,980,0.00,689.19,2.140000,0.460000,1000.00,cifi0007.DBF
P9FN,10P9FN,F,NS,00,0,83,661.29,981,0.00,703.96,2.140000,0.460000,1000.00,cifi0007.DBF
P9FN,10P9FN,F,NS,00,0,84,677.27,982,0.00,718.41,2.140000,0.460000,1000.00,cifi0007.DBF
P9FN,10P9FN,F,NS,00,0,85,693.01,984,0.00,732.59,2.140000,0.460000,1000.00,cifi0007.DBF
P9FN,10P9FN,F,NS,00,0,86,708.45,985,0.00,746.48,2.140000,0.460000,1000.00,cifi0007.DBF
P9FN,10P9FN,F,NS,00,0,87,723.99,986,0.00,760.22,2.140000,0.460000,1000.00,cifi0007.DBF
P9FN,10P9FN,F,NS,00,0,88,738.91,987,0.00,773.67,2.140000,0.460000,1000.00,cifi0007.DBF
P9FN,10P9FN,F,NS,00,0,89,753.32,988,0.00,786.59,2.140000,0.460000,1000.00,cifi0007.DBF
P9FN,10P9FN,F,NS,00,0,90,767.30,989,0.00,799.06,2.140000,0.460000,1000.00,cifi0007.DBF
P9FN,10P9FN,F,NS,00,0,91,781.30,990,0.00,811.30,2.140000,0.460000,1000.00,cifi0007.DBF
P9FN,10P9FN,F,NS,00,0,92,796.84,991,0.00,824.16,2.140000,0.460000,1000.00,cifi0007.DBF
P9FN,10P9FN,F,NS,00,0,93,813.35,992,0.00,838.02,2.140000,0.460000,1000.00,cifi0007.DBF
P9FN,10P9FN,F,NS,00,0,94,830.48,993,0.00,852.49,2.140000,0.460000,1000.00,cifi0007.DBF
P9FN,10P9FN,F,NS,00,0,95,848.30,994,0.00,867.43,2.140000,0.460000,1000.00,cifi0007.DBF
P9FN,10P9FN,F,NS,00,0,96,867.10,995,0.00,883.01,2.140000,0.460000,1000.00,cifi0007.DBF
P9FN,10P9FN,F,NS,00,0,97,888.51,996,0.00,899.99,2.140000,0.460000,1000.00,cifi0007.DBF
P9FN,10P9FN,F,NS,00,0,98,914.67,997,0.00,919.93,2.140000,0.460000,1000.00,cifi0007.DBF
P9FN,10P9FN,F,NS,00,0,99,950.45,998,0.00,945.66,2.140000,0.460000,1000.00,cifi0007.DBF
P9FN,10P9FN,F,NS,00,1,1,0.00,0,0.00,0.17,0.000000,0.340000,1000.00,cifi0007.DBF
P9FN,10P9FN,F,NS,00,1,2,0.00,0,0.00,2.13,2.220000,0.340000,1000.00,cifi0007.DBF
P9FN,10P9FN,F,NS,00,1,3,0.00,0,0.00,4.25,2.220000,0.340000,1000.00,cifi0007.DBF
P9FN,10P9FN,F,NS,00,1,4,0.00,0,0.00,6.49,2.220000,0.340000,1000.00,cifi0007.DBF
P9FN,10P9FN,F,NS,00,1,5,0.00,0,0.00,8.84,2.220000,0.340000,1000.00,cifi0007.DBF
P9FN,10P9FN,F,NS,00,1,6,0.00,0,0.00,11.27,2.220000,0.340000,1000.00,cifi0007.DBF
P9FN,10P9FN,F,NS,00,1,7,0.00,0,0.00,13.80,2.220000,0.340000,1000.00,cifi0007.DBF
P9FN,10P9FN,F,NS,00,1,8,0.30,8,0.00,16.41,2.220000,0.340000,1000.00,cifi0007.DBF
P9FN,10P9FN,F,NS,00,1,9,2.18,52,0.00,19.12,2.220000,0.340000,1000.00,cifi0007.DBF
P9FN,10P9FN,F,NS,00,1,10,4.15,95,0.00,21.94,2.220000,0.340000,1000.00,cifi0007.DBF
P9FN,10P9FN,F,NS,00,1,11,6.21,136,0.00,24.86,2.220000,0.340000,1000.00,cifi0007.DBF
P9FN,10P9FN,F,NS,00,1,12,8.33,174,0.00,27.88,2.220000,0.340000,1000.00,cifi0007.DBF
P9FN,10P9FN,F,NS,00,1,13,10.52,211,0.00,30.98,2.220000,0.340000,1000.00,cifi0007.DBF
P9FN,10P9FN,F,NS,00,1,14,12.80,246,0.00,34.18,2.220000,0.340000,1000.00,cifi0007.DBF
P9FN,10P9FN,F,NS,00,1,15,15.19,279,0.00,37.49,2.220000,0.340000,1000.00,cifi0007.DBF
P9FN,10P9FN,F,NS,00,1,16,17.65,311,0.00,40.91,2.220000,0.340000,1000.00,cifi0007.DBF
P9FN,10P9FN,F,NS,00,1,17,20.21,341,0.00,44.43,2.220000,0.340000,1000.00,cifi0007.DBF
P9FN,10P9FN,F,NS,00,1,18,22.88,370,0.00,48.07,2.220000,0.340000,1000.00,cifi0007.DBF
P9FN,10P9FN,F,NS,00,1,19,25.67,398,0.00,51.85,2.220000,0.340000,1000.00,cifi0007.DBF
P9FN,10P9FN,F,NS,00,1,20,28.59,425,0.00,55.76,2.220000,0.340000,1000.00,cifi0007.DBF
P9FN,10P9FN,F,NS,00,1,21,31.65,451,0.00,59.83,2.220000,0.340000,1000.00,cifi0007.DBF
P9FN,10P9FN,F,NS,00,1,22,34.85,476,0.00,64.04,2.220000,0.340000,1000.00,cifi0007.DBF
P9FN,10P9FN,F,NS,00,1,23,38.21,499,0.00,68.42,2.220000,0.340000,1000.00,cifi0007.DBF
P9FN,10P9FN,F,NS,00,1,24,41.72,522,0.00,72.97,2.220000,0.340000,1000.00,cifi0007.DBF
P9FN,10P9FN,F,NS,00,1,25,45.41,544,0.00,77.69,2.220000,0.340000,1000.00,cifi0007.DBF
P9FN,10P9FN,F,NS,00,1,26,49.25,565,0.00,82.59,2.220000,0.340000,1000.00,cifi0007.DBF
P9FN,10P9FN,F,NS,00,1,27,53.25,585,0.00,87.65,2.220000,0.340000,1000.00,cifi0007.DBF
P9FN,10P9FN,F,NS,00,1,28,57.44,605,0.00,92.90,2.220000,0.340000,1000.00,cifi0007.DBF
P9FN,10P9FN,F,NS,00,1,29,61.81,623,0.00,98.34,2.220000,0.340000,1000.00,cifi0007.DBF
P9FN,10P9FN,F,NS,00,1,30,66.38,641,0.00,103.97,2.220000,0.340000,1000.00,cifi0007.DBF
P9FN,10P9FN,F,NS,00,1,31,71.15,658,0.00,109.81,2.220000,0.340000,1000.00,cifi0007.DBF
P9FN,10P9FN,F,NS,00,1,32,76.12,674,0.00,115.85,2.220000,0.340000,1000.00,cifi0007.DBF
P9FN,10P9FN,F,NS,00,1,33,81.31,690,0.00,122.09,2.220000,0.340000,1000.00,cifi0007.DBF
P9FN,10P9FN,F,NS,00,1,34,86.70,705,0.00,128.55,2.220000,0.340000,1000.00,cifi0007.DBF
P9FN,10P9FN,F,NS,00,1,35,92.30,719,0.00,135.22,2.220000,0.340000,1000.00,cifi0007.DBF
P9FN,10P9FN,F,NS,00,1,36,98.14,732,0.00,142.10,2.220000,0.340000,1000.00,cifi0007.DBF
P9FN,10P9FN,F,NS,00,1,37,104.20,745,0.00,149.20,2.220000,0.340000,1000.00,cifi0007.DBF
P9FN,10P9FN,F,NS,00,1,38,110.54,757,0.00,156.55,2.220000,0.340000,1000.00,cifi0007.DBF
P9FN,10P9FN,F,NS,00,1,39,117.15,769,0.00,164.16,2.220000,0.340000,1000.00,cifi0007.DBF
P9FN,10P9FN,F,NS,00,1,40,124.03,781,0.00,172.02,2.220000,0.340000,1000.00,cifi0007.DBF
P9FN,10P9FN,F,NS,00,1,41,131.21,792,0.00,180.15,2.220000,0.340000,1000.00,cifi0007.DBF
P9FN,10P9FN,F,NS,00,1,42,138.68,802,0.00,188.56,2.220000,0.340000,1000.00,cifi0007.DBF
P9FN,10P9FN,F,NS,00,1,43,146.45,812,0.00,197.24,2.220000,0.340000,1000.00,cifi0007.DBF
P9FN,10P9FN,F,NS,00,1,44,154.53,821,0.00,206.19,2.220000,0.340000,1000.00,cifi0007.DBF
P9FN,10P9FN,F,NS,00,1,45,162.90,830,0.00,215.42,2.220000,0.340000,1000.00,cifi0007.DBF
P9FN,10P9FN,F,NS,00,1,46,171.57,839,0.00,224.91,2.220000,0.340000,1000.00,cifi0007.DBF
P9FN,10P9FN,F,NS,00,1,47,180.53,847,0.00,234.66,2.220000,0.340000,1000.00,cifi0007.DBF
P9FN,10P9FN,F,NS,00,1,48,189.78,855,0.00,244.66,2.220000,0.340000,1000.00,cifi0007.DBF
P9FN,10P9FN,F,NS,00,1,49,199.32,862,0.00,254.92,2.220000,0.340000,1000.00,cifi0007.DBF
P9FN,10P9FN,F,NS,00,1,50,209.15,869,0.00,265.41,2.220000,0.340000,1000.00,cifi0007.DBF
P9FN,10P9FN,F,NS,00,1,51,219.25,876,0.00,276.15,2.220000,0.340000,1000.00,cifi0007.DBF
P9FN,10P9FN,F,NS,00,1,52,229.61,882,0.00,287.10,2.220000,0.340000,1000.00,cifi0007.DBF
P9FN,10P9FN,F,NS,00,1,53,240.25,888,0.00,298.28,2.220000,0.340000,1000.00,cifi0007.DBF
P9FN,10P9FN,F,NS,00,1,54,251.15,894,0.00,309.68,2.220000,0.340000,1000.00,cifi0007.DBF
P9FN,10P9FN,F,NS,00,1,55,262.34,900,0.00,321.30,2.220000,0.340000,1000.00,cifi0007.DBF
P9FN,10P9FN,F,NS,00,1,56,273.77,905,0.00,333.12,2.220000,0.340000,1000.00,cifi0007.DBF
P9FN,10P9FN,F,NS,00,1,57,285.46,910,0.00,345.14,2.220000,0.340000,1000.00,cifi0007.DBF
P9FN,10P9FN,F,NS,00,1,58,297.42,914,0.00,357.36,2.220000,0.340000,1000.00,cifi0007.DBF
P9FN,10P9FN,F,NS,00,1,59,309.66,919,0.00,369.80,2.220000,0.340000,1000.00,cifi0007.DBF
P9FN,10P9FN,F,NS,00,1,60,322.20,923,0.00,382.46,2.220000,0.340000,1000.00,cifi0007.DBF
P9FN,10P9FN,F,NS,00,1,61,335.05,927,0.00,395.35,2.220000,0.340000,1000.00,cifi0007.DBF
P9FN,10P9FN,F,NS,00,1,62,348.20,931,0.00,408.46,2.220000,0.340000,1000.00,cifi0007.DBF
P9FN,10P9FN,F,NS,00,1,63,361.66,935,0.00,421.81,2.220000,0.340000,1000.00,cifi0007.DBF
P9FN,10P9FN,F,NS,00,1,64,375.46,938,0.00,435.40,2.220000,0.340000,1000.00,cifi0007.DBF
P9FN,10P9FN,F,NS,00,1,65,389.56,942,0.00,449.22,2.220000,0.340000,1000.00,cifi0007.DBF
P9FN,10P9FN,F,NS,00,1,66,403.97,945,0.00,463.26,2.220000,0.340000,1000.00,cifi0007.DBF
P9FN,10P9FN,F,NS,00,1,67,418.68,948,0.00,477.51,2.220000,0.340000,1000.00,cifi0007.DBF
P9FN,10P9FN,F,NS,00,1,68,433.66,951,0.00,491.95,2.220000,0.340000,1000.00,cifi0007.DBF
P9FN,10P9FN,F,NS,00,1,69,448.92,954,0.00,506.58,2.220000,0.340000,1000.00,cifi0007.DBF
P9FN,10P9FN,F,NS,00,1,70,464.44,957,0.00,521.38,2.220000,0.340000,1000.00,cifi0007.DBF
P9FN,10P9FN,F,NS,00,1,71,480.16,959,0.00,536.31,2.220000,0.340000,1000.00,cifi0007.DBF
P9FN,10P9FN,F,NS,00,1,72,496.06,962,0.00,551.35,2.220000,0.340000,1000.00,cifi0007.DBF
P9FN,10P9FN,F,NS,00,1,73,512.14,964,0.00,566.47,2.220000,0.340000,1000.00,cifi0007.DBF
P9FN,10P9FN,F,NS,00,1,74,528.37,966,0.00,581.66,2.220000,0.340000,1000.00,cifi0007.DBF
P9FN,10P9FN,F,NS,00,1,75,544.74,968,0.00,596.91,2.220000,0.340000,1000.00,cifi0007.DBF
P9FN,10P9FN,F,NS,00,1,76,561.23,970,0.00,612.20,2.220000,0.340000,1000.00,cifi0007.DBF
P9FN,10P9FN,F,NS,00,1,77,577.82,972,0.00,627.51,2.220000,0.340000,1000.00,cifi0007.DBF
P9FN,10P9FN,F,NS,00,1,78,594.51,974,0.00,642.83,2.220000,0.340000,1000.00,cifi0007.DBF
P9FN,10P9FN,F,NS,00,1,79,611.30,976,0.00,658.15,2.220000,0.340000,1000.00,cifi0007.DBF
P9FN,10P9FN,F,NS,00,1,80,628.16,977,0.00,673.48,2.220000,0.340000,1000.00,cifi0007.DBF
P9FN,10P9FN,F,NS,00,1,81,644.74,979,0.00,688.64,2.220000,0.340000,1000.00,cifi0007.DBF
P9FN,10P9FN,F,NS,00,1,82,660.95,980,0.00,703.44,2.220000,0.340000,1000.00,cifi0007.DBF
P9FN,10P9FN,F,NS,00,1,83,676.94,982,0.00,717.91,2.220000,0.340000,1000.00,cifi0007.DBF
P9FN,10P9FN,F,NS,00,1,84,692.70,983,0.00,732.13,2.220000,0.340000,1000.00,cifi0007.DBF
P9FN,10P9FN,F,NS,00,1,85,708.16,984,0.00,746.04,2.220000,0.340000,1000.00,cifi0007.DBF
P9FN,10P9FN,F,NS,00,1,86,723.71,985,0.00,759.80,2.220000,0.340000,1000.00,cifi0007.DBF
P9FN,10P9FN,F,NS,00,1,87,738.65,987,0.00,773.28,2.220000,0.340000,1000.00,cifi0007.DBF
P9FN,10P9FN,F,NS,00,1,88,753.08,988,0.00,786.23,2.220000,0.340000,1000.00,cifi0007.DBF
P9FN,10P9FN,F,NS,00,1,89,767.06,989,0.00,798.71,2.220000,0.340000,1000.00,cifi0007.DBF
P9FN,10P9FN,F,NS,00,1,90,781.08,989,0.00,810.98,2.220000,0.340000,1000.00,cifi0007.DBF
P9FN,10P9FN,F,NS,00,1,91,796.63,990,0.00,823.86,2.220000,0.340000,1000.00,cifi0007.DBF
P9FN,10P9FN,F,NS,00,1,92,813.16,991,0.00,837.75,2.220000,0.340000,1000.00,cifi0007.DBF
P9FN,10P9FN,F,NS,00,1,93,830.31,992,0.00,852.24,2.220000,0.340000,1000.00,cifi0007.DBF
P9FN,10P9FN,F,NS,00,1,94,848.15,993,0.00,867.22,2.220000,0.340000,1000.00,cifi0007.DBF
P9FN,10P9FN,F,NS,00,1,95,866.97,994,0.00,882.82,2.220000,0.340000,1000.00,cifi0007.DBF
P9FN,10P9FN,F,NS,00,1,96,888.40,996,0.00,899.84,2.220000,0.340000,1000.00,cifi0007.DBF
P9FN,10P9FN,F,NS,00,1,97,914.58,997,0.00,919.82,2.220000,0.340000,1000.00,cifi0007.DBF
P9FN,10P9FN,F,NS,00,1,98,950.40,998,0.00,945.60,2.220000,0.340000,1000.00,cifi0007.DBF
P9FN,10P9FN,F,NS,00,2,1,0.00,0,0.00,0.13,0.000000,0.250000,1000.00,cifi0007.DBF
P9FN,10P9FN,F,NS,00,2,2,0.00,0,0.00,2.25,2.300000,0.250000,1000.00,cifi0007.DBF
P9FN,10P9FN,F,NS,00,2,3,0.00,0,0.00,4.49,2.300000,0.250000,1000.00,cifi0007.DBF
P9FN,10P9FN,F,NS,00,2,4,0.00,0,0.00,6.84,2.300000,0.250000,1000.00,cifi0007.DBF
P9FN,10P9FN,F,NS,00,2,5,0.00,0,0.00,9.28,2.300000,0.250000,1000.00,cifi0007.DBF
P9FN,10P9FN,F,NS,00,2,6,0.00,0,0.00,11.81,2.300000,0.250000,1000.00,cifi0007.DBF
P9FN,10P9FN,F,NS,00,2,7,0.00,0,0.00,14.43,2.300000,0.250000,1000.00,cifi0007.DBF
P9FN,10P9FN,F,NS,00,2,8,0.99,24,0.00,17.15,2.300000,0.250000,1000.00,cifi0007.DBF
P9FN,10P9FN,F,NS,00,2,9,2.96,68,0.00,19.97,2.300000,0.250000,1000.00,cifi0007.DBF
P9FN,10P9FN,F,NS,00,2,10,5.02,110,0.00,22.90,2.300000,0.250000,1000.00,cifi0007.DBF
P9FN,10P9FN,F,NS,00,2,11,7.14,150,0.00,25.92,2.300000,0.250000,1000.00,cifi0007.DBF
P9FN,10P9FN,F,NS,00,2,12,9.34,187,0.00,29.03,2.300000,0.250000,1000.00,cifi0007.DBF
P9FN,10P9FN,F,NS,00,2,13,11.62,223,0.00,32.23,2.300000,0.250000,1000.00,cifi0007.DBF
P9FN,10P9FN,F,NS,00,2,14,14.02,258,0.00,35.56,2.300000,0.250000,1000.00,cifi0007.DBF
P9FN,10P9FN,F,NS,00,2,15,16.48,290,0.00,38.98,2.300000,0.250000,1000.00,cifi0007.DBF
P9FN,10P9FN,F,NS,00,2,16,19.04,322,0.00,42.51,2.300000,0.250000,1000.00,cifi0007.DBF
P9FN,10P9FN,F,NS,00,2,17,21.72,352,0.00,46.16,2.300000,0.250000,1000.00,cifi0007.DBF
P9FN,10P9FN,F,NS,00,2,18,24.51,380,0.00,49.94,2.300000,0.250000,1000.00,cifi0007.DBF
P9FN,10P9FN,F,NS,00,2,19,27.43,408,0.00,53.86,2.300000,0.250000,1000.00,cifi0007.DBF
P9FN,10P9FN,F,NS,00,2,20,30.50,434,0.00,57.94,2.300000,0.250000,1000.00,cifi0007.DBF
P9FN,10P9FN,F,NS,00,2,21,33.70,460,0.00,62.16,2.300000,0.250000,1000.00,cifi0007.DBF
P9FN,10P9FN,F,NS,00,2,22,37.06,484,0.00,66.55,2.300000,0.250000,1000.00,cifi0007.DBF
P9FN,10P9FN,F,NS,00,2,23,40.58,508,0.00,71.11,2.300000,0.250000,1000.00,cifi0007.DBF
P9FN,10P9FN,F,NS,00,2,24,44.27,531,0.00,75.84,2.300000,0.250000,1000.00,cifi0007.DBF
P9FN,10P9FN,F,NS,00,2,25,48.12,552,0.00,80.74,2.300000,0.250000,1000.00,cifi0007.DBF
P9FN,10P9FN,F,NS,00,2,26,52.12,573,0.00,85.82,2.300000,0.250000,1000.00,cifi0007.DBF
P9FN,10P9FN,F,NS,00,2,27,56.32,593,0.00,91.08,2.300000,0.250000,1000.00,cifi0007.DBF
P9FN,10P9FN,F,NS,00,2,28,60.69,612,0.00,96.53,2.300000,0.250000,1000.00,cifi0007.DBF
P9FN,10P9FN,F,NS,00,2,29,65.27,630,0.00,102.17,2.300000,0.250000,1000.00,cifi0007.DBF
P9FN,10P9FN,F,NS,00,2,30,70.04,648,0.00,108.02,2.300000,0.250000,1000.00,cifi0007.DBF
P9FN,10P9FN,F,NS,00,2,31,75.02,665,0.00,114.07,2.300000,0.250000,1000.00,cifi0007.DBF
P9FN,10P9FN,F,NS,00,2,32,80.21,680,0.00,120.33,2.300000,0.250000,1000.00,cifi0007.DBF
P9FN,10P9FN,F,NS,00,2,33,85.61,696,0.00,126.80,2.300000,0.250000,1000.00,cifi0007.DBF
P9FN,10P9FN,F,NS,00,2,34,91.22,710,0.00,133.48,2.300000,0.250000,1000.00,cifi0007.DBF
P9FN,10P9FN,F,NS,00,2,35,97.06,724,0.00,140.38,2.300000,0.250000,1000.00,cifi0007.DBF
P9FN,10P9FN,F,NS,00,2,36,103.13,737,0.00,147.50,2.300000,0.250000,1000.00,cifi0007.DBF
P9FN,10P9FN,F,NS,00,2,37,109.48,750,0.00,154.86,2.300000,0.250000,1000.00,cifi0007.DBF
P9FN,10P9FN,F,NS,00,2,38,116.09,762,0.00,162.48,2.300000,0.250000,1000.00,cifi0007.DBF
P9FN,10P9FN,F,NS,00,2,39,122.98,774,0.00,170.36,2.300000,0.250000,1000.00,cifi0007.DBF
P9FN,10P9FN,F,NS,00,2,40,130.17,785,0.00,178.51,2.300000,0.250000,1000.00,cifi0007.DBF
P9FN,10P9FN,F,NS,00,2,41,137.65,796,0.00,186.93,2.300000,0.250000,1000.00,cifi0007.DBF
P9FN,10P9FN,F,NS,00,2,42,145.44,806,0.00,195.63,2.300000,0.250000,1000.00,cifi0007.DBF
P9FN,10P9FN,F,NS,00,2,43,153.52,816,0.00,204.60,2.300000,0.250000,1000.00,cifi0007.DBF
P9FN,10P9FN,F,NS,00,2,44,161.90,825,0.00,213.85,2.300000,0.250000,1000.00,cifi0007.DBF
P9FN,10P9FN,F,NS,00,2,45,170.59,834,0.00,223.36,2.300000,0.250000,1000.00,cifi0007.DBF
P9FN,10P9FN,F,NS,00,2,46,179.56,843,0.00,233.13,2.300000,0.250000,1000.00,cifi0007.DBF
P9FN,10P9FN,F,NS,00,2,47,188.82,851,0.00,243.15,2.300000,0.250000,1000.00,cifi0007.DBF
P9FN,10P9FN,F,NS,00,2,48,198.37,858,0.00,253.43,2.300000,0.250000,1000.00,cifi0007.DBF
P9FN,10P9FN,F,NS,00,2,49,208.20,865,0.00,263.95,2.300000,0.250000,1000.00,cifi0007.DBF
P9FN,10P9FN,F,NS,00,2,50,218.31,872,0.00,274.70,2.300000,0.250000,1000.00,cifi0007.DBF
P9FN,10P9FN,F,NS,00,2,51,228.69,879,0.00,285.68,2.300000,0.250000,1000.00,cifi0007.DBF
P9FN,10P9FN,F,NS,00,2,52,239.34,885,0.00,296.88,2.300000,0.250000,1000.00,cifi0007.DBF
P9FN,10P9FN,F,NS,00,2,53,250.26,891,0.00,308.30,2.300000,0.250000,1000.00,cifi0007.DBF
P9FN,10P9FN,F,NS,00,2,54,261.46,897,0.00,319.94,2.300000,0.250000,1000.00,cifi0007.DBF
P9FN,10P9FN,F,NS,00,2,55,272.90,902,0.00,331.79,2.300000,0.250000,1000.00,cifi0007.DBF
P9FN,10P9FN,F,NS,00,2,56,284.61,907,0.00,343.84,2.300000,0.250000,1000.00,cifi0007.DBF
P9FN,10P9FN,F,NS,00,2,57,296.58,912,0.00,356.08,2.300000,0.250000,1000.00,cifi0007.DBF
P9FN,10P9FN,F,NS,00,2,58,308.83,916,0.00,368.54,2.300000,0.250000,1000.00,cifi0007.DBF
P9FN,10P9FN,F,NS,00,2,59,321.39,921,0.00,381.23,2.300000,0.250000,1000.00,cifi0007.DBF
P9FN,10P9FN,F,NS,00,2,60,334.26,925,0.00,394.14,2.300000,0.250000,1000.00,cifi0007.DBF
P9FN,10P9FN,F,NS,00,2,61,347.42,929,0.00,407.29,2.300000,0.250000,1000.00,cifi0007.DBF
P9FN,10P9FN,F,NS,00,2,62,360.90,933,0.00,420.66,2.300000,0.250000,1000.00,cifi0007.DBF
P9FN,10P9FN,F,NS,00,2,63,374.71,936,0.00,434.28,2.300000,0.250000,1000.00,cifi0007.DBF
P9FN,10P9FN,F,NS,00,2,64,388.83,940,0.00,448.13,2.300000,0.250000,1000.00,cifi0007.DBF
P9FN,10P9FN,F,NS,00,2,65,403.26,943,0.00,462.19,2.300000,0.250000,1000.00,cifi0007.DBF
P9FN,10P9FN,F,NS,00,2,66,417.98,946,0.00,476.47,2.300000,0.250000,1000.00,cifi0007.DBF
P9FN,10P9FN,F,NS,00,2,67,432.99,949,0.00,490.95,2.300000,0.250000,1000.00,cifi0007.DBF
P9FN,10P9FN,F,NS,00,2,68,448.26,952,0.00,505.61,2.300000,0.250000,1000.00,cifi0007.DBF
P9FN,10P9FN,F,NS,00,2,69,463.80,955,0.00,520.44,2.300000,0.250000,1000.00,cifi0007.DBF
P9FN,10P9FN,F,NS,00,2,70,479.54,958,0.00,535.40,2.300000,0.250000,1000.00,cifi0007.DBF
P9FN,10P9FN,F,NS,00,2,71,495.46,960,0.00,550.47,2.300000,0.250000,1000.00,cifi0007.DBF
P9FN,10P9FN,F,NS,00,2,72,511.56,963,0.00,565.62,2.300000,0.250000,1000.00,cifi0007.DBF
P9FN,10P9FN,F,NS,00,2,73,527.81,965,0.00,580.84,2.300000,0.250000,1000.00,cifi0007.DBF
P9FN,10P9FN,F,NS,00,2,74,544.20,967,0.00,596.13,2.300000,0.250000,1000.00,cifi0007.DBF
P9FN,10P9FN,F,NS,00,2,75,560.71,969,0.00,611.44,2.300000,0.250000,1000.00,cifi0007.DBF
P9FN,10P9FN,F,NS,00,2,76,577.32,971,0.00,626.79,2.300000,0.250000,1000.00,cifi0007.DBF
P9FN,10P9FN,F,NS,00,2,77,594.02,973,0.00,642.14,2.300000,0.250000,1000.00,cifi0007.DBF
P9FN,10P9FN,F,NS,00,2,78,610.83,975,0.00,657.49,2.300000,0.250000,1000.00,cifi0007.DBF
P9FN,10P9FN,F,NS,00,2,79,627.72,977,0.00,672.85,2.300000,0.250000,1000.00,cifi0007.DBF
P9FN,10P9FN,F,NS,00,2,80,644.32,978,0.00,688.04,2.300000,0.250000,1000.00,cifi0007.DBF
P9FN,10P9FN,F,NS,00,2,81,660.54,980,0.00,702.87,2.300000,0.250000,1000.00,cifi0007.DBF
P9FN,10P9FN,F,NS,00,2,82,676.56,981,0.00,717.37,2.300000,0.250000,1000.00,cifi0007.DBF
P9FN,10P9FN,F,NS,00,2,83,692.34,983,0.00,731.62,2.300000,0.250000,1000.00,cifi0007.DBF
P9FN,10P9FN,F,NS,00,2,84,707.81,984,0.00,745.56,2.300000,0.250000,1000.00,cifi0007.DBF
P9FN,10P9FN,F,NS,00,2,85,723.38,985,0.00,759.35,2.300000,0.250000,1000.00,cifi0007.DBF
P9FN,10P9FN,F,NS,00,2,86,738.34,986,0.00,772.86,2.300000,0.250000,1000.00,cifi0007.DBF
P9FN,10P9FN,F,NS,00,2,87,752.78,987,0.00,785.83,2.300000,0.250000,1000.00,cifi0007.DBF
P9FN,10P9FN,F,NS,00,2,88,766.78,988,0.00,798.34,2.300000,0.250000,1000.00,cifi0007.DBF
P9FN,10P9FN,F,NS,00,2,89,780.82,989,0.00,810.63,2.300000,0.250000,1000.00,cifi0007.DBF
P9FN,10P9FN,F,NS,00,2,90,796.39,990,0.00,823.54,2.300000,0.250000,1000.00,cifi0007.DBF
P9FN,10P9FN,F,NS,00,2,91,812.94,991,0.00,837.46,2.300000,0.250000,1000.00,cifi0007.DBF
P9FN,10P9FN,F,NS,00,2,92,830.11,992,0.00,851.98,2.300000,0.250000,1000.00,cifi0007.DBF
P9FN,10P9FN,F,NS,00,2,93,847.97,993,0.00,866.99,2.300000,0.250000,1000.00,cifi0007.DBF
P9FN,10P9FN,F,NS,00,2,94,866.81,994,0.00,882.62,2.300000,0.250000,1000.00,cifi0007.DBF
P9FN,10P9FN,F,NS,00,2,95,888.26,995,0.00,899.68,2.300000,0.250000,1000.00,cifi0007.DBF
P9FN,10P9FN,F,NS,00,2,96,914.48,997,0.00,919.69,2.300000,0.250000,1000.00,cifi0007.DBF
P9FN,10P9FN,F,NS,00,2,97,950.34,998,0.00,945.53,2.300000,0.250000,1000.00,cifi0007.DBF
P9FN,10P9FN,F,NS,00,3,1,0.00,0,0.00,0.10,0.000000,0.190000,1000.00,cifi0007.DBF
P9FN,10P9FN,F,NS,00,3,2,0.00,0,0.00,2.35,2.390000,0.190000,1000.00,cifi0007.DBF
P9FN,10P9FN,F,NS,00,3,3,0.00,0,0.00,4.70,2.390000,0.190000,1000.00,cifi0007.DBF
P9FN,10P9FN,F,NS,00,3,4,0.00,0,0.00,7.15,2.390000,0.190000,1000.00,cifi0007.DBF
P9FN,10P9FN,F,NS,00,3,5,0.00,0,0.00,9.68,2.390000,0.190000,1000.00,cifi0007.DBF
P9FN,10P9FN,F,NS,00,3,6,0.00,0,0.00,12.30,2.390000,0.190000,1000.00,cifi0007.DBF
P9FN,10P9FN,F,NS,00,3,7,0.00,0,0.00,15.03,2.390000,0.190000,1000.00,cifi0007.DBF
P9FN,10P9FN,F,NS,00,3,8,1.62,37,0.00,17.86,2.390000,0.190000,1000.00,cifi0007.DBF
P9FN,10P9FN,F,NS,00,3,9,3.68,81,0.00,20.79,2.390000,0.190000,1000.00,cifi0007.DBF
P9FN,10P9FN,F,NS,00,3,10,5.80,122,0.00,23.82,2.390000,0.190000,1000.00,cifi0007.DBF
P9FN,10P9FN,F,NS,00,3,11,8.01,161,0.00,26.94,2.390000,0.190000,1000.00,cifi0007.DBF
P9FN,10P9FN,F,NS,00,3,12,10.29,198,0.00,30.15,2.390000,0.190000,1000.00,cifi0007.DBF
P9FN,10P9FN,F,NS,00,3,13,12.69,233,0.00,33.48,2.390000,0.190000,1000.00,cifi0007.DBF
P9FN,10P9FN,F,NS,00,3,14,15.15,267,0.00,36.91,2.390000,0.190000,1000.00,cifi0007.DBF
P9FN,10P9FN,F,NS,00,3,15,17.71,299,0.00,40.44,2.390000,0.190000,1000.00,cifi0007.DBF
P9FN,10P9FN,F,NS,00,3,16,20.40,330,0.00,44.10,2.390000,0.190000,1000.00,cifi0007.DBF
P9FN,10P9FN,F,NS,00,3,17,23.19,360,0.00,47.89,2.390000,0.190000,1000.00,cifi0007.DBF
P9FN,10P9FN,F,NS,00,3,18,26.12,388,0.00,51.82,2.390000,0.190000,1000.00,cifi0007.DBF
P9FN,10P9FN,F,NS,00,3,19,29.19,416,0.00,55.91,2.390000,0.190000,1000.00,cifi0007.DBF
P9FN,10P9FN,F,NS,00,3,20,32.40,442,0.00,60.14,2.390000,0.190000,1000.00,cifi0007.DBF
P9FN,10P9FN,F,NS,00,3,21,35.76,467,0.00,64.54,2.390000,0.190000,1000.00,cifi0007.DBF
P9FN,10P9FN,F,NS,00,3,22,39.28,492,0.00,69.10,2.390000,0.190000,1000.00,cifi0007.DBF
P9FN,10P9FN,F,NS,00,3,23,42.98,515,0.00,73.85,2.390000,0.190000,1000.00,cifi0007.DBF
P9FN,10P9FN,F,NS,00,3,24,46.83,538,0.00,78.77,2.390000,0.190000,1000.00,cifi0007.DBF
P9FN,10P9FN,F,NS,00,3,25,50.84,559,0.00,83.85,2.390000,0.190000,1000.00,cifi0007.DBF
P9FN,10P9FN,F,NS,00,3,26,55.05,580,0.00,89.12,2.390000,0.190000,1000.00,cifi0007.DBF
P9FN,10P9FN,F,NS,00,3,27,59.43,599,0.00,94.58,2.390000,0.190000,1000.00,cifi0007.DBF
P9FN,10P9FN,F,NS,00,3,28,64.01,618,0.00,100.24,2.390000,0.190000,1000.00,cifi0007.DBF
P9FN,10P9FN,F,NS,00,3,29,68.79,636,0.00,106.10,2.390000,0.190000,1000.00,cifi0007.DBF
P9FN,10P9FN,F,NS,00,3,30,73.77,653,0.00,112.16,2.390000,0.190000,1000.00,cifi0007.DBF
P9FN,10P9FN,F,NS,00,3,31,78.97,670,0.00,118.44,2.390000,0.190000,1000.00,cifi0007.DBF
P9FN,10P9FN,F,NS,00,3,32,84.38,686,0.00,124.92,2.390000,0.190000,1000.00,cifi0007.DBF
P9FN,10P9FN,F,NS,00,3,33,90.00,701,0.00,131.62,2.390000,0.190000,1000.00,cifi0007.DBF
P9FN,10P9FN,F,NS,00,3,34,95.85,715,0.00,138.53,2.390000,0.190000,1000.00,cifi0007.DBF
P9FN,10P9FN,F,NS,00,3,35,101.92,729,0.00,145.66,2.390000,0.190000,1000.00,cifi0007.DBF
P9FN,10P9FN,F,NS,00,3,36,108.28,742,0.00,153.04,2.390000,0.190000,1000.00,cifi0007.DBF
P9FN,10P9FN,F,NS,00,3,37,114.90,755,0.00,160.68,2.390000,0.190000,1000.00,cifi0007.DBF
P9FN,10P9FN,F,NS,00,3,38,121.80,767,0.00,168.58,2.390000,0.190000,1000.00,cifi0007.DBF
P9FN,10P9FN,F,NS,00,3,39,129.00,778,0.00,176.75,2.390000,0.190000,1000.00,cifi0007.DBF
P9FN,10P9FN,F,NS,00,3,40,136.49,789,0.00,185.19,2.390000,0.190000,1000.00,cifi0007.DBF
P9FN,10P9FN,F,NS,00,3,41,144.28,800,0.00,193.91,2.390000,0.190000,1000.00,cifi0007.DBF
P9FN,10P9FN,F,NS,00,3,42,152.38,810,0.00,202.90,2.390000,0.190000,1000.00,cifi0007.DBF
P9FN,10P9FN,F,NS,00,3,43,160.77,820,0.00,212.16,2.390000,0.190000,1000.00,cifi0007.DBF
P9FN,10P9FN,F,NS,00,3,44,169.47,829,0.00,221.69,2.390000,0.190000,1000.00,cifi0007.DBF
P9FN,10P9FN,F,NS,00,3,45,178.45,837,0.00,231.49,2.390000,0.190000,1000.00,cifi0007.DBF
P9FN,10P9FN,F,NS,00,3,46,187.72,846,0.00,241.53,2.390000,0.190000,1000.00,cifi0007.DBF
P9FN,10P9FN,F,NS,00,3,47,197.29,854,0.00,251.83,2.390000,0.190000,1000.00,cifi0007.DBF
P9FN,10P9FN,F,NS,00,3,48,207.13,861,0.00,262.37,2.390000,0.190000,1000.00,cifi0007.DBF
P9FN,10P9FN,F,NS,00,3,49,217.26,868,0.00,273.15,2.390000,0.190000,1000.00,cifi0007.DBF
P9FN,10P9FN,F,NS,00,3,50,227.65,875,0.00,284.15,2.390000,0.190000,1000.00,cifi0007.DBF
P9FN,10P9FN,F,NS,00,3,51,238.31,881,0.00,295.38,2.390000,0.190000,1000.00,cifi0007.DBF
P9FN,10P9FN,F,NS,00,3,52,249.25,887,0.00,306.82,2.390000,0.190000,1000.00,cifi0007.DBF
P9FN,10P9FN,F,NS,00,3,53,260.46,893,0.00,318.49,2.390000,0.190000,1000.00,cifi0007.DBF
P9FN,10P9FN,F,NS,00,3,54,271.92,899,0.00,330.36,2.390000,0.190000,1000.00,cifi0007.DBF
P9FN,10P9FN,F,NS,00,3,55,283.65,904,0.00,342.44,2.390000,0.190000,1000.00,cifi0007.DBF
P9FN,10P9FN,F,NS,00,3,56,295.63,909,0.00,354.71,2.390000,0.190000,1000.00,cifi0007.DBF
P9FN,10P9FN,F,NS,00,3,57,307.90,914,0.00,367.20,2.390000,0.190000,1000.00,cifi0007.DBF
P9FN,10P9FN,F,NS,00,3,58,320.48,918,0.00,379.91,2.390000,0.190000,1000.00,cifi0007.DBF
P9FN,10P9FN,F,NS,00,3,59,333.36,922,0.00,392.85,2.390000,0.190000,1000.00,cifi0007.DBF
P9FN,10P9FN,F,NS,00,3,60,346.54,927,0.00,406.03,2.390000,0.190000,1000.00,cifi0007.DBF
P9FN,10P9FN,F,NS,00,3,61,360.04,931,0.00,419.43,2.390000,0.190000,1000.00,cifi0007.DBF
P9FN,10P9FN,F,NS,00,3,62,373.87,934,0.00,433.08,2.390000,0.190000,1000.00,cifi0007.DBF
P9FN,10P9FN,F,NS,00,3,63,388.01,938,0.00,446.95,2.390000,0.190000,1000.00,cifi0007.DBF
P9FN,10P9FN,F,NS,00,3,64,402.45,941,0.00,461.05,2.390000,0.190000,1000.00,cifi0007.DBF
P9FN,10P9FN,F,NS,00,3,65,417.20,945,0.00,475.36,2.390000,0.190000,1000.00,cifi0007.DBF
P9FN,10P9FN,F,NS,00,3,66,432.22,948,0.00,489.87,2.390000,0.190000,1000.00,cifi0007.DBF
P9FN,10P9FN,F,NS,00,3,67,447.52,951,0.00,504.56,2.390000,0.190000,1000.00,cifi0007.DBF
P9FN,10P9FN,F,NS,00,3,68,463.08,954,0.00,519.42,2.390000,0.190000,1000.00,cifi0007.DBF
P9FN,10P9FN,F,NS,00,3,69,478.84,956,0.00,534.42,2.390000,0.190000,1000.00,cifi0007.DBF
P9FN,10P9FN,F,NS,00,3,70,494.78,959,0.00,549.52,2.390000,0.190000,1000.00,cifi0007.DBF
P9FN,10P9FN,F,NS,00,3,71,510.90,962,0.00,564.71,2.390000,0.190000,1000.00,cifi0007.DBF
P9FN,10P9FN,F,NS,00,3,72,527.17,964,0.00,579.97,2.390000,0.190000,1000.00,cifi0007.DBF
P9FN,10P9FN,F,NS,00,3,73,543.58,966,0.00,595.28,2.390000,0.190000,1000.00,cifi0007.DBF
P9FN,10P9FN,F,NS,00,3,74,560.11,968,0.00,610.63,2.390000,0.190000,1000.00,cifi0007.DBF
P9FN,10P9FN,F,NS,00,3,75,576.75,970,0.00,626.01,2.390000,0.190000,1000.00,cifi0007.DBF
P9FN,10P9FN,F,NS,00,3,76,593.48,972,0.00,641.39,2.390000,0.190000,1000.00,cifi0007.DBF
P9FN,10P9FN,F,NS,00,3,77,610.31,974,0.00,656.78,2.390000,0.190000,1000.00,cifi0007.DBF
P9FN,10P9FN,F,NS,00,3,78,627.22,976,0.00,672.17,2.390000,0.190000,1000.00,cifi0007.DBF
P9FN,10P9FN,F,NS,00,3,79,643.84,978,0.00,687.39,2.390000,0.190000,1000.00,cifi0007.DBF
P9FN,10P9FN,F,NS,00,3,80,660.08,979,0.00,702.26,2.390000,0.190000,1000.00,cifi0007.DBF
P9FN,10P9FN,F,NS,00,3,81,676.12,981,0.00,716.79,2.390000,0.190000,1000.00,cifi0007.DBF
P9FN,10P9FN,F,NS,00,3,82,691.92,982,0.00,731.07,2.390000,0.190000,1000.00,cifi0007.DBF
P9FN,10P9FN,F,NS,00,3,83,707.42,983,0.00,745.04,2.390000,0.190000,1000.00,cifi0007.DBF
P9FN,10P9FN,F,NS,00,3,84,723.01,985,0.00,758.86,2.390000,0.190000,1000.00,cifi0007.DBF
P9FN,10P9FN,F,NS,00,3,85,737.98,986,0.00,772.40,2.390000,0.190000,1000.00,cifi0007.DBF
P9FN,10P9FN,F,NS,00,3,86,752.45,987,0.00,785.40,2.390000,0.190000,1000.00,cifi0007.DBF
P9FN,10P9FN,F,NS,00,3,87,766.47,988,0.00,797.94,2.390000,0.190000,1000.00,cifi0007.DBF
P9FN,10P9FN,F,NS,00,3,88,780.52,989,0.00,810.26,2.390000,0.190000,1000.00,cifi0007.DBF
P9FN,10P9FN,F,NS,00,3,89,796.12,990,0.00,823.19,2.390000,0.190000,1000.00,cifi0007.DBF
P9FN,10P9FN,F,NS,00,3,90,812.69,991,0.00,837.14,2.390000,0.190000,1000.00,cifi0007.DBF
P9FN,10P9FN,F,NS,00,3,91,829.88,992,0.00,851.70,2.390000,0.190000,1000.00,cifi0007.DBF
P9FN,10P9FN,F,NS,00,3,92,847.76,993,0.00,866.74,2.390000,0.190000,1000.00,cifi0007.DBF
P9FN,10P9FN,F,NS,00,3,93,866.63,994,0.00,882.40,2.390000,0.190000,1000.00,cifi0007.DBF
P9FN,10P9FN,F,NS,00,3,94,888.11,995,0.00,899.50,2.390000,0.190000,1000.00,cifi0007.DBF
P9FN,10P9FN,F,NS,00,3,95,914.37,997,0.00,919.56,2.390000,0.190000,1000.00,cifi0007.DBF
P9FN,10P9FN,F,NS,00,3,96,950.28,998,0.00,945.45,2.390000,0.190000,1000.00,cifi0007.DBF
P9FN,10P9FN,F,NS,00,4,1,0.00,0,0.00,0.09,0.000000,0.180000,1000.00,cifi0007.DBF
P9FN,10P9FN,F,NS,00,4,2,0.00,0,0.00,2.45,2.490000,0.180000,1000.00,cifi0007.DBF
P9FN,10P9FN,F,NS,00,4,3,0.00,0,0.00,4.90,2.490000,0.180000,1000.00,cifi0007.DBF
P9FN,10P9FN,F,NS,00,4,4,0.00,0,0.00,7.44,2.490000,0.180000,1000.00,cifi0007.DBF
P9FN,10P9FN,F,NS,00,4,5,0.00,0,0.00,10.07,2.490000,0.180000,1000.00,cifi0007.DBF
P9FN,10P9FN,F,NS,00,4,6,0.00,0,0.00,12.80,2.490000,0.180000,1000.00,cifi0007.DBF
P9FN,10P9FN,F,NS,00,4,7,0.13,3,0.00,15.64,2.490000,0.180000,1000.00,cifi0007.DBF
P9FN,10P9FN,F,NS,00,4,8,2.20,48,0.00,18.58,2.490000,0.180000,1000.00,cifi0007.DBF
P9FN,10P9FN,F,NS,00,4,9,4.33,91,0.00,21.61,2.490000,0.180000,1000.00,cifi0007.DBF
P9FN,10P9FN,F,NS,00,4,10,6.53,131,0.00,24.74,2.490000,0.180000,1000.00,cifi0007.DBF
P9FN,10P9FN,F,NS,00,4,11,8.82,169,0.00,27.96,2.490000,0.180000,1000.00,cifi0007.DBF
P9FN,10P9FN,F,NS,00,4,12,11.22,206,0.00,31.29,2.490000,0.180000,1000.00,cifi0007.DBF
P9FN,10P9FN,F,NS,00,4,13,13.69,241,0.00,34.73,2.490000,0.180000,1000.00,cifi0007.DBF
P9FN,10P9FN,F,NS,00,4,14,16.26,275,0.00,38.27,2.490000,0.180000,1000.00,cifi0007.DBF
P9FN,10P9FN,F,NS,00,4,15,18.95,307,0.00,41.94,2.490000,0.180000,1000.00,cifi0007.DBF
P9FN,10P9FN,F,NS,00,4,16,21.74,337,0.00,45.74,2.490000,0.180000,1000.00,cifi0007.DBF
P9FN,10P9FN,F,NS,00,4,17,24.68,367,0.00,49.68,2.490000,0.180000,1000.00,cifi0007.DBF
P9FN,10P9FN,F,NS,00,4,18,27.75,395,0.00,53.77,2.490000,0.180000,1000.00,cifi0007.DBF
P9FN,10P9FN,F,NS,00,4,19,30.96,423,0.00,58.02,2.490000,0.180000,1000.00,cifi0007.DBF
P9FN,10P9FN,F,NS,00,4,20,34.33,449,0.00,62.43,2.490000,0.180000,1000.00,cifi0007.DBF
P9FN,10P9FN,F,NS,00,4,21,37.86,474,0.00,67.00,2.490000,0.180000,1000.00,cifi0007.DBF
P9FN,10P9FN,F,NS,00,4,22,41.56,498,0.00,71.75,2.490000,0.180000,1000.00,cifi0007.DBF
P9FN,10P9FN,F,NS,00,4,23,45.42,521,0.00,76.69,2.490000,0.180000,1000.00,cifi0007.DBF
P9FN,10P9FN,F,NS,00,4,24,49.44,544,0.00,81.78,2.490000,0.180000,1000.00,cifi0007.DBF
P9FN,10P9FN,F,NS,00,4,25,53.65,565,0.00,87.07,2.490000,0.180000,1000.00,cifi0007.DBF
P9FN,10P9FN,F,NS,00,4,26,58.03,585,0.00,92.54,2.490000,0.180000,1000.00,cifi0007.DBF
P9FN,10P9FN,F,NS,00,4,27,62.62,605,0.00,98.21,2.490000,0.180000,1000.00,cifi0007.DBF
P9FN,10P9FN,F,NS,00,4,28,67.40,623,0.00,104.08,2.490000,0.180000,1000.00,cifi0007.DBF
P9FN,10P9FN,F,NS,00,4,29,72.39,641,0.00,110.16,2.490000,0.180000,1000.00,cifi0007.DBF
P9FN,10P9FN,F,NS,00,4,30,77.60,658,0.00,116.45,2.490000,0.180000,1000.00,cifi0007.DBF
P9FN,10P9FN,F,NS,00,4,31,83.02,675,0.00,122.95,2.490000,0.180000,1000.00,cifi0007.DBF
P9FN,10P9FN,F,NS,00,4,32,88.65,690,0.00,129.66,2.490000,0.180000,1000.00,cifi0007.DBF
P9FN,10P9FN,F,NS,00,4,33,94.50,705,0.00,136.59,2.490000,0.180000,1000.00,cifi0007.DBF
P9FN,10P9FN,F,NS,00,4,34,100.59,719,0.00,143.74,2.490000,0.180000,1000.00,cifi0007.DBF
P9FN,10P9FN,F,NS,00,4,35,106.95,733,0.00,151.13,2.490000,0.180000,1000.00,cifi0007.DBF
P9FN,10P9FN,F,NS,00,4,36,113.59,746,0.00,158.79,2.490000,0.180000,1000.00,cifi0007.DBF
P9FN,10P9FN,F,NS,00,4,37,120.50,758,0.00,166.71,2.490000,0.180000,1000.00,cifi0007.DBF
P9FN,10P9FN,F,NS,00,4,38,127.70,770,0.00,174.89,2.490000,0.180000,1000.00,cifi0007.DBF
P9FN,10P9FN,F,NS,00,4,39,135.21,782,0.00,183.35,2.490000,0.180000,1000.00,cifi0007.DBF
P9FN,10P9FN,F,NS,00,4,40,143.01,793,0.00,192.09,2.490000,0.180000,1000.00,cifi0007.DBF
P9FN,10P9FN,F,NS,00,4,41,151.12,803,0.00,201.10,2.490000,0.180000,1000.00,cifi0007.DBF
P9FN,10P9FN,F,NS,00,4,42,159.53,813,0.00,210.39,2.490000,0.180000,1000.00,cifi0007.DBF
P9FN,10P9FN,F,NS,00,4,43,168.23,823,0.00,219.94,2.490000,0.180000,1000.00,cifi0007.DBF
P9FN,10P9FN,F,NS,00,4,44,177.23,832,0.00,229.76,2.490000,0.180000,1000.00,cifi0007.DBF
P9FN,10P9FN,F,NS,00,4,45,186.52,840,0.00,239.83,2.490000,0.180000,1000.00,cifi0007.DBF
P9FN,10P9FN,F,NS,00,4,46,196.10,848,0.00,250.15,2.490000,0.180000,1000.00,cifi0007.DBF
P9FN,10P9FN,F,NS,00,4,47,205.96,856,0.00,260.71,2.490000,0.180000,1000.00,cifi0007.DBF
P9FN,10P9FN,F,NS,00,4,48,216.10,864,0.00,271.51,2.490000,0.180000,1000.00,cifi0007.DBF
P9FN,10P9FN,F,NS,00,4,49,226.51,871,0.00,282.55,2.490000,0.180000,1000.00,cifi0007.DBF
P9FN,10P9FN,F,NS,00,4,50,237.18,877,0.00,293.80,2.490000,0.180000,1000.00,cifi0007.DBF
P9FN,10P9FN,F,NS,00,4,51,248.13,883,0.00,305.27,2.490000,0.180000,1000.00,cifi0007.DBF
P9FN,10P9FN,F,NS,00,4,52,259.36,889,0.00,316.96,2.490000,0.180000,1000.00,cifi0007.DBF
P9FN,10P9FN,F,NS,00,4,53,270.84,895,0.00,328.86,2.490000,0.180000,1000.00,cifi0007.DBF
P9FN,10P9FN,F,NS,00,4,54,282.58,901,0.00,340.96,2.490000,0.180000,1000.00,cifi0007.DBF
P9FN,10P9FN,F,NS,00,4,55,294.58,906,0.00,353.27,2.490000,0.180000,1000.00,cifi0007.DBF
P9FN,10P9FN,F,NS,00,4,56,306.87,911,0.00,365.78,2.490000,0.180000,1000.00,cifi0007.DBF
P9FN,10P9FN,F,NS,00,4,57,319.47,915,0.00,378.52,2.490000,0.180000,1000.00,cifi0007.DBF
P9FN,10P9FN,F,NS,00,4,58,332.37,920,0.00,391.50,2.490000,0.180000,1000.00,cifi0007.DBF
P9FN,10P9FN,F,NS,00,4,59,345.57,924,0.00,404.70,2.490000,0.180000,1000.00,cifi0007.DBF
P9FN,10P9FN,F,NS,00,4,60,359.09,928,0.00,418.14,2.490000,0.180000,1000.00,cifi0007.DBF
P9FN,10P9FN,F,NS,00,4,61,372.94,932,0.00,431.81,2.490000,0.180000,1000.00,cifi0007.DBF
P9FN,10P9FN,F,NS,00,4,62,387.10,936,0.00,445.72,2.490000,0.180000,1000.00,cifi0007.DBF
P9FN,10P9FN,F,NS,00,4,63,401.57,939,0.00,459.86,2.490000,0.180000,1000.00,cifi0007.DBF
P9FN,10P9FN,F,NS,00,4,64,416.33,943,0.00,474.20,2.490000,0.180000,1000.00,cifi0007.DBF
P9FN,10P9FN,F,NS,00,4,65,431.38,946,0.00,488.74,2.490000,0.180000,1000.00,cifi0007.DBF
P9FN,10P9FN,F,NS,00,4,66,446.70,949,0.00,503.46,2.490000,0.180000,1000.00,cifi0007.DBF
P9FN,10P9FN,F,NS,00,4,67,462.28,952,0.00,518.36,2.490000,0.180000,1000.00,cifi0007.DBF
P9FN,10P9FN,F,NS,00,4,68,478.07,955,0.00,533.39,2.490000,0.180000,1000.00,cifi0007.DBF
P9FN,10P9FN,F,NS,00,4,69,494.03,958,0.00,548.53,2.490000,0.180000,1000.00,cifi0007.DBF
P9FN,10P9FN,F,NS,00,4,70,510.17,960,0.00,563.75,2.490000,0.180000,1000.00,cifi0007.DBF
P9FN,10P9FN,F,NS,00,4,71,526.47,963,0.00,579.04,2.490000,0.180000,1000.00,cifi0007.DBF
P9FN,10P9FN,F,NS,00,4,72,542.90,965,0.00,594.39,2.490000,0.180000,1000.00,cifi0007.DBF
P9FN,10P9FN,F,NS,00,4,73,559.46,967,0.00,609.78,2.490000,0.180000,1000.00,cifi0007.DBF
P9FN,10P9FN,F,NS,00,4,74,576.12,969,0.00,625.19,2.490000,0.180000,1000.00,cifi0007.DBF
P9FN,10P9FN,F,NS,00,4,75,592.87,971,0.00,640.61,2.490000,0.180000,1000.00,cifi0007.DBF
P9FN,10P9FN,F,NS,00,4,76,609.73,973,0.00,656.03,2.490000,0.180000,1000.00,cifi0007.DBF
P9FN,10P9FN,F,NS,00,4,77,626.66,975,0.00,671.46,2.490000,0.180000,1000.00,cifi0007.DBF
P9FN,10P9FN,F,NS,00,4,78,643.31,977,0.00,686.72,2.490000,0.180000,1000.00,cifi0007.DBF
P9FN,10P9FN,F,NS,00,4,79,659.58,978,0.00,701.61,2.490000,0.180000,1000.00,cifi0007.DBF
P9FN,10P9FN,F,NS,00,4,80,675.64,980,0.00,716.18,2.490000,0.180000,1000.00,cifi0007.DBF
P9FN,10P9FN,F,NS,00,4,81,691.46,981,0.00,730.49,2.490000,0.180000,1000.00,cifi0007.DBF
P9FN,10P9FN,F,NS,00,4,82,706.98,983,0.00,744.50,2.490000,0.180000,1000.00,cifi0007.DBF
P9FN,10P9FN,F,NS,00,4,83,722.60,984,0.00,758.35,2.490000,0.180000,1000.00,cifi0007.DBF
P9FN,10P9FN,F,NS,00,4,84,737.59,985,0.00,771.92,2.490000,0.180000,1000.00,cifi0007.DBF
P9FN,10P9FN,F,NS,00,4,85,752.08,986,0.00,784.95,2.490000,0.180000,1000.00,cifi0007.DBF
P9FN,10P9FN,F,NS,00,4,86,766.12,987,0.00,797.52,2.490000,0.180000,1000.00,cifi0007.DBF
P9FN,10P9FN,F,NS,00,4,87,780.20,988,0.00,809.86,2.490000,0.180000,1000.00,cifi0007.DBF
P9FN,10P9FN,F,NS,00,4,88,795.81,989,0.00,822.83,2.490000,0.180000,1000.00,cifi0007.DBF
P9FN,10P9FN,F,NS,00,4,89,812.41,990,0.00,836.81,2.490000,0.180000,1000.00,cifi0007.DBF
P9FN,10P9FN,F,NS,00,4,90,829.63,992,0.00,851.40,2.490000,0.180000,1000.00,cifi0007.DBF
P9FN,10P9FN,F,NS,00,4,91,847.54,993,0.00,866.47,2.490000,0.180000,1000.00,cifi0007.DBF
P9FN,10P9FN,F,NS,00,4,92,866.43,994,0.00,882.18,2.490000,0.180000,1000.00,cifi0007.DBF
P9FN,10P9FN,F,NS,00,4,93,887.95,995,0.00,899.31,2.490000,0.180000,1000.00,cifi0007.DBF
P9FN,10P9FN,F,NS,00,4,94,914.24,996,0.00,919.42,2.490000,0.180000,1000.00,cifi0007.DBF
P9FN,10P9FN,F,NS,00,4,95,950.20,998,0.00,945.37,2.490000,0.180000,1000.00,cifi0007.DBF
P9FN,10P9FN,F,NS,00,5,1,0.00,0,0.00,0.09,0.000000,0.170000,1000.00,cifi0007.DBF
P9FN,10P9FN,F,NS,00,5,2,0.00,0,0.00,2.55,2.590000,0.170000,1000.00,cifi0007.DBF
P9FN,10P9FN,F,NS,00,5,3,0.00,0,0.00,5.09,2.590000,0.170000,1000.00,cifi0007.DBF
P9FN,10P9FN,F,NS,00,5,4,0.00,0,0.00,7.73,2.590000,0.170000,1000.00,cifi0007.DBF
P9FN,10P9FN,F,NS,00,5,5,0.00,0,0.00,10.46,2.590000,0.170000,1000.00,cifi0007.DBF
P9FN,10P9FN,F,NS,00,5,6,0.00,0,0.00,13.31,2.590000,0.170000,1000.00,cifi0007.DBF
P9FN,10P9FN,F,NS,00,5,7,0.63,14,0.00,16.26,2.590000,0.170000,1000.00,cifi0007.DBF
P9FN,10P9FN,F,NS,00,5,8,2.76,58,0.00,19.30,2.590000,0.170000,1000.00,cifi0007.DBF
P9FN,10P9FN,F,NS,00,5,9,4.97,100,0.00,22.43,2.590000,0.170000,1000.00,cifi0007.DBF
P9FN,10P9FN,F,NS,00,5,10,7.26,140,0.00,25.66,2.590000,0.170000,1000.00,cifi0007.DBF
P9FN,10P9FN,F,NS,00,5,11,9.67,178,0.00,29.00,2.590000,0.170000,1000.00,cifi0007.DBF
P9FN,10P9FN,F,NS,00,5,12,12.14,214,0.00,32.45,2.590000,0.170000,1000.00,cifi0007.DBF
P9FN,10P9FN,F,NS,00,5,13,14.71,249,0.00,36.00,2.590000,0.170000,1000.00,cifi0007.DBF
P9FN,10P9FN,F,NS,00,5,14,17.40,282,0.00,39.68,2.590000,0.170000,1000.00,cifi0007.DBF
P9FN,10P9FN,F,NS,00,5,15,20.20,313,0.00,43.49,2.590000,0.170000,1000.00,cifi0007.DBF
P9FN,10P9FN,F,NS,00,5,16,23.14,344,0.00,47.44,2.590000,0.170000,1000.00,cifi0007.DBF
P9FN,10P9FN,F,NS,00,5,17,26.22,374,0.00,51.54,2.590000,0.170000,1000.00,cifi0007.DBF
P9FN,10P9FN,F,NS,00,5,18,29.44,402,0.00,55.79,2.590000,0.170000,1000.00,cifi0007.DBF
P9FN,10P9FN,F,NS,00,5,19,32.82,429,0.00,60.21,2.590000,0.170000,1000.00,cifi0007.DBF
P9FN,10P9FN,F,NS,00,5,20,36.34,455,0.00,64.80,2.590000,0.170000,1000.00,cifi0007.DBF
P9FN,10P9FN,F,NS,00,5,21,40.05,480,0.00,69.56,2.590000,0.170000,1000.00,cifi0007.DBF
P9FN,10P9FN,F,NS,00,5,22,43.92,504,0.00,74.50,2.590000,0.170000,1000.00,cifi0007.DBF
P9FN,10P9FN,F,NS,00,5,23,47.94,527,0.00,79.62,2.590000,0.170000,1000.00,cifi0007.DBF
P9FN,10P9FN,F,NS,00,5,24,52.16,549,0.00,84.91,2.590000,0.170000,1000.00,cifi0007.DBF
P9FN,10P9FN,F,NS,00,5,25,56.55,570,0.00,90.40,2.590000,0.170000,1000.00,cifi0007.DBF
P9FN,10P9FN,F,NS,00,5,26,61.15,591,0.00,96.08,2.590000,0.170000,1000.00,cifi0007.DBF
P9FN,10P9FN,F,NS,00,5,27,65.94,610,0.00,101.97,2.590000,0.170000,1000.00,cifi0007.DBF
P9FN,10P9FN,F,NS,00,5,28,70.94,628,0.00,108.06,2.590000,0.170000,1000.00,cifi0007.DBF
P9FN,10P9FN,F,NS,00,5,29,76.15,646,0.00,114.36,2.590000,0.170000,1000.00,cifi0007.DBF
P9FN,10P9FN,F,NS,00,5,30,81.58,663,0.00,120.88,2.590000,0.170000,1000.00,cifi0007.DBF
P9FN,10P9FN,F,NS,00,5,31,87.21,679,0.00,127.61,2.590000,0.170000,1000.00,cifi0007.DBF
P9FN,10P9FN,F,NS,00,5,32,93.08,694,0.00,134.55,2.590000,0.170000,1000.00,cifi0007.DBF
P9FN,10P9FN,F,NS,00,5,33,99.18,709,0.00,141.72,2.590000,0.170000,1000.00,cifi0007.DBF
P9FN,10P9FN,F,NS,00,5,34,105.55,723,0.00,149.13,2.590000,0.170000,1000.00,cifi0007.DBF
P9FN,10P9FN,F,NS,00,5,35,112.19,737,0.00,156.81,2.590000,0.170000,1000.00,cifi0007.DBF
P9FN,10P9FN,F,NS,00,5,36,119.12,750,0.00,164.74,2.590000,0.170000,1000.00,cifi0007.DBF
P9FN,10P9FN,F,NS,00,5,37,126.33,762,0.00,172.95,2.590000,0.170000,1000.00,cifi0007.DBF
P9FN,10P9FN,F,NS,00,5,38,133.85,774,0.00,181.43,2.590000,0.170000,1000.00,cifi0007.DBF
P9FN,10P9FN,F,NS,00,5,39,141.67,785,0.00,190.19,2.590000,0.170000,1000.00,cifi0007.DBF
P9FN,10P9FN,F,NS,00,5,40,149.79,796,0.00,199.22,2.590000,0.170000,1000.00,cifi0007.DBF
P9FN,10P9FN,F,NS,00,5,41,158.21,806,0.00,208.53,2.590000,0.170000,1000.00,cifi0007.DBF
P9FN,10P9FN,F,NS,00,5,42,166.93,816,0.00,218.11,2.590000,0.170000,1000.00,cifi0007.DBF
P9FN,10P9FN,F,NS,00,5,43,175.94,826,0.00,227.95,2.590000,0.170000,1000.00,cifi0007.DBF
P9FN,10P9FN,F,NS,00,5,44,185.24,835,0.00,238.04,2.590000,0.170000,1000.00,cifi0007.DBF
P9FN,10P9FN,F,NS,00,5,45,194.83,843,0.00,248.38,2.590000,0.170000,1000.00,cifi0007.DBF
P9FN,10P9FN,F,NS,00,5,46,204.71,851,0.00,258.97,2.590000,0.170000,1000.00,cifi0007.DBF
P9FN,10P9FN,F,NS,00,5,47,214.87,859,0.00,269.80,2.590000,0.170000,1000.00,cifi0007.DBF
P9FN,10P9FN,F,NS,00,5,48,225.29,866,0.00,280.86,2.590000,0.170000,1000.00,cifi0007.DBF
P9FN,10P9FN,F,NS,00,5,49,235.98,873,0.00,292.14,2.590000,0.170000,1000.00,cifi0007.DBF
P9FN,10P9FN,F,NS,00,5,50,246.95,879,0.00,303.64,2.590000,0.170000,1000.00,cifi0007.DBF
P9FN,10P9FN,F,NS,00,5,51,258.20,885,0.00,315.36,2.590000,0.170000,1000.00,cifi0007.DBF
P9FN,10P9FN,F,NS,00,5,52,269.70,891,0.00,327.29,2.590000,0.170000,1000.00,cifi0007.DBF
P9FN,10P9FN,F,NS,00,5,53,281.46,897,0.00,339.42,2.590000,0.170000,1000.00,cifi0007.DBF
P9FN,10P9FN,F,NS,00,5,54,293.48,902,0.00,351.75,2.590000,0.170000,1000.00,cifi0007.DBF
P9FN,10P9FN,F,NS,00,5,55,305.78,907,0.00,364.30,2.590000,0.170000,1000.00,cifi0007.DBF
P9FN,10P9FN,F,NS,00,5,56,318.40,912,0.00,377.07,2.590000,0.170000,1000.00,cifi0007.DBF
P9FN,10P9FN,F,NS,00,5,57,331.32,917,0.00,390.08,2.590000,0.170000,1000.00,cifi0007.DBF
P9FN,10P9FN,F,NS,00,5,58,344.54,921,0.00,403.31,2.590000,0.170000,1000.00,cifi0007.DBF
P9FN,10P9FN,F,NS,00,5,59,358.08,925,0.00,416.78,2.590000,0.170000,1000.00,cifi0007.DBF
P9FN,10P9FN,F,NS,00,5,60,371.95,930,0.00,430.49,2.590000,0.170000,1000.00,cifi0007.DBF
P9FN,10P9FN,F,NS,00,5,61,386.14,933,0.00,444.43,2.590000,0.170000,1000.00,cifi0007.DBF
P9FN,10P9FN,F,NS,00,5,62,400.63,937,0.00,458.60,2.590000,0.170000,1000.00,cifi0007.DBF
P9FN,10P9FN,F,NS,00,5,63,415.42,941,0.00,472.98,2.590000,0.170000,1000.00,cifi0007.DBF
P9FN,10P9FN,F,NS,00,5,64,430.49,944,0.00,487.55,2.590000,0.170000,1000.00,cifi0007.DBF
P9FN,10P9FN,F,NS,00,5,65,445.83,947,0.00,502.31,2.590000,0.170000,1000.00,cifi0007.DBF
P9FN,10P9FN,F,NS,00,5,66,461.43,950,0.00,517.24,2.590000,0.170000,1000.00,cifi0007.DBF
P9FN,10P9FN,F,NS,00,5,67,477.25,953,0.00,532.31,2.590000,0.170000,1000.00,cifi0007.DBF
P9FN,10P9FN,F,NS,00,5,68,493.24,956,0.00,547.49,2.590000,0.170000,1000.00,cifi0007.DBF
P9FN,10P9FN,F,NS,00,5,69,509.40,959,0.00,562.74,2.590000,0.170000,1000.00,cifi0007.DBF
P9FN,10P9FN,F,NS,00,5,70,525.73,961,0.00,578.07,2.590000,0.170000,1000.00,cifi0007.DBF
P9FN,10P9FN,F,NS,00,5,71,542.19,964,0.00,593.46,2.590000,0.170000,1000.00,cifi0007.DBF
P9FN,10P9FN,F,NS,00,5,72,558.77,966,0.00,608.88,2.590000,0.170000,1000.00,cifi0007.DBF
P9FN,10P9FN,F,NS,00,5,73,575.46,968,0.00,624.33,2.590000,0.170000,1000.00,cifi0007.DBF
P9FN,10P9FN,F,NS,00,5,74,592.23,970,0.00,639.79,2.590000,0.170000,1000.00,cifi0007.DBF
P9FN,10P9FN,F,NS,00,5,75,609.12,972,0.00,655.25,2.590000,0.170000,1000.00,cifi0007.DBF
P9FN,10P9FN,F,NS,00,5,76,626.08,974,0.00,670.71,2.590000,0.170000,1000.00,cifi0007.DBF
P9FN,10P9FN,F,NS,00,5,77,642.75,976,0.00,686.01,2.590000,0.170000,1000.00,cifi0007.DBF
P9FN,10P9FN,F,NS,00,5,78,659.04,978,0.00,700.94,2.590000,0.170000,1000.00,cifi0007.DBF
P9FN,10P9FN,F,NS,00,5,79,675.13,979,0.00,715.55,2.590000,0.170000,1000.00,cifi0007.DBF
P9FN,10P9FN,F,NS,00,5,80,690.98,981,0.00,729.89,2.590000,0.170000,1000.00,cifi0007.DBF
P9FN,10P9FN,F,NS,00,5,81,706.52,982,0.00,743.93,2.590000,0.170000,1000.00,cifi0007.DBF
P9FN,10P9FN,F,NS,00,5,82,722.16,983,0.00,757.82,2.590000,0.170000,1000.00,cifi0007.DBF
P9FN,10P9FN,F,NS,00,5,83,737.18,985,0.00,771.42,2.590000,0.170000,1000.00,cifi0007.DBF
P9FN,10P9FN,F,NS,00,5,84,751.69,986,0.00,784.48,2.590000,0.170000,1000.00,cifi0007.DBF
P9FN,10P9FN,F,NS,00,5,85,765.75,987,0.00,797.08,2.590000,0.170000,1000.00,cifi0007.DBF
P9FN,10P9FN,F,NS,00,5,86,779.85,988,0.00,809.45,2.590000,0.170000,1000.00,cifi0007.DBF
P9FN,10P9FN,F,NS,00,5,87,795.49,989,0.00,822.45,2.590000,0.170000,1000.00,cifi0007.DBF
P9FN,10P9FN,F,NS,00,5,88,812.12,990,0.00,836.46,2.590000,0.170000,1000.00,cifi0007.DBF
P9FN,10P9FN,F,NS,00,5,89,829.36,991,0.00,851.09,2.590000,0.170000,1000.00,cifi0007.DBF
P9FN,10P9FN,F,NS,00,5,90,847.30,992,0.00,866.20,2.590000,0.170000,1000.00,cifi0007.DBF
P9FN,10P9FN,F,NS,00,5,91,866.22,994,0.00,881.94,2.590000,0.170000,1000.00,cifi0007.DBF
P9FN,10P9FN,F,NS,00,5,92,887.77,995,0.00,899.11,2.590000,0.170000,1000.00,cifi0007.DBF
P9FN,10P9FN,F,NS,00,5,93,914.10,996,0.00,919.27,2.590000,0.170000,1000.00,cifi0007.DBF
P9FN,10P9FN,F,NS,00,5,94,950.12,998,0.00,945.28,2.590000,0.170000,1000.00,cifi0007.DBF
P9FN,10P9FN,F,NS,00,6,1,0.00,0,0.00,0.09,0.000000,0.170000,1000.00,cifi0007.DBF
P9FN,10P9FN,F,NS,00,6,2,0.00,0,0.00,2.64,2.690000,0.170000,1000.00,cifi0007.DBF
P9FN,10P9FN,F,NS,00,6,3,0.00,0,0.00,5.28,2.690000,0.170000,1000.00,cifi0007.DBF
P9FN,10P9FN,F,NS,00,6,4,0.00,0,0.00,8.02,2.690000,0.170000,1000.00,cifi0007.DBF
P9FN,10P9FN,F,NS,00,6,5,0.00,0,0.00,10.88,2.690000,0.170000,1000.00,cifi0007.DBF
P9FN,10P9FN,F,NS,00,6,6,0.00,0,0.00,13.83,2.690000,0.170000,1000.00,cifi0007.DBF
P9FN,10P9FN,F,NS,00,6,7,1.10,23,0.00,16.88,2.690000,0.170000,1000.00,cifi0007.DBF
P9FN,10P9FN,F,NS,00,6,8,3.32,67,0.00,20.02,2.690000,0.170000,1000.00,cifi0007.DBF
P9FN,10P9FN,F,NS,00,6,9,5.61,108,0.00,23.25,2.690000,0.170000,1000.00,cifi0007.DBF
P9FN,10P9FN,F,NS,00,6,10,8.02,148,0.00,26.61,2.690000,0.170000,1000.00,cifi0007.DBF
P9FN,10P9FN,F,NS,00,6,11,10.49,185,0.00,30.07,2.690000,0.170000,1000.00,cifi0007.DBF
P9FN,10P9FN,F,NS,00,6,12,13.07,221,0.00,33.62,2.690000,0.170000,1000.00,cifi0007.DBF
P9FN,10P9FN,F,NS,00,6,13,15.77,255,0.00,37.31,2.690000,0.170000,1000.00,cifi0007.DBF
P9FN,10P9FN,F,NS,00,6,14,18.57,288,0.00,41.13,2.690000,0.170000,1000.00,cifi0007.DBF
P9FN,10P9FN,F,NS,00,6,15,21.52,320,0.00,45.09,2.690000,0.170000,1000.00,cifi0007.DBF
P9FN,10P9FN,F,NS,00,6,16,24.60,350,0.00,49.20,2.690000,0.170000,1000.00,cifi0007.DBF
P9FN,10P9FN,F,NS,00,6,17,27.82,380,0.00,53.47,2.690000,0.170000,1000.00,cifi0007.DBF
P9FN,10P9FN,F,NS,00,6,18,31.21,408,0.00,57.90,2.690000,0.170000,1000.00,cifi0007.DBF
P9FN,10P9FN,F,NS,00,6,19,34.74,435,0.00,62.49,2.690000,0.170000,1000.00,cifi0007.DBF
P9FN,10P9FN,F,NS,00,6,20,38.46,461,0.00,67.27,2.690000,0.170000,1000.00,cifi0007.DBF
P9FN,10P9FN,F,NS,00,6,21,42.33,486,0.00,72.22,2.690000,0.170000,1000.00,cifi0007.DBF
P9FN,10P9FN,F,NS,00,6,22,46.36,510,0.00,77.35,2.690000,0.170000,1000.00,cifi0007.DBF
P9FN,10P9FN,F,NS,00,6,23,50.58,533,0.00,82.66,2.690000,0.170000,1000.00,cifi0007.DBF
P9FN,10P9FN,F,NS,00,6,24,54.98,554,0.00,88.16,2.690000,0.170000,1000.00,cifi0007.DBF
P9FN,10P9FN,F,NS,00,6,25,59.59,576,0.00,93.86,2.690000,0.170000,1000.00,cifi0007.DBF
P9FN,10P9FN,F,NS,00,6,26,64.39,596,0.00,99.76,2.690000,0.170000,1000.00,cifi0007.DBF
P9FN,10P9FN,F,NS,00,6,27,69.39,615,0.00,105.86,2.690000,0.170000,1000.00,cifi0007.DBF
P9FN,10P9FN,F,NS,00,6,28,74.62,633,0.00,112.18,2.690000,0.170000,1000.00,cifi0007.DBF
P9FN,10P9FN,F,NS,00,6,29,80.05,651,0.00,118.72,2.690000,0.170000,1000.00,cifi0007.DBF
P9FN,10P9FN,F,NS,00,6,30,85.70,667,0.00,125.46,2.690000,0.170000,1000.00,cifi0007.DBF
P9FN,10P9FN,F,NS,00,6,31,91.57,683,0.00,132.42,2.690000,0.170000,1000.00,cifi0007.DBF
P9FN,10P9FN,F,NS,00,6,32,97.68,699,0.00,139.61,2.690000,0.170000,1000.00,cifi0007.DBF
P9FN,10P9FN,F,NS,00,6,33,104.06,713,0.00,147.04,2.690000,0.170000,1000.00,cifi0007.DBF
P9FN,10P9FN,F,NS,00,6,34,110.72,727,0.00,154.74,2.690000,0.170000,1000.00,cifi0007.DBF
P9FN,10P9FN,F,NS,00,6,35,117.65,741,0.00,162.69,2.690000,0.170000,1000.00,cifi0007.DBF
P9FN,10P9FN,F,NS,00,6,36,124.88,753,0.00,170.92,2.690000,0.170000,1000.00,cifi0007.DBF
P9FN,10P9FN,F,NS,00,6,37,132.41,766,0.00,179.42,2.690000,0.170000,1000.00,cifi0007.DBF
P9FN,10P9FN,F,NS,00,6,38,140.24,777,0.00,188.20,2.690000,0.170000,1000.00,cifi0007.DBF
P9FN,10P9FN,F,NS,00,6,39,148.37,789,0.00,197.26,2.690000,0.170000,1000.00,cifi0007.DBF
P9FN,10P9FN,F,NS,00,6,40,156.81,799,0.00,206.59,2.690000,0.170000,1000.00,cifi0007.DBF
P9FN,10P9FN,F,NS,00,6,41,165.54,809,0.00,216.19,2.690000,0.170000,1000.00,cifi0007.DBF
P9FN,10P9FN,F,NS,00,6,42,174.57,819,0.00,226.05,2.690000,0.170000,1000.00,cifi0007.DBF
P9FN,10P9FN,F,NS,00,6,43,183.88,828,0.00,236.17,2.690000,0.170000,1000.00,cifi0007.DBF
P9FN,10P9FN,F,NS,00,6,44,193.49,837,0.00,246.54,2.690000,0.170000,1000.00,cifi0007.DBF
P9FN,10P9FN,F,NS,00,6,45,203.39,845,0.00,257.16,2.690000,0.170000,1000.00,cifi0007.DBF
P9FN,10P9FN,F,NS,00,6,46,213.56,853,0.00,268.02,2.690000,0.170000,1000.00,cifi0007.DBF
P9FN,10P9FN,F,NS,00,6,47,224.00,861,0.00,279.10,2.690000,0.170000,1000.00,cifi0007.DBF
P9FN,10P9FN,F,NS,00,6,48,234.71,868,0.00,290.41,2.690000,0.170000,1000.00,cifi0007.DBF
P9FN,10P9FN,F,NS,00,6,49,245.70,875,0.00,301.93,2.690000,0.170000,1000.00,cifi0007.DBF
P9FN,10P9FN,F,NS,00,6,50,256.97,881,0.00,313.69,2.690000,0.170000,1000.00,cifi0007.DBF
P9FN,10P9FN,F,NS,00,6,51,268.48,887,0.00,325.65,2.690000,0.170000,1000.00,cifi0007.DBF
P9FN,10P9FN,F,NS,00,6,52,280.26,893,0.00,337.81,2.690000,0.170000,1000.00,cifi0007.DBF
P9FN,10P9FN,F,NS,00,6,53,292.30,899,0.00,350.17,2.690000,0.170000,1000.00,cifi0007.DBF
P9FN,10P9FN,F,NS,00,6,54,304.63,904,0.00,362.75,2.690000,0.170000,1000.00,cifi0007.DBF
P9FN,10P9FN,F,NS,00,6,55,317.27,909,0.00,375.55,2.690000,0.170000,1000.00,cifi0007.DBF
P9FN,10P9FN,F,NS,00,6,56,330.21,914,0.00,388.59,2.690000,0.170000,1000.00,cifi0007.DBF
P9FN,10P9FN,F,NS,00,6,57,343.45,918,0.00,401.86,2.690000,0.170000,1000.00,cifi0007.DBF
P9FN,10P9FN,F,NS,00,6,58,357.02,923,0.00,415.36,2.690000,0.170000,1000.00,cifi0007.DBF
P9FN,10P9FN,F,NS,00,6,59,370.91,927,0.00,429.10,2.690000,0.170000,1000.00,cifi0007.DBF
P9FN,10P9FN,F,NS,00,6,60,385.12,931,0.00,443.08,2.690000,0.170000,1000.00,cifi0007.DBF
P9FN,10P9FN,F,NS,00,6,61,399.63,935,0.00,457.28,2.690000,0.170000,1000.00,cifi0007.DBF
P9FN,10P9FN,F,NS,00,6,62,414.45,938,0.00,471.70,2.690000,0.170000,1000.00,cifi0007.DBF
P9FN,10P9FN,F,NS,00,6,63,429.54,942,0.00,486.31,2.690000,0.170000,1000.00,cifi0007.DBF
P9FN,10P9FN,F,NS,00,6,64,444.91,945,0.00,501.11,2.690000,0.170000,1000.00,cifi0007.DBF
P9FN,10P9FN,F,NS,00,6,65,460.54,948,0.00,516.08,2.690000,0.170000,1000.00,cifi0007.DBF
P9FN,10P9FN,F,NS,00,6,66,476.38,952,0.00,531.19,2.690000,0.170000,1000.00,cifi0007.DBF
P9FN,10P9FN,F,NS,00,6,67,492.39,954,0.00,546.40,2.690000,0.170000,1000.00,cifi0007.DBF
P9FN,10P9FN,F,NS,00,6,68,508.59,957,0.00,561.69,2.690000,0.170000,1000.00,cifi0007.DBF
P9FN,10P9FN,F,NS,00,6,69,524.94,960,0.00,577.06,2.690000,0.170000,1000.00,cifi0007.DBF
P9FN,10P9FN,F,NS,00,6,70,541.42,962,0.00,592.48,2.690000,0.170000,1000.00,cifi0007.DBF
P9FN,10P9FN,F,NS,00,6,71,558.03,965,0.00,607.95,2.690000,0.170000,1000.00,cifi0007.DBF
P9FN,10P9FN,F,NS,00,6,72,574.75,967,0.00,623.43,2.690000,0.170000,1000.00,cifi0007.DBF
P9FN,10P9FN,F,NS,00,6,73,591.56,969,0.00,638.93,2.690000,0.170000,1000.00,cifi0007.DBF
P9FN,10P9FN,F,NS,00,6,74,608.47,971,0.00,654.43,2.690000,0.170000,1000.00,cifi0007.DBF
P9FN,10P9FN,F,NS,00,6,75,625.45,973,0.00,669.93,2.690000,0.170000,1000.00,cifi0007.DBF
P9FN,10P9FN,F,NS,00,6,76,642.15,975,0.00,685.27,2.690000,0.170000,1000.00,cifi0007.DBF
P9FN,10P9FN,F,NS,00,6,77,658.48,977,0.00,700.24,2.690000,0.170000,1000.00,cifi0007.DBF
P9FN,10P9FN,F,NS,00,6,78,674.59,978,0.00,714.88,2.690000,0.170000,1000.00,cifi0007.DBF
P9FN,10P9FN,F,NS,00,6,79,690.47,980,0.00,729.26,2.690000,0.170000,1000.00,cifi0007.DBF
P9FN,10P9FN,F,NS,00,6,80,706.03,981,0.00,743.33,2.690000,0.170000,1000.00,cifi0007.DBF
P9FN,10P9FN,F,NS,00,6,81,721.70,983,0.00,757.25,2.690000,0.170000,1000.00,cifi0007.DBF
P9FN,10P9FN,F,NS,00,6,82,736.74,984,0.00,770.89,2.690000,0.170000,1000.00,cifi0007.DBF
P9FN,10P9FN,F,NS,00,6,83,751.28,985,0.00,783.98,2.690000,0.170000,1000.00,cifi0007.DBF
P9FN,10P9FN,F,NS,00,6,84,765.37,986,0.00,796.61,2.690000,0.170000,1000.00,cifi0007.DBF
P9FN,10P9FN,F,NS,00,6,85,779.49,987,0.00,809.02,2.690000,0.170000,1000.00,cifi0007.DBF
P9FN,10P9FN,F,NS,00,6,86,795.15,989,0.00,822.05,2.690000,0.170000,1000.00,cifi0007.DBF
P9FN,10P9FN,F,NS,00,6,87,811.80,990,0.00,836.10,2.690000,0.170000,1000.00,cifi0007.DBF
P9FN,10P9FN,F,NS,00,6,88,829.08,991,0.00,850.76,2.690000,0.170000,1000.00,cifi0007.DBF
P9FN,10P9FN,F,NS,00,6,89,847.04,992,0.00,865.91,2.690000,0.170000,1000.00,cifi0007.DBF
P9FN,10P9FN,F,NS,00,6,90,866.00,993,0.00,881.69,2.690000,0.170000,1000.00,cifi0007.DBF
P9FN,10P9FN,F,NS,00,6,91,887.58,995,0.00,898.91,2.690000,0.170000,1000.00,cifi0007.DBF
P9FN,10P9FN,F,NS,00,6,92,913.96,996,0.00,919.12,2.690000,0.170000,1000.00,cifi0007.DBF
P9FN,10P9FN,F,NS,00,6,93,950.04,998,0.00,945.19,2.690000,0.170000,1000.00,cifi0007.DBF
P9FN,10P9FN,F,NS,00,7,1,0.00,0,0.00,0.10,0.000000,0.200000,1000.00,cifi0007.DBF
P9FN,10P9FN,F,NS,00,7,2,0.00,0,0.00,2.75,2.800000,0.200000,1000.00,cifi0007.DBF
P9FN,10P9FN,F,NS,00,7,3,0.00,0,0.00,5.50,2.800000,0.200000,1000.00,cifi0007.DBF
P9FN,10P9FN,F,NS,00,7,4,0.00,0,0.00,8.36,2.800000,0.200000,1000.00,cifi0007.DBF
P9FN,10P9FN,F,NS,00,7,5,0.00,0,0.00,11.32,2.800000,0.200000,1000.00,cifi0007.DBF
P9FN,10P9FN,F,NS,00,7,6,0.00,0,0.00,14.38,2.800000,0.200000,1000.00,cifi0007.DBF
P9FN,10P9FN,F,NS,00,7,7,1.58,32,0.00,17.52,2.800000,0.200000,1000.00,cifi0007.DBF
P9FN,10P9FN,F,NS,00,7,8,3.87,75,0.00,20.77,2.800000,0.200000,1000.00,cifi0007.DBF
P9FN,10P9FN,F,NS,00,7,9,6.29,116,0.00,24.13,2.800000,0.200000,1000.00,cifi0007.DBF
P9FN,10P9FN,F,NS,00,7,10,8.76,155,0.00,27.60,2.800000,0.200000,1000.00,cifi0007.DBF
P9FN,10P9FN,F,NS,00,7,11,11.35,192,0.00,31.17,2.800000,0.200000,1000.00,cifi0007.DBF
P9FN,10P9FN,F,NS,00,7,12,14.05,228,0.00,34.86,2.800000,0.200000,1000.00,cifi0007.DBF
P9FN,10P9FN,F,NS,00,7,13,16.86,262,0.00,38.69,2.800000,0.200000,1000.00,cifi0007.DBF
P9FN,10P9FN,F,NS,00,7,14,19.81,295,0.00,42.66,2.800000,0.200000,1000.00,cifi0007.DBF
P9FN,10P9FN,F,NS,00,7,15,22.90,326,0.00,46.78,2.800000,0.200000,1000.00,cifi0007.DBF
P9FN,10P9FN,F,NS,00,7,16,26.12,357,0.00,51.06,2.800000,0.200000,1000.00,cifi0007.DBF
P9FN,10P9FN,F,NS,00,7,17,29.51,386,0.00,55.50,2.800000,0.200000,1000.00,cifi0007.DBF
P9FN,10P9FN,F,NS,00,7,18,33.05,414,0.00,60.11,2.800000,0.200000,1000.00,cifi0007.DBF
P9FN,10P9FN,F,NS,00,7,19,36.77,441,0.00,64.90,2.800000,0.200000,1000.00,cifi0007.DBF
P9FN,10P9FN,F,NS,00,7,20,40.65,467,0.00,69.87,2.800000,0.200000,1000.00,cifi0007.DBF
P9FN,10P9FN,F,NS,00,7,21,44.69,491,0.00,75.00,2.800000,0.200000,1000.00,cifi0007.DBF
P9FN,10P9FN,F,NS,00,7,22,48.92,515,0.00,80.33,2.800000,0.200000,1000.00,cifi0007.DBF
P9FN,10P9FN,F,NS,00,7,23,53.33,538,0.00,85.84,2.800000,0.200000,1000.00,cifi0007.DBF
P9FN,10P9FN,F,NS,00,7,24,57.94,560,0.00,91.55,2.800000,0.200000,1000.00,cifi0007.DBF
P9FN,10P9FN,F,NS,00,7,25,62.75,580,0.00,97.47,2.800000,0.200000,1000.00,cifi0007.DBF
P9FN,10P9FN,F,NS,00,7,26,67.76,600,0.00,103.59,2.800000,0.200000,1000.00,cifi0007.DBF
P9FN,10P9FN,F,NS,00,7,27,73.00,619,0.00,109.93,2.800000,0.200000,1000.00,cifi0007.DBF
P9FN,10P9FN,F,NS,00,7,28,78.44,638,0.00,116.48,2.800000,0.200000,1000.00,cifi0007.DBF
P9FN,10P9FN,F,NS,00,7,29,84.10,655,0.00,123.24,2.800000,0.200000,1000.00,cifi0007.DBF
P9FN,10P9FN,F,NS,00,7,30,89.98,671,0.00,130.22,2.800000,0.200000,1000.00,cifi0007.DBF
P9FN,10P9FN,F,NS,00,7,31,96.10,687,0.00,137.43,2.800000,0.200000,1000.00,cifi0007.DBF
P9FN,10P9FN,F,NS,00,7,32,102.50,702,0.00,144.88,2.800000,0.200000,1000.00,cifi0007.DBF
P9FN,10P9FN,F,NS,00,7,33,109.16,717,0.00,152.59,2.800000,0.200000,1000.00,cifi0007.DBF
P9FN,10P9FN,F,NS,00,7,34,116.11,731,0.00,160.57,2.800000,0.200000,1000.00,cifi0007.DBF
P9FN,10P9FN,F,NS,00,7,35,123.35,744,0.00,168.81,2.800000,0.200000,1000.00,cifi0007.DBF
P9FN,10P9FN,F,NS,00,7,36,130.89,757,0.00,177.34,2.800000,0.200000,1000.00,cifi0007.DBF
P9FN,10P9FN,F,NS,00,7,37,138.73,769,0.00,186.14,2.800000,0.200000,1000.00,cifi0007.DBF
P9FN,10P9FN,F,NS,00,7,38,146.88,781,0.00,195.22,2.800000,0.200000,1000.00,cifi0007.DBF
P9FN,10P9FN,F,NS,00,7,39,155.33,792,0.00,204.58,2.800000,0.200000,1000.00,cifi0007.DBF
P9FN,10P9FN,F,NS,00,7,40,164.08,802,0.00,214.20,2.800000,0.200000,1000.00,cifi0007.DBF
P9FN,10P9FN,F,NS,00,7,41,173.12,812,0.00,224.09,2.800000,0.200000,1000.00,cifi0007.DBF
P9FN,10P9FN,F,NS,00,7,42,182.46,822,0.00,234.24,2.800000,0.200000,1000.00,cifi0007.DBF
P9FN,10P9FN,F,NS,00,7,43,192.08,831,0.00,244.63,2.800000,0.200000,1000.00,cifi0007.DBF
P9FN,10P9FN,F,NS,00,7,44,201.99,840,0.00,255.28,2.800000,0.200000,1000.00,cifi0007.DBF
P9FN,10P9FN,F,NS,00,7,45,212.19,848,0.00,266.16,2.800000,0.200000,1000.00,cifi0007.DBF
P9FN,10P9FN,F,NS,00,7,46,222.65,856,0.00,277.28,2.800000,0.200000,1000.00,cifi0007.DBF
P9FN,10P9FN,F,NS,00,7,47,233.38,863,0.00,288.61,2.800000,0.200000,1000.00,cifi0007.DBF
P9FN,10P9FN,F,NS,00,7,48,244.38,870,0.00,300.17,2.800000,0.200000,1000.00,cifi0007.DBF
P9FN,10P9FN,F,NS,00,7,49,255.67,877,0.00,311.95,2.800000,0.200000,1000.00,cifi0007.DBF
P9FN,10P9FN,F,NS,00,7,50,267.20,883,0.00,323.95,2.800000,0.200000,1000.00,cifi0007.DBF
P9FN,10P9FN,F,NS,00,7,51,279.00,889,0.00,336.14,2.800000,0.200000,1000.00,cifi0007.DBF
P9FN,10P9FN,F,NS,00,7,52,291.06,895,0.00,348.53,2.800000,0.200000,1000.00,cifi0007.DBF
P9FN,10P9FN,F,NS,00,7,53,303.41,900,0.00,361.14,2.800000,0.200000,1000.00,cifi0007.DBF
P9FN,10P9FN,F,NS,00,7,54,316.07,906,0.00,373.98,2.800000,0.200000,1000.00,cifi0007.DBF
P9FN,10P9FN,F,NS,00,7,55,329.04,911,0.00,387.05,2.800000,0.200000,1000.00,cifi0007.DBF
P9FN,10P9FN,F,NS,00,7,56,342.30,915,0.00,400.36,2.800000,0.200000,1000.00,cifi0007.DBF
P9FN,10P9FN,F,NS,00,7,57,355.89,920,0.00,413.89,2.800000,0.200000,1000.00,cifi0007.DBF
P9FN,10P9FN,F,NS,00,7,58,369.81,924,0.00,427.67,2.800000,0.200000,1000.00,cifi0007.DBF
P9FN,10P9FN,F,NS,00,7,59,384.04,928,0.00,441.69,2.800000,0.200000,1000.00,cifi0007.DBF
P9FN,10P9FN,F,NS,00,7,60,398.58,932,0.00,455.93,2.800000,0.200000,1000.00,cifi0007.DBF
P9FN,10P9FN,F,NS,00,7,61,413.42,936,0.00,470.38,2.800000,0.200000,1000.00,cifi0007.DBF
P9FN,10P9FN,F,NS,00,7,62,428.54,940,0.00,485.03,2.800000,0.200000,1000.00,cifi0007.DBF
P9FN,10P9FN,F,NS,00,7,63,443.94,943,0.00,499.86,2.800000,0.200000,1000.00,cifi0007.DBF
P9FN,10P9FN,F,NS,00,7,64,459.59,947,0.00,514.87,2.800000,0.200000,1000.00,cifi0007.DBF
P9FN,10P9FN,F,NS,00,7,65,475.46,950,0.00,530.02,2.800000,0.200000,1000.00,cifi0007.DBF
P9FN,10P9FN,F,NS,00,7,66,491.51,953,0.00,545.27,2.800000,0.200000,1000.00,cifi0007.DBF
P9FN,10P9FN,F,NS,00,7,67,507.73,956,0.00,560.60,2.800000,0.200000,1000.00,cifi0007.DBF
P9FN,10P9FN,F,NS,00,7,68,524.11,958,0.00,576.01,2.800000,0.200000,1000.00,cifi0007.DBF
P9FN,10P9FN,F,NS,00,7,69,540.62,961,0.00,591.48,2.800000,0.200000,1000.00,cifi0007.DBF
P9FN,10P9FN,F,NS,00,7,70,557.26,963,0.00,606.98,2.800000,0.200000,1000.00,cifi0007.DBF
P9FN,10P9FN,F,NS,00,7,71,574.01,966,0.00,622.51,2.800000,0.200000,1000.00,cifi0007.DBF
P9FN,10P9FN,F,NS,00,7,72,590.84,968,0.00,638.04,2.800000,0.200000,1000.00,cifi0007.DBF
P9FN,10P9FN,F,NS,00,7,73,607.78,970,0.00,653.58,2.800000,0.200000,1000.00,cifi0007.DBF
P9FN,10P9FN,F,NS,00,7,74,624.80,972,0.00,669.13,2.800000,0.200000,1000.00,cifi0007.DBF
P9FN,10P9FN,F,NS,00,7,75,641.53,974,0.00,684.50,2.800000,0.200000,1000.00,cifi0007.DBF
P9FN,10P9FN,F,NS,00,7,76,657.88,976,0.00,699.51,2.800000,0.200000,1000.00,cifi0007.DBF
P9FN,10P9FN,F,NS,00,7,77,674.02,978,0.00,714.19,2.800000,0.200000,1000.00,cifi0007.DBF
P9FN,10P9FN,F,NS,00,7,78,689.92,979,0.00,728.61,2.800000,0.200000,1000.00,cifi0007.DBF
P9FN,10P9FN,F,NS,00,7,79,705.52,981,0.00,742.72,2.800000,0.200000,1000.00,cifi0007.DBF
P9FN,10P9FN,F,NS,00,7,80,721.21,982,0.00,756.67,2.800000,0.200000,1000.00,cifi0007.DBF
P9FN,10P9FN,F,NS,00,7,81,736.28,983,0.00,770.34,2.800000,0.200000,1000.00,cifi0007.DBF
P9FN,10P9FN,F,NS,00,7,82,750.84,985,0.00,783.47,2.800000,0.200000,1000.00,cifi0007.DBF
P9FN,10P9FN,F,NS,00,7,83,764.96,986,0.00,796.13,2.800000,0.200000,1000.00,cifi0007.DBF
P9FN,10P9FN,F,NS,00,7,84,779.10,987,0.00,808.58,2.800000,0.200000,1000.00,cifi0007.DBF
P9FN,10P9FN,F,NS,00,7,85,794.80,988,0.00,821.64,2.800000,0.200000,1000.00,cifi0007.DBF
P9FN,10P9FN,F,NS,00,7,86,811.47,989,0.00,835.72,2.800000,0.200000,1000.00,cifi0007.DBF
P9FN,10P9FN,F,NS,00,7,87,828.78,991,0.00,850.42,2.800000,0.200000,1000.00,cifi0007.DBF
P9FN,10P9FN,F,NS,00,7,88,846.77,992,0.00,865.61,2.800000,0.200000,1000.00,cifi0007.DBF
P9FN,10P9FN,F,NS,00,7,89,865.77,993,0.00,881.43,2.800000,0.200000,1000.00,cifi0007.DBF
P9FN,10P9FN,F,NS,00,7,90,887.39,994,0.00,898.70,2.800000,0.200000,1000.00,cifi0007.DBF
P9FN,10P9FN,F,NS,00,7,91,913.81,996,0.00,918.96,2.800000,0.200000,1000.00,cifi0007.DBF
P9FN,10P9FN,F,NS,00,7,92,949.95,998,0.00,945.10,2.800000,0.200000,1000.00,cifi0007.DBF
P9FN,10P9FN,F,NS,00,8,1,0.00,0,0.00,0.10,0.000000,0.200000,1000.00,cifi0007.DBF
P9FN,10P9FN,F,NS,00,8,2,0.00,0,0.00,2.86,2.910000,0.200000,1000.00,cifi0007.DBF
P9FN,10P9FN,F,NS,00,8,3,0.00,0,0.00,5.73,2.910000,0.200000,1000.00,cifi0007.DBF
P9FN,10P9FN,F,NS,00,8,4,0.00,0,0.00,8.70,2.910000,0.200000,1000.00,cifi0007.DBF
P9FN,10P9FN,F,NS,00,8,5,0.00,0,0.00,11.76,2.910000,0.200000,1000.00,cifi0007.DBF
P9FN,10P9FN,F,NS,00,8,6,0.00,0,0.00,14.92,2.910000,0.200000,1000.00,cifi0007.DBF
P9FN,10P9FN,F,NS,00,8,7,2.07,40,0.00,18.17,2.910000,0.200000,1000.00,cifi0007.DBF
P9FN,10P9FN,F,NS,00,8,8,4.49,83,0.00,21.54,2.910000,0.200000,1000.00,cifi0007.DBF
P9FN,10P9FN,F,NS,00,8,9,6.97,123,0.00,25.02,2.910000,0.200000,1000.00,cifi0007.DBF
P9FN,10P9FN,F,NS,00,8,10,9.56,162,0.00,28.60,2.910000,0.200000,1000.00,cifi0007.DBF
P9FN,10P9FN,F,NS,00,8,11,12.26,199,0.00,32.30,2.910000,0.200000,1000.00,cifi0007.DBF
P9FN,10P9FN,F,NS,00,8,12,15.08,234,0.00,36.14,2.910000,0.200000,1000.00,cifi0007.DBF
P9FN,10P9FN,F,NS,00,8,13,18.04,268,0.00,40.12,2.910000,0.200000,1000.00,cifi0007.DBF
P9FN,10P9FN,F,NS,00,8,14,21.13,301,0.00,44.26,2.910000,0.200000,1000.00,cifi0007.DBF
P9FN,10P9FN,F,NS,00,8,15,24.36,333,0.00,48.54,2.910000,0.200000,1000.00,cifi0007.DBF
P9FN,10P9FN,F,NS,00,8,16,27.76,363,0.00,53.00,2.910000,0.200000,1000.00,cifi0007.DBF
P9FN,10P9FN,F,NS,00,8,17,31.30,392,0.00,57.62,2.910000,0.200000,1000.00,cifi0007.DBF
P9FN,10P9FN,F,NS,00,8,18,35.03,420,0.00,62.42,2.910000,0.200000,1000.00,cifi0007.DBF
P9FN,10P9FN,F,NS,00,8,19,38.92,447,0.00,67.40,2.910000,0.200000,1000.00,cifi0007.DBF
P9FN,10P9FN,F,NS,00,8,20,42.96,472,0.00,72.55,2.910000,0.200000,1000.00,cifi0007.DBF
P9FN,10P9FN,F,NS,00,8,21,47.20,497,0.00,77.89,2.910000,0.200000,1000.00,cifi0007.DBF
P9FN,10P9FN,F,NS,00,8,22,51.62,521,0.00,83.42,2.910000,0.200000,1000.00,cifi0007.DBF
P9FN,10P9FN,F,NS,00,8,23,56.24,543,0.00,89.15,2.910000,0.200000,1000.00,cifi0007.DBF
P9FN,10P9FN,F,NS,00,8,24,61.05,565,0.00,95.08,2.910000,0.200000,1000.00,cifi0007.DBF
P9FN,10P9FN,F,NS,00,8,25,66.08,585,0.00,101.22,2.910000,0.200000,1000.00,cifi0007.DBF
P9FN,10P9FN,F,NS,00,8,26,71.32,605,0.00,107.57,2.910000,0.200000,1000.00,cifi0007.DBF
P9FN,10P9FN,F,NS,00,8,27,76.77,624,0.00,114.14,2.910000,0.200000,1000.00,cifi0007.DBF
P9FN,10P9FN,F,NS,00,8,28,82.44,642,0.00,120.92,2.910000,0.200000,1000.00,cifi0007.DBF
P9FN,10P9FN,F,NS,00,8,29,88.34,659,0.00,127.92,2.910000,0.200000,1000.00,cifi0007.DBF
P9FN,10P9FN,F,NS,00,8,30,94.46,675,0.00,135.15,2.910000,0.200000,1000.00,cifi0007.DBF
P9FN,10P9FN,F,NS,00,8,31,100.87,691,0.00,142.62,2.910000,0.200000,1000.00,cifi0007.DBF
P9FN,10P9FN,F,NS,00,8,32,107.55,706,0.00,150.35,2.910000,0.200000,1000.00,cifi0007.DBF
P9FN,10P9FN,F,NS,00,8,33,114.51,721,0.00,158.35,2.910000,0.200000,1000.00,cifi0007.DBF
P9FN,10P9FN,F,NS,00,8,34,121.76,735,0.00,166.62,2.910000,0.200000,1000.00,cifi0007.DBF
P9FN,10P9FN,F,NS,00,8,35,129.32,748,0.00,175.17,2.910000,0.200000,1000.00,cifi0007.DBF
P9FN,10P9FN,F,NS,00,8,36,137.18,760,0.00,183.99,2.910000,0.200000,1000.00,cifi0007.DBF
P9FN,10P9FN,F,NS,00,8,37,145.34,773,0.00,193.10,2.910000,0.200000,1000.00,cifi0007.DBF
P9FN,10P9FN,F,NS,00,8,38,153.80,784,0.00,202.48,2.910000,0.200000,1000.00,cifi0007.DBF
P9FN,10P9FN,F,NS,00,8,39,162.57,795,0.00,212.13,2.910000,0.200000,1000.00,cifi0007.DBF
P9FN,10P9FN,F,NS,00,8,40,171.63,805,0.00,222.05,2.910000,0.200000,1000.00,cifi0007.DBF
P9FN,10P9FN,F,NS,00,8,41,180.98,815,0.00,232.22,2.910000,0.200000,1000.00,cifi0007.DBF
P9FN,10P9FN,F,NS,00,8,42,190.62,825,0.00,242.64,2.910000,0.200000,1000.00,cifi0007.DBF
P9FN,10P9FN,F,NS,00,8,43,200.55,834,0.00,253.32,2.910000,0.200000,1000.00,cifi0007.DBF
P9FN,10P9FN,F,NS,00,8,44,210.76,842,0.00,264.23,2.910000,0.200000,1000.00,cifi0007.DBF
P9FN,10P9FN,F,NS,00,8,45,221.24,850,0.00,275.38,2.910000,0.200000,1000.00,cifi0007.DBF
P9FN,10P9FN,F,NS,00,8,46,231.99,858,0.00,286.74,2.910000,0.200000,1000.00,cifi0007.DBF
P9FN,10P9FN,F,NS,00,8,47,243.01,865,0.00,298.33,2.910000,0.200000,1000.00,cifi0007.DBF
P9FN,10P9FN,F,NS,00,8,48,254.32,872,0.00,310.15,2.910000,0.200000,1000.00,cifi0007.DBF
P9FN,10P9FN,F,NS,00,8,49,265.88,879,0.00,322.17,2.910000,0.200000,1000.00,cifi0007.DBF
P9FN,10P9FN,F,NS,00,8,50,277.70,885,0.00,334.40,2.910000,0.200000,1000.00,cifi0007.DBF
P9FN,10P9FN,F,NS,00,8,51,289.78,891,0.00,346.82,2.910000,0.200000,1000.00,cifi0007.DBF
P9FN,10P9FN,F,NS,00,8,52,302.15,897,0.00,359.47,2.910000,0.200000,1000.00,cifi0007.DBF
P9FN,10P9FN,F,NS,00,8,53,314.84,902,0.00,372.34,2.910000,0.200000,1000.00,cifi0007.DBF
P9FN,10P9FN,F,NS,00,8,54,327.82,907,0.00,385.45,2.910000,0.200000,1000.00,cifi0007.DBF
P9FN,10P9FN,F,NS,00,8,55,341.11,912,0.00,398.79,2.910000,0.200000,1000.00,cifi0007.DBF
P9FN,10P9FN,F,NS,00,8,56,354.73,917,0.00,412.36,2.910000,0.200000,1000.00,cifi0007.DBF
P9FN,10P9FN,F,NS,00,8,57,368.67,921,0.00,426.18,2.910000,0.200000,1000.00,cifi0007.DBF
P9FN,10P9FN,F,NS,00,8,58,382.93,926,0.00,440.23,2.910000,0.200000,1000.00,cifi0007.DBF
P9FN,10P9FN,F,NS,00,8,59,397.49,930,0.00,454.51,2.910000,0.200000,1000.00,cifi0007.DBF
P9FN,10P9FN,F,NS,00,8,60,412.36,934,0.00,469.00,2.910000,0.200000,1000.00,cifi0007.DBF
P9FN,10P9FN,F,NS,00,8,61,427.51,937,0.00,483.69,2.910000,0.200000,1000.00,cifi0007.DBF
P9FN,10P9FN,F,NS,00,8,62,442.93,941,0.00,498.56,2.910000,0.200000,1000.00,cifi0007.DBF
P9FN,10P9FN,F,NS,00,8,63,458.62,945,0.00,513.61,2.910000,0.200000,1000.00,cifi0007.DBF
P9FN,10P9FN,F,NS,00,8,64,474.51,948,0.00,528.80,2.910000,0.200000,1000.00,cifi0007.DBF
P9FN,10P9FN,F,NS,00,8,65,490.59,951,0.00,544.09,2.910000,0.200000,1000.00,cifi0007.DBF
P9FN,10P9FN,F,NS,00,8,66,506.84,954,0.00,559.47,2.910000,0.200000,1000.00,cifi0007.DBF
P9FN,10P9FN,F,NS,00,8,67,523.25,957,0.00,574.92,2.910000,0.200000,1000.00,cifi0007.DBF
P9FN,10P9FN,F,NS,00,8,68,539.79,959,0.00,590.42,2.910000,0.200000,1000.00,cifi0007.DBF
P9FN,10P9FN,F,NS,00,8,69,556.46,962,0.00,605.97,2.910000,0.200000,1000.00,cifi0007.DBF
P9FN,10P9FN,F,NS,00,8,70,573.24,964,0.00,621.54,2.910000,0.200000,1000.00,cifi0007.DBF
P9FN,10P9FN,F,NS,00,8,71,590.10,967,0.00,637.12,2.910000,0.200000,1000.00,cifi0007.DBF
P9FN,10P9FN,F,NS,00,8,72,607.07,969,0.00,652.70,2.910000,0.200000,1000.00,cifi0007.DBF
P9FN,10P9FN,F,NS,00,8,73,624.12,971,0.00,668.28,2.910000,0.200000,1000.00,cifi0007.DBF
P9FN,10P9FN,F,NS,00,8,74,640.88,973,0.00,683.70,2.910000,0.200000,1000.00,cifi0007.DBF
P9FN,10P9FN,F,NS,00,8,75,657.26,975,0.00,698.75,2.910000,0.200000,1000.00,cifi0007.DBF
P9FN,10P9FN,F,NS,00,8,76,673.43,977,0.00,713.47,2.910000,0.200000,1000.00,cifi0007.DBF
P9FN,10P9FN,F,NS,00,8,77,689.36,978,0.00,727.92,2.910000,0.200000,1000.00,cifi0007.DBF
P9FN,10P9FN,F,NS,00,8,78,704.99,980,0.00,742.07,2.910000,0.200000,1000.00,cifi0007.DBF
P9FN,10P9FN,F,NS,00,8,79,720.71,981,0.00,756.07,2.910000,0.200000,1000.00,cifi0007.DBF
P9FN,10P9FN,F,NS,00,8,80,735.81,983,0.00,769.78,2.910000,0.200000,1000.00,cifi0007.DBF
P9FN,10P9FN,F,NS,00,8,81,750.39,984,0.00,782.94,2.910000,0.200000,1000.00,cifi0007.DBF
P9FN,10P9FN,F,NS,00,8,82,764.53,985,0.00,795.64,2.910000,0.200000,1000.00,cifi0007.DBF
P9FN,10P9FN,F,NS,00,8,83,778.70,986,0.00,808.11,2.910000,0.200000,1000.00,cifi0007.DBF
P9FN,10P9FN,F,NS,00,8,84,794.42,988,0.00,821.21,2.910000,0.200000,1000.00,cifi0007.DBF
P9FN,10P9FN,F,NS,00,8,85,811.13,989,0.00,835.33,2.910000,0.200000,1000.00,cifi0007.DBF
P9FN,10P9FN,F,NS,00,8,86,828.47,990,0.00,850.07,2.910000,0.200000,1000.00,cifi0007.DBF
P9FN,10P9FN,F,NS,00,8,87,846.50,991,0.00,865.30,2.910000,0.200000,1000.00,cifi0007.DBF
P9FN,10P9FN,F,NS,00,8,88,865.52,993,0.00,881.17,2.910000,0.200000,1000.00,cifi0007.DBF
P9FN,10P9FN,F,NS,00,8,89,887.18,994,0.00,898.47,2.910000,0.200000,1000.00,cifi0007.DBF
P9FN,10P9FN,F,NS,00,8,90,913.65,996,0.00,918.79,2.910000,0.200000,1000.00,cifi0007.DBF
P9FN,10P9FN,F,NS,00,8,91,949.86,998,0.00,945.00,2.910000,0.200000,1000.00,cifi0007.DBF
P9FN,10P9FN,F,NS,00,9,1,0.00,0,0.00,0.10,0.000000,0.200000,1000.00,cifi0007.DBF
P9FN,10P9FN,F,NS,00,9,2,0.00,0,0.00,2.98,3.020000,0.200000,1000.00,cifi0007.DBF
P9FN,10P9FN,F,NS,00,9,3,0.00,0,0.00,5.96,3.020000,0.200000,1000.00,cifi0007.DBF
P9FN,10P9FN,F,NS,00,9,4,0.00,0,0.00,9.03,3.020000,0.200000,1000.00,cifi0007.DBF
P9FN,10P9FN,F,NS,00,9,5,0.00,0,0.00,12.19,3.020000,0.200000,1000.00,cifi0007.DBF
P9FN,10P9FN,F,NS,00,9,6,0.17,4,0.00,15.46,3.020000,0.200000,1000.00,cifi0007.DBF
P9FN,10P9FN,F,NS,00,9,7,2.60,48,0.00,18.84,3.020000,0.200000,1000.00,cifi0007.DBF
P9FN,10P9FN,F,NS,00,9,8,5.08,90,0.00,22.32,3.020000,0.200000,1000.00,cifi0007.DBF
P9FN,10P9FN,F,NS,00,9,9,7.67,130,0.00,25.91,3.020000,0.200000,1000.00,cifi0007.DBF
P9FN,10P9FN,F,NS,00,9,10,10.38,168,0.00,29.63,3.020000,0.200000,1000.00,cifi0007.DBF
P9FN,10P9FN,F,NS,00,9,11,13.20,205,0.00,33.48,3.020000,0.200000,1000.00,cifi0007.DBF
P9FN,10P9FN,F,NS,00,9,12,16.17,241,0.00,37.47,3.020000,0.200000,1000.00,cifi0007.DBF
P9FN,10P9FN,F,NS,00,9,13,19.26,275,0.00,41.61,3.020000,0.200000,1000.00,cifi0007.DBF
P9FN,10P9FN,F,NS,00,9,14,22.50,307,0.00,45.91,3.020000,0.200000,1000.00,cifi0007.DBF
P9FN,10P9FN,F,NS,00,9,15,25.91,339,0.00,50.38,3.020000,0.200000,1000.00,cifi0007.DBF
P9FN,10P9FN,F,NS,00,9,16,29.46,369,0.00,55.02,3.020000,0.200000,1000.00,cifi0007.DBF
P9FN,10P9FN,F,NS,00,9,17,33.19,398,0.00,59.83,3.020000,0.200000,1000.00,cifi0007.DBF
P9FN,10P9FN,F,NS,00,9,18,37.09,426,0.00,64.83,3.020000,0.200000,1000.00,cifi0007.DBF
P9FN,10P9FN,F,NS,00,9,19,41.14,452,0.00,69.99,3.020000,0.200000,1000.00,cifi0007.DBF
P9FN,10P9FN,F,NS,00,9,20,45.39,478,0.00,75.34,3.020000,0.200000,1000.00,cifi0007.DBF
P9FN,10P9FN,F,NS,00,9,21,49.81,502,0.00,80.89,3.020000,0.200000,1000.00,cifi0007.DBF
P9FN,10P9FN,F,NS,00,9,22,54.44,526,0.00,86.63,3.020000,0.200000,1000.00,cifi0007.DBF
P9FN,10P9FN,F,NS,00,9,23,59.27,548,0.00,92.58,3.020000,0.200000,1000.00,cifi0007.DBF
P9FN,10P9FN,F,NS,00,9,24,64.30,570,0.00,98.74,3.020000,0.200000,1000.00,cifi0007.DBF
P9FN,10P9FN,F,NS,00,9,25,69.55,590,0.00,105.11,3.020000,0.200000,1000.00,cifi0007.DBF
P9FN,10P9FN,F,NS,00,9,26,75.01,610,0.00,111.70,3.020000,0.200000,1000.00,cifi0007.DBF
P9FN,10P9FN,F,NS,00,9,27,80.69,628,0.00,118.50,3.020000,0.200000,1000.00,cifi0007.DBF
P9FN,10P9FN,F,NS,00,9,28,86.60,646,0.00,125.51,3.020000,0.200000,1000.00,cifi0007.DBF
P9FN,10P9FN,F,NS,00,9,29,92.74,663,0.00,132.76,3.020000,0.200000,1000.00,cifi0007.DBF
P9FN,10P9FN,F,NS,00,9,30,99.16,680,0.00,140.25,3.020000,0.200000,1000.00,cifi0007.DBF
P9FN,10P9FN,F,NS,00,9,31,105.85,695,0.00,148.01,3.020000,0.200000,1000.00,cifi0007.DBF
P9FN,10P9FN,F,NS,00,9,32,112.82,710,0.00,156.03,3.020000,0.200000,1000.00,cifi0007.DBF
P9FN,10P9FN,F,NS,00,9,33,120.09,725,0.00,164.32,3.020000,0.200000,1000.00,cifi0007.DBF
P9FN,10P9FN,F,NS,00,9,34,127.66,738,0.00,172.89,3.020000,0.200000,1000.00,cifi0007.DBF
P9FN,10P9FN,F,NS,00,9,35,135.53,751,0.00,181.75,3.020000,0.200000,1000.00,cifi0007.DBF
P9FN,10P9FN,F,NS,00,9,36,143.71,764,0.00,190.88,3.020000,0.200000,1000.00,cifi0007.DBF
P9FN,10P9FN,F,NS,00,9,37,152.19,776,0.00,200.28,3.020000,0.200000,1000.00,cifi0007.DBF
P9FN,10P9FN,F,NS,00,9,38,160.98,787,0.00,209.96,3.020000,0.200000,1000.00,cifi0007.DBF
P9FN,10P9FN,F,NS,00,9,39,170.05,798,0.00,219.91,3.020000,0.200000,1000.00,cifi0007.DBF
P9FN,10P9FN,F,NS,00,9,40,179.42,808,0.00,230.11,3.020000,0.200000,1000.00,cifi0007.DBF
P9FN,10P9FN,F,NS,00,9,41,189.08,818,0.00,240.56,3.020000,0.200000,1000.00,cifi0007.DBF
P9FN,10P9FN,F,NS,00,9,42,199.03,827,0.00,251.27,3.020000,0.200000,1000.00,cifi0007.DBF
P9FN,10P9FN,F,NS,00,9,43,209.26,836,0.00,262.21,3.020000,0.200000,1000.00,cifi0007.DBF
P9FN,10P9FN,F,NS,00,9,44,219.76,845,0.00,273.39,3.020000,0.200000,1000.00,cifi0007.DBF
P9FN,10P9FN,F,NS,00,9,45,230.53,853,0.00,284.78,3.020000,0.200000,1000.00,cifi0007.DBF
P9FN,10P9FN,F,NS,00,9,46,241.57,860,0.00,296.41,3.020000,0.200000,1000.00,cifi0007.DBF
P9FN,10P9FN,F,NS,00,9,47,252.90,867,0.00,308.25,3.020000,0.200000,1000.00,cifi0007.DBF
P9FN,10P9FN,F,NS,00,9,48,264.48,874,0.00,320.31,3.020000,0.200000,1000.00,cifi0007.DBF
P9FN,10P9FN,F,NS,00,9,49,276.32,881,0.00,332.57,3.020000,0.200000,1000.00,cifi0007.DBF
P9FN,10P9FN,F,NS,00,9,50,288.43,887,0.00,345.04,3.020000,0.200000,1000.00,cifi0007.DBF
P9FN,10P9FN,F,NS,00,9,51,300.82,893,0.00,357.71,3.020000,0.200000,1000.00,cifi0007.DBF
P9FN,10P9FN,F,NS,00,9,52,313.53,898,0.00,370.62,3.020000,0.200000,1000.00,cifi0007.DBF
P9FN,10P9FN,F,NS,00,9,53,326.54,904,0.00,383.77,3.020000,0.200000,1000.00,cifi0007.DBF
P9FN,10P9FN,F,NS,00,9,54,339.86,909,0.00,397.14,3.020000,0.200000,1000.00,cifi0007.DBF
P9FN,10P9FN,F,NS,00,9,55,353.50,914,0.00,410.76,3.020000,0.200000,1000.00,cifi0007.DBF
P9FN,10P9FN,F,NS,00,9,56,367.47,918,0.00,424.61,3.020000,0.200000,1000.00,cifi0007.DBF
P9FN,10P9FN,F,NS,00,9,57,381.75,923,0.00,438.70,3.020000,0.200000,1000.00,cifi0007.DBF
P9FN,10P9FN,F,NS,00,9,58,396.34,927,0.00,453.02,3.020000,0.200000,1000.00,cifi0007.DBF
P9FN,10P9FN,F,NS,00,9,59,411.24,931,0.00,467.55,3.020000,0.200000,1000.00,cifi0007.DBF
P9FN,10P9FN,F,NS,00,9,60,426.42,935,0.00,482.29,3.020000,0.200000,1000.00,cifi0007.DBF
P9FN,10P9FN,F,NS,00,9,61,441.87,939,0.00,497.20,3.020000,0.200000,1000.00,cifi0007.DBF
P9FN,10P9FN,F,NS,00,9,62,457.59,942,0.00,512.29,3.020000,0.200000,1000.00,cifi0007.DBF
P9FN,10P9FN,F,NS,00,9,63,473.51,946,0.00,527.52,3.020000,0.200000,1000.00,cifi0007.DBF
P9FN,10P9FN,F,NS,00,9,64,489.62,949,0.00,542.86,3.020000,0.200000,1000.00,cifi0007.DBF
P9FN,10P9FN,F,NS,00,9,65,505.90,952,0.00,558.28,3.020000,0.200000,1000.00,cifi0007.DBF
P9FN,10P9FN,F,NS,00,9,66,522.34,955,0.00,573.77,3.020000,0.200000,1000.00,cifi0007.DBF
P9FN,10P9FN,F,NS,00,9,67,538.92,958,0.00,589.32,3.020000,0.200000,1000.00,cifi0007.DBF
P9FN,10P9FN,F,NS,00,9,68,555.62,961,0.00,604.91,3.020000,0.200000,1000.00,cifi0007.DBF
P9FN,10P9FN,F,NS,00,9,69,572.42,963,0.00,620.52,3.020000,0.200000,1000.00,cifi0007.DBF
P9FN,10P9FN,F,NS,00,9,70,589.32,966,0.00,636.15,3.020000,0.200000,1000.00,cifi0007.DBF
P9FN,10P9FN,F,NS,00,9,71,606.32,968,0.00,651.77,3.020000,0.200000,1000.00,cifi0007.DBF
P9FN,10P9FN,F,NS,00,9,72,623.40,970,0.00,667.40,3.020000,0.200000,1000.00,cifi0007.DBF
P9FN,10P9FN,F,NS,00,9,73,640.20,972,0.00,682.86,3.020000,0.200000,1000.00,cifi0007.DBF
P9FN,10P9FN,F,NS,00,9,74,656.61,974,0.00,697.95,3.020000,0.200000,1000.00,cifi0007.DBF
P9FN,10P9FN,F,NS,00,9,75,672.81,976,0.00,712.71,3.020000,0.200000,1000.00,cifi0007.DBF
P9FN,10P9FN,F,NS,00,9,76,688.77,978,0.00,727.21,3.020000,0.200000,1000.00,cifi0007.DBF
P9FN,10P9FN,F,NS,00,9,77,704.43,979,0.00,741.40,3.020000,0.200000,1000.00,cifi0007.DBF
P9FN,10P9FN,F,NS,00,9,78,720.18,981,0.00,755.43,3.020000,0.200000,1000.00,cifi0007.DBF
P9FN,10P9FN,F,NS,00,9,79,735.30,982,0.00,769.18,3.020000,0.200000,1000.00,cifi0007.DBF
P9FN,10P9FN,F,NS,00,9,80,749.92,983,0.00,782.38,3.020000,0.200000,1000.00,cifi0007.DBF
P9FN,10P9FN,F,NS,00,9,81,764.08,985,0.00,795.11,3.020000,0.200000,1000.00,cifi0007.DBF
P9FN,10P9FN,F,NS,00,9,82,778.28,986,0.00,807.62,3.020000,0.200000,1000.00,cifi0007.DBF
P9FN,10P9FN,F,NS,00,9,83,794.03,987,0.00,820.76,3.020000,0.200000,1000.00,cifi0007.DBF
P9FN,10P9FN,F,NS,00,9,84,810.77,988,0.00,834.92,3.020000,0.200000,1000.00,cifi0007.DBF
P9FN,10P9FN,F,NS,00,9,85,828.14,990,0.00,849.70,3.020000,0.200000,1000.00,cifi0007.DBF
P9FN,10P9FN,F,NS,00,9,86,846.21,991,0.00,864.97,3.020000,0.200000,1000.00,cifi0007.DBF
P9FN,10P9FN,F,NS,00,9,87,865.27,992,0.00,880.88,3.020000,0.200000,1000.00,cifi0007.DBF
P9FN,10P9FN,F,NS,00,9,88,886.97,994,0.00,898.24,3.020000,0.200000,1000.00,cifi0007.DBF
P9FN,10P9FN,F,NS,00,9,89,913.49,996,0.00,918.61,3.020000,0.200000,1000.00,cifi0007.DBF
P9FN,10P9FN,F,NS,00,9,90,949.77,998,0.00,944.90,3.020000,0.200000,1000.00,cifi0007.DBF
P9FN,10P9FN,F,NS,00,10,1,0.00,0,0.00,0.11,0.000000,0.210000,1000.00,cifi0007.DBF
P9FN,10P9FN,F,NS,00,10,2,0.00,0,0.00,3.09,3.150000,0.210000,1000.00,cifi0007.DBF
P9FN,10P9FN,F,NS,00,10,3,0.00,0,0.00,6.18,3.150000,0.210000,1000.00,cifi0007.DBF
P9FN,10P9FN,F,NS,00,10,4,0.00,0,0.00,9.35,3.150000,0.210000,1000.00,cifi0007.DBF
P9FN,10P9FN,F,NS,00,10,5,0.00,0,0.00,12.62,3.150000,0.210000,1000.00,cifi0007.DBF
P9FN,10P9FN,F,NS,00,10,6,0.60,12,0.00,16.01,3.150000,0.210000,1000.00,cifi0007.DBF
P9FN,10P9FN,F,NS,00,10,7,3.09,55,0.00,19.51,3.150000,0.210000,1000.00,cifi0007.DBF
P9FN,10P9FN,F,NS,00,10,8,5.68,96,0.00,23.11,3.150000,0.210000,1000.00,cifi0007.DBF
P9FN,10P9FN,F,NS,00,10,9,8.40,136,0.00,26.83,3.150000,0.210000,1000.00,cifi0007.DBF
P9FN,10P9FN,F,NS,00,10,10,11.23,174,0.00,30.70,3.150000,0.210000,1000.00,cifi0007.DBF
P9FN,10P9FN,F,NS,00,10,11,14.19,211,0.00,34.70,3.150000,0.210000,1000.00,cifi0007.DBF
P9FN,10P9FN,F,NS,00,10,12,17.30,247,0.00,38.86,3.150000,0.210000,1000.00,cifi0007.DBF
P9FN,10P9FN,F,NS,00,10,13,20.55,281,0.00,43.17,3.150000,0.210000,1000.00,cifi0007.DBF
P9FN,10P9FN,F,NS,00,10,14,23.95,313,0.00,47.65,3.150000,0.210000,1000.00,cifi0007.DBF
P9FN,10P9FN,F,NS,00,10,15,27.51,345,0.00,52.30,3.150000,0.210000,1000.00,cifi0007.DBF
P9FN,10P9FN,F,NS,00,10,16,31.26,375,0.00,57.12,3.150000,0.210000,1000.00,cifi0007.DBF
P9FN,10P9FN,F,NS,00,10,17,35.16,404,0.00,62.13,3.150000,0.210000,1000.00,cifi0007.DBF
P9FN,10P9FN,F,NS,00,10,18,39.22,431,0.00,67.32,3.150000,0.210000,1000.00,cifi0007.DBF
P9FN,10P9FN,F,NS,00,10,19,43.47,458,0.00,72.68,3.150000,0.210000,1000.00,cifi0007.DBF
P9FN,10P9FN,F,NS,00,10,20,47.91,483,0.00,78.25,3.150000,0.210000,1000.00,cifi0007.DBF
P9FN,10P9FN,F,NS,00,10,21,52.54,507,0.00,84.01,3.150000,0.210000,1000.00,cifi0007.DBF
P9FN,10P9FN,F,NS,00,10,22,57.38,531,0.00,89.97,3.150000,0.210000,1000.00,cifi0007.DBF
P9FN,10P9FN,F,NS,00,10,23,62.42,553,0.00,96.15,3.150000,0.210000,1000.00,cifi0007.DBF
P9FN,10P9FN,F,NS,00,10,24,67.69,574,0.00,102.54,3.150000,0.210000,1000.00,cifi0007.DBF
P9FN,10P9FN,F,NS,00,10,25,73.16,595,0.00,109.15,3.150000,0.210000,1000.00,cifi0007.DBF
P9FN,10P9FN,F,NS,00,10,26,78.85,614,0.00,115.96,3.150000,0.210000,1000.00,cifi0007.DBF
P9FN,10P9FN,F,NS,00,10,27,84.77,633,0.00,123.00,3.150000,0.210000,1000.00,cifi0007.DBF
P9FN,10P9FN,F,NS,00,10,28,90.92,650,0.00,130.27,3.150000,0.210000,1000.00,cifi0007.DBF
P9FN,10P9FN,F,NS,00,10,29,97.35,667,0.00,137.78,3.150000,0.210000,1000.00,cifi0007.DBF
P9FN,10P9FN,F,NS,00,10,30,104.06,683,0.00,145.56,3.150000,0.210000,1000.00,cifi0007.DBF
P9FN,10P9FN,F,NS,00,10,31,111.04,699,0.00,153.61,3.150000,0.210000,1000.00,cifi0007.DBF
P9FN,10P9FN,F,NS,00,10,32,118.33,714,0.00,161.92,3.150000,0.210000,1000.00,cifi0007.DBF
P9FN,10P9FN,F,NS,00,10,33,125.91,728,0.00,170.52,3.150000,0.210000,1000.00,cifi0007.DBF
P9FN,10P9FN,F,NS,00,10,34,133.80,742,0.00,179.40,3.150000,0.210000,1000.00,cifi0007.DBF
P9FN,10P9FN,F,NS,00,10,35,142.00,755,0.00,188.55,3.150000,0.210000,1000.00,cifi0007.DBF
P9FN,10P9FN,F,NS,00,10,36,150.49,767,0.00,197.99,3.150000,0.210000,1000.00,cifi0007.DBF
P9FN,10P9FN,F,NS,00,10,37,159.29,779,0.00,207.70,3.150000,0.210000,1000.00,cifi0007.DBF
P9FN,10P9FN,F,NS,00,10,38,168.39,790,0.00,217.67,3.150000,0.210000,1000.00,cifi0007.DBF
P9FN,10P9FN,F,NS,00,10,39,177.77,801,0.00,227.90,3.150000,0.210000,1000.00,cifi0007.DBF
P9FN,10P9FN,F,NS,00,10,40,187.46,811,0.00,238.39,3.150000,0.210000,1000.00,cifi0007.DBF
P9FN,10P9FN,F,NS,00,10,41,197.42,821,0.00,249.12,3.150000,0.210000,1000.00,cifi0007.DBF
P9FN,10P9FN,F,NS,00,10,42,207.67,830,0.00,260.10,3.150000,0.210000,1000.00,cifi0007.DBF
P9FN,10P9FN,F,NS,00,10,43,218.19,839,0.00,271.31,3.150000,0.210000,1000.00,cifi0007.DBF
P9FN,10P9FN,F,NS,00,10,44,228.98,847,0.00,282.74,3.150000,0.210000,1000.00,cifi0007.DBF
P9FN,10P9FN,F,NS,00,10,45,240.05,855,0.00,294.40,3.150000,0.210000,1000.00,cifi0007.DBF
P9FN,10P9FN,F,NS,00,10,46,251.40,862,0.00,306.28,3.150000,0.210000,1000.00,cifi0007.DBF
P9FN,10P9FN,F,NS,00,10,47,263.01,869,0.00,318.37,3.150000,0.210000,1000.00,cifi0007.DBF
P9FN,10P9FN,F,NS,00,10,48,274.87,876,0.00,330.67,3.150000,0.210000,1000.00,cifi0007.DBF
P9FN,10P9FN,F,NS,00,10,49,287.00,882,0.00,343.17,3.150000,0.210000,1000.00,cifi0007.DBF
P9FN,10P9FN,F,NS,00,10,50,299.42,888,0.00,355.88,3.150000,0.210000,1000.00,cifi0007.DBF
P9FN,10P9FN,F,NS,00,10,51,312.16,894,0.00,368.83,3.150000,0.210000,1000.00,cifi0007.DBF
P9FN,10P9FN,F,NS,00,10,52,325.19,900,0.00,382.01,3.150000,0.210000,1000.00,cifi0007.DBF
P9FN,10P9FN,F,NS,00,10,53,338.54,905,0.00,395.43,3.150000,0.210000,1000.00,cifi0007.DBF
P9FN,10P9FN,F,NS,00,10,54,352.20,910,0.00,409.08,3.150000,0.210000,1000.00,cifi0007.DBF
P9FN,10P9FN,F,NS,00,10,55,366.20,915,0.00,422.98,3.150000,0.210000,1000.00,cifi0007.DBF
P9FN,10P9FN,F,NS,00,10,56,380.51,920,0.00,437.11,3.150000,0.210000,1000.00,cifi0007.DBF
P9FN,10P9FN,F,NS,00,10,57,395.14,924,0.00,451.47,3.150000,0.210000,1000.00,cifi0007.DBF
P9FN,10P9FN,F,NS,00,10,58,410.06,929,0.00,466.05,3.150000,0.210000,1000.00,cifi0007.DBF
P9FN,10P9FN,F,NS,00,10,59,425.27,933,0.00,480.82,3.150000,0.210000,1000.00,cifi0007.DBF
P9FN,10P9FN,F,NS,00,10,60,440.75,936,0.00,495.78,3.150000,0.210000,1000.00,cifi0007.DBF
P9FN,10P9FN,F,NS,00,10,61,456.50,940,0.00,510.92,3.150000,0.210000,1000.00,cifi0007.DBF
P9FN,10P9FN,F,NS,00,10,62,472.46,944,0.00,526.19,3.150000,0.210000,1000.00,cifi0007.DBF
P9FN,10P9FN,F,NS,00,10,63,488.59,947,0.00,541.57,3.150000,0.210000,1000.00,cifi0007.DBF
P9FN,10P9FN,F,NS,00,10,64,504.91,950,0.00,557.04,3.150000,0.210000,1000.00,cifi0007.DBF
P9FN,10P9FN,F,NS,00,10,65,521.38,953,0.00,572.58,3.150000,0.210000,1000.00,cifi0007.DBF
P9FN,10P9FN,F,NS,00,10,66,537.99,956,0.00,588.17,3.150000,0.210000,1000.00,cifi0007.DBF
P9FN,10P9FN,F,NS,00,10,67,554.73,959,0.00,603.81,3.150000,0.210000,1000.00,cifi0007.DBF
P9FN,10P9FN,F,NS,00,10,68,571.57,962,0.00,619.47,3.150000,0.210000,1000.00,cifi0007.DBF
P9FN,10P9FN,F,NS,00,10,69,588.50,964,0.00,635.13,3.150000,0.210000,1000.00,cifi0007.DBF
P9FN,10P9FN,F,NS,00,10,70,605.53,967,0.00,650.81,3.150000,0.210000,1000.00,cifi0007.DBF
P9FN,10P9FN,F,NS,00,10,71,622.65,969,0.00,666.48,3.150000,0.210000,1000.00,cifi0007.DBF
P9FN,10P9FN,F,NS,00,10,72,639.47,971,0.00,681.99,3.150000,0.210000,1000.00,cifi0007.DBF
P9FN,10P9FN,F,NS,00,10,73,655.92,973,0.00,697.12,3.150000,0.210000,1000.00,cifi0007.DBF
P9FN,10P9FN,F,NS,00,10,74,672.16,975,0.00,711.93,3.150000,0.210000,1000.00,cifi0007.DBF
P9FN,10P9FN,F,NS,00,10,75,688.15,977,0.00,726.46,3.150000,0.210000,1000.00,cifi0007.DBF
P9FN,10P9FN,F,NS,00,10,76,703.83,978,0.00,740.70,3.150000,0.210000,1000.00,cifi0007.DBF
P9FN,10P9FN,F,NS,00,10,77,719.61,980,0.00,754.77,3.150000,0.210000,1000.00,cifi0007.DBF
P9FN,10P9FN,F,NS,00,10,78,734.77,981,0.00,768.56,3.150000,0.210000,1000.00,cifi0007.DBF
P9FN,10P9FN,F,NS,00,10,79,749.42,983,0.00,781.80,3.150000,0.210000,1000.00,cifi0007.DBF
P9FN,10P9FN,F,NS,00,10,80,763.61,984,0.00,794.57,3.150000,0.210000,1000.00,cifi0007.DBF
P9FN,10P9FN,F,NS,00,10,81,777.83,985,0.00,807.11,3.150000,0.210000,1000.00,cifi0007.DBF
P9FN,10P9FN,F,NS,00,10,82,793.62,987,0.00,820.29,3.150000,0.210000,1000.00,cifi0007.DBF
P9FN,10P9FN,F,NS,00,10,83,810.39,988,0.00,834.49,3.150000,0.210000,1000.00,cifi0007.DBF
P9FN,10P9FN,F,NS,00,10,84,827.80,989,0.00,849.32,3.150000,0.210000,1000.00,cifi0007.DBF
P9FN,10P9FN,F,NS,00,10,85,845.90,991,0.00,864.63,3.150000,0.210000,1000.00,cifi0007.DBF
P9FN,10P9FN,F,NS,00,10,86,865.00,992,0.00,880.59,3.150000,0.210000,1000.00,cifi0007.DBF
P9FN,10P9FN,F,NS,00,10,87,886.74,994,0.00,898.00,3.150000,0.210000,1000.00,cifi0007.DBF
P9FN,10P9FN,F,NS,00,10,88,913.32,995,0.00,918.43,3.150000,0.210000,1000.00,cifi0007.DBF
P9FN,10P9FN,F,NS,00,10,89,949.67,998,0.00,944.80,3.150000,0.210000,1000.00,cifi0007.DBF
P9FN,10P9FN,F,NS,00,11,1,0.00,0,0.00,0.11,0.000000,0.220000,1000.00,cifi0007.DBF
P9FN,10P9FN,F,NS,00,11,2,0.00,0,0.00,3.20,3.270000,0.220000,1000.00,cifi0007.DBF
P9FN,10P9FN,F,NS,00,11,3,0.00,0,0.00,6.39,3.270000,0.220000,1000.00,cifi0007.DBF
P9FN,10P9FN,F,NS,00,11,4,0.00,0,0.00,9.67,3.270000,0.220000,1000.00,cifi0007.DBF
P9FN,10P9FN,F,NS,00,11,5,0.00,0,0.00,13.07,3.270000,0.220000,1000.00,cifi0007.DBF
P9FN,10P9FN,F,NS,00,11,6,1.00,18,0.00,16.58,3.270000,0.220000,1000.00,cifi0007.DBF
P9FN,10P9FN,F,NS,00,11,7,3.60,61,0.00,20.19,3.270000,0.220000,1000.00,cifi0007.DBF
P9FN,10P9FN,F,NS,00,11,8,6.32,103,0.00,23.93,3.270000,0.220000,1000.00,cifi0007.DBF
P9FN,10P9FN,F,NS,00,11,9,9.15,142,0.00,27.80,3.270000,0.220000,1000.00,cifi0007.DBF
P9FN,10P9FN,F,NS,00,11,10,12.13,181,0.00,31.81,3.270000,0.220000,1000.00,cifi0007.DBF
P9FN,10P9FN,F,NS,00,11,11,15.24,217,0.00,35.98,3.270000,0.220000,1000.00,cifi0007.DBF
P9FN,10P9FN,F,NS,00,11,12,18.49,253,0.00,40.31,3.270000,0.220000,1000.00,cifi0007.DBF
P9FN,10P9FN,F,NS,00,11,13,21.91,287,0.00,44.80,3.270000,0.220000,1000.00,cifi0007.DBF
P9FN,10P9FN,F,NS,00,11,14,25.48,319,0.00,49.47,3.270000,0.220000,1000.00,cifi0007.DBF
P9FN,10P9FN,F,NS,00,11,15,29.23,351,0.00,54.31,3.270000,0.220000,1000.00,cifi0007.DBF
P9FN,10P9FN,F,NS,00,11,16,33.13,381,0.00,59.33,3.270000,0.220000,1000.00,cifi0007.DBF
P9FN,10P9FN,F,NS,00,11,17,37.20,409,0.00,64.53,3.270000,0.220000,1000.00,cifi0007.DBF
P9FN,10P9FN,F,NS,00,11,18,41.47,437,0.00,69.91,3.270000,0.220000,1000.00,cifi0007.DBF
P9FN,10P9FN,F,NS,00,11,19,45.91,463,0.00,75.49,3.270000,0.220000,1000.00,cifi0007.DBF
P9FN,10P9FN,F,NS,00,11,20,50.56,488,0.00,81.27,3.270000,0.220000,1000.00,cifi0007.DBF
P9FN,10P9FN,F,NS,00,11,21,55.40,512,0.00,87.26,3.270000,0.220000,1000.00,cifi0007.DBF
P9FN,10P9FN,F,NS,00,11,22,60.46,536,0.00,93.45,3.270000,0.220000,1000.00,cifi0007.DBF
P9FN,10P9FN,F,NS,00,11,23,65.73,558,0.00,99.86,3.270000,0.220000,1000.00,cifi0007.DBF
P9FN,10P9FN,F,NS,00,11,24,71.22,579,0.00,106.49,3.270000,0.220000,1000.00,cifi0007.DBF
P9FN,10P9FN,F,NS,00,11,25,76.92,599,0.00,113.33,3.270000,0.220000,1000.00,cifi0007.DBF
P9FN,10P9FN,F,NS,00,11,26,82.85,618,0.00,120.39,3.270000,0.220000,1000.00,cifi0007.DBF
P9FN,10P9FN,F,NS,00,11,27,89.02,637,0.00,127.67,3.270000,0.220000,1000.00,cifi0007.DBF
P9FN,10P9FN,F,NS,00,11,28,95.46,654,0.00,135.21,3.270000,0.220000,1000.00,cifi0007.DBF
P9FN,10P9FN,F,NS,00,11,29,102.18,671,0.00,143.02,3.270000,0.220000,1000.00,cifi0007.DBF
P9FN,10P9FN,F,NS,00,11,30,109.18,687,0.00,151.08,3.270000,0.220000,1000.00,cifi0007.DBF
P9FN,10P9FN,F,NS,00,11,31,116.48,703,0.00,159.42,3.270000,0.220000,1000.00,cifi0007.DBF
P9FN,10P9FN,F,NS,00,11,32,124.08,718,0.00,168.05,3.270000,0.220000,1000.00,cifi0007.DBF
P9FN,10P9FN,F,NS,00,11,33,131.99,732,0.00,176.95,3.270000,0.220000,1000.00,cifi0007.DBF
P9FN,10P9FN,F,NS,00,11,34,140.20,745,0.00,186.14,3.270000,0.220000,1000.00,cifi0007.DBF
P9FN,10P9FN,F,NS,00,11,35,148.71,758,0.00,195.60,3.270000,0.220000,1000.00,cifi0007.DBF
P9FN,10P9FN,F,NS,00,11,36,157.53,770,0.00,205.34,3.270000,0.220000,1000.00,cifi0007.DBF
P9FN,10P9FN,F,NS,00,11,37,166.64,782,0.00,215.34,3.270000,0.220000,1000.00,cifi0007.DBF
P9FN,10P9FN,F,NS,00,11,38,176.05,793,0.00,225.61,3.270000,0.220000,1000.00,cifi0007.DBF
P9FN,10P9FN,F,NS,00,11,39,185.75,804,0.00,236.12,3.270000,0.220000,1000.00,cifi0007.DBF
P9FN,10P9FN,F,NS,00,11,40,195.74,814,0.00,246.89,3.270000,0.220000,1000.00,cifi0007.DBF
P9FN,10P9FN,F,NS,00,11,41,206.01,823,0.00,257.90,3.270000,0.220000,1000.00,cifi0007.DBF
P9FN,10P9FN,F,NS,00,11,42,216.55,832,0.00,269.14,3.270000,0.220000,1000.00,cifi0007.DBF
P9FN,10P9FN,F,NS,00,11,43,227.37,841,0.00,280.61,3.270000,0.220000,1000.00,cifi0007.DBF
P9FN,10P9FN,F,NS,00,11,44,238.46,849,0.00,292.30,3.270000,0.220000,1000.00,cifi0007.DBF
P9FN,10P9FN,F,NS,00,11,45,249.83,857,0.00,304.22,3.270000,0.220000,1000.00,cifi0007.DBF
P9FN,10P9FN,F,NS,00,11,46,261.46,864,0.00,316.35,3.270000,0.220000,1000.00,cifi0007.DBF
P9FN,10P9FN,F,NS,00,11,47,273.35,871,0.00,328.69,3.270000,0.220000,1000.00,cifi0007.DBF
P9FN,10P9FN,F,NS,00,11,48,285.51,878,0.00,341.22,3.270000,0.220000,1000.00,cifi0007.DBF
P9FN,10P9FN,F,NS,00,11,49,297.96,884,0.00,353.98,3.270000,0.220000,1000.00,cifi0007.DBF
P9FN,10P9FN,F,NS,00,11,50,310.71,890,0.00,366.96,3.270000,0.220000,1000.00,cifi0007.DBF
P9FN,10P9FN,F,NS,00,11,51,323.78,896,0.00,380.19,3.270000,0.220000,1000.00,cifi0007.DBF
P9FN,10P9FN,F,NS,00,11,52,337.15,901,0.00,393.65,3.270000,0.220000,1000.00,cifi0007.DBF
P9FN,10P9FN,F,NS,00,11,53,350.84,907,0.00,407.34,3.270000,0.220000,1000.00,cifi0007.DBF
P9FN,10P9FN,F,NS,00,11,54,364.87,912,0.00,421.28,3.270000,0.220000,1000.00,cifi0007.DBF
P9FN,10P9FN,F,NS,00,11,55,379.21,917,0.00,435.45,3.270000,0.220000,1000.00,cifi0007.DBF
P9FN,10P9FN,F,NS,00,11,56,393.87,921,0.00,449.86,3.270000,0.220000,1000.00,cifi0007.DBF
P9FN,10P9FN,F,NS,00,11,57,408.82,926,0.00,464.48,3.270000,0.220000,1000.00,cifi0007.DBF
P9FN,10P9FN,F,NS,00,11,58,424.06,930,0.00,479.30,3.270000,0.220000,1000.00,cifi0007.DBF
P9FN,10P9FN,F,NS,00,11,59,439.58,934,0.00,494.30,3.270000,0.220000,1000.00,cifi0007.DBF
P9FN,10P9FN,F,NS,00,11,60,455.36,938,0.00,509.48,3.270000,0.220000,1000.00,cifi0007.DBF
P9FN,10P9FN,F,NS,00,11,61,471.35,942,0.00,524.81,3.270000,0.220000,1000.00,cifi0007.DBF
P9FN,10P9FN,F,NS,00,11,62,487.52,945,0.00,540.23,3.270000,0.220000,1000.00,cifi0007.DBF
P9FN,10P9FN,F,NS,00,11,63,503.87,948,0.00,555.74,3.270000,0.220000,1000.00,cifi0007.DBF
P9FN,10P9FN,F,NS,00,11,64,520.38,952,0.00,571.33,3.270000,0.220000,1000.00,cifi0007.DBF
P9FN,10P9FN,F,NS,00,11,65,537.02,955,0.00,586.98,3.270000,0.220000,1000.00,cifi0007.DBF
P9FN,10P9FN,F,NS,00,11,66,553.79,957,0.00,602.66,3.270000,0.220000,1000.00,cifi0007.DBF
P9FN,10P9FN,F,NS,00,11,67,570.67,960,0.00,618.36,3.270000,0.220000,1000.00,cifi0007.DBF
P9FN,10P9FN,F,NS,00,11,68,587.64,963,0.00,634.08,3.270000,0.220000,1000.00,cifi0007.DBF
P9FN,10P9FN,F,NS,00,11,69,604.71,965,0.00,649.80,3.270000,0.220000,1000.00,cifi0007.DBF
P9FN,10P9FN,F,NS,00,11,70,621.86,968,0.00,665.52,3.270000,0.220000,1000.00,cifi0007.DBF
P9FN,10P9FN,F,NS,00,11,71,638.72,970,0.00,681.07,3.270000,0.220000,1000.00,cifi0007.DBF
P9FN,10P9FN,F,NS,00,11,72,655.20,972,0.00,696.26,3.270000,0.220000,1000.00,cifi0007.DBF
P9FN,10P9FN,F,NS,00,11,73,671.47,974,0.00,711.11,3.270000,0.220000,1000.00,cifi0007.DBF
P9FN,10P9FN,F,NS,00,11,74,687.49,976,0.00,725.69,3.270000,0.220000,1000.00,cifi0007.DBF
P9FN,10P9FN,F,NS,00,11,75,703.21,977,0.00,739.97,3.270000,0.220000,1000.00,cifi0007.DBF
P9FN,10P9FN,F,NS,00,11,76,719.03,979,0.00,754.08,3.270000,0.220000,1000.00,cifi0007.DBF
P9FN,10P9FN,F,NS,00,11,77,734.22,981,0.00,767.91,3.270000,0.220000,1000.00,cifi0007.DBF
P9FN,10P9FN,F,NS,00,11,78,748.89,982,0.00,781.19,3.270000,0.220000,1000.00,cifi0007.DBF
P9FN,10P9FN,F,NS,00,11,79,763.11,983,0.00,794.00,3.270000,0.220000,1000.00,cifi0007.DBF
P9FN,10P9FN,F,NS,00,11,80,777.37,985,0.00,806.58,3.270000,0.220000,1000.00,cifi0007.DBF
P9FN,10P9FN,F,NS,00,11,81,793.19,986,0.00,819.80,3.270000,0.220000,1000.00,cifi0007.DBF
P9FN,10P9FN,F,NS,00,11,82,810.00,988,0.00,834.05,3.270000,0.220000,1000.00,cifi0007.DBF
P9FN,10P9FN,F,NS,00,11,83,827.44,989,0.00,848.92,3.270000,0.220000,1000.00,cifi0007.DBF
P9FN,10P9FN,F,NS,00,11,84,845.57,990,0.00,864.28,3.270000,0.220000,1000.00,cifi0007.DBF
P9FN,10P9FN,F,NS,00,11,85,864.71,992,0.00,880.29,3.270000,0.220000,1000.00,cifi0007.DBF
P9FN,10P9FN,F,NS,00,11,86,886.50,993,0.00,897.75,3.270000,0.220000,1000.00,cifi0007.DBF
P9FN,10P9FN,F,NS,00,11,87,913.13,995,0.00,918.24,3.270000,0.220000,1000.00,cifi0007.DBF
P9FN,10P9FN,F,NS,00,11,88,949.56,998,0.00,944.69,3.270000,0.220000,1000.00,cifi0007.DBF
P9FN,10P9FN,F,NS,00,12,1,0.00,0,0.00,0.13,0.000000,0.260000,1000.00,cifi0007.DBF
P9FN,10P9FN,F,NS,00,12,2,0.00,0,0.00,3.32,3.400000,0.260000,1000.00,cifi0007.DBF
P9FN,10P9FN,F,NS,00,12,3,0.00,0,0.00,6.61,3.400000,0.260000,1000.00,cifi0007.DBF
P9FN,10P9FN,F,NS,00,12,4,0.00,0,0.00,10.02,3.400000,0.260000,1000.00,cifi0007.DBF
P9FN,10P9FN,F,NS,00,12,5,0.00,0,0.00,13.54,3.400000,0.260000,1000.00,cifi0007.DBF
P9FN,10P9FN,F,NS,00,12,6,1.41,24,0.00,17.16,3.400000,0.260000,1000.00,cifi0007.DBF
P9FN,10P9FN,F,NS,00,12,7,4.14,67,0.00,20.92,3.400000,0.260000,1000.00,cifi0007.DBF
P9FN,10P9FN,F,NS,00,12,8,6.98,109,0.00,24.80,3.400000,0.260000,1000.00,cifi0007.DBF
P9FN,10P9FN,F,NS,00,12,9,9.96,148,0.00,28.83,3.400000,0.260000,1000.00,cifi0007.DBF
P9FN,10P9FN,F,NS,00,12,10,13.08,187,0.00,33.01,3.400000,0.260000,1000.00,cifi0007.DBF
P9FN,10P9FN,F,NS,00,12,11,16.34,223,0.00,37.35,3.400000,0.260000,1000.00,cifi0007.DBF
P9FN,10P9FN,F,NS,00,12,12,19.76,259,0.00,41.86,3.400000,0.260000,1000.00,cifi0007.DBF
P9FN,10P9FN,F,NS,00,12,13,23.33,292,0.00,46.54,3.400000,0.260000,1000.00,cifi0007.DBF
P9FN,10P9FN,F,NS,00,12,14,27.09,325,0.00,51.39,3.400000,0.260000,1000.00,cifi0007.DBF
P9FN,10P9FN,F,NS,00,12,15,31.01,356,0.00,56.44,3.400000,0.260000,1000.00,cifi0007.DBF
P9FN,10P9FN,F,NS,00,12,16,35.09,386,0.00,61.65,3.400000,0.260000,1000.00,cifi0007.DBF
P9FN,10P9FN,F,NS,00,12,17,39.36,415,0.00,67.05,3.400000,0.260000,1000.00,cifi0007.DBF
P9FN,10P9FN,F,NS,00,12,18,43.81,442,0.00,72.65,3.400000,0.260000,1000.00,cifi0007.DBF
P9FN,10P9FN,F,NS,00,12,19,48.47,468,0.00,78.44,3.400000,0.260000,1000.00,cifi0007.DBF
P9FN,10P9FN,F,NS,00,12,20,53.33,493,0.00,84.45,3.400000,0.260000,1000.00,cifi0007.DBF
P9FN,10P9FN,F,NS,00,12,21,58.39,517,0.00,90.66,3.400000,0.260000,1000.00,cifi0007.DBF
P9FN,10P9FN,F,NS,00,12,22,63.68,540,0.00,97.09,3.400000,0.260000,1000.00,cifi0007.DBF
P9FN,10P9FN,F,NS,00,12,23,69.18,562,0.00,103.74,3.400000,0.260000,1000.00,cifi0007.DBF
P9FN,10P9FN,F,NS,00,12,24,74.89,583,0.00,110.60,3.400000,0.260000,1000.00,cifi0007.DBF
P9FN,10P9FN,F,NS,00,12,25,80.84,603,0.00,117.68,3.400000,0.260000,1000.00,cifi0007.DBF
P9FN,10P9FN,F,NS,00,12,26,87.02,622,0.00,124.99,3.400000,0.260000,1000.00,cifi0007.DBF
P9FN,10P9FN,F,NS,00,12,27,93.47,641,0.00,132.55,3.400000,0.260000,1000.00,cifi0007.DBF
P9FN,10P9FN,F,NS,00,12,28,100.21,658,0.00,140.38,3.400000,0.260000,1000.00,cifi0007.DBF
P9FN,10P9FN,F,NS,00,12,29,107.22,675,0.00,148.47,3.400000,0.260000,1000.00,cifi0007.DBF
P9FN,10P9FN,F,NS,00,12,30,114.54,691,0.00,156.84,3.400000,0.260000,1000.00,cifi0007.DBF
P9FN,10P9FN,F,NS,00,12,31,122.16,706,0.00,165.49,3.400000,0.260000,1000.00,cifi0007.DBF
P9FN,10P9FN,F,NS,00,12,32,130.08,721,0.00,174.43,3.400000,0.260000,1000.00,cifi0007.DBF
P9FN,10P9FN,F,NS,00,12,33,138.31,735,0.00,183.64,3.400000,0.260000,1000.00,cifi0007.DBF
P9FN,10P9FN,F,NS,00,12,34,146.84,749,0.00,193.13,3.400000,0.260000,1000.00,cifi0007.DBF
P9FN,10P9FN,F,NS,00,12,35,155.68,761,0.00,202.90,3.400000,0.260000,1000.00,cifi0007.DBF
P9FN,10P9FN,F,NS,00,12,36,164.81,773,0.00,212.94,3.400000,0.260000,1000.00,cifi0007.DBF
P9FN,10P9FN,F,NS,00,12,37,174.24,785,0.00,223.23,3.400000,0.260000,1000.00,cifi0007.DBF
P9FN,10P9FN,F,NS,00,12,38,183.96,796,0.00,233.78,3.400000,0.260000,1000.00,cifi0007.DBF
P9FN,10P9FN,F,NS,00,12,39,193.97,806,0.00,244.58,3.400000,0.260000,1000.00,cifi0007.DBF
P9FN,10P9FN,F,NS,00,12,40,204.27,816,0.00,255.63,3.400000,0.260000,1000.00,cifi0007.DBF
P9FN,10P9FN,F,NS,00,12,41,214.83,826,0.00,266.91,3.400000,0.260000,1000.00,cifi0007.DBF
P9FN,10P9FN,F,NS,00,12,42,225.67,835,0.00,278.41,3.400000,0.260000,1000.00,cifi0007.DBF
P9FN,10P9FN,F,NS,00,12,43,236.79,843,0.00,290.14,3.400000,0.260000,1000.00,cifi0007.DBF
P9FN,10P9FN,F,NS,00,12,44,248.18,851,0.00,302.09,3.400000,0.260000,1000.00,cifi0007.DBF
P9FN,10P9FN,F,NS,00,12,45,259.84,859,0.00,314.26,3.400000,0.260000,1000.00,cifi0007.DBF
P9FN,10P9FN,F,NS,00,12,46,271.75,866,0.00,326.63,3.400000,0.260000,1000.00,cifi0007.DBF
P9FN,10P9FN,F,NS,00,12,47,283.94,873,0.00,339.21,3.400000,0.260000,1000.00,cifi0007.DBF
P9FN,10P9FN,F,NS,00,12,48,296.41,880,0.00,352.01,3.400000,0.260000,1000.00,cifi0007.DBF
P9FN,10P9FN,F,NS,00,12,49,309.20,886,0.00,365.03,3.400000,0.260000,1000.00,cifi0007.DBF
P9FN,10P9FN,F,NS,00,12,50,322.29,892,0.00,378.30,3.400000,0.260000,1000.00,cifi0007.DBF
P9FN,10P9FN,F,NS,00,12,51,335.69,898,0.00,391.80,3.400000,0.260000,1000.00,cifi0007.DBF
P9FN,10P9FN,F,NS,00,12,52,349.42,903,0.00,405.53,3.400000,0.260000,1000.00,cifi0007.DBF
P9FN,10P9FN,F,NS,00,12,53,363.47,908,0.00,419.52,3.400000,0.260000,1000.00,cifi0007.DBF
P9FN,10P9FN,F,NS,00,12,54,377.85,913,0.00,433.74,3.400000,0.260000,1000.00,cifi0007.DBF
P9FN,10P9FN,F,NS,00,12,55,392.53,918,0.00,448.19,3.400000,0.260000,1000.00,cifi0007.DBF
P9FN,10P9FN,F,NS,00,12,56,407.52,923,0.00,462.85,3.400000,0.260000,1000.00,cifi0007.DBF
P9FN,10P9FN,F,NS,00,12,57,422.80,927,0.00,477.72,3.400000,0.260000,1000.00,cifi0007.DBF
P9FN,10P9FN,F,NS,00,12,58,438.35,931,0.00,492.77,3.400000,0.260000,1000.00,cifi0007.DBF
P9FN,10P9FN,F,NS,00,12,59,454.16,935,0.00,508.00,3.400000,0.260000,1000.00,cifi0007.DBF
P9FN,10P9FN,F,NS,00,12,60,470.19,939,0.00,523.37,3.400000,0.260000,1000.00,cifi0007.DBF
P9FN,10P9FN,F,NS,00,12,61,486.39,943,0.00,538.85,3.400000,0.260000,1000.00,cifi0007.DBF
P9FN,10P9FN,F,NS,00,12,62,502.78,946,0.00,554.41,3.400000,0.260000,1000.00,cifi0007.DBF
P9FN,10P9FN,F,NS,00,12,63,519.32,950,0.00,570.04,3.400000,0.260000,1000.00,cifi0007.DBF
P9FN,10P9FN,F,NS,00,12,64,536.01,953,0.00,585.74,3.400000,0.260000,1000.00,cifi0007.DBF
P9FN,10P9FN,F,NS,00,12,65,552.81,956,0.00,601.47,3.400000,0.260000,1000.00,cifi0007.DBF
P9FN,10P9FN,F,NS,00,12,66,569.73,959,0.00,617.22,3.400000,0.260000,1000.00,cifi0007.DBF
P9FN,10P9FN,F,NS,00,12,67,586.73,961,0.00,632.99,3.400000,0.260000,1000.00,cifi0007.DBF
P9FN,10P9FN,F,NS,00,12,68,603.84,964,0.00,648.76,3.400000,0.260000,1000.00,cifi0007.DBF
P9FN,10P9FN,F,NS,00,12,69,621.03,966,0.00,664.53,3.400000,0.260000,1000.00,cifi0007.DBF
P9FN,10P9FN,F,NS,00,12,70,637.92,969,0.00,680.13,3.400000,0.260000,1000.00,cifi0007.DBF
P9FN,10P9FN,F,NS,00,12,71,654.44,971,0.00,695.36,3.400000,0.260000,1000.00,cifi0007.DBF
P9FN,10P9FN,F,NS,00,12,72,670.75,973,0.00,710.26,3.400000,0.260000,1000.00,cifi0007.DBF
P9FN,10P9FN,F,NS,00,12,73,686.81,975,0.00,724.89,3.400000,0.260000,1000.00,cifi0007.DBF
P9FN,10P9FN,F,NS,00,12,74,702.56,977,0.00,739.21,3.400000,0.260000,1000.00,cifi0007.DBF
P9FN,10P9FN,F,NS,00,12,75,718.41,978,0.00,753.37,3.400000,0.260000,1000.00,cifi0007.DBF
P9FN,10P9FN,F,NS,00,12,76,733.63,980,0.00,767.24,3.400000,0.260000,1000.00,cifi0007.DBF
P9FN,10P9FN,F,NS,00,12,77,748.34,981,0.00,780.56,3.400000,0.260000,1000.00,cifi0007.DBF
P9FN,10P9FN,F,NS,00,12,78,762.59,983,0.00,793.41,3.400000,0.260000,1000.00,cifi0007.DBF
P9FN,10P9FN,F,NS,00,12,79,776.88,984,0.00,806.04,3.400000,0.260000,1000.00,cifi0007.DBF
P9FN,10P9FN,F,NS,00,12,80,792.73,986,0.00,819.29,3.400000,0.260000,1000.00,cifi0007.DBF
P9FN,10P9FN,F,NS,00,12,81,809.58,987,0.00,833.58,3.400000,0.260000,1000.00,cifi0007.DBF
P9FN,10P9FN,F,NS,00,12,82,827.06,989,0.00,848.50,3.400000,0.260000,1000.00,cifi0007.DBF
P9FN,10P9FN,F,NS,00,12,83,845.23,990,0.00,863.91,3.400000,0.260000,1000.00,cifi0007.DBF
P9FN,10P9FN,F,NS,00,12,84,864.42,991,0.00,879.97,3.400000,0.260000,1000.00,cifi0007.DBF
P9FN,10P9FN,F,NS,00,12,85,886.26,993,0.00,897.49,3.400000,0.260000,1000.00,cifi0007.DBF
P9FN,10P9FN,F,NS,00,12,86,912.94,995,0.00,918.05,3.400000,0.260000,1000.00,cifi0007.DBF
P9FN,10P9FN,F,NS,00,12,87,949.45,997,0.00,944.57,3.400000,0.260000,1000.00,cifi0007.DBF
P9FN,10P9FN,F,NS,00,13,1,0.00,0,0.00,0.14,0.000000,0.290000,1000.00,cifi0007.DBF
P9FN,10P9FN,F,NS,00,13,2,0.00,0,0.00,3.45,3.540000,0.290000,1000.00,cifi0007.DBF
P9FN,10P9FN,F,NS,00,13,3,0.00,0,0.00,6.87,3.540000,0.290000,1000.00,cifi0007.DBF
P9FN,10P9FN,F,NS,00,13,4,0.00,0,0.00,10.40,3.540000,0.290000,1000.00,cifi0007.DBF
P9FN,10P9FN,F,NS,00,13,5,0.00,0,0.00,14.03,3.540000,0.290000,1000.00,cifi0007.DBF
P9FN,10P9FN,F,NS,00,13,6,1.88,31,0.00,17.80,3.540000,0.290000,1000.00,cifi0007.DBF
P9FN,10P9FN,F,NS,00,13,7,4.72,74,0.00,21.69,3.540000,0.290000,1000.00,cifi0007.DBF
P9FN,10P9FN,F,NS,00,13,8,7.71,115,0.00,25.73,3.540000,0.290000,1000.00,cifi0007.DBF
P9FN,10P9FN,F,NS,00,13,9,10.84,155,0.00,29.93,3.540000,0.290000,1000.00,cifi0007.DBF
P9FN,10P9FN,F,NS,00,13,10,14.10,193,0.00,34.28,3.540000,0.290000,1000.00,cifi0007.DBF
P9FN,10P9FN,F,NS,00,13,11,17.53,229,0.00,38.80,3.540000,0.290000,1000.00,cifi0007.DBF
P9FN,10P9FN,F,NS,00,13,12,21.12,265,0.00,43.50,3.540000,0.290000,1000.00,cifi0007.DBF
P9FN,10P9FN,F,NS,00,13,13,24.88,298,0.00,48.37,3.540000,0.290000,1000.00,cifi0007.DBF
P9FN,10P9FN,F,NS,00,13,14,28.81,331,0.00,53.43,3.540000,0.290000,1000.00,cifi0007.DBF
P9FN,10P9FN,F,NS,00,13,15,32.90,362,0.00,58.66,3.540000,0.290000,1000.00,cifi0007.DBF
P9FN,10P9FN,F,NS,00,13,16,37.18,392,0.00,64.08,3.540000,0.290000,1000.00,cifi0007.DBF
P9FN,10P9FN,F,NS,00,13,17,41.64,420,0.00,69.69,3.540000,0.290000,1000.00,cifi0007.DBF
P9FN,10P9FN,F,NS,00,13,18,46.31,447,0.00,75.51,3.540000,0.290000,1000.00,cifi0007.DBF
P9FN,10P9FN,F,NS,00,13,19,51.18,473,0.00,81.53,3.540000,0.290000,1000.00,cifi0007.DBF
P9FN,10P9FN,F,NS,00,13,20,56.26,498,0.00,87.77,3.540000,0.290000,1000.00,cifi0007.DBF
P9FN,10P9FN,F,NS,00,13,21,61.55,522,0.00,94.22,3.540000,0.290000,1000.00,cifi0007.DBF
P9FN,10P9FN,F,NS,00,13,22,67.06,545,0.00,100.89,3.540000,0.290000,1000.00,cifi0007.DBF
P9FN,10P9FN,F,NS,00,13,23,72.79,567,0.00,107.77,3.540000,0.290000,1000.00,cifi0007.DBF
P9FN,10P9FN,F,NS,00,13,24,78.75,588,0.00,114.87,3.540000,0.290000,1000.00,cifi0007.DBF
P9FN,10P9FN,F,NS,00,13,25,84.94,607,0.00,122.21,3.540000,0.290000,1000.00,cifi0007.DBF
P9FN,10P9FN,F,NS,00,13,26,91.42,627,0.00,129.79,3.540000,0.290000,1000.00,cifi0007.DBF
P9FN,10P9FN,F,NS,00,13,27,98.17,645,0.00,137.65,3.540000,0.290000,1000.00,cifi0007.DBF
P9FN,10P9FN,F,NS,00,13,28,105.20,662,0.00,145.77,3.540000,0.290000,1000.00,cifi0007.DBF
P9FN,10P9FN,F,NS,00,13,29,112.53,679,0.00,154.16,3.540000,0.290000,1000.00,cifi0007.DBF
P9FN,10P9FN,F,NS,00,13,30,120.16,695,0.00,162.84,3.540000,0.290000,1000.00,cifi0007.DBF
P9FN,10P9FN,F,NS,00,13,31,128.10,710,0.00,171.80,3.540000,0.290000,1000.00,cifi0007.DBF
P9FN,10P9FN,F,NS,00,13,32,136.35,725,0.00,181.05,3.540000,0.290000,1000.00,cifi0007.DBF
P9FN,10P9FN,F,NS,00,13,33,144.90,739,0.00,190.57,3.540000,0.290000,1000.00,cifi0007.DBF
P9FN,10P9FN,F,NS,00,13,34,153.76,752,0.00,200.37,3.540000,0.290000,1000.00,cifi0007.DBF
P9FN,10P9FN,F,NS,00,13,35,162.92,765,0.00,210.44,3.540000,0.290000,1000.00,cifi0007.DBF
P9FN,10P9FN,F,NS,00,13,36,172.37,777,0.00,220.77,3.540000,0.290000,1000.00,cifi0007.DBF
P9FN,10P9FN,F,NS,00,13,37,182.11,788,0.00,231.35,3.540000,0.290000,1000.00,cifi0007.DBF
P9FN,10P9FN,F,NS,00,13,38,192.14,799,0.00,242.19,3.540000,0.290000,1000.00,cifi0007.DBF
P9FN,10P9FN,F,NS,00,13,39,202.46,809,0.00,253.27,3.540000,0.290000,1000.00,cifi0007.DBF
P9FN,10P9FN,F,NS,00,13,40,213.05,819,0.00,264.59,3.540000,0.290000,1000.00,cifi0007.DBF
P9FN,10P9FN,F,NS,00,13,41,223.91,828,0.00,276.13,3.540000,0.290000,1000.00,cifi0007.DBF
P9FN,10P9FN,F,NS,00,13,42,235.05,837,0.00,287.89,3.540000,0.290000,1000.00,cifi0007.DBF
P9FN,10P9FN,F,NS,00,13,43,246.48,845,0.00,299.89,3.540000,0.290000,1000.00,cifi0007.DBF
P9FN,10P9FN,F,NS,00,13,44,258.16,853,0.00,312.10,3.540000,0.290000,1000.00,cifi0007.DBF
P9FN,10P9FN,F,NS,00,13,45,270.10,861,0.00,324.51,3.540000,0.290000,1000.00,cifi0007.DBF
P9FN,10P9FN,F,NS,00,13,46,282.31,868,0.00,337.13,3.540000,0.290000,1000.00,cifi0007.DBF
P9FN,10P9FN,F,NS,00,13,47,294.82,875,0.00,349.96,3.540000,0.290000,1000.00,cifi0007.DBF
P9FN,10P9FN,F,NS,00,13,48,307.63,881,0.00,363.03,3.540000,0.290000,1000.00,cifi0007.DBF
P9FN,10P9FN,F,NS,00,13,49,320.75,888,0.00,376.34,3.540000,0.290000,1000.00,cifi0007.DBF
P9FN,10P9FN,F,NS,00,13,50,334.18,894,0.00,389.88,3.540000,0.290000,1000.00,cifi0007.DBF
P9FN,10P9FN,F,NS,00,13,51,347.94,899,0.00,403.66,3.540000,0.290000,1000.00,cifi0007.DBF
P9FN,10P9FN,F,NS,00,13,52,362.03,905,0.00,417.69,3.540000,0.290000,1000.00,cifi0007.DBF
P9FN,10P9FN,F,NS,00,13,53,376.44,910,0.00,431.96,3.540000,0.290000,1000.00,cifi0007.DBF
P9FN,10P9FN,F,NS,00,13,54,391.16,915,0.00,446.46,3.540000,0.290000,1000.00,cifi0007.DBF
P9FN,10P9FN,F,NS,00,13,55,406.18,920,0.00,461.17,3.540000,0.290000,1000.00,cifi0007.DBF
P9FN,10P9FN,F,NS,00,13,56,421.49,924,0.00,476.08,3.540000,0.290000,1000.00,cifi0007.DBF
P9FN,10P9FN,F,NS,00,13,57,437.07,929,0.00,491.19,3.540000,0.290000,1000.00,cifi0007.DBF
P9FN,10P9FN,F,NS,00,13,58,452.92,933,0.00,506.47,3.540000,0.290000,1000.00,cifi0007.DBF
P9FN,10P9FN,F,NS,00,13,59,468.99,937,0.00,521.89,3.540000,0.290000,1000.00,cifi0007.DBF
P9FN,10P9FN,F,NS,00,13,60,485.23,941,0.00,537.41,3.540000,0.290000,1000.00,cifi0007.DBF
P9FN,10P9FN,F,NS,00,13,61,501.65,944,0.00,553.02,3.540000,0.290000,1000.00,cifi0007.DBF
P9FN,10P9FN,F,NS,00,13,62,518.23,948,0.00,568.71,3.540000,0.290000,1000.00,cifi0007.DBF
P9FN,10P9FN,F,NS,00,13,63,534.95,951,0.00,584.45,3.540000,0.290000,1000.00,cifi0007.DBF
P9FN,10P9FN,F,NS,00,13,64,551.80,954,0.00,600.23,3.540000,0.290000,1000.00,cifi0007.DBF
P9FN,10P9FN,F,NS,00,13,65,568.75,957,0.00,616.04,3.540000,0.290000,1000.00,cifi0007.DBF
P9FN,10P9FN,F,NS,00,13,66,585.79,960,0.00,631.86,3.540000,0.290000,1000.00,cifi0007.DBF
P9FN,10P9FN,F,NS,00,13,67,602.94,962,0.00,647.68,3.540000,0.290000,1000.00,cifi0007.DBF
P9FN,10P9FN,F,NS,00,13,68,620.17,965,0.00,663.50,3.540000,0.290000,1000.00,cifi0007.DBF
P9FN,10P9FN,F,NS,00,13,69,637.10,967,0.00,679.15,3.540000,0.290000,1000.00,cifi0007.DBF
P9FN,10P9FN,F,NS,00,13,70,653.66,970,0.00,694.43,3.540000,0.290000,1000.00,cifi0007.DBF
P9FN,10P9FN,F,NS,00,13,71,670.00,972,0.00,709.38,3.540000,0.290000,1000.00,cifi0007.DBF
P9FN,10P9FN,F,NS,00,13,72,686.10,974,0.00,724.06,3.540000,0.290000,1000.00,cifi0007.DBF
P9FN,10P9FN,F,NS,00,13,73,701.88,976,0.00,738.42,3.540000,0.290000,1000.00,cifi0007.DBF
P9FN,10P9FN,F,NS,00,13,74,717.77,977,0.00,752.63,3.540000,0.290000,1000.00,cifi0007.DBF
P9FN,10P9FN,F,NS,00,13,75,733.03,979,0.00,766.55,3.540000,0.290000,1000.00,cifi0007.DBF
P9FN,10P9FN,F,NS,00,13,76,747.77,981,0.00,779.91,3.540000,0.290000,1000.00,cifi0007.DBF
P9FN,10P9FN,F,NS,00,13,77,762.05,982,0.00,792.80,3.540000,0.290000,1000.00,cifi0007.DBF
P9FN,10P9FN,F,NS,00,13,78,776.37,983,0.00,805.47,3.540000,0.290000,1000.00,cifi0007.DBF
P9FN,10P9FN,F,NS,00,13,79,792.26,985,0.00,818.77,3.540000,0.290000,1000.00,cifi0007.DBF
P9FN,10P9FN,F,NS,00,13,80,809.15,987,0.00,833.11,3.540000,0.290000,1000.00,cifi0007.DBF
P9FN,10P9FN,F,NS,00,13,81,826.67,988,0.00,848.07,3.540000,0.290000,1000.00,cifi0007.DBF
P9FN,10P9FN,F,NS,00,13,82,844.88,990,0.00,863.53,3.540000,0.290000,1000.00,cifi0007.DBF
P9FN,10P9FN,F,NS,00,13,83,864.11,991,0.00,879.64,3.540000,0.290000,1000.00,cifi0007.DBF
P9FN,10P9FN,F,NS,00,13,84,886.00,993,0.00,897.22,3.540000,0.290000,1000.00,cifi0007.DBF
P9FN,10P9FN,F,NS,00,13,85,912.75,995,0.00,917.84,3.540000,0.290000,1000.00,cifi0007.DBF
P9FN,10P9FN,F,NS,00,13,86,949.34,997,0.00,944.46,3.540000,0.290000,1000.00,cifi0007.DBF
P9FN,10P9FN,F,NS,00,14,1,0.00,0,0.00,0.16,0.000000,0.320000,1000.00,cifi0007.DBF
P9FN,10P9FN,F,NS,00,14,2,0.00,0,0.00,3.59,3.680000,0.320000,1000.00,cifi0007.DBF
P9FN,10P9FN,F,NS,00,14,3,0.00,0,0.00,7.13,3.680000,0.320000,1000.00,cifi0007.DBF
P9FN,10P9FN,F,NS,00,14,4,0.00,0,0.00,10.78,3.680000,0.320000,1000.00,cifi0007.DBF
P9FN,10P9FN,F,NS,00,14,5,0.00,0,0.00,14.55,3.680000,0.320000,1000.00,cifi0007.DBF
P9FN,10P9FN,F,NS,00,14,6,2.37,37,0.00,18.46,3.680000,0.320000,1000.00,cifi0007.DBF
P9FN,10P9FN,F,NS,00,14,7,5.37,80,0.00,22.52,3.680000,0.320000,1000.00,cifi0007.DBF
P9FN,10P9FN,F,NS,00,14,8,8.50,121,0.00,26.73,3.680000,0.320000,1000.00,cifi0007.DBF
P9FN,10P9FN,F,NS,00,14,9,11.78,161,0.00,31.10,3.680000,0.320000,1000.00,cifi0007.DBF
P9FN,10P9FN,F,NS,00,14,10,15.22,199,0.00,35.63,3.680000,0.320000,1000.00,cifi0007.DBF
P9FN,10P9FN,F,NS,00,14,11,18.81,236,0.00,40.34,3.680000,0.320000,1000.00,cifi0007.DBF
P9FN,10P9FN,F,NS,00,14,12,22.58,271,0.00,45.23,3.680000,0.320000,1000.00,cifi0007.DBF
P9FN,10P9FN,F,NS,00,14,13,26.52,305,0.00,50.31,3.680000,0.320000,1000.00,cifi0007.DBF
P9FN,10P9FN,F,NS,00,14,14,30.62,337,0.00,55.56,3.680000,0.320000,1000.00,cifi0007.DBF
P9FN,10P9FN,F,NS,00,14,15,34.91,368,0.00,60.99,3.680000,0.320000,1000.00,cifi0007.DBF
P9FN,10P9FN,F,NS,00,14,16,39.38,397,0.00,66.63,3.680000,0.320000,1000.00,cifi0007.DBF
P9FN,10P9FN,F,NS,00,14,17,44.06,426,0.00,72.46,3.680000,0.320000,1000.00,cifi0007.DBF
P9FN,10P9FN,F,NS,00,14,18,48.94,453,0.00,78.51,3.680000,0.320000,1000.00,cifi0007.DBF
P9FN,10P9FN,F,NS,00,14,19,54.03,479,0.00,84.76,3.680000,0.320000,1000.00,cifi0007.DBF
P9FN,10P9FN,F,NS,00,14,20,59.34,504,0.00,91.23,3.680000,0.320000,1000.00,cifi0007.DBF
P9FN,10P9FN,F,NS,00,14,21,64.86,527,0.00,97.92,3.680000,0.320000,1000.00,cifi0007.DBF
P9FN,10P9FN,F,NS,00,14,22,70.60,550,0.00,104.83,3.680000,0.320000,1000.00,cifi0007.DBF
P9FN,10P9FN,F,NS,00,14,23,76.58,571,0.00,111.96,3.680000,0.320000,1000.00,cifi0007.DBF
P9FN,10P9FN,F,NS,00,14,24,82.78,592,0.00,119.32,3.680000,0.320000,1000.00,cifi0007.DBF
P9FN,10P9FN,F,NS,00,14,25,89.27,612,0.00,126.93,3.680000,0.320000,1000.00,cifi0007.DBF
P9FN,10P9FN,F,NS,00,14,26,96.04,631,0.00,134.81,3.680000,0.320000,1000.00,cifi0007.DBF
P9FN,10P9FN,F,NS,00,14,27,103.09,649,0.00,142.96,3.680000,0.320000,1000.00,cifi0007.DBF
P9FN,10P9FN,F,NS,00,14,28,110.44,666,0.00,151.38,3.680000,0.320000,1000.00,cifi0007.DBF
P9FN,10P9FN,F,NS,00,14,29,118.09,683,0.00,160.09,3.680000,0.320000,1000.00,cifi0007.DBF
P9FN,10P9FN,F,NS,00,14,30,126.05,699,0.00,169.08,3.680000,0.320000,1000.00,cifi0007.DBF
P9FN,10P9FN,F,NS,00,14,31,134.31,714,0.00,178.36,3.680000,0.320000,1000.00,cifi0007.DBF
P9FN,10P9FN,F,NS,00,14,32,142.89,728,0.00,187.91,3.680000,0.320000,1000.00,cifi0007.DBF
P9FN,10P9FN,F,NS,00,14,33,151.77,742,0.00,197.75,3.680000,0.320000,1000.00,cifi0007.DBF
P9FN,10P9FN,F,NS,00,14,34,160.94,755,0.00,207.85,3.680000,0.320000,1000.00,cifi0007.DBF
P9FN,10P9FN,F,NS,00,14,35,170.41,768,0.00,218.21,3.680000,0.320000,1000.00,cifi0007.DBF
P9FN,10P9FN,F,NS,00,14,36,180.18,780,0.00,228.83,3.680000,0.320000,1000.00,cifi0007.DBF
P9FN,10P9FN,F,NS,00,14,37,190.24,791,0.00,239.71,3.680000,0.320000,1000.00,cifi0007.DBF
P9FN,10P9FN,F,NS,00,14,38,200.58,802,0.00,250.82,3.680000,0.320000,1000.00,cifi0007.DBF
P9FN,10P9FN,F,NS,00,14,39,211.19,812,0.00,262.18,3.680000,0.320000,1000.00,cifi0007.DBF
P9FN,10P9FN,F,NS,00,14,40,222.08,821,0.00,273.75,3.680000,0.320000,1000.00,cifi0007.DBF
P9FN,10P9FN,F,NS,00,14,41,233.25,830,0.00,285.56,3.680000,0.320000,1000.00,cifi0007.DBF
P9FN,10P9FN,F,NS,00,14,42,244.70,839,0.00,297.60,3.680000,0.320000,1000.00,cifi0007.DBF
P9FN,10P9FN,F,NS,00,14,43,256.41,847,0.00,309.85,3.680000,0.320000,1000.00,cifi0007.DBF
P9FN,10P9FN,F,NS,00,14,44,268.38,855,0.00,322.30,3.680000,0.320000,1000.00,cifi0007.DBF
P9FN,10P9FN,F,NS,00,14,45,280.62,863,0.00,334.96,3.680000,0.320000,1000.00,cifi0007.DBF
P9FN,10P9FN,F,NS,00,14,46,293.15,870,0.00,347.84,3.680000,0.320000,1000.00,cifi0007.DBF
P9FN,10P9FN,F,NS,00,14,47,306.00,877,0.00,360.95,3.680000,0.320000,1000.00,cifi0007.DBF
P9FN,10P9FN,F,NS,00,14,48,319.15,883,0.00,374.31,3.680000,0.320000,1000.00,cifi0007.DBF
P9FN,10P9FN,F,NS,00,14,49,332.61,889,0.00,387.89,3.680000,0.320000,1000.00,cifi0007.DBF
P9FN,10P9FN,F,NS,00,14,50,346.40,895,0.00,401.72,3.680000,0.320000,1000.00,cifi0007.DBF
P9FN,10P9FN,F,NS,00,14,51,360.52,901,0.00,415.80,3.680000,0.320000,1000.00,cifi0007.DBF
P9FN,10P9FN,F,NS,00,14,52,374.97,906,0.00,430.11,3.680000,0.320000,1000.00,cifi0007.DBF
P9FN,10P9FN,F,NS,00,14,53,389.72,912,0.00,444.66,3.680000,0.320000,1000.00,cifi0007.DBF
P9FN,10P9FN,F,NS,00,14,54,404.78,917,0.00,459.42,3.680000,0.320000,1000.00,cifi0007.DBF
P9FN,10P9FN,F,NS,00,14,55,420.12,921,0.00,474.39,3.680000,0.320000,1000.00,cifi0007.DBF
P9FN,10P9FN,F,NS,00,14,56,435.75,926,0.00,489.54,3.680000,0.320000,1000.00,cifi0007.DBF
P9FN,10P9FN,F,NS,00,14,57,451.63,930,0.00,504.87,3.680000,0.320000,1000.00,cifi0007.DBF
P9FN,10P9FN,F,NS,00,14,58,467.73,934,0.00,520.34,3.680000,0.320000,1000.00,cifi0007.DBF
P9FN,10P9FN,F,NS,00,14,59,484.01,938,0.00,535.92,3.680000,0.320000,1000.00,cifi0007.DBF
P9FN,10P9FN,F,NS,00,14,60,500.47,942,0.00,551.58,3.680000,0.320000,1000.00,cifi0007.DBF
P9FN,10P9FN,F,NS,00,14,61,517.10,946,0.00,567.32,3.680000,0.320000,1000.00,cifi0007.DBF
P9FN,10P9FN,F,NS,00,14,62,533.86,949,0.00,583.12,3.680000,0.320000,1000.00,cifi0007.DBF
P9FN,10P9FN,F,NS,00,14,63,550.74,952,0.00,598.95,3.680000,0.320000,1000.00,cifi0007.DBF
P9FN,10P9FN,F,NS,00,14,64,567.73,955,0.00,614.81,3.680000,0.320000,1000.00,cifi0007.DBF
P9FN,10P9FN,F,NS,00,14,65,584.81,958,0.00,630.68,3.680000,0.320000,1000.00,cifi0007.DBF
P9FN,10P9FN,F,NS,00,14,66,602.00,961,0.00,646.56,3.680000,0.320000,1000.00,cifi0007.DBF
P9FN,10P9FN,F,NS,00,14,67,619.27,964,0.00,662.44,3.680000,0.320000,1000.00,cifi0007.DBF
P9FN,10P9FN,F,NS,00,14,68,636.25,966,0.00,678.14,3.680000,0.320000,1000.00,cifi0007.DBF
P9FN,10P9FN,F,NS,00,14,69,652.84,968,0.00,693.47,3.680000,0.320000,1000.00,cifi0007.DBF
P9FN,10P9FN,F,NS,00,14,70,669.22,971,0.00,708.47,3.680000,0.320000,1000.00,cifi0007.DBF
P9FN,10P9FN,F,NS,00,14,71,685.36,973,0.00,723.19,3.680000,0.320000,1000.00,cifi0007.DBF
P9FN,10P9FN,F,NS,00,14,72,701.18,975,0.00,737.61,3.680000,0.320000,1000.00,cifi0007.DBF
P9FN,10P9FN,F,NS,00,14,73,717.10,976,0.00,751.86,3.680000,0.320000,1000.00,cifi0007.DBF
P9FN,10P9FN,F,NS,00,14,74,732.40,978,0.00,765.83,3.680000,0.320000,1000.00,cifi0007.DBF
P9FN,10P9FN,F,NS,00,14,75,747.17,980,0.00,779.24,3.680000,0.320000,1000.00,cifi0007.DBF
P9FN,10P9FN,F,NS,00,14,76,761.49,981,0.00,792.17,3.680000,0.320000,1000.00,cifi0007.DBF
P9FN,10P9FN,F,NS,00,14,77,775.85,983,0.00,804.88,3.680000,0.320000,1000.00,cifi0007.DBF
P9FN,10P9FN,F,NS,00,14,78,791.77,984,0.00,818.22,3.680000,0.320000,1000.00,cifi0007.DBF
P9FN,10P9FN,F,NS,00,14,79,808.70,986,0.00,832.61,3.680000,0.320000,1000.00,cifi0007.DBF
P9FN,10P9FN,F,NS,00,14,80,826.26,988,0.00,847.62,3.680000,0.320000,1000.00,cifi0007.DBF
P9FN,10P9FN,F,NS,00,14,81,844.52,989,0.00,863.14,3.680000,0.320000,1000.00,cifi0007.DBF
P9FN,10P9FN,F,NS,00,14,82,863.79,991,0.00,879.30,3.680000,0.320000,1000.00,cifi0007.DBF
P9FN,10P9FN,F,NS,00,14,83,885.73,993,0.00,896.93,3.680000,0.320000,1000.00,cifi0007.DBF
P9FN,10P9FN,F,NS,00,14,84,912.54,995,0.00,917.63,3.680000,0.320000,1000.00,cifi0007.DBF
P9FN,10P9FN,F,NS,00,14,85,949.22,997,0.00,944.33,3.680000,0.320000,1000.00,cifi0007.DBF
P9FN,10P9FN,F,NS,00,15,1,0.00,0,0.00,0.16,0.000000,0.320000,1000.00,cifi0007.DBF
P9FN,10P9FN,F,NS,00,15,2,0.00,0,0.00,3.71,3.830000,0.320000,1000.00,cifi0007.DBF
P9FN,10P9FN,F,NS,00,15,3,0.00,0,0.00,7.37,3.830000,0.320000,1000.00,cifi0007.DBF
P9FN,10P9FN,F,NS,00,15,4,0.00,0,0.00,11.16,3.830000,0.320000,1000.00,cifi0007.DBF
P9FN,10P9FN,F,NS,00,15,5,0.00,0,0.00,15.08,3.830000,0.320000,1000.00,cifi0007.DBF
P9FN,10P9FN,F,NS,00,15,6,2.93,44,0.00,19.15,3.830000,0.320000,1000.00,cifi0007.DBF
P9FN,10P9FN,F,NS,00,15,7,6.07,87,0.00,23.38,3.830000,0.320000,1000.00,cifi0007.DBF
P9FN,10P9FN,F,NS,00,15,8,9.35,128,0.00,27.76,3.830000,0.320000,1000.00,cifi0007.DBF
P9FN,10P9FN,F,NS,00,15,9,12.80,168,0.00,32.31,3.830000,0.320000,1000.00,cifi0007.DBF
P9FN,10P9FN,F,NS,00,15,10,16.40,206,0.00,37.04,3.830000,0.320000,1000.00,cifi0007.DBF
P9FN,10P9FN,F,NS,00,15,11,20.19,242,0.00,41.95,3.830000,0.320000,1000.00,cifi0007.DBF
P9FN,10P9FN,F,NS,00,15,12,24.13,277,0.00,47.04,3.830000,0.320000,1000.00,cifi0007.DBF
P9FN,10P9FN,F,NS,00,15,13,28.24,311,0.00,52.31,3.830000,0.320000,1000.00,cifi0007.DBF
P9FN,10P9FN,F,NS,00,15,14,32.54,343,0.00,57.76,3.830000,0.320000,1000.00,cifi0007.DBF
P9FN,10P9FN,F,NS,00,15,15,37.03,374,0.00,63.42,3.830000,0.320000,1000.00,cifi0007.DBF
P9FN,10P9FN,F,NS,00,15,16,41.72,403,0.00,69.27,3.830000,0.320000,1000.00,cifi0007.DBF
P9FN,10P9FN,F,NS,00,15,17,46.61,431,0.00,75.34,3.830000,0.320000,1000.00,cifi0007.DBF
P9FN,10P9FN,F,NS,00,15,18,51.71,458,0.00,81.61,3.830000,0.320000,1000.00,cifi0007.DBF
P9FN,10P9FN,F,NS,00,15,19,57.04,484,0.00,88.11,3.830000,0.320000,1000.00,cifi0007.DBF
P9FN,10P9FN,F,NS,00,15,20,62.57,509,0.00,94.82,3.830000,0.320000,1000.00,cifi0007.DBF
P9FN,10P9FN,F,NS,00,15,21,68.32,532,0.00,101.75,3.830000,0.320000,1000.00,cifi0007.DBF
P9FN,10P9FN,F,NS,00,15,22,74.31,555,0.00,108.91,3.830000,0.320000,1000.00,cifi0007.DBF
P9FN,10P9FN,F,NS,00,15,23,80.54,576,0.00,116.29,3.830000,0.320000,1000.00,cifi0007.DBF
P9FN,10P9FN,F,NS,00,15,24,87.04,597,0.00,123.93,3.830000,0.320000,1000.00,cifi0007.DBF
P9FN,10P9FN,F,NS,00,15,25,93.82,616,0.00,131.84,3.830000,0.320000,1000.00,cifi0007.DBF
P9FN,10P9FN,F,NS,00,15,26,100.89,635,0.00,140.01,3.830000,0.320000,1000.00,cifi0007.DBF
P9FN,10P9FN,F,NS,00,15,27,108.25,653,0.00,148.47,3.830000,0.320000,1000.00,cifi0007.DBF
P9FN,10P9FN,F,NS,00,15,28,115.93,670,0.00,157.21,3.830000,0.320000,1000.00,cifi0007.DBF
P9FN,10P9FN,F,NS,00,15,29,123.90,687,0.00,166.23,3.830000,0.320000,1000.00,cifi0007.DBF
P9FN,10P9FN,F,NS,00,15,30,132.19,703,0.00,175.54,3.830000,0.320000,1000.00,cifi0007.DBF
P9FN,10P9FN,F,NS,00,15,31,140.79,718,0.00,185.13,3.830000,0.320000,1000.00,cifi0007.DBF
P9FN,10P9FN,F,NS,00,15,32,149.69,732,0.00,194.99,3.830000,0.320000,1000.00,cifi0007.DBF
P9FN,10P9FN,F,NS,00,15,33,158.89,746,0.00,205.13,3.830000,0.320000,1000.00,cifi0007.DBF
P9FN,10P9FN,F,NS,00,15,34,168.38,759,0.00,215.53,3.830000,0.320000,1000.00,cifi0007.DBF
P9FN,10P9FN,F,NS,00,15,35,178.17,771,0.00,226.19,3.830000,0.320000,1000.00,cifi0007.DBF
P9FN,10P9FN,F,NS,00,15,36,188.25,783,0.00,237.10,3.830000,0.320000,1000.00,cifi0007.DBF
P9FN,10P9FN,F,NS,00,15,37,198.62,794,0.00,248.26,3.830000,0.320000,1000.00,cifi0007.DBF
P9FN,10P9FN,F,NS,00,15,38,209.26,804,0.00,259.65,3.830000,0.320000,1000.00,cifi0007.DBF
P9FN,10P9FN,F,NS,00,15,39,220.18,814,0.00,271.27,3.830000,0.320000,1000.00,cifi0007.DBF
P9FN,10P9FN,F,NS,00,15,40,231.37,824,0.00,283.12,3.830000,0.320000,1000.00,cifi0007.DBF
P9FN,10P9FN,F,NS,00,15,41,242.85,833,0.00,295.19,3.830000,0.320000,1000.00,cifi0007.DBF
P9FN,10P9FN,F,NS,00,15,42,254.58,841,0.00,307.49,3.830000,0.320000,1000.00,cifi0007.DBF
P9FN,10P9FN,F,NS,00,15,43,266.59,850,0.00,319.99,3.830000,0.320000,1000.00,cifi0007.DBF
P9FN,10P9FN,F,NS,00,15,44,278.86,857,0.00,332.69,3.830000,0.320000,1000.00,cifi0007.DBF
P9FN,10P9FN,F,NS,00,15,45,291.42,865,0.00,345.61,3.830000,0.320000,1000.00,cifi0007.DBF
P9FN,10P9FN,F,NS,00,15,46,304.30,872,0.00,358.78,3.830000,0.320000,1000.00,cifi0007.DBF
P9FN,10P9FN,F,NS,00,15,47,317.48,879,0.00,372.18,3.830000,0.320000,1000.00,cifi0007.DBF
P9FN,10P9FN,F,NS,00,15,48,330.98,885,0.00,385.81,3.830000,0.320000,1000.00,cifi0007.DBF
P9FN,10P9FN,F,NS,00,15,49,344.80,891,0.00,399.69,3.830000,0.320000,1000.00,cifi0007.DBF
P9FN,10P9FN,F,NS,00,15,50,358.96,897,0.00,413.81,3.830000,0.320000,1000.00,cifi0007.DBF
P9FN,10P9FN,F,NS,00,15,51,373.43,903,0.00,428.18,3.830000,0.320000,1000.00,cifi0007.DBF
P9FN,10P9FN,F,NS,00,15,52,388.22,908,0.00,442.77,3.830000,0.320000,1000.00,cifi0007.DBF
P9FN,10P9FN,F,NS,00,15,53,403.32,913,0.00,457.59,3.830000,0.320000,1000.00,cifi0007.DBF
P9FN,10P9FN,F,NS,00,15,54,418.70,918,0.00,472.61,3.830000,0.320000,1000.00,cifi0007.DBF
P9FN,10P9FN,F,NS,00,15,55,434.36,923,0.00,487.81,3.830000,0.320000,1000.00,cifi0007.DBF
P9FN,10P9FN,F,NS,00,15,56,450.29,927,0.00,503.20,3.830000,0.320000,1000.00,cifi0007.DBF
P9FN,10P9FN,F,NS,00,15,57,466.43,932,0.00,518.72,3.830000,0.320000,1000.00,cifi0007.DBF
P9FN,10P9FN,F,NS,00,15,58,482.75,936,0.00,534.35,3.830000,0.320000,1000.00,cifi0007.DBF
P9FN,10P9FN,F,NS,00,15,59,499.25,940,0.00,550.07,3.830000,0.320000,1000.00,cifi0007.DBF
P9FN,10P9FN,F,NS,00,15,60,515.91,943,0.00,565.87,3.830000,0.320000,1000.00,cifi0007.DBF
P9FN,10P9FN,F,NS,00,15,61,532.71,947,0.00,581.72,3.830000,0.320000,1000.00,cifi0007.DBF
P9FN,10P9FN,F,NS,00,15,62,549.64,950,0.00,597.61,3.830000,0.320000,1000.00,cifi0007.DBF
P9FN,10P9FN,F,NS,00,15,63,566.67,953,0.00,613.53,3.830000,0.320000,1000.00,cifi0007.DBF
P9FN,10P9FN,F,NS,00,15,64,583.80,956,0.00,629.45,3.830000,0.320000,1000.00,cifi0007.DBF
P9FN,10P9FN,F,NS,00,15,65,601.03,959,0.00,645.39,3.830000,0.320000,1000.00,cifi0007.DBF
P9FN,10P9FN,F,NS,00,15,66,618.34,962,0.00,661.32,3.830000,0.320000,1000.00,cifi0007.DBF
P9FN,10P9FN,F,NS,00,15,67,635.36,965,0.00,677.08,3.830000,0.320000,1000.00,cifi0007.DBF
P9FN,10P9FN,F,NS,00,15,68,651.99,967,0.00,692.46,3.830000,0.320000,1000.00,cifi0007.DBF
P9FN,10P9FN,F,NS,00,15,69,668.41,969,0.00,707.51,3.830000,0.320000,1000.00,cifi0007.DBF
P9FN,10P9FN,F,NS,00,15,70,684.59,972,0.00,722.29,3.830000,0.320000,1000.00,cifi0007.DBF
P9FN,10P9FN,F,NS,00,15,71,700.45,974,0.00,736.75,3.830000,0.320000,1000.00,cifi0007.DBF
P9FN,10P9FN,F,NS,00,15,72,716.41,976,0.00,751.06,3.830000,0.320000,1000.00,cifi0007.DBF
P9FN,10P9FN,F,NS,00,15,73,731.74,977,0.00,765.07,3.830000,0.320000,1000.00,cifi0007.DBF
P9FN,10P9FN,F,NS,00,15,74,746.55,979,0.00,778.53,3.830000,0.320000,1000.00,cifi0007.DBF
P9FN,10P9FN,F,NS,00,15,75,760.91,981,0.00,791.51,3.830000,0.320000,1000.00,cifi0007.DBF
P9FN,10P9FN,F,NS,00,15,76,775.30,982,0.00,804.26,3.830000,0.320000,1000.00,cifi0007.DBF
P9FN,10P9FN,F,NS,00,15,77,791.26,984,0.00,817.65,3.830000,0.320000,1000.00,cifi0007.DBF
P9FN,10P9FN,F,NS,00,15,78,808.23,985,0.00,832.09,3.830000,0.320000,1000.00,cifi0007.DBF
P9FN,10P9FN,F,NS,00,15,79,825.83,987,0.00,847.16,3.830000,0.320000,1000.00,cifi0007.DBF
P9FN,10P9FN,F,NS,00,15,80,844.14,989,0.00,862.72,3.830000,0.320000,1000.00,cifi0007.DBF
P9FN,10P9FN,F,NS,00,15,81,863.45,990,0.00,878.95,3.830000,0.320000,1000.00,cifi0007.DBF
P9FN,10P9FN,F,NS,00,15,82,885.45,992,0.00,896.64,3.830000,0.320000,1000.00,cifi0007.DBF
P9FN,10P9FN,F,NS,00,15,83,912.33,994,0.00,917.41,3.830000,0.320000,1000.00,cifi0007.DBF
P9FN,10P9FN,F,NS,00,15,84,949.09,997,0.00,944.21,3.830000,0.320000,1000.00,cifi0007.DBF
P9FN,10P9FN,F,NS,00,16,1,0.00,0,0.00,0.19,0.000000,0.380000,1000.00,cifi0007.DBF
P9FN,10P9FN,F,NS,00,16,2,0.00,0,0.00,3.86,3.980000,0.380000,1000.00,cifi0007.DBF
P9FN,10P9FN,F,NS,00,16,3,0.00,0,0.00,7.66,3.980000,0.380000,1000.00,cifi0007.DBF
P9FN,10P9FN,F,NS,00,16,4,0.00,0,0.00,11.60,3.980000,0.380000,1000.00,cifi0007.DBF
P9FN,10P9FN,F,NS,00,16,5,0.36,6,0.00,15.68,3.980000,0.380000,1000.00,cifi0007.DBF
P9FN,10P9FN,F,NS,00,16,6,3.51,50,0.00,19.92,3.980000,0.380000,1000.00,cifi0007.DBF
P9FN,10P9FN,F,NS,00,16,7,6.80,93,0.00,24.32,3.980000,0.380000,1000.00,cifi0007.DBF
P9FN,10P9FN,F,NS,00,16,8,10.25,134,0.00,28.89,3.980000,0.380000,1000.00,cifi0007.DBF
P9FN,10P9FN,F,NS,00,16,9,13.87,174,0.00,33.64,3.980000,0.380000,1000.00,cifi0007.DBF
P9FN,10P9FN,F,NS,00,16,10,17.66,212,0.00,38.56,3.980000,0.380000,1000.00,cifi0007.DBF
P9FN,10P9FN,F,NS,00,16,11,21.62,248,0.00,43.67,3.980000,0.380000,1000.00,cifi0007.DBF
P9FN,10P9FN,F,NS,00,16,12,25.73,283,0.00,48.96,3.980000,0.380000,1000.00,cifi0007.DBF
P9FN,10P9FN,F,NS,00,16,13,30.05,317,0.00,54.43,3.980000,0.380000,1000.00,cifi0007.DBF
P9FN,10P9FN,F,NS,00,16,14,34.54,349,0.00,60.11,3.980000,0.380000,1000.00,cifi0007.DBF
P9FN,10P9FN,F,NS,00,16,15,39.25,379,0.00,65.98,3.980000,0.380000,1000.00,cifi0007.DBF
P9FN,10P9FN,F,NS,00,16,16,44.15,409,0.00,72.07,3.980000,0.380000,1000.00,cifi0007.DBF
P9FN,10P9FN,F,NS,00,16,17,49.26,437,0.00,78.37,3.980000,0.380000,1000.00,cifi0007.DBF
P9FN,10P9FN,F,NS,00,16,18,54.60,463,0.00,84.89,3.980000,0.380000,1000.00,cifi0007.DBF
P9FN,10P9FN,F,NS,00,16,19,60.15,489,0.00,91.63,3.980000,0.380000,1000.00,cifi0007.DBF
P9FN,10P9FN,F,NS,00,16,20,65.92,513,0.00,98.58,3.980000,0.380000,1000.00,cifi0007.DBF
P9FN,10P9FN,F,NS,00,16,21,71.93,537,0.00,105.76,3.980000,0.380000,1000.00,cifi0007.DBF
P9FN,10P9FN,F,NS,00,16,22,78.16,559,0.00,113.17,3.980000,0.380000,1000.00,cifi0007.DBF
P9FN,10P9FN,F,NS,00,16,23,84.69,580,0.00,120.84,3.980000,0.380000,1000.00,cifi0007.DBF
P9FN,10P9FN,F,NS,00,16,24,91.48,601,0.00,128.78,3.980000,0.380000,1000.00,cifi0007.DBF
P9FN,10P9FN,F,NS,00,16,25,98.57,621,0.00,136.98,3.980000,0.380000,1000.00,cifi0007.DBF
P9FN,10P9FN,F,NS,00,16,26,105.95,639,0.00,145.46,3.980000,0.380000,1000.00,cifi0007.DBF
P9FN,10P9FN,F,NS,00,16,27,113.64,657,0.00,154.23,3.980000,0.380000,1000.00,cifi0007.DBF
P9FN,10P9FN,F,NS,00,16,28,121.64,674,0.00,163.29,3.980000,0.380000,1000.00,cifi0007.DBF
P9FN,10P9FN,F,NS,00,16,29,129.95,691,0.00,172.63,3.980000,0.380000,1000.00,cifi0007.DBF
P9FN,10P9FN,F,NS,00,16,30,138.57,706,0.00,182.26,3.980000,0.380000,1000.00,cifi0007.DBF
P9FN,10P9FN,F,NS,00,16,31,147.49,721,0.00,192.16,3.980000,0.380000,1000.00,cifi0007.DBF
P9FN,10P9FN,F,NS,00,16,32,156.72,735,0.00,202.33,3.980000,0.380000,1000.00,cifi0007.DBF
P9FN,10P9FN,F,NS,00,16,33,166.23,749,0.00,212.77,3.980000,0.380000,1000.00,cifi0007.DBF
P9FN,10P9FN,F,NS,00,16,34,176.05,762,0.00,223.47,3.980000,0.380000,1000.00,cifi0007.DBF
P9FN,10P9FN,F,NS,00,16,35,186.16,774,0.00,234.42,3.980000,0.380000,1000.00,cifi0007.DBF
P9FN,10P9FN,F,NS,00,16,36,196.55,785,0.00,245.62,3.980000,0.380000,1000.00,cifi0007.DBF
P9FN,10P9FN,F,NS,00,16,37,207.22,796,0.00,257.05,3.980000,0.380000,1000.00,cifi0007.DBF
P9FN,10P9FN,F,NS,00,16,38,218.16,807,0.00,268.71,3.980000,0.380000,1000.00,cifi0007.DBF
P9FN,10P9FN,F,NS,00,16,39,229.39,817,0.00,280.60,3.980000,0.380000,1000.00,cifi0007.DBF
P9FN,10P9FN,F,NS,00,16,40,240.90,826,0.00,292.72,3.980000,0.380000,1000.00,cifi0007.DBF
P9FN,10P9FN,F,NS,00,16,41,252.66,835,0.00,305.06,3.980000,0.380000,1000.00,cifi0007.DBF
P9FN,10P9FN,F,NS,00,16,42,264.69,844,0.00,317.60,3.980000,0.380000,1000.00,cifi0007.DBF
P9FN,10P9FN,F,NS,00,16,43,277.00,852,0.00,330.35,3.980000,0.380000,1000.00,cifi0007.DBF
P9FN,10P9FN,F,NS,00,16,44,289.59,859,0.00,343.32,3.980000,0.380000,1000.00,cifi0007.DBF
P9FN,10P9FN,F,NS,00,16,45,302.50,867,0.00,356.53,3.980000,0.380000,1000.00,cifi0007.DBF
P9FN,10P9FN,F,NS,00,16,46,315.72,874,0.00,369.98,3.980000,0.380000,1000.00,cifi0007.DBF
P9FN,10P9FN,F,NS,00,16,47,329.25,880,0.00,383.67,3.980000,0.380000,1000.00,cifi0007.DBF
P9FN,10P9FN,F,NS,00,16,48,343.11,887,0.00,397.59,3.980000,0.380000,1000.00,cifi0007.DBF
P9FN,10P9FN,F,NS,00,16,49,357.30,893,0.00,411.77,3.980000,0.380000,1000.00,cifi0007.DBF
P9FN,10P9FN,F,NS,00,16,50,371.82,899,0.00,426.18,3.980000,0.380000,1000.00,cifi0007.DBF
P9FN,10P9FN,F,NS,00,16,51,386.65,904,0.00,440.83,3.980000,0.380000,1000.00,cifi0007.DBF
P9FN,10P9FN,F,NS,00,16,52,401.78,910,0.00,455.70,3.980000,0.380000,1000.00,cifi0007.DBF
P9FN,10P9FN,F,NS,00,16,53,417.20,915,0.00,470.77,3.980000,0.380000,1000.00,cifi0007.DBF
P9FN,10P9FN,F,NS,00,16,54,432.90,920,0.00,486.04,3.980000,0.380000,1000.00,cifi0007.DBF
P9FN,10P9FN,F,NS,00,16,55,448.87,924,0.00,501.47,3.980000,0.380000,1000.00,cifi0007.DBF
P9FN,10P9FN,F,NS,00,16,56,465.05,929,0.00,517.06,3.980000,0.380000,1000.00,cifi0007.DBF
P9FN,10P9FN,F,NS,00,16,57,481.41,933,0.00,532.74,3.980000,0.380000,1000.00,cifi0007.DBF
P9FN,10P9FN,F,NS,00,16,58,497.96,937,0.00,548.52,3.980000,0.380000,1000.00,cifi0007.DBF
P9FN,10P9FN,F,NS,00,16,59,514.66,941,0.00,564.37,3.980000,0.380000,1000.00,cifi0007.DBF
P9FN,10P9FN,F,NS,00,16,60,531.51,945,0.00,580.28,3.980000,0.380000,1000.00,cifi0007.DBF
P9FN,10P9FN,F,NS,00,16,61,548.48,948,0.00,596.23,3.980000,0.380000,1000.00,cifi0007.DBF
P9FN,10P9FN,F,NS,00,16,62,565.55,952,0.00,612.20,3.980000,0.380000,1000.00,cifi0007.DBF
P9FN,10P9FN,F,NS,00,16,63,582.72,955,0.00,628.19,3.980000,0.380000,1000.00,cifi0007.DBF
P9FN,10P9FN,F,NS,00,16,64,600.00,958,0.00,644.18,3.980000,0.380000,1000.00,cifi0007.DBF
P9FN,10P9FN,F,NS,00,16,65,617.35,961,0.00,660.17,3.980000,0.380000,1000.00,cifi0007.DBF
P9FN,10P9FN,F,NS,00,16,66,634.41,963,0.00,675.98,3.980000,0.380000,1000.00,cifi0007.DBF
P9FN,10P9FN,F,NS,00,16,67,651.09,966,0.00,691.42,3.980000,0.380000,1000.00,cifi0007.DBF
P9FN,10P9FN,F,NS,00,16,68,667.55,968,0.00,706.52,3.980000,0.380000,1000.00,cifi0007.DBF
P9FN,10P9FN,F,NS,00,16,69,683.77,970,0.00,721.35,3.980000,0.380000,1000.00,cifi0007.DBF
P9FN,10P9FN,F,NS,00,16,70,699.68,973,0.00,735.87,3.980000,0.380000,1000.00,cifi0007.DBF
P9FN,10P9FN,F,NS,00,16,71,715.68,975,0.00,750.23,3.980000,0.380000,1000.00,cifi0007.DBF
P9FN,10P9FN,F,NS,00,16,72,731.05,976,0.00,764.29,3.980000,0.380000,1000.00,cifi0007.DBF
P9FN,10P9FN,F,NS,00,16,73,745.90,978,0.00,777.80,3.980000,0.380000,1000.00,cifi0007.DBF
P9FN,10P9FN,F,NS,00,16,74,760.29,980,0.00,790.83,3.980000,0.380000,1000.00,cifi0007.DBF
P9FN,10P9FN,F,NS,00,16,75,774.72,981,0.00,803.62,3.980000,0.380000,1000.00,cifi0007.DBF
P9FN,10P9FN,F,NS,00,16,76,790.72,983,0.00,817.06,3.980000,0.380000,1000.00,cifi0007.DBF
P9FN,10P9FN,F,NS,00,16,77,807.73,985,0.00,831.55,3.980000,0.380000,1000.00,cifi0007.DBF
P9FN,10P9FN,F,NS,00,16,78,825.38,987,0.00,846.67,3.980000,0.380000,1000.00,cifi0007.DBF
P9FN,10P9FN,F,NS,00,16,79,843.73,988,0.00,862.30,3.980000,0.380000,1000.00,cifi0007.DBF
P9FN,10P9FN,F,NS,00,16,80,863.10,990,0.00,878.58,3.980000,0.380000,1000.00,cifi0007.DBF
P9FN,10P9FN,F,NS,00,16,81,885.15,992,0.00,896.34,3.980000,0.380000,1000.00,cifi0007.DBF
P9FN,10P9FN,F,NS,00,16,82,912.10,994,0.00,917.18,3.980000,0.380000,1000.00,cifi0007.DBF
P9FN,10P9FN,F,NS,00,16,83,948.96,997,0.00,944.07,3.980000,0.380000,1000.00,cifi0007.DBF
P9FN,10P9FN,F,NS,00,17,1,0.00,0,0.00,0.20,0.000000,0.390000,1000.00,cifi0007.DBF
P9FN,10P9FN,F,NS,00,17,2,0.00,0,0.00,4.02,4.140000,0.390000,1000.00,cifi0007.DBF
P9FN,10P9FN,F,NS,00,17,3,0.00,0,0.00,7.97,4.140000,0.390000,1000.00,cifi0007.DBF
P9FN,10P9FN,F,NS,00,17,4,0.00,0,0.00,12.07,4.140000,0.390000,1000.00,cifi0007.DBF
P9FN,10P9FN,F,NS,00,17,5,0.86,13,0.00,16.32,4.140000,0.390000,1000.00,cifi0007.DBF
P9FN,10P9FN,F,NS,00,17,6,4.16,57,0.00,20.74,4.140000,0.390000,1000.00,cifi0007.DBF
P9FN,10P9FN,F,NS,00,17,7,7.63,100,0.00,25.32,4.140000,0.390000,1000.00,cifi0007.DBF
P9FN,10P9FN,F,NS,00,17,8,11.25,141,0.00,30.09,4.140000,0.390000,1000.00,cifi0007.DBF
P9FN,10P9FN,F,NS,00,17,9,15.05,181,0.00,35.03,4.140000,0.390000,1000.00,cifi0007.DBF
P9FN,10P9FN,F,NS,00,17,10,19.02,219,0.00,40.16,4.140000,0.390000,1000.00,cifi0007.DBF
P9FN,10P9FN,F,NS,00,17,11,23.15,255,0.00,45.47,4.140000,0.390000,1000.00,cifi0007.DBF
P9FN,10P9FN,F,NS,00,17,12,27.48,290,0.00,50.96,4.140000,0.390000,1000.00,cifi0007.DBF
P9FN,10P9FN,F,NS,00,17,13,31.98,323,0.00,56.66,4.140000,0.390000,1000.00,cifi0007.DBF
P9FN,10P9FN,F,NS,00,17,14,36.70,355,0.00,62.55,4.140000,0.390000,1000.00,cifi0007.DBF
P9FN,10P9FN,F,NS,00,17,15,41.62,385,0.00,68.67,4.140000,0.390000,1000.00,cifi0007.DBF
P9FN,10P9FN,F,NS,00,17,16,46.74,414,0.00,74.99,4.140000,0.390000,1000.00,cifi0007.DBF
P9FN,10P9FN,F,NS,00,17,17,52.09,442,0.00,81.53,4.140000,0.390000,1000.00,cifi0007.DBF
P9FN,10P9FN,F,NS,00,17,18,57.66,469,0.00,88.29,4.140000,0.390000,1000.00,cifi0007.DBF
P9FN,10P9FN,F,NS,00,17,19,63.44,494,0.00,95.28,4.140000,0.390000,1000.00,cifi0007.DBF
P9FN,10P9FN,F,NS,00,17,20,69.46,518,0.00,102.48,4.140000,0.390000,1000.00,cifi0007.DBF
P9FN,10P9FN,F,NS,00,17,21,75.72,542,0.00,109.92,4.140000,0.390000,1000.00,cifi0007.DBF
P9FN,10P9FN,F,NS,00,17,22,82.26,564,0.00,117.62,4.140000,0.390000,1000.00,cifi0007.DBF
P9FN,10P9FN,F,NS,00,17,23,89.07,585,0.00,125.58,4.140000,0.390000,1000.00,cifi0007.DBF
P9FN,10P9FN,F,NS,00,17,24,96.18,605,0.00,133.82,4.140000,0.390000,1000.00,cifi0007.DBF
P9FN,10P9FN,F,NS,00,17,25,103.58,625,0.00,142.33,4.140000,0.390000,1000.00,cifi0007.DBF
P9FN,10P9FN,F,NS,00,17,26,111.29,644,0.00,151.14,4.140000,0.390000,1000.00,cifi0007.DBF
P9FN,10P9FN,F,NS,00,17,27,119.31,661,0.00,160.23,4.140000,0.390000,1000.00,cifi0007.DBF
P9FN,10P9FN,F,NS,00,17,28,127.65,679,0.00,169.60,4.140000,0.390000,1000.00,cifi0007.DBF
P9FN,10P9FN,F,NS,00,17,29,136.28,695,0.00,179.26,4.140000,0.390000,1000.00,cifi0007.DBF
P9FN,10P9FN,F,NS,00,17,30,145.23,710,0.00,189.20,4.140000,0.390000,1000.00,cifi0007.DBF
P9FN,10P9FN,F,NS,00,17,31,154.48,725,0.00,199.42,4.140000,0.390000,1000.00,cifi0007.DBF
P9FN,10P9FN,F,NS,00,17,32,164.02,739,0.00,209.89,4.140000,0.390000,1000.00,cifi0007.DBF
P9FN,10P9FN,F,NS,00,17,33,173.87,752,0.00,220.63,4.140000,0.390000,1000.00,cifi0007.DBF
P9FN,10P9FN,F,NS,00,17,34,184.00,765,0.00,231.62,4.140000,0.390000,1000.00,cifi0007.DBF
P9FN,10P9FN,F,NS,00,17,35,194.42,777,0.00,242.86,4.140000,0.390000,1000.00,cifi0007.DBF
P9FN,10P9FN,F,NS,00,17,36,205.12,788,0.00,254.34,4.140000,0.390000,1000.00,cifi0007.DBF
P9FN,10P9FN,F,NS,00,17,37,216.09,799,0.00,266.04,4.140000,0.390000,1000.00,cifi0007.DBF
P9FN,10P9FN,F,NS,00,17,38,227.34,809,0.00,277.98,4.140000,0.390000,1000.00,cifi0007.DBF
P9FN,10P9FN,F,NS,00,17,39,238.88,819,0.00,290.14,4.140000,0.390000,1000.00,cifi0007.DBF
P9FN,10P9FN,F,NS,00,17,40,250.68,829,0.00,302.53,4.140000,0.390000,1000.00,cifi0007.DBF
P9FN,10P9FN,F,NS,00,17,41,262.74,837,0.00,315.12,4.140000,0.390000,1000.00,cifi0007.DBF
P9FN,10P9FN,F,NS,00,17,42,275.08,846,0.00,327.92,4.140000,0.390000,1000.00,cifi0007.DBF
P9FN,10P9FN,F,NS,00,17,43,287.71,854,0.00,340.93,4.140000,0.390000,1000.00,cifi0007.DBF
P9FN,10P9FN,F,NS,00,17,44,300.65,861,0.00,354.19,4.140000,0.390000,1000.00,cifi0007.DBF
P9FN,10P9FN,F,NS,00,17,45,313.91,869,0.00,367.69,4.140000,0.390000,1000.00,cifi0007.DBF
P9FN,10P9FN,F,NS,00,17,46,327.47,876,0.00,381.43,4.140000,0.390000,1000.00,cifi0007.DBF
P9FN,10P9FN,F,NS,00,17,47,341.37,882,0.00,395.41,4.140000,0.390000,1000.00,cifi0007.DBF
P9FN,10P9FN,F,NS,00,17,48,355.60,889,0.00,409.63,4.140000,0.390000,1000.00,cifi0007.DBF
P9FN,10P9FN,F,NS,00,17,49,370.15,895,0.00,424.11,4.140000,0.390000,1000.00,cifi0007.DBF
P9FN,10P9FN,F,NS,00,17,50,385.02,901,0.00,438.81,4.140000,0.390000,1000.00,cifi0007.DBF
P9FN,10P9FN,F,NS,00,17,51,400.19,906,0.00,453.73,4.140000,0.390000,1000.00,cifi0007.DBF
P9FN,10P9FN,F,NS,00,17,52,415.66,912,0.00,468.86,4.140000,0.390000,1000.00,cifi0007.DBF
P9FN,10P9FN,F,NS,00,17,53,431.40,917,0.00,484.18,4.140000,0.390000,1000.00,cifi0007.DBF
P9FN,10P9FN,F,NS,00,17,54,447.41,921,0.00,499.68,4.140000,0.390000,1000.00,cifi0007.DBF
P9FN,10P9FN,F,NS,00,17,55,463.63,926,0.00,515.32,4.140000,0.390000,1000.00,cifi0007.DBF
P9FN,10P9FN,F,NS,00,17,56,480.04,931,0.00,531.07,4.140000,0.390000,1000.00,cifi0007.DBF
P9FN,10P9FN,F,NS,00,17,57,496.63,935,0.00,546.90,4.140000,0.390000,1000.00,cifi0007.DBF
P9FN,10P9FN,F,NS,00,17,58,513.38,939,0.00,562.81,4.140000,0.390000,1000.00,cifi0007.DBF
P9FN,10P9FN,F,NS,00,17,59,530.26,943,0.00,578.78,4.140000,0.390000,1000.00,cifi0007.DBF
P9FN,10P9FN,F,NS,00,17,60,547.28,946,0.00,594.79,4.140000,0.390000,1000.00,cifi0007.DBF
P9FN,10P9FN,F,NS,00,17,61,564.40,950,0.00,610.82,4.140000,0.390000,1000.00,cifi0007.DBF
P9FN,10P9FN,F,NS,00,17,62,581.62,953,0.00,626.87,4.140000,0.390000,1000.00,cifi0007.DBF
P9FN,10P9FN,F,NS,00,17,63,598.94,956,0.00,642.91,4.140000,0.390000,1000.00,cifi0007.DBF
P9FN,10P9FN,F,NS,00,17,64,616.34,959,0.00,658.96,4.140000,0.390000,1000.00,cifi0007.DBF
P9FN,10P9FN,F,NS,00,17,65,633.44,962,0.00,674.84,4.140000,0.390000,1000.00,cifi0007.DBF
P9FN,10P9FN,F,NS,00,17,66,650.17,964,0.00,690.34,4.140000,0.390000,1000.00,cifi0007.DBF
P9FN,10P9FN,F,NS,00,17,67,666.67,967,0.00,705.50,4.140000,0.390000,1000.00,cifi0007.DBF
P9FN,10P9FN,F,NS,00,17,68,682.93,969,0.00,720.38,4.140000,0.390000,1000.00,cifi0007.DBF
P9FN,10P9FN,F,NS,00,17,69,698.88,971,0.00,734.95,4.140000,0.390000,1000.00,cifi0007.DBF
P9FN,10P9FN,F,NS,00,17,70,714.93,974,0.00,749.37,4.140000,0.390000,1000.00,cifi0007.DBF
P9FN,10P9FN,F,NS,00,17,71,730.34,975,0.00,763.48,4.140000,0.390000,1000.00,cifi0007.DBF
P9FN,10P9FN,F,NS,00,17,72,745.23,977,0.00,777.04,4.140000,0.390000,1000.00,cifi0007.DBF
P9FN,10P9FN,F,NS,00,17,73,759.66,979,0.00,790.11,4.140000,0.390000,1000.00,cifi0007.DBF
P9FN,10P9FN,F,NS,00,17,74,774.12,981,0.00,802.96,4.140000,0.390000,1000.00,cifi0007.DBF
P9FN,10P9FN,F,NS,00,17,75,790.17,982,0.00,816.45,4.140000,0.390000,1000.00,cifi0007.DBF
P9FN,10P9FN,F,NS,00,17,76,807.22,984,0.00,830.99,4.140000,0.390000,1000.00,cifi0007.DBF
P9FN,10P9FN,F,NS,00,17,77,824.92,986,0.00,846.17,4.140000,0.390000,1000.00,cifi0007.DBF
P9FN,10P9FN,F,NS,00,17,78,843.32,988,0.00,861.85,4.140000,0.390000,1000.00,cifi0007.DBF
P9FN,10P9FN,F,NS,00,17,79,862.74,990,0.00,878.19,4.140000,0.390000,1000.00,cifi0007.DBF
P9FN,10P9FN,F,NS,00,17,80,884.85,992,0.00,896.02,4.140000,0.390000,1000.00,cifi0007.DBF
P9FN,10P9FN,F,NS,00,17,81,911.87,994,0.00,916.94,4.140000,0.390000,1000.00,cifi0007.DBF
P9FN,10P9FN,F,NS,00,17,82,948.83,997,0.00,943.94,4.140000,0.390000,1000.00,cifi0007.DBF
P9FN,10P9FN,F,NS,00,18,1,0.00,0,0.00,0.20,0.000000,0.400000,1000.00,cifi0007.DBF
P9FN,10P9FN,F,NS,00,18,2,0.00,0,0.00,4.17,4.310000,0.400000,1000.00,cifi0007.DBF
P9FN,10P9FN,F,NS,00,18,3,0.00,0,0.00,8.28,4.310000,0.400000,1000.00,cifi0007.DBF
P9FN,10P9FN,F,NS,00,18,4,0.00,0,0.00,12.56,4.310000,0.400000,1000.00,cifi0007.DBF
P9FN,10P9FN,F,NS,00,18,5,1.40,20,0.00,16.99,4.310000,0.400000,1000.00,cifi0007.DBF
P9FN,10P9FN,F,NS,00,18,6,4.88,64,0.00,21.59,4.310000,0.400000,1000.00,cifi0007.DBF
P9FN,10P9FN,F,NS,00,18,7,8.51,107,0.00,26.37,4.310000,0.400000,1000.00,cifi0007.DBF
P9FN,10P9FN,F,NS,00,18,8,12.32,148,0.00,31.34,4.310000,0.400000,1000.00,cifi0007.DBF
P9FN,10P9FN,F,NS,00,18,9,16.30,187,0.00,36.49,4.310000,0.400000,1000.00,cifi0007.DBF
P9FN,10P9FN,F,NS,00,18,10,20.44,225,0.00,41.81,4.310000,0.400000,1000.00,cifi0007.DBF
P9FN,10P9FN,F,NS,00,18,11,24.78,261,0.00,47.33,4.310000,0.400000,1000.00,cifi0007.DBF
P9FN,10P9FN,F,NS,00,18,12,29.30,296,0.00,53.05,4.310000,0.400000,1000.00,cifi0007.DBF
P9FN,10P9FN,F,NS,00,18,13,34.03,329,0.00,58.97,4.310000,0.400000,1000.00,cifi0007.DBF
P9FN,10P9FN,F,NS,00,18,14,38.96,361,0.00,65.10,4.310000,0.400000,1000.00,cifi0007.DBF
P9FN,10P9FN,F,NS,00,18,15,44.10,391,0.00,71.45,4.310000,0.400000,1000.00,cifi0007.DBF
P9FN,10P9FN,F,NS,00,18,16,49.46,420,0.00,78.02,4.310000,0.400000,1000.00,cifi0007.DBF
P9FN,10P9FN,F,NS,00,18,17,55.05,448,0.00,84.81,4.310000,0.400000,1000.00,cifi0007.DBF
P9FN,10P9FN,F,NS,00,18,18,60.85,474,0.00,91.82,4.310000,0.400000,1000.00,cifi0007.DBF
P9FN,10P9FN,F,NS,00,18,19,66.88,499,0.00,99.05,4.310000,0.400000,1000.00,cifi0007.DBF
P9FN,10P9FN,F,NS,00,18,20,73.15,523,0.00,106.52,4.310000,0.400000,1000.00,cifi0007.DBF
P9FN,10P9FN,F,NS,00,18,21,79.71,546,0.00,114.25,4.310000,0.400000,1000.00,cifi0007.DBF
P9FN,10P9FN,F,NS,00,18,22,86.55,569,0.00,122.24,4.310000,0.400000,1000.00,cifi0007.DBF
P9FN,10P9FN,F,NS,00,18,23,93.67,590,0.00,130.51,4.310000,0.400000,1000.00,cifi0007.DBF
P9FN,10P9FN,F,NS,00,18,24,101.10,610,0.00,139.06,4.310000,0.400000,1000.00,cifi0007.DBF
P9FN,10P9FN,F,NS,00,18,25,108.83,629,0.00,147.90,4.310000,0.400000,1000.00,cifi0007.DBF
P9FN,10P9FN,F,NS,00,18,26,116.87,648,0.00,157.02,4.310000,0.400000,1000.00,cifi0007.DBF
P9FN,10P9FN,F,NS,00,18,27,125.23,666,0.00,166.44,4.310000,0.400000,1000.00,cifi0007.DBF
P9FN,10P9FN,F,NS,00,18,28,133.89,683,0.00,176.14,4.310000,0.400000,1000.00,cifi0007.DBF
P9FN,10P9FN,F,NS,00,18,29,142.86,699,0.00,186.11,4.310000,0.400000,1000.00,cifi0007.DBF
P9FN,10P9FN,F,NS,00,18,30,152.13,714,0.00,196.37,4.310000,0.400000,1000.00,cifi0007.DBF
P9FN,10P9FN,F,NS,00,18,31,161.70,729,0.00,206.88,4.310000,0.400000,1000.00,cifi0007.DBF
P9FN,10P9FN,F,NS,00,18,32,171.57,742,0.00,217.66,4.310000,0.400000,1000.00,cifi0007.DBF
P9FN,10P9FN,F,NS,00,18,33,181.74,756,0.00,228.70,4.310000,0.400000,1000.00,cifi0007.DBF
P9FN,10P9FN,F,NS,00,18,34,192.19,768,0.00,239.98,4.310000,0.400000,1000.00,cifi0007.DBF
P9FN,10P9FN,F,NS,00,18,35,202.91,780,0.00,251.50,4.310000,0.400000,1000.00,cifi0007.DBF
P9FN,10P9FN,F,NS,00,18,36,213.91,791,0.00,263.25,4.310000,0.400000,1000.00,cifi0007.DBF
P9FN,10P9FN,F,NS,00,18,37,225.20,802,0.00,275.23,4.310000,0.400000,1000.00,cifi0007.DBF
P9FN,10P9FN,F,NS,00,18,38,236.77,812,0.00,287.45,4.310000,0.400000,1000.00,cifi0007.DBF
P9FN,10P9FN,F,NS,00,18,39,248.60,822,0.00,299.88,4.310000,0.400000,1000.00,cifi0007.DBF
P9FN,10P9FN,F,NS,00,18,40,260.70,831,0.00,312.52,4.310000,0.400000,1000.00,cifi0007.DBF
P9FN,10P9FN,F,NS,00,18,41,273.07,840,0.00,325.37,4.310000,0.400000,1000.00,cifi0007.DBF
P9FN,10P9FN,F,NS,00,18,42,285.73,848,0.00,338.44,4.310000,0.400000,1000.00,cifi0007.DBF
P9FN,10P9FN,F,NS,00,18,43,298.71,856,0.00,351.75,4.310000,0.400000,1000.00,cifi0007.DBF
P9FN,10P9FN,F,NS,00,18,44,312.00,863,0.00,365.30,4.310000,0.400000,1000.00,cifi0007.DBF
P9FN,10P9FN,F,NS,00,18,45,325.61,871,0.00,379.09,4.310000,0.400000,1000.00,cifi0007.DBF
P9FN,10P9FN,F,NS,00,18,46,339.54,878,0.00,393.12,4.310000,0.400000,1000.00,cifi0007.DBF
P9FN,10P9FN,F,NS,00,18,47,353.81,884,0.00,407.40,4.310000,0.400000,1000.00,cifi0007.DBF
P9FN,10P9FN,F,NS,00,18,48,368.40,891,0.00,421.93,4.310000,0.400000,1000.00,cifi0007.DBF
P9FN,10P9FN,F,NS,00,18,49,383.31,897,0.00,436.69,4.310000,0.400000,1000.00,cifi0007.DBF
P9FN,10P9FN,F,NS,00,18,50,398.53,902,0.00,451.68,4.310000,0.400000,1000.00,cifi0007.DBF
P9FN,10P9FN,F,NS,00,18,51,414.04,908,0.00,466.86,4.310000,0.400000,1000.00,cifi0007.DBF
P9FN,10P9FN,F,NS,00,18,52,429.82,913,0.00,482.24,4.310000,0.400000,1000.00,cifi0007.DBF
P9FN,10P9FN,F,NS,00,18,53,445.88,918,0.00,497.80,4.310000,0.400000,1000.00,cifi0007.DBF
P9FN,10P9FN,F,NS,00,18,54,462.14,923,0.00,513.50,4.310000,0.400000,1000.00,cifi0007.DBF
P9FN,10P9FN,F,NS,00,18,55,478.60,928,0.00,529.31,4.310000,0.400000,1000.00,cifi0007.DBF
P9FN,10P9FN,F,NS,00,18,56,495.23,932,0.00,545.21,4.310000,0.400000,1000.00,cifi0007.DBF
P9FN,10P9FN,F,NS,00,18,57,512.03,936,0.00,561.18,4.310000,0.400000,1000.00,cifi0007.DBF
P9FN,10P9FN,F,NS,00,18,58,528.96,940,0.00,577.21,4.310000,0.400000,1000.00,cifi0007.DBF
P9FN,10P9FN,F,NS,00,18,59,546.02,944,0.00,593.28,4.310000,0.400000,1000.00,cifi0007.DBF
P9FN,10P9FN,F,NS,00,18,60,563.19,948,0.00,609.38,4.310000,0.400000,1000.00,cifi0007.DBF
P9FN,10P9FN,F,NS,00,18,61,580.46,951,0.00,625.48,4.310000,0.400000,1000.00,cifi0007.DBF
P9FN,10P9FN,F,NS,00,18,62,597.82,954,0.00,641.60,4.310000,0.400000,1000.00,cifi0007.DBF
P9FN,10P9FN,F,NS,00,18,63,615.27,957,0.00,657.71,4.310000,0.400000,1000.00,cifi0007.DBF
P9FN,10P9FN,F,NS,00,18,64,632.43,960,0.00,673.64,4.310000,0.400000,1000.00,cifi0007.DBF
P9FN,10P9FN,F,NS,00,18,65,649.20,963,0.00,689.20,4.310000,0.400000,1000.00,cifi0007.DBF
P9FN,10P9FN,F,NS,00,18,66,665.75,966,0.00,704.42,4.310000,0.400000,1000.00,cifi0007.DBF
P9FN,10P9FN,F,NS,00,18,67,682.05,968,0.00,719.37,4.310000,0.400000,1000.00,cifi0007.DBF
P9FN,10P9FN,F,NS,00,18,68,698.04,970,0.00,734.00,4.310000,0.400000,1000.00,cifi0007.DBF
P9FN,10P9FN,F,NS,00,18,69,714.13,972,0.00,748.46,4.310000,0.400000,1000.00,cifi0007.DBF
P9FN,10P9FN,F,NS,00,18,70,729.59,974,0.00,762.63,4.310000,0.400000,1000.00,cifi0007.DBF
P9FN,10P9FN,F,NS,00,18,71,744.52,976,0.00,776.24,4.310000,0.400000,1000.00,cifi0007.DBF
P9FN,10P9FN,F,NS,00,18,72,758.99,978,0.00,789.37,4.310000,0.400000,1000.00,cifi0007.DBF
P9FN,10P9FN,F,NS,00,18,73,773.49,980,0.00,802.27,4.310000,0.400000,1000.00,cifi0007.DBF
P9FN,10P9FN,F,NS,00,18,74,789.59,982,0.00,815.81,4.310000,0.400000,1000.00,cifi0007.DBF
P9FN,10P9FN,F,NS,00,18,75,806.69,984,0.00,830.41,4.310000,0.400000,1000.00,cifi0007.DBF
P9FN,10P9FN,F,NS,00,18,76,824.43,985,0.00,845.65,4.310000,0.400000,1000.00,cifi0007.DBF
P9FN,10P9FN,F,NS,00,18,77,842.88,987,0.00,861.39,4.310000,0.400000,1000.00,cifi0007.DBF
P9FN,10P9FN,F,NS,00,18,78,862.36,989,0.00,877.79,4.310000,0.400000,1000.00,cifi0007.DBF
P9FN,10P9FN,F,NS,00,18,79,884.53,991,0.00,895.69,4.310000,0.400000,1000.00,cifi0007.DBF
P9FN,10P9FN,F,NS,00,18,80,911.62,994,0.00,916.69,4.310000,0.400000,1000.00,cifi0007.DBF
P9FN,10P9FN,F,NS,00,18,81,948.68,997,0.00,943.79,4.310000,0.400000,1000.00,cifi0007.DBF
P9FN,10P9FN,F,NS,00,19,1,0.00,0,0.00,0.22,0.000000,0.430000,1000.00,cifi0007.DBF
P9FN,10P9FN,F,NS,00,19,2,0.00,0,0.00,4.35,4.480000,0.430000,1000.00,cifi0007.DBF
P9FN,10P9FN,F,NS,00,19,3,0.00,0,0.00,8.64,4.480000,0.430000,1000.00,cifi0007.DBF
P9FN,10P9FN,F,NS,00,19,4,0.00,0,0.00,13.09,4.480000,0.430000,1000.00,cifi0007.DBF
P9FN,10P9FN,F,NS,00,19,5,1.98,26,0.00,17.71,4.480000,0.430000,1000.00,cifi0007.DBF
P9FN,10P9FN,F,NS,00,19,6,5.62,71,0.00,22.51,4.480000,0.430000,1000.00,cifi0007.DBF
P9FN,10P9FN,F,NS,00,19,7,9.44,114,0.00,27.49,4.480000,0.430000,1000.00,cifi0007.DBF
P9FN,10P9FN,F,NS,00,19,8,13.43,155,0.00,32.66,4.480000,0.430000,1000.00,cifi0007.DBF
P9FN,10P9FN,F,NS,00,19,9,17.59,194,0.00,38.01,4.480000,0.430000,1000.00,cifi0007.DBF
P9FN,10P9FN,F,NS,00,19,10,21.94,231,0.00,43.55,4.480000,0.430000,1000.00,cifi0007.DBF
P9FN,10P9FN,F,NS,00,19,11,26.47,267,0.00,49.29,4.480000,0.430000,1000.00,cifi0007.DBF
P9FN,10P9FN,F,NS,00,19,12,31.21,302,0.00,55.24,4.480000,0.430000,1000.00,cifi0007.DBF
P9FN,10P9FN,F,NS,00,19,13,36.16,335,0.00,61.40,4.480000,0.430000,1000.00,cifi0007.DBF
P9FN,10P9FN,F,NS,00,19,14,41.31,366,0.00,67.77,4.480000,0.430000,1000.00,cifi0007.DBF
P9FN,10P9FN,F,NS,00,19,15,46.70,396,0.00,74.36,4.480000,0.430000,1000.00,cifi0007.DBF
P9FN,10P9FN,F,NS,00,19,16,52.29,425,0.00,81.18,4.480000,0.430000,1000.00,cifi0007.DBF
P9FN,10P9FN,F,NS,00,19,17,58.11,453,0.00,88.22,4.480000,0.430000,1000.00,cifi0007.DBF
P9FN,10P9FN,F,NS,00,19,18,64.16,479,0.00,95.48,4.480000,0.430000,1000.00,cifi0007.DBF
P9FN,10P9FN,F,NS,00,19,19,70.45,504,0.00,102.98,4.480000,0.430000,1000.00,cifi0007.DBF
P9FN,10P9FN,F,NS,00,19,20,77.03,528,0.00,110.74,4.480000,0.430000,1000.00,cifi0007.DBF
P9FN,10P9FN,F,NS,00,19,21,83.89,551,0.00,118.77,4.480000,0.430000,1000.00,cifi0007.DBF
P9FN,10P9FN,F,NS,00,19,22,91.03,573,0.00,127.07,4.480000,0.430000,1000.00,cifi0007.DBF
P9FN,10P9FN,F,NS,00,19,23,98.48,594,0.00,135.65,4.480000,0.430000,1000.00,cifi0007.DBF
P9FN,10P9FN,F,NS,00,19,24,106.23,614,0.00,144.53,4.480000,0.430000,1000.00,cifi0007.DBF
P9FN,10P9FN,F,NS,00,19,25,114.30,634,0.00,153.69,4.480000,0.430000,1000.00,cifi0007.DBF
P9FN,10P9FN,F,NS,00,19,26,122.68,652,0.00,163.14,4.480000,0.430000,1000.00,cifi0007.DBF
P9FN,10P9FN,F,NS,00,19,27,131.37,670,0.00,172.88,4.480000,0.430000,1000.00,cifi0007.DBF
P9FN,10P9FN,F,NS,00,19,28,140.37,686,0.00,182.90,4.480000,0.430000,1000.00,cifi0007.DBF
P9FN,10P9FN,F,NS,00,19,29,149.66,702,0.00,193.19,4.480000,0.430000,1000.00,cifi0007.DBF
P9FN,10P9FN,F,NS,00,19,30,159.26,718,0.00,203.75,4.480000,0.430000,1000.00,cifi0007.DBF
P9FN,10P9FN,F,NS,00,19,31,169.16,732,0.00,214.57,4.480000,0.430000,1000.00,cifi0007.DBF
P9FN,10P9FN,F,NS,00,19,32,179.35,746,0.00,225.65,4.480000,0.430000,1000.00,cifi0007.DBF
P9FN,10P9FN,F,NS,00,19,33,189.83,759,0.00,236.98,4.480000,0.430000,1000.00,cifi0007.DBF
P9FN,10P9FN,F,NS,00,19,34,200.59,771,0.00,248.55,4.480000,0.430000,1000.00,cifi0007.DBF
P9FN,10P9FN,F,NS,00,19,35,211.62,783,0.00,260.35,4.480000,0.430000,1000.00,cifi0007.DBF
P9FN,10P9FN,F,NS,00,19,36,222.94,794,0.00,272.38,4.480000,0.430000,1000.00,cifi0007.DBF
P9FN,10P9FN,F,NS,00,19,37,234.55,804,0.00,284.64,4.480000,0.430000,1000.00,cifi0007.DBF
P9FN,10P9FN,F,NS,00,19,38,246.41,814,0.00,297.12,4.480000,0.430000,1000.00,cifi0007.DBF
P9FN,10P9FN,F,NS,00,19,39,258.55,824,0.00,309.81,4.480000,0.430000,1000.00,cifi0007.DBF
P9FN,10P9FN,F,NS,00,19,40,270.95,833,0.00,322.71,4.480000,0.430000,1000.00,cifi0007.DBF
P9FN,10P9FN,F,NS,00,19,41,283.65,842,0.00,335.84,4.480000,0.430000,1000.00,cifi0007.DBF
P9FN,10P9FN,F,NS,00,19,42,296.67,850,0.00,349.20,4.480000,0.430000,1000.00,cifi0007.DBF
P9FN,10P9FN,F,NS,00,19,43,310.00,858,0.00,362.81,4.480000,0.430000,1000.00,cifi0007.DBF
P9FN,10P9FN,F,NS,00,19,44,323.64,865,0.00,376.65,4.480000,0.430000,1000.00,cifi0007.DBF
P9FN,10P9FN,F,NS,00,19,45,337.62,873,0.00,390.74,4.480000,0.430000,1000.00,cifi0007.DBF
P9FN,10P9FN,F,NS,00,19,46,351.93,880,0.00,405.08,4.480000,0.430000,1000.00,cifi0007.DBF
P9FN,10P9FN,F,NS,00,19,47,366.56,886,0.00,419.67,4.480000,0.430000,1000.00,cifi0007.DBF
P9FN,10P9FN,F,NS,00,19,48,381.52,892,0.00,434.49,4.480000,0.430000,1000.00,cifi0007.DBF
P9FN,10P9FN,F,NS,00,19,49,396.78,898,0.00,449.53,4.480000,0.430000,1000.00,cifi0007.DBF
P9FN,10P9FN,F,NS,00,19,50,412.33,904,0.00,464.78,4.480000,0.430000,1000.00,cifi0007.DBF
P9FN,10P9FN,F,NS,00,19,51,428.16,910,0.00,480.22,4.480000,0.430000,1000.00,cifi0007.DBF
P9FN,10P9FN,F,NS,00,19,52,444.26,915,0.00,495.84,4.480000,0.430000,1000.00,cifi0007.DBF
P9FN,10P9FN,F,NS,00,19,53,460.58,920,0.00,511.61,4.480000,0.430000,1000.00,cifi0007.DBF
P9FN,10P9FN,F,NS,00,19,54,477.08,925,0.00,527.48,4.480000,0.430000,1000.00,cifi0007.DBF
P9FN,10P9FN,F,NS,00,19,55,493.76,929,0.00,543.44,4.480000,0.430000,1000.00,cifi0007.DBF
P9FN,10P9FN,F,NS,00,19,56,510.60,934,0.00,559.48,4.480000,0.430000,1000.00,cifi0007.DBF
P9FN,10P9FN,F,NS,00,19,57,527.59,938,0.00,575.58,4.480000,0.430000,1000.00,cifi0007.DBF
P9FN,10P9FN,F,NS,00,19,58,544.70,942,0.00,591.71,4.480000,0.430000,1000.00,cifi0007.DBF
P9FN,10P9FN,F,NS,00,19,59,561.92,945,0.00,607.87,4.480000,0.430000,1000.00,cifi0007.DBF
P9FN,10P9FN,F,NS,00,19,60,579.23,949,0.00,624.05,4.480000,0.430000,1000.00,cifi0007.DBF
P9FN,10P9FN,F,NS,00,19,61,596.65,952,0.00,640.22,4.480000,0.430000,1000.00,cifi0007.DBF
P9FN,10P9FN,F,NS,00,19,62,614.15,956,0.00,656.40,4.480000,0.430000,1000.00,cifi0007.DBF
P9FN,10P9FN,F,NS,00,19,63,631.36,959,0.00,672.40,4.480000,0.430000,1000.00,cifi0007.DBF
P9FN,10P9FN,F,NS,00,19,64,648.17,962,0.00,688.02,4.480000,0.430000,1000.00,cifi0007.DBF
P9FN,10P9FN,F,NS,00,19,65,664.77,964,0.00,703.30,4.480000,0.430000,1000.00,cifi0007.DBF
P9FN,10P9FN,F,NS,00,19,66,681.13,967,0.00,718.31,4.480000,0.430000,1000.00,cifi0007.DBF
P9FN,10P9FN,F,NS,00,19,67,697.16,969,0.00,733.00,4.480000,0.430000,1000.00,cifi0007.DBF
P9FN,10P9FN,F,NS,00,19,68,713.30,971,0.00,747.52,4.480000,0.430000,1000.00,cifi0007.DBF
P9FN,10P9FN,F,NS,00,19,69,728.80,973,0.00,761.75,4.480000,0.430000,1000.00,cifi0007.DBF
P9FN,10P9FN,F,NS,00,19,70,743.77,975,0.00,775.41,4.480000,0.430000,1000.00,cifi0007.DBF
P9FN,10P9FN,F,NS,00,19,71,758.29,977,0.00,788.59,4.480000,0.430000,1000.00,cifi0007.DBF
P9FN,10P9FN,F,NS,00,19,72,772.83,979,0.00,801.54,4.480000,0.430000,1000.00,cifi0007.DBF
P9FN,10P9FN,F,NS,00,19,73,788.97,981,0.00,815.14,4.480000,0.430000,1000.00,cifi0007.DBF
P9FN,10P9FN,F,NS,00,19,74,806.12,983,0.00,829.80,4.480000,0.430000,1000.00,cifi0007.DBF
P9FN,10P9FN,F,NS,00,19,75,823.92,985,0.00,845.10,4.480000,0.430000,1000.00,cifi0007.DBF
P9FN,10P9FN,F,NS,00,19,76,842.43,987,0.00,860.91,4.480000,0.430000,1000.00,cifi0007.DBF
P9FN,10P9FN,F,NS,00,19,77,861.96,989,0.00,877.38,4.480000,0.430000,1000.00,cifi0007.DBF
P9FN,10P9FN,F,NS,00,19,78,884.19,991,0.00,895.34,4.480000,0.430000,1000.00,cifi0007.DBF
P9FN,10P9FN,F,NS,00,19,79,911.36,993,0.00,916.43,4.480000,0.430000,1000.00,cifi0007.DBF
P9FN,10P9FN,F,NS,00,19,80,948.53,996,0.00,943.64,4.480000,0.430000,1000.00,cifi0007.DBF
P9FN,10P9FN,F,NS,00,20,1,0.00,0,0.00,0.22,0.000000,0.430000,1000.00,cifi0007.DBF
P9FN,10P9FN,F,NS,00,20,2,0.00,0,0.00,4.53,4.660000,0.430000,1000.00,cifi0007.DBF
P9FN,10P9FN,F,NS,00,20,3,0.00,0,0.00,9.00,4.660000,0.430000,1000.00,cifi0007.DBF
P9FN,10P9FN,F,NS,00,20,4,0.00,0,0.00,13.64,4.660000,0.430000,1000.00,cifi0007.DBF
P9FN,10P9FN,F,NS,00,20,5,2.60,33,0.00,18.46,4.660000,0.430000,1000.00,cifi0007.DBF
P9FN,10P9FN,F,NS,00,20,6,6.44,78,0.00,23.46,4.660000,0.430000,1000.00,cifi0007.DBF
P9FN,10P9FN,F,NS,00,20,7,10.44,120,0.00,28.66,4.660000,0.430000,1000.00,cifi0007.DBF
P9FN,10P9FN,F,NS,00,20,8,14.60,161,0.00,34.03,4.660000,0.430000,1000.00,cifi0007.DBF
P9FN,10P9FN,F,NS,00,20,9,18.97,200,0.00,39.59,4.660000,0.430000,1000.00,cifi0007.DBF
P9FN,10P9FN,F,NS,00,20,10,23.51,237,0.00,45.35,4.660000,0.430000,1000.00,cifi0007.DBF
P9FN,10P9FN,F,NS,00,20,11,28.27,273,0.00,51.32,4.660000,0.430000,1000.00,cifi0007.DBF
P9FN,10P9FN,F,NS,00,20,12,33.23,308,0.00,57.51,4.660000,0.430000,1000.00,cifi0007.DBF
P9FN,10P9FN,F,NS,00,20,13,38.40,340,0.00,63.91,4.660000,0.430000,1000.00,cifi0007.DBF
P9FN,10P9FN,F,NS,00,20,14,43.80,372,0.00,70.53,4.660000,0.430000,1000.00,cifi0007.DBF
P9FN,10P9FN,F,NS,00,20,15,49.42,402,0.00,77.38,4.660000,0.430000,1000.00,cifi0007.DBF
P9FN,10P9FN,F,NS,00,20,16,55.25,430,0.00,84.44,4.660000,0.430000,1000.00,cifi0007.DBF
P9FN,10P9FN,F,NS,00,20,17,61.32,458,0.00,91.74,4.660000,0.430000,1000.00,cifi0007.DBF
P9FN,10P9FN,F,NS,00,20,18,67.63,484,0.00,99.27,4.660000,0.430000,1000.00,cifi0007.DBF
P9FN,10P9FN,F,NS,00,20,19,74.23,509,0.00,107.06,4.660000,0.430000,1000.00,cifi0007.DBF
P9FN,10P9FN,F,NS,00,20,20,81.10,533,0.00,115.12,4.660000,0.430000,1000.00,cifi0007.DBF
P9FN,10P9FN,F,NS,00,20,21,88.27,556,0.00,123.46,4.660000,0.430000,1000.00,cifi0007.DBF
P9FN,10P9FN,F,NS,00,20,22,95.74,578,0.00,132.08,4.660000,0.430000,1000.00,cifi0007.DBF
P9FN,10P9FN,F,NS,00,20,23,103.52,599,0.00,140.99,4.660000,0.430000,1000.00,cifi0007.DBF
P9FN,10P9FN,F,NS,00,20,24,111.61,619,0.00,150.19,4.660000,0.430000,1000.00,cifi0007.DBF
P9FN,10P9FN,F,NS,00,20,25,120.01,638,0.00,159.68,4.660000,0.430000,1000.00,cifi0007.DBF
P9FN,10P9FN,F,NS,00,20,26,128.73,656,0.00,169.46,4.660000,0.430000,1000.00,cifi0007.DBF
P9FN,10P9FN,F,NS,00,20,27,137.76,674,0.00,179.52,4.660000,0.430000,1000.00,cifi0007.DBF
P9FN,10P9FN,F,NS,00,20,28,147.08,690,0.00,189.86,4.660000,0.430000,1000.00,cifi0007.DBF
P9FN,10P9FN,F,NS,00,20,29,156.71,706,0.00,200.46,4.660000,0.430000,1000.00,cifi0007.DBF
P9FN,10P9FN,F,NS,00,20,30,166.64,721,0.00,211.33,4.660000,0.430000,1000.00,cifi0007.DBF
P9FN,10P9FN,F,NS,00,20,31,176.86,735,0.00,222.46,4.660000,0.430000,1000.00,cifi0007.DBF
P9FN,10P9FN,F,NS,00,20,32,187.37,749,0.00,233.84,4.660000,0.430000,1000.00,cifi0007.DBF
P9FN,10P9FN,F,NS,00,20,33,198.16,762,0.00,245.45,4.660000,0.430000,1000.00,cifi0007.DBF
P9FN,10P9FN,F,NS,00,20,34,209.23,774,0.00,257.30,4.660000,0.430000,1000.00,cifi0007.DBF
P9FN,10P9FN,F,NS,00,20,35,220.58,785,0.00,269.38,4.660000,0.430000,1000.00,cifi0007.DBF
P9FN,10P9FN,F,NS,00,20,36,232.22,796,0.00,281.70,4.660000,0.430000,1000.00,cifi0007.DBF
P9FN,10P9FN,F,NS,00,20,37,244.12,807,0.00,294.23,4.660000,0.430000,1000.00,cifi0007.DBF
P9FN,10P9FN,F,NS,00,20,38,256.29,817,0.00,306.97,4.660000,0.430000,1000.00,cifi0007.DBF
P9FN,10P9FN,F,NS,00,20,39,268.74,826,0.00,319.93,4.660000,0.430000,1000.00,cifi0007.DBF
P9FN,10P9FN,F,NS,00,20,40,281.47,835,0.00,333.11,4.660000,0.430000,1000.00,cifi0007.DBF
P9FN,10P9FN,F,NS,00,20,41,294.53,844,0.00,346.53,4.660000,0.430000,1000.00,cifi0007.DBF
P9FN,10P9FN,F,NS,00,20,42,307.90,852,0.00,360.19,4.660000,0.430000,1000.00,cifi0007.DBF
P9FN,10P9FN,F,NS,00,20,43,321.59,860,0.00,374.10,4.660000,0.430000,1000.00,cifi0007.DBF
P9FN,10P9FN,F,NS,00,20,44,335.61,867,0.00,388.25,4.660000,0.430000,1000.00,cifi0007.DBF
P9FN,10P9FN,F,NS,00,20,45,349.96,875,0.00,402.65,4.660000,0.430000,1000.00,cifi0007.DBF
P9FN,10P9FN,F,NS,00,20,46,364.64,881,0.00,417.30,4.660000,0.430000,1000.00,cifi0007.DBF
P9FN,10P9FN,F,NS,00,20,47,379.64,888,0.00,432.18,4.660000,0.430000,1000.00,cifi0007.DBF
P9FN,10P9FN,F,NS,00,20,48,394.95,894,0.00,447.29,4.660000,0.430000,1000.00,cifi0007.DBF
P9FN,10P9FN,F,NS,00,20,49,410.55,900,0.00,462.60,4.660000,0.430000,1000.00,cifi0007.DBF
P9FN,10P9FN,F,NS,00,20,50,426.43,906,0.00,478.11,4.660000,0.430000,1000.00,cifi0007.DBF
P9FN,10P9FN,F,NS,00,20,51,442.57,912,0.00,493.79,4.660000,0.430000,1000.00,cifi0007.DBF
P9FN,10P9FN,F,NS,00,20,52,458.94,917,0.00,509.63,4.660000,0.430000,1000.00,cifi0007.DBF
P9FN,10P9FN,F,NS,00,20,53,475.49,922,0.00,525.56,4.660000,0.430000,1000.00,cifi0007.DBF
P9FN,10P9FN,F,NS,00,20,54,492.22,926,0.00,541.59,4.660000,0.430000,1000.00,cifi0007.DBF
P9FN,10P9FN,F,NS,00,20,55,509.12,931,0.00,557.70,4.660000,0.430000,1000.00,cifi0007.DBF
P9FN,10P9FN,F,NS,00,20,56,526.15,935,0.00,573.86,4.660000,0.430000,1000.00,cifi0007.DBF
P9FN,10P9FN,F,NS,00,20,57,543.32,939,0.00,590.07,4.660000,0.430000,1000.00,cifi0007.DBF
P9FN,10P9FN,F,NS,00,20,58,560.59,943,0.00,606.30,4.660000,0.430000,1000.00,cifi0007.DBF
P9FN,10P9FN,F,NS,00,20,59,577.96,947,0.00,622.54,4.660000,0.430000,1000.00,cifi0007.DBF
P9FN,10P9FN,F,NS,00,20,60,595.43,950,0.00,638.78,4.660000,0.430000,1000.00,cifi0007.DBF
P9FN,10P9FN,F,NS,00,20,61,612.98,954,0.00,655.03,4.660000,0.430000,1000.00,cifi0007.DBF
P9FN,10P9FN,F,NS,00,20,62,630.24,957,0.00,671.10,4.660000,0.430000,1000.00,cifi0007.DBF
P9FN,10P9FN,F,NS,00,20,63,647.11,960,0.00,686.78,4.660000,0.430000,1000.00,cifi0007.DBF
P9FN,10P9FN,F,NS,00,20,64,663.76,963,0.00,702.13,4.660000,0.430000,1000.00,cifi0007.DBF
P9FN,10P9FN,F,NS,00,20,65,680.16,965,0.00,717.20,4.660000,0.430000,1000.00,cifi0007.DBF
P9FN,10P9FN,F,NS,00,20,66,696.25,968,0.00,731.95,4.660000,0.430000,1000.00,cifi0007.DBF
P9FN,10P9FN,F,NS,00,20,67,712.43,970,0.00,746.54,4.660000,0.430000,1000.00,cifi0007.DBF
P9FN,10P9FN,F,NS,00,20,68,727.98,972,0.00,760.82,4.660000,0.430000,1000.00,cifi0007.DBF
P9FN,10P9FN,F,NS,00,20,69,743.00,974,0.00,774.54,4.660000,0.430000,1000.00,cifi0007.DBF
P9FN,10P9FN,F,NS,00,20,70,757.55,976,0.00,787.78,4.660000,0.430000,1000.00,cifi0007.DBF
P9FN,10P9FN,F,NS,00,20,71,772.14,978,0.00,800.78,4.660000,0.430000,1000.00,cifi0007.DBF
P9FN,10P9FN,F,NS,00,20,72,788.33,980,0.00,814.44,4.660000,0.430000,1000.00,cifi0007.DBF
P9FN,10P9FN,F,NS,00,20,73,805.54,982,0.00,829.16,4.660000,0.430000,1000.00,cifi0007.DBF
P9FN,10P9FN,F,NS,00,20,74,823.39,984,0.00,844.53,4.660000,0.430000,1000.00,cifi0007.DBF
P9FN,10P9FN,F,NS,00,20,75,841.95,986,0.00,860.40,4.660000,0.430000,1000.00,cifi0007.DBF
P9FN,10P9FN,F,NS,00,20,76,861.54,988,0.00,876.94,4.660000,0.430000,1000.00,cifi0007.DBF
P9FN,10P9FN,F,NS,00,20,77,883.84,990,0.00,894.98,4.660000,0.430000,1000.00,cifi0007.DBF
P9FN,10P9FN,F,NS,00,20,78,911.10,993,0.00,916.16,4.660000,0.430000,1000.00,cifi0007.DBF
P9FN,10P9FN,F,NS,00,20,79,948.38,996,0.00,943.49,4.660000,0.430000,1000.00,cifi0007.DBF
P9FN,10P9FN,F,NS,00,21,1,0.00,0,0.00,0.22,0.000000,0.440000,1000.00,cifi0007.DBF
P9FN,10P9FN,F,NS,00,21,2,0.00,0,0.00,4.71,4.850000,0.440000,1000.00,cifi0007.DBF
P9FN,10P9FN,F,NS,00,21,3,0.00,0,0.00,9.37,4.850000,0.440000,1000.00,cifi0007.DBF
P9FN,10P9FN,F,NS,00,21,4,0.00,0,0.00,14.21,4.850000,0.440000,1000.00,cifi0007.DBF
P9FN,10P9FN,F,NS,00,21,5,3.26,40,0.00,19.24,4.850000,0.440000,1000.00,cifi0007.DBF
P9FN,10P9FN,F,NS,00,21,6,7.27,84,0.00,24.46,4.850000,0.440000,1000.00,cifi0007.DBF
P9FN,10P9FN,F,NS,00,21,7,11.45,126,0.00,29.85,4.850000,0.440000,1000.00,cifi0007.DBF
P9FN,10P9FN,F,NS,00,21,8,15.83,167,0.00,35.44,4.850000,0.440000,1000.00,cifi0007.DBF
P9FN,10P9FN,F,NS,00,21,9,20.39,206,0.00,41.23,4.850000,0.440000,1000.00,cifi0007.DBF
P9FN,10P9FN,F,NS,00,21,10,25.16,243,0.00,47.22,4.850000,0.440000,1000.00,cifi0007.DBF
P9FN,10P9FN,F,NS,00,21,11,30.14,279,0.00,53.44,4.850000,0.440000,1000.00,cifi0007.DBF
P9FN,10P9FN,F,NS,00,21,12,35.33,313,0.00,59.86,4.850000,0.440000,1000.00,cifi0007.DBF
P9FN,10P9FN,F,NS,00,21,13,40.74,346,0.00,66.52,4.850000,0.440000,1000.00,cifi0007.DBF
P9FN,10P9FN,F,NS,00,21,14,46.37,377,0.00,73.39,4.850000,0.440000,1000.00,cifi0007.DBF
P9FN,10P9FN,F,NS,00,21,15,52.23,407,0.00,80.49,4.850000,0.440000,1000.00,cifi0007.DBF
P9FN,10P9FN,F,NS,00,21,16,58.32,435,0.00,87.82,4.850000,0.440000,1000.00,cifi0007.DBF
P9FN,10P9FN,F,NS,00,21,17,64.65,462,0.00,95.38,4.850000,0.440000,1000.00,cifi0007.DBF
P9FN,10P9FN,F,NS,00,21,18,71.27,489,0.00,103.21,4.850000,0.440000,1000.00,cifi0007.DBF
P9FN,10P9FN,F,NS,00,21,19,78.16,513,0.00,111.30,4.850000,0.440000,1000.00,cifi0007.DBF
P9FN,10P9FN,F,NS,00,21,20,85.35,537,0.00,119.68,4.850000,0.440000,1000.00,cifi0007.DBF
P9FN,10P9FN,F,NS,00,21,21,92.84,560,0.00,128.34,4.850000,0.440000,1000.00,cifi0007.DBF
P9FN,10P9FN,F,NS,00,21,22,100.65,582,0.00,137.29,4.850000,0.440000,1000.00,cifi0007.DBF
P9FN,10P9FN,F,NS,00,21,23,108.77,603,0.00,146.53,4.850000,0.440000,1000.00,cifi0007.DBF
P9FN,10P9FN,F,NS,00,21,24,117.20,623,0.00,156.06,4.850000,0.440000,1000.00,cifi0007.DBF
P9FN,10P9FN,F,NS,00,21,25,125.94,642,0.00,165.88,4.850000,0.440000,1000.00,cifi0007.DBF
P9FN,10P9FN,F,NS,00,21,26,135.00,660,0.00,175.99,4.850000,0.440000,1000.00,cifi0007.DBF
P9FN,10P9FN,F,NS,00,21,27,144.35,677,0.00,186.37,4.850000,0.440000,1000.00,cifi0007.DBF
P9FN,10P9FN,F,NS,00,21,28,154.01,694,0.00,197.02,4.850000,0.440000,1000.00,cifi0007.DBF
P9FN,10P9FN,F,NS,00,21,29,163.97,709,0.00,207.94,4.850000,0.440000,1000.00,cifi0007.DBF
P9FN,10P9FN,F,NS,00,21,30,174.23,724,0.00,219.11,4.850000,0.440000,1000.00,cifi0007.DBF
P9FN,10P9FN,F,NS,00,21,31,184.77,738,0.00,230.54,4.850000,0.440000,1000.00,cifi0007.DBF
P9FN,10P9FN,F,NS,00,21,32,195.60,752,0.00,242.21,4.850000,0.440000,1000.00,cifi0007.DBF
P9FN,10P9FN,F,NS,00,21,33,206.70,764,0.00,254.11,4.850000,0.440000,1000.00,cifi0007.DBF
P9FN,10P9FN,F,NS,00,21,34,218.09,777,0.00,266.24,4.850000,0.440000,1000.00,cifi0007.DBF
P9FN,10P9FN,F,NS,00,21,35,229.77,788,0.00,278.61,4.850000,0.440000,1000.00,cifi0007.DBF
P9FN,10P9FN,F,NS,00,21,36,241.70,799,0.00,291.20,4.850000,0.440000,1000.00,cifi0007.DBF
P9FN,10P9FN,F,NS,00,21,37,253.91,809,0.00,304.00,4.850000,0.440000,1000.00,cifi0007.DBF
P9FN,10P9FN,F,NS,00,21,38,266.39,819,0.00,317.02,4.850000,0.440000,1000.00,cifi0007.DBF
P9FN,10P9FN,F,NS,00,21,39,279.17,828,0.00,330.25,4.850000,0.440000,1000.00,cifi0007.DBF
P9FN,10P9FN,F,NS,00,21,40,292.27,837,0.00,343.73,4.850000,0.440000,1000.00,cifi0007.DBF
P9FN,10P9FN,F,NS,00,21,41,305.69,846,0.00,357.46,4.850000,0.440000,1000.00,cifi0007.DBF
P9FN,10P9FN,F,NS,00,21,42,319.42,854,0.00,371.42,4.850000,0.440000,1000.00,cifi0007.DBF
P9FN,10P9FN,F,NS,00,21,43,333.48,862,0.00,385.63,4.850000,0.440000,1000.00,cifi0007.DBF
P9FN,10P9FN,F,NS,00,21,44,347.88,869,0.00,400.10,4.850000,0.440000,1000.00,cifi0007.DBF
P9FN,10P9FN,F,NS,00,21,45,362.61,877,0.00,414.81,4.850000,0.440000,1000.00,cifi0007.DBF
P9FN,10P9FN,F,NS,00,21,46,377.65,883,0.00,429.76,4.850000,0.440000,1000.00,cifi0007.DBF
P9FN,10P9FN,F,NS,00,21,47,393.01,890,0.00,444.93,4.850000,0.440000,1000.00,cifi0007.DBF
P9FN,10P9FN,F,NS,00,21,48,408.66,896,0.00,460.32,4.850000,0.440000,1000.00,cifi0007.DBF
P9FN,10P9FN,F,NS,00,21,49,424.59,902,0.00,475.89,4.850000,0.440000,1000.00,cifi0007.DBF
P9FN,10P9FN,F,NS,00,21,50,440.79,908,0.00,491.65,4.850000,0.440000,1000.00,cifi0007.DBF
P9FN,10P9FN,F,NS,00,21,51,457.21,913,0.00,507.55,4.850000,0.440000,1000.00,cifi0007.DBF
P9FN,10P9FN,F,NS,00,21,52,473.81,918,0.00,523.56,4.850000,0.440000,1000.00,cifi0007.DBF
P9FN,10P9FN,F,NS,00,21,53,490.60,923,0.00,539.66,4.850000,0.440000,1000.00,cifi0007.DBF
P9FN,10P9FN,F,NS,00,21,54,507.55,928,0.00,555.83,4.850000,0.440000,1000.00,cifi0007.DBF
P9FN,10P9FN,F,NS,00,21,55,524.64,933,0.00,572.07,4.850000,0.440000,1000.00,cifi0007.DBF
P9FN,10P9FN,F,NS,00,21,56,541.86,937,0.00,588.34,4.850000,0.440000,1000.00,cifi0007.DBF
P9FN,10P9FN,F,NS,00,21,57,559.18,941,0.00,604.65,4.850000,0.440000,1000.00,cifi0007.DBF
P9FN,10P9FN,F,NS,00,21,58,576.60,945,0.00,620.96,4.850000,0.440000,1000.00,cifi0007.DBF
P9FN,10P9FN,F,NS,00,21,59,594.13,948,0.00,637.27,4.850000,0.440000,1000.00,cifi0007.DBF
P9FN,10P9FN,F,NS,00,21,60,611.74,952,0.00,653.59,4.850000,0.440000,1000.00,cifi0007.DBF
P9FN,10P9FN,F,NS,00,21,61,629.05,955,0.00,669.73,4.850000,0.440000,1000.00,cifi0007.DBF
P9FN,10P9FN,F,NS,00,21,62,645.98,958,0.00,685.49,4.850000,0.440000,1000.00,cifi0007.DBF
P9FN,10P9FN,F,NS,00,21,63,662.68,961,0.00,700.90,4.850000,0.440000,1000.00,cifi0007.DBF
P9FN,10P9FN,F,NS,00,21,64,679.14,964,0.00,716.03,4.850000,0.440000,1000.00,cifi0007.DBF
P9FN,10P9FN,F,NS,00,21,65,695.27,966,0.00,730.85,4.850000,0.440000,1000.00,cifi0007.DBF
P9FN,10P9FN,F,NS,00,21,66,711.51,969,0.00,745.50,4.850000,0.440000,1000.00,cifi0007.DBF
P9FN,10P9FN,F,NS,00,21,67,727.11,971,0.00,759.85,4.850000,0.440000,1000.00,cifi0007.DBF
P9FN,10P9FN,F,NS,00,21,68,742.17,973,0.00,773.64,4.850000,0.440000,1000.00,cifi0007.DBF
P9FN,10P9FN,F,NS,00,21,69,756.78,975,0.00,786.93,4.850000,0.440000,1000.00,cifi0007.DBF
P9FN,10P9FN,F,NS,00,21,70,771.41,977,0.00,799.99,4.850000,0.440000,1000.00,cifi0007.DBF
P9FN,10P9FN,F,NS,00,21,71,787.65,979,0.00,813.71,4.850000,0.440000,1000.00,cifi0007.DBF
P9FN,10P9FN,F,NS,00,21,72,804.91,981,0.00,828.49,4.850000,0.440000,1000.00,cifi0007.DBF
P9FN,10P9FN,F,NS,00,21,73,822.82,983,0.00,843.93,4.850000,0.440000,1000.00,cifi0007.DBF
P9FN,10P9FN,F,NS,00,21,74,841.44,986,0.00,859.87,4.850000,0.440000,1000.00,cifi0007.DBF
P9FN,10P9FN,F,NS,00,21,75,861.09,988,0.00,876.48,4.850000,0.440000,1000.00,cifi0007.DBF
P9FN,10P9FN,F,NS,00,21,76,883.47,990,0.00,894.60,4.850000,0.440000,1000.00,cifi0007.DBF
P9FN,10P9FN,F,NS,00,21,77,910.81,993,0.00,915.88,4.850000,0.440000,1000.00,cifi0007.DBF
P9FN,10P9FN,F,NS,00,21,78,948.21,996,0.00,943.32,4.850000,0.440000,1000.00,cifi0007.DBF
P9FN,10P9FN,F,NS,00,22,1,0.00,0,0.00,0.23,0.000000,0.460000,1000.00,cifi0007.DBF
P9FN,10P9FN,F,NS,00,22,2,0.00,0,0.00,4.91,5.050000,0.460000,1000.00,cifi0007.DBF
P9FN,10P9FN,F,NS,00,22,3,0.00,0,0.00,9.78,5.050000,0.460000,1000.00,cifi0007.DBF
P9FN,10P9FN,F,NS,00,22,4,0.00,0,0.00,14.83,5.050000,0.460000,1000.00,cifi0007.DBF
P9FN,10P9FN,F,NS,00,22,5,3.94,46,0.00,20.07,5.050000,0.460000,1000.00,cifi0007.DBF
P9FN,10P9FN,F,NS,00,22,6,8.13,90,0.00,25.49,5.050000,0.460000,1000.00,cifi0007.DBF
P9FN,10P9FN,F,NS,00,22,7,12.52,132,0.00,31.10,5.050000,0.460000,1000.00,cifi0007.DBF
P9FN,10P9FN,F,NS,00,22,8,17.10,173,0.00,36.92,5.050000,0.460000,1000.00,cifi0007.DBF
P9FN,10P9FN,F,NS,00,22,9,21.89,212,0.00,42.94,5.050000,0.460000,1000.00,cifi0007.DBF
P9FN,10P9FN,F,NS,00,22,10,26.88,249,0.00,49.18,5.050000,0.460000,1000.00,cifi0007.DBF
P9FN,10P9FN,F,NS,00,22,11,32.08,284,0.00,55.64,5.050000,0.460000,1000.00,cifi0007.DBF
P9FN,10P9FN,F,NS,00,22,12,37.52,319,0.00,62.32,5.050000,0.460000,1000.00,cifi0007.DBF
P9FN,10P9FN,F,NS,00,22,13,43.17,351,0.00,69.23,5.050000,0.460000,1000.00,cifi0007.DBF
P9FN,10P9FN,F,NS,00,22,14,49.04,382,0.00,76.36,5.050000,0.460000,1000.00,cifi0007.DBF
P9FN,10P9FN,F,NS,00,22,15,55.16,412,0.00,83.72,5.050000,0.460000,1000.00,cifi0007.DBF
P9FN,10P9FN,F,NS,00,22,16,61.51,440,0.00,91.32,5.050000,0.460000,1000.00,cifi0007.DBF
P9FN,10P9FN,F,NS,00,22,17,68.15,467,0.00,99.18,5.050000,0.460000,1000.00,cifi0007.DBF
P9FN,10P9FN,F,NS,00,22,18,75.07,493,0.00,107.31,5.050000,0.460000,1000.00,cifi0007.DBF
P9FN,10P9FN,F,NS,00,22,19,82.28,518,0.00,115.73,5.050000,0.460000,1000.00,cifi0007.DBF
P9FN,10P9FN,F,NS,00,22,20,89.80,542,0.00,124.42,5.050000,0.460000,1000.00,cifi0007.DBF
P9FN,10P9FN,F,NS,00,22,21,97.63,565,0.00,133.41,5.050000,0.460000,1000.00,cifi0007.DBF
P9FN,10P9FN,F,NS,00,22,22,105.77,586,0.00,142.70,5.050000,0.460000,1000.00,cifi0007.DBF
P9FN,10P9FN,F,NS,00,22,23,114.23,607,0.00,152.28,5.050000,0.460000,1000.00,cifi0007.DBF
P9FN,10P9FN,F,NS,00,22,24,123.00,627,0.00,162.14,5.050000,0.460000,1000.00,cifi0007.DBF
P9FN,10P9FN,F,NS,00,22,25,132.09,646,0.00,172.30,5.050000,0.460000,1000.00,cifi0007.DBF
P9FN,10P9FN,F,NS,00,22,26,141.48,664,0.00,182.73,5.050000,0.460000,1000.00,cifi0007.DBF
P9FN,10P9FN,F,NS,00,22,27,151.17,681,0.00,193.42,5.050000,0.460000,1000.00,cifi0007.DBF
P9FN,10P9FN,F,NS,00,22,28,161.16,697,0.00,204.39,5.050000,0.460000,1000.00,cifi0007.DBF
P9FN,10P9FN,F,NS,00,22,29,171.45,713,0.00,215.62,5.050000,0.460000,1000.00,cifi0007.DBF
P9FN,10P9FN,F,NS,00,22,30,182.03,727,0.00,227.10,5.050000,0.460000,1000.00,cifi0007.DBF
P9FN,10P9FN,F,NS,00,22,31,192.89,741,0.00,238.82,5.050000,0.460000,1000.00,cifi0007.DBF
P9FN,10P9FN,F,NS,00,22,32,204.03,755,0.00,250.77,5.050000,0.460000,1000.00,cifi0007.DBF
P9FN,10P9FN,F,NS,00,22,33,215.46,767,0.00,262.96,5.050000,0.460000,1000.00,cifi0007.DBF
P9FN,10P9FN,F,NS,00,22,34,227.18,779,0.00,275.39,5.050000,0.460000,1000.00,cifi0007.DBF
P9FN,10P9FN,F,NS,00,22,35,239.16,790,0.00,288.04,5.050000,0.460000,1000.00,cifi0007.DBF
P9FN,10P9FN,F,NS,00,22,36,251.41,801,0.00,300.90,5.050000,0.460000,1000.00,cifi0007.DBF
P9FN,10P9FN,F,NS,00,22,37,263.93,811,0.00,313.97,5.050000,0.460000,1000.00,cifi0007.DBF
P9FN,10P9FN,F,NS,00,22,38,276.75,821,0.00,327.27,5.050000,0.460000,1000.00,cifi0007.DBF
P9FN,10P9FN,F,NS,00,22,39,289.90,831,0.00,340.81,5.050000,0.460000,1000.00,cifi0007.DBF
P9FN,10P9FN,F,NS,00,22,40,303.36,839,0.00,354.60,5.050000,0.460000,1000.00,cifi0007.DBF
P9FN,10P9FN,F,NS,00,22,41,317.13,848,0.00,368.62,5.050000,0.460000,1000.00,cifi0007.DBF
P9FN,10P9FN,F,NS,00,22,42,331.24,856,0.00,382.90,5.050000,0.460000,1000.00,cifi0007.DBF
P9FN,10P9FN,F,NS,00,22,43,345.69,864,0.00,397.43,5.050000,0.460000,1000.00,cifi0007.DBF
P9FN,10P9FN,F,NS,00,22,44,360.47,871,0.00,412.22,5.050000,0.460000,1000.00,cifi0007.DBF
P9FN,10P9FN,F,NS,00,22,45,375.56,878,0.00,427.23,5.050000,0.460000,1000.00,cifi0007.DBF
P9FN,10P9FN,F,NS,00,22,46,390.97,885,0.00,442.47,5.050000,0.460000,1000.00,cifi0007.DBF
P9FN,10P9FN,F,NS,00,22,47,406.67,892,0.00,457.93,5.050000,0.460000,1000.00,cifi0007.DBF
P9FN,10P9FN,F,NS,00,22,48,422.66,898,0.00,473.57,5.050000,0.460000,1000.00,cifi0007.DBF
P9FN,10P9FN,F,NS,00,22,49,438.91,904,0.00,489.40,5.050000,0.460000,1000.00,cifi0007.DBF
P9FN,10P9FN,F,NS,00,22,50,455.38,910,0.00,505.38,5.050000,0.460000,1000.00,cifi0007.DBF
P9FN,10P9FN,F,NS,00,22,51,472.04,915,0.00,521.46,5.050000,0.460000,1000.00,cifi0007.DBF
P9FN,10P9FN,F,NS,00,22,52,488.89,920,0.00,537.63,5.050000,0.460000,1000.00,cifi0007.DBF
P9FN,10P9FN,F,NS,00,22,53,505.89,925,0.00,553.88,5.050000,0.460000,1000.00,cifi0007.DBF
P9FN,10P9FN,F,NS,00,22,54,523.04,930,0.00,570.19,5.050000,0.460000,1000.00,cifi0007.DBF
P9FN,10P9FN,F,NS,00,22,55,540.32,934,0.00,586.54,5.050000,0.460000,1000.00,cifi0007.DBF
P9FN,10P9FN,F,NS,00,22,56,557.70,938,0.00,602.92,5.050000,0.460000,1000.00,cifi0007.DBF
P9FN,10P9FN,F,NS,00,22,57,575.18,942,0.00,619.31,5.050000,0.460000,1000.00,cifi0007.DBF
P9FN,10P9FN,F,NS,00,22,58,592.77,946,0.00,635.70,5.050000,0.460000,1000.00,cifi0007.DBF
P9FN,10P9FN,F,NS,00,22,59,610.44,950,0.00,652.09,5.050000,0.460000,1000.00,cifi0007.DBF
P9FN,10P9FN,F,NS,00,22,60,627.81,953,0.00,668.30,5.050000,0.460000,1000.00,cifi0007.DBF
P9FN,10P9FN,F,NS,00,22,61,644.79,956,0.00,684.13,5.050000,0.460000,1000.00,cifi0007.DBF
P9FN,10P9FN,F,NS,00,22,62,661.55,960,0.00,699.62,5.050000,0.460000,1000.00,cifi0007.DBF
P9FN,10P9FN,F,NS,00,22,63,678.06,962,0.00,714.82,5.050000,0.460000,1000.00,cifi0007.DBF
P9FN,10P9FN,F,NS,00,22,64,694.25,965,0.00,729.70,5.050000,0.460000,1000.00,cifi0007.DBF
P9FN,10P9FN,F,NS,00,22,65,710.54,968,0.00,744.42,5.050000,0.460000,1000.00,cifi0007.DBF
P9FN,10P9FN,F,NS,00,22,66,726.19,970,0.00,758.84,5.050000,0.460000,1000.00,cifi0007.DBF
P9FN,10P9FN,F,NS,00,22,67,741.31,972,0.00,772.68,5.050000,0.460000,1000.00,cifi0007.DBF
P9FN,10P9FN,F,NS,00,22,68,755.96,974,0.00,786.04,5.050000,0.460000,1000.00,cifi0007.DBF
P9FN,10P9FN,F,NS,00,22,69,770.65,976,0.00,799.16,5.050000,0.460000,1000.00,cifi0007.DBF
P9FN,10P9FN,F,NS,00,22,70,786.94,978,0.00,812.94,5.050000,0.460000,1000.00,cifi0007.DBF
P9FN,10P9FN,F,NS,00,22,71,804.26,981,0.00,827.79,5.050000,0.460000,1000.00,cifi0007.DBF
P9FN,10P9FN,F,NS,00,22,72,822.23,983,0.00,843.30,5.050000,0.460000,1000.00,cifi0007.DBF
P9FN,10P9FN,F,NS,00,22,73,840.91,985,0.00,859.31,5.050000,0.460000,1000.00,cifi0007.DBF
P9FN,10P9FN,F,NS,00,22,74,860.63,987,0.00,876.00,5.050000,0.460000,1000.00,cifi0007.DBF
P9FN,10P9FN,F,NS,00,22,75,883.08,990,0.00,894.21,5.050000,0.460000,1000.00,cifi0007.DBF
P9FN,10P9FN,F,NS,00,22,76,910.51,992,0.00,915.58,5.050000,0.460000,1000.00,cifi0007.DBF
P9FN,10P9FN,F,NS,00,22,77,948.04,996,0.00,943.15,5.050000,0.460000,1000.00,cifi0007.DBF
P9FN,10P9FN,F,NS,00,23,1,0.00,0,0.00,0.23,0.000000,0.460000,1000.00,cifi0007.DBF
P9FN,10P9FN,F,NS,00,23,2,0.00,0,0.00,5.12,5.260000,0.460000,1000.00,cifi0007.DBF
P9FN,10P9FN,F,NS,00,23,3,0.00,0,0.00,10.19,5.260000,0.460000,1000.00,cifi0007.DBF
P9FN,10P9FN,F,NS,00,23,4,0.43,5,0.00,15.45,5.260000,0.460000,1000.00,cifi0007.DBF
P9FN,10P9FN,F,NS,00,23,5,4.63,51,0.00,20.90,5.260000,0.460000,1000.00,cifi0007.DBF
P9FN,10P9FN,F,NS,00,23,6,9.04,96,0.00,26.54,5.260000,0.460000,1000.00,cifi0007.DBF
P9FN,10P9FN,F,NS,00,23,7,13.63,138,0.00,32.38,5.260000,0.460000,1000.00,cifi0007.DBF
P9FN,10P9FN,F,NS,00,23,8,18.44,178,0.00,38.44,5.260000,0.460000,1000.00,cifi0007.DBF
P9FN,10P9FN,F,NS,00,23,9,23.45,217,0.00,44.71,5.260000,0.460000,1000.00,cifi0007.DBF
P9FN,10P9FN,F,NS,00,23,10,28.67,254,0.00,51.20,5.260000,0.460000,1000.00,cifi0007.DBF
P9FN,10P9FN,F,NS,00,23,11,34.13,290,0.00,57.91,5.260000,0.460000,1000.00,cifi0007.DBF
P9FN,10P9FN,F,NS,00,23,12,39.80,324,0.00,64.85,5.260000,0.460000,1000.00,cifi0007.DBF
P9FN,10P9FN,F,NS,00,23,13,45.69,356,0.00,72.02,5.260000,0.460000,1000.00,cifi0007.DBF
P9FN,10P9FN,F,NS,00,23,14,51.83,387,0.00,79.41,5.260000,0.460000,1000.00,cifi0007.DBF
P9FN,10P9FN,F,NS,00,23,15,58.20,416,0.00,87.05,5.260000,0.460000,1000.00,cifi0007.DBF
P9FN,10P9FN,F,NS,00,23,16,64.86,445,0.00,94.95,5.260000,0.460000,1000.00,cifi0007.DBF
P9FN,10P9FN,F,NS,00,23,17,71.81,472,0.00,103.12,5.260000,0.460000,1000.00,cifi0007.DBF
P9FN,10P9FN,F,NS,00,23,18,79.04,498,0.00,111.57,5.260000,0.460000,1000.00,cifi0007.DBF
P9FN,10P9FN,F,NS,00,23,19,86.59,523,0.00,120.31,5.260000,0.460000,1000.00,cifi0007.DBF
P9FN,10P9FN,F,NS,00,23,20,94.45,546,0.00,129.35,5.260000,0.460000,1000.00,cifi0007.DBF
P9FN,10P9FN,F,NS,00,23,21,102.62,569,0.00,138.68,5.260000,0.460000,1000.00,cifi0007.DBF
P9FN,10P9FN,F,NS,00,23,22,111.11,591,0.00,148.30,5.260000,0.460000,1000.00,cifi0007.DBF
P9FN,10P9FN,F,NS,00,23,23,119.91,611,0.00,158.21,5.260000,0.460000,1000.00,cifi0007.DBF
P9FN,10P9FN,F,NS,00,23,24,129.03,631,0.00,168.41,5.260000,0.460000,1000.00,cifi0007.DBF
P9FN,10P9FN,F,NS,00,23,25,138.45,650,0.00,178.89,5.260000,0.460000,1000.00,cifi0007.DBF
P9FN,10P9FN,F,NS,00,23,26,148.18,668,0.00,189.64,5.260000,0.460000,1000.00,cifi0007.DBF
P9FN,10P9FN,F,NS,00,23,27,158.21,685,0.00,200.66,5.260000,0.460000,1000.00,cifi0007.DBF
P9FN,10P9FN,F,NS,00,23,28,168.53,701,0.00,211.95,5.260000,0.460000,1000.00,cifi0007.DBF
P9FN,10P9FN,F,NS,00,23,29,179.15,716,0.00,223.48,5.260000,0.460000,1000.00,cifi0007.DBF
P9FN,10P9FN,F,NS,00,23,30,190.05,730,0.00,235.26,5.260000,0.460000,1000.00,cifi0007.DBF
P9FN,10P9FN,F,NS,00,23,31,201.23,744,0.00,247.27,5.260000,0.460000,1000.00,cifi0007.DBF
P9FN,10P9FN,F,NS,00,23,32,212.70,757,0.00,259.52,5.260000,0.460000,1000.00,cifi0007.DBF
P9FN,10P9FN,F,NS,00,23,33,224.45,770,0.00,272.00,5.260000,0.460000,1000.00,cifi0007.DBF
P9FN,10P9FN,F,NS,00,23,34,236.47,782,0.00,284.71,5.260000,0.460000,1000.00,cifi0007.DBF
P9FN,10P9FN,F,NS,00,23,35,248.77,793,0.00,297.63,5.260000,0.460000,1000.00,cifi0007.DBF
P9FN,10P9FN,F,NS,00,23,36,261.34,804,0.00,310.77,5.260000,0.460000,1000.00,cifi0007.DBF
P9FN,10P9FN,F,NS,00,23,37,274.20,814,0.00,324.13,5.260000,0.460000,1000.00,cifi0007.DBF
P9FN,10P9FN,F,NS,00,23,38,287.39,823,0.00,337.73,5.260000,0.460000,1000.00,cifi0007.DBF
P9FN,10P9FN,F,NS,00,23,39,300.90,833,0.00,351.59,5.260000,0.460000,1000.00,cifi0007.DBF
P9FN,10P9FN,F,NS,00,23,40,314.72,842,0.00,365.69,5.260000,0.460000,1000.00,cifi0007.DBF
P9FN,10P9FN,F,NS,00,23,41,328.88,850,0.00,380.03,5.260000,0.460000,1000.00,cifi0007.DBF
P9FN,10P9FN,F,NS,00,23,42,343.38,858,0.00,394.63,5.260000,0.460000,1000.00,cifi0007.DBF
P9FN,10P9FN,F,NS,00,23,43,358.21,866,0.00,409.49,5.260000,0.460000,1000.00,cifi0007.DBF
P9FN,10P9FN,F,NS,00,23,44,373.36,873,0.00,424.58,5.260000,0.460000,1000.00,cifi0007.DBF
P9FN,10P9FN,F,NS,00,23,45,388.82,880,0.00,439.89,5.260000,0.460000,1000.00,cifi0007.DBF
P9FN,10P9FN,F,NS,00,23,46,404.58,887,0.00,455.42,5.260000,0.460000,1000.00,cifi0007.DBF
P9FN,10P9FN,F,NS,00,23,47,420.62,894,0.00,471.14,5.260000,0.460000,1000.00,cifi0007.DBF
P9FN,10P9FN,F,NS,00,23,48,436.93,900,0.00,487.04,5.260000,0.460000,1000.00,cifi0007.DBF
P9FN,10P9FN,F,NS,00,23,49,453.47,906,0.00,503.09,5.260000,0.460000,1000.00,cifi0007.DBF
P9FN,10P9FN,F,NS,00,23,50,470.18,911,0.00,519.25,5.260000,0.460000,1000.00,cifi0007.DBF
P9FN,10P9FN,F,NS,00,23,51,487.08,917,0.00,535.50,5.260000,0.460000,1000.00,cifi0007.DBF
P9FN,10P9FN,F,NS,00,23,52,504.15,922,0.00,551.83,5.260000,0.460000,1000.00,cifi0007.DBF
P9FN,10P9FN,F,NS,00,23,53,521.36,927,0.00,568.22,5.260000,0.460000,1000.00,cifi0007.DBF
P9FN,10P9FN,F,NS,00,23,54,538.70,931,0.00,584.65,5.260000,0.460000,1000.00,cifi0007.DBF
P9FN,10P9FN,F,NS,00,23,55,556.14,936,0.00,601.11,5.260000,0.460000,1000.00,cifi0007.DBF
P9FN,10P9FN,F,NS,00,23,56,573.68,940,0.00,617.57,5.260000,0.460000,1000.00,cifi0007.DBF
P9FN,10P9FN,F,NS,00,23,57,591.33,944,0.00,634.04,5.260000,0.460000,1000.00,cifi0007.DBF
P9FN,10P9FN,F,NS,00,23,58,609.07,948,0.00,650.51,5.260000,0.460000,1000.00,cifi0007.DBF
P9FN,10P9FN,F,NS,00,23,59,626.50,951,0.00,666.80,5.260000,0.460000,1000.00,cifi0007.DBF
P9FN,10P9FN,F,NS,00,23,60,643.53,955,0.00,682.71,5.260000,0.460000,1000.00,cifi0007.DBF
P9FN,10P9FN,F,NS,00,23,61,660.35,958,0.00,698.27,5.260000,0.460000,1000.00,cifi0007.DBF
P9FN,10P9FN,F,NS,00,23,62,676.92,961,0.00,713.54,5.260000,0.460000,1000.00,cifi0007.DBF
P9FN,10P9FN,F,NS,00,23,63,693.17,963,0.00,728.50,5.260000,0.460000,1000.00,cifi0007.DBF
P9FN,10P9FN,F,NS,00,23,64,709.52,966,0.00,743.29,5.260000,0.460000,1000.00,cifi0007.DBF
P9FN,10P9FN,F,NS,00,23,65,725.23,969,0.00,757.77,5.260000,0.460000,1000.00,cifi0007.DBF
P9FN,10P9FN,F,NS,00,23,66,740.40,971,0.00,771.69,5.260000,0.460000,1000.00,cifi0007.DBF
P9FN,10P9FN,F,NS,00,23,67,755.10,973,0.00,785.11,5.260000,0.460000,1000.00,cifi0007.DBF
P9FN,10P9FN,F,NS,00,23,68,769.84,975,0.00,798.29,5.260000,0.460000,1000.00,cifi0007.DBF
P9FN,10P9FN,F,NS,00,23,69,786.19,977,0.00,812.13,5.260000,0.460000,1000.00,cifi0007.DBF
P9FN,10P9FN,F,NS,00,23,70,803.57,980,0.00,827.06,5.260000,0.460000,1000.00,cifi0007.DBF
P9FN,10P9FN,F,NS,00,23,71,821.60,982,0.00,842.64,5.260000,0.460000,1000.00,cifi0007.DBF
P9FN,10P9FN,F,NS,00,23,72,840.35,984,0.00,858.73,5.260000,0.460000,1000.00,cifi0007.DBF
P9FN,10P9FN,F,NS,00,23,73,860.14,987,0.00,875.50,5.260000,0.460000,1000.00,cifi0007.DBF
P9FN,10P9FN,F,NS,00,23,74,882.67,989,0.00,893.79,5.260000,0.460000,1000.00,cifi0007.DBF
P9FN,10P9FN,F,NS,00,23,75,910.20,992,0.00,915.26,5.260000,0.460000,1000.00,cifi0007.DBF
P9FN,10P9FN,F,NS,00,23,76,947.86,996,0.00,942.97,5.260000,0.460000,1000.00,cifi0007.DBF
P9FN,10P9FN,F,NS,00,24,1,0.00,0,0.00,0.24,0.000000,0.480000,1000.00,cifi0007.DBF
P9FN,10P9FN,F,NS,00,24,2,0.00,0,0.00,5.34,5.480000,0.480000,1000.00,cifi0007.DBF
P9FN,10P9FN,F,NS,00,24,3,0.00,0,0.00,10.63,5.480000,0.480000,1000.00,cifi0007.DBF
P9FN,10P9FN,F,NS,00,24,4,0.94,11,0.00,16.10,5.480000,0.480000,1000.00,cifi0007.DBF
P9FN,10P9FN,F,NS,00,24,5,5.36,57,0.00,21.77,5.480000,0.480000,1000.00,cifi0007.DBF
P9FN,10P9FN,F,NS,00,24,6,9.97,101,0.00,27.65,5.480000,0.480000,1000.00,cifi0007.DBF
P9FN,10P9FN,F,NS,00,24,7,14.79,143,0.00,33.73,5.480000,0.480000,1000.00,cifi0007.DBF
P9FN,10P9FN,F,NS,00,24,8,19.82,184,0.00,40.03,5.480000,0.480000,1000.00,cifi0007.DBF
P9FN,10P9FN,F,NS,00,24,9,25.07,222,0.00,46.55,5.480000,0.480000,1000.00,cifi0007.DBF
P9FN,10P9FN,F,NS,00,24,10,30.54,259,0.00,53.30,5.480000,0.480000,1000.00,cifi0007.DBF
P9FN,10P9FN,F,NS,00,24,11,36.23,295,0.00,60.28,5.480000,0.480000,1000.00,cifi0007.DBF
P9FN,10P9FN,F,NS,00,24,12,42.15,328,0.00,67.48,5.480000,0.480000,1000.00,cifi0007.DBF
P9FN,10P9FN,F,NS,00,24,13,48.31,361,0.00,74.91,5.480000,0.480000,1000.00,cifi0007.DBF
P9FN,10P9FN,F,NS,00,24,14,54.70,391,0.00,82.58,5.480000,0.480000,1000.00,cifi0007.DBF
P9FN,10P9FN,F,NS,00,24,15,61.39,421,0.00,90.52,5.480000,0.480000,1000.00,cifi0007.DBF
P9FN,10P9FN,F,NS,00,24,16,68.36,449,0.00,98.74,5.480000,0.480000,1000.00,cifi0007.DBF
P9FN,10P9FN,F,NS,00,24,17,75.62,476,0.00,107.23,5.480000,0.480000,1000.00,cifi0007.DBF
P9FN,10P9FN,F,NS,00,24,18,83.20,502,0.00,116.01,5.480000,0.480000,1000.00,cifi0007.DBF
P9FN,10P9FN,F,NS,00,24,19,91.09,527,0.00,125.09,5.480000,0.480000,1000.00,cifi0007.DBF
P9FN,10P9FN,F,NS,00,24,20,99.29,551,0.00,134.47,5.480000,0.480000,1000.00,cifi0007.DBF
P9FN,10P9FN,F,NS,00,24,21,107.81,573,0.00,144.14,5.480000,0.480000,1000.00,cifi0007.DBF
P9FN,10P9FN,F,NS,00,24,22,116.64,595,0.00,154.10,5.480000,0.480000,1000.00,cifi0007.DBF
P9FN,10P9FN,F,NS,00,24,23,125.80,615,0.00,164.36,5.480000,0.480000,1000.00,cifi0007.DBF
P9FN,10P9FN,F,NS,00,24,24,135.25,635,0.00,174.89,5.480000,0.480000,1000.00,cifi0007.DBF
P9FN,10P9FN,F,NS,00,24,25,145.01,653,0.00,185.69,5.480000,0.480000,1000.00,cifi0007.DBF
P9FN,10P9FN,F,NS,00,24,26,155.08,671,0.00,196.77,5.480000,0.480000,1000.00,cifi0007.DBF
P9FN,10P9FN,F,NS,00,24,27,165.45,688,0.00,208.10,5.480000,0.480000,1000.00,cifi0007.DBF
P9FN,10P9FN,F,NS,00,24,28,176.10,704,0.00,219.70,5.480000,0.480000,1000.00,cifi0007.DBF
P9FN,10P9FN,F,NS,00,24,29,187.04,719,0.00,231.53,5.480000,0.480000,1000.00,cifi0007.DBF
P9FN,10P9FN,F,NS,00,24,30,198.26,733,0.00,243.60,5.480000,0.480000,1000.00,cifi0007.DBF
P9FN,10P9FN,F,NS,00,24,31,209.77,747,0.00,255.91,5.480000,0.480000,1000.00,cifi0007.DBF
P9FN,10P9FN,F,NS,00,24,32,221.57,760,0.00,268.46,5.480000,0.480000,1000.00,cifi0007.DBF
P9FN,10P9FN,F,NS,00,24,33,233.64,772,0.00,281.23,5.480000,0.480000,1000.00,cifi0007.DBF
P9FN,10P9FN,F,NS,00,24,34,245.98,784,0.00,294.22,5.480000,0.480000,1000.00,cifi0007.DBF
P9FN,10P9FN,F,NS,00,24,35,258.59,795,0.00,307.42,5.480000,0.480000,1000.00,cifi0007.DBF
P9FN,10P9FN,F,NS,00,24,36,271.51,806,0.00,320.85,5.480000,0.480000,1000.00,cifi0007.DBF
P9FN,10P9FN,F,NS,00,24,37,284.75,816,0.00,334.52,5.480000,0.480000,1000.00,cifi0007.DBF
P9FN,10P9FN,F,NS,00,24,38,298.31,826,0.00,348.45,5.480000,0.480000,1000.00,cifi0007.DBF
P9FN,10P9FN,F,NS,00,24,39,312.18,835,0.00,362.61,5.480000,0.480000,1000.00,cifi0007.DBF
P9FN,10P9FN,F,NS,00,24,40,326.39,844,0.00,377.03,5.480000,0.480000,1000.00,cifi0007.DBF
P9FN,10P9FN,F,NS,00,24,41,340.94,852,0.00,391.70,5.480000,0.480000,1000.00,cifi0007.DBF
P9FN,10P9FN,F,NS,00,24,42,355.83,860,0.00,406.63,5.480000,0.480000,1000.00,cifi0007.DBF
P9FN,10P9FN,F,NS,00,24,43,371.03,868,0.00,421.80,5.480000,0.480000,1000.00,cifi0007.DBF
P9FN,10P9FN,F,NS,00,24,44,386.56,875,0.00,437.19,5.480000,0.480000,1000.00,cifi0007.DBF
P9FN,10P9FN,F,NS,00,24,45,402.37,882,0.00,452.79,5.480000,0.480000,1000.00,cifi0007.DBF
P9FN,10P9FN,F,NS,00,24,46,418.47,889,0.00,468.59,5.480000,0.480000,1000.00,cifi0007.DBF
P9FN,10P9FN,F,NS,00,24,47,434.84,896,0.00,484.58,5.480000,0.480000,1000.00,cifi0007.DBF
P9FN,10P9FN,F,NS,00,24,48,451.44,902,0.00,500.71,5.480000,0.480000,1000.00,cifi0007.DBF
P9FN,10P9FN,F,NS,00,24,49,468.22,908,0.00,516.95,5.480000,0.480000,1000.00,cifi0007.DBF
P9FN,10P9FN,F,NS,00,24,50,485.18,913,0.00,533.28,5.480000,0.480000,1000.00,cifi0007.DBF
P9FN,10P9FN,F,NS,00,24,51,502.31,918,0.00,549.69,5.480000,0.480000,1000.00,cifi0007.DBF
P9FN,10P9FN,F,NS,00,24,52,519.58,924,0.00,566.16,5.480000,0.480000,1000.00,cifi0007.DBF
P9FN,10P9FN,F,NS,00,24,53,536.98,928,0.00,582.67,5.480000,0.480000,1000.00,cifi0007.DBF
P9FN,10P9FN,F,NS,00,24,54,554.50,933,0.00,599.21,5.480000,0.480000,1000.00,cifi0007.DBF
P9FN,10P9FN,F,NS,00,24,55,572.10,937,0.00,615.76,5.480000,0.480000,1000.00,cifi0007.DBF
P9FN,10P9FN,F,NS,00,24,56,589.82,941,0.00,632.31,5.480000,0.480000,1000.00,cifi0007.DBF
P9FN,10P9FN,F,NS,00,24,57,607.61,945,0.00,648.86,5.480000,0.480000,1000.00,cifi0007.DBF
P9FN,10P9FN,F,NS,00,24,58,625.11,949,0.00,665.23,5.480000,0.480000,1000.00,cifi0007.DBF
P9FN,10P9FN,F,NS,00,24,59,642.21,953,0.00,681.22,5.480000,0.480000,1000.00,cifi0007.DBF
P9FN,10P9FN,F,NS,00,24,60,659.09,956,0.00,696.85,5.480000,0.480000,1000.00,cifi0007.DBF
P9FN,10P9FN,F,NS,00,24,61,675.72,959,0.00,712.21,5.480000,0.480000,1000.00,cifi0007.DBF
P9FN,10P9FN,F,NS,00,24,62,692.03,962,0.00,727.24,5.480000,0.480000,1000.00,cifi0007.DBF
P9FN,10P9FN,F,NS,00,24,63,708.44,965,0.00,742.10,5.480000,0.480000,1000.00,cifi0007.DBF
P9FN,10P9FN,F,NS,00,24,64,724.21,967,0.00,756.66,5.480000,0.480000,1000.00,cifi0007.DBF
P9FN,10P9FN,F,NS,00,24,65,739.43,970,0.00,770.64,5.480000,0.480000,1000.00,cifi0007.DBF
P9FN,10P9FN,F,NS,00,24,66,754.19,972,0.00,784.13,5.480000,0.480000,1000.00,cifi0007.DBF
P9FN,10P9FN,F,NS,00,24,67,768.98,974,0.00,797.38,5.480000,0.480000,1000.00,cifi0007.DBF
P9FN,10P9FN,F,NS,00,24,68,785.40,976,0.00,811.29,5.480000,0.480000,1000.00,cifi0007.DBF
P9FN,10P9FN,F,NS,00,24,69,802.84,979,0.00,826.29,5.480000,0.480000,1000.00,cifi0007.DBF
P9FN,10P9FN,F,NS,00,24,70,820.94,981,0.00,841.95,5.480000,0.480000,1000.00,cifi0007.DBF
P9FN,10P9FN,F,NS,00,24,71,839.76,984,0.00,858.12,5.480000,0.480000,1000.00,cifi0007.DBF
P9FN,10P9FN,F,NS,00,24,72,859.62,986,0.00,874.97,5.480000,0.480000,1000.00,cifi0007.DBF
P9FN,10P9FN,F,NS,00,24,73,882.23,989,0.00,893.36,5.480000,0.480000,1000.00,cifi0007.DBF
P9FN,10P9FN,F,NS,00,24,74,909.86,992,0.00,914.94,5.480000,0.480000,1000.00,cifi0007.DBF
P9FN,10P9FN,F,NS,00,24,75,947.66,996,0.00,942.78,5.480000,0.480000,1000.00,cifi0007.DBF
P9FN,10P9FN,F,NS,00,25,1,0.00,0,0.00,0.24,0.000000,0.480000,1000.00,cifi0007.DBF
P9FN,10P9FN,F,NS,00,25,2,0.00,0,0.00,5.56,5.710000,0.480000,1000.00,cifi0007.DBF
P9FN,10P9FN,F,NS,00,25,3,0.00,0,0.00,11.06,5.710000,0.480000,1000.00,cifi0007.DBF
P9FN,10P9FN,F,NS,00,25,4,1.49,16,0.00,16.76,5.710000,0.480000,1000.00,cifi0007.DBF
P9FN,10P9FN,F,NS,00,25,5,6.11,62,0.00,22.66,5.710000,0.480000,1000.00,cifi0007.DBF
P9FN,10P9FN,F,NS,00,25,6,10.96,106,0.00,28.78,5.710000,0.480000,1000.00,cifi0007.DBF
P9FN,10P9FN,F,NS,00,25,7,16.00,148,0.00,35.11,5.710000,0.480000,1000.00,cifi0007.DBF
P9FN,10P9FN,F,NS,00,25,8,21.27,189,0.00,41.67,5.710000,0.480000,1000.00,cifi0007.DBF
P9FN,10P9FN,F,NS,00,25,9,26.76,227,0.00,48.45,5.710000,0.480000,1000.00,cifi0007.DBF
P9FN,10P9FN,F,NS,00,25,10,32.48,264,0.00,55.47,5.710000,0.480000,1000.00,cifi0007.DBF
P9FN,10P9FN,F,NS,00,25,11,38.42,299,0.00,62.70,5.710000,0.480000,1000.00,cifi0007.DBF
P9FN,10P9FN,F,NS,00,25,12,44.60,333,0.00,70.18,5.710000,0.480000,1000.00,cifi0007.DBF
P9FN,10P9FN,F,NS,00,25,13,51.02,365,0.00,77.89,5.710000,0.480000,1000.00,cifi0007.DBF
P9FN,10P9FN,F,NS,00,25,14,57.73,396,0.00,85.87,5.710000,0.480000,1000.00,cifi0007.DBF
P9FN,10P9FN,F,NS,00,25,15,64.73,425,0.00,94.12,5.710000,0.480000,1000.00,cifi0007.DBF
P9FN,10P9FN,F,NS,00,25,16,72.02,454,0.00,102.66,5.710000,0.480000,1000.00,cifi0007.DBF
P9FN,10P9FN,F,NS,00,25,17,79.63,481,0.00,111.49,5.710000,0.480000,1000.00,cifi0007.DBF
P9FN,10P9FN,F,NS,00,25,18,87.55,506,0.00,120.62,5.710000,0.480000,1000.00,cifi0007.DBF
P9FN,10P9FN,F,NS,00,25,19,95.78,531,0.00,130.04,5.710000,0.480000,1000.00,cifi0007.DBF
P9FN,10P9FN,F,NS,00,25,20,104.33,555,0.00,139.77,5.710000,0.480000,1000.00,cifi0007.DBF
P9FN,10P9FN,F,NS,00,25,21,113.20,577,0.00,149.78,5.710000,0.480000,1000.00,cifi0007.DBF
P9FN,10P9FN,F,NS,00,25,22,122.39,599,0.00,160.09,5.710000,0.480000,1000.00,cifi0007.DBF
P9FN,10P9FN,F,NS,00,25,23,131.88,619,0.00,170.67,5.710000,0.480000,1000.00,cifi0007.DBF
P9FN,10P9FN,F,NS,00,25,24,141.68,638,0.00,181.53,5.710000,0.480000,1000.00,cifi0007.DBF
P9FN,10P9FN,F,NS,00,25,25,151.79,657,0.00,192.67,5.710000,0.480000,1000.00,cifi0007.DBF
P9FN,10P9FN,F,NS,00,25,26,162.19,674,0.00,204.06,5.710000,0.480000,1000.00,cifi0007.DBF
P9FN,10P9FN,F,NS,00,25,27,172.89,691,0.00,215.72,5.710000,0.480000,1000.00,cifi0007.DBF
P9FN,10P9FN,F,NS,00,25,28,183.88,707,0.00,227.61,5.710000,0.480000,1000.00,cifi0007.DBF
P9FN,10P9FN,F,NS,00,25,29,195.14,722,0.00,239.75,5.710000,0.480000,1000.00,cifi0007.DBF
P9FN,10P9FN,F,NS,00,25,30,206.70,736,0.00,252.12,5.710000,0.480000,1000.00,cifi0007.DBF
P9FN,10P9FN,F,NS,00,25,31,218.54,750,0.00,264.74,5.710000,0.480000,1000.00,cifi0007.DBF
P9FN,10P9FN,F,NS,00,25,32,230.65,762,0.00,277.58,5.710000,0.480000,1000.00,cifi0007.DBF
P9FN,10P9FN,F,NS,00,25,33,243.04,775,0.00,290.63,5.710000,0.480000,1000.00,cifi0007.DBF
P9FN,10P9FN,F,NS,00,25,34,255.71,786,0.00,303.90,5.710000,0.480000,1000.00,cifi0007.DBF
P9FN,10P9FN,F,NS,00,25,35,268.67,797,0.00,317.40,5.710000,0.480000,1000.00,cifi0007.DBF
P9FN,10P9FN,F,NS,00,25,36,281.96,808,0.00,331.14,5.710000,0.480000,1000.00,cifi0007.DBF
P9FN,10P9FN,F,NS,00,25,37,295.57,818,0.00,345.14,5.710000,0.480000,1000.00,cifi0007.DBF
P9FN,10P9FN,F,NS,00,25,38,309.50,828,0.00,359.38,5.710000,0.480000,1000.00,cifi0007.DBF
P9FN,10P9FN,F,NS,00,25,39,323.77,837,0.00,373.87,5.710000,0.480000,1000.00,cifi0007.DBF
P9FN,10P9FN,F,NS,00,25,40,338.38,846,0.00,388.63,5.710000,0.480000,1000.00,cifi0007.DBF
P9FN,10P9FN,F,NS,00,25,41,353.32,854,0.00,403.63,5.710000,0.480000,1000.00,cifi0007.DBF
P9FN,10P9FN,F,NS,00,25,42,368.58,862,0.00,418.87,5.710000,0.480000,1000.00,cifi0007.DBF
P9FN,10P9FN,F,NS,00,25,43,384.17,870,0.00,434.35,5.710000,0.480000,1000.00,cifi0007.DBF
P9FN,10P9FN,F,NS,00,25,44,400.04,877,0.00,450.03,5.710000,0.480000,1000.00,cifi0007.DBF
P9FN,10P9FN,F,NS,00,25,45,416.21,884,0.00,465.91,5.710000,0.480000,1000.00,cifi0007.DBF
P9FN,10P9FN,F,NS,00,25,46,432.64,891,0.00,481.98,5.710000,0.480000,1000.00,cifi0007.DBF
P9FN,10P9FN,F,NS,00,25,47,449.30,897,0.00,498.20,5.710000,0.480000,1000.00,cifi0007.DBF
P9FN,10P9FN,F,NS,00,25,48,466.14,904,0.00,514.52,5.710000,0.480000,1000.00,cifi0007.DBF
P9FN,10P9FN,F,NS,00,25,49,483.17,909,0.00,530.94,5.710000,0.480000,1000.00,cifi0007.DBF
P9FN,10P9FN,F,NS,00,25,50,500.37,915,0.00,547.44,5.710000,0.480000,1000.00,cifi0007.DBF
P9FN,10P9FN,F,NS,00,25,51,517.71,920,0.00,563.99,5.710000,0.480000,1000.00,cifi0007.DBF
P9FN,10P9FN,F,NS,00,25,52,535.18,925,0.00,580.59,5.710000,0.480000,1000.00,cifi0007.DBF
P9FN,10P9FN,F,NS,00,25,53,552.76,930,0.00,597.21,5.710000,0.480000,1000.00,cifi0007.DBF
P9FN,10P9FN,F,NS,00,25,54,570.44,935,0.00,613.85,5.710000,0.480000,1000.00,cifi0007.DBF
P9FN,10P9FN,F,NS,00,25,55,588.22,939,0.00,630.49,5.710000,0.480000,1000.00,cifi0007.DBF
P9FN,10P9FN,F,NS,00,25,56,606.09,943,0.00,647.13,5.710000,0.480000,1000.00,cifi0007.DBF
P9FN,10P9FN,F,NS,00,25,57,623.65,947,0.00,663.58,5.710000,0.480000,1000.00,cifi0007.DBF
P9FN,10P9FN,F,NS,00,25,58,640.82,951,0.00,679.65,5.710000,0.480000,1000.00,cifi0007.DBF
P9FN,10P9FN,F,NS,00,25,59,657.76,954,0.00,695.37,5.710000,0.480000,1000.00,cifi0007.DBF
P9FN,10P9FN,F,NS,00,25,60,674.46,957,0.00,710.80,5.710000,0.480000,1000.00,cifi0007.DBF
P9FN,10P9FN,F,NS,00,25,61,690.83,960,0.00,725.91,5.710000,0.480000,1000.00,cifi0007.DBF
P9FN,10P9FN,F,NS,00,25,62,707.31,963,0.00,740.85,5.710000,0.480000,1000.00,cifi0007.DBF
P9FN,10P9FN,F,NS,00,25,63,723.13,966,0.00,755.49,5.710000,0.480000,1000.00,cifi0007.DBF
P9FN,10P9FN,F,NS,00,25,64,738.42,968,0.00,769.54,5.710000,0.480000,1000.00,cifi0007.DBF
P9FN,10P9FN,F,NS,00,25,65,753.23,971,0.00,783.10,5.710000,0.480000,1000.00,cifi0007.DBF
P9FN,10P9FN,F,NS,00,25,66,768.08,973,0.00,796.42,5.710000,0.480000,1000.00,cifi0007.DBF
P9FN,10P9FN,F,NS,00,25,67,784.56,975,0.00,810.41,5.710000,0.480000,1000.00,cifi0007.DBF
P9FN,10P9FN,F,NS,00,25,68,802.07,978,0.00,825.48,5.710000,0.480000,1000.00,cifi0007.DBF
P9FN,10P9FN,F,NS,00,25,69,820.24,980,0.00,841.22,5.710000,0.480000,1000.00,cifi0007.DBF
P9FN,10P9FN,F,NS,00,25,70,839.13,983,0.00,857.48,5.710000,0.480000,1000.00,cifi0007.DBF
P9FN,10P9FN,F,NS,00,25,71,859.07,985,0.00,874.42,5.710000,0.480000,1000.00,cifi0007.DBF
P9FN,10P9FN,F,NS,00,25,72,881.77,988,0.00,892.90,5.710000,0.480000,1000.00,cifi0007.DBF
P9FN,10P9FN,F,NS,00,25,73,909.51,991,0.00,914.59,5.710000,0.480000,1000.00,cifi0007.DBF
P9FN,10P9FN,F,NS,00,25,74,947.46,995,0.00,942.58,5.710000,0.480000,1000.00,cifi0007.DBF
P9FN,10P9FN,F,NS,00,26,1,0.00,0,0.00,0.25,0.000000,0.510000,1000.00,cifi0007.DBF
P9FN,10P9FN,F,NS,00,26,2,0.00,0,0.00,5.78,5.950000,0.510000,1000.00,cifi0007.DBF
P9FN,10P9FN,F,NS,00,26,3,0.00,0,0.00,11.51,5.950000,0.510000,1000.00,cifi0007.DBF
P9FN,10P9FN,F,NS,00,26,4,2.03,21,0.00,17.45,5.950000,0.510000,1000.00,cifi0007.DBF
P9FN,10P9FN,F,NS,00,26,5,6.89,67,0.00,23.60,5.950000,0.510000,1000.00,cifi0007.DBF
P9FN,10P9FN,F,NS,00,26,6,11.96,111,0.00,29.97,5.950000,0.510000,1000.00,cifi0007.DBF
P9FN,10P9FN,F,NS,00,26,7,17.25,153,0.00,36.56,5.950000,0.510000,1000.00,cifi0007.DBF
P9FN,10P9FN,F,NS,00,26,8,22.76,193,0.00,43.38,5.950000,0.510000,1000.00,cifi0007.DBF
P9FN,10P9FN,F,NS,00,26,9,28.50,232,0.00,50.43,5.950000,0.510000,1000.00,cifi0007.DBF
P9FN,10P9FN,F,NS,00,26,10,34.46,269,0.00,57.71,5.950000,0.510000,1000.00,cifi0007.DBF
P9FN,10P9FN,F,NS,00,26,11,40.67,304,0.00,65.22,5.950000,0.510000,1000.00,cifi0007.DBF
P9FN,10P9FN,F,NS,00,26,12,47.12,337,0.00,72.98,5.950000,0.510000,1000.00,cifi0007.DBF
P9FN,10P9FN,F,NS,00,26,13,53.86,369,0.00,81.00,5.950000,0.510000,1000.00,cifi0007.DBF
P9FN,10P9FN,F,NS,00,26,14,60.89,400,0.00,89.30,5.950000,0.510000,1000.00,cifi0007.DBF
P9FN,10P9FN,F,NS,00,26,15,68.21,430,0.00,97.89,5.950000,0.510000,1000.00,cifi0007.DBF
P9FN,10P9FN,F,NS,00,26,16,75.84,458,0.00,106.76,5.950000,0.510000,1000.00,cifi0007.DBF
P9FN,10P9FN,F,NS,00,26,17,83.80,485,0.00,115.94,5.950000,0.510000,1000.00,cifi0007.DBF
P9FN,10P9FN,F,NS,00,26,18,92.06,511,0.00,125.42,5.950000,0.510000,1000.00,cifi0007.DBF
P9FN,10P9FN,F,NS,00,26,19,100.65,535,0.00,135.19,5.950000,0.510000,1000.00,cifi0007.DBF
P9FN,10P9FN,F,NS,00,26,20,109.56,559,0.00,145.26,5.950000,0.510000,1000.00,cifi0007.DBF
P9FN,10P9FN,F,NS,00,26,21,118.79,581,0.00,155.62,5.950000,0.510000,1000.00,cifi0007.DBF
P9FN,10P9FN,F,NS,00,26,22,128.32,602,0.00,166.27,5.950000,0.510000,1000.00,cifi0007.DBF
P9FN,10P9FN,F,NS,00,26,23,138.16,623,0.00,177.19,5.950000,0.510000,1000.00,cifi0007.DBF
P9FN,10P9FN,F,NS,00,26,24,148.30,642,0.00,188.38,5.950000,0.510000,1000.00,cifi0007.DBF
P9FN,10P9FN,F,NS,00,26,25,158.75,660,0.00,199.84,5.950000,0.510000,1000.00,cifi0007.DBF
P9FN,10P9FN,F,NS,00,26,26,169.50,677,0.00,211.55,5.950000,0.510000,1000.00,cifi0007.DBF
P9FN,10P9FN,F,NS,00,26,27,180.52,694,0.00,223.52,5.950000,0.510000,1000.00,cifi0007.DBF
P9FN,10P9FN,F,NS,00,26,28,191.83,710,0.00,235.72,5.950000,0.510000,1000.00,cifi0007.DBF
P9FN,10P9FN,F,NS,00,26,29,203.44,724,0.00,248.16,5.950000,0.510000,1000.00,cifi0007.DBF
P9FN,10P9FN,F,NS,00,26,30,215.33,739,0.00,260.84,5.950000,0.510000,1000.00,cifi0007.DBF
P9FN,10P9FN,F,NS,00,26,31,227.49,752,0.00,273.75,5.950000,0.510000,1000.00,cifi0007.DBF
P9FN,10P9FN,F,NS,00,26,32,239.93,765,0.00,286.88,5.950000,0.510000,1000.00,cifi0007.DBF
P9FN,10P9FN,F,NS,00,26,33,252.65,777,0.00,300.22,5.950000,0.510000,1000.00,cifi0007.DBF
P9FN,10P9FN,F,NS,00,26,34,265.67,788,0.00,313.79,5.950000,0.510000,1000.00,cifi0007.DBF
P9FN,10P9FN,F,NS,00,26,35,279.01,799,0.00,327.61,5.950000,0.510000,1000.00,cifi0007.DBF
P9FN,10P9FN,F,NS,00,26,36,292.68,810,0.00,341.68,5.950000,0.510000,1000.00,cifi0007.DBF
P9FN,10P9FN,F,NS,00,26,37,306.66,820,0.00,356.00,5.950000,0.510000,1000.00,cifi0007.DBF
P9FN,10P9FN,F,NS,00,26,38,320.99,830,0.00,370.57,5.950000,0.510000,1000.00,cifi0007.DBF
P9FN,10P9FN,F,NS,00,26,39,335.66,839,0.00,385.40,5.950000,0.510000,1000.00,cifi0007.DBF
P9FN,10P9FN,F,NS,00,26,40,350.66,848,0.00,400.49,5.950000,0.510000,1000.00,cifi0007.DBF
P9FN,10P9FN,F,NS,00,26,41,365.99,856,0.00,415.82,5.950000,0.510000,1000.00,cifi0007.DBF
P9FN,10P9FN,F,NS,00,26,42,381.64,864,0.00,431.37,5.950000,0.510000,1000.00,cifi0007.DBF
P9FN,10P9FN,F,NS,00,26,43,397.58,872,0.00,447.14,5.950000,0.510000,1000.00,cifi0007.DBF
P9FN,10P9FN,F,NS,00,26,44,413.81,879,0.00,463.11,5.950000,0.510000,1000.00,cifi0007.DBF
P9FN,10P9FN,F,NS,00,26,45,430.31,886,0.00,479.27,5.950000,0.510000,1000.00,cifi0007.DBF
P9FN,10P9FN,F,NS,00,26,46,447.04,893,0.00,495.57,5.950000,0.510000,1000.00,cifi0007.DBF
P9FN,10P9FN,F,NS,00,26,47,463.95,899,0.00,511.99,5.950000,0.510000,1000.00,cifi0007.DBF
P9FN,10P9FN,F,NS,00,26,48,481.05,905,0.00,528.49,5.950000,0.510000,1000.00,cifi0007.DBF
P9FN,10P9FN,F,NS,00,26,49,498.32,911,0.00,545.08,5.950000,0.510000,1000.00,cifi0007.DBF
P9FN,10P9FN,F,NS,00,26,50,515.73,917,0.00,561.73,5.950000,0.510000,1000.00,cifi0007.DBF
P9FN,10P9FN,F,NS,00,26,51,533.27,922,0.00,578.41,5.950000,0.510000,1000.00,cifi0007.DBF
P9FN,10P9FN,F,NS,00,26,52,550.92,927,0.00,595.13,5.950000,0.510000,1000.00,cifi0007.DBF
P9FN,10P9FN,F,NS,00,26,53,568.67,932,0.00,611.85,5.950000,0.510000,1000.00,cifi0007.DBF
P9FN,10P9FN,F,NS,00,26,54,586.53,936,0.00,628.58,5.950000,0.510000,1000.00,cifi0007.DBF
P9FN,10P9FN,F,NS,00,26,55,604.47,941,0.00,645.31,5.950000,0.510000,1000.00,cifi0007.DBF
P9FN,10P9FN,F,NS,00,26,56,622.10,945,0.00,661.86,5.950000,0.510000,1000.00,cifi0007.DBF
P9FN,10P9FN,F,NS,00,26,57,639.34,948,0.00,678.01,5.950000,0.510000,1000.00,cifi0007.DBF
P9FN,10P9FN,F,NS,00,26,58,656.36,952,0.00,693.82,5.950000,0.510000,1000.00,cifi0007.DBF
P9FN,10P9FN,F,NS,00,26,59,673.12,955,0.00,709.33,5.950000,0.510000,1000.00,cifi0007.DBF
P9FN,10P9FN,F,NS,00,26,60,689.56,958,0.00,724.53,5.950000,0.510000,1000.00,cifi0007.DBF
P9FN,10P9FN,F,NS,00,26,61,706.10,962,0.00,739.55,5.950000,0.510000,1000.00,cifi0007.DBF
P9FN,10P9FN,F,NS,00,26,62,721.99,964,0.00,754.26,5.950000,0.510000,1000.00,cifi0007.DBF
P9FN,10P9FN,F,NS,00,26,63,737.34,967,0.00,768.39,5.950000,0.510000,1000.00,cifi0007.DBF
P9FN,10P9FN,F,NS,00,26,64,752.22,969,0.00,782.03,5.950000,0.510000,1000.00,cifi0007.DBF
P9FN,10P9FN,F,NS,00,26,65,767.13,972,0.00,795.42,5.950000,0.510000,1000.00,cifi0007.DBF
P9FN,10P9FN,F,NS,00,26,66,783.68,974,0.00,809.48,5.950000,0.510000,1000.00,cifi0007.DBF
P9FN,10P9FN,F,NS,00,26,67,801.26,977,0.00,824.64,5.950000,0.510000,1000.00,cifi0007.DBF
P9FN,10P9FN,F,NS,00,26,68,819.50,979,0.00,840.46,5.950000,0.510000,1000.00,cifi0007.DBF
P9FN,10P9FN,F,NS,00,26,69,838.47,982,0.00,856.81,5.950000,0.510000,1000.00,cifi0007.DBF
P9FN,10P9FN,F,NS,00,26,70,858.49,985,0.00,873.84,5.950000,0.510000,1000.00,cifi0007.DBF
P9FN,10P9FN,F,NS,00,26,71,881.28,988,0.00,892.42,5.950000,0.510000,1000.00,cifi0007.DBF
P9FN,10P9FN,F,NS,00,26,72,909.14,991,0.00,914.23,5.950000,0.510000,1000.00,cifi0007.DBF
P9FN,10P9FN,F,NS,00,26,73,947.24,995,0.00,942.37,5.950000,0.510000,1000.00,cifi0007.DBF
P9FN,10P9FN,F,NS,00,27,1,0.00,0,0.00,0.27,0.000000,0.550000,1000.00,cifi0007.DBF
P9FN,10P9FN,F,NS,00,27,2,0.00,0,0.00,6.04,6.200000,0.550000,1000.00,cifi0007.DBF
P9FN,10P9FN,F,NS,00,27,3,0.00,0,0.00,12.01,6.200000,0.550000,1000.00,cifi0007.DBF
P9FN,10P9FN,F,NS,00,27,4,2.62,26,0.00,18.19,6.200000,0.550000,1000.00,cifi0007.DBF
P9FN,10P9FN,F,NS,00,27,5,7.71,72,0.00,24.60,6.200000,0.550000,1000.00,cifi0007.DBF
P9FN,10P9FN,F,NS,00,27,6,13.02,116,0.00,31.22,6.200000,0.550000,1000.00,cifi0007.DBF
P9FN,10P9FN,F,NS,00,27,7,18.56,158,0.00,38.08,6.200000,0.550000,1000.00,cifi0007.DBF
P9FN,10P9FN,F,NS,00,27,8,24.32,198,0.00,45.17,6.200000,0.550000,1000.00,cifi0007.DBF
P9FN,10P9FN,F,NS,00,27,9,30.31,236,0.00,52.49,6.200000,0.550000,1000.00,cifi0007.DBF
P9FN,10P9FN,F,NS,00,27,10,36.54,273,0.00,60.05,6.200000,0.550000,1000.00,cifi0007.DBF
P9FN,10P9FN,F,NS,00,27,11,43.02,308,0.00,67.85,6.200000,0.550000,1000.00,cifi0007.DBF
P9FN,10P9FN,F,NS,00,27,12,49.79,341,0.00,75.91,6.200000,0.550000,1000.00,cifi0007.DBF
P9FN,10P9FN,F,NS,00,27,13,56.85,374,0.00,84.26,6.200000,0.550000,1000.00,cifi0007.DBF
P9FN,10P9FN,F,NS,00,27,14,64.20,404,0.00,92.90,6.200000,0.550000,1000.00,cifi0007.DBF
P9FN,10P9FN,F,NS,00,27,15,71.87,434,0.00,101.82,6.200000,0.550000,1000.00,cifi0007.DBF
P9FN,10P9FN,F,NS,00,27,16,79.85,462,0.00,111.05,6.200000,0.550000,1000.00,cifi0007.DBF
P9FN,10P9FN,F,NS,00,27,17,88.16,489,0.00,120.58,6.200000,0.550000,1000.00,cifi0007.DBF
P9FN,10P9FN,F,NS,00,27,18,96.78,515,0.00,130.41,6.200000,0.550000,1000.00,cifi0007.DBF
P9FN,10P9FN,F,NS,00,27,19,105.73,539,0.00,140.54,6.200000,0.550000,1000.00,cifi0007.DBF
P9FN,10P9FN,F,NS,00,27,20,114.99,562,0.00,150.96,6.200000,0.550000,1000.00,cifi0007.DBF
P9FN,10P9FN,F,NS,00,27,21,124.57,585,0.00,161.66,6.200000,0.550000,1000.00,cifi0007.DBF
P9FN,10P9FN,F,NS,00,27,22,134.45,606,0.00,172.64,6.200000,0.550000,1000.00,cifi0007.DBF
P9FN,10P9FN,F,NS,00,27,23,144.64,626,0.00,183.90,6.200000,0.550000,1000.00,cifi0007.DBF
P9FN,10P9FN,F,NS,00,27,24,155.13,645,0.00,195.43,6.200000,0.550000,1000.00,cifi0007.DBF
P9FN,10P9FN,F,NS,00,27,25,165.92,663,0.00,207.21,6.200000,0.550000,1000.00,cifi0007.DBF
P9FN,10P9FN,F,NS,00,27,26,177.00,680,0.00,219.24,6.200000,0.550000,1000.00,cifi0007.DBF
P9FN,10P9FN,F,NS,00,27,27,188.36,697,0.00,231.51,6.200000,0.550000,1000.00,cifi0007.DBF
P9FN,10P9FN,F,NS,00,27,28,200.01,712,0.00,244.02,6.200000,0.550000,1000.00,cifi0007.DBF
P9FN,10P9FN,F,NS,00,27,29,211.95,727,0.00,256.77,6.200000,0.550000,1000.00,cifi0007.DBF
P9FN,10P9FN,F,NS,00,27,30,224.17,741,0.00,269.76,6.200000,0.550000,1000.00,cifi0007.DBF
P9FN,10P9FN,F,NS,00,27,31,236.66,754,0.00,282.95,6.200000,0.550000,1000.00,cifi0007.DBF
P9FN,10P9FN,F,NS,00,27,32,249.43,767,0.00,296.37,6.200000,0.550000,1000.00,cifi0007.DBF
P9FN,10P9FN,F,NS,00,27,33,262.51,779,0.00,310.02,6.200000,0.550000,1000.00,cifi0007.DBF
P9FN,10P9FN,F,NS,00,27,34,275.91,791,0.00,323.92,6.200000,0.550000,1000.00,cifi0007.DBF
P9FN,10P9FN,F,NS,00,27,35,289.63,802,0.00,338.07,6.200000,0.550000,1000.00,cifi0007.DBF
P9FN,10P9FN,F,NS,00,27,36,303.68,812,0.00,352.47,6.200000,0.550000,1000.00,cifi0007.DBF
P9FN,10P9FN,F,NS,00,27,37,318.07,822,0.00,367.12,6.200000,0.550000,1000.00,cifi0007.DBF
P9FN,10P9FN,F,NS,00,27,38,332.80,832,0.00,382.04,6.200000,0.550000,1000.00,cifi0007.DBF
P9FN,10P9FN,F,NS,00,27,39,347.87,841,0.00,397.21,6.200000,0.550000,1000.00,cifi0007.DBF
P9FN,10P9FN,F,NS,00,27,40,363.26,850,0.00,412.62,6.200000,0.550000,1000.00,cifi0007.DBF
P9FN,10P9FN,F,NS,00,27,41,378.97,858,0.00,428.27,6.200000,0.550000,1000.00,cifi0007.DBF
P9FN,10P9FN,F,NS,00,27,42,394.98,866,0.00,444.13,6.200000,0.550000,1000.00,cifi0007.DBF
P9FN,10P9FN,F,NS,00,27,43,411.28,874,0.00,460.19,6.200000,0.550000,1000.00,cifi0007.DBF
P9FN,10P9FN,F,NS,00,27,44,427.86,881,0.00,476.43,6.200000,0.550000,1000.00,cifi0007.DBF
P9FN,10P9FN,F,NS,00,27,45,444.66,888,0.00,492.83,6.200000,0.550000,1000.00,cifi0007.DBF
P9FN,10P9FN,F,NS,00,27,46,461.64,895,0.00,509.34,6.200000,0.550000,1000.00,cifi0007.DBF
P9FN,10P9FN,F,NS,00,27,47,478.82,901,0.00,525.94,6.200000,0.550000,1000.00,cifi0007.DBF
P9FN,10P9FN,F,NS,00,27,48,496.16,907,0.00,542.62,6.200000,0.550000,1000.00,cifi0007.DBF
P9FN,10P9FN,F,NS,00,27,49,513.65,913,0.00,559.36,6.200000,0.550000,1000.00,cifi0007.DBF
P9FN,10P9FN,F,NS,00,27,50,531.26,918,0.00,576.14,6.200000,0.550000,1000.00,cifi0007.DBF
P9FN,10P9FN,F,NS,00,27,51,548.99,924,0.00,592.95,6.200000,0.550000,1000.00,cifi0007.DBF
P9FN,10P9FN,F,NS,00,27,52,566.81,929,0.00,609.77,6.200000,0.550000,1000.00,cifi0007.DBF
P9FN,10P9FN,F,NS,00,27,53,584.75,933,0.00,626.59,6.200000,0.550000,1000.00,cifi0007.DBF
P9FN,10P9FN,F,NS,00,27,54,602.77,938,0.00,643.42,6.200000,0.550000,1000.00,cifi0007.DBF
P9FN,10P9FN,F,NS,00,27,55,620.48,942,0.00,660.06,6.200000,0.550000,1000.00,cifi0007.DBF
P9FN,10P9FN,F,NS,00,27,56,637.79,946,0.00,676.30,6.200000,0.550000,1000.00,cifi0007.DBF
P9FN,10P9FN,F,NS,00,27,57,654.88,950,0.00,692.20,6.200000,0.550000,1000.00,cifi0007.DBF
P9FN,10P9FN,F,NS,00,27,58,671.72,953,0.00,707.80,6.200000,0.550000,1000.00,cifi0007.DBF
P9FN,10P9FN,F,NS,00,27,59,688.23,957,0.00,723.08,6.200000,0.550000,1000.00,cifi0007.DBF
P9FN,10P9FN,F,NS,00,27,60,704.84,960,0.00,738.19,6.200000,0.550000,1000.00,cifi0007.DBF
P9FN,10P9FN,F,NS,00,27,61,720.80,963,0.00,752.98,6.200000,0.550000,1000.00,cifi0007.DBF
P9FN,10P9FN,F,NS,00,27,62,736.21,965,0.00,767.19,6.200000,0.550000,1000.00,cifi0007.DBF
P9FN,10P9FN,F,NS,00,27,63,751.15,968,0.00,780.90,6.200000,0.550000,1000.00,cifi0007.DBF
P9FN,10P9FN,F,NS,00,27,64,766.13,971,0.00,794.37,6.200000,0.550000,1000.00,cifi0007.DBF
P9FN,10P9FN,F,NS,00,27,65,782.74,973,0.00,808.51,6.200000,0.550000,1000.00,cifi0007.DBF
P9FN,10P9FN,F,NS,00,27,66,800.40,976,0.00,823.76,6.200000,0.550000,1000.00,cifi0007.DBF
P9FN,10P9FN,F,NS,00,27,67,818.73,979,0.00,839.67,6.200000,0.550000,1000.00,cifi0007.DBF
P9FN,10P9FN,F,NS,00,27,68,837.78,981,0.00,856.11,6.200000,0.550000,1000.00,cifi0007.DBF
P9FN,10P9FN,F,NS,00,27,69,857.88,984,0.00,873.24,6.200000,0.550000,1000.00,cifi0007.DBF
P9FN,10P9FN,F,NS,00,27,70,880.77,987,0.00,891.92,6.200000,0.550000,1000.00,cifi0007.DBF
P9FN,10P9FN,F,NS,00,27,71,908.75,990,0.00,913.86,6.200000,0.550000,1000.00,cifi0007.DBF
P9FN,10P9FN,F,NS,00,27,72,947.01,995,0.00,942.16,6.200000,0.550000,1000.00,cifi0007.DBF
P9FN,10P9FN,F,NS,00,28,1,0.00,0,0.00,0.28,0.000000,0.560000,1000.00,cifi0007.DBF
P9FN,10P9FN,F,NS,00,28,2,0.00,0,0.00,6.28,6.460000,0.560000,1000.00,cifi0007.DBF
P9FN,10P9FN,F,NS,00,28,3,0.00,0,0.00,12.50,6.460000,0.560000,1000.00,cifi0007.DBF
P9FN,10P9FN,F,NS,00,28,4,3.24,30,0.00,18.95,6.460000,0.560000,1000.00,cifi0007.DBF
P9FN,10P9FN,F,NS,00,28,5,8.58,76,0.00,25.62,6.460000,0.560000,1000.00,cifi0007.DBF
P9FN,10P9FN,F,NS,00,28,6,14.14,120,0.00,32.51,6.460000,0.560000,1000.00,cifi0007.DBF
P9FN,10P9FN,F,NS,00,28,7,19.93,162,0.00,39.65,6.460000,0.560000,1000.00,cifi0007.DBF
P9FN,10P9FN,F,NS,00,28,8,25.95,202,0.00,47.01,6.460000,0.560000,1000.00,cifi0007.DBF
P9FN,10P9FN,F,NS,00,28,9,32.21,241,0.00,54.61,6.460000,0.560000,1000.00,cifi0007.DBF
P9FN,10P9FN,F,NS,00,28,10,38.71,277,0.00,62.46,6.460000,0.560000,1000.00,cifi0007.DBF
P9FN,10P9FN,F,NS,00,28,11,45.51,312,0.00,70.57,6.460000,0.560000,1000.00,cifi0007.DBF
P9FN,10P9FN,F,NS,00,28,12,52.60,346,0.00,78.97,6.460000,0.560000,1000.00,cifi0007.DBF
P9FN,10P9FN,F,NS,00,28,13,59.99,378,0.00,87.65,6.460000,0.560000,1000.00,cifi0007.DBF
P9FN,10P9FN,F,NS,00,28,14,67.69,409,0.00,96.63,6.460000,0.560000,1000.00,cifi0007.DBF
P9FN,10P9FN,F,NS,00,28,15,75.71,438,0.00,105.92,6.460000,0.560000,1000.00,cifi0007.DBF
P9FN,10P9FN,F,NS,00,28,16,84.05,466,0.00,115.50,6.460000,0.560000,1000.00,cifi0007.DBF
P9FN,10P9FN,F,NS,00,28,17,92.72,493,0.00,125.39,6.460000,0.560000,1000.00,cifi0007.DBF
P9FN,10P9FN,F,NS,00,28,18,101.70,519,0.00,135.58,6.460000,0.560000,1000.00,cifi0007.DBF
P9FN,10P9FN,F,NS,00,28,19,111.01,543,0.00,146.06,6.460000,0.560000,1000.00,cifi0007.DBF
P9FN,10P9FN,F,NS,00,28,20,120.63,566,0.00,156.83,6.460000,0.560000,1000.00,cifi0007.DBF
P9FN,10P9FN,F,NS,00,28,21,130.55,588,0.00,167.87,6.460000,0.560000,1000.00,cifi0007.DBF
P9FN,10P9FN,F,NS,00,28,22,140.79,609,0.00,179.19,6.460000,0.560000,1000.00,cifi0007.DBF
P9FN,10P9FN,F,NS,00,28,23,151.33,629,0.00,190.79,6.460000,0.560000,1000.00,cifi0007.DBF
P9FN,10P9FN,F,NS,00,28,24,162.17,648,0.00,202.64,6.460000,0.560000,1000.00,cifi0007.DBF
P9FN,10P9FN,F,NS,00,28,25,173.29,666,0.00,214.74,6.460000,0.560000,1000.00,cifi0007.DBF
P9FN,10P9FN,F,NS,00,28,26,184.70,683,0.00,227.08,6.460000,0.560000,1000.00,cifi0007.DBF
P9FN,10P9FN,F,NS,00,28,27,196.41,699,0.00,239.67,6.460000,0.560000,1000.00,cifi0007.DBF
P9FN,10P9FN,F,NS,00,28,28,208.41,715,0.00,252.50,6.460000,0.560000,1000.00,cifi0007.DBF
P9FN,10P9FN,F,NS,00,28,29,220.68,729,0.00,265.56,6.460000,0.560000,1000.00,cifi0007.DBF
P9FN,10P9FN,F,NS,00,28,30,233.23,743,0.00,278.83,6.460000,0.560000,1000.00,cifi0007.DBF
P9FN,10P9FN,F,NS,00,28,31,246.05,757,0.00,292.33,6.460000,0.560000,1000.00,cifi0007.DBF
P9FN,10P9FN,F,NS,00,28,32,259.19,769,0.00,306.06,6.460000,0.560000,1000.00,cifi0007.DBF
P9FN,10P9FN,F,NS,00,28,33,272.65,781,0.00,320.04,6.460000,0.560000,1000.00,cifi0007.DBF
P9FN,10P9FN,F,NS,00,28,34,286.44,793,0.00,334.27,6.460000,0.560000,1000.00,cifi0007.DBF
P9FN,10P9FN,F,NS,00,28,35,300.55,804,0.00,348.76,6.460000,0.560000,1000.00,cifi0007.DBF
P9FN,10P9FN,F,NS,00,28,36,315.00,814,0.00,363.50,6.460000,0.560000,1000.00,cifi0007.DBF
P9FN,10P9FN,F,NS,00,28,37,329.80,824,0.00,378.50,6.460000,0.560000,1000.00,cifi0007.DBF
P9FN,10P9FN,F,NS,00,28,38,344.93,834,0.00,393.76,6.460000,0.560000,1000.00,cifi0007.DBF
P9FN,10P9FN,F,NS,00,28,39,360.40,843,0.00,409.27,6.460000,0.560000,1000.00,cifi0007.DBF
P9FN,10P9FN,F,NS,00,28,40,376.18,852,0.00,425.01,6.460000,0.560000,1000.00,cifi0007.DBF
P9FN,10P9FN,F,NS,00,28,41,392.26,860,0.00,440.96,6.460000,0.560000,1000.00,cifi0007.DBF
P9FN,10P9FN,F,NS,00,28,42,408.63,868,0.00,457.11,6.460000,0.560000,1000.00,cifi0007.DBF
P9FN,10P9FN,F,NS,00,28,43,425.28,876,0.00,473.45,6.460000,0.560000,1000.00,cifi0007.DBF
P9FN,10P9FN,F,NS,00,28,44,442.16,883,0.00,489.95,6.460000,0.560000,1000.00,cifi0007.DBF
P9FN,10P9FN,F,NS,00,28,45,459.22,890,0.00,506.55,6.460000,0.560000,1000.00,cifi0007.DBF
P9FN,10P9FN,F,NS,00,28,46,476.47,897,0.00,523.25,6.460000,0.560000,1000.00,cifi0007.DBF
P9FN,10P9FN,F,NS,00,28,47,493.89,903,0.00,540.03,6.460000,0.560000,1000.00,cifi0007.DBF
P9FN,10P9FN,F,NS,00,28,48,511.46,909,0.00,556.87,6.460000,0.560000,1000.00,cifi0007.DBF
P9FN,10P9FN,F,NS,00,28,49,529.15,915,0.00,573.75,6.460000,0.560000,1000.00,cifi0007.DBF
P9FN,10P9FN,F,NS,00,28,50,546.96,920,0.00,590.66,6.460000,0.560000,1000.00,cifi0007.DBF
P9FN,10P9FN,F,NS,00,28,51,564.86,925,0.00,607.57,6.460000,0.560000,1000.00,cifi0007.DBF
P9FN,10P9FN,F,NS,00,28,52,582.88,930,0.00,624.50,6.460000,0.560000,1000.00,cifi0007.DBF
P9FN,10P9FN,F,NS,00,28,53,600.98,935,0.00,641.42,6.460000,0.560000,1000.00,cifi0007.DBF
P9FN,10P9FN,F,NS,00,28,54,618.77,940,0.00,658.16,6.460000,0.560000,1000.00,cifi0007.DBF
P9FN,10P9FN,F,NS,00,28,55,636.16,944,0.00,674.51,6.460000,0.560000,1000.00,cifi0007.DBF
P9FN,10P9FN,F,NS,00,28,56,653.33,948,0.00,690.49,6.460000,0.560000,1000.00,cifi0007.DBF
P9FN,10P9FN,F,NS,00,28,57,670.24,951,0.00,706.19,6.460000,0.560000,1000.00,cifi0007.DBF
P9FN,10P9FN,F,NS,00,28,58,686.82,955,0.00,721.56,6.460000,0.560000,1000.00,cifi0007.DBF
P9FN,10P9FN,F,NS,00,28,59,703.51,958,0.00,736.75,6.460000,0.560000,1000.00,cifi0007.DBF
P9FN,10P9FN,F,NS,00,28,60,719.54,961,0.00,751.64,6.460000,0.560000,1000.00,cifi0007.DBF
P9FN,10P9FN,F,NS,00,28,61,735.03,964,0.00,765.93,6.460000,0.560000,1000.00,cifi0007.DBF
P9FN,10P9FN,F,NS,00,28,62,750.03,967,0.00,779.72,6.460000,0.560000,1000.00,cifi0007.DBF
P9FN,10P9FN,F,NS,00,28,63,765.08,969,0.00,793.27,6.460000,0.560000,1000.00,cifi0007.DBF
P9FN,10P9FN,F,NS,00,28,64,781.77,972,0.00,807.49,6.460000,0.560000,1000.00,cifi0007.DBF
P9FN,10P9FN,F,NS,00,28,65,799.50,975,0.00,822.83,6.460000,0.560000,1000.00,cifi0007.DBF
P9FN,10P9FN,F,NS,00,28,66,817.91,978,0.00,838.84,6.460000,0.560000,1000.00,cifi0007.DBF
P9FN,10P9FN,F,NS,00,28,67,837.05,980,0.00,855.37,6.460000,0.560000,1000.00,cifi0007.DBF
P9FN,10P9FN,F,NS,00,28,68,857.24,983,0.00,872.60,6.460000,0.560000,1000.00,cifi0007.DBF
P9FN,10P9FN,F,NS,00,28,69,880.24,986,0.00,891.40,6.460000,0.560000,1000.00,cifi0007.DBF
P9FN,10P9FN,F,NS,00,28,70,908.34,990,0.00,913.46,6.460000,0.560000,1000.00,cifi0007.DBF
P9FN,10P9FN,F,NS,00,28,71,946.78,995,0.00,941.93,6.460000,0.560000,1000.00,cifi0007.DBF
P9FN,10P9FN,F,NS,00,29,1,0.00,0,0.00,0.30,0.000000,0.600000,1000.00,cifi0007.DBF
P9FN,10P9FN,F,NS,00,29,2,0.00,0,0.00,6.56,6.740000,0.600000,1000.00,cifi0007.DBF
P9FN,10P9FN,F,NS,00,29,3,0.00,0,0.00,13.04,6.740000,0.600000,1000.00,cifi0007.DBF
P9FN,10P9FN,F,NS,00,29,4,3.88,35,0.00,19.75,6.740000,0.600000,1000.00,cifi0007.DBF
P9FN,10P9FN,F,NS,00,29,5,9.47,81,0.00,26.69,6.740000,0.600000,1000.00,cifi0007.DBF
P9FN,10P9FN,F,NS,00,29,6,15.29,125,0.00,33.87,6.740000,0.600000,1000.00,cifi0007.DBF
P9FN,10P9FN,F,NS,00,29,7,21.33,166,0.00,41.27,6.740000,0.600000,1000.00,cifi0007.DBF
P9FN,10P9FN,F,NS,00,29,8,27.63,207,0.00,48.92,6.740000,0.600000,1000.00,cifi0007.DBF
P9FN,10P9FN,F,NS,00,29,9,34.16,245,0.00,56.81,6.740000,0.600000,1000.00,cifi0007.DBF
P9FN,10P9FN,F,NS,00,29,10,40.99,281,0.00,64.98,6.740000,0.600000,1000.00,cifi0007.DBF
P9FN,10P9FN,F,NS,00,29,11,48.12,316,0.00,73.43,6.740000,0.600000,1000.00,cifi0007.DBF
P9FN,10P9FN,F,NS,00,29,12,55.54,350,0.00,82.17,6.740000,0.600000,1000.00,cifi0007.DBF
P9FN,10P9FN,F,NS,00,29,13,63.28,382,0.00,91.20,6.740000,0.600000,1000.00,cifi0007.DBF
P9FN,10P9FN,F,NS,00,29,14,71.34,413,0.00,100.54,6.740000,0.600000,1000.00,cifi0007.DBF
P9FN,10P9FN,F,NS,00,29,15,79.72,442,0.00,110.19,6.740000,0.600000,1000.00,cifi0007.DBF
P9FN,10P9FN,F,NS,00,29,16,88.42,470,0.00,120.14,6.740000,0.600000,1000.00,cifi0007.DBF
P9FN,10P9FN,F,NS,00,29,17,97.45,497,0.00,130.38,6.740000,0.600000,1000.00,cifi0007.DBF
P9FN,10P9FN,F,NS,00,29,18,106.80,522,0.00,140.93,6.740000,0.600000,1000.00,cifi0007.DBF
P9FN,10P9FN,F,NS,00,29,19,116.46,547,0.00,151.77,6.740000,0.600000,1000.00,cifi0007.DBF
P9FN,10P9FN,F,NS,00,29,20,126.43,570,0.00,162.88,6.740000,0.600000,1000.00,cifi0007.DBF
P9FN,10P9FN,F,NS,00,29,21,136.72,592,0.00,174.27,6.740000,0.600000,1000.00,cifi0007.DBF
P9FN,10P9FN,F,NS,00,29,22,147.31,613,0.00,185.93,6.740000,0.600000,1000.00,cifi0007.DBF
P9FN,10P9FN,F,NS,00,29,23,158.20,632,0.00,197.86,6.740000,0.600000,1000.00,cifi0007.DBF
P9FN,10P9FN,F,NS,00,29,24,169.38,651,0.00,210.04,6.740000,0.600000,1000.00,cifi0007.DBF
P9FN,10P9FN,F,NS,00,29,25,180.84,669,0.00,222.45,6.740000,0.600000,1000.00,cifi0007.DBF
P9FN,10P9FN,F,NS,00,29,26,192.60,686,0.00,235.12,6.740000,0.600000,1000.00,cifi0007.DBF
P9FN,10P9FN,F,NS,00,29,27,204.66,702,0.00,248.03,6.740000,0.600000,1000.00,cifi0007.DBF
P9FN,10P9FN,F,NS,00,29,28,216.99,717,0.00,261.16,6.740000,0.600000,1000.00,cifi0007.DBF
P9FN,10P9FN,F,NS,00,29,29,229.60,732,0.00,274.52,6.740000,0.600000,1000.00,cifi0007.DBF
P9FN,10P9FN,F,NS,00,29,30,242.48,746,0.00,288.10,6.740000,0.600000,1000.00,cifi0007.DBF
P9FN,10P9FN,F,NS,00,29,31,255.68,759,0.00,301.91,6.740000,0.600000,1000.00,cifi0007.DBF
P9FN,10P9FN,F,NS,00,29,32,269.21,771,0.00,315.98,6.740000,0.600000,1000.00,cifi0007.DBF
P9FN,10P9FN,F,NS,00,29,33,283.06,783,0.00,330.30,6.740000,0.600000,1000.00,cifi0007.DBF
P9FN,10P9FN,F,NS,00,29,34,297.23,795,0.00,344.88,6.740000,0.600000,1000.00,cifi0007.DBF
P9FN,10P9FN,F,NS,00,29,35,311.75,806,0.00,359.71,6.740000,0.600000,1000.00,cifi0007.DBF
P9FN,10P9FN,F,NS,00,29,36,326.62,816,0.00,374.80,6.740000,0.600000,1000.00,cifi0007.DBF
P9FN,10P9FN,F,NS,00,29,37,341.83,826,0.00,390.16,6.740000,0.600000,1000.00,cifi0007.DBF
P9FN,10P9FN,F,NS,00,29,38,357.37,836,0.00,405.76,6.740000,0.600000,1000.00,cifi0007.DBF
P9FN,10P9FN,F,NS,00,29,39,373.23,845,0.00,421.59,6.740000,0.600000,1000.00,cifi0007.DBF
P9FN,10P9FN,F,NS,00,29,40,389.38,854,0.00,437.64,6.740000,0.600000,1000.00,cifi0007.DBF
P9FN,10P9FN,F,NS,00,29,41,405.83,862,0.00,453.90,6.740000,0.600000,1000.00,cifi0007.DBF
P9FN,10P9FN,F,NS,00,29,42,422.56,870,0.00,470.34,6.740000,0.600000,1000.00,cifi0007.DBF
P9FN,10P9FN,F,NS,00,29,43,439.52,878,0.00,486.93,6.740000,0.600000,1000.00,cifi0007.DBF
P9FN,10P9FN,F,NS,00,29,44,456.66,885,0.00,503.64,6.740000,0.600000,1000.00,cifi0007.DBF
P9FN,10P9FN,F,NS,00,29,45,473.99,892,0.00,520.44,6.740000,0.600000,1000.00,cifi0007.DBF
P9FN,10P9FN,F,NS,00,29,46,491.50,899,0.00,537.32,6.740000,0.600000,1000.00,cifi0007.DBF
P9FN,10P9FN,F,NS,00,29,47,509.14,905,0.00,554.27,6.740000,0.600000,1000.00,cifi0007.DBF
P9FN,10P9FN,F,NS,00,29,48,526.92,911,0.00,571.25,6.740000,0.600000,1000.00,cifi0007.DBF
P9FN,10P9FN,F,NS,00,29,49,544.82,917,0.00,588.26,6.740000,0.600000,1000.00,cifi0007.DBF
P9FN,10P9FN,F,NS,00,29,50,562.80,922,0.00,605.28,6.740000,0.600000,1000.00,cifi0007.DBF
P9FN,10P9FN,F,NS,00,29,51,580.90,927,0.00,622.31,6.740000,0.600000,1000.00,cifi0007.DBF
P9FN,10P9FN,F,NS,00,29,52,599.09,932,0.00,639.34,6.740000,0.600000,1000.00,cifi0007.DBF
P9FN,10P9FN,F,NS,00,29,53,616.96,937,0.00,656.18,6.740000,0.600000,1000.00,cifi0007.DBF
P9FN,10P9FN,F,NS,00,29,54,634.44,941,0.00,672.62,6.740000,0.600000,1000.00,cifi0007.DBF
P9FN,10P9FN,F,NS,00,29,55,651.68,945,0.00,688.71,6.740000,0.600000,1000.00,cifi0007.DBF
P9FN,10P9FN,F,NS,00,29,56,668.68,949,0.00,704.50,6.740000,0.600000,1000.00,cifi0007.DBF
P9FN,10P9FN,F,NS,00,29,57,685.34,953,0.00,719.96,6.740000,0.600000,1000.00,cifi0007.DBF
P9FN,10P9FN,F,NS,00,29,58,702.11,956,0.00,735.25,6.740000,0.600000,1000.00,cifi0007.DBF
P9FN,10P9FN,F,NS,00,29,59,718.21,959,0.00,750.23,6.740000,0.600000,1000.00,cifi0007.DBF
P9FN,10P9FN,F,NS,00,29,60,733.77,962,0.00,764.61,6.740000,0.600000,1000.00,cifi0007.DBF
P9FN,10P9FN,F,NS,00,29,61,748.85,965,0.00,778.49,6.740000,0.600000,1000.00,cifi0007.DBF
P9FN,10P9FN,F,NS,00,29,62,763.96,968,0.00,792.12,6.740000,0.600000,1000.00,cifi0007.DBF
P9FN,10P9FN,F,NS,00,29,63,780.73,971,0.00,806.43,6.740000,0.600000,1000.00,cifi0007.DBF
P9FN,10P9FN,F,NS,00,29,64,798.56,974,0.00,821.86,6.740000,0.600000,1000.00,cifi0007.DBF
P9FN,10P9FN,F,NS,00,29,65,817.05,977,0.00,837.96,6.740000,0.600000,1000.00,cifi0007.DBF
P9FN,10P9FN,F,NS,00,29,66,836.27,980,0.00,854.60,6.740000,0.600000,1000.00,cifi0007.DBF
P9FN,10P9FN,F,NS,00,29,67,856.57,982,0.00,871.94,6.740000,0.600000,1000.00,cifi0007.DBF
P9FN,10P9FN,F,NS,00,29,68,879.67,986,0.00,890.85,6.740000,0.600000,1000.00,cifi0007.DBF
P9FN,10P9FN,F,NS,00,29,69,907.90,990,0.00,913.05,6.740000,0.600000,1000.00,cifi0007.DBF
P9FN,10P9FN,F,NS,00,29,70,946.52,994,0.00,941.69,6.740000,0.600000,1000.00,cifi0007.DBF
P9FN,10P9FN,F,NS,00,30,1,0.00,0,0.00,0.31,0.000000,0.620000,1000.00,cifi0007.DBF
P9FN,10P9FN,F,NS,00,30,2,0.00,0,0.00,6.83,7.030000,0.620000,1000.00,cifi0007.DBF
P9FN,10P9FN,F,NS,00,30,3,0.00,0,0.00,13.58,7.030000,0.620000,1000.00,cifi0007.DBF
P9FN,10P9FN,F,NS,00,30,4,4.56,39,0.00,20.57,7.030000,0.620000,1000.00,cifi0007.DBF
P9FN,10P9FN,F,NS,00,30,5,10.41,85,0.00,27.79,7.030000,0.620000,1000.00,cifi0007.DBF
P9FN,10P9FN,F,NS,00,30,6,16.48,129,0.00,35.25,7.030000,0.620000,1000.00,cifi0007.DBF
P9FN,10P9FN,F,NS,00,30,7,22.80,170,0.00,42.94,7.030000,0.620000,1000.00,cifi0007.DBF
P9FN,10P9FN,F,NS,00,30,8,29.37,210,0.00,50.89,7.030000,0.620000,1000.00,cifi0007.DBF
P9FN,10P9FN,F,NS,00,30,9,36.24,249,0.00,59.10,7.030000,0.620000,1000.00,cifi0007.DBF
P9FN,10P9FN,F,NS,00,30,10,43.40,285,0.00,67.61,7.030000,0.620000,1000.00,cifi0007.DBF
P9FN,10P9FN,F,NS,00,30,11,50.85,320,0.00,76.40,7.030000,0.620000,1000.00,cifi0007.DBF
P9FN,10P9FN,F,NS,00,30,12,58.63,354,0.00,85.49,7.030000,0.620000,1000.00,cifi0007.DBF
P9FN,10P9FN,F,NS,00,30,13,66.73,386,0.00,94.89,7.030000,0.620000,1000.00,cifi0007.DBF
P9FN,10P9FN,F,NS,00,30,14,75.15,417,0.00,104.60,7.030000,0.620000,1000.00,cifi0007.DBF
P9FN,10P9FN,F,NS,00,30,15,83.90,446,0.00,114.61,7.030000,0.620000,1000.00,cifi0007.DBF
P9FN,10P9FN,F,NS,00,30,16,92.97,474,0.00,124.93,7.030000,0.620000,1000.00,cifi0007.DBF
P9FN,10P9FN,F,NS,00,30,17,102.37,501,0.00,135.54,7.030000,0.620000,1000.00,cifi0007.DBF
P9FN,10P9FN,F,NS,00,30,18,112.08,526,0.00,146.45,7.030000,0.620000,1000.00,cifi0007.DBF
P9FN,10P9FN,F,NS,00,30,19,122.10,550,0.00,157.63,7.030000,0.620000,1000.00,cifi0007.DBF
P9FN,10P9FN,F,NS,00,30,20,132.44,573,0.00,169.10,7.030000,0.620000,1000.00,cifi0007.DBF
P9FN,10P9FN,F,NS,00,30,21,143.08,595,0.00,180.84,7.030000,0.620000,1000.00,cifi0007.DBF
P9FN,10P9FN,F,NS,00,30,22,154.03,616,0.00,192.84,7.030000,0.620000,1000.00,cifi0007.DBF
P9FN,10P9FN,F,NS,00,30,23,165.26,635,0.00,205.09,7.030000,0.620000,1000.00,cifi0007.DBF
P9FN,10P9FN,F,NS,00,30,24,176.78,654,0.00,217.59,7.030000,0.620000,1000.00,cifi0007.DBF
P9FN,10P9FN,F,NS,00,30,25,188.60,672,0.00,230.33,7.030000,0.620000,1000.00,cifi0007.DBF
P9FN,10P9FN,F,NS,00,30,26,200.72,688,0.00,243.32,7.030000,0.620000,1000.00,cifi0007.DBF
P9FN,10P9FN,F,NS,00,30,27,213.10,704,0.00,256.55,7.030000,0.620000,1000.00,cifi0007.DBF
P9FN,10P9FN,F,NS,00,30,28,225.77,720,0.00,269.99,7.030000,0.620000,1000.00,cifi0007.DBF
P9FN,10P9FN,F,NS,00,30,29,238.73,734,0.00,283.66,7.030000,0.620000,1000.00,cifi0007.DBF
P9FN,10P9FN,F,NS,00,30,30,251.99,748,0.00,297.56,7.030000,0.620000,1000.00,cifi0007.DBF
P9FN,10P9FN,F,NS,00,30,31,265.58,761,0.00,311.72,7.030000,0.620000,1000.00,cifi0007.DBF
P9FN,10P9FN,F,NS,00,30,32,279.50,773,0.00,326.13,7.030000,0.620000,1000.00,cifi0007.DBF
P9FN,10P9FN,F,NS,00,30,33,293.75,786,0.00,340.80,7.030000,0.620000,1000.00,cifi0007.DBF
P9FN,10P9FN,F,NS,00,30,34,308.34,797,0.00,355.72,7.030000,0.620000,1000.00,cifi0007.DBF
P9FN,10P9FN,F,NS,00,30,35,323.28,808,0.00,370.92,7.030000,0.620000,1000.00,cifi0007.DBF
P9FN,10P9FN,F,NS,00,30,36,338.57,818,0.00,386.37,7.030000,0.620000,1000.00,cifi0007.DBF
P9FN,10P9FN,F,NS,00,30,37,354.18,829,0.00,402.07,7.030000,0.620000,1000.00,cifi0007.DBF
P9FN,10P9FN,F,NS,00,30,38,370.12,838,0.00,418.00,7.030000,0.620000,1000.00,cifi0007.DBF
P9FN,10P9FN,F,NS,00,30,39,386.36,847,0.00,434.16,7.030000,0.620000,1000.00,cifi0007.DBF
P9FN,10P9FN,F,NS,00,30,40,402.89,856,0.00,450.52,7.030000,0.620000,1000.00,cifi0007.DBF
P9FN,10P9FN,F,NS,00,30,41,419.70,864,0.00,467.06,7.030000,0.620000,1000.00,cifi0007.DBF
P9FN,10P9FN,F,NS,00,30,42,436.74,872,0.00,483.77,7.030000,0.620000,1000.00,cifi0007.DBF
P9FN,10P9FN,F,NS,00,30,43,453.97,880,0.00,500.58,7.030000,0.620000,1000.00,cifi0007.DBF
P9FN,10P9FN,F,NS,00,30,44,471.38,887,0.00,517.49,7.030000,0.620000,1000.00,cifi0007.DBF
P9FN,10P9FN,F,NS,00,30,45,488.97,894,0.00,534.48,7.030000,0.620000,1000.00,cifi0007.DBF
P9FN,10P9FN,F,NS,00,30,46,506.71,901,0.00,551.53,7.030000,0.620000,1000.00,cifi0007.DBF
P9FN,10P9FN,F,NS,00,30,47,524.58,907,0.00,568.62,7.030000,0.620000,1000.00,cifi0007.DBF
P9FN,10P9FN,F,NS,00,30,48,542.56,913,0.00,585.74,7.030000,0.620000,1000.00,cifi0007.DBF
P9FN,10P9FN,F,NS,00,30,49,560.64,919,0.00,602.87,7.030000,0.620000,1000.00,cifi0007.DBF
P9FN,10P9FN,F,NS,00,30,50,578.83,924,0.00,620.01,7.030000,0.620000,1000.00,cifi0007.DBF
P9FN,10P9FN,F,NS,00,30,51,597.10,929,0.00,637.15,7.030000,0.620000,1000.00,cifi0007.DBF
P9FN,10P9FN,F,NS,00,30,52,615.06,934,0.00,654.10,7.030000,0.620000,1000.00,cifi0007.DBF
P9FN,10P9FN,F,NS,00,30,53,632.62,938,0.00,670.65,7.030000,0.620000,1000.00,cifi0007.DBF
P9FN,10P9FN,F,NS,00,30,54,649.96,943,0.00,686.83,7.030000,0.620000,1000.00,cifi0007.DBF
P9FN,10P9FN,F,NS,00,30,55,667.03,947,0.00,702.73,7.030000,0.620000,1000.00,cifi0007.DBF
P9FN,10P9FN,F,NS,00,30,56,683.78,950,0.00,718.29,7.030000,0.620000,1000.00,cifi0007.DBF
P9FN,10P9FN,F,NS,00,30,57,700.63,954,0.00,733.68,7.030000,0.620000,1000.00,cifi0007.DBF
P9FN,10P9FN,F,NS,00,30,58,716.82,957,0.00,748.75,7.030000,0.620000,1000.00,cifi0007.DBF
P9FN,10P9FN,F,NS,00,30,59,732.45,961,0.00,763.23,7.030000,0.620000,1000.00,cifi0007.DBF
P9FN,10P9FN,F,NS,00,30,60,747.60,963,0.00,777.19,7.030000,0.620000,1000.00,cifi0007.DBF
P9FN,10P9FN,F,NS,00,30,61,762.79,966,0.00,790.91,7.030000,0.620000,1000.00,cifi0007.DBF
P9FN,10P9FN,F,NS,00,30,62,779.65,969,0.00,805.31,7.030000,0.620000,1000.00,cifi0007.DBF
P9FN,10P9FN,F,NS,00,30,63,797.56,972,0.00,820.84,7.030000,0.620000,1000.00,cifi0007.DBF
P9FN,10P9FN,F,NS,00,30,64,816.14,975,0.00,837.05,7.030000,0.620000,1000.00,cifi0007.DBF
P9FN,10P9FN,F,NS,00,30,65,835.46,979,0.00,853.79,7.030000,0.620000,1000.00,cifi0007.DBF
P9FN,10P9FN,F,NS,00,30,66,855.86,982,0.00,871.24,7.030000,0.620000,1000.00,cifi0007.DBF
P9FN,10P9FN,F,NS,00,30,67,879.07,985,0.00,890.27,7.030000,0.620000,1000.00,cifi0007.DBF
P9FN,10P9FN,F,NS,00,30,68,907.45,989,0.00,912.61,7.030000,0.620000,1000.00,cifi0007.DBF
P9FN,10P9FN,F,NS,00,30,69,946.26,994,0.00,941.44,7.030000,0.620000,1000.00,cifi0007.DBF
P9FN,10P9FN,F,NS,00,31,1,0.00,0,0.00,0.33,0.000000,0.650000,1000.00,cifi0007.DBF
P9FN,10P9FN,F,NS,00,31,2,0.00,0,0.00,7.12,7.330000,0.650000,1000.00,cifi0007.DBF
P9FN,10P9FN,F,NS,00,31,3,0.00,0,0.00,14.16,7.330000,0.650000,1000.00,cifi0007.DBF
P9FN,10P9FN,F,NS,00,31,4,5.25,43,0.00,21.43,7.330000,0.650000,1000.00,cifi0007.DBF
P9FN,10P9FN,F,NS,00,31,5,11.35,89,0.00,28.93,7.330000,0.650000,1000.00,cifi0007.DBF
P9FN,10P9FN,F,NS,00,31,6,17.71,133,0.00,36.68,7.330000,0.650000,1000.00,cifi0007.DBF
P9FN,10P9FN,F,NS,00,31,7,24.31,174,0.00,44.68,7.330000,0.650000,1000.00,cifi0007.DBF
P9FN,10P9FN,F,NS,00,31,8,31.21,214,0.00,52.95,7.330000,0.650000,1000.00,cifi0007.DBF
P9FN,10P9FN,F,NS,00,31,9,38.41,253,0.00,61.51,7.330000,0.650000,1000.00,cifi0007.DBF
P9FN,10P9FN,F,NS,00,31,10,45.91,289,0.00,70.36,7.330000,0.650000,1000.00,cifi0007.DBF
P9FN,10P9FN,F,NS,00,31,11,53.72,324,0.00,79.51,7.330000,0.650000,1000.00,cifi0007.DBF
P9FN,10P9FN,F,NS,00,31,12,61.86,358,0.00,88.98,7.330000,0.650000,1000.00,cifi0007.DBF
P9FN,10P9FN,F,NS,00,31,13,70.33,390,0.00,98.75,7.330000,0.650000,1000.00,cifi0007.DBF
P9FN,10P9FN,F,NS,00,31,14,79.12,421,0.00,108.83,7.330000,0.650000,1000.00,cifi0007.DBF
P9FN,10P9FN,F,NS,00,31,15,88.24,450,0.00,119.21,7.330000,0.650000,1000.00,cifi0007.DBF
P9FN,10P9FN,F,NS,00,31,16,97.69,478,0.00,129.90,7.330000,0.650000,1000.00,cifi0007.DBF
P9FN,10P9FN,F,NS,00,31,17,107.45,504,0.00,140.87,7.330000,0.650000,1000.00,cifi0007.DBF
P9FN,10P9FN,F,NS,00,31,18,117.52,530,0.00,152.13,7.330000,0.650000,1000.00,cifi0007.DBF
P9FN,10P9FN,F,NS,00,31,19,127.92,554,0.00,163.68,7.330000,0.650000,1000.00,cifi0007.DBF
P9FN,10P9FN,F,NS,00,31,20,138.61,576,0.00,175.49,7.330000,0.650000,1000.00,cifi0007.DBF
P9FN,10P9FN,F,NS,00,31,21,149.61,598,0.00,187.57,7.330000,0.650000,1000.00,cifi0007.DBF
P9FN,10P9FN,F,NS,00,31,22,160.91,619,0.00,199.91,7.330000,0.650000,1000.00,cifi0007.DBF
P9FN,10P9FN,F,NS,00,31,23,172.49,638,0.00,212.49,7.330000,0.650000,1000.00,cifi0007.DBF
P9FN,10P9FN,F,NS,00,31,24,184.37,657,0.00,225.32,7.330000,0.650000,1000.00,cifi0007.DBF
P9FN,10P9FN,F,NS,00,31,25,196.55,674,0.00,238.40,7.330000,0.650000,1000.00,cifi0007.DBF
P9FN,10P9FN,F,NS,00,31,26,209.00,691,0.00,251.71,7.330000,0.650000,1000.00,cifi0007.DBF
P9FN,10P9FN,F,NS,00,31,27,221.74,707,0.00,265.24,7.330000,0.650000,1000.00,cifi0007.DBF
P9FN,10P9FN,F,NS,00,31,28,234.76,722,0.00,279.00,7.330000,0.650000,1000.00,cifi0007.DBF
P9FN,10P9FN,F,NS,00,31,29,248.09,736,0.00,293.00,7.330000,0.650000,1000.00,cifi0007.DBF
P9FN,10P9FN,F,NS,00,31,30,261.75,750,0.00,307.25,7.330000,0.650000,1000.00,cifi0007.DBF
P9FN,10P9FN,F,NS,00,31,31,275.75,763,0.00,321.76,7.330000,0.650000,1000.00,cifi0007.DBF
P9FN,10P9FN,F,NS,00,31,32,290.07,776,0.00,336.52,7.330000,0.650000,1000.00,cifi0007.DBF
P9FN,10P9FN,F,NS,00,31,33,304.73,788,0.00,351.55,7.330000,0.650000,1000.00,cifi0007.DBF
P9FN,10P9FN,F,NS,00,31,34,319.76,799,0.00,366.84,7.330000,0.650000,1000.00,cifi0007.DBF
P9FN,10P9FN,F,NS,00,31,35,335.12,810,0.00,382.40,7.330000,0.650000,1000.00,cifi0007.DBF
P9FN,10P9FN,F,NS,00,31,36,350.81,821,0.00,398.20,7.330000,0.650000,1000.00,cifi0007.DBF
P9FN,10P9FN,F,NS,00,31,37,366.83,831,0.00,414.25,7.330000,0.650000,1000.00,cifi0007.DBF
P9FN,10P9FN,F,NS,00,31,38,383.16,840,0.00,430.51,7.330000,0.650000,1000.00,cifi0007.DBF
P9FN,10P9FN,F,NS,00,31,39,399.77,849,0.00,446.98,7.330000,0.650000,1000.00,cifi0007.DBF
P9FN,10P9FN,F,NS,00,31,40,416.67,858,0.00,463.63,7.330000,0.650000,1000.00,cifi0007.DBF
P9FN,10P9FN,F,NS,00,31,41,433.80,867,0.00,480.45,7.330000,0.650000,1000.00,cifi0007.DBF
P9FN,10P9FN,F,NS,00,31,42,451.12,874,0.00,497.37,7.330000,0.650000,1000.00,cifi0007.DBF
P9FN,10P9FN,F,NS,00,31,43,468.63,882,0.00,514.39,7.330000,0.650000,1000.00,cifi0007.DBF
P9FN,10P9FN,F,NS,00,31,44,486.31,889,0.00,531.50,7.330000,0.650000,1000.00,cifi0007.DBF
P9FN,10P9FN,F,NS,00,31,45,504.14,896,0.00,548.66,7.330000,0.650000,1000.00,cifi0007.DBF
P9FN,10P9FN,F,NS,00,31,46,522.10,903,0.00,565.87,7.330000,0.650000,1000.00,cifi0007.DBF
P9FN,10P9FN,F,NS,00,31,47,540.17,909,0.00,583.10,7.330000,0.650000,1000.00,cifi0007.DBF
P9FN,10P9FN,F,NS,00,31,48,558.34,915,0.00,600.35,7.330000,0.650000,1000.00,cifi0007.DBF
P9FN,10P9FN,F,NS,00,31,49,576.63,920,0.00,617.60,7.330000,0.650000,1000.00,cifi0007.DBF
P9FN,10P9FN,F,NS,00,31,50,595.00,926,0.00,634.85,7.330000,0.650000,1000.00,cifi0007.DBF
P9FN,10P9FN,F,NS,00,31,51,613.06,931,0.00,651.92,7.330000,0.650000,1000.00,cifi0007.DBF
P9FN,10P9FN,F,NS,00,31,52,630.71,936,0.00,668.58,7.330000,0.650000,1000.00,cifi0007.DBF
P9FN,10P9FN,F,NS,00,31,53,648.13,940,0.00,684.87,7.330000,0.650000,1000.00,cifi0007.DBF
P9FN,10P9FN,F,NS,00,31,54,665.30,944,0.00,700.87,7.330000,0.650000,1000.00,cifi0007.DBF
P9FN,10P9FN,F,NS,00,31,55,682.13,948,0.00,716.54,7.330000,0.650000,1000.00,cifi0007.DBF
P9FN,10P9FN,F,NS,00,31,56,699.07,952,0.00,732.03,7.330000,0.650000,1000.00,cifi0007.DBF
P9FN,10P9FN,F,NS,00,31,57,715.34,955,0.00,747.20,7.330000,0.650000,1000.00,cifi0007.DBF
P9FN,10P9FN,F,NS,00,31,58,731.05,959,0.00,761.77,7.330000,0.650000,1000.00,cifi0007.DBF
P9FN,10P9FN,F,NS,00,31,59,746.29,962,0.00,775.83,7.330000,0.650000,1000.00,cifi0007.DBF
P9FN,10P9FN,F,NS,00,31,60,761.55,965,0.00,789.64,7.330000,0.650000,1000.00,cifi0007.DBF
P9FN,10P9FN,F,NS,00,31,61,778.50,968,0.00,804.14,7.330000,0.650000,1000.00,cifi0007.DBF
P9FN,10P9FN,F,NS,00,31,62,796.50,971,0.00,819.77,7.330000,0.650000,1000.00,cifi0007.DBF
P9FN,10P9FN,F,NS,00,31,63,815.18,974,0.00,836.09,7.330000,0.650000,1000.00,cifi0007.DBF
P9FN,10P9FN,F,NS,00,31,64,834.60,978,0.00,852.95,7.330000,0.650000,1000.00,cifi0007.DBF
P9FN,10P9FN,F,NS,00,31,65,855.10,981,0.00,870.51,7.330000,0.650000,1000.00,cifi0007.DBF
P9FN,10P9FN,F,NS,00,31,66,878.44,984,0.00,889.67,7.330000,0.650000,1000.00,cifi0007.DBF
P9FN,10P9FN,F,NS,00,31,67,906.96,988,0.00,912.16,7.330000,0.650000,1000.00,cifi0007.DBF
P9FN,10P9FN,F,NS,00,31,68,945.98,994,0.00,941.18,7.330000,0.650000,1000.00,cifi0007.DBF
P9FN,10P9FN,F,NS,00,32,1,0.00,0,0.00,0.35,0.000000,0.690000,1000.00,cifi0007.DBF
P9FN,10P9FN,F,NS,00,32,2,0.00,0,0.00,7.43,7.650000,0.690000,1000.00,cifi0007.DBF
P9FN,10P9FN,F,NS,00,32,3,0.00,0,0.00,14.75,7.650000,0.690000,1000.00,cifi0007.DBF
P9FN,10P9FN,F,NS,00,32,4,5.95,47,0.00,22.31,7.650000,0.690000,1000.00,cifi0007.DBF
P9FN,10P9FN,F,NS,00,32,5,12.34,93,0.00,30.11,7.650000,0.690000,1000.00,cifi0007.DBF
P9FN,10P9FN,F,NS,00,32,6,18.97,136,0.00,38.16,7.650000,0.690000,1000.00,cifi0007.DBF
P9FN,10P9FN,F,NS,00,32,7,25.92,178,0.00,46.49,7.650000,0.690000,1000.00,cifi0007.DBF
P9FN,10P9FN,F,NS,00,32,8,33.15,218,0.00,55.11,7.650000,0.690000,1000.00,cifi0007.DBF
P9FN,10P9FN,F,NS,00,32,9,40.69,256,0.00,64.03,7.650000,0.690000,1000.00,cifi0007.DBF
P9FN,10P9FN,F,NS,00,32,10,48.55,293,0.00,73.24,7.650000,0.690000,1000.00,cifi0007.DBF
P9FN,10P9FN,F,NS,00,32,11,56.73,328,0.00,82.77,7.650000,0.690000,1000.00,cifi0007.DBF
P9FN,10P9FN,F,NS,00,32,12,65.25,362,0.00,92.61,7.650000,0.690000,1000.00,cifi0007.DBF
P9FN,10P9FN,F,NS,00,32,13,74.09,394,0.00,102.76,7.650000,0.690000,1000.00,cifi0007.DBF
P9FN,10P9FN,F,NS,00,32,14,83.26,425,0.00,113.22,7.650000,0.690000,1000.00,cifi0007.DBF
P9FN,10P9FN,F,NS,00,32,15,92.76,454,0.00,123.98,7.650000,0.690000,1000.00,cifi0007.DBF
P9FN,10P9FN,F,NS,00,32,16,102.57,482,0.00,135.03,7.650000,0.690000,1000.00,cifi0007.DBF
P9FN,10P9FN,F,NS,00,32,17,112.70,508,0.00,146.37,7.650000,0.690000,1000.00,cifi0007.DBF
P9FN,10P9FN,F,NS,00,32,18,123.15,533,0.00,157.99,7.650000,0.690000,1000.00,cifi0007.DBF
P9FN,10P9FN,F,NS,00,32,19,133.90,557,0.00,169.89,7.650000,0.690000,1000.00,cifi0007.DBF
P9FN,10P9FN,F,NS,00,32,20,144.96,579,0.00,182.05,7.650000,0.690000,1000.00,cifi0007.DBF
P9FN,10P9FN,F,NS,00,32,21,156.32,601,0.00,194.48,7.650000,0.690000,1000.00,cifi0007.DBF
P9FN,10P9FN,F,NS,00,32,22,167.96,621,0.00,207.15,7.650000,0.690000,1000.00,cifi0007.DBF
P9FN,10P9FN,F,NS,00,32,23,179.91,641,0.00,220.06,7.650000,0.690000,1000.00,cifi0007.DBF
P9FN,10P9FN,F,NS,00,32,24,192.16,659,0.00,233.23,7.650000,0.690000,1000.00,cifi0007.DBF
P9FN,10P9FN,F,NS,00,32,25,204.68,677,0.00,246.64,7.650000,0.690000,1000.00,cifi0007.DBF
P9FN,10P9FN,F,NS,00,32,26,217.48,693,0.00,260.26,7.650000,0.690000,1000.00,cifi0007.DBF
P9FN,10P9FN,F,NS,00,32,27,230.57,709,0.00,274.12,7.650000,0.690000,1000.00,cifi0007.DBF
P9FN,10P9FN,F,NS,00,32,28,243.98,724,0.00,288.21,7.650000,0.690000,1000.00,cifi0007.DBF
P9FN,10P9FN,F,NS,00,32,29,257.72,738,0.00,302.56,7.650000,0.690000,1000.00,cifi0007.DBF
P9FN,10P9FN,F,NS,00,32,30,271.79,752,0.00,317.17,7.650000,0.690000,1000.00,cifi0007.DBF
P9FN,10P9FN,F,NS,00,32,31,286.18,765,0.00,332.04,7.650000,0.690000,1000.00,cifi0007.DBF
P9FN,10P9FN,F,NS,00,32,32,300.93,778,0.00,347.17,7.650000,0.690000,1000.00,cifi0007.DBF
P9FN,10P9FN,F,NS,00,32,33,316.04,790,0.00,362.57,7.650000,0.690000,1000.00,cifi0007.DBF
P9FN,10P9FN,F,NS,00,32,34,331.48,801,0.00,378.24,7.650000,0.690000,1000.00,cifi0007.DBF
P9FN,10P9FN,F,NS,00,32,35,347.26,812,0.00,394.15,7.650000,0.690000,1000.00,cifi0007.DBF
P9FN,10P9FN,F,NS,00,32,36,363.37,823,0.00,410.30,7.650000,0.690000,1000.00,cifi0007.DBF
P9FN,10P9FN,F,NS,00,32,37,379.78,833,0.00,426.68,7.650000,0.690000,1000.00,cifi0007.DBF
P9FN,10P9FN,F,NS,00,32,38,396.49,842,0.00,443.26,7.650000,0.690000,1000.00,cifi0007.DBF
P9FN,10P9FN,F,NS,00,32,39,413.48,852,0.00,460.03,7.650000,0.690000,1000.00,cifi0007.DBF
P9FN,10P9FN,F,NS,00,32,40,430.70,860,0.00,476.96,7.650000,0.690000,1000.00,cifi0007.DBF
P9FN,10P9FN,F,NS,00,32,41,448.12,869,0.00,494.01,7.650000,0.690000,1000.00,cifi0007.DBF
P9FN,10P9FN,F,NS,00,32,42,465.72,877,0.00,511.15,7.650000,0.690000,1000.00,cifi0007.DBF
P9FN,10P9FN,F,NS,00,32,43,483.50,884,0.00,528.37,7.650000,0.690000,1000.00,cifi0007.DBF
P9FN,10P9FN,F,NS,00,32,44,501.43,891,0.00,545.65,7.650000,0.690000,1000.00,cifi0007.DBF
P9FN,10P9FN,F,NS,00,32,45,519.48,898,0.00,562.98,7.650000,0.690000,1000.00,cifi0007.DBF
P9FN,10P9FN,F,NS,00,32,46,537.66,905,0.00,580.34,7.650000,0.690000,1000.00,cifi0007.DBF
P9FN,10P9FN,F,NS,00,32,47,555.93,911,0.00,597.70,7.650000,0.690000,1000.00,cifi0007.DBF
P9FN,10P9FN,F,NS,00,32,48,574.31,917,0.00,615.07,7.650000,0.690000,1000.00,cifi0007.DBF
P9FN,10P9FN,F,NS,00,32,49,592.78,922,0.00,632.45,7.650000,0.690000,1000.00,cifi0007.DBF
P9FN,10P9FN,F,NS,00,32,50,610.94,928,0.00,649.63,7.650000,0.690000,1000.00,cifi0007.DBF
P9FN,10P9FN,F,NS,00,32,51,628.69,933,0.00,666.40,7.650000,0.690000,1000.00,cifi0007.DBF
P9FN,10P9FN,F,NS,00,32,52,646.21,937,0.00,682.81,7.650000,0.690000,1000.00,cifi0007.DBF
P9FN,10P9FN,F,NS,00,32,53,663.47,942,0.00,698.92,7.650000,0.690000,1000.00,cifi0007.DBF
P9FN,10P9FN,F,NS,00,32,54,680.39,946,0.00,714.70,7.650000,0.690000,1000.00,cifi0007.DBF
P9FN,10P9FN,F,NS,00,32,55,697.42,950,0.00,730.30,7.650000,0.690000,1000.00,cifi0007.DBF
P9FN,10P9FN,F,NS,00,32,56,713.78,953,0.00,745.58,7.650000,0.690000,1000.00,cifi0007.DBF
P9FN,10P9FN,F,NS,00,32,57,729.58,957,0.00,760.25,7.650000,0.690000,1000.00,cifi0007.DBF
P9FN,10P9FN,F,NS,00,32,58,744.90,960,0.00,774.40,7.650000,0.690000,1000.00,cifi0007.DBF
P9FN,10P9FN,F,NS,00,32,59,760.25,963,0.00,788.31,7.650000,0.690000,1000.00,cifi0007.DBF
P9FN,10P9FN,F,NS,00,32,60,777.29,966,0.00,802.91,7.650000,0.690000,1000.00,cifi0007.DBF
P9FN,10P9FN,F,NS,00,32,61,795.39,970,0.00,818.65,7.650000,0.690000,1000.00,cifi0007.DBF
P9FN,10P9FN,F,NS,00,32,62,814.17,973,0.00,835.08,7.650000,0.690000,1000.00,cifi0007.DBF
P9FN,10P9FN,F,NS,00,32,63,833.70,976,0.00,852.06,7.650000,0.690000,1000.00,cifi0007.DBF
P9FN,10P9FN,F,NS,00,32,64,854.31,980,0.00,869.74,7.650000,0.690000,1000.00,cifi0007.DBF
P9FN,10P9FN,F,NS,00,32,65,877.78,984,0.00,889.04,7.650000,0.690000,1000.00,cifi0007.DBF
P9FN,10P9FN,F,NS,00,32,66,906.46,988,0.00,911.68,7.650000,0.690000,1000.00,cifi0007.DBF
P9FN,10P9FN,F,NS,00,32,67,945.68,993,0.00,940.90,7.650000,0.690000,1000.00,cifi0007.DBF
P9FN,10P9FN,F,NS,00,33,1,0.00,0,0.00,0.37,0.000000,0.730000,1000.00,cifi0007.DBF
P9FN,10P9FN,F,NS,00,33,2,0.00,0,0.00,7.74,7.990000,0.730000,1000.00,cifi0007.DBF
P9FN,10P9FN,F,NS,00,33,3,0.25,2,0.00,15.35,7.990000,0.730000,1000.00,cifi0007.DBF
P9FN,10P9FN,F,NS,00,33,4,6.67,50,0.00,23.21,7.990000,0.730000,1000.00,cifi0007.DBF
P9FN,10P9FN,F,NS,00,33,5,13.35,96,0.00,31.32,7.990000,0.730000,1000.00,cifi0007.DBF
P9FN,10P9FN,F,NS,00,33,6,20.33,140,0.00,39.71,7.990000,0.730000,1000.00,cifi0007.DBF
P9FN,10P9FN,F,NS,00,33,7,27.61,182,0.00,48.39,7.990000,0.730000,1000.00,cifi0007.DBF
P9FN,10P9FN,F,NS,00,33,8,35.19,222,0.00,57.37,7.990000,0.730000,1000.00,cifi0007.DBF
P9FN,10P9FN,F,NS,00,33,9,43.09,260,0.00,66.66,7.990000,0.730000,1000.00,cifi0007.DBF
P9FN,10P9FN,F,NS,00,33,10,51.33,297,0.00,76.25,7.990000,0.730000,1000.00,cifi0007.DBF
P9FN,10P9FN,F,NS,00,33,11,59.89,332,0.00,86.17,7.990000,0.730000,1000.00,cifi0007.DBF
P9FN,10P9FN,F,NS,00,33,12,68.78,366,0.00,96.39,7.990000,0.730000,1000.00,cifi0007.DBF
P9FN,10P9FN,F,NS,00,33,13,78.00,398,0.00,106.92,7.990000,0.730000,1000.00,cifi0007.DBF
P9FN,10P9FN,F,NS,00,33,14,87.55,428,0.00,117.76,7.990000,0.730000,1000.00,cifi0007.DBF
P9FN,10P9FN,F,NS,00,33,15,97.42,457,0.00,128.89,7.990000,0.730000,1000.00,cifi0007.DBF
P9FN,10P9FN,F,NS,00,33,16,107.61,485,0.00,140.31,7.990000,0.730000,1000.00,cifi0007.DBF
P9FN,10P9FN,F,NS,00,33,17,118.12,511,0.00,152.02,7.990000,0.730000,1000.00,cifi0007.DBF
P9FN,10P9FN,F,NS,00,33,18,128.94,536,0.00,164.00,7.990000,0.730000,1000.00,cifi0007.DBF
P9FN,10P9FN,F,NS,00,33,19,140.06,560,0.00,176.26,7.990000,0.730000,1000.00,cifi0007.DBF
P9FN,10P9FN,F,NS,00,33,20,151.48,582,0.00,188.77,7.990000,0.730000,1000.00,cifi0007.DBF
P9FN,10P9FN,F,NS,00,33,21,163.19,604,0.00,201.53,7.990000,0.730000,1000.00,cifi0007.DBF
P9FN,10P9FN,F,NS,00,33,22,175.21,624,0.00,214.54,7.990000,0.730000,1000.00,cifi0007.DBF
P9FN,10P9FN,F,NS,00,33,23,187.52,643,0.00,227.81,7.990000,0.730000,1000.00,cifi0007.DBF
P9FN,10P9FN,F,NS,00,33,24,200.12,662,0.00,241.31,7.990000,0.730000,1000.00,cifi0007.DBF
P9FN,10P9FN,F,NS,00,33,25,213.00,679,0.00,255.03,7.990000,0.730000,1000.00,cifi0007.DBF
P9FN,10P9FN,F,NS,00,33,26,226.16,695,0.00,268.99,7.990000,0.730000,1000.00,cifi0007.DBF
P9FN,10P9FN,F,NS,00,33,27,239.64,711,0.00,283.18,7.990000,0.730000,1000.00,cifi0007.DBF
P9FN,10P9FN,F,NS,00,33,28,253.46,726,0.00,297.64,7.990000,0.730000,1000.00,cifi0007.DBF
P9FN,10P9FN,F,NS,00,33,29,267.61,741,0.00,312.35,7.990000,0.730000,1000.00,cifi0007.DBF
P9FN,10P9FN,F,NS,00,33,30,282.09,754,0.00,327.33,7.990000,0.730000,1000.00,cifi0007.DBF
P9FN,10P9FN,F,NS,00,33,31,296.92,767,0.00,342.57,7.990000,0.730000,1000.00,cifi0007.DBF
P9FN,10P9FN,F,NS,00,33,32,312.11,780,0.00,358.08,7.990000,0.730000,1000.00,cifi0007.DBF
P9FN,10P9FN,F,NS,00,33,33,327.65,792,0.00,373.86,7.990000,0.730000,1000.00,cifi0007.DBF
P9FN,10P9FN,F,NS,00,33,34,343.52,804,0.00,389.89,7.990000,0.730000,1000.00,cifi0007.DBF
P9FN,10P9FN,F,NS,00,33,35,359.72,815,0.00,406.16,7.990000,0.730000,1000.00,cifi0007.DBF
P9FN,10P9FN,F,NS,00,33,36,376.23,825,0.00,422.66,7.990000,0.730000,1000.00,cifi0007.DBF
P9FN,10P9FN,F,NS,00,33,37,393.03,835,0.00,439.36,7.990000,0.730000,1000.00,cifi0007.DBF
P9FN,10P9FN,F,NS,00,33,38,410.12,845,0.00,456.25,7.990000,0.730000,1000.00,cifi0007.DBF
P9FN,10P9FN,F,NS,00,33,39,427.44,854,0.00,473.31,7.990000,0.730000,1000.00,cifi0007.DBF
P9FN,10P9FN,F,NS,00,33,40,444.95,863,0.00,490.47,7.990000,0.730000,1000.00,cifi0007.DBF
P9FN,10P9FN,F,NS,00,33,41,462.66,871,0.00,507.74,7.990000,0.730000,1000.00,cifi0007.DBF
P9FN,10P9FN,F,NS,00,33,42,480.54,879,0.00,525.09,7.990000,0.730000,1000.00,cifi0007.DBF
P9FN,10P9FN,F,NS,00,33,43,498.57,886,0.00,542.50,7.990000,0.730000,1000.00,cifi0007.DBF
P9FN,10P9FN,F,NS,00,33,44,516.73,893,0.00,559.95,7.990000,0.730000,1000.00,cifi0007.DBF
P9FN,10P9FN,F,NS,00,33,45,535.01,900,0.00,577.43,7.990000,0.730000,1000.00,cifi0007.DBF
P9FN,10P9FN,F,NS,00,33,46,553.38,907,0.00,594.92,7.990000,0.730000,1000.00,cifi0007.DBF
P9FN,10P9FN,F,NS,00,33,47,571.87,913,0.00,612.42,7.990000,0.730000,1000.00,cifi0007.DBF
P9FN,10P9FN,F,NS,00,33,48,590.45,919,0.00,629.92,7.990000,0.730000,1000.00,cifi0007.DBF
P9FN,10P9FN,F,NS,00,33,49,608.71,924,0.00,647.23,7.990000,0.730000,1000.00,cifi0007.DBF
P9FN,10P9FN,F,NS,00,33,50,626.56,929,0.00,664.12,7.990000,0.730000,1000.00,cifi0007.DBF
P9FN,10P9FN,F,NS,00,33,51,644.18,934,0.00,680.65,7.990000,0.730000,1000.00,cifi0007.DBF
P9FN,10P9FN,F,NS,00,33,52,661.54,939,0.00,696.88,7.990000,0.730000,1000.00,cifi0007.DBF
P9FN,10P9FN,F,NS,00,33,53,678.56,943,0.00,712.77,7.990000,0.730000,1000.00,cifi0007.DBF
P9FN,10P9FN,F,NS,00,33,54,695.69,947,0.00,728.48,7.990000,0.730000,1000.00,cifi0007.DBF
P9FN,10P9FN,F,NS,00,33,55,712.14,951,0.00,743.87,7.990000,0.730000,1000.00,cifi0007.DBF
P9FN,10P9FN,F,NS,00,33,56,728.03,955,0.00,758.65,7.990000,0.730000,1000.00,cifi0007.DBF
P9FN,10P9FN,F,NS,00,33,57,743.44,958,0.00,772.91,7.990000,0.730000,1000.00,cifi0007.DBF
P9FN,10P9FN,F,NS,00,33,58,758.88,961,0.00,786.91,7.990000,0.730000,1000.00,cifi0007.DBF
P9FN,10P9FN,F,NS,00,33,59,776.01,965,0.00,801.62,7.990000,0.730000,1000.00,cifi0007.DBF
P9FN,10P9FN,F,NS,00,33,60,794.21,968,0.00,817.47,7.990000,0.730000,1000.00,cifi0007.DBF
P9FN,10P9FN,F,NS,00,33,61,813.10,972,0.00,834.02,7.990000,0.730000,1000.00,cifi0007.DBF
P9FN,10P9FN,F,NS,00,33,62,832.75,975,0.00,851.12,7.990000,0.730000,1000.00,cifi0007.DBF
P9FN,10P9FN,F,NS,00,33,63,853.48,979,0.00,868.94,7.990000,0.730000,1000.00,cifi0007.DBF
P9FN,10P9FN,F,NS,00,33,64,877.08,983,0.00,888.37,7.990000,0.730000,1000.00,cifi0007.DBF
P9FN,10P9FN,F,NS,00,33,65,905.92,987,0.00,911.18,7.990000,0.730000,1000.00,cifi0007.DBF
P9FN,10P9FN,F,NS,00,33,66,945.37,993,0.00,940.61,7.990000,0.730000,1000.00,cifi0007.DBF
P9FN,10P9FN,F,NS,00,34,1,0.00,0,0.00,0.39,0.000000,0.790000,1000.00,cifi0007.DBF
P9FN,10P9FN,F,NS,00,34,2,0.00,0,0.00,8.06,8.340000,0.790000,1000.00,cifi0007.DBF
P9FN,10P9FN,F,NS,00,34,3,0.69,6,0.00,15.98,8.340000,0.790000,1000.00,cifi0007.DBF
P9FN,10P9FN,F,NS,00,34,4,7.41,53,0.00,24.15,8.340000,0.790000,1000.00,cifi0007.DBF
P9FN,10P9FN,F,NS,00,34,5,14.43,99,0.00,32.60,8.340000,0.790000,1000.00,cifi0007.DBF
P9FN,10P9FN,F,NS,00,34,6,21.75,143,0.00,41.35,8.340000,0.790000,1000.00,cifi0007.DBF
P9FN,10P9FN,F,NS,00,34,7,29.38,185,0.00,50.40,8.340000,0.790000,1000.00,cifi0007.DBF
P9FN,10P9FN,F,NS,00,34,8,37.33,226,0.00,59.76,8.340000,0.790000,1000.00,cifi0007.DBF
P9FN,10P9FN,F,NS,00,34,9,45.61,264,0.00,69.43,8.340000,0.790000,1000.00,cifi0007.DBF
P9FN,10P9FN,F,NS,00,34,10,54.23,301,0.00,79.41,8.340000,0.790000,1000.00,cifi0007.DBF
P9FN,10P9FN,F,NS,00,34,11,63.17,336,0.00,89.71,8.340000,0.790000,1000.00,cifi0007.DBF
P9FN,10P9FN,F,NS,00,34,12,72.45,370,0.00,100.32,8.340000,0.790000,1000.00,cifi0007.DBF
P9FN,10P9FN,F,NS,00,34,13,82.06,402,0.00,111.24,8.340000,0.790000,1000.00,cifi0007.DBF
P9FN,10P9FN,F,NS,00,34,14,91.99,432,0.00,122.46,8.340000,0.790000,1000.00,cifi0007.DBF
P9FN,10P9FN,F,NS,00,34,15,102.24,461,0.00,133.97,8.340000,0.790000,1000.00,cifi0007.DBF
P9FN,10P9FN,F,NS,00,34,16,112.81,488,0.00,145.76,8.340000,0.790000,1000.00,cifi0007.DBF
P9FN,10P9FN,F,NS,00,34,17,123.69,514,0.00,157.84,8.340000,0.790000,1000.00,cifi0007.DBF
P9FN,10P9FN,F,NS,00,34,18,134.88,539,0.00,170.18,8.340000,0.790000,1000.00,cifi0007.DBF
P9FN,10P9FN,F,NS,00,34,19,146.37,563,0.00,182.79,8.340000,0.790000,1000.00,cifi0007.DBF
P9FN,10P9FN,F,NS,00,34,20,158.15,585,0.00,195.65,8.340000,0.790000,1000.00,cifi0007.DBF
P9FN,10P9FN,F,NS,00,34,21,170.24,606,0.00,208.76,8.340000,0.790000,1000.00,cifi0007.DBF
P9FN,10P9FN,F,NS,00,34,22,182.63,626,0.00,222.12,8.340000,0.790000,1000.00,cifi0007.DBF
P9FN,10P9FN,F,NS,00,34,23,195.30,646,0.00,235.73,8.340000,0.790000,1000.00,cifi0007.DBF
P9FN,10P9FN,F,NS,00,34,24,208.26,664,0.00,249.56,8.340000,0.790000,1000.00,cifi0007.DBF
P9FN,10P9FN,F,NS,00,34,25,221.50,681,0.00,263.62,8.340000,0.790000,1000.00,cifi0007.DBF
P9FN,10P9FN,F,NS,00,34,26,235.06,698,0.00,277.92,8.340000,0.790000,1000.00,cifi0007.DBF
P9FN,10P9FN,F,NS,00,34,27,248.97,713,0.00,292.48,8.340000,0.790000,1000.00,cifi0007.DBF
P9FN,10P9FN,F,NS,00,34,28,263.20,728,0.00,307.31,8.340000,0.790000,1000.00,cifi0007.DBF
P9FN,10P9FN,F,NS,00,34,29,277.77,743,0.00,322.40,8.340000,0.790000,1000.00,cifi0007.DBF
P9FN,10P9FN,F,NS,00,34,30,292.69,757,0.00,337.75,8.340000,0.790000,1000.00,cifi0007.DBF
P9FN,10P9FN,F,NS,00,34,31,307.97,770,0.00,353.38,8.340000,0.790000,1000.00,cifi0007.DBF
P9FN,10P9FN,F,NS,00,34,32,323.60,782,0.00,369.28,8.340000,0.790000,1000.00,cifi0007.DBF
P9FN,10P9FN,F,NS,00,34,33,339.57,794,0.00,385.43,8.340000,0.790000,1000.00,cifi0007.DBF
P9FN,10P9FN,F,NS,00,34,34,355.87,806,0.00,401.83,8.340000,0.790000,1000.00,cifi0007.DBF
P9FN,10P9FN,F,NS,00,34,35,372.47,817,0.00,418.44,8.340000,0.790000,1000.00,cifi0007.DBF
P9FN,10P9FN,F,NS,00,34,36,389.38,827,0.00,435.27,8.340000,0.790000,1000.00,cifi0007.DBF
P9FN,10P9FN,F,NS,00,34,37,406.57,837,0.00,452.30,8.340000,0.790000,1000.00,cifi0007.DBF
P9FN,10P9FN,F,NS,00,34,38,423.99,847,0.00,469.48,8.340000,0.790000,1000.00,cifi0007.DBF
P9FN,10P9FN,F,NS,00,34,39,441.61,856,0.00,486.77,8.340000,0.790000,1000.00,cifi0007.DBF
P9FN,10P9FN,F,NS,00,34,40,459.42,865,0.00,504.17,8.340000,0.790000,1000.00,cifi0007.DBF
P9FN,10P9FN,F,NS,00,34,41,477.41,873,0.00,521.65,8.340000,0.790000,1000.00,cifi0007.DBF
P9FN,10P9FN,F,NS,00,34,42,495.55,881,0.00,539.19,8.340000,0.790000,1000.00,cifi0007.DBF
P9FN,10P9FN,F,NS,00,34,43,513.82,888,0.00,556.77,8.340000,0.790000,1000.00,cifi0007.DBF
P9FN,10P9FN,F,NS,00,34,44,532.21,895,0.00,574.39,8.340000,0.790000,1000.00,cifi0007.DBF
P9FN,10P9FN,F,NS,00,34,45,550.70,902,0.00,592.01,8.340000,0.790000,1000.00,cifi0007.DBF
P9FN,10P9FN,F,NS,00,34,46,569.30,909,0.00,609.64,8.340000,0.790000,1000.00,cifi0007.DBF
P9FN,10P9FN,F,NS,00,34,47,587.98,915,0.00,627.27,8.340000,0.790000,1000.00,cifi0007.DBF
P9FN,10P9FN,F,NS,00,34,48,606.35,921,0.00,644.71,8.340000,0.790000,1000.00,cifi0007.DBF
P9FN,10P9FN,F,NS,00,34,49,624.31,926,0.00,661.73,8.340000,0.790000,1000.00,cifi0007.DBF
P9FN,10P9FN,F,NS,00,34,50,642.04,931,0.00,678.38,8.340000,0.790000,1000.00,cifi0007.DBF
P9FN,10P9FN,F,NS,00,34,51,659.50,936,0.00,694.74,8.340000,0.790000,1000.00,cifi0007.DBF
P9FN,10P9FN,F,NS,00,34,52,676.63,941,0.00,710.74,8.340000,0.790000,1000.00,cifi0007.DBF
P9FN,10P9FN,F,NS,00,34,53,693.86,945,0.00,726.58,8.340000,0.790000,1000.00,cifi0007.DBF
P9FN,10P9FN,F,NS,00,34,54,710.41,949,0.00,742.08,8.340000,0.790000,1000.00,cifi0007.DBF
P9FN,10P9FN,F,NS,00,34,55,726.40,953,0.00,756.97,8.340000,0.790000,1000.00,cifi0007.DBF
P9FN,10P9FN,F,NS,00,34,56,741.89,956,0.00,771.34,8.340000,0.790000,1000.00,cifi0007.DBF
P9FN,10P9FN,F,NS,00,34,57,757.42,959,0.00,785.45,8.340000,0.790000,1000.00,cifi0007.DBF
P9FN,10P9FN,F,NS,00,34,58,774.66,963,0.00,800.27,8.340000,0.790000,1000.00,cifi0007.DBF
P9FN,10P9FN,F,NS,00,34,59,792.98,967,0.00,816.24,8.340000,0.790000,1000.00,cifi0007.DBF
P9FN,10P9FN,F,NS,00,34,60,811.98,971,0.00,832.92,8.340000,0.790000,1000.00,cifi0007.DBF
P9FN,10P9FN,F,NS,00,34,61,831.74,974,0.00,850.14,8.340000,0.790000,1000.00,cifi0007.DBF
P9FN,10P9FN,F,NS,00,34,62,852.59,978,0.00,868.09,8.340000,0.790000,1000.00,cifi0007.DBF
P9FN,10P9FN,F,NS,00,34,63,876.34,982,0.00,887.67,8.340000,0.790000,1000.00,cifi0007.DBF
P9FN,10P9FN,F,NS,00,34,64,905.35,987,0.00,910.65,8.340000,0.790000,1000.00,cifi0007.DBF
P9FN,10P9FN,F,NS,00,34,65,945.04,993,0.00,940.31,8.340000,0.790000,1000.00,cifi0007.DBF
P9FN,10P9FN,F,NS,00,35,1,0.00,0,0.00,0.43,0.000000,0.860000,1000.00,cifi0007.DBF
P9FN,10P9FN,F,NS,00,35,2,0.00,0,0.00,8.41,8.700000,0.860000,1000.00,cifi0007.DBF
P9FN,10P9FN,F,NS,00,35,3,1.16,9,0.00,16.64,8.700000,0.860000,1000.00,cifi0007.DBF
P9FN,10P9FN,F,NS,00,35,4,8.22,57,0.00,25.16,8.700000,0.860000,1000.00,cifi0007.DBF
P9FN,10P9FN,F,NS,00,35,5,15.59,103,0.00,33.98,8.700000,0.860000,1000.00,cifi0007.DBF
P9FN,10P9FN,F,NS,00,35,6,23.27,147,0.00,43.10,8.700000,0.860000,1000.00,cifi0007.DBF
P9FN,10P9FN,F,NS,00,35,7,31.27,189,0.00,52.53,8.700000,0.860000,1000.00,cifi0007.DBF
P9FN,10P9FN,F,NS,00,35,8,39.60,229,0.00,62.27,8.700000,0.860000,1000.00,cifi0007.DBF
P9FN,10P9FN,F,NS,00,35,9,48.27,268,0.00,72.34,8.700000,0.860000,1000.00,cifi0007.DBF
P9FN,10P9FN,F,NS,00,35,10,57.27,305,0.00,82.72,8.700000,0.860000,1000.00,cifi0007.DBF
P9FN,10P9FN,F,NS,00,35,11,66.61,340,0.00,93.41,8.700000,0.860000,1000.00,cifi0007.DBF
P9FN,10P9FN,F,NS,00,35,12,76.28,373,0.00,104.42,8.700000,0.860000,1000.00,cifi0007.DBF
P9FN,10P9FN,F,NS,00,35,13,86.27,405,0.00,115.72,8.700000,0.860000,1000.00,cifi0007.DBF
P9FN,10P9FN,F,NS,00,35,14,96.58,435,0.00,127.32,8.700000,0.860000,1000.00,cifi0007.DBF
P9FN,10P9FN,F,NS,00,35,15,107.22,464,0.00,139.21,8.700000,0.860000,1000.00,cifi0007.DBF
P9FN,10P9FN,F,NS,00,35,16,118.17,491,0.00,151.38,8.700000,0.860000,1000.00,cifi0007.DBF
P9FN,10P9FN,F,NS,00,35,17,129.43,517,0.00,163.82,8.700000,0.860000,1000.00,cifi0007.DBF
P9FN,10P9FN,F,NS,00,35,18,140.99,542,0.00,176.53,8.700000,0.860000,1000.00,cifi0007.DBF
P9FN,10P9FN,F,NS,00,35,19,152.85,565,0.00,189.49,8.700000,0.860000,1000.00,cifi0007.DBF
P9FN,10P9FN,F,NS,00,35,20,165.01,588,0.00,202.70,8.700000,0.860000,1000.00,cifi0007.DBF
P9FN,10P9FN,F,NS,00,35,21,177.48,609,0.00,216.17,8.700000,0.860000,1000.00,cifi0007.DBF
P9FN,10P9FN,F,NS,00,35,22,190.23,629,0.00,229.88,8.700000,0.860000,1000.00,cifi0007.DBF
P9FN,10P9FN,F,NS,00,35,23,203.27,648,0.00,243.82,8.700000,0.860000,1000.00,cifi0007.DBF
P9FN,10P9FN,F,NS,00,35,24,216.60,666,0.00,257.99,8.700000,0.860000,1000.00,cifi0007.DBF
P9FN,10P9FN,F,NS,00,35,25,230.25,683,0.00,272.40,8.700000,0.860000,1000.00,cifi0007.DBF
P9FN,10P9FN,F,NS,00,35,26,244.23,700,0.00,287.08,8.700000,0.860000,1000.00,cifi0007.DBF
P9FN,10P9FN,F,NS,00,35,27,258.56,716,0.00,302.02,8.700000,0.860000,1000.00,cifi0007.DBF
P9FN,10P9FN,F,NS,00,35,28,273.22,731,0.00,317.23,8.700000,0.860000,1000.00,cifi0007.DBF
P9FN,10P9FN,F,NS,00,35,29,288.24,745,0.00,332.71,8.700000,0.860000,1000.00,cifi0007.DBF
P9FN,10P9FN,F,NS,00,35,30,303.61,759,0.00,348.46,8.700000,0.860000,1000.00,cifi0007.DBF
P9FN,10P9FN,F,NS,00,35,31,319.34,772,0.00,364.48,8.700000,0.860000,1000.00,cifi0007.DBF
P9FN,10P9FN,F,NS,00,35,32,335.41,785,0.00,380.76,8.700000,0.860000,1000.00,cifi0007.DBF
P9FN,10P9FN,F,NS,00,35,33,351.81,797,0.00,397.28,8.700000,0.860000,1000.00,cifi0007.DBF
P9FN,10P9FN,F,NS,00,35,34,368.52,808,0.00,414.03,8.700000,0.860000,1000.00,cifi0007.DBF
P9FN,10P9FN,F,NS,00,35,35,385.53,819,0.00,430.99,8.700000,0.860000,1000.00,cifi0007.DBF
P9FN,10P9FN,F,NS,00,35,36,402.83,830,0.00,448.15,8.700000,0.860000,1000.00,cifi0007.DBF
P9FN,10P9FN,F,NS,00,35,37,420.36,840,0.00,465.46,8.700000,0.860000,1000.00,cifi0007.DBF
P9FN,10P9FN,F,NS,00,35,38,438.09,849,0.00,482.90,8.700000,0.860000,1000.00,cifi0007.DBF
P9FN,10P9FN,F,NS,00,35,39,456.02,858,0.00,500.43,8.700000,0.860000,1000.00,cifi0007.DBF
P9FN,10P9FN,F,NS,00,35,40,474.12,867,0.00,518.04,8.700000,0.860000,1000.00,cifi0007.DBF
P9FN,10P9FN,F,NS,00,35,41,492.37,875,0.00,535.72,8.700000,0.860000,1000.00,cifi0007.DBF
P9FN,10P9FN,F,NS,00,35,42,510.76,883,0.00,553.45,8.700000,0.860000,1000.00,cifi0007.DBF
P9FN,10P9FN,F,NS,00,35,43,529.26,891,0.00,571.20,8.700000,0.860000,1000.00,cifi0007.DBF
P9FN,10P9FN,F,NS,00,35,44,547.86,898,0.00,588.96,8.700000,0.860000,1000.00,cifi0007.DBF
P9FN,10P9FN,F,NS,00,35,45,566.58,904,0.00,606.73,8.700000,0.860000,1000.00,cifi0007.DBF
P9FN,10P9FN,F,NS,00,35,46,585.39,911,0.00,624.49,8.700000,0.860000,1000.00,cifi0007.DBF
P9FN,10P9FN,F,NS,00,35,47,603.87,917,0.00,642.07,8.700000,0.860000,1000.00,cifi0007.DBF
P9FN,10P9FN,F,NS,00,35,48,621.94,923,0.00,659.23,8.700000,0.860000,1000.00,cifi0007.DBF
P9FN,10P9FN,F,NS,00,35,49,639.78,928,0.00,676.01,8.700000,0.860000,1000.00,cifi0007.DBF
P9FN,10P9FN,F,NS,00,35,50,657.36,933,0.00,692.49,8.700000,0.860000,1000.00,cifi0007.DBF
P9FN,10P9FN,F,NS,00,35,51,674.59,938,0.00,708.63,8.700000,0.860000,1000.00,cifi0007.DBF
P9FN,10P9FN,F,NS,00,35,52,691.93,942,0.00,724.58,8.700000,0.860000,1000.00,cifi0007.DBF
P9FN,10P9FN,F,NS,00,35,53,708.58,946,0.00,740.21,8.700000,0.860000,1000.00,cifi0007.DBF
P9FN,10P9FN,F,NS,00,35,54,724.67,950,0.00,755.21,8.700000,0.860000,1000.00,cifi0007.DBF
P9FN,10P9FN,F,NS,00,35,55,740.27,954,0.00,769.69,8.700000,0.860000,1000.00,cifi0007.DBF
P9FN,10P9FN,F,NS,00,35,56,755.90,958,0.00,783.91,8.700000,0.860000,1000.00,cifi0007.DBF
P9FN,10P9FN,F,NS,00,35,57,773.24,961,0.00,798.85,8.700000,0.860000,1000.00,cifi0007.DBF
P9FN,10P9FN,F,NS,00,35,58,791.67,965,0.00,814.95,8.700000,0.860000,1000.00,cifi0007.DBF
P9FN,10P9FN,F,NS,00,35,59,810.80,969,0.00,831.76,8.700000,0.860000,1000.00,cifi0007.DBF
P9FN,10P9FN,F,NS,00,35,60,830.68,973,0.00,849.12,8.700000,0.860000,1000.00,cifi0007.DBF
P9FN,10P9FN,F,NS,00,35,61,851.67,977,0.00,867.21,8.700000,0.860000,1000.00,cifi0007.DBF
P9FN,10P9FN,F,NS,00,35,62,875.56,981,0.00,886.94,8.700000,0.860000,1000.00,cifi0007.DBF
P9FN,10P9FN,F,NS,00,35,63,904.76,986,0.00,910.10,8.700000,0.860000,1000.00,cifi0007.DBF
P9FN,10P9FN,F,NS,00,35,64,944.70,992,0.00,939.99,8.700000,0.860000,1000.00,cifi0007.DBF
P9FN,10P9FN,F,NS,00,36,1,0.00,0,0.00,0.46,0.000000,0.910000,1000.00,cifi0007.DBF
P9FN,10P9FN,F,NS,00,36,2,0.00,0,0.00,8.76,9.090000,0.910000,1000.00,cifi0007.DBF
P9FN,10P9FN,F,NS,00,36,3,1.69,12,0.00,17.35,9.090000,0.910000,1000.00,cifi0007.DBF
P9FN,10P9FN,F,NS,00,36,4,9.10,60,0.00,26.24,9.090000,0.910000,1000.00,cifi0007.DBF
P9FN,10P9FN,F,NS,00,36,5,16.83,106,0.00,35.43,9.090000,0.910000,1000.00,cifi0007.DBF
P9FN,10P9FN,F,NS,00,36,6,24.88,150,0.00,44.94,9.090000,0.910000,1000.00,cifi0007.DBF
P9FN,10P9FN,F,NS,00,36,7,33.27,193,0.00,54.76,9.090000,0.910000,1000.00,cifi0007.DBF
P9FN,10P9FN,F,NS,00,36,8,42.00,233,0.00,64.91,9.090000,0.910000,1000.00,cifi0007.DBF
P9FN,10P9FN,F,NS,00,36,9,51.06,272,0.00,75.38,9.090000,0.910000,1000.00,cifi0007.DBF
P9FN,10P9FN,F,NS,00,36,10,60.46,308,0.00,86.16,9.090000,0.910000,1000.00,cifi0007.DBF
P9FN,10P9FN,F,NS,00,36,11,70.19,344,0.00,97.25,9.090000,0.910000,1000.00,cifi0007.DBF
P9FN,10P9FN,F,NS,00,36,12,80.25,377,0.00,108.65,9.090000,0.910000,1000.00,cifi0007.DBF
P9FN,10P9FN,F,NS,00,36,13,90.63,409,0.00,120.34,9.090000,0.910000,1000.00,cifi0007.DBF
P9FN,10P9FN,F,NS,00,36,14,101.34,439,0.00,132.33,9.090000,0.910000,1000.00,cifi0007.DBF
P9FN,10P9FN,F,NS,00,36,15,112.36,467,0.00,144.60,9.090000,0.910000,1000.00,cifi0007.DBF
P9FN,10P9FN,F,NS,00,36,16,123.70,495,0.00,157.14,9.090000,0.910000,1000.00,cifi0007.DBF
P9FN,10P9FN,F,NS,00,36,17,135.33,520,0.00,169.95,9.090000,0.910000,1000.00,cifi0007.DBF
P9FN,10P9FN,F,NS,00,36,18,147.27,545,0.00,183.02,9.090000,0.910000,1000.00,cifi0007.DBF
P9FN,10P9FN,F,NS,00,36,19,159.51,568,0.00,196.34,9.090000,0.910000,1000.00,cifi0007.DBF
P9FN,10P9FN,F,NS,00,36,20,172.06,590,0.00,209.92,9.090000,0.910000,1000.00,cifi0007.DBF
P9FN,10P9FN,F,NS,00,36,21,184.89,611,0.00,223.74,9.090000,0.910000,1000.00,cifi0007.DBF
P9FN,10P9FN,F,NS,00,36,22,198.02,631,0.00,237.79,9.090000,0.910000,1000.00,cifi0007.DBF
P9FN,10P9FN,F,NS,00,36,23,211.44,650,0.00,252.08,9.090000,0.910000,1000.00,cifi0007.DBF
P9FN,10P9FN,F,NS,00,36,24,225.17,668,0.00,266.61,9.090000,0.910000,1000.00,cifi0007.DBF
P9FN,10P9FN,F,NS,00,36,25,239.25,686,0.00,281.41,9.090000,0.910000,1000.00,cifi0007.DBF
P9FN,10P9FN,F,NS,00,36,26,253.67,702,0.00,296.47,9.090000,0.910000,1000.00,cifi0007.DBF
P9FN,10P9FN,F,NS,00,36,27,268.43,718,0.00,311.81,9.090000,0.910000,1000.00,cifi0007.DBF
P9FN,10P9FN,F,NS,00,36,28,283.55,733,0.00,327.41,9.090000,0.910000,1000.00,cifi0007.DBF
P9FN,10P9FN,F,NS,00,36,29,299.02,747,0.00,343.29,9.090000,0.910000,1000.00,cifi0007.DBF
P9FN,10P9FN,F,NS,00,36,30,314.86,761,0.00,359.44,9.090000,0.910000,1000.00,cifi0007.DBF
P9FN,10P9FN,F,NS,00,36,31,331.03,774,0.00,375.85,9.090000,0.910000,1000.00,cifi0007.DBF
P9FN,10P9FN,F,NS,00,36,32,347.54,787,0.00,392.51,9.090000,0.910000,1000.00,cifi0007.DBF
P9FN,10P9FN,F,NS,00,36,33,364.36,799,0.00,409.40,9.090000,0.910000,1000.00,cifi0007.DBF
P9FN,10P9FN,F,NS,00,36,34,381.48,811,0.00,426.50,9.090000,0.910000,1000.00,cifi0007.DBF
P9FN,10P9FN,F,NS,00,36,35,398.90,822,0.00,443.79,9.090000,0.910000,1000.00,cifi0007.DBF
P9FN,10P9FN,F,NS,00,36,36,416.54,832,0.00,461.25,9.090000,0.910000,1000.00,cifi0007.DBF
P9FN,10P9FN,F,NS,00,36,37,434.39,842,0.00,478.83,9.090000,0.910000,1000.00,cifi0007.DBF
P9FN,10P9FN,F,NS,00,36,38,452.43,852,0.00,496.50,9.090000,0.910000,1000.00,cifi0007.DBF
P9FN,10P9FN,F,NS,00,36,39,470.65,861,0.00,514.26,9.090000,0.910000,1000.00,cifi0007.DBF
P9FN,10P9FN,F,NS,00,36,40,489.03,869,0.00,532.08,9.090000,0.910000,1000.00,cifi0007.DBF
P9FN,10P9FN,F,NS,00,36,41,507.53,877,0.00,549.95,9.090000,0.910000,1000.00,cifi0007.DBF
P9FN,10P9FN,F,NS,00,36,42,526.16,885,0.00,567.85,9.090000,0.910000,1000.00,cifi0007.DBF
P9FN,10P9FN,F,NS,00,36,43,544.89,893,0.00,585.75,9.090000,0.910000,1000.00,cifi0007.DBF
P9FN,10P9FN,F,NS,00,36,44,563.73,900,0.00,603.67,9.090000,0.910000,1000.00,cifi0007.DBF
P9FN,10P9FN,F,NS,00,36,45,582.66,907,0.00,621.58,9.090000,0.910000,1000.00,cifi0007.DBF
P9FN,10P9FN,F,NS,00,36,46,601.26,913,0.00,639.30,9.090000,0.910000,1000.00,cifi0007.DBF
P9FN,10P9FN,F,NS,00,36,47,619.45,919,0.00,656.60,9.090000,0.910000,1000.00,cifi0007.DBF
P9FN,10P9FN,F,NS,00,36,48,637.41,925,0.00,673.52,9.090000,0.910000,1000.00,cifi0007.DBF
P9FN,10P9FN,F,NS,00,36,49,655.10,930,0.00,690.13,9.090000,0.910000,1000.00,cifi0007.DBF
P9FN,10P9FN,F,NS,00,36,50,672.44,935,0.00,706.40,9.090000,0.910000,1000.00,cifi0007.DBF
P9FN,10P9FN,F,NS,00,36,51,689.90,939,0.00,722.49,9.090000,0.910000,1000.00,cifi0007.DBF
P9FN,10P9FN,F,NS,00,36,52,706.66,944,0.00,738.24,9.090000,0.910000,1000.00,cifi0007.DBF
P9FN,10P9FN,F,NS,00,36,53,722.86,948,0.00,753.37,9.090000,0.910000,1000.00,cifi0007.DBF
P9FN,10P9FN,F,NS,00,36,54,738.55,952,0.00,767.97,9.090000,0.910000,1000.00,cifi0007.DBF
P9FN,10P9FN,F,NS,00,36,55,754.29,956,0.00,782.30,9.090000,0.910000,1000.00,cifi0007.DBF
P9FN,10P9FN,F,NS,00,36,56,771.75,959,0.00,797.36,9.090000,0.910000,1000.00,cifi0007.DBF
P9FN,10P9FN,F,NS,00,36,57,790.30,964,0.00,813.59,9.090000,0.910000,1000.00,cifi0007.DBF
P9FN,10P9FN,F,NS,00,36,58,809.55,968,0.00,830.54,9.090000,0.910000,1000.00,cifi0007.DBF
P9FN,10P9FN,F,NS,00,36,59,829.56,972,0.00,848.04,9.090000,0.910000,1000.00,cifi0007.DBF
P9FN,10P9FN,F,NS,00,36,60,850.69,976,0.00,866.28,9.090000,0.910000,1000.00,cifi0007.DBF
P9FN,10P9FN,F,NS,00,36,61,874.74,980,0.00,886.17,9.090000,0.910000,1000.00,cifi0007.DBF
P9FN,10P9FN,F,NS,00,36,62,904.13,985,0.00,909.53,9.090000,0.910000,1000.00,cifi0007.DBF
P9FN,10P9FN,F,NS,00,36,63,944.33,992,0.00,939.66,9.090000,0.910000,1000.00,cifi0007.DBF
P9FN,10P9FN,F,NS,00,37,1,0.00,0,0.00,0.50,0.000000,0.990000,1000.00,cifi0007.DBF
P9FN,10P9FN,F,NS,00,37,2,0.00,0,0.00,9.16,9.490000,0.990000,1000.00,cifi0007.DBF
P9FN,10P9FN,F,NS,00,37,3,2.26,15,0.00,18.12,9.490000,0.990000,1000.00,cifi0007.DBF
P9FN,10P9FN,F,NS,00,37,4,10.04,64,0.00,27.39,9.490000,0.990000,1000.00,cifi0007.DBF
P9FN,10P9FN,F,NS,00,37,5,18.15,110,0.00,36.98,9.490000,0.990000,1000.00,cifi0007.DBF
P9FN,10P9FN,F,NS,00,37,6,26.60,154,0.00,46.89,9.490000,0.990000,1000.00,cifi0007.DBF
P9FN,10P9FN,F,NS,00,37,7,35.38,197,0.00,57.12,9.490000,0.990000,1000.00,cifi0007.DBF
P9FN,10P9FN,F,NS,00,37,8,44.51,237,0.00,67.68,9.490000,0.990000,1000.00,cifi0007.DBF
P9FN,10P9FN,F,NS,00,37,9,53.97,275,0.00,78.55,9.490000,0.990000,1000.00,cifi0007.DBF
P9FN,10P9FN,F,NS,00,37,10,63.77,312,0.00,89.74,9.490000,0.990000,1000.00,cifi0007.DBF
P9FN,10P9FN,F,NS,00,37,11,73.90,347,0.00,101.23,9.490000,0.990000,1000.00,cifi0007.DBF
P9FN,10P9FN,F,NS,00,37,12,84.35,380,0.00,113.03,9.490000,0.990000,1000.00,cifi0007.DBF
P9FN,10P9FN,F,NS,00,37,13,95.13,412,0.00,125.11,9.490000,0.990000,1000.00,cifi0007.DBF
P9FN,10P9FN,F,NS,00,37,14,106.23,442,0.00,137.49,9.490000,0.990000,1000.00,cifi0007.DBF
P9FN,10P9FN,F,NS,00,37,15,117.65,470,0.00,150.14,9.490000,0.990000,1000.00,cifi0007.DBF
P9FN,10P9FN,F,NS,00,37,16,129.36,497,0.00,163.06,9.490000,0.990000,1000.00,cifi0007.DBF
P9FN,10P9FN,F,NS,00,37,17,141.38,523,0.00,176.23,9.490000,0.990000,1000.00,cifi0007.DBF
P9FN,10P9FN,F,NS,00,37,18,153.71,547,0.00,189.67,9.490000,0.990000,1000.00,cifi0007.DBF
P9FN,10P9FN,F,NS,00,37,19,166.34,571,0.00,203.36,9.490000,0.990000,1000.00,cifi0007.DBF
P9FN,10P9FN,F,NS,00,37,20,179.26,593,0.00,217.30,9.490000,0.990000,1000.00,cifi0007.DBF
P9FN,10P9FN,F,NS,00,37,21,192.48,614,0.00,231.47,9.490000,0.990000,1000.00,cifi0007.DBF
P9FN,10P9FN,F,NS,00,37,22,205.99,633,0.00,245.88,9.490000,0.990000,1000.00,cifi0007.DBF
P9FN,10P9FN,F,NS,00,37,23,219.82,652,0.00,260.53,9.490000,0.990000,1000.00,cifi0007.DBF
P9FN,10P9FN,F,NS,00,37,24,234.00,671,0.00,275.46,9.490000,0.990000,1000.00,cifi0007.DBF
P9FN,10P9FN,F,NS,00,37,25,248.52,688,0.00,290.65,9.490000,0.990000,1000.00,cifi0007.DBF
P9FN,10P9FN,F,NS,00,37,26,263.38,704,0.00,306.12,9.490000,0.990000,1000.00,cifi0007.DBF
P9FN,10P9FN,F,NS,00,37,27,278.60,720,0.00,321.85,9.490000,0.990000,1000.00,cifi0007.DBF
P9FN,10P9FN,F,NS,00,37,28,294.18,735,0.00,337.87,9.490000,0.990000,1000.00,cifi0007.DBF
P9FN,10P9FN,F,NS,00,37,29,310.12,750,0.00,354.16,9.490000,0.990000,1000.00,cifi0007.DBF
P9FN,10P9FN,F,NS,00,37,30,326.41,764,0.00,370.71,9.490000,0.990000,1000.00,cifi0007.DBF
P9FN,10P9FN,F,NS,00,37,31,343.03,777,0.00,387.51,9.490000,0.990000,1000.00,cifi0007.DBF
P9FN,10P9FN,F,NS,00,37,32,359.97,789,0.00,404.54,9.490000,0.990000,1000.00,cifi0007.DBF
P9FN,10P9FN,F,NS,00,37,33,377.21,802,0.00,421.78,9.490000,0.990000,1000.00,cifi0007.DBF
P9FN,10P9FN,F,NS,00,37,34,394.74,813,0.00,439.23,9.490000,0.990000,1000.00,cifi0007.DBF
P9FN,10P9FN,F,NS,00,37,35,412.51,824,0.00,456.83,9.490000,0.990000,1000.00,cifi0007.DBF
P9FN,10P9FN,F,NS,00,37,36,430.48,834,0.00,474.56,9.490000,0.990000,1000.00,cifi0007.DBF
P9FN,10P9FN,F,NS,00,37,37,448.65,844,0.00,492.38,9.490000,0.990000,1000.00,cifi0007.DBF
P9FN,10P9FN,F,NS,00,37,38,467.00,854,0.00,510.29,9.490000,0.990000,1000.00,cifi0007.DBF
P9FN,10P9FN,F,NS,00,37,39,485.50,863,0.00,528.27,9.490000,0.990000,1000.00,cifi0007.DBF
P9FN,10P9FN,F,NS,00,37,40,504.13,872,0.00,546.29,9.490000,0.990000,1000.00,cifi0007.DBF
P9FN,10P9FN,F,NS,00,37,41,522.89,880,0.00,564.34,9.490000,0.990000,1000.00,cifi0007.DBF
P9FN,10P9FN,F,NS,00,37,42,541.74,888,0.00,582.39,9.490000,0.990000,1000.00,cifi0007.DBF
P9FN,10P9FN,F,NS,00,37,43,560.71,895,0.00,600.46,9.490000,0.990000,1000.00,cifi0007.DBF
P9FN,10P9FN,F,NS,00,37,44,579.77,902,0.00,618.53,9.490000,0.990000,1000.00,cifi0007.DBF
P9FN,10P9FN,F,NS,00,37,45,598.51,909,0.00,636.40,9.490000,0.990000,1000.00,cifi0007.DBF
P9FN,10P9FN,F,NS,00,37,46,616.83,915,0.00,653.84,9.490000,0.990000,1000.00,cifi0007.DBF
P9FN,10P9FN,F,NS,00,37,47,634.90,921,0.00,670.91,9.490000,0.990000,1000.00,cifi0007.DBF
P9FN,10P9FN,F,NS,00,37,48,652.71,926,0.00,687.66,9.490000,0.990000,1000.00,cifi0007.DBF
P9FN,10P9FN,F,NS,00,37,49,670.18,932,0.00,704.07,9.490000,0.990000,1000.00,cifi0007.DBF
P9FN,10P9FN,F,NS,00,37,50,687.76,937,0.00,720.29,9.490000,0.990000,1000.00,cifi0007.DBF
P9FN,10P9FN,F,NS,00,37,51,704.64,941,0.00,736.18,9.490000,0.990000,1000.00,cifi0007.DBF
P9FN,10P9FN,F,NS,00,37,52,720.94,945,0.00,751.44,9.490000,0.990000,1000.00,cifi0007.DBF
P9FN,10P9FN,F,NS,00,37,53,736.75,949,0.00,766.16,9.490000,0.990000,1000.00,cifi0007.DBF
P9FN,10P9FN,F,NS,00,37,54,752.59,953,0.00,780.62,9.490000,0.990000,1000.00,cifi0007.DBF
P9FN,10P9FN,F,NS,00,37,55,770.17,958,0.00,795.80,9.490000,0.990000,1000.00,cifi0007.DBF
P9FN,10P9FN,F,NS,00,37,56,788.85,962,0.00,812.17,9.490000,0.990000,1000.00,cifi0007.DBF
P9FN,10P9FN,F,NS,00,37,57,808.23,966,0.00,829.26,9.490000,0.990000,1000.00,cifi0007.DBF
P9FN,10P9FN,F,NS,00,37,58,828.39,970,0.00,846.91,9.490000,0.990000,1000.00,cifi0007.DBF
P9FN,10P9FN,F,NS,00,37,59,849.66,975,0.00,865.31,9.490000,0.990000,1000.00,cifi0007.DBF
P9FN,10P9FN,F,NS,00,37,60,873.87,979,0.00,885.37,9.490000,0.990000,1000.00,cifi0007.DBF
P9FN,10P9FN,F,NS,00,37,61,903.47,985,0.00,908.92,9.490000,0.990000,1000.00,cifi0007.DBF
P9FN,10P9FN,F,NS,00,37,62,943.95,992,0.00,939.31,9.490000,0.990000,1000.00,cifi0007.DBF
P9FN,10P9FN,F,NS,00,38,1,0.00,0,0.00,0.51,0.000000,1.030000,1000.00,cifi0007.DBF
P9FN,10P9FN,F,NS,00,38,2,0.00,0,0.00,9.56,9.920000,1.030000,1000.00,cifi0007.DBF
P9FN,10P9FN,F,NS,00,38,3,2.88,19,0.00,18.91,9.920000,1.030000,1000.00,cifi0007.DBF
P9FN,10P9FN,F,NS,00,38,4,11.05,67,0.00,28.58,9.920000,1.030000,1000.00,cifi0007.DBF
P9FN,10P9FN,F,NS,00,38,5,19.56,114,0.00,38.58,9.920000,1.030000,1000.00,cifi0007.DBF
P9FN,10P9FN,F,NS,00,38,6,28.41,158,0.00,48.91,9.920000,1.030000,1000.00,cifi0007.DBF
P9FN,10P9FN,F,NS,00,38,7,37.60,200,0.00,59.55,9.920000,1.030000,1000.00,cifi0007.DBF
P9FN,10P9FN,F,NS,00,38,8,47.13,241,0.00,70.52,9.920000,1.030000,1000.00,cifi0007.DBF
P9FN,10P9FN,F,NS,00,38,9,57.00,279,0.00,81.81,9.920000,1.030000,1000.00,cifi0007.DBF
P9FN,10P9FN,F,NS,00,38,10,67.20,316,0.00,93.41,9.920000,1.030000,1000.00,cifi0007.DBF
P9FN,10P9FN,F,NS,00,38,11,77.73,350,0.00,105.31,9.920000,1.030000,1000.00,cifi0007.DBF
P9FN,10P9FN,F,NS,00,38,12,88.59,384,0.00,117.50,9.920000,1.030000,1000.00,cifi0007.DBF
P9FN,10P9FN,F,NS,00,38,13,99.77,415,0.00,129.99,9.920000,1.030000,1000.00,cifi0007.DBF
P9FN,10P9FN,F,NS,00,38,14,111.27,445,0.00,142.75,9.920000,1.030000,1000.00,cifi0007.DBF
P9FN,10P9FN,F,NS,00,38,15,123.07,473,0.00,155.78,9.920000,1.030000,1000.00,cifi0007.DBF
P9FN,10P9FN,F,NS,00,38,16,135.17,500,0.00,169.08,9.920000,1.030000,1000.00,cifi0007.DBF
P9FN,10P9FN,F,NS,00,38,17,147.59,526,0.00,182.63,9.920000,1.030000,1000.00,cifi0007.DBF
P9FN,10P9FN,F,NS,00,38,18,160.32,550,0.00,196.45,9.920000,1.030000,1000.00,cifi0007.DBF
P9FN,10P9FN,F,NS,00,38,19,173.33,573,0.00,210.51,9.920000,1.030000,1000.00,cifi0007.DBF
P9FN,10P9FN,F,NS,00,38,20,186.64,595,0.00,224.81,9.920000,1.030000,1000.00,cifi0007.DBF
P9FN,10P9FN,F,NS,00,38,21,200.25,616,0.00,239.34,9.920000,1.030000,1000.00,cifi0007.DBF
P9FN,10P9FN,F,NS,00,38,22,214.18,636,0.00,254.13,9.920000,1.030000,1000.00,cifi0007.DBF
P9FN,10P9FN,F,NS,00,38,23,228.46,655,0.00,269.18,9.920000,1.030000,1000.00,cifi0007.DBF
P9FN,10P9FN,F,NS,00,38,24,243.09,673,0.00,284.52,9.920000,1.030000,1000.00,cifi0007.DBF
P9FN,10P9FN,F,NS,00,38,25,258.05,690,0.00,300.12,9.920000,1.030000,1000.00,cifi0007.DBF
P9FN,10P9FN,F,NS,00,38,26,273.38,707,0.00,315.99,9.920000,1.030000,1000.00,cifi0007.DBF
P9FN,10P9FN,F,NS,00,38,27,289.08,723,0.00,332.15,9.920000,1.030000,1000.00,cifi0007.DBF
P9FN,10P9FN,F,NS,00,38,28,305.14,738,0.00,348.58,9.920000,1.030000,1000.00,cifi0007.DBF
P9FN,10P9FN,F,NS,00,38,29,321.54,752,0.00,365.28,9.920000,1.030000,1000.00,cifi0007.DBF
P9FN,10P9FN,F,NS,00,38,30,338.28,766,0.00,382.23,9.920000,1.030000,1000.00,cifi0007.DBF
P9FN,10P9FN,F,NS,00,38,31,355.34,779,0.00,399.41,9.920000,1.030000,1000.00,cifi0007.DBF
P9FN,10P9FN,F,NS,00,38,32,372.71,792,0.00,416.81,9.920000,1.030000,1000.00,cifi0007.DBF
P9FN,10P9FN,F,NS,00,38,33,390.37,804,0.00,434.41,9.920000,1.030000,1000.00,cifi0007.DBF
P9FN,10P9FN,F,NS,00,38,34,408.27,816,0.00,452.17,9.920000,1.030000,1000.00,cifi0007.DBF
P9FN,10P9FN,F,NS,00,38,35,426.37,827,0.00,470.05,9.920000,1.030000,1000.00,cifi0007.DBF
P9FN,10P9FN,F,NS,00,38,36,444.67,837,0.00,488.04,9.920000,1.030000,1000.00,cifi0007.DBF
P9FN,10P9FN,F,NS,00,38,37,463.15,847,0.00,506.11,9.920000,1.030000,1000.00,cifi0007.DBF
P9FN,10P9FN,F,NS,00,38,38,481.78,856,0.00,524.24,9.920000,1.030000,1000.00,cifi0007.DBF
P9FN,10P9FN,F,NS,00,38,39,500.55,865,0.00,542.42,9.920000,1.030000,1000.00,cifi0007.DBF
P9FN,10P9FN,F,NS,00,38,40,519.44,874,0.00,560.63,9.920000,1.030000,1000.00,cifi0007.DBF
P9FN,10P9FN,F,NS,00,38,41,538.43,882,0.00,578.85,9.920000,1.030000,1000.00,cifi0007.DBF
P9FN,10P9FN,F,NS,00,38,42,557.54,890,0.00,597.08,9.920000,1.030000,1000.00,cifi0007.DBF
P9FN,10P9FN,F,NS,00,38,43,576.74,897,0.00,615.30,9.920000,1.030000,1000.00,cifi0007.DBF
P9FN,10P9FN,F,NS,00,38,44,595.61,904,0.00,633.33,9.920000,1.030000,1000.00,cifi0007.DBF
P9FN,10P9FN,F,NS,00,38,45,614.06,911,0.00,650.93,9.920000,1.030000,1000.00,cifi0007.DBF
P9FN,10P9FN,F,NS,00,38,46,632.27,917,0.00,668.15,9.920000,1.030000,1000.00,cifi0007.DBF
P9FN,10P9FN,F,NS,00,38,47,650.21,923,0.00,685.06,9.920000,1.030000,1000.00,cifi0007.DBF
P9FN,10P9FN,F,NS,00,38,48,667.80,928,0.00,701.61,9.920000,1.030000,1000.00,cifi0007.DBF
P9FN,10P9FN,F,NS,00,38,49,685.50,933,0.00,717.97,9.920000,1.030000,1000.00,cifi0007.DBF
P9FN,10P9FN,F,NS,00,38,50,702.50,938,0.00,734.00,9.920000,1.030000,1000.00,cifi0007.DBF
P9FN,10P9FN,F,NS,00,38,51,718.93,943,0.00,749.40,9.920000,1.030000,1000.00,cifi0007.DBF
P9FN,10P9FN,F,NS,00,38,52,734.85,947,0.00,764.25,9.920000,1.030000,1000.00,cifi0007.DBF
P9FN,10P9FN,F,NS,00,38,53,750.80,951,0.00,778.84,9.920000,1.030000,1000.00,cifi0007.DBF
P9FN,10P9FN,F,NS,00,38,54,768.51,955,0.00,794.16,9.920000,1.030000,1000.00,cifi0007.DBF
P9FN,10P9FN,F,NS,00,38,55,787.32,960,0.00,810.67,9.920000,1.030000,1000.00,cifi0007.DBF
P9FN,10P9FN,F,NS,00,38,56,806.85,964,0.00,827.91,9.920000,1.030000,1000.00,cifi0007.DBF
P9FN,10P9FN,F,NS,00,38,57,827.15,969,0.00,845.72,9.920000,1.030000,1000.00,cifi0007.DBF
P9FN,10P9FN,F,NS,00,38,58,848.57,973,0.00,864.28,9.920000,1.030000,1000.00,cifi0007.DBF
P9FN,10P9FN,F,NS,00,38,59,872.96,978,0.00,884.52,9.920000,1.030000,1000.00,cifi0007.DBF
P9FN,10P9FN,F,NS,00,38,60,902.77,984,0.00,908.28,9.920000,1.030000,1000.00,cifi0007.DBF
P9FN,10P9FN,F,NS,00,38,61,943.54,991,0.00,938.94,9.920000,1.030000,1000.00,cifi0007.DBF
P9FN,10P9FN,F,NS,00,39,1,0.00,0,0.00,0.54,0.000000,1.090000,1000.00,cifi0007.DBF
P9FN,10P9FN,F,NS,00,39,2,0.00,0,0.00,9.98,10.370000,1.090000,1000.00,cifi0007.DBF
P9FN,10P9FN,F,NS,00,39,3,3.53,22,0.00,19.74,10.370000,1.090000,1000.00,cifi0007.DBF
P9FN,10P9FN,F,NS,00,39,4,12.10,70,0.00,29.83,10.370000,1.090000,1000.00,cifi0007.DBF
P9FN,10P9FN,F,NS,00,39,5,21.01,117,0.00,40.26,10.370000,1.090000,1000.00,cifi0007.DBF
P9FN,10P9FN,F,NS,00,39,6,30.28,161,0.00,51.00,10.370000,1.090000,1000.00,cifi0007.DBF
P9FN,10P9FN,F,NS,00,39,7,39.88,204,0.00,62.07,10.370000,1.090000,1000.00,cifi0007.DBF
P9FN,10P9FN,F,NS,00,39,8,49.83,244,0.00,73.47,10.370000,1.090000,1000.00,cifi0007.DBF
P9FN,10P9FN,F,NS,00,39,9,60.10,282,0.00,85.17,10.370000,1.090000,1000.00,cifi0007.DBF
P9FN,10P9FN,F,NS,00,39,10,70.71,319,0.00,97.18,10.370000,1.090000,1000.00,cifi0007.DBF
P9FN,10P9FN,F,NS,00,39,11,81.66,354,0.00,109.49,10.370000,1.090000,1000.00,cifi0007.DBF
P9FN,10P9FN,F,NS,00,39,12,92.92,387,0.00,122.09,10.370000,1.090000,1000.00,cifi0007.DBF
P9FN,10P9FN,F,NS,00,39,13,104.50,418,0.00,134.97,10.370000,1.090000,1000.00,cifi0007.DBF
P9FN,10P9FN,F,NS,00,39,14,116.40,448,0.00,148.12,10.370000,1.090000,1000.00,cifi0007.DBF
P9FN,10P9FN,F,NS,00,39,15,128.59,476,0.00,161.54,10.370000,1.090000,1000.00,cifi0007.DBF
P9FN,10P9FN,F,NS,00,39,16,141.10,503,0.00,175.22,10.370000,1.090000,1000.00,cifi0007.DBF
P9FN,10P9FN,F,NS,00,39,17,153.93,528,0.00,189.17,10.370000,1.090000,1000.00,cifi0007.DBF
P9FN,10P9FN,F,NS,00,39,18,167.04,552,0.00,203.36,10.370000,1.090000,1000.00,cifi0007.DBF
P9FN,10P9FN,F,NS,00,39,19,180.45,575,0.00,217.79,10.370000,1.090000,1000.00,cifi0007.DBF
P9FN,10P9FN,F,NS,00,39,20,194.16,597,0.00,232.46,10.370000,1.090000,1000.00,cifi0007.DBF
P9FN,10P9FN,F,NS,00,39,21,208.20,618,0.00,247.38,10.370000,1.090000,1000.00,cifi0007.DBF
P9FN,10P9FN,F,NS,00,39,22,222.59,638,0.00,262.58,10.370000,1.090000,1000.00,cifi0007.DBF
P9FN,10P9FN,F,NS,00,39,23,237.33,657,0.00,278.05,10.370000,1.090000,1000.00,cifi0007.DBF
P9FN,10P9FN,F,NS,00,39,24,252.41,675,0.00,293.80,10.370000,1.090000,1000.00,cifi0007.DBF
P9FN,10P9FN,F,NS,00,39,25,267.85,692,0.00,309.82,10.370000,1.090000,1000.00,cifi0007.DBF
P9FN,10P9FN,F,NS,00,39,26,283.67,709,0.00,326.13,10.370000,1.090000,1000.00,cifi0007.DBF
P9FN,10P9FN,F,NS,00,39,27,299.85,725,0.00,342.72,10.370000,1.090000,1000.00,cifi0007.DBF
P9FN,10P9FN,F,NS,00,39,28,316.38,740,0.00,359.57,10.370000,1.090000,1000.00,cifi0007.DBF
P9FN,10P9FN,F,NS,00,39,29,333.25,755,0.00,376.67,10.370000,1.090000,1000.00,cifi0007.DBF
P9FN,10P9FN,F,NS,00,39,30,350.43,769,0.00,394.02,10.370000,1.090000,1000.00,cifi0007.DBF
P9FN,10P9FN,F,NS,00,39,31,367.93,782,0.00,411.57,10.370000,1.090000,1000.00,cifi0007.DBF
P9FN,10P9FN,F,NS,00,39,32,385.73,795,0.00,429.34,10.370000,1.090000,1000.00,cifi0007.DBF
P9FN,10P9FN,F,NS,00,39,33,403.76,807,0.00,447.26,10.370000,1.090000,1000.00,cifi0007.DBF
P9FN,10P9FN,F,NS,00,39,34,422.00,818,0.00,465.31,10.370000,1.090000,1000.00,cifi0007.DBF
P9FN,10P9FN,F,NS,00,39,35,440.44,829,0.00,483.46,10.370000,1.090000,1000.00,cifi0007.DBF
P9FN,10P9FN,F,NS,00,39,36,459.06,839,0.00,501.70,10.370000,1.090000,1000.00,cifi0007.DBF
P9FN,10P9FN,F,NS,00,39,37,477.83,849,0.00,520.01,10.370000,1.090000,1000.00,cifi0007.DBF
P9FN,10P9FN,F,NS,00,39,38,496.75,859,0.00,538.35,10.370000,1.090000,1000.00,cifi0007.DBF
P9FN,10P9FN,F,NS,00,39,39,515.78,868,0.00,556.73,10.370000,1.090000,1000.00,cifi0007.DBF
P9FN,10P9FN,F,NS,00,39,40,534.92,876,0.00,575.12,10.370000,1.090000,1000.00,cifi0007.DBF
P9FN,10P9FN,F,NS,00,39,41,554.17,885,0.00,593.52,10.370000,1.090000,1000.00,cifi0007.DBF
P9FN,10P9FN,F,NS,00,39,42,573.52,892,0.00,611.91,10.370000,1.090000,1000.00,cifi0007.DBF
P9FN,10P9FN,F,NS,00,39,43,592.53,900,0.00,630.11,10.370000,1.090000,1000.00,cifi0007.DBF
P9FN,10P9FN,F,NS,00,39,44,611.12,907,0.00,647.87,10.370000,1.090000,1000.00,cifi0007.DBF
P9FN,10P9FN,F,NS,00,39,45,629.47,913,0.00,665.25,10.370000,1.090000,1000.00,cifi0007.DBF
P9FN,10P9FN,F,NS,00,39,46,647.54,919,0.00,682.31,10.370000,1.090000,1000.00,cifi0007.DBF
P9FN,10P9FN,F,NS,00,39,47,665.27,925,0.00,699.01,10.370000,1.090000,1000.00,cifi0007.DBF
P9FN,10P9FN,F,NS,00,39,48,683.11,930,0.00,715.53,10.370000,1.090000,1000.00,cifi0007.DBF
P9FN,10P9FN,F,NS,00,39,49,700.24,935,0.00,731.71,10.370000,1.090000,1000.00,cifi0007.DBF
P9FN,10P9FN,F,NS,00,39,50,716.79,940,0.00,747.25,10.370000,1.090000,1000.00,cifi0007.DBF
P9FN,10P9FN,F,NS,00,39,51,732.83,944,0.00,762.24,10.370000,1.090000,1000.00,cifi0007.DBF
P9FN,10P9FN,F,NS,00,39,52,748.91,949,0.00,776.96,10.370000,1.090000,1000.00,cifi0007.DBF
P9FN,10P9FN,F,NS,00,39,53,766.75,953,0.00,792.43,10.370000,1.090000,1000.00,cifi0007.DBF
P9FN,10P9FN,F,NS,00,39,54,785.71,958,0.00,809.09,10.370000,1.090000,1000.00,cifi0007.DBF
P9FN,10P9FN,F,NS,00,39,55,805.38,963,0.00,826.49,10.370000,1.090000,1000.00,cifi0007.DBF
P9FN,10P9FN,F,NS,00,39,56,825.83,967,0.00,844.47,10.370000,1.090000,1000.00,cifi0007.DBF
P9FN,10P9FN,F,NS,00,39,57,847.42,972,0.00,863.20,10.370000,1.090000,1000.00,cifi0007.DBF
P9FN,10P9FN,F,NS,00,39,58,871.99,977,0.00,883.63,10.370000,1.090000,1000.00,cifi0007.DBF
P9FN,10P9FN,F,NS,00,39,59,902.03,983,0.00,907.61,10.370000,1.090000,1000.00,cifi0007.DBF
P9FN,10P9FN,F,NS,00,39,60,943.11,991,0.00,938.55,10.370000,1.090000,1000.00,cifi0007.DBF
P9FN,10P9FN,F,NS,00,40,1,0.00,0,0.00,0.58,0.000000,1.150000,1000.00,cifi0007.DBF
P9FN,10P9FN,F,NS,00,40,2,0.00,0,0.00,10.43,10.840000,1.150000,1000.00,cifi0007.DBF
P9FN,10P9FN,F,NS,00,40,3,4.20,25,0.00,20.62,10.840000,1.150000,1000.00,cifi0007.DBF
P9FN,10P9FN,F,NS,00,40,4,13.18,74,0.00,31.14,10.840000,1.150000,1000.00,cifi0007.DBF
P9FN,10P9FN,F,NS,00,40,5,22.52,120,0.00,41.99,10.840000,1.150000,1000.00,cifi0007.DBF
P9FN,10P9FN,F,NS,00,40,6,32.20,165,0.00,53.17,10.840000,1.150000,1000.00,cifi0007.DBF
P9FN,10P9FN,F,NS,00,40,7,42.23,207,0.00,64.68,10.840000,1.150000,1000.00,cifi0007.DBF
P9FN,10P9FN,F,NS,00,40,8,52.59,247,0.00,76.50,10.840000,1.150000,1000.00,cifi0007.DBF
P9FN,10P9FN,F,NS,00,40,9,63.28,285,0.00,88.62,10.840000,1.150000,1000.00,cifi0007.DBF
P9FN,10P9FN,F,NS,00,40,10,74.31,322,0.00,101.04,10.840000,1.150000,1000.00,cifi0007.DBF
P9FN,10P9FN,F,NS,00,40,11,85.67,356,0.00,113.77,10.840000,1.150000,1000.00,cifi0007.DBF
P9FN,10P9FN,F,NS,00,40,12,97.34,389,0.00,126.77,10.840000,1.150000,1000.00,cifi0007.DBF
P9FN,10P9FN,F,NS,00,40,13,109.33,420,0.00,140.05,10.840000,1.150000,1000.00,cifi0007.DBF
P9FN,10P9FN,F,NS,00,40,14,121.62,450,0.00,153.60,10.840000,1.150000,1000.00,cifi0007.DBF
P9FN,10P9FN,F,NS,00,40,15,134.23,478,0.00,167.41,10.840000,1.150000,1000.00,cifi0007.DBF
P9FN,10P9FN,F,NS,00,40,16,147.16,505,0.00,181.49,10.840000,1.150000,1000.00,cifi0007.DBF
P9FN,10P9FN,F,NS,00,40,17,160.38,530,0.00,195.83,10.840000,1.150000,1000.00,cifi0007.DBF
P9FN,10P9FN,F,NS,00,40,18,173.90,554,0.00,210.40,10.840000,1.150000,1000.00,cifi0007.DBF
P9FN,10P9FN,F,NS,00,40,19,187.72,577,0.00,225.21,10.840000,1.150000,1000.00,cifi0007.DBF
P9FN,10P9FN,F,NS,00,40,20,201.87,599,0.00,240.28,10.840000,1.150000,1000.00,cifi0007.DBF
P9FN,10P9FN,F,NS,00,40,21,216.37,620,0.00,255.62,10.840000,1.150000,1000.00,cifi0007.DBF
P9FN,10P9FN,F,NS,00,40,22,231.23,640,0.00,271.24,10.840000,1.150000,1000.00,cifi0007.DBF
P9FN,10P9FN,F,NS,00,40,23,246.43,659,0.00,287.14,10.840000,1.150000,1000.00,cifi0007.DBF
P9FN,10P9FN,F,NS,00,40,24,262.00,677,0.00,303.32,10.840000,1.150000,1000.00,cifi0007.DBF
P9FN,10P9FN,F,NS,00,40,25,277.94,695,0.00,319.78,10.840000,1.150000,1000.00,cifi0007.DBF
P9FN,10P9FN,F,NS,00,40,26,294.25,711,0.00,336.53,10.840000,1.150000,1000.00,cifi0007.DBF
P9FN,10P9FN,F,NS,00,40,27,310.91,727,0.00,353.55,10.840000,1.150000,1000.00,cifi0007.DBF
P9FN,10P9FN,F,NS,00,40,28,327.91,743,0.00,370.82,10.840000,1.150000,1000.00,cifi0007.DBF
P9FN,10P9FN,F,NS,00,40,29,345.24,757,0.00,388.33,10.840000,1.150000,1000.00,cifi0007.DBF
P9FN,10P9FN,F,NS,00,40,30,362.88,771,0.00,406.06,10.840000,1.150000,1000.00,cifi0007.DBF
P9FN,10P9FN,F,NS,00,40,31,380.82,784,0.00,423.99,10.840000,1.150000,1000.00,cifi0007.DBF
P9FN,10P9FN,F,NS,00,40,32,399.00,797,0.00,442.09,10.840000,1.150000,1000.00,cifi0007.DBF
P9FN,10P9FN,F,NS,00,40,33,417.38,809,0.00,460.32,10.840000,1.150000,1000.00,cifi0007.DBF
P9FN,10P9FN,F,NS,00,40,34,435.96,821,0.00,478.64,10.840000,1.150000,1000.00,cifi0007.DBF
P9FN,10P9FN,F,NS,00,40,35,454.73,832,0.00,497.06,10.840000,1.150000,1000.00,cifi0007.DBF
P9FN,10P9FN,F,NS,00,40,36,473.66,842,0.00,515.54,10.840000,1.150000,1000.00,cifi0007.DBF
P9FN,10P9FN,F,NS,00,40,37,492.72,852,0.00,534.07,10.840000,1.150000,1000.00,cifi0007.DBF
P9FN,10P9FN,F,NS,00,40,38,511.91,861,0.00,552.62,10.840000,1.150000,1000.00,cifi0007.DBF
P9FN,10P9FN,F,NS,00,40,39,531.20,870,0.00,571.19,10.840000,1.150000,1000.00,cifi0007.DBF
P9FN,10P9FN,F,NS,00,40,40,550.61,879,0.00,589.76,10.840000,1.150000,1000.00,cifi0007.DBF
P9FN,10P9FN,F,NS,00,40,41,570.10,887,0.00,608.34,10.840000,1.150000,1000.00,cifi0007.DBF
P9FN,10P9FN,F,NS,00,40,42,589.27,895,0.00,626.71,10.840000,1.150000,1000.00,cifi0007.DBF
P9FN,10P9FN,F,NS,00,40,43,608.01,902,0.00,644.65,10.840000,1.150000,1000.00,cifi0007.DBF
P9FN,10P9FN,F,NS,00,40,44,626.50,909,0.00,662.19,10.840000,1.150000,1000.00,cifi0007.DBF
P9FN,10P9FN,F,NS,00,40,45,644.72,915,0.00,679.42,10.840000,1.150000,1000.00,cifi0007.DBF
P9FN,10P9FN,F,NS,00,40,46,662.59,921,0.00,696.28,10.840000,1.150000,1000.00,cifi0007.DBF
P9FN,10P9FN,F,NS,00,40,47,680.57,927,0.00,712.96,10.840000,1.150000,1000.00,cifi0007.DBF
P9FN,10P9FN,F,NS,00,40,48,697.84,932,0.00,729.30,10.840000,1.150000,1000.00,cifi0007.DBF
P9FN,10P9FN,F,NS,00,40,49,714.52,937,0.00,744.99,10.840000,1.150000,1000.00,cifi0007.DBF
P9FN,10P9FN,F,NS,00,40,50,730.69,942,0.00,760.12,10.840000,1.150000,1000.00,cifi0007.DBF
P9FN,10P9FN,F,NS,00,40,51,746.90,946,0.00,774.99,10.840000,1.150000,1000.00,cifi0007.DBF
P9FN,10P9FN,F,NS,00,40,52,764.88,951,0.00,790.60,10.840000,1.150000,1000.00,cifi0007.DBF
P9FN,10P9FN,F,NS,00,40,53,783.99,956,0.00,807.43,10.840000,1.150000,1000.00,cifi0007.DBF
P9FN,10P9FN,F,NS,00,40,54,803.82,961,0.00,825.00,10.840000,1.150000,1000.00,cifi0007.DBF
P9FN,10P9FN,F,NS,00,40,55,824.44,966,0.00,843.15,10.840000,1.150000,1000.00,cifi0007.DBF
P9FN,10P9FN,F,NS,00,40,56,846.20,971,0.00,862.06,10.840000,1.150000,1000.00,cifi0007.DBF
P9FN,10P9FN,F,NS,00,40,57,870.97,976,0.00,882.69,10.840000,1.150000,1000.00,cifi0007.DBF
P9FN,10P9FN,F,NS,00,40,58,901.25,982,0.00,906.90,10.840000,1.150000,1000.00,cifi0007.DBF
P9FN,10P9FN,F,NS,00,40,59,942.66,990,0.00,938.14,10.840000,1.150000,1000.00,cifi0007.DBF
P9FN,10P9FN,F,NS,00,41,1,0.00,0,0.00,0.61,0.000000,1.220000,1000.00,cifi0007.DBF
P9FN,10P9FN,F,NS,00,41,2,0.00,0,0.00,10.90,11.340000,1.220000,1000.00,cifi0007.DBF
P9FN,10P9FN,F,NS,00,41,3,4.89,28,0.00,21.53,11.340000,1.220000,1000.00,cifi0007.DBF
P9FN,10P9FN,F,NS,00,41,4,14.30,76,0.00,32.49,11.340000,1.220000,1000.00,cifi0007.DBF
P9FN,10P9FN,F,NS,00,41,5,24.07,123,0.00,43.78,11.340000,1.220000,1000.00,cifi0007.DBF
P9FN,10P9FN,F,NS,00,41,6,34.18,168,0.00,55.41,11.340000,1.220000,1000.00,cifi0007.DBF
P9FN,10P9FN,F,NS,00,41,7,44.62,210,0.00,67.34,11.340000,1.220000,1000.00,cifi0007.DBF
P9FN,10P9FN,F,NS,00,41,8,55.41,250,0.00,79.59,11.340000,1.220000,1000.00,cifi0007.DBF
P9FN,10P9FN,F,NS,00,41,9,66.53,288,0.00,92.14,11.340000,1.220000,1000.00,cifi0007.DBF
P9FN,10P9FN,F,NS,00,41,10,77.98,324,0.00,104.99,11.340000,1.220000,1000.00,cifi0007.DBF
P9FN,10P9FN,F,NS,00,41,11,89.76,359,0.00,118.13,11.340000,1.220000,1000.00,cifi0007.DBF
P9FN,10P9FN,F,NS,00,41,12,101.84,392,0.00,131.55,11.340000,1.220000,1000.00,cifi0007.DBF
P9FN,10P9FN,F,NS,00,41,13,114.24,423,0.00,145.23,11.340000,1.220000,1000.00,cifi0007.DBF
P9FN,10P9FN,F,NS,00,41,14,126.96,452,0.00,159.18,11.340000,1.220000,1000.00,cifi0007.DBF
P9FN,10P9FN,F,NS,00,41,15,139.99,480,0.00,173.41,11.340000,1.220000,1000.00,cifi0007.DBF
P9FN,10P9FN,F,NS,00,41,16,153.32,507,0.00,187.88,11.340000,1.220000,1000.00,cifi0007.DBF
P9FN,10P9FN,F,NS,00,41,17,166.96,532,0.00,202.60,11.340000,1.220000,1000.00,cifi0007.DBF
P9FN,10P9FN,F,NS,00,41,18,180.89,556,0.00,217.56,11.340000,1.220000,1000.00,cifi0007.DBF
P9FN,10P9FN,F,NS,00,41,19,195.16,579,0.00,232.78,11.340000,1.220000,1000.00,cifi0007.DBF
P9FN,10P9FN,F,NS,00,41,20,209.79,601,0.00,248.28,11.340000,1.220000,1000.00,cifi0007.DBF
P9FN,10P9FN,F,NS,00,41,21,224.77,622,0.00,264.06,11.340000,1.220000,1000.00,cifi0007.DBF
P9FN,10P9FN,F,NS,00,41,22,240.09,642,0.00,280.12,11.340000,1.220000,1000.00,cifi0007.DBF
P9FN,10P9FN,F,NS,00,41,23,255.80,661,0.00,296.46,11.340000,1.220000,1000.00,cifi0007.DBF
P9FN,10P9FN,F,NS,00,41,24,271.87,680,0.00,313.09,11.340000,1.220000,1000.00,cifi0007.DBF
P9FN,10P9FN,F,NS,00,41,25,288.32,697,0.00,330.01,11.340000,1.220000,1000.00,cifi0007.DBF
P9FN,10P9FN,F,NS,00,41,26,305.12,714,0.00,347.20,11.340000,1.220000,1000.00,cifi0007.DBF
P9FN,10P9FN,F,NS,00,41,27,322.26,730,0.00,364.65,11.340000,1.220000,1000.00,cifi0007.DBF
P9FN,10P9FN,F,NS,00,41,28,339.74,745,0.00,382.33,11.340000,1.220000,1000.00,cifi0007.DBF
P9FN,10P9FN,F,NS,00,41,29,357.52,760,0.00,400.24,11.340000,1.220000,1000.00,cifi0007.DBF
P9FN,10P9FN,F,NS,00,41,30,375.61,774,0.00,418.36,11.340000,1.220000,1000.00,cifi0007.DBF
P9FN,10P9FN,F,NS,00,41,31,393.95,787,0.00,436.64,11.340000,1.220000,1000.00,cifi0007.DBF
P9FN,10P9FN,F,NS,00,41,32,412.48,800,0.00,455.05,11.340000,1.220000,1000.00,cifi0007.DBF
P9FN,10P9FN,F,NS,00,41,33,431.23,812,0.00,473.56,11.340000,1.220000,1000.00,cifi0007.DBF
P9FN,10P9FN,F,NS,00,41,34,450.15,823,0.00,492.16,11.340000,1.220000,1000.00,cifi0007.DBF
P9FN,10P9FN,F,NS,00,41,35,469.23,834,0.00,510.83,11.340000,1.220000,1000.00,cifi0007.DBF
P9FN,10P9FN,F,NS,00,41,36,488.46,845,0.00,529.55,11.340000,1.220000,1000.00,cifi0007.DBF
P9FN,10P9FN,F,NS,00,41,37,507.81,854,0.00,548.29,11.340000,1.220000,1000.00,cifi0007.DBF
P9FN,10P9FN,F,NS,00,41,38,527.26,864,0.00,567.04,11.340000,1.220000,1000.00,cifi0007.DBF
P9FN,10P9FN,F,NS,00,41,39,546.83,873,0.00,585.81,11.340000,1.220000,1000.00,cifi0007.DBF
P9FN,10P9FN,F,NS,00,41,40,566.49,882,0.00,604.57,11.340000,1.220000,1000.00,cifi0007.DBF
P9FN,10P9FN,F,NS,00,41,41,585.82,890,0.00,623.13,11.340000,1.220000,1000.00,cifi0007.DBF
P9FN,10P9FN,F,NS,00,41,42,604.71,897,0.00,641.24,11.340000,1.220000,1000.00,cifi0007.DBF
P9FN,10P9FN,F,NS,00,41,43,623.36,904,0.00,658.97,11.340000,1.220000,1000.00,cifi0007.DBF
P9FN,10P9FN,F,NS,00,41,44,641.74,911,0.00,676.37,11.340000,1.220000,1000.00,cifi0007.DBF
P9FN,10P9FN,F,NS,00,41,45,659.76,917,0.00,693.40,11.340000,1.220000,1000.00,cifi0007.DBF
P9FN,10P9FN,F,NS,00,41,46,677.89,923,0.00,710.25,11.340000,1.220000,1000.00,cifi0007.DBF
P9FN,10P9FN,F,NS,00,41,47,695.30,929,0.00,726.75,11.340000,1.220000,1000.00,cifi0007.DBF
P9FN,10P9FN,F,NS,00,41,48,712.12,934,0.00,742.60,11.340000,1.220000,1000.00,cifi0007.DBF
P9FN,10P9FN,F,NS,00,41,49,728.43,939,0.00,757.89,11.340000,1.220000,1000.00,cifi0007.DBF
P9FN,10P9FN,F,NS,00,41,50,744.77,943,0.00,772.90,11.340000,1.220000,1000.00,cifi0007.DBF
P9FN,10P9FN,F,NS,00,41,51,762.91,949,0.00,788.68,11.340000,1.220000,1000.00,cifi0007.DBF
P9FN,10P9FN,F,NS,00,41,52,782.18,954,0.00,805.68,11.340000,1.220000,1000.00,cifi0007.DBF
P9FN,10P9FN,F,NS,00,41,53,802.17,959,0.00,823.42,11.340000,1.220000,1000.00,cifi0007.DBF
P9FN,10P9FN,F,NS,00,41,54,822.96,964,0.00,841.75,11.340000,1.220000,1000.00,cifi0007.DBF
P9FN,10P9FN,F,NS,00,41,55,844.90,969,0.00,860.86,11.340000,1.220000,1000.00,cifi0007.DBF
P9FN,10P9FN,F,NS,00,41,56,869.89,975,0.00,881.69,11.340000,1.220000,1000.00,cifi0007.DBF
P9FN,10P9FN,F,NS,00,41,57,900.42,981,0.00,906.15,11.340000,1.220000,1000.00,cifi0007.DBF
P9FN,10P9FN,F,NS,00,41,58,942.18,990,0.00,937.71,11.340000,1.220000,1000.00,cifi0007.DBF
P9FN,10P9FN,F,NS,00,42,1,0.00,0,0.00,0.65,0.000000,1.300000,1000.00,cifi0007.DBF
P9FN,10P9FN,F,NS,00,42,2,0.00,0,0.00,11.39,11.870000,1.300000,1000.00,cifi0007.DBF
P9FN,10P9FN,F,NS,00,42,3,5.59,30,0.00,22.47,11.870000,1.300000,1000.00,cifi0007.DBF
P9FN,10P9FN,F,NS,00,42,4,15.44,79,0.00,33.88,11.870000,1.300000,1000.00,cifi0007.DBF
P9FN,10P9FN,F,NS,00,42,5,25.64,126,0.00,45.62,11.870000,1.300000,1000.00,cifi0007.DBF
P9FN,10P9FN,F,NS,00,42,6,36.18,170,0.00,57.69,11.870000,1.300000,1000.00,cifi0007.DBF
P9FN,10P9FN,F,NS,00,42,7,47.06,212,0.00,70.06,11.870000,1.300000,1000.00,cifi0007.DBF
P9FN,10P9FN,F,NS,00,42,8,58.28,252,0.00,82.75,11.870000,1.300000,1000.00,cifi0007.DBF
P9FN,10P9FN,F,NS,00,42,9,69.83,291,0.00,95.73,11.870000,1.300000,1000.00,cifi0007.DBF
P9FN,10P9FN,F,NS,00,42,10,81.71,327,0.00,109.01,11.870000,1.300000,1000.00,cifi0007.DBF
P9FN,10P9FN,F,NS,00,42,11,93.91,361,0.00,122.57,11.870000,1.300000,1000.00,cifi0007.DBF
P9FN,10P9FN,F,NS,00,42,12,106.41,394,0.00,136.40,11.870000,1.300000,1000.00,cifi0007.DBF
P9FN,10P9FN,F,NS,00,42,13,119.24,425,0.00,150.50,11.870000,1.300000,1000.00,cifi0007.DBF
P9FN,10P9FN,F,NS,00,42,14,132.39,454,0.00,164.87,11.870000,1.300000,1000.00,cifi0007.DBF
P9FN,10P9FN,F,NS,00,42,15,145.84,482,0.00,179.50,11.870000,1.300000,1000.00,cifi0007.DBF
P9FN,10P9FN,F,NS,00,42,16,159.59,509,0.00,194.37,11.870000,1.300000,1000.00,cifi0007.DBF
P9FN,10P9FN,F,NS,00,42,17,173.65,534,0.00,209.49,11.870000,1.300000,1000.00,cifi0007.DBF
P9FN,10P9FN,F,NS,00,42,18,188.05,558,0.00,224.87,11.870000,1.300000,1000.00,cifi0007.DBF
P9FN,10P9FN,F,NS,00,42,19,202.80,581,0.00,240.54,11.870000,1.300000,1000.00,cifi0007.DBF
P9FN,10P9FN,F,NS,00,42,20,217.92,603,0.00,256.48,11.870000,1.300000,1000.00,cifi0007.DBF
P9FN,10P9FN,F,NS,00,42,21,233.38,624,0.00,272.71,11.870000,1.300000,1000.00,cifi0007.DBF
P9FN,10P9FN,F,NS,00,42,22,249.22,644,0.00,289.23,11.870000,1.300000,1000.00,cifi0007.DBF
P9FN,10P9FN,F,NS,00,42,23,265.44,663,0.00,306.04,11.870000,1.300000,1000.00,cifi0007.DBF
P9FN,10P9FN,F,NS,00,42,24,282.03,682,0.00,323.13,11.870000,1.300000,1000.00,cifi0007.DBF
P9FN,10P9FN,F,NS,00,42,25,298.98,699,0.00,340.50,11.870000,1.300000,1000.00,cifi0007.DBF
P9FN,10P9FN,F,NS,00,42,26,316.28,716,0.00,358.13,11.870000,1.300000,1000.00,cifi0007.DBF
P9FN,10P9FN,F,NS,00,42,27,333.90,732,0.00,376.01,11.870000,1.300000,1000.00,cifi0007.DBF
P9FN,10P9FN,F,NS,00,42,28,351.85,748,0.00,394.10,11.870000,1.300000,1000.00,cifi0007.DBF
P9FN,10P9FN,F,NS,00,42,29,370.10,762,0.00,412.41,11.870000,1.300000,1000.00,cifi0007.DBF
P9FN,10P9FN,F,NS,00,42,30,388.59,776,0.00,430.89,11.870000,1.300000,1000.00,cifi0007.DBF
P9FN,10P9FN,F,NS,00,42,31,407.29,790,0.00,449.49,11.870000,1.300000,1000.00,cifi0007.DBF
P9FN,10P9FN,F,NS,00,42,32,426.20,802,0.00,468.20,11.870000,1.300000,1000.00,cifi0007.DBF
P9FN,10P9FN,F,NS,00,42,33,445.29,814,0.00,487.00,11.870000,1.300000,1000.00,cifi0007.DBF
P9FN,10P9FN,F,NS,00,42,34,464.54,826,0.00,505.86,11.870000,1.300000,1000.00,cifi0007.DBF
P9FN,10P9FN,F,NS,00,42,35,483.94,837,0.00,524.78,11.870000,1.300000,1000.00,cifi0007.DBF
P9FN,10P9FN,F,NS,00,42,36,503.46,847,0.00,543.72,11.870000,1.300000,1000.00,cifi0007.DBF
P9FN,10P9FN,F,NS,00,42,37,523.08,857,0.00,562.67,11.870000,1.300000,1000.00,cifi0007.DBF
P9FN,10P9FN,F,NS,00,42,38,542.82,867,0.00,581.63,11.870000,1.300000,1000.00,cifi0007.DBF
P9FN,10P9FN,F,NS,00,42,39,562.66,876,0.00,600.59,11.870000,1.300000,1000.00,cifi0007.DBF
P9FN,10P9FN,F,NS,00,42,40,582.16,884,0.00,619.35,11.870000,1.300000,1000.00,cifi0007.DBF
P9FN,10P9FN,F,NS,00,42,41,601.22,892,0.00,637.65,11.870000,1.300000,1000.00,cifi0007.DBF
P9FN,10P9FN,F,NS,00,42,42,620.04,899,0.00,655.56,11.870000,1.300000,1000.00,cifi0007.DBF
P9FN,10P9FN,F,NS,00,42,43,638.57,906,0.00,673.15,11.870000,1.300000,1000.00,cifi0007.DBF
P9FN,10P9FN,F,NS,00,42,44,656.75,913,0.00,690.37,11.870000,1.300000,1000.00,cifi0007.DBF
P9FN,10P9FN,F,NS,00,42,45,675.04,919,0.00,707.39,11.870000,1.300000,1000.00,cifi0007.DBF
P9FN,10P9FN,F,NS,00,42,46,692.61,925,0.00,724.07,11.870000,1.300000,1000.00,cifi0007.DBF
P9FN,10P9FN,F,NS,00,42,47,709.58,931,0.00,740.08,11.870000,1.300000,1000.00,cifi0007.DBF
P9FN,10P9FN,F,NS,00,42,48,726.03,936,0.00,755.53,11.870000,1.300000,1000.00,cifi0007.DBF
P9FN,10P9FN,F,NS,00,42,49,742.52,941,0.00,770.71,11.870000,1.300000,1000.00,cifi0007.DBF
P9FN,10P9FN,F,NS,00,42,50,760.81,946,0.00,786.64,11.870000,1.300000,1000.00,cifi0007.DBF
P9FN,10P9FN,F,NS,00,42,51,780.25,951,0.00,803.82,11.870000,1.300000,1000.00,cifi0007.DBF
P9FN,10P9FN,F,NS,00,42,52,800.42,957,0.00,821.76,11.870000,1.300000,1000.00,cifi0007.DBF
P9FN,10P9FN,F,NS,00,42,53,821.40,962,0.00,840.28,11.870000,1.300000,1000.00,cifi0007.DBF
P9FN,10P9FN,F,NS,00,42,54,843.53,968,0.00,859.59,11.870000,1.300000,1000.00,cifi0007.DBF
P9FN,10P9FN,F,NS,00,42,55,868.74,973,0.00,880.65,11.870000,1.300000,1000.00,cifi0007.DBF
P9FN,10P9FN,F,NS,00,42,56,899.54,980,0.00,905.36,11.870000,1.300000,1000.00,cifi0007.DBF
P9FN,10P9FN,F,NS,00,42,57,941.67,989,0.00,937.25,11.870000,1.300000,1000.00,cifi0007.DBF
P9FN,10P9FN,F,NS,00,43,1,0.00,0,0.00,0.70,0.000000,1.390000,1000.00,cifi0007.DBF
P9FN,10P9FN,F,NS,00,43,2,0.00,0,0.00,11.90,12.420000,1.390000,1000.00,cifi0007.DBF
P9FN,10P9FN,F,NS,00,43,3,6.30,33,0.00,23.43,12.420000,1.390000,1000.00,cifi0007.DBF
P9FN,10P9FN,F,NS,00,43,4,16.59,82,0.00,35.31,12.420000,1.390000,1000.00,cifi0007.DBF
P9FN,10P9FN,F,NS,00,43,5,27.23,128,0.00,47.51,12.420000,1.390000,1000.00,cifi0007.DBF
P9FN,10P9FN,F,NS,00,43,6,38.21,173,0.00,60.02,12.420000,1.390000,1000.00,cifi0007.DBF
P9FN,10P9FN,F,NS,00,43,7,49.53,215,0.00,72.84,12.420000,1.390000,1000.00,cifi0007.DBF
P9FN,10P9FN,F,NS,00,43,8,61.19,255,0.00,85.97,12.420000,1.390000,1000.00,cifi0007.DBF
P9FN,10P9FN,F,NS,00,43,9,73.18,293,0.00,99.40,12.420000,1.390000,1000.00,cifi0007.DBF
P9FN,10P9FN,F,NS,00,43,10,85.49,329,0.00,113.10,12.420000,1.390000,1000.00,cifi0007.DBF
P9FN,10P9FN,F,NS,00,43,11,98.11,363,0.00,127.08,12.420000,1.390000,1000.00,cifi0007.DBF
P9FN,10P9FN,F,NS,00,43,12,111.06,396,0.00,141.34,12.420000,1.390000,1000.00,cifi0007.DBF
P9FN,10P9FN,F,NS,00,43,13,124.33,427,0.00,155.87,12.420000,1.390000,1000.00,cifi0007.DBF
P9FN,10P9FN,F,NS,00,43,14,137.91,456,0.00,170.66,12.420000,1.390000,1000.00,cifi0007.DBF
P9FN,10P9FN,F,NS,00,43,15,151.79,484,0.00,185.70,12.420000,1.390000,1000.00,cifi0007.DBF
P9FN,10P9FN,F,NS,00,43,16,165.98,511,0.00,200.99,12.420000,1.390000,1000.00,cifi0007.DBF
P9FN,10P9FN,F,NS,00,43,17,180.51,536,0.00,216.54,12.420000,1.390000,1000.00,cifi0007.DBF
P9FN,10P9FN,F,NS,00,43,18,195.40,560,0.00,232.37,12.420000,1.390000,1000.00,cifi0007.DBF
P9FN,10P9FN,F,NS,00,43,19,210.65,583,0.00,248.50,12.420000,1.390000,1000.00,cifi0007.DBF
P9FN,10P9FN,F,NS,00,43,20,226.26,605,0.00,264.90,12.420000,1.390000,1000.00,cifi0007.DBF
P9FN,10P9FN,F,NS,00,43,21,242.24,626,0.00,281.60,12.420000,1.390000,1000.00,cifi0007.DBF
P9FN,10P9FN,F,NS,00,43,22,258.62,646,0.00,298.59,12.420000,1.390000,1000.00,cifi0007.DBF
P9FN,10P9FN,F,NS,00,43,23,275.36,666,0.00,315.88,12.420000,1.390000,1000.00,cifi0007.DBF
P9FN,10P9FN,F,NS,00,43,24,292.46,684,0.00,333.44,12.420000,1.390000,1000.00,cifi0007.DBF
P9FN,10P9FN,F,NS,00,43,25,309.92,702,0.00,351.27,12.420000,1.390000,1000.00,cifi0007.DBF
P9FN,10P9FN,F,NS,00,43,26,327.71,719,0.00,369.34,12.420000,1.390000,1000.00,cifi0007.DBF
P9FN,10P9FN,F,NS,00,43,27,345.83,735,0.00,387.63,12.420000,1.390000,1000.00,cifi0007.DBF
P9FN,10P9FN,F,NS,00,43,28,364.24,750,0.00,406.14,12.420000,1.390000,1000.00,cifi0007.DBF
P9FN,10P9FN,F,NS,00,43,29,382.91,765,0.00,424.83,12.420000,1.390000,1000.00,cifi0007.DBF
P9FN,10P9FN,F,NS,00,43,30,401.79,779,0.00,443.63,12.420000,1.390000,1000.00,cifi0007.DBF
P9FN,10P9FN,F,NS,00,43,31,420.87,792,0.00,462.55,12.420000,1.390000,1000.00,cifi0007.DBF
P9FN,10P9FN,F,NS,00,43,32,440.14,805,0.00,481.55,12.420000,1.390000,1000.00,cifi0007.DBF
P9FN,10P9FN,F,NS,00,43,33,459.57,817,0.00,500.63,12.420000,1.390000,1000.00,cifi0007.DBF
P9FN,10P9FN,F,NS,00,43,34,479.14,828,0.00,519.75,12.420000,1.390000,1000.00,cifi0007.DBF
P9FN,10P9FN,F,NS,00,43,35,498.84,839,0.00,538.90,12.420000,1.390000,1000.00,cifi0007.DBF
P9FN,10P9FN,F,NS,00,43,36,518.65,850,0.00,558.06,12.420000,1.390000,1000.00,cifi0007.DBF
P9FN,10P9FN,F,NS,00,43,37,538.58,860,0.00,577.23,12.420000,1.390000,1000.00,cifi0007.DBF
P9FN,10P9FN,F,NS,00,43,38,558.60,869,0.00,596.40,12.420000,1.390000,1000.00,cifi0007.DBF
P9FN,10P9FN,F,NS,00,43,39,578.28,878,0.00,615.36,12.420000,1.390000,1000.00,cifi0007.DBF
P9FN,10P9FN,F,NS,00,43,40,597.52,886,0.00,633.87,12.420000,1.390000,1000.00,cifi0007.DBF
P9FN,10P9FN,F,NS,00,43,41,616.51,894,0.00,651.98,12.420000,1.390000,1000.00,cifi0007.DBF
P9FN,10P9FN,F,NS,00,43,42,635.21,902,0.00,669.76,12.420000,1.390000,1000.00,cifi0007.DBF
P9FN,10P9FN,F,NS,00,43,43,653.56,908,0.00,687.16,12.420000,1.390000,1000.00,cifi0007.DBF
P9FN,10P9FN,F,NS,00,43,44,672.02,915,0.00,704.38,12.420000,1.390000,1000.00,cifi0007.DBF
P9FN,10P9FN,F,NS,00,43,45,689.75,921,0.00,721.24,12.420000,1.390000,1000.00,cifi0007.DBF
P9FN,10P9FN,F,NS,00,43,46,706.88,927,0.00,737.43,12.420000,1.390000,1000.00,cifi0007.DBF
P9FN,10P9FN,F,NS,00,43,47,723.48,932,0.00,753.05,12.420000,1.390000,1000.00,cifi0007.DBF
P9FN,10P9FN,F,NS,00,43,48,740.12,938,0.00,768.39,12.420000,1.390000,1000.00,cifi0007.DBF
P9FN,10P9FN,F,NS,00,43,49,758.59,943,0.00,784.50,12.420000,1.390000,1000.00,cifi0007.DBF
P9FN,10P9FN,F,NS,00,43,50,778.21,949,0.00,801.87,12.420000,1.390000,1000.00,cifi0007.DBF
P9FN,10P9FN,F,NS,00,43,51,798.57,954,0.00,820.00,12.420000,1.390000,1000.00,cifi0007.DBF
P9FN,10P9FN,F,NS,00,43,52,819.74,960,0.00,838.74,12.420000,1.390000,1000.00,cifi0007.DBF
P9FN,10P9FN,F,NS,00,43,53,842.08,966,0.00,858.25,12.420000,1.390000,1000.00,cifi0007.DBF
P9FN,10P9FN,F,NS,00,43,54,867.52,972,0.00,879.54,12.420000,1.390000,1000.00,cifi0007.DBF
P9FN,10P9FN,F,NS,00,43,55,898.60,979,0.00,904.53,12.420000,1.390000,1000.00,cifi0007.DBF
P9FN,10P9FN,F,NS,00,43,56,941.12,989,0.00,936.77,12.420000,1.390000,1000.00,cifi0007.DBF
P9FN,10P9FN,F,NS,00,44,1,0.00,0,0.00,0.75,0.000000,1.510000,1000.00,cifi0007.DBF
P9FN,10P9FN,F,NS,00,44,2,0.00,0,0.00,12.43,13.010000,1.510000,1000.00,cifi0007.DBF
P9FN,10P9FN,F,NS,00,44,3,7.00,35,0.00,24.44,13.010000,1.510000,1000.00,cifi0007.DBF
P9FN,10P9FN,F,NS,00,44,4,17.74,84,0.00,36.77,13.010000,1.510000,1000.00,cifi0007.DBF
P9FN,10P9FN,F,NS,00,44,5,28.83,130,0.00,49.43,13.010000,1.510000,1000.00,cifi0007.DBF
P9FN,10P9FN,F,NS,00,44,6,40.26,175,0.00,62.40,13.010000,1.510000,1000.00,cifi0007.DBF
P9FN,10P9FN,F,NS,00,44,7,52.04,217,0.00,75.68,13.010000,1.510000,1000.00,cifi0007.DBF
P9FN,10P9FN,F,NS,00,44,8,64.14,257,0.00,89.26,13.010000,1.510000,1000.00,cifi0007.DBF
P9FN,10P9FN,F,NS,00,44,9,76.57,295,0.00,103.12,13.010000,1.510000,1000.00,cifi0007.DBF
P9FN,10P9FN,F,NS,00,44,10,89.31,331,0.00,117.27,13.010000,1.510000,1000.00,cifi0007.DBF
P9FN,10P9FN,F,NS,00,44,11,102.39,365,0.00,131.69,13.010000,1.510000,1000.00,cifi0007.DBF
P9FN,10P9FN,F,NS,00,44,12,115.79,397,0.00,146.38,13.010000,1.510000,1000.00,cifi0007.DBF
P9FN,10P9FN,F,NS,00,44,13,129.50,428,0.00,161.35,13.010000,1.510000,1000.00,cifi0007.DBF
P9FN,10P9FN,F,NS,00,44,14,143.51,458,0.00,176.56,13.010000,1.510000,1000.00,cifi0007.DBF
P9FN,10P9FN,F,NS,00,44,15,157.84,485,0.00,192.02,13.010000,1.510000,1000.00,cifi0007.DBF
P9FN,10P9FN,F,NS,00,44,16,172.51,512,0.00,207.75,13.010000,1.510000,1000.00,cifi0007.DBF
P9FN,10P9FN,F,NS,00,44,17,187.55,538,0.00,223.77,13.010000,1.510000,1000.00,cifi0007.DBF
P9FN,10P9FN,F,NS,00,44,18,202.95,562,0.00,240.08,13.010000,1.510000,1000.00,cifi0007.DBF
P9FN,10P9FN,F,NS,00,44,19,218.71,585,0.00,256.67,13.010000,1.510000,1000.00,cifi0007.DBF
P9FN,10P9FN,F,NS,00,44,20,234.85,607,0.00,273.56,13.010000,1.510000,1000.00,cifi0007.DBF
P9FN,10P9FN,F,NS,00,44,21,251.38,628,0.00,290.75,13.010000,1.510000,1000.00,cifi0007.DBF
P9FN,10P9FN,F,NS,00,44,22,268.29,649,0.00,308.23,13.010000,1.510000,1000.00,cifi0007.DBF
P9FN,10P9FN,F,NS,00,44,23,285.56,668,0.00,326.00,13.010000,1.510000,1000.00,cifi0007.DBF
P9FN,10P9FN,F,NS,00,44,24,303.19,687,0.00,344.03,13.010000,1.510000,1000.00,cifi0007.DBF
P9FN,10P9FN,F,NS,00,44,25,321.16,704,0.00,362.31,13.010000,1.510000,1000.00,cifi0007.DBF
P9FN,10P9FN,F,NS,00,44,26,339.44,721,0.00,380.81,13.010000,1.510000,1000.00,cifi0007.DBF
P9FN,10P9FN,F,NS,00,44,27,358.04,738,0.00,399.54,13.010000,1.510000,1000.00,cifi0007.DBF
P9FN,10P9FN,F,NS,00,44,28,376.89,753,0.00,418.43,13.010000,1.510000,1000.00,cifi0007.DBF
P9FN,10P9FN,F,NS,00,44,29,395.95,768,0.00,437.46,13.010000,1.510000,1000.00,cifi0007.DBF
P9FN,10P9FN,F,NS,00,44,30,415.22,782,0.00,456.59,13.010000,1.510000,1000.00,cifi0007.DBF
P9FN,10P9FN,F,NS,00,44,31,434.68,795,0.00,475.81,13.010000,1.510000,1000.00,cifi0007.DBF
P9FN,10P9FN,F,NS,00,44,32,454.30,808,0.00,495.10,13.010000,1.510000,1000.00,cifi0007.DBF
P9FN,10P9FN,F,NS,00,44,33,474.06,820,0.00,514.44,13.010000,1.510000,1000.00,cifi0007.DBF
P9FN,10P9FN,F,NS,00,44,34,493.96,831,0.00,533.82,13.010000,1.510000,1000.00,cifi0007.DBF
P9FN,10P9FN,F,NS,00,44,35,513.95,842,0.00,553.20,13.010000,1.510000,1000.00,cifi0007.DBF
P9FN,10P9FN,F,NS,00,44,36,534.08,853,0.00,572.59,13.010000,1.510000,1000.00,cifi0007.DBF
P9FN,10P9FN,F,NS,00,44,37,554.29,863,0.00,591.98,13.010000,1.510000,1000.00,cifi0007.DBF
P9FN,10P9FN,F,NS,00,44,38,574.17,872,0.00,611.16,13.010000,1.510000,1000.00,cifi0007.DBF
P9FN,10P9FN,F,NS,00,44,39,593.59,881,0.00,629.88,13.010000,1.510000,1000.00,cifi0007.DBF
P9FN,10P9FN,F,NS,00,44,40,612.77,889,0.00,648.20,13.010000,1.510000,1000.00,cifi0007.DBF
P9FN,10P9FN,F,NS,00,44,41,631.66,897,0.00,666.18,13.010000,1.510000,1000.00,cifi0007.DBF
P9FN,10P9FN,F,NS,00,44,42,650.18,904,0.00,683.79,13.010000,1.510000,1000.00,cifi0007.DBF
P9FN,10P9FN,F,NS,00,44,43,668.82,911,0.00,701.20,13.010000,1.510000,1000.00,cifi0007.DBF
P9FN,10P9FN,F,NS,00,44,44,686.73,917,0.00,718.25,13.010000,1.510000,1000.00,cifi0007.DBF
P9FN,10P9FN,F,NS,00,44,45,704.02,923,0.00,734.63,13.010000,1.510000,1000.00,cifi0007.DBF
P9FN,10P9FN,F,NS,00,44,46,720.79,929,0.00,750.43,13.010000,1.510000,1000.00,cifi0007.DBF
P9FN,10P9FN,F,NS,00,44,47,737.59,934,0.00,765.95,13.010000,1.510000,1000.00,cifi0007.DBF
P9FN,10P9FN,F,NS,00,44,48,756.23,940,0.00,782.25,13.010000,1.510000,1000.00,cifi0007.DBF
P9FN,10P9FN,F,NS,00,44,49,776.05,946,0.00,799.82,13.010000,1.510000,1000.00,cifi0007.DBF
P9FN,10P9FN,F,NS,00,44,50,796.60,952,0.00,818.16,13.010000,1.510000,1000.00,cifi0007.DBF
P9FN,10P9FN,F,NS,00,44,51,817.98,958,0.00,837.10,13.010000,1.510000,1000.00,cifi0007.DBF
P9FN,10P9FN,F,NS,00,44,52,840.54,964,0.00,856.84,13.010000,1.510000,1000.00,cifi0007.DBF
P9FN,10P9FN,F,NS,00,44,53,866.23,971,0.00,878.38,13.010000,1.510000,1000.00,cifi0007.DBF
P9FN,10P9FN,F,NS,00,44,54,897.61,978,0.00,903.65,13.010000,1.510000,1000.00,cifi0007.DBF
P9FN,10P9FN,F,NS,00,44,55,940.55,988,0.00,936.27,13.010000,1.510000,1000.00,cifi0007.DBF
P9FN,10P9FN,F,NS,00,45,1,0.00,0,0.00,0.82,0.000000,1.640000,1000.00,cifi0007.DBF
P9FN,10P9FN,F,NS,00,45,2,0.00,0,0.00,12.98,13.630000,1.640000,1000.00,cifi0007.DBF
P9FN,10P9FN,F,NS,00,45,3,7.69,37,0.00,25.46,13.630000,1.640000,1000.00,cifi0007.DBF
P9FN,10P9FN,F,NS,00,45,4,18.89,86,0.00,38.27,13.630000,1.640000,1000.00,cifi0007.DBF
P9FN,10P9FN,F,NS,00,45,5,30.44,132,0.00,51.40,13.630000,1.640000,1000.00,cifi0007.DBF
P9FN,10P9FN,F,NS,00,45,6,42.33,176,0.00,64.84,13.630000,1.640000,1000.00,cifi0007.DBF
P9FN,10P9FN,F,NS,00,45,7,54.56,218,0.00,78.58,13.630000,1.640000,1000.00,cifi0007.DBF
P9FN,10P9FN,F,NS,00,45,8,67.12,258,0.00,92.61,13.630000,1.640000,1000.00,cifi0007.DBF
P9FN,10P9FN,F,NS,00,45,9,79.99,296,0.00,106.92,13.630000,1.640000,1000.00,cifi0007.DBF
P9FN,10P9FN,F,NS,00,45,10,93.20,332,0.00,121.51,13.630000,1.640000,1000.00,cifi0007.DBF
P9FN,10P9FN,F,NS,00,45,11,106.74,366,0.00,136.39,13.630000,1.640000,1000.00,cifi0007.DBF
P9FN,10P9FN,F,NS,00,45,12,120.59,399,0.00,151.53,13.630000,1.640000,1000.00,cifi0007.DBF
P9FN,10P9FN,F,NS,00,45,13,134.75,430,0.00,166.92,13.630000,1.640000,1000.00,cifi0007.DBF
P9FN,10P9FN,F,NS,00,45,14,149.22,459,0.00,182.57,13.630000,1.640000,1000.00,cifi0007.DBF
P9FN,10P9FN,F,NS,00,45,15,164.04,487,0.00,198.49,13.630000,1.640000,1000.00,cifi0007.DBF
P9FN,10P9FN,F,NS,00,45,16,179.24,514,0.00,214.69,13.630000,1.640000,1000.00,cifi0007.DBF
P9FN,10P9FN,F,NS,00,45,17,194.79,539,0.00,231.20,13.630000,1.640000,1000.00,cifi0007.DBF
P9FN,10P9FN,F,NS,00,45,18,210.71,564,0.00,247.99,13.630000,1.640000,1000.00,cifi0007.DBF
P9FN,10P9FN,F,NS,00,45,19,227.02,587,0.00,265.08,13.630000,1.640000,1000.00,cifi0007.DBF
P9FN,10P9FN,F,NS,00,45,20,243.72,609,0.00,282.48,13.630000,1.640000,1000.00,cifi0007.DBF
P9FN,10P9FN,F,NS,00,45,21,260.80,631,0.00,300.17,13.630000,1.640000,1000.00,cifi0007.DBF
P9FN,10P9FN,F,NS,00,45,22,278.25,651,0.00,318.15,13.630000,1.640000,1000.00,cifi0007.DBF
P9FN,10P9FN,F,NS,00,45,23,296.06,671,0.00,336.40,13.630000,1.640000,1000.00,cifi0007.DBF
P9FN,10P9FN,F,NS,00,45,24,314.21,689,0.00,354.89,13.630000,1.640000,1000.00,cifi0007.DBF
P9FN,10P9FN,F,NS,00,45,25,332.68,707,0.00,373.62,13.630000,1.640000,1000.00,cifi0007.DBF
P9FN,10P9FN,F,NS,00,45,26,351.47,724,0.00,392.57,13.630000,1.640000,1000.00,cifi0007.DBF
P9FN,10P9FN,F,NS,00,45,27,370.51,740,0.00,411.69,13.630000,1.640000,1000.00,cifi0007.DBF
P9FN,10P9FN,F,NS,00,45,28,389.77,756,0.00,430.95,13.630000,1.640000,1000.00,cifi0007.DBF
P9FN,10P9FN,F,NS,00,45,29,409.23,770,0.00,450.31,13.630000,1.640000,1000.00,cifi0007.DBF
P9FN,10P9FN,F,NS,00,45,30,428.89,784,0.00,469.76,13.630000,1.640000,1000.00,cifi0007.DBF
P9FN,10P9FN,F,NS,00,45,31,448.71,798,0.00,489.28,13.630000,1.640000,1000.00,cifi0007.DBF
P9FN,10P9FN,F,NS,00,45,32,468.68,810,0.00,508.86,13.630000,1.640000,1000.00,cifi0007.DBF
P9FN,10P9FN,F,NS,00,45,33,488.78,822,0.00,528.46,13.630000,1.640000,1000.00,cifi0007.DBF
P9FN,10P9FN,F,NS,00,45,34,508.98,834,0.00,548.07,13.630000,1.640000,1000.00,cifi0007.DBF
P9FN,10P9FN,F,NS,00,45,35,529.31,845,0.00,567.70,13.630000,1.640000,1000.00,cifi0007.DBF
P9FN,10P9FN,F,NS,00,45,36,549.73,855,0.00,587.32,13.630000,1.640000,1000.00,cifi0007.DBF
P9FN,10P9FN,F,NS,00,45,37,569.81,865,0.00,606.73,13.630000,1.640000,1000.00,cifi0007.DBF
P9FN,10P9FN,F,NS,00,45,38,589.43,874,0.00,625.68,13.630000,1.640000,1000.00,cifi0007.DBF
P9FN,10P9FN,F,NS,00,45,39,608.80,883,0.00,644.21,13.630000,1.640000,1000.00,cifi0007.DBF
P9FN,10P9FN,F,NS,00,45,40,627.89,891,0.00,662.41,13.630000,1.640000,1000.00,cifi0007.DBF
P9FN,10P9FN,F,NS,00,45,41,646.60,899,0.00,680.23,13.630000,1.640000,1000.00,cifi0007.DBF
P9FN,10P9FN,F,NS,00,45,42,665.43,906,0.00,697.85,13.630000,1.640000,1000.00,cifi0007.DBF
P9FN,10P9FN,F,NS,00,45,43,683.52,913,0.00,715.11,13.630000,1.640000,1000.00,cifi0007.DBF
P9FN,10P9FN,F,NS,00,45,44,700.99,919,0.00,731.68,13.630000,1.640000,1000.00,cifi0007.DBF
P9FN,10P9FN,F,NS,00,45,45,717.93,925,0.00,747.67,13.630000,1.640000,1000.00,cifi0007.DBF
P9FN,10P9FN,F,NS,00,45,46,734.90,931,0.00,763.37,13.630000,1.640000,1000.00,cifi0007.DBF
P9FN,10P9FN,F,NS,00,45,47,753.74,937,0.00,779.87,13.630000,1.640000,1000.00,cifi0007.DBF
P9FN,10P9FN,F,NS,00,45,48,773.75,943,0.00,797.65,13.630000,1.640000,1000.00,cifi0007.DBF
P9FN,10P9FN,F,NS,00,45,49,794.52,950,0.00,816.21,13.630000,1.640000,1000.00,cifi0007.DBF
P9FN,10P9FN,F,NS,00,45,50,816.12,956,0.00,835.38,13.630000,1.640000,1000.00,cifi0007.DBF
P9FN,10P9FN,F,NS,00,45,51,838.91,962,0.00,855.36,13.630000,1.640000,1000.00,cifi0007.DBF
P9FN,10P9FN,F,NS,00,45,52,864.86,969,0.00,877.15,13.630000,1.640000,1000.00,cifi0007.DBF
P9FN,10P9FN,F,NS,00,45,53,896.57,977,0.00,902.73,13.630000,1.640000,1000.00,cifi0007.DBF
P9FN,10P9FN,F,NS,00,45,54,939.94,987,0.00,935.74,13.630000,1.640000,1000.00,cifi0007.DBF
P9FN,10P9FN,F,NS,00,46,1,0.00,0,0.00,0.90,0.000000,1.800000,1000.00,cifi0007.DBF
P9FN,10P9FN,F,NS,00,46,2,0.00,0,0.00,13.54,14.280000,1.800000,1000.00,cifi0007.DBF
P9FN,10P9FN,F,NS,00,46,3,8.36,38,0.00,26.51,14.280000,1.800000,1000.00,cifi0007.DBF
P9FN,10P9FN,F,NS,00,46,4,20.04,87,0.00,39.80,14.280000,1.800000,1000.00,cifi0007.DBF
P9FN,10P9FN,F,NS,00,46,5,32.06,134,0.00,53.41,14.280000,1.800000,1000.00,cifi0007.DBF
P9FN,10P9FN,F,NS,00,46,6,44.42,178,0.00,67.32,14.280000,1.800000,1000.00,cifi0007.DBF
P9FN,10P9FN,F,NS,00,46,7,57.11,220,0.00,81.53,14.280000,1.800000,1000.00,cifi0007.DBF
P9FN,10P9FN,F,NS,00,46,8,70.13,260,0.00,96.02,14.280000,1.800000,1000.00,cifi0007.DBF
P9FN,10P9FN,F,NS,00,46,9,83.48,298,0.00,110.79,14.280000,1.800000,1000.00,cifi0007.DBF
P9FN,10P9FN,F,NS,00,46,10,97.16,334,0.00,125.85,14.280000,1.800000,1000.00,cifi0007.DBF
P9FN,10P9FN,F,NS,00,46,11,111.16,368,0.00,141.18,14.280000,1.800000,1000.00,cifi0007.DBF
P9FN,10P9FN,F,NS,00,46,12,125.47,400,0.00,156.76,14.280000,1.800000,1000.00,cifi0007.DBF
P9FN,10P9FN,F,NS,00,46,13,140.10,431,0.00,172.61,14.280000,1.800000,1000.00,cifi0007.DBF
P9FN,10P9FN,F,NS,00,46,14,155.08,460,0.00,188.72,14.280000,1.800000,1000.00,cifi0007.DBF
P9FN,10P9FN,F,NS,00,46,15,170.43,488,0.00,205.13,14.280000,1.800000,1000.00,cifi0007.DBF
P9FN,10P9FN,F,NS,00,46,16,186.16,515,0.00,221.85,14.280000,1.800000,1000.00,cifi0007.DBF
P9FN,10P9FN,F,NS,00,46,17,202.25,541,0.00,238.85,14.280000,1.800000,1000.00,cifi0007.DBF
P9FN,10P9FN,F,NS,00,46,18,218.73,565,0.00,256.15,14.280000,1.800000,1000.00,cifi0007.DBF
P9FN,10P9FN,F,NS,00,46,19,235.61,589,0.00,273.77,14.280000,1.800000,1000.00,cifi0007.DBF
P9FN,10P9FN,F,NS,00,46,20,252.87,611,0.00,291.68,14.280000,1.800000,1000.00,cifi0007.DBF
P9FN,10P9FN,F,NS,00,46,21,270.51,633,0.00,309.88,14.280000,1.800000,1000.00,cifi0007.DBF
P9FN,10P9FN,F,NS,00,46,22,288.51,653,0.00,328.36,14.280000,1.800000,1000.00,cifi0007.DBF
P9FN,10P9FN,F,NS,00,46,23,306.85,673,0.00,347.08,14.280000,1.800000,1000.00,cifi0007.DBF
P9FN,10P9FN,F,NS,00,46,24,325.53,692,0.00,366.05,14.280000,1.800000,1000.00,cifi0007.DBF
P9FN,10P9FN,F,NS,00,46,25,344.52,710,0.00,385.23,14.280000,1.800000,1000.00,cifi0007.DBF
P9FN,10P9FN,F,NS,00,46,26,363.76,727,0.00,404.59,14.280000,1.800000,1000.00,cifi0007.DBF
P9FN,10P9FN,F,NS,00,46,27,383.22,743,0.00,424.09,14.280000,1.800000,1000.00,cifi0007.DBF
P9FN,10P9FN,F,NS,00,46,28,402.90,758,0.00,443.69,14.280000,1.800000,1000.00,cifi0007.DBF
P9FN,10P9FN,F,NS,00,46,29,422.77,773,0.00,463.38,14.280000,1.800000,1000.00,cifi0007.DBF
P9FN,10P9FN,F,NS,00,46,30,442.80,787,0.00,483.15,14.280000,1.800000,1000.00,cifi0007.DBF
P9FN,10P9FN,F,NS,00,46,31,462.98,800,0.00,502.97,14.280000,1.800000,1000.00,cifi0007.DBF
P9FN,10P9FN,F,NS,00,46,32,483.29,813,0.00,522.82,14.280000,1.800000,1000.00,cifi0007.DBF
P9FN,10P9FN,F,NS,00,46,33,503.71,825,0.00,542.67,14.280000,1.800000,1000.00,cifi0007.DBF
P9FN,10P9FN,F,NS,00,46,34,524.26,837,0.00,562.54,14.280000,1.800000,1000.00,cifi0007.DBF
P9FN,10P9FN,F,NS,00,46,35,544.90,848,0.00,582.41,14.280000,1.800000,1000.00,cifi0007.DBF
P9FN,10P9FN,F,NS,00,46,36,565.19,858,0.00,602.06,14.280000,1.800000,1000.00,cifi0007.DBF
P9FN,10P9FN,F,NS,00,46,37,585.03,868,0.00,621.25,14.280000,1.800000,1000.00,cifi0007.DBF
P9FN,10P9FN,F,NS,00,46,38,604.61,877,0.00,640.01,14.280000,1.800000,1000.00,cifi0007.DBF
P9FN,10P9FN,F,NS,00,46,39,623.90,886,0.00,658.44,14.280000,1.800000,1000.00,cifi0007.DBF
P9FN,10P9FN,F,NS,00,46,40,642.81,894,0.00,676.48,14.280000,1.800000,1000.00,cifi0007.DBF
P9FN,10P9FN,F,NS,00,46,41,661.84,901,0.00,694.32,14.280000,1.800000,1000.00,cifi0007.DBF
P9FN,10P9FN,F,NS,00,46,42,680.13,908,0.00,711.79,14.280000,1.800000,1000.00,cifi0007.DBF
P9FN,10P9FN,F,NS,00,46,43,697.79,915,0.00,728.57,14.280000,1.800000,1000.00,cifi0007.DBF
P9FN,10P9FN,F,NS,00,46,44,714.90,921,0.00,744.76,14.280000,1.800000,1000.00,cifi0007.DBF
P9FN,10P9FN,F,NS,00,46,45,732.06,927,0.00,760.66,14.280000,1.800000,1000.00,cifi0007.DBF
P9FN,10P9FN,F,NS,00,46,46,751.10,934,0.00,777.36,14.280000,1.800000,1000.00,cifi0007.DBF
P9FN,10P9FN,F,NS,00,46,47,771.33,940,0.00,795.36,14.280000,1.800000,1000.00,cifi0007.DBF
P9FN,10P9FN,F,NS,00,46,48,792.32,947,0.00,814.15,14.280000,1.800000,1000.00,cifi0007.DBF
P9FN,10P9FN,F,NS,00,46,49,814.15,954,0.00,833.57,14.280000,1.800000,1000.00,cifi0007.DBF
P9FN,10P9FN,F,NS,00,46,50,837.18,960,0.00,853.79,14.280000,1.800000,1000.00,cifi0007.DBF
P9FN,10P9FN,F,NS,00,46,51,863.41,968,0.00,875.86,14.280000,1.800000,1000.00,cifi0007.DBF
P9FN,10P9FN,F,NS,00,46,52,895.46,976,0.00,901.76,14.280000,1.800000,1000.00,cifi0007.DBF
P9FN,10P9FN,F,NS,00,46,53,939.30,987,0.00,935.17,14.280000,1.800000,1000.00,cifi0007.DBF
P9FN,10P9FN,F,NS,00,47,1,0.00,0,0.00,1.00,0.000000,1.990000,1000.00,cifi0007.DBF
P9FN,10P9FN,F,NS,00,47,2,0.00,0,0.00,14.13,14.960000,1.990000,1000.00,cifi0007.DBF
P9FN,10P9FN,F,NS,00,47,3,9.03,40,0.00,27.59,14.960000,1.990000,1000.00,cifi0007.DBF
P9FN,10P9FN,F,NS,00,47,4,21.19,89,0.00,41.38,14.960000,1.990000,1000.00,cifi0007.DBF
P9FN,10P9FN,F,NS,00,47,5,33.69,135,0.00,55.47,14.960000,1.990000,1000.00,cifi0007.DBF
P9FN,10P9FN,F,NS,00,47,6,46.52,179,0.00,69.86,14.960000,1.990000,1000.00,cifi0007.DBF
P9FN,10P9FN,F,NS,00,47,7,59.68,221,0.00,84.54,14.960000,1.990000,1000.00,cifi0007.DBF
P9FN,10P9FN,F,NS,00,47,8,73.18,261,0.00,99.50,14.960000,1.990000,1000.00,cifi0007.DBF
P9FN,10P9FN,F,NS,00,47,9,87.02,299,0.00,114.76,14.960000,1.990000,1000.00,cifi0007.DBF
P9FN,10P9FN,F,NS,00,47,10,101.17,335,0.00,130.29,14.960000,1.990000,1000.00,cifi0007.DBF
P9FN,10P9FN,F,NS,00,47,11,115.64,369,0.00,146.08,14.960000,1.990000,1000.00,cifi0007.DBF
P9FN,10P9FN,F,NS,00,47,12,130.44,401,0.00,162.13,14.960000,1.990000,1000.00,cifi0007.DBF
P9FN,10P9FN,F,NS,00,47,13,145.59,432,0.00,178.45,14.960000,1.990000,1000.00,cifi0007.DBF
P9FN,10P9FN,F,NS,00,47,14,161.11,462,0.00,195.07,14.960000,1.990000,1000.00,cifi0007.DBF
P9FN,10P9FN,F,NS,00,47,15,177.01,490,0.00,212.00,14.960000,1.990000,1000.00,cifi0007.DBF
P9FN,10P9FN,F,NS,00,47,16,193.29,517,0.00,229.23,14.960000,1.990000,1000.00,cifi0007.DBF
P9FN,10P9FN,F,NS,00,47,17,209.95,543,0.00,246.76,14.960000,1.990000,1000.00,cifi0007.DBF
P9FN,10P9FN,F,NS,00,47,18,227.02,568,0.00,264.60,14.960000,1.990000,1000.00,cifi0007.DBF
P9FN,10P9FN,F,NS,00,47,19,244.48,591,0.00,282.74,14.960000,1.990000,1000.00,cifi0007.DBF
P9FN,10P9FN,F,NS,00,47,20,262.31,614,0.00,301.18,14.960000,1.990000,1000.00,cifi0007.DBF
P9FN,10P9FN,F,NS,00,47,21,280.52,635,0.00,319.89,14.960000,1.990000,1000.00,cifi0007.DBF
P9FN,10P9FN,F,NS,00,47,22,299.07,656,0.00,338.87,14.960000,1.990000,1000.00,cifi0007.DBF
P9FN,10P9FN,F,NS,00,47,23,317.95,676,0.00,358.08,14.960000,1.990000,1000.00,cifi0007.DBF
P9FN,10P9FN,F,NS,00,47,24,337.15,695,0.00,377.51,14.960000,1.990000,1000.00,cifi0007.DBF
P9FN,10P9FN,F,NS,00,47,25,356.61,712,0.00,397.12,14.960000,1.990000,1000.00,cifi0007.DBF
P9FN,10P9FN,F,NS,00,47,26,376.29,730,0.00,416.86,14.960000,1.990000,1000.00,cifi0007.DBF
P9FN,10P9FN,F,NS,00,47,27,396.19,746,0.00,436.72,14.960000,1.990000,1000.00,cifi0007.DBF
P9FN,10P9FN,F,NS,00,47,28,416.28,761,0.00,456.67,14.960000,1.990000,1000.00,cifi0007.DBF
P9FN,10P9FN,F,NS,00,47,29,436.54,776,0.00,476.70,14.960000,1.990000,1000.00,cifi0007.DBF
P9FN,10P9FN,F,NS,00,47,30,456.95,790,0.00,496.77,14.960000,1.990000,1000.00,cifi0007.DBF
P9FN,10P9FN,F,NS,00,47,31,477.49,803,0.00,516.88,14.960000,1.990000,1000.00,cifi0007.DBF
P9FN,10P9FN,F,NS,00,47,32,498.14,816,0.00,536.99,14.960000,1.990000,1000.00,cifi0007.DBF
P9FN,10P9FN,F,NS,00,47,33,518.91,828,0.00,557.12,14.960000,1.990000,1000.00,cifi0007.DBF
P9FN,10P9FN,F,NS,00,47,34,539.79,840,0.00,577.24,14.960000,1.990000,1000.00,cifi0007.DBF
P9FN,10P9FN,F,NS,00,47,35,560.31,851,0.00,597.15,14.960000,1.990000,1000.00,cifi0007.DBF
P9FN,10P9FN,F,NS,00,47,36,580.37,861,0.00,616.58,14.960000,1.990000,1000.00,cifi0007.DBF
P9FN,10P9FN,F,NS,00,47,37,600.16,871,0.00,635.59,14.960000,1.990000,1000.00,cifi0007.DBF
P9FN,10P9FN,F,NS,00,47,38,619.67,880,0.00,654.26,14.960000,1.990000,1000.00,cifi0007.DBF
P9FN,10P9FN,F,NS,00,47,39,638.80,888,0.00,672.53,14.960000,1.990000,1000.00,cifi0007.DBF
P9FN,10P9FN,F,NS,00,47,40,658.05,896,0.00,690.60,14.960000,1.990000,1000.00,cifi0007.DBF
P9FN,10P9FN,F,NS,00,47,41,676.53,904,0.00,708.30,14.960000,1.990000,1000.00,cifi0007.DBF
P9FN,10P9FN,F,NS,00,47,42,694.39,911,0.00,725.30,14.960000,1.990000,1000.00,cifi0007.DBF
P9FN,10P9FN,F,NS,00,47,43,711.70,917,0.00,741.70,14.960000,1.990000,1000.00,cifi0007.DBF
P9FN,10P9FN,F,NS,00,47,44,729.05,924,0.00,757.81,14.960000,1.990000,1000.00,cifi0007.DBF
P9FN,10P9FN,F,NS,00,47,45,748.30,930,0.00,774.72,14.960000,1.990000,1000.00,cifi0007.DBF
P9FN,10P9FN,F,NS,00,47,46,768.76,937,0.00,792.96,14.960000,1.990000,1000.00,cifi0007.DBF
P9FN,10P9FN,F,NS,00,47,47,789.99,944,0.00,811.99,14.960000,1.990000,1000.00,cifi0007.DBF
P9FN,10P9FN,F,NS,00,47,48,812.06,951,0.00,831.66,14.960000,1.990000,1000.00,cifi0007.DBF
P9FN,10P9FN,F,NS,00,47,49,835.35,958,0.00,852.15,14.960000,1.990000,1000.00,cifi0007.DBF
P9FN,10P9FN,F,NS,00,47,50,861.87,966,0.00,874.50,14.960000,1.990000,1000.00,cifi0007.DBF
P9FN,10P9FN,F,NS,00,47,51,894.28,975,0.00,900.73,14.960000,1.990000,1000.00,cifi0007.DBF
P9FN,10P9FN,F,NS,00,47,52,938.61,986,0.00,934.58,14.960000,1.990000,1000.00,cifi0007.DBF
P9FN,10P9FN,F,NS,00,48,1,0.00,0,0.00,1.10,0.000000,2.200000,1000.00,cifi0007.DBF
P9FN,10P9FN,F,NS,00,48,2,0.00,0,0.00,14.75,15.680000,2.200000,1000.00,cifi0007.DBF
P9FN,10P9FN,F,NS,00,48,3,9.70,41,0.00,28.72,15.680000,2.200000,1000.00,cifi0007.DBF
P9FN,10P9FN,F,NS,00,48,4,22.34,90,0.00,43.00,15.680000,2.200000,1000.00,cifi0007.DBF
P9FN,10P9FN,F,NS,00,48,5,35.32,136,0.00,57.58,15.680000,2.200000,1000.00,cifi0007.DBF
P9FN,10P9FN,F,NS,00,48,6,48.64,180,0.00,72.46,15.680000,2.200000,1000.00,cifi0007.DBF
P9FN,10P9FN,F,NS,00,48,7,62.30,222,0.00,87.63,15.680000,2.200000,1000.00,cifi0007.DBF
P9FN,10P9FN,F,NS,00,48,8,76.30,262,0.00,103.09,15.680000,2.200000,1000.00,cifi0007.DBF
P9FN,10P9FN,F,NS,00,48,9,90.62,300,0.00,118.83,15.680000,2.200000,1000.00,cifi0007.DBF
P9FN,10P9FN,F,NS,00,48,10,105.26,336,0.00,134.83,15.680000,2.200000,1000.00,cifi0007.DBF
P9FN,10P9FN,F,NS,00,48,11,120.23,370,0.00,151.09,15.680000,2.200000,1000.00,cifi0007.DBF
P9FN,10P9FN,F,NS,00,48,12,135.55,402,0.00,167.64,15.680000,2.200000,1000.00,cifi0007.DBF
P9FN,10P9FN,F,NS,00,48,13,151.26,434,0.00,184.49,15.680000,2.200000,1000.00,cifi0007.DBF
P9FN,10P9FN,F,NS,00,48,14,167.35,463,0.00,201.64,15.680000,2.200000,1000.00,cifi0007.DBF
P9FN,10P9FN,F,NS,00,48,15,183.81,492,0.00,219.10,15.680000,2.200000,1000.00,cifi0007.DBF
P9FN,10P9FN,F,NS,00,48,16,200.68,519,0.00,236.86,15.680000,2.200000,1000.00,cifi0007.DBF
P9FN,10P9FN,F,NS,00,48,17,217.95,545,0.00,254.94,15.680000,2.200000,1000.00,cifi0007.DBF
P9FN,10P9FN,F,NS,00,48,18,235.61,570,0.00,273.34,15.680000,2.200000,1000.00,cifi0007.DBF
P9FN,10P9FN,F,NS,00,48,19,253.65,593,0.00,292.02,15.680000,2.200000,1000.00,cifi0007.DBF
P9FN,10P9FN,F,NS,00,48,20,272.07,616,0.00,310.99,15.680000,2.200000,1000.00,cifi0007.DBF
P9FN,10P9FN,F,NS,00,48,21,290.84,638,0.00,330.21,15.680000,2.200000,1000.00,cifi0007.DBF
P9FN,10P9FN,F,NS,00,48,22,309.94,659,0.00,349.68,15.680000,2.200000,1000.00,cifi0007.DBF
P9FN,10P9FN,F,NS,00,48,23,329.37,678,0.00,369.38,15.680000,2.200000,1000.00,cifi0007.DBF
P9FN,10P9FN,F,NS,00,48,24,349.06,697,0.00,389.25,15.680000,2.200000,1000.00,cifi0007.DBF
P9FN,10P9FN,F,NS,00,48,25,368.97,715,0.00,409.26,15.680000,2.200000,1000.00,cifi0007.DBF
P9FN,10P9FN,F,NS,00,48,26,389.10,732,0.00,429.39,15.680000,2.200000,1000.00,cifi0007.DBF
P9FN,10P9FN,F,NS,00,48,27,409.43,749,0.00,449.61,15.680000,2.200000,1000.00,cifi0007.DBF
P9FN,10P9FN,F,NS,00,48,28,429.92,764,0.00,469.90,15.680000,2.200000,1000.00,cifi0007.DBF
P9FN,10P9FN,F,NS,00,48,29,450.57,779,0.00,490.25,15.680000,2.200000,1000.00,cifi0007.DBF
P9FN,10P9FN,F,NS,00,48,30,471.35,793,0.00,510.62,15.680000,2.200000,1000.00,cifi0007.DBF
P9FN,10P9FN,F,NS,00,48,31,492.25,807,0.00,531.01,15.680000,2.200000,1000.00,cifi0007.DBF
P9FN,10P9FN,F,NS,00,48,32,513.27,819,0.00,551.41,15.680000,2.200000,1000.00,cifi0007.DBF
P9FN,10P9FN,F,NS,00,48,33,534.38,832,0.00,571.80,15.680000,2.200000,1000.00,cifi0007.DBF
P9FN,10P9FN,F,NS,00,48,34,555.15,843,0.00,591.98,15.680000,2.200000,1000.00,cifi0007.DBF
P9FN,10P9FN,F,NS,00,48,35,575.44,854,0.00,611.67,15.680000,2.200000,1000.00,cifi0007.DBF
P9FN,10P9FN,F,NS,00,48,36,595.47,864,0.00,630.94,15.680000,2.200000,1000.00,cifi0007.DBF
P9FN,10P9FN,F,NS,00,48,37,615.20,873,0.00,649.86,15.680000,2.200000,1000.00,cifi0007.DBF
P9FN,10P9FN,F,NS,00,48,38,634.56,882,0.00,668.38,15.680000,2.200000,1000.00,cifi0007.DBF
P9FN,10P9FN,F,NS,00,48,39,654.03,891,0.00,686.69,15.680000,2.200000,1000.00,cifi0007.DBF
P9FN,10P9FN,F,NS,00,48,40,672.74,899,0.00,704.63,15.680000,2.200000,1000.00,cifi0007.DBF
P9FN,10P9FN,F,NS,00,48,41,690.80,906,0.00,721.86,15.680000,2.200000,1000.00,cifi0007.DBF
P9FN,10P9FN,F,NS,00,48,42,708.32,913,0.00,738.48,15.680000,2.200000,1000.00,cifi0007.DBF
P9FN,10P9FN,F,NS,00,48,43,725.87,920,0.00,754.80,15.680000,2.200000,1000.00,cifi0007.DBF
P9FN,10P9FN,F,NS,00,48,44,745.35,927,0.00,771.95,15.680000,2.200000,1000.00,cifi0007.DBF
P9FN,10P9FN,F,NS,00,48,45,766.04,934,0.00,790.43,15.680000,2.200000,1000.00,cifi0007.DBF
P9FN,10P9FN,F,NS,00,48,46,787.52,941,0.00,809.72,15.680000,2.200000,1000.00,cifi0007.DBF
P9FN,10P9FN,F,NS,00,48,47,809.85,949,0.00,829.65,15.680000,2.200000,1000.00,cifi0007.DBF
P9FN,10P9FN,F,NS,00,48,48,833.42,956,0.00,850.41,15.680000,2.200000,1000.00,cifi0007.DBF
P9FN,10P9FN,F,NS,00,48,49,860.25,964,0.00,873.07,15.680000,2.200000,1000.00,cifi0007.DBF
P9FN,10P9FN,F,NS,00,48,50,893.04,973,0.00,899.65,15.680000,2.200000,1000.00,cifi0007.DBF
P9FN,10P9FN,F,NS,00,48,51,937.89,985,0.00,933.96,15.680000,2.200000,1000.00,cifi0007.DBF
P9FN,10P9FN,F,NS,00,49,1,0.00,0,0.00,1.22,0.000000,2.430000,1000.00,cifi0007.DBF
P9FN,10P9FN,F,NS,00,49,2,0.00,0,0.00,15.38,16.440000,2.430000,1000.00,cifi0007.DBF
P9FN,10P9FN,F,NS,00,49,3,10.35,42,0.00,29.87,16.440000,2.430000,1000.00,cifi0007.DBF
P9FN,10P9FN,F,NS,00,49,4,23.49,91,0.00,44.65,16.440000,2.430000,1000.00,cifi0007.DBF
P9FN,10P9FN,F,NS,00,49,5,36.97,137,0.00,59.74,16.440000,2.430000,1000.00,cifi0007.DBF
P9FN,10P9FN,F,NS,00,49,6,50.79,181,0.00,75.12,16.440000,2.430000,1000.00,cifi0007.DBF
P9FN,10P9FN,F,NS,00,49,7,64.97,223,0.00,90.80,16.440000,2.430000,1000.00,cifi0007.DBF
P9FN,10P9FN,F,NS,00,49,8,79.46,263,0.00,106.75,16.440000,2.430000,1000.00,cifi0007.DBF
P9FN,10P9FN,F,NS,00,49,9,94.28,301,0.00,122.98,16.440000,2.430000,1000.00,cifi0007.DBF
P9FN,10P9FN,F,NS,00,49,10,109.44,337,0.00,139.47,16.440000,2.430000,1000.00,cifi0007.DBF
P9FN,10P9FN,F,NS,00,49,11,124.95,371,0.00,156.25,16.440000,2.430000,1000.00,cifi0007.DBF
P9FN,10P9FN,F,NS,00,49,12,140.85,404,0.00,173.33,16.440000,2.430000,1000.00,cifi0007.DBF
P9FN,10P9FN,F,NS,00,49,13,157.14,435,0.00,190.73,16.440000,2.430000,1000.00,cifi0007.DBF
P9FN,10P9FN,F,NS,00,49,14,173.80,465,0.00,208.43,16.440000,2.430000,1000.00,cifi0007.DBF
P9FN,10P9FN,F,NS,00,49,15,190.87,494,0.00,226.44,16.440000,2.430000,1000.00,cifi0007.DBF
P9FN,10P9FN,F,NS,00,49,16,208.35,521,0.00,244.78,16.440000,2.430000,1000.00,cifi0007.DBF
P9FN,10P9FN,F,NS,00,49,17,226.23,547,0.00,263.43,16.440000,2.430000,1000.00,cifi0007.DBF
P9FN,10P9FN,F,NS,00,49,18,244.50,572,0.00,282.38,16.440000,2.430000,1000.00,cifi0007.DBF
P9FN,10P9FN,F,NS,00,49,19,263.14,596,0.00,301.61,16.440000,2.430000,1000.00,cifi0007.DBF
P9FN,10P9FN,F,NS,00,49,20,282.14,619,0.00,321.10,16.440000,2.430000,1000.00,cifi0007.DBF
P9FN,10P9FN,F,NS,00,49,21,301.48,641,0.00,340.84,16.440000,2.430000,1000.00,cifi0007.DBF
P9FN,10P9FN,F,NS,00,49,22,321.14,662,0.00,360.81,16.440000,2.430000,1000.00,cifi0007.DBF
P9FN,10P9FN,F,NS,00,49,23,341.07,681,0.00,380.97,16.440000,2.430000,1000.00,cifi0007.DBF
P9FN,10P9FN,F,NS,00,49,24,361.23,700,0.00,401.26,16.440000,2.430000,1000.00,cifi0007.DBF
P9FN,10P9FN,F,NS,00,49,25,381.61,718,0.00,421.66,16.440000,2.430000,1000.00,cifi0007.DBF
P9FN,10P9FN,F,NS,00,49,26,402.18,735,0.00,442.17,16.440000,2.430000,1000.00,cifi0007.DBF
P9FN,10P9FN,F,NS,00,49,27,422.93,752,0.00,462.75,16.440000,2.430000,1000.00,cifi0007.DBF
P9FN,10P9FN,F,NS,00,49,28,443.83,767,0.00,483.38,16.440000,2.430000,1000.00,cifi0007.DBF
P9FN,10P9FN,F,NS,00,49,29,464.87,782,0.00,504.04,16.440000,2.430000,1000.00,cifi0007.DBF
P9FN,10P9FN,F,NS,00,49,30,486.02,796,0.00,524.71,16.440000,2.430000,1000.00,cifi0007.DBF
P9FN,10P9FN,F,NS,00,49,31,507.30,810,0.00,545.39,16.440000,2.430000,1000.00,cifi0007.DBF
P9FN,10P9FN,F,NS,00,49,32,528.67,823,0.00,566.08,16.440000,2.430000,1000.00,cifi0007.DBF
P9FN,10P9FN,F,NS,00,49,33,549.69,835,0.00,586.53,16.440000,2.430000,1000.00,cifi0007.DBF
P9FN,10P9FN,F,NS,00,49,34,570.23,846,0.00,606.50,16.440000,2.430000,1000.00,cifi0007.DBF
P9FN,10P9FN,F,NS,00,49,35,590.51,857,0.00,626.04,16.440000,2.430000,1000.00,cifi0007.DBF
P9FN,10P9FN,F,NS,00,49,36,610.48,866,0.00,645.22,16.440000,2.430000,1000.00,cifi0007.DBF
P9FN,10P9FN,F,NS,00,49,37,630.07,876,0.00,664.00,16.440000,2.430000,1000.00,cifi0007.DBF
P9FN,10P9FN,F,NS,00,49,38,649.79,885,0.00,682.57,16.440000,2.430000,1000.00,cifi0007.DBF
P9FN,10P9FN,F,NS,00,49,39,668.72,893,0.00,700.76,16.440000,2.430000,1000.00,cifi0007.DBF
P9FN,10P9FN,F,NS,00,49,40,687.01,901,0.00,718.23,16.440000,2.430000,1000.00,cifi0007.DBF
P9FN,10P9FN,F,NS,00,49,41,704.74,908,0.00,735.08,16.440000,2.430000,1000.00,cifi0007.DBF
P9FN,10P9FN,F,NS,00,49,42,722.51,915,0.00,751.64,16.440000,2.430000,1000.00,cifi0007.DBF
P9FN,10P9FN,F,NS,00,49,43,742.22,923,0.00,769.02,16.440000,2.430000,1000.00,cifi0007.DBF
P9FN,10P9FN,F,NS,00,49,44,763.17,930,0.00,787.76,16.440000,2.430000,1000.00,cifi0007.DBF
P9FN,10P9FN,F,NS,00,49,45,784.91,938,0.00,807.32,16.440000,2.430000,1000.00,cifi0007.DBF
P9FN,10P9FN,F,NS,00,49,46,807.52,946,0.00,827.53,16.440000,2.430000,1000.00,cifi0007.DBF
P9FN,10P9FN,F,NS,00,49,47,831.37,954,0.00,848.59,16.440000,2.430000,1000.00,cifi0007.DBF
P9FN,10P9FN,F,NS,00,49,48,858.54,962,0.00,871.56,16.440000,2.430000,1000.00,cifi0007.DBF
P9FN,10P9FN,F,NS,00,49,49,891.73,972,0.00,898.52,16.440000,2.430000,1000.00,cifi0007.DBF
P9FN,10P9FN,F,NS,00,49,50,937.13,984,0.00,933.30,16.440000,2.430000,1000.00,cifi0007.DBF
P9FN,10P9FN,F,NS,00,50,1,0.00,0,0.00,1.35,0.000000,2.700000,1000.00,cifi0007.DBF
P9FN,10P9FN,F,NS,00,50,2,0.00,0,0.00,16.04,17.240000,2.700000,1000.00,cifi0007.DBF
P9FN,10P9FN,F,NS,00,50,3,10.98,43,0.00,31.05,17.240000,2.700000,1000.00,cifi0007.DBF
P9FN,10P9FN,F,NS,00,50,4,24.63,92,0.00,46.35,17.240000,2.700000,1000.00,cifi0007.DBF
P9FN,10P9FN,F,NS,00,50,5,38.63,138,0.00,61.95,17.240000,2.700000,1000.00,cifi0007.DBF
P9FN,10P9FN,F,NS,00,50,6,52.99,182,0.00,77.86,17.240000,2.700000,1000.00,cifi0007.DBF
P9FN,10P9FN,F,NS,00,50,7,67.67,224,0.00,94.05,17.240000,2.700000,1000.00,cifi0007.DBF
P9FN,10P9FN,F,NS,00,50,8,82.68,264,0.00,110.51,17.240000,2.700000,1000.00,cifi0007.DBF
P9FN,10P9FN,F,NS,00,50,9,98.02,302,0.00,127.24,17.240000,2.700000,1000.00,cifi0007.DBF
P9FN,10P9FN,F,NS,00,50,10,113.74,338,0.00,144.26,17.240000,2.700000,1000.00,cifi0007.DBF
P9FN,10P9FN,F,NS,00,50,11,129.84,372,0.00,161.60,17.240000,2.700000,1000.00,cifi0007.DBF
P9FN,10P9FN,F,NS,00,50,12,146.34,405,0.00,179.25,17.240000,2.700000,1000.00,cifi0007.DBF
P9FN,10P9FN,F,NS,00,50,13,163.21,437,0.00,197.20,17.240000,2.700000,1000.00,cifi0007.DBF
P9FN,10P9FN,F,NS,00,50,14,180.50,467,0.00,215.48,17.240000,2.700000,1000.00,cifi0007.DBF
P9FN,10P9FN,F,NS,00,50,15,198.21,496,0.00,234.08,17.240000,2.700000,1000.00,cifi0007.DBF
P9FN,10P9FN,F,NS,00,50,16,216.32,523,0.00,253.00,17.240000,2.700000,1000.00,cifi0007.DBF
P9FN,10P9FN,F,NS,00,50,17,234.82,549,0.00,272.22,17.240000,2.700000,1000.00,cifi0007.DBF
P9FN,10P9FN,F,NS,00,50,18,253.70,575,0.00,291.73,17.240000,2.700000,1000.00,cifi0007.DBF
P9FN,10P9FN,F,NS,00,50,19,272.94,599,0.00,311.51,17.240000,2.700000,1000.00,cifi0007.DBF
P9FN,10P9FN,F,NS,00,50,20,292.53,622,0.00,331.54,17.240000,2.700000,1000.00,cifi0007.DBF
P9FN,10P9FN,F,NS,00,50,21,312.44,644,0.00,351.80,17.240000,2.700000,1000.00,cifi0007.DBF
P9FN,10P9FN,F,NS,00,50,22,332.63,665,0.00,372.25,17.240000,2.700000,1000.00,cifi0007.DBF
P9FN,10P9FN,F,NS,00,50,23,353.04,684,0.00,392.84,17.240000,2.700000,1000.00,cifi0007.DBF
P9FN,10P9FN,F,NS,00,50,24,373.68,703,0.00,413.54,17.240000,2.700000,1000.00,cifi0007.DBF
P9FN,10P9FN,F,NS,00,50,25,394.52,721,0.00,434.34,17.240000,2.700000,1000.00,cifi0007.DBF
P9FN,10P9FN,F,NS,00,50,26,415.54,739,0.00,455.22,17.240000,2.700000,1000.00,cifi0007.DBF
P9FN,10P9FN,F,NS,00,50,27,436.71,755,0.00,476.15,17.240000,2.700000,1000.00,cifi0007.DBF
P9FN,10P9FN,F,NS,00,50,28,458.01,771,0.00,497.11,17.240000,2.700000,1000.00,cifi0007.DBF
P9FN,10P9FN,F,NS,00,50,29,479.43,786,0.00,518.08,17.240000,2.700000,1000.00,cifi0007.DBF
P9FN,10P9FN,F,NS,00,50,30,500.98,800,0.00,539.07,17.240000,2.700000,1000.00,cifi0007.DBF
P9FN,10P9FN,F,NS,00,50,31,522.63,813,0.00,560.05,17.240000,2.700000,1000.00,cifi0007.DBF
P9FN,10P9FN,F,NS,00,50,32,543.92,826,0.00,580.80,17.240000,2.700000,1000.00,cifi0007.DBF
P9FN,10P9FN,F,NS,00,50,33,564.72,838,0.00,601.06,17.240000,2.700000,1000.00,cifi0007.DBF
P9FN,10P9FN,F,NS,00,50,34,585.26,849,0.00,620.88,17.240000,2.700000,1000.00,cifi0007.DBF
P9FN,10P9FN,F,NS,00,50,35,605.49,859,0.00,640.34,17.240000,2.700000,1000.00,cifi0007.DBF
P9FN,10P9FN,F,NS,00,50,36,625.33,869,0.00,659.40,17.240000,2.700000,1000.00,cifi0007.DBF
P9FN,10P9FN,F,NS,00,50,37,645.30,879,0.00,678.24,17.240000,2.700000,1000.00,cifi0007.DBF
P9FN,10P9FN,F,NS,00,50,38,664.48,888,0.00,696.69,17.240000,2.700000,1000.00,cifi0007.DBF
P9FN,10P9FN,F,NS,00,50,39,683.00,896,0.00,714.41,17.240000,2.700000,1000.00,cifi0007.DBF
P9FN,10P9FN,F,NS,00,50,40,700.95,903,0.00,731.51,17.240000,2.700000,1000.00,cifi0007.DBF
P9FN,10P9FN,F,NS,00,50,41,718.95,911,0.00,748.31,17.240000,2.700000,1000.00,cifi0007.DBF
P9FN,10P9FN,F,NS,00,50,42,738.92,919,0.00,765.94,17.240000,2.700000,1000.00,cifi0007.DBF
P9FN,10P9FN,F,NS,00,50,43,760.14,927,0.00,784.95,17.240000,2.700000,1000.00,cifi0007.DBF
P9FN,10P9FN,F,NS,00,50,44,782.16,935,0.00,804.80,17.240000,2.700000,1000.00,cifi0007.DBF
P9FN,10P9FN,F,NS,00,50,45,805.05,943,0.00,825.30,17.240000,2.700000,1000.00,cifi0007.DBF
P9FN,10P9FN,F,NS,00,50,46,829.21,951,0.00,846.67,17.240000,2.700000,1000.00,cifi0007.DBF
P9FN,10P9FN,F,NS,00,50,47,856.72,960,0.00,869.97,17.240000,2.700000,1000.00,cifi0007.DBF
P9FN,10P9FN,F,NS,00,50,48,890.34,970,0.00,897.32,17.240000,2.700000,1000.00,cifi0007.DBF
P9FN,10P9FN,F,NS,00,50,49,936.33,984,0.00,932.61,17.240000,2.700000,1000.00,cifi0007.DBF
P9FN,10P9FN,F,NS,00,51,1,0.00,0,0.00,1.50,0.000000,3.000000,1000.00,cifi0007.DBF
P9FN,10P9FN,F,NS,00,51,2,0.00,0,0.00,16.73,18.080000,3.000000,1000.00,cifi0007.DBF
P9FN,10P9FN,F,NS,00,51,3,11.59,43,0.00,32.26,18.080000,3.000000,1000.00,cifi0007.DBF
P9FN,10P9FN,F,NS,00,51,4,25.78,92,0.00,48.10,18.080000,3.000000,1000.00,cifi0007.DBF
P9FN,10P9FN,F,NS,00,51,5,40.33,139,0.00,64.25,18.080000,3.000000,1000.00,cifi0007.DBF
P9FN,10P9FN,F,NS,00,51,6,55.20,183,0.00,80.68,18.080000,3.000000,1000.00,cifi0007.DBF
P9FN,10P9FN,F,NS,00,51,7,70.42,225,0.00,97.39,18.080000,3.000000,1000.00,cifi0007.DBF
P9FN,10P9FN,F,NS,00,51,8,85.97,265,0.00,114.37,18.080000,3.000000,1000.00,cifi0007.DBF
P9FN,10P9FN,F,NS,00,51,9,101.89,303,0.00,131.65,18.080000,3.000000,1000.00,cifi0007.DBF
P9FN,10P9FN,F,NS,00,51,10,118.21,339,0.00,149.25,18.080000,3.000000,1000.00,cifi0007.DBF
P9FN,10P9FN,F,NS,00,51,11,134.93,374,0.00,167.16,18.080000,3.000000,1000.00,cifi0007.DBF
P9FN,10P9FN,F,NS,00,51,12,152.03,407,0.00,185.39,18.080000,3.000000,1000.00,cifi0007.DBF
P9FN,10P9FN,F,NS,00,51,13,169.55,438,0.00,203.94,18.080000,3.000000,1000.00,cifi0007.DBF
P9FN,10P9FN,F,NS,00,51,14,187.49,469,0.00,222.82,18.080000,3.000000,1000.00,cifi0007.DBF
P9FN,10P9FN,F,NS,00,51,15,205.84,498,0.00,242.03,18.080000,3.000000,1000.00,cifi0007.DBF
P9FN,10P9FN,F,NS,00,51,16,224.59,526,0.00,261.54,18.080000,3.000000,1000.00,cifi0007.DBF
P9FN,10P9FN,F,NS,00,51,17,243.72,552,0.00,281.35,18.080000,3.000000,1000.00,cifi0007.DBF
P9FN,10P9FN,F,NS,00,51,18,263.22,577,0.00,301.42,18.080000,3.000000,1000.00,cifi0007.DBF
P9FN,10P9FN,F,NS,00,51,19,283.07,602,0.00,321.75,18.080000,3.000000,1000.00,cifi0007.DBF
P9FN,10P9FN,F,NS,00,51,20,303.25,625,0.00,342.32,18.080000,3.000000,1000.00,cifi0007.DBF
P9FN,10P9FN,F,NS,00,51,21,323.71,647,0.00,363.08,18.080000,3.000000,1000.00,cifi0007.DBF
P9FN,10P9FN,F,NS,00,51,22,344.40,668,0.00,383.97,18.080000,3.000000,1000.00,cifi0007.DBF
P9FN,10P9FN,F,NS,00,51,23,365.31,688,0.00,404.99,18.080000,3.000000,1000.00,cifi0007.DBF
P9FN,10P9FN,F,NS,00,51,24,386.43,707,0.00,426.10,18.080000,3.000000,1000.00,cifi0007.DBF
P9FN,10P9FN,F,NS,00,51,25,407.72,725,0.00,447.30,18.080000,3.000000,1000.00,cifi0007.DBF
P9FN,10P9FN,F,NS,00,51,26,429.18,742,0.00,468.54,18.080000,3.000000,1000.00,cifi0007.DBF
P9FN,10P9FN,F,NS,00,51,27,450.77,759,0.00,489.82,18.080000,3.000000,1000.00,cifi0007.DBF
P9FN,10P9FN,F,NS,00,51,28,472.47,774,0.00,511.11,18.080000,3.000000,1000.00,cifi0007.DBF
P9FN,10P9FN,F,NS,00,51,29,494.31,789,0.00,532.41,18.080000,3.000000,1000.00,cifi0007.DBF
P9FN,10P9FN,F,NS,00,51,30,516.25,803,0.00,553.71,18.080000,3.000000,1000.00,cifi0007.DBF
P9FN,10P9FN,F,NS,00,51,31,537.82,817,0.00,574.77,18.080000,3.000000,1000.00,cifi0007.DBF
P9FN,10P9FN,F,NS,00,51,32,558.90,829,0.00,595.34,18.080000,3.000000,1000.00,cifi0007.DBF
P9FN,10P9FN,F,NS,00,51,33,579.72,841,0.00,615.46,18.080000,3.000000,1000.00,cifi0007.DBF
P9FN,10P9FN,F,NS,00,51,34,600.22,852,0.00,635.21,18.080000,3.000000,1000.00,cifi0007.DBF
P9FN,10P9FN,F,NS,00,51,35,620.33,862,0.00,654.55,18.080000,3.000000,1000.00,cifi0007.DBF
P9FN,10P9FN,F,NS,00,51,36,640.56,872,0.00,673.68,18.080000,3.000000,1000.00,cifi0007.DBF
P9FN,10P9FN,F,NS,00,51,37,659.99,882,0.00,692.41,18.080000,3.000000,1000.00,cifi0007.DBF
P9FN,10P9FN,F,NS,00,51,38,678.76,890,0.00,710.40,18.080000,3.000000,1000.00,cifi0007.DBF
P9FN,10P9FN,F,NS,00,51,39,696.96,898,0.00,727.75,18.080000,3.000000,1000.00,cifi0007.DBF
P9FN,10P9FN,F,NS,00,51,40,715.19,906,0.00,744.80,18.080000,3.000000,1000.00,cifi0007.DBF
P9FN,10P9FN,F,NS,00,51,41,735.43,914,0.00,762.70,18.080000,3.000000,1000.00,cifi0007.DBF
P9FN,10P9FN,F,NS,00,51,42,756.93,923,0.00,782.00,18.080000,3.000000,1000.00,cifi0007.DBF
P9FN,10P9FN,F,NS,00,51,43,779.25,931,0.00,802.15,18.080000,3.000000,1000.00,cifi0007.DBF
P9FN,10P9FN,F,NS,00,51,44,802.45,940,0.00,822.96,18.080000,3.000000,1000.00,cifi0007.DBF
P9FN,10P9FN,F,NS,00,51,45,826.93,949,0.00,844.64,18.080000,3.000000,1000.00,cifi0007.DBF
P9FN,10P9FN,F,NS,00,51,46,854.81,958,0.00,868.30,18.080000,3.000000,1000.00,cifi0007.DBF
P9FN,10P9FN,F,NS,00,51,47,888.88,969,0.00,896.06,18.080000,3.000000,1000.00,cifi0007.DBF
P9FN,10P9FN,F,NS,00,51,48,935.48,983,0.00,931.89,18.080000,3.000000,1000.00,cifi0007.DBF
P9FN,10P9FN,F,NS,00,52,1,0.00,0,0.00,1.67,0.000000,3.340000,1000.00,cifi0007.DBF
P9FN,10P9FN,F,NS,00,52,2,0.00,0,0.00,17.45,18.960000,3.340000,1000.00,cifi0007.DBF
P9FN,10P9FN,F,NS,00,52,3,12.21,44,0.00,33.53,18.960000,3.340000,1000.00,cifi0007.DBF
P9FN,10P9FN,F,NS,00,52,4,26.96,93,0.00,49.93,18.960000,3.340000,1000.00,cifi0007.DBF
P9FN,10P9FN,F,NS,00,52,5,42.04,139,0.00,66.62,18.960000,3.340000,1000.00,cifi0007.DBF
P9FN,10P9FN,F,NS,00,52,6,57.46,184,0.00,83.59,18.960000,3.340000,1000.00,cifi0007.DBF
P9FN,10P9FN,F,NS,00,52,7,73.23,226,0.00,100.84,18.960000,3.340000,1000.00,cifi0007.DBF
P9FN,10P9FN,F,NS,00,52,8,89.38,266,0.00,118.39,18.960000,3.340000,1000.00,cifi0007.DBF
P9FN,10P9FN,F,NS,00,52,9,105.92,304,0.00,136.25,18.960000,3.340000,1000.00,cifi0007.DBF
P9FN,10P9FN,F,NS,00,52,10,122.87,340,0.00,154.45,18.960000,3.340000,1000.00,cifi0007.DBF
P9FN,10P9FN,F,NS,00,52,11,140.21,375,0.00,172.96,18.960000,3.340000,1000.00,cifi0007.DBF
P9FN,10P9FN,F,NS,00,52,12,157.98,409,0.00,191.80,18.960000,3.340000,1000.00,cifi0007.DBF
P9FN,10P9FN,F,NS,00,52,13,176.17,441,0.00,210.98,18.960000,3.340000,1000.00,cifi0007.DBF
P9FN,10P9FN,F,NS,00,52,14,194.78,471,0.00,230.49,18.960000,3.340000,1000.00,cifi0007.DBF
P9FN,10P9FN,F,NS,00,52,15,213.78,500,0.00,250.31,18.960000,3.340000,1000.00,cifi0007.DBF
P9FN,10P9FN,F,NS,00,52,16,233.18,528,0.00,270.42,18.960000,3.340000,1000.00,cifi0007.DBF
P9FN,10P9FN,F,NS,00,52,17,252.95,555,0.00,290.81,18.960000,3.340000,1000.00,cifi0007.DBF
P9FN,10P9FN,F,NS,00,52,18,273.08,580,0.00,311.46,18.960000,3.340000,1000.00,cifi0007.DBF
P9FN,10P9FN,F,NS,00,52,19,293.55,605,0.00,332.34,18.960000,3.340000,1000.00,cifi0007.DBF
P9FN,10P9FN,F,NS,00,52,20,314.29,628,0.00,353.43,18.960000,3.340000,1000.00,cifi0007.DBF
P9FN,10P9FN,F,NS,00,52,21,335.26,650,0.00,374.65,18.960000,3.340000,1000.00,cifi0007.DBF
P9FN,10P9FN,F,NS,00,52,22,356.47,671,0.00,395.99,18.960000,3.340000,1000.00,cifi0007.DBF
P9FN,10P9FN,F,NS,00,52,23,377.88,691,0.00,417.44,18.960000,3.340000,1000.00,cifi0007.DBF
P9FN,10P9FN,F,NS,00,52,24,399.47,710,0.00,438.96,18.960000,3.340000,1000.00,cifi0007.DBF
P9FN,10P9FN,F,NS,00,52,25,421.22,728,0.00,460.54,18.960000,3.340000,1000.00,cifi0007.DBF
P9FN,10P9FN,F,NS,00,52,26,443.11,746,0.00,482.15,18.960000,3.340000,1000.00,cifi0007.DBF
P9FN,10P9FN,F,NS,00,52,27,465.12,762,0.00,503.77,18.960000,3.340000,1000.00,cifi0007.DBF
P9FN,10P9FN,F,NS,00,52,28,487.27,778,0.00,525.40,18.960000,3.340000,1000.00,cifi0007.DBF
P9FN,10P9FN,F,NS,00,52,29,509.51,793,0.00,547.03,18.960000,3.340000,1000.00,cifi0007.DBF
P9FN,10P9FN,F,NS,00,52,30,531.38,807,0.00,568.43,18.960000,3.340000,1000.00,cifi0007.DBF
P9FN,10P9FN,F,NS,00,52,31,552.76,820,0.00,589.32,18.960000,3.340000,1000.00,cifi0007.DBF
P9FN,10P9FN,F,NS,00,52,32,573.86,832,0.00,609.75,18.960000,3.340000,1000.00,cifi0007.DBF
P9FN,10P9FN,F,NS,00,52,33,594.65,844,0.00,629.81,18.960000,3.340000,1000.00,cifi0007.DBF
P9FN,10P9FN,F,NS,00,52,34,615.04,855,0.00,649.46,18.960000,3.340000,1000.00,cifi0007.DBF
P9FN,10P9FN,F,NS,00,52,35,635.55,866,0.00,668.88,18.960000,3.340000,1000.00,cifi0007.DBF
P9FN,10P9FN,F,NS,00,52,36,655.25,875,0.00,687.90,18.960000,3.340000,1000.00,cifi0007.DBF
P9FN,10P9FN,F,NS,00,52,37,674.29,884,0.00,706.17,18.960000,3.340000,1000.00,cifi0007.DBF
P9FN,10P9FN,F,NS,00,52,38,692.73,893,0.00,723.80,18.960000,3.340000,1000.00,cifi0007.DBF
P9FN,10P9FN,F,NS,00,52,39,711.22,901,0.00,741.11,18.960000,3.340000,1000.00,cifi0007.DBF
P9FN,10P9FN,F,NS,00,52,40,731.74,910,0.00,759.30,18.960000,3.340000,1000.00,cifi0007.DBF
P9FN,10P9FN,F,NS,00,52,41,753.55,919,0.00,778.90,18.960000,3.340000,1000.00,cifi0007.DBF
P9FN,10P9FN,F,NS,00,52,42,776.17,928,0.00,799.36,18.960000,3.340000,1000.00,cifi0007.DBF
P9FN,10P9FN,F,NS,00,52,43,799.69,937,0.00,820.49,18.960000,3.340000,1000.00,cifi0007.DBF
P9FN,10P9FN,F,NS,00,52,44,824.52,946,0.00,842.52,18.960000,3.340000,1000.00,cifi0007.DBF
P9FN,10P9FN,F,NS,00,52,45,852.78,956,0.00,866.54,18.960000,3.340000,1000.00,cifi0007.DBF
P9FN,10P9FN,F,NS,00,52,46,887.33,967,0.00,894.74,18.960000,3.340000,1000.00,cifi0007.DBF
P9FN,10P9FN,F,NS,00,52,47,934.58,982,0.00,931.12,18.960000,3.340000,1000.00,cifi0007.DBF
P9FN,10P9FN,F,NS,00,53,1,0.00,0,0.00,1.85,0.000000,3.700000,1000.00,cifi0007.DBF
P9FN,10P9FN,F,NS,00,53,2,0.00,0,0.00,18.20,19.890000,3.700000,1000.00,cifi0007.DBF
P9FN,10P9FN,F,NS,00,53,3,12.84,45,0.00,34.86,19.890000,3.700000,1000.00,cifi0007.DBF
P9FN,10P9FN,F,NS,00,53,4,28.14,93,0.00,51.82,19.890000,3.700000,1000.00,cifi0007.DBF
P9FN,10P9FN,F,NS,00,53,5,43.79,140,0.00,69.06,19.890000,3.700000,1000.00,cifi0007.DBF
P9FN,10P9FN,F,NS,00,53,6,59.78,184,0.00,86.59,19.890000,3.700000,1000.00,cifi0007.DBF
P9FN,10P9FN,F,NS,00,53,7,76.16,226,0.00,104.43,19.890000,3.700000,1000.00,cifi0007.DBF
P9FN,10P9FN,F,NS,00,53,8,92.95,267,0.00,122.58,19.890000,3.700000,1000.00,cifi0007.DBF
P9FN,10P9FN,F,NS,00,53,9,110.15,305,0.00,141.07,19.890000,3.700000,1000.00,cifi0007.DBF
P9FN,10P9FN,F,NS,00,53,10,127.74,342,0.00,159.89,19.890000,3.700000,1000.00,cifi0007.DBF
P9FN,10P9FN,F,NS,00,53,11,145.76,377,0.00,179.03,19.890000,3.700000,1000.00,cifi0007.DBF
P9FN,10P9FN,F,NS,00,53,12,164.22,411,0.00,198.52,19.890000,3.700000,1000.00,cifi0007.DBF
P9FN,10P9FN,F,NS,00,53,13,183.09,443,0.00,218.34,19.890000,3.700000,1000.00,cifi0007.DBF
P9FN,10P9FN,F,NS,00,53,14,202.38,474,0.00,238.48,19.890000,3.700000,1000.00,cifi0007.DBF
P9FN,10P9FN,F,NS,00,53,15,222.06,503,0.00,258.92,19.890000,3.700000,1000.00,cifi0007.DBF
P9FN,10P9FN,F,NS,00,53,16,242.12,531,0.00,279.64,19.890000,3.700000,1000.00,cifi0007.DBF
P9FN,10P9FN,F,NS,00,53,17,262.53,558,0.00,300.62,19.890000,3.700000,1000.00,cifi0007.DBF
P9FN,10P9FN,F,NS,00,53,18,283.30,584,0.00,321.85,19.890000,3.700000,1000.00,cifi0007.DBF
P9FN,10P9FN,F,NS,00,53,19,304.34,608,0.00,343.27,19.890000,3.700000,1000.00,cifi0007.DBF
P9FN,10P9FN,F,NS,00,53,20,325.62,631,0.00,364.84,19.890000,3.700000,1000.00,cifi0007.DBF
P9FN,10P9FN,F,NS,00,53,21,347.13,653,0.00,386.52,19.890000,3.700000,1000.00,cifi0007.DBF
P9FN,10P9FN,F,NS,00,53,22,368.85,675,0.00,408.32,19.890000,3.700000,1000.00,cifi0007.DBF
P9FN,10P9FN,F,NS,00,53,23,390.76,695,0.00,430.19,19.890000,3.700000,1000.00,cifi0007.DBF
P9FN,10P9FN,F,NS,00,53,24,412.83,714,0.00,452.12,19.890000,3.700000,1000.00,cifi0007.DBF
P9FN,10P9FN,F,NS,00,53,25,435.03,732,0.00,474.08,19.890000,3.700000,1000.00,cifi0007.DBF
P9FN,10P9FN,F,NS,00,53,26,457.36,749,0.00,496.05,19.890000,3.700000,1000.00,cifi0007.DBF
P9FN,10P9FN,F,NS,00,53,27,479.83,766,0.00,518.03,19.890000,3.700000,1000.00,cifi0007.DBF
P9FN,10P9FN,F,NS,00,53,28,502.40,782,0.00,540.01,19.890000,3.700000,1000.00,cifi0007.DBF
P9FN,10P9FN,F,NS,00,53,29,524.58,797,0.00,561.75,19.890000,3.700000,1000.00,cifi0007.DBF
P9FN,10P9FN,F,NS,00,53,30,546.27,810,0.00,582.98,19.890000,3.700000,1000.00,cifi0007.DBF
P9FN,10P9FN,F,NS,00,53,31,567.68,823,0.00,603.74,19.890000,3.700000,1000.00,cifi0007.DBF
P9FN,10P9FN,F,NS,00,53,32,588.77,836,0.00,624.13,19.890000,3.700000,1000.00,cifi0007.DBF
P9FN,10P9FN,F,NS,00,53,33,609.45,847,0.00,644.09,19.890000,3.700000,1000.00,cifi0007.DBF
P9FN,10P9FN,F,NS,00,53,34,630.26,858,0.00,663.83,19.890000,3.700000,1000.00,cifi0007.DBF
P9FN,10P9FN,F,NS,00,53,35,650.25,869,0.00,683.16,19.890000,3.700000,1000.00,cifi0007.DBF
P9FN,10P9FN,F,NS,00,53,36,669.56,878,0.00,701.73,19.890000,3.700000,1000.00,cifi0007.DBF
P9FN,10P9FN,F,NS,00,53,37,688.28,887,0.00,719.64,19.890000,3.700000,1000.00,cifi0007.DBF
P9FN,10P9FN,F,NS,00,53,38,707.03,896,0.00,737.23,19.890000,3.700000,1000.00,cifi0007.DBF
P9FN,10P9FN,F,NS,00,53,39,727.85,905,0.00,755.71,19.890000,3.700000,1000.00,cifi0007.DBF
P9FN,10P9FN,F,NS,00,53,40,749.97,914,0.00,775.63,19.890000,3.700000,1000.00,cifi0007.DBF
P9FN,10P9FN,F,NS,00,53,41,772.92,924,0.00,796.42,19.890000,3.700000,1000.00,cifi0007.DBF
P9FN,10P9FN,F,NS,00,53,42,796.79,933,0.00,817.90,19.890000,3.700000,1000.00,cifi0007.DBF
P9FN,10P9FN,F,NS,00,53,43,821.97,943,0.00,840.28,19.890000,3.700000,1000.00,cifi0007.DBF
P9FN,10P9FN,F,NS,00,53,44,850.65,953,0.00,864.69,19.890000,3.700000,1000.00,cifi0007.DBF
P9FN,10P9FN,F,NS,00,53,45,885.69,965,0.00,893.35,19.890000,3.700000,1000.00,cifi0007.DBF
P9FN,10P9FN,F,NS,00,53,46,933.63,981,0.00,930.32,19.890000,3.700000,1000.00,cifi0007.DBF
P9FN,10P9FN,F,NS,00,54,1,0.00,0,0.00,2.04,0.000000,4.090000,1000.00,cifi0007.DBF
P9FN,10P9FN,F,NS,00,54,2,0.00,0,0.00,18.99,20.870000,4.090000,1000.00,cifi0007.DBF
P9FN,10P9FN,F,NS,00,54,3,13.46,45,0.00,36.23,20.870000,4.090000,1000.00,cifi0007.DBF
P9FN,10P9FN,F,NS,00,54,4,29.35,94,0.00,53.76,20.870000,4.090000,1000.00,cifi0007.DBF
P9FN,10P9FN,F,NS,00,54,5,45.58,141,0.00,71.59,20.870000,4.090000,1000.00,cifi0007.DBF
P9FN,10P9FN,F,NS,00,54,6,62.21,185,0.00,89.72,20.870000,4.090000,1000.00,cifi0007.DBF
P9FN,10P9FN,F,NS,00,54,7,79.25,227,0.00,108.18,20.870000,4.090000,1000.00,cifi0007.DBF
P9FN,10P9FN,F,NS,00,54,8,96.71,268,0.00,126.98,20.870000,4.090000,1000.00,cifi0007.DBF
P9FN,10P9FN,F,NS,00,54,9,114.57,307,0.00,146.11,20.870000,4.090000,1000.00,cifi0007.DBF
P9FN,10P9FN,F,NS,00,54,10,132.86,344,0.00,165.58,20.870000,4.090000,1000.00,cifi0007.DBF
P9FN,10P9FN,F,NS,00,54,11,151.59,379,0.00,185.39,20.870000,4.090000,1000.00,cifi0007.DBF
P9FN,10P9FN,F,NS,00,54,12,170.76,413,0.00,205.55,20.870000,4.090000,1000.00,cifi0007.DBF
P9FN,10P9FN,F,NS,00,54,13,190.33,445,0.00,226.02,20.870000,4.090000,1000.00,cifi0007.DBF
P9FN,10P9FN,F,NS,00,54,14,210.31,476,0.00,246.81,20.870000,4.090000,1000.00,cifi0007.DBF
P9FN,10P9FN,F,NS,00,54,15,230.67,506,0.00,267.88,20.870000,4.090000,1000.00,cifi0007.DBF
P9FN,10P9FN,F,NS,00,54,16,251.39,534,0.00,289.21,20.870000,4.090000,1000.00,cifi0007.DBF
P9FN,10P9FN,F,NS,00,54,17,272.47,561,0.00,310.79,20.870000,4.090000,1000.00,cifi0007.DBF
P9FN,10P9FN,F,NS,00,54,18,293.83,587,0.00,332.57,20.870000,4.090000,1000.00,cifi0007.DBF
P9FN,10P9FN,F,NS,00,54,19,315.43,612,0.00,354.50,20.870000,4.090000,1000.00,cifi0007.DBF
P9FN,10P9FN,F,NS,00,54,20,337.27,635,0.00,376.55,20.870000,4.090000,1000.00,cifi0007.DBF
P9FN,10P9FN,F,NS,00,54,21,359.32,657,0.00,398.71,20.870000,4.090000,1000.00,cifi0007.DBF
P9FN,10P9FN,F,NS,00,54,22,381.56,678,0.00,420.95,20.870000,4.090000,1000.00,cifi0007.DBF
P9FN,10P9FN,F,NS,00,54,23,403.96,699,0.00,443.24,20.870000,4.090000,1000.00,cifi0007.DBF
P9FN,10P9FN,F,NS,00,54,24,426.50,718,0.00,465.57,20.870000,4.090000,1000.00,cifi0007.DBF
P9FN,10P9FN,F,NS,00,54,25,449.17,736,0.00,487.91,20.870000,4.090000,1000.00,cifi0007.DBF
P9FN,10P9FN,F,NS,00,54,26,471.97,753,0.00,510.26,20.870000,4.090000,1000.00,cifi0007.DBF
P9FN,10P9FN,F,NS,00,54,27,494.88,770,0.00,532.62,20.870000,4.090000,1000.00,cifi0007.DBF
P9FN,10P9FN,F,NS,00,54,28,517.40,786,0.00,554.72,20.870000,4.090000,1000.00,cifi0007.DBF
P9FN,10P9FN,F,NS,00,54,29,539.42,800,0.00,576.31,20.870000,4.090000,1000.00,cifi0007.DBF
P9FN,10P9FN,F,NS,00,54,30,561.15,814,0.00,597.42,20.870000,4.090000,1000.00,cifi0007.DBF
P9FN,10P9FN,F,NS,00,54,31,582.56,827,0.00,618.15,20.870000,4.090000,1000.00,cifi0007.DBF
P9FN,10P9FN,F,NS,00,54,32,603.55,839,0.00,638.44,20.870000,4.090000,1000.00,cifi0007.DBF
P9FN,10P9FN,F,NS,00,54,33,624.68,851,0.00,658.51,20.870000,4.090000,1000.00,cifi0007.DBF
P9FN,10P9FN,F,NS,00,54,34,644.97,862,0.00,678.17,20.870000,4.090000,1000.00,cifi0007.DBF
P9FN,10P9FN,F,NS,00,54,35,664.57,872,0.00,697.05,20.870000,4.090000,1000.00,cifi0007.DBF
P9FN,10P9FN,F,NS,00,54,36,683.57,881,0.00,715.26,20.870000,4.090000,1000.00,cifi0007.DBF
P9FN,10P9FN,F,NS,00,54,37,702.61,890,0.00,733.15,20.870000,4.090000,1000.00,cifi0007.DBF
P9FN,10P9FN,F,NS,00,54,38,723.74,900,0.00,751.93,20.870000,4.090000,1000.00,cifi0007.DBF
P9FN,10P9FN,F,NS,00,54,39,746.19,910,0.00,772.19,20.870000,4.090000,1000.00,cifi0007.DBF
P9FN,10P9FN,F,NS,00,54,40,769.49,920,0.00,793.33,20.870000,4.090000,1000.00,cifi0007.DBF
P9FN,10P9FN,F,NS,00,54,41,793.72,930,0.00,815.17,20.870000,4.090000,1000.00,cifi0007.DBF
P9FN,10P9FN,F,NS,00,54,42,819.28,940,0.00,837.92,20.870000,4.090000,1000.00,cifi0007.DBF
P9FN,10P9FN,F,NS,00,54,43,848.39,951,0.00,862.74,20.870000,4.090000,1000.00,cifi0007.DBF
P9FN,10P9FN,F,NS,00,54,44,883.97,963,0.00,891.88,20.870000,4.090000,1000.00,cifi0007.DBF
P9FN,10P9FN,F,NS,00,54,45,932.62,980,0.00,929.47,20.870000,4.090000,1000.00,cifi0007.DBF
P9FN,10P9FN,F,NS,00,55,1,0.00,0,0.00,2.25,0.000000,4.500000,1000.00,cifi0007.DBF
P9FN,10P9FN,F,NS,00,55,2,0.00,0,0.00,19.79,21.900000,4.500000,1000.00,cifi0007.DBF
P9FN,10P9FN,F,NS,00,55,3,14.07,45,0.00,37.63,21.900000,4.500000,1000.00,cifi0007.DBF
P9FN,10P9FN,F,NS,00,55,4,30.57,94,0.00,55.77,21.900000,4.500000,1000.00,cifi0007.DBF
P9FN,10P9FN,F,NS,00,55,5,47.46,141,0.00,74.21,21.900000,4.500000,1000.00,cifi0007.DBF
P9FN,10P9FN,F,NS,00,55,6,64.77,186,0.00,93.00,21.900000,4.500000,1000.00,cifi0007.DBF
P9FN,10P9FN,F,NS,00,55,7,82.49,229,0.00,112.12,21.900000,4.500000,1000.00,cifi0007.DBF
P9FN,10P9FN,F,NS,00,55,8,100.63,269,0.00,131.59,21.900000,4.500000,1000.00,cifi0007.DBF
P9FN,10P9FN,F,NS,00,55,9,119.22,308,0.00,151.39,21.900000,4.500000,1000.00,cifi0007.DBF
P9FN,10P9FN,F,NS,00,55,10,138.25,346,0.00,171.55,21.900000,4.500000,1000.00,cifi0007.DBF
P9FN,10P9FN,F,NS,00,55,11,157.71,382,0.00,192.06,21.900000,4.500000,1000.00,cifi0007.DBF
P9FN,10P9FN,F,NS,00,55,12,177.59,416,0.00,212.89,21.900000,4.500000,1000.00,cifi0007.DBF
P9FN,10P9FN,F,NS,00,55,13,197.88,448,0.00,234.03,21.900000,4.500000,1000.00,cifi0007.DBF
P9FN,10P9FN,F,NS,00,55,14,218.56,480,0.00,255.47,21.900000,4.500000,1000.00,cifi0007.DBF
P9FN,10P9FN,F,NS,00,55,15,239.62,509,0.00,277.17,21.900000,4.500000,1000.00,cifi0007.DBF
P9FN,10P9FN,F,NS,00,55,16,261.02,538,0.00,299.13,21.900000,4.500000,1000.00,cifi0007.DBF
P9FN,10P9FN,F,NS,00,55,17,282.72,565,0.00,321.29,21.900000,4.500000,1000.00,cifi0007.DBF
P9FN,10P9FN,F,NS,00,55,18,304.66,591,0.00,343.60,21.900000,4.500000,1000.00,cifi0007.DBF
P9FN,10P9FN,F,NS,00,55,19,326.84,615,0.00,366.04,21.900000,4.500000,1000.00,cifi0007.DBF
P9FN,10P9FN,F,NS,00,55,20,349.24,639,0.00,388.58,21.900000,4.500000,1000.00,cifi0007.DBF
P9FN,10P9FN,F,NS,00,55,21,371.83,661,0.00,411.21,21.900000,4.500000,1000.00,cifi0007.DBF
P9FN,10P9FN,F,NS,00,55,22,394.58,682,0.00,433.89,21.900000,4.500000,1000.00,cifi0007.DBF
P9FN,10P9FN,F,NS,00,55,23,417.48,703,0.00,456.61,21.900000,4.500000,1000.00,cifi0007.DBF
P9FN,10P9FN,F,NS,00,55,24,440.50,722,0.00,479.34,21.900000,4.500000,1000.00,cifi0007.DBF
P9FN,10P9FN,F,NS,00,55,25,463.66,740,0.00,502.08,21.900000,4.500000,1000.00,cifi0007.DBF
P9FN,10P9FN,F,NS,00,55,26,486.93,758,0.00,524.82,21.900000,4.500000,1000.00,cifi0007.DBF
P9FN,10P9FN,F,NS,00,55,27,509.81,774,0.00,547.31,21.900000,4.500000,1000.00,cifi0007.DBF
P9FN,10P9FN,F,NS,00,55,28,532.17,790,0.00,569.27,21.900000,4.500000,1000.00,cifi0007.DBF
P9FN,10P9FN,F,NS,00,55,29,554.24,804,0.00,590.75,21.900000,4.500000,1000.00,cifi0007.DBF
P9FN,10P9FN,F,NS,00,55,30,575.99,818,0.00,611.84,21.900000,4.500000,1000.00,cifi0007.DBF
P9FN,10P9FN,F,NS,00,55,31,597.31,830,0.00,632.48,21.900000,4.500000,1000.00,cifi0007.DBF
P9FN,10P9FN,F,NS,00,55,32,618.77,843,0.00,652.90,21.900000,4.500000,1000.00,cifi0007.DBF
P9FN,10P9FN,F,NS,00,55,33,639.38,854,0.00,672.90,21.900000,4.500000,1000.00,cifi0007.DBF
P9FN,10P9FN,F,NS,00,55,34,659.29,865,0.00,692.11,21.900000,4.500000,1000.00,cifi0007.DBF
P9FN,10P9FN,F,NS,00,55,35,678.59,875,0.00,710.64,21.900000,4.500000,1000.00,cifi0007.DBF
P9FN,10P9FN,F,NS,00,55,36,697.93,884,0.00,728.84,21.900000,4.500000,1000.00,cifi0007.DBF
P9FN,10P9FN,F,NS,00,55,37,719.39,894,0.00,747.95,21.900000,4.500000,1000.00,cifi0007.DBF
P9FN,10P9FN,F,NS,00,55,38,742.20,905,0.00,768.56,21.900000,4.500000,1000.00,cifi0007.DBF
P9FN,10P9FN,F,NS,00,55,39,765.87,915,0.00,790.06,21.900000,4.500000,1000.00,cifi0007.DBF
P9FN,10P9FN,F,NS,00,55,40,790.47,926,0.00,812.28,21.900000,4.500000,1000.00,cifi0007.DBF
P9FN,10P9FN,F,NS,00,55,41,816.44,936,0.00,835.44,21.900000,4.500000,1000.00,cifi0007.DBF
P9FN,10P9FN,F,NS,00,55,42,846.01,948,0.00,860.69,21.900000,4.500000,1000.00,cifi0007.DBF
P9FN,10P9FN,F,NS,00,55,43,882.14,961,0.00,890.33,21.900000,4.500000,1000.00,cifi0007.DBF
P9FN,10P9FN,F,NS,00,55,44,931.56,979,0.00,928.58,21.900000,4.500000,1000.00,cifi0007.DBF
P9FN,10P9FN,F,NS,00,56,1,0.00,0,0.00,2.49,0.000000,4.980000,1000.00,cifi0007.DBF
P9FN,10P9FN,F,NS,00,56,2,0.00,0,0.00,20.65,22.990000,4.980000,1000.00,cifi0007.DBF
P9FN,10P9FN,F,NS,00,56,3,14.68,46,0.00,39.11,22.990000,4.980000,1000.00,cifi0007.DBF
P9FN,10P9FN,F,NS,00,56,4,31.84,95,0.00,57.89,22.990000,4.980000,1000.00,cifi0007.DBF
P9FN,10P9FN,F,NS,00,56,5,49.44,142,0.00,77.01,22.990000,4.980000,1000.00,cifi0007.DBF
P9FN,10P9FN,F,NS,00,56,6,67.45,187,0.00,96.48,22.990000,4.980000,1000.00,cifi0007.DBF
P9FN,10P9FN,F,NS,00,56,7,85.89,230,0.00,116.30,22.990000,4.980000,1000.00,cifi0007.DBF
P9FN,10P9FN,F,NS,00,56,8,104.78,271,0.00,136.46,22.990000,4.980000,1000.00,cifi0007.DBF
P9FN,10P9FN,F,NS,00,56,9,124.12,311,0.00,156.98,22.990000,4.980000,1000.00,cifi0007.DBF
P9FN,10P9FN,F,NS,00,56,10,143.90,348,0.00,177.85,22.990000,4.980000,1000.00,cifi0007.DBF
P9FN,10P9FN,F,NS,00,56,11,164.11,384,0.00,199.06,22.990000,4.980000,1000.00,cifi0007.DBF
P9FN,10P9FN,F,NS,00,56,12,184.74,419,0.00,220.59,22.990000,4.980000,1000.00,cifi0007.DBF
P9FN,10P9FN,F,NS,00,56,13,205.75,451,0.00,242.41,22.990000,4.980000,1000.00,cifi0007.DBF
P9FN,10P9FN,F,NS,00,56,14,227.15,483,0.00,264.51,22.990000,4.980000,1000.00,cifi0007.DBF
P9FN,10P9FN,F,NS,00,56,15,248.91,513,0.00,286.86,22.990000,4.980000,1000.00,cifi0007.DBF
P9FN,10P9FN,F,NS,00,56,16,270.96,541,0.00,309.42,22.990000,4.980000,1000.00,cifi0007.DBF
P9FN,10P9FN,F,NS,00,56,17,293.26,569,0.00,332.13,22.990000,4.980000,1000.00,cifi0007.DBF
P9FN,10P9FN,F,NS,00,56,18,315.81,595,0.00,354.97,22.990000,4.980000,1000.00,cifi0007.DBF
P9FN,10P9FN,F,NS,00,56,19,338.57,619,0.00,377.92,22.990000,4.980000,1000.00,cifi0007.DBF
P9FN,10P9FN,F,NS,00,56,20,361.53,643,0.00,400.95,22.990000,4.980000,1000.00,cifi0007.DBF
P9FN,10P9FN,F,NS,00,56,21,384.65,665,0.00,424.04,22.990000,4.980000,1000.00,cifi0007.DBF
P9FN,10P9FN,F,NS,00,56,22,407.93,686,0.00,447.17,22.990000,4.980000,1000.00,cifi0007.DBF
P9FN,10P9FN,F,NS,00,56,23,431.33,707,0.00,470.31,22.990000,4.980000,1000.00,cifi0007.DBF
P9FN,10P9FN,F,NS,00,56,24,454.87,726,0.00,493.46,22.990000,4.980000,1000.00,cifi0007.DBF
P9FN,10P9FN,F,NS,00,56,25,478.52,745,0.00,516.61,22.990000,4.980000,1000.00,cifi0007.DBF
P9FN,10P9FN,F,NS,00,56,26,501.77,762,0.00,539.50,22.990000,4.980000,1000.00,cifi0007.DBF
P9FN,10P9FN,F,NS,00,56,27,524.50,778,0.00,561.86,22.990000,4.980000,1000.00,cifi0007.DBF
P9FN,10P9FN,F,NS,00,56,28,546.94,793,0.00,583.72,22.990000,4.980000,1000.00,cifi0007.DBF
P9FN,10P9FN,F,NS,00,56,29,569.04,808,0.00,605.19,22.990000,4.980000,1000.00,cifi0007.DBF
P9FN,10P9FN,F,NS,00,56,30,590.71,821,0.00,626.21,22.990000,4.980000,1000.00,cifi0007.DBF
P9FN,10P9FN,F,NS,00,56,31,612.52,834,0.00,647.00,22.990000,4.980000,1000.00,cifi0007.DBF
P9FN,10P9FN,F,NS,00,56,32,633.47,846,0.00,667.36,22.990000,4.980000,1000.00,cifi0007.DBF
P9FN,10P9FN,F,NS,00,56,33,653.71,857,0.00,686.91,22.990000,4.980000,1000.00,cifi0007.DBF
P9FN,10P9FN,F,NS,00,56,34,673.32,868,0.00,705.77,22.990000,4.980000,1000.00,cifi0007.DBF
P9FN,10P9FN,F,NS,00,56,35,692.98,878,0.00,724.30,22.990000,4.980000,1000.00,cifi0007.DBF
P9FN,10P9FN,F,NS,00,56,36,714.79,889,0.00,743.76,22.990000,4.980000,1000.00,cifi0007.DBF
P9FN,10P9FN,F,NS,00,56,37,737.97,900,0.00,764.74,22.990000,4.980000,1000.00,cifi0007.DBF
P9FN,10P9FN,F,NS,00,56,38,762.03,911,0.00,786.63,22.990000,4.980000,1000.00,cifi0007.DBF
P9FN,10P9FN,F,NS,00,56,39,787.04,922,0.00,809.25,22.990000,4.980000,1000.00,cifi0007.DBF
P9FN,10P9FN,F,NS,00,56,40,813.43,933,0.00,832.82,22.990000,4.980000,1000.00,cifi0007.DBF
P9FN,10P9FN,F,NS,00,56,41,843.48,945,0.00,858.53,22.990000,4.980000,1000.00,cifi0007.DBF
P9FN,10P9FN,F,NS,00,56,42,880.21,959,0.00,888.71,22.990000,4.980000,1000.00,cifi0007.DBF
P9FN,10P9FN,F,NS,00,56,43,930.44,977,0.00,927.64,22.990000,4.980000,1000.00,cifi0007.DBF
P9FN,10P9FN,F,NS,00,57,1,0.00,0,0.00,2.74,0.000000,5.480000,1000.00,cifi0007.DBF
P9FN,10P9FN,F,NS,00,57,2,0.00,0,0.00,21.55,24.130000,5.480000,1000.00,cifi0007.DBF
P9FN,10P9FN,F,NS,00,57,3,15.34,46,0.00,40.67,24.130000,5.480000,1000.00,cifi0007.DBF
P9FN,10P9FN,F,NS,00,57,4,33.24,96,0.00,60.15,24.130000,5.480000,1000.00,cifi0007.DBF
P9FN,10P9FN,F,NS,00,57,5,51.56,143,0.00,79.99,24.130000,5.480000,1000.00,cifi0007.DBF
P9FN,10P9FN,F,NS,00,57,6,70.31,188,0.00,100.17,24.130000,5.480000,1000.00,cifi0007.DBF
P9FN,10P9FN,F,NS,00,57,7,89.52,232,0.00,120.71,24.130000,5.480000,1000.00,cifi0007.DBF
P9FN,10P9FN,F,NS,00,57,8,109.19,273,0.00,141.61,24.130000,5.480000,1000.00,cifi0007.DBF
P9FN,10P9FN,F,NS,00,57,9,129.31,313,0.00,162.88,24.130000,5.480000,1000.00,cifi0007.DBF
P9FN,10P9FN,F,NS,00,57,10,149.86,351,0.00,184.48,24.130000,5.480000,1000.00,cifi0007.DBF
P9FN,10P9FN,F,NS,00,57,11,170.84,387,0.00,206.41,24.130000,5.480000,1000.00,cifi0007.DBF
P9FN,10P9FN,F,NS,00,57,12,192.22,422,0.00,228.64,24.130000,5.480000,1000.00,cifi0007.DBF
P9FN,10P9FN,F,NS,00,57,13,213.98,455,0.00,251.15,24.130000,5.480000,1000.00,cifi0007.DBF
P9FN,10P9FN,F,NS,00,57,14,236.11,487,0.00,273.91,24.130000,5.480000,1000.00,cifi0007.DBF
P9FN,10P9FN,F,NS,00,57,15,258.54,517,0.00,296.89,24.130000,5.480000,1000.00,cifi0007.DBF
P9FN,10P9FN,F,NS,00,57,16,281.22,545,0.00,320.03,24.130000,5.480000,1000.00,cifi0007.DBF
P9FN,10P9FN,F,NS,00,57,17,304.15,573,0.00,343.29,24.130000,5.480000,1000.00,cifi0007.DBF
P9FN,10P9FN,F,NS,00,57,18,327.30,599,0.00,366.67,24.130000,5.480000,1000.00,cifi0007.DBF
P9FN,10P9FN,F,NS,00,57,19,350.65,623,0.00,390.14,24.130000,5.480000,1000.00,cifi0007.DBF
P9FN,10P9FN,F,NS,00,57,20,374.17,647,0.00,413.66,24.130000,5.480000,1000.00,cifi0007.DBF
P9FN,10P9FN,F,NS,00,57,21,397.84,670,0.00,437.22,24.130000,5.480000,1000.00,cifi0007.DBF
P9FN,10P9FN,F,NS,00,57,22,421.63,691,0.00,460.79,24.130000,5.480000,1000.00,cifi0007.DBF
P9FN,10P9FN,F,NS,00,57,23,445.58,711,0.00,484.37,24.130000,5.480000,1000.00,cifi0007.DBF
P9FN,10P9FN,F,NS,00,57,24,469.63,731,0.00,507.95,24.130000,5.480000,1000.00,cifi0007.DBF
P9FN,10P9FN,F,NS,00,57,25,493.28,749,0.00,531.27,24.130000,5.480000,1000.00,cifi0007.DBF
P9FN,10P9FN,F,NS,00,57,26,516.40,766,0.00,554.04,24.130000,5.480000,1000.00,cifi0007.DBF
P9FN,10P9FN,F,NS,00,57,27,539.21,782,0.00,576.32,24.130000,5.480000,1000.00,cifi0007.DBF
P9FN,10P9FN,F,NS,00,57,28,561.69,797,0.00,598.19,24.130000,5.480000,1000.00,cifi0007.DBF
P9FN,10P9FN,F,NS,00,57,29,583.74,811,0.00,619.60,24.130000,5.480000,1000.00,cifi0007.DBF
P9FN,10P9FN,F,NS,00,57,30,605.92,825,0.00,640.77,24.130000,5.480000,1000.00,cifi0007.DBF
P9FN,10P9FN,F,NS,00,57,31,627.23,838,0.00,661.51,24.130000,5.480000,1000.00,cifi0007.DBF
P9FN,10P9FN,F,NS,00,57,32,647.81,850,0.00,681.43,24.130000,5.480000,1000.00,cifi0007.DBF
P9FN,10P9FN,F,NS,00,57,33,667.75,861,0.00,700.64,24.130000,5.480000,1000.00,cifi0007.DBF
P9FN,10P9FN,F,NS,00,57,34,687.75,871,0.00,719.52,24.130000,5.480000,1000.00,cifi0007.DBF
P9FN,10P9FN,F,NS,00,57,35,709.93,883,0.00,739.34,24.130000,5.480000,1000.00,cifi0007.DBF
P9FN,10P9FN,F,NS,00,57,36,733.51,894,0.00,760.71,24.130000,5.480000,1000.00,cifi0007.DBF
P9FN,10P9FN,F,NS,00,57,37,757.97,906,0.00,783.01,24.130000,5.480000,1000.00,cifi0007.DBF
P9FN,10P9FN,F,NS,00,57,38,783.41,918,0.00,806.05,24.130000,5.480000,1000.00,cifi0007.DBF
P9FN,10P9FN,F,NS,00,57,39,810.25,929,0.00,830.06,24.130000,5.480000,1000.00,cifi0007.DBF
P9FN,10P9FN,F,NS,00,57,40,840.82,942,0.00,856.25,24.130000,5.480000,1000.00,cifi0007.DBF
P9FN,10P9FN,F,NS,00,57,41,878.17,957,0.00,886.99,24.130000,5.480000,1000.00,cifi0007.DBF
P9FN,10P9FN,F,NS,00,57,42,929.26,976,0.00,926.65,24.130000,5.480000,1000.00,cifi0007.DBF
P9FN,10P9FN,F,NS,00,58,1,0.00,0,0.00,3.01,0.000000,6.020000,1000.00,cifi0007.DBF
P9FN,10P9FN,F,NS,00,58,2,0.00,0,0.00,22.51,25.340000,6.020000,1000.00,cifi0007.DBF
P9FN,10P9FN,F,NS,00,58,3,16.09,47,0.00,42.36,25.340000,6.020000,1000.00,cifi0007.DBF
P9FN,10P9FN,F,NS,00,58,4,34.74,97,0.00,62.58,25.340000,6.020000,1000.00,cifi0007.DBF
P9FN,10P9FN,F,NS,00,58,5,53.82,144,0.00,83.15,25.340000,6.020000,1000.00,cifi0007.DBF
P9FN,10P9FN,F,NS,00,58,6,73.37,190,0.00,104.09,25.340000,6.020000,1000.00,cifi0007.DBF
P9FN,10P9FN,F,NS,00,58,7,93.39,234,0.00,125.40,25.340000,6.020000,1000.00,cifi0007.DBF
P9FN,10P9FN,F,NS,00,58,8,113.87,276,0.00,147.07,25.340000,6.020000,1000.00,cifi0007.DBF
P9FN,10P9FN,F,NS,00,58,9,134.79,316,0.00,169.09,25.340000,6.020000,1000.00,cifi0007.DBF
P9FN,10P9FN,F,NS,00,58,10,156.14,354,0.00,191.44,25.340000,6.020000,1000.00,cifi0007.DBF
P9FN,10P9FN,F,NS,00,58,11,177.89,390,0.00,214.10,25.340000,6.020000,1000.00,cifi0007.DBF
P9FN,10P9FN,F,NS,00,58,12,200.04,425,0.00,237.05,25.340000,6.020000,1000.00,cifi0007.DBF
P9FN,10P9FN,F,NS,00,58,13,222.56,459,0.00,260.25,25.340000,6.020000,1000.00,cifi0007.DBF
P9FN,10P9FN,F,NS,00,58,14,245.39,490,0.00,283.68,25.340000,6.020000,1000.00,cifi0007.DBF
P9FN,10P9FN,F,NS,00,58,15,268.47,521,0.00,307.26,25.340000,6.020000,1000.00,cifi0007.DBF
P9FN,10P9FN,F,NS,00,58,16,291.81,549,0.00,330.98,25.340000,6.020000,1000.00,cifi0007.DBF
P9FN,10P9FN,F,NS,00,58,17,315.37,577,0.00,354.81,25.340000,6.020000,1000.00,cifi0007.DBF
P9FN,10P9FN,F,NS,00,58,18,339.13,603,0.00,378.72,25.340000,6.020000,1000.00,cifi0007.DBF
P9FN,10P9FN,F,NS,00,58,19,363.07,628,0.00,402.70,25.340000,6.020000,1000.00,cifi0007.DBF
P9FN,10P9FN,F,NS,00,58,20,387.16,652,0.00,426.71,25.340000,6.020000,1000.00,cifi0007.DBF
P9FN,10P9FN,F,NS,00,58,21,411.38,674,0.00,450.74,25.340000,6.020000,1000.00,cifi0007.DBF
P9FN,10P9FN,F,NS,00,58,22,435.75,696,0.00,474.77,25.340000,6.020000,1000.00,cifi0007.DBF
P9FN,10P9FN,F,NS,00,58,23,460.23,716,0.00,498.81,25.340000,6.020000,1000.00,cifi0007.DBF
P9FN,10P9FN,F,NS,00,58,24,484.30,735,0.00,522.59,25.340000,6.020000,1000.00,cifi0007.DBF
P9FN,10P9FN,F,NS,00,58,25,507.82,753,0.00,545.80,25.340000,6.020000,1000.00,cifi0007.DBF
P9FN,10P9FN,F,NS,00,58,26,531.04,770,0.00,568.50,25.340000,6.020000,1000.00,cifi0007.DBF
P9FN,10P9FN,F,NS,00,58,27,553.92,786,0.00,590.79,25.340000,6.020000,1000.00,cifi0007.DBF
P9FN,10P9FN,F,NS,00,58,28,576.36,801,0.00,612.62,25.340000,6.020000,1000.00,cifi0007.DBF
P9FN,10P9FN,F,NS,00,58,29,598.93,816,0.00,634.20,25.340000,6.020000,1000.00,cifi0007.DBF
P9FN,10P9FN,F,NS,00,58,30,620.61,829,0.00,655.34,25.340000,6.020000,1000.00,cifi0007.DBF
P9FN,10P9FN,F,NS,00,58,31,641.56,841,0.00,675.65,25.340000,6.020000,1000.00,cifi0007.DBF
P9FN,10P9FN,F,NS,00,58,32,661.86,853,0.00,695.23,25.340000,6.020000,1000.00,cifi0007.DBF
P9FN,10P9FN,F,NS,00,58,33,682.21,864,0.00,714.47,25.340000,6.020000,1000.00,cifi0007.DBF
P9FN,10P9FN,F,NS,00,58,34,704.79,876,0.00,734.67,25.340000,6.020000,1000.00,cifi0007.DBF
P9FN,10P9FN,F,NS,00,58,35,728.78,889,0.00,756.45,25.340000,6.020000,1000.00,cifi0007.DBF
P9FN,10P9FN,F,NS,00,58,36,753.68,901,0.00,779.19,25.340000,6.020000,1000.00,cifi0007.DBF
P9FN,10P9FN,F,NS,00,58,37,779.57,913,0.00,802.67,25.340000,6.020000,1000.00,cifi0007.DBF
P9FN,10P9FN,F,NS,00,58,38,806.89,926,0.00,827.15,25.340000,6.020000,1000.00,cifi0007.DBF
P9FN,10P9FN,F,NS,00,58,39,837.99,939,0.00,853.84,25.340000,6.020000,1000.00,cifi0007.DBF
P9FN,10P9FN,F,NS,00,58,40,876.01,955,0.00,885.18,25.340000,6.020000,1000.00,cifi0007.DBF
P9FN,10P9FN,F,NS,00,58,41,928.00,975,0.00,925.61,25.340000,6.020000,1000.00,cifi0007.DBF
P9FN,10P9FN,F,NS,00,59,1,0.00,0,0.00,3.28,0.000000,6.560000,1000.00,cifi0007.DBF
P9FN,10P9FN,F,NS,00,59,2,0.00,0,0.00,23.53,26.620000,6.560000,1000.00,cifi0007.DBF
P9FN,10P9FN,F,NS,00,59,3,16.92,47,0.00,44.16,26.620000,6.560000,1000.00,cifi0007.DBF
P9FN,10P9FN,F,NS,00,59,4,36.36,98,0.00,65.14,26.620000,6.560000,1000.00,cifi0007.DBF
P9FN,10P9FN,F,NS,00,59,5,56.27,146,0.00,86.50,26.620000,6.560000,1000.00,cifi0007.DBF
P9FN,10P9FN,F,NS,00,59,6,76.66,192,0.00,108.23,26.620000,6.560000,1000.00,cifi0007.DBF
P9FN,10P9FN,F,NS,00,59,7,97.51,236,0.00,130.34,26.620000,6.560000,1000.00,cifi0007.DBF
P9FN,10P9FN,F,NS,00,59,8,118.81,278,0.00,152.81,26.620000,6.560000,1000.00,cifi0007.DBF
P9FN,10P9FN,F,NS,00,59,9,140.56,319,0.00,175.60,26.620000,6.560000,1000.00,cifi0007.DBF
P9FN,10P9FN,F,NS,00,59,10,162.71,357,0.00,198.72,26.620000,6.560000,1000.00,cifi0007.DBF
P9FN,10P9FN,F,NS,00,59,11,185.27,394,0.00,222.12,26.620000,6.560000,1000.00,cifi0007.DBF
P9FN,10P9FN,F,NS,00,59,12,208.21,429,0.00,245.80,26.620000,6.560000,1000.00,cifi0007.DBF
P9FN,10P9FN,F,NS,00,59,13,231.46,463,0.00,269.69,26.620000,6.560000,1000.00,cifi0007.DBF
P9FN,10P9FN,F,NS,00,59,14,254.97,494,0.00,293.75,26.620000,6.560000,1000.00,cifi0007.DBF
P9FN,10P9FN,F,NS,00,59,15,278.73,525,0.00,317.94,26.620000,6.560000,1000.00,cifi0007.DBF
P9FN,10P9FN,F,NS,00,59,16,302.73,554,0.00,342.25,26.620000,6.560000,1000.00,cifi0007.DBF
P9FN,10P9FN,F,NS,00,59,17,326.93,581,0.00,366.64,26.620000,6.560000,1000.00,cifi0007.DBF
P9FN,10P9FN,F,NS,00,59,18,351.31,608,0.00,391.10,26.620000,6.560000,1000.00,cifi0007.DBF
P9FN,10P9FN,F,NS,00,59,19,375.84,633,0.00,415.59,26.620000,6.560000,1000.00,cifi0007.DBF
P9FN,10P9FN,F,NS,00,59,20,400.51,656,0.00,440.10,26.620000,6.560000,1000.00,cifi0007.DBF
P9FN,10P9FN,F,NS,00,59,21,425.33,679,0.00,464.62,26.620000,6.560000,1000.00,cifi0007.DBF
P9FN,10P9FN,F,NS,00,59,22,450.26,701,0.00,489.14,26.620000,6.560000,1000.00,cifi0007.DBF
P9FN,10P9FN,F,NS,00,59,23,474.78,721,0.00,513.39,26.620000,6.560000,1000.00,cifi0007.DBF
P9FN,10P9FN,F,NS,00,59,24,498.73,740,0.00,537.07,26.620000,6.560000,1000.00,cifi0007.DBF
P9FN,10P9FN,F,NS,00,59,25,522.38,758,0.00,560.23,26.620000,6.560000,1000.00,cifi0007.DBF
P9FN,10P9FN,F,NS,00,59,26,545.68,775,0.00,582.97,26.620000,6.560000,1000.00,cifi0007.DBF
P9FN,10P9FN,F,NS,00,59,27,568.53,790,0.00,605.23,26.620000,6.560000,1000.00,cifi0007.DBF
P9FN,10P9FN,F,NS,00,59,28,591.53,806,0.00,627.25,26.620000,6.560000,1000.00,cifi0007.DBF
P9FN,10P9FN,F,NS,00,59,29,613.61,820,0.00,648.81,26.620000,6.560000,1000.00,cifi0007.DBF
P9FN,10P9FN,F,NS,00,59,30,634.94,833,0.00,669.52,26.620000,6.560000,1000.00,cifi0007.DBF
P9FN,10P9FN,F,NS,00,59,31,655.62,845,0.00,689.50,26.620000,6.560000,1000.00,cifi0007.DBF
P9FN,10P9FN,F,NS,00,59,32,676.34,857,0.00,709.13,26.620000,6.560000,1000.00,cifi0007.DBF
P9FN,10P9FN,F,NS,00,59,33,699.34,870,0.00,729.74,26.620000,6.560000,1000.00,cifi0007.DBF
P9FN,10P9FN,F,NS,00,59,34,723.78,882,0.00,751.95,26.620000,6.560000,1000.00,cifi0007.DBF
P9FN,10P9FN,F,NS,00,59,35,749.13,895,0.00,775.14,26.620000,6.560000,1000.00,cifi0007.DBF
P9FN,10P9FN,F,NS,00,59,36,775.50,908,0.00,799.10,26.620000,6.560000,1000.00,cifi0007.DBF
P9FN,10P9FN,F,NS,00,59,37,803.32,921,0.00,824.06,26.620000,6.560000,1000.00,cifi0007.DBF
P9FN,10P9FN,F,NS,00,59,38,835.00,936,0.00,851.30,26.620000,6.560000,1000.00,cifi0007.DBF
P9FN,10P9FN,F,NS,00,59,39,873.72,952,0.00,883.26,26.620000,6.560000,1000.00,cifi0007.DBF
P9FN,10P9FN,F,NS,00,59,40,926.67,974,0.00,924.50,26.620000,6.560000,1000.00,cifi0007.DBF
P9FN,10P9FN,F,NS,00,60,1,0.00,0,0.00,3.56,0.000000,7.120000,1000.00,cifi0007.DBF
P9FN,10P9FN,F,NS,00,60,2,0.00,0,0.00,24.61,27.980000,7.120000,1000.00,cifi0007.DBF
P9FN,10P9FN,F,NS,00,60,3,17.79,48,0.00,46.04,27.980000,7.120000,1000.00,cifi0007.DBF
P9FN,10P9FN,F,NS,00,60,4,38.09,99,0.00,67.84,27.980000,7.120000,1000.00,cifi0007.DBF
P9FN,10P9FN,F,NS,00,60,5,58.87,148,0.00,90.03,27.980000,7.120000,1000.00,cifi0007.DBF
P9FN,10P9FN,F,NS,00,60,6,80.13,194,0.00,112.60,27.980000,7.120000,1000.00,cifi0007.DBF
P9FN,10P9FN,F,NS,00,60,7,101.84,239,0.00,135.53,27.980000,7.120000,1000.00,cifi0007.DBF
P9FN,10P9FN,F,NS,00,60,8,124.00,281,0.00,158.80,27.980000,7.120000,1000.00,cifi0007.DBF
P9FN,10P9FN,F,NS,00,60,9,146.59,322,0.00,182.40,27.980000,7.120000,1000.00,cifi0007.DBF
P9FN,10P9FN,F,NS,00,60,10,169.58,361,0.00,206.29,27.980000,7.120000,1000.00,cifi0007.DBF
P9FN,10P9FN,F,NS,00,60,11,192.96,398,0.00,230.46,27.980000,7.120000,1000.00,cifi0007.DBF
P9FN,10P9FN,F,NS,00,60,12,216.65,433,0.00,254.85,27.980000,7.120000,1000.00,cifi0007.DBF
P9FN,10P9FN,F,NS,00,60,13,240.61,467,0.00,279.41,27.980000,7.120000,1000.00,cifi0007.DBF
P9FN,10P9FN,F,NS,00,60,14,264.84,499,0.00,304.11,27.980000,7.120000,1000.00,cifi0007.DBF
P9FN,10P9FN,F,NS,00,60,15,289.30,529,0.00,328.92,27.980000,7.120000,1000.00,cifi0007.DBF
P9FN,10P9FN,F,NS,00,60,16,313.97,558,0.00,353.83,27.980000,7.120000,1000.00,cifi0007.DBF
P9FN,10P9FN,F,NS,00,60,17,338.81,586,0.00,378.79,27.980000,7.120000,1000.00,cifi0007.DBF
P9FN,10P9FN,F,NS,00,60,18,363.82,612,0.00,403.80,27.980000,7.120000,1000.00,cifi0007.DBF
P9FN,10P9FN,F,NS,00,60,19,388.96,637,0.00,428.82,27.980000,7.120000,1000.00,cifi0007.DBF
P9FN,10P9FN,F,NS,00,60,20,414.26,661,0.00,453.85,27.980000,7.120000,1000.00,cifi0007.DBF
P9FN,10P9FN,F,NS,00,60,21,439.67,684,0.00,478.88,27.980000,7.120000,1000.00,cifi0007.DBF
P9FN,10P9FN,F,NS,00,60,22,464.66,706,0.00,503.64,27.980000,7.120000,1000.00,cifi0007.DBF
P9FN,10P9FN,F,NS,00,60,23,489.08,726,0.00,527.81,27.980000,7.120000,1000.00,cifi0007.DBF
P9FN,10P9FN,F,NS,00,60,24,513.18,744,0.00,551.45,27.980000,7.120000,1000.00,cifi0007.DBF
P9FN,10P9FN,F,NS,00,60,25,536.93,762,0.00,574.67,27.980000,7.120000,1000.00,cifi0007.DBF
P9FN,10P9FN,F,NS,00,60,26,560.22,779,0.00,597.40,27.980000,7.120000,1000.00,cifi0007.DBF
P9FN,10P9FN,F,NS,00,60,27,583.66,795,0.00,619.87,27.980000,7.120000,1000.00,cifi0007.DBF
P9FN,10P9FN,F,NS,00,60,28,606.17,810,0.00,641.89,27.980000,7.120000,1000.00,cifi0007.DBF
P9FN,10P9FN,F,NS,00,60,29,627.91,824,0.00,663.03,27.980000,7.120000,1000.00,cifi0007.DBF
P9FN,10P9FN,F,NS,00,60,30,648.98,836,0.00,683.42,27.980000,7.120000,1000.00,cifi0007.DBF
P9FN,10P9FN,F,NS,00,60,31,670.11,849,0.00,703.46,27.980000,7.120000,1000.00,cifi0007.DBF
P9FN,10P9FN,F,NS,00,60,32,693.55,862,0.00,724.50,27.980000,7.120000,1000.00,cifi0007.DBF
P9FN,10P9FN,F,NS,00,60,33,718.46,876,0.00,747.18,27.980000,7.120000,1000.00,cifi0007.DBF
P9FN,10P9FN,F,NS,00,60,34,744.30,890,0.00,770.85,27.980000,7.120000,1000.00,cifi0007.DBF
P9FN,10P9FN,F,NS,00,60,35,771.17,903,0.00,795.31,27.980000,7.120000,1000.00,cifi0007.DBF
P9FN,10P9FN,F,NS,00,60,36,799.53,917,0.00,820.79,27.980000,7.120000,1000.00,cifi0007.DBF
P9FN,10P9FN,F,NS,00,60,37,831.82,932,0.00,848.59,27.980000,7.120000,1000.00,cifi0007.DBF
P9FN,10P9FN,F,NS,00,60,38,871.28,950,0.00,881.22,27.980000,7.120000,1000.00,cifi0007.DBF
P9FN,10P9FN,F,NS,00,60,39,925.26,972,0.00,923.32,27.980000,7.120000,1000.00,cifi0007.DBF
P9FN,10P9FN,F,NS,00,61,1,0.00,0,0.00,3.86,0.000000,7.720000,1000.00,cifi0007.DBF
P9FN,10P9FN,F,NS,00,61,2,0.00,0,0.00,25.75,29.420000,7.720000,1000.00,cifi0007.DBF
P9FN,10P9FN,F,NS,00,61,3,18.72,49,0.00,48.02,29.420000,7.720000,1000.00,cifi0007.DBF
P9FN,10P9FN,F,NS,00,61,4,39.92,100,0.00,70.70,29.420000,7.720000,1000.00,cifi0007.DBF
P9FN,10P9FN,F,NS,00,61,5,61.60,149,0.00,93.76,29.420000,7.720000,1000.00,cifi0007.DBF
P9FN,10P9FN,F,NS,00,61,6,83.75,196,0.00,117.19,29.420000,7.720000,1000.00,cifi0007.DBF
P9FN,10P9FN,F,NS,00,61,7,106.36,241,0.00,140.96,29.420000,7.720000,1000.00,cifi0007.DBF
P9FN,10P9FN,F,NS,00,61,8,129.40,284,0.00,165.07,29.420000,7.720000,1000.00,cifi0007.DBF
P9FN,10P9FN,F,NS,00,61,9,152.86,325,0.00,189.48,29.420000,7.720000,1000.00,cifi0007.DBF
P9FN,10P9FN,F,NS,00,61,10,176.71,364,0.00,214.18,29.420000,7.720000,1000.00,cifi0007.DBF
P9FN,10P9FN,F,NS,00,61,11,200.88,402,0.00,239.10,29.420000,7.720000,1000.00,cifi0007.DBF
P9FN,10P9FN,F,NS,00,61,12,225.32,437,0.00,264.19,29.420000,7.720000,1000.00,cifi0007.DBF
P9FN,10P9FN,F,NS,00,61,13,250.03,471,0.00,289.42,29.420000,7.720000,1000.00,cifi0007.DBF
P9FN,10P9FN,F,NS,00,61,14,274.99,503,0.00,314.77,29.420000,7.720000,1000.00,cifi0007.DBF
P9FN,10P9FN,F,NS,00,61,15,300.15,534,0.00,340.22,29.420000,7.720000,1000.00,cifi0007.DBF
P9FN,10P9FN,F,NS,00,61,16,325.50,563,0.00,365.73,29.420000,7.720000,1000.00,cifi0007.DBF
P9FN,10P9FN,F,NS,00,61,17,351.01,591,0.00,391.28,29.420000,7.720000,1000.00,cifi0007.DBF
P9FN,10P9FN,F,NS,00,61,18,376.66,617,0.00,416.84,29.420000,7.720000,1000.00,cifi0007.DBF
P9FN,10P9FN,F,NS,00,61,19,402.46,643,0.00,442.41,29.420000,7.720000,1000.00,cifi0007.DBF
P9FN,10P9FN,F,NS,00,61,20,428.39,667,0.00,467.99,29.420000,7.720000,1000.00,cifi0007.DBF
P9FN,10P9FN,F,NS,00,61,21,453.88,689,0.00,493.28,29.420000,7.720000,1000.00,cifi0007.DBF
P9FN,10P9FN,F,NS,00,61,22,478.79,710,0.00,517.98,29.420000,7.720000,1000.00,cifi0007.DBF
P9FN,10P9FN,F,NS,00,61,23,503.38,730,0.00,542.13,29.420000,7.720000,1000.00,cifi0007.DBF
P9FN,10P9FN,F,NS,00,61,24,527.61,749,0.00,565.86,29.420000,7.720000,1000.00,cifi0007.DBF
P9FN,10P9FN,F,NS,00,61,25,551.37,767,0.00,589.08,29.420000,7.720000,1000.00,cifi0007.DBF
P9FN,10P9FN,F,NS,00,61,26,575.27,783,0.00,612.04,29.420000,7.720000,1000.00,cifi0007.DBF
P9FN,10P9FN,F,NS,00,61,27,598.24,799,0.00,634.53,29.420000,7.720000,1000.00,cifi0007.DBF
P9FN,10P9FN,F,NS,00,61,28,620.42,814,0.00,656.13,29.420000,7.720000,1000.00,cifi0007.DBF
P9FN,10P9FN,F,NS,00,61,29,641.92,827,0.00,676.97,29.420000,7.720000,1000.00,cifi0007.DBF
P9FN,10P9FN,F,NS,00,61,30,663.46,841,0.00,697.44,29.420000,7.720000,1000.00,cifi0007.DBF
P9FN,10P9FN,F,NS,00,61,31,687.38,855,0.00,718.94,29.420000,7.720000,1000.00,cifi0007.DBF
P9FN,10P9FN,F,NS,00,61,32,712.79,869,0.00,742.11,29.420000,7.720000,1000.00,cifi0007.DBF
P9FN,10P9FN,F,NS,00,61,33,739.15,884,0.00,766.30,29.420000,7.720000,1000.00,cifi0007.DBF
P9FN,10P9FN,F,NS,00,61,34,766.57,898,0.00,791.29,29.420000,7.720000,1000.00,cifi0007.DBF
P9FN,10P9FN,F,NS,00,61,35,795.50,912,0.00,817.32,29.420000,7.720000,1000.00,cifi0007.DBF
P9FN,10P9FN,F,NS,00,61,36,828.44,928,0.00,845.73,29.420000,7.720000,1000.00,cifi0007.DBF
P9FN,10P9FN,F,NS,00,61,37,868.69,947,0.00,879.06,29.420000,7.720000,1000.00,cifi0007.DBF
P9FN,10P9FN,F,NS,00,61,38,923.76,970,0.00,922.08,29.420000,7.720000,1000.00,cifi0007.DBF
P9FN,10P9FN,F,NS,00,62,1,0.00,0,0.00,4.19,0.000000,8.380000,1000.00,cifi0007.DBF
P9FN,10P9FN,F,NS,00,62,2,0.00,0,0.00,26.97,30.960000,8.380000,1000.00,cifi0007.DBF
P9FN,10P9FN,F,NS,00,62,3,19.71,50,0.00,50.15,30.960000,8.380000,1000.00,cifi0007.DBF
P9FN,10P9FN,F,NS,00,62,4,41.85,102,0.00,73.73,30.960000,8.380000,1000.00,cifi0007.DBF
P9FN,10P9FN,F,NS,00,62,5,64.47,151,0.00,97.69,30.960000,8.380000,1000.00,cifi0007.DBF
P9FN,10P9FN,F,NS,00,62,6,87.55,199,0.00,122.01,30.960000,8.380000,1000.00,cifi0007.DBF
P9FN,10P9FN,F,NS,00,62,7,111.07,244,0.00,146.66,30.960000,8.380000,1000.00,cifi0007.DBF
P9FN,10P9FN,F,NS,00,62,8,135.02,287,0.00,171.62,30.960000,8.380000,1000.00,cifi0007.DBF
P9FN,10P9FN,F,NS,00,62,9,159.38,329,0.00,196.87,30.960000,8.380000,1000.00,cifi0007.DBF
P9FN,10P9FN,F,NS,00,62,10,184.06,368,0.00,222.36,30.960000,8.380000,1000.00,cifi0007.DBF
P9FN,10P9FN,F,NS,00,62,11,209.02,405,0.00,248.01,30.960000,8.380000,1000.00,cifi0007.DBF
P9FN,10P9FN,F,NS,00,62,12,234.25,441,0.00,273.81,30.960000,8.380000,1000.00,cifi0007.DBF
P9FN,10P9FN,F,NS,00,62,13,259.73,475,0.00,299.74,30.960000,8.380000,1000.00,cifi0007.DBF
P9FN,10P9FN,F,NS,00,62,14,285.42,508,0.00,325.76,30.960000,8.380000,1000.00,cifi0007.DBF
P9FN,10P9FN,F,NS,00,62,15,311.30,538,0.00,351.85,30.960000,8.380000,1000.00,cifi0007.DBF
P9FN,10P9FN,F,NS,00,62,16,337.35,568,0.00,377.97,30.960000,8.380000,1000.00,cifi0007.DBF
P9FN,10P9FN,F,NS,00,62,17,363.54,596,0.00,404.11,30.960000,8.380000,1000.00,cifi0007.DBF
P9FN,10P9FN,F,NS,00,62,18,389.89,623,0.00,430.26,30.960000,8.380000,1000.00,cifi0007.DBF
P9FN,10P9FN,F,NS,00,62,19,416.36,648,0.00,456.41,30.960000,8.380000,1000.00,cifi0007.DBF
P9FN,10P9FN,F,NS,00,62,20,442.38,672,0.00,482.28,30.960000,8.380000,1000.00,cifi0007.DBF
P9FN,10P9FN,F,NS,00,62,21,467.82,694,0.00,507.53,30.960000,8.380000,1000.00,cifi0007.DBF
P9FN,10P9FN,F,NS,00,62,22,492.93,715,0.00,532.23,30.960000,8.380000,1000.00,cifi0007.DBF
P9FN,10P9FN,F,NS,00,62,23,517.66,735,0.00,556.49,30.960000,8.380000,1000.00,cifi0007.DBF
P9FN,10P9FN,F,NS,00,62,24,541.92,753,0.00,580.24,30.960000,8.380000,1000.00,cifi0007.DBF
P9FN,10P9FN,F,NS,00,62,25,566.33,771,0.00,603.72,30.960000,8.380000,1000.00,cifi0007.DBF
P9FN,10P9FN,F,NS,00,62,26,589.78,788,0.00,626.72,30.960000,8.380000,1000.00,cifi0007.DBF
P9FN,10P9FN,F,NS,00,62,27,612.43,803,0.00,648.80,30.960000,8.380000,1000.00,cifi0007.DBF
P9FN,10P9FN,F,NS,00,62,28,634.38,818,0.00,670.11,30.960000,8.380000,1000.00,cifi0007.DBF
P9FN,10P9FN,F,NS,00,62,29,656.38,832,0.00,691.04,30.960000,8.380000,1000.00,cifi0007.DBF
P9FN,10P9FN,F,NS,00,62,30,680.80,846,0.00,713.03,30.960000,8.380000,1000.00,cifi0007.DBF
P9FN,10P9FN,F,NS,00,62,31,706.74,862,0.00,736.72,30.960000,8.380000,1000.00,cifi0007.DBF
P9FN,10P9FN,F,NS,00,62,32,733.66,877,0.00,761.45,30.960000,8.380000,1000.00,cifi0007.DBF
P9FN,10P9FN,F,NS,00,62,33,761.65,892,0.00,787.01,30.960000,8.380000,1000.00,cifi0007.DBF
P9FN,10P9FN,F,NS,00,62,34,791.19,908,0.00,813.63,30.960000,8.380000,1000.00,cifi0007.DBF
P9FN,10P9FN,F,NS,00,62,35,824.83,924,0.00,842.68,30.960000,8.380000,1000.00,cifi0007.DBF
P9FN,10P9FN,F,NS,00,62,36,865.93,944,0.00,876.77,30.960000,8.380000,1000.00,cifi0007.DBF
P9FN,10P9FN,F,NS,00,62,37,922.15,969,0.00,920.75,30.960000,8.380000,1000.00,cifi0007.DBF
P9FN,10P9FN,F,NS,00,63,1,0.00,0,0.00,4.53,0.000000,9.070000,1000.00,cifi0007.DBF
P9FN,10P9FN,F,NS,00,63,2,0.00,0,0.00,28.26,32.590000,9.070000,1000.00,cifi0007.DBF
P9FN,10P9FN,F,NS,00,63,3,20.76,51,0.00,52.40,32.590000,9.070000,1000.00,cifi0007.DBF
P9FN,10P9FN,F,NS,00,63,4,43.88,103,0.00,76.92,32.590000,9.070000,1000.00,cifi0007.DBF
P9FN,10P9FN,F,NS,00,63,5,67.47,153,0.00,101.81,32.590000,9.070000,1000.00,cifi0007.DBF
P9FN,10P9FN,F,NS,00,63,6,91.51,201,0.00,127.04,32.590000,9.070000,1000.00,cifi0007.DBF
P9FN,10P9FN,F,NS,00,63,7,115.99,247,0.00,152.59,32.590000,9.070000,1000.00,cifi0007.DBF
P9FN,10P9FN,F,NS,00,63,8,140.88,290,0.00,178.43,32.590000,9.070000,1000.00,cifi0007.DBF
P9FN,10P9FN,F,NS,00,63,9,166.10,332,0.00,204.52,32.590000,9.070000,1000.00,cifi0007.DBF
P9FN,10P9FN,F,NS,00,63,10,191.61,372,0.00,230.78,32.590000,9.070000,1000.00,cifi0007.DBF
P9FN,10P9FN,F,NS,00,63,11,217.39,409,0.00,257.19,32.590000,9.070000,1000.00,cifi0007.DBF
P9FN,10P9FN,F,NS,00,63,12,243.44,445,0.00,283.72,32.590000,9.070000,1000.00,cifi0007.DBF
P9FN,10P9FN,F,NS,00,63,13,269.69,480,0.00,310.36,32.590000,9.070000,1000.00,cifi0007.DBF
P9FN,10P9FN,F,NS,00,63,14,296.14,512,0.00,337.05,32.590000,9.070000,1000.00,cifi0007.DBF
P9FN,10P9FN,F,NS,00,63,15,322.77,543,0.00,363.79,32.590000,9.070000,1000.00,cifi0007.DBF
P9FN,10P9FN,F,NS,00,63,16,349.53,573,0.00,390.55,32.590000,9.070000,1000.00,cifi0007.DBF
P9FN,10P9FN,F,NS,00,63,17,376.46,601,0.00,417.31,32.590000,9.070000,1000.00,cifi0007.DBF
P9FN,10P9FN,F,NS,00,63,18,403.51,628,0.00,444.08,32.590000,9.070000,1000.00,cifi0007.DBF
P9FN,10P9FN,F,NS,00,63,19,430.11,653,0.00,470.56,32.590000,9.070000,1000.00,cifi0007.DBF
P9FN,10P9FN,F,NS,00,63,20,456.11,677,0.00,496.40,32.590000,9.070000,1000.00,cifi0007.DBF
P9FN,10P9FN,F,NS,00,63,21,481.77,699,0.00,521.68,32.590000,9.070000,1000.00,cifi0007.DBF
P9FN,10P9FN,F,NS,00,63,22,507.05,720,0.00,546.51,32.590000,9.070000,1000.00,cifi0007.DBF
P9FN,10P9FN,F,NS,00,63,23,531.84,739,0.00,570.81,32.590000,9.070000,1000.00,cifi0007.DBF
P9FN,10P9FN,F,NS,00,63,24,556.79,758,0.00,594.85,32.590000,9.070000,1000.00,cifi0007.DBF
P9FN,10P9FN,F,NS,00,63,25,580.75,776,0.00,618.39,32.590000,9.070000,1000.00,cifi0007.DBF
P9FN,10P9FN,F,NS,00,63,26,603.90,792,0.00,641.00,32.590000,9.070000,1000.00,cifi0007.DBF
P9FN,10P9FN,F,NS,00,63,27,626.33,807,0.00,662.80,32.590000,9.070000,1000.00,cifi0007.DBF
P9FN,10P9FN,F,NS,00,63,28,648.82,822,0.00,684.23,32.590000,9.070000,1000.00,cifi0007.DBF
P9FN,10P9FN,F,NS,00,63,29,673.77,838,0.00,706.73,32.590000,9.070000,1000.00,cifi0007.DBF
P9FN,10P9FN,F,NS,00,63,30,700.29,854,0.00,730.98,32.590000,9.070000,1000.00,cifi0007.DBF
P9FN,10P9FN,F,NS,00,63,31,727.80,870,0.00,756.30,32.590000,9.070000,1000.00,cifi0007.DBF
P9FN,10P9FN,F,NS,00,63,32,756.41,886,0.00,782.45,32.590000,9.070000,1000.00,cifi0007.DBF
P9FN,10P9FN,F,NS,00,63,33,786.60,902,0.00,809.70,32.590000,9.070000,1000.00,cifi0007.DBF
P9FN,10P9FN,F,NS,00,63,34,820.97,920,0.00,839.43,32.590000,9.070000,1000.00,cifi0007.DBF
P9FN,10P9FN,F,NS,00,63,35,862.98,941,0.00,874.32,32.590000,9.070000,1000.00,cifi0007.DBF
P9FN,10P9FN,F,NS,00,63,36,920.44,967,0.00,919.34,32.590000,9.070000,1000.00,cifi0007.DBF
P9FN,10P9FN,F,NS,00,64,1,0.00,0,0.00,4.90,0.000000,9.810000,1000.00,cifi0007.DBF
P9FN,10P9FN,F,NS,00,64,2,0.00,0,0.00,29.63,34.330000,9.810000,1000.00,cifi0007.DBF
P9FN,10P9FN,F,NS,00,64,3,21.83,52,0.00,54.75,34.330000,9.810000,1000.00,cifi0007.DBF
P9FN,10P9FN,F,NS,00,64,4,45.97,105,0.00,80.25,34.330000,9.810000,1000.00,cifi0007.DBF
P9FN,10P9FN,F,NS,00,64,5,70.56,155,0.00,106.10,34.330000,9.810000,1000.00,cifi0007.DBF
P9FN,10P9FN,F,NS,00,64,6,95.60,204,0.00,132.28,34.330000,9.810000,1000.00,cifi0007.DBF
P9FN,10P9FN,F,NS,00,64,7,121.07,250,0.00,158.76,34.330000,9.810000,1000.00,cifi0007.DBF
P9FN,10P9FN,F,NS,00,64,8,146.87,294,0.00,185.48,34.330000,9.810000,1000.00,cifi0007.DBF
P9FN,10P9FN,F,NS,00,64,9,172.97,336,0.00,212.39,34.330000,9.810000,1000.00,cifi0007.DBF
P9FN,10P9FN,F,NS,00,64,10,199.35,375,0.00,239.44,34.330000,9.810000,1000.00,cifi0007.DBF
P9FN,10P9FN,F,NS,00,64,11,225.99,414,0.00,266.63,34.330000,9.810000,1000.00,cifi0007.DBF
P9FN,10P9FN,F,NS,00,64,12,252.85,450,0.00,293.91,34.330000,9.810000,1000.00,cifi0007.DBF
P9FN,10P9FN,F,NS,00,64,13,279.91,484,0.00,321.27,34.330000,9.810000,1000.00,cifi0007.DBF
P9FN,10P9FN,F,NS,00,64,14,307.15,517,0.00,348.66,34.330000,9.810000,1000.00,cifi0007.DBF
P9FN,10P9FN,F,NS,00,64,15,334.53,548,0.00,376.07,34.330000,9.810000,1000.00,cifi0007.DBF
P9FN,10P9FN,F,NS,00,64,16,362.08,578,0.00,403.50,34.330000,9.810000,1000.00,cifi0007.DBF
P9FN,10P9FN,F,NS,00,64,17,389.76,607,0.00,430.92,34.330000,9.810000,1000.00,cifi0007.DBF
P9FN,10P9FN,F,NS,00,64,18,416.97,633,0.00,458.04,34.330000,9.810000,1000.00,cifi0007.DBF
P9FN,10P9FN,F,NS,00,64,19,443.56,658,0.00,484.52,34.330000,9.810000,1000.00,cifi0007.DBF
P9FN,10P9FN,F,NS,00,64,20,469.82,682,0.00,510.42,34.330000,9.810000,1000.00,cifi0007.DBF
P9FN,10P9FN,F,NS,00,64,21,495.68,704,0.00,535.86,34.330000,9.810000,1000.00,cifi0007.DBF
P9FN,10P9FN,F,NS,00,64,22,521.05,724,0.00,560.76,34.330000,9.810000,1000.00,cifi0007.DBF
P9FN,10P9FN,F,NS,00,64,23,546.57,744,0.00,585.38,34.330000,9.810000,1000.00,cifi0007.DBF
P9FN,10P9FN,F,NS,00,64,24,571.08,763,0.00,609.50,34.330000,9.810000,1000.00,cifi0007.DBF
P9FN,10P9FN,F,NS,00,64,25,594.76,780,0.00,632.66,34.330000,9.810000,1000.00,cifi0007.DBF
P9FN,10P9FN,F,NS,00,64,26,617.71,796,0.00,655.01,34.330000,9.810000,1000.00,cifi0007.DBF
P9FN,10P9FN,F,NS,00,64,27,640.72,812,0.00,676.96,34.330000,9.810000,1000.00,cifi0007.DBF
P9FN,10P9FN,F,NS,00,64,28,666.25,828,0.00,700.01,34.330000,9.810000,1000.00,cifi0007.DBF
P9FN,10P9FN,F,NS,00,64,29,693.37,845,0.00,724.85,34.330000,9.810000,1000.00,cifi0007.DBF
P9FN,10P9FN,F,NS,00,64,30,721.52,862,0.00,750.79,34.330000,9.810000,1000.00,cifi0007.DBF
P9FN,10P9FN,F,NS,00,64,31,750.79,879,0.00,777.59,34.330000,9.810000,1000.00,cifi0007.DBF
P9FN,10P9FN,F,NS,00,64,32,781.68,897,0.00,805.51,34.330000,9.810000,1000.00,cifi0007.DBF
P9FN,10P9FN,F,NS,00,64,33,816.84,915,0.00,835.96,34.330000,9.810000,1000.00,cifi0007.DBF
P9FN,10P9FN,F,NS,00,64,34,859.82,937,0.00,871.71,34.330000,9.810000,1000.00,cifi0007.DBF
P9FN,10P9FN,F,NS,00,64,35,918.60,965,0.00,917.83,34.330000,9.810000,1000.00,cifi0007.DBF
P9FN,10P9FN,F,NS,00,65,1,0.00,0,0.00,5.31,0.000000,10.630000,1000.00,cifi0007.DBF
P9FN,10P9FN,F,NS,00,65,2,0.00,0,0.00,31.08,36.190000,10.630000,1000.00,cifi0007.DBF
P9FN,10P9FN,F,NS,00,65,3,22.90,52,0.00,57.23,36.190000,10.630000,1000.00,cifi0007.DBF
P9FN,10P9FN,F,NS,00,65,4,48.09,106,0.00,83.74,36.190000,10.630000,1000.00,cifi0007.DBF
P9FN,10P9FN,F,NS,00,65,5,73.74,157,0.00,110.58,36.190000,10.630000,1000.00,cifi0007.DBF
P9FN,10P9FN,F,NS,00,65,6,99.82,206,0.00,137.74,36.190000,10.630000,1000.00,cifi0007.DBF
P9FN,10P9FN,F,NS,00,65,7,126.25,253,0.00,165.15,36.190000,10.630000,1000.00,cifi0007.DBF
P9FN,10P9FN,F,NS,00,65,8,152.97,297,0.00,192.74,36.190000,10.630000,1000.00,cifi0007.DBF
P9FN,10P9FN,F,NS,00,65,9,179.99,339,0.00,220.49,36.190000,10.630000,1000.00,cifi0007.DBF
P9FN,10P9FN,F,NS,00,65,10,207.28,379,0.00,248.37,36.190000,10.630000,1000.00,cifi0007.DBF
P9FN,10P9FN,F,NS,00,65,11,234.79,418,0.00,276.35,36.190000,10.630000,1000.00,cifi0007.DBF
P9FN,10P9FN,F,NS,00,65,12,262.51,454,0.00,304.40,36.190000,10.630000,1000.00,cifi0007.DBF
P9FN,10P9FN,F,NS,00,65,13,290.40,489,0.00,332.50,36.190000,10.630000,1000.00,cifi0007.DBF
P9FN,10P9FN,F,NS,00,65,14,318.44,522,0.00,360.61,36.190000,10.630000,1000.00,cifi0007.DBF
P9FN,10P9FN,F,NS,00,65,15,346.66,554,0.00,388.74,36.190000,10.630000,1000.00,cifi0007.DBF
P9FN,10P9FN,F,NS,00,65,16,375.01,584,0.00,416.86,36.190000,10.630000,1000.00,cifi0007.DBF
P9FN,10P9FN,F,NS,00,65,17,402.87,612,0.00,444.68,36.190000,10.630000,1000.00,cifi0007.DBF
P9FN,10P9FN,F,NS,00,65,18,430.11,638,0.00,471.83,36.190000,10.630000,1000.00,cifi0007.DBF
P9FN,10P9FN,F,NS,00,65,19,457.00,663,0.00,498.40,36.190000,10.630000,1000.00,cifi0007.DBF
P9FN,10P9FN,F,NS,00,65,20,483.49,686,0.00,524.48,36.190000,10.630000,1000.00,cifi0007.DBF
P9FN,10P9FN,F,NS,00,65,21,509.47,708,0.00,550.02,36.190000,10.630000,1000.00,cifi0007.DBF
P9FN,10P9FN,F,NS,00,65,22,535.61,729,0.00,575.28,36.190000,10.630000,1000.00,cifi0007.DBF
P9FN,10P9FN,F,NS,00,65,23,560.72,749,0.00,600.01,36.190000,10.630000,1000.00,cifi0007.DBF
P9FN,10P9FN,F,NS,00,65,24,584.97,767,0.00,623.76,36.190000,10.630000,1000.00,cifi0007.DBF
P9FN,10P9FN,F,NS,00,65,25,608.47,784,0.00,646.68,36.190000,10.630000,1000.00,cifi0007.DBF
P9FN,10P9FN,F,NS,00,65,26,632.04,801,0.00,669.19,36.190000,10.630000,1000.00,cifi0007.DBF
P9FN,10P9FN,F,NS,00,65,27,658.18,818,0.00,692.83,36.190000,10.630000,1000.00,cifi0007.DBF
P9FN,10P9FN,F,NS,00,65,28,685.96,836,0.00,718.31,36.190000,10.630000,1000.00,cifi0007.DBF
P9FN,10P9FN,F,NS,00,65,29,714.79,854,0.00,744.91,36.190000,10.630000,1000.00,cifi0007.DBF
P9FN,10P9FN,F,NS,00,65,30,744.76,872,0.00,772.39,36.190000,10.630000,1000.00,cifi0007.DBF
P9FN,10P9FN,F,NS,00,65,31,776.40,891,0.00,801.02,36.190000,10.630000,1000.00,cifi0007.DBF
P9FN,10P9FN,F,NS,00,65,32,812.41,910,0.00,832.26,36.190000,10.630000,1000.00,cifi0007.DBF
P9FN,10P9FN,F,NS,00,65,33,856.43,933,0.00,868.92,36.190000,10.630000,1000.00,cifi0007.DBF
P9FN,10P9FN,F,NS,00,65,34,916.64,963,0.00,916.22,36.190000,10.630000,1000.00,cifi0007.DBF
P9FN,10P9FN,F,NS,00,66,1,0.00,0,0.00,5.76,0.000000,11.530000,1000.00,cifi0007.DBF
P9FN,10P9FN,F,NS,00,66,2,0.00,0,0.00,32.61,38.180000,11.530000,1000.00,cifi0007.DBF
P9FN,10P9FN,F,NS,00,66,3,23.97,53,0.00,59.83,38.180000,11.530000,1000.00,cifi0007.DBF
P9FN,10P9FN,F,NS,00,66,4,50.27,107,0.00,87.39,38.180000,11.530000,1000.00,cifi0007.DBF
P9FN,10P9FN,F,NS,00,66,5,77.01,159,0.00,115.27,38.180000,11.530000,1000.00,cifi0007.DBF
P9FN,10P9FN,F,NS,00,66,6,104.10,208,0.00,143.41,38.180000,11.530000,1000.00,cifi0007.DBF
P9FN,10P9FN,F,NS,00,66,7,131.51,255,0.00,171.74,38.180000,11.530000,1000.00,cifi0007.DBF
P9FN,10P9FN,F,NS,00,66,8,159.21,300,0.00,200.22,38.180000,11.530000,1000.00,cifi0007.DBF
P9FN,10P9FN,F,NS,00,66,9,187.19,343,0.00,228.85,38.180000,11.530000,1000.00,cifi0007.DBF
P9FN,10P9FN,F,NS,00,66,10,215.40,383,0.00,257.58,38.180000,11.530000,1000.00,cifi0007.DBF
P9FN,10P9FN,F,NS,00,66,11,243.82,422,0.00,286.38,38.180000,11.530000,1000.00,cifi0007.DBF
P9FN,10P9FN,F,NS,00,66,12,272.42,459,0.00,315.22,38.180000,11.530000,1000.00,cifi0007.DBF
P9FN,10P9FN,F,NS,00,66,13,301.17,494,0.00,344.08,38.180000,11.530000,1000.00,cifi0007.DBF
P9FN,10P9FN,F,NS,00,66,14,330.10,527,0.00,372.96,38.180000,11.530000,1000.00,cifi0007.DBF
P9FN,10P9FN,F,NS,00,66,15,359.17,559,0.00,401.83,38.180000,11.530000,1000.00,cifi0007.DBF
P9FN,10P9FN,F,NS,00,66,16,387.74,589,0.00,430.39,38.180000,11.530000,1000.00,cifi0007.DBF
P9FN,10P9FN,F,NS,00,66,17,415.67,617,0.00,458.27,38.180000,11.530000,1000.00,cifi0007.DBF
P9FN,10P9FN,F,NS,00,66,18,443.24,643,0.00,485.54,38.180000,11.530000,1000.00,cifi0007.DBF
P9FN,10P9FN,F,NS,00,66,19,470.40,668,0.00,512.32,38.180000,11.530000,1000.00,cifi0007.DBF
P9FN,10P9FN,F,NS,00,66,20,497.04,691,0.00,538.54,38.180000,11.530000,1000.00,cifi0007.DBF
P9FN,10P9FN,F,NS,00,66,21,523.84,713,0.00,564.47,38.180000,11.530000,1000.00,cifi0007.DBF
P9FN,10P9FN,F,NS,00,66,22,549.58,734,0.00,589.86,38.180000,11.530000,1000.00,cifi0007.DBF
P9FN,10P9FN,F,NS,00,66,23,574.45,753,0.00,614.25,38.180000,11.530000,1000.00,cifi0007.DBF
P9FN,10P9FN,F,NS,00,66,24,598.55,771,0.00,637.77,38.180000,11.530000,1000.00,cifi0007.DBF
P9FN,10P9FN,F,NS,00,66,25,622.71,789,0.00,660.88,38.180000,11.530000,1000.00,cifi0007.DBF
P9FN,10P9FN,F,NS,00,66,26,649.52,808,0.00,685.15,38.180000,11.530000,1000.00,cifi0007.DBF
P9FN,10P9FN,F,NS,00,66,27,678.00,827,0.00,711.32,38.180000,11.530000,1000.00,cifi0007.DBF
P9FN,10P9FN,F,NS,00,66,28,707.56,846,0.00,738.62,38.180000,11.530000,1000.00,cifi0007.DBF
P9FN,10P9FN,F,NS,00,66,29,738.30,865,0.00,766.84,38.180000,11.530000,1000.00,cifi0007.DBF
P9FN,10P9FN,F,NS,00,66,30,770.73,884,0.00,796.23,38.180000,11.530000,1000.00,cifi0007.DBF
P9FN,10P9FN,F,NS,00,66,31,807.66,905,0.00,828.30,38.180000,11.530000,1000.00,cifi0007.DBF
P9FN,10P9FN,F,NS,00,66,32,852.79,929,0.00,865.94,38.180000,11.530000,1000.00,cifi0007.DBF
P9FN,10P9FN,F,NS,00,66,33,914.52,961,0.00,914.50,38.180000,11.530000,1000.00,cifi0007.DBF
P9FN,10P9FN,F,NS,00,67,1,0.00,0,0.00,6.26,0.000000,12.520000,1000.00,cifi0007.DBF
P9FN,10P9FN,F,NS,00,67,2,0.00,0,0.00,34.23,40.310000,12.520000,1000.00,cifi0007.DBF
P9FN,10P9FN,F,NS,00,67,3,25.04,54,0.00,62.56,40.310000,12.520000,1000.00,cifi0007.DBF
P9FN,10P9FN,F,NS,00,67,4,52.49,109,0.00,91.21,40.310000,12.520000,1000.00,cifi0007.DBF
P9FN,10P9FN,F,NS,00,67,5,80.30,161,0.00,120.13,40.310000,12.520000,1000.00,cifi0007.DBF
P9FN,10P9FN,F,NS,00,67,6,108.44,211,0.00,149.25,40.310000,12.520000,1000.00,cifi0007.DBF
P9FN,10P9FN,F,NS,00,67,7,136.88,258,0.00,178.53,40.310000,12.520000,1000.00,cifi0007.DBF
P9FN,10P9FN,F,NS,00,67,8,165.60,303,0.00,207.95,40.310000,12.520000,1000.00,cifi0007.DBF
P9FN,10P9FN,F,NS,00,67,9,194.56,346,0.00,237.48,40.310000,12.520000,1000.00,cifi0007.DBF
P9FN,10P9FN,F,NS,00,67,10,223.73,387,0.00,267.08,40.310000,12.520000,1000.00,cifi0007.DBF
P9FN,10P9FN,F,NS,00,67,11,253.09,426,0.00,296.72,40.310000,12.520000,1000.00,cifi0007.DBF
P9FN,10P9FN,F,NS,00,67,12,282.61,463,0.00,326.39,40.310000,12.520000,1000.00,cifi0007.DBF
P9FN,10P9FN,F,NS,00,67,13,312.31,499,0.00,356.06,40.310000,12.520000,1000.00,cifi0007.DBF
P9FN,10P9FN,F,NS,00,67,14,342.15,533,0.00,385.74,40.310000,12.520000,1000.00,cifi0007.DBF
P9FN,10P9FN,F,NS,00,67,15,371.48,564,0.00,415.09,40.310000,12.520000,1000.00,cifi0007.DBF
P9FN,10P9FN,F,NS,00,67,16,400.15,594,0.00,443.75,40.310000,12.520000,1000.00,cifi0007.DBF
P9FN,10P9FN,F,NS,00,67,17,428.45,622,0.00,471.78,40.310000,12.520000,1000.00,cifi0007.DBF
P9FN,10P9FN,F,NS,00,67,18,456.33,648,0.00,499.30,40.310000,12.520000,1000.00,cifi0007.DBF
P9FN,10P9FN,F,NS,00,67,19,483.68,672,0.00,526.25,40.310000,12.520000,1000.00,cifi0007.DBF
P9FN,10P9FN,F,NS,00,67,20,511.19,696,0.00,552.90,40.310000,12.520000,1000.00,cifi0007.DBF
P9FN,10P9FN,F,NS,00,67,21,537.62,718,0.00,579.00,40.310000,12.520000,1000.00,cifi0007.DBF
P9FN,10P9FN,F,NS,00,67,22,563.14,739,0.00,604.06,40.310000,12.520000,1000.00,cifi0007.DBF
P9FN,10P9FN,F,NS,00,67,23,587.89,758,0.00,628.24,40.310000,12.520000,1000.00,cifi0007.DBF
P9FN,10P9FN,F,NS,00,67,24,612.69,776,0.00,651.99,40.310000,12.520000,1000.00,cifi0007.DBF
P9FN,10P9FN,F,NS,00,67,25,640.21,796,0.00,676.94,40.310000,12.520000,1000.00,cifi0007.DBF
P9FN,10P9FN,F,NS,00,67,26,669.45,816,0.00,703.83,40.310000,12.520000,1000.00,cifi0007.DBF
P9FN,10P9FN,F,NS,00,67,27,699.79,836,0.00,731.89,40.310000,12.520000,1000.00,cifi0007.DBF
P9FN,10P9FN,F,NS,00,67,28,731.34,857,0.00,760.89,40.310000,12.520000,1000.00,cifi0007.DBF
P9FN,10P9FN,F,NS,00,67,29,764.64,877,0.00,791.10,40.310000,12.520000,1000.00,cifi0007.DBF
P9FN,10P9FN,F,NS,00,67,30,802.55,899,0.00,824.06,40.310000,12.520000,1000.00,cifi0007.DBF
P9FN,10P9FN,F,NS,00,67,31,848.88,925,0.00,862.75,40.310000,12.520000,1000.00,cifi0007.DBF
P9FN,10P9FN,F,NS,00,67,32,912.25,958,0.00,912.66,40.310000,12.520000,1000.00,cifi0007.DBF
P9FN,10P9FN,F,NS,00,68,1,0.00,0,0.00,6.81,0.000000,13.630000,1000.00,cifi0007.DBF
P9FN,10P9FN,F,NS,00,68,2,0.00,0,0.00,35.96,42.600000,13.630000,1000.00,cifi0007.DBF
P9FN,10P9FN,F,NS,00,68,3,26.09,54,0.00,65.44,42.600000,13.630000,1000.00,cifi0007.DBF
P9FN,10P9FN,F,NS,00,68,4,54.68,110,0.00,95.20,42.600000,13.630000,1000.00,cifi0007.DBF
P9FN,10P9FN,F,NS,00,68,5,83.60,162,0.00,125.16,42.600000,13.630000,1000.00,cifi0007.DBF
P9FN,10P9FN,F,NS,00,68,6,112.83,213,0.00,155.29,42.600000,13.630000,1000.00,cifi0007.DBF
P9FN,10P9FN,F,NS,00,68,7,142.35,261,0.00,185.56,42.600000,13.630000,1000.00,cifi0007.DBF
P9FN,10P9FN,F,NS,00,68,8,172.12,306,0.00,215.94,42.600000,13.630000,1000.00,cifi0007.DBF
P9FN,10P9FN,F,NS,00,68,9,202.10,350,0.00,246.40,42.600000,13.630000,1000.00,cifi0007.DBF
P9FN,10P9FN,F,NS,00,68,10,232.28,391,0.00,276.91,42.600000,13.630000,1000.00,cifi0007.DBF
P9FN,10P9FN,F,NS,00,68,11,262.62,431,0.00,307.43,42.600000,13.630000,1000.00,cifi0007.DBF
P9FN,10P9FN,F,NS,00,68,12,293.15,468,0.00,337.96,42.600000,13.630000,1000.00,cifi0007.DBF
P9FN,10P9FN,F,NS,00,68,13,323.82,504,0.00,368.50,42.600000,13.630000,1000.00,cifi0007.DBF
P9FN,10P9FN,F,NS,00,68,14,353.97,538,0.00,398.70,42.600000,13.630000,1000.00,cifi0007.DBF
P9FN,10P9FN,F,NS,00,68,15,383.44,569,0.00,428.19,42.600000,13.630000,1000.00,cifi0007.DBF
P9FN,10P9FN,F,NS,00,68,16,412.53,599,0.00,457.03,42.600000,13.630000,1000.00,cifi0007.DBF
P9FN,10P9FN,F,NS,00,68,17,441.19,626,0.00,485.35,42.600000,13.630000,1000.00,cifi0007.DBF
P9FN,10P9FN,F,NS,00,68,18,469.29,652,0.00,513.08,42.600000,13.630000,1000.00,cifi0007.DBF
P9FN,10P9FN,F,NS,00,68,19,497.57,678,0.00,540.50,42.600000,13.630000,1000.00,cifi0007.DBF
P9FN,10P9FN,F,NS,00,68,20,524.74,701,0.00,567.36,42.600000,13.630000,1000.00,cifi0007.DBF
P9FN,10P9FN,F,NS,00,68,21,550.97,723,0.00,593.15,42.600000,13.630000,1000.00,cifi0007.DBF
P9FN,10P9FN,F,NS,00,68,22,576.41,743,0.00,618.03,42.600000,13.630000,1000.00,cifi0007.DBF
P9FN,10P9FN,F,NS,00,68,23,601.90,763,0.00,642.47,42.600000,13.630000,1000.00,cifi0007.DBF
P9FN,10P9FN,F,NS,00,68,24,630.18,784,0.00,668.14,42.600000,13.630000,1000.00,cifi0007.DBF
P9FN,10P9FN,F,NS,00,68,25,660.24,805,0.00,695.80,42.600000,13.630000,1000.00,cifi0007.DBF
P9FN,10P9FN,F,NS,00,68,26,691.43,826,0.00,724.68,42.600000,13.630000,1000.00,cifi0007.DBF
P9FN,10P9FN,F,NS,00,68,27,723.86,848,0.00,754.52,42.600000,13.630000,1000.00,cifi0007.DBF
P9FN,10P9FN,F,NS,00,68,28,758.08,870,0.00,785.61,42.600000,13.630000,1000.00,cifi0007.DBF
P9FN,10P9FN,F,NS,00,68,29,797.05,893,0.00,819.52,42.600000,13.630000,1000.00,cifi0007.DBF
P9FN,10P9FN,F,NS,00,68,30,844.67,921,0.00,859.33,42.600000,13.630000,1000.00,cifi0007.DBF
P9FN,10P9FN,F,NS,00,68,31,909.81,956,0.00,910.69,42.600000,13.630000,1000.00,cifi0007.DBF
P9FN,10P9FN,F,NS,00,69,1,0.00,0,0.00,7.42,0.000000,14.840000,1000.00,cifi0007.DBF
P9FN,10P9FN,F,NS,00,69,2,0.00,0,0.00,37.79,45.040000,14.840000,1000.00,cifi0007.DBF
P9FN,10P9FN,F,NS,00,69,3,27.08,55,0.00,68.45,45.040000,14.840000,1000.00,cifi0007.DBF
P9FN,10P9FN,F,NS,00,69,4,56.84,111,0.00,99.31,45.040000,14.840000,1000.00,cifi0007.DBF
P9FN,10P9FN,F,NS,00,69,5,86.92,164,0.00,130.35,45.040000,14.840000,1000.00,cifi0007.DBF
P9FN,10P9FN,F,NS,00,69,6,117.31,215,0.00,161.54,45.040000,14.840000,1000.00,cifi0007.DBF
P9FN,10P9FN,F,NS,00,69,7,147.94,263,0.00,192.84,45.040000,14.840000,1000.00,cifi0007.DBF
P9FN,10P9FN,F,NS,00,69,8,178.80,309,0.00,224.22,45.040000,14.840000,1000.00,cifi0007.DBF
P9FN,10P9FN,F,NS,00,69,9,209.86,353,0.00,255.64,45.040000,14.840000,1000.00,cifi0007.DBF
P9FN,10P9FN,F,NS,00,69,10,241.09,395,0.00,287.09,45.040000,14.840000,1000.00,cifi0007.DBF
P9FN,10P9FN,F,NS,00,69,11,272.51,435,0.00,318.55,45.040000,14.840000,1000.00,cifi0007.DBF
P9FN,10P9FN,F,NS,00,69,12,304.07,473,0.00,350.01,45.040000,14.840000,1000.00,cifi0007.DBF
P9FN,10P9FN,F,NS,00,69,13,335.10,509,0.00,381.12,45.040000,14.840000,1000.00,cifi0007.DBF
P9FN,10P9FN,F,NS,00,69,14,365.43,542,0.00,411.50,45.040000,14.840000,1000.00,cifi0007.DBF
P9FN,10P9FN,F,NS,00,69,15,395.37,574,0.00,441.21,45.040000,14.840000,1000.00,cifi0007.DBF
P9FN,10P9FN,F,NS,00,69,16,424.87,603,0.00,470.39,45.040000,14.840000,1000.00,cifi0007.DBF
P9FN,10P9FN,F,NS,00,69,17,453.79,631,0.00,498.95,45.040000,14.840000,1000.00,cifi0007.DBF
P9FN,10P9FN,F,NS,00,69,18,482.90,658,0.00,527.20,45.040000,14.840000,1000.00,cifi0007.DBF
P9FN,10P9FN,F,NS,00,69,19,510.86,682,0.00,554.87,45.040000,14.840000,1000.00,cifi0007.DBF
P9FN,10P9FN,F,NS,00,69,20,537.86,705,0.00,581.44,45.040000,14.840000,1000.00,cifi0007.DBF
P9FN,10P9FN,F,NS,00,69,21,564.04,727,0.00,607.07,45.040000,14.840000,1000.00,cifi0007.DBF
P9FN,10P9FN,F,NS,00,69,22,590.27,748,0.00,632.25,45.040000,14.840000,1000.00,cifi0007.DBF
P9FN,10P9FN,F,NS,00,69,23,619.38,770,0.00,658.69,45.040000,14.840000,1000.00,cifi0007.DBF
P9FN,10P9FN,F,NS,00,69,24,650.32,793,0.00,687.20,45.040000,14.840000,1000.00,cifi0007.DBF
P9FN,10P9FN,F,NS,00,69,25,682.42,816,0.00,716.95,45.040000,14.840000,1000.00,cifi0007.DBF
P9FN,10P9FN,F,NS,00,69,26,715.80,838,0.00,747.69,45.040000,14.840000,1000.00,cifi0007.DBF
P9FN,10P9FN,F,NS,00,69,27,751.02,861,0.00,779.71,45.040000,14.840000,1000.00,cifi0007.DBF
P9FN,10P9FN,F,NS,00,69,28,791.12,887,0.00,814.65,45.040000,14.840000,1000.00,cifi0007.DBF
P9FN,10P9FN,F,NS,00,69,29,840.13,916,0.00,855.66,45.040000,14.840000,1000.00,cifi0007.DBF
P9FN,10P9FN,F,NS,00,69,30,907.17,953,0.00,908.57,45.040000,14.840000,1000.00,cifi0007.DBF
P9FN,10P9FN,F,NS,00,70,1,0.00,0,0.00,8.09,0.000000,16.170000,1000.00,cifi0007.DBF
P9FN,10P9FN,F,NS,00,70,2,0.09,1,0.00,39.71,47.670000,16.170000,1000.00,cifi0007.DBF
P9FN,10P9FN,F,NS,00,70,3,30.68,60,0.00,71.55,47.670000,16.170000,1000.00,cifi0007.DBF
P9FN,10P9FN,F,NS,00,70,4,61.60,116,0.00,103.56,47.670000,16.170000,1000.00,cifi0007.DBF
P9FN,10P9FN,F,NS,00,70,5,92.82,170,0.00,135.73,47.670000,16.170000,1000.00,cifi0007.DBF
P9FN,10P9FN,F,NS,00,70,6,124.31,221,0.00,168.02,47.670000,16.170000,1000.00,cifi0007.DBF
P9FN,10P9FN,F,NS,00,70,7,156.02,270,0.00,200.38,47.670000,16.170000,1000.00,cifi0007.DBF
P9FN,10P9FN,F,NS,00,70,8,187.95,317,0.00,232.80,47.670000,16.170000,1000.00,cifi0007.DBF
P9FN,10P9FN,F,NS,00,70,9,220.04,361,0.00,265.24,47.670000,16.170000,1000.00,cifi0007.DBF
P9FN,10P9FN,F,NS,00,70,10,252.33,403,0.00,297.68,47.670000,16.170000,1000.00,cifi0007.DBF
P9FN,10P9FN,F,NS,00,70,11,284.77,443,0.00,330.14,47.670000,16.170000,1000.00,cifi0007.DBF
P9FN,10P9FN,F,NS,00,70,12,316.66,481,0.00,362.23,47.670000,16.170000,1000.00,cifi0007.DBF
P9FN,10P9FN,F,NS,00,70,13,347.83,516,0.00,393.56,47.670000,16.170000,1000.00,cifi0007.DBF
P9FN,10P9FN,F,NS,00,70,14,378.60,549,0.00,424.21,47.670000,16.170000,1000.00,cifi0007.DBF
P9FN,10P9FN,F,NS,00,70,15,408.91,581,0.00,454.31,47.670000,16.170000,1000.00,cifi0007.DBF
P9FN,10P9FN,F,NS,00,70,16,438.64,610,0.00,483.78,47.670000,16.170000,1000.00,cifi0007.DBF
P9FN,10P9FN,F,NS,00,70,17,468.56,638,0.00,512.91,47.670000,16.170000,1000.00,cifi0007.DBF
P9FN,10P9FN,F,NS,00,70,18,497.29,664,0.00,541.45,47.670000,16.170000,1000.00,cifi0007.DBF
P9FN,10P9FN,F,NS,00,70,19,525.04,689,0.00,568.86,47.670000,16.170000,1000.00,cifi0007.DBF
P9FN,10P9FN,F,NS,00,70,20,551.94,711,0.00,595.30,47.670000,16.170000,1000.00,cifi0007.DBF
P9FN,10P9FN,F,NS,00,70,21,578.91,733,0.00,621.27,47.670000,16.170000,1000.00,cifi0007.DBF
P9FN,10P9FN,F,NS,00,70,22,608.83,757,0.00,648.55,47.670000,16.170000,1000.00,cifi0007.DBF
P9FN,10P9FN,F,NS,00,70,23,640.62,781,0.00,677.95,47.670000,16.170000,1000.00,cifi0007.DBF
P9FN,10P9FN,F,NS,00,70,24,673.61,805,0.00,708.64,47.670000,16.170000,1000.00,cifi0007.DBF
P9FN,10P9FN,F,NS,00,70,25,707.91,829,0.00,740.35,47.670000,16.170000,1000.00,cifi0007.DBF
P9FN,10P9FN,F,NS,00,70,26,744.11,854,0.00,773.38,47.670000,16.170000,1000.00,cifi0007.DBF
P9FN,10P9FN,F,NS,00,70,27,785.33,880,0.00,809.42,47.670000,16.170000,1000.00,cifi0007.DBF
P9FN,10P9FN,F,NS,00,70,28,835.70,911,0.00,851.72,47.670000,16.170000,1000.00,cifi0007.DBF
P9FN,10P9FN,F,NS,00,70,29,904.60,950,0.00,906.30,47.670000,16.170000,1000.00,cifi0007.DBF
P9FN,10P9FN,F,NS,00,71,1,0.00,0,0.00,8.86,0.000000,17.710000,1000.00,cifi0007.DBF
P9FN,10P9FN,F,NS,00,71,2,2.59,6,0.00,41.74,50.500000,17.710000,1000.00,cifi0007.DBF
P9FN,10P9FN,F,NS,00,71,3,34.41,65,0.00,74.80,50.500000,17.710000,1000.00,cifi0007.DBF
P9FN,10P9FN,F,NS,00,71,4,66.54,122,0.00,108.03,50.500000,17.710000,1000.00,cifi0007.DBF
P9FN,10P9FN,F,NS,00,71,5,98.94,176,0.00,141.37,50.500000,17.710000,1000.00,cifi0007.DBF
P9FN,10P9FN,F,NS,00,71,6,131.57,228,0.00,174.80,50.500000,17.710000,1000.00,cifi0007.DBF
P9FN,10P9FN,F,NS,00,71,7,164.42,277,0.00,208.28,50.500000,17.710000,1000.00,cifi0007.DBF
P9FN,10P9FN,F,NS,00,71,8,197.44,324,0.00,241.78,50.500000,17.710000,1000.00,cifi0007.DBF
P9FN,10P9FN,F,NS,00,71,9,230.67,369,0.00,275.29,50.500000,17.710000,1000.00,cifi0007.DBF
P9FN,10P9FN,F,NS,00,71,10,264.05,411,0.00,308.80,50.500000,17.710000,1000.00,cifi0007.DBF
P9FN,10P9FN,F,NS,00,71,11,296.86,451,0.00,341.95,50.500000,17.710000,1000.00,cifi0007.DBF
P9FN,10P9FN,F,NS,00,71,12,328.94,488,0.00,374.31,50.500000,17.710000,1000.00,cifi0007.DBF
P9FN,10P9FN,F,NS,00,71,13,360.60,523,0.00,405.97,50.500000,17.710000,1000.00,cifi0007.DBF
P9FN,10P9FN,F,NS,00,71,14,391.79,556,0.00,437.05,50.500000,17.710000,1000.00,cifi0007.DBF
P9FN,10P9FN,F,NS,00,71,15,422.38,587,0.00,467.48,50.500000,17.710000,1000.00,cifi0007.DBF
P9FN,10P9FN,F,NS,00,71,16,453.16,617,0.00,497.57,50.500000,17.710000,1000.00,cifi0007.DBF
P9FN,10P9FN,F,NS,00,71,17,482.72,645,0.00,527.05,50.500000,17.710000,1000.00,cifi0007.DBF
P9FN,10P9FN,F,NS,00,71,18,511.28,671,0.00,555.35,50.500000,17.710000,1000.00,cifi0007.DBF
P9FN,10P9FN,F,NS,00,71,19,538.96,695,0.00,582.66,50.500000,17.710000,1000.00,cifi0007.DBF
P9FN,10P9FN,F,NS,00,71,20,566.71,718,0.00,609.48,50.500000,17.710000,1000.00,cifi0007.DBF
P9FN,10P9FN,F,NS,00,71,21,597.49,743,0.00,637.65,50.500000,17.710000,1000.00,cifi0007.DBF
P9FN,10P9FN,F,NS,00,71,22,630.21,768,0.00,668.02,50.500000,17.710000,1000.00,cifi0007.DBF
P9FN,10P9FN,F,NS,00,71,23,664.15,794,0.00,699.72,50.500000,17.710000,1000.00,cifi0007.DBF
P9FN,10P9FN,F,NS,00,71,24,699.45,819,0.00,732.46,50.500000,17.710000,1000.00,cifi0007.DBF
P9FN,10P9FN,F,NS,00,71,25,736.70,845,0.00,766.58,50.500000,17.710000,1000.00,cifi0007.DBF
P9FN,10P9FN,F,NS,00,71,26,779.11,873,0.00,803.80,50.500000,17.710000,1000.00,cifi0007.DBF
P9FN,10P9FN,F,NS,00,71,27,830.94,906,0.00,847.49,50.500000,17.710000,1000.00,cifi0007.DBF
P9FN,10P9FN,F,NS,00,71,28,901.83,947,0.00,903.86,50.500000,17.710000,1000.00,cifi0007.DBF
P9FN,10P9FN,F,NS,00,72,1,0.00,0,0.00,9.72,0.000000,19.430000,1000.00,cifi0007.DBF
P9FN,10P9FN,F,NS,00,72,2,5.20,10,0.00,43.91,53.530000,19.430000,1000.00,cifi0007.DBF
P9FN,10P9FN,F,NS,00,72,3,38.30,70,0.00,78.27,53.530000,19.430000,1000.00,cifi0007.DBF
P9FN,10P9FN,F,NS,00,72,4,71.68,128,0.00,112.75,53.530000,19.430000,1000.00,cifi0007.DBF
P9FN,10P9FN,F,NS,00,72,5,105.30,182,0.00,147.32,53.530000,19.430000,1000.00,cifi0007.DBF
P9FN,10P9FN,F,NS,00,72,6,139.14,234,0.00,181.94,53.530000,19.430000,1000.00,cifi0007.DBF
P9FN,10P9FN,F,NS,00,72,7,173.16,284,0.00,216.58,53.530000,19.430000,1000.00,cifi0007.DBF
P9FN,10P9FN,F,NS,00,72,8,207.40,331,0.00,251.23,53.530000,19.430000,1000.00,cifi0007.DBF
P9FN,10P9FN,F,NS,00,72,9,241.79,377,0.00,285.89,53.530000,19.430000,1000.00,cifi0007.DBF
P9FN,10P9FN,F,NS,00,72,10,275.59,419,0.00,320.17,53.530000,19.430000,1000.00,cifi0007.DBF
P9FN,10P9FN,F,NS,00,72,11,308.64,458,0.00,353.63,53.530000,19.430000,1000.00,cifi0007.DBF
P9FN,10P9FN,F,NS,00,72,12,341.26,495,0.00,386.37,53.530000,19.430000,1000.00,cifi0007.DBF
P9FN,10P9FN,F,NS,00,72,13,373.39,530,0.00,418.51,53.530000,19.430000,1000.00,cifi0007.DBF
P9FN,10P9FN,F,NS,00,72,14,404.91,563,0.00,449.98,53.530000,19.430000,1000.00,cifi0007.DBF
P9FN,10P9FN,F,NS,00,72,15,436.62,595,0.00,481.10,53.530000,19.430000,1000.00,cifi0007.DBF
P9FN,10P9FN,F,NS,00,72,16,467.08,624,0.00,511.58,53.530000,19.430000,1000.00,cifi0007.DBF
P9FN,10P9FN,F,NS,00,72,17,496.50,651,0.00,540.85,53.530000,19.430000,1000.00,cifi0007.DBF
P9FN,10P9FN,F,NS,00,72,18,525.02,677,0.00,569.08,53.530000,19.430000,1000.00,cifi0007.DBF
P9FN,10P9FN,F,NS,00,72,19,553.60,701,0.00,596.82,53.530000,19.430000,1000.00,cifi0007.DBF
P9FN,10P9FN,F,NS,00,72,20,585.32,728,0.00,625.95,53.530000,19.430000,1000.00,cifi0007.DBF
P9FN,10P9FN,F,NS,00,72,21,619.02,755,0.00,657.35,53.530000,19.430000,1000.00,cifi0007.DBF
P9FN,10P9FN,F,NS,00,72,22,653.99,782,0.00,690.13,53.530000,19.430000,1000.00,cifi0007.DBF
P9FN,10P9FN,F,NS,00,72,23,690.36,809,0.00,724.00,53.530000,19.430000,1000.00,cifi0007.DBF
P9FN,10P9FN,F,NS,00,72,24,728.74,836,0.00,759.28,53.530000,19.430000,1000.00,cifi0007.DBF
P9FN,10P9FN,F,NS,00,72,25,772.43,866,0.00,797.77,53.530000,19.430000,1000.00,cifi0007.DBF
P9FN,10P9FN,F,NS,00,72,26,825.83,900,0.00,842.94,53.530000,19.430000,1000.00,cifi0007.DBF
P9FN,10P9FN,F,NS,00,72,27,898.87,944,0.00,901.23,53.530000,19.430000,1000.00,cifi0007.DBF
P9FN,10P9FN,F,NS,00,73,1,0.00,0,0.00,10.65,0.000000,21.300000,1000.00,cifi0007.DBF
P9FN,10P9FN,F,NS,00,73,2,7.96,15,0.00,46.23,56.800000,21.300000,1000.00,cifi0007.DBF
P9FN,10P9FN,F,NS,00,73,3,42.39,76,0.00,81.93,56.800000,21.300000,1000.00,cifi0007.DBF
P9FN,10P9FN,F,NS,00,73,4,77.07,134,0.00,117.73,56.800000,21.300000,1000.00,cifi0007.DBF
P9FN,10P9FN,F,NS,00,73,5,111.98,189,0.00,153.58,56.800000,21.300000,1000.00,cifi0007.DBF
P9FN,10P9FN,F,NS,00,73,6,147.07,241,0.00,189.45,56.800000,21.300000,1000.00,cifi0007.DBF
P9FN,10P9FN,F,NS,00,73,7,182.39,291,0.00,225.33,56.800000,21.300000,1000.00,cifi0007.DBF
P9FN,10P9FN,F,NS,00,73,8,217.86,339,0.00,261.22,56.800000,21.300000,1000.00,cifi0007.DBF
P9FN,10P9FN,F,NS,00,73,9,252.73,384,0.00,296.72,56.800000,21.300000,1000.00,cifi0007.DBF
P9FN,10P9FN,F,NS,00,73,10,286.82,426,0.00,331.37,56.800000,21.300000,1000.00,cifi0007.DBF
P9FN,10P9FN,F,NS,00,73,11,320.47,465,0.00,365.27,56.800000,21.300000,1000.00,cifi0007.DBF
P9FN,10P9FN,F,NS,00,73,12,353.62,502,0.00,398.55,56.800000,21.300000,1000.00,cifi0007.DBF
P9FN,10P9FN,F,NS,00,73,13,386.13,537,0.00,431.14,56.800000,21.300000,1000.00,cifi0007.DBF
P9FN,10P9FN,F,NS,00,73,14,418.84,571,0.00,463.36,56.800000,21.300000,1000.00,cifi0007.DBF
P9FN,10P9FN,F,NS,00,73,15,450.26,602,0.00,494.92,56.800000,21.300000,1000.00,cifi0007.DBF
P9FN,10P9FN,F,NS,00,73,16,480.61,630,0.00,525.23,56.800000,21.300000,1000.00,cifi0007.DBF
P9FN,10P9FN,F,NS,00,73,17,510.03,657,0.00,554.47,56.800000,21.300000,1000.00,cifi0007.DBF
P9FN,10P9FN,F,NS,00,73,18,539.51,684,0.00,583.19,56.800000,21.300000,1000.00,cifi0007.DBF
P9FN,10P9FN,F,NS,00,73,19,572.23,712,0.00,613.36,56.800000,21.300000,1000.00,cifi0007.DBF
P9FN,10P9FN,F,NS,00,73,20,607.00,740,0.00,645.87,56.800000,21.300000,1000.00,cifi0007.DBF
P9FN,10P9FN,F,NS,00,73,21,643.08,769,0.00,679.81,56.800000,21.300000,1000.00,cifi0007.DBF
P9FN,10P9FN,F,NS,00,73,22,680.59,797,0.00,714.88,56.800000,21.300000,1000.00,cifi0007.DBF
P9FN,10P9FN,F,NS,00,73,23,720.18,826,0.00,751.42,56.800000,21.300000,1000.00,cifi0007.DBF
P9FN,10P9FN,F,NS,00,73,24,765.25,858,0.00,791.27,56.800000,21.300000,1000.00,cifi0007.DBF
P9FN,10P9FN,F,NS,00,73,25,820.33,894,0.00,838.05,56.800000,21.300000,1000.00,cifi0007.DBF
P9FN,10P9FN,F,NS,00,73,26,895.67,941,0.00,898.41,56.800000,21.300000,1000.00,cifi0007.DBF
P9FN,10P9FN,F,NS,00,74,1,0.00,0,0.00,11.67,0.000000,23.350000,1000.00,cifi0007.DBF
P9FN,10P9FN,F,NS,00,74,2,10.84,20,0.00,48.70,60.320000,23.350000,1000.00,cifi0007.DBF
P9FN,10P9FN,F,NS,00,74,3,46.66,81,0.00,85.82,60.320000,23.350000,1000.00,cifi0007.DBF
P9FN,10P9FN,F,NS,00,74,4,82.72,140,0.00,122.99,60.320000,23.350000,1000.00,cifi0007.DBF
P9FN,10P9FN,F,NS,00,74,5,118.97,195,0.00,160.19,60.320000,23.350000,1000.00,cifi0007.DBF
P9FN,10P9FN,F,NS,00,74,6,155.45,249,0.00,197.40,60.320000,23.350000,1000.00,cifi0007.DBF
P9FN,10P9FN,F,NS,00,74,7,192.09,299,0.00,234.62,60.320000,23.350000,1000.00,cifi0007.DBF
P9FN,10P9FN,F,NS,00,74,8,228.11,347,0.00,271.42,60.320000,23.350000,1000.00,cifi0007.DBF
P9FN,10P9FN,F,NS,00,74,9,263.32,391,0.00,307.36,60.320000,23.350000,1000.00,cifi0007.DBF
P9FN,10P9FN,F,NS,00,74,10,298.08,433,0.00,342.51,60.320000,23.350000,1000.00,cifi0007.DBF
P9FN,10P9FN,F,NS,00,74,11,332.32,472,0.00,377.02,60.320000,23.350000,1000.00,cifi0007.DBF
P9FN,10P9FN,F,NS,00,74,12,365.90,509,0.00,410.81,60.320000,23.350000,1000.00,cifi0007.DBF
P9FN,10P9FN,F,NS,00,74,13,399.69,544,0.00,444.23,60.320000,23.350000,1000.00,cifi0007.DBF
P9FN,10P9FN,F,NS,00,74,14,432.15,577,0.00,476.96,60.320000,23.350000,1000.00,cifi0007.DBF
P9FN,10P9FN,F,NS,00,74,15,463.50,608,0.00,508.39,60.320000,23.350000,1000.00,cifi0007.DBF
P9FN,10P9FN,F,NS,00,74,16,493.88,637,0.00,538.71,60.320000,23.350000,1000.00,cifi0007.DBF
P9FN,10P9FN,F,NS,00,74,17,524.34,664,0.00,568.49,60.320000,23.350000,1000.00,cifi0007.DBF
P9FN,10P9FN,F,NS,00,74,18,558.14,694,0.00,599.77,60.320000,23.350000,1000.00,cifi0007.DBF
P9FN,10P9FN,F,NS,00,74,19,594.05,724,0.00,633.49,60.320000,23.350000,1000.00,cifi0007.DBF
P9FN,10P9FN,F,NS,00,74,20,631.32,755,0.00,668.69,60.320000,23.350000,1000.00,cifi0007.DBF
P9FN,10P9FN,F,NS,00,74,21,670.06,785,0.00,705.05,60.320000,23.350000,1000.00,cifi0007.DBF
P9FN,10P9FN,F,NS,00,74,22,710.96,816,0.00,742.94,60.320000,23.350000,1000.00,cifi0007.DBF
P9FN,10P9FN,F,NS,00,74,23,757.51,849,0.00,784.26,60.320000,23.350000,1000.00,cifi0007.DBF
P9FN,10P9FN,F,NS,00,74,24,814.41,888,0.00,832.77,60.320000,23.350000,1000.00,cifi0007.DBF
P9FN,10P9FN,F,NS,00,74,25,892.24,937,0.00,895.37,60.320000,23.350000,1000.00,cifi0007.DBF
P9FN,10P9FN,F,NS,00,75,1,0.00,0,0.00,12.81,0.000000,25.620000,1000.00,cifi0007.DBF
P9FN,10P9FN,F,NS,00,75,2,13.85,24,0.00,51.36,64.120000,25.620000,1000.00,cifi0007.DBF
P9FN,10P9FN,F,NS,00,75,3,51.15,87,0.00,89.96,64.120000,25.620000,1000.00,cifi0007.DBF
P9FN,10P9FN,F,NS,00,75,4,88.65,146,0.00,128.59,64.120000,25.620000,1000.00,cifi0007.DBF
P9FN,10P9FN,F,NS,00,75,5,126.38,202,0.00,167.24,64.120000,25.620000,1000.00,cifi0007.DBF
P9FN,10P9FN,F,NS,00,75,6,164.28,256,0.00,205.88,64.120000,25.620000,1000.00,cifi0007.DBF
P9FN,10P9FN,F,NS,00,75,7,201.54,306,0.00,244.11,64.120000,25.620000,1000.00,cifi0007.DBF
P9FN,10P9FN,F,NS,00,75,8,237.97,353,0.00,281.43,64.120000,25.620000,1000.00,cifi0007.DBF
P9FN,10P9FN,F,NS,00,75,9,273.92,398,0.00,317.93,64.120000,25.620000,1000.00,cifi0007.DBF
P9FN,10P9FN,F,NS,00,75,10,309.34,439,0.00,353.77,64.120000,25.620000,1000.00,cifi0007.DBF
P9FN,10P9FN,F,NS,00,75,11,344.08,479,0.00,388.87,64.120000,25.620000,1000.00,cifi0007.DBF
P9FN,10P9FN,F,NS,00,75,12,379.03,516,0.00,423.57,64.120000,25.620000,1000.00,cifi0007.DBF
P9FN,10P9FN,F,NS,00,75,13,412.60,551,0.00,457.56,64.120000,25.620000,1000.00,cifi0007.DBF
P9FN,10P9FN,F,NS,00,75,14,445.03,584,0.00,490.20,64.120000,25.620000,1000.00,cifi0007.DBF
P9FN,10P9FN,F,NS,00,75,15,476.46,614,0.00,521.68,64.120000,25.620000,1000.00,cifi0007.DBF
P9FN,10P9FN,F,NS,00,75,16,507.97,644,0.00,552.62,64.120000,25.620000,1000.00,cifi0007.DBF
P9FN,10P9FN,F,NS,00,75,17,542.93,675,0.00,585.10,64.120000,25.620000,1000.00,cifi0007.DBF
P9FN,10P9FN,F,NS,00,75,18,580.08,707,0.00,620.12,64.120000,25.620000,1000.00,cifi0007.DBF
P9FN,10P9FN,F,NS,00,75,19,618.63,740,0.00,656.67,64.120000,25.620000,1000.00,cifi0007.DBF
P9FN,10P9FN,F,NS,00,75,20,658.71,772,0.00,694.43,64.120000,25.620000,1000.00,cifi0007.DBF
P9FN,10P9FN,F,NS,00,75,21,701.01,804,0.00,733.78,64.120000,25.620000,1000.00,cifi0007.DBF
P9FN,10P9FN,F,NS,00,75,22,749.17,840,0.00,776.70,64.120000,25.620000,1000.00,cifi0007.DBF
P9FN,10P9FN,F,NS,00,75,23,808.02,881,0.00,827.07,64.120000,25.620000,1000.00,cifi0007.DBF
P9FN,10P9FN,F,NS,00,75,24,888.53,933,0.00,892.08,64.120000,25.620000,1000.00,cifi0007.DBF
P9FN,10P9FN,F,NS,00,76,1,0.00,0,0.00,14.05,0.000000,28.110000,1000.00,cifi0007.DBF
P9FN,10P9FN,F,NS,00,76,2,17.03,29,0.00,54.21,68.240000,28.110000,1000.00,cifi0007.DBF
P9FN,10P9FN,F,NS,00,76,3,55.88,92,0.00,94.39,68.240000,28.110000,1000.00,cifi0007.DBF
P9FN,10P9FN,F,NS,00,76,4,94.97,152,0.00,134.59,68.240000,28.110000,1000.00,cifi0007.DBF
P9FN,10P9FN,F,NS,00,76,5,134.23,209,0.00,174.78,68.240000,28.110000,1000.00,cifi0007.DBF
P9FN,10P9FN,F,NS,00,76,6,172.84,263,0.00,214.54,68.240000,28.110000,1000.00,cifi0007.DBF
P9FN,10P9FN,F,NS,00,76,7,210.57,313,0.00,253.36,68.240000,28.110000,1000.00,cifi0007.DBF
P9FN,10P9FN,F,NS,00,76,8,247.82,360,0.00,291.33,68.240000,28.110000,1000.00,cifi0007.DBF
P9FN,10P9FN,F,NS,00,76,9,284.51,404,0.00,328.61,68.240000,28.110000,1000.00,cifi0007.DBF
P9FN,10P9FN,F,NS,00,76,10,320.50,446,0.00,365.11,68.240000,28.110000,1000.00,cifi0007.DBF
P9FN,10P9FN,F,NS,00,76,11,356.70,486,0.00,401.20,68.240000,28.110000,1000.00,cifi0007.DBF
P9FN,10P9FN,F,NS,00,76,12,391.48,523,0.00,436.56,68.240000,28.110000,1000.00,cifi0007.DBF
P9FN,10P9FN,F,NS,00,76,13,425.08,558,0.00,470.51,68.240000,28.110000,1000.00,cifi0007.DBF
P9FN,10P9FN,F,NS,00,76,14,457.64,590,0.00,503.26,68.240000,28.110000,1000.00,cifi0007.DBF
P9FN,10P9FN,F,NS,00,76,15,490.28,621,0.00,535.43,68.240000,28.110000,1000.00,cifi0007.DBF
P9FN,10P9FN,F,NS,00,76,16,526.50,655,0.00,569.22,68.240000,28.110000,1000.00,cifi0007.DBF
P9FN,10P9FN,F,NS,00,76,17,564.98,689,0.00,605.64,68.240000,28.110000,1000.00,cifi0007.DBF
P9FN,10P9FN,F,NS,00,76,18,604.91,723,0.00,643.66,68.240000,28.110000,1000.00,cifi0007.DBF
P9FN,10P9FN,F,NS,00,76,19,646.44,757,0.00,682.94,68.240000,28.110000,1000.00,cifi0007.DBF
P9FN,10P9FN,F,NS,00,76,20,690.26,792,0.00,723.86,68.240000,28.110000,1000.00,cifi0007.DBF
P9FN,10P9FN,F,NS,00,76,21,740.15,829,0.00,768.51,68.240000,28.110000,1000.00,cifi0007.DBF
P9FN,10P9FN,F,NS,00,76,22,801.12,873,0.00,820.91,68.240000,28.110000,1000.00,cifi0007.DBF
P9FN,10P9FN,F,NS,00,76,23,884.52,929,0.00,888.52,68.240000,28.110000,1000.00,cifi0007.DBF
P9FN,10P9FN,F,NS,00,77,1,0.00,0,0.00,15.42,0.000000,30.850000,1000.00,cifi0007.DBF
P9FN,10P9FN,F,NS,00,77,2,20.40,34,0.00,57.28,72.710000,30.850000,1000.00,cifi0007.DBF
P9FN,10P9FN,F,NS,00,77,3,60.95,98,0.00,99.16,72.710000,30.850000,1000.00,cifi0007.DBF
P9FN,10P9FN,F,NS,00,77,4,101.70,159,0.00,141.04,72.710000,30.850000,1000.00,cifi0007.DBF
P9FN,10P9FN,F,NS,00,77,5,141.75,216,0.00,182.47,72.710000,30.850000,1000.00,cifi0007.DBF
P9FN,10P9FN,F,NS,00,77,6,180.90,269,0.00,222.91,72.710000,30.850000,1000.00,cifi0007.DBF
P9FN,10P9FN,F,NS,00,77,7,219.55,319,0.00,262.46,72.710000,30.850000,1000.00,cifi0007.DBF
P9FN,10P9FN,F,NS,00,77,8,257.62,366,0.00,301.31,72.710000,30.850000,1000.00,cifi0007.DBF
P9FN,10P9FN,F,NS,00,77,9,294.96,410,0.00,339.34,72.710000,30.850000,1000.00,cifi0007.DBF
P9FN,10P9FN,F,NS,00,77,10,332.53,453,0.00,376.94,72.710000,30.850000,1000.00,cifi0007.DBF
P9FN,10P9FN,F,NS,00,77,11,368.61,493,0.00,413.78,72.710000,30.850000,1000.00,cifi0007.DBF
P9FN,10P9FN,F,NS,00,77,12,403.47,529,0.00,449.14,72.710000,30.850000,1000.00,cifi0007.DBF
P9FN,10P9FN,F,NS,00,77,13,437.26,564,0.00,483.27,72.710000,30.850000,1000.00,cifi0007.DBF
P9FN,10P9FN,F,NS,00,77,14,471.12,597,0.00,516.79,72.710000,30.850000,1000.00,cifi0007.DBF
P9FN,10P9FN,F,NS,00,77,15,508.70,633,0.00,551.99,72.710000,30.850000,1000.00,cifi0007.DBF
P9FN,10P9FN,F,NS,00,77,16,548.63,669,0.00,589.94,72.710000,30.850000,1000.00,cifi0007.DBF
P9FN,10P9FN,F,NS,00,77,17,590.07,705,0.00,629.55,72.710000,30.850000,1000.00,cifi0007.DBF
P9FN,10P9FN,F,NS,00,77,18,633.15,742,0.00,670.47,72.710000,30.850000,1000.00,cifi0007.DBF
P9FN,10P9FN,F,NS,00,77,19,678.62,778,0.00,713.11,72.710000,30.850000,1000.00,cifi0007.DBF
P9FN,10P9FN,F,NS,00,77,20,730.38,819,0.00,759.62,72.710000,30.850000,1000.00,cifi0007.DBF
P9FN,10P9FN,F,NS,00,77,21,793.65,865,0.00,814.21,72.710000,30.850000,1000.00,cifi0007.DBF
P9FN,10P9FN,F,NS,00,77,22,880.18,925,0.00,884.66,72.710000,30.850000,1000.00,cifi0007.DBF
P9FN,10P9FN,F,NS,00,78,1,0.00,0,0.00,16.94,0.000000,33.880000,1000.00,cifi0007.DBF
P9FN,10P9FN,F,NS,00,78,2,24.04,39,0.00,60.65,77.560000,33.880000,1000.00,cifi0007.DBF
P9FN,10P9FN,F,NS,00,78,3,66.39,104,0.00,104.36,77.560000,33.880000,1000.00,cifi0007.DBF
P9FN,10P9FN,F,NS,00,78,4,108.01,164,0.00,147.59,77.560000,33.880000,1000.00,cifi0007.DBF
P9FN,10P9FN,F,NS,00,78,5,148.70,221,0.00,189.80,77.560000,33.880000,1000.00,cifi0007.DBF
P9FN,10P9FN,F,NS,00,78,6,188.87,274,0.00,231.08,77.560000,33.880000,1000.00,cifi0007.DBF
P9FN,10P9FN,F,NS,00,78,7,228.44,325,0.00,271.62,77.560000,33.880000,1000.00,cifi0007.DBF
P9FN,10P9FN,F,NS,00,78,8,267.24,372,0.00,311.31,77.560000,33.880000,1000.00,cifi0007.DBF
P9FN,10P9FN,F,NS,00,78,9,306.29,417,0.00,350.56,77.560000,33.880000,1000.00,cifi0007.DBF
P9FN,10P9FN,F,NS,00,78,10,343.80,459,0.00,389.00,77.560000,33.880000,1000.00,cifi0007.DBF
P9FN,10P9FN,F,NS,00,78,11,380.02,499,0.00,425.92,77.560000,33.880000,1000.00,cifi0007.DBF
P9FN,10P9FN,F,NS,00,78,12,415.14,535,0.00,461.53,77.560000,33.880000,1000.00,cifi0007.DBF
P9FN,10P9FN,F,NS,00,78,13,450.33,571,0.00,496.52,77.560000,33.880000,1000.00,cifi0007.DBF
P9FN,10P9FN,F,NS,00,78,14,489.39,609,0.00,533.26,77.560000,33.880000,1000.00,cifi0007.DBF
P9FN,10P9FN,F,NS,00,78,15,530.89,647,0.00,572.86,77.560000,33.880000,1000.00,cifi0007.DBF
P9FN,10P9FN,F,NS,00,78,16,573.95,686,0.00,614.20,77.560000,33.880000,1000.00,cifi0007.DBF
P9FN,10P9FN,F,NS,00,78,17,618.73,725,0.00,656.92,77.560000,33.880000,1000.00,cifi0007.DBF
P9FN,10P9FN,F,NS,00,78,18,665.98,764,0.00,701.42,77.560000,33.880000,1000.00,cifi0007.DBF
P9FN,10P9FN,F,NS,00,78,19,719.78,807,0.00,749.96,77.560000,33.880000,1000.00,cifi0007.DBF
P9FN,10P9FN,F,NS,00,78,20,785.53,856,0.00,806.94,77.560000,33.880000,1000.00,cifi0007.DBF
P9FN,10P9FN,F,NS,00,78,21,875.47,920,0.00,880.46,77.560000,33.880000,1000.00,cifi0007.DBF
P9FN,10P9FN,F,NS,00,79,1,0.00,0,0.00,18.57,0.000000,37.140000,1000.00,cifi0007.DBF
P9FN,10P9FN,F,NS,00,79,2,27.97,44,0.00,64.28,82.870000,37.140000,1000.00,cifi0007.DBF
P9FN,10P9FN,F,NS,00,79,3,71.31,109,0.00,109.49,82.870000,37.140000,1000.00,cifi0007.DBF
P9FN,10P9FN,F,NS,00,79,4,113.68,169,0.00,153.63,82.870000,37.140000,1000.00,cifi0007.DBF
P9FN,10P9FN,F,NS,00,79,5,155.49,226,0.00,196.80,82.870000,37.140000,1000.00,cifi0007.DBF
P9FN,10P9FN,F,NS,00,79,6,196.69,280,0.00,239.20,82.870000,37.140000,1000.00,cifi0007.DBF
P9FN,10P9FN,F,NS,00,79,7,237.09,330,0.00,280.70,82.870000,37.140000,1000.00,cifi0007.DBF
P9FN,10P9FN,F,NS,00,79,8,277.75,379,0.00,321.74,82.870000,37.140000,1000.00,cifi0007.DBF
P9FN,10P9FN,F,NS,00,79,9,316.80,423,0.00,361.94,82.870000,37.140000,1000.00,cifi0007.DBF
P9FN,10P9FN,F,NS,00,79,10,354.51,465,0.00,400.55,82.870000,37.140000,1000.00,cifi0007.DBF
P9FN,10P9FN,F,NS,00,79,11,391.07,504,0.00,437.79,82.870000,37.140000,1000.00,cifi0007.DBF
P9FN,10P9FN,F,NS,00,79,12,427.72,542,0.00,474.38,82.870000,37.140000,1000.00,cifi0007.DBF
P9FN,10P9FN,F,NS,00,79,13,468.38,583,0.00,512.80,82.870000,37.140000,1000.00,cifi0007.DBF
P9FN,10P9FN,F,NS,00,79,14,511.59,624,0.00,554.21,82.870000,37.140000,1000.00,cifi0007.DBF
P9FN,10P9FN,F,NS,00,79,15,556.42,665,0.00,597.44,82.870000,37.140000,1000.00,cifi0007.DBF
P9FN,10P9FN,F,NS,00,79,16,603.04,706,0.00,642.11,82.870000,37.140000,1000.00,cifi0007.DBF
P9FN,10P9FN,F,NS,00,79,17,652.24,748,0.00,688.64,82.870000,37.140000,1000.00,cifi0007.DBF
P9FN,10P9FN,F,NS,00,79,18,708.26,794,0.00,739.41,82.870000,37.140000,1000.00,cifi0007.DBF
P9FN,10P9FN,F,NS,00,79,19,776.71,847,0.00,798.99,82.870000,37.140000,1000.00,cifi0007.DBF
P9FN,10P9FN,F,NS,00,79,20,870.35,914,0.00,875.87,82.870000,37.140000,1000.00,cifi0007.DBF
