cfic_plan,ql_plan,gender,uwclass,band,issue_age,policy_year,cash_value,pup_ins,term_rsv,mean_rsv,rl_netprem,fy_netprem,death_ben,source_file
HRWG,10HRWG,0,00,00,0,1,0.00,0,0.00,0.14,0.275900,0.275900,1000.00,cifi0007.DBF
HRWG,10HRWG,0,00,00,0,2,0.00,0,3.54,3.57,3.598050,0.275900,1000.00,cifi0007.DBF
HRWG,10HRWG,0,00,00,0,3,0.00,0,7.22,7.18,3.598050,0.275900,1000.00,cifi0007.DBF
HRWG,10HRWG,0,00,00,0,4,0.00,0,11.02,10.92,3.598050,0.275900,1000.00,cifi0007.DBF
HRWG,10HRWG,0,00,00,0,5,0.03,0,14.94,14.78,3.598050,0.275900,1000.00,cifi0007.DBF
HRWG,10HRWG,0,00,00,0,6,3.02,38,19.00,18.77,3.598050,0.275900,1000.00,cifi0007.DBF
HRWG,10HRWG,0,00,00,0,7,6.12,75,23.18,22.89,3.598050,0.275900,1000.00,cifi0007.DBF
HRWG,10HRWG,0,00,00,0,8,9.34,110,27.48,27.13,3.598050,0.275900,1000.00,cifi0007.DBF
HRWG,10HRWG,0,00,00,0,9,12.70,144,31.92,31.50,3.598050,0.275900,1000.00,cifi0007.DBF
HRWG,10HRWG,0,00,00,0,10,16.17,178,36.50,36.01,3.598050,0.275900,1000.00,cifi0007.DBF
HRWG,10HRWG,0,00,00,0,11,19.78,210,41.21,40.65,3.598050,0.275900,1000.00,cifi0007.DBF
HRWG,10HRWG,0,00,00,0,12,23.52,240,46.05,45.43,3.598050,0.275900,1000.00,cifi0007.DBF
HRWG,10HRWG,0,00,00,0,13,27.37,270,51.03,50.34,3.598050,0.275900,1000.00,cifi0007.DBF
HRWG,10HRWG,0,00,00,0,14,31.34,298,56.11,55.37,3.598050,0.275900,1000.00,cifi0007.DBF
HRWG,10HRWG,0,00,00,0,15,35.38,325,61.28,60.49,3.598050,0.275900,1000.00,cifi0007.DBF
HRWG,10HRWG,0,00,00,0,16,39.46,350,66.49,65.68,3.598050,0.275900,1000.00,cifi0007.DBF
HRWG,10HRWG,0,00,00,0,17,43.56,374,71.72,70.91,3.598050,0.275900,1000.00,cifi0007.DBF
HRWG,10HRWG,0,00,00,0,18,47.62,396,76.93,76.12,3.598050,0.275900,1000.00,cifi0007.DBF
HRWG,10HRWG,0,00,00,0,19,51.71,417,82.17,81.35,3.598050,0.275900,1000.00,cifi0007.DBF
HRWG,10HRWG,0,00,00,0,20,55.93,438,87.54,86.66,3.598050,0.275900,1000.00,cifi0007.DBF
HRWG,10HRWG,0,00,00,0,21,60.27,457,93.05,92.09,3.598050,0.275900,1000.00,cifi0007.DBF
HRWG,10HRWG,0,00,00,0,22,64.75,476,98.69,97.67,3.598050,0.275900,1000.00,cifi0007.DBF
HRWG,10HRWG,0,00,00,0,23,69.38,495,104.49,103.39,3.598050,0.275900,1000.00,cifi0007.DBF
HRWG,10HRWG,0,00,00,0,24,74.16,513,110.43,109.26,3.598050,0.275900,1000.00,cifi0007.DBF
HRWG,10HRWG,0,00,00,0,25,79.09,530,116.53,115.28,3.598050,0.275900,1000.00,cifi0007.DBF
HRWG,10HRWG,0,00,00,0,26,84.18,547,122.80,121.46,3.598050,0.275900,1000.00,cifi0007.DBF
HRWG,10HRWG,0,00,00,0,27,89.48,563,129.26,127.83,3.598050,0.275900,1000.00,cifi0007.DBF
HRWG,10HRWG,0,00,00,0,28,94.99,580,135.94,134.40,3.598050,0.275900,1000.00,cifi0007.DBF
HRWG,10HRWG,0,00,00,0,29,100.73,595,142.84,141.19,3.598050,0.275900,1000.00,cifi0007.DBF
HRWG,10HRWG,0,00,00,0,30,106.71,611,149.97,148.20,3.598050,0.275900,1000.00,cifi0007.DBF
HRWG,10HRWG,0,00,00,0,31,112.91,626,157.31,155.44,3.598050,0.275900,1000.00,cifi0007.DBF
HRWG,10HRWG,0,00,00,0,32,119.32,640,164.85,162.88,3.598050,0.275900,1000.00,cifi0007.DBF
HRWG,10HRWG,0,00,00,0,33,125.92,654,172.57,170.51,3.598050,0.275900,1000.00,cifi0007.DBF
HRWG,10HRWG,0,00,00,0,34,132.70,668,180.46,178.32,3.598050,0.275900,1000.00,cifi0007.DBF
HRWG,10HRWG,0,00,00,0,35,139.67,681,188.52,186.29,3.598050,0.275900,1000.00,cifi0007.DBF
HRWG,10HRWG,0,00,00,0,36,146.83,693,196.76,194.44,3.598050,0.275900,1000.00,cifi0007.DBF
HRWG,10HRWG,0,00,00,0,37,154.15,705,205.16,202.76,3.598050,0.275900,1000.00,cifi0007.DBF
HRWG,10HRWG,0,00,00,0,38,161.67,717,213.72,211.24,3.598050,0.275900,1000.00,cifi0007.DBF
HRWG,10HRWG,0,00,00,0,39,169.36,728,222.44,219.88,3.598050,0.275900,1000.00,cifi0007.DBF
HRWG,10HRWG,0,00,00,0,40,177.24,739,231.33,228.69,3.598050,0.275900,1000.00,cifi0007.DBF
HRWG,10HRWG,0,00,00,0,41,185.30,749,240.38,237.66,3.598050,0.275900,1000.00,cifi0007.DBF
HRWG,10HRWG,0,00,00,0,42,193.55,759,249.61,246.80,3.598050,0.275900,1000.00,cifi0007.DBF
HRWG,10HRWG,0,00,00,0,43,202.04,769,259.04,256.12,3.598050,0.275900,1000.00,cifi0007.DBF
HRWG,10HRWG,0,00,00,0,44,210.81,778,268.72,265.68,3.598050,0.275900,1000.00,cifi0007.DBF
HRWG,10HRWG,0,00,00,0,45,219.88,787,278.67,275.50,3.598050,0.275900,1000.00,cifi0007.DBF
HRWG,10HRWG,0,00,00,0,46,229.26,796,288.89,285.58,3.598050,0.275900,1000.00,cifi0007.DBF
HRWG,10HRWG,0,00,00,0,47,238.96,805,299.40,295.95,3.598050,0.275900,1000.00,cifi0007.DBF
HRWG,10HRWG,0,00,00,0,48,249.01,813,310.21,306.60,3.598050,0.275900,1000.00,cifi0007.DBF
HRWG,10HRWG,0,00,00,0,49,259.40,821,321.32,317.56,3.598050,0.275900,1000.00,cifi0007.DBF
HRWG,10HRWG,0,00,00,0,50,270.17,829,332.75,328.83,3.598050,0.275900,1000.00,cifi0007.DBF
HRWG,10HRWG,0,00,00,0,51,281.29,837,344.47,340.41,3.598050,0.275900,1000.00,cifi0007.DBF
HRWG,10HRWG,0,00,00,0,52,292.74,845,356.48,352.27,3.598050,0.275900,1000.00,cifi0007.DBF
HRWG,10HRWG,0,00,00,0,53,304.53,852,368.76,364.41,3.598050,0.275900,1000.00,cifi0007.DBF
HRWG,10HRWG,0,00,00,0,54,316.65,859,381.31,376.83,3.598050,0.275900,1000.00,cifi0007.DBF
HRWG,10HRWG,0,00,00,0,55,329.10,866,394.12,389.51,3.598050,0.275900,1000.00,cifi0007.DBF
HRWG,10HRWG,0,00,00,0,56,341.87,872,407.19,402.46,3.598050,0.275900,1000.00,cifi0007.DBF
HRWG,10HRWG,0,00,00,0,57,354.94,878,420.51,415.65,3.598050,0.275900,1000.00,cifi0007.DBF
HRWG,10HRWG,0,00,00,0,58,368.33,884,434.05,429.08,3.598050,0.275900,1000.00,cifi0007.DBF
HRWG,10HRWG,0,00,00,0,59,382.00,890,447.82,442.73,3.598050,0.275900,1000.00,cifi0007.DBF
HRWG,10HRWG,0,00,00,0,60,395.95,896,461.78,456.60,3.598050,0.275900,1000.00,cifi0007.DBF
HRWG,10HRWG,0,00,00,0,61,410.16,901,475.93,470.66,3.598050,0.275900,1000.00,cifi0007.DBF
HRWG,10HRWG,0,00,00,0,62,424.59,906,490.23,484.88,3.598050,0.275900,1000.00,cifi0007.DBF
HRWG,10HRWG,0,00,00,0,63,439.23,911,504.67,499.25,3.598050,0.275900,1000.00,cifi0007.DBF
HRWG,10HRWG,0,00,00,0,64,454.07,916,519.22,513.74,3.598050,0.275900,1000.00,cifi0007.DBF
HRWG,10HRWG,0,00,00,0,65,469.08,921,533.88,528.35,3.598050,0.275900,1000.00,cifi0007.DBF
HRWG,10HRWG,0,00,00,0,66,484.27,925,548.64,543.06,3.598050,0.275900,1000.00,cifi0007.DBF
HRWG,10HRWG,0,00,00,0,67,499.66,929,563.51,557.87,3.598050,0.275900,1000.00,cifi0007.DBF
HRWG,10HRWG,0,00,00,0,68,515.24,933,578.50,572.80,3.598050,0.275900,1000.00,cifi0007.DBF
HRWG,10HRWG,0,00,00,0,69,531.03,937,593.61,587.85,3.598050,0.275900,1000.00,cifi0007.DBF
HRWG,10HRWG,0,00,00,0,70,547.00,941,608.81,603.01,3.598050,0.275900,1000.00,cifi0007.DBF
HRWG,10HRWG,0,00,00,0,71,563.10,944,624.08,618.24,3.598050,0.275900,1000.00,cifi0007.DBF
HRWG,10HRWG,0,00,00,0,72,579.28,948,639.33,633.50,3.598050,0.275900,1000.00,cifi0007.DBF
HRWG,10HRWG,0,00,00,0,73,595.46,951,654.53,648.73,3.598050,0.275900,1000.00,cifi0007.DBF
HRWG,10HRWG,0,00,00,0,74,611.58,954,669.60,663.87,3.598050,0.275900,1000.00,cifi0007.DBF
HRWG,10HRWG,0,00,00,0,75,627.60,957,684.52,678.86,3.598050,0.275900,1000.00,cifi0007.DBF
HRWG,10HRWG,0,00,00,0,76,643.51,960,699.28,693.70,3.598050,0.275900,1000.00,cifi0007.DBF
HRWG,10HRWG,0,00,00,0,77,659.32,962,713.87,708.37,3.598050,0.275900,1000.00,cifi0007.DBF
HRWG,10HRWG,0,00,00,0,78,675.04,965,728.33,722.90,3.598050,0.275900,1000.00,cifi0007.DBF
HRWG,10HRWG,0,00,00,0,79,690.68,967,742.65,737.29,3.598050,0.275900,1000.00,cifi0007.DBF
HRWG,10HRWG,0,00,00,0,80,706.23,969,756.82,751.54,3.598050,0.275900,1000.00,cifi0007.DBF
HRWG,10HRWG,0,00,00,0,81,721.63,971,770.81,765.61,3.598050,0.275900,1000.00,cifi0007.DBF
HRWG,10HRWG,0,00,00,0,82,736.83,974,784.54,779.48,3.598050,0.275900,1000.00,cifi0007.DBF
HRWG,10HRWG,0,00,00,0,83,751.83,975,798.05,793.10,3.598050,0.275900,1000.00,cifi0007.DBF
HRWG,10HRWG,0,00,00,0,84,766.45,977,811.15,806.40,3.598050,0.275900,1000.00,cifi0007.DBF
HRWG,10HRWG,0,00,00,0,85,780.59,979,823.78,819.27,3.598050,0.275900,1000.00,cifi0007.DBF
HRWG,10HRWG,0,00,00,0,86,794.16,981,835.86,831.62,3.598050,0.275900,1000.00,cifi0007.DBF
HRWG,10HRWG,0,00,00,0,87,807.07,982,847.29,843.37,3.598050,0.275900,1000.00,cifi0007.DBF
HRWG,10HRWG,0,00,00,0,88,819.24,983,858.02,854.46,3.598050,0.275900,1000.00,cifi0007.DBF
HRWG,10HRWG,0,00,00,0,89,830.59,985,867.99,864.81,3.598050,0.275900,1000.00,cifi0007.DBF
HRWG,10HRWG,0,00,00,0,90,841.17,986,877.23,874.41,3.598050,0.275900,1000.00,cifi0007.DBF
HRWG,10HRWG,0,00,00,0,91,851.06,987,885.80,883.31,3.598050,0.275900,1000.00,cifi0007.DBF
HRWG,10HRWG,0,00,00,0,92,860.45,988,893.86,891.63,3.598050,0.275900,1000.00,cifi0007.DBF
HRWG,10HRWG,0,00,00,0,93,869.64,989,901.63,899.54,3.598050,0.275900,1000.00,cifi0007.DBF
HRWG,10HRWG,0,00,00,0,94,879.02,990,909.43,907.33,3.598050,0.275900,1000.00,cifi0007.DBF
HRWG,10HRWG,0,00,00,0,95,889.22,991,917.75,915.39,3.598050,0.275900,1000.00,cifi0007.DBF
HRWG,10HRWG,0,00,00,0,96,901.26,992,927.34,924.34,3.598050,0.275900,1000.00,cifi0007.DBF
HRWG,10HRWG,0,00,00,0,97,915.83,993,938.64,934.79,3.598050,0.275900,1000.00,cifi0007.DBF
HRWG,10HRWG,0,00,00,0,98,934.69,995,952.85,947.55,3.598050,0.275900,1000.00,cifi0007.DBF
HRWG,10HRWG,0,00,00,0,99,960.88,997,972.03,964.24,3.598050,0.275900,1000.00,cifi0007.DBF
HRWG,10HRWG,0,00,00,0,100,1000.00,1000,1000.00,987.82,3.598050,0.275900,1000.00,cifi0007.DBF
HRWG,10HRWG,0,00,00,1,1,0.00,0,0.00,0.08,0.157660,0.157660,1000.00,cifi0007.DBF
HRWG,10HRWG,0,00,00,1,2,0.00,0,3.68,3.70,3.714250,0.157660,1000.00,cifi0007.DBF
HRWG,10HRWG,0,00,00,1,3,0.00,0,7.50,7.45,3.714250,0.157660,1000.00,cifi0007.DBF
HRWG,10HRWG,0,00,00,1,4,0.00,0,11.44,11.33,3.714250,0.157660,1000.00,cifi0007.DBF
HRWG,10HRWG,0,00,00,1,5,0.62,8,15.51,15.33,3.714250,0.157660,1000.00,cifi0007.DBF
HRWG,10HRWG,0,00,00,1,6,3.74,46,19.70,19.46,3.714250,0.157660,1000.00,cifi0007.DBF
HRWG,10HRWG,0,00,00,1,7,6.96,82,24.02,23.72,3.714250,0.157660,1000.00,cifi0007.DBF
HRWG,10HRWG,0,00,00,1,8,10.32,117,28.48,28.10,3.714250,0.157660,1000.00,cifi0007.DBF
HRWG,10HRWG,0,00,00,1,9,13.81,152,33.07,32.63,3.714250,0.157660,1000.00,cifi0007.DBF
HRWG,10HRWG,0,00,00,1,10,17.43,185,37.80,37.29,3.714250,0.157660,1000.00,cifi0007.DBF
HRWG,10HRWG,0,00,00,1,11,21.17,216,42.66,42.08,3.714250,0.157660,1000.00,cifi0007.DBF
HRWG,10HRWG,0,00,00,1,12,25.04,247,47.65,47.01,3.714250,0.157660,1000.00,cifi0007.DBF
HRWG,10HRWG,0,00,00,1,13,29.01,276,52.75,52.06,3.714250,0.157660,1000.00,cifi0007.DBF
HRWG,10HRWG,0,00,00,1,14,33.06,304,57.94,57.20,3.714250,0.157660,1000.00,cifi0007.DBF
HRWG,10HRWG,0,00,00,1,15,37.16,330,63.17,62.41,3.714250,0.157660,1000.00,cifi0007.DBF
HRWG,10HRWG,0,00,00,1,16,41.26,354,68.42,67.65,3.714250,0.157660,1000.00,cifi0007.DBF
HRWG,10HRWG,0,00,00,1,17,45.34,377,73.64,72.89,3.714250,0.157660,1000.00,cifi0007.DBF
HRWG,10HRWG,0,00,00,1,18,49.43,399,78.90,78.13,3.714250,0.157660,1000.00,cifi0007.DBF
HRWG,10HRWG,0,00,00,1,19,53.66,420,84.29,83.46,3.714250,0.157660,1000.00,cifi0007.DBF
HRWG,10HRWG,0,00,00,1,20,58.02,440,89.82,88.91,3.714250,0.157660,1000.00,cifi0007.DBF
HRWG,10HRWG,0,00,00,1,21,62.51,460,95.48,94.51,3.714250,0.157660,1000.00,cifi0007.DBF
HRWG,10HRWG,0,00,00,1,22,67.15,479,101.29,100.25,3.714250,0.157660,1000.00,cifi0007.DBF
HRWG,10HRWG,0,00,00,1,23,71.93,497,107.26,106.13,3.714250,0.157660,1000.00,cifi0007.DBF
HRWG,10HRWG,0,00,00,1,24,76.88,515,113.38,112.18,3.714250,0.157660,1000.00,cifi0007.DBF
HRWG,10HRWG,0,00,00,1,25,81.98,533,119.67,118.39,3.714250,0.157660,1000.00,cifi0007.DBF
HRWG,10HRWG,0,00,00,1,26,87.29,550,126.15,124.77,3.714250,0.157660,1000.00,cifi0007.DBF
HRWG,10HRWG,0,00,00,1,27,92.82,566,132.86,131.36,3.714250,0.157660,1000.00,cifi0007.DBF
HRWG,10HRWG,0,00,00,1,28,98.57,583,139.78,138.18,3.714250,0.157660,1000.00,cifi0007.DBF
HRWG,10HRWG,0,00,00,1,29,104.56,598,146.93,145.22,3.714250,0.157660,1000.00,cifi0007.DBF
HRWG,10HRWG,0,00,00,1,30,110.78,614,154.31,152.48,3.714250,0.157660,1000.00,cifi0007.DBF
HRWG,10HRWG,0,00,00,1,31,117.21,629,161.88,159.95,3.714250,0.157660,1000.00,cifi0007.DBF
HRWG,10HRWG,0,00,00,1,32,123.82,643,169.62,167.60,3.714250,0.157660,1000.00,cifi0007.DBF
HRWG,10HRWG,0,00,00,1,33,130.62,657,177.54,175.44,3.714250,0.157660,1000.00,cifi0007.DBF
HRWG,10HRWG,0,00,00,1,34,137.60,671,185.63,183.44,3.714250,0.157660,1000.00,cifi0007.DBF
HRWG,10HRWG,0,00,00,1,35,144.78,684,193.90,191.62,3.714250,0.157660,1000.00,cifi0007.DBF
HRWG,10HRWG,0,00,00,1,36,152.12,696,202.32,199.97,3.714250,0.157660,1000.00,cifi0007.DBF
HRWG,10HRWG,0,00,00,1,37,159.65,708,210.91,208.47,3.714250,0.157660,1000.00,cifi0007.DBF
HRWG,10HRWG,0,00,00,1,38,167.36,720,219.67,217.15,3.714250,0.157660,1000.00,cifi0007.DBF
HRWG,10HRWG,0,00,00,1,39,175.26,731,228.59,225.98,3.714250,0.157660,1000.00,cifi0007.DBF
HRWG,10HRWG,0,00,00,1,40,183.34,741,237.67,234.99,3.714250,0.157660,1000.00,cifi0007.DBF
HRWG,10HRWG,0,00,00,1,41,191.62,752,246.93,244.16,3.714250,0.157660,1000.00,cifi0007.DBF
HRWG,10HRWG,0,00,00,1,42,200.12,761,256.39,253.52,3.714250,0.157660,1000.00,cifi0007.DBF
HRWG,10HRWG,0,00,00,1,43,208.91,771,266.11,263.11,3.714250,0.157660,1000.00,cifi0007.DBF
HRWG,10HRWG,0,00,00,1,44,218.00,781,276.09,272.96,3.714250,0.157660,1000.00,cifi0007.DBF
HRWG,10HRWG,0,00,00,1,45,227.41,790,286.35,283.08,3.714250,0.157660,1000.00,cifi0007.DBF
HRWG,10HRWG,0,00,00,1,46,237.13,799,296.89,293.48,3.714250,0.157660,1000.00,cifi0007.DBF
HRWG,10HRWG,0,00,00,1,47,247.20,807,307.74,304.17,3.714250,0.157660,1000.00,cifi0007.DBF
HRWG,10HRWG,0,00,00,1,48,257.63,816,318.89,315.17,3.714250,0.157660,1000.00,cifi0007.DBF
HRWG,10HRWG,0,00,00,1,49,268.42,824,330.36,326.48,3.714250,0.157660,1000.00,cifi0007.DBF
HRWG,10HRWG,0,00,00,1,50,279.56,832,342.12,338.10,3.714250,0.157660,1000.00,cifi0007.DBF
HRWG,10HRWG,0,00,00,1,51,291.04,840,354.17,350.00,3.714250,0.157660,1000.00,cifi0007.DBF
HRWG,10HRWG,0,00,00,1,52,302.86,847,366.49,362.19,3.714250,0.157660,1000.00,cifi0007.DBF
HRWG,10HRWG,0,00,00,1,53,315.01,854,379.09,374.65,3.714250,0.157660,1000.00,cifi0007.DBF
HRWG,10HRWG,0,00,00,1,54,327.49,861,391.95,387.38,3.714250,0.157660,1000.00,cifi0007.DBF
HRWG,10HRWG,0,00,00,1,55,340.28,868,405.06,400.36,3.714250,0.157660,1000.00,cifi0007.DBF
HRWG,10HRWG,0,00,00,1,56,353.39,875,418.42,413.60,3.714250,0.157660,1000.00,cifi0007.DBF
HRWG,10HRWG,0,00,00,1,57,366.81,881,432.01,427.08,3.714250,0.157660,1000.00,cifi0007.DBF
HRWG,10HRWG,0,00,00,1,58,380.52,887,445.83,440.78,3.714250,0.157660,1000.00,cifi0007.DBF
HRWG,10HRWG,0,00,00,1,59,394.50,893,459.84,454.69,3.714250,0.157660,1000.00,cifi0007.DBF
HRWG,10HRWG,0,00,00,1,60,408.74,898,474.04,468.80,3.714250,0.157660,1000.00,cifi0007.DBF
HRWG,10HRWG,0,00,00,1,61,423.21,904,488.39,483.07,3.714250,0.157660,1000.00,cifi0007.DBF
HRWG,10HRWG,0,00,00,1,62,437.89,909,502.88,497.49,3.714250,0.157660,1000.00,cifi0007.DBF
HRWG,10HRWG,0,00,00,1,63,452.76,913,517.48,512.04,3.714250,0.157660,1000.00,cifi0007.DBF
HRWG,10HRWG,0,00,00,1,64,467.80,918,532.19,526.70,3.714250,0.157660,1000.00,cifi0007.DBF
HRWG,10HRWG,0,00,00,1,65,483.04,923,547.00,541.45,3.714250,0.157660,1000.00,cifi0007.DBF
HRWG,10HRWG,0,00,00,1,66,498.45,927,561.93,556.32,3.714250,0.157660,1000.00,cifi0007.DBF
HRWG,10HRWG,0,00,00,1,67,514.08,931,576.97,571.30,3.714250,0.157660,1000.00,cifi0007.DBF
HRWG,10HRWG,0,00,00,1,68,529.90,935,592.13,586.41,3.714250,0.157660,1000.00,cifi0007.DBF
HRWG,10HRWG,0,00,00,1,69,545.91,939,607.39,601.62,3.714250,0.157660,1000.00,cifi0007.DBF
HRWG,10HRWG,0,00,00,1,70,562.05,942,622.71,616.91,3.714250,0.157660,1000.00,cifi0007.DBF
HRWG,10HRWG,0,00,00,1,71,578.27,946,638.02,632.22,3.714250,0.157660,1000.00,cifi0007.DBF
HRWG,10HRWG,0,00,00,1,72,594.49,949,653.27,647.50,3.714250,0.157660,1000.00,cifi0007.DBF
HRWG,10HRWG,0,00,00,1,73,610.65,952,668.39,662.69,3.714250,0.157660,1000.00,cifi0007.DBF
HRWG,10HRWG,0,00,00,1,74,626.71,955,683.37,677.74,3.714250,0.157660,1000.00,cifi0007.DBF
HRWG,10HRWG,0,00,00,1,75,642.66,958,698.17,692.63,3.714250,0.157660,1000.00,cifi0007.DBF
HRWG,10HRWG,0,00,00,1,76,658.50,961,712.82,707.35,3.714250,0.157660,1000.00,cifi0007.DBF
HRWG,10HRWG,0,00,00,1,77,674.26,964,727.32,721.93,3.714250,0.157660,1000.00,cifi0007.DBF
HRWG,10HRWG,0,00,00,1,78,689.94,966,741.70,736.37,3.714250,0.157660,1000.00,cifi0007.DBF
HRWG,10HRWG,0,00,00,1,79,705.52,968,755.92,750.67,3.714250,0.157660,1000.00,cifi0007.DBF
HRWG,10HRWG,0,00,00,1,80,720.96,971,769.95,764.79,3.714250,0.157660,1000.00,cifi0007.DBF
HRWG,10HRWG,0,00,00,1,81,736.20,973,783.74,778.70,3.714250,0.157660,1000.00,cifi0007.DBF
HRWG,10HRWG,0,00,00,1,82,751.24,975,797.29,792.37,3.714250,0.157660,1000.00,cifi0007.DBF
HRWG,10HRWG,0,00,00,1,83,765.88,977,810.44,805.72,3.714250,0.157660,1000.00,cifi0007.DBF
HRWG,10HRWG,0,00,00,1,84,780.06,978,823.11,818.63,3.714250,0.157660,1000.00,cifi0007.DBF
HRWG,10HRWG,0,00,00,1,85,793.67,980,835.23,831.03,3.714250,0.157660,1000.00,cifi0007.DBF
HRWG,10HRWG,0,00,00,1,86,806.61,982,846.71,842.83,3.714250,0.157660,1000.00,cifi0007.DBF
HRWG,10HRWG,0,00,00,1,87,818.80,983,857.48,853.95,3.714250,0.157660,1000.00,cifi0007.DBF
HRWG,10HRWG,0,00,00,1,88,830.18,984,867.48,864.33,3.714250,0.157660,1000.00,cifi0007.DBF
HRWG,10HRWG,0,00,00,1,89,840.79,985,876.75,873.97,3.714250,0.157660,1000.00,cifi0007.DBF
HRWG,10HRWG,0,00,00,1,90,850.70,986,885.35,882.90,3.714250,0.157660,1000.00,cifi0007.DBF
HRWG,10HRWG,0,00,00,1,91,860.12,987,893.43,891.25,3.714250,0.157660,1000.00,cifi0007.DBF
HRWG,10HRWG,0,00,00,1,92,869.33,988,901.24,899.20,3.714250,0.157660,1000.00,cifi0007.DBF
HRWG,10HRWG,0,00,00,1,93,878.72,989,909.07,907.01,3.714250,0.157660,1000.00,cifi0007.DBF
HRWG,10HRWG,0,00,00,1,94,888.96,990,917.41,915.10,3.714250,0.157660,1000.00,cifi0007.DBF
HRWG,10HRWG,0,00,00,1,95,901.02,991,927.04,924.09,3.714250,0.157660,1000.00,cifi0007.DBF
HRWG,10HRWG,0,00,00,1,96,915.63,993,938.39,934.57,3.714250,0.157660,1000.00,cifi0007.DBF
HRWG,10HRWG,0,00,00,1,97,934.53,995,952.66,947.38,3.714250,0.157660,1000.00,cifi0007.DBF
HRWG,10HRWG,0,00,00,1,98,960.78,997,971.92,964.14,3.714250,0.157660,1000.00,cifi0007.DBF
HRWG,10HRWG,0,00,00,1,99,1000.00,1000,1000.00,987.82,3.714250,0.157660,1000.00,cifi0007.DBF
HRWG,10HRWG,0,00,00,2,1,0.00,0,0.00,0.07,0.137950,0.137950,1000.00,cifi0007.DBF
HRWG,10HRWG,0,00,00,2,2,0.00,0,3.83,3.83,3.835480,0.137950,1000.00,cifi0007.DBF
HRWG,10HRWG,0,00,00,2,3,0.00,0,7.78,7.72,3.835480,0.137950,1000.00,cifi0007.DBF
HRWG,10HRWG,0,00,00,2,4,0.00,0,11.87,11.74,3.835480,0.137950,1000.00,cifi0007.DBF
HRWG,10HRWG,0,00,00,2,5,1.12,14,16.07,15.89,3.835480,0.137950,1000.00,cifi0007.DBF
HRWG,10HRWG,0,00,00,2,6,4.36,51,20.41,20.16,3.835480,0.137950,1000.00,cifi0007.DBF
HRWG,10HRWG,0,00,00,2,7,7.73,88,24.88,24.56,3.835480,0.137950,1000.00,cifi0007.DBF
HRWG,10HRWG,0,00,00,2,8,11.22,123,29.49,29.10,3.835480,0.137950,1000.00,cifi0007.DBF
HRWG,10HRWG,0,00,00,2,9,14.85,157,34.24,33.78,3.835480,0.137950,1000.00,cifi0007.DBF
HRWG,10HRWG,0,00,00,2,10,18.60,190,39.12,38.59,3.835480,0.137950,1000.00,cifi0007.DBF
HRWG,10HRWG,0,00,00,2,11,22.48,222,44.12,43.54,3.835480,0.137950,1000.00,cifi0007.DBF
HRWG,10HRWG,0,00,00,2,12,26.46,252,49.24,48.60,3.835480,0.137950,1000.00,cifi0007.DBF
HRWG,10HRWG,0,00,00,2,13,30.53,280,54.45,53.77,3.835480,0.137950,1000.00,cifi0007.DBF
HRWG,10HRWG,0,00,00,2,14,34.63,308,59.70,58.99,3.835480,0.137950,1000.00,cifi0007.DBF
HRWG,10HRWG,0,00,00,2,15,38.74,333,64.97,64.25,3.835480,0.137950,1000.00,cifi0007.DBF
HRWG,10HRWG,0,00,00,2,16,42.83,356,70.21,69.51,3.835480,0.137950,1000.00,cifi0007.DBF
HRWG,10HRWG,0,00,00,2,17,46.94,379,75.49,74.77,3.835480,0.137950,1000.00,cifi0007.DBF
HRWG,10HRWG,0,00,00,2,18,51.18,400,80.90,80.12,3.835480,0.137950,1000.00,cifi0007.DBF
HRWG,10HRWG,0,00,00,2,19,55.54,421,86.45,85.59,3.835480,0.137950,1000.00,cifi0007.DBF
HRWG,10HRWG,0,00,00,2,20,60.05,442,92.13,91.21,3.835480,0.137950,1000.00,cifi0007.DBF
HRWG,10HRWG,0,00,00,2,21,64.70,461,97.97,96.97,3.835480,0.137950,1000.00,cifi0007.DBF
HRWG,10HRWG,0,00,00,2,22,69.50,480,103.95,102.88,3.835480,0.137950,1000.00,cifi0007.DBF
HRWG,10HRWG,0,00,00,2,23,74.45,499,110.10,108.94,3.835480,0.137950,1000.00,cifi0007.DBF
HRWG,10HRWG,0,00,00,2,24,79.57,517,116.41,115.17,3.835480,0.137950,1000.00,cifi0007.DBF
HRWG,10HRWG,0,00,00,2,25,84.89,535,122.92,121.58,3.835480,0.137950,1000.00,cifi0007.DBF
HRWG,10HRWG,0,00,00,2,26,90.43,552,129.64,128.20,3.835480,0.137950,1000.00,cifi0007.DBF
HRWG,10HRWG,0,00,00,2,27,96.21,569,136.60,135.04,3.835480,0.137950,1000.00,cifi0007.DBF
HRWG,10HRWG,0,00,00,2,28,102.21,585,143.77,142.10,3.835480,0.137950,1000.00,cifi0007.DBF
HRWG,10HRWG,0,00,00,2,29,108.45,601,151.17,149.39,3.835480,0.137950,1000.00,cifi0007.DBF
HRWG,10HRWG,0,00,00,2,30,114.89,616,158.77,156.89,3.835480,0.137950,1000.00,cifi0007.DBF
HRWG,10HRWG,0,00,00,2,31,121.52,631,166.54,164.57,3.835480,0.137950,1000.00,cifi0007.DBF
HRWG,10HRWG,0,00,00,2,32,128.34,646,174.49,172.43,3.835480,0.137950,1000.00,cifi0007.DBF
HRWG,10HRWG,0,00,00,2,33,135.34,660,182.61,180.46,3.835480,0.137950,1000.00,cifi0007.DBF
HRWG,10HRWG,0,00,00,2,34,142.53,673,190.91,188.67,3.835480,0.137950,1000.00,cifi0007.DBF
HRWG,10HRWG,0,00,00,2,35,149.90,686,199.36,197.05,3.835480,0.137950,1000.00,cifi0007.DBF
HRWG,10HRWG,0,00,00,2,36,157.45,698,207.98,205.59,3.835480,0.137950,1000.00,cifi0007.DBF
HRWG,10HRWG,0,00,00,2,37,165.18,710,216.77,214.29,3.835480,0.137950,1000.00,cifi0007.DBF
HRWG,10HRWG,0,00,00,2,38,173.10,722,225.72,223.16,3.835480,0.137950,1000.00,cifi0007.DBF
HRWG,10HRWG,0,00,00,2,39,181.20,733,234.84,232.20,3.835480,0.137950,1000.00,cifi0007.DBF
HRWG,10HRWG,0,00,00,2,40,189.50,743,244.13,241.40,3.835480,0.137950,1000.00,cifi0007.DBF
HRWG,10HRWG,0,00,00,2,41,198.02,754,253.62,250.80,3.835480,0.137950,1000.00,cifi0007.DBF
HRWG,10HRWG,0,00,00,2,42,206.84,764,263.38,260.42,3.835480,0.137950,1000.00,cifi0007.DBF
HRWG,10HRWG,0,00,00,2,43,215.95,773,273.40,270.31,3.835480,0.137950,1000.00,cifi0007.DBF
HRWG,10HRWG,0,00,00,2,44,225.38,783,283.70,280.47,3.835480,0.137950,1000.00,cifi0007.DBF
HRWG,10HRWG,0,00,00,2,45,235.13,792,294.28,290.90,3.835480,0.137950,1000.00,cifi0007.DBF
HRWG,10HRWG,0,00,00,2,46,245.23,801,305.16,301.64,3.835480,0.137950,1000.00,cifi0007.DBF
HRWG,10HRWG,0,00,00,2,47,255.68,810,316.35,312.67,3.835480,0.137950,1000.00,cifi0007.DBF
HRWG,10HRWG,0,00,00,2,48,266.50,818,327.86,324.02,3.835480,0.137950,1000.00,cifi0007.DBF
HRWG,10HRWG,0,00,00,2,49,277.67,826,339.67,335.68,3.835480,0.137950,1000.00,cifi0007.DBF
HRWG,10HRWG,0,00,00,2,50,289.18,834,351.76,347.63,3.835480,0.137950,1000.00,cifi0007.DBF
HRWG,10HRWG,0,00,00,2,51,301.03,842,364.13,359.86,3.835480,0.137950,1000.00,cifi0007.DBF
HRWG,10HRWG,0,00,00,2,52,313.21,850,376.77,372.37,3.835480,0.137950,1000.00,cifi0007.DBF
HRWG,10HRWG,0,00,00,2,53,325.72,857,389.68,385.14,3.835480,0.137950,1000.00,cifi0007.DBF
HRWG,10HRWG,0,00,00,2,54,338.55,864,402.84,398.18,3.835480,0.137950,1000.00,cifi0007.DBF
HRWG,10HRWG,0,00,00,2,55,351.70,870,416.25,411.46,3.835480,0.137950,1000.00,cifi0007.DBF
HRWG,10HRWG,0,00,00,2,56,365.15,877,429.89,424.99,3.835480,0.137950,1000.00,cifi0007.DBF
HRWG,10HRWG,0,00,00,2,57,378.89,883,443.76,438.74,3.835480,0.137950,1000.00,cifi0007.DBF
HRWG,10HRWG,0,00,00,2,58,392.91,889,457.82,452.71,3.835480,0.137950,1000.00,cifi0007.DBF
HRWG,10HRWG,0,00,00,2,59,407.19,895,472.07,466.86,3.835480,0.137950,1000.00,cifi0007.DBF
HRWG,10HRWG,0,00,00,2,60,421.69,900,486.47,481.19,3.835480,0.137950,1000.00,cifi0007.DBF
HRWG,10HRWG,0,00,00,2,61,436.41,906,501.02,495.66,3.835480,0.137950,1000.00,cifi0007.DBF
HRWG,10HRWG,0,00,00,2,62,451.32,911,515.67,510.26,3.835480,0.137950,1000.00,cifi0007.DBF
HRWG,10HRWG,0,00,00,2,63,466.41,915,530.43,524.97,3.835480,0.137950,1000.00,cifi0007.DBF
HRWG,10HRWG,0,00,00,2,64,481.68,920,545.30,539.78,3.835480,0.137950,1000.00,cifi0007.DBF
HRWG,10HRWG,0,00,00,2,65,497.14,924,560.28,554.71,3.835480,0.137950,1000.00,cifi0007.DBF
HRWG,10HRWG,0,00,00,2,66,512.80,929,575.37,569.74,3.835480,0.137950,1000.00,cifi0007.DBF
HRWG,10HRWG,0,00,00,2,67,528.67,933,590.59,584.90,3.835480,0.137950,1000.00,cifi0007.DBF
HRWG,10HRWG,0,00,00,2,68,544.72,937,605.91,600.16,3.835480,0.137950,1000.00,cifi0007.DBF
HRWG,10HRWG,0,00,00,2,69,560.90,941,621.28,615.51,3.835480,0.137950,1000.00,cifi0007.DBF
HRWG,10HRWG,0,00,00,2,70,577.16,944,636.65,630.88,3.835480,0.137950,1000.00,cifi0007.DBF
HRWG,10HRWG,0,00,00,2,71,593.42,948,651.95,646.22,3.835480,0.137950,1000.00,cifi0007.DBF
HRWG,10HRWG,0,00,00,2,72,609.62,951,667.13,661.46,3.835480,0.137950,1000.00,cifi0007.DBF
HRWG,10HRWG,0,00,00,2,73,625.73,954,682.16,676.56,3.835480,0.137950,1000.00,cifi0007.DBF
HRWG,10HRWG,0,00,00,2,74,641.72,957,697.02,691.51,3.835480,0.137950,1000.00,cifi0007.DBF
HRWG,10HRWG,0,00,00,2,75,657.60,960,711.72,706.29,3.835480,0.137950,1000.00,cifi0007.DBF
HRWG,10HRWG,0,00,00,2,76,673.40,962,726.28,720.92,3.835480,0.137950,1000.00,cifi0007.DBF
HRWG,10HRWG,0,00,00,2,77,689.13,965,740.70,735.41,3.835480,0.137950,1000.00,cifi0007.DBF
HRWG,10HRWG,0,00,00,2,78,704.75,967,754.98,749.76,3.835480,0.137950,1000.00,cifi0007.DBF
HRWG,10HRWG,0,00,00,2,79,720.23,970,769.06,763.94,3.835480,0.137950,1000.00,cifi0007.DBF
HRWG,10HRWG,0,00,00,2,80,735.50,972,782.90,777.90,3.835480,0.137950,1000.00,cifi0007.DBF
HRWG,10HRWG,0,00,00,2,81,750.58,974,796.50,791.62,3.835480,0.137950,1000.00,cifi0007.DBF
HRWG,10HRWG,0,00,00,2,82,765.27,976,809.70,805.02,3.835480,0.137950,1000.00,cifi0007.DBF
HRWG,10HRWG,0,00,00,2,83,779.48,978,822.41,817.97,3.835480,0.137950,1000.00,cifi0007.DBF
HRWG,10HRWG,0,00,00,2,84,793.13,979,834.58,830.41,3.835480,0.137950,1000.00,cifi0007.DBF
HRWG,10HRWG,0,00,00,2,85,806.10,981,846.10,842.25,3.835480,0.137950,1000.00,cifi0007.DBF
HRWG,10HRWG,0,00,00,2,86,818.33,982,856.90,853.42,3.835480,0.137950,1000.00,cifi0007.DBF
HRWG,10HRWG,0,00,00,2,87,829.73,984,866.94,863.84,3.835480,0.137950,1000.00,cifi0007.DBF
HRWG,10HRWG,0,00,00,2,88,840.37,985,876.24,873.51,3.835480,0.137950,1000.00,cifi0007.DBF
HRWG,10HRWG,0,00,00,2,89,850.31,986,884.88,882.48,3.835480,0.137950,1000.00,cifi0007.DBF
HRWG,10HRWG,0,00,00,2,90,859.75,987,893.00,890.86,3.835480,0.137950,1000.00,cifi0007.DBF
HRWG,10HRWG,0,00,00,2,91,868.99,988,900.83,898.83,3.835480,0.137950,1000.00,cifi0007.DBF
HRWG,10HRWG,0,00,00,2,92,878.41,989,908.69,906.68,3.835480,0.137950,1000.00,cifi0007.DBF
HRWG,10HRWG,0,00,00,2,93,888.67,990,917.07,914.80,3.835480,0.137950,1000.00,cifi0007.DBF
HRWG,10HRWG,0,00,00,2,94,900.76,991,926.74,923.82,3.835480,0.137950,1000.00,cifi0007.DBF
HRWG,10HRWG,0,00,00,2,95,915.41,993,938.13,934.35,3.835480,0.137950,1000.00,cifi0007.DBF
HRWG,10HRWG,0,00,00,2,96,934.36,994,952.45,947.21,3.835480,0.137950,1000.00,cifi0007.DBF
HRWG,10HRWG,0,00,00,2,97,960.68,997,971.80,964.04,3.835480,0.137950,1000.00,cifi0007.DBF
HRWG,10HRWG,0,00,00,2,98,1000.00,1000,1000.00,987.82,3.835480,0.137950,1000.00,cifi0007.DBF
HRWG,10HRWG,0,00,00,3,1,0.00,0,0.00,0.06,0.118240,0.118240,1000.00,cifi0007.DBF
HRWG,10HRWG,0,00,00,3,2,0.00,0,3.97,3.97,3.961960,0.118240,1000.00,cifi0007.DBF
HRWG,10HRWG,0,00,00,3,3,0.00,0,8.07,8.00,3.961960,0.118240,1000.00,cifi0007.DBF
HRWG,10HRWG,0,00,00,3,4,0.00,0,12.29,12.16,3.961960,0.118240,1000.00,cifi0007.DBF
HRWG,10HRWG,0,00,00,3,5,1.62,19,16.64,16.45,3.961960,0.118240,1000.00,cifi0007.DBF
HRWG,10HRWG,0,00,00,3,6,5.00,57,21.13,20.87,3.961960,0.118240,1000.00,cifi0007.DBF
HRWG,10HRWG,0,00,00,3,7,8.50,93,25.76,25.43,3.961960,0.118240,1000.00,cifi0007.DBF
HRWG,10HRWG,0,00,00,3,8,12.14,129,30.52,30.12,3.961960,0.118240,1000.00,cifi0007.DBF
HRWG,10HRWG,0,00,00,3,9,15.90,162,35.42,34.95,3.961960,0.118240,1000.00,cifi0007.DBF
HRWG,10HRWG,0,00,00,3,10,19.79,195,40.45,39.92,3.961960,0.118240,1000.00,cifi0007.DBF
HRWG,10HRWG,0,00,00,3,11,23.78,226,45.59,45.00,3.961960,0.118240,1000.00,cifi0007.DBF
HRWG,10HRWG,0,00,00,3,12,27.86,256,50.81,50.18,3.961960,0.118240,1000.00,cifi0007.DBF
HRWG,10HRWG,0,00,00,3,13,31.97,284,56.08,55.43,3.961960,0.118240,1000.00,cifi0007.DBF
HRWG,10HRWG,0,00,00,3,14,36.10,310,61.37,60.71,3.961960,0.118240,1000.00,cifi0007.DBF
HRWG,10HRWG,0,00,00,3,15,40.20,335,66.64,65.98,3.961960,0.118240,1000.00,cifi0007.DBF
HRWG,10HRWG,0,00,00,3,16,44.32,358,71.93,71.27,3.961960,0.118240,1000.00,cifi0007.DBF
HRWG,10HRWG,0,00,00,3,17,48.57,380,77.37,76.63,3.961960,0.118240,1000.00,cifi0007.DBF
HRWG,10HRWG,0,00,00,3,18,52.94,402,82.93,82.13,3.961960,0.118240,1000.00,cifi0007.DBF
HRWG,10HRWG,0,00,00,3,19,57.46,423,88.64,87.76,3.961960,0.118240,1000.00,cifi0007.DBF
HRWG,10HRWG,0,00,00,3,20,62.12,443,94.49,93.55,3.961960,0.118240,1000.00,cifi0007.DBF
HRWG,10HRWG,0,00,00,3,21,66.94,463,100.50,99.48,3.961960,0.118240,1000.00,cifi0007.DBF
HRWG,10HRWG,0,00,00,3,22,71.91,482,106.67,105.57,3.961960,0.118240,1000.00,cifi0007.DBF
HRWG,10HRWG,0,00,00,3,23,77.04,501,113.01,111.82,3.961960,0.118240,1000.00,cifi0007.DBF
HRWG,10HRWG,0,00,00,3,24,82.37,519,119.54,118.25,3.961960,0.118240,1000.00,cifi0007.DBF
HRWG,10HRWG,0,00,00,3,25,87.93,536,126.29,124.90,3.961960,0.118240,1000.00,cifi0007.DBF
HRWG,10HRWG,0,00,00,3,26,93.72,554,133.27,131.76,3.961960,0.118240,1000.00,cifi0007.DBF
HRWG,10HRWG,0,00,00,3,27,99.74,571,140.47,138.85,3.961960,0.118240,1000.00,cifi0007.DBF
HRWG,10HRWG,0,00,00,3,28,106.00,587,147.90,146.17,3.961960,0.118240,1000.00,cifi0007.DBF
HRWG,10HRWG,0,00,00,3,29,112.46,603,155.53,153.69,3.961960,0.118240,1000.00,cifi0007.DBF
HRWG,10HRWG,0,00,00,3,30,119.10,619,163.33,161.41,3.961960,0.118240,1000.00,cifi0007.DBF
HRWG,10HRWG,0,00,00,3,31,125.94,634,171.30,169.30,3.961960,0.118240,1000.00,cifi0007.DBF
HRWG,10HRWG,0,00,00,3,32,132.96,648,179.45,177.36,3.961960,0.118240,1000.00,cifi0007.DBF
HRWG,10HRWG,0,00,00,3,33,140.17,662,187.79,185.60,3.961960,0.118240,1000.00,cifi0007.DBF
HRWG,10HRWG,0,00,00,3,34,147.56,675,196.27,194.01,3.961960,0.118240,1000.00,cifi0007.DBF
HRWG,10HRWG,0,00,00,3,35,155.13,688,204.93,202.58,3.961960,0.118240,1000.00,cifi0007.DBF
HRWG,10HRWG,0,00,00,3,36,162.88,700,213.75,211.32,3.961960,0.118240,1000.00,cifi0007.DBF
HRWG,10HRWG,0,00,00,3,37,170.82,712,222.74,220.22,3.961960,0.118240,1000.00,cifi0007.DBF
HRWG,10HRWG,0,00,00,3,38,178.94,723,231.89,229.29,3.961960,0.118240,1000.00,cifi0007.DBF
HRWG,10HRWG,0,00,00,3,39,187.26,734,241.21,238.53,3.961960,0.118240,1000.00,cifi0007.DBF
HRWG,10HRWG,0,00,00,3,40,195.81,745,250.74,247.96,3.961960,0.118240,1000.00,cifi0007.DBF
HRWG,10HRWG,0,00,00,3,41,204.65,755,260.53,257.62,3.961960,0.118240,1000.00,cifi0007.DBF
HRWG,10HRWG,0,00,00,3,42,213.79,766,270.59,267.54,3.961960,0.118240,1000.00,cifi0007.DBF
HRWG,10HRWG,0,00,00,3,43,223.25,775,280.93,277.74,3.961960,0.118240,1000.00,cifi0007.DBF
HRWG,10HRWG,0,00,00,3,44,233.02,785,291.55,288.22,3.961960,0.118240,1000.00,cifi0007.DBF
HRWG,10HRWG,0,00,00,3,45,243.15,794,302.47,298.99,3.961960,0.118240,1000.00,cifi0007.DBF
HRWG,10HRWG,0,00,00,3,46,253.63,803,313.71,310.07,3.961960,0.118240,1000.00,cifi0007.DBF
HRWG,10HRWG,0,00,00,3,47,264.48,812,325.26,321.46,3.961960,0.118240,1000.00,cifi0007.DBF
HRWG,10HRWG,0,00,00,3,48,275.68,820,337.11,333.17,3.961960,0.118240,1000.00,cifi0007.DBF
HRWG,10HRWG,0,00,00,3,49,287.23,829,349.25,345.16,3.961960,0.118240,1000.00,cifi0007.DBF
HRWG,10HRWG,0,00,00,3,50,299.11,837,361.67,357.44,3.961960,0.118240,1000.00,cifi0007.DBF
HRWG,10HRWG,0,00,00,3,51,311.32,844,374.35,369.99,3.961960,0.118240,1000.00,cifi0007.DBF
HRWG,10HRWG,0,00,00,3,52,323.87,852,387.31,382.81,3.961960,0.118240,1000.00,cifi0007.DBF
HRWG,10HRWG,0,00,00,3,53,336.73,859,400.52,395.90,3.961960,0.118240,1000.00,cifi0007.DBF
HRWG,10HRWG,0,00,00,3,54,349.91,866,413.98,409.23,3.961960,0.118240,1000.00,cifi0007.DBF
HRWG,10HRWG,0,00,00,3,55,363.40,873,427.68,422.81,3.961960,0.118240,1000.00,cifi0007.DBF
HRWG,10HRWG,0,00,00,3,56,377.18,879,441.59,436.62,3.961960,0.118240,1000.00,cifi0007.DBF
HRWG,10HRWG,0,00,00,3,57,391.24,885,455.71,450.63,3.961960,0.118240,1000.00,cifi0007.DBF
HRWG,10HRWG,0,00,00,3,58,405.56,891,470.02,464.84,3.961960,0.118240,1000.00,cifi0007.DBF
HRWG,10HRWG,0,00,00,3,59,420.10,897,484.47,479.23,3.961960,0.118240,1000.00,cifi0007.DBF
HRWG,10HRWG,0,00,00,3,60,434.86,902,499.07,493.75,3.961960,0.118240,1000.00,cifi0007.DBF
HRWG,10HRWG,0,00,00,3,61,449.81,908,513.78,508.41,3.961960,0.118240,1000.00,cifi0007.DBF
HRWG,10HRWG,0,00,00,3,62,464.94,913,528.60,523.17,3.961960,0.118240,1000.00,cifi0007.DBF
HRWG,10HRWG,0,00,00,3,63,480.25,917,543.52,538.04,3.961960,0.118240,1000.00,cifi0007.DBF
HRWG,10HRWG,0,00,00,3,64,495.75,922,558.55,553.02,3.961960,0.118240,1000.00,cifi0007.DBF
HRWG,10HRWG,0,00,00,3,65,511.46,926,573.71,568.11,3.961960,0.118240,1000.00,cifi0007.DBF
HRWG,10HRWG,0,00,00,3,66,527.37,931,588.98,583.33,3.961960,0.118240,1000.00,cifi0007.DBF
HRWG,10HRWG,0,00,00,3,67,543.46,935,604.36,598.65,3.961960,0.118240,1000.00,cifi0007.DBF
HRWG,10HRWG,0,00,00,3,68,559.69,939,619.79,614.05,3.961960,0.118240,1000.00,cifi0007.DBF
HRWG,10HRWG,0,00,00,3,69,576.00,942,635.21,629.48,3.961960,0.118240,1000.00,cifi0007.DBF
HRWG,10HRWG,0,00,00,3,70,592.30,946,650.58,644.88,3.961960,0.118240,1000.00,cifi0007.DBF
HRWG,10HRWG,0,00,00,3,71,608.55,949,665.82,660.18,3.961960,0.118240,1000.00,cifi0007.DBF
HRWG,10HRWG,0,00,00,3,72,624.70,952,680.90,675.34,3.961960,0.118240,1000.00,cifi0007.DBF
HRWG,10HRWG,0,00,00,3,73,640.73,955,695.81,690.34,3.961960,0.118240,1000.00,cifi0007.DBF
HRWG,10HRWG,0,00,00,3,74,656.66,958,710.57,705.17,3.961960,0.118240,1000.00,cifi0007.DBF
HRWG,10HRWG,0,00,00,3,75,672.50,961,725.18,719.86,3.961960,0.118240,1000.00,cifi0007.DBF
HRWG,10HRWG,0,00,00,3,76,688.27,964,739.67,734.41,3.961960,0.118240,1000.00,cifi0007.DBF
HRWG,10HRWG,0,00,00,3,77,703.94,966,753.99,748.81,3.961960,0.118240,1000.00,cifi0007.DBF
HRWG,10HRWG,0,00,00,3,78,719.46,969,768.13,763.04,3.961960,0.118240,1000.00,cifi0007.DBF
HRWG,10HRWG,0,00,00,3,79,734.78,971,782.02,777.06,3.961960,0.118240,1000.00,cifi0007.DBF
HRWG,10HRWG,0,00,00,3,80,749.90,973,795.68,790.83,3.961960,0.118240,1000.00,cifi0007.DBF
HRWG,10HRWG,0,00,00,3,81,764.62,975,808.92,804.28,3.961960,0.118240,1000.00,cifi0007.DBF
HRWG,10HRWG,0,00,00,3,82,778.88,977,821.69,817.28,3.961960,0.118240,1000.00,cifi0007.DBF
HRWG,10HRWG,0,00,00,3,83,792.56,979,833.90,829.77,3.961960,0.118240,1000.00,cifi0007.DBF
HRWG,10HRWG,0,00,00,3,84,805.57,980,845.46,841.66,3.961960,0.118240,1000.00,cifi0007.DBF
HRWG,10HRWG,0,00,00,3,85,817.83,982,856.31,852.86,3.961960,0.118240,1000.00,cifi0007.DBF
HRWG,10HRWG,0,00,00,3,86,829.27,983,866.38,863.33,3.961960,0.118240,1000.00,cifi0007.DBF
HRWG,10HRWG,0,00,00,3,87,839.93,984,875.72,873.03,3.961960,0.118240,1000.00,cifi0007.DBF
HRWG,10HRWG,0,00,00,3,88,849.90,986,884.39,882.04,3.961960,0.118240,1000.00,cifi0007.DBF
HRWG,10HRWG,0,00,00,3,89,859.36,987,892.54,890.45,3.961960,0.118240,1000.00,cifi0007.DBF
HRWG,10HRWG,0,00,00,3,90,868.62,988,900.41,898.45,3.961960,0.118240,1000.00,cifi0007.DBF
HRWG,10HRWG,0,00,00,3,91,878.07,989,908.29,906.33,3.961960,0.118240,1000.00,cifi0007.DBF
HRWG,10HRWG,0,00,00,3,92,888.36,990,916.71,914.48,3.961960,0.118240,1000.00,cifi0007.DBF
HRWG,10HRWG,0,00,00,3,93,900.49,991,926.41,923.54,3.961960,0.118240,1000.00,cifi0007.DBF
HRWG,10HRWG,0,00,00,3,94,915.18,992,937.85,934.11,3.961960,0.118240,1000.00,cifi0007.DBF
HRWG,10HRWG,0,00,00,3,95,934.18,994,952.24,947.03,3.961960,0.118240,1000.00,cifi0007.DBF
HRWG,10HRWG,0,00,00,3,96,960.57,997,971.67,963.94,3.961960,0.118240,1000.00,cifi0007.DBF
HRWG,10HRWG,0,00,00,3,97,1000.00,1000,1000.00,987.82,3.961960,0.118240,1000.00,cifi0007.DBF
HRWG,10HRWG,0,00,00,4,1,0.00,0,0.00,0.05,0.108390,0.108390,1000.00,cifi0007.DBF
HRWG,10HRWG,0,00,00,4,2,0.00,0,4.12,4.10,4.093590,0.108390,1000.00,cifi0007.DBF
HRWG,10HRWG,0,00,00,4,3,0.00,0,8.35,8.28,4.093590,0.108390,1000.00,cifi0007.DBF
HRWG,10HRWG,0,00,00,4,4,0.00,0,12.72,12.58,4.093590,0.108390,1000.00,cifi0007.DBF
HRWG,10HRWG,0,00,00,4,5,2.13,24,17.23,17.02,4.093590,0.108390,1000.00,cifi0007.DBF
HRWG,10HRWG,0,00,00,4,6,5.64,62,21.87,21.60,4.093590,0.108390,1000.00,cifi0007.DBF
HRWG,10HRWG,0,00,00,4,7,9.29,98,26.66,26.31,4.093590,0.108390,1000.00,cifi0007.DBF
HRWG,10HRWG,0,00,00,4,8,13.06,133,31.57,31.16,4.093590,0.108390,1000.00,cifi0007.DBF
HRWG,10HRWG,0,00,00,4,9,16.96,167,36.62,36.14,4.093590,0.108390,1000.00,cifi0007.DBF
HRWG,10HRWG,0,00,00,4,10,20.97,199,41.78,41.25,4.093590,0.108390,1000.00,cifi0007.DBF
HRWG,10HRWG,0,00,00,4,11,25.05,230,47.03,46.45,4.093590,0.108390,1000.00,cifi0007.DBF
HRWG,10HRWG,0,00,00,4,12,29.18,259,52.32,51.72,4.093590,0.108390,1000.00,cifi0007.DBF
HRWG,10HRWG,0,00,00,4,13,33.32,286,57.63,57.02,4.093590,0.108390,1000.00,cifi0007.DBF
HRWG,10HRWG,0,00,00,4,14,37.43,312,62.91,62.32,4.093590,0.108390,1000.00,cifi0007.DBF
HRWG,10HRWG,0,00,00,4,15,41.56,335,68.23,67.62,4.093590,0.108390,1000.00,cifi0007.DBF
HRWG,10HRWG,0,00,00,4,16,45.82,359,73.69,73.01,4.093590,0.108390,1000.00,cifi0007.DBF
HRWG,10HRWG,0,00,00,4,17,50.21,381,79.27,78.52,4.093590,0.108390,1000.00,cifi0007.DBF
HRWG,10HRWG,0,00,00,4,18,54.74,403,85.00,84.18,4.093590,0.108390,1000.00,cifi0007.DBF
HRWG,10HRWG,0,00,00,4,19,59.42,424,90.88,89.99,4.093590,0.108390,1000.00,cifi0007.DBF
HRWG,10HRWG,0,00,00,4,20,64.24,444,96.91,95.94,4.093590,0.108390,1000.00,cifi0007.DBF
HRWG,10HRWG,0,00,00,4,21,69.23,464,103.11,102.06,4.093590,0.108390,1000.00,cifi0007.DBF
HRWG,10HRWG,0,00,00,4,22,74.38,483,109.47,108.33,4.093590,0.108390,1000.00,cifi0007.DBF
HRWG,10HRWG,0,00,00,4,23,79.73,502,116.02,114.79,4.093590,0.108390,1000.00,cifi0007.DBF
HRWG,10HRWG,0,00,00,4,24,85.30,520,122.80,121.46,4.093590,0.108390,1000.00,cifi0007.DBF
HRWG,10HRWG,0,00,00,4,25,91.11,538,129.81,128.35,4.093590,0.108390,1000.00,cifi0007.DBF
HRWG,10HRWG,0,00,00,4,26,97.15,556,137.04,135.47,4.093590,0.108390,1000.00,cifi0007.DBF
HRWG,10HRWG,0,00,00,4,27,103.42,573,144.50,142.82,4.093590,0.108390,1000.00,cifi0007.DBF
HRWG,10HRWG,0,00,00,4,28,109.90,590,152.15,150.37,4.093590,0.108390,1000.00,cifi0007.DBF
HRWG,10HRWG,0,00,00,4,29,116.56,606,159.98,158.11,4.093590,0.108390,1000.00,cifi0007.DBF
HRWG,10HRWG,0,00,00,4,30,123.41,621,167.99,166.03,4.093590,0.108390,1000.00,cifi0007.DBF
HRWG,10HRWG,0,00,00,4,31,130.46,636,176.17,174.13,4.093590,0.108390,1000.00,cifi0007.DBF
HRWG,10HRWG,0,00,00,4,32,137.69,650,184.54,182.40,4.093590,0.108390,1000.00,cifi0007.DBF
HRWG,10HRWG,0,00,00,4,33,145.10,664,193.06,190.84,4.093590,0.108390,1000.00,cifi0007.DBF
HRWG,10HRWG,0,00,00,4,34,152.69,677,201.75,199.45,4.093590,0.108390,1000.00,cifi0007.DBF
HRWG,10HRWG,0,00,00,4,35,160.47,690,210.60,208.22,4.093590,0.108390,1000.00,cifi0007.DBF
HRWG,10HRWG,0,00,00,4,36,168.43,702,219.62,217.16,4.093590,0.108390,1000.00,cifi0007.DBF
HRWG,10HRWG,0,00,00,4,37,176.57,714,228.81,226.26,4.093590,0.108390,1000.00,cifi0007.DBF
HRWG,10HRWG,0,00,00,4,38,184.92,725,238.17,235.54,4.093590,0.108390,1000.00,cifi0007.DBF
HRWG,10HRWG,0,00,00,4,39,193.49,736,247.74,245.00,4.093590,0.108390,1000.00,cifi0007.DBF
HRWG,10HRWG,0,00,00,4,40,202.36,747,257.57,254.70,4.093590,0.108390,1000.00,cifi0007.DBF
HRWG,10HRWG,0,00,00,4,41,211.53,757,267.67,264.67,4.093590,0.108390,1000.00,cifi0007.DBF
HRWG,10HRWG,0,00,00,4,42,221.01,768,278.04,274.90,4.093590,0.108390,1000.00,cifi0007.DBF
HRWG,10HRWG,0,00,00,4,43,230.81,777,288.71,285.42,4.093590,0.108390,1000.00,cifi0007.DBF
HRWG,10HRWG,0,00,00,4,44,240.96,787,299.67,296.24,4.093590,0.108390,1000.00,cifi0007.DBF
HRWG,10HRWG,0,00,00,4,45,251.48,796,310.95,307.36,4.093590,0.108390,1000.00,cifi0007.DBF
HRWG,10HRWG,0,00,00,4,46,262.36,805,322.55,318.80,4.093590,0.108390,1000.00,cifi0007.DBF
HRWG,10HRWG,0,00,00,4,47,273.59,814,334.45,330.55,4.093590,0.108390,1000.00,cifi0007.DBF
HRWG,10HRWG,0,00,00,4,48,285.17,823,346.64,342.59,4.093590,0.108390,1000.00,cifi0007.DBF
HRWG,10HRWG,0,00,00,4,49,297.08,831,359.10,354.92,4.093590,0.108390,1000.00,cifi0007.DBF
HRWG,10HRWG,0,00,00,4,50,309.33,839,371.84,367.52,4.093590,0.108390,1000.00,cifi0007.DBF
HRWG,10HRWG,0,00,00,4,51,321.92,847,384.85,380.39,4.093590,0.108390,1000.00,cifi0007.DBF
HRWG,10HRWG,0,00,00,4,52,334.82,854,398.11,393.53,4.093590,0.108390,1000.00,cifi0007.DBF
HRWG,10HRWG,0,00,00,4,53,348.04,861,411.62,406.91,4.093590,0.108390,1000.00,cifi0007.DBF
HRWG,10HRWG,0,00,00,4,54,361.56,868,425.37,420.54,4.093590,0.108390,1000.00,cifi0007.DBF
HRWG,10HRWG,0,00,00,4,55,375.39,875,439.34,434.40,4.093590,0.108390,1000.00,cifi0007.DBF
HRWG,10HRWG,0,00,00,4,56,389.49,881,453.52,448.48,4.093590,0.108390,1000.00,cifi0007.DBF
HRWG,10HRWG,0,00,00,4,57,403.84,887,467.88,462.74,4.093590,0.108390,1000.00,cifi0007.DBF
HRWG,10HRWG,0,00,00,4,58,418.43,893,482.39,477.18,4.093590,0.108390,1000.00,cifi0007.DBF
HRWG,10HRWG,0,00,00,4,59,433.23,899,497.04,491.76,4.093590,0.108390,1000.00,cifi0007.DBF
HRWG,10HRWG,0,00,00,4,60,448.22,904,511.81,506.48,4.093590,0.108390,1000.00,cifi0007.DBF
HRWG,10HRWG,0,00,00,4,61,463.40,909,526.69,521.30,4.093590,0.108390,1000.00,cifi0007.DBF
HRWG,10HRWG,0,00,00,4,62,478.75,914,541.67,536.23,4.093590,0.108390,1000.00,cifi0007.DBF
HRWG,10HRWG,0,00,00,4,63,494.30,919,556.76,551.26,4.093590,0.108390,1000.00,cifi0007.DBF
HRWG,10HRWG,0,00,00,4,64,510.05,924,571.98,566.42,4.093590,0.108390,1000.00,cifi0007.DBF
HRWG,10HRWG,0,00,00,4,65,526.01,928,587.31,581.69,4.093590,0.108390,1000.00,cifi0007.DBF
HRWG,10HRWG,0,00,00,4,66,542.15,932,602.74,597.07,4.093590,0.108390,1000.00,cifi0007.DBF
HRWG,10HRWG,0,00,00,4,67,558.42,936,618.24,612.54,4.093590,0.108390,1000.00,cifi0007.DBF
HRWG,10HRWG,0,00,00,4,68,574.77,940,633.72,628.03,4.093590,0.108390,1000.00,cifi0007.DBF
HRWG,10HRWG,0,00,00,4,69,591.13,944,649.15,643.48,4.093590,0.108390,1000.00,cifi0007.DBF
HRWG,10HRWG,0,00,00,4,70,607.42,947,664.45,658.84,4.093590,0.108390,1000.00,cifi0007.DBF
HRWG,10HRWG,0,00,00,4,71,623.62,951,679.59,674.06,4.093590,0.108390,1000.00,cifi0007.DBF
HRWG,10HRWG,0,00,00,4,72,639.70,954,694.56,689.12,4.093590,0.108390,1000.00,cifi0007.DBF
HRWG,10HRWG,0,00,00,4,73,655.67,957,709.38,704.02,4.093590,0.108390,1000.00,cifi0007.DBF
HRWG,10HRWG,0,00,00,4,74,671.56,960,724.05,718.76,4.093590,0.108390,1000.00,cifi0007.DBF
HRWG,10HRWG,0,00,00,4,75,687.37,962,738.59,733.36,4.093590,0.108390,1000.00,cifi0007.DBF
HRWG,10HRWG,0,00,00,4,76,703.08,965,752.97,747.82,4.093590,0.108390,1000.00,cifi0007.DBF
HRWG,10HRWG,0,00,00,4,77,718.65,967,767.16,762.11,4.093590,0.108390,1000.00,cifi0007.DBF
HRWG,10HRWG,0,00,00,4,78,734.01,970,781.11,776.18,4.093590,0.108390,1000.00,cifi0007.DBF
HRWG,10HRWG,0,00,00,4,79,749.18,972,794.82,790.01,4.093590,0.108390,1000.00,cifi0007.DBF
HRWG,10HRWG,0,00,00,4,80,763.94,974,808.11,803.51,4.093590,0.108390,1000.00,cifi0007.DBF
HRWG,10HRWG,0,00,00,4,81,778.24,976,820.93,816.57,4.093590,0.108390,1000.00,cifi0007.DBF
HRWG,10HRWG,0,00,00,4,82,791.96,978,833.19,829.10,4.093590,0.108390,1000.00,cifi0007.DBF
HRWG,10HRWG,0,00,00,4,83,805.01,980,844.79,841.04,4.093590,0.108390,1000.00,cifi0007.DBF
HRWG,10HRWG,0,00,00,4,84,817.30,981,855.69,852.29,4.093590,0.108390,1000.00,cifi0007.DBF
HRWG,10HRWG,0,00,00,4,85,828.77,983,865.80,862.79,4.093590,0.108390,1000.00,cifi0007.DBF
HRWG,10HRWG,0,00,00,4,86,839.47,984,875.18,872.54,4.093590,0.108390,1000.00,cifi0007.DBF
HRWG,10HRWG,0,00,00,4,87,849.47,985,883.88,881.58,4.093590,0.108390,1000.00,cifi0007.DBF
HRWG,10HRWG,0,00,00,4,88,858.96,986,892.06,890.02,4.093590,0.108390,1000.00,cifi0007.DBF
HRWG,10HRWG,0,00,00,4,89,868.25,987,899.96,898.06,4.093590,0.108390,1000.00,cifi0007.DBF
HRWG,10HRWG,0,00,00,4,90,877.72,988,907.88,905.97,4.093590,0.108390,1000.00,cifi0007.DBF
HRWG,10HRWG,0,00,00,4,91,888.04,989,916.33,914.15,4.093590,0.108390,1000.00,cifi0007.DBF
HRWG,10HRWG,0,00,00,4,92,900.20,991,926.08,923.25,4.093590,0.108390,1000.00,cifi0007.DBF
HRWG,10HRWG,0,00,00,4,93,914.93,992,937.57,933.87,4.093590,0.108390,1000.00,cifi0007.DBF
HRWG,10HRWG,0,00,00,4,94,933.99,994,952.02,946.84,4.093590,0.108390,1000.00,cifi0007.DBF
HRWG,10HRWG,0,00,00,4,95,960.46,996,971.54,963.83,4.093590,0.108390,1000.00,cifi0007.DBF
HRWG,10HRWG,0,00,00,4,96,1000.00,1000,1000.00,987.82,4.093590,0.108390,1000.00,cifi0007.DBF
HRWG,10HRWG,0,00,00,5,1,0.00,0,0.00,0.05,0.098540,0.098540,1000.00,cifi0007.DBF
HRWG,10HRWG,0,00,00,5,2,0.00,0,4.26,4.24,4.230610,0.098540,1000.00,cifi0007.DBF
HRWG,10HRWG,0,00,00,5,3,0.00,0,8.64,8.56,4.230610,0.098540,1000.00,cifi0007.DBF
HRWG,10HRWG,0,00,00,5,4,0.00,0,13.17,13.02,4.230610,0.098540,1000.00,cifi0007.DBF
HRWG,10HRWG,0,00,00,5,5,2.65,29,17.83,17.61,4.230610,0.098540,1000.00,cifi0007.DBF
HRWG,10HRWG,0,00,00,5,6,6.30,67,22.63,22.35,4.230610,0.098540,1000.00,cifi0007.DBF
HRWG,10HRWG,0,00,00,5,7,10.09,103,27.57,27.22,4.230610,0.098540,1000.00,cifi0007.DBF
HRWG,10HRWG,0,00,00,5,8,14.00,138,32.64,32.22,4.230610,0.098540,1000.00,cifi0007.DBF
HRWG,10HRWG,0,00,00,5,9,18.02,171,37.82,37.34,4.230610,0.098540,1000.00,cifi0007.DBF
HRWG,10HRWG,0,00,00,5,10,22.12,203,43.09,42.57,4.230610,0.098540,1000.00,cifi0007.DBF
HRWG,10HRWG,0,00,00,5,11,26.25,233,48.40,47.86,4.230610,0.098540,1000.00,cifi0007.DBF
HRWG,10HRWG,0,00,00,5,12,30.40,261,53.73,53.18,4.230610,0.098540,1000.00,cifi0007.DBF
HRWG,10HRWG,0,00,00,5,13,34.53,287,59.04,58.50,4.230610,0.098540,1000.00,cifi0007.DBF
HRWG,10HRWG,0,00,00,5,14,38.67,312,64.38,63.82,4.230610,0.098540,1000.00,cifi0007.DBF
HRWG,10HRWG,0,00,00,5,15,42.95,336,69.85,69.23,4.230610,0.098540,1000.00,cifi0007.DBF
HRWG,10HRWG,0,00,00,5,16,47.35,359,75.46,74.77,4.230610,0.098540,1000.00,cifi0007.DBF
HRWG,10HRWG,0,00,00,5,17,51.89,382,81.21,80.45,4.230610,0.098540,1000.00,cifi0007.DBF
HRWG,10HRWG,0,00,00,5,18,56.58,403,87.12,86.28,4.230610,0.098540,1000.00,cifi0007.DBF
HRWG,10HRWG,0,00,00,5,19,61.43,425,93.18,92.26,4.230610,0.098540,1000.00,cifi0007.DBF
HRWG,10HRWG,0,00,00,5,20,66.43,445,99.39,98.40,4.230610,0.098540,1000.00,cifi0007.DBF
HRWG,10HRWG,0,00,00,5,21,71.59,465,105.78,104.70,4.230610,0.098540,1000.00,cifi0007.DBF
HRWG,10HRWG,0,00,00,5,22,76.95,485,112.36,111.19,4.230610,0.098540,1000.00,cifi0007.DBF
HRWG,10HRWG,0,00,00,5,23,82.54,504,119.17,117.88,4.230610,0.098540,1000.00,cifi0007.DBF
HRWG,10HRWG,0,00,00,5,24,88.37,522,126.20,124.80,4.230610,0.098540,1000.00,cifi0007.DBF
HRWG,10HRWG,0,00,00,5,25,94.43,540,133.47,131.95,4.230610,0.098540,1000.00,cifi0007.DBF
HRWG,10HRWG,0,00,00,5,26,100.72,558,140.95,139.32,4.230610,0.098540,1000.00,cifi0007.DBF
HRWG,10HRWG,0,00,00,5,27,107.21,575,148.64,146.91,4.230610,0.098540,1000.00,cifi0007.DBF
HRWG,10HRWG,0,00,00,5,28,113.90,592,156.50,154.69,4.230610,0.098540,1000.00,cifi0007.DBF
HRWG,10HRWG,0,00,00,5,29,120.77,608,164.54,162.64,4.230610,0.098540,1000.00,cifi0007.DBF
HRWG,10HRWG,0,00,00,5,30,127.84,623,172.76,170.77,4.230610,0.098540,1000.00,cifi0007.DBF
HRWG,10HRWG,0,00,00,5,31,135.09,638,181.16,179.07,4.230610,0.098540,1000.00,cifi0007.DBF
HRWG,10HRWG,0,00,00,5,32,142.52,652,189.71,187.55,4.230610,0.098540,1000.00,cifi0007.DBF
HRWG,10HRWG,0,00,00,5,33,150.14,666,198.44,196.19,4.230610,0.098540,1000.00,cifi0007.DBF
HRWG,10HRWG,0,00,00,5,34,157.94,679,207.33,205.00,4.230610,0.098540,1000.00,cifi0007.DBF
HRWG,10HRWG,0,00,00,5,35,165.92,692,216.39,213.97,4.230610,0.098540,1000.00,cifi0007.DBF
HRWG,10HRWG,0,00,00,5,36,174.09,704,225.61,223.11,4.230610,0.098540,1000.00,cifi0007.DBF
HRWG,10HRWG,0,00,00,5,37,182.46,716,235.01,232.43,4.230610,0.098540,1000.00,cifi0007.DBF
HRWG,10HRWG,0,00,00,5,38,191.06,727,244.62,241.93,4.230610,0.098540,1000.00,cifi0007.DBF
HRWG,10HRWG,0,00,00,5,39,199.96,738,254.49,251.67,4.230610,0.098540,1000.00,cifi0007.DBF
HRWG,10HRWG,0,00,00,5,40,209.15,749,264.63,261.67,4.230610,0.098540,1000.00,cifi0007.DBF
HRWG,10HRWG,0,00,00,5,41,218.66,759,275.04,271.95,4.230610,0.098540,1000.00,cifi0007.DBF
HRWG,10HRWG,0,00,00,5,42,228.49,770,285.75,282.51,4.230610,0.098540,1000.00,cifi0007.DBF
HRWG,10HRWG,0,00,00,5,43,238.68,780,296.76,293.37,4.230610,0.098540,1000.00,cifi0007.DBF
HRWG,10HRWG,0,00,00,5,44,249.22,789,308.09,304.54,4.230610,0.098540,1000.00,cifi0007.DBF
HRWG,10HRWG,0,00,00,5,45,260.14,799,319.73,316.03,4.230610,0.098540,1000.00,cifi0007.DBF
HRWG,10HRWG,0,00,00,5,46,271.41,808,331.68,327.82,4.230610,0.098540,1000.00,cifi0007.DBF
HRWG,10HRWG,0,00,00,5,47,283.02,817,343.92,339.91,4.230610,0.098540,1000.00,cifi0007.DBF
HRWG,10HRWG,0,00,00,5,48,294.97,825,356.43,352.29,4.230610,0.098540,1000.00,cifi0007.DBF
HRWG,10HRWG,0,00,00,5,49,307.25,833,369.22,364.94,4.230610,0.098540,1000.00,cifi0007.DBF
HRWG,10HRWG,0,00,00,5,50,319.87,841,382.28,377.87,4.230610,0.098540,1000.00,cifi0007.DBF
HRWG,10HRWG,0,00,00,5,51,332.81,849,395.60,391.06,4.230610,0.098540,1000.00,cifi0007.DBF
HRWG,10HRWG,0,00,00,5,52,346.07,856,409.17,404.50,4.230610,0.098540,1000.00,cifi0007.DBF
HRWG,10HRWG,0,00,00,5,53,359.64,864,422.97,418.18,4.230610,0.098540,1000.00,cifi0007.DBF
HRWG,10HRWG,0,00,00,5,54,373.51,871,437.00,432.10,4.230610,0.098540,1000.00,cifi0007.DBF
HRWG,10HRWG,0,00,00,5,55,387.65,877,451.23,446.23,4.230610,0.098540,1000.00,cifi0007.DBF
HRWG,10HRWG,0,00,00,5,56,402.05,883,465.65,460.56,4.230610,0.098540,1000.00,cifi0007.DBF
HRWG,10HRWG,0,00,00,5,57,416.68,890,480.22,475.05,4.230610,0.098540,1000.00,cifi0007.DBF
HRWG,10HRWG,0,00,00,5,58,431.52,895,494.94,489.69,4.230610,0.098540,1000.00,cifi0007.DBF
HRWG,10HRWG,0,00,00,5,59,446.56,901,509.77,504.47,4.230610,0.098540,1000.00,cifi0007.DBF
HRWG,10HRWG,0,00,00,5,60,461.78,906,524.70,519.35,4.230610,0.098540,1000.00,cifi0007.DBF
HRWG,10HRWG,0,00,00,5,61,477.18,911,539.74,534.34,4.230610,0.098540,1000.00,cifi0007.DBF
HRWG,10HRWG,0,00,00,5,62,492.78,916,554.90,549.44,4.230610,0.098540,1000.00,cifi0007.DBF
HRWG,10HRWG,0,00,00,5,63,508.57,921,570.17,564.65,4.230610,0.098540,1000.00,cifi0007.DBF
HRWG,10HRWG,0,00,00,5,64,524.58,926,585.57,579.99,4.230610,0.098540,1000.00,cifi0007.DBF
HRWG,10HRWG,0,00,00,5,65,540.77,930,601.07,595.43,4.230610,0.098540,1000.00,cifi0007.DBF
HRWG,10HRWG,0,00,00,5,66,557.09,934,616.62,610.96,4.230610,0.098540,1000.00,cifi0007.DBF
HRWG,10HRWG,0,00,00,5,67,573.49,938,632.17,626.51,4.230610,0.098540,1000.00,cifi0007.DBF
HRWG,10HRWG,0,00,00,5,68,589.89,942,647.66,642.03,4.230610,0.098540,1000.00,cifi0007.DBF
HRWG,10HRWG,0,00,00,5,69,606.24,946,663.02,657.45,4.230610,0.098540,1000.00,cifi0007.DBF
HRWG,10HRWG,0,00,00,5,70,622.48,949,678.22,672.74,4.230610,0.098540,1000.00,cifi0007.DBF
HRWG,10HRWG,0,00,00,5,71,638.61,952,693.26,687.86,4.230610,0.098540,1000.00,cifi0007.DBF
HRWG,10HRWG,0,00,00,5,72,654.63,955,708.13,702.81,4.230610,0.098540,1000.00,cifi0007.DBF
HRWG,10HRWG,0,00,00,5,73,670.57,958,722.86,717.61,4.230610,0.098540,1000.00,cifi0007.DBF
HRWG,10HRWG,0,00,00,5,74,686.43,961,737.46,732.28,4.230610,0.098540,1000.00,cifi0007.DBF
HRWG,10HRWG,0,00,00,5,75,702.19,964,751.90,746.80,4.230610,0.098540,1000.00,cifi0007.DBF
HRWG,10HRWG,0,00,00,5,76,717.80,966,766.15,761.14,4.230610,0.098540,1000.00,cifi0007.DBF
HRWG,10HRWG,0,00,00,5,77,733.21,969,780.15,775.27,4.230610,0.098540,1000.00,cifi0007.DBF
HRWG,10HRWG,0,00,00,5,78,748.42,971,793.92,789.15,4.230610,0.098540,1000.00,cifi0007.DBF
HRWG,10HRWG,0,00,00,5,79,763.23,973,807.27,802.71,4.230610,0.098540,1000.00,cifi0007.DBF
HRWG,10HRWG,0,00,00,5,80,777.57,975,820.14,815.82,4.230610,0.098540,1000.00,cifi0007.DBF
HRWG,10HRWG,0,00,00,5,81,791.33,977,832.45,828.41,4.230610,0.098540,1000.00,cifi0007.DBF
HRWG,10HRWG,0,00,00,5,82,804.42,979,844.10,840.39,4.230610,0.098540,1000.00,cifi0007.DBF
HRWG,10HRWG,0,00,00,5,83,816.75,980,855.04,851.69,4.230610,0.098540,1000.00,cifi0007.DBF
HRWG,10HRWG,0,00,00,5,84,828.26,982,865.20,862.23,4.230610,0.098540,1000.00,cifi0007.DBF
HRWG,10HRWG,0,00,00,5,85,838.98,983,874.61,872.02,4.230610,0.098540,1000.00,cifi0007.DBF
HRWG,10HRWG,0,00,00,5,86,849.01,984,883.35,881.10,4.230610,0.098540,1000.00,cifi0007.DBF
HRWG,10HRWG,0,00,00,5,87,858.53,986,891.57,889.57,4.230610,0.098540,1000.00,cifi0007.DBF
HRWG,10HRWG,0,00,00,5,88,867.85,987,899.50,897.65,4.230610,0.098540,1000.00,cifi0007.DBF
HRWG,10HRWG,0,00,00,5,89,877.35,988,907.45,905.59,4.230610,0.098540,1000.00,cifi0007.DBF
HRWG,10HRWG,0,00,00,5,90,887.70,989,915.94,913.81,4.230610,0.098540,1000.00,cifi0007.DBF
HRWG,10HRWG,0,00,00,5,91,899.90,990,925.73,922.95,4.230610,0.098540,1000.00,cifi0007.DBF
HRWG,10HRWG,0,00,00,5,92,914.67,992,937.27,933.62,4.230610,0.098540,1000.00,cifi0007.DBF
HRWG,10HRWG,0,00,00,5,93,933.79,994,951.79,946.65,4.230610,0.098540,1000.00,cifi0007.DBF
HRWG,10HRWG,0,00,00,5,94,960.34,996,971.40,963.71,4.230610,0.098540,1000.00,cifi0007.DBF
HRWG,10HRWG,0,00,00,5,95,1000.00,1000,1000.00,987.82,4.230610,0.098540,1000.00,cifi0007.DBF
HRWG,10HRWG,0,00,00,6,1,0.00,0,0.00,0.05,0.098540,0.098540,1000.00,cifi0007.DBF
HRWG,10HRWG,0,00,00,6,2,0.00,0,4.40,4.39,4.372930,0.098540,1000.00,cifi0007.DBF
HRWG,10HRWG,0,00,00,6,3,0.00,0,8.95,8.86,4.372930,0.098540,1000.00,cifi0007.DBF
HRWG,10HRWG,0,00,00,6,4,0.00,0,13.63,13.48,4.372930,0.098540,1000.00,cifi0007.DBF
HRWG,10HRWG,0,00,00,6,5,3.18,34,18.45,18.23,4.372930,0.098540,1000.00,cifi0007.DBF
HRWG,10HRWG,0,00,00,6,6,6.98,71,23.41,23.12,4.372930,0.098540,1000.00,cifi0007.DBF
HRWG,10HRWG,0,00,00,6,7,10.90,107,28.50,28.14,4.372930,0.098540,1000.00,cifi0007.DBF
HRWG,10HRWG,0,00,00,6,8,14.93,142,33.70,33.29,4.372930,0.098540,1000.00,cifi0007.DBF
HRWG,10HRWG,0,00,00,6,9,19.04,175,38.99,38.54,4.372930,0.098540,1000.00,cifi0007.DBF
HRWG,10HRWG,0,00,00,6,10,23.19,206,44.33,43.85,4.372930,0.098540,1000.00,cifi0007.DBF
HRWG,10HRWG,0,00,00,6,11,27.35,235,49.68,49.19,4.372930,0.098540,1000.00,cifi0007.DBF
HRWG,10HRWG,0,00,00,6,12,31.49,262,55.01,54.53,4.372930,0.098540,1000.00,cifi0007.DBF
HRWG,10HRWG,0,00,00,6,13,35.65,288,60.37,59.88,4.372930,0.098540,1000.00,cifi0007.DBF
HRWG,10HRWG,0,00,00,6,14,39.94,312,65.87,65.31,4.372930,0.098540,1000.00,cifi0007.DBF
HRWG,10HRWG,0,00,00,6,15,44.35,336,71.50,70.88,4.372930,0.098540,1000.00,cifi0007.DBF
HRWG,10HRWG,0,00,00,6,16,48.91,360,77.28,76.58,4.372930,0.098540,1000.00,cifi0007.DBF
HRWG,10HRWG,0,00,00,6,17,53.61,382,83.21,82.43,4.372930,0.098540,1000.00,cifi0007.DBF
HRWG,10HRWG,0,00,00,6,18,58.47,404,89.29,88.44,4.372930,0.098540,1000.00,cifi0007.DBF
HRWG,10HRWG,0,00,00,6,19,63.49,425,95.54,94.60,4.372930,0.098540,1000.00,cifi0007.DBF
HRWG,10HRWG,0,00,00,6,20,68.67,446,101.95,100.93,4.372930,0.098540,1000.00,cifi0007.DBF
HRWG,10HRWG,0,00,00,6,21,74.05,466,108.56,107.44,4.372930,0.098540,1000.00,cifi0007.DBF
HRWG,10HRWG,0,00,00,6,22,79.66,486,115.40,114.17,4.372930,0.098540,1000.00,cifi0007.DBF
HRWG,10HRWG,0,00,00,6,23,85.50,505,122.46,121.11,4.372930,0.098540,1000.00,cifi0007.DBF
HRWG,10HRWG,0,00,00,6,24,91.58,524,129.75,128.29,4.372930,0.098540,1000.00,cifi0007.DBF
HRWG,10HRWG,0,00,00,6,25,97.89,542,137.27,135.70,4.372930,0.098540,1000.00,cifi0007.DBF
HRWG,10HRWG,0,00,00,6,26,104.40,560,144.99,143.32,4.372930,0.098540,1000.00,cifi0007.DBF
HRWG,10HRWG,0,00,00,6,27,111.11,577,152.89,151.13,4.372930,0.098540,1000.00,cifi0007.DBF
HRWG,10HRWG,0,00,00,6,28,118.01,594,160.96,159.11,4.372930,0.098540,1000.00,cifi0007.DBF
HRWG,10HRWG,0,00,00,6,29,125.09,610,169.21,167.27,4.372930,0.098540,1000.00,cifi0007.DBF
HRWG,10HRWG,0,00,00,6,30,132.37,625,177.65,175.62,4.372930,0.098540,1000.00,cifi0007.DBF
HRWG,10HRWG,0,00,00,6,31,139.82,640,186.24,184.13,4.372930,0.098540,1000.00,cifi0007.DBF
HRWG,10HRWG,0,00,00,6,32,147.47,654,195.00,192.80,4.372930,0.098540,1000.00,cifi0007.DBF
HRWG,10HRWG,0,00,00,6,33,155.29,668,203.93,201.65,4.372930,0.098540,1000.00,cifi0007.DBF
HRWG,10HRWG,0,00,00,6,34,163.30,681,213.02,210.66,4.372930,0.098540,1000.00,cifi0007.DBF
HRWG,10HRWG,0,00,00,6,35,171.49,693,222.29,219.84,4.372930,0.098540,1000.00,cifi0007.DBF
HRWG,10HRWG,0,00,00,6,36,179.89,706,231.73,229.19,4.372930,0.098540,1000.00,cifi0007.DBF
HRWG,10HRWG,0,00,00,6,37,188.52,717,241.37,238.74,4.372930,0.098540,1000.00,cifi0007.DBF
HRWG,10HRWG,0,00,00,6,38,197.44,729,251.29,248.52,4.372930,0.098540,1000.00,cifi0007.DBF
HRWG,10HRWG,0,00,00,6,39,206.66,740,261.47,258.56,4.372930,0.098540,1000.00,cifi0007.DBF
HRWG,10HRWG,0,00,00,6,40,216.20,751,271.93,268.88,4.372930,0.098540,1000.00,cifi0007.DBF
HRWG,10HRWG,0,00,00,6,41,226.07,761,282.68,279.49,4.372930,0.098540,1000.00,cifi0007.DBF
HRWG,10HRWG,0,00,00,6,42,236.28,772,293.74,290.40,4.372930,0.098540,1000.00,cifi0007.DBF
HRWG,10HRWG,0,00,00,6,43,246.86,782,305.11,301.61,4.372930,0.098540,1000.00,cifi0007.DBF
HRWG,10HRWG,0,00,00,6,44,257.81,791,316.81,313.14,4.372930,0.098540,1000.00,cifi0007.DBF
HRWG,10HRWG,0,00,00,6,45,269.11,801,328.80,324.99,4.372930,0.098540,1000.00,cifi0007.DBF
HRWG,10HRWG,0,00,00,6,46,280.76,810,341.09,337.13,4.372930,0.098540,1000.00,cifi0007.DBF
HRWG,10HRWG,0,00,00,6,47,292.75,819,353.66,349.56,4.372930,0.098540,1000.00,cifi0007.DBF
HRWG,10HRWG,0,00,00,6,48,305.07,827,366.50,362.27,4.372930,0.098540,1000.00,cifi0007.DBF
HRWG,10HRWG,0,00,00,6,49,317.73,836,379.62,375.25,4.372930,0.098540,1000.00,cifi0007.DBF
HRWG,10HRWG,0,00,00,6,50,330.72,844,392.99,388.49,4.372930,0.098540,1000.00,cifi0007.DBF
HRWG,10HRWG,0,00,00,6,51,344.02,851,406.62,401.99,4.372930,0.098540,1000.00,cifi0007.DBF
HRWG,10HRWG,0,00,00,6,52,357.62,859,420.48,415.73,4.372930,0.098540,1000.00,cifi0007.DBF
HRWG,10HRWG,0,00,00,6,53,371.53,866,434.57,429.71,4.372930,0.098540,1000.00,cifi0007.DBF
HRWG,10HRWG,0,00,00,6,54,385.72,873,448.86,443.90,4.372930,0.098540,1000.00,cifi0007.DBF
HRWG,10HRWG,0,00,00,6,55,400.16,879,463.34,458.28,4.372930,0.098540,1000.00,cifi0007.DBF
HRWG,10HRWG,0,00,00,6,56,414.84,886,477.97,472.84,4.372930,0.098540,1000.00,cifi0007.DBF
HRWG,10HRWG,0,00,00,6,57,429.73,892,492.75,487.54,4.372930,0.098540,1000.00,cifi0007.DBF
HRWG,10HRWG,0,00,00,6,58,444.82,897,507.64,502.38,4.372930,0.098540,1000.00,cifi0007.DBF
HRWG,10HRWG,0,00,00,6,59,460.09,903,522.64,517.32,4.372930,0.098540,1000.00,cifi0007.DBF
HRWG,10HRWG,0,00,00,6,60,475.54,908,537.74,532.38,4.372930,0.098540,1000.00,cifi0007.DBF
HRWG,10HRWG,0,00,00,6,61,491.18,913,552.96,547.54,4.372930,0.098540,1000.00,cifi0007.DBF
HRWG,10HRWG,0,00,00,6,62,507.03,918,568.30,562.82,4.372930,0.098540,1000.00,cifi0007.DBF
HRWG,10HRWG,0,00,00,6,63,523.08,923,583.76,578.22,4.372930,0.098540,1000.00,cifi0007.DBF
HRWG,10HRWG,0,00,00,6,64,539.32,927,599.32,593.73,4.372930,0.098540,1000.00,cifi0007.DBF
HRWG,10HRWG,0,00,00,6,65,555.70,932,614.94,609.32,4.372930,0.098540,1000.00,cifi0007.DBF
HRWG,10HRWG,0,00,00,6,66,572.15,936,630.56,624.94,4.372930,0.098540,1000.00,cifi0007.DBF
HRWG,10HRWG,0,00,00,6,67,588.60,940,646.11,640.52,4.372930,0.098540,1000.00,cifi0007.DBF
HRWG,10HRWG,0,00,00,6,68,605.00,944,661.54,656.01,4.372930,0.098540,1000.00,cifi0007.DBF
HRWG,10HRWG,0,00,00,6,69,621.29,947,676.81,671.36,4.372930,0.098540,1000.00,cifi0007.DBF
HRWG,10HRWG,0,00,00,6,70,637.47,951,691.90,686.54,4.372930,0.098540,1000.00,cifi0007.DBF
HRWG,10HRWG,0,00,00,6,71,653.55,954,706.84,701.56,4.372930,0.098540,1000.00,cifi0007.DBF
HRWG,10HRWG,0,00,00,6,72,669.53,957,721.63,716.42,4.372930,0.098540,1000.00,cifi0007.DBF
HRWG,10HRWG,0,00,00,6,73,685.44,960,736.29,731.15,4.372930,0.098540,1000.00,cifi0007.DBF
HRWG,10HRWG,0,00,00,6,74,701.25,962,750.80,745.73,4.372930,0.098540,1000.00,cifi0007.DBF
HRWG,10HRWG,0,00,00,6,75,716.92,965,765.11,760.14,4.372930,0.098540,1000.00,cifi0007.DBF
HRWG,10HRWG,0,00,00,6,76,732.37,968,779.17,774.32,4.372930,0.098540,1000.00,cifi0007.DBF
HRWG,10HRWG,0,00,00,6,77,747.63,970,792.99,788.26,4.372930,0.098540,1000.00,cifi0007.DBF
HRWG,10HRWG,0,00,00,6,78,762.49,972,806.40,801.88,4.372930,0.098540,1000.00,cifi0007.DBF
HRWG,10HRWG,0,00,00,6,79,776.87,974,819.32,815.05,4.372930,0.098540,1000.00,cifi0007.DBF
HRWG,10HRWG,0,00,00,6,80,790.68,976,831.68,827.69,4.372930,0.098540,1000.00,cifi0007.DBF
HRWG,10HRWG,0,00,00,6,81,803.80,978,843.39,839.72,4.372930,0.098540,1000.00,cifi0007.DBF
HRWG,10HRWG,0,00,00,6,82,816.17,980,854.37,851.06,4.372930,0.098540,1000.00,cifi0007.DBF
HRWG,10HRWG,0,00,00,6,83,827.72,981,864.57,861.65,4.372930,0.098540,1000.00,cifi0007.DBF
HRWG,10HRWG,0,00,00,6,84,838.48,983,874.02,871.48,4.372930,0.098540,1000.00,cifi0007.DBF
HRWG,10HRWG,0,00,00,6,85,848.54,984,882.80,880.60,4.372930,0.098540,1000.00,cifi0007.DBF
HRWG,10HRWG,0,00,00,6,86,858.09,985,891.05,889.11,4.372930,0.098540,1000.00,cifi0007.DBF
HRWG,10HRWG,0,00,00,6,87,867.43,986,899.02,897.22,4.372930,0.098540,1000.00,cifi0007.DBF
HRWG,10HRWG,0,00,00,6,88,876.97,987,907.01,905.20,4.372930,0.098540,1000.00,cifi0007.DBF
HRWG,10HRWG,0,00,00,6,89,887.35,989,915.53,913.46,4.372930,0.098540,1000.00,cifi0007.DBF
HRWG,10HRWG,0,00,00,6,90,899.59,990,925.37,922.64,4.372930,0.098540,1000.00,cifi0007.DBF
HRWG,10HRWG,0,00,00,6,91,914.41,992,936.97,933.35,4.372930,0.098540,1000.00,cifi0007.DBF
HRWG,10HRWG,0,00,00,6,92,933.59,994,951.55,946.45,4.372930,0.098540,1000.00,cifi0007.DBF
HRWG,10HRWG,0,00,00,6,93,960.21,996,971.26,963.59,4.372930,0.098540,1000.00,cifi0007.DBF
HRWG,10HRWG,0,00,00,6,94,1000.00,1000,1000.00,987.82,4.372930,0.098540,1000.00,cifi0007.DBF
HRWG,10HRWG,0,00,00,7,1,0.00,0,0.00,0.05,0.098540,0.098540,1000.00,cifi0007.DBF
HRWG,10HRWG,0,00,00,7,2,0.00,0,4.57,4.54,4.520790,0.098540,1000.00,cifi0007.DBF
HRWG,10HRWG,0,00,00,7,3,0.00,0,9.27,9.18,4.520790,0.098540,1000.00,cifi0007.DBF
HRWG,10HRWG,0,00,00,7,4,0.00,0,14.11,13.95,4.520790,0.098540,1000.00,cifi0007.DBF
HRWG,10HRWG,0,00,00,7,5,3.72,38,19.09,18.86,4.520790,0.098540,1000.00,cifi0007.DBF
HRWG,10HRWG,0,00,00,7,6,7.66,75,24.20,23.91,4.520790,0.098540,1000.00,cifi0007.DBF
HRWG,10HRWG,0,00,00,7,7,11.70,111,29.43,29.08,4.520790,0.098540,1000.00,cifi0007.DBF
HRWG,10HRWG,0,00,00,7,8,15.83,145,34.74,34.35,4.520790,0.098540,1000.00,cifi0007.DBF
HRWG,10HRWG,0,00,00,7,9,19.99,178,40.10,39.68,4.520790,0.098540,1000.00,cifi0007.DBF
HRWG,10HRWG,0,00,00,7,10,24.17,208,45.47,45.05,4.520790,0.098540,1000.00,cifi0007.DBF
HRWG,10HRWG,0,00,00,7,11,28.32,236,50.83,50.41,4.520790,0.098540,1000.00,cifi0007.DBF
HRWG,10HRWG,0,00,00,7,12,32.49,262,56.22,55.78,4.520790,0.098540,1000.00,cifi0007.DBF
HRWG,10HRWG,0,00,00,7,13,36.79,288,61.74,61.24,4.520790,0.098540,1000.00,cifi0007.DBF
HRWG,10HRWG,0,00,00,7,14,41.22,313,67.39,66.83,4.520790,0.098540,1000.00,cifi0007.DBF
HRWG,10HRWG,0,00,00,7,15,45.80,337,73.20,72.56,4.520790,0.098540,1000.00,cifi0007.DBF
HRWG,10HRWG,0,00,00,7,16,50.52,360,79.15,78.43,4.520790,0.098540,1000.00,cifi0007.DBF
HRWG,10HRWG,0,00,00,7,17,55.39,383,85.26,84.47,4.520790,0.098540,1000.00,cifi0007.DBF
HRWG,10HRWG,0,00,00,7,18,60.42,405,91.53,90.66,4.520790,0.098540,1000.00,cifi0007.DBF
HRWG,10HRWG,0,00,00,7,19,65.62,426,97.97,97.01,4.520790,0.098540,1000.00,cifi0007.DBF
HRWG,10HRWG,0,00,00,7,20,71.02,447,104.61,103.55,4.520790,0.098540,1000.00,cifi0007.DBF
HRWG,10HRWG,0,00,00,7,21,76.64,468,111.48,110.31,4.520790,0.098540,1000.00,cifi0007.DBF
HRWG,10HRWG,0,00,00,7,22,82.50,488,118.57,117.28,4.520790,0.098540,1000.00,cifi0007.DBF
HRWG,10HRWG,0,00,00,7,23,88.60,507,125.90,124.49,4.520790,0.098540,1000.00,cifi0007.DBF
HRWG,10HRWG,0,00,00,7,24,94.93,526,133.45,131.93,4.520790,0.098540,1000.00,cifi0007.DBF
HRWG,10HRWG,0,00,00,7,25,101.47,544,141.20,139.58,4.520790,0.098540,1000.00,cifi0007.DBF
HRWG,10HRWG,0,00,00,7,26,108.20,562,149.13,147.43,4.520790,0.098540,1000.00,cifi0007.DBF
HRWG,10HRWG,0,00,00,7,27,115.12,579,157.24,155.45,4.520790,0.098540,1000.00,cifi0007.DBF
HRWG,10HRWG,0,00,00,7,28,122.23,596,165.53,163.64,4.520790,0.098540,1000.00,cifi0007.DBF
HRWG,10HRWG,0,00,00,7,29,129.53,612,174.00,172.02,4.520790,0.098540,1000.00,cifi0007.DBF
HRWG,10HRWG,0,00,00,7,30,137.01,627,182.63,180.57,4.520790,0.098540,1000.00,cifi0007.DBF
HRWG,10HRWG,0,00,00,7,31,144.67,642,191.43,189.29,4.520790,0.098540,1000.00,cifi0007.DBF
HRWG,10HRWG,0,00,00,7,32,152.52,656,200.39,198.17,4.520790,0.098540,1000.00,cifi0007.DBF
HRWG,10HRWG,0,00,00,7,33,160.56,669,209.53,207.22,4.520790,0.098540,1000.00,cifi0007.DBF
HRWG,10HRWG,0,00,00,7,34,168.78,682,218.83,216.44,4.520790,0.098540,1000.00,cifi0007.DBF
HRWG,10HRWG,0,00,00,7,35,177.21,695,228.32,225.83,4.520790,0.098540,1000.00,cifi0007.DBF
HRWG,10HRWG,0,00,00,7,36,185.86,707,238.00,235.42,4.520790,0.098540,1000.00,cifi0007.DBF
HRWG,10HRWG,0,00,00,7,37,194.81,719,247.96,245.24,4.520790,0.098540,1000.00,cifi0007.DBF
HRWG,10HRWG,0,00,00,7,38,204.06,731,258.18,255.33,4.520790,0.098540,1000.00,cifi0007.DBF
HRWG,10HRWG,0,00,00,7,39,213.63,742,268.69,265.70,4.520790,0.098540,1000.00,cifi0007.DBF
HRWG,10HRWG,0,00,00,7,40,223.53,753,279.49,276.35,4.520790,0.098540,1000.00,cifi0007.DBF
HRWG,10HRWG,0,00,00,7,41,233.78,764,290.60,287.30,4.520790,0.098540,1000.00,cifi0007.DBF
HRWG,10HRWG,0,00,00,7,42,244.39,774,302.02,298.57,4.520790,0.098540,1000.00,cifi0007.DBF
HRWG,10HRWG,0,00,00,7,43,255.38,784,313.76,310.15,4.520790,0.098540,1000.00,cifi0007.DBF
HRWG,10HRWG,0,00,00,7,44,266.72,794,325.81,322.05,4.520790,0.098540,1000.00,cifi0007.DBF
HRWG,10HRWG,0,00,00,7,45,278.41,803,338.15,334.24,4.520790,0.098540,1000.00,cifi0007.DBF
HRWG,10HRWG,0,00,00,7,46,290.43,812,350.78,346.73,4.520790,0.098540,1000.00,cifi0007.DBF
HRWG,10HRWG,0,00,00,7,47,302.80,821,363.68,359.49,4.520790,0.098540,1000.00,cifi0007.DBF
HRWG,10HRWG,0,00,00,7,48,315.50,830,376.85,372.52,4.520790,0.098540,1000.00,cifi0007.DBF
HRWG,10HRWG,0,00,00,7,49,328.52,838,390.28,385.83,4.520790,0.098540,1000.00,cifi0007.DBF
HRWG,10HRWG,0,00,00,7,50,341.87,846,403.97,399.38,4.520790,0.098540,1000.00,cifi0007.DBF
HRWG,10HRWG,0,00,00,7,51,355.52,854,417.89,413.19,4.520790,0.098540,1000.00,cifi0007.DBF
HRWG,10HRWG,0,00,00,7,52,369.48,861,432.04,427.22,4.520790,0.098540,1000.00,cifi0007.DBF
HRWG,10HRWG,0,00,00,7,53,383.71,868,446.39,441.47,4.520790,0.098540,1000.00,cifi0007.DBF
HRWG,10HRWG,0,00,00,7,54,398.20,875,460.93,455.92,4.520790,0.098540,1000.00,cifi0007.DBF
HRWG,10HRWG,0,00,00,7,55,412.93,882,475.63,470.54,4.520790,0.098540,1000.00,cifi0007.DBF
HRWG,10HRWG,0,00,00,7,56,427.87,888,490.47,485.31,4.520790,0.098540,1000.00,cifi0007.DBF
HRWG,10HRWG,0,00,00,7,57,443.00,894,505.43,500.21,4.520790,0.098540,1000.00,cifi0007.DBF
HRWG,10HRWG,0,00,00,7,58,458.32,900,520.49,515.22,4.520790,0.098540,1000.00,cifi0007.DBF
HRWG,10HRWG,0,00,00,7,59,473.82,905,535.66,530.34,4.520790,0.098540,1000.00,cifi0007.DBF
HRWG,10HRWG,0,00,00,7,60,489.51,910,550.95,545.57,4.520790,0.098540,1000.00,cifi0007.DBF
HRWG,10HRWG,0,00,00,7,61,505.41,915,566.36,560.91,4.520790,0.098540,1000.00,cifi0007.DBF
HRWG,10HRWG,0,00,00,7,62,521.52,920,581.88,576.38,4.520790,0.098540,1000.00,cifi0007.DBF
HRWG,10HRWG,0,00,00,7,63,537.81,925,597.51,591.96,4.520790,0.098540,1000.00,cifi0007.DBF
HRWG,10HRWG,0,00,00,7,64,554.24,929,613.20,607.62,4.520790,0.098540,1000.00,cifi0007.DBF
HRWG,10HRWG,0,00,00,7,65,570.75,934,628.89,623.30,4.520790,0.098540,1000.00,cifi0007.DBF
HRWG,10HRWG,0,00,00,7,66,587.26,938,644.50,638.95,4.520790,0.098540,1000.00,cifi0007.DBF
HRWG,10HRWG,0,00,00,7,67,603.71,942,660.00,654.51,4.520790,0.098540,1000.00,cifi0007.DBF
HRWG,10HRWG,0,00,00,7,68,620.05,945,675.33,669.93,4.520790,0.098540,1000.00,cifi0007.DBF
HRWG,10HRWG,0,00,00,7,69,636.29,949,690.50,685.18,4.520790,0.098540,1000.00,cifi0007.DBF
HRWG,10HRWG,0,00,00,7,70,652.41,952,705.50,700.26,4.520790,0.098540,1000.00,cifi0007.DBF
HRWG,10HRWG,0,00,00,7,71,668.45,955,720.36,715.19,4.520790,0.098540,1000.00,cifi0007.DBF
HRWG,10HRWG,0,00,00,7,72,684.41,958,735.08,729.98,4.520790,0.098540,1000.00,cifi0007.DBF
HRWG,10HRWG,0,00,00,7,73,700.27,961,749.65,744.62,4.520790,0.098540,1000.00,cifi0007.DBF
HRWG,10HRWG,0,00,00,7,74,715.99,964,764.02,759.09,4.520790,0.098540,1000.00,cifi0007.DBF
HRWG,10HRWG,0,00,00,7,75,731.49,966,778.14,773.34,4.520790,0.098540,1000.00,cifi0007.DBF
HRWG,10HRWG,0,00,00,7,76,746.80,969,792.02,787.34,4.520790,0.098540,1000.00,cifi0007.DBF
HRWG,10HRWG,0,00,00,7,77,761.71,971,805.49,801.02,4.520790,0.098540,1000.00,cifi0007.DBF
HRWG,10HRWG,0,00,00,7,78,776.14,973,818.47,814.24,4.520790,0.098540,1000.00,cifi0007.DBF
HRWG,10HRWG,0,00,00,7,79,789.99,975,830.88,826.94,4.520790,0.098540,1000.00,cifi0007.DBF
HRWG,10HRWG,0,00,00,7,80,803.16,977,842.64,839.02,4.520790,0.098540,1000.00,cifi0007.DBF
HRWG,10HRWG,0,00,00,7,81,815.57,979,853.67,850.42,4.520790,0.098540,1000.00,cifi0007.DBF
HRWG,10HRWG,0,00,00,7,82,827.15,981,863.92,861.05,4.520790,0.098540,1000.00,cifi0007.DBF
HRWG,10HRWG,0,00,00,7,83,837.95,982,873.41,870.92,4.520790,0.098540,1000.00,cifi0007.DBF
HRWG,10HRWG,0,00,00,7,84,848.04,983,882.23,880.08,4.520790,0.098540,1000.00,cifi0007.DBF
HRWG,10HRWG,0,00,00,7,85,857.62,985,890.52,888.63,4.520790,0.098540,1000.00,cifi0007.DBF
HRWG,10HRWG,0,00,00,7,86,867.00,986,898.52,896.78,4.520790,0.098540,1000.00,cifi0007.DBF
HRWG,10HRWG,0,00,00,7,87,876.56,987,906.54,904.79,4.520790,0.098540,1000.00,cifi0007.DBF
HRWG,10HRWG,0,00,00,7,88,886.98,988,915.11,913.09,4.520790,0.098540,1000.00,cifi0007.DBF
HRWG,10HRWG,0,00,00,7,89,899.26,990,924.99,922.31,4.520790,0.098540,1000.00,cifi0007.DBF
HRWG,10HRWG,0,00,00,7,90,914.13,991,936.65,933.08,4.520790,0.098540,1000.00,cifi0007.DBF
HRWG,10HRWG,0,00,00,7,91,933.37,993,951.31,946.24,4.520790,0.098540,1000.00,cifi0007.DBF
HRWG,10HRWG,0,00,00,7,92,960.08,996,971.11,963.47,4.520790,0.098540,1000.00,cifi0007.DBF
HRWG,10HRWG,0,00,00,7,93,1000.00,1000,1000.00,987.82,4.520790,0.098540,1000.00,cifi0007.DBF
HRWG,10HRWG,0,00,00,8,1,0.00,0,0.00,0.04,0.088680,0.088680,1000.00,cifi0007.DBF
HRWG,10HRWG,0,00,00,8,2,0.00,0,4.72,4.70,4.674790,0.088680,1000.00,cifi0007.DBF
HRWG,10HRWG,0,00,00,8,3,0.00,0,9.59,9.49,4.674790,0.088680,1000.00,cifi0007.DBF
HRWG,10HRWG,0,00,00,8,4,0.33,3,14.59,14.43,4.674790,0.088680,1000.00,cifi0007.DBF
HRWG,10HRWG,0,00,00,8,5,4.27,42,19.73,19.50,4.674790,0.088680,1000.00,cifi0007.DBF
HRWG,10HRWG,0,00,00,8,6,8.33,79,24.97,24.69,4.674790,0.088680,1000.00,cifi0007.DBF
HRWG,10HRWG,0,00,00,8,7,12.47,115,30.31,29.98,4.674790,0.088680,1000.00,cifi0007.DBF
HRWG,10HRWG,0,00,00,8,8,16.65,148,35.69,35.34,4.674790,0.088680,1000.00,cifi0007.DBF
HRWG,10HRWG,0,00,00,8,9,20.84,179,41.09,40.73,4.674790,0.088680,1000.00,cifi0007.DBF
HRWG,10HRWG,0,00,00,8,10,25.00,208,46.47,46.12,4.674790,0.088680,1000.00,cifi0007.DBF
HRWG,10HRWG,0,00,00,8,11,29.19,236,51.88,51.52,4.674790,0.088680,1000.00,cifi0007.DBF
HRWG,10HRWG,0,00,00,8,12,33.51,262,57.43,56.99,4.674790,0.088680,1000.00,cifi0007.DBF
HRWG,10HRWG,0,00,00,8,13,37.95,288,63.11,62.61,4.674790,0.088680,1000.00,cifi0007.DBF
HRWG,10HRWG,0,00,00,8,14,42.54,313,68.94,68.36,4.674790,0.088680,1000.00,cifi0007.DBF
HRWG,10HRWG,0,00,00,8,15,47.28,337,74.92,74.27,4.674790,0.088680,1000.00,cifi0007.DBF
HRWG,10HRWG,0,00,00,8,16,52.17,361,81.06,80.33,4.674790,0.088680,1000.00,cifi0007.DBF
HRWG,10HRWG,0,00,00,8,17,57.22,383,87.36,86.55,4.674790,0.088680,1000.00,cifi0007.DBF
HRWG,10HRWG,0,00,00,8,18,62.43,406,93.83,92.93,4.674790,0.088680,1000.00,cifi0007.DBF
HRWG,10HRWG,0,00,00,8,19,67.85,427,100.50,99.50,4.674790,0.088680,1000.00,cifi0007.DBF
HRWG,10HRWG,0,00,00,8,20,73.49,448,107.39,106.28,4.674790,0.088680,1000.00,cifi0007.DBF
HRWG,10HRWG,0,00,00,8,21,79.38,469,114.52,113.30,4.674790,0.088680,1000.00,cifi0007.DBF
HRWG,10HRWG,0,00,00,8,22,85.49,489,121.88,120.54,4.674790,0.088680,1000.00,cifi0007.DBF
HRWG,10HRWG,0,00,00,8,23,91.85,509,129.47,128.01,4.674790,0.088680,1000.00,cifi0007.DBF
HRWG,10HRWG,0,00,00,8,24,98.41,528,137.25,135.70,4.674790,0.088680,1000.00,cifi0007.DBF
HRWG,10HRWG,0,00,00,8,25,105.16,546,145.22,143.57,4.674790,0.088680,1000.00,cifi0007.DBF
HRWG,10HRWG,0,00,00,8,26,112.10,564,153.37,151.63,4.674790,0.088680,1000.00,cifi0007.DBF
HRWG,10HRWG,0,00,00,8,27,119.23,581,161.69,159.86,4.674790,0.088680,1000.00,cifi0007.DBF
HRWG,10HRWG,0,00,00,8,28,126.56,598,170.20,168.28,4.674790,0.088680,1000.00,cifi0007.DBF
HRWG,10HRWG,0,00,00,8,29,134.06,613,178.86,176.87,4.674790,0.088680,1000.00,cifi0007.DBF
HRWG,10HRWG,0,00,00,8,30,141.76,629,187.71,185.62,4.674790,0.088680,1000.00,cifi0007.DBF
HRWG,10HRWG,0,00,00,8,31,149.63,643,196.71,194.55,4.674790,0.088680,1000.00,cifi0007.DBF
HRWG,10HRWG,0,00,00,8,32,157.70,657,205.89,203.64,4.674790,0.088680,1000.00,cifi0007.DBF
HRWG,10HRWG,0,00,00,8,33,165.95,671,215.24,212.90,4.674790,0.088680,1000.00,cifi0007.DBF
HRWG,10HRWG,0,00,00,8,34,174.40,684,224.76,222.34,4.674790,0.088680,1000.00,cifi0007.DBF
HRWG,10HRWG,0,00,00,8,35,183.08,697,234.49,231.96,4.674790,0.088680,1000.00,cifi0007.DBF
HRWG,10HRWG,0,00,00,8,36,192.06,709,244.49,241.83,4.674790,0.088680,1000.00,cifi0007.DBF
HRWG,10HRWG,0,00,00,8,37,201.35,721,254.77,251.97,4.674790,0.088680,1000.00,cifi0007.DBF
HRWG,10HRWG,0,00,00,8,38,210.95,733,265.32,262.38,4.674790,0.088680,1000.00,cifi0007.DBF
HRWG,10HRWG,0,00,00,8,39,220.88,744,276.17,273.08,4.674790,0.088680,1000.00,cifi0007.DBF
HRWG,10HRWG,0,00,00,8,40,231.17,755,287.32,284.08,4.674790,0.088680,1000.00,cifi0007.DBF
HRWG,10HRWG,0,00,00,8,41,241.81,766,298.80,295.40,4.674790,0.088680,1000.00,cifi0007.DBF
HRWG,10HRWG,0,00,00,8,42,252.84,776,310.60,307.03,4.674790,0.088680,1000.00,cifi0007.DBF
HRWG,10HRWG,0,00,00,8,43,264.22,786,322.70,318.99,4.674790,0.088680,1000.00,cifi0007.DBF
HRWG,10HRWG,0,00,00,8,44,275.94,796,335.10,331.24,4.674790,0.088680,1000.00,cifi0007.DBF
HRWG,10HRWG,0,00,00,8,45,288.01,806,347.78,343.77,4.674790,0.088680,1000.00,cifi0007.DBF
HRWG,10HRWG,0,00,00,8,46,300.42,815,360.73,356.59,4.674790,0.088680,1000.00,cifi0007.DBF
HRWG,10HRWG,0,00,00,8,47,313.16,824,373.97,369.69,4.674790,0.088680,1000.00,cifi0007.DBF
HRWG,10HRWG,0,00,00,8,48,326.23,832,387.46,383.05,4.674790,0.088680,1000.00,cifi0007.DBF
HRWG,10HRWG,0,00,00,8,49,339.62,841,401.21,396.67,4.674790,0.088680,1000.00,cifi0007.DBF
HRWG,10HRWG,0,00,00,8,50,353.32,848,415.19,410.53,4.674790,0.088680,1000.00,cifi0007.DBF
HRWG,10HRWG,0,00,00,8,51,367.33,856,429.40,424.63,4.674790,0.088680,1000.00,cifi0007.DBF
HRWG,10HRWG,0,00,00,8,52,381.61,863,443.82,438.95,4.674790,0.088680,1000.00,cifi0007.DBF
HRWG,10HRWG,0,00,00,8,53,396.15,871,458.43,453.46,4.674790,0.088680,1000.00,cifi0007.DBF
HRWG,10HRWG,0,00,00,8,54,410.92,877,473.19,468.15,4.674790,0.088680,1000.00,cifi0007.DBF
HRWG,10HRWG,0,00,00,8,55,425.92,884,488.10,482.99,4.674790,0.088680,1000.00,cifi0007.DBF
HRWG,10HRWG,0,00,00,8,56,441.10,890,503.13,497.95,4.674790,0.088680,1000.00,cifi0007.DBF
HRWG,10HRWG,0,00,00,8,57,456.47,896,518.26,513.03,4.674790,0.088680,1000.00,cifi0007.DBF
HRWG,10HRWG,0,00,00,8,58,472.02,902,533.50,528.22,4.674790,0.088680,1000.00,cifi0007.DBF
HRWG,10HRWG,0,00,00,8,59,487.77,907,548.85,543.51,4.674790,0.088680,1000.00,cifi0007.DBF
HRWG,10HRWG,0,00,00,8,60,503.73,912,564.33,558.93,4.674790,0.088680,1000.00,cifi0007.DBF
HRWG,10HRWG,0,00,00,8,61,519.89,917,579.93,574.47,4.674790,0.088680,1000.00,cifi0007.DBF
HRWG,10HRWG,0,00,00,8,62,536.24,922,595.63,590.12,4.674790,0.088680,1000.00,cifi0007.DBF
HRWG,10HRWG,0,00,00,8,63,552.72,927,611.39,605.85,4.674790,0.088680,1000.00,cifi0007.DBF
HRWG,10HRWG,0,00,00,8,64,569.28,931,627.14,621.60,4.674790,0.088680,1000.00,cifi0007.DBF
HRWG,10HRWG,0,00,00,8,65,585.85,935,642.83,637.32,4.674790,0.088680,1000.00,cifi0007.DBF
HRWG,10HRWG,0,00,00,8,66,602.35,939,658.39,652.95,4.674790,0.088680,1000.00,cifi0007.DBF
HRWG,10HRWG,0,00,00,8,67,618.76,943,673.80,668.43,4.674790,0.088680,1000.00,cifi0007.DBF
HRWG,10HRWG,0,00,00,8,68,635.04,947,689.03,683.75,4.674790,0.088680,1000.00,cifi0007.DBF
HRWG,10HRWG,0,00,00,8,69,651.23,950,704.10,698.90,4.674790,0.088680,1000.00,cifi0007.DBF
HRWG,10HRWG,0,00,00,8,70,667.32,954,719.03,713.90,4.674790,0.088680,1000.00,cifi0007.DBF
HRWG,10HRWG,0,00,00,8,71,683.34,957,733.82,728.76,4.674790,0.088680,1000.00,cifi0007.DBF
HRWG,10HRWG,0,00,00,8,72,699.25,960,748.45,743.47,4.674790,0.088680,1000.00,cifi0007.DBF
HRWG,10HRWG,0,00,00,8,73,715.02,963,762.89,758.01,4.674790,0.088680,1000.00,cifi0007.DBF
HRWG,10HRWG,0,00,00,8,74,730.58,965,777.07,772.32,4.674790,0.088680,1000.00,cifi0007.DBF
HRWG,10HRWG,0,00,00,8,75,745.94,968,791.02,786.38,4.674790,0.088680,1000.00,cifi0007.DBF
HRWG,10HRWG,0,00,00,8,76,760.90,970,804.54,800.12,4.674790,0.088680,1000.00,cifi0007.DBF
HRWG,10HRWG,0,00,00,8,77,775.38,973,817.58,813.40,4.674790,0.088680,1000.00,cifi0007.DBF
HRWG,10HRWG,0,00,00,8,78,789.27,975,830.05,826.16,4.674790,0.088680,1000.00,cifi0007.DBF
HRWG,10HRWG,0,00,00,8,79,802.49,977,841.86,838.30,4.674790,0.088680,1000.00,cifi0007.DBF
HRWG,10HRWG,0,00,00,8,80,814.94,978,852.94,849.74,4.674790,0.088680,1000.00,cifi0007.DBF
HRWG,10HRWG,0,00,00,8,81,826.56,980,863.24,860.43,4.674790,0.088680,1000.00,cifi0007.DBF
HRWG,10HRWG,0,00,00,8,82,837.40,981,872.78,870.34,4.674790,0.088680,1000.00,cifi0007.DBF
HRWG,10HRWG,0,00,00,8,83,847.52,983,881.63,879.54,4.674790,0.088680,1000.00,cifi0007.DBF
HRWG,10HRWG,0,00,00,8,84,857.14,984,889.96,888.13,4.674790,0.088680,1000.00,cifi0007.DBF
HRWG,10HRWG,0,00,00,8,85,866.55,985,898.00,896.32,4.674790,0.088680,1000.00,cifi0007.DBF
HRWG,10HRWG,0,00,00,8,86,876.14,986,906.06,904.37,4.674790,0.088680,1000.00,cifi0007.DBF
HRWG,10HRWG,0,00,00,8,87,886.59,988,914.67,912.70,4.674790,0.088680,1000.00,cifi0007.DBF
HRWG,10HRWG,0,00,00,8,88,898.91,989,924.60,921.97,4.674790,0.088680,1000.00,cifi0007.DBF
HRWG,10HRWG,0,00,00,8,89,913.83,991,936.31,932.79,4.674790,0.088680,1000.00,cifi0007.DBF
HRWG,10HRWG,0,00,00,8,90,933.14,993,951.05,946.02,4.674790,0.088680,1000.00,cifi0007.DBF
HRWG,10HRWG,0,00,00,8,91,959.95,996,970.96,963.34,4.674790,0.088680,1000.00,cifi0007.DBF
HRWG,10HRWG,0,00,00,8,92,1000.00,1000,1000.00,987.82,4.674790,0.088680,1000.00,cifi0007.DBF
HRWG,10HRWG,0,00,00,9,1,0.00,0,0.00,0.04,0.088680,0.088680,1000.00,cifi0007.DBF
HRWG,10HRWG,0,00,00,9,2,0.00,0,4.89,4.86,4.834900,0.088680,1000.00,cifi0007.DBF
HRWG,10HRWG,0,00,00,9,3,0.00,0,9.92,9.82,4.834900,0.088680,1000.00,cifi0007.DBF
HRWG,10HRWG,0,00,00,9,4,0.73,7,15.07,14.91,4.834900,0.088680,1000.00,cifi0007.DBF
HRWG,10HRWG,0,00,00,9,5,4.80,46,20.35,20.13,4.834900,0.088680,1000.00,cifi0007.DBF
HRWG,10HRWG,0,00,00,9,6,8.95,82,25.71,25.44,4.834900,0.088680,1000.00,cifi0007.DBF
HRWG,10HRWG,0,00,00,9,7,13.15,117,31.12,30.83,4.834900,0.088680,1000.00,cifi0007.DBF
HRWG,10HRWG,0,00,00,9,8,17.35,149,36.54,36.24,4.834900,0.088680,1000.00,cifi0007.DBF
HRWG,10HRWG,0,00,00,9,9,21.53,179,41.94,41.66,4.834900,0.088680,1000.00,cifi0007.DBF
HRWG,10HRWG,0,00,00,9,10,25.73,208,47.38,47.08,4.834900,0.088680,1000.00,cifi0007.DBF
HRWG,10HRWG,0,00,00,9,11,30.07,235,52.95,52.58,4.834900,0.088680,1000.00,cifi0007.DBF
HRWG,10HRWG,0,00,00,9,12,34.53,262,58.66,58.22,4.834900,0.088680,1000.00,cifi0007.DBF
HRWG,10HRWG,0,00,00,9,13,39.13,288,64.52,64.01,4.834900,0.088680,1000.00,cifi0007.DBF
HRWG,10HRWG,0,00,00,9,14,43.88,313,70.53,69.94,4.834900,0.088680,1000.00,cifi0007.DBF
HRWG,10HRWG,0,00,00,9,15,48.79,337,76.69,76.03,4.834900,0.088680,1000.00,cifi0007.DBF
HRWG,10HRWG,0,00,00,9,16,53.86,361,83.02,82.28,4.834900,0.088680,1000.00,cifi0007.DBF
HRWG,10HRWG,0,00,00,9,17,59.09,384,89.52,88.69,4.834900,0.088680,1000.00,cifi0007.DBF
HRWG,10HRWG,0,00,00,9,18,64.53,406,96.22,95.29,4.834900,0.088680,1000.00,cifi0007.DBF
HRWG,10HRWG,0,00,00,9,19,70.20,428,103.15,102.10,4.834900,0.088680,1000.00,cifi0007.DBF
HRWG,10HRWG,0,00,00,9,20,76.10,450,110.31,109.15,4.834900,0.088680,1000.00,cifi0007.DBF
HRWG,10HRWG,0,00,00,9,21,82.24,471,117.70,116.42,4.834900,0.088680,1000.00,cifi0007.DBF
HRWG,10HRWG,0,00,00,9,22,88.61,491,125.32,123.93,4.834900,0.088680,1000.00,cifi0007.DBF
HRWG,10HRWG,0,00,00,9,23,95.20,511,133.15,131.65,4.834900,0.088680,1000.00,cifi0007.DBF
HRWG,10HRWG,0,00,00,9,24,101.97,530,141.15,139.57,4.834900,0.088680,1000.00,cifi0007.DBF
HRWG,10HRWG,0,00,00,9,25,108.94,548,149.34,147.66,4.834900,0.088680,1000.00,cifi0007.DBF
HRWG,10HRWG,0,00,00,9,26,116.10,566,157.70,155.94,4.834900,0.088680,1000.00,cifi0007.DBF
HRWG,10HRWG,0,00,00,9,27,123.45,583,166.25,164.39,4.834900,0.088680,1000.00,cifi0007.DBF
HRWG,10HRWG,0,00,00,9,28,130.98,599,174.95,173.02,4.834900,0.088680,1000.00,cifi0007.DBF
HRWG,10HRWG,0,00,00,9,29,138.70,615,183.84,181.81,4.834900,0.088680,1000.00,cifi0007.DBF
HRWG,10HRWG,0,00,00,9,30,146.60,630,192.89,190.78,4.834900,0.088680,1000.00,cifi0007.DBF
HRWG,10HRWG,0,00,00,9,31,154.70,645,202.11,199.91,4.834900,0.088680,1000.00,cifi0007.DBF
HRWG,10HRWG,0,00,00,9,32,162.98,659,211.50,209.22,4.834900,0.088680,1000.00,cifi0007.DBF
HRWG,10HRWG,0,00,00,9,33,171.46,672,221.07,218.70,4.834900,0.088680,1000.00,cifi0007.DBF
HRWG,10HRWG,0,00,00,9,34,180.17,686,230.84,228.37,4.834900,0.088680,1000.00,cifi0007.DBF
HRWG,10HRWG,0,00,00,9,35,189.19,698,240.89,238.28,4.834900,0.088680,1000.00,cifi0007.DBF
HRWG,10HRWG,0,00,00,9,36,198.51,711,251.21,248.47,4.834900,0.088680,1000.00,cifi0007.DBF
HRWG,10HRWG,0,00,00,9,37,208.14,723,261.81,258.93,4.834900,0.088680,1000.00,cifi0007.DBF
HRWG,10HRWG,0,00,00,9,38,218.11,735,272.71,269.68,4.834900,0.088680,1000.00,cifi0007.DBF
HRWG,10HRWG,0,00,00,9,39,228.43,746,283.92,280.73,4.834900,0.088680,1000.00,cifi0007.DBF
HRWG,10HRWG,0,00,00,9,40,239.11,757,295.45,292.10,4.834900,0.088680,1000.00,cifi0007.DBF
HRWG,10HRWG,0,00,00,9,41,250.18,768,307.30,303.79,4.834900,0.088680,1000.00,cifi0007.DBF
HRWG,10HRWG,0,00,00,9,42,261.60,779,319.46,315.80,4.834900,0.088680,1000.00,cifi0007.DBF
HRWG,10HRWG,0,00,00,9,43,273.37,789,331.92,328.11,4.834900,0.088680,1000.00,cifi0007.DBF
HRWG,10HRWG,0,00,00,9,44,285.48,799,344.66,340.70,4.834900,0.088680,1000.00,cifi0007.DBF
HRWG,10HRWG,0,00,00,9,45,297.93,808,357.68,353.58,4.834900,0.088680,1000.00,cifi0007.DBF
HRWG,10HRWG,0,00,00,9,46,310.72,817,370.97,366.74,4.834900,0.088680,1000.00,cifi0007.DBF
HRWG,10HRWG,0,00,00,9,47,323.83,826,384.53,380.17,4.834900,0.088680,1000.00,cifi0007.DBF
HRWG,10HRWG,0,00,00,9,48,337.27,835,398.34,393.85,4.834900,0.088680,1000.00,cifi0007.DBF
HRWG,10HRWG,0,00,00,9,49,351.02,843,412.39,407.78,4.834900,0.088680,1000.00,cifi0007.DBF
HRWG,10HRWG,0,00,00,9,50,365.07,851,426.67,421.94,4.834900,0.088680,1000.00,cifi0007.DBF
HRWG,10HRWG,0,00,00,9,51,379.40,858,441.15,436.33,4.834900,0.088680,1000.00,cifi0007.DBF
HRWG,10HRWG,0,00,00,9,52,394.00,866,455.83,450.91,4.834900,0.088680,1000.00,cifi0007.DBF
HRWG,10HRWG,0,00,00,9,53,408.83,873,470.66,465.66,4.834900,0.088680,1000.00,cifi0007.DBF
HRWG,10HRWG,0,00,00,9,54,423.87,880,485.64,480.57,4.834900,0.088680,1000.00,cifi0007.DBF
HRWG,10HRWG,0,00,00,9,55,439.11,886,500.73,495.60,4.834900,0.088680,1000.00,cifi0007.DBF
HRWG,10HRWG,0,00,00,9,56,454.53,892,515.94,510.75,4.834900,0.088680,1000.00,cifi0007.DBF
HRWG,10HRWG,0,00,00,9,57,470.14,898,531.25,526.01,4.834900,0.088680,1000.00,cifi0007.DBF
HRWG,10HRWG,0,00,00,9,58,485.95,904,546.67,541.38,4.834900,0.088680,1000.00,cifi0007.DBF
HRWG,10HRWG,0,00,00,9,59,501.96,909,562.22,556.86,4.834900,0.088680,1000.00,cifi0007.DBF
HRWG,10HRWG,0,00,00,9,60,518.18,914,577.89,572.48,4.834900,0.088680,1000.00,cifi0007.DBF
HRWG,10HRWG,0,00,00,9,61,534.58,919,593.67,588.20,4.834900,0.088680,1000.00,cifi0007.DBF
HRWG,10HRWG,0,00,00,9,62,551.13,924,609.50,604.00,4.834900,0.088680,1000.00,cifi0007.DBF
HRWG,10HRWG,0,00,00,9,63,567.75,929,625.33,619.83,4.834900,0.088680,1000.00,cifi0007.DBF
HRWG,10HRWG,0,00,00,9,64,584.37,933,641.09,635.63,4.834900,0.088680,1000.00,cifi0007.DBF
HRWG,10HRWG,0,00,00,9,65,600.94,937,656.73,651.33,4.834900,0.088680,1000.00,cifi0007.DBF
HRWG,10HRWG,0,00,00,9,66,617.40,941,672.20,666.88,4.834900,0.088680,1000.00,cifi0007.DBF
HRWG,10HRWG,0,00,00,9,67,633.75,945,687.51,682.27,4.834900,0.088680,1000.00,cifi0007.DBF
HRWG,10HRWG,0,00,00,9,68,649.98,949,702.65,697.50,4.834900,0.088680,1000.00,cifi0007.DBF
HRWG,10HRWG,0,00,00,9,69,666.14,952,717.64,712.56,4.834900,0.088680,1000.00,cifi0007.DBF
HRWG,10HRWG,0,00,00,9,70,682.21,955,732.50,727.49,4.834900,0.088680,1000.00,cifi0007.DBF
HRWG,10HRWG,0,00,00,9,71,698.18,958,747.20,742.27,4.834900,0.088680,1000.00,cifi0007.DBF
HRWG,10HRWG,0,00,00,9,72,714.01,961,761.71,756.87,4.834900,0.088680,1000.00,cifi0007.DBF
HRWG,10HRWG,0,00,00,9,73,729.62,964,775.96,771.25,4.834900,0.088680,1000.00,cifi0007.DBF
HRWG,10HRWG,0,00,00,9,74,745.03,967,789.97,785.38,4.834900,0.088680,1000.00,cifi0007.DBF
HRWG,10HRWG,0,00,00,9,75,760.05,969,803.56,799.18,4.834900,0.088680,1000.00,cifi0007.DBF
HRWG,10HRWG,0,00,00,9,76,774.58,972,816.66,812.53,4.834900,0.088680,1000.00,cifi0007.DBF
HRWG,10HRWG,0,00,00,9,77,788.52,974,829.19,825.34,4.834900,0.088680,1000.00,cifi0007.DBF
HRWG,10HRWG,0,00,00,9,78,801.79,976,841.06,837.54,4.834900,0.088680,1000.00,cifi0007.DBF
HRWG,10HRWG,0,00,00,9,79,814.28,978,852.19,849.04,4.834900,0.088680,1000.00,cifi0007.DBF
HRWG,10HRWG,0,00,00,9,80,825.95,979,862.53,859.78,4.834900,0.088680,1000.00,cifi0007.DBF
HRWG,10HRWG,0,00,00,9,81,836.82,981,872.11,869.74,4.834900,0.088680,1000.00,cifi0007.DBF
HRWG,10HRWG,0,00,00,9,82,846.98,982,881.01,878.98,4.834900,0.088680,1000.00,cifi0007.DBF
HRWG,10HRWG,0,00,00,9,83,856.63,983,889.38,887.61,4.834900,0.088680,1000.00,cifi0007.DBF
HRWG,10HRWG,0,00,00,9,84,866.07,985,897.46,895.84,4.834900,0.088680,1000.00,cifi0007.DBF
HRWG,10HRWG,0,00,00,9,85,875.70,986,905.56,903.93,4.834900,0.088680,1000.00,cifi0007.DBF
HRWG,10HRWG,0,00,00,9,86,886.19,987,914.21,912.30,4.834900,0.088680,1000.00,cifi0007.DBF
HRWG,10HRWG,0,00,00,9,87,898.55,989,924.19,921.62,4.834900,0.088680,1000.00,cifi0007.DBF
HRWG,10HRWG,0,00,00,9,88,913.53,991,935.97,932.50,4.834900,0.088680,1000.00,cifi0007.DBF
HRWG,10HRWG,0,00,00,9,89,932.90,993,950.78,945.79,4.834900,0.088680,1000.00,cifi0007.DBF
HRWG,10HRWG,0,00,00,9,90,959.80,996,970.80,963.21,4.834900,0.088680,1000.00,cifi0007.DBF
HRWG,10HRWG,0,00,00,9,91,1000.00,1000,1000.00,987.82,4.834900,0.088680,1000.00,cifi0007.DBF
HRWG,10HRWG,0,00,00,10,1,0.00,0,0.00,0.04,0.088680,0.088680,1000.00,cifi0007.DBF
HRWG,10HRWG,0,00,00,10,2,0.00,0,5.05,5.03,5.001390,0.088680,1000.00,cifi0007.DBF
HRWG,10HRWG,0,00,00,10,3,0.00,0,10.23,10.14,5.001390,0.088680,1000.00,cifi0007.DBF
HRWG,10HRWG,0,00,00,10,4,1.11,11,15.53,15.38,5.001390,0.088680,1000.00,cifi0007.DBF
HRWG,10HRWG,0,00,00,10,5,5.28,49,20.92,20.73,5.001390,0.088680,1000.00,cifi0007.DBF
HRWG,10HRWG,0,00,00,10,6,9.49,84,26.35,26.14,5.001390,0.088680,1000.00,cifi0007.DBF
HRWG,10HRWG,0,00,00,10,7,13.71,118,31.80,31.58,5.001390,0.088680,1000.00,cifi0007.DBF
HRWG,10HRWG,0,00,00,10,8,17.90,149,37.23,37.02,5.001390,0.088680,1000.00,cifi0007.DBF
HRWG,10HRWG,0,00,00,10,9,22.12,178,42.70,42.47,5.001390,0.088680,1000.00,cifi0007.DBF
HRWG,10HRWG,0,00,00,10,10,26.47,207,48.30,48.00,5.001390,0.088680,1000.00,cifi0007.DBF
HRWG,10HRWG,0,00,00,10,11,30.95,235,54.03,53.67,5.001390,0.088680,1000.00,cifi0007.DBF
HRWG,10HRWG,0,00,00,10,12,35.57,262,59.92,59.48,5.001390,0.088680,1000.00,cifi0007.DBF
HRWG,10HRWG,0,00,00,10,13,40.34,288,65.95,65.44,5.001390,0.088680,1000.00,cifi0007.DBF
HRWG,10HRWG,0,00,00,10,14,45.26,313,72.15,71.55,5.001390,0.088680,1000.00,cifi0007.DBF
HRWG,10HRWG,0,00,00,10,15,50.35,337,78.51,77.83,5.001390,0.088680,1000.00,cifi0007.DBF
HRWG,10HRWG,0,00,00,10,16,55.60,361,85.04,84.28,5.001390,0.088680,1000.00,cifi0007.DBF
HRWG,10HRWG,0,00,00,10,17,61.06,384,91.78,90.91,5.001390,0.088680,1000.00,cifi0007.DBF
HRWG,10HRWG,0,00,00,10,18,66.75,407,98.74,97.76,5.001390,0.088680,1000.00,cifi0007.DBF
HRWG,10HRWG,0,00,00,10,19,72.67,429,105.93,104.84,5.001390,0.088680,1000.00,cifi0007.DBF
HRWG,10HRWG,0,00,00,10,20,78.83,451,113.36,112.15,5.001390,0.088680,1000.00,cifi0007.DBF
HRWG,10HRWG,0,00,00,10,21,85.23,472,121.02,119.69,5.001390,0.088680,1000.00,cifi0007.DBF
HRWG,10HRWG,0,00,00,10,22,91.84,493,128.88,127.45,5.001390,0.088680,1000.00,cifi0007.DBF
HRWG,10HRWG,0,00,00,10,23,98.64,512,136.92,135.40,5.001390,0.088680,1000.00,cifi0007.DBF
HRWG,10HRWG,0,00,00,10,24,105.63,532,145.15,143.54,5.001390,0.088680,1000.00,cifi0007.DBF
HRWG,10HRWG,0,00,00,10,25,112.82,550,153.55,151.85,5.001390,0.088680,1000.00,cifi0007.DBF
HRWG,10HRWG,0,00,00,10,26,120.20,568,162.14,160.35,5.001390,0.088680,1000.00,cifi0007.DBF
HRWG,10HRWG,0,00,00,10,27,127.76,585,170.89,169.02,5.001390,0.088680,1000.00,cifi0007.DBF
HRWG,10HRWG,0,00,00,10,28,135.51,601,179.81,177.85,5.001390,0.088680,1000.00,cifi0007.DBF
HRWG,10HRWG,0,00,00,10,29,143.44,617,188.91,186.86,5.001390,0.088680,1000.00,cifi0007.DBF
HRWG,10HRWG,0,00,00,10,30,151.56,632,198.17,196.04,5.001390,0.088680,1000.00,cifi0007.DBF
HRWG,10HRWG,0,00,00,10,31,159.87,646,207.61,205.39,5.001390,0.088680,1000.00,cifi0007.DBF
HRWG,10HRWG,0,00,00,10,32,168.39,660,217.22,214.92,5.001390,0.088680,1000.00,cifi0007.DBF
HRWG,10HRWG,0,00,00,10,33,177.13,674,227.05,224.64,5.001390,0.088680,1000.00,cifi0007.DBF
HRWG,10HRWG,0,00,00,10,34,186.18,687,237.14,234.60,5.001390,0.088680,1000.00,cifi0007.DBF
HRWG,10HRWG,0,00,00,10,35,195.53,700,247.51,244.83,5.001390,0.088680,1000.00,cifi0007.DBF
HRWG,10HRWG,0,00,00,10,36,205.20,713,258.17,255.34,5.001390,0.088680,1000.00,cifi0007.DBF
HRWG,10HRWG,0,00,00,10,37,215.21,725,269.12,266.14,5.001390,0.088680,1000.00,cifi0007.DBF
HRWG,10HRWG,0,00,00,10,38,225.57,737,280.38,277.25,5.001390,0.088680,1000.00,cifi0007.DBF
HRWG,10HRWG,0,00,00,10,39,236.29,748,291.96,288.67,5.001390,0.088680,1000.00,cifi0007.DBF
HRWG,10HRWG,0,00,00,10,40,247.40,759,303.88,300.42,5.001390,0.088680,1000.00,cifi0007.DBF
HRWG,10HRWG,0,00,00,10,41,258.86,770,316.10,312.49,5.001390,0.088680,1000.00,cifi0007.DBF
HRWG,10HRWG,0,00,00,10,42,270.67,781,328.61,324.85,5.001390,0.088680,1000.00,cifi0007.DBF
HRWG,10HRWG,0,00,00,10,43,282.83,791,341.41,337.51,5.001390,0.088680,1000.00,cifi0007.DBF
HRWG,10HRWG,0,00,00,10,44,295.32,801,354.49,350.45,5.001390,0.088680,1000.00,cifi0007.DBF
HRWG,10HRWG,0,00,00,10,45,308.16,811,367.85,363.67,5.001390,0.088680,1000.00,cifi0007.DBF
HRWG,10HRWG,0,00,00,10,46,321.33,820,381.48,377.17,5.001390,0.088680,1000.00,cifi0007.DBF
HRWG,10HRWG,0,00,00,10,47,334.81,829,395.35,390.91,5.001390,0.088680,1000.00,cifi0007.DBF
HRWG,10HRWG,0,00,00,10,48,348.61,837,409.47,404.91,5.001390,0.088680,1000.00,cifi0007.DBF
HRWG,10HRWG,0,00,00,10,49,362.72,845,423.82,419.14,5.001390,0.088680,1000.00,cifi0007.DBF
HRWG,10HRWG,0,00,00,10,50,377.10,853,438.38,433.60,5.001390,0.088680,1000.00,cifi0007.DBF
HRWG,10HRWG,0,00,00,10,51,391.75,861,453.12,448.25,5.001390,0.088680,1000.00,cifi0007.DBF
HRWG,10HRWG,0,00,00,10,52,406.63,868,468.03,463.08,5.001390,0.088680,1000.00,cifi0007.DBF
HRWG,10HRWG,0,00,00,10,53,421.73,875,483.08,478.05,5.001390,0.088680,1000.00,cifi0007.DBF
HRWG,10HRWG,0,00,00,10,54,437.03,882,498.25,493.16,5.001390,0.088680,1000.00,cifi0007.DBF
HRWG,10HRWG,0,00,00,10,55,452.51,888,513.52,508.38,5.001390,0.088680,1000.00,cifi0007.DBF
HRWG,10HRWG,0,00,00,10,56,468.18,894,528.91,523.72,5.001390,0.088680,1000.00,cifi0007.DBF
HRWG,10HRWG,0,00,00,10,57,484.04,900,544.41,539.16,5.001390,0.088680,1000.00,cifi0007.DBF
HRWG,10HRWG,0,00,00,10,58,500.11,906,560.03,554.72,5.001390,0.088680,1000.00,cifi0007.DBF
HRWG,10HRWG,0,00,00,10,59,516.39,911,575.78,570.41,5.001390,0.088680,1000.00,cifi0007.DBF
HRWG,10HRWG,0,00,00,10,60,532.86,916,591.63,586.20,5.001390,0.088680,1000.00,cifi0007.DBF
HRWG,10HRWG,0,00,00,10,61,549.47,921,607.54,602.08,5.001390,0.088680,1000.00,cifi0007.DBF
HRWG,10HRWG,0,00,00,10,62,566.15,926,623.44,617.99,5.001390,0.088680,1000.00,cifi0007.DBF
HRWG,10HRWG,0,00,00,10,63,582.83,931,639.28,633.86,5.001390,0.088680,1000.00,cifi0007.DBF
HRWG,10HRWG,0,00,00,10,64,599.46,935,654.99,649.64,5.001390,0.088680,1000.00,cifi0007.DBF
HRWG,10HRWG,0,00,00,10,65,615.98,939,670.55,665.27,5.001390,0.088680,1000.00,cifi0007.DBF
HRWG,10HRWG,0,00,00,10,66,632.39,943,685.92,680.74,5.001390,0.088680,1000.00,cifi0007.DBF
HRWG,10HRWG,0,00,00,10,67,648.69,947,701.14,696.03,5.001390,0.088680,1000.00,cifi0007.DBF
HRWG,10HRWG,0,00,00,10,68,664.90,950,716.21,711.17,5.001390,0.088680,1000.00,cifi0007.DBF
HRWG,10HRWG,0,00,00,10,69,681.03,954,731.14,726.17,5.001390,0.088680,1000.00,cifi0007.DBF
HRWG,10HRWG,0,00,00,10,70,697.06,957,745.91,741.02,5.001390,0.088680,1000.00,cifi0007.DBF
HRWG,10HRWG,0,00,00,10,71,712.95,960,760.48,755.70,5.001390,0.088680,1000.00,cifi0007.DBF
HRWG,10HRWG,0,00,00,10,72,728.62,963,774.80,770.15,5.001390,0.088680,1000.00,cifi0007.DBF
HRWG,10HRWG,0,00,00,10,73,744.09,965,788.88,784.35,5.001390,0.088680,1000.00,cifi0007.DBF
HRWG,10HRWG,0,00,00,10,74,759.16,968,802.54,798.21,5.001390,0.088680,1000.00,cifi0007.DBF
HRWG,10HRWG,0,00,00,10,75,773.74,970,815.70,811.62,5.001390,0.088680,1000.00,cifi0007.DBF
HRWG,10HRWG,0,00,00,10,76,787.74,973,828.29,824.50,5.001390,0.088680,1000.00,cifi0007.DBF
HRWG,10HRWG,0,00,00,10,77,801.05,975,840.22,836.76,5.001390,0.088680,1000.00,cifi0007.DBF
HRWG,10HRWG,0,00,00,10,78,813.59,977,851.40,848.31,5.001390,0.088680,1000.00,cifi0007.DBF
HRWG,10HRWG,0,00,00,10,79,825.30,978,861.79,859.10,5.001390,0.088680,1000.00,cifi0007.DBF
HRWG,10HRWG,0,00,00,10,80,836.21,980,871.43,869.11,5.001390,0.088680,1000.00,cifi0007.DBF
HRWG,10HRWG,0,00,00,10,81,846.41,981,880.37,878.40,5.001390,0.088680,1000.00,cifi0007.DBF
HRWG,10HRWG,0,00,00,10,82,856.10,983,888.78,887.07,5.001390,0.088680,1000.00,cifi0007.DBF
HRWG,10HRWG,0,00,00,10,83,865.57,984,896.90,895.34,5.001390,0.088680,1000.00,cifi0007.DBF
HRWG,10HRWG,0,00,00,10,84,875.24,985,905.04,903.47,5.001390,0.088680,1000.00,cifi0007.DBF
HRWG,10HRWG,0,00,00,10,85,885.77,987,913.73,911.89,5.001390,0.088680,1000.00,cifi0007.DBF
HRWG,10HRWG,0,00,00,10,86,898.18,988,923.77,921.25,5.001390,0.088680,1000.00,cifi0007.DBF
HRWG,10HRWG,0,00,00,10,87,913.21,990,935.61,932.19,5.001390,0.088680,1000.00,cifi0007.DBF
HRWG,10HRWG,0,00,00,10,88,932.65,993,950.50,945.55,5.001390,0.088680,1000.00,cifi0007.DBF
HRWG,10HRWG,0,00,00,10,89,959.66,996,970.63,963.07,5.001390,0.088680,1000.00,cifi0007.DBF
HRWG,10HRWG,0,00,00,10,90,1000.00,1000,1000.00,987.82,5.001390,0.088680,1000.00,cifi0007.DBF
HRWG,10HRWG,0,00,00,11,1,0.00,0,0.00,0.05,0.098540,0.098540,1000.00,cifi0007.DBF
HRWG,10HRWG,0,00,00,11,2,0.00,0,5.21,5.19,5.174240,0.098540,1000.00,cifi0007.DBF
HRWG,10HRWG,0,00,00,11,3,0.00,0,10.53,10.46,5.174240,0.098540,1000.00,cifi0007.DBF
HRWG,10HRWG,0,00,00,11,4,1.44,13,15.95,15.83,5.174240,0.098540,1000.00,cifi0007.DBF
HRWG,10HRWG,0,00,00,11,5,5.66,50,21.41,21.27,5.174240,0.098540,1000.00,cifi0007.DBF
HRWG,10HRWG,0,00,00,11,6,9.90,85,26.89,26.74,5.174240,0.098540,1000.00,cifi0007.DBF
HRWG,10HRWG,0,00,00,11,7,14.11,117,32.35,32.20,5.174240,0.098540,1000.00,cifi0007.DBF
HRWG,10HRWG,0,00,00,11,8,18.34,148,37.83,37.68,5.174240,0.098540,1000.00,cifi0007.DBF
HRWG,10HRWG,0,00,00,11,9,22.71,178,43.46,43.24,5.174240,0.098540,1000.00,cifi0007.DBF
HRWG,10HRWG,0,00,00,11,10,27.20,206,49.23,48.93,5.174240,0.098540,1000.00,cifi0007.DBF
HRWG,10HRWG,0,00,00,11,11,31.84,234,55.14,54.77,5.174240,0.098540,1000.00,cifi0007.DBF
HRWG,10HRWG,0,00,00,11,12,36.63,261,61.21,60.76,5.174240,0.098540,1000.00,cifi0007.DBF
HRWG,10HRWG,0,00,00,11,13,41.58,287,67.44,66.91,5.174240,0.098540,1000.00,cifi0007.DBF
HRWG,10HRWG,0,00,00,11,14,46.68,313,73.83,73.22,5.174240,0.098540,1000.00,cifi0007.DBF
HRWG,10HRWG,0,00,00,11,15,51.96,338,80.39,79.70,5.174240,0.098540,1000.00,cifi0007.DBF
HRWG,10HRWG,0,00,00,11,16,57.43,362,87.16,86.36,5.174240,0.098540,1000.00,cifi0007.DBF
HRWG,10HRWG,0,00,00,11,17,63.14,385,94.16,93.24,5.174240,0.098540,1000.00,cifi0007.DBF
HRWG,10HRWG,0,00,00,11,18,69.09,408,101.39,100.36,5.174240,0.098540,1000.00,cifi0007.DBF
HRWG,10HRWG,0,00,00,11,19,75.27,431,108.85,107.71,5.174240,0.098540,1000.00,cifi0007.DBF
HRWG,10HRWG,0,00,00,11,20,81.70,453,116.55,115.29,5.174240,0.098540,1000.00,cifi0007.DBF
HRWG,10HRWG,0,00,00,11,21,88.33,474,124.45,123.09,5.174240,0.098540,1000.00,cifi0007.DBF
HRWG,10HRWG,0,00,00,11,22,95.16,494,132.53,131.08,5.174240,0.098540,1000.00,cifi0007.DBF
HRWG,10HRWG,0,00,00,11,23,102.18,514,140.80,139.25,5.174240,0.098540,1000.00,cifi0007.DBF
HRWG,10HRWG,0,00,00,11,24,109.39,533,149.24,147.61,5.174240,0.098540,1000.00,cifi0007.DBF
HRWG,10HRWG,0,00,00,11,25,116.80,551,157.87,156.15,5.174240,0.098540,1000.00,cifi0007.DBF
HRWG,10HRWG,0,00,00,11,26,124.39,569,166.67,164.86,5.174240,0.098540,1000.00,cifi0007.DBF
HRWG,10HRWG,0,00,00,11,27,132.17,586,175.64,173.74,5.174240,0.098540,1000.00,cifi0007.DBF
HRWG,10HRWG,0,00,00,11,28,140.13,602,184.78,182.79,5.174240,0.098540,1000.00,cifi0007.DBF
HRWG,10HRWG,0,00,00,11,29,148.28,618,194.09,192.02,5.174240,0.098540,1000.00,cifi0007.DBF
HRWG,10HRWG,0,00,00,11,30,156.63,633,203.57,201.42,5.174240,0.098540,1000.00,cifi0007.DBF
HRWG,10HRWG,0,00,00,11,31,165.17,648,213.23,210.99,5.174240,0.098540,1000.00,cifi0007.DBF
HRWG,10HRWG,0,00,00,11,32,173.95,662,223.11,220.76,5.174240,0.098540,1000.00,cifi0007.DBF
HRWG,10HRWG,0,00,00,11,33,183.04,676,233.25,230.77,5.174240,0.098540,1000.00,cifi0007.DBF
HRWG,10HRWG,0,00,00,11,34,192.42,689,243.68,241.05,5.174240,0.098540,1000.00,cifi0007.DBF
HRWG,10HRWG,0,00,00,11,35,202.13,702,254.38,251.62,5.174240,0.098540,1000.00,cifi0007.DBF
HRWG,10HRWG,0,00,00,11,36,212.18,715,265.39,262.47,5.174240,0.098540,1000.00,cifi0007.DBF
HRWG,10HRWG,0,00,00,11,37,222.58,727,276.71,273.64,5.174240,0.098540,1000.00,cifi0007.DBF
HRWG,10HRWG,0,00,00,11,38,233.34,739,288.35,285.12,5.174240,0.098540,1000.00,cifi0007.DBF
HRWG,10HRWG,0,00,00,11,39,244.49,751,300.32,296.92,5.174240,0.098540,1000.00,cifi0007.DBF
HRWG,10HRWG,0,00,00,11,40,256.00,762,312.60,309.05,5.174240,0.098540,1000.00,cifi0007.DBF
HRWG,10HRWG,0,00,00,11,41,267.85,773,325.18,321.48,5.174240,0.098540,1000.00,cifi0007.DBF
HRWG,10HRWG,0,00,00,11,42,280.06,783,338.04,334.20,5.174240,0.098540,1000.00,cifi0007.DBF
HRWG,10HRWG,0,00,00,11,43,292.60,794,351.19,347.20,5.174240,0.098540,1000.00,cifi0007.DBF
HRWG,10HRWG,0,00,00,11,44,305.49,804,364.62,360.49,5.174240,0.098540,1000.00,cifi0007.DBF
HRWG,10HRWG,0,00,00,11,45,318.70,813,378.31,374.05,5.174240,0.098540,1000.00,cifi0007.DBF
HRWG,10HRWG,0,00,00,11,46,332.24,822,392.25,387.87,5.174240,0.098540,1000.00,cifi0007.DBF
HRWG,10HRWG,0,00,00,11,47,346.10,831,406.44,401.93,5.174240,0.098540,1000.00,cifi0007.DBF
HRWG,10HRWG,0,00,00,11,48,360.26,840,420.86,416.24,5.174240,0.098540,1000.00,cifi0007.DBF
HRWG,10HRWG,0,00,00,11,49,374.69,848,435.49,430.76,5.174240,0.098540,1000.00,cifi0007.DBF
HRWG,10HRWG,0,00,00,11,50,389.40,856,450.31,445.49,5.174240,0.098540,1000.00,cifi0007.DBF
HRWG,10HRWG,0,00,00,11,51,404.34,863,465.29,460.39,5.174240,0.098540,1000.00,cifi0007.DBF
HRWG,10HRWG,0,00,00,11,52,419.50,870,480.42,475.44,5.174240,0.098540,1000.00,cifi0007.DBF
HRWG,10HRWG,0,00,00,11,53,434.86,877,495.66,490.63,5.174240,0.098540,1000.00,cifi0007.DBF
HRWG,10HRWG,0,00,00,11,54,450.40,884,511.01,505.93,5.174240,0.098540,1000.00,cifi0007.DBF
HRWG,10HRWG,0,00,00,11,55,466.12,890,526.48,521.33,5.174240,0.098540,1000.00,cifi0007.DBF
HRWG,10HRWG,0,00,00,11,56,482.05,896,542.05,536.85,5.174240,0.098540,1000.00,cifi0007.DBF
HRWG,10HRWG,0,00,00,11,57,498.18,902,557.76,552.49,5.174240,0.098540,1000.00,cifi0007.DBF
HRWG,10HRWG,0,00,00,11,58,514.52,908,573.58,568.26,5.174240,0.098540,1000.00,cifi0007.DBF
HRWG,10HRWG,0,00,00,11,59,531.05,913,589.51,584.14,5.174240,0.098540,1000.00,cifi0007.DBF
HRWG,10HRWG,0,00,00,11,60,547.73,918,605.50,600.09,5.174240,0.098540,1000.00,cifi0007.DBF
HRWG,10HRWG,0,00,00,11,61,564.47,923,621.49,616.08,5.174240,0.098540,1000.00,cifi0007.DBF
HRWG,10HRWG,0,00,00,11,62,581.22,928,637.40,632.03,5.174240,0.098540,1000.00,cifi0007.DBF
HRWG,10HRWG,0,00,00,11,63,597.91,933,653.20,647.89,5.174240,0.098540,1000.00,cifi0007.DBF
HRWG,10HRWG,0,00,00,11,64,614.50,937,668.82,663.60,5.174240,0.098540,1000.00,cifi0007.DBF
HRWG,10HRWG,0,00,00,11,65,630.97,941,684.28,679.14,5.174240,0.098540,1000.00,cifi0007.DBF
HRWG,10HRWG,0,00,00,11,66,647.33,945,699.57,694.51,5.174240,0.098540,1000.00,cifi0007.DBF
HRWG,10HRWG,0,00,00,11,67,663.60,948,714.71,709.73,5.174240,0.098540,1000.00,cifi0007.DBF
HRWG,10HRWG,0,00,00,11,68,679.80,952,729.72,724.80,5.174240,0.098540,1000.00,cifi0007.DBF
HRWG,10HRWG,0,00,00,11,69,695.89,955,744.56,739.73,5.174240,0.098540,1000.00,cifi0007.DBF
HRWG,10HRWG,0,00,00,11,70,711.84,958,759.21,754.48,5.174240,0.098540,1000.00,cifi0007.DBF
HRWG,10HRWG,0,00,00,11,71,727.57,961,773.60,769.00,5.174240,0.098540,1000.00,cifi0007.DBF
HRWG,10HRWG,0,00,00,11,72,743.10,964,787.76,783.27,5.174240,0.098540,1000.00,cifi0007.DBF
HRWG,10HRWG,0,00,00,11,73,758.23,967,801.48,797.20,5.174240,0.098540,1000.00,cifi0007.DBF
HRWG,10HRWG,0,00,00,11,74,772.86,969,814.71,810.68,5.174240,0.098540,1000.00,cifi0007.DBF
HRWG,10HRWG,0,00,00,11,75,786.92,972,827.36,823.62,5.174240,0.098540,1000.00,cifi0007.DBF
HRWG,10HRWG,0,00,00,11,76,800.28,974,839.34,835.94,5.174240,0.098540,1000.00,cifi0007.DBF
HRWG,10HRWG,0,00,00,11,77,812.87,976,850.59,847.55,5.174240,0.098540,1000.00,cifi0007.DBF
HRWG,10HRWG,0,00,00,11,78,824.62,978,861.03,858.40,5.174240,0.098540,1000.00,cifi0007.DBF
HRWG,10HRWG,0,00,00,11,79,835.58,979,870.71,868.46,5.174240,0.098540,1000.00,cifi0007.DBF
HRWG,10HRWG,0,00,00,11,80,845.82,981,879.70,877.79,5.174240,0.098540,1000.00,cifi0007.DBF
HRWG,10HRWG,0,00,00,11,81,855.54,982,888.15,886.51,5.174240,0.098540,1000.00,cifi0007.DBF
HRWG,10HRWG,0,00,00,11,82,865.05,983,896.31,894.82,5.174240,0.098540,1000.00,cifi0007.DBF
HRWG,10HRWG,0,00,00,11,83,874.76,985,904.50,902.99,5.174240,0.098540,1000.00,cifi0007.DBF
HRWG,10HRWG,0,00,00,11,84,885.33,986,913.24,911.46,5.174240,0.098540,1000.00,cifi0007.DBF
HRWG,10HRWG,0,00,00,11,85,897.78,988,923.33,920.87,5.174240,0.098540,1000.00,cifi0007.DBF
HRWG,10HRWG,0,00,00,11,86,912.87,990,935.23,931.87,5.174240,0.098540,1000.00,cifi0007.DBF
HRWG,10HRWG,0,00,00,11,87,932.39,992,950.21,945.31,5.174240,0.098540,1000.00,cifi0007.DBF
HRWG,10HRWG,0,00,00,11,88,959.50,995,970.46,962.92,5.174240,0.098540,1000.00,cifi0007.DBF
HRWG,10HRWG,0,00,00,11,89,1000.00,1000,1000.00,987.82,5.174240,0.098540,1000.00,cifi0007.DBF
HRWG,10HRWG,0,00,00,12,1,0.00,0,0.00,0.06,0.118240,0.118240,1000.00,cifi0007.DBF
HRWG,10HRWG,0,00,00,12,2,0.00,0,5.35,5.35,5.353410,0.118240,1000.00,cifi0007.DBF
HRWG,10HRWG,0,00,00,12,3,0.00,0,10.80,10.75,5.353410,0.118240,1000.00,cifi0007.DBF
HRWG,10HRWG,0,00,00,12,4,1.67,15,16.28,16.22,5.353410,0.118240,1000.00,cifi0007.DBF
HRWG,10HRWG,0,00,00,12,5,5.92,51,21.79,21.71,5.353410,0.118240,1000.00,cifi0007.DBF
HRWG,10HRWG,0,00,00,12,6,10.15,84,27.28,27.21,5.353410,0.118240,1000.00,cifi0007.DBF
HRWG,10HRWG,0,00,00,12,7,14.40,116,32.79,32.71,5.353410,0.118240,1000.00,cifi0007.DBF
HRWG,10HRWG,0,00,00,12,8,18.79,147,38.45,38.30,5.353410,0.118240,1000.00,cifi0007.DBF
HRWG,10HRWG,0,00,00,12,9,23.30,177,44.25,44.03,5.353410,0.118240,1000.00,cifi0007.DBF
HRWG,10HRWG,0,00,00,12,10,27.96,206,50.19,49.89,5.353410,0.118240,1000.00,cifi0007.DBF
HRWG,10HRWG,0,00,00,12,11,32.76,234,56.29,55.92,5.353410,0.118240,1000.00,cifi0007.DBF
HRWG,10HRWG,0,00,00,12,12,37.73,261,62.55,62.10,5.353410,0.118240,1000.00,cifi0007.DBF
HRWG,10HRWG,0,00,00,12,13,42.85,287,68.98,68.44,5.353410,0.118240,1000.00,cifi0007.DBF
HRWG,10HRWG,0,00,00,12,14,48.15,313,75.57,74.95,5.353410,0.118240,1000.00,cifi0007.DBF
HRWG,10HRWG,0,00,00,12,15,53.65,338,82.37,81.65,5.353410,0.118240,1000.00,cifi0007.DBF
HRWG,10HRWG,0,00,00,12,16,59.38,362,89.41,88.57,5.353410,0.118240,1000.00,cifi0007.DBF
HRWG,10HRWG,0,00,00,12,17,65.35,386,96.67,95.72,5.353410,0.118240,1000.00,cifi0007.DBF
HRWG,10HRWG,0,00,00,12,18,71.56,410,104.18,103.10,5.353410,0.118240,1000.00,cifi0007.DBF
HRWG,10HRWG,0,00,00,12,19,78.01,432,111.91,110.72,5.353410,0.118240,1000.00,cifi0007.DBF
HRWG,10HRWG,0,00,00,12,20,84.67,454,119.86,118.56,5.353410,0.118240,1000.00,cifi0007.DBF
HRWG,10HRWG,0,00,00,12,21,91.53,476,127.98,126.59,5.353410,0.118240,1000.00,cifi0007.DBF
HRWG,10HRWG,0,00,00,12,22,98.58,496,136.29,134.81,5.353410,0.118240,1000.00,cifi0007.DBF
HRWG,10HRWG,0,00,00,12,23,105.82,516,144.78,143.21,5.353410,0.118240,1000.00,cifi0007.DBF
HRWG,10HRWG,0,00,00,12,24,113.26,535,153.45,151.79,5.353410,0.118240,1000.00,cifi0007.DBF
HRWG,10HRWG,0,00,00,12,25,120.87,553,162.29,160.55,5.353410,0.118240,1000.00,cifi0007.DBF
HRWG,10HRWG,0,00,00,12,26,128.68,571,171.31,169.48,5.353410,0.118240,1000.00,cifi0007.DBF
HRWG,10HRWG,0,00,00,12,27,136.68,588,180.49,178.58,5.353410,0.118240,1000.00,cifi0007.DBF
HRWG,10HRWG,0,00,00,12,28,144.87,604,189.85,187.85,5.353410,0.118240,1000.00,cifi0007.DBF
HRWG,10HRWG,0,00,00,12,29,153.24,620,199.38,197.30,5.353410,0.118240,1000.00,cifi0007.DBF
HRWG,10HRWG,0,00,00,12,30,161.82,635,209.10,206.92,5.353410,0.118240,1000.00,cifi0007.DBF
HRWG,10HRWG,0,00,00,12,31,170.64,649,219.02,216.74,5.353410,0.118240,1000.00,cifi0007.DBF
HRWG,10HRWG,0,00,00,12,32,179.76,664,229.22,226.80,5.353410,0.118240,1000.00,cifi0007.DBF
HRWG,10HRWG,0,00,00,12,33,189.18,677,239.70,237.14,5.353410,0.118240,1000.00,cifi0007.DBF
HRWG,10HRWG,0,00,00,12,34,198.93,691,250.46,247.76,5.353410,0.118240,1000.00,cifi0007.DBF
HRWG,10HRWG,0,00,00,12,35,209.01,704,261.52,258.67,5.353410,0.118240,1000.00,cifi0007.DBF
HRWG,10HRWG,0,00,00,12,36,219.46,717,272.90,269.89,5.353410,0.118240,1000.00,cifi0007.DBF
HRWG,10HRWG,0,00,00,12,37,230.27,729,284.60,281.43,5.353410,0.118240,1000.00,cifi0007.DBF
HRWG,10HRWG,0,00,00,12,38,241.46,741,296.64,293.30,5.353410,0.118240,1000.00,cifi0007.DBF
HRWG,10HRWG,0,00,00,12,39,253.01,753,308.98,305.48,5.353410,0.118240,1000.00,cifi0007.DBF
HRWG,10HRWG,0,00,00,12,40,264.91,764,321.62,317.98,5.353410,0.118240,1000.00,cifi0007.DBF
HRWG,10HRWG,0,00,00,12,41,277.17,775,334.55,330.76,5.353410,0.118240,1000.00,cifi0007.DBF
HRWG,10HRWG,0,00,00,12,42,289.76,786,347.77,343.84,5.353410,0.118240,1000.00,cifi0007.DBF
HRWG,10HRWG,0,00,00,12,43,302.70,796,361.26,357.19,5.353410,0.118240,1000.00,cifi0007.DBF
HRWG,10HRWG,0,00,00,12,44,315.97,806,375.02,370.82,5.353410,0.118240,1000.00,cifi0007.DBF
HRWG,10HRWG,0,00,00,12,45,329.56,816,389.04,384.71,5.353410,0.118240,1000.00,cifi0007.DBF
HRWG,10HRWG,0,00,00,12,46,343.47,825,403.30,398.85,5.353410,0.118240,1000.00,cifi0007.DBF
HRWG,10HRWG,0,00,00,12,47,357.69,834,417.80,413.23,5.353410,0.118240,1000.00,cifi0007.DBF
HRWG,10HRWG,0,00,00,12,48,372.19,842,432.50,427.83,5.353410,0.118240,1000.00,cifi0007.DBF
HRWG,10HRWG,0,00,00,12,49,386.95,850,447.40,442.63,5.353410,0.118240,1000.00,cifi0007.DBF
HRWG,10HRWG,0,00,00,12,50,401.95,858,462.46,457.61,5.353410,0.118240,1000.00,cifi0007.DBF
HRWG,10HRWG,0,00,00,12,51,417.17,866,477.66,472.74,5.353410,0.118240,1000.00,cifi0007.DBF
HRWG,10HRWG,0,00,00,12,52,432.59,873,492.98,488.00,5.353410,0.118240,1000.00,cifi0007.DBF
HRWG,10HRWG,0,00,00,12,53,448.19,880,508.42,503.38,5.353410,0.118240,1000.00,cifi0007.DBF
HRWG,10HRWG,0,00,00,12,54,463.98,886,523.96,518.86,5.353410,0.118240,1000.00,cifi0007.DBF
HRWG,10HRWG,0,00,00,12,55,479.97,893,539.62,534.46,5.353410,0.118240,1000.00,cifi0007.DBF
HRWG,10HRWG,0,00,00,12,56,496.17,899,555.40,550.18,5.353410,0.118240,1000.00,cifi0007.DBF
HRWG,10HRWG,0,00,00,12,57,512.57,904,571.31,566.03,5.353410,0.118240,1000.00,cifi0007.DBF
HRWG,10HRWG,0,00,00,12,58,529.17,910,587.32,581.99,5.353410,0.118240,1000.00,cifi0007.DBF
HRWG,10HRWG,0,00,00,12,59,545.91,915,603.39,598.03,5.353410,0.118240,1000.00,cifi0007.DBF
HRWG,10HRWG,0,00,00,12,60,562.72,921,619.46,614.10,5.353410,0.118240,1000.00,cifi0007.DBF
HRWG,10HRWG,0,00,00,12,61,579.54,925,635.46,630.13,5.353410,0.118240,1000.00,cifi0007.DBF
HRWG,10HRWG,0,00,00,12,62,596.30,930,651.33,646.07,5.353410,0.118240,1000.00,cifi0007.DBF
HRWG,10HRWG,0,00,00,12,63,612.95,934,667.04,661.86,5.353410,0.118240,1000.00,cifi0007.DBF
HRWG,10HRWG,0,00,00,12,64,629.49,939,682.57,677.48,5.353410,0.118240,1000.00,cifi0007.DBF
HRWG,10HRWG,0,00,00,12,65,645.91,943,697.94,692.94,5.353410,0.118240,1000.00,cifi0007.DBF
HRWG,10HRWG,0,00,00,12,66,662.25,946,713.16,708.23,5.353410,0.118240,1000.00,cifi0007.DBF
HRWG,10HRWG,0,00,00,12,67,678.51,950,728.25,723.38,5.353410,0.118240,1000.00,cifi0007.DBF
HRWG,10HRWG,0,00,00,12,68,694.67,953,743.17,738.39,5.353410,0.118240,1000.00,cifi0007.DBF
HRWG,10HRWG,0,00,00,12,69,710.68,957,757.90,753.21,5.353410,0.118240,1000.00,cifi0007.DBF
HRWG,10HRWG,0,00,00,12,70,726.47,960,772.36,767.80,5.353410,0.118240,1000.00,cifi0007.DBF
HRWG,10HRWG,0,00,00,12,71,742.07,963,786.58,782.15,5.353410,0.118240,1000.00,cifi0007.DBF
HRWG,10HRWG,0,00,00,12,72,757.26,966,800.38,796.16,5.353410,0.118240,1000.00,cifi0007.DBF
HRWG,10HRWG,0,00,00,12,73,771.95,968,813.68,809.71,5.353410,0.118240,1000.00,cifi0007.DBF
HRWG,10HRWG,0,00,00,12,74,786.06,971,826.40,822.71,5.353410,0.118240,1000.00,cifi0007.DBF
HRWG,10HRWG,0,00,00,12,75,799.48,973,838.44,835.10,5.353410,0.118240,1000.00,cifi0007.DBF
HRWG,10HRWG,0,00,00,12,76,812.12,975,849.74,846.77,5.353410,0.118240,1000.00,cifi0007.DBF
HRWG,10HRWG,0,00,00,12,77,823.92,977,860.24,857.67,5.353410,0.118240,1000.00,cifi0007.DBF
HRWG,10HRWG,0,00,00,12,78,834.92,979,869.97,867.78,5.353410,0.118240,1000.00,cifi0007.DBF
HRWG,10HRWG,0,00,00,12,79,845.20,980,879.01,877.17,5.353410,0.118240,1000.00,cifi0007.DBF
HRWG,10HRWG,0,00,00,12,80,854.96,981,887.50,885.93,5.353410,0.118240,1000.00,cifi0007.DBF
HRWG,10HRWG,0,00,00,12,81,864.51,983,895.71,894.28,5.353410,0.118240,1000.00,cifi0007.DBF
HRWG,10HRWG,0,00,00,12,82,874.26,984,903.94,902.50,5.353410,0.118240,1000.00,cifi0007.DBF
HRWG,10HRWG,0,00,00,12,83,884.87,986,912.73,911.01,5.353410,0.118240,1000.00,cifi0007.DBF
HRWG,10HRWG,0,00,00,12,84,897.37,987,922.87,920.48,5.353410,0.118240,1000.00,cifi0007.DBF
HRWG,10HRWG,0,00,00,12,85,912.52,989,934.84,931.54,5.353410,0.118240,1000.00,cifi0007.DBF
HRWG,10HRWG,0,00,00,12,86,932.12,992,949.91,945.06,5.353410,0.118240,1000.00,cifi0007.DBF
HRWG,10HRWG,0,00,00,12,87,959.34,995,970.28,962.77,5.353410,0.118240,1000.00,cifi0007.DBF
HRWG,10HRWG,0,00,00,12,88,1000.00,1000,1000.00,987.82,5.353410,0.118240,1000.00,cifi0007.DBF
HRWG,10HRWG,0,00,00,13,1,0.00,0,0.00,0.08,0.157660,0.157660,1000.00,cifi0007.DBF
HRWG,10HRWG,0,00,00,13,2,0.00,0,5.47,5.51,5.538520,0.157660,1000.00,cifi0007.DBF
HRWG,10HRWG,0,00,00,13,3,0.00,0,10.99,11.00,5.538520,0.157660,1000.00,cifi0007.DBF
HRWG,10HRWG,0,00,00,13,4,1.79,15,16.53,16.53,5.538520,0.157660,1000.00,cifi0007.DBF
HRWG,10HRWG,0,00,00,13,5,6.03,50,22.04,22.05,5.538520,0.157660,1000.00,cifi0007.DBF
HRWG,10HRWG,0,00,00,13,6,10.30,83,27.59,27.58,5.538520,0.157660,1000.00,cifi0007.DBF
HRWG,10HRWG,0,00,00,13,7,14.70,115,33.27,33.20,5.538520,0.157660,1000.00,cifi0007.DBF
HRWG,10HRWG,0,00,00,13,8,19.23,146,39.10,38.96,5.538520,0.157660,1000.00,cifi0007.DBF
HRWG,10HRWG,0,00,00,13,9,23.91,176,45.08,44.86,5.538520,0.157660,1000.00,cifi0007.DBF
HRWG,10HRWG,0,00,00,13,10,28.74,205,51.21,50.91,5.538520,0.157660,1000.00,cifi0007.DBF
HRWG,10HRWG,0,00,00,13,11,33.72,233,57.50,57.12,5.538520,0.157660,1000.00,cifi0007.DBF
HRWG,10HRWG,0,00,00,13,12,38.87,261,63.96,63.50,5.538520,0.157660,1000.00,cifi0007.DBF
HRWG,10HRWG,0,00,00,13,13,44.19,287,70.59,70.05,5.538520,0.157660,1000.00,cifi0007.DBF
HRWG,10HRWG,0,00,00,13,14,49.71,313,77.43,76.78,5.538520,0.157660,1000.00,cifi0007.DBF
HRWG,10HRWG,0,00,00,13,15,55.47,338,84.50,83.73,5.538520,0.157660,1000.00,cifi0007.DBF
HRWG,10HRWG,0,00,00,13,16,61.46,363,91.81,90.92,5.538520,0.157660,1000.00,cifi0007.DBF
HRWG,10HRWG,0,00,00,13,17,67.70,387,99.35,98.35,5.538520,0.157660,1000.00,cifi0007.DBF
HRWG,10HRWG,0,00,00,13,18,74.18,411,107.13,106.01,5.538520,0.157660,1000.00,cifi0007.DBF
HRWG,10HRWG,0,00,00,13,19,80.86,434,115.11,113.89,5.538520,0.157660,1000.00,cifi0007.DBF
HRWG,10HRWG,0,00,00,13,20,87.75,456,123.28,121.96,5.538520,0.157660,1000.00,cifi0007.DBF
HRWG,10HRWG,0,00,00,13,21,94.82,477,131.63,130.22,5.538520,0.157660,1000.00,cifi0007.DBF
HRWG,10HRWG,0,00,00,13,22,102.09,498,140.16,138.67,5.538520,0.157660,1000.00,cifi0007.DBF
HRWG,10HRWG,0,00,00,13,23,109.57,517,148.89,147.29,5.538520,0.157660,1000.00,cifi0007.DBF
HRWG,10HRWG,0,00,00,13,24,117.21,536,157.77,156.10,5.538520,0.157660,1000.00,cifi0007.DBF
HRWG,10HRWG,0,00,00,13,25,125.06,555,166.84,165.07,5.538520,0.157660,1000.00,cifi0007.DBF
HRWG,10HRWG,0,00,00,13,26,133.08,572,176.07,174.22,5.538520,0.157660,1000.00,cifi0007.DBF
HRWG,10HRWG,0,00,00,13,27,141.31,589,185.48,183.54,5.538520,0.157660,1000.00,cifi0007.DBF
HRWG,10HRWG,0,00,00,13,28,149.72,605,195.06,193.04,5.538520,0.157660,1000.00,cifi0007.DBF
HRWG,10HRWG,0,00,00,13,29,158.34,621,204.83,202.71,5.538520,0.157660,1000.00,cifi0007.DBF
HRWG,10HRWG,0,00,00,13,30,167.19,636,214.80,212.58,5.538520,0.157660,1000.00,cifi0007.DBF
HRWG,10HRWG,0,00,00,13,31,176.34,651,225.06,222.70,5.538520,0.157660,1000.00,cifi0007.DBF
HRWG,10HRWG,0,00,00,13,32,185.81,665,235.59,233.09,5.538520,0.157660,1000.00,cifi0007.DBF
HRWG,10HRWG,0,00,00,13,33,195.60,679,246.41,243.77,5.538520,0.157660,1000.00,cifi0007.DBF
HRWG,10HRWG,0,00,00,13,34,205.72,693,257.53,254.74,5.538520,0.157660,1000.00,cifi0007.DBF
HRWG,10HRWG,0,00,00,13,35,216.21,706,268.97,266.02,5.538520,0.157660,1000.00,cifi0007.DBF
HRWG,10HRWG,0,00,00,13,36,227.06,719,280.73,277.62,5.538520,0.157660,1000.00,cifi0007.DBF
HRWG,10HRWG,0,00,00,13,37,238.30,732,292.83,289.55,5.538520,0.157660,1000.00,cifi0007.DBF
HRWG,10HRWG,0,00,00,13,38,249.90,744,305.24,301.80,5.538520,0.157660,1000.00,cifi0007.DBF
HRWG,10HRWG,0,00,00,13,39,261.86,756,317.95,314.36,5.538520,0.157660,1000.00,cifi0007.DBF
HRWG,10HRWG,0,00,00,13,40,274.16,767,330.95,327.21,5.538520,0.157660,1000.00,cifi0007.DBF
HRWG,10HRWG,0,00,00,13,41,286.81,778,344.23,340.36,5.538520,0.157660,1000.00,cifi0007.DBF
HRWG,10HRWG,0,00,00,13,42,299.80,789,357.80,353.78,5.538520,0.157660,1000.00,cifi0007.DBF
HRWG,10HRWG,0,00,00,13,43,313.12,799,371.63,367.48,5.538520,0.157660,1000.00,cifi0007.DBF
HRWG,10HRWG,0,00,00,13,44,326.77,809,385.72,381.45,5.538520,0.157660,1000.00,cifi0007.DBF
HRWG,10HRWG,0,00,00,13,45,340.74,818,400.06,395.66,5.538520,0.157660,1000.00,cifi0007.DBF
HRWG,10HRWG,0,00,00,13,46,355.01,827,414.63,410.12,5.538520,0.157660,1000.00,cifi0007.DBF
HRWG,10HRWG,0,00,00,13,47,369.57,836,429.42,424.79,5.538520,0.157660,1000.00,cifi0007.DBF
HRWG,10HRWG,0,00,00,13,48,384.40,845,444.39,439.67,5.538520,0.157660,1000.00,cifi0007.DBF
HRWG,10HRWG,0,00,00,13,49,399.46,853,459.53,454.73,5.538520,0.157660,1000.00,cifi0007.DBF
HRWG,10HRWG,0,00,00,13,50,414.75,861,474.81,469.94,5.538520,0.157660,1000.00,cifi0007.DBF
HRWG,10HRWG,0,00,00,13,51,430.23,868,490.22,485.28,5.538520,0.157660,1000.00,cifi0007.DBF
HRWG,10HRWG,0,00,00,13,52,445.89,875,505.73,500.74,5.538520,0.157660,1000.00,cifi0007.DBF
HRWG,10HRWG,0,00,00,13,53,461.75,882,521.36,516.31,5.538520,0.157660,1000.00,cifi0007.DBF
HRWG,10HRWG,0,00,00,13,54,477.81,889,537.10,531.99,5.538520,0.157660,1000.00,cifi0007.DBF
HRWG,10HRWG,0,00,00,13,55,494.07,895,552.96,547.80,5.538520,0.157660,1000.00,cifi0007.DBF
HRWG,10HRWG,0,00,00,13,56,510.55,901,568.96,563.73,5.538520,0.157660,1000.00,cifi0007.DBF
HRWG,10HRWG,0,00,00,13,57,527.21,907,585.05,579.77,5.538520,0.157660,1000.00,cifi0007.DBF
HRWG,10HRWG,0,00,00,13,58,544.02,912,601.21,595.90,5.538520,0.157660,1000.00,cifi0007.DBF
HRWG,10HRWG,0,00,00,13,59,560.90,918,617.36,612.05,5.538520,0.157660,1000.00,cifi0007.DBF
HRWG,10HRWG,0,00,00,13,60,577.79,923,633.45,628.17,5.538520,0.157660,1000.00,cifi0007.DBF
HRWG,10HRWG,0,00,00,13,61,594.62,927,649.40,644.19,5.538520,0.157660,1000.00,cifi0007.DBF
HRWG,10HRWG,0,00,00,13,62,611.34,932,665.20,660.07,5.538520,0.157660,1000.00,cifi0007.DBF
HRWG,10HRWG,0,00,00,13,63,627.94,936,680.81,675.77,5.538520,0.157660,1000.00,cifi0007.DBF
HRWG,10HRWG,0,00,00,13,64,644.44,940,696.26,691.31,5.538520,0.157660,1000.00,cifi0007.DBF
HRWG,10HRWG,0,00,00,13,65,660.85,944,711.57,706.68,5.538520,0.157660,1000.00,cifi0007.DBF
HRWG,10HRWG,0,00,00,13,66,677.18,948,726.73,721.92,5.538520,0.157660,1000.00,cifi0007.DBF
HRWG,10HRWG,0,00,00,13,67,693.40,952,741.73,737.00,5.538520,0.157660,1000.00,cifi0007.DBF
HRWG,10HRWG,0,00,00,13,68,709.48,955,756.53,751.90,5.538520,0.157660,1000.00,cifi0007.DBF
HRWG,10HRWG,0,00,00,13,69,725.34,958,771.08,766.57,5.538520,0.157660,1000.00,cifi0007.DBF
HRWG,10HRWG,0,00,00,13,70,741.00,961,785.38,781.00,5.538520,0.157660,1000.00,cifi0007.DBF
HRWG,10HRWG,0,00,00,13,71,756.25,964,799.24,795.08,5.538520,0.157660,1000.00,cifi0007.DBF
HRWG,10HRWG,0,00,00,13,72,771.00,967,812.61,808.70,5.538520,0.157660,1000.00,cifi0007.DBF
HRWG,10HRWG,0,00,00,13,73,785.17,970,825.40,821.78,5.538520,0.157660,1000.00,cifi0007.DBF
HRWG,10HRWG,0,00,00,13,74,798.65,972,837.51,834.22,5.538520,0.157660,1000.00,cifi0007.DBF
HRWG,10HRWG,0,00,00,13,75,811.34,974,848.87,845.96,5.538520,0.157660,1000.00,cifi0007.DBF
HRWG,10HRWG,0,00,00,13,76,823.19,976,859.42,856.92,5.538520,0.157660,1000.00,cifi0007.DBF
HRWG,10HRWG,0,00,00,13,77,834.23,978,869.21,867.08,5.538520,0.157660,1000.00,cifi0007.DBF
HRWG,10HRWG,0,00,00,13,78,844.56,979,878.29,876.52,5.538520,0.157660,1000.00,cifi0007.DBF
HRWG,10HRWG,0,00,00,13,79,854.36,981,886.83,885.33,5.538520,0.157660,1000.00,cifi0007.DBF
HRWG,10HRWG,0,00,00,13,80,863.95,982,895.08,893.73,5.538520,0.157660,1000.00,cifi0007.DBF
HRWG,10HRWG,0,00,00,13,81,873.73,984,903.36,901.99,5.538520,0.157660,1000.00,cifi0007.DBF
HRWG,10HRWG,0,00,00,13,82,884.39,985,912.20,910.55,5.538520,0.157660,1000.00,cifi0007.DBF
HRWG,10HRWG,0,00,00,13,83,896.95,987,922.40,920.07,5.538520,0.157660,1000.00,cifi0007.DBF
HRWG,10HRWG,0,00,00,13,84,912.16,989,934.44,931.19,5.538520,0.157660,1000.00,cifi0007.DBF
HRWG,10HRWG,0,00,00,13,85,931.84,992,949.60,944.79,5.538520,0.157660,1000.00,cifi0007.DBF
HRWG,10HRWG,0,00,00,13,86,959.17,995,970.09,962.62,5.538520,0.157660,1000.00,cifi0007.DBF
HRWG,10HRWG,0,00,00,13,87,1000.00,1000,1000.00,987.82,5.538520,0.157660,1000.00,cifi0007.DBF
HRWG,10HRWG,0,00,00,14,1,0.00,0,0.00,0.11,0.226630,0.226630,1000.00,cifi0007.DBF
HRWG,10HRWG,0,00,00,14,2,0.00,0,5.55,5.64,5.728810,0.226630,1000.00,cifi0007.DBF
HRWG,10HRWG,0,00,00,14,3,0.00,0,11.11,11.19,5.728810,0.226630,1000.00,cifi0007.DBF
HRWG,10HRWG,0,00,00,14,4,1.76,15,16.66,16.75,5.728810,0.226630,1000.00,cifi0007.DBF
HRWG,10HRWG,0,00,00,14,5,6.05,49,22.23,22.31,5.728810,0.226630,1000.00,cifi0007.DBF
HRWG,10HRWG,0,00,00,14,6,10.47,82,27.95,27.96,5.728810,0.226630,1000.00,cifi0007.DBF
HRWG,10HRWG,0,00,00,14,7,15.02,114,33.81,33.75,5.728810,0.226630,1000.00,cifi0007.DBF
HRWG,10HRWG,0,00,00,14,8,19.72,145,39.82,39.68,5.728810,0.226630,1000.00,cifi0007.DBF
HRWG,10HRWG,0,00,00,14,9,24.57,175,45.98,45.76,5.728810,0.226630,1000.00,cifi0007.DBF
HRWG,10HRWG,0,00,00,14,10,29.57,204,52.31,52.01,5.728810,0.226630,1000.00,cifi0007.DBF
HRWG,10HRWG,0,00,00,14,11,34.74,233,58.80,58.42,5.728810,0.226630,1000.00,cifi0007.DBF
HRWG,10HRWG,0,00,00,14,12,40.09,260,65.47,65.00,5.728810,0.226630,1000.00,cifi0007.DBF
HRWG,10HRWG,0,00,00,14,13,45.63,287,72.35,71.77,5.728810,0.226630,1000.00,cifi0007.DBF
HRWG,10HRWG,0,00,00,14,14,51.41,314,79.46,78.77,5.728810,0.226630,1000.00,cifi0007.DBF
HRWG,10HRWG,0,00,00,14,15,57.43,339,86.80,85.99,5.728810,0.226630,1000.00,cifi0007.DBF
HRWG,10HRWG,0,00,00,14,16,63.70,365,94.39,93.46,5.728810,0.226630,1000.00,cifi0007.DBF
HRWG,10HRWG,0,00,00,14,17,70.20,389,102.21,101.16,5.728810,0.226630,1000.00,cifi0007.DBF
HRWG,10HRWG,0,00,00,14,18,76.92,413,110.23,109.08,5.728810,0.226630,1000.00,cifi0007.DBF
HRWG,10HRWG,0,00,00,14,19,83.83,436,118.44,117.20,5.728810,0.226630,1000.00,cifi0007.DBF
HRWG,10HRWG,0,00,00,14,20,90.94,458,126.84,125.51,5.728810,0.226630,1000.00,cifi0007.DBF
HRWG,10HRWG,0,00,00,14,21,98.24,479,135.42,134.00,5.728810,0.226630,1000.00,cifi0007.DBF
HRWG,10HRWG,0,00,00,14,22,105.74,499,144.19,142.67,5.728810,0.226630,1000.00,cifi0007.DBF
HRWG,10HRWG,0,00,00,14,23,113.42,519,153.13,151.52,5.728810,0.226630,1000.00,cifi0007.DBF
HRWG,10HRWG,0,00,00,14,24,121.30,538,162.24,160.55,5.728810,0.226630,1000.00,cifi0007.DBF
HRWG,10HRWG,0,00,00,14,25,129.36,556,171.52,169.74,5.728810,0.226630,1000.00,cifi0007.DBF
HRWG,10HRWG,0,00,00,14,26,137.62,574,180.98,179.12,5.728810,0.226630,1000.00,cifi0007.DBF
HRWG,10HRWG,0,00,00,14,27,146.07,591,190.62,188.66,5.728810,0.226630,1000.00,cifi0007.DBF
HRWG,10HRWG,0,00,00,14,28,154.72,607,200.44,198.39,5.728810,0.226630,1000.00,cifi0007.DBF
HRWG,10HRWG,0,00,00,14,29,163.61,623,210.47,208.32,5.728810,0.226630,1000.00,cifi0007.DBF
HRWG,10HRWG,0,00,00,14,30,172.81,638,220.78,218.49,5.728810,0.226630,1000.00,cifi0007.DBF
HRWG,10HRWG,0,00,00,14,31,182.31,653,231.36,228.93,5.728810,0.226630,1000.00,cifi0007.DBF
HRWG,10HRWG,0,00,00,14,32,192.14,667,242.24,239.67,5.728810,0.226630,1000.00,cifi0007.DBF
HRWG,10HRWG,0,00,00,14,33,202.31,681,253.42,250.70,5.728810,0.226630,1000.00,cifi0007.DBF
HRWG,10HRWG,0,00,00,14,34,212.84,695,264.92,262.04,5.728810,0.226630,1000.00,cifi0007.DBF
HRWG,10HRWG,0,00,00,14,35,223.74,708,276.75,273.70,5.728810,0.226630,1000.00,cifi0007.DBF
HRWG,10HRWG,0,00,00,14,36,235.03,722,288.91,285.70,5.728810,0.226630,1000.00,cifi0007.DBF
HRWG,10HRWG,0,00,00,14,37,246.68,734,301.39,298.02,5.728810,0.226630,1000.00,cifi0007.DBF
HRWG,10HRWG,0,00,00,14,38,258.69,746,314.17,310.64,5.728810,0.226630,1000.00,cifi0007.DBF
HRWG,10HRWG,0,00,00,14,39,271.04,758,327.24,323.57,5.728810,0.226630,1000.00,cifi0007.DBF
HRWG,10HRWG,0,00,00,14,40,283.74,770,340.60,336.78,5.728810,0.226630,1000.00,cifi0007.DBF
HRWG,10HRWG,0,00,00,14,41,296.79,781,354.24,350.28,5.728810,0.226630,1000.00,cifi0007.DBF
HRWG,10HRWG,0,00,00,14,42,310.17,791,368.14,364.05,5.728810,0.226630,1000.00,cifi0007.DBF
HRWG,10HRWG,0,00,00,14,43,323.88,802,382.31,378.09,5.728810,0.226630,1000.00,cifi0007.DBF
HRWG,10HRWG,0,00,00,14,44,337.91,811,396.73,392.38,5.728810,0.226630,1000.00,cifi0007.DBF
HRWG,10HRWG,0,00,00,14,45,352.25,821,411.38,406.92,5.728810,0.226630,1000.00,cifi0007.DBF
HRWG,10HRWG,0,00,00,14,46,366.87,830,426.24,421.68,5.728810,0.226630,1000.00,cifi0007.DBF
HRWG,10HRWG,0,00,00,14,47,381.75,839,441.30,436.64,5.728810,0.226630,1000.00,cifi0007.DBF
HRWG,10HRWG,0,00,00,14,48,396.88,847,456.52,451.77,5.728810,0.226630,1000.00,cifi0007.DBF
HRWG,10HRWG,0,00,00,14,49,412.23,855,471.88,467.07,5.728810,0.226630,1000.00,cifi0007.DBF
HRWG,10HRWG,0,00,00,14,50,427.78,863,487.37,482.49,5.728810,0.226630,1000.00,cifi0007.DBF
HRWG,10HRWG,0,00,00,14,51,443.51,870,502.97,498.04,5.728810,0.226630,1000.00,cifi0007.DBF
HRWG,10HRWG,0,00,00,14,52,459.44,878,518.68,513.69,5.728810,0.226630,1000.00,cifi0007.DBF
HRWG,10HRWG,0,00,00,14,53,475.56,884,534.51,529.46,5.728810,0.226630,1000.00,cifi0007.DBF
HRWG,10HRWG,0,00,00,14,54,491.90,891,550.46,545.35,5.728810,0.226630,1000.00,cifi0007.DBF
HRWG,10HRWG,0,00,00,14,55,508.44,897,566.54,561.36,5.728810,0.226630,1000.00,cifi0007.DBF
HRWG,10HRWG,0,00,00,14,56,525.18,903,582.72,577.49,5.728810,0.226630,1000.00,cifi0007.DBF
HRWG,10HRWG,0,00,00,14,57,542.06,909,598.97,593.71,5.728810,0.226630,1000.00,cifi0007.DBF
HRWG,10HRWG,0,00,00,14,58,559.02,914,615.21,609.95,5.728810,0.226630,1000.00,cifi0007.DBF
HRWG,10HRWG,0,00,00,14,59,575.98,920,631.38,626.16,5.728810,0.226630,1000.00,cifi0007.DBF
HRWG,10HRWG,0,00,00,14,60,592.88,925,647.42,642.26,5.728810,0.226630,1000.00,cifi0007.DBF
HRWG,10HRWG,0,00,00,14,61,609.67,929,663.30,658.23,5.728810,0.226630,1000.00,cifi0007.DBF
HRWG,10HRWG,0,00,00,14,62,626.35,934,679.00,674.02,5.728810,0.226630,1000.00,cifi0007.DBF
HRWG,10HRWG,0,00,00,14,63,642.91,938,694.54,689.63,5.728810,0.226630,1000.00,cifi0007.DBF
HRWG,10HRWG,0,00,00,14,64,659.39,942,709.92,705.09,5.728810,0.226630,1000.00,cifi0007.DBF
HRWG,10HRWG,0,00,00,14,65,675.79,946,725.17,720.41,5.728810,0.226630,1000.00,cifi0007.DBF
HRWG,10HRWG,0,00,00,14,66,692.08,950,740.25,735.57,5.728810,0.226630,1000.00,cifi0007.DBF
HRWG,10HRWG,0,00,00,14,67,708.23,953,755.13,750.56,5.728810,0.226630,1000.00,cifi0007.DBF
HRWG,10HRWG,0,00,00,14,68,724.16,957,769.76,765.31,5.728810,0.226630,1000.00,cifi0007.DBF
HRWG,10HRWG,0,00,00,14,69,739.88,960,784.13,779.81,5.728810,0.226630,1000.00,cifi0007.DBF
HRWG,10HRWG,0,00,00,14,70,755.20,963,798.08,793.97,5.728810,0.226630,1000.00,cifi0007.DBF
HRWG,10HRWG,0,00,00,14,71,770.02,966,811.52,807.66,5.728810,0.226630,1000.00,cifi0007.DBF
HRWG,10HRWG,0,00,00,14,72,784.25,968,824.37,820.81,5.728810,0.226630,1000.00,cifi0007.DBF
HRWG,10HRWG,0,00,00,14,73,797.78,971,836.55,833.32,5.728810,0.226630,1000.00,cifi0007.DBF
HRWG,10HRWG,0,00,00,14,74,810.53,973,847.97,845.12,5.728810,0.226630,1000.00,cifi0007.DBF
HRWG,10HRWG,0,00,00,14,75,822.43,975,858.58,856.14,5.728810,0.226630,1000.00,cifi0007.DBF
HRWG,10HRWG,0,00,00,14,76,833.52,977,868.42,866.37,5.728810,0.226630,1000.00,cifi0007.DBF
HRWG,10HRWG,0,00,00,14,77,843.89,979,877.55,875.85,5.728810,0.226630,1000.00,cifi0007.DBF
HRWG,10HRWG,0,00,00,14,78,853.73,980,886.14,884.71,5.728810,0.226630,1000.00,cifi0007.DBF
HRWG,10HRWG,0,00,00,14,79,863.36,982,894.44,893.16,5.728810,0.226630,1000.00,cifi0007.DBF
HRWG,10HRWG,0,00,00,14,80,873.19,983,902.77,901.47,5.728810,0.226630,1000.00,cifi0007.DBF
HRWG,10HRWG,0,00,00,14,81,883.89,985,911.66,910.07,5.728810,0.226630,1000.00,cifi0007.DBF
HRWG,10HRWG,0,00,00,14,82,896.50,986,921.92,919.65,5.728810,0.226630,1000.00,cifi0007.DBF
HRWG,10HRWG,0,00,00,14,83,911.78,989,934.03,930.84,5.728810,0.226630,1000.00,cifi0007.DBF
HRWG,10HRWG,0,00,00,14,84,931.55,991,949.28,944.52,5.728810,0.226630,1000.00,cifi0007.DBF
HRWG,10HRWG,0,00,00,14,85,958.99,995,969.90,962.46,5.728810,0.226630,1000.00,cifi0007.DBF
HRWG,10HRWG,0,00,00,14,86,1000.00,1000,1000.00,987.82,5.728810,0.226630,1000.00,cifi0007.DBF
HRWG,10HRWG,0,00,00,15,1,0.00,0,0.00,0.17,0.344880,0.344880,1000.00,cifi0007.DBF
HRWG,10HRWG,0,00,00,15,2,0.00,0,5.60,5.76,5.922760,0.344880,1000.00,cifi0007.DBF
HRWG,10HRWG,0,00,00,15,3,0.00,0,11.17,11.35,5.922760,0.344880,1000.00,cifi0007.DBF
HRWG,10HRWG,0,00,00,15,4,1.67,14,16.78,16.94,5.922760,0.344880,1000.00,cifi0007.DBF
HRWG,10HRWG,0,00,00,15,5,6.12,48,22.53,22.62,5.922760,0.344880,1000.00,cifi0007.DBF
HRWG,10HRWG,0,00,00,15,6,10.69,81,28.42,28.43,5.922760,0.344880,1000.00,cifi0007.DBF
HRWG,10HRWG,0,00,00,15,7,15.41,113,34.46,34.40,5.922760,0.344880,1000.00,cifi0007.DBF
HRWG,10HRWG,0,00,00,15,8,20.27,145,40.66,40.52,5.922760,0.344880,1000.00,cifi0007.DBF
HRWG,10HRWG,0,00,00,15,9,25.30,175,47.02,46.80,5.922760,0.344880,1000.00,cifi0007.DBF
HRWG,10HRWG,0,00,00,15,10,30.50,204,53.55,53.25,5.922760,0.344880,1000.00,cifi0007.DBF
HRWG,10HRWG,0,00,00,15,11,35.86,233,60.25,59.86,5.922760,0.344880,1000.00,cifi0007.DBF
HRWG,10HRWG,0,00,00,15,12,41.43,261,67.17,66.67,5.922760,0.344880,1000.00,cifi0007.DBF
HRWG,10HRWG,0,00,00,15,13,47.24,288,74.31,73.70,5.922760,0.344880,1000.00,cifi0007.DBF
HRWG,10HRWG,0,00,00,15,14,53.28,315,81.70,80.97,5.922760,0.344880,1000.00,cifi0007.DBF
HRWG,10HRWG,0,00,00,15,15,59.57,341,89.33,88.48,5.922760,0.344880,1000.00,cifi0007.DBF
HRWG,10HRWG,0,00,00,15,16,66.11,366,97.19,96.22,5.922760,0.344880,1000.00,cifi0007.DBF
HRWG,10HRWG,0,00,00,15,17,72.85,391,105.26,104.19,5.922760,0.344880,1000.00,cifi0007.DBF
HRWG,10HRWG,0,00,00,15,18,79.80,415,113.52,112.35,5.922760,0.344880,1000.00,cifi0007.DBF
HRWG,10HRWG,0,00,00,15,19,86.94,437,121.96,120.70,5.922760,0.344880,1000.00,cifi0007.DBF
HRWG,10HRWG,0,00,00,15,20,94.27,459,130.59,129.24,5.922760,0.344880,1000.00,cifi0007.DBF
HRWG,10HRWG,0,00,00,15,21,101.81,481,139.41,137.96,5.922760,0.344880,1000.00,cifi0007.DBF
HRWG,10HRWG,0,00,00,15,22,109.52,501,148.39,146.86,5.922760,0.344880,1000.00,cifi0007.DBF
HRWG,10HRWG,0,00,00,15,23,117.43,521,157.55,155.93,5.922760,0.344880,1000.00,cifi0007.DBF
HRWG,10HRWG,0,00,00,15,24,125.53,540,166.89,165.18,5.922760,0.344880,1000.00,cifi0007.DBF
HRWG,10HRWG,0,00,00,15,25,133.82,558,176.40,174.61,5.922760,0.344880,1000.00,cifi0007.DBF
HRWG,10HRWG,0,00,00,15,26,142.31,575,186.09,184.20,5.922760,0.344880,1000.00,cifi0007.DBF
HRWG,10HRWG,0,00,00,15,27,151.00,592,195.96,193.98,5.922760,0.344880,1000.00,cifi0007.DBF
HRWG,10HRWG,0,00,00,15,28,159.93,609,206.05,203.96,5.922760,0.344880,1000.00,cifi0007.DBF
HRWG,10HRWG,0,00,00,15,29,169.17,624,216.41,214.19,5.922760,0.344880,1000.00,cifi0007.DBF
HRWG,10HRWG,0,00,00,15,30,178.71,640,227.06,224.70,5.922760,0.344880,1000.00,cifi0007.DBF
HRWG,10HRWG,0,00,00,15,31,188.59,655,238.00,235.49,5.922760,0.344880,1000.00,cifi0007.DBF
HRWG,10HRWG,0,00,00,15,32,198.80,670,249.24,246.58,5.922760,0.344880,1000.00,cifi0007.DBF
HRWG,10HRWG,0,00,00,15,33,209.38,684,260.80,257.98,5.922760,0.344880,1000.00,cifi0007.DBF
HRWG,10HRWG,0,00,00,15,34,220.33,698,272.69,269.71,5.922760,0.344880,1000.00,cifi0007.DBF
HRWG,10HRWG,0,00,00,15,35,231.66,711,284.92,281.77,5.922760,0.344880,1000.00,cifi0007.DBF
HRWG,10HRWG,0,00,00,15,36,243.36,724,297.47,294.16,5.922760,0.344880,1000.00,cifi0007.DBF
HRWG,10HRWG,0,00,00,15,37,255.42,737,310.32,306.85,5.922760,0.344880,1000.00,cifi0007.DBF
HRWG,10HRWG,0,00,00,15,38,267.83,749,323.46,319.85,5.922760,0.344880,1000.00,cifi0007.DBF
HRWG,10HRWG,0,00,00,15,39,280.59,761,336.89,333.14,5.922760,0.344880,1000.00,cifi0007.DBF
HRWG,10HRWG,0,00,00,15,40,293.70,773,350.61,346.71,5.922760,0.344880,1000.00,cifi0007.DBF
HRWG,10HRWG,0,00,00,15,41,307.14,784,364.59,360.56,5.922760,0.344880,1000.00,cifi0007.DBF
HRWG,10HRWG,0,00,00,15,42,320.91,794,378.84,374.67,5.922760,0.344880,1000.00,cifi0007.DBF
HRWG,10HRWG,0,00,00,15,43,334.99,804,393.33,389.04,5.922760,0.344880,1000.00,cifi0007.DBF
HRWG,10HRWG,0,00,00,15,44,349.39,814,408.06,403.66,5.922760,0.344880,1000.00,cifi0007.DBF
HRWG,10HRWG,0,00,00,15,45,364.08,824,423.01,418.50,5.922760,0.344880,1000.00,cifi0007.DBF
HRWG,10HRWG,0,00,00,15,46,379.03,833,438.15,433.54,5.922760,0.344880,1000.00,cifi0007.DBF
HRWG,10HRWG,0,00,00,15,47,394.23,842,453.45,448.76,5.922760,0.344880,1000.00,cifi0007.DBF
HRWG,10HRWG,0,00,00,15,48,409.64,850,468.90,464.14,5.922760,0.344880,1000.00,cifi0007.DBF
HRWG,10HRWG,0,00,00,15,49,425.26,858,484.47,479.65,5.922760,0.344880,1000.00,cifi0007.DBF
HRWG,10HRWG,0,00,00,15,50,441.06,866,500.16,495.28,5.922760,0.344880,1000.00,cifi0007.DBF
HRWG,10HRWG,0,00,00,15,51,457.06,873,515.95,511.02,5.922760,0.344880,1000.00,cifi0007.DBF
HRWG,10HRWG,0,00,00,15,52,473.25,880,531.87,526.87,5.922760,0.344880,1000.00,cifi0007.DBF
HRWG,10HRWG,0,00,00,15,53,489.66,887,547.91,542.85,5.922760,0.344880,1000.00,cifi0007.DBF
HRWG,10HRWG,0,00,00,15,54,506.28,893,564.07,558.95,5.922760,0.344880,1000.00,cifi0007.DBF
HRWG,10HRWG,0,00,00,15,55,523.09,900,580.35,575.17,5.922760,0.344880,1000.00,cifi0007.DBF
HRWG,10HRWG,0,00,00,15,56,540.05,906,596.68,591.48,5.922760,0.344880,1000.00,cifi0007.DBF
HRWG,10HRWG,0,00,00,15,57,557.08,911,613.01,607.81,5.922760,0.344880,1000.00,cifi0007.DBF
HRWG,10HRWG,0,00,00,15,58,574.11,917,629.27,624.10,5.922760,0.344880,1000.00,cifi0007.DBF
HRWG,10HRWG,0,00,00,15,59,591.08,922,645.40,640.30,5.922760,0.344880,1000.00,cifi0007.DBF
HRWG,10HRWG,0,00,00,15,60,607.95,927,661.37,656.35,5.922760,0.344880,1000.00,cifi0007.DBF
HRWG,10HRWG,0,00,00,15,61,624.70,931,677.16,672.22,5.922760,0.344880,1000.00,cifi0007.DBF
HRWG,10HRWG,0,00,00,15,62,641.34,936,692.78,687.93,5.922760,0.344880,1000.00,cifi0007.DBF
HRWG,10HRWG,0,00,00,15,63,657.89,940,708.25,703.47,5.922760,0.344880,1000.00,cifi0007.DBF
HRWG,10HRWG,0,00,00,15,64,674.36,944,723.58,718.87,5.922760,0.344880,1000.00,cifi0007.DBF
HRWG,10HRWG,0,00,00,15,65,690.73,948,738.74,734.12,5.922760,0.344880,1000.00,cifi0007.DBF
HRWG,10HRWG,0,00,00,15,66,706.94,952,753.71,749.19,5.922760,0.344880,1000.00,cifi0007.DBF
HRWG,10HRWG,0,00,00,15,67,722.94,955,768.41,764.02,5.922760,0.344880,1000.00,cifi0007.DBF
HRWG,10HRWG,0,00,00,15,68,738.74,958,782.87,778.60,5.922760,0.344880,1000.00,cifi0007.DBF
HRWG,10HRWG,0,00,00,15,69,754.12,962,796.89,792.84,5.922760,0.344880,1000.00,cifi0007.DBF
HRWG,10HRWG,0,00,00,15,70,769.01,965,810.40,806.61,5.922760,0.344880,1000.00,cifi0007.DBF
HRWG,10HRWG,0,00,00,15,71,783.30,967,823.33,819.83,5.922760,0.344880,1000.00,cifi0007.DBF
HRWG,10HRWG,0,00,00,15,72,796.89,970,835.57,832.41,5.922760,0.344880,1000.00,cifi0007.DBF
HRWG,10HRWG,0,00,00,15,73,809.70,972,847.06,844.27,5.922760,0.344880,1000.00,cifi0007.DBF
HRWG,10HRWG,0,00,00,15,74,821.65,974,857.73,855.35,5.922760,0.344880,1000.00,cifi0007.DBF
HRWG,10HRWG,0,00,00,15,75,832.79,976,867.62,865.63,5.922760,0.344880,1000.00,cifi0007.DBF
HRWG,10HRWG,0,00,00,15,76,843.20,978,876.80,875.17,5.922760,0.344880,1000.00,cifi0007.DBF
HRWG,10HRWG,0,00,00,15,77,853.09,979,885.44,884.08,5.922760,0.344880,1000.00,cifi0007.DBF
HRWG,10HRWG,0,00,00,15,78,862.76,981,893.79,892.57,5.922760,0.344880,1000.00,cifi0007.DBF
HRWG,10HRWG,0,00,00,15,79,872.63,982,902.16,900.93,5.922760,0.344880,1000.00,cifi0007.DBF
HRWG,10HRWG,0,00,00,15,80,883.38,984,911.10,909.59,5.922760,0.344880,1000.00,cifi0007.DBF
HRWG,10HRWG,0,00,00,15,81,896.05,986,921.43,919.22,5.922760,0.344880,1000.00,cifi0007.DBF
HRWG,10HRWG,0,00,00,15,82,911.39,988,933.61,930.48,5.922760,0.344880,1000.00,cifi0007.DBF
HRWG,10HRWG,0,00,00,15,83,931.25,991,948.96,944.25,5.922760,0.344880,1000.00,cifi0007.DBF
HRWG,10HRWG,0,00,00,15,84,958.81,995,969.71,962.30,5.922760,0.344880,1000.00,cifi0007.DBF
HRWG,10HRWG,0,00,00,15,85,1000.00,1000,1000.00,987.82,5.922760,0.344880,1000.00,cifi0007.DBF
HRWG,10HRWG,0,00,00,16,1,0.00,0,0.00,0.25,0.492680,0.492680,1000.00,cifi0007.DBF
HRWG,10HRWG,0,00,00,16,2,0.00,0,5.61,5.86,6.119490,0.492680,1000.00,cifi0007.DBF
HRWG,10HRWG,0,00,00,16,3,0.00,0,11.24,11.49,6.119490,0.492680,1000.00,cifi0007.DBF
HRWG,10HRWG,0,00,00,16,4,1.68,13,17.03,17.20,6.119490,0.492680,1000.00,cifi0007.DBF
HRWG,10HRWG,0,00,00,16,5,6.27,48,22.95,23.05,6.119490,0.492680,1000.00,cifi0007.DBF
HRWG,10HRWG,0,00,00,16,6,11.01,81,29.02,29.05,6.119490,0.492680,1000.00,cifi0007.DBF
HRWG,10HRWG,0,00,00,16,7,15.90,113,35.26,35.20,6.119490,0.492680,1000.00,cifi0007.DBF
HRWG,10HRWG,0,00,00,16,8,20.95,145,41.65,41.51,6.119490,0.492680,1000.00,cifi0007.DBF
HRWG,10HRWG,0,00,00,16,9,26.17,175,48.22,48.00,6.119490,0.492680,1000.00,cifi0007.DBF
HRWG,10HRWG,0,00,00,16,10,31.56,205,54.96,54.65,6.119490,0.492680,1000.00,cifi0007.DBF
HRWG,10HRWG,0,00,00,16,11,37.15,234,61.91,61.50,6.119490,0.492680,1000.00,cifi0007.DBF
HRWG,10HRWG,0,00,00,16,12,42.98,262,69.10,68.57,6.119490,0.492680,1000.00,cifi0007.DBF
HRWG,10HRWG,0,00,00,16,13,49.06,290,76.53,75.87,6.119490,0.492680,1000.00,cifi0007.DBF
HRWG,10HRWG,0,00,00,16,14,55.38,317,84.20,83.42,6.119490,0.492680,1000.00,cifi0007.DBF
HRWG,10HRWG,0,00,00,16,15,61.94,343,92.10,91.21,6.119490,0.492680,1000.00,cifi0007.DBF
HRWG,10HRWG,0,00,00,16,16,68.72,369,100.22,99.22,6.119490,0.492680,1000.00,cifi0007.DBF
HRWG,10HRWG,0,00,00,16,17,75.69,393,108.52,107.43,6.119490,0.492680,1000.00,cifi0007.DBF
HRWG,10HRWG,0,00,00,16,18,82.86,417,117.01,115.82,6.119490,0.492680,1000.00,cifi0007.DBF
HRWG,10HRWG,0,00,00,16,19,90.23,440,125.69,124.41,6.119490,0.492680,1000.00,cifi0007.DBF
HRWG,10HRWG,0,00,00,16,20,97.80,462,134.55,133.18,6.119490,0.492680,1000.00,cifi0007.DBF
HRWG,10HRWG,0,00,00,16,21,105.55,483,143.59,142.13,6.119490,0.492680,1000.00,cifi0007.DBF
HRWG,10HRWG,0,00,00,16,22,113.49,503,152.80,151.25,6.119490,0.492680,1000.00,cifi0007.DBF
HRWG,10HRWG,0,00,00,16,23,121.63,523,162.19,160.55,6.119490,0.492680,1000.00,cifi0007.DBF
HRWG,10HRWG,0,00,00,16,24,129.96,542,171.75,170.03,6.119490,0.492680,1000.00,cifi0007.DBF
HRWG,10HRWG,0,00,00,16,25,138.48,560,181.49,179.68,6.119490,0.492680,1000.00,cifi0007.DBF
HRWG,10HRWG,0,00,00,16,26,147.21,577,191.42,189.51,6.119490,0.492680,1000.00,cifi0007.DBF
HRWG,10HRWG,0,00,00,16,27,156.18,594,201.56,199.55,6.119490,0.492680,1000.00,cifi0007.DBF
HRWG,10HRWG,0,00,00,16,28,165.46,611,211.98,209.83,6.119490,0.492680,1000.00,cifi0007.DBF
HRWG,10HRWG,0,00,00,16,29,175.05,627,222.69,220.40,6.119490,0.492680,1000.00,cifi0007.DBF
HRWG,10HRWG,0,00,00,16,30,184.97,642,233.69,231.25,6.119490,0.492680,1000.00,cifi0007.DBF
HRWG,10HRWG,0,00,00,16,31,195.23,658,244.99,242.40,6.119490,0.492680,1000.00,cifi0007.DBF
HRWG,10HRWG,0,00,00,16,32,205.85,672,256.62,253.87,6.119490,0.492680,1000.00,cifi0007.DBF
HRWG,10HRWG,0,00,00,16,33,216.85,687,268.58,265.66,6.119490,0.492680,1000.00,cifi0007.DBF
HRWG,10HRWG,0,00,00,16,34,228.23,701,280.88,277.79,6.119490,0.492680,1000.00,cifi0007.DBF
HRWG,10HRWG,0,00,00,16,35,239.99,714,293.49,290.24,6.119490,0.492680,1000.00,cifi0007.DBF
HRWG,10HRWG,0,00,00,16,36,252.10,727,306.41,303.01,6.119490,0.492680,1000.00,cifi0007.DBF
HRWG,10HRWG,0,00,00,16,37,264.57,740,319.63,316.08,6.119490,0.492680,1000.00,cifi0007.DBF
HRWG,10HRWG,0,00,00,16,38,277.38,752,333.13,329.44,6.119490,0.492680,1000.00,cifi0007.DBF
HRWG,10HRWG,0,00,00,16,39,290.55,764,346.92,343.09,6.119490,0.492680,1000.00,cifi0007.DBF
HRWG,10HRWG,0,00,00,16,40,304.05,776,360.98,357.01,6.119490,0.492680,1000.00,cifi0007.DBF
HRWG,10HRWG,0,00,00,16,41,317.88,787,375.31,371.21,6.119490,0.492680,1000.00,cifi0007.DBF
HRWG,10HRWG,0,00,00,16,42,332.03,797,389.88,385.66,6.119490,0.492680,1000.00,cifi0007.DBF
HRWG,10HRWG,0,00,00,16,43,346.49,808,404.70,400.35,6.119490,0.492680,1000.00,cifi0007.DBF
HRWG,10HRWG,0,00,00,16,44,361.24,817,419.73,415.27,6.119490,0.492680,1000.00,cifi0007.DBF
HRWG,10HRWG,0,00,00,16,45,376.26,827,434.95,430.40,6.119490,0.492680,1000.00,cifi0007.DBF
HRWG,10HRWG,0,00,00,16,46,391.52,836,450.34,445.70,6.119490,0.492680,1000.00,cifi0007.DBF
HRWG,10HRWG,0,00,00,16,47,407.01,845,465.87,461.17,6.119490,0.492680,1000.00,cifi0007.DBF
HRWG,10HRWG,0,00,00,16,48,422.70,853,481.53,476.76,6.119490,0.492680,1000.00,cifi0007.DBF
HRWG,10HRWG,0,00,00,16,49,438.57,861,497.30,492.48,6.119490,0.492680,1000.00,cifi0007.DBF
HRWG,10HRWG,0,00,00,16,50,454.64,868,513.19,508.31,6.119490,0.492680,1000.00,cifi0007.DBF
HRWG,10HRWG,0,00,00,16,51,470.90,876,529.19,524.25,6.119490,0.492680,1000.00,cifi0007.DBF
HRWG,10HRWG,0,00,00,16,52,487.38,883,545.32,540.31,6.119490,0.492680,1000.00,cifi0007.DBF
HRWG,10HRWG,0,00,00,16,53,504.08,889,561.58,556.51,6.119490,0.492680,1000.00,cifi0007.DBF
HRWG,10HRWG,0,00,00,16,54,520.96,896,577.94,572.82,6.119490,0.492680,1000.00,cifi0007.DBF
HRWG,10HRWG,0,00,00,16,55,538.00,902,594.36,589.21,6.119490,0.492680,1000.00,cifi0007.DBF
HRWG,10HRWG,0,00,00,16,56,555.10,908,610.78,605.63,6.119490,0.492680,1000.00,cifi0007.DBF
HRWG,10HRWG,0,00,00,16,57,572.21,914,627.13,622.02,6.119490,0.492680,1000.00,cifi0007.DBF
HRWG,10HRWG,0,00,00,16,58,589.26,919,643.36,638.30,6.119490,0.492680,1000.00,cifi0007.DBF
HRWG,10HRWG,0,00,00,16,59,606.20,924,659.41,654.44,6.119490,0.492680,1000.00,cifi0007.DBF
HRWG,10HRWG,0,00,00,16,60,623.03,929,675.29,670.41,6.119490,0.492680,1000.00,cifi0007.DBF
HRWG,10HRWG,0,00,00,16,61,639.74,934,690.99,686.20,6.119490,0.492680,1000.00,cifi0007.DBF
HRWG,10HRWG,0,00,00,16,62,656.36,938,706.55,701.83,6.119490,0.492680,1000.00,cifi0007.DBF
HRWG,10HRWG,0,00,00,16,63,672.91,942,721.96,717.31,6.119490,0.492680,1000.00,cifi0007.DBF
HRWG,10HRWG,0,00,00,16,64,689.35,946,737.21,732.65,6.119490,0.492680,1000.00,cifi0007.DBF
HRWG,10HRWG,0,00,00,16,65,705.64,950,752.26,747.80,6.119490,0.492680,1000.00,cifi0007.DBF
HRWG,10HRWG,0,00,00,16,66,721.71,954,767.04,762.71,6.119490,0.492680,1000.00,cifi0007.DBF
HRWG,10HRWG,0,00,00,16,67,737.57,957,781.58,777.37,6.119490,0.492680,1000.00,cifi0007.DBF
HRWG,10HRWG,0,00,00,16,68,753.02,960,795.68,791.69,6.119490,0.492680,1000.00,cifi0007.DBF
HRWG,10HRWG,0,00,00,16,69,767.98,963,809.27,805.53,6.119490,0.492680,1000.00,cifi0007.DBF
HRWG,10HRWG,0,00,00,16,70,782.33,966,822.27,818.83,6.119490,0.492680,1000.00,cifi0007.DBF
HRWG,10HRWG,0,00,00,16,71,795.99,969,834.58,831.48,6.119490,0.492680,1000.00,cifi0007.DBF
HRWG,10HRWG,0,00,00,16,72,808.85,971,846.13,843.41,6.119490,0.492680,1000.00,cifi0007.DBF
HRWG,10HRWG,0,00,00,16,73,820.85,973,856.86,854.55,6.119490,0.492680,1000.00,cifi0007.DBF
HRWG,10HRWG,0,00,00,16,74,832.04,975,866.81,864.89,6.119490,0.492680,1000.00,cifi0007.DBF
HRWG,10HRWG,0,00,00,16,75,842.50,977,876.04,874.48,6.119490,0.492680,1000.00,cifi0007.DBF
HRWG,10HRWG,0,00,00,16,76,852.43,979,884.73,883.45,6.119490,0.492680,1000.00,cifi0007.DBF
HRWG,10HRWG,0,00,00,16,77,862.15,980,893.12,891.98,6.119490,0.492680,1000.00,cifi0007.DBF
HRWG,10HRWG,0,00,00,16,78,872.06,982,901.54,900.39,6.119490,0.492680,1000.00,cifi0007.DBF
HRWG,10HRWG,0,00,00,16,79,882.86,984,910.54,909.10,6.119490,0.492680,1000.00,cifi0007.DBF
HRWG,10HRWG,0,00,00,16,80,895.58,985,920.93,918.79,6.119490,0.492680,1000.00,cifi0007.DBF
HRWG,10HRWG,0,00,00,16,81,911.00,988,933.19,930.12,6.119490,0.492680,1000.00,cifi0007.DBF
HRWG,10HRWG,0,00,00,16,82,930.94,991,948.63,943.97,6.119490,0.492680,1000.00,cifi0007.DBF
HRWG,10HRWG,0,00,00,16,83,958.63,995,969.51,962.13,6.119490,0.492680,1000.00,cifi0007.DBF
HRWG,10HRWG,0,00,00,16,84,1000.00,1000,1000.00,987.82,6.119490,0.492680,1000.00,cifi0007.DBF
HRWG,10HRWG,0,00,00,17,1,0.00,0,0.00,0.34,0.679900,0.679900,1000.00,cifi0007.DBF
HRWG,10HRWG,0,00,00,17,2,0.00,0,5.67,5.99,6.317690,0.679900,1000.00,cifi0007.DBF
HRWG,10HRWG,0,00,00,17,3,0.00,0,11.48,11.74,6.317690,0.679900,1000.00,cifi0007.DBF
HRWG,10HRWG,0,00,00,17,4,1.81,14,17.44,17.62,6.317690,0.679900,1000.00,cifi0007.DBF
HRWG,10HRWG,0,00,00,17,5,6.57,48,23.55,23.65,6.317690,0.679900,1000.00,cifi0007.DBF
HRWG,10HRWG,0,00,00,17,6,11.48,82,29.81,29.84,6.317690,0.679900,1000.00,cifi0007.DBF
HRWG,10HRWG,0,00,00,17,7,16.55,114,36.25,36.19,6.317690,0.679900,1000.00,cifi0007.DBF
HRWG,10HRWG,0,00,00,17,8,21.79,146,42.85,42.71,6.317690,0.679900,1000.00,cifi0007.DBF
HRWG,10HRWG,0,00,00,17,9,27.20,177,49.63,49.40,6.317690,0.679900,1000.00,cifi0007.DBF
HRWG,10HRWG,0,00,00,17,10,32.83,207,56.62,56.28,6.317690,0.679900,1000.00,cifi0007.DBF
HRWG,10HRWG,0,00,00,17,11,38.68,236,63.85,63.39,6.317690,0.679900,1000.00,cifi0007.DBF
HRWG,10HRWG,0,00,00,17,12,44.79,265,71.31,70.74,6.317690,0.679900,1000.00,cifi0007.DBF
HRWG,10HRWG,0,00,00,17,13,51.13,293,79.03,78.33,6.317690,0.679900,1000.00,cifi0007.DBF
HRWG,10HRWG,0,00,00,17,14,57.72,320,86.98,86.16,6.317690,0.679900,1000.00,cifi0007.DBF
HRWG,10HRWG,0,00,00,17,15,64.53,346,95.14,94.21,6.317690,0.679900,1000.00,cifi0007.DBF
HRWG,10HRWG,0,00,00,17,16,71.54,372,103.49,102.47,6.317690,0.679900,1000.00,cifi0007.DBF
HRWG,10HRWG,0,00,00,17,17,78.74,396,112.02,110.91,6.317690,0.679900,1000.00,cifi0007.DBF
HRWG,10HRWG,0,00,00,17,18,86.14,420,120.75,119.54,6.317690,0.679900,1000.00,cifi0007.DBF
HRWG,10HRWG,0,00,00,17,19,93.74,443,129.66,128.36,6.317690,0.679900,1000.00,cifi0007.DBF
HRWG,10HRWG,0,00,00,17,20,101.53,465,138.75,137.36,6.317690,0.679900,1000.00,cifi0007.DBF
HRWG,10HRWG,0,00,00,17,21,109.51,486,148.01,146.54,6.317690,0.679900,1000.00,cifi0007.DBF
HRWG,10HRWG,0,00,00,17,22,117.68,506,157.45,155.89,6.317690,0.679900,1000.00,cifi0007.DBF
HRWG,10HRWG,0,00,00,17,23,126.05,525,167.07,165.42,6.317690,0.679900,1000.00,cifi0007.DBF
HRWG,10HRWG,0,00,00,17,24,134.61,544,176.86,175.12,6.317690,0.679900,1000.00,cifi0007.DBF
HRWG,10HRWG,0,00,00,17,25,143.38,562,186.84,185.01,6.317690,0.679900,1000.00,cifi0007.DBF
HRWG,10HRWG,0,00,00,17,26,152.39,580,197.04,195.10,6.317690,0.679900,1000.00,cifi0007.DBF
HRWG,10HRWG,0,00,00,17,27,161.71,597,207.52,205.44,6.317690,0.679900,1000.00,cifi0007.DBF
HRWG,10HRWG,0,00,00,17,28,171.34,614,218.29,216.07,6.317690,0.679900,1000.00,cifi0007.DBF
HRWG,10HRWG,0,00,00,17,29,181.30,630,229.35,226.98,6.317690,0.679900,1000.00,cifi0007.DBF
HRWG,10HRWG,0,00,00,17,30,191.61,645,240.72,238.19,6.317690,0.679900,1000.00,cifi0007.DBF
HRWG,10HRWG,0,00,00,17,31,202.28,661,252.41,249.72,6.317690,0.679900,1000.00,cifi0007.DBF
HRWG,10HRWG,0,00,00,17,32,213.33,676,264.43,261.58,6.317690,0.679900,1000.00,cifi0007.DBF
HRWG,10HRWG,0,00,00,17,33,224.76,690,276.80,273.77,6.317690,0.679900,1000.00,cifi0007.DBF
HRWG,10HRWG,0,00,00,17,34,236.57,704,289.48,286.30,6.317690,0.679900,1000.00,cifi0007.DBF
HRWG,10HRWG,0,00,00,17,35,248.74,718,302.47,299.14,6.317690,0.679900,1000.00,cifi0007.DBF
HRWG,10HRWG,0,00,00,17,36,261.26,731,315.76,312.28,6.317690,0.679900,1000.00,cifi0007.DBF
HRWG,10HRWG,0,00,00,17,37,274.13,744,329.34,325.71,6.317690,0.679900,1000.00,cifi0007.DBF
HRWG,10HRWG,0,00,00,17,38,287.36,756,343.21,339.44,6.317690,0.679900,1000.00,cifi0007.DBF
HRWG,10HRWG,0,00,00,17,39,300.92,768,357.35,353.44,6.317690,0.679900,1000.00,cifi0007.DBF
HRWG,10HRWG,0,00,00,17,40,314.81,779,371.76,367.71,6.317690,0.679900,1000.00,cifi0007.DBF
HRWG,10HRWG,0,00,00,17,41,329.03,790,386.41,382.24,6.317690,0.679900,1000.00,cifi0007.DBF
HRWG,10HRWG,0,00,00,17,42,343.55,801,401.31,397.02,6.317690,0.679900,1000.00,cifi0007.DBF
HRWG,10HRWG,0,00,00,17,43,358.37,811,416.42,412.02,6.317690,0.679900,1000.00,cifi0007.DBF
HRWG,10HRWG,0,00,00,17,44,373.46,821,431.73,427.23,6.317690,0.679900,1000.00,cifi0007.DBF
HRWG,10HRWG,0,00,00,17,45,388.79,830,447.20,442.62,6.317690,0.679900,1000.00,cifi0007.DBF
HRWG,10HRWG,0,00,00,17,46,404.35,839,462.82,458.17,6.317690,0.679900,1000.00,cifi0007.DBF
HRWG,10HRWG,0,00,00,17,47,420.10,848,478.57,473.86,6.317690,0.679900,1000.00,cifi0007.DBF
HRWG,10HRWG,0,00,00,17,48,436.05,856,494.43,489.66,6.317690,0.679900,1000.00,cifi0007.DBF
HRWG,10HRWG,0,00,00,17,49,452.19,864,510.40,505.57,6.317690,0.679900,1000.00,cifi0007.DBF
HRWG,10HRWG,0,00,00,17,50,468.53,871,526.49,521.60,6.317690,0.679900,1000.00,cifi0007.DBF
HRWG,10HRWG,0,00,00,17,51,485.08,879,542.71,537.76,6.317690,0.679900,1000.00,cifi0007.DBF
HRWG,10HRWG,0,00,00,17,52,501.85,886,559.06,554.04,6.317690,0.679900,1000.00,cifi0007.DBF
HRWG,10HRWG,0,00,00,17,53,518.81,892,575.51,570.44,6.317690,0.679900,1000.00,cifi0007.DBF
HRWG,10HRWG,0,00,00,17,54,535.92,899,592.03,586.93,6.317690,0.679900,1000.00,cifi0007.DBF
HRWG,10HRWG,0,00,00,17,55,553.10,905,608.54,603.44,6.317690,0.679900,1000.00,cifi0007.DBF
HRWG,10HRWG,0,00,00,17,56,570.29,911,624.98,619.92,6.317690,0.679900,1000.00,cifi0007.DBF
HRWG,10HRWG,0,00,00,17,57,587.41,916,641.29,636.29,6.317690,0.679900,1000.00,cifi0007.DBF
HRWG,10HRWG,0,00,00,17,58,604.43,921,657.44,652.52,6.317690,0.679900,1000.00,cifi0007.DBF
HRWG,10HRWG,0,00,00,17,59,621.33,926,673.40,668.58,6.317690,0.679900,1000.00,cifi0007.DBF
HRWG,10HRWG,0,00,00,17,60,638.12,931,689.19,684.46,6.317690,0.679900,1000.00,cifi0007.DBF
HRWG,10HRWG,0,00,00,17,61,654.82,936,704.83,700.17,6.317690,0.679900,1000.00,cifi0007.DBF
HRWG,10HRWG,0,00,00,17,62,671.44,940,720.34,715.74,6.317690,0.679900,1000.00,cifi0007.DBF
HRWG,10HRWG,0,00,00,17,63,687.95,944,735.67,731.16,6.317690,0.679900,1000.00,cifi0007.DBF
HRWG,10HRWG,0,00,00,17,64,704.31,948,750.80,746.40,6.317690,0.679900,1000.00,cifi0007.DBF
HRWG,10HRWG,0,00,00,17,65,720.45,952,765.67,761.39,6.317690,0.679900,1000.00,cifi0007.DBF
HRWG,10HRWG,0,00,00,17,66,736.39,955,780.29,776.14,6.317690,0.679900,1000.00,cifi0007.DBF
HRWG,10HRWG,0,00,00,17,67,751.91,959,794.46,790.53,6.317690,0.679900,1000.00,cifi0007.DBF
HRWG,10HRWG,0,00,00,17,68,766.94,962,808.13,804.45,6.317690,0.679900,1000.00,cifi0007.DBF
HRWG,10HRWG,0,00,00,17,69,781.36,965,821.20,817.82,6.317690,0.679900,1000.00,cifi0007.DBF
HRWG,10HRWG,0,00,00,17,70,795.07,968,833.58,830.55,6.317690,0.679900,1000.00,cifi0007.DBF
HRWG,10HRWG,0,00,00,17,71,807.99,970,845.19,842.54,6.317690,0.679900,1000.00,cifi0007.DBF
HRWG,10HRWG,0,00,00,17,72,820.05,972,855.98,853.75,6.317690,0.679900,1000.00,cifi0007.DBF
HRWG,10HRWG,0,00,00,17,73,831.29,974,865.99,864.14,6.317690,0.679900,1000.00,cifi0007.DBF
HRWG,10HRWG,0,00,00,17,74,841.79,976,875.28,873.79,6.317690,0.679900,1000.00,cifi0007.DBF
HRWG,10HRWG,0,00,00,17,75,851.77,978,884.01,882.80,6.317690,0.679900,1000.00,cifi0007.DBF
HRWG,10HRWG,0,00,00,17,76,861.53,979,892.45,891.39,6.317690,0.679900,1000.00,cifi0007.DBF
HRWG,10HRWG,0,00,00,17,77,871.49,981,900.92,899.85,6.317690,0.679900,1000.00,cifi0007.DBF
HRWG,10HRWG,0,00,00,17,78,882.33,983,909.97,908.61,6.317690,0.679900,1000.00,cifi0007.DBF
HRWG,10HRWG,0,00,00,17,79,895.11,985,920.42,918.36,6.317690,0.679900,1000.00,cifi0007.DBF
HRWG,10HRWG,0,00,00,17,80,910.60,987,932.76,929.75,6.317690,0.679900,1000.00,cifi0007.DBF
HRWG,10HRWG,0,00,00,17,81,930.63,990,948.30,943.69,6.317690,0.679900,1000.00,cifi0007.DBF
HRWG,10HRWG,0,00,00,17,82,958.44,994,969.31,961.97,6.317690,0.679900,1000.00,cifi0007.DBF
HRWG,10HRWG,0,00,00,17,83,1000.00,1000,1000.00,987.82,6.317690,0.679900,1000.00,cifi0007.DBF
HRWG,10HRWG,0,00,00,18,1,0.00,0,0.00,0.41,0.817850,0.817850,1000.00,cifi0007.DBF
HRWG,10HRWG,0,00,00,18,2,0.00,0,5.85,6.18,6.519250,0.817850,1000.00,cifi0007.DBF
HRWG,10HRWG,0,00,00,18,3,0.00,0,11.83,12.10,6.519250,0.817850,1000.00,cifi0007.DBF
HRWG,10HRWG,0,00,00,18,4,2.11,16,17.98,18.17,6.519250,0.817850,1000.00,cifi0007.DBF
HRWG,10HRWG,0,00,00,18,5,7.05,50,24.28,24.39,6.519250,0.817850,1000.00,cifi0007.DBF
HRWG,10HRWG,0,00,00,18,6,12.14,84,30.75,30.77,6.519250,0.817850,1000.00,cifi0007.DBF
HRWG,10HRWG,0,00,00,18,7,17.40,117,37.39,37.33,6.519250,0.817850,1000.00,cifi0007.DBF
HRWG,10HRWG,0,00,00,18,8,22.84,148,44.21,44.06,6.519250,0.817850,1000.00,cifi0007.DBF
HRWG,10HRWG,0,00,00,18,9,28.49,179,51.24,50.98,6.519250,0.817850,1000.00,cifi0007.DBF
HRWG,10HRWG,0,00,00,18,10,34.37,210,58.50,58.13,6.519250,0.817850,1000.00,cifi0007.DBF
HRWG,10HRWG,0,00,00,18,11,40.50,239,66.01,65.52,6.519250,0.817850,1000.00,cifi0007.DBF
HRWG,10HRWG,0,00,00,18,12,46.87,268,73.77,73.15,6.519250,0.817850,1000.00,cifi0007.DBF
HRWG,10HRWG,0,00,00,18,13,53.50,296,81.76,81.03,6.519250,0.817850,1000.00,cifi0007.DBF
HRWG,10HRWG,0,00,00,18,14,60.33,324,89.97,89.13,6.519250,0.817850,1000.00,cifi0007.DBF
HRWG,10HRWG,0,00,00,18,15,67.37,350,98.37,97.43,6.519250,0.817850,1000.00,cifi0007.DBF
HRWG,10HRWG,0,00,00,18,16,74.61,375,106.95,105.92,6.519250,0.817850,1000.00,cifi0007.DBF
HRWG,10HRWG,0,00,00,18,17,82.04,400,115.72,114.60,6.519250,0.817850,1000.00,cifi0007.DBF
HRWG,10HRWG,0,00,00,18,18,89.68,423,124.69,123.47,6.519250,0.817850,1000.00,cifi0007.DBF
HRWG,10HRWG,0,00,00,18,19,97.50,446,133.82,132.52,6.519250,0.817850,1000.00,cifi0007.DBF
HRWG,10HRWG,0,00,00,18,20,105.51,468,143.14,141.74,6.519250,0.817850,1000.00,cifi0007.DBF
HRWG,10HRWG,0,00,00,18,21,113.72,489,152.63,151.15,6.519250,0.817850,1000.00,cifi0007.DBF
HRWG,10HRWG,0,00,00,18,22,122.13,509,162.31,160.73,6.519250,0.817850,1000.00,cifi0007.DBF
HRWG,10HRWG,0,00,00,18,23,130.73,529,172.15,170.49,6.519250,0.817850,1000.00,cifi0007.DBF
HRWG,10HRWG,0,00,00,18,24,139.54,547,182.19,180.43,6.519250,0.817850,1000.00,cifi0007.DBF
HRWG,10HRWG,0,00,00,18,25,148.59,565,192.45,190.58,6.519250,0.817850,1000.00,cifi0007.DBF
HRWG,10HRWG,0,00,00,18,26,157.95,583,202.99,200.98,6.519250,0.817850,1000.00,cifi0007.DBF
HRWG,10HRWG,0,00,00,18,27,167.62,600,213.81,211.66,6.519250,0.817850,1000.00,cifi0007.DBF
HRWG,10HRWG,0,00,00,18,28,177.63,617,224.94,222.64,6.519250,0.817850,1000.00,cifi0007.DBF
HRWG,10HRWG,0,00,00,18,29,187.98,633,236.37,233.91,6.519250,0.817850,1000.00,cifi0007.DBF
HRWG,10HRWG,0,00,00,18,30,198.70,649,248.13,245.51,6.519250,0.817850,1000.00,cifi0007.DBF
HRWG,10HRWG,0,00,00,18,31,209.80,664,260.22,257.43,6.519250,0.817850,1000.00,cifi0007.DBF
HRWG,10HRWG,0,00,00,18,32,221.29,679,272.65,269.69,6.519250,0.817850,1000.00,cifi0007.DBF
HRWG,10HRWG,0,00,00,18,33,233.15,694,285.41,282.29,6.519250,0.817850,1000.00,cifi0007.DBF
HRWG,10HRWG,0,00,00,18,34,245.37,708,298.47,295.20,6.519250,0.817850,1000.00,cifi0007.DBF
HRWG,10HRWG,0,00,00,18,35,257.95,722,311.84,308.41,6.519250,0.817850,1000.00,cifi0007.DBF
HRWG,10HRWG,0,00,00,18,36,270.88,735,325.49,321.92,6.519250,0.817850,1000.00,cifi0007.DBF
HRWG,10HRWG,0,00,00,18,37,284.16,747,339.44,335.73,6.519250,0.817850,1000.00,cifi0007.DBF
HRWG,10HRWG,0,00,00,18,38,297.78,760,353.66,349.81,6.519250,0.817850,1000.00,cifi0007.DBF
HRWG,10HRWG,0,00,00,18,39,311.74,772,368.14,364.16,6.519250,0.817850,1000.00,cifi0007.DBF
HRWG,10HRWG,0,00,00,18,40,326.02,783,382.88,378.77,6.519250,0.817850,1000.00,cifi0007.DBF
HRWG,10HRWG,0,00,00,18,41,340.61,794,397.86,393.63,6.519250,0.817850,1000.00,cifi0007.DBF
HRWG,10HRWG,0,00,00,18,42,355.49,804,413.06,408.72,6.519250,0.817850,1000.00,cifi0007.DBF
HRWG,10HRWG,0,00,00,18,43,370.65,814,428.45,424.02,6.519250,0.817850,1000.00,cifi0007.DBF
HRWG,10HRWG,0,00,00,18,44,386.05,824,444.01,439.49,6.519250,0.817850,1000.00,cifi0007.DBF
HRWG,10HRWG,0,00,00,18,45,401.67,833,459.72,455.13,6.519250,0.817850,1000.00,cifi0007.DBF
HRWG,10HRWG,0,00,00,18,46,417.50,842,475.56,470.90,6.519250,0.817850,1000.00,cifi0007.DBF
HRWG,10HRWG,0,00,00,18,47,433.52,851,491.51,486.79,6.519250,0.817850,1000.00,cifi0007.DBF
HRWG,10HRWG,0,00,00,18,48,449.73,859,507.57,502.80,6.519250,0.817850,1000.00,cifi0007.DBF
HRWG,10HRWG,0,00,00,18,49,466.14,867,523.75,518.92,6.519250,0.817850,1000.00,cifi0007.DBF
HRWG,10HRWG,0,00,00,18,50,482.77,874,540.06,535.16,6.519250,0.817850,1000.00,cifi0007.DBF
HRWG,10HRWG,0,00,00,18,51,499.61,882,556.50,551.54,6.519250,0.817850,1000.00,cifi0007.DBF
HRWG,10HRWG,0,00,00,18,52,516.65,888,573.04,568.03,6.519250,0.817850,1000.00,cifi0007.DBF
HRWG,10HRWG,0,00,00,18,53,533.84,895,589.65,584.61,6.519250,0.817850,1000.00,cifi0007.DBF
HRWG,10HRWG,0,00,00,18,54,551.10,901,606.26,601.21,6.519250,0.817850,1000.00,cifi0007.DBF
HRWG,10HRWG,0,00,00,18,55,568.36,908,622.79,617.78,6.519250,0.817850,1000.00,cifi0007.DBF
HRWG,10HRWG,0,00,00,18,56,585.56,913,639.19,634.25,6.519250,0.817850,1000.00,cifi0007.DBF
HRWG,10HRWG,0,00,00,18,57,602.66,919,655.43,650.57,6.519250,0.817850,1000.00,cifi0007.DBF
HRWG,10HRWG,0,00,00,18,58,619.63,924,671.48,666.71,6.519250,0.817850,1000.00,cifi0007.DBF
HRWG,10HRWG,0,00,00,18,59,636.50,929,687.36,682.68,6.519250,0.817850,1000.00,cifi0007.DBF
HRWG,10HRWG,0,00,00,18,60,653.27,934,703.09,698.49,6.519250,0.817850,1000.00,cifi0007.DBF
HRWG,10HRWG,0,00,00,18,61,669.97,938,718.68,714.15,6.519250,0.817850,1000.00,cifi0007.DBF
HRWG,10HRWG,0,00,00,18,62,686.55,942,734.10,729.65,6.519250,0.817850,1000.00,cifi0007.DBF
HRWG,10HRWG,0,00,00,18,63,702.99,946,749.32,744.97,6.519250,0.817850,1000.00,cifi0007.DBF
HRWG,10HRWG,0,00,00,18,64,719.20,950,764.27,760.05,6.519250,0.817850,1000.00,cifi0007.DBF
HRWG,10HRWG,0,00,00,18,65,735.21,954,778.97,774.88,6.519250,0.817850,1000.00,cifi0007.DBF
HRWG,10HRWG,0,00,00,18,66,750.80,957,793.23,789.36,6.519250,0.817850,1000.00,cifi0007.DBF
HRWG,10HRWG,0,00,00,18,67,765.89,961,806.97,803.36,6.519250,0.817850,1000.00,cifi0007.DBF
HRWG,10HRWG,0,00,00,18,68,780.37,964,820.11,816.80,6.519250,0.817850,1000.00,cifi0007.DBF
HRWG,10HRWG,0,00,00,18,69,794.15,966,832.56,829.60,6.519250,0.817850,1000.00,cifi0007.DBF
HRWG,10HRWG,0,00,00,18,70,807.13,969,844.24,841.66,6.519250,0.817850,1000.00,cifi0007.DBF
HRWG,10HRWG,0,00,00,18,71,819.24,971,855.09,852.93,6.519250,0.817850,1000.00,cifi0007.DBF
HRWG,10HRWG,0,00,00,18,72,830.53,973,865.15,863.38,6.519250,0.817850,1000.00,cifi0007.DBF
HRWG,10HRWG,0,00,00,18,73,841.09,975,874.50,873.08,6.519250,0.817850,1000.00,cifi0007.DBF
HRWG,10HRWG,0,00,00,18,74,851.11,977,883.28,882.15,6.519250,0.817850,1000.00,cifi0007.DBF
HRWG,10HRWG,0,00,00,18,75,860.91,979,891.77,890.79,6.519250,0.817850,1000.00,cifi0007.DBF
HRWG,10HRWG,0,00,00,18,76,870.91,981,900.29,899.29,6.519250,0.817850,1000.00,cifi0007.DBF
HRWG,10HRWG,0,00,00,18,77,881.80,982,909.40,908.10,6.519250,0.817850,1000.00,cifi0007.DBF
HRWG,10HRWG,0,00,00,18,78,894.64,984,919.91,917.91,6.519250,0.817850,1000.00,cifi0007.DBF
HRWG,10HRWG,0,00,00,18,79,910.19,987,932.32,929.38,6.519250,0.817850,1000.00,cifi0007.DBF
HRWG,10HRWG,0,00,00,18,80,930.32,990,947.96,943.40,6.519250,0.817850,1000.00,cifi0007.DBF
HRWG,10HRWG,0,00,00,18,81,958.26,994,969.11,961.80,6.519250,0.817850,1000.00,cifi0007.DBF
HRWG,10HRWG,0,00,00,18,82,1000.00,1000,1000.00,987.82,6.519250,0.817850,1000.00,cifi0007.DBF
HRWG,10HRWG,0,00,00,19,1,0.00,0,0.00,0.42,0.847410,0.847410,1000.00,cifi0007.DBF
HRWG,10HRWG,0,00,00,19,2,0.00,0,6.02,6.38,6.728310,0.847410,1000.00,cifi0007.DBF
HRWG,10HRWG,0,00,00,19,3,0.00,0,12.20,12.48,6.728310,0.847410,1000.00,cifi0007.DBF
HRWG,10HRWG,0,00,00,19,4,2.55,18,18.54,18.73,6.728310,0.847410,1000.00,cifi0007.DBF
HRWG,10HRWG,0,00,00,19,5,7.66,53,25.05,25.16,6.728310,0.847410,1000.00,cifi0007.DBF
HRWG,10HRWG,0,00,00,19,6,12.95,87,31.73,31.75,6.728310,0.847410,1000.00,cifi0007.DBF
HRWG,10HRWG,0,00,00,19,7,18.41,120,38.58,38.52,6.728310,0.847410,1000.00,cifi0007.DBF
HRWG,10HRWG,0,00,00,19,8,24.08,152,45.65,45.48,6.728310,0.847410,1000.00,cifi0007.DBF
HRWG,10HRWG,0,00,00,19,9,29.99,183,52.96,52.67,6.728310,0.847410,1000.00,cifi0007.DBF
HRWG,10HRWG,0,00,00,19,10,36.15,214,60.52,60.10,6.728310,0.847410,1000.00,cifi0007.DBF
HRWG,10HRWG,0,00,00,19,11,42.56,244,68.31,67.78,6.728310,0.847410,1000.00,cifi0007.DBF
HRWG,10HRWG,0,00,00,19,12,49.21,273,76.36,75.70,6.728310,0.847410,1000.00,cifi0007.DBF
HRWG,10HRWG,0,00,00,19,13,56.08,301,84.61,83.85,6.728310,0.847410,1000.00,cifi0007.DBF
HRWG,10HRWG,0,00,00,19,14,63.15,328,93.05,92.20,6.728310,0.847410,1000.00,cifi0007.DBF
HRWG,10HRWG,0,00,00,19,15,70.41,354,101.69,100.74,6.728310,0.847410,1000.00,cifi0007.DBF
HRWG,10HRWG,0,00,00,19,16,77.88,380,110.51,109.47,6.728310,0.847410,1000.00,cifi0007.DBF
HRWG,10HRWG,0,00,00,19,17,85.55,404,119.53,118.39,6.728310,0.847410,1000.00,cifi0007.DBF
HRWG,10HRWG,0,00,00,19,18,93.41,427,128.72,127.49,6.728310,0.847410,1000.00,cifi0007.DBF
HRWG,10HRWG,0,00,00,19,19,101.46,450,138.09,136.77,6.728310,0.847410,1000.00,cifi0007.DBF
HRWG,10HRWG,0,00,00,19,20,109.70,472,147.64,146.23,6.728310,0.847410,1000.00,cifi0007.DBF
HRWG,10HRWG,0,00,00,19,21,118.15,493,157.37,155.86,6.728310,0.847410,1000.00,cifi0007.DBF
HRWG,10HRWG,0,00,00,19,22,126.79,513,167.27,165.68,6.728310,0.847410,1000.00,cifi0007.DBF
HRWG,10HRWG,0,00,00,19,23,135.64,532,177.37,175.68,6.728310,0.847410,1000.00,cifi0007.DBF
HRWG,10HRWG,0,00,00,19,24,144.73,551,187.68,185.89,6.728310,0.847410,1000.00,cifi0007.DBF
HRWG,10HRWG,0,00,00,19,25,154.13,569,198.28,196.35,6.728310,0.847410,1000.00,cifi0007.DBF
HRWG,10HRWG,0,00,00,19,26,163.85,587,209.17,207.09,6.728310,0.847410,1000.00,cifi0007.DBF
HRWG,10HRWG,0,00,00,19,27,173.90,604,220.36,218.13,6.728310,0.847410,1000.00,cifi0007.DBF
HRWG,10HRWG,0,00,00,19,28,184.30,621,231.86,229.47,6.728310,0.847410,1000.00,cifi0007.DBF
HRWG,10HRWG,0,00,00,19,29,195.07,637,243.68,241.13,6.728310,0.847410,1000.00,cifi0007.DBF
HRWG,10HRWG,0,00,00,19,30,206.22,653,255.84,253.13,6.728310,0.847410,1000.00,cifi0007.DBF
HRWG,10HRWG,0,00,00,19,31,217.76,668,268.35,265.46,6.728310,0.847410,1000.00,cifi0007.DBF
HRWG,10HRWG,0,00,00,19,32,229.67,684,281.18,278.13,6.728310,0.847410,1000.00,cifi0007.DBF
HRWG,10HRWG,0,00,00,19,33,241.95,698,294.32,291.12,6.728310,0.847410,1000.00,cifi0007.DBF
HRWG,10HRWG,0,00,00,19,34,254.58,712,307.76,304.41,6.728310,0.847410,1000.00,cifi0007.DBF
HRWG,10HRWG,0,00,00,19,35,267.57,726,321.50,317.99,6.728310,0.847410,1000.00,cifi0007.DBF
HRWG,10HRWG,0,00,00,19,36,280.92,739,335.53,331.88,6.728310,0.847410,1000.00,cifi0007.DBF
HRWG,10HRWG,0,00,00,19,37,294.60,752,349.83,346.04,6.728310,0.847410,1000.00,cifi0007.DBF
HRWG,10HRWG,0,00,00,19,38,308.62,764,364.40,360.48,6.728310,0.847410,1000.00,cifi0007.DBF
HRWG,10HRWG,0,00,00,19,39,322.96,776,379.22,375.17,6.728310,0.847410,1000.00,cifi0007.DBF
HRWG,10HRWG,0,00,00,19,40,337.62,787,394.29,390.12,6.728310,0.847410,1000.00,cifi0007.DBF
HRWG,10HRWG,0,00,00,19,41,352.57,798,409.57,405.29,6.728310,0.847410,1000.00,cifi0007.DBF
HRWG,10HRWG,0,00,00,19,42,367.80,808,425.05,420.68,6.728310,0.847410,1000.00,cifi0007.DBF
HRWG,10HRWG,0,00,00,19,43,383.27,818,440.71,436.24,6.728310,0.847410,1000.00,cifi0007.DBF
HRWG,10HRWG,0,00,00,19,44,398.96,828,456.51,451.97,6.728310,0.847410,1000.00,cifi0007.DBF
HRWG,10HRWG,0,00,00,19,45,414.86,837,472.43,467.83,6.728310,0.847410,1000.00,cifi0007.DBF
HRWG,10HRWG,0,00,00,19,46,430.95,846,488.47,483.82,6.728310,0.847410,1000.00,cifi0007.DBF
HRWG,10HRWG,0,00,00,19,47,447.24,854,504.63,499.91,6.728310,0.847410,1000.00,cifi0007.DBF
HRWG,10HRWG,0,00,00,19,48,463.72,862,520.90,516.13,6.728310,0.847410,1000.00,cifi0007.DBF
HRWG,10HRWG,0,00,00,19,49,480.43,870,537.31,532.47,6.728310,0.847410,1000.00,cifi0007.DBF
HRWG,10HRWG,0,00,00,19,50,497.35,878,553.84,548.94,6.728310,0.847410,1000.00,cifi0007.DBF
HRWG,10HRWG,0,00,00,19,51,514.46,885,570.48,565.53,6.728310,0.847410,1000.00,cifi0007.DBF
HRWG,10HRWG,0,00,00,19,52,531.72,892,587.19,582.20,6.728310,0.847410,1000.00,cifi0007.DBF
HRWG,10HRWG,0,00,00,19,53,549.06,898,603.89,598.90,6.728310,0.847410,1000.00,cifi0007.DBF
HRWG,10HRWG,0,00,00,19,54,566.40,904,620.52,615.57,6.728310,0.847410,1000.00,cifi0007.DBF
HRWG,10HRWG,0,00,00,19,55,583.68,910,637.02,632.13,6.728310,0.847410,1000.00,cifi0007.DBF
HRWG,10HRWG,0,00,00,19,56,600.86,916,653.35,648.55,6.728310,0.847410,1000.00,cifi0007.DBF
HRWG,10HRWG,0,00,00,19,57,617.91,921,669.49,664.78,6.728310,0.847410,1000.00,cifi0007.DBF
HRWG,10HRWG,0,00,00,19,58,634.85,926,685.47,680.84,6.728310,0.847410,1000.00,cifi0007.DBF
HRWG,10HRWG,0,00,00,19,59,651.70,931,701.29,696.74,6.728310,0.847410,1000.00,cifi0007.DBF
HRWG,10HRWG,0,00,00,19,60,668.47,936,716.97,712.49,6.728310,0.847410,1000.00,cifi0007.DBF
HRWG,10HRWG,0,00,00,19,61,685.13,940,732.48,728.09,6.728310,0.847410,1000.00,cifi0007.DBF
HRWG,10HRWG,0,00,00,19,62,701.64,945,747.78,743.49,6.728310,0.847410,1000.00,cifi0007.DBF
HRWG,10HRWG,0,00,00,19,63,717.93,949,762.82,758.66,6.728310,0.847410,1000.00,cifi0007.DBF
HRWG,10HRWG,0,00,00,19,64,734.01,952,777.60,773.57,6.728310,0.847410,1000.00,cifi0007.DBF
HRWG,10HRWG,0,00,00,19,65,749.67,956,791.94,788.14,6.728310,0.847410,1000.00,cifi0007.DBF
HRWG,10HRWG,0,00,00,19,66,764.83,959,805.77,802.22,6.728310,0.847410,1000.00,cifi0007.DBF
HRWG,10HRWG,0,00,00,19,67,779.38,962,818.99,815.74,6.728310,0.847410,1000.00,cifi0007.DBF
HRWG,10HRWG,0,00,00,19,68,793.22,965,831.51,828.61,6.728310,0.847410,1000.00,cifi0007.DBF
HRWG,10HRWG,0,00,00,19,69,806.25,968,843.26,840.75,6.728310,0.847410,1000.00,cifi0007.DBF
HRWG,10HRWG,0,00,00,19,70,818.42,970,854.17,852.08,6.728310,0.847410,1000.00,cifi0007.DBF
HRWG,10HRWG,0,00,00,19,71,829.76,972,864.29,862.59,6.728310,0.847410,1000.00,cifi0007.DBF
HRWG,10HRWG,0,00,00,19,72,840.36,974,873.69,872.35,6.728310,0.847410,1000.00,cifi0007.DBF
HRWG,10HRWG,0,00,00,19,73,850.43,976,882.52,881.47,6.728310,0.847410,1000.00,cifi0007.DBF
HRWG,10HRWG,0,00,00,19,74,860.28,978,891.07,890.16,6.728310,0.847410,1000.00,cifi0007.DBF
HRWG,10HRWG,0,00,00,19,75,870.33,980,899.64,898.72,6.728310,0.847410,1000.00,cifi0007.DBF
HRWG,10HRWG,0,00,00,19,76,881.27,982,908.80,907.58,6.728310,0.847410,1000.00,cifi0007.DBF
HRWG,10HRWG,0,00,00,19,77,894.17,984,919.38,917.45,6.728310,0.847410,1000.00,cifi0007.DBF
HRWG,10HRWG,0,00,00,19,78,909.79,986,931.87,928.99,6.728310,0.847410,1000.00,cifi0007.DBF
HRWG,10HRWG,0,00,00,19,79,930.00,990,947.61,943.10,6.728310,0.847410,1000.00,cifi0007.DBF
HRWG,10HRWG,0,00,00,19,80,958.07,994,968.90,961.62,6.728310,0.847410,1000.00,cifi0007.DBF
HRWG,10HRWG,0,00,00,19,81,1000.00,1000,1000.00,987.82,6.728310,0.847410,1000.00,cifi0007.DBF
HRWG,10HRWG,0,00,00,20,1,0.00,0,0.00,0.44,0.886830,0.886830,1000.00,cifi0007.DBF
HRWG,10HRWG,0,00,00,20,2,0.00,0,6.22,6.58,6.944930,0.886830,1000.00,cifi0007.DBF
HRWG,10HRWG,0,00,00,20,3,0.00,0,12.59,12.88,6.944930,0.886830,1000.00,cifi0007.DBF
HRWG,10HRWG,0,00,00,20,4,3.01,21,19.14,19.34,6.944930,0.886830,1000.00,cifi0007.DBF
HRWG,10HRWG,0,00,00,20,5,8.32,56,25.86,25.97,6.944930,0.886830,1000.00,cifi0007.DBF
HRWG,10HRWG,0,00,00,20,6,13.80,90,32.75,32.78,6.944930,0.886830,1000.00,cifi0007.DBF
HRWG,10HRWG,0,00,00,20,7,19.50,123,39.87,39.78,6.944930,0.886830,1000.00,cifi0007.DBF
HRWG,10HRWG,0,00,00,20,8,25.44,155,47.22,47.01,6.944930,0.886830,1000.00,cifi0007.DBF
HRWG,10HRWG,0,00,00,20,9,31.63,187,54.82,54.49,6.944930,0.886830,1000.00,cifi0007.DBF
HRWG,10HRWG,0,00,00,20,10,38.06,218,62.66,62.21,6.944930,0.886830,1000.00,cifi0007.DBF
HRWG,10HRWG,0,00,00,20,11,44.74,248,70.75,70.18,6.944930,0.886830,1000.00,cifi0007.DBF
HRWG,10HRWG,0,00,00,20,12,51.64,277,79.06,78.38,6.944930,0.886830,1000.00,cifi0007.DBF
HRWG,10HRWG,0,00,00,20,13,58.75,305,87.55,86.78,6.944930,0.886830,1000.00,cifi0007.DBF
HRWG,10HRWG,0,00,00,20,14,66.05,332,96.24,95.37,6.944930,0.886830,1000.00,cifi0007.DBF
HRWG,10HRWG,0,00,00,20,15,73.55,358,105.11,104.15,6.944930,0.886830,1000.00,cifi0007.DBF
HRWG,10HRWG,0,00,00,20,16,81.26,384,114.19,113.12,6.944930,0.886830,1000.00,cifi0007.DBF
HRWG,10HRWG,0,00,00,20,17,89.15,408,123.43,122.28,6.944930,0.886830,1000.00,cifi0007.DBF
HRWG,10HRWG,0,00,00,20,18,97.24,431,132.86,131.61,6.944930,0.886830,1000.00,cifi0007.DBF
HRWG,10HRWG,0,00,00,20,19,105.52,454,142.46,141.13,6.944930,0.886830,1000.00,cifi0007.DBF
HRWG,10HRWG,0,00,00,20,20,114.01,475,152.25,150.83,6.944930,0.886830,1000.00,cifi0007.DBF
HRWG,10HRWG,0,00,00,20,21,122.69,496,162.21,160.70,6.944930,0.886830,1000.00,cifi0007.DBF
HRWG,10HRWG,0,00,00,20,22,131.58,516,172.37,170.76,6.944930,0.886830,1000.00,cifi0007.DBF
HRWG,10HRWG,0,00,00,20,23,140.71,535,182.75,181.03,6.944930,0.886830,1000.00,cifi0007.DBF
HRWG,10HRWG,0,00,00,20,24,150.16,554,193.41,191.55,6.944930,0.886830,1000.00,cifi0007.DBF
HRWG,10HRWG,0,00,00,20,25,159.93,573,204.36,202.36,6.944930,0.886830,1000.00,cifi0007.DBF
HRWG,10HRWG,0,00,00,20,26,170.03,590,215.62,213.46,6.944930,0.886830,1000.00,cifi0007.DBF
HRWG,10HRWG,0,00,00,20,27,180.47,608,227.18,224.87,6.944930,0.886830,1000.00,cifi0007.DBF
HRWG,10HRWG,0,00,00,20,28,191.29,625,239.08,236.60,6.944930,0.886830,1000.00,cifi0007.DBF
HRWG,10HRWG,0,00,00,20,29,202.49,641,251.31,248.67,6.944930,0.886830,1000.00,cifi0007.DBF
HRWG,10HRWG,0,00,00,20,30,214.08,657,263.90,261.08,6.944930,0.886830,1000.00,cifi0007.DBF
HRWG,10HRWG,0,00,00,20,31,226.06,673,276.80,273.82,6.944930,0.886830,1000.00,cifi0007.DBF
HRWG,10HRWG,0,00,00,20,32,238.39,688,290.02,286.88,6.944930,0.886830,1000.00,cifi0007.DBF
HRWG,10HRWG,0,00,00,20,33,251.08,702,303.54,300.25,6.944930,0.886830,1000.00,cifi0007.DBF
HRWG,10HRWG,0,00,00,20,34,264.13,716,317.36,313.92,6.944930,0.886830,1000.00,cifi0007.DBF
HRWG,10HRWG,0,00,00,20,35,277.54,730,331.47,327.89,6.944930,0.886830,1000.00,cifi0007.DBF
HRWG,10HRWG,0,00,00,20,36,291.29,743,345.86,342.14,6.944930,0.886830,1000.00,cifi0007.DBF
HRWG,10HRWG,0,00,00,20,37,305.37,756,360.51,356.66,6.944930,0.886830,1000.00,cifi0007.DBF
HRWG,10HRWG,0,00,00,20,38,319.78,768,375.43,371.44,6.944930,0.886830,1000.00,cifi0007.DBF
HRWG,10HRWG,0,00,00,20,39,334.51,780,390.58,386.48,6.944930,0.886830,1000.00,cifi0007.DBF
HRWG,10HRWG,0,00,00,20,40,349.53,791,405.96,401.74,6.944930,0.886830,1000.00,cifi0007.DBF
HRWG,10HRWG,0,00,00,20,41,364.83,802,421.53,417.22,6.944930,0.886830,1000.00,cifi0007.DBF
HRWG,10HRWG,0,00,00,20,42,380.37,812,437.28,432.88,6.944930,0.886830,1000.00,cifi0007.DBF
HRWG,10HRWG,0,00,00,20,43,396.14,822,453.17,448.70,6.944930,0.886830,1000.00,cifi0007.DBF
HRWG,10HRWG,0,00,00,20,44,412.11,831,469.20,464.66,6.944930,0.886830,1000.00,cifi0007.DBF
HRWG,10HRWG,0,00,00,20,45,428.28,841,485.33,480.74,6.944930,0.886830,1000.00,cifi0007.DBF
HRWG,10HRWG,0,00,00,20,46,444.64,849,501.58,496.93,6.944930,0.886830,1000.00,cifi0007.DBF
HRWG,10HRWG,0,00,00,20,47,461.20,858,517.95,513.24,6.944930,0.886830,1000.00,cifi0007.DBF
HRWG,10HRWG,0,00,00,20,48,477.99,866,534.46,529.68,6.944930,0.886830,1000.00,cifi0007.DBF
HRWG,10HRWG,0,00,00,20,49,494.99,873,551.09,546.25,6.944930,0.886830,1000.00,cifi0007.DBF
HRWG,10HRWG,0,00,00,20,50,512.18,881,567.83,562.93,6.944930,0.886830,1000.00,cifi0007.DBF
HRWG,10HRWG,0,00,00,20,51,529.53,888,584.64,579.71,6.944930,0.886830,1000.00,cifi0007.DBF
HRWG,10HRWG,0,00,00,20,52,546.94,895,601.44,596.51,6.944930,0.886830,1000.00,cifi0007.DBF
HRWG,10HRWG,0,00,00,20,53,564.37,901,618.16,613.27,6.944930,0.886830,1000.00,cifi0007.DBF
HRWG,10HRWG,0,00,00,20,54,581.73,907,634.76,629.94,6.944930,0.886830,1000.00,cifi0007.DBF
HRWG,10HRWG,0,00,00,20,55,598.98,913,651.19,646.45,6.944930,0.886830,1000.00,cifi0007.DBF
HRWG,10HRWG,0,00,00,20,56,616.12,919,667.43,662.78,6.944930,0.886830,1000.00,cifi0007.DBF
HRWG,10HRWG,0,00,00,20,57,633.14,924,683.50,678.94,6.944930,0.886830,1000.00,cifi0007.DBF
HRWG,10HRWG,0,00,00,20,58,650.06,929,699.42,694.93,6.944930,0.886830,1000.00,cifi0007.DBF
HRWG,10HRWG,0,00,00,20,59,666.91,934,715.19,710.77,6.944930,0.886830,1000.00,cifi0007.DBF
HRWG,10HRWG,0,00,00,20,60,683.65,938,730.79,726.46,6.944930,0.886830,1000.00,cifi0007.DBF
HRWG,10HRWG,0,00,00,20,61,700.24,943,746.19,741.96,6.944930,0.886830,1000.00,cifi0007.DBF
HRWG,10HRWG,0,00,00,20,62,716.60,947,761.31,757.22,6.944930,0.886830,1000.00,cifi0007.DBF
HRWG,10HRWG,0,00,00,20,63,732.76,951,776.19,772.22,6.944930,0.886830,1000.00,cifi0007.DBF
HRWG,10HRWG,0,00,00,20,64,748.50,954,790.61,786.87,6.944930,0.886830,1000.00,cifi0007.DBF
HRWG,10HRWG,0,00,00,20,65,763.72,958,804.52,801.04,6.944930,0.886830,1000.00,cifi0007.DBF
HRWG,10HRWG,0,00,00,20,66,778.34,961,817.82,814.64,6.944930,0.886830,1000.00,cifi0007.DBF
HRWG,10HRWG,0,00,00,20,67,792.25,964,830.41,827.59,6.944930,0.886830,1000.00,cifi0007.DBF
HRWG,10HRWG,0,00,00,20,68,805.34,967,842.23,839.80,6.944930,0.886830,1000.00,cifi0007.DBF
HRWG,10HRWG,0,00,00,20,69,817.57,969,853.21,851.20,6.944930,0.886830,1000.00,cifi0007.DBF
HRWG,10HRWG,0,00,00,20,70,828.96,972,863.39,861.78,6.944930,0.886830,1000.00,cifi0007.DBF
HRWG,10HRWG,0,00,00,20,71,839.62,974,872.85,871.59,6.944930,0.886830,1000.00,cifi0007.DBF
HRWG,10HRWG,0,00,00,20,72,849.73,975,881.74,880.77,6.944930,0.886830,1000.00,cifi0007.DBF
HRWG,10HRWG,0,00,00,20,73,859.62,977,890.33,889.51,6.944930,0.886830,1000.00,cifi0007.DBF
HRWG,10HRWG,0,00,00,20,74,869.72,979,898.96,898.12,6.944930,0.886830,1000.00,cifi0007.DBF
HRWG,10HRWG,0,00,00,20,75,880.71,981,908.18,907.04,6.944930,0.886830,1000.00,cifi0007.DBF
HRWG,10HRWG,0,00,00,20,76,893.67,983,918.83,916.97,6.944930,0.886830,1000.00,cifi0007.DBF
HRWG,10HRWG,0,00,00,20,77,909.36,986,931.40,928.59,6.944930,0.886830,1000.00,cifi0007.DBF
HRWG,10HRWG,0,00,00,20,78,929.67,989,947.25,942.80,6.944930,0.886830,1000.00,cifi0007.DBF
HRWG,10HRWG,0,00,00,20,79,957.87,994,968.69,961.44,6.944930,0.886830,1000.00,cifi0007.DBF
HRWG,10HRWG,0,00,00,20,80,1000.00,1000,1000.00,987.82,6.944930,0.886830,1000.00,cifi0007.DBF
HRWG,10HRWG,0,00,00,21,1,0.00,0,0.00,0.46,0.916390,0.916390,1000.00,cifi0007.DBF
HRWG,10HRWG,0,00,00,21,2,0.00,0,6.42,6.79,7.169860,0.916390,1000.00,cifi0007.DBF
HRWG,10HRWG,0,00,00,21,3,0.00,0,13.00,13.29,7.169860,0.916390,1000.00,cifi0007.DBF
HRWG,10HRWG,0,00,00,21,4,3.50,23,19.76,19.97,7.169860,0.916390,1000.00,cifi0007.DBF
HRWG,10HRWG,0,00,00,21,5,9.01,59,26.70,26.82,7.169860,0.916390,1000.00,cifi0007.DBF
HRWG,10HRWG,0,00,00,21,6,14.74,93,33.86,33.87,7.169860,0.916390,1000.00,cifi0007.DBF
HRWG,10HRWG,0,00,00,21,7,20.71,126,41.26,41.14,7.169860,0.916390,1000.00,cifi0007.DBF
HRWG,10HRWG,0,00,00,21,8,26.92,159,48.90,48.66,7.169860,0.916390,1000.00,cifi0007.DBF
HRWG,10HRWG,0,00,00,21,9,33.39,191,56.80,56.44,7.169860,0.916390,1000.00,cifi0007.DBF
HRWG,10HRWG,0,00,00,21,10,40.10,222,64.94,64.45,7.169860,0.916390,1000.00,cifi0007.DBF
HRWG,10HRWG,0,00,00,21,11,47.04,252,73.29,72.70,7.169860,0.916390,1000.00,cifi0007.DBF
HRWG,10HRWG,0,00,00,21,12,54.17,281,81.84,81.15,7.169860,0.916390,1000.00,cifi0007.DBF
HRWG,10HRWG,0,00,00,21,13,61.51,310,90.58,89.79,7.169860,0.916390,1000.00,cifi0007.DBF
HRWG,10HRWG,0,00,00,21,14,69.05,337,99.51,98.63,7.169860,0.916390,1000.00,cifi0007.DBF
HRWG,10HRWG,0,00,00,21,15,76.80,363,108.64,107.66,7.169860,0.916390,1000.00,cifi0007.DBF
HRWG,10HRWG,0,00,00,21,16,84.73,388,117.94,116.87,7.169860,0.916390,1000.00,cifi0007.DBF
HRWG,10HRWG,0,00,00,21,17,92.86,412,127.42,126.26,7.169860,0.916390,1000.00,cifi0007.DBF
HRWG,10HRWG,0,00,00,21,18,101.18,435,137.08,135.84,7.169860,0.916390,1000.00,cifi0007.DBF
HRWG,10HRWG,0,00,00,21,19,109.70,457,146.93,145.59,7.169860,0.916390,1000.00,cifi0007.DBF
HRWG,10HRWG,0,00,00,21,20,118.42,479,156.96,155.53,7.169860,0.916390,1000.00,cifi0007.DBF
HRWG,10HRWG,0,00,00,21,21,127.36,500,167.18,165.65,7.169860,0.916390,1000.00,cifi0007.DBF
HRWG,10HRWG,0,00,00,21,22,136.54,520,177.62,175.98,7.169860,0.916390,1000.00,cifi0007.DBF
HRWG,10HRWG,0,00,00,21,23,146.03,539,188.35,186.57,7.169860,0.916390,1000.00,cifi0007.DBF
HRWG,10HRWG,0,00,00,21,24,155.84,558,199.37,197.44,7.169860,0.916390,1000.00,cifi0007.DBF
HRWG,10HRWG,0,00,00,21,25,165.99,576,210.69,208.62,7.169860,0.916390,1000.00,cifi0007.DBF
HRWG,10HRWG,0,00,00,21,26,176.49,594,222.33,220.10,7.169860,0.916390,1000.00,cifi0007.DBF
HRWG,10HRWG,0,00,00,21,27,187.36,612,234.30,231.90,7.169860,0.916390,1000.00,cifi0007.DBF
HRWG,10HRWG,0,00,00,21,28,198.62,629,246.61,244.04,7.169860,0.916390,1000.00,cifi0007.DBF
HRWG,10HRWG,0,00,00,21,29,210.27,645,259.27,256.52,7.169860,0.916390,1000.00,cifi0007.DBF
HRWG,10HRWG,0,00,00,21,30,222.30,662,272.26,269.35,7.169860,0.916390,1000.00,cifi0007.DBF
HRWG,10HRWG,0,00,00,21,31,234.69,677,285.55,282.49,7.169860,0.916390,1000.00,cifi0007.DBF
HRWG,10HRWG,0,00,00,21,32,247.45,692,299.16,295.94,7.169860,0.916390,1000.00,cifi0007.DBF
HRWG,10HRWG,0,00,00,21,33,260.56,707,313.06,309.69,7.169860,0.916390,1000.00,cifi0007.DBF
HRWG,10HRWG,0,00,00,21,34,274.03,721,327.26,323.75,7.169860,0.916390,1000.00,cifi0007.DBF
HRWG,10HRWG,0,00,00,21,35,287.84,734,341.74,338.08,7.169860,0.916390,1000.00,cifi0007.DBF
HRWG,10HRWG,0,00,00,21,36,302.00,747,356.48,352.69,7.169860,0.916390,1000.00,cifi0007.DBF
HRWG,10HRWG,0,00,00,21,37,316.48,760,371.49,367.57,7.169860,0.916390,1000.00,cifi0007.DBF
HRWG,10HRWG,0,00,00,21,38,331.28,772,386.74,382.70,7.169860,0.916390,1000.00,cifi0007.DBF
HRWG,10HRWG,0,00,00,21,39,346.37,784,402.21,398.06,7.169860,0.916390,1000.00,cifi0007.DBF
HRWG,10HRWG,0,00,00,21,40,361.74,795,417.88,413.63,7.169860,0.916390,1000.00,cifi0007.DBF
HRWG,10HRWG,0,00,00,21,41,377.36,806,433.72,429.38,7.169860,0.916390,1000.00,cifi0007.DBF
HRWG,10HRWG,0,00,00,21,42,393.21,816,449.71,445.30,7.169860,0.916390,1000.00,cifi0007.DBF
HRWG,10HRWG,0,00,00,21,43,409.26,826,465.83,461.36,7.169860,0.916390,1000.00,cifi0007.DBF
HRWG,10HRWG,0,00,00,21,44,425.50,835,482.07,477.54,7.169860,0.916390,1000.00,cifi0007.DBF
HRWG,10HRWG,0,00,00,21,45,441.94,844,498.42,493.83,7.169860,0.916390,1000.00,cifi0007.DBF
HRWG,10HRWG,0,00,00,21,46,458.59,853,514.89,510.24,7.169860,0.916390,1000.00,cifi0007.DBF
HRWG,10HRWG,0,00,00,21,47,475.45,861,531.50,526.78,7.169860,0.916390,1000.00,cifi0007.DBF
HRWG,10HRWG,0,00,00,21,48,492.53,869,548.23,543.45,7.169860,0.916390,1000.00,cifi0007.DBF
HRWG,10HRWG,0,00,00,21,49,509.81,877,565.08,560.24,7.169860,0.916390,1000.00,cifi0007.DBF
HRWG,10HRWG,0,00,00,21,50,527.24,884,581.99,577.12,7.169860,0.916390,1000.00,cifi0007.DBF
HRWG,10HRWG,0,00,00,21,51,544.74,891,598.89,594.02,7.169860,0.916390,1000.00,cifi0007.DBF
HRWG,10HRWG,0,00,00,21,52,562.25,898,615.72,610.89,7.169860,0.916390,1000.00,cifi0007.DBF
HRWG,10HRWG,0,00,00,21,53,579.70,904,632.42,627.66,7.169860,0.916390,1000.00,cifi0007.DBF
HRWG,10HRWG,0,00,00,21,54,597.04,910,648.95,644.27,7.169860,0.916390,1000.00,cifi0007.DBF
HRWG,10HRWG,0,00,00,21,55,614.25,916,665.29,660.70,7.169860,0.916390,1000.00,cifi0007.DBF
HRWG,10HRWG,0,00,00,21,56,631.35,921,681.46,676.96,7.169860,0.916390,1000.00,cifi0007.DBF
HRWG,10HRWG,0,00,00,21,57,648.37,927,697.47,693.05,7.169860,0.916390,1000.00,cifi0007.DBF
HRWG,10HRWG,0,00,00,21,58,665.29,931,713.34,708.99,7.169860,0.916390,1000.00,cifi0007.DBF
HRWG,10HRWG,0,00,00,21,59,682.12,936,729.04,724.78,7.169860,0.916390,1000.00,cifi0007.DBF
HRWG,10HRWG,0,00,00,21,60,698.78,941,744.53,740.37,7.169860,0.916390,1000.00,cifi0007.DBF
HRWG,10HRWG,0,00,00,21,61,715.23,945,759.75,755.73,7.169860,0.916390,1000.00,cifi0007.DBF
HRWG,10HRWG,0,00,00,21,62,731.46,949,774.72,770.82,7.169860,0.916390,1000.00,cifi0007.DBF
HRWG,10HRWG,0,00,00,21,63,747.27,953,789.23,785.56,7.169860,0.916390,1000.00,cifi0007.DBF
HRWG,10HRWG,0,00,00,21,64,762.58,956,803.22,799.81,7.169860,0.916390,1000.00,cifi0007.DBF
HRWG,10HRWG,0,00,00,21,65,777.27,960,816.61,813.50,7.169860,0.916390,1000.00,cifi0007.DBF
HRWG,10HRWG,0,00,00,21,66,791.24,963,829.28,826.53,7.169860,0.916390,1000.00,cifi0007.DBF
HRWG,10HRWG,0,00,00,21,67,804.40,966,841.17,838.81,7.169860,0.916390,1000.00,cifi0007.DBF
HRWG,10HRWG,0,00,00,21,68,816.68,968,852.22,850.28,7.169860,0.916390,1000.00,cifi0007.DBF
HRWG,10HRWG,0,00,00,21,69,828.13,971,862.47,860.93,7.169860,0.916390,1000.00,cifi0007.DBF
HRWG,10HRWG,0,00,00,21,70,838.84,973,871.98,870.81,7.169860,0.916390,1000.00,cifi0007.DBF
HRWG,10HRWG,0,00,00,21,71,849.00,975,880.93,880.04,7.169860,0.916390,1000.00,cifi0007.DBF
HRWG,10HRWG,0,00,00,21,72,858.94,977,889.57,888.84,7.169860,0.916390,1000.00,cifi0007.DBF
HRWG,10HRWG,0,00,00,21,73,869.08,978,898.26,897.50,7.169860,0.916390,1000.00,cifi0007.DBF
HRWG,10HRWG,0,00,00,21,74,880.13,980,907.54,906.48,7.169860,0.916390,1000.00,cifi0007.DBF
HRWG,10HRWG,0,00,00,21,75,893.15,983,918.25,916.48,7.169860,0.916390,1000.00,cifi0007.DBF
HRWG,10HRWG,0,00,00,21,76,908.92,986,930.92,928.17,7.169860,0.916390,1000.00,cifi0007.DBF
HRWG,10HRWG,0,00,00,21,77,929.33,989,946.87,942.48,7.169860,0.916390,1000.00,cifi0007.DBF
HRWG,10HRWG,0,00,00,21,78,957.66,994,968.46,961.25,7.169860,0.916390,1000.00,cifi0007.DBF
HRWG,10HRWG,0,00,00,21,79,1000.00,1000,1000.00,987.82,7.169860,0.916390,1000.00,cifi0007.DBF
HRWG,10HRWG,0,00,00,22,1,0.00,0,0.00,0.47,0.945950,0.945950,1000.00,cifi0007.DBF
HRWG,10HRWG,0,00,00,22,2,0.00,0,6.63,7.02,7.403570,0.945950,1000.00,cifi0007.DBF
HRWG,10HRWG,0,00,00,22,3,0.00,0,13.43,13.73,7.403570,0.945950,1000.00,cifi0007.DBF
HRWG,10HRWG,0,00,00,22,4,4.02,26,20.41,20.62,7.403570,0.945950,1000.00,cifi0007.DBF
HRWG,10HRWG,0,00,00,22,5,9.78,62,27.62,27.72,7.403570,0.945950,1000.00,cifi0007.DBF
HRWG,10HRWG,0,00,00,22,6,15.77,96,35.06,35.04,7.403570,0.945950,1000.00,cifi0007.DBF
HRWG,10HRWG,0,00,00,22,7,22.02,130,42.76,42.61,7.403570,0.945950,1000.00,cifi0007.DBF
HRWG,10HRWG,0,00,00,22,8,28.52,163,50.70,50.43,7.403570,0.945950,1000.00,cifi0007.DBF
HRWG,10HRWG,0,00,00,22,9,35.27,195,58.89,58.50,7.403570,0.945950,1000.00,cifi0007.DBF
HRWG,10HRWG,0,00,00,22,10,42.24,227,67.30,66.80,7.403570,0.945950,1000.00,cifi0007.DBF
HRWG,10HRWG,0,00,00,22,11,49.41,257,75.90,75.30,7.403570,0.945950,1000.00,cifi0007.DBF
HRWG,10HRWG,0,00,00,22,12,56.78,286,84.70,84.00,7.403570,0.945950,1000.00,cifi0007.DBF
HRWG,10HRWG,0,00,00,22,13,64.36,314,93.68,92.89,7.403570,0.945950,1000.00,cifi0007.DBF
HRWG,10HRWG,0,00,00,22,14,72.15,341,102.87,101.98,7.403570,0.945950,1000.00,cifi0007.DBF
HRWG,10HRWG,0,00,00,22,15,80.11,367,112.23,111.25,7.403570,0.945950,1000.00,cifi0007.DBF
HRWG,10HRWG,0,00,00,22,16,88.29,392,121.77,120.70,7.403570,0.945950,1000.00,cifi0007.DBF
HRWG,10HRWG,0,00,00,22,17,96.65,416,131.50,130.34,7.403570,0.945950,1000.00,cifi0007.DBF
HRWG,10HRWG,0,00,00,22,18,105.22,439,141.41,140.16,7.403570,0.945950,1000.00,cifi0007.DBF
HRWG,10HRWG,0,00,00,22,19,113.98,461,151.50,150.16,7.403570,0.945950,1000.00,cifi0007.DBF
HRWG,10HRWG,0,00,00,22,20,122.96,482,161.78,160.34,7.403570,0.945950,1000.00,cifi0007.DBF
HRWG,10HRWG,0,00,00,22,21,132.19,503,172.29,170.74,7.403570,0.945950,1000.00,cifi0007.DBF
HRWG,10HRWG,0,00,00,22,22,141.73,523,183.09,181.39,7.403570,0.945950,1000.00,cifi0007.DBF
HRWG,10HRWG,0,00,00,22,23,151.59,543,194.18,192.34,7.403570,0.945950,1000.00,cifi0007.DBF
HRWG,10HRWG,0,00,00,22,24,161.79,562,205.58,203.58,7.403570,0.945950,1000.00,cifi0007.DBF
HRWG,10HRWG,0,00,00,22,25,172.34,580,217.29,215.13,7.403570,0.945950,1000.00,cifi0007.DBF
HRWG,10HRWG,0,00,00,22,26,183.27,599,229.33,227.01,7.403570,0.945950,1000.00,cifi0007.DBF
HRWG,10HRWG,0,00,00,22,27,194.58,616,241.72,239.23,7.403570,0.945950,1000.00,cifi0007.DBF
HRWG,10HRWG,0,00,00,22,28,206.29,633,254.46,251.79,7.403570,0.945950,1000.00,cifi0007.DBF
HRWG,10HRWG,0,00,00,22,29,218.38,650,267.53,264.70,7.403570,0.945950,1000.00,cifi0007.DBF
HRWG,10HRWG,0,00,00,22,30,230.83,666,280.91,277.92,7.403570,0.945950,1000.00,cifi0007.DBF
HRWG,10HRWG,0,00,00,22,31,243.65,682,294.60,291.46,7.403570,0.945950,1000.00,cifi0007.DBF
HRWG,10HRWG,0,00,00,22,32,256.83,697,308.60,305.30,7.403570,0.945950,1000.00,cifi0007.DBF
HRWG,10HRWG,0,00,00,22,33,270.37,711,322.88,319.44,7.403570,0.945950,1000.00,cifi0007.DBF
HRWG,10HRWG,0,00,00,22,34,284.26,725,337.45,333.87,7.403570,0.945950,1000.00,cifi0007.DBF
HRWG,10HRWG,0,00,00,22,35,298.48,739,352.29,348.57,7.403570,0.945950,1000.00,cifi0007.DBF
HRWG,10HRWG,0,00,00,22,36,313.03,752,367.39,363.54,7.403570,0.945950,1000.00,cifi0007.DBF
HRWG,10HRWG,0,00,00,22,37,327.91,764,382.74,378.77,7.403570,0.945950,1000.00,cifi0007.DBF
HRWG,10HRWG,0,00,00,22,38,343.08,776,398.31,394.23,7.403570,0.945950,1000.00,cifi0007.DBF
HRWG,10HRWG,0,00,00,22,39,358.53,788,414.08,409.90,7.403570,0.945950,1000.00,cifi0007.DBF
HRWG,10HRWG,0,00,00,22,40,374.22,799,430.02,425.75,7.403570,0.945950,1000.00,cifi0007.DBF
HRWG,10HRWG,0,00,00,22,41,390.15,810,446.12,441.77,7.403570,0.945950,1000.00,cifi0007.DBF
HRWG,10HRWG,0,00,00,22,42,406.28,820,462.34,457.93,7.403570,0.945950,1000.00,cifi0007.DBF
HRWG,10HRWG,0,00,00,22,43,422.61,829,478.68,474.21,7.403570,0.945950,1000.00,cifi0007.DBF
HRWG,10HRWG,0,00,00,22,44,439.13,839,495.13,490.61,7.403570,0.945950,1000.00,cifi0007.DBF
HRWG,10HRWG,0,00,00,22,45,455.86,848,511.71,507.12,7.403570,0.945950,1000.00,cifi0007.DBF
HRWG,10HRWG,0,00,00,22,46,472.81,856,528.42,523.77,7.403570,0.945950,1000.00,cifi0007.DBF
HRWG,10HRWG,0,00,00,22,47,489.98,865,545.26,540.54,7.403570,0.945950,1000.00,cifi0007.DBF
HRWG,10HRWG,0,00,00,22,48,507.34,872,562.22,557.44,7.403570,0.945950,1000.00,cifi0007.DBF
HRWG,10HRWG,0,00,00,22,49,524.86,880,579.23,574.43,7.403570,0.945950,1000.00,cifi0007.DBF
HRWG,10HRWG,0,00,00,22,50,542.45,887,596.24,591.44,7.403570,0.945950,1000.00,cifi0007.DBF
HRWG,10HRWG,0,00,00,22,51,560.05,894,613.18,608.41,7.403570,0.945950,1000.00,cifi0007.DBF
HRWG,10HRWG,0,00,00,22,52,577.58,901,629.99,625.29,7.403570,0.945950,1000.00,cifi0007.DBF
HRWG,10HRWG,0,00,00,22,53,595.00,907,646.62,642.01,7.403570,0.945950,1000.00,cifi0007.DBF
HRWG,10HRWG,0,00,00,22,54,612.31,913,663.07,658.55,7.403570,0.945950,1000.00,cifi0007.DBF
HRWG,10HRWG,0,00,00,22,55,629.50,919,679.34,674.91,7.403570,0.945950,1000.00,cifi0007.DBF
HRWG,10HRWG,0,00,00,22,56,646.59,924,695.45,691.10,7.403570,0.945950,1000.00,cifi0007.DBF
HRWG,10HRWG,0,00,00,22,57,663.61,929,711.42,707.14,7.403570,0.945950,1000.00,cifi0007.DBF
HRWG,10HRWG,0,00,00,22,58,680.52,934,727.23,723.03,7.403570,0.945950,1000.00,cifi0007.DBF
HRWG,10HRWG,0,00,00,22,59,697.27,939,742.81,738.72,7.403570,0.945950,1000.00,cifi0007.DBF
HRWG,10HRWG,0,00,00,22,60,713.79,943,758.13,754.17,7.403570,0.945950,1000.00,cifi0007.DBF
HRWG,10HRWG,0,00,00,22,61,730.11,947,773.19,769.36,7.403570,0.945950,1000.00,cifi0007.DBF
HRWG,10HRWG,0,00,00,22,62,746.00,951,787.80,784.20,7.403570,0.945950,1000.00,cifi0007.DBF
HRWG,10HRWG,0,00,00,22,63,761.38,955,801.88,798.54,7.403570,0.945950,1000.00,cifi0007.DBF
HRWG,10HRWG,0,00,00,22,64,776.14,958,815.35,812.31,7.403570,0.945950,1000.00,cifi0007.DBF
HRWG,10HRWG,0,00,00,22,65,790.18,962,828.10,825.43,7.403570,0.945950,1000.00,cifi0007.DBF
HRWG,10HRWG,0,00,00,22,66,803.41,964,840.07,837.79,7.403570,0.945950,1000.00,cifi0007.DBF
HRWG,10HRWG,0,00,00,22,67,815.76,967,851.19,849.33,7.403570,0.945950,1000.00,cifi0007.DBF
HRWG,10HRWG,0,00,00,22,68,827.27,970,861.50,860.05,7.403570,0.945950,1000.00,cifi0007.DBF
HRWG,10HRWG,0,00,00,22,69,838.02,972,871.07,869.99,7.403570,0.945950,1000.00,cifi0007.DBF
HRWG,10HRWG,0,00,00,22,70,848.24,974,880.08,879.28,7.403570,0.945950,1000.00,cifi0007.DBF
HRWG,10HRWG,0,00,00,22,71,858.23,976,888.79,888.13,7.403570,0.945950,1000.00,cifi0007.DBF
HRWG,10HRWG,0,00,00,22,72,868.43,978,897.53,896.86,7.403570,0.945950,1000.00,cifi0007.DBF
HRWG,10HRWG,0,00,00,22,73,879.53,980,906.87,905.90,7.403570,0.945950,1000.00,cifi0007.DBF
HRWG,10HRWG,0,00,00,22,74,892.61,982,917.66,915.97,7.403570,0.945950,1000.00,cifi0007.DBF
HRWG,10HRWG,0,00,00,22,75,908.46,985,930.41,927.74,7.403570,0.945950,1000.00,cifi0007.DBF
HRWG,10HRWG,0,00,00,22,76,928.98,989,946.48,942.15,7.403570,0.945950,1000.00,cifi0007.DBF
HRWG,10HRWG,0,00,00,22,77,957.45,993,968.23,961.06,7.403570,0.945950,1000.00,cifi0007.DBF
HRWG,10HRWG,0,00,00,22,78,1000.00,1000,1000.00,987.82,7.403570,0.945950,1000.00,cifi0007.DBF
HRWG,10HRWG,0,00,00,23,1,0.00,0,0.00,0.49,0.975510,0.975510,1000.00,cifi0007.DBF
HRWG,10HRWG,0,00,00,23,2,0.00,0,6.85,7.25,7.646540,0.975510,1000.00,cifi0007.DBF
HRWG,10HRWG,0,00,00,23,3,0.00,0,13.88,14.19,7.646540,0.975510,1000.00,cifi0007.DBF
HRWG,10HRWG,0,00,00,23,4,4.60,29,21.13,21.33,7.646540,0.975510,1000.00,cifi0007.DBF
HRWG,10HRWG,0,00,00,23,5,10.63,65,28.62,28.70,7.646540,0.975510,1000.00,cifi0007.DBF
HRWG,10HRWG,0,00,00,23,6,16.91,100,36.37,36.32,7.646540,0.975510,1000.00,cifi0007.DBF
HRWG,10HRWG,0,00,00,23,7,23.44,134,44.36,44.19,7.646540,0.975510,1000.00,cifi0007.DBF
HRWG,10HRWG,0,00,00,23,8,30.22,167,52.61,52.31,7.646540,0.975510,1000.00,cifi0007.DBF
HRWG,10HRWG,0,00,00,23,9,37.23,200,61.07,60.66,7.646540,0.975510,1000.00,cifi0007.DBF
HRWG,10HRWG,0,00,00,23,10,44.44,231,69.73,69.22,7.646540,0.975510,1000.00,cifi0007.DBF
HRWG,10HRWG,0,00,00,23,11,51.85,261,78.58,77.98,7.646540,0.975510,1000.00,cifi0007.DBF
HRWG,10HRWG,0,00,00,23,12,59.47,290,87.63,86.93,7.646540,0.975510,1000.00,cifi0007.DBF
HRWG,10HRWG,0,00,00,23,13,67.29,318,96.88,96.08,7.646540,0.975510,1000.00,cifi0007.DBF
HRWG,10HRWG,0,00,00,23,14,75.31,345,106.30,105.41,7.646540,0.975510,1000.00,cifi0007.DBF
HRWG,10HRWG,0,00,00,23,15,83.52,370,115.90,114.92,7.646540,0.975510,1000.00,cifi0007.DBF
HRWG,10HRWG,0,00,00,23,16,91.93,395,125.69,124.62,7.646540,0.975510,1000.00,cifi0007.DBF
HRWG,10HRWG,0,00,00,23,17,100.54,419,135.67,134.50,7.646540,0.975510,1000.00,cifi0007.DBF
HRWG,10HRWG,0,00,00,23,18,109.35,442,145.82,144.57,7.646540,0.975510,1000.00,cifi0007.DBF
HRWG,10HRWG,0,00,00,23,19,118.38,464,156.18,154.82,7.646540,0.975510,1000.00,cifi0007.DBF
HRWG,10HRWG,0,00,00,23,20,127.65,486,166.75,165.29,7.646540,0.975510,1000.00,cifi0007.DBF
HRWG,10HRWG,0,00,00,23,21,137.24,507,177.62,176.01,7.646540,0.975510,1000.00,cifi0007.DBF
HRWG,10HRWG,0,00,00,23,22,147.16,527,188.79,187.03,7.646540,0.975510,1000.00,cifi0007.DBF
HRWG,10HRWG,0,00,00,23,23,157.41,547,200.26,198.34,7.646540,0.975510,1000.00,cifi0007.DBF
HRWG,10HRWG,0,00,00,23,24,168.02,566,212.04,209.97,7.646540,0.975510,1000.00,cifi0007.DBF
HRWG,10HRWG,0,00,00,23,25,179.00,585,224.17,221.93,7.646540,0.975510,1000.00,cifi0007.DBF
HRWG,10HRWG,0,00,00,23,26,190.37,603,236.64,234.23,7.646540,0.975510,1000.00,cifi0007.DBF
HRWG,10HRWG,0,00,00,23,27,202.14,621,249.46,246.87,7.646540,0.975510,1000.00,cifi0007.DBF
HRWG,10HRWG,0,00,00,23,28,214.29,638,262.62,259.86,7.646540,0.975510,1000.00,cifi0007.DBF
HRWG,10HRWG,0,00,00,23,29,226.81,654,276.09,273.18,7.646540,0.975510,1000.00,cifi0007.DBF
HRWG,10HRWG,0,00,00,23,30,239.70,671,289.87,286.80,7.646540,0.975510,1000.00,cifi0007.DBF
HRWG,10HRWG,0,00,00,23,31,252.95,686,303.95,300.73,7.646540,0.975510,1000.00,cifi0007.DBF
HRWG,10HRWG,0,00,00,23,32,266.56,701,318.34,314.97,7.646540,0.975510,1000.00,cifi0007.DBF
HRWG,10HRWG,0,00,00,23,33,280.52,716,333.00,329.49,7.646540,0.975510,1000.00,cifi0007.DBF
HRWG,10HRWG,0,00,00,23,34,294.81,730,347.94,344.29,7.646540,0.975510,1000.00,cifi0007.DBF
HRWG,10HRWG,0,00,00,23,35,309.44,743,363.14,359.36,7.646540,0.975510,1000.00,cifi0007.DBF
HRWG,10HRWG,0,00,00,23,36,324.39,756,378.58,374.68,7.646540,0.975510,1000.00,cifi0007.DBF
HRWG,10HRWG,0,00,00,23,37,339.64,769,394.26,390.24,7.646540,0.975510,1000.00,cifi0007.DBF
HRWG,10HRWG,0,00,00,23,38,355.17,780,410.13,406.02,7.646540,0.975510,1000.00,cifi0007.DBF
HRWG,10HRWG,0,00,00,23,39,370.95,792,426.18,421.98,7.646540,0.975510,1000.00,cifi0007.DBF
HRWG,10HRWG,0,00,00,23,40,386.96,803,442.38,438.10,7.646540,0.975510,1000.00,cifi0007.DBF
HRWG,10HRWG,0,00,00,23,41,403.18,813,458.71,454.37,7.646540,0.975510,1000.00,cifi0007.DBF
HRWG,10HRWG,0,00,00,23,42,419.59,824,475.15,470.75,7.646540,0.975510,1000.00,cifi0007.DBF
HRWG,10HRWG,0,00,00,23,43,436.20,833,491.72,487.26,7.646540,0.975510,1000.00,cifi0007.DBF
HRWG,10HRWG,0,00,00,23,44,453.01,842,508.40,503.88,7.646540,0.975510,1000.00,cifi0007.DBF
HRWG,10HRWG,0,00,00,23,45,470.05,851,525.22,520.64,7.646540,0.975510,1000.00,cifi0007.DBF
HRWG,10HRWG,0,00,00,23,46,487.31,860,542.18,537.52,7.646540,0.975510,1000.00,cifi0007.DBF
HRWG,10HRWG,0,00,00,23,47,504.77,868,559.24,554.53,7.646540,0.975510,1000.00,cifi0007.DBF
HRWG,10HRWG,0,00,00,23,48,522.37,876,576.37,571.63,7.646540,0.975510,1000.00,cifi0007.DBF
HRWG,10HRWG,0,00,00,23,49,540.06,883,593.49,588.75,7.646540,0.975510,1000.00,cifi0007.DBF
HRWG,10HRWG,0,00,00,23,50,557.75,891,610.54,605.84,7.646540,0.975510,1000.00,cifi0007.DBF
HRWG,10HRWG,0,00,00,23,51,575.37,897,627.46,622.82,7.646540,0.975510,1000.00,cifi0007.DBF
HRWG,10HRWG,0,00,00,23,52,592.89,904,644.20,639.65,7.646540,0.975510,1000.00,cifi0007.DBF
HRWG,10HRWG,0,00,00,23,53,610.28,910,660.76,656.30,7.646540,0.975510,1000.00,cifi0007.DBF
HRWG,10HRWG,0,00,00,23,54,627.56,916,677.13,672.77,7.646540,0.975510,1000.00,cifi0007.DBF
HRWG,10HRWG,0,00,00,23,55,644.75,921,693.36,689.07,7.646540,0.975510,1000.00,cifi0007.DBF
HRWG,10HRWG,0,00,00,23,56,661.85,927,709.43,705.22,7.646540,0.975510,1000.00,cifi0007.DBF
HRWG,10HRWG,0,00,00,23,57,678.84,932,725.34,721.21,7.646540,0.975510,1000.00,cifi0007.DBF
HRWG,10HRWG,0,00,00,23,58,695.68,937,741.03,737.00,7.646540,0.975510,1000.00,cifi0007.DBF
HRWG,10HRWG,0,00,00,23,59,712.30,941,756.44,752.56,7.646540,0.975510,1000.00,cifi0007.DBF
HRWG,10HRWG,0,00,00,23,60,728.70,945,771.60,767.85,7.646540,0.975510,1000.00,cifi0007.DBF
HRWG,10HRWG,0,00,00,23,61,744.67,950,786.31,782.78,7.646540,0.975510,1000.00,cifi0007.DBF
HRWG,10HRWG,0,00,00,23,62,760.13,953,800.48,797.22,7.646540,0.975510,1000.00,cifi0007.DBF
HRWG,10HRWG,0,00,00,23,63,774.97,957,814.04,811.08,7.646540,0.975510,1000.00,cifi0007.DBF
HRWG,10HRWG,0,00,00,23,64,789.09,960,826.88,824.28,7.646540,0.975510,1000.00,cifi0007.DBF
HRWG,10HRWG,0,00,00,23,65,802.38,963,838.92,836.72,7.646540,0.975510,1000.00,cifi0007.DBF
HRWG,10HRWG,0,00,00,23,66,814.79,966,850.12,848.34,7.646540,0.975510,1000.00,cifi0007.DBF
HRWG,10HRWG,0,00,00,23,67,826.36,968,860.50,859.13,7.646540,0.975510,1000.00,cifi0007.DBF
HRWG,10HRWG,0,00,00,23,68,837.18,971,870.13,869.14,7.646540,0.975510,1000.00,cifi0007.DBF
HRWG,10HRWG,0,00,00,23,69,847.44,973,879.20,878.49,7.646540,0.975510,1000.00,cifi0007.DBF
HRWG,10HRWG,0,00,00,23,70,857.49,975,887.97,887.41,7.646540,0.975510,1000.00,cifi0007.DBF
HRWG,10HRWG,0,00,00,23,71,867.74,977,896.77,896.19,7.646540,0.975510,1000.00,cifi0007.DBF
HRWG,10HRWG,0,00,00,23,72,878.90,979,906.17,905.29,7.646540,0.975510,1000.00,cifi0007.DBF
HRWG,10HRWG,0,00,00,23,73,892.05,982,917.04,915.43,7.646540,0.975510,1000.00,cifi0007.DBF
HRWG,10HRWG,0,00,00,23,74,907.99,985,929.88,927.29,7.646540,0.975510,1000.00,cifi0007.DBF
HRWG,10HRWG,0,00,00,23,75,928.60,988,946.07,941.80,7.646540,0.975510,1000.00,cifi0007.DBF
HRWG,10HRWG,0,00,00,23,76,957.23,993,967.99,960.85,7.646540,0.975510,1000.00,cifi0007.DBF
HRWG,10HRWG,0,00,00,23,77,1000.00,1000,1000.00,987.82,7.646540,0.975510,1000.00,cifi0007.DBF
HRWG,10HRWG,0,00,00,24,1,0.00,0,0.00,0.50,1.005070,1.005070,1000.00,cifi0007.DBF
HRWG,10HRWG,0,00,00,24,2,0.00,0,7.08,7.49,7.899290,1.005070,1000.00,cifi0007.DBF
HRWG,10HRWG,0,00,00,24,3,0.00,0,14.38,14.68,7.899290,1.005070,1000.00,cifi0007.DBF
HRWG,10HRWG,0,00,00,24,4,5.26,32,21.92,22.10,7.899290,1.005070,1000.00,cifi0007.DBF
HRWG,10HRWG,0,00,00,24,5,11.57,68,29.72,29.77,7.899290,1.005070,1000.00,cifi0007.DBF
HRWG,10HRWG,0,00,00,24,6,18.14,104,37.77,37.69,7.899290,1.005070,1000.00,cifi0007.DBF
HRWG,10HRWG,0,00,00,24,7,24.96,138,46.07,45.87,7.899290,1.005070,1000.00,cifi0007.DBF
HRWG,10HRWG,0,00,00,24,8,32.01,172,54.59,54.28,7.899290,1.005070,1000.00,cifi0007.DBF
HRWG,10HRWG,0,00,00,24,9,39.25,204,63.31,62.90,7.899290,1.005070,1000.00,cifi0007.DBF
HRWG,10HRWG,0,00,00,24,10,46.71,235,72.22,71.71,7.899290,1.005070,1000.00,cifi0007.DBF
HRWG,10HRWG,0,00,00,24,11,54.36,265,81.33,80.73,7.899290,1.005070,1000.00,cifi0007.DBF
HRWG,10HRWG,0,00,00,24,12,62.23,294,90.64,89.93,7.899290,1.005070,1000.00,cifi0007.DBF
HRWG,10HRWG,0,00,00,24,13,70.29,322,100.12,99.33,7.899290,1.005070,1000.00,cifi0007.DBF
HRWG,10HRWG,0,00,00,24,14,78.55,348,109.80,108.91,7.899290,1.005070,1000.00,cifi0007.DBF
HRWG,10HRWG,0,00,00,24,15,87.00,374,119.65,118.67,7.899290,1.005070,1000.00,cifi0007.DBF
HRWG,10HRWG,0,00,00,24,16,95.66,399,129.70,128.62,7.899290,1.005070,1000.00,cifi0007.DBF
HRWG,10HRWG,0,00,00,24,17,104.52,423,139.92,138.76,7.899290,1.005070,1000.00,cifi0007.DBF
HRWG,10HRWG,0,00,00,24,18,113.59,446,150.34,149.08,7.899290,1.005070,1000.00,cifi0007.DBF
HRWG,10HRWG,0,00,00,24,19,122.92,468,160.99,159.62,7.899290,1.005070,1000.00,cifi0007.DBF
HRWG,10HRWG,0,00,00,24,20,132.56,489,171.93,170.41,7.899290,1.005070,1000.00,cifi0007.DBF
HRWG,10HRWG,0,00,00,24,21,142.53,510,183.17,181.50,7.899290,1.005070,1000.00,cifi0007.DBF
HRWG,10HRWG,0,00,00,24,22,152.84,531,194.72,192.90,7.899290,1.005070,1000.00,cifi0007.DBF
HRWG,10HRWG,0,00,00,24,23,163.50,551,206.59,204.61,7.899290,1.005070,1000.00,cifi0007.DBF
HRWG,10HRWG,0,00,00,24,24,174.54,570,218.80,216.64,7.899290,1.005070,1000.00,cifi0007.DBF
HRWG,10HRWG,0,00,00,24,25,185.97,589,231.35,229.02,7.899290,1.005070,1000.00,cifi0007.DBF
HRWG,10HRWG,0,00,00,24,26,197.81,607,244.26,241.76,7.899290,1.005070,1000.00,cifi0007.DBF
HRWG,10HRWG,0,00,00,24,27,210.03,625,257.51,254.84,7.899290,1.005070,1000.00,cifi0007.DBF
HRWG,10HRWG,0,00,00,24,28,222.62,642,271.07,268.24,7.899290,1.005070,1000.00,cifi0007.DBF
HRWG,10HRWG,0,00,00,24,29,235.57,659,284.94,281.96,7.899290,1.005070,1000.00,cifi0007.DBF
HRWG,10HRWG,0,00,00,24,30,248.89,675,299.12,295.98,7.899290,1.005070,1000.00,cifi0007.DBF
HRWG,10HRWG,0,00,00,24,31,262.58,691,313.60,310.31,7.899290,1.005070,1000.00,cifi0007.DBF
HRWG,10HRWG,0,00,00,24,32,276.61,706,328.37,324.94,7.899290,1.005070,1000.00,cifi0007.DBF
HRWG,10HRWG,0,00,00,24,33,290.99,720,343.41,339.84,7.899290,1.005070,1000.00,cifi0007.DBF
HRWG,10HRWG,0,00,00,24,34,305.70,734,358.71,355.01,7.899290,1.005070,1000.00,cifi0007.DBF
HRWG,10HRWG,0,00,00,24,35,320.73,748,374.26,370.44,7.899290,1.005070,1000.00,cifi0007.DBF
HRWG,10HRWG,0,00,00,24,36,336.06,760,390.04,386.10,7.899290,1.005070,1000.00,cifi0007.DBF
HRWG,10HRWG,0,00,00,24,37,351.67,773,406.02,401.98,7.899290,1.005070,1000.00,cifi0007.DBF
HRWG,10HRWG,0,00,00,24,38,367.54,785,422.18,418.05,7.899290,1.005070,1000.00,cifi0007.DBF
HRWG,10HRWG,0,00,00,24,39,383.63,796,438.49,434.28,7.899290,1.005070,1000.00,cifi0007.DBF
HRWG,10HRWG,0,00,00,24,40,399.94,807,454.93,450.66,7.899290,1.005070,1000.00,cifi0007.DBF
HRWG,10HRWG,0,00,00,24,41,416.44,817,471.49,467.16,7.899290,1.005070,1000.00,cifi0007.DBF
HRWG,10HRWG,0,00,00,24,42,433.14,827,488.16,483.78,7.899290,1.005070,1000.00,cifi0007.DBF
HRWG,10HRWG,0,00,00,24,43,450.05,837,504.96,500.51,7.899290,1.005070,1000.00,cifi0007.DBF
HRWG,10HRWG,0,00,00,24,44,467.18,846,521.90,517.38,7.899290,1.005070,1000.00,cifi0007.DBF
HRWG,10HRWG,0,00,00,24,45,484.53,855,538.97,534.38,7.899290,1.005070,1000.00,cifi0007.DBF
HRWG,10HRWG,0,00,00,24,46,502.08,863,556.15,551.51,7.899290,1.005070,1000.00,cifi0007.DBF
HRWG,10HRWG,0,00,00,24,47,519.78,872,573.39,568.72,7.899290,1.005070,1000.00,cifi0007.DBF
HRWG,10HRWG,0,00,00,24,48,537.56,879,590.63,585.96,7.899290,1.005070,1000.00,cifi0007.DBF
HRWG,10HRWG,0,00,00,24,49,555.35,887,607.80,603.16,7.899290,1.005070,1000.00,cifi0007.DBF
HRWG,10HRWG,0,00,00,24,50,573.07,894,624.83,620.26,7.899290,1.005070,1000.00,cifi0007.DBF
HRWG,10HRWG,0,00,00,24,51,590.68,900,641.68,637.20,7.899290,1.005070,1000.00,cifi0007.DBF
HRWG,10HRWG,0,00,00,24,52,608.17,907,658.35,653.97,7.899290,1.005070,1000.00,cifi0007.DBF
HRWG,10HRWG,0,00,00,24,53,625.54,913,674.84,670.55,7.899290,1.005070,1000.00,cifi0007.DBF
HRWG,10HRWG,0,00,00,24,54,642.82,919,691.17,686.96,7.899290,1.005070,1000.00,cifi0007.DBF
HRWG,10HRWG,0,00,00,24,55,660.02,924,707.36,703.21,7.899290,1.005070,1000.00,cifi0007.DBF
HRWG,10HRWG,0,00,00,24,56,677.10,929,723.37,719.31,7.899290,1.005070,1000.00,cifi0007.DBF
HRWG,10HRWG,0,00,00,24,57,694.03,934,739.17,735.22,7.899290,1.005070,1000.00,cifi0007.DBF
HRWG,10HRWG,0,00,00,24,58,710.73,939,754.69,750.88,7.899290,1.005070,1000.00,cifi0007.DBF
HRWG,10HRWG,0,00,00,24,59,727.23,944,769.95,766.27,7.899290,1.005070,1000.00,cifi0007.DBF
HRWG,10HRWG,0,00,00,24,60,743.29,948,784.76,781.30,7.899290,1.005070,1000.00,cifi0007.DBF
HRWG,10HRWG,0,00,00,24,61,758.83,952,799.03,795.84,7.899290,1.005070,1000.00,cifi0007.DBF
HRWG,10HRWG,0,00,00,24,62,773.75,955,812.67,809.80,7.899290,1.005070,1000.00,cifi0007.DBF
HRWG,10HRWG,0,00,00,24,63,787.94,959,825.60,823.09,7.899290,1.005070,1000.00,cifi0007.DBF
HRWG,10HRWG,0,00,00,24,64,801.31,962,837.73,835.62,7.899290,1.005070,1000.00,cifi0007.DBF
HRWG,10HRWG,0,00,00,24,65,813.79,965,849.00,847.32,7.899290,1.005070,1000.00,cifi0007.DBF
HRWG,10HRWG,0,00,00,24,66,825.42,967,859.45,858.18,7.899290,1.005070,1000.00,cifi0007.DBF
HRWG,10HRWG,0,00,00,24,67,836.29,970,869.16,868.25,7.899290,1.005070,1000.00,cifi0007.DBF
HRWG,10HRWG,0,00,00,24,68,846.62,972,878.29,877.67,7.899290,1.005070,1000.00,cifi0007.DBF
HRWG,10HRWG,0,00,00,24,69,856.72,974,887.11,886.65,7.899290,1.005070,1000.00,cifi0007.DBF
HRWG,10HRWG,0,00,00,24,70,867.02,976,895.98,895.49,7.899290,1.005070,1000.00,cifi0007.DBF
HRWG,10HRWG,0,00,00,24,71,878.24,978,905.45,904.66,7.899290,1.005070,1000.00,cifi0007.DBF
HRWG,10HRWG,0,00,00,24,72,891.47,981,916.40,914.87,7.899290,1.005070,1000.00,cifi0007.DBF
HRWG,10HRWG,0,00,00,24,73,907.49,984,929.34,926.82,7.899290,1.005070,1000.00,cifi0007.DBF
HRWG,10HRWG,0,00,00,24,74,928.22,988,945.65,941.44,7.899290,1.005070,1000.00,cifi0007.DBF
HRWG,10HRWG,0,00,00,24,75,957.00,993,967.73,960.64,7.899290,1.005070,1000.00,cifi0007.DBF
HRWG,10HRWG,0,00,00,24,76,1000.00,1000,1000.00,987.82,7.899290,1.005070,1000.00,cifi0007.DBF
HRWG,10HRWG,0,00,00,25,1,0.00,0,0.00,0.52,1.034630,1.034630,1000.00,cifi0007.DBF
HRWG,10HRWG,0,00,00,25,2,0.00,0,7.35,7.76,8.162380,1.034630,1000.00,cifi0007.DBF
HRWG,10HRWG,0,00,00,25,3,0.00,0,14.95,15.23,8.162380,1.034630,1000.00,cifi0007.DBF
HRWG,10HRWG,0,00,00,25,4,6.00,35,22.80,22.96,8.162380,1.034630,1000.00,cifi0007.DBF
HRWG,10HRWG,0,00,00,25,5,12.61,72,30.91,30.94,8.162380,1.034630,1000.00,cifi0007.DBF
HRWG,10HRWG,0,00,00,25,6,19.47,108,39.27,39.17,8.162380,1.034630,1000.00,cifi0007.DBF
HRWG,10HRWG,0,00,00,25,7,26.55,142,47.85,47.64,8.162380,1.034630,1000.00,cifi0007.DBF
HRWG,10HRWG,0,00,00,25,8,33.84,176,56.63,56.32,8.162380,1.034630,1000.00,cifi0007.DBF
HRWG,10HRWG,0,00,00,25,9,41.34,208,65.60,65.19,8.162380,1.034630,1000.00,cifi0007.DBF
HRWG,10HRWG,0,00,00,25,10,49.03,239,74.77,74.27,8.162380,1.034630,1000.00,cifi0007.DBF
HRWG,10HRWG,0,00,00,25,11,56.95,269,84.15,83.54,8.162380,1.034630,1000.00,cifi0007.DBF
HRWG,10HRWG,0,00,00,25,12,65.05,298,93.70,93.00,8.162380,1.034630,1000.00,cifi0007.DBF
HRWG,10HRWG,0,00,00,25,13,73.35,325,103.44,102.65,8.162380,1.034630,1000.00,cifi0007.DBF
HRWG,10HRWG,0,00,00,25,14,81.86,352,113.36,112.48,8.162380,1.034630,1000.00,cifi0007.DBF
HRWG,10HRWG,0,00,00,25,15,90.56,378,123.48,122.50,8.162380,1.034630,1000.00,cifi0007.DBF
HRWG,10HRWG,0,00,00,25,16,99.47,402,133.77,132.71,8.162380,1.034630,1000.00,cifi0007.DBF
HRWG,10HRWG,0,00,00,25,17,108.60,426,144.27,143.10,8.162380,1.034630,1000.00,cifi0007.DBF
HRWG,10HRWG,0,00,00,25,18,117.97,449,154.99,153.71,8.162380,1.034630,1000.00,cifi0007.DBF
HRWG,10HRWG,0,00,00,25,19,127.67,471,166.01,164.59,8.162380,1.034630,1000.00,cifi0007.DBF
HRWG,10HRWG,0,00,00,25,20,137.70,493,177.33,175.75,8.162380,1.034630,1000.00,cifi0007.DBF
HRWG,10HRWG,0,00,00,25,21,148.06,514,188.96,187.23,8.162380,1.034630,1000.00,cifi0007.DBF
HRWG,10HRWG,0,00,00,25,22,158.79,535,200.91,199.02,8.162380,1.034630,1000.00,cifi0007.DBF
HRWG,10HRWG,0,00,00,25,23,169.89,555,213.21,211.14,8.162380,1.034630,1000.00,cifi0007.DBF
HRWG,10HRWG,0,00,00,25,24,181.39,574,225.85,223.61,8.162380,1.034630,1000.00,cifi0007.DBF
HRWG,10HRWG,0,00,00,25,25,193.29,593,238.85,236.43,8.162380,1.034630,1000.00,cifi0007.DBF
HRWG,10HRWG,0,00,00,25,26,205.58,612,252.19,249.60,8.162380,1.034630,1000.00,cifi0007.DBF
HRWG,10HRWG,0,00,00,25,27,218.24,630,265.85,263.10,8.162380,1.034630,1000.00,cifi0007.DBF
HRWG,10HRWG,0,00,00,25,28,231.27,647,279.82,276.91,8.162380,1.034630,1000.00,cifi0007.DBF
HRWG,10HRWG,0,00,00,25,29,244.66,664,294.10,291.04,8.162380,1.034630,1000.00,cifi0007.DBF
HRWG,10HRWG,0,00,00,25,30,258.42,680,308.68,305.47,8.162380,1.034630,1000.00,cifi0007.DBF
HRWG,10HRWG,0,00,00,25,31,272.53,695,323.55,320.19,8.162380,1.034630,1000.00,cifi0007.DBF
HRWG,10HRWG,0,00,00,25,32,286.99,710,338.69,335.20,8.162380,1.034630,1000.00,cifi0007.DBF
HRWG,10HRWG,0,00,00,25,33,301.78,725,354.10,350.48,8.162380,1.034630,1000.00,cifi0007.DBF
HRWG,10HRWG,0,00,00,25,34,316.90,739,369.76,366.01,8.162380,1.034630,1000.00,cifi0007.DBF
HRWG,10HRWG,0,00,00,25,35,332.32,752,385.65,381.79,8.162380,1.034630,1000.00,cifi0007.DBF
HRWG,10HRWG,0,00,00,25,36,348.02,765,401.75,397.78,8.162380,1.034630,1000.00,cifi0007.DBF
HRWG,10HRWG,0,00,00,25,37,363.97,777,418.02,413.96,8.162380,1.034630,1000.00,cifi0007.DBF
HRWG,10HRWG,0,00,00,25,38,380.16,789,434.44,430.31,8.162380,1.034630,1000.00,cifi0007.DBF
HRWG,10HRWG,0,00,00,25,39,396.56,800,451.00,446.80,8.162380,1.034630,1000.00,cifi0007.DBF
HRWG,10HRWG,0,00,00,25,40,413.15,811,467.67,463.42,8.162380,1.034630,1000.00,cifi0007.DBF
HRWG,10HRWG,0,00,00,25,41,429.95,821,484.47,480.15,8.162380,1.034630,1000.00,cifi0007.DBF
HRWG,10HRWG,0,00,00,25,42,446.95,831,501.38,497.01,8.162380,1.034630,1000.00,cifi0007.DBF
HRWG,10HRWG,0,00,00,25,43,464.17,841,518.44,513.99,8.162380,1.034630,1000.00,cifi0007.DBF
HRWG,10HRWG,0,00,00,25,44,481.62,850,535.62,531.11,8.162380,1.034630,1000.00,cifi0007.DBF
HRWG,10HRWG,0,00,00,25,45,499.27,859,552.93,548.36,8.162380,1.034630,1000.00,cifi0007.DBF
HRWG,10HRWG,0,00,00,25,46,517.08,867,570.29,565.69,8.162380,1.034630,1000.00,cifi0007.DBF
HRWG,10HRWG,0,00,00,25,47,534.96,875,587.65,583.05,8.162380,1.034630,1000.00,cifi0007.DBF
HRWG,10HRWG,0,00,00,25,48,552.84,883,604.94,600.37,8.162380,1.034630,1000.00,cifi0007.DBF
HRWG,10HRWG,0,00,00,25,49,570.66,890,622.09,617.59,8.162380,1.034630,1000.00,cifi0007.DBF
HRWG,10HRWG,0,00,00,25,50,588.37,897,639.06,634.66,8.162380,1.034630,1000.00,cifi0007.DBF
HRWG,10HRWG,0,00,00,25,51,605.96,904,655.85,651.54,8.162380,1.034630,1000.00,cifi0007.DBF
HRWG,10HRWG,0,00,00,25,52,623.43,910,672.45,668.23,8.162380,1.034630,1000.00,cifi0007.DBF
HRWG,10HRWG,0,00,00,25,53,640.81,916,688.90,684.76,8.162380,1.034630,1000.00,cifi0007.DBF
HRWG,10HRWG,0,00,00,25,54,658.10,921,705.20,701.13,8.162380,1.034630,1000.00,cifi0007.DBF
HRWG,10HRWG,0,00,00,25,55,675.28,927,721.32,717.34,8.162380,1.034630,1000.00,cifi0007.DBF
HRWG,10HRWG,0,00,00,25,56,692.31,932,737.23,733.36,8.162380,1.034630,1000.00,cifi0007.DBF
HRWG,10HRWG,0,00,00,25,57,709.10,937,752.86,749.13,8.162380,1.034630,1000.00,cifi0007.DBF
HRWG,10HRWG,0,00,00,25,58,725.69,942,768.23,764.63,8.162380,1.034630,1000.00,cifi0007.DBF
HRWG,10HRWG,0,00,00,25,59,741.84,946,783.14,779.77,8.162380,1.034630,1000.00,cifi0007.DBF
HRWG,10HRWG,0,00,00,25,60,757.47,950,797.51,794.41,8.162380,1.034630,1000.00,cifi0007.DBF
HRWG,10HRWG,0,00,00,25,61,772.48,954,811.26,808.47,8.162380,1.034630,1000.00,cifi0007.DBF
HRWG,10HRWG,0,00,00,25,62,786.75,957,824.27,821.85,8.162380,1.034630,1000.00,cifi0007.DBF
HRWG,10HRWG,0,00,00,25,63,800.19,961,836.49,834.46,8.162380,1.034630,1000.00,cifi0007.DBF
HRWG,10HRWG,0,00,00,25,64,812.74,964,847.84,846.25,8.162380,1.034630,1000.00,cifi0007.DBF
HRWG,10HRWG,0,00,00,25,65,824.44,966,858.36,857.18,8.162380,1.034630,1000.00,cifi0007.DBF
HRWG,10HRWG,0,00,00,25,66,835.37,969,868.14,867.33,8.162380,1.034630,1000.00,cifi0007.DBF
HRWG,10HRWG,0,00,00,25,67,845.75,971,877.33,876.82,8.162380,1.034630,1000.00,cifi0007.DBF
HRWG,10HRWG,0,00,00,25,68,855.91,973,886.22,885.86,8.162380,1.034630,1000.00,cifi0007.DBF
HRWG,10HRWG,0,00,00,25,69,866.27,975,895.15,894.77,8.162380,1.034630,1000.00,cifi0007.DBF
HRWG,10HRWG,0,00,00,25,70,877.55,978,904.70,904.01,8.162380,1.034630,1000.00,cifi0007.DBF
HRWG,10HRWG,0,00,00,25,71,890.86,980,915.73,914.30,8.162380,1.034630,1000.00,cifi0007.DBF
HRWG,10HRWG,0,00,00,25,72,906.97,983,928.77,926.33,8.162380,1.034630,1000.00,cifi0007.DBF
HRWG,10HRWG,0,00,00,25,73,927.81,987,945.21,941.07,8.162380,1.034630,1000.00,cifi0007.DBF
HRWG,10HRWG,0,00,00,25,74,956.75,993,967.47,960.42,8.162380,1.034630,1000.00,cifi0007.DBF
HRWG,10HRWG,0,00,00,25,75,1000.00,1000,1000.00,987.82,8.162380,1.034630,1000.00,cifi0007.DBF
HRWG,10HRWG,0,00,00,26,1,0.00,0,0.00,0.52,1.034630,1.034630,1000.00,cifi0007.DBF
HRWG,10HRWG,0,00,00,26,2,0.00,0,7.65,8.05,8.437540,1.034630,1000.00,cifi0007.DBF
HRWG,10HRWG,0,00,00,26,3,0.18,1,15.56,15.83,8.437540,1.034630,1000.00,cifi0007.DBF
HRWG,10HRWG,0,00,00,26,4,6.83,39,23.73,23.87,8.437540,1.034630,1000.00,cifi0007.DBF
HRWG,10HRWG,0,00,00,26,5,13.72,76,32.15,32.16,8.437540,1.034630,1000.00,cifi0007.DBF
HRWG,10HRWG,0,00,00,26,6,20.85,112,40.79,40.69,8.437540,1.034630,1000.00,cifi0007.DBF
HRWG,10HRWG,0,00,00,26,7,28.18,146,49.64,49.43,8.437540,1.034630,1000.00,cifi0007.DBF
HRWG,10HRWG,0,00,00,26,8,35.72,180,58.68,58.37,8.437540,1.034630,1000.00,cifi0007.DBF
HRWG,10HRWG,0,00,00,26,9,43.47,212,67.92,67.52,8.437540,1.034630,1000.00,cifi0007.DBF
HRWG,10HRWG,0,00,00,26,10,51.43,243,77.36,76.86,8.437540,1.034630,1000.00,cifi0007.DBF
HRWG,10HRWG,0,00,00,26,11,59.57,273,86.98,86.39,8.437540,1.034630,1000.00,cifi0007.DBF
HRWG,10HRWG,0,00,00,26,12,67.93,301,96.79,96.10,8.437540,1.034630,1000.00,cifi0007.DBF
HRWG,10HRWG,0,00,00,26,13,76.48,329,106.79,106.01,8.437540,1.034630,1000.00,cifi0007.DBF
HRWG,10HRWG,0,00,00,26,14,85.24,355,116.98,116.10,8.437540,1.034630,1000.00,cifi0007.DBF
HRWG,10HRWG,0,00,00,26,15,94.20,381,127.35,126.38,8.437540,1.034630,1000.00,cifi0007.DBF
HRWG,10HRWG,0,00,00,26,16,103.38,405,137.92,136.85,8.437540,1.034630,1000.00,cifi0007.DBF
HRWG,10HRWG,0,00,00,26,17,112.81,429,148.72,147.54,8.437540,1.034630,1000.00,cifi0007.DBF
HRWG,10HRWG,0,00,00,26,18,122.56,452,159.82,158.49,8.437540,1.034630,1000.00,cifi0007.DBF
HRWG,10HRWG,0,00,00,26,19,132.65,475,171.22,169.74,8.437540,1.034630,1000.00,cifi0007.DBF
HRWG,10HRWG,0,00,00,26,20,143.08,497,182.94,181.30,8.437540,1.034630,1000.00,cifi0007.DBF
HRWG,10HRWG,0,00,00,26,21,153.86,518,194.98,193.18,8.437540,1.034630,1000.00,cifi0007.DBF
HRWG,10HRWG,0,00,00,26,22,165.03,539,207.36,205.39,8.437540,1.034630,1000.00,cifi0007.DBF
HRWG,10HRWG,0,00,00,26,23,176.59,559,220.09,217.95,8.437540,1.034630,1000.00,cifi0007.DBF
HRWG,10HRWG,0,00,00,26,24,188.57,579,233.19,230.86,8.437540,1.034630,1000.00,cifi0007.DBF
HRWG,10HRWG,0,00,00,26,25,200.93,598,246.63,244.13,8.437540,1.034630,1000.00,cifi0007.DBF
HRWG,10HRWG,0,00,00,26,26,213.66,616,260.38,257.72,8.437540,1.034630,1000.00,cifi0007.DBF
HRWG,10HRWG,0,00,00,26,27,226.77,634,274.46,271.64,8.437540,1.034630,1000.00,cifi0007.DBF
HRWG,10HRWG,0,00,00,26,28,240.24,652,288.84,285.87,8.437540,1.034630,1000.00,cifi0007.DBF
HRWG,10HRWG,0,00,00,26,29,254.08,668,303.53,300.40,8.437540,1.034630,1000.00,cifi0007.DBF
HRWG,10HRWG,0,00,00,26,30,268.27,684,318.50,315.24,8.437540,1.034630,1000.00,cifi0007.DBF
HRWG,10HRWG,0,00,00,26,31,282.82,700,333.76,330.35,8.437540,1.034630,1000.00,cifi0007.DBF
HRWG,10HRWG,0,00,00,26,32,297.69,715,349.28,345.74,8.437540,1.034630,1000.00,cifi0007.DBF
HRWG,10HRWG,0,00,00,26,33,312.90,729,365.06,361.39,8.437540,1.034630,1000.00,cifi0007.DBF
HRWG,10HRWG,0,00,00,26,34,328.41,743,381.06,377.28,8.437540,1.034630,1000.00,cifi0007.DBF
HRWG,10HRWG,0,00,00,26,35,344.20,756,397.28,393.39,8.437540,1.034630,1000.00,cifi0007.DBF
HRWG,10HRWG,0,00,00,26,36,360.25,769,413.66,409.69,8.437540,1.034630,1000.00,cifi0007.DBF
HRWG,10HRWG,0,00,00,26,37,376.53,781,430.21,426.15,8.437540,1.034630,1000.00,cifi0007.DBF
HRWG,10HRWG,0,00,00,26,38,393.02,793,446.89,442.77,8.437540,1.034630,1000.00,cifi0007.DBF
HRWG,10HRWG,0,00,00,26,39,409.71,804,463.68,459.50,8.437540,1.034630,1000.00,cifi0007.DBF
HRWG,10HRWG,0,00,00,26,40,426.61,815,480.60,476.36,8.437540,1.034630,1000.00,cifi0007.DBF
HRWG,10HRWG,0,00,00,26,41,443.71,825,497.64,493.34,8.437540,1.034630,1000.00,cifi0007.DBF
HRWG,10HRWG,0,00,00,26,42,461.04,835,514.82,510.45,8.437540,1.034630,1000.00,cifi0007.DBF
HRWG,10HRWG,0,00,00,26,43,478.59,844,532.13,527.69,8.437540,1.034630,1000.00,cifi0007.DBF
HRWG,10HRWG,0,00,00,26,44,496.34,854,549.56,545.06,8.437540,1.034630,1000.00,cifi0007.DBF
HRWG,10HRWG,0,00,00,26,45,514.25,862,567.05,562.52,8.437540,1.034630,1000.00,cifi0007.DBF
HRWG,10HRWG,0,00,00,26,46,532.23,871,584.53,580.01,8.437540,1.034630,1000.00,cifi0007.DBF
HRWG,10HRWG,0,00,00,26,47,550.22,879,601.95,597.46,8.437540,1.034630,1000.00,cifi0007.DBF
HRWG,10HRWG,0,00,00,26,48,568.15,886,619.22,614.80,8.437540,1.034630,1000.00,cifi0007.DBF
HRWG,10HRWG,0,00,00,26,49,585.96,893,636.32,631.99,8.437540,1.034630,1000.00,cifi0007.DBF
HRWG,10HRWG,0,00,00,26,50,603.65,900,653.23,648.99,8.437540,1.034630,1000.00,cifi0007.DBF
HRWG,10HRWG,0,00,00,26,51,621.22,907,669.96,665.81,8.437540,1.034630,1000.00,cifi0007.DBF
HRWG,10HRWG,0,00,00,26,52,638.70,913,686.52,682.46,8.437540,1.034630,1000.00,cifi0007.DBF
HRWG,10HRWG,0,00,00,26,53,656.10,919,702.94,698.95,8.437540,1.034630,1000.00,cifi0007.DBF
HRWG,10HRWG,0,00,00,26,54,673.38,924,719.18,715.28,8.437540,1.034630,1000.00,cifi0007.DBF
HRWG,10HRWG,0,00,00,26,55,690.51,930,735.21,731.41,8.437540,1.034630,1000.00,cifi0007.DBF
HRWG,10HRWG,0,00,00,26,56,707.40,935,750.95,747.30,8.437540,1.034630,1000.00,cifi0007.DBF
HRWG,10HRWG,0,00,00,26,57,724.08,939,766.44,762.91,8.437540,1.034630,1000.00,cifi0007.DBF
HRWG,10HRWG,0,00,00,26,58,740.33,944,781.45,778.16,8.437540,1.034630,1000.00,cifi0007.DBF
HRWG,10HRWG,0,00,00,26,59,756.05,948,795.93,792.91,8.437540,1.034630,1000.00,cifi0007.DBF
HRWG,10HRWG,0,00,00,26,60,771.15,952,809.77,807.07,8.437540,1.034630,1000.00,cifi0007.DBF
HRWG,10HRWG,0,00,00,26,61,785.50,956,822.89,820.55,8.437540,1.034630,1000.00,cifi0007.DBF
HRWG,10HRWG,0,00,00,26,62,799.02,959,835.19,833.26,8.437540,1.034630,1000.00,cifi0007.DBF
HRWG,10HRWG,0,00,00,26,63,811.64,962,846.63,845.13,8.437540,1.034630,1000.00,cifi0007.DBF
HRWG,10HRWG,0,00,00,26,64,823.41,965,857.23,856.14,8.437540,1.034630,1000.00,cifi0007.DBF
HRWG,10HRWG,0,00,00,26,65,834.41,968,867.07,866.37,8.437540,1.034630,1000.00,cifi0007.DBF
HRWG,10HRWG,0,00,00,26,66,844.85,970,876.34,875.92,8.437540,1.034630,1000.00,cifi0007.DBF
HRWG,10HRWG,0,00,00,26,67,855.07,972,885.30,885.04,8.437540,1.034630,1000.00,cifi0007.DBF
HRWG,10HRWG,0,00,00,26,68,865.49,974,894.29,894.01,8.437540,1.034630,1000.00,cifi0007.DBF
HRWG,10HRWG,0,00,00,26,69,876.84,977,903.91,903.32,8.437540,1.034630,1000.00,cifi0007.DBF
HRWG,10HRWG,0,00,00,26,70,890.22,980,915.03,913.69,8.437540,1.034630,1000.00,cifi0007.DBF
HRWG,10HRWG,0,00,00,26,71,906.42,983,928.17,925.82,8.437540,1.034630,1000.00,cifi0007.DBF
HRWG,10HRWG,0,00,00,26,72,927.39,987,944.75,940.68,8.437540,1.034630,1000.00,cifi0007.DBF
HRWG,10HRWG,0,00,00,26,73,956.50,992,967.19,960.19,8.437540,1.034630,1000.00,cifi0007.DBF
HRWG,10HRWG,0,00,00,26,74,1000.00,1000,1000.00,987.82,8.437540,1.034630,1000.00,cifi0007.DBF
HRWG,10HRWG,0,00,00,27,1,0.00,0,0.00,0.51,1.014930,1.014930,1000.00,cifi0007.DBF
HRWG,10HRWG,0,00,00,27,2,0.00,0,7.97,8.35,8.726260,1.014930,1000.00,cifi0007.DBF
HRWG,10HRWG,0,00,00,27,3,0.75,4,16.20,16.45,8.726260,1.014930,1000.00,cifi0007.DBF
HRWG,10HRWG,0,00,00,27,4,7.69,43,24.68,24.80,8.726260,1.014930,1000.00,cifi0007.DBF
HRWG,10HRWG,0,00,00,27,5,14.86,80,33.39,33.40,8.726260,1.014930,1000.00,cifi0007.DBF
HRWG,10HRWG,0,00,00,27,6,22.24,116,42.30,42.21,8.726260,1.014930,1000.00,cifi0007.DBF
HRWG,10HRWG,0,00,00,27,7,29.82,150,51.41,51.22,8.726260,1.014930,1000.00,cifi0007.DBF
HRWG,10HRWG,0,00,00,27,8,37.61,183,60.72,60.43,8.726260,1.014930,1000.00,cifi0007.DBF
HRWG,10HRWG,0,00,00,27,9,45.62,215,70.24,69.84,8.726260,1.014930,1000.00,cifi0007.DBF
HRWG,10HRWG,0,00,00,27,10,53.82,246,79.93,79.45,8.726260,1.014930,1000.00,cifi0007.DBF
HRWG,10HRWG,0,00,00,27,11,62.23,276,89.82,89.24,8.726260,1.014930,1000.00,cifi0007.DBF
HRWG,10HRWG,0,00,00,27,12,70.83,304,99.89,99.22,8.726260,1.014930,1000.00,cifi0007.DBF
HRWG,10HRWG,0,00,00,27,13,79.64,332,110.15,109.38,8.726260,1.014930,1000.00,cifi0007.DBF
HRWG,10HRWG,0,00,00,27,14,88.66,358,120.60,119.74,8.726260,1.014930,1000.00,cifi0007.DBF
HRWG,10HRWG,0,00,00,27,15,97.89,384,131.26,130.29,8.726260,1.014930,1000.00,cifi0007.DBF
HRWG,10HRWG,0,00,00,27,16,107.38,409,142.14,141.06,8.726260,1.014930,1000.00,cifi0007.DBF
HRWG,10HRWG,0,00,00,27,17,117.20,433,153.33,152.10,8.726260,1.014930,1000.00,cifi0007.DBF
HRWG,10HRWG,0,00,00,27,18,127.34,456,164.81,163.43,8.726260,1.014930,1000.00,cifi0007.DBF
HRWG,10HRWG,0,00,00,27,19,137.83,479,176.62,175.08,8.726260,1.014930,1000.00,cifi0007.DBF
HRWG,10HRWG,0,00,00,27,20,148.68,501,188.75,187.04,8.726260,1.014930,1000.00,cifi0007.DBF
HRWG,10HRWG,0,00,00,27,21,159.92,522,201.22,199.35,8.726260,1.014930,1000.00,cifi0007.DBF
HRWG,10HRWG,0,00,00,27,22,171.56,543,214.05,212.00,8.726260,1.014930,1000.00,cifi0007.DBF
HRWG,10HRWG,0,00,00,27,23,183.60,564,227.25,225.02,8.726260,1.014930,1000.00,cifi0007.DBF
HRWG,10HRWG,0,00,00,27,24,196.04,583,240.79,238.38,8.726260,1.014930,1000.00,cifi0007.DBF
HRWG,10HRWG,0,00,00,27,25,208.85,603,254.65,252.08,8.726260,1.014930,1000.00,cifi0007.DBF
HRWG,10HRWG,0,00,00,27,26,222.03,621,268.83,266.10,8.726260,1.014930,1000.00,cifi0007.DBF
HRWG,10HRWG,0,00,00,27,27,235.59,639,283.32,280.44,8.726260,1.014930,1000.00,cifi0007.DBF
HRWG,10HRWG,0,00,00,27,28,249.52,656,298.12,295.09,8.726260,1.014930,1000.00,cifi0007.DBF
HRWG,10HRWG,0,00,00,27,29,263.80,673,313.21,310.03,8.726260,1.014930,1000.00,cifi0007.DBF
HRWG,10HRWG,0,00,00,27,30,278.43,689,328.58,325.26,8.726260,1.014930,1000.00,cifi0007.DBF
HRWG,10HRWG,0,00,00,27,31,293.40,705,344.22,340.77,8.726260,1.014930,1000.00,cifi0007.DBF
HRWG,10HRWG,0,00,00,27,32,308.70,719,360.12,356.54,8.726260,1.014930,1000.00,cifi0007.DBF
HRWG,10HRWG,0,00,00,27,33,324.30,734,376.25,372.55,8.726260,1.014930,1000.00,cifi0007.DBF
HRWG,10HRWG,0,00,00,27,34,340.19,748,392.58,388.78,8.726260,1.014930,1000.00,cifi0007.DBF
HRWG,10HRWG,0,00,00,27,35,356.34,761,409.10,405.20,8.726260,1.014930,1000.00,cifi0007.DBF
HRWG,10HRWG,0,00,00,27,36,372.72,773,425.77,421.79,8.726260,1.014930,1000.00,cifi0007.DBF
HRWG,10HRWG,0,00,00,27,37,389.31,785,442.57,438.53,8.726260,1.014930,1000.00,cifi0007.DBF
HRWG,10HRWG,0,00,00,27,38,406.10,797,459.49,455.40,8.726260,1.014930,1000.00,cifi0007.DBF
HRWG,10HRWG,0,00,00,27,39,423.10,808,476.54,472.38,8.726260,1.014930,1000.00,cifi0007.DBF
HRWG,10HRWG,0,00,00,27,40,440.31,819,493.71,489.49,8.726260,1.014930,1000.00,cifi0007.DBF
HRWG,10HRWG,0,00,00,27,41,457.74,829,511.02,506.73,8.726260,1.014930,1000.00,cifi0007.DBF
HRWG,10HRWG,0,00,00,27,42,475.40,839,528.46,524.10,8.726260,1.014930,1000.00,cifi0007.DBF
HRWG,10HRWG,0,00,00,27,43,493.26,848,546.02,541.60,8.726260,1.014930,1000.00,cifi0007.DBF
HRWG,10HRWG,0,00,00,27,44,511.28,857,563.65,559.20,8.726260,1.014930,1000.00,cifi0007.DBF
HRWG,10HRWG,0,00,00,27,45,529.37,866,581.26,576.82,8.726260,1.014930,1000.00,cifi0007.DBF
HRWG,10HRWG,0,00,00,27,46,547.47,874,598.81,594.40,8.726260,1.014930,1000.00,cifi0007.DBF
HRWG,10HRWG,0,00,00,27,47,565.51,882,616.22,611.88,8.726260,1.014930,1000.00,cifi0007.DBF
HRWG,10HRWG,0,00,00,27,48,583.43,889,633.45,629.20,8.726260,1.014930,1000.00,cifi0007.DBF
HRWG,10HRWG,0,00,00,27,49,601.23,896,650.48,646.33,8.726260,1.014930,1000.00,cifi0007.DBF
HRWG,10HRWG,0,00,00,27,50,618.91,903,667.34,663.27,8.726260,1.014930,1000.00,cifi0007.DBF
HRWG,10HRWG,0,00,00,27,51,636.49,910,684.03,680.05,8.726260,1.014930,1000.00,cifi0007.DBF
HRWG,10HRWG,0,00,00,27,52,653.99,916,700.57,696.66,8.726260,1.014930,1000.00,cifi0007.DBF
HRWG,10HRWG,0,00,00,27,53,671.38,921,716.94,713.12,8.726260,1.014930,1000.00,cifi0007.DBF
HRWG,10HRWG,0,00,00,27,54,688.61,927,733.08,729.37,8.726260,1.014930,1000.00,cifi0007.DBF
HRWG,10HRWG,0,00,00,27,55,705.61,932,748.95,745.38,8.726260,1.014930,1000.00,cifi0007.DBF
HRWG,10HRWG,0,00,00,27,56,722.40,937,764.55,761.11,8.726260,1.014930,1000.00,cifi0007.DBF
HRWG,10HRWG,0,00,00,27,57,738.74,942,779.68,776.48,8.726260,1.014930,1000.00,cifi0007.DBF
HRWG,10HRWG,0,00,00,27,58,754.56,946,794.27,791.34,8.726260,1.014930,1000.00,cifi0007.DBF
HRWG,10HRWG,0,00,00,27,59,769.75,950,808.22,805.61,8.726260,1.014930,1000.00,cifi0007.DBF
HRWG,10HRWG,0,00,00,27,60,784.19,954,821.43,819.19,8.726260,1.014930,1000.00,cifi0007.DBF
HRWG,10HRWG,0,00,00,27,61,797.79,958,833.83,831.99,8.726260,1.014930,1000.00,cifi0007.DBF
HRWG,10HRWG,0,00,00,27,62,810.49,961,845.35,843.95,8.726260,1.014930,1000.00,cifi0007.DBF
HRWG,10HRWG,0,00,00,27,63,822.33,964,856.03,855.06,8.726260,1.014930,1000.00,cifi0007.DBF
HRWG,10HRWG,0,00,00,27,64,833.39,966,865.96,865.36,8.726260,1.014930,1000.00,cifi0007.DBF
HRWG,10HRWG,0,00,00,27,65,843.90,969,875.29,874.99,8.726260,1.014930,1000.00,cifi0007.DBF
HRWG,10HRWG,0,00,00,27,66,854.18,971,884.32,884.17,8.726260,1.014930,1000.00,cifi0007.DBF
HRWG,10HRWG,0,00,00,27,67,864.66,973,893.39,893.22,8.726260,1.014930,1000.00,cifi0007.DBF
HRWG,10HRWG,0,00,00,27,68,876.08,976,903.09,902.60,8.726260,1.014930,1000.00,cifi0007.DBF
HRWG,10HRWG,0,00,00,27,69,889.55,979,914.30,913.05,8.726260,1.014930,1000.00,cifi0007.DBF
HRWG,10HRWG,0,00,00,27,70,905.85,982,927.55,925.29,8.726260,1.014930,1000.00,cifi0007.DBF
HRWG,10HRWG,0,00,00,27,71,926.95,986,944.27,940.27,8.726260,1.014930,1000.00,cifi0007.DBF
HRWG,10HRWG,0,00,00,27,72,956.24,992,966.91,959.95,8.726260,1.014930,1000.00,cifi0007.DBF
HRWG,10HRWG,0,00,00,27,73,1000.00,1000,1000.00,987.82,8.726260,1.014930,1000.00,cifi0007.DBF
HRWG,10HRWG,0,00,00,28,1,0.00,0,0.00,0.50,0.995220,0.995220,1000.00,cifi0007.DBF
HRWG,10HRWG,0,00,00,28,2,0.00,0,8.29,8.66,9.029350,0.995220,1000.00,cifi0007.DBF
HRWG,10HRWG,0,00,00,28,3,1.32,7,16.84,17.08,9.029350,0.995220,1000.00,cifi0007.DBF
HRWG,10HRWG,0,00,00,28,4,8.54,46,25.62,25.75,9.029350,0.995220,1000.00,cifi0007.DBF
HRWG,10HRWG,0,00,00,28,5,15.96,83,34.60,34.63,9.029350,0.995220,1000.00,cifi0007.DBF
HRWG,10HRWG,0,00,00,28,6,23.60,119,43.78,43.71,9.029350,0.995220,1000.00,cifi0007.DBF
HRWG,10HRWG,0,00,00,28,7,31.44,153,53.17,52.99,9.029350,0.995220,1000.00,cifi0007.DBF
HRWG,10HRWG,0,00,00,28,8,39.50,187,62.76,62.48,9.029350,0.995220,1000.00,cifi0007.DBF
HRWG,10HRWG,0,00,00,28,9,47.75,218,72.53,72.16,9.029350,0.995220,1000.00,cifi0007.DBF
HRWG,10HRWG,0,00,00,28,10,56.21,249,82.49,82.02,9.029350,0.995220,1000.00,cifi0007.DBF
HRWG,10HRWG,0,00,00,28,11,64.87,279,92.64,92.08,9.029350,0.995220,1000.00,cifi0007.DBF
HRWG,10HRWG,0,00,00,28,12,73.74,307,102.99,102.33,9.029350,0.995220,1000.00,cifi0007.DBF
HRWG,10HRWG,0,00,00,28,13,82.81,335,113.52,112.77,9.029350,0.995220,1000.00,cifi0007.DBF
HRWG,10HRWG,0,00,00,28,14,92.11,361,124.26,123.41,9.029350,0.995220,1000.00,cifi0007.DBF
HRWG,10HRWG,0,00,00,28,15,101.65,387,135.23,134.26,9.029350,0.995220,1000.00,cifi0007.DBF
HRWG,10HRWG,0,00,00,28,16,111.53,412,146.50,145.38,9.029350,0.995220,1000.00,cifi0007.DBF
HRWG,10HRWG,0,00,00,28,17,121.74,436,158.08,156.81,9.029350,0.995220,1000.00,cifi0007.DBF
HRWG,10HRWG,0,00,00,28,18,132.30,459,169.98,168.55,9.029350,0.995220,1000.00,cifi0007.DBF
HRWG,10HRWG,0,00,00,28,19,143.22,482,182.21,180.61,9.029350,0.995220,1000.00,cifi0007.DBF
HRWG,10HRWG,0,00,00,28,20,154.53,505,194.78,193.01,9.029350,0.995220,1000.00,cifi0007.DBF
HRWG,10HRWG,0,00,00,28,21,166.24,526,207.72,205.76,9.029350,0.995220,1000.00,cifi0007.DBF
HRWG,10HRWG,0,00,00,28,22,178.36,548,221.02,218.88,9.029350,0.995220,1000.00,cifi0007.DBF
HRWG,10HRWG,0,00,00,28,23,190.88,568,234.66,232.35,9.029350,0.995220,1000.00,cifi0007.DBF
HRWG,10HRWG,0,00,00,28,24,203.77,588,248.63,246.16,9.029350,0.995220,1000.00,cifi0007.DBF
HRWG,10HRWG,0,00,00,28,25,217.04,607,262.93,260.29,9.029350,0.995220,1000.00,cifi0007.DBF
HRWG,10HRWG,0,00,00,28,26,230.69,626,277.53,274.74,9.029350,0.995220,1000.00,cifi0007.DBF
HRWG,10HRWG,0,00,00,28,27,244.70,644,292.45,289.51,9.029350,0.995220,1000.00,cifi0007.DBF
HRWG,10HRWG,0,00,00,28,28,259.07,661,307.66,304.57,9.029350,0.995220,1000.00,cifi0007.DBF
HRWG,10HRWG,0,00,00,28,29,273.80,678,323.15,319.92,9.029350,0.995220,1000.00,cifi0007.DBF
HRWG,10HRWG,0,00,00,28,30,288.86,694,338.92,335.55,9.029350,0.995220,1000.00,cifi0007.DBF
HRWG,10HRWG,0,00,00,28,31,304.26,709,354.94,351.44,9.029350,0.995220,1000.00,cifi0007.DBF
HRWG,10HRWG,0,00,00,28,32,319.97,724,371.19,367.58,9.029350,0.995220,1000.00,cifi0007.DBF
HRWG,10HRWG,0,00,00,28,33,335.96,738,387.66,383.94,9.029350,0.995220,1000.00,cifi0007.DBF
HRWG,10HRWG,0,00,00,28,34,352.21,752,404.30,400.49,9.029350,0.995220,1000.00,cifi0007.DBF
HRWG,10HRWG,0,00,00,28,35,368.69,765,421.10,417.22,9.029350,0.995220,1000.00,cifi0007.DBF
HRWG,10HRWG,0,00,00,28,36,385.39,778,438.04,434.09,9.029350,0.995220,1000.00,cifi0007.DBF
HRWG,10HRWG,0,00,00,28,37,402.29,790,455.10,451.08,9.029350,0.995220,1000.00,cifi0007.DBF
HRWG,10HRWG,0,00,00,28,38,419.40,801,472.28,468.20,9.029350,0.995220,1000.00,cifi0007.DBF
HRWG,10HRWG,0,00,00,28,39,436.71,812,489.58,485.44,9.029350,0.995220,1000.00,cifi0007.DBF
HRWG,10HRWG,0,00,00,28,40,454.26,823,507.03,502.82,9.029350,0.995220,1000.00,cifi0007.DBF
HRWG,10HRWG,0,00,00,28,41,472.03,833,524.61,520.33,9.029350,0.995220,1000.00,cifi0007.DBF
HRWG,10HRWG,0,00,00,28,42,490.01,843,542.31,537.98,9.029350,0.995220,1000.00,cifi0007.DBF
HRWG,10HRWG,0,00,00,28,43,508.14,852,560.07,555.71,9.029350,0.995220,1000.00,cifi0007.DBF
HRWG,10HRWG,0,00,00,28,44,526.35,861,577.83,573.47,9.029350,0.995220,1000.00,cifi0007.DBF
HRWG,10HRWG,0,00,00,28,45,544.57,870,595.52,591.19,9.029350,0.995220,1000.00,cifi0007.DBF
HRWG,10HRWG,0,00,00,28,46,562.72,878,613.06,608.80,9.029350,0.995220,1000.00,cifi0007.DBF
HRWG,10HRWG,0,00,00,28,47,580.76,885,630.43,626.26,9.029350,0.995220,1000.00,cifi0007.DBF
HRWG,10HRWG,0,00,00,28,48,598.67,893,647.60,643.53,9.029350,0.995220,1000.00,cifi0007.DBF
HRWG,10HRWG,0,00,00,28,49,616.46,900,664.59,660.61,9.029350,0.995220,1000.00,cifi0007.DBF
HRWG,10HRWG,0,00,00,28,50,634.16,906,681.41,677.51,9.029350,0.995220,1000.00,cifi0007.DBF
HRWG,10HRWG,0,00,00,28,51,651.77,913,698.08,694.26,9.029350,0.995220,1000.00,cifi0007.DBF
HRWG,10HRWG,0,00,00,28,52,669.27,919,714.58,710.85,9.029350,0.995220,1000.00,cifi0007.DBF
HRWG,10HRWG,0,00,00,28,53,686.61,924,730.86,727.23,9.029350,0.995220,1000.00,cifi0007.DBF
HRWG,10HRWG,0,00,00,28,54,703.72,930,746.85,743.37,9.029350,0.995220,1000.00,cifi0007.DBF
HRWG,10HRWG,0,00,00,28,55,720.62,935,762.57,759.22,9.029350,0.995220,1000.00,cifi0007.DBF
HRWG,10HRWG,0,00,00,28,56,737.06,940,777.82,774.71,9.029350,0.995220,1000.00,cifi0007.DBF
HRWG,10HRWG,0,00,00,28,57,752.98,944,792.52,789.69,9.029350,0.995220,1000.00,cifi0007.DBF
HRWG,10HRWG,0,00,00,28,58,768.27,949,806.58,804.07,9.029350,0.995220,1000.00,cifi0007.DBF
HRWG,10HRWG,0,00,00,28,59,782.80,953,819.90,817.76,9.029350,0.995220,1000.00,cifi0007.DBF
HRWG,10HRWG,0,00,00,28,60,796.50,956,832.40,830.67,9.029350,0.995220,1000.00,cifi0007.DBF
HRWG,10HRWG,0,00,00,28,61,809.28,959,844.01,842.72,9.029350,0.995220,1000.00,cifi0007.DBF
HRWG,10HRWG,0,00,00,28,62,821.19,962,854.78,853.91,9.029350,0.995220,1000.00,cifi0007.DBF
HRWG,10HRWG,0,00,00,28,63,832.33,965,864.78,864.30,9.029350,0.995220,1000.00,cifi0007.DBF
HRWG,10HRWG,0,00,00,28,64,842.90,968,874.20,874.00,9.029350,0.995220,1000.00,cifi0007.DBF
HRWG,10HRWG,0,00,00,28,65,853.24,970,883.30,883.26,9.029350,0.995220,1000.00,cifi0007.DBF
HRWG,10HRWG,0,00,00,28,66,863.80,972,892.44,892.38,9.029350,0.995220,1000.00,cifi0007.DBF
HRWG,10HRWG,0,00,00,28,67,875.29,975,902.22,901.84,9.029350,0.995220,1000.00,cifi0007.DBF
HRWG,10HRWG,0,00,00,28,68,888.84,978,913.53,912.39,9.029350,0.995220,1000.00,cifi0007.DBF
HRWG,10HRWG,0,00,00,28,69,905.24,982,926.89,924.72,9.029350,0.995220,1000.00,cifi0007.DBF
HRWG,10HRWG,0,00,00,28,70,926.48,986,943.76,939.84,9.029350,0.995220,1000.00,cifi0007.DBF
HRWG,10HRWG,0,00,00,28,71,955.95,992,966.60,959.70,9.029350,0.995220,1000.00,cifi0007.DBF
HRWG,10HRWG,0,00,00,28,72,1000.00,1000,1000.00,987.82,9.029350,0.995220,1000.00,cifi0007.DBF
HRWG,10HRWG,0,00,00,29,1,0.00,0,0.00,0.49,0.985370,0.985370,1000.00,cifi0007.DBF
HRWG,10HRWG,0,00,00,29,2,0.00,0,8.62,8.98,9.347300,0.985370,1000.00,cifi0007.DBF
HRWG,10HRWG,0,00,00,29,3,1.87,10,17.47,17.72,9.347300,0.985370,1000.00,cifi0007.DBF
HRWG,10HRWG,0,00,00,29,4,9.34,49,26.53,26.67,9.347300,0.985370,1000.00,cifi0007.DBF
HRWG,10HRWG,0,00,00,29,5,17.03,86,35.78,35.83,9.347300,0.985370,1000.00,cifi0007.DBF
HRWG,10HRWG,0,00,00,29,6,24.92,121,45.24,45.19,9.347300,0.985370,1000.00,cifi0007.DBF
HRWG,10HRWG,0,00,00,29,7,33.04,156,54.91,54.75,9.347300,0.985370,1000.00,cifi0007.DBF
HRWG,10HRWG,0,00,00,29,8,41.34,189,64.76,64.51,9.347300,0.985370,1000.00,cifi0007.DBF
HRWG,10HRWG,0,00,00,29,9,49.86,221,74.81,74.46,9.347300,0.985370,1000.00,cifi0007.DBF
HRWG,10HRWG,0,00,00,29,10,58.57,252,85.05,84.60,9.347300,0.985370,1000.00,cifi0007.DBF
HRWG,10HRWG,0,00,00,29,11,67.50,281,95.48,94.94,9.347300,0.985370,1000.00,cifi0007.DBF
HRWG,10HRWG,0,00,00,29,12,76.64,310,106.10,105.46,9.347300,0.985370,1000.00,cifi0007.DBF
HRWG,10HRWG,0,00,00,29,13,86.00,337,116.92,116.18,9.347300,0.985370,1000.00,cifi0007.DBF
HRWG,10HRWG,0,00,00,29,14,95.61,364,127.98,127.13,9.347300,0.985370,1000.00,cifi0007.DBF
HRWG,10HRWG,0,00,00,29,15,105.55,390,139.35,138.34,9.347300,0.985370,1000.00,cifi0007.DBF
HRWG,10HRWG,0,00,00,29,16,115.83,415,151.02,149.86,9.347300,0.985370,1000.00,cifi0007.DBF
HRWG,10HRWG,0,00,00,29,17,126.46,439,163.02,161.70,9.347300,0.985370,1000.00,cifi0007.DBF
HRWG,10HRWG,0,00,00,29,18,137.46,463,175.35,173.86,9.347300,0.985370,1000.00,cifi0007.DBF
HRWG,10HRWG,0,00,00,29,19,148.84,486,188.03,186.36,9.347300,0.985370,1000.00,cifi0007.DBF
HRWG,10HRWG,0,00,00,29,20,160.63,509,201.06,199.22,9.347300,0.985370,1000.00,cifi0007.DBF
HRWG,10HRWG,0,00,00,29,21,172.83,531,214.48,212.44,9.347300,0.985370,1000.00,cifi0007.DBF
HRWG,10HRWG,0,00,00,29,22,185.43,552,228.23,226.03,9.347300,0.985370,1000.00,cifi0007.DBF
HRWG,10HRWG,0,00,00,29,23,198.41,572,242.32,239.95,9.347300,0.985370,1000.00,cifi0007.DBF
HRWG,10HRWG,0,00,00,29,24,211.77,592,256.73,254.20,9.347300,0.985370,1000.00,cifi0007.DBF
HRWG,10HRWG,0,00,00,29,25,225.51,612,271.46,268.77,9.347300,0.985370,1000.00,cifi0007.DBF
HRWG,10HRWG,0,00,00,29,26,239.62,630,286.50,283.65,9.347300,0.985370,1000.00,cifi0007.DBF
HRWG,10HRWG,0,00,00,29,27,254.09,648,301.83,298.84,9.347300,0.985370,1000.00,cifi0007.DBF
HRWG,10HRWG,0,00,00,29,28,268.91,666,317.45,314.32,9.347300,0.985370,1000.00,cifi0007.DBF
HRWG,10HRWG,0,00,00,29,29,284.08,682,333.35,330.07,9.347300,0.985370,1000.00,cifi0007.DBF
HRWG,10HRWG,0,00,00,29,30,299.58,698,349.50,346.10,9.347300,0.985370,1000.00,cifi0007.DBF
HRWG,10HRWG,0,00,00,29,31,315.39,714,365.89,362.37,9.347300,0.985370,1000.00,cifi0007.DBF
HRWG,10HRWG,0,00,00,29,32,331.49,728,382.49,378.86,9.347300,0.985370,1000.00,cifi0007.DBF
HRWG,10HRWG,0,00,00,29,33,347.85,743,399.27,395.55,9.347300,0.985370,1000.00,cifi0007.DBF
HRWG,10HRWG,0,00,00,29,34,364.44,756,416.21,412.41,9.347300,0.985370,1000.00,cifi0007.DBF
HRWG,10HRWG,0,00,00,29,35,381.26,769,433.29,429.42,9.347300,0.985370,1000.00,cifi0007.DBF
HRWG,10HRWG,0,00,00,29,36,398.27,782,450.48,446.56,9.347300,0.985370,1000.00,cifi0007.DBF
HRWG,10HRWG,0,00,00,29,37,415.49,794,467.81,463.82,9.347300,0.985370,1000.00,cifi0007.DBF
HRWG,10HRWG,0,00,00,29,38,432.92,805,485.25,481.20,9.347300,0.985370,1000.00,cifi0007.DBF
HRWG,10HRWG,0,00,00,29,39,450.59,816,502.84,498.72,9.347300,0.985370,1000.00,cifi0007.DBF
HRWG,10HRWG,0,00,00,29,40,468.48,827,520.57,516.38,9.347300,0.985370,1000.00,cifi0007.DBF
HRWG,10HRWG,0,00,00,29,41,486.58,837,538.42,534.17,9.347300,0.985370,1000.00,cifi0007.DBF
HRWG,10HRWG,0,00,00,29,42,504.83,847,556.33,552.05,9.347300,0.985370,1000.00,cifi0007.DBF
HRWG,10HRWG,0,00,00,29,43,523.16,856,574.23,569.95,9.347300,0.985370,1000.00,cifi0007.DBF
HRWG,10HRWG,0,00,00,29,44,541.50,865,592.06,587.82,9.347300,0.985370,1000.00,cifi0007.DBF
HRWG,10HRWG,0,00,00,29,45,559.78,873,609.75,605.58,9.347300,0.985370,1000.00,cifi0007.DBF
HRWG,10HRWG,0,00,00,29,46,577.93,881,627.26,623.18,9.347300,0.985370,1000.00,cifi0007.DBF
HRWG,10HRWG,0,00,00,29,47,595.97,889,644.57,640.59,9.347300,0.985370,1000.00,cifi0007.DBF
HRWG,10HRWG,0,00,00,29,48,613.88,896,661.70,657.81,9.347300,0.985370,1000.00,cifi0007.DBF
HRWG,10HRWG,0,00,00,29,49,631.70,903,678.66,674.86,9.347300,0.985370,1000.00,cifi0007.DBF
HRWG,10HRWG,0,00,00,29,50,649.43,909,695.47,691.74,9.347300,0.985370,1000.00,cifi0007.DBF
HRWG,10HRWG,0,00,00,29,51,667.05,916,712.11,708.46,9.347300,0.985370,1000.00,cifi0007.DBF
HRWG,10HRWG,0,00,00,29,52,684.51,921,728.52,724.99,9.347300,0.985370,1000.00,cifi0007.DBF
HRWG,10HRWG,0,00,00,29,53,701.73,927,744.64,741.25,9.347300,0.985370,1000.00,cifi0007.DBF
HRWG,10HRWG,0,00,00,29,54,718.74,933,760.49,757.24,9.347300,0.985370,1000.00,cifi0007.DBF
HRWG,10HRWG,0,00,00,29,55,735.30,938,775.87,772.85,9.347300,0.985370,1000.00,cifi0007.DBF
HRWG,10HRWG,0,00,00,29,56,751.32,942,790.69,787.95,9.347300,0.985370,1000.00,cifi0007.DBF
HRWG,10HRWG,0,00,00,29,57,766.71,947,804.87,802.46,9.347300,0.985370,1000.00,cifi0007.DBF
HRWG,10HRWG,0,00,00,29,58,781.34,951,818.30,816.26,9.347300,0.985370,1000.00,cifi0007.DBF
HRWG,10HRWG,0,00,00,29,59,795.13,955,830.90,829.27,9.347300,0.985370,1000.00,cifi0007.DBF
HRWG,10HRWG,0,00,00,29,60,807.99,958,842.61,841.43,9.347300,0.985370,1000.00,cifi0007.DBF
HRWG,10HRWG,0,00,00,29,61,819.98,961,853.47,852.71,9.347300,0.985370,1000.00,cifi0007.DBF
HRWG,10HRWG,0,00,00,29,62,831.20,964,863.55,863.18,9.347300,0.985370,1000.00,cifi0007.DBF
HRWG,10HRWG,0,00,00,29,63,841.84,966,873.04,872.97,9.347300,0.985370,1000.00,cifi0007.DBF
HRWG,10HRWG,0,00,00,29,64,852.26,969,882.22,882.31,9.347300,0.985370,1000.00,cifi0007.DBF
HRWG,10HRWG,0,00,00,29,65,862.88,971,891.45,891.51,9.347300,0.985370,1000.00,cifi0007.DBF
HRWG,10HRWG,0,00,00,29,66,874.45,974,901.31,901.05,9.347300,0.985370,1000.00,cifi0007.DBF
HRWG,10HRWG,0,00,00,29,67,888.09,977,912.72,911.69,9.347300,0.985370,1000.00,cifi0007.DBF
HRWG,10HRWG,0,00,00,29,68,904.61,981,926.21,924.13,9.347300,0.985370,1000.00,cifi0007.DBF
HRWG,10HRWG,0,00,00,29,69,925.98,985,943.23,939.39,9.347300,0.985370,1000.00,cifi0007.DBF
HRWG,10HRWG,0,00,00,29,70,955.66,991,966.28,959.43,9.347300,0.985370,1000.00,cifi0007.DBF
HRWG,10HRWG,0,00,00,29,71,1000.00,1000,1000.00,987.82,9.347300,0.985370,1000.00,cifi0007.DBF
HRWG,10HRWG,0,00,00,30,1,0.00,0,0.00,0.49,0.985370,0.985370,1000.00,cifi0007.DBF
HRWG,10HRWG,0,00,00,30,2,0.00,0,8.92,9.30,9.680650,0.985370,1000.00,cifi0007.DBF
HRWG,10HRWG,0,00,00,30,3,2.36,12,18.06,18.33,9.680650,0.985370,1000.00,cifi0007.DBF
HRWG,10HRWG,0,00,00,30,4,10.10,51,27.39,27.57,9.680650,0.985370,1000.00,cifi0007.DBF
HRWG,10HRWG,0,00,00,30,5,18.05,88,36.94,37.01,9.680650,0.985370,1000.00,cifi0007.DBF
HRWG,10HRWG,0,00,00,30,6,26.22,124,46.69,46.65,9.680650,0.985370,1000.00,cifi0007.DBF
HRWG,10HRWG,0,00,00,30,7,34.59,158,56.62,56.50,9.680650,0.985370,1000.00,cifi0007.DBF
HRWG,10HRWG,0,00,00,30,8,43.16,191,66.76,66.53,9.680650,0.985370,1000.00,cifi0007.DBF
HRWG,10HRWG,0,00,00,30,9,51.94,223,77.08,76.76,9.680650,0.985370,1000.00,cifi0007.DBF
HRWG,10HRWG,0,00,00,30,10,60.93,254,87.60,87.18,9.680650,0.985370,1000.00,cifi0007.DBF
HRWG,10HRWG,0,00,00,30,11,70.13,284,98.31,97.80,9.680650,0.985370,1000.00,cifi0007.DBF
HRWG,10HRWG,0,00,00,30,12,79.55,312,109.23,108.61,9.680650,0.985370,1000.00,cifi0007.DBF
HRWG,10HRWG,0,00,00,30,13,89.24,340,120.39,119.65,9.680650,0.985370,1000.00,cifi0007.DBF
HRWG,10HRWG,0,00,00,30,14,99.25,366,131.85,130.96,9.680650,0.985370,1000.00,cifi0007.DBF
HRWG,10HRWG,0,00,00,30,15,109.60,392,143.62,142.58,9.680650,0.985370,1000.00,cifi0007.DBF
HRWG,10HRWG,0,00,00,30,16,120.30,418,155.72,154.51,9.680650,0.985370,1000.00,cifi0007.DBF
HRWG,10HRWG,0,00,00,30,17,131.38,442,168.15,166.78,9.680650,0.985370,1000.00,cifi0007.DBF
HRWG,10HRWG,0,00,00,30,18,142.84,467,180.94,179.39,9.680650,0.985370,1000.00,cifi0007.DBF
HRWG,10HRWG,0,00,00,30,19,154.71,490,194.09,192.36,9.680650,0.985370,1000.00,cifi0007.DBF
HRWG,10HRWG,0,00,00,30,20,167.00,513,207.62,205.70,9.680650,0.985370,1000.00,cifi0007.DBF
HRWG,10HRWG,0,00,00,30,21,179.69,535,221.49,219.40,9.680650,0.985370,1000.00,cifi0007.DBF
HRWG,10HRWG,0,00,00,30,22,192.76,556,235.70,233.44,9.680650,0.985370,1000.00,cifi0007.DBF
HRWG,10HRWG,0,00,00,30,23,206.22,577,250.23,247.81,9.680650,0.985370,1000.00,cifi0007.DBF
HRWG,10HRWG,0,00,00,30,24,220.05,597,265.09,262.50,9.680650,0.985370,1000.00,cifi0007.DBF
HRWG,10HRWG,0,00,00,30,25,234.26,616,280.26,277.51,9.680650,0.985370,1000.00,cifi0007.DBF
HRWG,10HRWG,0,00,00,30,26,248.83,635,295.72,292.83,9.680650,0.985370,1000.00,cifi0007.DBF
HRWG,10HRWG,0,00,00,30,27,263.76,653,311.48,308.44,9.680650,0.985370,1000.00,cifi0007.DBF
HRWG,10HRWG,0,00,00,30,28,279.03,670,327.51,324.33,9.680650,0.985370,1000.00,cifi0007.DBF
HRWG,10HRWG,0,00,00,30,29,294.64,687,343.80,340.49,9.680650,0.985370,1000.00,cifi0007.DBF
HRWG,10HRWG,0,00,00,30,30,310.56,703,360.33,356.90,9.680650,0.985370,1000.00,cifi0007.DBF
HRWG,10HRWG,0,00,00,30,31,326.78,718,377.07,373.54,9.680650,0.985370,1000.00,cifi0007.DBF
HRWG,10HRWG,0,00,00,30,32,343.25,733,394.00,390.37,9.680650,0.985370,1000.00,cifi0007.DBF
HRWG,10HRWG,0,00,00,30,33,359.96,747,411.08,407.38,9.680650,0.985370,1000.00,cifi0007.DBF
HRWG,10HRWG,0,00,00,30,34,376.90,760,428.31,424.53,9.680650,0.985370,1000.00,cifi0007.DBF
HRWG,10HRWG,0,00,00,30,35,394.03,773,445.65,441.82,9.680650,0.985370,1000.00,cifi0007.DBF
HRWG,10HRWG,0,00,00,30,36,411.37,786,463.12,459.22,9.680650,0.985370,1000.00,cifi0007.DBF
HRWG,10HRWG,0,00,00,30,37,428.93,798,480.72,476.76,9.680650,0.985370,1000.00,cifi0007.DBF
HRWG,10HRWG,0,00,00,30,38,446.71,809,498.46,494.43,9.680650,0.985370,1000.00,cifi0007.DBF
HRWG,10HRWG,0,00,00,30,39,464.73,820,516.34,512.24,9.680650,0.985370,1000.00,cifi0007.DBF
HRWG,10HRWG,0,00,00,30,40,482.96,831,534.34,530.18,9.680650,0.985370,1000.00,cifi0007.DBF
HRWG,10HRWG,0,00,00,30,41,501.34,841,552.40,548.21,9.680650,0.985370,1000.00,cifi0007.DBF
HRWG,10HRWG,0,00,00,30,42,519.80,850,570.46,566.27,9.680650,0.985370,1000.00,cifi0007.DBF
HRWG,10HRWG,0,00,00,30,43,538.27,859,588.44,584.29,9.680650,0.985370,1000.00,cifi0007.DBF
HRWG,10HRWG,0,00,00,30,44,556.67,868,606.28,602.20,9.680650,0.985370,1000.00,cifi0007.DBF
HRWG,10HRWG,0,00,00,30,45,574.96,877,623.94,619.95,9.680650,0.985370,1000.00,cifi0007.DBF
HRWG,10HRWG,0,00,00,30,46,593.12,884,641.40,637.51,9.680650,0.985370,1000.00,cifi0007.DBF
HRWG,10HRWG,0,00,00,30,47,611.16,892,658.68,654.88,9.680650,0.985370,1000.00,cifi0007.DBF
HRWG,10HRWG,0,00,00,30,48,629.10,899,675.78,672.07,9.680650,0.985370,1000.00,cifi0007.DBF
HRWG,10HRWG,0,00,00,30,49,646.96,906,692.74,689.10,9.680650,0.985370,1000.00,cifi0007.DBF
HRWG,10HRWG,0,00,00,30,50,664.70,912,709.51,705.97,9.680650,0.985370,1000.00,cifi0007.DBF
HRWG,10HRWG,0,00,00,30,51,682.28,918,726.06,722.63,9.680650,0.985370,1000.00,cifi0007.DBF
HRWG,10HRWG,0,00,00,30,52,699.63,924,742.33,739.04,9.680650,0.985370,1000.00,cifi0007.DBF
HRWG,10HRWG,0,00,00,30,53,716.75,930,758.32,755.16,9.680650,0.985370,1000.00,cifi0007.DBF
HRWG,10HRWG,0,00,00,30,54,733.43,935,773.82,770.91,9.680650,0.985370,1000.00,cifi0007.DBF
HRWG,10HRWG,0,00,00,30,55,749.57,940,788.77,786.14,9.680650,0.985370,1000.00,cifi0007.DBF
HRWG,10HRWG,0,00,00,30,56,765.07,945,803.07,800.76,9.680650,0.985370,1000.00,cifi0007.DBF
HRWG,10HRWG,0,00,00,30,57,779.80,949,816.62,814.69,9.680650,0.985370,1000.00,cifi0007.DBF
HRWG,10HRWG,0,00,00,30,58,793.68,953,829.33,827.81,9.680650,0.985370,1000.00,cifi0007.DBF
HRWG,10HRWG,0,00,00,30,59,806.64,956,841.14,840.07,9.680650,0.985370,1000.00,cifi0007.DBF
HRWG,10HRWG,0,00,00,30,60,818.72,960,852.09,851.45,9.680650,0.985370,1000.00,cifi0007.DBF
HRWG,10HRWG,0,00,00,30,61,830.01,962,862.26,862.02,9.680650,0.985370,1000.00,cifi0007.DBF
HRWG,10HRWG,0,00,00,30,62,840.73,965,871.84,871.89,9.680650,0.985370,1000.00,cifi0007.DBF
HRWG,10HRWG,0,00,00,30,63,851.21,968,881.10,881.31,9.680650,0.985370,1000.00,cifi0007.DBF
HRWG,10HRWG,0,00,00,30,64,861.91,970,890.40,890.59,9.680650,0.985370,1000.00,cifi0007.DBF
HRWG,10HRWG,0,00,00,30,65,873.56,973,900.36,900.22,9.680650,0.985370,1000.00,cifi0007.DBF
HRWG,10HRWG,0,00,00,30,66,887.30,976,911.87,910.95,9.680650,0.985370,1000.00,cifi0007.DBF
HRWG,10HRWG,0,00,00,30,67,903.93,980,925.48,923.52,9.680650,0.985370,1000.00,cifi0007.DBF
HRWG,10HRWG,0,00,00,30,68,925.46,985,942.67,938.92,9.680650,0.985370,1000.00,cifi0007.DBF
HRWG,10HRWG,0,00,00,30,69,955.35,991,965.95,959.15,9.680650,0.985370,1000.00,cifi0007.DBF
HRWG,10HRWG,0,00,00,30,70,1000.00,1000,1000.00,987.82,9.680650,0.985370,1000.00,cifi0007.DBF
HRWG,10HRWG,0,00,00,31,1,0.00,0,0.00,0.51,1.024780,1.024780,1000.00,cifi0007.DBF
HRWG,10HRWG,0,00,00,31,2,0.00,0,9.21,9.62,10.028800,1.024780,1000.00,cifi0007.DBF
HRWG,10HRWG,0,00,00,31,3,2.80,14,18.63,18.94,10.028800,1.024780,1000.00,cifi0007.DBF
HRWG,10HRWG,0,00,00,31,4,10.81,53,28.26,28.46,10.028800,1.024780,1000.00,cifi0007.DBF
HRWG,10HRWG,0,00,00,31,5,19.04,90,38.10,38.19,10.028800,1.024780,1000.00,cifi0007.DBF
HRWG,10HRWG,0,00,00,31,6,27.47,126,48.12,48.12,10.028800,1.024780,1000.00,cifi0007.DBF
HRWG,10HRWG,0,00,00,31,7,36.11,160,58.34,58.25,10.028800,1.024780,1000.00,cifi0007.DBF
HRWG,10HRWG,0,00,00,31,8,44.95,193,68.76,68.57,10.028800,1.024780,1000.00,cifi0007.DBF
HRWG,10HRWG,0,00,00,31,9,54.01,225,79.37,79.08,10.028800,1.024780,1000.00,cifi0007.DBF
HRWG,10HRWG,0,00,00,31,10,63.27,256,90.18,89.79,10.028800,1.024780,1000.00,cifi0007.DBF
HRWG,10HRWG,0,00,00,31,11,72.77,285,101.20,100.70,10.028800,1.024780,1000.00,cifi0007.DBF
HRWG,10HRWG,0,00,00,31,12,82.52,314,112.45,111.84,10.028800,1.024780,1000.00,cifi0007.DBF
HRWG,10HRWG,0,00,00,31,13,92.61,342,124.01,123.25,10.028800,1.024780,1000.00,cifi0007.DBF
HRWG,10HRWG,0,00,00,31,14,103.03,369,135.89,134.97,10.028800,1.024780,1000.00,cifi0007.DBF
HRWG,10HRWG,0,00,00,31,15,113.82,395,148.10,147.01,10.028800,1.024780,1000.00,cifi0007.DBF
HRWG,10HRWG,0,00,00,31,16,124.97,421,160.64,159.38,10.028800,1.024780,1000.00,cifi0007.DBF
HRWG,10HRWG,0,00,00,31,17,136.52,446,173.54,172.11,10.028800,1.024780,1000.00,cifi0007.DBF
HRWG,10HRWG,0,00,00,31,18,148.48,470,186.81,185.19,10.028800,1.024780,1000.00,cifi0007.DBF
HRWG,10HRWG,0,00,00,31,19,160.86,494,200.46,198.65,10.028800,1.024780,1000.00,cifi0007.DBF
HRWG,10HRWG,0,00,00,31,20,173.64,517,214.45,212.47,10.028800,1.024780,1000.00,cifi0007.DBF
HRWG,10HRWG,0,00,00,31,21,186.81,539,228.79,226.64,10.028800,1.024780,1000.00,cifi0007.DBF
HRWG,10HRWG,0,00,00,31,22,200.37,560,243.45,241.13,10.028800,1.024780,1000.00,cifi0007.DBF
HRWG,10HRWG,0,00,00,31,23,214.30,581,258.44,255.96,10.028800,1.024780,1000.00,cifi0007.DBF
HRWG,10HRWG,0,00,00,31,24,228.61,601,273.74,271.10,10.028800,1.024780,1000.00,cifi0007.DBF
HRWG,10HRWG,0,00,00,31,25,243.29,621,289.34,286.56,10.028800,1.024780,1000.00,cifi0007.DBF
HRWG,10HRWG,0,00,00,31,26,258.33,639,305.24,302.30,10.028800,1.024780,1000.00,cifi0007.DBF
HRWG,10HRWG,0,00,00,31,27,273.72,657,321.41,318.34,10.028800,1.024780,1000.00,cifi0007.DBF
HRWG,10HRWG,0,00,00,31,28,289.44,675,337.85,334.64,10.028800,1.024780,1000.00,cifi0007.DBF
HRWG,10HRWG,0,00,00,31,29,305.48,691,354.52,351.20,10.028800,1.024780,1000.00,cifi0007.DBF
HRWG,10HRWG,0,00,00,31,30,321.81,707,371.41,367.98,10.028800,1.024780,1000.00,cifi0007.DBF
HRWG,10HRWG,0,00,00,31,31,338.41,722,388.49,384.96,10.028800,1.024780,1000.00,cifi0007.DBF
HRWG,10HRWG,0,00,00,31,32,355.25,737,405.73,402.12,10.028800,1.024780,1000.00,cifi0007.DBF
HRWG,10HRWG,0,00,00,31,33,372.30,751,423.10,419.43,10.028800,1.024780,1000.00,cifi0007.DBF
HRWG,10HRWG,0,00,00,31,34,389.56,765,440.60,436.87,10.028800,1.024780,1000.00,cifi0007.DBF
HRWG,10HRWG,0,00,00,31,35,407.03,777,458.22,454.43,10.028800,1.024780,1000.00,cifi0007.DBF
HRWG,10HRWG,0,00,00,31,36,424.72,790,475.98,472.12,10.028800,1.024780,1000.00,cifi0007.DBF
HRWG,10HRWG,0,00,00,31,37,442.63,802,493.88,489.94,10.028800,1.024780,1000.00,cifi0007.DBF
HRWG,10HRWG,0,00,00,31,38,460.79,813,511.92,507.91,10.028800,1.024780,1000.00,cifi0007.DBF
HRWG,10HRWG,0,00,00,31,39,479.15,824,530.07,526.01,10.028800,1.024780,1000.00,cifi0007.DBF
HRWG,10HRWG,0,00,00,31,40,497.66,834,548.30,544.20,10.028800,1.024780,1000.00,cifi0007.DBF
HRWG,10HRWG,0,00,00,31,41,516.26,845,566.52,562.42,10.028800,1.024780,1000.00,cifi0007.DBF
HRWG,10HRWG,0,00,00,31,42,534.87,854,584.66,580.60,10.028800,1.024780,1000.00,cifi0007.DBF
HRWG,10HRWG,0,00,00,31,43,553.40,863,602.66,598.67,10.028800,1.024780,1000.00,cifi0007.DBF
HRWG,10HRWG,0,00,00,31,44,571.83,872,620.47,616.58,10.028800,1.024780,1000.00,cifi0007.DBF
HRWG,10HRWG,0,00,00,31,45,590.12,880,638.09,634.29,10.028800,1.024780,1000.00,cifi0007.DBF
HRWG,10HRWG,0,00,00,31,46,608.29,888,655.52,651.82,10.028800,1.024780,1000.00,cifi0007.DBF
HRWG,10HRWG,0,00,00,31,47,626.37,895,672.78,669.16,10.028800,1.024780,1000.00,cifi0007.DBF
HRWG,10HRWG,0,00,00,31,48,644.36,902,689.88,686.34,10.028800,1.024780,1000.00,cifi0007.DBF
HRWG,10HRWG,0,00,00,31,49,662.23,909,706.81,703.36,10.028800,1.024780,1000.00,cifi0007.DBF
HRWG,10HRWG,0,00,00,31,50,679.94,915,723.50,720.17,10.028800,1.024780,1000.00,cifi0007.DBF
HRWG,10HRWG,0,00,00,31,51,697.41,921,739.91,736.72,10.028800,1.024780,1000.00,cifi0007.DBF
HRWG,10HRWG,0,00,00,31,52,714.66,927,756.04,752.99,10.028800,1.024780,1000.00,cifi0007.DBF
HRWG,10HRWG,0,00,00,31,53,731.46,933,771.69,768.88,10.028800,1.024780,1000.00,cifi0007.DBF
HRWG,10HRWG,0,00,00,31,54,747.72,938,786.77,784.24,10.028800,1.024780,1000.00,cifi0007.DBF
HRWG,10HRWG,0,00,00,31,55,763.33,943,801.20,799.00,10.028800,1.024780,1000.00,cifi0007.DBF
HRWG,10HRWG,0,00,00,31,56,778.18,947,814.86,813.04,10.028800,1.024780,1000.00,cifi0007.DBF
HRWG,10HRWG,0,00,00,31,57,792.16,951,827.68,826.29,10.028800,1.024780,1000.00,cifi0007.DBF
HRWG,10HRWG,0,00,00,31,58,805.21,955,839.60,838.66,10.028800,1.024780,1000.00,cifi0007.DBF
HRWG,10HRWG,0,00,00,31,59,817.38,958,850.65,850.14,10.028800,1.024780,1000.00,cifi0007.DBF
HRWG,10HRWG,0,00,00,31,60,828.75,961,860.92,860.80,10.028800,1.024780,1000.00,cifi0007.DBF
HRWG,10HRWG,0,00,00,31,61,839.55,964,870.58,870.76,10.028800,1.024780,1000.00,cifi0007.DBF
HRWG,10HRWG,0,00,00,31,62,850.12,967,879.92,880.26,10.028800,1.024780,1000.00,cifi0007.DBF
HRWG,10HRWG,0,00,00,31,63,860.89,969,889.31,889.63,10.028800,1.024780,1000.00,cifi0007.DBF
HRWG,10HRWG,0,00,00,31,64,872.63,972,899.36,899.35,10.028800,1.024780,1000.00,cifi0007.DBF
HRWG,10HRWG,0,00,00,31,65,886.47,975,910.98,910.19,10.028800,1.024780,1000.00,cifi0007.DBF
HRWG,10HRWG,0,00,00,31,66,903.23,979,924.73,922.87,10.028800,1.024780,1000.00,cifi0007.DBF
HRWG,10HRWG,0,00,00,31,67,924.91,984,942.09,938.42,10.028800,1.024780,1000.00,cifi0007.DBF
HRWG,10HRWG,0,00,00,31,68,955.02,991,965.60,958.86,10.028800,1.024780,1000.00,cifi0007.DBF
HRWG,10HRWG,0,00,00,31,69,1000.00,1000,1000.00,987.82,10.028800,1.024780,1000.00,cifi0007.DBF
HRWG,10HRWG,0,00,00,32,1,0.00,0,0.00,0.55,1.093760,1.093760,1000.00,cifi0007.DBF
HRWG,10HRWG,0,00,00,32,2,0.00,0,9.51,9.95,10.391490,1.093760,1000.00,cifi0007.DBF
HRWG,10HRWG,0,00,00,32,3,3.22,16,19.22,19.56,10.391490,1.093760,1000.00,cifi0007.DBF
HRWG,10HRWG,0,00,00,32,4,11.51,54,29.15,29.38,10.391490,1.093760,1000.00,cifi0007.DBF
HRWG,10HRWG,0,00,00,32,5,20.00,92,39.26,39.40,10.391490,1.093760,1000.00,cifi0007.DBF
HRWG,10HRWG,0,00,00,32,6,28.71,127,49.58,49.62,10.391490,1.093760,1000.00,cifi0007.DBF
HRWG,10HRWG,0,00,00,32,7,37.62,162,60.09,60.03,10.391490,1.093760,1000.00,cifi0007.DBF
HRWG,10HRWG,0,00,00,32,8,46.75,195,70.80,70.64,10.391490,1.093760,1000.00,cifi0007.DBF
HRWG,10HRWG,0,00,00,32,9,56.09,227,81.71,81.45,10.391490,1.093760,1000.00,cifi0007.DBF
HRWG,10HRWG,0,00,00,32,10,65.65,257,92.83,92.46,10.391490,1.093760,1000.00,cifi0007.DBF
HRWG,10HRWG,0,00,00,32,11,75.48,287,104.18,103.70,10.391490,1.093760,1000.00,cifi0007.DBF
HRWG,10HRWG,0,00,00,32,12,85.64,316,115.85,115.21,10.391490,1.093760,1000.00,cifi0007.DBF
HRWG,10HRWG,0,00,00,32,13,96.15,344,127.84,127.04,10.391490,1.093760,1000.00,cifi0007.DBF
HRWG,10HRWG,0,00,00,32,14,107.02,372,140.16,139.20,10.391490,1.093760,1000.00,cifi0007.DBF
HRWG,10HRWG,0,00,00,32,15,118.26,398,152.82,151.68,10.391490,1.093760,1000.00,cifi0007.DBF
HRWG,10HRWG,0,00,00,32,16,129.90,424,165.84,164.52,10.391490,1.093760,1000.00,cifi0007.DBF
HRWG,10HRWG,0,00,00,32,17,141.95,449,179.22,177.73,10.391490,1.093760,1000.00,cifi0007.DBF
HRWG,10HRWG,0,00,00,32,18,154.42,474,192.99,191.31,10.391490,1.093760,1000.00,cifi0007.DBF
HRWG,10HRWG,0,00,00,32,19,167.30,498,207.12,205.25,10.391490,1.093760,1000.00,cifi0007.DBF
HRWG,10HRWG,0,00,00,32,20,180.57,521,221.59,219.55,10.391490,1.093760,1000.00,cifi0007.DBF
HRWG,10HRWG,0,00,00,32,21,194.23,543,236.38,234.18,10.391490,1.093760,1000.00,cifi0007.DBF
HRWG,10HRWG,0,00,00,32,22,208.27,565,251.51,249.14,10.391490,1.093760,1000.00,cifi0007.DBF
HRWG,10HRWG,0,00,00,32,23,222.69,586,266.95,264.42,10.391490,1.093760,1000.00,cifi0007.DBF
HRWG,10HRWG,0,00,00,32,24,237.49,606,282.70,280.02,10.391490,1.093760,1000.00,cifi0007.DBF
HRWG,10HRWG,0,00,00,32,25,252.64,625,298.74,295.91,10.391490,1.093760,1000.00,cifi0007.DBF
HRWG,10HRWG,0,00,00,32,26,268.14,644,315.06,312.09,10.391490,1.093760,1000.00,cifi0007.DBF
HRWG,10HRWG,0,00,00,32,27,283.99,662,331.64,328.55,10.391490,1.093760,1000.00,cifi0007.DBF
HRWG,10HRWG,0,00,00,32,28,300.15,679,348.47,345.25,10.391490,1.093760,1000.00,cifi0007.DBF
HRWG,10HRWG,0,00,00,32,29,316.61,696,365.52,362.19,10.391490,1.093760,1000.00,cifi0007.DBF
HRWG,10HRWG,0,00,00,32,30,333.33,712,382.75,379.33,10.391490,1.093760,1000.00,cifi0007.DBF
HRWG,10HRWG,0,00,00,32,31,350.30,727,400.15,396.64,10.391490,1.093760,1000.00,cifi0007.DBF
HRWG,10HRWG,0,00,00,32,32,367.48,741,417.68,414.11,10.391490,1.093760,1000.00,cifi0007.DBF
HRWG,10HRWG,0,00,00,32,33,384.88,755,435.34,431.71,10.391490,1.093760,1000.00,cifi0007.DBF
HRWG,10HRWG,0,00,00,32,34,402.48,769,453.12,449.43,10.391490,1.093760,1000.00,cifi0007.DBF
HRWG,10HRWG,0,00,00,32,35,420.30,782,471.04,467.28,10.391490,1.093760,1000.00,cifi0007.DBF
HRWG,10HRWG,0,00,00,32,36,438.36,794,489.10,485.27,10.391490,1.093760,1000.00,cifi0007.DBF
HRWG,10HRWG,0,00,00,32,37,456.65,806,507.31,503.40,10.391490,1.093760,1000.00,cifi0007.DBF
HRWG,10HRWG,0,00,00,32,38,475.15,817,525.63,521.67,10.391490,1.093760,1000.00,cifi0007.DBF
HRWG,10HRWG,0,00,00,32,39,493.81,828,544.02,540.02,10.391490,1.093760,1000.00,cifi0007.DBF
HRWG,10HRWG,0,00,00,32,40,512.55,838,562.41,558.41,10.391490,1.093760,1000.00,cifi0007.DBF
HRWG,10HRWG,0,00,00,32,41,531.30,848,580.72,576.76,10.391490,1.093760,1000.00,cifi0007.DBF
HRWG,10HRWG,0,00,00,32,42,549.98,858,598.88,595.00,10.391490,1.093760,1000.00,cifi0007.DBF
HRWG,10HRWG,0,00,00,32,43,568.54,867,616.86,613.07,10.391490,1.093760,1000.00,cifi0007.DBF
HRWG,10HRWG,0,00,00,32,44,586.97,875,634.64,630.94,10.391490,1.093760,1000.00,cifi0007.DBF
HRWG,10HRWG,0,00,00,32,45,605.29,883,652.23,648.63,10.391490,1.093760,1000.00,cifi0007.DBF
HRWG,10HRWG,0,00,00,32,46,623.50,891,669.64,666.13,10.391490,1.093760,1000.00,cifi0007.DBF
HRWG,10HRWG,0,00,00,32,47,641.63,898,686.91,683.47,10.391490,1.093760,1000.00,cifi0007.DBF
HRWG,10HRWG,0,00,00,32,48,659.64,905,703.98,700.64,10.391490,1.093760,1000.00,cifi0007.DBF
HRWG,10HRWG,0,00,00,32,49,677.48,912,720.84,717.61,10.391490,1.093760,1000.00,cifi0007.DBF
HRWG,10HRWG,0,00,00,32,50,695.09,918,737.39,734.31,10.391490,1.093760,1000.00,cifi0007.DBF
HRWG,10HRWG,0,00,00,32,51,712.48,924,753.67,750.73,10.391490,1.093760,1000.00,cifi0007.DBF
HRWG,10HRWG,0,00,00,32,52,729.40,930,769.46,766.76,10.391490,1.093760,1000.00,cifi0007.DBF
HRWG,10HRWG,0,00,00,32,53,745.79,935,784.68,782.27,10.391490,1.093760,1000.00,cifi0007.DBF
HRWG,10HRWG,0,00,00,32,54,761.52,940,799.24,797.16,10.391490,1.093760,1000.00,cifi0007.DBF
HRWG,10HRWG,0,00,00,32,55,776.47,945,813.03,811.33,10.391490,1.093760,1000.00,cifi0007.DBF
HRWG,10HRWG,0,00,00,32,56,790.57,949,825.97,824.70,10.391490,1.093760,1000.00,cifi0007.DBF
HRWG,10HRWG,0,00,00,32,57,803.72,953,838.00,837.18,10.391490,1.093760,1000.00,cifi0007.DBF
HRWG,10HRWG,0,00,00,32,58,815.98,956,849.15,848.77,10.391490,1.093760,1000.00,cifi0007.DBF
HRWG,10HRWG,0,00,00,32,59,827.44,959,859.51,859.53,10.391490,1.093760,1000.00,cifi0007.DBF
HRWG,10HRWG,0,00,00,32,60,838.32,962,869.26,869.58,10.391490,1.093760,1000.00,cifi0007.DBF
HRWG,10HRWG,0,00,00,32,61,848.97,965,878.70,879.18,10.391490,1.093760,1000.00,cifi0007.DBF
HRWG,10HRWG,0,00,00,32,62,859.83,968,888.18,888.64,10.391490,1.093760,1000.00,cifi0007.DBF
HRWG,10HRWG,0,00,00,32,63,871.66,971,898.32,898.45,10.391490,1.093760,1000.00,cifi0007.DBF
HRWG,10HRWG,0,00,00,32,64,885.60,974,910.06,909.39,10.391490,1.093760,1000.00,cifi0007.DBF
HRWG,10HRWG,0,00,00,32,65,902.48,979,923.95,922.20,10.391490,1.093760,1000.00,cifi0007.DBF
HRWG,10HRWG,0,00,00,32,66,924.33,984,941.48,937.91,10.391490,1.093760,1000.00,cifi0007.DBF
HRWG,10HRWG,0,00,00,32,67,954.67,990,965.24,958.55,10.391490,1.093760,1000.00,cifi0007.DBF
HRWG,10HRWG,0,00,00,32,68,1000.00,1000,1000.00,987.82,10.391490,1.093760,1000.00,cifi0007.DBF
HRWG,10HRWG,0,00,00,33,1,0.00,0,0.00,0.59,1.172580,1.172580,1000.00,cifi0007.DBF
HRWG,10HRWG,0,00,00,33,2,0.00,0,9.81,10.29,10.769270,1.172580,1000.00,cifi0007.DBF
HRWG,10HRWG,0,00,00,33,3,3.65,17,19.83,20.20,10.769270,1.172580,1000.00,cifi0007.DBF
HRWG,10HRWG,0,00,00,33,4,12.20,56,30.04,30.32,10.769270,1.172580,1000.00,cifi0007.DBF
HRWG,10HRWG,0,00,00,33,5,20.98,93,40.45,40.63,10.769270,1.172580,1000.00,cifi0007.DBF
HRWG,10HRWG,0,00,00,33,6,29.96,129,51.06,51.14,10.769270,1.172580,1000.00,cifi0007.DBF
HRWG,10HRWG,0,00,00,33,7,39.16,163,61.88,61.85,10.769270,1.172580,1000.00,cifi0007.DBF
HRWG,10HRWG,0,00,00,33,8,48.57,196,72.88,72.77,10.769270,1.172580,1000.00,cifi0007.DBF
HRWG,10HRWG,0,00,00,33,9,58.22,228,84.11,83.88,10.769270,1.172580,1000.00,cifi0007.DBF
HRWG,10HRWG,0,00,00,33,10,68.12,259,95.57,95.22,10.769270,1.172580,1000.00,cifi0007.DBF
HRWG,10HRWG,0,00,00,33,11,78.37,289,107.35,106.85,10.769270,1.172580,1000.00,cifi0007.DBF
HRWG,10HRWG,0,00,00,33,12,88.96,319,119.45,118.79,10.769270,1.172580,1000.00,cifi0007.DBF
HRWG,10HRWG,0,00,00,33,13,99.91,347,131.89,131.05,10.769270,1.172580,1000.00,cifi0007.DBF
HRWG,10HRWG,0,00,00,33,14,111.24,375,144.66,143.66,10.769270,1.172580,1000.00,cifi0007.DBF
HRWG,10HRWG,0,00,00,33,15,122.97,402,157.81,156.62,10.769270,1.172580,1000.00,cifi0007.DBF
HRWG,10HRWG,0,00,00,33,16,135.12,428,171.32,169.95,10.769270,1.172580,1000.00,cifi0007.DBF
HRWG,10HRWG,0,00,00,33,17,147.69,453,185.22,183.66,10.769270,1.172580,1000.00,cifi0007.DBF
HRWG,10HRWG,0,00,00,33,18,160.67,478,199.48,197.74,10.769270,1.172580,1000.00,cifi0007.DBF
HRWG,10HRWG,0,00,00,33,19,174.05,502,214.09,212.17,10.769270,1.172580,1000.00,cifi0007.DBF
HRWG,10HRWG,0,00,00,33,20,187.82,525,229.02,226.94,10.769270,1.172580,1000.00,cifi0007.DBF
HRWG,10HRWG,0,00,00,33,21,201.97,548,244.29,242.04,10.769270,1.172580,1000.00,cifi0007.DBF
HRWG,10HRWG,0,00,00,33,22,216.51,569,259.88,257.47,10.769270,1.172580,1000.00,cifi0007.DBF
HRWG,10HRWG,0,00,00,33,23,231.42,590,275.77,273.21,10.769270,1.172580,1000.00,cifi0007.DBF
HRWG,10HRWG,0,00,00,33,24,246.69,611,291.96,289.25,10.769270,1.172580,1000.00,cifi0007.DBF
HRWG,10HRWG,0,00,00,33,25,262.32,630,308.44,305.59,10.769270,1.172580,1000.00,cifi0007.DBF
HRWG,10HRWG,0,00,00,33,26,278.29,649,325.18,322.20,10.769270,1.172580,1000.00,cifi0007.DBF
HRWG,10HRWG,0,00,00,33,27,294.58,667,342.17,339.06,10.769270,1.172580,1000.00,cifi0007.DBF
HRWG,10HRWG,0,00,00,33,28,311.17,684,359.38,356.16,10.769270,1.172580,1000.00,cifi0007.DBF
HRWG,10HRWG,0,00,00,33,29,328.02,700,376.77,373.46,10.769270,1.172580,1000.00,cifi0007.DBF
HRWG,10HRWG,0,00,00,33,30,345.13,716,394.33,390.94,10.769270,1.172580,1000.00,cifi0007.DBF
HRWG,10HRWG,0,00,00,33,31,362.45,731,412.03,408.57,10.769270,1.172580,1000.00,cifi0007.DBF
HRWG,10HRWG,0,00,00,33,32,379.98,746,429.86,426.33,10.769270,1.172580,1000.00,cifi0007.DBF
HRWG,10HRWG,0,00,00,33,33,397.72,760,447.81,444.22,10.769270,1.172580,1000.00,cifi0007.DBF
HRWG,10HRWG,0,00,00,33,34,415.69,773,465.90,462.24,10.769270,1.172580,1000.00,cifi0007.DBF
HRWG,10HRWG,0,00,00,33,35,433.89,786,484.13,480.40,10.769270,1.172580,1000.00,cifi0007.DBF
HRWG,10HRWG,0,00,00,33,36,452.32,798,502.51,498.71,10.769270,1.172580,1000.00,cifi0007.DBF
HRWG,10HRWG,0,00,00,33,37,470.97,810,521.01,517.14,10.769270,1.172580,1000.00,cifi0007.DBF
HRWG,10HRWG,0,00,00,33,38,489.78,821,539.57,535.67,10.769270,1.172580,1000.00,cifi0007.DBF
HRWG,10HRWG,0,00,00,33,39,508.67,832,558.13,554.24,10.769270,1.172580,1000.00,cifi0007.DBF
HRWG,10HRWG,0,00,00,33,40,527.57,842,576.61,572.76,10.769270,1.172580,1000.00,cifi0007.DBF
HRWG,10HRWG,0,00,00,33,41,546.39,852,594.95,591.17,10.769270,1.172580,1000.00,cifi0007.DBF
HRWG,10HRWG,0,00,00,33,42,565.11,861,613.10,609.41,10.769270,1.172580,1000.00,cifi0007.DBF
HRWG,10HRWG,0,00,00,33,43,583.69,870,631.04,627.45,10.769270,1.172580,1000.00,cifi0007.DBF
HRWG,10HRWG,0,00,00,33,44,602.14,879,648.80,645.31,10.769270,1.172580,1000.00,cifi0007.DBF
HRWG,10HRWG,0,00,00,33,45,620.50,887,666.38,662.97,10.769270,1.172580,1000.00,cifi0007.DBF
HRWG,10HRWG,0,00,00,33,46,638.77,894,683.81,680.48,10.769270,1.172580,1000.00,cifi0007.DBF
HRWG,10HRWG,0,00,00,33,47,656.93,902,701.05,697.81,10.769270,1.172580,1000.00,cifi0007.DBF
HRWG,10HRWG,0,00,00,33,48,674.92,909,718.06,714.94,10.769270,1.172580,1000.00,cifi0007.DBF
HRWG,10HRWG,0,00,00,33,49,692.66,915,734.77,731.80,10.769270,1.172580,1000.00,cifi0007.DBF
HRWG,10HRWG,0,00,00,33,50,710.19,921,751.20,748.37,10.769270,1.172580,1000.00,cifi0007.DBF
HRWG,10HRWG,0,00,00,33,51,727.25,927,767.14,764.56,10.769270,1.172580,1000.00,cifi0007.DBF
HRWG,10HRWG,0,00,00,33,52,743.76,933,782.51,780.21,10.769270,1.172580,1000.00,cifi0007.DBF
HRWG,10HRWG,0,00,00,33,53,759.62,938,797.21,795.24,10.769270,1.172580,1000.00,cifi0007.DBF
HRWG,10HRWG,0,00,00,33,54,774.69,943,811.13,809.55,10.769270,1.172580,1000.00,cifi0007.DBF
HRWG,10HRWG,0,00,00,33,55,788.90,947,824.19,823.04,10.769270,1.172580,1000.00,cifi0007.DBF
HRWG,10HRWG,0,00,00,33,56,802.16,951,836.33,835.65,10.769270,1.172580,1000.00,cifi0007.DBF
HRWG,10HRWG,0,00,00,33,57,814.51,955,847.59,847.35,10.769270,1.172580,1000.00,cifi0007.DBF
HRWG,10HRWG,0,00,00,33,58,826.07,958,858.05,858.21,10.769270,1.172580,1000.00,cifi0007.DBF
HRWG,10HRWG,0,00,00,33,59,837.03,961,867.90,868.36,10.769270,1.172580,1000.00,cifi0007.DBF
HRWG,10HRWG,0,00,00,33,60,847.76,964,877.42,878.04,10.769270,1.172580,1000.00,cifi0007.DBF
HRWG,10HRWG,0,00,00,33,61,858.71,967,887.00,887.60,10.769270,1.172580,1000.00,cifi0007.DBF
HRWG,10HRWG,0,00,00,33,62,870.63,970,897.24,897.51,10.769270,1.172580,1000.00,cifi0007.DBF
HRWG,10HRWG,0,00,00,33,63,884.69,973,909.10,908.56,10.769270,1.172580,1000.00,cifi0007.DBF
HRWG,10HRWG,0,00,00,33,64,901.71,978,923.13,921.50,10.769270,1.172580,1000.00,cifi0007.DBF
HRWG,10HRWG,0,00,00,33,65,923.73,983,940.85,937.37,10.769270,1.172580,1000.00,cifi0007.DBF
HRWG,10HRWG,0,00,00,33,66,954.31,990,964.86,958.24,10.769270,1.172580,1000.00,cifi0007.DBF
HRWG,10HRWG,0,00,00,33,67,1000.00,1000,1000.00,987.82,10.769270,1.172580,1000.00,cifi0007.DBF
HRWG,10HRWG,0,00,00,34,1,0.00,0,0.00,0.63,1.261270,1.261270,1000.00,cifi0007.DBF
HRWG,10HRWG,0,00,00,34,2,0.00,0,10.12,10.64,11.162740,1.261270,1000.00,cifi0007.DBF
HRWG,10HRWG,0,00,00,34,3,4.05,19,20.43,20.86,11.162740,1.261270,1000.00,cifi0007.DBF
HRWG,10HRWG,0,00,00,34,4,12.90,57,30.95,31.27,11.162740,1.261270,1000.00,cifi0007.DBF
HRWG,10HRWG,0,00,00,34,5,21.96,94,41.66,41.88,11.162740,1.261270,1000.00,cifi0007.DBF
HRWG,10HRWG,0,00,00,34,6,31.23,130,52.58,52.70,11.162740,1.261270,1000.00,cifi0007.DBF
HRWG,10HRWG,0,00,00,34,7,40.72,165,63.69,63.72,11.162740,1.261270,1000.00,cifi0007.DBF
HRWG,10HRWG,0,00,00,34,8,50.45,198,75.03,74.94,11.162740,1.261270,1000.00,cifi0007.DBF
HRWG,10HRWG,0,00,00,34,9,60.43,230,86.60,86.40,11.162740,1.261270,1000.00,cifi0007.DBF
HRWG,10HRWG,0,00,00,34,10,70.76,261,98.50,98.13,11.162740,1.261270,1000.00,cifi0007.DBF
HRWG,10HRWG,0,00,00,34,11,81.44,292,110.72,110.19,11.162740,1.261270,1000.00,cifi0007.DBF
HRWG,10HRWG,0,00,00,34,12,92.48,321,123.27,122.58,11.162740,1.261270,1000.00,cifi0007.DBF
HRWG,10HRWG,0,00,00,34,13,103.91,350,136.17,135.30,11.162740,1.261270,1000.00,cifi0007.DBF
HRWG,10HRWG,0,00,00,34,14,115.74,378,149.45,148.39,11.162740,1.261270,1000.00,cifi0007.DBF
HRWG,10HRWG,0,00,00,34,15,127.98,405,163.09,161.85,11.162740,1.261270,1000.00,cifi0007.DBF
HRWG,10HRWG,0,00,00,34,16,140.66,432,177.13,175.69,11.162740,1.261270,1000.00,cifi0007.DBF
HRWG,10HRWG,0,00,00,34,17,153.75,458,191.53,189.91,11.162740,1.261270,1000.00,cifi0007.DBF
HRWG,10HRWG,0,00,00,34,18,167.24,483,206.27,204.48,11.162740,1.261270,1000.00,cifi0007.DBF
HRWG,10HRWG,0,00,00,34,19,181.12,507,221.36,219.40,11.162740,1.261270,1000.00,cifi0007.DBF
HRWG,10HRWG,0,00,00,34,20,195.38,530,236.77,234.64,11.162740,1.261270,1000.00,cifi0007.DBF
HRWG,10HRWG,0,00,00,34,21,210.04,552,252.51,250.22,11.162740,1.261270,1000.00,cifi0007.DBF
HRWG,10HRWG,0,00,00,34,22,225.08,574,268.56,266.12,11.162740,1.261270,1000.00,cifi0007.DBF
HRWG,10HRWG,0,00,00,34,23,240.48,595,284.91,282.32,11.162740,1.261270,1000.00,cifi0007.DBF
HRWG,10HRWG,0,00,00,34,24,256.23,615,301.55,298.81,11.162740,1.261270,1000.00,cifi0007.DBF
HRWG,10HRWG,0,00,00,34,25,272.34,635,318.46,315.58,11.162740,1.261270,1000.00,cifi0007.DBF
HRWG,10HRWG,0,00,00,34,26,288.76,653,335.61,332.61,11.162740,1.261270,1000.00,cifi0007.DBF
HRWG,10HRWG,0,00,00,34,27,305.49,671,352.98,349.88,11.162740,1.261270,1000.00,cifi0007.DBF
HRWG,10HRWG,0,00,00,34,28,322.48,688,370.55,367.35,11.162740,1.261270,1000.00,cifi0007.DBF
HRWG,10HRWG,0,00,00,34,29,339.72,705,388.28,384.99,11.162740,1.261270,1000.00,cifi0007.DBF
HRWG,10HRWG,0,00,00,34,30,357.19,721,406.15,402.80,11.162740,1.261270,1000.00,cifi0007.DBF
HRWG,10HRWG,0,00,00,34,31,374.87,736,424.15,420.73,11.162740,1.261270,1000.00,cifi0007.DBF
HRWG,10HRWG,0,00,00,34,32,392.76,750,442.28,438.80,11.162740,1.261270,1000.00,cifi0007.DBF
HRWG,10HRWG,0,00,00,34,33,410.87,764,460.54,456.99,11.162740,1.261270,1000.00,cifi0007.DBF
HRWG,10HRWG,0,00,00,34,34,429.22,777,478.96,475.33,11.162740,1.261270,1000.00,cifi0007.DBF
HRWG,10HRWG,0,00,00,34,35,447.80,790,497.51,493.81,11.162740,1.261270,1000.00,cifi0007.DBF
HRWG,10HRWG,0,00,00,34,36,466.61,802,516.19,512.43,11.162740,1.261270,1000.00,cifi0007.DBF
HRWG,10HRWG,0,00,00,34,37,485.57,814,534.93,531.14,11.162740,1.261270,1000.00,cifi0007.DBF
HRWG,10HRWG,0,00,00,34,38,504.62,825,553.67,549.89,11.162740,1.261270,1000.00,cifi0007.DBF
HRWG,10HRWG,0,00,00,34,39,523.67,836,572.34,568.59,11.162740,1.261270,1000.00,cifi0007.DBF
HRWG,10HRWG,0,00,00,34,40,542.65,846,590.85,587.18,11.162740,1.261270,1000.00,cifi0007.DBF
HRWG,10HRWG,0,00,00,34,41,561.52,856,609.18,605.60,11.162740,1.261270,1000.00,cifi0007.DBF
HRWG,10HRWG,0,00,00,34,42,580.25,865,627.30,623.82,11.162740,1.261270,1000.00,cifi0007.DBF
HRWG,10HRWG,0,00,00,34,43,598.86,874,645.23,641.84,11.162740,1.261270,1000.00,cifi0007.DBF
HRWG,10HRWG,0,00,00,34,44,617.37,882,662.98,659.69,11.162740,1.261270,1000.00,cifi0007.DBF
HRWG,10HRWG,0,00,00,34,45,635.79,890,680.58,677.36,11.162740,1.261270,1000.00,cifi0007.DBF
HRWG,10HRWG,0,00,00,34,46,654.10,898,697.99,694.86,11.162740,1.261270,1000.00,cifi0007.DBF
HRWG,10HRWG,0,00,00,34,47,672.23,905,715.16,712.16,11.162740,1.261270,1000.00,cifi0007.DBF
HRWG,10HRWG,0,00,00,34,48,690.13,912,732.04,729.18,11.162740,1.261270,1000.00,cifi0007.DBF
HRWG,10HRWG,0,00,00,34,49,707.80,918,748.63,745.92,11.162740,1.261270,1000.00,cifi0007.DBF
HRWG,10HRWG,0,00,00,34,50,725.00,924,764.73,762.26,11.162740,1.261270,1000.00,cifi0007.DBF
HRWG,10HRWG,0,00,00,34,51,741.65,930,780.24,778.07,11.162740,1.261270,1000.00,cifi0007.DBF
HRWG,10HRWG,0,00,00,34,52,757.64,936,795.08,793.25,11.162740,1.261270,1000.00,cifi0007.DBF
HRWG,10HRWG,0,00,00,34,53,772.84,940,809.14,807.70,11.162740,1.261270,1000.00,cifi0007.DBF
HRWG,10HRWG,0,00,00,34,54,787.16,945,822.34,821.32,11.162740,1.261270,1000.00,cifi0007.DBF
HRWG,10HRWG,0,00,00,34,55,800.52,949,834.59,834.05,11.162740,1.261270,1000.00,cifi0007.DBF
HRWG,10HRWG,0,00,00,34,56,812.98,953,845.96,845.86,11.162740,1.261270,1000.00,cifi0007.DBF
HRWG,10HRWG,0,00,00,34,57,824.63,956,856.53,856.83,11.162740,1.261270,1000.00,cifi0007.DBF
HRWG,10HRWG,0,00,00,34,58,835.69,959,866.47,867.08,11.162740,1.261270,1000.00,cifi0007.DBF
HRWG,10HRWG,0,00,00,34,59,846.51,962,876.09,876.87,11.162740,1.261270,1000.00,cifi0007.DBF
HRWG,10HRWG,0,00,00,34,60,857.55,965,885.77,886.51,11.162740,1.261270,1000.00,cifi0007.DBF
HRWG,10HRWG,0,00,00,34,61,869.57,969,896.12,896.52,11.162740,1.261270,1000.00,cifi0007.DBF
HRWG,10HRWG,0,00,00,34,62,883.74,972,908.10,907.69,11.162740,1.261270,1000.00,cifi0007.DBF
HRWG,10HRWG,0,00,00,34,63,900.90,977,922.28,920.77,11.162740,1.261270,1000.00,cifi0007.DBF
HRWG,10HRWG,0,00,00,34,64,923.10,982,940.19,936.81,11.162740,1.261270,1000.00,cifi0007.DBF
HRWG,10HRWG,0,00,00,34,65,953.93,990,964.47,957.91,11.162740,1.261270,1000.00,cifi0007.DBF
HRWG,10HRWG,0,00,00,34,66,1000.00,1000,1000.00,987.82,11.162740,1.261270,1000.00,cifi0007.DBF
HRWG,10HRWG,0,00,00,35,1,0.00,0,0.00,0.67,1.349950,1.349950,1000.00,cifi0007.DBF
HRWG,10HRWG,0,00,00,35,2,0.00,0,10.41,10.99,11.572950,1.349950,1000.00,cifi0007.DBF
HRWG,10HRWG,0,00,00,35,3,4.46,20,21.04,21.51,11.572950,1.349950,1000.00,cifi0007.DBF
HRWG,10HRWG,0,00,00,35,4,13.60,58,31.86,32.23,11.572950,1.349950,1000.00,cifi0007.DBF
HRWG,10HRWG,0,00,00,35,5,22.95,96,42.89,43.16,11.572950,1.349950,1000.00,cifi0007.DBF
HRWG,10HRWG,0,00,00,35,6,32.52,131,54.11,54.29,11.572950,1.349950,1000.00,cifi0007.DBF
HRWG,10HRWG,0,00,00,35,7,42.33,166,65.56,65.62,11.572950,1.349950,1000.00,cifi0007.DBF
HRWG,10HRWG,0,00,00,35,8,52.40,199,77.25,77.19,11.572950,1.349950,1000.00,cifi0007.DBF
HRWG,10HRWG,0,00,00,35,9,62.82,232,89.27,89.05,11.572950,1.349950,1000.00,cifi0007.DBF
HRWG,10HRWG,0,00,00,35,10,73.59,263,101.61,101.23,11.572950,1.349950,1000.00,cifi0007.DBF
HRWG,10HRWG,0,00,00,35,11,84.73,294,114.29,113.74,11.572950,1.349950,1000.00,cifi0007.DBF
HRWG,10HRWG,0,00,00,35,12,96.25,324,127.32,126.59,11.572950,1.349950,1000.00,cifi0007.DBF
HRWG,10HRWG,0,00,00,35,13,108.18,353,140.73,139.81,11.572950,1.349950,1000.00,cifi0007.DBF
HRWG,10HRWG,0,00,00,35,14,120.53,382,154.51,153.41,11.572950,1.349950,1000.00,cifi0007.DBF
HRWG,10HRWG,0,00,00,35,15,133.32,409,168.69,167.39,11.572950,1.349950,1000.00,cifi0007.DBF
HRWG,10HRWG,0,00,00,35,16,146.52,436,183.23,181.75,11.572950,1.349950,1000.00,cifi0007.DBF
HRWG,10HRWG,0,00,00,35,17,160.12,462,198.13,196.47,11.572950,1.349950,1000.00,cifi0007.DBF
HRWG,10HRWG,0,00,00,35,18,174.12,487,213.36,211.53,11.572950,1.349950,1000.00,cifi0007.DBF
HRWG,10HRWG,0,00,00,35,19,188.51,511,228.93,226.93,11.572950,1.349950,1000.00,cifi0007.DBF
HRWG,10HRWG,0,00,00,35,20,203.29,535,244.83,242.67,11.572950,1.349950,1000.00,cifi0007.DBF
HRWG,10HRWG,0,00,00,35,21,218.45,557,261.04,258.73,11.572950,1.349950,1000.00,cifi0007.DBF
HRWG,10HRWG,0,00,00,35,22,233.98,579,277.56,275.09,11.572950,1.349950,1000.00,cifi0007.DBF
HRWG,10HRWG,0,00,00,35,23,249.87,600,294.36,291.75,11.572950,1.349950,1000.00,cifi0007.DBF
HRWG,10HRWG,0,00,00,35,24,266.12,620,311.44,308.69,11.572950,1.349950,1000.00,cifi0007.DBF
HRWG,10HRWG,0,00,00,35,25,282.68,640,328.77,325.89,11.572950,1.349950,1000.00,cifi0007.DBF
HRWG,10HRWG,0,00,00,35,26,299.55,658,346.32,343.33,11.572950,1.349950,1000.00,cifi0007.DBF
HRWG,10HRWG,0,00,00,35,27,316.69,676,364.06,360.97,11.572950,1.349950,1000.00,cifi0007.DBF
HRWG,10HRWG,0,00,00,35,28,334.08,693,381.97,378.80,11.572950,1.349950,1000.00,cifi0007.DBF
HRWG,10HRWG,0,00,00,35,29,351.70,710,400.02,396.78,11.572950,1.349950,1000.00,cifi0007.DBF
HRWG,10HRWG,0,00,00,35,30,369.52,725,418.20,414.90,11.572950,1.349950,1000.00,cifi0007.DBF
HRWG,10HRWG,0,00,00,35,31,387.56,740,436.51,433.14,11.572950,1.349950,1000.00,cifi0007.DBF
HRWG,10HRWG,0,00,00,35,32,405.83,755,454.96,451.52,11.572950,1.349950,1000.00,cifi0007.DBF
HRWG,10HRWG,0,00,00,35,33,424.34,769,473.56,470.05,11.572950,1.349950,1000.00,cifi0007.DBF
HRWG,10HRWG,0,00,00,35,34,443.08,782,492.30,488.71,11.572950,1.349950,1000.00,cifi0007.DBF
HRWG,10HRWG,0,00,00,35,35,462.05,795,511.17,507.52,11.572950,1.349950,1000.00,cifi0007.DBF
HRWG,10HRWG,0,00,00,35,36,481.17,807,530.10,526.42,11.572950,1.349950,1000.00,cifi0007.DBF
HRWG,10HRWG,0,00,00,35,37,500.38,819,549.03,545.35,11.572950,1.349950,1000.00,cifi0007.DBF
HRWG,10HRWG,0,00,00,35,38,519.60,830,567.88,564.24,11.572950,1.349950,1000.00,cifi0007.DBF
HRWG,10HRWG,0,00,00,35,39,538.74,840,586.58,583.02,11.572950,1.349950,1000.00,cifi0007.DBF
HRWG,10HRWG,0,00,00,35,40,557.77,850,605.09,601.62,11.572950,1.349950,1000.00,cifi0007.DBF
HRWG,10HRWG,0,00,00,35,41,576.66,860,623.40,620.03,11.572950,1.349950,1000.00,cifi0007.DBF
HRWG,10HRWG,0,00,00,35,42,595.43,869,641.50,638.24,11.572950,1.349950,1000.00,cifi0007.DBF
HRWG,10HRWG,0,00,00,35,43,614.10,878,659.44,656.26,11.572950,1.349950,1000.00,cifi0007.DBF
HRWG,10HRWG,0,00,00,35,44,632.68,886,677.21,674.11,11.572950,1.349950,1000.00,cifi0007.DBF
HRWG,10HRWG,0,00,00,35,45,651.14,894,694.80,691.79,11.572950,1.349950,1000.00,cifi0007.DBF
HRWG,10HRWG,0,00,00,35,46,669.43,901,712.14,709.26,11.572950,1.349950,1000.00,cifi0007.DBF
HRWG,10HRWG,0,00,00,35,47,687.48,908,729.19,726.45,11.572950,1.349950,1000.00,cifi0007.DBF
HRWG,10HRWG,0,00,00,35,48,705.30,915,745.95,743.36,11.572950,1.349950,1000.00,cifi0007.DBF
HRWG,10HRWG,0,00,00,35,49,722.65,921,762.21,759.87,11.572950,1.349950,1000.00,cifi0007.DBF
HRWG,10HRWG,0,00,00,35,50,739.44,927,777.88,775.83,11.572950,1.349950,1000.00,cifi0007.DBF
HRWG,10HRWG,0,00,00,35,51,755.56,933,792.87,791.17,11.572950,1.349950,1000.00,cifi0007.DBF
HRWG,10HRWG,0,00,00,35,52,770.89,938,807.07,805.76,11.572950,1.349950,1000.00,cifi0007.DBF
HRWG,10HRWG,0,00,00,35,53,785.34,943,820.40,819.52,11.572950,1.349950,1000.00,cifi0007.DBF
HRWG,10HRWG,0,00,00,35,54,798.82,947,832.78,832.38,11.572950,1.349950,1000.00,cifi0007.DBF
HRWG,10HRWG,0,00,00,35,55,811.38,951,844.27,844.31,11.572950,1.349950,1000.00,cifi0007.DBF
HRWG,10HRWG,0,00,00,35,56,823.13,954,854.94,855.39,11.572950,1.349950,1000.00,cifi0007.DBF
HRWG,10HRWG,0,00,00,35,57,834.29,958,864.99,865.75,11.572950,1.349950,1000.00,cifi0007.DBF
HRWG,10HRWG,0,00,00,35,58,845.20,961,874.71,875.64,11.572950,1.349950,1000.00,cifi0007.DBF
HRWG,10HRWG,0,00,00,35,59,856.33,964,884.48,885.38,11.572950,1.349950,1000.00,cifi0007.DBF
HRWG,10HRWG,0,00,00,35,60,868.45,967,894.95,895.50,11.572950,1.349950,1000.00,cifi0007.DBF
HRWG,10HRWG,0,00,00,35,61,882.74,971,907.06,906.79,11.572950,1.349950,1000.00,cifi0007.DBF
HRWG,10HRWG,0,00,00,35,62,900.05,976,921.39,920.01,11.572950,1.349950,1000.00,cifi0007.DBF
HRWG,10HRWG,0,00,00,35,63,922.45,982,939.50,936.23,11.572950,1.349950,1000.00,cifi0007.DBF
HRWG,10HRWG,0,00,00,35,64,953.54,989,964.06,957.57,11.572950,1.349950,1000.00,cifi0007.DBF
HRWG,10HRWG,0,00,00,35,65,1000.00,1000,1000.00,987.82,11.572950,1.349950,1000.00,cifi0007.DBF
HRWG,10HRWG,0,00,00,36,1,0.00,0,0.00,0.74,1.478050,1.478050,1000.00,cifi0007.DBF
HRWG,10HRWG,0,00,00,36,2,0.00,0,10.73,11.37,11.999380,1.478050,1000.00,cifi0007.DBF
HRWG,10HRWG,0,00,00,36,3,4.86,21,21.67,22.20,11.999380,1.478050,1000.00,cifi0007.DBF
HRWG,10HRWG,0,00,00,36,4,14.29,60,32.81,33.24,11.999380,1.478050,1000.00,cifi0007.DBF
HRWG,10HRWG,0,00,00,36,5,23.95,97,44.15,44.48,11.999380,1.478050,1000.00,cifi0007.DBF
HRWG,10HRWG,0,00,00,36,6,33.84,133,55.72,55.93,11.999380,1.478050,1000.00,cifi0007.DBF
HRWG,10HRWG,0,00,00,36,7,44.00,167,67.53,67.62,11.999380,1.478050,1000.00,cifi0007.DBF
HRWG,10HRWG,0,00,00,36,8,54.51,201,79.67,79.60,11.999380,1.478050,1000.00,cifi0007.DBF
HRWG,10HRWG,0,00,00,36,9,65.38,234,92.14,91.91,11.999380,1.478050,1000.00,cifi0007.DBF
HRWG,10HRWG,0,00,00,36,10,76.62,266,104.95,104.55,11.999380,1.478050,1000.00,cifi0007.DBF
HRWG,10HRWG,0,00,00,36,11,88.24,297,118.12,117.54,11.999380,1.478050,1000.00,cifi0007.DBF
HRWG,10HRWG,0,00,00,36,12,100.28,327,131.67,130.89,11.999380,1.478050,1000.00,cifi0007.DBF
HRWG,10HRWG,0,00,00,36,13,112.73,357,145.59,144.63,11.999380,1.478050,1000.00,cifi0007.DBF
HRWG,10HRWG,0,00,00,36,14,125.63,386,159.92,158.76,11.999380,1.478050,1000.00,cifi0007.DBF
HRWG,10HRWG,0,00,00,36,15,138.95,414,174.61,173.27,11.999380,1.478050,1000.00,cifi0007.DBF
HRWG,10HRWG,0,00,00,36,16,152.67,440,189.66,188.14,11.999380,1.478050,1000.00,cifi0007.DBF
HRWG,10HRWG,0,00,00,36,17,166.80,467,205.05,203.36,11.999380,1.478050,1000.00,cifi0007.DBF
HRWG,10HRWG,0,00,00,36,18,181.32,492,220.78,218.92,11.999380,1.478050,1000.00,cifi0007.DBF
HRWG,10HRWG,0,00,00,36,19,196.23,516,236.85,234.82,11.999380,1.478050,1000.00,cifi0007.DBF
HRWG,10HRWG,0,00,00,36,20,211.53,540,253.23,251.04,11.999380,1.478050,1000.00,cifi0007.DBF
HRWG,10HRWG,0,00,00,36,21,227.19,562,269.92,267.57,11.999380,1.478050,1000.00,cifi0007.DBF
HRWG,10HRWG,0,00,00,36,22,243.23,584,286.89,284.40,11.999380,1.478050,1000.00,cifi0007.DBF
HRWG,10HRWG,0,00,00,36,23,259.61,605,304.15,301.52,11.999380,1.478050,1000.00,cifi0007.DBF
HRWG,10HRWG,0,00,00,36,24,276.32,625,321.65,318.90,11.999380,1.478050,1000.00,cifi0007.DBF
HRWG,10HRWG,0,00,00,36,25,293.34,645,339.39,336.52,11.999380,1.478050,1000.00,cifi0007.DBF
HRWG,10HRWG,0,00,00,36,26,310.63,663,357.31,354.35,11.999380,1.478050,1000.00,cifi0007.DBF
HRWG,10HRWG,0,00,00,36,27,328.18,681,375.41,372.36,11.999380,1.478050,1000.00,cifi0007.DBF
HRWG,10HRWG,0,00,00,36,28,345.95,698,393.65,390.53,11.999380,1.478050,1000.00,cifi0007.DBF
HRWG,10HRWG,0,00,00,36,29,363.93,714,412.02,408.83,11.999380,1.478050,1000.00,cifi0007.DBF
HRWG,10HRWG,0,00,00,36,30,382.14,730,430.52,427.27,11.999380,1.478050,1000.00,cifi0007.DBF
HRWG,10HRWG,0,00,00,36,31,400.57,745,449.16,445.84,11.999380,1.478050,1000.00,cifi0007.DBF
HRWG,10HRWG,0,00,00,36,32,419.24,759,467.95,464.55,11.999380,1.478050,1000.00,cifi0007.DBF
HRWG,10HRWG,0,00,00,36,33,438.15,773,486.88,483.41,11.999380,1.478050,1000.00,cifi0007.DBF
HRWG,10HRWG,0,00,00,36,34,457.28,786,505.94,502.41,11.999380,1.478050,1000.00,cifi0007.DBF
HRWG,10HRWG,0,00,00,36,35,476.58,799,525.08,521.51,11.999380,1.478050,1000.00,cifi0007.DBF
HRWG,10HRWG,0,00,00,36,36,495.96,811,544.20,540.64,11.999380,1.478050,1000.00,cifi0007.DBF
HRWG,10HRWG,0,00,00,36,37,515.34,823,563.25,559.72,11.999380,1.478050,1000.00,cifi0007.DBF
HRWG,10HRWG,0,00,00,36,38,534.65,834,582.14,578.70,11.999380,1.478050,1000.00,cifi0007.DBF
HRWG,10HRWG,0,00,00,36,39,553.85,844,600.85,597.49,11.999380,1.478050,1000.00,cifi0007.DBF
HRWG,10HRWG,0,00,00,36,40,572.91,854,619.34,616.09,11.999380,1.478050,1000.00,cifi0007.DBF
HRWG,10HRWG,0,00,00,36,41,591.85,864,637.64,634.49,11.999380,1.478050,1000.00,cifi0007.DBF
HRWG,10HRWG,0,00,00,36,42,610.68,873,655.76,652.69,11.999380,1.478050,1000.00,cifi0007.DBF
HRWG,10HRWG,0,00,00,36,43,629.43,881,673.71,670.73,11.999380,1.478050,1000.00,cifi0007.DBF
HRWG,10HRWG,0,00,00,36,44,648.05,889,691.48,688.60,11.999380,1.478050,1000.00,cifi0007.DBF
HRWG,10HRWG,0,00,00,36,45,666.50,897,709.01,706.24,11.999380,1.478050,1000.00,cifi0007.DBF
HRWG,10HRWG,0,00,00,36,46,684.71,905,726.23,723.62,11.999380,1.478050,1000.00,cifi0007.DBF
HRWG,10HRWG,0,00,00,36,47,702.69,912,743.17,740.70,11.999380,1.478050,1000.00,cifi0007.DBF
HRWG,10HRWG,0,00,00,36,48,720.19,918,759.59,757.38,11.999380,1.478050,1000.00,cifi0007.DBF
HRWG,10HRWG,0,00,00,36,49,737.13,925,775.43,773.51,11.999380,1.478050,1000.00,cifi0007.DBF
HRWG,10HRWG,0,00,00,36,50,753.40,930,790.58,789.00,11.999380,1.478050,1000.00,cifi0007.DBF
HRWG,10HRWG,0,00,00,36,51,768.86,936,804.92,803.75,11.999380,1.478050,1000.00,cifi0007.DBF
HRWG,10HRWG,0,00,00,36,52,783.44,940,818.39,817.66,11.999380,1.478050,1000.00,cifi0007.DBF
HRWG,10HRWG,0,00,00,36,53,797.04,945,830.90,830.64,11.999380,1.478050,1000.00,cifi0007.DBF
HRWG,10HRWG,0,00,00,36,54,809.71,949,842.51,842.70,11.999380,1.478050,1000.00,cifi0007.DBF
HRWG,10HRWG,0,00,00,36,55,821.56,953,853.29,853.90,11.999380,1.478050,1000.00,cifi0007.DBF
HRWG,10HRWG,0,00,00,36,56,832.82,956,863.44,864.37,11.999380,1.478050,1000.00,cifi0007.DBF
HRWG,10HRWG,0,00,00,36,57,843.82,959,873.27,874.36,11.999380,1.478050,1000.00,cifi0007.DBF
HRWG,10HRWG,0,00,00,36,58,855.06,963,883.15,884.21,11.999380,1.478050,1000.00,cifi0007.DBF
HRWG,10HRWG,0,00,00,36,59,867.29,966,893.73,894.44,11.999380,1.478050,1000.00,cifi0007.DBF
HRWG,10HRWG,0,00,00,36,60,881.70,970,905.97,905.85,11.999380,1.478050,1000.00,cifi0007.DBF
HRWG,10HRWG,0,00,00,36,61,899.16,975,920.47,919.22,11.999380,1.478050,1000.00,cifi0007.DBF
HRWG,10HRWG,0,00,00,36,62,921.76,981,938.79,935.63,11.999380,1.478050,1000.00,cifi0007.DBF
HRWG,10HRWG,0,00,00,36,63,953.13,989,963.63,957.21,11.999380,1.478050,1000.00,cifi0007.DBF
HRWG,10HRWG,0,00,00,36,64,1000.00,1000,1000.00,987.82,11.999380,1.478050,1000.00,cifi0007.DBF
HRWG,10HRWG,0,00,00,37,1,0.00,0,0.00,0.80,1.596290,1.596290,1000.00,cifi0007.DBF
HRWG,10HRWG,0,00,00,37,2,0.00,0,11.05,11.75,12.443580,1.596290,1000.00,cifi0007.DBF
HRWG,10HRWG,0,00,00,37,3,5.27,22,22.31,22.90,12.443580,1.596290,1000.00,cifi0007.DBF
HRWG,10HRWG,0,00,00,37,4,15.02,61,33.78,34.27,12.443580,1.596290,1000.00,cifi0007.DBF
HRWG,10HRWG,0,00,00,37,5,25.00,98,45.47,45.84,12.443580,1.596290,1000.00,cifi0007.DBF
HRWG,10HRWG,0,00,00,37,6,35.25,134,57.41,57.66,12.443580,1.596290,1000.00,cifi0007.DBF
HRWG,10HRWG,0,00,00,37,7,45.86,169,69.68,69.76,12.443580,1.596290,1000.00,cifi0007.DBF
HRWG,10HRWG,0,00,00,37,8,56.82,203,82.28,82.20,12.443580,1.596290,1000.00,cifi0007.DBF
HRWG,10HRWG,0,00,00,37,9,68.16,237,95.23,94.98,12.443580,1.596290,1000.00,cifi0007.DBF
HRWG,10HRWG,0,00,00,37,10,79.89,269,108.54,108.10,12.443580,1.596290,1000.00,cifi0007.DBF
HRWG,10HRWG,0,00,00,37,11,92.04,301,122.23,121.60,12.443580,1.596290,1000.00,cifi0007.DBF
HRWG,10HRWG,0,00,00,37,12,104.61,331,136.30,135.49,12.443580,1.596290,1000.00,cifi0007.DBF
HRWG,10HRWG,0,00,00,37,13,117.63,361,150.78,149.76,12.443580,1.596290,1000.00,cifi0007.DBF
HRWG,10HRWG,0,00,00,37,14,131.07,390,165.63,164.43,12.443580,1.596290,1000.00,cifi0007.DBF
HRWG,10HRWG,0,00,00,37,15,144.92,418,180.84,179.46,12.443580,1.596290,1000.00,cifi0007.DBF
HRWG,10HRWG,0,00,00,37,16,159.17,445,196.40,194.84,12.443580,1.596290,1000.00,cifi0007.DBF
HRWG,10HRWG,0,00,00,37,17,173.82,471,212.30,210.57,12.443580,1.596290,1000.00,cifi0007.DBF
HRWG,10HRWG,0,00,00,37,18,188.87,497,228.53,226.64,12.443580,1.596290,1000.00,cifi0007.DBF
HRWG,10HRWG,0,00,00,37,19,204.31,521,245.09,243.03,12.443580,1.596290,1000.00,cifi0007.DBF
HRWG,10HRWG,0,00,00,37,20,220.12,545,261.95,259.74,12.443580,1.596290,1000.00,cifi0007.DBF
HRWG,10HRWG,0,00,00,37,21,236.30,567,279.11,276.75,12.443580,1.596290,1000.00,cifi0007.DBF
HRWG,10HRWG,0,00,00,37,22,252.84,589,296.55,294.05,12.443580,1.596290,1000.00,cifi0007.DBF
HRWG,10HRWG,0,00,00,37,23,269.70,610,314.24,311.62,12.443580,1.596290,1000.00,cifi0007.DBF
HRWG,10HRWG,0,00,00,37,24,286.87,630,332.17,329.43,12.443580,1.596290,1000.00,cifi0007.DBF
HRWG,10HRWG,0,00,00,37,25,304.32,650,350.28,347.45,12.443580,1.596290,1000.00,cifi0007.DBF
HRWG,10HRWG,0,00,00,37,26,322.03,668,368.57,365.65,12.443580,1.596290,1000.00,cifi0007.DBF
HRWG,10HRWG,0,00,00,37,27,339.96,686,387.01,384.01,12.443580,1.596290,1000.00,cifi0007.DBF
HRWG,10HRWG,0,00,00,37,28,358.11,703,405.57,402.51,12.443580,1.596290,1000.00,cifi0007.DBF
HRWG,10HRWG,0,00,00,37,29,376.48,719,424.27,421.15,12.443580,1.596290,1000.00,cifi0007.DBF
HRWG,10HRWG,0,00,00,37,30,395.08,735,443.11,439.91,12.443580,1.596290,1000.00,cifi0007.DBF
HRWG,10HRWG,0,00,00,37,31,413.92,750,462.10,458.83,12.443580,1.596290,1000.00,cifi0007.DBF
HRWG,10HRWG,0,00,00,37,32,433.01,764,481.24,477.89,12.443580,1.596290,1000.00,cifi0007.DBF
HRWG,10HRWG,0,00,00,37,33,452.31,778,500.50,497.09,12.443580,1.596290,1000.00,cifi0007.DBF
HRWG,10HRWG,0,00,00,37,34,471.78,791,519.84,516.39,12.443580,1.596290,1000.00,cifi0007.DBF
HRWG,10HRWG,0,00,00,37,35,491.34,804,539.17,535.73,12.443580,1.596290,1000.00,cifi0007.DBF
HRWG,10HRWG,0,00,00,37,36,510.90,816,558.42,555.02,12.443580,1.596290,1000.00,cifi0007.DBF
HRWG,10HRWG,0,00,00,37,37,530.40,827,577.52,574.19,12.443580,1.596290,1000.00,cifi0007.DBF
HRWG,10HRWG,0,00,00,37,38,549.77,838,596.42,593.19,12.443580,1.596290,1000.00,cifi0007.DBF
HRWG,10HRWG,0,00,00,37,39,569.00,848,615.11,611.99,12.443580,1.596290,1000.00,cifi0007.DBF
HRWG,10HRWG,0,00,00,37,40,588.11,858,633.60,630.58,12.443580,1.596290,1000.00,cifi0007.DBF
HRWG,10HRWG,0,00,00,37,41,607.12,868,651.92,648.98,12.443580,1.596290,1000.00,cifi0007.DBF
HRWG,10HRWG,0,00,00,37,42,626.03,877,670.07,667.21,12.443580,1.596290,1000.00,cifi0007.DBF
HRWG,10HRWG,0,00,00,37,43,644.83,885,688.02,685.27,12.443580,1.596290,1000.00,cifi0007.DBF
HRWG,10HRWG,0,00,00,37,44,663.45,893,705.74,703.10,12.443580,1.596290,1000.00,cifi0007.DBF
HRWG,10HRWG,0,00,00,37,45,681.82,901,723.15,720.67,12.443580,1.596290,1000.00,cifi0007.DBF
HRWG,10HRWG,0,00,00,37,46,699.96,908,740.27,737.93,12.443580,1.596290,1000.00,cifi0007.DBF
HRWG,10HRWG,0,00,00,37,47,717.63,915,756.87,754.79,12.443580,1.596290,1000.00,cifi0007.DBF
HRWG,10HRWG,0,00,00,37,48,734.73,922,772.87,771.09,12.443580,1.596290,1000.00,cifi0007.DBF
HRWG,10HRWG,0,00,00,37,49,751.14,928,788.18,786.75,12.443580,1.596290,1000.00,cifi0007.DBF
HRWG,10HRWG,0,00,00,37,50,766.75,933,802.68,801.65,12.443580,1.596290,1000.00,cifi0007.DBF
HRWG,10HRWG,0,00,00,37,51,781.45,938,816.29,815.71,12.443580,1.596290,1000.00,cifi0007.DBF
HRWG,10HRWG,0,00,00,37,52,795.18,943,828.94,828.84,12.443580,1.596290,1000.00,cifi0007.DBF
HRWG,10HRWG,0,00,00,37,53,807.97,947,840.67,841.03,12.443580,1.596290,1000.00,cifi0007.DBF
HRWG,10HRWG,0,00,00,37,54,819.93,951,851.57,852.34,12.443580,1.596290,1000.00,cifi0007.DBF
HRWG,10HRWG,0,00,00,37,55,831.29,954,861.84,862.93,12.443580,1.596290,1000.00,cifi0007.DBF
HRWG,10HRWG,0,00,00,37,56,842.40,958,871.77,873.03,12.443580,1.596290,1000.00,cifi0007.DBF
HRWG,10HRWG,0,00,00,37,57,853.73,961,881.76,882.99,12.443580,1.596290,1000.00,cifi0007.DBF
HRWG,10HRWG,0,00,00,37,58,866.07,965,892.46,893.33,12.443580,1.596290,1000.00,cifi0007.DBF
HRWG,10HRWG,0,00,00,37,59,880.62,969,904.84,904.87,12.443580,1.596290,1000.00,cifi0007.DBF
HRWG,10HRWG,0,00,00,37,60,898.24,974,919.51,918.40,12.443580,1.596290,1000.00,cifi0007.DBF
HRWG,10HRWG,0,00,00,37,61,921.04,980,938.04,935.00,12.443580,1.596290,1000.00,cifi0007.DBF
HRWG,10HRWG,0,00,00,37,62,952.70,988,963.19,956.84,12.443580,1.596290,1000.00,cifi0007.DBF
HRWG,10HRWG,0,00,00,37,63,1000.00,1000,1000.00,987.82,12.443580,1.596290,1000.00,cifi0007.DBF
HRWG,10HRWG,0,00,00,38,1,0.00,0,0.00,0.87,1.734240,1.734240,1000.00,cifi0007.DBF
HRWG,10HRWG,0,00,00,38,2,0.00,0,11.39,12.15,12.905960,1.734240,1000.00,cifi0007.DBF
HRWG,10HRWG,0,00,00,38,3,5.68,23,22.98,23.64,12.905960,1.734240,1000.00,cifi0007.DBF
HRWG,10HRWG,0,00,00,38,4,15.76,62,34.79,35.34,12.905960,1.734240,1000.00,cifi0007.DBF
HRWG,10HRWG,0,00,00,38,5,26.11,99,46.87,47.28,12.905960,1.734240,1000.00,cifi0007.DBF
HRWG,10HRWG,0,00,00,38,6,36.82,136,59.27,59.52,12.905960,1.734240,1000.00,cifi0007.DBF
HRWG,10HRWG,0,00,00,38,7,47.89,171,72.01,72.10,12.905960,1.734240,1000.00,cifi0007.DBF
HRWG,10HRWG,0,00,00,38,8,59.34,206,85.11,85.01,12.905960,1.734240,1000.00,cifi0007.DBF
HRWG,10HRWG,0,00,00,38,9,71.18,240,98.56,98.29,12.905960,1.734240,1000.00,cifi0007.DBF
HRWG,10HRWG,0,00,00,38,10,83.44,273,112.40,111.93,12.905960,1.734240,1000.00,cifi0007.DBF
HRWG,10HRWG,0,00,00,38,11,96.13,304,126.63,125.97,12.905960,1.734240,1000.00,cifi0007.DBF
HRWG,10HRWG,0,00,00,38,12,109.27,335,141.27,140.40,12.905960,1.734240,1000.00,cifi0007.DBF
HRWG,10HRWG,0,00,00,38,13,122.84,366,156.28,155.23,12.905960,1.734240,1000.00,cifi0007.DBF
HRWG,10HRWG,0,00,00,38,14,136.82,395,171.66,170.42,12.905960,1.734240,1000.00,cifi0007.DBF
HRWG,10HRWG,0,00,00,38,15,151.20,423,187.39,185.98,12.905960,1.734240,1000.00,cifi0007.DBF
HRWG,10HRWG,0,00,00,38,16,165.99,450,203.46,201.88,12.905960,1.734240,1000.00,cifi0007.DBF
HRWG,10HRWG,0,00,00,38,17,181.19,477,219.88,218.12,12.905960,1.734240,1000.00,cifi0007.DBF
HRWG,10HRWG,0,00,00,38,18,196.77,502,236.62,234.70,12.905960,1.734240,1000.00,cifi0007.DBF
HRWG,10HRWG,0,00,00,38,19,212.73,526,253.67,251.59,12.905960,1.734240,1000.00,cifi0007.DBF
HRWG,10HRWG,0,00,00,38,20,229.06,550,271.01,268.79,12.905960,1.734240,1000.00,cifi0007.DBF
HRWG,10HRWG,0,00,00,38,21,245.76,573,288.65,286.28,12.905960,1.734240,1000.00,cifi0007.DBF
HRWG,10HRWG,0,00,00,38,22,262.78,595,306.53,304.04,12.905960,1.734240,1000.00,cifi0007.DBF
HRWG,10HRWG,0,00,00,38,23,280.12,616,324.65,322.04,12.905960,1.734240,1000.00,cifi0007.DBF
HRWG,10HRWG,0,00,00,38,24,297.73,636,342.97,340.26,12.905960,1.734240,1000.00,cifi0007.DBF
HRWG,10HRWG,0,00,00,38,25,315.61,655,361.46,358.67,12.905960,1.734240,1000.00,cifi0007.DBF
HRWG,10HRWG,0,00,00,38,26,333.71,673,380.10,377.23,12.905960,1.734240,1000.00,cifi0007.DBF
HRWG,10HRWG,0,00,00,38,27,352.03,691,398.87,395.94,12.905960,1.734240,1000.00,cifi0007.DBF
HRWG,10HRWG,0,00,00,38,28,370.57,708,417.77,414.77,12.905960,1.734240,1000.00,cifi0007.DBF
HRWG,10HRWG,0,00,00,38,29,389.35,724,436.82,433.75,12.905960,1.734240,1000.00,cifi0007.DBF
HRWG,10HRWG,0,00,00,38,30,408.37,740,456.02,452.87,12.905960,1.734240,1000.00,cifi0007.DBF
HRWG,10HRWG,0,00,00,38,31,427.63,755,475.37,472.14,12.905960,1.734240,1000.00,cifi0007.DBF
HRWG,10HRWG,0,00,00,38,32,447.12,769,494.84,491.56,12.905960,1.734240,1000.00,cifi0007.DBF
HRWG,10HRWG,0,00,00,38,33,466.78,783,514.39,511.07,12.905960,1.734240,1000.00,cifi0007.DBF
HRWG,10HRWG,0,00,00,38,34,486.52,796,533.94,530.62,12.905960,1.734240,1000.00,cifi0007.DBF
HRWG,10HRWG,0,00,00,38,35,506.27,808,553.40,550.12,12.905960,1.734240,1000.00,cifi0007.DBF
HRWG,10HRWG,0,00,00,38,36,525.95,820,572.71,569.50,12.905960,1.734240,1000.00,cifi0007.DBF
HRWG,10HRWG,0,00,00,38,37,545.50,832,591.82,588.71,12.905960,1.734240,1000.00,cifi0007.DBF
HRWG,10HRWG,0,00,00,38,38,564.92,842,610.71,607.72,12.905960,1.734240,1000.00,cifi0007.DBF
HRWG,10HRWG,0,00,00,38,39,584.21,853,629.41,626.51,12.905960,1.734240,1000.00,cifi0007.DBF
HRWG,10HRWG,0,00,00,38,40,603.40,862,647.92,645.12,12.905960,1.734240,1000.00,cifi0007.DBF
HRWG,10HRWG,0,00,00,38,41,622.49,872,666.27,663.55,12.905960,1.734240,1000.00,cifi0007.DBF
HRWG,10HRWG,0,00,00,38,42,641.46,880,684.43,681.80,12.905960,1.734240,1000.00,cifi0007.DBF
HRWG,10HRWG,0,00,00,38,43,660.26,889,702.34,699.84,12.905960,1.734240,1000.00,cifi0007.DBF
HRWG,10HRWG,0,00,00,38,44,678.81,897,719.94,717.59,12.905960,1.734240,1000.00,cifi0007.DBF
HRWG,10HRWG,0,00,00,38,45,697.12,904,737.24,735.04,12.905960,1.734240,1000.00,cifi0007.DBF
HRWG,10HRWG,0,00,00,38,46,714.95,912,754.03,752.09,12.905960,1.734240,1000.00,cifi0007.DBF
HRWG,10HRWG,0,00,00,38,47,732.21,918,770.21,768.57,12.905960,1.734240,1000.00,cifi0007.DBF
HRWG,10HRWG,0,00,00,38,48,748.78,925,785.69,784.40,12.905960,1.734240,1000.00,cifi0007.DBF
HRWG,10HRWG,0,00,00,38,49,764.54,930,800.35,799.47,12.905960,1.734240,1000.00,cifi0007.DBF
HRWG,10HRWG,0,00,00,38,50,779.38,936,814.11,813.68,12.905960,1.734240,1000.00,cifi0007.DBF
HRWG,10HRWG,0,00,00,38,51,793.24,940,826.90,826.96,12.905960,1.734240,1000.00,cifi0007.DBF
HRWG,10HRWG,0,00,00,38,52,806.15,945,838.76,839.28,12.905960,1.734240,1000.00,cifi0007.DBF
HRWG,10HRWG,0,00,00,38,53,818.23,949,849.78,850.73,12.905960,1.734240,1000.00,cifi0007.DBF
HRWG,10HRWG,0,00,00,38,54,829.69,952,860.16,861.43,12.905960,1.734240,1000.00,cifi0007.DBF
HRWG,10HRWG,0,00,00,38,55,840.90,956,870.21,871.64,12.905960,1.734240,1000.00,cifi0007.DBF
HRWG,10HRWG,0,00,00,38,56,852.34,960,880.31,881.71,12.905960,1.734240,1000.00,cifi0007.DBF
HRWG,10HRWG,0,00,00,38,57,864.80,963,891.14,892.18,12.905960,1.734240,1000.00,cifi0007.DBF
HRWG,10HRWG,0,00,00,38,58,879.49,968,903.67,903.85,12.905960,1.734240,1000.00,cifi0007.DBF
HRWG,10HRWG,0,00,00,38,59,897.28,973,918.51,917.54,12.905960,1.734240,1000.00,cifi0007.DBF
HRWG,10HRWG,0,00,00,38,60,920.29,979,937.27,934.34,12.905960,1.734240,1000.00,cifi0007.DBF
HRWG,10HRWG,0,00,00,38,61,952.25,988,962.73,956.45,12.905960,1.734240,1000.00,cifi0007.DBF
HRWG,10HRWG,0,00,00,38,62,1000.00,1000,1000.00,987.82,12.905960,1.734240,1000.00,cifi0007.DBF
HRWG,10HRWG,0,00,00,39,1,0.00,0,0.00,0.94,1.872190,1.872190,1000.00,cifi0007.DBF
HRWG,10HRWG,0,00,00,39,2,0.00,0,11.72,12.56,13.387810,1.872190,1000.00,cifi0007.DBF
HRWG,10HRWG,0,00,00,39,3,6.12,24,23.67,24.39,13.387810,1.872190,1000.00,cifi0007.DBF
HRWG,10HRWG,0,00,00,39,4,16.58,63,35.88,36.47,13.387810,1.872190,1000.00,cifi0007.DBF
HRWG,10HRWG,0,00,00,39,5,27.39,101,48.43,48.85,13.387810,1.872190,1000.00,cifi0007.DBF
HRWG,10HRWG,0,00,00,39,6,38.57,138,61.32,61.57,13.387810,1.872190,1000.00,cifi0007.DBF
HRWG,10HRWG,0,00,00,39,7,50.12,174,74.56,74.63,13.387810,1.872190,1000.00,cifi0007.DBF
HRWG,10HRWG,0,00,00,39,8,62.08,209,88.16,88.05,13.387810,1.872190,1000.00,cifi0007.DBF
HRWG,10HRWG,0,00,00,39,9,74.46,243,102.16,101.86,13.387810,1.872190,1000.00,cifi0007.DBF
HRWG,10HRWG,0,00,00,39,10,87.28,276,116.55,116.05,13.387810,1.872190,1000.00,cifi0007.DBF
HRWG,10HRWG,0,00,00,39,11,100.55,309,131.36,130.65,13.387810,1.872190,1000.00,cifi0007.DBF
HRWG,10HRWG,0,00,00,39,12,114.25,340,146.54,145.64,13.387810,1.872190,1000.00,cifi0007.DBF
HRWG,10HRWG,0,00,00,39,13,128.36,370,162.09,161.01,13.387810,1.872190,1000.00,cifi0007.DBF
HRWG,10HRWG,0,00,00,39,14,142.89,400,178.00,176.74,13.387810,1.872190,1000.00,cifi0007.DBF
HRWG,10HRWG,0,00,00,39,15,157.83,428,194.26,192.82,13.387810,1.872190,1000.00,cifi0007.DBF
HRWG,10HRWG,0,00,00,39,16,173.17,455,210.86,209.25,13.387810,1.872190,1000.00,cifi0007.DBF
HRWG,10HRWG,0,00,00,39,17,188.90,482,227.79,226.02,13.387810,1.872190,1000.00,cifi0007.DBF
HRWG,10HRWG,0,00,00,39,18,205.02,507,245.03,243.10,13.387810,1.872190,1000.00,cifi0007.DBF
HRWG,10HRWG,0,00,00,39,19,221.52,532,262.57,260.49,13.387810,1.872190,1000.00,cifi0007.DBF
HRWG,10HRWG,0,00,00,39,20,238.37,556,280.41,278.18,13.387810,1.872190,1000.00,cifi0007.DBF
HRWG,10HRWG,0,00,00,39,21,255.56,578,298.49,296.14,13.387810,1.872190,1000.00,cifi0007.DBF
HRWG,10HRWG,0,00,00,39,22,273.07,600,316.82,314.35,13.387810,1.872190,1000.00,cifi0007.DBF
HRWG,10HRWG,0,00,00,39,23,290.86,621,335.34,332.78,13.387810,1.872190,1000.00,cifi0007.DBF
HRWG,10HRWG,0,00,00,39,24,308.90,641,354.04,351.39,13.387810,1.872190,1000.00,cifi0007.DBF
HRWG,10HRWG,0,00,00,39,25,327.19,660,372.90,370.16,13.387810,1.872190,1000.00,cifi0007.DBF
HRWG,10HRWG,0,00,00,39,26,345.69,678,391.88,389.08,13.387810,1.872190,1000.00,cifi0007.DBF
HRWG,10HRWG,0,00,00,39,27,364.41,696,411.00,408.13,13.387810,1.872190,1000.00,cifi0007.DBF
HRWG,10HRWG,0,00,00,39,28,383.37,713,430.26,427.32,13.387810,1.872190,1000.00,cifi0007.DBF
HRWG,10HRWG,0,00,00,39,29,402.57,729,449.68,446.66,13.387810,1.872190,1000.00,cifi0007.DBF
HRWG,10HRWG,0,00,00,39,30,422.03,745,469.25,466.15,13.387810,1.872190,1000.00,cifi0007.DBF
HRWG,10HRWG,0,00,00,39,31,441.71,760,488.94,485.79,13.387810,1.872190,1000.00,cifi0007.DBF
HRWG,10HRWG,0,00,00,39,32,461.56,774,508.71,505.52,13.387810,1.872190,1000.00,cifi0007.DBF
HRWG,10HRWG,0,00,00,39,33,481.49,788,528.48,525.29,13.387810,1.872190,1000.00,cifi0007.DBF
HRWG,10HRWG,0,00,00,39,34,501.44,801,548.16,545.01,13.387810,1.872190,1000.00,cifi0007.DBF
HRWG,10HRWG,0,00,00,39,35,521.30,813,567.69,564.62,13.387810,1.872190,1000.00,cifi0007.DBF
HRWG,10HRWG,0,00,00,39,36,541.05,825,587.02,584.05,13.387810,1.872190,1000.00,cifi0007.DBF
HRWG,10HRWG,0,00,00,39,37,560.66,836,606.13,603.27,13.387810,1.872190,1000.00,cifi0007.DBF
HRWG,10HRWG,0,00,00,39,38,580.14,847,625.04,622.28,13.387810,1.872190,1000.00,cifi0007.DBF
HRWG,10HRWG,0,00,00,39,39,599.51,857,643.76,641.09,13.387810,1.872190,1000.00,cifi0007.DBF
HRWG,10HRWG,0,00,00,39,40,618.79,866,662.32,659.73,13.387810,1.872190,1000.00,cifi0007.DBF
HRWG,10HRWG,0,00,00,39,41,637.95,876,680.68,678.19,13.387810,1.872190,1000.00,cifi0007.DBF
HRWG,10HRWG,0,00,00,39,42,656.94,884,698.79,696.43,13.387810,1.872190,1000.00,cifi0007.DBF
HRWG,10HRWG,0,00,00,39,43,675.66,893,716.59,714.39,13.387810,1.872190,1000.00,cifi0007.DBF
HRWG,10HRWG,0,00,00,39,44,694.16,901,734.10,732.04,13.387810,1.872190,1000.00,cifi0007.DBF
HRWG,10HRWG,0,00,00,39,45,712.16,908,751.07,749.28,13.387810,1.872190,1000.00,cifi0007.DBF
HRWG,10HRWG,0,00,00,39,46,729.59,915,767.44,765.95,13.387810,1.872190,1000.00,cifi0007.DBF
HRWG,10HRWG,0,00,00,39,47,746.32,922,783.09,781.96,13.387810,1.872190,1000.00,cifi0007.DBF
HRWG,10HRWG,0,00,00,39,48,762.23,928,797.92,797.20,13.387810,1.872190,1000.00,cifi0007.DBF
HRWG,10HRWG,0,00,00,39,49,777.22,933,811.84,811.57,13.387810,1.872190,1000.00,cifi0007.DBF
HRWG,10HRWG,0,00,00,39,50,791.21,938,824.77,825.00,13.387810,1.872190,1000.00,cifi0007.DBF
HRWG,10HRWG,0,00,00,39,51,804.25,943,836.77,837.46,13.387810,1.872190,1000.00,cifi0007.DBF
HRWG,10HRWG,0,00,00,39,52,816.45,947,847.92,849.04,13.387810,1.872190,1000.00,cifi0007.DBF
HRWG,10HRWG,0,00,00,39,53,828.02,951,858.42,859.86,13.387810,1.872190,1000.00,cifi0007.DBF
HRWG,10HRWG,0,00,00,39,54,839.34,954,868.58,870.19,13.387810,1.872190,1000.00,cifi0007.DBF
HRWG,10HRWG,0,00,00,39,55,850.90,958,878.81,880.39,13.387810,1.872190,1000.00,cifi0007.DBF
HRWG,10HRWG,0,00,00,39,56,863.48,962,889.76,890.98,13.387810,1.872190,1000.00,cifi0007.DBF
HRWG,10HRWG,0,00,00,39,57,878.31,966,902.44,902.79,13.387810,1.872190,1000.00,cifi0007.DBF
HRWG,10HRWG,0,00,00,39,58,896.27,972,917.47,916.65,13.387810,1.872190,1000.00,cifi0007.DBF
HRWG,10HRWG,0,00,00,39,59,919.51,979,936.46,933.66,13.387810,1.872190,1000.00,cifi0007.DBF
HRWG,10HRWG,0,00,00,39,60,951.78,987,962.24,956.05,13.387810,1.872190,1000.00,cifi0007.DBF
HRWG,10HRWG,0,00,00,39,61,1000.00,1000,1000.00,987.82,13.387810,1.872190,1000.00,cifi0007.DBF
HRWG,10HRWG,0,00,00,40,1,0.00,0,0.00,1.01,2.029850,2.029850,1000.00,cifi0007.DBF
HRWG,10HRWG,0,00,00,40,2,0.00,0,12.09,12.99,13.889710,2.029850,1000.00,cifi0007.DBF
HRWG,10HRWG,0,00,00,40,3,6.61,25,24.44,25.21,13.889710,2.029850,1000.00,cifi0007.DBF
HRWG,10HRWG,0,00,00,40,4,17.53,65,37.13,37.73,13.889710,2.029850,1000.00,cifi0007.DBF
HRWG,10HRWG,0,00,00,40,5,28.82,103,50.17,50.60,13.889710,2.029850,1000.00,cifi0007.DBF
HRWG,10HRWG,0,00,00,40,6,40.50,141,63.57,63.81,13.889710,2.029850,1000.00,cifi0007.DBF
HRWG,10HRWG,0,00,00,40,7,52.58,177,77.33,77.40,13.889710,2.029850,1000.00,cifi0007.DBF
HRWG,10HRWG,0,00,00,40,8,65.08,213,91.49,91.36,13.889710,2.029850,1000.00,cifi0007.DBF
HRWG,10HRWG,0,00,00,40,9,78.03,247,106.06,105.72,13.889710,2.029850,1000.00,cifi0007.DBF
HRWG,10HRWG,0,00,00,40,10,91.44,281,121.03,120.49,13.889710,2.029850,1000.00,cifi0007.DBF
HRWG,10HRWG,0,00,00,40,11,105.27,313,136.39,135.66,13.889710,2.029850,1000.00,cifi0007.DBF
HRWG,10HRWG,0,00,00,40,12,119.53,345,152.13,151.21,13.889710,2.029850,1000.00,cifi0007.DBF
HRWG,10HRWG,0,00,00,40,13,134.21,375,168.22,167.12,13.889710,2.029850,1000.00,cifi0007.DBF
HRWG,10HRWG,0,00,00,40,14,149.30,405,184.67,183.39,13.889710,2.029850,1000.00,cifi0007.DBF
HRWG,10HRWG,0,00,00,40,15,164.79,433,201.46,200.01,13.889710,2.029850,1000.00,cifi0007.DBF
HRWG,10HRWG,0,00,00,40,16,180.69,461,218.59,216.97,13.889710,2.029850,1000.00,cifi0007.DBF
HRWG,10HRWG,0,00,00,40,17,196.97,487,236.03,234.25,13.889710,2.029850,1000.00,cifi0007.DBF
HRWG,10HRWG,0,00,00,40,18,213.63,513,253.78,251.85,13.889710,2.029850,1000.00,cifi0007.DBF
HRWG,10HRWG,0,00,00,40,19,230.65,538,271.82,269.75,13.889710,2.029850,1000.00,cifi0007.DBF
HRWG,10HRWG,0,00,00,40,20,248.02,561,290.12,287.92,13.889710,2.029850,1000.00,cifi0007.DBF
HRWG,10HRWG,0,00,00,40,21,265.70,584,308.66,306.34,13.889710,2.029850,1000.00,cifi0007.DBF
HRWG,10HRWG,0,00,00,40,22,283.67,606,327.40,324.98,13.889710,2.029850,1000.00,cifi0007.DBF
HRWG,10HRWG,0,00,00,40,23,301.90,626,346.32,343.81,13.889710,2.029850,1000.00,cifi0007.DBF
HRWG,10HRWG,0,00,00,40,24,320.37,646,365.39,362.80,13.889710,2.029850,1000.00,cifi0007.DBF
HRWG,10HRWG,0,00,00,40,25,339.06,665,384.60,381.94,13.889710,2.029850,1000.00,cifi0007.DBF
HRWG,10HRWG,0,00,00,40,26,357.97,684,403.94,401.21,13.889710,2.029850,1000.00,cifi0007.DBF
HRWG,10HRWG,0,00,00,40,27,377.12,701,423.43,420.63,13.889710,2.029850,1000.00,cifi0007.DBF
HRWG,10HRWG,0,00,00,40,28,396.52,718,443.07,440.19,13.889710,2.029850,1000.00,cifi0007.DBF
HRWG,10HRWG,0,00,00,40,29,416.17,734,462.87,459.92,13.889710,2.029850,1000.00,cifi0007.DBF
HRWG,10HRWG,0,00,00,40,30,436.05,750,482.80,479.78,13.889710,2.029850,1000.00,cifi0007.DBF
HRWG,10HRWG,0,00,00,40,31,456.10,765,502.80,499.74,13.889710,2.029850,1000.00,cifi0007.DBF
HRWG,10HRWG,0,00,00,40,32,476.24,779,522.80,519.74,13.889710,2.029850,1000.00,cifi0007.DBF
HRWG,10HRWG,0,00,00,40,33,496.38,793,542.71,539.70,13.889710,2.029850,1000.00,cifi0007.DBF
HRWG,10HRWG,0,00,00,40,34,516.45,806,562.46,559.53,13.889710,2.029850,1000.00,cifi0007.DBF
HRWG,10HRWG,0,00,00,40,35,536.40,818,582.02,579.19,13.889710,2.029850,1000.00,cifi0007.DBF
HRWG,10HRWG,0,00,00,40,36,556.21,829,601.35,598.63,13.889710,2.029850,1000.00,cifi0007.DBF
HRWG,10HRWG,0,00,00,40,37,575.88,840,620.48,617.86,13.889710,2.029850,1000.00,cifi0007.DBF
HRWG,10HRWG,0,00,00,40,38,595.45,851,639.43,636.90,13.889710,2.029850,1000.00,cifi0007.DBF
HRWG,10HRWG,0,00,00,40,39,614.93,861,658.20,655.76,13.889710,2.029850,1000.00,cifi0007.DBF
HRWG,10HRWG,0,00,00,40,40,634.28,871,676.78,674.43,13.889710,2.029850,1000.00,cifi0007.DBF
HRWG,10HRWG,0,00,00,40,41,653.46,880,695.10,692.88,13.889710,2.029850,1000.00,cifi0007.DBF
HRWG,10HRWG,0,00,00,40,42,672.38,888,713.11,711.05,13.889710,2.029850,1000.00,cifi0007.DBF
HRWG,10HRWG,0,00,00,40,43,691.06,897,730.82,728.91,13.889710,2.029850,1000.00,cifi0007.DBF
HRWG,10HRWG,0,00,00,40,44,709.25,904,747.99,746.35,13.889710,2.029850,1000.00,cifi0007.DBF
HRWG,10HRWG,0,00,00,40,45,726.85,912,764.55,763.22,13.889710,2.029850,1000.00,cifi0007.DBF
HRWG,10HRWG,0,00,00,40,46,743.75,918,780.39,779.41,13.889710,2.029850,1000.00,cifi0007.DBF
HRWG,10HRWG,0,00,00,40,47,759.82,925,795.39,794.83,13.889710,2.029850,1000.00,cifi0007.DBF
HRWG,10HRWG,0,00,00,40,48,774.97,930,809.47,809.37,13.889710,2.029850,1000.00,cifi0007.DBF
HRWG,10HRWG,0,00,00,40,49,789.10,936,822.56,822.96,13.889710,2.029850,1000.00,cifi0007.DBF
HRWG,10HRWG,0,00,00,40,50,802.27,940,834.70,835.57,13.889710,2.029850,1000.00,cifi0007.DBF
HRWG,10HRWG,0,00,00,40,51,814.59,945,845.98,847.28,13.889710,2.029850,1000.00,cifi0007.DBF
HRWG,10HRWG,0,00,00,40,52,826.28,949,856.60,858.23,13.889710,2.029850,1000.00,cifi0007.DBF
HRWG,10HRWG,0,00,00,40,53,837.72,952,866.89,868.69,13.889710,2.029850,1000.00,cifi0007.DBF
HRWG,10HRWG,0,00,00,40,54,849.39,956,877.24,879.01,13.889710,2.029850,1000.00,cifi0007.DBF
HRWG,10HRWG,0,00,00,40,55,862.09,960,888.32,889.73,13.889710,2.029850,1000.00,cifi0007.DBF
HRWG,10HRWG,0,00,00,40,56,877.08,965,901.16,901.69,13.889710,2.029850,1000.00,cifi0007.DBF
HRWG,10HRWG,0,00,00,40,57,895.22,971,916.38,915.72,13.889710,2.029850,1000.00,cifi0007.DBF
HRWG,10HRWG,0,00,00,40,58,918.70,978,935.62,932.95,13.889710,2.029850,1000.00,cifi0007.DBF
HRWG,10HRWG,0,00,00,40,59,951.29,987,961.74,955.63,13.889710,2.029850,1000.00,cifi0007.DBF
HRWG,10HRWG,0,00,00,40,60,1000.00,1000,1000.00,987.82,13.889710,2.029850,1000.00,cifi0007.DBF
HRWG,10HRWG,0,00,00,41,1,0.00,0,0.00,1.09,2.177660,2.177660,1000.00,cifi0007.DBF
HRWG,10HRWG,0,00,00,41,2,0.00,0,12.50,13.46,14.413560,2.177660,1000.00,cifi0007.DBF
HRWG,10HRWG,0,00,00,41,3,7.25,27,25.35,26.13,14.413560,2.177660,1000.00,cifi0007.DBF
HRWG,10HRWG,0,00,00,41,4,18.65,67,38.54,39.15,14.413560,2.177660,1000.00,cifi0007.DBF
HRWG,10HRWG,0,00,00,41,5,30.45,106,52.10,52.53,14.413560,2.177660,1000.00,cifi0007.DBF
HRWG,10HRWG,0,00,00,41,6,42.66,144,66.03,66.27,14.413560,2.177660,1000.00,cifi0007.DBF
HRWG,10HRWG,0,00,00,41,7,55.29,181,80.36,80.40,14.413560,2.177660,1000.00,cifi0007.DBF
HRWG,10HRWG,0,00,00,41,8,68.38,217,95.10,94.94,14.413560,2.177660,1000.00,cifi0007.DBF
HRWG,10HRWG,0,00,00,41,9,81.92,251,110.25,109.88,14.413560,2.177660,1000.00,cifi0007.DBF
HRWG,10HRWG,0,00,00,41,10,95.91,285,125.80,125.24,14.413560,2.177660,1000.00,cifi0007.DBF
HRWG,10HRWG,0,00,00,41,11,110.31,318,141.73,140.97,14.413560,2.177660,1000.00,cifi0007.DBF
HRWG,10HRWG,0,00,00,41,12,125.14,350,158.01,157.08,14.413560,2.177660,1000.00,cifi0007.DBF
HRWG,10HRWG,0,00,00,41,13,140.39,381,174.66,173.54,14.413560,2.177660,1000.00,cifi0007.DBF
HRWG,10HRWG,0,00,00,41,14,156.05,410,191.66,190.36,14.413560,2.177660,1000.00,cifi0007.DBF
HRWG,10HRWG,0,00,00,41,15,172.11,439,208.99,207.53,14.413560,2.177660,1000.00,cifi0007.DBF
HRWG,10HRWG,0,00,00,41,16,188.56,467,226.64,225.02,14.413560,2.177660,1000.00,cifi0007.DBF
HRWG,10HRWG,0,00,00,41,17,205.39,493,244.61,242.83,14.413560,2.177660,1000.00,cifi0007.DBF
HRWG,10HRWG,0,00,00,41,18,222.60,519,262.86,260.94,14.413560,2.177660,1000.00,cifi0007.DBF
HRWG,10HRWG,0,00,00,41,19,240.14,543,281.39,279.33,14.413560,2.177660,1000.00,cifi0007.DBF
HRWG,10HRWG,0,00,00,41,20,258.01,567,300.15,297.97,14.413560,2.177660,1000.00,cifi0007.DBF
HRWG,10HRWG,0,00,00,41,21,276.17,590,319.11,316.84,14.413560,2.177660,1000.00,cifi0007.DBF
HRWG,10HRWG,0,00,00,41,22,294.59,611,338.26,335.90,14.413560,2.177660,1000.00,cifi0007.DBF
HRWG,10HRWG,0,00,00,41,23,313.25,632,357.56,355.12,14.413560,2.177660,1000.00,cifi0007.DBF
HRWG,10HRWG,0,00,00,41,24,332.14,652,377.00,374.49,14.413560,2.177660,1000.00,cifi0007.DBF
HRWG,10HRWG,0,00,00,41,25,351.25,671,396.58,393.99,14.413560,2.177660,1000.00,cifi0007.DBF
HRWG,10HRWG,0,00,00,41,26,370.60,689,416.30,413.64,14.413560,2.177660,1000.00,cifi0007.DBF
HRWG,10HRWG,0,00,00,41,27,390.20,707,436.18,433.44,14.413560,2.177660,1000.00,cifi0007.DBF
HRWG,10HRWG,0,00,00,41,28,410.06,724,456.21,453.40,14.413560,2.177660,1000.00,cifi0007.DBF
HRWG,10HRWG,0,00,00,41,29,430.15,740,476.38,473.51,14.413560,2.177660,1000.00,cifi0007.DBF
HRWG,10HRWG,0,00,00,41,30,450.41,755,496.63,493.71,14.413560,2.177660,1000.00,cifi0007.DBF
HRWG,10HRWG,0,00,00,41,31,470.76,770,516.86,513.95,14.413560,2.177660,1000.00,cifi0007.DBF
HRWG,10HRWG,0,00,00,41,32,491.11,784,537.02,534.15,14.413560,2.177660,1000.00,cifi0007.DBF
HRWG,10HRWG,0,00,00,41,33,511.39,798,557.01,554.22,14.413560,2.177660,1000.00,cifi0007.DBF
HRWG,10HRWG,0,00,00,41,34,531.55,810,576.80,574.11,14.413560,2.177660,1000.00,cifi0007.DBF
HRWG,10HRWG,0,00,00,41,35,551.56,822,596.37,593.79,14.413560,2.177660,1000.00,cifi0007.DBF
HRWG,10HRWG,0,00,00,41,36,571.44,834,615.73,613.25,14.413560,2.177660,1000.00,cifi0007.DBF
HRWG,10HRWG,0,00,00,41,37,591.22,845,634.90,632.52,14.413560,2.177660,1000.00,cifi0007.DBF
HRWG,10HRWG,0,00,00,41,38,610.90,855,653.90,651.61,14.413560,2.177660,1000.00,cifi0007.DBF
HRWG,10HRWG,0,00,00,41,39,630.45,865,672.70,670.51,14.413560,2.177660,1000.00,cifi0007.DBF
HRWG,10HRWG,0,00,00,41,40,649.83,875,691.25,689.18,14.413560,2.177660,1000.00,cifi0007.DBF
HRWG,10HRWG,0,00,00,41,41,668.95,884,709.47,707.57,14.413560,2.177660,1000.00,cifi0007.DBF
HRWG,10HRWG,0,00,00,41,42,687.82,892,727.40,725.64,14.413560,2.177660,1000.00,cifi0007.DBF
HRWG,10HRWG,0,00,00,41,43,706.20,901,744.78,743.29,14.413560,2.177660,1000.00,cifi0007.DBF
HRWG,10HRWG,0,00,00,41,44,723.99,908,761.54,760.36,14.413560,2.177660,1000.00,cifi0007.DBF
HRWG,10HRWG,0,00,00,41,45,741.07,915,777.56,776.76,14.413560,2.177660,1000.00,cifi0007.DBF
HRWG,10HRWG,0,00,00,41,46,757.31,922,792.75,792.36,14.413560,2.177660,1000.00,cifi0007.DBF
HRWG,10HRWG,0,00,00,41,47,772.61,928,807.00,807.08,14.413560,2.177660,1000.00,cifi0007.DBF
HRWG,10HRWG,0,00,00,41,48,786.89,933,820.24,820.83,14.413560,2.177660,1000.00,cifi0007.DBF
HRWG,10HRWG,0,00,00,41,49,800.20,938,832.53,833.59,14.413560,2.177660,1000.00,cifi0007.DBF
HRWG,10HRWG,0,00,00,41,50,812.64,942,843.95,845.45,14.413560,2.177660,1000.00,cifi0007.DBF
HRWG,10HRWG,0,00,00,41,51,824.46,946,854.71,856.53,14.413560,2.177660,1000.00,cifi0007.DBF
HRWG,10HRWG,0,00,00,41,52,836.02,950,865.12,867.12,14.413560,2.177660,1000.00,cifi0007.DBF
HRWG,10HRWG,0,00,00,41,53,847.81,954,875.60,877.57,14.413560,2.177660,1000.00,cifi0007.DBF
HRWG,10HRWG,0,00,00,41,54,860.65,959,886.83,888.42,14.413560,2.177660,1000.00,cifi0007.DBF
HRWG,10HRWG,0,00,00,41,55,875.79,964,899.83,900.54,14.413560,2.177660,1000.00,cifi0007.DBF
HRWG,10HRWG,0,00,00,41,56,894.12,970,915.25,914.75,14.413560,2.177660,1000.00,cifi0007.DBF
HRWG,10HRWG,0,00,00,41,57,917.85,977,934.74,932.20,14.413560,2.177660,1000.00,cifi0007.DBF
HRWG,10HRWG,0,00,00,41,58,950.78,986,961.22,955.19,14.413560,2.177660,1000.00,cifi0007.DBF
HRWG,10HRWG,0,00,00,41,59,1000.00,1000,1000.00,987.82,14.413560,2.177660,1000.00,cifi0007.DBF
HRWG,10HRWG,0,00,00,42,1,0.00,0,0.00,1.15,2.305750,2.305750,1000.00,cifi0007.DBF
HRWG,10HRWG,0,00,00,42,2,0.00,0,13.01,13.98,14.961950,2.305750,1000.00,cifi0007.DBF
HRWG,10HRWG,0,00,00,42,3,8.01,29,26.37,27.17,14.961950,2.305750,1000.00,cifi0007.DBF
HRWG,10HRWG,0,00,00,42,4,19.94,69,40.09,40.71,14.961950,2.305750,1000.00,cifi0007.DBF
HRWG,10HRWG,0,00,00,42,5,32.27,109,54.20,54.63,14.961950,2.305750,1000.00,cifi0007.DBF
HRWG,10HRWG,0,00,00,42,6,45.05,147,68.71,68.93,14.961950,2.305750,1000.00,cifi0007.DBF
HRWG,10HRWG,0,00,00,42,7,58.27,185,83.63,83.65,14.961950,2.305750,1000.00,cifi0007.DBF
HRWG,10HRWG,0,00,00,42,8,71.97,221,98.97,98.78,14.961950,2.305750,1000.00,cifi0007.DBF
HRWG,10HRWG,0,00,00,42,9,86.10,256,114.72,114.33,14.961950,2.305750,1000.00,cifi0007.DBF
HRWG,10HRWG,0,00,00,42,10,100.67,290,130.84,130.26,14.961950,2.305750,1000.00,cifi0007.DBF
HRWG,10HRWG,0,00,00,42,11,115.65,324,147.33,146.56,14.961950,2.305750,1000.00,cifi0007.DBF
HRWG,10HRWG,0,00,00,42,12,131.06,355,164.18,163.23,14.961950,2.305750,1000.00,cifi0007.DBF
HRWG,10HRWG,0,00,00,42,13,146.89,386,181.39,180.27,14.961950,2.305750,1000.00,cifi0007.DBF
HRWG,10HRWG,0,00,00,42,14,163.13,416,198.94,197.64,14.961950,2.305750,1000.00,cifi0007.DBF
HRWG,10HRWG,0,00,00,42,15,179.76,445,216.81,215.36,14.961950,2.305750,1000.00,cifi0007.DBF
HRWG,10HRWG,0,00,00,42,16,196.78,473,235.00,233.39,14.961950,2.305750,1000.00,cifi0007.DBF
HRWG,10HRWG,0,00,00,42,17,214.17,499,253.49,251.72,14.961950,2.305750,1000.00,cifi0007.DBF
HRWG,10HRWG,0,00,00,42,18,231.90,525,272.24,270.34,14.961950,2.305750,1000.00,cifi0007.DBF
HRWG,10HRWG,0,00,00,42,19,249.97,549,291.24,289.22,14.961950,2.305750,1000.00,cifi0007.DBF
HRWG,10HRWG,0,00,00,42,20,268.32,573,310.44,308.32,14.961950,2.305750,1000.00,cifi0007.DBF
HRWG,10HRWG,0,00,00,42,21,286.94,595,329.83,327.61,14.961950,2.305750,1000.00,cifi0007.DBF
HRWG,10HRWG,0,00,00,42,22,305.80,617,349.37,347.08,14.961950,2.305750,1000.00,cifi0007.DBF
HRWG,10HRWG,0,00,00,42,23,324.89,638,369.05,366.69,14.961950,2.305750,1000.00,cifi0007.DBF
HRWG,10HRWG,0,00,00,42,24,344.21,657,388.87,386.44,14.961950,2.305750,1000.00,cifi0007.DBF
HRWG,10HRWG,0,00,00,42,25,363.77,676,408.83,406.33,14.961950,2.305750,1000.00,cifi0007.DBF
HRWG,10HRWG,0,00,00,42,26,383.59,695,428.96,426.38,14.961950,2.305750,1000.00,cifi0007.DBF
HRWG,10HRWG,0,00,00,42,27,403.66,712,449.25,446.59,14.961950,2.305750,1000.00,cifi0007.DBF
HRWG,10HRWG,0,00,00,42,28,423.97,729,469.67,466.94,14.961950,2.305750,1000.00,cifi0007.DBF
HRWG,10HRWG,0,00,00,42,29,444.45,745,490.17,487.40,14.961950,2.305750,1000.00,cifi0007.DBF
HRWG,10HRWG,0,00,00,42,30,465.02,761,510.65,507.89,14.961950,2.305750,1000.00,cifi0007.DBF
HRWG,10HRWG,0,00,00,42,31,485.59,775,531.06,528.34,14.961950,2.305750,1000.00,cifi0007.DBF
HRWG,10HRWG,0,00,00,42,32,506.09,789,551.30,548.66,14.961950,2.305750,1000.00,cifi0007.DBF
HRWG,10HRWG,0,00,00,42,33,526.47,803,571.34,568.80,14.961950,2.305750,1000.00,cifi0007.DBF
HRWG,10HRWG,0,00,00,42,34,546.70,815,591.15,588.72,14.961950,2.305750,1000.00,cifi0007.DBF
HRWG,10HRWG,0,00,00,42,35,566.80,827,610.75,608.43,14.961950,2.305750,1000.00,cifi0007.DBF
HRWG,10HRWG,0,00,00,42,36,586.78,839,630.16,627.94,14.961950,2.305750,1000.00,cifi0007.DBF
HRWG,10HRWG,0,00,00,42,37,606.68,849,649.40,647.26,14.961950,2.305750,1000.00,cifi0007.DBF
HRWG,10HRWG,0,00,00,42,38,626.45,860,668.44,666.40,14.961950,2.305750,1000.00,cifi0007.DBF
HRWG,10HRWG,0,00,00,42,39,646.03,870,687.22,685.31,14.961950,2.305750,1000.00,cifi0007.DBF
HRWG,10HRWG,0,00,00,42,40,665.36,879,705.67,703.92,14.961950,2.305750,1000.00,cifi0007.DBF
HRWG,10HRWG,0,00,00,42,41,684.44,888,723.81,722.22,14.961950,2.305750,1000.00,cifi0007.DBF
HRWG,10HRWG,0,00,00,42,42,703.02,896,741.41,740.09,14.961950,2.305750,1000.00,cifi0007.DBF
HRWG,10HRWG,0,00,00,42,43,721.00,904,758.38,757.38,14.961950,2.305750,1000.00,cifi0007.DBF
HRWG,10HRWG,0,00,00,42,44,738.26,912,774.61,773.97,14.961950,2.305750,1000.00,cifi0007.DBF
HRWG,10HRWG,0,00,00,42,45,754.68,918,789.98,789.78,14.961950,2.305750,1000.00,cifi0007.DBF
HRWG,10HRWG,0,00,00,42,46,770.14,925,804.41,804.68,14.961950,2.305750,1000.00,cifi0007.DBF
HRWG,10HRWG,0,00,00,42,47,784.58,930,817.82,818.60,14.961950,2.305750,1000.00,cifi0007.DBF
HRWG,10HRWG,0,00,00,42,48,798.03,935,830.26,831.52,14.961950,2.305750,1000.00,cifi0007.DBF
HRWG,10HRWG,0,00,00,42,49,810.61,940,841.83,843.53,14.961950,2.305750,1000.00,cifi0007.DBF
HRWG,10HRWG,0,00,00,42,50,822.55,944,852.72,854.76,14.961950,2.305750,1000.00,cifi0007.DBF
HRWG,10HRWG,0,00,00,42,51,834.24,948,863.27,865.48,14.961950,2.305750,1000.00,cifi0007.DBF
HRWG,10HRWG,0,00,00,42,52,846.16,953,873.88,876.06,14.961950,2.305750,1000.00,cifi0007.DBF
HRWG,10HRWG,0,00,00,42,53,859.14,957,885.26,887.05,14.961950,2.305750,1000.00,cifi0007.DBF
HRWG,10HRWG,0,00,00,42,54,874.44,962,898.44,899.33,14.961950,2.305750,1000.00,cifi0007.DBF
HRWG,10HRWG,0,00,00,42,55,892.97,968,914.06,913.73,14.961950,2.305750,1000.00,cifi0007.DBF
HRWG,10HRWG,0,00,00,42,56,916.96,976,933.83,931.42,14.961950,2.305750,1000.00,cifi0007.DBF
HRWG,10HRWG,0,00,00,42,57,950.25,986,960.67,954.73,14.961950,2.305750,1000.00,cifi0007.DBF
HRWG,10HRWG,0,00,00,42,58,1000.00,1000,1000.00,987.82,14.961950,2.305750,1000.00,cifi0007.DBF
HRWG,10HRWG,0,00,00,43,1,0.00,0,0.00,1.18,2.364880,2.364880,1000.00,cifi0007.DBF
HRWG,10HRWG,0,00,00,43,2,0.00,0,13.53,14.54,15.539940,2.364880,1000.00,cifi0007.DBF
HRWG,10HRWG,0,00,00,43,3,8.90,31,27.44,28.25,15.539940,2.364880,1000.00,cifi0007.DBF
HRWG,10HRWG,0,00,00,43,4,21.37,72,41.73,42.35,15.539940,2.364880,1000.00,cifi0007.DBF
HRWG,10HRWG,0,00,00,43,5,34.29,112,56.42,56.85,15.539940,2.364880,1000.00,cifi0007.DBF
HRWG,10HRWG,0,00,00,43,6,47.66,151,71.54,71.75,15.539940,2.364880,1000.00,cifi0007.DBF
HRWG,10HRWG,0,00,00,43,7,61.51,189,87.08,87.08,15.539940,2.364880,1000.00,cifi0007.DBF
HRWG,10HRWG,0,00,00,43,8,75.81,226,103.03,102.83,15.539940,2.364880,1000.00,cifi0007.DBF
HRWG,10HRWG,0,00,00,43,9,90.53,261,119.36,118.97,15.539940,2.364880,1000.00,cifi0007.DBF
HRWG,10HRWG,0,00,00,43,10,105.69,296,136.06,135.48,15.539940,2.364880,1000.00,cifi0007.DBF
HRWG,10HRWG,0,00,00,43,11,121.28,329,153.14,152.37,15.539940,2.364880,1000.00,cifi0007.DBF
HRWG,10HRWG,0,00,00,43,12,137.28,361,170.57,169.62,15.539940,2.364880,1000.00,cifi0007.DBF
HRWG,10HRWG,0,00,00,43,13,153.70,392,188.35,187.23,15.539940,2.364880,1000.00,cifi0007.DBF
HRWG,10HRWG,0,00,00,43,14,170.52,422,206.45,205.17,15.539940,2.364880,1000.00,cifi0007.DBF
HRWG,10HRWG,0,00,00,43,15,187.73,451,224.88,223.43,15.539940,2.364880,1000.00,cifi0007.DBF
HRWG,10HRWG,0,00,00,43,16,205.32,479,243.60,242.01,15.539940,2.364880,1000.00,cifi0007.DBF
HRWG,10HRWG,0,00,00,43,17,223.25,505,262.60,260.87,15.539940,2.364880,1000.00,cifi0007.DBF
HRWG,10HRWG,0,00,00,43,18,241.52,531,281.84,279.99,15.539940,2.364880,1000.00,cifi0007.DBF
HRWG,10HRWG,0,00,00,43,19,260.08,555,301.29,299.34,15.539940,2.364880,1000.00,cifi0007.DBF
HRWG,10HRWG,0,00,00,43,20,278.91,579,320.93,318.88,15.539940,2.364880,1000.00,cifi0007.DBF
HRWG,10HRWG,0,00,00,43,21,297.98,601,340.73,338.60,15.539940,2.364880,1000.00,cifi0007.DBF
HRWG,10HRWG,0,00,00,43,22,317.29,623,360.66,358.46,15.539940,2.364880,1000.00,cifi0007.DBF
HRWG,10HRWG,0,00,00,43,23,336.83,643,380.74,378.47,15.539940,2.364880,1000.00,cifi0007.DBF
HRWG,10HRWG,0,00,00,43,24,356.61,663,400.97,398.62,15.539940,2.364880,1000.00,cifi0007.DBF
HRWG,10HRWG,0,00,00,43,25,376.65,682,421.36,418.93,15.539940,2.364880,1000.00,cifi0007.DBF
HRWG,10HRWG,0,00,00,43,26,396.94,700,441.91,439.40,15.539940,2.364880,1000.00,cifi0007.DBF
HRWG,10HRWG,0,00,00,43,27,417.48,718,462.59,460.02,15.539940,2.364880,1000.00,cifi0007.DBF
HRWG,10HRWG,0,00,00,43,28,438.19,735,483.35,480.74,15.539940,2.364880,1000.00,cifi0007.DBF
HRWG,10HRWG,0,00,00,43,29,458.99,751,504.11,501.50,15.539940,2.364880,1000.00,cifi0007.DBF
HRWG,10HRWG,0,00,00,43,30,479.80,766,524.78,522.21,15.539940,2.364880,1000.00,cifi0007.DBF
HRWG,10HRWG,0,00,00,43,31,500.53,781,545.29,542.80,15.539940,2.364880,1000.00,cifi0007.DBF
HRWG,10HRWG,0,00,00,43,32,521.13,794,565.58,563.20,15.539940,2.364880,1000.00,cifi0007.DBF
HRWG,10HRWG,0,00,00,43,33,541.59,808,585.65,583.39,15.539940,2.364880,1000.00,cifi0007.DBF
HRWG,10HRWG,0,00,00,43,34,561.92,820,605.51,603.35,15.539940,2.364880,1000.00,cifi0007.DBF
HRWG,10HRWG,0,00,00,43,35,582.13,832,625.17,623.11,15.539940,2.364880,1000.00,cifi0007.DBF
HRWG,10HRWG,0,00,00,43,36,602.25,843,644.66,642.68,15.539940,2.364880,1000.00,cifi0007.DBF
HRWG,10HRWG,0,00,00,43,37,622.24,854,663.94,662.07,15.539940,2.364880,1000.00,cifi0007.DBF
HRWG,10HRWG,0,00,00,43,38,642.05,864,682.96,681.22,15.539940,2.364880,1000.00,cifi0007.DBF
HRWG,10HRWG,0,00,00,43,39,661.59,874,701.66,700.08,15.539940,2.364880,1000.00,cifi0007.DBF
HRWG,10HRWG,0,00,00,43,40,680.88,883,720.04,718.62,15.539940,2.364880,1000.00,cifi0007.DBF
HRWG,10HRWG,0,00,00,43,41,699.67,892,737.86,736.72,15.539940,2.364880,1000.00,cifi0007.DBF
HRWG,10HRWG,0,00,00,43,42,717.85,900,755.05,754.23,15.539940,2.364880,1000.00,cifi0007.DBF
HRWG,10HRWG,0,00,00,43,43,735.31,908,771.49,771.04,15.539940,2.364880,1000.00,cifi0007.DBF
HRWG,10HRWG,0,00,00,43,44,751.91,915,787.07,787.05,15.539940,2.364880,1000.00,cifi0007.DBF
HRWG,10HRWG,0,00,00,43,45,767.55,921,801.68,802.15,15.539940,2.364880,1000.00,cifi0007.DBF
HRWG,10HRWG,0,00,00,43,46,782.15,927,815.27,816.25,15.539940,2.364880,1000.00,cifi0007.DBF
HRWG,10HRWG,0,00,00,43,47,795.76,933,827.88,829.34,15.539940,2.364880,1000.00,cifi0007.DBF
HRWG,10HRWG,0,00,00,43,48,808.48,937,839.59,841.50,15.539940,2.364880,1000.00,cifi0007.DBF
HRWG,10HRWG,0,00,00,43,49,820.56,942,850.63,852.88,15.539940,2.364880,1000.00,cifi0007.DBF
HRWG,10HRWG,0,00,00,43,50,832.37,946,861.32,863.74,15.539940,2.364880,1000.00,cifi0007.DBF
HRWG,10HRWG,0,00,00,43,51,844.43,951,872.08,874.47,15.539940,2.364880,1000.00,cifi0007.DBF
HRWG,10HRWG,0,00,00,43,52,857.55,955,883.61,885.61,15.539940,2.364880,1000.00,cifi0007.DBF
HRWG,10HRWG,0,00,00,43,53,873.03,961,896.97,898.06,15.539940,2.364880,1000.00,cifi0007.DBF
HRWG,10HRWG,0,00,00,43,54,891.77,967,912.81,912.66,15.539940,2.364880,1000.00,cifi0007.DBF
HRWG,10HRWG,0,00,00,43,55,916.02,975,932.86,930.60,15.539940,2.364880,1000.00,cifi0007.DBF
HRWG,10HRWG,0,00,00,43,56,949.69,985,960.09,954.25,15.539940,2.364880,1000.00,cifi0007.DBF
HRWG,10HRWG,0,00,00,43,57,1000.00,1000,1000.00,987.82,15.539940,2.364880,1000.00,cifi0007.DBF
HRWG,10HRWG,0,00,00,44,1,0.00,0,0.00,1.22,2.433850,2.433850,1000.00,cifi0007.DBF
HRWG,10HRWG,0,00,00,44,2,0.00,0,14.09,15.12,16.149450,2.433850,1000.00,cifi0007.DBF
HRWG,10HRWG,0,00,00,44,3,9.84,33,28.57,29.41,16.149450,2.433850,1000.00,cifi0007.DBF
HRWG,10HRWG,0,00,00,44,4,22.91,75,43.47,44.10,16.149450,2.433850,1000.00,cifi0007.DBF
HRWG,10HRWG,0,00,00,44,5,36.44,115,58.79,59.21,16.149450,2.433850,1000.00,cifi0007.DBF
HRWG,10HRWG,0,00,00,44,6,50.45,155,74.54,74.74,16.149450,2.433850,1000.00,cifi0007.DBF
HRWG,10HRWG,0,00,00,44,7,64.91,193,90.71,90.70,16.149450,2.433850,1000.00,cifi0007.DBF
HRWG,10HRWG,0,00,00,44,8,79.81,230,107.26,107.06,16.149450,2.433850,1000.00,cifi0007.DBF
HRWG,10HRWG,0,00,00,44,9,95.15,266,124.19,123.80,16.149450,2.433850,1000.00,cifi0007.DBF
HRWG,10HRWG,0,00,00,44,10,110.92,301,141.49,140.91,16.149450,2.433850,1000.00,cifi0007.DBF
HRWG,10HRWG,0,00,00,44,11,127.11,334,159.16,158.40,16.149450,2.433850,1000.00,cifi0007.DBF
HRWG,10HRWG,0,00,00,44,12,143.73,367,177.18,176.24,16.149450,2.433850,1000.00,cifi0007.DBF
HRWG,10HRWG,0,00,00,44,13,160.74,398,195.53,194.43,16.149450,2.433850,1000.00,cifi0007.DBF
HRWG,10HRWG,0,00,00,44,14,178.15,428,214.20,212.94,16.149450,2.433850,1000.00,cifi0007.DBF
HRWG,10HRWG,0,00,00,44,15,195.95,457,233.18,231.76,16.149450,2.433850,1000.00,cifi0007.DBF
HRWG,10HRWG,0,00,00,44,16,214.10,484,252.43,250.88,16.149450,2.433850,1000.00,cifi0007.DBF
HRWG,10HRWG,0,00,00,44,17,232.58,511,271.94,270.26,16.149450,2.433850,1000.00,cifi0007.DBF
HRWG,10HRWG,0,00,00,44,18,251.36,537,291.65,289.87,16.149450,2.433850,1000.00,cifi0007.DBF
HRWG,10HRWG,0,00,00,44,19,270.41,561,311.55,309.68,16.149450,2.433850,1000.00,cifi0007.DBF
HRWG,10HRWG,0,00,00,44,20,289.71,585,331.62,329.66,16.149450,2.433850,1000.00,cifi0007.DBF
HRWG,10HRWG,0,00,00,44,21,309.24,607,351.82,349.79,16.149450,2.433850,1000.00,cifi0007.DBF
HRWG,10HRWG,0,00,00,44,22,329.01,628,372.17,370.07,16.149450,2.433850,1000.00,cifi0007.DBF
HRWG,10HRWG,0,00,00,44,23,349.02,649,392.67,390.50,16.149450,2.433850,1000.00,cifi0007.DBF
HRWG,10HRWG,0,00,00,44,24,369.30,669,413.34,411.08,16.149450,2.433850,1000.00,cifi0007.DBF
HRWG,10HRWG,0,00,00,44,25,389.84,688,434.16,431.82,16.149450,2.433850,1000.00,cifi0007.DBF
HRWG,10HRWG,0,00,00,44,26,410.61,706,455.13,452.72,16.149450,2.433850,1000.00,cifi0007.DBF
HRWG,10HRWG,0,00,00,44,27,431.57,724,476.17,473.73,16.149450,2.433850,1000.00,cifi0007.DBF
HRWG,10HRWG,0,00,00,44,28,452.61,740,497.21,494.76,16.149450,2.433850,1000.00,cifi0007.DBF
HRWG,10HRWG,0,00,00,44,29,473.66,756,518.16,515.76,16.149450,2.433850,1000.00,cifi0007.DBF
HRWG,10HRWG,0,00,00,44,30,494.64,771,538.94,536.62,16.149450,2.433850,1000.00,cifi0007.DBF
HRWG,10HRWG,0,00,00,44,31,515.49,786,559.51,557.30,16.149450,2.433850,1000.00,cifi0007.DBF
HRWG,10HRWG,0,00,00,44,32,536.19,799,579.85,577.76,16.149450,2.433850,1000.00,cifi0007.DBF
HRWG,10HRWG,0,00,00,44,33,556.75,812,599.98,597.99,16.149450,2.433850,1000.00,cifi0007.DBF
HRWG,10HRWG,0,00,00,44,34,577.20,825,619.91,618.02,16.149450,2.433850,1000.00,cifi0007.DBF
HRWG,10HRWG,0,00,00,44,35,597.56,837,639.66,637.86,16.149450,2.433850,1000.00,cifi0007.DBF
HRWG,10HRWG,0,00,00,44,36,617.79,848,659.20,657.50,16.149450,2.433850,1000.00,cifi0007.DBF
HRWG,10HRWG,0,00,00,44,37,637.83,859,678.48,676.91,16.149450,2.433850,1000.00,cifi0007.DBF
HRWG,10HRWG,0,00,00,44,38,657.60,869,697.43,696.03,16.149450,2.433850,1000.00,cifi0007.DBF
HRWG,10HRWG,0,00,00,44,39,677.12,879,716.05,714.81,16.149450,2.433850,1000.00,cifi0007.DBF
HRWG,10HRWG,0,00,00,44,40,696.13,888,734.12,733.16,16.149450,2.433850,1000.00,cifi0007.DBF
HRWG,10HRWG,0,00,00,44,41,714.53,896,751.55,750.91,16.149450,2.433850,1000.00,cifi0007.DBF
HRWG,10HRWG,0,00,00,44,42,732.19,904,768.21,767.95,16.149450,2.433850,1000.00,cifi0007.DBF
HRWG,10HRWG,0,00,00,44,43,748.99,911,783.99,784.17,16.149450,2.433850,1000.00,cifi0007.DBF
HRWG,10HRWG,0,00,00,44,44,764.81,918,798.81,799.48,16.149450,2.433850,1000.00,cifi0007.DBF
HRWG,10HRWG,0,00,00,44,45,779.58,924,812.58,813.77,16.149450,2.433850,1000.00,cifi0007.DBF
HRWG,10HRWG,0,00,00,44,46,793.35,930,825.36,827.04,16.149450,2.433850,1000.00,cifi0007.DBF
HRWG,10HRWG,0,00,00,44,47,806.22,935,837.23,839.37,16.149450,2.433850,1000.00,cifi0007.DBF
HRWG,10HRWG,0,00,00,44,48,818.44,940,848.42,850.90,16.149450,2.433850,1000.00,cifi0007.DBF
HRWG,10HRWG,0,00,00,44,49,830.40,944,859.26,861.92,16.149450,2.433850,1000.00,cifi0007.DBF
HRWG,10HRWG,0,00,00,44,50,842.59,949,870.17,872.79,16.149450,2.433850,1000.00,cifi0007.DBF
HRWG,10HRWG,0,00,00,44,51,855.87,953,881.86,884.09,16.149450,2.433850,1000.00,cifi0007.DBF
HRWG,10HRWG,0,00,00,44,52,871.53,959,895.42,896.71,16.149450,2.433850,1000.00,cifi0007.DBF
HRWG,10HRWG,0,00,00,44,53,890.49,966,911.49,911.53,16.149450,2.433850,1000.00,cifi0007.DBF
HRWG,10HRWG,0,00,00,44,54,915.03,974,931.84,929.74,16.149450,2.433850,1000.00,cifi0007.DBF
HRWG,10HRWG,0,00,00,44,55,949.10,985,959.48,953.74,16.149450,2.433850,1000.00,cifi0007.DBF
HRWG,10HRWG,0,00,00,44,56,1000.00,1000,1000.00,987.82,16.149450,2.433850,1000.00,cifi0007.DBF
HRWG,10HRWG,0,00,00,45,1,0.00,0,0.00,1.25,2.502830,2.502830,1000.00,cifi0007.DBF
HRWG,10HRWG,0,00,00,45,2,0.00,0,14.69,15.74,16.793090,2.502830,1000.00,cifi0007.DBF
HRWG,10HRWG,0,00,00,45,3,10.86,35,29.79,30.64,16.793090,2.502830,1000.00,cifi0007.DBF
HRWG,10HRWG,0,00,00,45,4,24.55,78,45.33,45.96,16.793090,2.502830,1000.00,cifi0007.DBF
HRWG,10HRWG,0,00,00,45,5,38.74,119,61.30,61.71,16.793090,2.502830,1000.00,cifi0007.DBF
HRWG,10HRWG,0,00,00,45,6,53.38,159,77.69,77.90,16.793090,2.502830,1000.00,cifi0007.DBF
HRWG,10HRWG,0,00,00,45,7,68.46,198,94.48,94.48,16.793090,2.502830,1000.00,cifi0007.DBF
HRWG,10HRWG,0,00,00,45,8,83.99,235,111.65,111.46,16.793090,2.502830,1000.00,cifi0007.DBF
HRWG,10HRWG,0,00,00,45,9,99.95,271,129.19,128.82,16.793090,2.502830,1000.00,cifi0007.DBF
HRWG,10HRWG,0,00,00,45,10,116.35,306,147.11,146.55,16.793090,2.502830,1000.00,cifi0007.DBF
HRWG,10HRWG,0,00,00,45,11,133.16,340,165.38,164.64,16.793090,2.502830,1000.00,cifi0007.DBF
HRWG,10HRWG,0,00,00,45,12,150.39,372,183.99,183.08,16.793090,2.502830,1000.00,cifi0007.DBF
HRWG,10HRWG,0,00,00,45,13,168.01,403,202.93,201.86,16.793090,2.502830,1000.00,cifi0007.DBF
HRWG,10HRWG,0,00,00,45,14,186.03,434,222.17,220.95,16.793090,2.502830,1000.00,cifi0007.DBF
HRWG,10HRWG,0,00,00,45,15,204.40,463,241.70,240.33,16.793090,2.502830,1000.00,cifi0007.DBF
HRWG,10HRWG,0,00,00,45,16,223.11,490,261.47,259.98,16.793090,2.502830,1000.00,cifi0007.DBF
HRWG,10HRWG,0,00,00,45,17,242.12,517,281.47,279.87,16.793090,2.502830,1000.00,cifi0007.DBF
HRWG,10HRWG,0,00,00,45,18,261.41,542,301.65,299.96,16.793090,2.502830,1000.00,cifi0007.DBF
HRWG,10HRWG,0,00,00,45,19,280.95,567,322.00,320.22,16.793090,2.502830,1000.00,cifi0007.DBF
HRWG,10HRWG,0,00,00,45,20,300.72,590,342.49,340.64,16.793090,2.502830,1000.00,cifi0007.DBF
HRWG,10HRWG,0,00,00,45,21,320.73,613,363.12,361.20,16.793090,2.502830,1000.00,cifi0007.DBF
HRWG,10HRWG,0,00,00,45,22,340.99,634,383.91,381.91,16.793090,2.502830,1000.00,cifi0007.DBF
HRWG,10HRWG,0,00,00,45,23,361.52,655,404.87,402.78,16.793090,2.502830,1000.00,cifi0007.DBF
HRWG,10HRWG,0,00,00,45,24,382.31,675,425.99,423.82,16.793090,2.502830,1000.00,cifi0007.DBF
HRWG,10HRWG,0,00,00,45,25,403.34,694,447.25,445.01,16.793090,2.502830,1000.00,cifi0007.DBF
HRWG,10HRWG,0,00,00,45,26,424.56,712,468.59,466.31,16.793090,2.502830,1000.00,cifi0007.DBF
HRWG,10HRWG,0,00,00,45,27,445.86,729,489.92,487.65,16.793090,2.502830,1000.00,cifi0007.DBF
HRWG,10HRWG,0,00,00,45,28,467.17,746,511.16,508.94,16.793090,2.502830,1000.00,cifi0007.DBF
HRWG,10HRWG,0,00,00,45,29,488.41,762,532.24,530.10,16.793090,2.502830,1000.00,cifi0007.DBF
HRWG,10HRWG,0,00,00,45,30,509.51,777,553.10,551.07,16.793090,2.502830,1000.00,cifi0007.DBF
HRWG,10HRWG,0,00,00,45,31,530.47,791,573.73,571.81,16.793090,2.502830,1000.00,cifi0007.DBF
HRWG,10HRWG,0,00,00,45,32,551.28,804,594.13,592.33,16.793090,2.502830,1000.00,cifi0007.DBF
HRWG,10HRWG,0,00,00,45,33,571.99,817,614.35,612.64,16.793090,2.502830,1000.00,cifi0007.DBF
HRWG,10HRWG,0,00,00,45,34,592.60,830,634.38,632.76,16.793090,2.502830,1000.00,cifi0007.DBF
HRWG,10HRWG,0,00,00,45,35,613.07,841,654.19,652.68,16.793090,2.502830,1000.00,cifi0007.DBF
HRWG,10HRWG,0,00,00,45,36,633.36,853,673.75,672.37,16.793090,2.502830,1000.00,cifi0007.DBF
HRWG,10HRWG,0,00,00,45,37,653.37,863,692.96,691.75,16.793090,2.502830,1000.00,cifi0007.DBF
HRWG,10HRWG,0,00,00,45,38,673.14,873,711.85,710.80,16.793090,2.502830,1000.00,cifi0007.DBF
HRWG,10HRWG,0,00,00,45,39,692.38,883,730.17,729.41,16.793090,2.502830,1000.00,cifi0007.DBF
HRWG,10HRWG,0,00,00,45,40,711.01,892,747.84,747.40,16.793090,2.502830,1000.00,cifi0007.DBF
HRWG,10HRWG,0,00,00,45,41,728.89,900,764.74,764.69,16.793090,2.502830,1000.00,cifi0007.DBF
HRWG,10HRWG,0,00,00,45,42,745.89,908,780.75,781.14,16.793090,2.502830,1000.00,cifi0007.DBF
HRWG,10HRWG,0,00,00,45,43,761.91,915,795.77,796.66,16.793090,2.502830,1000.00,cifi0007.DBF
HRWG,10HRWG,0,00,00,45,44,776.86,921,809.74,811.15,16.793090,2.502830,1000.00,cifi0007.DBF
HRWG,10HRWG,0,00,00,45,45,790.80,927,822.70,824.61,16.793090,2.502830,1000.00,cifi0007.DBF
HRWG,10HRWG,0,00,00,45,46,803.83,932,834.74,837.12,16.793090,2.502830,1000.00,cifi0007.DBF
HRWG,10HRWG,0,00,00,45,47,816.20,937,846.09,848.81,16.793090,2.502830,1000.00,cifi0007.DBF
HRWG,10HRWG,0,00,00,45,48,828.30,942,857.09,859.99,16.793090,2.502830,1000.00,cifi0007.DBF
HRWG,10HRWG,0,00,00,45,49,840.65,946,868.16,871.02,16.793090,2.502830,1000.00,cifi0007.DBF
HRWG,10HRWG,0,00,00,45,50,854.10,951,880.02,882.49,16.793090,2.502830,1000.00,cifi0007.DBF
HRWG,10HRWG,0,00,00,45,51,869.95,957,893.78,895.30,16.793090,2.502830,1000.00,cifi0007.DBF
HRWG,10HRWG,0,00,00,45,52,889.14,964,910.10,910.34,16.793090,2.502830,1000.00,cifi0007.DBF
HRWG,10HRWG,0,00,00,45,53,913.98,973,930.76,928.83,16.793090,2.502830,1000.00,cifi0007.DBF
HRWG,10HRWG,0,00,00,45,54,948.47,984,958.84,953.20,16.793090,2.502830,1000.00,cifi0007.DBF
HRWG,10HRWG,0,00,00,45,55,1000.00,1000,1000.00,987.82,16.793090,2.502830,1000.00,cifi0007.DBF
HRWG,10HRWG,0,00,00,46,1,0.00,0,0.00,1.29,2.571800,2.571800,1000.00,cifi0007.DBF
HRWG,10HRWG,0,00,00,46,2,0.00,0,15.33,16.40,17.473720,2.571800,1000.00,cifi0007.DBF
HRWG,10HRWG,0,00,00,46,3,11.95,38,31.09,31.95,17.473720,2.571800,1000.00,cifi0007.DBF
HRWG,10HRWG,0,00,00,46,4,26.32,81,47.30,47.93,17.473720,2.571800,1000.00,cifi0007.DBF
HRWG,10HRWG,0,00,00,46,5,41.15,122,63.93,64.35,17.473720,2.571800,1000.00,cifi0007.DBF
HRWG,10HRWG,0,00,00,46,6,56.43,163,80.96,81.19,17.473720,2.571800,1000.00,cifi0007.DBF
HRWG,10HRWG,0,00,00,46,7,72.15,202,98.38,98.41,17.473720,2.571800,1000.00,cifi0007.DBF
HRWG,10HRWG,0,00,00,46,8,88.32,240,116.19,116.02,17.473720,2.571800,1000.00,cifi0007.DBF
HRWG,10HRWG,0,00,00,46,9,104.93,276,134.37,134.02,17.473720,2.571800,1000.00,cifi0007.DBF
HRWG,10HRWG,0,00,00,46,10,121.96,311,152.91,152.38,17.473720,2.571800,1000.00,cifi0007.DBF
HRWG,10HRWG,0,00,00,46,11,139.41,345,171.79,171.09,17.473720,2.571800,1000.00,cifi0007.DBF
HRWG,10HRWG,0,00,00,46,12,157.27,378,191.00,190.13,17.473720,2.571800,1000.00,cifi0007.DBF
HRWG,10HRWG,0,00,00,46,13,175.51,409,210.53,209.51,17.473720,2.571800,1000.00,cifi0007.DBF
HRWG,10HRWG,0,00,00,46,14,194.12,439,230.34,229.18,17.473720,2.571800,1000.00,cifi0007.DBF
HRWG,10HRWG,0,00,00,46,15,213.07,468,250.41,249.12,17.473720,2.571800,1000.00,cifi0007.DBF
HRWG,10HRWG,0,00,00,46,16,232.33,496,270.70,269.29,17.473720,2.571800,1000.00,cifi0007.DBF
HRWG,10HRWG,0,00,00,46,17,251.87,523,291.18,289.68,17.473720,2.571800,1000.00,cifi0007.DBF
HRWG,10HRWG,0,00,00,46,18,271.66,548,311.82,310.24,17.473720,2.571800,1000.00,cifi0007.DBF
HRWG,10HRWG,0,00,00,46,19,291.68,572,332.61,330.96,17.473720,2.571800,1000.00,cifi0007.DBF
HRWG,10HRWG,0,00,00,46,20,311.96,596,353.55,351.82,17.473720,2.571800,1000.00,cifi0007.DBF
HRWG,10HRWG,0,00,00,46,21,332.48,618,374.65,372.84,17.473720,2.571800,1000.00,cifi0007.DBF
HRWG,10HRWG,0,00,00,46,22,353.27,640,395.91,394.01,17.473720,2.571800,1000.00,cifi0007.DBF
HRWG,10HRWG,0,00,00,46,23,374.33,660,417.34,415.36,17.473720,2.571800,1000.00,cifi0007.DBF
HRWG,10HRWG,0,00,00,46,24,395.63,680,438.91,436.86,17.473720,2.571800,1000.00,cifi0007.DBF
HRWG,10HRWG,0,00,00,46,25,417.12,699,460.57,458.48,17.473720,2.571800,1000.00,cifi0007.DBF
HRWG,10HRWG,0,00,00,46,26,438.70,718,482.21,480.13,17.473720,2.571800,1000.00,cifi0007.DBF
HRWG,10HRWG,0,00,00,46,27,460.29,735,503.77,501.73,17.473720,2.571800,1000.00,cifi0007.DBF
HRWG,10HRWG,0,00,00,46,28,481.80,751,525.15,523.20,17.473720,2.571800,1000.00,cifi0007.DBF
HRWG,10HRWG,0,00,00,46,29,503.17,767,546.32,544.47,17.473720,2.571800,1000.00,cifi0007.DBF
HRWG,10HRWG,0,00,00,46,30,524.40,782,567.25,565.52,17.473720,2.571800,1000.00,cifi0007.DBF
HRWG,10HRWG,0,00,00,46,31,545.49,796,587.96,586.34,17.473720,2.571800,1000.00,cifi0007.DBF
HRWG,10HRWG,0,00,00,46,32,566.46,809,608.47,606.95,17.473720,2.571800,1000.00,cifi0007.DBF
HRWG,10HRWG,0,00,00,46,33,587.33,822,628.79,627.37,17.473720,2.571800,1000.00,cifi0007.DBF
HRWG,10HRWG,0,00,00,46,34,608.07,835,648.90,647.58,17.473720,2.571800,1000.00,cifi0007.DBF
HRWG,10HRWG,0,00,00,46,35,628.62,846,668.74,667.56,17.473720,2.571800,1000.00,cifi0007.DBF
HRWG,10HRWG,0,00,00,46,36,648.90,857,688.23,687.22,17.473720,2.571800,1000.00,cifi0007.DBF
HRWG,10HRWG,0,00,00,46,37,668.91,868,707.40,706.56,17.473720,2.571800,1000.00,cifi0007.DBF
HRWG,10HRWG,0,00,00,46,38,688.41,878,726.00,725.44,17.473720,2.571800,1000.00,cifi0007.DBF
HRWG,10HRWG,0,00,00,46,39,707.27,887,743.92,743.70,17.473720,2.571800,1000.00,cifi0007.DBF
HRWG,10HRWG,0,00,00,46,40,725.39,896,761.07,761.23,17.473720,2.571800,1000.00,cifi0007.DBF
HRWG,10HRWG,0,00,00,46,41,742.61,904,777.31,777.93,17.473720,2.571800,1000.00,cifi0007.DBF
HRWG,10HRWG,0,00,00,46,42,758.84,911,792.56,793.67,17.473720,2.571800,1000.00,cifi0007.DBF
HRWG,10HRWG,0,00,00,46,43,773.98,918,806.73,808.38,17.473720,2.571800,1000.00,cifi0007.DBF
HRWG,10HRWG,0,00,00,46,44,788.10,924,819.88,822.05,17.473720,2.571800,1000.00,cifi0007.DBF
HRWG,10HRWG,0,00,00,46,45,801.30,929,832.11,834.73,17.473720,2.571800,1000.00,cifi0007.DBF
HRWG,10HRWG,0,00,00,46,46,813.83,934,843.63,846.61,17.473720,2.571800,1000.00,cifi0007.DBF
HRWG,10HRWG,0,00,00,46,47,826.09,939,854.79,857.95,17.473720,2.571800,1000.00,cifi0007.DBF
HRWG,10HRWG,0,00,00,46,48,838.59,944,866.03,869.14,17.473720,2.571800,1000.00,cifi0007.DBF
HRWG,10HRWG,0,00,00,46,49,852.21,949,878.08,880.79,17.473720,2.571800,1000.00,cifi0007.DBF
HRWG,10HRWG,0,00,00,46,50,868.27,955,892.05,893.80,17.473720,2.571800,1000.00,cifi0007.DBF
HRWG,10HRWG,0,00,00,46,51,887.71,963,908.63,909.07,17.473720,2.571800,1000.00,cifi0007.DBF
HRWG,10HRWG,0,00,00,46,52,912.87,971,929.62,927.86,17.473720,2.571800,1000.00,cifi0007.DBF
HRWG,10HRWG,0,00,00,46,53,947.80,983,958.16,952.63,17.473720,2.571800,1000.00,cifi0007.DBF
HRWG,10HRWG,0,00,00,46,54,1000.00,1000,1000.00,987.82,17.473720,2.571800,1000.00,cifi0007.DBF
HRWG,10HRWG,0,00,00,47,1,0.00,0,0.00,1.32,2.630920,2.630920,1000.00,cifi0007.DBF
HRWG,10HRWG,0,00,00,47,2,0.00,0,16.00,17.10,18.195040,2.630920,1000.00,cifi0007.DBF
HRWG,10HRWG,0,00,00,47,3,13.13,40,32.46,33.33,18.195040,2.630920,1000.00,cifi0007.DBF
HRWG,10HRWG,0,00,00,47,4,28.16,84,49.35,50.00,18.195040,2.630920,1000.00,cifi0007.DBF
HRWG,10HRWG,0,00,00,47,5,43.65,126,66.64,67.09,18.195040,2.630920,1000.00,cifi0007.DBF
HRWG,10HRWG,0,00,00,47,6,59.59,167,84.33,84.58,18.195040,2.630920,1000.00,cifi0007.DBF
HRWG,10HRWG,0,00,00,47,7,75.97,206,102.41,102.46,18.195040,2.630920,1000.00,cifi0007.DBF
HRWG,10HRWG,0,00,00,47,8,92.81,244,120.87,120.73,18.195040,2.630920,1000.00,cifi0007.DBF
HRWG,10HRWG,0,00,00,47,9,110.07,281,139.69,139.37,18.195040,2.630920,1000.00,cifi0007.DBF
HRWG,10HRWG,0,00,00,47,10,127.76,316,158.86,158.37,18.195040,2.630920,1000.00,cifi0007.DBF
HRWG,10HRWG,0,00,00,47,11,145.85,350,178.37,177.71,18.195040,2.630920,1000.00,cifi0007.DBF
HRWG,10HRWG,0,00,00,47,12,164.35,383,198.20,197.38,18.195040,2.630920,1000.00,cifi0007.DBF
HRWG,10HRWG,0,00,00,47,13,183.21,415,218.31,217.35,18.195040,2.630920,1000.00,cifi0007.DBF
HRWG,10HRWG,0,00,00,47,14,202.42,445,238.69,237.60,18.195040,2.630920,1000.00,cifi0007.DBF
HRWG,10HRWG,0,00,00,47,15,221.93,474,259.29,258.09,18.195040,2.630920,1000.00,cifi0007.DBF
HRWG,10HRWG,0,00,00,47,16,241.73,502,280.08,278.78,18.195040,2.630920,1000.00,cifi0007.DBF
HRWG,10HRWG,0,00,00,47,17,261.79,528,301.04,299.66,18.195040,2.630920,1000.00,cifi0007.DBF
HRWG,10HRWG,0,00,00,47,18,282.09,554,322.15,320.69,18.195040,2.630920,1000.00,cifi0007.DBF
HRWG,10HRWG,0,00,00,47,19,302.64,578,343.41,341.88,18.195040,2.630920,1000.00,cifi0007.DBF
HRWG,10HRWG,0,00,00,47,20,323.44,601,364.83,363.22,18.195040,2.630920,1000.00,cifi0007.DBF
HRWG,10HRWG,0,00,00,47,21,344.51,624,386.42,384.72,18.195040,2.630920,1000.00,cifi0007.DBF
HRWG,10HRWG,0,00,00,47,22,365.85,646,408.18,406.40,18.195040,2.630920,1000.00,cifi0007.DBF
HRWG,10HRWG,0,00,00,47,23,387.45,666,430.08,428.23,18.195040,2.630920,1000.00,cifi0007.DBF
HRWG,10HRWG,0,00,00,47,24,409.23,686,452.07,450.17,18.195040,2.630920,1000.00,cifi0007.DBF
HRWG,10HRWG,0,00,00,47,25,431.10,705,474.04,472.15,18.195040,2.630920,1000.00,cifi0007.DBF
HRWG,10HRWG,0,00,00,47,26,452.98,723,495.93,494.09,18.195040,2.630920,1000.00,cifi0007.DBF
HRWG,10HRWG,0,00,00,47,27,474.78,741,517.65,515.89,18.195040,2.630920,1000.00,cifi0007.DBF
HRWG,10HRWG,0,00,00,47,28,496.44,757,539.14,537.49,18.195040,2.630920,1000.00,cifi0007.DBF
HRWG,10HRWG,0,00,00,47,29,517.96,772,560.39,558.86,18.195040,2.630920,1000.00,cifi0007.DBF
HRWG,10HRWG,0,00,00,47,30,539.33,787,581.41,580.00,18.195040,2.630920,1000.00,cifi0007.DBF
HRWG,10HRWG,0,00,00,47,31,560.59,801,602.24,600.92,18.195040,2.630920,1000.00,cifi0007.DBF
HRWG,10HRWG,0,00,00,47,32,581.74,814,622.87,621.65,18.195040,2.630920,1000.00,cifi0007.DBF
HRWG,10HRWG,0,00,00,47,33,602.76,827,643.29,642.18,18.195040,2.630920,1000.00,cifi0007.DBF
HRWG,10HRWG,0,00,00,47,34,623.59,839,663.43,662.46,18.195040,2.630920,1000.00,cifi0007.DBF
HRWG,10HRWG,0,00,00,47,35,644.14,851,683.23,682.43,18.195040,2.630920,1000.00,cifi0007.DBF
HRWG,10HRWG,0,00,00,47,36,664.43,862,702.69,702.06,18.195040,2.630920,1000.00,cifi0007.DBF
HRWG,10HRWG,0,00,00,47,37,684.19,872,721.57,721.23,18.195040,2.630920,1000.00,cifi0007.DBF
HRWG,10HRWG,0,00,00,47,38,703.31,882,739.77,739.77,18.195040,2.630920,1000.00,cifi0007.DBF
HRWG,10HRWG,0,00,00,47,39,721.67,891,757.18,757.57,18.195040,2.630920,1000.00,cifi0007.DBF
HRWG,10HRWG,0,00,00,47,40,739.12,899,773.68,774.53,18.195040,2.630920,1000.00,cifi0007.DBF
HRWG,10HRWG,0,00,00,47,41,755.57,907,789.16,790.51,18.195040,2.630920,1000.00,cifi0007.DBF
HRWG,10HRWG,0,00,00,47,42,770.92,914,803.55,805.45,18.195040,2.630920,1000.00,cifi0007.DBF
HRWG,10HRWG,0,00,00,47,43,785.23,920,816.90,819.32,18.195040,2.630920,1000.00,cifi0007.DBF
HRWG,10HRWG,0,00,00,47,44,798.61,926,829.32,832.21,18.195040,2.630920,1000.00,cifi0007.DBF
HRWG,10HRWG,0,00,00,47,45,811.30,931,841.02,844.27,18.195040,2.630920,1000.00,cifi0007.DBF
HRWG,10HRWG,0,00,00,47,46,823.73,937,852.35,855.78,18.195040,2.630920,1000.00,cifi0007.DBF
HRWG,10HRWG,0,00,00,47,47,836.40,942,863.77,867.16,18.195040,2.630920,1000.00,cifi0007.DBF
HRWG,10HRWG,0,00,00,47,48,850.21,947,876.01,878.99,18.195040,2.630920,1000.00,cifi0007.DBF
HRWG,10HRWG,0,00,00,47,49,866.48,953,890.21,892.21,18.195040,2.630920,1000.00,cifi0007.DBF
HRWG,10HRWG,0,00,00,47,50,886.19,961,907.07,907.74,18.195040,2.630920,1000.00,cifi0007.DBF
HRWG,10HRWG,0,00,00,47,51,911.69,970,928.41,926.84,18.195040,2.630920,1000.00,cifi0007.DBF
HRWG,10HRWG,0,00,00,47,52,947.10,983,957.44,952.02,18.195040,2.630920,1000.00,cifi0007.DBF
HRWG,10HRWG,0,00,00,47,53,1000.00,1000,1000.00,987.82,18.195040,2.630920,1000.00,cifi0007.DBF
HRWG,10HRWG,0,00,00,48,1,0.00,0,0.00,1.35,2.699900,2.699900,1000.00,cifi0007.DBF
HRWG,10HRWG,0,00,00,48,2,0.00,0,16.72,17.84,18.960180,2.699900,1000.00,cifi0007.DBF
HRWG,10HRWG,0,00,00,48,3,14.34,43,33.88,34.78,18.960180,2.699900,1000.00,cifi0007.DBF
HRWG,10HRWG,0,00,00,48,4,30.04,87,51.45,52.14,18.960180,2.699900,1000.00,cifi0007.DBF
HRWG,10HRWG,0,00,00,48,5,46.21,129,69.42,69.91,18.960180,2.699900,1000.00,cifi0007.DBF
HRWG,10HRWG,0,00,00,48,6,62.83,170,87.79,88.08,18.960180,2.699900,1000.00,cifi0007.DBF
HRWG,10HRWG,0,00,00,48,7,79.90,210,106.54,106.64,18.960180,2.699900,1000.00,cifi0007.DBF
HRWG,10HRWG,0,00,00,48,8,97.41,249,125.67,125.58,18.960180,2.699900,1000.00,cifi0007.DBF
HRWG,10HRWG,0,00,00,48,9,115.35,285,145.15,144.89,18.960180,2.699900,1000.00,cifi0007.DBF
HRWG,10HRWG,0,00,00,48,10,133.70,321,164.97,164.54,18.960180,2.699900,1000.00,cifi0007.DBF
HRWG,10HRWG,0,00,00,48,11,152.46,355,185.11,184.52,18.960180,2.699900,1000.00,cifi0007.DBF
HRWG,10HRWG,0,00,00,48,12,171.59,388,205.55,204.81,18.960180,2.699900,1000.00,cifi0007.DBF
HRWG,10HRWG,0,00,00,48,13,191.07,420,226.25,225.38,18.960180,2.699900,1000.00,cifi0007.DBF
HRWG,10HRWG,0,00,00,48,14,210.86,450,247.18,246.20,18.960180,2.699900,1000.00,cifi0007.DBF
HRWG,10HRWG,0,00,00,48,15,230.95,479,268.31,267.22,18.960180,2.699900,1000.00,cifi0007.DBF
HRWG,10HRWG,0,00,00,48,16,251.29,507,289.61,288.44,18.960180,2.699900,1000.00,cifi0007.DBF
HRWG,10HRWG,0,00,00,48,17,271.88,534,311.05,309.81,18.960180,2.699900,1000.00,cifi0007.DBF
HRWG,10HRWG,0,00,00,48,18,292.72,559,332.65,331.33,18.960180,2.699900,1000.00,cifi0007.DBF
HRWG,10HRWG,0,00,00,48,19,313.81,584,354.41,353.01,18.960180,2.699900,1000.00,cifi0007.DBF
HRWG,10HRWG,0,00,00,48,20,335.18,607,376.35,374.86,18.960180,2.699900,1000.00,cifi0007.DBF
HRWG,10HRWG,0,00,00,48,21,356.83,630,398.46,396.88,18.960180,2.699900,1000.00,cifi0007.DBF
HRWG,10HRWG,0,00,00,48,22,378.73,651,420.71,419.07,18.960180,2.699900,1000.00,cifi0007.DBF
HRWG,10HRWG,0,00,00,48,23,400.82,672,443.05,441.36,18.960180,2.699900,1000.00,cifi0007.DBF
HRWG,10HRWG,0,00,00,48,24,423.01,692,465.38,463.70,18.960180,2.699900,1000.00,cifi0007.DBF
HRWG,10HRWG,0,00,00,48,25,445.20,711,487.62,485.98,18.960180,2.699900,1000.00,cifi0007.DBF
HRWG,10HRWG,0,00,00,48,26,467.31,729,509.68,508.13,18.960180,2.699900,1000.00,cifi0007.DBF
HRWG,10HRWG,0,00,00,48,27,489.28,746,531.51,530.08,18.960180,2.699900,1000.00,cifi0007.DBF
HRWG,10HRWG,0,00,00,48,28,511.10,762,553.11,551.79,18.960180,2.699900,1000.00,cifi0007.DBF
HRWG,10HRWG,0,00,00,48,29,532.78,777,574.47,573.27,18.960180,2.699900,1000.00,cifi0007.DBF
HRWG,10HRWG,0,00,00,48,30,554.34,792,595.63,594.53,18.960180,2.699900,1000.00,cifi0007.DBF
HRWG,10HRWG,0,00,00,48,31,575.79,806,616.59,615.59,18.960180,2.699900,1000.00,cifi0007.DBF
HRWG,10HRWG,0,00,00,48,32,597.11,820,637.34,636.45,18.960180,2.699900,1000.00,cifi0007.DBF
HRWG,10HRWG,0,00,00,48,33,618.24,832,657.81,657.05,18.960180,2.699900,1000.00,cifi0007.DBF
HRWG,10HRWG,0,00,00,48,34,639.08,844,677.92,677.34,18.960180,2.699900,1000.00,cifi0007.DBF
HRWG,10HRWG,0,00,00,48,35,659.66,856,697.69,697.28,18.960180,2.699900,1000.00,cifi0007.DBF
HRWG,10HRWG,0,00,00,48,36,679.70,867,716.87,716.76,18.960180,2.699900,1000.00,cifi0007.DBF
HRWG,10HRWG,0,00,00,48,37,699.09,877,735.37,735.60,18.960180,2.699900,1000.00,cifi0007.DBF
HRWG,10HRWG,0,00,00,48,38,717.71,886,753.06,753.69,18.960180,2.699900,1000.00,cifi0007.DBF
HRWG,10HRWG,0,00,00,48,39,735.41,895,769.82,770.92,18.960180,2.699900,1000.00,cifi0007.DBF
HRWG,10HRWG,0,00,00,48,40,752.09,903,785.55,787.16,18.960180,2.699900,1000.00,cifi0007.DBF
HRWG,10HRWG,0,00,00,48,41,767.66,910,800.17,802.34,18.960180,2.699900,1000.00,cifi0007.DBF
HRWG,10HRWG,0,00,00,48,42,782.17,917,813.74,816.44,18.960180,2.699900,1000.00,cifi0007.DBF
HRWG,10HRWG,0,00,00,48,43,795.74,923,826.36,829.53,18.960180,2.699900,1000.00,cifi0007.DBF
HRWG,10HRWG,0,00,00,48,44,808.62,928,838.25,841.78,18.960180,2.699900,1000.00,cifi0007.DBF
HRWG,10HRWG,0,00,00,48,45,821.22,934,849.77,853.49,18.960180,2.699900,1000.00,cifi0007.DBF
HRWG,10HRWG,0,00,00,48,46,834.08,939,861.38,865.05,18.960180,2.699900,1000.00,cifi0007.DBF
HRWG,10HRWG,0,00,00,48,47,848.08,945,873.83,877.08,18.960180,2.699900,1000.00,cifi0007.DBF
HRWG,10HRWG,0,00,00,48,48,864.58,951,888.27,890.53,18.960180,2.699900,1000.00,cifi0007.DBF
HRWG,10HRWG,0,00,00,48,49,884.57,959,905.41,906.32,18.960180,2.699900,1000.00,cifi0007.DBF
HRWG,10HRWG,0,00,00,48,50,910.43,969,927.13,925.75,18.960180,2.699900,1000.00,cifi0007.DBF
HRWG,10HRWG,0,00,00,48,51,946.34,982,956.67,951.38,18.960180,2.699900,1000.00,cifi0007.DBF
HRWG,10HRWG,0,00,00,48,52,1000.00,1000,1000.00,987.82,18.960180,2.699900,1000.00,cifi0007.DBF
HRWG,10HRWG,0,00,00,49,1,0.00,0,0.00,1.38,2.768880,2.768880,1000.00,cifi0007.DBF
HRWG,10HRWG,0,00,00,49,2,0.00,0,17.44,18.61,19.773150,2.768880,1000.00,cifi0007.DBF
HRWG,10HRWG,0,00,00,49,3,15.55,45,35.31,36.26,19.773150,2.768880,1000.00,cifi0007.DBF
HRWG,10HRWG,0,00,00,49,4,31.96,89,53.58,54.33,19.773150,2.768880,1000.00,cifi0007.DBF
HRWG,10HRWG,0,00,00,49,5,48.83,132,72.25,72.80,19.773150,2.768880,1000.00,cifi0007.DBF
HRWG,10HRWG,0,00,00,49,6,66.16,174,91.32,91.67,19.773150,2.768880,1000.00,cifi0007.DBF
HRWG,10HRWG,0,00,00,49,7,83.93,214,110.77,110.93,19.773150,2.768880,1000.00,cifi0007.DBF
HRWG,10HRWG,0,00,00,49,8,102.13,253,130.57,130.56,19.773150,2.768880,1000.00,cifi0007.DBF
HRWG,10HRWG,0,00,00,49,9,120.76,290,150.73,150.54,19.773150,2.768880,1000.00,cifi0007.DBF
HRWG,10HRWG,0,00,00,49,10,139.79,326,171.21,170.86,19.773150,2.768880,1000.00,cifi0007.DBF
HRWG,10HRWG,0,00,00,49,11,159.21,360,191.99,191.49,19.773150,2.768880,1000.00,cifi0007.DBF
HRWG,10HRWG,0,00,00,49,12,178.98,393,213.04,212.40,19.773150,2.768880,1000.00,cifi0007.DBF
HRWG,10HRWG,0,00,00,49,13,199.07,425,234.32,233.57,19.773150,2.768880,1000.00,cifi0007.DBF
HRWG,10HRWG,0,00,00,49,14,219.46,455,255.80,254.95,19.773150,2.768880,1000.00,cifi0007.DBF
HRWG,10HRWG,0,00,00,49,15,240.10,484,277.45,276.51,19.773150,2.768880,1000.00,cifi0007.DBF
HRWG,10HRWG,0,00,00,49,16,261.00,512,299.26,298.24,19.773150,2.768880,1000.00,cifi0007.DBF
HRWG,10HRWG,0,00,00,49,17,282.15,539,321.22,320.13,19.773150,2.768880,1000.00,cifi0007.DBF
HRWG,10HRWG,0,00,00,49,18,303.56,564,343.35,342.17,19.773150,2.768880,1000.00,cifi0007.DBF
HRWG,10HRWG,0,00,00,49,19,325.25,589,365.65,364.39,19.773150,2.768880,1000.00,cifi0007.DBF
HRWG,10HRWG,0,00,00,49,20,347.22,613,388.13,386.78,19.773150,2.768880,1000.00,cifi0007.DBF
HRWG,10HRWG,0,00,00,49,21,369.45,635,410.76,409.33,19.773150,2.768880,1000.00,cifi0007.DBF
HRWG,10HRWG,0,00,00,49,22,391.87,657,433.47,432.00,19.773150,2.768880,1000.00,cifi0007.DBF
HRWG,10HRWG,0,00,00,49,23,414.38,678,456.17,454.71,19.773150,2.768880,1000.00,cifi0007.DBF
HRWG,10HRWG,0,00,00,49,24,436.91,698,478.78,477.37,19.773150,2.768880,1000.00,cifi0007.DBF
HRWG,10HRWG,0,00,00,49,25,459.35,716,501.22,499.89,19.773150,2.768880,1000.00,cifi0007.DBF
HRWG,10HRWG,0,00,00,49,26,481.65,734,523.42,522.20,19.773150,2.768880,1000.00,cifi0007.DBF
HRWG,10HRWG,0,00,00,49,27,503.79,751,545.37,544.28,19.773150,2.768880,1000.00,cifi0007.DBF
HRWG,10HRWG,0,00,00,49,28,525.80,767,567.09,566.12,19.773150,2.768880,1000.00,cifi0007.DBF
HRWG,10HRWG,0,00,00,49,29,547.68,783,588.60,587.73,19.773150,2.768880,1000.00,cifi0007.DBF
HRWG,10HRWG,0,00,00,49,30,569.46,797,609.92,609.15,19.773150,2.768880,1000.00,cifi0007.DBF
HRWG,10HRWG,0,00,00,49,31,591.09,811,631.01,630.35,19.773150,2.768880,1000.00,cifi0007.DBF
HRWG,10HRWG,0,00,00,49,32,612.53,825,651.83,651.31,19.773150,2.768880,1000.00,cifi0007.DBF
HRWG,10HRWG,0,00,00,49,33,633.68,837,672.27,671.94,19.773150,2.768880,1000.00,cifi0007.DBF
HRWG,10HRWG,0,00,00,49,34,654.57,849,692.38,692.21,19.773150,2.768880,1000.00,cifi0007.DBF
HRWG,10HRWG,0,00,00,49,35,674.91,861,711.88,712.02,19.773150,2.768880,1000.00,cifi0007.DBF
HRWG,10HRWG,0,00,00,49,36,694.59,871,730.69,731.17,19.773150,2.768880,1000.00,cifi0007.DBF
HRWG,10HRWG,0,00,00,49,37,713.49,881,748.68,749.57,19.773150,2.768880,1000.00,cifi0007.DBF
HRWG,10HRWG,0,00,00,49,38,731.46,890,765.72,767.08,19.773150,2.768880,1000.00,cifi0007.DBF
HRWG,10HRWG,0,00,00,49,39,748.39,898,781.71,783.60,19.773150,2.768880,1000.00,cifi0007.DBF
HRWG,10HRWG,0,00,00,49,40,764.19,906,796.58,799.03,19.773150,2.768880,1000.00,cifi0007.DBF
HRWG,10HRWG,0,00,00,49,41,778.92,913,810.38,813.37,19.773150,2.768880,1000.00,cifi0007.DBF
HRWG,10HRWG,0,00,00,49,42,792.69,919,823.21,826.68,19.773150,2.768880,1000.00,cifi0007.DBF
HRWG,10HRWG,0,00,00,49,43,805.76,925,835.31,839.15,19.773150,2.768880,1000.00,cifi0007.DBF
HRWG,10HRWG,0,00,00,49,44,818.55,931,847.02,851.05,19.773150,2.768880,1000.00,cifi0007.DBF
HRWG,10HRWG,0,00,00,49,45,831.60,936,858.83,862.82,19.773150,2.768880,1000.00,cifi0007.DBF
HRWG,10HRWG,0,00,00,49,46,845.81,942,871.50,875.05,19.773150,2.768880,1000.00,cifi0007.DBF
HRWG,10HRWG,0,00,00,49,47,862.56,949,886.20,888.74,19.773150,2.768880,1000.00,cifi0007.DBF
HRWG,10HRWG,0,00,00,49,48,882.84,957,903.65,904.81,19.773150,2.768880,1000.00,cifi0007.DBF
HRWG,10HRWG,0,00,00,49,49,909.10,967,925.77,924.60,19.773150,2.768880,1000.00,cifi0007.DBF
HRWG,10HRWG,0,00,00,49,50,945.54,981,955.86,950.70,19.773150,2.768880,1000.00,cifi0007.DBF
HRWG,10HRWG,0,00,00,49,51,1000.00,1000,1000.00,987.82,19.773150,2.768880,1000.00,cifi0007.DBF
HRWG,10HRWG,0,00,00,50,1,0.00,0,0.00,1.44,2.887120,2.887120,1000.00,cifi0007.DBF
HRWG,10HRWG,0,00,00,50,2,0.08,0,18.18,19.41,20.635940,2.887120,1000.00,cifi0007.DBF
HRWG,10HRWG,0,00,00,50,3,16.75,47,36.77,37.79,20.635940,2.887120,1000.00,cifi0007.DBF
HRWG,10HRWG,0,00,00,50,4,33.88,92,55.77,56.59,20.635940,2.887120,1000.00,cifi0007.DBF
HRWG,10HRWG,0,00,00,50,5,51.48,135,75.17,75.79,20.635940,2.887120,1000.00,cifi0007.DBF
HRWG,10HRWG,0,00,00,50,6,69.53,177,94.96,95.38,20.635940,2.887120,1000.00,cifi0007.DBF
HRWG,10HRWG,0,00,00,50,7,88.02,218,115.11,115.35,20.635940,2.887120,1000.00,cifi0007.DBF
HRWG,10HRWG,0,00,00,50,8,106.94,257,135.61,135.68,20.635940,2.887120,1000.00,cifi0007.DBF
HRWG,10HRWG,0,00,00,50,9,126.28,294,156.46,156.35,20.635940,2.887120,1000.00,cifi0007.DBF
HRWG,10HRWG,0,00,00,50,10,146.00,330,177.60,177.35,20.635940,2.887120,1000.00,cifi0007.DBF
HRWG,10HRWG,0,00,00,50,11,166.08,365,199.02,198.63,20.635940,2.887120,1000.00,cifi0007.DBF
HRWG,10HRWG,0,00,00,50,12,186.49,398,220.67,220.16,20.635940,2.887120,1000.00,cifi0007.DBF
HRWG,10HRWG,0,00,00,50,13,207.19,430,242.53,241.91,20.635940,2.887120,1000.00,cifi0007.DBF
HRWG,10HRWG,0,00,00,50,14,228.16,460,264.56,263.86,20.635940,2.887120,1000.00,cifi0007.DBF
HRWG,10HRWG,0,00,00,50,15,249.39,489,286.75,285.97,20.635940,2.887120,1000.00,cifi0007.DBF
HRWG,10HRWG,0,00,00,50,16,270.87,517,309.09,308.24,20.635940,2.887120,1000.00,cifi0007.DBF
HRWG,10HRWG,0,00,00,50,17,292.62,544,331.60,330.67,20.635940,2.887120,1000.00,cifi0007.DBF
HRWG,10HRWG,0,00,00,50,18,314.65,570,354.30,353.27,20.635940,2.887120,1000.00,cifi0007.DBF
HRWG,10HRWG,0,00,00,50,19,336.97,595,377.17,376.05,20.635940,2.887120,1000.00,cifi0007.DBF
HRWG,10HRWG,0,00,00,50,20,359.54,618,400.20,399.00,20.635940,2.887120,1000.00,cifi0007.DBF
HRWG,10HRWG,0,00,00,50,21,382.31,641,423.30,422.07,20.635940,2.887120,1000.00,cifi0007.DBF
HRWG,10HRWG,0,00,00,50,22,405.18,663,446.40,445.17,20.635940,2.887120,1000.00,cifi0007.DBF
HRWG,10HRWG,0,00,00,50,23,428.06,684,469.41,468.23,20.635940,2.887120,1000.00,cifi0007.DBF
HRWG,10HRWG,0,00,00,50,24,450.85,703,492.23,491.14,20.635940,2.887120,1000.00,cifi0007.DBF
HRWG,10HRWG,0,00,00,50,25,473.50,722,514.82,513.85,20.635940,2.887120,1000.00,cifi0007.DBF
HRWG,10HRWG,0,00,00,50,26,496.00,740,537.16,536.31,20.635940,2.887120,1000.00,cifi0007.DBF
HRWG,10HRWG,0,00,00,50,27,518.35,756,559.26,558.53,20.635940,2.887120,1000.00,cifi0007.DBF
HRWG,10HRWG,0,00,00,50,28,540.57,772,581.15,580.52,20.635940,2.887120,1000.00,cifi0007.DBF
HRWG,10HRWG,0,00,00,50,29,562.69,788,602.84,602.31,20.635940,2.887120,1000.00,cifi0007.DBF
HRWG,10HRWG,0,00,00,50,30,584.67,802,624.30,623.89,20.635940,2.887120,1000.00,cifi0007.DBF
HRWG,10HRWG,0,00,00,50,31,606.44,816,645.48,645.21,20.635940,2.887120,1000.00,cifi0007.DBF
HRWG,10HRWG,0,00,00,50,32,627.93,830,666.28,666.20,20.635940,2.887120,1000.00,cifi0007.DBF
HRWG,10HRWG,0,00,00,50,33,649.14,842,686.74,686.83,20.635940,2.887120,1000.00,cifi0007.DBF
HRWG,10HRWG,0,00,00,50,34,669.80,854,706.59,706.99,20.635940,2.887120,1000.00,cifi0007.DBF
HRWG,10HRWG,0,00,00,50,35,689.79,865,725.72,726.47,20.635940,2.887120,1000.00,cifi0007.DBF
HRWG,10HRWG,0,00,00,50,36,708.99,875,744.03,745.19,20.635940,2.887120,1000.00,cifi0007.DBF
HRWG,10HRWG,0,00,00,50,37,727.24,885,761.37,763.01,20.635940,2.887120,1000.00,cifi0007.DBF
HRWG,10HRWG,0,00,00,50,38,744.44,894,777.64,779.82,20.635940,2.887120,1000.00,cifi0007.DBF
HRWG,10HRWG,0,00,00,50,39,760.48,902,792.77,795.53,20.635940,2.887120,1000.00,cifi0007.DBF
HRWG,10HRWG,0,00,00,50,40,775.44,909,806.82,810.11,20.635940,2.887120,1000.00,cifi0007.DBF
HRWG,10HRWG,0,00,00,50,41,789.43,915,819.87,823.66,20.635940,2.887120,1000.00,cifi0007.DBF
HRWG,10HRWG,0,00,00,50,42,802.71,922,832.18,836.35,20.635940,2.887120,1000.00,cifi0007.DBF
HRWG,10HRWG,0,00,00,50,43,815.70,927,844.11,848.47,20.635940,2.887120,1000.00,cifi0007.DBF
HRWG,10HRWG,0,00,00,50,44,828.95,933,856.13,860.44,20.635940,2.887120,1000.00,cifi0007.DBF
HRWG,10HRWG,0,00,00,50,45,843.39,940,869.04,872.90,20.635940,2.887120,1000.00,cifi0007.DBF
HRWG,10HRWG,0,00,00,50,46,860.40,947,884.01,886.84,20.635940,2.887120,1000.00,cifi0007.DBF
HRWG,10HRWG,0,00,00,50,47,881.00,955,901.79,903.21,20.635940,2.887120,1000.00,cifi0007.DBF
HRWG,10HRWG,0,00,00,50,48,907.67,966,924.33,923.38,20.635940,2.887120,1000.00,cifi0007.DBF
HRWG,10HRWG,0,00,00,50,49,944.69,980,955.00,949.98,20.635940,2.887120,1000.00,cifi0007.DBF
HRWG,10HRWG,0,00,00,50,50,1000.00,1000,1000.00,987.82,20.635940,2.887120,1000.00,cifi0007.DBF
HRWG,10HRWG,0,00,00,51,1,0.00,0,0.00,1.52,3.044780,3.044780,1000.00,cifi0007.DBF
HRWG,10HRWG,0,00,00,51,2,0.54,1,18.93,20.24,21.551290,3.044780,1000.00,cifi0007.DBF
HRWG,10HRWG,0,00,00,51,3,17.95,49,38.28,39.38,21.551290,3.044780,1000.00,cifi0007.DBF
HRWG,10HRWG,0,00,00,51,4,35.84,94,58.04,58.93,21.551290,3.044780,1000.00,cifi0007.DBF
HRWG,10HRWG,0,00,00,51,5,54.19,138,78.18,78.88,21.551290,3.044780,1000.00,cifi0007.DBF
HRWG,10HRWG,0,00,00,51,6,72.99,181,98.70,99.22,21.551290,3.044780,1000.00,cifi0007.DBF
HRWG,10HRWG,0,00,00,51,7,92.22,221,119.58,119.92,21.551290,3.044780,1000.00,cifi0007.DBF
HRWG,10HRWG,0,00,00,51,8,111.87,261,140.80,140.97,21.551290,3.044780,1000.00,cifi0007.DBF
HRWG,10HRWG,0,00,00,51,9,131.92,298,162.33,162.34,21.551290,3.044780,1000.00,cifi0007.DBF
HRWG,10HRWG,0,00,00,51,10,152.33,335,184.14,184.01,21.551290,3.044780,1000.00,cifi0007.DBF
HRWG,10HRWG,0,00,00,51,11,173.07,369,206.19,205.94,21.551290,3.044780,1000.00,cifi0007.DBF
HRWG,10HRWG,0,00,00,51,12,194.12,403,228.44,228.09,21.551290,3.044780,1000.00,cifi0007.DBF
HRWG,10HRWG,0,00,00,51,13,215.44,435,250.88,250.44,21.551290,3.044780,1000.00,cifi0007.DBF
HRWG,10HRWG,0,00,00,51,14,237.01,465,273.47,272.95,21.551290,3.044780,1000.00,cifi0007.DBF
HRWG,10HRWG,0,00,00,51,15,258.85,494,296.22,295.62,21.551290,3.044780,1000.00,cifi0007.DBF
HRWG,10HRWG,0,00,00,51,16,280.95,522,319.15,318.46,21.551290,3.044780,1000.00,cifi0007.DBF
HRWG,10HRWG,0,00,00,51,17,303.35,549,342.25,341.48,21.551290,3.044780,1000.00,cifi0007.DBF
HRWG,10HRWG,0,00,00,51,18,326.03,575,365.54,364.67,21.551290,3.044780,1000.00,cifi0007.DBF
HRWG,10HRWG,0,00,00,51,19,348.98,600,388.99,388.04,21.551290,3.044780,1000.00,cifi0007.DBF
HRWG,10HRWG,0,00,00,51,20,372.13,624,412.52,411.53,21.551290,3.044780,1000.00,cifi0007.DBF
HRWG,10HRWG,0,00,00,51,21,395.38,647,436.04,435.05,21.551290,3.044780,1000.00,cifi0007.DBF
HRWG,10HRWG,0,00,00,51,22,418.63,668,459.47,458.53,21.551290,3.044780,1000.00,cifi0007.DBF
HRWG,10HRWG,0,00,00,51,23,441.80,689,482.71,481.86,21.551290,3.044780,1000.00,cifi0007.DBF
HRWG,10HRWG,0,00,00,51,24,464.82,709,505.71,504.98,21.551290,3.044780,1000.00,cifi0007.DBF
HRWG,10HRWG,0,00,00,51,25,487.69,727,528.45,527.86,21.551290,3.044780,1000.00,cifi0007.DBF
HRWG,10HRWG,0,00,00,51,26,510.40,745,550.96,550.48,21.551290,3.044780,1000.00,cifi0007.DBF
HRWG,10HRWG,0,00,00,51,27,533.00,762,573.24,572.88,21.551290,3.044780,1000.00,cifi0007.DBF
HRWG,10HRWG,0,00,00,51,28,555.48,778,595.33,595.06,21.551290,3.044780,1000.00,cifi0007.DBF
HRWG,10HRWG,0,00,00,51,29,577.82,793,617.18,617.03,21.551290,3.044780,1000.00,cifi0007.DBF
HRWG,10HRWG,0,00,00,51,30,599.96,808,638.75,638.74,21.551290,3.044780,1000.00,cifi0007.DBF
HRWG,10HRWG,0,00,00,51,31,621.79,822,659.93,660.11,21.551290,3.044780,1000.00,cifi0007.DBF
HRWG,10HRWG,0,00,00,51,32,643.36,835,680.76,681.12,21.551290,3.044780,1000.00,cifi0007.DBF
HRWG,10HRWG,0,00,00,51,33,664.36,847,700.97,701.64,21.551290,3.044780,1000.00,cifi0007.DBF
HRWG,10HRWG,0,00,00,51,34,684.68,859,720.46,721.49,21.551290,3.044780,1000.00,cifi0007.DBF
HRWG,10HRWG,0,00,00,51,35,704.19,870,739.09,740.55,21.551290,3.044780,1000.00,cifi0007.DBF
HRWG,10HRWG,0,00,00,51,36,722.74,880,756.75,758.70,21.551290,3.044780,1000.00,cifi0007.DBF
HRWG,10HRWG,0,00,00,51,37,740.22,889,773.32,775.81,21.551290,3.044780,1000.00,cifi0007.DBF
HRWG,10HRWG,0,00,00,51,38,756.54,897,788.73,791.80,21.551290,3.044780,1000.00,cifi0007.DBF
HRWG,10HRWG,0,00,00,51,39,771.74,904,803.03,806.66,21.551290,3.044780,1000.00,cifi0007.DBF
HRWG,10HRWG,0,00,00,51,40,785.96,911,816.33,820.46,21.551290,3.044780,1000.00,cifi0007.DBF
HRWG,10HRWG,0,00,00,51,41,799.46,918,828.87,833.38,21.551290,3.044780,1000.00,cifi0007.DBF
HRWG,10HRWG,0,00,00,51,42,812.66,924,841.02,845.72,21.551290,3.044780,1000.00,cifi0007.DBF
HRWG,10HRWG,0,00,00,51,43,826.13,930,853.27,857.92,21.551290,3.044780,1000.00,cifi0007.DBF
HRWG,10HRWG,0,00,00,51,44,840.80,937,866.42,870.62,21.551290,3.044780,1000.00,cifi0007.DBF
HRWG,10HRWG,0,00,00,51,45,858.10,944,881.68,884.82,21.551290,3.044780,1000.00,cifi0007.DBF
HRWG,10HRWG,0,00,00,51,46,879.04,953,899.81,901.52,21.551290,3.044780,1000.00,cifi0007.DBF
HRWG,10HRWG,0,00,00,51,47,906.15,964,922.80,922.08,21.551290,3.044780,1000.00,cifi0007.DBF
HRWG,10HRWG,0,00,00,51,48,943.78,979,954.08,949.21,21.551290,3.044780,1000.00,cifi0007.DBF
HRWG,10HRWG,0,00,00,51,49,1000.00,1000,1000.00,987.82,21.551290,3.044780,1000.00,cifi0007.DBF
HRWG,10HRWG,0,00,00,52,1,0.00,0,0.00,1.62,3.232000,3.232000,1000.00,cifi0007.DBF
HRWG,10HRWG,0,00,00,52,2,0.98,3,19.72,21.12,22.522840,3.232000,1000.00,cifi0007.DBF
HRWG,10HRWG,0,00,00,52,3,19.18,50,39.85,41.04,22.522840,3.232000,1000.00,cifi0007.DBF
HRWG,10HRWG,0,00,00,52,4,37.85,97,60.38,61.37,22.522840,3.232000,1000.00,cifi0007.DBF
HRWG,10HRWG,0,00,00,52,5,56.97,141,81.29,82.09,22.522840,3.232000,1000.00,cifi0007.DBF
HRWG,10HRWG,0,00,00,52,6,76.53,184,102.56,103.19,22.522840,3.232000,1000.00,cifi0007.DBF
HRWG,10HRWG,0,00,00,52,7,96.53,225,124.19,124.64,22.522840,3.232000,1000.00,cifi0007.DBF
HRWG,10HRWG,0,00,00,52,8,116.92,265,146.13,146.42,22.522840,3.232000,1000.00,cifi0007.DBF
HRWG,10HRWG,0,00,00,52,9,137.69,303,168.35,168.50,22.522840,3.232000,1000.00,cifi0007.DBF
HRWG,10HRWG,0,00,00,52,10,158.79,339,190.81,190.84,22.522840,3.232000,1000.00,cifi0007.DBF
HRWG,10HRWG,0,00,00,52,11,180.20,374,213.49,213.42,22.522840,3.232000,1000.00,cifi0007.DBF
HRWG,10HRWG,0,00,00,52,12,201.88,407,236.36,236.19,22.522840,3.232000,1000.00,cifi0007.DBF
HRWG,10HRWG,0,00,00,52,13,223.83,439,259.38,259.13,22.522840,3.232000,1000.00,cifi0007.DBF
HRWG,10HRWG,0,00,00,52,14,246.04,470,282.56,282.23,22.522840,3.232000,1000.00,cifi0007.DBF
HRWG,10HRWG,0,00,00,52,15,268.53,499,305.92,305.50,22.522840,3.232000,1000.00,cifi0007.DBF
HRWG,10HRWG,0,00,00,52,16,291.31,528,329.47,328.96,22.522840,3.232000,1000.00,cifi0007.DBF
HRWG,10HRWG,0,00,00,52,17,314.39,555,353.20,352.60,22.522840,3.232000,1000.00,cifi0007.DBF
HRWG,10HRWG,0,00,00,52,18,337.74,581,377.09,376.41,22.522840,3.232000,1000.00,cifi0007.DBF
HRWG,10HRWG,0,00,00,52,19,361.28,606,401.07,400.34,22.522840,3.232000,1000.00,cifi0007.DBF
HRWG,10HRWG,0,00,00,52,20,384.93,630,425.04,424.31,22.522840,3.232000,1000.00,cifi0007.DBF
HRWG,10HRWG,0,00,00,52,21,408.58,652,448.91,448.24,22.522840,3.232000,1000.00,cifi0007.DBF
HRWG,10HRWG,0,00,00,52,22,432.15,674,472.59,472.01,22.522840,3.232000,1000.00,cifi0007.DBF
HRWG,10HRWG,0,00,00,52,23,455.58,695,496.03,495.57,22.522840,3.232000,1000.00,cifi0007.DBF
HRWG,10HRWG,0,00,00,52,24,478.84,714,519.21,518.88,22.522840,3.232000,1000.00,cifi0007.DBF
HRWG,10HRWG,0,00,00,52,25,501.94,732,542.14,541.94,22.522840,3.232000,1000.00,cifi0007.DBF
HRWG,10HRWG,0,00,00,52,26,524.93,750,564.85,564.76,22.522840,3.232000,1000.00,cifi0007.DBF
HRWG,10HRWG,0,00,00,52,27,547.80,767,587.36,587.37,22.522840,3.232000,1000.00,cifi0007.DBF
HRWG,10HRWG,0,00,00,52,28,570.53,783,609.63,609.75,22.522840,3.232000,1000.00,cifi0007.DBF
HRWG,10HRWG,0,00,00,52,29,593.04,798,631.60,631.87,22.522840,3.232000,1000.00,cifi0007.DBF
HRWG,10HRWG,0,00,00,52,30,615.26,813,653.19,653.65,22.522840,3.232000,1000.00,cifi0007.DBF
HRWG,10HRWG,0,00,00,52,31,637.20,827,674.42,675.06,22.522840,3.232000,1000.00,cifi0007.DBF
HRWG,10HRWG,0,00,00,52,32,658.56,840,695.01,695.98,22.522840,3.232000,1000.00,cifi0007.DBF
HRWG,10HRWG,0,00,00,52,33,679.23,852,714.86,716.20,22.522840,3.232000,1000.00,cifi0007.DBF
HRWG,10HRWG,0,00,00,52,34,699.08,863,733.86,735.62,22.522840,3.232000,1000.00,cifi0007.DBF
HRWG,10HRWG,0,00,00,52,35,717.95,874,751.85,754.11,22.522840,3.232000,1000.00,cifi0007.DBF
HRWG,10HRWG,0,00,00,52,36,735.73,883,768.74,771.56,22.522840,3.232000,1000.00,cifi0007.DBF
HRWG,10HRWG,0,00,00,52,37,752.33,892,784.44,787.85,22.522840,3.232000,1000.00,cifi0007.DBF
HRWG,10HRWG,0,00,00,52,38,767.80,900,799.02,802.99,22.522840,3.232000,1000.00,cifi0007.DBF
HRWG,10HRWG,0,00,00,52,39,782.26,907,812.57,817.06,22.522840,3.232000,1000.00,cifi0007.DBF
HRWG,10HRWG,0,00,00,52,40,795.99,914,825.35,830.22,22.522840,3.232000,1000.00,cifi0007.DBF
HRWG,10HRWG,0,00,00,52,41,809.42,920,837.74,842.81,22.522840,3.232000,1000.00,cifi0007.DBF
HRWG,10HRWG,0,00,00,52,42,823.13,927,850.23,855.25,22.522840,3.232000,1000.00,cifi0007.DBF
HRWG,10HRWG,0,00,00,52,43,838.05,934,863.64,868.20,22.522840,3.232000,1000.00,cifi0007.DBF
HRWG,10HRWG,0,00,00,52,44,855.65,942,879.21,882.69,22.522840,3.232000,1000.00,cifi0007.DBF
HRWG,10HRWG,0,00,00,52,45,876.95,951,897.71,899.72,22.522840,3.232000,1000.00,cifi0007.DBF
HRWG,10HRWG,0,00,00,52,46,904.52,963,921.17,920.70,22.522840,3.232000,1000.00,cifi0007.DBF
HRWG,10HRWG,0,00,00,52,47,942.80,978,953.11,948.40,22.522840,3.232000,1000.00,cifi0007.DBF
HRWG,10HRWG,0,00,00,52,48,1000.00,1000,1000.00,987.82,22.522840,3.232000,1000.00,cifi0007.DBF
HRWG,10HRWG,0,00,00,53,1,0.00,0,0.00,1.72,3.448780,3.448780,1000.00,cifi0007.DBF
HRWG,10HRWG,0,00,00,53,2,1.43,4,20.53,22.04,23.554690,3.448780,1000.00,cifi0007.DBF
HRWG,10HRWG,0,00,00,53,3,20.43,52,41.47,42.78,23.554690,3.448780,1000.00,cifi0007.DBF
HRWG,10HRWG,0,00,00,53,4,39.90,99,62.79,63.91,23.554690,3.448780,1000.00,cifi0007.DBF
HRWG,10HRWG,0,00,00,53,5,59.82,144,84.49,85.42,23.554690,3.448780,1000.00,cifi0007.DBF
HRWG,10HRWG,0,00,00,53,6,80.17,187,106.54,107.29,23.554690,3.448780,1000.00,cifi0007.DBF
HRWG,10HRWG,0,00,00,53,7,100.93,228,128.92,129.51,23.554690,3.448780,1000.00,cifi0007.DBF
HRWG,10HRWG,0,00,00,53,8,122.08,268,151.58,152.03,23.554690,3.448780,1000.00,cifi0007.DBF
HRWG,10HRWG,0,00,00,53,9,143.56,306,174.49,174.81,23.554690,3.448780,1000.00,cifi0007.DBF
HRWG,10HRWG,0,00,00,53,10,165.36,343,197.62,197.83,23.554690,3.448780,1000.00,cifi0007.DBF
HRWG,10HRWG,0,00,00,53,11,187.44,378,220.93,221.05,23.554690,3.448780,1000.00,cifi0007.DBF
HRWG,10HRWG,0,00,00,53,12,209.78,412,244.41,244.45,23.554690,3.448780,1000.00,cifi0007.DBF
HRWG,10HRWG,0,00,00,53,13,232.39,444,268.06,268.01,23.554690,3.448780,1000.00,cifi0007.DBF
HRWG,10HRWG,0,00,00,53,14,255.29,475,291.88,291.74,23.554690,3.448780,1000.00,cifi0007.DBF
HRWG,10HRWG,0,00,00,53,15,278.48,504,315.89,315.66,23.554690,3.448780,1000.00,cifi0007.DBF
HRWG,10HRWG,0,00,00,53,16,301.98,533,340.09,339.77,23.554690,3.448780,1000.00,cifi0007.DBF
HRWG,10HRWG,0,00,00,53,17,325.75,560,364.46,364.05,23.554690,3.448780,1000.00,cifi0007.DBF
HRWG,10HRWG,0,00,00,53,18,349.72,586,388.91,388.46,23.554690,3.448780,1000.00,cifi0007.DBF
HRWG,10HRWG,0,00,00,53,19,373.80,611,413.35,412.91,23.554690,3.448780,1000.00,cifi0007.DBF
HRWG,10HRWG,0,00,00,53,20,397.88,635,437.70,437.30,23.554690,3.448780,1000.00,cifi0007.DBF
HRWG,10HRWG,0,00,00,53,21,421.87,658,461.85,461.55,23.554690,3.448780,1000.00,cifi0007.DBF
HRWG,10HRWG,0,00,00,53,22,445.72,679,485.75,485.58,23.554690,3.448780,1000.00,cifi0007.DBF
HRWG,10HRWG,0,00,00,53,23,469.40,700,509.39,509.35,23.554690,3.448780,1000.00,cifi0007.DBF
HRWG,10HRWG,0,00,00,53,24,492.93,719,532.78,532.86,23.554690,3.448780,1000.00,cifi0007.DBF
HRWG,10HRWG,0,00,00,53,25,516.33,738,555.94,556.13,23.554690,3.448780,1000.00,cifi0007.DBF
HRWG,10HRWG,0,00,00,53,26,539.61,756,578.89,579.19,23.554690,3.448780,1000.00,cifi0007.DBF
HRWG,10HRWG,0,00,00,53,27,562.75,772,601.60,602.02,23.554690,3.448780,1000.00,cifi0007.DBF
HRWG,10HRWG,0,00,00,53,28,585.68,788,624.01,624.58,23.554690,3.448780,1000.00,cifi0007.DBF
HRWG,10HRWG,0,00,00,53,29,608.29,804,646.03,646.79,23.554690,3.448780,1000.00,cifi0007.DBF
HRWG,10HRWG,0,00,00,53,30,630.63,818,667.68,668.63,23.554690,3.448780,1000.00,cifi0007.DBF
HRWG,10HRWG,0,00,00,53,31,652.38,832,688.68,689.95,23.554690,3.448780,1000.00,cifi0007.DBF
HRWG,10HRWG,0,00,00,53,32,673.42,845,708.93,710.58,23.554690,3.448780,1000.00,cifi0007.DBF
HRWG,10HRWG,0,00,00,53,33,693.63,857,728.29,730.39,23.554690,3.448780,1000.00,cifi0007.DBF
HRWG,10HRWG,0,00,00,53,34,712.85,867,746.65,749.25,23.554690,3.448780,1000.00,cifi0007.DBF
HRWG,10HRWG,0,00,00,53,35,730.95,877,763.87,767.04,23.554690,3.448780,1000.00,cifi0007.DBF
HRWG,10HRWG,0,00,00,53,36,747.85,887,779.89,783.66,23.554690,3.448780,1000.00,cifi0007.DBF
HRWG,10HRWG,0,00,00,53,37,763.59,895,794.75,799.10,23.554690,3.448780,1000.00,cifi0007.DBF
HRWG,10HRWG,0,00,00,53,38,778.32,903,808.58,813.44,23.554690,3.448780,1000.00,cifi0007.DBF
HRWG,10HRWG,0,00,00,53,39,792.30,910,821.62,826.88,23.554690,3.448780,1000.00,cifi0007.DBF
HRWG,10HRWG,0,00,00,53,40,805.97,916,834.26,839.72,23.554690,3.448780,1000.00,cifi0007.DBF
HRWG,10HRWG,0,00,00,53,41,819.93,923,847.00,852.41,23.554690,3.448780,1000.00,cifi0007.DBF
HRWG,10HRWG,0,00,00,53,42,835.12,930,860.69,865.62,23.554690,3.448780,1000.00,cifi0007.DBF
HRWG,10HRWG,0,00,00,53,43,853.03,939,876.58,880.41,23.554690,3.448780,1000.00,cifi0007.DBF
HRWG,10HRWG,0,00,00,53,44,874.72,948,895.47,897.81,23.554690,3.448780,1000.00,cifi0007.DBF
HRWG,10HRWG,0,00,00,53,45,902.80,961,919.44,919.23,23.554690,3.448780,1000.00,cifi0007.DBF
HRWG,10HRWG,0,00,00,53,46,941.77,977,952.08,947.54,23.554690,3.448780,1000.00,cifi0007.DBF
HRWG,10HRWG,0,00,00,53,47,1000.00,1000,1000.00,987.82,23.554690,3.448780,1000.00,cifi0007.DBF
HRWG,10HRWG,0,00,00,54,1,0.00,0,0.00,1.85,3.695120,3.695120,1000.00,cifi0007.DBF
HRWG,10HRWG,0,00,00,54,2,1.86,5,21.37,23.01,24.651490,3.695120,1000.00,cifi0007.DBF
HRWG,10HRWG,0,00,00,54,3,21.69,54,43.13,44.58,24.651490,3.695120,1000.00,cifi0007.DBF
HRWG,10HRWG,0,00,00,54,4,41.99,101,65.28,66.53,24.651490,3.695120,1000.00,cifi0007.DBF
HRWG,10HRWG,0,00,00,54,5,62.73,146,87.79,88.86,24.651490,3.695120,1000.00,cifi0007.DBF
HRWG,10HRWG,0,00,00,54,6,83.89,190,110.62,111.53,24.651490,3.695120,1000.00,cifi0007.DBF
HRWG,10HRWG,0,00,00,54,7,105.43,232,133.75,134.51,24.651490,3.695120,1000.00,cifi0007.DBF
HRWG,10HRWG,0,00,00,54,8,127.32,272,157.14,157.77,24.651490,3.695120,1000.00,cifi0007.DBF
HRWG,10HRWG,0,00,00,54,9,149.53,310,180.74,181.27,24.651490,3.695120,1000.00,cifi0007.DBF
HRWG,10HRWG,0,00,00,54,10,172.03,347,204.54,204.97,24.651490,3.695120,1000.00,cifi0007.DBF
HRWG,10HRWG,0,00,00,54,11,194.79,382,228.50,228.85,24.651490,3.695120,1000.00,cifi0007.DBF
HRWG,10HRWG,0,00,00,54,12,217.84,416,252.64,252.89,24.651490,3.695120,1000.00,cifi0007.DBF
HRWG,10HRWG,0,00,00,54,13,241.17,448,276.95,277.12,24.651490,3.695120,1000.00,cifi0007.DBF
HRWG,10HRWG,0,00,00,54,14,264.80,480,301.46,301.53,24.651490,3.695120,1000.00,cifi0007.DBF
HRWG,10HRWG,0,00,00,54,15,288.74,509,326.16,326.14,24.651490,3.695120,1000.00,cifi0007.DBF
HRWG,10HRWG,0,00,00,54,16,312.96,538,351.03,350.92,24.651490,3.695120,1000.00,cifi0007.DBF
HRWG,10HRWG,0,00,00,54,17,337.39,566,375.99,375.83,24.651490,3.695120,1000.00,cifi0007.DBF
HRWG,10HRWG,0,00,00,54,18,361.92,592,400.93,400.79,24.651490,3.695120,1000.00,cifi0007.DBF
HRWG,10HRWG,0,00,00,54,19,386.46,617,425.78,425.68,24.651490,3.695120,1000.00,cifi0007.DBF
HRWG,10HRWG,0,00,00,54,20,410.91,641,450.43,450.43,24.651490,3.695120,1000.00,cifi0007.DBF
HRWG,10HRWG,0,00,00,54,21,435.21,663,474.83,474.96,24.651490,3.695120,1000.00,cifi0007.DBF
HRWG,10HRWG,0,00,00,54,22,459.34,685,498.95,499.22,24.651490,3.695120,1000.00,cifi0007.DBF
HRWG,10HRWG,0,00,00,54,23,483.31,705,522.82,523.21,24.651490,3.695120,1000.00,cifi0007.DBF
HRWG,10HRWG,0,00,00,54,24,507.16,725,546.46,546.97,24.651490,3.695120,1000.00,cifi0007.DBF
HRWG,10HRWG,0,00,00,54,25,530.88,743,569.89,570.50,24.651490,3.695120,1000.00,cifi0007.DBF
HRWG,10HRWG,0,00,00,54,26,554.46,761,593.07,593.81,24.651490,3.695120,1000.00,cifi0007.DBF
HRWG,10HRWG,0,00,00,54,27,577.82,778,615.94,616.83,24.651490,3.695120,1000.00,cifi0007.DBF
HRWG,10HRWG,0,00,00,54,28,600.87,794,638.41,639.50,24.651490,3.695120,1000.00,cifi0007.DBF
HRWG,10HRWG,0,00,00,54,29,623.63,809,660.51,661.79,24.651490,3.695120,1000.00,cifi0007.DBF
HRWG,10HRWG,0,00,00,54,30,645.79,823,681.95,683.55,24.651490,3.695120,1000.00,cifi0007.DBF
HRWG,10HRWG,0,00,00,54,31,667.23,837,702.61,704.61,24.651490,3.695120,1000.00,cifi0007.DBF
HRWG,10HRWG,0,00,00,54,32,687.82,849,722.38,724.82,24.651490,3.695120,1000.00,cifi0007.DBF
HRWG,10HRWG,0,00,00,54,33,707.40,861,741.11,744.07,24.651490,3.695120,1000.00,cifi0007.DBF
HRWG,10HRWG,0,00,00,54,34,725.85,871,758.70,762.23,24.651490,3.695120,1000.00,cifi0007.DBF
HRWG,10HRWG,0,00,00,54,35,743.06,881,775.05,779.20,24.651490,3.695120,1000.00,cifi0007.DBF
HRWG,10HRWG,0,00,00,54,36,759.11,890,790.22,794.96,24.651490,3.695120,1000.00,cifi0007.DBF
HRWG,10HRWG,0,00,00,54,37,774.12,898,804.34,809.61,24.651490,3.695120,1000.00,cifi0007.DBF
HRWG,10HRWG,0,00,00,54,38,788.36,905,817.65,823.32,24.651490,3.695120,1000.00,cifi0007.DBF
HRWG,10HRWG,0,00,00,54,39,802.30,912,830.56,836.43,24.651490,3.695120,1000.00,cifi0007.DBF
HRWG,10HRWG,0,00,00,54,40,816.51,919,843.57,849.39,24.651490,3.695120,1000.00,cifi0007.DBF
HRWG,10HRWG,0,00,00,54,41,831.99,927,857.56,862.89,24.651490,3.695120,1000.00,cifi0007.DBF
HRWG,10HRWG,0,00,00,54,42,850.25,936,873.79,878.00,24.651490,3.695120,1000.00,cifi0007.DBF
HRWG,10HRWG,0,00,00,54,43,872.35,946,893.10,895.77,24.651490,3.695120,1000.00,cifi0007.DBF
HRWG,10HRWG,0,00,00,54,44,900.95,959,917.60,917.68,24.651490,3.695120,1000.00,cifi0007.DBF
HRWG,10HRWG,0,00,00,54,45,940.66,976,950.98,946.62,24.651490,3.695120,1000.00,cifi0007.DBF
HRWG,10HRWG,0,00,00,54,46,1000.00,1000,1000.00,987.82,24.651490,3.695120,1000.00,cifi0007.DBF
HRWG,10HRWG,0,00,00,55,1,0.00,0,0.00,2.00,3.990730,3.990730,1000.00,cifi0007.DBF
HRWG,10HRWG,0,00,00,55,2,2.26,6,22.23,24.03,25.817440,3.990730,1000.00,cifi0007.DBF
HRWG,10HRWG,0,00,00,55,3,22.96,55,44.86,46.45,25.817440,3.990730,1000.00,cifi0007.DBF
HRWG,10HRWG,0,00,00,55,4,44.12,103,67.85,69.26,25.817440,3.990730,1000.00,cifi0007.DBF
HRWG,10HRWG,0,00,00,55,5,65.69,149,91.18,92.42,25.817440,3.990730,1000.00,cifi0007.DBF
HRWG,10HRWG,0,00,00,55,6,87.66,193,114.80,115.90,25.817440,3.990730,1000.00,cifi0007.DBF
HRWG,10HRWG,0,00,00,55,7,109.99,235,138.69,139.66,25.817440,3.990730,1000.00,cifi0007.DBF
HRWG,10HRWG,0,00,00,55,8,132.64,275,162.80,163.66,25.817440,3.990730,1000.00,cifi0007.DBF
HRWG,10HRWG,0,00,00,55,9,155.58,314,187.11,187.87,25.817440,3.990730,1000.00,cifi0007.DBF
HRWG,10HRWG,0,00,00,55,10,178.80,351,211.59,212.26,25.817440,3.990730,1000.00,cifi0007.DBF
HRWG,10HRWG,0,00,00,55,11,202.30,386,236.24,236.82,25.817440,3.990730,1000.00,cifi0007.DBF
HRWG,10HRWG,0,00,00,55,12,226.10,420,261.08,261.57,25.817440,3.990730,1000.00,cifi0007.DBF
HRWG,10HRWG,0,00,00,55,13,250.20,453,286.12,286.51,25.817440,3.990730,1000.00,cifi0007.DBF
HRWG,10HRWG,0,00,00,55,14,274.62,485,311.35,311.64,25.817440,3.990730,1000.00,cifi0007.DBF
HRWG,10HRWG,0,00,00,55,15,299.32,515,336.75,336.96,25.817440,3.990730,1000.00,cifi0007.DBF
HRWG,10HRWG,0,00,00,55,16,324.23,544,362.25,362.41,25.817440,3.990730,1000.00,cifi0007.DBF
HRWG,10HRWG,0,00,00,55,17,349.25,571,387.73,387.90,25.817440,3.990730,1000.00,cifi0007.DBF
HRWG,10HRWG,0,00,00,55,18,374.28,598,413.11,413.33,25.817440,3.990730,1000.00,cifi0007.DBF
HRWG,10HRWG,0,00,00,55,19,399.21,623,438.29,438.61,25.817440,3.990730,1000.00,cifi0007.DBF
HRWG,10HRWG,0,00,00,55,20,424.00,646,463.22,463.66,25.817440,3.990730,1000.00,cifi0007.DBF
HRWG,10HRWG,0,00,00,55,21,448.60,669,487.86,488.45,25.817440,3.990730,1000.00,cifi0007.DBF
HRWG,10HRWG,0,00,00,55,22,473.05,690,512.24,512.96,25.817440,3.990730,1000.00,cifi0007.DBF
HRWG,10HRWG,0,00,00,55,23,497.37,711,536.39,537.23,25.817440,3.990730,1000.00,cifi0007.DBF
HRWG,10HRWG,0,00,00,55,24,521.57,730,560.32,561.27,25.817440,3.990730,1000.00,cifi0007.DBF
HRWG,10HRWG,0,00,00,55,25,545.61,749,584.00,585.07,25.817440,3.990730,1000.00,cifi0007.DBF
HRWG,10HRWG,0,00,00,55,26,569.44,767,607.36,608.59,25.817440,3.990730,1000.00,cifi0007.DBF
HRWG,10HRWG,0,00,00,55,27,592.94,783,630.32,631.75,25.817440,3.990730,1000.00,cifi0007.DBF
HRWG,10HRWG,0,00,00,55,28,616.15,799,652.89,654.52,25.817440,3.990730,1000.00,cifi0007.DBF
HRWG,10HRWG,0,00,00,55,29,638.75,814,674.79,676.75,25.817440,3.990730,1000.00,cifi0007.DBF
HRWG,10HRWG,0,00,00,55,30,660.62,829,695.90,698.26,25.817440,3.990730,1000.00,cifi0007.DBF
HRWG,10HRWG,0,00,00,55,31,681.62,842,716.10,718.91,25.817440,3.990730,1000.00,cifi0007.DBF
HRWG,10HRWG,0,00,00,55,32,701.59,854,735.23,738.57,25.817440,3.990730,1000.00,cifi0007.DBF
HRWG,10HRWG,0,00,00,55,33,720.40,865,753.20,757.12,25.817440,3.990730,1000.00,cifi0007.DBF
HRWG,10HRWG,0,00,00,55,34,737.96,875,769.90,774.46,25.817440,3.990730,1000.00,cifi0007.DBF
HRWG,10HRWG,0,00,00,55,35,754.33,884,785.40,790.56,25.817440,3.990730,1000.00,cifi0007.DBF
HRWG,10HRWG,0,00,00,55,36,769.63,892,799.83,805.52,25.817440,3.990730,1000.00,cifi0007.DBF
HRWG,10HRWG,0,00,00,55,37,784.16,900,813.43,819.53,25.817440,3.990730,1000.00,cifi0007.DBF
HRWG,10HRWG,0,00,00,55,38,798.37,908,826.62,832.93,25.817440,3.990730,1000.00,cifi0007.DBF
HRWG,10HRWG,0,00,00,55,39,812.87,915,839.93,846.18,25.817440,3.990730,1000.00,cifi0007.DBF
HRWG,10HRWG,0,00,00,55,40,828.66,923,854.22,859.98,25.817440,3.990730,1000.00,cifi0007.DBF
HRWG,10HRWG,0,00,00,55,41,847.27,932,870.83,875.43,25.817440,3.990730,1000.00,cifi0007.DBF
HRWG,10HRWG,0,00,00,55,42,869.81,943,890.58,893.61,25.817440,3.990730,1000.00,cifi0007.DBF
HRWG,10HRWG,0,00,00,55,43,898.98,957,915.65,916.02,25.817440,3.990730,1000.00,cifi0007.DBF
HRWG,10HRWG,0,00,00,55,44,939.49,975,949.81,945.64,25.817440,3.990730,1000.00,cifi0007.DBF
HRWG,10HRWG,0,00,00,55,45,1000.00,1000,1000.00,987.82,25.817440,3.990730,1000.00,cifi0007.DBF
HRWG,10HRWG,0,00,00,56,1,0.00,0,0.00,2.16,4.325750,4.325750,1000.00,cifi0007.DBF
HRWG,10HRWG,0,00,00,56,2,2.65,6,23.13,25.09,27.057870,4.325750,1000.00,cifi0007.DBF
HRWG,10HRWG,0,00,00,56,3,24.25,57,46.64,48.41,27.057870,4.325750,1000.00,cifi0007.DBF
HRWG,10HRWG,0,00,00,56,4,46.27,105,70.49,72.09,27.057870,4.325750,1000.00,cifi0007.DBF
HRWG,10HRWG,0,00,00,56,5,68.70,151,94.64,96.09,27.057870,4.325750,1000.00,cifi0007.DBF
HRWG,10HRWG,0,00,00,56,6,91.49,195,119.06,120.38,27.057870,4.325750,1000.00,cifi0007.DBF
HRWG,10HRWG,0,00,00,56,7,114.61,238,143.72,144.92,27.057870,4.325750,1000.00,cifi0007.DBF
HRWG,10HRWG,0,00,00,56,8,138.03,278,168.57,169.67,27.057870,4.325750,1000.00,cifi0007.DBF
HRWG,10HRWG,0,00,00,56,9,161.73,317,193.60,194.61,27.057870,4.325750,1000.00,cifi0007.DBF
HRWG,10HRWG,0,00,00,56,10,185.72,355,218.80,219.73,27.057870,4.325750,1000.00,cifi0007.DBF
HRWG,10HRWG,0,00,00,56,11,210.01,391,244.20,245.03,27.057870,4.325750,1000.00,cifi0007.DBF
HRWG,10HRWG,0,00,00,56,12,234.61,425,269.79,270.52,27.057870,4.325750,1000.00,cifi0007.DBF
HRWG,10HRWG,0,00,00,56,13,259.54,458,295.59,296.22,27.057870,4.325750,1000.00,cifi0007.DBF
HRWG,10HRWG,0,00,00,56,14,284.75,490,321.56,322.11,27.057870,4.325750,1000.00,cifi0007.DBF
HRWG,10HRWG,0,00,00,56,15,310.18,520,347.63,348.12,27.057870,4.325750,1000.00,cifi0007.DBF
HRWG,10HRWG,0,00,00,56,16,335.72,549,373.69,374.19,27.057870,4.325750,1000.00,cifi0007.DBF
HRWG,10HRWG,0,00,00,56,17,361.27,577,399.64,400.19,27.057870,4.325750,1000.00,cifi0007.DBF
HRWG,10HRWG,0,00,00,56,18,386.72,603,425.38,426.04,27.057870,4.325750,1000.00,cifi0007.DBF
HRWG,10HRWG,0,00,00,56,19,412.02,628,450.86,451.65,27.057870,4.325750,1000.00,cifi0007.DBF
HRWG,10HRWG,0,00,00,56,20,437.14,652,476.06,476.99,27.057870,4.325750,1000.00,cifi0007.DBF
HRWG,10HRWG,0,00,00,56,21,462.10,674,500.99,502.05,27.057870,4.325750,1000.00,cifi0007.DBF
HRWG,10HRWG,0,00,00,56,22,486.92,696,525.68,526.86,27.057870,4.325750,1000.00,cifi0007.DBF
HRWG,10HRWG,0,00,00,56,23,511.62,716,550.14,551.44,27.057870,4.325750,1000.00,cifi0007.DBF
HRWG,10HRWG,0,00,00,56,24,536.17,736,574.35,575.78,27.057870,4.325750,1000.00,cifi0007.DBF
HRWG,10HRWG,0,00,00,56,25,560.49,755,598.24,599.83,27.057870,4.325750,1000.00,cifi0007.DBF
HRWG,10HRWG,0,00,00,56,26,584.48,772,621.71,623.50,27.057870,4.325750,1000.00,cifi0007.DBF
HRWG,10HRWG,0,00,00,56,27,608.17,789,644.79,646.78,27.057870,4.325750,1000.00,cifi0007.DBF
HRWG,10HRWG,0,00,00,56,28,631.24,805,667.18,669.51,27.057870,4.325750,1000.00,cifi0007.DBF
HRWG,10HRWG,0,00,00,56,29,653.57,820,688.76,691.50,27.057870,4.325750,1000.00,cifi0007.DBF
HRWG,10HRWG,0,00,00,56,30,675.00,834,709.41,712.62,27.057870,4.325750,1000.00,cifi0007.DBF
HRWG,10HRWG,0,00,00,56,31,695.39,846,728.98,732.72,27.057870,4.325750,1000.00,cifi0007.DBF
HRWG,10HRWG,0,00,00,56,32,714.59,858,747.35,751.69,27.057870,4.325750,1000.00,cifi0007.DBF
HRWG,10HRWG,0,00,00,56,33,732.51,868,764.42,769.41,27.057870,4.325750,1000.00,cifi0007.DBF
HRWG,10HRWG,0,00,00,56,34,749.22,878,780.28,785.88,27.057870,4.325750,1000.00,cifi0007.DBF
HRWG,10HRWG,0,00,00,56,35,764.84,887,795.03,801.18,27.057870,4.325750,1000.00,cifi0007.DBF
HRWG,10HRWG,0,00,00,56,36,779.67,895,808.94,815.51,27.057870,4.325750,1000.00,cifi0007.DBF
HRWG,10HRWG,0,00,00,56,37,794.18,903,822.43,829.21,27.057870,4.325750,1000.00,cifi0007.DBF
HRWG,10HRWG,0,00,00,56,38,808.98,911,836.05,842.77,27.057870,4.325750,1000.00,cifi0007.DBF
HRWG,10HRWG,0,00,00,56,39,825.10,919,850.68,856.89,27.057870,4.325750,1000.00,cifi0007.DBF
HRWG,10HRWG,0,00,00,56,40,844.10,929,867.67,872.70,27.057870,4.325750,1000.00,cifi0007.DBF
HRWG,10HRWG,0,00,00,56,41,867.11,940,887.90,891.31,27.057870,4.325750,1000.00,cifi0007.DBF
HRWG,10HRWG,0,00,00,56,42,896.89,954,913.58,914.26,27.057870,4.325750,1000.00,cifi0007.DBF
HRWG,10HRWG,0,00,00,56,43,938.23,973,948.57,944.60,27.057870,4.325750,1000.00,cifi0007.DBF
HRWG,10HRWG,0,00,00,56,44,1000.00,1000,1000.00,987.82,27.057870,4.325750,1000.00,cifi0007.DBF
HRWG,10HRWG,0,00,00,57,1,0.00,0,0.00,2.36,4.710050,4.710050,1000.00,cifi0007.DBF
HRWG,10HRWG,0,00,00,57,2,3.02,7,24.06,26.22,28.378310,4.710050,1000.00,cifi0007.DBF
HRWG,10HRWG,0,00,00,57,3,25.52,58,48.46,50.45,28.378310,4.710050,1000.00,cifi0007.DBF
HRWG,10HRWG,0,00,00,57,4,48.44,106,73.18,75.01,28.378310,4.710050,1000.00,cifi0007.DBF
HRWG,10HRWG,0,00,00,57,5,71.72,153,98.17,99.87,28.378310,4.710050,1000.00,cifi0007.DBF
HRWG,10HRWG,0,00,00,57,6,95.35,198,123.40,124.98,28.378310,4.710050,1000.00,cifi0007.DBF
HRWG,10HRWG,0,00,00,57,7,119.28,241,148.83,150.31,28.378310,4.710050,1000.00,cifi0007.DBF
HRWG,10HRWG,0,00,00,57,8,143.49,282,174.44,175.83,28.378310,4.710050,1000.00,cifi0007.DBF
HRWG,10HRWG,0,00,00,57,9,168.01,321,200.24,201.53,28.378310,4.710050,1000.00,cifi0007.DBF
HRWG,10HRWG,0,00,00,57,10,192.82,359,226.22,227.42,28.378310,4.710050,1000.00,cifi0007.DBF
HRWG,10HRWG,0,00,00,57,11,217.96,395,252.42,253.51,28.378310,4.710050,1000.00,cifi0007.DBF
HRWG,10HRWG,0,00,00,57,12,243.43,430,278.82,279.81,28.378310,4.710050,1000.00,cifi0007.DBF
HRWG,10HRWG,0,00,00,57,13,269.19,463,305.40,306.30,28.378310,4.710050,1000.00,cifi0007.DBF
HRWG,10HRWG,0,00,00,57,14,295.17,495,332.07,332.92,28.378310,4.710050,1000.00,cifi0007.DBF
HRWG,10HRWG,0,00,00,57,15,321.27,526,358.73,359.59,28.378310,4.710050,1000.00,cifi0007.DBF
HRWG,10HRWG,0,00,00,57,16,347.37,555,385.29,386.20,28.378310,4.710050,1000.00,cifi0007.DBF
HRWG,10HRWG,0,00,00,57,17,373.38,582,411.63,412.65,28.378310,4.710050,1000.00,cifi0007.DBF
HRWG,10HRWG,0,00,00,57,18,399.23,609,437.71,438.86,28.378310,4.710050,1000.00,cifi0007.DBF
HRWG,10HRWG,0,00,00,57,19,424.90,634,463.49,464.79,28.378310,4.710050,1000.00,cifi0007.DBF
HRWG,10HRWG,0,00,00,57,20,450.40,657,489.00,490.44,28.378310,4.710050,1000.00,cifi0007.DBF
HRWG,10HRWG,0,00,00,57,21,475.76,680,514.27,515.83,28.378310,4.710050,1000.00,cifi0007.DBF
HRWG,10HRWG,0,00,00,57,22,501.00,701,539.31,540.98,28.378310,4.710050,1000.00,cifi0007.DBF
HRWG,10HRWG,0,00,00,57,23,526.08,722,564.08,565.88,28.378310,4.710050,1000.00,cifi0007.DBF
HRWG,10HRWG,0,00,00,57,24,550.92,742,588.53,590.49,28.378310,4.710050,1000.00,cifi0007.DBF
HRWG,10HRWG,0,00,00,57,25,575.44,760,612.54,614.73,28.378310,4.710050,1000.00,cifi0007.DBF
HRWG,10HRWG,0,00,00,57,26,599.65,778,636.16,638.54,28.378310,4.710050,1000.00,cifi0007.DBF
HRWG,10HRWG,0,00,00,57,27,623.22,795,659.07,661.81,28.378310,4.710050,1000.00,cifi0007.DBF
HRWG,10HRWG,0,00,00,57,28,646.03,810,681.16,684.31,28.378310,4.710050,1000.00,cifi0007.DBF
HRWG,10HRWG,0,00,00,57,29,667.93,825,702.30,705.92,28.378310,4.710050,1000.00,cifi0007.DBF
HRWG,10HRWG,0,00,00,57,30,688.76,838,722.32,726.50,28.378310,4.710050,1000.00,cifi0007.DBF
HRWG,10HRWG,0,00,00,57,31,708.38,850,741.12,745.91,28.378310,4.710050,1000.00,cifi0007.DBF
HRWG,10HRWG,0,00,00,57,32,726.69,862,758.59,764.04,28.378310,4.710050,1000.00,cifi0007.DBF
HRWG,10HRWG,0,00,00,57,33,743.77,872,774.82,780.90,28.378310,4.710050,1000.00,cifi0007.DBF
HRWG,10HRWG,0,00,00,57,34,759.73,881,789.92,796.56,28.378310,4.710050,1000.00,cifi0007.DBF
HRWG,10HRWG,0,00,00,57,35,774.88,890,804.16,811.23,28.378310,4.710050,1000.00,cifi0007.DBF
HRWG,10HRWG,0,00,00,57,36,789.70,898,817.97,825.25,28.378310,4.710050,1000.00,cifi0007.DBF
HRWG,10HRWG,0,00,00,57,37,804.82,906,831.92,839.13,28.378310,4.710050,1000.00,cifi0007.DBF
HRWG,10HRWG,0,00,00,57,38,821.29,915,846.90,853.60,28.378310,4.710050,1000.00,cifi0007.DBF
HRWG,10HRWG,0,00,00,57,39,840.70,925,864.31,869.80,28.378310,4.710050,1000.00,cifi0007.DBF
HRWG,10HRWG,0,00,00,57,40,864.22,937,885.04,888.87,28.378310,4.710050,1000.00,cifi0007.DBF
HRWG,10HRWG,0,00,00,57,41,894.64,952,911.37,912.39,28.378310,4.710050,1000.00,cifi0007.DBF
HRWG,10HRWG,0,00,00,57,42,936.88,972,947.25,943.50,28.378310,4.710050,1000.00,cifi0007.DBF
HRWG,10HRWG,0,00,00,57,43,1000.00,1000,1000.00,987.82,28.378310,4.710050,1000.00,cifi0007.DBF
HRWG,10HRWG,0,00,00,58,1,0.00,0,0.00,2.57,5.143610,5.143610,1000.00,cifi0007.DBF
HRWG,10HRWG,0,00,00,58,2,3.34,8,25.00,27.39,29.785110,5.143610,1000.00,cifi0007.DBF
HRWG,10HRWG,0,00,00,58,3,26.78,59,50.32,52.55,29.785110,5.143610,1000.00,cifi0007.DBF
HRWG,10HRWG,0,00,00,58,4,50.59,108,75.92,78.01,29.785110,5.143610,1000.00,cifi0007.DBF
HRWG,10HRWG,0,00,00,58,5,74.76,155,101.76,103.73,29.785110,5.143610,1000.00,cifi0007.DBF
HRWG,10HRWG,0,00,00,58,6,99.23,200,127.81,129.68,29.785110,5.143610,1000.00,cifi0007.DBF
HRWG,10HRWG,0,00,00,58,7,124.00,243,154.04,155.82,29.785110,5.143610,1000.00,cifi0007.DBF
HRWG,10HRWG,0,00,00,58,8,149.07,285,180.46,182.14,29.785110,5.143610,1000.00,cifi0007.DBF
HRWG,10HRWG,0,00,00,58,9,174.45,324,207.08,208.66,29.785110,5.143610,1000.00,cifi0007.DBF
HRWG,10HRWG,0,00,00,58,10,200.16,363,233.91,235.38,29.785110,5.143610,1000.00,cifi0007.DBF
HRWG,10HRWG,0,00,00,58,11,226.21,399,260.95,262.32,29.785110,5.143610,1000.00,cifi0007.DBF
HRWG,10HRWG,0,00,00,58,12,252.56,434,288.17,289.45,29.785110,5.143610,1000.00,cifi0007.DBF
HRWG,10HRWG,0,00,00,58,13,279.13,468,315.49,316.72,29.785110,5.143610,1000.00,cifi0007.DBF
HRWG,10HRWG,0,00,00,58,14,305.82,500,342.80,344.04,29.785110,5.143610,1000.00,cifi0007.DBF
HRWG,10HRWG,0,00,00,58,15,332.52,531,370.00,371.30,29.785110,5.143610,1000.00,cifi0007.DBF
HRWG,10HRWG,0,00,00,58,16,359.12,560,396.99,398.39,29.785110,5.143610,1000.00,cifi0007.DBF
HRWG,10HRWG,0,00,00,58,17,385.56,588,423.70,425.24,29.785110,5.143610,1000.00,cifi0007.DBF
HRWG,10HRWG,0,00,00,58,18,411.81,614,450.11,451.80,29.785110,5.143610,1000.00,cifi0007.DBF
HRWG,10HRWG,0,00,00,58,19,437.89,639,476.24,478.07,29.785110,5.143610,1000.00,cifi0007.DBF
HRWG,10HRWG,0,00,00,58,20,463.82,663,502.12,504.07,29.785110,5.143610,1000.00,cifi0007.DBF
HRWG,10HRWG,0,00,00,58,21,489.64,686,527.76,529.83,29.785110,5.143610,1000.00,cifi0007.DBF
HRWG,10HRWG,0,00,00,58,22,515.29,707,553.14,555.35,29.785110,5.143610,1000.00,cifi0007.DBF
HRWG,10HRWG,0,00,00,58,23,540.70,728,578.18,580.55,29.785110,5.143610,1000.00,cifi0007.DBF
HRWG,10HRWG,0,00,00,58,24,565.78,748,602.78,605.37,29.785110,5.143610,1000.00,cifi0007.DBF
HRWG,10HRWG,0,00,00,58,25,590.53,766,626.97,629.77,29.785110,5.143610,1000.00,cifi0007.DBF
HRWG,10HRWG,0,00,00,58,26,614.64,784,650.44,653.60,29.785110,5.143610,1000.00,cifi0007.DBF
HRWG,10HRWG,0,00,00,58,27,637.98,800,673.07,676.65,29.785110,5.143610,1000.00,cifi0007.DBF
HRWG,10HRWG,0,00,00,58,28,660.38,815,694.71,698.78,29.785110,5.143610,1000.00,cifi0007.DBF
HRWG,10HRWG,0,00,00,58,29,681.68,830,715.22,719.86,29.785110,5.143610,1000.00,cifi0007.DBF
HRWG,10HRWG,0,00,00,58,30,701.74,842,734.48,739.74,29.785110,5.143610,1000.00,cifi0007.DBF
HRWG,10HRWG,0,00,00,58,31,720.47,854,752.38,758.32,29.785110,5.143610,1000.00,cifi0007.DBF
HRWG,10HRWG,0,00,00,58,32,737.93,865,769.01,775.59,29.785110,5.143610,1000.00,cifi0007.DBF
HRWG,10HRWG,0,00,00,58,33,754.26,875,784.47,791.63,29.785110,5.143610,1000.00,cifi0007.DBF
HRWG,10HRWG,0,00,00,58,34,769.75,884,799.06,806.66,29.785110,5.143610,1000.00,cifi0007.DBF
HRWG,10HRWG,0,00,00,58,35,784.91,892,813.22,821.04,29.785110,5.143610,1000.00,cifi0007.DBF
HRWG,10HRWG,0,00,00,58,36,800.38,901,827.51,835.26,29.785110,5.143610,1000.00,cifi0007.DBF
HRWG,10HRWG,0,00,00,58,37,817.22,910,842.88,850.09,29.785110,5.143610,1000.00,cifi0007.DBF
HRWG,10HRWG,0,00,00,58,38,837.08,921,860.74,866.70,29.785110,5.143610,1000.00,cifi0007.DBF
HRWG,10HRWG,0,00,00,58,39,861.13,934,882.00,886.26,29.785110,5.143610,1000.00,cifi0007.DBF
HRWG,10HRWG,0,00,00,58,40,892.24,950,909.01,910.40,29.785110,5.143610,1000.00,cifi0007.DBF
HRWG,10HRWG,0,00,00,58,41,935.45,971,945.85,942.32,29.785110,5.143610,1000.00,cifi0007.DBF
HRWG,10HRWG,0,00,00,58,42,1000.00,1000,1000.00,987.82,29.785110,5.143610,1000.00,cifi0007.DBF
HRWG,10HRWG,0,00,00,59,1,0.00,0,0.00,2.83,5.656000,5.656000,1000.00,cifi0007.DBF
HRWG,10HRWG,0,00,00,59,2,3.61,8,25.96,28.62,31.283750,5.656000,1000.00,cifi0007.DBF
HRWG,10HRWG,0,00,00,59,3,27.99,60,52.20,54.73,31.283750,5.656000,1000.00,cifi0007.DBF
HRWG,10HRWG,0,00,00,59,4,52.72,109,78.70,81.09,31.283750,5.656000,1000.00,cifi0007.DBF
HRWG,10HRWG,0,00,00,59,5,77.78,157,105.41,107.70,31.283750,5.656000,1000.00,cifi0007.DBF
HRWG,10HRWG,0,00,00,59,6,103.14,202,132.30,134.50,31.283750,5.656000,1000.00,cifi0007.DBF
HRWG,10HRWG,0,00,00,59,7,128.81,246,159.39,161.49,31.283750,5.656000,1000.00,cifi0007.DBF
HRWG,10HRWG,0,00,00,59,8,154.79,288,186.68,188.68,31.283750,5.656000,1000.00,cifi0007.DBF
HRWG,10HRWG,0,00,00,59,9,181.12,328,214.19,216.07,31.283750,5.656000,1000.00,cifi0007.DBF
HRWG,10HRWG,0,00,00,59,10,207.78,367,241.91,243.69,31.283750,5.656000,1000.00,cifi0007.DBF
HRWG,10HRWG,0,00,00,59,11,234.76,404,269.82,271.51,31.283750,5.656000,1000.00,cifi0007.DBF
HRWG,10HRWG,0,00,00,59,12,261.97,439,297.83,299.47,31.283750,5.656000,1000.00,cifi0007.DBF
HRWG,10HRWG,0,00,00,59,13,289.29,473,325.83,327.47,31.283750,5.656000,1000.00,cifi0007.DBF
HRWG,10HRWG,0,00,00,59,14,316.63,506,353.72,355.42,31.283750,5.656000,1000.00,cifi0007.DBF
HRWG,10HRWG,0,00,00,59,15,343.86,536,381.39,383.20,31.283750,5.656000,1000.00,cifi0007.DBF
HRWG,10HRWG,0,00,00,59,16,370.93,565,408.77,410.72,31.283750,5.656000,1000.00,cifi0007.DBF
HRWG,10HRWG,0,00,00,59,17,397.80,593,435.85,437.95,31.283750,5.656000,1000.00,cifi0007.DBF
HRWG,10HRWG,0,00,00,59,18,424.50,619,462.64,464.89,31.283750,5.656000,1000.00,cifi0007.DBF
HRWG,10HRWG,0,00,00,59,19,451.06,645,489.17,491.55,31.283750,5.656000,1000.00,cifi0007.DBF
HRWG,10HRWG,0,00,00,59,20,477.49,669,515.47,517.96,31.283750,5.656000,1000.00,cifi0007.DBF
HRWG,10HRWG,0,00,00,59,21,503.75,691,541.48,544.12,31.283750,5.656000,1000.00,cifi0007.DBF
HRWG,10HRWG,0,00,00,59,22,529.77,713,567.15,569.96,31.283750,5.656000,1000.00,cifi0007.DBF
HRWG,10HRWG,0,00,00,59,23,555.44,734,592.38,595.41,31.283750,5.656000,1000.00,cifi0007.DBF
HRWG,10HRWG,0,00,00,59,24,580.78,754,617.18,620.42,31.283750,5.656000,1000.00,cifi0007.DBF
HRWG,10HRWG,0,00,00,59,25,605.47,772,641.24,644.85,31.283750,5.656000,1000.00,cifi0007.DBF
HRWG,10HRWG,0,00,00,59,26,629.35,789,664.44,668.49,31.283750,5.656000,1000.00,cifi0007.DBF
HRWG,10HRWG,0,00,00,59,27,652.29,805,686.64,691.18,31.283750,5.656000,1000.00,cifi0007.DBF
HRWG,10HRWG,0,00,00,59,28,674.10,820,707.67,712.79,31.283750,5.656000,1000.00,cifi0007.DBF
HRWG,10HRWG,0,00,00,59,29,694.64,834,727.41,733.18,31.283750,5.656000,1000.00,cifi0007.DBF
HRWG,10HRWG,0,00,00,59,30,713.82,846,745.77,752.23,31.283750,5.656000,1000.00,cifi0007.DBF
HRWG,10HRWG,0,00,00,59,31,731.69,858,762.81,769.93,31.283750,5.656000,1000.00,cifi0007.DBF
HRWG,10HRWG,0,00,00,59,32,748.40,868,778.67,786.39,31.283750,5.656000,1000.00,cifi0007.DBF
HRWG,10HRWG,0,00,00,59,33,764.27,877,793.64,801.80,31.283750,5.656000,1000.00,cifi0007.DBF
HRWG,10HRWG,0,00,00,59,34,779.79,887,808.16,816.54,31.283750,5.656000,1000.00,cifi0007.DBF
HRWG,10HRWG,0,00,00,59,35,795.63,896,822.83,831.14,31.283750,5.656000,1000.00,cifi0007.DBF
HRWG,10HRWG,0,00,00,59,36,812.87,906,838.59,846.35,31.283750,5.656000,1000.00,cifi0007.DBF
HRWG,10HRWG,0,00,00,59,37,833.20,917,856.93,863.40,31.283750,5.656000,1000.00,cifi0007.DBF
HRWG,10HRWG,0,00,00,59,38,857.82,930,878.75,883.48,31.283750,5.656000,1000.00,cifi0007.DBF
HRWG,10HRWG,0,00,00,59,39,889.68,947,906.50,908.27,31.283750,5.656000,1000.00,cifi0007.DBF
HRWG,10HRWG,0,00,00,59,40,933.91,969,944.35,941.07,31.283750,5.656000,1000.00,cifi0007.DBF
HRWG,10HRWG,0,00,00,59,41,1000.00,1000,1000.00,987.82,31.283750,5.656000,1000.00,cifi0007.DBF
HRWG,10HRWG,0,00,00,60,1,0.00,0,0.00,3.12,6.237360,6.237360,1000.00,cifi0007.DBF
HRWG,10HRWG,0,00,00,60,2,3.80,8,26.93,29.91,32.881150,6.237360,1000.00,cifi0007.DBF
HRWG,10HRWG,0,00,00,60,3,29.15,60,54.12,56.97,32.881150,6.237360,1000.00,cifi0007.DBF
HRWG,10HRWG,0,00,00,60,4,54.84,111,81.53,84.27,32.881150,6.237360,1000.00,cifi0007.DBF
HRWG,10HRWG,0,00,00,60,5,80.82,159,109.13,111.77,32.881150,6.237360,1000.00,cifi0007.DBF
HRWG,10HRWG,0,00,00,60,6,107.13,205,136.93,139.47,32.881150,6.237360,1000.00,cifi0007.DBF
HRWG,10HRWG,0,00,00,60,7,133.76,249,164.94,167.37,32.881150,6.237360,1000.00,cifi0007.DBF
HRWG,10HRWG,0,00,00,60,8,160.74,291,193.17,195.49,32.881150,6.237360,1000.00,cifi0007.DBF
HRWG,10HRWG,0,00,00,60,9,188.07,332,221.62,223.83,32.881150,6.237360,1000.00,cifi0007.DBF
HRWG,10HRWG,0,00,00,60,10,215.72,371,250.26,252.38,32.881150,6.237360,1000.00,cifi0007.DBF
HRWG,10HRWG,0,00,00,60,11,243.60,408,279.01,281.07,32.881150,6.237360,1000.00,cifi0007.DBF
HRWG,10HRWG,0,00,00,60,12,271.61,444,307.75,309.82,32.881150,6.237360,1000.00,cifi0007.DBF
HRWG,10HRWG,0,00,00,60,13,299.62,478,336.37,338.50,32.881150,6.237360,1000.00,cifi0007.DBF
HRWG,10HRWG,0,00,00,60,14,327.53,511,364.76,367.00,32.881150,6.237360,1000.00,cifi0007.DBF
HRWG,10HRWG,0,00,00,60,15,355.27,542,392.86,395.25,32.881150,6.237360,1000.00,cifi0007.DBF
HRWG,10HRWG,0,00,00,60,16,382.82,571,420.65,423.20,32.881150,6.237360,1000.00,cifi0007.DBF
HRWG,10HRWG,0,00,00,60,17,410.18,599,448.14,450.84,32.881150,6.237360,1000.00,cifi0007.DBF
HRWG,10HRWG,0,00,00,60,18,437.40,625,475.37,478.20,32.881150,6.237360,1000.00,cifi0007.DBF
HRWG,10HRWG,0,00,00,60,19,464.48,650,502.36,505.31,32.881150,6.237360,1000.00,cifi0007.DBF
HRWG,10HRWG,0,00,00,60,20,491.40,674,529.06,532.15,32.881150,6.237360,1000.00,cifi0007.DBF
HRWG,10HRWG,0,00,00,60,21,518.07,697,555.40,558.67,32.881150,6.237360,1000.00,cifi0007.DBF
HRWG,10HRWG,0,00,00,60,22,544.37,719,581.29,584.79,32.881150,6.237360,1000.00,cifi0007.DBF
HRWG,10HRWG,0,00,00,60,23,570.35,740,606.75,610.46,32.881150,6.237360,1000.00,cifi0007.DBF
HRWG,10HRWG,0,00,00,60,24,595.65,760,631.44,635.53,32.881150,6.237360,1000.00,cifi0007.DBF
HRWG,10HRWG,0,00,00,60,25,620.13,778,655.25,659.79,32.881150,6.237360,1000.00,cifi0007.DBF
HRWG,10HRWG,0,00,00,60,26,643.64,795,678.03,683.08,32.881150,6.237360,1000.00,cifi0007.DBF
HRWG,10HRWG,0,00,00,60,27,665.99,810,699.61,705.26,32.881150,6.237360,1000.00,cifi0007.DBF
HRWG,10HRWG,0,00,00,60,28,687.04,825,719.87,726.18,32.881150,6.237360,1000.00,cifi0007.DBF
HRWG,10HRWG,0,00,00,60,29,706.70,838,738.72,745.74,32.881150,6.237360,1000.00,cifi0007.DBF
HRWG,10HRWG,0,00,00,60,30,725.02,850,756.21,763.91,32.881150,6.237360,1000.00,cifi0007.DBF
HRWG,10HRWG,0,00,00,60,31,742.14,861,772.49,780.79,32.881150,6.237360,1000.00,cifi0007.DBF
HRWG,10HRWG,0,00,00,60,32,758.40,871,787.86,796.62,32.881150,6.237360,1000.00,cifi0007.DBF
HRWG,10HRWG,0,00,00,60,33,774.31,880,802.77,811.76,32.881150,6.237360,1000.00,cifi0007.DBF
HRWG,10HRWG,0,00,00,60,34,790.54,890,817.83,826.74,32.881150,6.237360,1000.00,cifi0007.DBF
HRWG,10HRWG,0,00,00,60,35,808.22,900,834.03,842.37,32.881150,6.237360,1000.00,cifi0007.DBF
HRWG,10HRWG,0,00,00,60,36,829.05,912,852.86,859.88,32.881150,6.237360,1000.00,cifi0007.DBF
HRWG,10HRWG,0,00,00,60,37,854.28,926,875.30,880.52,32.881150,6.237360,1000.00,cifi0007.DBF
HRWG,10HRWG,0,00,00,60,38,886.93,944,903.83,906.00,32.881150,6.237360,1000.00,cifi0007.DBF
HRWG,10HRWG,0,00,00,60,39,932.27,967,942.75,939.73,32.881150,6.237360,1000.00,cifi0007.DBF
HRWG,10HRWG,0,00,00,60,40,1000.00,1000,1000.00,987.82,32.881150,6.237360,1000.00,cifi0007.DBF
HRWG,10HRWG,0,00,00,61,1,0.00,0,0.00,3.46,6.917260,6.917260,1000.00,cifi0007.DBF
HRWG,10HRWG,0,00,00,61,2,3.92,8,27.93,31.26,34.583400,6.917260,1000.00,cifi0007.DBF
HRWG,10HRWG,0,00,00,61,3,30.27,61,56.09,59.30,34.583400,6.917260,1000.00,cifi0007.DBF
HRWG,10HRWG,0,00,00,61,4,56.93,112,84.44,87.56,34.583400,6.917260,1000.00,cifi0007.DBF
HRWG,10HRWG,0,00,00,61,5,83.92,160,113.00,116.01,34.583400,6.917260,1000.00,cifi0007.DBF
HRWG,10HRWG,0,00,00,61,6,111.24,207,141.77,144.67,34.583400,6.917260,1000.00,cifi0007.DBF
HRWG,10HRWG,0,00,00,61,7,138.93,252,170.77,173.56,34.583400,6.917260,1000.00,cifi0007.DBF
HRWG,10HRWG,0,00,00,61,8,166.97,295,200.00,202.67,34.583400,6.917260,1000.00,cifi0007.DBF
HRWG,10HRWG,0,00,00,61,9,195.33,336,229.42,232.00,34.583400,6.917260,1000.00,cifi0007.DBF
HRWG,10HRWG,0,00,00,61,10,223.94,376,258.95,261.48,34.583400,6.917260,1000.00,cifi0007.DBF
HRWG,10HRWG,0,00,00,61,11,252.67,413,288.47,291.00,34.583400,6.917260,1000.00,cifi0007.DBF
HRWG,10HRWG,0,00,00,61,12,281.42,449,317.87,320.46,34.583400,6.917260,1000.00,cifi0007.DBF
HRWG,10HRWG,0,00,00,61,13,310.05,484,347.04,349.75,34.583400,6.917260,1000.00,cifi0007.DBF
HRWG,10HRWG,0,00,00,61,14,338.51,516,375.91,378.76,34.583400,6.917260,1000.00,cifi0007.DBF
HRWG,10HRWG,0,00,00,61,15,366.77,547,404.45,407.47,34.583400,6.917260,1000.00,cifi0007.DBF
HRWG,10HRWG,0,00,00,61,16,394.85,576,432.70,435.87,34.583400,6.917260,1000.00,cifi0007.DBF
HRWG,10HRWG,0,00,00,61,17,422.77,604,460.67,463.97,34.583400,6.917260,1000.00,cifi0007.DBF
HRWG,10HRWG,0,00,00,61,18,450.57,631,488.39,491.82,34.583400,6.917260,1000.00,cifi0007.DBF
HRWG,10HRWG,0,00,00,61,19,478.18,656,515.82,519.40,34.583400,6.917260,1000.00,cifi0007.DBF
HRWG,10HRWG,0,00,00,61,20,505.54,681,542.88,546.64,34.583400,6.917260,1000.00,cifi0007.DBF
HRWG,10HRWG,0,00,00,61,21,532.53,704,569.48,573.47,34.583400,6.917260,1000.00,cifi0007.DBF
HRWG,10HRWG,0,00,00,61,22,559.19,726,595.63,599.84,34.583400,6.917260,1000.00,cifi0007.DBF
HRWG,10HRWG,0,00,00,61,23,585.14,746,620.99,625.60,34.583400,6.917260,1000.00,cifi0007.DBF
HRWG,10HRWG,0,00,00,61,24,610.26,765,645.45,650.51,34.583400,6.917260,1000.00,cifi0007.DBF
HRWG,10HRWG,0,00,00,61,25,634.37,783,668.85,674.44,34.583400,6.917260,1000.00,cifi0007.DBF
HRWG,10HRWG,0,00,00,61,26,657.30,800,691.02,697.23,34.583400,6.917260,1000.00,cifi0007.DBF
HRWG,10HRWG,0,00,00,61,27,678.91,815,711.84,718.72,34.583400,6.917260,1000.00,cifi0007.DBF
HRWG,10HRWG,0,00,00,61,28,699.07,829,731.20,738.81,34.583400,6.917260,1000.00,cifi0007.DBF
HRWG,10HRWG,0,00,00,61,29,717.87,841,749.18,757.48,34.583400,6.917260,1000.00,cifi0007.DBF
HRWG,10HRWG,0,00,00,61,30,735.44,853,765.91,774.83,34.583400,6.917260,1000.00,cifi0007.DBF
HRWG,10HRWG,0,00,00,61,31,752.12,863,781.70,791.09,34.583400,6.917260,1000.00,cifi0007.DBF
HRWG,10HRWG,0,00,00,61,32,768.45,874,797.02,806.65,34.583400,6.917260,1000.00,cifi0007.DBF
HRWG,10HRWG,0,00,00,61,33,785.10,884,812.50,822.06,34.583400,6.917260,1000.00,cifi0007.DBF
HRWG,10HRWG,0,00,00,61,34,803.23,895,829.16,838.12,34.583400,6.917260,1000.00,cifi0007.DBF
HRWG,10HRWG,0,00,00,61,35,824.61,907,848.53,856.14,34.583400,6.917260,1000.00,cifi0007.DBF
HRWG,10HRWG,0,00,00,61,36,850.49,922,871.62,877.37,34.583400,6.917260,1000.00,cifi0007.DBF
HRWG,10HRWG,0,00,00,61,37,883.99,941,900.98,903.59,34.583400,6.917260,1000.00,cifi0007.DBF
HRWG,10HRWG,0,00,00,61,38,930.51,965,941.05,938.30,34.583400,6.917260,1000.00,cifi0007.DBF
HRWG,10HRWG,0,00,00,61,39,1000.00,1000,1000.00,987.82,34.583400,6.917260,1000.00,cifi0007.DBF
HRWG,10HRWG,0,00,00,62,1,0.00,0,0.00,3.84,7.675990,7.675990,1000.00,cifi0007.DBF
HRWG,10HRWG,0,00,00,62,2,3.97,8,28.95,32.68,36.398850,7.675990,1000.00,cifi0007.DBF
HRWG,10HRWG,0,00,00,62,3,31.36,62,58.11,61.73,36.398850,7.675990,1000.00,cifi0007.DBF
HRWG,10HRWG,0,00,00,62,4,59.08,113,87.47,90.99,36.398850,7.675990,1000.00,cifi0007.DBF
HRWG,10HRWG,0,00,00,62,5,87.14,162,117.06,120.46,36.398850,7.675990,1000.00,cifi0007.DBF
HRWG,10HRWG,0,00,00,62,6,115.58,209,146.88,150.17,36.398850,7.675990,1000.00,cifi0007.DBF
HRWG,10HRWG,0,00,00,62,7,144.38,255,176.93,180.11,36.398850,7.675990,1000.00,cifi0007.DBF
HRWG,10HRWG,0,00,00,62,8,173.51,298,207.19,210.26,36.398850,7.675990,1000.00,cifi0007.DBF
HRWG,10HRWG,0,00,00,62,9,202.90,340,237.56,240.57,36.398850,7.675990,1000.00,cifi0007.DBF
HRWG,10HRWG,0,00,00,62,10,232.41,380,267.91,270.93,36.398850,7.675990,1000.00,cifi0007.DBF
HRWG,10HRWG,0,00,00,62,11,261.93,418,298.14,301.23,36.398850,7.675990,1000.00,cifi0007.DBF
HRWG,10HRWG,0,00,00,62,12,291.34,454,328.14,331.34,36.398850,7.675990,1000.00,cifi0007.DBF
HRWG,10HRWG,0,00,00,62,13,320.58,489,357.82,361.18,36.398850,7.675990,1000.00,cifi0007.DBF
HRWG,10HRWG,0,00,00,62,14,349.60,521,387.18,390.70,36.398850,7.675990,1000.00,cifi0007.DBF
HRWG,10HRWG,0,00,00,62,15,378.44,552,416.22,419.90,36.398850,7.675990,1000.00,cifi0007.DBF
HRWG,10HRWG,0,00,00,62,16,407.12,582,444.99,448.80,36.398850,7.675990,1000.00,cifi0007.DBF
HRWG,10HRWG,0,00,00,62,17,435.67,610,473.49,477.44,36.398850,7.675990,1000.00,cifi0007.DBF
HRWG,10HRWG,0,00,00,62,18,464.03,637,501.70,505.80,36.398850,7.675990,1000.00,cifi0007.DBF
HRWG,10HRWG,0,00,00,62,19,492.13,663,529.53,533.81,36.398850,7.675990,1000.00,cifi0007.DBF
HRWG,10HRWG,0,00,00,62,20,519.86,687,556.87,561.40,36.398850,7.675990,1000.00,cifi0007.DBF
HRWG,10HRWG,0,00,00,62,21,547.23,710,583.77,588.52,36.398850,7.675990,1000.00,cifi0007.DBF
HRWG,10HRWG,0,00,00,62,22,573.89,732,609.85,615.01,36.398850,7.675990,1000.00,cifi0007.DBF
HRWG,10HRWG,0,00,00,62,23,599.69,752,635.00,640.63,36.398850,7.675990,1000.00,cifi0007.DBF
HRWG,10HRWG,0,00,00,62,24,624.46,771,659.07,665.24,36.398850,7.675990,1000.00,cifi0007.DBF
HRWG,10HRWG,0,00,00,62,25,648.01,789,681.87,688.67,36.398850,7.675990,1000.00,cifi0007.DBF
HRWG,10HRWG,0,00,00,62,26,670.20,805,703.28,710.77,36.398850,7.675990,1000.00,cifi0007.DBF
HRWG,10HRWG,0,00,00,62,27,690.91,819,723.19,731.43,36.398850,7.675990,1000.00,cifi0007.DBF
HRWG,10HRWG,0,00,00,62,28,710.22,832,741.68,750.63,36.398850,7.675990,1000.00,cifi0007.DBF
HRWG,10HRWG,0,00,00,62,29,728.27,844,758.88,768.48,36.398850,7.675990,1000.00,cifi0007.DBF
HRWG,10HRWG,0,00,00,62,30,745.40,856,775.12,785.20,36.398850,7.675990,1000.00,cifi0007.DBF
HRWG,10HRWG,0,00,00,62,31,762.17,867,790.89,801.21,36.398850,7.675990,1000.00,cifi0007.DBF
HRWG,10HRWG,0,00,00,62,32,779.27,877,806.83,817.06,36.398850,7.675990,1000.00,cifi0007.DBF
HRWG,10HRWG,0,00,00,62,33,797.89,889,823.97,833.60,36.398850,7.675990,1000.00,cifi0007.DBF
HRWG,10HRWG,0,00,00,62,34,819.85,902,843.92,852.14,36.398850,7.675990,1000.00,cifi0007.DBF
HRWG,10HRWG,0,00,00,62,35,846.44,918,867.69,874.00,36.398850,7.675990,1000.00,cifi0007.DBF
HRWG,10HRWG,0,00,00,62,36,880.85,937,897.94,901.01,36.398850,7.675990,1000.00,cifi0007.DBF
HRWG,10HRWG,0,00,00,62,37,928.62,963,939.23,936.78,36.398850,7.675990,1000.00,cifi0007.DBF
HRWG,10HRWG,0,00,00,62,38,1000.00,1000,1000.00,987.82,36.398850,7.675990,1000.00,cifi0007.DBF
HRWG,10HRWG,0,00,00,63,1,0.00,0,0.00,4.27,8.533260,8.533260,1000.00,cifi0007.DBF
HRWG,10HRWG,0,00,00,63,2,3.96,8,30.01,34.17,38.335860,8.533260,1000.00,cifi0007.DBF
HRWG,10HRWG,0,00,00,63,3,32.47,62,60.24,64.29,38.335860,8.533260,1000.00,cifi0007.DBF
HRWG,10HRWG,0,00,00,63,4,61.32,114,90.69,94.63,38.335860,8.533260,1000.00,cifi0007.DBF
HRWG,10HRWG,0,00,00,63,5,90.56,164,121.39,125.21,38.335860,8.533260,1000.00,cifi0007.DBF
HRWG,10HRWG,0,00,00,63,6,120.18,212,152.33,156.03,38.335860,8.533260,1000.00,cifi0007.DBF
HRWG,10HRWG,0,00,00,63,7,150.14,258,183.47,187.07,38.335860,8.533260,1000.00,cifi0007.DBF
HRWG,10HRWG,0,00,00,63,8,180.35,302,214.73,218.27,38.335860,8.533260,1000.00,cifi0007.DBF
HRWG,10HRWG,0,00,00,63,9,210.70,345,245.98,249.52,38.335860,8.533260,1000.00,cifi0007.DBF
HRWG,10HRWG,0,00,00,63,10,241.05,385,277.10,280.71,38.335860,8.533260,1000.00,cifi0007.DBF
HRWG,10HRWG,0,00,00,63,11,271.30,423,307.97,311.70,38.335860,8.533260,1000.00,cifi0007.DBF
HRWG,10HRWG,0,00,00,63,12,301.36,459,338.53,342.42,38.335860,8.533260,1000.00,cifi0007.DBF
HRWG,10HRWG,0,00,00,63,13,331.21,494,368.75,372.81,38.335860,8.533260,1000.00,cifi0007.DBF
HRWG,10HRWG,0,00,00,63,14,360.86,527,398.65,402.86,38.335860,8.533260,1000.00,cifi0007.DBF
HRWG,10HRWG,0,00,00,63,15,390.35,558,428.25,432.62,38.335860,8.533260,1000.00,cifi0007.DBF
HRWG,10HRWG,0,00,00,63,16,419.70,588,457.60,462.09,38.335860,8.533260,1000.00,cifi0007.DBF
HRWG,10HRWG,0,00,00,63,17,448.87,616,486.63,491.28,38.335860,8.533260,1000.00,cifi0007.DBF
HRWG,10HRWG,0,00,00,63,18,477.77,643,515.28,520.12,38.335860,8.533260,1000.00,cifi0007.DBF
HRWG,10HRWG,0,00,00,63,19,506.27,669,543.43,548.52,38.335860,8.533260,1000.00,cifi0007.DBF
HRWG,10HRWG,0,00,00,63,20,534.43,693,571.11,576.44,38.335860,8.533260,1000.00,cifi0007.DBF
HRWG,10HRWG,0,00,00,63,21,561.84,716,597.96,603.71,38.335860,8.533260,1000.00,cifi0007.DBF
HRWG,10HRWG,0,00,00,63,22,588.37,738,623.86,630.08,38.335860,8.533260,1000.00,cifi0007.DBF
HRWG,10HRWG,0,00,00,63,23,613.84,758,648.63,655.41,38.335860,8.533260,1000.00,cifi0007.DBF
HRWG,10HRWG,0,00,00,63,24,638.06,776,672.10,679.53,38.335860,8.533260,1000.00,cifi0007.DBF
HRWG,10HRWG,0,00,00,63,25,660.87,793,694.14,702.29,38.335860,8.533260,1000.00,cifi0007.DBF
HRWG,10HRWG,0,00,00,63,26,682.17,809,714.64,723.56,38.335860,8.533260,1000.00,cifi0007.DBF
HRWG,10HRWG,0,00,00,63,27,702.02,823,733.67,743.32,38.335860,8.533260,1000.00,cifi0007.DBF
HRWG,10HRWG,0,00,00,63,28,720.58,836,751.39,761.70,38.335860,8.533260,1000.00,cifi0007.DBF
HRWG,10HRWG,0,00,00,63,29,738.20,847,768.11,778.92,38.335860,8.533260,1000.00,cifi0007.DBF
HRWG,10HRWG,0,00,00,63,30,755.44,859,784.36,795.40,38.335860,8.533260,1000.00,cifi0007.DBF
HRWG,10HRWG,0,00,00,63,31,773.03,870,800.77,811.73,38.335860,8.533260,1000.00,cifi0007.DBF
HRWG,10HRWG,0,00,00,63,32,792.18,882,818.43,828.77,38.335860,8.533260,1000.00,cifi0007.DBF
HRWG,10HRWG,0,00,00,63,33,814.75,897,838.99,847.88,38.335860,8.533260,1000.00,cifi0007.DBF
HRWG,10HRWG,0,00,00,63,34,842.10,913,863.50,870.41,38.335860,8.533260,1000.00,cifi0007.DBF
HRWG,10HRWG,0,00,00,63,35,877.48,934,894.70,898.27,38.335860,8.533260,1000.00,cifi0007.DBF
HRWG,10HRWG,0,00,00,63,36,926.60,961,937.30,935.16,38.335860,8.533260,1000.00,cifi0007.DBF
HRWG,10HRWG,0,00,00,63,37,1000.00,1000,1000.00,987.82,38.335860,8.533260,1000.00,cifi0007.DBF
HRWG,10HRWG,0,00,00,64,1,0.00,0,0.00,4.74,9.479210,9.479210,1000.00,cifi0007.DBF
HRWG,10HRWG,0,00,00,64,2,3.94,8,31.15,35.78,40.404900,9.479210,1000.00,cifi0007.DBF
HRWG,10HRWG,0,00,00,64,3,33.65,63,62.53,67.04,40.404900,9.479210,1000.00,cifi0007.DBF
HRWG,10HRWG,0,00,00,64,4,63.75,115,94.16,98.55,40.404900,9.479210,1000.00,cifi0007.DBF
HRWG,10HRWG,0,00,00,64,5,94.23,166,126.05,130.31,40.404900,9.479210,1000.00,cifi0007.DBF
HRWG,10HRWG,0,00,00,64,6,125.08,215,158.14,162.29,40.404900,9.479210,1000.00,cifi0007.DBF
HRWG,10HRWG,0,00,00,64,7,156.18,262,190.35,194.45,40.404900,9.479210,1000.00,cifi0007.DBF
HRWG,10HRWG,0,00,00,64,8,187.42,307,222.55,226.65,40.404900,9.479210,1000.00,cifi0007.DBF
HRWG,10HRWG,0,00,00,64,9,218.68,349,254.62,258.79,40.404900,9.479210,1000.00,cifi0007.DBF
HRWG,10HRWG,0,00,00,64,10,249.81,390,286.43,290.73,40.404900,9.479210,1000.00,cifi0007.DBF
HRWG,10HRWG,0,00,00,64,11,280.76,428,317.92,322.38,40.404900,9.479210,1000.00,cifi0007.DBF
HRWG,10HRWG,0,00,00,64,12,311.49,464,349.06,353.69,40.404900,9.479210,1000.00,cifi0007.DBF
HRWG,10HRWG,0,00,00,64,13,342.01,499,379.87,384.67,40.404900,9.479210,1000.00,cifi0007.DBF
HRWG,10HRWG,0,00,00,64,14,372.38,532,410.38,415.33,40.404900,9.479210,1000.00,cifi0007.DBF
HRWG,10HRWG,0,00,00,64,15,402.59,564,440.62,445.70,40.404900,9.479210,1000.00,cifi0007.DBF
HRWG,10HRWG,0,00,00,64,16,432.62,594,470.54,475.78,40.404900,9.479210,1000.00,cifi0007.DBF
HRWG,10HRWG,0,00,00,64,17,462.37,622,500.06,505.50,40.404900,9.479210,1000.00,cifi0007.DBF
HRWG,10HRWG,0,00,00,64,18,491.72,650,529.07,534.77,40.404900,9.479210,1000.00,cifi0007.DBF
HRWG,10HRWG,0,00,00,64,19,520.70,676,557.59,563.53,40.404900,9.479210,1000.00,cifi0007.DBF
HRWG,10HRWG,0,00,00,64,20,548.92,700,585.27,591.63,40.404900,9.479210,1000.00,cifi0007.DBF
HRWG,10HRWG,0,00,00,64,21,576.23,723,611.95,618.81,40.404900,9.479210,1000.00,cifi0007.DBF
HRWG,10HRWG,0,00,00,64,22,602.45,744,637.47,644.91,40.404900,9.479210,1000.00,cifi0007.DBF
HRWG,10HRWG,0,00,00,64,23,627.38,763,661.66,669.77,40.404900,9.479210,1000.00,cifi0007.DBF
HRWG,10HRWG,0,00,00,64,24,650.88,781,684.38,693.22,40.404900,9.479210,1000.00,cifi0007.DBF
HRWG,10HRWG,0,00,00,64,25,672.80,798,705.50,715.14,40.404900,9.479210,1000.00,cifi0007.DBF
HRWG,10HRWG,0,00,00,64,26,693.24,812,725.12,735.51,40.404900,9.479210,1000.00,cifi0007.DBF
HRWG,10HRWG,0,00,00,64,27,712.34,826,743.38,754.45,40.404900,9.479210,1000.00,cifi0007.DBF
HRWG,10HRWG,0,00,00,64,28,730.48,839,760.62,772.21,40.404900,9.479210,1000.00,cifi0007.DBF
HRWG,10HRWG,0,00,00,64,29,748.23,851,777.37,789.20,40.404900,9.479210,1000.00,cifi0007.DBF
HRWG,10HRWG,0,00,00,64,30,766.33,863,794.29,806.03,40.404900,9.479210,1000.00,cifi0007.DBF
HRWG,10HRWG,0,00,00,64,31,786.05,876,812.52,823.61,40.404900,9.479210,1000.00,cifi0007.DBF
HRWG,10HRWG,0,00,00,64,32,809.29,891,833.73,843.32,40.404900,9.479210,1000.00,cifi0007.DBF
HRWG,10HRWG,0,00,00,64,33,837.44,908,859.02,866.58,40.404900,9.479210,1000.00,cifi0007.DBF
HRWG,10HRWG,0,00,00,64,34,873.87,930,891.23,895.33,40.404900,9.479210,1000.00,cifi0007.DBF
HRWG,10HRWG,0,00,00,64,35,924.44,959,935.23,933.43,40.404900,9.479210,1000.00,cifi0007.DBF
HRWG,10HRWG,0,00,00,64,36,1000.00,1000,1000.00,987.82,40.404900,9.479210,1000.00,cifi0007.DBF
HRWG,10HRWG,0,00,00,65,1,0.00,0,0.00,5.24,10.484290,10.484290,1000.00,cifi0007.DBF
HRWG,10HRWG,0,00,00,65,2,3.94,7,32.37,37.50,42.620450,10.484290,1000.00,cifi0007.DBF
HRWG,10HRWG,0,00,00,65,3,34.96,63,65.01,70.00,42.620450,10.484290,1000.00,cifi0007.DBF
HRWG,10HRWG,0,00,00,65,4,66.39,117,97.90,102.77,42.620450,10.484290,1000.00,cifi0007.DBF
HRWG,10HRWG,0,00,00,65,5,98.18,169,131.01,135.77,42.620450,10.484290,1000.00,cifi0007.DBF
HRWG,10HRWG,0,00,00,65,6,130.24,218,164.24,168.94,42.620450,10.484290,1000.00,cifi0007.DBF
HRWG,10HRWG,0,00,00,65,7,162.44,266,197.46,202.16,42.620450,10.484290,1000.00,cifi0007.DBF
HRWG,10HRWG,0,00,00,65,8,194.66,311,230.55,235.31,42.620450,10.484290,1000.00,cifi0007.DBF
HRWG,10HRWG,0,00,00,65,9,226.75,354,263.37,268.27,42.620450,10.484290,1000.00,cifi0007.DBF
HRWG,10HRWG,0,00,00,65,10,258.65,394,295.86,300.92,42.620450,10.484290,1000.00,cifi0007.DBF
HRWG,10HRWG,0,00,00,65,11,290.32,433,327.98,333.23,42.620450,10.484290,1000.00,cifi0007.DBF
HRWG,10HRWG,0,00,00,65,12,321.79,470,359.76,365.18,42.620450,10.484290,1000.00,cifi0007.DBF
HRWG,10HRWG,0,00,00,65,13,353.08,505,391.24,396.81,42.620450,10.484290,1000.00,cifi0007.DBF
HRWG,10HRWG,0,00,00,65,14,384.23,538,422.44,428.15,42.620450,10.484290,1000.00,cifi0007.DBF
HRWG,10HRWG,0,00,00,65,15,415.17,570,453.31,459.18,42.620450,10.484290,1000.00,cifi0007.DBF
HRWG,10HRWG,0,00,00,65,16,445.84,600,483.76,489.85,42.620450,10.484290,1000.00,cifi0007.DBF
HRWG,10HRWG,0,00,00,65,17,476.09,629,513.69,520.04,42.620450,10.484290,1000.00,cifi0007.DBF
HRWG,10HRWG,0,00,00,65,18,505.96,656,543.12,549.72,42.620450,10.484290,1000.00,cifi0007.DBF
HRWG,10HRWG,0,00,00,65,19,535.05,682,571.67,578.70,42.620450,10.484290,1000.00,cifi0007.DBF
HRWG,10HRWG,0,00,00,65,20,563.20,706,599.20,606.74,42.620450,10.484290,1000.00,cifi0007.DBF
HRWG,10HRWG,0,00,00,65,21,590.23,729,625.53,633.68,42.620450,10.484290,1000.00,cifi0007.DBF
HRWG,10HRWG,0,00,00,65,22,615.93,750,650.49,659.32,42.620450,10.484290,1000.00,cifi0007.DBF
HRWG,10HRWG,0,00,00,65,23,640.14,768,673.92,683.52,42.620450,10.484290,1000.00,cifi0007.DBF
HRWG,10HRWG,0,00,00,65,24,662.74,786,695.72,706.13,42.620450,10.484290,1000.00,cifi0007.DBF
HRWG,10HRWG,0,00,00,65,25,683.80,801,715.96,727.15,42.620450,10.484290,1000.00,cifi0007.DBF
HRWG,10HRWG,0,00,00,65,26,703.50,816,734.81,746.70,42.620450,10.484290,1000.00,cifi0007.DBF
HRWG,10HRWG,0,00,00,65,27,722.20,829,752.60,765.02,42.620450,10.484290,1000.00,cifi0007.DBF
HRWG,10HRWG,0,00,00,65,28,740.49,842,769.89,782.56,42.620450,10.484290,1000.00,cifi0007.DBF
HRWG,10HRWG,0,00,00,65,29,759.15,855,787.36,799.94,42.620450,10.484290,1000.00,cifi0007.DBF
HRWG,10HRWG,0,00,00,65,30,779.47,868,806.18,818.08,42.620450,10.484290,1000.00,cifi0007.DBF
HRWG,10HRWG,0,00,00,65,31,803.43,884,828.09,838.45,42.620450,10.484290,1000.00,cifi0007.DBF
HRWG,10HRWG,0,00,00,65,32,832.44,903,854.23,862.47,42.620450,10.484290,1000.00,cifi0007.DBF
HRWG,10HRWG,0,00,00,65,33,869.99,926,887.52,892.19,42.620450,10.484290,1000.00,cifi0007.DBF
HRWG,10HRWG,0,00,00,65,34,922.11,957,933.01,931.58,42.620450,10.484290,1000.00,cifi0007.DBF
HRWG,10HRWG,0,00,00,65,35,1000.00,1000,1000.00,987.82,42.620450,10.484290,1000.00,cifi0007.DBF
HRWG,10HRWG,0,00,00,66,1,0.00,0,0.00,5.78,11.558330,11.558330,1000.00,cifi0007.DBF
HRWG,10HRWG,0,00,00,66,2,3.98,7,33.71,39.35,44.998950,11.558330,1000.00,cifi0007.DBF
HRWG,10HRWG,0,00,00,66,3,36.41,64,67.69,73.20,44.998950,11.558330,1000.00,cifi0007.DBF
HRWG,10HRWG,0,00,00,66,4,69.23,119,101.89,107.29,44.998950,11.558330,1000.00,cifi0007.DBF
HRWG,10HRWG,0,00,00,66,5,102.32,172,136.21,141.55,44.998950,11.558330,1000.00,cifi0007.DBF
HRWG,10HRWG,0,00,00,66,6,135.55,222,170.53,175.87,44.998950,11.558330,1000.00,cifi0007.DBF
HRWG,10HRWG,0,00,00,66,7,168.80,270,204.70,210.12,44.998950,11.558330,1000.00,cifi0007.DBF
HRWG,10HRWG,0,00,00,66,8,201.92,315,238.61,244.16,44.998950,11.558330,1000.00,cifi0007.DBF
HRWG,10HRWG,0,00,00,66,9,234.85,358,272.17,277.89,44.998950,11.558330,1000.00,cifi0007.DBF
HRWG,10HRWG,0,00,00,66,10,267.54,399,305.35,311.26,44.998950,11.558330,1000.00,cifi0007.DBF
HRWG,10HRWG,0,00,00,66,11,300.01,438,338.18,344.26,44.998950,11.558330,1000.00,cifi0007.DBF
HRWG,10HRWG,0,00,00,66,12,332.31,475,370.70,376.94,44.998950,11.558330,1000.00,cifi0007.DBF
HRWG,10HRWG,0,00,00,66,13,364.46,510,402.92,409.31,44.998950,11.558330,1000.00,cifi0007.DBF
HRWG,10HRWG,0,00,00,66,14,396.40,544,434.81,441.36,44.998950,11.558330,1000.00,cifi0007.DBF
HRWG,10HRWG,0,00,00,66,15,428.05,576,466.27,473.04,44.998950,11.558330,1000.00,cifi0007.DBF
HRWG,10HRWG,0,00,00,66,16,459.27,607,497.18,504.22,44.998950,11.558330,1000.00,cifi0007.DBF
HRWG,10HRWG,0,00,00,66,17,490.10,636,527.58,534.88,44.998950,11.558330,1000.00,cifi0007.DBF
HRWG,10HRWG,0,00,00,66,18,520.12,663,557.07,564.83,44.998950,11.558330,1000.00,cifi0007.DBF
HRWG,10HRWG,0,00,00,66,19,549.18,689,585.51,593.79,44.998950,11.558330,1000.00,cifi0007.DBF
HRWG,10HRWG,0,00,00,66,20,577.07,713,612.71,621.61,44.998950,11.558330,1000.00,cifi0007.DBF
HRWG,10HRWG,0,00,00,66,21,603.60,735,638.49,648.10,44.998950,11.558330,1000.00,cifi0007.DBF
HRWG,10HRWG,0,00,00,66,22,628.59,755,662.70,673.10,44.998950,11.558330,1000.00,cifi0007.DBF
HRWG,10HRWG,0,00,00,66,23,651.91,773,685.22,696.46,44.998950,11.558330,1000.00,cifi0007.DBF
HRWG,10HRWG,0,00,00,66,24,673.65,790,706.14,718.18,44.998950,11.558330,1000.00,cifi0007.DBF
HRWG,10HRWG,0,00,00,66,25,693.98,805,725.61,738.37,44.998950,11.558330,1000.00,cifi0007.DBF
HRWG,10HRWG,0,00,00,66,26,713.28,819,743.99,757.30,44.998950,11.558330,1000.00,cifi0007.DBF
HRWG,10HRWG,0,00,00,66,27,732.16,832,761.86,775.43,44.998950,11.558330,1000.00,cifi0007.DBF
HRWG,10HRWG,0,00,00,66,28,751.42,846,779.92,793.39,44.998950,11.558330,1000.00,cifi0007.DBF
HRWG,10HRWG,0,00,00,66,29,772.39,860,799.38,812.15,44.998950,11.558330,1000.00,cifi0007.DBF
HRWG,10HRWG,0,00,00,66,30,797.12,877,822.04,833.21,44.998950,11.558330,1000.00,cifi0007.DBF
HRWG,10HRWG,0,00,00,66,31,827.06,897,849.09,858.06,44.998950,11.558330,1000.00,cifi0007.DBF
HRWG,10HRWG,0,00,00,66,32,865.81,921,883.54,888.81,44.998950,11.558330,1000.00,cifi0007.DBF
HRWG,10HRWG,0,00,00,66,33,919.61,954,930.63,929.59,44.998950,11.558330,1000.00,cifi0007.DBF
HRWG,10HRWG,0,00,00,66,34,1000.00,1000,1000.00,987.82,44.998950,11.558330,1000.00,cifi0007.DBF
HRWG,10HRWG,0,00,00,67,1,0.00,0,0.00,6.35,12.691500,12.691500,1000.00,cifi0007.DBF
HRWG,10HRWG,0,00,00,67,2,6.46,11,35.14,41.35,47.560800,12.691500,1000.00,cifi0007.DBF
HRWG,10HRWG,0,00,00,67,3,40.29,69,70.52,76.61,47.560800,12.691500,1000.00,cifi0007.DBF
HRWG,10HRWG,0,00,00,67,4,74.41,125,106.02,112.05,47.560800,12.691500,1000.00,cifi0007.DBF
HRWG,10HRWG,0,00,00,67,5,108.68,178,141.52,147.55,47.560800,12.691500,1000.00,cifi0007.DBF
HRWG,10HRWG,0,00,00,67,6,142.96,228,176.87,182.97,47.560800,12.691500,1000.00,cifi0007.DBF
HRWG,10HRWG,0,00,00,67,7,177.11,276,211.94,218.18,47.560800,12.691500,1000.00,cifi0007.DBF
HRWG,10HRWG,0,00,00,67,8,211.06,322,246.65,253.07,47.560800,12.691500,1000.00,cifi0007.DBF
HRWG,10HRWG,0,00,00,67,9,244.76,365,280.97,287.59,47.560800,12.691500,1000.00,cifi0007.DBF
HRWG,10HRWG,0,00,00,67,10,278.25,406,314.93,321.73,47.560800,12.691500,1000.00,cifi0007.DBF
HRWG,10HRWG,0,00,00,67,11,311.55,445,348.57,355.53,47.560800,12.691500,1000.00,cifi0007.DBF
HRWG,10HRWG,0,00,00,67,12,344.70,483,381.90,389.01,47.560800,12.691500,1000.00,cifi0007.DBF
HRWG,10HRWG,0,00,00,67,13,377.63,518,414.88,422.17,47.560800,12.691500,1000.00,cifi0007.DBF
HRWG,10HRWG,0,00,00,67,14,410.27,552,447.42,454.93,47.560800,12.691500,1000.00,cifi0007.DBF
HRWG,10HRWG,0,00,00,67,15,442.46,585,479.40,487.19,47.560800,12.691500,1000.00,cifi0007.DBF
HRWG,10HRWG,0,00,00,67,16,474.25,615,510.85,518.90,47.560800,12.691500,1000.00,cifi0007.DBF
HRWG,10HRWG,0,00,00,67,17,505.20,644,541.35,549.88,47.560800,12.691500,1000.00,cifi0007.DBF
HRWG,10HRWG,0,00,00,67,18,535.16,671,570.77,579.84,47.560800,12.691500,1000.00,cifi0007.DBF
HRWG,10HRWG,0,00,00,67,19,563.92,696,598.91,608.62,47.560800,12.691500,1000.00,cifi0007.DBF
HRWG,10HRWG,0,00,00,67,20,591.27,720,625.57,636.02,47.560800,12.691500,1000.00,cifi0007.DBF
HRWG,10HRWG,0,00,00,67,21,617.04,741,650.62,661.88,47.560800,12.691500,1000.00,cifi0007.DBF
HRWG,10HRWG,0,00,00,67,22,641.09,760,673.91,686.04,47.560800,12.691500,1000.00,cifi0007.DBF
HRWG,10HRWG,0,00,00,67,23,663.51,778,695.55,708.51,47.560800,12.691500,1000.00,cifi0007.DBF
HRWG,10HRWG,0,00,00,67,24,684.47,794,715.69,729.40,47.560800,12.691500,1000.00,cifi0007.DBF
HRWG,10HRWG,0,00,00,67,25,704.36,809,734.72,748.99,47.560800,12.691500,1000.00,cifi0007.DBF
HRWG,10HRWG,0,00,00,67,26,723.83,823,753.21,767.75,47.560800,12.691500,1000.00,cifi0007.DBF
HRWG,10HRWG,0,00,00,67,27,743.69,837,771.91,786.34,47.560800,12.691500,1000.00,cifi0007.DBF
HRWG,10HRWG,0,00,00,67,28,765.32,853,792.06,805.76,47.560800,12.691500,1000.00,cifi0007.DBF
HRWG,10HRWG,0,00,00,67,29,790.81,870,815.53,827.57,47.560800,12.691500,1000.00,cifi0007.DBF
HRWG,10HRWG,0,00,00,67,30,821.69,891,843.55,853.32,47.560800,12.691500,1000.00,cifi0007.DBF
HRWG,10HRWG,0,00,00,67,31,861.64,917,879.25,885.18,47.560800,12.691500,1000.00,cifi0007.DBF
HRWG,10HRWG,0,00,00,67,32,917.11,952,928.07,927.44,47.560800,12.691500,1000.00,cifi0007.DBF
HRWG,10HRWG,0,00,00,67,33,1000.00,1000,1000.00,987.82,47.560800,12.691500,1000.00,cifi0007.DBF
HRWG,10HRWG,0,00,00,68,1,0.00,0,0.00,6.96,13.923210,13.923210,1000.00,cifi0007.DBF
HRWG,10HRWG,0,00,00,68,2,9.44,16,36.64,43.49,50.327320,13.923210,1000.00,cifi0007.DBF
HRWG,10HRWG,0,00,00,68,3,44.66,75,73.42,80.20,50.327320,13.923210,1000.00,cifi0007.DBF
HRWG,10HRWG,0,00,00,68,4,80.03,131,110.19,116.97,50.327320,13.923210,1000.00,cifi0007.DBF
HRWG,10HRWG,0,00,00,68,5,115.41,184,146.81,153.67,50.327320,13.923210,1000.00,cifi0007.DBF
HRWG,10HRWG,0,00,00,68,6,150.66,235,183.14,190.14,50.327320,13.923210,1000.00,cifi0007.DBF
HRWG,10HRWG,0,00,00,68,7,185.70,283,219.09,226.28,50.327320,13.923210,1000.00,cifi0007.DBF
HRWG,10HRWG,0,00,00,68,8,220.49,329,254.65,262.04,50.327320,13.923210,1000.00,cifi0007.DBF
HRWG,10HRWG,0,00,00,68,9,255.05,372,289.83,297.40,50.327320,13.923210,1000.00,cifi0007.DBF
HRWG,10HRWG,0,00,00,68,10,289.42,414,324.67,332.41,50.327320,13.923210,1000.00,cifi0007.DBF
HRWG,10HRWG,0,00,00,68,11,323.63,453,359.20,367.10,50.327320,13.923210,1000.00,cifi0007.DBF
HRWG,10HRWG,0,00,00,68,12,357.63,491,393.36,401.44,50.327320,13.923210,1000.00,cifi0007.DBF
HRWG,10HRWG,0,00,00,68,13,391.31,527,427.07,435.38,50.327320,13.923210,1000.00,cifi0007.DBF
HRWG,10HRWG,0,00,00,68,14,424.54,561,460.20,468.80,50.327320,13.923210,1000.00,cifi0007.DBF
HRWG,10HRWG,0,00,00,68,15,457.35,593,492.77,501.65,50.327320,13.923210,1000.00,cifi0007.DBF
HRWG,10HRWG,0,00,00,68,16,489.30,624,524.37,533.74,50.327320,13.923210,1000.00,cifi0007.DBF
HRWG,10HRWG,0,00,00,68,17,520.22,652,554.84,564.77,50.327320,13.923210,1000.00,cifi0007.DBF
HRWG,10HRWG,0,00,00,68,18,549.91,679,583.99,594.58,50.327320,13.923210,1000.00,cifi0007.DBF
HRWG,10HRWG,0,00,00,68,19,578.13,704,611.62,622.97,50.327320,13.923210,1000.00,cifi0007.DBF
HRWG,10HRWG,0,00,00,68,20,604.73,726,637.57,649.76,50.327320,13.923210,1000.00,cifi0007.DBF
HRWG,10HRWG,0,00,00,68,21,629.55,746,661.70,674.80,50.327320,13.923210,1000.00,cifi0007.DBF
HRWG,10HRWG,0,00,00,68,22,652.69,765,684.12,698.07,50.327320,13.923210,1000.00,cifi0007.DBF
HRWG,10HRWG,0,00,00,68,23,674.32,782,704.99,719.72,50.327320,13.923210,1000.00,cifi0007.DBF
HRWG,10HRWG,0,00,00,68,24,694.86,798,724.71,740.01,50.327320,13.923210,1000.00,cifi0007.DBF
HRWG,10HRWG,0,00,00,68,25,714.95,813,743.87,759.45,50.327320,13.923210,1000.00,cifi0007.DBF
HRWG,10HRWG,0,00,00,68,26,735.45,828,763.26,778.73,50.327320,13.923210,1000.00,cifi0007.DBF
HRWG,10HRWG,0,00,00,68,27,757.77,844,784.15,798.87,50.327320,13.923210,1000.00,cifi0007.DBF
HRWG,10HRWG,0,00,00,68,28,784.09,863,808.49,821.48,50.327320,13.923210,1000.00,cifi0007.DBF
HRWG,10HRWG,0,00,00,68,29,815.95,885,837.56,848.19,50.327320,13.923210,1000.00,cifi0007.DBF
HRWG,10HRWG,0,00,00,68,30,857.19,912,874.62,881.25,50.327320,13.923210,1000.00,cifi0007.DBF
HRWG,10HRWG,0,00,00,68,31,914.45,949,925.30,925.13,50.327320,13.923210,1000.00,cifi0007.DBF
HRWG,10HRWG,0,00,00,68,32,1000.00,1000,1000.00,987.82,50.327320,13.923210,1000.00,cifi0007.DBF
HRWG,10HRWG,0,00,00,69,1,0.00,0,0.00,7.65,15.302720,15.302720,1000.00,cifi0007.DBF
HRWG,10HRWG,0,00,00,69,2,12.50,21,38.16,45.74,53.320090,15.302720,1000.00,cifi0007.DBF
HRWG,10HRWG,0,00,00,69,3,49.06,80,76.30,83.89,53.320090,15.302720,1000.00,cifi0007.DBF
HRWG,10HRWG,0,00,00,69,4,85.63,137,114.29,121.96,53.320090,15.302720,1000.00,cifi0007.DBF
HRWG,10HRWG,0,00,00,69,5,122.07,190,151.98,159.80,53.320090,15.302720,1000.00,cifi0007.DBF
HRWG,10HRWG,0,00,00,69,6,158.29,241,189.29,197.29,53.320090,15.302720,1000.00,cifi0007.DBF
HRWG,10HRWG,0,00,00,69,7,194.25,290,226.17,234.39,53.320090,15.302720,1000.00,cifi0007.DBF
HRWG,10HRWG,0,00,00,69,8,229.97,336,262.67,271.08,53.320090,15.302720,1000.00,cifi0007.DBF
HRWG,10HRWG,0,00,00,69,9,265.50,379,298.82,307.40,53.320090,15.302720,1000.00,cifi0007.DBF
HRWG,10HRWG,0,00,00,69,10,300.87,421,334.64,343.39,53.320090,15.302720,1000.00,cifi0007.DBF
HRWG,10HRWG,0,00,00,69,11,336.00,461,370.08,379.02,53.320090,15.302720,1000.00,cifi0007.DBF
HRWG,10HRWG,0,00,00,69,12,370.82,499,405.06,414.23,53.320090,15.302720,1000.00,cifi0007.DBF
HRWG,10HRWG,0,00,00,69,13,405.17,535,439.42,448.90,53.320090,15.302720,1000.00,cifi0007.DBF
HRWG,10HRWG,0,00,00,69,14,439.08,570,473.22,482.98,53.320090,15.302720,1000.00,cifi0007.DBF
HRWG,10HRWG,0,00,00,69,15,472.11,602,506.00,516.27,53.320090,15.302720,1000.00,cifi0007.DBF
HRWG,10HRWG,0,00,00,69,16,504.07,632,537.62,548.47,53.320090,15.302720,1000.00,cifi0007.DBF
HRWG,10HRWG,0,00,00,69,17,534.76,660,567.86,579.40,53.320090,15.302720,1000.00,cifi0007.DBF
HRWG,10HRWG,0,00,00,69,18,563.93,686,596.53,608.86,53.320090,15.302720,1000.00,cifi0007.DBF
HRWG,10HRWG,0,00,00,69,19,591.43,710,623.45,636.65,53.320090,15.302720,1000.00,cifi0007.DBF
HRWG,10HRWG,0,00,00,69,20,617.08,732,648.49,662.63,53.320090,15.302720,1000.00,cifi0007.DBF
HRWG,10HRWG,0,00,00,69,21,641.00,751,671.75,686.78,53.320090,15.302720,1000.00,cifi0007.DBF
HRWG,10HRWG,0,00,00,69,22,663.36,769,693.41,709.24,53.320090,15.302720,1000.00,cifi0007.DBF
HRWG,10HRWG,0,00,00,69,23,684.59,786,713.87,730.30,53.320090,15.302720,1000.00,cifi0007.DBF
HRWG,10HRWG,0,00,00,69,24,705.36,802,733.77,750.48,53.320090,15.302720,1000.00,cifi0007.DBF
HRWG,10HRWG,0,00,00,69,25,726.54,818,753.89,770.49,53.320090,15.302720,1000.00,cifi0007.DBF
HRWG,10HRWG,0,00,00,69,26,749.62,835,775.59,791.40,53.320090,15.302720,1000.00,cifi0007.DBF
HRWG,10HRWG,0,00,00,69,27,776.82,855,800.88,814.90,53.320090,15.302720,1000.00,cifi0007.DBF
HRWG,10HRWG,0,00,00,69,28,809.76,878,831.09,842.64,53.320090,15.302720,1000.00,cifi0007.DBF
HRWG,10HRWG,0,00,00,69,29,852.39,907,869.61,877.01,53.320090,15.302720,1000.00,cifi0007.DBF
HRWG,10HRWG,0,00,00,69,30,911.57,946,922.31,922.62,53.320090,15.302720,1000.00,cifi0007.DBF
HRWG,10HRWG,0,00,00,69,31,1000.00,1000,1000.00,987.82,53.320090,15.302720,1000.00,cifi0007.DBF
HRWG,10HRWG,0,00,00,70,1,0.00,0,0.00,8.45,16.908870,16.908870,1000.00,cifi0007.DBF
HRWG,10HRWG,0,00,00,70,2,15.54,25,39.64,48.10,56.558270,16.908870,1000.00,cifi0007.DBF
HRWG,10HRWG,0,00,00,70,3,53.40,85,79.11,87.65,56.558270,16.908870,1000.00,cifi0007.DBF
HRWG,10HRWG,0,00,00,70,4,91.12,142,118.27,126.97,56.558270,16.908870,1000.00,cifi0007.DBF
HRWG,10HRWG,0,00,00,70,5,128.61,196,157.03,165.93,56.558270,16.908870,1000.00,cifi0007.DBF
HRWG,10HRWG,0,00,00,70,6,165.84,247,195.36,204.48,56.558270,16.908870,1000.00,cifi0007.DBF
HRWG,10HRWG,0,00,00,70,7,202.83,296,233.29,242.60,56.558270,16.908870,1000.00,cifi0007.DBF
HRWG,10HRWG,0,00,00,70,8,239.61,342,270.85,280.34,56.558270,16.908870,1000.00,cifi0007.DBF
HRWG,10HRWG,0,00,00,70,9,276.22,387,308.07,317.74,56.558270,16.908870,1000.00,cifi0007.DBF
HRWG,10HRWG,0,00,00,70,10,312.60,429,344.90,354.76,56.558270,16.908870,1000.00,cifi0007.DBF
HRWG,10HRWG,0,00,00,70,11,348.64,469,381.24,391.35,56.558270,16.908870,1000.00,cifi0007.DBF
HRWG,10HRWG,0,00,00,70,12,384.20,508,416.95,427.37,56.558270,16.908870,1000.00,cifi0007.DBF
HRWG,10HRWG,0,00,00,70,13,419.31,544,452.07,462.79,56.558270,16.908870,1000.00,cifi0007.DBF
HRWG,10HRWG,0,00,00,70,14,453.50,578,486.13,497.38,56.558270,16.908870,1000.00,cifi0007.DBF
HRWG,10HRWG,0,00,00,70,15,486.59,610,518.98,530.84,56.558270,16.908870,1000.00,cifi0007.DBF
HRWG,10HRWG,0,00,00,70,16,518.35,640,550.41,562.98,56.558270,16.908870,1000.00,cifi0007.DBF
HRWG,10HRWG,0,00,00,70,17,548.56,668,580.20,593.58,56.558270,16.908870,1000.00,cifi0007.DBF
HRWG,10HRWG,0,00,00,70,18,577.02,693,608.17,622.46,56.558270,16.908870,1000.00,cifi0007.DBF
HRWG,10HRWG,0,00,00,70,19,603.58,716,634.19,649.46,56.558270,16.908870,1000.00,cifi0007.DBF
HRWG,10HRWG,0,00,00,70,20,628.34,736,658.37,674.56,56.558270,16.908870,1000.00,cifi0007.DBF
HRWG,10HRWG,0,00,00,70,21,651.49,755,680.88,697.90,56.558270,16.908870,1000.00,cifi0007.DBF
HRWG,10HRWG,0,00,00,70,22,673.47,773,702.15,719.80,56.558270,16.908870,1000.00,cifi0007.DBF
HRWG,10HRWG,0,00,00,70,23,694.97,790,722.83,740.77,56.558270,16.908870,1000.00,cifi0007.DBF
HRWG,10HRWG,0,00,00,70,24,716.90,807,743.76,761.58,56.558270,16.908870,1000.00,cifi0007.DBF
HRWG,10HRWG,0,00,00,70,25,740.79,825,766.33,783.33,56.558270,16.908870,1000.00,cifi0007.DBF
HRWG,10HRWG,0,00,00,70,26,768.95,846,792.64,807.77,56.558270,16.908870,1000.00,cifi0007.DBF
HRWG,10HRWG,0,00,00,70,27,803.05,871,824.08,836.64,56.558270,16.908870,1000.00,cifi0007.DBF
HRWG,10HRWG,0,00,00,70,28,847.18,902,864.19,872.42,56.558270,16.908870,1000.00,cifi0007.DBF
HRWG,10HRWG,0,00,00,70,29,908.45,943,919.07,919.91,56.558270,16.908870,1000.00,cifi0007.DBF
HRWG,10HRWG,0,00,00,70,30,1000.00,1000,1000.00,987.82,56.558270,16.908870,1000.00,cifi0007.DBF
HRWG,10HRWG,0,00,00,71,1,0.00,0,0.00,9.41,18.810620,18.810620,1000.00,cifi0007.DBF
HRWG,10HRWG,0,00,00,71,2,18.50,30,41.08,50.57,60.058660,18.810620,1000.00,cifi0007.DBF
HRWG,10HRWG,0,00,00,71,3,57.62,90,81.83,91.49,60.058660,18.810620,1000.00,cifi0007.DBF
HRWG,10HRWG,0,00,00,71,4,96.49,147,122.17,132.03,60.058660,18.810620,1000.00,cifi0007.DBF
HRWG,10HRWG,0,00,00,71,5,135.09,201,162.06,172.14,60.058660,18.810620,1000.00,cifi0007.DBF
HRWG,10HRWG,0,00,00,71,6,173.44,253,201.52,211.82,60.058660,18.810620,1000.00,cifi0007.DBF
HRWG,10HRWG,0,00,00,71,7,211.58,302,240.61,251.09,60.058660,18.810620,1000.00,cifi0007.DBF
HRWG,10HRWG,0,00,00,71,8,249.54,349,279.34,290.01,60.058660,18.810620,1000.00,cifi0007.DBF
HRWG,10HRWG,0,00,00,71,9,287.26,394,317.67,328.54,60.058660,18.810620,1000.00,cifi0007.DBF
HRWG,10HRWG,0,00,00,71,10,324.63,437,355.49,366.61,60.058660,18.810620,1000.00,cifi0007.DBF
HRWG,10HRWG,0,00,00,71,11,361.50,478,392.65,404.10,60.058660,18.810620,1000.00,cifi0007.DBF
HRWG,10HRWG,0,00,00,71,12,397.90,516,429.20,440.95,60.058660,18.810620,1000.00,cifi0007.DBF
HRWG,10HRWG,0,00,00,71,13,433.35,553,464.65,476.95,60.058660,18.810620,1000.00,cifi0007.DBF
HRWG,10HRWG,0,00,00,71,14,467.66,587,498.84,511.77,60.058660,18.810620,1000.00,cifi0007.DBF
HRWG,10HRWG,0,00,00,71,15,500.60,618,531.54,545.22,60.058660,18.810620,1000.00,cifi0007.DBF
HRWG,10HRWG,0,00,00,71,16,531.92,647,562.54,577.07,60.058660,18.810620,1000.00,cifi0007.DBF
HRWG,10HRWG,0,00,00,71,17,561.43,674,591.66,607.13,60.058660,18.810620,1000.00,cifi0007.DBF
HRWG,10HRWG,0,00,00,71,18,588.97,698,618.74,635.23,60.058660,18.810620,1000.00,cifi0007.DBF
HRWG,10HRWG,0,00,00,71,19,614.64,720,643.90,661.35,60.058660,18.810620,1000.00,cifi0007.DBF
HRWG,10HRWG,0,00,00,71,20,638.65,741,667.34,685.65,60.058660,18.810620,1000.00,cifi0007.DBF
HRWG,10HRWG,0,00,00,71,21,661.43,759,689.48,708.44,60.058660,18.810620,1000.00,cifi0007.DBF
HRWG,10HRWG,0,00,00,71,22,683.73,777,711.02,730.28,60.058660,18.810620,1000.00,cifi0007.DBF
HRWG,10HRWG,0,00,00,71,23,706.47,795,732.81,751.95,60.058660,18.810620,1000.00,cifi0007.DBF
HRWG,10HRWG,0,00,00,71,24,731.24,815,756.33,774.60,60.058660,18.810620,1000.00,cifi0007.DBF
HRWG,10HRWG,0,00,00,71,25,760.43,837,783.74,800.06,60.058660,18.810620,1000.00,cifi0007.DBF
HRWG,10HRWG,0,00,00,71,26,795.79,863,816.51,830.16,60.058660,18.810620,1000.00,cifi0007.DBF
HRWG,10HRWG,0,00,00,71,27,841.55,896,858.33,867.45,60.058660,18.810620,1000.00,cifi0007.DBF
HRWG,10HRWG,0,00,00,71,28,905.08,939,915.57,916.98,60.058660,18.810620,1000.00,cifi0007.DBF
HRWG,10HRWG,0,00,00,71,29,1000.00,1000,1000.00,987.82,60.058660,18.810620,1000.00,cifi0007.DBF
HRWG,10HRWG,0,00,00,72,1,0.00,0,0.00,10.51,21.027690,21.027690,1000.00,cifi0007.DBF
HRWG,10HRWG,0,00,00,72,2,21.39,33,42.47,53.16,63.839430,21.027690,1000.00,cifi0007.DBF
HRWG,10HRWG,0,00,00,72,3,61.75,94,84.51,95.41,63.839430,21.027690,1000.00,cifi0007.DBF
HRWG,10HRWG,0,00,00,72,4,101.84,152,126.08,137.22,63.839430,21.027690,1000.00,cifi0007.DBF
HRWG,10HRWG,0,00,00,72,5,141.66,207,167.21,178.57,63.839430,21.027690,1000.00,cifi0007.DBF
HRWG,10HRWG,0,00,00,72,6,181.27,259,207.95,219.50,63.839430,21.027690,1000.00,cifi0007.DBF
HRWG,10HRWG,0,00,00,72,7,220.69,309,248.32,260.05,63.839430,21.027690,1000.00,cifi0007.DBF
HRWG,10HRWG,0,00,00,72,8,259.85,357,288.26,300.21,63.839430,21.027690,1000.00,cifi0007.DBF
HRWG,10HRWG,0,00,00,72,9,298.66,402,327.68,339.89,63.839430,21.027690,1000.00,cifi0007.DBF
HRWG,10HRWG,0,00,00,72,10,336.95,445,366.41,378.96,63.839430,21.027690,1000.00,cifi0007.DBF
HRWG,10HRWG,0,00,00,72,11,374.75,486,404.50,417.37,63.839430,21.027690,1000.00,cifi0007.DBF
HRWG,10HRWG,0,00,00,72,12,411.57,525,441.45,454.89,63.839430,21.027690,1000.00,cifi0007.DBF
HRWG,10HRWG,0,00,00,72,13,447.19,561,477.08,491.18,63.839430,21.027690,1000.00,cifi0007.DBF
HRWG,10HRWG,0,00,00,72,14,481.40,594,511.17,526.04,63.839430,21.027690,1000.00,cifi0007.DBF
HRWG,10HRWG,0,00,00,72,15,513.92,625,543.47,559.24,63.839430,21.027690,1000.00,cifi0007.DBF
HRWG,10HRWG,0,00,00,72,16,544.57,654,573.82,590.57,63.839430,21.027690,1000.00,cifi0007.DBF
HRWG,10HRWG,0,00,00,72,17,573.17,680,602.05,619.85,63.839430,21.027690,1000.00,cifi0007.DBF
HRWG,10HRWG,0,00,00,72,18,599.83,703,628.28,647.08,63.839430,21.027690,1000.00,cifi0007.DBF
HRWG,10HRWG,0,00,00,72,19,624.75,724,652.71,672.41,63.839430,21.027690,1000.00,cifi0007.DBF
HRWG,10HRWG,0,00,00,72,20,648.42,744,675.80,696.17,63.839430,21.027690,1000.00,cifi0007.DBF
HRWG,10HRWG,0,00,00,72,21,671.57,764,698.25,718.94,63.839430,21.027690,1000.00,cifi0007.DBF
HRWG,10HRWG,0,00,00,72,22,695.18,783,720.99,741.54,63.839430,21.027690,1000.00,cifi0007.DBF
HRWG,10HRWG,0,00,00,72,23,720.90,803,745.52,765.17,63.839430,21.027690,1000.00,cifi0007.DBF
HRWG,10HRWG,0,00,00,72,24,751.22,827,774.13,791.74,63.839430,21.027690,1000.00,cifi0007.DBF
HRWG,10HRWG,0,00,00,72,25,787.94,854,808.33,823.15,63.839430,21.027690,1000.00,cifi0007.DBF
HRWG,10HRWG,0,00,00,72,26,835.46,889,852.00,862.09,63.839430,21.027690,1000.00,cifi0007.DBF
HRWG,10HRWG,0,00,00,72,27,901.43,935,911.79,913.82,63.839430,21.027690,1000.00,cifi0007.DBF
HRWG,10HRWG,0,00,00,72,28,1000.00,1000,1000.00,987.82,63.839430,21.027690,1000.00,cifi0007.DBF
HRWG,10HRWG,0,00,00,73,1,0.00,0,0.00,11.79,23.589640,23.589640,1000.00,cifi0007.DBF
HRWG,10HRWG,0,00,00,73,2,24.23,37,43.87,55.90,67.919450,23.589640,1000.00,cifi0007.DBF
HRWG,10HRWG,0,00,00,73,3,65.91,98,87.26,99.53,67.919450,23.589640,1000.00,cifi0007.DBF
HRWG,10HRWG,0,00,00,73,4,107.33,157,130.19,142.69,67.919450,23.589640,1000.00,cifi0007.DBF
HRWG,10HRWG,0,00,00,73,5,148.52,212,172.70,185.41,67.919450,23.589640,1000.00,cifi0007.DBF
HRWG,10HRWG,0,00,00,73,6,189.52,265,214.84,227.73,67.919450,23.589640,1000.00,cifi0007.DBF
HRWG,10HRWG,0,00,00,73,7,230.25,316,256.53,269.64,67.919450,23.589640,1000.00,cifi0007.DBF
HRWG,10HRWG,0,00,00,73,8,270.61,364,297.67,311.06,67.919450,23.589640,1000.00,cifi0007.DBF
HRWG,10HRWG,0,00,00,73,9,310.43,410,338.09,351.84,67.919450,23.589640,1000.00,cifi0007.DBF
HRWG,10HRWG,0,00,00,73,10,349.74,454,377.84,391.93,67.919450,23.589640,1000.00,cifi0007.DBF
HRWG,10HRWG,0,00,00,73,11,388.03,495,416.41,431.08,67.919450,23.589640,1000.00,cifi0007.DBF
HRWG,10HRWG,0,00,00,73,12,425.08,533,453.60,468.96,67.919450,23.589640,1000.00,cifi0007.DBF
HRWG,10HRWG,0,00,00,73,13,460.66,569,489.18,505.35,67.919450,23.589640,1000.00,cifi0007.DBF
HRWG,10HRWG,0,00,00,73,14,494.48,602,522.90,540.00,67.919450,23.589640,1000.00,cifi0007.DBF
HRWG,10HRWG,0,00,00,73,15,526.35,632,554.57,572.69,67.919450,23.589640,1000.00,cifi0007.DBF
HRWG,10HRWG,0,00,00,73,16,556.10,659,584.04,603.26,67.919450,23.589640,1000.00,cifi0007.DBF
HRWG,10HRWG,0,00,00,73,17,583.82,684,611.42,631.69,67.919450,23.589640,1000.00,cifi0007.DBF
HRWG,10HRWG,0,00,00,73,18,609.74,707,636.92,658.13,67.919450,23.589640,1000.00,cifi0007.DBF
HRWG,10HRWG,0,00,00,73,19,634.35,728,661.03,682.93,67.919450,23.589640,1000.00,cifi0007.DBF
HRWG,10HRWG,0,00,00,73,20,658.43,749,684.48,706.71,67.919450,23.589640,1000.00,cifi0007.DBF
HRWG,10HRWG,0,00,00,73,21,682.99,769,708.23,730.31,67.919450,23.589640,1000.00,cifi0007.DBF
HRWG,10HRWG,0,00,00,73,22,709.74,791,733.85,755.00,67.919450,23.589640,1000.00,cifi0007.DBF
HRWG,10HRWG,0,00,00,73,23,741.27,816,763.75,782.76,67.919450,23.589640,1000.00,cifi0007.DBF
HRWG,10HRWG,0,00,00,73,24,779.46,845,799.51,815.59,67.919450,23.589640,1000.00,cifi0007.DBF
HRWG,10HRWG,0,00,00,73,25,828.88,882,845.17,856.30,67.919450,23.589640,1000.00,cifi0007.DBF
HRWG,10HRWG,0,00,00,73,26,897.49,931,907.71,910.40,67.919450,23.589640,1000.00,cifi0007.DBF
HRWG,10HRWG,0,00,00,73,27,1000.00,1000,1000.00,987.82,67.919450,23.589640,1000.00,cifi0007.DBF
HRWG,10HRWG,0,00,00,74,1,0.00,0,0.00,13.23,26.466910,26.466910,1000.00,cifi0007.DBF
HRWG,10HRWG,0,00,00,74,2,27.14,40,45.35,58.84,72.324470,26.466910,1000.00,cifi0007.DBF
HRWG,10HRWG,0,00,00,74,3,70.28,103,90.22,103.94,72.324470,26.466910,1000.00,cifi0007.DBF
HRWG,10HRWG,0,00,00,74,4,113.18,162,134.65,148.60,72.324470,26.466910,1000.00,cifi0007.DBF
HRWG,10HRWG,0,00,00,74,5,155.88,218,178.69,192.84,72.324470,26.466910,1000.00,cifi0007.DBF
HRWG,10HRWG,0,00,00,74,6,198.30,272,222.27,236.64,72.324470,26.466910,1000.00,cifi0007.DBF
HRWG,10HRWG,0,00,00,74,7,240.33,324,265.26,279.93,72.324470,26.466910,1000.00,cifi0007.DBF
HRWG,10HRWG,0,00,00,74,8,281.80,372,307.51,322.55,72.324470,26.466910,1000.00,cifi0007.DBF
HRWG,10HRWG,0,00,00,74,9,322.75,419,349.06,364.45,72.324470,26.466910,1000.00,cifi0007.DBF
HRWG,10HRWG,0,00,00,74,10,362.63,462,389.37,405.38,72.324470,26.466910,1000.00,cifi0007.DBF
HRWG,10HRWG,0,00,00,74,11,401.22,503,428.24,444.97,72.324470,26.466910,1000.00,cifi0007.DBF
HRWG,10HRWG,0,00,00,74,12,438.27,541,465.43,483.00,72.324470,26.466910,1000.00,cifi0007.DBF
HRWG,10HRWG,0,00,00,74,13,473.50,576,500.68,519.22,72.324470,26.466910,1000.00,cifi0007.DBF
HRWG,10HRWG,0,00,00,74,14,506.69,608,533.79,553.40,72.324470,26.466910,1000.00,cifi0007.DBF
HRWG,10HRWG,0,00,00,74,15,537.67,637,564.59,585.35,72.324470,26.466910,1000.00,cifi0007.DBF
HRWG,10HRWG,0,00,00,74,16,566.55,664,593.21,615.06,72.324470,26.466910,1000.00,cifi0007.DBF
HRWG,10HRWG,0,00,00,74,17,593.55,688,619.88,642.71,72.324470,26.466910,1000.00,cifi0007.DBF
HRWG,10HRWG,0,00,00,74,18,619.18,711,645.08,668.64,72.324470,26.466910,1000.00,cifi0007.DBF
HRWG,10HRWG,0,00,00,74,19,644.25,732,669.61,693.51,72.324470,26.466910,1000.00,cifi0007.DBF
HRWG,10HRWG,0,00,00,74,20,669.83,754,694.45,718.19,72.324470,26.466910,1000.00,cifi0007.DBF
HRWG,10HRWG,0,00,00,74,21,697.69,777,721.26,744.01,72.324470,26.466910,1000.00,cifi0007.DBF
HRWG,10HRWG,0,00,00,74,22,730.53,804,752.54,773.06,72.324470,26.466910,1000.00,cifi0007.DBF
HRWG,10HRWG,0,00,00,74,23,770.31,835,789.98,807.42,72.324470,26.466910,1000.00,cifi0007.DBF
HRWG,10HRWG,0,00,00,74,24,821.77,875,837.79,850.05,72.324470,26.466910,1000.00,cifi0007.DBF
HRWG,10HRWG,0,00,00,74,25,893.23,927,903.31,906.71,72.324470,26.466910,1000.00,cifi0007.DBF
HRWG,10HRWG,0,00,00,74,26,1000.00,1000,1000.00,987.82,72.324470,26.466910,1000.00,cifi0007.DBF
HRWG,10HRWG,0,00,00,75,1,0.00,0,0.00,14.81,29.620080,29.620080,1000.00,cifi0007.DBF
HRWG,10HRWG,0,00,00,75,2,30.28,44,46.97,62.03,77.090520,29.620080,1000.00,cifi0007.DBF
HRWG,10HRWG,0,00,00,75,3,75.02,107,93.48,108.77,77.090520,29.620080,1000.00,cifi0007.DBF
HRWG,10HRWG,0,00,00,75,4,119.56,167,139.58,155.08,77.090520,29.620080,1000.00,cifi0007.DBF
HRWG,10HRWG,0,00,00,75,5,163.81,225,185.20,200.94,77.090520,29.620080,1000.00,cifi0007.DBF
HRWG,10HRWG,0,00,00,75,6,207.65,280,230.21,246.25,77.090520,29.620080,1000.00,cifi0007.DBF
HRWG,10HRWG,0,00,00,75,7,250.90,332,274.43,290.86,77.090520,29.620080,1000.00,cifi0007.DBF
HRWG,10HRWG,0,00,00,75,8,293.62,381,317.93,334.73,77.090520,29.620080,1000.00,cifi0007.DBF
HRWG,10HRWG,0,00,00,75,9,335.21,427,360.12,377.57,77.090520,29.620080,1000.00,cifi0007.DBF
HRWG,10HRWG,0,00,00,75,10,375.46,471,400.81,419.01,77.090520,29.620080,1000.00,cifi0007.DBF
HRWG,10HRWG,0,00,00,75,11,414.10,511,439.75,458.83,77.090520,29.620080,1000.00,cifi0007.DBF
HRWG,10HRWG,0,00,00,75,12,450.85,549,476.64,496.74,77.090520,29.620080,1000.00,cifi0007.DBF
HRWG,10HRWG,0,00,00,75,13,485.47,583,511.30,532.52,77.090520,29.620080,1000.00,cifi0007.DBF
HRWG,10HRWG,0,00,00,75,14,517.78,614,543.55,565.97,77.090520,29.620080,1000.00,cifi0007.DBF
HRWG,10HRWG,0,00,00,75,15,547.90,642,573.52,597.08,77.090520,29.620080,1000.00,cifi0007.DBF
HRWG,10HRWG,0,00,00,75,16,576.06,668,601.44,626.02,77.090520,29.620080,1000.00,cifi0007.DBF
HRWG,10HRWG,0,00,00,75,17,602.79,692,627.83,653.18,77.090520,29.620080,1000.00,cifi0007.DBF
HRWG,10HRWG,0,00,00,75,18,628.95,715,653.52,679.22,77.090520,29.620080,1000.00,cifi0007.DBF
HRWG,10HRWG,0,00,00,75,19,655.63,738,679.54,705.07,77.090520,29.620080,1000.00,cifi0007.DBF
HRWG,10HRWG,0,00,00,75,20,684.69,763,707.63,732.13,77.090520,29.620080,1000.00,cifi0007.DBF
HRWG,10HRWG,0,00,00,75,21,718.94,791,740.42,762.57,77.090520,29.620080,1000.00,cifi0007.DBF
HRWG,10HRWG,0,00,00,75,22,760.42,825,779.67,798.59,77.090520,29.620080,1000.00,cifi0007.DBF
HRWG,10HRWG,0,00,00,75,23,814.11,866,829.81,843.29,77.090520,29.620080,1000.00,cifi0007.DBF
HRWG,10HRWG,0,00,00,75,24,888.64,922,898.54,902.72,77.090520,29.620080,1000.00,cifi0007.DBF
HRWG,10HRWG,0,00,00,75,25,1000.00,1000,1000.00,987.82,77.090520,29.620080,1000.00,cifi0007.DBF
