cfic_plan,ql_plan,gender,uwclass,band,issue_age,policy_year,cash_value,pup_ins,term_rsv,mean_rsv,rl_netprem,fy_netprem,death_ben,source_file
ABFS,10ABFS,F,SM,00,0,1,0.00,0,0.00,2.00,2.940000,3.180000,0.00,cifi0007.DBF
ABFS,10ABFS,F,SM,00,0,2,0.00,0,2.00,2.00,2.940000,3.180000,0.00,cifi0007.DBF
ABFS,10ABFS,F,SM,00,0,3,0.00,0,4.00,4.00,2.940000,3.180000,0.00,cifi0007.DBF
ABFS,10ABFS,F,SM,00,0,4,0.00,0,7.00,7.00,2.940000,3.180000,0.00,cifi0007.DBF
ABFS,10ABFS,F,SM,00,0,5,0.00,0,9.00,9.00,2.940000,3.180000,0.00,cifi0007.DBF
ABFS,10ABFS,F,SM,00,0,6,0.00,0,12.00,12.00,2.940000,3.180000,0.00,cifi0007.DBF
ABFS,10ABFS,F,SM,00,0,7,0.00,0,15.00,15.00,2.940000,3.180000,0.00,cifi0007.DBF
ABFS,10ABFS,F,SM,00,0,8,0.00,0,17.00,17.00,2.940000,3.180000,0.00,cifi0007.DBF
ABFS,10ABFS,F,SM,00,0,9,0.00,0,21.00,20.00,2.940000,3.180000,0.00,cifi0007.DBF
ABFS,10ABFS,F,SM,00,0,10,0.00,0,24.00,24.00,2.940000,3.180000,0.00,cifi0007.DBF
ABFS,10ABFS,F,SM,00,0,11,0.00,0,27.00,27.00,2.940000,3.180000,0.00,cifi0007.DBF
ABFS,10ABFS,F,SM,00,0,12,2.00,52,31.00,30.00,2.940000,3.180000,0.00,cifi0007.DBF
ABFS,10ABFS,F,SM,00,0,13,4.00,99,34.00,34.00,2.940000,3.180000,0.00,cifi0007.DBF
ABFS,10ABFS,F,SM,00,0,14,6.00,141,38.00,37.00,2.940000,3.180000,0.00,cifi0007.DBF
ABFS,10ABFS,F,SM,00,0,15,8.00,179,42.00,41.00,2.940000,3.180000,0.00,cifi0007.DBF
ABFS,10ABFS,F,SM,00,0,16,10.00,214,46.00,45.00,2.940000,3.180000,0.00,cifi0007.DBF
ABFS,10ABFS,F,SM,00,0,17,12.00,246,50.00,49.00,2.940000,3.180000,0.00,cifi0007.DBF
ABFS,10ABFS,F,SM,00,0,18,14.00,275,54.00,53.00,2.940000,3.180000,0.00,cifi0007.DBF
ABFS,10ABFS,F,SM,00,0,19,17.00,319,59.00,58.00,2.940000,3.180000,0.00,cifi0007.DBF
ABFS,10ABFS,F,SM,00,0,20,19.00,342,63.00,62.00,2.940000,3.180000,0.00,cifi0007.DBF
ABFS,10ABFS,F,SM,00,0,21,22.00,378,68.00,67.00,2.940000,3.180000,0.00,cifi0007.DBF
ABFS,10ABFS,F,SM,00,0,22,24.00,395,73.00,72.00,2.940000,3.180000,0.00,cifi0007.DBF
ABFS,10ABFS,F,SM,00,0,23,27.00,424,78.00,77.00,2.940000,3.180000,0.00,cifi0007.DBF
ABFS,10ABFS,F,SM,00,0,24,31.00,465,83.00,82.00,2.940000,3.180000,0.00,cifi0007.DBF
ABFS,10ABFS,F,SM,00,0,25,34.00,487,88.00,87.00,2.940000,3.180000,0.00,cifi0007.DBF
ABFS,10ABFS,F,SM,00,0,26,37.00,506,94.00,92.00,2.940000,3.180000,0.00,cifi0007.DBF
ABFS,10ABFS,F,SM,00,0,27,41.00,535,100.00,98.00,2.940000,3.180000,0.00,cifi0007.DBF
ABFS,10ABFS,F,SM,00,0,28,45.00,560,106.00,104.00,2.940000,3.180000,0.00,cifi0007.DBF
ABFS,10ABFS,F,SM,00,0,29,49.00,581,113.00,111.00,2.940000,3.180000,0.00,cifi0007.DBF
ABFS,10ABFS,F,SM,00,0,30,53.00,599,119.00,117.00,2.940000,3.180000,0.00,cifi0007.DBF
ABFS,10ABFS,F,SM,00,0,31,58.00,625,126.00,124.00,2.940000,3.180000,0.00,cifi0007.DBF
ABFS,10ABFS,F,SM,00,0,32,62.00,637,133.00,131.00,2.940000,3.180000,0.00,cifi0007.DBF
ABFS,10ABFS,F,SM,00,0,33,67.00,655,141.00,138.00,2.940000,3.180000,0.00,cifi0007.DBF
ABFS,10ABFS,F,SM,00,0,34,73.00,680,148.00,146.00,2.940000,3.180000,0.00,cifi0007.DBF
ABFS,10ABFS,F,SM,00,0,35,78.00,693,156.00,153.00,2.940000,3.180000,0.00,cifi0007.DBF
ABFS,10ABFS,F,SM,00,0,36,84.00,710,165.00,162.00,2.940000,3.180000,0.00,cifi0007.DBF
ABFS,10ABFS,F,SM,00,0,37,90.00,725,173.00,170.00,2.940000,3.180000,0.00,cifi0007.DBF
ABFS,10ABFS,F,SM,00,0,38,97.00,745,182.00,179.00,2.940000,3.180000,0.00,cifi0007.DBF
ABFS,10ABFS,F,SM,00,0,39,103.00,755,191.00,188.00,2.940000,3.180000,0.00,cifi0007.DBF
ABFS,10ABFS,F,SM,00,0,40,110.00,769,200.00,197.00,2.940000,3.180000,0.00,cifi0007.DBF
ABFS,10ABFS,F,SM,00,0,41,117.00,781,209.00,206.00,2.940000,3.180000,0.00,cifi0007.DBF
ABFS,10ABFS,F,SM,00,0,42,124.00,791,219.00,215.00,2.940000,3.180000,0.00,cifi0007.DBF
ABFS,10ABFS,F,SM,00,0,43,132.00,806,228.00,225.00,2.940000,3.180000,0.00,cifi0007.DBF
ABFS,10ABFS,F,SM,00,0,44,139.00,812,238.00,234.00,2.940000,3.180000,0.00,cifi0007.DBF
ABFS,10ABFS,F,SM,00,0,45,147.00,822,248.00,244.00,2.940000,3.180000,0.00,cifi0007.DBF
ABFS,10ABFS,F,SM,00,0,46,155.00,830,259.00,255.00,2.940000,3.180000,0.00,cifi0007.DBF
ABFS,10ABFS,F,SM,00,0,47,164.00,841,269.00,265.00,2.940000,3.180000,0.00,cifi0007.DBF
ABFS,10ABFS,F,SM,00,0,48,173.00,851,280.00,276.00,2.940000,3.180000,0.00,cifi0007.DBF
ABFS,10ABFS,F,SM,00,0,49,182.00,858,291.00,287.00,2.940000,3.180000,0.00,cifi0007.DBF
ABFS,10ABFS,F,SM,00,0,50,191.00,864,302.00,298.00,2.940000,3.180000,0.00,cifi0007.DBF
ABFS,10ABFS,F,SM,00,0,51,201.00,872,314.00,309.00,2.940000,3.180000,0.00,cifi0007.DBF
ABFS,10ABFS,F,SM,00,0,52,211.00,879,326.00,321.00,2.940000,3.180000,0.00,cifi0007.DBF
ABFS,10ABFS,F,SM,00,0,53,221.00,884,338.00,333.00,2.940000,3.180000,0.00,cifi0007.DBF
ABFS,10ABFS,F,SM,00,0,54,232.00,891,350.00,345.00,2.940000,3.180000,0.00,cifi0007.DBF
ABFS,10ABFS,F,SM,00,0,55,243.00,897,362.00,357.00,2.940000,3.180000,0.00,cifi0007.DBF
ABFS,10ABFS,F,SM,00,0,56,254.00,901,375.00,370.00,2.940000,3.180000,0.00,cifi0007.DBF
ABFS,10ABFS,F,SM,00,0,57,266.00,908,388.00,383.00,2.940000,3.180000,0.00,cifi0007.DBF
ABFS,10ABFS,F,SM,00,0,58,278.00,913,401.00,396.00,2.940000,3.180000,0.00,cifi0007.DBF
ABFS,10ABFS,F,SM,00,0,59,291.00,919,414.00,409.00,2.940000,3.180000,0.00,cifi0007.DBF
ABFS,10ABFS,F,SM,00,0,60,304.00,923,428.00,422.00,2.940000,3.180000,0.00,cifi0007.DBF
ABFS,10ABFS,F,SM,00,0,61,317.00,925,443.00,437.00,2.940000,3.180000,0.00,cifi0007.DBF
ABFS,10ABFS,F,SM,00,0,62,332.00,932,457.00,451.00,2.940000,3.180000,0.00,cifi0007.DBF
ABFS,10ABFS,F,SM,00,0,63,346.00,934,472.00,466.00,2.940000,3.180000,0.00,cifi0007.DBF
ABFS,10ABFS,F,SM,00,0,64,361.00,938,487.00,481.00,2.940000,3.180000,0.00,cifi0007.DBF
ABFS,10ABFS,F,SM,00,0,65,376.00,941,502.00,496.00,2.940000,3.180000,0.00,cifi0007.DBF
ABFS,10ABFS,F,SM,00,0,66,392.00,946,517.00,511.00,2.940000,3.180000,0.00,cifi0007.DBF
ABFS,10ABFS,F,SM,00,0,67,408.00,950,533.00,526.00,2.940000,3.180000,0.00,cifi0007.DBF
ABFS,10ABFS,F,SM,00,0,68,424.00,954,548.00,542.00,2.940000,3.180000,0.00,cifi0007.DBF
ABFS,10ABFS,F,SM,00,0,69,440.00,955,564.00,557.00,2.940000,3.180000,0.00,cifi0007.DBF
ABFS,10ABFS,F,SM,00,0,70,457.00,958,579.00,573.00,2.940000,3.180000,0.00,cifi0007.DBF
ABFS,10ABFS,F,SM,00,0,71,475.00,962,596.00,589.00,2.940000,3.180000,0.00,cifi0007.DBF
ABFS,10ABFS,F,SM,00,0,72,492.00,963,612.00,605.00,2.940000,3.180000,0.00,cifi0007.DBF
ABFS,10ABFS,F,SM,00,0,73,511.00,967,628.00,621.00,2.940000,3.180000,0.00,cifi0007.DBF
ABFS,10ABFS,F,SM,00,0,74,529.00,969,644.00,637.00,2.940000,3.180000,0.00,cifi0007.DBF
ABFS,10ABFS,F,SM,00,0,75,547.00,972,660.00,653.00,2.940000,3.180000,0.00,cifi0007.DBF
ABFS,10ABFS,F,SM,00,0,76,564.00,972,675.00,669.00,2.940000,3.180000,0.00,cifi0007.DBF
ABFS,10ABFS,F,SM,00,0,77,582.00,975,690.00,684.00,2.940000,3.180000,0.00,cifi0007.DBF
ABFS,10ABFS,F,SM,00,0,78,599.00,977,705.00,699.00,2.940000,3.180000,0.00,cifi0007.DBF
ABFS,10ABFS,F,SM,00,0,79,616.00,978,719.00,713.00,2.940000,3.180000,0.00,cifi0007.DBF
ABFS,10ABFS,F,SM,00,0,80,633.00,979,733.00,727.00,2.940000,3.180000,0.00,cifi0007.DBF
ABFS,10ABFS,F,SM,00,0,81,650.00,981,747.00,741.00,2.940000,3.180000,0.00,cifi0007.DBF
ABFS,10ABFS,F,SM,00,0,82,667.00,983,761.00,755.00,2.940000,3.180000,0.00,cifi0007.DBF
ABFS,10ABFS,F,SM,00,0,83,683.00,983,774.00,769.00,2.940000,3.180000,0.00,cifi0007.DBF
ABFS,10ABFS,F,SM,00,0,84,699.00,985,787.00,782.00,2.940000,3.180000,0.00,cifi0007.DBF
ABFS,10ABFS,F,SM,00,0,85,715.00,987,799.00,794.00,2.940000,3.180000,0.00,cifi0007.DBF
ABFS,10ABFS,F,SM,00,0,86,729.00,987,810.00,806.00,2.940000,3.180000,0.00,cifi0007.DBF
ABFS,10ABFS,F,SM,00,0,87,743.00,988,821.00,817.00,2.940000,3.180000,0.00,cifi0007.DBF
ABFS,10ABFS,F,SM,00,0,88,757.00,989,831.00,827.00,2.940000,3.180000,0.00,cifi0007.DBF
ABFS,10ABFS,F,SM,00,0,89,770.00,990,841.00,837.00,2.940000,3.180000,0.00,cifi0007.DBF
ABFS,10ABFS,F,SM,00,0,90,783.00,990,850.00,847.00,2.940000,3.180000,0.00,cifi0007.DBF
ABFS,10ABFS,F,SM,00,0,91,797.00,992,860.00,856.00,2.940000,3.180000,0.00,cifi0007.DBF
ABFS,10ABFS,F,SM,00,0,92,810.00,992,870.00,866.00,2.940000,3.180000,0.00,cifi0007.DBF
ABFS,10ABFS,F,SM,00,0,93,825.00,994,880.00,876.00,2.940000,3.180000,0.00,cifi0007.DBF
ABFS,10ABFS,F,SM,00,0,94,840.00,994,891.00,887.00,2.940000,3.180000,0.00,cifi0007.DBF
ABFS,10ABFS,F,SM,00,0,95,857.00,995,903.00,898.00,2.940000,3.180000,0.00,cifi0007.DBF
ABFS,10ABFS,F,SM,00,0,96,876.00,996,916.00,911.00,2.940000,3.180000,0.00,cifi0007.DBF
ABFS,10ABFS,F,SM,00,0,97,896.00,997,929.00,924.00,2.940000,3.180000,0.00,cifi0007.DBF
ABFS,10ABFS,F,SM,00,0,98,917.00,998,943.00,937.00,2.940000,3.180000,0.00,cifi0007.DBF
ABFS,10ABFS,F,SM,00,0,99,937.00,998,954.00,950.00,2.940000,3.180000,0.00,cifi0007.DBF
ABFS,10ABFS,F,SM,00,1,1,0.00,0,0.00,0.00,3.040000,0.960000,0.00,cifi0007.DBF
ABFS,10ABFS,F,SM,00,1,2,0.00,0,2.00,3.00,3.040000,0.960000,0.00,cifi0007.DBF
ABFS,10ABFS,F,SM,00,1,3,0.00,0,5.00,5.00,3.040000,0.960000,0.00,cifi0007.DBF
ABFS,10ABFS,F,SM,00,1,4,0.00,0,7.00,8.00,3.040000,0.960000,0.00,cifi0007.DBF
ABFS,10ABFS,F,SM,00,1,5,0.00,0,10.00,10.00,3.040000,0.960000,0.00,cifi0007.DBF
ABFS,10ABFS,F,SM,00,1,6,0.00,0,13.00,13.00,3.040000,0.960000,0.00,cifi0007.DBF
ABFS,10ABFS,F,SM,00,1,7,0.00,0,15.00,16.00,3.040000,0.960000,0.00,cifi0007.DBF
ABFS,10ABFS,F,SM,00,1,8,0.00,0,19.00,19.00,3.040000,0.960000,0.00,cifi0007.DBF
ABFS,10ABFS,F,SM,00,1,9,0.00,0,22.00,22.00,3.040000,0.960000,0.00,cifi0007.DBF
ABFS,10ABFS,F,SM,00,1,10,1.00,27,25.00,25.00,3.040000,0.960000,0.00,cifi0007.DBF
ABFS,10ABFS,F,SM,00,1,11,3.00,78,29.00,29.00,3.040000,0.960000,0.00,cifi0007.DBF
ABFS,10ABFS,F,SM,00,1,12,5.00,123,32.00,32.00,3.040000,0.960000,0.00,cifi0007.DBF
ABFS,10ABFS,F,SM,00,1,13,7.00,164,36.00,36.00,3.040000,0.960000,0.00,cifi0007.DBF
ABFS,10ABFS,F,SM,00,1,14,9.00,202,40.00,40.00,3.040000,0.960000,0.00,cifi0007.DBF
ABFS,10ABFS,F,SM,00,1,15,11.00,236,44.00,44.00,3.040000,0.960000,0.00,cifi0007.DBF
ABFS,10ABFS,F,SM,00,1,16,13.00,267,48.00,48.00,3.040000,0.960000,0.00,cifi0007.DBF
ABFS,10ABFS,F,SM,00,1,17,15.00,295,52.00,52.00,3.040000,0.960000,0.00,cifi0007.DBF
ABFS,10ABFS,F,SM,00,1,18,18.00,338,57.00,56.00,3.040000,0.960000,0.00,cifi0007.DBF
ABFS,10ABFS,F,SM,00,1,19,20.00,360,61.00,61.00,3.040000,0.960000,0.00,cifi0007.DBF
ABFS,10ABFS,F,SM,00,1,20,23.00,396,66.00,65.00,3.040000,0.960000,0.00,cifi0007.DBF
ABFS,10ABFS,F,SM,00,1,21,26.00,427,71.00,70.00,3.040000,0.960000,0.00,cifi0007.DBF
ABFS,10ABFS,F,SM,00,1,22,29.00,456,76.00,75.00,3.040000,0.960000,0.00,cifi0007.DBF
ABFS,10ABFS,F,SM,00,1,23,32.00,480,81.00,80.00,3.040000,0.960000,0.00,cifi0007.DBF
ABFS,10ABFS,F,SM,00,1,24,35.00,501,87.00,86.00,3.040000,0.960000,0.00,cifi0007.DBF
ABFS,10ABFS,F,SM,00,1,25,38.00,519,92.00,91.00,3.040000,0.960000,0.00,cifi0007.DBF
ABFS,10ABFS,F,SM,00,1,26,42.00,548,98.00,97.00,3.040000,0.960000,0.00,cifi0007.DBF
ABFS,10ABFS,F,SM,00,1,27,46.00,572,104.00,103.00,3.040000,0.960000,0.00,cifi0007.DBF
ABFS,10ABFS,F,SM,00,1,28,50.00,593,111.00,109.00,3.040000,0.960000,0.00,cifi0007.DBF
ABFS,10ABFS,F,SM,00,1,29,54.00,610,117.00,116.00,3.040000,0.960000,0.00,cifi0007.DBF
ABFS,10ABFS,F,SM,00,1,30,59.00,636,124.00,122.00,3.040000,0.960000,0.00,cifi0007.DBF
ABFS,10ABFS,F,SM,00,1,31,64.00,657,131.00,129.00,3.040000,0.960000,0.00,cifi0007.DBF
ABFS,10ABFS,F,SM,00,1,32,69.00,675,139.00,137.00,3.040000,0.960000,0.00,cifi0007.DBF
ABFS,10ABFS,F,SM,00,1,33,74.00,690,147.00,145.00,3.040000,0.960000,0.00,cifi0007.DBF
ABFS,10ABFS,F,SM,00,1,34,79.00,701,155.00,153.00,3.040000,0.960000,0.00,cifi0007.DBF
ABFS,10ABFS,F,SM,00,1,35,85.00,719,163.00,161.00,3.040000,0.960000,0.00,cifi0007.DBF
ABFS,10ABFS,F,SM,00,1,36,91.00,733,171.00,169.00,3.040000,0.960000,0.00,cifi0007.DBF
ABFS,10ABFS,F,SM,00,1,37,98.00,753,180.00,177.00,3.040000,0.960000,0.00,cifi0007.DBF
ABFS,10ABFS,F,SM,00,1,38,104.00,762,189.00,186.00,3.040000,0.960000,0.00,cifi0007.DBF
ABFS,10ABFS,F,SM,00,1,39,111.00,776,198.00,195.00,3.040000,0.960000,0.00,cifi0007.DBF
ABFS,10ABFS,F,SM,00,1,40,118.00,788,208.00,205.00,3.040000,0.960000,0.00,cifi0007.DBF
ABFS,10ABFS,F,SM,00,1,41,125.00,798,217.00,214.00,3.040000,0.960000,0.00,cifi0007.DBF
ABFS,10ABFS,F,SM,00,1,42,133.00,812,227.00,224.00,3.040000,0.960000,0.00,cifi0007.DBF
ABFS,10ABFS,F,SM,00,1,43,140.00,818,237.00,234.00,3.040000,0.960000,0.00,cifi0007.DBF
ABFS,10ABFS,F,SM,00,1,44,148.00,827,247.00,244.00,3.040000,0.960000,0.00,cifi0007.DBF
ABFS,10ABFS,F,SM,00,1,45,156.00,835,257.00,254.00,3.040000,0.960000,0.00,cifi0007.DBF
ABFS,10ABFS,F,SM,00,1,46,165.00,847,268.00,264.00,3.040000,0.960000,0.00,cifi0007.DBF
ABFS,10ABFS,F,SM,00,1,47,174.00,856,279.00,275.00,3.040000,0.960000,0.00,cifi0007.DBF
ABFS,10ABFS,F,SM,00,1,48,183.00,863,290.00,286.00,3.040000,0.960000,0.00,cifi0007.DBF
ABFS,10ABFS,F,SM,00,1,49,192.00,868,301.00,297.00,3.040000,0.960000,0.00,cifi0007.DBF
ABFS,10ABFS,F,SM,00,1,50,202.00,876,312.00,308.00,3.040000,0.960000,0.00,cifi0007.DBF
ABFS,10ABFS,F,SM,00,1,51,212.00,883,324.00,320.00,3.040000,0.960000,0.00,cifi0007.DBF
ABFS,10ABFS,F,SM,00,1,52,222.00,888,336.00,332.00,3.040000,0.960000,0.00,cifi0007.DBF
ABFS,10ABFS,F,SM,00,1,53,233.00,895,348.00,344.00,3.040000,0.960000,0.00,cifi0007.DBF
ABFS,10ABFS,F,SM,00,1,54,244.00,901,361.00,356.00,3.040000,0.960000,0.00,cifi0007.DBF
ABFS,10ABFS,F,SM,00,1,55,255.00,905,374.00,369.00,3.040000,0.960000,0.00,cifi0007.DBF
ABFS,10ABFS,F,SM,00,1,56,267.00,911,386.00,382.00,3.040000,0.960000,0.00,cifi0007.DBF
ABFS,10ABFS,F,SM,00,1,57,279.00,916,400.00,395.00,3.040000,0.960000,0.00,cifi0007.DBF
ABFS,10ABFS,F,SM,00,1,58,291.00,919,413.00,408.00,3.040000,0.960000,0.00,cifi0007.DBF
ABFS,10ABFS,F,SM,00,1,59,305.00,926,427.00,422.00,3.040000,0.960000,0.00,cifi0007.DBF
ABFS,10ABFS,F,SM,00,1,60,318.00,928,442.00,436.00,3.040000,0.960000,0.00,cifi0007.DBF
ABFS,10ABFS,F,SM,00,1,61,333.00,935,456.00,451.00,3.040000,0.960000,0.00,cifi0007.DBF
ABFS,10ABFS,F,SM,00,1,62,347.00,937,471.00,465.00,3.040000,0.960000,0.00,cifi0007.DBF
ABFS,10ABFS,F,SM,00,1,63,362.00,941,486.00,480.00,3.040000,0.960000,0.00,cifi0007.DBF
ABFS,10ABFS,F,SM,00,1,64,377.00,944,501.00,495.00,3.040000,0.960000,0.00,cifi0007.DBF
ABFS,10ABFS,F,SM,00,1,65,393.00,949,516.00,510.00,3.040000,0.960000,0.00,cifi0007.DBF
ABFS,10ABFS,F,SM,00,1,66,408.00,950,532.00,526.00,3.040000,0.960000,0.00,cifi0007.DBF
ABFS,10ABFS,F,SM,00,1,67,424.00,954,547.00,541.00,3.040000,0.960000,0.00,cifi0007.DBF
ABFS,10ABFS,F,SM,00,1,68,441.00,958,563.00,557.00,3.040000,0.960000,0.00,cifi0007.DBF
ABFS,10ABFS,F,SM,00,1,69,458.00,961,579.00,573.00,3.040000,0.960000,0.00,cifi0007.DBF
ABFS,10ABFS,F,SM,00,1,70,475.00,962,595.00,589.00,3.040000,0.960000,0.00,cifi0007.DBF
ABFS,10ABFS,F,SM,00,1,71,493.00,965,611.00,605.00,3.040000,0.960000,0.00,cifi0007.DBF
ABFS,10ABFS,F,SM,00,1,72,511.00,967,627.00,621.00,3.040000,0.960000,0.00,cifi0007.DBF
ABFS,10ABFS,F,SM,00,1,73,529.00,969,643.00,637.00,3.040000,0.960000,0.00,cifi0007.DBF
ABFS,10ABFS,F,SM,00,1,74,547.00,972,659.00,653.00,3.040000,0.960000,0.00,cifi0007.DBF
ABFS,10ABFS,F,SM,00,1,75,565.00,974,675.00,669.00,3.040000,0.960000,0.00,cifi0007.DBF
ABFS,10ABFS,F,SM,00,1,76,582.00,975,690.00,684.00,3.040000,0.960000,0.00,cifi0007.DBF
ABFS,10ABFS,F,SM,00,1,77,600.00,978,704.00,699.00,3.040000,0.960000,0.00,cifi0007.DBF
ABFS,10ABFS,F,SM,00,1,78,617.00,980,719.00,713.00,3.040000,0.960000,0.00,cifi0007.DBF
ABFS,10ABFS,F,SM,00,1,79,634.00,981,733.00,728.00,3.040000,0.960000,0.00,cifi0007.DBF
ABFS,10ABFS,F,SM,00,1,80,651.00,982,747.00,742.00,3.040000,0.960000,0.00,cifi0007.DBF
ABFS,10ABFS,F,SM,00,1,81,667.00,983,760.00,755.00,3.040000,0.960000,0.00,cifi0007.DBF
ABFS,10ABFS,F,SM,00,1,82,684.00,985,773.00,768.00,3.040000,0.960000,0.00,cifi0007.DBF
ABFS,10ABFS,F,SM,00,1,83,700.00,986,786.00,781.00,3.040000,0.960000,0.00,cifi0007.DBF
ABFS,10ABFS,F,SM,00,1,84,715.00,987,798.00,794.00,3.040000,0.960000,0.00,cifi0007.DBF
ABFS,10ABFS,F,SM,00,1,85,730.00,988,809.00,805.00,3.040000,0.960000,0.00,cifi0007.DBF
ABFS,10ABFS,F,SM,00,1,86,744.00,989,820.00,816.00,3.040000,0.960000,0.00,cifi0007.DBF
ABFS,10ABFS,F,SM,00,1,87,757.00,989,831.00,827.00,3.040000,0.960000,0.00,cifi0007.DBF
ABFS,10ABFS,F,SM,00,1,88,770.00,990,840.00,837.00,3.040000,0.960000,0.00,cifi0007.DBF
ABFS,10ABFS,F,SM,00,1,89,784.00,992,850.00,847.00,3.040000,0.960000,0.00,cifi0007.DBF
ABFS,10ABFS,F,SM,00,1,90,797.00,992,860.00,857.00,3.040000,0.960000,0.00,cifi0007.DBF
ABFS,10ABFS,F,SM,00,1,91,811.00,993,870.00,867.00,3.040000,0.960000,0.00,cifi0007.DBF
ABFS,10ABFS,F,SM,00,1,92,825.00,994,880.00,877.00,3.040000,0.960000,0.00,cifi0007.DBF
ABFS,10ABFS,F,SM,00,1,93,840.00,994,891.00,887.00,3.040000,0.960000,0.00,cifi0007.DBF
ABFS,10ABFS,F,SM,00,1,94,857.00,995,902.00,898.00,3.040000,0.960000,0.00,cifi0007.DBF
ABFS,10ABFS,F,SM,00,1,95,876.00,996,915.00,910.00,3.040000,0.960000,0.00,cifi0007.DBF
ABFS,10ABFS,F,SM,00,1,96,896.00,997,929.00,924.00,3.040000,0.960000,0.00,cifi0007.DBF
ABFS,10ABFS,F,SM,00,1,97,917.00,998,943.00,938.00,3.040000,0.960000,0.00,cifi0007.DBF
ABFS,10ABFS,F,SM,00,1,98,937.00,998,954.00,950.00,3.040000,0.960000,0.00,cifi0007.DBF
ABFS,10ABFS,F,SM,00,2,1,0.00,0,0.00,0.00,3.140000,0.890000,0.00,cifi0007.DBF
ABFS,10ABFS,F,SM,00,2,2,0.00,0,2.00,3.00,3.140000,0.890000,0.00,cifi0007.DBF
ABFS,10ABFS,F,SM,00,2,3,0.00,0,5.00,5.00,3.140000,0.890000,0.00,cifi0007.DBF
ABFS,10ABFS,F,SM,00,2,4,0.00,0,8.00,8.00,3.140000,0.890000,0.00,cifi0007.DBF
ABFS,10ABFS,F,SM,00,2,5,0.00,0,10.00,11.00,3.140000,0.890000,0.00,cifi0007.DBF
ABFS,10ABFS,F,SM,00,2,6,0.00,0,13.00,13.00,3.140000,0.890000,0.00,cifi0007.DBF
ABFS,10ABFS,F,SM,00,2,7,0.00,0,16.00,16.00,3.140000,0.890000,0.00,cifi0007.DBF
ABFS,10ABFS,F,SM,00,2,8,0.00,0,20.00,20.00,3.140000,0.890000,0.00,cifi0007.DBF
ABFS,10ABFS,F,SM,00,2,9,0.00,0,23.00,23.00,3.140000,0.890000,0.00,cifi0007.DBF
ABFS,10ABFS,F,SM,00,2,10,2.00,52,27.00,27.00,3.140000,0.890000,0.00,cifi0007.DBF
ABFS,10ABFS,F,SM,00,2,11,4.00,99,30.00,30.00,3.140000,0.890000,0.00,cifi0007.DBF
ABFS,10ABFS,F,SM,00,2,12,6.00,141,34.00,34.00,3.140000,0.890000,0.00,cifi0007.DBF
ABFS,10ABFS,F,SM,00,2,13,8.00,179,38.00,38.00,3.140000,0.890000,0.00,cifi0007.DBF
ABFS,10ABFS,F,SM,00,2,14,10.00,214,42.00,42.00,3.140000,0.890000,0.00,cifi0007.DBF
ABFS,10ABFS,F,SM,00,2,15,12.00,246,46.00,46.00,3.140000,0.890000,0.00,cifi0007.DBF
ABFS,10ABFS,F,SM,00,2,16,15.00,295,50.00,50.00,3.140000,0.890000,0.00,cifi0007.DBF
ABFS,10ABFS,F,SM,00,2,17,17.00,319,55.00,54.00,3.140000,0.890000,0.00,cifi0007.DBF
ABFS,10ABFS,F,SM,00,2,18,19.00,342,59.00,59.00,3.140000,0.890000,0.00,cifi0007.DBF
ABFS,10ABFS,F,SM,00,2,19,22.00,378,64.00,63.00,3.140000,0.890000,0.00,cifi0007.DBF
ABFS,10ABFS,F,SM,00,2,20,25.00,411,69.00,68.00,3.140000,0.890000,0.00,cifi0007.DBF
ABFS,10ABFS,F,SM,00,2,21,28.00,440,74.00,73.00,3.140000,0.890000,0.00,cifi0007.DBF
ABFS,10ABFS,F,SM,00,2,22,31.00,465,79.00,78.00,3.140000,0.890000,0.00,cifi0007.DBF
ABFS,10ABFS,F,SM,00,2,23,34.00,487,84.00,83.00,3.140000,0.890000,0.00,cifi0007.DBF
ABFS,10ABFS,F,SM,00,2,24,38.00,519,90.00,89.00,3.140000,0.890000,0.00,cifi0007.DBF
ABFS,10ABFS,F,SM,00,2,25,41.00,535,96.00,95.00,3.140000,0.890000,0.00,cifi0007.DBF
ABFS,10ABFS,F,SM,00,2,26,45.00,560,102.00,101.00,3.140000,0.890000,0.00,cifi0007.DBF
ABFS,10ABFS,F,SM,00,2,27,49.00,581,109.00,107.00,3.140000,0.890000,0.00,cifi0007.DBF
ABFS,10ABFS,F,SM,00,2,28,54.00,610,115.00,114.00,3.140000,0.890000,0.00,cifi0007.DBF
ABFS,10ABFS,F,SM,00,2,29,58.00,625,122.00,120.00,3.140000,0.890000,0.00,cifi0007.DBF
ABFS,10ABFS,F,SM,00,2,30,63.00,647,130.00,128.00,3.140000,0.890000,0.00,cifi0007.DBF
ABFS,10ABFS,F,SM,00,2,31,68.00,665,137.00,135.00,3.140000,0.890000,0.00,cifi0007.DBF
ABFS,10ABFS,F,SM,00,2,32,73.00,680,145.00,143.00,3.140000,0.890000,0.00,cifi0007.DBF
ABFS,10ABFS,F,SM,00,2,33,79.00,701,153.00,151.00,3.140000,0.890000,0.00,cifi0007.DBF
ABFS,10ABFS,F,SM,00,2,34,84.00,710,161.00,159.00,3.140000,0.890000,0.00,cifi0007.DBF
ABFS,10ABFS,F,SM,00,2,35,91.00,733,169.00,167.00,3.140000,0.890000,0.00,cifi0007.DBF
ABFS,10ABFS,F,SM,00,2,36,97.00,745,178.00,175.00,3.140000,0.890000,0.00,cifi0007.DBF
ABFS,10ABFS,F,SM,00,2,37,103.00,755,187.00,184.00,3.140000,0.890000,0.00,cifi0007.DBF
ABFS,10ABFS,F,SM,00,2,38,110.00,769,196.00,193.00,3.140000,0.890000,0.00,cifi0007.DBF
ABFS,10ABFS,F,SM,00,2,39,117.00,781,206.00,203.00,3.140000,0.890000,0.00,cifi0007.DBF
ABFS,10ABFS,F,SM,00,2,40,124.00,791,215.00,212.00,3.140000,0.890000,0.00,cifi0007.DBF
ABFS,10ABFS,F,SM,00,2,41,132.00,806,225.00,222.00,3.140000,0.890000,0.00,cifi0007.DBF
ABFS,10ABFS,F,SM,00,2,42,140.00,818,235.00,232.00,3.140000,0.890000,0.00,cifi0007.DBF
ABFS,10ABFS,F,SM,00,2,43,147.00,822,245.00,242.00,3.140000,0.890000,0.00,cifi0007.DBF
ABFS,10ABFS,F,SM,00,2,44,156.00,835,255.00,252.00,3.140000,0.890000,0.00,cifi0007.DBF
ABFS,10ABFS,F,SM,00,2,45,164.00,841,266.00,262.00,3.140000,0.890000,0.00,cifi0007.DBF
ABFS,10ABFS,F,SM,00,2,46,173.00,851,277.00,273.00,3.140000,0.890000,0.00,cifi0007.DBF
ABFS,10ABFS,F,SM,00,2,47,182.00,858,288.00,284.00,3.140000,0.890000,0.00,cifi0007.DBF
ABFS,10ABFS,F,SM,00,2,48,191.00,864,299.00,295.00,3.140000,0.890000,0.00,cifi0007.DBF
ABFS,10ABFS,F,SM,00,2,49,201.00,872,311.00,307.00,3.140000,0.890000,0.00,cifi0007.DBF
ABFS,10ABFS,F,SM,00,2,50,211.00,879,323.00,319.00,3.140000,0.890000,0.00,cifi0007.DBF
ABFS,10ABFS,F,SM,00,2,51,222.00,888,335.00,331.00,3.140000,0.890000,0.00,cifi0007.DBF
ABFS,10ABFS,F,SM,00,2,52,232.00,891,347.00,343.00,3.140000,0.890000,0.00,cifi0007.DBF
ABFS,10ABFS,F,SM,00,2,53,243.00,897,359.00,355.00,3.140000,0.890000,0.00,cifi0007.DBF
ABFS,10ABFS,F,SM,00,2,54,254.00,901,372.00,367.00,3.140000,0.890000,0.00,cifi0007.DBF
ABFS,10ABFS,F,SM,00,2,55,266.00,908,385.00,380.00,3.140000,0.890000,0.00,cifi0007.DBF
ABFS,10ABFS,F,SM,00,2,56,278.00,913,398.00,393.00,3.140000,0.890000,0.00,cifi0007.DBF
ABFS,10ABFS,F,SM,00,2,57,291.00,919,412.00,407.00,3.140000,0.890000,0.00,cifi0007.DBF
ABFS,10ABFS,F,SM,00,2,58,304.00,923,426.00,421.00,3.140000,0.890000,0.00,cifi0007.DBF
ABFS,10ABFS,F,SM,00,2,59,318.00,928,440.00,435.00,3.140000,0.890000,0.00,cifi0007.DBF
ABFS,10ABFS,F,SM,00,2,60,332.00,932,455.00,449.00,3.140000,0.890000,0.00,cifi0007.DBF
ABFS,10ABFS,F,SM,00,2,61,347.00,937,470.00,464.00,3.140000,0.890000,0.00,cifi0007.DBF
ABFS,10ABFS,F,SM,00,2,62,362.00,941,485.00,479.00,3.140000,0.890000,0.00,cifi0007.DBF
ABFS,10ABFS,F,SM,00,2,63,377.00,944,500.00,494.00,3.140000,0.890000,0.00,cifi0007.DBF
ABFS,10ABFS,F,SM,00,2,64,392.00,946,515.00,509.00,3.140000,0.890000,0.00,cifi0007.DBF
ABFS,10ABFS,F,SM,00,2,65,408.00,950,531.00,525.00,3.140000,0.890000,0.00,cifi0007.DBF
ABFS,10ABFS,F,SM,00,2,66,424.00,954,546.00,540.00,3.140000,0.890000,0.00,cifi0007.DBF
ABFS,10ABFS,F,SM,00,2,67,440.00,955,562.00,556.00,3.140000,0.890000,0.00,cifi0007.DBF
ABFS,10ABFS,F,SM,00,2,68,457.00,958,578.00,572.00,3.140000,0.890000,0.00,cifi0007.DBF
ABFS,10ABFS,F,SM,00,2,69,475.00,962,594.00,588.00,3.140000,0.890000,0.00,cifi0007.DBF
ABFS,10ABFS,F,SM,00,2,70,493.00,965,610.00,604.00,3.140000,0.890000,0.00,cifi0007.DBF
ABFS,10ABFS,F,SM,00,2,71,511.00,967,626.00,620.00,3.140000,0.890000,0.00,cifi0007.DBF
ABFS,10ABFS,F,SM,00,2,72,529.00,969,643.00,636.00,3.140000,0.890000,0.00,cifi0007.DBF
ABFS,10ABFS,F,SM,00,2,73,547.00,972,658.00,652.00,3.140000,0.890000,0.00,cifi0007.DBF
ABFS,10ABFS,F,SM,00,2,74,564.00,972,674.00,668.00,3.140000,0.890000,0.00,cifi0007.DBF
ABFS,10ABFS,F,SM,00,2,75,582.00,975,689.00,683.00,3.140000,0.890000,0.00,cifi0007.DBF
ABFS,10ABFS,F,SM,00,2,76,599.00,977,703.00,698.00,3.140000,0.890000,0.00,cifi0007.DBF
ABFS,10ABFS,F,SM,00,2,77,616.00,978,718.00,712.00,3.140000,0.890000,0.00,cifi0007.DBF
ABFS,10ABFS,F,SM,00,2,78,633.00,979,732.00,727.00,3.140000,0.890000,0.00,cifi0007.DBF
ABFS,10ABFS,F,SM,00,2,79,650.00,981,746.00,741.00,3.140000,0.890000,0.00,cifi0007.DBF
ABFS,10ABFS,F,SM,00,2,80,667.00,983,760.00,755.00,3.140000,0.890000,0.00,cifi0007.DBF
ABFS,10ABFS,F,SM,00,2,81,684.00,985,773.00,768.00,3.140000,0.890000,0.00,cifi0007.DBF
ABFS,10ABFS,F,SM,00,2,82,700.00,986,786.00,781.00,3.140000,0.890000,0.00,cifi0007.DBF
ABFS,10ABFS,F,SM,00,2,83,715.00,987,798.00,794.00,3.140000,0.890000,0.00,cifi0007.DBF
ABFS,10ABFS,F,SM,00,2,84,729.00,987,809.00,805.00,3.140000,0.890000,0.00,cifi0007.DBF
ABFS,10ABFS,F,SM,00,2,85,743.00,988,820.00,816.00,3.140000,0.890000,0.00,cifi0007.DBF
ABFS,10ABFS,F,SM,00,2,86,757.00,989,830.00,827.00,3.140000,0.890000,0.00,cifi0007.DBF
ABFS,10ABFS,F,SM,00,2,87,770.00,990,840.00,837.00,3.140000,0.890000,0.00,cifi0007.DBF
ABFS,10ABFS,F,SM,00,2,88,783.00,990,850.00,847.00,3.140000,0.890000,0.00,cifi0007.DBF
ABFS,10ABFS,F,SM,00,2,89,797.00,992,859.00,856.00,3.140000,0.890000,0.00,cifi0007.DBF
ABFS,10ABFS,F,SM,00,2,90,810.00,992,869.00,866.00,3.140000,0.890000,0.00,cifi0007.DBF
ABFS,10ABFS,F,SM,00,2,91,825.00,994,879.00,876.00,3.140000,0.890000,0.00,cifi0007.DBF
ABFS,10ABFS,F,SM,00,2,92,840.00,994,890.00,886.00,3.140000,0.890000,0.00,cifi0007.DBF
ABFS,10ABFS,F,SM,00,2,93,857.00,995,902.00,898.00,3.140000,0.890000,0.00,cifi0007.DBF
ABFS,10ABFS,F,SM,00,2,94,876.00,996,915.00,910.00,3.140000,0.890000,0.00,cifi0007.DBF
ABFS,10ABFS,F,SM,00,2,95,896.00,997,929.00,924.00,3.140000,0.890000,0.00,cifi0007.DBF
ABFS,10ABFS,F,SM,00,2,96,917.00,998,943.00,938.00,3.140000,0.890000,0.00,cifi0007.DBF
ABFS,10ABFS,F,SM,00,2,97,937.00,998,954.00,950.00,3.140000,0.890000,0.00,cifi0007.DBF
ABFS,10ABFS,F,SM,00,3,1,0.00,0,0.00,0.00,3.250000,0.870000,0.00,cifi0007.DBF
ABFS,10ABFS,F,SM,00,3,2,0.00,0,3.00,3.00,3.250000,0.870000,0.00,cifi0007.DBF
ABFS,10ABFS,F,SM,00,3,3,0.00,0,5.00,6.00,3.250000,0.870000,0.00,cifi0007.DBF
ABFS,10ABFS,F,SM,00,3,4,0.00,0,8.00,8.00,3.250000,0.870000,0.00,cifi0007.DBF
ABFS,10ABFS,F,SM,00,3,5,0.00,0,11.00,11.00,3.250000,0.870000,0.00,cifi0007.DBF
ABFS,10ABFS,F,SM,00,3,6,0.00,0,14.00,14.00,3.250000,0.870000,0.00,cifi0007.DBF
ABFS,10ABFS,F,SM,00,3,7,0.00,0,17.00,17.00,3.250000,0.870000,0.00,cifi0007.DBF
ABFS,10ABFS,F,SM,00,3,8,0.00,0,21.00,21.00,3.250000,0.870000,0.00,cifi0007.DBF
ABFS,10ABFS,F,SM,00,3,9,1.00,26,24.00,24.00,3.250000,0.870000,0.00,cifi0007.DBF
ABFS,10ABFS,F,SM,00,3,10,3.00,74,28.00,28.00,3.250000,0.870000,0.00,cifi0007.DBF
ABFS,10ABFS,F,SM,00,3,11,5.00,118,32.00,32.00,3.250000,0.870000,0.00,cifi0007.DBF
ABFS,10ABFS,F,SM,00,3,12,7.00,157,36.00,36.00,3.250000,0.870000,0.00,cifi0007.DBF
ABFS,10ABFS,F,SM,00,3,13,9.00,193,40.00,40.00,3.250000,0.870000,0.00,cifi0007.DBF
ABFS,10ABFS,F,SM,00,3,14,11.00,226,44.00,44.00,3.250000,0.870000,0.00,cifi0007.DBF
ABFS,10ABFS,F,SM,00,3,15,14.00,275,48.00,48.00,3.250000,0.870000,0.00,cifi0007.DBF
ABFS,10ABFS,F,SM,00,3,16,16.00,301,52.00,52.00,3.250000,0.870000,0.00,cifi0007.DBF
ABFS,10ABFS,F,SM,00,3,17,18.00,324,57.00,56.00,3.250000,0.870000,0.00,cifi0007.DBF
ABFS,10ABFS,F,SM,00,3,18,21.00,361,61.00,61.00,3.250000,0.870000,0.00,cifi0007.DBF
ABFS,10ABFS,F,SM,00,3,19,24.00,395,66.00,65.00,3.250000,0.870000,0.00,cifi0007.DBF
ABFS,10ABFS,F,SM,00,3,20,27.00,424,71.00,70.00,3.250000,0.870000,0.00,cifi0007.DBF
ABFS,10ABFS,F,SM,00,3,21,30.00,450,77.00,76.00,3.250000,0.870000,0.00,cifi0007.DBF
ABFS,10ABFS,F,SM,00,3,22,33.00,473,82.00,81.00,3.250000,0.870000,0.00,cifi0007.DBF
ABFS,10ABFS,F,SM,00,3,23,37.00,506,88.00,87.00,3.250000,0.870000,0.00,cifi0007.DBF
ABFS,10ABFS,F,SM,00,3,24,40.00,522,94.00,93.00,3.250000,0.870000,0.00,cifi0007.DBF
ABFS,10ABFS,F,SM,00,3,25,44.00,547,100.00,99.00,3.250000,0.870000,0.00,cifi0007.DBF
ABFS,10ABFS,F,SM,00,3,26,48.00,569,107.00,105.00,3.250000,0.870000,0.00,cifi0007.DBF
ABFS,10ABFS,F,SM,00,3,27,53.00,599,113.00,112.00,3.250000,0.870000,0.00,cifi0007.DBF
ABFS,10ABFS,F,SM,00,3,28,57.00,614,120.00,118.00,3.250000,0.870000,0.00,cifi0007.DBF
ABFS,10ABFS,F,SM,00,3,29,62.00,637,127.00,125.00,3.250000,0.870000,0.00,cifi0007.DBF
ABFS,10ABFS,F,SM,00,3,30,67.00,655,135.00,133.00,3.250000,0.870000,0.00,cifi0007.DBF
ABFS,10ABFS,F,SM,00,3,31,72.00,671,143.00,141.00,3.250000,0.870000,0.00,cifi0007.DBF
ABFS,10ABFS,F,SM,00,3,32,78.00,693,151.00,149.00,3.250000,0.870000,0.00,cifi0007.DBF
ABFS,10ABFS,F,SM,00,3,33,84.00,710,159.00,157.00,3.250000,0.870000,0.00,cifi0007.DBF
ABFS,10ABFS,F,SM,00,3,34,90.00,725,167.00,165.00,3.250000,0.870000,0.00,cifi0007.DBF
ABFS,10ABFS,F,SM,00,3,35,96.00,737,176.00,173.00,3.250000,0.870000,0.00,cifi0007.DBF
ABFS,10ABFS,F,SM,00,3,36,103.00,755,185.00,182.00,3.250000,0.870000,0.00,cifi0007.DBF
ABFS,10ABFS,F,SM,00,3,37,109.00,762,194.00,191.00,3.250000,0.870000,0.00,cifi0007.DBF
ABFS,10ABFS,F,SM,00,3,38,116.00,774,204.00,201.00,3.250000,0.870000,0.00,cifi0007.DBF
ABFS,10ABFS,F,SM,00,3,39,124.00,791,213.00,210.00,3.250000,0.870000,0.00,cifi0007.DBF
ABFS,10ABFS,F,SM,00,3,40,131.00,799,223.00,220.00,3.250000,0.870000,0.00,cifi0007.DBF
ABFS,10ABFS,F,SM,00,3,41,139.00,812,233.00,230.00,3.250000,0.870000,0.00,cifi0007.DBF
ABFS,10ABFS,F,SM,00,3,42,147.00,822,243.00,240.00,3.250000,0.870000,0.00,cifi0007.DBF
ABFS,10ABFS,F,SM,00,3,43,155.00,830,254.00,250.00,3.250000,0.870000,0.00,cifi0007.DBF
ABFS,10ABFS,F,SM,00,3,44,163.00,836,264.00,261.00,3.250000,0.870000,0.00,cifi0007.DBF
ABFS,10ABFS,F,SM,00,3,45,172.00,846,275.00,271.00,3.250000,0.870000,0.00,cifi0007.DBF
ABFS,10ABFS,F,SM,00,3,46,181.00,853,286.00,282.00,3.250000,0.870000,0.00,cifi0007.DBF
ABFS,10ABFS,F,SM,00,3,47,191.00,864,298.00,294.00,3.250000,0.870000,0.00,cifi0007.DBF
ABFS,10ABFS,F,SM,00,3,48,200.00,868,309.00,305.00,3.250000,0.870000,0.00,cifi0007.DBF
ABFS,10ABFS,F,SM,00,3,49,210.00,874,321.00,317.00,3.250000,0.870000,0.00,cifi0007.DBF
ABFS,10ABFS,F,SM,00,3,50,221.00,884,333.00,329.00,3.250000,0.870000,0.00,cifi0007.DBF
ABFS,10ABFS,F,SM,00,3,51,231.00,887,345.00,341.00,3.250000,0.870000,0.00,cifi0007.DBF
ABFS,10ABFS,F,SM,00,3,52,242.00,893,358.00,353.00,3.250000,0.870000,0.00,cifi0007.DBF
ABFS,10ABFS,F,SM,00,3,53,254.00,901,371.00,366.00,3.250000,0.870000,0.00,cifi0007.DBF
ABFS,10ABFS,F,SM,00,3,54,265.00,904,384.00,379.00,3.250000,0.870000,0.00,cifi0007.DBF
ABFS,10ABFS,F,SM,00,3,55,278.00,913,397.00,392.00,3.250000,0.870000,0.00,cifi0007.DBF
ABFS,10ABFS,F,SM,00,3,56,290.00,915,410.00,405.00,3.250000,0.870000,0.00,cifi0007.DBF
ABFS,10ABFS,F,SM,00,3,57,303.00,920,425.00,419.00,3.250000,0.870000,0.00,cifi0007.DBF
ABFS,10ABFS,F,SM,00,3,58,317.00,925,439.00,434.00,3.250000,0.870000,0.00,cifi0007.DBF
ABFS,10ABFS,F,SM,00,3,59,331.00,929,454.00,448.00,3.250000,0.870000,0.00,cifi0007.DBF
ABFS,10ABFS,F,SM,00,3,60,346.00,934,469.00,463.00,3.250000,0.870000,0.00,cifi0007.DBF
ABFS,10ABFS,F,SM,00,3,61,361.00,938,484.00,478.00,3.250000,0.870000,0.00,cifi0007.DBF
ABFS,10ABFS,F,SM,00,3,62,376.00,941,499.00,493.00,3.250000,0.870000,0.00,cifi0007.DBF
ABFS,10ABFS,F,SM,00,3,63,392.00,946,514.00,508.00,3.250000,0.870000,0.00,cifi0007.DBF
ABFS,10ABFS,F,SM,00,3,64,407.00,948,530.00,524.00,3.250000,0.870000,0.00,cifi0007.DBF
ABFS,10ABFS,F,SM,00,3,65,423.00,951,545.00,539.00,3.250000,0.870000,0.00,cifi0007.DBF
ABFS,10ABFS,F,SM,00,3,66,440.00,955,561.00,555.00,3.250000,0.870000,0.00,cifi0007.DBF
ABFS,10ABFS,F,SM,00,3,67,457.00,958,577.00,571.00,3.250000,0.870000,0.00,cifi0007.DBF
ABFS,10ABFS,F,SM,00,3,68,474.00,960,593.00,587.00,3.250000,0.870000,0.00,cifi0007.DBF
ABFS,10ABFS,F,SM,00,3,69,492.00,963,609.00,603.00,3.250000,0.870000,0.00,cifi0007.DBF
ABFS,10ABFS,F,SM,00,3,70,510.00,965,626.00,619.00,3.250000,0.870000,0.00,cifi0007.DBF
ABFS,10ABFS,F,SM,00,3,71,528.00,968,642.00,636.00,3.250000,0.870000,0.00,cifi0007.DBF
ABFS,10ABFS,F,SM,00,3,72,546.00,970,658.00,652.00,3.250000,0.870000,0.00,cifi0007.DBF
ABFS,10ABFS,F,SM,00,3,73,564.00,972,673.00,667.00,3.250000,0.870000,0.00,cifi0007.DBF
ABFS,10ABFS,F,SM,00,3,74,581.00,974,688.00,682.00,3.250000,0.870000,0.00,cifi0007.DBF
ABFS,10ABFS,F,SM,00,3,75,599.00,977,703.00,697.00,3.250000,0.870000,0.00,cifi0007.DBF
ABFS,10ABFS,F,SM,00,3,76,616.00,978,717.00,712.00,3.250000,0.870000,0.00,cifi0007.DBF
ABFS,10ABFS,F,SM,00,3,77,633.00,979,731.00,726.00,3.250000,0.870000,0.00,cifi0007.DBF
ABFS,10ABFS,F,SM,00,3,78,650.00,981,745.00,740.00,3.250000,0.870000,0.00,cifi0007.DBF
ABFS,10ABFS,F,SM,00,3,79,667.00,983,759.00,754.00,3.250000,0.870000,0.00,cifi0007.DBF
ABFS,10ABFS,F,SM,00,3,80,683.00,983,772.00,767.00,3.250000,0.870000,0.00,cifi0007.DBF
ABFS,10ABFS,F,SM,00,3,81,699.00,985,785.00,780.00,3.250000,0.870000,0.00,cifi0007.DBF
ABFS,10ABFS,F,SM,00,3,82,714.00,985,797.00,793.00,3.250000,0.870000,0.00,cifi0007.DBF
ABFS,10ABFS,F,SM,00,3,83,729.00,987,809.00,805.00,3.250000,0.870000,0.00,cifi0007.DBF
ABFS,10ABFS,F,SM,00,3,84,743.00,988,819.00,816.00,3.250000,0.870000,0.00,cifi0007.DBF
ABFS,10ABFS,F,SM,00,3,85,757.00,989,830.00,826.00,3.250000,0.870000,0.00,cifi0007.DBF
ABFS,10ABFS,F,SM,00,3,86,770.00,990,840.00,837.00,3.250000,0.870000,0.00,cifi0007.DBF
ABFS,10ABFS,F,SM,00,3,87,783.00,990,849.00,846.00,3.250000,0.870000,0.00,cifi0007.DBF
ABFS,10ABFS,F,SM,00,3,88,797.00,992,859.00,856.00,3.250000,0.870000,0.00,cifi0007.DBF
ABFS,10ABFS,F,SM,00,3,89,810.00,992,869.00,866.00,3.250000,0.870000,0.00,cifi0007.DBF
ABFS,10ABFS,F,SM,00,3,90,824.00,992,879.00,876.00,3.250000,0.870000,0.00,cifi0007.DBF
ABFS,10ABFS,F,SM,00,3,91,840.00,994,890.00,886.00,3.250000,0.870000,0.00,cifi0007.DBF
ABFS,10ABFS,F,SM,00,3,92,857.00,995,902.00,898.00,3.250000,0.870000,0.00,cifi0007.DBF
ABFS,10ABFS,F,SM,00,3,93,876.00,996,915.00,910.00,3.250000,0.870000,0.00,cifi0007.DBF
ABFS,10ABFS,F,SM,00,3,94,896.00,997,929.00,924.00,3.250000,0.870000,0.00,cifi0007.DBF
ABFS,10ABFS,F,SM,00,3,95,917.00,998,943.00,938.00,3.250000,0.870000,0.00,cifi0007.DBF
ABFS,10ABFS,F,SM,00,3,96,937.00,998,954.00,950.00,3.250000,0.870000,0.00,cifi0007.DBF
ABFS,10ABFS,F,SM,00,4,1,0.00,0,0.00,0.00,3.370000,0.850000,0.00,cifi0007.DBF
ABFS,10ABFS,F,SM,00,4,2,0.00,0,3.00,3.00,3.370000,0.850000,0.00,cifi0007.DBF
ABFS,10ABFS,F,SM,00,4,3,0.00,0,5.00,6.00,3.370000,0.850000,0.00,cifi0007.DBF
ABFS,10ABFS,F,SM,00,4,4,0.00,0,8.00,8.00,3.370000,0.850000,0.00,cifi0007.DBF
ABFS,10ABFS,F,SM,00,4,5,0.00,0,11.00,11.00,3.370000,0.850000,0.00,cifi0007.DBF
ABFS,10ABFS,F,SM,00,4,6,0.00,0,15.00,15.00,3.370000,0.850000,0.00,cifi0007.DBF
ABFS,10ABFS,F,SM,00,4,7,0.00,0,18.00,18.00,3.370000,0.850000,0.00,cifi0007.DBF
ABFS,10ABFS,F,SM,00,4,8,0.00,0,22.00,22.00,3.370000,0.850000,0.00,cifi0007.DBF
ABFS,10ABFS,F,SM,00,4,9,2.00,50,25.00,25.00,3.370000,0.850000,0.00,cifi0007.DBF
ABFS,10ABFS,F,SM,00,4,10,4.00,94,29.00,29.00,3.370000,0.850000,0.00,cifi0007.DBF
ABFS,10ABFS,F,SM,00,4,11,6.00,135,33.00,33.00,3.370000,0.850000,0.00,cifi0007.DBF
ABFS,10ABFS,F,SM,00,4,12,8.00,172,37.00,37.00,3.370000,0.850000,0.00,cifi0007.DBF
ABFS,10ABFS,F,SM,00,4,13,10.00,205,41.00,41.00,3.370000,0.850000,0.00,cifi0007.DBF
ABFS,10ABFS,F,SM,00,4,14,13.00,255,45.00,45.00,3.370000,0.850000,0.00,cifi0007.DBF
ABFS,10ABFS,F,SM,00,4,15,15.00,282,50.00,49.00,3.370000,0.850000,0.00,cifi0007.DBF
ABFS,10ABFS,F,SM,00,4,16,17.00,306,54.00,54.00,3.370000,0.850000,0.00,cifi0007.DBF
ABFS,10ABFS,F,SM,00,4,17,20.00,344,59.00,58.00,3.370000,0.850000,0.00,cifi0007.DBF
ABFS,10ABFS,F,SM,00,4,18,23.00,378,64.00,63.00,3.370000,0.850000,0.00,cifi0007.DBF
ABFS,10ABFS,F,SM,00,4,19,26.00,408,69.00,68.00,3.370000,0.850000,0.00,cifi0007.DBF
ABFS,10ABFS,F,SM,00,4,20,29.00,435,74.00,73.00,3.370000,0.850000,0.00,cifi0007.DBF
ABFS,10ABFS,F,SM,00,4,21,32.00,458,80.00,79.00,3.370000,0.850000,0.00,cifi0007.DBF
ABFS,10ABFS,F,SM,00,4,22,36.00,492,86.00,85.00,3.370000,0.850000,0.00,cifi0007.DBF
ABFS,10ABFS,F,SM,00,4,23,39.00,509,92.00,91.00,3.370000,0.850000,0.00,cifi0007.DBF
ABFS,10ABFS,F,SM,00,4,24,43.00,535,98.00,97.00,3.370000,0.850000,0.00,cifi0007.DBF
ABFS,10ABFS,F,SM,00,4,25,47.00,557,104.00,103.00,3.370000,0.850000,0.00,cifi0007.DBF
ABFS,10ABFS,F,SM,00,4,26,52.00,588,111.00,109.00,3.370000,0.850000,0.00,cifi0007.DBF
ABFS,10ABFS,F,SM,00,4,27,56.00,603,118.00,116.00,3.370000,0.850000,0.00,cifi0007.DBF
ABFS,10ABFS,F,SM,00,4,28,61.00,626,125.00,123.00,3.370000,0.850000,0.00,cifi0007.DBF
ABFS,10ABFS,F,SM,00,4,29,66.00,646,133.00,131.00,3.370000,0.850000,0.00,cifi0007.DBF
ABFS,10ABFS,F,SM,00,4,30,71.00,662,140.00,138.00,3.370000,0.850000,0.00,cifi0007.DBF
ABFS,10ABFS,F,SM,00,4,31,77.00,684,149.00,146.00,3.370000,0.850000,0.00,cifi0007.DBF
ABFS,10ABFS,F,SM,00,4,32,83.00,702,157.00,155.00,3.370000,0.850000,0.00,cifi0007.DBF
ABFS,10ABFS,F,SM,00,4,33,89.00,717,165.00,163.00,3.370000,0.850000,0.00,cifi0007.DBF
ABFS,10ABFS,F,SM,00,4,34,95.00,730,174.00,171.00,3.370000,0.850000,0.00,cifi0007.DBF
ABFS,10ABFS,F,SM,00,4,35,102.00,747,183.00,180.00,3.370000,0.850000,0.00,cifi0007.DBF
ABFS,10ABFS,F,SM,00,4,36,108.00,755,192.00,189.00,3.370000,0.850000,0.00,cifi0007.DBF
ABFS,10ABFS,F,SM,00,4,37,115.00,768,202.00,199.00,3.370000,0.850000,0.00,cifi0007.DBF
ABFS,10ABFS,F,SM,00,4,38,123.00,785,211.00,208.00,3.370000,0.850000,0.00,cifi0007.DBF
ABFS,10ABFS,F,SM,00,4,39,130.00,793,221.00,218.00,3.370000,0.850000,0.00,cifi0007.DBF
ABFS,10ABFS,F,SM,00,4,40,138.00,806,231.00,228.00,3.370000,0.850000,0.00,cifi0007.DBF
ABFS,10ABFS,F,SM,00,4,41,146.00,816,241.00,238.00,3.370000,0.850000,0.00,cifi0007.DBF
ABFS,10ABFS,F,SM,00,4,42,154.00,825,252.00,248.00,3.370000,0.850000,0.00,cifi0007.DBF
ABFS,10ABFS,F,SM,00,4,43,162.00,831,262.00,259.00,3.370000,0.850000,0.00,cifi0007.DBF
ABFS,10ABFS,F,SM,00,4,44,171.00,841,273.00,269.00,3.370000,0.850000,0.00,cifi0007.DBF
ABFS,10ABFS,F,SM,00,4,45,180.00,849,284.00,280.00,3.370000,0.850000,0.00,cifi0007.DBF
ABFS,10ABFS,F,SM,00,4,46,190.00,859,296.00,292.00,3.370000,0.850000,0.00,cifi0007.DBF
ABFS,10ABFS,F,SM,00,4,47,199.00,863,308.00,304.00,3.370000,0.850000,0.00,cifi0007.DBF
ABFS,10ABFS,F,SM,00,4,48,210.00,874,319.00,315.00,3.370000,0.850000,0.00,cifi0007.DBF
ABFS,10ABFS,F,SM,00,4,49,220.00,880,332.00,327.00,3.370000,0.850000,0.00,cifi0007.DBF
ABFS,10ABFS,F,SM,00,4,50,231.00,887,344.00,340.00,3.370000,0.850000,0.00,cifi0007.DBF
ABFS,10ABFS,F,SM,00,4,51,242.00,893,356.00,352.00,3.370000,0.850000,0.00,cifi0007.DBF
ABFS,10ABFS,F,SM,00,4,52,253.00,898,369.00,364.00,3.370000,0.850000,0.00,cifi0007.DBF
ABFS,10ABFS,F,SM,00,4,53,265.00,904,382.00,377.00,3.370000,0.850000,0.00,cifi0007.DBF
ABFS,10ABFS,F,SM,00,4,54,277.00,909,395.00,390.00,3.370000,0.850000,0.00,cifi0007.DBF
ABFS,10ABFS,F,SM,00,4,55,289.00,912,409.00,404.00,3.370000,0.850000,0.00,cifi0007.DBF
ABFS,10ABFS,F,SM,00,4,56,303.00,920,423.00,418.00,3.370000,0.850000,0.00,cifi0007.DBF
ABFS,10ABFS,F,SM,00,4,57,316.00,922,438.00,432.00,3.370000,0.850000,0.00,cifi0007.DBF
ABFS,10ABFS,F,SM,00,4,58,331.00,929,452.00,447.00,3.370000,0.850000,0.00,cifi0007.DBF
ABFS,10ABFS,F,SM,00,4,59,345.00,931,467.00,461.00,3.370000,0.850000,0.00,cifi0007.DBF
ABFS,10ABFS,F,SM,00,4,60,360.00,936,483.00,477.00,3.370000,0.850000,0.00,cifi0007.DBF
ABFS,10ABFS,F,SM,00,4,61,375.00,939,498.00,492.00,3.370000,0.850000,0.00,cifi0007.DBF
ABFS,10ABFS,F,SM,00,4,62,391.00,944,513.00,507.00,3.370000,0.850000,0.00,cifi0007.DBF
ABFS,10ABFS,F,SM,00,4,63,407.00,948,528.00,522.00,3.370000,0.850000,0.00,cifi0007.DBF
ABFS,10ABFS,F,SM,00,4,64,423.00,951,544.00,538.00,3.370000,0.850000,0.00,cifi0007.DBF
ABFS,10ABFS,F,SM,00,4,65,439.00,953,559.00,553.00,3.370000,0.850000,0.00,cifi0007.DBF
ABFS,10ABFS,F,SM,00,4,66,456.00,956,575.00,569.00,3.370000,0.850000,0.00,cifi0007.DBF
ABFS,10ABFS,F,SM,00,4,67,474.00,960,592.00,585.00,3.370000,0.850000,0.00,cifi0007.DBF
ABFS,10ABFS,F,SM,00,4,68,492.00,963,608.00,602.00,3.370000,0.850000,0.00,cifi0007.DBF
ABFS,10ABFS,F,SM,00,4,69,510.00,965,625.00,618.00,3.370000,0.850000,0.00,cifi0007.DBF
ABFS,10ABFS,F,SM,00,4,70,528.00,968,641.00,635.00,3.370000,0.850000,0.00,cifi0007.DBF
ABFS,10ABFS,F,SM,00,4,71,546.00,970,657.00,651.00,3.370000,0.850000,0.00,cifi0007.DBF
ABFS,10ABFS,F,SM,00,4,72,564.00,972,672.00,666.00,3.370000,0.850000,0.00,cifi0007.DBF
ABFS,10ABFS,F,SM,00,4,73,581.00,974,687.00,681.00,3.370000,0.850000,0.00,cifi0007.DBF
ABFS,10ABFS,F,SM,00,4,74,598.00,975,702.00,696.00,3.370000,0.850000,0.00,cifi0007.DBF
ABFS,10ABFS,F,SM,00,4,75,616.00,978,717.00,711.00,3.370000,0.850000,0.00,cifi0007.DBF
ABFS,10ABFS,F,SM,00,4,76,633.00,979,731.00,726.00,3.370000,0.850000,0.00,cifi0007.DBF
ABFS,10ABFS,F,SM,00,4,77,650.00,981,745.00,740.00,3.370000,0.850000,0.00,cifi0007.DBF
ABFS,10ABFS,F,SM,00,4,78,666.00,981,759.00,754.00,3.370000,0.850000,0.00,cifi0007.DBF
ABFS,10ABFS,F,SM,00,4,79,683.00,983,772.00,767.00,3.370000,0.850000,0.00,cifi0007.DBF
ABFS,10ABFS,F,SM,00,4,80,699.00,985,785.00,780.00,3.370000,0.850000,0.00,cifi0007.DBF
ABFS,10ABFS,F,SM,00,4,81,714.00,985,797.00,793.00,3.370000,0.850000,0.00,cifi0007.DBF
ABFS,10ABFS,F,SM,00,4,82,729.00,987,808.00,804.00,3.370000,0.850000,0.00,cifi0007.DBF
ABFS,10ABFS,F,SM,00,4,83,743.00,988,819.00,815.00,3.370000,0.850000,0.00,cifi0007.DBF
ABFS,10ABFS,F,SM,00,4,84,757.00,989,829.00,826.00,3.370000,0.850000,0.00,cifi0007.DBF
ABFS,10ABFS,F,SM,00,4,85,770.00,990,839.00,836.00,3.370000,0.850000,0.00,cifi0007.DBF
ABFS,10ABFS,F,SM,00,4,86,783.00,990,849.00,846.00,3.370000,0.850000,0.00,cifi0007.DBF
ABFS,10ABFS,F,SM,00,4,87,796.00,991,859.00,856.00,3.370000,0.850000,0.00,cifi0007.DBF
ABFS,10ABFS,F,SM,00,4,88,810.00,992,869.00,866.00,3.370000,0.850000,0.00,cifi0007.DBF
ABFS,10ABFS,F,SM,00,4,89,824.00,992,879.00,876.00,3.370000,0.850000,0.00,cifi0007.DBF
ABFS,10ABFS,F,SM,00,4,90,840.00,994,890.00,886.00,3.370000,0.850000,0.00,cifi0007.DBF
ABFS,10ABFS,F,SM,00,4,91,857.00,995,902.00,898.00,3.370000,0.850000,0.00,cifi0007.DBF
ABFS,10ABFS,F,SM,00,4,92,875.00,995,915.00,910.00,3.370000,0.850000,0.00,cifi0007.DBF
ABFS,10ABFS,F,SM,00,4,93,896.00,997,929.00,924.00,3.370000,0.850000,0.00,cifi0007.DBF
ABFS,10ABFS,F,SM,00,4,94,916.00,997,943.00,938.00,3.370000,0.850000,0.00,cifi0007.DBF
ABFS,10ABFS,F,SM,00,4,95,937.00,998,954.00,950.00,3.370000,0.850000,0.00,cifi0007.DBF
ABFS,10ABFS,F,SM,00,5,1,0.00,0,0.00,0.00,3.490000,0.840000,0.00,cifi0007.DBF
ABFS,10ABFS,F,SM,00,5,2,0.00,0,3.00,3.00,3.490000,0.840000,0.00,cifi0007.DBF
ABFS,10ABFS,F,SM,00,5,3,0.00,0,6.00,6.00,3.490000,0.840000,0.00,cifi0007.DBF
ABFS,10ABFS,F,SM,00,5,4,0.00,0,9.00,9.00,3.490000,0.840000,0.00,cifi0007.DBF
ABFS,10ABFS,F,SM,00,5,5,0.00,0,12.00,12.00,3.490000,0.840000,0.00,cifi0007.DBF
ABFS,10ABFS,F,SM,00,5,6,0.00,0,16.00,16.00,3.490000,0.840000,0.00,cifi0007.DBF
ABFS,10ABFS,F,SM,00,5,7,0.00,0,19.00,19.00,3.490000,0.840000,0.00,cifi0007.DBF
ABFS,10ABFS,F,SM,00,5,8,1.00,25,23.00,23.00,3.490000,0.840000,0.00,cifi0007.DBF
ABFS,10ABFS,F,SM,00,5,9,3.00,71,27.00,27.00,3.490000,0.840000,0.00,cifi0007.DBF
ABFS,10ABFS,F,SM,00,5,10,5.00,112,31.00,31.00,3.490000,0.840000,0.00,cifi0007.DBF
ABFS,10ABFS,F,SM,00,5,11,7.00,150,35.00,35.00,3.490000,0.840000,0.00,cifi0007.DBF
ABFS,10ABFS,F,SM,00,5,12,9.00,185,39.00,39.00,3.490000,0.840000,0.00,cifi0007.DBF
ABFS,10ABFS,F,SM,00,5,13,11.00,216,43.00,43.00,3.490000,0.840000,0.00,cifi0007.DBF
ABFS,10ABFS,F,SM,00,5,14,14.00,263,47.00,47.00,3.490000,0.840000,0.00,cifi0007.DBF
ABFS,10ABFS,F,SM,00,5,15,16.00,288,52.00,51.00,3.490000,0.840000,0.00,cifi0007.DBF
ABFS,10ABFS,F,SM,00,5,16,19.00,327,57.00,56.00,3.490000,0.840000,0.00,cifi0007.DBF
ABFS,10ABFS,F,SM,00,5,17,22.00,362,62.00,61.00,3.490000,0.840000,0.00,cifi0007.DBF
ABFS,10ABFS,F,SM,00,5,18,25.00,393,67.00,66.00,3.490000,0.840000,0.00,cifi0007.DBF
ABFS,10ABFS,F,SM,00,5,19,28.00,420,72.00,71.00,3.490000,0.840000,0.00,cifi0007.DBF
ABFS,10ABFS,F,SM,00,5,20,31.00,444,78.00,77.00,3.490000,0.840000,0.00,cifi0007.DBF
ABFS,10ABFS,F,SM,00,5,21,35.00,478,83.00,82.00,3.490000,0.840000,0.00,cifi0007.DBF
ABFS,10ABFS,F,SM,00,5,22,38.00,496,89.00,88.00,3.490000,0.840000,0.00,cifi0007.DBF
ABFS,10ABFS,F,SM,00,5,23,42.00,522,96.00,94.00,3.490000,0.840000,0.00,cifi0007.DBF
ABFS,10ABFS,F,SM,00,5,24,46.00,546,102.00,101.00,3.490000,0.840000,0.00,cifi0007.DBF
ABFS,10ABFS,F,SM,00,5,25,50.00,565,109.00,107.00,3.490000,0.840000,0.00,cifi0007.DBF
ABFS,10ABFS,F,SM,00,5,26,55.00,593,116.00,114.00,3.490000,0.840000,0.00,cifi0007.DBF
ABFS,10ABFS,F,SM,00,5,27,60.00,616,123.00,121.00,3.490000,0.840000,0.00,cifi0007.DBF
ABFS,10ABFS,F,SM,00,5,28,65.00,636,130.00,128.00,3.490000,0.840000,0.00,cifi0007.DBF
ABFS,10ABFS,F,SM,00,5,29,70.00,652,138.00,136.00,3.490000,0.840000,0.00,cifi0007.DBF
ABFS,10ABFS,F,SM,00,5,30,76.00,675,146.00,144.00,3.490000,0.840000,0.00,cifi0007.DBF
ABFS,10ABFS,F,SM,00,5,31,82.00,694,155.00,152.00,3.490000,0.840000,0.00,cifi0007.DBF
ABFS,10ABFS,F,SM,00,5,32,88.00,709,163.00,161.00,3.490000,0.840000,0.00,cifi0007.DBF
ABFS,10ABFS,F,SM,00,5,33,94.00,722,172.00,169.00,3.490000,0.840000,0.00,cifi0007.DBF
ABFS,10ABFS,F,SM,00,5,34,101.00,740,181.00,178.00,3.490000,0.840000,0.00,cifi0007.DBF
ABFS,10ABFS,F,SM,00,5,35,107.00,748,190.00,187.00,3.490000,0.840000,0.00,cifi0007.DBF
ABFS,10ABFS,F,SM,00,5,36,114.00,761,200.00,197.00,3.490000,0.840000,0.00,cifi0007.DBF
ABFS,10ABFS,F,SM,00,5,37,122.00,778,209.00,206.00,3.490000,0.840000,0.00,cifi0007.DBF
ABFS,10ABFS,F,SM,00,5,38,129.00,787,219.00,216.00,3.490000,0.840000,0.00,cifi0007.DBF
ABFS,10ABFS,F,SM,00,5,39,137.00,800,229.00,226.00,3.490000,0.840000,0.00,cifi0007.DBF
ABFS,10ABFS,F,SM,00,5,40,145.00,811,239.00,236.00,3.490000,0.840000,0.00,cifi0007.DBF
ABFS,10ABFS,F,SM,00,5,41,153.00,819,250.00,246.00,3.490000,0.840000,0.00,cifi0007.DBF
ABFS,10ABFS,F,SM,00,5,42,161.00,826,260.00,257.00,3.490000,0.840000,0.00,cifi0007.DBF
ABFS,10ABFS,F,SM,00,5,43,170.00,836,271.00,267.00,3.490000,0.840000,0.00,cifi0007.DBF
ABFS,10ABFS,F,SM,00,5,44,179.00,844,283.00,279.00,3.490000,0.840000,0.00,cifi0007.DBF
ABFS,10ABFS,F,SM,00,5,45,189.00,855,294.00,290.00,3.490000,0.840000,0.00,cifi0007.DBF
ABFS,10ABFS,F,SM,00,5,46,199.00,863,306.00,302.00,3.490000,0.840000,0.00,cifi0007.DBF
ABFS,10ABFS,F,SM,00,5,47,209.00,870,318.00,314.00,3.490000,0.840000,0.00,cifi0007.DBF
ABFS,10ABFS,F,SM,00,5,48,219.00,876,330.00,326.00,3.490000,0.840000,0.00,cifi0007.DBF
ABFS,10ABFS,F,SM,00,5,49,230.00,883,342.00,338.00,3.490000,0.840000,0.00,cifi0007.DBF
ABFS,10ABFS,F,SM,00,5,50,241.00,890,355.00,350.00,3.490000,0.840000,0.00,cifi0007.DBF
ABFS,10ABFS,F,SM,00,5,51,252.00,894,367.00,363.00,3.490000,0.840000,0.00,cifi0007.DBF
ABFS,10ABFS,F,SM,00,5,52,264.00,901,380.00,375.00,3.490000,0.840000,0.00,cifi0007.DBF
ABFS,10ABFS,F,SM,00,5,53,276.00,906,394.00,389.00,3.490000,0.840000,0.00,cifi0007.DBF
ABFS,10ABFS,F,SM,00,5,54,289.00,912,407.00,402.00,3.490000,0.840000,0.00,cifi0007.DBF
ABFS,10ABFS,F,SM,00,5,55,302.00,917,422.00,416.00,3.490000,0.840000,0.00,cifi0007.DBF
ABFS,10ABFS,F,SM,00,5,56,315.00,919,436.00,431.00,3.490000,0.840000,0.00,cifi0007.DBF
ABFS,10ABFS,F,SM,00,5,57,330.00,926,451.00,445.00,3.490000,0.840000,0.00,cifi0007.DBF
ABFS,10ABFS,F,SM,00,5,58,344.00,929,466.00,460.00,3.490000,0.840000,0.00,cifi0007.DBF
ABFS,10ABFS,F,SM,00,5,59,359.00,933,481.00,475.00,3.490000,0.840000,0.00,cifi0007.DBF
ABFS,10ABFS,F,SM,00,5,60,375.00,939,496.00,490.00,3.490000,0.840000,0.00,cifi0007.DBF
ABFS,10ABFS,F,SM,00,5,61,390.00,942,512.00,506.00,3.490000,0.840000,0.00,cifi0007.DBF
ABFS,10ABFS,F,SM,00,5,62,406.00,946,527.00,521.00,3.490000,0.840000,0.00,cifi0007.DBF
ABFS,10ABFS,F,SM,00,5,63,422.00,949,543.00,537.00,3.490000,0.840000,0.00,cifi0007.DBF
ABFS,10ABFS,F,SM,00,5,64,438.00,951,558.00,552.00,3.490000,0.840000,0.00,cifi0007.DBF
ABFS,10ABFS,F,SM,00,5,65,455.00,954,574.00,568.00,3.490000,0.840000,0.00,cifi0007.DBF
ABFS,10ABFS,F,SM,00,5,66,473.00,958,591.00,584.00,3.490000,0.840000,0.00,cifi0007.DBF
ABFS,10ABFS,F,SM,00,5,67,491.00,961,607.00,601.00,3.490000,0.840000,0.00,cifi0007.DBF
ABFS,10ABFS,F,SM,00,5,68,509.00,963,624.00,617.00,3.490000,0.840000,0.00,cifi0007.DBF
ABFS,10ABFS,F,SM,00,5,69,527.00,966,640.00,634.00,3.490000,0.840000,0.00,cifi0007.DBF
ABFS,10ABFS,F,SM,00,5,70,545.00,968,656.00,650.00,3.490000,0.840000,0.00,cifi0007.DBF
ABFS,10ABFS,F,SM,00,5,71,563.00,971,671.00,665.00,3.490000,0.840000,0.00,cifi0007.DBF
ABFS,10ABFS,F,SM,00,5,72,581.00,974,686.00,680.00,3.490000,0.840000,0.00,cifi0007.DBF
ABFS,10ABFS,F,SM,00,5,73,598.00,975,701.00,695.00,3.490000,0.840000,0.00,cifi0007.DBF
ABFS,10ABFS,F,SM,00,5,74,615.00,976,716.00,710.00,3.490000,0.840000,0.00,cifi0007.DBF
ABFS,10ABFS,F,SM,00,5,75,632.00,978,730.00,725.00,3.490000,0.840000,0.00,cifi0007.DBF
ABFS,10ABFS,F,SM,00,5,76,649.00,979,744.00,739.00,3.490000,0.840000,0.00,cifi0007.DBF
ABFS,10ABFS,F,SM,00,5,77,666.00,981,758.00,753.00,3.490000,0.840000,0.00,cifi0007.DBF
ABFS,10ABFS,F,SM,00,5,78,683.00,983,771.00,766.00,3.490000,0.840000,0.00,cifi0007.DBF
ABFS,10ABFS,F,SM,00,5,79,699.00,985,784.00,779.00,3.490000,0.840000,0.00,cifi0007.DBF
ABFS,10ABFS,F,SM,00,5,80,714.00,985,796.00,792.00,3.490000,0.840000,0.00,cifi0007.DBF
ABFS,10ABFS,F,SM,00,5,81,729.00,987,808.00,804.00,3.490000,0.840000,0.00,cifi0007.DBF
ABFS,10ABFS,F,SM,00,5,82,743.00,988,818.00,815.00,3.490000,0.840000,0.00,cifi0007.DBF
ABFS,10ABFS,F,SM,00,5,83,756.00,988,829.00,825.00,3.490000,0.840000,0.00,cifi0007.DBF
ABFS,10ABFS,F,SM,00,5,84,769.00,989,839.00,836.00,3.490000,0.840000,0.00,cifi0007.DBF
ABFS,10ABFS,F,SM,00,5,85,783.00,990,849.00,846.00,3.490000,0.840000,0.00,cifi0007.DBF
ABFS,10ABFS,F,SM,00,5,86,796.00,991,858.00,855.00,3.490000,0.840000,0.00,cifi0007.DBF
ABFS,10ABFS,F,SM,00,5,87,810.00,992,868.00,865.00,3.490000,0.840000,0.00,cifi0007.DBF
ABFS,10ABFS,F,SM,00,5,88,824.00,992,879.00,875.00,3.490000,0.840000,0.00,cifi0007.DBF
ABFS,10ABFS,F,SM,00,5,89,840.00,994,889.00,886.00,3.490000,0.840000,0.00,cifi0007.DBF
ABFS,10ABFS,F,SM,00,5,90,857.00,995,902.00,897.00,3.490000,0.840000,0.00,cifi0007.DBF
ABFS,10ABFS,F,SM,00,5,91,875.00,995,915.00,910.00,3.490000,0.840000,0.00,cifi0007.DBF
ABFS,10ABFS,F,SM,00,5,92,895.00,996,928.00,923.00,3.490000,0.840000,0.00,cifi0007.DBF
ABFS,10ABFS,F,SM,00,5,93,916.00,997,942.00,937.00,3.490000,0.840000,0.00,cifi0007.DBF
ABFS,10ABFS,F,SM,00,5,94,937.00,998,953.00,949.00,3.490000,0.840000,0.00,cifi0007.DBF
ABFS,10ABFS,F,SM,00,6,1,0.00,0,0.00,0.00,3.620000,0.800000,0.00,cifi0007.DBF
ABFS,10ABFS,F,SM,00,6,2,0.00,0,3.00,3.00,3.620000,0.800000,0.00,cifi0007.DBF
ABFS,10ABFS,F,SM,00,6,3,0.00,0,6.00,6.00,3.620000,0.800000,0.00,cifi0007.DBF
ABFS,10ABFS,F,SM,00,6,4,0.00,0,9.00,9.00,3.620000,0.800000,0.00,cifi0007.DBF
ABFS,10ABFS,F,SM,00,6,5,0.00,0,13.00,13.00,3.620000,0.800000,0.00,cifi0007.DBF
ABFS,10ABFS,F,SM,00,6,6,0.00,0,16.00,16.00,3.620000,0.800000,0.00,cifi0007.DBF
ABFS,10ABFS,F,SM,00,6,7,0.00,0,20.00,20.00,3.620000,0.800000,0.00,cifi0007.DBF
ABFS,10ABFS,F,SM,00,6,8,1.00,24,24.00,24.00,3.620000,0.800000,0.00,cifi0007.DBF
ABFS,10ABFS,F,SM,00,6,9,4.00,90,28.00,28.00,3.620000,0.800000,0.00,cifi0007.DBF
ABFS,10ABFS,F,SM,00,6,10,6.00,129,32.00,32.00,3.620000,0.800000,0.00,cifi0007.DBF
ABFS,10ABFS,F,SM,00,6,11,8.00,164,36.00,36.00,3.620000,0.800000,0.00,cifi0007.DBF
ABFS,10ABFS,F,SM,00,6,12,10.00,197,40.00,40.00,3.620000,0.800000,0.00,cifi0007.DBF
ABFS,10ABFS,F,SM,00,6,13,12.00,226,45.00,44.00,3.620000,0.800000,0.00,cifi0007.DBF
ABFS,10ABFS,F,SM,00,6,14,15.00,270,49.00,49.00,3.620000,0.800000,0.00,cifi0007.DBF
ABFS,10ABFS,F,SM,00,6,15,18.00,310,54.00,53.00,3.620000,0.800000,0.00,cifi0007.DBF
ABFS,10ABFS,F,SM,00,6,16,20.00,329,59.00,58.00,3.620000,0.800000,0.00,cifi0007.DBF
ABFS,10ABFS,F,SM,00,6,17,23.00,361,64.00,63.00,3.620000,0.800000,0.00,cifi0007.DBF
ABFS,10ABFS,F,SM,00,6,18,26.00,390,69.00,68.00,3.620000,0.800000,0.00,cifi0007.DBF
ABFS,10ABFS,F,SM,00,6,19,30.00,430,75.00,74.00,3.620000,0.800000,0.00,cifi0007.DBF
ABFS,10ABFS,F,SM,00,6,20,33.00,451,81.00,80.00,3.620000,0.800000,0.00,cifi0007.DBF
ABFS,10ABFS,F,SM,00,6,21,37.00,483,87.00,86.00,3.620000,0.800000,0.00,cifi0007.DBF
ABFS,10ABFS,F,SM,00,6,22,41.00,510,93.00,92.00,3.620000,0.800000,0.00,cifi0007.DBF
ABFS,10ABFS,F,SM,00,6,23,45.00,534,99.00,98.00,3.620000,0.800000,0.00,cifi0007.DBF
ABFS,10ABFS,F,SM,00,6,24,49.00,554,106.00,104.00,3.620000,0.800000,0.00,cifi0007.DBF
ABFS,10ABFS,F,SM,00,6,25,54.00,582,113.00,111.00,3.620000,0.800000,0.00,cifi0007.DBF
ABFS,10ABFS,F,SM,00,6,26,59.00,606,120.00,118.00,3.620000,0.800000,0.00,cifi0007.DBF
ABFS,10ABFS,F,SM,00,6,27,64.00,626,128.00,126.00,3.620000,0.800000,0.00,cifi0007.DBF
ABFS,10ABFS,F,SM,00,6,28,69.00,643,136.00,134.00,3.620000,0.800000,0.00,cifi0007.DBF
ABFS,10ABFS,F,SM,00,6,29,74.00,657,144.00,142.00,3.620000,0.800000,0.00,cifi0007.DBF
ABFS,10ABFS,F,SM,00,6,30,80.00,677,152.00,150.00,3.620000,0.800000,0.00,cifi0007.DBF
ABFS,10ABFS,F,SM,00,6,31,86.00,693,161.00,158.00,3.620000,0.800000,0.00,cifi0007.DBF
ABFS,10ABFS,F,SM,00,6,32,93.00,714,170.00,167.00,3.620000,0.800000,0.00,cifi0007.DBF
ABFS,10ABFS,F,SM,00,6,33,99.00,725,179.00,176.00,3.620000,0.800000,0.00,cifi0007.DBF
ABFS,10ABFS,F,SM,00,6,34,106.00,741,188.00,185.00,3.620000,0.800000,0.00,cifi0007.DBF
ABFS,10ABFS,F,SM,00,6,35,113.00,754,197.00,194.00,3.620000,0.800000,0.00,cifi0007.DBF
ABFS,10ABFS,F,SM,00,6,36,121.00,772,207.00,204.00,3.620000,0.800000,0.00,cifi0007.DBF
ABFS,10ABFS,F,SM,00,6,37,128.00,781,217.00,214.00,3.620000,0.800000,0.00,cifi0007.DBF
ABFS,10ABFS,F,SM,00,6,38,136.00,794,227.00,224.00,3.620000,0.800000,0.00,cifi0007.DBF
ABFS,10ABFS,F,SM,00,6,39,144.00,805,237.00,234.00,3.620000,0.800000,0.00,cifi0007.DBF
ABFS,10ABFS,F,SM,00,6,40,152.00,814,248.00,244.00,3.620000,0.800000,0.00,cifi0007.DBF
ABFS,10ABFS,F,SM,00,6,41,160.00,821,258.00,255.00,3.620000,0.800000,0.00,cifi0007.DBF
ABFS,10ABFS,F,SM,00,6,42,169.00,831,269.00,265.00,3.620000,0.800000,0.00,cifi0007.DBF
ABFS,10ABFS,F,SM,00,6,43,178.00,839,281.00,277.00,3.620000,0.800000,0.00,cifi0007.DBF
ABFS,10ABFS,F,SM,00,6,44,188.00,850,292.00,288.00,3.620000,0.800000,0.00,cifi0007.DBF
ABFS,10ABFS,F,SM,00,6,45,198.00,859,304.00,300.00,3.620000,0.800000,0.00,cifi0007.DBF
ABFS,10ABFS,F,SM,00,6,46,208.00,866,316.00,312.00,3.620000,0.800000,0.00,cifi0007.DBF
ABFS,10ABFS,F,SM,00,6,47,218.00,872,328.00,324.00,3.620000,0.800000,0.00,cifi0007.DBF
ABFS,10ABFS,F,SM,00,6,48,229.00,879,340.00,336.00,3.620000,0.800000,0.00,cifi0007.DBF
ABFS,10ABFS,F,SM,00,6,49,240.00,886,353.00,348.00,3.620000,0.800000,0.00,cifi0007.DBF
ABFS,10ABFS,F,SM,00,6,50,251.00,891,366.00,361.00,3.620000,0.800000,0.00,cifi0007.DBF
ABFS,10ABFS,F,SM,00,6,51,263.00,898,379.00,374.00,3.620000,0.800000,0.00,cifi0007.DBF
ABFS,10ABFS,F,SM,00,6,52,275.00,903,392.00,387.00,3.620000,0.800000,0.00,cifi0007.DBF
ABFS,10ABFS,F,SM,00,6,53,288.00,909,406.00,401.00,3.620000,0.800000,0.00,cifi0007.DBF
ABFS,10ABFS,F,SM,00,6,54,301.00,914,420.00,415.00,3.620000,0.800000,0.00,cifi0007.DBF
ABFS,10ABFS,F,SM,00,6,55,315.00,919,434.00,429.00,3.620000,0.800000,0.00,cifi0007.DBF
ABFS,10ABFS,F,SM,00,6,56,329.00,923,449.00,443.00,3.620000,0.800000,0.00,cifi0007.DBF
ABFS,10ABFS,F,SM,00,6,57,344.00,929,464.00,458.00,3.620000,0.800000,0.00,cifi0007.DBF
ABFS,10ABFS,F,SM,00,6,58,359.00,933,480.00,474.00,3.620000,0.800000,0.00,cifi0007.DBF
ABFS,10ABFS,F,SM,00,6,59,374.00,936,495.00,489.00,3.620000,0.800000,0.00,cifi0007.DBF
ABFS,10ABFS,F,SM,00,6,60,389.00,939,510.00,504.00,3.620000,0.800000,0.00,cifi0007.DBF
ABFS,10ABFS,F,SM,00,6,61,405.00,943,526.00,520.00,3.620000,0.800000,0.00,cifi0007.DBF
ABFS,10ABFS,F,SM,00,6,62,421.00,947,541.00,535.00,3.620000,0.800000,0.00,cifi0007.DBF
ABFS,10ABFS,F,SM,00,6,63,438.00,951,557.00,551.00,3.620000,0.800000,0.00,cifi0007.DBF
ABFS,10ABFS,F,SM,00,6,64,455.00,954,573.00,567.00,3.620000,0.800000,0.00,cifi0007.DBF
ABFS,10ABFS,F,SM,00,6,65,472.00,956,590.00,583.00,3.620000,0.800000,0.00,cifi0007.DBF
ABFS,10ABFS,F,SM,00,6,66,490.00,959,606.00,600.00,3.620000,0.800000,0.00,cifi0007.DBF
ABFS,10ABFS,F,SM,00,6,67,509.00,963,623.00,616.00,3.620000,0.800000,0.00,cifi0007.DBF
ABFS,10ABFS,F,SM,00,6,68,527.00,966,639.00,633.00,3.620000,0.800000,0.00,cifi0007.DBF
ABFS,10ABFS,F,SM,00,6,69,545.00,968,655.00,649.00,3.620000,0.800000,0.00,cifi0007.DBF
ABFS,10ABFS,F,SM,00,6,70,562.00,969,670.00,664.00,3.620000,0.800000,0.00,cifi0007.DBF
ABFS,10ABFS,F,SM,00,6,71,580.00,972,686.00,680.00,3.620000,0.800000,0.00,cifi0007.DBF
ABFS,10ABFS,F,SM,00,6,72,597.00,973,700.00,695.00,3.620000,0.800000,0.00,cifi0007.DBF
ABFS,10ABFS,F,SM,00,6,73,615.00,976,715.00,709.00,3.620000,0.800000,0.00,cifi0007.DBF
ABFS,10ABFS,F,SM,00,6,74,632.00,978,729.00,724.00,3.620000,0.800000,0.00,cifi0007.DBF
ABFS,10ABFS,F,SM,00,6,75,649.00,979,743.00,738.00,3.620000,0.800000,0.00,cifi0007.DBF
ABFS,10ABFS,F,SM,00,6,76,666.00,981,757.00,752.00,3.620000,0.800000,0.00,cifi0007.DBF
ABFS,10ABFS,F,SM,00,6,77,682.00,982,771.00,766.00,3.620000,0.800000,0.00,cifi0007.DBF
ABFS,10ABFS,F,SM,00,6,78,698.00,983,783.00,779.00,3.620000,0.800000,0.00,cifi0007.DBF
ABFS,10ABFS,F,SM,00,6,79,713.00,984,796.00,791.00,3.620000,0.800000,0.00,cifi0007.DBF
ABFS,10ABFS,F,SM,00,6,80,728.00,986,807.00,803.00,3.620000,0.800000,0.00,cifi0007.DBF
ABFS,10ABFS,F,SM,00,6,81,742.00,987,818.00,814.00,3.620000,0.800000,0.00,cifi0007.DBF
ABFS,10ABFS,F,SM,00,6,82,756.00,988,828.00,825.00,3.620000,0.800000,0.00,cifi0007.DBF
ABFS,10ABFS,F,SM,00,6,83,769.00,989,838.00,835.00,3.620000,0.800000,0.00,cifi0007.DBF
ABFS,10ABFS,F,SM,00,6,84,782.00,989,848.00,845.00,3.620000,0.800000,0.00,cifi0007.DBF
ABFS,10ABFS,F,SM,00,6,85,796.00,991,858.00,855.00,3.620000,0.800000,0.00,cifi0007.DBF
ABFS,10ABFS,F,SM,00,6,86,809.00,991,868.00,865.00,3.620000,0.800000,0.00,cifi0007.DBF
ABFS,10ABFS,F,SM,00,6,87,824.00,992,878.00,875.00,3.620000,0.800000,0.00,cifi0007.DBF
ABFS,10ABFS,F,SM,00,6,88,839.00,993,889.00,885.00,3.620000,0.800000,0.00,cifi0007.DBF
ABFS,10ABFS,F,SM,00,6,89,856.00,994,901.00,897.00,3.620000,0.800000,0.00,cifi0007.DBF
ABFS,10ABFS,F,SM,00,6,90,875.00,995,914.00,909.00,3.620000,0.800000,0.00,cifi0007.DBF
ABFS,10ABFS,F,SM,00,6,91,895.00,996,928.00,923.00,3.620000,0.800000,0.00,cifi0007.DBF
ABFS,10ABFS,F,SM,00,6,92,916.00,997,942.00,937.00,3.620000,0.800000,0.00,cifi0007.DBF
ABFS,10ABFS,F,SM,00,6,93,937.00,998,953.00,949.00,3.620000,0.800000,0.00,cifi0007.DBF
ABFS,10ABFS,F,SM,00,7,1,0.00,0,0.00,0.00,3.760000,0.790000,0.00,cifi0007.DBF
ABFS,10ABFS,F,SM,00,7,2,0.00,0,3.00,3.00,3.760000,0.790000,0.00,cifi0007.DBF
ABFS,10ABFS,F,SM,00,7,3,0.00,0,6.00,6.00,3.760000,0.790000,0.00,cifi0007.DBF
ABFS,10ABFS,F,SM,00,7,4,0.00,0,10.00,10.00,3.760000,0.790000,0.00,cifi0007.DBF
ABFS,10ABFS,F,SM,00,7,5,0.00,0,13.00,13.00,3.760000,0.790000,0.00,cifi0007.DBF
ABFS,10ABFS,F,SM,00,7,6,0.00,0,17.00,17.00,3.760000,0.790000,0.00,cifi0007.DBF
ABFS,10ABFS,F,SM,00,7,7,0.00,0,21.00,21.00,3.760000,0.790000,0.00,cifi0007.DBF
ABFS,10ABFS,F,SM,00,7,8,2.00,45,25.00,25.00,3.760000,0.790000,0.00,cifi0007.DBF
ABFS,10ABFS,F,SM,00,7,9,4.00,86,29.00,29.00,3.760000,0.790000,0.00,cifi0007.DBF
ABFS,10ABFS,F,SM,00,7,10,6.00,123,33.00,33.00,3.760000,0.790000,0.00,cifi0007.DBF
ABFS,10ABFS,F,SM,00,7,11,9.00,177,37.00,37.00,3.760000,0.790000,0.00,cifi0007.DBF
ABFS,10ABFS,F,SM,00,7,12,11.00,207,42.00,41.00,3.760000,0.790000,0.00,cifi0007.DBF
ABFS,10ABFS,F,SM,00,7,13,14.00,252,46.00,46.00,3.760000,0.790000,0.00,cifi0007.DBF
ABFS,10ABFS,F,SM,00,7,14,16.00,275,51.00,50.00,3.760000,0.790000,0.00,cifi0007.DBF
ABFS,10ABFS,F,SM,00,7,15,19.00,312,56.00,55.00,3.760000,0.790000,0.00,cifi0007.DBF
ABFS,10ABFS,F,SM,00,7,16,22.00,346,61.00,60.00,3.760000,0.790000,0.00,cifi0007.DBF
ABFS,10ABFS,F,SM,00,7,17,25.00,375,67.00,66.00,3.760000,0.790000,0.00,cifi0007.DBF
ABFS,10ABFS,F,SM,00,7,18,28.00,401,72.00,71.00,3.760000,0.790000,0.00,cifi0007.DBF
ABFS,10ABFS,F,SM,00,7,19,32.00,438,78.00,77.00,3.760000,0.790000,0.00,cifi0007.DBF
ABFS,10ABFS,F,SM,00,7,20,36.00,470,84.00,83.00,3.760000,0.790000,0.00,cifi0007.DBF
ABFS,10ABFS,F,SM,00,7,21,40.00,498,90.00,89.00,3.760000,0.790000,0.00,cifi0007.DBF
ABFS,10ABFS,F,SM,00,7,22,44.00,522,97.00,95.00,3.760000,0.790000,0.00,cifi0007.DBF
ABFS,10ABFS,F,SM,00,7,23,48.00,543,104.00,102.00,3.760000,0.790000,0.00,cifi0007.DBF
ABFS,10ABFS,F,SM,00,7,24,52.00,560,111.00,109.00,3.760000,0.790000,0.00,cifi0007.DBF
ABFS,10ABFS,F,SM,00,7,25,57.00,585,118.00,116.00,3.760000,0.790000,0.00,cifi0007.DBF
ABFS,10ABFS,F,SM,00,7,26,62.00,607,125.00,123.00,3.760000,0.790000,0.00,cifi0007.DBF
ABFS,10ABFS,F,SM,00,7,27,68.00,634,133.00,131.00,3.760000,0.790000,0.00,cifi0007.DBF
ABFS,10ABFS,F,SM,00,7,28,73.00,648,141.00,139.00,3.760000,0.790000,0.00,cifi0007.DBF
ABFS,10ABFS,F,SM,00,7,29,79.00,668,150.00,147.00,3.760000,0.790000,0.00,cifi0007.DBF
ABFS,10ABFS,F,SM,00,7,30,85.00,685,158.00,156.00,3.760000,0.790000,0.00,cifi0007.DBF
ABFS,10ABFS,F,SM,00,7,31,92.00,707,167.00,164.00,3.760000,0.790000,0.00,cifi0007.DBF
ABFS,10ABFS,F,SM,00,7,32,98.00,718,176.00,173.00,3.760000,0.790000,0.00,cifi0007.DBF
ABFS,10ABFS,F,SM,00,7,33,105.00,734,186.00,183.00,3.760000,0.790000,0.00,cifi0007.DBF
ABFS,10ABFS,F,SM,00,7,34,112.00,748,195.00,192.00,3.760000,0.790000,0.00,cifi0007.DBF
ABFS,10ABFS,F,SM,00,7,35,119.00,759,205.00,202.00,3.760000,0.790000,0.00,cifi0007.DBF
ABFS,10ABFS,F,SM,00,7,36,127.00,775,215.00,212.00,3.760000,0.790000,0.00,cifi0007.DBF
ABFS,10ABFS,F,SM,00,7,37,134.00,783,225.00,222.00,3.760000,0.790000,0.00,cifi0007.DBF
ABFS,10ABFS,F,SM,00,7,38,142.00,794,235.00,232.00,3.760000,0.790000,0.00,cifi0007.DBF
ABFS,10ABFS,F,SM,00,7,39,151.00,809,245.00,242.00,3.760000,0.790000,0.00,cifi0007.DBF
ABFS,10ABFS,F,SM,00,7,40,159.00,816,256.00,252.00,3.760000,0.790000,0.00,cifi0007.DBF
ABFS,10ABFS,F,SM,00,7,41,168.00,826,267.00,263.00,3.760000,0.790000,0.00,cifi0007.DBF
ABFS,10ABFS,F,SM,00,7,42,177.00,835,278.00,274.00,3.760000,0.790000,0.00,cifi0007.DBF
ABFS,10ABFS,F,SM,00,7,43,187.00,846,290.00,286.00,3.760000,0.790000,0.00,cifi0007.DBF
ABFS,10ABFS,F,SM,00,7,44,196.00,850,302.00,298.00,3.760000,0.790000,0.00,cifi0007.DBF
ABFS,10ABFS,F,SM,00,7,45,207.00,862,314.00,310.00,3.760000,0.790000,0.00,cifi0007.DBF
ABFS,10ABFS,F,SM,00,7,46,217.00,868,326.00,322.00,3.760000,0.790000,0.00,cifi0007.DBF
ABFS,10ABFS,F,SM,00,7,47,228.00,876,338.00,334.00,3.760000,0.790000,0.00,cifi0007.DBF
ABFS,10ABFS,F,SM,00,7,48,239.00,882,351.00,346.00,3.760000,0.790000,0.00,cifi0007.DBF
ABFS,10ABFS,F,SM,00,7,49,250.00,887,364.00,359.00,3.760000,0.790000,0.00,cifi0007.DBF
ABFS,10ABFS,F,SM,00,7,50,262.00,894,377.00,372.00,3.760000,0.790000,0.00,cifi0007.DBF
ABFS,10ABFS,F,SM,00,7,51,274.00,899,390.00,385.00,3.760000,0.790000,0.00,cifi0007.DBF
ABFS,10ABFS,F,SM,00,7,52,287.00,906,404.00,399.00,3.760000,0.790000,0.00,cifi0007.DBF
ABFS,10ABFS,F,SM,00,7,53,300.00,911,418.00,413.00,3.760000,0.790000,0.00,cifi0007.DBF
ABFS,10ABFS,F,SM,00,7,54,314.00,916,433.00,427.00,3.760000,0.790000,0.00,cifi0007.DBF
ABFS,10ABFS,F,SM,00,7,55,328.00,921,448.00,442.00,3.760000,0.790000,0.00,cifi0007.DBF
ABFS,10ABFS,F,SM,00,7,56,343.00,926,463.00,457.00,3.760000,0.790000,0.00,cifi0007.DBF
ABFS,10ABFS,F,SM,00,7,57,358.00,930,478.00,472.00,3.760000,0.790000,0.00,cifi0007.DBF
ABFS,10ABFS,F,SM,00,7,58,373.00,934,494.00,488.00,3.760000,0.790000,0.00,cifi0007.DBF
ABFS,10ABFS,F,SM,00,7,59,389.00,939,509.00,503.00,3.760000,0.790000,0.00,cifi0007.DBF
ABFS,10ABFS,F,SM,00,7,60,404.00,941,524.00,518.00,3.760000,0.790000,0.00,cifi0007.DBF
ABFS,10ABFS,F,SM,00,7,61,420.00,945,540.00,534.00,3.760000,0.790000,0.00,cifi0007.DBF
ABFS,10ABFS,F,SM,00,7,62,437.00,949,556.00,550.00,3.760000,0.790000,0.00,cifi0007.DBF
ABFS,10ABFS,F,SM,00,7,63,454.00,952,572.00,566.00,3.760000,0.790000,0.00,cifi0007.DBF
ABFS,10ABFS,F,SM,00,7,64,472.00,956,588.00,582.00,3.760000,0.790000,0.00,cifi0007.DBF
ABFS,10ABFS,F,SM,00,7,65,490.00,959,605.00,598.00,3.760000,0.790000,0.00,cifi0007.DBF
ABFS,10ABFS,F,SM,00,7,66,508.00,962,621.00,615.00,3.760000,0.790000,0.00,cifi0007.DBF
ABFS,10ABFS,F,SM,00,7,67,526.00,964,638.00,631.00,3.760000,0.790000,0.00,cifi0007.DBF
ABFS,10ABFS,F,SM,00,7,68,544.00,966,654.00,648.00,3.760000,0.790000,0.00,cifi0007.DBF
ABFS,10ABFS,F,SM,00,7,69,562.00,969,669.00,663.00,3.760000,0.790000,0.00,cifi0007.DBF
ABFS,10ABFS,F,SM,00,7,70,579.00,970,685.00,679.00,3.760000,0.790000,0.00,cifi0007.DBF
ABFS,10ABFS,F,SM,00,7,71,597.00,973,700.00,694.00,3.760000,0.790000,0.00,cifi0007.DBF
ABFS,10ABFS,F,SM,00,7,72,614.00,975,714.00,709.00,3.760000,0.790000,0.00,cifi0007.DBF
ABFS,10ABFS,F,SM,00,7,73,631.00,976,729.00,723.00,3.760000,0.790000,0.00,cifi0007.DBF
ABFS,10ABFS,F,SM,00,7,74,648.00,978,743.00,738.00,3.760000,0.790000,0.00,cifi0007.DBF
ABFS,10ABFS,F,SM,00,7,75,665.00,980,757.00,752.00,3.760000,0.790000,0.00,cifi0007.DBF
ABFS,10ABFS,F,SM,00,7,76,682.00,982,770.00,765.00,3.760000,0.790000,0.00,cifi0007.DBF
ABFS,10ABFS,F,SM,00,7,77,698.00,983,783.00,778.00,3.760000,0.790000,0.00,cifi0007.DBF
ABFS,10ABFS,F,SM,00,7,78,713.00,984,795.00,791.00,3.760000,0.790000,0.00,cifi0007.DBF
ABFS,10ABFS,F,SM,00,7,79,728.00,986,807.00,803.00,3.760000,0.790000,0.00,cifi0007.DBF
ABFS,10ABFS,F,SM,00,7,80,742.00,987,817.00,814.00,3.760000,0.790000,0.00,cifi0007.DBF
ABFS,10ABFS,F,SM,00,7,81,756.00,988,828.00,824.00,3.760000,0.790000,0.00,cifi0007.DBF
ABFS,10ABFS,F,SM,00,7,82,769.00,989,838.00,835.00,3.760000,0.790000,0.00,cifi0007.DBF
ABFS,10ABFS,F,SM,00,7,83,782.00,989,848.00,845.00,3.760000,0.790000,0.00,cifi0007.DBF
ABFS,10ABFS,F,SM,00,7,84,796.00,991,858.00,855.00,3.760000,0.790000,0.00,cifi0007.DBF
ABFS,10ABFS,F,SM,00,7,85,809.00,991,868.00,865.00,3.760000,0.790000,0.00,cifi0007.DBF
ABFS,10ABFS,F,SM,00,7,86,824.00,992,878.00,875.00,3.760000,0.790000,0.00,cifi0007.DBF
ABFS,10ABFS,F,SM,00,7,87,839.00,993,889.00,885.00,3.760000,0.790000,0.00,cifi0007.DBF
ABFS,10ABFS,F,SM,00,7,88,856.00,994,901.00,897.00,3.760000,0.790000,0.00,cifi0007.DBF
ABFS,10ABFS,F,SM,00,7,89,875.00,995,914.00,909.00,3.760000,0.790000,0.00,cifi0007.DBF
ABFS,10ABFS,F,SM,00,7,90,895.00,996,928.00,923.00,3.760000,0.790000,0.00,cifi0007.DBF
ABFS,10ABFS,F,SM,00,7,91,916.00,997,942.00,937.00,3.760000,0.790000,0.00,cifi0007.DBF
ABFS,10ABFS,F,SM,00,7,92,937.00,998,953.00,949.00,3.760000,0.790000,0.00,cifi0007.DBF
ABFS,10ABFS,F,SM,00,8,1,0.00,0,0.00,0.00,3.910000,0.770000,0.00,cifi0007.DBF
ABFS,10ABFS,F,SM,00,8,2,0.00,0,3.00,3.00,3.910000,0.770000,0.00,cifi0007.DBF
ABFS,10ABFS,F,SM,00,8,3,0.00,0,7.00,7.00,3.910000,0.770000,0.00,cifi0007.DBF
ABFS,10ABFS,F,SM,00,8,4,0.00,0,10.00,10.00,3.910000,0.770000,0.00,cifi0007.DBF
ABFS,10ABFS,F,SM,00,8,5,0.00,0,14.00,14.00,3.910000,0.770000,0.00,cifi0007.DBF
ABFS,10ABFS,F,SM,00,8,6,0.00,0,18.00,18.00,3.910000,0.770000,0.00,cifi0007.DBF
ABFS,10ABFS,F,SM,00,8,7,1.00,23,22.00,22.00,3.910000,0.770000,0.00,cifi0007.DBF
ABFS,10ABFS,F,SM,00,8,8,3.00,65,26.00,26.00,3.910000,0.770000,0.00,cifi0007.DBF
ABFS,10ABFS,F,SM,00,8,9,5.00,103,30.00,30.00,3.910000,0.770000,0.00,cifi0007.DBF
ABFS,10ABFS,F,SM,00,8,10,7.00,138,34.00,34.00,3.910000,0.770000,0.00,cifi0007.DBF
ABFS,10ABFS,F,SM,00,8,11,10.00,188,39.00,38.00,3.910000,0.770000,0.00,cifi0007.DBF
ABFS,10ABFS,F,SM,00,8,12,12.00,216,43.00,43.00,3.910000,0.770000,0.00,cifi0007.DBF
ABFS,10ABFS,F,SM,00,8,13,15.00,258,48.00,47.00,3.910000,0.770000,0.00,cifi0007.DBF
ABFS,10ABFS,F,SM,00,8,14,18.00,296,53.00,52.00,3.910000,0.770000,0.00,cifi0007.DBF
ABFS,10ABFS,F,SM,00,8,15,21.00,330,58.00,57.00,3.910000,0.770000,0.00,cifi0007.DBF
ABFS,10ABFS,F,SM,00,8,16,24.00,360,64.00,63.00,3.910000,0.770000,0.00,cifi0007.DBF
ABFS,10ABFS,F,SM,00,8,17,27.00,387,69.00,68.00,3.910000,0.770000,0.00,cifi0007.DBF
ABFS,10ABFS,F,SM,00,8,18,31.00,424,75.00,74.00,3.910000,0.770000,0.00,cifi0007.DBF
ABFS,10ABFS,F,SM,00,8,19,34.00,444,81.00,80.00,3.910000,0.770000,0.00,cifi0007.DBF
ABFS,10ABFS,F,SM,00,8,20,38.00,473,87.00,86.00,3.910000,0.770000,0.00,cifi0007.DBF
ABFS,10ABFS,F,SM,00,8,21,42.00,498,94.00,92.00,3.910000,0.770000,0.00,cifi0007.DBF
ABFS,10ABFS,F,SM,00,8,22,47.00,531,101.00,99.00,3.910000,0.770000,0.00,cifi0007.DBF
ABFS,10ABFS,F,SM,00,8,23,51.00,550,108.00,106.00,3.910000,0.770000,0.00,cifi0007.DBF
ABFS,10ABFS,F,SM,00,8,24,56.00,575,115.00,113.00,3.910000,0.770000,0.00,cifi0007.DBF
ABFS,10ABFS,F,SM,00,8,25,61.00,597,123.00,121.00,3.910000,0.770000,0.00,cifi0007.DBF
ABFS,10ABFS,F,SM,00,8,26,66.00,615,130.00,128.00,3.910000,0.770000,0.00,cifi0007.DBF
ABFS,10ABFS,F,SM,00,8,27,72.00,639,139.00,136.00,3.910000,0.770000,0.00,cifi0007.DBF
ABFS,10ABFS,F,SM,00,8,28,78.00,660,147.00,145.00,3.910000,0.770000,0.00,cifi0007.DBF
ABFS,10ABFS,F,SM,00,8,29,84.00,677,156.00,153.00,3.910000,0.770000,0.00,cifi0007.DBF
ABFS,10ABFS,F,SM,00,8,30,90.00,691,165.00,162.00,3.910000,0.770000,0.00,cifi0007.DBF
ABFS,10ABFS,F,SM,00,8,31,97.00,711,174.00,171.00,3.910000,0.770000,0.00,cifi0007.DBF
ABFS,10ABFS,F,SM,00,8,32,104.00,727,183.00,180.00,3.910000,0.770000,0.00,cifi0007.DBF
ABFS,10ABFS,F,SM,00,8,33,111.00,741,193.00,190.00,3.910000,0.770000,0.00,cifi0007.DBF
ABFS,10ABFS,F,SM,00,8,34,118.00,753,202.00,199.00,3.910000,0.770000,0.00,cifi0007.DBF
ABFS,10ABFS,F,SM,00,8,35,125.00,763,212.00,209.00,3.910000,0.770000,0.00,cifi0007.DBF
ABFS,10ABFS,F,SM,00,8,36,133.00,777,222.00,219.00,3.910000,0.770000,0.00,cifi0007.DBF
ABFS,10ABFS,F,SM,00,8,37,141.00,788,233.00,229.00,3.910000,0.770000,0.00,cifi0007.DBF
ABFS,10ABFS,F,SM,00,8,38,149.00,798,243.00,240.00,3.910000,0.770000,0.00,cifi0007.DBF
ABFS,10ABFS,F,SM,00,8,39,158.00,811,254.00,250.00,3.910000,0.770000,0.00,cifi0007.DBF
ABFS,10ABFS,F,SM,00,8,40,167.00,821,265.00,261.00,3.910000,0.770000,0.00,cifi0007.DBF
ABFS,10ABFS,F,SM,00,8,41,176.00,830,276.00,272.00,3.910000,0.770000,0.00,cifi0007.DBF
ABFS,10ABFS,F,SM,00,8,42,185.00,837,288.00,284.00,3.910000,0.770000,0.00,cifi0007.DBF
ABFS,10ABFS,F,SM,00,8,43,195.00,846,299.00,295.00,3.910000,0.770000,0.00,cifi0007.DBF
ABFS,10ABFS,F,SM,00,8,44,205.00,854,311.00,307.00,3.910000,0.770000,0.00,cifi0007.DBF
ABFS,10ABFS,F,SM,00,8,45,216.00,864,324.00,319.00,3.910000,0.770000,0.00,cifi0007.DBF
ABFS,10ABFS,F,SM,00,8,46,227.00,872,336.00,332.00,3.910000,0.770000,0.00,cifi0007.DBF
ABFS,10ABFS,F,SM,00,8,47,238.00,878,349.00,344.00,3.910000,0.770000,0.00,cifi0007.DBF
ABFS,10ABFS,F,SM,00,8,48,249.00,884,362.00,357.00,3.910000,0.770000,0.00,cifi0007.DBF
ABFS,10ABFS,F,SM,00,8,49,261.00,891,375.00,370.00,3.910000,0.770000,0.00,cifi0007.DBF
ABFS,10ABFS,F,SM,00,8,50,273.00,896,388.00,383.00,3.910000,0.770000,0.00,cifi0007.DBF
ABFS,10ABFS,F,SM,00,8,51,286.00,903,402.00,397.00,3.910000,0.770000,0.00,cifi0007.DBF
ABFS,10ABFS,F,SM,00,8,52,299.00,908,416.00,411.00,3.910000,0.770000,0.00,cifi0007.DBF
ABFS,10ABFS,F,SM,00,8,53,313.00,914,431.00,425.00,3.910000,0.770000,0.00,cifi0007.DBF
ABFS,10ABFS,F,SM,00,8,54,327.00,918,446.00,440.00,3.910000,0.770000,0.00,cifi0007.DBF
ABFS,10ABFS,F,SM,00,8,55,342.00,923,461.00,455.00,3.910000,0.770000,0.00,cifi0007.DBF
ABFS,10ABFS,F,SM,00,8,56,357.00,928,477.00,471.00,3.910000,0.770000,0.00,cifi0007.DBF
ABFS,10ABFS,F,SM,00,8,57,372.00,931,492.00,486.00,3.910000,0.770000,0.00,cifi0007.DBF
ABFS,10ABFS,F,SM,00,8,58,388.00,937,507.00,501.00,3.910000,0.770000,0.00,cifi0007.DBF
ABFS,10ABFS,F,SM,00,8,59,403.00,939,523.00,517.00,3.910000,0.770000,0.00,cifi0007.DBF
ABFS,10ABFS,F,SM,00,8,60,419.00,942,538.00,532.00,3.910000,0.770000,0.00,cifi0007.DBF
ABFS,10ABFS,F,SM,00,8,61,436.00,947,554.00,548.00,3.910000,0.770000,0.00,cifi0007.DBF
ABFS,10ABFS,F,SM,00,8,62,453.00,950,571.00,564.00,3.910000,0.770000,0.00,cifi0007.DBF
ABFS,10ABFS,F,SM,00,8,63,471.00,954,587.00,581.00,3.910000,0.770000,0.00,cifi0007.DBF
ABFS,10ABFS,F,SM,00,8,64,489.00,957,604.00,597.00,3.910000,0.770000,0.00,cifi0007.DBF
ABFS,10ABFS,F,SM,00,8,65,507.00,960,620.00,614.00,3.910000,0.770000,0.00,cifi0007.DBF
ABFS,10ABFS,F,SM,00,8,66,525.00,962,637.00,630.00,3.910000,0.770000,0.00,cifi0007.DBF
ABFS,10ABFS,F,SM,00,8,67,543.00,965,653.00,647.00,3.910000,0.770000,0.00,cifi0007.DBF
ABFS,10ABFS,F,SM,00,8,68,561.00,967,668.00,662.00,3.910000,0.770000,0.00,cifi0007.DBF
ABFS,10ABFS,F,SM,00,8,69,579.00,970,684.00,678.00,3.910000,0.770000,0.00,cifi0007.DBF
ABFS,10ABFS,F,SM,00,8,70,596.00,972,699.00,693.00,3.910000,0.770000,0.00,cifi0007.DBF
ABFS,10ABFS,F,SM,00,8,71,613.00,973,713.00,708.00,3.910000,0.770000,0.00,cifi0007.DBF
ABFS,10ABFS,F,SM,00,8,72,631.00,976,728.00,722.00,3.910000,0.770000,0.00,cifi0007.DBF
ABFS,10ABFS,F,SM,00,8,73,648.00,978,742.00,737.00,3.910000,0.770000,0.00,cifi0007.DBF
ABFS,10ABFS,F,SM,00,8,74,665.00,980,756.00,751.00,3.910000,0.770000,0.00,cifi0007.DBF
ABFS,10ABFS,F,SM,00,8,75,681.00,980,769.00,764.00,3.910000,0.770000,0.00,cifi0007.DBF
ABFS,10ABFS,F,SM,00,8,76,697.00,982,782.00,777.00,3.910000,0.770000,0.00,cifi0007.DBF
ABFS,10ABFS,F,SM,00,8,77,713.00,984,794.00,790.00,3.910000,0.770000,0.00,cifi0007.DBF
ABFS,10ABFS,F,SM,00,8,78,727.00,984,806.00,802.00,3.910000,0.770000,0.00,cifi0007.DBF
ABFS,10ABFS,F,SM,00,8,79,741.00,985,817.00,813.00,3.910000,0.770000,0.00,cifi0007.DBF
ABFS,10ABFS,F,SM,00,8,80,755.00,987,827.00,824.00,3.910000,0.770000,0.00,cifi0007.DBF
ABFS,10ABFS,F,SM,00,8,81,769.00,989,837.00,834.00,3.910000,0.770000,0.00,cifi0007.DBF
ABFS,10ABFS,F,SM,00,8,82,782.00,989,847.00,844.00,3.910000,0.770000,0.00,cifi0007.DBF
ABFS,10ABFS,F,SM,00,8,83,795.00,989,857.00,854.00,3.910000,0.770000,0.00,cifi0007.DBF
ABFS,10ABFS,F,SM,00,8,84,809.00,991,867.00,864.00,3.910000,0.770000,0.00,cifi0007.DBF
ABFS,10ABFS,F,SM,00,8,85,823.00,991,877.00,874.00,3.910000,0.770000,0.00,cifi0007.DBF
ABFS,10ABFS,F,SM,00,8,86,839.00,993,888.00,884.00,3.910000,0.770000,0.00,cifi0007.DBF
ABFS,10ABFS,F,SM,00,8,87,856.00,994,901.00,896.00,3.910000,0.770000,0.00,cifi0007.DBF
ABFS,10ABFS,F,SM,00,8,88,875.00,995,914.00,909.00,3.910000,0.770000,0.00,cifi0007.DBF
ABFS,10ABFS,F,SM,00,8,89,895.00,996,928.00,923.00,3.910000,0.770000,0.00,cifi0007.DBF
ABFS,10ABFS,F,SM,00,8,90,916.00,997,942.00,937.00,3.910000,0.770000,0.00,cifi0007.DBF
ABFS,10ABFS,F,SM,00,8,91,937.00,998,953.00,949.00,3.910000,0.770000,0.00,cifi0007.DBF
ABFS,10ABFS,F,SM,00,9,1,0.00,0,0.00,0.00,4.060000,0.760000,0.00,cifi0007.DBF
ABFS,10ABFS,F,SM,00,9,2,0.00,0,3.00,4.00,4.060000,0.760000,0.00,cifi0007.DBF
ABFS,10ABFS,F,SM,00,9,3,0.00,0,7.00,7.00,4.060000,0.760000,0.00,cifi0007.DBF
ABFS,10ABFS,F,SM,00,9,4,0.00,0,11.00,11.00,4.060000,0.760000,0.00,cifi0007.DBF
ABFS,10ABFS,F,SM,00,9,5,0.00,0,15.00,15.00,4.060000,0.760000,0.00,cifi0007.DBF
ABFS,10ABFS,F,SM,00,9,6,0.00,0,19.00,19.00,4.060000,0.760000,0.00,cifi0007.DBF
ABFS,10ABFS,F,SM,00,9,7,1.00,22,23.00,23.00,4.060000,0.760000,0.00,cifi0007.DBF
ABFS,10ABFS,F,SM,00,9,8,3.00,62,27.00,27.00,4.060000,0.760000,0.00,cifi0007.DBF
ABFS,10ABFS,F,SM,00,9,9,6.00,118,31.00,31.00,4.060000,0.760000,0.00,cifi0007.DBF
ABFS,10ABFS,F,SM,00,9,10,8.00,151,36.00,36.00,4.060000,0.760000,0.00,cifi0007.DBF
ABFS,10ABFS,F,SM,00,9,11,11.00,198,40.00,40.00,4.060000,0.760000,0.00,cifi0007.DBF
ABFS,10ABFS,F,SM,00,9,12,13.00,224,45.00,45.00,4.060000,0.760000,0.00,cifi0007.DBF
ABFS,10ABFS,F,SM,00,9,13,16.00,263,50.00,50.00,4.060000,0.760000,0.00,cifi0007.DBF
ABFS,10ABFS,F,SM,00,9,14,19.00,299,55.00,55.00,4.060000,0.760000,0.00,cifi0007.DBF
ABFS,10ABFS,F,SM,00,9,15,22.00,330,61.00,60.00,4.060000,0.760000,0.00,cifi0007.DBF
ABFS,10ABFS,F,SM,00,9,16,25.00,358,66.00,66.00,4.060000,0.760000,0.00,cifi0007.DBF
ABFS,10ABFS,F,SM,00,9,17,29.00,397,72.00,71.00,4.060000,0.760000,0.00,cifi0007.DBF
ABFS,10ABFS,F,SM,00,9,18,33.00,430,78.00,77.00,4.060000,0.760000,0.00,cifi0007.DBF
ABFS,10ABFS,F,SM,00,9,19,37.00,460,84.00,83.00,4.060000,0.760000,0.00,cifi0007.DBF
ABFS,10ABFS,F,SM,00,9,20,41.00,486,91.00,90.00,4.060000,0.760000,0.00,cifi0007.DBF
ABFS,10ABFS,F,SM,00,9,21,45.00,509,98.00,97.00,4.060000,0.760000,0.00,cifi0007.DBF
ABFS,10ABFS,F,SM,00,9,22,50.00,539,105.00,104.00,4.060000,0.760000,0.00,cifi0007.DBF
ABFS,10ABFS,F,SM,00,9,23,54.00,555,112.00,111.00,4.060000,0.760000,0.00,cifi0007.DBF
ABFS,10ABFS,F,SM,00,9,24,59.00,577,120.00,118.00,4.060000,0.760000,0.00,cifi0007.DBF
ABFS,10ABFS,F,SM,00,9,25,65.00,606,128.00,126.00,4.060000,0.760000,0.00,cifi0007.DBF
ABFS,10ABFS,F,SM,00,9,26,70.00,622,136.00,134.00,4.060000,0.760000,0.00,cifi0007.DBF
ABFS,10ABFS,F,SM,00,9,27,76.00,643,144.00,142.00,4.060000,0.760000,0.00,cifi0007.DBF
ABFS,10ABFS,F,SM,00,9,28,82.00,661,153.00,151.00,4.060000,0.760000,0.00,cifi0007.DBF
ABFS,10ABFS,F,SM,00,9,29,89.00,684,162.00,160.00,4.060000,0.760000,0.00,cifi0007.DBF
ABFS,10ABFS,F,SM,00,9,30,95.00,696,171.00,169.00,4.060000,0.760000,0.00,cifi0007.DBF
ABFS,10ABFS,F,SM,00,9,31,102.00,713,180.00,178.00,4.060000,0.760000,0.00,cifi0007.DBF
ABFS,10ABFS,F,SM,00,9,32,109.00,728,190.00,187.00,4.060000,0.760000,0.00,cifi0007.DBF
ABFS,10ABFS,F,SM,00,9,33,117.00,747,200.00,197.00,4.060000,0.760000,0.00,cifi0007.DBF
ABFS,10ABFS,F,SM,00,9,34,124.00,757,210.00,207.00,4.060000,0.760000,0.00,cifi0007.DBF
ABFS,10ABFS,F,SM,00,9,35,132.00,771,220.00,217.00,4.060000,0.760000,0.00,cifi0007.DBF
ABFS,10ABFS,F,SM,00,9,36,140.00,783,230.00,227.00,4.060000,0.760000,0.00,cifi0007.DBF
ABFS,10ABFS,F,SM,00,9,37,148.00,793,241.00,238.00,4.060000,0.760000,0.00,cifi0007.DBF
ABFS,10ABFS,F,SM,00,9,38,157.00,806,251.00,248.00,4.060000,0.760000,0.00,cifi0007.DBF
ABFS,10ABFS,F,SM,00,9,39,165.00,811,262.00,259.00,4.060000,0.760000,0.00,cifi0007.DBF
ABFS,10ABFS,F,SM,00,9,40,175.00,825,274.00,270.00,4.060000,0.760000,0.00,cifi0007.DBF
ABFS,10ABFS,F,SM,00,9,41,184.00,832,285.00,282.00,4.060000,0.760000,0.00,cifi0007.DBF
ABFS,10ABFS,F,SM,00,9,42,194.00,842,297.00,293.00,4.060000,0.760000,0.00,cifi0007.DBF
ABFS,10ABFS,F,SM,00,9,43,204.00,849,309.00,305.00,4.060000,0.760000,0.00,cifi0007.DBF
ABFS,10ABFS,F,SM,00,9,44,215.00,860,321.00,317.00,4.060000,0.760000,0.00,cifi0007.DBF
ABFS,10ABFS,F,SM,00,9,45,225.00,864,334.00,330.00,4.060000,0.760000,0.00,cifi0007.DBF
ABFS,10ABFS,F,SM,00,9,46,236.00,871,347.00,343.00,4.060000,0.760000,0.00,cifi0007.DBF
ABFS,10ABFS,F,SM,00,9,47,248.00,880,360.00,356.00,4.060000,0.760000,0.00,cifi0007.DBF
ABFS,10ABFS,F,SM,00,9,48,260.00,887,373.00,369.00,4.060000,0.760000,0.00,cifi0007.DBF
ABFS,10ABFS,F,SM,00,9,49,272.00,893,386.00,382.00,4.060000,0.760000,0.00,cifi0007.DBF
ABFS,10ABFS,F,SM,00,9,50,284.00,897,400.00,395.00,4.060000,0.760000,0.00,cifi0007.DBF
ABFS,10ABFS,F,SM,00,9,51,298.00,905,414.00,409.00,4.060000,0.760000,0.00,cifi0007.DBF
ABFS,10ABFS,F,SM,00,9,52,312.00,911,429.00,424.00,4.060000,0.760000,0.00,cifi0007.DBF
ABFS,10ABFS,F,SM,00,9,53,326.00,915,444.00,439.00,4.060000,0.760000,0.00,cifi0007.DBF
ABFS,10ABFS,F,SM,00,9,54,341.00,921,459.00,454.00,4.060000,0.760000,0.00,cifi0007.DBF
ABFS,10ABFS,F,SM,00,9,55,356.00,925,475.00,469.00,4.060000,0.760000,0.00,cifi0007.DBF
ABFS,10ABFS,F,SM,00,9,56,371.00,929,490.00,485.00,4.060000,0.760000,0.00,cifi0007.DBF
ABFS,10ABFS,F,SM,00,9,57,387.00,934,506.00,500.00,4.060000,0.760000,0.00,cifi0007.DBF
ABFS,10ABFS,F,SM,00,9,58,402.00,936,521.00,516.00,4.060000,0.760000,0.00,cifi0007.DBF
ABFS,10ABFS,F,SM,00,9,59,419.00,942,537.00,531.00,4.060000,0.760000,0.00,cifi0007.DBF
ABFS,10ABFS,F,SM,00,9,60,435.00,945,553.00,547.00,4.060000,0.760000,0.00,cifi0007.DBF
ABFS,10ABFS,F,SM,00,9,61,452.00,948,569.00,563.00,4.060000,0.760000,0.00,cifi0007.DBF
ABFS,10ABFS,F,SM,00,9,62,470.00,952,586.00,580.00,4.060000,0.760000,0.00,cifi0007.DBF
ABFS,10ABFS,F,SM,00,9,63,488.00,955,602.00,596.00,4.060000,0.760000,0.00,cifi0007.DBF
ABFS,10ABFS,F,SM,00,9,64,506.00,958,619.00,613.00,4.060000,0.760000,0.00,cifi0007.DBF
ABFS,10ABFS,F,SM,00,9,65,525.00,962,635.00,629.00,4.060000,0.760000,0.00,cifi0007.DBF
ABFS,10ABFS,F,SM,00,9,66,543.00,965,652.00,646.00,4.060000,0.760000,0.00,cifi0007.DBF
ABFS,10ABFS,F,SM,00,9,67,561.00,967,667.00,662.00,4.060000,0.760000,0.00,cifi0007.DBF
ABFS,10ABFS,F,SM,00,9,68,578.00,969,683.00,677.00,4.060000,0.760000,0.00,cifi0007.DBF
ABFS,10ABFS,F,SM,00,9,69,596.00,972,698.00,693.00,4.060000,0.760000,0.00,cifi0007.DBF
ABFS,10ABFS,F,SM,00,9,70,613.00,973,712.00,707.00,4.060000,0.760000,0.00,cifi0007.DBF
ABFS,10ABFS,F,SM,00,9,71,630.00,975,727.00,722.00,4.060000,0.760000,0.00,cifi0007.DBF
ABFS,10ABFS,F,SM,00,9,72,647.00,976,741.00,736.00,4.060000,0.760000,0.00,cifi0007.DBF
ABFS,10ABFS,F,SM,00,9,73,664.00,978,755.00,750.00,4.060000,0.760000,0.00,cifi0007.DBF
ABFS,10ABFS,F,SM,00,9,74,681.00,980,768.00,764.00,4.060000,0.760000,0.00,cifi0007.DBF
ABFS,10ABFS,F,SM,00,9,75,697.00,982,781.00,777.00,4.060000,0.760000,0.00,cifi0007.DBF
ABFS,10ABFS,F,SM,00,9,76,712.00,983,794.00,790.00,4.060000,0.760000,0.00,cifi0007.DBF
ABFS,10ABFS,F,SM,00,9,77,727.00,984,805.00,802.00,4.060000,0.760000,0.00,cifi0007.DBF
ABFS,10ABFS,F,SM,00,9,78,741.00,985,816.00,813.00,4.060000,0.760000,0.00,cifi0007.DBF
ABFS,10ABFS,F,SM,00,9,79,755.00,987,827.00,824.00,4.060000,0.760000,0.00,cifi0007.DBF
ABFS,10ABFS,F,SM,00,9,80,768.00,987,837.00,834.00,4.060000,0.760000,0.00,cifi0007.DBF
ABFS,10ABFS,F,SM,00,9,81,782.00,989,847.00,844.00,4.060000,0.760000,0.00,cifi0007.DBF
ABFS,10ABFS,F,SM,00,9,82,795.00,989,857.00,854.00,4.060000,0.760000,0.00,cifi0007.DBF
ABFS,10ABFS,F,SM,00,9,83,809.00,991,867.00,864.00,4.060000,0.760000,0.00,cifi0007.DBF
ABFS,10ABFS,F,SM,00,9,84,823.00,991,877.00,874.00,4.060000,0.760000,0.00,cifi0007.DBF
ABFS,10ABFS,F,SM,00,9,85,839.00,993,888.00,885.00,4.060000,0.760000,0.00,cifi0007.DBF
ABFS,10ABFS,F,SM,00,9,86,856.00,994,900.00,896.00,4.060000,0.760000,0.00,cifi0007.DBF
ABFS,10ABFS,F,SM,00,9,87,875.00,995,914.00,909.00,4.060000,0.760000,0.00,cifi0007.DBF
ABFS,10ABFS,F,SM,00,9,88,895.00,996,928.00,923.00,4.060000,0.760000,0.00,cifi0007.DBF
ABFS,10ABFS,F,SM,00,9,89,916.00,997,942.00,937.00,4.060000,0.760000,0.00,cifi0007.DBF
ABFS,10ABFS,F,SM,00,9,90,937.00,998,953.00,950.00,4.060000,0.760000,0.00,cifi0007.DBF
ABFS,10ABFS,F,SM,00,10,1,0.00,0,0.00,0.00,4.230000,0.750000,0.00,cifi0007.DBF
ABFS,10ABFS,F,SM,00,10,2,0.00,0,4.00,4.00,4.230000,0.750000,0.00,cifi0007.DBF
ABFS,10ABFS,F,SM,00,10,3,0.00,0,7.00,8.00,4.230000,0.750000,0.00,cifi0007.DBF
ABFS,10ABFS,F,SM,00,10,4,0.00,0,11.00,11.00,4.230000,0.750000,0.00,cifi0007.DBF
ABFS,10ABFS,F,SM,00,10,5,0.00,0,15.00,15.00,4.230000,0.750000,0.00,cifi0007.DBF
ABFS,10ABFS,F,SM,00,10,6,0.00,0,19.00,19.00,4.230000,0.750000,0.00,cifi0007.DBF
ABFS,10ABFS,F,SM,00,10,7,2.00,41,24.00,24.00,4.230000,0.750000,0.00,cifi0007.DBF
ABFS,10ABFS,F,SM,00,10,8,4.00,79,28.00,28.00,4.230000,0.750000,0.00,cifi0007.DBF
ABFS,10ABFS,F,SM,00,10,9,6.00,113,32.00,32.00,4.230000,0.750000,0.00,cifi0007.DBF
ABFS,10ABFS,F,SM,00,10,10,9.00,162,37.00,37.00,4.230000,0.750000,0.00,cifi0007.DBF
ABFS,10ABFS,F,SM,00,10,11,12.00,207,42.00,42.00,4.230000,0.750000,0.00,cifi0007.DBF
ABFS,10ABFS,F,SM,00,10,12,14.00,230,47.00,47.00,4.230000,0.750000,0.00,cifi0007.DBF
ABFS,10ABFS,F,SM,00,10,13,17.00,267,52.00,52.00,4.230000,0.750000,0.00,cifi0007.DBF
ABFS,10ABFS,F,SM,00,10,14,20.00,300,57.00,57.00,4.230000,0.750000,0.00,cifi0007.DBF
ABFS,10ABFS,F,SM,00,10,15,24.00,344,63.00,62.00,4.230000,0.750000,0.00,cifi0007.DBF
ABFS,10ABFS,F,SM,00,10,16,27.00,369,69.00,68.00,4.230000,0.750000,0.00,cifi0007.DBF
ABFS,10ABFS,F,SM,00,10,17,31.00,404,75.00,74.00,4.230000,0.750000,0.00,cifi0007.DBF
ABFS,10ABFS,F,SM,00,10,18,35.00,435,81.00,80.00,4.230000,0.750000,0.00,cifi0007.DBF
ABFS,10ABFS,F,SM,00,10,19,39.00,463,88.00,87.00,4.230000,0.750000,0.00,cifi0007.DBF
ABFS,10ABFS,F,SM,00,10,20,43.00,486,95.00,94.00,4.230000,0.750000,0.00,cifi0007.DBF
ABFS,10ABFS,F,SM,00,10,21,48.00,517,102.00,101.00,4.230000,0.750000,0.00,cifi0007.DBF
ABFS,10ABFS,F,SM,00,10,22,53.00,544,109.00,108.00,4.230000,0.750000,0.00,cifi0007.DBF
ABFS,10ABFS,F,SM,00,10,23,58.00,568,117.00,115.00,4.230000,0.750000,0.00,cifi0007.DBF
ABFS,10ABFS,F,SM,00,10,24,63.00,587,125.00,123.00,4.230000,0.750000,0.00,cifi0007.DBF
ABFS,10ABFS,F,SM,00,10,25,69.00,613,133.00,131.00,4.230000,0.750000,0.00,cifi0007.DBF
ABFS,10ABFS,F,SM,00,10,26,75.00,634,141.00,139.00,4.230000,0.750000,0.00,cifi0007.DBF
ABFS,10ABFS,F,SM,00,10,27,81.00,653,150.00,148.00,4.230000,0.750000,0.00,cifi0007.DBF
ABFS,10ABFS,F,SM,00,10,28,87.00,668,159.00,157.00,4.230000,0.750000,0.00,cifi0007.DBF
ABFS,10ABFS,F,SM,00,10,29,94.00,689,168.00,166.00,4.230000,0.750000,0.00,cifi0007.DBF
ABFS,10ABFS,F,SM,00,10,30,101.00,706,178.00,175.00,4.230000,0.750000,0.00,cifi0007.DBF
ABFS,10ABFS,F,SM,00,10,31,108.00,721,187.00,185.00,4.230000,0.750000,0.00,cifi0007.DBF
ABFS,10ABFS,F,SM,00,10,32,115.00,734,197.00,194.00,4.230000,0.750000,0.00,cifi0007.DBF
ABFS,10ABFS,F,SM,00,10,33,123.00,751,207.00,204.00,4.230000,0.750000,0.00,cifi0007.DBF
ABFS,10ABFS,F,SM,00,10,34,130.00,759,217.00,214.00,4.230000,0.750000,0.00,cifi0007.DBF
ABFS,10ABFS,F,SM,00,10,35,138.00,772,227.00,224.00,4.230000,0.750000,0.00,cifi0007.DBF
ABFS,10ABFS,F,SM,00,10,36,147.00,787,238.00,235.00,4.230000,0.750000,0.00,cifi0007.DBF
ABFS,10ABFS,F,SM,00,10,37,155.00,795,249.00,246.00,4.230000,0.750000,0.00,cifi0007.DBF
ABFS,10ABFS,F,SM,00,10,38,164.00,807,260.00,257.00,4.230000,0.750000,0.00,cifi0007.DBF
ABFS,10ABFS,F,SM,00,10,39,173.00,816,271.00,268.00,4.230000,0.750000,0.00,cifi0007.DBF
ABFS,10ABFS,F,SM,00,10,40,183.00,828,283.00,279.00,4.230000,0.750000,0.00,cifi0007.DBF
ABFS,10ABFS,F,SM,00,10,41,193.00,837,295.00,291.00,4.230000,0.750000,0.00,cifi0007.DBF
ABFS,10ABFS,F,SM,00,10,42,203.00,845,307.00,303.00,4.230000,0.750000,0.00,cifi0007.DBF
ABFS,10ABFS,F,SM,00,10,43,213.00,852,319.00,315.00,4.230000,0.750000,0.00,cifi0007.DBF
ABFS,10ABFS,F,SM,00,10,44,224.00,860,332.00,328.00,4.230000,0.750000,0.00,cifi0007.DBF
ABFS,10ABFS,F,SM,00,10,45,235.00,867,344.00,340.00,4.230000,0.750000,0.00,cifi0007.DBF
ABFS,10ABFS,F,SM,00,10,46,246.00,873,357.00,353.00,4.230000,0.750000,0.00,cifi0007.DBF
ABFS,10ABFS,F,SM,00,10,47,258.00,881,371.00,366.00,4.230000,0.750000,0.00,cifi0007.DBF
ABFS,10ABFS,F,SM,00,10,48,270.00,886,384.00,380.00,4.230000,0.750000,0.00,cifi0007.DBF
ABFS,10ABFS,F,SM,00,10,49,283.00,893,398.00,393.00,4.230000,0.750000,0.00,cifi0007.DBF
ABFS,10ABFS,F,SM,00,10,50,297.00,902,412.00,407.00,4.230000,0.750000,0.00,cifi0007.DBF
ABFS,10ABFS,F,SM,00,10,51,310.00,905,427.00,422.00,4.230000,0.750000,0.00,cifi0007.DBF
ABFS,10ABFS,F,SM,00,10,52,325.00,912,442.00,437.00,4.230000,0.750000,0.00,cifi0007.DBF
ABFS,10ABFS,F,SM,00,10,53,340.00,918,458.00,452.00,4.230000,0.750000,0.00,cifi0007.DBF
ABFS,10ABFS,F,SM,00,10,54,355.00,923,473.00,468.00,4.230000,0.750000,0.00,cifi0007.DBF
ABFS,10ABFS,F,SM,00,10,55,370.00,926,488.00,483.00,4.230000,0.750000,0.00,cifi0007.DBF
ABFS,10ABFS,F,SM,00,10,56,386.00,932,504.00,498.00,4.230000,0.750000,0.00,cifi0007.DBF
ABFS,10ABFS,F,SM,00,10,57,401.00,934,520.00,514.00,4.230000,0.750000,0.00,cifi0007.DBF
ABFS,10ABFS,F,SM,00,10,58,418.00,940,535.00,530.00,4.230000,0.750000,0.00,cifi0007.DBF
ABFS,10ABFS,F,SM,00,10,59,434.00,942,551.00,545.00,4.230000,0.750000,0.00,cifi0007.DBF
ABFS,10ABFS,F,SM,00,10,60,451.00,946,568.00,562.00,4.230000,0.750000,0.00,cifi0007.DBF
ABFS,10ABFS,F,SM,00,10,61,469.00,950,584.00,578.00,4.230000,0.750000,0.00,cifi0007.DBF
ABFS,10ABFS,F,SM,00,10,62,487.00,953,601.00,595.00,4.230000,0.750000,0.00,cifi0007.DBF
ABFS,10ABFS,F,SM,00,10,63,505.00,956,618.00,612.00,4.230000,0.750000,0.00,cifi0007.DBF
ABFS,10ABFS,F,SM,00,10,64,524.00,960,634.00,628.00,4.230000,0.750000,0.00,cifi0007.DBF
ABFS,10ABFS,F,SM,00,10,65,542.00,963,650.00,644.00,4.230000,0.750000,0.00,cifi0007.DBF
ABFS,10ABFS,F,SM,00,10,66,560.00,966,666.00,660.00,4.230000,0.750000,0.00,cifi0007.DBF
ABFS,10ABFS,F,SM,00,10,67,577.00,967,681.00,676.00,4.230000,0.750000,0.00,cifi0007.DBF
ABFS,10ABFS,F,SM,00,10,68,595.00,970,697.00,691.00,4.230000,0.750000,0.00,cifi0007.DBF
ABFS,10ABFS,F,SM,00,10,69,612.00,972,711.00,706.00,4.230000,0.750000,0.00,cifi0007.DBF
ABFS,10ABFS,F,SM,00,10,70,629.00,973,726.00,721.00,4.230000,0.750000,0.00,cifi0007.DBF
ABFS,10ABFS,F,SM,00,10,71,647.00,976,740.00,735.00,4.230000,0.750000,0.00,cifi0007.DBF
ABFS,10ABFS,F,SM,00,10,72,664.00,978,754.00,749.00,4.230000,0.750000,0.00,cifi0007.DBF
ABFS,10ABFS,F,SM,00,10,73,680.00,979,768.00,763.00,4.230000,0.750000,0.00,cifi0007.DBF
ABFS,10ABFS,F,SM,00,10,74,696.00,980,781.00,777.00,4.230000,0.750000,0.00,cifi0007.DBF
ABFS,10ABFS,F,SM,00,10,75,712.00,983,793.00,789.00,4.230000,0.750000,0.00,cifi0007.DBF
ABFS,10ABFS,F,SM,00,10,76,726.00,983,805.00,801.00,4.230000,0.750000,0.00,cifi0007.DBF
ABFS,10ABFS,F,SM,00,10,77,741.00,985,816.00,813.00,4.230000,0.750000,0.00,cifi0007.DBF
ABFS,10ABFS,F,SM,00,10,78,754.00,985,826.00,823.00,4.230000,0.750000,0.00,cifi0007.DBF
ABFS,10ABFS,F,SM,00,10,79,768.00,987,836.00,833.00,4.230000,0.750000,0.00,cifi0007.DBF
ABFS,10ABFS,F,SM,00,10,80,781.00,988,846.00,843.00,4.230000,0.750000,0.00,cifi0007.DBF
ABFS,10ABFS,F,SM,00,10,81,795.00,989,856.00,853.00,4.230000,0.750000,0.00,cifi0007.DBF
ABFS,10ABFS,F,SM,00,10,82,808.00,990,866.00,863.00,4.230000,0.750000,0.00,cifi0007.DBF
ABFS,10ABFS,F,SM,00,10,83,823.00,991,877.00,874.00,4.230000,0.750000,0.00,cifi0007.DBF
ABFS,10ABFS,F,SM,00,10,84,838.00,992,888.00,885.00,4.230000,0.750000,0.00,cifi0007.DBF
ABFS,10ABFS,F,SM,00,10,85,856.00,994,900.00,896.00,4.230000,0.750000,0.00,cifi0007.DBF
ABFS,10ABFS,F,SM,00,10,86,874.00,994,913.00,909.00,4.230000,0.750000,0.00,cifi0007.DBF
ABFS,10ABFS,F,SM,00,10,87,895.00,996,927.00,922.00,4.230000,0.750000,0.00,cifi0007.DBF
ABFS,10ABFS,F,SM,00,10,88,916.00,997,942.00,937.00,4.230000,0.750000,0.00,cifi0007.DBF
ABFS,10ABFS,F,SM,00,10,89,936.00,997,953.00,950.00,4.230000,0.750000,0.00,cifi0007.DBF
ABFS,10ABFS,F,SM,00,11,1,0.00,0,0.00,0.00,4.400000,0.760000,0.00,cifi0007.DBF
ABFS,10ABFS,F,SM,00,11,2,0.00,0,4.00,4.00,4.400000,0.760000,0.00,cifi0007.DBF
ABFS,10ABFS,F,SM,00,11,3,0.00,0,8.00,8.00,4.400000,0.760000,0.00,cifi0007.DBF
ABFS,10ABFS,F,SM,00,11,4,0.00,0,12.00,12.00,4.400000,0.760000,0.00,cifi0007.DBF
ABFS,10ABFS,F,SM,00,11,5,0.00,0,16.00,16.00,4.400000,0.760000,0.00,cifi0007.DBF
ABFS,10ABFS,F,SM,00,11,6,0.00,0,20.00,20.00,4.400000,0.760000,0.00,cifi0007.DBF
ABFS,10ABFS,F,SM,00,11,7,2.00,40,24.00,24.00,4.400000,0.760000,0.00,cifi0007.DBF
ABFS,10ABFS,F,SM,00,11,8,5.00,94,29.00,29.00,4.400000,0.760000,0.00,cifi0007.DBF
ABFS,10ABFS,F,SM,00,11,9,7.00,126,33.00,33.00,4.400000,0.760000,0.00,cifi0007.DBF
ABFS,10ABFS,F,SM,00,11,10,10.00,172,38.00,38.00,4.400000,0.760000,0.00,cifi0007.DBF
ABFS,10ABFS,F,SM,00,11,11,13.00,214,43.00,43.00,4.400000,0.760000,0.00,cifi0007.DBF
ABFS,10ABFS,F,SM,00,11,12,15.00,236,48.00,48.00,4.400000,0.760000,0.00,cifi0007.DBF
ABFS,10ABFS,F,SM,00,11,13,19.00,285,54.00,53.00,4.400000,0.760000,0.00,cifi0007.DBF
ABFS,10ABFS,F,SM,00,11,14,22.00,315,60.00,59.00,4.400000,0.760000,0.00,cifi0007.DBF
ABFS,10ABFS,F,SM,00,11,15,25.00,342,65.00,65.00,4.400000,0.760000,0.00,cifi0007.DBF
ABFS,10ABFS,F,SM,00,11,16,29.00,378,72.00,71.00,4.400000,0.760000,0.00,cifi0007.DBF
ABFS,10ABFS,F,SM,00,11,17,33.00,411,78.00,77.00,4.400000,0.760000,0.00,cifi0007.DBF
ABFS,10ABFS,F,SM,00,11,18,37.00,439,84.00,83.00,4.400000,0.760000,0.00,cifi0007.DBF
ABFS,10ABFS,F,SM,00,11,19,42.00,475,91.00,90.00,4.400000,0.760000,0.00,cifi0007.DBF
ABFS,10ABFS,F,SM,00,11,20,46.00,496,98.00,97.00,4.400000,0.760000,0.00,cifi0007.DBF
ABFS,10ABFS,F,SM,00,11,21,51.00,524,106.00,104.00,4.400000,0.760000,0.00,cifi0007.DBF
ABFS,10ABFS,F,SM,00,11,22,56.00,548,113.00,112.00,4.400000,0.760000,0.00,cifi0007.DBF
ABFS,10ABFS,F,SM,00,11,23,61.00,569,121.00,119.00,4.400000,0.760000,0.00,cifi0007.DBF
ABFS,10ABFS,F,SM,00,11,24,67.00,595,130.00,128.00,4.400000,0.760000,0.00,cifi0007.DBF
ABFS,10ABFS,F,SM,00,11,25,73.00,617,138.00,136.00,4.400000,0.760000,0.00,cifi0007.DBF
ABFS,10ABFS,F,SM,00,11,26,79.00,637,147.00,145.00,4.400000,0.760000,0.00,cifi0007.DBF
ABFS,10ABFS,F,SM,00,11,27,85.00,653,156.00,154.00,4.400000,0.760000,0.00,cifi0007.DBF
ABFS,10ABFS,F,SM,00,11,28,92.00,674,165.00,163.00,4.400000,0.760000,0.00,cifi0007.DBF
ABFS,10ABFS,F,SM,00,11,29,99.00,692,175.00,172.00,4.400000,0.760000,0.00,cifi0007.DBF
ABFS,10ABFS,F,SM,00,11,30,106.00,708,184.00,182.00,4.400000,0.760000,0.00,cifi0007.DBF
ABFS,10ABFS,F,SM,00,11,31,113.00,721,194.00,191.00,4.400000,0.760000,0.00,cifi0007.DBF
ABFS,10ABFS,F,SM,00,11,32,121.00,738,204.00,201.00,4.400000,0.760000,0.00,cifi0007.DBF
ABFS,10ABFS,F,SM,00,11,33,129.00,753,214.00,211.00,4.400000,0.760000,0.00,cifi0007.DBF
ABFS,10ABFS,F,SM,00,11,34,137.00,766,225.00,222.00,4.400000,0.760000,0.00,cifi0007.DBF
ABFS,10ABFS,F,SM,00,11,35,145.00,777,235.00,232.00,4.400000,0.760000,0.00,cifi0007.DBF
ABFS,10ABFS,F,SM,00,11,36,154.00,790,246.00,243.00,4.400000,0.760000,0.00,cifi0007.DBF
ABFS,10ABFS,F,SM,00,11,37,162.00,797,257.00,254.00,4.400000,0.760000,0.00,cifi0007.DBF
ABFS,10ABFS,F,SM,00,11,38,172.00,811,269.00,265.00,4.400000,0.760000,0.00,cifi0007.DBF
ABFS,10ABFS,F,SM,00,11,39,181.00,819,280.00,277.00,4.400000,0.760000,0.00,cifi0007.DBF
ABFS,10ABFS,F,SM,00,11,40,191.00,829,292.00,288.00,4.400000,0.760000,0.00,cifi0007.DBF
ABFS,10ABFS,F,SM,00,11,41,201.00,837,304.00,300.00,4.400000,0.760000,0.00,cifi0007.DBF
ABFS,10ABFS,F,SM,00,11,42,212.00,848,317.00,313.00,4.400000,0.760000,0.00,cifi0007.DBF
ABFS,10ABFS,F,SM,00,11,43,223.00,856,329.00,325.00,4.400000,0.760000,0.00,cifi0007.DBF
ABFS,10ABFS,F,SM,00,11,44,234.00,864,342.00,338.00,4.400000,0.760000,0.00,cifi0007.DBF
ABFS,10ABFS,F,SM,00,11,45,245.00,869,355.00,351.00,4.400000,0.760000,0.00,cifi0007.DBF
ABFS,10ABFS,F,SM,00,11,46,257.00,877,368.00,364.00,4.400000,0.760000,0.00,cifi0007.DBF
ABFS,10ABFS,F,SM,00,11,47,269.00,883,382.00,377.00,4.400000,0.760000,0.00,cifi0007.DBF
ABFS,10ABFS,F,SM,00,11,48,282.00,890,396.00,391.00,4.400000,0.760000,0.00,cifi0007.DBF
ABFS,10ABFS,F,SM,00,11,49,295.00,896,410.00,405.00,4.400000,0.760000,0.00,cifi0007.DBF
ABFS,10ABFS,F,SM,00,11,50,309.00,902,425.00,420.00,4.400000,0.760000,0.00,cifi0007.DBF
ABFS,10ABFS,F,SM,00,11,51,323.00,907,440.00,435.00,4.400000,0.760000,0.00,cifi0007.DBF
ABFS,10ABFS,F,SM,00,11,52,338.00,913,456.00,450.00,4.400000,0.760000,0.00,cifi0007.DBF
ABFS,10ABFS,F,SM,00,11,53,353.00,917,471.00,466.00,4.400000,0.760000,0.00,cifi0007.DBF
ABFS,10ABFS,F,SM,00,11,54,369.00,924,487.00,481.00,4.400000,0.760000,0.00,cifi0007.DBF
ABFS,10ABFS,F,SM,00,11,55,384.00,927,502.00,497.00,4.400000,0.760000,0.00,cifi0007.DBF
ABFS,10ABFS,F,SM,00,11,56,400.00,932,518.00,512.00,4.400000,0.760000,0.00,cifi0007.DBF
ABFS,10ABFS,F,SM,00,11,57,416.00,936,534.00,528.00,4.400000,0.760000,0.00,cifi0007.DBF
ABFS,10ABFS,F,SM,00,11,58,433.00,940,550.00,544.00,4.400000,0.760000,0.00,cifi0007.DBF
ABFS,10ABFS,F,SM,00,11,59,450.00,944,566.00,560.00,4.400000,0.760000,0.00,cifi0007.DBF
ABFS,10ABFS,F,SM,00,11,60,468.00,948,583.00,577.00,4.400000,0.760000,0.00,cifi0007.DBF
ABFS,10ABFS,F,SM,00,11,61,486.00,951,600.00,594.00,4.400000,0.760000,0.00,cifi0007.DBF
ABFS,10ABFS,F,SM,00,11,62,505.00,956,616.00,610.00,4.400000,0.760000,0.00,cifi0007.DBF
ABFS,10ABFS,F,SM,00,11,63,523.00,958,633.00,627.00,4.400000,0.760000,0.00,cifi0007.DBF
ABFS,10ABFS,F,SM,00,11,64,541.00,961,649.00,643.00,4.400000,0.760000,0.00,cifi0007.DBF
ABFS,10ABFS,F,SM,00,11,65,559.00,964,665.00,659.00,4.400000,0.760000,0.00,cifi0007.DBF
ABFS,10ABFS,F,SM,00,11,66,577.00,967,680.00,675.00,4.400000,0.760000,0.00,cifi0007.DBF
ABFS,10ABFS,F,SM,00,11,67,594.00,968,695.00,690.00,4.400000,0.760000,0.00,cifi0007.DBF
ABFS,10ABFS,F,SM,00,11,68,611.00,970,710.00,705.00,4.400000,0.760000,0.00,cifi0007.DBF
ABFS,10ABFS,F,SM,00,11,69,629.00,973,725.00,720.00,4.400000,0.760000,0.00,cifi0007.DBF
ABFS,10ABFS,F,SM,00,11,70,646.00,975,739.00,734.00,4.400000,0.760000,0.00,cifi0007.DBF
ABFS,10ABFS,F,SM,00,11,71,663.00,977,753.00,748.00,4.400000,0.760000,0.00,cifi0007.DBF
ABFS,10ABFS,F,SM,00,11,72,680.00,979,767.00,762.00,4.400000,0.760000,0.00,cifi0007.DBF
ABFS,10ABFS,F,SM,00,11,73,696.00,980,780.00,776.00,4.400000,0.760000,0.00,cifi0007.DBF
ABFS,10ABFS,F,SM,00,11,74,711.00,981,792.00,788.00,4.400000,0.760000,0.00,cifi0007.DBF
ABFS,10ABFS,F,SM,00,11,75,726.00,983,804.00,800.00,4.400000,0.760000,0.00,cifi0007.DBF
ABFS,10ABFS,F,SM,00,11,76,740.00,984,815.00,812.00,4.400000,0.760000,0.00,cifi0007.DBF
ABFS,10ABFS,F,SM,00,11,77,754.00,985,826.00,823.00,4.400000,0.760000,0.00,cifi0007.DBF
ABFS,10ABFS,F,SM,00,11,78,767.00,986,836.00,833.00,4.400000,0.760000,0.00,cifi0007.DBF
ABFS,10ABFS,F,SM,00,11,79,781.00,988,846.00,843.00,4.400000,0.760000,0.00,cifi0007.DBF
ABFS,10ABFS,F,SM,00,11,80,794.00,988,856.00,853.00,4.400000,0.760000,0.00,cifi0007.DBF
ABFS,10ABFS,F,SM,00,11,81,808.00,990,866.00,863.00,4.400000,0.760000,0.00,cifi0007.DBF
ABFS,10ABFS,F,SM,00,11,82,822.00,990,876.00,873.00,4.400000,0.760000,0.00,cifi0007.DBF
ABFS,10ABFS,F,SM,00,11,83,838.00,992,887.00,884.00,4.400000,0.760000,0.00,cifi0007.DBF
ABFS,10ABFS,F,SM,00,11,84,855.00,992,900.00,896.00,4.400000,0.760000,0.00,cifi0007.DBF
ABFS,10ABFS,F,SM,00,11,85,874.00,994,913.00,909.00,4.400000,0.760000,0.00,cifi0007.DBF
ABFS,10ABFS,F,SM,00,11,86,894.00,995,927.00,922.00,4.400000,0.760000,0.00,cifi0007.DBF
ABFS,10ABFS,F,SM,00,11,87,916.00,997,941.00,936.00,4.400000,0.760000,0.00,cifi0007.DBF
ABFS,10ABFS,F,SM,00,11,88,936.00,997,953.00,949.00,4.400000,0.760000,0.00,cifi0007.DBF
ABFS,10ABFS,F,SM,00,12,1,0.00,0,0.00,0.00,4.580000,0.790000,0.00,cifi0007.DBF
ABFS,10ABFS,F,SM,00,12,2,0.00,0,4.00,4.00,4.580000,0.790000,0.00,cifi0007.DBF
ABFS,10ABFS,F,SM,00,12,3,0.00,0,8.00,8.00,4.580000,0.790000,0.00,cifi0007.DBF
ABFS,10ABFS,F,SM,00,12,4,0.00,0,12.00,12.00,4.580000,0.790000,0.00,cifi0007.DBF
ABFS,10ABFS,F,SM,00,12,5,0.00,0,16.00,16.00,4.580000,0.790000,0.00,cifi0007.DBF
ABFS,10ABFS,F,SM,00,12,6,0.00,0,21.00,21.00,4.580000,0.790000,0.00,cifi0007.DBF
ABFS,10ABFS,F,SM,00,12,7,3.00,57,25.00,25.00,4.580000,0.790000,0.00,cifi0007.DBF
ABFS,10ABFS,F,SM,00,12,8,5.00,90,30.00,30.00,4.580000,0.790000,0.00,cifi0007.DBF
ABFS,10ABFS,F,SM,00,12,9,8.00,138,35.00,35.00,4.580000,0.790000,0.00,cifi0007.DBF
ABFS,10ABFS,F,SM,00,12,10,11.00,181,40.00,40.00,4.580000,0.790000,0.00,cifi0007.DBF
ABFS,10ABFS,F,SM,00,12,11,14.00,220,45.00,45.00,4.580000,0.790000,0.00,cifi0007.DBF
ABFS,10ABFS,F,SM,00,12,12,17.00,255,50.00,50.00,4.580000,0.790000,0.00,cifi0007.DBF
ABFS,10ABFS,F,SM,00,12,13,20.00,287,56.00,55.00,4.580000,0.790000,0.00,cifi0007.DBF
ABFS,10ABFS,F,SM,00,12,14,24.00,328,62.00,61.00,4.580000,0.790000,0.00,cifi0007.DBF
ABFS,10ABFS,F,SM,00,12,15,27.00,352,68.00,67.00,4.580000,0.790000,0.00,cifi0007.DBF
ABFS,10ABFS,F,SM,00,12,16,31.00,386,74.00,73.00,4.580000,0.790000,0.00,cifi0007.DBF
ABFS,10ABFS,F,SM,00,12,17,35.00,415,81.00,80.00,4.580000,0.790000,0.00,cifi0007.DBF
ABFS,10ABFS,F,SM,00,12,18,40.00,452,88.00,87.00,4.580000,0.790000,0.00,cifi0007.DBF
ABFS,10ABFS,F,SM,00,12,19,44.00,474,95.00,94.00,4.580000,0.790000,0.00,cifi0007.DBF
ABFS,10ABFS,F,SM,00,12,20,49.00,503,102.00,101.00,4.580000,0.790000,0.00,cifi0007.DBF
ABFS,10ABFS,F,SM,00,12,21,54.00,528,110.00,108.00,4.580000,0.790000,0.00,cifi0007.DBF
ABFS,10ABFS,F,SM,00,12,22,60.00,559,118.00,116.00,4.580000,0.790000,0.00,cifi0007.DBF
ABFS,10ABFS,F,SM,00,12,23,65.00,577,126.00,124.00,4.580000,0.790000,0.00,cifi0007.DBF
ABFS,10ABFS,F,SM,00,12,24,71.00,601,135.00,133.00,4.580000,0.790000,0.00,cifi0007.DBF
ABFS,10ABFS,F,SM,00,12,25,77.00,621,144.00,142.00,4.580000,0.790000,0.00,cifi0007.DBF
ABFS,10ABFS,F,SM,00,12,26,84.00,645,153.00,151.00,4.580000,0.790000,0.00,cifi0007.DBF
ABFS,10ABFS,F,SM,00,12,27,90.00,659,162.00,160.00,4.580000,0.790000,0.00,cifi0007.DBF
ABFS,10ABFS,F,SM,00,12,28,97.00,678,171.00,169.00,4.580000,0.790000,0.00,cifi0007.DBF
ABFS,10ABFS,F,SM,00,12,29,104.00,694,181.00,178.00,4.580000,0.790000,0.00,cifi0007.DBF
ABFS,10ABFS,F,SM,00,12,30,112.00,715,191.00,188.00,4.580000,0.790000,0.00,cifi0007.DBF
ABFS,10ABFS,F,SM,00,12,31,119.00,726,201.00,198.00,4.580000,0.790000,0.00,cifi0007.DBF
ABFS,10ABFS,F,SM,00,12,32,127.00,742,211.00,208.00,4.580000,0.790000,0.00,cifi0007.DBF
ABFS,10ABFS,F,SM,00,12,33,135.00,755,222.00,219.00,4.580000,0.790000,0.00,cifi0007.DBF
ABFS,10ABFS,F,SM,00,12,34,143.00,766,232.00,229.00,4.580000,0.790000,0.00,cifi0007.DBF
ABFS,10ABFS,F,SM,00,12,35,152.00,780,243.00,240.00,4.580000,0.790000,0.00,cifi0007.DBF
ABFS,10ABFS,F,SM,00,12,36,161.00,792,254.00,251.00,4.580000,0.790000,0.00,cifi0007.DBF
ABFS,10ABFS,F,SM,00,12,37,170.00,802,266.00,262.00,4.580000,0.790000,0.00,cifi0007.DBF
ABFS,10ABFS,F,SM,00,12,38,180.00,814,278.00,274.00,4.580000,0.790000,0.00,cifi0007.DBF
ABFS,10ABFS,F,SM,00,12,39,189.00,820,289.00,286.00,4.580000,0.790000,0.00,cifi0007.DBF
ABFS,10ABFS,F,SM,00,12,40,200.00,833,302.00,298.00,4.580000,0.790000,0.00,cifi0007.DBF
ABFS,10ABFS,F,SM,00,12,41,210.00,840,314.00,310.00,4.580000,0.790000,0.00,cifi0007.DBF
ABFS,10ABFS,F,SM,00,12,42,221.00,849,327.00,323.00,4.580000,0.790000,0.00,cifi0007.DBF
ABFS,10ABFS,F,SM,00,12,43,232.00,856,340.00,336.00,4.580000,0.790000,0.00,cifi0007.DBF
ABFS,10ABFS,F,SM,00,12,44,244.00,866,353.00,349.00,4.580000,0.790000,0.00,cifi0007.DBF
ABFS,10ABFS,F,SM,00,12,45,255.00,870,366.00,362.00,4.580000,0.790000,0.00,cifi0007.DBF
ABFS,10ABFS,F,SM,00,12,46,268.00,880,380.00,375.00,4.580000,0.790000,0.00,cifi0007.DBF
ABFS,10ABFS,F,SM,00,12,47,280.00,884,394.00,389.00,4.580000,0.790000,0.00,cifi0007.DBF
ABFS,10ABFS,F,SM,00,12,48,294.00,892,408.00,403.00,4.580000,0.790000,0.00,cifi0007.DBF
ABFS,10ABFS,F,SM,00,12,49,308.00,899,423.00,418.00,4.580000,0.790000,0.00,cifi0007.DBF
ABFS,10ABFS,F,SM,00,12,50,322.00,904,438.00,433.00,4.580000,0.790000,0.00,cifi0007.DBF
ABFS,10ABFS,F,SM,00,12,51,337.00,910,453.00,448.00,4.580000,0.790000,0.00,cifi0007.DBF
ABFS,10ABFS,F,SM,00,12,52,352.00,915,469.00,463.00,4.580000,0.790000,0.00,cifi0007.DBF
ABFS,10ABFS,F,SM,00,12,53,368.00,921,485.00,479.00,4.580000,0.790000,0.00,cifi0007.DBF
ABFS,10ABFS,F,SM,00,12,54,383.00,925,500.00,495.00,4.580000,0.790000,0.00,cifi0007.DBF
ABFS,10ABFS,F,SM,00,12,55,399.00,930,516.00,510.00,4.580000,0.790000,0.00,cifi0007.DBF
ABFS,10ABFS,F,SM,00,12,56,415.00,933,532.00,526.00,4.580000,0.790000,0.00,cifi0007.DBF
ABFS,10ABFS,F,SM,00,12,57,432.00,938,548.00,542.00,4.580000,0.790000,0.00,cifi0007.DBF
ABFS,10ABFS,F,SM,00,12,58,449.00,942,564.00,558.00,4.580000,0.790000,0.00,cifi0007.DBF
ABFS,10ABFS,F,SM,00,12,59,467.00,946,581.00,575.00,4.580000,0.790000,0.00,cifi0007.DBF
ABFS,10ABFS,F,SM,00,12,60,485.00,949,598.00,592.00,4.580000,0.790000,0.00,cifi0007.DBF
ABFS,10ABFS,F,SM,00,12,61,504.00,954,615.00,609.00,4.580000,0.790000,0.00,cifi0007.DBF
ABFS,10ABFS,F,SM,00,12,62,522.00,957,631.00,625.00,4.580000,0.790000,0.00,cifi0007.DBF
ABFS,10ABFS,F,SM,00,12,63,540.00,959,648.00,642.00,4.580000,0.790000,0.00,cifi0007.DBF
ABFS,10ABFS,F,SM,00,12,64,558.00,962,664.00,658.00,4.580000,0.790000,0.00,cifi0007.DBF
ABFS,10ABFS,F,SM,00,12,65,576.00,965,679.00,674.00,4.580000,0.790000,0.00,cifi0007.DBF
ABFS,10ABFS,F,SM,00,12,66,593.00,967,694.00,689.00,4.580000,0.790000,0.00,cifi0007.DBF
ABFS,10ABFS,F,SM,00,12,67,611.00,970,709.00,704.00,4.580000,0.790000,0.00,cifi0007.DBF
ABFS,10ABFS,F,SM,00,12,68,628.00,972,724.00,719.00,4.580000,0.790000,0.00,cifi0007.DBF
ABFS,10ABFS,F,SM,00,12,69,645.00,973,738.00,733.00,4.580000,0.790000,0.00,cifi0007.DBF
ABFS,10ABFS,F,SM,00,12,70,662.00,975,752.00,747.00,4.580000,0.790000,0.00,cifi0007.DBF
ABFS,10ABFS,F,SM,00,12,71,679.00,978,766.00,761.00,4.580000,0.790000,0.00,cifi0007.DBF
ABFS,10ABFS,F,SM,00,12,72,695.00,979,779.00,775.00,4.580000,0.790000,0.00,cifi0007.DBF
ABFS,10ABFS,F,SM,00,12,73,711.00,981,791.00,787.00,4.580000,0.790000,0.00,cifi0007.DBF
ABFS,10ABFS,F,SM,00,12,74,725.00,981,803.00,799.00,4.580000,0.790000,0.00,cifi0007.DBF
ABFS,10ABFS,F,SM,00,12,75,740.00,984,814.00,811.00,4.580000,0.790000,0.00,cifi0007.DBF
ABFS,10ABFS,F,SM,00,12,76,753.00,984,825.00,822.00,4.580000,0.790000,0.00,cifi0007.DBF
ABFS,10ABFS,F,SM,00,12,77,767.00,986,835.00,832.00,4.580000,0.790000,0.00,cifi0007.DBF
ABFS,10ABFS,F,SM,00,12,78,780.00,986,845.00,842.00,4.580000,0.790000,0.00,cifi0007.DBF
ABFS,10ABFS,F,SM,00,12,79,794.00,988,855.00,852.00,4.580000,0.790000,0.00,cifi0007.DBF
ABFS,10ABFS,F,SM,00,12,80,808.00,990,865.00,862.00,4.580000,0.790000,0.00,cifi0007.DBF
ABFS,10ABFS,F,SM,00,12,81,822.00,990,876.00,873.00,4.580000,0.790000,0.00,cifi0007.DBF
ABFS,10ABFS,F,SM,00,12,82,838.00,992,887.00,884.00,4.580000,0.790000,0.00,cifi0007.DBF
ABFS,10ABFS,F,SM,00,12,83,855.00,992,899.00,895.00,4.580000,0.790000,0.00,cifi0007.DBF
ABFS,10ABFS,F,SM,00,12,84,874.00,994,913.00,908.00,4.580000,0.790000,0.00,cifi0007.DBF
ABFS,10ABFS,F,SM,00,12,85,894.00,995,927.00,922.00,4.580000,0.790000,0.00,cifi0007.DBF
ABFS,10ABFS,F,SM,00,12,86,915.00,996,941.00,936.00,4.580000,0.790000,0.00,cifi0007.DBF
ABFS,10ABFS,F,SM,00,12,87,936.00,997,952.00,949.00,4.580000,0.790000,0.00,cifi0007.DBF
ABFS,10ABFS,F,SM,00,13,1,0.00,0,0.00,0.00,4.770000,0.830000,0.00,cifi0007.DBF
ABFS,10ABFS,F,SM,00,13,2,0.00,0,4.00,4.00,4.770000,0.830000,0.00,cifi0007.DBF
ABFS,10ABFS,F,SM,00,13,3,0.00,0,8.00,8.00,4.770000,0.830000,0.00,cifi0007.DBF
ABFS,10ABFS,F,SM,00,13,4,0.00,0,12.00,12.00,4.770000,0.830000,0.00,cifi0007.DBF
ABFS,10ABFS,F,SM,00,13,5,0.00,0,17.00,17.00,4.770000,0.830000,0.00,cifi0007.DBF
ABFS,10ABFS,F,SM,00,13,6,0.00,0,21.00,21.00,4.770000,0.830000,0.00,cifi0007.DBF
ABFS,10ABFS,F,SM,00,13,7,3.00,54,26.00,26.00,4.770000,0.830000,0.00,cifi0007.DBF
ABFS,10ABFS,F,SM,00,13,8,6.00,104,31.00,31.00,4.770000,0.830000,0.00,cifi0007.DBF
ABFS,10ABFS,F,SM,00,13,9,9.00,148,36.00,36.00,4.770000,0.830000,0.00,cifi0007.DBF
ABFS,10ABFS,F,SM,00,13,10,11.00,173,41.00,41.00,4.770000,0.830000,0.00,cifi0007.DBF
ABFS,10ABFS,F,SM,00,13,11,15.00,225,47.00,46.00,4.770000,0.830000,0.00,cifi0007.DBF
ABFS,10ABFS,F,SM,00,13,12,18.00,258,52.00,52.00,4.770000,0.830000,0.00,cifi0007.DBF
ABFS,10ABFS,F,SM,00,13,13,22.00,301,58.00,57.00,4.770000,0.830000,0.00,cifi0007.DBF
ABFS,10ABFS,F,SM,00,13,14,25.00,326,64.00,63.00,4.770000,0.830000,0.00,cifi0007.DBF
ABFS,10ABFS,F,SM,00,13,15,29.00,361,71.00,70.00,4.770000,0.830000,0.00,cifi0007.DBF
ABFS,10ABFS,F,SM,00,13,16,33.00,392,77.00,76.00,4.770000,0.830000,0.00,cifi0007.DBF
ABFS,10ABFS,F,SM,00,13,17,38.00,430,84.00,83.00,4.770000,0.830000,0.00,cifi0007.DBF
ABFS,10ABFS,F,SM,00,13,18,42.00,453,91.00,90.00,4.770000,0.830000,0.00,cifi0007.DBF
ABFS,10ABFS,F,SM,00,13,19,47.00,483,99.00,97.00,4.770000,0.830000,0.00,cifi0007.DBF
ABFS,10ABFS,F,SM,00,13,20,52.00,509,107.00,105.00,4.770000,0.830000,0.00,cifi0007.DBF
ABFS,10ABFS,F,SM,00,13,21,58.00,541,115.00,113.00,4.770000,0.830000,0.00,cifi0007.DBF
ABFS,10ABFS,F,SM,00,13,22,63.00,559,123.00,121.00,4.770000,0.830000,0.00,cifi0007.DBF
ABFS,10ABFS,F,SM,00,13,23,69.00,584,131.00,129.00,4.770000,0.830000,0.00,cifi0007.DBF
ABFS,10ABFS,F,SM,00,13,24,75.00,604,140.00,138.00,4.770000,0.830000,0.00,cifi0007.DBF
ABFS,10ABFS,F,SM,00,13,25,82.00,630,149.00,147.00,4.770000,0.830000,0.00,cifi0007.DBF
ABFS,10ABFS,F,SM,00,13,26,88.00,645,159.00,156.00,4.770000,0.830000,0.00,cifi0007.DBF
ABFS,10ABFS,F,SM,00,13,27,95.00,664,168.00,166.00,4.770000,0.830000,0.00,cifi0007.DBF
ABFS,10ABFS,F,SM,00,13,28,103.00,688,178.00,175.00,4.770000,0.830000,0.00,cifi0007.DBF
ABFS,10ABFS,F,SM,00,13,29,110.00,702,188.00,185.00,4.770000,0.830000,0.00,cifi0007.DBF
ABFS,10ABFS,F,SM,00,13,30,117.00,714,198.00,195.00,4.770000,0.830000,0.00,cifi0007.DBF
ABFS,10ABFS,F,SM,00,13,31,125.00,730,208.00,205.00,4.770000,0.830000,0.00,cifi0007.DBF
ABFS,10ABFS,F,SM,00,13,32,133.00,744,219.00,216.00,4.770000,0.830000,0.00,cifi0007.DBF
ABFS,10ABFS,F,SM,00,13,33,142.00,760,229.00,226.00,4.770000,0.830000,0.00,cifi0007.DBF
ABFS,10ABFS,F,SM,00,13,34,150.00,770,240.00,237.00,4.770000,0.830000,0.00,cifi0007.DBF
ABFS,10ABFS,F,SM,00,13,35,159.00,782,251.00,248.00,4.770000,0.830000,0.00,cifi0007.DBF
ABFS,10ABFS,F,SM,00,13,36,168.00,792,263.00,259.00,4.770000,0.830000,0.00,cifi0007.DBF
ABFS,10ABFS,F,SM,00,13,37,178.00,805,275.00,271.00,4.770000,0.830000,0.00,cifi0007.DBF
ABFS,10ABFS,F,SM,00,13,38,188.00,816,287.00,283.00,4.770000,0.830000,0.00,cifi0007.DBF
ABFS,10ABFS,F,SM,00,13,39,198.00,825,299.00,295.00,4.770000,0.830000,0.00,cifi0007.DBF
ABFS,10ABFS,F,SM,00,13,40,209.00,836,311.00,307.00,4.770000,0.830000,0.00,cifi0007.DBF
ABFS,10ABFS,F,SM,00,13,41,219.00,841,324.00,320.00,4.770000,0.830000,0.00,cifi0007.DBF
ABFS,10ABFS,F,SM,00,13,42,231.00,853,337.00,333.00,4.770000,0.830000,0.00,cifi0007.DBF
ABFS,10ABFS,F,SM,00,13,43,242.00,859,350.00,346.00,4.770000,0.830000,0.00,cifi0007.DBF
ABFS,10ABFS,F,SM,00,13,44,254.00,867,363.00,359.00,4.770000,0.830000,0.00,cifi0007.DBF
ABFS,10ABFS,F,SM,00,13,45,266.00,873,377.00,372.00,4.770000,0.830000,0.00,cifi0007.DBF
ABFS,10ABFS,F,SM,00,13,46,279.00,881,391.00,386.00,4.770000,0.830000,0.00,cifi0007.DBF
ABFS,10ABFS,F,SM,00,13,47,292.00,886,406.00,401.00,4.770000,0.830000,0.00,cifi0007.DBF
ABFS,10ABFS,F,SM,00,13,48,306.00,893,421.00,416.00,4.770000,0.830000,0.00,cifi0007.DBF
ABFS,10ABFS,F,SM,00,13,49,321.00,901,436.00,431.00,4.770000,0.830000,0.00,cifi0007.DBF
ABFS,10ABFS,F,SM,00,13,50,336.00,907,451.00,446.00,4.770000,0.830000,0.00,cifi0007.DBF
ABFS,10ABFS,F,SM,00,13,51,351.00,912,467.00,461.00,4.770000,0.830000,0.00,cifi0007.DBF
ABFS,10ABFS,F,SM,00,13,52,366.00,916,483.00,477.00,4.770000,0.830000,0.00,cifi0007.DBF
ABFS,10ABFS,F,SM,00,13,53,382.00,922,498.00,493.00,4.770000,0.830000,0.00,cifi0007.DBF
ABFS,10ABFS,F,SM,00,13,54,398.00,927,514.00,508.00,4.770000,0.830000,0.00,cifi0007.DBF
ABFS,10ABFS,F,SM,00,13,55,414.00,931,530.00,524.00,4.770000,0.830000,0.00,cifi0007.DBF
ABFS,10ABFS,F,SM,00,13,56,431.00,936,546.00,540.00,4.770000,0.830000,0.00,cifi0007.DBF
ABFS,10ABFS,F,SM,00,13,57,448.00,940,563.00,557.00,4.770000,0.830000,0.00,cifi0007.DBF
ABFS,10ABFS,F,SM,00,13,58,466.00,944,579.00,573.00,4.770000,0.830000,0.00,cifi0007.DBF
ABFS,10ABFS,F,SM,00,13,59,484.00,947,596.00,590.00,4.770000,0.830000,0.00,cifi0007.DBF
ABFS,10ABFS,F,SM,00,13,60,503.00,952,613.00,607.00,4.770000,0.830000,0.00,cifi0007.DBF
ABFS,10ABFS,F,SM,00,13,61,521.00,955,630.00,624.00,4.770000,0.830000,0.00,cifi0007.DBF
ABFS,10ABFS,F,SM,00,13,62,539.00,957,646.00,640.00,4.770000,0.830000,0.00,cifi0007.DBF
ABFS,10ABFS,F,SM,00,13,63,557.00,960,662.00,656.00,4.770000,0.830000,0.00,cifi0007.DBF
ABFS,10ABFS,F,SM,00,13,64,575.00,964,678.00,672.00,4.770000,0.830000,0.00,cifi0007.DBF
ABFS,10ABFS,F,SM,00,13,65,592.00,965,693.00,688.00,4.770000,0.830000,0.00,cifi0007.DBF
ABFS,10ABFS,F,SM,00,13,66,610.00,968,708.00,703.00,4.770000,0.830000,0.00,cifi0007.DBF
ABFS,10ABFS,F,SM,00,13,67,627.00,970,723.00,718.00,4.770000,0.830000,0.00,cifi0007.DBF
ABFS,10ABFS,F,SM,00,13,68,644.00,972,737.00,732.00,4.770000,0.830000,0.00,cifi0007.DBF
ABFS,10ABFS,F,SM,00,13,69,662.00,975,751.00,746.00,4.770000,0.830000,0.00,cifi0007.DBF
ABFS,10ABFS,F,SM,00,13,70,678.00,976,765.00,760.00,4.770000,0.830000,0.00,cifi0007.DBF
ABFS,10ABFS,F,SM,00,13,71,694.00,978,778.00,774.00,4.770000,0.830000,0.00,cifi0007.DBF
ABFS,10ABFS,F,SM,00,13,72,710.00,980,791.00,787.00,4.770000,0.830000,0.00,cifi0007.DBF
ABFS,10ABFS,F,SM,00,13,73,725.00,981,802.00,799.00,4.770000,0.830000,0.00,cifi0007.DBF
ABFS,10ABFS,F,SM,00,13,74,739.00,983,813.00,810.00,4.770000,0.830000,0.00,cifi0007.DBF
ABFS,10ABFS,F,SM,00,13,75,753.00,984,824.00,821.00,4.770000,0.830000,0.00,cifi0007.DBF
ABFS,10ABFS,F,SM,00,13,76,766.00,985,834.00,831.00,4.770000,0.830000,0.00,cifi0007.DBF
ABFS,10ABFS,F,SM,00,13,77,780.00,986,845.00,842.00,4.770000,0.830000,0.00,cifi0007.DBF
ABFS,10ABFS,F,SM,00,13,78,793.00,987,855.00,852.00,4.770000,0.830000,0.00,cifi0007.DBF
ABFS,10ABFS,F,SM,00,13,79,807.00,988,865.00,862.00,4.770000,0.830000,0.00,cifi0007.DBF
ABFS,10ABFS,F,SM,00,13,80,822.00,990,875.00,872.00,4.770000,0.830000,0.00,cifi0007.DBF
ABFS,10ABFS,F,SM,00,13,81,837.00,990,886.00,883.00,4.770000,0.830000,0.00,cifi0007.DBF
ABFS,10ABFS,F,SM,00,13,82,855.00,992,899.00,895.00,4.770000,0.830000,0.00,cifi0007.DBF
ABFS,10ABFS,F,SM,00,13,83,874.00,994,912.00,908.00,4.770000,0.830000,0.00,cifi0007.DBF
ABFS,10ABFS,F,SM,00,13,84,894.00,995,927.00,922.00,4.770000,0.830000,0.00,cifi0007.DBF
ABFS,10ABFS,F,SM,00,13,85,915.00,996,941.00,936.00,4.770000,0.830000,0.00,cifi0007.DBF
ABFS,10ABFS,F,SM,00,13,86,936.00,997,952.00,949.00,4.770000,0.830000,0.00,cifi0007.DBF
ABFS,10ABFS,F,SM,00,14,1,0.00,0,0.00,0.00,4.960000,0.880000,0.00,cifi0007.DBF
ABFS,10ABFS,F,SM,00,14,2,0.00,0,4.00,4.00,4.960000,0.880000,0.00,cifi0007.DBF
ABFS,10ABFS,F,SM,00,14,3,0.00,0,8.00,8.00,4.960000,0.880000,0.00,cifi0007.DBF
ABFS,10ABFS,F,SM,00,14,4,0.00,0,13.00,13.00,4.960000,0.880000,0.00,cifi0007.DBF
ABFS,10ABFS,F,SM,00,14,5,0.00,0,17.00,17.00,4.960000,0.880000,0.00,cifi0007.DBF
ABFS,10ABFS,F,SM,00,14,6,1.00,18,22.00,22.00,4.960000,0.880000,0.00,cifi0007.DBF
ABFS,10ABFS,F,SM,00,14,7,4.00,69,27.00,27.00,4.960000,0.880000,0.00,cifi0007.DBF
ABFS,10ABFS,F,SM,00,14,8,6.00,99,32.00,32.00,4.960000,0.880000,0.00,cifi0007.DBF
ABFS,10ABFS,F,SM,00,14,9,9.00,142,37.00,37.00,4.960000,0.880000,0.00,cifi0007.DBF
ABFS,10ABFS,F,SM,00,14,10,13.00,195,43.00,42.00,4.960000,0.880000,0.00,cifi0007.DBF
ABFS,10ABFS,F,SM,00,14,11,16.00,229,48.00,48.00,4.960000,0.880000,0.00,cifi0007.DBF
ABFS,10ABFS,F,SM,00,14,12,19.00,260,54.00,53.00,4.960000,0.880000,0.00,cifi0007.DBF
ABFS,10ABFS,F,SM,00,14,13,23.00,300,61.00,60.00,4.960000,0.880000,0.00,cifi0007.DBF
ABFS,10ABFS,F,SM,00,14,14,27.00,336,67.00,66.00,4.960000,0.880000,0.00,cifi0007.DBF
ABFS,10ABFS,F,SM,00,14,15,31.00,368,74.00,73.00,4.960000,0.880000,0.00,cifi0007.DBF
ABFS,10ABFS,F,SM,00,14,16,36.00,407,81.00,80.00,4.960000,0.880000,0.00,cifi0007.DBF
ABFS,10ABFS,F,SM,00,14,17,40.00,431,88.00,87.00,4.960000,0.880000,0.00,cifi0007.DBF
ABFS,10ABFS,F,SM,00,14,18,45.00,462,95.00,94.00,4.960000,0.880000,0.00,cifi0007.DBF
ABFS,10ABFS,F,SM,00,14,19,50.00,489,103.00,101.00,4.960000,0.880000,0.00,cifi0007.DBF
ABFS,10ABFS,F,SM,00,14,20,56.00,522,111.00,109.00,4.960000,0.880000,0.00,cifi0007.DBF
ABFS,10ABFS,F,SM,00,14,21,61.00,542,119.00,117.00,4.960000,0.880000,0.00,cifi0007.DBF
ABFS,10ABFS,F,SM,00,14,22,67.00,567,128.00,126.00,4.960000,0.880000,0.00,cifi0007.DBF
ABFS,10ABFS,F,SM,00,14,23,73.00,588,137.00,135.00,4.960000,0.880000,0.00,cifi0007.DBF
ABFS,10ABFS,F,SM,00,14,24,80.00,615,146.00,144.00,4.960000,0.880000,0.00,cifi0007.DBF
ABFS,10ABFS,F,SM,00,14,25,86.00,630,155.00,153.00,4.960000,0.880000,0.00,cifi0007.DBF
ABFS,10ABFS,F,SM,00,14,26,93.00,650,165.00,162.00,4.960000,0.880000,0.00,cifi0007.DBF
ABFS,10ABFS,F,SM,00,14,27,101.00,674,174.00,172.00,4.960000,0.880000,0.00,cifi0007.DBF
ABFS,10ABFS,F,SM,00,14,28,108.00,689,184.00,181.00,4.960000,0.880000,0.00,cifi0007.DBF
ABFS,10ABFS,F,SM,00,14,29,115.00,702,194.00,191.00,4.960000,0.880000,0.00,cifi0007.DBF
ABFS,10ABFS,F,SM,00,14,30,123.00,718,205.00,202.00,4.960000,0.880000,0.00,cifi0007.DBF
ABFS,10ABFS,F,SM,00,14,31,131.00,732,215.00,212.00,4.960000,0.880000,0.00,cifi0007.DBF
ABFS,10ABFS,F,SM,00,14,32,140.00,750,226.00,223.00,4.960000,0.880000,0.00,cifi0007.DBF
ABFS,10ABFS,F,SM,00,14,33,148.00,759,237.00,234.00,4.960000,0.880000,0.00,cifi0007.DBF
ABFS,10ABFS,F,SM,00,14,34,157.00,772,248.00,245.00,4.960000,0.880000,0.00,cifi0007.DBF
ABFS,10ABFS,F,SM,00,14,35,167.00,787,260.00,256.00,4.960000,0.880000,0.00,cifi0007.DBF
ABFS,10ABFS,F,SM,00,14,36,176.00,796,272.00,268.00,4.960000,0.880000,0.00,cifi0007.DBF
ABFS,10ABFS,F,SM,00,14,37,186.00,807,284.00,280.00,4.960000,0.880000,0.00,cifi0007.DBF
ABFS,10ABFS,F,SM,00,14,38,196.00,816,296.00,292.00,4.960000,0.880000,0.00,cifi0007.DBF
ABFS,10ABFS,F,SM,00,14,39,207.00,828,309.00,305.00,4.960000,0.880000,0.00,cifi0007.DBF
ABFS,10ABFS,F,SM,00,14,40,218.00,837,321.00,317.00,4.960000,0.880000,0.00,cifi0007.DBF
ABFS,10ABFS,F,SM,00,14,41,229.00,845,334.00,330.00,4.960000,0.880000,0.00,cifi0007.DBF
ABFS,10ABFS,F,SM,00,14,42,240.00,852,347.00,343.00,4.960000,0.880000,0.00,cifi0007.DBF
ABFS,10ABFS,F,SM,00,14,43,252.00,860,361.00,356.00,4.960000,0.880000,0.00,cifi0007.DBF
ABFS,10ABFS,F,SM,00,14,44,265.00,870,375.00,370.00,4.960000,0.880000,0.00,cifi0007.DBF
ABFS,10ABFS,F,SM,00,14,45,277.00,874,389.00,384.00,4.960000,0.880000,0.00,cifi0007.DBF
ABFS,10ABFS,F,SM,00,14,46,291.00,883,403.00,398.00,4.960000,0.880000,0.00,cifi0007.DBF
ABFS,10ABFS,F,SM,00,14,47,305.00,890,418.00,413.00,4.960000,0.880000,0.00,cifi0007.DBF
ABFS,10ABFS,F,SM,00,14,48,319.00,895,434.00,428.00,4.960000,0.880000,0.00,cifi0007.DBF
ABFS,10ABFS,F,SM,00,14,49,334.00,902,449.00,444.00,4.960000,0.880000,0.00,cifi0007.DBF
ABFS,10ABFS,F,SM,00,14,50,349.00,907,465.00,459.00,4.960000,0.880000,0.00,cifi0007.DBF
ABFS,10ABFS,F,SM,00,14,51,365.00,914,481.00,475.00,4.960000,0.880000,0.00,cifi0007.DBF
ABFS,10ABFS,F,SM,00,14,52,381.00,920,496.00,491.00,4.960000,0.880000,0.00,cifi0007.DBF
ABFS,10ABFS,F,SM,00,14,53,397.00,925,512.00,506.00,4.960000,0.880000,0.00,cifi0007.DBF
ABFS,10ABFS,F,SM,00,14,54,413.00,929,528.00,522.00,4.960000,0.880000,0.00,cifi0007.DBF
ABFS,10ABFS,F,SM,00,14,55,430.00,934,544.00,538.00,4.960000,0.880000,0.00,cifi0007.DBF
ABFS,10ABFS,F,SM,00,14,56,447.00,937,561.00,555.00,4.960000,0.880000,0.00,cifi0007.DBF
ABFS,10ABFS,F,SM,00,14,57,465.00,942,578.00,572.00,4.960000,0.880000,0.00,cifi0007.DBF
ABFS,10ABFS,F,SM,00,14,58,483.00,945,595.00,589.00,4.960000,0.880000,0.00,cifi0007.DBF
ABFS,10ABFS,F,SM,00,14,59,501.00,948,612.00,606.00,4.960000,0.880000,0.00,cifi0007.DBF
ABFS,10ABFS,F,SM,00,14,60,520.00,953,628.00,622.00,4.960000,0.880000,0.00,cifi0007.DBF
ABFS,10ABFS,F,SM,00,14,61,538.00,956,645.00,639.00,4.960000,0.880000,0.00,cifi0007.DBF
ABFS,10ABFS,F,SM,00,14,62,556.00,959,661.00,655.00,4.960000,0.880000,0.00,cifi0007.DBF
ABFS,10ABFS,F,SM,00,14,63,574.00,962,677.00,671.00,4.960000,0.880000,0.00,cifi0007.DBF
ABFS,10ABFS,F,SM,00,14,64,592.00,965,692.00,687.00,4.960000,0.880000,0.00,cifi0007.DBF
ABFS,10ABFS,F,SM,00,14,65,609.00,967,707.00,702.00,4.960000,0.880000,0.00,cifi0007.DBF
ABFS,10ABFS,F,SM,00,14,66,626.00,969,722.00,717.00,4.960000,0.880000,0.00,cifi0007.DBF
ABFS,10ABFS,F,SM,00,14,67,644.00,972,736.00,731.00,4.960000,0.880000,0.00,cifi0007.DBF
ABFS,10ABFS,F,SM,00,14,68,661.00,974,750.00,745.00,4.960000,0.880000,0.00,cifi0007.DBF
ABFS,10ABFS,F,SM,00,14,69,678.00,976,764.00,759.00,4.960000,0.880000,0.00,cifi0007.DBF
ABFS,10ABFS,F,SM,00,14,70,694.00,978,777.00,773.00,4.960000,0.880000,0.00,cifi0007.DBF
ABFS,10ABFS,F,SM,00,14,71,709.00,979,790.00,786.00,4.960000,0.880000,0.00,cifi0007.DBF
ABFS,10ABFS,F,SM,00,14,72,724.00,980,802.00,798.00,4.960000,0.880000,0.00,cifi0007.DBF
ABFS,10ABFS,F,SM,00,14,73,738.00,981,813.00,810.00,4.960000,0.880000,0.00,cifi0007.DBF
ABFS,10ABFS,F,SM,00,14,74,752.00,983,823.00,820.00,4.960000,0.880000,0.00,cifi0007.DBF
ABFS,10ABFS,F,SM,00,14,75,766.00,985,834.00,831.00,4.960000,0.880000,0.00,cifi0007.DBF
ABFS,10ABFS,F,SM,00,14,76,779.00,985,844.00,841.00,4.960000,0.880000,0.00,cifi0007.DBF
ABFS,10ABFS,F,SM,00,14,77,793.00,987,854.00,851.00,4.960000,0.880000,0.00,cifi0007.DBF
ABFS,10ABFS,F,SM,00,14,78,807.00,988,864.00,861.00,4.960000,0.880000,0.00,cifi0007.DBF
ABFS,10ABFS,F,SM,00,14,79,821.00,989,875.00,872.00,4.960000,0.880000,0.00,cifi0007.DBF
ABFS,10ABFS,F,SM,00,14,80,837.00,990,886.00,883.00,4.960000,0.880000,0.00,cifi0007.DBF
ABFS,10ABFS,F,SM,00,14,81,854.00,991,898.00,894.00,4.960000,0.880000,0.00,cifi0007.DBF
ABFS,10ABFS,F,SM,00,14,82,873.00,993,912.00,907.00,4.960000,0.880000,0.00,cifi0007.DBF
ABFS,10ABFS,F,SM,00,14,83,894.00,995,926.00,921.00,4.960000,0.880000,0.00,cifi0007.DBF
ABFS,10ABFS,F,SM,00,14,84,915.00,996,941.00,936.00,4.960000,0.880000,0.00,cifi0007.DBF
ABFS,10ABFS,F,SM,00,14,85,936.00,997,952.00,949.00,4.960000,0.880000,0.00,cifi0007.DBF
ABFS,10ABFS,F,SM,00,15,1,0.00,0,0.00,1.00,5.160000,1.030000,0.00,cifi0007.DBF
ABFS,10ABFS,F,SM,00,15,2,0.00,0,4.00,5.00,5.160000,1.030000,0.00,cifi0007.DBF
ABFS,10ABFS,F,SM,00,15,3,0.00,0,9.00,9.00,5.160000,1.030000,0.00,cifi0007.DBF
ABFS,10ABFS,F,SM,00,15,4,0.00,0,13.00,14.00,5.160000,1.030000,0.00,cifi0007.DBF
ABFS,10ABFS,F,SM,00,15,5,0.00,0,18.00,18.00,5.160000,1.030000,0.00,cifi0007.DBF
ABFS,10ABFS,F,SM,00,15,6,1.00,18,23.00,23.00,5.160000,1.030000,0.00,cifi0007.DBF
ABFS,10ABFS,F,SM,00,15,7,4.00,66,28.00,28.00,5.160000,1.030000,0.00,cifi0007.DBF
ABFS,10ABFS,F,SM,00,15,8,7.00,110,33.00,33.00,5.160000,1.030000,0.00,cifi0007.DBF
ABFS,10ABFS,F,SM,00,15,9,10.00,150,39.00,39.00,5.160000,1.030000,0.00,cifi0007.DBF
ABFS,10ABFS,F,SM,00,15,10,14.00,201,44.00,44.00,5.160000,1.030000,0.00,cifi0007.DBF
ABFS,10ABFS,F,SM,00,15,11,17.00,233,50.00,50.00,5.160000,1.030000,0.00,cifi0007.DBF
ABFS,10ABFS,F,SM,00,15,12,21.00,274,57.00,56.00,5.160000,1.030000,0.00,cifi0007.DBF
ABFS,10ABFS,F,SM,00,15,13,25.00,311,63.00,63.00,5.160000,1.030000,0.00,cifi0007.DBF
ABFS,10ABFS,F,SM,00,15,14,29.00,344,70.00,69.00,5.160000,1.030000,0.00,cifi0007.DBF
ABFS,10ABFS,F,SM,00,15,15,33.00,373,77.00,76.00,5.160000,1.030000,0.00,cifi0007.DBF
ABFS,10ABFS,F,SM,00,15,16,38.00,410,84.00,83.00,5.160000,1.030000,0.00,cifi0007.DBF
ABFS,10ABFS,F,SM,00,15,17,43.00,442,91.00,90.00,5.160000,1.030000,0.00,cifi0007.DBF
ABFS,10ABFS,F,SM,00,15,18,48.00,470,99.00,98.00,5.160000,1.030000,0.00,cifi0007.DBF
ABFS,10ABFS,F,SM,00,15,19,53.00,494,107.00,106.00,5.160000,1.030000,0.00,cifi0007.DBF
ABFS,10ABFS,F,SM,00,15,20,59.00,524,116.00,114.00,5.160000,1.030000,0.00,cifi0007.DBF
ABFS,10ABFS,F,SM,00,15,21,65.00,550,124.00,123.00,5.160000,1.030000,0.00,cifi0007.DBF
ABFS,10ABFS,F,SM,00,15,22,71.00,572,133.00,131.00,5.160000,1.030000,0.00,cifi0007.DBF
ABFS,10ABFS,F,SM,00,15,23,78.00,599,142.00,140.00,5.160000,1.030000,0.00,cifi0007.DBF
ABFS,10ABFS,F,SM,00,15,24,84.00,615,152.00,150.00,5.160000,1.030000,0.00,cifi0007.DBF
ABFS,10ABFS,F,SM,00,15,25,91.00,636,161.00,159.00,5.160000,1.030000,0.00,cifi0007.DBF
ABFS,10ABFS,F,SM,00,15,26,99.00,661,171.00,169.00,5.160000,1.030000,0.00,cifi0007.DBF
ABFS,10ABFS,F,SM,00,15,27,106.00,676,181.00,179.00,5.160000,1.030000,0.00,cifi0007.DBF
ABFS,10ABFS,F,SM,00,15,28,113.00,690,191.00,189.00,5.160000,1.030000,0.00,cifi0007.DBF
ABFS,10ABFS,F,SM,00,15,29,121.00,707,202.00,199.00,5.160000,1.030000,0.00,cifi0007.DBF
ABFS,10ABFS,F,SM,00,15,30,129.00,721,212.00,210.00,5.160000,1.030000,0.00,cifi0007.DBF
ABFS,10ABFS,F,SM,00,15,31,138.00,739,223.00,220.00,5.160000,1.030000,0.00,cifi0007.DBF
ABFS,10ABFS,F,SM,00,15,32,146.00,749,234.00,231.00,5.160000,1.030000,0.00,cifi0007.DBF
ABFS,10ABFS,F,SM,00,15,33,155.00,762,245.00,242.00,5.160000,1.030000,0.00,cifi0007.DBF
ABFS,10ABFS,F,SM,00,15,34,165.00,778,257.00,254.00,5.160000,1.030000,0.00,cifi0007.DBF
ABFS,10ABFS,F,SM,00,15,35,174.00,787,269.00,266.00,5.160000,1.030000,0.00,cifi0007.DBF
ABFS,10ABFS,F,SM,00,15,36,184.00,798,281.00,278.00,5.160000,1.030000,0.00,cifi0007.DBF
ABFS,10ABFS,F,SM,00,15,37,194.00,808,293.00,290.00,5.160000,1.030000,0.00,cifi0007.DBF
ABFS,10ABFS,F,SM,00,15,38,205.00,820,306.00,302.00,5.160000,1.030000,0.00,cifi0007.DBF
ABFS,10ABFS,F,SM,00,15,39,216.00,830,318.00,315.00,5.160000,1.030000,0.00,cifi0007.DBF
ABFS,10ABFS,F,SM,00,15,40,227.00,838,331.00,327.00,5.160000,1.030000,0.00,cifi0007.DBF
ABFS,10ABFS,F,SM,00,15,41,239.00,848,345.00,341.00,5.160000,1.030000,0.00,cifi0007.DBF
ABFS,10ABFS,F,SM,00,15,42,251.00,857,358.00,354.00,5.160000,1.030000,0.00,cifi0007.DBF
ABFS,10ABFS,F,SM,00,15,43,263.00,863,372.00,368.00,5.160000,1.030000,0.00,cifi0007.DBF
ABFS,10ABFS,F,SM,00,15,44,276.00,871,386.00,382.00,5.160000,1.030000,0.00,cifi0007.DBF
ABFS,10ABFS,F,SM,00,15,45,289.00,877,401.00,396.00,5.160000,1.030000,0.00,cifi0007.DBF
ABFS,10ABFS,F,SM,00,15,46,303.00,884,416.00,411.00,5.160000,1.030000,0.00,cifi0007.DBF
ABFS,10ABFS,F,SM,00,15,47,318.00,893,431.00,426.00,5.160000,1.030000,0.00,cifi0007.DBF
ABFS,10ABFS,F,SM,00,15,48,333.00,899,447.00,442.00,5.160000,1.030000,0.00,cifi0007.DBF
ABFS,10ABFS,F,SM,00,15,49,348.00,904,463.00,458.00,5.160000,1.030000,0.00,cifi0007.DBF
ABFS,10ABFS,F,SM,00,15,50,363.00,909,478.00,473.00,5.160000,1.030000,0.00,cifi0007.DBF
ABFS,10ABFS,F,SM,00,15,51,379.00,915,494.00,489.00,5.160000,1.030000,0.00,cifi0007.DBF
ABFS,10ABFS,F,SM,00,15,52,395.00,920,510.00,505.00,5.160000,1.030000,0.00,cifi0007.DBF
ABFS,10ABFS,F,SM,00,15,53,411.00,924,526.00,521.00,5.160000,1.030000,0.00,cifi0007.DBF
ABFS,10ABFS,F,SM,00,15,54,428.00,929,542.00,537.00,5.160000,1.030000,0.00,cifi0007.DBF
ABFS,10ABFS,F,SM,00,15,55,446.00,935,559.00,553.00,5.160000,1.030000,0.00,cifi0007.DBF
ABFS,10ABFS,F,SM,00,15,56,464.00,940,576.00,570.00,5.160000,1.030000,0.00,cifi0007.DBF
ABFS,10ABFS,F,SM,00,15,57,482.00,943,593.00,587.00,5.160000,1.030000,0.00,cifi0007.DBF
ABFS,10ABFS,F,SM,00,15,58,500.00,946,610.00,604.00,5.160000,1.030000,0.00,cifi0007.DBF
ABFS,10ABFS,F,SM,00,15,59,519.00,951,627.00,621.00,5.160000,1.030000,0.00,cifi0007.DBF
ABFS,10ABFS,F,SM,00,15,60,537.00,954,643.00,638.00,5.160000,1.030000,0.00,cifi0007.DBF
ABFS,10ABFS,F,SM,00,15,61,555.00,957,660.00,654.00,5.160000,1.030000,0.00,cifi0007.DBF
ABFS,10ABFS,F,SM,00,15,62,573.00,960,675.00,670.00,5.160000,1.030000,0.00,cifi0007.DBF
ABFS,10ABFS,F,SM,00,15,63,591.00,964,691.00,686.00,5.160000,1.030000,0.00,cifi0007.DBF
ABFS,10ABFS,F,SM,00,15,64,608.00,965,706.00,701.00,5.160000,1.030000,0.00,cifi0007.DBF
ABFS,10ABFS,F,SM,00,15,65,626.00,969,720.00,716.00,5.160000,1.030000,0.00,cifi0007.DBF
ABFS,10ABFS,F,SM,00,15,66,643.00,970,735.00,730.00,5.160000,1.030000,0.00,cifi0007.DBF
ABFS,10ABFS,F,SM,00,15,67,660.00,972,749.00,745.00,5.160000,1.030000,0.00,cifi0007.DBF
ABFS,10ABFS,F,SM,00,15,68,677.00,975,763.00,759.00,5.160000,1.030000,0.00,cifi0007.DBF
ABFS,10ABFS,F,SM,00,15,69,693.00,976,776.00,772.00,5.160000,1.030000,0.00,cifi0007.DBF
ABFS,10ABFS,F,SM,00,15,70,709.00,979,789.00,785.00,5.160000,1.030000,0.00,cifi0007.DBF
ABFS,10ABFS,F,SM,00,15,71,724.00,980,801.00,798.00,5.160000,1.030000,0.00,cifi0007.DBF
ABFS,10ABFS,F,SM,00,15,72,738.00,981,812.00,809.00,5.160000,1.030000,0.00,cifi0007.DBF
ABFS,10ABFS,F,SM,00,15,73,752.00,983,823.00,820.00,5.160000,1.030000,0.00,cifi0007.DBF
ABFS,10ABFS,F,SM,00,15,74,765.00,983,833.00,831.00,5.160000,1.030000,0.00,cifi0007.DBF
ABFS,10ABFS,F,SM,00,15,75,779.00,985,843.00,841.00,5.160000,1.030000,0.00,cifi0007.DBF
ABFS,10ABFS,F,SM,00,15,76,792.00,986,853.00,851.00,5.160000,1.030000,0.00,cifi0007.DBF
ABFS,10ABFS,F,SM,00,15,77,806.00,987,864.00,861.00,5.160000,1.030000,0.00,cifi0007.DBF
ABFS,10ABFS,F,SM,00,15,78,821.00,989,874.00,872.00,5.160000,1.030000,0.00,cifi0007.DBF
ABFS,10ABFS,F,SM,00,15,79,837.00,990,886.00,883.00,5.160000,1.030000,0.00,cifi0007.DBF
ABFS,10ABFS,F,SM,00,15,80,854.00,991,898.00,895.00,5.160000,1.030000,0.00,cifi0007.DBF
ABFS,10ABFS,F,SM,00,15,81,873.00,993,912.00,908.00,5.160000,1.030000,0.00,cifi0007.DBF
ABFS,10ABFS,F,SM,00,15,82,894.00,995,926.00,922.00,5.160000,1.030000,0.00,cifi0007.DBF
ABFS,10ABFS,F,SM,00,15,83,915.00,996,940.00,936.00,5.160000,1.030000,0.00,cifi0007.DBF
ABFS,10ABFS,F,SM,00,15,84,936.00,997,952.00,949.00,5.160000,1.030000,0.00,cifi0007.DBF
ABFS,10ABFS,F,SM,00,16,1,0.00,0,0.00,1.00,5.370000,1.090000,0.00,cifi0007.DBF
ABFS,10ABFS,F,SM,00,16,2,0.00,0,4.00,5.00,5.370000,1.090000,0.00,cifi0007.DBF
ABFS,10ABFS,F,SM,00,16,3,0.00,0,9.00,9.00,5.370000,1.090000,0.00,cifi0007.DBF
ABFS,10ABFS,F,SM,00,16,4,0.00,0,14.00,14.00,5.370000,1.090000,0.00,cifi0007.DBF
ABFS,10ABFS,F,SM,00,16,5,0.00,0,19.00,19.00,5.370000,1.090000,0.00,cifi0007.DBF
ABFS,10ABFS,F,SM,00,16,6,2.00,33,24.00,24.00,5.370000,1.090000,0.00,cifi0007.DBF
ABFS,10ABFS,F,SM,00,16,7,5.00,79,29.00,29.00,5.370000,1.090000,0.00,cifi0007.DBF
ABFS,10ABFS,F,SM,00,16,8,8.00,120,35.00,35.00,5.370000,1.090000,0.00,cifi0007.DBF
ABFS,10ABFS,F,SM,00,16,9,11.00,158,40.00,40.00,5.370000,1.090000,0.00,cifi0007.DBF
ABFS,10ABFS,F,SM,00,16,10,15.00,205,46.00,46.00,5.370000,1.090000,0.00,cifi0007.DBF
ABFS,10ABFS,F,SM,00,16,11,19.00,248,53.00,52.00,5.370000,1.090000,0.00,cifi0007.DBF
ABFS,10ABFS,F,SM,00,16,12,23.00,286,59.00,59.00,5.370000,1.090000,0.00,cifi0007.DBF
ABFS,10ABFS,F,SM,00,16,13,27.00,320,66.00,65.00,5.370000,1.090000,0.00,cifi0007.DBF
ABFS,10ABFS,F,SM,00,16,14,31.00,351,73.00,72.00,5.370000,1.090000,0.00,cifi0007.DBF
ABFS,10ABFS,F,SM,00,16,15,36.00,388,80.00,79.00,5.370000,1.090000,0.00,cifi0007.DBF
ABFS,10ABFS,F,SM,00,16,16,41.00,421,88.00,87.00,5.370000,1.090000,0.00,cifi0007.DBF
ABFS,10ABFS,F,SM,00,16,17,46.00,450,95.00,94.00,5.370000,1.090000,0.00,cifi0007.DBF
ABFS,10ABFS,F,SM,00,16,18,51.00,475,104.00,102.00,5.370000,1.090000,0.00,cifi0007.DBF
ABFS,10ABFS,F,SM,00,16,19,57.00,506,112.00,111.00,5.370000,1.090000,0.00,cifi0007.DBF
ABFS,10ABFS,F,SM,00,16,20,63.00,533,121.00,119.00,5.370000,1.090000,0.00,cifi0007.DBF
ABFS,10ABFS,F,SM,00,16,21,69.00,556,129.00,128.00,5.370000,1.090000,0.00,cifi0007.DBF
ABFS,10ABFS,F,SM,00,16,22,76.00,584,139.00,137.00,5.370000,1.090000,0.00,cifi0007.DBF
ABFS,10ABFS,F,SM,00,16,23,82.00,601,148.00,146.00,5.370000,1.090000,0.00,cifi0007.DBF
ABFS,10ABFS,F,SM,00,16,24,89.00,622,158.00,156.00,5.370000,1.090000,0.00,cifi0007.DBF
ABFS,10ABFS,F,SM,00,16,25,96.00,641,168.00,166.00,5.370000,1.090000,0.00,cifi0007.DBF
ABFS,10ABFS,F,SM,00,16,26,104.00,664,178.00,176.00,5.370000,1.090000,0.00,cifi0007.DBF
ABFS,10ABFS,F,SM,00,16,27,111.00,677,188.00,186.00,5.370000,1.090000,0.00,cifi0007.DBF
ABFS,10ABFS,F,SM,00,16,28,119.00,695,198.00,196.00,5.370000,1.090000,0.00,cifi0007.DBF
ABFS,10ABFS,F,SM,00,16,29,127.00,710,209.00,206.00,5.370000,1.090000,0.00,cifi0007.DBF
ABFS,10ABFS,F,SM,00,16,30,136.00,728,220.00,217.00,5.370000,1.090000,0.00,cifi0007.DBF
ABFS,10ABFS,F,SM,00,16,31,144.00,739,231.00,228.00,5.370000,1.090000,0.00,cifi0007.DBF
ABFS,10ABFS,F,SM,00,16,32,153.00,752,242.00,239.00,5.370000,1.090000,0.00,cifi0007.DBF
ABFS,10ABFS,F,SM,00,16,33,163.00,769,254.00,251.00,5.370000,1.090000,0.00,cifi0007.DBF
ABFS,10ABFS,F,SM,00,16,34,172.00,778,266.00,263.00,5.370000,1.090000,0.00,cifi0007.DBF
ABFS,10ABFS,F,SM,00,16,35,182.00,790,278.00,275.00,5.370000,1.090000,0.00,cifi0007.DBF
ABFS,10ABFS,F,SM,00,16,36,193.00,804,290.00,287.00,5.370000,1.090000,0.00,cifi0007.DBF
ABFS,10ABFS,F,SM,00,16,37,203.00,812,303.00,299.00,5.370000,1.090000,0.00,cifi0007.DBF
ABFS,10ABFS,F,SM,00,16,38,214.00,822,316.00,312.00,5.370000,1.090000,0.00,cifi0007.DBF
ABFS,10ABFS,F,SM,00,16,39,225.00,831,329.00,325.00,5.370000,1.090000,0.00,cifi0007.DBF
ABFS,10ABFS,F,SM,00,16,40,237.00,841,342.00,338.00,5.370000,1.090000,0.00,cifi0007.DBF
ABFS,10ABFS,F,SM,00,16,41,249.00,850,355.00,351.00,5.370000,1.090000,0.00,cifi0007.DBF
ABFS,10ABFS,F,SM,00,16,42,261.00,857,369.00,365.00,5.370000,1.090000,0.00,cifi0007.DBF
ABFS,10ABFS,F,SM,00,16,43,274.00,865,384.00,379.00,5.370000,1.090000,0.00,cifi0007.DBF
ABFS,10ABFS,F,SM,00,16,44,288.00,874,398.00,394.00,5.370000,1.090000,0.00,cifi0007.DBF
ABFS,10ABFS,F,SM,00,16,45,302.00,881,413.00,408.00,5.370000,1.090000,0.00,cifi0007.DBF
ABFS,10ABFS,F,SM,00,16,46,316.00,887,429.00,424.00,5.370000,1.090000,0.00,cifi0007.DBF
ABFS,10ABFS,F,SM,00,16,47,331.00,894,444.00,439.00,5.370000,1.090000,0.00,cifi0007.DBF
ABFS,10ABFS,F,SM,00,16,48,346.00,899,460.00,455.00,5.370000,1.090000,0.00,cifi0007.DBF
ABFS,10ABFS,F,SM,00,16,49,362.00,906,476.00,471.00,5.370000,1.090000,0.00,cifi0007.DBF
ABFS,10ABFS,F,SM,00,16,50,378.00,913,492.00,487.00,5.370000,1.090000,0.00,cifi0007.DBF
ABFS,10ABFS,F,SM,00,16,51,394.00,918,508.00,503.00,5.370000,1.090000,0.00,cifi0007.DBF
ABFS,10ABFS,F,SM,00,16,52,410.00,922,524.00,519.00,5.370000,1.090000,0.00,cifi0007.DBF
ABFS,10ABFS,F,SM,00,16,53,427.00,927,541.00,535.00,5.370000,1.090000,0.00,cifi0007.DBF
ABFS,10ABFS,F,SM,00,16,54,444.00,931,557.00,552.00,5.370000,1.090000,0.00,cifi0007.DBF
ABFS,10ABFS,F,SM,00,16,55,462.00,936,574.00,568.00,5.370000,1.090000,0.00,cifi0007.DBF
ABFS,10ABFS,F,SM,00,16,56,481.00,941,591.00,585.00,5.370000,1.090000,0.00,cifi0007.DBF
ABFS,10ABFS,F,SM,00,16,57,499.00,945,608.00,602.00,5.370000,1.090000,0.00,cifi0007.DBF
ABFS,10ABFS,F,SM,00,16,58,518.00,949,625.00,619.00,5.370000,1.090000,0.00,cifi0007.DBF
ABFS,10ABFS,F,SM,00,16,59,536.00,952,642.00,636.00,5.370000,1.090000,0.00,cifi0007.DBF
ABFS,10ABFS,F,SM,00,16,60,554.00,955,658.00,653.00,5.370000,1.090000,0.00,cifi0007.DBF
ABFS,10ABFS,F,SM,00,16,61,572.00,958,674.00,669.00,5.370000,1.090000,0.00,cifi0007.DBF
ABFS,10ABFS,F,SM,00,16,62,590.00,962,689.00,684.00,5.370000,1.090000,0.00,cifi0007.DBF
ABFS,10ABFS,F,SM,00,16,63,607.00,964,704.00,699.00,5.370000,1.090000,0.00,cifi0007.DBF
ABFS,10ABFS,F,SM,00,16,64,625.00,967,719.00,714.00,5.370000,1.090000,0.00,cifi0007.DBF
ABFS,10ABFS,F,SM,00,16,65,642.00,969,734.00,729.00,5.370000,1.090000,0.00,cifi0007.DBF
ABFS,10ABFS,F,SM,00,16,66,659.00,971,748.00,744.00,5.370000,1.090000,0.00,cifi0007.DBF
ABFS,10ABFS,F,SM,00,16,67,676.00,973,762.00,758.00,5.370000,1.090000,0.00,cifi0007.DBF
ABFS,10ABFS,F,SM,00,16,68,692.00,975,775.00,771.00,5.370000,1.090000,0.00,cifi0007.DBF
ABFS,10ABFS,F,SM,00,16,69,708.00,977,788.00,784.00,5.370000,1.090000,0.00,cifi0007.DBF
ABFS,10ABFS,F,SM,00,16,70,723.00,979,800.00,797.00,5.370000,1.090000,0.00,cifi0007.DBF
ABFS,10ABFS,F,SM,00,16,71,737.00,980,811.00,808.00,5.370000,1.090000,0.00,cifi0007.DBF
ABFS,10ABFS,F,SM,00,16,72,751.00,981,822.00,819.00,5.370000,1.090000,0.00,cifi0007.DBF
ABFS,10ABFS,F,SM,00,16,73,765.00,983,832.00,830.00,5.370000,1.090000,0.00,cifi0007.DBF
ABFS,10ABFS,F,SM,00,16,74,778.00,984,843.00,840.00,5.370000,1.090000,0.00,cifi0007.DBF
ABFS,10ABFS,F,SM,00,16,75,792.00,986,853.00,851.00,5.370000,1.090000,0.00,cifi0007.DBF
ABFS,10ABFS,F,SM,00,16,76,806.00,987,863.00,861.00,5.370000,1.090000,0.00,cifi0007.DBF
ABFS,10ABFS,F,SM,00,16,77,820.00,988,874.00,871.00,5.370000,1.090000,0.00,cifi0007.DBF
ABFS,10ABFS,F,SM,00,16,78,836.00,989,885.00,882.00,5.370000,1.090000,0.00,cifi0007.DBF
ABFS,10ABFS,F,SM,00,16,79,854.00,991,898.00,894.00,5.370000,1.090000,0.00,cifi0007.DBF
ABFS,10ABFS,F,SM,00,16,80,873.00,993,911.00,907.00,5.370000,1.090000,0.00,cifi0007.DBF
ABFS,10ABFS,F,SM,00,16,81,893.00,994,926.00,921.00,5.370000,1.090000,0.00,cifi0007.DBF
ABFS,10ABFS,F,SM,00,16,82,915.00,996,940.00,936.00,5.370000,1.090000,0.00,cifi0007.DBF
ABFS,10ABFS,F,SM,00,16,83,936.00,997,952.00,949.00,5.370000,1.090000,0.00,cifi0007.DBF
ABFS,10ABFS,F,SM,00,17,1,0.00,0,0.00,1.00,5.580000,1.140000,0.00,cifi0007.DBF
ABFS,10ABFS,F,SM,00,17,2,0.00,0,5.00,5.00,5.580000,1.140000,0.00,cifi0007.DBF
ABFS,10ABFS,F,SM,00,17,3,0.00,0,9.00,10.00,5.580000,1.140000,0.00,cifi0007.DBF
ABFS,10ABFS,F,SM,00,17,4,0.00,0,14.00,14.00,5.580000,1.140000,0.00,cifi0007.DBF
ABFS,10ABFS,F,SM,00,17,5,0.00,0,19.00,19.00,5.580000,1.140000,0.00,cifi0007.DBF
ABFS,10ABFS,F,SM,00,17,6,2.00,32,25.00,25.00,5.580000,1.140000,0.00,cifi0007.DBF
ABFS,10ABFS,F,SM,00,17,7,6.00,90,30.00,30.00,5.580000,1.140000,0.00,cifi0007.DBF
ABFS,10ABFS,F,SM,00,17,8,9.00,129,36.00,36.00,5.580000,1.140000,0.00,cifi0007.DBF
ABFS,10ABFS,F,SM,00,17,9,13.00,178,42.00,42.00,5.580000,1.140000,0.00,cifi0007.DBF
ABFS,10ABFS,F,SM,00,17,10,16.00,209,48.00,48.00,5.580000,1.140000,0.00,cifi0007.DBF
ABFS,10ABFS,F,SM,00,17,11,20.00,249,55.00,54.00,5.580000,1.140000,0.00,cifi0007.DBF
ABFS,10ABFS,F,SM,00,17,12,24.00,285,62.00,61.00,5.580000,1.140000,0.00,cifi0007.DBF
ABFS,10ABFS,F,SM,00,17,13,29.00,328,69.00,68.00,5.580000,1.140000,0.00,cifi0007.DBF
ABFS,10ABFS,F,SM,00,17,14,34.00,367,76.00,75.00,5.580000,1.140000,0.00,cifi0007.DBF
ABFS,10ABFS,F,SM,00,17,15,38.00,390,84.00,83.00,5.580000,1.140000,0.00,cifi0007.DBF
ABFS,10ABFS,F,SM,00,17,16,44.00,431,91.00,90.00,5.580000,1.140000,0.00,cifi0007.DBF
ABFS,10ABFS,F,SM,00,17,17,49.00,457,100.00,98.00,5.580000,1.140000,0.00,cifi0007.DBF
ABFS,10ABFS,F,SM,00,17,18,55.00,488,108.00,107.00,5.580000,1.140000,0.00,cifi0007.DBF
ABFS,10ABFS,F,SM,00,17,19,61.00,516,117.00,115.00,5.580000,1.140000,0.00,cifi0007.DBF
ABFS,10ABFS,F,SM,00,17,20,67.00,540,126.00,124.00,5.580000,1.140000,0.00,cifi0007.DBF
ABFS,10ABFS,F,SM,00,17,21,73.00,561,135.00,133.00,5.580000,1.140000,0.00,cifi0007.DBF
ABFS,10ABFS,F,SM,00,17,22,80.00,586,144.00,142.00,5.580000,1.140000,0.00,cifi0007.DBF
ABFS,10ABFS,F,SM,00,17,23,87.00,608,154.00,152.00,5.580000,1.140000,0.00,cifi0007.DBF
ABFS,10ABFS,F,SM,00,17,24,94.00,628,164.00,162.00,5.580000,1.140000,0.00,cifi0007.DBF
ABFS,10ABFS,F,SM,00,17,25,102.00,651,174.00,172.00,5.580000,1.140000,0.00,cifi0007.DBF
ABFS,10ABFS,F,SM,00,17,26,109.00,665,184.00,182.00,5.580000,1.140000,0.00,cifi0007.DBF
ABFS,10ABFS,F,SM,00,17,27,117.00,683,195.00,192.00,5.580000,1.140000,0.00,cifi0007.DBF
ABFS,10ABFS,F,SM,00,17,28,125.00,699,205.00,203.00,5.580000,1.140000,0.00,cifi0007.DBF
ABFS,10ABFS,F,SM,00,17,29,134.00,718,216.00,213.00,5.580000,1.140000,0.00,cifi0007.DBF
ABFS,10ABFS,F,SM,00,17,30,142.00,729,227.00,224.00,5.580000,1.140000,0.00,cifi0007.DBF
ABFS,10ABFS,F,SM,00,17,31,151.00,743,239.00,236.00,5.580000,1.140000,0.00,cifi0007.DBF
ABFS,10ABFS,F,SM,00,17,32,161.00,759,250.00,247.00,5.580000,1.140000,0.00,cifi0007.DBF
ABFS,10ABFS,F,SM,00,17,33,170.00,769,262.00,259.00,5.580000,1.140000,0.00,cifi0007.DBF
ABFS,10ABFS,F,SM,00,17,34,180.00,781,275.00,271.00,5.580000,1.140000,0.00,cifi0007.DBF
ABFS,10ABFS,F,SM,00,17,35,191.00,795,287.00,284.00,5.580000,1.140000,0.00,cifi0007.DBF
ABFS,10ABFS,F,SM,00,17,36,201.00,804,300.00,296.00,5.580000,1.140000,0.00,cifi0007.DBF
ABFS,10ABFS,F,SM,00,17,37,212.00,814,313.00,309.00,5.580000,1.140000,0.00,cifi0007.DBF
ABFS,10ABFS,F,SM,00,17,38,223.00,823,326.00,322.00,5.580000,1.140000,0.00,cifi0007.DBF
ABFS,10ABFS,F,SM,00,17,39,235.00,834,339.00,335.00,5.580000,1.140000,0.00,cifi0007.DBF
ABFS,10ABFS,F,SM,00,17,40,247.00,843,353.00,349.00,5.580000,1.140000,0.00,cifi0007.DBF
ABFS,10ABFS,F,SM,00,17,41,259.00,850,367.00,363.00,5.580000,1.140000,0.00,cifi0007.DBF
ABFS,10ABFS,F,SM,00,17,42,272.00,859,381.00,377.00,5.580000,1.140000,0.00,cifi0007.DBF
ABFS,10ABFS,F,SM,00,17,43,286.00,868,396.00,391.00,5.580000,1.140000,0.00,cifi0007.DBF
ABFS,10ABFS,F,SM,00,17,44,300.00,876,411.00,406.00,5.580000,1.140000,0.00,cifi0007.DBF
ABFS,10ABFS,F,SM,00,17,45,315.00,884,426.00,421.00,5.580000,1.140000,0.00,cifi0007.DBF
ABFS,10ABFS,F,SM,00,17,46,330.00,891,442.00,437.00,5.580000,1.140000,0.00,cifi0007.DBF
ABFS,10ABFS,F,SM,00,17,47,345.00,897,458.00,453.00,5.580000,1.140000,0.00,cifi0007.DBF
ABFS,10ABFS,F,SM,00,17,48,361.00,904,474.00,469.00,5.580000,1.140000,0.00,cifi0007.DBF
ABFS,10ABFS,F,SM,00,17,49,376.00,908,490.00,485.00,5.580000,1.140000,0.00,cifi0007.DBF
ABFS,10ABFS,F,SM,00,17,50,392.00,913,506.00,501.00,5.580000,1.140000,0.00,cifi0007.DBF
ABFS,10ABFS,F,SM,00,17,51,409.00,920,522.00,517.00,5.580000,1.140000,0.00,cifi0007.DBF
ABFS,10ABFS,F,SM,00,17,52,426.00,925,538.00,533.00,5.580000,1.140000,0.00,cifi0007.DBF
ABFS,10ABFS,F,SM,00,17,53,443.00,929,555.00,549.00,5.580000,1.140000,0.00,cifi0007.DBF
ABFS,10ABFS,F,SM,00,17,54,461.00,934,572.00,566.00,5.580000,1.140000,0.00,cifi0007.DBF
ABFS,10ABFS,F,SM,00,17,55,479.00,938,590.00,584.00,5.580000,1.140000,0.00,cifi0007.DBF
ABFS,10ABFS,F,SM,00,17,56,498.00,943,607.00,601.00,5.580000,1.140000,0.00,cifi0007.DBF
ABFS,10ABFS,F,SM,00,17,57,517.00,947,624.00,618.00,5.580000,1.140000,0.00,cifi0007.DBF
ABFS,10ABFS,F,SM,00,17,58,535.00,950,640.00,635.00,5.580000,1.140000,0.00,cifi0007.DBF
ABFS,10ABFS,F,SM,00,17,59,553.00,953,657.00,651.00,5.580000,1.140000,0.00,cifi0007.DBF
ABFS,10ABFS,F,SM,00,17,60,571.00,957,672.00,667.00,5.580000,1.140000,0.00,cifi0007.DBF
ABFS,10ABFS,F,SM,00,17,61,589.00,960,688.00,683.00,5.580000,1.140000,0.00,cifi0007.DBF
ABFS,10ABFS,F,SM,00,17,62,606.00,962,703.00,698.00,5.580000,1.140000,0.00,cifi0007.DBF
ABFS,10ABFS,F,SM,00,17,63,624.00,965,718.00,713.00,5.580000,1.140000,0.00,cifi0007.DBF
ABFS,10ABFS,F,SM,00,17,64,641.00,967,733.00,728.00,5.580000,1.140000,0.00,cifi0007.DBF
ABFS,10ABFS,F,SM,00,17,65,658.00,969,747.00,743.00,5.580000,1.140000,0.00,cifi0007.DBF
ABFS,10ABFS,F,SM,00,17,66,675.00,972,761.00,757.00,5.580000,1.140000,0.00,cifi0007.DBF
ABFS,10ABFS,F,SM,00,17,67,692.00,975,774.00,770.00,5.580000,1.140000,0.00,cifi0007.DBF
ABFS,10ABFS,F,SM,00,17,68,707.00,976,787.00,783.00,5.580000,1.140000,0.00,cifi0007.DBF
ABFS,10ABFS,F,SM,00,17,69,722.00,977,799.00,796.00,5.580000,1.140000,0.00,cifi0007.DBF
ABFS,10ABFS,F,SM,00,17,70,737.00,980,810.00,807.00,5.580000,1.140000,0.00,cifi0007.DBF
ABFS,10ABFS,F,SM,00,17,71,751.00,981,821.00,818.00,5.580000,1.140000,0.00,cifi0007.DBF
ABFS,10ABFS,F,SM,00,17,72,764.00,982,832.00,829.00,5.580000,1.140000,0.00,cifi0007.DBF
ABFS,10ABFS,F,SM,00,17,73,778.00,984,842.00,840.00,5.580000,1.140000,0.00,cifi0007.DBF
ABFS,10ABFS,F,SM,00,17,74,791.00,984,852.00,850.00,5.580000,1.140000,0.00,cifi0007.DBF
ABFS,10ABFS,F,SM,00,17,75,805.00,986,862.00,860.00,5.580000,1.140000,0.00,cifi0007.DBF
ABFS,10ABFS,F,SM,00,17,76,820.00,988,873.00,870.00,5.580000,1.140000,0.00,cifi0007.DBF
ABFS,10ABFS,F,SM,00,17,77,836.00,989,885.00,882.00,5.580000,1.140000,0.00,cifi0007.DBF
ABFS,10ABFS,F,SM,00,17,78,853.00,990,897.00,894.00,5.580000,1.140000,0.00,cifi0007.DBF
ABFS,10ABFS,F,SM,00,17,79,872.00,992,911.00,907.00,5.580000,1.140000,0.00,cifi0007.DBF
ABFS,10ABFS,F,SM,00,17,80,893.00,994,925.00,921.00,5.580000,1.140000,0.00,cifi0007.DBF
ABFS,10ABFS,F,SM,00,17,81,914.00,995,940.00,935.00,5.580000,1.140000,0.00,cifi0007.DBF
ABFS,10ABFS,F,SM,00,17,82,935.00,996,951.00,948.00,5.580000,1.140000,0.00,cifi0007.DBF
ABFS,10ABFS,F,SM,00,18,1,0.00,0,0.00,1.00,5.800000,1.200000,0.00,cifi0007.DBF
ABFS,10ABFS,F,SM,00,18,2,0.00,0,5.00,5.00,5.800000,1.200000,0.00,cifi0007.DBF
ABFS,10ABFS,F,SM,00,18,3,0.00,0,10.00,10.00,5.800000,1.200000,0.00,cifi0007.DBF
ABFS,10ABFS,F,SM,00,18,4,0.00,0,15.00,15.00,5.800000,1.200000,0.00,cifi0007.DBF
ABFS,10ABFS,F,SM,00,18,5,0.00,0,20.00,20.00,5.800000,1.200000,0.00,cifi0007.DBF
ABFS,10ABFS,F,SM,00,18,6,3.00,45,26.00,26.00,5.800000,1.200000,0.00,cifi0007.DBF
ABFS,10ABFS,F,SM,00,18,7,7.00,101,32.00,32.00,5.800000,1.200000,0.00,cifi0007.DBF
ABFS,10ABFS,F,SM,00,18,8,10.00,137,38.00,38.00,5.800000,1.200000,0.00,cifi0007.DBF
ABFS,10ABFS,F,SM,00,18,9,14.00,183,44.00,44.00,5.800000,1.200000,0.00,cifi0007.DBF
ABFS,10ABFS,F,SM,00,18,10,18.00,224,51.00,50.00,5.800000,1.200000,0.00,cifi0007.DBF
ABFS,10ABFS,F,SM,00,18,11,22.00,261,57.00,57.00,5.800000,1.200000,0.00,cifi0007.DBF
ABFS,10ABFS,F,SM,00,18,12,26.00,294,64.00,63.00,5.800000,1.200000,0.00,cifi0007.DBF
ABFS,10ABFS,F,SM,00,18,13,31.00,334,72.00,71.00,5.800000,1.200000,0.00,cifi0007.DBF
ABFS,10ABFS,F,SM,00,18,14,36.00,370,79.00,78.00,5.800000,1.200000,0.00,cifi0007.DBF
ABFS,10ABFS,F,SM,00,18,15,41.00,401,87.00,86.00,5.800000,1.200000,0.00,cifi0007.DBF
ABFS,10ABFS,F,SM,00,18,16,47.00,438,95.00,94.00,5.800000,1.200000,0.00,cifi0007.DBF
ABFS,10ABFS,F,SM,00,18,17,52.00,462,104.00,102.00,5.800000,1.200000,0.00,cifi0007.DBF
ABFS,10ABFS,F,SM,00,18,18,58.00,491,113.00,111.00,5.800000,1.200000,0.00,cifi0007.DBF
ABFS,10ABFS,F,SM,00,18,19,65.00,524,122.00,120.00,5.800000,1.200000,0.00,cifi0007.DBF
ABFS,10ABFS,F,SM,00,18,20,71.00,546,131.00,129.00,5.800000,1.200000,0.00,cifi0007.DBF
ABFS,10ABFS,F,SM,00,18,21,78.00,572,140.00,138.00,5.800000,1.200000,0.00,cifi0007.DBF
ABFS,10ABFS,F,SM,00,18,22,85.00,594,150.00,148.00,5.800000,1.200000,0.00,cifi0007.DBF
ABFS,10ABFS,F,SM,00,18,23,92.00,614,160.00,158.00,5.800000,1.200000,0.00,cifi0007.DBF
ABFS,10ABFS,F,SM,00,18,24,99.00,632,170.00,168.00,5.800000,1.200000,0.00,cifi0007.DBF
ABFS,10ABFS,F,SM,00,18,25,107.00,653,180.00,178.00,5.800000,1.200000,0.00,cifi0007.DBF
ABFS,10ABFS,F,SM,00,18,26,115.00,672,191.00,188.00,5.800000,1.200000,0.00,cifi0007.DBF
ABFS,10ABFS,F,SM,00,18,27,123.00,688,202.00,199.00,5.800000,1.200000,0.00,cifi0007.DBF
ABFS,10ABFS,F,SM,00,18,28,132.00,707,213.00,210.00,5.800000,1.200000,0.00,cifi0007.DBF
ABFS,10ABFS,F,SM,00,18,29,140.00,718,224.00,221.00,5.800000,1.200000,0.00,cifi0007.DBF
ABFS,10ABFS,F,SM,00,18,30,149.00,733,235.00,232.00,5.800000,1.200000,0.00,cifi0007.DBF
ABFS,10ABFS,F,SM,00,18,31,159.00,750,247.00,244.00,5.800000,1.200000,0.00,cifi0007.DBF
ABFS,10ABFS,F,SM,00,18,32,168.00,760,259.00,256.00,5.800000,1.200000,0.00,cifi0007.DBF
ABFS,10ABFS,F,SM,00,18,33,178.00,772,271.00,268.00,5.800000,1.200000,0.00,cifi0007.DBF
ABFS,10ABFS,F,SM,00,18,34,189.00,787,284.00,280.00,5.800000,1.200000,0.00,cifi0007.DBF
ABFS,10ABFS,F,SM,00,18,35,199.00,796,296.00,293.00,5.800000,1.200000,0.00,cifi0007.DBF
ABFS,10ABFS,F,SM,00,18,36,210.00,807,309.00,305.00,5.800000,1.200000,0.00,cifi0007.DBF
ABFS,10ABFS,F,SM,00,18,37,222.00,819,323.00,319.00,5.800000,1.200000,0.00,cifi0007.DBF
ABFS,10ABFS,F,SM,00,18,38,233.00,827,336.00,332.00,5.800000,1.200000,0.00,cifi0007.DBF
ABFS,10ABFS,F,SM,00,18,39,245.00,836,350.00,346.00,5.800000,1.200000,0.00,cifi0007.DBF
ABFS,10ABFS,F,SM,00,18,40,258.00,847,364.00,360.00,5.800000,1.200000,0.00,cifi0007.DBF
ABFS,10ABFS,F,SM,00,18,41,271.00,856,378.00,374.00,5.800000,1.200000,0.00,cifi0007.DBF
ABFS,10ABFS,F,SM,00,18,42,284.00,862,393.00,388.00,5.800000,1.200000,0.00,cifi0007.DBF
ABFS,10ABFS,F,SM,00,18,43,298.00,870,408.00,403.00,5.800000,1.200000,0.00,cifi0007.DBF
ABFS,10ABFS,F,SM,00,18,44,313.00,879,424.00,419.00,5.800000,1.200000,0.00,cifi0007.DBF
ABFS,10ABFS,F,SM,00,18,45,328.00,886,439.00,434.00,5.800000,1.200000,0.00,cifi0007.DBF
ABFS,10ABFS,F,SM,00,18,46,343.00,891,455.00,450.00,5.800000,1.200000,0.00,cifi0007.DBF
ABFS,10ABFS,F,SM,00,18,47,359.00,899,471.00,466.00,5.800000,1.200000,0.00,cifi0007.DBF
ABFS,10ABFS,F,SM,00,18,48,375.00,905,487.00,482.00,5.800000,1.200000,0.00,cifi0007.DBF
ABFS,10ABFS,F,SM,00,18,49,391.00,911,504.00,498.00,5.800000,1.200000,0.00,cifi0007.DBF
ABFS,10ABFS,F,SM,00,18,50,407.00,915,520.00,515.00,5.800000,1.200000,0.00,cifi0007.DBF
ABFS,10ABFS,F,SM,00,18,51,424.00,921,536.00,531.00,5.800000,1.200000,0.00,cifi0007.DBF
ABFS,10ABFS,F,SM,00,18,52,442.00,927,553.00,547.00,5.800000,1.200000,0.00,cifi0007.DBF
ABFS,10ABFS,F,SM,00,18,53,460.00,932,570.00,564.00,5.800000,1.200000,0.00,cifi0007.DBF
ABFS,10ABFS,F,SM,00,18,54,478.00,936,588.00,582.00,5.800000,1.200000,0.00,cifi0007.DBF
ABFS,10ABFS,F,SM,00,18,55,497.00,941,605.00,599.00,5.800000,1.200000,0.00,cifi0007.DBF
ABFS,10ABFS,F,SM,00,18,56,515.00,944,622.00,616.00,5.800000,1.200000,0.00,cifi0007.DBF
ABFS,10ABFS,F,SM,00,18,57,534.00,949,639.00,633.00,5.800000,1.200000,0.00,cifi0007.DBF
ABFS,10ABFS,F,SM,00,18,58,552.00,952,655.00,650.00,5.800000,1.200000,0.00,cifi0007.DBF
ABFS,10ABFS,F,SM,00,18,59,570.00,955,671.00,666.00,5.800000,1.200000,0.00,cifi0007.DBF
ABFS,10ABFS,F,SM,00,18,60,588.00,959,686.00,681.00,5.800000,1.200000,0.00,cifi0007.DBF
ABFS,10ABFS,F,SM,00,18,61,605.00,961,702.00,697.00,5.800000,1.200000,0.00,cifi0007.DBF
ABFS,10ABFS,F,SM,00,18,62,623.00,964,717.00,712.00,5.800000,1.200000,0.00,cifi0007.DBF
ABFS,10ABFS,F,SM,00,18,63,640.00,966,731.00,727.00,5.800000,1.200000,0.00,cifi0007.DBF
ABFS,10ABFS,F,SM,00,18,64,658.00,969,746.00,741.00,5.800000,1.200000,0.00,cifi0007.DBF
ABFS,10ABFS,F,SM,00,18,65,674.00,970,760.00,756.00,5.800000,1.200000,0.00,cifi0007.DBF
ABFS,10ABFS,F,SM,00,18,66,691.00,973,773.00,769.00,5.800000,1.200000,0.00,cifi0007.DBF
ABFS,10ABFS,F,SM,00,18,67,707.00,976,786.00,782.00,5.800000,1.200000,0.00,cifi0007.DBF
ABFS,10ABFS,F,SM,00,18,68,722.00,977,798.00,795.00,5.800000,1.200000,0.00,cifi0007.DBF
ABFS,10ABFS,F,SM,00,18,69,736.00,979,809.00,806.00,5.800000,1.200000,0.00,cifi0007.DBF
ABFS,10ABFS,F,SM,00,18,70,750.00,980,820.00,817.00,5.800000,1.200000,0.00,cifi0007.DBF
ABFS,10ABFS,F,SM,00,18,71,764.00,982,831.00,828.00,5.800000,1.200000,0.00,cifi0007.DBF
ABFS,10ABFS,F,SM,00,18,72,777.00,983,841.00,839.00,5.800000,1.200000,0.00,cifi0007.DBF
ABFS,10ABFS,F,SM,00,18,73,791.00,984,851.00,849.00,5.800000,1.200000,0.00,cifi0007.DBF
ABFS,10ABFS,F,SM,00,18,74,805.00,986,862.00,859.00,5.800000,1.200000,0.00,cifi0007.DBF
ABFS,10ABFS,F,SM,00,18,75,820.00,988,872.00,870.00,5.800000,1.200000,0.00,cifi0007.DBF
ABFS,10ABFS,F,SM,00,18,76,835.00,988,884.00,881.00,5.800000,1.200000,0.00,cifi0007.DBF
ABFS,10ABFS,F,SM,00,18,77,853.00,990,897.00,893.00,5.800000,1.200000,0.00,cifi0007.DBF
ABFS,10ABFS,F,SM,00,18,78,872.00,992,910.00,906.00,5.800000,1.200000,0.00,cifi0007.DBF
ABFS,10ABFS,F,SM,00,18,79,893.00,994,925.00,920.00,5.800000,1.200000,0.00,cifi0007.DBF
ABFS,10ABFS,F,SM,00,18,80,914.00,995,940.00,935.00,5.800000,1.200000,0.00,cifi0007.DBF
ABFS,10ABFS,F,SM,00,18,81,935.00,996,951.00,948.00,5.800000,1.200000,0.00,cifi0007.DBF
ABFS,10ABFS,F,SM,00,19,1,0.00,0,0.00,1.00,6.040000,1.240000,0.00,cifi0007.DBF
ABFS,10ABFS,F,SM,00,19,2,0.00,0,5.00,6.00,6.040000,1.240000,0.00,cifi0007.DBF
ABFS,10ABFS,F,SM,00,19,3,0.00,0,10.00,11.00,6.040000,1.240000,0.00,cifi0007.DBF
ABFS,10ABFS,F,SM,00,19,4,0.00,0,16.00,16.00,6.040000,1.240000,0.00,cifi0007.DBF
ABFS,10ABFS,F,SM,00,19,5,1.00,15,21.00,22.00,6.040000,1.240000,0.00,cifi0007.DBF
ABFS,10ABFS,F,SM,00,19,6,4.00,58,27.00,27.00,6.040000,1.240000,0.00,cifi0007.DBF
ABFS,10ABFS,F,SM,00,19,7,8.00,110,33.00,33.00,6.040000,1.240000,0.00,cifi0007.DBF
ABFS,10ABFS,F,SM,00,19,8,11.00,144,39.00,39.00,6.040000,1.240000,0.00,cifi0007.DBF
ABFS,10ABFS,F,SM,00,19,9,15.00,187,46.00,46.00,6.040000,1.240000,0.00,cifi0007.DBF
ABFS,10ABFS,F,SM,00,19,10,20.00,237,53.00,53.00,6.040000,1.240000,0.00,cifi0007.DBF
ABFS,10ABFS,F,SM,00,19,11,24.00,272,60.00,60.00,6.040000,1.240000,0.00,cifi0007.DBF
ABFS,10ABFS,F,SM,00,19,12,29.00,313,67.00,67.00,6.040000,1.240000,0.00,cifi0007.DBF
ABFS,10ABFS,F,SM,00,19,13,34.00,349,75.00,74.00,6.040000,1.240000,0.00,cifi0007.DBF
ABFS,10ABFS,F,SM,00,19,14,39.00,382,83.00,82.00,6.040000,1.240000,0.00,cifi0007.DBF
ABFS,10ABFS,F,SM,00,19,15,44.00,410,91.00,90.00,6.040000,1.240000,0.00,cifi0007.DBF
ABFS,10ABFS,F,SM,00,19,16,50.00,444,100.00,99.00,6.040000,1.240000,0.00,cifi0007.DBF
ABFS,10ABFS,F,SM,00,19,17,56.00,474,108.00,107.00,6.040000,1.240000,0.00,cifi0007.DBF
ABFS,10ABFS,F,SM,00,19,18,62.00,500,117.00,116.00,6.040000,1.240000,0.00,cifi0007.DBF
ABFS,10ABFS,F,SM,00,19,19,69.00,530,127.00,125.00,6.040000,1.240000,0.00,cifi0007.DBF
ABFS,10ABFS,F,SM,00,19,20,75.00,550,136.00,135.00,6.040000,1.240000,0.00,cifi0007.DBF
ABFS,10ABFS,F,SM,00,19,21,82.00,573,146.00,144.00,6.040000,1.240000,0.00,cifi0007.DBF
ABFS,10ABFS,F,SM,00,19,22,90.00,601,156.00,154.00,6.040000,1.240000,0.00,cifi0007.DBF
ABFS,10ABFS,F,SM,00,19,23,97.00,619,166.00,164.00,6.040000,1.240000,0.00,cifi0007.DBF
ABFS,10ABFS,F,SM,00,19,24,105.00,641,176.00,174.00,6.040000,1.240000,0.00,cifi0007.DBF
ABFS,10ABFS,F,SM,00,19,25,113.00,660,187.00,185.00,6.040000,1.240000,0.00,cifi0007.DBF
ABFS,10ABFS,F,SM,00,19,26,121.00,677,198.00,196.00,6.040000,1.240000,0.00,cifi0007.DBF
ABFS,10ABFS,F,SM,00,19,27,129.00,691,209.00,207.00,6.040000,1.240000,0.00,cifi0007.DBF
ABFS,10ABFS,F,SM,00,19,28,138.00,708,220.00,218.00,6.040000,1.240000,0.00,cifi0007.DBF
ABFS,10ABFS,F,SM,00,19,29,147.00,723,232.00,229.00,6.040000,1.240000,0.00,cifi0007.DBF
ABFS,10ABFS,F,SM,00,19,30,156.00,736,243.00,241.00,6.040000,1.240000,0.00,cifi0007.DBF
ABFS,10ABFS,F,SM,00,19,31,166.00,751,255.00,252.00,6.040000,1.240000,0.00,cifi0007.DBF
ABFS,10ABFS,F,SM,00,19,32,176.00,764,268.00,265.00,6.040000,1.240000,0.00,cifi0007.DBF
ABFS,10ABFS,F,SM,00,19,33,187.00,779,280.00,277.00,6.040000,1.240000,0.00,cifi0007.DBF
ABFS,10ABFS,F,SM,00,19,34,197.00,788,293.00,290.00,6.040000,1.240000,0.00,cifi0007.DBF
ABFS,10ABFS,F,SM,00,19,35,208.00,799,306.00,303.00,6.040000,1.240000,0.00,cifi0007.DBF
ABFS,10ABFS,F,SM,00,19,36,220.00,812,319.00,316.00,6.040000,1.240000,0.00,cifi0007.DBF
ABFS,10ABFS,F,SM,00,19,37,231.00,820,333.00,329.00,6.040000,1.240000,0.00,cifi0007.DBF
ABFS,10ABFS,F,SM,00,19,38,243.00,829,346.00,343.00,6.040000,1.240000,0.00,cifi0007.DBF
ABFS,10ABFS,F,SM,00,19,39,256.00,840,361.00,357.00,6.040000,1.240000,0.00,cifi0007.DBF
ABFS,10ABFS,F,SM,00,19,40,269.00,849,375.00,371.00,6.040000,1.240000,0.00,cifi0007.DBF
ABFS,10ABFS,F,SM,00,19,41,282.00,856,390.00,386.00,6.040000,1.240000,0.00,cifi0007.DBF
ABFS,10ABFS,F,SM,00,19,42,296.00,864,405.00,401.00,6.040000,1.240000,0.00,cifi0007.DBF
ABFS,10ABFS,F,SM,00,19,43,311.00,873,421.00,416.00,6.040000,1.240000,0.00,cifi0007.DBF
ABFS,10ABFS,F,SM,00,19,44,326.00,880,437.00,432.00,6.040000,1.240000,0.00,cifi0007.DBF
ABFS,10ABFS,F,SM,00,19,45,342.00,889,453.00,448.00,6.040000,1.240000,0.00,cifi0007.DBF
ABFS,10ABFS,F,SM,00,19,46,357.00,894,469.00,464.00,6.040000,1.240000,0.00,cifi0007.DBF
ABFS,10ABFS,F,SM,00,19,47,373.00,901,485.00,480.00,6.040000,1.240000,0.00,cifi0007.DBF
ABFS,10ABFS,F,SM,00,19,48,389.00,906,501.00,496.00,6.040000,1.240000,0.00,cifi0007.DBF
ABFS,10ABFS,F,SM,00,19,49,406.00,913,518.00,513.00,6.040000,1.240000,0.00,cifi0007.DBF
ABFS,10ABFS,F,SM,00,19,50,423.00,919,534.00,529.00,6.040000,1.240000,0.00,cifi0007.DBF
ABFS,10ABFS,F,SM,00,19,51,440.00,923,551.00,546.00,6.040000,1.240000,0.00,cifi0007.DBF
ABFS,10ABFS,F,SM,00,19,52,458.00,928,568.00,563.00,6.040000,1.240000,0.00,cifi0007.DBF
ABFS,10ABFS,F,SM,00,19,53,477.00,934,586.00,580.00,6.040000,1.240000,0.00,cifi0007.DBF
ABFS,10ABFS,F,SM,00,19,54,495.00,937,603.00,598.00,6.040000,1.240000,0.00,cifi0007.DBF
ABFS,10ABFS,F,SM,00,19,55,514.00,942,620.00,615.00,6.040000,1.240000,0.00,cifi0007.DBF
ABFS,10ABFS,F,SM,00,19,56,533.00,947,637.00,632.00,6.040000,1.240000,0.00,cifi0007.DBF
ABFS,10ABFS,F,SM,00,19,57,551.00,950,653.00,648.00,6.040000,1.240000,0.00,cifi0007.DBF
ABFS,10ABFS,F,SM,00,19,58,569.00,953,669.00,664.00,6.040000,1.240000,0.00,cifi0007.DBF
ABFS,10ABFS,F,SM,00,19,59,587.00,957,685.00,680.00,6.040000,1.240000,0.00,cifi0007.DBF
ABFS,10ABFS,F,SM,00,19,60,604.00,959,700.00,696.00,6.040000,1.240000,0.00,cifi0007.DBF
ABFS,10ABFS,F,SM,00,19,61,622.00,962,715.00,711.00,6.040000,1.240000,0.00,cifi0007.DBF
ABFS,10ABFS,F,SM,00,19,62,639.00,964,730.00,726.00,6.040000,1.240000,0.00,cifi0007.DBF
ABFS,10ABFS,F,SM,00,19,63,657.00,968,745.00,741.00,6.040000,1.240000,0.00,cifi0007.DBF
ABFS,10ABFS,F,SM,00,19,64,674.00,970,759.00,755.00,6.040000,1.240000,0.00,cifi0007.DBF
ABFS,10ABFS,F,SM,00,19,65,690.00,972,772.00,769.00,6.040000,1.240000,0.00,cifi0007.DBF
ABFS,10ABFS,F,SM,00,19,66,706.00,974,785.00,782.00,6.040000,1.240000,0.00,cifi0007.DBF
ABFS,10ABFS,F,SM,00,19,67,721.00,976,797.00,794.00,6.040000,1.240000,0.00,cifi0007.DBF
ABFS,10ABFS,F,SM,00,19,68,735.00,977,808.00,806.00,6.040000,1.240000,0.00,cifi0007.DBF
ABFS,10ABFS,F,SM,00,19,69,749.00,979,819.00,817.00,6.040000,1.240000,0.00,cifi0007.DBF
ABFS,10ABFS,F,SM,00,19,70,763.00,981,830.00,828.00,6.040000,1.240000,0.00,cifi0007.DBF
ABFS,10ABFS,F,SM,00,19,71,777.00,983,840.00,838.00,6.040000,1.240000,0.00,cifi0007.DBF
ABFS,10ABFS,F,SM,00,19,72,790.00,983,851.00,849.00,6.040000,1.240000,0.00,cifi0007.DBF
ABFS,10ABFS,F,SM,00,19,73,804.00,985,861.00,859.00,6.040000,1.240000,0.00,cifi0007.DBF
ABFS,10ABFS,F,SM,00,19,74,819.00,986,872.00,870.00,6.040000,1.240000,0.00,cifi0007.DBF
ABFS,10ABFS,F,SM,00,19,75,835.00,988,883.00,881.00,6.040000,1.240000,0.00,cifi0007.DBF
ABFS,10ABFS,F,SM,00,19,76,853.00,990,896.00,893.00,6.040000,1.240000,0.00,cifi0007.DBF
ABFS,10ABFS,F,SM,00,19,77,872.00,992,910.00,906.00,6.040000,1.240000,0.00,cifi0007.DBF
ABFS,10ABFS,F,SM,00,19,78,892.00,993,925.00,921.00,6.040000,1.240000,0.00,cifi0007.DBF
ABFS,10ABFS,F,SM,00,19,79,914.00,995,939.00,935.00,6.040000,1.240000,0.00,cifi0007.DBF
ABFS,10ABFS,F,SM,00,19,80,935.00,996,951.00,948.00,6.040000,1.240000,0.00,cifi0007.DBF
ABFS,10ABFS,F,SM,00,20,1,0.00,0,0.00,1.00,6.280000,1.280000,0.00,cifi0007.DBF
ABFS,10ABFS,F,SM,00,20,2,0.00,0,5.00,6.00,6.280000,1.280000,0.00,cifi0007.DBF
ABFS,10ABFS,F,SM,00,20,3,0.00,0,11.00,11.00,6.280000,1.280000,0.00,cifi0007.DBF
ABFS,10ABFS,F,SM,00,20,4,0.00,0,16.00,17.00,6.280000,1.280000,0.00,cifi0007.DBF
ABFS,10ABFS,F,SM,00,20,5,1.00,15,22.00,22.00,6.280000,1.280000,0.00,cifi0007.DBF
ABFS,10ABFS,F,SM,00,20,6,5.00,69,28.00,28.00,6.280000,1.280000,0.00,cifi0007.DBF
ABFS,10ABFS,F,SM,00,20,7,9.00,118,35.00,35.00,6.280000,1.280000,0.00,cifi0007.DBF
ABFS,10ABFS,F,SM,00,20,8,13.00,162,41.00,41.00,6.280000,1.280000,0.00,cifi0007.DBF
ABFS,10ABFS,F,SM,00,20,9,17.00,202,48.00,48.00,6.280000,1.280000,0.00,cifi0007.DBF
ABFS,10ABFS,F,SM,00,20,10,21.00,238,55.00,55.00,6.280000,1.280000,0.00,cifi0007.DBF
ABFS,10ABFS,F,SM,00,20,11,26.00,280,63.00,62.00,6.280000,1.280000,0.00,cifi0007.DBF
ABFS,10ABFS,F,SM,00,20,12,31.00,319,70.00,70.00,6.280000,1.280000,0.00,cifi0007.DBF
ABFS,10ABFS,F,SM,00,20,13,36.00,352,78.00,77.00,6.280000,1.280000,0.00,cifi0007.DBF
ABFS,10ABFS,F,SM,00,20,14,42.00,392,86.00,85.00,6.280000,1.280000,0.00,cifi0007.DBF
ABFS,10ABFS,F,SM,00,20,15,47.00,418,95.00,94.00,6.280000,1.280000,0.00,cifi0007.DBF
ABFS,10ABFS,F,SM,00,20,16,53.00,448,104.00,103.00,6.280000,1.280000,0.00,cifi0007.DBF
ABFS,10ABFS,F,SM,00,20,17,60.00,484,113.00,112.00,6.280000,1.280000,0.00,cifi0007.DBF
ABFS,10ABFS,F,SM,00,20,18,66.00,507,122.00,121.00,6.280000,1.280000,0.00,cifi0007.DBF
ABFS,10ABFS,F,SM,00,20,19,73.00,535,132.00,130.00,6.280000,1.280000,0.00,cifi0007.DBF
ABFS,10ABFS,F,SM,00,20,20,80.00,559,142.00,140.00,6.280000,1.280000,0.00,cifi0007.DBF
ABFS,10ABFS,F,SM,00,20,21,87.00,581,152.00,150.00,6.280000,1.280000,0.00,cifi0007.DBF
ABFS,10ABFS,F,SM,00,20,22,95.00,606,162.00,160.00,6.280000,1.280000,0.00,cifi0007.DBF
ABFS,10ABFS,F,SM,00,20,23,102.00,623,172.00,170.00,6.280000,1.280000,0.00,cifi0007.DBF
ABFS,10ABFS,F,SM,00,20,24,110.00,642,183.00,181.00,6.280000,1.280000,0.00,cifi0007.DBF
ABFS,10ABFS,F,SM,00,20,25,118.00,660,194.00,192.00,6.280000,1.280000,0.00,cifi0007.DBF
ABFS,10ABFS,F,SM,00,20,26,127.00,680,205.00,203.00,6.280000,1.280000,0.00,cifi0007.DBF
ABFS,10ABFS,F,SM,00,20,27,136.00,698,216.00,214.00,6.280000,1.280000,0.00,cifi0007.DBF
ABFS,10ABFS,F,SM,00,20,28,145.00,713,228.00,225.00,6.280000,1.280000,0.00,cifi0007.DBF
ABFS,10ABFS,F,SM,00,20,29,154.00,726,240.00,237.00,6.280000,1.280000,0.00,cifi0007.DBF
ABFS,10ABFS,F,SM,00,20,30,164.00,742,252.00,249.00,6.280000,1.280000,0.00,cifi0007.DBF
ABFS,10ABFS,F,SM,00,20,31,174.00,755,264.00,261.00,6.280000,1.280000,0.00,cifi0007.DBF
ABFS,10ABFS,F,SM,00,20,32,184.00,766,277.00,274.00,6.280000,1.280000,0.00,cifi0007.DBF
ABFS,10ABFS,F,SM,00,20,33,195.00,780,290.00,287.00,6.280000,1.280000,0.00,cifi0007.DBF
ABFS,10ABFS,F,SM,00,20,34,206.00,791,303.00,300.00,6.280000,1.280000,0.00,cifi0007.DBF
ABFS,10ABFS,F,SM,00,20,35,217.00,801,316.00,313.00,6.280000,1.280000,0.00,cifi0007.DBF
ABFS,10ABFS,F,SM,00,20,36,229.00,813,329.00,326.00,6.280000,1.280000,0.00,cifi0007.DBF
ABFS,10ABFS,F,SM,00,20,37,241.00,823,343.00,339.00,6.280000,1.280000,0.00,cifi0007.DBF
ABFS,10ABFS,F,SM,00,20,38,254.00,834,357.00,353.00,6.280000,1.280000,0.00,cifi0007.DBF
ABFS,10ABFS,F,SM,00,20,39,267.00,843,372.00,368.00,6.280000,1.280000,0.00,cifi0007.DBF
ABFS,10ABFS,F,SM,00,20,40,280.00,850,387.00,383.00,6.280000,1.280000,0.00,cifi0007.DBF
ABFS,10ABFS,F,SM,00,20,41,294.00,858,402.00,398.00,6.280000,1.280000,0.00,cifi0007.DBF
ABFS,10ABFS,F,SM,00,20,42,309.00,867,418.00,413.00,6.280000,1.280000,0.00,cifi0007.DBF
ABFS,10ABFS,F,SM,00,20,43,324.00,875,434.00,429.00,6.280000,1.280000,0.00,cifi0007.DBF
ABFS,10ABFS,F,SM,00,20,44,340.00,884,450.00,445.00,6.280000,1.280000,0.00,cifi0007.DBF
ABFS,10ABFS,F,SM,00,20,45,355.00,889,466.00,461.00,6.280000,1.280000,0.00,cifi0007.DBF
ABFS,10ABFS,F,SM,00,20,46,371.00,896,482.00,477.00,6.280000,1.280000,0.00,cifi0007.DBF
ABFS,10ABFS,F,SM,00,20,47,388.00,904,499.00,494.00,6.280000,1.280000,0.00,cifi0007.DBF
ABFS,10ABFS,F,SM,00,20,48,404.00,909,515.00,510.00,6.280000,1.280000,0.00,cifi0007.DBF
ABFS,10ABFS,F,SM,00,20,49,421.00,914,532.00,527.00,6.280000,1.280000,0.00,cifi0007.DBF
ABFS,10ABFS,F,SM,00,20,50,439.00,921,549.00,544.00,6.280000,1.280000,0.00,cifi0007.DBF
ABFS,10ABFS,F,SM,00,20,51,457.00,926,566.00,561.00,6.280000,1.280000,0.00,cifi0007.DBF
ABFS,10ABFS,F,SM,00,20,52,475.00,930,584.00,578.00,6.280000,1.280000,0.00,cifi0007.DBF
ABFS,10ABFS,F,SM,00,20,53,494.00,935,601.00,596.00,6.280000,1.280000,0.00,cifi0007.DBF
ABFS,10ABFS,F,SM,00,20,54,513.00,940,618.00,613.00,6.280000,1.280000,0.00,cifi0007.DBF
ABFS,10ABFS,F,SM,00,20,55,531.00,943,635.00,630.00,6.280000,1.280000,0.00,cifi0007.DBF
ABFS,10ABFS,F,SM,00,20,56,550.00,948,652.00,647.00,6.280000,1.280000,0.00,cifi0007.DBF
ABFS,10ABFS,F,SM,00,20,57,568.00,952,668.00,663.00,6.280000,1.280000,0.00,cifi0007.DBF
ABFS,10ABFS,F,SM,00,20,58,585.00,954,683.00,679.00,6.280000,1.280000,0.00,cifi0007.DBF
ABFS,10ABFS,F,SM,00,20,59,603.00,957,699.00,694.00,6.280000,1.280000,0.00,cifi0007.DBF
ABFS,10ABFS,F,SM,00,20,60,621.00,961,714.00,710.00,6.280000,1.280000,0.00,cifi0007.DBF
ABFS,10ABFS,F,SM,00,20,61,638.00,963,729.00,725.00,6.280000,1.280000,0.00,cifi0007.DBF
ABFS,10ABFS,F,SM,00,20,62,656.00,966,743.00,739.00,6.280000,1.280000,0.00,cifi0007.DBF
ABFS,10ABFS,F,SM,00,20,63,673.00,969,758.00,754.00,6.280000,1.280000,0.00,cifi0007.DBF
ABFS,10ABFS,F,SM,00,20,64,689.00,971,771.00,768.00,6.280000,1.280000,0.00,cifi0007.DBF
ABFS,10ABFS,F,SM,00,20,65,705.00,973,784.00,781.00,6.280000,1.280000,0.00,cifi0007.DBF
ABFS,10ABFS,F,SM,00,20,66,720.00,975,796.00,793.00,6.280000,1.280000,0.00,cifi0007.DBF
ABFS,10ABFS,F,SM,00,20,67,735.00,977,808.00,805.00,6.280000,1.280000,0.00,cifi0007.DBF
ABFS,10ABFS,F,SM,00,20,68,749.00,979,819.00,817.00,6.280000,1.280000,0.00,cifi0007.DBF
ABFS,10ABFS,F,SM,00,20,69,762.00,980,829.00,827.00,6.280000,1.280000,0.00,cifi0007.DBF
ABFS,10ABFS,F,SM,00,20,70,776.00,981,840.00,838.00,6.280000,1.280000,0.00,cifi0007.DBF
ABFS,10ABFS,F,SM,00,20,71,790.00,983,850.00,848.00,6.280000,1.280000,0.00,cifi0007.DBF
ABFS,10ABFS,F,SM,00,20,72,804.00,985,860.00,858.00,6.280000,1.280000,0.00,cifi0007.DBF
ABFS,10ABFS,F,SM,00,20,73,819.00,986,871.00,869.00,6.280000,1.280000,0.00,cifi0007.DBF
ABFS,10ABFS,F,SM,00,20,74,835.00,988,883.00,880.00,6.280000,1.280000,0.00,cifi0007.DBF
ABFS,10ABFS,F,SM,00,20,75,852.00,989,896.00,893.00,6.280000,1.280000,0.00,cifi0007.DBF
ABFS,10ABFS,F,SM,00,20,76,871.00,990,909.00,906.00,6.280000,1.280000,0.00,cifi0007.DBF
ABFS,10ABFS,F,SM,00,20,77,892.00,993,924.00,920.00,6.280000,1.280000,0.00,cifi0007.DBF
ABFS,10ABFS,F,SM,00,20,78,914.00,995,939.00,935.00,6.280000,1.280000,0.00,cifi0007.DBF
ABFS,10ABFS,F,SM,00,20,79,935.00,996,951.00,948.00,6.280000,1.280000,0.00,cifi0007.DBF
ABFS,10ABFS,F,SM,00,21,1,0.00,0,0.00,1.00,6.540000,1.300000,0.00,cifi0007.DBF
ABFS,10ABFS,F,SM,00,21,2,0.00,0,5.00,6.00,6.540000,1.300000,0.00,cifi0007.DBF
ABFS,10ABFS,F,SM,00,21,3,0.00,0,11.00,11.00,6.540000,1.300000,0.00,cifi0007.DBF
ABFS,10ABFS,F,SM,00,21,4,0.00,0,17.00,17.00,6.540000,1.300000,0.00,cifi0007.DBF
ABFS,10ABFS,F,SM,00,21,5,2.00,28,23.00,23.00,6.540000,1.300000,0.00,cifi0007.DBF
ABFS,10ABFS,F,SM,00,21,6,6.00,79,30.00,30.00,6.540000,1.300000,0.00,cifi0007.DBF
ABFS,10ABFS,F,SM,00,21,7,10.00,125,36.00,36.00,6.540000,1.300000,0.00,cifi0007.DBF
ABFS,10ABFS,F,SM,00,21,8,14.00,166,43.00,43.00,6.540000,1.300000,0.00,cifi0007.DBF
ABFS,10ABFS,F,SM,00,21,9,18.00,204,50.00,50.00,6.540000,1.300000,0.00,cifi0007.DBF
ABFS,10ABFS,F,SM,00,21,10,23.00,248,58.00,57.00,6.540000,1.300000,0.00,cifi0007.DBF
ABFS,10ABFS,F,SM,00,21,11,28.00,288,65.00,65.00,6.540000,1.300000,0.00,cifi0007.DBF
ABFS,10ABFS,F,SM,00,21,12,33.00,323,73.00,72.00,6.540000,1.300000,0.00,cifi0007.DBF
ABFS,10ABFS,F,SM,00,21,13,39.00,364,82.00,81.00,6.540000,1.300000,0.00,cifi0007.DBF
ABFS,10ABFS,F,SM,00,21,14,44.00,391,90.00,89.00,6.540000,1.300000,0.00,cifi0007.DBF
ABFS,10ABFS,F,SM,00,21,15,51.00,432,99.00,98.00,6.540000,1.300000,0.00,cifi0007.DBF
ABFS,10ABFS,F,SM,00,21,16,57.00,459,108.00,107.00,6.540000,1.300000,0.00,cifi0007.DBF
ABFS,10ABFS,F,SM,00,21,17,63.00,484,118.00,116.00,6.540000,1.300000,0.00,cifi0007.DBF
ABFS,10ABFS,F,SM,00,21,18,70.00,513,127.00,126.00,6.540000,1.300000,0.00,cifi0007.DBF
ABFS,10ABFS,F,SM,00,21,19,77.00,538,137.00,135.00,6.540000,1.300000,0.00,cifi0007.DBF
ABFS,10ABFS,F,SM,00,21,20,85.00,568,147.00,145.00,6.540000,1.300000,0.00,cifi0007.DBF
ABFS,10ABFS,F,SM,00,21,21,92.00,587,158.00,156.00,6.540000,1.300000,0.00,cifi0007.DBF
ABFS,10ABFS,F,SM,00,21,22,100.00,610,168.00,166.00,6.540000,1.300000,0.00,cifi0007.DBF
ABFS,10ABFS,F,SM,00,21,23,108.00,631,179.00,177.00,6.540000,1.300000,0.00,cifi0007.DBF
ABFS,10ABFS,F,SM,00,21,24,116.00,649,190.00,188.00,6.540000,1.300000,0.00,cifi0007.DBF
ABFS,10ABFS,F,SM,00,21,25,124.00,664,201.00,199.00,6.540000,1.300000,0.00,cifi0007.DBF
ABFS,10ABFS,F,SM,00,21,26,133.00,683,212.00,210.00,6.540000,1.300000,0.00,cifi0007.DBF
ABFS,10ABFS,F,SM,00,21,27,142.00,698,224.00,221.00,6.540000,1.300000,0.00,cifi0007.DBF
ABFS,10ABFS,F,SM,00,21,28,152.00,717,236.00,233.00,6.540000,1.300000,0.00,cifi0007.DBF
ABFS,10ABFS,F,SM,00,21,29,161.00,728,248.00,245.00,6.540000,1.300000,0.00,cifi0007.DBF
ABFS,10ABFS,F,SM,00,21,30,172.00,746,260.00,257.00,6.540000,1.300000,0.00,cifi0007.DBF
ABFS,10ABFS,F,SM,00,21,31,182.00,758,273.00,270.00,6.540000,1.300000,0.00,cifi0007.DBF
ABFS,10ABFS,F,SM,00,21,32,193.00,772,286.00,283.00,6.540000,1.300000,0.00,cifi0007.DBF
ABFS,10ABFS,F,SM,00,21,33,204.00,784,299.00,296.00,6.540000,1.300000,0.00,cifi0007.DBF
ABFS,10ABFS,F,SM,00,21,34,215.00,794,312.00,309.00,6.540000,1.300000,0.00,cifi0007.DBF
ABFS,10ABFS,F,SM,00,21,35,227.00,806,326.00,322.00,6.540000,1.300000,0.00,cifi0007.DBF
ABFS,10ABFS,F,SM,00,21,36,239.00,816,340.00,336.00,6.540000,1.300000,0.00,cifi0007.DBF
ABFS,10ABFS,F,SM,00,21,37,251.00,824,354.00,350.00,6.540000,1.300000,0.00,cifi0007.DBF
ABFS,10ABFS,F,SM,00,21,38,265.00,837,369.00,365.00,6.540000,1.300000,0.00,cifi0007.DBF
ABFS,10ABFS,F,SM,00,21,39,278.00,844,384.00,380.00,6.540000,1.300000,0.00,cifi0007.DBF
ABFS,10ABFS,F,SM,00,21,40,292.00,852,399.00,395.00,6.540000,1.300000,0.00,cifi0007.DBF
ABFS,10ABFS,F,SM,00,21,41,307.00,862,415.00,410.00,6.540000,1.300000,0.00,cifi0007.DBF
ABFS,10ABFS,F,SM,00,21,42,322.00,869,431.00,426.00,6.540000,1.300000,0.00,cifi0007.DBF
ABFS,10ABFS,F,SM,00,21,43,338.00,878,447.00,442.00,6.540000,1.300000,0.00,cifi0007.DBF
ABFS,10ABFS,F,SM,00,21,44,354.00,886,463.00,458.00,6.540000,1.300000,0.00,cifi0007.DBF
ABFS,10ABFS,F,SM,00,21,45,370.00,893,480.00,475.00,6.540000,1.300000,0.00,cifi0007.DBF
ABFS,10ABFS,F,SM,00,21,46,386.00,899,496.00,491.00,6.540000,1.300000,0.00,cifi0007.DBF
ABFS,10ABFS,F,SM,00,21,47,402.00,904,513.00,508.00,6.540000,1.300000,0.00,cifi0007.DBF
ABFS,10ABFS,F,SM,00,21,48,419.00,910,529.00,524.00,6.540000,1.300000,0.00,cifi0007.DBF
ABFS,10ABFS,F,SM,00,21,49,437.00,916,546.00,541.00,6.540000,1.300000,0.00,cifi0007.DBF
ABFS,10ABFS,F,SM,00,21,50,455.00,922,564.00,558.00,6.540000,1.300000,0.00,cifi0007.DBF
ABFS,10ABFS,F,SM,00,21,51,474.00,928,581.00,576.00,6.540000,1.300000,0.00,cifi0007.DBF
ABFS,10ABFS,F,SM,00,21,52,493.00,933,599.00,593.00,6.540000,1.300000,0.00,cifi0007.DBF
ABFS,10ABFS,F,SM,00,21,53,511.00,936,616.00,611.00,6.540000,1.300000,0.00,cifi0007.DBF
ABFS,10ABFS,F,SM,00,21,54,530.00,941,633.00,628.00,6.540000,1.300000,0.00,cifi0007.DBF
ABFS,10ABFS,F,SM,00,21,55,548.00,945,650.00,645.00,6.540000,1.300000,0.00,cifi0007.DBF
ABFS,10ABFS,F,SM,00,21,56,566.00,948,666.00,661.00,6.540000,1.300000,0.00,cifi0007.DBF
ABFS,10ABFS,F,SM,00,21,57,584.00,952,682.00,677.00,6.540000,1.300000,0.00,cifi0007.DBF
ABFS,10ABFS,F,SM,00,21,58,602.00,956,697.00,693.00,6.540000,1.300000,0.00,cifi0007.DBF
ABFS,10ABFS,F,SM,00,21,59,620.00,959,712.00,708.00,6.540000,1.300000,0.00,cifi0007.DBF
ABFS,10ABFS,F,SM,00,21,60,637.00,961,727.00,723.00,6.540000,1.300000,0.00,cifi0007.DBF
ABFS,10ABFS,F,SM,00,21,61,655.00,965,742.00,738.00,6.540000,1.300000,0.00,cifi0007.DBF
ABFS,10ABFS,F,SM,00,21,62,672.00,968,756.00,752.00,6.540000,1.300000,0.00,cifi0007.DBF
ABFS,10ABFS,F,SM,00,21,63,688.00,969,770.00,766.00,6.540000,1.300000,0.00,cifi0007.DBF
ABFS,10ABFS,F,SM,00,21,64,704.00,972,783.00,780.00,6.540000,1.300000,0.00,cifi0007.DBF
ABFS,10ABFS,F,SM,00,21,65,719.00,973,795.00,792.00,6.540000,1.300000,0.00,cifi0007.DBF
ABFS,10ABFS,F,SM,00,21,66,734.00,976,807.00,804.00,6.540000,1.300000,0.00,cifi0007.DBF
ABFS,10ABFS,F,SM,00,21,67,748.00,977,818.00,816.00,6.540000,1.300000,0.00,cifi0007.DBF
ABFS,10ABFS,F,SM,00,21,68,762.00,980,828.00,826.00,6.540000,1.300000,0.00,cifi0007.DBF
ABFS,10ABFS,F,SM,00,21,69,775.00,980,839.00,837.00,6.540000,1.300000,0.00,cifi0007.DBF
ABFS,10ABFS,F,SM,00,21,70,789.00,982,849.00,847.00,6.540000,1.300000,0.00,cifi0007.DBF
ABFS,10ABFS,F,SM,00,21,71,803.00,983,860.00,858.00,6.540000,1.300000,0.00,cifi0007.DBF
ABFS,10ABFS,F,SM,00,21,72,818.00,985,871.00,869.00,6.540000,1.300000,0.00,cifi0007.DBF
ABFS,10ABFS,F,SM,00,21,73,834.00,987,882.00,880.00,6.540000,1.300000,0.00,cifi0007.DBF
ABFS,10ABFS,F,SM,00,21,74,852.00,989,895.00,892.00,6.540000,1.300000,0.00,cifi0007.DBF
ABFS,10ABFS,F,SM,00,21,75,871.00,990,909.00,905.00,6.540000,1.300000,0.00,cifi0007.DBF
ABFS,10ABFS,F,SM,00,21,76,892.00,993,924.00,920.00,6.540000,1.300000,0.00,cifi0007.DBF
ABFS,10ABFS,F,SM,00,21,77,913.00,994,939.00,935.00,6.540000,1.300000,0.00,cifi0007.DBF
ABFS,10ABFS,F,SM,00,21,78,935.00,996,950.00,948.00,6.540000,1.300000,0.00,cifi0007.DBF
ABFS,10ABFS,F,SM,00,22,1,0.00,0,0.00,1.00,6.820000,1.330000,0.00,cifi0007.DBF
ABFS,10ABFS,F,SM,00,22,2,0.00,0,6.00,6.00,6.820000,1.330000,0.00,cifi0007.DBF
ABFS,10ABFS,F,SM,00,22,3,0.00,0,12.00,12.00,6.820000,1.330000,0.00,cifi0007.DBF
ABFS,10ABFS,F,SM,00,22,4,0.00,0,18.00,18.00,6.820000,1.330000,0.00,cifi0007.DBF
ABFS,10ABFS,F,SM,00,22,5,3.00,40,24.00,24.00,6.820000,1.330000,0.00,cifi0007.DBF
ABFS,10ABFS,F,SM,00,22,6,7.00,87,31.00,31.00,6.820000,1.330000,0.00,cifi0007.DBF
ABFS,10ABFS,F,SM,00,22,7,11.00,131,38.00,38.00,6.820000,1.330000,0.00,cifi0007.DBF
ABFS,10ABFS,F,SM,00,22,8,15.00,170,45.00,45.00,6.820000,1.330000,0.00,cifi0007.DBF
ABFS,10ABFS,F,SM,00,22,9,20.00,216,53.00,52.00,6.820000,1.330000,0.00,cifi0007.DBF
ABFS,10ABFS,F,SM,00,22,10,25.00,257,60.00,60.00,6.820000,1.330000,0.00,cifi0007.DBF
ABFS,10ABFS,F,SM,00,22,11,30.00,294,68.00,67.00,6.820000,1.330000,0.00,cifi0007.DBF
ABFS,10ABFS,F,SM,00,22,12,36.00,336,77.00,76.00,6.820000,1.330000,0.00,cifi0007.DBF
ABFS,10ABFS,F,SM,00,22,13,42.00,373,85.00,84.00,6.820000,1.330000,0.00,cifi0007.DBF
ABFS,10ABFS,F,SM,00,22,14,48.00,406,94.00,93.00,6.820000,1.330000,0.00,cifi0007.DBF
ABFS,10ABFS,F,SM,00,22,15,54.00,435,103.00,102.00,6.820000,1.330000,0.00,cifi0007.DBF
ABFS,10ABFS,F,SM,00,22,16,61.00,469,113.00,111.00,6.820000,1.330000,0.00,cifi0007.DBF
ABFS,10ABFS,F,SM,00,22,17,67.00,491,123.00,121.00,6.820000,1.330000,0.00,cifi0007.DBF
ABFS,10ABFS,F,SM,00,22,18,74.00,518,132.00,131.00,6.820000,1.330000,0.00,cifi0007.DBF
ABFS,10ABFS,F,SM,00,22,19,82.00,548,143.00,141.00,6.820000,1.330000,0.00,cifi0007.DBF
ABFS,10ABFS,F,SM,00,22,20,89.00,568,153.00,151.00,6.820000,1.330000,0.00,cifi0007.DBF
ABFS,10ABFS,F,SM,00,22,21,97.00,592,163.00,161.00,6.820000,1.330000,0.00,cifi0007.DBF
ABFS,10ABFS,F,SM,00,22,22,105.00,613,174.00,172.00,6.820000,1.330000,0.00,cifi0007.DBF
ABFS,10ABFS,F,SM,00,22,23,113.00,632,185.00,183.00,6.820000,1.330000,0.00,cifi0007.DBF
ABFS,10ABFS,F,SM,00,22,24,122.00,653,196.00,194.00,6.820000,1.330000,0.00,cifi0007.DBF
ABFS,10ABFS,F,SM,00,22,25,130.00,667,208.00,205.00,6.820000,1.330000,0.00,cifi0007.DBF
ABFS,10ABFS,F,SM,00,22,26,140.00,689,219.00,217.00,6.820000,1.330000,0.00,cifi0007.DBF
ABFS,10ABFS,F,SM,00,22,27,149.00,703,231.00,228.00,6.820000,1.330000,0.00,cifi0007.DBF
ABFS,10ABFS,F,SM,00,22,28,159.00,719,244.00,241.00,6.820000,1.330000,0.00,cifi0007.DBF
ABFS,10ABFS,F,SM,00,22,29,169.00,733,256.00,253.00,6.820000,1.330000,0.00,cifi0007.DBF
ABFS,10ABFS,F,SM,00,22,30,179.00,745,269.00,266.00,6.820000,1.330000,0.00,cifi0007.DBF
ABFS,10ABFS,F,SM,00,22,31,190.00,760,282.00,279.00,6.820000,1.330000,0.00,cifi0007.DBF
ABFS,10ABFS,F,SM,00,22,32,201.00,772,295.00,292.00,6.820000,1.330000,0.00,cifi0007.DBF
ABFS,10ABFS,F,SM,00,22,33,213.00,786,309.00,305.00,6.820000,1.330000,0.00,cifi0007.DBF
ABFS,10ABFS,F,SM,00,22,34,224.00,795,322.00,319.00,6.820000,1.330000,0.00,cifi0007.DBF
ABFS,10ABFS,F,SM,00,22,35,237.00,809,336.00,332.00,6.820000,1.330000,0.00,cifi0007.DBF
ABFS,10ABFS,F,SM,00,22,36,249.00,817,350.00,346.00,6.820000,1.330000,0.00,cifi0007.DBF
ABFS,10ABFS,F,SM,00,22,37,262.00,827,365.00,361.00,6.820000,1.330000,0.00,cifi0007.DBF
ABFS,10ABFS,F,SM,00,22,38,276.00,838,380.00,376.00,6.820000,1.330000,0.00,cifi0007.DBF
ABFS,10ABFS,F,SM,00,22,39,290.00,846,396.00,391.00,6.820000,1.330000,0.00,cifi0007.DBF
ABFS,10ABFS,F,SM,00,22,40,305.00,856,412.00,407.00,6.820000,1.330000,0.00,cifi0007.DBF
ABFS,10ABFS,F,SM,00,22,41,320.00,864,428.00,423.00,6.820000,1.330000,0.00,cifi0007.DBF
ABFS,10ABFS,F,SM,00,22,42,336.00,873,444.00,439.00,6.820000,1.330000,0.00,cifi0007.DBF
ABFS,10ABFS,F,SM,00,22,43,352.00,881,460.00,455.00,6.820000,1.330000,0.00,cifi0007.DBF
ABFS,10ABFS,F,SM,00,22,44,368.00,888,477.00,472.00,6.820000,1.330000,0.00,cifi0007.DBF
ABFS,10ABFS,F,SM,00,22,45,384.00,895,493.00,488.00,6.820000,1.330000,0.00,cifi0007.DBF
ABFS,10ABFS,F,SM,00,22,46,401.00,902,510.00,505.00,6.820000,1.330000,0.00,cifi0007.DBF
ABFS,10ABFS,F,SM,00,22,47,418.00,908,527.00,522.00,6.820000,1.330000,0.00,cifi0007.DBF
ABFS,10ABFS,F,SM,00,22,48,435.00,912,544.00,539.00,6.820000,1.330000,0.00,cifi0007.DBF
ABFS,10ABFS,F,SM,00,22,49,454.00,920,561.00,556.00,6.820000,1.330000,0.00,cifi0007.DBF
ABFS,10ABFS,F,SM,00,22,50,472.00,924,579.00,573.00,6.820000,1.330000,0.00,cifi0007.DBF
ABFS,10ABFS,F,SM,00,22,51,491.00,929,597.00,591.00,6.820000,1.330000,0.00,cifi0007.DBF
ABFS,10ABFS,F,SM,00,22,52,510.00,935,614.00,609.00,6.820000,1.330000,0.00,cifi0007.DBF
ABFS,10ABFS,F,SM,00,22,53,528.00,938,631.00,626.00,6.820000,1.330000,0.00,cifi0007.DBF
ABFS,10ABFS,F,SM,00,22,54,547.00,943,648.00,643.00,6.820000,1.330000,0.00,cifi0007.DBF
ABFS,10ABFS,F,SM,00,22,55,565.00,947,664.00,659.00,6.820000,1.330000,0.00,cifi0007.DBF
ABFS,10ABFS,F,SM,00,22,56,583.00,950,680.00,675.00,6.820000,1.330000,0.00,cifi0007.DBF
ABFS,10ABFS,F,SM,00,22,57,601.00,954,695.00,691.00,6.820000,1.330000,0.00,cifi0007.DBF
ABFS,10ABFS,F,SM,00,22,58,619.00,958,711.00,706.00,6.820000,1.330000,0.00,cifi0007.DBF
ABFS,10ABFS,F,SM,00,22,59,636.00,960,726.00,722.00,6.820000,1.330000,0.00,cifi0007.DBF
ABFS,10ABFS,F,SM,00,22,60,654.00,964,741.00,737.00,6.820000,1.330000,0.00,cifi0007.DBF
ABFS,10ABFS,F,SM,00,22,61,671.00,966,755.00,751.00,6.820000,1.330000,0.00,cifi0007.DBF
ABFS,10ABFS,F,SM,00,22,62,687.00,968,769.00,765.00,6.820000,1.330000,0.00,cifi0007.DBF
ABFS,10ABFS,F,SM,00,22,63,703.00,970,782.00,779.00,6.820000,1.330000,0.00,cifi0007.DBF
ABFS,10ABFS,F,SM,00,22,64,718.00,972,794.00,791.00,6.820000,1.330000,0.00,cifi0007.DBF
ABFS,10ABFS,F,SM,00,22,65,733.00,975,805.00,803.00,6.820000,1.330000,0.00,cifi0007.DBF
ABFS,10ABFS,F,SM,00,22,66,747.00,976,817.00,814.00,6.820000,1.330000,0.00,cifi0007.DBF
ABFS,10ABFS,F,SM,00,22,67,761.00,978,827.00,825.00,6.820000,1.330000,0.00,cifi0007.DBF
ABFS,10ABFS,F,SM,00,22,68,775.00,980,838.00,836.00,6.820000,1.330000,0.00,cifi0007.DBF
ABFS,10ABFS,F,SM,00,22,69,789.00,982,848.00,846.00,6.820000,1.330000,0.00,cifi0007.DBF
ABFS,10ABFS,F,SM,00,22,70,803.00,983,859.00,857.00,6.820000,1.330000,0.00,cifi0007.DBF
ABFS,10ABFS,F,SM,00,22,71,818.00,985,870.00,868.00,6.820000,1.330000,0.00,cifi0007.DBF
ABFS,10ABFS,F,SM,00,22,72,834.00,987,882.00,879.00,6.820000,1.330000,0.00,cifi0007.DBF
ABFS,10ABFS,F,SM,00,22,73,851.00,988,895.00,892.00,6.820000,1.330000,0.00,cifi0007.DBF
ABFS,10ABFS,F,SM,00,22,74,871.00,990,908.00,905.00,6.820000,1.330000,0.00,cifi0007.DBF
ABFS,10ABFS,F,SM,00,22,75,892.00,993,923.00,919.00,6.820000,1.330000,0.00,cifi0007.DBF
ABFS,10ABFS,F,SM,00,22,76,913.00,994,938.00,934.00,6.820000,1.330000,0.00,cifi0007.DBF
ABFS,10ABFS,F,SM,00,22,77,935.00,996,950.00,947.00,6.820000,1.330000,0.00,cifi0007.DBF
ABFS,10ABFS,F,SM,00,23,1,0.00,0,0.00,1.00,7.100000,1.350000,0.00,cifi0007.DBF
ABFS,10ABFS,F,SM,00,23,2,0.00,0,6.00,7.00,7.100000,1.350000,0.00,cifi0007.DBF
ABFS,10ABFS,F,SM,00,23,3,0.00,0,12.00,13.00,7.100000,1.350000,0.00,cifi0007.DBF
ABFS,10ABFS,F,SM,00,23,4,0.00,0,19.00,19.00,7.100000,1.350000,0.00,cifi0007.DBF
ABFS,10ABFS,F,SM,00,23,5,3.00,38,25.00,26.00,7.100000,1.350000,0.00,cifi0007.DBF
ABFS,10ABFS,F,SM,00,23,6,8.00,95,32.00,32.00,7.100000,1.350000,0.00,cifi0007.DBF
ABFS,10ABFS,F,SM,00,23,7,12.00,136,40.00,40.00,7.100000,1.350000,0.00,cifi0007.DBF
ABFS,10ABFS,F,SM,00,23,8,17.00,184,47.00,47.00,7.100000,1.350000,0.00,cifi0007.DBF
ABFS,10ABFS,F,SM,00,23,9,22.00,226,55.00,55.00,7.100000,1.350000,0.00,cifi0007.DBF
ABFS,10ABFS,F,SM,00,23,10,27.00,264,63.00,63.00,7.100000,1.350000,0.00,cifi0007.DBF
ABFS,10ABFS,F,SM,00,23,11,33.00,308,71.00,71.00,7.100000,1.350000,0.00,cifi0007.DBF
ABFS,10ABFS,F,SM,00,23,12,38.00,338,80.00,79.00,7.100000,1.350000,0.00,cifi0007.DBF
ABFS,10ABFS,F,SM,00,23,13,45.00,381,89.00,88.00,7.100000,1.350000,0.00,cifi0007.DBF
ABFS,10ABFS,F,SM,00,23,14,51.00,411,98.00,97.00,7.100000,1.350000,0.00,cifi0007.DBF
ABFS,10ABFS,F,SM,00,23,15,57.00,438,108.00,107.00,7.100000,1.350000,0.00,cifi0007.DBF
ABFS,10ABFS,F,SM,00,23,16,64.00,469,118.00,117.00,7.100000,1.350000,0.00,cifi0007.DBF
ABFS,10ABFS,F,SM,00,23,17,71.00,497,127.00,126.00,7.100000,1.350000,0.00,cifi0007.DBF
ABFS,10ABFS,F,SM,00,23,18,79.00,528,138.00,136.00,7.100000,1.350000,0.00,cifi0007.DBF
ABFS,10ABFS,F,SM,00,23,19,86.00,549,148.00,147.00,7.100000,1.350000,0.00,cifi0007.DBF
ABFS,10ABFS,F,SM,00,23,20,94.00,574,159.00,157.00,7.100000,1.350000,0.00,cifi0007.DBF
ABFS,10ABFS,F,SM,00,23,21,102.00,596,169.00,168.00,7.100000,1.350000,0.00,cifi0007.DBF
ABFS,10ABFS,F,SM,00,23,22,110.00,615,180.00,178.00,7.100000,1.350000,0.00,cifi0007.DBF
ABFS,10ABFS,F,SM,00,23,23,119.00,637,192.00,190.00,7.100000,1.350000,0.00,cifi0007.DBF
ABFS,10ABFS,F,SM,00,23,24,128.00,657,203.00,201.00,7.100000,1.350000,0.00,cifi0007.DBF
ABFS,10ABFS,F,SM,00,23,25,137.00,674,215.00,213.00,7.100000,1.350000,0.00,cifi0007.DBF
ABFS,10ABFS,F,SM,00,23,26,146.00,689,227.00,225.00,7.100000,1.350000,0.00,cifi0007.DBF
ABFS,10ABFS,F,SM,00,23,27,156.00,706,239.00,237.00,7.100000,1.350000,0.00,cifi0007.DBF
ABFS,10ABFS,F,SM,00,23,28,166.00,720,252.00,249.00,7.100000,1.350000,0.00,cifi0007.DBF
ABFS,10ABFS,F,SM,00,23,29,177.00,737,265.00,262.00,7.100000,1.350000,0.00,cifi0007.DBF
ABFS,10ABFS,F,SM,00,23,30,188.00,752,278.00,275.00,7.100000,1.350000,0.00,cifi0007.DBF
ABFS,10ABFS,F,SM,00,23,31,199.00,764,291.00,288.00,7.100000,1.350000,0.00,cifi0007.DBF
ABFS,10ABFS,F,SM,00,23,32,210.00,775,305.00,302.00,7.100000,1.350000,0.00,cifi0007.DBF
ABFS,10ABFS,F,SM,00,23,33,222.00,788,318.00,315.00,7.100000,1.350000,0.00,cifi0007.DBF
ABFS,10ABFS,F,SM,00,23,34,234.00,799,332.00,329.00,7.100000,1.350000,0.00,cifi0007.DBF
ABFS,10ABFS,F,SM,00,23,35,247.00,811,347.00,343.00,7.100000,1.350000,0.00,cifi0007.DBF
ABFS,10ABFS,F,SM,00,23,36,260.00,821,361.00,358.00,7.100000,1.350000,0.00,cifi0007.DBF
ABFS,10ABFS,F,SM,00,23,37,274.00,832,377.00,373.00,7.100000,1.350000,0.00,cifi0007.DBF
ABFS,10ABFS,F,SM,00,23,38,288.00,841,392.00,388.00,7.100000,1.350000,0.00,cifi0007.DBF
ABFS,10ABFS,F,SM,00,23,39,303.00,850,408.00,404.00,7.100000,1.350000,0.00,cifi0007.DBF
ABFS,10ABFS,F,SM,00,23,40,318.00,859,425.00,420.00,7.100000,1.350000,0.00,cifi0007.DBF
ABFS,10ABFS,F,SM,00,23,41,334.00,868,441.00,437.00,7.100000,1.350000,0.00,cifi0007.DBF
ABFS,10ABFS,F,SM,00,23,42,350.00,876,457.00,453.00,7.100000,1.350000,0.00,cifi0007.DBF
ABFS,10ABFS,F,SM,00,23,43,366.00,884,474.00,469.00,7.100000,1.350000,0.00,cifi0007.DBF
ABFS,10ABFS,F,SM,00,23,44,382.00,890,490.00,486.00,7.100000,1.350000,0.00,cifi0007.DBF
ABFS,10ABFS,F,SM,00,23,45,399.00,897,507.00,502.00,7.100000,1.350000,0.00,cifi0007.DBF
ABFS,10ABFS,F,SM,00,23,46,416.00,903,524.00,519.00,7.100000,1.350000,0.00,cifi0007.DBF
ABFS,10ABFS,F,SM,00,23,47,434.00,910,541.00,536.00,7.100000,1.350000,0.00,cifi0007.DBF
ABFS,10ABFS,F,SM,00,23,48,452.00,916,559.00,554.00,7.100000,1.350000,0.00,cifi0007.DBF
ABFS,10ABFS,F,SM,00,23,49,470.00,920,577.00,572.00,7.100000,1.350000,0.00,cifi0007.DBF
ABFS,10ABFS,F,SM,00,23,50,489.00,926,594.00,589.00,7.100000,1.350000,0.00,cifi0007.DBF
ABFS,10ABFS,F,SM,00,23,51,508.00,931,612.00,607.00,7.100000,1.350000,0.00,cifi0007.DBF
ABFS,10ABFS,F,SM,00,23,52,527.00,936,629.00,624.00,7.100000,1.350000,0.00,cifi0007.DBF
ABFS,10ABFS,F,SM,00,23,53,545.00,940,646.00,641.00,7.100000,1.350000,0.00,cifi0007.DBF
ABFS,10ABFS,F,SM,00,23,54,564.00,945,662.00,658.00,7.100000,1.350000,0.00,cifi0007.DBF
ABFS,10ABFS,F,SM,00,23,55,582.00,949,678.00,674.00,7.100000,1.350000,0.00,cifi0007.DBF
ABFS,10ABFS,F,SM,00,23,56,600.00,953,694.00,690.00,7.100000,1.350000,0.00,cifi0007.DBF
ABFS,10ABFS,F,SM,00,23,57,617.00,955,709.00,705.00,7.100000,1.350000,0.00,cifi0007.DBF
ABFS,10ABFS,F,SM,00,23,58,635.00,958,724.00,720.00,7.100000,1.350000,0.00,cifi0007.DBF
ABFS,10ABFS,F,SM,00,23,59,653.00,962,739.00,735.00,7.100000,1.350000,0.00,cifi0007.DBF
ABFS,10ABFS,F,SM,00,23,60,670.00,965,754.00,750.00,7.100000,1.350000,0.00,cifi0007.DBF
ABFS,10ABFS,F,SM,00,23,61,686.00,966,767.00,764.00,7.100000,1.350000,0.00,cifi0007.DBF
ABFS,10ABFS,F,SM,00,23,62,702.00,969,780.00,777.00,7.100000,1.350000,0.00,cifi0007.DBF
ABFS,10ABFS,F,SM,00,23,63,718.00,972,793.00,790.00,7.100000,1.350000,0.00,cifi0007.DBF
ABFS,10ABFS,F,SM,00,23,64,732.00,973,804.00,802.00,7.100000,1.350000,0.00,cifi0007.DBF
ABFS,10ABFS,F,SM,00,23,65,746.00,975,816.00,814.00,7.100000,1.350000,0.00,cifi0007.DBF
ABFS,10ABFS,F,SM,00,23,66,760.00,977,826.00,825.00,7.100000,1.350000,0.00,cifi0007.DBF
ABFS,10ABFS,F,SM,00,23,67,774.00,979,837.00,835.00,7.100000,1.350000,0.00,cifi0007.DBF
ABFS,10ABFS,F,SM,00,23,68,788.00,981,847.00,846.00,7.100000,1.350000,0.00,cifi0007.DBF
ABFS,10ABFS,F,SM,00,23,69,802.00,982,858.00,856.00,7.100000,1.350000,0.00,cifi0007.DBF
ABFS,10ABFS,F,SM,00,23,70,817.00,984,869.00,867.00,7.100000,1.350000,0.00,cifi0007.DBF
ABFS,10ABFS,F,SM,00,23,71,833.00,986,881.00,879.00,7.100000,1.350000,0.00,cifi0007.DBF
ABFS,10ABFS,F,SM,00,23,72,851.00,988,894.00,891.00,7.100000,1.350000,0.00,cifi0007.DBF
ABFS,10ABFS,F,SM,00,23,73,870.00,989,908.00,905.00,7.100000,1.350000,0.00,cifi0007.DBF
ABFS,10ABFS,F,SM,00,23,74,891.00,991,923.00,919.00,7.100000,1.350000,0.00,cifi0007.DBF
ABFS,10ABFS,F,SM,00,23,75,913.00,994,938.00,934.00,7.100000,1.350000,0.00,cifi0007.DBF
ABFS,10ABFS,F,SM,00,23,76,934.00,995,950.00,948.00,7.100000,1.350000,0.00,cifi0007.DBF
ABFS,10ABFS,F,SM,00,24,1,0.00,0,0.00,1.00,7.400000,1.400000,0.00,cifi0007.DBF
ABFS,10ABFS,F,SM,00,24,2,0.00,0,6.00,7.00,7.400000,1.400000,0.00,cifi0007.DBF
ABFS,10ABFS,F,SM,00,24,3,0.00,0,13.00,13.00,7.400000,1.400000,0.00,cifi0007.DBF
ABFS,10ABFS,F,SM,00,24,4,0.00,0,20.00,20.00,7.400000,1.400000,0.00,cifi0007.DBF
ABFS,10ABFS,F,SM,00,24,5,4.00,48,27.00,27.00,7.400000,1.400000,0.00,cifi0007.DBF
ABFS,10ABFS,F,SM,00,24,6,9.00,102,34.00,34.00,7.400000,1.400000,0.00,cifi0007.DBF
ABFS,10ABFS,F,SM,00,24,7,14.00,151,41.00,41.00,7.400000,1.400000,0.00,cifi0007.DBF
ABFS,10ABFS,F,SM,00,24,8,18.00,185,49.00,49.00,7.400000,1.400000,0.00,cifi0007.DBF
ABFS,10ABFS,F,SM,00,24,9,24.00,235,57.00,57.00,7.400000,1.400000,0.00,cifi0007.DBF
ABFS,10ABFS,F,SM,00,24,10,29.00,271,66.00,65.00,7.400000,1.400000,0.00,cifi0007.DBF
ABFS,10ABFS,F,SM,00,24,11,35.00,311,74.00,74.00,7.400000,1.400000,0.00,cifi0007.DBF
ABFS,10ABFS,F,SM,00,24,12,41.00,347,84.00,83.00,7.400000,1.400000,0.00,cifi0007.DBF
ABFS,10ABFS,F,SM,00,24,13,48.00,387,93.00,92.00,7.400000,1.400000,0.00,cifi0007.DBF
ABFS,10ABFS,F,SM,00,24,14,54.00,415,102.00,101.00,7.400000,1.400000,0.00,cifi0007.DBF
ABFS,10ABFS,F,SM,00,24,15,61.00,447,112.00,111.00,7.400000,1.400000,0.00,cifi0007.DBF
ABFS,10ABFS,F,SM,00,24,16,68.00,476,122.00,121.00,7.400000,1.400000,0.00,cifi0007.DBF
ABFS,10ABFS,F,SM,00,24,17,76.00,508,132.00,131.00,7.400000,1.400000,0.00,cifi0007.DBF
ABFS,10ABFS,F,SM,00,24,18,83.00,530,143.00,141.00,7.400000,1.400000,0.00,cifi0007.DBF
ABFS,10ABFS,F,SM,00,24,19,91.00,555,154.00,152.00,7.400000,1.400000,0.00,cifi0007.DBF
ABFS,10ABFS,F,SM,00,24,20,99.00,578,164.00,163.00,7.400000,1.400000,0.00,cifi0007.DBF
ABFS,10ABFS,F,SM,00,24,21,107.00,598,175.00,173.00,7.400000,1.400000,0.00,cifi0007.DBF
ABFS,10ABFS,F,SM,00,24,22,116.00,621,187.00,185.00,7.400000,1.400000,0.00,cifi0007.DBF
ABFS,10ABFS,F,SM,00,24,23,125.00,641,198.00,196.00,7.400000,1.400000,0.00,cifi0007.DBF
ABFS,10ABFS,F,SM,00,24,24,134.00,659,210.00,208.00,7.400000,1.400000,0.00,cifi0007.DBF
ABFS,10ABFS,F,SM,00,24,25,143.00,674,222.00,220.00,7.400000,1.400000,0.00,cifi0007.DBF
ABFS,10ABFS,F,SM,00,24,26,153.00,692,235.00,232.00,7.400000,1.400000,0.00,cifi0007.DBF
ABFS,10ABFS,F,SM,00,24,27,163.00,707,247.00,245.00,7.400000,1.400000,0.00,cifi0007.DBF
ABFS,10ABFS,F,SM,00,24,28,174.00,725,260.00,257.00,7.400000,1.400000,0.00,cifi0007.DBF
ABFS,10ABFS,F,SM,00,24,29,185.00,740,273.00,270.00,7.400000,1.400000,0.00,cifi0007.DBF
ABFS,10ABFS,F,SM,00,24,30,196.00,753,287.00,284.00,7.400000,1.400000,0.00,cifi0007.DBF
ABFS,10ABFS,F,SM,00,24,31,207.00,764,300.00,297.00,7.400000,1.400000,0.00,cifi0007.DBF
ABFS,10ABFS,F,SM,00,24,32,219.00,777,314.00,311.00,7.400000,1.400000,0.00,cifi0007.DBF
ABFS,10ABFS,F,SM,00,24,33,231.00,788,328.00,325.00,7.400000,1.400000,0.00,cifi0007.DBF
ABFS,10ABFS,F,SM,00,24,34,244.00,801,343.00,339.00,7.400000,1.400000,0.00,cifi0007.DBF
ABFS,10ABFS,F,SM,00,24,35,257.00,811,358.00,354.00,7.400000,1.400000,0.00,cifi0007.DBF
ABFS,10ABFS,F,SM,00,24,36,271.00,823,373.00,369.00,7.400000,1.400000,0.00,cifi0007.DBF
ABFS,10ABFS,F,SM,00,24,37,285.00,832,389.00,385.00,7.400000,1.400000,0.00,cifi0007.DBF
ABFS,10ABFS,F,SM,00,24,38,300.00,842,405.00,401.00,7.400000,1.400000,0.00,cifi0007.DBF
ABFS,10ABFS,F,SM,00,24,39,316.00,853,421.00,417.00,7.400000,1.400000,0.00,cifi0007.DBF
ABFS,10ABFS,F,SM,00,24,40,331.00,860,438.00,433.00,7.400000,1.400000,0.00,cifi0007.DBF
ABFS,10ABFS,F,SM,00,24,41,347.00,869,454.00,450.00,7.400000,1.400000,0.00,cifi0007.DBF
ABFS,10ABFS,F,SM,00,24,42,363.00,876,471.00,466.00,7.400000,1.400000,0.00,cifi0007.DBF
ABFS,10ABFS,F,SM,00,24,43,380.00,885,487.00,483.00,7.400000,1.400000,0.00,cifi0007.DBF
ABFS,10ABFS,F,SM,00,24,44,396.00,891,504.00,499.00,7.400000,1.400000,0.00,cifi0007.DBF
ABFS,10ABFS,F,SM,00,24,45,414.00,899,521.00,516.00,7.400000,1.400000,0.00,cifi0007.DBF
ABFS,10ABFS,F,SM,00,24,46,432.00,906,539.00,534.00,7.400000,1.400000,0.00,cifi0007.DBF
ABFS,10ABFS,F,SM,00,24,47,450.00,912,556.00,551.00,7.400000,1.400000,0.00,cifi0007.DBF
ABFS,10ABFS,F,SM,00,24,48,469.00,918,574.00,569.00,7.400000,1.400000,0.00,cifi0007.DBF
ABFS,10ABFS,F,SM,00,24,49,488.00,924,592.00,587.00,7.400000,1.400000,0.00,cifi0007.DBF
ABFS,10ABFS,F,SM,00,24,50,507.00,929,610.00,605.00,7.400000,1.400000,0.00,cifi0007.DBF
ABFS,10ABFS,F,SM,00,24,51,525.00,933,627.00,622.00,7.400000,1.400000,0.00,cifi0007.DBF
ABFS,10ABFS,F,SM,00,24,52,544.00,938,644.00,639.00,7.400000,1.400000,0.00,cifi0007.DBF
ABFS,10ABFS,F,SM,00,24,53,562.00,942,660.00,656.00,7.400000,1.400000,0.00,cifi0007.DBF
ABFS,10ABFS,F,SM,00,24,54,580.00,946,676.00,672.00,7.400000,1.400000,0.00,cifi0007.DBF
ABFS,10ABFS,F,SM,00,24,55,598.00,949,692.00,688.00,7.400000,1.400000,0.00,cifi0007.DBF
ABFS,10ABFS,F,SM,00,24,56,616.00,953,707.00,703.00,7.400000,1.400000,0.00,cifi0007.DBF
ABFS,10ABFS,F,SM,00,24,57,634.00,957,723.00,719.00,7.400000,1.400000,0.00,cifi0007.DBF
ABFS,10ABFS,F,SM,00,24,58,651.00,959,738.00,734.00,7.400000,1.400000,0.00,cifi0007.DBF
ABFS,10ABFS,F,SM,00,24,59,669.00,963,752.00,749.00,7.400000,1.400000,0.00,cifi0007.DBF
ABFS,10ABFS,F,SM,00,24,60,685.00,965,766.00,763.00,7.400000,1.400000,0.00,cifi0007.DBF
ABFS,10ABFS,F,SM,00,24,61,701.00,967,779.00,776.00,7.400000,1.400000,0.00,cifi0007.DBF
ABFS,10ABFS,F,SM,00,24,62,717.00,971,791.00,789.00,7.400000,1.400000,0.00,cifi0007.DBF
ABFS,10ABFS,F,SM,00,24,63,731.00,972,803.00,801.00,7.400000,1.400000,0.00,cifi0007.DBF
ABFS,10ABFS,F,SM,00,24,64,746.00,975,814.00,812.00,7.400000,1.400000,0.00,cifi0007.DBF
ABFS,10ABFS,F,SM,00,24,65,759.00,976,825.00,823.00,7.400000,1.400000,0.00,cifi0007.DBF
ABFS,10ABFS,F,SM,00,24,66,773.00,978,836.00,834.00,7.400000,1.400000,0.00,cifi0007.DBF
ABFS,10ABFS,F,SM,00,24,67,787.00,979,847.00,845.00,7.400000,1.400000,0.00,cifi0007.DBF
ABFS,10ABFS,F,SM,00,24,68,801.00,981,857.00,856.00,7.400000,1.400000,0.00,cifi0007.DBF
ABFS,10ABFS,F,SM,00,24,69,816.00,983,868.00,866.00,7.400000,1.400000,0.00,cifi0007.DBF
ABFS,10ABFS,F,SM,00,24,70,832.00,984,880.00,878.00,7.400000,1.400000,0.00,cifi0007.DBF
ABFS,10ABFS,F,SM,00,24,71,850.00,987,893.00,890.00,7.400000,1.400000,0.00,cifi0007.DBF
ABFS,10ABFS,F,SM,00,24,72,870.00,989,907.00,904.00,7.400000,1.400000,0.00,cifi0007.DBF
ABFS,10ABFS,F,SM,00,24,73,891.00,991,922.00,918.00,7.400000,1.400000,0.00,cifi0007.DBF
ABFS,10ABFS,F,SM,00,24,74,913.00,994,938.00,934.00,7.400000,1.400000,0.00,cifi0007.DBF
ABFS,10ABFS,F,SM,00,24,75,934.00,995,950.00,948.00,7.400000,1.400000,0.00,cifi0007.DBF
ABFS,10ABFS,F,SM,00,25,1,0.00,0,0.00,1.00,7.720000,1.420000,0.00,cifi0007.DBF
ABFS,10ABFS,F,SM,00,25,2,0.00,0,7.00,7.00,7.720000,1.420000,0.00,cifi0007.DBF
ABFS,10ABFS,F,SM,00,25,3,0.00,0,13.00,14.00,7.720000,1.420000,0.00,cifi0007.DBF
ABFS,10ABFS,F,SM,00,25,4,1.00,12,20.00,20.00,7.720000,1.420000,0.00,cifi0007.DBF
ABFS,10ABFS,F,SM,00,25,5,5.00,57,28.00,28.00,7.720000,1.420000,0.00,cifi0007.DBF
ABFS,10ABFS,F,SM,00,25,6,10.00,108,35.00,35.00,7.720000,1.420000,0.00,cifi0007.DBF
ABFS,10ABFS,F,SM,00,25,7,15.00,154,43.00,43.00,7.720000,1.420000,0.00,cifi0007.DBF
ABFS,10ABFS,F,SM,00,25,8,20.00,196,51.00,51.00,7.720000,1.420000,0.00,cifi0007.DBF
ABFS,10ABFS,F,SM,00,25,9,26.00,243,60.00,59.00,7.720000,1.420000,0.00,cifi0007.DBF
ABFS,10ABFS,F,SM,00,25,10,32.00,284,69.00,68.00,7.720000,1.420000,0.00,cifi0007.DBF
ABFS,10ABFS,F,SM,00,25,11,38.00,322,78.00,77.00,7.720000,1.420000,0.00,cifi0007.DBF
ABFS,10ABFS,F,SM,00,25,12,44.00,355,87.00,86.00,7.720000,1.420000,0.00,cifi0007.DBF
ABFS,10ABFS,F,SM,00,25,13,51.00,392,97.00,96.00,7.720000,1.420000,0.00,cifi0007.DBF
ABFS,10ABFS,F,SM,00,25,14,58.00,425,107.00,106.00,7.720000,1.420000,0.00,cifi0007.DBF
ABFS,10ABFS,F,SM,00,25,15,65.00,455,117.00,116.00,7.720000,1.420000,0.00,cifi0007.DBF
ABFS,10ABFS,F,SM,00,25,16,72.00,481,127.00,126.00,7.720000,1.420000,0.00,cifi0007.DBF
ABFS,10ABFS,F,SM,00,25,17,80.00,511,138.00,136.00,7.720000,1.420000,0.00,cifi0007.DBF
ABFS,10ABFS,F,SM,00,25,18,88.00,537,148.00,147.00,7.720000,1.420000,0.00,cifi0007.DBF
ABFS,10ABFS,F,SM,00,25,19,96.00,561,159.00,157.00,7.720000,1.420000,0.00,cifi0007.DBF
ABFS,10ABFS,F,SM,00,25,20,104.00,582,170.00,168.00,7.720000,1.420000,0.00,cifi0007.DBF
ABFS,10ABFS,F,SM,00,25,21,113.00,605,182.00,180.00,7.720000,1.420000,0.00,cifi0007.DBF
ABFS,10ABFS,F,SM,00,25,22,121.00,621,193.00,191.00,7.720000,1.420000,0.00,cifi0007.DBF
ABFS,10ABFS,F,SM,00,25,23,131.00,644,205.00,203.00,7.720000,1.420000,0.00,cifi0007.DBF
ABFS,10ABFS,F,SM,00,25,24,140.00,660,217.00,215.00,7.720000,1.420000,0.00,cifi0007.DBF
ABFS,10ABFS,F,SM,00,25,25,150.00,678,230.00,227.00,7.720000,1.420000,0.00,cifi0007.DBF
ABFS,10ABFS,F,SM,00,25,26,160.00,694,243.00,240.00,7.720000,1.420000,0.00,cifi0007.DBF
ABFS,10ABFS,F,SM,00,25,27,171.00,712,256.00,253.00,7.720000,1.420000,0.00,cifi0007.DBF
ABFS,10ABFS,F,SM,00,25,28,182.00,728,269.00,266.00,7.720000,1.420000,0.00,cifi0007.DBF
ABFS,10ABFS,F,SM,00,25,29,193.00,741,282.00,279.00,7.720000,1.420000,0.00,cifi0007.DBF
ABFS,10ABFS,F,SM,00,25,30,204.00,753,296.00,293.00,7.720000,1.420000,0.00,cifi0007.DBF
ABFS,10ABFS,F,SM,00,25,31,216.00,767,310.00,307.00,7.720000,1.420000,0.00,cifi0007.DBF
ABFS,10ABFS,F,SM,00,25,32,229.00,782,324.00,321.00,7.720000,1.420000,0.00,cifi0007.DBF
ABFS,10ABFS,F,SM,00,25,33,241.00,791,339.00,335.00,7.720000,1.420000,0.00,cifi0007.DBF
ABFS,10ABFS,F,SM,00,25,34,255.00,805,354.00,350.00,7.720000,1.420000,0.00,cifi0007.DBF
ABFS,10ABFS,F,SM,00,25,35,268.00,814,369.00,365.00,7.720000,1.420000,0.00,cifi0007.DBF
ABFS,10ABFS,F,SM,00,25,36,283.00,826,385.00,381.00,7.720000,1.420000,0.00,cifi0007.DBF
ABFS,10ABFS,F,SM,00,25,37,298.00,836,401.00,397.00,7.720000,1.420000,0.00,cifi0007.DBF
ABFS,10ABFS,F,SM,00,25,38,313.00,845,417.00,413.00,7.720000,1.420000,0.00,cifi0007.DBF
ABFS,10ABFS,F,SM,00,25,39,329.00,855,434.00,429.00,7.720000,1.420000,0.00,cifi0007.DBF
ABFS,10ABFS,F,SM,00,25,40,345.00,864,451.00,446.00,7.720000,1.420000,0.00,cifi0007.DBF
ABFS,10ABFS,F,SM,00,25,41,361.00,872,467.00,463.00,7.720000,1.420000,0.00,cifi0007.DBF
ABFS,10ABFS,F,SM,00,25,42,377.00,878,484.00,479.00,7.720000,1.420000,0.00,cifi0007.DBF
ABFS,10ABFS,F,SM,00,25,43,394.00,886,501.00,496.00,7.720000,1.420000,0.00,cifi0007.DBF
ABFS,10ABFS,F,SM,00,25,44,412.00,895,518.00,513.00,7.720000,1.420000,0.00,cifi0007.DBF
ABFS,10ABFS,F,SM,00,25,45,429.00,900,536.00,531.00,7.720000,1.420000,0.00,cifi0007.DBF
ABFS,10ABFS,F,SM,00,25,46,448.00,907,554.00,549.00,7.720000,1.420000,0.00,cifi0007.DBF
ABFS,10ABFS,F,SM,00,25,47,467.00,914,571.00,566.00,7.720000,1.420000,0.00,cifi0007.DBF
ABFS,10ABFS,F,SM,00,25,48,486.00,920,589.00,584.00,7.720000,1.420000,0.00,cifi0007.DBF
ABFS,10ABFS,F,SM,00,25,49,505.00,925,607.00,602.00,7.720000,1.420000,0.00,cifi0007.DBF
ABFS,10ABFS,F,SM,00,25,50,524.00,931,625.00,620.00,7.720000,1.420000,0.00,cifi0007.DBF
ABFS,10ABFS,F,SM,00,25,51,542.00,935,641.00,637.00,7.720000,1.420000,0.00,cifi0007.DBF
ABFS,10ABFS,F,SM,00,25,52,560.00,938,658.00,653.00,7.720000,1.420000,0.00,cifi0007.DBF
ABFS,10ABFS,F,SM,00,25,53,579.00,944,674.00,670.00,7.720000,1.420000,0.00,cifi0007.DBF
ABFS,10ABFS,F,SM,00,25,54,597.00,948,690.00,686.00,7.720000,1.420000,0.00,cifi0007.DBF
ABFS,10ABFS,F,SM,00,25,55,615.00,952,706.00,702.00,7.720000,1.420000,0.00,cifi0007.DBF
ABFS,10ABFS,F,SM,00,25,56,632.00,954,721.00,717.00,7.720000,1.420000,0.00,cifi0007.DBF
ABFS,10ABFS,F,SM,00,25,57,650.00,958,736.00,732.00,7.720000,1.420000,0.00,cifi0007.DBF
ABFS,10ABFS,F,SM,00,25,58,667.00,960,750.00,747.00,7.720000,1.420000,0.00,cifi0007.DBF
ABFS,10ABFS,F,SM,00,25,59,684.00,963,764.00,761.00,7.720000,1.420000,0.00,cifi0007.DBF
ABFS,10ABFS,F,SM,00,25,60,700.00,966,778.00,775.00,7.720000,1.420000,0.00,cifi0007.DBF
ABFS,10ABFS,F,SM,00,25,61,716.00,969,790.00,788.00,7.720000,1.420000,0.00,cifi0007.DBF
ABFS,10ABFS,F,SM,00,25,62,730.00,971,802.00,800.00,7.720000,1.420000,0.00,cifi0007.DBF
ABFS,10ABFS,F,SM,00,25,63,745.00,974,813.00,811.00,7.720000,1.420000,0.00,cifi0007.DBF
ABFS,10ABFS,F,SM,00,25,64,758.00,974,824.00,822.00,7.720000,1.420000,0.00,cifi0007.DBF
ABFS,10ABFS,F,SM,00,25,65,772.00,976,835.00,833.00,7.720000,1.420000,0.00,cifi0007.DBF
ABFS,10ABFS,F,SM,00,25,66,786.00,978,846.00,844.00,7.720000,1.420000,0.00,cifi0007.DBF
ABFS,10ABFS,F,SM,00,25,67,801.00,981,856.00,855.00,7.720000,1.420000,0.00,cifi0007.DBF
ABFS,10ABFS,F,SM,00,25,68,816.00,983,867.00,865.00,7.720000,1.420000,0.00,cifi0007.DBF
ABFS,10ABFS,F,SM,00,25,69,832.00,984,879.00,877.00,7.720000,1.420000,0.00,cifi0007.DBF
ABFS,10ABFS,F,SM,00,25,70,850.00,987,893.00,890.00,7.720000,1.420000,0.00,cifi0007.DBF
ABFS,10ABFS,F,SM,00,25,71,869.00,988,907.00,904.00,7.720000,1.420000,0.00,cifi0007.DBF
ABFS,10ABFS,F,SM,00,25,72,890.00,990,922.00,918.00,7.720000,1.420000,0.00,cifi0007.DBF
ABFS,10ABFS,F,SM,00,25,73,912.00,993,937.00,933.00,7.720000,1.420000,0.00,cifi0007.DBF
ABFS,10ABFS,F,SM,00,25,74,934.00,995,949.00,947.00,7.720000,1.420000,0.00,cifi0007.DBF
ABFS,10ABFS,F,SM,00,26,1,0.00,0,0.00,1.00,8.060000,1.470000,0.00,cifi0007.DBF
ABFS,10ABFS,F,SM,00,26,2,0.00,0,7.00,8.00,8.060000,1.470000,0.00,cifi0007.DBF
ABFS,10ABFS,F,SM,00,26,3,0.00,0,14.00,15.00,8.060000,1.470000,0.00,cifi0007.DBF
ABFS,10ABFS,F,SM,00,26,4,1.00,12,21.00,22.00,8.060000,1.470000,0.00,cifi0007.DBF
ABFS,10ABFS,F,SM,00,26,5,6.00,65,29.00,29.00,8.060000,1.470000,0.00,cifi0007.DBF
ABFS,10ABFS,F,SM,00,26,6,11.00,113,37.00,37.00,8.060000,1.470000,0.00,cifi0007.DBF
ABFS,10ABFS,F,SM,00,26,7,16.00,157,45.00,45.00,8.060000,1.470000,0.00,cifi0007.DBF
ABFS,10ABFS,F,SM,00,26,8,22.00,205,54.00,54.00,8.060000,1.470000,0.00,cifi0007.DBF
ABFS,10ABFS,F,SM,00,26,9,28.00,249,63.00,63.00,8.060000,1.470000,0.00,cifi0007.DBF
ABFS,10ABFS,F,SM,00,26,10,34.00,288,72.00,72.00,8.060000,1.470000,0.00,cifi0007.DBF
ABFS,10ABFS,F,SM,00,26,11,40.00,323,81.00,81.00,8.060000,1.470000,0.00,cifi0007.DBF
ABFS,10ABFS,F,SM,00,26,12,47.00,361,91.00,90.00,8.060000,1.470000,0.00,cifi0007.DBF
ABFS,10ABFS,F,SM,00,26,13,54.00,396,101.00,100.00,8.060000,1.470000,0.00,cifi0007.DBF
ABFS,10ABFS,F,SM,00,26,14,61.00,427,111.00,110.00,8.060000,1.470000,0.00,cifi0007.DBF
ABFS,10ABFS,F,SM,00,26,15,69.00,461,121.00,120.00,8.060000,1.470000,0.00,cifi0007.DBF
ABFS,10ABFS,F,SM,00,26,16,76.00,485,132.00,131.00,8.060000,1.470000,0.00,cifi0007.DBF
ABFS,10ABFS,F,SM,00,26,17,84.00,513,143.00,142.00,8.060000,1.470000,0.00,cifi0007.DBF
ABFS,10ABFS,F,SM,00,26,18,92.00,537,154.00,153.00,8.060000,1.470000,0.00,cifi0007.DBF
ABFS,10ABFS,F,SM,00,26,19,100.00,559,165.00,164.00,8.060000,1.470000,0.00,cifi0007.DBF
ABFS,10ABFS,F,SM,00,26,20,109.00,584,176.00,175.00,8.060000,1.470000,0.00,cifi0007.DBF
ABFS,10ABFS,F,SM,00,26,21,118.00,606,188.00,186.00,8.060000,1.470000,0.00,cifi0007.DBF
ABFS,10ABFS,F,SM,00,26,22,127.00,625,200.00,198.00,8.060000,1.470000,0.00,cifi0007.DBF
ABFS,10ABFS,F,SM,00,26,23,137.00,646,212.00,210.00,8.060000,1.470000,0.00,cifi0007.DBF
ABFS,10ABFS,F,SM,00,26,24,147.00,665,225.00,223.00,8.060000,1.470000,0.00,cifi0007.DBF
ABFS,10ABFS,F,SM,00,26,25,157.00,681,238.00,236.00,8.060000,1.470000,0.00,cifi0007.DBF
ABFS,10ABFS,F,SM,00,26,26,168.00,700,251.00,249.00,8.060000,1.470000,0.00,cifi0007.DBF
ABFS,10ABFS,F,SM,00,26,27,179.00,716,264.00,262.00,8.060000,1.470000,0.00,cifi0007.DBF
ABFS,10ABFS,F,SM,00,26,28,190.00,730,278.00,275.00,8.060000,1.470000,0.00,cifi0007.DBF
ABFS,10ABFS,F,SM,00,26,29,201.00,742,291.00,289.00,8.060000,1.470000,0.00,cifi0007.DBF
ABFS,10ABFS,F,SM,00,26,30,213.00,756,305.00,302.00,8.060000,1.470000,0.00,cifi0007.DBF
ABFS,10ABFS,F,SM,00,26,31,226.00,771,320.00,317.00,8.060000,1.470000,0.00,cifi0007.DBF
ABFS,10ABFS,F,SM,00,26,32,238.00,781,334.00,331.00,8.060000,1.470000,0.00,cifi0007.DBF
ABFS,10ABFS,F,SM,00,26,33,252.00,796,349.00,346.00,8.060000,1.470000,0.00,cifi0007.DBF
ABFS,10ABFS,F,SM,00,26,34,266.00,808,365.00,361.00,8.060000,1.470000,0.00,cifi0007.DBF
ABFS,10ABFS,F,SM,00,26,35,280.00,817,381.00,377.00,8.060000,1.470000,0.00,cifi0007.DBF
ABFS,10ABFS,F,SM,00,26,36,295.00,828,397.00,393.00,8.060000,1.470000,0.00,cifi0007.DBF
ABFS,10ABFS,F,SM,00,26,37,310.00,837,414.00,410.00,8.060000,1.470000,0.00,cifi0007.DBF
ABFS,10ABFS,F,SM,00,26,38,326.00,847,430.00,426.00,8.060000,1.470000,0.00,cifi0007.DBF
ABFS,10ABFS,F,SM,00,26,39,342.00,856,447.00,443.00,8.060000,1.470000,0.00,cifi0007.DBF
ABFS,10ABFS,F,SM,00,26,40,359.00,867,464.00,460.00,8.060000,1.470000,0.00,cifi0007.DBF
ABFS,10ABFS,F,SM,00,26,41,375.00,874,481.00,477.00,8.060000,1.470000,0.00,cifi0007.DBF
ABFS,10ABFS,F,SM,00,26,42,392.00,882,498.00,494.00,8.060000,1.470000,0.00,cifi0007.DBF
ABFS,10ABFS,F,SM,00,26,43,409.00,888,515.00,511.00,8.060000,1.470000,0.00,cifi0007.DBF
ABFS,10ABFS,F,SM,00,26,44,427.00,896,533.00,528.00,8.060000,1.470000,0.00,cifi0007.DBF
ABFS,10ABFS,F,SM,00,26,45,446.00,903,551.00,546.00,8.060000,1.470000,0.00,cifi0007.DBF
ABFS,10ABFS,F,SM,00,26,46,465.00,910,569.00,564.00,8.060000,1.470000,0.00,cifi0007.DBF
ABFS,10ABFS,F,SM,00,26,47,484.00,916,587.00,582.00,8.060000,1.470000,0.00,cifi0007.DBF
ABFS,10ABFS,F,SM,00,26,48,503.00,922,605.00,600.00,8.060000,1.470000,0.00,cifi0007.DBF
ABFS,10ABFS,F,SM,00,26,49,522.00,927,622.00,618.00,8.060000,1.470000,0.00,cifi0007.DBF
ABFS,10ABFS,F,SM,00,26,50,540.00,931,639.00,635.00,8.060000,1.470000,0.00,cifi0007.DBF
ABFS,10ABFS,F,SM,00,26,51,559.00,937,656.00,652.00,8.060000,1.470000,0.00,cifi0007.DBF
ABFS,10ABFS,F,SM,00,26,52,577.00,941,672.00,668.00,8.060000,1.470000,0.00,cifi0007.DBF
ABFS,10ABFS,F,SM,00,26,53,595.00,945,688.00,684.00,8.060000,1.470000,0.00,cifi0007.DBF
ABFS,10ABFS,F,SM,00,26,54,613.00,948,704.00,700.00,8.060000,1.470000,0.00,cifi0007.DBF
ABFS,10ABFS,F,SM,00,26,55,631.00,952,719.00,716.00,8.060000,1.470000,0.00,cifi0007.DBF
ABFS,10ABFS,F,SM,00,26,56,649.00,956,734.00,731.00,8.060000,1.470000,0.00,cifi0007.DBF
ABFS,10ABFS,F,SM,00,26,57,666.00,959,749.00,746.00,8.060000,1.470000,0.00,cifi0007.DBF
ABFS,10ABFS,F,SM,00,26,58,683.00,962,763.00,760.00,8.060000,1.470000,0.00,cifi0007.DBF
ABFS,10ABFS,F,SM,00,26,59,699.00,965,776.00,774.00,8.060000,1.470000,0.00,cifi0007.DBF
ABFS,10ABFS,F,SM,00,26,60,714.00,967,789.00,787.00,8.060000,1.470000,0.00,cifi0007.DBF
ABFS,10ABFS,F,SM,00,26,61,729.00,969,801.00,799.00,8.060000,1.470000,0.00,cifi0007.DBF
ABFS,10ABFS,F,SM,00,26,62,744.00,972,812.00,811.00,8.060000,1.470000,0.00,cifi0007.DBF
ABFS,10ABFS,F,SM,00,26,63,757.00,973,823.00,822.00,8.060000,1.470000,0.00,cifi0007.DBF
ABFS,10ABFS,F,SM,00,26,64,771.00,975,834.00,833.00,8.060000,1.470000,0.00,cifi0007.DBF
ABFS,10ABFS,F,SM,00,26,65,786.00,978,845.00,844.00,8.060000,1.470000,0.00,cifi0007.DBF
ABFS,10ABFS,F,SM,00,26,66,800.00,980,855.00,854.00,8.060000,1.470000,0.00,cifi0007.DBF
ABFS,10ABFS,F,SM,00,26,67,815.00,982,867.00,865.00,8.060000,1.470000,0.00,cifi0007.DBF
ABFS,10ABFS,F,SM,00,26,68,831.00,983,879.00,877.00,8.060000,1.470000,0.00,cifi0007.DBF
ABFS,10ABFS,F,SM,00,26,69,849.00,985,892.00,890.00,8.060000,1.470000,0.00,cifi0007.DBF
ABFS,10ABFS,F,SM,00,26,70,869.00,988,906.00,903.00,8.060000,1.470000,0.00,cifi0007.DBF
ABFS,10ABFS,F,SM,00,26,71,890.00,990,921.00,918.00,8.060000,1.470000,0.00,cifi0007.DBF
ABFS,10ABFS,F,SM,00,26,72,912.00,993,937.00,933.00,8.060000,1.470000,0.00,cifi0007.DBF
ABFS,10ABFS,F,SM,00,26,73,934.00,995,949.00,947.00,8.060000,1.470000,0.00,cifi0007.DBF
ABFS,10ABFS,F,SM,00,27,1,0.00,0,0.00,1.00,8.410000,1.520000,0.00,cifi0007.DBF
ABFS,10ABFS,F,SM,00,27,2,0.00,0,7.00,8.00,8.410000,1.520000,0.00,cifi0007.DBF
ABFS,10ABFS,F,SM,00,27,3,0.00,0,15.00,15.00,8.410000,1.520000,0.00,cifi0007.DBF
ABFS,10ABFS,F,SM,00,27,4,2.00,22,22.00,23.00,8.410000,1.520000,0.00,cifi0007.DBF
ABFS,10ABFS,F,SM,00,27,5,7.00,72,30.00,30.00,8.410000,1.520000,0.00,cifi0007.DBF
ABFS,10ABFS,F,SM,00,27,6,12.00,118,39.00,39.00,8.410000,1.520000,0.00,cifi0007.DBF
ABFS,10ABFS,F,SM,00,27,7,18.00,168,47.00,47.00,8.410000,1.520000,0.00,cifi0007.DBF
ABFS,10ABFS,F,SM,00,27,8,24.00,213,56.00,56.00,8.410000,1.520000,0.00,cifi0007.DBF
ABFS,10ABFS,F,SM,00,27,9,30.00,254,65.00,65.00,8.410000,1.520000,0.00,cifi0007.DBF
ABFS,10ABFS,F,SM,00,27,10,36.00,290,75.00,74.00,8.410000,1.520000,0.00,cifi0007.DBF
ABFS,10ABFS,F,SM,00,27,11,43.00,331,85.00,84.00,8.410000,1.520000,0.00,cifi0007.DBF
ABFS,10ABFS,F,SM,00,27,12,50.00,367,95.00,94.00,8.410000,1.520000,0.00,cifi0007.DBF
ABFS,10ABFS,F,SM,00,27,13,57.00,399,105.00,104.00,8.410000,1.520000,0.00,cifi0007.DBF
ABFS,10ABFS,F,SM,00,27,14,65.00,434,115.00,114.00,8.410000,1.520000,0.00,cifi0007.DBF
ABFS,10ABFS,F,SM,00,27,15,72.00,460,126.00,125.00,8.410000,1.520000,0.00,cifi0007.DBF
ABFS,10ABFS,F,SM,00,27,16,80.00,488,137.00,136.00,8.410000,1.520000,0.00,cifi0007.DBF
ABFS,10ABFS,F,SM,00,27,17,88.00,514,148.00,147.00,8.410000,1.520000,0.00,cifi0007.DBF
ABFS,10ABFS,F,SM,00,27,18,97.00,542,159.00,158.00,8.410000,1.520000,0.00,cifi0007.DBF
ABFS,10ABFS,F,SM,00,27,19,105.00,562,171.00,169.00,8.410000,1.520000,0.00,cifi0007.DBF
ABFS,10ABFS,F,SM,00,27,20,114.00,585,182.00,181.00,8.410000,1.520000,0.00,cifi0007.DBF
ABFS,10ABFS,F,SM,00,27,21,124.00,610,194.00,192.00,8.410000,1.520000,0.00,cifi0007.DBF
ABFS,10ABFS,F,SM,00,27,22,133.00,627,207.00,205.00,8.410000,1.520000,0.00,cifi0007.DBF
ABFS,10ABFS,F,SM,00,27,23,143.00,647,219.00,217.00,8.410000,1.520000,0.00,cifi0007.DBF
ABFS,10ABFS,F,SM,00,27,24,154.00,668,232.00,230.00,8.410000,1.520000,0.00,cifi0007.DBF
ABFS,10ABFS,F,SM,00,27,25,164.00,683,246.00,243.00,8.410000,1.520000,0.00,cifi0007.DBF
ABFS,10ABFS,F,SM,00,27,26,175.00,700,259.00,257.00,8.410000,1.520000,0.00,cifi0007.DBF
ABFS,10ABFS,F,SM,00,27,27,186.00,714,273.00,270.00,8.410000,1.520000,0.00,cifi0007.DBF
ABFS,10ABFS,F,SM,00,27,28,198.00,731,286.00,284.00,8.410000,1.520000,0.00,cifi0007.DBF
ABFS,10ABFS,F,SM,00,27,29,210.00,745,301.00,298.00,8.410000,1.520000,0.00,cifi0007.DBF
ABFS,10ABFS,F,SM,00,27,30,222.00,758,315.00,312.00,8.410000,1.520000,0.00,cifi0007.DBF
ABFS,10ABFS,F,SM,00,27,31,235.00,771,330.00,327.00,8.410000,1.520000,0.00,cifi0007.DBF
ABFS,10ABFS,F,SM,00,27,32,249.00,786,345.00,342.00,8.410000,1.520000,0.00,cifi0007.DBF
ABFS,10ABFS,F,SM,00,27,33,263.00,798,360.00,357.00,8.410000,1.520000,0.00,cifi0007.DBF
ABFS,10ABFS,F,SM,00,27,34,277.00,809,376.00,372.00,8.410000,1.520000,0.00,cifi0007.DBF
ABFS,10ABFS,F,SM,00,27,35,292.00,820,393.00,389.00,8.410000,1.520000,0.00,cifi0007.DBF
ABFS,10ABFS,F,SM,00,27,36,308.00,832,410.00,406.00,8.410000,1.520000,0.00,cifi0007.DBF
ABFS,10ABFS,F,SM,00,27,37,323.00,839,426.00,422.00,8.410000,1.520000,0.00,cifi0007.DBF
ABFS,10ABFS,F,SM,00,27,38,340.00,851,443.00,439.00,8.410000,1.520000,0.00,cifi0007.DBF
ABFS,10ABFS,F,SM,00,27,39,356.00,860,460.00,456.00,8.410000,1.520000,0.00,cifi0007.DBF
ABFS,10ABFS,F,SM,00,27,40,372.00,867,477.00,473.00,8.410000,1.520000,0.00,cifi0007.DBF
ABFS,10ABFS,F,SM,00,27,41,389.00,875,494.00,490.00,8.410000,1.520000,0.00,cifi0007.DBF
ABFS,10ABFS,F,SM,00,27,42,407.00,884,512.00,507.00,8.410000,1.520000,0.00,cifi0007.DBF
ABFS,10ABFS,F,SM,00,27,43,425.00,891,529.00,525.00,8.410000,1.520000,0.00,cifi0007.DBF
ABFS,10ABFS,F,SM,00,27,44,443.00,897,547.00,542.00,8.410000,1.520000,0.00,cifi0007.DBF
ABFS,10ABFS,F,SM,00,27,45,462.00,904,566.00,561.00,8.410000,1.520000,0.00,cifi0007.DBF
ABFS,10ABFS,F,SM,00,27,46,482.00,912,584.00,579.00,8.410000,1.520000,0.00,cifi0007.DBF
ABFS,10ABFS,F,SM,00,27,47,501.00,918,602.00,597.00,8.410000,1.520000,0.00,cifi0007.DBF
ABFS,10ABFS,F,SM,00,27,48,520.00,924,619.00,615.00,8.410000,1.520000,0.00,cifi0007.DBF
ABFS,10ABFS,F,SM,00,27,49,538.00,928,637.00,632.00,8.410000,1.520000,0.00,cifi0007.DBF
ABFS,10ABFS,F,SM,00,27,50,557.00,933,653.00,649.00,8.410000,1.520000,0.00,cifi0007.DBF
ABFS,10ABFS,F,SM,00,27,51,575.00,937,670.00,666.00,8.410000,1.520000,0.00,cifi0007.DBF
ABFS,10ABFS,F,SM,00,27,52,593.00,941,686.00,682.00,8.410000,1.520000,0.00,cifi0007.DBF
ABFS,10ABFS,F,SM,00,27,53,612.00,947,702.00,698.00,8.410000,1.520000,0.00,cifi0007.DBF
ABFS,10ABFS,F,SM,00,27,54,629.00,949,717.00,714.00,8.410000,1.520000,0.00,cifi0007.DBF
ABFS,10ABFS,F,SM,00,27,55,647.00,953,732.00,729.00,8.410000,1.520000,0.00,cifi0007.DBF
ABFS,10ABFS,F,SM,00,27,56,665.00,957,747.00,744.00,8.410000,1.520000,0.00,cifi0007.DBF
ABFS,10ABFS,F,SM,00,27,57,682.00,961,761.00,758.00,8.410000,1.520000,0.00,cifi0007.DBF
ABFS,10ABFS,F,SM,00,27,58,698.00,963,775.00,772.00,8.410000,1.520000,0.00,cifi0007.DBF
ABFS,10ABFS,F,SM,00,27,59,713.00,965,787.00,785.00,8.410000,1.520000,0.00,cifi0007.DBF
ABFS,10ABFS,F,SM,00,27,60,728.00,968,799.00,797.00,8.410000,1.520000,0.00,cifi0007.DBF
ABFS,10ABFS,F,SM,00,27,61,743.00,971,811.00,809.00,8.410000,1.520000,0.00,cifi0007.DBF
ABFS,10ABFS,F,SM,00,27,62,756.00,972,822.00,821.00,8.410000,1.520000,0.00,cifi0007.DBF
ABFS,10ABFS,F,SM,00,27,63,771.00,975,833.00,832.00,8.410000,1.520000,0.00,cifi0007.DBF
ABFS,10ABFS,F,SM,00,27,64,785.00,977,843.00,842.00,8.410000,1.520000,0.00,cifi0007.DBF
ABFS,10ABFS,F,SM,00,27,65,799.00,978,854.00,853.00,8.410000,1.520000,0.00,cifi0007.DBF
ABFS,10ABFS,F,SM,00,27,66,814.00,980,866.00,864.00,8.410000,1.520000,0.00,cifi0007.DBF
ABFS,10ABFS,F,SM,00,27,67,830.00,982,878.00,876.00,8.410000,1.520000,0.00,cifi0007.DBF
ABFS,10ABFS,F,SM,00,27,68,849.00,985,891.00,889.00,8.410000,1.520000,0.00,cifi0007.DBF
ABFS,10ABFS,F,SM,00,27,69,868.00,987,906.00,903.00,8.410000,1.520000,0.00,cifi0007.DBF
ABFS,10ABFS,F,SM,00,27,70,889.00,989,921.00,918.00,8.410000,1.520000,0.00,cifi0007.DBF
ABFS,10ABFS,F,SM,00,27,71,912.00,993,936.00,933.00,8.410000,1.520000,0.00,cifi0007.DBF
ABFS,10ABFS,F,SM,00,27,72,933.00,994,949.00,947.00,8.410000,1.520000,0.00,cifi0007.DBF
ABFS,10ABFS,F,SM,00,28,1,0.00,0,0.00,1.00,8.780000,1.560000,0.00,cifi0007.DBF
ABFS,10ABFS,F,SM,00,28,2,0.00,0,7.00,8.00,8.780000,1.560000,0.00,cifi0007.DBF
ABFS,10ABFS,F,SM,00,28,3,0.00,0,15.00,15.00,8.780000,1.560000,0.00,cifi0007.DBF
ABFS,10ABFS,F,SM,00,28,4,3.00,31,23.00,23.00,8.780000,1.560000,0.00,cifi0007.DBF
ABFS,10ABFS,F,SM,00,28,5,8.00,79,32.00,32.00,8.780000,1.560000,0.00,cifi0007.DBF
ABFS,10ABFS,F,SM,00,28,6,14.00,131,40.00,40.00,8.780000,1.560000,0.00,cifi0007.DBF
ABFS,10ABFS,F,SM,00,28,7,19.00,169,49.00,49.00,8.780000,1.560000,0.00,cifi0007.DBF
ABFS,10ABFS,F,SM,00,28,8,26.00,220,59.00,58.00,8.780000,1.560000,0.00,cifi0007.DBF
ABFS,10ABFS,F,SM,00,28,9,32.00,258,68.00,68.00,8.780000,1.560000,0.00,cifi0007.DBF
ABFS,10ABFS,F,SM,00,28,10,39.00,300,78.00,77.00,8.780000,1.560000,0.00,cifi0007.DBF
ABFS,10ABFS,F,SM,00,28,11,46.00,337,88.00,87.00,8.780000,1.560000,0.00,cifi0007.DBF
ABFS,10ABFS,F,SM,00,28,12,53.00,371,98.00,97.00,8.780000,1.560000,0.00,cifi0007.DBF
ABFS,10ABFS,F,SM,00,28,13,61.00,407,109.00,108.00,8.780000,1.560000,0.00,cifi0007.DBF
ABFS,10ABFS,F,SM,00,28,14,68.00,434,120.00,119.00,8.780000,1.560000,0.00,cifi0007.DBF
ABFS,10ABFS,F,SM,00,28,15,76.00,464,130.00,129.00,8.780000,1.560000,0.00,cifi0007.DBF
ABFS,10ABFS,F,SM,00,28,16,84.00,491,142.00,140.00,8.780000,1.560000,0.00,cifi0007.DBF
ABFS,10ABFS,F,SM,00,28,17,93.00,520,153.00,152.00,8.780000,1.560000,0.00,cifi0007.DBF
ABFS,10ABFS,F,SM,00,28,18,101.00,541,165.00,163.00,8.780000,1.560000,0.00,cifi0007.DBF
ABFS,10ABFS,F,SM,00,28,19,110.00,565,176.00,175.00,8.780000,1.560000,0.00,cifi0007.DBF
ABFS,10ABFS,F,SM,00,28,20,120.00,590,189.00,187.00,8.780000,1.560000,0.00,cifi0007.DBF
ABFS,10ABFS,F,SM,00,28,21,129.00,608,201.00,199.00,8.780000,1.560000,0.00,cifi0007.DBF
ABFS,10ABFS,F,SM,00,28,22,140.00,633,214.00,212.00,8.780000,1.560000,0.00,cifi0007.DBF
ABFS,10ABFS,F,SM,00,28,23,150.00,651,227.00,225.00,8.780000,1.560000,0.00,cifi0007.DBF
ABFS,10ABFS,F,SM,00,28,24,161.00,671,240.00,238.00,8.780000,1.560000,0.00,cifi0007.DBF
ABFS,10ABFS,F,SM,00,28,25,172.00,688,254.00,251.00,8.780000,1.560000,0.00,cifi0007.DBF
ABFS,10ABFS,F,SM,00,28,26,183.00,703,267.00,265.00,8.780000,1.560000,0.00,cifi0007.DBF
ABFS,10ABFS,F,SM,00,28,27,195.00,720,281.00,278.00,8.780000,1.560000,0.00,cifi0007.DBF
ABFS,10ABFS,F,SM,00,28,28,207.00,735,296.00,293.00,8.780000,1.560000,0.00,cifi0007.DBF
ABFS,10ABFS,F,SM,00,28,29,219.00,747,310.00,307.00,8.780000,1.560000,0.00,cifi0007.DBF
ABFS,10ABFS,F,SM,00,28,30,232.00,762,325.00,322.00,8.780000,1.560000,0.00,cifi0007.DBF
ABFS,10ABFS,F,SM,00,28,31,245.00,774,340.00,337.00,8.780000,1.560000,0.00,cifi0007.DBF
ABFS,10ABFS,F,SM,00,28,32,259.00,786,356.00,352.00,8.780000,1.560000,0.00,cifi0007.DBF
ABFS,10ABFS,F,SM,00,28,33,274.00,800,372.00,368.00,8.780000,1.560000,0.00,cifi0007.DBF
ABFS,10ABFS,F,SM,00,28,34,289.00,811,388.00,384.00,8.780000,1.560000,0.00,cifi0007.DBF
ABFS,10ABFS,F,SM,00,28,35,305.00,823,405.00,401.00,8.780000,1.560000,0.00,cifi0007.DBF
ABFS,10ABFS,F,SM,00,28,36,321.00,834,422.00,418.00,8.780000,1.560000,0.00,cifi0007.DBF
ABFS,10ABFS,F,SM,00,28,37,337.00,844,439.00,435.00,8.780000,1.560000,0.00,cifi0007.DBF
ABFS,10ABFS,F,SM,00,28,38,353.00,852,456.00,452.00,8.780000,1.560000,0.00,cifi0007.DBF
ABFS,10ABFS,F,SM,00,28,39,370.00,862,473.00,469.00,8.780000,1.560000,0.00,cifi0007.DBF
ABFS,10ABFS,F,SM,00,28,40,387.00,870,491.00,486.00,8.780000,1.560000,0.00,cifi0007.DBF
ABFS,10ABFS,F,SM,00,28,41,404.00,877,508.00,504.00,8.780000,1.560000,0.00,cifi0007.DBF
ABFS,10ABFS,F,SM,00,28,42,422.00,885,526.00,521.00,8.780000,1.560000,0.00,cifi0007.DBF
ABFS,10ABFS,F,SM,00,28,43,441.00,893,544.00,539.00,8.780000,1.560000,0.00,cifi0007.DBF
ABFS,10ABFS,F,SM,00,28,44,460.00,900,563.00,558.00,8.780000,1.560000,0.00,cifi0007.DBF
ABFS,10ABFS,F,SM,00,28,45,479.00,907,581.00,576.00,8.780000,1.560000,0.00,cifi0007.DBF
ABFS,10ABFS,F,SM,00,28,46,499.00,914,599.00,594.00,8.780000,1.560000,0.00,cifi0007.DBF
ABFS,10ABFS,F,SM,00,28,47,518.00,920,617.00,612.00,8.780000,1.560000,0.00,cifi0007.DBF
ABFS,10ABFS,F,SM,00,28,48,536.00,924,634.00,630.00,8.780000,1.560000,0.00,cifi0007.DBF
ABFS,10ABFS,F,SM,00,28,49,555.00,930,651.00,647.00,8.780000,1.560000,0.00,cifi0007.DBF
ABFS,10ABFS,F,SM,00,28,50,573.00,934,667.00,663.00,8.780000,1.560000,0.00,cifi0007.DBF
ABFS,10ABFS,F,SM,00,28,51,592.00,940,684.00,680.00,8.780000,1.560000,0.00,cifi0007.DBF
ABFS,10ABFS,F,SM,00,28,52,610.00,944,699.00,696.00,8.780000,1.560000,0.00,cifi0007.DBF
ABFS,10ABFS,F,SM,00,28,53,628.00,948,715.00,711.00,8.780000,1.560000,0.00,cifi0007.DBF
ABFS,10ABFS,F,SM,00,28,54,646.00,952,730.00,727.00,8.780000,1.560000,0.00,cifi0007.DBF
ABFS,10ABFS,F,SM,00,28,55,663.00,955,745.00,742.00,8.780000,1.560000,0.00,cifi0007.DBF
ABFS,10ABFS,F,SM,00,28,56,680.00,958,760.00,757.00,8.780000,1.560000,0.00,cifi0007.DBF
ABFS,10ABFS,F,SM,00,28,57,696.00,961,773.00,771.00,8.780000,1.560000,0.00,cifi0007.DBF
ABFS,10ABFS,F,SM,00,28,58,712.00,964,786.00,784.00,8.780000,1.560000,0.00,cifi0007.DBF
ABFS,10ABFS,F,SM,00,28,59,727.00,967,798.00,796.00,8.780000,1.560000,0.00,cifi0007.DBF
ABFS,10ABFS,F,SM,00,28,60,741.00,968,809.00,808.00,8.780000,1.560000,0.00,cifi0007.DBF
ABFS,10ABFS,F,SM,00,28,61,755.00,971,820.00,819.00,8.780000,1.560000,0.00,cifi0007.DBF
ABFS,10ABFS,F,SM,00,28,62,770.00,974,831.00,830.00,8.780000,1.560000,0.00,cifi0007.DBF
ABFS,10ABFS,F,SM,00,28,63,784.00,976,842.00,841.00,8.780000,1.560000,0.00,cifi0007.DBF
ABFS,10ABFS,F,SM,00,28,64,798.00,977,853.00,852.00,8.780000,1.560000,0.00,cifi0007.DBF
ABFS,10ABFS,F,SM,00,28,65,813.00,979,865.00,863.00,8.780000,1.560000,0.00,cifi0007.DBF
ABFS,10ABFS,F,SM,00,28,66,830.00,982,877.00,875.00,8.780000,1.560000,0.00,cifi0007.DBF
ABFS,10ABFS,F,SM,00,28,67,848.00,984,890.00,888.00,8.780000,1.560000,0.00,cifi0007.DBF
ABFS,10ABFS,F,SM,00,28,68,868.00,987,905.00,902.00,8.780000,1.560000,0.00,cifi0007.DBF
ABFS,10ABFS,F,SM,00,28,69,889.00,989,920.00,917.00,8.780000,1.560000,0.00,cifi0007.DBF
ABFS,10ABFS,F,SM,00,28,70,911.00,992,936.00,932.00,8.780000,1.560000,0.00,cifi0007.DBF
ABFS,10ABFS,F,SM,00,28,71,933.00,994,948.00,946.00,8.780000,1.560000,0.00,cifi0007.DBF
ABFS,10ABFS,F,SM,00,29,1,0.00,0,0.00,1.00,9.170000,1.630000,0.00,cifi0007.DBF
ABFS,10ABFS,F,SM,00,29,2,0.00,0,8.00,9.00,9.170000,1.630000,0.00,cifi0007.DBF
ABFS,10ABFS,F,SM,00,29,3,0.00,0,16.00,17.00,9.170000,1.630000,0.00,cifi0007.DBF
ABFS,10ABFS,F,SM,00,29,4,3.00,30,24.00,25.00,9.170000,1.630000,0.00,cifi0007.DBF
ABFS,10ABFS,F,SM,00,29,5,9.00,84,33.00,33.00,9.170000,1.630000,0.00,cifi0007.DBF
ABFS,10ABFS,F,SM,00,29,6,15.00,134,42.00,42.00,9.170000,1.630000,0.00,cifi0007.DBF
ABFS,10ABFS,F,SM,00,29,7,21.00,178,51.00,51.00,9.170000,1.630000,0.00,cifi0007.DBF
ABFS,10ABFS,F,SM,00,29,8,28.00,226,61.00,61.00,9.170000,1.630000,0.00,cifi0007.DBF
ABFS,10ABFS,F,SM,00,29,9,34.00,261,71.00,71.00,9.170000,1.630000,0.00,cifi0007.DBF
ABFS,10ABFS,F,SM,00,29,10,41.00,301,81.00,81.00,9.170000,1.630000,0.00,cifi0007.DBF
ABFS,10ABFS,F,SM,00,29,11,49.00,343,92.00,91.00,9.170000,1.630000,0.00,cifi0007.DBF
ABFS,10ABFS,F,SM,00,29,12,56.00,374,102.00,102.00,9.170000,1.630000,0.00,cifi0007.DBF
ABFS,10ABFS,F,SM,00,29,13,64.00,409,113.00,112.00,9.170000,1.630000,0.00,cifi0007.DBF
ABFS,10ABFS,F,SM,00,29,14,72.00,440,124.00,123.00,9.170000,1.630000,0.00,cifi0007.DBF
ABFS,10ABFS,F,SM,00,29,15,80.00,467,135.00,134.00,9.170000,1.630000,0.00,cifi0007.DBF
ABFS,10ABFS,F,SM,00,29,16,89.00,498,147.00,146.00,9.170000,1.630000,0.00,cifi0007.DBF
ABFS,10ABFS,F,SM,00,29,17,97.00,520,158.00,157.00,9.170000,1.630000,0.00,cifi0007.DBF
ABFS,10ABFS,F,SM,00,29,18,106.00,544,170.00,169.00,9.170000,1.630000,0.00,cifi0007.DBF
ABFS,10ABFS,F,SM,00,29,19,116.00,571,183.00,181.00,9.170000,1.630000,0.00,cifi0007.DBF
ABFS,10ABFS,F,SM,00,29,20,125.00,590,195.00,194.00,9.170000,1.630000,0.00,cifi0007.DBF
ABFS,10ABFS,F,SM,00,29,21,136.00,615,208.00,206.00,9.170000,1.630000,0.00,cifi0007.DBF
ABFS,10ABFS,F,SM,00,29,22,146.00,634,221.00,219.00,9.170000,1.630000,0.00,cifi0007.DBF
ABFS,10ABFS,F,SM,00,29,23,157.00,654,234.00,232.00,9.170000,1.630000,0.00,cifi0007.DBF
ABFS,10ABFS,F,SM,00,29,24,168.00,672,248.00,246.00,9.170000,1.630000,0.00,cifi0007.DBF
ABFS,10ABFS,F,SM,00,29,25,179.00,688,262.00,260.00,9.170000,1.630000,0.00,cifi0007.DBF
ABFS,10ABFS,F,SM,00,29,26,191.00,705,276.00,274.00,9.170000,1.630000,0.00,cifi0007.DBF
ABFS,10ABFS,F,SM,00,29,27,203.00,720,290.00,288.00,9.170000,1.630000,0.00,cifi0007.DBF
ABFS,10ABFS,F,SM,00,29,28,215.00,734,305.00,302.00,9.170000,1.630000,0.00,cifi0007.DBF
ABFS,10ABFS,F,SM,00,29,29,228.00,748,320.00,317.00,9.170000,1.630000,0.00,cifi0007.DBF
ABFS,10ABFS,F,SM,00,29,30,242.00,764,335.00,332.00,9.170000,1.630000,0.00,cifi0007.DBF
ABFS,10ABFS,F,SM,00,29,31,256.00,777,351.00,348.00,9.170000,1.630000,0.00,cifi0007.DBF
ABFS,10ABFS,F,SM,00,29,32,271.00,791,367.00,364.00,9.170000,1.630000,0.00,cifi0007.DBF
ABFS,10ABFS,F,SM,00,29,33,286.00,803,384.00,380.00,9.170000,1.630000,0.00,cifi0007.DBF
ABFS,10ABFS,F,SM,00,29,34,301.00,813,401.00,397.00,9.170000,1.630000,0.00,cifi0007.DBF
ABFS,10ABFS,F,SM,00,29,35,317.00,824,418.00,414.00,9.170000,1.630000,0.00,cifi0007.DBF
ABFS,10ABFS,F,SM,00,29,36,334.00,836,435.00,431.00,9.170000,1.630000,0.00,cifi0007.DBF
ABFS,10ABFS,F,SM,00,29,37,350.00,845,452.00,448.00,9.170000,1.630000,0.00,cifi0007.DBF
ABFS,10ABFS,F,SM,00,29,38,367.00,855,469.00,465.00,9.170000,1.630000,0.00,cifi0007.DBF
ABFS,10ABFS,F,SM,00,29,39,384.00,864,487.00,483.00,9.170000,1.630000,0.00,cifi0007.DBF
ABFS,10ABFS,F,SM,00,29,40,402.00,873,504.00,500.00,9.170000,1.630000,0.00,cifi0007.DBF
ABFS,10ABFS,F,SM,00,29,41,420.00,881,522.00,518.00,9.170000,1.630000,0.00,cifi0007.DBF
ABFS,10ABFS,F,SM,00,29,42,438.00,887,541.00,536.00,9.170000,1.630000,0.00,cifi0007.DBF
ABFS,10ABFS,F,SM,00,29,43,458.00,896,559.00,555.00,9.170000,1.630000,0.00,cifi0007.DBF
ABFS,10ABFS,F,SM,00,29,44,477.00,903,578.00,573.00,9.170000,1.630000,0.00,cifi0007.DBF
ABFS,10ABFS,F,SM,00,29,45,496.00,909,596.00,592.00,9.170000,1.630000,0.00,cifi0007.DBF
ABFS,10ABFS,F,SM,00,29,46,515.00,915,614.00,610.00,9.170000,1.630000,0.00,cifi0007.DBF
ABFS,10ABFS,F,SM,00,29,47,534.00,921,631.00,627.00,9.170000,1.630000,0.00,cifi0007.DBF
ABFS,10ABFS,F,SM,00,29,48,553.00,927,648.00,644.00,9.170000,1.630000,0.00,cifi0007.DBF
ABFS,10ABFS,F,SM,00,29,49,571.00,931,665.00,661.00,9.170000,1.630000,0.00,cifi0007.DBF
ABFS,10ABFS,F,SM,00,29,50,590.00,937,681.00,678.00,9.170000,1.630000,0.00,cifi0007.DBF
ABFS,10ABFS,F,SM,00,29,51,608.00,941,697.00,694.00,9.170000,1.630000,0.00,cifi0007.DBF
ABFS,10ABFS,F,SM,00,29,52,626.00,945,713.00,710.00,9.170000,1.630000,0.00,cifi0007.DBF
ABFS,10ABFS,F,SM,00,29,53,644.00,949,728.00,725.00,9.170000,1.630000,0.00,cifi0007.DBF
ABFS,10ABFS,F,SM,00,29,54,662.00,953,743.00,740.00,9.170000,1.630000,0.00,cifi0007.DBF
ABFS,10ABFS,F,SM,00,29,55,679.00,956,758.00,755.00,9.170000,1.630000,0.00,cifi0007.DBF
ABFS,10ABFS,F,SM,00,29,56,695.00,959,771.00,769.00,9.170000,1.630000,0.00,cifi0007.DBF
ABFS,10ABFS,F,SM,00,29,57,711.00,963,784.00,782.00,9.170000,1.630000,0.00,cifi0007.DBF
ABFS,10ABFS,F,SM,00,29,58,726.00,965,796.00,795.00,9.170000,1.630000,0.00,cifi0007.DBF
ABFS,10ABFS,F,SM,00,29,59,740.00,967,808.00,807.00,9.170000,1.630000,0.00,cifi0007.DBF
ABFS,10ABFS,F,SM,00,29,60,754.00,969,819.00,818.00,9.170000,1.630000,0.00,cifi0007.DBF
ABFS,10ABFS,F,SM,00,29,61,768.00,971,830.00,829.00,9.170000,1.630000,0.00,cifi0007.DBF
ABFS,10ABFS,F,SM,00,29,62,783.00,975,841.00,840.00,9.170000,1.630000,0.00,cifi0007.DBF
ABFS,10ABFS,F,SM,00,29,63,797.00,976,852.00,851.00,9.170000,1.630000,0.00,cifi0007.DBF
ABFS,10ABFS,F,SM,00,29,64,812.00,978,864.00,863.00,9.170000,1.630000,0.00,cifi0007.DBF
ABFS,10ABFS,F,SM,00,29,65,829.00,981,876.00,875.00,9.170000,1.630000,0.00,cifi0007.DBF
ABFS,10ABFS,F,SM,00,29,66,847.00,983,890.00,888.00,9.170000,1.630000,0.00,cifi0007.DBF
ABFS,10ABFS,F,SM,00,29,67,867.00,986,904.00,902.00,9.170000,1.630000,0.00,cifi0007.DBF
ABFS,10ABFS,F,SM,00,29,68,888.00,988,920.00,917.00,9.170000,1.630000,0.00,cifi0007.DBF
ABFS,10ABFS,F,SM,00,29,69,911.00,992,935.00,932.00,9.170000,1.630000,0.00,cifi0007.DBF
ABFS,10ABFS,F,SM,00,29,70,933.00,994,948.00,946.00,9.170000,1.630000,0.00,cifi0007.DBF
ABFS,10ABFS,F,SM,00,30,1,0.00,0,0.00,1.00,9.580000,1.710000,0.00,cifi0007.DBF
ABFS,10ABFS,F,SM,00,30,2,0.00,0,8.00,9.00,9.580000,1.710000,0.00,cifi0007.DBF
ABFS,10ABFS,F,SM,00,30,3,0.00,0,17.00,17.00,9.580000,1.710000,0.00,cifi0007.DBF
ABFS,10ABFS,F,SM,00,30,4,4.00,38,25.00,26.00,9.580000,1.710000,0.00,cifi0007.DBF
ABFS,10ABFS,F,SM,00,30,5,10.00,89,35.00,35.00,9.580000,1.710000,0.00,cifi0007.DBF
ABFS,10ABFS,F,SM,00,30,6,16.00,136,44.00,44.00,9.580000,1.710000,0.00,cifi0007.DBF
ABFS,10ABFS,F,SM,00,30,7,23.00,186,54.00,54.00,9.580000,1.710000,0.00,cifi0007.DBF
ABFS,10ABFS,F,SM,00,30,8,30.00,231,64.00,64.00,9.580000,1.710000,0.00,cifi0007.DBF
ABFS,10ABFS,F,SM,00,30,9,37.00,271,74.00,74.00,9.580000,1.710000,0.00,cifi0007.DBF
ABFS,10ABFS,F,SM,00,30,10,44.00,308,84.00,84.00,9.580000,1.710000,0.00,cifi0007.DBF
ABFS,10ABFS,F,SM,00,30,11,52.00,347,95.00,94.00,9.580000,1.710000,0.00,cifi0007.DBF
ABFS,10ABFS,F,SM,00,30,12,59.00,377,106.00,105.00,9.580000,1.710000,0.00,cifi0007.DBF
ABFS,10ABFS,F,SM,00,30,13,67.00,409,117.00,116.00,9.580000,1.710000,0.00,cifi0007.DBF
ABFS,10ABFS,F,SM,00,30,14,76.00,444,128.00,127.00,9.580000,1.710000,0.00,cifi0007.DBF
ABFS,10ABFS,F,SM,00,30,15,84.00,470,140.00,139.00,9.580000,1.710000,0.00,cifi0007.DBF
ABFS,10ABFS,F,SM,00,30,16,93.00,498,152.00,151.00,9.580000,1.710000,0.00,cifi0007.DBF
ABFS,10ABFS,F,SM,00,30,17,102.00,524,164.00,163.00,9.580000,1.710000,0.00,cifi0007.DBF
ABFS,10ABFS,F,SM,00,30,18,111.00,546,176.00,175.00,9.580000,1.710000,0.00,cifi0007.DBF
ABFS,10ABFS,F,SM,00,30,19,121.00,571,189.00,187.00,9.580000,1.710000,0.00,cifi0007.DBF
ABFS,10ABFS,F,SM,00,30,20,131.00,593,202.00,200.00,9.580000,1.710000,0.00,cifi0007.DBF
ABFS,10ABFS,F,SM,00,30,21,142.00,616,215.00,213.00,9.580000,1.710000,0.00,cifi0007.DBF
ABFS,10ABFS,F,SM,00,30,22,152.00,633,228.00,226.00,9.580000,1.710000,0.00,cifi0007.DBF
ABFS,10ABFS,F,SM,00,30,23,164.00,656,242.00,240.00,9.580000,1.710000,0.00,cifi0007.DBF
ABFS,10ABFS,F,SM,00,30,24,175.00,672,256.00,254.00,9.580000,1.710000,0.00,cifi0007.DBF
ABFS,10ABFS,F,SM,00,30,25,187.00,690,270.00,268.00,9.580000,1.710000,0.00,cifi0007.DBF
ABFS,10ABFS,F,SM,00,30,26,199.00,706,285.00,282.00,9.580000,1.710000,0.00,cifi0007.DBF
ABFS,10ABFS,F,SM,00,30,27,212.00,724,299.00,297.00,9.580000,1.710000,0.00,cifi0007.DBF
ABFS,10ABFS,F,SM,00,30,28,225.00,739,314.00,311.00,9.580000,1.710000,0.00,cifi0007.DBF
ABFS,10ABFS,F,SM,00,30,29,238.00,751,330.00,327.00,9.580000,1.710000,0.00,cifi0007.DBF
ABFS,10ABFS,F,SM,00,30,30,252.00,765,346.00,343.00,9.580000,1.710000,0.00,cifi0007.DBF
ABFS,10ABFS,F,SM,00,30,31,267.00,779,362.00,359.00,9.580000,1.710000,0.00,cifi0007.DBF
ABFS,10ABFS,F,SM,00,30,32,282.00,792,379.00,375.00,9.580000,1.710000,0.00,cifi0007.DBF
ABFS,10ABFS,F,SM,00,30,33,298.00,805,396.00,392.00,9.580000,1.710000,0.00,cifi0007.DBF
ABFS,10ABFS,F,SM,00,30,34,314.00,816,413.00,409.00,9.580000,1.710000,0.00,cifi0007.DBF
ABFS,10ABFS,F,SM,00,30,35,330.00,826,431.00,427.00,9.580000,1.710000,0.00,cifi0007.DBF
ABFS,10ABFS,F,SM,00,30,36,347.00,838,448.00,444.00,9.580000,1.710000,0.00,cifi0007.DBF
ABFS,10ABFS,F,SM,00,30,37,364.00,848,465.00,461.00,9.580000,1.710000,0.00,cifi0007.DBF
ABFS,10ABFS,F,SM,00,30,38,381.00,857,483.00,479.00,9.580000,1.710000,0.00,cifi0007.DBF
ABFS,10ABFS,F,SM,00,30,39,399.00,866,501.00,497.00,9.580000,1.710000,0.00,cifi0007.DBF
ABFS,10ABFS,F,SM,00,30,40,417.00,875,519.00,515.00,9.580000,1.710000,0.00,cifi0007.DBF
ABFS,10ABFS,F,SM,00,30,41,436.00,883,537.00,533.00,9.580000,1.710000,0.00,cifi0007.DBF
ABFS,10ABFS,F,SM,00,30,42,455.00,891,556.00,551.00,9.580000,1.710000,0.00,cifi0007.DBF
ABFS,10ABFS,F,SM,00,30,43,474.00,897,574.00,570.00,9.580000,1.710000,0.00,cifi0007.DBF
ABFS,10ABFS,F,SM,00,30,44,494.00,905,593.00,588.00,9.580000,1.710000,0.00,cifi0007.DBF
ABFS,10ABFS,F,SM,00,30,45,513.00,911,611.00,607.00,9.580000,1.710000,0.00,cifi0007.DBF
ABFS,10ABFS,F,SM,00,30,46,532.00,917,628.00,624.00,9.580000,1.710000,0.00,cifi0007.DBF
ABFS,10ABFS,F,SM,00,30,47,551.00,923,645.00,641.00,9.580000,1.710000,0.00,cifi0007.DBF
ABFS,10ABFS,F,SM,00,30,48,569.00,928,662.00,658.00,9.580000,1.710000,0.00,cifi0007.DBF
ABFS,10ABFS,F,SM,00,30,49,588.00,934,679.00,675.00,9.580000,1.710000,0.00,cifi0007.DBF
ABFS,10ABFS,F,SM,00,30,50,606.00,938,695.00,692.00,9.580000,1.710000,0.00,cifi0007.DBF
ABFS,10ABFS,F,SM,00,30,51,624.00,942,711.00,708.00,9.580000,1.710000,0.00,cifi0007.DBF
ABFS,10ABFS,F,SM,00,30,52,642.00,946,726.00,723.00,9.580000,1.710000,0.00,cifi0007.DBF
ABFS,10ABFS,F,SM,00,30,53,660.00,950,741.00,738.00,9.580000,1.710000,0.00,cifi0007.DBF
ABFS,10ABFS,F,SM,00,30,54,677.00,954,756.00,753.00,9.580000,1.710000,0.00,cifi0007.DBF
ABFS,10ABFS,F,SM,00,30,55,693.00,956,769.00,767.00,9.580000,1.710000,0.00,cifi0007.DBF
ABFS,10ABFS,F,SM,00,30,56,709.00,960,782.00,780.00,9.580000,1.710000,0.00,cifi0007.DBF
ABFS,10ABFS,F,SM,00,30,57,724.00,963,795.00,793.00,9.580000,1.710000,0.00,cifi0007.DBF
ABFS,10ABFS,F,SM,00,30,58,739.00,966,806.00,805.00,9.580000,1.710000,0.00,cifi0007.DBF
ABFS,10ABFS,F,SM,00,30,59,753.00,968,818.00,817.00,9.580000,1.710000,0.00,cifi0007.DBF
ABFS,10ABFS,F,SM,00,30,60,767.00,970,829.00,828.00,9.580000,1.710000,0.00,cifi0007.DBF
ABFS,10ABFS,F,SM,00,30,61,782.00,973,840.00,839.00,9.580000,1.710000,0.00,cifi0007.DBF
ABFS,10ABFS,F,SM,00,30,62,796.00,975,851.00,850.00,9.580000,1.710000,0.00,cifi0007.DBF
ABFS,10ABFS,F,SM,00,30,63,812.00,978,863.00,862.00,9.580000,1.710000,0.00,cifi0007.DBF
ABFS,10ABFS,F,SM,00,30,64,828.00,980,875.00,874.00,9.580000,1.710000,0.00,cifi0007.DBF
ABFS,10ABFS,F,SM,00,30,65,846.00,982,889.00,887.00,9.580000,1.710000,0.00,cifi0007.DBF
ABFS,10ABFS,F,SM,00,30,66,866.00,985,903.00,901.00,9.580000,1.710000,0.00,cifi0007.DBF
ABFS,10ABFS,F,SM,00,30,67,888.00,988,919.00,916.00,9.580000,1.710000,0.00,cifi0007.DBF
ABFS,10ABFS,F,SM,00,30,68,910.00,990,935.00,932.00,9.580000,1.710000,0.00,cifi0007.DBF
ABFS,10ABFS,F,SM,00,30,69,932.00,993,947.00,946.00,9.580000,1.710000,0.00,cifi0007.DBF
ABFS,10ABFS,F,SM,00,31,1,0.00,0,0.00,1.00,10.020000,1.770000,0.00,cifi0007.DBF
ABFS,10ABFS,F,SM,00,31,2,0.00,0,9.00,10.00,10.020000,1.770000,0.00,cifi0007.DBF
ABFS,10ABFS,F,SM,00,31,3,0.00,0,17.00,18.00,10.020000,1.770000,0.00,cifi0007.DBF
ABFS,10ABFS,F,SM,00,31,4,5.00,45,27.00,27.00,10.020000,1.770000,0.00,cifi0007.DBF
ABFS,10ABFS,F,SM,00,31,5,11.00,93,36.00,37.00,10.020000,1.770000,0.00,cifi0007.DBF
ABFS,10ABFS,F,SM,00,31,6,18.00,145,46.00,46.00,10.020000,1.770000,0.00,cifi0007.DBF
ABFS,10ABFS,F,SM,00,31,7,25.00,192,56.00,56.00,10.020000,1.770000,0.00,cifi0007.DBF
ABFS,10ABFS,F,SM,00,31,8,32.00,235,66.00,66.00,10.020000,1.770000,0.00,cifi0007.DBF
ABFS,10ABFS,F,SM,00,31,9,39.00,273,77.00,77.00,10.020000,1.770000,0.00,cifi0007.DBF
ABFS,10ABFS,F,SM,00,31,10,47.00,314,88.00,88.00,10.020000,1.770000,0.00,cifi0007.DBF
ABFS,10ABFS,F,SM,00,31,11,54.00,345,99.00,99.00,10.020000,1.770000,0.00,cifi0007.DBF
ABFS,10ABFS,F,SM,00,31,12,62.00,379,110.00,110.00,10.020000,1.770000,0.00,cifi0007.DBF
ABFS,10ABFS,F,SM,00,31,13,71.00,415,121.00,121.00,10.020000,1.770000,0.00,cifi0007.DBF
ABFS,10ABFS,F,SM,00,31,14,79.00,442,133.00,132.00,10.020000,1.770000,0.00,cifi0007.DBF
ABFS,10ABFS,F,SM,00,31,15,88.00,471,145.00,144.00,10.020000,1.770000,0.00,cifi0007.DBF
ABFS,10ABFS,F,SM,00,31,16,97.00,498,157.00,156.00,10.020000,1.770000,0.00,cifi0007.DBF
ABFS,10ABFS,F,SM,00,31,17,107.00,526,169.00,168.00,10.020000,1.770000,0.00,cifi0007.DBF
ABFS,10ABFS,F,SM,00,31,18,117.00,552,182.00,181.00,10.020000,1.770000,0.00,cifi0007.DBF
ABFS,10ABFS,F,SM,00,31,19,127.00,574,195.00,194.00,10.020000,1.770000,0.00,cifi0007.DBF
ABFS,10ABFS,F,SM,00,31,20,137.00,595,208.00,207.00,10.020000,1.770000,0.00,cifi0007.DBF
ABFS,10ABFS,F,SM,00,31,21,148.00,616,222.00,220.00,10.020000,1.770000,0.00,cifi0007.DBF
ABFS,10ABFS,F,SM,00,31,22,159.00,636,236.00,234.00,10.020000,1.770000,0.00,cifi0007.DBF
ABFS,10ABFS,F,SM,00,31,23,171.00,657,250.00,248.00,10.020000,1.770000,0.00,cifi0007.DBF
ABFS,10ABFS,F,SM,00,31,24,183.00,676,264.00,262.00,10.020000,1.770000,0.00,cifi0007.DBF
ABFS,10ABFS,F,SM,00,31,25,195.00,692,279.00,277.00,10.020000,1.770000,0.00,cifi0007.DBF
ABFS,10ABFS,F,SM,00,31,26,207.00,707,294.00,292.00,10.020000,1.770000,0.00,cifi0007.DBF
ABFS,10ABFS,F,SM,00,31,27,220.00,722,309.00,307.00,10.020000,1.770000,0.00,cifi0007.DBF
ABFS,10ABFS,F,SM,00,31,28,234.00,739,324.00,322.00,10.020000,1.770000,0.00,cifi0007.DBF
ABFS,10ABFS,F,SM,00,31,29,248.00,753,340.00,337.00,10.020000,1.770000,0.00,cifi0007.DBF
ABFS,10ABFS,F,SM,00,31,30,263.00,768,357.00,354.00,10.020000,1.770000,0.00,cifi0007.DBF
ABFS,10ABFS,F,SM,00,31,31,278.00,780,374.00,371.00,10.020000,1.770000,0.00,cifi0007.DBF
ABFS,10ABFS,F,SM,00,31,32,294.00,794,391.00,388.00,10.020000,1.770000,0.00,cifi0007.DBF
ABFS,10ABFS,F,SM,00,31,33,310.00,806,408.00,405.00,10.020000,1.770000,0.00,cifi0007.DBF
ABFS,10ABFS,F,SM,00,31,34,327.00,819,426.00,422.00,10.020000,1.770000,0.00,cifi0007.DBF
ABFS,10ABFS,F,SM,00,31,35,343.00,828,443.00,440.00,10.020000,1.770000,0.00,cifi0007.DBF
ABFS,10ABFS,F,SM,00,31,36,360.00,839,461.00,457.00,10.020000,1.770000,0.00,cifi0007.DBF
ABFS,10ABFS,F,SM,00,31,37,378.00,850,478.00,475.00,10.020000,1.770000,0.00,cifi0007.DBF
ABFS,10ABFS,F,SM,00,31,38,395.00,858,496.00,492.00,10.020000,1.770000,0.00,cifi0007.DBF
ABFS,10ABFS,F,SM,00,31,39,414.00,868,515.00,511.00,10.020000,1.770000,0.00,cifi0007.DBF
ABFS,10ABFS,F,SM,00,31,40,433.00,877,533.00,529.00,10.020000,1.770000,0.00,cifi0007.DBF
ABFS,10ABFS,F,SM,00,31,41,452.00,885,552.00,548.00,10.020000,1.770000,0.00,cifi0007.DBF
ABFS,10ABFS,F,SM,00,31,42,472.00,893,571.00,567.00,10.020000,1.770000,0.00,cifi0007.DBF
ABFS,10ABFS,F,SM,00,31,43,491.00,900,589.00,585.00,10.020000,1.770000,0.00,cifi0007.DBF
ABFS,10ABFS,F,SM,00,31,44,510.00,906,608.00,604.00,10.020000,1.770000,0.00,cifi0007.DBF
ABFS,10ABFS,F,SM,00,31,45,530.00,914,625.00,622.00,10.020000,1.770000,0.00,cifi0007.DBF
ABFS,10ABFS,F,SM,00,31,46,548.00,918,643.00,639.00,10.020000,1.770000,0.00,cifi0007.DBF
ABFS,10ABFS,F,SM,00,31,47,567.00,924,659.00,656.00,10.020000,1.770000,0.00,cifi0007.DBF
ABFS,10ABFS,F,SM,00,31,48,586.00,930,676.00,673.00,10.020000,1.770000,0.00,cifi0007.DBF
ABFS,10ABFS,F,SM,00,31,49,604.00,935,692.00,689.00,10.020000,1.770000,0.00,cifi0007.DBF
ABFS,10ABFS,F,SM,00,31,50,622.00,939,708.00,705.00,10.020000,1.770000,0.00,cifi0007.DBF
ABFS,10ABFS,F,SM,00,31,51,640.00,943,724.00,721.00,10.020000,1.770000,0.00,cifi0007.DBF
ABFS,10ABFS,F,SM,00,31,52,658.00,947,739.00,737.00,10.020000,1.770000,0.00,cifi0007.DBF
ABFS,10ABFS,F,SM,00,31,53,675.00,951,754.00,752.00,10.020000,1.770000,0.00,cifi0007.DBF
ABFS,10ABFS,F,SM,00,31,54,692.00,955,768.00,766.00,10.020000,1.770000,0.00,cifi0007.DBF
ABFS,10ABFS,F,SM,00,31,55,708.00,958,781.00,780.00,10.020000,1.770000,0.00,cifi0007.DBF
ABFS,10ABFS,F,SM,00,31,56,723.00,961,793.00,792.00,10.020000,1.770000,0.00,cifi0007.DBF
ABFS,10ABFS,F,SM,00,31,57,738.00,964,805.00,804.00,10.020000,1.770000,0.00,cifi0007.DBF
ABFS,10ABFS,F,SM,00,31,58,752.00,967,816.00,816.00,10.020000,1.770000,0.00,cifi0007.DBF
ABFS,10ABFS,F,SM,00,31,59,766.00,969,827.00,827.00,10.020000,1.770000,0.00,cifi0007.DBF
ABFS,10ABFS,F,SM,00,31,60,780.00,971,839.00,838.00,10.020000,1.770000,0.00,cifi0007.DBF
ABFS,10ABFS,F,SM,00,31,61,795.00,974,850.00,850.00,10.020000,1.770000,0.00,cifi0007.DBF
ABFS,10ABFS,F,SM,00,31,62,811.00,977,862.00,861.00,10.020000,1.770000,0.00,cifi0007.DBF
ABFS,10ABFS,F,SM,00,31,63,827.00,979,874.00,873.00,10.020000,1.770000,0.00,cifi0007.DBF
ABFS,10ABFS,F,SM,00,31,64,846.00,982,888.00,886.00,10.020000,1.770000,0.00,cifi0007.DBF
ABFS,10ABFS,F,SM,00,31,65,866.00,985,903.00,901.00,10.020000,1.770000,0.00,cifi0007.DBF
ABFS,10ABFS,F,SM,00,31,66,887.00,987,918.00,916.00,10.020000,1.770000,0.00,cifi0007.DBF
ABFS,10ABFS,F,SM,00,31,67,910.00,990,934.00,931.00,10.020000,1.770000,0.00,cifi0007.DBF
ABFS,10ABFS,F,SM,00,31,68,932.00,993,947.00,946.00,10.020000,1.770000,0.00,cifi0007.DBF
ABFS,10ABFS,F,SM,00,32,1,0.00,0,0.00,1.00,10.470000,1.850000,0.00,cifi0007.DBF
ABFS,10ABFS,F,SM,00,32,2,0.00,0,9.00,10.00,10.470000,1.850000,0.00,cifi0007.DBF
ABFS,10ABFS,F,SM,00,32,3,0.00,0,18.00,19.00,10.470000,1.850000,0.00,cifi0007.DBF
ABFS,10ABFS,F,SM,00,32,4,6.00,51,28.00,28.00,10.470000,1.850000,0.00,cifi0007.DBF
ABFS,10ABFS,F,SM,00,32,5,12.00,97,38.00,38.00,10.470000,1.850000,0.00,cifi0007.DBF
ABFS,10ABFS,F,SM,00,32,6,19.00,146,48.00,48.00,10.470000,1.850000,0.00,cifi0007.DBF
ABFS,10ABFS,F,SM,00,32,7,26.00,191,58.00,58.00,10.470000,1.850000,0.00,cifi0007.DBF
ABFS,10ABFS,F,SM,00,32,8,34.00,238,69.00,69.00,10.470000,1.850000,0.00,cifi0007.DBF
ABFS,10ABFS,F,SM,00,32,9,41.00,274,80.00,80.00,10.470000,1.850000,0.00,cifi0007.DBF
ABFS,10ABFS,F,SM,00,32,10,49.00,313,91.00,91.00,10.470000,1.850000,0.00,cifi0007.DBF
ABFS,10ABFS,F,SM,00,32,11,57.00,348,102.00,102.00,10.470000,1.850000,0.00,cifi0007.DBF
ABFS,10ABFS,F,SM,00,32,12,66.00,386,114.00,113.00,10.470000,1.850000,0.00,cifi0007.DBF
ABFS,10ABFS,F,SM,00,32,13,74.00,414,125.00,125.00,10.470000,1.850000,0.00,cifi0007.DBF
ABFS,10ABFS,F,SM,00,32,14,83.00,445,137.00,136.00,10.470000,1.850000,0.00,cifi0007.DBF
ABFS,10ABFS,F,SM,00,32,15,92.00,472,150.00,149.00,10.470000,1.850000,0.00,cifi0007.DBF
ABFS,10ABFS,F,SM,00,32,16,102.00,502,162.00,161.00,10.470000,1.850000,0.00,cifi0007.DBF
ABFS,10ABFS,F,SM,00,32,17,112.00,528,175.00,174.00,10.470000,1.850000,0.00,cifi0007.DBF
ABFS,10ABFS,F,SM,00,32,18,122.00,552,188.00,187.00,10.470000,1.850000,0.00,cifi0007.DBF
ABFS,10ABFS,F,SM,00,32,19,132.00,573,202.00,200.00,10.470000,1.850000,0.00,cifi0007.DBF
ABFS,10ABFS,F,SM,00,32,20,143.00,596,215.00,214.00,10.470000,1.850000,0.00,cifi0007.DBF
ABFS,10ABFS,F,SM,00,32,21,155.00,620,229.00,227.00,10.470000,1.850000,0.00,cifi0007.DBF
ABFS,10ABFS,F,SM,00,32,22,166.00,638,243.00,241.00,10.470000,1.850000,0.00,cifi0007.DBF
ABFS,10ABFS,F,SM,00,32,23,178.00,657,258.00,256.00,10.470000,1.850000,0.00,cifi0007.DBF
ABFS,10ABFS,F,SM,00,32,24,190.00,674,272.00,270.00,10.470000,1.850000,0.00,cifi0007.DBF
ABFS,10ABFS,F,SM,00,32,25,203.00,693,287.00,285.00,10.470000,1.850000,0.00,cifi0007.DBF
ABFS,10ABFS,F,SM,00,32,26,216.00,709,303.00,300.00,10.470000,1.850000,0.00,cifi0007.DBF
ABFS,10ABFS,F,SM,00,32,27,230.00,726,319.00,316.00,10.470000,1.850000,0.00,cifi0007.DBF
ABFS,10ABFS,F,SM,00,32,28,244.00,741,335.00,332.00,10.470000,1.850000,0.00,cifi0007.DBF
ABFS,10ABFS,F,SM,00,32,29,259.00,756,351.00,348.00,10.470000,1.850000,0.00,cifi0007.DBF
ABFS,10ABFS,F,SM,00,32,30,274.00,769,368.00,365.00,10.470000,1.850000,0.00,cifi0007.DBF
ABFS,10ABFS,F,SM,00,32,31,290.00,783,386.00,382.00,10.470000,1.850000,0.00,cifi0007.DBF
ABFS,10ABFS,F,SM,00,32,32,307.00,798,403.00,400.00,10.470000,1.850000,0.00,cifi0007.DBF
ABFS,10ABFS,F,SM,00,32,33,323.00,809,421.00,417.00,10.470000,1.850000,0.00,cifi0007.DBF
ABFS,10ABFS,F,SM,00,32,34,340.00,821,438.00,435.00,10.470000,1.850000,0.00,cifi0007.DBF
ABFS,10ABFS,F,SM,00,32,35,357.00,832,456.00,452.00,10.470000,1.850000,0.00,cifi0007.DBF
ABFS,10ABFS,F,SM,00,32,36,374.00,841,474.00,470.00,10.470000,1.850000,0.00,cifi0007.DBF
ABFS,10ABFS,F,SM,00,32,37,392.00,851,492.00,488.00,10.470000,1.850000,0.00,cifi0007.DBF
ABFS,10ABFS,F,SM,00,32,38,411.00,862,511.00,507.00,10.470000,1.850000,0.00,cifi0007.DBF
ABFS,10ABFS,F,SM,00,32,39,430.00,871,529.00,525.00,10.470000,1.850000,0.00,cifi0007.DBF
ABFS,10ABFS,F,SM,00,32,40,449.00,879,548.00,544.00,10.470000,1.850000,0.00,cifi0007.DBF
ABFS,10ABFS,F,SM,00,32,41,469.00,888,567.00,563.00,10.470000,1.850000,0.00,cifi0007.DBF
ABFS,10ABFS,F,SM,00,32,42,488.00,894,586.00,582.00,10.470000,1.850000,0.00,cifi0007.DBF
ABFS,10ABFS,F,SM,00,32,43,508.00,902,604.00,600.00,10.470000,1.850000,0.00,cifi0007.DBF
ABFS,10ABFS,F,SM,00,32,44,527.00,909,622.00,618.00,10.470000,1.850000,0.00,cifi0007.DBF
ABFS,10ABFS,F,SM,00,32,45,546.00,915,639.00,636.00,10.470000,1.850000,0.00,cifi0007.DBF
ABFS,10ABFS,F,SM,00,32,46,565.00,921,656.00,653.00,10.470000,1.850000,0.00,cifi0007.DBF
ABFS,10ABFS,F,SM,00,32,47,583.00,926,673.00,670.00,10.470000,1.850000,0.00,cifi0007.DBF
ABFS,10ABFS,F,SM,00,32,48,602.00,931,690.00,687.00,10.470000,1.850000,0.00,cifi0007.DBF
ABFS,10ABFS,F,SM,00,32,49,620.00,936,706.00,703.00,10.470000,1.850000,0.00,cifi0007.DBF
ABFS,10ABFS,F,SM,00,32,50,638.00,940,722.00,719.00,10.470000,1.850000,0.00,cifi0007.DBF
ABFS,10ABFS,F,SM,00,32,51,656.00,944,737.00,735.00,10.470000,1.850000,0.00,cifi0007.DBF
ABFS,10ABFS,F,SM,00,32,52,674.00,949,752.00,750.00,10.470000,1.850000,0.00,cifi0007.DBF
ABFS,10ABFS,F,SM,00,32,53,690.00,952,766.00,764.00,10.470000,1.850000,0.00,cifi0007.DBF
ABFS,10ABFS,F,SM,00,32,54,706.00,956,779.00,778.00,10.470000,1.850000,0.00,cifi0007.DBF
ABFS,10ABFS,F,SM,00,32,55,721.00,959,791.00,790.00,10.470000,1.850000,0.00,cifi0007.DBF
ABFS,10ABFS,F,SM,00,32,56,736.00,962,803.00,802.00,10.470000,1.850000,0.00,cifi0007.DBF
ABFS,10ABFS,F,SM,00,32,57,750.00,964,815.00,814.00,10.470000,1.850000,0.00,cifi0007.DBF
ABFS,10ABFS,F,SM,00,32,58,765.00,968,826.00,826.00,10.470000,1.850000,0.00,cifi0007.DBF
ABFS,10ABFS,F,SM,00,32,59,779.00,970,837.00,837.00,10.470000,1.850000,0.00,cifi0007.DBF
ABFS,10ABFS,F,SM,00,32,60,794.00,972,849.00,848.00,10.470000,1.850000,0.00,cifi0007.DBF
ABFS,10ABFS,F,SM,00,32,61,810.00,976,860.00,860.00,10.470000,1.850000,0.00,cifi0007.DBF
ABFS,10ABFS,F,SM,00,32,62,826.00,977,873.00,872.00,10.470000,1.850000,0.00,cifi0007.DBF
ABFS,10ABFS,F,SM,00,32,63,845.00,981,887.00,885.00,10.470000,1.850000,0.00,cifi0007.DBF
ABFS,10ABFS,F,SM,00,32,64,865.00,984,902.00,900.00,10.470000,1.850000,0.00,cifi0007.DBF
ABFS,10ABFS,F,SM,00,32,65,887.00,987,918.00,915.00,10.470000,1.850000,0.00,cifi0007.DBF
ABFS,10ABFS,F,SM,00,32,66,909.00,989,934.00,931.00,10.470000,1.850000,0.00,cifi0007.DBF
ABFS,10ABFS,F,SM,00,32,67,932.00,993,946.00,945.00,10.470000,1.850000,0.00,cifi0007.DBF
ABFS,10ABFS,F,SM,00,33,1,0.00,0,0.00,1.00,10.960000,1.930000,0.00,cifi0007.DBF
ABFS,10ABFS,F,SM,00,33,2,0.00,0,9.00,10.00,10.960000,1.930000,0.00,cifi0007.DBF
ABFS,10ABFS,F,SM,00,33,3,0.00,0,19.00,19.00,10.960000,1.930000,0.00,cifi0007.DBF
ABFS,10ABFS,F,SM,00,33,4,7.00,57,29.00,29.00,10.960000,1.930000,0.00,cifi0007.DBF
ABFS,10ABFS,F,SM,00,33,5,14.00,108,39.00,39.00,10.960000,1.930000,0.00,cifi0007.DBF
ABFS,10ABFS,F,SM,00,33,6,21.00,154,50.00,50.00,10.960000,1.930000,0.00,cifi0007.DBF
ABFS,10ABFS,F,SM,00,33,7,28.00,196,60.00,60.00,10.960000,1.930000,0.00,cifi0007.DBF
ABFS,10ABFS,F,SM,00,33,8,36.00,241,71.00,71.00,10.960000,1.930000,0.00,cifi0007.DBF
ABFS,10ABFS,F,SM,00,33,9,44.00,281,83.00,82.00,10.960000,1.930000,0.00,cifi0007.DBF
ABFS,10ABFS,F,SM,00,33,10,52.00,318,94.00,94.00,10.960000,1.930000,0.00,cifi0007.DBF
ABFS,10ABFS,F,SM,00,33,11,60.00,351,106.00,105.00,10.960000,1.930000,0.00,cifi0007.DBF
ABFS,10ABFS,F,SM,00,33,12,69.00,386,117.00,117.00,10.960000,1.930000,0.00,cifi0007.DBF
ABFS,10ABFS,F,SM,00,33,13,78.00,418,130.00,129.00,10.960000,1.930000,0.00,cifi0007.DBF
ABFS,10ABFS,F,SM,00,33,14,87.00,447,142.00,141.00,10.960000,1.930000,0.00,cifi0007.DBF
ABFS,10ABFS,F,SM,00,33,15,97.00,477,155.00,154.00,10.960000,1.930000,0.00,cifi0007.DBF
ABFS,10ABFS,F,SM,00,33,16,107.00,505,168.00,167.00,10.960000,1.930000,0.00,cifi0007.DBF
ABFS,10ABFS,F,SM,00,33,17,117.00,529,181.00,180.00,10.960000,1.930000,0.00,cifi0007.DBF
ABFS,10ABFS,F,SM,00,33,18,127.00,551,194.00,193.00,10.960000,1.930000,0.00,cifi0007.DBF
ABFS,10ABFS,F,SM,00,33,19,138.00,575,208.00,206.00,10.960000,1.930000,0.00,cifi0007.DBF
ABFS,10ABFS,F,SM,00,33,20,150.00,600,222.00,220.00,10.960000,1.930000,0.00,cifi0007.DBF
ABFS,10ABFS,F,SM,00,33,21,161.00,618,237.00,235.00,10.960000,1.930000,0.00,cifi0007.DBF
ABFS,10ABFS,F,SM,00,33,22,173.00,639,251.00,249.00,10.960000,1.930000,0.00,cifi0007.DBF
ABFS,10ABFS,F,SM,00,33,23,186.00,660,266.00,264.00,10.960000,1.930000,0.00,cifi0007.DBF
ABFS,10ABFS,F,SM,00,33,24,198.00,676,281.00,279.00,10.960000,1.930000,0.00,cifi0007.DBF
ABFS,10ABFS,F,SM,00,33,25,212.00,696,296.00,294.00,10.960000,1.930000,0.00,cifi0007.DBF
ABFS,10ABFS,F,SM,00,33,26,225.00,710,312.00,309.00,10.960000,1.930000,0.00,cifi0007.DBF
ABFS,10ABFS,F,SM,00,33,27,240.00,729,329.00,326.00,10.960000,1.930000,0.00,cifi0007.DBF
ABFS,10ABFS,F,SM,00,33,28,255.00,744,346.00,343.00,10.960000,1.930000,0.00,cifi0007.DBF
ABFS,10ABFS,F,SM,00,33,29,270.00,758,363.00,360.00,10.960000,1.930000,0.00,cifi0007.DBF
ABFS,10ABFS,F,SM,00,33,30,286.00,772,380.00,377.00,10.960000,1.930000,0.00,cifi0007.DBF
ABFS,10ABFS,F,SM,00,33,31,303.00,788,398.00,394.00,10.960000,1.930000,0.00,cifi0007.DBF
ABFS,10ABFS,F,SM,00,33,32,319.00,799,416.00,412.00,10.960000,1.930000,0.00,cifi0007.DBF
ABFS,10ABFS,F,SM,00,33,33,336.00,811,433.00,430.00,10.960000,1.930000,0.00,cifi0007.DBF
ABFS,10ABFS,F,SM,00,33,34,353.00,822,451.00,447.00,10.960000,1.930000,0.00,cifi0007.DBF
ABFS,10ABFS,F,SM,00,33,35,371.00,834,469.00,465.00,10.960000,1.930000,0.00,cifi0007.DBF
ABFS,10ABFS,F,SM,00,33,36,389.00,845,487.00,483.00,10.960000,1.930000,0.00,cifi0007.DBF
ABFS,10ABFS,F,SM,00,33,37,407.00,854,506.00,502.00,10.960000,1.930000,0.00,cifi0007.DBF
ABFS,10ABFS,F,SM,00,33,38,426.00,863,525.00,521.00,10.960000,1.930000,0.00,cifi0007.DBF
ABFS,10ABFS,F,SM,00,33,39,446.00,873,544.00,540.00,10.960000,1.930000,0.00,cifi0007.DBF
ABFS,10ABFS,F,SM,00,33,40,466.00,882,563.00,559.00,10.960000,1.930000,0.00,cifi0007.DBF
ABFS,10ABFS,F,SM,00,33,41,485.00,889,582.00,578.00,10.960000,1.930000,0.00,cifi0007.DBF
ABFS,10ABFS,F,SM,00,33,42,505.00,897,601.00,597.00,10.960000,1.930000,0.00,cifi0007.DBF
ABFS,10ABFS,F,SM,00,33,43,524.00,904,619.00,615.00,10.960000,1.930000,0.00,cifi0007.DBF
ABFS,10ABFS,F,SM,00,33,44,543.00,910,636.00,633.00,10.960000,1.930000,0.00,cifi0007.DBF
ABFS,10ABFS,F,SM,00,33,45,562.00,916,653.00,650.00,10.960000,1.930000,0.00,cifi0007.DBF
ABFS,10ABFS,F,SM,00,33,46,581.00,922,670.00,667.00,10.960000,1.930000,0.00,cifi0007.DBF
ABFS,10ABFS,F,SM,00,33,47,600.00,928,687.00,684.00,10.960000,1.930000,0.00,cifi0007.DBF
ABFS,10ABFS,F,SM,00,33,48,618.00,933,703.00,700.00,10.960000,1.930000,0.00,cifi0007.DBF
ABFS,10ABFS,F,SM,00,33,49,636.00,937,719.00,716.00,10.960000,1.930000,0.00,cifi0007.DBF
ABFS,10ABFS,F,SM,00,33,50,654.00,942,735.00,732.00,10.960000,1.930000,0.00,cifi0007.DBF
ABFS,10ABFS,F,SM,00,33,51,672.00,947,749.00,747.00,10.960000,1.930000,0.00,cifi0007.DBF
ABFS,10ABFS,F,SM,00,33,52,688.00,950,763.00,761.00,10.960000,1.930000,0.00,cifi0007.DBF
ABFS,10ABFS,F,SM,00,33,53,704.00,953,777.00,775.00,10.960000,1.930000,0.00,cifi0007.DBF
ABFS,10ABFS,F,SM,00,33,54,720.00,957,789.00,788.00,10.960000,1.930000,0.00,cifi0007.DBF
ABFS,10ABFS,F,SM,00,33,55,735.00,960,801.00,800.00,10.960000,1.930000,0.00,cifi0007.DBF
ABFS,10ABFS,F,SM,00,33,56,749.00,963,813.00,812.00,10.960000,1.930000,0.00,cifi0007.DBF
ABFS,10ABFS,F,SM,00,33,57,763.00,965,824.00,824.00,10.960000,1.930000,0.00,cifi0007.DBF
ABFS,10ABFS,F,SM,00,33,58,778.00,968,836.00,835.00,10.960000,1.930000,0.00,cifi0007.DBF
ABFS,10ABFS,F,SM,00,33,59,793.00,971,847.00,847.00,10.960000,1.930000,0.00,cifi0007.DBF
ABFS,10ABFS,F,SM,00,33,60,808.00,973,859.00,858.00,10.960000,1.930000,0.00,cifi0007.DBF
ABFS,10ABFS,F,SM,00,33,61,825.00,976,872.00,871.00,10.960000,1.930000,0.00,cifi0007.DBF
ABFS,10ABFS,F,SM,00,33,62,844.00,980,886.00,884.00,10.960000,1.930000,0.00,cifi0007.DBF
ABFS,10ABFS,F,SM,00,33,63,864.00,982,901.00,899.00,10.960000,1.930000,0.00,cifi0007.DBF
ABFS,10ABFS,F,SM,00,33,64,886.00,986,917.00,914.00,10.960000,1.930000,0.00,cifi0007.DBF
ABFS,10ABFS,F,SM,00,33,65,909.00,989,933.00,930.00,10.960000,1.930000,0.00,cifi0007.DBF
ABFS,10ABFS,F,SM,00,33,66,931.00,992,946.00,945.00,10.960000,1.930000,0.00,cifi0007.DBF
ABFS,10ABFS,F,SM,00,34,1,0.00,0,0.00,1.00,11.470000,2.050000,0.00,cifi0007.DBF
ABFS,10ABFS,F,SM,00,34,2,0.00,0,10.00,11.00,11.470000,2.050000,0.00,cifi0007.DBF
ABFS,10ABFS,F,SM,00,34,3,1.00,9,20.00,21.00,11.470000,2.050000,0.00,cifi0007.DBF
ABFS,10ABFS,F,SM,00,34,4,7.00,54,30.00,31.00,11.470000,2.050000,0.00,cifi0007.DBF
ABFS,10ABFS,F,SM,00,34,5,15.00,110,41.00,41.00,11.470000,2.050000,0.00,cifi0007.DBF
ABFS,10ABFS,F,SM,00,34,6,22.00,154,52.00,52.00,11.470000,2.050000,0.00,cifi0007.DBF
ABFS,10ABFS,F,SM,00,34,7,30.00,201,63.00,63.00,11.470000,2.050000,0.00,cifi0007.DBF
ABFS,10ABFS,F,SM,00,34,8,38.00,243,74.00,74.00,11.470000,2.050000,0.00,cifi0007.DBF
ABFS,10ABFS,F,SM,00,34,9,46.00,281,85.00,85.00,11.470000,2.050000,0.00,cifi0007.DBF
ABFS,10ABFS,F,SM,00,34,10,54.00,316,97.00,97.00,11.470000,2.050000,0.00,cifi0007.DBF
ABFS,10ABFS,F,SM,00,34,11,63.00,353,109.00,109.00,11.470000,2.050000,0.00,cifi0007.DBF
ABFS,10ABFS,F,SM,00,34,12,72.00,386,121.00,121.00,11.470000,2.050000,0.00,cifi0007.DBF
ABFS,10ABFS,F,SM,00,34,13,81.00,416,134.00,133.00,11.470000,2.050000,0.00,cifi0007.DBF
ABFS,10ABFS,F,SM,00,34,14,91.00,448,147.00,146.00,11.470000,2.050000,0.00,cifi0007.DBF
ABFS,10ABFS,F,SM,00,34,15,101.00,476,160.00,159.00,11.470000,2.050000,0.00,cifi0007.DBF
ABFS,10ABFS,F,SM,00,34,16,111.00,502,173.00,172.00,11.470000,2.050000,0.00,cifi0007.DBF
ABFS,10ABFS,F,SM,00,34,17,122.00,530,187.00,186.00,11.470000,2.050000,0.00,cifi0007.DBF
ABFS,10ABFS,F,SM,00,34,18,133.00,554,201.00,200.00,11.470000,2.050000,0.00,cifi0007.DBF
ABFS,10ABFS,F,SM,00,34,19,144.00,576,215.00,214.00,11.470000,2.050000,0.00,cifi0007.DBF
ABFS,10ABFS,F,SM,00,34,20,156.00,599,229.00,228.00,11.470000,2.050000,0.00,cifi0007.DBF
ABFS,10ABFS,F,SM,00,34,21,168.00,620,244.00,242.00,11.470000,2.050000,0.00,cifi0007.DBF
ABFS,10ABFS,F,SM,00,34,22,181.00,642,259.00,257.00,11.470000,2.050000,0.00,cifi0007.DBF
ABFS,10ABFS,F,SM,00,34,23,193.00,659,274.00,272.00,11.470000,2.050000,0.00,cifi0007.DBF
ABFS,10ABFS,F,SM,00,34,24,207.00,680,290.00,288.00,11.470000,2.050000,0.00,cifi0007.DBF
ABFS,10ABFS,F,SM,00,34,25,221.00,698,306.00,304.00,11.470000,2.050000,0.00,cifi0007.DBF
ABFS,10ABFS,F,SM,00,34,26,235.00,713,322.00,320.00,11.470000,2.050000,0.00,cifi0007.DBF
ABFS,10ABFS,F,SM,00,34,27,250.00,730,339.00,336.00,11.470000,2.050000,0.00,cifi0007.DBF
ABFS,10ABFS,F,SM,00,34,28,266.00,747,357.00,354.00,11.470000,2.050000,0.00,cifi0007.DBF
ABFS,10ABFS,F,SM,00,34,29,282.00,761,374.00,371.00,11.470000,2.050000,0.00,cifi0007.DBF
ABFS,10ABFS,F,SM,00,34,30,298.00,775,392.00,389.00,11.470000,2.050000,0.00,cifi0007.DBF
ABFS,10ABFS,F,SM,00,34,31,315.00,789,410.00,407.00,11.470000,2.050000,0.00,cifi0007.DBF
ABFS,10ABFS,F,SM,00,34,32,332.00,802,428.00,425.00,11.470000,2.050000,0.00,cifi0007.DBF
ABFS,10ABFS,F,SM,00,34,33,349.00,813,446.00,443.00,11.470000,2.050000,0.00,cifi0007.DBF
ABFS,10ABFS,F,SM,00,34,34,367.00,825,464.00,461.00,11.470000,2.050000,0.00,cifi0007.DBF
ABFS,10ABFS,F,SM,00,34,35,385.00,836,483.00,479.00,11.470000,2.050000,0.00,cifi0007.DBF
ABFS,10ABFS,F,SM,00,34,36,403.00,845,501.00,498.00,11.470000,2.050000,0.00,cifi0007.DBF
ABFS,10ABFS,F,SM,00,34,37,423.00,857,521.00,517.00,11.470000,2.050000,0.00,cifi0007.DBF
ABFS,10ABFS,F,SM,00,34,38,442.00,865,540.00,536.00,11.470000,2.050000,0.00,cifi0007.DBF
ABFS,10ABFS,F,SM,00,34,39,462.00,875,559.00,555.00,11.470000,2.050000,0.00,cifi0007.DBF
ABFS,10ABFS,F,SM,00,34,40,482.00,883,578.00,574.00,11.470000,2.050000,0.00,cifi0007.DBF
ABFS,10ABFS,F,SM,00,34,41,502.00,892,597.00,593.00,11.470000,2.050000,0.00,cifi0007.DBF
ABFS,10ABFS,F,SM,00,34,42,521.00,898,615.00,612.00,11.470000,2.050000,0.00,cifi0007.DBF
ABFS,10ABFS,F,SM,00,34,43,540.00,905,633.00,630.00,11.470000,2.050000,0.00,cifi0007.DBF
ABFS,10ABFS,F,SM,00,34,44,559.00,911,650.00,647.00,11.470000,2.050000,0.00,cifi0007.DBF
ABFS,10ABFS,F,SM,00,34,45,578.00,918,667.00,664.00,11.470000,2.050000,0.00,cifi0007.DBF
ABFS,10ABFS,F,SM,00,34,46,597.00,924,684.00,681.00,11.470000,2.050000,0.00,cifi0007.DBF
ABFS,10ABFS,F,SM,00,34,47,616.00,930,700.00,698.00,11.470000,2.050000,0.00,cifi0007.DBF
ABFS,10ABFS,F,SM,00,34,48,634.00,934,716.00,714.00,11.470000,2.050000,0.00,cifi0007.DBF
ABFS,10ABFS,F,SM,00,34,49,652.00,939,732.00,730.00,11.470000,2.050000,0.00,cifi0007.DBF
ABFS,10ABFS,F,SM,00,34,50,670.00,944,747.00,745.00,11.470000,2.050000,0.00,cifi0007.DBF
ABFS,10ABFS,F,SM,00,34,51,686.00,947,761.00,760.00,11.470000,2.050000,0.00,cifi0007.DBF
ABFS,10ABFS,F,SM,00,34,52,703.00,952,775.00,774.00,11.470000,2.050000,0.00,cifi0007.DBF
ABFS,10ABFS,F,SM,00,34,53,718.00,955,787.00,787.00,11.470000,2.050000,0.00,cifi0007.DBF
ABFS,10ABFS,F,SM,00,34,54,733.00,958,800.00,799.00,11.470000,2.050000,0.00,cifi0007.DBF
ABFS,10ABFS,F,SM,00,34,55,747.00,960,811.00,811.00,11.470000,2.050000,0.00,cifi0007.DBF
ABFS,10ABFS,F,SM,00,34,56,762.00,964,823.00,823.00,11.470000,2.050000,0.00,cifi0007.DBF
ABFS,10ABFS,F,SM,00,34,57,777.00,967,834.00,834.00,11.470000,2.050000,0.00,cifi0007.DBF
ABFS,10ABFS,F,SM,00,34,58,792.00,970,846.00,846.00,11.470000,2.050000,0.00,cifi0007.DBF
ABFS,10ABFS,F,SM,00,34,59,807.00,972,858.00,858.00,11.470000,2.050000,0.00,cifi0007.DBF
ABFS,10ABFS,F,SM,00,34,60,824.00,975,871.00,870.00,11.470000,2.050000,0.00,cifi0007.DBF
ABFS,10ABFS,F,SM,00,34,61,843.00,979,885.00,884.00,11.470000,2.050000,0.00,cifi0007.DBF
ABFS,10ABFS,F,SM,00,34,62,863.00,981,900.00,898.00,11.470000,2.050000,0.00,cifi0007.DBF
ABFS,10ABFS,F,SM,00,34,63,885.00,985,916.00,914.00,11.470000,2.050000,0.00,cifi0007.DBF
ABFS,10ABFS,F,SM,00,34,64,908.00,988,933.00,930.00,11.470000,2.050000,0.00,cifi0007.DBF
ABFS,10ABFS,F,SM,00,34,65,931.00,992,945.00,945.00,11.470000,2.050000,0.00,cifi0007.DBF
ABFS,10ABFS,F,SM,00,35,1,0.00,0,0.00,1.00,12.000000,2.130000,0.00,cifi0007.DBF
ABFS,10ABFS,F,SM,00,35,2,0.00,0,10.00,11.00,12.000000,2.130000,0.00,cifi0007.DBF
ABFS,10ABFS,F,SM,00,35,3,1.00,8,21.00,22.00,12.000000,2.130000,0.00,cifi0007.DBF
ABFS,10ABFS,F,SM,00,35,4,8.00,59,31.00,32.00,12.000000,2.130000,0.00,cifi0007.DBF
ABFS,10ABFS,F,SM,00,35,5,16.00,112,42.00,43.00,12.000000,2.130000,0.00,cifi0007.DBF
ABFS,10ABFS,F,SM,00,35,6,24.00,161,53.00,54.00,12.000000,2.130000,0.00,cifi0007.DBF
ABFS,10ABFS,F,SM,00,35,7,32.00,205,65.00,65.00,12.000000,2.130000,0.00,cifi0007.DBF
ABFS,10ABFS,F,SM,00,35,8,40.00,244,76.00,77.00,12.000000,2.130000,0.00,cifi0007.DBF
ABFS,10ABFS,F,SM,00,35,9,48.00,281,88.00,88.00,12.000000,2.130000,0.00,cifi0007.DBF
ABFS,10ABFS,F,SM,00,35,10,57.00,319,100.00,100.00,12.000000,2.130000,0.00,cifi0007.DBF
ABFS,10ABFS,F,SM,00,35,11,66.00,354,113.00,113.00,12.000000,2.130000,0.00,cifi0007.DBF
ABFS,10ABFS,F,SM,00,35,12,75.00,385,125.00,125.00,12.000000,2.130000,0.00,cifi0007.DBF
ABFS,10ABFS,F,SM,00,35,13,85.00,418,138.00,138.00,12.000000,2.130000,0.00,cifi0007.DBF
ABFS,10ABFS,F,SM,00,35,14,95.00,448,151.00,151.00,12.000000,2.130000,0.00,cifi0007.DBF
ABFS,10ABFS,F,SM,00,35,15,106.00,480,165.00,164.00,12.000000,2.130000,0.00,cifi0007.DBF
ABFS,10ABFS,F,SM,00,35,16,116.00,503,179.00,178.00,12.000000,2.130000,0.00,cifi0007.DBF
ABFS,10ABFS,F,SM,00,35,17,127.00,529,193.00,192.00,12.000000,2.130000,0.00,cifi0007.DBF
ABFS,10ABFS,F,SM,00,35,18,139.00,556,207.00,206.00,12.000000,2.130000,0.00,cifi0007.DBF
ABFS,10ABFS,F,SM,00,35,19,151.00,580,222.00,221.00,12.000000,2.130000,0.00,cifi0007.DBF
ABFS,10ABFS,F,SM,00,35,20,163.00,602,237.00,236.00,12.000000,2.130000,0.00,cifi0007.DBF
ABFS,10ABFS,F,SM,00,35,21,175.00,621,252.00,251.00,12.000000,2.130000,0.00,cifi0007.DBF
ABFS,10ABFS,F,SM,00,35,22,188.00,642,267.00,266.00,12.000000,2.130000,0.00,cifi0007.DBF
ABFS,10ABFS,F,SM,00,35,23,202.00,663,283.00,281.00,12.000000,2.130000,0.00,cifi0007.DBF
ABFS,10ABFS,F,SM,00,35,24,216.00,682,299.00,297.00,12.000000,2.130000,0.00,cifi0007.DBF
ABFS,10ABFS,F,SM,00,35,25,230.00,698,316.00,314.00,12.000000,2.130000,0.00,cifi0007.DBF
ABFS,10ABFS,F,SM,00,35,26,245.00,715,333.00,331.00,12.000000,2.130000,0.00,cifi0007.DBF
ABFS,10ABFS,F,SM,00,35,27,261.00,733,350.00,348.00,12.000000,2.130000,0.00,cifi0007.DBF
ABFS,10ABFS,F,SM,00,35,28,277.00,748,368.00,365.00,12.000000,2.130000,0.00,cifi0007.DBF
ABFS,10ABFS,F,SM,00,35,29,294.00,764,386.00,383.00,12.000000,2.130000,0.00,cifi0007.DBF
ABFS,10ABFS,F,SM,00,35,30,311.00,779,404.00,401.00,12.000000,2.130000,0.00,cifi0007.DBF
ABFS,10ABFS,F,SM,00,35,31,328.00,792,422.00,419.00,12.000000,2.130000,0.00,cifi0007.DBF
ABFS,10ABFS,F,SM,00,35,32,345.00,804,441.00,438.00,12.000000,2.130000,0.00,cifi0007.DBF
ABFS,10ABFS,F,SM,00,35,33,363.00,816,459.00,456.00,12.000000,2.130000,0.00,cifi0007.DBF
ABFS,10ABFS,F,SM,00,35,34,381.00,827,478.00,475.00,12.000000,2.130000,0.00,cifi0007.DBF
ABFS,10ABFS,F,SM,00,35,35,400.00,839,497.00,494.00,12.000000,2.130000,0.00,cifi0007.DBF
ABFS,10ABFS,F,SM,00,35,36,419.00,849,516.00,513.00,12.000000,2.130000,0.00,cifi0007.DBF
ABFS,10ABFS,F,SM,00,35,37,439.00,859,535.00,532.00,12.000000,2.130000,0.00,cifi0007.DBF
ABFS,10ABFS,F,SM,00,35,38,459.00,869,555.00,551.00,12.000000,2.130000,0.00,cifi0007.DBF
ABFS,10ABFS,F,SM,00,35,39,479.00,878,574.00,571.00,12.000000,2.130000,0.00,cifi0007.DBF
ABFS,10ABFS,F,SM,00,35,40,499.00,886,593.00,590.00,12.000000,2.130000,0.00,cifi0007.DBF
ABFS,10ABFS,F,SM,00,35,41,518.00,893,611.00,608.00,12.000000,2.130000,0.00,cifi0007.DBF
ABFS,10ABFS,F,SM,00,35,42,537.00,900,629.00,626.00,12.000000,2.130000,0.00,cifi0007.DBF
ABFS,10ABFS,F,SM,00,35,43,557.00,908,647.00,644.00,12.000000,2.130000,0.00,cifi0007.DBF
ABFS,10ABFS,F,SM,00,35,44,576.00,914,664.00,662.00,12.000000,2.130000,0.00,cifi0007.DBF
ABFS,10ABFS,F,SM,00,35,45,594.00,919,681.00,679.00,12.000000,2.130000,0.00,cifi0007.DBF
ABFS,10ABFS,F,SM,00,35,46,613.00,925,697.00,695.00,12.000000,2.130000,0.00,cifi0007.DBF
ABFS,10ABFS,F,SM,00,35,47,632.00,931,714.00,712.00,12.000000,2.130000,0.00,cifi0007.DBF
ABFS,10ABFS,F,SM,00,35,48,650.00,936,729.00,728.00,12.000000,2.130000,0.00,cifi0007.DBF
ABFS,10ABFS,F,SM,00,35,49,668.00,941,745.00,743.00,12.000000,2.130000,0.00,cifi0007.DBF
ABFS,10ABFS,F,SM,00,35,50,684.00,944,759.00,758.00,12.000000,2.130000,0.00,cifi0007.DBF
ABFS,10ABFS,F,SM,00,35,51,701.00,949,772.00,772.00,12.000000,2.130000,0.00,cifi0007.DBF
ABFS,10ABFS,F,SM,00,35,52,716.00,952,785.00,785.00,12.000000,2.130000,0.00,cifi0007.DBF
ABFS,10ABFS,F,SM,00,35,53,731.00,955,798.00,798.00,12.000000,2.130000,0.00,cifi0007.DBF
ABFS,10ABFS,F,SM,00,35,54,746.00,959,809.00,810.00,12.000000,2.130000,0.00,cifi0007.DBF
ABFS,10ABFS,F,SM,00,35,55,760.00,961,821.00,821.00,12.000000,2.130000,0.00,cifi0007.DBF
ABFS,10ABFS,F,SM,00,35,56,775.00,965,833.00,833.00,12.000000,2.130000,0.00,cifi0007.DBF
ABFS,10ABFS,F,SM,00,35,57,790.00,967,844.00,845.00,12.000000,2.130000,0.00,cifi0007.DBF
ABFS,10ABFS,F,SM,00,35,58,806.00,971,856.00,856.00,12.000000,2.130000,0.00,cifi0007.DBF
ABFS,10ABFS,F,SM,00,35,59,823.00,974,869.00,869.00,12.000000,2.130000,0.00,cifi0007.DBF
ABFS,10ABFS,F,SM,00,35,60,842.00,977,884.00,883.00,12.000000,2.130000,0.00,cifi0007.DBF
ABFS,10ABFS,F,SM,00,35,61,862.00,980,899.00,898.00,12.000000,2.130000,0.00,cifi0007.DBF
ABFS,10ABFS,F,SM,00,35,62,885.00,985,915.00,913.00,12.000000,2.130000,0.00,cifi0007.DBF
ABFS,10ABFS,F,SM,00,35,63,908.00,988,932.00,930.00,12.000000,2.130000,0.00,cifi0007.DBF
ABFS,10ABFS,F,SM,00,35,64,930.00,991,945.00,945.00,12.000000,2.130000,0.00,cifi0007.DBF
ABFS,10ABFS,F,SM,00,36,1,0.00,0,0.00,1.00,12.570000,2.300000,0.00,cifi0007.DBF
ABFS,10ABFS,F,SM,00,36,2,0.00,0,11.00,12.00,12.570000,2.300000,0.00,cifi0007.DBF
ABFS,10ABFS,F,SM,00,36,3,1.00,8,21.00,22.00,12.570000,2.300000,0.00,cifi0007.DBF
ABFS,10ABFS,F,SM,00,36,4,9.00,63,32.00,33.00,12.570000,2.300000,0.00,cifi0007.DBF
ABFS,10ABFS,F,SM,00,36,5,17.00,114,44.00,44.00,12.570000,2.300000,0.00,cifi0007.DBF
ABFS,10ABFS,F,SM,00,36,6,25.00,160,55.00,56.00,12.570000,2.300000,0.00,cifi0007.DBF
ABFS,10ABFS,F,SM,00,36,7,33.00,202,67.00,67.00,12.570000,2.300000,0.00,cifi0007.DBF
ABFS,10ABFS,F,SM,00,36,8,42.00,246,79.00,79.00,12.570000,2.300000,0.00,cifi0007.DBF
ABFS,10ABFS,F,SM,00,36,9,50.00,280,91.00,91.00,12.570000,2.300000,0.00,cifi0007.DBF
ABFS,10ABFS,F,SM,00,36,10,60.00,322,104.00,104.00,12.570000,2.300000,0.00,cifi0007.DBF
ABFS,10ABFS,F,SM,00,36,11,69.00,354,116.00,116.00,12.570000,2.300000,0.00,cifi0007.DBF
ABFS,10ABFS,F,SM,00,36,12,79.00,389,129.00,129.00,12.570000,2.300000,0.00,cifi0007.DBF
ABFS,10ABFS,F,SM,00,36,13,89.00,420,143.00,142.00,12.570000,2.300000,0.00,cifi0007.DBF
ABFS,10ABFS,F,SM,00,36,14,99.00,448,156.00,156.00,12.570000,2.300000,0.00,cifi0007.DBF
ABFS,10ABFS,F,SM,00,36,15,110.00,477,170.00,169.00,12.570000,2.300000,0.00,cifi0007.DBF
ABFS,10ABFS,F,SM,00,36,16,121.00,504,185.00,184.00,12.570000,2.300000,0.00,cifi0007.DBF
ABFS,10ABFS,F,SM,00,36,17,133.00,532,199.00,198.00,12.570000,2.300000,0.00,cifi0007.DBF
ABFS,10ABFS,F,SM,00,36,18,145.00,557,214.00,213.00,12.570000,2.300000,0.00,cifi0007.DBF
ABFS,10ABFS,F,SM,00,36,19,157.00,580,229.00,228.00,12.570000,2.300000,0.00,cifi0007.DBF
ABFS,10ABFS,F,SM,00,36,20,170.00,603,244.00,243.00,12.570000,2.300000,0.00,cifi0007.DBF
ABFS,10ABFS,F,SM,00,36,21,183.00,625,260.00,258.00,12.570000,2.300000,0.00,cifi0007.DBF
ABFS,10ABFS,F,SM,00,36,22,196.00,644,275.00,274.00,12.570000,2.300000,0.00,cifi0007.DBF
ABFS,10ABFS,F,SM,00,36,23,210.00,663,292.00,290.00,12.570000,2.300000,0.00,cifi0007.DBF
ABFS,10ABFS,F,SM,00,36,24,225.00,683,309.00,307.00,12.570000,2.300000,0.00,cifi0007.DBF
ABFS,10ABFS,F,SM,00,36,25,240.00,701,326.00,324.00,12.570000,2.300000,0.00,cifi0007.DBF
ABFS,10ABFS,F,SM,00,36,26,256.00,719,344.00,341.00,12.570000,2.300000,0.00,cifi0007.DBF
ABFS,10ABFS,F,SM,00,36,27,272.00,734,362.00,359.00,12.570000,2.300000,0.00,cifi0007.DBF
ABFS,10ABFS,F,SM,00,36,28,289.00,751,380.00,377.00,12.570000,2.300000,0.00,cifi0007.DBF
ABFS,10ABFS,F,SM,00,36,29,306.00,766,398.00,395.00,12.570000,2.300000,0.00,cifi0007.DBF
ABFS,10ABFS,F,SM,00,36,30,323.00,780,416.00,413.00,12.570000,2.300000,0.00,cifi0007.DBF
ABFS,10ABFS,F,SM,00,36,31,340.00,792,435.00,432.00,12.570000,2.300000,0.00,cifi0007.DBF
ABFS,10ABFS,F,SM,00,36,32,358.00,805,453.00,450.00,12.570000,2.300000,0.00,cifi0007.DBF
ABFS,10ABFS,F,SM,00,36,33,376.00,817,472.00,469.00,12.570000,2.300000,0.00,cifi0007.DBF
ABFS,10ABFS,F,SM,00,36,34,395.00,828,491.00,488.00,12.570000,2.300000,0.00,cifi0007.DBF
ABFS,10ABFS,F,SM,00,36,35,415.00,841,511.00,507.00,12.570000,2.300000,0.00,cifi0007.DBF
ABFS,10ABFS,F,SM,00,36,36,435.00,851,531.00,527.00,12.570000,2.300000,0.00,cifi0007.DBF
ABFS,10ABFS,F,SM,00,36,37,455.00,861,550.00,547.00,12.570000,2.300000,0.00,cifi0007.DBF
ABFS,10ABFS,F,SM,00,36,38,475.00,870,570.00,566.00,12.570000,2.300000,0.00,cifi0007.DBF
ABFS,10ABFS,F,SM,00,36,39,495.00,879,589.00,586.00,12.570000,2.300000,0.00,cifi0007.DBF
ABFS,10ABFS,F,SM,00,36,40,515.00,888,607.00,604.00,12.570000,2.300000,0.00,cifi0007.DBF
ABFS,10ABFS,F,SM,00,36,41,534.00,895,625.00,622.00,12.570000,2.300000,0.00,cifi0007.DBF
ABFS,10ABFS,F,SM,00,36,42,553.00,902,643.00,640.00,12.570000,2.300000,0.00,cifi0007.DBF
ABFS,10ABFS,F,SM,00,36,43,573.00,910,660.00,658.00,12.570000,2.300000,0.00,cifi0007.DBF
ABFS,10ABFS,F,SM,00,36,44,592.00,916,677.00,675.00,12.570000,2.300000,0.00,cifi0007.DBF
ABFS,10ABFS,F,SM,00,36,45,611.00,922,694.00,692.00,12.570000,2.300000,0.00,cifi0007.DBF
ABFS,10ABFS,F,SM,00,36,46,629.00,927,711.00,709.00,12.570000,2.300000,0.00,cifi0007.DBF
ABFS,10ABFS,F,SM,00,36,47,647.00,932,727.00,725.00,12.570000,2.300000,0.00,cifi0007.DBF
ABFS,10ABFS,F,SM,00,36,48,665.00,937,742.00,741.00,12.570000,2.300000,0.00,cifi0007.DBF
ABFS,10ABFS,F,SM,00,36,49,682.00,941,756.00,755.00,12.570000,2.300000,0.00,cifi0007.DBF
ABFS,10ABFS,F,SM,00,36,50,699.00,946,770.00,769.00,12.570000,2.300000,0.00,cifi0007.DBF
ABFS,10ABFS,F,SM,00,36,51,714.00,949,783.00,783.00,12.570000,2.300000,0.00,cifi0007.DBF
ABFS,10ABFS,F,SM,00,36,52,729.00,953,795.00,795.00,12.570000,2.300000,0.00,cifi0007.DBF
ABFS,10ABFS,F,SM,00,36,53,744.00,956,807.00,807.00,12.570000,2.300000,0.00,cifi0007.DBF
ABFS,10ABFS,F,SM,00,36,54,759.00,960,819.00,819.00,12.570000,2.300000,0.00,cifi0007.DBF
ABFS,10ABFS,F,SM,00,36,55,774.00,963,831.00,831.00,12.570000,2.300000,0.00,cifi0007.DBF
ABFS,10ABFS,F,SM,00,36,56,789.00,966,843.00,843.00,12.570000,2.300000,0.00,cifi0007.DBF
ABFS,10ABFS,F,SM,00,36,57,805.00,970,855.00,855.00,12.570000,2.300000,0.00,cifi0007.DBF
ABFS,10ABFS,F,SM,00,36,58,822.00,973,868.00,868.00,12.570000,2.300000,0.00,cifi0007.DBF
ABFS,10ABFS,F,SM,00,36,59,841.00,976,882.00,881.00,12.570000,2.300000,0.00,cifi0007.DBF
ABFS,10ABFS,F,SM,00,36,60,861.00,979,898.00,896.00,12.570000,2.300000,0.00,cifi0007.DBF
ABFS,10ABFS,F,SM,00,36,61,884.00,984,915.00,913.00,12.570000,2.300000,0.00,cifi0007.DBF
ABFS,10ABFS,F,SM,00,36,62,907.00,987,931.00,929.00,12.570000,2.300000,0.00,cifi0007.DBF
ABFS,10ABFS,F,SM,00,36,63,930.00,991,944.00,944.00,12.570000,2.300000,0.00,cifi0007.DBF
ABFS,10ABFS,F,SM,00,37,1,0.00,0,0.00,1.00,13.160000,2.510000,0.00,cifi0007.DBF
ABFS,10ABFS,F,SM,00,37,2,0.00,0,11.00,12.00,13.160000,2.510000,0.00,cifi0007.DBF
ABFS,10ABFS,F,SM,00,37,3,2.00,14,22.00,23.00,13.160000,2.510000,0.00,cifi0007.DBF
ABFS,10ABFS,F,SM,00,37,4,10.00,67,34.00,35.00,13.160000,2.510000,0.00,cifi0007.DBF
ABFS,10ABFS,F,SM,00,37,5,18.00,115,45.00,46.00,13.160000,2.510000,0.00,cifi0007.DBF
ABFS,10ABFS,F,SM,00,37,6,26.00,159,57.00,58.00,13.160000,2.510000,0.00,cifi0007.DBF
ABFS,10ABFS,F,SM,00,37,7,35.00,205,69.00,70.00,13.160000,2.510000,0.00,cifi0007.DBF
ABFS,10ABFS,F,SM,00,37,8,44.00,246,81.00,82.00,13.160000,2.510000,0.00,cifi0007.DBF
ABFS,10ABFS,F,SM,00,37,9,53.00,284,94.00,94.00,13.160000,2.510000,0.00,cifi0007.DBF
ABFS,10ABFS,F,SM,00,37,10,62.00,318,107.00,107.00,13.160000,2.510000,0.00,cifi0007.DBF
ABFS,10ABFS,F,SM,00,37,11,72.00,354,120.00,120.00,13.160000,2.510000,0.00,cifi0007.DBF
ABFS,10ABFS,F,SM,00,37,12,82.00,387,134.00,134.00,13.160000,2.510000,0.00,cifi0007.DBF
ABFS,10ABFS,F,SM,00,37,13,93.00,421,147.00,147.00,13.160000,2.510000,0.00,cifi0007.DBF
ABFS,10ABFS,F,SM,00,37,14,104.00,451,161.00,161.00,13.160000,2.510000,0.00,cifi0007.DBF
ABFS,10ABFS,F,SM,00,37,15,115.00,479,176.00,175.00,13.160000,2.510000,0.00,cifi0007.DBF
ABFS,10ABFS,F,SM,00,37,16,127.00,508,190.00,190.00,13.160000,2.510000,0.00,cifi0007.DBF
ABFS,10ABFS,F,SM,00,37,17,139.00,534,205.00,204.00,13.160000,2.510000,0.00,cifi0007.DBF
ABFS,10ABFS,F,SM,00,37,18,151.00,558,221.00,220.00,13.160000,2.510000,0.00,cifi0007.DBF
ABFS,10ABFS,F,SM,00,37,19,164.00,582,236.00,235.00,13.160000,2.510000,0.00,cifi0007.DBF
ABFS,10ABFS,F,SM,00,37,20,177.00,604,252.00,251.00,13.160000,2.510000,0.00,cifi0007.DBF
ABFS,10ABFS,F,SM,00,37,21,190.00,624,268.00,267.00,13.160000,2.510000,0.00,cifi0007.DBF
ABFS,10ABFS,F,SM,00,37,22,204.00,644,284.00,283.00,13.160000,2.510000,0.00,cifi0007.DBF
ABFS,10ABFS,F,SM,00,37,23,219.00,665,301.00,299.00,13.160000,2.510000,0.00,cifi0007.DBF
ABFS,10ABFS,F,SM,00,37,24,234.00,683,319.00,317.00,13.160000,2.510000,0.00,cifi0007.DBF
ABFS,10ABFS,F,SM,00,37,25,250.00,702,337.00,335.00,13.160000,2.510000,0.00,cifi0007.DBF
ABFS,10ABFS,F,SM,00,37,26,267.00,721,355.00,353.00,13.160000,2.510000,0.00,cifi0007.DBF
ABFS,10ABFS,F,SM,00,37,27,284.00,738,373.00,371.00,13.160000,2.510000,0.00,cifi0007.DBF
ABFS,10ABFS,F,SM,00,37,28,301.00,754,392.00,389.00,13.160000,2.510000,0.00,cifi0007.DBF
ABFS,10ABFS,F,SM,00,37,29,318.00,768,410.00,408.00,13.160000,2.510000,0.00,cifi0007.DBF
ABFS,10ABFS,F,SM,00,37,30,336.00,783,429.00,426.00,13.160000,2.510000,0.00,cifi0007.DBF
ABFS,10ABFS,F,SM,00,37,31,353.00,794,448.00,445.00,13.160000,2.510000,0.00,cifi0007.DBF
ABFS,10ABFS,F,SM,00,37,32,372.00,808,467.00,464.00,13.160000,2.510000,0.00,cifi0007.DBF
ABFS,10ABFS,F,SM,00,37,33,391.00,820,486.00,483.00,13.160000,2.510000,0.00,cifi0007.DBF
ABFS,10ABFS,F,SM,00,37,34,411.00,833,506.00,503.00,13.160000,2.510000,0.00,cifi0007.DBF
ABFS,10ABFS,F,SM,00,37,35,431.00,844,526.00,523.00,13.160000,2.510000,0.00,cifi0007.DBF
ABFS,10ABFS,F,SM,00,37,36,451.00,854,545.00,542.00,13.160000,2.510000,0.00,cifi0007.DBF
ABFS,10ABFS,F,SM,00,37,37,471.00,863,565.00,562.00,13.160000,2.510000,0.00,cifi0007.DBF
ABFS,10ABFS,F,SM,00,37,38,491.00,872,584.00,581.00,13.160000,2.510000,0.00,cifi0007.DBF
ABFS,10ABFS,F,SM,00,37,39,511.00,881,603.00,600.00,13.160000,2.510000,0.00,cifi0007.DBF
ABFS,10ABFS,F,SM,00,37,40,531.00,890,621.00,619.00,13.160000,2.510000,0.00,cifi0007.DBF
ABFS,10ABFS,F,SM,00,37,41,550.00,897,639.00,637.00,13.160000,2.510000,0.00,cifi0007.DBF
ABFS,10ABFS,F,SM,00,37,42,569.00,903,657.00,655.00,13.160000,2.510000,0.00,cifi0007.DBF
ABFS,10ABFS,F,SM,00,37,43,589.00,911,674.00,672.00,13.160000,2.510000,0.00,cifi0007.DBF
ABFS,10ABFS,F,SM,00,37,44,608.00,918,691.00,689.00,13.160000,2.510000,0.00,cifi0007.DBF
ABFS,10ABFS,F,SM,00,37,45,626.00,922,708.00,706.00,13.160000,2.510000,0.00,cifi0007.DBF
ABFS,10ABFS,F,SM,00,37,46,645.00,929,724.00,723.00,13.160000,2.510000,0.00,cifi0007.DBF
ABFS,10ABFS,F,SM,00,37,47,663.00,934,739.00,738.00,13.160000,2.510000,0.00,cifi0007.DBF
ABFS,10ABFS,F,SM,00,37,48,680.00,939,754.00,753.00,13.160000,2.510000,0.00,cifi0007.DBF
ABFS,10ABFS,F,SM,00,37,49,696.00,942,768.00,768.00,13.160000,2.510000,0.00,cifi0007.DBF
ABFS,10ABFS,F,SM,00,37,50,712.00,947,781.00,781.00,13.160000,2.510000,0.00,cifi0007.DBF
ABFS,10ABFS,F,SM,00,37,51,727.00,950,793.00,794.00,13.160000,2.510000,0.00,cifi0007.DBF
ABFS,10ABFS,F,SM,00,37,52,742.00,954,805.00,806.00,13.160000,2.510000,0.00,cifi0007.DBF
ABFS,10ABFS,F,SM,00,37,53,757.00,957,817.00,818.00,13.160000,2.510000,0.00,cifi0007.DBF
ABFS,10ABFS,F,SM,00,37,54,772.00,961,829.00,830.00,13.160000,2.510000,0.00,cifi0007.DBF
ABFS,10ABFS,F,SM,00,37,55,787.00,964,841.00,842.00,13.160000,2.510000,0.00,cifi0007.DBF
ABFS,10ABFS,F,SM,00,37,56,803.00,967,853.00,854.00,13.160000,2.510000,0.00,cifi0007.DBF
ABFS,10ABFS,F,SM,00,37,57,820.00,970,867.00,867.00,13.160000,2.510000,0.00,cifi0007.DBF
ABFS,10ABFS,F,SM,00,37,58,840.00,975,881.00,881.00,13.160000,2.510000,0.00,cifi0007.DBF
ABFS,10ABFS,F,SM,00,37,59,860.00,978,897.00,896.00,13.160000,2.510000,0.00,cifi0007.DBF
ABFS,10ABFS,F,SM,00,37,60,883.00,983,914.00,912.00,13.160000,2.510000,0.00,cifi0007.DBF
ABFS,10ABFS,F,SM,00,37,61,906.00,986,931.00,929.00,13.160000,2.510000,0.00,cifi0007.DBF
ABFS,10ABFS,F,SM,00,37,62,929.00,990,944.00,944.00,13.160000,2.510000,0.00,cifi0007.DBF
ABFS,10ABFS,F,SM,00,38,1,0.00,0,0.00,1.00,13.780000,2.740000,0.00,cifi0007.DBF
ABFS,10ABFS,F,SM,00,38,2,0.00,0,11.00,12.00,13.780000,2.740000,0.00,cifi0007.DBF
ABFS,10ABFS,F,SM,00,38,3,2.00,14,23.00,24.00,13.780000,2.740000,0.00,cifi0007.DBF
ABFS,10ABFS,F,SM,00,38,4,10.00,64,35.00,36.00,13.780000,2.740000,0.00,cifi0007.DBF
ABFS,10ABFS,F,SM,00,38,5,19.00,116,47.00,48.00,13.780000,2.740000,0.00,cifi0007.DBF
ABFS,10ABFS,F,SM,00,38,6,27.00,158,59.00,60.00,13.780000,2.740000,0.00,cifi0007.DBF
ABFS,10ABFS,F,SM,00,38,7,36.00,202,71.00,72.00,13.780000,2.740000,0.00,cifi0007.DBF
ABFS,10ABFS,F,SM,00,38,8,46.00,247,84.00,84.00,13.780000,2.740000,0.00,cifi0007.DBF
ABFS,10ABFS,F,SM,00,38,9,55.00,283,97.00,97.00,13.780000,2.740000,0.00,cifi0007.DBF
ABFS,10ABFS,F,SM,00,38,10,65.00,320,110.00,110.00,13.780000,2.740000,0.00,cifi0007.DBF
ABFS,10ABFS,F,SM,00,38,11,75.00,354,124.00,124.00,13.780000,2.740000,0.00,cifi0007.DBF
ABFS,10ABFS,F,SM,00,38,12,86.00,389,138.00,138.00,13.780000,2.740000,0.00,cifi0007.DBF
ABFS,10ABFS,F,SM,00,38,13,97.00,421,152.00,152.00,13.780000,2.740000,0.00,cifi0007.DBF
ABFS,10ABFS,F,SM,00,38,14,108.00,450,167.00,166.00,13.780000,2.740000,0.00,cifi0007.DBF
ABFS,10ABFS,F,SM,00,38,15,120.00,480,182.00,181.00,13.780000,2.740000,0.00,cifi0007.DBF
ABFS,10ABFS,F,SM,00,38,16,132.00,507,197.00,196.00,13.780000,2.740000,0.00,cifi0007.DBF
ABFS,10ABFS,F,SM,00,38,17,144.00,532,212.00,211.00,13.780000,2.740000,0.00,cifi0007.DBF
ABFS,10ABFS,F,SM,00,38,18,157.00,557,228.00,227.00,13.780000,2.740000,0.00,cifi0007.DBF
ABFS,10ABFS,F,SM,00,38,19,170.00,580,243.00,242.00,13.780000,2.740000,0.00,cifi0007.DBF
ABFS,10ABFS,F,SM,00,38,20,184.00,604,260.00,258.00,13.780000,2.740000,0.00,cifi0007.DBF
ABFS,10ABFS,F,SM,00,38,21,198.00,625,276.00,275.00,13.780000,2.740000,0.00,cifi0007.DBF
ABFS,10ABFS,F,SM,00,38,22,213.00,647,294.00,292.00,13.780000,2.740000,0.00,cifi0007.DBF
ABFS,10ABFS,F,SM,00,38,23,229.00,669,311.00,309.00,13.780000,2.740000,0.00,cifi0007.DBF
ABFS,10ABFS,F,SM,00,38,24,245.00,688,329.00,327.00,13.780000,2.740000,0.00,cifi0007.DBF
ABFS,10ABFS,F,SM,00,38,25,261.00,705,348.00,345.00,13.780000,2.740000,0.00,cifi0007.DBF
ABFS,10ABFS,F,SM,00,38,26,278.00,723,366.00,364.00,13.780000,2.740000,0.00,cifi0007.DBF
ABFS,10ABFS,F,SM,00,38,27,295.00,739,385.00,382.00,13.780000,2.740000,0.00,cifi0007.DBF
ABFS,10ABFS,F,SM,00,38,28,313.00,756,404.00,401.00,13.780000,2.740000,0.00,cifi0007.DBF
ABFS,10ABFS,F,SM,00,38,29,330.00,769,423.00,420.00,13.780000,2.740000,0.00,cifi0007.DBF
ABFS,10ABFS,F,SM,00,38,30,349.00,785,441.00,439.00,13.780000,2.740000,0.00,cifi0007.DBF
ABFS,10ABFS,F,SM,00,38,31,367.00,797,461.00,458.00,13.780000,2.740000,0.00,cifi0007.DBF
ABFS,10ABFS,F,SM,00,38,32,386.00,810,480.00,477.00,13.780000,2.740000,0.00,cifi0007.DBF
ABFS,10ABFS,F,SM,00,38,33,406.00,822,500.00,497.00,13.780000,2.740000,0.00,cifi0007.DBF
ABFS,10ABFS,F,SM,00,38,34,426.00,834,520.00,517.00,13.780000,2.740000,0.00,cifi0007.DBF
ABFS,10ABFS,F,SM,00,38,35,447.00,846,540.00,537.00,13.780000,2.740000,0.00,cifi0007.DBF
ABFS,10ABFS,F,SM,00,38,36,467.00,856,560.00,557.00,13.780000,2.740000,0.00,cifi0007.DBF
ABFS,10ABFS,F,SM,00,38,37,488.00,867,580.00,577.00,13.780000,2.740000,0.00,cifi0007.DBF
ABFS,10ABFS,F,SM,00,38,38,508.00,876,599.00,596.00,13.780000,2.740000,0.00,cifi0007.DBF
ABFS,10ABFS,F,SM,00,38,39,527.00,883,617.00,615.00,13.780000,2.740000,0.00,cifi0007.DBF
ABFS,10ABFS,F,SM,00,38,40,547.00,892,635.00,633.00,13.780000,2.740000,0.00,cifi0007.DBF
ABFS,10ABFS,F,SM,00,38,41,566.00,899,653.00,651.00,13.780000,2.740000,0.00,cifi0007.DBF
ABFS,10ABFS,F,SM,00,38,42,586.00,907,670.00,668.00,13.780000,2.740000,0.00,cifi0007.DBF
ABFS,10ABFS,F,SM,00,38,43,605.00,913,688.00,686.00,13.780000,2.740000,0.00,cifi0007.DBF
ABFS,10ABFS,F,SM,00,38,44,624.00,919,704.00,703.00,13.780000,2.740000,0.00,cifi0007.DBF
ABFS,10ABFS,F,SM,00,38,45,642.00,924,721.00,719.00,13.780000,2.740000,0.00,cifi0007.DBF
ABFS,10ABFS,F,SM,00,38,46,660.00,930,736.00,735.00,13.780000,2.740000,0.00,cifi0007.DBF
ABFS,10ABFS,F,SM,00,38,47,677.00,934,751.00,750.00,13.780000,2.740000,0.00,cifi0007.DBF
ABFS,10ABFS,F,SM,00,38,48,694.00,940,765.00,765.00,13.780000,2.740000,0.00,cifi0007.DBF
ABFS,10ABFS,F,SM,00,38,49,710.00,944,778.00,778.00,13.780000,2.740000,0.00,cifi0007.DBF
ABFS,10ABFS,F,SM,00,38,50,725.00,947,791.00,791.00,13.780000,2.740000,0.00,cifi0007.DBF
ABFS,10ABFS,F,SM,00,38,51,740.00,951,803.00,804.00,13.780000,2.740000,0.00,cifi0007.DBF
ABFS,10ABFS,F,SM,00,38,52,755.00,955,815.00,816.00,13.780000,2.740000,0.00,cifi0007.DBF
ABFS,10ABFS,F,SM,00,38,53,770.00,958,827.00,828.00,13.780000,2.740000,0.00,cifi0007.DBF
ABFS,10ABFS,F,SM,00,38,54,786.00,963,839.00,840.00,13.780000,2.740000,0.00,cifi0007.DBF
ABFS,10ABFS,F,SM,00,38,55,802.00,966,852.00,852.00,13.780000,2.740000,0.00,cifi0007.DBF
ABFS,10ABFS,F,SM,00,38,56,819.00,969,865.00,865.00,13.780000,2.740000,0.00,cifi0007.DBF
ABFS,10ABFS,F,SM,00,38,57,838.00,973,880.00,879.00,13.780000,2.740000,0.00,cifi0007.DBF
ABFS,10ABFS,F,SM,00,38,58,859.00,977,896.00,895.00,13.780000,2.740000,0.00,cifi0007.DBF
ABFS,10ABFS,F,SM,00,38,59,882.00,981,913.00,911.00,13.780000,2.740000,0.00,cifi0007.DBF
ABFS,10ABFS,F,SM,00,38,60,906.00,986,930.00,928.00,13.780000,2.740000,0.00,cifi0007.DBF
ABFS,10ABFS,F,SM,00,38,61,929.00,990,943.00,943.00,13.780000,2.740000,0.00,cifi0007.DBF
ABFS,10ABFS,F,SM,00,39,1,0.00,0,0.00,2.00,14.430000,3.000000,0.00,cifi0007.DBF
ABFS,10ABFS,F,SM,00,39,2,0.00,0,12.00,13.00,14.430000,3.000000,0.00,cifi0007.DBF
ABFS,10ABFS,F,SM,00,39,3,2.00,13,24.00,25.00,14.430000,3.000000,0.00,cifi0007.DBF
ABFS,10ABFS,F,SM,00,39,4,11.00,68,36.00,37.00,14.430000,3.000000,0.00,cifi0007.DBF
ABFS,10ABFS,F,SM,00,39,5,20.00,117,48.00,49.00,14.430000,3.000000,0.00,cifi0007.DBF
ABFS,10ABFS,F,SM,00,39,6,29.00,163,61.00,62.00,14.430000,3.000000,0.00,cifi0007.DBF
ABFS,10ABFS,F,SM,00,39,7,38.00,204,74.00,75.00,14.430000,3.000000,0.00,cifi0007.DBF
ABFS,10ABFS,F,SM,00,39,8,48.00,247,87.00,88.00,14.430000,3.000000,0.00,cifi0007.DBF
ABFS,10ABFS,F,SM,00,39,9,58.00,286,100.00,101.00,14.430000,3.000000,0.00,cifi0007.DBF
ABFS,10ABFS,F,SM,00,39,10,68.00,321,114.00,114.00,14.430000,3.000000,0.00,cifi0007.DBF
ABFS,10ABFS,F,SM,00,39,11,79.00,358,128.00,128.00,14.430000,3.000000,0.00,cifi0007.DBF
ABFS,10ABFS,F,SM,00,39,12,90.00,391,142.00,142.00,14.430000,3.000000,0.00,cifi0007.DBF
ABFS,10ABFS,F,SM,00,39,13,101.00,421,157.00,157.00,14.430000,3.000000,0.00,cifi0007.DBF
ABFS,10ABFS,F,SM,00,39,14,113.00,452,172.00,172.00,14.430000,3.000000,0.00,cifi0007.DBF
ABFS,10ABFS,F,SM,00,39,15,125.00,480,187.00,187.00,14.430000,3.000000,0.00,cifi0007.DBF
ABFS,10ABFS,F,SM,00,39,16,138.00,510,203.00,202.00,14.430000,3.000000,0.00,cifi0007.DBF
ABFS,10ABFS,F,SM,00,39,17,151.00,536,219.00,218.00,14.430000,3.000000,0.00,cifi0007.DBF
ABFS,10ABFS,F,SM,00,39,18,164.00,560,235.00,234.00,14.430000,3.000000,0.00,cifi0007.DBF
ABFS,10ABFS,F,SM,00,39,19,178.00,584,251.00,250.00,14.430000,3.000000,0.00,cifi0007.DBF
ABFS,10ABFS,F,SM,00,39,20,192.00,606,268.00,267.00,14.430000,3.000000,0.00,cifi0007.DBF
ABFS,10ABFS,F,SM,00,39,21,207.00,629,286.00,284.00,14.430000,3.000000,0.00,cifi0007.DBF
ABFS,10ABFS,F,SM,00,39,22,223.00,651,303.00,302.00,14.430000,3.000000,0.00,cifi0007.DBF
ABFS,10ABFS,F,SM,00,39,23,239.00,671,322.00,320.00,14.430000,3.000000,0.00,cifi0007.DBF
ABFS,10ABFS,F,SM,00,39,24,255.00,689,340.00,338.00,14.430000,3.000000,0.00,cifi0007.DBF
ABFS,10ABFS,F,SM,00,39,25,272.00,707,359.00,357.00,14.430000,3.000000,0.00,cifi0007.DBF
ABFS,10ABFS,F,SM,00,39,26,290.00,726,378.00,376.00,14.430000,3.000000,0.00,cifi0007.DBF
ABFS,10ABFS,F,SM,00,39,27,307.00,741,397.00,395.00,14.430000,3.000000,0.00,cifi0007.DBF
ABFS,10ABFS,F,SM,00,39,28,325.00,757,416.00,414.00,14.430000,3.000000,0.00,cifi0007.DBF
ABFS,10ABFS,F,SM,00,39,29,343.00,772,435.00,433.00,14.430000,3.000000,0.00,cifi0007.DBF
ABFS,10ABFS,F,SM,00,39,30,362.00,786,455.00,452.00,14.430000,3.000000,0.00,cifi0007.DBF
ABFS,10ABFS,F,SM,00,39,31,381.00,799,474.00,472.00,14.430000,3.000000,0.00,cifi0007.DBF
ABFS,10ABFS,F,SM,00,39,32,401.00,812,495.00,492.00,14.430000,3.000000,0.00,cifi0007.DBF
ABFS,10ABFS,F,SM,00,39,33,422.00,826,515.00,512.00,14.430000,3.000000,0.00,cifi0007.DBF
ABFS,10ABFS,F,SM,00,39,34,442.00,837,535.00,532.00,14.430000,3.000000,0.00,cifi0007.DBF
ABFS,10ABFS,F,SM,00,39,35,463.00,849,555.00,552.00,14.430000,3.000000,0.00,cifi0007.DBF
ABFS,10ABFS,F,SM,00,39,36,483.00,858,575.00,572.00,14.430000,3.000000,0.00,cifi0007.DBF
ABFS,10ABFS,F,SM,00,39,37,504.00,869,594.00,592.00,14.430000,3.000000,0.00,cifi0007.DBF
ABFS,10ABFS,F,SM,00,39,38,524.00,878,613.00,611.00,14.430000,3.000000,0.00,cifi0007.DBF
ABFS,10ABFS,F,SM,00,39,39,543.00,885,631.00,629.00,14.430000,3.000000,0.00,cifi0007.DBF
ABFS,10ABFS,F,SM,00,39,40,563.00,894,649.00,647.00,14.430000,3.000000,0.00,cifi0007.DBF
ABFS,10ABFS,F,SM,00,39,41,582.00,901,667.00,665.00,14.430000,3.000000,0.00,cifi0007.DBF
ABFS,10ABFS,F,SM,00,39,42,602.00,909,684.00,683.00,14.430000,3.000000,0.00,cifi0007.DBF
ABFS,10ABFS,F,SM,00,39,43,621.00,915,701.00,700.00,14.430000,3.000000,0.00,cifi0007.DBF
ABFS,10ABFS,F,SM,00,39,44,639.00,920,717.00,716.00,14.430000,3.000000,0.00,cifi0007.DBF
ABFS,10ABFS,F,SM,00,39,45,658.00,927,733.00,732.00,14.430000,3.000000,0.00,cifi0007.DBF
ABFS,10ABFS,F,SM,00,39,46,675.00,932,748.00,748.00,14.430000,3.000000,0.00,cifi0007.DBF
ABFS,10ABFS,F,SM,00,39,47,692.00,937,762.00,762.00,14.430000,3.000000,0.00,cifi0007.DBF
ABFS,10ABFS,F,SM,00,39,48,708.00,941,776.00,776.00,14.430000,3.000000,0.00,cifi0007.DBF
ABFS,10ABFS,F,SM,00,39,49,723.00,945,789.00,790.00,14.430000,3.000000,0.00,cifi0007.DBF
ABFS,10ABFS,F,SM,00,39,50,738.00,949,801.00,802.00,14.430000,3.000000,0.00,cifi0007.DBF
ABFS,10ABFS,F,SM,00,39,51,753.00,952,813.00,814.00,14.430000,3.000000,0.00,cifi0007.DBF
ABFS,10ABFS,F,SM,00,39,52,768.00,956,825.00,826.00,14.430000,3.000000,0.00,cifi0007.DBF
ABFS,10ABFS,F,SM,00,39,53,784.00,960,837.00,838.00,14.430000,3.000000,0.00,cifi0007.DBF
ABFS,10ABFS,F,SM,00,39,54,800.00,964,850.00,851.00,14.430000,3.000000,0.00,cifi0007.DBF
ABFS,10ABFS,F,SM,00,39,55,818.00,968,864.00,864.00,14.430000,3.000000,0.00,cifi0007.DBF
ABFS,10ABFS,F,SM,00,39,56,837.00,972,878.00,878.00,14.430000,3.000000,0.00,cifi0007.DBF
ABFS,10ABFS,F,SM,00,39,57,858.00,976,895.00,894.00,14.430000,3.000000,0.00,cifi0007.DBF
ABFS,10ABFS,F,SM,00,39,58,881.00,980,912.00,911.00,14.430000,3.000000,0.00,cifi0007.DBF
ABFS,10ABFS,F,SM,00,39,59,905.00,985,929.00,928.00,14.430000,3.000000,0.00,cifi0007.DBF
ABFS,10ABFS,F,SM,00,39,60,928.00,989,943.00,943.00,14.430000,3.000000,0.00,cifi0007.DBF
ABFS,10ABFS,F,SM,00,40,1,0.00,0,0.00,2.00,15.110000,3.300000,0.00,cifi0007.DBF
ABFS,10ABFS,F,SM,00,40,2,0.00,0,12.00,14.00,15.110000,3.300000,0.00,cifi0007.DBF
ABFS,10ABFS,F,SM,00,40,3,3.00,19,24.00,26.00,15.110000,3.300000,0.00,cifi0007.DBF
ABFS,10ABFS,F,SM,00,40,4,11.00,65,37.00,38.00,15.110000,3.300000,0.00,cifi0007.DBF
ABFS,10ABFS,F,SM,00,40,5,21.00,118,50.00,51.00,15.110000,3.300000,0.00,cifi0007.DBF
ABFS,10ABFS,F,SM,00,40,6,30.00,161,63.00,64.00,15.110000,3.300000,0.00,cifi0007.DBF
ABFS,10ABFS,F,SM,00,40,7,40.00,206,76.00,77.00,15.110000,3.300000,0.00,cifi0007.DBF
ABFS,10ABFS,F,SM,00,40,8,50.00,246,90.00,91.00,15.110000,3.300000,0.00,cifi0007.DBF
ABFS,10ABFS,F,SM,00,40,9,60.00,283,104.00,105.00,15.110000,3.300000,0.00,cifi0007.DBF
ABFS,10ABFS,F,SM,00,40,10,71.00,321,118.00,119.00,15.110000,3.300000,0.00,cifi0007.DBF
ABFS,10ABFS,F,SM,00,40,11,82.00,356,132.00,133.00,15.110000,3.300000,0.00,cifi0007.DBF
ABFS,10ABFS,F,SM,00,40,12,94.00,392,147.00,147.00,15.110000,3.300000,0.00,cifi0007.DBF
ABFS,10ABFS,F,SM,00,40,13,106.00,424,162.00,162.00,15.110000,3.300000,0.00,cifi0007.DBF
ABFS,10ABFS,F,SM,00,40,14,118.00,453,178.00,178.00,15.110000,3.300000,0.00,cifi0007.DBF
ABFS,10ABFS,F,SM,00,40,15,130.00,480,194.00,194.00,15.110000,3.300000,0.00,cifi0007.DBF
ABFS,10ABFS,F,SM,00,40,16,143.00,508,209.00,209.00,15.110000,3.300000,0.00,cifi0007.DBF
ABFS,10ABFS,F,SM,00,40,17,157.00,536,226.00,225.00,15.110000,3.300000,0.00,cifi0007.DBF
ABFS,10ABFS,F,SM,00,40,18,171.00,561,242.00,242.00,15.110000,3.300000,0.00,cifi0007.DBF
ABFS,10ABFS,F,SM,00,40,19,185.00,584,260.00,259.00,15.110000,3.300000,0.00,cifi0007.DBF
ABFS,10ABFS,F,SM,00,40,20,200.00,607,277.00,276.00,15.110000,3.300000,0.00,cifi0007.DBF
ABFS,10ABFS,F,SM,00,40,21,216.00,631,295.00,294.00,15.110000,3.300000,0.00,cifi0007.DBF
ABFS,10ABFS,F,SM,00,40,22,232.00,651,314.00,312.00,15.110000,3.300000,0.00,cifi0007.DBF
ABFS,10ABFS,F,SM,00,40,23,249.00,672,333.00,331.00,15.110000,3.300000,0.00,cifi0007.DBF
ABFS,10ABFS,F,SM,00,40,24,266.00,691,352.00,350.00,15.110000,3.300000,0.00,cifi0007.DBF
ABFS,10ABFS,F,SM,00,40,25,284.00,711,371.00,369.00,15.110000,3.300000,0.00,cifi0007.DBF
ABFS,10ABFS,F,SM,00,40,26,302.00,729,390.00,388.00,15.110000,3.300000,0.00,cifi0007.DBF
ABFS,10ABFS,F,SM,00,40,27,320.00,746,409.00,407.00,15.110000,3.300000,0.00,cifi0007.DBF
ABFS,10ABFS,F,SM,00,40,28,338.00,760,428.00,426.00,15.110000,3.300000,0.00,cifi0007.DBF
ABFS,10ABFS,F,SM,00,40,29,357.00,775,448.00,446.00,15.110000,3.300000,0.00,cifi0007.DBF
ABFS,10ABFS,F,SM,00,40,30,376.00,789,468.00,466.00,15.110000,3.300000,0.00,cifi0007.DBF
ABFS,10ABFS,F,SM,00,40,31,396.00,802,489.00,486.00,15.110000,3.300000,0.00,cifi0007.DBF
ABFS,10ABFS,F,SM,00,40,32,417.00,816,509.00,507.00,15.110000,3.300000,0.00,cifi0007.DBF
ABFS,10ABFS,F,SM,00,40,33,438.00,829,530.00,527.00,15.110000,3.300000,0.00,cifi0007.DBF
ABFS,10ABFS,F,SM,00,40,34,459.00,841,550.00,548.00,15.110000,3.300000,0.00,cifi0007.DBF
ABFS,10ABFS,F,SM,00,40,35,479.00,851,570.00,568.00,15.110000,3.300000,0.00,cifi0007.DBF
ABFS,10ABFS,F,SM,00,40,36,500.00,862,589.00,587.00,15.110000,3.300000,0.00,cifi0007.DBF
ABFS,10ABFS,F,SM,00,40,37,520.00,871,608.00,606.00,15.110000,3.300000,0.00,cifi0007.DBF
ABFS,10ABFS,F,SM,00,40,38,539.00,879,627.00,625.00,15.110000,3.300000,0.00,cifi0007.DBF
ABFS,10ABFS,F,SM,00,40,39,559.00,888,645.00,644.00,15.110000,3.300000,0.00,cifi0007.DBF
ABFS,10ABFS,F,SM,00,40,40,579.00,896,663.00,662.00,15.110000,3.300000,0.00,cifi0007.DBF
ABFS,10ABFS,F,SM,00,40,41,598.00,902,680.00,679.00,15.110000,3.300000,0.00,cifi0007.DBF
ABFS,10ABFS,F,SM,00,40,42,617.00,909,697.00,696.00,15.110000,3.300000,0.00,cifi0007.DBF
ABFS,10ABFS,F,SM,00,40,43,636.00,916,714.00,713.00,15.110000,3.300000,0.00,cifi0007.DBF
ABFS,10ABFS,F,SM,00,40,44,655.00,923,730.00,730.00,15.110000,3.300000,0.00,cifi0007.DBF
ABFS,10ABFS,F,SM,00,40,45,672.00,927,745.00,745.00,15.110000,3.300000,0.00,cifi0007.DBF
ABFS,10ABFS,F,SM,00,40,46,689.00,933,760.00,760.00,15.110000,3.300000,0.00,cifi0007.DBF
ABFS,10ABFS,F,SM,00,40,47,705.00,937,773.00,774.00,15.110000,3.300000,0.00,cifi0007.DBF
ABFS,10ABFS,F,SM,00,40,48,721.00,942,786.00,787.00,15.110000,3.300000,0.00,cifi0007.DBF
ABFS,10ABFS,F,SM,00,40,49,736.00,946,799.00,800.00,15.110000,3.300000,0.00,cifi0007.DBF
ABFS,10ABFS,F,SM,00,40,50,751.00,950,811.00,813.00,15.110000,3.300000,0.00,cifi0007.DBF
ABFS,10ABFS,F,SM,00,40,51,766.00,953,823.00,825.00,15.110000,3.300000,0.00,cifi0007.DBF
ABFS,10ABFS,F,SM,00,40,52,782.00,958,835.00,837.00,15.110000,3.300000,0.00,cifi0007.DBF
ABFS,10ABFS,F,SM,00,40,53,798.00,961,848.00,849.00,15.110000,3.300000,0.00,cifi0007.DBF
ABFS,10ABFS,F,SM,00,40,54,816.00,966,862.00,863.00,15.110000,3.300000,0.00,cifi0007.DBF
ABFS,10ABFS,F,SM,00,40,55,836.00,970,877.00,877.00,15.110000,3.300000,0.00,cifi0007.DBF
ABFS,10ABFS,F,SM,00,40,56,857.00,975,893.00,893.00,15.110000,3.300000,0.00,cifi0007.DBF
ABFS,10ABFS,F,SM,00,40,57,880.00,979,911.00,910.00,15.110000,3.300000,0.00,cifi0007.DBF
ABFS,10ABFS,F,SM,00,40,58,904.00,984,928.00,927.00,15.110000,3.300000,0.00,cifi0007.DBF
ABFS,10ABFS,F,SM,00,40,59,928.00,989,942.00,943.00,15.110000,3.300000,0.00,cifi0007.DBF
ABFS,10ABFS,F,SM,00,41,1,0.00,0,0.00,2.00,15.820000,3.660000,0.00,cifi0007.DBF
ABFS,10ABFS,F,SM,00,41,2,0.00,0,12.00,14.00,15.820000,3.660000,0.00,cifi0007.DBF
ABFS,10ABFS,F,SM,00,41,3,3.00,18,25.00,26.00,15.820000,3.660000,0.00,cifi0007.DBF
ABFS,10ABFS,F,SM,00,41,4,12.00,68,38.00,39.00,15.820000,3.660000,0.00,cifi0007.DBF
ABFS,10ABFS,F,SM,00,41,5,22.00,118,51.00,52.00,15.820000,3.660000,0.00,cifi0007.DBF
ABFS,10ABFS,F,SM,00,41,6,31.00,159,65.00,66.00,15.820000,3.660000,0.00,cifi0007.DBF
ABFS,10ABFS,F,SM,00,41,7,42.00,207,78.00,79.00,15.820000,3.660000,0.00,cifi0007.DBF
ABFS,10ABFS,F,SM,00,41,8,52.00,246,93.00,93.00,15.820000,3.660000,0.00,cifi0007.DBF
ABFS,10ABFS,F,SM,00,41,9,63.00,285,107.00,108.00,15.820000,3.660000,0.00,cifi0007.DBF
ABFS,10ABFS,F,SM,00,41,10,74.00,321,122.00,122.00,15.820000,3.660000,0.00,cifi0007.DBF
ABFS,10ABFS,F,SM,00,41,11,86.00,358,137.00,137.00,15.820000,3.660000,0.00,cifi0007.DBF
ABFS,10ABFS,F,SM,00,41,12,98.00,392,152.00,152.00,15.820000,3.660000,0.00,cifi0007.DBF
ABFS,10ABFS,F,SM,00,41,13,110.00,423,168.00,168.00,15.820000,3.660000,0.00,cifi0007.DBF
ABFS,10ABFS,F,SM,00,41,14,123.00,454,184.00,184.00,15.820000,3.660000,0.00,cifi0007.DBF
ABFS,10ABFS,F,SM,00,41,15,136.00,483,200.00,200.00,15.820000,3.660000,0.00,cifi0007.DBF
ABFS,10ABFS,F,SM,00,41,16,150.00,512,216.00,216.00,15.820000,3.660000,0.00,cifi0007.DBF
ABFS,10ABFS,F,SM,00,41,17,164.00,539,233.00,232.00,15.820000,3.660000,0.00,cifi0007.DBF
ABFS,10ABFS,F,SM,00,41,18,178.00,562,251.00,250.00,15.820000,3.660000,0.00,cifi0007.DBF
ABFS,10ABFS,F,SM,00,41,19,193.00,586,268.00,267.00,15.820000,3.660000,0.00,cifi0007.DBF
ABFS,10ABFS,F,SM,00,41,20,209.00,610,287.00,285.00,15.820000,3.660000,0.00,cifi0007.DBF
ABFS,10ABFS,F,SM,00,41,21,226.00,634,305.00,304.00,15.820000,3.660000,0.00,cifi0007.DBF
ABFS,10ABFS,F,SM,00,41,22,243.00,656,325.00,323.00,15.820000,3.660000,0.00,cifi0007.DBF
ABFS,10ABFS,F,SM,00,41,23,260.00,676,344.00,342.00,15.820000,3.660000,0.00,cifi0007.DBF
ABFS,10ABFS,F,SM,00,41,24,278.00,696,363.00,361.00,15.820000,3.660000,0.00,cifi0007.DBF
ABFS,10ABFS,F,SM,00,41,25,296.00,715,382.00,380.00,15.820000,3.660000,0.00,cifi0007.DBF
ABFS,10ABFS,F,SM,00,41,26,314.00,732,402.00,400.00,15.820000,3.660000,0.00,cifi0007.DBF
ABFS,10ABFS,F,SM,00,41,27,332.00,747,421.00,419.00,15.820000,3.660000,0.00,cifi0007.DBF
ABFS,10ABFS,F,SM,00,41,28,351.00,762,441.00,439.00,15.820000,3.660000,0.00,cifi0007.DBF
ABFS,10ABFS,F,SM,00,41,29,371.00,778,462.00,459.00,15.820000,3.660000,0.00,cifi0007.DBF
ABFS,10ABFS,F,SM,00,41,30,391.00,792,482.00,480.00,15.820000,3.660000,0.00,cifi0007.DBF
ABFS,10ABFS,F,SM,00,41,31,412.00,806,503.00,500.00,15.820000,3.660000,0.00,cifi0007.DBF
ABFS,10ABFS,F,SM,00,41,32,433.00,820,524.00,521.00,15.820000,3.660000,0.00,cifi0007.DBF
ABFS,10ABFS,F,SM,00,41,33,454.00,832,545.00,542.00,15.820000,3.660000,0.00,cifi0007.DBF
ABFS,10ABFS,F,SM,00,41,34,475.00,844,565.00,563.00,15.820000,3.660000,0.00,cifi0007.DBF
ABFS,10ABFS,F,SM,00,41,35,495.00,854,584.00,582.00,15.820000,3.660000,0.00,cifi0007.DBF
ABFS,10ABFS,F,SM,00,41,36,515.00,863,603.00,601.00,15.820000,3.660000,0.00,cifi0007.DBF
ABFS,10ABFS,F,SM,00,41,37,535.00,872,622.00,620.00,15.820000,3.660000,0.00,cifi0007.DBF
ABFS,10ABFS,F,SM,00,41,38,555.00,881,641.00,639.00,15.820000,3.660000,0.00,cifi0007.DBF
ABFS,10ABFS,F,SM,00,41,39,575.00,890,659.00,658.00,15.820000,3.660000,0.00,cifi0007.DBF
ABFS,10ABFS,F,SM,00,41,40,595.00,898,676.00,675.00,15.820000,3.660000,0.00,cifi0007.DBF
ABFS,10ABFS,F,SM,00,41,41,614.00,905,694.00,693.00,15.820000,3.660000,0.00,cifi0007.DBF
ABFS,10ABFS,F,SM,00,41,42,633.00,911,711.00,710.00,15.820000,3.660000,0.00,cifi0007.DBF
ABFS,10ABFS,F,SM,00,41,43,652.00,918,727.00,727.00,15.820000,3.660000,0.00,cifi0007.DBF
ABFS,10ABFS,F,SM,00,41,44,669.00,923,742.00,742.00,15.820000,3.660000,0.00,cifi0007.DBF
ABFS,10ABFS,F,SM,00,41,45,686.00,929,757.00,757.00,15.820000,3.660000,0.00,cifi0007.DBF
ABFS,10ABFS,F,SM,00,41,46,703.00,935,770.00,771.00,15.820000,3.660000,0.00,cifi0007.DBF
ABFS,10ABFS,F,SM,00,41,47,718.00,938,784.00,785.00,15.820000,3.660000,0.00,cifi0007.DBF
ABFS,10ABFS,F,SM,00,41,48,734.00,944,796.00,798.00,15.820000,3.660000,0.00,cifi0007.DBF
ABFS,10ABFS,F,SM,00,41,49,749.00,947,809.00,810.00,15.820000,3.660000,0.00,cifi0007.DBF
ABFS,10ABFS,F,SM,00,41,50,764.00,951,821.00,823.00,15.820000,3.660000,0.00,cifi0007.DBF
ABFS,10ABFS,F,SM,00,41,51,780.00,955,833.00,835.00,15.820000,3.660000,0.00,cifi0007.DBF
ABFS,10ABFS,F,SM,00,41,52,797.00,960,846.00,847.00,15.820000,3.660000,0.00,cifi0007.DBF
ABFS,10ABFS,F,SM,00,41,53,815.00,964,860.00,861.00,15.820000,3.660000,0.00,cifi0007.DBF
ABFS,10ABFS,F,SM,00,41,54,834.00,968,875.00,875.00,15.820000,3.660000,0.00,cifi0007.DBF
ABFS,10ABFS,F,SM,00,41,55,856.00,973,892.00,891.00,15.820000,3.660000,0.00,cifi0007.DBF
ABFS,10ABFS,F,SM,00,41,56,879.00,978,910.00,909.00,15.820000,3.660000,0.00,cifi0007.DBF
ABFS,10ABFS,F,SM,00,41,57,903.00,983,927.00,926.00,15.820000,3.660000,0.00,cifi0007.DBF
ABFS,10ABFS,F,SM,00,41,58,927.00,988,941.00,942.00,15.820000,3.660000,0.00,cifi0007.DBF
ABFS,10ABFS,F,SM,00,42,1,0.00,0,0.00,2.00,16.560000,4.010000,0.00,cifi0007.DBF
ABFS,10ABFS,F,SM,00,42,2,0.00,0,13.00,15.00,16.560000,4.010000,0.00,cifi0007.DBF
ABFS,10ABFS,F,SM,00,42,3,3.00,17,26.00,28.00,16.560000,4.010000,0.00,cifi0007.DBF
ABFS,10ABFS,F,SM,00,42,4,13.00,70,39.00,41.00,16.560000,4.010000,0.00,cifi0007.DBF
ABFS,10ABFS,F,SM,00,42,5,23.00,118,53.00,54.00,16.560000,4.010000,0.00,cifi0007.DBF
ABFS,10ABFS,F,SM,00,42,6,33.00,163,67.00,68.00,16.560000,4.010000,0.00,cifi0007.DBF
ABFS,10ABFS,F,SM,00,42,7,44.00,208,81.00,82.00,16.560000,4.010000,0.00,cifi0007.DBF
ABFS,10ABFS,F,SM,00,42,8,55.00,249,96.00,97.00,16.560000,4.010000,0.00,cifi0007.DBF
ABFS,10ABFS,F,SM,00,42,9,66.00,287,111.00,112.00,16.560000,4.010000,0.00,cifi0007.DBF
ABFS,10ABFS,F,SM,00,42,10,78.00,325,126.00,127.00,16.560000,4.010000,0.00,cifi0007.DBF
ABFS,10ABFS,F,SM,00,42,11,90.00,360,142.00,142.00,16.560000,4.010000,0.00,cifi0007.DBF
ABFS,10ABFS,F,SM,00,42,12,102.00,392,157.00,158.00,16.560000,4.010000,0.00,cifi0007.DBF
ABFS,10ABFS,F,SM,00,42,13,115.00,425,173.00,173.00,16.560000,4.010000,0.00,cifi0007.DBF
ABFS,10ABFS,F,SM,00,42,14,128.00,454,190.00,190.00,16.560000,4.010000,0.00,cifi0007.DBF
ABFS,10ABFS,F,SM,00,42,15,142.00,485,206.00,206.00,16.560000,4.010000,0.00,cifi0007.DBF
ABFS,10ABFS,F,SM,00,42,16,156.00,512,224.00,223.00,16.560000,4.010000,0.00,cifi0007.DBF
ABFS,10ABFS,F,SM,00,42,17,171.00,540,241.00,241.00,16.560000,4.010000,0.00,cifi0007.DBF
ABFS,10ABFS,F,SM,00,42,18,186.00,565,259.00,258.00,16.560000,4.010000,0.00,cifi0007.DBF
ABFS,10ABFS,F,SM,00,42,19,202.00,590,278.00,277.00,16.560000,4.010000,0.00,cifi0007.DBF
ABFS,10ABFS,F,SM,00,42,20,219.00,615,297.00,296.00,16.560000,4.010000,0.00,cifi0007.DBF
ABFS,10ABFS,F,SM,00,42,21,236.00,637,316.00,315.00,16.560000,4.010000,0.00,cifi0007.DBF
ABFS,10ABFS,F,SM,00,42,22,253.00,658,336.00,334.00,16.560000,4.010000,0.00,cifi0007.DBF
ABFS,10ABFS,F,SM,00,42,23,271.00,679,355.00,354.00,16.560000,4.010000,0.00,cifi0007.DBF
ABFS,10ABFS,F,SM,00,42,24,289.00,698,375.00,373.00,16.560000,4.010000,0.00,cifi0007.DBF
ABFS,10ABFS,F,SM,00,42,25,308.00,718,394.00,393.00,16.560000,4.010000,0.00,cifi0007.DBF
ABFS,10ABFS,F,SM,00,42,26,326.00,733,414.00,412.00,16.560000,4.010000,0.00,cifi0007.DBF
ABFS,10ABFS,F,SM,00,42,27,345.00,749,434.00,432.00,16.560000,4.010000,0.00,cifi0007.DBF
ABFS,10ABFS,F,SM,00,42,28,365.00,766,455.00,453.00,16.560000,4.010000,0.00,cifi0007.DBF
ABFS,10ABFS,F,SM,00,42,29,386.00,782,476.00,474.00,16.560000,4.010000,0.00,cifi0007.DBF
ABFS,10ABFS,F,SM,00,42,30,407.00,797,497.00,495.00,16.560000,4.010000,0.00,cifi0007.DBF
ABFS,10ABFS,F,SM,00,42,31,428.00,810,518.00,516.00,16.560000,4.010000,0.00,cifi0007.DBF
ABFS,10ABFS,F,SM,00,42,32,449.00,823,539.00,537.00,16.560000,4.010000,0.00,cifi0007.DBF
ABFS,10ABFS,F,SM,00,42,33,470.00,835,559.00,557.00,16.560000,4.010000,0.00,cifi0007.DBF
ABFS,10ABFS,F,SM,00,42,34,491.00,847,579.00,577.00,16.560000,4.010000,0.00,cifi0007.DBF
ABFS,10ABFS,F,SM,00,42,35,511.00,856,598.00,597.00,16.560000,4.010000,0.00,cifi0007.DBF
ABFS,10ABFS,F,SM,00,42,36,531.00,866,617.00,616.00,16.560000,4.010000,0.00,cifi0007.DBF
ABFS,10ABFS,F,SM,00,42,37,551.00,875,636.00,635.00,16.560000,4.010000,0.00,cifi0007.DBF
ABFS,10ABFS,F,SM,00,42,38,571.00,884,654.00,653.00,16.560000,4.010000,0.00,cifi0007.DBF
ABFS,10ABFS,F,SM,00,42,39,591.00,892,672.00,671.00,16.560000,4.010000,0.00,cifi0007.DBF
ABFS,10ABFS,F,SM,00,42,40,611.00,900,690.00,689.00,16.560000,4.010000,0.00,cifi0007.DBF
ABFS,10ABFS,F,SM,00,42,41,630.00,907,707.00,707.00,16.560000,4.010000,0.00,cifi0007.DBF
ABFS,10ABFS,F,SM,00,42,42,649.00,914,723.00,723.00,16.560000,4.010000,0.00,cifi0007.DBF
ABFS,10ABFS,F,SM,00,42,43,666.00,919,739.00,739.00,16.560000,4.010000,0.00,cifi0007.DBF
ABFS,10ABFS,F,SM,00,42,44,684.00,926,754.00,755.00,16.560000,4.010000,0.00,cifi0007.DBF
ABFS,10ABFS,F,SM,00,42,45,700.00,931,767.00,769.00,16.560000,4.010000,0.00,cifi0007.DBF
ABFS,10ABFS,F,SM,00,42,46,716.00,936,781.00,782.00,16.560000,4.010000,0.00,cifi0007.DBF
ABFS,10ABFS,F,SM,00,42,47,731.00,940,794.00,796.00,16.560000,4.010000,0.00,cifi0007.DBF
ABFS,10ABFS,F,SM,00,42,48,747.00,945,806.00,808.00,16.560000,4.010000,0.00,cifi0007.DBF
ABFS,10ABFS,F,SM,00,42,49,762.00,948,819.00,821.00,16.560000,4.010000,0.00,cifi0007.DBF
ABFS,10ABFS,F,SM,00,42,50,778.00,953,831.00,833.00,16.560000,4.010000,0.00,cifi0007.DBF
ABFS,10ABFS,F,SM,00,42,51,795.00,958,844.00,846.00,16.560000,4.010000,0.00,cifi0007.DBF
ABFS,10ABFS,F,SM,00,42,52,813.00,962,858.00,859.00,16.560000,4.010000,0.00,cifi0007.DBF
ABFS,10ABFS,F,SM,00,42,53,833.00,967,874.00,874.00,16.560000,4.010000,0.00,cifi0007.DBF
ABFS,10ABFS,F,SM,00,42,54,855.00,972,891.00,891.00,16.560000,4.010000,0.00,cifi0007.DBF
ABFS,10ABFS,F,SM,00,42,55,878.00,977,908.00,908.00,16.560000,4.010000,0.00,cifi0007.DBF
ABFS,10ABFS,F,SM,00,42,56,902.00,982,926.00,925.00,16.560000,4.010000,0.00,cifi0007.DBF
ABFS,10ABFS,F,SM,00,42,57,926.00,987,940.00,941.00,16.560000,4.010000,0.00,cifi0007.DBF
ABFS,10ABFS,F,SM,00,43,1,0.00,0,0.00,2.00,17.330000,4.360000,0.00,cifi0007.DBF
ABFS,10ABFS,F,SM,00,43,2,0.00,0,13.00,15.00,17.330000,4.360000,0.00,cifi0007.DBF
ABFS,10ABFS,F,SM,00,43,3,4.00,22,27.00,29.00,17.330000,4.360000,0.00,cifi0007.DBF
ABFS,10ABFS,F,SM,00,43,4,14.00,72,41.00,43.00,17.330000,4.360000,0.00,cifi0007.DBF
ABFS,10ABFS,F,SM,00,43,5,24.00,118,55.00,57.00,17.330000,4.360000,0.00,cifi0007.DBF
ABFS,10ABFS,F,SM,00,43,6,35.00,165,69.00,71.00,17.330000,4.360000,0.00,cifi0007.DBF
ABFS,10ABFS,F,SM,00,43,7,46.00,208,84.00,85.00,17.330000,4.360000,0.00,cifi0007.DBF
ABFS,10ABFS,F,SM,00,43,8,57.00,248,99.00,100.00,17.330000,4.360000,0.00,cifi0007.DBF
ABFS,10ABFS,F,SM,00,43,9,69.00,288,115.00,116.00,17.330000,4.360000,0.00,cifi0007.DBF
ABFS,10ABFS,F,SM,00,43,10,81.00,324,130.00,131.00,17.330000,4.360000,0.00,cifi0007.DBF
ABFS,10ABFS,F,SM,00,43,11,94.00,361,146.00,147.00,17.330000,4.360000,0.00,cifi0007.DBF
ABFS,10ABFS,F,SM,00,43,12,107.00,395,163.00,163.00,17.330000,4.360000,0.00,cifi0007.DBF
ABFS,10ABFS,F,SM,00,43,13,120.00,426,179.00,180.00,17.330000,4.360000,0.00,cifi0007.DBF
ABFS,10ABFS,F,SM,00,43,14,134.00,458,196.00,196.00,17.330000,4.360000,0.00,cifi0007.DBF
ABFS,10ABFS,F,SM,00,43,15,148.00,486,213.00,213.00,17.330000,4.360000,0.00,cifi0007.DBF
ABFS,10ABFS,F,SM,00,43,16,163.00,515,231.00,231.00,17.330000,4.360000,0.00,cifi0007.DBF
ABFS,10ABFS,F,SM,00,43,17,179.00,544,250.00,249.00,17.330000,4.360000,0.00,cifi0007.DBF
ABFS,10ABFS,F,SM,00,43,18,195.00,569,268.00,268.00,17.330000,4.360000,0.00,cifi0007.DBF
ABFS,10ABFS,F,SM,00,43,19,212.00,595,288.00,287.00,17.330000,4.360000,0.00,cifi0007.DBF
ABFS,10ABFS,F,SM,00,43,20,229.00,618,307.00,306.00,17.330000,4.360000,0.00,cifi0007.DBF
ABFS,10ABFS,F,SM,00,43,21,247.00,642,327.00,326.00,17.330000,4.360000,0.00,cifi0007.DBF
ABFS,10ABFS,F,SM,00,43,22,264.00,661,347.00,346.00,17.330000,4.360000,0.00,cifi0007.DBF
ABFS,10ABFS,F,SM,00,43,23,283.00,683,367.00,366.00,17.330000,4.360000,0.00,cifi0007.DBF
ABFS,10ABFS,F,SM,00,43,24,301.00,701,386.00,385.00,17.330000,4.360000,0.00,cifi0007.DBF
ABFS,10ABFS,F,SM,00,43,25,320.00,720,407.00,405.00,17.330000,4.360000,0.00,cifi0007.DBF
ABFS,10ABFS,F,SM,00,43,26,339.00,736,427.00,426.00,17.330000,4.360000,0.00,cifi0007.DBF
ABFS,10ABFS,F,SM,00,43,27,359.00,753,448.00,446.00,17.330000,4.360000,0.00,cifi0007.DBF
ABFS,10ABFS,F,SM,00,43,28,380.00,770,469.00,467.00,17.330000,4.360000,0.00,cifi0007.DBF
ABFS,10ABFS,F,SM,00,43,29,401.00,785,490.00,488.00,17.330000,4.360000,0.00,cifi0007.DBF
ABFS,10ABFS,F,SM,00,43,30,423.00,801,512.00,510.00,17.330000,4.360000,0.00,cifi0007.DBF
ABFS,10ABFS,F,SM,00,43,31,444.00,814,533.00,531.00,17.330000,4.360000,0.00,cifi0007.DBF
ABFS,10ABFS,F,SM,00,43,32,465.00,826,553.00,552.00,17.330000,4.360000,0.00,cifi0007.DBF
ABFS,10ABFS,F,SM,00,43,33,486.00,838,574.00,572.00,17.330000,4.360000,0.00,cifi0007.DBF
ABFS,10ABFS,F,SM,00,43,34,507.00,850,593.00,592.00,17.330000,4.360000,0.00,cifi0007.DBF
ABFS,10ABFS,F,SM,00,43,35,527.00,859,612.00,611.00,17.330000,4.360000,0.00,cifi0007.DBF
ABFS,10ABFS,F,SM,00,43,36,547.00,868,631.00,630.00,17.330000,4.360000,0.00,cifi0007.DBF
ABFS,10ABFS,F,SM,00,43,37,567.00,877,650.00,649.00,17.330000,4.360000,0.00,cifi0007.DBF
ABFS,10ABFS,F,SM,00,43,38,587.00,886,668.00,668.00,17.330000,4.360000,0.00,cifi0007.DBF
ABFS,10ABFS,F,SM,00,43,39,607.00,894,686.00,686.00,17.330000,4.360000,0.00,cifi0007.DBF
ABFS,10ABFS,F,SM,00,43,40,626.00,901,703.00,703.00,17.330000,4.360000,0.00,cifi0007.DBF
ABFS,10ABFS,F,SM,00,43,41,645.00,909,720.00,720.00,17.330000,4.360000,0.00,cifi0007.DBF
ABFS,10ABFS,F,SM,00,43,42,663.00,915,736.00,737.00,17.330000,4.360000,0.00,cifi0007.DBF
ABFS,10ABFS,F,SM,00,43,43,681.00,922,750.00,752.00,17.330000,4.360000,0.00,cifi0007.DBF
ABFS,10ABFS,F,SM,00,43,44,697.00,927,764.00,766.00,17.330000,4.360000,0.00,cifi0007.DBF
ABFS,10ABFS,F,SM,00,43,45,713.00,932,778.00,780.00,17.330000,4.360000,0.00,cifi0007.DBF
ABFS,10ABFS,F,SM,00,43,46,729.00,937,791.00,793.00,17.330000,4.360000,0.00,cifi0007.DBF
ABFS,10ABFS,F,SM,00,43,47,744.00,941,804.00,806.00,17.330000,4.360000,0.00,cifi0007.DBF
ABFS,10ABFS,F,SM,00,43,48,760.00,946,816.00,819.00,17.330000,4.360000,0.00,cifi0007.DBF
ABFS,10ABFS,F,SM,00,43,49,776.00,950,829.00,831.00,17.330000,4.360000,0.00,cifi0007.DBF
ABFS,10ABFS,F,SM,00,43,50,793.00,955,842.00,844.00,17.330000,4.360000,0.00,cifi0007.DBF
ABFS,10ABFS,F,SM,00,43,51,811.00,960,857.00,858.00,17.330000,4.360000,0.00,cifi0007.DBF
ABFS,10ABFS,F,SM,00,43,52,831.00,965,872.00,873.00,17.330000,4.360000,0.00,cifi0007.DBF
ABFS,10ABFS,F,SM,00,43,53,853.00,970,889.00,889.00,17.330000,4.360000,0.00,cifi0007.DBF
ABFS,10ABFS,F,SM,00,43,54,877.00,976,907.00,907.00,17.330000,4.360000,0.00,cifi0007.DBF
ABFS,10ABFS,F,SM,00,43,55,901.00,981,925.00,925.00,17.330000,4.360000,0.00,cifi0007.DBF
ABFS,10ABFS,F,SM,00,43,56,926.00,987,940.00,941.00,17.330000,4.360000,0.00,cifi0007.DBF
ABFS,10ABFS,F,SM,00,44,1,0.00,0,0.00,2.00,18.140000,4.710000,0.00,cifi0007.DBF
ABFS,10ABFS,F,SM,00,44,2,0.00,0,14.00,16.00,18.140000,4.710000,0.00,cifi0007.DBF
ABFS,10ABFS,F,SM,00,44,3,4.00,21,28.00,30.00,18.140000,4.710000,0.00,cifi0007.DBF
ABFS,10ABFS,F,SM,00,44,4,14.00,69,42.00,44.00,18.140000,4.710000,0.00,cifi0007.DBF
ABFS,10ABFS,F,SM,00,44,5,25.00,118,57.00,59.00,18.140000,4.710000,0.00,cifi0007.DBF
ABFS,10ABFS,F,SM,00,44,6,37.00,168,72.00,74.00,18.140000,4.710000,0.00,cifi0007.DBF
ABFS,10ABFS,F,SM,00,44,7,48.00,209,87.00,89.00,18.140000,4.710000,0.00,cifi0007.DBF
ABFS,10ABFS,F,SM,00,44,8,60.00,250,103.00,104.00,18.140000,4.710000,0.00,cifi0007.DBF
ABFS,10ABFS,F,SM,00,44,9,72.00,288,119.00,120.00,18.140000,4.710000,0.00,cifi0007.DBF
ABFS,10ABFS,F,SM,00,44,10,85.00,327,135.00,136.00,18.140000,4.710000,0.00,cifi0007.DBF
ABFS,10ABFS,F,SM,00,44,11,98.00,362,152.00,153.00,18.140000,4.710000,0.00,cifi0007.DBF
ABFS,10ABFS,F,SM,00,44,12,112.00,398,168.00,169.00,18.140000,4.710000,0.00,cifi0007.DBF
ABFS,10ABFS,F,SM,00,44,13,126.00,430,185.00,186.00,18.140000,4.710000,0.00,cifi0007.DBF
ABFS,10ABFS,F,SM,00,44,14,140.00,460,203.00,203.00,18.140000,4.710000,0.00,cifi0007.DBF
ABFS,10ABFS,F,SM,00,44,15,155.00,490,221.00,221.00,18.140000,4.710000,0.00,cifi0007.DBF
ABFS,10ABFS,F,SM,00,44,16,171.00,519,239.00,239.00,18.140000,4.710000,0.00,cifi0007.DBF
ABFS,10ABFS,F,SM,00,44,17,187.00,546,259.00,258.00,18.140000,4.710000,0.00,cifi0007.DBF
ABFS,10ABFS,F,SM,00,44,18,204.00,573,278.00,278.00,18.140000,4.710000,0.00,cifi0007.DBF
ABFS,10ABFS,F,SM,00,44,19,221.00,597,298.00,297.00,18.140000,4.710000,0.00,cifi0007.DBF
ABFS,10ABFS,F,SM,00,44,20,239.00,621,318.00,317.00,18.140000,4.710000,0.00,cifi0007.DBF
ABFS,10ABFS,F,SM,00,44,21,257.00,644,338.00,337.00,18.140000,4.710000,0.00,cifi0007.DBF
ABFS,10ABFS,F,SM,00,44,22,276.00,666,358.00,357.00,18.140000,4.710000,0.00,cifi0007.DBF
ABFS,10ABFS,F,SM,00,44,23,294.00,685,378.00,377.00,18.140000,4.710000,0.00,cifi0007.DBF
ABFS,10ABFS,F,SM,00,44,24,313.00,704,399.00,398.00,18.140000,4.710000,0.00,cifi0007.DBF
ABFS,10ABFS,F,SM,00,44,25,333.00,723,419.00,418.00,18.140000,4.710000,0.00,cifi0007.DBF
ABFS,10ABFS,F,SM,00,44,26,353.00,740,440.00,439.00,18.140000,4.710000,0.00,cifi0007.DBF
ABFS,10ABFS,F,SM,00,44,27,374.00,758,462.00,460.00,18.140000,4.710000,0.00,cifi0007.DBF
ABFS,10ABFS,F,SM,00,44,28,395.00,773,484.00,482.00,18.140000,4.710000,0.00,cifi0007.DBF
ABFS,10ABFS,F,SM,00,44,29,417.00,789,505.00,504.00,18.140000,4.710000,0.00,cifi0007.DBF
ABFS,10ABFS,F,SM,00,44,30,438.00,803,527.00,525.00,18.140000,4.710000,0.00,cifi0007.DBF
ABFS,10ABFS,F,SM,00,44,31,460.00,817,547.00,546.00,18.140000,4.710000,0.00,cifi0007.DBF
ABFS,10ABFS,F,SM,00,44,32,481.00,829,568.00,567.00,18.140000,4.710000,0.00,cifi0007.DBF
ABFS,10ABFS,F,SM,00,44,33,502.00,841,588.00,587.00,18.140000,4.710000,0.00,cifi0007.DBF
ABFS,10ABFS,F,SM,00,44,34,522.00,851,607.00,607.00,18.140000,4.710000,0.00,cifi0007.DBF
ABFS,10ABFS,F,SM,00,44,35,543.00,862,626.00,626.00,18.140000,4.710000,0.00,cifi0007.DBF
ABFS,10ABFS,F,SM,00,44,36,563.00,871,645.00,645.00,18.140000,4.710000,0.00,cifi0007.DBF
ABFS,10ABFS,F,SM,00,44,37,583.00,880,664.00,664.00,18.140000,4.710000,0.00,cifi0007.DBF
ABFS,10ABFS,F,SM,00,44,38,603.00,888,682.00,682.00,18.140000,4.710000,0.00,cifi0007.DBF
ABFS,10ABFS,F,SM,00,44,39,623.00,897,699.00,700.00,18.140000,4.710000,0.00,cifi0007.DBF
ABFS,10ABFS,F,SM,00,44,40,642.00,904,716.00,717.00,18.140000,4.710000,0.00,cifi0007.DBF
ABFS,10ABFS,F,SM,00,44,41,660.00,911,732.00,733.00,18.140000,4.710000,0.00,cifi0007.DBF
ABFS,10ABFS,F,SM,00,44,42,677.00,917,747.00,749.00,18.140000,4.710000,0.00,cifi0007.DBF
ABFS,10ABFS,F,SM,00,44,43,694.00,923,761.00,763.00,18.140000,4.710000,0.00,cifi0007.DBF
ABFS,10ABFS,F,SM,00,44,44,710.00,928,775.00,777.00,18.140000,4.710000,0.00,cifi0007.DBF
ABFS,10ABFS,F,SM,00,44,45,726.00,933,788.00,791.00,18.140000,4.710000,0.00,cifi0007.DBF
ABFS,10ABFS,F,SM,00,44,46,742.00,938,801.00,804.00,18.140000,4.710000,0.00,cifi0007.DBF
ABFS,10ABFS,F,SM,00,44,47,758.00,943,814.00,817.00,18.140000,4.710000,0.00,cifi0007.DBF
ABFS,10ABFS,F,SM,00,44,48,774.00,948,827.00,830.00,18.140000,4.710000,0.00,cifi0007.DBF
ABFS,10ABFS,F,SM,00,44,49,791.00,953,840.00,843.00,18.140000,4.710000,0.00,cifi0007.DBF
ABFS,10ABFS,F,SM,00,44,50,809.00,957,855.00,857.00,18.140000,4.710000,0.00,cifi0007.DBF
ABFS,10ABFS,F,SM,00,44,51,830.00,963,871.00,872.00,18.140000,4.710000,0.00,cifi0007.DBF
ABFS,10ABFS,F,SM,00,44,52,852.00,969,888.00,889.00,18.140000,4.710000,0.00,cifi0007.DBF
ABFS,10ABFS,F,SM,00,44,53,876.00,975,906.00,906.00,18.140000,4.710000,0.00,cifi0007.DBF
ABFS,10ABFS,F,SM,00,44,54,901.00,981,924.00,924.00,18.140000,4.710000,0.00,cifi0007.DBF
ABFS,10ABFS,F,SM,00,44,55,925.00,986,939.00,941.00,18.140000,4.710000,0.00,cifi0007.DBF
ABFS,10ABFS,F,SM,00,45,1,0.00,0,0.00,3.00,18.990000,5.070000,0.00,cifi0007.DBF
ABFS,10ABFS,F,SM,00,45,2,0.00,0,14.00,16.00,18.990000,5.070000,0.00,cifi0007.DBF
ABFS,10ABFS,F,SM,00,45,3,4.00,20,29.00,31.00,18.990000,5.070000,0.00,cifi0007.DBF
ABFS,10ABFS,F,SM,00,45,4,15.00,71,44.00,46.00,18.990000,5.070000,0.00,cifi0007.DBF
ABFS,10ABFS,F,SM,00,45,5,27.00,123,59.00,61.00,18.990000,5.070000,0.00,cifi0007.DBF
ABFS,10ABFS,F,SM,00,45,6,38.00,165,74.00,76.00,18.990000,5.070000,0.00,cifi0007.DBF
ABFS,10ABFS,F,SM,00,45,7,51.00,213,90.00,91.00,18.990000,5.070000,0.00,cifi0007.DBF
ABFS,10ABFS,F,SM,00,45,8,63.00,252,107.00,108.00,18.990000,5.070000,0.00,cifi0007.DBF
ABFS,10ABFS,F,SM,00,45,9,76.00,292,123.00,124.00,18.990000,5.070000,0.00,cifi0007.DBF
ABFS,10ABFS,F,SM,00,45,10,89.00,329,140.00,141.00,18.990000,5.070000,0.00,cifi0007.DBF
ABFS,10ABFS,F,SM,00,45,11,103.00,366,157.00,158.00,18.990000,5.070000,0.00,cifi0007.DBF
ABFS,10ABFS,F,SM,00,45,12,117.00,400,174.00,175.00,18.990000,5.070000,0.00,cifi0007.DBF
ABFS,10ABFS,F,SM,00,45,13,131.00,430,192.00,192.00,18.990000,5.070000,0.00,cifi0007.DBF
ABFS,10ABFS,F,SM,00,45,14,146.00,461,210.00,210.00,18.990000,5.070000,0.00,cifi0007.DBF
ABFS,10ABFS,F,SM,00,45,15,162.00,492,229.00,229.00,18.990000,5.070000,0.00,cifi0007.DBF
ABFS,10ABFS,F,SM,00,45,16,179.00,523,248.00,248.00,18.990000,5.070000,0.00,cifi0007.DBF
ABFS,10ABFS,F,SM,00,45,17,196.00,550,268.00,267.00,18.990000,5.070000,0.00,cifi0007.DBF
ABFS,10ABFS,F,SM,00,45,18,213.00,575,288.00,287.00,18.990000,5.070000,0.00,cifi0007.DBF
ABFS,10ABFS,F,SM,00,45,19,231.00,601,308.00,307.00,18.990000,5.070000,0.00,cifi0007.DBF
ABFS,10ABFS,F,SM,00,45,20,250.00,626,329.00,328.00,18.990000,5.070000,0.00,cifi0007.DBF
ABFS,10ABFS,F,SM,00,45,21,268.00,647,349.00,348.00,18.990000,5.070000,0.00,cifi0007.DBF
ABFS,10ABFS,F,SM,00,45,22,287.00,669,370.00,369.00,18.990000,5.070000,0.00,cifi0007.DBF
ABFS,10ABFS,F,SM,00,45,23,306.00,688,390.00,389.00,18.990000,5.070000,0.00,cifi0007.DBF
ABFS,10ABFS,F,SM,00,45,24,326.00,708,411.00,410.00,18.990000,5.070000,0.00,cifi0007.DBF
ABFS,10ABFS,F,SM,00,45,25,347.00,728,433.00,431.00,18.990000,5.070000,0.00,cifi0007.DBF
ABFS,10ABFS,F,SM,00,45,26,368.00,746,454.00,453.00,18.990000,5.070000,0.00,cifi0007.DBF
ABFS,10ABFS,F,SM,00,45,27,389.00,761,476.00,474.00,18.990000,5.070000,0.00,cifi0007.DBF
ABFS,10ABFS,F,SM,00,45,28,411.00,778,498.00,496.00,18.990000,5.070000,0.00,cifi0007.DBF
ABFS,10ABFS,F,SM,00,45,29,433.00,794,520.00,518.00,18.990000,5.070000,0.00,cifi0007.DBF
ABFS,10ABFS,F,SM,00,45,30,454.00,807,541.00,540.00,18.990000,5.070000,0.00,cifi0007.DBF
ABFS,10ABFS,F,SM,00,45,31,476.00,821,562.00,561.00,18.990000,5.070000,0.00,cifi0007.DBF
ABFS,10ABFS,F,SM,00,45,32,497.00,833,582.00,581.00,18.990000,5.070000,0.00,cifi0007.DBF
ABFS,10ABFS,F,SM,00,45,33,517.00,843,602.00,601.00,18.990000,5.070000,0.00,cifi0007.DBF
ABFS,10ABFS,F,SM,00,45,34,538.00,854,621.00,621.00,18.990000,5.070000,0.00,cifi0007.DBF
ABFS,10ABFS,F,SM,00,45,35,559.00,865,640.00,640.00,18.990000,5.070000,0.00,cifi0007.DBF
ABFS,10ABFS,F,SM,00,45,36,579.00,874,659.00,659.00,18.990000,5.070000,0.00,cifi0007.DBF
ABFS,10ABFS,F,SM,00,45,37,599.00,883,677.00,677.00,18.990000,5.070000,0.00,cifi0007.DBF
ABFS,10ABFS,F,SM,00,45,38,619.00,891,695.00,695.00,18.990000,5.070000,0.00,cifi0007.DBF
ABFS,10ABFS,F,SM,00,45,39,638.00,899,712.00,713.00,18.990000,5.070000,0.00,cifi0007.DBF
ABFS,10ABFS,F,SM,00,45,40,657.00,907,728.00,729.00,18.990000,5.070000,0.00,cifi0007.DBF
ABFS,10ABFS,F,SM,00,45,41,674.00,912,744.00,745.00,18.990000,5.070000,0.00,cifi0007.DBF
ABFS,10ABFS,F,SM,00,45,42,691.00,919,758.00,760.00,18.990000,5.070000,0.00,cifi0007.DBF
ABFS,10ABFS,F,SM,00,45,43,707.00,924,772.00,774.00,18.990000,5.070000,0.00,cifi0007.DBF
ABFS,10ABFS,F,SM,00,45,44,723.00,929,785.00,788.00,18.990000,5.070000,0.00,cifi0007.DBF
ABFS,10ABFS,F,SM,00,45,45,739.00,935,798.00,801.00,18.990000,5.070000,0.00,cifi0007.DBF
ABFS,10ABFS,F,SM,00,45,46,755.00,940,811.00,814.00,18.990000,5.070000,0.00,cifi0007.DBF
ABFS,10ABFS,F,SM,00,45,47,772.00,945,824.00,827.00,18.990000,5.070000,0.00,cifi0007.DBF
ABFS,10ABFS,F,SM,00,45,48,789.00,950,838.00,840.00,18.990000,5.070000,0.00,cifi0007.DBF
ABFS,10ABFS,F,SM,00,45,49,807.00,955,853.00,855.00,18.990000,5.070000,0.00,cifi0007.DBF
ABFS,10ABFS,F,SM,00,45,50,828.00,961,869.00,870.00,18.990000,5.070000,0.00,cifi0007.DBF
ABFS,10ABFS,F,SM,00,45,51,850.00,967,886.00,887.00,18.990000,5.070000,0.00,cifi0007.DBF
ABFS,10ABFS,F,SM,00,45,52,874.00,973,905.00,905.00,18.990000,5.070000,0.00,cifi0007.DBF
ABFS,10ABFS,F,SM,00,45,53,900.00,980,923.00,923.00,18.990000,5.070000,0.00,cifi0007.DBF
ABFS,10ABFS,F,SM,00,45,54,924.00,985,938.00,940.00,18.990000,5.070000,0.00,cifi0007.DBF
ABFS,10ABFS,F,SM,00,46,1,0.00,0,0.00,3.00,19.890000,5.450000,0.00,cifi0007.DBF
ABFS,10ABFS,F,SM,00,46,2,0.00,0,15.00,17.00,19.890000,5.450000,0.00,cifi0007.DBF
ABFS,10ABFS,F,SM,00,46,3,5.00,24,30.00,32.00,19.890000,5.450000,0.00,cifi0007.DBF
ABFS,10ABFS,F,SM,00,46,4,16.00,73,45.00,47.00,19.890000,5.450000,0.00,cifi0007.DBF
ABFS,10ABFS,F,SM,00,46,5,28.00,122,61.00,63.00,19.890000,5.450000,0.00,cifi0007.DBF
ABFS,10ABFS,F,SM,00,46,6,40.00,167,77.00,79.00,19.890000,5.450000,0.00,cifi0007.DBF
ABFS,10ABFS,F,SM,00,46,7,53.00,212,94.00,95.00,19.890000,5.450000,0.00,cifi0007.DBF
ABFS,10ABFS,F,SM,00,46,8,66.00,254,110.00,112.00,19.890000,5.450000,0.00,cifi0007.DBF
ABFS,10ABFS,F,SM,00,46,9,79.00,292,127.00,128.00,19.890000,5.450000,0.00,cifi0007.DBF
ABFS,10ABFS,F,SM,00,46,10,93.00,330,145.00,146.00,19.890000,5.450000,0.00,cifi0007.DBF
ABFS,10ABFS,F,SM,00,46,11,107.00,365,162.00,163.00,19.890000,5.450000,0.00,cifi0007.DBF
ABFS,10ABFS,F,SM,00,46,12,122.00,401,180.00,181.00,19.890000,5.450000,0.00,cifi0007.DBF
ABFS,10ABFS,F,SM,00,46,13,137.00,433,199.00,199.00,19.890000,5.450000,0.00,cifi0007.DBF
ABFS,10ABFS,F,SM,00,46,14,153.00,465,218.00,218.00,19.890000,5.450000,0.00,cifi0007.DBF
ABFS,10ABFS,F,SM,00,46,15,170.00,496,237.00,237.00,19.890000,5.450000,0.00,cifi0007.DBF
ABFS,10ABFS,F,SM,00,46,16,187.00,525,257.00,257.00,19.890000,5.450000,0.00,cifi0007.DBF
ABFS,10ABFS,F,SM,00,46,17,205.00,554,278.00,277.00,19.890000,5.450000,0.00,cifi0007.DBF
ABFS,10ABFS,F,SM,00,46,18,223.00,580,298.00,298.00,19.890000,5.450000,0.00,cifi0007.DBF
ABFS,10ABFS,F,SM,00,46,19,242.00,606,319.00,318.00,19.890000,5.450000,0.00,cifi0007.DBF
ABFS,10ABFS,F,SM,00,46,20,261.00,630,340.00,339.00,19.890000,5.450000,0.00,cifi0007.DBF
ABFS,10ABFS,F,SM,00,46,21,280.00,652,360.00,360.00,19.890000,5.450000,0.00,cifi0007.DBF
ABFS,10ABFS,F,SM,00,46,22,299.00,673,381.00,380.00,19.890000,5.450000,0.00,cifi0007.DBF
ABFS,10ABFS,F,SM,00,46,23,319.00,693,403.00,402.00,19.890000,5.450000,0.00,cifi0007.DBF
ABFS,10ABFS,F,SM,00,46,24,340.00,713,424.00,423.00,19.890000,5.450000,0.00,cifi0007.DBF
ABFS,10ABFS,F,SM,00,46,25,361.00,731,447.00,445.00,19.890000,5.450000,0.00,cifi0007.DBF
ABFS,10ABFS,F,SM,00,46,26,383.00,750,469.00,468.00,19.890000,5.450000,0.00,cifi0007.DBF
ABFS,10ABFS,F,SM,00,46,27,405.00,767,491.00,490.00,19.890000,5.450000,0.00,cifi0007.DBF
ABFS,10ABFS,F,SM,00,46,28,427.00,783,513.00,512.00,19.890000,5.450000,0.00,cifi0007.DBF
ABFS,10ABFS,F,SM,00,46,29,449.00,798,535.00,534.00,19.890000,5.450000,0.00,cifi0007.DBF
ABFS,10ABFS,F,SM,00,46,30,470.00,810,556.00,555.00,19.890000,5.450000,0.00,cifi0007.DBF
ABFS,10ABFS,F,SM,00,46,31,491.00,823,576.00,576.00,19.890000,5.450000,0.00,cifi0007.DBF
ABFS,10ABFS,F,SM,00,46,32,512.00,835,596.00,596.00,19.890000,5.450000,0.00,cifi0007.DBF
ABFS,10ABFS,F,SM,00,46,33,533.00,846,616.00,616.00,19.890000,5.450000,0.00,cifi0007.DBF
ABFS,10ABFS,F,SM,00,46,34,554.00,857,635.00,635.00,19.890000,5.450000,0.00,cifi0007.DBF
ABFS,10ABFS,F,SM,00,46,35,575.00,868,654.00,654.00,19.890000,5.450000,0.00,cifi0007.DBF
ABFS,10ABFS,F,SM,00,46,36,595.00,877,673.00,673.00,19.890000,5.450000,0.00,cifi0007.DBF
ABFS,10ABFS,F,SM,00,46,37,615.00,885,691.00,692.00,19.890000,5.450000,0.00,cifi0007.DBF
ABFS,10ABFS,F,SM,00,46,38,634.00,893,708.00,709.00,19.890000,5.450000,0.00,cifi0007.DBF
ABFS,10ABFS,F,SM,00,46,39,653.00,901,724.00,726.00,19.890000,5.450000,0.00,cifi0007.DBF
ABFS,10ABFS,F,SM,00,46,40,671.00,908,740.00,742.00,19.890000,5.450000,0.00,cifi0007.DBF
ABFS,10ABFS,F,SM,00,46,41,688.00,915,754.00,757.00,19.890000,5.450000,0.00,cifi0007.DBF
ABFS,10ABFS,F,SM,00,46,42,704.00,920,769.00,771.00,19.890000,5.450000,0.00,cifi0007.DBF
ABFS,10ABFS,F,SM,00,46,43,720.00,926,782.00,785.00,19.890000,5.450000,0.00,cifi0007.DBF
ABFS,10ABFS,F,SM,00,46,44,737.00,932,795.00,798.00,19.890000,5.450000,0.00,cifi0007.DBF
ABFS,10ABFS,F,SM,00,46,45,753.00,937,809.00,812.00,19.890000,5.450000,0.00,cifi0007.DBF
ABFS,10ABFS,F,SM,00,46,46,769.00,942,822.00,825.00,19.890000,5.450000,0.00,cifi0007.DBF
ABFS,10ABFS,F,SM,00,46,47,787.00,948,836.00,839.00,19.890000,5.450000,0.00,cifi0007.DBF
ABFS,10ABFS,F,SM,00,46,48,805.00,953,851.00,853.00,19.890000,5.450000,0.00,cifi0007.DBF
ABFS,10ABFS,F,SM,00,46,49,826.00,959,867.00,869.00,19.890000,5.450000,0.00,cifi0007.DBF
ABFS,10ABFS,F,SM,00,46,50,849.00,965,884.00,885.00,19.890000,5.450000,0.00,cifi0007.DBF
ABFS,10ABFS,F,SM,00,46,51,873.00,971,903.00,903.00,19.890000,5.450000,0.00,cifi0007.DBF
ABFS,10ABFS,F,SM,00,46,52,898.00,977,922.00,922.00,19.890000,5.450000,0.00,cifi0007.DBF
ABFS,10ABFS,F,SM,00,46,53,923.00,983,937.00,939.00,19.890000,5.450000,0.00,cifi0007.DBF
ABFS,10ABFS,F,SM,00,47,1,0.00,0,0.00,3.00,20.830000,5.840000,0.00,cifi0007.DBF
ABFS,10ABFS,F,SM,00,47,2,0.00,0,15.00,18.00,20.830000,5.840000,0.00,cifi0007.DBF
ABFS,10ABFS,F,SM,00,47,3,6.00,28,31.00,33.00,20.830000,5.840000,0.00,cifi0007.DBF
ABFS,10ABFS,F,SM,00,47,4,18.00,79,47.00,49.00,20.830000,5.840000,0.00,cifi0007.DBF
ABFS,10ABFS,F,SM,00,47,5,30.00,125,63.00,65.00,20.830000,5.840000,0.00,cifi0007.DBF
ABFS,10ABFS,F,SM,00,47,6,43.00,172,80.00,82.00,20.830000,5.840000,0.00,cifi0007.DBF
ABFS,10ABFS,F,SM,00,47,7,56.00,215,97.00,99.00,20.830000,5.840000,0.00,cifi0007.DBF
ABFS,10ABFS,F,SM,00,47,8,69.00,255,114.00,116.00,20.830000,5.840000,0.00,cifi0007.DBF
ABFS,10ABFS,F,SM,00,47,9,83.00,295,132.00,133.00,20.830000,5.840000,0.00,cifi0007.DBF
ABFS,10ABFS,F,SM,00,47,10,97.00,331,150.00,151.00,20.830000,5.840000,0.00,cifi0007.DBF
ABFS,10ABFS,F,SM,00,47,11,112.00,368,168.00,169.00,20.830000,5.840000,0.00,cifi0007.DBF
ABFS,10ABFS,F,SM,00,47,12,128.00,404,187.00,188.00,20.830000,5.840000,0.00,cifi0007.DBF
ABFS,10ABFS,F,SM,00,47,13,144.00,437,206.00,207.00,20.830000,5.840000,0.00,cifi0007.DBF
ABFS,10ABFS,F,SM,00,47,14,161.00,470,226.00,226.00,20.830000,5.840000,0.00,cifi0007.DBF
ABFS,10ABFS,F,SM,00,47,15,178.00,500,246.00,246.00,20.830000,5.840000,0.00,cifi0007.DBF
ABFS,10ABFS,F,SM,00,47,16,196.00,529,267.00,267.00,20.830000,5.840000,0.00,cifi0007.DBF
ABFS,10ABFS,F,SM,00,47,17,215.00,559,288.00,288.00,20.830000,5.840000,0.00,cifi0007.DBF
ABFS,10ABFS,F,SM,00,47,18,233.00,584,309.00,309.00,20.830000,5.840000,0.00,cifi0007.DBF
ABFS,10ABFS,F,SM,00,47,19,252.00,609,330.00,330.00,20.830000,5.840000,0.00,cifi0007.DBF
ABFS,10ABFS,F,SM,00,47,20,272.00,634,351.00,351.00,20.830000,5.840000,0.00,cifi0007.DBF
ABFS,10ABFS,F,SM,00,47,21,291.00,655,372.00,372.00,20.830000,5.840000,0.00,cifi0007.DBF
ABFS,10ABFS,F,SM,00,47,22,312.00,678,394.00,393.00,20.830000,5.840000,0.00,cifi0007.DBF
ABFS,10ABFS,F,SM,00,47,23,332.00,696,416.00,415.00,20.830000,5.840000,0.00,cifi0007.DBF
ABFS,10ABFS,F,SM,00,47,24,354.00,717,438.00,437.00,20.830000,5.840000,0.00,cifi0007.DBF
ABFS,10ABFS,F,SM,00,47,25,376.00,736,461.00,460.00,20.830000,5.840000,0.00,cifi0007.DBF
ABFS,10ABFS,F,SM,00,47,26,398.00,753,483.00,482.00,20.830000,5.840000,0.00,cifi0007.DBF
ABFS,10ABFS,F,SM,00,47,27,420.00,770,506.00,505.00,20.830000,5.840000,0.00,cifi0007.DBF
ABFS,10ABFS,F,SM,00,47,28,442.00,785,528.00,527.00,20.830000,5.840000,0.00,cifi0007.DBF
ABFS,10ABFS,F,SM,00,47,29,464.00,800,549.00,549.00,20.830000,5.840000,0.00,cifi0007.DBF
ABFS,10ABFS,F,SM,00,47,30,486.00,814,570.00,570.00,20.830000,5.840000,0.00,cifi0007.DBF
ABFS,10ABFS,F,SM,00,47,31,507.00,827,590.00,590.00,20.830000,5.840000,0.00,cifi0007.DBF
ABFS,10ABFS,F,SM,00,47,32,528.00,838,610.00,610.00,20.830000,5.840000,0.00,cifi0007.DBF
ABFS,10ABFS,F,SM,00,47,33,549.00,850,630.00,630.00,20.830000,5.840000,0.00,cifi0007.DBF
ABFS,10ABFS,F,SM,00,47,34,570.00,860,649.00,650.00,20.830000,5.840000,0.00,cifi0007.DBF
ABFS,10ABFS,F,SM,00,47,35,591.00,871,668.00,669.00,20.830000,5.840000,0.00,cifi0007.DBF
ABFS,10ABFS,F,SM,00,47,36,611.00,880,686.00,687.00,20.830000,5.840000,0.00,cifi0007.DBF
ABFS,10ABFS,F,SM,00,47,37,630.00,887,704.00,705.00,20.830000,5.840000,0.00,cifi0007.DBF
ABFS,10ABFS,F,SM,00,47,38,649.00,896,720.00,722.00,20.830000,5.840000,0.00,cifi0007.DBF
ABFS,10ABFS,F,SM,00,47,39,667.00,903,736.00,738.00,20.830000,5.840000,0.00,cifi0007.DBF
ABFS,10ABFS,F,SM,00,47,40,684.00,909,751.00,754.00,20.830000,5.840000,0.00,cifi0007.DBF
ABFS,10ABFS,F,SM,00,47,41,701.00,916,765.00,768.00,20.830000,5.840000,0.00,cifi0007.DBF
ABFS,10ABFS,F,SM,00,47,42,717.00,922,779.00,782.00,20.830000,5.840000,0.00,cifi0007.DBF
ABFS,10ABFS,F,SM,00,47,43,734.00,928,792.00,796.00,20.830000,5.840000,0.00,cifi0007.DBF
ABFS,10ABFS,F,SM,00,47,44,750.00,933,806.00,809.00,20.830000,5.840000,0.00,cifi0007.DBF
ABFS,10ABFS,F,SM,00,47,45,767.00,939,819.00,823.00,20.830000,5.840000,0.00,cifi0007.DBF
ABFS,10ABFS,F,SM,00,47,46,784.00,944,833.00,836.00,20.830000,5.840000,0.00,cifi0007.DBF
ABFS,10ABFS,F,SM,00,47,47,803.00,950,848.00,851.00,20.830000,5.840000,0.00,cifi0007.DBF
ABFS,10ABFS,F,SM,00,47,48,824.00,956,865.00,867.00,20.830000,5.840000,0.00,cifi0007.DBF
ABFS,10ABFS,F,SM,00,47,49,847.00,963,883.00,884.00,20.830000,5.840000,0.00,cifi0007.DBF
ABFS,10ABFS,F,SM,00,47,50,872.00,970,902.00,903.00,20.830000,5.840000,0.00,cifi0007.DBF
ABFS,10ABFS,F,SM,00,47,51,897.00,976,921.00,922.00,20.830000,5.840000,0.00,cifi0007.DBF
ABFS,10ABFS,F,SM,00,47,52,923.00,983,936.00,939.00,20.830000,5.840000,0.00,cifi0007.DBF
ABFS,10ABFS,F,SM,00,48,1,0.00,0,0.00,3.00,21.830000,6.250000,0.00,cifi0007.DBF
ABFS,10ABFS,F,SM,00,48,2,0.00,0,16.00,19.00,21.830000,6.250000,0.00,cifi0007.DBF
ABFS,10ABFS,F,SM,00,48,3,6.00,27,32.00,35.00,21.830000,6.250000,0.00,cifi0007.DBF
ABFS,10ABFS,F,SM,00,48,4,19.00,80,49.00,51.00,21.830000,6.250000,0.00,cifi0007.DBF
ABFS,10ABFS,F,SM,00,48,5,32.00,128,66.00,68.00,21.830000,6.250000,0.00,cifi0007.DBF
ABFS,10ABFS,F,SM,00,48,6,45.00,173,83.00,85.00,21.830000,6.250000,0.00,cifi0007.DBF
ABFS,10ABFS,F,SM,00,48,7,58.00,214,100.00,102.00,21.830000,6.250000,0.00,cifi0007.DBF
ABFS,10ABFS,F,SM,00,48,8,72.00,256,118.00,120.00,21.830000,6.250000,0.00,cifi0007.DBF
ABFS,10ABFS,F,SM,00,48,9,87.00,297,136.00,138.00,21.830000,6.250000,0.00,cifi0007.DBF
ABFS,10ABFS,F,SM,00,48,10,102.00,335,155.00,156.00,21.830000,6.250000,0.00,cifi0007.DBF
ABFS,10ABFS,F,SM,00,48,11,118.00,373,174.00,175.00,21.830000,6.250000,0.00,cifi0007.DBF
ABFS,10ABFS,F,SM,00,48,12,134.00,407,194.00,195.00,21.830000,6.250000,0.00,cifi0007.DBF
ABFS,10ABFS,F,SM,00,48,13,151.00,441,214.00,215.00,21.830000,6.250000,0.00,cifi0007.DBF
ABFS,10ABFS,F,SM,00,48,14,169.00,475,235.00,235.00,21.830000,6.250000,0.00,cifi0007.DBF
ABFS,10ABFS,F,SM,00,48,15,187.00,505,256.00,256.00,21.830000,6.250000,0.00,cifi0007.DBF
ABFS,10ABFS,F,SM,00,48,16,206.00,536,277.00,277.00,21.830000,6.250000,0.00,cifi0007.DBF
ABFS,10ABFS,F,SM,00,48,17,225.00,564,298.00,298.00,21.830000,6.250000,0.00,cifi0007.DBF
ABFS,10ABFS,F,SM,00,48,18,244.00,589,319.00,319.00,21.830000,6.250000,0.00,cifi0007.DBF
ABFS,10ABFS,F,SM,00,48,19,263.00,613,341.00,341.00,21.830000,6.250000,0.00,cifi0007.DBF
ABFS,10ABFS,F,SM,00,48,20,283.00,637,362.00,362.00,21.830000,6.250000,0.00,cifi0007.DBF
ABFS,10ABFS,F,SM,00,48,21,304.00,660,384.00,384.00,21.830000,6.250000,0.00,cifi0007.DBF
ABFS,10ABFS,F,SM,00,48,22,325.00,682,407.00,406.00,21.830000,6.250000,0.00,cifi0007.DBF
ABFS,10ABFS,F,SM,00,48,23,346.00,701,429.00,429.00,21.830000,6.250000,0.00,cifi0007.DBF
ABFS,10ABFS,F,SM,00,48,24,369.00,722,452.00,451.00,21.830000,6.250000,0.00,cifi0007.DBF
ABFS,10ABFS,F,SM,00,48,25,391.00,740,475.00,474.00,21.830000,6.250000,0.00,cifi0007.DBF
ABFS,10ABFS,F,SM,00,48,26,414.00,759,498.00,497.00,21.830000,6.250000,0.00,cifi0007.DBF
ABFS,10ABFS,F,SM,00,48,27,436.00,775,520.00,520.00,21.830000,6.250000,0.00,cifi0007.DBF
ABFS,10ABFS,F,SM,00,48,28,458.00,790,542.00,542.00,21.830000,6.250000,0.00,cifi0007.DBF
ABFS,10ABFS,F,SM,00,48,29,480.00,804,563.00,563.00,21.830000,6.250000,0.00,cifi0007.DBF
ABFS,10ABFS,F,SM,00,48,30,501.00,817,584.00,584.00,21.830000,6.250000,0.00,cifi0007.DBF
ABFS,10ABFS,F,SM,00,48,31,523.00,830,604.00,605.00,21.830000,6.250000,0.00,cifi0007.DBF
ABFS,10ABFS,F,SM,00,48,32,544.00,842,624.00,625.00,21.830000,6.250000,0.00,cifi0007.DBF
ABFS,10ABFS,F,SM,00,48,33,565.00,853,643.00,644.00,21.830000,6.250000,0.00,cifi0007.DBF
ABFS,10ABFS,F,SM,00,48,34,586.00,863,663.00,664.00,21.830000,6.250000,0.00,cifi0007.DBF
ABFS,10ABFS,F,SM,00,48,35,606.00,873,681.00,683.00,21.830000,6.250000,0.00,cifi0007.DBF
ABFS,10ABFS,F,SM,00,48,36,626.00,882,699.00,701.00,21.830000,6.250000,0.00,cifi0007.DBF
ABFS,10ABFS,F,SM,00,48,37,645.00,890,716.00,718.00,21.830000,6.250000,0.00,cifi0007.DBF
ABFS,10ABFS,F,SM,00,48,38,663.00,898,732.00,735.00,21.830000,6.250000,0.00,cifi0007.DBF
ABFS,10ABFS,F,SM,00,48,39,681.00,905,747.00,750.00,21.830000,6.250000,0.00,cifi0007.DBF
ABFS,10ABFS,F,SM,00,48,40,698.00,912,761.00,765.00,21.830000,6.250000,0.00,cifi0007.DBF
ABFS,10ABFS,F,SM,00,48,41,714.00,918,775.00,779.00,21.830000,6.250000,0.00,cifi0007.DBF
ABFS,10ABFS,F,SM,00,48,42,731.00,925,789.00,793.00,21.830000,6.250000,0.00,cifi0007.DBF
ABFS,10ABFS,F,SM,00,48,43,747.00,930,803.00,807.00,21.830000,6.250000,0.00,cifi0007.DBF
ABFS,10ABFS,F,SM,00,48,44,764.00,936,816.00,820.00,21.830000,6.250000,0.00,cifi0007.DBF
ABFS,10ABFS,F,SM,00,48,45,782.00,942,831.00,834.00,21.830000,6.250000,0.00,cifi0007.DBF
ABFS,10ABFS,F,SM,00,48,46,801.00,948,846.00,849.00,21.830000,6.250000,0.00,cifi0007.DBF
ABFS,10ABFS,F,SM,00,48,47,822.00,954,863.00,865.00,21.830000,6.250000,0.00,cifi0007.DBF
ABFS,10ABFS,F,SM,00,48,48,845.00,961,881.00,883.00,21.830000,6.250000,0.00,cifi0007.DBF
ABFS,10ABFS,F,SM,00,48,49,870.00,968,900.00,901.00,21.830000,6.250000,0.00,cifi0007.DBF
ABFS,10ABFS,F,SM,00,48,50,896.00,975,920.00,921.00,21.830000,6.250000,0.00,cifi0007.DBF
ABFS,10ABFS,F,SM,00,48,51,922.00,982,935.00,938.00,21.830000,6.250000,0.00,cifi0007.DBF
ABFS,10ABFS,F,SM,00,49,1,0.00,0,0.00,3.00,22.880000,6.690000,0.00,cifi0007.DBF
ABFS,10ABFS,F,SM,00,49,2,0.00,0,17.00,20.00,22.880000,6.690000,0.00,cifi0007.DBF
ABFS,10ABFS,F,SM,00,49,3,7.00,30,33.00,36.00,22.880000,6.690000,0.00,cifi0007.DBF
ABFS,10ABFS,F,SM,00,49,4,20.00,80,51.00,53.00,22.880000,6.690000,0.00,cifi0007.DBF
ABFS,10ABFS,F,SM,00,49,5,33.00,127,68.00,71.00,22.880000,6.690000,0.00,cifi0007.DBF
ABFS,10ABFS,F,SM,00,49,6,47.00,174,86.00,88.00,22.880000,6.690000,0.00,cifi0007.DBF
ABFS,10ABFS,F,SM,00,49,7,61.00,217,104.00,106.00,22.880000,6.690000,0.00,cifi0007.DBF
ABFS,10ABFS,F,SM,00,49,8,76.00,260,122.00,124.00,22.880000,6.690000,0.00,cifi0007.DBF
ABFS,10ABFS,F,SM,00,49,9,91.00,299,141.00,143.00,22.880000,6.690000,0.00,cifi0007.DBF
ABFS,10ABFS,F,SM,00,49,10,107.00,338,161.00,162.00,22.880000,6.690000,0.00,cifi0007.DBF
ABFS,10ABFS,F,SM,00,49,11,124.00,377,181.00,182.00,22.880000,6.690000,0.00,cifi0007.DBF
ABFS,10ABFS,F,SM,00,49,12,141.00,412,201.00,202.00,22.880000,6.690000,0.00,cifi0007.DBF
ABFS,10ABFS,F,SM,00,49,13,159.00,447,222.00,223.00,22.880000,6.690000,0.00,cifi0007.DBF
ABFS,10ABFS,F,SM,00,49,14,177.00,478,244.00,244.00,22.880000,6.690000,0.00,cifi0007.DBF
ABFS,10ABFS,F,SM,00,49,15,196.00,510,265.00,266.00,22.880000,6.690000,0.00,cifi0007.DBF
ABFS,10ABFS,F,SM,00,49,16,215.00,539,287.00,287.00,22.880000,6.690000,0.00,cifi0007.DBF
ABFS,10ABFS,F,SM,00,49,17,234.00,565,308.00,309.00,22.880000,6.690000,0.00,cifi0007.DBF
ABFS,10ABFS,F,SM,00,49,18,254.00,592,330.00,330.00,22.880000,6.690000,0.00,cifi0007.DBF
ABFS,10ABFS,F,SM,00,49,19,274.00,616,352.00,352.00,22.880000,6.690000,0.00,cifi0007.DBF
ABFS,10ABFS,F,SM,00,49,20,295.00,641,374.00,374.00,22.880000,6.690000,0.00,cifi0007.DBF
ABFS,10ABFS,F,SM,00,49,21,316.00,663,397.00,397.00,22.880000,6.690000,0.00,cifi0007.DBF
ABFS,10ABFS,F,SM,00,49,22,339.00,687,420.00,420.00,22.880000,6.690000,0.00,cifi0007.DBF
ABFS,10ABFS,F,SM,00,49,23,361.00,707,444.00,443.00,22.880000,6.690000,0.00,cifi0007.DBF
ABFS,10ABFS,F,SM,00,49,24,384.00,727,467.00,467.00,22.880000,6.690000,0.00,cifi0007.DBF
ABFS,10ABFS,F,SM,00,49,25,407.00,746,490.00,490.00,22.880000,6.690000,0.00,cifi0007.DBF
ABFS,10ABFS,F,SM,00,49,26,429.00,762,512.00,512.00,22.880000,6.690000,0.00,cifi0007.DBF
ABFS,10ABFS,F,SM,00,49,27,451.00,778,534.00,534.00,22.880000,6.690000,0.00,cifi0007.DBF
ABFS,10ABFS,F,SM,00,49,28,473.00,793,556.00,556.00,22.880000,6.690000,0.00,cifi0007.DBF
ABFS,10ABFS,F,SM,00,49,29,495.00,807,577.00,578.00,22.880000,6.690000,0.00,cifi0007.DBF
ABFS,10ABFS,F,SM,00,49,30,517.00,821,597.00,598.00,22.880000,6.690000,0.00,cifi0007.DBF
ABFS,10ABFS,F,SM,00,49,31,538.00,832,618.00,619.00,22.880000,6.690000,0.00,cifi0007.DBF
ABFS,10ABFS,F,SM,00,49,32,560.00,845,638.00,639.00,22.880000,6.690000,0.00,cifi0007.DBF
ABFS,10ABFS,F,SM,00,49,33,581.00,856,657.00,659.00,22.880000,6.690000,0.00,cifi0007.DBF
ABFS,10ABFS,F,SM,00,49,34,601.00,865,676.00,678.00,22.880000,6.690000,0.00,cifi0007.DBF
ABFS,10ABFS,F,SM,00,49,35,622.00,876,694.00,696.00,22.880000,6.690000,0.00,cifi0007.DBF
ABFS,10ABFS,F,SM,00,49,36,641.00,885,711.00,714.00,22.880000,6.690000,0.00,cifi0007.DBF
ABFS,10ABFS,F,SM,00,49,37,659.00,892,727.00,730.00,22.880000,6.690000,0.00,cifi0007.DBF
ABFS,10ABFS,F,SM,00,49,38,677.00,900,743.00,746.00,22.880000,6.690000,0.00,cifi0007.DBF
ABFS,10ABFS,F,SM,00,49,39,694.00,907,758.00,762.00,22.880000,6.690000,0.00,cifi0007.DBF
ABFS,10ABFS,F,SM,00,49,40,711.00,914,772.00,776.00,22.880000,6.690000,0.00,cifi0007.DBF
ABFS,10ABFS,F,SM,00,49,41,727.00,919,786.00,790.00,22.880000,6.690000,0.00,cifi0007.DBF
ABFS,10ABFS,F,SM,00,49,42,744.00,926,799.00,804.00,22.880000,6.690000,0.00,cifi0007.DBF
ABFS,10ABFS,F,SM,00,49,43,761.00,932,813.00,817.00,22.880000,6.690000,0.00,cifi0007.DBF
ABFS,10ABFS,F,SM,00,49,44,779.00,938,828.00,832.00,22.880000,6.690000,0.00,cifi0007.DBF
ABFS,10ABFS,F,SM,00,49,45,798.00,944,843.00,847.00,22.880000,6.690000,0.00,cifi0007.DBF
ABFS,10ABFS,F,SM,00,49,46,820.00,952,861.00,863.00,22.880000,6.690000,0.00,cifi0007.DBF
ABFS,10ABFS,F,SM,00,49,47,843.00,959,879.00,881.00,22.880000,6.690000,0.00,cifi0007.DBF
ABFS,10ABFS,F,SM,00,49,48,869.00,967,899.00,900.00,22.880000,6.690000,0.00,cifi0007.DBF
ABFS,10ABFS,F,SM,00,49,49,895.00,974,919.00,920.00,22.880000,6.690000,0.00,cifi0007.DBF
ABFS,10ABFS,F,SM,00,49,50,921.00,981,934.00,938.00,22.880000,6.690000,0.00,cifi0007.DBF
ABFS,10ABFS,F,SM,00,50,1,0.00,0,0.00,4.00,23.990000,7.200000,0.00,cifi0007.DBF
ABFS,10ABFS,F,SM,00,50,2,0.00,0,17.00,20.00,23.990000,7.200000,0.00,cifi0007.DBF
ABFS,10ABFS,F,SM,00,50,3,7.00,28,35.00,38.00,23.990000,7.200000,0.00,cifi0007.DBF
ABFS,10ABFS,F,SM,00,50,4,21.00,81,52.00,55.00,23.990000,7.200000,0.00,cifi0007.DBF
ABFS,10ABFS,F,SM,00,50,5,35.00,130,70.00,73.00,23.990000,7.200000,0.00,cifi0007.DBF
ABFS,10ABFS,F,SM,00,50,6,49.00,174,89.00,91.00,23.990000,7.200000,0.00,cifi0007.DBF
ABFS,10ABFS,F,SM,00,50,7,64.00,219,108.00,110.00,23.990000,7.200000,0.00,cifi0007.DBF
ABFS,10ABFS,F,SM,00,50,8,80.00,263,127.00,129.00,23.990000,7.200000,0.00,cifi0007.DBF
ABFS,10ABFS,F,SM,00,50,9,96.00,303,147.00,149.00,23.990000,7.200000,0.00,cifi0007.DBF
ABFS,10ABFS,F,SM,00,50,10,112.00,340,167.00,169.00,23.990000,7.200000,0.00,cifi0007.DBF
ABFS,10ABFS,F,SM,00,50,11,130.00,380,188.00,189.00,23.990000,7.200000,0.00,cifi0007.DBF
ABFS,10ABFS,F,SM,00,50,12,148.00,416,209.00,210.00,23.990000,7.200000,0.00,cifi0007.DBF
ABFS,10ABFS,F,SM,00,50,13,167.00,451,231.00,232.00,23.990000,7.200000,0.00,cifi0007.DBF
ABFS,10ABFS,F,SM,00,50,14,186.00,484,253.00,254.00,23.990000,7.200000,0.00,cifi0007.DBF
ABFS,10ABFS,F,SM,00,50,15,205.00,514,275.00,276.00,23.990000,7.200000,0.00,cifi0007.DBF
ABFS,10ABFS,F,SM,00,50,16,225.00,543,297.00,298.00,23.990000,7.200000,0.00,cifi0007.DBF
ABFS,10ABFS,F,SM,00,50,17,245.00,571,319.00,320.00,23.990000,7.200000,0.00,cifi0007.DBF
ABFS,10ABFS,F,SM,00,50,18,265.00,596,341.00,342.00,23.990000,7.200000,0.00,cifi0007.DBF
ABFS,10ABFS,F,SM,00,50,19,286.00,621,364.00,364.00,23.990000,7.200000,0.00,cifi0007.DBF
ABFS,10ABFS,F,SM,00,50,20,308.00,646,387.00,387.00,23.990000,7.200000,0.00,cifi0007.DBF
ABFS,10ABFS,F,SM,00,50,21,330.00,669,410.00,410.00,23.990000,7.200000,0.00,cifi0007.DBF
ABFS,10ABFS,F,SM,00,50,22,353.00,691,434.00,434.00,23.990000,7.200000,0.00,cifi0007.DBF
ABFS,10ABFS,F,SM,00,50,23,376.00,712,458.00,458.00,23.990000,7.200000,0.00,cifi0007.DBF
ABFS,10ABFS,F,SM,00,50,24,399.00,731,481.00,481.00,23.990000,7.200000,0.00,cifi0007.DBF
ABFS,10ABFS,F,SM,00,50,25,422.00,750,504.00,504.00,23.990000,7.200000,0.00,cifi0007.DBF
ABFS,10ABFS,F,SM,00,50,26,444.00,766,527.00,527.00,23.990000,7.200000,0.00,cifi0007.DBF
ABFS,10ABFS,F,SM,00,50,27,467.00,783,548.00,549.00,23.990000,7.200000,0.00,cifi0007.DBF
ABFS,10ABFS,F,SM,00,50,28,489.00,797,570.00,571.00,23.990000,7.200000,0.00,cifi0007.DBF
ABFS,10ABFS,F,SM,00,50,29,511.00,811,591.00,592.00,23.990000,7.200000,0.00,cifi0007.DBF
ABFS,10ABFS,F,SM,00,50,30,532.00,823,611.00,613.00,23.990000,7.200000,0.00,cifi0007.DBF
ABFS,10ABFS,F,SM,00,50,31,554.00,836,632.00,633.00,23.990000,7.200000,0.00,cifi0007.DBF
ABFS,10ABFS,F,SM,00,50,32,575.00,847,651.00,653.00,23.990000,7.200000,0.00,cifi0007.DBF
ABFS,10ABFS,F,SM,00,50,33,596.00,858,671.00,673.00,23.990000,7.200000,0.00,cifi0007.DBF
ABFS,10ABFS,F,SM,00,50,34,617.00,869,689.00,692.00,23.990000,7.200000,0.00,cifi0007.DBF
ABFS,10ABFS,F,SM,00,50,35,636.00,878,706.00,709.00,23.990000,7.200000,0.00,cifi0007.DBF
ABFS,10ABFS,F,SM,00,50,36,655.00,887,723.00,726.00,23.990000,7.200000,0.00,cifi0007.DBF
ABFS,10ABFS,F,SM,00,50,37,673.00,895,738.00,742.00,23.990000,7.200000,0.00,cifi0007.DBF
ABFS,10ABFS,F,SM,00,50,38,690.00,902,753.00,757.00,23.990000,7.200000,0.00,cifi0007.DBF
ABFS,10ABFS,F,SM,00,50,39,707.00,909,768.00,772.00,23.990000,7.200000,0.00,cifi0007.DBF
ABFS,10ABFS,F,SM,00,50,40,724.00,916,782.00,787.00,23.990000,7.200000,0.00,cifi0007.DBF
ABFS,10ABFS,F,SM,00,50,41,741.00,922,796.00,801.00,23.990000,7.200000,0.00,cifi0007.DBF
ABFS,10ABFS,F,SM,00,50,42,758.00,928,810.00,815.00,23.990000,7.200000,0.00,cifi0007.DBF
ABFS,10ABFS,F,SM,00,50,43,776.00,935,825.00,829.00,23.990000,7.200000,0.00,cifi0007.DBF
ABFS,10ABFS,F,SM,00,50,44,796.00,942,841.00,845.00,23.990000,7.200000,0.00,cifi0007.DBF
ABFS,10ABFS,F,SM,00,50,45,818.00,950,858.00,861.00,23.990000,7.200000,0.00,cifi0007.DBF
ABFS,10ABFS,F,SM,00,50,46,841.00,956,877.00,879.00,23.990000,7.200000,0.00,cifi0007.DBF
ABFS,10ABFS,F,SM,00,50,47,867.00,965,897.00,899.00,23.990000,7.200000,0.00,cifi0007.DBF
ABFS,10ABFS,F,SM,00,50,48,894.00,973,917.00,919.00,23.990000,7.200000,0.00,cifi0007.DBF
ABFS,10ABFS,F,SM,00,50,49,920.00,980,933.00,937.00,23.990000,7.200000,0.00,cifi0007.DBF
ABFS,10ABFS,F,SM,00,51,1,0.00,0,0.00,4.00,25.160000,7.700000,0.00,cifi0007.DBF
ABFS,10ABFS,F,SM,00,51,2,0.00,0,18.00,22.00,25.160000,7.700000,0.00,cifi0007.DBF
ABFS,10ABFS,F,SM,00,51,3,8.00,31,36.00,40.00,25.160000,7.700000,0.00,cifi0007.DBF
ABFS,10ABFS,F,SM,00,51,4,22.00,82,54.00,58.00,25.160000,7.700000,0.00,cifi0007.DBF
ABFS,10ABFS,F,SM,00,51,5,37.00,132,73.00,76.00,25.160000,7.700000,0.00,cifi0007.DBF
ABFS,10ABFS,F,SM,00,51,6,52.00,178,92.00,95.00,25.160000,7.700000,0.00,cifi0007.DBF
ABFS,10ABFS,F,SM,00,51,7,67.00,220,112.00,115.00,25.160000,7.700000,0.00,cifi0007.DBF
ABFS,10ABFS,F,SM,00,51,8,84.00,266,132.00,135.00,25.160000,7.700000,0.00,cifi0007.DBF
ABFS,10ABFS,F,SM,00,51,9,101.00,307,152.00,155.00,25.160000,7.700000,0.00,cifi0007.DBF
ABFS,10ABFS,F,SM,00,51,10,118.00,345,174.00,176.00,25.160000,7.700000,0.00,cifi0007.DBF
ABFS,10ABFS,F,SM,00,51,11,137.00,385,195.00,197.00,25.160000,7.700000,0.00,cifi0007.DBF
ABFS,10ABFS,F,SM,00,51,12,156.00,421,217.00,219.00,25.160000,7.700000,0.00,cifi0007.DBF
ABFS,10ABFS,F,SM,00,51,13,175.00,455,240.00,241.00,25.160000,7.700000,0.00,cifi0007.DBF
ABFS,10ABFS,F,SM,00,51,14,194.00,486,262.00,264.00,25.160000,7.700000,0.00,cifi0007.DBF
ABFS,10ABFS,F,SM,00,51,15,214.00,517,284.00,286.00,25.160000,7.700000,0.00,cifi0007.DBF
ABFS,10ABFS,F,SM,00,51,16,235.00,548,307.00,308.00,25.160000,7.700000,0.00,cifi0007.DBF
ABFS,10ABFS,F,SM,00,51,17,255.00,574,330.00,331.00,25.160000,7.700000,0.00,cifi0007.DBF
ABFS,10ABFS,F,SM,00,51,18,277.00,602,353.00,354.00,25.160000,7.700000,0.00,cifi0007.DBF
ABFS,10ABFS,F,SM,00,51,19,299.00,627,376.00,377.00,25.160000,7.700000,0.00,cifi0007.DBF
ABFS,10ABFS,F,SM,00,51,20,321.00,650,400.00,401.00,25.160000,7.700000,0.00,cifi0007.DBF
ABFS,10ABFS,F,SM,00,51,21,344.00,673,424.00,425.00,25.160000,7.700000,0.00,cifi0007.DBF
ABFS,10ABFS,F,SM,00,51,22,368.00,697,448.00,449.00,25.160000,7.700000,0.00,cifi0007.DBF
ABFS,10ABFS,F,SM,00,51,23,391.00,717,472.00,473.00,25.160000,7.700000,0.00,cifi0007.DBF
ABFS,10ABFS,F,SM,00,51,24,414.00,736,496.00,497.00,25.160000,7.700000,0.00,cifi0007.DBF
ABFS,10ABFS,F,SM,00,51,25,437.00,754,518.00,520.00,25.160000,7.700000,0.00,cifi0007.DBF
ABFS,10ABFS,F,SM,00,51,26,460.00,771,541.00,542.00,25.160000,7.700000,0.00,cifi0007.DBF
ABFS,10ABFS,F,SM,00,51,27,482.00,786,562.00,564.00,25.160000,7.700000,0.00,cifi0007.DBF
ABFS,10ABFS,F,SM,00,51,28,504.00,800,584.00,586.00,25.160000,7.700000,0.00,cifi0007.DBF
ABFS,10ABFS,F,SM,00,51,29,526.00,814,604.00,607.00,25.160000,7.700000,0.00,cifi0007.DBF
ABFS,10ABFS,F,SM,00,51,30,548.00,827,625.00,627.00,25.160000,7.700000,0.00,cifi0007.DBF
ABFS,10ABFS,F,SM,00,51,31,570.00,840,645.00,648.00,25.160000,7.700000,0.00,cifi0007.DBF
ABFS,10ABFS,F,SM,00,51,32,591.00,851,665.00,668.00,25.160000,7.700000,0.00,cifi0007.DBF
ABFS,10ABFS,F,SM,00,51,33,612.00,862,684.00,687.00,25.160000,7.700000,0.00,cifi0007.DBF
ABFS,10ABFS,F,SM,00,51,34,631.00,871,701.00,705.00,25.160000,7.700000,0.00,cifi0007.DBF
ABFS,10ABFS,F,SM,00,51,35,650.00,880,718.00,722.00,25.160000,7.700000,0.00,cifi0007.DBF
ABFS,10ABFS,F,SM,00,51,36,668.00,888,734.00,739.00,25.160000,7.700000,0.00,cifi0007.DBF
ABFS,10ABFS,F,SM,00,51,37,686.00,896,749.00,754.00,25.160000,7.700000,0.00,cifi0007.DBF
ABFS,10ABFS,F,SM,00,51,38,703.00,904,764.00,769.00,25.160000,7.700000,0.00,cifi0007.DBF
ABFS,10ABFS,F,SM,00,51,39,720.00,911,778.00,784.00,25.160000,7.700000,0.00,cifi0007.DBF
ABFS,10ABFS,F,SM,00,51,40,737.00,917,793.00,798.00,25.160000,7.700000,0.00,cifi0007.DBF
ABFS,10ABFS,F,SM,00,51,41,755.00,925,807.00,813.00,25.160000,7.700000,0.00,cifi0007.DBF
ABFS,10ABFS,F,SM,00,51,42,773.00,931,822.00,827.00,25.160000,7.700000,0.00,cifi0007.DBF
ABFS,10ABFS,F,SM,00,51,43,793.00,938,838.00,843.00,25.160000,7.700000,0.00,cifi0007.DBF
ABFS,10ABFS,F,SM,00,51,44,815.00,946,856.00,860.00,25.160000,7.700000,0.00,cifi0007.DBF
ABFS,10ABFS,F,SM,00,51,45,839.00,954,875.00,878.00,25.160000,7.700000,0.00,cifi0007.DBF
ABFS,10ABFS,F,SM,00,51,46,865.00,963,895.00,898.00,25.160000,7.700000,0.00,cifi0007.DBF
ABFS,10ABFS,F,SM,00,51,47,892.00,971,916.00,918.00,25.160000,7.700000,0.00,cifi0007.DBF
ABFS,10ABFS,F,SM,00,51,48,919.00,979,932.00,937.00,25.160000,7.700000,0.00,cifi0007.DBF
ABFS,10ABFS,F,SM,00,52,1,0.00,0,0.00,4.00,26.390000,8.280000,0.00,cifi0007.DBF
ABFS,10ABFS,F,SM,00,52,2,0.00,0,18.00,22.00,26.390000,8.280000,0.00,cifi0007.DBF
ABFS,10ABFS,F,SM,00,52,3,8.00,30,37.00,41.00,26.390000,8.280000,0.00,cifi0007.DBF
ABFS,10ABFS,F,SM,00,52,4,23.00,82,56.00,60.00,26.390000,8.280000,0.00,cifi0007.DBF
ABFS,10ABFS,F,SM,00,52,5,38.00,130,76.00,79.00,26.390000,8.280000,0.00,cifi0007.DBF
ABFS,10ABFS,F,SM,00,52,6,54.00,178,95.00,99.00,26.390000,8.280000,0.00,cifi0007.DBF
ABFS,10ABFS,F,SM,00,52,7,71.00,225,116.00,119.00,26.390000,8.280000,0.00,cifi0007.DBF
ABFS,10ABFS,F,SM,00,52,8,88.00,267,137.00,140.00,26.390000,8.280000,0.00,cifi0007.DBF
ABFS,10ABFS,F,SM,00,52,9,106.00,310,159.00,161.00,26.390000,8.280000,0.00,cifi0007.DBF
ABFS,10ABFS,F,SM,00,52,10,125.00,351,181.00,183.00,26.390000,8.280000,0.00,cifi0007.DBF
ABFS,10ABFS,F,SM,00,52,11,144.00,389,203.00,205.00,26.390000,8.280000,0.00,cifi0007.DBF
ABFS,10ABFS,F,SM,00,52,12,163.00,424,226.00,228.00,26.390000,8.280000,0.00,cifi0007.DBF
ABFS,10ABFS,F,SM,00,52,13,183.00,458,249.00,251.00,26.390000,8.280000,0.00,cifi0007.DBF
ABFS,10ABFS,F,SM,00,52,14,203.00,490,271.00,273.00,26.390000,8.280000,0.00,cifi0007.DBF
ABFS,10ABFS,F,SM,00,52,15,224.00,522,294.00,296.00,26.390000,8.280000,0.00,cifi0007.DBF
ABFS,10ABFS,F,SM,00,52,16,245.00,551,318.00,319.00,26.390000,8.280000,0.00,cifi0007.DBF
ABFS,10ABFS,F,SM,00,52,17,266.00,578,341.00,343.00,26.390000,8.280000,0.00,cifi0007.DBF
ABFS,10ABFS,F,SM,00,52,18,289.00,606,365.00,366.00,26.390000,8.280000,0.00,cifi0007.DBF
ABFS,10ABFS,F,SM,00,52,19,312.00,632,389.00,390.00,26.390000,8.280000,0.00,cifi0007.DBF
ABFS,10ABFS,F,SM,00,52,20,335.00,656,414.00,415.00,26.390000,8.280000,0.00,cifi0007.DBF
ABFS,10ABFS,F,SM,00,52,21,359.00,680,438.00,439.00,26.390000,8.280000,0.00,cifi0007.DBF
ABFS,10ABFS,F,SM,00,52,22,382.00,700,463.00,464.00,26.390000,8.280000,0.00,cifi0007.DBF
ABFS,10ABFS,F,SM,00,52,23,406.00,721,486.00,488.00,26.390000,8.280000,0.00,cifi0007.DBF
ABFS,10ABFS,F,SM,00,52,24,429.00,740,510.00,511.00,26.390000,8.280000,0.00,cifi0007.DBF
ABFS,10ABFS,F,SM,00,52,25,452.00,758,532.00,534.00,26.390000,8.280000,0.00,cifi0007.DBF
ABFS,10ABFS,F,SM,00,52,26,475.00,774,554.00,556.00,26.390000,8.280000,0.00,cifi0007.DBF
ABFS,10ABFS,F,SM,00,52,27,497.00,789,576.00,578.00,26.390000,8.280000,0.00,cifi0007.DBF
ABFS,10ABFS,F,SM,00,52,28,520.00,805,597.00,600.00,26.390000,8.280000,0.00,cifi0007.DBF
ABFS,10ABFS,F,SM,00,52,29,542.00,818,618.00,621.00,26.390000,8.280000,0.00,cifi0007.DBF
ABFS,10ABFS,F,SM,00,52,30,564.00,831,639.00,642.00,26.390000,8.280000,0.00,cifi0007.DBF
ABFS,10ABFS,F,SM,00,52,31,585.00,842,659.00,662.00,26.390000,8.280000,0.00,cifi0007.DBF
ABFS,10ABFS,F,SM,00,52,32,606.00,854,678.00,682.00,26.390000,8.280000,0.00,cifi0007.DBF
ABFS,10ABFS,F,SM,00,52,33,626.00,864,696.00,700.00,26.390000,8.280000,0.00,cifi0007.DBF
ABFS,10ABFS,F,SM,00,52,34,645.00,873,713.00,718.00,26.390000,8.280000,0.00,cifi0007.DBF
ABFS,10ABFS,F,SM,00,52,35,664.00,883,729.00,734.00,26.390000,8.280000,0.00,cifi0007.DBF
ABFS,10ABFS,F,SM,00,52,36,681.00,890,745.00,750.00,26.390000,8.280000,0.00,cifi0007.DBF
ABFS,10ABFS,F,SM,00,52,37,699.00,899,759.00,765.00,26.390000,8.280000,0.00,cifi0007.DBF
ABFS,10ABFS,F,SM,00,52,38,716.00,906,774.00,780.00,26.390000,8.280000,0.00,cifi0007.DBF
ABFS,10ABFS,F,SM,00,52,39,734.00,914,789.00,795.00,26.390000,8.280000,0.00,cifi0007.DBF
ABFS,10ABFS,F,SM,00,52,40,751.00,920,803.00,809.00,26.390000,8.280000,0.00,cifi0007.DBF
ABFS,10ABFS,F,SM,00,52,41,770.00,927,819.00,824.00,26.390000,8.280000,0.00,cifi0007.DBF
ABFS,10ABFS,F,SM,00,52,42,790.00,935,835.00,840.00,26.390000,8.280000,0.00,cifi0007.DBF
ABFS,10ABFS,F,SM,00,52,43,813.00,944,853.00,857.00,26.390000,8.280000,0.00,cifi0007.DBF
ABFS,10ABFS,F,SM,00,52,44,837.00,952,873.00,876.00,26.390000,8.280000,0.00,cifi0007.DBF
ABFS,10ABFS,F,SM,00,52,45,863.00,960,893.00,896.00,26.390000,8.280000,0.00,cifi0007.DBF
ABFS,10ABFS,F,SM,00,52,46,891.00,970,914.00,917.00,26.390000,8.280000,0.00,cifi0007.DBF
ABFS,10ABFS,F,SM,00,52,47,917.00,977,931.00,936.00,26.390000,8.280000,0.00,cifi0007.DBF
ABFS,10ABFS,F,SM,00,53,1,0.00,0,0.00,4.00,27.690000,8.950000,0.00,cifi0007.DBF
ABFS,10ABFS,F,SM,00,53,2,0.00,0,19.00,23.00,27.690000,8.950000,0.00,cifi0007.DBF
ABFS,10ABFS,F,SM,00,53,3,9.00,32,38.00,42.00,27.690000,8.950000,0.00,cifi0007.DBF
ABFS,10ABFS,F,SM,00,53,4,24.00,82,58.00,62.00,27.690000,8.950000,0.00,cifi0007.DBF
ABFS,10ABFS,F,SM,00,53,5,40.00,132,79.00,82.00,27.690000,8.950000,0.00,cifi0007.DBF
ABFS,10ABFS,F,SM,00,53,6,57.00,180,99.00,103.00,27.690000,8.950000,0.00,cifi0007.DBF
ABFS,10ABFS,F,SM,00,53,7,75.00,228,121.00,124.00,27.690000,8.950000,0.00,cifi0007.DBF
ABFS,10ABFS,F,SM,00,53,8,93.00,272,143.00,146.00,27.690000,8.950000,0.00,cifi0007.DBF
ABFS,10ABFS,F,SM,00,53,9,112.00,315,165.00,168.00,27.690000,8.950000,0.00,cifi0007.DBF
ABFS,10ABFS,F,SM,00,53,10,131.00,354,188.00,190.00,27.690000,8.950000,0.00,cifi0007.DBF
ABFS,10ABFS,F,SM,00,53,11,151.00,393,211.00,213.00,27.690000,8.950000,0.00,cifi0007.DBF
ABFS,10ABFS,F,SM,00,53,12,171.00,428,235.00,237.00,27.690000,8.950000,0.00,cifi0007.DBF
ABFS,10ABFS,F,SM,00,53,13,192.00,464,258.00,260.00,27.690000,8.950000,0.00,cifi0007.DBF
ABFS,10ABFS,F,SM,00,53,14,213.00,496,281.00,283.00,27.690000,8.950000,0.00,cifi0007.DBF
ABFS,10ABFS,F,SM,00,53,15,234.00,526,305.00,307.00,27.690000,8.950000,0.00,cifi0007.DBF
ABFS,10ABFS,F,SM,00,53,16,256.00,556,329.00,331.00,27.690000,8.950000,0.00,cifi0007.DBF
ABFS,10ABFS,F,SM,00,53,17,278.00,583,353.00,355.00,27.690000,8.950000,0.00,cifi0007.DBF
ABFS,10ABFS,F,SM,00,53,18,302.00,612,378.00,379.00,27.690000,8.950000,0.00,cifi0007.DBF
ABFS,10ABFS,F,SM,00,53,19,325.00,636,403.00,404.00,27.690000,8.950000,0.00,cifi0007.DBF
ABFS,10ABFS,F,SM,00,53,20,349.00,661,428.00,429.00,27.690000,8.950000,0.00,cifi0007.DBF
ABFS,10ABFS,F,SM,00,53,21,373.00,684,453.00,454.00,27.690000,8.950000,0.00,cifi0007.DBF
ABFS,10ABFS,F,SM,00,53,22,397.00,705,477.00,479.00,27.690000,8.950000,0.00,cifi0007.DBF
ABFS,10ABFS,F,SM,00,53,23,421.00,726,500.00,502.00,27.690000,8.950000,0.00,cifi0007.DBF
ABFS,10ABFS,F,SM,00,53,24,444.00,744,523.00,525.00,27.690000,8.950000,0.00,cifi0007.DBF
ABFS,10ABFS,F,SM,00,53,25,467.00,761,546.00,548.00,27.690000,8.950000,0.00,cifi0007.DBF
ABFS,10ABFS,F,SM,00,53,26,490.00,778,568.00,571.00,27.690000,8.950000,0.00,cifi0007.DBF
ABFS,10ABFS,F,SM,00,53,27,512.00,792,590.00,593.00,27.690000,8.950000,0.00,cifi0007.DBF
ABFS,10ABFS,F,SM,00,53,28,535.00,807,611.00,614.00,27.690000,8.950000,0.00,cifi0007.DBF
ABFS,10ABFS,F,SM,00,53,29,557.00,821,632.00,635.00,27.690000,8.950000,0.00,cifi0007.DBF
ABFS,10ABFS,F,SM,00,53,30,579.00,834,652.00,656.00,27.690000,8.950000,0.00,cifi0007.DBF
ABFS,10ABFS,F,SM,00,53,31,600.00,845,672.00,676.00,27.690000,8.950000,0.00,cifi0007.DBF
ABFS,10ABFS,F,SM,00,53,32,621.00,857,690.00,695.00,27.690000,8.950000,0.00,cifi0007.DBF
ABFS,10ABFS,F,SM,00,53,33,640.00,866,708.00,713.00,27.690000,8.950000,0.00,cifi0007.DBF
ABFS,10ABFS,F,SM,00,53,34,659.00,876,724.00,730.00,27.690000,8.950000,0.00,cifi0007.DBF
ABFS,10ABFS,F,SM,00,53,35,677.00,885,740.00,746.00,27.690000,8.950000,0.00,cifi0007.DBF
ABFS,10ABFS,F,SM,00,53,36,694.00,892,755.00,761.00,27.690000,8.950000,0.00,cifi0007.DBF
ABFS,10ABFS,F,SM,00,53,37,712.00,901,770.00,776.00,27.690000,8.950000,0.00,cifi0007.DBF
ABFS,10ABFS,F,SM,00,53,38,730.00,909,785.00,791.00,27.690000,8.950000,0.00,cifi0007.DBF
ABFS,10ABFS,F,SM,00,53,39,748.00,916,800.00,806.00,27.690000,8.950000,0.00,cifi0007.DBF
ABFS,10ABFS,F,SM,00,53,40,767.00,924,815.00,821.00,27.690000,8.950000,0.00,cifi0007.DBF
ABFS,10ABFS,F,SM,00,53,41,787.00,931,832.00,837.00,27.690000,8.950000,0.00,cifi0007.DBF
ABFS,10ABFS,F,SM,00,53,42,810.00,940,850.00,855.00,27.690000,8.950000,0.00,cifi0007.DBF
ABFS,10ABFS,F,SM,00,53,43,835.00,950,870.00,874.00,27.690000,8.950000,0.00,cifi0007.DBF
ABFS,10ABFS,F,SM,00,53,44,861.00,958,891.00,894.00,27.690000,8.950000,0.00,cifi0007.DBF
ABFS,10ABFS,F,SM,00,53,45,889.00,968,913.00,916.00,27.690000,8.950000,0.00,cifi0007.DBF
ABFS,10ABFS,F,SM,00,53,46,916.00,976,929.00,935.00,27.690000,8.950000,0.00,cifi0007.DBF
ABFS,10ABFS,F,SM,00,54,1,0.00,0,0.00,5.00,29.070000,9.630000,0.00,cifi0007.DBF
ABFS,10ABFS,F,SM,00,54,2,0.00,0,20.00,25.00,29.070000,9.630000,0.00,cifi0007.DBF
ABFS,10ABFS,F,SM,00,54,3,9.00,31,40.00,45.00,29.070000,9.630000,0.00,cifi0007.DBF
ABFS,10ABFS,F,SM,00,54,4,26.00,86,61.00,65.00,29.070000,9.630000,0.00,cifi0007.DBF
ABFS,10ABFS,F,SM,00,54,5,43.00,136,82.00,86.00,29.070000,9.630000,0.00,cifi0007.DBF
ABFS,10ABFS,F,SM,00,54,6,60.00,183,104.00,108.00,29.070000,9.630000,0.00,cifi0007.DBF
ABFS,10ABFS,F,SM,00,54,7,79.00,231,126.00,130.00,29.070000,9.630000,0.00,cifi0007.DBF
ABFS,10ABFS,F,SM,00,54,8,98.00,275,149.00,152.00,29.070000,9.630000,0.00,cifi0007.DBF
ABFS,10ABFS,F,SM,00,54,9,118.00,319,173.00,176.00,29.070000,9.630000,0.00,cifi0007.DBF
ABFS,10ABFS,F,SM,00,54,10,138.00,359,196.00,199.00,29.070000,9.630000,0.00,cifi0007.DBF
ABFS,10ABFS,F,SM,00,54,11,159.00,398,220.00,223.00,29.070000,9.630000,0.00,cifi0007.DBF
ABFS,10ABFS,F,SM,00,54,12,179.00,432,243.00,246.00,29.070000,9.630000,0.00,cifi0007.DBF
ABFS,10ABFS,F,SM,00,54,13,201.00,468,267.00,270.00,29.070000,9.630000,0.00,cifi0007.DBF
ABFS,10ABFS,F,SM,00,54,14,222.00,500,291.00,294.00,29.070000,9.630000,0.00,cifi0007.DBF
ABFS,10ABFS,F,SM,00,54,15,244.00,530,316.00,318.00,29.070000,9.630000,0.00,cifi0007.DBF
ABFS,10ABFS,F,SM,00,54,16,267.00,560,340.00,343.00,29.070000,9.630000,0.00,cifi0007.DBF
ABFS,10ABFS,F,SM,00,54,17,291.00,590,366.00,368.00,29.070000,9.630000,0.00,cifi0007.DBF
ABFS,10ABFS,F,SM,00,54,18,315.00,617,391.00,393.00,29.070000,9.630000,0.00,cifi0007.DBF
ABFS,10ABFS,F,SM,00,54,19,339.00,642,417.00,419.00,29.070000,9.630000,0.00,cifi0007.DBF
ABFS,10ABFS,F,SM,00,54,20,364.00,667,442.00,444.00,29.070000,9.630000,0.00,cifi0007.DBF
ABFS,10ABFS,F,SM,00,54,21,388.00,689,467.00,469.00,29.070000,9.630000,0.00,cifi0007.DBF
ABFS,10ABFS,F,SM,00,54,22,412.00,710,491.00,494.00,29.070000,9.630000,0.00,cifi0007.DBF
ABFS,10ABFS,F,SM,00,54,23,436.00,731,514.00,517.00,29.070000,9.630000,0.00,cifi0007.DBF
ABFS,10ABFS,F,SM,00,54,24,459.00,748,537.00,540.00,29.070000,9.630000,0.00,cifi0007.DBF
ABFS,10ABFS,F,SM,00,54,25,482.00,765,560.00,563.00,29.070000,9.630000,0.00,cifi0007.DBF
ABFS,10ABFS,F,SM,00,54,26,505.00,781,582.00,586.00,29.070000,9.630000,0.00,cifi0007.DBF
ABFS,10ABFS,F,SM,00,54,27,528.00,797,604.00,608.00,29.070000,9.630000,0.00,cifi0007.DBF
ABFS,10ABFS,F,SM,00,54,28,551.00,812,625.00,629.00,29.070000,9.630000,0.00,cifi0007.DBF
ABFS,10ABFS,F,SM,00,54,29,573.00,825,646.00,650.00,29.070000,9.630000,0.00,cifi0007.DBF
ABFS,10ABFS,F,SM,00,54,30,594.00,837,665.00,670.00,29.070000,9.630000,0.00,cifi0007.DBF
ABFS,10ABFS,F,SM,00,54,31,615.00,849,684.00,689.00,29.070000,9.630000,0.00,cifi0007.DBF
ABFS,10ABFS,F,SM,00,54,32,635.00,860,702.00,708.00,29.070000,9.630000,0.00,cifi0007.DBF
ABFS,10ABFS,F,SM,00,54,33,653.00,868,719.00,725.00,29.070000,9.630000,0.00,cifi0007.DBF
ABFS,10ABFS,F,SM,00,54,34,672.00,878,735.00,742.00,29.070000,9.630000,0.00,cifi0007.DBF
ABFS,10ABFS,F,SM,00,54,35,690.00,887,750.00,757.00,29.070000,9.630000,0.00,cifi0007.DBF
ABFS,10ABFS,F,SM,00,54,36,708.00,895,766.00,773.00,29.070000,9.630000,0.00,cifi0007.DBF
ABFS,10ABFS,F,SM,00,54,37,726.00,904,781.00,788.00,29.070000,9.630000,0.00,cifi0007.DBF
ABFS,10ABFS,F,SM,00,54,38,744.00,911,796.00,803.00,29.070000,9.630000,0.00,cifi0007.DBF
ABFS,10ABFS,F,SM,00,54,39,763.00,919,812.00,819.00,29.070000,9.630000,0.00,cifi0007.DBF
ABFS,10ABFS,F,SM,00,54,40,784.00,928,829.00,835.00,29.070000,9.630000,0.00,cifi0007.DBF
ABFS,10ABFS,F,SM,00,54,41,807.00,937,847.00,853.00,29.070000,9.630000,0.00,cifi0007.DBF
ABFS,10ABFS,F,SM,00,54,42,832.00,946,868.00,872.00,29.070000,9.630000,0.00,cifi0007.DBF
ABFS,10ABFS,F,SM,00,54,43,859.00,956,889.00,893.00,29.070000,9.630000,0.00,cifi0007.DBF
ABFS,10ABFS,F,SM,00,54,44,887.00,965,911.00,915.00,29.070000,9.630000,0.00,cifi0007.DBF
ABFS,10ABFS,F,SM,00,54,45,915.00,975,928.00,934.00,29.070000,9.630000,0.00,cifi0007.DBF
ABFS,10ABFS,F,SM,00,55,1,0.00,0,0.00,5.00,30.530000,10.340000,0.00,cifi0007.DBF
ABFS,10ABFS,F,SM,00,55,2,0.00,0,21.00,26.00,30.530000,10.340000,0.00,cifi0007.DBF
ABFS,10ABFS,F,SM,00,55,3,10.00,33,42.00,47.00,30.530000,10.340000,0.00,cifi0007.DBF
ABFS,10ABFS,F,SM,00,55,4,27.00,86,63.00,68.00,30.530000,10.340000,0.00,cifi0007.DBF
ABFS,10ABFS,F,SM,00,55,5,45.00,137,86.00,90.00,30.530000,10.340000,0.00,cifi0007.DBF
ABFS,10ABFS,F,SM,00,55,6,64.00,187,109.00,113.00,30.530000,10.340000,0.00,cifi0007.DBF
ABFS,10ABFS,F,SM,00,55,7,84.00,236,132.00,136.00,30.530000,10.340000,0.00,cifi0007.DBF
ABFS,10ABFS,F,SM,00,55,8,104.00,281,156.00,159.00,30.530000,10.340000,0.00,cifi0007.DBF
ABFS,10ABFS,F,SM,00,55,9,124.00,323,180.00,183.00,30.530000,10.340000,0.00,cifi0007.DBF
ABFS,10ABFS,F,SM,00,55,10,145.00,363,204.00,207.00,30.530000,10.340000,0.00,cifi0007.DBF
ABFS,10ABFS,F,SM,00,55,11,166.00,401,228.00,231.00,30.530000,10.340000,0.00,cifi0007.DBF
ABFS,10ABFS,F,SM,00,55,12,188.00,438,252.00,255.00,30.530000,10.340000,0.00,cifi0007.DBF
ABFS,10ABFS,F,SM,00,55,13,210.00,473,277.00,280.00,30.530000,10.340000,0.00,cifi0007.DBF
ABFS,10ABFS,F,SM,00,55,14,232.00,504,302.00,305.00,30.530000,10.340000,0.00,cifi0007.DBF
ABFS,10ABFS,F,SM,00,55,15,256.00,537,327.00,330.00,30.530000,10.340000,0.00,cifi0007.DBF
ABFS,10ABFS,F,SM,00,55,16,280.00,567,353.00,355.00,30.530000,10.340000,0.00,cifi0007.DBF
ABFS,10ABFS,F,SM,00,55,17,304.00,595,379.00,381.00,30.530000,10.340000,0.00,cifi0007.DBF
ABFS,10ABFS,F,SM,00,55,18,329.00,623,405.00,407.00,30.530000,10.340000,0.00,cifi0007.DBF
ABFS,10ABFS,F,SM,00,55,19,354.00,649,431.00,433.00,30.530000,10.340000,0.00,cifi0007.DBF
ABFS,10ABFS,F,SM,00,55,20,378.00,672,456.00,459.00,30.530000,10.340000,0.00,cifi0007.DBF
ABFS,10ABFS,F,SM,00,55,21,403.00,695,480.00,483.00,30.530000,10.340000,0.00,cifi0007.DBF
ABFS,10ABFS,F,SM,00,55,22,427.00,716,504.00,507.00,30.530000,10.340000,0.00,cifi0007.DBF
ABFS,10ABFS,F,SM,00,55,23,450.00,734,528.00,531.00,30.530000,10.340000,0.00,cifi0007.DBF
ABFS,10ABFS,F,SM,00,55,24,474.00,753,551.00,555.00,30.530000,10.340000,0.00,cifi0007.DBF
ABFS,10ABFS,F,SM,00,55,25,497.00,769,573.00,577.00,30.530000,10.340000,0.00,cifi0007.DBF
ABFS,10ABFS,F,SM,00,55,26,520.00,785,596.00,600.00,30.530000,10.340000,0.00,cifi0007.DBF
ABFS,10ABFS,F,SM,00,55,27,543.00,800,617.00,622.00,30.530000,10.340000,0.00,cifi0007.DBF
ABFS,10ABFS,F,SM,00,55,28,566.00,815,638.00,643.00,30.530000,10.340000,0.00,cifi0007.DBF
ABFS,10ABFS,F,SM,00,55,29,588.00,828,659.00,664.00,30.530000,10.340000,0.00,cifi0007.DBF
ABFS,10ABFS,F,SM,00,55,30,609.00,841,678.00,684.00,30.530000,10.340000,0.00,cifi0007.DBF
ABFS,10ABFS,F,SM,00,55,31,629.00,852,696.00,702.00,30.530000,10.340000,0.00,cifi0007.DBF
ABFS,10ABFS,F,SM,00,55,32,648.00,862,713.00,720.00,30.530000,10.340000,0.00,cifi0007.DBF
ABFS,10ABFS,F,SM,00,55,33,667.00,872,729.00,736.00,30.530000,10.340000,0.00,cifi0007.DBF
ABFS,10ABFS,F,SM,00,55,34,685.00,881,745.00,752.00,30.530000,10.340000,0.00,cifi0007.DBF
ABFS,10ABFS,F,SM,00,55,35,703.00,889,761.00,768.00,30.530000,10.340000,0.00,cifi0007.DBF
ABFS,10ABFS,F,SM,00,55,36,721.00,897,776.00,784.00,30.530000,10.340000,0.00,cifi0007.DBF
ABFS,10ABFS,F,SM,00,55,37,740.00,906,792.00,799.00,30.530000,10.340000,0.00,cifi0007.DBF
ABFS,10ABFS,F,SM,00,55,38,759.00,914,808.00,815.00,30.530000,10.340000,0.00,cifi0007.DBF
ABFS,10ABFS,F,SM,00,55,39,780.00,923,825.00,832.00,30.530000,10.340000,0.00,cifi0007.DBF
ABFS,10ABFS,F,SM,00,55,40,804.00,933,844.00,850.00,30.530000,10.340000,0.00,cifi0007.DBF
ABFS,10ABFS,F,SM,00,55,41,829.00,943,865.00,870.00,30.530000,10.340000,0.00,cifi0007.DBF
ABFS,10ABFS,F,SM,00,55,42,857.00,954,887.00,891.00,30.530000,10.340000,0.00,cifi0007.DBF
ABFS,10ABFS,F,SM,00,55,43,885.00,963,909.00,913.00,30.530000,10.340000,0.00,cifi0007.DBF
ABFS,10ABFS,F,SM,00,55,44,914.00,974,926.00,933.00,30.530000,10.340000,0.00,cifi0007.DBF
ABFS,10ABFS,F,SM,00,56,1,0.00,0,0.00,6.00,32.070000,11.060000,0.00,cifi0007.DBF
ABFS,10ABFS,F,SM,00,56,2,0.00,0,22.00,27.00,32.070000,11.060000,0.00,cifi0007.DBF
ABFS,10ABFS,F,SM,00,56,3,11.00,35,44.00,49.00,32.070000,11.060000,0.00,cifi0007.DBF
ABFS,10ABFS,F,SM,00,56,4,30.00,92,66.00,71.00,32.070000,11.060000,0.00,cifi0007.DBF
ABFS,10ABFS,F,SM,00,56,5,49.00,143,90.00,94.00,32.070000,11.060000,0.00,cifi0007.DBF
ABFS,10ABFS,F,SM,00,56,6,68.00,191,114.00,118.00,32.070000,11.060000,0.00,cifi0007.DBF
ABFS,10ABFS,F,SM,00,56,7,89.00,241,138.00,142.00,32.070000,11.060000,0.00,cifi0007.DBF
ABFS,10ABFS,F,SM,00,56,8,110.00,286,163.00,167.00,32.070000,11.060000,0.00,cifi0007.DBF
ABFS,10ABFS,F,SM,00,56,9,131.00,328,187.00,191.00,32.070000,11.060000,0.00,cifi0007.DBF
ABFS,10ABFS,F,SM,00,56,10,152.00,367,212.00,216.00,32.070000,11.060000,0.00,cifi0007.DBF
ABFS,10ABFS,F,SM,00,56,11,174.00,406,237.00,241.00,32.070000,11.060000,0.00,cifi0007.DBF
ABFS,10ABFS,F,SM,00,56,12,197.00,443,262.00,266.00,32.070000,11.060000,0.00,cifi0007.DBF
ABFS,10ABFS,F,SM,00,56,13,219.00,476,287.00,291.00,32.070000,11.060000,0.00,cifi0007.DBF
ABFS,10ABFS,F,SM,00,56,14,243.00,510,313.00,316.00,32.070000,11.060000,0.00,cifi0007.DBF
ABFS,10ABFS,F,SM,00,56,15,268.00,543,339.00,342.00,32.070000,11.060000,0.00,cifi0007.DBF
ABFS,10ABFS,F,SM,00,56,16,293.00,574,366.00,369.00,32.070000,11.060000,0.00,cifi0007.DBF
ABFS,10ABFS,F,SM,00,56,17,318.00,602,393.00,396.00,32.070000,11.060000,0.00,cifi0007.DBF
ABFS,10ABFS,F,SM,00,56,18,343.00,629,419.00,422.00,32.070000,11.060000,0.00,cifi0007.DBF
ABFS,10ABFS,F,SM,00,56,19,368.00,654,444.00,448.00,32.070000,11.060000,0.00,cifi0007.DBF
ABFS,10ABFS,F,SM,00,56,20,393.00,678,470.00,473.00,32.070000,11.060000,0.00,cifi0007.DBF
ABFS,10ABFS,F,SM,00,56,21,417.00,699,494.00,498.00,32.070000,11.060000,0.00,cifi0007.DBF
ABFS,10ABFS,F,SM,00,56,22,441.00,719,518.00,522.00,32.070000,11.060000,0.00,cifi0007.DBF
ABFS,10ABFS,F,SM,00,56,23,465.00,738,541.00,546.00,32.070000,11.060000,0.00,cifi0007.DBF
ABFS,10ABFS,F,SM,00,56,24,489.00,757,564.00,569.00,32.070000,11.060000,0.00,cifi0007.DBF
ABFS,10ABFS,F,SM,00,56,25,512.00,773,587.00,592.00,32.070000,11.060000,0.00,cifi0007.DBF
ABFS,10ABFS,F,SM,00,56,26,536.00,790,609.00,614.00,32.070000,11.060000,0.00,cifi0007.DBF
ABFS,10ABFS,F,SM,00,56,27,559.00,805,631.00,636.00,32.070000,11.060000,0.00,cifi0007.DBF
ABFS,10ABFS,F,SM,00,56,28,581.00,818,651.00,657.00,32.070000,11.060000,0.00,cifi0007.DBF
ABFS,10ABFS,F,SM,00,56,29,602.00,831,671.00,677.00,32.070000,11.060000,0.00,cifi0007.DBF
ABFS,10ABFS,F,SM,00,56,30,623.00,843,690.00,697.00,32.070000,11.060000,0.00,cifi0007.DBF
ABFS,10ABFS,F,SM,00,56,31,642.00,854,707.00,715.00,32.070000,11.060000,0.00,cifi0007.DBF
ABFS,10ABFS,F,SM,00,56,32,661.00,864,724.00,732.00,32.070000,11.060000,0.00,cifi0007.DBF
ABFS,10ABFS,F,SM,00,56,33,679.00,873,740.00,748.00,32.070000,11.060000,0.00,cifi0007.DBF
ABFS,10ABFS,F,SM,00,56,34,698.00,883,756.00,764.00,32.070000,11.060000,0.00,cifi0007.DBF
ABFS,10ABFS,F,SM,00,56,35,716.00,891,772.00,780.00,32.070000,11.060000,0.00,cifi0007.DBF
ABFS,10ABFS,F,SM,00,56,36,735.00,900,787.00,796.00,32.070000,11.060000,0.00,cifi0007.DBF
ABFS,10ABFS,F,SM,00,56,37,755.00,909,804.00,812.00,32.070000,11.060000,0.00,cifi0007.DBF
ABFS,10ABFS,F,SM,00,56,38,777.00,919,822.00,829.00,32.070000,11.060000,0.00,cifi0007.DBF
ABFS,10ABFS,F,SM,00,56,39,801.00,930,841.00,848.00,32.070000,11.060000,0.00,cifi0007.DBF
ABFS,10ABFS,F,SM,00,56,40,826.00,939,862.00,868.00,32.070000,11.060000,0.00,cifi0007.DBF
ABFS,10ABFS,F,SM,00,56,41,854.00,950,885.00,890.00,32.070000,11.060000,0.00,cifi0007.DBF
ABFS,10ABFS,F,SM,00,56,42,884.00,962,907.00,912.00,32.070000,11.060000,0.00,cifi0007.DBF
ABFS,10ABFS,F,SM,00,56,43,912.00,972,925.00,932.00,32.070000,11.060000,0.00,cifi0007.DBF
ABFS,10ABFS,F,SM,00,57,1,0.00,0,0.00,6.00,33.720000,11.740000,0.00,cifi0007.DBF
ABFS,10ABFS,F,SM,00,57,2,0.00,0,23.00,28.00,33.720000,11.740000,0.00,cifi0007.DBF
ABFS,10ABFS,F,SM,00,57,3,13.00,40,46.00,51.00,33.720000,11.740000,0.00,cifi0007.DBF
ABFS,10ABFS,F,SM,00,57,4,32.00,94,70.00,75.00,33.720000,11.740000,0.00,cifi0007.DBF
ABFS,10ABFS,F,SM,00,57,5,52.00,146,94.00,99.00,33.720000,11.740000,0.00,cifi0007.DBF
ABFS,10ABFS,F,SM,00,57,6,73.00,197,119.00,123.00,33.720000,11.740000,0.00,cifi0007.DBF
ABFS,10ABFS,F,SM,00,57,7,94.00,245,144.00,148.00,33.720000,11.740000,0.00,cifi0007.DBF
ABFS,10ABFS,F,SM,00,57,8,116.00,291,169.00,173.00,33.720000,11.740000,0.00,cifi0007.DBF
ABFS,10ABFS,F,SM,00,57,9,138.00,333,195.00,199.00,33.720000,11.740000,0.00,cifi0007.DBF
ABFS,10ABFS,F,SM,00,57,10,160.00,373,220.00,224.00,33.720000,11.740000,0.00,cifi0007.DBF
ABFS,10ABFS,F,SM,00,57,11,182.00,410,245.00,249.00,33.720000,11.740000,0.00,cifi0007.DBF
ABFS,10ABFS,F,SM,00,57,12,206.00,448,271.00,275.00,33.720000,11.740000,0.00,cifi0007.DBF
ABFS,10ABFS,F,SM,00,57,13,230.00,483,298.00,301.00,33.720000,11.740000,0.00,cifi0007.DBF
ABFS,10ABFS,F,SM,00,57,14,255.00,517,325.00,328.00,33.720000,11.740000,0.00,cifi0007.DBF
ABFS,10ABFS,F,SM,00,57,15,280.00,548,352.00,355.00,33.720000,11.740000,0.00,cifi0007.DBF
ABFS,10ABFS,F,SM,00,57,16,306.00,579,379.00,382.00,33.720000,11.740000,0.00,cifi0007.DBF
ABFS,10ABFS,F,SM,00,57,17,331.00,607,406.00,409.00,33.720000,11.740000,0.00,cifi0007.DBF
ABFS,10ABFS,F,SM,00,57,18,357.00,634,432.00,436.00,33.720000,11.740000,0.00,cifi0007.DBF
ABFS,10ABFS,F,SM,00,57,19,382.00,659,458.00,462.00,33.720000,11.740000,0.00,cifi0007.DBF
ABFS,10ABFS,F,SM,00,57,20,407.00,682,483.00,487.00,33.720000,11.740000,0.00,cifi0007.DBF
ABFS,10ABFS,F,SM,00,57,21,431.00,703,507.00,512.00,33.720000,11.740000,0.00,cifi0007.DBF
ABFS,10ABFS,F,SM,00,57,22,456.00,724,531.00,536.00,33.720000,11.740000,0.00,cifi0007.DBF
ABFS,10ABFS,F,SM,00,57,23,480.00,743,555.00,560.00,33.720000,11.740000,0.00,cifi0007.DBF
ABFS,10ABFS,F,SM,00,57,24,504.00,761,578.00,583.00,33.720000,11.740000,0.00,cifi0007.DBF
ABFS,10ABFS,F,SM,00,57,25,528.00,778,601.00,606.00,33.720000,11.740000,0.00,cifi0007.DBF
ABFS,10ABFS,F,SM,00,57,26,551.00,793,623.00,629.00,33.720000,11.740000,0.00,cifi0007.DBF
ABFS,10ABFS,F,SM,00,57,27,574.00,809,644.00,650.00,33.720000,11.740000,0.00,cifi0007.DBF
ABFS,10ABFS,F,SM,00,57,28,595.00,821,664.00,671.00,33.720000,11.740000,0.00,cifi0007.DBF
ABFS,10ABFS,F,SM,00,57,29,616.00,834,683.00,690.00,33.720000,11.740000,0.00,cifi0007.DBF
ABFS,10ABFS,F,SM,00,57,30,636.00,846,700.00,708.00,33.720000,11.740000,0.00,cifi0007.DBF
ABFS,10ABFS,F,SM,00,57,31,655.00,856,718.00,726.00,33.720000,11.740000,0.00,cifi0007.DBF
ABFS,10ABFS,F,SM,00,57,32,674.00,866,734.00,743.00,33.720000,11.740000,0.00,cifi0007.DBF
ABFS,10ABFS,F,SM,00,57,33,693.00,876,750.00,759.00,33.720000,11.740000,0.00,cifi0007.DBF
ABFS,10ABFS,F,SM,00,57,34,711.00,885,766.00,775.00,33.720000,11.740000,0.00,cifi0007.DBF
ABFS,10ABFS,F,SM,00,57,35,731.00,895,783.00,791.00,33.720000,11.740000,0.00,cifi0007.DBF
ABFS,10ABFS,F,SM,00,57,36,751.00,905,800.00,808.00,33.720000,11.740000,0.00,cifi0007.DBF
ABFS,10ABFS,F,SM,00,57,37,773.00,915,818.00,826.00,33.720000,11.740000,0.00,cifi0007.DBF
ABFS,10ABFS,F,SM,00,57,38,797.00,925,838.00,845.00,33.720000,11.740000,0.00,cifi0007.DBF
ABFS,10ABFS,F,SM,00,57,39,823.00,936,859.00,865.00,33.720000,11.740000,0.00,cifi0007.DBF
ABFS,10ABFS,F,SM,00,57,40,852.00,948,882.00,887.00,33.720000,11.740000,0.00,cifi0007.DBF
ABFS,10ABFS,F,SM,00,57,41,881.00,959,905.00,910.00,33.720000,11.740000,0.00,cifi0007.DBF
ABFS,10ABFS,F,SM,00,57,42,911.00,971,923.00,931.00,33.720000,11.740000,0.00,cifi0007.DBF
ABFS,10ABFS,F,SM,00,58,1,0.00,0,0.00,6.00,35.500000,12.380000,0.00,cifi0007.DBF
ABFS,10ABFS,F,SM,00,58,2,0.00,0,24.00,30.00,35.500000,12.380000,0.00,cifi0007.DBF
ABFS,10ABFS,F,SM,00,58,3,14.00,41,48.00,54.00,35.500000,12.380000,0.00,cifi0007.DBF
ABFS,10ABFS,F,SM,00,58,4,35.00,99,73.00,78.00,35.500000,12.380000,0.00,cifi0007.DBF
ABFS,10ABFS,F,SM,00,58,5,56.00,152,99.00,104.00,35.500000,12.380000,0.00,cifi0007.DBF
ABFS,10ABFS,F,SM,00,58,6,77.00,201,124.00,129.00,35.500000,12.380000,0.00,cifi0007.DBF
ABFS,10ABFS,F,SM,00,58,7,99.00,248,150.00,155.00,35.500000,12.380000,0.00,cifi0007.DBF
ABFS,10ABFS,F,SM,00,58,8,122.00,295,176.00,181.00,35.500000,12.380000,0.00,cifi0007.DBF
ABFS,10ABFS,F,SM,00,58,9,144.00,336,202.00,207.00,35.500000,12.380000,0.00,cifi0007.DBF
ABFS,10ABFS,F,SM,00,58,10,167.00,376,228.00,233.00,35.500000,12.380000,0.00,cifi0007.DBF
ABFS,10ABFS,F,SM,00,58,11,191.00,415,255.00,259.00,35.500000,12.380000,0.00,cifi0007.DBF
ABFS,10ABFS,F,SM,00,58,12,216.00,453,282.00,286.00,35.500000,12.380000,0.00,cifi0007.DBF
ABFS,10ABFS,F,SM,00,58,13,241.00,488,309.00,313.00,35.500000,12.380000,0.00,cifi0007.DBF
ABFS,10ABFS,F,SM,00,58,14,267.00,523,337.00,341.00,35.500000,12.380000,0.00,cifi0007.DBF
ABFS,10ABFS,F,SM,00,58,15,293.00,555,365.00,369.00,35.500000,12.380000,0.00,cifi0007.DBF
ABFS,10ABFS,F,SM,00,58,16,319.00,585,392.00,396.00,35.500000,12.380000,0.00,cifi0007.DBF
ABFS,10ABFS,F,SM,00,58,17,345.00,613,419.00,423.00,35.500000,12.380000,0.00,cifi0007.DBF
ABFS,10ABFS,F,SM,00,58,18,371.00,640,445.00,450.00,35.500000,12.380000,0.00,cifi0007.DBF
ABFS,10ABFS,F,SM,00,58,19,396.00,664,471.00,476.00,35.500000,12.380000,0.00,cifi0007.DBF
ABFS,10ABFS,F,SM,00,58,20,421.00,687,496.00,501.00,35.500000,12.380000,0.00,cifi0007.DBF
ABFS,10ABFS,F,SM,00,58,21,445.00,707,520.00,526.00,35.500000,12.380000,0.00,cifi0007.DBF
ABFS,10ABFS,F,SM,00,58,22,470.00,727,545.00,550.00,35.500000,12.380000,0.00,cifi0007.DBF
ABFS,10ABFS,F,SM,00,58,23,495.00,747,568.00,574.00,35.500000,12.380000,0.00,cifi0007.DBF
ABFS,10ABFS,F,SM,00,58,24,519.00,765,591.00,597.00,35.500000,12.380000,0.00,cifi0007.DBF
ABFS,10ABFS,F,SM,00,58,25,543.00,782,614.00,620.00,35.500000,12.380000,0.00,cifi0007.DBF
ABFS,10ABFS,F,SM,00,58,26,566.00,797,636.00,643.00,35.500000,12.380000,0.00,cifi0007.DBF
ABFS,10ABFS,F,SM,00,58,27,588.00,812,656.00,664.00,35.500000,12.380000,0.00,cifi0007.DBF
ABFS,10ABFS,F,SM,00,58,28,609.00,825,675.00,683.00,35.500000,12.380000,0.00,cifi0007.DBF
ABFS,10ABFS,F,SM,00,58,29,629.00,836,694.00,702.00,35.500000,12.380000,0.00,cifi0007.DBF
ABFS,10ABFS,F,SM,00,58,30,649.00,848,711.00,720.00,35.500000,12.380000,0.00,cifi0007.DBF
ABFS,10ABFS,F,SM,00,58,31,668.00,859,728.00,737.00,35.500000,12.380000,0.00,cifi0007.DBF
ABFS,10ABFS,F,SM,00,58,32,687.00,869,745.00,754.00,35.500000,12.380000,0.00,cifi0007.DBF
ABFS,10ABFS,F,SM,00,58,33,706.00,879,761.00,771.00,35.500000,12.380000,0.00,cifi0007.DBF
ABFS,10ABFS,F,SM,00,58,34,726.00,889,778.00,787.00,35.500000,12.380000,0.00,cifi0007.DBF
ABFS,10ABFS,F,SM,00,58,35,746.00,899,795.00,804.00,35.500000,12.380000,0.00,cifi0007.DBF
ABFS,10ABFS,F,SM,00,58,36,769.00,910,814.00,822.00,35.500000,12.380000,0.00,cifi0007.DBF
ABFS,10ABFS,F,SM,00,58,37,793.00,921,834.00,842.00,35.500000,12.380000,0.00,cifi0007.DBF
ABFS,10ABFS,F,SM,00,58,38,820.00,932,856.00,863.00,35.500000,12.380000,0.00,cifi0007.DBF
ABFS,10ABFS,F,SM,00,58,39,849.00,945,879.00,885.00,35.500000,12.380000,0.00,cifi0007.DBF
ABFS,10ABFS,F,SM,00,58,40,879.00,957,903.00,909.00,35.500000,12.380000,0.00,cifi0007.DBF
ABFS,10ABFS,F,SM,00,58,41,909.00,969,921.00,930.00,35.500000,12.380000,0.00,cifi0007.DBF
ABFS,10ABFS,F,SM,00,59,1,0.00,0,0.00,7.00,37.410000,13.040000,0.00,cifi0007.DBF
ABFS,10ABFS,F,SM,00,59,2,0.00,0,25.00,31.00,37.410000,13.040000,0.00,cifi0007.DBF
ABFS,10ABFS,F,SM,00,59,3,16.00,45,51.00,57.00,37.410000,13.040000,0.00,cifi0007.DBF
ABFS,10ABFS,F,SM,00,59,4,37.00,100,77.00,83.00,37.410000,13.040000,0.00,cifi0007.DBF
ABFS,10ABFS,F,SM,00,59,5,59.00,154,103.00,109.00,37.410000,13.040000,0.00,cifi0007.DBF
ABFS,10ABFS,F,SM,00,59,6,82.00,206,129.00,135.00,37.410000,13.040000,0.00,cifi0007.DBF
ABFS,10ABFS,F,SM,00,59,7,104.00,251,156.00,161.00,37.410000,13.040000,0.00,cifi0007.DBF
ABFS,10ABFS,F,SM,00,59,8,127.00,296,182.00,188.00,37.410000,13.040000,0.00,cifi0007.DBF
ABFS,10ABFS,F,SM,00,59,9,151.00,340,209.00,214.00,37.410000,13.040000,0.00,cifi0007.DBF
ABFS,10ABFS,F,SM,00,59,10,175.00,380,236.00,241.00,37.410000,13.040000,0.00,cifi0007.DBF
ABFS,10ABFS,F,SM,00,59,11,200.00,420,264.00,269.00,37.410000,13.040000,0.00,cifi0007.DBF
ABFS,10ABFS,F,SM,00,59,12,226.00,458,292.00,297.00,37.410000,13.040000,0.00,cifi0007.DBF
ABFS,10ABFS,F,SM,00,59,13,252.00,493,321.00,325.00,37.410000,13.040000,0.00,cifi0007.DBF
ABFS,10ABFS,F,SM,00,59,14,279.00,528,349.00,354.00,37.410000,13.040000,0.00,cifi0007.DBF
ABFS,10ABFS,F,SM,00,59,15,306.00,561,377.00,382.00,37.410000,13.040000,0.00,cifi0007.DBF
ABFS,10ABFS,F,SM,00,59,16,332.00,590,405.00,410.00,37.410000,13.040000,0.00,cifi0007.DBF
ABFS,10ABFS,F,SM,00,59,17,358.00,617,432.00,437.00,37.410000,13.040000,0.00,cifi0007.DBF
ABFS,10ABFS,F,SM,00,59,18,384.00,644,458.00,464.00,37.410000,13.040000,0.00,cifi0007.DBF
ABFS,10ABFS,F,SM,00,59,19,409.00,667,484.00,490.00,37.410000,13.040000,0.00,cifi0007.DBF
ABFS,10ABFS,F,SM,00,59,20,435.00,691,509.00,515.00,37.410000,13.040000,0.00,cifi0007.DBF
ABFS,10ABFS,F,SM,00,59,21,460.00,712,533.00,540.00,37.410000,13.040000,0.00,cifi0007.DBF
ABFS,10ABFS,F,SM,00,59,22,485.00,732,558.00,564.00,37.410000,13.040000,0.00,cifi0007.DBF
ABFS,10ABFS,F,SM,00,59,23,509.00,750,582.00,589.00,37.410000,13.040000,0.00,cifi0007.DBF
ABFS,10ABFS,F,SM,00,59,24,534.00,769,605.00,612.00,37.410000,13.040000,0.00,cifi0007.DBF
ABFS,10ABFS,F,SM,00,59,25,557.00,785,627.00,635.00,37.410000,13.040000,0.00,cifi0007.DBF
ABFS,10ABFS,F,SM,00,59,26,580.00,801,648.00,656.00,37.410000,13.040000,0.00,cifi0007.DBF
ABFS,10ABFS,F,SM,00,59,27,601.00,814,667.00,676.00,37.410000,13.040000,0.00,cifi0007.DBF
ABFS,10ABFS,F,SM,00,59,28,622.00,827,686.00,695.00,37.410000,13.040000,0.00,cifi0007.DBF
ABFS,10ABFS,F,SM,00,59,29,642.00,839,704.00,714.00,37.410000,13.040000,0.00,cifi0007.DBF
ABFS,10ABFS,F,SM,00,59,30,661.00,850,721.00,731.00,37.410000,13.040000,0.00,cifi0007.DBF
ABFS,10ABFS,F,SM,00,59,31,681.00,861,738.00,748.00,37.410000,13.040000,0.00,cifi0007.DBF
ABFS,10ABFS,F,SM,00,59,32,700.00,871,755.00,765.00,37.410000,13.040000,0.00,cifi0007.DBF
ABFS,10ABFS,F,SM,00,59,33,720.00,882,772.00,782.00,37.410000,13.040000,0.00,cifi0007.DBF
ABFS,10ABFS,F,SM,00,59,34,741.00,893,790.00,800.00,37.410000,13.040000,0.00,cifi0007.DBF
ABFS,10ABFS,F,SM,00,59,35,764.00,904,809.00,818.00,37.410000,13.040000,0.00,cifi0007.DBF
ABFS,10ABFS,F,SM,00,59,36,789.00,916,830.00,838.00,37.410000,13.040000,0.00,cifi0007.DBF
ABFS,10ABFS,F,SM,00,59,37,817.00,929,852.00,860.00,37.410000,13.040000,0.00,cifi0007.DBF
ABFS,10ABFS,F,SM,00,59,38,846.00,941,876.00,883.00,37.410000,13.040000,0.00,cifi0007.DBF
ABFS,10ABFS,F,SM,00,59,39,877.00,955,901.00,907.00,37.410000,13.040000,0.00,cifi0007.DBF
ABFS,10ABFS,F,SM,00,59,40,907.00,966,920.00,929.00,37.410000,13.040000,0.00,cifi0007.DBF
ABFS,10ABFS,F,SM,00,60,1,0.00,0,0.00,7.00,39.480000,13.770000,0.00,cifi0007.DBF
ABFS,10ABFS,F,SM,00,60,2,0.00,0,26.00,33.00,39.480000,13.770000,0.00,cifi0007.DBF
ABFS,10ABFS,F,SM,00,60,3,17.00,46,53.00,59.00,39.480000,13.770000,0.00,cifi0007.DBF
ABFS,10ABFS,F,SM,00,60,4,40.00,104,80.00,86.00,39.480000,13.770000,0.00,cifi0007.DBF
ABFS,10ABFS,F,SM,00,60,5,62.00,156,107.00,113.00,39.480000,13.770000,0.00,cifi0007.DBF
ABFS,10ABFS,F,SM,00,60,6,86.00,208,134.00,140.00,39.480000,13.770000,0.00,cifi0007.DBF
ABFS,10ABFS,F,SM,00,60,7,109.00,254,161.00,167.00,39.480000,13.770000,0.00,cifi0007.DBF
ABFS,10ABFS,F,SM,00,60,8,133.00,299,189.00,195.00,39.480000,13.770000,0.00,cifi0007.DBF
ABFS,10ABFS,F,SM,00,60,9,158.00,343,217.00,223.00,39.480000,13.770000,0.00,cifi0007.DBF
ABFS,10ABFS,F,SM,00,60,10,183.00,384,245.00,251.00,39.480000,13.770000,0.00,cifi0007.DBF
ABFS,10ABFS,F,SM,00,60,11,210.00,426,274.00,279.00,39.480000,13.770000,0.00,cifi0007.DBF
ABFS,10ABFS,F,SM,00,60,12,237.00,464,303.00,308.00,39.480000,13.770000,0.00,cifi0007.DBF
ABFS,10ABFS,F,SM,00,60,13,264.00,500,333.00,338.00,39.480000,13.770000,0.00,cifi0007.DBF
ABFS,10ABFS,F,SM,00,60,14,291.00,533,361.00,367.00,39.480000,13.770000,0.00,cifi0007.DBF
ABFS,10ABFS,F,SM,00,60,15,318.00,565,390.00,395.00,39.480000,13.770000,0.00,cifi0007.DBF
ABFS,10ABFS,F,SM,00,60,16,345.00,595,417.00,423.00,39.480000,13.770000,0.00,cifi0007.DBF
ABFS,10ABFS,F,SM,00,60,17,371.00,622,444.00,450.00,39.480000,13.770000,0.00,cifi0007.DBF
ABFS,10ABFS,F,SM,00,60,18,397.00,647,470.00,477.00,39.480000,13.770000,0.00,cifi0007.DBF
ABFS,10ABFS,F,SM,00,60,19,423.00,672,496.00,503.00,39.480000,13.770000,0.00,cifi0007.DBF
ABFS,10ABFS,F,SM,00,60,20,448.00,693,521.00,528.00,39.480000,13.770000,0.00,cifi0007.DBF
ABFS,10ABFS,F,SM,00,60,21,474.00,715,546.00,553.00,39.480000,13.770000,0.00,cifi0007.DBF
ABFS,10ABFS,F,SM,00,60,22,499.00,735,571.00,578.00,39.480000,13.770000,0.00,cifi0007.DBF
ABFS,10ABFS,F,SM,00,60,23,524.00,755,594.00,602.00,39.480000,13.770000,0.00,cifi0007.DBF
ABFS,10ABFS,F,SM,00,60,24,548.00,772,617.00,625.00,39.480000,13.770000,0.00,cifi0007.DBF
ABFS,10ABFS,F,SM,00,60,25,571.00,788,638.00,647.00,39.480000,13.770000,0.00,cifi0007.DBF
ABFS,10ABFS,F,SM,00,60,26,593.00,803,659.00,668.00,39.480000,13.770000,0.00,cifi0007.DBF
ABFS,10ABFS,F,SM,00,60,27,614.00,816,678.00,688.00,39.480000,13.770000,0.00,cifi0007.DBF
ABFS,10ABFS,F,SM,00,60,28,634.00,829,697.00,707.00,39.480000,13.770000,0.00,cifi0007.DBF
ABFS,10ABFS,F,SM,00,60,29,654.00,841,714.00,725.00,39.480000,13.770000,0.00,cifi0007.DBF
ABFS,10ABFS,F,SM,00,60,30,674.00,852,732.00,743.00,39.480000,13.770000,0.00,cifi0007.DBF
ABFS,10ABFS,F,SM,00,60,31,694.00,864,749.00,760.00,39.480000,13.770000,0.00,cifi0007.DBF
ABFS,10ABFS,F,SM,00,60,32,715.00,876,766.00,777.00,39.480000,13.770000,0.00,cifi0007.DBF
ABFS,10ABFS,F,SM,00,60,33,736.00,886,785.00,795.00,39.480000,13.770000,0.00,cifi0007.DBF
ABFS,10ABFS,F,SM,00,60,34,759.00,898,804.00,814.00,39.480000,13.770000,0.00,cifi0007.DBF
ABFS,10ABFS,F,SM,00,60,35,785.00,911,825.00,834.00,39.480000,13.770000,0.00,cifi0007.DBF
ABFS,10ABFS,F,SM,00,60,36,813.00,925,849.00,857.00,39.480000,13.770000,0.00,cifi0007.DBF
ABFS,10ABFS,F,SM,00,60,37,843.00,938,873.00,881.00,39.480000,13.770000,0.00,cifi0007.DBF
ABFS,10ABFS,F,SM,00,60,38,874.00,951,898.00,905.00,39.480000,13.770000,0.00,cifi0007.DBF
ABFS,10ABFS,F,SM,00,60,39,905.00,964,917.00,927.00,39.480000,13.770000,0.00,cifi0007.DBF
ABFS,10ABFS,F,SM,00,61,1,0.00,0,0.00,7.00,41.710000,14.700000,0.00,cifi0007.DBF
ABFS,10ABFS,F,SM,00,61,2,0.00,0,27.00,34.00,41.710000,14.700000,0.00,cifi0007.DBF
ABFS,10ABFS,F,SM,00,61,3,18.00,47,55.00,62.00,41.710000,14.700000,0.00,cifi0007.DBF
ABFS,10ABFS,F,SM,00,61,4,41.00,103,83.00,90.00,41.710000,14.700000,0.00,cifi0007.DBF
ABFS,10ABFS,F,SM,00,61,5,65.00,157,111.00,118.00,41.710000,14.700000,0.00,cifi0007.DBF
ABFS,10ABFS,F,SM,00,61,6,89.00,208,139.00,146.00,41.710000,14.700000,0.00,cifi0007.DBF
ABFS,10ABFS,F,SM,00,61,7,114.00,257,167.00,174.00,41.710000,14.700000,0.00,cifi0007.DBF
ABFS,10ABFS,F,SM,00,61,8,139.00,302,196.00,202.00,41.710000,14.700000,0.00,cifi0007.DBF
ABFS,10ABFS,F,SM,00,61,9,165.00,346,225.00,231.00,41.710000,14.700000,0.00,cifi0007.DBF
ABFS,10ABFS,F,SM,00,61,10,192.00,389,255.00,261.00,41.710000,14.700000,0.00,cifi0007.DBF
ABFS,10ABFS,F,SM,00,61,11,220.00,431,285.00,291.00,41.710000,14.700000,0.00,cifi0007.DBF
ABFS,10ABFS,F,SM,00,61,12,247.00,468,315.00,321.00,41.710000,14.700000,0.00,cifi0007.DBF
ABFS,10ABFS,F,SM,00,61,13,275.00,504,344.00,350.00,41.710000,14.700000,0.00,cifi0007.DBF
ABFS,10ABFS,F,SM,00,61,14,303.00,538,373.00,379.00,41.710000,14.700000,0.00,cifi0007.DBF
ABFS,10ABFS,F,SM,00,61,15,330.00,569,401.00,408.00,41.710000,14.700000,0.00,cifi0007.DBF
ABFS,10ABFS,F,SM,00,61,16,357.00,598,429.00,436.00,41.710000,14.700000,0.00,cifi0007.DBF
ABFS,10ABFS,F,SM,00,61,17,383.00,625,456.00,463.00,41.710000,14.700000,0.00,cifi0007.DBF
ABFS,10ABFS,F,SM,00,61,18,410.00,651,482.00,490.00,41.710000,14.700000,0.00,cifi0007.DBF
ABFS,10ABFS,F,SM,00,61,19,436.00,675,509.00,516.00,41.710000,14.700000,0.00,cifi0007.DBF
ABFS,10ABFS,F,SM,00,61,20,462.00,697,534.00,542.00,41.710000,14.700000,0.00,cifi0007.DBF
ABFS,10ABFS,F,SM,00,61,21,488.00,719,559.00,567.00,41.710000,14.700000,0.00,cifi0007.DBF
ABFS,10ABFS,F,SM,00,61,22,513.00,739,583.00,592.00,41.710000,14.700000,0.00,cifi0007.DBF
ABFS,10ABFS,F,SM,00,61,23,538.00,758,607.00,616.00,41.710000,14.700000,0.00,cifi0007.DBF
ABFS,10ABFS,F,SM,00,61,24,561.00,774,629.00,639.00,41.710000,14.700000,0.00,cifi0007.DBF
ABFS,10ABFS,F,SM,00,61,25,584.00,791,650.00,660.00,41.710000,14.700000,0.00,cifi0007.DBF
ABFS,10ABFS,F,SM,00,61,26,605.00,804,669.00,680.00,41.710000,14.700000,0.00,cifi0007.DBF
ABFS,10ABFS,F,SM,00,61,27,626.00,818,688.00,699.00,41.710000,14.700000,0.00,cifi0007.DBF
ABFS,10ABFS,F,SM,00,61,28,646.00,830,706.00,718.00,41.710000,14.700000,0.00,cifi0007.DBF
ABFS,10ABFS,F,SM,00,61,29,667.00,844,724.00,736.00,41.710000,14.700000,0.00,cifi0007.DBF
ABFS,10ABFS,F,SM,00,61,30,687.00,855,742.00,754.00,41.710000,14.700000,0.00,cifi0007.DBF
ABFS,10ABFS,F,SM,00,61,31,708.00,867,760.00,772.00,41.710000,14.700000,0.00,cifi0007.DBF
ABFS,10ABFS,F,SM,00,61,32,730.00,879,779.00,790.00,41.710000,14.700000,0.00,cifi0007.DBF
ABFS,10ABFS,F,SM,00,61,33,754.00,892,799.00,810.00,41.710000,14.700000,0.00,cifi0007.DBF
ABFS,10ABFS,F,SM,00,61,34,780.00,905,821.00,831.00,41.710000,14.700000,0.00,cifi0007.DBF
ABFS,10ABFS,F,SM,00,61,35,809.00,920,844.00,853.00,41.710000,14.700000,0.00,cifi0007.DBF
ABFS,10ABFS,F,SM,00,61,36,839.00,934,870.00,878.00,41.710000,14.700000,0.00,cifi0007.DBF
ABFS,10ABFS,F,SM,00,61,37,872.00,949,895.00,903.00,41.710000,14.700000,0.00,cifi0007.DBF
ABFS,10ABFS,F,SM,00,61,38,903.00,962,915.00,926.00,41.710000,14.700000,0.00,cifi0007.DBF
ABFS,10ABFS,F,SM,00,62,1,0.00,0,0.00,8.00,44.110000,15.840000,0.00,cifi0007.DBF
ABFS,10ABFS,F,SM,00,62,2,0.00,0,28.00,36.00,44.110000,15.840000,0.00,cifi0007.DBF
ABFS,10ABFS,F,SM,00,62,3,19.00,48,57.00,65.00,44.110000,15.840000,0.00,cifi0007.DBF
ABFS,10ABFS,F,SM,00,62,4,43.00,104,86.00,94.00,44.110000,15.840000,0.00,cifi0007.DBF
ABFS,10ABFS,F,SM,00,62,5,68.00,159,114.00,122.00,44.110000,15.840000,0.00,cifi0007.DBF
ABFS,10ABFS,F,SM,00,62,6,93.00,210,143.00,151.00,44.110000,15.840000,0.00,cifi0007.DBF
ABFS,10ABFS,F,SM,00,62,7,119.00,259,173.00,180.00,44.110000,15.840000,0.00,cifi0007.DBF
ABFS,10ABFS,F,SM,00,62,8,145.00,304,203.00,210.00,44.110000,15.840000,0.00,cifi0007.DBF
ABFS,10ABFS,F,SM,00,62,9,173.00,351,234.00,241.00,44.110000,15.840000,0.00,cifi0007.DBF
ABFS,10ABFS,F,SM,00,62,10,201.00,394,264.00,271.00,44.110000,15.840000,0.00,cifi0007.DBF
ABFS,10ABFS,F,SM,00,62,11,230.00,436,295.00,302.00,44.110000,15.840000,0.00,cifi0007.DBF
ABFS,10ABFS,F,SM,00,62,12,258.00,473,326.00,333.00,44.110000,15.840000,0.00,cifi0007.DBF
ABFS,10ABFS,F,SM,00,62,13,286.00,508,355.00,363.00,44.110000,15.840000,0.00,cifi0007.DBF
ABFS,10ABFS,F,SM,00,62,14,314.00,542,385.00,392.00,44.110000,15.840000,0.00,cifi0007.DBF
ABFS,10ABFS,F,SM,00,62,15,342.00,573,413.00,421.00,44.110000,15.840000,0.00,cifi0007.DBF
ABFS,10ABFS,F,SM,00,62,16,369.00,602,441.00,449.00,44.110000,15.840000,0.00,cifi0007.DBF
ABFS,10ABFS,F,SM,00,62,17,396.00,629,468.00,477.00,44.110000,15.840000,0.00,cifi0007.DBF
ABFS,10ABFS,F,SM,00,62,18,423.00,655,495.00,504.00,44.110000,15.840000,0.00,cifi0007.DBF
ABFS,10ABFS,F,SM,00,62,19,449.00,678,521.00,530.00,44.110000,15.840000,0.00,cifi0007.DBF
ABFS,10ABFS,F,SM,00,62,20,476.00,701,547.00,556.00,44.110000,15.840000,0.00,cifi0007.DBF
ABFS,10ABFS,F,SM,00,62,21,502.00,723,572.00,582.00,44.110000,15.840000,0.00,cifi0007.DBF
ABFS,10ABFS,F,SM,00,62,22,527.00,742,596.00,606.00,44.110000,15.840000,0.00,cifi0007.DBF
ABFS,10ABFS,F,SM,00,62,23,551.00,761,618.00,629.00,44.110000,15.840000,0.00,cifi0007.DBF
ABFS,10ABFS,F,SM,00,62,24,574.00,777,640.00,651.00,44.110000,15.840000,0.00,cifi0007.DBF
ABFS,10ABFS,F,SM,00,62,25,596.00,793,660.00,672.00,44.110000,15.840000,0.00,cifi0007.DBF
ABFS,10ABFS,F,SM,00,62,26,617.00,806,680.00,692.00,44.110000,15.840000,0.00,cifi0007.DBF
ABFS,10ABFS,F,SM,00,62,27,638.00,820,698.00,711.00,44.110000,15.840000,0.00,cifi0007.DBF
ABFS,10ABFS,F,SM,00,62,28,659.00,834,717.00,730.00,44.110000,15.840000,0.00,cifi0007.DBF
ABFS,10ABFS,F,SM,00,62,29,680.00,846,735.00,748.00,44.110000,15.840000,0.00,cifi0007.DBF
ABFS,10ABFS,F,SM,00,62,30,701.00,859,753.00,766.00,44.110000,15.840000,0.00,cifi0007.DBF
ABFS,10ABFS,F,SM,00,62,31,724.00,872,773.00,785.00,44.110000,15.840000,0.00,cifi0007.DBF
ABFS,10ABFS,F,SM,00,62,32,748.00,885,793.00,805.00,44.110000,15.840000,0.00,cifi0007.DBF
ABFS,10ABFS,F,SM,00,62,33,775.00,900,816.00,827.00,44.110000,15.840000,0.00,cifi0007.DBF
ABFS,10ABFS,F,SM,00,62,34,804.00,914,840.00,850.00,44.110000,15.840000,0.00,cifi0007.DBF
ABFS,10ABFS,F,SM,00,62,35,836.00,930,866.00,875.00,44.110000,15.840000,0.00,cifi0007.DBF
ABFS,10ABFS,F,SM,00,62,36,868.00,945,892.00,901.00,44.110000,15.840000,0.00,cifi0007.DBF
ABFS,10ABFS,F,SM,00,62,37,901.00,960,913.00,925.00,44.110000,15.840000,0.00,cifi0007.DBF
ABFS,10ABFS,F,SM,00,63,1,0.00,0,0.00,9.00,46.660000,17.370000,0.00,cifi0007.DBF
ABFS,10ABFS,F,SM,00,63,2,0.00,0,29.00,38.00,46.660000,17.370000,0.00,cifi0007.DBF
ABFS,10ABFS,F,SM,00,63,3,19.00,46,59.00,67.00,46.660000,17.370000,0.00,cifi0007.DBF
ABFS,10ABFS,F,SM,00,63,4,44.00,103,88.00,97.00,46.660000,17.370000,0.00,cifi0007.DBF
ABFS,10ABFS,F,SM,00,63,5,70.00,158,118.00,126.00,46.660000,17.370000,0.00,cifi0007.DBF
ABFS,10ABFS,F,SM,00,63,6,97.00,211,149.00,157.00,46.660000,17.370000,0.00,cifi0007.DBF
ABFS,10ABFS,F,SM,00,63,7,124.00,260,180.00,188.00,46.660000,17.370000,0.00,cifi0007.DBF
ABFS,10ABFS,F,SM,00,63,8,152.00,308,211.00,219.00,46.660000,17.370000,0.00,cifi0007.DBF
ABFS,10ABFS,F,SM,00,63,9,181.00,355,243.00,250.00,46.660000,17.370000,0.00,cifi0007.DBF
ABFS,10ABFS,F,SM,00,63,10,210.00,398,275.00,282.00,46.660000,17.370000,0.00,cifi0007.DBF
ABFS,10ABFS,F,SM,00,63,11,240.00,440,306.00,314.00,46.660000,17.370000,0.00,cifi0007.DBF
ABFS,10ABFS,F,SM,00,63,12,268.00,476,337.00,345.00,46.660000,17.370000,0.00,cifi0007.DBF
ABFS,10ABFS,F,SM,00,63,13,297.00,512,367.00,375.00,46.660000,17.370000,0.00,cifi0007.DBF
ABFS,10ABFS,F,SM,00,63,14,325.00,545,396.00,405.00,46.660000,17.370000,0.00,cifi0007.DBF
ABFS,10ABFS,F,SM,00,63,15,353.00,576,424.00,433.00,46.660000,17.370000,0.00,cifi0007.DBF
ABFS,10ABFS,F,SM,00,63,16,381.00,605,452.00,461.00,46.660000,17.370000,0.00,cifi0007.DBF
ABFS,10ABFS,F,SM,00,63,17,408.00,631,480.00,489.00,46.660000,17.370000,0.00,cifi0007.DBF
ABFS,10ABFS,F,SM,00,63,18,436.00,658,507.00,517.00,46.660000,17.370000,0.00,cifi0007.DBF
ABFS,10ABFS,F,SM,00,63,19,463.00,682,533.00,543.00,46.660000,17.370000,0.00,cifi0007.DBF
ABFS,10ABFS,F,SM,00,63,20,489.00,704,559.00,569.00,46.660000,17.370000,0.00,cifi0007.DBF
ABFS,10ABFS,F,SM,00,63,21,515.00,726,584.00,595.00,46.660000,17.370000,0.00,cifi0007.DBF
ABFS,10ABFS,F,SM,00,63,22,539.00,744,607.00,619.00,46.660000,17.370000,0.00,cifi0007.DBF
ABFS,10ABFS,F,SM,00,63,23,563.00,762,629.00,641.00,46.660000,17.370000,0.00,cifi0007.DBF
ABFS,10ABFS,F,SM,00,63,24,586.00,779,650.00,663.00,46.660000,17.370000,0.00,cifi0007.DBF
ABFS,10ABFS,F,SM,00,63,25,608.00,795,670.00,683.00,46.660000,17.370000,0.00,cifi0007.DBF
ABFS,10ABFS,F,SM,00,63,26,629.00,809,689.00,703.00,46.660000,17.370000,0.00,cifi0007.DBF
ABFS,10ABFS,F,SM,00,63,27,650.00,822,708.00,722.00,46.660000,17.370000,0.00,cifi0007.DBF
ABFS,10ABFS,F,SM,00,63,28,672.00,836,727.00,741.00,46.660000,17.370000,0.00,cifi0007.DBF
ABFS,10ABFS,F,SM,00,63,29,694.00,850,746.00,760.00,46.660000,17.370000,0.00,cifi0007.DBF
ABFS,10ABFS,F,SM,00,63,30,717.00,864,766.00,779.00,46.660000,17.370000,0.00,cifi0007.DBF
ABFS,10ABFS,F,SM,00,63,31,742.00,878,787.00,800.00,46.660000,17.370000,0.00,cifi0007.DBF
ABFS,10ABFS,F,SM,00,63,32,769.00,893,810.00,822.00,46.660000,17.370000,0.00,cifi0007.DBF
ABFS,10ABFS,F,SM,00,63,33,799.00,909,835.00,846.00,46.660000,17.370000,0.00,cifi0007.DBF
ABFS,10ABFS,F,SM,00,63,34,831.00,925,862.00,872.00,46.660000,17.370000,0.00,cifi0007.DBF
ABFS,10ABFS,F,SM,00,63,35,865.00,941,889.00,899.00,46.660000,17.370000,0.00,cifi0007.DBF
ABFS,10ABFS,F,SM,00,63,36,898.00,957,910.00,923.00,46.660000,17.370000,0.00,cifi0007.DBF
ABFS,10ABFS,F,SM,00,64,1,0.00,0,0.00,10.00,49.380000,19.070000,0.00,cifi0007.DBF
ABFS,10ABFS,F,SM,00,64,2,0.00,0,30.00,40.00,49.380000,19.070000,0.00,cifi0007.DBF
ABFS,10ABFS,F,SM,00,64,3,19.00,45,61.00,70.00,49.380000,19.070000,0.00,cifi0007.DBF
ABFS,10ABFS,F,SM,00,64,4,46.00,104,92.00,101.00,49.380000,19.070000,0.00,cifi0007.DBF
ABFS,10ABFS,F,SM,00,64,5,73.00,159,123.00,132.00,49.380000,19.070000,0.00,cifi0007.DBF
ABFS,10ABFS,F,SM,00,64,6,101.00,212,155.00,164.00,49.380000,19.070000,0.00,cifi0007.DBF
ABFS,10ABFS,F,SM,00,64,7,130.00,264,187.00,196.00,49.380000,19.070000,0.00,cifi0007.DBF
ABFS,10ABFS,F,SM,00,64,8,160.00,314,220.00,228.00,49.380000,19.070000,0.00,cifi0007.DBF
ABFS,10ABFS,F,SM,00,64,9,190.00,360,253.00,261.00,49.380000,19.070000,0.00,cifi0007.DBF
ABFS,10ABFS,F,SM,00,64,10,220.00,403,285.00,294.00,49.380000,19.070000,0.00,cifi0007.DBF
ABFS,10ABFS,F,SM,00,64,11,249.00,443,316.00,325.00,49.380000,19.070000,0.00,cifi0007.DBF
ABFS,10ABFS,F,SM,00,64,12,279.00,481,347.00,356.00,49.380000,19.070000,0.00,cifi0007.DBF
ABFS,10ABFS,F,SM,00,64,13,308.00,516,377.00,387.00,49.380000,19.070000,0.00,cifi0007.DBF
ABFS,10ABFS,F,SM,00,64,14,336.00,548,407.00,417.00,49.380000,19.070000,0.00,cifi0007.DBF
ABFS,10ABFS,F,SM,00,64,15,364.00,578,436.00,446.00,49.380000,19.070000,0.00,cifi0007.DBF
ABFS,10ABFS,F,SM,00,64,16,393.00,608,464.00,475.00,49.380000,19.070000,0.00,cifi0007.DBF
ABFS,10ABFS,F,SM,00,64,17,421.00,636,492.00,503.00,49.380000,19.070000,0.00,cifi0007.DBF
ABFS,10ABFS,F,SM,00,64,18,449.00,662,519.00,530.00,49.380000,19.070000,0.00,cifi0007.DBF
ABFS,10ABFS,F,SM,00,64,19,476.00,685,546.00,557.00,49.380000,19.070000,0.00,cifi0007.DBF
ABFS,10ABFS,F,SM,00,64,20,502.00,707,571.00,583.00,49.380000,19.070000,0.00,cifi0007.DBF
ABFS,10ABFS,F,SM,00,64,21,527.00,727,595.00,608.00,49.380000,19.070000,0.00,cifi0007.DBF
ABFS,10ABFS,F,SM,00,64,22,552.00,747,618.00,631.00,49.380000,19.070000,0.00,cifi0007.DBF
ABFS,10ABFS,F,SM,00,64,23,575.00,765,639.00,653.00,49.380000,19.070000,0.00,cifi0007.DBF
ABFS,10ABFS,F,SM,00,64,24,597.00,780,660.00,674.00,49.380000,19.070000,0.00,cifi0007.DBF
ABFS,10ABFS,F,SM,00,64,25,619.00,796,680.00,695.00,49.380000,19.070000,0.00,cifi0007.DBF
ABFS,10ABFS,F,SM,00,64,26,641.00,811,699.00,714.00,49.380000,19.070000,0.00,cifi0007.DBF
ABFS,10ABFS,F,SM,00,64,27,663.00,825,719.00,734.00,49.380000,19.070000,0.00,cifi0007.DBF
ABFS,10ABFS,F,SM,00,64,28,686.00,840,738.00,753.00,49.380000,19.070000,0.00,cifi0007.DBF
ABFS,10ABFS,F,SM,00,64,29,709.00,854,759.00,773.00,49.380000,19.070000,0.00,cifi0007.DBF
ABFS,10ABFS,F,SM,00,64,30,735.00,870,781.00,795.00,49.380000,19.070000,0.00,cifi0007.DBF
ABFS,10ABFS,F,SM,00,64,31,763.00,886,804.00,817.00,49.380000,19.070000,0.00,cifi0007.DBF
ABFS,10ABFS,F,SM,00,64,32,794.00,903,830.00,842.00,49.380000,19.070000,0.00,cifi0007.DBF
ABFS,10ABFS,F,SM,00,64,33,827.00,920,858.00,869.00,49.380000,19.070000,0.00,cifi0007.DBF
ABFS,10ABFS,F,SM,00,64,34,862.00,938,886.00,897.00,49.380000,19.070000,0.00,cifi0007.DBF
ABFS,10ABFS,F,SM,00,64,35,896.00,955,908.00,922.00,49.380000,19.070000,0.00,cifi0007.DBF
ABFS,10ABFS,F,SM,00,65,1,0.00,0,0.00,10.00,52.270000,20.990000,0.00,cifi0007.DBF
ABFS,10ABFS,F,SM,00,65,2,0.00,0,31.00,42.00,52.270000,20.990000,0.00,cifi0007.DBF
ABFS,10ABFS,F,SM,00,65,3,20.00,45,63.00,73.00,52.270000,20.990000,0.00,cifi0007.DBF
ABFS,10ABFS,F,SM,00,65,4,48.00,105,95.00,105.00,52.270000,20.990000,0.00,cifi0007.DBF
ABFS,10ABFS,F,SM,00,65,5,77.00,162,128.00,138.00,52.270000,20.990000,0.00,cifi0007.DBF
ABFS,10ABFS,F,SM,00,65,6,107.00,217,162.00,171.00,52.270000,20.990000,0.00,cifi0007.DBF
ABFS,10ABFS,F,SM,00,65,7,137.00,269,196.00,205.00,52.270000,20.990000,0.00,cifi0007.DBF
ABFS,10ABFS,F,SM,00,65,8,168.00,318,229.00,239.00,52.270000,20.990000,0.00,cifi0007.DBF
ABFS,10ABFS,F,SM,00,65,9,199.00,365,262.00,272.00,52.270000,20.990000,0.00,cifi0007.DBF
ABFS,10ABFS,F,SM,00,65,10,229.00,407,295.00,305.00,52.270000,20.990000,0.00,cifi0007.DBF
ABFS,10ABFS,F,SM,00,65,11,259.00,447,327.00,337.00,52.270000,20.990000,0.00,cifi0007.DBF
ABFS,10ABFS,F,SM,00,65,12,289.00,485,358.00,369.00,52.270000,20.990000,0.00,cifi0007.DBF
ABFS,10ABFS,F,SM,00,65,13,318.00,519,388.00,399.00,52.270000,20.990000,0.00,cifi0007.DBF
ABFS,10ABFS,F,SM,00,65,14,348.00,553,418.00,429.00,52.270000,20.990000,0.00,cifi0007.DBF
ABFS,10ABFS,F,SM,00,65,15,377.00,584,447.00,459.00,52.270000,20.990000,0.00,cifi0007.DBF
ABFS,10ABFS,F,SM,00,65,16,405.00,611,476.00,488.00,52.270000,20.990000,0.00,cifi0007.DBF
ABFS,10ABFS,F,SM,00,65,17,434.00,640,504.00,516.00,52.270000,20.990000,0.00,cifi0007.DBF
ABFS,10ABFS,F,SM,00,65,18,462.00,665,532.00,544.00,52.270000,20.990000,0.00,cifi0007.DBF
ABFS,10ABFS,F,SM,00,65,19,489.00,689,558.00,571.00,52.270000,20.990000,0.00,cifi0007.DBF
ABFS,10ABFS,F,SM,00,65,20,515.00,711,582.00,596.00,52.270000,20.990000,0.00,cifi0007.DBF
ABFS,10ABFS,F,SM,00,65,21,540.00,731,606.00,620.00,52.270000,20.990000,0.00,cifi0007.DBF
ABFS,10ABFS,F,SM,00,65,22,564.00,750,628.00,643.00,52.270000,20.990000,0.00,cifi0007.DBF
ABFS,10ABFS,F,SM,00,65,23,587.00,767,649.00,665.00,52.270000,20.990000,0.00,cifi0007.DBF
ABFS,10ABFS,F,SM,00,65,24,609.00,783,670.00,686.00,52.270000,20.990000,0.00,cifi0007.DBF
ABFS,10ABFS,F,SM,00,65,25,632.00,799,690.00,706.00,52.270000,20.990000,0.00,cifi0007.DBF
ABFS,10ABFS,F,SM,00,65,26,654.00,814,710.00,726.00,52.270000,20.990000,0.00,cifi0007.DBF
ABFS,10ABFS,F,SM,00,65,27,677.00,829,730.00,746.00,52.270000,20.990000,0.00,cifi0007.DBF
ABFS,10ABFS,F,SM,00,65,28,702.00,846,751.00,767.00,52.270000,20.990000,0.00,cifi0007.DBF
ABFS,10ABFS,F,SM,00,65,29,728.00,861,774.00,789.00,52.270000,20.990000,0.00,cifi0007.DBF
ABFS,10ABFS,F,SM,00,65,30,757.00,879,798.00,812.00,52.270000,20.990000,0.00,cifi0007.DBF
ABFS,10ABFS,F,SM,00,65,31,788.00,896,825.00,838.00,52.270000,20.990000,0.00,cifi0007.DBF
ABFS,10ABFS,F,SM,00,65,32,822.00,915,854.00,866.00,52.270000,20.990000,0.00,cifi0007.DBF
ABFS,10ABFS,F,SM,00,65,33,858.00,934,882.00,894.00,52.270000,20.990000,0.00,cifi0007.DBF
ABFS,10ABFS,F,SM,00,65,34,893.00,952,905.00,920.00,52.270000,20.990000,0.00,cifi0007.DBF
ABFS,10ABFS,F,SM,00,66,1,0.00,0,0.00,11.00,55.370000,22.880000,0.00,cifi0007.DBF
ABFS,10ABFS,F,SM,00,66,2,0.00,0,33.00,44.00,55.370000,22.880000,0.00,cifi0007.DBF
ABFS,10ABFS,F,SM,00,66,3,24.00,53,66.00,77.00,55.370000,22.880000,0.00,cifi0007.DBF
ABFS,10ABFS,F,SM,00,66,4,54.00,114,100.00,111.00,55.370000,22.880000,0.00,cifi0007.DBF
ABFS,10ABFS,F,SM,00,66,5,84.00,171,135.00,145.00,55.370000,22.880000,0.00,cifi0007.DBF
ABFS,10ABFS,F,SM,00,66,6,116.00,227,169.00,180.00,55.370000,22.880000,0.00,cifi0007.DBF
ABFS,10ABFS,F,SM,00,66,7,147.00,279,204.00,214.00,55.370000,22.880000,0.00,cifi0007.DBF
ABFS,10ABFS,F,SM,00,66,8,179.00,328,239.00,249.00,55.370000,22.880000,0.00,cifi0007.DBF
ABFS,10ABFS,F,SM,00,66,9,210.00,373,272.00,283.00,55.370000,22.880000,0.00,cifi0007.DBF
ABFS,10ABFS,F,SM,00,66,10,241.00,416,305.00,316.00,55.370000,22.880000,0.00,cifi0007.DBF
ABFS,10ABFS,F,SM,00,66,11,271.00,454,337.00,349.00,55.370000,22.880000,0.00,cifi0007.DBF
ABFS,10ABFS,F,SM,00,66,12,301.00,491,368.00,380.00,55.370000,22.880000,0.00,cifi0007.DBF
ABFS,10ABFS,F,SM,00,66,13,331.00,526,399.00,411.00,55.370000,22.880000,0.00,cifi0007.DBF
ABFS,10ABFS,F,SM,00,66,14,361.00,559,429.00,442.00,55.370000,22.880000,0.00,cifi0007.DBF
ABFS,10ABFS,F,SM,00,66,15,390.00,589,459.00,472.00,55.370000,22.880000,0.00,cifi0007.DBF
ABFS,10ABFS,F,SM,00,66,16,420.00,619,488.00,501.00,55.370000,22.880000,0.00,cifi0007.DBF
ABFS,10ABFS,F,SM,00,66,17,448.00,645,516.00,530.00,55.370000,22.880000,0.00,cifi0007.DBF
ABFS,10ABFS,F,SM,00,66,18,476.00,671,543.00,557.00,55.370000,22.880000,0.00,cifi0007.DBF
ABFS,10ABFS,F,SM,00,66,19,503.00,694,569.00,584.00,55.370000,22.880000,0.00,cifi0007.DBF
ABFS,10ABFS,F,SM,00,66,20,528.00,715,593.00,609.00,55.370000,22.880000,0.00,cifi0007.DBF
ABFS,10ABFS,F,SM,00,66,21,552.00,734,616.00,632.00,55.370000,22.880000,0.00,cifi0007.DBF
ABFS,10ABFS,F,SM,00,66,22,576.00,753,638.00,655.00,55.370000,22.880000,0.00,cifi0007.DBF
ABFS,10ABFS,F,SM,00,66,23,599.00,770,659.00,676.00,55.370000,22.880000,0.00,cifi0007.DBF
ABFS,10ABFS,F,SM,00,66,24,622.00,787,680.00,697.00,55.370000,22.880000,0.00,cifi0007.DBF
ABFS,10ABFS,F,SM,00,66,25,646.00,804,701.00,718.00,55.370000,22.880000,0.00,cifi0007.DBF
ABFS,10ABFS,F,SM,00,66,26,669.00,819,722.00,739.00,55.370000,22.880000,0.00,cifi0007.DBF
ABFS,10ABFS,F,SM,00,66,27,694.00,836,743.00,760.00,55.370000,22.880000,0.00,cifi0007.DBF
ABFS,10ABFS,F,SM,00,66,28,721.00,853,766.00,782.00,55.370000,22.880000,0.00,cifi0007.DBF
ABFS,10ABFS,F,SM,00,66,29,751.00,872,792.00,807.00,55.370000,22.880000,0.00,cifi0007.DBF
ABFS,10ABFS,F,SM,00,66,30,783.00,890,819.00,833.00,55.370000,22.880000,0.00,cifi0007.DBF
ABFS,10ABFS,F,SM,00,66,31,818.00,910,849.00,862.00,55.370000,22.880000,0.00,cifi0007.DBF
ABFS,10ABFS,F,SM,00,66,32,854.00,930,878.00,891.00,55.370000,22.880000,0.00,cifi0007.DBF
ABFS,10ABFS,F,SM,00,66,33,890.00,948,902.00,918.00,55.370000,22.880000,0.00,cifi0007.DBF
ABFS,10ABFS,F,SM,00,67,1,0.00,0,0.00,12.00,58.700000,24.850000,0.00,cifi0007.DBF
ABFS,10ABFS,F,SM,00,67,2,0.00,0,34.00,46.00,58.700000,24.850000,0.00,cifi0007.DBF
ABFS,10ABFS,F,SM,00,67,3,29.00,61,70.00,81.00,58.700000,24.850000,0.00,cifi0007.DBF
ABFS,10ABFS,F,SM,00,67,4,60.00,122,105.00,117.00,58.700000,24.850000,0.00,cifi0007.DBF
ABFS,10ABFS,F,SM,00,67,5,92.00,180,141.00,152.00,58.700000,24.850000,0.00,cifi0007.DBF
ABFS,10ABFS,F,SM,00,67,6,125.00,237,177.00,188.00,58.700000,24.850000,0.00,cifi0007.DBF
ABFS,10ABFS,F,SM,00,67,7,157.00,288,213.00,224.00,58.700000,24.850000,0.00,cifi0007.DBF
ABFS,10ABFS,F,SM,00,67,8,189.00,336,248.00,260.00,58.700000,24.850000,0.00,cifi0007.DBF
ABFS,10ABFS,F,SM,00,67,9,221.00,381,281.00,294.00,58.700000,24.850000,0.00,cifi0007.DBF
ABFS,10ABFS,F,SM,00,67,10,252.00,423,315.00,327.00,58.700000,24.850000,0.00,cifi0007.DBF
ABFS,10ABFS,F,SM,00,67,11,283.00,462,347.00,360.00,58.700000,24.850000,0.00,cifi0007.DBF
ABFS,10ABFS,F,SM,00,67,12,313.00,497,379.00,392.00,58.700000,24.850000,0.00,cifi0007.DBF
ABFS,10ABFS,F,SM,00,67,13,344.00,532,410.00,424.00,58.700000,24.850000,0.00,cifi0007.DBF
ABFS,10ABFS,F,SM,00,67,14,374.00,565,441.00,455.00,58.700000,24.850000,0.00,cifi0007.DBF
ABFS,10ABFS,F,SM,00,67,15,404.00,595,471.00,485.00,58.700000,24.850000,0.00,cifi0007.DBF
ABFS,10ABFS,F,SM,00,67,16,434.00,625,500.00,515.00,58.700000,24.850000,0.00,cifi0007.DBF
ABFS,10ABFS,F,SM,00,67,17,462.00,651,528.00,543.00,58.700000,24.850000,0.00,cifi0007.DBF
ABFS,10ABFS,F,SM,00,67,18,489.00,675,554.00,570.00,58.700000,24.850000,0.00,cifi0007.DBF
ABFS,10ABFS,F,SM,00,67,19,516.00,699,579.00,596.00,58.700000,24.850000,0.00,cifi0007.DBF
ABFS,10ABFS,F,SM,00,67,20,541.00,719,603.00,620.00,58.700000,24.850000,0.00,cifi0007.DBF
ABFS,10ABFS,F,SM,00,67,21,565.00,738,626.00,644.00,58.700000,24.850000,0.00,cifi0007.DBF
ABFS,10ABFS,F,SM,00,67,22,589.00,757,648.00,666.00,58.700000,24.850000,0.00,cifi0007.DBF
ABFS,10ABFS,F,SM,00,67,23,612.00,774,669.00,688.00,58.700000,24.850000,0.00,cifi0007.DBF
ABFS,10ABFS,F,SM,00,67,24,636.00,792,691.00,709.00,58.700000,24.850000,0.00,cifi0007.DBF
ABFS,10ABFS,F,SM,00,67,25,660.00,808,712.00,731.00,58.700000,24.850000,0.00,cifi0007.DBF
ABFS,10ABFS,F,SM,00,67,26,686.00,826,734.00,752.00,58.700000,24.850000,0.00,cifi0007.DBF
ABFS,10ABFS,F,SM,00,67,27,714.00,845,758.00,775.00,58.700000,24.850000,0.00,cifi0007.DBF
ABFS,10ABFS,F,SM,00,67,28,744.00,864,785.00,801.00,58.700000,24.850000,0.00,cifi0007.DBF
ABFS,10ABFS,F,SM,00,67,29,777.00,884,813.00,828.00,58.700000,24.850000,0.00,cifi0007.DBF
ABFS,10ABFS,F,SM,00,67,30,813.00,905,844.00,858.00,58.700000,24.850000,0.00,cifi0007.DBF
ABFS,10ABFS,F,SM,00,67,31,850.00,925,874.00,888.00,58.700000,24.850000,0.00,cifi0007.DBF
ABFS,10ABFS,F,SM,00,67,32,887.00,945,898.00,915.00,58.700000,24.850000,0.00,cifi0007.DBF
ABFS,10ABFS,F,SM,00,68,1,0.00,0,0.00,13.00,62.340000,26.630000,0.00,cifi0007.DBF
ABFS,10ABFS,F,SM,00,68,2,2.00,5,36.00,49.00,62.340000,26.630000,0.00,cifi0007.DBF
ABFS,10ABFS,F,SM,00,68,3,34.00,69,73.00,86.00,62.340000,26.630000,0.00,cifi0007.DBF
ABFS,10ABFS,F,SM,00,68,4,67.00,132,111.00,123.00,62.340000,26.630000,0.00,cifi0007.DBF
ABFS,10ABFS,F,SM,00,68,5,100.00,190,148.00,161.00,62.340000,26.630000,0.00,cifi0007.DBF
ABFS,10ABFS,F,SM,00,68,6,134.00,246,185.00,198.00,62.340000,26.630000,0.00,cifi0007.DBF
ABFS,10ABFS,F,SM,00,68,7,167.00,297,221.00,234.00,62.340000,26.630000,0.00,cifi0007.DBF
ABFS,10ABFS,F,SM,00,68,8,199.00,343,256.00,270.00,62.340000,26.630000,0.00,cifi0007.DBF
ABFS,10ABFS,F,SM,00,68,9,231.00,387,290.00,304.00,62.340000,26.630000,0.00,cifi0007.DBF
ABFS,10ABFS,F,SM,00,68,10,263.00,429,324.00,338.00,62.340000,26.630000,0.00,cifi0007.DBF
ABFS,10ABFS,F,SM,00,68,11,294.00,467,357.00,372.00,62.340000,26.630000,0.00,cifi0007.DBF
ABFS,10ABFS,F,SM,00,68,12,326.00,505,389.00,404.00,62.340000,26.630000,0.00,cifi0007.DBF
ABFS,10ABFS,F,SM,00,68,13,357.00,539,421.00,436.00,62.340000,26.630000,0.00,cifi0007.DBF
ABFS,10ABFS,F,SM,00,68,14,388.00,572,452.00,468.00,62.340000,26.630000,0.00,cifi0007.DBF
ABFS,10ABFS,F,SM,00,68,15,418.00,602,482.00,498.00,62.340000,26.630000,0.00,cifi0007.DBF
ABFS,10ABFS,F,SM,00,68,16,447.00,630,511.00,528.00,62.340000,26.630000,0.00,cifi0007.DBF
ABFS,10ABFS,F,SM,00,68,17,475.00,656,538.00,556.00,62.340000,26.630000,0.00,cifi0007.DBF
ABFS,10ABFS,F,SM,00,68,18,502.00,680,564.00,582.00,62.340000,26.630000,0.00,cifi0007.DBF
ABFS,10ABFS,F,SM,00,68,19,528.00,702,589.00,608.00,62.340000,26.630000,0.00,cifi0007.DBF
ABFS,10ABFS,F,SM,00,68,20,553.00,723,612.00,632.00,62.340000,26.630000,0.00,cifi0007.DBF
ABFS,10ABFS,F,SM,00,68,21,577.00,742,635.00,655.00,62.340000,26.630000,0.00,cifi0007.DBF
ABFS,10ABFS,F,SM,00,68,22,602.00,761,657.00,677.00,62.340000,26.630000,0.00,cifi0007.DBF
ABFS,10ABFS,F,SM,00,68,23,626.00,779,679.00,699.00,62.340000,26.630000,0.00,cifi0007.DBF
ABFS,10ABFS,F,SM,00,68,24,651.00,797,702.00,722.00,62.340000,26.630000,0.00,cifi0007.DBF
ABFS,10ABFS,F,SM,00,68,25,677.00,815,725.00,745.00,62.340000,26.630000,0.00,cifi0007.DBF
ABFS,10ABFS,F,SM,00,68,26,706.00,835,750.00,769.00,62.340000,26.630000,0.00,cifi0007.DBF
ABFS,10ABFS,F,SM,00,68,27,737.00,856,777.00,795.00,62.340000,26.630000,0.00,cifi0007.DBF
ABFS,10ABFS,F,SM,00,68,28,771.00,877,807.00,823.00,62.340000,26.630000,0.00,cifi0007.DBF
ABFS,10ABFS,F,SM,00,68,29,808.00,899,838.00,854.00,62.340000,26.630000,0.00,cifi0007.DBF
ABFS,10ABFS,F,SM,00,68,30,846.00,921,870.00,885.00,62.340000,26.630000,0.00,cifi0007.DBF
ABFS,10ABFS,F,SM,00,68,31,884.00,942,895.00,914.00,62.340000,26.630000,0.00,cifi0007.DBF
ABFS,10ABFS,F,SM,00,69,1,0.00,0,0.00,14.00,66.310000,28.630000,0.00,cifi0007.DBF
ABFS,10ABFS,F,SM,00,69,2,6.00,13,38.00,52.00,66.310000,28.630000,0.00,cifi0007.DBF
ABFS,10ABFS,F,SM,00,69,3,40.00,79,77.00,91.00,66.310000,28.630000,0.00,cifi0007.DBF
ABFS,10ABFS,F,SM,00,69,4,74.00,140,116.00,130.00,66.310000,28.630000,0.00,cifi0007.DBF
ABFS,10ABFS,F,SM,00,69,5,108.00,198,154.00,168.00,66.310000,28.630000,0.00,cifi0007.DBF
ABFS,10ABFS,F,SM,00,69,6,142.00,253,191.00,206.00,66.310000,28.630000,0.00,cifi0007.DBF
ABFS,10ABFS,F,SM,00,69,7,175.00,302,228.00,243.00,66.310000,28.630000,0.00,cifi0007.DBF
ABFS,10ABFS,F,SM,00,69,8,209.00,351,263.00,279.00,66.310000,28.630000,0.00,cifi0007.DBF
ABFS,10ABFS,F,SM,00,69,9,241.00,393,298.00,314.00,66.310000,28.630000,0.00,cifi0007.DBF
ABFS,10ABFS,F,SM,00,69,10,274.00,435,332.00,348.00,66.310000,28.630000,0.00,cifi0007.DBF
ABFS,10ABFS,F,SM,00,69,11,306.00,474,366.00,382.00,66.310000,28.630000,0.00,cifi0007.DBF
ABFS,10ABFS,F,SM,00,69,12,338.00,510,399.00,416.00,66.310000,28.630000,0.00,cifi0007.DBF
ABFS,10ABFS,F,SM,00,69,13,370.00,545,431.00,448.00,66.310000,28.630000,0.00,cifi0007.DBF
ABFS,10ABFS,F,SM,00,69,14,401.00,578,463.00,480.00,66.310000,28.630000,0.00,cifi0007.DBF
ABFS,10ABFS,F,SM,00,69,15,431.00,607,493.00,511.00,66.310000,28.630000,0.00,cifi0007.DBF
ABFS,10ABFS,F,SM,00,69,16,460.00,635,521.00,540.00,66.310000,28.630000,0.00,cifi0007.DBF
ABFS,10ABFS,F,SM,00,69,17,488.00,661,548.00,568.00,66.310000,28.630000,0.00,cifi0007.DBF
ABFS,10ABFS,F,SM,00,69,18,514.00,684,573.00,594.00,66.310000,28.630000,0.00,cifi0007.DBF
ABFS,10ABFS,F,SM,00,69,19,540.00,706,598.00,619.00,66.310000,28.630000,0.00,cifi0007.DBF
ABFS,10ABFS,F,SM,00,69,20,565.00,726,621.00,643.00,66.310000,28.630000,0.00,cifi0007.DBF
ABFS,10ABFS,F,SM,00,69,21,590.00,746,644.00,666.00,66.310000,28.630000,0.00,cifi0007.DBF
ABFS,10ABFS,F,SM,00,69,22,615.00,766,667.00,689.00,66.310000,28.630000,0.00,cifi0007.DBF
ABFS,10ABFS,F,SM,00,69,23,641.00,785,691.00,712.00,66.310000,28.630000,0.00,cifi0007.DBF
ABFS,10ABFS,F,SM,00,69,24,668.00,805,715.00,736.00,66.310000,28.630000,0.00,cifi0007.DBF
ABFS,10ABFS,F,SM,00,69,25,697.00,825,740.00,761.00,66.310000,28.630000,0.00,cifi0007.DBF
ABFS,10ABFS,F,SM,00,69,26,729.00,846,769.00,788.00,66.310000,28.630000,0.00,cifi0007.DBF
ABFS,10ABFS,F,SM,00,69,27,764.00,869,799.00,817.00,66.310000,28.630000,0.00,cifi0007.DBF
ABFS,10ABFS,F,SM,00,69,28,802.00,892,832.00,849.00,66.310000,28.630000,0.00,cifi0007.DBF
ABFS,10ABFS,F,SM,00,69,29,842.00,916,865.00,882.00,66.310000,28.630000,0.00,cifi0007.DBF
ABFS,10ABFS,F,SM,00,69,30,881.00,939,891.00,911.00,66.310000,28.630000,0.00,cifi0007.DBF
ABFS,10ABFS,F,SM,00,70,1,0.00,0,0.00,15.00,70.680000,30.760000,0.00,cifi0007.DBF
ABFS,10ABFS,F,SM,00,70,2,10.00,20,40.00,55.00,70.680000,30.760000,0.00,cifi0007.DBF
ABFS,10ABFS,F,SM,00,70,3,45.00,86,80.00,95.00,70.680000,30.760000,0.00,cifi0007.DBF
ABFS,10ABFS,F,SM,00,70,4,80.00,147,120.00,135.00,70.680000,30.760000,0.00,cifi0007.DBF
ABFS,10ABFS,F,SM,00,70,5,115.00,205,159.00,175.00,70.680000,30.760000,0.00,cifi0007.DBF
ABFS,10ABFS,F,SM,00,70,6,150.00,259,197.00,213.00,70.680000,30.760000,0.00,cifi0007.DBF
ABFS,10ABFS,F,SM,00,70,7,184.00,309,234.00,251.00,70.680000,30.760000,0.00,cifi0007.DBF
ABFS,10ABFS,F,SM,00,70,8,217.00,354,270.00,287.00,70.680000,30.760000,0.00,cifi0007.DBF
ABFS,10ABFS,F,SM,00,70,9,251.00,399,306.00,323.00,70.680000,30.760000,0.00,cifi0007.DBF
ABFS,10ABFS,F,SM,00,70,10,284.00,440,341.00,359.00,70.680000,30.760000,0.00,cifi0007.DBF
ABFS,10ABFS,F,SM,00,70,11,317.00,479,375.00,393.00,70.680000,30.760000,0.00,cifi0007.DBF
ABFS,10ABFS,F,SM,00,70,12,350.00,516,409.00,427.00,70.680000,30.760000,0.00,cifi0007.DBF
ABFS,10ABFS,F,SM,00,70,13,382.00,550,441.00,460.00,70.680000,30.760000,0.00,cifi0007.DBF
ABFS,10ABFS,F,SM,00,70,14,413.00,582,472.00,492.00,70.680000,30.760000,0.00,cifi0007.DBF
ABFS,10ABFS,F,SM,00,70,15,443.00,612,502.00,522.00,70.680000,30.760000,0.00,cifi0007.DBF
ABFS,10ABFS,F,SM,00,70,16,472.00,639,530.00,551.00,70.680000,30.760000,0.00,cifi0007.DBF
ABFS,10ABFS,F,SM,00,70,17,499.00,664,556.00,578.00,70.680000,30.760000,0.00,cifi0007.DBF
ABFS,10ABFS,F,SM,00,70,18,525.00,686,582.00,604.00,70.680000,30.760000,0.00,cifi0007.DBF
ABFS,10ABFS,F,SM,00,70,19,551.00,708,606.00,629.00,70.680000,30.760000,0.00,cifi0007.DBF
ABFS,10ABFS,F,SM,00,70,20,577.00,730,630.00,653.00,70.680000,30.760000,0.00,cifi0007.DBF
ABFS,10ABFS,F,SM,00,70,21,603.00,751,654.00,677.00,70.680000,30.760000,0.00,cifi0007.DBF
ABFS,10ABFS,F,SM,00,70,22,629.00,770,678.00,701.00,70.680000,30.760000,0.00,cifi0007.DBF
ABFS,10ABFS,F,SM,00,70,23,657.00,791,703.00,726.00,70.680000,30.760000,0.00,cifi0007.DBF
ABFS,10ABFS,F,SM,00,70,24,687.00,813,730.00,752.00,70.680000,30.760000,0.00,cifi0007.DBF
ABFS,10ABFS,F,SM,00,70,25,721.00,837,759.00,780.00,70.680000,30.760000,0.00,cifi0007.DBF
ABFS,10ABFS,F,SM,00,70,26,757.00,861,791.00,810.00,70.680000,30.760000,0.00,cifi0007.DBF
ABFS,10ABFS,F,SM,00,70,27,796.00,886,825.00,843.00,70.680000,30.760000,0.00,cifi0007.DBF
ABFS,10ABFS,F,SM,00,70,28,837.00,911,860.00,878.00,70.680000,30.760000,0.00,cifi0007.DBF
ABFS,10ABFS,F,SM,00,70,29,877.00,935,886.00,908.00,70.680000,30.760000,0.00,cifi0007.DBF
ABFS,10ABFS,F,SM,00,71,1,0.00,0,0.00,17.00,75.440000,33.510000,0.00,cifi0007.DBF
ABFS,10ABFS,F,SM,00,71,2,13.00,25,42.00,59.00,75.440000,33.510000,0.00,cifi0007.DBF
ABFS,10ABFS,F,SM,00,71,3,50.00,92,83.00,100.00,75.440000,33.510000,0.00,cifi0007.DBF
ABFS,10ABFS,F,SM,00,71,4,86.00,153,124.00,141.00,75.440000,33.510000,0.00,cifi0007.DBF
ABFS,10ABFS,F,SM,00,71,5,121.00,209,163.00,181.00,75.440000,33.510000,0.00,cifi0007.DBF
ABFS,10ABFS,F,SM,00,71,6,157.00,263,202.00,220.00,75.440000,33.510000,0.00,cifi0007.DBF
ABFS,10ABFS,F,SM,00,71,7,191.00,312,239.00,258.00,75.440000,33.510000,0.00,cifi0007.DBF
ABFS,10ABFS,F,SM,00,71,8,226.00,359,277.00,296.00,75.440000,33.510000,0.00,cifi0007.DBF
ABFS,10ABFS,F,SM,00,71,9,260.00,403,313.00,333.00,75.440000,33.510000,0.00,cifi0007.DBF
ABFS,10ABFS,F,SM,00,71,10,295.00,445,349.00,369.00,75.440000,33.510000,0.00,cifi0007.DBF
ABFS,10ABFS,F,SM,00,71,11,328.00,483,384.00,404.00,75.440000,33.510000,0.00,cifi0007.DBF
ABFS,10ABFS,F,SM,00,71,12,361.00,520,418.00,439.00,75.440000,33.510000,0.00,cifi0007.DBF
ABFS,10ABFS,F,SM,00,71,13,394.00,555,450.00,472.00,75.440000,33.510000,0.00,cifi0007.DBF
ABFS,10ABFS,F,SM,00,71,14,424.00,585,481.00,503.00,75.440000,33.510000,0.00,cifi0007.DBF
ABFS,10ABFS,F,SM,00,71,15,454.00,615,510.00,533.00,75.440000,33.510000,0.00,cifi0007.DBF
ABFS,10ABFS,F,SM,00,71,16,482.00,641,538.00,562.00,75.440000,33.510000,0.00,cifi0007.DBF
ABFS,10ABFS,F,SM,00,71,17,510.00,667,564.00,589.00,75.440000,33.510000,0.00,cifi0007.DBF
ABFS,10ABFS,F,SM,00,71,18,536.00,689,590.00,615.00,75.440000,33.510000,0.00,cifi0007.DBF
ABFS,10ABFS,F,SM,00,71,19,563.00,712,615.00,640.00,75.440000,33.510000,0.00,cifi0007.DBF
ABFS,10ABFS,F,SM,00,71,20,590.00,734,640.00,665.00,75.440000,33.510000,0.00,cifi0007.DBF
ABFS,10ABFS,F,SM,00,71,21,617.00,756,665.00,690.00,75.440000,33.510000,0.00,cifi0007.DBF
ABFS,10ABFS,F,SM,00,71,22,646.00,778,691.00,716.00,75.440000,33.510000,0.00,cifi0007.DBF
ABFS,10ABFS,F,SM,00,71,23,677.00,801,719.00,743.00,75.440000,33.510000,0.00,cifi0007.DBF
ABFS,10ABFS,F,SM,00,71,24,711.00,825,749.00,772.00,75.440000,33.510000,0.00,cifi0007.DBF
ABFS,10ABFS,F,SM,00,71,25,749.00,852,783.00,804.00,75.440000,33.510000,0.00,cifi0007.DBF
ABFS,10ABFS,F,SM,00,71,26,789.00,878,818.00,838.00,75.440000,33.510000,0.00,cifi0007.DBF
ABFS,10ABFS,F,SM,00,71,27,831.00,905,854.00,874.00,75.440000,33.510000,0.00,cifi0007.DBF
ABFS,10ABFS,F,SM,00,71,28,873.00,930,881.00,905.00,75.440000,33.510000,0.00,cifi0007.DBF
ABFS,10ABFS,F,SM,00,72,1,0.00,0,0.00,18.00,80.620000,36.920000,0.00,cifi0007.DBF
ABFS,10ABFS,F,SM,00,72,2,16.00,30,43.00,62.00,80.620000,36.920000,0.00,cifi0007.DBF
ABFS,10ABFS,F,SM,00,72,3,53.00,95,85.00,104.00,80.620000,36.920000,0.00,cifi0007.DBF
ABFS,10ABFS,F,SM,00,72,4,90.00,156,127.00,146.00,80.620000,36.920000,0.00,cifi0007.DBF
ABFS,10ABFS,F,SM,00,72,5,127.00,213,167.00,187.00,80.620000,36.920000,0.00,cifi0007.DBF
ABFS,10ABFS,F,SM,00,72,6,163.00,266,206.00,227.00,80.620000,36.920000,0.00,cifi0007.DBF
ABFS,10ABFS,F,SM,00,72,7,199.00,316,245.00,266.00,80.620000,36.920000,0.00,cifi0007.DBF
ABFS,10ABFS,F,SM,00,72,8,234.00,362,283.00,304.00,80.620000,36.920000,0.00,cifi0007.DBF
ABFS,10ABFS,F,SM,00,72,9,270.00,408,320.00,342.00,80.620000,36.920000,0.00,cifi0007.DBF
ABFS,10ABFS,F,SM,00,72,10,305.00,450,357.00,379.00,80.620000,36.920000,0.00,cifi0007.DBF
ABFS,10ABFS,F,SM,00,72,11,339.00,488,392.00,415.00,80.620000,36.920000,0.00,cifi0007.DBF
ABFS,10ABFS,F,SM,00,72,12,372.00,524,426.00,449.00,80.620000,36.920000,0.00,cifi0007.DBF
ABFS,10ABFS,F,SM,00,72,13,404.00,558,458.00,482.00,80.620000,36.920000,0.00,cifi0007.DBF
ABFS,10ABFS,F,SM,00,72,14,435.00,589,489.00,514.00,80.620000,36.920000,0.00,cifi0007.DBF
ABFS,10ABFS,F,SM,00,72,15,464.00,617,518.00,544.00,80.620000,36.920000,0.00,cifi0007.DBF
ABFS,10ABFS,F,SM,00,72,16,492.00,643,545.00,572.00,80.620000,36.920000,0.00,cifi0007.DBF
ABFS,10ABFS,F,SM,00,72,17,520.00,669,572.00,599.00,80.620000,36.920000,0.00,cifi0007.DBF
ABFS,10ABFS,F,SM,00,72,18,548.00,693,598.00,625.00,80.620000,36.920000,0.00,cifi0007.DBF
ABFS,10ABFS,F,SM,00,72,19,575.00,716,624.00,651.00,80.620000,36.920000,0.00,cifi0007.DBF
ABFS,10ABFS,F,SM,00,72,20,604.00,740,650.00,677.00,80.620000,36.920000,0.00,cifi0007.DBF
ABFS,10ABFS,F,SM,00,72,21,633.00,762,677.00,704.00,80.620000,36.920000,0.00,cifi0007.DBF
ABFS,10ABFS,F,SM,00,72,22,666.00,788,706.00,732.00,80.620000,36.920000,0.00,cifi0007.DBF
ABFS,10ABFS,F,SM,00,72,23,701.00,814,738.00,762.00,80.620000,36.920000,0.00,cifi0007.DBF
ABFS,10ABFS,F,SM,00,72,24,740.00,842,773.00,796.00,80.620000,36.920000,0.00,cifi0007.DBF
ABFS,10ABFS,F,SM,00,72,25,782.00,870,810.00,832.00,80.620000,36.920000,0.00,cifi0007.DBF
ABFS,10ABFS,F,SM,00,72,26,825.00,898,847.00,869.00,80.620000,36.920000,0.00,cifi0007.DBF
ABFS,10ABFS,F,SM,00,72,27,868.00,925,876.00,902.00,80.620000,36.920000,0.00,cifi0007.DBF
ABFS,10ABFS,F,SM,00,73,1,0.00,0,0.00,21.00,86.200000,41.080000,0.00,cifi0007.DBF
ABFS,10ABFS,F,SM,00,73,2,18.00,32,44.00,65.00,86.200000,41.080000,0.00,cifi0007.DBF
ABFS,10ABFS,F,SM,00,73,3,57.00,99,87.00,109.00,86.200000,41.080000,0.00,cifi0007.DBF
ABFS,10ABFS,F,SM,00,73,4,95.00,160,129.00,151.00,86.200000,41.080000,0.00,cifi0007.DBF
ABFS,10ABFS,F,SM,00,73,5,132.00,216,170.00,193.00,86.200000,41.080000,0.00,cifi0007.DBF
ABFS,10ABFS,F,SM,00,73,6,169.00,269,211.00,234.00,86.200000,41.080000,0.00,cifi0007.DBF
ABFS,10ABFS,F,SM,00,73,7,206.00,319,251.00,274.00,86.200000,41.080000,0.00,cifi0007.DBF
ABFS,10ABFS,F,SM,00,73,8,243.00,367,290.00,314.00,86.200000,41.080000,0.00,cifi0007.DBF
ABFS,10ABFS,F,SM,00,73,9,279.00,411,328.00,352.00,86.200000,41.080000,0.00,cifi0007.DBF
ABFS,10ABFS,F,SM,00,73,10,315.00,454,365.00,390.00,86.200000,41.080000,0.00,cifi0007.DBF
ABFS,10ABFS,F,SM,00,73,11,349.00,492,400.00,426.00,86.200000,41.080000,0.00,cifi0007.DBF
ABFS,10ABFS,F,SM,00,73,12,382.00,527,434.00,460.00,86.200000,41.080000,0.00,cifi0007.DBF
ABFS,10ABFS,F,SM,00,73,13,414.00,561,466.00,493.00,86.200000,41.080000,0.00,cifi0007.DBF
ABFS,10ABFS,F,SM,00,73,14,444.00,591,496.00,524.00,86.200000,41.080000,0.00,cifi0007.DBF
ABFS,10ABFS,F,SM,00,73,15,474.00,620,525.00,554.00,86.200000,41.080000,0.00,cifi0007.DBF
ABFS,10ABFS,F,SM,00,73,16,502.00,645,552.00,582.00,86.200000,41.080000,0.00,cifi0007.DBF
ABFS,10ABFS,F,SM,00,73,17,531.00,672,580.00,609.00,86.200000,41.080000,0.00,cifi0007.DBF
ABFS,10ABFS,F,SM,00,73,18,560.00,697,607.00,637.00,86.200000,41.080000,0.00,cifi0007.DBF
ABFS,10ABFS,F,SM,00,73,19,589.00,721,634.00,664.00,86.200000,41.080000,0.00,cifi0007.DBF
ABFS,10ABFS,F,SM,00,73,20,620.00,747,663.00,692.00,86.200000,41.080000,0.00,cifi0007.DBF
ABFS,10ABFS,F,SM,00,73,21,653.00,773,693.00,721.00,86.200000,41.080000,0.00,cifi0007.DBF
ABFS,10ABFS,F,SM,00,73,22,690.00,801,727.00,753.00,86.200000,41.080000,0.00,cifi0007.DBF
ABFS,10ABFS,F,SM,00,73,23,730.00,830,763.00,788.00,86.200000,41.080000,0.00,cifi0007.DBF
ABFS,10ABFS,F,SM,00,73,24,774.00,861,801.00,825.00,86.200000,41.080000,0.00,cifi0007.DBF
ABFS,10ABFS,F,SM,00,73,25,819.00,891,840.00,864.00,86.200000,41.080000,0.00,cifi0007.DBF
ABFS,10ABFS,F,SM,00,73,26,863.00,920,871.00,899.00,86.200000,41.080000,0.00,cifi0007.DBF
ABFS,10ABFS,F,SM,00,74,1,0.00,0,0.00,23.00,92.180000,45.930000,0.00,cifi0007.DBF
ABFS,10ABFS,F,SM,00,74,2,21.00,37,45.00,69.00,92.180000,45.930000,0.00,cifi0007.DBF
ABFS,10ABFS,F,SM,00,74,3,60.00,101,89.00,113.00,92.180000,45.930000,0.00,cifi0007.DBF
ABFS,10ABFS,F,SM,00,74,4,99.00,162,132.00,157.00,92.180000,45.930000,0.00,cifi0007.DBF
ABFS,10ABFS,F,SM,00,74,5,137.00,218,174.00,199.00,92.180000,45.930000,0.00,cifi0007.DBF
ABFS,10ABFS,F,SM,00,74,6,175.00,271,216.00,241.00,92.180000,45.930000,0.00,cifi0007.DBF
ABFS,10ABFS,F,SM,00,74,7,214.00,323,257.00,283.00,92.180000,45.930000,0.00,cifi0007.DBF
ABFS,10ABFS,F,SM,00,74,8,251.00,370,297.00,323.00,92.180000,45.930000,0.00,cifi0007.DBF
ABFS,10ABFS,F,SM,00,74,9,288.00,415,335.00,362.00,92.180000,45.930000,0.00,cifi0007.DBF
ABFS,10ABFS,F,SM,00,74,10,324.00,457,373.00,400.00,92.180000,45.930000,0.00,cifi0007.DBF
ABFS,10ABFS,F,SM,00,74,11,358.00,494,408.00,437.00,92.180000,45.930000,0.00,cifi0007.DBF
ABFS,10ABFS,F,SM,00,74,12,391.00,530,441.00,471.00,92.180000,45.930000,0.00,cifi0007.DBF
ABFS,10ABFS,F,SM,00,74,13,423.00,563,472.00,503.00,92.180000,45.930000,0.00,cifi0007.DBF
ABFS,10ABFS,F,SM,00,74,14,453.00,592,503.00,534.00,92.180000,45.930000,0.00,cifi0007.DBF
ABFS,10ABFS,F,SM,00,74,15,483.00,621,532.00,564.00,92.180000,45.930000,0.00,cifi0007.DBF
ABFS,10ABFS,F,SM,00,74,16,513.00,649,560.00,592.00,92.180000,45.930000,0.00,cifi0007.DBF
ABFS,10ABFS,F,SM,00,74,17,543.00,676,589.00,621.00,92.180000,45.930000,0.00,cifi0007.DBF
ABFS,10ABFS,F,SM,00,74,18,573.00,702,617.00,649.00,92.180000,45.930000,0.00,cifi0007.DBF
ABFS,10ABFS,F,SM,00,74,19,605.00,729,647.00,678.00,92.180000,45.930000,0.00,cifi0007.DBF
ABFS,10ABFS,F,SM,00,74,20,640.00,757,679.00,709.00,92.180000,45.930000,0.00,cifi0007.DBF
ABFS,10ABFS,F,SM,00,74,21,678.00,787,714.00,743.00,92.180000,45.930000,0.00,cifi0007.DBF
ABFS,10ABFS,F,SM,00,74,22,720.00,819,752.00,779.00,92.180000,45.930000,0.00,cifi0007.DBF
ABFS,10ABFS,F,SM,00,74,23,765.00,851,792.00,818.00,92.180000,45.930000,0.00,cifi0007.DBF
ABFS,10ABFS,F,SM,00,74,24,812.00,884,833.00,859.00,92.180000,45.930000,0.00,cifi0007.DBF
ABFS,10ABFS,F,SM,00,74,25,858.00,914,865.00,895.00,92.180000,45.930000,0.00,cifi0007.DBF
ABFS,10ABFS,F,SM,00,75,1,0.00,0,0.00,26.00,98.570000,51.330000,0.00,cifi0007.DBF
ABFS,10ABFS,F,SM,00,75,2,23.00,39,46.00,72.00,98.570000,51.330000,0.00,cifi0007.DBF
ABFS,10ABFS,F,SM,00,75,3,63.00,103,91.00,118.00,98.570000,51.330000,0.00,cifi0007.DBF
ABFS,10ABFS,F,SM,00,75,4,103.00,164,135.00,162.00,98.570000,51.330000,0.00,cifi0007.DBF
ABFS,10ABFS,F,SM,00,75,5,143.00,222,179.00,206.00,98.570000,51.330000,0.00,cifi0007.DBF
ABFS,10ABFS,F,SM,00,75,6,183.00,277,222.00,250.00,98.570000,51.330000,0.00,cifi0007.DBF
ABFS,10ABFS,F,SM,00,75,7,222.00,327,263.00,292.00,98.570000,51.330000,0.00,cifi0007.DBF
ABFS,10ABFS,F,SM,00,75,8,260.00,375,304.00,333.00,98.570000,51.330000,0.00,cifi0007.DBF
ABFS,10ABFS,F,SM,00,75,9,297.00,419,343.00,373.00,98.570000,51.330000,0.00,cifi0007.DBF
ABFS,10ABFS,F,SM,00,75,10,333.00,460,380.00,411.00,98.570000,51.330000,0.00,cifi0007.DBF
ABFS,10ABFS,F,SM,00,75,11,367.00,497,415.00,447.00,98.570000,51.330000,0.00,cifi0007.DBF
ABFS,10ABFS,F,SM,00,75,12,400.00,532,448.00,481.00,98.570000,51.330000,0.00,cifi0007.DBF
ABFS,10ABFS,F,SM,00,75,13,432.00,565,479.00,513.00,98.570000,51.330000,0.00,cifi0007.DBF
ABFS,10ABFS,F,SM,00,75,14,463.00,595,510.00,544.00,98.570000,51.330000,0.00,cifi0007.DBF
ABFS,10ABFS,F,SM,00,75,15,494.00,625,540.00,574.00,98.570000,51.330000,0.00,cifi0007.DBF
ABFS,10ABFS,F,SM,00,75,16,525.00,654,569.00,604.00,98.570000,51.330000,0.00,cifi0007.DBF
ABFS,10ABFS,F,SM,00,75,17,556.00,681,599.00,633.00,98.570000,51.330000,0.00,cifi0007.DBF
ABFS,10ABFS,F,SM,00,75,18,590.00,711,630.00,664.00,98.570000,51.330000,0.00,cifi0007.DBF
ABFS,10ABFS,F,SM,00,75,19,626.00,741,664.00,696.00,98.570000,51.330000,0.00,cifi0007.DBF
ABFS,10ABFS,F,SM,00,75,20,665.00,772,700.00,731.00,98.570000,51.330000,0.00,cifi0007.DBF
ABFS,10ABFS,F,SM,00,75,21,709.00,806,740.00,769.00,98.570000,51.330000,0.00,cifi0007.DBF
ABFS,10ABFS,F,SM,00,75,22,756.00,841,782.00,810.00,98.570000,51.330000,0.00,cifi0007.DBF
ABFS,10ABFS,F,SM,00,75,23,805.00,876,825.00,853.00,98.570000,51.330000,0.00,cifi0007.DBF
ABFS,10ABFS,F,SM,00,75,24,852.00,908,858.00,891.00,98.570000,51.330000,0.00,cifi0007.DBF
