MPOLICY,MBENTYP,MDATE,MBEN,_SRC,_POL
9010143726C,1,20180501,20.60,515,9010143726
9010143726C,1,20190501,20.78,515,9010143726
9010143726C,1,20200501,20.93,515,9010143726
9010143726C,1,20210501,21.00,515,9010143726
9010143726C,1,20220501,21.03,515,9010143726
9010143726C,1,20230501,20.95,515,9010143726
9010143726C,1,20240501,20.73,515,9010143726
9010143726C,1,20250501,20.28,515,9010143726
9010143726C,1,20260501,19.55,515,9010143726
9010148272C,3,20180801,8.21,514,9010148272
9010148272C,3,20190801,8.21,514,9010148272
9010148272C,3,20200801,8.28,514,9010148272
9010148272C,3,20210801,8.34,514,9010148272
9010148272C,3,20220801,8.38,514,9010148272
9010148272C,3,20230801,8.38,514,9010148272
9010148272C,3,20240801,8.35,514,9010148272
9010148272C,3,20250801,8.26,514,9010148272
9010148856C,3,20180801,8.35,514,9010148856
9010148856C,3,20190801,8.41,514,9010148856
9010148856C,3,20200801,8.44,514,9010148856
9010148856C,3,20210801,8.45,514,9010148856
9010148856C,3,20220801,8.42,514,9010148856
9010148856C,3,20230801,8.32,514,9010148856
9010148856C,3,20240801,8.15,514,9010148856
9010148856C,3,20250801,7.85,514,9010148856
9010150740C,3,20180901,12.77,514,9010150740
9010150740C,3,20190901,12.78,514,9010150740
9010150740C,3,20200901,12.72,514,9010150740
9010150740C,3,20210901,12.59,514,9010150740
9010150740C,3,20220901,12.32,514,9010150740
9010150910C,4,20180901,8.44,517,9010150910
9010150910C,4,20190901,8.47,517,9010150910
9010154425C,3,20181201,8.35,514,9010154425
9010154425C,3,20191201,8.03,514,9010154425
9010154425C,1,20201201,7.53,515,9010154425
9010157076C,3,20180201,8.27,514,9010157076
9010157076C,3,20190201,8.35,514,9010157076
9010157076C,3,20200201,8.41,514,9010157076
9010157076C,3,20210201,8.44,514,9010157076
9010157076C,3,20220201,8.45,514,9010157076
9010157076C,3,20230201,8.42,514,9010157076
9010157076C,3,20240201,8.32,514,9010157076
9010157076C,3,20250201,8.15,514,9010157076
9010157076C,3,20260201,7.85,514,9010157076
9010158001C,3,20180301,8.24,514,9010158001
9010158001C,3,20190301,8.24,514,9010158001
9010158001C,3,20200301,8.31,514,9010158001
9010158001C,3,20210301,8.37,514,9010158001
9010158001C,3,20220301,8.40,514,9010158001
9010158001C,3,20230301,8.41,514,9010158001
9010158001C,3,20240301,8.38,514,9010158001
9010158001C,3,20250301,8.29,514,9010158001
9010158001C,3,20260301,8.11,514,9010158001
9010161748C,3,20180501,20.50,514,9010161748
9010161748C,3,20190501,20.53,514,9010161748
9010161748C,3,20200501,20.53,514,9010161748
9010161748C,3,20210501,20.70,514,9010161748
9010161748C,3,20220501,20.85,514,9010161748
9010161748C,3,20230501,20.95,514,9010161748
9010161748C,3,20240501,20.95,514,9010161748
9010161748C,3,20250501,20.88,514,9010161748
9010161748C,3,20260501,20.65,514,9010161748
9010235370C,4,20180901,36.56,517,9010235370
9010235370C,4,20190901,37.62,517,9010235370
9010235370C,4,20200901,38.70,517,9010235370
9010235370C,1,20210901,39.82,515,9010235370
9010264207C,4,20181128,131.58,517,9010264207
9010264207C,4,20191128,135.59,517,9010264207
9010264207C,4,20201128,139.60,517,9010264207
9010264207C,4,20211128,143.70,517,9010264207
9010264207C,4,20221128,147.79,517,9010264207
9010264207C,4,20231128,151.89,517,9010264207
9010264207C,4,20241128,156.07,517,9010264207
9010264207C,4,20251128,160.34,517,9010264207
9010310404C,4,20180128,283.20,517,9010310404
9010310404C,4,20190128,289.65,517,9010310404
9010310404C,4,20200128,295.95,517,9010310404
9010310404C,4,20210128,302.40,517,9010310404
9010310404C,4,20220128,309.00,517,9010310404
9010310404C,4,20230128,315.45,517,9010310404
9010310404C,4,20240128,321.60,517,9010310404
9010310404C,4,20250128,327.75,517,9010310404
9010310404C,4,20260128,333.60,517,9010310404
9010331157C,3,20180717,220.20,514,9010331157
9010331768C,4,20180724,248.40,517,9010331768
9010331768C,4,20190724,255.45,517,9010331768
9010331768C,4,20200724,262.35,517,9010331768
9010331768C,4,20210724,269.10,517,9010331768
9010331768C,4,20220724,275.70,517,9010331768
9010331768C,4,20230724,282.00,517,9010331768
9010331768C,4,20240724,288.15,517,9010331768
9010331768C,4,20250724,294.15,517,9010331768
9010335095C,1,20191110,15.00,515,9010335095
9010346921C,3,20181118,29.92,514,9010346921
9010346921C,3,20191118,30.88,514,9010346921
9010346921C,3,20201118,31.82,514,9010346921
9010346921C,3,20211118,32.74,514,9010346921
9010346921C,3,20221118,33.70,514,9010346921
9010346921C,3,20231118,34.66,514,9010346921
9010346921C,3,20241118,35.64,514,9010346921
9010346921C,3,20251118,36.62,514,9010346921
9010348734C,1,20180113,51.20,515,9010348734
9010348734C,1,20190113,52.63,515,9010348734
9010348734C,1,20200113,54.05,515,9010348734
9010348734C,1,20210113,55.45,515,9010348734
9010348734C,1,20220113,56.85,515,9010348734
9010348734C,1,20230113,58.20,515,9010348734
9010348734C,1,20240113,59.53,515,9010348734
9010348734C,1,20250113,60.83,515,9010348734
9010348734C,1,20260113,62.10,515,9010348734
9010350577C,4,20180128,90.50,517,9010350577
9010350577C,4,20190128,94.00,517,9010350577
9010350577C,4,20200128,97.50,517,9010350577
9010350577C,4,20210128,101.10,517,9010350577
9010350577C,4,20220128,104.70,517,9010350577
9010350577C,4,20230128,108.40,517,9010350577
9010350577C,4,20240128,112.10,517,9010350577
9010350577C,4,20250128,115.90,517,9010350577
9010350577C,4,20260128,119.70,517,9010350577
9010360289C,4,20180515,79.78,517,9010360289
9010360289C,4,20190515,82.45,517,9010360289
9010360289C,4,20200515,85.11,517,9010360289
9010360289C,4,20210515,87.83,517,9010360289
9010360289C,4,20220515,90.50,517,9010360289
9010360289C,4,20230515,93.22,517,9010360289
9010360289C,4,20240515,95.88,517,9010360289
9010360289C,4,20250515,98.60,517,9010360289
9010360290C,4,20180515,77.16,517,9010360290
9010360290C,4,20190515,79.97,517,9010360290
9010360290C,4,20200515,82.78,517,9010360290
9010360290C,4,20210515,85.60,517,9010360290
9010360290C,4,20220515,88.46,517,9010360290
9010360290C,4,20230515,91.33,517,9010360290
9010360290C,4,20240515,94.26,517,9010360290
9010360290C,4,20250515,97.18,517,9010360290
9010363098C,4,20180602,119.90,517,9010363098
9010363098C,4,20190602,122.60,517,9010363098
9010363098C,4,20200602,125.25,517,9010363098
9010363098C,4,20210602,127.85,517,9010363098
9010363098C,4,20220602,130.40,517,9010363098
9010367131C,4,20180801,78.63,517,9010367131
9010367131C,4,20190801,81.35,517,9010367131
9010367131C,4,20200801,84.06,517,9010367131
9010367131C,4,20210801,86.78,517,9010367131
9010367131C,4,20220801,89.55,517,9010367131
9010367131C,4,20230801,92.32,517,9010367131
9010367131C,4,20240801,95.10,517,9010367131
9010367131C,4,20250801,97.87,517,9010367131
9010367132C,4,20180801,79.45,517,9010367132
9010367132C,4,20190801,82.22,517,9010367132
9010367132C,4,20200801,84.99,517,9010367132
9010367132C,4,20210801,87.76,517,9010367132
9010367132C,4,20220801,90.58,517,9010367132
9010367132C,4,20230801,93.36,517,9010367132
9010367132C,4,20240801,96.18,517,9010367132
9010367132C,4,20250801,99.01,517,9010367132
9010367133C,4,20180801,80.06,517,9010367133
9010367133C,4,20190801,82.65,517,9010367133
9010367133C,4,20200801,85.24,517,9010367133
9010367133C,4,20210801,87.88,517,9010367133
9010367133C,4,20220801,90.46,517,9010367133
9010367133C,4,20230801,93.05,517,9010367133
9010367133C,4,20240801,95.64,517,9010367133
9010367133C,4,20250801,98.23,517,9010367133
9010367704C,4,20180701,79.56,517,9010367704
9010367704C,4,20190701,81.99,517,9010367704
9010367704C,4,20200701,84.42,517,9010367704
9010367704C,4,20210701,86.85,517,9010367704
9010367704C,4,20220701,89.33,517,9010367704
9010367704C,4,20230701,91.81,517,9010367704
9010367704C,4,20240701,94.24,517,9010367704
9010367704C,4,20250701,96.72,517,9010367704
9010367705C,4,20180701,79.53,517,9010367705
9010367705C,4,20190701,82.23,517,9010367705
9010367705C,4,20200701,84.98,517,9010367705
9010367705C,4,20210701,87.74,517,9010367705
9010367705C,4,20220701,90.49,517,9010367705
9010367705C,4,20230701,93.24,517,9010367705
9010367705C,4,20240701,96.00,517,9010367705
9010368703C,4,20180801,164.62,517,9010368703
9010368703C,4,20190801,168.33,517,9010368703
9010368703C,4,20200801,171.97,517,9010368703
9010371171C,4,20180801,160.04,517,9010371171
9010371171C,4,20190801,163.45,517,9010371171
9010371171C,4,20200801,166.79,517,9010371171
9010371171C,4,20210801,170.20,517,9010371171
9010371171C,4,20220801,173.55,517,9010371171
9010371171C,4,20230801,176.89,517,9010371171
9010371356C,4,20180901,78.76,517,9010371356
9010371356C,4,20190901,81.03,517,9010371356
9010371356C,4,20200901,83.34,517,9010371356
9010371356C,4,20210901,85.61,517,9010371356
9010371356C,4,20220901,87.93,517,9010371356
9010371356C,4,20230901,90.20,517,9010371356
9010371356C,4,20240901,92.47,517,9010371356
9010371356C,4,20250901,94.70,517,9010371356
9010373918C,4,20181015,176.36,517,9010373918
9010373918C,4,20191015,182.25,517,9010373918
9010373918C,4,20201015,188.15,517,9010373918
9010374779C,4,20181015,128.70,517,9010374779
9010374837C,4,20181015,79.28,517,9010374837
9010374837C,4,20191015,81.58,517,9010374837
9010374837C,4,20201015,83.92,517,9010374837
9010374837C,4,20211015,86.26,517,9010374837
9010374837C,4,20221015,88.65,517,9010374837
9010374837C,4,20231015,90.95,517,9010374837
9010374837C,4,20241015,93.29,517,9010374837
9010374837C,4,20251015,95.63,517,9010374837
9010374838C,4,20181015,80.80,517,9010374838
9010374838C,4,20191015,83.36,517,9010374838
9010374838C,4,20201015,85.88,517,9010374838
9010374838C,4,20211015,88.44,517,9010374838
9010374838C,4,20221015,90.99,517,9010374838
9010374838C,4,20231015,93.55,517,9010374838
9010374838C,4,20241015,96.11,517,9010374838
9010374838C,4,20251015,98.67,517,9010374838
9010376522C,4,20181006,127.80,517,9010376522
9010376522C,4,20191006,132.20,517,9010376522
9010376522C,4,20201006,136.80,517,9010376522
9010376522C,4,20211006,141.40,517,9010376522
9010376529C,4,20181015,76.03,517,9010376529
9010378830C,3,20181024,169.40,514,9010378830
9010378830C,3,20191024,174.10,514,9010378830
9010378830C,3,20201024,178.60,514,9010378830
9010378830C,3,20211024,183.10,514,9010378830
9010378830C,3,20221024,187.30,514,9010378830
9010378830C,3,20231024,191.50,514,9010378830
9010378830C,3,20241024,195.60,514,9010378830
9010378830C,3,20251024,199.70,514,9010378830
9010379405C,4,20181101,187.10,517,9010379405
9010379405C,4,20191101,191.40,517,9010379405
9010379405C,4,20201101,195.70,517,9010379405
9010379405C,4,20211101,200.00,517,9010379405
9010379405C,4,20221101,204.40,517,9010379405
9010380049C,4,20181113,113.70,517,9010380049
9010380049C,4,20191113,117.70,517,9010380049
9010380049C,4,20201113,121.80,517,9010380049
9010380049C,4,20211113,125.90,517,9010380049
9010380049C,4,20221113,130.20,517,9010380049
9010380049C,4,20231113,134.50,517,9010380049
9010380049C,4,20241113,138.90,517,9010380049
9010380049C,4,20251113,143.50,517,9010380049
9010380627C,4,20181125,31.13,517,9010380627
9010380627C,4,20191125,32.05,517,9010380627
9010380627C,4,20201125,32.93,517,9010380627
9010380627C,4,20211125,33.80,517,9010380627
9010380627C,4,20221125,34.68,517,9010380627
9010380627C,4,20231125,35.55,517,9010380627
9010380627C,4,20241125,36.35,517,9010380627
9010380627C,4,20251125,37.13,517,9010380627
9010380808C,3,20181201,160.70,514,9010380808
9010380808C,3,20191201,165.60,514,9010380808
9010380808C,3,20201201,170.30,514,9010380808
9010380808C,3,20211201,174.90,514,9010380808
9010380808C,3,20221201,179.40,514,9010380808
9010380808C,3,20231201,183.80,514,9010380808
9010380808C,3,20241201,188.00,514,9010380808
9010380808C,3,20251201,192.10,514,9010380808
9010381745C,4,20180101,162.86,517,9010381745
9010381745C,4,20190101,168.91,517,9010381745
9010381745C,4,20200101,174.83,517,9010381745
9010382426C,3,20180112,180.10,514,9010382426
9010382426C,3,20190112,184.50,514,9010382426
9010382426C,3,20200112,188.80,514,9010382426
9010382426C,3,20210112,193.10,514,9010382426
9010382426C,3,20220112,197.30,514,9010382426
9010382426C,3,20230112,201.60,514,9010382426
9010382426C,3,20240112,206.00,514,9010382426
9010382426C,3,20250112,210.30,514,9010382426
9010382426C,3,20260112,214.40,514,9010382426
9010382931C,4,20180117,173.20,517,9010382931
9010382931C,4,20190117,177.90,517,9010382931
9010382931C,4,20200117,182.40,517,9010382931
9010382931C,4,20210117,186.70,517,9010382931
9010382931C,4,20220117,190.90,517,9010382931
9010385636C,4,20180209,274.05,517,9010385636
9010388767C,4,20180401,153.72,517,9010388767
9010388767C,4,20190401,157.08,517,9010388767
9010388767C,4,20200401,160.37,517,9010388767
9010388767C,4,20210401,163.66,517,9010388767
9010388767C,4,20220401,166.95,517,9010388767
9010388767C,4,20230401,170.24,517,9010388767
9010388767C,4,20240401,173.47,517,9010388767
9010388767C,4,20250401,176.70,517,9010388767
9010388767C,4,20260401,179.81,517,9010388767
9010389651C,4,20180501,292.84,517,9010389651
9010389651C,4,20190501,299.07,517,9010389651
9010389651C,4,20200501,305.08,517,9010389651
9010389651C,4,20210501,311.10,517,9010389651
9010389651C,4,20220501,316.89,517,9010389651
9010389651C,4,20230501,322.46,517,9010389651
9010389651C,4,20240501,328.04,517,9010389651
9010389802C,1,20180401,225.60,515,9010389802
9010389802C,1,20190401,229.10,515,9010389802
9010389802C,1,20200401,232.50,515,9010389802
9010390061C,4,20180501,76.43,517,9010390061
9010390061C,4,20190501,78.74,517,9010390061
9010390061C,4,20200501,81.01,517,9010390061
9010390061C,4,20210501,83.32,517,9010390061
9010390061C,4,20220501,85.59,517,9010390061
9010390061C,4,20230501,87.90,517,9010390061
9010390061C,4,20240501,90.18,517,9010390061
9010390061C,4,20250501,92.45,517,9010390061
9010390061C,4,20260501,94.68,517,9010390061
9010391004C,4,20180501,161.94,517,9010391004
9010391004C,4,20190501,165.91,517,9010391004
9010391004C,4,20200501,169.80,517,9010391004
9010391004C,4,20210501,173.62,517,9010391004
9010391004C,4,20220501,177.30,517,9010391004
9010391004C,4,20230501,180.91,517,9010391004
9010391004C,4,20240501,184.52,517,9010391004
9010391004C,4,20250501,188.06,517,9010391004
9010391004C,4,20260501,191.67,517,9010391004
9010391228C,4,20180421,75.35,517,9010391228
9010391228C,4,20190421,77.34,517,9010391228
9010391228C,4,20200421,79.55,517,9010391228
9010391228C,4,20210421,81.97,517,9010391228
9010391228C,4,20220421,84.23,517,9010391228
9010391228C,4,20230421,86.40,517,9010391228
9010391359C,4,20180426,31.62,517,9010391359
9010391359C,4,20190426,32.60,517,9010391359
9010391359C,4,20200426,33.58,517,9010391359
9010391359C,4,20210426,34.58,517,9010391359
9010391411C,4,20180601,128.64,517,9010391411
9010391411C,4,20190601,131.16,517,9010391411
9010391411C,4,20200601,133.64,517,9010391411
9010391422C,4,20180601,76.81,517,9010391422
9010391422C,4,20190601,79.08,517,9010391422
9010391582C,4,20180601,286.32,517,9010391582
9010391582C,4,20190601,292.21,517,9010391582
9010391582C,4,20200601,298.09,517,9010391582
9010391582C,4,20210601,303.77,517,9010391582
9010391582C,4,20220601,309.23,517,9010391582
9010391582C,4,20230601,314.70,517,9010391582
9010391679C,1,20180601,150.90,515,9010391679
9010391679C,1,20190601,154.14,515,9010391679
9010391679C,1,20200601,157.32,515,9010391679
9010391679C,1,20210601,160.57,515,9010391679
9010391679C,1,20220601,163.81,515,9010391679
9010391679C,1,20230601,166.99,515,9010391679
9010391679C,1,20240601,170.12,515,9010391679
9010391679C,1,20250601,173.24,515,9010391679
9010391679C,1,20260601,176.19,515,9010391679
9010391840C,4,20180601,77.34,517,9010391840
9010391840C,4,20190601,79.95,517,9010391840
9010391840C,4,20200601,82.56,517,9010391840
9010391840C,4,20210601,85.21,517,9010391840
9010391840C,4,20220601,87.82,517,9010391840
9010391840C,4,20230601,90.47,517,9010391840
9010391840C,4,20240601,93.18,517,9010391840
9010391840C,4,20250601,95.88,517,9010391840
9010391840C,4,20260601,98.59,517,9010391840
9010391895C,4,20180601,76.45,517,9010391895
9010391895C,4,20190601,78.76,517,9010391895
9010391895C,4,20200601,81.03,517,9010391895
9010391895C,4,20210601,83.34,517,9010391895
9010391895C,4,20220601,85.61,517,9010391895
9010391895C,4,20230601,87.93,517,9010391895
9010391895C,4,20240601,90.20,517,9010391895
9010391895C,4,20250601,92.47,517,9010391895
9010391895C,4,20260601,94.70,517,9010391895
9010392117C,4,20180601,264.55,517,9010392117
9010392117C,4,20190601,269.66,517,9010392117
9010392138C,4,20180601,269.53,517,9010392138
9010392138C,4,20190601,274.80,517,9010392138
9010392138C,4,20200601,279.99,517,9010392138
9010392138C,4,20231211,7329.17,517,9010392138
9010392763C,4,20180601,123.59,517,9010392763
9010393142C,4,20180701,156.57,517,9010393142
9010393142C,4,20190701,160.04,517,9010393142
9010393142C,4,20200701,163.45,517,9010393142
9010393142C,4,20210701,166.79,517,9010393142
9010393142C,4,20220701,170.20,517,9010393142
9010393142C,4,20230701,173.55,517,9010393142
9010393142C,4,20240701,176.89,517,9010393142
9010393142C,4,20250701,180.23,517,9010393142
9010393143C,4,20180701,77.48,517,9010393143
9010393143C,4,20190701,80.06,517,9010393143
9010393143C,4,20200701,82.65,517,9010393143
9010393143C,4,20210701,85.24,517,9010393143
9010393143C,4,20220701,87.88,517,9010393143
9010393143C,4,20230701,90.46,517,9010393143
9010393143C,4,20240701,93.05,517,9010393143
9010393143C,4,20250701,95.64,517,9010393143
9010393158C,4,20180701,150.90,517,9010393158
9010393158C,4,20190701,154.14,517,9010393158
9010393158C,4,20200701,157.32,517,9010393158
9010393401C,4,20180701,167.15,517,9010393401
9010393401C,4,20190701,171.79,517,9010393401
9010393401C,4,20200701,176.36,517,9010393401
9010393401C,4,20210701,180.84,517,9010393401
9010393401C,4,20220701,185.33,517,9010393401
9010393401C,4,20230701,189.65,517,9010393401
9010393401C,4,20240701,193.90,517,9010393401
9010393401C,4,20250701,197.98,517,9010393401
9010393899C,4,20180701,158.39,517,9010393899
9010393899C,4,20190701,162.03,517,9010393899
9010393899C,4,20200701,165.53,517,9010393899
9010393899C,4,20210701,169.04,517,9010393899
9010393899C,4,20220701,172.41,517,9010393899
9010393899C,4,20230701,175.85,517,9010393899
9010393899C,4,20240701,179.29,517,9010393899
9010393899C,4,20250701,182.60,517,9010393899
9010394249C,4,20180701,160.78,517,9010394249
9010394249C,4,20190701,164.62,517,9010394249
9010394249C,4,20200701,168.33,517,9010394249
9010394249C,4,20210701,171.97,517,9010394249
9010394249C,4,20220701,175.54,517,9010394249
9010394249C,4,20230701,179.04,517,9010394249
9010394249C,4,20240701,182.54,517,9010394249
9010394353C,4,20180701,165.26,517,9010394353
9010394353C,4,20190701,169.75,517,9010394353
9010394353C,4,20200701,174.16,517,9010394353
9010394353C,4,20210701,178.49,517,9010394353
9010394353C,4,20220701,182.75,517,9010394353
9010394353C,4,20230701,186.85,517,9010394353
9010394353C,4,20240701,190.87,517,9010394353
9010394353C,4,20250701,194.82,517,9010394353
9010395211C,4,20180801,167.15,517,9010395211
9010395211C,4,20190801,171.79,517,9010395211
9010395211C,4,20200801,176.36,517,9010395211
9010395211C,4,20210801,180.84,517,9010395211
9010395211C,4,20220801,185.33,517,9010395211
9010395211C,4,20230801,189.65,517,9010395211
9010395211C,4,20240801,193.90,517,9010395211
9010395211C,4,20250801,197.98,517,9010395211
9010395382C,4,20180801,286.32,517,9010395382
9010395382C,4,20190801,292.21,517,9010395382
9010395382C,4,20200801,298.09,517,9010395382
9010395382C,4,20210801,303.77,517,9010395382
9010395382C,4,20220801,309.23,517,9010395382
9010395382C,4,20230801,314.70,517,9010395382
9010395411C,1,20180801,142.40,515,9010395411
9010395411C,1,20190801,145.48,515,9010395411
9010395411C,1,20200801,148.45,515,9010395411
9010395411C,1,20210801,151.42,515,9010395411
9010395411C,1,20220801,154.34,515,9010395411
9010395411C,4,20230801,157.14,517,9010395411
9010395411C,4,20240801,159.85,517,9010395411
9010395411C,4,20250801,162.55,517,9010395411
9010395761C,4,20180801,203.15,517,9010395761
9010395879C,4,20180801,126.27,517,9010395879
9010395879C,4,20190801,128.70,517,9010395879
9010396147C,4,20180801,136.64,517,9010396147
9010396147C,4,20190801,139.44,517,9010396147
9010396147C,4,20200801,142.25,517,9010396147
9010396147C,4,20210801,144.96,517,9010396147
9010396147C,4,20220801,147.57,517,9010396147
9010396147C,4,20230801,150.18,517,9010396147
9010396186C,4,20180901,170.07,517,9010396186
9010396186C,4,20190901,175.25,517,9010396186
9010396186C,4,20200901,180.33,517,9010396186
9010396186C,4,20210901,185.51,517,9010396186
9010396186C,4,20220901,190.69,517,9010396186
9010396186C,4,20230901,195.96,517,9010396186
9010396186C,4,20240901,201.04,517,9010396186
9010396186C,4,20250901,206.22,517,9010396186
9010396425C,4,20180901,158.39,517,9010396425
9010396425C,4,20190901,162.03,517,9010396425
9010396425C,4,20200901,165.53,517,9010396425
9010396425C,4,20210901,169.04,517,9010396425
9010396425C,4,20220901,172.41,517,9010396425
9010396425C,4,20230901,175.85,517,9010396425
9010396425C,4,20240901,179.29,517,9010396425
9010396425C,4,20250901,182.67,517,9010396425
9010397118C,4,20180901,354.36,517,9010397118
9010397118C,4,20190901,364.56,517,9010397118
9010397118C,4,20200901,374.95,517,9010397118
9010397118C,4,20210901,385.15,517,9010397118
9010397118C,4,20220901,395.35,517,9010397118
9010397118C,4,20230901,405.55,517,9010397118
9010397118C,4,20240901,415.58,517,9010397118
9010397118C,4,20250901,425.41,517,9010397118
9010397493C,4,20180901,169.12,517,9010397493
9010397493C,4,20190901,173.99,517,9010397493
9010397493C,4,20200901,178.94,517,9010397493
9010397493C,4,20210901,183.81,517,9010397493
9010397493C,4,20220901,188.68,517,9010397493
9010397493C,4,20230901,193.55,517,9010397493
9010397493C,4,20240901,198.33,517,9010397493
9010397493C,4,20250901,203.03,517,9010397493
9010397528C,4,20180901,76.94,517,9010397528
9010397528C,4,20190901,79.28,517,9010397528
9010397528C,4,20200901,81.58,517,9010397528
9010397528C,4,20210901,83.93,517,9010397528
9010397528C,4,20220901,86.27,517,9010397528
9010397528C,4,20230901,88.65,517,9010397528
9010397528C,4,20240901,90.95,517,9010397528
9010397528C,2,20241114,90.95,516,9010397528
9010397528C,1,20250901,93.29,515,9010397528
9010397528C,1,20250901,93.29,515,9010397528
9010397528C,2,20250901,93.29,516,9010397528
9010397583C,4,20180901,255.05,517,9010397583
9010397583C,4,20190901,261.82,517,9010397583
9010397583C,4,20200901,268.36,517,9010397583
9010397583C,4,20210901,274.90,517,9010397583
9010397945C,4,20181001,123.59,517,9010397945
9010398274C,4,20181001,167.15,517,9010398274
9010398274C,4,20191001,171.79,517,9010398274
9010398274C,4,20201001,176.36,517,9010398274
9010398274C,4,20211001,180.84,517,9010398274
9010398274C,4,20221001,185.33,517,9010398274
9010398274C,4,20231001,189.65,517,9010398274
9010398471C,4,20181001,169.00,517,9010398471
9010398471C,4,20191001,174.11,517,9010398471
9010398471C,4,20201001,179.13,517,9010398471
9010398471C,4,20211001,184.24,517,9010398471
9010398471C,4,20221001,189.26,517,9010398471
9010398471C,4,20231001,194.38,517,9010398471
9010398471C,4,20241001,199.40,517,9010398471
9010398471C,4,20251001,204.42,517,9010398471
9010398475C,4,20181001,145.23,517,9010398475
9010398475C,4,20191001,148.37,517,9010398475
9010398475C,4,20201001,151.45,517,9010398475
9010398475C,4,20211001,154.53,517,9010398475
9010398475C,4,20221001,157.56,517,9010398475
9010398475C,4,20231001,160.47,517,9010398475
9010398475C,4,20241001,163.38,517,9010398475
9010398475C,4,20251001,166.13,517,9010398475
9010399927C,4,20181101,158.39,517,9010399927
9010399927C,4,20191101,162.03,517,9010399927
9010399927C,4,20201101,165.53,517,9010399927
9010399927C,4,20211101,169.04,517,9010399927
9010399927C,4,20221101,172.41,517,9010399927
9010399927C,4,20231101,175.85,517,9010399927
9010399927C,4,20241101,179.29,517,9010399927
9010399927C,4,20251101,182.67,517,9010399927
9010400462C,4,20181101,165.26,517,9010400462
9010400462C,4,20191101,169.75,517,9010400462
9010400462C,4,20201101,174.16,517,9010400462
9010400462C,4,20211101,178.49,517,9010400462
9010401087C,4,20181101,167.15,517,9010401087
9010401087C,2,20191101,171.79,516,9010401087
9010401087C,2,20201101,176.36,516,9010401087
9010401087C,2,20211101,180.84,516,9010401087
9010401087C,2,20221101,185.33,516,9010401087
9010401087C,2,20231101,189.65,516,9010401087
9010401087C,2,20241101,193.90,516,9010401087
9010401087C,2,20251101,197.98,516,9010401087
9010401210C,4,20181101,167.71,517,9010401210
9010401210C,4,20191101,172.40,517,9010401210
9010401210C,4,20201101,177.17,517,9010401210
9010401210C,4,20211101,181.77,517,9010401210
9010401210C,4,20221101,186.38,517,9010401210
9010401210C,4,20231101,190.90,517,9010401210
9010401210C,4,20241101,195.34,517,9010401210
9010401210C,4,20251101,199.62,517,9010401210
9010402014C,4,20181101,158.39,517,9010402014
9010402014C,4,20191101,162.03,517,9010402014
9010402060C,1,20181201,160.78,515,9010402060
9010402060C,1,20191201,164.62,515,9010402060
9010402060C,1,20201201,168.33,515,9010402060
9010402060C,1,20211201,171.97,515,9010402060
9010402060C,1,20221201,175.54,515,9010402060
9010402061C,1,20181201,224.79,515,9010402061
9010402061C,1,20191201,229.64,515,9010402061
9010402061C,1,20201201,234.41,515,9010402061
9010402061C,1,20211201,239.18,515,9010402061
9010402061C,1,20221201,243.86,515,9010402061
9010402105C,4,20181201,252.87,517,9010402105
9010402105C,4,20191201,259.31,517,9010402105
9010402105C,4,20201201,265.64,517,9010402105
9010402105C,4,20211201,271.86,517,9010402105
9010402105C,4,20221201,277.85,517,9010402105
9010402105C,4,20231201,283.62,517,9010402105
9010402105C,4,20241201,289.38,517,9010402105
9010402105C,4,20251201,295.03,517,9010402105
9010403109C,1,20181201,160.78,515,9010403109
9010403109C,1,20191201,164.62,515,9010403109
9010403109C,1,20201201,168.33,515,9010403109
9010403109C,1,20211201,171.97,515,9010403109
9010403109C,1,20221201,175.54,515,9010403109
9010403109C,1,20231201,179.04,515,9010403109
9010403109C,1,20241201,182.54,515,9010403109
9010403109C,1,20251201,186.04,515,9010403109
9010403117C,4,20181201,69.92,517,9010403117
9010403117C,4,20191201,72.57,517,9010403117
9010403117C,4,20201201,75.34,517,9010403117
9010403117C,4,20211201,78.06,517,9010403117
9010403117C,4,20221201,80.89,517,9010403117
9010403117C,4,20231201,83.72,517,9010403117
9010403117C,4,20241201,86.55,517,9010403117
9010403117C,4,20251201,89.39,517,9010403117
9010403222C,4,20181201,139.76,517,9010403222
9010403222C,4,20191201,142.74,517,9010403222
9010403222C,4,20201201,145.61,517,9010403222
9010403222C,4,20211201,148.48,517,9010403222
9010403222C,4,20221201,151.24,517,9010403222
9010403222C,4,20231201,153.90,517,9010403222
9010403222C,4,20241201,156.56,517,9010403222
9010403516C,4,20181201,77.05,517,9010403516
9010403516C,4,20191201,79.72,517,9010403516
9010403516C,4,20201201,82.34,517,9010403516
9010403516C,4,20211201,85.01,517,9010403516
9010403516C,4,20221201,87.68,517,9010403516
9010403516C,4,20231201,90.35,517,9010403516
9010403516C,4,20241201,93.01,517,9010403516
9010403516C,4,20251201,95.78,517,9010403516
9010403789C,3,20181201,169.00,514,9010403789
9010403789C,3,20191201,174.11,514,9010403789
9010403789C,3,20201201,179.13,514,9010403789
9010403789C,3,20211201,184.24,514,9010403789
9010403789C,3,20221201,189.26,514,9010403789
9010403789C,3,20231201,194.38,514,9010403789
9010403789C,3,20241201,199.40,514,9010403789
9010403789C,3,20251201,204.42,514,9010403789
9010403922C,4,20181201,133.87,517,9010403922
9010403922C,4,20191201,136.62,517,9010403922
9010403922C,4,20201201,139.28,517,9010403922
9010403922C,4,20211201,141.84,517,9010403922
9010403922C,4,20221201,144.40,517,9010403922
9010404600C,4,20181201,331.86,517,9010404600
9010404600C,4,20191201,339.48,517,9010404600
9010404600C,4,20201201,346.83,517,9010404600
9010404600C,4,20211201,354.17,517,9010404600
9010404600C,4,20221201,361.24,517,9010404600
9010404600C,4,20231201,368.45,517,9010404600
9010404600C,4,20241201,375.66,517,9010404600
9010404600C,4,20251201,382.73,517,9010404600
9010405440C,4,20181228,158.19,517,9010405440
9010405440C,4,20191228,163.99,517,9010405440
9010405440C,4,20201228,169.91,517,9010405440
9010405440C,4,20211228,175.83,517,9010405440
9010405440C,4,20221228,181.99,517,9010405440
9010405440C,4,20231228,188.03,517,9010405440
9010405440C,4,20241228,194.07,517,9010405440
9010405440C,4,20251228,200.12,517,9010405440
9010405802C,3,20181228,292.84,514,9010405802
9010405802C,3,20191228,299.07,514,9010405802
9010405802C,3,20201228,305.08,514,9010405802
9010405802C,3,20211228,311.10,514,9010405802
9010405802C,3,20221228,316.89,514,9010405802
9010405802C,3,20231228,322.46,514,9010405802
9010405802C,3,20241228,328.04,514,9010405802
9010405858C,4,20181228,142.40,517,9010405858
9010405858C,4,20191228,145.48,517,9010405858
9010406576C,4,20180201,75.29,517,9010406576
9010406576C,4,20190201,77.80,517,9010406576
9010406576C,4,20200201,80.32,517,9010406576
9010406576C,4,20210201,82.84,517,9010406576
9010406576C,4,20220201,85.35,517,9010406576
9010406576C,4,20230201,87.87,517,9010406576
9010406576C,4,20240201,90.34,517,9010406576
9010406576C,4,20250201,92.85,517,9010406576
9010406576C,4,20260201,95.41,517,9010406576
9010407023C,3,20180208,168.40,514,9010407023
9010407023C,3,20190208,173.20,514,9010407023
9010407023C,3,20200208,177.90,514,9010407023
9010407023C,3,20210208,182.40,514,9010407023
9010407023C,3,20220208,186.70,514,9010407023
9010407023C,3,20230208,190.90,514,9010407023
9010407023C,3,20240208,195.10,514,9010407023
9010407023C,3,20250208,199.30,514,9010407023
9010407023C,3,20260208,203.50,514,9010407023
9010407533C,4,20180201,128.56,517,9010407533
9010407533C,4,20190201,131.26,517,9010407533
9010407533C,4,20200201,133.87,517,9010407533
9010407533C,4,20210201,136.39,517,9010407533
9010407533C,4,20220201,138.90,517,9010407533
9010407534C,4,20180201,74.26,517,9010407534
9010407534C,4,20190201,76.50,517,9010407534
9010407534C,4,20200201,78.70,517,9010407534
9010407534C,4,20210201,80.94,517,9010407534
9010407534C,4,20220201,83.14,517,9010407534
9010407534C,4,20230201,85.35,517,9010407534
9010407534C,4,20240201,87.55,517,9010407534
9010407534C,4,20250201,89.71,517,9010407534
9010407534C,4,20260201,91.84,517,9010407534
9010407925C,4,20180301,302.46,517,9010407925
9010407925C,4,20190301,309.00,517,9010407925
9010407925C,4,20200301,315.66,517,9010407925
9010407925C,4,20210301,322.19,517,9010407925
9010407925C,4,20220301,328.85,517,9010407925
9010407925C,4,20230301,335.39,517,9010407925
9010407925C,4,20240301,341.81,517,9010407925
9010407925C,4,20250301,348.11,517,9010407925
9010407925C,4,20260301,354.28,517,9010407925
9010408371C,4,20180301,133.73,517,9010408371
9010408371C,4,20190301,136.64,517,9010408371
9010408371C,4,20200301,139.44,517,9010408371
9010408371C,4,20210301,142.25,517,9010408371
9010408371C,4,20220301,144.96,517,9010408371
9010408371C,4,20230301,147.57,517,9010408371
9010408371C,4,20240301,150.18,517,9010408371
9010410616C,4,20180301,142.15,517,9010410616
9010410616C,4,20190301,145.23,517,9010410616
9010410616C,4,20200301,148.37,517,9010410616
9010410616C,4,20210301,151.45,517,9010410616
9010410616C,4,20220301,154.53,517,9010410616
9010410616C,4,20230301,157.56,517,9010410616
9010410616C,4,20240301,160.47,517,9010410616
9010410616C,4,20250301,163.38,517,9010410616
9010410616C,4,20260301,166.13,517,9010410616
9010411499C,4,20180301,142.15,517,9010411499
9010411499C,4,20190301,145.23,517,9010411499
9010411499C,4,20200301,148.37,517,9010411499
9010411577C,4,20180401,302.46,517,9010411577
9010411577C,4,20190401,309.00,517,9010411577
9010411577C,4,20200401,315.66,517,9010411577
9010411577C,4,20210401,322.19,517,9010411577
9010411577C,4,20220401,328.85,517,9010411577
9010411577C,4,20230401,335.39,517,9010411577
9010411577C,4,20240401,341.81,517,9010411577
9010411577C,4,20250401,348.11,517,9010411577
9010411577C,4,20260401,354.28,517,9010411577
9010411920C,4,20180224,151.20,517,9010411920
9010411920C,4,20190224,156.00,517,9010411920
9010411920C,4,20200224,160.70,517,9010411920
9010411920C,4,20210224,165.60,517,9010411920
9010411920C,4,20220224,170.30,517,9010411920
9010411920C,4,20230224,174.90,517,9010411920
9010411920C,4,20240224,179.40,517,9010411920
9010411920C,4,20250224,183.80,517,9010411920
9010411920C,4,20260224,188.00,517,9010411920
9010412522C,4,20180301,237.60,517,9010412522
9010412522C,4,20190301,243.12,517,9010412522
9010412525C,4,20180401,144.33,517,9010412525
9010412525C,4,20190401,147.45,517,9010412525
9010412525C,4,20200401,150.63,517,9010412525
9010412525C,4,20210401,153.75,517,9010412525
9010412525C,4,20220401,156.93,517,9010412525
9010412525C,4,20230401,160.05,517,9010412525
9010412525C,4,20240401,163.11,517,9010412525
9010412525C,4,20250401,166.12,517,9010412525
9010412525C,4,20260401,169.06,517,9010412525
9010412526C,4,20180401,131.11,517,9010412526
9010412526C,4,20190401,133.87,517,9010412526
9010412526C,4,20200401,136.62,517,9010412526
9010412640C,4,20180401,162.94,517,9010412640
9010412641C,2,20180401,164.07,516,9010412641
9010412641C,2,20190401,169.00,516,9010412641
9010412641C,2,20200401,174.11,516,9010412641
9010412641C,2,20210401,179.13,516,9010412641
9010412641C,2,20220401,184.24,516,9010412641
9010412641C,2,20230401,189.26,516,9010412641
9010412641C,2,20240401,194.38,516,9010412641
9010412641C,2,20250401,199.40,516,9010412641
9010412641C,2,20260401,204.42,516,9010412641
9010413421C,4,20180401,164.07,517,9010413421
9010413421C,4,20190401,169.00,517,9010413421
9010413421C,4,20200401,174.11,517,9010413421
9010413421C,4,20210401,179.13,517,9010413421
9010413421C,4,20220401,184.24,517,9010413421
9010413421C,4,20230401,189.26,517,9010413421
9010413421C,4,20240401,194.38,517,9010413421
9010413421C,4,20250401,199.40,517,9010413421
9010413421C,4,20260401,204.42,517,9010413421
9010413628C,4,20180401,142.15,517,9010413628
9010413628C,4,20190401,145.23,517,9010413628
9010413628C,4,20200401,148.37,517,9010413628
9010413628C,4,20210401,151.45,517,9010413628
9010413745C,3,20180313,155.40,514,9010413745
9010414235C,4,20180501,128.56,517,9010414235
9010414235C,4,20190501,131.26,517,9010414235
9010414235C,4,20200501,133.87,517,9010414235
9010415834C,4,20180501,131.11,517,9010415834
9010415834C,4,20190501,133.87,517,9010415834
9010415834C,4,20200501,136.62,517,9010415834
9010417200C,4,20180501,280.22,517,9010417200
9010417200C,4,20190501,286.32,517,9010417200
9010417200C,4,20200501,292.21,517,9010417200
9010417838C,4,20180501,150.31,517,9010417838
9010417838C,4,20190501,153.72,517,9010417838
9010417838C,4,20200501,157.08,517,9010417838
9010417838C,4,20210501,160.37,517,9010417838
9010417838C,4,20220501,163.66,517,9010417838
9010417838C,4,20230501,166.95,517,9010417838
9010417838C,4,20240501,170.24,517,9010417838
9010417838C,4,20250501,173.47,517,9010417838
9010417838C,4,20260501,176.70,517,9010417838
9010419054C,4,20180601,139.37,517,9010419054
9010419054C,4,20190601,142.40,517,9010419054
9010419054C,4,20200601,145.48,517,9010419054
9010419054C,4,20210601,148.45,517,9010419054
9010419054C,4,20220601,151.42,517,9010419054
9010419054C,4,20230601,154.34,517,9010419054
9010419054C,4,20240601,157.14,517,9010419054
9010419054C,4,20250601,159.85,517,9010419054
9010419054C,4,20260601,162.55,517,9010419054
9010420853C,4,20180601,147.59,517,9010420853
9010420853C,4,20190601,150.90,517,9010420853
9010420853C,4,20200601,154.14,517,9010420853
9010420853C,4,20210601,157.32,517,9010420853
9010420853C,4,20220601,160.57,517,9010420853
9010420853C,4,20230601,163.81,517,9010420853
9010420853C,4,20240601,166.99,517,9010420853
9010420853C,4,20250601,170.12,517,9010420853
9010420853C,4,20260601,173.24,517,9010420853
9010420983C,4,20180601,164.79,517,9010420983
9010420983C,4,20190601,169.80,517,9010420983
9010422033C,4,20180601,164.16,517,9010422033
9010422033C,4,20190601,169.12,517,9010422033
9010422033C,4,20200601,173.99,517,9010422033
9010422033C,4,20210601,178.94,517,9010422033
9010422221C,4,20180601,75.01,517,9010422221
9010422221C,4,20190601,77.55,517,9010422221
9010422221C,4,20200601,80.10,517,9010422221
9010422221C,4,20210601,82.69,517,9010422221
9010422221C,4,20220601,85.28,517,9010422221
9010422221C,4,20230601,87.88,517,9010422221
9010422221C,4,20240601,90.52,517,9010422221
9010422221C,4,20250601,93.21,517,9010422221
9010422221C,4,20260601,95.85,517,9010422221
9010422722C,4,20180701,152.97,517,9010422722
9010422722C,4,20190701,156.57,517,9010422722
9010422722C,4,20200701,160.04,517,9010422722
9010422722C,4,20210701,163.45,517,9010422722
9010422722C,4,20220701,166.79,517,9010422722
9010422722C,4,20230701,170.20,517,9010422722
9010422722C,4,20240701,173.55,517,9010422722
9010422722C,4,20250701,176.89,517,9010422722
9010422977C,4,20180524,292.20,517,9010422977
9010422977C,4,20190524,299.10,517,9010422977
9010422977C,4,20200524,305.85,517,9010422977
9010422977C,4,20210524,312.45,517,9010422977
9010422977C,4,20220524,318.75,517,9010422977
9010422977C,4,20230524,324.60,517,9010422977
9010422977C,4,20240524,330.30,517,9010422977
9010422977C,4,20250524,335.55,517,9010422977
9010422977C,4,20260524,340.65,517,9010422977
9010423540C,4,20180701,154.68,517,9010423540
9010423540C,4,20190701,158.39,517,9010423540
9010423540C,4,20200701,162.03,517,9010423540
9010423540C,4,20210701,165.53,517,9010423540
9010423540C,4,20220701,169.04,517,9010423540
9010423540C,4,20230701,172.41,517,9010423540
9010423540C,4,20240701,175.85,517,9010423540
9010423540C,4,20250701,179.29,517,9010423540
9010424798C,4,20180701,123.79,517,9010424798
9010424798C,4,20190701,126.27,517,9010424798
9010424798C,4,20200701,128.70,517,9010424798
9010425720C,4,20180701,183.20,517,9010425720
9010425845C,1,20180701,160.41,515,9010425845
9010425845C,1,20190701,164.78,515,9010425845
9010425845C,1,20200701,169.16,515,9010425845
9010425928C,4,20180701,142.15,517,9010425928
9010425928C,4,20190701,145.23,517,9010425928
9010425928C,4,20200701,148.37,517,9010425928
9010425928C,4,20210701,151.45,517,9010425928
9010425928C,4,20220701,154.53,517,9010425928
9010425928C,4,20230701,157.56,517,9010425928
9010425941C,4,20180613,155.40,517,9010425941
9010425941C,4,20190613,160.30,517,9010425941
9010425941C,4,20200613,165.10,517,9010425941
9010425941C,4,20210613,169.90,517,9010425941
9010425941C,4,20220613,174.50,517,9010425941
9010425941C,4,20230613,179.10,517,9010425941
9010425941C,4,20240613,183.50,517,9010425941
9010425941C,4,20250613,187.70,517,9010425941
9010425941C,4,20260613,191.90,517,9010425941
9010425944C,1,20180514,186.10,515,9010425944
9010425944C,1,20190514,190.50,515,9010425944
9010425944C,1,20200514,195.00,515,9010425944
9010425944C,1,20210514,199.50,515,9010425944
9010425944C,1,20220514,204.00,515,9010425944
9010425944C,1,20230514,208.30,515,9010425944
9010425944C,1,20240514,212.60,515,9010425944
9010425944C,1,20250514,216.60,515,9010425944
9010425944C,1,20260514,220.40,515,9010425944
9010426747C,4,20180701,205.50,517,9010426747
9010426747C,4,20190701,209.80,517,9010426747
9010426858C,4,20180801,163.58,517,9010426858
9010426859C,4,20180801,75.09,517,9010426859
9010426859C,4,20190801,77.47,517,9010426859
9010426859C,4,20200801,79.88,517,9010426859
9010426859C,4,20210801,82.21,517,9010426859
9010426859C,4,20220801,84.63,517,9010426859
9010426859C,4,20230801,87.00,517,9010426859
9010426859C,4,20240801,89.42,517,9010426859
9010426859C,4,20250801,91.83,517,9010426859
9010426961C,4,20180801,246.31,517,9010426961
9010426961C,4,20190801,252.87,517,9010426961
9010426961C,4,20200801,259.31,517,9010426961
9010426961C,4,20210801,265.64,517,9010426961
9010426961C,4,20220801,271.86,517,9010426961
9010426961C,4,20230801,277.85,517,9010426961
9010426961C,4,20240801,283.62,517,9010426961
9010426961C,4,20250801,289.38,517,9010426961
9010427456C,4,20180801,280.22,517,9010427456
9010427456C,4,20190801,286.32,517,9010427456
9010427456C,4,20200801,292.21,517,9010427456
9010427456C,4,20210801,298.09,517,9010427456
9010427456C,4,20220801,303.77,517,9010427456
9010427456C,4,20230801,309.23,517,9010427456
9010427456C,4,20240801,314.70,517,9010427456
9010427457C,4,20180801,123.79,517,9010427457
9010427457C,4,20190801,126.27,517,9010427457
9010427457C,4,20200801,128.70,517,9010427457
9010429064C,4,20180901,292.06,517,9010429064
9010429064C,4,20190901,298.40,517,9010429064
9010429064C,4,20200901,304.85,517,9010429064
9010429064C,4,20210901,311.07,517,9010429064
9010429064C,4,20220901,317.30,517,9010429064
9010429064C,4,20230901,323.41,517,9010429064
9010429066C,4,20180901,74.64,517,9010429066
9010429066C,4,20190901,76.94,517,9010429066
9010429066C,4,20200901,79.28,517,9010429066
9010429066C,4,20210901,81.58,517,9010429066
9010429066C,4,20220901,83.93,517,9010429066
9010429066C,4,20230901,86.27,517,9010429066
9010429066C,4,20240901,88.65,517,9010429066
9010429066C,4,20250901,90.95,517,9010429066
9010429259C,4,20180828,218.00,517,9010429259
9010429259C,4,20190828,221.80,517,9010429259
9010429558C,4,20180901,157.84,517,9010429558
9010429558C,1,20190901,161.94,515,9010429558
9010429558C,1,20200901,165.91,515,9010429558
9010429558C,1,20210901,169.80,515,9010429558
9010429558C,1,20210901,169.80,515,9010429558
9010429710C,4,20180901,142.15,517,9010429710
9010429710C,4,20190901,145.23,517,9010429710
9010429710C,4,20200901,148.37,517,9010429710
9010429710C,4,20210901,151.45,517,9010429710
9010429710C,4,20220901,154.53,517,9010429710
9010429711C,4,20180901,156.87,517,9010429711
9010429711C,4,20190901,160.78,517,9010429711
9010429711C,4,20200901,164.62,517,9010429711
9010429711C,4,20210901,168.33,517,9010429711
9010429711C,4,20220901,171.97,517,9010429711
9010429711C,4,20230901,175.54,517,9010429711
9010429711C,4,20240901,179.04,517,9010429711
9010429711C,4,20250901,182.54,517,9010429711
9010429958C,4,20181001,274.71,517,9010429958
9010429958C,4,20191001,280.48,517,9010429958
9010429958C,4,20201001,286.25,517,9010429958
9010429958C,4,20211001,291.82,517,9010429958
9010429958C,4,20221001,297.18,517,9010429958
9010429958C,4,20231001,302.55,517,9010429958
9010429965C,4,20181001,242.76,517,9010429965
9010429965C,4,20191001,248.81,517,9010429965
9010429965C,4,20201001,254.76,517,9010429965
9010429965C,4,20211001,260.50,517,9010429965
9010429965C,4,20221001,266.13,517,9010429965
9010429965C,4,20231001,271.66,517,9010429965
9010429965C,4,20241001,277.07,517,9010429965
9010429965C,4,20251001,282.49,517,9010429965
9010430017C,4,20181001,156.87,517,9010430017
9010430017C,4,20191001,160.78,517,9010430017
9010430017C,4,20201001,164.62,517,9010430017
9010430017C,4,20211001,168.33,517,9010430017
9010430017C,4,20221001,171.97,517,9010430017
9010430017C,4,20231001,175.54,517,9010430017
9010430017C,4,20241001,179.04,517,9010430017
9010430017C,4,20251001,182.54,517,9010430017
9010430023C,4,20181001,139.37,517,9010430023
9010430023C,4,20191001,142.40,517,9010430023
9010430023C,4,20201001,145.48,517,9010430023
9010430295C,4,20181001,73.34,517,9010430295
9010430295C,4,20191001,75.98,517,9010430295
9010430295C,4,20201001,78.68,517,9010430295
9010430295C,4,20211001,81.33,517,9010430295
9010430295C,4,20221001,83.98,517,9010430295
9010430296C,4,20181001,147.59,517,9010430296
9010430296C,4,20191001,150.90,517,9010430296
9010430296C,4,20201001,154.14,517,9010430296
9010430296C,4,20211001,157.32,517,9010430296
9010430296C,4,20221001,160.57,517,9010430296
9010430993C,4,20181001,160.41,517,9010430993
9010430993C,4,20191001,164.78,517,9010430993
9010430993C,4,20201001,169.16,517,9010430993
9010430993C,4,20211001,173.38,517,9010430993
9010430993C,4,20221001,177.61,517,9010430993
9010430993C,4,20231001,181.61,517,9010430993
9010430993C,4,20241001,185.61,517,9010430993
9010430993C,4,20251001,189.45,517,9010430993
9010431301C,4,20180925,421.00,517,9010431301
9010431301C,4,20190925,433.00,517,9010431301
9010431301C,4,20200925,444.75,517,9010431301
9010431301C,4,20210925,456.00,517,9010431301
9010431301C,4,20220925,466.75,517,9010431301
9010431301C,4,20230925,477.25,517,9010431301
9010431301C,4,20240925,487.75,517,9010431301
9010431301C,4,20250925,498.25,517,9010431301
9010431510C,4,20181101,223.40,517,9010431510
9010431510C,4,20191101,228.23,517,9010431510
9010431510C,4,20201101,233.14,517,9010431510
9010431510C,4,20211101,237.97,517,9010431510
9010431510C,4,20221101,242.89,517,9010431510
9010431510C,4,20231101,247.72,517,9010431510
9010431510C,4,20241101,252.46,517,9010431510
9010431510C,4,20251101,257.11,517,9010431510
9010432254C,4,20181101,198.97,517,9010432254
9010432254C,4,20191101,203.15,517,9010432254
9010432254C,4,20201101,207.19,517,9010432254
9010432254C,4,20211101,211.08,517,9010432254
9010432254C,4,20221101,214.97,517,9010432254
9010432414C,4,20181101,139.37,517,9010432414
9010432414C,4,20191101,142.40,517,9010432414
9010432414C,4,20201101,145.48,517,9010432414
9010432414C,4,20211101,148.45,517,9010432414
9010432414C,4,20221101,151.42,517,9010432414
9010432414C,4,20231101,154.34,517,9010432414
9010432414C,4,20241101,157.14,517,9010432414
9010432414C,4,20251101,159.85,517,9010432414
9010432631C,4,20181101,74.13,517,9010432631
9010432631C,4,20191101,76.83,517,9010432631
9010432631C,4,20201101,79.53,517,9010432631
9010432631C,4,20211101,82.23,517,9010432631
9010432631C,4,20221101,84.98,517,9010432631
9010432631C,4,20231101,87.74,517,9010432631
9010432631C,4,20241101,90.49,517,9010432631
9010432631C,4,20251101,93.24,517,9010432631
9010432782C,4,20181101,269.38,517,9010432782
9010432865C,4,20181101,320.50,517,9010432865
9010432865C,4,20191101,328.04,517,9010432865
9010432865C,4,20201101,335.32,517,9010432865
9010432865C,4,20211101,342.46,517,9010432865
9010432865C,4,20221101,349.46,517,9010432865
9010432865C,4,20231101,356.60,517,9010432865
9010432865C,4,20241101,363.61,517,9010432865
9010432866C,4,20181101,336.89,517,9010432866
9010432866C,4,20191101,346.29,517,9010432866
9010432866C,4,20201101,355.69,517,9010432866
9010432866C,4,20211101,364.93,517,9010432866
9010432866C,4,20221101,374.01,517,9010432866
9010432866C,4,20231101,382.93,517,9010432866
9010432866C,4,20241101,391.52,517,9010432866
9010433630C,4,20181201,74.75,517,9010433630
9010433630C,4,20191201,77.35,517,9010433630
9010433630C,4,20201201,79.95,517,9010433630
9010433630C,4,20211201,82.60,517,9010433630
9010433630C,4,20221201,85.26,517,9010433630
9010433630C,4,20231201,87.91,517,9010433630
9010433630C,4,20241201,90.56,517,9010433630
9010433630C,4,20251201,93.16,517,9010433630
9010434092C,4,20181201,121.20,517,9010434092
9010434092C,4,20191201,123.59,517,9010434092
9010434418C,4,20181110,76.70,517,9010434418
9010434418C,4,20191110,79.80,517,9010434418
9010434418C,4,20201110,83.00,517,9010434418
9010434418C,4,20211110,86.30,517,9010434418
9010434418C,4,20221110,89.70,517,9010434418
9010434418C,4,20231110,93.10,517,9010434418
9010434418C,4,20241110,96.70,517,9010434418
9010434418C,4,20251110,100.20,517,9010434418
9010434419C,1,20181201,142.15,515,9010434419
9010434419C,1,20191201,145.23,515,9010434419
9010434419C,1,20201201,148.37,515,9010434419
9010434419C,1,20211201,151.45,515,9010434419
9010434419C,1,20221201,154.53,515,9010434419
9010434419C,1,20231201,157.56,515,9010434419
9010434421C,4,20181201,157.84,517,9010434421
9010434421C,4,20191201,161.94,517,9010434421
9010434421C,4,20201201,165.91,517,9010434421
9010434421C,4,20211201,169.80,517,9010434421
9010434421C,4,20221201,173.62,517,9010434421
9010434421C,4,20231201,177.30,517,9010434421
9010434421C,4,20241201,180.91,517,9010434421
9010434421C,4,20251201,184.52,517,9010434421
9010434422C,4,20181201,191.57,517,9010434422
9010434422C,4,20191201,195.41,517,9010434422
9010434422C,4,20201201,199.18,517,9010434422
9010434424C,4,20181201,232.61,517,9010434424
9010434424C,4,20191201,237.90,517,9010434424
9010434424C,4,20201201,243.09,517,9010434424
9010434424C,4,20211201,248.18,517,9010434424
9010434424C,4,20221201,253.28,517,9010434424
9010434424C,4,20231201,258.37,517,9010434424
9010434544C,4,20181201,136.79,517,9010434544
9010434544C,4,20191201,139.76,517,9010434544
9010434544C,4,20201201,142.74,517,9010434544
9010434544C,4,20211201,145.61,517,9010434544
9010434544C,4,20221201,148.48,517,9010434544
9010434544C,4,20231201,151.24,517,9010434544
9010434544C,4,20241201,153.90,517,9010434544
9010434544C,4,20251201,156.56,517,9010434544
9010435244C,4,20180101,73.04,517,9010435244
9010435244C,4,20190101,75.52,517,9010435244
9010435244C,4,20200101,78.00,517,9010435244
9010435244C,4,20210101,80.52,517,9010435244
9010435244C,4,20220101,83.04,517,9010435244
9010435244C,4,20230101,85.61,517,9010435244
9010435244C,4,20240101,88.18,517,9010435244
9010435244C,4,20250101,90.75,517,9010435244
9010435244C,4,20260101,93.37,517,9010435244
9010435248C,4,20180101,130.82,517,9010435248
9010435609C,4,20180101,72.50,517,9010435609
9010435609C,4,20190101,74.88,517,9010435609
9010435609C,4,20200101,77.30,517,9010435609
9010435609C,4,20210101,79.72,517,9010435609
9010435609C,4,20220101,82.15,517,9010435609
9010435609C,4,20230101,84.53,517,9010435609
9010435609C,4,20240101,86.95,517,9010435609
9010435609C,4,20250101,89.38,517,9010435609
9010435609C,4,20260101,91.80,517,9010435609
9010435671C,3,20181207,336.80,514,9010435671
9010435671C,3,20191207,346.40,514,9010435671
9010435671C,3,20201207,355.80,514,9010435671
9010435671C,3,20211207,364.80,514,9010435671
9010435671C,3,20221207,373.40,514,9010435671
9010435671C,3,20231207,381.80,514,9010435671
9010435671C,3,20241207,390.20,514,9010435671
9010435671C,3,20251207,398.60,514,9010435671
9010435673C,3,20180118,23.38,514,9010435673
9010435673C,3,20190118,23.93,514,9010435673
9010435673C,3,20200118,24.48,514,9010435673
9010435673C,3,20210118,25.10,514,9010435673
9010435673C,3,20220118,25.75,514,9010435673
9010435673C,3,20230118,26.45,514,9010435673
9010435673C,3,20240118,27.30,514,9010435673
9010435673C,3,20250118,28.20,514,9010435673
9010435673C,3,20260118,29.00,514,9010435673
9010436044C,4,20180115,125.81,517,9010436044
9010436082C,4,20180115,150.84,517,9010436082
9010436082C,4,20190115,154.68,517,9010436082
9010436082C,4,20200115,158.39,517,9010436082
9010436082C,4,20210115,162.03,517,9010436082
9010436082C,4,20220115,165.53,517,9010436082
9010436082C,4,20230115,169.04,517,9010436082
9010436082C,4,20240115,172.41,517,9010436082
9010436082C,4,20250115,175.85,517,9010436082
9010436082C,4,20260115,179.29,517,9010436082
9010436083C,4,20180115,158.25,517,9010436083
9010436083C,4,20190115,162.94,517,9010436083
9010436083C,4,20200115,167.71,517,9010436083
9010436083C,4,20210115,172.40,517,9010436083
9010436083C,4,20220115,177.17,517,9010436083
9010436083C,4,20230115,181.77,517,9010436083
9010436083C,4,20240115,186.38,517,9010436083
9010436083C,4,20250115,190.90,517,9010436083
9010436083C,4,20260115,195.34,517,9010436083
9010436541C,4,20180201,158.68,517,9010436541
9010436541C,4,20190201,163.58,517,9010436541
9010436541C,4,20200201,168.32,517,9010436541
9010436541C,4,20210201,173.14,517,9010436541
9010436541C,4,20220201,177.96,517,9010436541
9010436541C,4,20230201,182.78,517,9010436541
9010436541C,4,20240201,187.51,517,9010436541
9010436541C,4,20250201,192.24,517,9010436541
9010436541C,4,20260201,196.81,517,9010436541
9010436782C,1,20180110,207.45,515,9010436782
9010436782C,1,20190110,214.35,515,9010436782
9010436782C,1,20200110,221.25,515,9010436782
9010436782C,1,20210110,228.45,515,9010436782
9010436782C,1,20220110,235.50,515,9010436782
9010436782C,1,20230110,242.55,515,9010436782
9010436782C,1,20240110,249.75,515,9010436782
9010436782C,1,20250110,256.65,515,9010436782
9010436782C,1,20260110,263.55,515,9010436782
9010436955C,4,20180215,118.77,517,9010436955
9010436955C,4,20190215,121.20,517,9010436955
9010436955C,4,20200215,123.59,517,9010436955
9010436959C,4,20180215,139.07,517,9010436959
9010436959C,4,20190215,142.15,517,9010436959
9010436959C,4,20200215,145.23,517,9010436959
9010436959C,4,20210215,148.37,517,9010436959
9010436959C,4,20220215,151.45,517,9010436959
9010436959C,4,20230215,154.53,517,9010436959
9010436959C,4,20240215,157.56,517,9010436959
9010436959C,4,20250215,160.47,517,9010436959
9010436959C,4,20260215,163.38,517,9010436959
9010437076C,4,20180215,153.66,517,9010437076
9010437076C,4,20190215,157.84,517,9010437076
9010437076C,4,20200215,161.94,517,9010437076
9010437076C,4,20210215,165.91,517,9010437076
9010437076C,4,20220215,169.80,517,9010437076
9010437076C,4,20230215,173.62,517,9010437076
9010437076C,4,20240215,177.30,517,9010437076
9010437076C,4,20250215,180.91,517,9010437076
9010437076C,4,20260215,184.52,517,9010437076
9010437232C,4,20180215,244.31,517,9010437232
9010437232C,4,20190215,251.49,517,9010437232
9010437232C,4,20200215,258.68,517,9010437232
9010437232C,4,20210215,265.87,517,9010437232
9010437232C,4,20220215,272.94,517,9010437232
9010437232C,4,20230215,279.88,517,9010437232
9010437232C,4,20240215,286.82,517,9010437232
9010437232C,4,20250215,293.51,517,9010437232
9010437232C,4,20260215,300.08,517,9010437232
9010437335C,4,20180215,128.26,517,9010437335
9010437335C,4,20190215,131.11,517,9010437335
9010437335C,4,20200215,133.87,517,9010437335
9010437335C,4,20210215,136.62,517,9010437335
9010437335C,4,20220215,139.28,517,9010437335
9010437335C,4,20230215,141.84,517,9010437335
9010437335C,4,20240215,144.40,517,9010437335
9010438063C,4,20180301,154.84,517,9010438063
9010438063C,4,20190301,159.15,517,9010438063
9010438063C,4,20200301,163.39,517,9010438063
9010438063C,4,20210301,167.55,517,9010438063
9010438063C,4,20220301,171.64,517,9010438063
9010438063C,4,20230301,175.66,517,9010438063
9010438063C,4,20240301,179.53,517,9010438063
9010438063C,4,20250301,183.26,517,9010438063
9010438063C,4,20260301,186.98,517,9010438063
9010438073C,4,20180301,155.96,517,9010438073
9010438073C,4,20190301,160.41,517,9010438073
9010438073C,4,20200301,164.78,517,9010438073
9010438073C,4,20210301,169.16,517,9010438073
9010438073C,4,20220301,173.38,517,9010438073
9010438073C,4,20230301,177.61,517,9010438073
9010438073C,4,20240301,181.61,517,9010438073
9010438073C,4,20250301,185.61,517,9010438073
9010438073C,4,20260301,189.45,517,9010438073
9010438325C,1,20180301,116.03,515,9010438325
9010438325C,1,20190301,118.37,515,9010438325
9010438523C,4,20180315,72.59,517,9010438523
9010438523C,4,20190315,75.07,517,9010438523
9010438523C,4,20200315,77.65,517,9010438523
9010438523C,4,20210315,80.17,517,9010438523
9010438523C,4,20220315,82.75,517,9010438523
9010438523C,4,20230315,85.28,517,9010438523
9010438523C,4,20240315,87.85,517,9010438523
9010438523C,4,20250315,90.43,517,9010438523
9010438523C,4,20260315,92.95,517,9010438523
9010438554C,4,20180315,146.83,517,9010438554
9010438554C,4,20190315,150.31,517,9010438554
9010438554C,4,20200315,153.72,517,9010438554
9010438554C,4,20210315,157.08,517,9010438554
9010438554C,4,20220315,160.37,517,9010438554
9010438554C,4,20230315,163.66,517,9010438554
9010438554C,4,20240315,166.95,517,9010438554
9010438554C,4,20250315,170.24,517,9010438554
9010438554C,4,20260315,173.47,517,9010438554
9010438556C,4,20180309,159.20,517,9010438556
9010438556C,4,20190309,164.10,517,9010438556
9010438556C,4,20200309,168.90,517,9010438556
9010438556C,4,20210309,173.60,517,9010438556
9010438556C,4,20220309,178.30,517,9010438556
9010438556C,4,20230309,182.70,517,9010438556
9010438556C,4,20240309,187.00,517,9010438556
9010438556C,4,20250309,191.20,517,9010438556
9010438556C,4,20260309,195.40,517,9010438556
9010438820C,4,20180315,144.29,517,9010438820
9010438820C,4,20190315,147.59,517,9010438820
9010438820C,4,20200315,150.90,517,9010438820
9010438820C,4,20210315,154.14,517,9010438820
9010438820C,4,20220315,157.32,517,9010438820
9010438820C,4,20230315,160.57,517,9010438820
9010438820C,4,20240315,163.81,517,9010438820
9010438820C,4,20250315,166.99,517,9010438820
9010438820C,4,20260315,170.12,517,9010438820
9010438821C,4,20180315,285.72,517,9010438821
9010438821C,4,20190315,292.06,517,9010438821
9010438926C,4,20180401,128.26,517,9010438926
9010438926C,4,20190401,131.11,517,9010438926
9010438926C,4,20200401,133.87,517,9010438926
9010438926C,4,20210401,136.62,517,9010438926
9010438926C,4,20220401,139.28,517,9010438926
9010438926C,4,20230401,141.84,517,9010438926
9010438926C,4,20240401,144.40,517,9010438926
9010438938C,4,20180401,123.43,517,9010438938
9010438938C,4,20190401,126.08,517,9010438938
9010438938C,4,20200401,128.64,517,9010438938
9010438938C,4,20210401,131.16,517,9010438938
9010438938C,4,20220401,133.64,517,9010438938
9010439084C,1,20180308,161.80,515,9010439084
9010439084C,1,20190308,166.90,515,9010439084
9010439084C,1,20200308,172.20,515,9010439084
9010439084C,1,20210308,177.40,515,9010439084
9010439084C,1,20220308,182.70,515,9010439084
9010439084C,1,20230308,188.20,515,9010439084
9010439084C,1,20240308,193.80,515,9010439084
9010439084C,1,20250308,199.70,515,9010439084
9010439128C,1,20180401,158.68,515,9010439128
9010439128C,1,20190401,163.58,515,9010439128
9010439128C,1,20200401,168.32,515,9010439128
9010439128C,1,20210401,173.14,515,9010439128
9010439128C,1,20220401,177.96,515,9010439128
9010439128C,1,20230401,182.78,515,9010439128
9010439128C,1,20240401,187.51,515,9010439128
9010439128C,1,20250401,192.24,515,9010439128
9010439128C,1,20260401,196.81,515,9010439128
9010439156C,1,20180401,147.65,515,9010439156
9010439156C,1,20190401,153.52,515,9010439156
9010439156C,1,20200401,159.52,515,9010439156
9010439156C,1,20210401,165.52,515,9010439156
9010439156C,1,20220401,171.65,515,9010439156
9010439156C,1,20230401,177.91,515,9010439156
9010439156C,1,20240401,184.17,515,9010439156
9010439156C,1,20250401,190.56,515,9010439156
9010439156C,1,20260401,196.82,515,9010439156
9010439277C,4,20180314,43.78,517,9010439277
9010439277C,4,20190314,44.83,517,9010439277
9010439277C,4,20200314,46.01,517,9010439277
9010439277C,4,20210314,47.40,517,9010439277
9010439435C,1,20180401,128.26,515,9010439435
9010439435C,1,20190401,131.11,515,9010439435
9010439435C,1,20200401,133.87,515,9010439435
9010439435C,1,20210401,136.62,515,9010439435
9010439435C,1,20220401,139.28,515,9010439435
9010439435C,1,20230401,141.84,515,9010439435
9010439435C,1,20240401,144.40,515,9010439435
9010439527C,4,20180415,128.26,517,9010439527
9010439527C,4,20190415,131.11,517,9010439527
9010439836C,4,20180401,218.00,517,9010439836
9010439836C,4,20190401,221.90,517,9010439836
9010439836C,4,20200401,225.60,517,9010439836
9010439836C,4,20210401,229.10,517,9010439836
9010439836C,4,20220401,232.50,517,9010439836
9010439836C,4,20230401,235.60,517,9010439836
9010439836C,4,20240401,238.70,517,9010439836
9010439836C,4,20250401,241.70,517,9010439836
9010439999C,4,20180326,209.60,517,9010439999
9010439999C,4,20190326,213.90,517,9010439999
9010439999C,4,20200326,217.90,517,9010439999
9010439999C,4,20210326,221.70,517,9010439999
9010439999C,4,20220326,225.30,517,9010439999
9010439999C,4,20230326,228.70,517,9010439999
9010439999C,4,20240326,231.90,517,9010439999
9010439999C,4,20250326,235.00,517,9010439999
9010439999C,4,20260326,238.00,517,9010439999
9010440370C,4,20180501,139.07,517,9010440370
9010440370C,4,20190501,142.15,517,9010440370
9010440370C,4,20200501,145.23,517,9010440370
9010440370C,4,20210501,148.37,517,9010440370
9010440631C,4,20180515,150.84,517,9010440631
9010440631C,4,20190515,154.68,517,9010440631
9010440631C,4,20200515,158.39,517,9010440631
9010440631C,4,20210515,162.03,517,9010440631
9010440631C,4,20220515,165.53,517,9010440631
9010440631C,4,20230515,169.04,517,9010440631
9010440631C,4,20240515,172.41,517,9010440631
9010440631C,4,20250515,175.85,517,9010440631
9010440631C,4,20260515,179.29,517,9010440631
9010441082C,4,20180601,133.82,517,9010441082
9010441082C,4,20190601,136.79,517,9010441082
9010441082C,4,20200601,139.76,517,9010441082
9010441082C,4,20210601,142.74,517,9010441082
9010441082C,4,20220601,145.61,517,9010441082
9010441082C,4,20230601,148.48,517,9010441082
9010441082C,4,20240601,151.24,517,9010441082
9010441082C,4,20250601,153.90,517,9010441082
9010441082C,4,20260601,156.56,517,9010441082
9010441084C,4,20180601,72.77,517,9010441084
9010441084C,4,20190601,75.29,517,9010441084
9010441084C,4,20200601,77.80,517,9010441084
9010441084C,4,20210601,80.32,517,9010441084
9010441084C,4,20220601,82.84,517,9010441084
9010441084C,4,20230601,85.35,517,9010441084
9010441084C,4,20240601,87.87,517,9010441084
9010441084C,4,20250601,90.34,517,9010441084
9010441084C,4,20260601,92.85,517,9010441084
9010441085C,4,20180601,72.72,517,9010441085
9010441085C,4,20190601,75.09,517,9010441085
9010441085C,4,20200601,77.47,517,9010441085
9010441085C,4,20210601,79.88,517,9010441085
9010441085C,4,20220601,82.21,517,9010441085
9010441085C,4,20230601,84.63,517,9010441085
9010441085C,4,20240601,87.00,517,9010441085
9010441085C,4,20250601,89.42,517,9010441085
9010441085C,4,20260601,91.83,517,9010441085
9010441927C,4,20180615,130.82,517,9010441927
9010441927C,4,20190615,133.73,517,9010441927
9010441927C,4,20200615,136.64,517,9010441927
9010442216C,4,20180701,155.96,517,9010442216
9010442216C,4,20190701,160.41,517,9010442216
9010442216C,4,20200701,164.78,517,9010442216
9010442216C,4,20210701,169.16,517,9010442216
9010442216C,4,20220701,173.38,517,9010442216
9010442216C,4,20230701,177.61,517,9010442216
9010442216C,4,20240701,181.61,517,9010442216
9010442216C,4,20250701,185.61,517,9010442216
9010442222C,4,20180615,71.78,517,9010442222
9010442222C,4,20190615,73.99,517,9010442222
9010442222C,4,20200615,76.14,517,9010442222
9010442222C,4,20210615,78.32,517,9010442222
9010442222C,4,20220615,80.50,517,9010442222
9010442222C,4,20230615,82.67,517,9010442222
9010442222C,4,20240615,84.82,517,9010442222
9010442222C,4,20250615,86.96,517,9010442222
9010442222C,4,20260615,89.02,517,9010442222
9010442230C,4,20180601,327.32,517,9010442230
9010442230C,4,20190601,336.89,517,9010442230
9010442230C,4,20200601,346.29,517,9010442230
9010442230C,4,20210601,355.69,517,9010442230
9010442230C,4,20220601,364.93,517,9010442230
9010442230C,4,20230601,374.01,517,9010442230
9010442230C,4,20240601,382.93,517,9010442230
9010442230C,4,20250601,391.52,517,9010442230
9010442330C,4,20180701,133.82,517,9010442330
9010442330C,4,20190701,136.79,517,9010442330
9010442330C,4,20200701,139.76,517,9010442330
9010442330C,4,20210701,142.74,517,9010442330
9010442330C,4,20220701,145.61,517,9010442330
9010442332C,4,20180701,136.35,517,9010442332
9010442332C,4,20190701,139.37,517,9010442332
9010442552C,4,20180701,72.50,517,9010442552
9010442552C,4,20190701,74.88,517,9010442552
9010442552C,4,20200701,77.30,517,9010442552
9010442552C,4,20210701,79.72,517,9010442552
9010442552C,4,20220701,82.15,517,9010442552
9010442552C,4,20230701,84.53,517,9010442552
9010442906C,4,20180712,80.60,517,9010442906
9010442906C,4,20190712,83.80,517,9010442906
9010442906C,4,20200712,87.20,517,9010442906
9010442906C,4,20210712,90.50,517,9010442906
9010442906C,4,20220712,94.00,517,9010442906
9010442906C,4,20230712,97.50,517,9010442906
9010442906C,4,20240712,101.10,517,9010442906
9010442906C,4,20250712,104.70,517,9010442906
9010443032C,4,20180715,123.43,517,9010443032
9010443032C,4,20190715,126.08,517,9010443032
9010443032C,4,20200715,128.64,517,9010443032
9010443032C,4,20210715,131.16,517,9010443032
9010443032C,4,20220715,133.64,517,9010443032
9010443109C,4,20180801,125.81,517,9010443109
9010443109C,4,20190801,128.56,517,9010443109
9010443109C,4,20200801,131.26,517,9010443109
9010443287C,4,20180801,215.25,517,9010443287
9010443287C,4,20190801,220.02,517,9010443287
9010443287C,4,20200801,224.79,517,9010443287
9010443287C,4,20210801,229.64,517,9010443287
9010443287C,4,20220801,234.41,517,9010443287
9010443287C,4,20230801,239.18,517,9010443287
9010443287C,4,20240801,243.86,517,9010443287
9010443287C,4,20250801,248.37,517,9010443287
9010444207C,4,20180901,152.88,517,9010444207
9010444207C,4,20190901,156.87,517,9010444207
9010444207C,4,20200901,160.78,517,9010444207
9010444207C,4,20210901,164.62,517,9010444207
9010444917C,4,20181001,136.35,517,9010444917
9010444917C,4,20191001,139.37,517,9010444917
9010444917C,4,20201001,142.40,517,9010444917
9010444917C,4,20211001,145.48,517,9010444917
9010444917C,4,20221001,148.45,517,9010444917
9010444917C,4,20231001,151.42,517,9010444917
9010444917C,4,20241001,154.34,517,9010444917
9010444917C,4,20251001,157.14,517,9010444917
9010445074C,4,20181015,157.86,517,9010445074
9010445074C,4,20191015,162.50,517,9010445074
9010445074C,4,20201015,167.15,517,9010445074
9010445074C,4,20211015,171.79,517,9010445074
9010445074C,4,20221015,176.36,517,9010445074
9010445074C,4,20231015,180.84,517,9010445074
9010445091C,4,20181015,144.29,517,9010445091
9010445091C,4,20191015,147.59,517,9010445091
9010445091C,4,20201015,150.90,517,9010445091
9010445351C,4,20181015,194.72,517,9010445351
9010446237C,4,20181115,236.60,517,9010446237
9010446237C,4,20191115,242.76,517,9010446237
9010446237C,4,20201115,248.81,517,9010446237
9010446237C,4,20211115,254.76,517,9010446237
9010446237C,4,20221115,260.50,517,9010446237
9010446237C,4,20231115,266.13,517,9010446237
9010446237C,4,20241115,271.66,517,9010446237
9010446237C,4,20251115,277.07,517,9010446237
9010446638C,4,20181201,320.31,517,9010446638
9010446638C,4,20191201,328.65,517,9010446638
9010446741C,4,20181201,149.30,517,9010446741
9010446741C,4,20191201,152.97,517,9010446741
9010446741C,4,20201201,156.57,517,9010446741
9010446741C,4,20211201,160.04,517,9010446741
9010446741C,4,20221201,163.45,517,9010446741
9010446741C,4,20231201,166.79,517,9010446741
9010446741C,4,20241201,170.20,517,9010446741
9010446741C,4,20251201,173.55,517,9010446741
9010446852C,4,20181215,144.29,517,9010446852
9010446852C,4,20191215,147.59,517,9010446852
9010446852C,4,20201215,150.90,517,9010446852
9010446852C,4,20211215,154.14,517,9010446852
9010446852C,4,20221215,157.32,517,9010446852
9010446852C,4,20231215,160.57,517,9010446852
9010446852C,4,20241215,163.81,517,9010446852
9010446852C,4,20251215,166.99,517,9010446852
9010447475C,4,20180101,143.23,517,9010447475
9010447475C,4,20190101,146.83,517,9010447475
9010447475C,4,20200101,150.31,517,9010447475
9010447475C,4,20210101,153.72,517,9010447475
9010447475C,4,20220101,157.08,517,9010447475
9010447475C,4,20230101,160.37,517,9010447475
9010447475C,4,20240101,163.66,517,9010447475
9010447475C,4,20250101,166.95,517,9010447475
9010447475C,4,20260101,170.24,517,9010447475
9010448025C,4,20180201,116.30,517,9010448025
9010448025C,4,20190201,118.77,517,9010448025
9010448025C,4,20200201,121.20,517,9010448025
9010448025C,4,20210201,123.59,517,9010448025
9010448181C,4,20180201,145.51,517,9010448181
9010448181C,4,20190201,149.30,517,9010448181
9010448181C,4,20200201,152.97,517,9010448181
9010448181C,4,20210201,156.57,517,9010448181
9010448181C,4,20220201,160.04,517,9010448181
9010448181C,4,20230201,163.45,517,9010448181
9010448181C,4,20240201,166.79,517,9010448181
9010448181C,4,20250201,170.20,517,9010448181
9010448181C,4,20260201,173.55,517,9010448181
9010448375C,4,20180215,133.32,517,9010448375
9010448375C,4,20190215,136.35,517,9010448375
9010448375C,4,20200215,139.37,517,9010448375
9010448375C,4,20210215,142.40,517,9010448375
9010448375C,4,20220215,145.48,517,9010448375
9010448375C,4,20230215,148.45,517,9010448375
9010448609C,4,20180215,143.23,517,9010448609
9010448609C,4,20190215,146.83,517,9010448609
9010448609C,4,20200215,150.31,517,9010448609
9010448609C,4,20210215,153.72,517,9010448609
9010448609C,4,20220215,157.08,517,9010448609
9010448609C,4,20230215,160.37,517,9010448609
9010448609C,4,20240215,163.66,517,9010448609
9010448609C,4,20250215,166.95,517,9010448609
9010448609C,4,20260215,170.24,517,9010448609
9010448806C,4,20180215,137.86,517,9010448806
9010448806C,4,20190215,141.16,517,9010448806
9010448806C,4,20200215,144.33,517,9010448806
9010448806C,4,20210215,147.45,517,9010448806
9010448806C,4,20220215,150.63,517,9010448806
9010448806C,4,20230215,153.75,517,9010448806
9010448806C,4,20240215,156.93,517,9010448806
9010448806C,4,20250215,160.05,517,9010448806
9010448806C,4,20260215,163.11,517,9010448806
9010449013C,4,20180301,153.13,517,9010449013
9010449013C,4,20190301,158.91,517,9010449013
9010449013C,4,20200301,164.69,517,9010449013
9010449013C,4,20210301,170.58,517,9010449013
9010449013C,4,20220301,176.36,517,9010449013
9010449013C,4,20230301,182.25,517,9010449013
9010449013C,4,20240301,188.15,517,9010449013
9010449013C,4,20250301,194.16,517,9010449013
9010449013C,4,20260301,200.05,517,9010449013
9010449050C,4,20180301,125.41,517,9010449050
9010449074C,4,20180301,68.64,517,9010449074
9010449074C,4,20190301,70.67,517,9010449074
9010449075C,4,20180301,50.33,517,9010449075
9010449155C,4,20180301,120.77,517,9010449155
9010449155C,4,20190301,123.43,517,9010449155
9010449155C,4,20200301,126.08,517,9010449155
9010449155C,4,20210301,128.64,517,9010449155
9010449155C,4,20220301,131.16,517,9010449155
9010449155C,4,20230301,133.64,517,9010449155
9010449158C,2,20180301,127.91,516,9010449158
9010449158C,2,20190301,130.82,516,9010449158
9010449158C,2,20200301,133.73,516,9010449158
9010449158C,2,20210301,136.64,516,9010449158
9010449158C,2,20220301,139.44,516,9010449158
9010449158C,2,20230301,142.25,516,9010449158
9010449158C,2,20240301,144.96,516,9010449158
9010449158C,2,20250301,147.57,516,9010449158
9010449158C,2,20260301,150.18,516,9010449158
9010449158C,2,20260303,150.18,516,9010449158
9010449333C,4,20180301,151.72,517,9010449333
9010449333C,4,20190301,156.21,517,9010449333
9010449333C,4,20200301,160.77,517,9010449333
9010449333C,4,20210301,165.26,517,9010449333
9010449333C,4,20220301,169.75,517,9010449333
9010449333C,4,20230301,174.16,517,9010449333
9010449333C,4,20240301,178.49,517,9010449333
9010449333C,4,20250301,182.75,517,9010449333
9010449333C,4,20260301,186.85,517,9010449333
9010449334C,4,20180301,154.85,517,9010449334
9010449334C,4,20190301,159.86,517,9010449334
9010449334C,4,20200301,164.79,517,9010449334
9010449334C,4,20210301,169.80,517,9010449334
9010449334C,4,20220301,174.81,517,9010449334
9010449334C,4,20230301,179.74,517,9010449334
9010449334C,4,20240301,184.75,517,9010449334
9010449334C,4,20250301,189.76,517,9010449334
9010449334C,4,20260301,194.77,517,9010449334
9010449417C,4,20180301,150.46,517,9010449417
9010449417C,4,20190301,154.84,517,9010449417
9010449417C,4,20200301,159.15,517,9010449417
9010449417C,4,20210301,163.39,517,9010449417
9010449417C,4,20220301,167.55,517,9010449417
9010449417C,4,20230301,171.64,517,9010449417
9010449417C,4,20240301,175.66,517,9010449417
9010449417C,4,20250301,179.53,517,9010449417
9010449417C,4,20260301,183.26,517,9010449417
9010449498C,1,20180220,136.80,515,9010449498
9010449498C,1,20190220,140.25,515,9010449498
9010449498C,1,20200220,143.55,515,9010449498
9010449498C,1,20210220,146.85,515,9010449498
9010449498C,1,20220220,150.60,515,9010449498
9010449498C,1,20230220,154.50,515,9010449498
9010449498C,1,20240220,158.70,515,9010449498
9010449498C,1,20250220,163.80,515,9010449498
9010449498C,1,20260220,169.20,515,9010449498
9010449514C,4,20180315,140.86,517,9010449514
9010449514C,4,20190315,144.29,517,9010449514
9010449514C,4,20200315,147.59,517,9010449514
9010449514C,4,20210315,150.90,517,9010449514
9010449514C,4,20220315,154.14,517,9010449514
9010449514C,4,20230315,157.32,517,9010449514
9010449514C,4,20240315,160.57,517,9010449514
9010449514C,4,20250315,163.81,517,9010449514
9010449514C,4,20260315,166.99,517,9010449514
9010449559C,4,20180315,113.62,517,9010449559
9010450135C,4,20180401,149.42,517,9010450135
9010450135C,4,20190401,153.66,517,9010450135
9010450135C,4,20200401,157.84,517,9010450135
9010450135C,4,20210401,161.94,517,9010450135
9010450135C,4,20220401,165.91,517,9010450135
9010450135C,4,20230401,169.80,517,9010450135
9010450135C,4,20240401,173.62,517,9010450135
9010450135C,4,20250401,177.30,517,9010450135
9010450135C,4,20260401,180.91,517,9010450135
9010450174C,4,20180401,140.86,517,9010450174
9010450174C,4,20190401,144.29,517,9010450174
9010450174C,4,20200401,147.59,517,9010450174
9010450174C,4,20210401,150.90,517,9010450174
9010450174C,4,20220401,154.14,517,9010450174
9010450174C,4,20230401,157.32,517,9010450174
9010450174C,4,20240401,160.57,517,9010450174
9010450174C,4,20250401,163.81,517,9010450174
9010450174C,4,20260401,166.99,517,9010450174
9010450809C,4,20180415,127.91,517,9010450809
9010450809C,4,20190415,130.82,517,9010450809
9010450809C,4,20200415,133.73,517,9010450809
9010450809C,4,20210415,136.64,517,9010450809
9010450809C,4,20220415,139.44,517,9010450809
9010450809C,4,20230415,142.25,517,9010450809
9010450809C,4,20240415,144.96,517,9010450809
9010450809C,4,20250415,147.57,517,9010450809
9010450809C,4,20260415,150.18,517,9010450809
9010450811C,4,20180415,70.35,517,9010450811
9010450811C,4,20190415,72.72,517,9010450811
9010450811C,4,20200415,75.09,517,9010450811
9010450811C,4,20210415,77.47,517,9010450811
9010450811C,4,20220415,79.88,517,9010450811
9010450811C,4,20230415,82.21,517,9010450811
9010450811C,4,20240415,84.63,517,9010450811
9010450811C,4,20250415,87.00,517,9010450811
9010450811C,4,20260415,89.42,517,9010450811
9010451148C,4,20180501,70.52,517,9010451148
9010451148C,4,20190501,73.04,517,9010451148
9010451148C,4,20200501,75.52,517,9010451148
9010451148C,4,20210501,78.00,517,9010451148
9010451148C,4,20220501,80.52,517,9010451148
9010451148C,4,20230501,83.04,517,9010451148
9010451148C,4,20240501,85.61,517,9010451148
9010451148C,4,20250501,88.18,517,9010451148
9010451148C,4,20260501,90.75,517,9010451148
9010451149C,4,20180501,69.92,517,9010451149
9010451149C,4,20190501,72.46,517,9010451149
9010451149C,4,20200501,75.01,517,9010451149
9010451149C,4,20210501,77.55,517,9010451149
9010451149C,4,20220501,80.10,517,9010451149
9010451149C,4,20230501,82.69,517,9010451149
9010451149C,4,20240501,85.28,517,9010451149
9010451149C,4,20250501,87.88,517,9010451149
9010451149C,4,20260501,90.52,517,9010451149
9010451453C,1,20180515,153.86,515,9010451453
9010451453C,1,20190515,159.50,515,9010451453
9010451453C,1,20200515,165.25,515,9010451453
9010451453C,1,20210515,171.00,515,9010451453
9010451453C,1,20220515,176.74,515,9010451453
9010451453C,1,20230515,182.61,515,9010451453
9010451453C,1,20240515,188.47,515,9010451453
9010451453C,1,20250515,46.41,515,9010451453
9010451453C,3,20250515,147.92,514,9010451453
9010451453C,3,20260515,200.19,514,9010451453
9010451650C,4,20180515,130.84,517,9010451650
9010451650C,4,20190515,133.82,517,9010451650
9010451650C,4,20200515,136.79,517,9010451650
9010451650C,4,20210515,139.76,517,9010451650
9010451650C,4,20220515,142.74,517,9010451650
9010451650C,4,20230515,145.61,517,9010451650
9010451650C,4,20240515,148.48,517,9010451650
9010451650C,4,20250515,151.24,517,9010451650
9010451650C,4,20260515,153.90,517,9010451650
9010452169C,4,20180601,68.15,517,9010452169
9010452169C,4,20190601,70.74,517,9010452169
9010452169C,4,20200601,73.34,517,9010452169
9010452304C,4,20180601,69.78,517,9010452304
9010452304C,4,20190601,72.22,517,9010452304
9010452304C,4,20200601,74.65,517,9010452304
9010452304C,4,20210601,77.08,517,9010452304
9010452304C,4,20220601,79.56,517,9010452304
9010452304C,4,20230601,81.99,517,9010452304
9010452304C,4,20240601,84.42,517,9010452304
9010452304C,4,20250601,86.85,517,9010452304
9010452304C,4,20260601,89.33,517,9010452304
9010452305C,4,20180601,70.52,517,9010452305
9010452305C,4,20190601,73.04,517,9010452305
9010452305C,4,20200601,75.52,517,9010452305
9010452305C,4,20210601,78.00,517,9010452305
9010452305C,4,20220601,80.52,517,9010452305
9010452305C,4,20230601,83.04,517,9010452305
9010452305C,4,20240601,85.61,517,9010452305
9010452305C,4,20250601,88.18,517,9010452305
9010452305C,4,20260601,90.75,517,9010452305
9010452516C,4,20180615,248.61,517,9010452516
9010454002C,4,20180715,123.02,517,9010454002
9010454002C,4,20190715,125.81,517,9010454002
9010454002C,4,20200715,128.56,517,9010454002
9010454002C,4,20210715,131.26,517,9010454002
9010454002C,4,20220715,133.87,517,9010454002
9010454003C,4,20180715,68.03,517,9010454003
9010454003C,4,20190715,70.59,517,9010454003
9010454003C,4,20200715,73.25,517,9010454003
9010454003C,4,20210715,75.91,517,9010454003
9010454003C,4,20220715,78.63,517,9010454003
9010455341C,4,20180801,70.25,517,9010455341
9010455341C,4,20190801,72.79,517,9010455341
9010455341C,4,20200801,75.32,517,9010455341
9010455341C,4,20210801,77.81,517,9010455341
9010455341C,4,20220801,80.39,517,9010455341
9010455341C,4,20230801,82.88,517,9010455341
9010455341C,4,20240801,85.46,517,9010455341
9010455341C,4,20250801,88.09,517,9010455341
9010456114C,4,20180815,140.86,517,9010456114
9010456114C,4,20190815,144.29,517,9010456114
9010456114C,4,20200815,147.59,517,9010456114
9010456114C,4,20210815,150.90,517,9010456114
9010456114C,4,20220815,154.14,517,9010456114
9010456114C,4,20230815,157.32,517,9010456114
9010456114C,4,20240815,160.57,517,9010456114
9010456114C,4,20250815,163.81,517,9010456114
9010456928C,4,20180915,153.48,517,9010456928
9010456928C,4,20190915,158.25,517,9010456928
9010456928C,4,20200915,162.94,517,9010456928
9010456928C,4,20210915,167.71,517,9010456928
9010456928C,4,20220915,172.40,517,9010456928
9010456928C,4,20230915,177.17,517,9010456928
9010456928C,4,20240915,181.77,517,9010456928
9010457291C,4,20181001,123.02,517,9010457291
9010457291C,4,20191001,125.81,517,9010457291
9010457291C,4,20201001,128.56,517,9010457291
9010457291C,4,20211001,131.26,517,9010457291
9010457536C,4,20181001,69.03,517,9010457536
9010457536C,4,20191001,71.66,517,9010457536
9010457536C,4,20201001,74.24,517,9010457536
9010457536C,4,20211001,76.93,517,9010457536
9010457536C,4,20221001,79.56,517,9010457536
9010457536C,4,20231001,82.25,517,9010457536
9010457536C,4,20241001,84.98,517,9010457536
9010457536C,4,20251001,87.67,517,9010457536
9010457537C,4,20181001,69.60,517,9010457537
9010457537C,4,20191001,72.15,517,9010457537
9010457537C,4,20201001,74.75,517,9010457537
9010457537C,4,20211001,77.35,517,9010457537
9010457537C,4,20221001,79.95,517,9010457537
9010457603C,4,20181001,153.48,517,9010457603
9010458190C,4,20181101,137.86,517,9010458190
9010458190C,4,20191101,141.16,517,9010458190
9010458190C,4,20201101,144.33,517,9010458190
9010458190C,4,20211101,147.45,517,9010458190
9010458190C,4,20221101,150.63,517,9010458190
9010458520C,4,20181115,69.67,517,9010458520
9010458520C,4,20191115,71.94,517,9010458520
9010458520C,4,20201115,74.22,517,9010458520
9010458520C,4,20211115,76.45,517,9010458520
9010458520C,4,20221115,78.76,517,9010458520
9010458525C,1,20181115,69.89,515,9010458525
9010458525C,1,20191115,65.07,515,9010458525
9010458525C,3,20191115,6.98,514,9010458525
9010458525C,3,20201115,74.26,514,9010458525
9010458525C,3,20211115,76.50,514,9010458525
9010458525C,3,20221115,78.70,514,9010458525
9010458525C,3,20231115,80.94,514,9010458525
9010458525C,3,20241115,83.14,514,9010458525
9010458525C,3,20251115,85.35,514,9010458525
9010458526C,4,20181115,68.64,517,9010458526
9010458526C,4,20191115,70.67,517,9010458526
9010458526C,4,20201115,72.73,517,9010458526
9010458526C,4,20211115,74.76,517,9010458526
9010458526C,4,20221115,76.79,517,9010458526
9010458526C,4,20231115,78.79,517,9010458526
9010458526C,4,20241115,80.75,517,9010458526
9010458526C,4,20251115,82.67,517,9010458526
9010458663C,4,20181115,253.03,517,9010458663
9010458663C,4,20191115,258.59,517,9010458663
9010458663C,4,20201115,264.15,517,9010458663
9010458663C,4,20211115,269.53,517,9010458663
9010458663C,4,20221115,274.80,517,9010458663
9010458663C,4,20231115,279.99,517,9010458663
9010458744C,4,20181115,311.68,517,9010458744
9010459011C,4,20181201,234.83,517,9010459011
9010459011C,4,20191201,241.78,517,9010459011
9010459011C,4,20201201,248.84,517,9010459011
9010459011C,4,20211201,255.79,517,9010459011
9010459011C,4,20221201,262.73,517,9010459011
9010459011C,4,20231201,269.56,517,9010459011
9010459011C,4,20241201,276.26,517,9010459011
9010459011C,4,20251201,282.85,517,9010459011
9010459336C,4,20180101,228.18,517,9010459336
9010459336C,4,20190101,233.13,517,9010459336
9010459336C,4,20200101,237.99,517,9010459336
9010459421C,4,20180101,68.09,517,9010459421
9010459421C,4,20190101,70.52,517,9010459421
9010459421C,4,20200101,73.04,517,9010459421
9010459421C,4,20210101,75.52,517,9010459421
9010459421C,4,20220101,78.00,517,9010459421
9010459421C,4,20230101,80.52,517,9010459421
9010459421C,4,20240101,83.04,517,9010459421
9010459421C,4,20250101,85.61,517,9010459421
9010459421C,4,20260101,88.18,517,9010459421
9010459527C,4,20180101,141.72,517,9010459527
9010459527C,4,20190101,145.51,517,9010459527
9010459527C,4,20200101,149.30,517,9010459527
9010459527C,4,20210101,152.97,517,9010459527
9010459527C,4,20220101,156.57,517,9010459527
9010459527C,4,20230101,160.04,517,9010459527
9010459527C,4,20240101,163.45,517,9010459527
9010459527C,4,20250101,166.79,517,9010459527
9010459527C,4,20260101,170.20,517,9010459527
9010459653C,4,20180101,148.79,517,9010459653
9010459653C,4,20190101,153.48,517,9010459653
9010459653C,4,20200101,158.25,517,9010459653
9010459653C,4,20210101,162.94,517,9010459653
9010459653C,4,20220101,167.71,517,9010459653
9010459653C,4,20230101,172.40,517,9010459653
9010459653C,4,20240101,177.17,517,9010459653
9010459814C,4,20180115,139.56,517,9010459814
9010459814C,4,20190115,143.23,517,9010459814
9010459814C,4,20200115,146.83,517,9010459814
9010459814C,4,20210115,150.31,517,9010459814
9010459814C,4,20220115,153.72,517,9010459814
9010459814C,4,20230115,157.08,517,9010459814
9010459814C,4,20240115,160.37,517,9010459814
9010459814C,4,20250115,163.66,517,9010459814
9010459814C,4,20260115,166.95,517,9010459814
9010459970C,2,20180201,104.43,516,9010459970
9010460653C,4,20180215,122.56,517,9010460653
9010460653C,4,20190215,125.41,517,9010460653
9010460653C,4,20200215,128.26,517,9010460653
9010460653C,4,20210215,131.11,517,9010460653
9010460653C,4,20220215,133.87,517,9010460653
9010460653C,4,20230215,136.62,517,9010460653
9010460653C,4,20240215,139.28,517,9010460653
9010460653C,4,20250215,141.84,517,9010460653
9010460653C,4,20260215,144.40,517,9010460653
9010462057C,4,20180401,146.08,517,9010462057
9010462057C,4,20190401,150.46,517,9010462057
9010462057C,4,20200401,154.84,517,9010462057
9010462057C,4,20210401,159.15,517,9010462057
9010462057C,4,20220401,163.39,517,9010462057
9010462057C,4,20230401,167.55,517,9010462057
9010462057C,4,20240401,171.64,517,9010462057
9010462057C,4,20250401,175.66,517,9010462057
9010462057C,4,20260401,179.53,517,9010462057
9010462415C,4,20180415,108.91,517,9010462415
9010462415C,4,20190415,111.27,517,9010462415
9010462415C,4,20200415,113.59,517,9010462415
9010462630C,4,20180501,142.91,517,9010462630
9010462630C,4,20190501,146.94,517,9010462630
9010462630C,4,20200501,150.84,517,9010462630
9010462630C,4,20210501,154.68,517,9010462630
9010462630C,4,20220501,158.39,517,9010462630
9010462630C,4,20230501,162.03,517,9010462630
9010462631C,4,20180501,65.61,517,9010462631
9010462839C,4,20180501,67.12,517,9010462839
9010462839C,4,20190501,69.62,517,9010462839
9010462839C,4,20200501,72.18,517,9010462839
9010462839C,4,20210501,74.79,517,9010462839
9010462839C,4,20220501,77.34,517,9010462839
9010462839C,4,20230501,79.95,517,9010462839
9010462839C,4,20240501,82.56,517,9010462839
9010462839C,4,20250501,85.21,517,9010462839
9010463553C,4,20180601,227.76,517,9010463553
9010463553C,4,20190601,234.83,517,9010463553
9010463553C,4,20200601,241.78,517,9010463553
9010463553C,4,20210601,248.84,517,9010463553
9010463553C,4,20220601,255.79,517,9010463553
9010463553C,4,20230601,262.73,517,9010463553
9010463553C,4,20240601,269.56,517,9010463553
9010463553C,4,20250601,276.26,517,9010463553
9010463553C,4,20260601,282.85,517,9010463553
9010464870C,4,20180715,106.70,517,9010464870
9010464870C,4,20190715,108.98,517,9010464870
9010465331C,4,20180815,232.92,517,9010465331
9010465331C,4,20190815,238.06,517,9010465331
9010465331C,4,20200815,243.12,517,9010465331
9010465331C,4,20210815,248.01,517,9010465331
9010465363C,4,20180815,67.31,517,9010465363
9010465363C,4,20190815,69.43,517,9010465363
9010465363C,4,20200815,71.59,517,9010465363
9010465363C,4,20210815,73.71,517,9010465363
9010465363C,4,20220815,75.87,517,9010465363
9010465363C,4,20230815,77.99,517,9010465363
9010465363C,4,20240815,80.15,517,9010465363
9010465363C,4,20250815,82.23,517,9010465363
9010465451C,4,20180815,354.70,517,9010465451
9010465451C,4,20190815,362.53,517,9010465451
9010465451C,4,20200815,370.23,517,9010465451
9010466391C,4,20180915,281.87,517,9010466391
9010466391C,4,20190915,288.90,517,9010466391
9010466391C,4,20200915,295.80,517,9010466391
9010466391C,4,20210915,302.46,517,9010466391
9010466391C,4,20220915,309.00,517,9010466391
9010466391C,4,20230915,315.66,517,9010466391
9010466391C,4,20240915,322.19,517,9010466391
9010466391C,4,20250915,328.85,517,9010466391
9010466392C,4,20180915,304.14,517,9010466392
9010466392C,4,20190915,313.04,517,9010466392
9010466392C,4,20200915,321.94,517,9010466392
9010466392C,4,20210915,330.69,517,9010466392
9010466392C,4,20220915,339.29,517,9010466392
9010466392C,4,20230915,347.59,517,9010466392
9010466392C,4,20240915,355.75,517,9010466392
9010466392C,4,20250915,363.76,517,9010466392
9010466470C,4,20180915,125.00,517,9010466470
9010466470C,4,20190915,127.91,517,9010466470
9010466470C,4,20200915,130.82,517,9010466470
9010466470C,4,20210915,133.73,517,9010466470
9010466471C,4,20180915,67.82,517,9010466471
9010466471C,4,20190915,70.05,517,9010466471
9010466471C,4,20200915,72.32,517,9010466471
9010466471C,4,20210915,74.54,517,9010466471
9010466472C,4,20180915,67.83,517,9010466472
9010466472C,4,20190915,70.30,517,9010466472
9010466472C,4,20200915,72.77,517,9010466472
9010466472C,4,20210915,75.29,517,9010466472
9010466473C,4,20180915,67.37,517,9010466473
9010466473C,4,20190915,69.92,517,9010466473
9010466473C,4,20200915,72.46,517,9010466473
9010466473C,4,20210915,75.01,517,9010466473
9010466702C,4,20181001,120.23,517,9010466702
9010466702C,4,20191001,123.02,517,9010466702
9010466706C,4,20181001,64.72,517,9010466706
9010466706C,4,20191001,67.32,517,9010466706
9010466706C,4,20201001,70.03,517,9010466706
9010466706C,4,20211001,72.69,517,9010466706
9010466706C,4,20221001,75.46,517,9010466706
9010466706C,4,20231001,78.24,517,9010466706
9010466706C,4,20241001,81.01,517,9010466706
9010466706C,4,20251001,83.78,517,9010466706
9010466978C,4,20181015,148.57,517,9010466978
9010466978C,4,20191015,153.21,517,9010466978
9010466978C,4,20201015,157.86,517,9010466978
9010466978C,4,20211015,162.50,517,9010466978
9010466978C,4,20221015,167.15,517,9010466978
9010466978C,4,20231015,171.79,517,9010466978
9010466978C,4,20241015,176.36,517,9010466978
9010466978C,4,20251015,180.84,517,9010466978
9010467025C,4,20181015,64.38,517,9010467025
9010467025C,4,20191015,66.97,517,9010467025
9010467025C,4,20201015,69.55,517,9010467025
9010467025C,4,20211015,72.20,517,9010467025
9010467025C,4,20221015,74.84,517,9010467025
9010467025C,4,20231015,77.54,517,9010467025
9010467025C,4,20241015,80.24,517,9010467025
9010467025C,4,20251015,82.99,517,9010467025
9010467173C,4,20181015,111.17,517,9010467173
9010467173C,4,20191015,113.62,517,9010467173
9010467185C,4,20181015,67.83,517,9010467185
9010467185C,4,20191015,70.30,517,9010467185
9010467185C,4,20201015,72.77,517,9010467185
9010467185C,4,20211015,75.29,517,9010467185
9010467185C,4,20221015,77.80,517,9010467185
9010467185C,4,20231015,80.32,517,9010467185
9010467185C,4,20241015,82.84,517,9010467185
9010467185C,4,20251015,85.35,517,9010467185
9010467771C,1,20181115,134.51,515,9010467771
9010467771C,1,20191115,137.86,515,9010467771
9010467771C,1,20201115,141.16,515,9010467771
9010467771C,1,20211115,144.33,515,9010467771
9010467771C,1,20221115,147.45,515,9010467771
9010467771C,1,20231115,150.63,515,9010467771
9010467771C,1,20241115,153.75,515,9010467771
9010467771C,1,20251115,156.93,515,9010467771
9010468945C,4,20180101,185.26,517,9010468945
9010468945C,4,20190101,189.67,517,9010468945
9010468945C,4,20200101,194.08,517,9010468945
9010468945C,4,20210101,198.49,517,9010468945
9010468945C,4,20220101,202.90,517,9010468945
9010468945C,4,20230101,207.16,517,9010468945
9010468945C,4,20240101,211.42,517,9010468945
9010468945C,4,20250101,215.53,517,9010468945
9010468945C,4,20260101,219.50,517,9010468945
9010468946C,4,20180101,200.34,517,9010468946
9010468946C,4,20190101,205.37,517,9010468946
9010468946C,4,20200101,210.31,517,9010468946
9010468946C,4,20210101,215.25,517,9010468946
9010468946C,4,20220101,220.02,517,9010468946
9010469579C,4,20180115,65.23,517,9010469579
9010469579C,4,20190115,67.31,517,9010469579
9010469579C,4,20200115,69.43,517,9010469579
9010469579C,4,20210115,71.59,517,9010469579
9010469579C,4,20220115,73.71,517,9010469579
9010469579C,4,20230115,75.87,517,9010469579
9010469579C,4,20240115,77.99,517,9010469579
9010469579C,4,20250115,80.15,517,9010469579
9010469579C,4,20260115,82.23,517,9010469579
9010472182C,4,20180401,346.75,517,9010472182
9010472182C,4,20190401,354.70,517,9010472182
9010472182C,4,20200401,362.53,517,9010472182
9010472183C,4,20180401,113.31,517,9010472183
9010472183C,4,20190401,116.00,517,9010472183
9010472183C,4,20200401,118.66,517,9010472183
9010473866C,4,20180515,214.11,517,9010473866
9010473866C,4,20190515,218.83,517,9010473866
9010473866C,4,20240423,5289.21,517,9010473866
9010473867C,4,20180515,65.31,517,9010473867
9010473867C,4,20190515,67.49,517,9010473867
9010473867C,4,20200515,69.64,517,9010473867
9010473867C,4,20210515,71.78,517,9010473867
9010473867C,4,20220515,73.99,517,9010473867
9010473867C,4,20230515,76.14,517,9010473867
9010473867C,4,20240515,78.32,517,9010473867
9010473867C,4,20250515,80.50,517,9010473867
9010473867C,4,20260515,82.67,517,9010473867
9010473868C,4,20180515,65.60,517,9010473868
9010473868C,4,20190515,67.98,517,9010473868
9010473868C,4,20200515,70.35,517,9010473868
9010473868C,4,20210515,72.72,517,9010473868
9010473868C,4,20220515,75.09,517,9010473868
9010473868C,4,20230515,77.47,517,9010473868
9010473868C,4,20240515,79.88,517,9010473868
9010473868C,4,20250515,82.21,517,9010473868
9010473868C,4,20260515,84.63,517,9010473868
9010474317C,4,20180601,124.84,517,9010474317
9010474317C,4,20190601,127.82,517,9010474317
9010474317C,4,20200601,130.84,517,9010474317
9010474317C,4,20210601,133.82,517,9010474317
9010474317C,4,20220601,136.79,517,9010474317
9010474317C,4,20230601,139.76,517,9010474317
9010474317C,4,20240601,142.74,517,9010474317
9010474317C,4,20250601,145.61,517,9010474317
9010474317C,4,20260601,148.48,517,9010474317
9010474318C,4,20180601,142.53,517,9010474318
9010474318C,4,20190601,146.98,517,9010474318
9010474318C,4,20200601,151.43,517,9010474318
9010474318C,4,20210601,155.96,517,9010474318
9010474318C,4,20220601,160.41,517,9010474318
9010474318C,4,20230601,164.78,517,9010474318
9010474318C,4,20240601,169.16,517,9010474318
9010474318C,4,20250601,173.38,517,9010474318
9010474318C,4,20260601,177.61,517,9010474318
9010474522C,4,20180601,219.41,517,9010474522
9010474522C,4,20190601,226.08,517,9010474522
9010474522C,4,20200601,232.86,517,9010474522
9010474522C,4,20210601,239.64,517,9010474522
9010474522C,4,20220601,246.31,517,9010474522
9010474522C,4,20230601,252.87,517,9010474522
9010474522C,4,20240601,259.31,517,9010474522
9010475571C,1,20180701,122.09,515,9010475571
9010475571C,1,20190701,125.00,515,9010475571
9010477512C,4,20180815,223.16,517,9010477512
9010477512C,4,20190815,228.18,517,9010477512
9010477512C,4,20200815,233.13,517,9010477512
9010477513C,4,20180815,246.05,517,9010477513
9010477513C,4,20190815,251.91,517,9010477513
9010477989C,4,20180901,181.74,517,9010477989
9010477989C,4,20190901,186.06,517,9010477989
9010478285C,4,20180901,210.12,517,9010478285
9010478285C,4,20190901,215.98,517,9010478285
9010479749C,4,20181001,108.67,517,9010479749
9010479749C,4,20191001,111.17,517,9010479749
9010479749C,4,20201001,113.62,517,9010479749
9010479749C,4,20211001,116.03,517,9010479749
9010479749C,4,20221001,118.37,517,9010479749
9010483386C,4,20180101,171.12,517,9010483386
9010483386C,4,20190101,175.36,517,9010483386
9010483386C,4,20200101,179.53,517,9010483386
9010483386C,4,20210101,183.63,517,9010483386
9010483386C,4,20220101,187.67,517,9010483386
9010483386C,4,20230101,191.57,517,9010483386
9010483386C,4,20240101,195.41,517,9010483386
9010483386C,4,20250101,199.18,517,9010483386
9010486961C,4,20180401,312.17,517,9010486961
9010486961C,4,20190401,319.21,517,9010486961
9010487125C,4,20180401,139.30,517,9010487125
9010487125C,4,20190401,144.47,517,9010487125
9010487125C,4,20200401,149.56,517,9010487125
9010487125C,4,20210401,154.64,517,9010487125
9010487125C,4,20220401,159.82,517,9010487125
9010487125C,4,20230401,164.99,517,9010487125
9010487125C,4,20240401,170.07,517,9010487125
9010487125C,4,20250401,175.25,517,9010487125
9010487125C,4,20260401,180.33,517,9010487125
9010487396C,4,20180415,184.40,517,9010487396
9010487396C,4,20190415,188.98,517,9010487396
9010487396C,4,20200415,193.48,517,9010487396
9010487396C,4,20210415,197.98,517,9010487396
9010487396C,4,20220415,202.49,517,9010487396
9010487396C,4,20230415,206.99,517,9010487396
9010487396C,4,20240415,211.49,517,9010487396
9010487396C,4,20250415,215.84,517,9010487396
9010487396C,4,20260415,220.19,517,9010487396
9010488273C,4,20180415,201.26,517,9010488273
9010488273C,4,20190415,206.93,517,9010488273
9010488273C,4,20200415,212.51,517,9010488273
9010488273C,4,20210415,217.99,517,9010488273
9010488273C,4,20220415,223.29,517,9010488273
9010488273C,4,20230415,228.40,517,9010488273
9010488273C,4,20240415,233.52,517,9010488273
9010488273C,4,20250415,238.54,517,9010488273
9010488273C,4,20260415,243.46,517,9010488273
9010488274C,4,20180415,207.08,517,9010488274
9010489508C,4,20180515,119.13,517,9010489508
9010489508C,4,20190515,122.09,517,9010489508
9010495120C,4,20180901,205.02,517,9010495120
9010495120C,4,20190901,209.64,517,9010495120
9010495122C,4,20180901,139.41,517,9010495122
9010495122C,4,20190901,144.18,517,9010495122
9010495122C,4,20200901,148.79,517,9010495122
9010495122C,4,20210901,153.48,517,9010495122
9010495122C,4,20220901,158.25,517,9010495122
9010495122C,4,20230901,162.94,517,9010495122
9010495122C,4,20240901,167.71,517,9010495122
9010495122C,4,20250901,172.40,517,9010495122
9010497768C,1,20181015,106.10,515,9010497768
9010497768C,1,20191015,108.67,515,9010497768
9010497768C,1,20201015,111.17,515,9010497768
9010497768C,1,20211015,88.72,515,9010497768
9010497768C,3,20211015,24.90,514,9010497768
9010497768C,3,20221015,116.03,514,9010497768
9010497768C,3,20231015,118.37,514,9010497768
9010501836C,4,20180115,311.29,517,9010501836
9010502820C,4,20180304,178.20,517,9010502820
9010503391C,3,20180128,104.90,514,9010503391
9010505481C,4,20180401,119.55,517,9010505481
9010505481C,4,20190401,124.86,517,9010505481
9010505481C,4,20200401,130.16,517,9010505481
9010505481C,4,20210401,135.59,517,9010505481
9010505481C,4,20220401,141.27,517,9010505481
9010505481C,4,20230401,146.82,517,9010505481
9010505481C,4,20240401,152.50,517,9010505481
9010505549C,1,20180608,91.35,515,9010505549
9010506408C,4,20180415,113.96,517,9010506408
9010506408C,4,20190415,116.85,517,9010506408
9010506408C,4,20200415,119.70,517,9010506408
9010506408C,4,20210415,122.55,517,9010506408
9010506408C,4,20220415,125.40,517,9010506408
9010506408C,4,20230415,128.25,517,9010506408
9010506408C,4,20240415,131.10,517,9010506408
9010506408C,4,20250415,133.86,517,9010506408
9010506408C,4,20260415,136.61,517,9010506408
9010506497C,4,20180415,206.81,517,9010506497
9010506497C,4,20190415,213.70,517,9010506497
9010506497C,4,20200415,220.59,517,9010506497
9010506497C,4,20210415,227.48,517,9010506497
9010506497C,4,20220415,234.37,517,9010506497
9010506497C,4,20230415,241.38,517,9010506497
9010506497C,4,20240415,248.27,517,9010506497
9010506497C,4,20250415,255.04,517,9010506497
9010506497C,4,20260415,261.81,517,9010506497
9010507004C,3,20180410,65.85,514,9010507004
9010507005C,3,20180410,25.82,514,9010507005
9010510671C,3,20180621,26.80,514,9010510671
9010510671C,3,20190621,27.63,514,9010510671
9010510671C,3,20200621,28.50,514,9010510671
9010510671C,3,20210621,29.30,514,9010510671
9010510671C,3,20220621,30.20,514,9010510671
9010510979C,4,20180715,208.68,517,9010510979
9010510979C,4,20190715,216.14,517,9010510979
9010510979C,4,20200715,223.46,517,9010510979
9010510979C,4,20210715,230.92,517,9010510979
9010510979C,4,20220715,238.25,517,9010510979
9010510979C,4,20230715,245.57,517,9010510979
9010510979C,4,20240715,253.16,517,9010510979
9010510979C,4,20250715,260.49,517,9010510979
9010511203C,3,20180720,10.72,514,9010511203
9010511203C,3,20190720,11.07,514,9010511203
9010511203C,3,20200720,11.38,514,9010511203
9010511203C,3,20210720,11.73,514,9010511203
9010511203C,3,20220720,11.99,514,9010511203
9010511203C,3,20230720,12.23,514,9010511203
9010511203C,3,20240720,12.54,514,9010511203
9010511203C,3,20250720,12.88,514,9010511203
9010511355C,4,20180715,105.79,517,9010511355
9010511795C,4,20180801,59.18,517,9010511795
9010511795C,4,20190801,61.65,517,9010511795
9010511795C,4,20200801,64.17,517,9010511795
9010511795C,4,20210801,66.73,517,9010511795
9010511795C,4,20220801,69.30,517,9010511795
9010511795C,4,20230801,71.82,517,9010511795
9010511795C,4,20240801,74.44,517,9010511795
9010511795C,4,20250801,77.06,517,9010511795
9010512061C,4,20250819,1872.87,517,9010512061
9010513607C,4,20180915,204.43,517,9010513607
9010513607C,4,20190915,209.30,517,9010513607
9010513607C,4,20200915,214.11,517,9010513607
9010513607C,4,20210915,218.83,517,9010513607
9010513627C,4,20180815,22.72,517,9010513627
9010513848C,3,20180821,232.05,514,9010513848
9010513848C,3,20190821,239.70,514,9010513848
9010513848C,3,20200821,247.20,514,9010513848
9010513848C,3,20210821,254.55,514,9010513848
9010513848C,3,20220821,261.60,514,9010513848
9010513848C,3,20230821,268.50,514,9010513848
9010513848C,3,20240821,275.10,514,9010513848
9010513848C,3,20250821,281.70,514,9010513848
9010513849C,3,20180821,130.80,514,9010513849
9010514051C,3,20180824,88.35,514,9010514051
9010514052C,4,20180824,40.62,517,9010514052
9010516211C,2,20181127,95.50,516,9010516211
9010516211C,2,20191127,104.50,516,9010516211
9010517231C,4,20181015,109.74,517,9010517231
9010517231C,4,20191015,112.48,517,9010517231
9010517231C,4,20201015,115.27,517,9010517231
9010517231C,4,20211015,118.02,517,9010517231
9010517231C,4,20221015,120.76,517,9010517231
9010517231C,4,20231015,123.41,517,9010517231
9010517231C,4,20241015,126.07,517,9010517231
9010518048C,4,20181101,238.77,517,9010518048
9010518048C,4,20191101,244.84,517,9010518048
9010518048C,4,20201101,250.82,517,9010518048
9010518048C,4,20211101,256.79,517,9010518048
9010518048C,4,20221101,262.76,517,9010518048
9010518048C,4,20231101,268.73,517,9010518048
9010518048C,4,20241101,274.70,517,9010518048
9010518048C,4,20251101,280.47,517,9010518048
9010518049C,4,20181101,128.07,517,9010518049
9010518049C,4,20191101,131.92,517,9010518049
9010518049C,4,20201101,135.77,517,9010518049
9010518049C,4,20211101,139.56,517,9010518049
9010518049C,4,20221101,143.22,517,9010518049
9010518049C,4,20231101,146.83,517,9010518049
9010518049C,4,20241101,150.30,517,9010518049
9010518049C,4,20251101,153.72,517,9010518049
9010518050C,4,20181101,157.11,517,9010518050
9010518050C,4,20191101,161.00,517,9010518050
9010518050C,4,20201101,164.83,517,9010518050
9010518051C,4,20181101,176.36,517,9010518051
9010518051C,4,20191101,180.85,517,9010518051
9010518051C,4,20201101,185.26,517,9010518051
9010518051C,4,20211101,189.67,517,9010518051
9010518051C,4,20221101,194.08,517,9010518051
9010518051C,4,20231101,198.49,517,9010518051
9010518051C,4,20241101,202.90,517,9010518051
9010518051C,4,20251101,207.17,517,9010518051
9010520217C,4,20181115,153.20,517,9010520217
9010520451C,3,20181120,39.10,514,9010520451
9010521160C,3,20180106,39.36,514,9010521160
9010521160C,3,20190106,40.44,514,9010521160
9010521213C,4,20180101,203.40,517,9010521213
9010521213C,4,20190101,208.56,517,9010521213
9010521213C,4,20200101,213.71,517,9010521213
9010521213C,4,20210101,218.71,517,9010521213
9010521213C,4,20220101,223.55,517,9010521213
9010521213C,4,20230101,228.31,517,9010521213
9010521756C,4,20181218,75.90,517,9010521756
9010523058C,4,20180201,105.17,517,9010523058
9010523058C,4,20190201,107.86,517,9010523058
9010523058C,4,20200201,110.56,517,9010523058
9010523058C,4,20210201,113.30,517,9010523058
9010523058C,4,20220201,115.99,517,9010523058
9010523058C,4,20230201,118.65,517,9010523058
9010523058C,4,20240201,121.26,517,9010523058
9010523058C,4,20250201,123.78,517,9010523058
9010523097C,3,20180205,150.99,514,9010523097
9010523097C,3,20190205,155.93,514,9010523097
9010524282C,4,20180125,45.65,517,9010524282
9010524282C,4,20190125,46.99,517,9010524282
9010526524C,4,20180415,130.17,517,9010526524
9010526524C,4,20190415,134.95,517,9010526524
9010526524C,4,20200415,139.82,517,9010526524
9010526524C,4,20210415,144.78,517,9010526524
9010526524C,4,20220415,149.56,517,9010526524
9010526524C,4,20230415,154.51,517,9010526524
9010526524C,4,20240415,159.30,517,9010526524
9010526526C,4,20180415,297.68,517,9010526526
9010527102C,4,20180415,56.18,517,9010527102
9010527102C,4,20190415,58.67,517,9010527102
9010527102C,4,20200415,61.10,517,9010527102
9010527102C,4,20210415,63.70,517,9010527102
9010527102C,4,20220415,66.24,517,9010527102
9010527102C,4,20230415,68.89,517,9010527102
9010527102C,4,20240415,71.48,517,9010527102
9010527102C,4,20250415,74.13,517,9010527102
9010527102C,4,20260415,76.83,517,9010527102
9010527103C,4,20180415,53.69,517,9010527103
9010527103C,4,20190415,56.10,517,9010527103
9010527103C,4,20200415,58.62,517,9010527103
9010527103C,4,20210415,61.15,517,9010527103
9010527103C,4,20220415,63.73,517,9010527103
9010527103C,4,20230415,66.37,517,9010527103
9010527103C,4,20240415,68.95,517,9010527103
9010527103C,4,20250415,71.70,517,9010527103
9010527103C,4,20260415,74.40,517,9010527103
9010527336C,3,20180404,14.62,514,9010527336
9010527336C,3,20190404,15.18,514,9010527336
9010529613C,4,20180601,260.14,517,9010529613
9010529613C,4,20190601,268.34,517,9010529613
9010529613C,4,20200601,276.41,517,9010529613
9010529613C,4,20210601,284.48,517,9010529613
9010529613C,4,20220601,292.42,517,9010529613
9010529613C,4,20230601,300.09,517,9010529613
9010529613C,4,20240601,307.64,517,9010529613
9010529613C,4,20250601,314.93,517,9010529613
9010529613C,4,20260601,322.09,517,9010529613
9010529993C,4,20180601,122.47,517,9010529993
9010529993C,4,20190601,126.26,517,9010529993
9010529993C,4,20200601,130.04,517,9010529993
9010529993C,4,20210601,133.71,517,9010529993
9010529993C,4,20220601,137.31,517,9010529993
9010529993C,4,20230601,140.85,517,9010529993
9010529993C,4,20240601,144.28,517,9010529993
9010529993C,4,20250601,147.58,517,9010529993
9010529993C,4,20260601,150.89,517,9010529993
9010530033C,1,20180516,128.50,515,9010530033
9010530033C,1,20190516,131.70,515,9010530033
9010539198C,4,20181101,129.21,517,9010539198
9010539198C,4,20191101,133.70,517,9010539198
9010539198C,4,20201101,138.11,517,9010539198
9010539198C,4,20211101,142.68,517,9010539198
9010540774C,4,20181115,55.59,517,9010540774
9010540774C,4,20191115,58.04,517,9010540774
9010540774C,4,20201115,60.61,517,9010540774
9010540774C,4,20211115,63.18,517,9010540774
9010540774C,4,20221115,65.75,517,9010540774
9010540774C,4,20231115,68.42,517,9010540774
9010540774C,4,20241115,71.10,517,9010540774
9010540774C,4,20251115,73.84,517,9010540774
9010540781C,1,20181115,56.18,515,9010540781
9010540781C,1,20191115,58.67,515,9010540781
9010540781C,1,20201115,61.10,515,9010540781
9010540781C,1,20211115,63.70,515,9010540781
9010540781C,1,20221115,66.24,515,9010540781
9010540781C,1,20231115,68.89,515,9010540781
9010540781C,1,20241115,71.48,515,9010540781
9010540781C,1,20251115,74.13,515,9010540781
9010542288C,3,20181112,224.25,514,9010542288
9010542288C,3,20191112,232.05,514,9010542288
9010542288C,3,20201112,239.70,514,9010542288
9010542288C,3,20211112,247.20,514,9010542288
9010542288C,3,20221112,254.55,514,9010542288
9010542288C,3,20231112,261.60,514,9010542288
9010542288C,3,20241112,268.50,514,9010542288
9010542288C,3,20251112,275.10,514,9010542288
9010543558C,4,20180101,378.50,517,9010543558
9010543558C,4,20190101,390.76,517,9010543558
9010543558C,4,20200101,402.84,517,9010543558
9010543558C,4,20210101,414.91,517,9010543558
9010543558C,4,20220101,426.60,517,9010543558
9010543558C,4,20230101,438.10,517,9010543558
9010543558C,4,20240101,449.41,517,9010543558
9010543558C,4,20250101,460.33,517,9010543558
9010543558C,4,20260101,470.87,517,9010543558
9010543559C,4,20180101,390.93,517,9010543559
9010543559C,4,20190101,404.02,517,9010543559
9010543559C,4,20200101,417.11,517,9010543559
9010543559C,4,20210101,430.20,517,9010543559
9010543559C,4,20220101,443.07,517,9010543559
9010543559C,4,20230101,455.95,517,9010543559
9010543559C,4,20240101,468.82,517,9010543559
9010543559C,4,20250101,481.28,517,9010543559
9010543559C,4,20260101,493.52,517,9010543559
9010544183C,3,20181214,44.35,514,9010544183
9010544183C,3,20191214,45.95,514,9010544183
9010545196C,4,20180107,8.66,517,9010545196
9010545196C,4,20190107,8.71,517,9010545196
9010545196C,4,20200107,8.48,517,9010545196
9010545196C,4,20210107,8.09,517,9010545196
9010545196C,4,20220107,7.51,517,9010545196
9010545196C,4,20230107,7.13,517,9010545196
9010545623C,4,20180215,92.73,517,9010545623
9010545623C,4,20190215,95.17,517,9010545623
9010545623C,4,20200215,97.57,517,9010545623
9010545623C,4,20210215,99.89,517,9010545623
9010545623C,4,20220215,102.18,517,9010545623
9010545623C,4,20230215,104.44,517,9010545623
9010546961C,4,20180301,56.16,517,9010546961
9010546961C,4,20190301,58.46,517,9010546961
9010546961C,4,20200301,60.72,517,9010546961
9010546961C,4,20210301,63.01,517,9010546961
9010546964C,4,20180301,262.68,517,9010546964
9010546964C,4,20190301,272.60,517,9010546964
9010546964C,4,20200301,282.52,517,9010546964
9010546964C,4,20210301,292.62,517,9010546964
9010546964C,4,20220301,302.54,517,9010546964
9010546964C,4,20230301,312.63,517,9010546964
9010546964C,4,20240301,322.55,517,9010546964
9010546964C,4,20250301,332.47,517,9010546964
9010546964C,4,20260301,342.75,517,9010546964
9010547021C,4,20180301,261.50,517,9010547021
9010547021C,4,20190301,270.82,517,9010547021
9010547021C,4,20200301,279.99,517,9010547021
9010547021C,4,20210301,289.32,517,9010547021
9010547021C,4,20220301,298.65,517,9010547021
9010547021C,4,20230301,307.98,517,9010547021
9010547021C,4,20240301,317.31,517,9010547021
9010547021C,4,20250301,326.79,517,9010547021
9010547021C,4,20260301,336.12,517,9010547021
9010547488C,4,20180212,84.70,517,9010547488
9010547488C,4,20190212,86.95,517,9010547488
9010547488C,4,20200212,88.35,517,9010547488
9010547892C,4,20180315,123.79,517,9010547892
9010547892C,4,20190315,128.03,517,9010547892
9010547892C,4,20200315,132.35,517,9010547892
9010547892C,4,20210315,136.60,517,9010547892
9010547892C,4,20220315,140.91,517,9010547892
9010547892C,4,20230315,145.16,517,9010547892
9010547892C,4,20240315,149.41,517,9010547892
9010547892C,4,20250315,153.65,517,9010547892
9010547892C,4,20241001,153.65,517,9010547892
9010547892C,4,20260315,157.83,517,9010547892
9010548366C,4,20180225,84.49,517,9010548366
9010548366C,4,20190225,87.33,517,9010548366
9010550088C,4,20180415,56.65,517,9010550088
9010550088C,4,20190415,58.83,517,9010550088
9010550088C,4,20200415,61.06,517,9010550088
9010550088C,4,20210415,63.33,517,9010550088
9010550088C,4,20220415,65.55,517,9010550088
9010550088C,4,20230415,67.82,517,9010550088
9010550088C,4,20240415,70.05,517,9010550088
9010550088C,4,20250415,72.32,517,9010550088
9010550088C,4,20260415,74.54,517,9010550088
9010550564C,4,20180415,290.09,517,9010550564
9010550564C,4,20190415,297.68,517,9010550564
9010552856C,4,20180505,57.55,517,9010552856
9010552856C,4,20190505,59.25,517,9010552856
9010552856C,4,20200505,60.95,517,9010552856
9010555054C,4,20180613,70.40,517,9010555054
9010555054C,4,20190613,73.10,517,9010555054
9010555054C,4,20200613,75.90,517,9010555054
9010555714C,3,20180626,57.55,514,9010555714
9010555714C,3,20190626,59.25,514,9010555714
9010555714C,3,20200626,60.95,514,9010555714
9010556634C,1,20180815,96.37,515,9010556634
9010556634C,1,20190815,98.96,515,9010556634
9010556634C,1,20200815,101.51,515,9010556634
9010556634C,1,20210815,104.03,515,9010556634
9010556634C,1,20220815,106.50,515,9010556634
9010556634C,1,20230815,108.90,515,9010556634
9010556634C,1,20240815,111.26,515,9010556634
9010556634C,1,20250815,113.58,515,9010556634
9010557142C,4,20180815,96.37,517,9010557142
9010557142C,4,20190815,98.96,517,9010557142
9010557142C,4,20200815,101.51,517,9010557142
9010557142C,4,20210815,104.03,517,9010557142
9010557142C,4,20220815,106.50,517,9010557142
9010557142C,4,20230815,108.90,517,9010557142
9010557142C,4,20240815,111.26,517,9010557142
9010560185C,4,20181001,55.61,517,9010560185
9010560185C,4,20191001,58.01,517,9010560185
9010560185C,4,20201001,60.45,517,9010560185
9010560185C,4,20211001,62.84,517,9010560185
9010560185C,4,20221001,65.28,517,9010560185
9010560185C,4,20231001,67.77,517,9010560185
9010560185C,4,20241001,70.26,517,9010560185
9010560185C,4,20251001,72.79,517,9010560185
9010565013C,4,20181215,121.71,517,9010565013
9010565013C,4,20191215,125.76,517,9010565013
9010565013C,4,20201215,129.75,517,9010565013
9010565013C,4,20211215,133.80,517,9010565013
9010565013C,4,20221215,137.72,517,9010565013
9010565013C,4,20231215,141.71,517,9010565013
9010565013C,4,20241215,145.50,517,9010565013
9010565013C,4,20251215,149.29,517,9010565013
9010567983C,4,20180110,14.00,517,9010567983
9010567983C,4,20190110,14.52,517,9010567983
9010567983C,4,20200110,15.08,517,9010567983
9010567983C,4,20210110,15.64,517,9010567983
9010578323C,4,20180527,37.10,517,9010578323
9010578323C,4,20190527,38.50,517,9010578323
9010578323C,4,20200527,39.90,517,9010578323
9010578323C,4,20210527,41.20,517,9010578323
9010580685C,4,20180701,52.32,517,9010580685
9010580685C,4,20190701,54.71,517,9010580685
9010580685C,4,20200701,57.11,517,9010580685
9010580685C,4,20210701,59.56,517,9010580685
9010580685C,4,20220701,62.05,517,9010580685
9010580685C,4,20230701,64.50,517,9010580685
9010580685C,4,20240701,67.05,517,9010580685
9010580685C,4,20250701,69.60,517,9010580685
9010581795C,4,20180701,312.15,517,9010581795
9010581795C,4,20190701,320.56,517,9010581795
9010581795C,4,20200701,329.12,517,9010581795
9010581795C,4,20210701,337.53,517,9010581795
9010581795C,4,20220701,346.09,517,9010581795
9010586005C,1,20180723,69.00,515,9010586005
9010586005C,1,20190723,71.60,515,9010586005
9010586005C,1,20200723,26.21,515,9010586005
9010586005C,4,20210723,76.60,517,9010586005
9010590419C,4,20180915,110.21,517,9010590419
9010590419C,4,20190915,113.77,517,9010590419
9010590419C,4,20200915,117.23,517,9010590419
9010590419C,4,20210915,120.58,517,9010590419
9010590419C,4,20220915,123.88,517,9010590419
9010590419C,4,20230915,127.12,517,9010590419
9010590419C,4,20240915,130.25,517,9010590419
9010590419C,4,20250915,133.33,517,9010590419
9010598049C,4,20181115,179.94,517,9010598049
9010598049C,4,20191115,186.00,517,9010598049
9010598049C,4,20201115,192.15,517,9010598049
9010598049C,4,20211115,198.20,517,9010598049
9010598049C,4,20221115,204.16,517,9010598049
9010598049C,4,20231115,210.12,517,9010598049
9010598049C,4,20241115,215.99,517,9010598049
9010598049C,4,20251115,221.66,517,9010598049
9010598050C,4,20181115,183.38,517,9010598050
9010598050C,4,20191115,189.63,517,9010598050
9010598050C,4,20201115,195.98,517,9010598050
9010598050C,4,20211115,202.33,517,9010598050
9010598050C,4,20221115,208.67,517,9010598050
9010598050C,4,20231115,214.92,517,9010598050
9010598050C,4,20241115,221.17,517,9010598050
9010598050C,4,20251115,227.41,517,9010598050
9010615191C,4,20180315,100.15,517,9010615191
9010615191C,4,20190315,103.18,517,9010615191
9010615191C,4,20200315,106.16,517,9010615191
9010615191C,4,20210315,109.00,517,9010615191
9010615191C,4,20220315,111.84,517,9010615191
9010615191C,4,20230315,114.64,517,9010615191
9010615191C,4,20240315,117.43,517,9010615191
9010615191C,4,20250315,120.23,517,9010615191
9010615191C,4,20260315,123.02,517,9010615191
9010615192C,4,20180315,108.16,517,9010615192
9010615192C,4,20190315,111.80,517,9010615192
9010615192C,4,20200315,115.44,517,9010615192
9010615192C,4,20210315,119.08,517,9010615192
9010615192C,4,20220315,122.61,517,9010615192
9010615192C,4,20230315,126.08,517,9010615192
9010615192C,4,20240315,129.44,517,9010615192
9010615192C,4,20250315,132.69,517,9010615192
9010615192C,4,20260315,135.89,517,9010615192
9010653595C,3,20181018,28.26,514,9010653595
9010653595C,3,20191018,29.37,514,9010653595
9010653595C,3,20201018,30.36,514,9010653595
9010653595C,3,20211018,31.29,514,9010653595
9010653596C,3,20181006,26.25,514,9010653596
9010653596C,3,20191006,27.03,514,9010653596
9010653596C,3,20201006,27.87,514,9010653596
9010653596C,3,20211006,28.89,514,9010653596
9010653596C,3,20221006,30.00,514,9010653596
9010728947C,3,20180904,42.24,514,9010728947
9010728947C,3,20190904,43.77,514,9010728947
9010728947C,3,20200904,45.39,514,9010728947
9010728947C,3,20210904,46.74,514,9010728947
9010728947C,3,20220904,48.00,514,9010728947
9010728947C,3,20230904,49.44,514,9010728947
9010728947C,3,20240904,50.97,514,9010728947
